Iter,θ_p,θ_r,Start,Overhead %,CO₂ Save %,Score,Pauses,Budget,Stop
0,10,0,01-01,+10.0%,+99.35%,0.9967,1,✗ No,budget_exceeded
0,10,10,01-01,+10.0%,+99.35%,0.9967,1,✗ No,budget_exceeded
0,98,0,01-01,+10.0%,+99.35%,0.9967,1,✗ No,budget_exceeded
0,98,98,01-01,+10.0%,+99.35%,0.9967,1,✗ No,budget_exceeded
0,186,0,01-01,+10.0%,+99.35%,0.9967,1,✗ No,budget_exceeded
0,186,186,01-01,+10.0%,+98.21%,0.9911,4,✗ No,budget_exceeded
0,273,0,01-01,+10.0%,+98.33%,0.9917,1,✗ No,budget_exceeded
0,273,137,01-01,+10.0%,+98.33%,0.9917,1,✗ No,budget_exceeded
0,273,273,01-01,+10.0%,+96.12%,0.9806,3,✗ No,budget_exceeded
0,361,0,01-01,+10.0%,+98.23%,0.9912,1,✗ No,budget_exceeded
0,361,90,01-01,+10.0%,+98.23%,0.9912,1,✗ No,budget_exceeded
0,361,181,01-01,+10.0%,+95.82%,0.9791,2,✗ No,budget_exceeded
0,361,271,01-01,+10.0%,+95.32%,0.9766,2,✗ No,budget_exceeded
0,361,361,01-01,+10.0%,+93.25%,0.9663,6,✗ No,budget_exceeded
0,449,0,01-01,+10.0%,+95.38%,0.9769,1,✗ No,budget_exceeded
0,449,90,01-01,+10.0%,+95.38%,0.9769,1,✗ No,budget_exceeded
0,449,180,01-01,+10.0%,+92.11%,0.9606,2,✗ No,budget_exceeded
0,449,269,01-01,+10.0%,+91.60%,0.9580,2,✗ No,budget_exceeded
0,449,359,01-01,+10.0%,+86.79%,0.9339,4,✗ No,budget_exceeded
0,449,449,01-01,+10.0%,+83.33%,0.9166,9,✗ No,budget_exceeded
0,537,0,01-01,+10.0%,+95.04%,0.9752,1,✗ No,budget_exceeded
0,537,89,01-01,+10.0%,+95.04%,0.9752,1,✗ No,budget_exceeded
0,537,179,01-01,+10.0%,+84.66%,0.9233,2,✗ No,budget_exceeded
0,537,268,01-01,+10.0%,+84.15%,0.9208,2,✗ No,budget_exceeded
0,537,358,01-01,+10.0%,+83.90%,0.9195,2,✗ No,budget_exceeded
0,537,447,01-01,+10.0%,+75.28%,0.8764,5,✗ No,budget_exceeded
0,537,537,01-01,+10.0%,+51.09%,0.7555,19,✗ No,budget_exceeded
0,624,0,01-01,+10.0%,+42.80%,0.7140,1,✗ No,budget_exceeded
0,624,89,01-01,+10.0%,+42.80%,0.7140,1,✗ No,budget_exceeded
0,624,178,01-01,+10.0%,+42.80%,0.7140,1,✗ No,budget_exceeded
0,624,268,01-01,+10.0%,+42.80%,0.7140,1,✗ No,budget_exceeded
0,624,357,01-01,+9.8%,-0.43%,0.4978,1,✓ Yes,completed
0,624,446,01-01,+1.7%,+0.84%,0.5042,2,✓ Yes,completed
0,624,535,01-01,+1.3%,+0.84%,0.5042,2,✓ Yes,completed
0,624,624,01-01,+0.6%,+0.43%,0.5021,5,✓ Yes,completed
0,712,0,01-01,+0.0%,+0.00%,0.5000,0,✓ Yes,completed
0,712,89,01-01,+0.0%,+0.00%,0.5000,0,✓ Yes,completed
0,712,178,01-01,+0.0%,+0.00%,0.5000,0,✓ Yes,completed
0,712,267,01-01,+0.0%,+0.00%,0.5000,0,✓ Yes,completed
0,712,356,01-01,+0.0%,+0.00%,0.5000,0,✓ Yes,completed
0,712,445,01-01,+0.0%,+0.00%,0.5000,0,✓ Yes,completed
0,712,534,01-01,+0.0%,+0.00%,0.5000,0,✓ Yes,completed
0,712,623,01-01,+0.0%,+0.00%,0.5000,0,✓ Yes,completed
0,712,712,01-01,+0.0%,+0.00%,0.5000,0,✓ Yes,completed
0,800,0,01-01,+0.0%,+0.00%,0.5000,0,✓ Yes,completed
0,800,89,01-01,+0.0%,+0.00%,0.5000,0,✓ Yes,completed
0,800,178,01-01,+0.0%,+0.00%,0.5000,0,✓ Yes,completed
0,800,267,01-01,+0.0%,+0.00%,0.5000,0,✓ Yes,completed
0,800,356,01-01,+0.0%,+0.00%,0.5000,0,✓ Yes,completed
0,800,444,01-01,+0.0%,+0.00%,0.5000,0,✓ Yes,completed
0,800,533,01-01,+0.0%,+0.00%,0.5000,0,✓ Yes,completed
0,800,622,01-01,+0.0%,+0.00%,0.5000,0,✓ Yes,completed
0,800,711,01-01,+0.0%,+0.00%,0.5000,0,✓ Yes,completed
0,800,800,01-01,+0.0%,+0.00%,0.5000,0,✓ Yes,completed
0,10,0,03-03,+10.0%,+99.11%,0.9956,1,✗ No,budget_exceeded
0,10,10,03-03,+10.0%,+99.11%,0.9956,1,✗ No,budget_exceeded
0,98,0,03-03,+10.0%,+99.11%,0.9956,1,✗ No,budget_exceeded
0,98,98,03-03,+10.0%,+99.11%,0.9956,1,✗ No,budget_exceeded
0,186,0,03-03,+10.0%,+99.11%,0.9956,1,✗ No,budget_exceeded
0,186,186,03-03,+10.0%,+99.11%,0.9956,1,✗ No,budget_exceeded
0,273,0,03-03,+10.0%,+99.11%,0.9956,1,✗ No,budget_exceeded
0,273,137,03-03,+10.0%,+99.11%,0.9956,1,✗ No,budget_exceeded
0,273,273,03-03,+10.0%,+97.23%,0.9862,8,✗ No,budget_exceeded
0,361,0,03-03,+10.0%,+99.11%,0.9956,1,✗ No,budget_exceeded
0,361,90,03-03,+10.0%,+99.11%,0.9956,1,✗ No,budget_exceeded
0,361,181,03-03,+10.0%,+99.11%,0.9956,1,✗ No,budget_exceeded
0,361,271,03-03,+10.0%,+96.88%,0.9844,8,✗ No,budget_exceeded
0,361,361,03-03,+10.0%,+95.60%,0.9780,11,✗ No,budget_exceeded
0,449,0,03-03,+10.0%,+99.11%,0.9956,1,✗ No,budget_exceeded
0,449,90,03-03,+10.0%,+99.11%,0.9956,1,✗ No,budget_exceeded
0,449,180,03-03,+10.0%,+99.11%,0.9956,1,✗ No,budget_exceeded
0,449,269,03-03,+10.0%,+92.67%,0.9633,5,✗ No,budget_exceeded
0,449,359,03-03,+10.0%,+91.88%,0.9594,6,✗ No,budget_exceeded
0,449,449,03-03,+10.0%,+90.56%,0.9528,11,✗ No,budget_exceeded
0,537,0,03-03,+10.0%,+90.13%,0.9507,1,✗ No,budget_exceeded
0,537,89,03-03,+10.0%,+90.13%,0.9507,1,✗ No,budget_exceeded
0,537,179,03-03,+10.0%,+90.13%,0.9507,1,✗ No,budget_exceeded
0,537,268,03-03,+10.0%,+87.54%,0.9377,2,✗ No,budget_exceeded
0,537,358,03-03,+10.0%,+86.41%,0.9321,3,✗ No,budget_exceeded
0,537,447,03-03,+10.0%,+71.30%,0.8565,9,✗ No,budget_exceeded
0,537,537,03-03,+10.0%,+56.76%,0.7838,17,✗ No,budget_exceeded
0,624,0,03-03,+10.0%,+78.98%,0.8949,1,✗ No,budget_exceeded
0,624,89,03-03,+10.0%,+78.98%,0.8949,1,✗ No,budget_exceeded
0,624,178,03-03,+10.0%,+78.98%,0.8949,1,✗ No,budget_exceeded
0,624,268,03-03,+10.0%,+63.86%,0.8193,2,✗ No,budget_exceeded
0,624,357,03-03,+7.1%,+3.15%,0.5157,2,✓ Yes,completed
0,624,446,03-03,+2.7%,+2.25%,0.5113,3,✓ Yes,completed
0,624,535,03-03,+1.7%,+1.59%,0.5079,3,✓ Yes,completed
0,624,624,03-03,+0.8%,+0.77%,0.5039,5,✓ Yes,completed
0,712,0,03-03,+0.0%,+0.00%,0.5000,0,✓ Yes,completed
0,712,89,03-03,+0.0%,+0.00%,0.5000,0,✓ Yes,completed
0,712,178,03-03,+0.0%,+0.00%,0.5000,0,✓ Yes,completed
0,712,267,03-03,+0.0%,+0.00%,0.5000,0,✓ Yes,completed
0,712,356,03-03,+0.0%,+0.00%,0.5000,0,✓ Yes,completed
0,712,445,03-03,+0.0%,+0.00%,0.5000,0,✓ Yes,completed
0,712,534,03-03,+0.0%,+0.00%,0.5000,0,✓ Yes,completed
0,712,623,03-03,+0.0%,+0.00%,0.5000,0,✓ Yes,completed
0,712,712,03-03,+0.0%,+0.00%,0.5000,0,✓ Yes,completed
0,800,0,03-03,+0.0%,+0.00%,0.5000,0,✓ Yes,completed
0,800,89,03-03,+0.0%,+0.00%,0.5000,0,✓ Yes,completed
0,800,178,03-03,+0.0%,+0.00%,0.5000,0,✓ Yes,completed
0,800,267,03-03,+0.0%,+0.00%,0.5000,0,✓ Yes,completed
0,800,356,03-03,+0.0%,+0.00%,0.5000,0,✓ Yes,completed
0,800,444,03-03,+0.0%,+0.00%,0.5000,0,✓ Yes,completed
0,800,533,03-03,+0.0%,+0.00%,0.5000,0,✓ Yes,completed
0,800,622,03-03,+0.0%,+0.00%,0.5000,0,✓ Yes,completed
0,800,711,03-03,+0.0%,+0.00%,0.5000,0,✓ Yes,completed
0,800,800,03-03,+0.0%,+0.00%,0.5000,0,✓ Yes,completed
0,10,0,05-03,+10.0%,+99.06%,0.9953,1,✗ No,budget_exceeded
0,10,10,05-03,+10.0%,+99.06%,0.9953,1,✗ No,budget_exceeded
0,98,0,05-03,+10.0%,+99.06%,0.9953,1,✗ No,budget_exceeded
0,98,98,05-03,+10.0%,+99.06%,0.9953,1,✗ No,budget_exceeded
0,186,0,05-03,+10.0%,+99.06%,0.9953,1,✗ No,budget_exceeded
0,186,186,05-03,+10.0%,+95.92%,0.9796,9,✗ No,budget_exceeded
0,273,0,05-03,+10.0%,+99.06%,0.9953,1,✗ No,budget_exceeded
0,273,137,05-03,+10.0%,+98.59%,0.9930,2,✗ No,budget_exceeded
0,273,273,05-03,+10.0%,+91.15%,0.9558,11,✗ No,budget_exceeded
0,361,0,05-03,+10.0%,+92.40%,0.9620,1,✗ No,budget_exceeded
0,361,90,05-03,+10.0%,+92.40%,0.9620,1,✗ No,budget_exceeded
0,361,181,05-03,+10.0%,+76.96%,0.8848,8,✗ No,budget_exceeded
0,361,271,05-03,+10.0%,+42.63%,0.7132,11,✗ No,budget_exceeded
0,361,361,05-03,+10.0%,+33.38%,0.6669,15,✗ No,budget_exceeded
0,449,0,05-03,+10.0%,+65.50%,0.8275,1,✗ No,budget_exceeded
0,449,90,05-03,+10.0%,+65.50%,0.8275,1,✗ No,budget_exceeded
0,449,180,05-03,+5.9%,+3.58%,0.5179,6,✓ Yes,completed
0,449,269,05-03,+5.3%,+3.58%,0.5179,6,✓ Yes,completed
0,449,359,05-03,+4.7%,+3.52%,0.5176,6,✓ Yes,completed
0,449,449,05-03,+3.3%,+2.33%,0.5117,7,✓ Yes,completed
0,537,0,05-03,+0.0%,+0.00%,0.5000,0,✓ Yes,completed
0,537,89,05-03,+0.0%,+0.00%,0.5000,0,✓ Yes,completed
0,537,179,05-03,+0.0%,+0.00%,0.5000,0,✓ Yes,completed
0,537,268,05-03,+0.0%,+0.00%,0.5000,0,✓ Yes,completed
0,537,358,05-03,+0.0%,+0.00%,0.5000,0,✓ Yes,completed
0,537,447,05-03,+0.0%,+0.00%,0.5000,0,✓ Yes,completed
0,537,537,05-03,+0.0%,+0.00%,0.5000,0,✓ Yes,completed
0,624,0,05-03,+0.0%,+0.00%,0.5000,0,✓ Yes,completed
0,624,89,05-03,+0.0%,+0.00%,0.5000,0,✓ Yes,completed
0,624,178,05-03,+0.0%,+0.00%,0.5000,0,✓ Yes,completed
0,624,268,05-03,+0.0%,+0.00%,0.5000,0,✓ Yes,completed
0,624,357,05-03,+0.0%,+0.00%,0.5000,0,✓ Yes,completed
0,624,446,05-03,+0.0%,+0.00%,0.5000,0,✓ Yes,completed
0,624,535,05-03,+0.0%,+0.00%,0.5000,0,✓ Yes,completed
0,624,624,05-03,+0.0%,+0.00%,0.5000,0,✓ Yes,completed
0,712,0,05-03,+0.0%,+0.00%,0.5000,0,✓ Yes,completed
0,712,89,05-03,+0.0%,+0.00%,0.5000,0,✓ Yes,completed
0,712,178,05-03,+0.0%,+0.00%,0.5000,0,✓ Yes,completed
0,712,267,05-03,+0.0%,+0.00%,0.5000,0,✓ Yes,completed
0,712,356,05-03,+0.0%,+0.00%,0.5000,0,✓ Yes,completed
0,712,445,05-03,+0.0%,+0.00%,0.5000,0,✓ Yes,completed
0,712,534,05-03,+0.0%,+0.00%,0.5000,0,✓ Yes,completed
0,712,623,05-03,+0.0%,+0.00%,0.5000,0,✓ Yes,completed
0,712,712,05-03,+0.0%,+0.00%,0.5000,0,✓ Yes,completed
0,800,0,05-03,+0.0%,+0.00%,0.5000,0,✓ Yes,completed
0,800,89,05-03,+0.0%,+0.00%,0.5000,0,✓ Yes,completed
0,800,178,05-03,+0.0%,+0.00%,0.5000,0,✓ Yes,completed
0,800,267,05-03,+0.0%,+0.00%,0.5000,0,✓ Yes,completed
0,800,356,05-03,+0.0%,+0.00%,0.5000,0,✓ Yes,completed
0,800,444,05-03,+0.0%,+0.00%,0.5000,0,✓ Yes,completed
0,800,533,05-03,+0.0%,+0.00%,0.5000,0,✓ Yes,completed
0,800,622,05-03,+0.0%,+0.00%,0.5000,0,✓ Yes,completed
0,800,711,05-03,+0.0%,+0.00%,0.5000,0,✓ Yes,completed
0,800,800,05-03,+0.0%,+0.00%,0.5000,0,✓ Yes,completed
0,10,0,07-03,+10.0%,+99.16%,0.9958,1,✗ No,budget_exceeded
0,10,10,07-03,+10.0%,+99.16%,0.9958,1,✗ No,budget_exceeded
0,98,0,07-03,+10.0%,+99.16%,0.9958,1,✗ No,budget_exceeded
0,98,98,07-03,+10.0%,+99.16%,0.9958,1,✗ No,budget_exceeded
0,186,0,07-03,+10.0%,+99.16%,0.9958,1,✗ No,budget_exceeded
0,186,186,07-03,+10.0%,+98.20%,0.9910,4,✗ No,budget_exceeded
0,273,0,07-03,+10.0%,+99.16%,0.9958,1,✗ No,budget_exceeded
0,273,137,07-03,+10.0%,+98.77%,0.9939,2,✗ No,budget_exceeded
0,273,273,07-03,+10.0%,+94.73%,0.9736,12,✗ No,budget_exceeded
0,361,0,07-03,+10.0%,+98.01%,0.9901,1,✗ No,budget_exceeded
0,361,90,07-03,+10.0%,+98.01%,0.9901,1,✗ No,budget_exceeded
0,361,181,07-03,+10.0%,+95.69%,0.9784,3,✗ No,budget_exceeded
0,361,271,07-03,+10.0%,+91.30%,0.9565,10,✗ No,budget_exceeded
0,361,361,07-03,+10.0%,+88.20%,0.9410,14,✗ No,budget_exceeded
0,449,0,07-03,+10.0%,+97.86%,0.9893,1,✗ No,budget_exceeded
0,449,90,07-03,+10.0%,+97.86%,0.9893,1,✗ No,budget_exceeded
0,449,180,07-03,+10.0%,+90.32%,0.9516,3,✗ No,budget_exceeded
0,449,269,07-03,+10.0%,+81.92%,0.9096,10,✗ No,budget_exceeded
0,449,359,07-03,+10.0%,+78.41%,0.8921,11,✗ No,budget_exceeded
0,449,449,07-03,+10.0%,+69.66%,0.8483,19,✗ No,budget_exceeded
0,537,0,07-03,+10.0%,+85.89%,0.9294,1,✗ No,budget_exceeded
0,537,89,07-03,+10.0%,+85.89%,0.9294,1,✗ No,budget_exceeded
0,537,179,07-03,+10.0%,+67.08%,0.8354,4,✗ No,budget_exceeded
0,537,268,07-03,+6.8%,+1.16%,0.5058,6,✓ Yes,completed
0,537,358,07-03,+4.8%,+1.30%,0.5065,7,✓ Yes,completed
0,537,447,07-03,+3.7%,+1.35%,0.5068,7,✓ Yes,completed
0,537,537,07-03,+2.2%,+1.08%,0.5054,9,✓ Yes,completed
0,624,0,07-03,+0.0%,+0.00%,0.5000,0,✓ Yes,completed
0,624,89,07-03,+0.0%,+0.00%,0.5000,0,✓ Yes,completed
0,624,178,07-03,+0.0%,+0.00%,0.5000,0,✓ Yes,completed
0,624,268,07-03,+0.0%,+0.00%,0.5000,0,✓ Yes,completed
0,624,357,07-03,+0.0%,+0.00%,0.5000,0,✓ Yes,completed
0,624,446,07-03,+0.0%,+0.00%,0.5000,0,✓ Yes,completed
0,624,535,07-03,+0.0%,+0.00%,0.5000,0,✓ Yes,completed
0,624,624,07-03,+0.0%,+0.00%,0.5000,0,✓ Yes,completed
0,712,0,07-03,+0.0%,+0.00%,0.5000,0,✓ Yes,completed
0,712,89,07-03,+0.0%,+0.00%,0.5000,0,✓ Yes,completed
0,712,178,07-03,+0.0%,+0.00%,0.5000,0,✓ Yes,completed
0,712,267,07-03,+0.0%,+0.00%,0.5000,0,✓ Yes,completed
0,712,356,07-03,+0.0%,+0.00%,0.5000,0,✓ Yes,completed
0,712,445,07-03,+0.0%,+0.00%,0.5000,0,✓ Yes,completed
0,712,534,07-03,+0.0%,+0.00%,0.5000,0,✓ Yes,completed
0,712,623,07-03,+0.0%,+0.00%,0.5000,0,✓ Yes,completed
0,712,712,07-03,+0.0%,+0.00%,0.5000,0,✓ Yes,completed
0,800,0,07-03,+0.0%,+0.00%,0.5000,0,✓ Yes,completed
0,800,89,07-03,+0.0%,+0.00%,0.5000,0,✓ Yes,completed
0,800,178,07-03,+0.0%,+0.00%,0.5000,0,✓ Yes,completed
0,800,267,07-03,+0.0%,+0.00%,0.5000,0,✓ Yes,completed
0,800,356,07-03,+0.0%,+0.00%,0.5000,0,✓ Yes,completed
0,800,444,07-03,+0.0%,+0.00%,0.5000,0,✓ Yes,completed
0,800,533,07-03,+0.0%,+0.00%,0.5000,0,✓ Yes,completed
0,800,622,07-03,+0.0%,+0.00%,0.5000,0,✓ Yes,completed
0,800,711,07-03,+0.0%,+0.00%,0.5000,0,✓ Yes,completed
0,800,800,07-03,+0.0%,+0.00%,0.5000,0,✓ Yes,completed
0,10,0,09-02,+10.0%,+99.16%,0.9958,1,✗ No,budget_exceeded
0,10,10,09-02,+10.0%,+99.16%,0.9958,1,✗ No,budget_exceeded
0,98,0,09-02,+10.0%,+99.16%,0.9958,1,✗ No,budget_exceeded
0,98,98,09-02,+10.0%,+99.16%,0.9958,1,✗ No,budget_exceeded
0,186,0,09-02,+10.0%,+99.16%,0.9958,1,✗ No,budget_exceeded
0,186,186,09-02,+10.0%,+97.95%,0.9897,5,✗ No,budget_exceeded
0,273,0,09-02,+10.0%,+99.16%,0.9958,1,✗ No,budget_exceeded
0,273,137,09-02,+10.0%,+98.86%,0.9943,2,✗ No,budget_exceeded
0,273,273,09-02,+10.0%,+95.14%,0.9757,10,✗ No,budget_exceeded
0,361,0,09-02,+10.0%,+99.16%,0.9958,1,✗ No,budget_exceeded
0,361,90,09-02,+10.0%,+99.16%,0.9958,1,✗ No,budget_exceeded
0,361,181,09-02,+10.0%,+95.89%,0.9795,4,✗ No,budget_exceeded
0,361,271,09-02,+10.0%,+94.08%,0.9704,7,✗ No,budget_exceeded
0,361,361,09-02,+10.0%,+78.16%,0.8908,14,✗ No,budget_exceeded
0,449,0,09-02,+10.0%,+99.13%,0.9956,1,✗ No,budget_exceeded
0,449,90,09-02,+10.0%,+99.13%,0.9956,1,✗ No,budget_exceeded
0,449,180,09-02,+10.0%,+93.23%,0.9661,3,✗ No,budget_exceeded
0,449,269,09-02,+10.0%,+68.17%,0.8409,7,✗ No,budget_exceeded
0,449,359,09-02,+10.0%,+64.77%,0.8238,11,✗ No,budget_exceeded
0,449,449,09-02,+10.0%,+55.37%,0.7769,19,✗ No,budget_exceeded
0,537,0,09-02,+10.0%,+91.55%,0.9577,1,✗ No,budget_exceeded
0,537,89,09-02,+10.0%,+91.55%,0.9577,1,✗ No,budget_exceeded
0,537,179,09-02,+10.0%,+47.05%,0.7353,4,✗ No,budget_exceeded
0,537,268,09-02,+10.0%,+42.87%,0.7144,4,✗ No,budget_exceeded
0,537,358,09-02,+10.0%,+32.45%,0.6622,5,✗ No,budget_exceeded
0,537,447,09-02,+6.2%,+6.20%,0.5310,9,✓ Yes,completed
0,537,537,09-02,+3.5%,+4.03%,0.5201,13,✓ Yes,completed
0,624,0,09-02,+0.0%,+0.00%,0.5000,0,✓ Yes,completed
0,624,89,09-02,+0.0%,+0.00%,0.5000,0,✓ Yes,completed
0,624,178,09-02,+0.0%,+0.00%,0.5000,0,✓ Yes,completed
0,624,268,09-02,+0.0%,+0.00%,0.5000,0,✓ Yes,completed
0,624,357,09-02,+0.0%,+0.00%,0.5000,0,✓ Yes,completed
0,624,446,09-02,+0.0%,+0.00%,0.5000,0,✓ Yes,completed
0,624,535,09-02,+0.0%,+0.00%,0.5000,0,✓ Yes,completed
0,624,624,09-02,+0.0%,+0.00%,0.5000,0,✓ Yes,completed
0,712,0,09-02,+0.0%,+0.00%,0.5000,0,✓ Yes,completed
0,712,89,09-02,+0.0%,+0.00%,0.5000,0,✓ Yes,completed
0,712,178,09-02,+0.0%,+0.00%,0.5000,0,✓ Yes,completed
0,712,267,09-02,+0.0%,+0.00%,0.5000,0,✓ Yes,completed
0,712,356,09-02,+0.0%,+0.00%,0.5000,0,✓ Yes,completed
0,712,445,09-02,+0.0%,+0.00%,0.5000,0,✓ Yes,completed
0,712,534,09-02,+0.0%,+0.00%,0.5000,0,✓ Yes,completed
0,712,623,09-02,+0.0%,+0.00%,0.5000,0,✓ Yes,completed
0,712,712,09-02,+0.0%,+0.00%,0.5000,0,✓ Yes,completed
0,800,0,09-02,+0.0%,+0.00%,0.5000,0,✓ Yes,completed
0,800,89,09-02,+0.0%,+0.00%,0.5000,0,✓ Yes,completed
0,800,178,09-02,+0.0%,+0.00%,0.5000,0,✓ Yes,completed
0,800,267,09-02,+0.0%,+0.00%,0.5000,0,✓ Yes,completed
0,800,356,09-02,+0.0%,+0.00%,0.5000,0,✓ Yes,completed
0,800,444,09-02,+0.0%,+0.00%,0.5000,0,✓ Yes,completed
0,800,533,09-02,+0.0%,+0.00%,0.5000,0,✓ Yes,completed
0,800,622,09-02,+0.0%,+0.00%,0.5000,0,✓ Yes,completed
0,800,711,09-02,+0.0%,+0.00%,0.5000,0,✓ Yes,completed
0,800,800,09-02,+0.0%,+0.00%,0.5000,0,✓ Yes,completed
0,10,0,11-02,+10.0%,+99.22%,0.9961,1,✗ No,budget_exceeded
0,10,10,11-02,+10.0%,+99.22%,0.9961,1,✗ No,budget_exceeded
0,98,0,11-02,+10.0%,+99.22%,0.9961,1,✗ No,budget_exceeded
0,98,98,11-02,+10.0%,+99.22%,0.9961,1,✗ No,budget_exceeded
0,186,0,11-02,+10.0%,+99.22%,0.9961,1,✗ No,budget_exceeded
0,186,186,11-02,+10.0%,+99.22%,0.9961,1,✗ No,budget_exceeded
0,273,0,11-02,+10.0%,+98.94%,0.9947,1,✗ No,budget_exceeded
0,273,137,11-02,+10.0%,+98.94%,0.9947,1,✗ No,budget_exceeded
0,273,273,11-02,+10.0%,+96.95%,0.9848,10,✗ No,budget_exceeded
0,361,0,11-02,+10.0%,+95.32%,0.9766,1,✗ No,budget_exceeded
0,361,90,11-02,+10.0%,+95.32%,0.9766,1,✗ No,budget_exceeded
0,361,181,11-02,+10.0%,+95.32%,0.9766,1,✗ No,budget_exceeded
0,361,271,11-02,+10.0%,+94.43%,0.9721,2,✗ No,budget_exceeded
0,361,361,11-02,+10.0%,+93.98%,0.9699,2,✗ No,budget_exceeded
0,449,0,11-02,+10.0%,+93.71%,0.9685,1,✗ No,budget_exceeded
0,449,90,11-02,+10.0%,+93.71%,0.9685,1,✗ No,budget_exceeded
0,449,180,11-02,+10.0%,+93.71%,0.9685,1,✗ No,budget_exceeded
0,449,269,11-02,+10.0%,+93.71%,0.9685,1,✗ No,budget_exceeded
0,449,359,11-02,+10.0%,+93.71%,0.9685,1,✗ No,budget_exceeded
0,449,449,11-02,+10.0%,+76.95%,0.8847,12,✗ No,budget_exceeded
0,537,0,11-02,+10.0%,+89.07%,0.9454,1,✗ No,budget_exceeded
0,537,89,11-02,+10.0%,+89.07%,0.9454,1,✗ No,budget_exceeded
0,537,179,11-02,+10.0%,+89.07%,0.9454,1,✗ No,budget_exceeded
0,537,268,11-02,+10.0%,+73.60%,0.8680,2,✗ No,budget_exceeded
0,537,358,11-02,+10.0%,+65.42%,0.8271,3,✗ No,budget_exceeded
0,537,447,11-02,+10.0%,+64.23%,0.8212,3,✗ No,budget_exceeded
0,537,537,11-02,+8.0%,+3.56%,0.5178,25,✓ Yes,completed
0,624,0,11-02,+0.0%,+0.00%,0.5000,0,✓ Yes,completed
0,624,89,11-02,+0.0%,+0.00%,0.5000,0,✓ Yes,completed
0,624,178,11-02,+0.0%,+0.00%,0.5000,0,✓ Yes,completed
0,624,268,11-02,+0.0%,+0.00%,0.5000,0,✓ Yes,completed
0,624,357,11-02,+0.0%,+0.00%,0.5000,0,✓ Yes,completed
0,624,446,11-02,+0.0%,+0.00%,0.5000,0,✓ Yes,completed
0,624,535,11-02,+0.0%,+0.00%,0.5000,0,✓ Yes,completed
0,624,624,11-02,+0.0%,+0.00%,0.5000,0,✓ Yes,completed
0,712,0,11-02,+0.0%,+0.00%,0.5000,0,✓ Yes,completed
0,712,89,11-02,+0.0%,+0.00%,0.5000,0,✓ Yes,completed
0,712,178,11-02,+0.0%,+0.00%,0.5000,0,✓ Yes,completed
0,712,267,11-02,+0.0%,+0.00%,0.5000,0,✓ Yes,completed
0,712,356,11-02,+0.0%,+0.00%,0.5000,0,✓ Yes,completed
0,712,445,11-02,+0.0%,+0.00%,0.5000,0,✓ Yes,completed
0,712,534,11-02,+0.0%,+0.00%,0.5000,0,✓ Yes,completed
0,712,623,11-02,+0.0%,+0.00%,0.5000,0,✓ Yes,completed
0,712,712,11-02,+0.0%,+0.00%,0.5000,0,✓ Yes,completed
0,800,0,11-02,+0.0%,+0.00%,0.5000,0,✓ Yes,completed
0,800,89,11-02,+0.0%,+0.00%,0.5000,0,✓ Yes,completed
0,800,178,11-02,+0.0%,+0.00%,0.5000,0,✓ Yes,completed
0,800,267,11-02,+0.0%,+0.00%,0.5000,0,✓ Yes,completed
0,800,356,11-02,+0.0%,+0.00%,0.5000,0,✓ Yes,completed
0,800,444,11-02,+0.0%,+0.00%,0.5000,0,✓ Yes,completed
0,800,533,11-02,+0.0%,+0.00%,0.5000,0,✓ Yes,completed
0,800,622,11-02,+0.0%,+0.00%,0.5000,0,✓ Yes,completed
0,800,711,11-02,+0.0%,+0.00%,0.5000,0,✓ Yes,completed
0,800,800,11-02,+0.0%,+0.00%,0.5000,0,✓ Yes,completed
0,10,0,12-31,+10.0%,+99.32%,0.9966,1,✗ No,budget_exceeded
0,10,10,12-31,+10.0%,+99.32%,0.9966,1,✗ No,budget_exceeded
0,98,0,12-31,+10.0%,+99.32%,0.9966,1,✗ No,budget_exceeded
0,98,98,12-31,+10.0%,+99.32%,0.9966,1,✗ No,budget_exceeded
0,186,0,12-31,+10.0%,+99.32%,0.9966,1,✗ No,budget_exceeded
0,186,186,12-31,+10.0%,+98.34%,0.9917,3,✗ No,budget_exceeded
0,273,0,12-31,+10.0%,+99.32%,0.9966,1,✗ No,budget_exceeded
0,273,137,12-31,+10.0%,+99.32%,0.9966,1,✗ No,budget_exceeded
0,273,273,12-31,+10.0%,+95.66%,0.9783,6,✗ No,budget_exceeded
0,361,0,12-31,+10.0%,+97.03%,0.9852,1,✗ No,budget_exceeded
0,361,90,12-31,+10.0%,+97.03%,0.9852,1,✗ No,budget_exceeded
0,361,181,12-31,+10.0%,+94.62%,0.9731,2,✗ No,budget_exceeded
0,361,271,12-31,+10.0%,+94.12%,0.9706,2,✗ No,budget_exceeded
0,361,361,12-31,+10.0%,+92.05%,0.9602,6,✗ No,budget_exceeded
0,449,0,12-31,+10.0%,+94.18%,0.9709,1,✗ No,budget_exceeded
0,449,90,12-31,+10.0%,+94.18%,0.9709,1,✗ No,budget_exceeded
0,449,180,12-31,+10.0%,+90.90%,0.9545,2,✗ No,budget_exceeded
0,449,269,12-31,+10.0%,+90.39%,0.9519,2,✗ No,budget_exceeded
0,449,359,12-31,+10.0%,+85.57%,0.9278,4,✗ No,budget_exceeded
0,449,449,12-31,+10.0%,+82.10%,0.9105,9,✗ No,budget_exceeded
0,537,0,12-31,+10.0%,+93.84%,0.9692,1,✗ No,budget_exceeded
0,537,89,12-31,+10.0%,+93.84%,0.9692,1,✗ No,budget_exceeded
0,537,179,12-31,+10.0%,+83.44%,0.9172,2,✗ No,budget_exceeded
0,537,268,12-31,+10.0%,+82.93%,0.9146,2,✗ No,budget_exceeded
0,537,358,12-31,+10.0%,+82.67%,0.9134,2,✗ No,budget_exceeded
0,537,447,12-31,+10.0%,+74.04%,0.8702,5,✗ No,budget_exceeded
0,537,537,12-31,+10.0%,+49.80%,0.7490,19,✗ No,budget_exceeded
0,624,0,12-31,+10.0%,+41.48%,0.7074,1,✗ No,budget_exceeded
0,624,89,12-31,+10.0%,+41.48%,0.7074,1,✗ No,budget_exceeded
0,624,178,12-31,+10.0%,+41.48%,0.7074,1,✗ No,budget_exceeded
0,624,268,12-31,+10.0%,+41.48%,0.7074,1,✗ No,budget_exceeded
0,624,357,12-31,+9.8%,+0.54%,0.5027,1,✓ Yes,completed
0,624,446,12-31,+1.7%,+0.88%,0.5044,2,✓ Yes,completed
0,624,535,12-31,+1.3%,+0.72%,0.5036,2,✓ Yes,completed
0,624,624,12-31,+0.6%,+0.35%,0.5017,5,✓ Yes,completed
0,712,0,12-31,+0.0%,+0.00%,0.5000,0,✓ Yes,completed
0,712,89,12-31,+0.0%,+0.00%,0.5000,0,✓ Yes,completed
0,712,178,12-31,+0.0%,+0.00%,0.5000,0,✓ Yes,completed
0,712,267,12-31,+0.0%,+0.00%,0.5000,0,✓ Yes,completed
0,712,356,12-31,+0.0%,+0.00%,0.5000,0,✓ Yes,completed
0,712,445,12-31,+0.0%,+0.00%,0.5000,0,✓ Yes,completed
0,712,534,12-31,+0.0%,+0.00%,0.5000,0,✓ Yes,completed
0,712,623,12-31,+0.0%,+0.00%,0.5000,0,✓ Yes,completed
0,712,712,12-31,+0.0%,+0.00%,0.5000,0,✓ Yes,completed
0,800,0,12-31,+0.0%,+0.00%,0.5000,0,✓ Yes,completed
0,800,89,12-31,+0.0%,+0.00%,0.5000,0,✓ Yes,completed
0,800,178,12-31,+0.0%,+0.00%,0.5000,0,✓ Yes,completed
0,800,267,12-31,+0.0%,+0.00%,0.5000,0,✓ Yes,completed
0,800,356,12-31,+0.0%,+0.00%,0.5000,0,✓ Yes,completed
0,800,444,12-31,+0.0%,+0.00%,0.5000,0,✓ Yes,completed
0,800,533,12-31,+0.0%,+0.00%,0.5000,0,✓ Yes,completed
0,800,622,12-31,+0.0%,+0.00%,0.5000,0,✓ Yes,completed
0,800,711,12-31,+0.0%,+0.00%,0.5000,0,✓ Yes,completed
0,800,800,12-31,+0.0%,+0.00%,0.5000,0,✓ Yes,completed
1,359,269,06-12,+10.0%,+81.42%,0.9071,11,✗ No,budget_exceeded
1,359,314,06-12,+10.0%,+80.14%,0.9007,12,✗ No,budget_exceeded
1,359,359,06-12,+10.0%,+76.66%,0.8833,17,✗ No,budget_exceeded
1,398,269,06-12,+10.0%,+76.26%,0.8813,11,✗ No,budget_exceeded
1,398,312,06-12,+10.0%,+75.02%,0.8751,12,✗ No,budget_exceeded
1,398,355,06-12,+10.0%,+71.53%,0.8577,13,✗ No,budget_exceeded
1,398,398,06-12,+10.0%,+65.72%,0.8286,19,✗ No,budget_exceeded
1,438,269,06-12,+10.0%,+63.57%,0.8178,11,✗ No,budget_exceeded
1,438,312,06-12,+10.0%,+63.07%,0.8153,11,✗ No,budget_exceeded
1,438,354,06-12,+10.0%,+58.36%,0.7918,12,✗ No,budget_exceeded
1,438,396,06-12,+10.0%,+56.09%,0.7805,13,✗ No,budget_exceeded
1,438,438,06-12,+10.0%,+51.34%,0.7567,18,✗ No,budget_exceeded
1,477,269,06-12,+10.0%,+49.98%,0.7499,11,✗ No,budget_exceeded
1,477,311,06-12,+10.0%,+48.54%,0.7427,12,✗ No,budget_exceeded
1,477,353,06-12,+10.0%,+47.92%,0.7396,12,✗ No,budget_exceeded
1,477,394,06-12,+10.0%,+46.12%,0.7306,13,✗ No,budget_exceeded
1,477,436,06-12,+10.0%,+34.49%,0.6725,15,✗ No,budget_exceeded
1,477,477,06-12,+9.4%,+7.20%,0.5360,24,✓ Yes,completed
1,517,269,06-12,+8.0%,+4.99%,0.5249,7,✓ Yes,completed
1,517,311,06-12,+6.6%,+4.96%,0.5248,8,✓ Yes,completed
1,517,352,06-12,+6.1%,+4.87%,0.5243,8,✓ Yes,completed
1,517,393,06-12,+5.5%,+4.59%,0.5229,8,✓ Yes,completed
1,517,434,06-12,+4.9%,+4.54%,0.5227,8,✓ Yes,completed
1,517,476,06-12,+4.2%,+4.10%,0.5205,8,✓ Yes,completed
1,517,517,06-12,+3.2%,+3.47%,0.5173,9,✓ Yes,completed
1,556,269,06-12,+1.8%,+1.90%,0.5095,2,✓ Yes,completed
1,556,310,06-12,+1.7%,+1.87%,0.5094,2,✓ Yes,completed
1,556,351,06-12,+1.6%,+1.83%,0.5092,2,✓ Yes,completed
1,556,392,06-12,+1.5%,+1.77%,0.5088,2,✓ Yes,completed
1,556,433,06-12,+1.4%,+1.70%,0.5085,2,✓ Yes,completed
1,556,474,06-12,+1.3%,+1.61%,0.5080,2,✓ Yes,completed
1,556,515,06-12,+1.2%,+1.48%,0.5074,2,✓ Yes,completed
1,556,556,06-12,+0.9%,+1.23%,0.5061,3,✓ Yes,completed
1,596,269,06-12,+0.0%,+0.00%,0.5000,0,✓ Yes,completed
1,596,310,06-12,+0.0%,+0.00%,0.5000,0,✓ Yes,completed
1,596,351,06-12,+0.0%,+0.00%,0.5000,0,✓ Yes,completed
1,596,392,06-12,+0.0%,+0.00%,0.5000,0,✓ Yes,completed
1,596,433,06-12,+0.0%,+0.00%,0.5000,0,✓ Yes,completed
1,596,474,06-12,+0.0%,+0.00%,0.5000,0,✓ Yes,completed
1,596,514,06-12,+0.0%,+0.00%,0.5000,0,✓ Yes,completed
1,596,555,06-12,+0.0%,+0.00%,0.5000,0,✓ Yes,completed
1,596,596,06-12,+0.0%,+0.00%,0.5000,0,✓ Yes,completed
1,635,269,06-12,+0.0%,+0.00%,0.5000,0,✓ Yes,completed
1,635,310,06-12,+0.0%,+0.00%,0.5000,0,✓ Yes,completed
1,635,351,06-12,+0.0%,+0.00%,0.5000,0,✓ Yes,completed
1,635,391,06-12,+0.0%,+0.00%,0.5000,0,✓ Yes,completed
1,635,432,06-12,+0.0%,+0.00%,0.5000,0,✓ Yes,completed
1,635,473,06-12,+0.0%,+0.00%,0.5000,0,✓ Yes,completed
1,635,513,06-12,+0.0%,+0.00%,0.5000,0,✓ Yes,completed
1,635,554,06-12,+0.0%,+0.00%,0.5000,0,✓ Yes,completed
1,635,595,06-12,+0.0%,+0.00%,0.5000,0,✓ Yes,completed
1,635,635,06-12,+0.0%,+0.00%,0.5000,0,✓ Yes,completed
1,675,269,06-12,+0.0%,+0.00%,0.5000,0,✓ Yes,completed
1,675,310,06-12,+0.0%,+0.00%,0.5000,0,✓ Yes,completed
1,675,351,06-12,+0.0%,+0.00%,0.5000,0,✓ Yes,completed
1,675,391,06-12,+0.0%,+0.00%,0.5000,0,✓ Yes,completed
1,675,432,06-12,+0.0%,+0.00%,0.5000,0,✓ Yes,completed
1,675,472,06-12,+0.0%,+0.00%,0.5000,0,✓ Yes,completed
1,675,513,06-12,+0.0%,+0.00%,0.5000,0,✓ Yes,completed
1,675,553,06-12,+0.0%,+0.00%,0.5000,0,✓ Yes,completed
1,675,594,06-12,+0.0%,+0.00%,0.5000,0,✓ Yes,completed
1,675,634,06-12,+0.0%,+0.00%,0.5000,0,✓ Yes,completed
1,675,675,06-12,+0.0%,+0.00%,0.5000,0,✓ Yes,completed
1,714,269,06-12,+0.0%,+0.00%,0.5000,0,✓ Yes,completed
1,714,307,06-12,+0.0%,+0.00%,0.5000,0,✓ Yes,completed
1,714,344,06-12,+0.0%,+0.00%,0.5000,0,✓ Yes,completed
1,714,381,06-12,+0.0%,+0.00%,0.5000,0,✓ Yes,completed
1,714,418,06-12,+0.0%,+0.00%,0.5000,0,✓ Yes,completed
1,714,455,06-12,+0.0%,+0.00%,0.5000,0,✓ Yes,completed
1,714,492,06-12,+0.0%,+0.00%,0.5000,0,✓ Yes,completed
1,714,529,06-12,+0.0%,+0.00%,0.5000,0,✓ Yes,completed
1,714,566,06-12,+0.0%,+0.00%,0.5000,0,✓ Yes,completed
1,714,603,06-12,+0.0%,+0.00%,0.5000,0,✓ Yes,completed
1,714,640,06-12,+0.0%,+0.00%,0.5000,0,✓ Yes,completed
1,714,677,06-12,+0.0%,+0.00%,0.5000,0,✓ Yes,completed
1,714,714,06-12,+0.0%,+0.00%,0.5000,0,✓ Yes,completed
1,359,269,07-09,+10.0%,+94.38%,0.9719,10,✗ No,budget_exceeded
1,359,314,07-09,+10.0%,+93.69%,0.9684,10,✗ No,budget_exceeded
1,359,359,07-09,+10.0%,+92.58%,0.9629,12,✗ No,budget_exceeded
1,398,269,07-09,+10.0%,+93.02%,0.9651,10,✗ No,budget_exceeded
1,398,312,07-09,+10.0%,+91.89%,0.9595,11,✗ No,budget_exceeded
1,398,355,07-09,+10.0%,+89.08%,0.9454,12,✗ No,budget_exceeded
1,398,398,07-09,+10.0%,+86.79%,0.9340,18,✗ No,budget_exceeded
1,438,269,07-09,+10.0%,+87.91%,0.9396,9,✗ No,budget_exceeded
1,438,312,07-09,+10.0%,+87.40%,0.9370,9,✗ No,budget_exceeded
1,438,354,07-09,+10.0%,+86.24%,0.9312,10,✗ No,budget_exceeded
1,438,396,07-09,+10.0%,+82.91%,0.9146,11,✗ No,budget_exceeded
1,438,438,07-09,+10.0%,+78.62%,0.8931,16,✗ No,budget_exceeded
1,477,269,07-09,+10.0%,+80.47%,0.9024,9,✗ No,budget_exceeded
1,477,311,07-09,+10.0%,+78.26%,0.8913,11,✗ No,budget_exceeded
1,477,353,07-09,+10.0%,+77.62%,0.8881,11,✗ No,budget_exceeded
1,477,394,07-09,+10.0%,+75.73%,0.8787,12,✗ No,budget_exceeded
1,477,436,07-09,+10.0%,+47.41%,0.7371,15,✗ No,budget_exceeded
1,477,477,07-09,+10.0%,+37.48%,0.6874,27,✗ No,budget_exceeded
1,517,269,07-09,+10.0%,+19.96%,0.5998,9,✗ No,budget_exceeded
1,517,311,07-09,+10.0%,+4.77%,0.5239,11,✗ No,budget_exceeded
1,517,352,07-09,+7.7%,+3.51%,0.5175,10,✓ Yes,completed
1,517,393,07-09,+7.0%,+3.65%,0.5182,10,✓ Yes,completed
1,517,434,07-09,+6.3%,+3.73%,0.5187,10,✓ Yes,completed
1,517,476,07-09,+5.4%,+3.13%,0.5156,10,✓ Yes,completed
1,517,517,07-09,+4.4%,+2.33%,0.5117,13,✓ Yes,completed
1,556,269,07-09,+2.4%,+0.78%,0.5039,3,✓ Yes,completed
1,556,310,07-09,+2.2%,+0.75%,0.5037,3,✓ Yes,completed
1,556,351,07-09,+2.1%,+0.74%,0.5037,3,✓ Yes,completed
1,556,392,07-09,+2.0%,+0.74%,0.5037,3,✓ Yes,completed
1,556,433,07-09,+1.9%,+0.75%,0.5037,3,✓ Yes,completed
1,556,474,07-09,+1.7%,+0.76%,0.5038,3,✓ Yes,completed
1,556,515,07-09,+1.5%,+0.76%,0.5038,3,✓ Yes,completed
1,556,556,07-09,+1.1%,+0.70%,0.5035,4,✓ Yes,completed
1,596,269,07-09,+0.0%,+0.00%,0.5000,0,✓ Yes,completed
1,596,310,07-09,+0.0%,+0.00%,0.5000,0,✓ Yes,completed
1,596,351,07-09,+0.0%,+0.00%,0.5000,0,✓ Yes,completed
1,596,392,07-09,+0.0%,+0.00%,0.5000,0,✓ Yes,completed
1,596,433,07-09,+0.0%,+0.00%,0.5000,0,✓ Yes,completed
1,596,474,07-09,+0.0%,+0.00%,0.5000,0,✓ Yes,completed
1,596,514,07-09,+0.0%,+0.00%,0.5000,0,✓ Yes,completed
1,596,555,07-09,+0.0%,+0.00%,0.5000,0,✓ Yes,completed
1,596,596,07-09,+0.0%,+0.00%,0.5000,0,✓ Yes,completed
1,635,269,07-09,+0.0%,+0.00%,0.5000,0,✓ Yes,completed
1,635,310,07-09,+0.0%,+0.00%,0.5000,0,✓ Yes,completed
1,635,351,07-09,+0.0%,+0.00%,0.5000,0,✓ Yes,completed
1,635,391,07-09,+0.0%,+0.00%,0.5000,0,✓ Yes,completed
1,635,432,07-09,+0.0%,+0.00%,0.5000,0,✓ Yes,completed
1,635,473,07-09,+0.0%,+0.00%,0.5000,0,✓ Yes,completed
1,635,513,07-09,+0.0%,+0.00%,0.5000,0,✓ Yes,completed
1,635,554,07-09,+0.0%,+0.00%,0.5000,0,✓ Yes,completed
1,635,595,07-09,+0.0%,+0.00%,0.5000,0,✓ Yes,completed
1,635,635,07-09,+0.0%,+0.00%,0.5000,0,✓ Yes,completed
1,675,269,07-09,+0.0%,+0.00%,0.5000,0,✓ Yes,completed
1,675,310,07-09,+0.0%,+0.00%,0.5000,0,✓ Yes,completed
1,675,351,07-09,+0.0%,+0.00%,0.5000,0,✓ Yes,completed
1,675,391,07-09,+0.0%,+0.00%,0.5000,0,✓ Yes,completed
1,675,432,07-09,+0.0%,+0.00%,0.5000,0,✓ Yes,completed
1,675,472,07-09,+0.0%,+0.00%,0.5000,0,✓ Yes,completed
1,675,513,07-09,+0.0%,+0.00%,0.5000,0,✓ Yes,completed
1,675,553,07-09,+0.0%,+0.00%,0.5000,0,✓ Yes,completed
1,675,594,07-09,+0.0%,+0.00%,0.5000,0,✓ Yes,completed
1,675,634,07-09,+0.0%,+0.00%,0.5000,0,✓ Yes,completed
1,675,675,07-09,+0.0%,+0.00%,0.5000,0,✓ Yes,completed
1,714,269,07-09,+0.0%,+0.00%,0.5000,0,✓ Yes,completed
1,714,307,07-09,+0.0%,+0.00%,0.5000,0,✓ Yes,completed
1,714,344,07-09,+0.0%,+0.00%,0.5000,0,✓ Yes,completed
1,714,381,07-09,+0.0%,+0.00%,0.5000,0,✓ Yes,completed
1,714,418,07-09,+0.0%,+0.00%,0.5000,0,✓ Yes,completed
1,714,455,07-09,+0.0%,+0.00%,0.5000,0,✓ Yes,completed
1,714,492,07-09,+0.0%,+0.00%,0.5000,0,✓ Yes,completed
1,714,529,07-09,+0.0%,+0.00%,0.5000,0,✓ Yes,completed
1,714,566,07-09,+0.0%,+0.00%,0.5000,0,✓ Yes,completed
1,714,603,07-09,+0.0%,+0.00%,0.5000,0,✓ Yes,completed
1,714,640,07-09,+0.0%,+0.00%,0.5000,0,✓ Yes,completed
1,714,677,07-09,+0.0%,+0.00%,0.5000,0,✓ Yes,completed
1,714,714,07-09,+0.0%,+0.00%,0.5000,0,✓ Yes,completed
1,359,269,08-05,+10.0%,+87.93%,0.9396,10,✗ No,budget_exceeded
1,359,314,08-05,+10.0%,+87.29%,0.9365,10,✗ No,budget_exceeded
1,359,359,08-05,+10.0%,+85.83%,0.9291,11,✗ No,budget_exceeded
1,398,269,08-05,+10.0%,+83.31%,0.9165,9,✗ No,budget_exceeded
1,398,312,08-05,+10.0%,+77.02%,0.8851,10,✗ No,budget_exceeded
1,398,355,08-05,+10.0%,+75.90%,0.8795,11,✗ No,budget_exceeded
1,398,398,08-05,+10.0%,+75.05%,0.8753,11,✗ No,budget_exceeded
1,438,269,08-05,+10.0%,+73.35%,0.8668,11,✗ No,budget_exceeded
1,438,312,08-05,+10.0%,+72.96%,0.8648,11,✗ No,budget_exceeded
1,438,354,08-05,+10.0%,+72.51%,0.8626,11,✗ No,budget_exceeded
1,438,396,08-05,+10.0%,+71.03%,0.8551,12,✗ No,budget_exceeded
1,438,438,08-05,+10.0%,+61.11%,0.8055,15,✗ No,budget_exceeded
1,477,269,08-05,+10.0%,+52.19%,0.7609,10,✗ No,budget_exceeded
1,477,311,08-05,+10.0%,+51.82%,0.7591,10,✗ No,budget_exceeded
1,477,353,08-05,+10.0%,+46.19%,0.7309,12,✗ No,budget_exceeded
1,477,394,08-05,+10.0%,+44.36%,0.7218,13,✗ No,budget_exceeded
1,477,436,08-05,+10.0%,+25.45%,0.6272,15,✗ No,budget_exceeded
1,477,477,08-05,+10.0%,+8.54%,0.5427,31,✗ No,budget_exceeded
1,517,269,08-05,+10.0%,+6.44%,0.5322,7,✗ No,budget_exceeded
1,517,311,08-05,+10.0%,+1.01%,0.5051,7,✓ Yes,completed
1,517,352,08-05,+6.7%,+0.26%,0.5013,8,✓ Yes,completed
1,517,393,08-05,+4.6%,+0.72%,0.5036,7,✓ Yes,completed
1,517,434,08-05,+4.0%,+0.69%,0.5034,7,✓ Yes,completed
1,517,476,08-05,+3.4%,+0.79%,0.5039,7,✓ Yes,completed
1,517,517,08-05,+2.6%,+0.84%,0.5042,11,✓ Yes,completed
1,556,269,08-05,+0.6%,+0.32%,0.5016,1,✓ Yes,completed
1,556,310,08-05,+0.6%,+0.31%,0.5016,1,✓ Yes,completed
1,556,351,08-05,+0.5%,+0.30%,0.5015,1,✓ Yes,completed
1,556,392,08-05,+0.5%,+0.28%,0.5014,1,✓ Yes,completed
1,556,433,08-05,+0.5%,+0.26%,0.5013,1,✓ Yes,completed
1,556,474,08-05,+0.4%,+0.18%,0.5009,1,✓ Yes,completed
1,556,515,08-05,+0.3%,+0.13%,0.5007,1,✓ Yes,completed
1,556,556,08-05,+0.2%,+0.05%,0.5003,1,✓ Yes,completed
1,596,269,08-05,+0.0%,+0.00%,0.5000,0,✓ Yes,completed
1,596,310,08-05,+0.0%,+0.00%,0.5000,0,✓ Yes,completed
1,596,351,08-05,+0.0%,+0.00%,0.5000,0,✓ Yes,completed
1,596,392,08-05,+0.0%,+0.00%,0.5000,0,✓ Yes,completed
1,596,433,08-05,+0.0%,+0.00%,0.5000,0,✓ Yes,completed
1,596,474,08-05,+0.0%,+0.00%,0.5000,0,✓ Yes,completed
1,596,514,08-05,+0.0%,+0.00%,0.5000,0,✓ Yes,completed
1,596,555,08-05,+0.0%,+0.00%,0.5000,0,✓ Yes,completed
1,596,596,08-05,+0.0%,+0.00%,0.5000,0,✓ Yes,completed
1,635,269,08-05,+0.0%,+0.00%,0.5000,0,✓ Yes,completed
1,635,310,08-05,+0.0%,+0.00%,0.5000,0,✓ Yes,completed
1,635,351,08-05,+0.0%,+0.00%,0.5000,0,✓ Yes,completed
1,635,391,08-05,+0.0%,+0.00%,0.5000,0,✓ Yes,completed
1,635,432,08-05,+0.0%,+0.00%,0.5000,0,✓ Yes,completed
1,635,473,08-05,+0.0%,+0.00%,0.5000,0,✓ Yes,completed
1,635,513,08-05,+0.0%,+0.00%,0.5000,0,✓ Yes,completed
1,635,554,08-05,+0.0%,+0.00%,0.5000,0,✓ Yes,completed
1,635,595,08-05,+0.0%,+0.00%,0.5000,0,✓ Yes,completed
1,635,635,08-05,+0.0%,+0.00%,0.5000,0,✓ Yes,completed
1,675,269,08-05,+0.0%,+0.00%,0.5000,0,✓ Yes,completed
1,675,310,08-05,+0.0%,+0.00%,0.5000,0,✓ Yes,completed
1,675,351,08-05,+0.0%,+0.00%,0.5000,0,✓ Yes,completed
1,675,391,08-05,+0.0%,+0.00%,0.5000,0,✓ Yes,completed
1,675,432,08-05,+0.0%,+0.00%,0.5000,0,✓ Yes,completed
1,675,472,08-05,+0.0%,+0.00%,0.5000,0,✓ Yes,completed
1,675,513,08-05,+0.0%,+0.00%,0.5000,0,✓ Yes,completed
1,675,553,08-05,+0.0%,+0.00%,0.5000,0,✓ Yes,completed
1,675,594,08-05,+0.0%,+0.00%,0.5000,0,✓ Yes,completed
1,675,634,08-05,+0.0%,+0.00%,0.5000,0,✓ Yes,completed
1,675,675,08-05,+0.0%,+0.00%,0.5000,0,✓ Yes,completed
1,714,269,08-05,+0.0%,+0.00%,0.5000,0,✓ Yes,completed
1,714,307,08-05,+0.0%,+0.00%,0.5000,0,✓ Yes,completed
1,714,344,08-05,+0.0%,+0.00%,0.5000,0,✓ Yes,completed
1,714,381,08-05,+0.0%,+0.00%,0.5000,0,✓ Yes,completed
1,714,418,08-05,+0.0%,+0.00%,0.5000,0,✓ Yes,completed
1,714,455,08-05,+0.0%,+0.00%,0.5000,0,✓ Yes,completed
1,714,492,08-05,+0.0%,+0.00%,0.5000,0,✓ Yes,completed
1,714,529,08-05,+0.0%,+0.00%,0.5000,0,✓ Yes,completed
1,714,566,08-05,+0.0%,+0.00%,0.5000,0,✓ Yes,completed
1,714,603,08-05,+0.0%,+0.00%,0.5000,0,✓ Yes,completed
1,714,640,08-05,+0.0%,+0.00%,0.5000,0,✓ Yes,completed
1,714,677,08-05,+0.0%,+0.00%,0.5000,0,✓ Yes,completed
1,714,714,08-05,+0.0%,+0.00%,0.5000,0,✓ Yes,completed
1,359,269,09-01,+10.0%,+93.62%,0.9681,8,✗ No,budget_exceeded
1,359,314,09-01,+10.0%,+92.94%,0.9647,8,✗ No,budget_exceeded
1,359,359,09-01,+10.0%,+78.20%,0.8910,13,✗ No,budget_exceeded
1,398,269,09-01,+10.0%,+92.20%,0.9610,6,✗ No,budget_exceeded
1,398,312,09-01,+10.0%,+78.27%,0.8913,8,✗ No,budget_exceeded
1,398,355,09-01,+10.0%,+76.57%,0.8828,10,✗ No,budget_exceeded
1,398,398,09-01,+10.0%,+67.86%,0.8393,15,✗ No,budget_exceeded
1,438,269,09-01,+10.0%,+68.30%,0.8415,6,✗ No,budget_exceeded
1,438,312,09-01,+10.0%,+67.10%,0.8355,7,✗ No,budget_exceeded
1,438,354,09-01,+10.0%,+65.69%,0.8284,9,✗ No,budget_exceeded
1,438,396,09-01,+10.0%,+63.66%,0.8183,12,✗ No,budget_exceeded
1,438,438,09-01,+10.0%,+61.19%,0.8059,18,✗ No,budget_exceeded
1,477,269,09-01,+10.0%,+61.81%,0.8090,5,✗ No,budget_exceeded
1,477,311,09-01,+10.0%,+60.17%,0.8009,7,✗ No,budget_exceeded
1,477,353,09-01,+10.0%,+53.73%,0.7686,9,✗ No,budget_exceeded
1,477,394,09-01,+10.0%,+52.34%,0.7617,10,✗ No,budget_exceeded
1,477,436,09-01,+10.0%,+50.04%,0.7502,12,✗ No,budget_exceeded
1,477,477,09-01,+10.0%,+39.94%,0.6997,23,✗ No,budget_exceeded
1,517,269,09-01,+10.0%,+45.83%,0.7292,5,✗ No,budget_exceeded
1,517,311,09-01,+10.0%,+45.22%,0.7261,5,✗ No,budget_exceeded
1,517,352,09-01,+10.0%,+38.10%,0.6905,7,✗ No,budget_exceeded
1,517,393,09-01,+10.0%,+33.36%,0.6668,8,✗ No,budget_exceeded
1,517,434,09-01,+10.0%,+31.90%,0.6595,9,✗ No,budget_exceeded
1,517,476,09-01,+8.6%,+8.39%,0.5419,13,✓ Yes,completed
1,517,517,09-01,+6.4%,+6.92%,0.5346,22,✓ Yes,completed
1,556,269,09-01,+10.0%,+30.75%,0.6538,2,✗ No,budget_exceeded
1,556,310,09-01,+10.0%,+30.68%,0.6534,2,✗ No,budget_exceeded
1,556,351,09-01,+10.0%,+28.49%,0.6425,2,✗ No,budget_exceeded
1,556,392,09-01,+7.6%,+7.35%,0.5367,2,✓ Yes,completed
1,556,433,09-01,+6.6%,+6.67%,0.5334,3,✓ Yes,completed
1,556,474,09-01,+3.5%,+4.08%,0.5204,4,✓ Yes,completed
1,556,515,09-01,+2.9%,+3.43%,0.5172,4,✓ Yes,completed
1,556,556,09-01,+1.7%,+2.06%,0.5103,8,✓ Yes,completed
1,596,269,09-01,+6.4%,+5.84%,0.5292,1,✓ Yes,completed
1,596,310,09-01,+6.4%,+5.83%,0.5291,1,✓ Yes,completed
1,596,351,09-01,+6.3%,+5.82%,0.5291,1,✓ Yes,completed
1,596,392,09-01,+2.8%,+2.87%,0.5144,1,✓ Yes,completed
1,596,433,09-01,+2.6%,+2.74%,0.5137,1,✓ Yes,completed
1,596,474,09-01,+0.8%,+1.02%,0.5051,1,✓ Yes,completed
1,596,514,09-01,+0.7%,+0.90%,0.5045,1,✓ Yes,completed
1,596,555,09-01,+0.5%,+0.67%,0.5034,1,✓ Yes,completed
1,596,596,09-01,+0.0%,+0.01%,0.5001,2,✓ Yes,completed
1,635,269,09-01,+0.0%,+0.00%,0.5000,0,✓ Yes,completed
1,635,310,09-01,+0.0%,+0.00%,0.5000,0,✓ Yes,completed
1,635,351,09-01,+0.0%,+0.00%,0.5000,0,✓ Yes,completed
1,635,391,09-01,+0.0%,+0.00%,0.5000,0,✓ Yes,completed
1,635,432,09-01,+0.0%,+0.00%,0.5000,0,✓ Yes,completed
1,635,473,09-01,+0.0%,+0.00%,0.5000,0,✓ Yes,completed
1,635,513,09-01,+0.0%,+0.00%,0.5000,0,✓ Yes,completed
1,635,554,09-01,+0.0%,+0.00%,0.5000,0,✓ Yes,completed
1,635,595,09-01,+0.0%,+0.00%,0.5000,0,✓ Yes,completed
1,635,635,09-01,+0.0%,+0.00%,0.5000,0,✓ Yes,completed
1,675,269,09-01,+0.0%,+0.00%,0.5000,0,✓ Yes,completed
1,675,310,09-01,+0.0%,+0.00%,0.5000,0,✓ Yes,completed
1,675,351,09-01,+0.0%,+0.00%,0.5000,0,✓ Yes,completed
1,675,391,09-01,+0.0%,+0.00%,0.5000,0,✓ Yes,completed
1,675,432,09-01,+0.0%,+0.00%,0.5000,0,✓ Yes,completed
1,675,472,09-01,+0.0%,+0.00%,0.5000,0,✓ Yes,completed
1,675,513,09-01,+0.0%,+0.00%,0.5000,0,✓ Yes,completed
1,675,553,09-01,+0.0%,+0.00%,0.5000,0,✓ Yes,completed
1,675,594,09-01,+0.0%,+0.00%,0.5000,0,✓ Yes,completed
1,675,634,09-01,+0.0%,+0.00%,0.5000,0,✓ Yes,completed
1,675,675,09-01,+0.0%,+0.00%,0.5000,0,✓ Yes,completed
1,714,269,09-01,+0.0%,+0.00%,0.5000,0,✓ Yes,completed
1,714,307,09-01,+0.0%,+0.00%,0.5000,0,✓ Yes,completed
1,714,344,09-01,+0.0%,+0.00%,0.5000,0,✓ Yes,completed
1,714,381,09-01,+0.0%,+0.00%,0.5000,0,✓ Yes,completed
1,714,418,09-01,+0.0%,+0.00%,0.5000,0,✓ Yes,completed
1,714,455,09-01,+0.0%,+0.00%,0.5000,0,✓ Yes,completed
1,714,492,09-01,+0.0%,+0.00%,0.5000,0,✓ Yes,completed
1,714,529,09-01,+0.0%,+0.00%,0.5000,0,✓ Yes,completed
1,714,566,09-01,+0.0%,+0.00%,0.5000,0,✓ Yes,completed
1,714,603,09-01,+0.0%,+0.00%,0.5000,0,✓ Yes,completed
1,714,640,09-01,+0.0%,+0.00%,0.5000,0,✓ Yes,completed
1,714,677,09-01,+0.0%,+0.00%,0.5000,0,✓ Yes,completed
1,714,714,09-01,+0.0%,+0.00%,0.5000,0,✓ Yes,completed
1,359,269,09-28,+10.0%,+94.77%,0.9739,6,✗ No,budget_exceeded
1,359,314,09-28,+10.0%,+94.24%,0.9712,7,✗ No,budget_exceeded
1,359,359,09-28,+10.0%,+93.82%,0.9691,7,✗ No,budget_exceeded
1,398,269,09-28,+10.0%,+94.44%,0.9722,6,✗ No,budget_exceeded
1,398,312,09-28,+10.0%,+93.85%,0.9693,7,✗ No,budget_exceeded
1,398,355,09-28,+10.0%,+93.46%,0.9673,7,✗ No,budget_exceeded
1,398,398,09-28,+10.0%,+92.73%,0.9636,9,✗ No,budget_exceeded
1,438,269,09-28,+10.0%,+94.07%,0.9704,6,✗ No,budget_exceeded
1,438,312,09-28,+10.0%,+93.44%,0.9672,7,✗ No,budget_exceeded
1,438,354,09-28,+10.0%,+93.05%,0.9652,7,✗ No,budget_exceeded
1,438,396,09-28,+10.0%,+91.95%,0.9597,9,✗ No,budget_exceeded
1,438,438,09-28,+10.0%,+86.72%,0.9336,14,✗ No,budget_exceeded
1,477,269,09-28,+10.0%,+91.51%,0.9575,4,✗ No,budget_exceeded
1,477,311,09-28,+10.0%,+90.93%,0.9547,5,✗ No,budget_exceeded
1,477,353,09-28,+10.0%,+90.71%,0.9535,5,✗ No,budget_exceeded
1,477,394,09-28,+10.0%,+84.45%,0.9222,8,✗ No,budget_exceeded
1,477,436,09-28,+10.0%,+82.91%,0.9146,9,✗ No,budget_exceeded
1,477,477,09-28,+10.0%,+79.27%,0.8964,18,✗ No,budget_exceeded
1,517,269,09-28,+10.0%,+81.23%,0.9061,4,✗ No,budget_exceeded
1,517,311,09-28,+10.0%,+81.08%,0.9054,4,✗ No,budget_exceeded
1,517,352,09-28,+10.0%,+78.96%,0.8948,4,✗ No,budget_exceeded
1,517,393,09-28,+10.0%,+76.17%,0.8808,5,✗ No,budget_exceeded
1,517,434,09-28,+10.0%,+64.20%,0.8210,9,✗ No,budget_exceeded
1,517,476,09-28,+10.0%,+40.07%,0.7004,13,✗ No,budget_exceeded
1,517,517,09-28,+10.0%,+15.19%,0.5760,25,✗ No,budget_exceeded
1,556,269,09-28,+10.0%,+76.45%,0.8822,2,✗ No,budget_exceeded
1,556,310,09-28,+10.0%,+76.38%,0.8819,2,✗ No,budget_exceeded
1,556,351,09-28,+10.0%,+74.39%,0.8720,2,✗ No,budget_exceeded
1,556,392,09-28,+10.0%,+39.12%,0.6956,3,✗ No,budget_exceeded
1,556,433,09-28,+10.0%,+37.75%,0.6887,4,✗ No,budget_exceeded
1,556,474,09-28,+10.0%,+2.46%,0.5123,7,✗ No,budget_exceeded
1,556,515,09-28,+7.3%,+2.32%,0.5116,8,✓ Yes,completed
1,556,556,09-28,+4.5%,+1.64%,0.5082,14,✓ Yes,completed
1,596,269,09-28,+10.0%,+36.38%,0.6819,2,✗ No,budget_exceeded
1,596,310,09-28,+10.0%,+36.34%,0.6817,2,✗ No,budget_exceeded
1,596,351,09-28,+10.0%,+36.32%,0.6816,2,✗ No,budget_exceeded
1,596,392,09-28,+8.3%,+1.50%,0.5075,2,✓ Yes,completed
1,596,433,09-28,+8.0%,+1.64%,0.5082,2,✓ Yes,completed
1,596,474,09-28,+5.3%,+1.93%,0.5096,2,✓ Yes,completed
1,596,514,09-28,+2.4%,+0.35%,0.5018,3,✓ Yes,completed
1,596,555,09-28,+1.9%,+0.16%,0.5008,3,✓ Yes,completed
1,596,596,09-28,+0.2%,-0.04%,0.4998,8,✓ Yes,completed
1,635,269,09-28,+0.0%,+0.00%,0.5000,0,✓ Yes,completed
1,635,310,09-28,+0.0%,+0.00%,0.5000,0,✓ Yes,completed
1,635,351,09-28,+0.0%,+0.00%,0.5000,0,✓ Yes,completed
1,635,391,09-28,+0.0%,+0.00%,0.5000,0,✓ Yes,completed
1,635,432,09-28,+0.0%,+0.00%,0.5000,0,✓ Yes,completed
1,635,473,09-28,+0.0%,+0.00%,0.5000,0,✓ Yes,completed
1,635,513,09-28,+0.0%,+0.00%,0.5000,0,✓ Yes,completed
1,635,554,09-28,+0.0%,+0.00%,0.5000,0,✓ Yes,completed
1,635,595,09-28,+0.0%,+0.00%,0.5000,0,✓ Yes,completed
1,635,635,09-28,+0.0%,+0.00%,0.5000,0,✓ Yes,completed
1,675,269,09-28,+0.0%,+0.00%,0.5000,0,✓ Yes,completed
1,675,310,09-28,+0.0%,+0.00%,0.5000,0,✓ Yes,completed
1,675,351,09-28,+0.0%,+0.00%,0.5000,0,✓ Yes,completed
1,675,391,09-28,+0.0%,+0.00%,0.5000,0,✓ Yes,completed
1,675,432,09-28,+0.0%,+0.00%,0.5000,0,✓ Yes,completed
1,675,472,09-28,+0.0%,+0.00%,0.5000,0,✓ Yes,completed
1,675,513,09-28,+0.0%,+0.00%,0.5000,0,✓ Yes,completed
1,675,553,09-28,+0.0%,+0.00%,0.5000,0,✓ Yes,completed
1,675,594,09-28,+0.0%,+0.00%,0.5000,0,✓ Yes,completed
1,675,634,09-28,+0.0%,+0.00%,0.5000,0,✓ Yes,completed
1,675,675,09-28,+0.0%,+0.00%,0.5000,0,✓ Yes,completed
1,714,269,09-28,+0.0%,+0.00%,0.5000,0,✓ Yes,completed
1,714,307,09-28,+0.0%,+0.00%,0.5000,0,✓ Yes,completed
1,714,344,09-28,+0.0%,+0.00%,0.5000,0,✓ Yes,completed
1,714,381,09-28,+0.0%,+0.00%,0.5000,0,✓ Yes,completed
1,714,418,09-28,+0.0%,+0.00%,0.5000,0,✓ Yes,completed
1,714,455,09-28,+0.0%,+0.00%,0.5000,0,✓ Yes,completed
1,714,492,09-28,+0.0%,+0.00%,0.5000,0,✓ Yes,completed
1,714,529,09-28,+0.0%,+0.00%,0.5000,0,✓ Yes,completed
1,714,566,09-28,+0.0%,+0.00%,0.5000,0,✓ Yes,completed
1,714,603,09-28,+0.0%,+0.00%,0.5000,0,✓ Yes,completed
1,714,640,09-28,+0.0%,+0.00%,0.5000,0,✓ Yes,completed
1,714,677,09-28,+0.0%,+0.00%,0.5000,0,✓ Yes,completed
1,714,714,09-28,+0.0%,+0.00%,0.5000,0,✓ Yes,completed
1,359,269,10-25,+10.0%,+88.08%,0.9404,5,✗ No,budget_exceeded
1,359,314,10-25,+10.0%,+87.45%,0.9373,5,✗ No,budget_exceeded
1,359,359,10-25,+10.0%,+86.02%,0.9301,7,✗ No,budget_exceeded
1,398,269,10-25,+10.0%,+85.26%,0.9263,1,✗ No,budget_exceeded
1,398,312,10-25,+10.0%,+85.26%,0.9263,1,✗ No,budget_exceeded
1,398,355,10-25,+10.0%,+85.26%,0.9263,1,✗ No,budget_exceeded
1,398,398,10-25,+10.0%,+83.72%,0.9186,6,✗ No,budget_exceeded
1,438,269,10-25,+10.0%,+85.21%,0.9261,1,✗ No,budget_exceeded
1,438,312,10-25,+10.0%,+85.21%,0.9261,1,✗ No,budget_exceeded
1,438,354,10-25,+10.0%,+85.21%,0.9261,1,✗ No,budget_exceeded
1,438,396,10-25,+10.0%,+80.09%,0.9004,5,✗ No,budget_exceeded
1,438,438,10-25,+10.0%,+75.06%,0.8753,8,✗ No,budget_exceeded
1,477,269,10-25,+10.0%,+83.94%,0.9197,1,✗ No,budget_exceeded
1,477,311,10-25,+10.0%,+83.94%,0.9197,1,✗ No,budget_exceeded
1,477,353,10-25,+10.0%,+79.23%,0.8961,2,✗ No,budget_exceeded
1,477,394,10-25,+10.0%,+65.90%,0.8295,4,✗ No,budget_exceeded
1,477,436,10-25,+10.0%,+65.22%,0.8261,5,✗ No,budget_exceeded
1,477,477,10-25,+10.0%,+57.77%,0.7888,9,✗ No,budget_exceeded
1,517,269,10-25,+10.0%,+83.06%,0.9153,1,✗ No,budget_exceeded
1,517,311,10-25,+10.0%,+66.06%,0.8303,2,✗ No,budget_exceeded
1,517,352,10-25,+10.0%,+64.28%,0.8214,2,✗ No,budget_exceeded
1,517,393,10-25,+10.0%,+63.95%,0.8198,2,✗ No,budget_exceeded
1,517,434,10-25,+10.0%,+63.78%,0.8189,2,✗ No,budget_exceeded
1,517,476,10-25,+10.0%,+55.37%,0.7768,6,✗ No,budget_exceeded
1,517,517,10-25,+10.0%,+42.14%,0.7107,16,✗ No,budget_exceeded
1,556,269,10-25,+10.0%,+62.26%,0.8113,2,✗ No,budget_exceeded
1,556,310,10-25,+10.0%,+53.96%,0.7698,3,✗ No,budget_exceeded
1,556,351,10-25,+10.0%,+52.14%,0.7607,3,✗ No,budget_exceeded
1,556,392,10-25,+10.0%,+40.99%,0.7049,4,✗ No,budget_exceeded
1,556,433,10-25,+10.0%,+40.09%,0.7004,4,✗ No,budget_exceeded
1,556,474,10-25,+10.0%,+37.09%,0.6855,5,✗ No,budget_exceeded
1,556,515,10-25,+7.2%,+3.94%,0.5197,7,✓ Yes,completed
1,556,556,10-25,+3.6%,+2.58%,0.5129,11,✓ Yes,completed
1,596,269,10-25,+8.9%,+2.98%,0.5149,1,✓ Yes,completed
1,596,310,10-25,+7.4%,+3.01%,0.5150,1,✓ Yes,completed
1,596,351,10-25,+5.8%,+2.59%,0.5129,1,✓ Yes,completed
1,596,392,10-25,+5.5%,+2.61%,0.5130,1,✓ Yes,completed
1,596,433,10-25,+5.3%,+2.60%,0.5130,1,✓ Yes,completed
1,596,474,10-25,+4.5%,+2.58%,0.5129,1,✓ Yes,completed
1,596,514,10-25,+1.7%,+1.43%,0.5071,2,✓ Yes,completed
1,596,555,10-25,+1.4%,+1.17%,0.5058,2,✓ Yes,completed
1,596,596,10-25,+0.1%,+0.08%,0.5004,6,✓ Yes,completed
1,635,269,10-25,+0.0%,+0.00%,0.5000,0,✓ Yes,completed
1,635,310,10-25,+0.0%,+0.00%,0.5000,0,✓ Yes,completed
1,635,351,10-25,+0.0%,+0.00%,0.5000,0,✓ Yes,completed
1,635,391,10-25,+0.0%,+0.00%,0.5000,0,✓ Yes,completed
1,635,432,10-25,+0.0%,+0.00%,0.5000,0,✓ Yes,completed
1,635,473,10-25,+0.0%,+0.00%,0.5000,0,✓ Yes,completed
1,635,513,10-25,+0.0%,+0.00%,0.5000,0,✓ Yes,completed
1,635,554,10-25,+0.0%,+0.00%,0.5000,0,✓ Yes,completed
1,635,595,10-25,+0.0%,+0.00%,0.5000,0,✓ Yes,completed
1,635,635,10-25,+0.0%,+0.00%,0.5000,0,✓ Yes,completed
1,675,269,10-25,+0.0%,+0.00%,0.5000,0,✓ Yes,completed
1,675,310,10-25,+0.0%,+0.00%,0.5000,0,✓ Yes,completed
1,675,351,10-25,+0.0%,+0.00%,0.5000,0,✓ Yes,completed
1,675,391,10-25,+0.0%,+0.00%,0.5000,0,✓ Yes,completed
1,675,432,10-25,+0.0%,+0.00%,0.5000,0,✓ Yes,completed
1,675,472,10-25,+0.0%,+0.00%,0.5000,0,✓ Yes,completed
1,675,513,10-25,+0.0%,+0.00%,0.5000,0,✓ Yes,completed
1,675,553,10-25,+0.0%,+0.00%,0.5000,0,✓ Yes,completed
1,675,594,10-25,+0.0%,+0.00%,0.5000,0,✓ Yes,completed
1,675,634,10-25,+0.0%,+0.00%,0.5000,0,✓ Yes,completed
1,675,675,10-25,+0.0%,+0.00%,0.5000,0,✓ Yes,completed
1,714,269,10-25,+0.0%,+0.00%,0.5000,0,✓ Yes,completed
1,714,307,10-25,+0.0%,+0.00%,0.5000,0,✓ Yes,completed
1,714,344,10-25,+0.0%,+0.00%,0.5000,0,✓ Yes,completed
1,714,381,10-25,+0.0%,+0.00%,0.5000,0,✓ Yes,completed
1,714,418,10-25,+0.0%,+0.00%,0.5000,0,✓ Yes,completed
1,714,455,10-25,+0.0%,+0.00%,0.5000,0,✓ Yes,completed
1,714,492,10-25,+0.0%,+0.00%,0.5000,0,✓ Yes,completed
1,714,529,10-25,+0.0%,+0.00%,0.5000,0,✓ Yes,completed
1,714,566,10-25,+0.0%,+0.00%,0.5000,0,✓ Yes,completed
1,714,603,10-25,+0.0%,+0.00%,0.5000,0,✓ Yes,completed
1,714,640,10-25,+0.0%,+0.00%,0.5000,0,✓ Yes,completed
1,714,677,10-25,+0.0%,+0.00%,0.5000,0,✓ Yes,completed
1,714,714,10-25,+0.0%,+0.00%,0.5000,0,✓ Yes,completed
1,359,269,11-21,+10.0%,+97.61%,0.9881,2,✗ No,budget_exceeded
1,359,314,11-21,+10.0%,+95.19%,0.9759,4,✗ No,budget_exceeded
1,359,359,11-21,+10.0%,+92.08%,0.9604,8,✗ No,budget_exceeded
1,398,269,11-21,+10.0%,+97.53%,0.9877,2,✗ No,budget_exceeded
1,398,312,11-21,+10.0%,+88.24%,0.9412,4,✗ No,budget_exceeded
1,398,355,11-21,+10.0%,+87.45%,0.9373,4,✗ No,budget_exceeded
1,398,398,11-21,+10.0%,+86.38%,0.9319,4,✗ No,budget_exceeded
1,438,269,11-21,+10.0%,+97.17%,0.9858,2,✗ No,budget_exceeded
1,438,312,11-21,+10.0%,+86.83%,0.9341,3,✗ No,budget_exceeded
1,438,354,11-21,+10.0%,+86.66%,0.9333,3,✗ No,budget_exceeded
1,438,396,11-21,+10.0%,+85.90%,0.9295,3,✗ No,budget_exceeded
1,438,438,11-21,+10.0%,+85.17%,0.9259,3,✗ No,budget_exceeded
1,477,269,11-21,+10.0%,+96.81%,0.9841,2,✗ No,budget_exceeded
1,477,311,11-21,+10.0%,+85.99%,0.9299,3,✗ No,budget_exceeded
1,477,353,11-21,+10.0%,+85.82%,0.9291,3,✗ No,budget_exceeded
1,477,394,11-21,+10.0%,+85.06%,0.9253,3,✗ No,budget_exceeded
1,477,436,11-21,+10.0%,+84.34%,0.9217,3,✗ No,budget_exceeded
1,477,477,11-21,+10.0%,+83.62%,0.9181,6,✗ No,budget_exceeded
1,517,269,11-21,+10.0%,+96.11%,0.9806,2,✗ No,budget_exceeded
1,517,311,11-21,+10.0%,+84.96%,0.9248,3,✗ No,budget_exceeded
1,517,352,11-21,+10.0%,+84.82%,0.9241,3,✗ No,budget_exceeded
1,517,393,11-21,+10.0%,+84.07%,0.9203,3,✗ No,budget_exceeded
1,517,434,11-21,+10.0%,+83.33%,0.9167,3,✗ No,budget_exceeded
1,517,476,11-21,+10.0%,+33.12%,0.6656,6,✗ No,budget_exceeded
1,517,517,11-21,+10.0%,+11.04%,0.5552,18,✗ No,budget_exceeded
1,556,269,11-21,+10.0%,+82.58%,0.9129,3,✗ No,budget_exceeded
1,556,310,11-21,+10.0%,+15.66%,0.5783,4,✗ No,budget_exceeded
1,556,351,11-21,+10.0%,+15.47%,0.5773,4,✗ No,budget_exceeded
1,556,392,11-21,+10.0%,+8.97%,0.5449,5,✗ No,budget_exceeded
1,556,433,11-21,+10.0%,+4.21%,0.5211,6,✗ No,budget_exceeded
1,556,474,11-21,+10.0%,+0.63%,0.5031,8,✗ No,budget_exceeded
1,556,515,11-21,+4.8%,+0.32%,0.5016,6,✓ Yes,completed
1,556,556,11-21,+1.6%,+0.44%,0.5022,8,✓ Yes,completed
1,596,269,11-21,+10.0%,+1.93%,0.5097,1,✗ No,budget_exceeded
1,596,310,11-21,+10.0%,+1.93%,0.5097,1,✗ No,budget_exceeded
1,596,351,11-21,+10.0%,+1.93%,0.5097,1,✗ No,budget_exceeded
1,596,392,11-21,+1.0%,+0.24%,0.5012,1,✓ Yes,completed
1,596,433,11-21,+0.9%,+0.26%,0.5013,1,✓ Yes,completed
1,596,474,11-21,+0.8%,+0.26%,0.5013,1,✓ Yes,completed
1,596,514,11-21,+0.6%,+0.22%,0.5011,1,✓ Yes,completed
1,596,555,11-21,+0.4%,+0.16%,0.5008,1,✓ Yes,completed
1,596,596,11-21,+0.3%,+0.10%,0.5005,1,✓ Yes,completed
1,635,269,11-21,+0.0%,+0.00%,0.5000,0,✓ Yes,completed
1,635,310,11-21,+0.0%,+0.00%,0.5000,0,✓ Yes,completed
1,635,351,11-21,+0.0%,+0.00%,0.5000,0,✓ Yes,completed
1,635,391,11-21,+0.0%,+0.00%,0.5000,0,✓ Yes,completed
1,635,432,11-21,+0.0%,+0.00%,0.5000,0,✓ Yes,completed
1,635,473,11-21,+0.0%,+0.00%,0.5000,0,✓ Yes,completed
1,635,513,11-21,+0.0%,+0.00%,0.5000,0,✓ Yes,completed
1,635,554,11-21,+0.0%,+0.00%,0.5000,0,✓ Yes,completed
1,635,595,11-21,+0.0%,+0.00%,0.5000,0,✓ Yes,completed
1,635,635,11-21,+0.0%,+0.00%,0.5000,0,✓ Yes,completed
1,675,269,11-21,+0.0%,+0.00%,0.5000,0,✓ Yes,completed
1,675,310,11-21,+0.0%,+0.00%,0.5000,0,✓ Yes,completed
1,675,351,11-21,+0.0%,+0.00%,0.5000,0,✓ Yes,completed
1,675,391,11-21,+0.0%,+0.00%,0.5000,0,✓ Yes,completed
1,675,432,11-21,+0.0%,+0.00%,0.5000,0,✓ Yes,completed
1,675,472,11-21,+0.0%,+0.00%,0.5000,0,✓ Yes,completed
1,675,513,11-21,+0.0%,+0.00%,0.5000,0,✓ Yes,completed
1,675,553,11-21,+0.0%,+0.00%,0.5000,0,✓ Yes,completed
1,675,594,11-21,+0.0%,+0.00%,0.5000,0,✓ Yes,completed
1,675,634,11-21,+0.0%,+0.00%,0.5000,0,✓ Yes,completed
1,675,675,11-21,+0.0%,+0.00%,0.5000,0,✓ Yes,completed
1,714,269,11-21,+0.0%,+0.00%,0.5000,0,✓ Yes,completed
1,714,307,11-21,+0.0%,+0.00%,0.5000,0,✓ Yes,completed
1,714,344,11-21,+0.0%,+0.00%,0.5000,0,✓ Yes,completed
1,714,381,11-21,+0.0%,+0.00%,0.5000,0,✓ Yes,completed
1,714,418,11-21,+0.0%,+0.00%,0.5000,0,✓ Yes,completed
1,714,455,11-21,+0.0%,+0.00%,0.5000,0,✓ Yes,completed
1,714,492,11-21,+0.0%,+0.00%,0.5000,0,✓ Yes,completed
1,714,529,11-21,+0.0%,+0.00%,0.5000,0,✓ Yes,completed
1,714,566,11-21,+0.0%,+0.00%,0.5000,0,✓ Yes,completed
1,714,603,11-21,+0.0%,+0.00%,0.5000,0,✓ Yes,completed
1,714,640,11-21,+0.0%,+0.00%,0.5000,0,✓ Yes,completed
1,714,677,11-21,+0.0%,+0.00%,0.5000,0,✓ Yes,completed
1,714,714,11-21,+0.0%,+0.00%,0.5000,0,✓ Yes,completed
1,359,269,11-23,+10.0%,+96.42%,0.9821,2,✗ No,budget_exceeded
1,359,314,11-23,+10.0%,+92.08%,0.9604,4,✗ No,budget_exceeded
1,359,359,11-23,+10.0%,+89.95%,0.9497,8,✗ No,budget_exceeded
1,398,269,11-23,+10.0%,+89.47%,0.9474,2,✗ No,budget_exceeded
1,398,312,11-23,+10.0%,+88.39%,0.9420,2,✗ No,budget_exceeded
1,398,355,11-23,+10.0%,+88.30%,0.9415,2,✗ No,budget_exceeded
1,398,398,11-23,+10.0%,+87.62%,0.9381,2,✗ No,budget_exceeded
1,438,269,11-23,+10.0%,+89.00%,0.9450,2,✗ No,budget_exceeded
1,438,312,11-23,+10.0%,+87.94%,0.9397,2,✗ No,budget_exceeded
1,438,354,11-23,+10.0%,+87.84%,0.9392,2,✗ No,budget_exceeded
1,438,396,11-23,+10.0%,+87.17%,0.9358,2,✗ No,budget_exceeded
1,438,438,11-23,+10.0%,+87.03%,0.9352,2,✗ No,budget_exceeded
1,477,269,11-23,+10.0%,+88.17%,0.9408,2,✗ No,budget_exceeded
1,477,311,11-23,+10.0%,+87.09%,0.9355,2,✗ No,budget_exceeded
1,477,353,11-23,+10.0%,+87.00%,0.9350,2,✗ No,budget_exceeded
1,477,394,11-23,+10.0%,+86.33%,0.9316,2,✗ No,budget_exceeded
1,477,436,11-23,+10.0%,+86.19%,0.9310,2,✗ No,budget_exceeded
1,477,477,11-23,+10.0%,+75.07%,0.8754,7,✗ No,budget_exceeded
1,517,269,11-23,+10.0%,+87.14%,0.9357,2,✗ No,budget_exceeded
1,517,311,11-23,+10.0%,+86.07%,0.9303,2,✗ No,budget_exceeded
1,517,352,11-23,+10.0%,+85.98%,0.9299,2,✗ No,budget_exceeded
1,517,393,11-23,+10.0%,+37.29%,0.6864,3,✗ No,budget_exceeded
1,517,434,11-23,+10.0%,+37.06%,0.6853,3,✗ No,budget_exceeded
1,517,476,11-23,+10.0%,+21.30%,0.6065,5,✗ No,budget_exceeded
1,517,517,11-23,+10.0%,+13.83%,0.5691,19,✗ No,budget_exceeded
1,556,269,11-23,+10.0%,+19.85%,0.5993,3,✗ No,budget_exceeded
1,556,310,11-23,+10.0%,+18.73%,0.5936,3,✗ No,budget_exceeded
1,556,351,11-23,+10.0%,+18.59%,0.5930,3,✗ No,budget_exceeded
1,556,392,11-23,+10.0%,+12.21%,0.5611,4,✗ No,budget_exceeded
1,556,433,11-23,+10.0%,+8.02%,0.5401,5,✗ No,budget_exceeded
1,556,474,11-23,+10.0%,+3.05%,0.5152,8,✗ No,budget_exceeded
1,556,515,11-23,+6.0%,-0.13%,0.4993,7,✓ Yes,completed
1,556,556,11-23,+1.6%,+0.21%,0.5011,7,✓ Yes,completed
1,596,269,11-23,+10.0%,+6.91%,0.5346,1,✗ No,budget_exceeded
1,596,310,11-23,+10.0%,+6.91%,0.5346,1,✗ No,budget_exceeded
1,596,351,11-23,+10.0%,+6.91%,0.5346,1,✗ No,budget_exceeded
1,596,392,11-23,+1.0%,+0.07%,0.5004,1,✓ Yes,completed
1,596,433,11-23,+0.9%,+0.10%,0.5005,1,✓ Yes,completed
1,596,474,11-23,+0.8%,+0.12%,0.5006,1,✓ Yes,completed
1,596,514,11-23,+0.6%,+0.12%,0.5006,1,✓ Yes,completed
1,596,555,11-23,+0.4%,+0.09%,0.5004,1,✓ Yes,completed
1,596,596,11-23,+0.3%,+0.05%,0.5003,1,✓ Yes,completed
1,635,269,11-23,+0.0%,+0.00%,0.5000,0,✓ Yes,completed
1,635,310,11-23,+0.0%,+0.00%,0.5000,0,✓ Yes,completed
1,635,351,11-23,+0.0%,+0.00%,0.5000,0,✓ Yes,completed
1,635,391,11-23,+0.0%,+0.00%,0.5000,0,✓ Yes,completed
1,635,432,11-23,+0.0%,+0.00%,0.5000,0,✓ Yes,completed
1,635,473,11-23,+0.0%,+0.00%,0.5000,0,✓ Yes,completed
1,635,513,11-23,+0.0%,+0.00%,0.5000,0,✓ Yes,completed
1,635,554,11-23,+0.0%,+0.00%,0.5000,0,✓ Yes,completed
1,635,595,11-23,+0.0%,+0.00%,0.5000,0,✓ Yes,completed
1,635,635,11-23,+0.0%,+0.00%,0.5000,0,✓ Yes,completed
1,675,269,11-23,+0.0%,+0.00%,0.5000,0,✓ Yes,completed
1,675,310,11-23,+0.0%,+0.00%,0.5000,0,✓ Yes,completed
1,675,351,11-23,+0.0%,+0.00%,0.5000,0,✓ Yes,completed
1,675,391,11-23,+0.0%,+0.00%,0.5000,0,✓ Yes,completed
1,675,432,11-23,+0.0%,+0.00%,0.5000,0,✓ Yes,completed
1,675,472,11-23,+0.0%,+0.00%,0.5000,0,✓ Yes,completed
1,675,513,11-23,+0.0%,+0.00%,0.5000,0,✓ Yes,completed
1,675,553,11-23,+0.0%,+0.00%,0.5000,0,✓ Yes,completed
1,675,594,11-23,+0.0%,+0.00%,0.5000,0,✓ Yes,completed
1,675,634,11-23,+0.0%,+0.00%,0.5000,0,✓ Yes,completed
1,675,675,11-23,+0.0%,+0.00%,0.5000,0,✓ Yes,completed
1,714,269,11-23,+0.0%,+0.00%,0.5000,0,✓ Yes,completed
1,714,307,11-23,+0.0%,+0.00%,0.5000,0,✓ Yes,completed
1,714,344,11-23,+0.0%,+0.00%,0.5000,0,✓ Yes,completed
1,714,381,11-23,+0.0%,+0.00%,0.5000,0,✓ Yes,completed
1,714,418,11-23,+0.0%,+0.00%,0.5000,0,✓ Yes,completed
1,714,455,11-23,+0.0%,+0.00%,0.5000,0,✓ Yes,completed
1,714,492,11-23,+0.0%,+0.00%,0.5000,0,✓ Yes,completed
1,714,529,11-23,+0.0%,+0.00%,0.5000,0,✓ Yes,completed
1,714,566,11-23,+0.0%,+0.00%,0.5000,0,✓ Yes,completed
1,714,603,11-23,+0.0%,+0.00%,0.5000,0,✓ Yes,completed
1,714,640,11-23,+0.0%,+0.00%,0.5000,0,✓ Yes,completed
1,714,677,11-23,+0.0%,+0.00%,0.5000,0,✓ Yes,completed
1,714,714,11-23,+0.0%,+0.00%,0.5000,0,✓ Yes,completed
2,437,396,07-26,+10.0%,+58.05%,0.7903,12,✗ No,budget_exceeded
2,437,416,07-26,+10.0%,+54.76%,0.7738,14,✗ No,budget_exceeded
2,437,437,07-26,+10.0%,+53.55%,0.7678,18,✗ No,budget_exceeded
2,455,396,07-26,+10.0%,+53.41%,0.7671,13,✗ No,budget_exceeded
2,455,415,07-26,+10.0%,+51.43%,0.7571,14,✗ No,budget_exceeded
2,455,435,07-26,+10.0%,+36.31%,0.6815,16,✗ No,budget_exceeded
2,455,455,07-26,+10.0%,+30.30%,0.6515,25,✗ No,budget_exceeded
2,472,396,07-26,+10.0%,+30.38%,0.6519,14,✗ No,budget_exceeded
2,472,415,07-26,+10.0%,+29.71%,0.6486,14,✗ No,budget_exceeded
2,472,434,07-26,+10.0%,+27.84%,0.6392,15,✗ No,budget_exceeded
2,472,453,07-26,+10.0%,+26.60%,0.6330,16,✗ No,budget_exceeded
2,472,472,07-26,+9.4%,+6.47%,0.5324,23,✓ Yes,completed
2,490,396,07-26,+10.0%,+25.08%,0.6254,15,✗ No,budget_exceeded
2,490,415,07-26,+9.8%,+6.44%,0.5322,15,✓ Yes,completed
2,490,434,07-26,+9.2%,+6.35%,0.5318,15,✓ Yes,completed
2,490,452,07-26,+8.3%,+6.47%,0.5323,15,✓ Yes,completed
2,490,471,07-26,+7.4%,+6.00%,0.5300,15,✓ Yes,completed
2,490,490,07-26,+6.0%,+5.12%,0.5256,19,✓ Yes,completed
2,508,396,07-26,+5.8%,+4.71%,0.5235,8,✓ Yes,completed
2,508,414,07-26,+5.5%,+4.53%,0.5227,8,✓ Yes,completed
2,508,433,07-26,+5.2%,+4.33%,0.5217,8,✓ Yes,completed
2,508,452,07-26,+5.0%,+4.12%,0.5206,8,✓ Yes,completed
2,508,471,07-26,+4.6%,+3.93%,0.5197,8,✓ Yes,completed
2,508,489,07-26,+4.0%,+3.26%,0.5163,8,✓ Yes,completed
2,508,508,07-26,+3.3%,+2.66%,0.5133,13,✓ Yes,completed
2,526,396,07-26,+3.6%,+2.68%,0.5134,6,✓ Yes,completed
2,526,414,07-26,+3.4%,+2.59%,0.5130,6,✓ Yes,completed
2,526,433,07-26,+3.2%,+2.47%,0.5124,6,✓ Yes,completed
2,526,451,07-26,+3.0%,+2.42%,0.5121,6,✓ Yes,completed
2,526,470,07-26,+2.7%,+2.42%,0.5121,6,✓ Yes,completed
2,526,489,07-26,+2.5%,+2.30%,0.5115,6,✓ Yes,completed
2,526,507,07-26,+2.2%,+1.95%,0.5097,6,✓ Yes,completed
2,526,526,07-26,+1.7%,+1.59%,0.5079,8,✓ Yes,completed
2,544,396,07-26,+1.2%,+1.13%,0.5057,2,✓ Yes,completed
2,544,414,07-26,+1.1%,+1.12%,0.5056,2,✓ Yes,completed
2,544,433,07-26,+1.1%,+1.10%,0.5055,2,✓ Yes,completed
2,544,451,07-26,+1.0%,+1.07%,0.5053,2,✓ Yes,completed
2,544,470,07-26,+0.9%,+1.03%,0.5051,2,✓ Yes,completed
2,544,488,07-26,+0.8%,+0.98%,0.5049,2,✓ Yes,completed
2,544,507,07-26,+0.7%,+0.86%,0.5043,2,✓ Yes,completed
2,544,525,07-26,+0.7%,+0.80%,0.5040,2,✓ Yes,completed
2,544,544,07-26,+0.5%,+0.56%,0.5028,2,✓ Yes,completed
2,561,396,07-26,+0.5%,+0.51%,0.5025,1,✓ Yes,completed
2,561,414,07-26,+0.5%,+0.49%,0.5025,1,✓ Yes,completed
2,561,433,07-26,+0.5%,+0.48%,0.5024,1,✓ Yes,completed
2,561,451,07-26,+0.4%,+0.44%,0.5022,1,✓ Yes,completed
2,561,469,07-26,+0.4%,+0.40%,0.5020,1,✓ Yes,completed
2,561,488,07-26,+0.3%,+0.36%,0.5018,1,✓ Yes,completed
2,561,506,07-26,+0.3%,+0.31%,0.5016,1,✓ Yes,completed
2,561,525,07-26,+0.3%,+0.29%,0.5015,1,✓ Yes,completed
2,561,543,07-26,+0.2%,+0.22%,0.5011,1,✓ Yes,completed
2,561,561,07-26,+0.1%,+0.06%,0.5003,3,✓ Yes,completed
2,579,396,07-26,+0.0%,+0.00%,0.5000,0,✓ Yes,completed
2,579,414,07-26,+0.0%,+0.00%,0.5000,0,✓ Yes,completed
2,579,432,07-26,+0.0%,+0.00%,0.5000,0,✓ Yes,completed
2,579,451,07-26,+0.0%,+0.00%,0.5000,0,✓ Yes,completed
2,579,469,07-26,+0.0%,+0.00%,0.5000,0,✓ Yes,completed
2,579,487,07-26,+0.0%,+0.00%,0.5000,0,✓ Yes,completed
2,579,506,07-26,+0.0%,+0.00%,0.5000,0,✓ Yes,completed
2,579,524,07-26,+0.0%,+0.00%,0.5000,0,✓ Yes,completed
2,579,542,07-26,+0.0%,+0.00%,0.5000,0,✓ Yes,completed
2,579,561,07-26,+0.0%,+0.00%,0.5000,0,✓ Yes,completed
2,579,579,07-26,+0.0%,+0.00%,0.5000,0,✓ Yes,completed
2,597,396,07-26,+0.0%,+0.00%,0.5000,0,✓ Yes,completed
2,597,412,07-26,+0.0%,+0.00%,0.5000,0,✓ Yes,completed
2,597,429,07-26,+0.0%,+0.00%,0.5000,0,✓ Yes,completed
2,597,446,07-26,+0.0%,+0.00%,0.5000,0,✓ Yes,completed
2,597,463,07-26,+0.0%,+0.00%,0.5000,0,✓ Yes,completed
2,597,480,07-26,+0.0%,+0.00%,0.5000,0,✓ Yes,completed
2,597,496,07-26,+0.0%,+0.00%,0.5000,0,✓ Yes,completed
2,597,513,07-26,+0.0%,+0.00%,0.5000,0,✓ Yes,completed
2,597,530,07-26,+0.0%,+0.00%,0.5000,0,✓ Yes,completed
2,597,547,07-26,+0.0%,+0.00%,0.5000,0,✓ Yes,completed
2,597,563,07-26,+0.0%,+0.00%,0.5000,0,✓ Yes,completed
2,597,580,07-26,+0.0%,+0.00%,0.5000,0,✓ Yes,completed
2,597,597,07-26,+0.0%,+0.00%,0.5000,0,✓ Yes,completed
2,437,396,08-07,+10.0%,+74.22%,0.8711,12,✗ No,budget_exceeded
2,437,416,08-07,+10.0%,+71.67%,0.8584,13,✗ No,budget_exceeded
2,437,437,08-07,+10.0%,+64.49%,0.8225,18,✗ No,budget_exceeded
2,455,396,08-07,+10.0%,+57.13%,0.7856,14,✗ No,budget_exceeded
2,455,415,08-07,+10.0%,+56.36%,0.7818,14,✗ No,budget_exceeded
2,455,435,08-07,+10.0%,+51.53%,0.7577,15,✗ No,budget_exceeded
2,455,455,08-07,+10.0%,+48.83%,0.7442,24,✗ No,budget_exceeded
2,472,396,08-07,+10.0%,+48.67%,0.7433,13,✗ No,budget_exceeded
2,472,415,08-07,+10.0%,+48.15%,0.7407,13,✗ No,budget_exceeded
2,472,434,08-07,+10.0%,+46.44%,0.7322,14,✗ No,budget_exceeded
2,472,453,08-07,+10.0%,+18.33%,0.5917,17,✗ No,budget_exceeded
2,472,472,08-07,+10.0%,+15.96%,0.5798,23,✗ No,budget_exceeded
2,490,396,08-07,+10.0%,+17.40%,0.5870,14,✗ No,budget_exceeded
2,490,415,08-07,+10.0%,+16.06%,0.5803,15,✗ No,budget_exceeded
2,490,434,08-07,+10.0%,+15.31%,0.5766,15,✗ No,budget_exceeded
2,490,452,08-07,+10.0%,+13.09%,0.5655,16,✗ No,budget_exceeded
2,490,471,08-07,+10.0%,+11.03%,0.5551,17,✗ No,budget_exceeded
2,490,490,08-07,+8.0%,+3.71%,0.5185,23,✓ Yes,completed
2,508,396,08-07,+8.7%,+4.05%,0.5202,12,✓ Yes,completed
2,508,414,08-07,+8.3%,+3.72%,0.5186,12,✓ Yes,completed
2,508,433,08-07,+7.8%,+3.30%,0.5165,12,✓ Yes,completed
2,508,452,08-07,+6.7%,+2.27%,0.5113,12,✓ Yes,completed
2,508,471,08-07,+6.2%,+1.86%,0.5093,12,✓ Yes,completed
2,508,489,08-07,+5.3%,+1.12%,0.5056,12,✓ Yes,completed
2,508,508,08-07,+4.0%,+0.48%,0.5024,20,✓ Yes,completed
2,526,396,08-07,+4.3%,+0.49%,0.5025,8,✓ Yes,completed
2,526,414,08-07,+4.1%,+0.36%,0.5018,8,✓ Yes,completed
2,526,433,08-07,+3.8%,+0.33%,0.5017,8,✓ Yes,completed
2,526,451,08-07,+3.5%,+0.40%,0.5020,8,✓ Yes,completed
2,526,470,08-07,+3.2%,+0.43%,0.5022,8,✓ Yes,completed
2,526,489,08-07,+2.9%,+0.47%,0.5024,8,✓ Yes,completed
2,526,507,08-07,+2.4%,+0.41%,0.5021,8,✓ Yes,completed
2,526,526,08-07,+1.8%,+0.21%,0.5011,11,✓ Yes,completed
2,544,396,08-07,+1.2%,+0.20%,0.5010,2,✓ Yes,completed
2,544,414,08-07,+1.1%,+0.21%,0.5011,2,✓ Yes,completed
2,544,433,08-07,+1.1%,+0.23%,0.5011,2,✓ Yes,completed
2,544,451,08-07,+1.0%,+0.25%,0.5012,2,✓ Yes,completed
2,544,470,08-07,+0.9%,+0.26%,0.5013,2,✓ Yes,completed
2,544,488,08-07,+0.8%,+0.28%,0.5014,2,✓ Yes,completed
2,544,507,08-07,+0.7%,+0.27%,0.5014,2,✓ Yes,completed
2,544,525,08-07,+0.7%,+0.26%,0.5013,2,✓ Yes,completed
2,544,544,08-07,+0.5%,+0.15%,0.5008,2,✓ Yes,completed
2,561,396,08-07,+0.5%,+0.10%,0.5005,1,✓ Yes,completed
2,561,414,08-07,+0.5%,+0.10%,0.5005,1,✓ Yes,completed
2,561,433,08-07,+0.5%,+0.10%,0.5005,1,✓ Yes,completed
2,561,451,08-07,+0.4%,+0.08%,0.5004,1,✓ Yes,completed
2,561,469,08-07,+0.4%,+0.07%,0.5004,1,✓ Yes,completed
2,561,488,08-07,+0.3%,+0.06%,0.5003,1,✓ Yes,completed
2,561,506,08-07,+0.3%,+0.05%,0.5002,1,✓ Yes,completed
2,561,525,08-07,+0.3%,+0.04%,0.5002,1,✓ Yes,completed
2,561,543,08-07,+0.2%,+0.03%,0.5001,1,✓ Yes,completed
2,561,561,08-07,+0.1%,-0.01%,0.5000,3,✓ Yes,completed
2,579,396,08-07,+0.0%,+0.00%,0.5000,0,✓ Yes,completed
2,579,414,08-07,+0.0%,+0.00%,0.5000,0,✓ Yes,completed
2,579,432,08-07,+0.0%,+0.00%,0.5000,0,✓ Yes,completed
2,579,451,08-07,+0.0%,+0.00%,0.5000,0,✓ Yes,completed
2,579,469,08-07,+0.0%,+0.00%,0.5000,0,✓ Yes,completed
2,579,487,08-07,+0.0%,+0.00%,0.5000,0,✓ Yes,completed
2,579,506,08-07,+0.0%,+0.00%,0.5000,0,✓ Yes,completed
2,579,524,08-07,+0.0%,+0.00%,0.5000,0,✓ Yes,completed
2,579,542,08-07,+0.0%,+0.00%,0.5000,0,✓ Yes,completed
2,579,561,08-07,+0.0%,+0.00%,0.5000,0,✓ Yes,completed
2,579,579,08-07,+0.0%,+0.00%,0.5000,0,✓ Yes,completed
2,597,396,08-07,+0.0%,+0.00%,0.5000,0,✓ Yes,completed
2,597,412,08-07,+0.0%,+0.00%,0.5000,0,✓ Yes,completed
2,597,429,08-07,+0.0%,+0.00%,0.5000,0,✓ Yes,completed
2,597,446,08-07,+0.0%,+0.00%,0.5000,0,✓ Yes,completed
2,597,463,08-07,+0.0%,+0.00%,0.5000,0,✓ Yes,completed
2,597,480,08-07,+0.0%,+0.00%,0.5000,0,✓ Yes,completed
2,597,496,08-07,+0.0%,+0.00%,0.5000,0,✓ Yes,completed
2,597,513,08-07,+0.0%,+0.00%,0.5000,0,✓ Yes,completed
2,597,530,08-07,+0.0%,+0.00%,0.5000,0,✓ Yes,completed
2,597,547,08-07,+0.0%,+0.00%,0.5000,0,✓ Yes,completed
2,597,563,08-07,+0.0%,+0.00%,0.5000,0,✓ Yes,completed
2,597,580,08-07,+0.0%,+0.00%,0.5000,0,✓ Yes,completed
2,597,597,08-07,+0.0%,+0.00%,0.5000,0,✓ Yes,completed
2,437,396,08-19,+10.0%,+73.20%,0.8660,12,✗ No,budget_exceeded
2,437,416,08-19,+10.0%,+70.68%,0.8534,13,✗ No,budget_exceeded
2,437,437,08-19,+10.0%,+53.33%,0.7666,19,✗ No,budget_exceeded
2,455,396,08-19,+10.0%,+43.89%,0.7194,13,✗ No,budget_exceeded
2,455,415,08-19,+10.0%,+42.47%,0.7123,14,✗ No,budget_exceeded
2,455,435,08-19,+10.0%,+41.69%,0.7085,14,✗ No,budget_exceeded
2,455,455,08-19,+10.0%,+39.77%,0.6988,19,✗ No,budget_exceeded
2,472,396,08-19,+10.0%,+39.52%,0.6976,13,✗ No,budget_exceeded
2,472,415,08-19,+10.0%,+38.91%,0.6945,13,✗ No,budget_exceeded
2,472,434,08-19,+10.0%,+37.40%,0.6870,14,✗ No,budget_exceeded
2,472,453,08-19,+10.0%,+36.61%,0.6831,14,✗ No,budget_exceeded
2,472,472,08-19,+10.0%,+28.36%,0.6418,20,✗ No,budget_exceeded
2,490,396,08-19,+10.0%,+35.25%,0.6762,13,✗ No,budget_exceeded
2,490,415,08-19,+10.0%,+34.69%,0.6734,13,✗ No,budget_exceeded
2,490,434,08-19,+10.0%,+34.04%,0.6702,13,✗ No,budget_exceeded
2,490,452,08-19,+10.0%,+25.37%,0.6268,15,✗ No,budget_exceeded
2,490,471,08-19,+10.0%,+23.50%,0.6175,16,✗ No,budget_exceeded
2,490,490,08-19,+10.0%,+13.17%,0.5659,23,✗ No,budget_exceeded
2,508,396,08-19,+10.0%,+22.16%,0.6108,14,✗ No,budget_exceeded
2,508,414,08-19,+10.0%,+21.42%,0.6071,14,✗ No,budget_exceeded
2,508,433,08-19,+10.0%,+13.56%,0.5678,16,✗ No,budget_exceeded
2,508,452,08-19,+10.0%,+11.16%,0.5558,17,✗ No,budget_exceeded
2,508,471,08-19,+10.0%,+9.88%,0.5494,17,✗ No,budget_exceeded
2,508,489,08-19,+10.0%,+7.34%,0.5367,18,✗ No,budget_exceeded
2,508,508,08-19,+8.9%,-0.02%,0.4999,31,✓ Yes,completed
2,526,396,08-19,+10.0%,+7.40%,0.5370,11,✗ No,budget_exceeded
2,526,414,08-19,+10.0%,+6.19%,0.5310,12,✗ No,budget_exceeded
2,526,433,08-19,+10.0%,+5.61%,0.5280,12,✗ No,budget_exceeded
2,526,451,08-19,+8.8%,-0.15%,0.4992,13,✓ Yes,completed
2,526,470,08-19,+8.2%,-0.04%,0.4998,13,✓ Yes,completed
2,526,489,08-19,+7.5%,-0.09%,0.4996,13,✓ Yes,completed
2,526,507,08-19,+6.6%,-0.01%,0.5000,13,✓ Yes,completed
2,526,526,08-19,+4.3%,+0.20%,0.5010,16,✓ Yes,completed
2,544,396,08-19,+9.0%,-0.55%,0.4972,4,✓ Yes,completed
2,544,414,08-19,+8.1%,-0.41%,0.4980,5,✓ Yes,completed
2,544,433,08-19,+7.9%,-0.40%,0.4980,5,✓ Yes,completed
2,544,451,08-19,+4.1%,+0.05%,0.5002,5,✓ Yes,completed
2,544,470,08-19,+2.9%,+0.22%,0.5011,4,✓ Yes,completed
2,544,488,08-19,+2.7%,+0.27%,0.5014,4,✓ Yes,completed
2,544,507,08-19,+2.5%,+0.30%,0.5015,4,✓ Yes,completed
2,544,525,08-19,+2.3%,+0.29%,0.5014,4,✓ Yes,completed
2,544,544,08-19,+2.0%,+0.28%,0.5014,4,✓ Yes,completed
2,561,396,08-19,+7.9%,-0.61%,0.4969,3,✓ Yes,completed
2,561,414,08-19,+4.2%,-0.10%,0.4995,3,✓ Yes,completed
2,561,433,08-19,+4.1%,-0.09%,0.4995,3,✓ Yes,completed
2,561,451,08-19,+1.1%,+0.35%,0.5017,2,✓ Yes,completed
2,561,469,08-19,+1.0%,+0.39%,0.5020,2,✓ Yes,completed
2,561,488,08-19,+0.9%,+0.42%,0.5021,2,✓ Yes,completed
2,561,506,08-19,+0.8%,+0.43%,0.5021,2,✓ Yes,completed
2,561,525,08-19,+0.7%,+0.41%,0.5021,2,✓ Yes,completed
2,561,543,08-19,+0.6%,+0.36%,0.5018,2,✓ Yes,completed
2,561,561,08-19,+0.2%,+0.07%,0.5003,4,✓ Yes,completed
2,579,396,08-19,+0.0%,+0.00%,0.5000,0,✓ Yes,completed
2,579,414,08-19,+0.0%,+0.00%,0.5000,0,✓ Yes,completed
2,579,432,08-19,+0.0%,+0.00%,0.5000,0,✓ Yes,completed
2,579,451,08-19,+0.0%,+0.00%,0.5000,0,✓ Yes,completed
2,579,469,08-19,+0.0%,+0.00%,0.5000,0,✓ Yes,completed
2,579,487,08-19,+0.0%,+0.00%,0.5000,0,✓ Yes,completed
2,579,506,08-19,+0.0%,+0.00%,0.5000,0,✓ Yes,completed
2,579,524,08-19,+0.0%,+0.00%,0.5000,0,✓ Yes,completed
2,579,542,08-19,+0.0%,+0.00%,0.5000,0,✓ Yes,completed
2,579,561,08-19,+0.0%,+0.00%,0.5000,0,✓ Yes,completed
2,579,579,08-19,+0.0%,+0.00%,0.5000,0,✓ Yes,completed
2,597,396,08-19,+0.0%,+0.00%,0.5000,0,✓ Yes,completed
2,597,412,08-19,+0.0%,+0.00%,0.5000,0,✓ Yes,completed
2,597,429,08-19,+0.0%,+0.00%,0.5000,0,✓ Yes,completed
2,597,446,08-19,+0.0%,+0.00%,0.5000,0,✓ Yes,completed
2,597,463,08-19,+0.0%,+0.00%,0.5000,0,✓ Yes,completed
2,597,480,08-19,+0.0%,+0.00%,0.5000,0,✓ Yes,completed
2,597,496,08-19,+0.0%,+0.00%,0.5000,0,✓ Yes,completed
2,597,513,08-19,+0.0%,+0.00%,0.5000,0,✓ Yes,completed
2,597,530,08-19,+0.0%,+0.00%,0.5000,0,✓ Yes,completed
2,597,547,08-19,+0.0%,+0.00%,0.5000,0,✓ Yes,completed
2,597,563,08-19,+0.0%,+0.00%,0.5000,0,✓ Yes,completed
2,597,580,08-19,+0.0%,+0.00%,0.5000,0,✓ Yes,completed
2,597,597,08-19,+0.0%,+0.00%,0.5000,0,✓ Yes,completed
2,437,396,08-31,+10.0%,+62.56%,0.8128,12,✗ No,budget_exceeded
2,437,416,08-31,+10.0%,+61.79%,0.8090,12,✗ No,budget_exceeded
2,437,437,08-31,+10.0%,+60.24%,0.8012,17,✗ No,budget_exceeded
2,455,396,08-31,+10.0%,+59.21%,0.7961,11,✗ No,budget_exceeded
2,455,415,08-31,+10.0%,+58.05%,0.7903,12,✗ No,budget_exceeded
2,455,435,08-31,+10.0%,+53.16%,0.7658,13,✗ No,budget_exceeded
2,455,455,08-31,+10.0%,+50.90%,0.7545,19,✗ No,budget_exceeded
2,472,396,08-31,+10.0%,+51.01%,0.7551,11,✗ No,budget_exceeded
2,472,415,08-31,+10.0%,+50.42%,0.7521,11,✗ No,budget_exceeded
2,472,434,08-31,+10.0%,+49.88%,0.7494,11,✗ No,budget_exceeded
2,472,453,08-31,+10.0%,+48.18%,0.7409,13,✗ No,budget_exceeded
2,472,472,08-31,+10.0%,+41.77%,0.7088,16,✗ No,budget_exceeded
2,490,396,08-31,+10.0%,+48.69%,0.7434,11,✗ No,budget_exceeded
2,490,415,08-31,+10.0%,+48.07%,0.7404,11,✗ No,budget_exceeded
2,490,434,08-31,+10.0%,+47.53%,0.7376,11,✗ No,budget_exceeded
2,490,452,08-31,+10.0%,+39.49%,0.6974,13,✗ No,budget_exceeded
2,490,471,08-31,+10.0%,+38.42%,0.6921,13,✗ No,budget_exceeded
2,490,490,08-31,+10.0%,+34.53%,0.6726,21,✗ No,budget_exceeded
2,508,396,08-31,+10.0%,+37.80%,0.6890,12,✗ No,budget_exceeded
2,508,414,08-31,+10.0%,+37.10%,0.6855,12,✗ No,budget_exceeded
2,508,433,08-31,+10.0%,+36.44%,0.6822,12,✗ No,budget_exceeded
2,508,452,08-31,+10.0%,+33.67%,0.6683,14,✗ No,budget_exceeded
2,508,471,08-31,+10.0%,+32.53%,0.6627,14,✗ No,budget_exceeded
2,508,489,08-31,+10.0%,+23.77%,0.6189,17,✗ No,budget_exceeded
2,508,508,08-31,+8.4%,+8.87%,0.5443,30,✓ Yes,completed
2,526,396,08-31,+10.0%,+31.12%,0.6556,8,✗ No,budget_exceeded
2,526,414,08-31,+10.0%,+30.07%,0.6504,9,✗ No,budget_exceeded
2,526,433,08-31,+10.0%,+29.69%,0.6485,9,✗ No,budget_exceeded
2,526,451,08-31,+8.3%,+8.68%,0.5434,13,✓ Yes,completed
2,526,470,08-31,+7.7%,+8.18%,0.5409,13,✓ Yes,completed
2,526,489,08-31,+7.1%,+7.65%,0.5382,13,✓ Yes,completed
2,526,507,08-31,+6.2%,+6.94%,0.5347,13,✓ Yes,completed
2,526,526,08-31,+5.0%,+5.72%,0.5286,16,✓ Yes,completed
2,544,396,08-31,+8.7%,+8.63%,0.5431,4,✓ Yes,completed
2,544,414,08-31,+7.9%,+8.01%,0.5400,5,✓ Yes,completed
2,544,433,08-31,+7.7%,+7.87%,0.5394,5,✓ Yes,completed
2,544,451,08-31,+5.1%,+5.64%,0.5282,6,✓ Yes,completed
2,544,470,08-31,+4.7%,+5.34%,0.5267,6,✓ Yes,completed
2,544,488,08-31,+4.4%,+5.03%,0.5251,6,✓ Yes,completed
2,544,507,08-31,+4.0%,+4.63%,0.5231,6,✓ Yes,completed
2,544,525,08-31,+3.5%,+4.05%,0.5203,6,✓ Yes,completed
2,544,544,08-31,+3.0%,+3.47%,0.5174,7,✓ Yes,completed
2,561,396,08-31,+7.5%,+7.49%,0.5375,2,✓ Yes,completed
2,561,414,08-31,+6.6%,+6.78%,0.5339,3,✓ Yes,completed
2,561,433,08-31,+6.4%,+6.70%,0.5335,3,✓ Yes,completed
2,561,451,08-31,+2.9%,+3.29%,0.5165,3,✓ Yes,completed
2,561,469,08-31,+2.7%,+3.11%,0.5156,3,✓ Yes,completed
2,561,488,08-31,+2.5%,+2.96%,0.5148,3,✓ Yes,completed
2,561,506,08-31,+2.4%,+2.79%,0.5140,3,✓ Yes,completed
2,561,525,08-31,+2.2%,+2.56%,0.5128,3,✓ Yes,completed
2,561,543,08-31,+2.0%,+2.36%,0.5118,3,✓ Yes,completed
2,561,561,08-31,+1.5%,+1.73%,0.5087,6,✓ Yes,completed
2,579,396,08-31,+6.2%,+6.27%,0.5314,1,✓ Yes,completed
2,579,414,08-31,+5.3%,+5.45%,0.5273,2,✓ Yes,completed
2,579,432,08-31,+5.2%,+5.36%,0.5268,2,✓ Yes,completed
2,579,451,08-31,+1.7%,+1.86%,0.5093,2,✓ Yes,completed
2,579,469,08-31,+1.5%,+1.74%,0.5087,2,✓ Yes,completed
2,579,487,08-31,+1.4%,+1.66%,0.5083,2,✓ Yes,completed
2,579,506,08-31,+1.4%,+1.58%,0.5079,2,✓ Yes,completed
2,579,524,08-31,+1.2%,+1.41%,0.5071,2,✓ Yes,completed
2,579,542,08-31,+1.1%,+1.27%,0.5064,2,✓ Yes,completed
2,579,561,08-31,+0.8%,+1.03%,0.5052,2,✓ Yes,completed
2,579,579,08-31,+0.8%,+0.96%,0.5048,2,✓ Yes,completed
2,597,396,08-31,+0.0%,+0.00%,0.5000,0,✓ Yes,completed
2,597,412,08-31,+0.0%,+0.00%,0.5000,0,✓ Yes,completed
2,597,429,08-31,+0.0%,+0.00%,0.5000,0,✓ Yes,completed
2,597,446,08-31,+0.0%,+0.00%,0.5000,0,✓ Yes,completed
2,597,463,08-31,+0.0%,+0.00%,0.5000,0,✓ Yes,completed
2,597,480,08-31,+0.0%,+0.00%,0.5000,0,✓ Yes,completed
2,597,496,08-31,+0.0%,+0.00%,0.5000,0,✓ Yes,completed
2,597,513,08-31,+0.0%,+0.00%,0.5000,0,✓ Yes,completed
2,597,530,08-31,+0.0%,+0.00%,0.5000,0,✓ Yes,completed
2,597,547,08-31,+0.0%,+0.00%,0.5000,0,✓ Yes,completed
2,597,563,08-31,+0.0%,+0.00%,0.5000,0,✓ Yes,completed
2,597,580,08-31,+0.0%,+0.00%,0.5000,0,✓ Yes,completed
2,597,597,08-31,+0.0%,+0.00%,0.5000,0,✓ Yes,completed
2,437,396,09-12,+10.0%,+68.14%,0.8407,10,✗ No,budget_exceeded
2,437,416,09-12,+10.0%,+67.55%,0.8377,10,✗ No,budget_exceeded
2,437,437,09-12,+10.0%,+66.91%,0.8346,13,✗ No,budget_exceeded
2,455,396,09-12,+10.0%,+67.21%,0.8361,10,✗ No,budget_exceeded
2,455,415,09-12,+10.0%,+66.64%,0.8332,10,✗ No,budget_exceeded
2,455,435,09-12,+10.0%,+60.78%,0.8039,11,✗ No,budget_exceeded
2,455,455,09-12,+10.0%,+57.72%,0.7886,17,✗ No,budget_exceeded
2,472,396,09-12,+10.0%,+58.29%,0.7914,10,✗ No,budget_exceeded
2,472,415,09-12,+10.0%,+57.62%,0.7881,10,✗ No,budget_exceeded
2,472,434,09-12,+10.0%,+56.95%,0.7847,10,✗ No,budget_exceeded
2,472,453,09-12,+10.0%,+55.35%,0.7768,12,✗ No,budget_exceeded
2,472,472,09-12,+10.0%,+53.28%,0.7664,16,✗ No,budget_exceeded
2,490,396,09-12,+10.0%,+56.45%,0.7823,9,✗ No,budget_exceeded
2,490,415,09-12,+10.0%,+55.85%,0.7792,9,✗ No,budget_exceeded
2,490,434,09-12,+10.0%,+55.27%,0.7763,9,✗ No,budget_exceeded
2,490,452,09-12,+10.0%,+52.56%,0.7628,11,✗ No,budget_exceeded
2,490,471,09-12,+10.0%,+51.46%,0.7573,11,✗ No,budget_exceeded
2,490,490,09-12,+10.0%,+42.92%,0.7146,24,✗ No,budget_exceeded
2,508,396,09-12,+10.0%,+53.02%,0.7651,9,✗ No,budget_exceeded
2,508,414,09-12,+10.0%,+51.81%,0.7590,10,✗ No,budget_exceeded
2,508,433,09-12,+10.0%,+51.14%,0.7557,10,✗ No,budget_exceeded
2,508,452,09-12,+10.0%,+48.35%,0.7418,12,✗ No,budget_exceeded
2,508,471,09-12,+10.0%,+34.16%,0.6708,15,✗ No,budget_exceeded
2,508,489,09-12,+10.0%,+8.14%,0.5407,18,✗ No,budget_exceeded
2,508,508,09-12,+10.0%,+4.34%,0.5217,27,✗ No,budget_exceeded
2,526,396,09-12,+10.0%,+41.31%,0.7065,7,✗ No,budget_exceeded
2,526,414,09-12,+10.0%,+9.06%,0.5453,10,✗ No,budget_exceeded
2,526,433,09-12,+10.0%,+8.59%,0.5430,10,✗ No,budget_exceeded
2,526,451,09-12,+10.0%,+4.30%,0.5215,11,✗ No,budget_exceeded
2,526,470,09-12,+10.0%,+3.44%,0.5172,11,✗ No,budget_exceeded
2,526,489,09-12,+10.0%,+2.59%,0.5130,11,✗ No,budget_exceeded
2,526,507,09-12,+9.7%,+0.32%,0.5016,13,✓ Yes,completed
2,526,526,09-12,+4.1%,+1.10%,0.5055,13,✓ Yes,completed
2,544,396,09-12,+10.0%,+5.54%,0.5277,4,✗ No,budget_exceeded
2,544,414,09-12,+10.0%,+4.22%,0.5211,5,✗ No,budget_exceeded
2,544,433,09-12,+10.0%,+3.99%,0.5200,5,✗ No,budget_exceeded
2,544,451,09-12,+4.6%,+0.96%,0.5048,5,✓ Yes,completed
2,544,470,09-12,+4.3%,+1.06%,0.5053,5,✓ Yes,completed
2,544,488,09-12,+4.0%,+1.07%,0.5053,5,✓ Yes,completed
2,544,507,09-12,+3.7%,+1.10%,0.5055,5,✓ Yes,completed
2,544,525,09-12,+3.2%,+1.12%,0.5056,5,✓ Yes,completed
2,544,544,09-12,+2.8%,+1.08%,0.5054,6,✓ Yes,completed
2,561,396,09-12,+10.0%,+4.17%,0.5208,3,✗ No,budget_exceeded
2,561,414,09-12,+10.0%,+2.74%,0.5137,4,✗ No,budget_exceeded
2,561,433,09-12,+10.0%,+2.54%,0.5127,4,✗ No,budget_exceeded
2,561,451,09-12,+2.9%,+0.95%,0.5048,3,✓ Yes,completed
2,561,469,09-12,+2.7%,+0.99%,0.5049,3,✓ Yes,completed
2,561,488,09-12,+2.5%,+1.02%,0.5051,3,✓ Yes,completed
2,561,506,09-12,+2.4%,+1.00%,0.5050,3,✓ Yes,completed
2,561,525,09-12,+2.2%,+0.93%,0.5047,3,✓ Yes,completed
2,561,543,09-12,+2.0%,+0.91%,0.5046,3,✓ Yes,completed
2,561,561,09-12,+1.5%,+0.78%,0.5039,6,✓ Yes,completed
2,579,396,09-12,+10.0%,+1.45%,0.5073,2,✗ No,budget_exceeded
2,579,414,09-12,+10.0%,-0.00%,0.5000,3,✗ No,budget_exceeded
2,579,432,09-12,+10.0%,-0.17%,0.4992,3,✗ No,budget_exceeded
2,579,451,09-12,+1.7%,+0.73%,0.5037,2,✓ Yes,completed
2,579,469,09-12,+1.5%,+0.73%,0.5036,2,✓ Yes,completed
2,579,487,09-12,+1.4%,+0.71%,0.5036,2,✓ Yes,completed
2,579,506,09-12,+1.4%,+0.70%,0.5035,2,✓ Yes,completed
2,579,524,09-12,+1.2%,+0.66%,0.5033,2,✓ Yes,completed
2,579,542,09-12,+1.1%,+0.63%,0.5031,2,✓ Yes,completed
2,579,561,09-12,+0.8%,+0.58%,0.5029,2,✓ Yes,completed
2,579,579,09-12,+0.8%,+0.57%,0.5028,2,✓ Yes,completed
2,597,396,09-12,+0.0%,+0.00%,0.5000,0,✓ Yes,completed
2,597,412,09-12,+0.0%,+0.00%,0.5000,0,✓ Yes,completed
2,597,429,09-12,+0.0%,+0.00%,0.5000,0,✓ Yes,completed
2,597,446,09-12,+0.0%,+0.00%,0.5000,0,✓ Yes,completed
2,597,463,09-12,+0.0%,+0.00%,0.5000,0,✓ Yes,completed
2,597,480,09-12,+0.0%,+0.00%,0.5000,0,✓ Yes,completed
2,597,496,09-12,+0.0%,+0.00%,0.5000,0,✓ Yes,completed
2,597,513,09-12,+0.0%,+0.00%,0.5000,0,✓ Yes,completed
2,597,530,09-12,+0.0%,+0.00%,0.5000,0,✓ Yes,completed
2,597,547,09-12,+0.0%,+0.00%,0.5000,0,✓ Yes,completed
2,597,563,09-12,+0.0%,+0.00%,0.5000,0,✓ Yes,completed
2,597,580,09-12,+0.0%,+0.00%,0.5000,0,✓ Yes,completed
2,597,597,09-12,+0.0%,+0.00%,0.5000,0,✓ Yes,completed
2,437,396,09-24,+10.0%,+85.69%,0.9285,9,✗ No,budget_exceeded
2,437,416,09-24,+10.0%,+85.22%,0.9261,9,✗ No,budget_exceeded
2,437,437,09-24,+10.0%,+80.35%,0.9018,14,✗ No,budget_exceeded
2,455,396,09-24,+10.0%,+80.47%,0.9023,10,✗ No,budget_exceeded
2,455,415,09-24,+10.0%,+79.95%,0.8997,10,✗ No,budget_exceeded
2,455,435,09-24,+10.0%,+78.25%,0.8912,11,✗ No,budget_exceeded
2,455,455,09-24,+10.0%,+76.88%,0.8844,15,✗ No,budget_exceeded
2,472,396,09-24,+10.0%,+77.39%,0.8870,9,✗ No,budget_exceeded
2,472,415,09-24,+10.0%,+76.86%,0.8843,9,✗ No,budget_exceeded
2,472,434,09-24,+10.0%,+76.33%,0.8817,9,✗ No,budget_exceeded
2,472,453,09-24,+10.0%,+75.01%,0.8750,11,✗ No,budget_exceeded
2,472,472,09-24,+10.0%,+73.42%,0.8671,13,✗ No,budget_exceeded
2,490,396,09-24,+10.0%,+76.47%,0.8824,9,✗ No,budget_exceeded
2,490,415,09-24,+10.0%,+75.94%,0.8797,9,✗ No,budget_exceeded
2,490,434,09-24,+10.0%,+75.43%,0.8772,9,✗ No,budget_exceeded
2,490,452,09-24,+10.0%,+73.07%,0.8653,11,✗ No,budget_exceeded
2,490,471,09-24,+10.0%,+72.11%,0.8605,11,✗ No,budget_exceeded
2,490,490,09-24,+10.0%,+64.65%,0.8233,24,✗ No,budget_exceeded
2,508,396,09-24,+10.0%,+73.47%,0.8674,9,✗ No,budget_exceeded
2,508,414,09-24,+10.0%,+72.42%,0.8621,10,✗ No,budget_exceeded
2,508,433,09-24,+10.0%,+71.83%,0.8591,10,✗ No,budget_exceeded
2,508,452,09-24,+10.0%,+69.40%,0.8470,12,✗ No,budget_exceeded
2,508,471,09-24,+10.0%,+57.00%,0.7850,15,✗ No,budget_exceeded
2,508,489,09-24,+10.0%,+34.28%,0.6714,18,✗ No,budget_exceeded
2,508,508,09-24,+10.0%,+30.96%,0.6548,27,✗ No,budget_exceeded
2,526,396,09-24,+10.0%,+63.24%,0.8162,7,✗ No,budget_exceeded
2,526,414,09-24,+10.0%,+35.08%,0.6754,10,✗ No,budget_exceeded
2,526,433,09-24,+10.0%,+34.67%,0.6734,10,✗ No,budget_exceeded
2,526,451,09-24,+10.0%,+30.92%,0.6546,11,✗ No,budget_exceeded
2,526,470,09-24,+10.0%,+30.17%,0.6509,11,✗ No,budget_exceeded
2,526,489,09-24,+10.0%,+29.43%,0.6471,11,✗ No,budget_exceeded
2,526,507,09-24,+10.0%,+5.96%,0.5298,14,✗ No,budget_exceeded
2,526,526,09-24,+9.8%,+1.93%,0.5096,20,✓ Yes,completed
2,544,396,09-24,+10.0%,+32.01%,0.6600,4,✗ No,budget_exceeded
2,544,414,09-24,+10.0%,+30.85%,0.6542,5,✗ No,budget_exceeded
2,544,433,09-24,+10.0%,+30.65%,0.6533,5,✗ No,budget_exceeded
2,544,451,09-24,+10.0%,+5.20%,0.5260,7,✗ No,budget_exceeded
2,544,470,09-24,+10.0%,+4.60%,0.5230,7,✗ No,budget_exceeded
2,544,488,09-24,+10.0%,+3.51%,0.5175,8,✗ No,budget_exceeded
2,544,507,09-24,+9.2%,+1.67%,0.5084,10,✓ Yes,completed
2,544,525,09-24,+6.9%,+1.87%,0.5093,9,✓ Yes,completed
2,544,544,09-24,+6.0%,+1.88%,0.5094,10,✓ Yes,completed
2,561,396,09-24,+10.0%,+30.81%,0.6540,3,✗ No,budget_exceeded
2,561,414,09-24,+10.0%,+29.56%,0.6478,4,✗ No,budget_exceeded
2,561,433,09-24,+10.0%,+29.38%,0.6469,4,✗ No,budget_exceeded
2,561,451,09-24,+7.8%,+1.54%,0.5077,4,✓ Yes,completed
2,561,469,09-24,+7.5%,+1.63%,0.5081,4,✓ Yes,completed
2,561,488,09-24,+7.2%,+1.71%,0.5086,4,✓ Yes,completed
2,561,506,09-24,+6.3%,+1.85%,0.5092,6,✓ Yes,completed
2,561,525,09-24,+5.5%,+1.80%,0.5090,6,✓ Yes,completed
2,561,543,09-24,+4.9%,+1.71%,0.5086,6,✓ Yes,completed
2,561,561,09-24,+3.8%,+1.44%,0.5072,14,✓ Yes,completed
2,579,396,09-24,+10.0%,+28.43%,0.6422,2,✗ No,budget_exceeded
2,579,414,09-24,+10.0%,+27.17%,0.6358,3,✗ No,budget_exceeded
2,579,432,09-24,+10.0%,+27.02%,0.6351,3,✗ No,budget_exceeded
2,579,451,09-24,+6.4%,+1.64%,0.5082,3,✓ Yes,completed
2,579,469,09-24,+6.1%,+1.68%,0.5084,3,✓ Yes,completed
2,579,487,09-24,+5.9%,+1.69%,0.5084,3,✓ Yes,completed
2,579,506,09-24,+3.5%,+1.29%,0.5065,4,✓ Yes,completed
2,579,524,09-24,+3.1%,+1.23%,0.5061,4,✓ Yes,completed
2,579,542,09-24,+2.8%,+1.19%,0.5059,4,✓ Yes,completed
2,579,561,09-24,+2.5%,+1.11%,0.5055,4,✓ Yes,completed
2,579,579,09-24,+1.9%,+0.88%,0.5044,5,✓ Yes,completed
2,597,396,09-24,+3.7%,+0.93%,0.5047,1,✓ Yes,completed
2,597,412,09-24,+3.6%,+0.95%,0.5047,1,✓ Yes,completed
2,597,429,09-24,+3.6%,+0.95%,0.5047,1,✓ Yes,completed
2,597,446,09-24,+3.5%,+0.95%,0.5047,1,✓ Yes,completed
2,597,463,09-24,+2.8%,+0.93%,0.5046,1,✓ Yes,completed
2,597,480,09-24,+2.6%,+0.93%,0.5046,1,✓ Yes,completed
2,597,496,09-24,+2.5%,+0.92%,0.5046,1,✓ Yes,completed
2,597,513,09-24,+0.9%,+0.32%,0.5016,1,✓ Yes,completed
2,597,530,09-24,+0.8%,+0.31%,0.5015,1,✓ Yes,completed
2,597,547,09-24,+0.8%,+0.29%,0.5014,1,✓ Yes,completed
2,597,563,09-24,+0.7%,+0.27%,0.5013,1,✓ Yes,completed
2,597,580,09-24,+0.3%,+0.08%,0.5004,1,✓ Yes,completed
2,597,597,09-24,+0.0%,+0.01%,0.5001,1,✓ Yes,completed
2,437,396,10-06,+10.0%,+92.62%,0.9631,6,✗ No,budget_exceeded
2,437,416,10-06,+10.0%,+91.68%,0.9584,7,✗ No,budget_exceeded
2,437,437,10-06,+10.0%,+91.14%,0.9557,7,✗ No,budget_exceeded
2,455,396,10-06,+10.0%,+91.77%,0.9589,5,✗ No,budget_exceeded
2,455,415,10-06,+10.0%,+91.01%,0.9551,6,✗ No,budget_exceeded
2,455,435,10-06,+10.0%,+90.68%,0.9534,6,✗ No,budget_exceeded
2,455,455,10-06,+10.0%,+89.89%,0.9495,10,✗ No,budget_exceeded
2,472,396,10-06,+10.0%,+91.39%,0.9570,5,✗ No,budget_exceeded
2,472,415,10-06,+10.0%,+90.67%,0.9533,6,✗ No,budget_exceeded
2,472,434,10-06,+10.0%,+90.29%,0.9514,6,✗ No,budget_exceeded
2,472,453,10-06,+10.0%,+88.30%,0.9415,9,✗ No,budget_exceeded
2,472,472,10-06,+10.0%,+86.62%,0.9331,15,✗ No,budget_exceeded
2,490,396,10-06,+10.0%,+90.74%,0.9537,5,✗ No,budget_exceeded
2,490,415,10-06,+10.0%,+89.94%,0.9497,6,✗ No,budget_exceeded
2,490,434,10-06,+10.0%,+87.76%,0.9388,7,✗ No,budget_exceeded
2,490,452,10-06,+10.0%,+85.51%,0.9276,10,✗ No,budget_exceeded
2,490,471,10-06,+10.0%,+60.68%,0.8034,13,✗ No,budget_exceeded
2,490,490,10-06,+10.0%,+57.45%,0.7873,23,✗ No,budget_exceeded
2,508,396,10-06,+10.0%,+89.99%,0.9500,5,✗ No,budget_exceeded
2,508,414,10-06,+10.0%,+84.96%,0.9248,7,✗ No,budget_exceeded
2,508,433,10-06,+10.0%,+78.60%,0.8930,9,✗ No,budget_exceeded
2,508,452,10-06,+10.0%,+59.87%,0.7994,12,✗ No,budget_exceeded
2,508,471,10-06,+10.0%,+57.16%,0.7858,14,✗ No,budget_exceeded
2,508,489,10-06,+10.0%,+55.15%,0.7757,15,✗ No,budget_exceeded
2,508,508,10-06,+10.0%,+52.98%,0.7649,21,✗ No,budget_exceeded
2,526,396,10-06,+10.0%,+57.92%,0.7896,7,✗ No,budget_exceeded
2,526,414,10-06,+10.0%,+56.99%,0.7850,8,✗ No,budget_exceeded
2,526,433,10-06,+10.0%,+56.67%,0.7834,8,✗ No,budget_exceeded
2,526,451,10-06,+10.0%,+53.27%,0.7663,9,✗ No,budget_exceeded
2,526,470,10-06,+10.0%,+52.67%,0.7633,9,✗ No,budget_exceeded
2,526,489,10-06,+10.0%,+52.13%,0.7606,9,✗ No,budget_exceeded
2,526,507,10-06,+10.0%,+30.42%,0.6521,12,✗ No,budget_exceeded
2,526,526,10-06,+10.0%,+21.98%,0.6099,19,✗ No,budget_exceeded
2,544,396,10-06,+10.0%,+55.01%,0.7751,4,✗ No,budget_exceeded
2,544,414,10-06,+10.0%,+53.93%,0.7696,5,✗ No,budget_exceeded
2,544,433,10-06,+10.0%,+53.75%,0.7687,5,✗ No,budget_exceeded
2,544,451,10-06,+10.0%,+29.98%,0.6499,7,✗ No,budget_exceeded
2,544,470,10-06,+10.0%,+29.42%,0.6471,7,✗ No,budget_exceeded
2,544,488,10-06,+10.0%,+28.40%,0.6420,8,✗ No,budget_exceeded
2,544,507,10-06,+10.0%,+19.94%,0.5997,12,✗ No,budget_exceeded
2,544,525,10-06,+10.0%,+6.89%,0.5344,16,✗ No,budget_exceeded
2,544,544,10-06,+8.0%,+3.27%,0.5163,21,✓ Yes,completed
2,561,396,10-06,+10.0%,+53.89%,0.7694,3,✗ No,budget_exceeded
2,561,414,10-06,+10.0%,+52.72%,0.7636,4,✗ No,budget_exceeded
2,561,433,10-06,+10.0%,+52.56%,0.7628,4,✗ No,budget_exceeded
2,561,451,10-06,+10.0%,+17.69%,0.5885,6,✗ No,budget_exceeded
2,561,469,10-06,+10.0%,+6.36%,0.5318,7,✗ No,budget_exceeded
2,561,488,10-06,+10.0%,+5.89%,0.5294,7,✗ No,budget_exceeded
2,561,506,10-06,+10.0%,+4.46%,0.5223,9,✗ No,budget_exceeded
2,561,525,10-06,+6.6%,+3.35%,0.5168,8,✓ Yes,completed
2,561,543,10-06,+5.4%,+2.90%,0.5145,8,✓ Yes,completed
2,561,561,10-06,+4.1%,+2.12%,0.5106,16,✓ Yes,completed
2,579,396,10-06,+10.0%,+51.67%,0.7584,2,✗ No,budget_exceeded
2,579,414,10-06,+10.0%,+50.49%,0.7524,3,✗ No,budget_exceeded
2,579,432,10-06,+10.0%,+50.35%,0.7518,3,✗ No,budget_exceeded
2,579,451,10-06,+6.4%,+3.09%,0.5154,3,✓ Yes,completed
2,579,469,10-06,+6.1%,+3.08%,0.5154,3,✓ Yes,completed
2,579,487,10-06,+5.9%,+3.01%,0.5151,3,✓ Yes,completed
2,579,506,10-06,+3.5%,+1.75%,0.5087,4,✓ Yes,completed
2,579,524,10-06,+3.1%,+1.60%,0.5080,4,✓ Yes,completed
2,579,542,10-06,+2.8%,+1.51%,0.5075,4,✓ Yes,completed
2,579,561,10-06,+2.5%,+1.38%,0.5069,4,✓ Yes,completed
2,579,579,10-06,+1.9%,+1.04%,0.5052,5,✓ Yes,completed
2,597,396,10-06,+3.7%,+1.47%,0.5073,1,✓ Yes,completed
2,597,412,10-06,+3.6%,+1.46%,0.5073,1,✓ Yes,completed
2,597,429,10-06,+3.6%,+1.45%,0.5072,1,✓ Yes,completed
2,597,446,10-06,+3.5%,+1.44%,0.5072,1,✓ Yes,completed
2,597,463,10-06,+2.8%,+1.25%,0.5062,1,✓ Yes,completed
2,597,480,10-06,+2.6%,+1.23%,0.5061,1,✓ Yes,completed
2,597,496,10-06,+2.5%,+1.21%,0.5061,1,✓ Yes,completed
2,597,513,10-06,+0.9%,+0.38%,0.5019,1,✓ Yes,completed
2,597,530,10-06,+0.8%,+0.37%,0.5018,1,✓ Yes,completed
2,597,547,10-06,+0.8%,+0.34%,0.5017,1,✓ Yes,completed
2,597,563,10-06,+0.7%,+0.32%,0.5016,1,✓ Yes,completed
2,597,580,10-06,+0.3%,+0.11%,0.5006,1,✓ Yes,completed
2,597,597,10-06,+0.0%,+0.02%,0.5001,1,✓ Yes,completed
2,437,396,10-08,+10.0%,+93.98%,0.9699,5,✗ No,budget_exceeded
2,437,416,10-08,+10.0%,+92.74%,0.9637,7,✗ No,budget_exceeded
2,437,437,10-08,+10.0%,+92.22%,0.9611,7,✗ No,budget_exceeded
2,455,396,10-08,+10.0%,+93.28%,0.9664,4,✗ No,budget_exceeded
2,455,415,10-08,+10.0%,+92.16%,0.9608,6,✗ No,budget_exceeded
2,455,435,10-08,+10.0%,+91.85%,0.9593,6,✗ No,budget_exceeded
2,455,455,10-08,+10.0%,+90.55%,0.9528,10,✗ No,budget_exceeded
2,472,396,10-08,+10.0%,+92.27%,0.9613,5,✗ No,budget_exceeded
2,472,415,10-08,+10.0%,+91.60%,0.9580,6,✗ No,budget_exceeded
2,472,434,10-08,+10.0%,+91.24%,0.9562,6,✗ No,budget_exceeded
2,472,453,10-08,+10.0%,+89.67%,0.9484,9,✗ No,budget_exceeded
2,472,472,10-08,+10.0%,+88.18%,0.9409,15,✗ No,budget_exceeded
2,490,396,10-08,+10.0%,+91.19%,0.9559,5,✗ No,budget_exceeded
2,490,415,10-08,+10.0%,+89.44%,0.9472,7,✗ No,budget_exceeded
2,490,434,10-08,+10.0%,+89.03%,0.9452,7,✗ No,budget_exceeded
2,490,452,10-08,+10.0%,+82.01%,0.9101,11,✗ No,budget_exceeded
2,490,471,10-08,+10.0%,+61.55%,0.8078,14,✗ No,budget_exceeded
2,490,490,10-08,+10.0%,+59.96%,0.7998,22,✗ No,budget_exceeded
2,508,396,10-08,+10.0%,+87.95%,0.9397,6,✗ No,budget_exceeded
2,508,414,10-08,+10.0%,+81.74%,0.9087,8,✗ No,budget_exceeded
2,508,433,10-08,+10.0%,+63.89%,0.8194,9,✗ No,budget_exceeded
2,508,452,10-08,+10.0%,+62.55%,0.8127,11,✗ No,budget_exceeded
2,508,471,10-08,+10.0%,+59.93%,0.7996,13,✗ No,budget_exceeded
2,508,489,10-08,+10.0%,+58.08%,0.7904,14,✗ No,budget_exceeded
2,508,508,10-08,+10.0%,+56.20%,0.7810,20,✗ No,budget_exceeded
2,526,396,10-08,+10.0%,+61.11%,0.8055,7,✗ No,budget_exceeded
2,526,414,10-08,+10.0%,+60.17%,0.8009,8,✗ No,budget_exceeded
2,526,433,10-08,+10.0%,+59.85%,0.7993,8,✗ No,budget_exceeded
2,526,451,10-08,+10.0%,+56.43%,0.7821,9,✗ No,budget_exceeded
2,526,470,10-08,+10.0%,+55.82%,0.7791,9,✗ No,budget_exceeded
2,526,489,10-08,+10.0%,+55.28%,0.7764,9,✗ No,budget_exceeded
2,526,507,10-08,+10.0%,+33.44%,0.6672,12,✗ No,budget_exceeded
2,526,526,10-08,+10.0%,+25.42%,0.6271,18,✗ No,budget_exceeded
2,544,396,10-08,+10.0%,+58.70%,0.7935,4,✗ No,budget_exceeded
2,544,414,10-08,+10.0%,+57.61%,0.7881,5,✗ No,budget_exceeded
2,544,433,10-08,+10.0%,+57.43%,0.7871,5,✗ No,budget_exceeded
2,544,451,10-08,+10.0%,+33.51%,0.6676,7,✗ No,budget_exceeded
2,544,470,10-08,+10.0%,+32.95%,0.6648,7,✗ No,budget_exceeded
2,544,488,10-08,+10.0%,+31.92%,0.6596,8,✗ No,budget_exceeded
2,544,507,10-08,+10.0%,+23.41%,0.6170,12,✗ No,budget_exceeded
2,544,525,10-08,+10.0%,+10.28%,0.5514,16,✗ No,budget_exceeded
2,544,544,10-08,+9.2%,+1.55%,0.5077,29,✓ Yes,completed
2,561,396,10-08,+10.0%,+57.57%,0.7879,3,✗ No,budget_exceeded
2,561,414,10-08,+10.0%,+56.40%,0.7820,4,✗ No,budget_exceeded
2,561,433,10-08,+10.0%,+56.24%,0.7812,4,✗ No,budget_exceeded
2,561,451,10-08,+10.0%,+21.15%,0.6057,6,✗ No,budget_exceeded
2,561,469,10-08,+10.0%,+9.75%,0.5488,7,✗ No,budget_exceeded
2,561,488,10-08,+10.0%,+9.27%,0.5464,7,✗ No,budget_exceeded
2,561,506,10-08,+10.0%,+7.84%,0.5392,9,✗ No,budget_exceeded
2,561,525,10-08,+6.7%,+1.48%,0.5074,9,✓ Yes,completed
2,561,543,10-08,+5.4%,+1.52%,0.5076,9,✓ Yes,completed
2,561,561,10-08,+4.1%,+1.57%,0.5079,17,✓ Yes,completed
2,579,396,10-08,+10.0%,+55.34%,0.7767,2,✗ No,budget_exceeded
2,579,414,10-08,+10.0%,+54.15%,0.7708,3,✗ No,budget_exceeded
2,579,432,10-08,+10.0%,+54.02%,0.7701,3,✗ No,budget_exceeded
2,579,451,10-08,+6.4%,+1.25%,0.5063,3,✓ Yes,completed
2,579,469,10-08,+6.1%,+1.31%,0.5065,3,✓ Yes,completed
2,579,487,10-08,+5.9%,+1.33%,0.5066,3,✓ Yes,completed
2,579,506,10-08,+3.5%,+1.57%,0.5078,4,✓ Yes,completed
2,579,524,10-08,+3.1%,+1.63%,0.5081,4,✓ Yes,completed
2,579,542,10-08,+2.8%,+1.62%,0.5081,4,✓ Yes,completed
2,579,561,10-08,+2.5%,+1.55%,0.5077,4,✓ Yes,completed
2,579,579,10-08,+1.9%,+1.24%,0.5062,5,✓ Yes,completed
2,597,396,10-08,+3.7%,+1.15%,0.5057,1,✓ Yes,completed
2,597,412,10-08,+3.6%,+1.19%,0.5059,1,✓ Yes,completed
2,597,429,10-08,+3.6%,+1.20%,0.5060,1,✓ Yes,completed
2,597,446,10-08,+3.5%,+1.22%,0.5061,1,✓ Yes,completed
2,597,463,10-08,+2.8%,+1.37%,0.5068,1,✓ Yes,completed
2,597,480,10-08,+2.6%,+1.37%,0.5069,1,✓ Yes,completed
2,597,496,10-08,+2.5%,+1.37%,0.5068,1,✓ Yes,completed
2,597,513,10-08,+0.9%,+0.47%,0.5023,1,✓ Yes,completed
2,597,530,10-08,+0.8%,+0.44%,0.5022,1,✓ Yes,completed
2,597,547,10-08,+0.8%,+0.41%,0.5021,1,✓ Yes,completed
2,597,563,10-08,+0.7%,+0.39%,0.5019,1,✓ Yes,completed
2,597,580,10-08,+0.3%,+0.13%,0.5006,1,✓ Yes,completed
2,597,597,10-08,+0.0%,+0.02%,0.5001,1,✓ Yes,completed
3,472,472,08-14,+10.0%,+27.95%,0.6398,21,✗ No,budget_exceeded
3,472,472,08-14,+10.0%,+27.95%,0.6398,21,✗ No,budget_exceeded
3,480,472,08-14,+10.0%,+25.62%,0.6281,16,✗ No,budget_exceeded
3,480,480,08-14,+10.0%,+23.52%,0.6176,25,✗ No,budget_exceeded
3,488,472,08-14,+10.0%,+23.47%,0.6174,16,✗ No,budget_exceeded
3,488,488,08-14,+10.0%,+10.92%,0.5546,28,✗ No,budget_exceeded
3,496,472,08-14,+10.0%,+12.44%,0.5622,17,✗ No,budget_exceeded
3,496,484,08-14,+10.0%,+9.83%,0.5491,18,✗ No,budget_exceeded
3,496,496,08-14,+9.0%,+1.16%,0.5058,32,✓ Yes,completed
3,504,472,08-14,+9.5%,+1.26%,0.5063,17,✓ Yes,completed
3,504,483,08-14,+8.8%,+1.19%,0.5059,17,✓ Yes,completed
3,504,493,08-14,+7.7%,+0.98%,0.5049,17,✓ Yes,completed
3,504,504,08-14,+6.7%,+0.61%,0.5031,26,✓ Yes,completed
3,512,472,08-14,+7.1%,+0.73%,0.5036,12,✓ Yes,completed
3,512,480,08-14,+6.8%,+0.65%,0.5032,12,✓ Yes,completed
3,512,488,08-14,+6.5%,+0.62%,0.5031,12,✓ Yes,completed
3,512,496,08-14,+6.0%,+0.50%,0.5025,13,✓ Yes,completed
3,512,504,08-14,+5.5%,+0.31%,0.5016,14,✓ Yes,completed
3,512,512,08-14,+4.8%,+0.07%,0.5003,27,✓ Yes,completed
3,520,472,08-14,+5.4%,+0.24%,0.5012,10,✓ Yes,completed
3,520,480,08-14,+5.2%,+0.19%,0.5009,10,✓ Yes,completed
3,520,488,08-14,+5.0%,+0.15%,0.5007,10,✓ Yes,completed
3,520,496,08-14,+4.6%,+0.10%,0.5005,11,✓ Yes,completed
3,520,504,08-14,+4.3%,+0.07%,0.5004,11,✓ Yes,completed
3,520,512,08-14,+3.8%,-0.03%,0.4998,13,✓ Yes,completed
3,520,520,08-14,+2.5%,+0.12%,0.5006,16,✓ Yes,completed
3,528,472,08-14,+4.3%,-0.02%,0.4999,9,✓ Yes,completed
3,528,480,08-14,+4.1%,-0.05%,0.4998,9,✓ Yes,completed
3,528,488,08-14,+3.9%,-0.06%,0.4997,9,✓ Yes,completed
3,528,496,08-14,+2.8%,+0.11%,0.5006,8,✓ Yes,completed
3,528,504,08-14,+2.6%,+0.15%,0.5007,8,✓ Yes,completed
3,528,512,08-14,+2.2%,+0.06%,0.5003,9,✓ Yes,completed
3,528,520,08-14,+1.9%,+0.05%,0.5003,9,✓ Yes,completed
3,528,528,08-14,+1.6%,+0.09%,0.5005,10,✓ Yes,completed
3,536,472,08-14,+1.6%,+0.06%,0.5003,4,✓ Yes,completed
3,536,480,08-14,+1.5%,+0.08%,0.5004,4,✓ Yes,completed
3,536,488,08-14,+1.5%,+0.10%,0.5005,4,✓ Yes,completed
3,536,496,08-14,+1.4%,+0.12%,0.5006,4,✓ Yes,completed
3,536,504,08-14,+1.3%,+0.14%,0.5007,4,✓ Yes,completed
3,536,512,08-14,+1.2%,+0.16%,0.5008,4,✓ Yes,completed
3,536,520,08-14,+1.1%,+0.16%,0.5008,4,✓ Yes,completed
3,536,528,08-14,+1.0%,+0.17%,0.5008,4,✓ Yes,completed
3,536,536,08-14,+0.8%,+0.15%,0.5007,6,✓ Yes,completed
3,544,472,08-14,+0.9%,+0.14%,0.5007,2,✓ Yes,completed
3,544,480,08-14,+0.9%,+0.15%,0.5007,2,✓ Yes,completed
3,544,488,08-14,+0.8%,+0.15%,0.5008,2,✓ Yes,completed
3,544,496,08-14,+0.8%,+0.15%,0.5008,2,✓ Yes,completed
3,544,504,08-14,+0.8%,+0.15%,0.5008,2,✓ Yes,completed
3,544,512,08-14,+0.7%,+0.15%,0.5007,2,✓ Yes,completed
3,544,520,08-14,+0.7%,+0.14%,0.5007,2,✓ Yes,completed
3,544,528,08-14,+0.6%,+0.13%,0.5007,2,✓ Yes,completed
3,544,536,08-14,+0.6%,+0.11%,0.5006,2,✓ Yes,completed
3,544,544,08-14,+0.5%,+0.08%,0.5004,3,✓ Yes,completed
3,472,472,08-20,+10.0%,+29.99%,0.6499,18,✗ No,budget_exceeded
3,472,472,08-20,+10.0%,+29.99%,0.6499,18,✗ No,budget_exceeded
3,480,472,08-20,+10.0%,+27.78%,0.6389,16,✗ No,budget_exceeded
3,480,480,08-20,+10.0%,+25.53%,0.6277,26,✗ No,budget_exceeded
3,488,472,08-20,+10.0%,+25.65%,0.6282,16,✗ No,budget_exceeded
3,488,488,08-20,+10.0%,+15.68%,0.5784,24,✗ No,budget_exceeded
3,496,472,08-20,+10.0%,+15.59%,0.5780,15,✗ No,budget_exceeded
3,496,484,08-20,+10.0%,+13.88%,0.5694,16,✗ No,budget_exceeded
3,496,496,08-20,+10.0%,+12.19%,0.5609,28,✗ No,budget_exceeded
3,504,472,08-20,+10.0%,+12.77%,0.5638,16,✗ No,budget_exceeded
3,504,483,08-20,+10.0%,+10.98%,0.5549,17,✗ No,budget_exceeded
3,504,493,08-20,+10.0%,+9.78%,0.5489,18,✗ No,budget_exceeded
3,504,504,08-20,+10.0%,+0.87%,0.5044,31,✗ No,budget_exceeded
3,512,472,08-20,+10.0%,+9.25%,0.5463,14,✗ No,budget_exceeded
3,512,480,08-20,+10.0%,+7.38%,0.5369,15,✗ No,budget_exceeded
3,512,488,08-20,+9.9%,+0.14%,0.5007,16,✓ Yes,completed
3,512,496,08-20,+9.2%,-0.05%,0.4998,16,✓ Yes,completed
3,512,504,08-20,+8.5%,+0.01%,0.5001,17,✓ Yes,completed
3,512,512,08-20,+7.6%,-0.11%,0.4995,30,✓ Yes,completed
3,520,472,08-20,+8.5%,-0.06%,0.4997,12,✓ Yes,completed
3,520,480,08-20,+8.2%,-0.02%,0.4999,12,✓ Yes,completed
3,520,488,08-20,+7.9%,-0.03%,0.4999,12,✓ Yes,completed
3,520,496,08-20,+7.5%,-0.05%,0.4998,13,✓ Yes,completed
3,520,504,08-20,+7.1%,-0.01%,0.5000,13,✓ Yes,completed
3,520,512,08-20,+6.6%,+0.01%,0.5000,14,✓ Yes,completed
3,520,520,08-20,+6.0%,-0.08%,0.4996,18,✓ Yes,completed
3,528,472,08-20,+7.4%,-0.12%,0.4994,11,✓ Yes,completed
3,528,480,08-20,+7.2%,-0.07%,0.4996,11,✓ Yes,completed
3,528,488,08-20,+6.9%,-0.04%,0.4998,11,✓ Yes,completed
3,528,496,08-20,+6.7%,-0.02%,0.4999,11,✓ Yes,completed
3,528,504,08-20,+6.4%,-0.01%,0.5000,11,✓ Yes,completed
3,528,512,08-20,+5.8%,-0.12%,0.4994,12,✓ Yes,completed
3,528,520,08-20,+5.3%,-0.11%,0.4994,12,✓ Yes,completed
3,528,528,08-20,+4.8%,-0.11%,0.4994,14,✓ Yes,completed
3,536,472,08-20,+5.8%,-0.20%,0.4990,8,✓ Yes,completed
3,536,480,08-20,+5.6%,-0.18%,0.4991,8,✓ Yes,completed
3,536,488,08-20,+5.4%,-0.16%,0.4992,8,✓ Yes,completed
3,536,496,08-20,+5.2%,-0.14%,0.4993,8,✓ Yes,completed
3,536,504,08-20,+5.0%,-0.13%,0.4994,8,✓ Yes,completed
3,536,512,08-20,+4.7%,-0.09%,0.4996,8,✓ Yes,completed
3,536,520,08-20,+4.5%,-0.07%,0.4997,8,✓ Yes,completed
3,536,528,08-20,+4.2%,-0.07%,0.4996,8,✓ Yes,completed
3,536,536,08-20,+2.9%,+0.05%,0.5003,11,✓ Yes,completed
3,544,472,08-20,+4.9%,-0.19%,0.4991,6,✓ Yes,completed
3,544,480,08-20,+4.7%,-0.16%,0.4992,6,✓ Yes,completed
3,544,488,08-20,+4.6%,-0.13%,0.4993,6,✓ Yes,completed
3,544,496,08-20,+4.4%,-0.10%,0.4995,6,✓ Yes,completed
3,544,504,08-20,+4.3%,-0.09%,0.4995,6,✓ Yes,completed
3,544,512,08-20,+4.0%,-0.10%,0.4995,6,✓ Yes,completed
3,544,520,08-20,+2.9%,+0.07%,0.5004,5,✓ Yes,completed
3,544,528,08-20,+2.7%,+0.10%,0.5005,5,✓ Yes,completed
3,544,536,08-20,+2.5%,+0.10%,0.5005,5,✓ Yes,completed
3,544,544,08-20,+2.3%,+0.02%,0.5001,9,✓ Yes,completed
3,472,472,08-26,+10.0%,+41.28%,0.7064,17,✗ No,budget_exceeded
3,472,472,08-26,+10.0%,+41.28%,0.7064,17,✗ No,budget_exceeded
3,480,472,08-26,+10.0%,+39.43%,0.6972,15,✗ No,budget_exceeded
3,480,480,08-26,+10.0%,+31.47%,0.6574,25,✗ No,budget_exceeded
3,488,472,08-26,+10.0%,+33.10%,0.6655,15,✗ No,budget_exceeded
3,488,488,08-26,+10.0%,+28.82%,0.6441,21,✗ No,budget_exceeded
3,496,472,08-26,+10.0%,+28.69%,0.6435,15,✗ No,budget_exceeded
3,496,484,08-26,+10.0%,+27.78%,0.6389,15,✗ No,budget_exceeded
3,496,496,08-26,+10.0%,+25.33%,0.6267,26,✗ No,budget_exceeded
3,504,472,08-26,+10.0%,+26.02%,0.6301,16,✗ No,budget_exceeded
3,504,483,08-26,+10.0%,+25.22%,0.6261,16,✗ No,budget_exceeded
3,504,493,08-26,+10.0%,+23.42%,0.6171,18,✗ No,budget_exceeded
3,504,504,08-26,+10.0%,+8.93%,0.5447,32,✗ No,budget_exceeded
3,512,472,08-26,+10.0%,+22.76%,0.6138,15,✗ No,budget_exceeded
3,512,480,08-26,+10.0%,+15.78%,0.5789,17,✗ No,budget_exceeded
3,512,488,08-26,+10.0%,+8.80%,0.5440,18,✗ No,budget_exceeded
3,512,496,08-26,+9.6%,+6.30%,0.5315,19,✓ Yes,completed
3,512,504,08-26,+8.8%,+5.57%,0.5278,20,✓ Yes,completed
3,512,512,08-26,+7.9%,+4.74%,0.5237,34,✓ Yes,completed
3,520,472,08-26,+9.0%,+5.62%,0.5281,15,✓ Yes,completed
3,520,480,08-26,+8.6%,+5.33%,0.5266,15,✓ Yes,completed
3,520,488,08-26,+8.3%,+5.09%,0.5254,15,✓ Yes,completed
3,520,496,08-26,+7.9%,+4.74%,0.5237,16,✓ Yes,completed
3,520,504,08-26,+7.4%,+4.44%,0.5222,16,✓ Yes,completed
3,520,512,08-26,+6.5%,+4.26%,0.5213,16,✓ Yes,completed
3,520,520,08-26,+5.9%,+4.21%,0.5210,20,✓ Yes,completed
3,528,472,08-26,+7.9%,+4.66%,0.5233,14,✓ Yes,completed
3,528,480,08-26,+7.6%,+4.48%,0.5224,14,✓ Yes,completed
3,528,488,08-26,+7.3%,+4.31%,0.5216,14,✓ Yes,completed
3,528,496,08-26,+7.0%,+4.18%,0.5209,14,✓ Yes,completed
3,528,504,08-26,+6.3%,+4.27%,0.5214,13,✓ Yes,completed
3,528,512,08-26,+5.7%,+4.18%,0.5209,14,✓ Yes,completed
3,528,520,08-26,+5.2%,+4.06%,0.5203,14,✓ Yes,completed
3,528,528,08-26,+4.7%,+3.82%,0.5191,15,✓ Yes,completed
3,536,472,08-26,+5.7%,+4.11%,0.5205,9,✓ Yes,completed
3,536,480,08-26,+5.5%,+4.10%,0.5205,9,✓ Yes,completed
3,536,488,08-26,+5.3%,+4.07%,0.5203,9,✓ Yes,completed
3,536,496,08-26,+5.1%,+4.00%,0.5200,9,✓ Yes,completed
3,536,504,08-26,+4.9%,+3.90%,0.5195,9,✓ Yes,completed
3,536,512,08-26,+4.6%,+3.77%,0.5188,9,✓ Yes,completed
3,536,520,08-26,+4.4%,+3.63%,0.5182,9,✓ Yes,completed
3,536,528,08-26,+4.1%,+3.37%,0.5169,9,✓ Yes,completed
3,536,536,08-26,+3.7%,+3.02%,0.5151,12,✓ Yes,completed
3,544,472,08-26,+4.8%,+3.78%,0.5189,6,✓ Yes,completed
3,544,480,08-26,+4.7%,+3.74%,0.5187,6,✓ Yes,completed
3,544,488,08-26,+4.5%,+3.69%,0.5185,6,✓ Yes,completed
3,544,496,08-26,+4.4%,+3.60%,0.5180,6,✓ Yes,completed
3,544,504,08-26,+4.2%,+3.47%,0.5174,6,✓ Yes,completed
3,544,512,08-26,+3.9%,+3.24%,0.5162,6,✓ Yes,completed
3,544,520,08-26,+3.8%,+3.12%,0.5156,6,✓ Yes,completed
3,544,528,08-26,+3.5%,+2.93%,0.5147,6,✓ Yes,completed
3,544,536,08-26,+3.3%,+2.75%,0.5137,6,✓ Yes,completed
3,544,544,08-26,+3.1%,+2.52%,0.5126,9,✓ Yes,completed
3,472,472,09-01,+10.0%,+42.81%,0.7141,16,✗ No,budget_exceeded
3,472,472,09-01,+10.0%,+42.81%,0.7141,16,✗ No,budget_exceeded
3,480,472,09-01,+10.0%,+40.37%,0.7018,14,✗ No,budget_exceeded
3,480,480,09-01,+10.0%,+39.22%,0.6961,20,✗ No,budget_exceeded
3,488,472,09-01,+10.0%,+39.64%,0.6982,14,✗ No,budget_exceeded
3,488,488,09-01,+10.0%,+36.93%,0.6846,19,✗ No,budget_exceeded
3,496,472,09-01,+10.0%,+36.71%,0.6836,13,✗ No,budget_exceeded
3,496,484,09-01,+10.0%,+34.97%,0.6749,14,✗ No,budget_exceeded
3,496,496,09-01,+10.0%,+32.66%,0.6633,25,✗ No,budget_exceeded
3,504,472,09-01,+10.0%,+33.98%,0.6699,14,✗ No,budget_exceeded
3,504,483,09-01,+10.0%,+32.55%,0.6627,15,✗ No,budget_exceeded
3,504,493,09-01,+10.0%,+24.75%,0.6237,18,✗ No,budget_exceeded
3,504,504,09-01,+9.5%,+9.03%,0.5451,27,✓ Yes,completed
3,512,472,09-01,+10.0%,+17.81%,0.5891,16,✗ No,budget_exceeded
3,512,480,09-01,+9.9%,+9.36%,0.5468,16,✓ Yes,completed
3,512,488,09-01,+9.5%,+9.04%,0.5452,16,✓ Yes,completed
3,512,496,09-01,+8.9%,+8.61%,0.5431,17,✓ Yes,completed
3,512,504,09-01,+8.2%,+8.29%,0.5414,18,✓ Yes,completed
3,512,512,09-01,+7.4%,+7.71%,0.5386,31,✓ Yes,completed
3,520,472,09-01,+8.2%,+8.23%,0.5412,13,✓ Yes,completed
3,520,480,09-01,+8.0%,+8.13%,0.5406,13,✓ Yes,completed
3,520,488,09-01,+7.7%,+7.94%,0.5397,13,✓ Yes,completed
3,520,496,09-01,+7.2%,+7.67%,0.5383,14,✓ Yes,completed
3,520,504,09-01,+6.8%,+7.30%,0.5365,14,✓ Yes,completed
3,520,512,09-01,+6.3%,+6.83%,0.5341,15,✓ Yes,completed
3,520,520,09-01,+5.7%,+6.29%,0.5314,19,✓ Yes,completed
3,528,472,09-01,+7.2%,+7.57%,0.5379,12,✓ Yes,completed
3,528,480,09-01,+7.0%,+7.37%,0.5368,12,✓ Yes,completed
3,528,488,09-01,+6.7%,+7.17%,0.5359,12,✓ Yes,completed
3,528,496,09-01,+6.5%,+6.98%,0.5349,12,✓ Yes,completed
3,528,504,09-01,+6.1%,+6.64%,0.5332,12,✓ Yes,completed
3,528,512,09-01,+5.5%,+6.08%,0.5304,13,✓ Yes,completed
3,528,520,09-01,+5.0%,+5.66%,0.5283,13,✓ Yes,completed
3,528,528,09-01,+4.6%,+5.28%,0.5264,14,✓ Yes,completed
3,536,472,09-01,+5.6%,+6.13%,0.5307,9,✓ Yes,completed
3,536,480,09-01,+5.4%,+5.99%,0.5299,9,✓ Yes,completed
3,536,488,09-01,+5.3%,+5.82%,0.5291,9,✓ Yes,completed
3,536,496,09-01,+5.1%,+5.64%,0.5282,9,✓ Yes,completed
3,536,504,09-01,+4.8%,+5.45%,0.5272,9,✓ Yes,completed
3,536,512,09-01,+4.5%,+5.19%,0.5259,9,✓ Yes,completed
3,536,520,09-01,+4.3%,+4.98%,0.5249,9,✓ Yes,completed
3,536,528,09-01,+4.0%,+4.69%,0.5235,9,✓ Yes,completed
3,536,536,09-01,+3.5%,+4.18%,0.5209,13,✓ Yes,completed
3,544,472,09-01,+4.6%,+5.23%,0.5261,6,✓ Yes,completed
3,544,480,09-01,+4.5%,+5.15%,0.5257,6,✓ Yes,completed
3,544,488,09-01,+4.4%,+5.04%,0.5252,6,✓ Yes,completed
3,544,496,09-01,+4.2%,+4.89%,0.5245,6,✓ Yes,completed
3,544,504,09-01,+4.1%,+4.75%,0.5237,6,✓ Yes,completed
3,544,512,09-01,+3.8%,+4.47%,0.5224,6,✓ Yes,completed
3,544,520,09-01,+3.6%,+4.30%,0.5215,6,✓ Yes,completed
3,544,528,09-01,+3.4%,+4.06%,0.5203,6,✓ Yes,completed
3,544,536,09-01,+3.2%,+3.78%,0.5189,6,✓ Yes,completed
3,544,544,09-01,+2.9%,+3.49%,0.5175,9,✓ Yes,completed
3,472,472,09-07,+10.0%,+48.99%,0.7450,17,✗ No,budget_exceeded
3,472,472,09-07,+10.0%,+48.99%,0.7450,17,✗ No,budget_exceeded
3,480,472,09-07,+10.0%,+48.07%,0.7403,13,✗ No,budget_exceeded
3,480,480,09-07,+10.0%,+46.30%,0.7315,20,✗ No,budget_exceeded
3,488,472,09-07,+10.0%,+46.80%,0.7340,14,✗ No,budget_exceeded
3,488,488,09-07,+10.0%,+43.59%,0.7180,19,✗ No,budget_exceeded
3,496,472,09-07,+10.0%,+43.47%,0.7173,13,✗ No,budget_exceeded
3,496,484,09-07,+10.0%,+42.54%,0.7127,13,✗ No,budget_exceeded
3,496,496,09-07,+10.0%,+34.48%,0.6724,26,✗ No,budget_exceeded
3,504,472,09-07,+10.0%,+40.84%,0.7042,14,✗ No,budget_exceeded
3,504,483,09-07,+10.0%,+33.84%,0.6692,15,✗ No,budget_exceeded
3,504,493,09-07,+10.0%,+25.27%,0.6263,18,✗ No,budget_exceeded
3,504,504,09-07,+9.0%,+6.27%,0.5314,26,✓ Yes,completed
3,512,472,09-07,+9.8%,+6.68%,0.5334,15,✓ Yes,completed
3,512,480,09-07,+9.3%,+6.46%,0.5323,15,✓ Yes,completed
3,512,488,09-07,+9.0%,+6.29%,0.5315,15,✓ Yes,completed
3,512,496,09-07,+8.4%,+6.01%,0.5300,16,✓ Yes,completed
3,512,504,09-07,+7.7%,+5.61%,0.5281,17,✓ Yes,completed
3,512,512,09-07,+7.0%,+5.13%,0.5257,28,✓ Yes,completed
3,520,472,09-07,+7.8%,+5.63%,0.5282,12,✓ Yes,completed
3,520,480,09-07,+7.5%,+5.48%,0.5274,12,✓ Yes,completed
3,520,488,09-07,+7.3%,+5.37%,0.5268,12,✓ Yes,completed
3,520,496,09-07,+6.8%,+5.11%,0.5255,13,✓ Yes,completed
3,520,504,09-07,+6.4%,+4.88%,0.5244,13,✓ Yes,completed
3,520,512,09-07,+5.9%,+4.47%,0.5224,14,✓ Yes,completed
3,520,520,09-07,+5.4%,+4.13%,0.5207,18,✓ Yes,completed
3,528,472,09-07,+6.9%,+5.06%,0.5253,11,✓ Yes,completed
3,528,480,09-07,+6.6%,+4.92%,0.5246,11,✓ Yes,completed
3,528,488,09-07,+6.4%,+4.82%,0.5241,11,✓ Yes,completed
3,528,496,09-07,+6.1%,+4.67%,0.5233,11,✓ Yes,completed
3,528,504,09-07,+5.8%,+4.39%,0.5219,11,✓ Yes,completed
3,528,512,09-07,+5.2%,+4.05%,0.5202,12,✓ Yes,completed
3,528,520,09-07,+4.8%,+3.84%,0.5192,12,✓ Yes,completed
3,528,528,09-07,+4.4%,+3.64%,0.5182,13,✓ Yes,completed
3,536,472,09-07,+5.3%,+4.03%,0.5202,8,✓ Yes,completed
3,536,480,09-07,+5.1%,+3.95%,0.5197,8,✓ Yes,completed
3,536,488,09-07,+5.0%,+3.87%,0.5194,8,✓ Yes,completed
3,536,496,09-07,+4.8%,+3.81%,0.5190,8,✓ Yes,completed
3,536,504,09-07,+4.6%,+3.72%,0.5186,8,✓ Yes,completed
3,536,512,09-07,+4.3%,+3.58%,0.5179,8,✓ Yes,completed
3,536,520,09-07,+4.1%,+3.42%,0.5171,8,✓ Yes,completed
3,536,528,09-07,+3.8%,+3.24%,0.5162,8,✓ Yes,completed
3,536,536,09-07,+3.5%,+2.98%,0.5149,11,✓ Yes,completed
3,544,472,09-07,+4.6%,+3.69%,0.5184,6,✓ Yes,completed
3,544,480,09-07,+4.5%,+3.65%,0.5182,6,✓ Yes,completed
3,544,488,09-07,+4.4%,+3.60%,0.5180,6,✓ Yes,completed
3,544,496,09-07,+4.2%,+3.52%,0.5176,6,✓ Yes,completed
3,544,504,09-07,+4.1%,+3.41%,0.5170,6,✓ Yes,completed
3,544,512,09-07,+3.8%,+3.22%,0.5161,6,✓ Yes,completed
3,544,520,09-07,+3.6%,+3.11%,0.5155,6,✓ Yes,completed
3,544,528,09-07,+3.4%,+2.96%,0.5148,6,✓ Yes,completed
3,544,536,09-07,+3.2%,+2.76%,0.5138,6,✓ Yes,completed
3,544,544,09-07,+2.9%,+2.53%,0.5127,9,✓ Yes,completed
3,472,472,09-13,+10.0%,+54.99%,0.7750,16,✗ No,budget_exceeded
3,472,472,09-13,+10.0%,+54.99%,0.7750,16,✗ No,budget_exceeded
3,480,472,09-13,+10.0%,+54.09%,0.7704,12,✗ No,budget_exceeded
3,480,480,09-13,+10.0%,+52.88%,0.7644,18,✗ No,budget_exceeded
3,488,472,09-13,+10.0%,+53.37%,0.7669,12,✗ No,budget_exceeded
3,488,488,09-13,+10.0%,+45.44%,0.7272,20,✗ No,budget_exceeded
3,496,472,09-13,+10.0%,+47.48%,0.7374,13,✗ No,budget_exceeded
3,496,484,09-13,+10.0%,+43.83%,0.7191,15,✗ No,budget_exceeded
3,496,496,09-13,+10.0%,+11.83%,0.5591,27,✗ No,budget_exceeded
3,504,472,09-13,+10.0%,+14.66%,0.5733,16,✗ No,budget_exceeded
3,504,483,09-13,+10.0%,+11.58%,0.5579,18,✗ No,budget_exceeded
3,504,493,09-13,+10.0%,+10.19%,0.5509,19,✗ No,budget_exceeded
3,504,504,09-13,+10.0%,+8.25%,0.5412,27,✗ No,budget_exceeded
3,512,472,09-13,+10.0%,+9.96%,0.5498,16,✗ No,budget_exceeded
3,512,480,09-13,+10.0%,+9.16%,0.5458,16,✗ No,budget_exceeded
3,512,488,09-13,+10.0%,+8.54%,0.5427,16,✗ No,budget_exceeded
3,512,496,09-13,+10.0%,+7.26%,0.5363,18,✗ No,budget_exceeded
3,512,504,09-13,+10.0%,+6.21%,0.5310,18,✗ No,budget_exceeded
3,512,512,09-13,+10.0%,+4.94%,0.5247,27,✗ No,budget_exceeded
3,520,472,09-13,+10.0%,+6.85%,0.5343,12,✗ No,budget_exceeded
3,520,480,09-13,+10.0%,+6.39%,0.5320,12,✗ No,budget_exceeded
3,520,488,09-13,+10.0%,+6.05%,0.5303,12,✗ No,budget_exceeded
3,520,496,09-13,+10.0%,+5.09%,0.5255,14,✗ No,budget_exceeded
3,520,504,09-13,+10.0%,+4.19%,0.5210,15,✗ No,budget_exceeded
3,520,512,09-13,+9.8%,+0.12%,0.5006,16,✓ Yes,completed
3,520,520,09-13,+9.2%,-0.11%,0.4994,22,✓ Yes,completed
3,528,472,09-13,+10.0%,+4.99%,0.5250,10,✗ No,budget_exceeded
3,528,480,09-13,+10.0%,+4.65%,0.5233,10,✗ No,budget_exceeded
3,528,488,09-13,+10.0%,+4.34%,0.5217,10,✗ No,budget_exceeded
3,528,496,09-13,+10.0%,+3.71%,0.5185,11,✗ No,budget_exceeded
3,528,504,09-13,+9.6%,+0.03%,0.5002,12,✓ Yes,completed
3,528,512,09-13,+9.0%,-0.15%,0.4993,13,✓ Yes,completed
3,528,520,09-13,+8.5%,-0.27%,0.4986,13,✓ Yes,completed
3,528,528,09-13,+7.8%,-0.31%,0.4984,17,✓ Yes,completed
3,536,472,09-13,+9.7%,-0.01%,0.4999,8,✓ Yes,completed
3,536,480,09-13,+9.5%,-0.06%,0.4997,8,✓ Yes,completed
3,536,488,09-13,+9.3%,-0.09%,0.4995,8,✓ Yes,completed
3,536,496,09-13,+8.9%,-0.24%,0.4988,9,✓ Yes,completed
3,536,504,09-13,+8.4%,-0.30%,0.4985,10,✓ Yes,completed
3,536,512,09-13,+8.1%,-0.28%,0.4986,10,✓ Yes,completed
3,536,520,09-13,+7.8%,-0.29%,0.4986,10,✓ Yes,completed
3,536,528,09-13,+6.2%,-0.06%,0.4997,9,✓ Yes,completed
3,536,536,09-13,+4.3%,+0.20%,0.5010,11,✓ Yes,completed
3,544,472,09-13,+9.1%,-0.23%,0.4988,6,✓ Yes,completed
3,544,480,09-13,+8.9%,-0.28%,0.4986,6,✓ Yes,completed
3,544,488,09-13,+8.7%,-0.31%,0.4985,6,✓ Yes,completed
3,544,496,09-13,+8.3%,-0.32%,0.4984,7,✓ Yes,completed
3,544,504,09-13,+7.9%,-0.32%,0.4984,8,✓ Yes,completed
3,544,512,09-13,+6.2%,-0.09%,0.4996,7,✓ Yes,completed
3,544,520,09-13,+6.0%,-0.05%,0.4997,7,✓ Yes,completed
3,544,528,09-13,+4.2%,+0.23%,0.5011,6,✓ Yes,completed
3,544,536,09-13,+4.0%,+0.23%,0.5012,6,✓ Yes,completed
3,544,544,09-13,+2.7%,+0.43%,0.5021,8,✓ Yes,completed
3,472,472,09-17,+10.0%,+62.39%,0.8119,16,✗ No,budget_exceeded
3,472,472,09-17,+10.0%,+62.39%,0.8119,16,✗ No,budget_exceeded
3,480,472,09-17,+10.0%,+61.56%,0.8078,12,✗ No,budget_exceeded
3,480,480,09-17,+10.0%,+60.44%,0.8022,18,✗ No,budget_exceeded
3,488,472,09-17,+10.0%,+60.90%,0.8045,12,✗ No,budget_exceeded
3,488,488,09-17,+10.0%,+53.59%,0.7680,20,✗ No,budget_exceeded
3,496,472,09-17,+10.0%,+55.47%,0.7774,13,✗ No,budget_exceeded
3,496,484,09-17,+10.0%,+52.10%,0.7605,15,✗ No,budget_exceeded
3,496,496,09-17,+10.0%,+22.62%,0.6131,27,✗ No,budget_exceeded
3,504,472,09-17,+10.0%,+25.23%,0.6261,16,✗ No,budget_exceeded
3,504,483,09-17,+10.0%,+22.39%,0.6120,18,✗ No,budget_exceeded
3,504,493,09-17,+10.0%,+21.11%,0.6055,19,✗ No,budget_exceeded
3,504,504,09-17,+10.0%,+19.32%,0.5966,27,✗ No,budget_exceeded
3,512,472,09-17,+10.0%,+20.90%,0.6045,16,✗ No,budget_exceeded
3,512,480,09-17,+10.0%,+20.17%,0.6008,16,✗ No,budget_exceeded
3,512,488,09-17,+10.0%,+19.60%,0.5980,16,✗ No,budget_exceeded
3,512,496,09-17,+10.0%,+18.42%,0.5921,18,✗ No,budget_exceeded
3,512,504,09-17,+10.0%,+17.44%,0.5872,18,✗ No,budget_exceeded
3,512,512,09-17,+10.0%,+16.28%,0.5814,27,✗ No,budget_exceeded
3,520,472,09-17,+10.0%,+18.04%,0.5902,12,✗ No,budget_exceeded
3,520,480,09-17,+10.0%,+17.62%,0.5881,12,✗ No,budget_exceeded
3,520,488,09-17,+10.0%,+17.30%,0.5865,12,✗ No,budget_exceeded
3,520,496,09-17,+10.0%,+16.42%,0.5821,14,✗ No,budget_exceeded
3,520,504,09-17,+10.0%,+15.59%,0.5779,15,✗ No,budget_exceeded
3,520,512,09-17,+9.8%,+4.28%,0.5214,16,✓ Yes,completed
3,520,520,09-17,+9.2%,+3.89%,0.5195,22,✓ Yes,completed
3,528,472,09-17,+10.0%,+16.33%,0.5816,10,✗ No,budget_exceeded
3,528,480,09-17,+10.0%,+16.01%,0.5801,10,✗ No,budget_exceeded
3,528,488,09-17,+10.0%,+15.73%,0.5786,10,✗ No,budget_exceeded
3,528,496,09-17,+10.0%,+15.14%,0.5757,11,✗ No,budget_exceeded
3,528,504,09-17,+9.6%,+4.14%,0.5207,12,✓ Yes,completed
3,528,512,09-17,+9.0%,+3.83%,0.5192,13,✓ Yes,completed
3,528,520,09-17,+8.5%,+3.66%,0.5183,13,✓ Yes,completed
3,528,528,09-17,+7.8%,+3.48%,0.5174,17,✓ Yes,completed
3,536,472,09-17,+9.7%,+4.13%,0.5206,8,✓ Yes,completed
3,536,480,09-17,+9.5%,+4.01%,0.5201,8,✓ Yes,completed
3,536,488,09-17,+9.3%,+3.93%,0.5197,8,✓ Yes,completed
3,536,496,09-17,+8.9%,+3.74%,0.5187,9,✓ Yes,completed
3,536,504,09-17,+8.4%,+3.61%,0.5181,10,✓ Yes,completed
3,536,512,09-17,+8.1%,+3.56%,0.5178,10,✓ Yes,completed
3,536,520,09-17,+7.8%,+3.50%,0.5175,10,✓ Yes,completed
3,536,528,09-17,+7.2%,+3.42%,0.5171,11,✓ Yes,completed
3,536,536,09-17,+6.7%,+3.36%,0.5168,14,✓ Yes,completed
3,544,472,09-17,+9.1%,+3.76%,0.5188,6,✓ Yes,completed
3,544,480,09-17,+8.9%,+3.71%,0.5185,6,✓ Yes,completed
3,544,488,09-17,+8.7%,+3.66%,0.5183,6,✓ Yes,completed
3,544,496,09-17,+8.3%,+3.57%,0.5179,7,✓ Yes,completed
3,544,504,09-17,+7.9%,+3.50%,0.5175,8,✓ Yes,completed
3,544,512,09-17,+7.5%,+3.43%,0.5172,8,✓ Yes,completed
3,544,520,09-17,+7.3%,+3.43%,0.5171,8,✓ Yes,completed
3,544,528,09-17,+6.7%,+3.37%,0.5168,9,✓ Yes,completed
3,544,536,09-17,+6.3%,+3.21%,0.5161,9,✓ Yes,completed
3,544,544,09-17,+5.9%,+2.92%,0.5146,12,✓ Yes,completed
4,496,464,08-24,+10.0%,+28.72%,0.6436,14,✗ No,budget_exceeded
4,496,467,08-24,+10.0%,+26.94%,0.6347,15,✗ No,budget_exceeded
4,496,471,08-24,+10.0%,+26.81%,0.6340,15,✗ No,budget_exceeded
4,496,475,08-24,+10.0%,+26.49%,0.6325,15,✗ No,budget_exceeded
4,496,478,08-24,+10.0%,+25.72%,0.6286,16,✗ No,budget_exceeded
4,496,482,08-24,+10.0%,+25.49%,0.6274,16,✗ No,budget_exceeded
4,496,485,08-24,+10.0%,+24.42%,0.6221,17,✗ No,budget_exceeded
4,496,489,08-24,+10.0%,+24.23%,0.6211,17,✗ No,budget_exceeded
4,496,492,08-24,+10.0%,+23.51%,0.6176,22,✗ No,budget_exceeded
4,496,496,08-24,+10.0%,+22.96%,0.6148,29,✗ No,budget_exceeded
4,499,464,08-24,+10.0%,+25.41%,0.6270,14,✗ No,budget_exceeded
4,499,467,08-24,+10.0%,+24.49%,0.6225,15,✗ No,budget_exceeded
4,499,471,08-24,+10.0%,+24.38%,0.6219,15,✗ No,budget_exceeded
4,499,475,08-24,+10.0%,+24.05%,0.6202,15,✗ No,budget_exceeded
4,499,478,08-24,+10.0%,+23.82%,0.6191,15,✗ No,budget_exceeded
4,499,482,08-24,+10.0%,+23.59%,0.6180,15,✗ No,budget_exceeded
4,499,485,08-24,+10.0%,+23.22%,0.6161,15,✗ No,budget_exceeded
4,499,489,08-24,+10.0%,+23.13%,0.6156,15,✗ No,budget_exceeded
4,499,492,08-24,+10.0%,+21.60%,0.6080,18,✗ No,budget_exceeded
4,499,496,08-24,+10.0%,+21.16%,0.6058,19,✗ No,budget_exceeded
4,499,499,08-24,+10.0%,+20.64%,0.6032,27,✗ No,budget_exceeded
4,503,464,08-24,+10.0%,+23.74%,0.6187,15,✗ No,budget_exceeded
4,503,467,08-24,+10.0%,+23.45%,0.6173,15,✗ No,budget_exceeded
4,503,471,08-24,+10.0%,+23.34%,0.6167,15,✗ No,budget_exceeded
4,503,475,08-24,+10.0%,+23.00%,0.6150,15,✗ No,budget_exceeded
4,503,478,08-24,+10.0%,+22.78%,0.6139,15,✗ No,budget_exceeded
4,503,482,08-24,+10.0%,+21.64%,0.6082,16,✗ No,budget_exceeded
4,503,485,08-24,+10.0%,+21.27%,0.6063,16,✗ No,budget_exceeded
4,503,489,08-24,+10.0%,+21.15%,0.6057,16,✗ No,budget_exceeded
4,503,492,08-24,+10.0%,+20.61%,0.6031,17,✗ No,budget_exceeded
4,503,496,08-24,+10.0%,+20.32%,0.6016,17,✗ No,budget_exceeded
4,503,499,08-24,+10.0%,+19.87%,0.5994,19,✗ No,budget_exceeded
4,503,503,08-24,+10.0%,+18.30%,0.5915,29,✗ No,budget_exceeded
4,507,464,08-24,+10.0%,+23.14%,0.6157,15,✗ No,budget_exceeded
4,507,467,08-24,+10.0%,+22.85%,0.6143,15,✗ No,budget_exceeded
4,507,471,08-24,+10.0%,+22.74%,0.6137,15,✗ No,budget_exceeded
4,507,475,08-24,+10.0%,+21.55%,0.6078,16,✗ No,budget_exceeded
4,507,478,08-24,+10.0%,+21.30%,0.6065,16,✗ No,budget_exceeded
4,507,482,08-24,+10.0%,+21.04%,0.6052,16,✗ No,budget_exceeded
4,507,485,08-24,+10.0%,+20.66%,0.6033,16,✗ No,budget_exceeded
4,507,489,08-24,+10.0%,+20.55%,0.6027,16,✗ No,budget_exceeded
4,507,492,08-24,+10.0%,+20.01%,0.6001,17,✗ No,budget_exceeded
4,507,496,08-24,+10.0%,+18.97%,0.5949,18,✗ No,budget_exceeded
4,507,500,08-24,+10.0%,+12.25%,0.5613,20,✗ No,budget_exceeded
4,507,503,08-24,+9.9%,+4.82%,0.5241,23,✓ Yes,completed
4,507,507,08-24,+9.6%,+4.72%,0.5236,33,✓ Yes,completed
4,510,464,08-24,+10.0%,+21.37%,0.6068,15,✗ No,budget_exceeded
4,510,467,08-24,+10.0%,+21.09%,0.6055,15,✗ No,budget_exceeded
4,510,471,08-24,+10.0%,+20.96%,0.6048,15,✗ No,budget_exceeded
4,510,475,08-24,+10.0%,+20.64%,0.6032,15,✗ No,budget_exceeded
4,510,478,08-24,+10.0%,+20.41%,0.6020,15,✗ No,budget_exceeded
4,510,482,08-24,+10.0%,+20.15%,0.6007,15,✗ No,budget_exceeded
4,510,485,08-24,+10.0%,+19.80%,0.5990,15,✗ No,budget_exceeded
4,510,489,08-24,+10.0%,+18.84%,0.5942,16,✗ No,budget_exceeded
4,510,492,08-24,+10.0%,+18.28%,0.5914,17,✗ No,budget_exceeded
4,510,496,08-24,+10.0%,+12.01%,0.5601,18,✗ No,budget_exceeded
4,510,500,08-24,+9.7%,+4.79%,0.5239,20,✓ Yes,completed
4,510,503,08-24,+9.2%,+4.73%,0.5236,21,✓ Yes,completed
4,510,507,08-24,+9.0%,+4.65%,0.5232,21,✓ Yes,completed
4,510,510,08-24,+8.4%,+4.37%,0.5218,30,✓ Yes,completed
4,514,464,08-24,+10.0%,+19.59%,0.5980,13,✗ No,budget_exceeded
4,514,467,08-24,+10.0%,+11.92%,0.5596,14,✗ No,budget_exceeded
4,514,471,08-24,+10.0%,+11.82%,0.5591,14,✗ No,budget_exceeded
4,514,475,08-24,+10.0%,+10.91%,0.5546,15,✗ No,budget_exceeded
4,514,478,08-24,+9.9%,+4.79%,0.5239,15,✓ Yes,completed
4,514,482,08-24,+9.7%,+4.77%,0.5238,15,✓ Yes,completed
4,514,485,08-24,+9.6%,+4.75%,0.5237,15,✓ Yes,completed
4,514,489,08-24,+9.5%,+4.74%,0.5237,15,✓ Yes,completed
4,514,492,08-24,+9.1%,+4.70%,0.5235,16,✓ Yes,completed
4,514,496,08-24,+9.0%,+4.67%,0.5234,16,✓ Yes,completed
4,514,500,08-24,+8.8%,+4.61%,0.5230,16,✓ Yes,completed
4,514,503,08-24,+8.4%,+4.42%,0.5221,17,✓ Yes,completed
4,514,507,08-24,+8.3%,+4.36%,0.5218,17,✓ Yes,completed
4,514,510,08-24,+7.9%,+4.07%,0.5203,18,✓ Yes,completed
4,514,514,08-24,+7.5%,+3.70%,0.5185,29,✓ Yes,completed
4,517,464,08-24,+9.5%,+4.66%,0.5233,14,✓ Yes,completed
4,517,467,08-24,+9.3%,+4.66%,0.5233,14,✓ Yes,completed
4,517,471,08-24,+9.3%,+4.66%,0.5233,14,✓ Yes,completed
4,517,474,08-24,+9.1%,+4.66%,0.5233,14,✓ Yes,completed
4,517,477,08-24,+9.0%,+4.62%,0.5231,14,✓ Yes,completed
4,517,481,08-24,+8.9%,+4.59%,0.5229,14,✓ Yes,completed
4,517,484,08-24,+8.8%,+4.56%,0.5228,14,✓ Yes,completed
4,517,487,08-24,+8.6%,+4.49%,0.5224,14,✓ Yes,completed
4,517,491,08-24,+8.5%,+4.45%,0.5223,14,✓ Yes,completed
4,517,494,08-24,+8.2%,+4.33%,0.5217,15,✓ Yes,completed
4,517,497,08-24,+8.1%,+4.27%,0.5213,15,✓ Yes,completed
4,517,501,08-24,+7.9%,+4.12%,0.5206,15,✓ Yes,completed
4,517,504,08-24,+7.7%,+3.93%,0.5197,15,✓ Yes,completed
4,517,507,08-24,+7.6%,+3.83%,0.5191,15,✓ Yes,completed
4,517,511,08-24,+7.4%,+3.68%,0.5184,15,✓ Yes,completed
4,517,514,08-24,+7.0%,+3.36%,0.5168,16,✓ Yes,completed
4,517,517,08-24,+6.7%,+3.11%,0.5156,24,✓ Yes,completed
4,521,464,08-24,+9.1%,+4.60%,0.5230,14,✓ Yes,completed
4,521,467,08-24,+9.0%,+4.56%,0.5228,14,✓ Yes,completed
4,521,471,08-24,+8.9%,+4.55%,0.5227,14,✓ Yes,completed
4,521,474,08-24,+8.7%,+4.50%,0.5225,14,✓ Yes,completed
4,521,477,08-24,+8.6%,+4.44%,0.5222,14,✓ Yes,completed
4,521,481,08-24,+8.5%,+4.40%,0.5220,14,✓ Yes,completed
4,521,484,08-24,+8.4%,+4.35%,0.5218,14,✓ Yes,completed
4,521,487,08-24,+8.2%,+4.30%,0.5215,14,✓ Yes,completed
4,521,491,08-24,+8.1%,+4.26%,0.5213,14,✓ Yes,completed
4,521,494,08-24,+7.8%,+4.01%,0.5200,15,✓ Yes,completed
4,521,497,08-24,+7.7%,+3.92%,0.5196,15,✓ Yes,completed
4,521,501,08-24,+7.5%,+3.78%,0.5189,15,✓ Yes,completed
4,521,504,08-24,+7.3%,+3.63%,0.5181,15,✓ Yes,completed
4,521,508,08-24,+7.2%,+3.52%,0.5176,15,✓ Yes,completed
4,521,511,08-24,+7.0%,+3.35%,0.5167,15,✓ Yes,completed
4,521,514,08-24,+6.6%,+3.04%,0.5152,16,✓ Yes,completed
4,521,518,08-24,+6.3%,+2.88%,0.5144,17,✓ Yes,completed
4,521,521,08-24,+6.1%,+2.71%,0.5136,20,✓ Yes,completed
4,525,464,08-24,+8.6%,+4.39%,0.5219,14,✓ Yes,completed
4,525,467,08-24,+8.4%,+4.33%,0.5216,14,✓ Yes,completed
4,525,471,08-24,+8.4%,+4.31%,0.5216,14,✓ Yes,completed
4,525,474,08-24,+8.2%,+4.26%,0.5213,14,✓ Yes,completed
4,525,477,08-24,+8.1%,+4.18%,0.5209,14,✓ Yes,completed
4,525,481,08-24,+8.0%,+4.11%,0.5206,14,✓ Yes,completed
4,525,484,08-24,+7.9%,+4.00%,0.5200,14,✓ Yes,completed
4,525,487,08-24,+7.7%,+3.89%,0.5195,14,✓ Yes,completed
4,525,491,08-24,+7.6%,+3.83%,0.5192,14,✓ Yes,completed
4,525,494,08-24,+7.4%,+3.70%,0.5185,14,✓ Yes,completed
4,525,498,08-24,+7.4%,+3.63%,0.5182,14,✓ Yes,completed
4,525,501,08-24,+7.2%,+3.49%,0.5174,14,✓ Yes,completed
4,525,504,08-24,+6.9%,+3.32%,0.5166,14,✓ Yes,completed
4,525,508,08-24,+6.8%,+3.21%,0.5161,14,✓ Yes,completed
4,525,511,08-24,+6.4%,+2.96%,0.5148,15,✓ Yes,completed
4,525,515,08-24,+6.2%,+2.83%,0.5142,15,✓ Yes,completed
4,525,518,08-24,+6.0%,+2.67%,0.5133,15,✓ Yes,completed
4,525,521,08-24,+5.8%,+2.52%,0.5126,16,✓ Yes,completed
4,525,525,08-24,+5.6%,+2.39%,0.5120,18,✓ Yes,completed
4,528,464,08-24,+8.1%,+4.12%,0.5206,13,✓ Yes,completed
4,528,467,08-24,+7.9%,+4.02%,0.5201,13,✓ Yes,completed
4,528,471,08-24,+7.9%,+3.98%,0.5199,13,✓ Yes,completed
4,528,474,08-24,+7.7%,+3.86%,0.5193,13,✓ Yes,completed
4,528,477,08-24,+7.6%,+3.76%,0.5188,13,✓ Yes,completed
4,528,481,08-24,+7.5%,+3.71%,0.5186,13,✓ Yes,completed
4,528,484,08-24,+7.4%,+3.64%,0.5182,13,✓ Yes,completed
4,528,488,08-24,+7.3%,+3.54%,0.5177,13,✓ Yes,completed
4,528,491,08-24,+7.2%,+3.49%,0.5175,13,✓ Yes,completed
4,528,494,08-24,+7.0%,+3.35%,0.5167,13,✓ Yes,completed
4,528,498,08-24,+6.9%,+3.29%,0.5164,13,✓ Yes,completed
4,528,501,08-24,+6.7%,+3.09%,0.5154,13,✓ Yes,completed
4,528,505,08-24,+6.6%,+3.03%,0.5152,13,✓ Yes,completed
4,528,508,08-24,+6.4%,+2.96%,0.5148,13,✓ Yes,completed
4,528,511,08-24,+6.1%,+2.72%,0.5136,14,✓ Yes,completed
4,528,515,08-24,+5.8%,+2.57%,0.5129,14,✓ Yes,completed
4,528,518,08-24,+5.6%,+2.40%,0.5120,14,✓ Yes,completed
4,528,521,08-24,+5.4%,+2.32%,0.5116,14,✓ Yes,completed
4,528,525,08-24,+5.3%,+2.21%,0.5110,14,✓ Yes,completed
4,528,528,08-24,+5.0%,+1.95%,0.5098,16,✓ Yes,completed
4,496,464,08-27,+10.0%,+31.81%,0.6591,14,✗ No,budget_exceeded
4,496,467,08-27,+10.0%,+31.49%,0.6575,14,✗ No,budget_exceeded
4,496,471,08-27,+10.0%,+31.38%,0.6569,14,✗ No,budget_exceeded
4,496,475,08-27,+10.0%,+31.10%,0.6555,14,✗ No,budget_exceeded
4,496,478,08-27,+10.0%,+29.71%,0.6485,16,✗ No,budget_exceeded
4,496,482,08-27,+10.0%,+29.44%,0.6472,16,✗ No,budget_exceeded
4,496,485,08-27,+10.0%,+29.07%,0.6454,16,✗ No,budget_exceeded
4,496,489,08-27,+10.0%,+28.88%,0.6444,16,✗ No,budget_exceeded
4,496,492,08-27,+10.0%,+27.27%,0.6363,22,✗ No,budget_exceeded
4,496,496,08-27,+10.0%,+26.68%,0.6334,29,✗ No,budget_exceeded
4,499,464,08-27,+10.0%,+29.38%,0.6469,14,✗ No,budget_exceeded
4,499,467,08-27,+10.0%,+29.09%,0.6455,14,✗ No,budget_exceeded
4,499,471,08-27,+10.0%,+29.01%,0.6450,14,✗ No,budget_exceeded
4,499,475,08-27,+10.0%,+28.70%,0.6435,14,✗ No,budget_exceeded
4,499,478,08-27,+10.0%,+27.60%,0.6380,15,✗ No,budget_exceeded
4,499,482,08-27,+10.0%,+27.34%,0.6367,15,✗ No,budget_exceeded
4,499,485,08-27,+10.0%,+27.00%,0.6350,15,✗ No,budget_exceeded
4,499,489,08-27,+10.0%,+26.88%,0.6344,15,✗ No,budget_exceeded
4,499,492,08-27,+10.0%,+26.31%,0.6316,17,✗ No,budget_exceeded
4,499,496,08-27,+10.0%,+25.87%,0.6294,18,✗ No,budget_exceeded
4,499,499,08-27,+10.0%,+24.54%,0.6227,29,✗ No,budget_exceeded
4,503,464,08-27,+10.0%,+27.61%,0.6381,15,✗ No,budget_exceeded
4,503,467,08-27,+10.0%,+27.30%,0.6365,15,✗ No,budget_exceeded
4,503,471,08-27,+10.0%,+27.20%,0.6360,15,✗ No,budget_exceeded
4,503,475,08-27,+10.0%,+26.85%,0.6343,15,✗ No,budget_exceeded
4,503,478,08-27,+10.0%,+26.59%,0.6330,15,✗ No,budget_exceeded
4,503,482,08-27,+10.0%,+26.34%,0.6317,15,✗ No,budget_exceeded
4,503,485,08-27,+10.0%,+25.99%,0.6299,15,✗ No,budget_exceeded
4,503,489,08-27,+10.0%,+25.87%,0.6294,15,✗ No,budget_exceeded
4,503,492,08-27,+10.0%,+24.63%,0.6232,17,✗ No,budget_exceeded
4,503,496,08-27,+10.0%,+24.34%,0.6217,17,✗ No,budget_exceeded
4,503,499,08-27,+10.0%,+17.21%,0.5860,22,✗ No,budget_exceeded
4,503,503,08-27,+10.0%,+10.07%,0.5503,33,✗ No,budget_exceeded
4,507,464,08-27,+10.0%,+27.04%,0.6352,15,✗ No,budget_exceeded
4,507,467,08-27,+10.0%,+26.72%,0.6336,15,✗ No,budget_exceeded
4,507,471,08-27,+10.0%,+26.62%,0.6331,15,✗ No,budget_exceeded
4,507,475,08-27,+10.0%,+26.27%,0.6313,15,✗ No,budget_exceeded
4,507,478,08-27,+10.0%,+26.01%,0.6301,15,✗ No,budget_exceeded
4,507,482,08-27,+10.0%,+25.76%,0.6288,15,✗ No,budget_exceeded
4,507,485,08-27,+10.0%,+24.73%,0.6236,16,✗ No,budget_exceeded
4,507,489,08-27,+10.0%,+24.59%,0.6229,16,✗ No,budget_exceeded
4,507,492,08-27,+10.0%,+18.12%,0.5906,18,✗ No,budget_exceeded
4,507,496,08-27,+10.0%,+17.17%,0.5859,19,✗ No,budget_exceeded
4,507,500,08-27,+10.0%,+10.15%,0.5507,21,✗ No,budget_exceeded
4,507,503,08-27,+9.7%,+6.94%,0.5347,23,✓ Yes,completed
4,507,507,08-27,+9.4%,+6.63%,0.5332,31,✓ Yes,completed
4,510,464,08-27,+10.0%,+26.12%,0.6306,14,✗ No,budget_exceeded
4,510,467,08-27,+10.0%,+25.84%,0.6292,14,✗ No,budget_exceeded
4,510,471,08-27,+10.0%,+25.74%,0.6287,14,✗ No,budget_exceeded
4,510,475,08-27,+10.0%,+24.66%,0.6233,15,✗ No,budget_exceeded
4,510,478,08-27,+10.0%,+24.44%,0.6222,15,✗ No,budget_exceeded
4,510,482,08-27,+10.0%,+24.16%,0.6208,15,✗ No,budget_exceeded
4,510,485,08-27,+10.0%,+17.90%,0.5895,16,✗ No,budget_exceeded
4,510,489,08-27,+10.0%,+17.09%,0.5855,17,✗ No,budget_exceeded
4,510,492,08-27,+10.0%,+10.25%,0.5512,19,✗ No,budget_exceeded
4,510,496,08-27,+10.0%,+9.96%,0.5498,19,✗ No,budget_exceeded
4,510,500,08-27,+9.5%,+6.78%,0.5339,20,✓ Yes,completed
4,510,503,08-27,+9.1%,+6.28%,0.5314,21,✓ Yes,completed
4,510,507,08-27,+8.8%,+6.01%,0.5301,21,✓ Yes,completed
4,510,510,08-27,+8.2%,+5.39%,0.5270,31,✓ Yes,completed
4,514,464,08-27,+10.0%,+10.03%,0.5501,15,✗ No,budget_exceeded
4,514,467,08-27,+10.0%,+9.75%,0.5488,15,✗ No,budget_exceeded
4,514,471,08-27,+10.0%,+7.18%,0.5359,15,✓ Yes,completed
4,514,475,08-27,+9.8%,+6.99%,0.5349,15,✓ Yes,completed
4,514,478,08-27,+9.6%,+6.86%,0.5343,15,✓ Yes,completed
4,514,482,08-27,+9.4%,+6.66%,0.5333,15,✓ Yes,completed
4,514,485,08-27,+9.3%,+6.54%,0.5327,15,✓ Yes,completed
4,514,489,08-27,+9.2%,+6.43%,0.5322,15,✓ Yes,completed
4,514,492,08-27,+8.9%,+6.11%,0.5305,16,✓ Yes,completed
4,514,496,08-27,+8.8%,+6.00%,0.5300,16,✓ Yes,completed
4,514,500,08-27,+8.6%,+5.82%,0.5291,16,✓ Yes,completed
4,514,503,08-27,+8.1%,+5.41%,0.5271,17,✓ Yes,completed
4,514,507,08-27,+8.0%,+5.28%,0.5264,17,✓ Yes,completed
4,514,510,08-27,+7.6%,+4.83%,0.5241,18,✓ Yes,completed
4,514,514,08-27,+7.2%,+4.41%,0.5221,29,✓ Yes,completed
4,517,464,08-27,+9.2%,+6.33%,0.5317,14,✓ Yes,completed
4,517,467,08-27,+9.0%,+6.18%,0.5309,14,✓ Yes,completed
4,517,471,08-27,+9.0%,+6.13%,0.5307,14,✓ Yes,completed
4,517,474,08-27,+8.8%,+6.01%,0.5301,14,✓ Yes,completed
4,517,477,08-27,+8.7%,+5.88%,0.5294,14,✓ Yes,completed
4,517,481,08-27,+8.6%,+5.79%,0.5289,14,✓ Yes,completed
4,517,484,08-27,+8.5%,+5.70%,0.5285,14,✓ Yes,completed
4,517,487,08-27,+8.3%,+5.55%,0.5278,14,✓ Yes,completed
4,517,491,08-27,+8.2%,+5.49%,0.5274,14,✓ Yes,completed
4,517,494,08-27,+8.0%,+5.20%,0.5260,15,✓ Yes,completed
4,517,497,08-27,+7.8%,+5.05%,0.5252,15,✓ Yes,completed
4,517,501,08-27,+7.6%,+4.85%,0.5243,15,✓ Yes,completed
4,517,504,08-27,+7.4%,+4.66%,0.5233,15,✓ Yes,completed
4,517,507,08-27,+7.3%,+4.53%,0.5226,15,✓ Yes,completed
4,517,511,08-27,+7.0%,+4.30%,0.5215,15,✓ Yes,completed
4,517,514,08-27,+6.7%,+3.92%,0.5196,16,✓ Yes,completed
4,517,517,08-27,+6.4%,+3.67%,0.5184,24,✓ Yes,completed
4,521,464,08-27,+8.8%,+5.94%,0.5297,14,✓ Yes,completed
4,521,467,08-27,+8.6%,+5.80%,0.5290,14,✓ Yes,completed
4,521,471,08-27,+8.6%,+5.75%,0.5288,14,✓ Yes,completed
4,521,474,08-27,+8.5%,+5.64%,0.5282,14,✓ Yes,completed
4,521,477,08-27,+8.3%,+5.51%,0.5276,14,✓ Yes,completed
4,521,481,08-27,+8.2%,+5.42%,0.5271,14,✓ Yes,completed
4,521,484,08-27,+8.1%,+5.29%,0.5265,14,✓ Yes,completed
4,521,487,08-27,+7.9%,+5.15%,0.5258,14,✓ Yes,completed
4,521,491,08-27,+7.9%,+5.08%,0.5254,14,✓ Yes,completed
4,521,494,08-27,+7.6%,+4.77%,0.5238,15,✓ Yes,completed
4,521,497,08-27,+7.4%,+4.67%,0.5233,15,✓ Yes,completed
4,521,501,08-27,+7.2%,+4.49%,0.5224,15,✓ Yes,completed
4,521,504,08-27,+7.0%,+4.28%,0.5214,15,✓ Yes,completed
4,521,508,08-27,+6.9%,+4.14%,0.5207,15,✓ Yes,completed
4,521,511,08-27,+6.7%,+3.93%,0.5196,15,✓ Yes,completed
4,521,514,08-27,+6.3%,+3.60%,0.5180,16,✓ Yes,completed
4,521,518,08-27,+6.0%,+3.36%,0.5168,17,✓ Yes,completed
4,521,521,08-27,+5.8%,+3.18%,0.5159,20,✓ Yes,completed
4,525,464,08-27,+8.3%,+5.45%,0.5273,14,✓ Yes,completed
4,525,467,08-27,+8.1%,+5.31%,0.5265,14,✓ Yes,completed
4,525,471,08-27,+8.1%,+5.26%,0.5263,14,✓ Yes,completed
4,525,474,08-27,+8.0%,+5.13%,0.5256,14,✓ Yes,completed
4,525,477,08-27,+7.8%,+4.97%,0.5249,14,✓ Yes,completed
4,525,481,08-27,+7.7%,+4.87%,0.5244,14,✓ Yes,completed
4,525,484,08-27,+7.6%,+4.75%,0.5237,14,✓ Yes,completed
4,525,487,08-27,+7.4%,+4.64%,0.5232,14,✓ Yes,completed
4,525,491,08-27,+7.4%,+4.57%,0.5228,14,✓ Yes,completed
4,525,494,08-27,+7.2%,+4.41%,0.5220,14,✓ Yes,completed
4,525,498,08-27,+7.1%,+4.29%,0.5215,14,✓ Yes,completed
4,525,501,08-27,+6.9%,+4.11%,0.5205,14,✓ Yes,completed
4,525,504,08-27,+6.7%,+3.91%,0.5196,14,✓ Yes,completed
4,525,508,08-27,+6.5%,+3.80%,0.5190,14,✓ Yes,completed
4,525,511,08-27,+6.1%,+3.49%,0.5174,15,✓ Yes,completed
4,525,515,08-27,+5.9%,+3.30%,0.5165,15,✓ Yes,completed
4,525,518,08-27,+5.7%,+3.14%,0.5157,15,✓ Yes,completed
4,525,521,08-27,+5.5%,+2.99%,0.5150,16,✓ Yes,completed
4,525,525,08-27,+5.3%,+2.85%,0.5142,18,✓ Yes,completed
4,528,464,08-27,+7.8%,+4.89%,0.5245,13,✓ Yes,completed
4,528,467,08-27,+7.6%,+4.75%,0.5238,13,✓ Yes,completed
4,528,471,08-27,+7.6%,+4.71%,0.5235,13,✓ Yes,completed
4,528,474,08-27,+7.4%,+4.60%,0.5230,13,✓ Yes,completed
4,528,477,08-27,+7.3%,+4.49%,0.5224,13,✓ Yes,completed
4,528,481,08-27,+7.2%,+4.41%,0.5221,13,✓ Yes,completed
4,528,484,08-27,+7.1%,+4.31%,0.5215,13,✓ Yes,completed
4,528,488,08-27,+7.0%,+4.18%,0.5209,13,✓ Yes,completed
4,528,491,08-27,+6.9%,+4.12%,0.5206,13,✓ Yes,completed
4,528,494,08-27,+6.7%,+3.96%,0.5198,13,✓ Yes,completed
4,528,498,08-27,+6.6%,+3.88%,0.5194,13,✓ Yes,completed
4,528,501,08-27,+6.4%,+3.67%,0.5183,13,✓ Yes,completed
4,528,505,08-27,+6.3%,+3.60%,0.5180,13,✓ Yes,completed
4,528,508,08-27,+6.2%,+3.51%,0.5175,13,✓ Yes,completed
4,528,511,08-27,+5.8%,+3.19%,0.5160,14,✓ Yes,completed
4,528,515,08-27,+5.5%,+3.05%,0.5152,14,✓ Yes,completed
4,528,518,08-27,+5.3%,+2.87%,0.5143,14,✓ Yes,completed
4,528,521,08-27,+5.1%,+2.83%,0.5142,14,✓ Yes,completed
4,528,525,08-27,+4.7%,+2.88%,0.5144,13,✓ Yes,completed
4,528,528,08-27,+4.5%,+2.90%,0.5145,14,✓ Yes,completed
4,496,464,08-30,+10.0%,+36.07%,0.6804,14,✗ No,budget_exceeded
4,496,467,08-30,+10.0%,+35.79%,0.6789,14,✗ No,budget_exceeded
4,496,471,08-30,+10.0%,+35.67%,0.6784,14,✗ No,budget_exceeded
4,496,475,08-30,+10.0%,+35.39%,0.6769,14,✗ No,budget_exceeded
4,496,478,08-30,+10.0%,+34.62%,0.6731,15,✗ No,budget_exceeded
4,496,482,08-30,+10.0%,+34.35%,0.6718,15,✗ No,budget_exceeded
4,496,485,08-30,+10.0%,+33.12%,0.6656,16,✗ No,budget_exceeded
4,496,489,08-30,+10.0%,+32.90%,0.6645,16,✗ No,budget_exceeded
4,496,492,08-30,+10.0%,+32.17%,0.6609,21,✗ No,budget_exceeded
4,496,496,08-30,+10.0%,+31.58%,0.6579,28,✗ No,budget_exceeded
4,499,464,08-30,+10.0%,+34.23%,0.6711,13,✗ No,budget_exceeded
4,499,467,08-30,+10.0%,+33.17%,0.6658,14,✗ No,budget_exceeded
4,499,471,08-30,+10.0%,+33.06%,0.6653,14,✗ No,budget_exceeded
4,499,475,08-30,+10.0%,+32.74%,0.6637,14,✗ No,budget_exceeded
4,499,478,08-30,+10.0%,+32.48%,0.6624,14,✗ No,budget_exceeded
4,499,482,08-30,+10.0%,+32.22%,0.6611,14,✗ No,budget_exceeded
4,499,485,08-30,+10.0%,+31.90%,0.6595,14,✗ No,budget_exceeded
4,499,489,08-30,+10.0%,+31.78%,0.6589,14,✗ No,budget_exceeded
4,499,492,08-30,+10.0%,+30.46%,0.6523,17,✗ No,budget_exceeded
4,499,496,08-30,+10.0%,+30.02%,0.6501,18,✗ No,budget_exceeded
4,499,499,08-30,+10.0%,+23.51%,0.6176,33,✗ No,budget_exceeded
4,503,464,08-30,+10.0%,+32.47%,0.6624,14,✗ No,budget_exceeded
4,503,467,08-30,+10.0%,+32.18%,0.6609,14,✗ No,budget_exceeded
4,503,471,08-30,+10.0%,+32.08%,0.6604,14,✗ No,budget_exceeded
4,503,475,08-30,+10.0%,+31.75%,0.6588,14,✗ No,budget_exceeded
4,503,478,08-30,+10.0%,+31.49%,0.6575,14,✗ No,budget_exceeded
4,503,482,08-30,+10.0%,+30.54%,0.6527,15,✗ No,budget_exceeded
4,503,485,08-30,+10.0%,+30.23%,0.6511,15,✗ No,budget_exceeded
4,503,489,08-30,+10.0%,+30.08%,0.6504,15,✗ No,budget_exceeded
4,503,492,08-30,+10.0%,+23.58%,0.6179,17,✗ No,budget_exceeded
4,503,496,08-30,+10.0%,+22.62%,0.6131,18,✗ No,budget_exceeded
4,503,499,08-30,+10.0%,+15.69%,0.5784,22,✗ No,budget_exceeded
4,503,503,08-30,+9.7%,+9.89%,0.5495,31,✓ Yes,completed
4,507,464,08-30,+10.0%,+31.88%,0.6594,14,✗ No,budget_exceeded
4,507,467,08-30,+10.0%,+31.59%,0.6580,14,✗ No,budget_exceeded
4,507,471,08-30,+10.0%,+31.49%,0.6575,14,✗ No,budget_exceeded
4,507,475,08-30,+10.0%,+30.51%,0.6525,15,✗ No,budget_exceeded
4,507,478,08-30,+10.0%,+30.25%,0.6513,15,✗ No,budget_exceeded
4,507,482,08-30,+10.0%,+29.96%,0.6498,15,✗ No,budget_exceeded
4,507,485,08-30,+10.0%,+23.68%,0.6184,16,✗ No,budget_exceeded
4,507,489,08-30,+10.0%,+23.50%,0.6175,16,✗ No,budget_exceeded
4,507,492,08-30,+10.0%,+16.00%,0.5800,19,✗ No,budget_exceeded
4,507,496,08-30,+10.0%,+15.68%,0.5784,19,✗ No,budget_exceeded
4,507,500,08-30,+9.7%,+9.94%,0.5497,20,✓ Yes,completed
4,507,503,08-30,+9.2%,+9.53%,0.5476,21,✓ Yes,completed
4,507,507,08-30,+9.1%,+9.32%,0.5466,28,✓ Yes,completed
4,510,464,08-30,+10.0%,+31.14%,0.6557,13,✗ No,budget_exceeded
4,510,467,08-30,+10.0%,+30.12%,0.6506,14,✗ No,budget_exceeded
4,510,471,08-30,+10.0%,+30.02%,0.6501,14,✗ No,budget_exceeded
4,510,475,08-30,+10.0%,+29.73%,0.6487,14,✗ No,budget_exceeded
4,510,478,08-30,+10.0%,+23.59%,0.6179,15,✗ No,budget_exceeded
4,510,482,08-30,+10.0%,+22.69%,0.6134,16,✗ No,budget_exceeded
4,510,485,08-30,+10.0%,+15.95%,0.5798,17,✗ No,budget_exceeded
4,510,489,08-30,+10.0%,+15.75%,0.5787,17,✗ No,budget_exceeded
4,510,492,08-30,+9.9%,+10.12%,0.5506,18,✓ Yes,completed
4,510,496,08-30,+9.7%,+9.95%,0.5498,18,✓ Yes,completed
4,510,500,08-30,+9.2%,+9.46%,0.5473,19,✓ Yes,completed
4,510,503,08-30,+8.7%,+9.03%,0.5451,20,✓ Yes,completed
4,510,507,08-30,+8.5%,+8.81%,0.5441,20,✓ Yes,completed
4,510,510,08-30,+7.9%,+8.26%,0.5413,30,✓ Yes,completed
4,514,464,08-30,+9.8%,+9.98%,0.5499,14,✓ Yes,completed
4,514,467,08-30,+9.7%,+9.84%,0.5492,14,✓ Yes,completed
4,514,471,08-30,+9.6%,+9.78%,0.5489,14,✓ Yes,completed
4,514,475,08-30,+9.4%,+9.64%,0.5482,14,✓ Yes,completed
4,514,478,08-30,+9.3%,+9.54%,0.5477,14,✓ Yes,completed
4,514,482,08-30,+9.1%,+9.37%,0.5468,14,✓ Yes,completed
4,514,485,08-30,+9.0%,+9.28%,0.5464,14,✓ Yes,completed
4,514,489,08-30,+8.9%,+9.18%,0.5459,14,✓ Yes,completed
4,514,492,08-30,+8.6%,+8.89%,0.5445,15,✓ Yes,completed
4,514,496,08-30,+8.4%,+8.81%,0.5440,15,✓ Yes,completed
4,514,500,08-30,+8.2%,+8.67%,0.5433,15,✓ Yes,completed
4,514,503,08-30,+7.8%,+8.28%,0.5414,16,✓ Yes,completed
4,514,507,08-30,+7.7%,+8.18%,0.5409,16,✓ Yes,completed
4,514,510,08-30,+7.3%,+7.79%,0.5389,17,✓ Yes,completed
4,514,514,08-30,+7.0%,+7.35%,0.5368,28,✓ Yes,completed
4,517,464,08-30,+8.8%,+9.05%,0.5453,13,✓ Yes,completed
4,517,467,08-30,+8.7%,+8.93%,0.5447,13,✓ Yes,completed
4,517,471,08-30,+8.6%,+8.89%,0.5445,13,✓ Yes,completed
4,517,474,08-30,+8.5%,+8.80%,0.5440,13,✓ Yes,completed
4,517,477,08-30,+8.4%,+8.70%,0.5435,13,✓ Yes,completed
4,517,481,08-30,+8.3%,+8.63%,0.5432,13,✓ Yes,completed
4,517,484,08-30,+8.2%,+8.56%,0.5428,13,✓ Yes,completed
4,517,487,08-30,+8.0%,+8.43%,0.5421,13,✓ Yes,completed
4,517,491,08-30,+7.9%,+8.36%,0.5418,13,✓ Yes,completed
4,517,494,08-30,+7.6%,+8.09%,0.5405,14,✓ Yes,completed
4,517,497,08-30,+7.5%,+7.97%,0.5398,14,✓ Yes,completed
4,517,501,08-30,+7.3%,+7.80%,0.5390,14,✓ Yes,completed
4,517,504,08-30,+7.1%,+7.58%,0.5379,14,✓ Yes,completed
4,517,507,08-30,+7.0%,+7.45%,0.5373,14,✓ Yes,completed
4,517,511,08-30,+6.8%,+7.24%,0.5362,14,✓ Yes,completed
4,517,514,08-30,+6.4%,+6.87%,0.5343,15,✓ Yes,completed
4,517,517,08-30,+6.2%,+6.54%,0.5327,23,✓ Yes,completed
4,521,464,08-30,+8.5%,+8.72%,0.5436,13,✓ Yes,completed
4,521,467,08-30,+8.3%,+8.62%,0.5431,13,✓ Yes,completed
4,521,471,08-30,+8.3%,+8.59%,0.5429,13,✓ Yes,completed
4,521,474,08-30,+8.1%,+8.51%,0.5425,13,✓ Yes,completed
4,521,477,08-30,+8.0%,+8.38%,0.5419,13,✓ Yes,completed
4,521,481,08-30,+7.9%,+8.29%,0.5414,13,✓ Yes,completed
4,521,484,08-30,+7.8%,+8.17%,0.5408,13,✓ Yes,completed
4,521,487,08-30,+7.6%,+8.06%,0.5403,13,✓ Yes,completed
4,521,491,08-30,+7.6%,+8.00%,0.5400,13,✓ Yes,completed
4,521,494,08-30,+7.3%,+7.70%,0.5385,14,✓ Yes,completed
4,521,497,08-30,+7.1%,+7.58%,0.5379,14,✓ Yes,completed
4,521,501,08-30,+7.0%,+7.40%,0.5370,14,✓ Yes,completed
4,521,504,08-30,+6.8%,+7.19%,0.5359,14,✓ Yes,completed
4,521,508,08-30,+6.6%,+7.07%,0.5353,14,✓ Yes,completed
4,521,511,08-30,+6.4%,+6.87%,0.5343,14,✓ Yes,completed
4,521,514,08-30,+6.0%,+6.44%,0.5322,15,✓ Yes,completed
4,521,518,08-30,+5.8%,+6.10%,0.5305,16,✓ Yes,completed
4,521,521,08-30,+5.6%,+5.89%,0.5294,19,✓ Yes,completed
4,525,464,08-30,+8.0%,+8.34%,0.5417,13,✓ Yes,completed
4,525,467,08-30,+7.9%,+8.21%,0.5410,13,✓ Yes,completed
4,525,471,08-30,+7.8%,+8.16%,0.5408,13,✓ Yes,completed
4,525,474,08-30,+7.7%,+8.06%,0.5403,13,✓ Yes,completed
4,525,477,08-30,+7.5%,+7.94%,0.5397,13,✓ Yes,completed
4,525,481,08-30,+7.4%,+7.84%,0.5392,13,✓ Yes,completed
4,525,484,08-30,+7.3%,+7.72%,0.5386,13,✓ Yes,completed
4,525,487,08-30,+7.2%,+7.60%,0.5380,13,✓ Yes,completed
4,525,491,08-30,+7.1%,+7.53%,0.5376,13,✓ Yes,completed
4,525,494,08-30,+6.9%,+7.35%,0.5368,13,✓ Yes,completed
4,525,498,08-30,+6.8%,+7.24%,0.5362,13,✓ Yes,completed
4,525,501,08-30,+6.6%,+7.07%,0.5353,13,✓ Yes,completed
4,525,504,08-30,+6.4%,+6.86%,0.5343,13,✓ Yes,completed
4,525,508,08-30,+6.3%,+6.73%,0.5337,13,✓ Yes,completed
4,525,511,08-30,+5.9%,+6.32%,0.5316,14,✓ Yes,completed
4,525,515,08-30,+5.7%,+6.07%,0.5304,14,✓ Yes,completed
4,525,518,08-30,+5.5%,+5.83%,0.5291,14,✓ Yes,completed
4,525,521,08-30,+5.3%,+5.65%,0.5282,15,✓ Yes,completed
4,525,525,08-30,+5.2%,+5.48%,0.5274,16,✓ Yes,completed
4,528,464,08-30,+7.5%,+7.84%,0.5392,12,✓ Yes,completed
4,528,467,08-30,+7.4%,+7.72%,0.5386,12,✓ Yes,completed
4,528,471,08-30,+7.3%,+7.67%,0.5384,12,✓ Yes,completed
4,528,474,08-30,+7.2%,+7.57%,0.5378,12,✓ Yes,completed
4,528,477,08-30,+7.1%,+7.44%,0.5372,12,✓ Yes,completed
4,528,481,08-30,+7.0%,+7.36%,0.5368,12,✓ Yes,completed
4,528,484,08-30,+6.9%,+7.25%,0.5362,12,✓ Yes,completed
4,528,488,08-30,+6.7%,+7.13%,0.5357,12,✓ Yes,completed
4,528,491,08-30,+6.7%,+7.08%,0.5354,12,✓ Yes,completed
4,528,494,08-30,+6.5%,+6.92%,0.5346,12,✓ Yes,completed
4,528,498,08-30,+6.4%,+6.82%,0.5341,12,✓ Yes,completed
4,528,501,08-30,+6.2%,+6.55%,0.5327,12,✓ Yes,completed
4,528,505,08-30,+6.1%,+6.46%,0.5323,12,✓ Yes,completed
4,528,508,08-30,+6.0%,+6.34%,0.5317,12,✓ Yes,completed
4,528,511,08-30,+5.6%,+5.91%,0.5295,13,✓ Yes,completed
4,528,515,08-30,+5.4%,+5.70%,0.5285,13,✓ Yes,completed
4,528,518,08-30,+5.1%,+5.47%,0.5273,13,✓ Yes,completed
4,528,521,08-30,+5.0%,+5.35%,0.5267,13,✓ Yes,completed
4,528,525,08-30,+4.9%,+5.21%,0.5260,13,✓ Yes,completed
4,528,528,08-30,+4.6%,+4.93%,0.5247,14,✓ Yes,completed
4,496,464,09-02,+10.0%,+39.59%,0.6979,14,✗ No,budget_exceeded
4,496,467,09-02,+10.0%,+39.29%,0.6965,14,✗ No,budget_exceeded
4,496,471,09-02,+10.0%,+39.18%,0.6959,14,✗ No,budget_exceeded
4,496,475,09-02,+10.0%,+38.89%,0.6944,14,✗ No,budget_exceeded
4,496,478,09-02,+10.0%,+38.10%,0.6905,15,✗ No,budget_exceeded
4,496,482,09-02,+10.0%,+37.83%,0.6891,15,✗ No,budget_exceeded
4,496,485,09-02,+10.0%,+36.57%,0.6828,16,✗ No,budget_exceeded
4,496,489,09-02,+10.0%,+36.34%,0.6817,16,✗ No,budget_exceeded
4,496,492,09-02,+10.0%,+35.60%,0.6780,21,✗ No,budget_exceeded
4,496,496,09-02,+10.0%,+34.99%,0.6750,28,✗ No,budget_exceeded
4,499,464,09-02,+10.0%,+37.70%,0.6885,13,✗ No,budget_exceeded
4,499,467,09-02,+10.0%,+36.61%,0.6831,14,✗ No,budget_exceeded
4,499,471,09-02,+10.0%,+36.51%,0.6825,14,✗ No,budget_exceeded
4,499,475,09-02,+10.0%,+36.18%,0.6809,14,✗ No,budget_exceeded
4,499,478,09-02,+10.0%,+35.91%,0.6796,14,✗ No,budget_exceeded
4,499,482,09-02,+10.0%,+35.65%,0.6782,14,✗ No,budget_exceeded
4,499,485,09-02,+10.0%,+35.32%,0.6766,14,✗ No,budget_exceeded
4,499,489,09-02,+10.0%,+35.20%,0.6760,14,✗ No,budget_exceeded
4,499,492,09-02,+10.0%,+33.85%,0.6692,17,✗ No,budget_exceeded
4,499,496,09-02,+10.0%,+33.39%,0.6670,18,✗ No,budget_exceeded
4,499,499,09-02,+10.0%,+26.74%,0.6337,33,✗ No,budget_exceeded
4,503,464,09-02,+10.0%,+35.90%,0.6795,14,✗ No,budget_exceeded
4,503,467,09-02,+10.0%,+35.60%,0.6780,14,✗ No,budget_exceeded
4,503,471,09-02,+10.0%,+35.50%,0.6775,14,✗ No,budget_exceeded
4,503,475,09-02,+10.0%,+35.17%,0.6758,14,✗ No,budget_exceeded
4,503,478,09-02,+10.0%,+34.90%,0.6745,14,✗ No,budget_exceeded
4,503,482,09-02,+10.0%,+33.93%,0.6696,15,✗ No,budget_exceeded
4,503,485,09-02,+10.0%,+33.61%,0.6680,15,✗ No,budget_exceeded
4,503,489,09-02,+10.0%,+33.46%,0.6673,15,✗ No,budget_exceeded
4,503,492,09-02,+10.0%,+26.81%,0.6340,17,✗ No,budget_exceeded
4,503,496,09-02,+10.0%,+25.82%,0.6291,18,✗ No,budget_exceeded
4,503,499,09-02,+10.0%,+18.73%,0.5937,22,✗ No,budget_exceeded
4,503,503,09-02,+9.7%,+8.25%,0.5413,31,✓ Yes,completed
4,507,464,09-02,+10.0%,+35.30%,0.6765,14,✗ No,budget_exceeded
4,507,467,09-02,+10.0%,+35.01%,0.6750,14,✗ No,budget_exceeded
4,507,471,09-02,+10.0%,+34.90%,0.6745,14,✗ No,budget_exceeded
4,507,475,09-02,+10.0%,+33.89%,0.6695,15,✗ No,budget_exceeded
4,507,478,09-02,+10.0%,+33.63%,0.6682,15,✗ No,budget_exceeded
4,507,482,09-02,+10.0%,+33.34%,0.6667,15,✗ No,budget_exceeded
4,507,485,09-02,+10.0%,+26.91%,0.6345,16,✗ No,budget_exceeded
4,507,489,09-02,+10.0%,+26.73%,0.6336,16,✗ No,budget_exceeded
4,507,492,09-02,+10.0%,+19.05%,0.5953,19,✗ No,budget_exceeded
4,507,496,09-02,+10.0%,+18.73%,0.5937,19,✗ No,budget_exceeded
4,507,500,09-02,+9.7%,+8.30%,0.5415,20,✓ Yes,completed
4,507,503,09-02,+9.2%,+8.08%,0.5404,21,✓ Yes,completed
4,507,507,09-02,+9.1%,+7.99%,0.5400,28,✓ Yes,completed
4,510,464,09-02,+10.0%,+34.55%,0.6727,13,✗ No,budget_exceeded
4,510,467,09-02,+10.0%,+33.50%,0.6675,14,✗ No,budget_exceeded
4,510,471,09-02,+10.0%,+33.40%,0.6670,14,✗ No,budget_exceeded
4,510,475,09-02,+10.0%,+33.10%,0.6655,14,✗ No,budget_exceeded
4,510,478,09-02,+10.0%,+26.82%,0.6341,15,✗ No,budget_exceeded
4,510,482,09-02,+10.0%,+25.89%,0.6295,16,✗ No,budget_exceeded
4,510,485,09-02,+10.0%,+19.01%,0.5950,17,✗ No,budget_exceeded
4,510,489,09-02,+10.0%,+18.80%,0.5940,17,✗ No,budget_exceeded
4,510,492,09-02,+9.9%,+8.39%,0.5420,18,✓ Yes,completed
4,510,496,09-02,+9.7%,+8.31%,0.5415,18,✓ Yes,completed
4,510,500,09-02,+9.2%,+8.06%,0.5403,19,✓ Yes,completed
4,510,503,09-02,+8.7%,+7.90%,0.5395,20,✓ Yes,completed
4,510,507,09-02,+8.5%,+7.81%,0.5391,20,✓ Yes,completed
4,510,510,09-02,+7.9%,+7.38%,0.5369,30,✓ Yes,completed
4,514,464,09-02,+9.8%,+8.28%,0.5414,14,✓ Yes,completed
4,514,467,09-02,+9.7%,+8.21%,0.5410,14,✓ Yes,completed
4,514,471,09-02,+9.6%,+8.17%,0.5409,14,✓ Yes,completed
4,514,475,09-02,+9.4%,+8.09%,0.5405,14,✓ Yes,completed
4,514,478,09-02,+9.3%,+8.06%,0.5403,14,✓ Yes,completed
4,514,482,09-02,+9.1%,+8.02%,0.5401,14,✓ Yes,completed
4,514,485,09-02,+9.0%,+7.99%,0.5400,14,✓ Yes,completed
4,514,489,09-02,+8.9%,+7.96%,0.5398,14,✓ Yes,completed
4,514,492,09-02,+8.6%,+7.85%,0.5393,15,✓ Yes,completed
4,514,496,09-02,+8.4%,+7.81%,0.5391,15,✓ Yes,completed
4,514,500,09-02,+8.2%,+7.74%,0.5387,15,✓ Yes,completed
4,514,503,09-02,+7.8%,+7.40%,0.5370,16,✓ Yes,completed
4,514,507,09-02,+7.7%,+7.31%,0.5365,16,✓ Yes,completed
4,514,510,09-02,+7.3%,+6.98%,0.5349,17,✓ Yes,completed
4,514,514,09-02,+7.0%,+6.66%,0.5333,28,✓ Yes,completed
4,517,464,09-02,+8.8%,+7.86%,0.5393,13,✓ Yes,completed
4,517,467,09-02,+8.7%,+7.82%,0.5391,13,✓ Yes,completed
4,517,471,09-02,+8.6%,+7.81%,0.5391,13,✓ Yes,completed
4,517,474,09-02,+8.5%,+7.78%,0.5389,13,✓ Yes,completed
4,517,477,09-02,+8.4%,+7.74%,0.5387,13,✓ Yes,completed
4,517,481,09-02,+8.3%,+7.70%,0.5385,13,✓ Yes,completed
4,517,484,09-02,+8.2%,+7.66%,0.5383,13,✓ Yes,completed
4,517,487,09-02,+8.0%,+7.54%,0.5377,13,✓ Yes,completed
4,517,491,09-02,+7.9%,+7.47%,0.5373,13,✓ Yes,completed
4,517,494,09-02,+7.6%,+7.23%,0.5361,14,✓ Yes,completed
4,517,497,09-02,+7.5%,+7.12%,0.5356,14,✓ Yes,completed
4,517,501,09-02,+7.3%,+6.98%,0.5349,14,✓ Yes,completed
4,517,504,09-02,+7.1%,+6.82%,0.5341,14,✓ Yes,completed
4,517,507,09-02,+7.0%,+6.74%,0.5337,14,✓ Yes,completed
4,517,511,09-02,+6.8%,+6.64%,0.5332,14,✓ Yes,completed
4,517,514,09-02,+6.4%,+6.47%,0.5324,15,✓ Yes,completed
4,517,517,09-02,+6.2%,+6.33%,0.5316,23,✓ Yes,completed
4,521,464,09-02,+8.5%,+7.72%,0.5386,13,✓ Yes,completed
4,521,467,09-02,+8.3%,+7.67%,0.5384,13,✓ Yes,completed
4,521,471,09-02,+8.3%,+7.66%,0.5383,13,✓ Yes,completed
4,521,474,09-02,+8.1%,+7.61%,0.5380,13,✓ Yes,completed
4,521,477,09-02,+8.0%,+7.49%,0.5374,13,✓ Yes,completed
4,521,481,09-02,+7.9%,+7.40%,0.5370,13,✓ Yes,completed
4,521,484,09-02,+7.8%,+7.29%,0.5364,13,✓ Yes,completed
4,521,487,09-02,+7.6%,+7.20%,0.5360,13,✓ Yes,completed
4,521,491,09-02,+7.6%,+7.14%,0.5357,13,✓ Yes,completed
4,521,494,09-02,+7.3%,+6.90%,0.5345,14,✓ Yes,completed
4,521,497,09-02,+7.1%,+6.82%,0.5341,14,✓ Yes,completed
4,521,501,09-02,+7.0%,+6.71%,0.5335,14,✓ Yes,completed
4,521,504,09-02,+6.8%,+6.61%,0.5330,14,✓ Yes,completed
4,521,508,09-02,+6.6%,+6.56%,0.5328,14,✓ Yes,completed
4,521,511,09-02,+6.4%,+6.47%,0.5324,14,✓ Yes,completed
4,521,514,09-02,+6.0%,+6.27%,0.5314,15,✓ Yes,completed
4,521,518,09-02,+5.8%,+6.05%,0.5302,16,✓ Yes,completed
4,521,521,09-02,+5.6%,+5.92%,0.5296,19,✓ Yes,completed
4,525,464,09-02,+8.0%,+7.45%,0.5372,13,✓ Yes,completed
4,525,467,09-02,+7.9%,+7.32%,0.5366,13,✓ Yes,completed
4,525,471,09-02,+7.8%,+7.28%,0.5364,13,✓ Yes,completed
4,525,474,09-02,+7.7%,+7.19%,0.5359,13,✓ Yes,completed
4,525,477,09-02,+7.5%,+7.09%,0.5354,13,✓ Yes,completed
4,525,481,09-02,+7.4%,+7.01%,0.5351,13,✓ Yes,completed
4,525,484,09-02,+7.3%,+6.91%,0.5346,13,✓ Yes,completed
4,525,487,09-02,+7.2%,+6.83%,0.5341,13,✓ Yes,completed
4,525,491,09-02,+7.1%,+6.77%,0.5339,13,✓ Yes,completed
4,525,494,09-02,+6.9%,+6.67%,0.5334,13,✓ Yes,completed
4,525,498,09-02,+6.8%,+6.62%,0.5331,13,✓ Yes,completed
4,525,501,09-02,+6.6%,+6.55%,0.5327,13,✓ Yes,completed
4,525,504,09-02,+6.4%,+6.47%,0.5323,13,✓ Yes,completed
4,525,508,09-02,+6.3%,+6.43%,0.5321,13,✓ Yes,completed
4,525,511,09-02,+5.9%,+6.19%,0.5309,14,✓ Yes,completed
4,525,515,09-02,+5.7%,+6.03%,0.5302,14,✓ Yes,completed
4,525,518,09-02,+5.5%,+5.89%,0.5294,14,✓ Yes,completed
4,525,521,09-02,+5.3%,+5.73%,0.5287,15,✓ Yes,completed
4,525,525,09-02,+5.2%,+5.57%,0.5278,16,✓ Yes,completed
4,528,464,09-02,+7.5%,+7.00%,0.5350,12,✓ Yes,completed
4,528,467,09-02,+7.4%,+6.90%,0.5345,12,✓ Yes,completed
4,528,471,09-02,+7.3%,+6.87%,0.5343,12,✓ Yes,completed
4,528,474,09-02,+7.2%,+6.79%,0.5339,12,✓ Yes,completed
4,528,477,09-02,+7.1%,+6.70%,0.5335,12,✓ Yes,completed
4,528,481,09-02,+7.0%,+6.66%,0.5333,12,✓ Yes,completed
4,528,484,09-02,+6.9%,+6.61%,0.5330,12,✓ Yes,completed
4,528,488,09-02,+6.7%,+6.56%,0.5328,12,✓ Yes,completed
4,528,491,09-02,+6.7%,+6.54%,0.5327,12,✓ Yes,completed
4,528,494,09-02,+6.5%,+6.47%,0.5324,12,✓ Yes,completed
4,528,498,09-02,+6.4%,+6.44%,0.5322,12,✓ Yes,completed
4,528,501,09-02,+6.2%,+6.34%,0.5317,12,✓ Yes,completed
4,528,505,09-02,+6.1%,+6.28%,0.5314,12,✓ Yes,completed
4,528,508,09-02,+6.0%,+6.20%,0.5310,12,✓ Yes,completed
4,528,511,09-02,+5.6%,+5.94%,0.5297,13,✓ Yes,completed
4,528,515,09-02,+5.4%,+5.78%,0.5289,13,✓ Yes,completed
4,528,518,09-02,+5.1%,+5.56%,0.5278,13,✓ Yes,completed
4,528,521,09-02,+5.0%,+5.45%,0.5272,13,✓ Yes,completed
4,528,525,09-02,+4.9%,+5.32%,0.5266,13,✓ Yes,completed
4,528,528,09-02,+4.6%,+5.10%,0.5255,14,✓ Yes,completed
4,496,464,09-05,+10.0%,+43.36%,0.7168,14,✗ No,budget_exceeded
4,496,467,09-05,+10.0%,+43.06%,0.7153,14,✗ No,budget_exceeded
4,496,471,09-05,+10.0%,+42.94%,0.7147,14,✗ No,budget_exceeded
4,496,475,09-05,+10.0%,+42.64%,0.7132,14,✗ No,budget_exceeded
4,496,478,09-05,+10.0%,+41.84%,0.7092,15,✗ No,budget_exceeded
4,496,482,09-05,+10.0%,+41.56%,0.7078,15,✗ No,budget_exceeded
4,496,485,09-05,+10.0%,+40.27%,0.7013,16,✗ No,budget_exceeded
4,496,489,09-05,+10.0%,+40.04%,0.7002,16,✗ No,budget_exceeded
4,496,492,09-05,+10.0%,+39.28%,0.6964,21,✗ No,budget_exceeded
4,496,496,09-05,+10.0%,+38.65%,0.6933,28,✗ No,budget_exceeded
4,499,464,09-05,+10.0%,+41.43%,0.7071,13,✗ No,budget_exceeded
4,499,467,09-05,+10.0%,+40.32%,0.7016,14,✗ No,budget_exceeded
4,499,471,09-05,+10.0%,+40.21%,0.7010,14,✗ No,budget_exceeded
4,499,475,09-05,+10.0%,+39.87%,0.6994,14,✗ No,budget_exceeded
4,499,478,09-05,+10.0%,+39.60%,0.6980,14,✗ No,budget_exceeded
4,499,482,09-05,+10.0%,+39.33%,0.6966,14,✗ No,budget_exceeded
4,499,485,09-05,+10.0%,+38.99%,0.6950,14,✗ No,budget_exceeded
4,499,489,09-05,+10.0%,+38.87%,0.6943,14,✗ No,budget_exceeded
4,499,492,09-05,+10.0%,+37.49%,0.6874,17,✗ No,budget_exceeded
4,499,496,09-05,+10.0%,+37.02%,0.6851,18,✗ No,budget_exceeded
4,499,499,09-05,+10.0%,+30.21%,0.6511,33,✗ No,budget_exceeded
4,503,464,09-05,+10.0%,+39.59%,0.6979,14,✗ No,budget_exceeded
4,503,467,09-05,+10.0%,+39.28%,0.6964,14,✗ No,budget_exceeded
4,503,471,09-05,+10.0%,+39.17%,0.6959,14,✗ No,budget_exceeded
4,503,475,09-05,+10.0%,+38.84%,0.6942,14,✗ No,budget_exceeded
4,503,478,09-05,+10.0%,+38.57%,0.6928,14,✗ No,budget_exceeded
4,503,482,09-05,+10.0%,+37.57%,0.6878,15,✗ No,budget_exceeded
4,503,485,09-05,+10.0%,+37.24%,0.6862,15,✗ No,budget_exceeded
4,503,489,09-05,+10.0%,+37.09%,0.6854,15,✗ No,budget_exceeded
4,503,492,09-05,+10.0%,+30.28%,0.6514,17,✗ No,budget_exceeded
4,503,496,09-05,+10.0%,+29.27%,0.6464,18,✗ No,budget_exceeded
4,503,499,09-05,+10.0%,+22.01%,0.6101,22,✗ No,budget_exceeded
4,503,503,09-05,+9.7%,+6.69%,0.5335,31,✓ Yes,completed
4,507,464,09-05,+10.0%,+38.98%,0.6949,14,✗ No,budget_exceeded
4,507,467,09-05,+10.0%,+38.67%,0.6934,14,✗ No,budget_exceeded
4,507,471,09-05,+10.0%,+38.56%,0.6928,14,✗ No,budget_exceeded
4,507,475,09-05,+10.0%,+37.53%,0.6877,15,✗ No,budget_exceeded
4,507,478,09-05,+10.0%,+37.26%,0.6863,15,✗ No,budget_exceeded
4,507,482,09-05,+10.0%,+36.96%,0.6848,15,✗ No,budget_exceeded
4,507,485,09-05,+10.0%,+30.38%,0.6519,16,✗ No,budget_exceeded
4,507,489,09-05,+10.0%,+30.20%,0.6510,16,✗ No,budget_exceeded
4,507,492,09-05,+10.0%,+22.34%,0.6117,19,✗ No,budget_exceeded
4,507,496,09-05,+10.0%,+22.01%,0.6101,19,✗ No,budget_exceeded
4,507,500,09-05,+9.7%,+6.74%,0.5337,20,✓ Yes,completed
4,507,503,09-05,+9.2%,+6.45%,0.5323,21,✓ Yes,completed
4,507,507,09-05,+9.1%,+6.30%,0.5315,28,✓ Yes,completed
4,510,464,09-05,+10.0%,+38.20%,0.6910,13,✗ No,budget_exceeded
4,510,467,09-05,+10.0%,+37.13%,0.6857,14,✗ No,budget_exceeded
4,510,471,09-05,+10.0%,+37.03%,0.6851,14,✗ No,budget_exceeded
4,510,475,09-05,+10.0%,+36.72%,0.6836,14,✗ No,budget_exceeded
4,510,478,09-05,+10.0%,+30.29%,0.6514,15,✗ No,budget_exceeded
4,510,482,09-05,+10.0%,+29.34%,0.6467,16,✗ No,budget_exceeded
4,510,485,09-05,+10.0%,+22.30%,0.6115,17,✗ No,budget_exceeded
4,510,489,09-05,+10.0%,+22.08%,0.6104,17,✗ No,budget_exceeded
4,510,492,09-05,+9.9%,+6.90%,0.5345,18,✓ Yes,completed
4,510,496,09-05,+9.7%,+6.75%,0.5338,18,✓ Yes,completed
4,510,500,09-05,+9.2%,+6.41%,0.5320,19,✓ Yes,completed
4,510,503,09-05,+8.7%,+6.14%,0.5307,20,✓ Yes,completed
4,510,507,09-05,+8.5%,+6.04%,0.5302,20,✓ Yes,completed
4,510,510,09-05,+7.9%,+5.70%,0.5285,30,✓ Yes,completed
4,514,464,09-05,+9.8%,+6.76%,0.5338,14,✓ Yes,completed
4,514,467,09-05,+9.7%,+6.64%,0.5332,14,✓ Yes,completed
4,514,471,09-05,+9.6%,+6.59%,0.5330,14,✓ Yes,completed
4,514,475,09-05,+9.4%,+6.49%,0.5325,14,✓ Yes,completed
4,514,478,09-05,+9.3%,+6.44%,0.5322,14,✓ Yes,completed
4,514,482,09-05,+9.1%,+6.34%,0.5317,14,✓ Yes,completed
4,514,485,09-05,+9.0%,+6.29%,0.5314,14,✓ Yes,completed
4,514,489,09-05,+8.9%,+6.23%,0.5311,14,✓ Yes,completed
4,514,492,09-05,+8.6%,+6.08%,0.5304,15,✓ Yes,completed
4,514,496,09-05,+8.4%,+6.04%,0.5302,15,✓ Yes,completed
4,514,500,09-05,+8.2%,+5.96%,0.5298,15,✓ Yes,completed
4,514,503,09-05,+7.8%,+5.73%,0.5287,16,✓ Yes,completed
4,514,507,09-05,+7.7%,+5.66%,0.5283,16,✓ Yes,completed
4,514,510,09-05,+7.3%,+5.40%,0.5270,17,✓ Yes,completed
4,514,514,09-05,+7.0%,+5.10%,0.5255,28,✓ Yes,completed
4,517,464,09-05,+8.8%,+6.11%,0.5306,13,✓ Yes,completed
4,517,467,09-05,+8.7%,+6.06%,0.5303,13,✓ Yes,completed
4,517,471,09-05,+8.6%,+6.04%,0.5302,13,✓ Yes,completed
4,517,474,09-05,+8.5%,+6.01%,0.5300,13,✓ Yes,completed
4,517,477,09-05,+8.4%,+5.96%,0.5298,13,✓ Yes,completed
4,517,481,09-05,+8.3%,+5.92%,0.5296,13,✓ Yes,completed
4,517,484,09-05,+8.2%,+5.89%,0.5294,13,✓ Yes,completed
4,517,487,09-05,+8.0%,+5.83%,0.5291,13,✓ Yes,completed
4,517,491,09-05,+7.9%,+5.78%,0.5289,13,✓ Yes,completed
4,517,494,09-05,+7.6%,+5.59%,0.5279,14,✓ Yes,completed
4,517,497,09-05,+7.5%,+5.51%,0.5275,14,✓ Yes,completed
4,517,501,09-05,+7.3%,+5.40%,0.5270,14,✓ Yes,completed
4,517,504,09-05,+7.1%,+5.27%,0.5264,14,✓ Yes,completed
4,517,507,09-05,+7.0%,+5.19%,0.5259,14,✓ Yes,completed
4,517,511,09-05,+6.8%,+5.04%,0.5252,14,✓ Yes,completed
4,517,514,09-05,+6.4%,+4.75%,0.5238,15,✓ Yes,completed
4,517,517,09-05,+6.2%,+4.48%,0.5224,23,✓ Yes,completed
4,521,464,09-05,+8.5%,+5.94%,0.5297,13,✓ Yes,completed
4,521,467,09-05,+8.3%,+5.89%,0.5295,13,✓ Yes,completed
4,521,471,09-05,+8.3%,+5.87%,0.5294,13,✓ Yes,completed
4,521,474,09-05,+8.1%,+5.84%,0.5292,13,✓ Yes,completed
4,521,477,09-05,+8.0%,+5.78%,0.5289,13,✓ Yes,completed
4,521,481,09-05,+7.9%,+5.72%,0.5286,13,✓ Yes,completed
4,521,484,09-05,+7.8%,+5.63%,0.5282,13,✓ Yes,completed
4,521,487,09-05,+7.6%,+5.56%,0.5278,13,✓ Yes,completed
4,521,491,09-05,+7.6%,+5.52%,0.5276,13,✓ Yes,completed
4,521,494,09-05,+7.3%,+5.33%,0.5267,14,✓ Yes,completed
4,521,497,09-05,+7.1%,+5.26%,0.5263,14,✓ Yes,completed
4,521,501,09-05,+7.0%,+5.15%,0.5257,14,✓ Yes,completed
4,521,504,09-05,+6.8%,+5.00%,0.5250,14,✓ Yes,completed
4,521,508,09-05,+6.6%,+4.90%,0.5245,14,✓ Yes,completed
4,521,511,09-05,+6.4%,+4.75%,0.5237,14,✓ Yes,completed
4,521,514,09-05,+6.0%,+4.38%,0.5219,15,✓ Yes,completed
4,521,518,09-05,+5.8%,+4.06%,0.5203,16,✓ Yes,completed
4,521,521,09-05,+5.6%,+3.86%,0.5193,19,✓ Yes,completed
4,525,464,09-05,+8.0%,+5.73%,0.5287,13,✓ Yes,completed
4,525,467,09-05,+7.9%,+5.65%,0.5282,13,✓ Yes,completed
4,525,471,09-05,+7.8%,+5.62%,0.5281,13,✓ Yes,completed
4,525,474,09-05,+7.7%,+5.55%,0.5277,13,✓ Yes,completed
4,525,477,09-05,+7.5%,+5.46%,0.5273,13,✓ Yes,completed
4,525,481,09-05,+7.4%,+5.41%,0.5270,13,✓ Yes,completed
4,525,484,09-05,+7.3%,+5.33%,0.5267,13,✓ Yes,completed
4,525,487,09-05,+7.2%,+5.27%,0.5263,13,✓ Yes,completed
4,525,491,09-05,+7.1%,+5.22%,0.5261,13,✓ Yes,completed
4,525,494,09-05,+6.9%,+5.11%,0.5255,13,✓ Yes,completed
4,525,498,09-05,+6.8%,+5.03%,0.5251,13,✓ Yes,completed
4,525,501,09-05,+6.6%,+4.90%,0.5245,13,✓ Yes,completed
4,525,504,09-05,+6.4%,+4.75%,0.5237,13,✓ Yes,completed
4,525,508,09-05,+6.3%,+4.65%,0.5232,13,✓ Yes,completed
4,525,511,09-05,+5.9%,+4.27%,0.5213,14,✓ Yes,completed
4,525,515,09-05,+5.7%,+4.03%,0.5202,14,✓ Yes,completed
4,525,518,09-05,+5.5%,+3.81%,0.5191,14,✓ Yes,completed
4,525,521,09-05,+5.3%,+3.66%,0.5183,15,✓ Yes,completed
4,525,525,09-05,+5.2%,+3.50%,0.5175,16,✓ Yes,completed
4,528,464,09-05,+7.5%,+5.38%,0.5269,12,✓ Yes,completed
4,528,467,09-05,+7.4%,+5.31%,0.5266,12,✓ Yes,completed
4,528,471,09-05,+7.3%,+5.29%,0.5264,12,✓ Yes,completed
4,528,474,09-05,+7.2%,+5.23%,0.5261,12,✓ Yes,completed
4,528,477,09-05,+7.1%,+5.15%,0.5257,12,✓ Yes,completed
4,528,481,09-05,+7.0%,+5.10%,0.5255,12,✓ Yes,completed
4,528,484,09-05,+6.9%,+5.02%,0.5251,12,✓ Yes,completed
4,528,488,09-05,+6.7%,+4.95%,0.5247,12,✓ Yes,completed
4,528,491,09-05,+6.7%,+4.90%,0.5245,12,✓ Yes,completed
4,528,494,09-05,+6.5%,+4.78%,0.5239,12,✓ Yes,completed
4,528,498,09-05,+6.4%,+4.71%,0.5236,12,✓ Yes,completed
4,528,501,09-05,+6.2%,+4.49%,0.5224,12,✓ Yes,completed
4,528,505,09-05,+6.1%,+4.40%,0.5220,12,✓ Yes,completed
4,528,508,09-05,+6.0%,+4.29%,0.5215,12,✓ Yes,completed
4,528,511,09-05,+5.6%,+3.88%,0.5194,13,✓ Yes,completed
4,528,515,09-05,+5.4%,+3.70%,0.5185,13,✓ Yes,completed
4,528,518,09-05,+5.1%,+3.50%,0.5175,13,✓ Yes,completed
4,528,521,09-05,+5.0%,+3.40%,0.5170,13,✓ Yes,completed
4,528,525,09-05,+4.9%,+3.30%,0.5165,13,✓ Yes,completed
4,528,528,09-05,+4.6%,+3.17%,0.5158,14,✓ Yes,completed
4,496,464,09-08,+10.0%,+47.51%,0.7375,13,✗ No,budget_exceeded
4,496,467,09-08,+10.0%,+47.20%,0.7360,13,✗ No,budget_exceeded
4,496,471,09-08,+10.0%,+47.11%,0.7356,13,✗ No,budget_exceeded
4,496,475,09-08,+10.0%,+46.82%,0.7341,13,✗ No,budget_exceeded
4,496,478,09-08,+10.0%,+45.11%,0.7255,15,✗ No,budget_exceeded
4,496,482,09-08,+10.0%,+44.82%,0.7241,15,✗ No,budget_exceeded
4,496,485,09-08,+10.0%,+44.45%,0.7223,15,✗ No,budget_exceeded
4,496,489,09-08,+10.0%,+44.22%,0.7211,15,✗ No,budget_exceeded
4,496,492,09-08,+10.0%,+42.75%,0.7138,21,✗ No,budget_exceeded
4,496,496,09-08,+10.0%,+42.12%,0.7106,29,✗ No,budget_exceeded
4,499,464,09-08,+10.0%,+44.78%,0.7239,13,✗ No,budget_exceeded
4,499,467,09-08,+10.0%,+44.47%,0.7224,13,✗ No,budget_exceeded
4,499,471,09-08,+10.0%,+44.39%,0.7220,13,✗ No,budget_exceeded
4,499,475,09-08,+10.0%,+44.05%,0.7203,13,✗ No,budget_exceeded
4,499,478,09-08,+10.0%,+43.78%,0.7189,13,✗ No,budget_exceeded
4,499,482,09-08,+10.0%,+42.81%,0.7141,14,✗ No,budget_exceeded
4,499,485,09-08,+10.0%,+42.48%,0.7124,14,✗ No,budget_exceeded
4,499,489,09-08,+10.0%,+42.33%,0.7116,14,✗ No,budget_exceeded
4,499,492,09-08,+10.0%,+36.10%,0.6805,18,✗ No,budget_exceeded
4,499,496,09-08,+10.0%,+34.52%,0.6726,21,✗ No,budget_exceeded
4,499,499,09-08,+10.0%,+27.10%,0.6355,35,✗ No,budget_exceeded
4,503,464,09-08,+10.0%,+43.74%,0.7187,13,✗ No,budget_exceeded
4,503,467,09-08,+10.0%,+42.77%,0.7138,14,✗ No,budget_exceeded
4,503,471,09-08,+10.0%,+42.69%,0.7134,14,✗ No,budget_exceeded
4,503,475,09-08,+10.0%,+42.32%,0.7116,14,✗ No,budget_exceeded
4,503,478,09-08,+10.0%,+42.06%,0.7103,14,✗ No,budget_exceeded
4,503,482,09-08,+10.0%,+35.63%,0.6781,15,✗ No,budget_exceeded
4,503,485,09-08,+10.0%,+34.55%,0.6728,16,✗ No,budget_exceeded
4,503,489,09-08,+10.0%,+34.34%,0.6717,16,✗ No,budget_exceeded
4,503,492,09-08,+10.0%,+27.15%,0.6358,18,✗ No,budget_exceeded
4,503,496,09-08,+10.0%,+26.82%,0.6341,18,✗ No,budget_exceeded
4,503,499,09-08,+9.6%,+5.90%,0.5295,21,✓ Yes,completed
4,503,503,09-08,+9.1%,+5.85%,0.5293,29,✓ Yes,completed
4,507,464,09-08,+10.0%,+42.55%,0.7128,14,✗ No,budget_exceeded
4,507,467,09-08,+10.0%,+42.22%,0.7111,14,✗ No,budget_exceeded
4,507,471,09-08,+10.0%,+42.14%,0.7107,14,✗ No,budget_exceeded
4,507,475,09-08,+10.0%,+41.78%,0.7089,14,✗ No,budget_exceeded
4,507,478,09-08,+10.0%,+35.32%,0.6766,15,✗ No,budget_exceeded
4,507,482,09-08,+10.0%,+34.40%,0.6720,16,✗ No,budget_exceeded
4,507,485,09-08,+10.0%,+27.35%,0.6368,17,✗ No,budget_exceeded
4,507,489,09-08,+10.0%,+27.14%,0.6357,17,✗ No,budget_exceeded
4,507,492,09-08,+9.9%,+5.97%,0.5298,18,✓ Yes,completed
4,507,496,09-08,+9.7%,+5.92%,0.5296,18,✓ Yes,completed
4,507,500,09-08,+9.2%,+5.89%,0.5295,19,✓ Yes,completed
4,507,503,09-08,+8.7%,+5.81%,0.5291,20,✓ Yes,completed
4,507,507,09-08,+8.5%,+5.74%,0.5287,27,✓ Yes,completed
4,510,464,09-08,+10.0%,+41.67%,0.7084,13,✗ No,budget_exceeded
4,510,467,09-08,+10.0%,+41.38%,0.7069,13,✗ No,budget_exceeded
4,510,471,09-08,+10.0%,+41.31%,0.7065,13,✗ No,budget_exceeded
4,510,475,09-08,+10.0%,+27.56%,0.6378,16,✗ No,budget_exceeded
4,510,478,09-08,+10.0%,+27.21%,0.6360,16,✗ No,budget_exceeded
4,510,482,09-08,+10.0%,+26.93%,0.6346,16,✗ No,budget_exceeded
4,510,485,09-08,+9.9%,+5.95%,0.5298,16,✓ Yes,completed
4,510,489,09-08,+9.7%,+5.93%,0.5296,16,✓ Yes,completed
4,510,492,09-08,+9.4%,+5.88%,0.5294,17,✓ Yes,completed
4,510,496,09-08,+9.2%,+5.89%,0.5295,17,✓ Yes,completed
4,510,500,09-08,+8.6%,+5.80%,0.5290,18,✓ Yes,completed
4,510,503,09-08,+8.2%,+5.75%,0.5287,19,✓ Yes,completed
4,510,507,09-08,+7.9%,+5.68%,0.5284,19,✓ Yes,completed
4,510,510,09-08,+7.4%,+5.35%,0.5268,27,✓ Yes,completed
4,514,464,09-08,+9.3%,+5.81%,0.5290,13,✓ Yes,completed
4,514,467,09-08,+9.1%,+5.83%,0.5291,13,✓ Yes,completed
4,514,471,09-08,+9.1%,+5.82%,0.5291,13,✓ Yes,completed
4,514,475,09-08,+8.9%,+5.81%,0.5290,13,✓ Yes,completed
4,514,478,09-08,+8.7%,+5.79%,0.5290,13,✓ Yes,completed
4,514,482,09-08,+8.6%,+5.77%,0.5288,13,✓ Yes,completed
4,514,485,09-08,+8.5%,+5.76%,0.5288,13,✓ Yes,completed
4,514,489,09-08,+8.4%,+5.75%,0.5288,13,✓ Yes,completed
4,514,492,09-08,+8.1%,+5.73%,0.5287,14,✓ Yes,completed
4,514,496,09-08,+7.9%,+5.69%,0.5284,14,✓ Yes,completed
4,514,500,09-08,+7.7%,+5.56%,0.5278,14,✓ Yes,completed
4,514,503,09-08,+7.3%,+5.37%,0.5268,15,✓ Yes,completed
4,514,507,09-08,+7.2%,+5.31%,0.5266,15,✓ Yes,completed
4,514,510,09-08,+6.9%,+5.11%,0.5256,15,✓ Yes,completed
4,514,514,09-08,+6.6%,+4.88%,0.5244,26,✓ Yes,completed
4,517,464,09-08,+8.4%,+5.68%,0.5284,12,✓ Yes,completed
4,517,467,09-08,+8.2%,+5.68%,0.5284,12,✓ Yes,completed
4,517,471,09-08,+8.2%,+5.69%,0.5284,12,✓ Yes,completed
4,517,474,09-08,+8.1%,+5.68%,0.5284,12,✓ Yes,completed
4,517,477,09-08,+7.9%,+5.62%,0.5281,12,✓ Yes,completed
4,517,481,09-08,+7.8%,+5.56%,0.5278,12,✓ Yes,completed
4,517,484,09-08,+7.7%,+5.51%,0.5276,12,✓ Yes,completed
4,517,487,09-08,+7.6%,+5.43%,0.5272,12,✓ Yes,completed
4,517,491,09-08,+7.5%,+5.41%,0.5270,12,✓ Yes,completed
4,517,494,09-08,+7.2%,+5.28%,0.5264,13,✓ Yes,completed
4,517,497,09-08,+7.1%,+5.20%,0.5260,13,✓ Yes,completed
4,517,501,09-08,+6.9%,+5.09%,0.5255,13,✓ Yes,completed
4,517,504,09-08,+6.7%,+5.00%,0.5250,13,✓ Yes,completed
4,517,507,09-08,+6.6%,+4.95%,0.5247,13,✓ Yes,completed
4,517,511,09-08,+6.4%,+4.88%,0.5244,13,✓ Yes,completed
4,517,514,09-08,+6.0%,+4.67%,0.5234,14,✓ Yes,completed
4,517,517,09-08,+5.8%,+4.44%,0.5222,22,✓ Yes,completed
4,521,464,09-08,+8.0%,+5.62%,0.5281,12,✓ Yes,completed
4,521,467,09-08,+7.9%,+5.56%,0.5278,12,✓ Yes,completed
4,521,471,09-08,+7.8%,+5.54%,0.5277,12,✓ Yes,completed
4,521,474,09-08,+7.7%,+5.47%,0.5274,12,✓ Yes,completed
4,521,477,09-08,+7.6%,+5.40%,0.5270,12,✓ Yes,completed
4,521,481,09-08,+7.5%,+5.37%,0.5268,12,✓ Yes,completed
4,521,484,09-08,+7.3%,+5.32%,0.5266,12,✓ Yes,completed
4,521,487,09-08,+7.2%,+5.27%,0.5263,12,✓ Yes,completed
4,521,491,09-08,+7.2%,+5.22%,0.5261,12,✓ Yes,completed
4,521,494,09-08,+6.9%,+5.05%,0.5252,13,✓ Yes,completed
4,521,497,09-08,+6.7%,+4.99%,0.5250,13,✓ Yes,completed
4,521,501,09-08,+6.6%,+4.92%,0.5246,13,✓ Yes,completed
4,521,504,09-08,+6.4%,+4.86%,0.5243,13,✓ Yes,completed
4,521,508,09-08,+6.3%,+4.82%,0.5241,13,✓ Yes,completed
4,521,511,09-08,+6.1%,+4.70%,0.5235,13,✓ Yes,completed
4,521,514,09-08,+5.7%,+4.42%,0.5221,14,✓ Yes,completed
4,521,518,09-08,+5.4%,+4.27%,0.5214,15,✓ Yes,completed
4,521,521,09-08,+5.2%,+4.14%,0.5207,18,✓ Yes,completed
4,525,464,09-08,+7.6%,+5.35%,0.5268,12,✓ Yes,completed
4,525,467,09-08,+7.4%,+5.31%,0.5266,12,✓ Yes,completed
4,525,471,09-08,+7.4%,+5.30%,0.5265,12,✓ Yes,completed
4,525,474,09-08,+7.3%,+5.26%,0.5263,12,✓ Yes,completed
4,525,477,09-08,+7.1%,+5.18%,0.5259,12,✓ Yes,completed
4,525,481,09-08,+7.0%,+5.12%,0.5256,12,✓ Yes,completed
4,525,484,09-08,+6.9%,+5.06%,0.5253,12,✓ Yes,completed
4,525,487,09-08,+6.8%,+5.00%,0.5250,12,✓ Yes,completed
4,525,491,09-08,+6.7%,+4.97%,0.5248,12,✓ Yes,completed
4,525,494,09-08,+6.6%,+4.91%,0.5245,12,✓ Yes,completed
4,525,498,09-08,+6.5%,+4.87%,0.5244,12,✓ Yes,completed
4,525,501,09-08,+6.3%,+4.82%,0.5241,12,✓ Yes,completed
4,525,504,09-08,+6.1%,+4.71%,0.5235,12,✓ Yes,completed
4,525,508,09-08,+6.0%,+4.61%,0.5230,12,✓ Yes,completed
4,525,511,09-08,+5.6%,+4.38%,0.5219,13,✓ Yes,completed
4,525,515,09-08,+5.4%,+4.27%,0.5213,13,✓ Yes,completed
4,525,518,09-08,+5.2%,+4.13%,0.5206,13,✓ Yes,completed
4,525,521,09-08,+5.0%,+4.01%,0.5200,14,✓ Yes,completed
4,525,525,09-08,+4.9%,+3.90%,0.5195,14,✓ Yes,completed
4,528,464,09-08,+7.1%,+5.12%,0.5256,11,✓ Yes,completed
4,528,467,09-08,+7.0%,+5.05%,0.5252,11,✓ Yes,completed
4,528,471,09-08,+7.0%,+5.03%,0.5252,11,✓ Yes,completed
4,528,474,09-08,+6.8%,+4.98%,0.5249,11,✓ Yes,completed
4,528,477,09-08,+6.7%,+4.92%,0.5246,11,✓ Yes,completed
4,528,481,09-08,+6.6%,+4.89%,0.5245,11,✓ Yes,completed
4,528,484,09-08,+6.5%,+4.87%,0.5243,11,✓ Yes,completed
4,528,488,09-08,+6.4%,+4.83%,0.5242,11,✓ Yes,completed
4,528,491,09-08,+6.4%,+4.82%,0.5241,11,✓ Yes,completed
4,528,494,09-08,+6.2%,+4.77%,0.5238,11,✓ Yes,completed
4,528,498,09-08,+6.1%,+4.70%,0.5235,11,✓ Yes,completed
4,528,501,09-08,+5.9%,+4.51%,0.5226,11,✓ Yes,completed
4,528,505,09-08,+5.8%,+4.46%,0.5223,11,✓ Yes,completed
4,528,508,09-08,+5.7%,+4.41%,0.5220,11,✓ Yes,completed
4,528,511,09-08,+5.3%,+4.20%,0.5210,12,✓ Yes,completed
4,528,515,09-08,+5.1%,+4.07%,0.5203,12,✓ Yes,completed
4,528,518,09-08,+4.9%,+3.92%,0.5196,12,✓ Yes,completed
4,528,521,09-08,+4.8%,+3.84%,0.5192,12,✓ Yes,completed
4,528,525,09-08,+4.6%,+3.76%,0.5188,12,✓ Yes,completed
4,528,528,09-08,+4.4%,+3.61%,0.5180,13,✓ Yes,completed
4,496,464,09-09,+10.0%,+48.43%,0.7422,13,✗ No,budget_exceeded
4,496,467,09-09,+10.0%,+47.31%,0.7365,14,✗ No,budget_exceeded
4,496,471,09-09,+10.0%,+47.20%,0.7360,14,✗ No,budget_exceeded
4,496,475,09-09,+10.0%,+46.86%,0.7343,14,✗ No,budget_exceeded
4,496,478,09-09,+10.0%,+46.00%,0.7300,15,✗ No,budget_exceeded
4,496,482,09-09,+10.0%,+45.71%,0.7286,15,✗ No,budget_exceeded
4,496,485,09-09,+10.0%,+45.34%,0.7267,15,✗ No,budget_exceeded
4,496,489,09-09,+10.0%,+44.39%,0.7219,16,✗ No,budget_exceeded
4,496,492,09-09,+10.0%,+43.71%,0.7185,20,✗ No,budget_exceeded
4,496,496,09-09,+10.0%,+37.08%,0.6854,29,✗ No,budget_exceeded
4,499,464,09-09,+10.0%,+45.88%,0.7294,13,✗ No,budget_exceeded
4,499,467,09-09,+10.0%,+45.57%,0.7279,13,✗ No,budget_exceeded
4,499,471,09-09,+10.0%,+45.49%,0.7275,13,✗ No,budget_exceeded
4,499,475,09-09,+10.0%,+44.44%,0.7222,14,✗ No,budget_exceeded
4,499,478,09-09,+10.0%,+44.17%,0.7209,14,✗ No,budget_exceeded
4,499,482,09-09,+10.0%,+43.90%,0.7195,14,✗ No,budget_exceeded
4,499,485,09-09,+10.0%,+40.08%,0.7004,15,✗ No,budget_exceeded
4,499,489,09-09,+10.0%,+39.90%,0.6995,15,✗ No,budget_exceeded
4,499,492,09-09,+10.0%,+36.09%,0.6804,20,✗ No,budget_exceeded
4,499,496,09-09,+10.0%,+28.83%,0.6442,22,✗ No,budget_exceeded
4,499,499,09-09,+10.0%,+5.57%,0.5279,37,✗ No,budget_exceeded
4,503,464,09-09,+10.0%,+44.24%,0.7212,14,✗ No,budget_exceeded
4,503,467,09-09,+10.0%,+43.91%,0.7195,14,✗ No,budget_exceeded
4,503,471,09-09,+10.0%,+43.83%,0.7191,14,✗ No,budget_exceeded
4,503,475,09-09,+10.0%,+43.46%,0.7173,14,✗ No,budget_exceeded
4,503,478,09-09,+10.0%,+36.96%,0.6848,15,✗ No,budget_exceeded
4,503,482,09-09,+10.0%,+36.03%,0.6801,16,✗ No,budget_exceeded
4,503,485,09-09,+10.0%,+28.90%,0.6445,17,✗ No,budget_exceeded
4,503,489,09-09,+10.0%,+28.69%,0.6434,17,✗ No,budget_exceeded
4,503,492,09-09,+10.0%,+7.14%,0.5357,19,✗ No,budget_exceeded
4,503,496,09-09,+10.0%,+4.40%,0.5220,21,✗ No,budget_exceeded
4,503,499,09-09,+9.6%,+4.37%,0.5219,22,✓ Yes,completed
4,503,503,09-09,+8.9%,+4.39%,0.5220,29,✓ Yes,completed
4,507,464,09-09,+10.0%,+43.80%,0.7190,14,✗ No,budget_exceeded
4,507,467,09-09,+10.0%,+43.46%,0.7173,14,✗ No,budget_exceeded
4,507,471,09-09,+10.0%,+43.38%,0.7169,14,✗ No,budget_exceeded
4,507,475,09-09,+10.0%,+36.19%,0.6809,16,✗ No,budget_exceeded
4,507,478,09-09,+10.0%,+29.14%,0.6457,17,✗ No,budget_exceeded
4,507,482,09-09,+10.0%,+28.86%,0.6443,17,✗ No,budget_exceeded
4,507,485,09-09,+10.0%,+28.42%,0.6421,17,✗ No,budget_exceeded
4,507,489,09-09,+10.0%,+7.22%,0.5361,18,✗ No,budget_exceeded
4,507,492,09-09,+9.9%,+4.38%,0.5219,20,✓ Yes,completed
4,507,496,09-09,+9.6%,+4.38%,0.5219,20,✓ Yes,completed
4,507,500,09-09,+9.0%,+4.43%,0.5222,20,✓ Yes,completed
4,507,503,09-09,+8.5%,+4.44%,0.5222,21,✓ Yes,completed
4,507,507,09-09,+8.3%,+4.41%,0.5220,28,✓ Yes,completed
4,510,464,09-09,+10.0%,+42.91%,0.7145,13,✗ No,budget_exceeded
4,510,467,09-09,+10.0%,+42.62%,0.7131,13,✗ No,budget_exceeded
4,510,471,09-09,+10.0%,+37.06%,0.6853,14,✗ No,budget_exceeded
4,510,475,09-09,+10.0%,+28.63%,0.6432,16,✗ No,budget_exceeded
4,510,478,09-09,+10.0%,+28.28%,0.6414,16,✗ No,budget_exceeded
4,510,482,09-09,+10.0%,+5.52%,0.5276,18,✗ No,budget_exceeded
4,510,485,09-09,+9.9%,+4.35%,0.5218,18,✓ Yes,completed
4,510,489,09-09,+9.8%,+4.37%,0.5218,18,✓ Yes,completed
4,510,492,09-09,+9.4%,+4.38%,0.5219,19,✓ Yes,completed
4,510,496,09-09,+9.0%,+4.43%,0.5221,18,✓ Yes,completed
4,510,500,09-09,+8.4%,+4.44%,0.5222,19,✓ Yes,completed
4,510,503,09-09,+7.9%,+4.44%,0.5222,19,✓ Yes,completed
4,510,507,09-09,+7.7%,+4.37%,0.5219,19,✓ Yes,completed
4,510,510,09-09,+7.2%,+4.32%,0.5216,26,✓ Yes,completed
4,514,464,09-09,+9.2%,+4.32%,0.5216,14,✓ Yes,completed
4,514,467,09-09,+9.0%,+4.36%,0.5218,14,✓ Yes,completed
4,514,471,09-09,+9.0%,+4.37%,0.5218,14,✓ Yes,completed
4,514,475,09-09,+8.8%,+4.39%,0.5220,14,✓ Yes,completed
4,514,478,09-09,+8.6%,+4.41%,0.5220,14,✓ Yes,completed
4,514,482,09-09,+8.4%,+4.42%,0.5221,14,✓ Yes,completed
4,514,485,09-09,+8.3%,+4.43%,0.5221,14,✓ Yes,completed
4,514,489,09-09,+8.1%,+4.46%,0.5223,13,✓ Yes,completed
4,514,492,09-09,+7.8%,+4.41%,0.5220,14,✓ Yes,completed
4,514,496,09-09,+7.7%,+4.38%,0.5219,14,✓ Yes,completed
4,514,500,09-09,+7.5%,+4.38%,0.5219,14,✓ Yes,completed
4,514,503,09-09,+7.1%,+4.36%,0.5218,15,✓ Yes,completed
4,514,507,09-09,+7.0%,+4.33%,0.5217,15,✓ Yes,completed
4,514,510,09-09,+6.7%,+4.27%,0.5213,15,✓ Yes,completed
4,514,514,09-09,+6.4%,+4.18%,0.5209,25,✓ Yes,completed
4,517,464,09-09,+8.4%,+4.35%,0.5218,13,✓ Yes,completed
4,517,467,09-09,+8.0%,+4.40%,0.5220,12,✓ Yes,completed
4,517,471,09-09,+8.0%,+4.40%,0.5220,12,✓ Yes,completed
4,517,474,09-09,+7.9%,+4.39%,0.5219,12,✓ Yes,completed
4,517,477,09-09,+7.7%,+4.36%,0.5218,12,✓ Yes,completed
4,517,481,09-09,+7.6%,+4.35%,0.5217,12,✓ Yes,completed
4,517,484,09-09,+7.6%,+4.35%,0.5218,12,✓ Yes,completed
4,517,487,09-09,+7.4%,+4.37%,0.5218,12,✓ Yes,completed
4,517,491,09-09,+7.3%,+4.38%,0.5219,12,✓ Yes,completed
4,517,494,09-09,+7.1%,+4.34%,0.5217,13,✓ Yes,completed
4,517,497,09-09,+6.9%,+4.31%,0.5216,13,✓ Yes,completed
4,517,501,09-09,+6.8%,+4.28%,0.5214,13,✓ Yes,completed
4,517,504,09-09,+6.6%,+4.25%,0.5213,13,✓ Yes,completed
4,517,507,09-09,+6.4%,+4.24%,0.5212,13,✓ Yes,completed
4,517,511,09-09,+6.3%,+4.23%,0.5212,13,✓ Yes,completed
4,517,514,09-09,+5.9%,+4.02%,0.5201,14,✓ Yes,completed
4,517,517,09-09,+5.6%,+3.84%,0.5192,22,✓ Yes,completed
4,521,464,09-09,+7.9%,+4.33%,0.5217,12,✓ Yes,completed
4,521,467,09-09,+7.7%,+4.31%,0.5215,12,✓ Yes,completed
4,521,471,09-09,+7.7%,+4.30%,0.5215,12,✓ Yes,completed
4,521,474,09-09,+7.6%,+4.31%,0.5216,12,✓ Yes,completed
4,521,477,09-09,+7.4%,+4.33%,0.5217,12,✓ Yes,completed
4,521,481,09-09,+7.3%,+4.34%,0.5217,12,✓ Yes,completed
4,521,484,09-09,+7.2%,+4.33%,0.5217,12,✓ Yes,completed
4,521,487,09-09,+7.1%,+4.32%,0.5216,12,✓ Yes,completed
4,521,491,09-09,+7.0%,+4.31%,0.5215,12,✓ Yes,completed
4,521,494,09-09,+6.7%,+4.25%,0.5213,13,✓ Yes,completed
4,521,497,09-09,+6.6%,+4.24%,0.5212,13,✓ Yes,completed
4,521,501,09-09,+6.4%,+4.23%,0.5211,13,✓ Yes,completed
4,521,504,09-09,+6.2%,+4.21%,0.5211,13,✓ Yes,completed
4,521,508,09-09,+6.1%,+4.17%,0.5208,13,✓ Yes,completed
4,521,511,09-09,+5.9%,+4.04%,0.5202,13,✓ Yes,completed
4,521,514,09-09,+5.5%,+3.83%,0.5192,14,✓ Yes,completed
4,521,518,09-09,+5.3%,+3.66%,0.5183,15,✓ Yes,completed
4,521,521,09-09,+5.1%,+3.52%,0.5176,18,✓ Yes,completed
4,525,464,09-09,+7.4%,+4.27%,0.5214,12,✓ Yes,completed
4,525,467,09-09,+7.3%,+4.29%,0.5215,12,✓ Yes,completed
4,525,471,09-09,+7.3%,+4.29%,0.5215,12,✓ Yes,completed
4,525,474,09-09,+7.1%,+4.28%,0.5214,12,✓ Yes,completed
4,525,477,09-09,+7.0%,+4.27%,0.5213,12,✓ Yes,completed
4,525,481,09-09,+6.9%,+4.25%,0.5213,12,✓ Yes,completed
4,525,484,09-09,+6.8%,+4.24%,0.5212,12,✓ Yes,completed
4,525,487,09-09,+6.7%,+4.22%,0.5211,12,✓ Yes,completed
4,525,491,09-09,+6.6%,+4.22%,0.5211,12,✓ Yes,completed
4,525,494,09-09,+6.4%,+4.21%,0.5211,12,✓ Yes,completed
4,525,498,09-09,+6.3%,+4.21%,0.5211,12,✓ Yes,completed
4,525,501,09-09,+6.1%,+4.17%,0.5208,12,✓ Yes,completed
4,525,504,09-09,+5.9%,+4.05%,0.5203,12,✓ Yes,completed
4,525,508,09-09,+5.8%,+3.97%,0.5198,12,✓ Yes,completed
4,525,511,09-09,+5.5%,+3.79%,0.5190,13,✓ Yes,completed
4,525,515,09-09,+5.3%,+3.66%,0.5183,13,✓ Yes,completed
4,525,518,09-09,+5.0%,+3.52%,0.5176,13,✓ Yes,completed
4,525,521,09-09,+4.9%,+3.42%,0.5171,14,✓ Yes,completed
4,525,525,09-09,+4.7%,+3.34%,0.5167,14,✓ Yes,completed
4,528,464,09-09,+7.0%,+4.21%,0.5211,11,✓ Yes,completed
4,528,467,09-09,+6.8%,+4.20%,0.5210,11,✓ Yes,completed
4,528,471,09-09,+6.8%,+4.20%,0.5210,11,✓ Yes,completed
4,528,474,09-09,+6.7%,+4.19%,0.5209,11,✓ Yes,completed
4,528,477,09-09,+6.6%,+4.18%,0.5209,11,✓ Yes,completed
4,528,481,09-09,+6.5%,+4.18%,0.5209,11,✓ Yes,completed
4,528,484,09-09,+6.4%,+4.18%,0.5209,11,✓ Yes,completed
4,528,488,09-09,+6.3%,+4.18%,0.5209,11,✓ Yes,completed
4,528,491,09-09,+6.2%,+4.17%,0.5209,11,✓ Yes,completed
4,528,494,09-09,+6.1%,+4.10%,0.5205,11,✓ Yes,completed
4,528,498,09-09,+6.0%,+4.04%,0.5202,11,✓ Yes,completed
4,528,501,09-09,+5.7%,+3.90%,0.5195,11,✓ Yes,completed
4,528,505,09-09,+5.6%,+3.87%,0.5193,11,✓ Yes,completed
4,528,508,09-09,+5.5%,+3.82%,0.5191,11,✓ Yes,completed
4,528,511,09-09,+5.2%,+3.58%,0.5179,12,✓ Yes,completed
4,528,515,09-09,+5.0%,+3.47%,0.5173,12,✓ Yes,completed
4,528,518,09-09,+4.7%,+3.36%,0.5168,12,✓ Yes,completed
4,528,521,09-09,+4.6%,+3.31%,0.5166,12,✓ Yes,completed
4,528,525,09-09,+4.5%,+3.26%,0.5163,12,✓ Yes,completed
4,528,528,09-09,+4.2%,+3.10%,0.5155,13,✓ Yes,completed
5,503,485,08-26,+10.0%,+25.15%,0.6257,16,✗ No,budget_exceeded
5,503,487,08-26,+10.0%,+25.09%,0.6255,16,✗ No,budget_exceeded
5,503,488,08-26,+10.0%,+25.03%,0.6252,16,✗ No,budget_exceeded
5,503,490,08-26,+10.0%,+24.98%,0.6249,16,✗ No,budget_exceeded
5,503,492,08-26,+10.0%,+24.77%,0.6239,16,✗ No,budget_exceeded
5,503,493,08-26,+10.0%,+24.40%,0.6220,17,✗ No,budget_exceeded
5,503,495,08-26,+10.0%,+24.30%,0.6215,17,✗ No,budget_exceeded
5,503,496,08-26,+10.0%,+23.45%,0.6172,18,✗ No,budget_exceeded
5,503,498,08-26,+10.0%,+23.25%,0.6163,19,✗ No,budget_exceeded
5,503,500,08-26,+10.0%,+22.99%,0.6150,21,✗ No,budget_exceeded
5,503,501,08-26,+10.0%,+16.76%,0.5838,23,✗ No,budget_exceeded
5,503,503,08-26,+10.0%,+16.54%,0.5827,29,✗ No,budget_exceeded
5,505,485,08-26,+10.0%,+24.90%,0.6245,16,✗ No,budget_exceeded
5,505,487,08-26,+10.0%,+24.84%,0.6242,16,✗ No,budget_exceeded
5,505,488,08-26,+10.0%,+24.79%,0.6239,16,✗ No,budget_exceeded
5,505,490,08-26,+10.0%,+24.73%,0.6236,16,✗ No,budget_exceeded
5,505,492,08-26,+10.0%,+24.53%,0.6226,16,✗ No,budget_exceeded
5,505,493,08-26,+10.0%,+23.42%,0.6171,18,✗ No,budget_exceeded
5,505,495,08-26,+10.0%,+23.32%,0.6166,18,✗ No,budget_exceeded
5,505,496,08-26,+10.0%,+23.21%,0.6160,18,✗ No,budget_exceeded
5,505,498,08-26,+10.0%,+22.88%,0.6144,20,✗ No,budget_exceeded
5,505,500,08-26,+10.0%,+16.75%,0.5838,22,✗ No,budget_exceeded
5,505,501,08-26,+10.0%,+15.81%,0.5790,23,✗ No,budget_exceeded
5,505,503,08-26,+10.0%,+9.24%,0.5462,28,✗ No,budget_exceeded
5,505,505,08-26,+10.0%,+8.93%,0.5447,32,✗ No,budget_exceeded
5,506,485,08-26,+10.0%,+24.50%,0.6225,16,✗ No,budget_exceeded
5,506,487,08-26,+10.0%,+24.44%,0.6222,16,✗ No,budget_exceeded
5,506,488,08-26,+10.0%,+24.38%,0.6219,16,✗ No,budget_exceeded
5,506,490,08-26,+10.0%,+24.32%,0.6216,16,✗ No,budget_exceeded
5,506,492,08-26,+10.0%,+23.40%,0.6170,17,✗ No,budget_exceeded
5,506,493,08-26,+10.0%,+23.02%,0.6151,18,✗ No,budget_exceeded
5,506,495,08-26,+10.0%,+22.92%,0.6146,18,✗ No,budget_exceeded
5,506,496,08-26,+10.0%,+22.80%,0.6140,18,✗ No,budget_exceeded
5,506,498,08-26,+10.0%,+15.69%,0.5784,21,✗ No,budget_exceeded
5,506,500,08-26,+10.0%,+9.32%,0.5466,22,✗ No,budget_exceeded
5,506,501,08-26,+10.0%,+8.95%,0.5448,22,✗ No,budget_exceeded
5,506,503,08-26,+10.0%,+8.69%,0.5435,24,✗ No,budget_exceeded
5,506,505,08-26,+10.0%,+6.67%,0.5333,26,✓ Yes,completed
5,506,506,08-26,+9.8%,+6.41%,0.5321,33,✓ Yes,completed
5,508,485,08-26,+10.0%,+24.21%,0.6211,16,✗ No,budget_exceeded
5,508,487,08-26,+10.0%,+23.47%,0.6174,17,✗ No,budget_exceeded
5,508,488,08-26,+10.0%,+23.39%,0.6169,17,✗ No,budget_exceeded
5,508,490,08-26,+10.0%,+23.33%,0.6166,17,✗ No,budget_exceeded
5,508,491,08-26,+10.0%,+23.11%,0.6156,17,✗ No,budget_exceeded
5,508,493,08-26,+10.0%,+22.84%,0.6142,18,✗ No,budget_exceeded
5,508,494,08-26,+10.0%,+16.74%,0.5837,19,✗ No,budget_exceeded
5,508,496,08-26,+10.0%,+16.63%,0.5832,19,✗ No,budget_exceeded
5,508,497,08-26,+10.0%,+15.75%,0.5787,20,✗ No,budget_exceeded
5,508,499,08-26,+10.0%,+9.13%,0.5456,22,✗ No,budget_exceeded
5,508,500,08-26,+10.0%,+8.82%,0.5441,22,✗ No,budget_exceeded
5,508,502,08-26,+10.0%,+8.63%,0.5431,22,✗ No,budget_exceeded
5,508,503,08-26,+9.8%,+6.53%,0.5327,23,✓ Yes,completed
5,508,505,08-26,+9.8%,+6.49%,0.5325,23,✓ Yes,completed
5,508,506,08-26,+9.5%,+6.23%,0.5311,24,✓ Yes,completed
5,508,508,08-26,+9.4%,+6.11%,0.5306,28,✓ Yes,completed
5,509,485,08-26,+10.0%,+23.08%,0.6154,16,✗ No,budget_exceeded
5,509,487,08-26,+10.0%,+23.02%,0.6151,16,✗ No,budget_exceeded
5,509,488,08-26,+10.0%,+22.94%,0.6147,16,✗ No,budget_exceeded
5,509,490,08-26,+10.0%,+22.88%,0.6144,16,✗ No,budget_exceeded
5,509,491,08-26,+10.0%,+16.75%,0.5837,17,✗ No,budget_exceeded
5,509,493,08-26,+10.0%,+15.84%,0.5792,19,✗ No,budget_exceeded
5,509,494,08-26,+10.0%,+15.66%,0.5783,19,✗ No,budget_exceeded
5,509,496,08-26,+10.0%,+9.29%,0.5465,20,✗ No,budget_exceeded
5,509,497,08-26,+10.0%,+9.04%,0.5452,20,✗ No,budget_exceeded
5,509,499,08-26,+10.0%,+8.60%,0.5430,21,✗ No,budget_exceeded
5,509,500,08-26,+9.8%,+6.56%,0.5328,21,✓ Yes,completed
5,509,502,08-26,+9.7%,+6.42%,0.5321,21,✓ Yes,completed
5,509,503,08-26,+9.5%,+6.19%,0.5309,22,✓ Yes,completed
5,509,505,08-26,+9.5%,+6.15%,0.5308,22,✓ Yes,completed
5,509,506,08-26,+9.2%,+5.92%,0.5296,22,✓ Yes,completed
5,509,508,08-26,+9.1%,+5.86%,0.5293,22,✓ Yes,completed
5,509,509,08-26,+8.7%,+5.43%,0.5272,31,✓ Yes,completed
5,511,485,08-26,+10.0%,+9.10%,0.5455,18,✗ No,budget_exceeded
5,511,487,08-26,+10.0%,+9.01%,0.5451,18,✗ No,budget_exceeded
5,511,488,08-26,+10.0%,+8.90%,0.5445,18,✗ No,budget_exceeded
5,511,490,08-26,+10.0%,+8.84%,0.5442,18,✗ No,budget_exceeded
5,511,491,08-26,+10.0%,+8.63%,0.5432,18,✗ No,budget_exceeded
5,511,493,08-26,+9.9%,+6.61%,0.5330,19,✓ Yes,completed
5,511,494,08-26,+9.8%,+6.49%,0.5324,19,✓ Yes,completed
5,511,496,08-26,+9.7%,+6.42%,0.5321,19,✓ Yes,completed
5,511,497,08-26,+9.5%,+6.23%,0.5311,19,✓ Yes,completed
5,511,499,08-26,+9.5%,+6.17%,0.5309,19,✓ Yes,completed
5,511,500,08-26,+9.3%,+6.01%,0.5300,19,✓ Yes,completed
5,511,502,08-26,+9.2%,+5.89%,0.5295,19,✓ Yes,completed
5,511,503,08-26,+8.9%,+5.67%,0.5284,20,✓ Yes,completed
5,511,505,08-26,+8.9%,+5.65%,0.5282,20,✓ Yes,completed
5,511,506,08-26,+8.8%,+5.52%,0.5276,20,✓ Yes,completed
5,511,508,08-26,+8.7%,+5.47%,0.5274,20,✓ Yes,completed
5,511,510,08-26,+8.4%,+5.13%,0.5256,22,✓ Yes,completed
5,511,511,08-26,+8.2%,+5.00%,0.5250,28,✓ Yes,completed
5,513,485,08-26,+10.0%,+9.00%,0.5450,18,✗ No,budget_exceeded
5,513,487,08-26,+10.0%,+8.91%,0.5446,18,✗ No,budget_exceeded
5,513,488,08-26,+10.0%,+8.80%,0.5440,18,✗ No,budget_exceeded
5,513,490,08-26,+10.0%,+8.74%,0.5437,18,✗ No,budget_exceeded
5,513,491,08-26,+10.0%,+8.53%,0.5427,18,✗ No,budget_exceeded
5,513,493,08-26,+9.8%,+6.54%,0.5327,19,✓ Yes,completed
5,513,494,08-26,+9.7%,+6.42%,0.5321,19,✓ Yes,completed
5,513,496,08-26,+9.7%,+6.35%,0.5317,19,✓ Yes,completed
5,513,497,08-26,+9.5%,+6.16%,0.5308,19,✓ Yes,completed
5,513,499,08-26,+9.4%,+6.11%,0.5306,19,✓ Yes,completed
5,513,500,08-26,+9.2%,+5.95%,0.5297,19,✓ Yes,completed
5,513,502,08-26,+9.1%,+5.83%,0.5291,19,✓ Yes,completed
5,513,503,08-26,+8.9%,+5.59%,0.5280,20,✓ Yes,completed
5,513,505,08-26,+8.8%,+5.57%,0.5278,20,✓ Yes,completed
5,513,507,08-26,+8.7%,+5.43%,0.5272,20,✓ Yes,completed
5,513,508,08-26,+8.3%,+5.11%,0.5255,21,✓ Yes,completed
5,513,510,08-26,+8.3%,+5.05%,0.5253,21,✓ Yes,completed
5,513,511,08-26,+8.1%,+4.91%,0.5245,25,✓ Yes,completed
5,513,513,08-26,+7.9%,+4.74%,0.5237,34,✓ Yes,completed
5,514,485,08-26,+9.1%,+5.79%,0.5290,15,✓ Yes,completed
5,514,487,08-26,+9.0%,+5.74%,0.5287,15,✓ Yes,completed
5,514,488,08-26,+9.0%,+5.69%,0.5284,15,✓ Yes,completed
5,514,490,08-26,+8.9%,+5.65%,0.5283,15,✓ Yes,completed
5,514,491,08-26,+8.8%,+5.54%,0.5277,15,✓ Yes,completed
5,514,493,08-26,+8.6%,+5.37%,0.5269,16,✓ Yes,completed
5,514,494,08-26,+8.6%,+5.32%,0.5266,16,✓ Yes,completed
5,514,496,08-26,+8.6%,+5.29%,0.5264,16,✓ Yes,completed
5,514,497,08-26,+8.5%,+5.22%,0.5261,16,✓ Yes,completed
5,514,499,08-26,+8.4%,+5.18%,0.5259,16,✓ Yes,completed
5,514,500,08-26,+8.3%,+5.08%,0.5254,16,✓ Yes,completed
5,514,502,08-26,+8.2%,+5.00%,0.5250,16,✓ Yes,completed
5,514,504,08-26,+8.1%,+4.92%,0.5246,16,✓ Yes,completed
5,514,505,08-26,+8.0%,+4.88%,0.5244,16,✓ Yes,completed
5,514,507,08-26,+8.0%,+4.83%,0.5241,16,✓ Yes,completed
5,514,508,08-26,+7.8%,+4.69%,0.5235,16,✓ Yes,completed
5,514,510,08-26,+7.7%,+4.64%,0.5232,16,✓ Yes,completed
5,514,511,08-26,+7.6%,+4.55%,0.5228,18,✓ Yes,completed
5,514,513,08-26,+7.5%,+4.47%,0.5223,20,✓ Yes,completed
5,514,514,08-26,+7.4%,+4.38%,0.5219,23,✓ Yes,completed
5,516,485,08-26,+9.0%,+5.74%,0.5287,15,✓ Yes,completed
5,516,487,08-26,+9.0%,+5.69%,0.5284,15,✓ Yes,completed
5,516,488,08-26,+8.9%,+5.63%,0.5282,15,✓ Yes,completed
5,516,490,08-26,+8.9%,+5.60%,0.5280,15,✓ Yes,completed
5,516,491,08-26,+8.8%,+5.48%,0.5274,15,✓ Yes,completed
5,516,493,08-26,+8.6%,+5.32%,0.5266,16,✓ Yes,completed
5,516,494,08-26,+8.5%,+5.28%,0.5264,16,✓ Yes,completed
5,516,496,08-26,+8.5%,+5.24%,0.5262,16,✓ Yes,completed
5,516,497,08-26,+8.4%,+5.18%,0.5259,16,✓ Yes,completed
5,516,499,08-26,+8.4%,+5.14%,0.5257,16,✓ Yes,completed
5,516,501,08-26,+8.2%,+5.04%,0.5252,16,✓ Yes,completed
5,516,502,08-26,+8.1%,+4.90%,0.5245,16,✓ Yes,completed
5,516,504,08-26,+8.0%,+4.88%,0.5244,16,✓ Yes,completed
5,516,505,08-26,+8.0%,+4.83%,0.5242,16,✓ Yes,completed
5,516,507,08-26,+7.9%,+4.79%,0.5239,16,✓ Yes,completed
5,516,508,08-26,+7.7%,+4.66%,0.5233,16,✓ Yes,completed
5,516,510,08-26,+7.7%,+4.61%,0.5230,16,✓ Yes,completed
5,516,511,08-26,+7.5%,+4.51%,0.5225,18,✓ Yes,completed
5,516,513,08-26,+7.4%,+4.42%,0.5221,20,✓ Yes,completed
5,516,514,08-26,+7.3%,+4.32%,0.5216,22,✓ Yes,completed
5,516,516,08-26,+7.2%,+4.26%,0.5213,24,✓ Yes,completed
5,518,485,08-26,+8.8%,+5.46%,0.5273,15,✓ Yes,completed
5,518,487,08-26,+8.7%,+5.40%,0.5270,15,✓ Yes,completed
5,518,488,08-26,+8.6%,+5.35%,0.5268,15,✓ Yes,completed
5,518,490,08-26,+8.6%,+5.32%,0.5266,15,✓ Yes,completed
5,518,491,08-26,+8.5%,+5.22%,0.5261,15,✓ Yes,completed
5,518,493,08-26,+8.3%,+5.08%,0.5254,16,✓ Yes,completed
5,518,494,08-26,+8.3%,+5.04%,0.5252,16,✓ Yes,completed
5,518,496,08-26,+8.2%,+5.02%,0.5251,16,✓ Yes,completed
5,518,497,08-26,+8.1%,+4.96%,0.5248,16,✓ Yes,completed
5,518,499,08-26,+8.1%,+4.92%,0.5246,16,✓ Yes,completed
5,518,501,08-26,+7.9%,+4.81%,0.5241,16,✓ Yes,completed
5,518,502,08-26,+7.8%,+4.68%,0.5234,16,✓ Yes,completed
5,518,504,08-26,+7.7%,+4.66%,0.5233,16,✓ Yes,completed
5,518,505,08-26,+7.7%,+4.62%,0.5231,16,✓ Yes,completed
5,518,507,08-26,+7.6%,+4.58%,0.5229,16,✓ Yes,completed
5,518,508,08-26,+7.4%,+4.46%,0.5223,16,✓ Yes,completed
5,518,510,08-26,+7.4%,+4.42%,0.5221,16,✓ Yes,completed
5,518,511,08-26,+7.2%,+4.29%,0.5215,17,✓ Yes,completed
5,518,513,08-26,+7.1%,+4.23%,0.5211,17,✓ Yes,completed
5,518,514,08-26,+7.0%,+4.21%,0.5210,17,✓ Yes,completed
5,518,516,08-26,+6.9%,+4.21%,0.5210,18,✓ Yes,completed
5,518,518,08-26,+6.4%,+4.24%,0.5212,24,✓ Yes,completed
5,503,485,08-27,+10.0%,+26.07%,0.6303,15,✗ No,budget_exceeded
5,503,487,08-27,+10.0%,+26.01%,0.6301,15,✗ No,budget_exceeded
5,503,488,08-27,+10.0%,+25.95%,0.6298,15,✗ No,budget_exceeded
5,503,490,08-27,+10.0%,+25.89%,0.6295,15,✗ No,budget_exceeded
5,503,492,08-27,+10.0%,+25.72%,0.6286,15,✗ No,budget_exceeded
5,503,493,08-27,+10.0%,+24.60%,0.6230,17,✗ No,budget_exceeded
5,503,495,08-27,+10.0%,+24.51%,0.6225,17,✗ No,budget_exceeded
5,503,496,08-27,+10.0%,+24.39%,0.6220,17,✗ No,budget_exceeded
5,503,498,08-27,+10.0%,+18.17%,0.5909,20,✗ No,budget_exceeded
5,503,500,08-27,+10.0%,+17.99%,0.5900,21,✗ No,budget_exceeded
5,503,501,08-27,+10.0%,+16.97%,0.5849,24,✗ No,budget_exceeded
5,503,503,08-27,+10.0%,+10.48%,0.5524,31,✗ No,budget_exceeded
5,505,485,08-27,+10.0%,+25.82%,0.6291,15,✗ No,budget_exceeded
5,505,487,08-27,+10.0%,+25.76%,0.6288,15,✗ No,budget_exceeded
5,505,488,08-27,+10.0%,+25.71%,0.6285,15,✗ No,budget_exceeded
5,505,490,08-27,+10.0%,+25.65%,0.6282,15,✗ No,budget_exceeded
5,505,492,08-27,+10.0%,+24.74%,0.6237,16,✗ No,budget_exceeded
5,505,493,08-27,+10.0%,+24.36%,0.6218,17,✗ No,budget_exceeded
5,505,495,08-27,+10.0%,+24.26%,0.6213,17,✗ No,budget_exceeded
5,505,496,08-27,+10.0%,+18.18%,0.5909,18,✗ No,budget_exceeded
5,505,498,08-27,+10.0%,+17.21%,0.5860,21,✗ No,budget_exceeded
5,505,500,08-27,+10.0%,+17.00%,0.5850,22,✗ No,budget_exceeded
5,505,501,08-27,+10.0%,+10.34%,0.5517,23,✗ No,budget_exceeded
5,505,503,08-27,+10.0%,+10.06%,0.5503,27,✗ No,budget_exceeded
5,505,505,08-27,+9.9%,+7.19%,0.5359,30,✓ Yes,completed
5,506,485,08-27,+10.0%,+24.73%,0.6236,16,✗ No,budget_exceeded
5,506,487,08-27,+10.0%,+24.67%,0.6234,16,✗ No,budget_exceeded
5,506,488,08-27,+10.0%,+24.59%,0.6229,16,✗ No,budget_exceeded
5,506,490,08-27,+10.0%,+24.53%,0.6226,16,✗ No,budget_exceeded
5,506,492,08-27,+10.0%,+24.34%,0.6217,16,✗ No,budget_exceeded
5,506,493,08-27,+10.0%,+18.02%,0.5901,18,✗ No,budget_exceeded
5,506,495,08-27,+10.0%,+17.92%,0.5896,18,✗ No,budget_exceeded
5,506,496,08-27,+10.0%,+17.13%,0.5857,19,✗ No,budget_exceeded
5,506,498,08-27,+10.0%,+10.27%,0.5514,21,✗ No,budget_exceeded
5,506,500,08-27,+10.0%,+10.15%,0.5507,21,✗ No,budget_exceeded
5,506,501,08-27,+9.9%,+7.22%,0.5361,21,✓ Yes,completed
5,506,503,08-27,+9.8%,+7.02%,0.5351,23,✓ Yes,completed
5,506,505,08-27,+9.6%,+6.89%,0.5344,24,✓ Yes,completed
5,506,506,08-27,+9.4%,+6.63%,0.5332,31,✓ Yes,completed
5,508,485,08-27,+10.0%,+24.44%,0.6222,16,✗ No,budget_exceeded
5,508,487,08-27,+10.0%,+24.39%,0.6219,16,✗ No,budget_exceeded
5,508,488,08-27,+10.0%,+24.30%,0.6215,16,✗ No,budget_exceeded
5,508,490,08-27,+10.0%,+24.24%,0.6212,16,✗ No,budget_exceeded
5,508,491,08-27,+10.0%,+18.10%,0.5905,17,✗ No,budget_exceeded
5,508,493,08-27,+10.0%,+17.19%,0.5859,19,✗ No,budget_exceeded
5,508,494,08-27,+10.0%,+16.98%,0.5849,19,✗ No,budget_exceeded
5,508,496,08-27,+10.0%,+10.62%,0.5531,20,✗ No,budget_exceeded
5,508,497,08-27,+10.0%,+10.36%,0.5518,20,✗ No,budget_exceeded
5,508,499,08-27,+10.0%,+9.95%,0.5497,21,✗ No,budget_exceeded
5,508,500,08-27,+9.9%,+7.13%,0.5357,21,✓ Yes,completed
5,508,502,08-27,+9.7%,+7.00%,0.5350,21,✓ Yes,completed
5,508,503,08-27,+9.5%,+6.74%,0.5337,22,✓ Yes,completed
5,508,505,08-27,+9.5%,+6.72%,0.5336,22,✓ Yes,completed
5,508,506,08-27,+9.2%,+6.46%,0.5323,23,✓ Yes,completed
5,508,508,08-27,+9.1%,+6.34%,0.5317,27,✓ Yes,completed
5,509,485,08-27,+10.0%,+18.05%,0.5903,16,✗ No,budget_exceeded
5,509,487,08-27,+10.0%,+18.00%,0.5900,16,✗ No,budget_exceeded
5,509,488,08-27,+10.0%,+17.88%,0.5894,16,✗ No,budget_exceeded
5,509,490,08-27,+10.0%,+17.18%,0.5859,17,✗ No,budget_exceeded
5,509,491,08-27,+10.0%,+16.99%,0.5850,17,✗ No,budget_exceeded
5,509,493,08-27,+10.0%,+10.40%,0.5520,19,✗ No,budget_exceeded
5,509,494,08-27,+10.0%,+10.22%,0.5511,19,✗ No,budget_exceeded
5,509,496,08-27,+10.0%,+10.12%,0.5506,19,✗ No,budget_exceeded
5,509,497,08-27,+10.0%,+9.86%,0.5493,19,✗ No,budget_exceeded
5,509,499,08-27,+9.7%,+6.97%,0.5349,20,✓ Yes,completed
5,509,500,08-27,+9.5%,+6.76%,0.5338,20,✓ Yes,completed
5,509,502,08-27,+9.4%,+6.63%,0.5331,20,✓ Yes,completed
5,509,503,08-27,+9.2%,+6.40%,0.5320,21,✓ Yes,completed
5,509,505,08-27,+9.2%,+6.38%,0.5319,21,✓ Yes,completed
5,509,506,08-27,+8.9%,+6.12%,0.5306,21,✓ Yes,completed
5,509,508,08-27,+8.8%,+6.06%,0.5303,21,✓ Yes,completed
5,509,509,08-27,+8.4%,+5.64%,0.5282,30,✓ Yes,completed
5,511,485,08-27,+10.0%,+9.89%,0.5494,17,✗ No,budget_exceeded
5,511,487,08-27,+10.0%,+7.26%,0.5363,17,✓ Yes,completed
5,511,488,08-27,+9.9%,+7.18%,0.5359,17,✓ Yes,completed
5,511,490,08-27,+9.9%,+7.14%,0.5357,17,✓ Yes,completed
5,511,491,08-27,+9.8%,+7.02%,0.5351,17,✓ Yes,completed
5,511,493,08-27,+9.6%,+6.82%,0.5341,18,✓ Yes,completed
5,511,494,08-27,+9.5%,+6.70%,0.5335,18,✓ Yes,completed
5,511,496,08-27,+9.4%,+6.62%,0.5331,18,✓ Yes,completed
5,511,497,08-27,+9.2%,+6.44%,0.5322,18,✓ Yes,completed
5,511,499,08-27,+9.2%,+6.38%,0.5319,18,✓ Yes,completed
5,511,500,08-27,+9.0%,+6.20%,0.5310,18,✓ Yes,completed
5,511,502,08-27,+8.8%,+6.07%,0.5304,18,✓ Yes,completed
5,511,503,08-27,+8.6%,+5.86%,0.5293,19,✓ Yes,completed
5,511,505,08-27,+8.6%,+5.86%,0.5293,19,✓ Yes,completed
5,511,506,08-27,+8.5%,+5.73%,0.5286,19,✓ Yes,completed
5,511,508,08-27,+8.4%,+5.69%,0.5284,19,✓ Yes,completed
5,511,510,08-27,+8.1%,+5.31%,0.5266,21,✓ Yes,completed
5,511,511,08-27,+7.9%,+5.14%,0.5257,27,✓ Yes,completed
5,513,485,08-27,+10.0%,+7.25%,0.5362,17,✓ Yes,completed
5,513,487,08-27,+9.9%,+7.19%,0.5360,17,✓ Yes,completed
5,513,488,08-27,+9.9%,+7.11%,0.5356,17,✓ Yes,completed
5,513,490,08-27,+9.8%,+7.07%,0.5354,17,✓ Yes,completed
5,513,491,08-27,+9.7%,+6.95%,0.5347,17,✓ Yes,completed
5,513,493,08-27,+9.5%,+6.75%,0.5337,18,✓ Yes,completed
5,513,494,08-27,+9.4%,+6.63%,0.5331,18,✓ Yes,completed
5,513,496,08-27,+9.3%,+6.55%,0.5328,18,✓ Yes,completed
5,513,497,08-27,+9.1%,+6.37%,0.5319,18,✓ Yes,completed
5,513,499,08-27,+9.1%,+6.32%,0.5316,18,✓ Yes,completed
5,513,500,08-27,+8.9%,+6.13%,0.5307,18,✓ Yes,completed
5,513,502,08-27,+8.8%,+6.01%,0.5301,18,✓ Yes,completed
5,513,503,08-27,+8.5%,+5.78%,0.5289,19,✓ Yes,completed
5,513,505,08-27,+8.5%,+5.78%,0.5289,19,✓ Yes,completed
5,513,507,08-27,+8.4%,+5.65%,0.5282,19,✓ Yes,completed
5,513,508,08-27,+8.0%,+5.29%,0.5264,20,✓ Yes,completed
5,513,510,08-27,+8.0%,+5.20%,0.5260,20,✓ Yes,completed
5,513,511,08-27,+7.8%,+5.00%,0.5250,24,✓ Yes,completed
5,513,513,08-27,+7.6%,+4.80%,0.5240,33,✓ Yes,completed
5,514,485,08-27,+8.7%,+5.96%,0.5298,14,✓ Yes,completed
5,514,487,08-27,+8.7%,+5.91%,0.5295,14,✓ Yes,completed
5,514,488,08-27,+8.6%,+5.86%,0.5293,14,✓ Yes,completed
5,514,490,08-27,+8.6%,+5.82%,0.5291,14,✓ Yes,completed
5,514,491,08-27,+8.5%,+5.73%,0.5286,14,✓ Yes,completed
5,514,493,08-27,+8.3%,+5.58%,0.5279,15,✓ Yes,completed
5,514,494,08-27,+8.3%,+5.53%,0.5276,15,✓ Yes,completed
5,514,496,08-27,+8.2%,+5.49%,0.5275,15,✓ Yes,completed
5,514,497,08-27,+8.1%,+5.42%,0.5271,15,✓ Yes,completed
5,514,499,08-27,+8.1%,+5.36%,0.5268,15,✓ Yes,completed
5,514,500,08-27,+8.0%,+5.21%,0.5261,15,✓ Yes,completed
5,514,502,08-27,+7.8%,+5.10%,0.5255,15,✓ Yes,completed
5,514,504,08-27,+7.7%,+5.00%,0.5250,15,✓ Yes,completed
5,514,505,08-27,+7.7%,+4.95%,0.5247,15,✓ Yes,completed
5,514,507,08-27,+7.6%,+4.89%,0.5244,15,✓ Yes,completed
5,514,508,08-27,+7.5%,+4.72%,0.5236,15,✓ Yes,completed
5,514,510,08-27,+7.4%,+4.66%,0.5233,15,✓ Yes,completed
5,514,511,08-27,+7.3%,+4.54%,0.5227,17,✓ Yes,completed
5,514,513,08-27,+7.2%,+4.41%,0.5220,19,✓ Yes,completed
5,514,514,08-27,+7.1%,+4.28%,0.5214,22,✓ Yes,completed
5,516,485,08-27,+8.7%,+5.91%,0.5296,14,✓ Yes,completed
5,516,487,08-27,+8.6%,+5.86%,0.5293,14,✓ Yes,completed
5,516,488,08-27,+8.6%,+5.81%,0.5290,14,✓ Yes,completed
5,516,490,08-27,+8.5%,+5.77%,0.5289,14,✓ Yes,completed
5,516,491,08-27,+8.4%,+5.68%,0.5284,14,✓ Yes,completed
5,516,493,08-27,+8.3%,+5.53%,0.5276,15,✓ Yes,completed
5,516,494,08-27,+8.2%,+5.48%,0.5274,15,✓ Yes,completed
5,516,496,08-27,+8.2%,+5.44%,0.5272,15,✓ Yes,completed
5,516,497,08-27,+8.1%,+5.36%,0.5268,15,✓ Yes,completed
5,516,499,08-27,+8.0%,+5.30%,0.5265,15,✓ Yes,completed
5,516,501,08-27,+7.9%,+5.16%,0.5258,15,✓ Yes,completed
5,516,502,08-27,+7.7%,+4.97%,0.5248,15,✓ Yes,completed
5,516,504,08-27,+7.7%,+4.94%,0.5247,15,✓ Yes,completed
5,516,505,08-27,+7.7%,+4.89%,0.5245,15,✓ Yes,completed
5,516,507,08-27,+7.6%,+4.84%,0.5242,15,✓ Yes,completed
5,516,508,08-27,+7.4%,+4.68%,0.5234,15,✓ Yes,completed
5,516,510,08-27,+7.3%,+4.61%,0.5230,15,✓ Yes,completed
5,516,511,08-27,+7.2%,+4.47%,0.5223,17,✓ Yes,completed
5,516,513,08-27,+7.1%,+4.33%,0.5216,19,✓ Yes,completed
5,516,514,08-27,+7.0%,+4.20%,0.5210,21,✓ Yes,completed
5,516,516,08-27,+6.9%,+4.12%,0.5206,23,✓ Yes,completed
5,518,485,08-27,+8.4%,+5.63%,0.5282,14,✓ Yes,completed
5,518,487,08-27,+8.4%,+5.59%,0.5279,14,✓ Yes,completed
5,518,488,08-27,+8.3%,+5.54%,0.5277,14,✓ Yes,completed
5,518,490,08-27,+8.3%,+5.50%,0.5275,14,✓ Yes,completed
5,518,491,08-27,+8.2%,+5.41%,0.5270,14,✓ Yes,completed
5,518,493,08-27,+8.0%,+5.23%,0.5262,15,✓ Yes,completed
5,518,494,08-27,+7.9%,+5.17%,0.5259,15,✓ Yes,completed
5,518,496,08-27,+7.9%,+5.13%,0.5257,15,✓ Yes,completed
5,518,497,08-27,+7.8%,+5.05%,0.5252,15,✓ Yes,completed
5,518,499,08-27,+7.8%,+4.99%,0.5249,15,✓ Yes,completed
5,518,501,08-27,+7.6%,+4.85%,0.5243,15,✓ Yes,completed
5,518,502,08-27,+7.4%,+4.69%,0.5235,15,✓ Yes,completed
5,518,504,08-27,+7.4%,+4.67%,0.5234,15,✓ Yes,completed
5,518,505,08-27,+7.4%,+4.63%,0.5231,15,✓ Yes,completed
5,518,507,08-27,+7.3%,+4.57%,0.5229,15,✓ Yes,completed
5,518,508,08-27,+7.1%,+4.40%,0.5220,15,✓ Yes,completed
5,518,510,08-27,+7.1%,+4.32%,0.5216,15,✓ Yes,completed
5,518,511,08-27,+6.9%,+4.15%,0.5208,16,✓ Yes,completed
5,518,513,08-27,+6.8%,+4.04%,0.5202,16,✓ Yes,completed
5,518,514,08-27,+6.7%,+3.92%,0.5196,16,✓ Yes,completed
5,518,516,08-27,+6.6%,+3.87%,0.5193,17,✓ Yes,completed
5,518,518,08-27,+6.4%,+3.67%,0.5184,24,✓ Yes,completed
5,503,485,08-28,+10.0%,+27.36%,0.6368,15,✗ No,budget_exceeded
5,503,487,08-28,+10.0%,+27.31%,0.6365,15,✗ No,budget_exceeded
5,503,488,08-28,+10.0%,+27.25%,0.6362,15,✗ No,budget_exceeded
5,503,490,08-28,+10.0%,+26.47%,0.6323,16,✗ No,budget_exceeded
5,503,492,08-28,+10.0%,+26.28%,0.6314,16,✗ No,budget_exceeded
5,503,493,08-28,+10.0%,+25.89%,0.6295,17,✗ No,budget_exceeded
5,503,495,08-28,+10.0%,+25.79%,0.6290,17,✗ No,budget_exceeded
5,503,496,08-28,+10.0%,+19.70%,0.5985,18,✗ No,budget_exceeded
5,503,498,08-28,+10.0%,+19.41%,0.5971,20,✗ No,budget_exceeded
5,503,500,08-28,+10.0%,+18.59%,0.5929,22,✗ No,budget_exceeded
5,503,501,08-28,+10.0%,+11.90%,0.5595,25,✗ No,budget_exceeded
5,503,503,08-28,+10.0%,+11.69%,0.5584,30,✗ No,budget_exceeded
5,505,485,08-28,+10.0%,+26.42%,0.6321,16,✗ No,budget_exceeded
5,505,487,08-28,+10.0%,+26.37%,0.6318,16,✗ No,budget_exceeded
5,505,488,08-28,+10.0%,+26.28%,0.6314,16,✗ No,budget_exceeded
5,505,490,08-28,+10.0%,+26.22%,0.6311,16,✗ No,budget_exceeded
5,505,492,08-28,+10.0%,+26.03%,0.6301,16,✗ No,budget_exceeded
5,505,493,08-28,+10.0%,+19.66%,0.5983,18,✗ No,budget_exceeded
5,505,495,08-28,+10.0%,+19.57%,0.5978,18,✗ No,budget_exceeded
5,505,496,08-28,+10.0%,+19.42%,0.5971,18,✗ No,budget_exceeded
5,505,498,08-28,+10.0%,+12.11%,0.5605,22,✗ No,budget_exceeded
5,505,500,08-28,+10.0%,+11.90%,0.5595,23,✗ No,budget_exceeded
5,505,501,08-28,+10.0%,+11.52%,0.5576,23,✗ No,budget_exceeded
5,505,503,08-28,+10.0%,+7.92%,0.5396,26,✓ Yes,completed
5,505,505,08-28,+9.8%,+7.72%,0.5386,28,✓ Yes,completed
5,506,485,08-28,+10.0%,+26.02%,0.6301,16,✗ No,budget_exceeded
5,506,487,08-28,+10.0%,+25.96%,0.6298,16,✗ No,budget_exceeded
5,506,488,08-28,+10.0%,+25.87%,0.6294,16,✗ No,budget_exceeded
5,506,490,08-28,+10.0%,+25.81%,0.6291,16,✗ No,budget_exceeded
5,506,492,08-28,+10.0%,+19.64%,0.5982,17,✗ No,budget_exceeded
5,506,493,08-28,+10.0%,+18.61%,0.5931,19,✗ No,budget_exceeded
5,506,495,08-28,+10.0%,+18.51%,0.5926,19,✗ No,budget_exceeded
5,506,496,08-28,+10.0%,+12.06%,0.5603,20,✗ No,budget_exceeded
5,506,498,08-28,+10.0%,+11.45%,0.5573,21,✗ No,budget_exceeded
5,506,500,08-28,+10.0%,+11.33%,0.5566,21,✗ No,budget_exceeded
5,506,501,08-28,+9.8%,+7.72%,0.5386,21,✓ Yes,completed
5,506,503,08-28,+9.6%,+7.54%,0.5377,22,✓ Yes,completed
5,506,505,08-28,+9.5%,+7.44%,0.5372,22,✓ Yes,completed
5,506,506,08-28,+9.3%,+7.20%,0.5360,29,✓ Yes,completed
5,508,485,08-28,+10.0%,+25.91%,0.6295,16,✗ No,budget_exceeded
5,508,487,08-28,+10.0%,+25.85%,0.6292,16,✗ No,budget_exceeded
5,508,488,08-28,+10.0%,+25.76%,0.6288,16,✗ No,budget_exceeded
5,508,490,08-28,+10.0%,+25.71%,0.6285,16,✗ No,budget_exceeded
5,508,491,08-28,+10.0%,+19.52%,0.5976,17,✗ No,budget_exceeded
5,508,493,08-28,+10.0%,+18.60%,0.5930,19,✗ No,budget_exceeded
5,508,494,08-28,+10.0%,+12.09%,0.5604,20,✗ No,budget_exceeded
5,508,496,08-28,+10.0%,+11.98%,0.5599,20,✗ No,budget_exceeded
5,508,497,08-28,+10.0%,+11.73%,0.5586,20,✗ No,budget_exceeded
5,508,499,08-28,+10.0%,+11.30%,0.5565,21,✗ No,budget_exceeded
5,508,500,08-28,+9.8%,+7.76%,0.5388,21,✓ Yes,completed
5,508,502,08-28,+9.7%,+7.62%,0.5381,21,✓ Yes,completed
5,508,503,08-28,+9.4%,+7.35%,0.5368,22,✓ Yes,completed
5,508,505,08-28,+9.4%,+7.33%,0.5367,22,✓ Yes,completed
5,508,506,08-28,+9.2%,+7.08%,0.5354,23,✓ Yes,completed
5,508,508,08-28,+9.1%,+6.96%,0.5348,27,✓ Yes,completed
5,509,485,08-28,+10.0%,+19.47%,0.5974,16,✗ No,budget_exceeded
5,509,487,08-28,+10.0%,+19.41%,0.5971,16,✗ No,budget_exceeded
5,509,488,08-28,+10.0%,+18.65%,0.5933,17,✗ No,budget_exceeded
5,509,490,08-28,+10.0%,+18.60%,0.5930,17,✗ No,budget_exceeded
5,509,491,08-28,+10.0%,+12.05%,0.5602,18,✗ No,budget_exceeded
5,509,493,08-28,+10.0%,+11.76%,0.5588,19,✗ No,budget_exceeded
5,509,494,08-28,+10.0%,+11.58%,0.5579,19,✗ No,budget_exceeded
5,509,496,08-28,+10.0%,+11.48%,0.5574,19,✗ No,budget_exceeded
5,509,497,08-28,+9.9%,+7.91%,0.5395,19,✓ Yes,completed
5,509,499,08-28,+9.7%,+7.59%,0.5380,20,✓ Yes,completed
5,509,500,08-28,+9.5%,+7.38%,0.5369,20,✓ Yes,completed
5,509,502,08-28,+9.3%,+7.24%,0.5362,20,✓ Yes,completed
5,509,503,08-28,+9.1%,+7.02%,0.5351,21,✓ Yes,completed
5,509,505,08-28,+9.1%,+7.00%,0.5350,21,✓ Yes,completed
5,509,506,08-28,+8.8%,+6.75%,0.5338,21,✓ Yes,completed
5,509,508,08-28,+8.8%,+6.69%,0.5335,21,✓ Yes,completed
5,509,509,08-28,+8.4%,+6.28%,0.5314,30,✓ Yes,completed
5,511,485,08-28,+10.0%,+7.94%,0.5397,17,✓ Yes,completed
5,511,487,08-28,+9.9%,+7.88%,0.5394,17,✓ Yes,completed
5,511,488,08-28,+9.9%,+7.81%,0.5390,17,✓ Yes,completed
5,511,490,08-28,+9.8%,+7.76%,0.5388,17,✓ Yes,completed
5,511,491,08-28,+9.7%,+7.64%,0.5382,17,✓ Yes,completed
5,511,493,08-28,+9.5%,+7.43%,0.5372,18,✓ Yes,completed
5,511,494,08-28,+9.4%,+7.31%,0.5365,18,✓ Yes,completed
5,511,496,08-28,+9.3%,+7.24%,0.5362,18,✓ Yes,completed
5,511,497,08-28,+9.2%,+7.06%,0.5353,18,✓ Yes,completed
5,511,499,08-28,+9.1%,+7.00%,0.5350,18,✓ Yes,completed
5,511,500,08-28,+8.9%,+6.82%,0.5341,18,✓ Yes,completed
5,511,502,08-28,+8.8%,+6.71%,0.5335,18,✓ Yes,completed
5,511,503,08-28,+8.6%,+6.50%,0.5325,19,✓ Yes,completed
5,511,505,08-28,+8.6%,+6.49%,0.5325,19,✓ Yes,completed
5,511,506,08-28,+8.4%,+6.36%,0.5318,19,✓ Yes,completed
5,511,508,08-28,+8.4%,+6.32%,0.5316,19,✓ Yes,completed
5,511,510,08-28,+8.0%,+5.91%,0.5296,21,✓ Yes,completed
5,511,511,08-28,+7.9%,+5.74%,0.5287,27,✓ Yes,completed
5,513,485,08-28,+10.0%,+7.89%,0.5395,17,✓ Yes,completed
5,513,487,08-28,+9.9%,+7.84%,0.5392,17,✓ Yes,completed
5,513,488,08-28,+9.8%,+7.76%,0.5388,17,✓ Yes,completed
5,513,490,08-28,+9.8%,+7.72%,0.5386,17,✓ Yes,completed
5,513,491,08-28,+9.7%,+7.59%,0.5379,17,✓ Yes,completed
5,513,493,08-28,+9.5%,+7.38%,0.5369,18,✓ Yes,completed
5,513,494,08-28,+9.4%,+7.26%,0.5363,18,✓ Yes,completed
5,513,496,08-28,+9.3%,+7.19%,0.5360,18,✓ Yes,completed
5,513,497,08-28,+9.1%,+7.01%,0.5351,18,✓ Yes,completed
5,513,499,08-28,+9.0%,+6.96%,0.5348,18,✓ Yes,completed
5,513,500,08-28,+8.9%,+6.78%,0.5339,18,✓ Yes,completed
5,513,502,08-28,+8.7%,+6.66%,0.5333,18,✓ Yes,completed
5,513,503,08-28,+8.5%,+6.43%,0.5322,19,✓ Yes,completed
5,513,505,08-28,+8.5%,+6.43%,0.5321,19,✓ Yes,completed
5,513,507,08-28,+8.4%,+6.30%,0.5315,19,✓ Yes,completed
5,513,508,08-28,+8.0%,+5.91%,0.5296,20,✓ Yes,completed
5,513,510,08-28,+7.9%,+5.83%,0.5291,20,✓ Yes,completed
5,513,511,08-28,+7.7%,+5.62%,0.5281,24,✓ Yes,completed
5,513,513,08-28,+7.6%,+5.42%,0.5271,32,✓ Yes,completed
5,514,485,08-28,+8.7%,+6.63%,0.5332,14,✓ Yes,completed
5,514,487,08-28,+8.7%,+6.58%,0.5329,14,✓ Yes,completed
5,514,488,08-28,+8.6%,+6.53%,0.5326,14,✓ Yes,completed
5,514,490,08-28,+8.6%,+6.49%,0.5325,14,✓ Yes,completed
5,514,491,08-28,+8.5%,+6.40%,0.5320,14,✓ Yes,completed
5,514,493,08-28,+8.3%,+6.24%,0.5312,15,✓ Yes,completed
5,514,494,08-28,+8.2%,+6.18%,0.5309,15,✓ Yes,completed
5,514,496,08-28,+8.2%,+6.14%,0.5307,15,✓ Yes,completed
5,514,497,08-28,+8.1%,+6.06%,0.5303,15,✓ Yes,completed
5,514,499,08-28,+8.1%,+6.00%,0.5300,15,✓ Yes,completed
5,514,500,08-28,+7.9%,+5.86%,0.5293,15,✓ Yes,completed
5,514,502,08-28,+7.8%,+5.74%,0.5287,15,✓ Yes,completed
5,514,504,08-28,+7.7%,+5.64%,0.5282,15,✓ Yes,completed
5,514,505,08-28,+7.7%,+5.59%,0.5279,15,✓ Yes,completed
5,514,507,08-28,+7.6%,+5.53%,0.5276,15,✓ Yes,completed
5,514,508,08-28,+7.4%,+5.33%,0.5267,15,✓ Yes,completed
5,514,510,08-28,+7.4%,+5.26%,0.5263,15,✓ Yes,completed
5,514,511,08-28,+7.3%,+5.13%,0.5257,17,✓ Yes,completed
5,514,513,08-28,+7.1%,+5.00%,0.5250,19,✓ Yes,completed
5,514,514,08-28,+7.0%,+4.87%,0.5244,22,✓ Yes,completed
5,516,485,08-28,+8.7%,+6.60%,0.5330,14,✓ Yes,completed
5,516,487,08-28,+8.6%,+6.55%,0.5327,14,✓ Yes,completed
5,516,488,08-28,+8.6%,+6.50%,0.5325,14,✓ Yes,completed
5,516,490,08-28,+8.5%,+6.46%,0.5323,14,✓ Yes,completed
5,516,491,08-28,+8.4%,+6.37%,0.5318,14,✓ Yes,completed
5,516,493,08-28,+8.3%,+6.20%,0.5310,15,✓ Yes,completed
5,516,494,08-28,+8.2%,+6.15%,0.5307,15,✓ Yes,completed
5,516,496,08-28,+8.2%,+6.11%,0.5305,15,✓ Yes,completed
5,516,497,08-28,+8.1%,+6.03%,0.5301,15,✓ Yes,completed
5,516,499,08-28,+8.0%,+5.97%,0.5298,15,✓ Yes,completed
5,516,501,08-28,+7.9%,+5.82%,0.5291,15,✓ Yes,completed
5,516,502,08-28,+7.7%,+5.63%,0.5281,15,✓ Yes,completed
5,516,504,08-28,+7.7%,+5.60%,0.5280,15,✓ Yes,completed
5,516,505,08-28,+7.7%,+5.55%,0.5278,15,✓ Yes,completed
5,516,507,08-28,+7.6%,+5.49%,0.5275,15,✓ Yes,completed
5,516,508,08-28,+7.4%,+5.30%,0.5265,15,✓ Yes,completed
5,516,510,08-28,+7.3%,+5.23%,0.5261,15,✓ Yes,completed
5,516,511,08-28,+7.2%,+5.08%,0.5254,17,✓ Yes,completed
5,516,513,08-28,+7.1%,+4.94%,0.5247,19,✓ Yes,completed
5,516,514,08-28,+7.0%,+4.81%,0.5240,21,✓ Yes,completed
5,516,516,08-28,+6.9%,+4.73%,0.5236,23,✓ Yes,completed
5,518,485,08-28,+8.4%,+6.32%,0.5316,14,✓ Yes,completed
5,518,487,08-28,+8.4%,+6.27%,0.5313,14,✓ Yes,completed
5,518,488,08-28,+8.3%,+6.22%,0.5311,14,✓ Yes,completed
5,518,490,08-28,+8.3%,+6.18%,0.5309,14,✓ Yes,completed
5,518,491,08-28,+8.2%,+6.08%,0.5304,14,✓ Yes,completed
5,518,493,08-28,+8.0%,+5.90%,0.5295,15,✓ Yes,completed
5,518,494,08-28,+7.9%,+5.84%,0.5292,15,✓ Yes,completed
5,518,496,08-28,+7.9%,+5.80%,0.5290,15,✓ Yes,completed
5,518,497,08-28,+7.8%,+5.71%,0.5286,15,✓ Yes,completed
5,518,499,08-28,+7.8%,+5.65%,0.5283,15,✓ Yes,completed
5,518,501,08-28,+7.6%,+5.51%,0.5275,15,✓ Yes,completed
5,518,502,08-28,+7.4%,+5.32%,0.5266,15,✓ Yes,completed
5,518,504,08-28,+7.4%,+5.29%,0.5265,15,✓ Yes,completed
5,518,505,08-28,+7.4%,+5.25%,0.5262,15,✓ Yes,completed
5,518,507,08-28,+7.3%,+5.19%,0.5259,15,✓ Yes,completed
5,518,508,08-28,+7.1%,+5.01%,0.5250,15,✓ Yes,completed
5,518,510,08-28,+7.1%,+4.93%,0.5247,15,✓ Yes,completed
5,518,511,08-28,+6.9%,+4.76%,0.5238,16,✓ Yes,completed
5,518,513,08-28,+6.8%,+4.66%,0.5233,16,✓ Yes,completed
5,518,514,08-28,+6.7%,+4.53%,0.5227,16,✓ Yes,completed
5,518,516,08-28,+6.6%,+4.47%,0.5223,17,✓ Yes,completed
5,518,518,08-28,+6.4%,+4.24%,0.5212,24,✓ Yes,completed
5,503,485,08-29,+10.0%,+28.01%,0.6401,15,✗ No,budget_exceeded
5,503,487,08-29,+10.0%,+27.95%,0.6398,15,✗ No,budget_exceeded
5,503,488,08-29,+10.0%,+27.87%,0.6393,15,✗ No,budget_exceeded
5,503,490,08-29,+10.0%,+27.81%,0.6390,15,✗ No,budget_exceeded
5,503,492,08-29,+10.0%,+27.61%,0.6381,15,✗ No,budget_exceeded
5,503,493,08-29,+10.0%,+21.22%,0.6061,17,✗ No,budget_exceeded
5,503,495,08-29,+10.0%,+20.47%,0.6024,18,✗ No,budget_exceeded
5,503,496,08-29,+10.0%,+20.33%,0.6016,18,✗ No,budget_exceeded
5,503,498,08-29,+10.0%,+13.68%,0.5684,21,✗ No,budget_exceeded
5,503,500,08-29,+10.0%,+13.50%,0.5675,22,✗ No,budget_exceeded
5,503,501,08-29,+10.0%,+13.14%,0.5657,24,✗ No,budget_exceeded
5,503,503,08-29,+10.0%,+8.75%,0.5437,29,✓ Yes,completed
5,505,485,08-29,+10.0%,+27.76%,0.6388,15,✗ No,budget_exceeded
5,505,487,08-29,+10.0%,+27.70%,0.6385,15,✗ No,budget_exceeded
5,505,488,08-29,+10.0%,+27.62%,0.6381,15,✗ No,budget_exceeded
5,505,490,08-29,+10.0%,+27.56%,0.6378,15,✗ No,budget_exceeded
5,505,492,08-29,+10.0%,+21.33%,0.6067,16,✗ No,budget_exceeded
5,505,493,08-29,+10.0%,+20.29%,0.6015,18,✗ No,budget_exceeded
5,505,495,08-29,+10.0%,+20.19%,0.6010,18,✗ No,budget_exceeded
5,505,496,08-29,+10.0%,+13.69%,0.5684,19,✗ No,budget_exceeded
5,505,498,08-29,+10.0%,+13.32%,0.5666,21,✗ No,budget_exceeded
5,505,500,08-29,+10.0%,+13.10%,0.5655,22,✗ No,budget_exceeded
5,505,501,08-29,+9.9%,+8.68%,0.5434,22,✓ Yes,completed
5,505,503,08-29,+9.7%,+8.50%,0.5425,25,✓ Yes,completed
5,505,505,08-29,+9.5%,+8.32%,0.5416,27,✓ Yes,completed
5,506,485,08-29,+10.0%,+21.35%,0.6067,16,✗ No,budget_exceeded
5,506,487,08-29,+10.0%,+21.29%,0.6065,16,✗ No,budget_exceeded
5,506,488,08-29,+10.0%,+21.17%,0.6059,16,✗ No,budget_exceeded
5,506,490,08-29,+10.0%,+20.47%,0.6023,17,✗ No,budget_exceeded
5,506,492,08-29,+10.0%,+20.27%,0.6013,17,✗ No,budget_exceeded
5,506,493,08-29,+10.0%,+13.52%,0.5676,19,✗ No,budget_exceeded
5,506,495,08-29,+10.0%,+13.42%,0.5671,19,✗ No,budget_exceeded
5,506,496,08-29,+10.0%,+13.27%,0.5664,19,✗ No,budget_exceeded
5,506,498,08-29,+9.8%,+8.62%,0.5431,20,✓ Yes,completed
5,506,500,08-29,+9.7%,+8.54%,0.5427,20,✓ Yes,completed
5,506,501,08-29,+9.5%,+8.33%,0.5417,20,✓ Yes,completed
5,506,503,08-29,+9.3%,+8.17%,0.5409,21,✓ Yes,completed
5,506,505,08-29,+9.2%,+8.08%,0.5404,21,✓ Yes,completed
5,506,506,08-29,+9.1%,+7.87%,0.5394,28,✓ Yes,completed
5,508,485,08-29,+10.0%,+21.23%,0.6061,16,✗ No,budget_exceeded
5,508,487,08-29,+10.0%,+21.17%,0.6058,16,✗ No,budget_exceeded
5,508,488,08-29,+10.0%,+20.40%,0.6020,17,✗ No,budget_exceeded
5,508,490,08-29,+10.0%,+20.34%,0.6017,17,✗ No,budget_exceeded
5,508,491,08-29,+10.0%,+13.80%,0.5690,18,✗ No,budget_exceeded
5,508,493,08-29,+10.0%,+13.51%,0.5675,19,✗ No,budget_exceeded
5,508,494,08-29,+10.0%,+13.30%,0.5665,19,✗ No,budget_exceeded
5,508,496,08-29,+10.0%,+13.19%,0.5660,19,✗ No,budget_exceeded
5,508,497,08-29,+10.0%,+8.78%,0.5439,19,✓ Yes,completed
5,508,499,08-29,+9.7%,+8.53%,0.5426,20,✓ Yes,completed
5,508,500,08-29,+9.5%,+8.36%,0.5418,20,✓ Yes,completed
5,508,502,08-29,+9.4%,+8.24%,0.5412,20,✓ Yes,completed
5,508,503,08-29,+9.2%,+8.00%,0.5400,21,✓ Yes,completed
5,508,505,08-29,+9.1%,+7.98%,0.5399,21,✓ Yes,completed
5,508,506,08-29,+8.9%,+7.75%,0.5387,22,✓ Yes,completed
5,508,508,08-29,+8.8%,+7.63%,0.5381,26,✓ Yes,completed
5,509,485,08-29,+10.0%,+13.74%,0.5687,17,✗ No,budget_exceeded
5,509,487,08-29,+10.0%,+13.65%,0.5683,17,✗ No,budget_exceeded
5,509,488,08-29,+10.0%,+13.53%,0.5677,17,✗ No,budget_exceeded
5,509,490,08-29,+10.0%,+13.47%,0.5674,17,✗ No,budget_exceeded
5,509,491,08-29,+10.0%,+13.26%,0.5663,17,✗ No,budget_exceeded
5,509,493,08-29,+10.0%,+12.97%,0.5648,18,✗ No,budget_exceeded
5,509,494,08-29,+9.9%,+8.72%,0.5436,18,✓ Yes,completed
5,509,496,08-29,+9.8%,+8.65%,0.5433,18,✓ Yes,completed
5,509,497,08-29,+9.6%,+8.48%,0.5424,18,✓ Yes,completed
5,509,499,08-29,+9.4%,+8.20%,0.5410,19,✓ Yes,completed
5,509,500,08-29,+9.2%,+8.03%,0.5401,19,✓ Yes,completed
5,509,502,08-29,+9.0%,+7.90%,0.5395,19,✓ Yes,completed
5,509,503,08-29,+8.8%,+7.66%,0.5383,20,✓ Yes,completed
5,509,505,08-29,+8.8%,+7.65%,0.5382,20,✓ Yes,completed
5,509,506,08-29,+8.6%,+7.40%,0.5370,20,✓ Yes,completed
5,509,508,08-29,+8.5%,+7.34%,0.5367,20,✓ Yes,completed
5,509,509,08-29,+8.1%,+6.91%,0.5345,28,✓ Yes,completed
5,511,485,08-29,+9.7%,+8.50%,0.5425,16,✓ Yes,completed
5,511,487,08-29,+9.6%,+8.45%,0.5423,16,✓ Yes,completed
5,511,488,08-29,+9.6%,+8.38%,0.5419,16,✓ Yes,completed
5,511,490,08-29,+9.5%,+8.35%,0.5417,16,✓ Yes,completed
5,511,491,08-29,+9.4%,+8.24%,0.5412,16,✓ Yes,completed
5,511,493,08-29,+9.2%,+8.06%,0.5403,17,✓ Yes,completed
5,511,494,08-29,+9.1%,+7.94%,0.5397,17,✓ Yes,completed
5,511,496,08-29,+9.0%,+7.87%,0.5394,17,✓ Yes,completed
5,511,497,08-29,+8.8%,+7.69%,0.5384,17,✓ Yes,completed
5,511,499,08-29,+8.8%,+7.63%,0.5381,17,✓ Yes,completed
5,511,500,08-29,+8.6%,+7.46%,0.5373,17,✓ Yes,completed
5,511,502,08-29,+8.5%,+7.33%,0.5367,17,✓ Yes,completed
5,511,503,08-29,+8.3%,+7.11%,0.5356,18,✓ Yes,completed
5,511,505,08-29,+8.3%,+7.11%,0.5355,18,✓ Yes,completed
5,511,506,08-29,+8.2%,+6.98%,0.5349,18,✓ Yes,completed
5,511,508,08-29,+8.1%,+6.94%,0.5347,18,✓ Yes,completed
5,511,510,08-29,+7.7%,+6.53%,0.5326,20,✓ Yes,completed
5,511,511,08-29,+7.6%,+6.35%,0.5317,26,✓ Yes,completed
5,513,485,08-29,+9.6%,+8.46%,0.5423,16,✓ Yes,completed
5,513,487,08-29,+9.6%,+8.41%,0.5420,16,✓ Yes,completed
5,513,488,08-29,+9.5%,+8.34%,0.5417,16,✓ Yes,completed
5,513,490,08-29,+9.5%,+8.30%,0.5415,16,✓ Yes,completed
5,513,491,08-29,+9.4%,+8.20%,0.5410,16,✓ Yes,completed
5,513,493,08-29,+9.2%,+8.01%,0.5401,17,✓ Yes,completed
5,513,494,08-29,+9.0%,+7.90%,0.5395,17,✓ Yes,completed
5,513,496,08-29,+9.0%,+7.82%,0.5391,17,✓ Yes,completed
5,513,497,08-29,+8.8%,+7.64%,0.5382,17,✓ Yes,completed
5,513,499,08-29,+8.7%,+7.58%,0.5379,17,✓ Yes,completed
5,513,500,08-29,+8.6%,+7.41%,0.5371,17,✓ Yes,completed
5,513,502,08-29,+8.4%,+7.29%,0.5364,17,✓ Yes,completed
5,513,503,08-29,+8.2%,+7.05%,0.5352,18,✓ Yes,completed
5,513,505,08-29,+8.2%,+7.04%,0.5352,18,✓ Yes,completed
5,513,507,08-29,+8.1%,+6.91%,0.5346,18,✓ Yes,completed
5,513,508,08-29,+7.7%,+6.50%,0.5325,19,✓ Yes,completed
5,513,510,08-29,+7.7%,+6.44%,0.5322,19,✓ Yes,completed
5,513,511,08-29,+7.5%,+6.24%,0.5312,23,✓ Yes,completed
5,513,513,08-29,+7.4%,+6.06%,0.5303,31,✓ Yes,completed
5,514,485,08-29,+8.4%,+7.24%,0.5362,13,✓ Yes,completed
5,514,487,08-29,+8.4%,+7.19%,0.5359,13,✓ Yes,completed
5,514,488,08-29,+8.3%,+7.13%,0.5357,13,✓ Yes,completed
5,514,490,08-29,+8.3%,+7.09%,0.5355,13,✓ Yes,completed
5,514,491,08-29,+8.2%,+6.99%,0.5349,13,✓ Yes,completed
5,514,493,08-29,+8.0%,+6.80%,0.5340,14,✓ Yes,completed
5,514,494,08-29,+7.9%,+6.74%,0.5337,14,✓ Yes,completed
5,514,496,08-29,+7.9%,+6.70%,0.5335,14,✓ Yes,completed
5,514,497,08-29,+7.8%,+6.62%,0.5331,14,✓ Yes,completed
5,514,499,08-29,+7.8%,+6.55%,0.5328,14,✓ Yes,completed
5,514,500,08-29,+7.6%,+6.43%,0.5321,14,✓ Yes,completed
5,514,502,08-29,+7.5%,+6.31%,0.5316,14,✓ Yes,completed
5,514,504,08-29,+7.4%,+6.21%,0.5311,14,✓ Yes,completed
5,514,505,08-29,+7.4%,+6.18%,0.5309,14,✓ Yes,completed
5,514,507,08-29,+7.4%,+6.13%,0.5306,14,✓ Yes,completed
5,514,508,08-29,+7.2%,+5.94%,0.5297,14,✓ Yes,completed
5,514,510,08-29,+7.1%,+5.89%,0.5295,14,✓ Yes,completed
5,514,511,08-29,+7.0%,+5.77%,0.5289,16,✓ Yes,completed
5,514,513,08-29,+6.9%,+5.66%,0.5283,18,✓ Yes,completed
5,514,514,08-29,+6.8%,+5.54%,0.5277,21,✓ Yes,completed
5,516,485,08-29,+8.4%,+7.21%,0.5360,13,✓ Yes,completed
5,516,487,08-29,+8.3%,+7.15%,0.5358,13,✓ Yes,completed
5,516,488,08-29,+8.3%,+7.10%,0.5355,13,✓ Yes,completed
5,516,490,08-29,+8.2%,+7.06%,0.5353,13,✓ Yes,completed
5,516,491,08-29,+8.1%,+6.95%,0.5348,13,✓ Yes,completed
5,516,493,08-29,+8.0%,+6.77%,0.5338,14,✓ Yes,completed
5,516,494,08-29,+7.9%,+6.71%,0.5335,14,✓ Yes,completed
5,516,496,08-29,+7.9%,+6.66%,0.5333,14,✓ Yes,completed
5,516,497,08-29,+7.8%,+6.58%,0.5329,14,✓ Yes,completed
5,516,499,08-29,+7.7%,+6.52%,0.5326,14,✓ Yes,completed
5,516,501,08-29,+7.6%,+6.39%,0.5320,14,✓ Yes,completed
5,516,502,08-29,+7.4%,+6.20%,0.5310,14,✓ Yes,completed
5,516,504,08-29,+7.4%,+6.18%,0.5309,14,✓ Yes,completed
5,516,505,08-29,+7.4%,+6.15%,0.5308,14,✓ Yes,completed
5,516,507,08-29,+7.3%,+6.09%,0.5305,14,✓ Yes,completed
5,516,508,08-29,+7.1%,+5.91%,0.5296,14,✓ Yes,completed
5,516,510,08-29,+7.1%,+5.86%,0.5293,14,✓ Yes,completed
5,516,511,08-29,+7.0%,+5.72%,0.5286,16,✓ Yes,completed
5,516,513,08-29,+6.8%,+5.60%,0.5280,18,✓ Yes,completed
5,516,514,08-29,+6.7%,+5.48%,0.5274,20,✓ Yes,completed
5,516,516,08-29,+6.7%,+5.40%,0.5270,22,✓ Yes,completed
5,518,485,08-29,+8.1%,+6.90%,0.5345,13,✓ Yes,completed
5,518,487,08-29,+8.0%,+6.84%,0.5342,13,✓ Yes,completed
5,518,488,08-29,+8.0%,+6.78%,0.5339,13,✓ Yes,completed
5,518,490,08-29,+7.9%,+6.74%,0.5337,13,✓ Yes,completed
5,518,491,08-29,+7.8%,+6.63%,0.5332,13,✓ Yes,completed
5,518,493,08-29,+7.7%,+6.45%,0.5322,14,✓ Yes,completed
5,518,494,08-29,+7.6%,+6.38%,0.5319,14,✓ Yes,completed
5,518,496,08-29,+7.6%,+6.34%,0.5317,14,✓ Yes,completed
5,518,497,08-29,+7.5%,+6.26%,0.5313,14,✓ Yes,completed
5,518,499,08-29,+7.4%,+6.20%,0.5310,14,✓ Yes,completed
5,518,501,08-29,+7.3%,+6.09%,0.5304,14,✓ Yes,completed
5,518,502,08-29,+7.2%,+5.91%,0.5296,14,✓ Yes,completed
5,518,504,08-29,+7.1%,+5.89%,0.5294,14,✓ Yes,completed
5,518,505,08-29,+7.1%,+5.86%,0.5293,14,✓ Yes,completed
5,518,507,08-29,+7.0%,+5.81%,0.5290,14,✓ Yes,completed
5,518,508,08-29,+6.9%,+5.63%,0.5282,14,✓ Yes,completed
5,518,510,08-29,+6.8%,+5.59%,0.5279,14,✓ Yes,completed
5,518,511,08-29,+6.6%,+5.42%,0.5271,15,✓ Yes,completed
5,518,513,08-29,+6.6%,+5.32%,0.5266,15,✓ Yes,completed
5,518,514,08-29,+6.4%,+5.20%,0.5260,15,✓ Yes,completed
5,518,516,08-29,+6.4%,+5.13%,0.5257,16,✓ Yes,completed
5,518,518,08-29,+6.2%,+4.87%,0.5244,23,✓ Yes,completed
5,503,485,08-30,+10.0%,+30.30%,0.6515,15,✗ No,budget_exceeded
5,503,487,08-30,+10.0%,+30.25%,0.6512,15,✗ No,budget_exceeded
5,503,488,08-30,+10.0%,+30.16%,0.6508,15,✗ No,budget_exceeded
5,503,490,08-30,+10.0%,+30.10%,0.6505,15,✗ No,budget_exceeded
5,503,492,08-30,+10.0%,+29.91%,0.6495,15,✗ No,budget_exceeded
5,503,493,08-30,+10.0%,+23.55%,0.6177,17,✗ No,budget_exceeded
5,503,495,08-30,+10.0%,+22.81%,0.6140,18,✗ No,budget_exceeded
5,503,496,08-30,+10.0%,+22.66%,0.6133,18,✗ No,budget_exceeded
5,503,498,08-30,+10.0%,+16.05%,0.5802,21,✗ No,budget_exceeded
5,503,500,08-30,+10.0%,+15.86%,0.5793,22,✗ No,budget_exceeded
5,503,501,08-30,+10.0%,+15.51%,0.5775,24,✗ No,budget_exceeded
5,503,503,08-30,+10.0%,+10.14%,0.5507,29,✓ Yes,completed
5,505,485,08-30,+10.0%,+30.06%,0.6503,15,✗ No,budget_exceeded
5,505,487,08-30,+10.0%,+30.00%,0.6500,15,✗ No,budget_exceeded
5,505,488,08-30,+10.0%,+29.91%,0.6496,15,✗ No,budget_exceeded
5,505,490,08-30,+10.0%,+29.85%,0.6493,15,✗ No,budget_exceeded
5,505,492,08-30,+10.0%,+23.66%,0.6183,16,✗ No,budget_exceeded
5,505,493,08-30,+10.0%,+22.62%,0.6131,18,✗ No,budget_exceeded
5,505,495,08-30,+10.0%,+22.53%,0.6126,18,✗ No,budget_exceeded
5,505,496,08-30,+10.0%,+16.05%,0.5803,19,✗ No,budget_exceeded
5,505,498,08-30,+10.0%,+15.69%,0.5784,21,✗ No,budget_exceeded
5,505,500,08-30,+10.0%,+15.47%,0.5774,22,✗ No,budget_exceeded
5,505,501,08-30,+9.9%,+10.07%,0.5504,22,✓ Yes,completed
5,505,503,08-30,+9.7%,+9.90%,0.5495,25,✓ Yes,completed
5,505,505,08-30,+9.5%,+9.73%,0.5487,27,✓ Yes,completed
5,506,485,08-30,+10.0%,+23.68%,0.6184,16,✗ No,budget_exceeded
5,506,487,08-30,+10.0%,+23.62%,0.6181,16,✗ No,budget_exceeded
5,506,488,08-30,+10.0%,+23.50%,0.6175,16,✗ No,budget_exceeded
5,506,490,08-30,+10.0%,+22.80%,0.6140,17,✗ No,budget_exceeded
5,506,492,08-30,+10.0%,+22.60%,0.6130,17,✗ No,budget_exceeded
5,506,493,08-30,+10.0%,+15.89%,0.5794,19,✗ No,budget_exceeded
5,506,495,08-30,+10.0%,+15.79%,0.5790,19,✗ No,budget_exceeded
5,506,496,08-30,+10.0%,+15.64%,0.5782,19,✗ No,budget_exceeded
5,506,498,08-30,+9.8%,+10.02%,0.5501,20,✓ Yes,completed
5,506,500,08-30,+9.7%,+9.94%,0.5497,20,✓ Yes,completed
5,506,501,08-30,+9.5%,+9.74%,0.5487,20,✓ Yes,completed
5,506,503,08-30,+9.3%,+9.59%,0.5480,21,✓ Yes,completed
5,506,505,08-30,+9.2%,+9.51%,0.5475,21,✓ Yes,completed
5,506,506,08-30,+9.1%,+9.32%,0.5466,28,✓ Yes,completed
5,508,485,08-30,+10.0%,+23.56%,0.6178,16,✗ No,budget_exceeded
5,508,487,08-30,+10.0%,+23.50%,0.6175,16,✗ No,budget_exceeded
5,508,488,08-30,+10.0%,+22.74%,0.6137,17,✗ No,budget_exceeded
5,508,490,08-30,+10.0%,+22.68%,0.6134,17,✗ No,budget_exceeded
5,508,491,08-30,+10.0%,+16.17%,0.5808,18,✗ No,budget_exceeded
5,508,493,08-30,+10.0%,+15.88%,0.5794,19,✗ No,budget_exceeded
5,508,494,08-30,+10.0%,+15.67%,0.5784,19,✗ No,budget_exceeded
5,508,496,08-30,+10.0%,+15.56%,0.5778,19,✗ No,budget_exceeded
5,508,497,08-30,+10.0%,+10.18%,0.5509,19,✓ Yes,completed
5,508,499,08-30,+9.7%,+9.93%,0.5496,20,✓ Yes,completed
5,508,500,08-30,+9.5%,+9.76%,0.5488,20,✓ Yes,completed
5,508,502,08-30,+9.4%,+9.65%,0.5483,20,✓ Yes,completed
5,508,503,08-30,+9.2%,+9.44%,0.5472,21,✓ Yes,completed
5,508,505,08-30,+9.1%,+9.42%,0.5471,21,✓ Yes,completed
5,508,506,08-30,+8.9%,+9.20%,0.5460,22,✓ Yes,completed
5,508,508,08-30,+8.8%,+9.10%,0.5455,26,✓ Yes,completed
5,509,485,08-30,+10.0%,+16.10%,0.5805,17,✗ No,budget_exceeded
5,509,487,08-30,+10.0%,+16.02%,0.5801,17,✗ No,budget_exceeded
5,509,488,08-30,+10.0%,+15.90%,0.5795,17,✗ No,budget_exceeded
5,509,490,08-30,+10.0%,+15.84%,0.5792,17,✗ No,budget_exceeded
5,509,491,08-30,+10.0%,+15.63%,0.5781,17,✗ No,budget_exceeded
5,509,493,08-30,+10.0%,+15.34%,0.5767,18,✗ No,budget_exceeded
5,509,494,08-30,+9.9%,+10.11%,0.5506,18,✓ Yes,completed
5,509,496,08-30,+9.8%,+10.05%,0.5502,18,✓ Yes,completed
5,509,497,08-30,+9.6%,+9.88%,0.5494,18,✓ Yes,completed
5,509,499,08-30,+9.4%,+9.62%,0.5481,19,✓ Yes,completed
5,509,500,08-30,+9.2%,+9.46%,0.5473,19,✓ Yes,completed
5,509,502,08-30,+9.0%,+9.34%,0.5467,19,✓ Yes,completed
5,509,503,08-30,+8.8%,+9.13%,0.5457,20,✓ Yes,completed
5,509,505,08-30,+8.8%,+9.12%,0.5456,20,✓ Yes,completed
5,509,506,08-30,+8.6%,+8.90%,0.5445,20,✓ Yes,completed
5,509,508,08-30,+8.5%,+8.85%,0.5443,20,✓ Yes,completed
5,509,509,08-30,+8.1%,+8.51%,0.5425,28,✓ Yes,completed
5,511,485,08-30,+9.7%,+9.90%,0.5495,16,✓ Yes,completed
5,511,487,08-30,+9.6%,+9.85%,0.5493,16,✓ Yes,completed
5,511,488,08-30,+9.6%,+9.78%,0.5489,16,✓ Yes,completed
5,511,490,08-30,+9.5%,+9.75%,0.5488,16,✓ Yes,completed
5,511,491,08-30,+9.4%,+9.65%,0.5483,16,✓ Yes,completed
5,511,493,08-30,+9.2%,+9.49%,0.5474,17,✓ Yes,completed
5,511,494,08-30,+9.1%,+9.38%,0.5469,17,✓ Yes,completed
5,511,496,08-30,+9.0%,+9.32%,0.5466,17,✓ Yes,completed
5,511,497,08-30,+8.8%,+9.15%,0.5458,17,✓ Yes,completed
5,511,499,08-30,+8.8%,+9.10%,0.5455,17,✓ Yes,completed
5,511,500,08-30,+8.6%,+8.95%,0.5448,17,✓ Yes,completed
5,511,502,08-30,+8.5%,+8.85%,0.5442,17,✓ Yes,completed
5,511,503,08-30,+8.3%,+8.68%,0.5434,18,✓ Yes,completed
5,511,505,08-30,+8.3%,+8.68%,0.5434,18,✓ Yes,completed
5,511,506,08-30,+8.2%,+8.58%,0.5429,18,✓ Yes,completed
5,511,508,08-30,+8.1%,+8.54%,0.5427,18,✓ Yes,completed
5,511,510,08-30,+7.7%,+8.19%,0.5409,20,✓ Yes,completed
5,511,511,08-30,+7.6%,+8.03%,0.5402,26,✓ Yes,completed
5,513,485,08-30,+9.6%,+9.86%,0.5493,16,✓ Yes,completed
5,513,487,08-30,+9.6%,+9.81%,0.5490,16,✓ Yes,completed
5,513,488,08-30,+9.5%,+9.74%,0.5487,16,✓ Yes,completed
5,513,490,08-30,+9.5%,+9.71%,0.5486,16,✓ Yes,completed
5,513,491,08-30,+9.4%,+9.61%,0.5481,16,✓ Yes,completed
5,513,493,08-30,+9.2%,+9.44%,0.5472,17,✓ Yes,completed
5,513,494,08-30,+9.0%,+9.34%,0.5467,17,✓ Yes,completed
5,513,496,08-30,+9.0%,+9.27%,0.5464,17,✓ Yes,completed
5,513,497,08-30,+8.8%,+9.11%,0.5456,17,✓ Yes,completed
5,513,499,08-30,+8.7%,+9.06%,0.5453,17,✓ Yes,completed
5,513,500,08-30,+8.6%,+8.92%,0.5446,17,✓ Yes,completed
5,513,502,08-30,+8.4%,+8.81%,0.5441,17,✓ Yes,completed
5,513,503,08-30,+8.2%,+8.63%,0.5431,18,✓ Yes,completed
5,513,505,08-30,+8.2%,+8.62%,0.5431,18,✓ Yes,completed
5,513,507,08-30,+8.1%,+8.52%,0.5426,18,✓ Yes,completed
5,513,508,08-30,+7.7%,+8.17%,0.5408,19,✓ Yes,completed
5,513,510,08-30,+7.7%,+8.11%,0.5406,19,✓ Yes,completed
5,513,511,08-30,+7.5%,+7.94%,0.5397,23,✓ Yes,completed
5,513,513,08-30,+7.4%,+7.77%,0.5388,31,✓ Yes,completed
5,514,485,08-30,+8.4%,+8.77%,0.5439,13,✓ Yes,completed
5,514,487,08-30,+8.4%,+8.73%,0.5437,13,✓ Yes,completed
5,514,488,08-30,+8.3%,+8.69%,0.5435,13,✓ Yes,completed
5,514,490,08-30,+8.3%,+8.66%,0.5433,13,✓ Yes,completed
5,514,491,08-30,+8.2%,+8.58%,0.5429,13,✓ Yes,completed
5,514,493,08-30,+8.0%,+8.43%,0.5421,14,✓ Yes,completed
5,514,494,08-30,+7.9%,+8.38%,0.5419,14,✓ Yes,completed
5,514,496,08-30,+7.9%,+8.34%,0.5417,14,✓ Yes,completed
5,514,497,08-30,+7.8%,+8.27%,0.5413,14,✓ Yes,completed
5,514,499,08-30,+7.8%,+8.21%,0.5411,14,✓ Yes,completed
5,514,500,08-30,+7.6%,+8.11%,0.5405,14,✓ Yes,completed
5,514,502,08-30,+7.5%,+8.01%,0.5400,14,✓ Yes,completed
5,514,504,08-30,+7.4%,+7.92%,0.5396,14,✓ Yes,completed
5,514,505,08-30,+7.4%,+7.89%,0.5395,14,✓ Yes,completed
5,514,507,08-30,+7.4%,+7.83%,0.5392,14,✓ Yes,completed
5,514,508,08-30,+7.2%,+7.65%,0.5382,14,✓ Yes,completed
5,514,510,08-30,+7.1%,+7.59%,0.5380,14,✓ Yes,completed
5,514,511,08-30,+7.0%,+7.46%,0.5373,16,✓ Yes,completed
5,514,513,08-30,+6.9%,+7.34%,0.5367,18,✓ Yes,completed
5,514,514,08-30,+6.8%,+7.22%,0.5361,21,✓ Yes,completed
5,516,485,08-30,+8.4%,+8.75%,0.5437,13,✓ Yes,completed
5,516,487,08-30,+8.3%,+8.71%,0.5435,13,✓ Yes,completed
5,516,488,08-30,+8.3%,+8.66%,0.5433,13,✓ Yes,completed
5,516,490,08-30,+8.2%,+8.64%,0.5432,13,✓ Yes,completed
5,516,491,08-30,+8.1%,+8.55%,0.5428,13,✓ Yes,completed
5,516,493,08-30,+8.0%,+8.40%,0.5420,14,✓ Yes,completed
5,516,494,08-30,+7.9%,+8.34%,0.5417,14,✓ Yes,completed
5,516,496,08-30,+7.9%,+8.31%,0.5415,14,✓ Yes,completed
5,516,497,08-30,+7.8%,+8.24%,0.5412,14,✓ Yes,completed
5,516,499,08-30,+7.7%,+8.18%,0.5409,14,✓ Yes,completed
5,516,501,08-30,+7.6%,+8.08%,0.5404,14,✓ Yes,completed
5,516,502,08-30,+7.4%,+7.91%,0.5395,14,✓ Yes,completed
5,516,504,08-30,+7.4%,+7.88%,0.5394,14,✓ Yes,completed
5,516,505,08-30,+7.4%,+7.86%,0.5393,14,✓ Yes,completed
5,516,507,08-30,+7.3%,+7.80%,0.5390,14,✓ Yes,completed
5,516,508,08-30,+7.1%,+7.61%,0.5381,14,✓ Yes,completed
5,516,510,08-30,+7.1%,+7.56%,0.5378,14,✓ Yes,completed
5,516,511,08-30,+7.0%,+7.41%,0.5370,16,✓ Yes,completed
5,516,513,08-30,+6.8%,+7.28%,0.5364,18,✓ Yes,completed
5,516,514,08-30,+6.7%,+7.15%,0.5357,20,✓ Yes,completed
5,516,516,08-30,+6.7%,+7.07%,0.5353,22,✓ Yes,completed
5,518,485,08-30,+8.1%,+8.51%,0.5425,13,✓ Yes,completed
5,518,487,08-30,+8.0%,+8.46%,0.5423,13,✓ Yes,completed
5,518,488,08-30,+8.0%,+8.41%,0.5420,13,✓ Yes,completed
5,518,490,08-30,+7.9%,+8.37%,0.5419,13,✓ Yes,completed
5,518,491,08-30,+7.8%,+8.28%,0.5414,13,✓ Yes,completed
5,518,493,08-30,+7.7%,+8.12%,0.5406,14,✓ Yes,completed
5,518,494,08-30,+7.6%,+8.07%,0.5403,14,✓ Yes,completed
5,518,496,08-30,+7.6%,+8.03%,0.5402,14,✓ Yes,completed
5,518,497,08-30,+7.5%,+7.97%,0.5398,14,✓ Yes,completed
5,518,499,08-30,+7.4%,+7.91%,0.5396,14,✓ Yes,completed
5,518,501,08-30,+7.3%,+7.80%,0.5390,14,✓ Yes,completed
5,518,502,08-30,+7.2%,+7.61%,0.5381,14,✓ Yes,completed
5,518,504,08-30,+7.1%,+7.59%,0.5379,14,✓ Yes,completed
5,518,505,08-30,+7.1%,+7.56%,0.5378,14,✓ Yes,completed
5,518,507,08-30,+7.0%,+7.50%,0.5375,14,✓ Yes,completed
5,518,508,08-30,+6.9%,+7.31%,0.5366,14,✓ Yes,completed
5,518,510,08-30,+6.8%,+7.26%,0.5363,14,✓ Yes,completed
5,518,511,08-30,+6.6%,+7.08%,0.5354,15,✓ Yes,completed
5,518,513,08-30,+6.6%,+6.99%,0.5350,15,✓ Yes,completed
5,518,514,08-30,+6.4%,+6.87%,0.5343,15,✓ Yes,completed
5,518,516,08-30,+6.4%,+6.80%,0.5340,16,✓ Yes,completed
5,518,518,08-30,+6.2%,+6.54%,0.5327,23,✓ Yes,completed
5,503,485,08-31,+10.0%,+31.52%,0.6576,15,✗ No,budget_exceeded
5,503,487,08-31,+10.0%,+31.46%,0.6573,15,✗ No,budget_exceeded
5,503,488,08-31,+10.0%,+31.38%,0.6569,15,✗ No,budget_exceeded
5,503,490,08-31,+10.0%,+31.32%,0.6566,15,✗ No,budget_exceeded
5,503,492,08-31,+10.0%,+31.12%,0.6556,15,✗ No,budget_exceeded
5,503,493,08-31,+10.0%,+24.74%,0.6237,17,✗ No,budget_exceeded
5,503,495,08-31,+10.0%,+23.99%,0.6200,18,✗ No,budget_exceeded
5,503,496,08-31,+10.0%,+23.84%,0.6192,18,✗ No,budget_exceeded
5,503,498,08-31,+10.0%,+17.20%,0.5860,21,✗ No,budget_exceeded
5,503,500,08-31,+10.0%,+17.02%,0.5851,22,✗ No,budget_exceeded
5,503,501,08-31,+10.0%,+16.66%,0.5833,24,✗ No,budget_exceeded
5,503,503,08-31,+10.0%,+10.01%,0.5501,29,✓ Yes,completed
5,505,485,08-31,+10.0%,+31.27%,0.6564,15,✗ No,budget_exceeded
5,505,487,08-31,+10.0%,+31.21%,0.6561,15,✗ No,budget_exceeded
5,505,488,08-31,+10.0%,+31.13%,0.6556,15,✗ No,budget_exceeded
5,505,490,08-31,+10.0%,+31.07%,0.6553,15,✗ No,budget_exceeded
5,505,492,08-31,+10.0%,+24.85%,0.6242,16,✗ No,budget_exceeded
5,505,493,08-31,+10.0%,+23.81%,0.6190,18,✗ No,budget_exceeded
5,505,495,08-31,+10.0%,+23.71%,0.6186,18,✗ No,budget_exceeded
5,505,496,08-31,+10.0%,+17.21%,0.5861,19,✗ No,budget_exceeded
5,505,498,08-31,+10.0%,+16.84%,0.5842,21,✗ No,budget_exceeded
5,505,500,08-31,+10.0%,+16.63%,0.5831,22,✗ No,budget_exceeded
5,505,501,08-31,+9.9%,+9.99%,0.5500,22,✓ Yes,completed
5,505,503,08-31,+9.7%,+9.86%,0.5493,25,✓ Yes,completed
5,505,505,08-31,+9.5%,+9.72%,0.5486,27,✓ Yes,completed
5,506,485,08-31,+10.0%,+24.87%,0.6243,16,✗ No,budget_exceeded
5,506,487,08-31,+10.0%,+24.81%,0.6240,16,✗ No,budget_exceeded
5,506,488,08-31,+10.0%,+24.69%,0.6235,16,✗ No,budget_exceeded
5,506,490,08-31,+10.0%,+23.98%,0.6199,17,✗ No,budget_exceeded
5,506,492,08-31,+10.0%,+23.79%,0.6189,17,✗ No,budget_exceeded
5,506,493,08-31,+10.0%,+17.05%,0.5852,19,✗ No,budget_exceeded
5,506,495,08-31,+10.0%,+16.95%,0.5847,19,✗ No,budget_exceeded
5,506,496,08-31,+10.0%,+16.80%,0.5840,19,✗ No,budget_exceeded
5,506,498,08-31,+9.8%,+9.96%,0.5498,20,✓ Yes,completed
5,506,500,08-31,+9.7%,+9.90%,0.5495,20,✓ Yes,completed
5,506,501,08-31,+9.5%,+9.74%,0.5487,20,✓ Yes,completed
5,506,503,08-31,+9.3%,+9.64%,0.5482,21,✓ Yes,completed
5,506,505,08-31,+9.2%,+9.59%,0.5479,21,✓ Yes,completed
5,506,506,08-31,+9.1%,+9.42%,0.5471,28,✓ Yes,completed
5,508,485,08-31,+10.0%,+24.74%,0.6237,16,✗ No,budget_exceeded
5,508,487,08-31,+10.0%,+24.69%,0.6234,16,✗ No,budget_exceeded
5,508,488,08-31,+10.0%,+23.92%,0.6196,17,✗ No,budget_exceeded
5,508,490,08-31,+10.0%,+23.86%,0.6193,17,✗ No,budget_exceeded
5,508,491,08-31,+10.0%,+17.32%,0.5866,18,✗ No,budget_exceeded
5,508,493,08-31,+10.0%,+17.03%,0.5852,19,✗ No,budget_exceeded
5,508,494,08-31,+10.0%,+16.83%,0.5841,19,✗ No,budget_exceeded
5,508,496,08-31,+10.0%,+16.72%,0.5836,19,✗ No,budget_exceeded
5,508,497,08-31,+10.0%,+10.05%,0.5503,19,✓ Yes,completed
5,508,499,08-31,+9.7%,+9.89%,0.5494,20,✓ Yes,completed
5,508,500,08-31,+9.5%,+9.76%,0.5488,20,✓ Yes,completed
5,508,502,08-31,+9.4%,+9.68%,0.5484,20,✓ Yes,completed
5,508,503,08-31,+9.2%,+9.53%,0.5477,21,✓ Yes,completed
5,508,505,08-31,+9.1%,+9.52%,0.5476,21,✓ Yes,completed
5,508,506,08-31,+8.9%,+9.31%,0.5466,22,✓ Yes,completed
5,508,508,08-31,+8.8%,+9.21%,0.5460,26,✓ Yes,completed
5,509,485,08-31,+10.0%,+17.26%,0.5863,17,✗ No,budget_exceeded
5,509,487,08-31,+10.0%,+17.17%,0.5859,17,✗ No,budget_exceeded
5,509,488,08-31,+10.0%,+17.06%,0.5853,17,✗ No,budget_exceeded
5,509,490,08-31,+10.0%,+17.00%,0.5850,17,✗ No,budget_exceeded
5,509,491,08-31,+10.0%,+16.78%,0.5839,17,✗ No,budget_exceeded
5,509,493,08-31,+10.0%,+16.49%,0.5825,18,✗ No,budget_exceeded
5,509,494,08-31,+9.9%,+10.02%,0.5501,18,✓ Yes,completed
5,509,496,08-31,+9.8%,+9.98%,0.5499,18,✓ Yes,completed
5,509,497,08-31,+9.6%,+9.85%,0.5492,18,✓ Yes,completed
5,509,499,08-31,+9.4%,+9.66%,0.5483,19,✓ Yes,completed
5,509,500,08-31,+9.2%,+9.55%,0.5477,19,✓ Yes,completed
5,509,502,08-31,+9.0%,+9.45%,0.5472,19,✓ Yes,completed
5,509,503,08-31,+8.8%,+9.24%,0.5462,20,✓ Yes,completed
5,509,505,08-31,+8.8%,+9.23%,0.5461,20,✓ Yes,completed
5,509,506,08-31,+8.6%,+9.03%,0.5452,20,✓ Yes,completed
5,509,508,08-31,+8.5%,+8.98%,0.5449,20,✓ Yes,completed
5,509,509,08-31,+8.1%,+8.63%,0.5432,28,✓ Yes,completed
5,511,485,08-31,+9.7%,+9.86%,0.5493,16,✓ Yes,completed
5,511,487,08-31,+9.6%,+9.82%,0.5491,16,✓ Yes,completed
5,511,488,08-31,+9.6%,+9.77%,0.5488,16,✓ Yes,completed
5,511,490,08-31,+9.5%,+9.74%,0.5487,16,✓ Yes,completed
5,511,491,08-31,+9.4%,+9.68%,0.5484,16,✓ Yes,completed
5,511,493,08-31,+9.2%,+9.57%,0.5478,17,✓ Yes,completed
5,511,494,08-31,+9.1%,+9.48%,0.5474,17,✓ Yes,completed
5,511,496,08-31,+9.0%,+9.42%,0.5471,17,✓ Yes,completed
5,511,497,08-31,+8.8%,+9.26%,0.5463,17,✓ Yes,completed
5,511,499,08-31,+8.8%,+9.21%,0.5461,17,✓ Yes,completed
5,511,500,08-31,+8.6%,+9.08%,0.5454,17,✓ Yes,completed
5,511,502,08-31,+8.5%,+8.98%,0.5449,17,✓ Yes,completed
5,511,503,08-31,+8.3%,+8.81%,0.5440,18,✓ Yes,completed
5,511,505,08-31,+8.3%,+8.80%,0.5440,18,✓ Yes,completed
5,511,506,08-31,+8.2%,+8.71%,0.5435,18,✓ Yes,completed
5,511,508,08-31,+8.1%,+8.67%,0.5433,18,✓ Yes,completed
5,511,510,08-31,+7.7%,+8.32%,0.5416,20,✓ Yes,completed
5,511,511,08-31,+7.6%,+8.17%,0.5408,26,✓ Yes,completed
5,513,485,08-31,+9.6%,+9.83%,0.5491,16,✓ Yes,completed
5,513,487,08-31,+9.6%,+9.79%,0.5489,16,✓ Yes,completed
5,513,488,08-31,+9.5%,+9.74%,0.5487,16,✓ Yes,completed
5,513,490,08-31,+9.5%,+9.71%,0.5486,16,✓ Yes,completed
5,513,491,08-31,+9.4%,+9.65%,0.5483,16,✓ Yes,completed
5,513,493,08-31,+9.2%,+9.53%,0.5477,17,✓ Yes,completed
5,513,494,08-31,+9.0%,+9.44%,0.5472,17,✓ Yes,completed
5,513,496,08-31,+9.0%,+9.38%,0.5469,17,✓ Yes,completed
5,513,497,08-31,+8.8%,+9.22%,0.5461,17,✓ Yes,completed
5,513,499,08-31,+8.7%,+9.17%,0.5459,17,✓ Yes,completed
5,513,500,08-31,+8.6%,+9.04%,0.5452,17,✓ Yes,completed
5,513,502,08-31,+8.4%,+8.94%,0.5447,17,✓ Yes,completed
5,513,503,08-31,+8.2%,+8.75%,0.5438,18,✓ Yes,completed
5,513,505,08-31,+8.2%,+8.75%,0.5437,18,✓ Yes,completed
5,513,507,08-31,+8.1%,+8.65%,0.5432,18,✓ Yes,completed
5,513,508,08-31,+7.7%,+8.30%,0.5415,19,✓ Yes,completed
5,513,510,08-31,+7.7%,+8.24%,0.5412,19,✓ Yes,completed
5,513,511,08-31,+7.5%,+8.08%,0.5404,23,✓ Yes,completed
5,513,513,08-31,+7.4%,+7.92%,0.5396,31,✓ Yes,completed
5,514,485,08-31,+8.4%,+8.90%,0.5445,13,✓ Yes,completed
5,514,487,08-31,+8.4%,+8.86%,0.5443,13,✓ Yes,completed
5,514,488,08-31,+8.3%,+8.82%,0.5441,13,✓ Yes,completed
5,514,490,08-31,+8.3%,+8.79%,0.5439,13,✓ Yes,completed
5,514,491,08-31,+8.2%,+8.71%,0.5435,13,✓ Yes,completed
5,514,493,08-31,+8.0%,+8.55%,0.5428,14,✓ Yes,completed
5,514,494,08-31,+7.9%,+8.50%,0.5425,14,✓ Yes,completed
5,514,496,08-31,+7.9%,+8.46%,0.5423,14,✓ Yes,completed
5,514,497,08-31,+7.8%,+8.39%,0.5420,14,✓ Yes,completed
5,514,499,08-31,+7.8%,+8.34%,0.5417,14,✓ Yes,completed
5,514,500,08-31,+7.6%,+8.24%,0.5412,14,✓ Yes,completed
5,514,502,08-31,+7.5%,+8.14%,0.5407,14,✓ Yes,completed
5,514,504,08-31,+7.4%,+8.06%,0.5403,14,✓ Yes,completed
5,514,505,08-31,+7.4%,+8.04%,0.5402,14,✓ Yes,completed
5,514,507,08-31,+7.4%,+7.98%,0.5399,14,✓ Yes,completed
5,514,508,08-31,+7.2%,+7.81%,0.5391,14,✓ Yes,completed
5,514,510,08-31,+7.1%,+7.77%,0.5388,14,✓ Yes,completed
5,514,511,08-31,+7.0%,+7.65%,0.5382,16,✓ Yes,completed
5,514,513,08-31,+6.9%,+7.53%,0.5377,18,✓ Yes,completed
5,514,514,08-31,+6.8%,+7.43%,0.5371,21,✓ Yes,completed
5,516,485,08-31,+8.4%,+8.88%,0.5444,13,✓ Yes,completed
5,516,487,08-31,+8.3%,+8.83%,0.5442,13,✓ Yes,completed
5,516,488,08-31,+8.3%,+8.79%,0.5440,13,✓ Yes,completed
5,516,490,08-31,+8.2%,+8.76%,0.5438,13,✓ Yes,completed
5,516,491,08-31,+8.1%,+8.68%,0.5434,13,✓ Yes,completed
5,516,493,08-31,+8.0%,+8.52%,0.5426,14,✓ Yes,completed
5,516,494,08-31,+7.9%,+8.47%,0.5423,14,✓ Yes,completed
5,516,496,08-31,+7.9%,+8.43%,0.5422,14,✓ Yes,completed
5,516,497,08-31,+7.8%,+8.36%,0.5418,14,✓ Yes,completed
5,516,499,08-31,+7.7%,+8.31%,0.5416,14,✓ Yes,completed
5,516,501,08-31,+7.6%,+8.21%,0.5410,14,✓ Yes,completed
5,516,502,08-31,+7.4%,+8.05%,0.5403,14,✓ Yes,completed
5,516,504,08-31,+7.4%,+8.03%,0.5402,14,✓ Yes,completed
5,516,505,08-31,+7.4%,+8.01%,0.5400,14,✓ Yes,completed
5,516,507,08-31,+7.3%,+7.95%,0.5398,14,✓ Yes,completed
5,516,508,08-31,+7.1%,+7.78%,0.5389,14,✓ Yes,completed
5,516,510,08-31,+7.1%,+7.74%,0.5387,14,✓ Yes,completed
5,516,511,08-31,+7.0%,+7.60%,0.5380,16,✓ Yes,completed
5,516,513,08-31,+6.8%,+7.48%,0.5374,18,✓ Yes,completed
5,516,514,08-31,+6.7%,+7.37%,0.5368,20,✓ Yes,completed
5,516,516,08-31,+6.7%,+7.30%,0.5365,22,✓ Yes,completed
5,518,485,08-31,+8.1%,+8.63%,0.5432,13,✓ Yes,completed
5,518,487,08-31,+8.0%,+8.58%,0.5429,13,✓ Yes,completed
5,518,488,08-31,+8.0%,+8.53%,0.5427,13,✓ Yes,completed
5,518,490,08-31,+7.9%,+8.50%,0.5425,13,✓ Yes,completed
5,518,491,08-31,+7.8%,+8.40%,0.5420,13,✓ Yes,completed
5,518,493,08-31,+7.7%,+8.25%,0.5413,14,✓ Yes,completed
5,518,494,08-31,+7.6%,+8.20%,0.5410,14,✓ Yes,completed
5,518,496,08-31,+7.6%,+8.17%,0.5408,14,✓ Yes,completed
5,518,497,08-31,+7.5%,+8.10%,0.5405,14,✓ Yes,completed
5,518,499,08-31,+7.4%,+8.05%,0.5403,14,✓ Yes,completed
5,518,501,08-31,+7.3%,+7.95%,0.5397,14,✓ Yes,completed
5,518,502,08-31,+7.2%,+7.78%,0.5389,14,✓ Yes,completed
5,518,504,08-31,+7.1%,+7.76%,0.5388,14,✓ Yes,completed
5,518,505,08-31,+7.1%,+7.73%,0.5387,14,✓ Yes,completed
5,518,507,08-31,+7.0%,+7.68%,0.5384,14,✓ Yes,completed
5,518,508,08-31,+6.9%,+7.51%,0.5376,14,✓ Yes,completed
5,518,510,08-31,+6.8%,+7.47%,0.5373,14,✓ Yes,completed
5,518,511,08-31,+6.6%,+7.32%,0.5366,15,✓ Yes,completed
5,518,513,08-31,+6.6%,+7.24%,0.5362,15,✓ Yes,completed
5,518,514,08-31,+6.4%,+7.15%,0.5357,15,✓ Yes,completed
5,518,516,08-31,+6.4%,+7.10%,0.5355,16,✓ Yes,completed
5,518,518,08-31,+6.2%,+6.87%,0.5344,23,✓ Yes,completed
5,503,485,09-01,+10.0%,+32.51%,0.6625,15,✗ No,budget_exceeded
5,503,487,09-01,+10.0%,+32.45%,0.6622,15,✗ No,budget_exceeded
5,503,488,09-01,+10.0%,+32.36%,0.6618,15,✗ No,budget_exceeded
5,503,490,09-01,+10.0%,+32.30%,0.6615,15,✗ No,budget_exceeded
5,503,492,09-01,+10.0%,+32.11%,0.6605,15,✗ No,budget_exceeded
5,503,493,09-01,+10.0%,+25.68%,0.6284,17,✗ No,budget_exceeded
5,503,495,09-01,+10.0%,+24.93%,0.6247,18,✗ No,budget_exceeded
5,503,496,09-01,+10.0%,+24.78%,0.6239,18,✗ No,budget_exceeded
5,503,498,09-01,+10.0%,+18.11%,0.5905,21,✗ No,budget_exceeded
5,503,500,09-01,+10.0%,+17.92%,0.5896,22,✗ No,budget_exceeded
5,503,501,09-01,+10.0%,+17.56%,0.5878,24,✗ No,budget_exceeded
5,503,503,09-01,+10.0%,+9.42%,0.5471,29,✓ Yes,completed
5,505,485,09-01,+10.0%,+32.26%,0.6613,15,✗ No,budget_exceeded
5,505,487,09-01,+10.0%,+32.20%,0.6610,15,✗ No,budget_exceeded
5,505,488,09-01,+10.0%,+32.11%,0.6605,15,✗ No,budget_exceeded
5,505,490,09-01,+10.0%,+32.05%,0.6603,15,✗ No,budget_exceeded
5,505,492,09-01,+10.0%,+25.79%,0.6290,16,✗ No,budget_exceeded
5,505,493,09-01,+10.0%,+24.75%,0.6237,18,✗ No,budget_exceeded
5,505,495,09-01,+10.0%,+24.65%,0.6233,18,✗ No,budget_exceeded
5,505,496,09-01,+10.0%,+18.11%,0.5906,19,✗ No,budget_exceeded
5,505,498,09-01,+10.0%,+17.74%,0.5887,21,✗ No,budget_exceeded
5,505,500,09-01,+10.0%,+17.53%,0.5876,22,✗ No,budget_exceeded
5,505,501,09-01,+9.9%,+9.36%,0.5468,22,✓ Yes,completed
5,505,503,09-01,+9.7%,+9.19%,0.5459,25,✓ Yes,completed
5,505,505,09-01,+9.5%,+9.03%,0.5451,27,✓ Yes,completed
5,506,485,09-01,+10.0%,+25.81%,0.6291,16,✗ No,budget_exceeded
5,506,487,09-01,+10.0%,+25.75%,0.6288,16,✗ No,budget_exceeded
5,506,488,09-01,+10.0%,+25.64%,0.6282,16,✗ No,budget_exceeded
5,506,490,09-01,+10.0%,+24.92%,0.6246,17,✗ No,budget_exceeded
5,506,492,09-01,+10.0%,+24.73%,0.6236,17,✗ No,budget_exceeded
5,506,493,09-01,+10.0%,+17.95%,0.5897,19,✗ No,budget_exceeded
5,506,495,09-01,+10.0%,+17.85%,0.5892,19,✗ No,budget_exceeded
5,506,496,09-01,+10.0%,+17.70%,0.5885,19,✗ No,budget_exceeded
5,506,498,09-01,+9.8%,+9.30%,0.5465,20,✓ Yes,completed
5,506,500,09-01,+9.7%,+9.23%,0.5461,20,✓ Yes,completed
5,506,501,09-01,+9.5%,+9.04%,0.5452,20,✓ Yes,completed
5,506,503,09-01,+9.3%,+8.91%,0.5446,21,✓ Yes,completed
5,506,505,09-01,+9.2%,+8.84%,0.5442,21,✓ Yes,completed
5,506,506,09-01,+9.1%,+8.67%,0.5433,28,✓ Yes,completed
5,508,485,09-01,+10.0%,+25.69%,0.6285,16,✗ No,budget_exceeded
5,508,487,09-01,+10.0%,+25.63%,0.6282,16,✗ No,budget_exceeded
5,508,488,09-01,+10.0%,+24.86%,0.6243,17,✗ No,budget_exceeded
5,508,490,09-01,+10.0%,+24.80%,0.6240,17,✗ No,budget_exceeded
5,508,491,09-01,+10.0%,+18.23%,0.5911,18,✗ No,budget_exceeded
5,508,493,09-01,+10.0%,+17.93%,0.5897,19,✗ No,budget_exceeded
5,508,494,09-01,+10.0%,+17.73%,0.5886,19,✗ No,budget_exceeded
5,508,496,09-01,+10.0%,+17.62%,0.5881,19,✗ No,budget_exceeded
5,508,497,09-01,+10.0%,+9.46%,0.5473,19,✓ Yes,completed
5,508,499,09-01,+9.7%,+9.21%,0.5461,20,✓ Yes,completed
5,508,500,09-01,+9.5%,+9.06%,0.5453,20,✓ Yes,completed
5,508,502,09-01,+9.4%,+8.97%,0.5448,20,✓ Yes,completed
5,508,503,09-01,+9.2%,+8.78%,0.5439,21,✓ Yes,completed
5,508,505,09-01,+9.1%,+8.76%,0.5438,21,✓ Yes,completed
5,508,506,09-01,+8.9%,+8.59%,0.5429,22,✓ Yes,completed
5,508,508,09-01,+8.8%,+8.51%,0.5426,26,✓ Yes,completed
5,509,485,09-01,+10.0%,+18.16%,0.5908,17,✗ No,budget_exceeded
5,509,487,09-01,+10.0%,+18.08%,0.5904,17,✗ No,budget_exceeded
5,509,488,09-01,+10.0%,+17.96%,0.5898,17,✗ No,budget_exceeded
5,509,490,09-01,+10.0%,+17.90%,0.5895,17,✗ No,budget_exceeded
5,509,491,09-01,+10.0%,+17.68%,0.5884,17,✗ No,budget_exceeded
5,509,493,09-01,+10.0%,+17.39%,0.5869,18,✗ No,budget_exceeded
5,509,494,09-01,+9.9%,+9.39%,0.5470,18,✓ Yes,completed
5,509,496,09-01,+9.8%,+9.33%,0.5467,18,✓ Yes,completed
5,509,497,09-01,+9.6%,+9.17%,0.5458,18,✓ Yes,completed
5,509,499,09-01,+9.4%,+8.94%,0.5447,19,✓ Yes,completed
5,509,500,09-01,+9.2%,+8.79%,0.5440,19,✓ Yes,completed
5,509,502,09-01,+9.0%,+8.70%,0.5435,19,✓ Yes,completed
5,509,503,09-01,+8.8%,+8.54%,0.5427,20,✓ Yes,completed
5,509,505,09-01,+8.8%,+8.53%,0.5427,20,✓ Yes,completed
5,509,506,09-01,+8.6%,+8.43%,0.5421,20,✓ Yes,completed
5,509,508,09-01,+8.5%,+8.40%,0.5420,20,✓ Yes,completed
5,509,509,09-01,+8.1%,+8.22%,0.5411,28,✓ Yes,completed
5,511,485,09-01,+9.7%,+9.19%,0.5460,16,✓ Yes,completed
5,511,487,09-01,+9.6%,+9.14%,0.5457,16,✓ Yes,completed
5,511,488,09-01,+9.6%,+9.08%,0.5454,16,✓ Yes,completed
5,511,490,09-01,+9.5%,+9.05%,0.5452,16,✓ Yes,completed
5,511,491,09-01,+9.4%,+8.96%,0.5448,16,✓ Yes,completed
5,511,493,09-01,+9.2%,+8.82%,0.5441,17,✓ Yes,completed
5,511,494,09-01,+9.1%,+8.73%,0.5436,17,✓ Yes,completed
5,511,496,09-01,+9.0%,+8.68%,0.5434,17,✓ Yes,completed
5,511,497,09-01,+8.8%,+8.56%,0.5428,17,✓ Yes,completed
5,511,499,09-01,+8.8%,+8.53%,0.5426,17,✓ Yes,completed
5,511,500,09-01,+8.6%,+8.45%,0.5423,17,✓ Yes,completed
5,511,502,09-01,+8.5%,+8.40%,0.5420,17,✓ Yes,completed
5,511,503,09-01,+8.3%,+8.31%,0.5416,18,✓ Yes,completed
5,511,505,09-01,+8.3%,+8.31%,0.5415,18,✓ Yes,completed
5,511,506,09-01,+8.2%,+8.27%,0.5414,18,✓ Yes,completed
5,511,508,09-01,+8.1%,+8.26%,0.5413,18,✓ Yes,completed
5,511,510,09-01,+7.7%,+8.01%,0.5400,20,✓ Yes,completed
5,511,511,09-01,+7.6%,+7.88%,0.5394,26,✓ Yes,completed
5,513,485,09-01,+9.6%,+9.15%,0.5457,16,✓ Yes,completed
5,513,487,09-01,+9.6%,+9.10%,0.5455,16,✓ Yes,completed
5,513,488,09-01,+9.5%,+9.04%,0.5452,16,✓ Yes,completed
5,513,490,09-01,+9.5%,+9.01%,0.5451,16,✓ Yes,completed
5,513,491,09-01,+9.4%,+8.93%,0.5446,16,✓ Yes,completed
5,513,493,09-01,+9.2%,+8.78%,0.5439,17,✓ Yes,completed
5,513,494,09-01,+9.0%,+8.69%,0.5435,17,✓ Yes,completed
5,513,496,09-01,+9.0%,+8.64%,0.5432,17,✓ Yes,completed
5,513,497,09-01,+8.8%,+8.53%,0.5427,17,✓ Yes,completed
5,513,499,09-01,+8.7%,+8.50%,0.5425,17,✓ Yes,completed
5,513,500,09-01,+8.6%,+8.43%,0.5422,17,✓ Yes,completed
5,513,502,09-01,+8.4%,+8.38%,0.5419,17,✓ Yes,completed
5,513,503,09-01,+8.2%,+8.29%,0.5414,18,✓ Yes,completed
5,513,505,09-01,+8.2%,+8.29%,0.5414,18,✓ Yes,completed
5,513,507,09-01,+8.1%,+8.25%,0.5412,18,✓ Yes,completed
5,513,508,09-01,+7.7%,+7.99%,0.5400,19,✓ Yes,completed
5,513,510,09-01,+7.7%,+7.95%,0.5397,19,✓ Yes,completed
5,513,511,09-01,+7.5%,+7.83%,0.5392,23,✓ Yes,completed
5,513,513,09-01,+7.4%,+7.71%,0.5386,31,✓ Yes,completed
5,514,485,09-01,+8.4%,+8.35%,0.5417,13,✓ Yes,completed
5,514,487,09-01,+8.4%,+8.33%,0.5416,13,✓ Yes,completed
5,514,488,09-01,+8.3%,+8.31%,0.5415,13,✓ Yes,completed
5,514,490,09-01,+8.3%,+8.30%,0.5415,13,✓ Yes,completed
5,514,491,09-01,+8.2%,+8.27%,0.5413,13,✓ Yes,completed
5,514,493,09-01,+8.0%,+8.19%,0.5410,14,✓ Yes,completed
5,514,494,09-01,+7.9%,+8.16%,0.5408,14,✓ Yes,completed
5,514,496,09-01,+7.9%,+8.13%,0.5406,14,✓ Yes,completed
5,514,497,09-01,+7.8%,+8.07%,0.5404,14,✓ Yes,completed
5,514,499,09-01,+7.8%,+8.03%,0.5402,14,✓ Yes,completed
5,514,500,09-01,+7.6%,+7.95%,0.5397,14,✓ Yes,completed
5,514,502,09-01,+7.5%,+7.89%,0.5394,14,✓ Yes,completed
5,514,504,09-01,+7.4%,+7.84%,0.5392,14,✓ Yes,completed
5,514,505,09-01,+7.4%,+7.82%,0.5391,14,✓ Yes,completed
5,514,507,09-01,+7.4%,+7.78%,0.5389,14,✓ Yes,completed
5,514,508,09-01,+7.2%,+7.63%,0.5382,14,✓ Yes,completed
5,514,510,09-01,+7.1%,+7.59%,0.5379,14,✓ Yes,completed
5,514,511,09-01,+7.0%,+7.47%,0.5373,16,✓ Yes,completed
5,514,513,09-01,+6.9%,+7.36%,0.5368,18,✓ Yes,completed
5,514,514,09-01,+6.8%,+7.26%,0.5363,21,✓ Yes,completed
5,516,485,09-01,+8.4%,+8.33%,0.5417,13,✓ Yes,completed
5,516,487,09-01,+8.3%,+8.31%,0.5416,13,✓ Yes,completed
5,516,488,09-01,+8.3%,+8.30%,0.5415,13,✓ Yes,completed
5,516,490,09-01,+8.2%,+8.29%,0.5414,13,✓ Yes,completed
5,516,491,09-01,+8.1%,+8.26%,0.5413,13,✓ Yes,completed
5,516,493,09-01,+8.0%,+8.17%,0.5409,14,✓ Yes,completed
5,516,494,09-01,+7.9%,+8.13%,0.5407,14,✓ Yes,completed
5,516,496,09-01,+7.9%,+8.11%,0.5405,14,✓ Yes,completed
5,516,497,09-01,+7.8%,+8.05%,0.5402,14,✓ Yes,completed
5,516,499,09-01,+7.7%,+8.00%,0.5400,14,✓ Yes,completed
5,516,501,09-01,+7.6%,+7.93%,0.5396,14,✓ Yes,completed
5,516,502,09-01,+7.4%,+7.83%,0.5392,14,✓ Yes,completed
5,516,504,09-01,+7.4%,+7.82%,0.5391,14,✓ Yes,completed
5,516,505,09-01,+7.4%,+7.80%,0.5390,14,✓ Yes,completed
5,516,507,09-01,+7.3%,+7.76%,0.5388,14,✓ Yes,completed
5,516,508,09-01,+7.1%,+7.60%,0.5380,14,✓ Yes,completed
5,516,510,09-01,+7.1%,+7.56%,0.5378,14,✓ Yes,completed
5,516,511,09-01,+7.0%,+7.42%,0.5371,16,✓ Yes,completed
5,516,513,09-01,+6.8%,+7.31%,0.5366,18,✓ Yes,completed
5,516,514,09-01,+6.7%,+7.21%,0.5360,20,✓ Yes,completed
5,516,516,09-01,+6.7%,+7.14%,0.5357,22,✓ Yes,completed
5,518,485,09-01,+8.1%,+8.23%,0.5411,13,✓ Yes,completed
5,518,487,09-01,+8.0%,+8.20%,0.5410,13,✓ Yes,completed
5,518,488,09-01,+8.0%,+8.17%,0.5409,13,✓ Yes,completed
5,518,490,09-01,+7.9%,+8.15%,0.5407,13,✓ Yes,completed
5,518,491,09-01,+7.8%,+8.08%,0.5404,13,✓ Yes,completed
5,518,493,09-01,+7.7%,+7.95%,0.5398,14,✓ Yes,completed
5,518,494,09-01,+7.6%,+7.92%,0.5396,14,✓ Yes,completed
5,518,496,09-01,+7.6%,+7.90%,0.5395,14,✓ Yes,completed
5,518,497,09-01,+7.5%,+7.86%,0.5393,14,✓ Yes,completed
5,518,499,09-01,+7.4%,+7.83%,0.5391,14,✓ Yes,completed
5,518,501,09-01,+7.3%,+7.75%,0.5388,14,✓ Yes,completed
5,518,502,09-01,+7.2%,+7.60%,0.5380,14,✓ Yes,completed
5,518,504,09-01,+7.1%,+7.58%,0.5379,14,✓ Yes,completed
5,518,505,09-01,+7.1%,+7.56%,0.5378,14,✓ Yes,completed
5,518,507,09-01,+7.0%,+7.50%,0.5375,14,✓ Yes,completed
5,518,508,09-01,+6.9%,+7.34%,0.5367,14,✓ Yes,completed
5,518,510,09-01,+6.8%,+7.30%,0.5365,14,✓ Yes,completed
5,518,511,09-01,+6.6%,+7.16%,0.5358,15,✓ Yes,completed
5,518,513,09-01,+6.6%,+7.08%,0.5354,15,✓ Yes,completed
5,518,514,09-01,+6.4%,+6.99%,0.5349,15,✓ Yes,completed
5,518,516,09-01,+6.4%,+6.93%,0.5347,16,✓ Yes,completed
5,518,518,09-01,+6.2%,+6.71%,0.5335,23,✓ Yes,completed
5,503,485,09-02,+10.0%,+33.69%,0.6684,15,✗ No,budget_exceeded
5,503,487,09-02,+10.0%,+33.63%,0.6681,15,✗ No,budget_exceeded
5,503,488,09-02,+10.0%,+33.54%,0.6677,15,✗ No,budget_exceeded
5,503,490,09-02,+10.0%,+33.48%,0.6674,15,✗ No,budget_exceeded
5,503,492,09-02,+10.0%,+33.28%,0.6664,15,✗ No,budget_exceeded
5,503,493,09-02,+10.0%,+26.78%,0.6339,17,✗ No,budget_exceeded
5,503,495,09-02,+10.0%,+26.02%,0.6301,18,✗ No,budget_exceeded
5,503,496,09-02,+10.0%,+25.87%,0.6293,18,✗ No,budget_exceeded
5,503,498,09-02,+10.0%,+19.10%,0.5955,21,✗ No,budget_exceeded
5,503,500,09-02,+10.0%,+18.92%,0.5946,22,✗ No,budget_exceeded
5,503,501,09-02,+10.0%,+18.55%,0.5928,24,✗ No,budget_exceeded
5,503,503,09-02,+10.0%,+8.38%,0.5419,29,✓ Yes,completed
5,505,485,09-02,+10.0%,+33.43%,0.6672,15,✗ No,budget_exceeded
5,505,487,09-02,+10.0%,+33.37%,0.6669,15,✗ No,budget_exceeded
5,505,488,09-02,+10.0%,+33.28%,0.6664,15,✗ No,budget_exceeded
5,505,490,09-02,+10.0%,+33.23%,0.6661,15,✗ No,budget_exceeded
5,505,492,09-02,+10.0%,+26.89%,0.6344,16,✗ No,budget_exceeded
5,505,493,09-02,+10.0%,+25.83%,0.6292,18,✗ No,budget_exceeded
5,505,495,09-02,+10.0%,+25.73%,0.6287,18,✗ No,budget_exceeded
5,505,496,09-02,+10.0%,+19.11%,0.5955,19,✗ No,budget_exceeded
5,505,498,09-02,+10.0%,+18.74%,0.5937,21,✗ No,budget_exceeded
5,505,500,09-02,+10.0%,+18.52%,0.5926,22,✗ No,budget_exceeded
5,505,501,09-02,+9.9%,+8.37%,0.5419,22,✓ Yes,completed
5,505,503,09-02,+9.7%,+8.26%,0.5413,25,✓ Yes,completed
5,505,505,09-02,+9.5%,+8.15%,0.5408,27,✓ Yes,completed
5,506,485,09-02,+10.0%,+26.91%,0.6345,16,✗ No,budget_exceeded
5,506,487,09-02,+10.0%,+26.85%,0.6342,16,✗ No,budget_exceeded
5,506,488,09-02,+10.0%,+26.73%,0.6336,16,✗ No,budget_exceeded
5,506,490,09-02,+10.0%,+26.01%,0.6300,17,✗ No,budget_exceeded
5,506,492,09-02,+10.0%,+25.81%,0.6290,17,✗ No,budget_exceeded
5,506,493,09-02,+10.0%,+18.94%,0.5947,19,✗ No,budget_exceeded
5,506,495,09-02,+10.0%,+18.84%,0.5942,19,✗ No,budget_exceeded
5,506,496,09-02,+10.0%,+18.69%,0.5934,19,✗ No,budget_exceeded
5,506,498,09-02,+9.8%,+8.34%,0.5417,20,✓ Yes,completed
5,506,500,09-02,+9.7%,+8.30%,0.5415,20,✓ Yes,completed
5,506,501,09-02,+9.5%,+8.17%,0.5408,20,✓ Yes,completed
5,506,503,09-02,+9.3%,+8.10%,0.5405,21,✓ Yes,completed
5,506,505,09-02,+9.2%,+8.08%,0.5404,21,✓ Yes,completed
5,506,506,09-02,+9.1%,+7.99%,0.5400,28,✓ Yes,completed
5,508,485,09-02,+10.0%,+26.78%,0.6339,16,✗ No,budget_exceeded
5,508,487,09-02,+10.0%,+26.72%,0.6336,16,✗ No,budget_exceeded
5,508,488,09-02,+10.0%,+25.94%,0.6297,17,✗ No,budget_exceeded
5,508,490,09-02,+10.0%,+25.88%,0.6294,17,✗ No,budget_exceeded
5,508,491,09-02,+10.0%,+19.22%,0.5961,18,✗ No,budget_exceeded
5,508,493,09-02,+10.0%,+18.93%,0.5946,19,✗ No,budget_exceeded
5,508,494,09-02,+10.0%,+18.72%,0.5936,19,✗ No,budget_exceeded
5,508,496,09-02,+10.0%,+18.61%,0.5930,19,✗ No,budget_exceeded
5,508,497,09-02,+10.0%,+8.42%,0.5421,19,✓ Yes,completed
5,508,499,09-02,+9.7%,+8.29%,0.5414,20,✓ Yes,completed
5,508,500,09-02,+9.5%,+8.18%,0.5409,20,✓ Yes,completed
5,508,502,09-02,+9.4%,+8.13%,0.5406,20,✓ Yes,completed
5,508,503,09-02,+9.2%,+8.05%,0.5403,21,✓ Yes,completed
5,508,505,09-02,+9.1%,+8.05%,0.5402,21,✓ Yes,completed
5,508,506,09-02,+8.9%,+7.97%,0.5398,22,✓ Yes,completed
5,508,508,09-02,+8.8%,+7.91%,0.5396,26,✓ Yes,completed
5,509,485,09-02,+10.0%,+19.16%,0.5958,17,✗ No,budget_exceeded
5,509,487,09-02,+10.0%,+19.07%,0.5954,17,✗ No,budget_exceeded
5,509,488,09-02,+10.0%,+18.95%,0.5948,17,✗ No,budget_exceeded
5,509,490,09-02,+10.0%,+18.89%,0.5945,17,✗ No,budget_exceeded
5,509,491,09-02,+10.0%,+18.67%,0.5934,17,✗ No,budget_exceeded
5,509,493,09-02,+10.0%,+18.38%,0.5919,18,✗ No,budget_exceeded
5,509,494,09-02,+9.9%,+8.39%,0.5420,18,✓ Yes,completed
5,509,496,09-02,+9.8%,+8.36%,0.5418,18,✓ Yes,completed
5,509,497,09-02,+9.6%,+8.26%,0.5413,18,✓ Yes,completed
5,509,499,09-02,+9.4%,+8.11%,0.5406,19,✓ Yes,completed
5,509,500,09-02,+9.2%,+8.06%,0.5403,19,✓ Yes,completed
5,509,502,09-02,+9.0%,+8.02%,0.5401,19,✓ Yes,completed
5,509,503,09-02,+8.8%,+7.95%,0.5397,20,✓ Yes,completed
5,509,505,09-02,+8.8%,+7.94%,0.5397,20,✓ Yes,completed
5,509,506,09-02,+8.6%,+7.86%,0.5393,20,✓ Yes,completed
5,509,508,09-02,+8.5%,+7.83%,0.5392,20,✓ Yes,completed
5,509,509,09-02,+8.1%,+7.62%,0.5381,28,✓ Yes,completed
5,511,485,09-02,+9.7%,+8.26%,0.5413,16,✓ Yes,completed
5,511,487,09-02,+9.6%,+8.23%,0.5412,16,✓ Yes,completed
5,511,488,09-02,+9.6%,+8.19%,0.5410,16,✓ Yes,completed
5,511,490,09-02,+9.5%,+8.17%,0.5409,16,✓ Yes,completed
5,511,491,09-02,+9.4%,+8.12%,0.5406,16,✓ Yes,completed
5,511,493,09-02,+9.2%,+8.07%,0.5403,17,✓ Yes,completed
5,511,494,09-02,+9.1%,+8.03%,0.5402,17,✓ Yes,completed
5,511,496,09-02,+9.0%,+8.01%,0.5401,17,✓ Yes,completed
5,511,497,09-02,+8.8%,+7.95%,0.5398,17,✓ Yes,completed
5,511,499,09-02,+8.8%,+7.93%,0.5397,17,✓ Yes,completed
5,511,500,09-02,+8.6%,+7.88%,0.5394,17,✓ Yes,completed
5,511,502,09-02,+8.5%,+7.84%,0.5392,17,✓ Yes,completed
5,511,503,09-02,+8.3%,+7.75%,0.5387,18,✓ Yes,completed
5,511,505,09-02,+8.3%,+7.74%,0.5387,18,✓ Yes,completed
5,511,506,09-02,+8.2%,+7.68%,0.5384,18,✓ Yes,completed
5,511,508,09-02,+8.1%,+7.65%,0.5383,18,✓ Yes,completed
5,511,510,09-02,+7.7%,+7.31%,0.5366,20,✓ Yes,completed
5,511,511,09-02,+7.6%,+7.17%,0.5359,26,✓ Yes,completed
5,513,485,09-02,+9.6%,+8.24%,0.5412,16,✓ Yes,completed
5,513,487,09-02,+9.6%,+8.20%,0.5410,16,✓ Yes,completed
5,513,488,09-02,+9.5%,+8.16%,0.5408,16,✓ Yes,completed
5,513,490,09-02,+9.5%,+8.15%,0.5407,16,✓ Yes,completed
5,513,491,09-02,+9.4%,+8.11%,0.5405,16,✓ Yes,completed
5,513,493,09-02,+9.2%,+8.05%,0.5403,17,✓ Yes,completed
5,513,494,09-02,+9.0%,+8.02%,0.5401,17,✓ Yes,completed
5,513,496,09-02,+9.0%,+8.00%,0.5400,17,✓ Yes,completed
5,513,497,09-02,+8.8%,+7.94%,0.5397,17,✓ Yes,completed
5,513,499,09-02,+8.7%,+7.92%,0.5396,17,✓ Yes,completed
5,513,500,09-02,+8.6%,+7.86%,0.5393,17,✓ Yes,completed
5,513,502,09-02,+8.4%,+7.82%,0.5391,17,✓ Yes,completed
5,513,503,09-02,+8.2%,+7.71%,0.5386,18,✓ Yes,completed
5,513,505,09-02,+8.2%,+7.71%,0.5386,18,✓ Yes,completed
5,513,507,09-02,+8.1%,+7.63%,0.5382,18,✓ Yes,completed
5,513,508,09-02,+7.7%,+7.29%,0.5365,19,✓ Yes,completed
5,513,510,09-02,+7.7%,+7.24%,0.5362,19,✓ Yes,completed
5,513,511,09-02,+7.5%,+7.10%,0.5355,23,✓ Yes,completed
5,513,513,09-02,+7.4%,+6.95%,0.5347,31,✓ Yes,completed
5,514,485,09-02,+8.4%,+7.79%,0.5389,13,✓ Yes,completed
5,514,487,09-02,+8.4%,+7.77%,0.5388,13,✓ Yes,completed
5,514,488,09-02,+8.3%,+7.75%,0.5387,13,✓ Yes,completed
5,514,490,09-02,+8.3%,+7.73%,0.5387,13,✓ Yes,completed
5,514,491,09-02,+8.2%,+7.68%,0.5384,13,✓ Yes,completed
5,514,493,09-02,+8.0%,+7.54%,0.5377,14,✓ Yes,completed
5,514,494,09-02,+7.9%,+7.49%,0.5374,14,✓ Yes,completed
5,514,496,09-02,+7.9%,+7.46%,0.5373,14,✓ Yes,completed
5,514,497,09-02,+7.8%,+7.39%,0.5369,14,✓ Yes,completed
5,514,499,09-02,+7.8%,+7.33%,0.5367,14,✓ Yes,completed
5,514,500,09-02,+7.6%,+7.24%,0.5362,14,✓ Yes,completed
5,514,502,09-02,+7.5%,+7.16%,0.5358,14,✓ Yes,completed
5,514,504,09-02,+7.4%,+7.09%,0.5354,14,✓ Yes,completed
5,514,505,09-02,+7.4%,+7.07%,0.5353,14,✓ Yes,completed
5,514,507,09-02,+7.4%,+7.02%,0.5351,14,✓ Yes,completed
5,514,508,09-02,+7.2%,+6.87%,0.5344,14,✓ Yes,completed
5,514,510,09-02,+7.1%,+6.83%,0.5342,14,✓ Yes,completed
5,514,511,09-02,+7.0%,+6.74%,0.5337,16,✓ Yes,completed
5,514,513,09-02,+6.9%,+6.67%,0.5334,18,✓ Yes,completed
5,514,514,09-02,+6.8%,+6.61%,0.5331,21,✓ Yes,completed
5,516,485,09-02,+8.4%,+7.77%,0.5389,13,✓ Yes,completed
5,516,487,09-02,+8.3%,+7.75%,0.5388,13,✓ Yes,completed
5,516,488,09-02,+8.3%,+7.73%,0.5387,13,✓ Yes,completed
5,516,490,09-02,+8.2%,+7.72%,0.5386,13,✓ Yes,completed
5,516,491,09-02,+8.1%,+7.66%,0.5383,13,✓ Yes,completed
5,516,493,09-02,+8.0%,+7.51%,0.5376,14,✓ Yes,completed
5,516,494,09-02,+7.9%,+7.46%,0.5373,14,✓ Yes,completed
5,516,496,09-02,+7.9%,+7.42%,0.5371,14,✓ Yes,completed
5,516,497,09-02,+7.8%,+7.36%,0.5368,14,✓ Yes,completed
5,516,499,09-02,+7.7%,+7.31%,0.5365,14,✓ Yes,completed
5,516,501,09-02,+7.6%,+7.22%,0.5361,14,✓ Yes,completed
5,516,502,09-02,+7.4%,+7.08%,0.5354,14,✓ Yes,completed
5,516,504,09-02,+7.4%,+7.06%,0.5353,14,✓ Yes,completed
5,516,505,09-02,+7.4%,+7.04%,0.5352,14,✓ Yes,completed
5,516,507,09-02,+7.3%,+6.99%,0.5349,14,✓ Yes,completed
5,516,508,09-02,+7.1%,+6.85%,0.5342,14,✓ Yes,completed
5,516,510,09-02,+7.1%,+6.81%,0.5341,14,✓ Yes,completed
5,516,511,09-02,+7.0%,+6.71%,0.5336,16,✓ Yes,completed
5,516,513,09-02,+6.8%,+6.65%,0.5332,18,✓ Yes,completed
5,516,514,09-02,+6.7%,+6.58%,0.5329,20,✓ Yes,completed
5,516,516,09-02,+6.7%,+6.54%,0.5327,22,✓ Yes,completed
5,518,485,09-02,+8.1%,+7.62%,0.5381,13,✓ Yes,completed
5,518,487,09-02,+8.0%,+7.57%,0.5379,13,✓ Yes,completed
5,518,488,09-02,+8.0%,+7.52%,0.5376,13,✓ Yes,completed
5,518,490,09-02,+7.9%,+7.49%,0.5374,13,✓ Yes,completed
5,518,491,09-02,+7.8%,+7.40%,0.5370,13,✓ Yes,completed
5,518,493,09-02,+7.7%,+7.25%,0.5362,14,✓ Yes,completed
5,518,494,09-02,+7.6%,+7.21%,0.5360,14,✓ Yes,completed
5,518,496,09-02,+7.6%,+7.18%,0.5359,14,✓ Yes,completed
5,518,497,09-02,+7.5%,+7.12%,0.5356,14,✓ Yes,completed
5,518,499,09-02,+7.4%,+7.08%,0.5354,14,✓ Yes,completed
5,518,501,09-02,+7.3%,+6.98%,0.5349,14,✓ Yes,completed
5,518,502,09-02,+7.2%,+6.85%,0.5342,14,✓ Yes,completed
5,518,504,09-02,+7.1%,+6.83%,0.5341,14,✓ Yes,completed
5,518,505,09-02,+7.1%,+6.81%,0.5340,14,✓ Yes,completed
5,518,507,09-02,+7.0%,+6.77%,0.5338,14,✓ Yes,completed
5,518,508,09-02,+6.9%,+6.67%,0.5333,14,✓ Yes,completed
5,518,510,09-02,+6.8%,+6.65%,0.5332,14,✓ Yes,completed
5,518,511,09-02,+6.6%,+6.57%,0.5328,15,✓ Yes,completed
5,518,513,09-02,+6.6%,+6.52%,0.5326,15,✓ Yes,completed
5,518,514,09-02,+6.4%,+6.47%,0.5324,15,✓ Yes,completed
5,518,516,09-02,+6.4%,+6.45%,0.5322,16,✓ Yes,completed
5,518,518,09-02,+6.2%,+6.33%,0.5316,23,✓ Yes,completed
5,503,485,09-03,+10.0%,+34.87%,0.6744,15,✗ No,budget_exceeded
5,503,487,09-03,+10.0%,+34.81%,0.6741,15,✗ No,budget_exceeded
5,503,488,09-03,+10.0%,+34.72%,0.6736,15,✗ No,budget_exceeded
5,503,490,09-03,+10.0%,+34.66%,0.6733,15,✗ No,budget_exceeded
5,503,492,09-03,+10.0%,+34.46%,0.6723,15,✗ No,budget_exceeded
5,503,493,09-03,+10.0%,+27.87%,0.6393,17,✗ No,budget_exceeded
5,503,495,09-03,+10.0%,+27.10%,0.6355,18,✗ No,budget_exceeded
5,503,496,09-03,+10.0%,+26.94%,0.6347,18,✗ No,budget_exceeded
5,503,498,09-03,+10.0%,+20.09%,0.6004,21,✗ No,budget_exceeded
5,503,500,09-03,+10.0%,+19.90%,0.5995,22,✗ No,budget_exceeded
5,503,501,09-03,+10.0%,+19.53%,0.5976,24,✗ No,budget_exceeded
5,503,503,09-03,+10.0%,+7.92%,0.5396,29,✓ Yes,completed
5,505,485,09-03,+10.0%,+34.61%,0.6731,15,✗ No,budget_exceeded
5,505,487,09-03,+10.0%,+34.55%,0.6728,15,✗ No,budget_exceeded
5,505,488,09-03,+10.0%,+34.46%,0.6723,15,✗ No,budget_exceeded
5,505,490,09-03,+10.0%,+34.40%,0.6720,15,✗ No,budget_exceeded
5,505,492,09-03,+10.0%,+27.98%,0.6399,16,✗ No,budget_exceeded
5,505,493,09-03,+10.0%,+26.91%,0.6345,18,✗ No,budget_exceeded
5,505,495,09-03,+10.0%,+26.81%,0.6340,18,✗ No,budget_exceeded
5,505,496,09-03,+10.0%,+20.09%,0.6005,19,✗ No,budget_exceeded
5,505,498,09-03,+10.0%,+19.72%,0.5986,21,✗ No,budget_exceeded
5,505,500,09-03,+10.0%,+19.50%,0.5975,22,✗ No,budget_exceeded
5,505,501,09-03,+9.9%,+7.85%,0.5393,22,✓ Yes,completed
5,505,503,09-03,+9.7%,+7.66%,0.5383,25,✓ Yes,completed
5,505,505,09-03,+9.5%,+7.47%,0.5373,27,✓ Yes,completed
5,506,485,09-03,+10.0%,+28.00%,0.6400,16,✗ No,budget_exceeded
5,506,487,09-03,+10.0%,+27.94%,0.6397,16,✗ No,budget_exceeded
5,506,488,09-03,+10.0%,+27.82%,0.6391,16,✗ No,budget_exceeded
5,506,490,09-03,+10.0%,+27.09%,0.6354,17,✗ No,budget_exceeded
5,506,492,09-03,+10.0%,+26.89%,0.6344,17,✗ No,budget_exceeded
5,506,493,09-03,+10.0%,+19.92%,0.5996,19,✗ No,budget_exceeded
5,506,495,09-03,+10.0%,+19.82%,0.5991,19,✗ No,budget_exceeded
5,506,496,09-03,+10.0%,+19.67%,0.5983,19,✗ No,budget_exceeded
5,506,498,09-03,+9.8%,+7.79%,0.5390,20,✓ Yes,completed
5,506,500,09-03,+9.7%,+7.71%,0.5385,20,✓ Yes,completed
5,506,501,09-03,+9.5%,+7.47%,0.5374,20,✓ Yes,completed
5,506,503,09-03,+9.3%,+7.30%,0.5365,21,✓ Yes,completed
5,506,505,09-03,+9.2%,+7.22%,0.5361,21,✓ Yes,completed
5,506,506,09-03,+9.1%,+7.04%,0.5352,28,✓ Yes,completed
5,508,485,09-03,+10.0%,+27.87%,0.6394,16,✗ No,budget_exceeded
5,508,487,09-03,+10.0%,+27.81%,0.6391,16,✗ No,budget_exceeded
5,508,488,09-03,+10.0%,+27.02%,0.6351,17,✗ No,budget_exceeded
5,508,490,09-03,+10.0%,+26.96%,0.6348,17,✗ No,budget_exceeded
5,508,491,09-03,+10.0%,+20.21%,0.6011,18,✗ No,budget_exceeded
5,508,493,09-03,+10.0%,+19.91%,0.5996,19,✗ No,budget_exceeded
5,508,494,09-03,+10.0%,+19.70%,0.5985,19,✗ No,budget_exceeded
5,508,496,09-03,+10.0%,+19.59%,0.5979,19,✗ No,budget_exceeded
5,508,497,09-03,+10.0%,+7.96%,0.5398,19,✓ Yes,completed
5,508,499,09-03,+9.7%,+7.69%,0.5385,20,✓ Yes,completed
5,508,500,09-03,+9.5%,+7.50%,0.5375,20,✓ Yes,completed
5,508,502,09-03,+9.4%,+7.37%,0.5369,20,✓ Yes,completed
5,508,503,09-03,+9.2%,+7.15%,0.5358,21,✓ Yes,completed
5,508,505,09-03,+9.1%,+7.14%,0.5357,21,✓ Yes,completed
5,508,506,09-03,+8.9%,+6.95%,0.5347,22,✓ Yes,completed
5,508,508,09-03,+8.8%,+6.85%,0.5342,26,✓ Yes,completed
5,509,485,09-03,+10.0%,+20.15%,0.6007,17,✗ No,budget_exceeded
5,509,487,09-03,+10.0%,+20.06%,0.6003,17,✗ No,budget_exceeded
5,509,488,09-03,+10.0%,+19.94%,0.5997,17,✗ No,budget_exceeded
5,509,490,09-03,+10.0%,+19.88%,0.5994,17,✗ No,budget_exceeded
5,509,491,09-03,+10.0%,+19.65%,0.5983,17,✗ No,budget_exceeded
5,509,493,09-03,+10.0%,+19.35%,0.5968,18,✗ No,budget_exceeded
5,509,494,09-03,+9.9%,+7.89%,0.5395,18,✓ Yes,completed
5,509,496,09-03,+9.8%,+7.82%,0.5391,18,✓ Yes,completed
5,509,497,09-03,+9.6%,+7.63%,0.5382,18,✓ Yes,completed
5,509,499,09-03,+9.4%,+7.33%,0.5367,19,✓ Yes,completed
5,509,500,09-03,+9.2%,+7.17%,0.5359,19,✓ Yes,completed
5,509,502,09-03,+9.0%,+7.07%,0.5353,19,✓ Yes,completed
5,509,503,09-03,+8.8%,+6.89%,0.5344,20,✓ Yes,completed
5,509,505,09-03,+8.8%,+6.87%,0.5344,20,✓ Yes,completed
5,509,506,09-03,+8.6%,+6.71%,0.5336,20,✓ Yes,completed
5,509,508,09-03,+8.5%,+6.68%,0.5334,20,✓ Yes,completed
5,509,509,09-03,+8.1%,+6.49%,0.5325,28,✓ Yes,completed
5,511,485,09-03,+9.7%,+7.67%,0.5383,16,✓ Yes,completed
5,511,487,09-03,+9.6%,+7.61%,0.5380,16,✓ Yes,completed
5,511,488,09-03,+9.6%,+7.53%,0.5377,16,✓ Yes,completed
5,511,490,09-03,+9.5%,+7.49%,0.5375,16,✓ Yes,completed
5,511,491,09-03,+9.4%,+7.37%,0.5369,16,✓ Yes,completed
5,511,493,09-03,+9.2%,+7.20%,0.5360,17,✓ Yes,completed
5,511,494,09-03,+9.1%,+7.10%,0.5355,17,✓ Yes,completed
5,511,496,09-03,+9.0%,+7.05%,0.5352,17,✓ Yes,completed
5,511,497,09-03,+8.8%,+6.90%,0.5345,17,✓ Yes,completed
5,511,499,09-03,+8.8%,+6.86%,0.5343,17,✓ Yes,completed
5,511,500,09-03,+8.6%,+6.75%,0.5337,17,✓ Yes,completed
5,511,502,09-03,+8.5%,+6.68%,0.5334,17,✓ Yes,completed
5,511,503,09-03,+8.3%,+6.59%,0.5329,18,✓ Yes,completed
5,511,505,09-03,+8.3%,+6.59%,0.5329,18,✓ Yes,completed
5,511,506,09-03,+8.2%,+6.55%,0.5327,18,✓ Yes,completed
5,511,508,09-03,+8.1%,+6.54%,0.5327,18,✓ Yes,completed
5,511,510,09-03,+7.7%,+6.33%,0.5316,20,✓ Yes,completed
5,511,511,09-03,+7.6%,+6.22%,0.5311,26,✓ Yes,completed
5,513,485,09-03,+9.6%,+7.62%,0.5381,16,✓ Yes,completed
5,513,487,09-03,+9.6%,+7.56%,0.5378,16,✓ Yes,completed
5,513,488,09-03,+9.5%,+7.48%,0.5374,16,✓ Yes,completed
5,513,490,09-03,+9.5%,+7.44%,0.5372,16,✓ Yes,completed
5,513,491,09-03,+9.4%,+7.33%,0.5366,16,✓ Yes,completed
5,513,493,09-03,+9.2%,+7.16%,0.5358,17,✓ Yes,completed
5,513,494,09-03,+9.0%,+7.06%,0.5353,17,✓ Yes,completed
5,513,496,09-03,+9.0%,+7.01%,0.5350,17,✓ Yes,completed
5,513,497,09-03,+8.8%,+6.87%,0.5343,17,✓ Yes,completed
5,513,499,09-03,+8.7%,+6.82%,0.5341,17,✓ Yes,completed
5,513,500,09-03,+8.6%,+6.72%,0.5336,17,✓ Yes,completed
5,513,502,09-03,+8.4%,+6.66%,0.5333,17,✓ Yes,completed
5,513,503,09-03,+8.2%,+6.57%,0.5328,18,✓ Yes,completed
5,513,505,09-03,+8.2%,+6.56%,0.5328,18,✓ Yes,completed
5,513,507,09-03,+8.1%,+6.53%,0.5326,18,✓ Yes,completed
5,513,508,09-03,+7.7%,+6.32%,0.5316,19,✓ Yes,completed
5,513,510,09-03,+7.7%,+6.28%,0.5314,19,✓ Yes,completed
5,513,511,09-03,+7.5%,+6.19%,0.5310,23,✓ Yes,completed
5,513,513,09-03,+7.4%,+6.11%,0.5306,31,✓ Yes,completed
5,514,485,09-03,+8.4%,+6.62%,0.5331,13,✓ Yes,completed
5,514,487,09-03,+8.4%,+6.61%,0.5330,13,✓ Yes,completed
5,514,488,09-03,+8.3%,+6.59%,0.5329,13,✓ Yes,completed
5,514,490,09-03,+8.3%,+6.57%,0.5329,13,✓ Yes,completed
5,514,491,09-03,+8.2%,+6.55%,0.5327,13,✓ Yes,completed
5,514,493,09-03,+8.0%,+6.48%,0.5324,14,✓ Yes,completed
5,514,494,09-03,+7.9%,+6.45%,0.5323,14,✓ Yes,completed
5,514,496,09-03,+7.9%,+6.43%,0.5322,14,✓ Yes,completed
5,514,497,09-03,+7.8%,+6.39%,0.5319,14,✓ Yes,completed
5,514,499,09-03,+7.8%,+6.35%,0.5318,14,✓ Yes,completed
5,514,500,09-03,+7.6%,+6.29%,0.5314,14,✓ Yes,completed
5,514,502,09-03,+7.5%,+6.24%,0.5312,14,✓ Yes,completed
5,514,504,09-03,+7.4%,+6.21%,0.5311,14,✓ Yes,completed
5,514,505,09-03,+7.4%,+6.21%,0.5310,14,✓ Yes,completed
5,514,507,09-03,+7.4%,+6.19%,0.5309,14,✓ Yes,completed
5,514,508,09-03,+7.2%,+6.13%,0.5306,14,✓ Yes,completed
5,514,510,09-03,+7.1%,+6.11%,0.5306,14,✓ Yes,completed
5,514,511,09-03,+7.0%,+6.06%,0.5303,16,✓ Yes,completed
5,514,513,09-03,+6.9%,+6.01%,0.5300,18,✓ Yes,completed
5,514,514,09-03,+6.8%,+5.96%,0.5298,21,✓ Yes,completed
5,516,485,09-03,+8.4%,+6.61%,0.5331,13,✓ Yes,completed
5,516,487,09-03,+8.3%,+6.59%,0.5330,13,✓ Yes,completed
5,516,488,09-03,+8.3%,+6.57%,0.5329,13,✓ Yes,completed
5,516,490,09-03,+8.2%,+6.56%,0.5328,13,✓ Yes,completed
5,516,491,09-03,+8.1%,+6.54%,0.5327,13,✓ Yes,completed
5,516,493,09-03,+8.0%,+6.46%,0.5323,14,✓ Yes,completed
5,516,494,09-03,+7.9%,+6.43%,0.5322,14,✓ Yes,completed
5,516,496,09-03,+7.9%,+6.41%,0.5321,14,✓ Yes,completed
5,516,497,09-03,+7.8%,+6.36%,0.5318,14,✓ Yes,completed
5,516,499,09-03,+7.7%,+6.33%,0.5317,14,✓ Yes,completed
5,516,501,09-03,+7.6%,+6.27%,0.5313,14,✓ Yes,completed
5,516,502,09-03,+7.4%,+6.21%,0.5310,14,✓ Yes,completed
5,516,504,09-03,+7.4%,+6.20%,0.5310,14,✓ Yes,completed
5,516,505,09-03,+7.4%,+6.20%,0.5310,14,✓ Yes,completed
5,516,507,09-03,+7.3%,+6.18%,0.5309,14,✓ Yes,completed
5,516,508,09-03,+7.1%,+6.12%,0.5306,14,✓ Yes,completed
5,516,510,09-03,+7.1%,+6.10%,0.5305,14,✓ Yes,completed
5,516,511,09-03,+7.0%,+6.04%,0.5302,16,✓ Yes,completed
5,516,513,09-03,+6.8%,+5.99%,0.5299,18,✓ Yes,completed
5,516,514,09-03,+6.7%,+5.94%,0.5297,20,✓ Yes,completed
5,516,516,09-03,+6.7%,+5.90%,0.5295,22,✓ Yes,completed
5,518,485,09-03,+8.1%,+6.51%,0.5325,13,✓ Yes,completed
5,518,487,09-03,+8.0%,+6.49%,0.5324,13,✓ Yes,completed
5,518,488,09-03,+8.0%,+6.46%,0.5323,13,✓ Yes,completed
5,518,490,09-03,+7.9%,+6.44%,0.5322,13,✓ Yes,completed
5,518,491,09-03,+7.8%,+6.39%,0.5319,13,✓ Yes,completed
5,518,493,09-03,+7.7%,+6.29%,0.5314,14,✓ Yes,completed
5,518,494,09-03,+7.6%,+6.26%,0.5313,14,✓ Yes,completed
5,518,496,09-03,+7.6%,+6.24%,0.5312,14,✓ Yes,completed
5,518,497,09-03,+7.5%,+6.22%,0.5311,14,✓ Yes,completed
5,518,499,09-03,+7.4%,+6.20%,0.5310,14,✓ Yes,completed
5,518,501,09-03,+7.3%,+6.17%,0.5308,14,✓ Yes,completed
5,518,502,09-03,+7.2%,+6.11%,0.5306,14,✓ Yes,completed
5,518,504,09-03,+7.1%,+6.10%,0.5305,14,✓ Yes,completed
5,518,505,09-03,+7.1%,+6.09%,0.5305,14,✓ Yes,completed
5,518,507,09-03,+7.0%,+6.07%,0.5304,14,✓ Yes,completed
5,518,508,09-03,+6.9%,+6.01%,0.5300,14,✓ Yes,completed
5,518,510,09-03,+6.8%,+5.99%,0.5300,14,✓ Yes,completed
5,518,511,09-03,+6.6%,+5.92%,0.5296,15,✓ Yes,completed
5,518,513,09-03,+6.6%,+5.88%,0.5294,15,✓ Yes,completed
5,518,514,09-03,+6.4%,+5.83%,0.5291,15,✓ Yes,completed
5,518,516,09-03,+6.4%,+5.80%,0.5290,16,✓ Yes,completed
5,518,518,09-03,+6.2%,+5.60%,0.5280,23,✓ Yes,completed
6,505,494,08-28,+10.0%,+19.66%,0.5983,18,✗ No,budget_exceeded
6,505,495,08-28,+10.0%,+19.57%,0.5978,18,✗ No,budget_exceeded
6,505,495,08-28,+10.0%,+19.46%,0.5973,18,✗ No,budget_exceeded
6,505,496,08-28,+10.0%,+19.42%,0.5971,18,✗ No,budget_exceeded
6,505,497,08-28,+10.0%,+19.42%,0.5971,18,✗ No,budget_exceeded
6,505,497,08-28,+10.0%,+18.64%,0.5932,20,✗ No,budget_exceeded
6,505,498,08-28,+10.0%,+12.11%,0.5605,22,✗ No,budget_exceeded
6,505,499,08-28,+10.0%,+12.11%,0.5605,22,✗ No,budget_exceeded
6,505,500,08-28,+10.0%,+11.90%,0.5595,23,✗ No,budget_exceeded
6,505,500,08-28,+10.0%,+11.72%,0.5586,23,✗ No,budget_exceeded
6,505,501,08-28,+10.0%,+11.72%,0.5586,23,✗ No,budget_exceeded
6,505,502,08-28,+10.0%,+11.52%,0.5576,23,✗ No,budget_exceeded
6,505,502,08-28,+10.0%,+7.92%,0.5396,26,✓ Yes,completed
6,505,503,08-28,+9.9%,+7.81%,0.5390,26,✓ Yes,completed
6,505,504,08-28,+9.9%,+7.81%,0.5390,26,✓ Yes,completed
6,505,505,08-28,+9.8%,+7.72%,0.5386,28,✓ Yes,completed
6,506,494,08-28,+10.0%,+19.47%,0.5974,18,✗ No,budget_exceeded
6,506,495,08-28,+10.0%,+18.73%,0.5937,19,✗ No,budget_exceeded
6,506,495,08-28,+10.0%,+18.62%,0.5931,19,✗ No,budget_exceeded
6,506,496,08-28,+10.0%,+18.62%,0.5931,19,✗ No,budget_exceeded
6,506,497,08-28,+10.0%,+18.59%,0.5929,19,✗ No,budget_exceeded
6,506,497,08-28,+10.0%,+12.06%,0.5603,20,✗ No,budget_exceeded
6,506,498,08-28,+10.0%,+11.80%,0.5590,21,✗ No,budget_exceeded
6,506,499,08-28,+10.0%,+11.80%,0.5590,21,✗ No,budget_exceeded
6,506,499,08-28,+10.0%,+11.62%,0.5581,22,✗ No,budget_exceeded
6,506,500,08-28,+10.0%,+11.44%,0.5572,22,✗ No,budget_exceeded
6,506,501,08-28,+10.0%,+11.44%,0.5572,22,✗ No,budget_exceeded
6,506,501,08-28,+10.0%,+7.93%,0.5396,22,✓ Yes,completed
6,506,502,08-28,+9.8%,+7.72%,0.5386,25,✓ Yes,completed
6,506,503,08-28,+9.8%,+7.72%,0.5386,25,✓ Yes,completed
6,506,503,08-28,+9.7%,+7.63%,0.5381,25,✓ Yes,completed
6,506,504,08-28,+9.7%,+7.59%,0.5380,25,✓ Yes,completed
6,506,505,08-28,+9.7%,+7.59%,0.5380,25,✓ Yes,completed
6,506,506,08-28,+9.6%,+7.47%,0.5374,28,✓ Yes,completed
6,507,494,08-28,+10.0%,+18.61%,0.5931,19,✗ No,budget_exceeded
6,507,495,08-28,+10.0%,+18.51%,0.5926,19,✗ No,budget_exceeded
6,507,495,08-28,+10.0%,+12.10%,0.5605,20,✗ No,budget_exceeded
6,507,496,08-28,+10.0%,+12.06%,0.5603,20,✗ No,budget_exceeded
6,507,497,08-28,+10.0%,+12.06%,0.5603,20,✗ No,budget_exceeded
6,507,497,08-28,+10.0%,+11.85%,0.5592,20,✗ No,budget_exceeded
6,507,498,08-28,+10.0%,+11.45%,0.5573,21,✗ No,budget_exceeded
6,507,499,08-28,+10.0%,+11.45%,0.5573,21,✗ No,budget_exceeded
6,507,500,08-28,+10.0%,+11.33%,0.5566,21,✗ No,budget_exceeded
6,507,500,08-28,+9.9%,+7.86%,0.5393,21,✓ Yes,completed
6,507,501,08-28,+9.9%,+7.86%,0.5393,21,✓ Yes,completed
6,507,502,08-28,+9.8%,+7.72%,0.5386,21,✓ Yes,completed
6,507,502,08-28,+9.6%,+7.54%,0.5377,22,✓ Yes,completed
6,507,503,08-28,+9.5%,+7.46%,0.5373,22,✓ Yes,completed
6,507,504,08-28,+9.5%,+7.46%,0.5373,22,✓ Yes,completed
6,507,504,08-28,+9.5%,+7.44%,0.5372,22,✓ Yes,completed
6,507,505,08-28,+9.4%,+7.33%,0.5367,24,✓ Yes,completed
6,507,506,08-28,+9.4%,+7.33%,0.5367,24,✓ Yes,completed
6,507,507,08-28,+9.3%,+7.20%,0.5360,29,✓ Yes,completed
6,508,494,08-28,+10.0%,+18.49%,0.5925,19,✗ No,budget_exceeded
6,508,495,08-28,+10.0%,+12.09%,0.5604,20,✗ No,budget_exceeded
6,508,495,08-28,+10.0%,+11.98%,0.5599,20,✗ No,budget_exceeded
6,508,496,08-28,+10.0%,+11.98%,0.5599,20,✗ No,budget_exceeded
6,508,497,08-28,+10.0%,+11.94%,0.5597,20,✗ No,budget_exceeded
6,508,497,08-28,+10.0%,+11.73%,0.5586,20,✗ No,budget_exceeded
6,508,498,08-28,+10.0%,+11.73%,0.5586,20,✗ No,budget_exceeded
6,508,499,08-28,+10.0%,+11.30%,0.5565,21,✗ No,budget_exceeded
6,508,499,08-28,+9.9%,+7.88%,0.5394,21,✓ Yes,completed
6,508,500,08-28,+9.8%,+7.76%,0.5388,21,✓ Yes,completed
6,508,501,08-28,+9.8%,+7.76%,0.5388,21,✓ Yes,completed
6,508,501,08-28,+9.7%,+7.62%,0.5381,21,✓ Yes,completed
6,508,502,08-28,+9.5%,+7.43%,0.5371,22,✓ Yes,completed
6,508,503,08-28,+9.5%,+7.43%,0.5371,22,✓ Yes,completed
6,508,503,08-28,+9.4%,+7.35%,0.5368,22,✓ Yes,completed
6,508,504,08-28,+9.4%,+7.33%,0.5367,22,✓ Yes,completed
6,508,505,08-28,+9.4%,+7.33%,0.5367,22,✓ Yes,completed
6,508,505,08-28,+9.3%,+7.23%,0.5361,23,✓ Yes,completed
6,508,506,08-28,+9.2%,+7.08%,0.5354,23,✓ Yes,completed
6,508,507,08-28,+9.2%,+7.08%,0.5354,23,✓ Yes,completed
6,508,508,08-28,+9.1%,+6.96%,0.5348,27,✓ Yes,completed
6,509,494,08-28,+10.0%,+12.04%,0.5602,20,✗ No,budget_exceeded
6,509,495,08-28,+10.0%,+11.94%,0.5597,20,✗ No,budget_exceeded
6,509,495,08-28,+10.0%,+11.83%,0.5592,20,✗ No,budget_exceeded
6,509,496,08-28,+10.0%,+11.79%,0.5590,20,✗ No,budget_exceeded
6,509,497,08-28,+10.0%,+11.79%,0.5590,20,✗ No,budget_exceeded
6,509,497,08-28,+10.0%,+11.58%,0.5579,20,✗ No,budget_exceeded
6,509,498,08-28,+9.9%,+7.84%,0.5392,21,✓ Yes,completed
6,509,499,08-28,+9.9%,+7.84%,0.5392,21,✓ Yes,completed
6,509,499,08-28,+9.8%,+7.75%,0.5388,21,✓ Yes,completed
6,509,500,08-28,+9.7%,+7.63%,0.5381,21,✓ Yes,completed
6,509,501,08-28,+9.7%,+7.63%,0.5381,21,✓ Yes,completed
6,509,502,08-28,+9.6%,+7.49%,0.5374,21,✓ Yes,completed
6,509,502,08-28,+9.4%,+7.30%,0.5365,22,✓ Yes,completed
6,509,503,08-28,+9.4%,+7.30%,0.5365,22,✓ Yes,completed
6,509,504,08-28,+9.3%,+7.23%,0.5362,22,✓ Yes,completed
6,509,504,08-28,+9.3%,+7.21%,0.5361,22,✓ Yes,completed
6,509,505,08-28,+9.1%,+7.04%,0.5352,22,✓ Yes,completed
6,509,506,08-28,+9.1%,+7.04%,0.5352,22,✓ Yes,completed
6,509,506,08-28,+9.0%,+6.95%,0.5348,22,✓ Yes,completed
6,509,507,08-28,+9.0%,+6.87%,0.5343,23,✓ Yes,completed
6,509,508,08-28,+9.0%,+6.87%,0.5343,23,✓ Yes,completed
6,509,509,08-28,+8.7%,+6.56%,0.5328,31,✓ Yes,completed
6,510,494,08-28,+10.0%,+11.65%,0.5583,19,✗ No,budget_exceeded
6,510,495,08-28,+10.0%,+11.58%,0.5579,19,✗ No,budget_exceeded
6,510,495,08-28,+10.0%,+11.48%,0.5574,19,✗ No,budget_exceeded
6,510,496,08-28,+10.0%,+11.48%,0.5574,19,✗ No,budget_exceeded
6,510,497,08-28,+10.0%,+11.44%,0.5572,19,✗ No,budget_exceeded
6,510,497,08-28,+9.9%,+7.91%,0.5395,19,✓ Yes,completed
6,510,498,08-28,+9.9%,+7.91%,0.5395,19,✓ Yes,completed
6,510,499,08-28,+9.7%,+7.59%,0.5380,20,✓ Yes,completed
6,510,499,08-28,+9.6%,+7.50%,0.5375,20,✓ Yes,completed
6,510,500,08-28,+9.5%,+7.38%,0.5369,20,✓ Yes,completed
6,510,501,08-28,+9.5%,+7.38%,0.5369,20,✓ Yes,completed
6,510,501,08-28,+9.3%,+7.24%,0.5362,20,✓ Yes,completed
6,510,502,08-28,+9.2%,+7.09%,0.5354,21,✓ Yes,completed
6,510,503,08-28,+9.2%,+7.09%,0.5354,21,✓ Yes,completed
6,510,503,08-28,+9.1%,+7.02%,0.5351,21,✓ Yes,completed
6,510,504,08-28,+9.1%,+7.00%,0.5350,21,✓ Yes,completed
6,510,505,08-28,+9.1%,+7.00%,0.5350,21,✓ Yes,completed
6,510,505,08-28,+8.9%,+6.83%,0.5342,21,✓ Yes,completed
6,510,506,08-28,+8.8%,+6.75%,0.5338,21,✓ Yes,completed
6,510,507,08-28,+8.8%,+6.75%,0.5338,21,✓ Yes,completed
6,510,507,08-28,+8.8%,+6.69%,0.5335,21,✓ Yes,completed
6,510,508,08-28,+8.5%,+6.44%,0.5322,24,✓ Yes,completed
6,510,509,08-28,+8.5%,+6.44%,0.5322,24,✓ Yes,completed
6,510,510,08-28,+8.4%,+6.28%,0.5314,30,✓ Yes,completed
6,511,494,08-28,+10.0%,+11.50%,0.5575,19,✗ No,budget_exceeded
6,511,495,08-28,+10.0%,+11.43%,0.5572,19,✗ No,budget_exceeded
6,511,495,08-28,+10.0%,+11.32%,0.5566,19,✗ No,budget_exceeded
6,511,496,08-28,+10.0%,+11.32%,0.5566,19,✗ No,budget_exceeded
6,511,497,08-28,+10.0%,+7.95%,0.5398,19,✓ Yes,completed
6,511,497,08-28,+9.9%,+7.80%,0.5390,19,✓ Yes,completed
6,511,498,08-28,+9.6%,+7.49%,0.5374,20,✓ Yes,completed
6,511,499,08-28,+9.6%,+7.49%,0.5374,20,✓ Yes,completed
6,511,499,08-28,+9.5%,+7.40%,0.5370,20,✓ Yes,completed
6,511,500,08-28,+9.4%,+7.27%,0.5364,20,✓ Yes,completed
6,511,501,08-28,+9.4%,+7.27%,0.5364,20,✓ Yes,completed
6,511,502,08-28,+9.2%,+7.14%,0.5357,20,✓ Yes,completed
6,511,502,08-28,+9.1%,+6.97%,0.5349,21,✓ Yes,completed
6,511,503,08-28,+9.1%,+6.97%,0.5349,21,✓ Yes,completed
6,511,504,08-28,+9.0%,+6.90%,0.5345,21,✓ Yes,completed
6,511,504,08-28,+9.0%,+6.88%,0.5344,21,✓ Yes,completed
6,511,505,08-28,+9.0%,+6.88%,0.5344,21,✓ Yes,completed
6,511,506,08-28,+8.8%,+6.72%,0.5336,21,✓ Yes,completed
6,511,506,08-28,+8.7%,+6.64%,0.5332,21,✓ Yes,completed
6,511,507,08-28,+8.7%,+6.58%,0.5329,21,✓ Yes,completed
6,511,508,08-28,+8.7%,+6.58%,0.5329,21,✓ Yes,completed
6,511,508,08-28,+8.4%,+6.31%,0.5315,23,✓ Yes,completed
6,511,509,08-28,+8.2%,+6.15%,0.5307,26,✓ Yes,completed
6,511,510,08-28,+8.2%,+6.15%,0.5307,26,✓ Yes,completed
6,511,511,08-28,+8.1%,+6.00%,0.5300,31,✓ Yes,completed
6,505,494,08-29,+10.0%,+20.29%,0.6015,18,✗ No,budget_exceeded
6,505,495,08-29,+10.0%,+20.19%,0.6010,18,✗ No,budget_exceeded
6,505,495,08-29,+10.0%,+13.73%,0.5686,19,✗ No,budget_exceeded
6,505,496,08-29,+10.0%,+13.69%,0.5684,19,✗ No,budget_exceeded
6,505,497,08-29,+10.0%,+13.69%,0.5684,19,✗ No,budget_exceeded
6,505,497,08-29,+10.0%,+13.55%,0.5678,20,✗ No,budget_exceeded
6,505,498,08-29,+10.0%,+13.32%,0.5666,21,✗ No,budget_exceeded
6,505,499,08-29,+10.0%,+13.32%,0.5666,21,✗ No,budget_exceeded
6,505,500,08-29,+10.0%,+13.10%,0.5655,22,✗ No,budget_exceeded
6,505,500,08-29,+10.0%,+8.79%,0.5440,22,✓ Yes,completed
6,505,501,08-29,+10.0%,+8.79%,0.5440,22,✓ Yes,completed
6,505,502,08-29,+9.9%,+8.68%,0.5434,22,✓ Yes,completed
6,505,502,08-29,+9.7%,+8.50%,0.5425,25,✓ Yes,completed
6,505,503,08-29,+9.6%,+8.40%,0.5420,25,✓ Yes,completed
6,505,504,08-29,+9.6%,+8.40%,0.5420,25,✓ Yes,completed
6,505,505,08-29,+9.5%,+8.32%,0.5416,27,✓ Yes,completed
6,506,494,08-29,+10.0%,+13.74%,0.5687,19,✗ No,budget_exceeded
6,506,495,08-29,+10.0%,+13.64%,0.5682,19,✗ No,budget_exceeded
6,506,495,08-29,+10.0%,+13.54%,0.5677,19,✗ No,budget_exceeded
6,506,496,08-29,+10.0%,+13.54%,0.5677,19,✗ No,budget_exceeded
6,506,497,08-29,+10.0%,+13.50%,0.5675,19,✗ No,budget_exceeded
6,506,497,08-29,+10.0%,+13.28%,0.5664,19,✗ No,budget_exceeded
6,506,498,08-29,+10.0%,+13.01%,0.5651,20,✗ No,budget_exceeded
6,506,499,08-29,+10.0%,+13.01%,0.5651,20,✗ No,budget_exceeded
6,506,499,08-29,+9.9%,+8.72%,0.5436,21,✓ Yes,completed
6,506,500,08-29,+9.8%,+8.63%,0.5432,21,✓ Yes,completed
6,506,501,08-29,+9.8%,+8.63%,0.5432,21,✓ Yes,completed
6,506,501,08-29,+9.7%,+8.51%,0.5425,21,✓ Yes,completed
6,506,502,08-29,+9.5%,+8.33%,0.5416,24,✓ Yes,completed
6,506,503,08-29,+9.5%,+8.33%,0.5416,24,✓ Yes,completed
6,506,503,08-29,+9.4%,+8.25%,0.5412,24,✓ Yes,completed
6,506,504,08-29,+9.4%,+8.22%,0.5411,24,✓ Yes,completed
6,506,505,08-29,+9.4%,+8.22%,0.5411,24,✓ Yes,completed
6,506,506,08-29,+9.3%,+8.13%,0.5407,27,✓ Yes,completed
6,507,494,08-29,+10.0%,+13.52%,0.5676,19,✗ No,budget_exceeded
6,507,495,08-29,+10.0%,+13.42%,0.5671,19,✗ No,budget_exceeded
6,507,495,08-29,+10.0%,+13.31%,0.5666,19,✗ No,budget_exceeded
6,507,496,08-29,+10.0%,+13.27%,0.5664,19,✗ No,budget_exceeded
6,507,497,08-29,+10.0%,+13.27%,0.5664,19,✗ No,budget_exceeded
6,507,497,08-29,+10.0%,+13.05%,0.5653,19,✗ No,budget_exceeded
6,507,498,08-29,+9.8%,+8.62%,0.5431,20,✓ Yes,completed
6,507,499,08-29,+9.8%,+8.62%,0.5431,20,✓ Yes,completed
6,507,500,08-29,+9.7%,+8.54%,0.5427,20,✓ Yes,completed
6,507,500,08-29,+9.6%,+8.45%,0.5422,20,✓ Yes,completed
6,507,501,08-29,+9.6%,+8.45%,0.5422,20,✓ Yes,completed
6,507,502,08-29,+9.5%,+8.33%,0.5417,20,✓ Yes,completed
6,507,502,08-29,+9.3%,+8.17%,0.5409,21,✓ Yes,completed
6,507,503,08-29,+9.2%,+8.10%,0.5405,21,✓ Yes,completed
6,507,504,08-29,+9.2%,+8.10%,0.5405,21,✓ Yes,completed
6,507,504,08-29,+9.2%,+8.08%,0.5404,21,✓ Yes,completed
6,507,505,08-29,+9.2%,+8.00%,0.5400,23,✓ Yes,completed
6,507,506,08-29,+9.2%,+8.00%,0.5400,23,✓ Yes,completed
6,507,507,08-29,+9.1%,+7.87%,0.5394,28,✓ Yes,completed
6,508,494,08-29,+10.0%,+13.40%,0.5670,19,✗ No,budget_exceeded
6,508,495,08-29,+10.0%,+13.30%,0.5665,19,✗ No,budget_exceeded
6,508,495,08-29,+10.0%,+13.19%,0.5660,19,✗ No,budget_exceeded
6,508,496,08-29,+10.0%,+13.19%,0.5660,19,✗ No,budget_exceeded
6,508,497,08-29,+10.0%,+13.15%,0.5658,19,✗ No,budget_exceeded
6,508,497,08-29,+10.0%,+8.78%,0.5439,19,✓ Yes,completed
6,508,498,08-29,+10.0%,+8.78%,0.5439,19,✓ Yes,completed
6,508,499,08-29,+9.7%,+8.53%,0.5426,20,✓ Yes,completed
6,508,499,08-29,+9.6%,+8.45%,0.5422,20,✓ Yes,completed
6,508,500,08-29,+9.5%,+8.36%,0.5418,20,✓ Yes,completed
6,508,501,08-29,+9.5%,+8.36%,0.5418,20,✓ Yes,completed
6,508,501,08-29,+9.4%,+8.24%,0.5412,20,✓ Yes,completed
6,508,502,08-29,+9.2%,+8.08%,0.5404,21,✓ Yes,completed
6,508,503,08-29,+9.2%,+8.08%,0.5404,21,✓ Yes,completed
6,508,503,08-29,+9.2%,+8.00%,0.5400,21,✓ Yes,completed
6,508,504,08-29,+9.1%,+7.98%,0.5399,21,✓ Yes,completed
6,508,505,08-29,+9.1%,+7.98%,0.5399,21,✓ Yes,completed
6,508,505,08-29,+9.1%,+7.90%,0.5395,22,✓ Yes,completed
6,508,506,08-29,+8.9%,+7.75%,0.5387,22,✓ Yes,completed
6,508,507,08-29,+8.9%,+7.75%,0.5387,22,✓ Yes,completed
6,508,508,08-29,+8.8%,+7.63%,0.5381,26,✓ Yes,completed
6,509,494,08-29,+10.0%,+13.25%,0.5662,19,✗ No,budget_exceeded
6,509,495,08-29,+10.0%,+13.15%,0.5657,19,✗ No,budget_exceeded
6,509,495,08-29,+10.0%,+13.04%,0.5652,19,✗ No,budget_exceeded
6,509,496,08-29,+10.0%,+13.00%,0.5650,19,✗ No,budget_exceeded
6,509,497,08-29,+10.0%,+13.00%,0.5650,19,✗ No,budget_exceeded
6,509,497,08-29,+9.9%,+8.70%,0.5435,19,✓ Yes,completed
6,509,498,08-29,+9.6%,+8.42%,0.5421,20,✓ Yes,completed
6,509,499,08-29,+9.6%,+8.42%,0.5421,20,✓ Yes,completed
6,509,499,08-29,+9.5%,+8.34%,0.5417,20,✓ Yes,completed
6,509,500,08-29,+9.4%,+8.25%,0.5413,20,✓ Yes,completed
6,509,501,08-29,+9.4%,+8.25%,0.5413,20,✓ Yes,completed
6,509,502,08-29,+9.3%,+8.13%,0.5406,20,✓ Yes,completed
6,509,502,08-29,+9.1%,+7.96%,0.5398,21,✓ Yes,completed
6,509,503,08-29,+9.1%,+7.96%,0.5398,21,✓ Yes,completed
6,509,504,08-29,+9.0%,+7.88%,0.5394,21,✓ Yes,completed
6,509,504,08-29,+9.0%,+7.86%,0.5393,21,✓ Yes,completed
6,509,505,08-29,+8.9%,+7.70%,0.5385,21,✓ Yes,completed
6,509,506,08-29,+8.9%,+7.70%,0.5385,21,✓ Yes,completed
6,509,506,08-29,+8.8%,+7.62%,0.5381,21,✓ Yes,completed
6,509,507,08-29,+8.7%,+7.52%,0.5376,22,✓ Yes,completed
6,509,508,08-29,+8.7%,+7.52%,0.5376,22,✓ Yes,completed
6,509,509,08-29,+8.4%,+7.20%,0.5360,30,✓ Yes,completed
6,510,494,08-29,+9.9%,+8.76%,0.5438,18,✓ Yes,completed
6,510,495,08-29,+9.9%,+8.72%,0.5436,18,✓ Yes,completed
6,510,495,08-29,+9.8%,+8.65%,0.5433,18,✓ Yes,completed
6,510,496,08-29,+9.8%,+8.65%,0.5433,18,✓ Yes,completed
6,510,497,08-29,+9.8%,+8.61%,0.5430,18,✓ Yes,completed
6,510,497,08-29,+9.6%,+8.48%,0.5424,18,✓ Yes,completed
6,510,498,08-29,+9.6%,+8.48%,0.5424,18,✓ Yes,completed
6,510,499,08-29,+9.4%,+8.20%,0.5410,19,✓ Yes,completed
6,510,499,08-29,+9.3%,+8.12%,0.5406,19,✓ Yes,completed
6,510,500,08-29,+9.2%,+8.03%,0.5401,19,✓ Yes,completed
6,510,501,08-29,+9.2%,+8.03%,0.5401,19,✓ Yes,completed
6,510,501,08-29,+9.0%,+7.90%,0.5395,19,✓ Yes,completed
6,510,502,08-29,+8.9%,+7.74%,0.5387,20,✓ Yes,completed
6,510,503,08-29,+8.9%,+7.74%,0.5387,20,✓ Yes,completed
6,510,503,08-29,+8.8%,+7.66%,0.5383,20,✓ Yes,completed
6,510,504,08-29,+8.8%,+7.65%,0.5382,20,✓ Yes,completed
6,510,505,08-29,+8.8%,+7.65%,0.5382,20,✓ Yes,completed
6,510,505,08-29,+8.7%,+7.48%,0.5374,20,✓ Yes,completed
6,510,506,08-29,+8.6%,+7.40%,0.5370,20,✓ Yes,completed
6,510,507,08-29,+8.6%,+7.40%,0.5370,20,✓ Yes,completed
6,510,507,08-29,+8.5%,+7.34%,0.5367,20,✓ Yes,completed
6,510,508,08-29,+8.3%,+7.07%,0.5354,23,✓ Yes,completed
6,510,509,08-29,+8.3%,+7.07%,0.5354,23,✓ Yes,completed
6,510,510,08-29,+8.1%,+6.91%,0.5345,28,✓ Yes,completed
6,511,494,08-29,+9.8%,+8.67%,0.5433,18,✓ Yes,completed
6,511,495,08-29,+9.8%,+8.62%,0.5431,18,✓ Yes,completed
6,511,495,08-29,+9.7%,+8.56%,0.5428,18,✓ Yes,completed
6,511,496,08-29,+9.7%,+8.56%,0.5428,18,✓ Yes,completed
6,511,497,08-29,+9.7%,+8.52%,0.5426,18,✓ Yes,completed
6,511,497,08-29,+9.5%,+8.38%,0.5419,18,✓ Yes,completed
6,511,498,08-29,+9.3%,+8.11%,0.5405,19,✓ Yes,completed
6,511,499,08-29,+9.3%,+8.11%,0.5405,19,✓ Yes,completed
6,511,499,08-29,+9.2%,+8.02%,0.5401,19,✓ Yes,completed
6,511,500,08-29,+9.1%,+7.93%,0.5396,19,✓ Yes,completed
6,511,501,08-29,+9.1%,+7.93%,0.5396,19,✓ Yes,completed
6,511,502,08-29,+8.9%,+7.79%,0.5390,19,✓ Yes,completed
6,511,502,08-29,+8.8%,+7.62%,0.5381,20,✓ Yes,completed
6,511,503,08-29,+8.8%,+7.62%,0.5381,20,✓ Yes,completed
6,511,504,08-29,+8.7%,+7.54%,0.5377,20,✓ Yes,completed
6,511,504,08-29,+8.7%,+7.52%,0.5376,20,✓ Yes,completed
6,511,505,08-29,+8.7%,+7.52%,0.5376,20,✓ Yes,completed
6,511,506,08-29,+8.5%,+7.37%,0.5368,20,✓ Yes,completed
6,511,506,08-29,+8.5%,+7.29%,0.5364,20,✓ Yes,completed
6,511,507,08-29,+8.4%,+7.22%,0.5361,20,✓ Yes,completed
6,511,508,08-29,+8.4%,+7.22%,0.5361,20,✓ Yes,completed
6,511,508,08-29,+8.1%,+6.93%,0.5346,22,✓ Yes,completed
6,511,509,08-29,+8.0%,+6.77%,0.5339,25,✓ Yes,completed
6,511,510,08-29,+8.0%,+6.77%,0.5339,25,✓ Yes,completed
6,511,511,08-29,+7.9%,+6.62%,0.5331,30,✓ Yes,completed
6,505,494,08-30,+10.0%,+22.62%,0.6131,18,✗ No,budget_exceeded
6,505,495,08-30,+10.0%,+22.53%,0.6126,18,✗ No,budget_exceeded
6,505,495,08-30,+10.0%,+16.09%,0.5805,19,✗ No,budget_exceeded
6,505,496,08-30,+10.0%,+16.05%,0.5803,19,✗ No,budget_exceeded
6,505,497,08-30,+10.0%,+16.05%,0.5803,19,✗ No,budget_exceeded
6,505,497,08-30,+10.0%,+15.92%,0.5796,20,✗ No,budget_exceeded
6,505,498,08-30,+10.0%,+15.69%,0.5784,21,✗ No,budget_exceeded
6,505,499,08-30,+10.0%,+15.69%,0.5784,21,✗ No,budget_exceeded
6,505,500,08-30,+10.0%,+15.47%,0.5774,22,✗ No,budget_exceeded
6,505,500,08-30,+10.0%,+10.19%,0.5509,22,✓ Yes,completed
6,505,501,08-30,+10.0%,+10.19%,0.5509,22,✓ Yes,completed
6,505,502,08-30,+9.9%,+10.07%,0.5504,22,✓ Yes,completed
6,505,502,08-30,+9.7%,+9.90%,0.5495,25,✓ Yes,completed
6,505,503,08-30,+9.6%,+9.80%,0.5490,25,✓ Yes,completed
6,505,504,08-30,+9.6%,+9.80%,0.5490,25,✓ Yes,completed
6,505,505,08-30,+9.5%,+9.73%,0.5487,27,✓ Yes,completed
6,506,494,08-30,+10.0%,+16.11%,0.5805,19,✗ No,budget_exceeded
6,506,495,08-30,+10.0%,+16.01%,0.5801,19,✗ No,budget_exceeded
6,506,495,08-30,+10.0%,+15.90%,0.5795,19,✗ No,budget_exceeded
6,506,496,08-30,+10.0%,+15.90%,0.5795,19,✗ No,budget_exceeded
6,506,497,08-30,+10.0%,+15.86%,0.5793,19,✗ No,budget_exceeded
6,506,497,08-30,+10.0%,+15.64%,0.5782,19,✗ No,budget_exceeded
6,506,498,08-30,+10.0%,+15.38%,0.5769,20,✗ No,budget_exceeded
6,506,499,08-30,+10.0%,+15.38%,0.5769,20,✗ No,budget_exceeded
6,506,499,08-30,+9.9%,+10.12%,0.5506,21,✓ Yes,completed
6,506,500,08-30,+9.8%,+10.03%,0.5501,21,✓ Yes,completed
6,506,501,08-30,+9.8%,+10.03%,0.5501,21,✓ Yes,completed
6,506,501,08-30,+9.7%,+9.91%,0.5495,21,✓ Yes,completed
6,506,502,08-30,+9.5%,+9.73%,0.5487,24,✓ Yes,completed
6,506,503,08-30,+9.5%,+9.73%,0.5487,24,✓ Yes,completed
6,506,503,08-30,+9.4%,+9.66%,0.5483,24,✓ Yes,completed
6,506,504,08-30,+9.4%,+9.63%,0.5482,24,✓ Yes,completed
6,506,505,08-30,+9.4%,+9.63%,0.5482,24,✓ Yes,completed
6,506,506,08-30,+9.3%,+9.55%,0.5478,27,✓ Yes,completed
6,507,494,08-30,+10.0%,+15.89%,0.5794,19,✗ No,budget_exceeded
6,507,495,08-30,+10.0%,+15.79%,0.5790,19,✗ No,budget_exceeded
6,507,495,08-30,+10.0%,+15.68%,0.5784,19,✗ No,budget_exceeded
6,507,496,08-30,+10.0%,+15.64%,0.5782,19,✗ No,budget_exceeded
6,507,497,08-30,+10.0%,+15.64%,0.5782,19,✗ No,budget_exceeded
6,507,497,08-30,+10.0%,+15.42%,0.5771,19,✗ No,budget_exceeded
6,507,498,08-30,+9.8%,+10.02%,0.5501,20,✓ Yes,completed
6,507,499,08-30,+9.8%,+10.02%,0.5501,20,✓ Yes,completed
6,507,500,08-30,+9.7%,+9.94%,0.5497,20,✓ Yes,completed
6,507,500,08-30,+9.6%,+9.85%,0.5493,20,✓ Yes,completed
6,507,501,08-30,+9.6%,+9.85%,0.5493,20,✓ Yes,completed
6,507,502,08-30,+9.5%,+9.74%,0.5487,20,✓ Yes,completed
6,507,502,08-30,+9.3%,+9.59%,0.5480,21,✓ Yes,completed
6,507,503,08-30,+9.2%,+9.53%,0.5476,21,✓ Yes,completed
6,507,504,08-30,+9.2%,+9.53%,0.5476,21,✓ Yes,completed
6,507,504,08-30,+9.2%,+9.51%,0.5475,21,✓ Yes,completed
6,507,505,08-30,+9.2%,+9.43%,0.5472,23,✓ Yes,completed
6,507,506,08-30,+9.2%,+9.43%,0.5472,23,✓ Yes,completed
6,507,507,08-30,+9.1%,+9.32%,0.5466,28,✓ Yes,completed
6,508,494,08-30,+10.0%,+15.77%,0.5788,19,✗ No,budget_exceeded
6,508,495,08-30,+10.0%,+15.67%,0.5784,19,✗ No,budget_exceeded
6,508,495,08-30,+10.0%,+15.56%,0.5778,19,✗ No,budget_exceeded
6,508,496,08-30,+10.0%,+15.56%,0.5778,19,✗ No,budget_exceeded
6,508,497,08-30,+10.0%,+15.52%,0.5776,19,✗ No,budget_exceeded
6,508,497,08-30,+10.0%,+10.18%,0.5509,19,✓ Yes,completed
6,508,498,08-30,+10.0%,+10.18%,0.5509,19,✓ Yes,completed
6,508,499,08-30,+9.7%,+9.93%,0.5496,20,✓ Yes,completed
6,508,499,08-30,+9.6%,+9.85%,0.5492,20,✓ Yes,completed
6,508,500,08-30,+9.5%,+9.76%,0.5488,20,✓ Yes,completed
6,508,501,08-30,+9.5%,+9.76%,0.5488,20,✓ Yes,completed
6,508,501,08-30,+9.4%,+9.65%,0.5483,20,✓ Yes,completed
6,508,502,08-30,+9.2%,+9.50%,0.5475,21,✓ Yes,completed
6,508,503,08-30,+9.2%,+9.50%,0.5475,21,✓ Yes,completed
6,508,503,08-30,+9.2%,+9.44%,0.5472,21,✓ Yes,completed
6,508,504,08-30,+9.1%,+9.42%,0.5471,21,✓ Yes,completed
6,508,505,08-30,+9.1%,+9.42%,0.5471,21,✓ Yes,completed
6,508,505,08-30,+9.1%,+9.34%,0.5467,22,✓ Yes,completed
6,508,506,08-30,+8.9%,+9.20%,0.5460,22,✓ Yes,completed
6,508,507,08-30,+8.9%,+9.20%,0.5460,22,✓ Yes,completed
6,508,508,08-30,+8.8%,+9.10%,0.5455,26,✓ Yes,completed
6,509,494,08-30,+10.0%,+15.62%,0.5781,19,✗ No,budget_exceeded
6,509,495,08-30,+10.0%,+15.52%,0.5776,19,✗ No,budget_exceeded
6,509,495,08-30,+10.0%,+15.41%,0.5771,19,✗ No,budget_exceeded
6,509,496,08-30,+10.0%,+15.37%,0.5769,19,✗ No,budget_exceeded
6,509,497,08-30,+10.0%,+15.37%,0.5769,19,✗ No,budget_exceeded
6,509,497,08-30,+9.9%,+10.09%,0.5505,19,✓ Yes,completed
6,509,498,08-30,+9.6%,+9.82%,0.5491,20,✓ Yes,completed
6,509,499,08-30,+9.6%,+9.82%,0.5491,20,✓ Yes,completed
6,509,499,08-30,+9.5%,+9.74%,0.5487,20,✓ Yes,completed
6,509,500,08-30,+9.4%,+9.66%,0.5483,20,✓ Yes,completed
6,509,501,08-30,+9.4%,+9.66%,0.5483,20,✓ Yes,completed
6,509,502,08-30,+9.3%,+9.55%,0.5478,20,✓ Yes,completed
6,509,502,08-30,+9.1%,+9.39%,0.5470,21,✓ Yes,completed
6,509,503,08-30,+9.1%,+9.39%,0.5470,21,✓ Yes,completed
6,509,504,08-30,+9.0%,+9.33%,0.5466,21,✓ Yes,completed
6,509,504,08-30,+9.0%,+9.31%,0.5466,21,✓ Yes,completed
6,509,505,08-30,+8.9%,+9.17%,0.5458,21,✓ Yes,completed
6,509,506,08-30,+8.9%,+9.17%,0.5458,21,✓ Yes,completed
6,509,506,08-30,+8.8%,+9.09%,0.5454,21,✓ Yes,completed
6,509,507,08-30,+8.7%,+9.01%,0.5450,22,✓ Yes,completed
6,509,508,08-30,+8.7%,+9.01%,0.5450,22,✓ Yes,completed
6,509,509,08-30,+8.4%,+8.74%,0.5437,30,✓ Yes,completed
6,510,494,08-30,+9.9%,+10.15%,0.5508,18,✓ Yes,completed
6,510,495,08-30,+9.9%,+10.11%,0.5506,18,✓ Yes,completed
6,510,495,08-30,+9.8%,+10.05%,0.5502,18,✓ Yes,completed
6,510,496,08-30,+9.8%,+10.05%,0.5502,18,✓ Yes,completed
6,510,497,08-30,+9.8%,+10.01%,0.5500,18,✓ Yes,completed
6,510,497,08-30,+9.6%,+9.88%,0.5494,18,✓ Yes,completed
6,510,498,08-30,+9.6%,+9.88%,0.5494,18,✓ Yes,completed
6,510,499,08-30,+9.4%,+9.62%,0.5481,19,✓ Yes,completed
6,510,499,08-30,+9.3%,+9.55%,0.5477,19,✓ Yes,completed
6,510,500,08-30,+9.2%,+9.46%,0.5473,19,✓ Yes,completed
6,510,501,08-30,+9.2%,+9.46%,0.5473,19,✓ Yes,completed
6,510,501,08-30,+9.0%,+9.34%,0.5467,19,✓ Yes,completed
6,510,502,08-30,+8.9%,+9.20%,0.5460,20,✓ Yes,completed
6,510,503,08-30,+8.9%,+9.20%,0.5460,20,✓ Yes,completed
6,510,503,08-30,+8.8%,+9.13%,0.5457,20,✓ Yes,completed
6,510,504,08-30,+8.8%,+9.12%,0.5456,20,✓ Yes,completed
6,510,505,08-30,+8.8%,+9.12%,0.5456,20,✓ Yes,completed
6,510,505,08-30,+8.7%,+8.98%,0.5449,20,✓ Yes,completed
6,510,506,08-30,+8.6%,+8.90%,0.5445,20,✓ Yes,completed
6,510,507,08-30,+8.6%,+8.90%,0.5445,20,✓ Yes,completed
6,510,507,08-30,+8.5%,+8.85%,0.5443,20,✓ Yes,completed
6,510,508,08-30,+8.3%,+8.65%,0.5432,23,✓ Yes,completed
6,510,509,08-30,+8.3%,+8.65%,0.5432,23,✓ Yes,completed
6,510,510,08-30,+8.1%,+8.51%,0.5425,28,✓ Yes,completed
6,511,494,08-30,+9.8%,+10.06%,0.5503,18,✓ Yes,completed
6,511,495,08-30,+9.8%,+10.02%,0.5501,18,✓ Yes,completed
6,511,495,08-30,+9.7%,+9.95%,0.5498,18,✓ Yes,completed
6,511,496,08-30,+9.7%,+9.95%,0.5498,18,✓ Yes,completed
6,511,497,08-30,+9.7%,+9.91%,0.5496,18,✓ Yes,completed
6,511,497,08-30,+9.5%,+9.79%,0.5489,18,✓ Yes,completed
6,511,498,08-30,+9.3%,+9.53%,0.5477,19,✓ Yes,completed
6,511,499,08-30,+9.3%,+9.53%,0.5477,19,✓ Yes,completed
6,511,499,08-30,+9.2%,+9.46%,0.5473,19,✓ Yes,completed
6,511,500,08-30,+9.1%,+9.37%,0.5468,19,✓ Yes,completed
6,511,501,08-30,+9.1%,+9.37%,0.5468,19,✓ Yes,completed
6,511,502,08-30,+8.9%,+9.25%,0.5462,19,✓ Yes,completed
6,511,502,08-30,+8.8%,+9.09%,0.5455,20,✓ Yes,completed
6,511,503,08-30,+8.8%,+9.09%,0.5455,20,✓ Yes,completed
6,511,504,08-30,+8.7%,+9.03%,0.5451,20,✓ Yes,completed
6,511,504,08-30,+8.7%,+9.01%,0.5450,20,✓ Yes,completed
6,511,505,08-30,+8.7%,+9.01%,0.5450,20,✓ Yes,completed
6,511,506,08-30,+8.5%,+8.88%,0.5444,20,✓ Yes,completed
6,511,506,08-30,+8.5%,+8.81%,0.5441,20,✓ Yes,completed
6,511,507,08-30,+8.4%,+8.76%,0.5438,20,✓ Yes,completed
6,511,508,08-30,+8.4%,+8.76%,0.5438,20,✓ Yes,completed
6,511,508,08-30,+8.1%,+8.53%,0.5427,22,✓ Yes,completed
6,511,509,08-30,+8.0%,+8.40%,0.5420,25,✓ Yes,completed
6,511,510,08-30,+8.0%,+8.40%,0.5420,25,✓ Yes,completed
6,511,511,08-30,+7.9%,+8.26%,0.5413,30,✓ Yes,completed
6,505,494,08-31,+10.0%,+23.81%,0.6190,18,✗ No,budget_exceeded
6,505,495,08-31,+10.0%,+23.71%,0.6186,18,✗ No,budget_exceeded
6,505,495,08-31,+10.0%,+17.25%,0.5863,19,✗ No,budget_exceeded
6,505,496,08-31,+10.0%,+17.21%,0.5861,19,✗ No,budget_exceeded
6,505,497,08-31,+10.0%,+17.21%,0.5861,19,✗ No,budget_exceeded
6,505,497,08-31,+10.0%,+17.08%,0.5854,20,✗ No,budget_exceeded
6,505,498,08-31,+10.0%,+16.84%,0.5842,21,✗ No,budget_exceeded
6,505,499,08-31,+10.0%,+16.84%,0.5842,21,✗ No,budget_exceeded
6,505,500,08-31,+10.0%,+16.63%,0.5831,22,✗ No,budget_exceeded
6,505,500,08-31,+10.0%,+10.05%,0.5502,22,✓ Yes,completed
6,505,501,08-31,+10.0%,+10.05%,0.5502,22,✓ Yes,completed
6,505,502,08-31,+9.9%,+9.99%,0.5500,22,✓ Yes,completed
6,505,502,08-31,+9.7%,+9.86%,0.5493,25,✓ Yes,completed
6,505,503,08-31,+9.6%,+9.78%,0.5489,25,✓ Yes,completed
6,505,504,08-31,+9.6%,+9.78%,0.5489,25,✓ Yes,completed
6,505,505,08-31,+9.5%,+9.72%,0.5486,27,✓ Yes,completed
6,506,494,08-31,+10.0%,+17.27%,0.5863,19,✗ No,budget_exceeded
6,506,495,08-31,+10.0%,+17.17%,0.5858,19,✗ No,budget_exceeded
6,506,495,08-31,+10.0%,+17.06%,0.5853,19,✗ No,budget_exceeded
6,506,496,08-31,+10.0%,+17.06%,0.5853,19,✗ No,budget_exceeded
6,506,497,08-31,+10.0%,+17.02%,0.5851,19,✗ No,budget_exceeded
6,506,497,08-31,+10.0%,+16.80%,0.5840,19,✗ No,budget_exceeded
6,506,498,08-31,+10.0%,+16.54%,0.5827,20,✗ No,budget_exceeded
6,506,499,08-31,+10.0%,+16.54%,0.5827,20,✗ No,budget_exceeded
6,506,499,08-31,+9.9%,+10.02%,0.5501,21,✓ Yes,completed
6,506,500,08-31,+9.8%,+9.96%,0.5498,21,✓ Yes,completed
6,506,501,08-31,+9.8%,+9.96%,0.5498,21,✓ Yes,completed
6,506,501,08-31,+9.7%,+9.87%,0.5494,21,✓ Yes,completed
6,506,502,08-31,+9.5%,+9.73%,0.5486,24,✓ Yes,completed
6,506,503,08-31,+9.5%,+9.73%,0.5486,24,✓ Yes,completed
6,506,503,08-31,+9.4%,+9.68%,0.5484,24,✓ Yes,completed
6,506,504,08-31,+9.4%,+9.66%,0.5483,24,✓ Yes,completed
6,506,505,08-31,+9.4%,+9.66%,0.5483,24,✓ Yes,completed
6,506,506,08-31,+9.3%,+9.61%,0.5480,27,✓ Yes,completed
6,507,494,08-31,+10.0%,+17.05%,0.5852,19,✗ No,budget_exceeded
6,507,495,08-31,+10.0%,+16.95%,0.5847,19,✗ No,budget_exceeded
6,507,495,08-31,+10.0%,+16.84%,0.5842,19,✗ No,budget_exceeded
6,507,496,08-31,+10.0%,+16.80%,0.5840,19,✗ No,budget_exceeded
6,507,497,08-31,+10.0%,+16.80%,0.5840,19,✗ No,budget_exceeded
6,507,497,08-31,+10.0%,+16.58%,0.5829,19,✗ No,budget_exceeded
6,507,498,08-31,+9.8%,+9.96%,0.5498,20,✓ Yes,completed
6,507,499,08-31,+9.8%,+9.96%,0.5498,20,✓ Yes,completed
6,507,500,08-31,+9.7%,+9.90%,0.5495,20,✓ Yes,completed
6,507,500,08-31,+9.6%,+9.83%,0.5491,20,✓ Yes,completed
6,507,501,08-31,+9.6%,+9.83%,0.5491,20,✓ Yes,completed
6,507,502,08-31,+9.5%,+9.74%,0.5487,20,✓ Yes,completed
6,507,502,08-31,+9.3%,+9.64%,0.5482,21,✓ Yes,completed
6,507,503,08-31,+9.2%,+9.60%,0.5480,21,✓ Yes,completed
6,507,504,08-31,+9.2%,+9.60%,0.5480,21,✓ Yes,completed
6,507,504,08-31,+9.2%,+9.59%,0.5479,21,✓ Yes,completed
6,507,505,08-31,+9.2%,+9.53%,0.5476,23,✓ Yes,completed
6,507,506,08-31,+9.2%,+9.53%,0.5476,23,✓ Yes,completed
6,507,507,08-31,+9.1%,+9.42%,0.5471,28,✓ Yes,completed
6,508,494,08-31,+10.0%,+16.92%,0.5846,19,✗ No,budget_exceeded
6,508,495,08-31,+10.0%,+16.83%,0.5841,19,✗ No,budget_exceeded
6,508,495,08-31,+10.0%,+16.72%,0.5836,19,✗ No,budget_exceeded
6,508,496,08-31,+10.0%,+16.72%,0.5836,19,✗ No,budget_exceeded
6,508,497,08-31,+10.0%,+16.68%,0.5834,19,✗ No,budget_exceeded
6,508,497,08-31,+10.0%,+10.05%,0.5503,19,✓ Yes,completed
6,508,498,08-31,+10.0%,+10.05%,0.5503,19,✓ Yes,completed
6,508,499,08-31,+9.7%,+9.89%,0.5494,20,✓ Yes,completed
6,508,499,08-31,+9.6%,+9.83%,0.5491,20,✓ Yes,completed
6,508,500,08-31,+9.5%,+9.76%,0.5488,20,✓ Yes,completed
6,508,501,08-31,+9.5%,+9.76%,0.5488,20,✓ Yes,completed
6,508,501,08-31,+9.4%,+9.68%,0.5484,20,✓ Yes,completed
6,508,502,08-31,+9.2%,+9.58%,0.5479,21,✓ Yes,completed
6,508,503,08-31,+9.2%,+9.58%,0.5479,21,✓ Yes,completed
6,508,503,08-31,+9.2%,+9.53%,0.5477,21,✓ Yes,completed
6,508,504,08-31,+9.1%,+9.52%,0.5476,21,✓ Yes,completed
6,508,505,08-31,+9.1%,+9.52%,0.5476,21,✓ Yes,completed
6,508,505,08-31,+9.1%,+9.45%,0.5472,22,✓ Yes,completed
6,508,506,08-31,+8.9%,+9.31%,0.5466,22,✓ Yes,completed
6,508,507,08-31,+8.9%,+9.31%,0.5466,22,✓ Yes,completed
6,508,508,08-31,+8.8%,+9.21%,0.5460,26,✓ Yes,completed
6,509,494,08-31,+10.0%,+16.77%,0.5839,19,✗ No,budget_exceeded
6,509,495,08-31,+10.0%,+16.67%,0.5834,19,✗ No,budget_exceeded
6,509,495,08-31,+10.0%,+16.57%,0.5828,19,✗ No,budget_exceeded
6,509,496,08-31,+10.0%,+16.53%,0.5826,19,✗ No,budget_exceeded
6,509,497,08-31,+10.0%,+16.53%,0.5826,19,✗ No,budget_exceeded
6,509,497,08-31,+9.9%,+10.01%,0.5500,19,✓ Yes,completed
6,509,498,08-31,+9.6%,+9.80%,0.5490,20,✓ Yes,completed
6,509,499,08-31,+9.6%,+9.80%,0.5490,20,✓ Yes,completed
6,509,499,08-31,+9.5%,+9.74%,0.5487,20,✓ Yes,completed
6,509,500,08-31,+9.4%,+9.68%,0.5484,20,✓ Yes,completed
6,509,501,08-31,+9.4%,+9.68%,0.5484,20,✓ Yes,completed
6,509,502,08-31,+9.3%,+9.62%,0.5481,20,✓ Yes,completed
6,509,502,08-31,+9.1%,+9.49%,0.5475,21,✓ Yes,completed
6,509,503,08-31,+9.1%,+9.49%,0.5475,21,✓ Yes,completed
6,509,504,08-31,+9.0%,+9.43%,0.5472,21,✓ Yes,completed
6,509,504,08-31,+9.0%,+9.42%,0.5471,21,✓ Yes,completed
6,509,505,08-31,+8.9%,+9.28%,0.5464,21,✓ Yes,completed
6,509,506,08-31,+8.9%,+9.28%,0.5464,21,✓ Yes,completed
6,509,506,08-31,+8.8%,+9.20%,0.5460,21,✓ Yes,completed
6,509,507,08-31,+8.7%,+9.13%,0.5456,22,✓ Yes,completed
6,509,508,08-31,+8.7%,+9.13%,0.5456,22,✓ Yes,completed
6,509,509,08-31,+8.4%,+8.87%,0.5443,30,✓ Yes,completed
6,510,494,08-31,+9.9%,+10.04%,0.5502,18,✓ Yes,completed
6,510,495,08-31,+9.9%,+10.02%,0.5501,18,✓ Yes,completed
6,510,495,08-31,+9.8%,+9.98%,0.5499,18,✓ Yes,completed
6,510,496,08-31,+9.8%,+9.98%,0.5499,18,✓ Yes,completed
6,510,497,08-31,+9.8%,+9.95%,0.5497,18,✓ Yes,completed
6,510,497,08-31,+9.6%,+9.85%,0.5492,18,✓ Yes,completed
6,510,498,08-31,+9.6%,+9.85%,0.5492,18,✓ Yes,completed
6,510,499,08-31,+9.4%,+9.66%,0.5483,19,✓ Yes,completed
6,510,499,08-31,+9.3%,+9.61%,0.5481,19,✓ Yes,completed
6,510,500,08-31,+9.2%,+9.55%,0.5477,19,✓ Yes,completed
6,510,501,08-31,+9.2%,+9.55%,0.5477,19,✓ Yes,completed
6,510,501,08-31,+9.0%,+9.45%,0.5472,19,✓ Yes,completed
6,510,502,08-31,+8.9%,+9.31%,0.5465,20,✓ Yes,completed
6,510,503,08-31,+8.9%,+9.31%,0.5465,20,✓ Yes,completed
6,510,503,08-31,+8.8%,+9.24%,0.5462,20,✓ Yes,completed
6,510,504,08-31,+8.8%,+9.23%,0.5461,20,✓ Yes,completed
6,510,505,08-31,+8.8%,+9.23%,0.5461,20,✓ Yes,completed
6,510,505,08-31,+8.7%,+9.10%,0.5455,20,✓ Yes,completed
6,510,506,08-31,+8.6%,+9.03%,0.5452,20,✓ Yes,completed
6,510,507,08-31,+8.6%,+9.03%,0.5452,20,✓ Yes,completed
6,510,507,08-31,+8.5%,+8.98%,0.5449,20,✓ Yes,completed
6,510,508,08-31,+8.3%,+8.77%,0.5439,23,✓ Yes,completed
6,510,509,08-31,+8.3%,+8.77%,0.5439,23,✓ Yes,completed
6,510,510,08-31,+8.1%,+8.63%,0.5432,28,✓ Yes,completed
6,511,494,08-31,+9.8%,+9.99%,0.5499,18,✓ Yes,completed
6,511,495,08-31,+9.8%,+9.96%,0.5498,18,✓ Yes,completed
6,511,495,08-31,+9.7%,+9.91%,0.5496,18,✓ Yes,completed
6,511,496,08-31,+9.7%,+9.91%,0.5496,18,✓ Yes,completed
6,511,497,08-31,+9.7%,+9.88%,0.5494,18,✓ Yes,completed
6,511,497,08-31,+9.5%,+9.77%,0.5489,18,✓ Yes,completed
6,511,498,08-31,+9.3%,+9.60%,0.5480,19,✓ Yes,completed
6,511,499,08-31,+9.3%,+9.60%,0.5480,19,✓ Yes,completed
6,511,499,08-31,+9.2%,+9.55%,0.5477,19,✓ Yes,completed
6,511,500,08-31,+9.1%,+9.47%,0.5473,19,✓ Yes,completed
6,511,501,08-31,+9.1%,+9.47%,0.5473,19,✓ Yes,completed
6,511,502,08-31,+8.9%,+9.36%,0.5468,19,✓ Yes,completed
6,511,502,08-31,+8.8%,+9.20%,0.5460,20,✓ Yes,completed
6,511,503,08-31,+8.8%,+9.20%,0.5460,20,✓ Yes,completed
6,511,504,08-31,+8.7%,+9.14%,0.5457,20,✓ Yes,completed
6,511,504,08-31,+8.7%,+9.13%,0.5456,20,✓ Yes,completed
6,511,505,08-31,+8.7%,+9.13%,0.5456,20,✓ Yes,completed
6,511,506,08-31,+8.5%,+9.00%,0.5450,20,✓ Yes,completed
6,511,506,08-31,+8.5%,+8.94%,0.5447,20,✓ Yes,completed
6,511,507,08-31,+8.4%,+8.89%,0.5445,20,✓ Yes,completed
6,511,508,08-31,+8.4%,+8.89%,0.5445,20,✓ Yes,completed
6,511,508,08-31,+8.1%,+8.66%,0.5433,22,✓ Yes,completed
6,511,509,08-31,+8.0%,+8.52%,0.5426,25,✓ Yes,completed
6,511,510,08-31,+8.0%,+8.52%,0.5426,25,✓ Yes,completed
6,511,511,08-31,+7.9%,+8.39%,0.5419,30,✓ Yes,completed
6,505,494,09-01,+10.0%,+24.75%,0.6237,18,✗ No,budget_exceeded
6,505,495,09-01,+10.0%,+24.65%,0.6233,18,✗ No,budget_exceeded
6,505,495,09-01,+10.0%,+18.15%,0.5908,19,✗ No,budget_exceeded
6,505,496,09-01,+10.0%,+18.11%,0.5906,19,✗ No,budget_exceeded
6,505,497,09-01,+10.0%,+18.11%,0.5906,19,✗ No,budget_exceeded
6,505,497,09-01,+10.0%,+17.98%,0.5899,20,✗ No,budget_exceeded
6,505,498,09-01,+10.0%,+17.74%,0.5887,21,✗ No,budget_exceeded
6,505,499,09-01,+10.0%,+17.74%,0.5887,21,✗ No,budget_exceeded
6,505,500,09-01,+10.0%,+17.53%,0.5876,22,✗ No,budget_exceeded
6,505,500,09-01,+10.0%,+9.46%,0.5473,22,✓ Yes,completed
6,505,501,09-01,+10.0%,+9.46%,0.5473,22,✓ Yes,completed
6,505,502,09-01,+9.9%,+9.36%,0.5468,22,✓ Yes,completed
6,505,502,09-01,+9.7%,+9.19%,0.5459,25,✓ Yes,completed
6,505,503,09-01,+9.6%,+9.09%,0.5455,25,✓ Yes,completed
6,505,504,09-01,+9.6%,+9.09%,0.5455,25,✓ Yes,completed
6,505,505,09-01,+9.5%,+9.03%,0.5451,27,✓ Yes,completed
6,506,494,09-01,+10.0%,+18.17%,0.5908,19,✗ No,budget_exceeded
6,506,495,09-01,+10.0%,+18.07%,0.5903,19,✗ No,budget_exceeded
6,506,495,09-01,+10.0%,+17.96%,0.5898,19,✗ No,budget_exceeded
6,506,496,09-01,+10.0%,+17.96%,0.5898,19,✗ No,budget_exceeded
6,506,497,09-01,+10.0%,+17.92%,0.5896,19,✗ No,budget_exceeded
6,506,497,09-01,+10.0%,+17.70%,0.5885,19,✗ No,budget_exceeded
6,506,498,09-01,+10.0%,+17.43%,0.5872,20,✗ No,budget_exceeded
6,506,499,09-01,+10.0%,+17.43%,0.5872,20,✗ No,budget_exceeded
6,506,499,09-01,+9.9%,+9.40%,0.5470,21,✓ Yes,completed
6,506,500,09-01,+9.8%,+9.31%,0.5466,21,✓ Yes,completed
6,506,501,09-01,+9.8%,+9.31%,0.5466,21,✓ Yes,completed
6,506,501,09-01,+9.7%,+9.20%,0.5460,21,✓ Yes,completed
6,506,502,09-01,+9.5%,+9.03%,0.5452,24,✓ Yes,completed
6,506,503,09-01,+9.5%,+9.03%,0.5452,24,✓ Yes,completed
6,506,503,09-01,+9.4%,+8.97%,0.5449,24,✓ Yes,completed
6,506,504,09-01,+9.4%,+8.95%,0.5447,24,✓ Yes,completed
6,506,505,09-01,+9.4%,+8.95%,0.5447,24,✓ Yes,completed
6,506,506,09-01,+9.3%,+8.88%,0.5444,27,✓ Yes,completed
6,507,494,09-01,+10.0%,+17.95%,0.5897,19,✗ No,budget_exceeded
6,507,495,09-01,+10.0%,+17.85%,0.5892,19,✗ No,budget_exceeded
6,507,495,09-01,+10.0%,+17.74%,0.5887,19,✗ No,budget_exceeded
6,507,496,09-01,+10.0%,+17.70%,0.5885,19,✗ No,budget_exceeded
6,507,497,09-01,+10.0%,+17.70%,0.5885,19,✗ No,budget_exceeded
6,507,497,09-01,+10.0%,+17.48%,0.5874,19,✗ No,budget_exceeded
6,507,498,09-01,+9.8%,+9.30%,0.5465,20,✓ Yes,completed
6,507,499,09-01,+9.8%,+9.30%,0.5465,20,✓ Yes,completed
6,507,500,09-01,+9.7%,+9.23%,0.5461,20,✓ Yes,completed
6,507,500,09-01,+9.6%,+9.14%,0.5457,20,✓ Yes,completed
6,507,501,09-01,+9.6%,+9.14%,0.5457,20,✓ Yes,completed
6,507,502,09-01,+9.5%,+9.04%,0.5452,20,✓ Yes,completed
6,507,502,09-01,+9.3%,+8.91%,0.5446,21,✓ Yes,completed
6,507,503,09-01,+9.2%,+8.86%,0.5443,21,✓ Yes,completed
6,507,504,09-01,+9.2%,+8.86%,0.5443,21,✓ Yes,completed
6,507,504,09-01,+9.2%,+8.84%,0.5442,21,✓ Yes,completed
6,507,505,09-01,+9.2%,+8.77%,0.5439,23,✓ Yes,completed
6,507,506,09-01,+9.2%,+8.77%,0.5439,23,✓ Yes,completed
6,507,507,09-01,+9.1%,+8.67%,0.5433,28,✓ Yes,completed
6,508,494,09-01,+10.0%,+17.82%,0.5891,19,✗ No,budget_exceeded
6,508,495,09-01,+10.0%,+17.73%,0.5886,19,✗ No,budget_exceeded
6,508,495,09-01,+10.0%,+17.62%,0.5881,19,✗ No,budget_exceeded
6,508,496,09-01,+10.0%,+17.62%,0.5881,19,✗ No,budget_exceeded
6,508,497,09-01,+10.0%,+17.58%,0.5879,19,✗ No,budget_exceeded
6,508,497,09-01,+10.0%,+9.46%,0.5473,19,✓ Yes,completed
6,508,498,09-01,+10.0%,+9.46%,0.5473,19,✓ Yes,completed
6,508,499,09-01,+9.7%,+9.21%,0.5461,20,✓ Yes,completed
6,508,499,09-01,+9.6%,+9.14%,0.5457,20,✓ Yes,completed
6,508,500,09-01,+9.5%,+9.06%,0.5453,20,✓ Yes,completed
6,508,501,09-01,+9.5%,+9.06%,0.5453,20,✓ Yes,completed
6,508,501,09-01,+9.4%,+8.97%,0.5448,20,✓ Yes,completed
6,508,502,09-01,+9.2%,+8.83%,0.5442,21,✓ Yes,completed
6,508,503,09-01,+9.2%,+8.83%,0.5442,21,✓ Yes,completed
6,508,503,09-01,+9.2%,+8.78%,0.5439,21,✓ Yes,completed
6,508,504,09-01,+9.1%,+8.76%,0.5438,21,✓ Yes,completed
6,508,505,09-01,+9.1%,+8.76%,0.5438,21,✓ Yes,completed
6,508,505,09-01,+9.1%,+8.70%,0.5435,22,✓ Yes,completed
6,508,506,09-01,+8.9%,+8.59%,0.5429,22,✓ Yes,completed
6,508,507,09-01,+8.9%,+8.59%,0.5429,22,✓ Yes,completed
6,508,508,09-01,+8.8%,+8.51%,0.5426,26,✓ Yes,completed
6,509,494,09-01,+10.0%,+17.67%,0.5884,19,✗ No,budget_exceeded
6,509,495,09-01,+10.0%,+17.57%,0.5879,19,✗ No,budget_exceeded
6,509,495,09-01,+10.0%,+17.46%,0.5873,19,✗ No,budget_exceeded
6,509,496,09-01,+10.0%,+17.42%,0.5871,19,✗ No,budget_exceeded
6,509,497,09-01,+10.0%,+17.42%,0.5871,19,✗ No,budget_exceeded
6,509,497,09-01,+9.9%,+9.37%,0.5469,19,✓ Yes,completed
6,509,498,09-01,+9.6%,+9.11%,0.5456,20,✓ Yes,completed
6,509,499,09-01,+9.6%,+9.11%,0.5456,20,✓ Yes,completed
6,509,499,09-01,+9.5%,+9.04%,0.5452,20,✓ Yes,completed
6,509,500,09-01,+9.4%,+8.98%,0.5449,20,✓ Yes,completed
6,509,501,09-01,+9.4%,+8.98%,0.5449,20,✓ Yes,completed
6,509,502,09-01,+9.3%,+8.88%,0.5444,20,✓ Yes,completed
6,509,502,09-01,+9.1%,+8.74%,0.5437,21,✓ Yes,completed
6,509,503,09-01,+9.1%,+8.74%,0.5437,21,✓ Yes,completed
6,509,504,09-01,+9.0%,+8.68%,0.5434,21,✓ Yes,completed
6,509,504,09-01,+9.0%,+8.67%,0.5434,21,✓ Yes,completed
6,509,505,09-01,+8.9%,+8.56%,0.5428,21,✓ Yes,completed
6,509,506,09-01,+8.9%,+8.56%,0.5428,21,✓ Yes,completed
6,509,506,09-01,+8.8%,+8.52%,0.5426,21,✓ Yes,completed
6,509,507,09-01,+8.7%,+8.47%,0.5424,22,✓ Yes,completed
6,509,508,09-01,+8.7%,+8.47%,0.5424,22,✓ Yes,completed
6,509,509,09-01,+8.4%,+8.31%,0.5416,30,✓ Yes,completed
6,510,494,09-01,+9.9%,+9.43%,0.5472,18,✓ Yes,completed
6,510,495,09-01,+9.9%,+9.39%,0.5470,18,✓ Yes,completed
6,510,495,09-01,+9.8%,+9.33%,0.5467,18,✓ Yes,completed
6,510,496,09-01,+9.8%,+9.33%,0.5467,18,✓ Yes,completed
6,510,497,09-01,+9.8%,+9.29%,0.5465,18,✓ Yes,completed
6,510,497,09-01,+9.6%,+9.17%,0.5458,18,✓ Yes,completed
6,510,498,09-01,+9.6%,+9.17%,0.5458,18,✓ Yes,completed
6,510,499,09-01,+9.4%,+8.94%,0.5447,19,✓ Yes,completed
6,510,499,09-01,+9.3%,+8.87%,0.5444,19,✓ Yes,completed
6,510,500,09-01,+9.2%,+8.79%,0.5440,19,✓ Yes,completed
6,510,501,09-01,+9.2%,+8.79%,0.5440,19,✓ Yes,completed
6,510,501,09-01,+9.0%,+8.70%,0.5435,19,✓ Yes,completed
6,510,502,09-01,+8.9%,+8.59%,0.5429,20,✓ Yes,completed
6,510,503,09-01,+8.9%,+8.59%,0.5429,20,✓ Yes,completed
6,510,503,09-01,+8.8%,+8.54%,0.5427,20,✓ Yes,completed
6,510,504,09-01,+8.8%,+8.53%,0.5427,20,✓ Yes,completed
6,510,505,09-01,+8.8%,+8.53%,0.5427,20,✓ Yes,completed
6,510,505,09-01,+8.7%,+8.46%,0.5423,20,✓ Yes,completed
6,510,506,09-01,+8.6%,+8.43%,0.5421,20,✓ Yes,completed
6,510,507,09-01,+8.6%,+8.43%,0.5421,20,✓ Yes,completed
6,510,507,09-01,+8.5%,+8.40%,0.5420,20,✓ Yes,completed
6,510,508,09-01,+8.3%,+8.28%,0.5414,23,✓ Yes,completed
6,510,509,09-01,+8.3%,+8.28%,0.5414,23,✓ Yes,completed
6,510,510,09-01,+8.1%,+8.22%,0.5411,28,✓ Yes,completed
6,511,494,09-01,+9.8%,+9.35%,0.5467,18,✓ Yes,completed
6,511,495,09-01,+9.8%,+9.31%,0.5465,18,✓ Yes,completed
6,511,495,09-01,+9.7%,+9.24%,0.5462,18,✓ Yes,completed
6,511,496,09-01,+9.7%,+9.24%,0.5462,18,✓ Yes,completed
6,511,497,09-01,+9.7%,+9.20%,0.5460,18,✓ Yes,completed
6,511,497,09-01,+9.5%,+9.08%,0.5454,18,✓ Yes,completed
6,511,498,09-01,+9.3%,+8.86%,0.5443,19,✓ Yes,completed
6,511,499,09-01,+9.3%,+8.86%,0.5443,19,✓ Yes,completed
6,511,499,09-01,+9.2%,+8.79%,0.5440,19,✓ Yes,completed
6,511,500,09-01,+9.1%,+8.72%,0.5436,19,✓ Yes,completed
6,511,501,09-01,+9.1%,+8.72%,0.5436,19,✓ Yes,completed
6,511,502,09-01,+8.9%,+8.62%,0.5431,19,✓ Yes,completed
6,511,502,09-01,+8.8%,+8.52%,0.5426,20,✓ Yes,completed
6,511,503,09-01,+8.8%,+8.52%,0.5426,20,✓ Yes,completed
6,511,504,09-01,+8.7%,+8.49%,0.5424,20,✓ Yes,completed
6,511,504,09-01,+8.7%,+8.48%,0.5424,20,✓ Yes,completed
6,511,505,09-01,+8.7%,+8.48%,0.5424,20,✓ Yes,completed
6,511,506,09-01,+8.5%,+8.41%,0.5421,20,✓ Yes,completed
6,511,506,09-01,+8.5%,+8.37%,0.5419,20,✓ Yes,completed
6,511,507,09-01,+8.4%,+8.35%,0.5417,20,✓ Yes,completed
6,511,508,09-01,+8.4%,+8.35%,0.5417,20,✓ Yes,completed
6,511,508,09-01,+8.1%,+8.24%,0.5412,22,✓ Yes,completed
6,511,509,09-01,+8.0%,+8.16%,0.5408,25,✓ Yes,completed
6,511,510,09-01,+8.0%,+8.16%,0.5408,25,✓ Yes,completed
6,511,511,09-01,+7.9%,+8.06%,0.5403,30,✓ Yes,completed
7,503,500,08-29,+10.0%,+13.32%,0.5666,22,✗ No,budget_exceeded
7,503,500,08-29,+10.0%,+13.32%,0.5666,22,✗ No,budget_exceeded
7,503,500,08-29,+10.0%,+13.13%,0.5657,23,✗ No,budget_exceeded
7,503,500,08-29,+10.0%,+13.13%,0.5657,23,✗ No,budget_exceeded
7,503,501,08-29,+10.0%,+13.13%,0.5657,23,✗ No,budget_exceeded
7,503,501,08-29,+10.0%,+8.79%,0.5439,24,✓ Yes,completed
7,503,501,08-29,+10.0%,+8.79%,0.5439,24,✓ Yes,completed
7,503,502,08-29,+10.0%,+8.79%,0.5439,24,✓ Yes,completed
7,503,502,08-29,+9.8%,+8.64%,0.5432,27,✓ Yes,completed
7,503,502,08-29,+9.8%,+8.64%,0.5432,27,✓ Yes,completed
7,503,503,08-29,+9.8%,+8.64%,0.5432,27,✓ Yes,completed
7,503,503,08-29,+9.7%,+8.50%,0.5425,31,✓ Yes,completed
7,504,500,08-29,+10.0%,+13.10%,0.5655,22,✗ No,budget_exceeded
7,504,500,08-29,+10.0%,+13.10%,0.5655,22,✗ No,budget_exceeded
7,504,500,08-29,+10.0%,+8.79%,0.5440,22,✓ Yes,completed
7,504,500,08-29,+10.0%,+8.79%,0.5440,22,✓ Yes,completed
7,504,501,08-29,+10.0%,+8.79%,0.5440,22,✓ Yes,completed
7,504,501,08-29,+9.9%,+8.68%,0.5434,22,✓ Yes,completed
7,504,501,08-29,+9.9%,+8.68%,0.5434,22,✓ Yes,completed
7,504,502,08-29,+9.9%,+8.68%,0.5434,22,✓ Yes,completed
7,504,502,08-29,+9.7%,+8.50%,0.5425,25,✓ Yes,completed
7,504,502,08-29,+9.7%,+8.50%,0.5425,25,✓ Yes,completed
7,504,503,08-29,+9.7%,+8.50%,0.5425,25,✓ Yes,completed
7,504,503,08-29,+9.6%,+8.40%,0.5420,25,✓ Yes,completed
7,504,503,08-29,+9.6%,+8.40%,0.5420,25,✓ Yes,completed
7,504,504,08-29,+9.6%,+8.40%,0.5420,25,✓ Yes,completed
7,504,504,08-29,+9.5%,+8.32%,0.5416,27,✓ Yes,completed
7,505,500,08-29,+9.9%,+8.72%,0.5436,21,✓ Yes,completed
7,505,500,08-29,+9.9%,+8.72%,0.5436,21,✓ Yes,completed
7,505,500,08-29,+9.8%,+8.63%,0.5432,21,✓ Yes,completed
7,505,500,08-29,+9.8%,+8.63%,0.5432,21,✓ Yes,completed
7,505,501,08-29,+9.8%,+8.63%,0.5432,21,✓ Yes,completed
7,505,501,08-29,+9.7%,+8.51%,0.5425,21,✓ Yes,completed
7,505,501,08-29,+9.7%,+8.51%,0.5425,21,✓ Yes,completed
7,505,502,08-29,+9.7%,+8.51%,0.5425,21,✓ Yes,completed
7,505,502,08-29,+9.5%,+8.33%,0.5416,24,✓ Yes,completed
7,505,502,08-29,+9.5%,+8.33%,0.5416,24,✓ Yes,completed
7,505,503,08-29,+9.5%,+8.33%,0.5416,24,✓ Yes,completed
7,505,503,08-29,+9.4%,+8.25%,0.5412,24,✓ Yes,completed
7,505,503,08-29,+9.4%,+8.25%,0.5412,24,✓ Yes,completed
7,505,504,08-29,+9.4%,+8.25%,0.5412,24,✓ Yes,completed
7,505,504,08-29,+9.4%,+8.22%,0.5411,24,✓ Yes,completed
7,505,504,08-29,+9.4%,+8.22%,0.5411,24,✓ Yes,completed
7,505,505,08-29,+9.4%,+8.22%,0.5411,24,✓ Yes,completed
7,505,505,08-29,+9.3%,+8.13%,0.5407,27,✓ Yes,completed
7,503,500,08-30,+10.0%,+15.69%,0.5784,22,✗ No,budget_exceeded
7,503,500,08-30,+10.0%,+15.69%,0.5784,22,✗ No,budget_exceeded
7,503,500,08-30,+10.0%,+15.50%,0.5775,23,✗ No,budget_exceeded
7,503,500,08-30,+10.0%,+15.50%,0.5775,23,✗ No,budget_exceeded
7,503,501,08-30,+10.0%,+15.50%,0.5775,23,✗ No,budget_exceeded
7,503,501,08-30,+10.0%,+10.18%,0.5509,24,✓ Yes,completed
7,503,501,08-30,+10.0%,+10.18%,0.5509,24,✓ Yes,completed
7,503,502,08-30,+10.0%,+10.18%,0.5509,24,✓ Yes,completed
7,503,502,08-30,+9.8%,+10.03%,0.5502,27,✓ Yes,completed
7,503,502,08-30,+9.8%,+10.03%,0.5502,27,✓ Yes,completed
7,503,503,08-30,+9.8%,+10.03%,0.5502,27,✓ Yes,completed
7,503,503,08-30,+9.7%,+9.89%,0.5495,31,✓ Yes,completed
7,504,500,08-30,+10.0%,+15.47%,0.5774,22,✗ No,budget_exceeded
7,504,500,08-30,+10.0%,+15.47%,0.5774,22,✗ No,budget_exceeded
7,504,500,08-30,+10.0%,+10.19%,0.5509,22,✓ Yes,completed
7,504,500,08-30,+10.0%,+10.19%,0.5509,22,✓ Yes,completed
7,504,501,08-30,+10.0%,+10.19%,0.5509,22,✓ Yes,completed
7,504,501,08-30,+9.9%,+10.07%,0.5504,22,✓ Yes,completed
7,504,501,08-30,+9.9%,+10.07%,0.5504,22,✓ Yes,completed
7,504,502,08-30,+9.9%,+10.07%,0.5504,22,✓ Yes,completed
7,504,502,08-30,+9.7%,+9.90%,0.5495,25,✓ Yes,completed
7,504,502,08-30,+9.7%,+9.90%,0.5495,25,✓ Yes,completed
7,504,503,08-30,+9.7%,+9.90%,0.5495,25,✓ Yes,completed
7,504,503,08-30,+9.6%,+9.80%,0.5490,25,✓ Yes,completed
7,504,503,08-30,+9.6%,+9.80%,0.5490,25,✓ Yes,completed
7,504,504,08-30,+9.6%,+9.80%,0.5490,25,✓ Yes,completed
7,504,504,08-30,+9.5%,+9.73%,0.5487,27,✓ Yes,completed
7,505,500,08-30,+9.9%,+10.12%,0.5506,21,✓ Yes,completed
7,505,500,08-30,+9.9%,+10.12%,0.5506,21,✓ Yes,completed
7,505,500,08-30,+9.8%,+10.03%,0.5501,21,✓ Yes,completed
7,505,500,08-30,+9.8%,+10.03%,0.5501,21,✓ Yes,completed
7,505,501,08-30,+9.8%,+10.03%,0.5501,21,✓ Yes,completed
7,505,501,08-30,+9.7%,+9.91%,0.5495,21,✓ Yes,completed
7,505,501,08-30,+9.7%,+9.91%,0.5495,21,✓ Yes,completed
7,505,502,08-30,+9.7%,+9.91%,0.5495,21,✓ Yes,completed
7,505,502,08-30,+9.5%,+9.73%,0.5487,24,✓ Yes,completed
7,505,502,08-30,+9.5%,+9.73%,0.5487,24,✓ Yes,completed
7,505,503,08-30,+9.5%,+9.73%,0.5487,24,✓ Yes,completed
7,505,503,08-30,+9.4%,+9.66%,0.5483,24,✓ Yes,completed
7,505,503,08-30,+9.4%,+9.66%,0.5483,24,✓ Yes,completed
7,505,504,08-30,+9.4%,+9.66%,0.5483,24,✓ Yes,completed
7,505,504,08-30,+9.4%,+9.63%,0.5482,24,✓ Yes,completed
7,505,504,08-30,+9.4%,+9.63%,0.5482,24,✓ Yes,completed
7,505,505,08-30,+9.4%,+9.63%,0.5482,24,✓ Yes,completed
7,505,505,08-30,+9.3%,+9.55%,0.5478,27,✓ Yes,completed
7,503,500,08-31,+10.0%,+16.84%,0.5842,22,✗ No,budget_exceeded
7,503,500,08-31,+10.0%,+16.84%,0.5842,22,✗ No,budget_exceeded
7,503,500,08-31,+10.0%,+16.66%,0.5833,23,✗ No,budget_exceeded
7,503,500,08-31,+10.0%,+16.66%,0.5833,23,✗ No,budget_exceeded
7,503,501,08-31,+10.0%,+16.66%,0.5833,23,✗ No,budget_exceeded
7,503,501,08-31,+10.0%,+10.04%,0.5502,24,✓ Yes,completed
7,503,501,08-31,+10.0%,+10.04%,0.5502,24,✓ Yes,completed
7,503,502,08-31,+10.0%,+10.04%,0.5502,24,✓ Yes,completed
7,503,502,08-31,+9.8%,+9.96%,0.5498,27,✓ Yes,completed
7,503,502,08-31,+9.8%,+9.96%,0.5498,27,✓ Yes,completed
7,503,503,08-31,+9.8%,+9.96%,0.5498,27,✓ Yes,completed
7,503,503,08-31,+9.7%,+9.85%,0.5493,31,✓ Yes,completed
7,504,500,08-31,+10.0%,+16.63%,0.5831,22,✗ No,budget_exceeded
7,504,500,08-31,+10.0%,+16.63%,0.5831,22,✗ No,budget_exceeded
7,504,500,08-31,+10.0%,+10.05%,0.5502,22,✓ Yes,completed
7,504,500,08-31,+10.0%,+10.05%,0.5502,22,✓ Yes,completed
7,504,501,08-31,+10.0%,+10.05%,0.5502,22,✓ Yes,completed
7,504,501,08-31,+9.9%,+9.99%,0.5500,22,✓ Yes,completed
7,504,501,08-31,+9.9%,+9.99%,0.5500,22,✓ Yes,completed
7,504,502,08-31,+9.9%,+9.99%,0.5500,22,✓ Yes,completed
7,504,502,08-31,+9.7%,+9.86%,0.5493,25,✓ Yes,completed
7,504,502,08-31,+9.7%,+9.86%,0.5493,25,✓ Yes,completed
7,504,503,08-31,+9.7%,+9.86%,0.5493,25,✓ Yes,completed
7,504,503,08-31,+9.6%,+9.78%,0.5489,25,✓ Yes,completed
7,504,503,08-31,+9.6%,+9.78%,0.5489,25,✓ Yes,completed
7,504,504,08-31,+9.6%,+9.78%,0.5489,25,✓ Yes,completed
7,504,504,08-31,+9.5%,+9.72%,0.5486,27,✓ Yes,completed
7,505,500,08-31,+9.9%,+10.02%,0.5501,21,✓ Yes,completed
7,505,500,08-31,+9.9%,+10.02%,0.5501,21,✓ Yes,completed
7,505,500,08-31,+9.8%,+9.96%,0.5498,21,✓ Yes,completed
7,505,500,08-31,+9.8%,+9.96%,0.5498,21,✓ Yes,completed
7,505,501,08-31,+9.8%,+9.96%,0.5498,21,✓ Yes,completed
7,505,501,08-31,+9.7%,+9.87%,0.5494,21,✓ Yes,completed
7,505,501,08-31,+9.7%,+9.87%,0.5494,21,✓ Yes,completed
7,505,502,08-31,+9.7%,+9.87%,0.5494,21,✓ Yes,completed
7,505,502,08-31,+9.5%,+9.73%,0.5486,24,✓ Yes,completed
7,505,502,08-31,+9.5%,+9.73%,0.5486,24,✓ Yes,completed
7,505,503,08-31,+9.5%,+9.73%,0.5486,24,✓ Yes,completed
7,505,503,08-31,+9.4%,+9.68%,0.5484,24,✓ Yes,completed
7,505,503,08-31,+9.4%,+9.68%,0.5484,24,✓ Yes,completed
7,505,504,08-31,+9.4%,+9.68%,0.5484,24,✓ Yes,completed
7,505,504,08-31,+9.4%,+9.66%,0.5483,24,✓ Yes,completed
7,505,504,08-31,+9.4%,+9.66%,0.5483,24,✓ Yes,completed
7,505,505,08-31,+9.4%,+9.66%,0.5483,24,✓ Yes,completed
7,505,505,08-31,+9.3%,+9.61%,0.5480,27,✓ Yes,completed
8,504,500,08-30,+10.0%,+15.50%,0.5775,23,✗ No,budget_exceeded
8,504,501,08-30,+10.0%,+15.50%,0.5775,23,✗ No,budget_exceeded
8,504,501,08-30,+10.0%,+15.50%,0.5775,23,✗ No,budget_exceeded
8,504,501,08-30,+10.0%,+10.18%,0.5509,24,✓ Yes,completed
8,504,502,08-30,+10.0%,+10.18%,0.5509,24,✓ Yes,completed
8,504,502,08-30,+10.0%,+10.18%,0.5509,24,✓ Yes,completed
8,504,502,08-30,+9.8%,+10.03%,0.5502,27,✓ Yes,completed
8,504,503,08-30,+9.8%,+10.03%,0.5502,27,✓ Yes,completed
8,504,503,08-30,+9.8%,+10.03%,0.5502,27,✓ Yes,completed
8,504,503,08-30,+9.7%,+9.89%,0.5495,31,✓ Yes,completed
8,504,504,08-30,+9.7%,+9.89%,0.5495,31,✓ Yes,completed
8,504,504,08-30,+9.7%,+9.89%,0.5495,31,✓ Yes,completed
8,505,500,08-30,+10.0%,+10.19%,0.5509,22,✓ Yes,completed
8,505,501,08-30,+10.0%,+10.19%,0.5509,22,✓ Yes,completed
8,505,501,08-30,+10.0%,+10.19%,0.5509,22,✓ Yes,completed
8,505,501,08-30,+9.9%,+10.07%,0.5504,22,✓ Yes,completed
8,505,502,08-30,+9.9%,+10.07%,0.5504,22,✓ Yes,completed
8,505,502,08-30,+9.9%,+10.07%,0.5504,22,✓ Yes,completed
8,505,502,08-30,+9.7%,+9.90%,0.5495,25,✓ Yes,completed
8,505,503,08-30,+9.7%,+9.90%,0.5495,25,✓ Yes,completed
8,505,503,08-30,+9.7%,+9.90%,0.5495,25,✓ Yes,completed
8,505,503,08-30,+9.6%,+9.80%,0.5490,25,✓ Yes,completed
8,505,504,08-30,+9.6%,+9.80%,0.5490,25,✓ Yes,completed
8,505,504,08-30,+9.6%,+9.80%,0.5490,25,✓ Yes,completed
8,505,504,08-30,+9.5%,+9.73%,0.5487,27,✓ Yes,completed
8,505,505,08-30,+9.5%,+9.73%,0.5487,27,✓ Yes,completed
8,505,505,08-30,+9.5%,+9.73%,0.5487,27,✓ Yes,completed
8,504,500,08-31,+10.0%,+16.66%,0.5833,23,✗ No,budget_exceeded
8,504,501,08-31,+10.0%,+16.66%,0.5833,23,✗ No,budget_exceeded
8,504,501,08-31,+10.0%,+16.66%,0.5833,23,✗ No,budget_exceeded
8,504,501,08-31,+10.0%,+10.04%,0.5502,24,✓ Yes,completed
8,504,502,08-31,+10.0%,+10.04%,0.5502,24,✓ Yes,completed
8,504,502,08-31,+10.0%,+10.04%,0.5502,24,✓ Yes,completed
8,504,502,08-31,+9.8%,+9.96%,0.5498,27,✓ Yes,completed
8,504,503,08-31,+9.8%,+9.96%,0.5498,27,✓ Yes,completed
8,504,503,08-31,+9.8%,+9.96%,0.5498,27,✓ Yes,completed
8,504,503,08-31,+9.7%,+9.85%,0.5493,31,✓ Yes,completed
8,504,504,08-31,+9.7%,+9.85%,0.5493,31,✓ Yes,completed
8,504,504,08-31,+9.7%,+9.85%,0.5493,31,✓ Yes,completed
8,505,500,08-31,+10.0%,+10.05%,0.5502,22,✓ Yes,completed
8,505,501,08-31,+10.0%,+10.05%,0.5502,22,✓ Yes,completed
8,505,501,08-31,+10.0%,+10.05%,0.5502,22,✓ Yes,completed
8,505,501,08-31,+9.9%,+9.99%,0.5500,22,✓ Yes,completed
8,505,502,08-31,+9.9%,+9.99%,0.5500,22,✓ Yes,completed
8,505,502,08-31,+9.9%,+9.99%,0.5500,22,✓ Yes,completed
8,505,502,08-31,+9.7%,+9.86%,0.5493,25,✓ Yes,completed
8,505,503,08-31,+9.7%,+9.86%,0.5493,25,✓ Yes,completed
8,505,503,08-31,+9.7%,+9.86%,0.5493,25,✓ Yes,completed
8,505,503,08-31,+9.6%,+9.78%,0.5489,25,✓ Yes,completed
8,505,504,08-31,+9.6%,+9.78%,0.5489,25,✓ Yes,completed
8,505,504,08-31,+9.6%,+9.78%,0.5489,25,✓ Yes,completed
8,505,504,08-31,+9.5%,+9.72%,0.5486,27,✓ Yes,completed
8,505,505,08-31,+9.5%,+9.72%,0.5486,27,✓ Yes,completed
8,505,505,08-31,+9.5%,+9.72%,0.5486,27,✓ Yes,completed
9,504,501,08-30,+10.0%,+10.19%,0.5509,22,✓ Yes,completed
9,504,501,08-30,+9.9%,+10.07%,0.5504,22,✓ Yes,completed
9,504,501,08-30,+9.9%,+10.07%,0.5504,22,✓ Yes,completed
9,504,502,08-30,+9.9%,+10.07%,0.5504,22,✓ Yes,completed
9,504,502,08-30,+9.9%,+10.07%,0.5504,22,✓ Yes,completed
9,504,502,08-30,+9.7%,+9.90%,0.5495,25,✓ Yes,completed
9,504,503,08-30,+9.7%,+9.90%,0.5495,25,✓ Yes,completed
9,504,503,08-30,+9.7%,+9.90%,0.5495,25,✓ Yes,completed
9,504,503,08-30,+9.6%,+9.80%,0.5490,25,✓ Yes,completed
9,504,504,08-30,+9.6%,+9.80%,0.5490,25,✓ Yes,completed
9,504,504,08-30,+9.6%,+9.80%,0.5490,25,✓ Yes,completed
9,504,504,08-30,+9.5%,+9.73%,0.5487,27,✓ Yes,completed
9,504,501,08-31,+10.0%,+10.05%,0.5502,22,✓ Yes,completed
9,504,501,08-31,+9.9%,+9.99%,0.5500,22,✓ Yes,completed
9,504,501,08-31,+9.9%,+9.99%,0.5500,22,✓ Yes,completed
9,504,502,08-31,+9.9%,+9.99%,0.5500,22,✓ Yes,completed
9,504,502,08-31,+9.9%,+9.99%,0.5500,22,✓ Yes,completed
9,504,502,08-31,+9.7%,+9.86%,0.5493,25,✓ Yes,completed
9,504,503,08-31,+9.7%,+9.86%,0.5493,25,✓ Yes,completed
9,504,503,08-31,+9.7%,+9.86%,0.5493,25,✓ Yes,completed
9,504,503,08-31,+9.6%,+9.78%,0.5489,25,✓ Yes,completed
9,504,504,08-31,+9.6%,+9.78%,0.5489,25,✓ Yes,completed
9,504,504,08-31,+9.6%,+9.78%,0.5489,25,✓ Yes,completed
9,504,504,08-31,+9.5%,+9.72%,0.5486,27,✓ Yes,completed
