Iter,θ_p,θ_r,Start,Overhead %,CO₂ Save %,Score,Pauses,Budget,Stop
0,10,0,01-01,+10.0%,+99.17%,0.9959,1,✗ No,budget_exceeded
0,10,10,01-01,+10.0%,+99.17%,0.9959,1,✗ No,budget_exceeded
0,98,0,01-01,+10.0%,+99.17%,0.9959,1,✗ No,budget_exceeded
0,98,98,01-01,+10.0%,+99.17%,0.9959,1,✗ No,budget_exceeded
0,186,0,01-01,+10.0%,+99.17%,0.9959,1,✗ No,budget_exceeded
0,186,186,01-01,+10.0%,+99.17%,0.9959,1,✗ No,budget_exceeded
0,273,0,01-01,+10.0%,+99.17%,0.9959,1,✗ No,budget_exceeded
0,273,137,01-01,+10.0%,+99.17%,0.9959,1,✗ No,budget_exceeded
0,273,273,01-01,+10.0%,+96.93%,0.9846,14,✗ No,budget_exceeded
0,361,0,01-01,+10.0%,+99.17%,0.9959,1,✗ No,budget_exceeded
0,361,90,01-01,+10.0%,+99.17%,0.9959,1,✗ No,budget_exceeded
0,361,181,01-01,+10.0%,+99.17%,0.9959,1,✗ No,budget_exceeded
0,361,271,01-01,+10.0%,+82.75%,0.9137,4,✗ No,budget_exceeded
0,361,361,01-01,+10.0%,+76.99%,0.8850,13,✗ No,budget_exceeded
0,449,0,01-01,+0.0%,+0.00%,0.5000,0,✓ Yes,completed
0,449,90,01-01,+0.0%,+0.00%,0.5000,0,✓ Yes,completed
0,449,180,01-01,+0.0%,+0.00%,0.5000,0,✓ Yes,completed
0,449,269,01-01,+0.0%,+0.00%,0.5000,0,✓ Yes,completed
0,449,359,01-01,+0.0%,+0.00%,0.5000,0,✓ Yes,completed
0,449,449,01-01,+0.0%,+0.00%,0.5000,0,✓ Yes,completed
0,537,0,01-01,+0.0%,+0.00%,0.5000,0,✓ Yes,completed
0,537,89,01-01,+0.0%,+0.00%,0.5000,0,✓ Yes,completed
0,537,179,01-01,+0.0%,+0.00%,0.5000,0,✓ Yes,completed
0,537,268,01-01,+0.0%,+0.00%,0.5000,0,✓ Yes,completed
0,537,358,01-01,+0.0%,+0.00%,0.5000,0,✓ Yes,completed
0,537,447,01-01,+0.0%,+0.00%,0.5000,0,✓ Yes,completed
0,537,537,01-01,+0.0%,+0.00%,0.5000,0,✓ Yes,completed
0,624,0,01-01,+0.0%,+0.00%,0.5000,0,✓ Yes,completed
0,624,89,01-01,+0.0%,+0.00%,0.5000,0,✓ Yes,completed
0,624,178,01-01,+0.0%,+0.00%,0.5000,0,✓ Yes,completed
0,624,268,01-01,+0.0%,+0.00%,0.5000,0,✓ Yes,completed
0,624,357,01-01,+0.0%,+0.00%,0.5000,0,✓ Yes,completed
0,624,446,01-01,+0.0%,+0.00%,0.5000,0,✓ Yes,completed
0,624,535,01-01,+0.0%,+0.00%,0.5000,0,✓ Yes,completed
0,624,624,01-01,+0.0%,+0.00%,0.5000,0,✓ Yes,completed
0,712,0,01-01,+0.0%,+0.00%,0.5000,0,✓ Yes,completed
0,712,89,01-01,+0.0%,+0.00%,0.5000,0,✓ Yes,completed
0,712,178,01-01,+0.0%,+0.00%,0.5000,0,✓ Yes,completed
0,712,267,01-01,+0.0%,+0.00%,0.5000,0,✓ Yes,completed
0,712,356,01-01,+0.0%,+0.00%,0.5000,0,✓ Yes,completed
0,712,445,01-01,+0.0%,+0.00%,0.5000,0,✓ Yes,completed
0,712,534,01-01,+0.0%,+0.00%,0.5000,0,✓ Yes,completed
0,712,623,01-01,+0.0%,+0.00%,0.5000,0,✓ Yes,completed
0,712,712,01-01,+0.0%,+0.00%,0.5000,0,✓ Yes,completed
0,800,0,01-01,+0.0%,+0.00%,0.5000,0,✓ Yes,completed
0,800,89,01-01,+0.0%,+0.00%,0.5000,0,✓ Yes,completed
0,800,178,01-01,+0.0%,+0.00%,0.5000,0,✓ Yes,completed
0,800,267,01-01,+0.0%,+0.00%,0.5000,0,✓ Yes,completed
0,800,356,01-01,+0.0%,+0.00%,0.5000,0,✓ Yes,completed
0,800,444,01-01,+0.0%,+0.00%,0.5000,0,✓ Yes,completed
0,800,533,01-01,+0.0%,+0.00%,0.5000,0,✓ Yes,completed
0,800,622,01-01,+0.0%,+0.00%,0.5000,0,✓ Yes,completed
0,800,711,01-01,+0.0%,+0.00%,0.5000,0,✓ Yes,completed
0,800,800,01-01,+0.0%,+0.00%,0.5000,0,✓ Yes,completed
0,10,0,03-03,+10.0%,+98.99%,0.9949,1,✗ No,budget_exceeded
0,10,10,03-03,+10.0%,+98.99%,0.9949,1,✗ No,budget_exceeded
0,98,0,03-03,+10.0%,+98.99%,0.9949,1,✗ No,budget_exceeded
0,98,98,03-03,+10.0%,+98.99%,0.9949,1,✗ No,budget_exceeded
0,186,0,03-03,+10.0%,+98.99%,0.9949,1,✗ No,budget_exceeded
0,186,186,03-03,+10.0%,+98.62%,0.9931,4,✗ No,budget_exceeded
0,273,0,03-03,+10.0%,+98.72%,0.9936,1,✗ No,budget_exceeded
0,273,137,03-03,+10.0%,+98.72%,0.9936,1,✗ No,budget_exceeded
0,273,273,03-03,+10.0%,+95.48%,0.9774,9,✗ No,budget_exceeded
0,361,0,03-03,+10.0%,+97.83%,0.9891,1,✗ No,budget_exceeded
0,361,90,03-03,+10.0%,+97.83%,0.9891,1,✗ No,budget_exceeded
0,361,181,03-03,+10.0%,+97.42%,0.9871,2,✗ No,budget_exceeded
0,361,271,03-03,+10.0%,+92.22%,0.9611,8,✗ No,budget_exceeded
0,361,361,03-03,+10.0%,+75.20%,0.8760,21,✗ No,budget_exceeded
0,449,0,03-03,+0.0%,+0.00%,0.5000,0,✓ Yes,completed
0,449,90,03-03,+0.0%,+0.00%,0.5000,0,✓ Yes,completed
0,449,180,03-03,+0.0%,+0.00%,0.5000,0,✓ Yes,completed
0,449,269,03-03,+0.0%,+0.00%,0.5000,0,✓ Yes,completed
0,449,359,03-03,+0.0%,+0.00%,0.5000,0,✓ Yes,completed
0,449,449,03-03,+0.0%,+0.00%,0.5000,0,✓ Yes,completed
0,537,0,03-03,+0.0%,+0.00%,0.5000,0,✓ Yes,completed
0,537,89,03-03,+0.0%,+0.00%,0.5000,0,✓ Yes,completed
0,537,179,03-03,+0.0%,+0.00%,0.5000,0,✓ Yes,completed
0,537,268,03-03,+0.0%,+0.00%,0.5000,0,✓ Yes,completed
0,537,358,03-03,+0.0%,+0.00%,0.5000,0,✓ Yes,completed
0,537,447,03-03,+0.0%,+0.00%,0.5000,0,✓ Yes,completed
0,537,537,03-03,+0.0%,+0.00%,0.5000,0,✓ Yes,completed
0,624,0,03-03,+0.0%,+0.00%,0.5000,0,✓ Yes,completed
0,624,89,03-03,+0.0%,+0.00%,0.5000,0,✓ Yes,completed
0,624,178,03-03,+0.0%,+0.00%,0.5000,0,✓ Yes,completed
0,624,268,03-03,+0.0%,+0.00%,0.5000,0,✓ Yes,completed
0,624,357,03-03,+0.0%,+0.00%,0.5000,0,✓ Yes,completed
0,624,446,03-03,+0.0%,+0.00%,0.5000,0,✓ Yes,completed
0,624,535,03-03,+0.0%,+0.00%,0.5000,0,✓ Yes,completed
0,624,624,03-03,+0.0%,+0.00%,0.5000,0,✓ Yes,completed
0,712,0,03-03,+0.0%,+0.00%,0.5000,0,✓ Yes,completed
0,712,89,03-03,+0.0%,+0.00%,0.5000,0,✓ Yes,completed
0,712,178,03-03,+0.0%,+0.00%,0.5000,0,✓ Yes,completed
0,712,267,03-03,+0.0%,+0.00%,0.5000,0,✓ Yes,completed
0,712,356,03-03,+0.0%,+0.00%,0.5000,0,✓ Yes,completed
0,712,445,03-03,+0.0%,+0.00%,0.5000,0,✓ Yes,completed
0,712,534,03-03,+0.0%,+0.00%,0.5000,0,✓ Yes,completed
0,712,623,03-03,+0.0%,+0.00%,0.5000,0,✓ Yes,completed
0,712,712,03-03,+0.0%,+0.00%,0.5000,0,✓ Yes,completed
0,800,0,03-03,+0.0%,+0.00%,0.5000,0,✓ Yes,completed
0,800,89,03-03,+0.0%,+0.00%,0.5000,0,✓ Yes,completed
0,800,178,03-03,+0.0%,+0.00%,0.5000,0,✓ Yes,completed
0,800,267,03-03,+0.0%,+0.00%,0.5000,0,✓ Yes,completed
0,800,356,03-03,+0.0%,+0.00%,0.5000,0,✓ Yes,completed
0,800,444,03-03,+0.0%,+0.00%,0.5000,0,✓ Yes,completed
0,800,533,03-03,+0.0%,+0.00%,0.5000,0,✓ Yes,completed
0,800,622,03-03,+0.0%,+0.00%,0.5000,0,✓ Yes,completed
0,800,711,03-03,+0.0%,+0.00%,0.5000,0,✓ Yes,completed
0,800,800,03-03,+0.0%,+0.00%,0.5000,0,✓ Yes,completed
0,10,0,05-03,+10.0%,+99.18%,0.9959,1,✗ No,budget_exceeded
0,10,10,05-03,+10.0%,+99.18%,0.9959,1,✗ No,budget_exceeded
0,98,0,05-03,+10.0%,+99.18%,0.9959,1,✗ No,budget_exceeded
0,98,98,05-03,+10.0%,+99.18%,0.9959,1,✗ No,budget_exceeded
0,186,0,05-03,+10.0%,+99.18%,0.9959,1,✗ No,budget_exceeded
0,186,186,05-03,+10.0%,+94.38%,0.9719,22,✗ No,budget_exceeded
0,273,0,05-03,+10.0%,+94.98%,0.9749,1,✗ No,budget_exceeded
0,273,137,05-03,+10.0%,+92.62%,0.9631,6,✗ No,budget_exceeded
0,273,273,05-03,+10.0%,+46.73%,0.7337,66,✗ No,budget_exceeded
0,361,0,05-03,+10.0%,+0.04%,0.5002,1,✗ No,budget_exceeded
0,361,90,05-03,+10.0%,+0.04%,0.5002,1,✗ No,budget_exceeded
0,361,181,05-03,+4.4%,+0.17%,0.5009,1,✓ Yes,completed
0,361,271,05-03,+0.8%,+0.20%,0.5010,1,✓ Yes,completed
0,361,361,05-03,+0.2%,+0.03%,0.5001,1,✓ Yes,completed
0,449,0,05-03,+0.0%,+0.00%,0.5000,0,✓ Yes,completed
0,449,90,05-03,+0.0%,+0.00%,0.5000,0,✓ Yes,completed
0,449,180,05-03,+0.0%,+0.00%,0.5000,0,✓ Yes,completed
0,449,269,05-03,+0.0%,+0.00%,0.5000,0,✓ Yes,completed
0,449,359,05-03,+0.0%,+0.00%,0.5000,0,✓ Yes,completed
0,449,449,05-03,+0.0%,+0.00%,0.5000,0,✓ Yes,completed
0,537,0,05-03,+0.0%,+0.00%,0.5000,0,✓ Yes,completed
0,537,89,05-03,+0.0%,+0.00%,0.5000,0,✓ Yes,completed
0,537,179,05-03,+0.0%,+0.00%,0.5000,0,✓ Yes,completed
0,537,268,05-03,+0.0%,+0.00%,0.5000,0,✓ Yes,completed
0,537,358,05-03,+0.0%,+0.00%,0.5000,0,✓ Yes,completed
0,537,447,05-03,+0.0%,+0.00%,0.5000,0,✓ Yes,completed
0,537,537,05-03,+0.0%,+0.00%,0.5000,0,✓ Yes,completed
0,624,0,05-03,+0.0%,+0.00%,0.5000,0,✓ Yes,completed
0,624,89,05-03,+0.0%,+0.00%,0.5000,0,✓ Yes,completed
0,624,178,05-03,+0.0%,+0.00%,0.5000,0,✓ Yes,completed
0,624,268,05-03,+0.0%,+0.00%,0.5000,0,✓ Yes,completed
0,624,357,05-03,+0.0%,+0.00%,0.5000,0,✓ Yes,completed
0,624,446,05-03,+0.0%,+0.00%,0.5000,0,✓ Yes,completed
0,624,535,05-03,+0.0%,+0.00%,0.5000,0,✓ Yes,completed
0,624,624,05-03,+0.0%,+0.00%,0.5000,0,✓ Yes,completed
0,712,0,05-03,+0.0%,+0.00%,0.5000,0,✓ Yes,completed
0,712,89,05-03,+0.0%,+0.00%,0.5000,0,✓ Yes,completed
0,712,178,05-03,+0.0%,+0.00%,0.5000,0,✓ Yes,completed
0,712,267,05-03,+0.0%,+0.00%,0.5000,0,✓ Yes,completed
0,712,356,05-03,+0.0%,+0.00%,0.5000,0,✓ Yes,completed
0,712,445,05-03,+0.0%,+0.00%,0.5000,0,✓ Yes,completed
0,712,534,05-03,+0.0%,+0.00%,0.5000,0,✓ Yes,completed
0,712,623,05-03,+0.0%,+0.00%,0.5000,0,✓ Yes,completed
0,712,712,05-03,+0.0%,+0.00%,0.5000,0,✓ Yes,completed
0,800,0,05-03,+0.0%,+0.00%,0.5000,0,✓ Yes,completed
0,800,89,05-03,+0.0%,+0.00%,0.5000,0,✓ Yes,completed
0,800,178,05-03,+0.0%,+0.00%,0.5000,0,✓ Yes,completed
0,800,267,05-03,+0.0%,+0.00%,0.5000,0,✓ Yes,completed
0,800,356,05-03,+0.0%,+0.00%,0.5000,0,✓ Yes,completed
0,800,444,05-03,+0.0%,+0.00%,0.5000,0,✓ Yes,completed
0,800,533,05-03,+0.0%,+0.00%,0.5000,0,✓ Yes,completed
0,800,622,05-03,+0.0%,+0.00%,0.5000,0,✓ Yes,completed
0,800,711,05-03,+0.0%,+0.00%,0.5000,0,✓ Yes,completed
0,800,800,05-03,+0.0%,+0.00%,0.5000,0,✓ Yes,completed
0,10,0,07-03,+10.0%,+99.08%,0.9954,1,✗ No,budget_exceeded
0,10,10,07-03,+10.0%,+99.08%,0.9954,1,✗ No,budget_exceeded
0,98,0,07-03,+10.0%,+99.08%,0.9954,1,✗ No,budget_exceeded
0,98,98,07-03,+10.0%,+99.08%,0.9954,1,✗ No,budget_exceeded
0,186,0,07-03,+10.0%,+99.08%,0.9954,1,✗ No,budget_exceeded
0,186,186,07-03,+10.0%,+98.16%,0.9908,4,✗ No,budget_exceeded
0,273,0,07-03,+10.0%,+99.08%,0.9954,1,✗ No,budget_exceeded
0,273,137,07-03,+10.0%,+99.08%,0.9954,1,✗ No,budget_exceeded
0,273,273,07-03,+10.0%,+88.87%,0.9443,22,✗ No,budget_exceeded
0,361,0,07-03,+10.0%,+97.42%,0.9871,1,✗ No,budget_exceeded
0,361,90,07-03,+10.0%,+97.42%,0.9871,1,✗ No,budget_exceeded
0,361,181,07-03,+10.0%,+44.28%,0.7214,3,✗ No,budget_exceeded
0,361,271,07-03,+10.0%,+25.93%,0.6297,12,✗ No,budget_exceeded
0,361,361,07-03,+4.6%,+0.61%,0.5030,28,✓ Yes,completed
0,449,0,07-03,+0.0%,+0.00%,0.5000,0,✓ Yes,completed
0,449,90,07-03,+0.0%,+0.00%,0.5000,0,✓ Yes,completed
0,449,180,07-03,+0.0%,+0.00%,0.5000,0,✓ Yes,completed
0,449,269,07-03,+0.0%,+0.00%,0.5000,0,✓ Yes,completed
0,449,359,07-03,+0.0%,+0.00%,0.5000,0,✓ Yes,completed
0,449,449,07-03,+0.0%,+0.00%,0.5000,0,✓ Yes,completed
0,537,0,07-03,+0.0%,+0.00%,0.5000,0,✓ Yes,completed
0,537,89,07-03,+0.0%,+0.00%,0.5000,0,✓ Yes,completed
0,537,179,07-03,+0.0%,+0.00%,0.5000,0,✓ Yes,completed
0,537,268,07-03,+0.0%,+0.00%,0.5000,0,✓ Yes,completed
0,537,358,07-03,+0.0%,+0.00%,0.5000,0,✓ Yes,completed
0,537,447,07-03,+0.0%,+0.00%,0.5000,0,✓ Yes,completed
0,537,537,07-03,+0.0%,+0.00%,0.5000,0,✓ Yes,completed
0,624,0,07-03,+0.0%,+0.00%,0.5000,0,✓ Yes,completed
0,624,89,07-03,+0.0%,+0.00%,0.5000,0,✓ Yes,completed
0,624,178,07-03,+0.0%,+0.00%,0.5000,0,✓ Yes,completed
0,624,268,07-03,+0.0%,+0.00%,0.5000,0,✓ Yes,completed
0,624,357,07-03,+0.0%,+0.00%,0.5000,0,✓ Yes,completed
0,624,446,07-03,+0.0%,+0.00%,0.5000,0,✓ Yes,completed
0,624,535,07-03,+0.0%,+0.00%,0.5000,0,✓ Yes,completed
0,624,624,07-03,+0.0%,+0.00%,0.5000,0,✓ Yes,completed
0,712,0,07-03,+0.0%,+0.00%,0.5000,0,✓ Yes,completed
0,712,89,07-03,+0.0%,+0.00%,0.5000,0,✓ Yes,completed
0,712,178,07-03,+0.0%,+0.00%,0.5000,0,✓ Yes,completed
0,712,267,07-03,+0.0%,+0.00%,0.5000,0,✓ Yes,completed
0,712,356,07-03,+0.0%,+0.00%,0.5000,0,✓ Yes,completed
0,712,445,07-03,+0.0%,+0.00%,0.5000,0,✓ Yes,completed
0,712,534,07-03,+0.0%,+0.00%,0.5000,0,✓ Yes,completed
0,712,623,07-03,+0.0%,+0.00%,0.5000,0,✓ Yes,completed
0,712,712,07-03,+0.0%,+0.00%,0.5000,0,✓ Yes,completed
0,800,0,07-03,+0.0%,+0.00%,0.5000,0,✓ Yes,completed
0,800,89,07-03,+0.0%,+0.00%,0.5000,0,✓ Yes,completed
0,800,178,07-03,+0.0%,+0.00%,0.5000,0,✓ Yes,completed
0,800,267,07-03,+0.0%,+0.00%,0.5000,0,✓ Yes,completed
0,800,356,07-03,+0.0%,+0.00%,0.5000,0,✓ Yes,completed
0,800,444,07-03,+0.0%,+0.00%,0.5000,0,✓ Yes,completed
0,800,533,07-03,+0.0%,+0.00%,0.5000,0,✓ Yes,completed
0,800,622,07-03,+0.0%,+0.00%,0.5000,0,✓ Yes,completed
0,800,711,07-03,+0.0%,+0.00%,0.5000,0,✓ Yes,completed
0,800,800,07-03,+0.0%,+0.00%,0.5000,0,✓ Yes,completed
0,10,0,09-02,+10.0%,+99.18%,0.9959,1,✗ No,budget_exceeded
0,10,10,09-02,+10.0%,+99.18%,0.9959,1,✗ No,budget_exceeded
0,98,0,09-02,+10.0%,+99.18%,0.9959,1,✗ No,budget_exceeded
0,98,98,09-02,+10.0%,+99.18%,0.9959,1,✗ No,budget_exceeded
0,186,0,09-02,+10.0%,+99.18%,0.9959,1,✗ No,budget_exceeded
0,186,186,09-02,+10.0%,+97.95%,0.9898,7,✗ No,budget_exceeded
0,273,0,09-02,+10.0%,+99.18%,0.9959,1,✗ No,budget_exceeded
0,273,137,09-02,+10.0%,+98.58%,0.9929,3,✗ No,budget_exceeded
0,273,273,09-02,+10.0%,+95.17%,0.9758,9,✗ No,budget_exceeded
0,361,0,09-02,+10.0%,+94.20%,0.9710,1,✗ No,budget_exceeded
0,361,90,09-02,+10.0%,+94.20%,0.9710,1,✗ No,budget_exceeded
0,361,181,09-02,+10.0%,+76.84%,0.8842,4,✗ No,budget_exceeded
0,361,271,09-02,+10.0%,+56.27%,0.7813,10,✗ No,budget_exceeded
0,361,361,09-02,+9.7%,+2.64%,0.5132,44,✓ Yes,completed
0,449,0,09-02,+0.0%,+0.00%,0.5000,0,✓ Yes,completed
0,449,90,09-02,+0.0%,+0.00%,0.5000,0,✓ Yes,completed
0,449,180,09-02,+0.0%,+0.00%,0.5000,0,✓ Yes,completed
0,449,269,09-02,+0.0%,+0.00%,0.5000,0,✓ Yes,completed
0,449,359,09-02,+0.0%,+0.00%,0.5000,0,✓ Yes,completed
0,449,449,09-02,+0.0%,+0.00%,0.5000,0,✓ Yes,completed
0,537,0,09-02,+0.0%,+0.00%,0.5000,0,✓ Yes,completed
0,537,89,09-02,+0.0%,+0.00%,0.5000,0,✓ Yes,completed
0,537,179,09-02,+0.0%,+0.00%,0.5000,0,✓ Yes,completed
0,537,268,09-02,+0.0%,+0.00%,0.5000,0,✓ Yes,completed
0,537,358,09-02,+0.0%,+0.00%,0.5000,0,✓ Yes,completed
0,537,447,09-02,+0.0%,+0.00%,0.5000,0,✓ Yes,completed
0,537,537,09-02,+0.0%,+0.00%,0.5000,0,✓ Yes,completed
0,624,0,09-02,+0.0%,+0.00%,0.5000,0,✓ Yes,completed
0,624,89,09-02,+0.0%,+0.00%,0.5000,0,✓ Yes,completed
0,624,178,09-02,+0.0%,+0.00%,0.5000,0,✓ Yes,completed
0,624,268,09-02,+0.0%,+0.00%,0.5000,0,✓ Yes,completed
0,624,357,09-02,+0.0%,+0.00%,0.5000,0,✓ Yes,completed
0,624,446,09-02,+0.0%,+0.00%,0.5000,0,✓ Yes,completed
0,624,535,09-02,+0.0%,+0.00%,0.5000,0,✓ Yes,completed
0,624,624,09-02,+0.0%,+0.00%,0.5000,0,✓ Yes,completed
0,712,0,09-02,+0.0%,+0.00%,0.5000,0,✓ Yes,completed
0,712,89,09-02,+0.0%,+0.00%,0.5000,0,✓ Yes,completed
0,712,178,09-02,+0.0%,+0.00%,0.5000,0,✓ Yes,completed
0,712,267,09-02,+0.0%,+0.00%,0.5000,0,✓ Yes,completed
0,712,356,09-02,+0.0%,+0.00%,0.5000,0,✓ Yes,completed
0,712,445,09-02,+0.0%,+0.00%,0.5000,0,✓ Yes,completed
0,712,534,09-02,+0.0%,+0.00%,0.5000,0,✓ Yes,completed
0,712,623,09-02,+0.0%,+0.00%,0.5000,0,✓ Yes,completed
0,712,712,09-02,+0.0%,+0.00%,0.5000,0,✓ Yes,completed
0,800,0,09-02,+0.0%,+0.00%,0.5000,0,✓ Yes,completed
0,800,89,09-02,+0.0%,+0.00%,0.5000,0,✓ Yes,completed
0,800,178,09-02,+0.0%,+0.00%,0.5000,0,✓ Yes,completed
0,800,267,09-02,+0.0%,+0.00%,0.5000,0,✓ Yes,completed
0,800,356,09-02,+0.0%,+0.00%,0.5000,0,✓ Yes,completed
0,800,444,09-02,+0.0%,+0.00%,0.5000,0,✓ Yes,completed
0,800,533,09-02,+0.0%,+0.00%,0.5000,0,✓ Yes,completed
0,800,622,09-02,+0.0%,+0.00%,0.5000,0,✓ Yes,completed
0,800,711,09-02,+0.0%,+0.00%,0.5000,0,✓ Yes,completed
0,800,800,09-02,+0.0%,+0.00%,0.5000,0,✓ Yes,completed
0,10,0,11-02,+10.0%,+99.25%,0.9963,1,✗ No,budget_exceeded
0,10,10,11-02,+10.0%,+99.25%,0.9963,1,✗ No,budget_exceeded
0,98,0,11-02,+10.0%,+99.25%,0.9963,1,✗ No,budget_exceeded
0,98,98,11-02,+10.0%,+99.25%,0.9963,1,✗ No,budget_exceeded
0,186,0,11-02,+10.0%,+99.25%,0.9963,1,✗ No,budget_exceeded
0,186,186,11-02,+10.0%,+99.07%,0.9954,5,✗ No,budget_exceeded
0,273,0,11-02,+10.0%,+99.25%,0.9963,1,✗ No,budget_exceeded
0,273,137,11-02,+10.0%,+99.25%,0.9963,1,✗ No,budget_exceeded
0,273,273,11-02,+10.0%,+95.50%,0.9775,15,✗ No,budget_exceeded
0,361,0,11-02,+10.0%,+96.60%,0.9830,1,✗ No,budget_exceeded
0,361,90,11-02,+10.0%,+96.60%,0.9830,1,✗ No,budget_exceeded
0,361,181,11-02,+10.0%,+94.79%,0.9739,2,✗ No,budget_exceeded
0,361,271,11-02,+10.0%,+90.70%,0.9535,7,✗ No,budget_exceeded
0,361,361,11-02,+10.0%,+66.63%,0.8332,34,✗ No,budget_exceeded
0,449,0,11-02,+0.0%,+0.00%,0.5000,0,✓ Yes,completed
0,449,90,11-02,+0.0%,+0.00%,0.5000,0,✓ Yes,completed
0,449,180,11-02,+0.0%,+0.00%,0.5000,0,✓ Yes,completed
0,449,269,11-02,+0.0%,+0.00%,0.5000,0,✓ Yes,completed
0,449,359,11-02,+0.0%,+0.00%,0.5000,0,✓ Yes,completed
0,449,449,11-02,+0.0%,+0.00%,0.5000,0,✓ Yes,completed
0,537,0,11-02,+0.0%,+0.00%,0.5000,0,✓ Yes,completed
0,537,89,11-02,+0.0%,+0.00%,0.5000,0,✓ Yes,completed
0,537,179,11-02,+0.0%,+0.00%,0.5000,0,✓ Yes,completed
0,537,268,11-02,+0.0%,+0.00%,0.5000,0,✓ Yes,completed
0,537,358,11-02,+0.0%,+0.00%,0.5000,0,✓ Yes,completed
0,537,447,11-02,+0.0%,+0.00%,0.5000,0,✓ Yes,completed
0,537,537,11-02,+0.0%,+0.00%,0.5000,0,✓ Yes,completed
0,624,0,11-02,+0.0%,+0.00%,0.5000,0,✓ Yes,completed
0,624,89,11-02,+0.0%,+0.00%,0.5000,0,✓ Yes,completed
0,624,178,11-02,+0.0%,+0.00%,0.5000,0,✓ Yes,completed
0,624,268,11-02,+0.0%,+0.00%,0.5000,0,✓ Yes,completed
0,624,357,11-02,+0.0%,+0.00%,0.5000,0,✓ Yes,completed
0,624,446,11-02,+0.0%,+0.00%,0.5000,0,✓ Yes,completed
0,624,535,11-02,+0.0%,+0.00%,0.5000,0,✓ Yes,completed
0,624,624,11-02,+0.0%,+0.00%,0.5000,0,✓ Yes,completed
0,712,0,11-02,+0.0%,+0.00%,0.5000,0,✓ Yes,completed
0,712,89,11-02,+0.0%,+0.00%,0.5000,0,✓ Yes,completed
0,712,178,11-02,+0.0%,+0.00%,0.5000,0,✓ Yes,completed
0,712,267,11-02,+0.0%,+0.00%,0.5000,0,✓ Yes,completed
0,712,356,11-02,+0.0%,+0.00%,0.5000,0,✓ Yes,completed
0,712,445,11-02,+0.0%,+0.00%,0.5000,0,✓ Yes,completed
0,712,534,11-02,+0.0%,+0.00%,0.5000,0,✓ Yes,completed
0,712,623,11-02,+0.0%,+0.00%,0.5000,0,✓ Yes,completed
0,712,712,11-02,+0.0%,+0.00%,0.5000,0,✓ Yes,completed
0,800,0,11-02,+0.0%,+0.00%,0.5000,0,✓ Yes,completed
0,800,89,11-02,+0.0%,+0.00%,0.5000,0,✓ Yes,completed
0,800,178,11-02,+0.0%,+0.00%,0.5000,0,✓ Yes,completed
0,800,267,11-02,+0.0%,+0.00%,0.5000,0,✓ Yes,completed
0,800,356,11-02,+0.0%,+0.00%,0.5000,0,✓ Yes,completed
0,800,444,11-02,+0.0%,+0.00%,0.5000,0,✓ Yes,completed
0,800,533,11-02,+0.0%,+0.00%,0.5000,0,✓ Yes,completed
0,800,622,11-02,+0.0%,+0.00%,0.5000,0,✓ Yes,completed
0,800,711,11-02,+0.0%,+0.00%,0.5000,0,✓ Yes,completed
0,800,800,11-02,+0.0%,+0.00%,0.5000,0,✓ Yes,completed
0,10,0,12-31,+10.0%,+99.15%,0.9957,1,✗ No,budget_exceeded
0,10,10,12-31,+10.0%,+99.15%,0.9957,1,✗ No,budget_exceeded
0,98,0,12-31,+10.0%,+99.15%,0.9957,1,✗ No,budget_exceeded
0,98,98,12-31,+10.0%,+99.15%,0.9957,1,✗ No,budget_exceeded
0,186,0,12-31,+10.0%,+99.15%,0.9957,1,✗ No,budget_exceeded
0,186,186,12-31,+10.0%,+99.15%,0.9957,1,✗ No,budget_exceeded
0,273,0,12-31,+10.0%,+99.15%,0.9957,1,✗ No,budget_exceeded
0,273,137,12-31,+10.0%,+99.15%,0.9957,1,✗ No,budget_exceeded
0,273,273,12-31,+10.0%,+97.28%,0.9864,10,✗ No,budget_exceeded
0,361,0,12-31,+10.0%,+98.72%,0.9936,1,✗ No,budget_exceeded
0,361,90,12-31,+10.0%,+98.72%,0.9936,1,✗ No,budget_exceeded
0,361,181,12-31,+10.0%,+98.72%,0.9936,1,✗ No,budget_exceeded
0,361,271,12-31,+10.0%,+82.06%,0.9103,5,✗ No,budget_exceeded
0,361,361,12-31,+10.0%,+76.00%,0.8800,15,✗ No,budget_exceeded
0,449,0,12-31,+0.0%,+0.00%,0.5000,0,✓ Yes,completed
0,449,90,12-31,+0.0%,+0.00%,0.5000,0,✓ Yes,completed
0,449,180,12-31,+0.0%,+0.00%,0.5000,0,✓ Yes,completed
0,449,269,12-31,+0.0%,+0.00%,0.5000,0,✓ Yes,completed
0,449,359,12-31,+0.0%,+0.00%,0.5000,0,✓ Yes,completed
0,449,449,12-31,+0.0%,+0.00%,0.5000,0,✓ Yes,completed
0,537,0,12-31,+0.0%,+0.00%,0.5000,0,✓ Yes,completed
0,537,89,12-31,+0.0%,+0.00%,0.5000,0,✓ Yes,completed
0,537,179,12-31,+0.0%,+0.00%,0.5000,0,✓ Yes,completed
0,537,268,12-31,+0.0%,+0.00%,0.5000,0,✓ Yes,completed
0,537,358,12-31,+0.0%,+0.00%,0.5000,0,✓ Yes,completed
0,537,447,12-31,+0.0%,+0.00%,0.5000,0,✓ Yes,completed
0,537,537,12-31,+0.0%,+0.00%,0.5000,0,✓ Yes,completed
0,624,0,12-31,+0.0%,+0.00%,0.5000,0,✓ Yes,completed
0,624,89,12-31,+0.0%,+0.00%,0.5000,0,✓ Yes,completed
0,624,178,12-31,+0.0%,+0.00%,0.5000,0,✓ Yes,completed
0,624,268,12-31,+0.0%,+0.00%,0.5000,0,✓ Yes,completed
0,624,357,12-31,+0.0%,+0.00%,0.5000,0,✓ Yes,completed
0,624,446,12-31,+0.0%,+0.00%,0.5000,0,✓ Yes,completed
0,624,535,12-31,+0.0%,+0.00%,0.5000,0,✓ Yes,completed
0,624,624,12-31,+0.0%,+0.00%,0.5000,0,✓ Yes,completed
0,712,0,12-31,+0.0%,+0.00%,0.5000,0,✓ Yes,completed
0,712,89,12-31,+0.0%,+0.00%,0.5000,0,✓ Yes,completed
0,712,178,12-31,+0.0%,+0.00%,0.5000,0,✓ Yes,completed
0,712,267,12-31,+0.0%,+0.00%,0.5000,0,✓ Yes,completed
0,712,356,12-31,+0.0%,+0.00%,0.5000,0,✓ Yes,completed
0,712,445,12-31,+0.0%,+0.00%,0.5000,0,✓ Yes,completed
0,712,534,12-31,+0.0%,+0.00%,0.5000,0,✓ Yes,completed
0,712,623,12-31,+0.0%,+0.00%,0.5000,0,✓ Yes,completed
0,712,712,12-31,+0.0%,+0.00%,0.5000,0,✓ Yes,completed
0,800,0,12-31,+0.0%,+0.00%,0.5000,0,✓ Yes,completed
0,800,89,12-31,+0.0%,+0.00%,0.5000,0,✓ Yes,completed
0,800,178,12-31,+0.0%,+0.00%,0.5000,0,✓ Yes,completed
0,800,267,12-31,+0.0%,+0.00%,0.5000,0,✓ Yes,completed
0,800,356,12-31,+0.0%,+0.00%,0.5000,0,✓ Yes,completed
0,800,444,12-31,+0.0%,+0.00%,0.5000,0,✓ Yes,completed
0,800,533,12-31,+0.0%,+0.00%,0.5000,0,✓ Yes,completed
0,800,622,12-31,+0.0%,+0.00%,0.5000,0,✓ Yes,completed
0,800,711,12-31,+0.0%,+0.00%,0.5000,0,✓ Yes,completed
0,800,800,12-31,+0.0%,+0.00%,0.5000,0,✓ Yes,completed
1,183,183,06-12,+10.0%,+97.18%,0.9859,7,✗ No,budget_exceeded
1,183,183,06-12,+10.0%,+97.18%,0.9859,7,✗ No,budget_exceeded
1,223,183,06-12,+10.0%,+96.68%,0.9834,7,✗ No,budget_exceeded
1,223,223,06-12,+10.0%,+94.46%,0.9723,11,✗ No,budget_exceeded
1,262,183,06-12,+10.0%,+95.84%,0.9792,8,✗ No,budget_exceeded
1,262,262,06-12,+10.0%,+87.70%,0.9385,20,✗ No,budget_exceeded
1,302,183,06-12,+10.0%,+86.67%,0.9333,9,✗ No,budget_exceeded
1,302,243,06-12,+10.0%,+83.23%,0.9162,11,✗ No,budget_exceeded
1,302,302,06-12,+10.0%,+70.92%,0.8546,20,✗ No,budget_exceeded
1,341,183,06-12,+10.0%,+72.33%,0.8616,2,✗ No,budget_exceeded
1,341,236,06-12,+10.0%,+68.16%,0.8408,5,✗ No,budget_exceeded
1,341,289,06-12,+10.0%,+46.62%,0.7331,12,✗ No,budget_exceeded
1,341,341,06-12,+6.4%,+2.42%,0.5121,30,✓ Yes,completed
1,381,183,06-12,+10.0%,+65.19%,0.8259,1,✗ No,budget_exceeded
1,381,223,06-12,+8.4%,+1.76%,0.5088,1,✓ Yes,completed
1,381,262,06-12,+3.2%,+1.17%,0.5058,3,✓ Yes,completed
1,381,302,06-12,+2.7%,+1.24%,0.5062,3,✓ Yes,completed
1,381,341,06-12,+1.3%,+0.76%,0.5038,3,✓ Yes,completed
1,381,381,06-12,+0.8%,+0.62%,0.5031,3,✓ Yes,completed
1,420,183,06-12,+8.3%,+1.36%,0.5068,1,✓ Yes,completed
1,420,223,06-12,+6.5%,+1.50%,0.5075,1,✓ Yes,completed
1,420,262,06-12,+1.1%,+0.57%,0.5028,1,✓ Yes,completed
1,420,302,06-12,+0.9%,+0.58%,0.5029,1,✓ Yes,completed
1,420,341,06-12,+0.4%,+0.30%,0.5015,1,✓ Yes,completed
1,420,381,06-12,+0.2%,+0.13%,0.5007,1,✓ Yes,completed
1,420,420,06-12,+0.1%,+0.04%,0.5002,1,✓ Yes,completed
1,460,183,06-12,+0.0%,+0.00%,0.5000,0,✓ Yes,completed
1,460,223,06-12,+0.0%,+0.00%,0.5000,0,✓ Yes,completed
1,460,262,06-12,+0.0%,+0.00%,0.5000,0,✓ Yes,completed
1,460,302,06-12,+0.0%,+0.00%,0.5000,0,✓ Yes,completed
1,460,341,06-12,+0.0%,+0.00%,0.5000,0,✓ Yes,completed
1,460,381,06-12,+0.0%,+0.00%,0.5000,0,✓ Yes,completed
1,460,420,06-12,+0.0%,+0.00%,0.5000,0,✓ Yes,completed
1,460,460,06-12,+0.0%,+0.00%,0.5000,0,✓ Yes,completed
1,499,183,06-12,+0.0%,+0.00%,0.5000,0,✓ Yes,completed
1,499,223,06-12,+0.0%,+0.00%,0.5000,0,✓ Yes,completed
1,499,262,06-12,+0.0%,+0.00%,0.5000,0,✓ Yes,completed
1,499,302,06-12,+0.0%,+0.00%,0.5000,0,✓ Yes,completed
1,499,341,06-12,+0.0%,+0.00%,0.5000,0,✓ Yes,completed
1,499,381,06-12,+0.0%,+0.00%,0.5000,0,✓ Yes,completed
1,499,420,06-12,+0.0%,+0.00%,0.5000,0,✓ Yes,completed
1,499,460,06-12,+0.0%,+0.00%,0.5000,0,✓ Yes,completed
1,499,499,06-12,+0.0%,+0.00%,0.5000,0,✓ Yes,completed
1,539,183,06-12,+0.0%,+0.00%,0.5000,0,✓ Yes,completed
1,539,223,06-12,+0.0%,+0.00%,0.5000,0,✓ Yes,completed
1,539,262,06-12,+0.0%,+0.00%,0.5000,0,✓ Yes,completed
1,539,302,06-12,+0.0%,+0.00%,0.5000,0,✓ Yes,completed
1,539,341,06-12,+0.0%,+0.00%,0.5000,0,✓ Yes,completed
1,539,381,06-12,+0.0%,+0.00%,0.5000,0,✓ Yes,completed
1,539,420,06-12,+0.0%,+0.00%,0.5000,0,✓ Yes,completed
1,539,460,06-12,+0.0%,+0.00%,0.5000,0,✓ Yes,completed
1,539,499,06-12,+0.0%,+0.00%,0.5000,0,✓ Yes,completed
1,539,539,06-12,+0.0%,+0.00%,0.5000,0,✓ Yes,completed
1,183,183,07-09,+10.0%,+96.85%,0.9843,8,✗ No,budget_exceeded
1,183,183,07-09,+10.0%,+96.85%,0.9843,8,✗ No,budget_exceeded
1,223,183,07-09,+10.0%,+96.44%,0.9822,8,✗ No,budget_exceeded
1,223,223,07-09,+10.0%,+95.00%,0.9750,10,✗ No,budget_exceeded
1,262,183,07-09,+10.0%,+95.62%,0.9781,8,✗ No,budget_exceeded
1,262,262,07-09,+10.0%,+92.45%,0.9623,11,✗ No,budget_exceeded
1,302,183,07-09,+10.0%,+92.35%,0.9618,5,✗ No,budget_exceeded
1,302,243,07-09,+10.0%,+87.95%,0.9397,11,✗ No,budget_exceeded
1,302,302,07-09,+10.0%,+81.82%,0.9091,20,✗ No,budget_exceeded
1,341,183,07-09,+10.0%,+84.41%,0.9220,5,✗ No,budget_exceeded
1,341,236,07-09,+10.0%,+79.15%,0.8958,11,✗ No,budget_exceeded
1,341,289,07-09,+10.0%,+56.05%,0.7803,14,✗ No,budget_exceeded
1,341,341,07-09,+10.0%,+37.70%,0.6885,33,✗ No,budget_exceeded
1,381,183,07-09,+10.0%,+16.30%,0.5815,3,✗ No,budget_exceeded
1,381,223,07-09,+3.7%,+0.43%,0.5022,4,✓ Yes,completed
1,381,262,07-09,+3.4%,+0.54%,0.5027,4,✓ Yes,completed
1,381,302,07-09,+3.2%,+0.56%,0.5028,4,✓ Yes,completed
1,381,341,07-09,+2.6%,+0.59%,0.5029,4,✓ Yes,completed
1,381,381,07-09,+0.9%,+0.34%,0.5017,7,✓ Yes,completed
1,420,183,07-09,+0.0%,+0.00%,0.5000,0,✓ Yes,completed
1,420,223,07-09,+0.0%,+0.00%,0.5000,0,✓ Yes,completed
1,420,262,07-09,+0.0%,+0.00%,0.5000,0,✓ Yes,completed
1,420,302,07-09,+0.0%,+0.00%,0.5000,0,✓ Yes,completed
1,420,341,07-09,+0.0%,+0.00%,0.5000,0,✓ Yes,completed
1,420,381,07-09,+0.0%,+0.00%,0.5000,0,✓ Yes,completed
1,420,420,07-09,+0.0%,+0.00%,0.5000,0,✓ Yes,completed
1,460,183,07-09,+0.0%,+0.00%,0.5000,0,✓ Yes,completed
1,460,223,07-09,+0.0%,+0.00%,0.5000,0,✓ Yes,completed
1,460,262,07-09,+0.0%,+0.00%,0.5000,0,✓ Yes,completed
1,460,302,07-09,+0.0%,+0.00%,0.5000,0,✓ Yes,completed
1,460,341,07-09,+0.0%,+0.00%,0.5000,0,✓ Yes,completed
1,460,381,07-09,+0.0%,+0.00%,0.5000,0,✓ Yes,completed
1,460,420,07-09,+0.0%,+0.00%,0.5000,0,✓ Yes,completed
1,460,460,07-09,+0.0%,+0.00%,0.5000,0,✓ Yes,completed
1,499,183,07-09,+0.0%,+0.00%,0.5000,0,✓ Yes,completed
1,499,223,07-09,+0.0%,+0.00%,0.5000,0,✓ Yes,completed
1,499,262,07-09,+0.0%,+0.00%,0.5000,0,✓ Yes,completed
1,499,302,07-09,+0.0%,+0.00%,0.5000,0,✓ Yes,completed
1,499,341,07-09,+0.0%,+0.00%,0.5000,0,✓ Yes,completed
1,499,381,07-09,+0.0%,+0.00%,0.5000,0,✓ Yes,completed
1,499,420,07-09,+0.0%,+0.00%,0.5000,0,✓ Yes,completed
1,499,460,07-09,+0.0%,+0.00%,0.5000,0,✓ Yes,completed
1,499,499,07-09,+0.0%,+0.00%,0.5000,0,✓ Yes,completed
1,539,183,07-09,+0.0%,+0.00%,0.5000,0,✓ Yes,completed
1,539,223,07-09,+0.0%,+0.00%,0.5000,0,✓ Yes,completed
1,539,262,07-09,+0.0%,+0.00%,0.5000,0,✓ Yes,completed
1,539,302,07-09,+0.0%,+0.00%,0.5000,0,✓ Yes,completed
1,539,341,07-09,+0.0%,+0.00%,0.5000,0,✓ Yes,completed
1,539,381,07-09,+0.0%,+0.00%,0.5000,0,✓ Yes,completed
1,539,420,07-09,+0.0%,+0.00%,0.5000,0,✓ Yes,completed
1,539,460,07-09,+0.0%,+0.00%,0.5000,0,✓ Yes,completed
1,539,499,07-09,+0.0%,+0.00%,0.5000,0,✓ Yes,completed
1,539,539,07-09,+0.0%,+0.00%,0.5000,0,✓ Yes,completed
1,183,183,08-05,+10.0%,+96.80%,0.9840,10,✗ No,budget_exceeded
1,183,183,08-05,+10.0%,+96.80%,0.9840,10,✗ No,budget_exceeded
1,223,183,08-05,+10.0%,+96.36%,0.9818,9,✗ No,budget_exceeded
1,223,223,08-05,+10.0%,+95.48%,0.9774,10,✗ No,budget_exceeded
1,262,183,08-05,+10.0%,+95.44%,0.9772,8,✗ No,budget_exceeded
1,262,262,08-05,+10.0%,+93.57%,0.9679,10,✗ No,budget_exceeded
1,302,183,08-05,+10.0%,+94.55%,0.9728,8,✗ No,budget_exceeded
1,302,243,08-05,+10.0%,+92.81%,0.9640,10,✗ No,budget_exceeded
1,302,302,08-05,+10.0%,+88.38%,0.9419,14,✗ No,budget_exceeded
1,341,183,08-05,+10.0%,+90.30%,0.9515,7,✗ No,budget_exceeded
1,341,236,08-05,+10.0%,+87.25%,0.9362,11,✗ No,budget_exceeded
1,341,289,08-05,+10.0%,+85.66%,0.9283,12,✗ No,budget_exceeded
1,341,341,08-05,+10.0%,+61.83%,0.8092,25,✗ No,budget_exceeded
1,381,183,08-05,+10.0%,+66.18%,0.8309,3,✗ No,budget_exceeded
1,381,223,08-05,+10.0%,+4.49%,0.5225,7,✗ No,budget_exceeded
1,381,262,08-05,+7.4%,+0.89%,0.5044,9,✓ Yes,completed
1,381,302,08-05,+6.0%,+1.00%,0.5050,8,✓ Yes,completed
1,381,341,08-05,+4.2%,+1.16%,0.5058,7,✓ Yes,completed
1,381,381,08-05,+1.5%,+0.71%,0.5036,14,✓ Yes,completed
1,420,183,08-05,+0.0%,+0.00%,0.5000,0,✓ Yes,completed
1,420,223,08-05,+0.0%,+0.00%,0.5000,0,✓ Yes,completed
1,420,262,08-05,+0.0%,+0.00%,0.5000,0,✓ Yes,completed
1,420,302,08-05,+0.0%,+0.00%,0.5000,0,✓ Yes,completed
1,420,341,08-05,+0.0%,+0.00%,0.5000,0,✓ Yes,completed
1,420,381,08-05,+0.0%,+0.00%,0.5000,0,✓ Yes,completed
1,420,420,08-05,+0.0%,+0.00%,0.5000,0,✓ Yes,completed
1,460,183,08-05,+0.0%,+0.00%,0.5000,0,✓ Yes,completed
1,460,223,08-05,+0.0%,+0.00%,0.5000,0,✓ Yes,completed
1,460,262,08-05,+0.0%,+0.00%,0.5000,0,✓ Yes,completed
1,460,302,08-05,+0.0%,+0.00%,0.5000,0,✓ Yes,completed
1,460,341,08-05,+0.0%,+0.00%,0.5000,0,✓ Yes,completed
1,460,381,08-05,+0.0%,+0.00%,0.5000,0,✓ Yes,completed
1,460,420,08-05,+0.0%,+0.00%,0.5000,0,✓ Yes,completed
1,460,460,08-05,+0.0%,+0.00%,0.5000,0,✓ Yes,completed
1,499,183,08-05,+0.0%,+0.00%,0.5000,0,✓ Yes,completed
1,499,223,08-05,+0.0%,+0.00%,0.5000,0,✓ Yes,completed
1,499,262,08-05,+0.0%,+0.00%,0.5000,0,✓ Yes,completed
1,499,302,08-05,+0.0%,+0.00%,0.5000,0,✓ Yes,completed
1,499,341,08-05,+0.0%,+0.00%,0.5000,0,✓ Yes,completed
1,499,381,08-05,+0.0%,+0.00%,0.5000,0,✓ Yes,completed
1,499,420,08-05,+0.0%,+0.00%,0.5000,0,✓ Yes,completed
1,499,460,08-05,+0.0%,+0.00%,0.5000,0,✓ Yes,completed
1,499,499,08-05,+0.0%,+0.00%,0.5000,0,✓ Yes,completed
1,539,183,08-05,+0.0%,+0.00%,0.5000,0,✓ Yes,completed
1,539,223,08-05,+0.0%,+0.00%,0.5000,0,✓ Yes,completed
1,539,262,08-05,+0.0%,+0.00%,0.5000,0,✓ Yes,completed
1,539,302,08-05,+0.0%,+0.00%,0.5000,0,✓ Yes,completed
1,539,341,08-05,+0.0%,+0.00%,0.5000,0,✓ Yes,completed
1,539,381,08-05,+0.0%,+0.00%,0.5000,0,✓ Yes,completed
1,539,420,08-05,+0.0%,+0.00%,0.5000,0,✓ Yes,completed
1,539,460,08-05,+0.0%,+0.00%,0.5000,0,✓ Yes,completed
1,539,499,08-05,+0.0%,+0.00%,0.5000,0,✓ Yes,completed
1,539,539,08-05,+0.0%,+0.00%,0.5000,0,✓ Yes,completed
1,183,183,09-01,+10.0%,+98.27%,0.9913,6,✗ No,budget_exceeded
1,183,183,09-01,+10.0%,+98.27%,0.9913,6,✗ No,budget_exceeded
1,223,183,09-01,+10.0%,+97.71%,0.9886,6,✗ No,budget_exceeded
1,223,223,09-01,+10.0%,+96.61%,0.9831,9,✗ No,budget_exceeded
1,262,183,09-01,+10.0%,+97.44%,0.9872,6,✗ No,budget_exceeded
1,262,262,09-01,+10.0%,+95.30%,0.9765,9,✗ No,budget_exceeded
1,302,183,09-01,+10.0%,+96.91%,0.9845,6,✗ No,budget_exceeded
1,302,243,09-01,+10.0%,+94.91%,0.9746,9,✗ No,budget_exceeded
1,302,302,09-01,+10.0%,+90.74%,0.9537,18,✗ No,budget_exceeded
1,341,183,09-01,+10.0%,+93.82%,0.9691,5,✗ No,budget_exceeded
1,341,236,09-01,+10.0%,+92.16%,0.9608,7,✗ No,budget_exceeded
1,341,289,09-01,+10.0%,+76.83%,0.8841,12,✗ No,budget_exceeded
1,341,341,09-01,+10.0%,+43.97%,0.7198,39,✗ No,budget_exceeded
1,381,183,09-01,+10.0%,+33.84%,0.6692,3,✗ No,budget_exceeded
1,381,223,09-01,+10.0%,+32.23%,0.6612,4,✗ No,budget_exceeded
1,381,262,09-01,+10.0%,+28.65%,0.6433,6,✗ No,budget_exceeded
1,381,302,09-01,+9.1%,+3.08%,0.5154,10,✓ Yes,completed
1,381,341,09-01,+6.3%,+3.12%,0.5156,10,✓ Yes,completed
1,381,381,09-01,+4.1%,+2.42%,0.5121,17,✓ Yes,completed
1,420,183,09-01,+9.7%,+2.47%,0.5124,1,✓ Yes,completed
1,420,223,09-01,+9.6%,+2.52%,0.5126,1,✓ Yes,completed
1,420,262,09-01,+7.8%,+2.55%,0.5128,1,✓ Yes,completed
1,420,302,09-01,+0.9%,+0.50%,0.5025,2,✓ Yes,completed
1,420,341,09-01,+0.6%,+0.38%,0.5019,2,✓ Yes,completed
1,420,381,09-01,+0.3%,+0.22%,0.5011,2,✓ Yes,completed
1,420,420,09-01,+0.1%,+0.05%,0.5002,2,✓ Yes,completed
1,460,183,09-01,+0.0%,+0.00%,0.5000,0,✓ Yes,completed
1,460,223,09-01,+0.0%,+0.00%,0.5000,0,✓ Yes,completed
1,460,262,09-01,+0.0%,+0.00%,0.5000,0,✓ Yes,completed
1,460,302,09-01,+0.0%,+0.00%,0.5000,0,✓ Yes,completed
1,460,341,09-01,+0.0%,+0.00%,0.5000,0,✓ Yes,completed
1,460,381,09-01,+0.0%,+0.00%,0.5000,0,✓ Yes,completed
1,460,420,09-01,+0.0%,+0.00%,0.5000,0,✓ Yes,completed
1,460,460,09-01,+0.0%,+0.00%,0.5000,0,✓ Yes,completed
1,499,183,09-01,+0.0%,+0.00%,0.5000,0,✓ Yes,completed
1,499,223,09-01,+0.0%,+0.00%,0.5000,0,✓ Yes,completed
1,499,262,09-01,+0.0%,+0.00%,0.5000,0,✓ Yes,completed
1,499,302,09-01,+0.0%,+0.00%,0.5000,0,✓ Yes,completed
1,499,341,09-01,+0.0%,+0.00%,0.5000,0,✓ Yes,completed
1,499,381,09-01,+0.0%,+0.00%,0.5000,0,✓ Yes,completed
1,499,420,09-01,+0.0%,+0.00%,0.5000,0,✓ Yes,completed
1,499,460,09-01,+0.0%,+0.00%,0.5000,0,✓ Yes,completed
1,499,499,09-01,+0.0%,+0.00%,0.5000,0,✓ Yes,completed
1,539,183,09-01,+0.0%,+0.00%,0.5000,0,✓ Yes,completed
1,539,223,09-01,+0.0%,+0.00%,0.5000,0,✓ Yes,completed
1,539,262,09-01,+0.0%,+0.00%,0.5000,0,✓ Yes,completed
1,539,302,09-01,+0.0%,+0.00%,0.5000,0,✓ Yes,completed
1,539,341,09-01,+0.0%,+0.00%,0.5000,0,✓ Yes,completed
1,539,381,09-01,+0.0%,+0.00%,0.5000,0,✓ Yes,completed
1,539,420,09-01,+0.0%,+0.00%,0.5000,0,✓ Yes,completed
1,539,460,09-01,+0.0%,+0.00%,0.5000,0,✓ Yes,completed
1,539,499,09-01,+0.0%,+0.00%,0.5000,0,✓ Yes,completed
1,539,539,09-01,+0.0%,+0.00%,0.5000,0,✓ Yes,completed
1,183,183,09-28,+10.0%,+97.93%,0.9896,7,✗ No,budget_exceeded
1,183,183,09-28,+10.0%,+97.93%,0.9896,7,✗ No,budget_exceeded
1,223,183,09-28,+10.0%,+96.18%,0.9809,8,✗ No,budget_exceeded
1,223,223,09-28,+10.0%,+95.24%,0.9762,10,✗ No,budget_exceeded
1,262,183,09-28,+10.0%,+94.13%,0.9706,6,✗ No,budget_exceeded
1,262,262,09-28,+10.0%,+91.21%,0.9561,14,✗ No,budget_exceeded
1,302,183,09-28,+10.0%,+91.59%,0.9580,3,✗ No,budget_exceeded
1,302,243,09-28,+10.0%,+89.69%,0.9485,6,✗ No,budget_exceeded
1,302,302,09-28,+10.0%,+84.60%,0.9230,14,✗ No,budget_exceeded
1,341,183,09-28,+10.0%,+85.38%,0.9269,3,✗ No,budget_exceeded
1,341,236,09-28,+10.0%,+84.39%,0.9220,4,✗ No,budget_exceeded
1,341,289,09-28,+10.0%,+81.89%,0.9095,9,✗ No,budget_exceeded
1,341,341,09-28,+10.0%,+77.91%,0.8895,19,✗ No,budget_exceeded
1,381,183,09-28,+10.0%,+78.13%,0.8906,2,✗ No,budget_exceeded
1,381,223,09-28,+10.0%,+76.67%,0.8834,3,✗ No,budget_exceeded
1,381,262,09-28,+10.0%,+65.53%,0.8276,5,✗ No,budget_exceeded
1,381,302,09-28,+10.0%,+38.48%,0.6924,11,✗ No,budget_exceeded
1,381,341,09-28,+10.0%,+26.90%,0.6345,20,✗ No,budget_exceeded
1,381,381,09-28,+6.9%,+0.74%,0.5037,38,✓ Yes,completed
1,420,183,09-28,+9.7%,-0.38%,0.4981,1,✓ Yes,completed
1,420,223,09-28,+9.6%,-0.29%,0.4985,1,✓ Yes,completed
1,420,262,09-28,+7.8%,+0.07%,0.5003,1,✓ Yes,completed
1,420,302,09-28,+0.9%,-0.09%,0.4995,2,✓ Yes,completed
1,420,341,09-28,+0.6%,-0.02%,0.4999,2,✓ Yes,completed
1,420,381,09-28,+0.3%,-0.02%,0.4999,2,✓ Yes,completed
1,420,420,09-28,+0.1%,-0.01%,0.4999,2,✓ Yes,completed
1,460,183,09-28,+0.0%,+0.00%,0.5000,0,✓ Yes,completed
1,460,223,09-28,+0.0%,+0.00%,0.5000,0,✓ Yes,completed
1,460,262,09-28,+0.0%,+0.00%,0.5000,0,✓ Yes,completed
1,460,302,09-28,+0.0%,+0.00%,0.5000,0,✓ Yes,completed
1,460,341,09-28,+0.0%,+0.00%,0.5000,0,✓ Yes,completed
1,460,381,09-28,+0.0%,+0.00%,0.5000,0,✓ Yes,completed
1,460,420,09-28,+0.0%,+0.00%,0.5000,0,✓ Yes,completed
1,460,460,09-28,+0.0%,+0.00%,0.5000,0,✓ Yes,completed
1,499,183,09-28,+0.0%,+0.00%,0.5000,0,✓ Yes,completed
1,499,223,09-28,+0.0%,+0.00%,0.5000,0,✓ Yes,completed
1,499,262,09-28,+0.0%,+0.00%,0.5000,0,✓ Yes,completed
1,499,302,09-28,+0.0%,+0.00%,0.5000,0,✓ Yes,completed
1,499,341,09-28,+0.0%,+0.00%,0.5000,0,✓ Yes,completed
1,499,381,09-28,+0.0%,+0.00%,0.5000,0,✓ Yes,completed
1,499,420,09-28,+0.0%,+0.00%,0.5000,0,✓ Yes,completed
1,499,460,09-28,+0.0%,+0.00%,0.5000,0,✓ Yes,completed
1,499,499,09-28,+0.0%,+0.00%,0.5000,0,✓ Yes,completed
1,539,183,09-28,+0.0%,+0.00%,0.5000,0,✓ Yes,completed
1,539,223,09-28,+0.0%,+0.00%,0.5000,0,✓ Yes,completed
1,539,262,09-28,+0.0%,+0.00%,0.5000,0,✓ Yes,completed
1,539,302,09-28,+0.0%,+0.00%,0.5000,0,✓ Yes,completed
1,539,341,09-28,+0.0%,+0.00%,0.5000,0,✓ Yes,completed
1,539,381,09-28,+0.0%,+0.00%,0.5000,0,✓ Yes,completed
1,539,420,09-28,+0.0%,+0.00%,0.5000,0,✓ Yes,completed
1,539,460,09-28,+0.0%,+0.00%,0.5000,0,✓ Yes,completed
1,539,499,09-28,+0.0%,+0.00%,0.5000,0,✓ Yes,completed
1,539,539,09-28,+0.0%,+0.00%,0.5000,0,✓ Yes,completed
1,183,183,10-25,+10.0%,+98.28%,0.9914,7,✗ No,budget_exceeded
1,183,183,10-25,+10.0%,+98.28%,0.9914,7,✗ No,budget_exceeded
1,223,183,10-25,+10.0%,+98.01%,0.9901,4,✗ No,budget_exceeded
1,223,223,10-25,+10.0%,+96.76%,0.9838,9,✗ No,budget_exceeded
1,262,183,10-25,+10.0%,+96.59%,0.9829,2,✗ No,budget_exceeded
1,262,262,10-25,+10.0%,+92.66%,0.9633,16,✗ No,budget_exceeded
1,302,183,10-25,+10.0%,+94.86%,0.9743,3,✗ No,budget_exceeded
1,302,243,10-25,+10.0%,+92.50%,0.9625,8,✗ No,budget_exceeded
1,302,302,10-25,+10.0%,+87.75%,0.9387,21,✗ No,budget_exceeded
1,341,183,10-25,+10.0%,+91.12%,0.9556,3,✗ No,budget_exceeded
1,341,236,10-25,+10.0%,+87.72%,0.9386,5,✗ No,budget_exceeded
1,341,289,10-25,+10.0%,+82.65%,0.9132,9,✗ No,budget_exceeded
1,341,341,10-25,+10.0%,+75.54%,0.8777,23,✗ No,budget_exceeded
1,381,183,10-25,+10.0%,+81.60%,0.9080,1,✗ No,budget_exceeded
1,381,223,10-25,+10.0%,+81.60%,0.9080,1,✗ No,budget_exceeded
1,381,262,10-25,+10.0%,+77.65%,0.8883,6,✗ No,budget_exceeded
1,381,302,10-25,+10.0%,+67.12%,0.8356,9,✗ No,budget_exceeded
1,381,341,10-25,+10.0%,+44.93%,0.7246,22,✗ No,budget_exceeded
1,381,381,10-25,+10.0%,+24.71%,0.6236,54,✗ No,budget_exceeded
1,420,183,10-25,+10.0%,+29.37%,0.6469,1,✗ No,budget_exceeded
1,420,223,10-25,+10.0%,+18.11%,0.5906,2,✗ No,budget_exceeded
1,420,262,10-25,+10.0%,+15.84%,0.5792,3,✗ No,budget_exceeded
1,420,302,10-25,+10.0%,+13.82%,0.5691,3,✗ No,budget_exceeded
1,420,341,10-25,+5.0%,-0.33%,0.4984,5,✓ Yes,completed
1,420,381,10-25,+1.7%,-0.09%,0.4995,6,✓ Yes,completed
1,420,420,10-25,+0.4%,-0.02%,0.4999,8,✓ Yes,completed
1,460,183,10-25,+0.0%,+0.00%,0.5000,0,✓ Yes,completed
1,460,223,10-25,+0.0%,+0.00%,0.5000,0,✓ Yes,completed
1,460,262,10-25,+0.0%,+0.00%,0.5000,0,✓ Yes,completed
1,460,302,10-25,+0.0%,+0.00%,0.5000,0,✓ Yes,completed
1,460,341,10-25,+0.0%,+0.00%,0.5000,0,✓ Yes,completed
1,460,381,10-25,+0.0%,+0.00%,0.5000,0,✓ Yes,completed
1,460,420,10-25,+0.0%,+0.00%,0.5000,0,✓ Yes,completed
1,460,460,10-25,+0.0%,+0.00%,0.5000,0,✓ Yes,completed
1,499,183,10-25,+0.0%,+0.00%,0.5000,0,✓ Yes,completed
1,499,223,10-25,+0.0%,+0.00%,0.5000,0,✓ Yes,completed
1,499,262,10-25,+0.0%,+0.00%,0.5000,0,✓ Yes,completed
1,499,302,10-25,+0.0%,+0.00%,0.5000,0,✓ Yes,completed
1,499,341,10-25,+0.0%,+0.00%,0.5000,0,✓ Yes,completed
1,499,381,10-25,+0.0%,+0.00%,0.5000,0,✓ Yes,completed
1,499,420,10-25,+0.0%,+0.00%,0.5000,0,✓ Yes,completed
1,499,460,10-25,+0.0%,+0.00%,0.5000,0,✓ Yes,completed
1,499,499,10-25,+0.0%,+0.00%,0.5000,0,✓ Yes,completed
1,539,183,10-25,+0.0%,+0.00%,0.5000,0,✓ Yes,completed
1,539,223,10-25,+0.0%,+0.00%,0.5000,0,✓ Yes,completed
1,539,262,10-25,+0.0%,+0.00%,0.5000,0,✓ Yes,completed
1,539,302,10-25,+0.0%,+0.00%,0.5000,0,✓ Yes,completed
1,539,341,10-25,+0.0%,+0.00%,0.5000,0,✓ Yes,completed
1,539,381,10-25,+0.0%,+0.00%,0.5000,0,✓ Yes,completed
1,539,420,10-25,+0.0%,+0.00%,0.5000,0,✓ Yes,completed
1,539,460,10-25,+0.0%,+0.00%,0.5000,0,✓ Yes,completed
1,539,499,10-25,+0.0%,+0.00%,0.5000,0,✓ Yes,completed
1,539,539,10-25,+0.0%,+0.00%,0.5000,0,✓ Yes,completed
1,183,183,11-21,+10.0%,+99.05%,0.9952,2,✗ No,budget_exceeded
1,183,183,11-21,+10.0%,+99.05%,0.9952,2,✗ No,budget_exceeded
1,223,183,11-21,+10.0%,+99.00%,0.9950,2,✗ No,budget_exceeded
1,223,223,11-21,+10.0%,+98.92%,0.9946,2,✗ No,budget_exceeded
1,262,183,11-21,+10.0%,+98.97%,0.9948,2,✗ No,budget_exceeded
1,262,262,11-21,+10.0%,+98.59%,0.9930,3,✗ No,budget_exceeded
1,302,183,11-21,+10.0%,+98.93%,0.9947,2,✗ No,budget_exceeded
1,302,243,11-21,+10.0%,+98.81%,0.9941,2,✗ No,budget_exceeded
1,302,302,11-21,+10.0%,+97.08%,0.9854,9,✗ No,budget_exceeded
1,341,183,11-21,+10.0%,+98.56%,0.9928,2,✗ No,budget_exceeded
1,341,236,11-21,+10.0%,+98.44%,0.9922,2,✗ No,budget_exceeded
1,341,289,11-21,+10.0%,+96.91%,0.9846,4,✗ No,budget_exceeded
1,341,341,11-21,+10.0%,+87.47%,0.9373,28,✗ No,budget_exceeded
1,381,183,11-21,+10.0%,+93.66%,0.9683,2,✗ No,budget_exceeded
1,381,223,11-21,+10.0%,+93.59%,0.9679,2,✗ No,budget_exceeded
1,381,262,11-21,+10.0%,+88.71%,0.9436,3,✗ No,budget_exceeded
1,381,302,11-21,+10.0%,+84.66%,0.9233,3,✗ No,budget_exceeded
1,381,341,11-21,+10.0%,+75.01%,0.8751,12,✗ No,budget_exceeded
1,381,381,11-21,+10.0%,+62.49%,0.8125,42,✗ No,budget_exceeded
1,420,183,11-21,+10.0%,+76.27%,0.8814,1,✗ No,budget_exceeded
1,420,223,11-21,+10.0%,+65.27%,0.8264,2,✗ No,budget_exceeded
1,420,262,11-21,+10.0%,+63.06%,0.8153,3,✗ No,budget_exceeded
1,420,302,11-21,+10.0%,+61.08%,0.8054,3,✗ No,budget_exceeded
1,420,341,11-21,+5.6%,-0.52%,0.4974,6,✓ Yes,completed
1,420,381,11-21,+2.2%,+0.02%,0.5001,7,✓ Yes,completed
1,420,420,11-21,+0.8%,+0.09%,0.5004,10,✓ Yes,completed
1,460,183,11-21,+0.0%,+0.00%,0.5000,0,✓ Yes,completed
1,460,223,11-21,+0.0%,+0.00%,0.5000,0,✓ Yes,completed
1,460,262,11-21,+0.0%,+0.00%,0.5000,0,✓ Yes,completed
1,460,302,11-21,+0.0%,+0.00%,0.5000,0,✓ Yes,completed
1,460,341,11-21,+0.0%,+0.00%,0.5000,0,✓ Yes,completed
1,460,381,11-21,+0.0%,+0.00%,0.5000,0,✓ Yes,completed
1,460,420,11-21,+0.0%,+0.00%,0.5000,0,✓ Yes,completed
1,460,460,11-21,+0.0%,+0.00%,0.5000,0,✓ Yes,completed
1,499,183,11-21,+0.0%,+0.00%,0.5000,0,✓ Yes,completed
1,499,223,11-21,+0.0%,+0.00%,0.5000,0,✓ Yes,completed
1,499,262,11-21,+0.0%,+0.00%,0.5000,0,✓ Yes,completed
1,499,302,11-21,+0.0%,+0.00%,0.5000,0,✓ Yes,completed
1,499,341,11-21,+0.0%,+0.00%,0.5000,0,✓ Yes,completed
1,499,381,11-21,+0.0%,+0.00%,0.5000,0,✓ Yes,completed
1,499,420,11-21,+0.0%,+0.00%,0.5000,0,✓ Yes,completed
1,499,460,11-21,+0.0%,+0.00%,0.5000,0,✓ Yes,completed
1,499,499,11-21,+0.0%,+0.00%,0.5000,0,✓ Yes,completed
1,539,183,11-21,+0.0%,+0.00%,0.5000,0,✓ Yes,completed
1,539,223,11-21,+0.0%,+0.00%,0.5000,0,✓ Yes,completed
1,539,262,11-21,+0.0%,+0.00%,0.5000,0,✓ Yes,completed
1,539,302,11-21,+0.0%,+0.00%,0.5000,0,✓ Yes,completed
1,539,341,11-21,+0.0%,+0.00%,0.5000,0,✓ Yes,completed
1,539,381,11-21,+0.0%,+0.00%,0.5000,0,✓ Yes,completed
1,539,420,11-21,+0.0%,+0.00%,0.5000,0,✓ Yes,completed
1,539,460,11-21,+0.0%,+0.00%,0.5000,0,✓ Yes,completed
1,539,499,11-21,+0.0%,+0.00%,0.5000,0,✓ Yes,completed
1,539,539,11-21,+0.0%,+0.00%,0.5000,0,✓ Yes,completed
1,183,183,11-23,+10.0%,+99.04%,0.9952,2,✗ No,budget_exceeded
1,183,183,11-23,+10.0%,+99.04%,0.9952,2,✗ No,budget_exceeded
1,223,183,11-23,+10.0%,+98.99%,0.9949,2,✗ No,budget_exceeded
1,223,223,11-23,+10.0%,+98.91%,0.9946,2,✗ No,budget_exceeded
1,262,183,11-23,+10.0%,+98.96%,0.9948,2,✗ No,budget_exceeded
1,262,262,11-23,+10.0%,+98.81%,0.9941,2,✗ No,budget_exceeded
1,302,183,11-23,+10.0%,+98.92%,0.9946,2,✗ No,budget_exceeded
1,302,243,11-23,+10.0%,+98.81%,0.9940,2,✗ No,budget_exceeded
1,302,302,11-23,+10.0%,+96.60%,0.9830,10,✗ No,budget_exceeded
1,341,183,11-23,+10.0%,+98.25%,0.9913,1,✗ No,budget_exceeded
1,341,236,11-23,+10.0%,+98.25%,0.9913,1,✗ No,budget_exceeded
1,341,289,11-23,+10.0%,+96.41%,0.9820,4,✗ No,budget_exceeded
1,341,341,11-23,+10.0%,+89.79%,0.9489,23,✗ No,budget_exceeded
1,381,183,11-23,+10.0%,+93.47%,0.9673,1,✗ No,budget_exceeded
1,381,223,11-23,+10.0%,+92.01%,0.9601,2,✗ No,budget_exceeded
1,381,262,11-23,+10.0%,+90.20%,0.9510,2,✗ No,budget_exceeded
1,381,302,11-23,+10.0%,+86.66%,0.9333,2,✗ No,budget_exceeded
1,381,341,11-23,+10.0%,+77.39%,0.8869,11,✗ No,budget_exceeded
1,381,381,11-23,+10.0%,+64.49%,0.8225,41,✗ No,budget_exceeded
1,420,183,11-23,+10.0%,+80.13%,0.9006,1,✗ No,budget_exceeded
1,420,223,11-23,+10.0%,+69.18%,0.8459,2,✗ No,budget_exceeded
1,420,262,11-23,+10.0%,+66.98%,0.8349,3,✗ No,budget_exceeded
1,420,302,11-23,+10.0%,+65.01%,0.8251,3,✗ No,budget_exceeded
1,420,341,11-23,+5.6%,-0.26%,0.4987,6,✓ Yes,completed
1,420,381,11-23,+2.2%,-0.15%,0.4993,7,✓ Yes,completed
1,420,420,11-23,+0.8%,-0.04%,0.4998,10,✓ Yes,completed
1,460,183,11-23,+0.0%,+0.00%,0.5000,0,✓ Yes,completed
1,460,223,11-23,+0.0%,+0.00%,0.5000,0,✓ Yes,completed
1,460,262,11-23,+0.0%,+0.00%,0.5000,0,✓ Yes,completed
1,460,302,11-23,+0.0%,+0.00%,0.5000,0,✓ Yes,completed
1,460,341,11-23,+0.0%,+0.00%,0.5000,0,✓ Yes,completed
1,460,381,11-23,+0.0%,+0.00%,0.5000,0,✓ Yes,completed
1,460,420,11-23,+0.0%,+0.00%,0.5000,0,✓ Yes,completed
1,460,460,11-23,+0.0%,+0.00%,0.5000,0,✓ Yes,completed
1,499,183,11-23,+0.0%,+0.00%,0.5000,0,✓ Yes,completed
1,499,223,11-23,+0.0%,+0.00%,0.5000,0,✓ Yes,completed
1,499,262,11-23,+0.0%,+0.00%,0.5000,0,✓ Yes,completed
1,499,302,11-23,+0.0%,+0.00%,0.5000,0,✓ Yes,completed
1,499,341,11-23,+0.0%,+0.00%,0.5000,0,✓ Yes,completed
1,499,381,11-23,+0.0%,+0.00%,0.5000,0,✓ Yes,completed
1,499,420,11-23,+0.0%,+0.00%,0.5000,0,✓ Yes,completed
1,499,460,11-23,+0.0%,+0.00%,0.5000,0,✓ Yes,completed
1,499,499,11-23,+0.0%,+0.00%,0.5000,0,✓ Yes,completed
1,539,183,11-23,+0.0%,+0.00%,0.5000,0,✓ Yes,completed
1,539,223,11-23,+0.0%,+0.00%,0.5000,0,✓ Yes,completed
1,539,262,11-23,+0.0%,+0.00%,0.5000,0,✓ Yes,completed
1,539,302,11-23,+0.0%,+0.00%,0.5000,0,✓ Yes,completed
1,539,341,11-23,+0.0%,+0.00%,0.5000,0,✓ Yes,completed
1,539,381,11-23,+0.0%,+0.00%,0.5000,0,✓ Yes,completed
1,539,420,11-23,+0.0%,+0.00%,0.5000,0,✓ Yes,completed
1,539,460,11-23,+0.0%,+0.00%,0.5000,0,✓ Yes,completed
1,539,499,11-23,+0.0%,+0.00%,0.5000,0,✓ Yes,completed
1,539,539,11-23,+0.0%,+0.00%,0.5000,0,✓ Yes,completed
2,301,261,07-26,+10.0%,+78.13%,0.8907,11,✗ No,budget_exceeded
2,301,301,07-26,+10.0%,+73.28%,0.8664,17,✗ No,budget_exceeded
2,319,261,07-26,+10.0%,+74.17%,0.8708,10,✗ No,budget_exceeded
2,319,280,07-26,+10.0%,+73.25%,0.8662,11,✗ No,budget_exceeded
2,319,300,07-26,+10.0%,+72.47%,0.8624,11,✗ No,budget_exceeded
2,319,319,07-26,+10.0%,+70.84%,0.8542,17,✗ No,budget_exceeded
2,336,261,07-26,+10.0%,+72.32%,0.8616,11,✗ No,budget_exceeded
2,336,280,07-26,+10.0%,+71.22%,0.8561,12,✗ No,budget_exceeded
2,336,299,07-26,+10.0%,+70.45%,0.8522,12,✗ No,budget_exceeded
2,336,318,07-26,+10.0%,+68.66%,0.8433,13,✗ No,budget_exceeded
2,336,336,07-26,+10.0%,+56.39%,0.7820,24,✗ No,budget_exceeded
2,354,261,07-26,+10.0%,+55.37%,0.7768,11,✗ No,budget_exceeded
2,354,280,07-26,+10.0%,+53.16%,0.7658,12,✗ No,budget_exceeded
2,354,299,07-26,+10.0%,+44.91%,0.7246,13,✗ No,budget_exceeded
2,354,317,07-26,+10.0%,+44.27%,0.7213,13,✗ No,budget_exceeded
2,354,336,07-26,+10.0%,+30.98%,0.6549,18,✗ No,budget_exceeded
2,354,354,07-26,+9.0%,+2.09%,0.5104,35,✓ Yes,completed
2,372,261,07-26,+9.8%,+1.70%,0.5085,10,✓ Yes,completed
2,372,280,07-26,+9.3%,+1.76%,0.5088,10,✓ Yes,completed
2,372,298,07-26,+8.9%,+1.89%,0.5095,10,✓ Yes,completed
2,372,317,07-26,+8.4%,+1.99%,0.5100,10,✓ Yes,completed
2,372,335,07-26,+7.0%,+1.89%,0.5095,10,✓ Yes,completed
2,372,354,07-26,+5.3%,+1.37%,0.5068,11,✓ Yes,completed
2,372,372,07-26,+3.1%,+0.87%,0.5043,20,✓ Yes,completed
2,390,261,07-26,+1.9%,+0.44%,0.5022,2,✓ Yes,completed
2,390,280,07-26,+1.7%,+0.49%,0.5024,2,✓ Yes,completed
2,390,298,07-26,+1.6%,+0.50%,0.5025,2,✓ Yes,completed
2,390,316,07-26,+1.5%,+0.51%,0.5026,2,✓ Yes,completed
2,390,335,07-26,+1.4%,+0.52%,0.5026,2,✓ Yes,completed
2,390,353,07-26,+1.3%,+0.52%,0.5026,2,✓ Yes,completed
2,390,371,07-26,+1.0%,+0.51%,0.5026,3,✓ Yes,completed
2,390,390,07-26,+0.2%,+0.06%,0.5003,5,✓ Yes,completed
2,408,261,07-26,+0.0%,+0.00%,0.5000,0,✓ Yes,completed
2,408,280,07-26,+0.0%,+0.00%,0.5000,0,✓ Yes,completed
2,408,298,07-26,+0.0%,+0.00%,0.5000,0,✓ Yes,completed
2,408,316,07-26,+0.0%,+0.00%,0.5000,0,✓ Yes,completed
2,408,334,07-26,+0.0%,+0.00%,0.5000,0,✓ Yes,completed
2,408,353,07-26,+0.0%,+0.00%,0.5000,0,✓ Yes,completed
2,408,371,07-26,+0.0%,+0.00%,0.5000,0,✓ Yes,completed
2,408,389,07-26,+0.0%,+0.00%,0.5000,0,✓ Yes,completed
2,408,408,07-26,+0.0%,+0.00%,0.5000,0,✓ Yes,completed
2,425,261,07-26,+0.0%,+0.00%,0.5000,0,✓ Yes,completed
2,425,280,07-26,+0.0%,+0.00%,0.5000,0,✓ Yes,completed
2,425,298,07-26,+0.0%,+0.00%,0.5000,0,✓ Yes,completed
2,425,316,07-26,+0.0%,+0.00%,0.5000,0,✓ Yes,completed
2,425,334,07-26,+0.0%,+0.00%,0.5000,0,✓ Yes,completed
2,425,352,07-26,+0.0%,+0.00%,0.5000,0,✓ Yes,completed
2,425,371,07-26,+0.0%,+0.00%,0.5000,0,✓ Yes,completed
2,425,389,07-26,+0.0%,+0.00%,0.5000,0,✓ Yes,completed
2,425,407,07-26,+0.0%,+0.00%,0.5000,0,✓ Yes,completed
2,425,425,07-26,+0.0%,+0.00%,0.5000,0,✓ Yes,completed
2,443,261,07-26,+0.0%,+0.00%,0.5000,0,✓ Yes,completed
2,443,280,07-26,+0.0%,+0.00%,0.5000,0,✓ Yes,completed
2,443,298,07-26,+0.0%,+0.00%,0.5000,0,✓ Yes,completed
2,443,316,07-26,+0.0%,+0.00%,0.5000,0,✓ Yes,completed
2,443,334,07-26,+0.0%,+0.00%,0.5000,0,✓ Yes,completed
2,443,352,07-26,+0.0%,+0.00%,0.5000,0,✓ Yes,completed
2,443,370,07-26,+0.0%,+0.00%,0.5000,0,✓ Yes,completed
2,443,389,07-26,+0.0%,+0.00%,0.5000,0,✓ Yes,completed
2,443,407,07-26,+0.0%,+0.00%,0.5000,0,✓ Yes,completed
2,443,425,07-26,+0.0%,+0.00%,0.5000,0,✓ Yes,completed
2,443,443,07-26,+0.0%,+0.00%,0.5000,0,✓ Yes,completed
2,461,261,07-26,+0.0%,+0.00%,0.5000,0,✓ Yes,completed
2,461,280,07-26,+0.0%,+0.00%,0.5000,0,✓ Yes,completed
2,461,298,07-26,+0.0%,+0.00%,0.5000,0,✓ Yes,completed
2,461,316,07-26,+0.0%,+0.00%,0.5000,0,✓ Yes,completed
2,461,334,07-26,+0.0%,+0.00%,0.5000,0,✓ Yes,completed
2,461,352,07-26,+0.0%,+0.00%,0.5000,0,✓ Yes,completed
2,461,370,07-26,+0.0%,+0.00%,0.5000,0,✓ Yes,completed
2,461,388,07-26,+0.0%,+0.00%,0.5000,0,✓ Yes,completed
2,461,406,07-26,+0.0%,+0.00%,0.5000,0,✓ Yes,completed
2,461,425,07-26,+0.0%,+0.00%,0.5000,0,✓ Yes,completed
2,461,443,07-26,+0.0%,+0.00%,0.5000,0,✓ Yes,completed
2,461,461,07-26,+0.0%,+0.00%,0.5000,0,✓ Yes,completed
2,301,261,08-07,+10.0%,+93.00%,0.9650,10,✗ No,budget_exceeded
2,301,301,08-07,+10.0%,+91.40%,0.9570,11,✗ No,budget_exceeded
2,319,261,08-07,+10.0%,+92.47%,0.9624,10,✗ No,budget_exceeded
2,319,280,08-07,+10.0%,+91.60%,0.9580,11,✗ No,budget_exceeded
2,319,300,08-07,+10.0%,+90.87%,0.9544,11,✗ No,budget_exceeded
2,319,319,08-07,+10.0%,+89.33%,0.9467,17,✗ No,budget_exceeded
2,336,261,08-07,+10.0%,+90.73%,0.9536,11,✗ No,budget_exceeded
2,336,280,08-07,+10.0%,+89.69%,0.9484,12,✗ No,budget_exceeded
2,336,299,08-07,+10.0%,+88.96%,0.9448,12,✗ No,budget_exceeded
2,336,318,08-07,+10.0%,+87.27%,0.9364,13,✗ No,budget_exceeded
2,336,336,08-07,+10.0%,+75.68%,0.8784,24,✗ No,budget_exceeded
2,354,261,08-07,+10.0%,+74.71%,0.8736,11,✗ No,budget_exceeded
2,354,280,08-07,+10.0%,+72.63%,0.8631,12,✗ No,budget_exceeded
2,354,299,08-07,+10.0%,+64.84%,0.8242,13,✗ No,budget_exceeded
2,354,317,08-07,+10.0%,+64.23%,0.8211,13,✗ No,budget_exceeded
2,354,336,08-07,+10.0%,+51.67%,0.7584,18,✗ No,budget_exceeded
2,354,354,08-07,+10.0%,+12.38%,0.5619,42,✗ No,budget_exceeded
2,372,261,08-07,+10.0%,+11.58%,0.5579,11,✗ No,budget_exceeded
2,372,280,08-07,+10.0%,+9.75%,0.5487,12,✗ No,budget_exceeded
2,372,298,08-07,+10.0%,+8.61%,0.5431,13,✗ No,budget_exceeded
2,372,317,08-07,+9.9%,+3.11%,0.5156,13,✓ Yes,completed
2,372,335,08-07,+8.2%,+2.40%,0.5120,13,✓ Yes,completed
2,372,354,08-07,+6.5%,+1.72%,0.5086,14,✓ Yes,completed
2,372,372,08-07,+3.8%,+0.38%,0.5019,24,✓ Yes,completed
2,390,261,08-07,+2.4%,+0.02%,0.5001,3,✓ Yes,completed
2,390,280,08-07,+1.7%,+0.12%,0.5006,2,✓ Yes,completed
2,390,298,08-07,+1.6%,+0.15%,0.5007,2,✓ Yes,completed
2,390,316,08-07,+1.5%,+0.18%,0.5009,2,✓ Yes,completed
2,390,335,08-07,+1.4%,+0.19%,0.5009,2,✓ Yes,completed
2,390,353,08-07,+1.3%,+0.19%,0.5009,2,✓ Yes,completed
2,390,371,08-07,+1.0%,+0.20%,0.5010,3,✓ Yes,completed
2,390,390,08-07,+0.2%,-0.00%,0.5000,5,✓ Yes,completed
2,408,261,08-07,+0.0%,+0.00%,0.5000,0,✓ Yes,completed
2,408,280,08-07,+0.0%,+0.00%,0.5000,0,✓ Yes,completed
2,408,298,08-07,+0.0%,+0.00%,0.5000,0,✓ Yes,completed
2,408,316,08-07,+0.0%,+0.00%,0.5000,0,✓ Yes,completed
2,408,334,08-07,+0.0%,+0.00%,0.5000,0,✓ Yes,completed
2,408,353,08-07,+0.0%,+0.00%,0.5000,0,✓ Yes,completed
2,408,371,08-07,+0.0%,+0.00%,0.5000,0,✓ Yes,completed
2,408,389,08-07,+0.0%,+0.00%,0.5000,0,✓ Yes,completed
2,408,408,08-07,+0.0%,+0.00%,0.5000,0,✓ Yes,completed
2,425,261,08-07,+0.0%,+0.00%,0.5000,0,✓ Yes,completed
2,425,280,08-07,+0.0%,+0.00%,0.5000,0,✓ Yes,completed
2,425,298,08-07,+0.0%,+0.00%,0.5000,0,✓ Yes,completed
2,425,316,08-07,+0.0%,+0.00%,0.5000,0,✓ Yes,completed
2,425,334,08-07,+0.0%,+0.00%,0.5000,0,✓ Yes,completed
2,425,352,08-07,+0.0%,+0.00%,0.5000,0,✓ Yes,completed
2,425,371,08-07,+0.0%,+0.00%,0.5000,0,✓ Yes,completed
2,425,389,08-07,+0.0%,+0.00%,0.5000,0,✓ Yes,completed
2,425,407,08-07,+0.0%,+0.00%,0.5000,0,✓ Yes,completed
2,425,425,08-07,+0.0%,+0.00%,0.5000,0,✓ Yes,completed
2,443,261,08-07,+0.0%,+0.00%,0.5000,0,✓ Yes,completed
2,443,280,08-07,+0.0%,+0.00%,0.5000,0,✓ Yes,completed
2,443,298,08-07,+0.0%,+0.00%,0.5000,0,✓ Yes,completed
2,443,316,08-07,+0.0%,+0.00%,0.5000,0,✓ Yes,completed
2,443,334,08-07,+0.0%,+0.00%,0.5000,0,✓ Yes,completed
2,443,352,08-07,+0.0%,+0.00%,0.5000,0,✓ Yes,completed
2,443,370,08-07,+0.0%,+0.00%,0.5000,0,✓ Yes,completed
2,443,389,08-07,+0.0%,+0.00%,0.5000,0,✓ Yes,completed
2,443,407,08-07,+0.0%,+0.00%,0.5000,0,✓ Yes,completed
2,443,425,08-07,+0.0%,+0.00%,0.5000,0,✓ Yes,completed
2,443,443,08-07,+0.0%,+0.00%,0.5000,0,✓ Yes,completed
2,461,261,08-07,+0.0%,+0.00%,0.5000,0,✓ Yes,completed
2,461,280,08-07,+0.0%,+0.00%,0.5000,0,✓ Yes,completed
2,461,298,08-07,+0.0%,+0.00%,0.5000,0,✓ Yes,completed
2,461,316,08-07,+0.0%,+0.00%,0.5000,0,✓ Yes,completed
2,461,334,08-07,+0.0%,+0.00%,0.5000,0,✓ Yes,completed
2,461,352,08-07,+0.0%,+0.00%,0.5000,0,✓ Yes,completed
2,461,370,08-07,+0.0%,+0.00%,0.5000,0,✓ Yes,completed
2,461,388,08-07,+0.0%,+0.00%,0.5000,0,✓ Yes,completed
2,461,406,08-07,+0.0%,+0.00%,0.5000,0,✓ Yes,completed
2,461,425,08-07,+0.0%,+0.00%,0.5000,0,✓ Yes,completed
2,461,443,08-07,+0.0%,+0.00%,0.5000,0,✓ Yes,completed
2,461,461,08-07,+0.0%,+0.00%,0.5000,0,✓ Yes,completed
2,301,261,08-19,+10.0%,+92.15%,0.9608,10,✗ No,budget_exceeded
2,301,301,08-19,+10.0%,+84.59%,0.9229,21,✗ No,budget_exceeded
2,319,261,08-19,+10.0%,+83.98%,0.9199,12,✗ No,budget_exceeded
2,319,280,08-19,+10.0%,+81.82%,0.9091,14,✗ No,budget_exceeded
2,319,300,08-19,+10.0%,+80.42%,0.9021,15,✗ No,budget_exceeded
2,319,319,08-19,+10.0%,+75.60%,0.8780,29,✗ No,budget_exceeded
2,336,261,08-19,+10.0%,+80.64%,0.9032,12,✗ No,budget_exceeded
2,336,280,08-19,+10.0%,+78.19%,0.8910,13,✗ No,budget_exceeded
2,336,299,08-19,+10.0%,+75.07%,0.8754,15,✗ No,budget_exceeded
2,336,318,08-19,+10.0%,+71.45%,0.8572,19,✗ No,budget_exceeded
2,336,336,08-19,+10.0%,+51.05%,0.7552,45,✗ No,budget_exceeded
2,354,261,08-19,+10.0%,+59.84%,0.7992,11,✗ No,budget_exceeded
2,354,280,08-19,+10.0%,+53.00%,0.7650,12,✗ No,budget_exceeded
2,354,299,08-19,+10.0%,+52.27%,0.7614,12,✗ No,budget_exceeded
2,354,317,08-19,+10.0%,+45.28%,0.7264,15,✗ No,budget_exceeded
2,354,336,08-19,+10.0%,+18.13%,0.5907,25,✗ No,budget_exceeded
2,354,354,08-19,+10.0%,+6.60%,0.5330,44,✗ No,budget_exceeded
2,372,261,08-19,+10.0%,+7.27%,0.5364,10,✗ No,budget_exceeded
2,372,280,08-19,+10.0%,+6.19%,0.5310,11,✗ No,budget_exceeded
2,372,298,08-19,+10.0%,+4.96%,0.5248,12,✗ No,budget_exceeded
2,372,317,08-19,+10.0%,+3.83%,0.5192,13,✗ No,budget_exceeded
2,372,335,08-19,+8.4%,+0.07%,0.5003,13,✓ Yes,completed
2,372,354,08-19,+7.2%,+0.09%,0.5005,13,✓ Yes,completed
2,372,372,08-19,+3.4%,+0.27%,0.5014,17,✓ Yes,completed
2,390,261,08-19,+10.0%,-0.21%,0.4989,4,✗ No,budget_exceeded
2,390,280,08-19,+4.3%,-0.01%,0.4999,4,✓ Yes,completed
2,390,298,08-19,+1.7%,+0.29%,0.5015,3,✓ Yes,completed
2,390,316,08-19,+1.6%,+0.33%,0.5016,3,✓ Yes,completed
2,390,335,08-19,+1.4%,+0.36%,0.5018,3,✓ Yes,completed
2,390,353,08-19,+1.3%,+0.38%,0.5019,3,✓ Yes,completed
2,390,371,08-19,+0.9%,+0.36%,0.5018,4,✓ Yes,completed
2,390,390,08-19,+0.2%,+0.06%,0.5003,5,✓ Yes,completed
2,408,261,08-19,+0.4%,+0.12%,0.5006,1,✓ Yes,completed
2,408,280,08-19,+0.4%,+0.11%,0.5005,1,✓ Yes,completed
2,408,298,08-19,+0.3%,+0.10%,0.5005,1,✓ Yes,completed
2,408,316,08-19,+0.3%,+0.09%,0.5005,1,✓ Yes,completed
2,408,334,08-19,+0.3%,+0.07%,0.5003,1,✓ Yes,completed
2,408,353,08-19,+0.2%,+0.05%,0.5003,1,✓ Yes,completed
2,408,371,08-19,+0.1%,+0.03%,0.5002,1,✓ Yes,completed
2,408,389,08-19,+0.1%,+0.02%,0.5001,1,✓ Yes,completed
2,408,408,08-19,+0.0%,+0.00%,0.5000,1,✓ Yes,completed
2,425,261,08-19,+0.0%,+0.00%,0.5000,0,✓ Yes,completed
2,425,280,08-19,+0.0%,+0.00%,0.5000,0,✓ Yes,completed
2,425,298,08-19,+0.0%,+0.00%,0.5000,0,✓ Yes,completed
2,425,316,08-19,+0.0%,+0.00%,0.5000,0,✓ Yes,completed
2,425,334,08-19,+0.0%,+0.00%,0.5000,0,✓ Yes,completed
2,425,352,08-19,+0.0%,+0.00%,0.5000,0,✓ Yes,completed
2,425,371,08-19,+0.0%,+0.00%,0.5000,0,✓ Yes,completed
2,425,389,08-19,+0.0%,+0.00%,0.5000,0,✓ Yes,completed
2,425,407,08-19,+0.0%,+0.00%,0.5000,0,✓ Yes,completed
2,425,425,08-19,+0.0%,+0.00%,0.5000,0,✓ Yes,completed
2,443,261,08-19,+0.0%,+0.00%,0.5000,0,✓ Yes,completed
2,443,280,08-19,+0.0%,+0.00%,0.5000,0,✓ Yes,completed
2,443,298,08-19,+0.0%,+0.00%,0.5000,0,✓ Yes,completed
2,443,316,08-19,+0.0%,+0.00%,0.5000,0,✓ Yes,completed
2,443,334,08-19,+0.0%,+0.00%,0.5000,0,✓ Yes,completed
2,443,352,08-19,+0.0%,+0.00%,0.5000,0,✓ Yes,completed
2,443,370,08-19,+0.0%,+0.00%,0.5000,0,✓ Yes,completed
2,443,389,08-19,+0.0%,+0.00%,0.5000,0,✓ Yes,completed
2,443,407,08-19,+0.0%,+0.00%,0.5000,0,✓ Yes,completed
2,443,425,08-19,+0.0%,+0.00%,0.5000,0,✓ Yes,completed
2,443,443,08-19,+0.0%,+0.00%,0.5000,0,✓ Yes,completed
2,461,261,08-19,+0.0%,+0.00%,0.5000,0,✓ Yes,completed
2,461,280,08-19,+0.0%,+0.00%,0.5000,0,✓ Yes,completed
2,461,298,08-19,+0.0%,+0.00%,0.5000,0,✓ Yes,completed
2,461,316,08-19,+0.0%,+0.00%,0.5000,0,✓ Yes,completed
2,461,334,08-19,+0.0%,+0.00%,0.5000,0,✓ Yes,completed
2,461,352,08-19,+0.0%,+0.00%,0.5000,0,✓ Yes,completed
2,461,370,08-19,+0.0%,+0.00%,0.5000,0,✓ Yes,completed
2,461,388,08-19,+0.0%,+0.00%,0.5000,0,✓ Yes,completed
2,461,406,08-19,+0.0%,+0.00%,0.5000,0,✓ Yes,completed
2,461,425,08-19,+0.0%,+0.00%,0.5000,0,✓ Yes,completed
2,461,443,08-19,+0.0%,+0.00%,0.5000,0,✓ Yes,completed
2,461,461,08-19,+0.0%,+0.00%,0.5000,0,✓ Yes,completed
2,301,261,08-31,+10.0%,+93.86%,0.9693,9,✗ No,budget_exceeded
2,301,301,08-31,+10.0%,+90.57%,0.9528,20,✗ No,budget_exceeded
2,319,261,08-31,+10.0%,+92.29%,0.9614,10,✗ No,budget_exceeded
2,319,280,08-31,+10.0%,+89.36%,0.9468,12,✗ No,budget_exceeded
2,319,300,08-31,+10.0%,+87.69%,0.9385,13,✗ No,budget_exceeded
2,319,319,08-31,+10.0%,+82.35%,0.9117,24,✗ No,budget_exceeded
2,336,261,08-31,+10.0%,+90.88%,0.9544,10,✗ No,budget_exceeded
2,336,280,08-31,+10.0%,+85.40%,0.9270,12,✗ No,budget_exceeded
2,336,299,08-31,+10.0%,+81.75%,0.9087,13,✗ No,budget_exceeded
2,336,318,08-31,+10.0%,+74.80%,0.8740,17,✗ No,budget_exceeded
2,336,336,08-31,+10.0%,+55.94%,0.7797,43,✗ No,budget_exceeded
2,354,261,08-31,+10.0%,+67.31%,0.8365,9,✗ No,budget_exceeded
2,354,280,08-31,+10.0%,+64.15%,0.8207,10,✗ No,budget_exceeded
2,354,299,08-31,+10.0%,+57.09%,0.7855,11,✗ No,budget_exceeded
2,354,317,08-31,+10.0%,+53.60%,0.7680,15,✗ No,budget_exceeded
2,354,336,08-31,+10.0%,+34.91%,0.6746,21,✗ No,budget_exceeded
2,354,354,08-31,+10.0%,+30.10%,0.6505,35,✗ No,budget_exceeded
2,372,261,08-31,+10.0%,+30.89%,0.6545,9,✗ No,budget_exceeded
2,372,280,08-31,+10.0%,+29.86%,0.6493,10,✗ No,budget_exceeded
2,372,298,08-31,+10.0%,+28.32%,0.6416,12,✗ No,budget_exceeded
2,372,317,08-31,+10.0%,+27.74%,0.6387,12,✗ No,budget_exceeded
2,372,335,08-31,+8.8%,+3.66%,0.5183,15,✓ Yes,completed
2,372,354,08-31,+7.7%,+3.59%,0.5179,15,✓ Yes,completed
2,372,372,08-31,+5.8%,+3.03%,0.5151,22,✓ Yes,completed
2,390,261,08-31,+10.0%,+24.81%,0.6241,4,✗ No,budget_exceeded
2,390,280,08-31,+7.5%,+3.06%,0.5153,5,✓ Yes,completed
2,390,298,08-31,+6.0%,+2.88%,0.5144,7,✓ Yes,completed
2,390,316,08-31,+5.6%,+2.80%,0.5140,7,✓ Yes,completed
2,390,335,08-31,+4.6%,+2.45%,0.5123,7,✓ Yes,completed
2,390,353,08-31,+4.3%,+2.26%,0.5113,7,✓ Yes,completed
2,390,371,08-31,+3.5%,+1.74%,0.5087,9,✓ Yes,completed
2,390,390,08-31,+2.2%,+0.95%,0.5048,14,✓ Yes,completed
2,408,261,08-31,+8.3%,+3.02%,0.5151,2,✓ Yes,completed
2,408,280,08-31,+5.8%,+2.53%,0.5127,3,✓ Yes,completed
2,408,298,08-31,+2.3%,+0.96%,0.5048,4,✓ Yes,completed
2,408,316,08-31,+2.1%,+0.85%,0.5042,4,✓ Yes,completed
2,408,334,08-31,+1.9%,+0.75%,0.5038,4,✓ Yes,completed
2,408,353,08-31,+1.7%,+0.68%,0.5034,4,✓ Yes,completed
2,408,371,08-31,+1.5%,+0.63%,0.5031,4,✓ Yes,completed
2,408,389,08-31,+1.1%,+0.53%,0.5027,5,✓ Yes,completed
2,408,408,08-31,+0.5%,+0.30%,0.5015,6,✓ Yes,completed
2,425,261,08-31,+7.8%,+2.95%,0.5147,1,✓ Yes,completed
2,425,280,08-31,+2.4%,+0.88%,0.5044,1,✓ Yes,completed
2,425,298,08-31,+0.4%,+0.17%,0.5009,1,✓ Yes,completed
2,425,316,08-31,+0.4%,+0.15%,0.5008,1,✓ Yes,completed
2,425,334,08-31,+0.3%,+0.11%,0.5006,1,✓ Yes,completed
2,425,352,08-31,+0.2%,+0.09%,0.5005,1,✓ Yes,completed
2,425,371,08-31,+0.2%,+0.08%,0.5004,1,✓ Yes,completed
2,425,389,08-31,+0.2%,+0.06%,0.5003,1,✓ Yes,completed
2,425,407,08-31,+0.1%,+0.03%,0.5002,1,✓ Yes,completed
2,425,425,08-31,+0.0%,+0.01%,0.5001,1,✓ Yes,completed
2,443,261,08-31,+0.0%,+0.00%,0.5000,0,✓ Yes,completed
2,443,280,08-31,+0.0%,+0.00%,0.5000,0,✓ Yes,completed
2,443,298,08-31,+0.0%,+0.00%,0.5000,0,✓ Yes,completed
2,443,316,08-31,+0.0%,+0.00%,0.5000,0,✓ Yes,completed
2,443,334,08-31,+0.0%,+0.00%,0.5000,0,✓ Yes,completed
2,443,352,08-31,+0.0%,+0.00%,0.5000,0,✓ Yes,completed
2,443,370,08-31,+0.0%,+0.00%,0.5000,0,✓ Yes,completed
2,443,389,08-31,+0.0%,+0.00%,0.5000,0,✓ Yes,completed
2,443,407,08-31,+0.0%,+0.00%,0.5000,0,✓ Yes,completed
2,443,425,08-31,+0.0%,+0.00%,0.5000,0,✓ Yes,completed
2,443,443,08-31,+0.0%,+0.00%,0.5000,0,✓ Yes,completed
2,461,261,08-31,+0.0%,+0.00%,0.5000,0,✓ Yes,completed
2,461,280,08-31,+0.0%,+0.00%,0.5000,0,✓ Yes,completed
2,461,298,08-31,+0.0%,+0.00%,0.5000,0,✓ Yes,completed
2,461,316,08-31,+0.0%,+0.00%,0.5000,0,✓ Yes,completed
2,461,334,08-31,+0.0%,+0.00%,0.5000,0,✓ Yes,completed
2,461,352,08-31,+0.0%,+0.00%,0.5000,0,✓ Yes,completed
2,461,370,08-31,+0.0%,+0.00%,0.5000,0,✓ Yes,completed
2,461,388,08-31,+0.0%,+0.00%,0.5000,0,✓ Yes,completed
2,461,406,08-31,+0.0%,+0.00%,0.5000,0,✓ Yes,completed
2,461,425,08-31,+0.0%,+0.00%,0.5000,0,✓ Yes,completed
2,461,443,08-31,+0.0%,+0.00%,0.5000,0,✓ Yes,completed
2,461,461,08-31,+0.0%,+0.00%,0.5000,0,✓ Yes,completed
2,301,261,09-12,+10.0%,+94.20%,0.9710,10,✗ No,budget_exceeded
2,301,301,09-12,+10.0%,+90.93%,0.9546,23,✗ No,budget_exceeded
2,319,261,09-12,+10.0%,+91.01%,0.9551,12,✗ No,budget_exceeded
2,319,280,09-12,+10.0%,+90.43%,0.9521,12,✗ No,budget_exceeded
2,319,300,09-12,+10.0%,+88.54%,0.9427,14,✗ No,budget_exceeded
2,319,319,09-12,+10.0%,+78.99%,0.8950,27,✗ No,budget_exceeded
2,336,261,09-12,+10.0%,+86.84%,0.9342,10,✗ No,budget_exceeded
2,336,280,09-12,+10.0%,+85.04%,0.9252,11,✗ No,budget_exceeded
2,336,299,09-12,+10.0%,+78.54%,0.8927,13,✗ No,budget_exceeded
2,336,318,09-12,+10.0%,+74.43%,0.8722,17,✗ No,budget_exceeded
2,336,336,09-12,+10.0%,+56.15%,0.7808,35,✗ No,budget_exceeded
2,354,261,09-12,+10.0%,+61.09%,0.8055,10,✗ No,budget_exceeded
2,354,280,09-12,+10.0%,+60.56%,0.8028,10,✗ No,budget_exceeded
2,354,299,09-12,+10.0%,+55.93%,0.7796,12,✗ No,budget_exceeded
2,354,317,09-12,+10.0%,+53.64%,0.7682,15,✗ No,budget_exceeded
2,354,336,09-12,+10.0%,+50.25%,0.7512,18,✗ No,budget_exceeded
2,354,354,09-12,+10.0%,+38.80%,0.6940,37,✗ No,budget_exceeded
2,372,261,09-12,+10.0%,+48.53%,0.7426,7,✗ No,budget_exceeded
2,372,280,09-12,+10.0%,+40.37%,0.7018,9,✗ No,budget_exceeded
2,372,298,09-12,+10.0%,+34.86%,0.6743,12,✗ No,budget_exceeded
2,372,317,09-12,+10.0%,+10.79%,0.5540,15,✗ No,budget_exceeded
2,372,335,09-12,+10.0%,+4.68%,0.5234,20,✗ No,budget_exceeded
2,372,354,09-12,+8.8%,+0.88%,0.5044,20,✓ Yes,completed
2,372,372,09-12,+6.1%,+0.53%,0.5027,28,✓ Yes,completed
2,390,261,09-12,+10.0%,+9.34%,0.5467,4,✗ No,budget_exceeded
2,390,280,09-12,+10.0%,+6.11%,0.5305,6,✗ No,budget_exceeded
2,390,298,09-12,+7.8%,+0.33%,0.5016,8,✓ Yes,completed
2,390,316,09-12,+7.3%,+0.32%,0.5016,8,✓ Yes,completed
2,390,335,09-12,+5.3%,+0.34%,0.5017,9,✓ Yes,completed
2,390,353,09-12,+4.7%,+0.43%,0.5021,9,✓ Yes,completed
2,390,371,09-12,+3.9%,+0.40%,0.5020,10,✓ Yes,completed
2,390,390,09-12,+2.3%,+0.34%,0.5017,14,✓ Yes,completed
2,408,261,09-12,+8.3%,+0.06%,0.5003,2,✓ Yes,completed
2,408,280,09-12,+5.8%,-0.05%,0.4997,3,✓ Yes,completed
2,408,298,09-12,+2.3%,+0.21%,0.5011,4,✓ Yes,completed
2,408,316,09-12,+2.1%,+0.20%,0.5010,4,✓ Yes,completed
2,408,334,09-12,+1.9%,+0.23%,0.5012,4,✓ Yes,completed
2,408,353,09-12,+1.7%,+0.26%,0.5013,4,✓ Yes,completed
2,408,371,09-12,+1.5%,+0.26%,0.5013,4,✓ Yes,completed
2,408,389,09-12,+1.1%,+0.27%,0.5014,5,✓ Yes,completed
2,408,408,09-12,+0.5%,+0.20%,0.5010,6,✓ Yes,completed
2,425,261,09-12,+7.8%,-0.00%,0.5000,1,✓ Yes,completed
2,425,280,09-12,+2.4%,+0.11%,0.5006,1,✓ Yes,completed
2,425,298,09-12,+0.4%,+0.09%,0.5005,1,✓ Yes,completed
2,425,316,09-12,+0.4%,+0.08%,0.5004,1,✓ Yes,completed
2,425,334,09-12,+0.3%,+0.06%,0.5003,1,✓ Yes,completed
2,425,352,09-12,+0.2%,+0.04%,0.5002,1,✓ Yes,completed
2,425,371,09-12,+0.2%,+0.04%,0.5002,1,✓ Yes,completed
2,425,389,09-12,+0.2%,+0.03%,0.5001,1,✓ Yes,completed
2,425,407,09-12,+0.1%,+0.02%,0.5001,1,✓ Yes,completed
2,425,425,09-12,+0.0%,+0.01%,0.5000,1,✓ Yes,completed
2,443,261,09-12,+0.0%,+0.00%,0.5000,0,✓ Yes,completed
2,443,280,09-12,+0.0%,+0.00%,0.5000,0,✓ Yes,completed
2,443,298,09-12,+0.0%,+0.00%,0.5000,0,✓ Yes,completed
2,443,316,09-12,+0.0%,+0.00%,0.5000,0,✓ Yes,completed
2,443,334,09-12,+0.0%,+0.00%,0.5000,0,✓ Yes,completed
2,443,352,09-12,+0.0%,+0.00%,0.5000,0,✓ Yes,completed
2,443,370,09-12,+0.0%,+0.00%,0.5000,0,✓ Yes,completed
2,443,389,09-12,+0.0%,+0.00%,0.5000,0,✓ Yes,completed
2,443,407,09-12,+0.0%,+0.00%,0.5000,0,✓ Yes,completed
2,443,425,09-12,+0.0%,+0.00%,0.5000,0,✓ Yes,completed
2,443,443,09-12,+0.0%,+0.00%,0.5000,0,✓ Yes,completed
2,461,261,09-12,+0.0%,+0.00%,0.5000,0,✓ Yes,completed
2,461,280,09-12,+0.0%,+0.00%,0.5000,0,✓ Yes,completed
2,461,298,09-12,+0.0%,+0.00%,0.5000,0,✓ Yes,completed
2,461,316,09-12,+0.0%,+0.00%,0.5000,0,✓ Yes,completed
2,461,334,09-12,+0.0%,+0.00%,0.5000,0,✓ Yes,completed
2,461,352,09-12,+0.0%,+0.00%,0.5000,0,✓ Yes,completed
2,461,370,09-12,+0.0%,+0.00%,0.5000,0,✓ Yes,completed
2,461,388,09-12,+0.0%,+0.00%,0.5000,0,✓ Yes,completed
2,461,406,09-12,+0.0%,+0.00%,0.5000,0,✓ Yes,completed
2,461,425,09-12,+0.0%,+0.00%,0.5000,0,✓ Yes,completed
2,461,443,09-12,+0.0%,+0.00%,0.5000,0,✓ Yes,completed
2,461,461,09-12,+0.0%,+0.00%,0.5000,0,✓ Yes,completed
2,301,261,09-24,+10.0%,+88.63%,0.9432,10,✗ No,budget_exceeded
2,301,301,09-24,+10.0%,+83.48%,0.9174,18,✗ No,budget_exceeded
2,319,261,09-24,+10.0%,+86.97%,0.9349,10,✗ No,budget_exceeded
2,319,280,09-24,+10.0%,+83.49%,0.9174,14,✗ No,budget_exceeded
2,319,300,09-24,+10.0%,+81.68%,0.9084,15,✗ No,budget_exceeded
2,319,319,09-24,+10.0%,+77.96%,0.8898,23,✗ No,budget_exceeded
2,336,261,09-24,+10.0%,+81.90%,0.9095,9,✗ No,budget_exceeded
2,336,280,09-24,+10.0%,+78.28%,0.8914,10,✗ No,budget_exceeded
2,336,299,09-24,+10.0%,+76.91%,0.8846,11,✗ No,budget_exceeded
2,336,318,09-24,+10.0%,+75.16%,0.8758,13,✗ No,budget_exceeded
2,336,336,09-24,+10.0%,+73.59%,0.8680,18,✗ No,budget_exceeded
2,354,261,09-24,+10.0%,+75.21%,0.8760,8,✗ No,budget_exceeded
2,354,280,09-24,+10.0%,+74.42%,0.8721,9,✗ No,budget_exceeded
2,354,299,09-24,+10.0%,+73.49%,0.8674,10,✗ No,budget_exceeded
2,354,317,09-24,+10.0%,+71.83%,0.8592,12,✗ No,budget_exceeded
2,354,336,09-24,+10.0%,+68.42%,0.8421,16,✗ No,budget_exceeded
2,354,354,09-24,+10.0%,+44.01%,0.7200,33,✗ No,budget_exceeded
2,372,261,09-24,+10.0%,+70.24%,0.8512,6,✗ No,budget_exceeded
2,372,280,09-24,+10.0%,+58.59%,0.7929,9,✗ No,budget_exceeded
2,372,298,09-24,+10.0%,+43.50%,0.7175,12,✗ No,budget_exceeded
2,372,317,09-24,+10.0%,+33.86%,0.6693,14,✗ No,budget_exceeded
2,372,335,09-24,+10.0%,+25.41%,0.6270,20,✗ No,budget_exceeded
2,372,354,09-24,+10.0%,+22.15%,0.6107,23,✗ No,budget_exceeded
2,372,372,09-24,+10.0%,+4.14%,0.5207,45,✗ No,budget_exceeded
2,390,261,09-24,+10.0%,+33.55%,0.6677,4,✗ No,budget_exceeded
2,390,280,09-24,+10.0%,+30.42%,0.6521,6,✗ No,budget_exceeded
2,390,298,09-24,+10.0%,+19.99%,0.6000,11,✗ No,budget_exceeded
2,390,316,09-24,+10.0%,+19.39%,0.5970,11,✗ No,budget_exceeded
2,390,335,09-24,+9.4%,+0.08%,0.5004,18,✓ Yes,completed
2,390,353,09-24,+6.4%,+0.35%,0.5018,17,✓ Yes,completed
2,390,371,09-24,+5.0%,+0.41%,0.5021,17,✓ Yes,completed
2,390,390,09-24,+2.9%,+0.42%,0.5021,23,✓ Yes,completed
2,408,261,09-24,+10.0%,+0.33%,0.5016,3,✗ No,budget_exceeded
2,408,280,09-24,+5.8%,-0.13%,0.4993,3,✓ Yes,completed
2,408,298,09-24,+2.3%,+0.29%,0.5015,4,✓ Yes,completed
2,408,316,09-24,+2.1%,+0.32%,0.5016,4,✓ Yes,completed
2,408,334,09-24,+1.9%,+0.36%,0.5018,4,✓ Yes,completed
2,408,353,09-24,+1.7%,+0.36%,0.5018,4,✓ Yes,completed
2,408,371,09-24,+1.5%,+0.34%,0.5017,4,✓ Yes,completed
2,408,389,09-24,+1.1%,+0.29%,0.5015,5,✓ Yes,completed
2,408,408,09-24,+0.5%,+0.17%,0.5009,6,✓ Yes,completed
2,425,261,09-24,+7.8%,-0.45%,0.4977,1,✓ Yes,completed
2,425,280,09-24,+2.4%,+0.18%,0.5009,1,✓ Yes,completed
2,425,298,09-24,+0.4%,+0.08%,0.5004,1,✓ Yes,completed
2,425,316,09-24,+0.4%,+0.07%,0.5004,1,✓ Yes,completed
2,425,334,09-24,+0.3%,+0.06%,0.5003,1,✓ Yes,completed
2,425,352,09-24,+0.2%,+0.05%,0.5003,1,✓ Yes,completed
2,425,371,09-24,+0.2%,+0.05%,0.5002,1,✓ Yes,completed
2,425,389,09-24,+0.2%,+0.04%,0.5002,1,✓ Yes,completed
2,425,407,09-24,+0.1%,+0.02%,0.5001,1,✓ Yes,completed
2,425,425,09-24,+0.0%,+0.01%,0.5000,1,✓ Yes,completed
2,443,261,09-24,+0.0%,+0.00%,0.5000,0,✓ Yes,completed
2,443,280,09-24,+0.0%,+0.00%,0.5000,0,✓ Yes,completed
2,443,298,09-24,+0.0%,+0.00%,0.5000,0,✓ Yes,completed
2,443,316,09-24,+0.0%,+0.00%,0.5000,0,✓ Yes,completed
2,443,334,09-24,+0.0%,+0.00%,0.5000,0,✓ Yes,completed
2,443,352,09-24,+0.0%,+0.00%,0.5000,0,✓ Yes,completed
2,443,370,09-24,+0.0%,+0.00%,0.5000,0,✓ Yes,completed
2,443,389,09-24,+0.0%,+0.00%,0.5000,0,✓ Yes,completed
2,443,407,09-24,+0.0%,+0.00%,0.5000,0,✓ Yes,completed
2,443,425,09-24,+0.0%,+0.00%,0.5000,0,✓ Yes,completed
2,443,443,09-24,+0.0%,+0.00%,0.5000,0,✓ Yes,completed
2,461,261,09-24,+0.0%,+0.00%,0.5000,0,✓ Yes,completed
2,461,280,09-24,+0.0%,+0.00%,0.5000,0,✓ Yes,completed
2,461,298,09-24,+0.0%,+0.00%,0.5000,0,✓ Yes,completed
2,461,316,09-24,+0.0%,+0.00%,0.5000,0,✓ Yes,completed
2,461,334,09-24,+0.0%,+0.00%,0.5000,0,✓ Yes,completed
2,461,352,09-24,+0.0%,+0.00%,0.5000,0,✓ Yes,completed
2,461,370,09-24,+0.0%,+0.00%,0.5000,0,✓ Yes,completed
2,461,388,09-24,+0.0%,+0.00%,0.5000,0,✓ Yes,completed
2,461,406,09-24,+0.0%,+0.00%,0.5000,0,✓ Yes,completed
2,461,425,09-24,+0.0%,+0.00%,0.5000,0,✓ Yes,completed
2,461,443,09-24,+0.0%,+0.00%,0.5000,0,✓ Yes,completed
2,461,461,09-24,+0.0%,+0.00%,0.5000,0,✓ Yes,completed
2,301,261,10-06,+10.0%,+95.54%,0.9777,8,✗ No,budget_exceeded
2,301,301,10-06,+10.0%,+92.82%,0.9641,12,✗ No,budget_exceeded
2,319,261,10-06,+10.0%,+94.26%,0.9713,7,✗ No,budget_exceeded
2,319,280,10-06,+10.0%,+92.71%,0.9635,9,✗ No,budget_exceeded
2,319,300,10-06,+10.0%,+91.80%,0.9590,10,✗ No,budget_exceeded
2,319,319,10-06,+10.0%,+90.55%,0.9528,14,✗ No,budget_exceeded
2,336,261,10-06,+10.0%,+91.88%,0.9594,4,✗ No,budget_exceeded
2,336,280,10-06,+10.0%,+90.79%,0.9540,7,✗ No,budget_exceeded
2,336,299,10-06,+10.0%,+90.00%,0.9500,8,✗ No,budget_exceeded
2,336,318,10-06,+10.0%,+88.75%,0.9437,9,✗ No,budget_exceeded
2,336,336,10-06,+10.0%,+83.49%,0.9175,20,✗ No,budget_exceeded
2,354,261,10-06,+10.0%,+90.62%,0.9531,4,✗ No,budget_exceeded
2,354,280,10-06,+10.0%,+89.72%,0.9486,6,✗ No,budget_exceeded
2,354,299,10-06,+10.0%,+84.52%,0.9226,10,✗ No,budget_exceeded
2,354,317,10-06,+10.0%,+81.74%,0.9087,13,✗ No,budget_exceeded
2,354,336,10-06,+10.0%,+65.63%,0.8281,18,✗ No,budget_exceeded
2,354,354,10-06,+10.0%,+53.65%,0.7683,32,✗ No,budget_exceeded
2,372,261,10-06,+10.0%,+83.73%,0.9187,4,✗ No,budget_exceeded
2,372,280,10-06,+10.0%,+64.92%,0.8246,7,✗ No,budget_exceeded
2,372,298,10-06,+10.0%,+56.00%,0.7800,10,✗ No,budget_exceeded
2,372,317,10-06,+10.0%,+53.38%,0.7669,13,✗ No,budget_exceeded
2,372,335,10-06,+10.0%,+45.59%,0.7280,19,✗ No,budget_exceeded
2,372,354,10-06,+10.0%,+42.00%,0.7100,23,✗ No,budget_exceeded
2,372,372,10-06,+10.0%,+21.53%,0.6076,44,✗ No,budget_exceeded
2,390,261,10-06,+10.0%,+54.21%,0.7710,3,✗ No,budget_exceeded
2,390,280,10-06,+10.0%,+51.80%,0.7590,4,✗ No,budget_exceeded
2,390,298,10-06,+10.0%,+41.08%,0.7054,10,✗ No,budget_exceeded
2,390,316,10-06,+10.0%,+40.49%,0.7025,10,✗ No,budget_exceeded
2,390,335,10-06,+10.0%,+15.36%,0.5768,18,✗ No,budget_exceeded
2,390,353,10-06,+10.0%,+2.16%,0.5108,21,✗ No,budget_exceeded
2,390,371,10-06,+6.4%,+0.47%,0.5024,22,✓ Yes,completed
2,390,390,10-06,+3.7%,+0.59%,0.5030,28,✓ Yes,completed
2,408,261,10-06,+10.0%,+15.27%,0.5763,3,✗ No,budget_exceeded
2,408,280,10-06,+10.0%,+12.07%,0.5604,4,✗ No,budget_exceeded
2,408,298,10-06,+10.0%,+0.59%,0.5029,6,✗ No,budget_exceeded
2,408,316,10-06,+4.3%,+0.38%,0.5019,5,✓ Yes,completed
2,408,334,10-06,+2.9%,+0.45%,0.5022,5,✓ Yes,completed
2,408,353,10-06,+2.0%,+0.32%,0.5016,5,✓ Yes,completed
2,408,371,10-06,+1.8%,+0.30%,0.5015,5,✓ Yes,completed
2,408,389,10-06,+1.3%,+0.26%,0.5013,6,✓ Yes,completed
2,408,408,10-06,+0.6%,+0.18%,0.5009,8,✓ Yes,completed
2,425,261,10-06,+10.0%,-0.21%,0.4989,2,✗ No,budget_exceeded
2,425,280,10-06,+2.4%,+0.23%,0.5011,1,✓ Yes,completed
2,425,298,10-06,+0.4%,+0.07%,0.5004,1,✓ Yes,completed
2,425,316,10-06,+0.4%,+0.06%,0.5003,1,✓ Yes,completed
2,425,334,10-06,+0.3%,+0.05%,0.5002,1,✓ Yes,completed
2,425,352,10-06,+0.2%,+0.04%,0.5002,1,✓ Yes,completed
2,425,371,10-06,+0.2%,+0.03%,0.5002,1,✓ Yes,completed
2,425,389,10-06,+0.2%,+0.03%,0.5001,1,✓ Yes,completed
2,425,407,10-06,+0.1%,+0.02%,0.5001,1,✓ Yes,completed
2,425,425,10-06,+0.0%,+0.01%,0.5000,1,✓ Yes,completed
2,443,261,10-06,+0.0%,+0.00%,0.5000,0,✓ Yes,completed
2,443,280,10-06,+0.0%,+0.00%,0.5000,0,✓ Yes,completed
2,443,298,10-06,+0.0%,+0.00%,0.5000,0,✓ Yes,completed
2,443,316,10-06,+0.0%,+0.00%,0.5000,0,✓ Yes,completed
2,443,334,10-06,+0.0%,+0.00%,0.5000,0,✓ Yes,completed
2,443,352,10-06,+0.0%,+0.00%,0.5000,0,✓ Yes,completed
2,443,370,10-06,+0.0%,+0.00%,0.5000,0,✓ Yes,completed
2,443,389,10-06,+0.0%,+0.00%,0.5000,0,✓ Yes,completed
2,443,407,10-06,+0.0%,+0.00%,0.5000,0,✓ Yes,completed
2,443,425,10-06,+0.0%,+0.00%,0.5000,0,✓ Yes,completed
2,443,443,10-06,+0.0%,+0.00%,0.5000,0,✓ Yes,completed
2,461,261,10-06,+0.0%,+0.00%,0.5000,0,✓ Yes,completed
2,461,280,10-06,+0.0%,+0.00%,0.5000,0,✓ Yes,completed
2,461,298,10-06,+0.0%,+0.00%,0.5000,0,✓ Yes,completed
2,461,316,10-06,+0.0%,+0.00%,0.5000,0,✓ Yes,completed
2,461,334,10-06,+0.0%,+0.00%,0.5000,0,✓ Yes,completed
2,461,352,10-06,+0.0%,+0.00%,0.5000,0,✓ Yes,completed
2,461,370,10-06,+0.0%,+0.00%,0.5000,0,✓ Yes,completed
2,461,388,10-06,+0.0%,+0.00%,0.5000,0,✓ Yes,completed
2,461,406,10-06,+0.0%,+0.00%,0.5000,0,✓ Yes,completed
2,461,425,10-06,+0.0%,+0.00%,0.5000,0,✓ Yes,completed
2,461,443,10-06,+0.0%,+0.00%,0.5000,0,✓ Yes,completed
2,461,461,10-06,+0.0%,+0.00%,0.5000,0,✓ Yes,completed
2,301,261,10-08,+10.0%,+96.74%,0.9837,6,✗ No,budget_exceeded
2,301,301,10-08,+10.0%,+94.94%,0.9747,9,✗ No,budget_exceeded
2,319,261,10-08,+10.0%,+95.69%,0.9784,5,✗ No,budget_exceeded
2,319,280,10-08,+10.0%,+95.01%,0.9751,7,✗ No,budget_exceeded
2,319,300,10-08,+10.0%,+93.89%,0.9694,9,✗ No,budget_exceeded
2,319,319,10-08,+10.0%,+93.23%,0.9662,12,✗ No,budget_exceeded
2,336,261,10-08,+10.0%,+94.98%,0.9749,4,✗ No,budget_exceeded
2,336,280,10-08,+10.0%,+93.90%,0.9695,7,✗ No,budget_exceeded
2,336,299,10-08,+10.0%,+93.11%,0.9655,8,✗ No,budget_exceeded
2,336,318,10-08,+10.0%,+91.87%,0.9593,9,✗ No,budget_exceeded
2,336,336,10-08,+10.0%,+86.65%,0.9332,20,✗ No,budget_exceeded
2,354,261,10-08,+10.0%,+93.73%,0.9686,4,✗ No,budget_exceeded
2,354,280,10-08,+10.0%,+92.83%,0.9642,6,✗ No,budget_exceeded
2,354,299,10-08,+10.0%,+87.67%,0.9383,10,✗ No,budget_exceeded
2,354,317,10-08,+10.0%,+84.91%,0.9246,13,✗ No,budget_exceeded
2,354,336,10-08,+10.0%,+68.89%,0.8445,18,✗ No,budget_exceeded
2,354,354,10-08,+10.0%,+57.00%,0.7850,32,✗ No,budget_exceeded
2,372,261,10-08,+10.0%,+86.88%,0.9344,4,✗ No,budget_exceeded
2,372,280,10-08,+10.0%,+68.19%,0.8410,7,✗ No,budget_exceeded
2,372,298,10-08,+10.0%,+59.33%,0.7967,10,✗ No,budget_exceeded
2,372,317,10-08,+10.0%,+56.72%,0.7836,13,✗ No,budget_exceeded
2,372,335,10-08,+10.0%,+48.99%,0.7449,19,✗ No,budget_exceeded
2,372,354,10-08,+10.0%,+45.42%,0.7271,23,✗ No,budget_exceeded
2,372,372,10-08,+10.0%,+25.08%,0.6254,44,✗ No,budget_exceeded
2,390,261,10-08,+10.0%,+57.55%,0.7878,3,✗ No,budget_exceeded
2,390,280,10-08,+10.0%,+55.16%,0.7758,4,✗ No,budget_exceeded
2,390,298,10-08,+10.0%,+44.51%,0.7225,10,✗ No,budget_exceeded
2,390,316,10-08,+10.0%,+43.92%,0.7196,10,✗ No,budget_exceeded
2,390,335,10-08,+10.0%,+18.95%,0.5948,18,✗ No,budget_exceeded
2,390,353,10-08,+10.0%,+5.84%,0.5292,21,✗ No,budget_exceeded
2,390,371,10-08,+9.4%,-0.26%,0.4987,28,✓ Yes,completed
2,390,390,10-08,+5.2%,-0.33%,0.4984,35,✓ Yes,completed
2,408,261,10-08,+10.0%,+18.86%,0.5943,3,✗ No,budget_exceeded
2,408,280,10-08,+10.0%,+15.68%,0.5784,4,✗ No,budget_exceeded
2,408,298,10-08,+10.0%,+4.27%,0.5214,6,✗ No,budget_exceeded
2,408,316,10-08,+9.7%,-0.58%,0.4971,7,✓ Yes,completed
2,408,334,10-08,+6.3%,-0.47%,0.4976,6,✓ Yes,completed
2,408,353,10-08,+2.2%,-0.08%,0.4996,6,✓ Yes,completed
2,408,371,10-08,+1.8%,-0.02%,0.4999,5,✓ Yes,completed
2,408,389,10-08,+1.3%,+0.02%,0.5001,6,✓ Yes,completed
2,408,408,10-08,+0.6%,+0.03%,0.5001,8,✓ Yes,completed
2,425,261,10-08,+10.0%,+3.48%,0.5174,2,✗ No,budget_exceeded
2,425,280,10-08,+2.4%,-0.30%,0.4985,1,✓ Yes,completed
2,425,298,10-08,+0.4%,-0.03%,0.4998,1,✓ Yes,completed
2,425,316,10-08,+0.4%,-0.02%,0.4999,1,✓ Yes,completed
2,425,334,10-08,+0.3%,-0.01%,0.4999,1,✓ Yes,completed
2,425,352,10-08,+0.2%,-0.01%,0.5000,1,✓ Yes,completed
2,425,371,10-08,+0.2%,-0.01%,0.5000,1,✓ Yes,completed
2,425,389,10-08,+0.2%,-0.00%,0.5000,1,✓ Yes,completed
2,425,407,10-08,+0.1%,-0.00%,0.5000,1,✓ Yes,completed
2,425,425,10-08,+0.0%,-0.00%,0.5000,1,✓ Yes,completed
2,443,261,10-08,+0.0%,+0.00%,0.5000,0,✓ Yes,completed
2,443,280,10-08,+0.0%,+0.00%,0.5000,0,✓ Yes,completed
2,443,298,10-08,+0.0%,+0.00%,0.5000,0,✓ Yes,completed
2,443,316,10-08,+0.0%,+0.00%,0.5000,0,✓ Yes,completed
2,443,334,10-08,+0.0%,+0.00%,0.5000,0,✓ Yes,completed
2,443,352,10-08,+0.0%,+0.00%,0.5000,0,✓ Yes,completed
2,443,370,10-08,+0.0%,+0.00%,0.5000,0,✓ Yes,completed
2,443,389,10-08,+0.0%,+0.00%,0.5000,0,✓ Yes,completed
2,443,407,10-08,+0.0%,+0.00%,0.5000,0,✓ Yes,completed
2,443,425,10-08,+0.0%,+0.00%,0.5000,0,✓ Yes,completed
2,443,443,10-08,+0.0%,+0.00%,0.5000,0,✓ Yes,completed
2,461,261,10-08,+0.0%,+0.00%,0.5000,0,✓ Yes,completed
2,461,280,10-08,+0.0%,+0.00%,0.5000,0,✓ Yes,completed
2,461,298,10-08,+0.0%,+0.00%,0.5000,0,✓ Yes,completed
2,461,316,10-08,+0.0%,+0.00%,0.5000,0,✓ Yes,completed
2,461,334,10-08,+0.0%,+0.00%,0.5000,0,✓ Yes,completed
2,461,352,10-08,+0.0%,+0.00%,0.5000,0,✓ Yes,completed
2,461,370,10-08,+0.0%,+0.00%,0.5000,0,✓ Yes,completed
2,461,388,10-08,+0.0%,+0.00%,0.5000,0,✓ Yes,completed
2,461,406,10-08,+0.0%,+0.00%,0.5000,0,✓ Yes,completed
2,461,425,10-08,+0.0%,+0.00%,0.5000,0,✓ Yes,completed
2,461,443,10-08,+0.0%,+0.00%,0.5000,0,✓ Yes,completed
2,461,461,10-08,+0.0%,+0.00%,0.5000,0,✓ Yes,completed
3,336,299,08-14,+10.0%,+83.47%,0.9174,12,✗ No,budget_exceeded
3,336,308,08-14,+10.0%,+81.68%,0.9084,13,✗ No,budget_exceeded
3,336,318,08-14,+10.0%,+76.77%,0.8838,15,✗ No,budget_exceeded
3,336,327,08-14,+10.0%,+75.38%,0.8769,16,✗ No,budget_exceeded
3,336,336,08-14,+10.0%,+69.70%,0.8485,29,✗ No,budget_exceeded
3,344,299,08-14,+10.0%,+76.61%,0.8831,12,✗ No,budget_exceeded
3,344,308,08-14,+10.0%,+76.44%,0.8822,12,✗ No,budget_exceeded
3,344,317,08-14,+10.0%,+71.79%,0.8589,15,✗ No,budget_exceeded
3,344,326,08-14,+10.0%,+71.28%,0.8564,15,✗ No,budget_exceeded
3,344,335,08-14,+10.0%,+63.85%,0.8193,21,✗ No,budget_exceeded
3,344,344,08-14,+10.0%,+59.98%,0.7999,29,✗ No,budget_exceeded
3,352,299,08-14,+10.0%,+71.16%,0.8558,12,✗ No,budget_exceeded
3,352,308,08-14,+10.0%,+71.01%,0.8550,12,✗ No,budget_exceeded
3,352,317,08-14,+10.0%,+70.65%,0.8532,12,✗ No,budget_exceeded
3,352,326,08-14,+10.0%,+64.15%,0.8208,16,✗ No,budget_exceeded
3,352,334,08-14,+10.0%,+61.65%,0.8082,19,✗ No,budget_exceeded
3,352,343,08-14,+10.0%,+43.33%,0.7166,25,✗ No,budget_exceeded
3,352,352,08-14,+10.0%,+24.15%,0.6208,43,✗ No,budget_exceeded
3,360,299,08-14,+10.0%,+63.03%,0.8151,12,✗ No,budget_exceeded
3,360,308,08-14,+10.0%,+62.19%,0.8110,13,✗ No,budget_exceeded
3,360,316,08-14,+10.0%,+61.79%,0.8089,13,✗ No,budget_exceeded
3,360,325,08-14,+10.0%,+61.19%,0.8060,13,✗ No,budget_exceeded
3,360,334,08-14,+10.0%,+36.77%,0.6839,18,✗ No,budget_exceeded
3,360,343,08-14,+10.0%,+22.21%,0.6111,23,✗ No,budget_exceeded
3,360,351,08-14,+10.0%,+7.18%,0.5359,28,✗ No,budget_exceeded
3,360,360,08-14,+9.2%,+1.42%,0.5071,36,✓ Yes,completed
3,368,299,08-14,+10.0%,+35.31%,0.6766,13,✗ No,budget_exceeded
3,368,307,08-14,+10.0%,+24.21%,0.6210,14,✗ No,budget_exceeded
3,368,314,08-14,+10.0%,+23.96%,0.6198,14,✗ No,budget_exceeded
3,368,322,08-14,+10.0%,+21.68%,0.6084,15,✗ No,budget_exceeded
3,368,330,08-14,+10.0%,+21.14%,0.6057,15,✗ No,budget_exceeded
3,368,337,08-14,+10.0%,+1.65%,0.5083,19,✓ Yes,completed
3,368,345,08-14,+9.1%,+1.40%,0.5070,19,✓ Yes,completed
3,368,353,08-14,+7.9%,+1.12%,0.5056,20,✓ Yes,completed
3,368,360,08-14,+6.7%,+0.88%,0.5044,22,✓ Yes,completed
3,368,368,08-14,+5.0%,+0.85%,0.5042,28,✓ Yes,completed
3,376,299,08-14,+7.5%,+0.61%,0.5030,11,✓ Yes,completed
3,376,307,08-14,+7.4%,+0.62%,0.5031,11,✓ Yes,completed
3,376,314,08-14,+7.2%,+0.63%,0.5032,11,✓ Yes,completed
3,376,322,08-14,+6.6%,+0.74%,0.5037,11,✓ Yes,completed
3,376,330,08-14,+6.3%,+0.79%,0.5039,11,✓ Yes,completed
3,376,338,08-14,+5.2%,+0.80%,0.5040,10,✓ Yes,completed
3,376,345,08-14,+4.8%,+0.89%,0.5044,10,✓ Yes,completed
3,376,353,08-14,+4.4%,+0.93%,0.5047,10,✓ Yes,completed
3,376,361,08-14,+4.1%,+0.86%,0.5043,10,✓ Yes,completed
3,376,368,08-14,+3.3%,+0.85%,0.5042,11,✓ Yes,completed
3,376,376,08-14,+2.9%,+0.84%,0.5042,14,✓ Yes,completed
3,384,299,08-14,+4.1%,+0.68%,0.5034,7,✓ Yes,completed
3,384,307,08-14,+4.0%,+0.67%,0.5034,7,✓ Yes,completed
3,384,315,08-14,+3.9%,+0.68%,0.5034,7,✓ Yes,completed
3,384,322,08-14,+3.8%,+0.70%,0.5035,7,✓ Yes,completed
3,384,330,08-14,+3.7%,+0.74%,0.5037,7,✓ Yes,completed
3,384,338,08-14,+3.2%,+0.79%,0.5040,7,✓ Yes,completed
3,384,345,08-14,+2.9%,+0.82%,0.5041,7,✓ Yes,completed
3,384,353,08-14,+2.7%,+0.84%,0.5042,7,✓ Yes,completed
3,384,361,08-14,+2.5%,+0.81%,0.5041,7,✓ Yes,completed
3,384,369,08-14,+2.4%,+0.73%,0.5037,7,✓ Yes,completed
3,384,376,08-14,+2.0%,+0.56%,0.5028,8,✓ Yes,completed
3,384,384,08-14,+1.4%,+0.39%,0.5019,14,✓ Yes,completed
3,392,299,08-14,+1.3%,+0.33%,0.5016,3,✓ Yes,completed
3,392,307,08-14,+1.3%,+0.33%,0.5016,3,✓ Yes,completed
3,392,315,08-14,+1.3%,+0.33%,0.5017,3,✓ Yes,completed
3,392,322,08-14,+1.2%,+0.34%,0.5017,3,✓ Yes,completed
3,392,330,08-14,+1.1%,+0.35%,0.5017,3,✓ Yes,completed
3,392,338,08-14,+1.1%,+0.36%,0.5018,3,✓ Yes,completed
3,392,346,08-14,+1.0%,+0.36%,0.5018,3,✓ Yes,completed
3,392,353,08-14,+0.9%,+0.36%,0.5018,3,✓ Yes,completed
3,392,361,08-14,+0.8%,+0.36%,0.5018,3,✓ Yes,completed
3,392,369,08-14,+0.8%,+0.35%,0.5018,3,✓ Yes,completed
3,392,376,08-14,+0.8%,+0.35%,0.5017,3,✓ Yes,completed
3,392,384,08-14,+0.4%,+0.14%,0.5007,4,✓ Yes,completed
3,392,392,08-14,+0.2%,+0.03%,0.5002,4,✓ Yes,completed
3,400,299,08-14,+0.4%,+0.10%,0.5005,1,✓ Yes,completed
3,400,307,08-14,+0.3%,+0.09%,0.5005,1,✓ Yes,completed
3,400,315,08-14,+0.3%,+0.09%,0.5005,1,✓ Yes,completed
3,400,322,08-14,+0.3%,+0.09%,0.5004,1,✓ Yes,completed
3,400,330,08-14,+0.3%,+0.08%,0.5004,1,✓ Yes,completed
3,400,338,08-14,+0.3%,+0.06%,0.5003,1,✓ Yes,completed
3,400,346,08-14,+0.2%,+0.05%,0.5003,1,✓ Yes,completed
3,400,353,08-14,+0.2%,+0.05%,0.5002,1,✓ Yes,completed
3,400,361,08-14,+0.2%,+0.04%,0.5002,1,✓ Yes,completed
3,400,369,08-14,+0.2%,+0.03%,0.5002,1,✓ Yes,completed
3,400,377,08-14,+0.1%,+0.03%,0.5001,1,✓ Yes,completed
3,400,384,08-14,+0.1%,+0.02%,0.5001,1,✓ Yes,completed
3,400,392,08-14,+0.1%,+0.02%,0.5001,1,✓ Yes,completed
3,400,400,08-14,+0.1%,+0.01%,0.5000,1,✓ Yes,completed
3,408,299,08-14,+0.3%,+0.09%,0.5004,1,✓ Yes,completed
3,408,307,08-14,+0.3%,+0.08%,0.5004,1,✓ Yes,completed
3,408,315,08-14,+0.3%,+0.08%,0.5004,1,✓ Yes,completed
3,408,322,08-14,+0.3%,+0.07%,0.5004,1,✓ Yes,completed
3,408,330,08-14,+0.3%,+0.07%,0.5003,1,✓ Yes,completed
3,408,338,08-14,+0.2%,+0.05%,0.5002,1,✓ Yes,completed
3,408,346,08-14,+0.2%,+0.04%,0.5002,1,✓ Yes,completed
3,408,354,08-14,+0.2%,+0.04%,0.5002,1,✓ Yes,completed
3,408,361,08-14,+0.2%,+0.03%,0.5001,1,✓ Yes,completed
3,408,369,08-14,+0.1%,+0.02%,0.5001,1,✓ Yes,completed
3,408,377,08-14,+0.1%,+0.02%,0.5001,1,✓ Yes,completed
3,408,385,08-14,+0.1%,+0.01%,0.5001,1,✓ Yes,completed
3,408,392,08-14,+0.1%,+0.01%,0.5001,1,✓ Yes,completed
3,408,400,08-14,+0.0%,-0.00%,0.5000,1,✓ Yes,completed
3,408,408,08-14,+0.0%,-0.00%,0.5000,1,✓ Yes,completed
3,336,299,08-20,+10.0%,+74.59%,0.8730,14,✗ No,budget_exceeded
3,336,308,08-20,+10.0%,+73.76%,0.8688,15,✗ No,budget_exceeded
3,336,318,08-20,+10.0%,+67.46%,0.8373,19,✗ No,budget_exceeded
3,336,327,08-20,+10.0%,+62.14%,0.8107,21,✗ No,budget_exceeded
3,336,336,08-20,+10.0%,+49.44%,0.7472,46,✗ No,budget_exceeded
3,344,299,08-20,+10.0%,+71.43%,0.8571,12,✗ No,budget_exceeded
3,344,308,08-20,+10.0%,+62.59%,0.8129,13,✗ No,budget_exceeded
3,344,317,08-20,+10.0%,+54.98%,0.7749,17,✗ No,budget_exceeded
3,344,326,08-20,+10.0%,+49.21%,0.7460,19,✗ No,budget_exceeded
3,344,335,08-20,+10.0%,+36.35%,0.6818,29,✗ No,budget_exceeded
3,344,344,08-20,+10.0%,+32.28%,0.6614,42,✗ No,budget_exceeded
3,352,299,08-20,+10.0%,+55.86%,0.7793,11,✗ No,budget_exceeded
3,352,308,08-20,+10.0%,+55.04%,0.7752,12,✗ No,budget_exceeded
3,352,317,08-20,+10.0%,+49.29%,0.7465,13,✗ No,budget_exceeded
3,352,326,08-20,+10.0%,+36.03%,0.6801,18,✗ No,budget_exceeded
3,352,334,08-20,+10.0%,+32.26%,0.6613,26,✗ No,budget_exceeded
3,352,343,08-20,+10.0%,+18.12%,0.5906,29,✗ No,budget_exceeded
3,352,352,08-20,+10.0%,+10.57%,0.5528,46,✗ No,budget_exceeded
3,360,299,08-20,+10.0%,+33.90%,0.6695,12,✗ No,budget_exceeded
3,360,308,08-20,+10.0%,+33.63%,0.6682,12,✗ No,budget_exceeded
3,360,316,08-20,+10.0%,+33.13%,0.6657,13,✗ No,budget_exceeded
3,360,325,08-20,+10.0%,+18.95%,0.5947,17,✗ No,budget_exceeded
3,360,334,08-20,+10.0%,+11.01%,0.5551,21,✗ No,budget_exceeded
3,360,343,08-20,+10.0%,+8.67%,0.5434,24,✗ No,budget_exceeded
3,360,351,08-20,+10.0%,+6.33%,0.5317,25,✗ No,budget_exceeded
3,360,360,08-20,+9.9%,+0.14%,0.5007,35,✓ Yes,completed
3,368,299,08-20,+10.0%,+11.88%,0.5594,14,✗ No,budget_exceeded
3,368,307,08-20,+10.0%,+11.66%,0.5583,14,✗ No,budget_exceeded
3,368,314,08-20,+10.0%,+10.88%,0.5544,15,✗ No,budget_exceeded
3,368,322,08-20,+10.0%,+9.99%,0.5500,15,✗ No,budget_exceeded
3,368,330,08-20,+10.0%,+8.84%,0.5442,16,✗ No,budget_exceeded
3,368,337,08-20,+10.0%,+5.14%,0.5257,19,✗ No,budget_exceeded
3,368,345,08-20,+9.4%,-0.07%,0.4996,20,✓ Yes,completed
3,368,353,08-20,+8.7%,-0.07%,0.4996,20,✓ Yes,completed
3,368,360,08-20,+7.8%,-0.14%,0.4993,22,✓ Yes,completed
3,368,368,08-20,+6.7%,-0.14%,0.4993,26,✓ Yes,completed
3,376,299,08-20,+10.0%,+5.02%,0.5251,13,✗ No,budget_exceeded
3,376,307,08-20,+10.0%,+4.76%,0.5238,13,✗ No,budget_exceeded
3,376,314,08-20,+9.9%,-0.14%,0.4993,13,✓ Yes,completed
3,376,322,08-20,+8.6%,-0.25%,0.4987,13,✓ Yes,completed
3,376,330,08-20,+8.3%,-0.20%,0.4990,13,✓ Yes,completed
3,376,338,08-20,+7.2%,-0.23%,0.4989,13,✓ Yes,completed
3,376,345,08-20,+6.7%,-0.15%,0.4992,13,✓ Yes,completed
3,376,353,08-20,+6.2%,-0.10%,0.4995,13,✓ Yes,completed
3,376,361,08-20,+5.8%,-0.16%,0.4992,13,✓ Yes,completed
3,376,368,08-20,+5.4%,-0.16%,0.4992,14,✓ Yes,completed
3,376,376,08-20,+4.4%,-0.11%,0.4995,16,✓ Yes,completed
3,384,299,08-20,+7.6%,-0.46%,0.4977,9,✓ Yes,completed
3,384,307,08-20,+7.4%,-0.42%,0.4979,9,✓ Yes,completed
3,384,315,08-20,+7.2%,-0.37%,0.4981,9,✓ Yes,completed
3,384,322,08-20,+6.5%,-0.25%,0.4988,9,✓ Yes,completed
3,384,330,08-20,+6.3%,-0.20%,0.4990,9,✓ Yes,completed
3,384,338,08-20,+5.7%,-0.24%,0.4988,9,✓ Yes,completed
3,384,345,08-20,+5.3%,-0.19%,0.4990,9,✓ Yes,completed
3,384,353,08-20,+5.1%,-0.19%,0.4991,9,✓ Yes,completed
3,384,361,08-20,+4.3%,-0.10%,0.4995,8,✓ Yes,completed
3,384,369,08-20,+3.9%,-0.15%,0.4992,9,✓ Yes,completed
3,384,376,08-20,+2.3%,-0.04%,0.4998,9,✓ Yes,completed
3,384,384,08-20,+1.5%,-0.03%,0.4998,13,✓ Yes,completed
3,392,299,08-20,+2.3%,-0.18%,0.4991,4,✓ Yes,completed
3,392,307,08-20,+2.2%,-0.17%,0.4991,4,✓ Yes,completed
3,392,315,08-20,+2.2%,-0.17%,0.4992,4,✓ Yes,completed
3,392,322,08-20,+1.0%,-0.01%,0.5000,3,✓ Yes,completed
3,392,330,08-20,+0.9%,+0.03%,0.5001,3,✓ Yes,completed
3,392,338,08-20,+0.8%,+0.05%,0.5003,3,✓ Yes,completed
3,392,346,08-20,+0.7%,+0.06%,0.5003,3,✓ Yes,completed
3,392,353,08-20,+0.6%,+0.05%,0.5003,3,✓ Yes,completed
3,392,361,08-20,+0.6%,+0.04%,0.5002,3,✓ Yes,completed
3,392,369,08-20,+0.5%,+0.03%,0.5002,3,✓ Yes,completed
3,392,376,08-20,+0.5%,+0.03%,0.5001,3,✓ Yes,completed
3,392,384,08-20,+0.4%,+0.00%,0.5000,3,✓ Yes,completed
3,392,392,08-20,+0.3%,-0.00%,0.5000,3,✓ Yes,completed
3,400,299,08-20,+0.8%,+0.00%,0.5000,2,✓ Yes,completed
3,400,307,08-20,+0.8%,+0.02%,0.5001,2,✓ Yes,completed
3,400,315,08-20,+0.8%,+0.03%,0.5001,2,✓ Yes,completed
3,400,322,08-20,+0.7%,+0.03%,0.5002,2,✓ Yes,completed
3,400,330,08-20,+0.6%,+0.04%,0.5002,2,✓ Yes,completed
3,400,338,08-20,+0.6%,+0.03%,0.5002,2,✓ Yes,completed
3,400,346,08-20,+0.5%,+0.03%,0.5002,2,✓ Yes,completed
3,400,353,08-20,+0.5%,+0.02%,0.5001,2,✓ Yes,completed
3,400,361,08-20,+0.4%,+0.02%,0.5001,2,✓ Yes,completed
3,400,369,08-20,+0.4%,+0.01%,0.5000,2,✓ Yes,completed
3,400,377,08-20,+0.3%,+0.00%,0.5000,2,✓ Yes,completed
3,400,384,08-20,+0.3%,-0.00%,0.5000,2,✓ Yes,completed
3,400,392,08-20,+0.3%,-0.01%,0.5000,2,✓ Yes,completed
3,400,400,08-20,+0.2%,-0.01%,0.4999,2,✓ Yes,completed
3,408,299,08-20,+0.8%,+0.00%,0.5000,2,✓ Yes,completed
3,408,307,08-20,+0.7%,+0.02%,0.5001,2,✓ Yes,completed
3,408,315,08-20,+0.7%,+0.02%,0.5001,2,✓ Yes,completed
3,408,322,08-20,+0.7%,+0.02%,0.5001,2,✓ Yes,completed
3,408,330,08-20,+0.6%,+0.02%,0.5001,2,✓ Yes,completed
3,408,338,08-20,+0.5%,+0.02%,0.5001,2,✓ Yes,completed
3,408,346,08-20,+0.5%,+0.01%,0.5001,2,✓ Yes,completed
3,408,354,08-20,+0.4%,+0.01%,0.5000,2,✓ Yes,completed
3,408,361,08-20,+0.4%,-0.00%,0.5000,2,✓ Yes,completed
3,408,369,08-20,+0.3%,-0.00%,0.5000,2,✓ Yes,completed
3,408,377,08-20,+0.3%,-0.01%,0.5000,2,✓ Yes,completed
3,408,385,08-20,+0.3%,-0.01%,0.4999,2,✓ Yes,completed
3,408,392,08-20,+0.2%,-0.01%,0.4999,2,✓ Yes,completed
3,408,400,08-20,+0.1%,-0.02%,0.4999,2,✓ Yes,completed
3,408,408,08-20,+0.1%,-0.02%,0.4999,2,✓ Yes,completed
3,336,299,08-26,+10.0%,+83.83%,0.9192,14,✗ No,budget_exceeded
3,336,308,08-26,+10.0%,+83.66%,0.9183,14,✗ No,budget_exceeded
3,336,318,08-26,+10.0%,+73.83%,0.8692,20,✗ No,budget_exceeded
3,336,327,08-26,+10.0%,+71.56%,0.8578,21,✗ No,budget_exceeded
3,336,336,08-26,+10.0%,+59.02%,0.7951,47,✗ No,budget_exceeded
3,344,299,08-26,+10.0%,+73.26%,0.8663,12,✗ No,budget_exceeded
3,344,308,08-26,+10.0%,+72.90%,0.8645,12,✗ No,budget_exceeded
3,344,317,08-26,+10.0%,+65.57%,0.8279,16,✗ No,budget_exceeded
3,344,326,08-26,+10.0%,+58.84%,0.7942,20,✗ No,budget_exceeded
3,344,335,08-26,+10.0%,+47.55%,0.7378,29,✗ No,budget_exceeded
3,344,344,08-26,+10.0%,+33.73%,0.6686,42,✗ No,budget_exceeded
3,352,299,08-26,+10.0%,+65.61%,0.8280,12,✗ No,budget_exceeded
3,352,308,08-26,+10.0%,+65.44%,0.8272,12,✗ No,budget_exceeded
3,352,317,08-26,+10.0%,+59.00%,0.7950,15,✗ No,budget_exceeded
3,352,326,08-26,+10.0%,+46.34%,0.7317,19,✗ No,budget_exceeded
3,352,334,08-26,+10.0%,+32.60%,0.6630,26,✗ No,budget_exceeded
3,352,343,08-26,+10.0%,+29.28%,0.6464,29,✗ No,budget_exceeded
3,352,352,08-26,+10.0%,+22.92%,0.6146,45,✗ No,budget_exceeded
3,360,299,08-26,+10.0%,+44.86%,0.7243,11,✗ No,budget_exceeded
3,360,308,08-26,+10.0%,+44.07%,0.7203,12,✗ No,budget_exceeded
3,360,316,08-26,+10.0%,+32.67%,0.6633,14,✗ No,budget_exceeded
3,360,325,08-26,+10.0%,+30.44%,0.6522,16,✗ No,budget_exceeded
3,360,334,08-26,+10.0%,+23.10%,0.6155,20,✗ No,budget_exceeded
3,360,343,08-26,+10.0%,+20.97%,0.6049,23,✗ No,budget_exceeded
3,360,351,08-26,+10.0%,+18.90%,0.5945,24,✗ No,budget_exceeded
3,360,360,08-26,+10.0%,+9.03%,0.5452,37,✗ No,budget_exceeded
3,368,299,08-26,+10.0%,+23.20%,0.6160,14,✗ No,budget_exceeded
3,368,307,08-26,+10.0%,+22.95%,0.6148,14,✗ No,budget_exceeded
3,368,314,08-26,+10.0%,+22.71%,0.6136,14,✗ No,budget_exceeded
3,368,322,08-26,+10.0%,+21.34%,0.6067,15,✗ No,budget_exceeded
3,368,330,08-26,+10.0%,+20.77%,0.6038,15,✗ No,budget_exceeded
3,368,337,08-26,+10.0%,+10.33%,0.5517,20,✗ No,budget_exceeded
3,368,345,08-26,+10.0%,+4.92%,0.5246,25,✗ No,budget_exceeded
3,368,353,08-26,+9.6%,+1.33%,0.5066,25,✓ Yes,completed
3,368,360,08-26,+8.5%,+0.96%,0.5048,27,✓ Yes,completed
3,368,368,08-26,+7.2%,+0.77%,0.5039,34,✓ Yes,completed
3,376,299,08-26,+10.0%,+4.32%,0.5216,13,✗ No,budget_exceeded
3,376,307,08-26,+10.0%,+4.00%,0.5200,13,✗ No,budget_exceeded
3,376,314,08-26,+9.9%,+1.19%,0.5060,13,✓ Yes,completed
3,376,322,08-26,+8.5%,+0.82%,0.5041,13,✓ Yes,completed
3,376,330,08-26,+8.1%,+0.83%,0.5041,13,✓ Yes,completed
3,376,338,08-26,+7.4%,+0.77%,0.5038,13,✓ Yes,completed
3,376,345,08-26,+6.9%,+0.79%,0.5039,13,✓ Yes,completed
3,376,353,08-26,+6.0%,+0.85%,0.5043,12,✓ Yes,completed
3,376,361,08-26,+5.7%,+0.84%,0.5042,12,✓ Yes,completed
3,376,368,08-26,+5.3%,+0.84%,0.5042,13,✓ Yes,completed
3,376,376,08-26,+4.8%,+0.82%,0.5041,15,✓ Yes,completed
3,384,299,08-26,+8.9%,+0.70%,0.5035,10,✓ Yes,completed
3,384,307,08-26,+8.6%,+0.66%,0.5033,10,✓ Yes,completed
3,384,315,08-26,+8.0%,+0.67%,0.5034,10,✓ Yes,completed
3,384,322,08-26,+7.1%,+0.66%,0.5033,10,✓ Yes,completed
3,384,330,08-26,+6.3%,+0.76%,0.5038,9,✓ Yes,completed
3,384,338,08-26,+5.7%,+0.78%,0.5039,9,✓ Yes,completed
3,384,345,08-26,+5.3%,+0.81%,0.5041,9,✓ Yes,completed
3,384,353,08-26,+5.1%,+0.80%,0.5040,9,✓ Yes,completed
3,384,361,08-26,+4.8%,+0.82%,0.5041,9,✓ Yes,completed
3,384,369,08-26,+4.4%,+0.85%,0.5042,10,✓ Yes,completed
3,384,376,08-26,+3.9%,+0.78%,0.5039,11,✓ Yes,completed
3,384,384,08-26,+3.3%,+0.73%,0.5036,16,✓ Yes,completed
3,392,299,08-26,+5.0%,+0.54%,0.5027,6,✓ Yes,completed
3,392,307,08-26,+4.8%,+0.59%,0.5030,6,✓ Yes,completed
3,392,315,08-26,+4.7%,+0.63%,0.5031,6,✓ Yes,completed
3,392,322,08-26,+4.0%,+0.67%,0.5033,6,✓ Yes,completed
3,392,330,08-26,+3.8%,+0.70%,0.5035,6,✓ Yes,completed
3,392,338,08-26,+3.6%,+0.73%,0.5036,6,✓ Yes,completed
3,392,346,08-26,+3.5%,+0.73%,0.5037,6,✓ Yes,completed
3,392,353,08-26,+3.3%,+0.73%,0.5036,6,✓ Yes,completed
3,392,361,08-26,+3.2%,+0.72%,0.5036,6,✓ Yes,completed
3,392,369,08-26,+2.9%,+0.74%,0.5037,7,✓ Yes,completed
3,392,376,08-26,+2.7%,+0.75%,0.5037,7,✓ Yes,completed
3,392,384,08-26,+2.5%,+0.74%,0.5037,7,✓ Yes,completed
3,392,392,08-26,+1.8%,+0.61%,0.5031,12,✓ Yes,completed
3,400,299,08-26,+3.1%,+0.57%,0.5028,4,✓ Yes,completed
3,400,307,08-26,+3.0%,+0.61%,0.5030,4,✓ Yes,completed
3,400,315,08-26,+2.9%,+0.63%,0.5031,4,✓ Yes,completed
3,400,322,08-26,+2.8%,+0.65%,0.5032,4,✓ Yes,completed
3,400,330,08-26,+2.7%,+0.68%,0.5034,4,✓ Yes,completed
3,400,338,08-26,+2.6%,+0.69%,0.5035,4,✓ Yes,completed
3,400,346,08-26,+2.5%,+0.69%,0.5035,4,✓ Yes,completed
3,400,353,08-26,+2.4%,+0.68%,0.5034,4,✓ Yes,completed
3,400,361,08-26,+2.3%,+0.66%,0.5033,4,✓ Yes,completed
3,400,369,08-26,+1.9%,+0.61%,0.5031,5,✓ Yes,completed
3,400,377,08-26,+1.8%,+0.63%,0.5031,5,✓ Yes,completed
3,400,384,08-26,+1.6%,+0.62%,0.5031,5,✓ Yes,completed
3,400,392,08-26,+1.2%,+0.56%,0.5028,6,✓ Yes,completed
3,400,400,08-26,+1.0%,+0.53%,0.5027,8,✓ Yes,completed
3,408,299,08-26,+2.3%,+0.54%,0.5027,4,✓ Yes,completed
3,408,307,08-26,+2.2%,+0.54%,0.5027,4,✓ Yes,completed
3,408,315,08-26,+2.2%,+0.54%,0.5027,4,✓ Yes,completed
3,408,322,08-26,+2.1%,+0.54%,0.5027,4,✓ Yes,completed
3,408,330,08-26,+1.9%,+0.55%,0.5028,4,✓ Yes,completed
3,408,338,08-26,+1.8%,+0.57%,0.5029,4,✓ Yes,completed
3,408,346,08-26,+1.7%,+0.59%,0.5030,4,✓ Yes,completed
3,408,354,08-26,+1.7%,+0.59%,0.5030,4,✓ Yes,completed
3,408,361,08-26,+1.5%,+0.59%,0.5030,4,✓ Yes,completed
3,408,369,08-26,+1.5%,+0.59%,0.5029,4,✓ Yes,completed
3,408,377,08-26,+1.4%,+0.58%,0.5029,4,✓ Yes,completed
3,408,385,08-26,+1.3%,+0.57%,0.5029,4,✓ Yes,completed
3,408,392,08-26,+1.0%,+0.53%,0.5026,5,✓ Yes,completed
3,408,400,08-26,+0.8%,+0.50%,0.5025,5,✓ Yes,completed
3,408,408,08-26,+0.5%,+0.33%,0.5017,6,✓ Yes,completed
3,336,299,09-01,+10.0%,+83.19%,0.9159,13,✗ No,budget_exceeded
3,336,308,09-01,+10.0%,+81.93%,0.9097,14,✗ No,budget_exceeded
3,336,318,09-01,+10.0%,+76.37%,0.8819,17,✗ No,budget_exceeded
3,336,327,09-01,+10.0%,+69.84%,0.8492,21,✗ No,budget_exceeded
3,336,336,09-01,+10.0%,+58.70%,0.7935,42,✗ No,budget_exceeded
3,344,299,09-01,+10.0%,+76.01%,0.8801,11,✗ No,budget_exceeded
3,344,308,09-01,+10.0%,+75.05%,0.8752,12,✗ No,budget_exceeded
3,344,317,09-01,+10.0%,+67.81%,0.8391,17,✗ No,budget_exceeded
3,344,326,09-01,+10.0%,+57.44%,0.7872,21,✗ No,budget_exceeded
3,344,335,09-01,+10.0%,+55.05%,0.7753,26,✗ No,budget_exceeded
3,344,344,09-01,+10.0%,+42.25%,0.7113,38,✗ No,budget_exceeded
3,352,299,09-01,+10.0%,+65.69%,0.8285,12,✗ No,budget_exceeded
3,352,308,09-01,+10.0%,+65.48%,0.8274,12,✗ No,budget_exceeded
3,352,317,09-01,+10.0%,+57.06%,0.7853,15,✗ No,budget_exceeded
3,352,326,09-01,+10.0%,+43.91%,0.7196,18,✗ No,budget_exceeded
3,352,334,09-01,+10.0%,+40.85%,0.7042,23,✗ No,budget_exceeded
3,352,343,09-01,+10.0%,+35.26%,0.6763,28,✗ No,budget_exceeded
3,352,352,09-01,+10.0%,+32.99%,0.6649,37,✗ No,budget_exceeded
3,360,299,09-01,+10.0%,+43.58%,0.7179,12,✗ No,budget_exceeded
3,360,308,09-01,+10.0%,+42.70%,0.7135,13,✗ No,budget_exceeded
3,360,316,09-01,+10.0%,+42.24%,0.7112,14,✗ No,budget_exceeded
3,360,325,09-01,+10.0%,+35.96%,0.6798,16,✗ No,budget_exceeded
3,360,334,09-01,+10.0%,+32.93%,0.6647,20,✗ No,budget_exceeded
3,360,343,09-01,+10.0%,+31.86%,0.6593,21,✗ No,budget_exceeded
3,360,351,09-01,+10.0%,+28.66%,0.6433,24,✗ No,budget_exceeded
3,360,360,09-01,+10.0%,+18.79%,0.5940,37,✗ No,budget_exceeded
3,368,299,09-01,+10.0%,+33.48%,0.6674,13,✗ No,budget_exceeded
3,368,307,09-01,+10.0%,+32.76%,0.6638,14,✗ No,budget_exceeded
3,368,314,09-01,+10.0%,+32.53%,0.6626,14,✗ No,budget_exceeded
3,368,322,09-01,+10.0%,+31.68%,0.6584,14,✗ No,budget_exceeded
3,368,330,09-01,+10.0%,+30.56%,0.6528,15,✗ No,budget_exceeded
3,368,337,09-01,+10.0%,+19.58%,0.5979,21,✗ No,budget_exceeded
3,368,345,09-01,+10.0%,+16.16%,0.5808,24,✗ No,budget_exceeded
3,368,353,09-01,+9.5%,+3.47%,0.5173,24,✓ Yes,completed
3,368,360,09-01,+8.4%,+3.32%,0.5166,26,✓ Yes,completed
3,368,368,09-01,+7.1%,+3.10%,0.5155,33,✓ Yes,completed
3,376,299,09-01,+10.0%,+15.83%,0.5791,13,✗ No,budget_exceeded
3,376,307,09-01,+10.0%,+15.52%,0.5776,13,✗ No,budget_exceeded
3,376,314,09-01,+9.9%,+3.28%,0.5164,13,✓ Yes,completed
3,376,322,09-01,+8.5%,+3.18%,0.5159,13,✓ Yes,completed
3,376,330,09-01,+8.1%,+3.22%,0.5161,13,✓ Yes,completed
3,376,338,09-01,+7.4%,+3.12%,0.5156,13,✓ Yes,completed
3,376,345,09-01,+6.9%,+3.11%,0.5155,13,✓ Yes,completed
3,376,353,09-01,+6.5%,+3.14%,0.5157,13,✓ Yes,completed
3,376,361,09-01,+6.2%,+3.12%,0.5156,13,✓ Yes,completed
3,376,368,09-01,+5.6%,+2.93%,0.5146,14,✓ Yes,completed
3,376,376,09-01,+5.1%,+2.78%,0.5139,16,✓ Yes,completed
3,384,299,09-01,+8.9%,+3.00%,0.5150,10,✓ Yes,completed
3,384,307,09-01,+8.6%,+3.01%,0.5151,10,✓ Yes,completed
3,384,315,09-01,+8.0%,+3.06%,0.5153,10,✓ Yes,completed
3,384,322,09-01,+7.1%,+2.99%,0.5150,10,✓ Yes,completed
3,384,330,09-01,+6.9%,+3.01%,0.5150,10,✓ Yes,completed
3,384,338,09-01,+6.2%,+3.06%,0.5153,10,✓ Yes,completed
3,384,345,09-01,+5.8%,+2.94%,0.5147,10,✓ Yes,completed
3,384,353,09-01,+5.5%,+2.89%,0.5145,10,✓ Yes,completed
3,384,361,09-01,+5.3%,+2.83%,0.5142,10,✓ Yes,completed
3,384,369,09-01,+4.8%,+2.69%,0.5134,11,✓ Yes,completed
3,384,376,09-01,+4.2%,+2.53%,0.5126,12,✓ Yes,completed
3,384,384,09-01,+3.3%,+2.07%,0.5104,17,✓ Yes,completed
3,392,299,09-01,+5.0%,+2.47%,0.5123,6,✓ Yes,completed
3,392,307,09-01,+4.8%,+2.46%,0.5123,6,✓ Yes,completed
3,392,315,09-01,+4.7%,+2.46%,0.5123,6,✓ Yes,completed
3,392,322,09-01,+4.0%,+2.29%,0.5115,6,✓ Yes,completed
3,392,330,09-01,+3.8%,+2.24%,0.5112,6,✓ Yes,completed
3,392,338,09-01,+3.6%,+2.21%,0.5111,6,✓ Yes,completed
3,392,346,09-01,+3.5%,+2.15%,0.5108,6,✓ Yes,completed
3,392,353,09-01,+3.3%,+2.07%,0.5104,6,✓ Yes,completed
3,392,361,09-01,+3.2%,+1.99%,0.5100,6,✓ Yes,completed
3,392,369,09-01,+2.9%,+1.85%,0.5093,7,✓ Yes,completed
3,392,376,09-01,+2.7%,+1.80%,0.5090,7,✓ Yes,completed
3,392,384,09-01,+2.5%,+1.63%,0.5082,7,✓ Yes,completed
3,392,392,09-01,+1.8%,+1.08%,0.5054,12,✓ Yes,completed
3,400,299,09-01,+3.1%,+1.79%,0.5090,4,✓ Yes,completed
3,400,307,09-01,+3.0%,+1.77%,0.5088,4,✓ Yes,completed
3,400,315,09-01,+2.9%,+1.75%,0.5088,4,✓ Yes,completed
3,400,322,09-01,+2.8%,+1.73%,0.5087,4,✓ Yes,completed
3,400,330,09-01,+2.7%,+1.69%,0.5085,4,✓ Yes,completed
3,400,338,09-01,+2.6%,+1.64%,0.5082,4,✓ Yes,completed
3,400,346,09-01,+2.5%,+1.57%,0.5079,4,✓ Yes,completed
3,400,353,09-01,+2.4%,+1.52%,0.5076,4,✓ Yes,completed
3,400,361,09-01,+2.3%,+1.43%,0.5072,4,✓ Yes,completed
3,400,369,09-01,+1.9%,+1.17%,0.5058,5,✓ Yes,completed
3,400,377,09-01,+1.8%,+1.09%,0.5055,5,✓ Yes,completed
3,400,384,09-01,+1.6%,+1.00%,0.5050,5,✓ Yes,completed
3,400,392,09-01,+1.2%,+0.76%,0.5038,6,✓ Yes,completed
3,400,400,09-01,+1.0%,+0.68%,0.5034,8,✓ Yes,completed
3,408,299,09-01,+2.3%,+1.35%,0.5067,4,✓ Yes,completed
3,408,307,09-01,+2.2%,+1.28%,0.5064,4,✓ Yes,completed
3,408,315,09-01,+2.2%,+1.24%,0.5062,4,✓ Yes,completed
3,408,322,09-01,+2.1%,+1.20%,0.5060,4,✓ Yes,completed
3,408,330,09-01,+1.9%,+1.13%,0.5056,4,✓ Yes,completed
3,408,338,09-01,+1.8%,+1.08%,0.5054,4,✓ Yes,completed
3,408,346,09-01,+1.7%,+1.03%,0.5052,4,✓ Yes,completed
3,408,354,09-01,+1.7%,+1.00%,0.5050,4,✓ Yes,completed
3,408,361,09-01,+1.5%,+0.94%,0.5047,4,✓ Yes,completed
3,408,369,09-01,+1.5%,+0.89%,0.5045,4,✓ Yes,completed
3,408,377,09-01,+1.4%,+0.85%,0.5043,4,✓ Yes,completed
3,408,385,09-01,+1.3%,+0.80%,0.5040,4,✓ Yes,completed
3,408,392,09-01,+1.0%,+0.65%,0.5032,5,✓ Yes,completed
3,408,400,09-01,+0.8%,+0.59%,0.5029,5,✓ Yes,completed
3,408,408,09-01,+0.5%,+0.38%,0.5019,6,✓ Yes,completed
3,336,299,09-07,+10.0%,+81.90%,0.9095,12,✗ No,budget_exceeded
3,336,308,09-07,+10.0%,+80.33%,0.9016,13,✗ No,budget_exceeded
3,336,318,09-07,+10.0%,+74.62%,0.8731,18,✗ No,budget_exceeded
3,336,327,09-07,+10.0%,+67.58%,0.8379,20,✗ No,budget_exceeded
3,336,336,09-07,+10.0%,+56.80%,0.7840,34,✗ No,budget_exceeded
3,344,299,09-07,+10.0%,+75.75%,0.8787,12,✗ No,budget_exceeded
3,344,308,09-07,+10.0%,+69.45%,0.8473,14,✗ No,budget_exceeded
3,344,317,09-07,+10.0%,+67.21%,0.8360,17,✗ No,budget_exceeded
3,344,326,09-07,+10.0%,+54.72%,0.7736,20,✗ No,budget_exceeded
3,344,335,09-07,+10.0%,+52.65%,0.7633,26,✗ No,budget_exceeded
3,344,344,09-07,+10.0%,+47.17%,0.7359,36,✗ No,budget_exceeded
3,352,299,09-07,+10.0%,+66.47%,0.8324,11,✗ No,budget_exceeded
3,352,308,09-07,+10.0%,+65.12%,0.8256,12,✗ No,budget_exceeded
3,352,317,09-07,+10.0%,+52.65%,0.7632,15,✗ No,budget_exceeded
3,352,326,09-07,+10.0%,+50.54%,0.7527,17,✗ No,budget_exceeded
3,352,334,09-07,+10.0%,+46.32%,0.7316,21,✗ No,budget_exceeded
3,352,343,09-07,+10.0%,+44.27%,0.7213,25,✗ No,budget_exceeded
3,352,352,09-07,+10.0%,+42.09%,0.7105,34,✗ No,budget_exceeded
3,360,299,09-07,+10.0%,+46.50%,0.7325,12,✗ No,budget_exceeded
3,360,308,09-07,+10.0%,+46.23%,0.7311,12,✗ No,budget_exceeded
3,360,316,09-07,+10.0%,+45.31%,0.7265,14,✗ No,budget_exceeded
3,360,325,09-07,+10.0%,+43.95%,0.7198,15,✗ No,budget_exceeded
3,360,334,09-07,+10.0%,+42.14%,0.7107,18,✗ No,budget_exceeded
3,360,343,09-07,+10.0%,+40.60%,0.7030,20,✗ No,budget_exceeded
3,360,351,09-07,+10.0%,+38.16%,0.6908,22,✗ No,budget_exceeded
3,360,360,09-07,+10.0%,+28.44%,0.6422,35,✗ No,budget_exceeded
3,368,299,09-07,+10.0%,+42.25%,0.7113,13,✗ No,budget_exceeded
3,368,307,09-07,+10.0%,+41.98%,0.7099,13,✗ No,budget_exceeded
3,368,314,09-07,+10.0%,+41.78%,0.7089,13,✗ No,budget_exceeded
3,368,322,09-07,+10.0%,+40.42%,0.7021,14,✗ No,budget_exceeded
3,368,330,09-07,+10.0%,+39.62%,0.6981,15,✗ No,budget_exceeded
3,368,337,09-07,+10.0%,+28.20%,0.6410,21,✗ No,budget_exceeded
3,368,345,09-07,+10.0%,+11.13%,0.5556,24,✗ No,budget_exceeded
3,368,353,09-07,+9.8%,+2.38%,0.5119,24,✓ Yes,completed
3,368,360,09-07,+8.6%,+2.16%,0.5108,27,✓ Yes,completed
3,368,368,09-07,+7.2%,+1.84%,0.5092,35,✓ Yes,completed
3,376,299,09-07,+10.0%,+25.81%,0.6290,13,✗ No,budget_exceeded
3,376,307,09-07,+10.0%,+25.49%,0.6275,13,✗ No,budget_exceeded
3,376,314,09-07,+9.9%,+2.14%,0.5107,13,✓ Yes,completed
3,376,322,09-07,+8.5%,+2.02%,0.5101,13,✓ Yes,completed
3,376,330,09-07,+8.1%,+2.08%,0.5104,13,✓ Yes,completed
3,376,338,09-07,+7.4%,+1.87%,0.5094,13,✓ Yes,completed
3,376,345,09-07,+6.9%,+1.75%,0.5087,13,✓ Yes,completed
3,376,353,09-07,+6.5%,+1.78%,0.5089,13,✓ Yes,completed
3,376,361,09-07,+6.2%,+1.75%,0.5088,13,✓ Yes,completed
3,376,368,09-07,+5.6%,+1.53%,0.5077,14,✓ Yes,completed
3,376,376,09-07,+5.1%,+1.32%,0.5066,16,✓ Yes,completed
3,384,299,09-07,+8.9%,+1.82%,0.5091,10,✓ Yes,completed
3,384,307,09-07,+8.6%,+1.84%,0.5092,10,✓ Yes,completed
3,384,315,09-07,+8.0%,+1.90%,0.5095,10,✓ Yes,completed
3,384,322,09-07,+7.1%,+1.68%,0.5084,10,✓ Yes,completed
3,384,330,09-07,+6.9%,+1.64%,0.5082,10,✓ Yes,completed
3,384,338,09-07,+6.2%,+1.69%,0.5084,10,✓ Yes,completed
3,384,345,09-07,+5.8%,+1.55%,0.5078,10,✓ Yes,completed
3,384,353,09-07,+5.5%,+1.48%,0.5074,10,✓ Yes,completed
3,384,361,09-07,+5.3%,+1.38%,0.5069,10,✓ Yes,completed
3,384,369,09-07,+4.8%,+1.23%,0.5061,11,✓ Yes,completed
3,384,376,09-07,+4.2%,+1.09%,0.5054,12,✓ Yes,completed
3,384,384,09-07,+3.3%,+0.73%,0.5036,17,✓ Yes,completed
3,392,299,09-07,+5.0%,+0.99%,0.5049,6,✓ Yes,completed
3,392,307,09-07,+4.8%,+1.00%,0.5050,6,✓ Yes,completed
3,392,315,09-07,+4.7%,+1.01%,0.5050,6,✓ Yes,completed
3,392,322,09-07,+4.0%,+0.84%,0.5042,6,✓ Yes,completed
3,392,330,09-07,+3.8%,+0.78%,0.5039,6,✓ Yes,completed
3,392,338,09-07,+3.6%,+0.77%,0.5038,6,✓ Yes,completed
3,392,346,09-07,+3.5%,+0.75%,0.5037,6,✓ Yes,completed
3,392,353,09-07,+3.3%,+0.73%,0.5036,6,✓ Yes,completed
3,392,361,09-07,+3.2%,+0.71%,0.5036,6,✓ Yes,completed
3,392,369,09-07,+2.9%,+0.68%,0.5034,7,✓ Yes,completed
3,392,376,09-07,+2.7%,+0.67%,0.5034,7,✓ Yes,completed
3,392,384,09-07,+2.5%,+0.61%,0.5031,7,✓ Yes,completed
3,392,392,09-07,+1.8%,+0.23%,0.5012,12,✓ Yes,completed
3,400,299,09-07,+3.1%,+0.54%,0.5027,4,✓ Yes,completed
3,400,307,09-07,+3.0%,+0.56%,0.5028,4,✓ Yes,completed
3,400,315,09-07,+2.9%,+0.57%,0.5029,4,✓ Yes,completed
3,400,322,09-07,+2.8%,+0.58%,0.5029,4,✓ Yes,completed
3,400,330,09-07,+2.7%,+0.59%,0.5030,4,✓ Yes,completed
3,400,338,09-07,+2.6%,+0.59%,0.5029,4,✓ Yes,completed
3,400,346,09-07,+2.5%,+0.55%,0.5028,4,✓ Yes,completed
3,400,353,09-07,+2.4%,+0.52%,0.5026,4,✓ Yes,completed
3,400,361,09-07,+2.3%,+0.46%,0.5023,4,✓ Yes,completed
3,400,369,09-07,+1.9%,+0.29%,0.5014,5,✓ Yes,completed
3,400,377,09-07,+1.8%,+0.25%,0.5012,5,✓ Yes,completed
3,400,384,09-07,+1.6%,+0.20%,0.5010,5,✓ Yes,completed
3,400,392,09-07,+1.2%,+0.14%,0.5007,6,✓ Yes,completed
3,400,400,09-07,+1.0%,+0.13%,0.5007,8,✓ Yes,completed
3,408,299,09-07,+2.3%,+0.36%,0.5018,4,✓ Yes,completed
3,408,307,09-07,+2.2%,+0.32%,0.5016,4,✓ Yes,completed
3,408,315,09-07,+2.2%,+0.29%,0.5015,4,✓ Yes,completed
3,408,322,09-07,+2.1%,+0.26%,0.5013,4,✓ Yes,completed
3,408,330,09-07,+1.9%,+0.23%,0.5012,4,✓ Yes,completed
3,408,338,09-07,+1.8%,+0.22%,0.5011,4,✓ Yes,completed
3,408,346,09-07,+1.7%,+0.20%,0.5010,4,✓ Yes,completed
3,408,354,09-07,+1.7%,+0.18%,0.5009,4,✓ Yes,completed
3,408,361,09-07,+1.5%,+0.17%,0.5008,4,✓ Yes,completed
3,408,369,09-07,+1.5%,+0.15%,0.5008,4,✓ Yes,completed
3,408,377,09-07,+1.4%,+0.14%,0.5007,4,✓ Yes,completed
3,408,385,09-07,+1.3%,+0.14%,0.5007,4,✓ Yes,completed
3,408,392,09-07,+1.0%,+0.14%,0.5007,5,✓ Yes,completed
3,408,400,09-07,+0.8%,+0.14%,0.5007,5,✓ Yes,completed
3,408,408,09-07,+0.5%,+0.09%,0.5005,6,✓ Yes,completed
3,336,299,09-13,+10.0%,+80.04%,0.9002,13,✗ No,budget_exceeded
3,336,308,09-13,+10.0%,+78.06%,0.8903,14,✗ No,budget_exceeded
3,336,318,09-13,+10.0%,+66.33%,0.8316,19,✗ No,budget_exceeded
3,336,327,09-13,+10.0%,+63.83%,0.8191,20,✗ No,budget_exceeded
3,336,336,09-13,+10.0%,+61.71%,0.8085,30,✗ No,budget_exceeded
3,344,299,09-13,+10.0%,+76.58%,0.8829,12,✗ No,budget_exceeded
3,344,308,09-13,+10.0%,+65.79%,0.8289,13,✗ No,budget_exceeded
3,344,317,09-13,+10.0%,+63.78%,0.8189,16,✗ No,budget_exceeded
3,344,326,09-13,+10.0%,+58.31%,0.7916,18,✗ No,budget_exceeded
3,344,335,09-13,+10.0%,+56.54%,0.7827,23,✗ No,budget_exceeded
3,344,344,09-13,+10.0%,+55.06%,0.7753,33,✗ No,budget_exceeded
3,352,299,09-13,+10.0%,+61.84%,0.8092,12,✗ No,budget_exceeded
3,352,308,09-13,+10.0%,+61.07%,0.8053,12,✗ No,budget_exceeded
3,352,317,09-13,+10.0%,+57.22%,0.7861,14,✗ No,budget_exceeded
3,352,326,09-13,+10.0%,+55.14%,0.7757,16,✗ No,budget_exceeded
3,352,334,09-13,+10.0%,+53.72%,0.7686,19,✗ No,budget_exceeded
3,352,343,09-13,+10.0%,+51.82%,0.7591,23,✗ No,budget_exceeded
3,352,352,09-13,+10.0%,+48.81%,0.7441,33,✗ No,budget_exceeded
3,360,299,09-13,+10.0%,+53.83%,0.7691,12,✗ No,budget_exceeded
3,360,308,09-13,+10.0%,+53.55%,0.7678,12,✗ No,budget_exceeded
3,360,316,09-13,+10.0%,+53.19%,0.7660,13,✗ No,budget_exceeded
3,360,325,09-13,+10.0%,+50.96%,0.7548,16,✗ No,budget_exceeded
3,360,334,09-13,+10.0%,+49.14%,0.7457,18,✗ No,budget_exceeded
3,360,343,09-13,+10.0%,+40.96%,0.7048,23,✗ No,budget_exceeded
3,360,351,09-13,+10.0%,+37.64%,0.6882,26,✗ No,budget_exceeded
3,360,360,09-13,+10.0%,+12.95%,0.5647,41,✗ No,budget_exceeded
3,368,299,09-13,+10.0%,+49.08%,0.7454,13,✗ No,budget_exceeded
3,368,307,09-13,+10.0%,+48.76%,0.7438,13,✗ No,budget_exceeded
3,368,314,09-13,+10.0%,+48.57%,0.7428,13,✗ No,budget_exceeded
3,368,322,09-13,+10.0%,+39.30%,0.6965,18,✗ No,budget_exceeded
3,368,330,09-13,+10.0%,+37.71%,0.6886,20,✗ No,budget_exceeded
3,368,337,09-13,+10.0%,+12.78%,0.5639,23,✗ No,budget_exceeded
3,368,345,09-13,+10.0%,+10.80%,0.5540,25,✗ No,budget_exceeded
3,368,353,09-13,+10.0%,+8.74%,0.5437,27,✗ No,budget_exceeded
3,368,360,09-13,+9.9%,+0.98%,0.5049,33,✓ Yes,completed
3,368,368,09-13,+7.7%,+0.88%,0.5044,40,✓ Yes,completed
3,376,299,09-13,+10.0%,+10.93%,0.5546,13,✗ No,budget_exceeded
3,376,307,09-13,+10.0%,+10.61%,0.5531,13,✗ No,budget_exceeded
3,376,314,09-13,+10.0%,+9.89%,0.5494,13,✗ No,budget_exceeded
3,376,322,09-13,+10.0%,+6.38%,0.5319,15,✗ No,budget_exceeded
3,376,330,09-13,+9.8%,+0.85%,0.5043,19,✓ Yes,completed
3,376,338,09-13,+9.1%,+0.87%,0.5043,18,✓ Yes,completed
3,376,345,09-13,+8.0%,+0.96%,0.5048,17,✓ Yes,completed
3,376,353,09-13,+7.3%,+0.88%,0.5044,17,✓ Yes,completed
3,376,361,09-13,+6.8%,+0.77%,0.5039,17,✓ Yes,completed
3,376,368,09-13,+6.1%,+0.66%,0.5033,18,✓ Yes,completed
3,376,376,09-13,+5.2%,+0.44%,0.5022,20,✓ Yes,completed
3,384,299,09-13,+10.0%,+8.18%,0.5409,11,✗ No,budget_exceeded
3,384,307,09-13,+10.0%,+7.89%,0.5394,11,✗ No,budget_exceeded
3,384,315,09-13,+10.0%,+6.00%,0.5300,12,✗ No,budget_exceeded
3,384,322,09-13,+10.0%,+0.75%,0.5037,14,✓ Yes,completed
3,384,330,09-13,+7.7%,+0.82%,0.5041,13,✓ Yes,completed
3,384,338,09-13,+7.3%,+0.82%,0.5041,13,✓ Yes,completed
3,384,345,09-13,+6.9%,+0.75%,0.5037,13,✓ Yes,completed
3,384,353,09-13,+6.3%,+0.69%,0.5035,13,✓ Yes,completed
3,384,361,09-13,+6.0%,+0.63%,0.5031,13,✓ Yes,completed
3,384,369,09-13,+5.4%,+0.47%,0.5024,14,✓ Yes,completed
3,384,376,09-13,+4.6%,+0.45%,0.5022,14,✓ Yes,completed
3,384,384,09-13,+3.7%,+0.27%,0.5014,15,✓ Yes,completed
3,392,299,09-13,+7.2%,+0.50%,0.5025,7,✓ Yes,completed
3,392,307,09-13,+7.0%,+0.48%,0.5024,7,✓ Yes,completed
3,392,315,09-13,+6.9%,+0.47%,0.5024,7,✓ Yes,completed
3,392,322,09-13,+6.2%,+0.45%,0.5023,7,✓ Yes,completed
3,392,330,09-13,+4.8%,+0.33%,0.5017,7,✓ Yes,completed
3,392,338,09-13,+4.6%,+0.37%,0.5018,7,✓ Yes,completed
3,392,346,09-13,+4.3%,+0.40%,0.5020,7,✓ Yes,completed
3,392,353,09-13,+4.1%,+0.34%,0.5017,7,✓ Yes,completed
3,392,361,09-13,+3.9%,+0.29%,0.5014,7,✓ Yes,completed
3,392,369,09-13,+3.5%,+0.26%,0.5013,8,✓ Yes,completed
3,392,376,09-13,+3.2%,+0.24%,0.5012,8,✓ Yes,completed
3,392,384,09-13,+2.8%,+0.27%,0.5013,9,✓ Yes,completed
3,392,392,09-13,+1.9%,+0.17%,0.5009,15,✓ Yes,completed
3,400,299,09-13,+3.1%,+0.08%,0.5004,4,✓ Yes,completed
3,400,307,09-13,+3.0%,+0.12%,0.5006,4,✓ Yes,completed
3,400,315,09-13,+2.9%,+0.14%,0.5007,4,✓ Yes,completed
3,400,322,09-13,+2.8%,+0.17%,0.5008,4,✓ Yes,completed
3,400,330,09-13,+2.7%,+0.21%,0.5010,4,✓ Yes,completed
3,400,338,09-13,+2.6%,+0.23%,0.5012,4,✓ Yes,completed
3,400,346,09-13,+2.5%,+0.23%,0.5012,4,✓ Yes,completed
3,400,353,09-13,+2.4%,+0.23%,0.5011,4,✓ Yes,completed
3,400,361,09-13,+2.3%,+0.21%,0.5010,4,✓ Yes,completed
3,400,369,09-13,+1.9%,+0.19%,0.5009,5,✓ Yes,completed
3,400,377,09-13,+1.8%,+0.20%,0.5010,5,✓ Yes,completed
3,400,384,09-13,+1.6%,+0.19%,0.5009,5,✓ Yes,completed
3,400,392,09-13,+1.2%,+0.16%,0.5008,6,✓ Yes,completed
3,400,400,09-13,+1.0%,+0.16%,0.5008,8,✓ Yes,completed
3,408,299,09-13,+2.3%,+0.08%,0.5004,4,✓ Yes,completed
3,408,307,09-13,+2.2%,+0.08%,0.5004,4,✓ Yes,completed
3,408,315,09-13,+2.2%,+0.09%,0.5004,4,✓ Yes,completed
3,408,322,09-13,+2.1%,+0.09%,0.5005,4,✓ Yes,completed
3,408,330,09-13,+1.9%,+0.12%,0.5006,4,✓ Yes,completed
3,408,338,09-13,+1.8%,+0.15%,0.5008,4,✓ Yes,completed
3,408,346,09-13,+1.7%,+0.16%,0.5008,4,✓ Yes,completed
3,408,354,09-13,+1.7%,+0.16%,0.5008,4,✓ Yes,completed
3,408,361,09-13,+1.5%,+0.16%,0.5008,4,✓ Yes,completed
3,408,369,09-13,+1.5%,+0.16%,0.5008,4,✓ Yes,completed
3,408,377,09-13,+1.4%,+0.16%,0.5008,4,✓ Yes,completed
3,408,385,09-13,+1.3%,+0.16%,0.5008,4,✓ Yes,completed
3,408,392,09-13,+1.0%,+0.17%,0.5009,5,✓ Yes,completed
3,408,400,09-13,+0.8%,+0.18%,0.5009,5,✓ Yes,completed
3,408,408,09-13,+0.5%,+0.12%,0.5006,6,✓ Yes,completed
3,336,299,09-17,+10.0%,+75.05%,0.8752,12,✗ No,budget_exceeded
3,336,308,09-17,+10.0%,+72.94%,0.8647,13,✗ No,budget_exceeded
3,336,318,09-17,+10.0%,+70.99%,0.8549,16,✗ No,budget_exceeded
3,336,327,09-17,+10.0%,+65.62%,0.8281,18,✗ No,budget_exceeded
3,336,336,09-17,+10.0%,+63.93%,0.8197,24,✗ No,budget_exceeded
3,344,299,09-17,+10.0%,+72.79%,0.8640,12,✗ No,budget_exceeded
3,344,308,09-17,+10.0%,+71.42%,0.8571,13,✗ No,budget_exceeded
3,344,317,09-17,+10.0%,+69.42%,0.8471,16,✗ No,budget_exceeded
3,344,326,09-17,+10.0%,+64.12%,0.8206,18,✗ No,budget_exceeded
3,344,335,09-17,+10.0%,+63.06%,0.8153,21,✗ No,budget_exceeded
3,344,344,09-17,+10.0%,+61.23%,0.8061,32,✗ No,budget_exceeded
3,352,299,09-17,+10.0%,+65.46%,0.8273,12,✗ No,budget_exceeded
3,352,308,09-17,+10.0%,+64.67%,0.8233,12,✗ No,budget_exceeded
3,352,317,09-17,+10.0%,+63.13%,0.8156,14,✗ No,budget_exceeded
3,352,326,09-17,+10.0%,+61.10%,0.8055,16,✗ No,budget_exceeded
3,352,334,09-17,+10.0%,+60.43%,0.8022,17,✗ No,budget_exceeded
3,352,343,09-17,+10.0%,+57.59%,0.7880,23,✗ No,budget_exceeded
3,352,352,09-17,+10.0%,+50.71%,0.7535,32,✗ No,budget_exceeded
3,360,299,09-17,+10.0%,+60.63%,0.8031,11,✗ No,budget_exceeded
3,360,308,09-17,+10.0%,+60.37%,0.8019,11,✗ No,budget_exceeded
3,360,316,09-17,+10.0%,+59.51%,0.7976,13,✗ No,budget_exceeded
3,360,325,09-17,+10.0%,+57.13%,0.7857,16,✗ No,budget_exceeded
3,360,334,09-17,+10.0%,+56.44%,0.7822,17,✗ No,budget_exceeded
3,360,343,09-17,+10.0%,+48.47%,0.7423,22,✗ No,budget_exceeded
3,360,351,09-17,+10.0%,+45.32%,0.7266,25,✗ No,budget_exceeded
3,360,360,09-17,+10.0%,+20.96%,0.6048,40,✗ No,budget_exceeded
3,368,299,09-17,+10.0%,+56.70%,0.7835,13,✗ No,budget_exceeded
3,368,307,09-17,+10.0%,+56.39%,0.7819,13,✗ No,budget_exceeded
3,368,314,09-17,+10.0%,+56.20%,0.7810,13,✗ No,budget_exceeded
3,368,322,09-17,+10.0%,+47.03%,0.7352,18,✗ No,budget_exceeded
3,368,330,09-17,+10.0%,+45.46%,0.7273,20,✗ No,budget_exceeded
3,368,337,09-17,+10.0%,+20.81%,0.6041,23,✗ No,budget_exceeded
3,368,345,09-17,+10.0%,+18.85%,0.5943,25,✗ No,budget_exceeded
3,368,353,09-17,+10.0%,+16.82%,0.5841,27,✗ No,budget_exceeded
3,368,360,09-17,+10.0%,+9.04%,0.5452,34,✗ No,budget_exceeded
3,368,368,09-17,+10.0%,+4.61%,0.5231,47,✗ No,budget_exceeded
3,376,299,09-17,+10.0%,+18.98%,0.5949,13,✗ No,budget_exceeded
3,376,307,09-17,+10.0%,+18.67%,0.5933,13,✗ No,budget_exceeded
3,376,314,09-17,+10.0%,+17.95%,0.5897,13,✗ No,budget_exceeded
3,376,322,09-17,+10.0%,+14.48%,0.5724,15,✗ No,budget_exceeded
3,376,330,09-17,+10.0%,+8.75%,0.5438,20,✗ No,budget_exceeded
3,376,338,09-17,+10.0%,+8.14%,0.5407,20,✗ No,budget_exceeded
3,376,345,09-17,+10.0%,+6.41%,0.5321,22,✗ No,budget_exceeded
3,376,353,09-17,+10.0%,+4.35%,0.5218,24,✗ No,budget_exceeded
3,376,361,09-17,+10.0%,+0.40%,0.5020,25,✓ Yes,completed
3,376,368,09-17,+8.9%,+0.21%,0.5011,27,✓ Yes,completed
3,376,376,09-17,+7.7%,+0.17%,0.5008,31,✓ Yes,completed
3,384,299,09-17,+10.0%,+16.26%,0.5813,11,✗ No,budget_exceeded
3,384,307,09-17,+10.0%,+15.97%,0.5799,11,✗ No,budget_exceeded
3,384,315,09-17,+10.0%,+14.10%,0.5705,12,✗ No,budget_exceeded
3,384,322,09-17,+10.0%,+8.76%,0.5438,15,✗ No,budget_exceeded
3,384,330,09-17,+10.0%,+6.03%,0.5301,17,✗ No,budget_exceeded
3,384,338,09-17,+10.0%,+5.46%,0.5273,17,✗ No,budget_exceeded
3,384,345,09-17,+10.0%,+3.11%,0.5155,21,✗ No,budget_exceeded
3,384,353,09-17,+9.1%,+0.20%,0.5010,21,✓ Yes,completed
3,384,361,09-17,+8.6%,+0.19%,0.5010,21,✓ Yes,completed
3,384,369,09-17,+7.4%,+0.20%,0.5010,22,✓ Yes,completed
3,384,376,09-17,+5.6%,+0.22%,0.5011,22,✓ Yes,completed
3,384,384,09-17,+4.1%,+0.25%,0.5012,23,✓ Yes,completed
3,392,299,09-17,+10.0%,+4.90%,0.5245,10,✗ No,budget_exceeded
3,392,307,09-17,+10.0%,+3.60%,0.5180,11,✗ No,budget_exceeded
3,392,315,09-17,+10.0%,+3.36%,0.5168,11,✗ No,budget_exceeded
3,392,322,09-17,+9.4%,-0.15%,0.4993,11,✓ Yes,completed
3,392,330,09-17,+7.7%,-0.04%,0.4998,11,✓ Yes,completed
3,392,338,09-17,+6.6%,+0.09%,0.5005,10,✓ Yes,completed
3,392,346,09-17,+5.5%,+0.16%,0.5008,11,✓ Yes,completed
3,392,353,09-17,+4.8%,+0.26%,0.5013,10,✓ Yes,completed
3,392,361,09-17,+4.5%,+0.31%,0.5015,10,✓ Yes,completed
3,392,369,09-17,+4.0%,+0.23%,0.5011,11,✓ Yes,completed
3,392,376,09-17,+3.5%,+0.26%,0.5013,10,✓ Yes,completed
3,392,384,09-17,+2.9%,+0.29%,0.5015,10,✓ Yes,completed
3,392,392,09-17,+1.9%,+0.16%,0.5008,16,✓ Yes,completed
3,400,299,09-17,+3.1%,+0.11%,0.5006,4,✓ Yes,completed
3,400,307,09-17,+3.0%,+0.15%,0.5008,4,✓ Yes,completed
3,400,315,09-17,+2.9%,+0.18%,0.5009,4,✓ Yes,completed
3,400,322,09-17,+2.8%,+0.20%,0.5010,4,✓ Yes,completed
3,400,330,09-17,+2.7%,+0.24%,0.5012,4,✓ Yes,completed
3,400,338,09-17,+2.6%,+0.26%,0.5013,4,✓ Yes,completed
3,400,346,09-17,+2.5%,+0.26%,0.5013,4,✓ Yes,completed
3,400,353,09-17,+2.4%,+0.25%,0.5012,4,✓ Yes,completed
3,400,361,09-17,+2.3%,+0.22%,0.5011,4,✓ Yes,completed
3,400,369,09-17,+1.9%,+0.19%,0.5009,5,✓ Yes,completed
3,400,377,09-17,+1.8%,+0.20%,0.5010,5,✓ Yes,completed
3,400,384,09-17,+1.6%,+0.19%,0.5009,5,✓ Yes,completed
3,400,392,09-17,+1.2%,+0.18%,0.5009,6,✓ Yes,completed
3,400,400,09-17,+1.0%,+0.18%,0.5009,8,✓ Yes,completed
3,408,299,09-17,+2.3%,+0.10%,0.5005,4,✓ Yes,completed
3,408,307,09-17,+2.2%,+0.09%,0.5005,4,✓ Yes,completed
3,408,315,09-17,+2.2%,+0.09%,0.5005,4,✓ Yes,completed
3,408,322,09-17,+2.1%,+0.10%,0.5005,4,✓ Yes,completed
3,408,330,09-17,+1.9%,+0.12%,0.5006,4,✓ Yes,completed
3,408,338,09-17,+1.8%,+0.15%,0.5008,4,✓ Yes,completed
3,408,346,09-17,+1.7%,+0.16%,0.5008,4,✓ Yes,completed
3,408,354,09-17,+1.7%,+0.16%,0.5008,4,✓ Yes,completed
3,408,361,09-17,+1.5%,+0.16%,0.5008,4,✓ Yes,completed
3,408,369,09-17,+1.5%,+0.16%,0.5008,4,✓ Yes,completed
3,408,377,09-17,+1.4%,+0.16%,0.5008,4,✓ Yes,completed
3,408,385,09-17,+1.3%,+0.17%,0.5008,4,✓ Yes,completed
3,408,392,09-17,+1.0%,+0.19%,0.5010,5,✓ Yes,completed
3,408,400,09-17,+0.8%,+0.20%,0.5010,5,✓ Yes,completed
3,408,408,09-17,+0.5%,+0.14%,0.5007,6,✓ Yes,completed
4,356,319,08-23,+10.0%,+40.64%,0.7032,15,✗ No,budget_exceeded
4,356,323,08-23,+10.0%,+39.73%,0.6986,16,✗ No,budget_exceeded
4,356,326,08-23,+10.0%,+39.30%,0.6965,16,✗ No,budget_exceeded
4,356,330,08-23,+10.0%,+38.25%,0.6912,17,✗ No,budget_exceeded
4,356,334,08-23,+10.0%,+25.14%,0.6257,22,✗ No,budget_exceeded
4,356,337,08-23,+10.0%,+23.59%,0.6180,24,✗ No,budget_exceeded
4,356,341,08-23,+10.0%,+19.36%,0.5968,25,✗ No,budget_exceeded
4,356,345,08-23,+10.0%,+17.88%,0.5894,27,✗ No,budget_exceeded
4,356,348,08-23,+10.0%,+17.05%,0.5852,28,✗ No,budget_exceeded
4,356,352,08-23,+10.0%,+15.55%,0.5777,30,✗ No,budget_exceeded
4,356,356,08-23,+10.0%,+14.42%,0.5721,39,✗ No,budget_exceeded
4,359,319,08-23,+10.0%,+38.30%,0.6915,15,✗ No,budget_exceeded
4,359,323,08-23,+10.0%,+26.61%,0.6331,16,✗ No,budget_exceeded
4,359,326,08-23,+10.0%,+25.51%,0.6276,17,✗ No,budget_exceeded
4,359,330,08-23,+10.0%,+25.03%,0.6251,17,✗ No,budget_exceeded
4,359,334,08-23,+10.0%,+17.94%,0.5897,21,✗ No,budget_exceeded
4,359,337,08-23,+10.0%,+17.16%,0.5858,22,✗ No,budget_exceeded
4,359,341,08-23,+10.0%,+16.80%,0.5840,22,✗ No,budget_exceeded
4,359,345,08-23,+10.0%,+15.34%,0.5767,24,✗ No,budget_exceeded
4,359,348,08-23,+10.0%,+14.64%,0.5732,24,✗ No,budget_exceeded
4,359,352,08-23,+10.0%,+13.30%,0.5665,25,✗ No,budget_exceeded
4,359,356,08-23,+10.0%,+11.27%,0.5563,29,✗ No,budget_exceeded
4,359,359,08-23,+10.0%,+4.30%,0.5215,36,✗ No,budget_exceeded
4,363,319,08-23,+10.0%,+25.07%,0.6253,15,✗ No,budget_exceeded
4,363,322,08-23,+10.0%,+24.45%,0.6223,15,✗ No,budget_exceeded
4,363,326,08-23,+10.0%,+19.20%,0.5960,16,✗ No,budget_exceeded
4,363,329,08-23,+10.0%,+18.76%,0.5938,16,✗ No,budget_exceeded
4,363,332,08-23,+10.0%,+16.97%,0.5848,19,✗ No,budget_exceeded
4,363,336,08-23,+10.0%,+15.44%,0.5772,21,✗ No,budget_exceeded
4,363,339,08-23,+10.0%,+14.97%,0.5748,21,✗ No,budget_exceeded
4,363,343,08-23,+10.0%,+14.39%,0.5720,21,✗ No,budget_exceeded
4,363,346,08-23,+10.0%,+13.21%,0.5660,22,✗ No,budget_exceeded
4,363,349,08-23,+10.0%,+12.24%,0.5612,23,✗ No,budget_exceeded
4,363,353,08-23,+10.0%,+10.98%,0.5549,24,✗ No,budget_exceeded
4,363,356,08-23,+10.0%,+3.22%,0.5161,30,✗ No,budget_exceeded
4,363,360,08-23,+9.7%,+1.28%,0.5064,34,✓ Yes,completed
4,363,363,08-23,+8.9%,+1.23%,0.5061,45,✓ Yes,completed
4,367,319,08-23,+10.0%,+17.76%,0.5888,15,✗ No,budget_exceeded
4,367,322,08-23,+10.0%,+17.10%,0.5855,15,✗ No,budget_exceeded
4,367,326,08-23,+10.0%,+16.94%,0.5847,15,✗ No,budget_exceeded
4,367,329,08-23,+10.0%,+16.52%,0.5826,15,✗ No,budget_exceeded
4,367,333,08-23,+10.0%,+14.79%,0.5739,17,✗ No,budget_exceeded
4,367,336,08-23,+10.0%,+13.05%,0.5653,18,✗ No,budget_exceeded
4,367,339,08-23,+10.0%,+12.17%,0.5608,19,✗ No,budget_exceeded
4,367,343,08-23,+10.0%,+3.04%,0.5152,22,✗ No,budget_exceeded
4,367,346,08-23,+9.9%,+1.29%,0.5065,23,✓ Yes,completed
4,367,350,08-23,+9.5%,+1.27%,0.5063,23,✓ Yes,completed
4,367,353,08-23,+9.1%,+1.30%,0.5065,22,✓ Yes,completed
4,367,356,08-23,+8.4%,+1.31%,0.5066,22,✓ Yes,completed
4,367,360,08-23,+8.1%,+1.35%,0.5067,22,✓ Yes,completed
4,367,363,08-23,+7.6%,+1.27%,0.5063,24,✓ Yes,completed
4,367,367,08-23,+7.1%,+1.27%,0.5063,28,✓ Yes,completed
4,370,319,08-23,+10.0%,+14.09%,0.5705,12,✗ No,budget_exceeded
4,370,322,08-23,+10.0%,+12.88%,0.5644,13,✗ No,budget_exceeded
4,370,326,08-23,+10.0%,+12.68%,0.5634,13,✗ No,budget_exceeded
4,370,329,08-23,+10.0%,+4.13%,0.5207,14,✗ No,budget_exceeded
4,370,333,08-23,+9.2%,+1.20%,0.5060,15,✓ Yes,completed
4,370,336,08-23,+8.7%,+1.22%,0.5061,15,✓ Yes,completed
4,370,339,08-23,+8.5%,+1.25%,0.5063,15,✓ Yes,completed
4,370,343,08-23,+8.3%,+1.30%,0.5065,15,✓ Yes,completed
4,370,346,08-23,+8.0%,+1.32%,0.5066,15,✓ Yes,completed
4,370,350,08-23,+7.7%,+1.29%,0.5064,15,✓ Yes,completed
4,370,353,08-23,+7.5%,+1.27%,0.5064,15,✓ Yes,completed
4,370,357,08-23,+6.9%,+1.29%,0.5065,15,✓ Yes,completed
4,370,360,08-23,+6.7%,+1.28%,0.5064,15,✓ Yes,completed
4,370,363,08-23,+6.3%,+1.25%,0.5063,17,✓ Yes,completed
4,370,367,08-23,+6.2%,+1.19%,0.5059,17,✓ Yes,completed
4,370,370,08-23,+5.7%,+0.90%,0.5045,20,✓ Yes,completed
4,374,319,08-23,+9.8%,+1.04%,0.5052,13,✓ Yes,completed
4,374,322,08-23,+8.7%,+1.11%,0.5055,13,✓ Yes,completed
4,374,326,08-23,+8.5%,+1.15%,0.5058,13,✓ Yes,completed
4,374,329,08-23,+8.4%,+1.18%,0.5059,13,✓ Yes,completed
4,374,333,08-23,+7.9%,+1.22%,0.5061,13,✓ Yes,completed
4,374,336,08-23,+7.4%,+1.21%,0.5061,13,✓ Yes,completed
4,374,339,08-23,+7.2%,+1.24%,0.5062,13,✓ Yes,completed
4,374,343,08-23,+7.0%,+1.25%,0.5063,13,✓ Yes,completed
4,374,346,08-23,+6.7%,+1.25%,0.5063,13,✓ Yes,completed
4,374,350,08-23,+6.5%,+1.26%,0.5063,13,✓ Yes,completed
4,374,353,08-23,+6.3%,+1.24%,0.5062,13,✓ Yes,completed
4,374,357,08-23,+6.2%,+1.18%,0.5059,13,✓ Yes,completed
4,374,360,08-23,+5.9%,+1.04%,0.5052,13,✓ Yes,completed
4,374,363,08-23,+5.8%,+0.96%,0.5048,13,✓ Yes,completed
4,374,367,08-23,+5.7%,+0.92%,0.5046,13,✓ Yes,completed
4,374,370,08-23,+5.5%,+0.84%,0.5042,14,✓ Yes,completed
4,374,374,08-23,+5.2%,+0.77%,0.5039,17,✓ Yes,completed
4,377,319,08-23,+8.7%,+1.07%,0.5053,12,✓ Yes,completed
4,377,322,08-23,+8.0%,+1.17%,0.5058,12,✓ Yes,completed
4,377,326,08-23,+7.8%,+1.16%,0.5058,12,✓ Yes,completed
4,377,329,08-23,+7.7%,+1.16%,0.5058,12,✓ Yes,completed
4,377,333,08-23,+7.3%,+1.19%,0.5059,12,✓ Yes,completed
4,377,336,08-23,+6.8%,+1.21%,0.5061,12,✓ Yes,completed
4,377,340,08-23,+6.7%,+1.22%,0.5061,12,✓ Yes,completed
4,377,343,08-23,+6.5%,+1.23%,0.5061,12,✓ Yes,completed
4,377,346,08-23,+6.2%,+1.19%,0.5060,12,✓ Yes,completed
4,377,350,08-23,+6.0%,+1.06%,0.5053,12,✓ Yes,completed
4,377,353,08-23,+5.9%,+0.98%,0.5049,12,✓ Yes,completed
4,377,357,08-23,+5.7%,+0.91%,0.5046,12,✓ Yes,completed
4,377,360,08-23,+5.6%,+0.86%,0.5043,12,✓ Yes,completed
4,377,364,08-23,+5.5%,+0.84%,0.5042,12,✓ Yes,completed
4,377,367,08-23,+5.3%,+0.81%,0.5040,12,✓ Yes,completed
4,377,370,08-23,+5.1%,+0.77%,0.5039,13,✓ Yes,completed
4,377,374,08-23,+4.8%,+0.76%,0.5038,15,✓ Yes,completed
4,377,377,08-23,+4.6%,+0.76%,0.5038,15,✓ Yes,completed
4,381,319,08-23,+8.0%,+1.13%,0.5056,10,✓ Yes,completed
4,381,322,08-23,+7.5%,+1.10%,0.5055,10,✓ Yes,completed
4,381,326,08-23,+7.3%,+1.15%,0.5057,10,✓ Yes,completed
4,381,329,08-23,+7.2%,+1.16%,0.5058,10,✓ Yes,completed
4,381,333,08-23,+6.8%,+1.17%,0.5059,10,✓ Yes,completed
4,381,336,08-23,+6.3%,+1.17%,0.5059,10,✓ Yes,completed
4,381,340,08-23,+6.2%,+1.13%,0.5056,10,✓ Yes,completed
4,381,343,08-23,+5.9%,+1.00%,0.5050,10,✓ Yes,completed
4,381,346,08-23,+5.8%,+0.93%,0.5047,10,✓ Yes,completed
4,381,350,08-23,+5.6%,+0.85%,0.5042,10,✓ Yes,completed
4,381,353,08-23,+5.5%,+0.82%,0.5041,10,✓ Yes,completed
4,381,357,08-23,+5.3%,+0.80%,0.5040,10,✓ Yes,completed
4,381,360,08-23,+5.2%,+0.78%,0.5039,10,✓ Yes,completed
4,381,364,08-23,+5.1%,+0.77%,0.5039,10,✓ Yes,completed
4,381,367,08-23,+4.9%,+0.77%,0.5038,10,✓ Yes,completed
4,381,371,08-23,+4.7%,+0.77%,0.5039,11,✓ Yes,completed
4,381,374,08-23,+4.4%,+0.74%,0.5037,12,✓ Yes,completed
4,381,378,08-23,+4.2%,+0.66%,0.5033,12,✓ Yes,completed
4,381,381,08-23,+3.9%,+0.47%,0.5023,17,✓ Yes,completed
4,385,319,08-23,+6.8%,+1.10%,0.5055,8,✓ Yes,completed
4,385,322,08-23,+6.3%,+1.09%,0.5055,8,✓ Yes,completed
4,385,326,08-23,+6.1%,+1.03%,0.5052,8,✓ Yes,completed
4,385,329,08-23,+6.1%,+1.00%,0.5050,8,✓ Yes,completed
4,385,333,08-23,+5.6%,+0.80%,0.5040,8,✓ Yes,completed
4,385,336,08-23,+5.5%,+0.78%,0.5039,8,✓ Yes,completed
4,385,340,08-23,+5.4%,+0.77%,0.5038,8,✓ Yes,completed
4,385,343,08-23,+5.2%,+0.75%,0.5038,8,✓ Yes,completed
4,385,347,08-23,+5.1%,+0.75%,0.5037,8,✓ Yes,completed
4,385,350,08-23,+5.0%,+0.75%,0.5037,8,✓ Yes,completed
4,385,353,08-23,+4.9%,+0.75%,0.5038,8,✓ Yes,completed
4,385,357,08-23,+4.8%,+0.76%,0.5038,8,✓ Yes,completed
4,385,360,08-23,+4.7%,+0.77%,0.5038,8,✓ Yes,completed
4,385,364,08-23,+4.6%,+0.77%,0.5038,8,✓ Yes,completed
4,385,367,08-23,+4.5%,+0.77%,0.5039,8,✓ Yes,completed
4,385,371,08-23,+4.3%,+0.68%,0.5034,9,✓ Yes,completed
4,385,374,08-23,+4.0%,+0.51%,0.5025,10,✓ Yes,completed
4,385,378,08-23,+3.8%,+0.46%,0.5023,10,✓ Yes,completed
4,385,381,08-23,+3.4%,+0.42%,0.5021,12,✓ Yes,completed
4,385,385,08-23,+3.2%,+0.39%,0.5019,13,✓ Yes,completed
4,388,319,08-23,+5.8%,+0.77%,0.5038,7,✓ Yes,completed
4,388,322,08-23,+5.2%,+0.68%,0.5034,7,✓ Yes,completed
4,388,326,08-23,+5.1%,+0.68%,0.5034,7,✓ Yes,completed
4,388,329,08-23,+5.0%,+0.69%,0.5034,7,✓ Yes,completed
4,388,333,08-23,+4.9%,+0.71%,0.5035,7,✓ Yes,completed
4,388,336,08-23,+4.8%,+0.72%,0.5036,7,✓ Yes,completed
4,388,340,08-23,+4.8%,+0.72%,0.5036,7,✓ Yes,completed
4,388,343,08-23,+4.7%,+0.74%,0.5037,7,✓ Yes,completed
4,388,347,08-23,+4.6%,+0.74%,0.5037,7,✓ Yes,completed
4,388,350,08-23,+4.6%,+0.75%,0.5037,7,✓ Yes,completed
4,388,354,08-23,+4.5%,+0.75%,0.5037,7,✓ Yes,completed
4,388,357,08-23,+4.4%,+0.73%,0.5037,7,✓ Yes,completed
4,388,360,08-23,+4.3%,+0.70%,0.5035,7,✓ Yes,completed
4,388,364,08-23,+4.3%,+0.68%,0.5034,7,✓ Yes,completed
4,388,367,08-23,+4.2%,+0.63%,0.5032,7,✓ Yes,completed
4,388,371,08-23,+3.9%,+0.50%,0.5025,8,✓ Yes,completed
4,388,374,08-23,+3.6%,+0.45%,0.5022,9,✓ Yes,completed
4,388,378,08-23,+3.5%,+0.44%,0.5022,9,✓ Yes,completed
4,388,381,08-23,+3.1%,+0.40%,0.5020,10,✓ Yes,completed
4,388,385,08-23,+2.9%,+0.39%,0.5019,11,✓ Yes,completed
4,388,388,08-23,+2.4%,+0.28%,0.5014,16,✓ Yes,completed
4,356,319,08-26,+10.0%,+45.21%,0.7260,16,✗ No,budget_exceeded
4,356,323,08-26,+10.0%,+43.89%,0.7194,17,✗ No,budget_exceeded
4,356,326,08-26,+10.0%,+32.50%,0.6625,18,✗ No,budget_exceeded
4,356,330,08-26,+10.0%,+31.34%,0.6567,19,✗ No,budget_exceeded
4,356,334,08-26,+10.0%,+29.46%,0.6473,22,✗ No,budget_exceeded
4,356,337,08-26,+10.0%,+25.18%,0.6259,24,✗ No,budget_exceeded
4,356,341,08-26,+10.0%,+23.93%,0.6197,25,✗ No,budget_exceeded
4,356,345,08-26,+10.0%,+23.17%,0.6158,26,✗ No,budget_exceeded
4,356,348,08-26,+10.0%,+21.86%,0.6093,28,✗ No,budget_exceeded
4,356,352,08-26,+10.0%,+21.01%,0.6050,29,✗ No,budget_exceeded
4,356,356,08-26,+10.0%,+19.25%,0.5962,39,✗ No,budget_exceeded
4,359,319,08-26,+10.0%,+31.32%,0.6566,16,✗ No,budget_exceeded
4,359,323,08-26,+10.0%,+30.67%,0.6533,16,✗ No,budget_exceeded
4,359,326,08-26,+10.0%,+25.49%,0.6274,17,✗ No,budget_exceeded
4,359,330,08-26,+10.0%,+25.01%,0.6250,17,✗ No,budget_exceeded
4,359,334,08-26,+10.0%,+23.10%,0.6155,20,✗ No,budget_exceeded
4,359,337,08-26,+10.0%,+22.44%,0.6122,21,✗ No,budget_exceeded
4,359,341,08-26,+10.0%,+21.55%,0.6077,22,✗ No,budget_exceeded
4,359,345,08-26,+10.0%,+20.71%,0.6036,23,✗ No,budget_exceeded
4,359,348,08-26,+10.0%,+19.44%,0.5972,24,✗ No,budget_exceeded
4,359,352,08-26,+10.0%,+18.35%,0.5918,25,✗ No,budget_exceeded
4,359,356,08-26,+10.0%,+16.85%,0.5843,28,✗ No,budget_exceeded
4,359,359,08-26,+10.0%,+9.03%,0.5452,37,✗ No,budget_exceeded
4,363,319,08-26,+10.0%,+24.87%,0.6244,15,✗ No,budget_exceeded
4,363,322,08-26,+10.0%,+23.63%,0.6181,16,✗ No,budget_exceeded
4,363,326,08-26,+10.0%,+23.49%,0.6175,16,✗ No,budget_exceeded
4,363,329,08-26,+10.0%,+23.06%,0.6153,16,✗ No,budget_exceeded
4,363,332,08-26,+10.0%,+21.33%,0.6067,19,✗ No,budget_exceeded
4,363,336,08-26,+10.0%,+20.77%,0.6038,20,✗ No,budget_exceeded
4,363,339,08-26,+10.0%,+20.32%,0.6016,20,✗ No,budget_exceeded
4,363,343,08-26,+10.0%,+19.15%,0.5958,21,✗ No,budget_exceeded
4,363,346,08-26,+10.0%,+18.22%,0.5911,22,✗ No,budget_exceeded
4,363,349,08-26,+10.0%,+16.95%,0.5848,23,✗ No,budget_exceeded
4,363,353,08-26,+10.0%,+16.10%,0.5805,24,✗ No,budget_exceeded
4,363,356,08-26,+10.0%,+8.27%,0.5413,30,✗ No,budget_exceeded
4,363,360,08-26,+10.0%,+5.06%,0.5253,37,✗ No,budget_exceeded
4,363,363,08-26,+9.5%,+1.20%,0.5060,51,✓ Yes,completed
4,367,319,08-26,+10.0%,+22.64%,0.6132,14,✗ No,budget_exceeded
4,367,322,08-26,+10.0%,+21.47%,0.6073,15,✗ No,budget_exceeded
4,367,326,08-26,+10.0%,+21.31%,0.6065,15,✗ No,budget_exceeded
4,367,329,08-26,+10.0%,+20.89%,0.6045,15,✗ No,budget_exceeded
4,367,333,08-26,+10.0%,+19.16%,0.5958,17,✗ No,budget_exceeded
4,367,336,08-26,+10.0%,+16.79%,0.5839,19,✗ No,budget_exceeded
4,367,339,08-26,+10.0%,+10.25%,0.5512,20,✗ No,budget_exceeded
4,367,343,08-26,+10.0%,+6.86%,0.5343,23,✗ No,budget_exceeded
4,367,346,08-26,+10.0%,+4.88%,0.5244,25,✗ No,budget_exceeded
4,367,350,08-26,+10.0%,+4.50%,0.5225,25,✗ No,budget_exceeded
4,367,353,08-26,+9.7%,+1.39%,0.5070,25,✓ Yes,completed
4,367,356,08-26,+9.1%,+1.16%,0.5058,26,✓ Yes,completed
4,367,360,08-26,+8.8%,+1.03%,0.5051,26,✓ Yes,completed
4,367,363,08-26,+8.0%,+0.90%,0.5045,28,✓ Yes,completed
4,367,367,08-26,+7.5%,+0.78%,0.5039,34,✓ Yes,completed
4,370,319,08-26,+10.0%,+18.53%,0.5926,12,✗ No,budget_exceeded
4,370,322,08-26,+10.0%,+4.91%,0.5246,15,✗ No,budget_exceeded
4,370,326,08-26,+10.0%,+4.67%,0.5233,15,✗ No,budget_exceeded
4,370,329,08-26,+10.0%,+4.48%,0.5224,15,✗ No,budget_exceeded
4,370,333,08-26,+9.3%,+1.13%,0.5057,16,✓ Yes,completed
4,370,336,08-26,+9.1%,+1.08%,0.5054,16,✓ Yes,completed
4,370,339,08-26,+8.8%,+1.00%,0.5050,16,✓ Yes,completed
4,370,343,08-26,+8.5%,+0.95%,0.5047,16,✓ Yes,completed
4,370,346,08-26,+8.3%,+0.94%,0.5047,16,✓ Yes,completed
4,370,350,08-26,+8.1%,+0.93%,0.5047,16,✓ Yes,completed
4,370,353,08-26,+7.9%,+0.89%,0.5044,16,✓ Yes,completed
4,370,357,08-26,+7.4%,+0.83%,0.5041,17,✓ Yes,completed
4,370,360,08-26,+7.2%,+0.83%,0.5041,17,✓ Yes,completed
4,370,363,08-26,+6.3%,+0.87%,0.5044,18,✓ Yes,completed
4,370,367,08-26,+6.1%,+0.86%,0.5043,18,✓ Yes,completed
4,370,370,08-26,+5.7%,+0.82%,0.5041,21,✓ Yes,completed
4,374,319,08-26,+9.7%,+1.15%,0.5058,13,✓ Yes,completed
4,374,322,08-26,+8.6%,+0.83%,0.5042,13,✓ Yes,completed
4,374,326,08-26,+8.4%,+0.84%,0.5042,13,✓ Yes,completed
4,374,329,08-26,+8.2%,+0.85%,0.5042,13,✓ Yes,completed
4,374,333,08-26,+7.7%,+0.79%,0.5039,13,✓ Yes,completed
4,374,336,08-26,+7.6%,+0.77%,0.5039,13,✓ Yes,completed
4,374,339,08-26,+7.4%,+0.78%,0.5039,13,✓ Yes,completed
4,374,343,08-26,+7.2%,+0.79%,0.5040,13,✓ Yes,completed
4,374,346,08-26,+7.0%,+0.79%,0.5040,13,✓ Yes,completed
4,374,350,08-26,+6.3%,+0.87%,0.5043,12,✓ Yes,completed
4,374,353,08-26,+6.1%,+0.86%,0.5043,12,✓ Yes,completed
4,374,357,08-26,+6.0%,+0.86%,0.5043,12,✓ Yes,completed
4,374,360,08-26,+5.8%,+0.85%,0.5042,12,✓ Yes,completed
4,374,363,08-26,+5.7%,+0.85%,0.5042,12,✓ Yes,completed
4,374,367,08-26,+5.6%,+0.85%,0.5043,12,✓ Yes,completed
4,374,370,08-26,+5.3%,+0.85%,0.5043,13,✓ Yes,completed
4,374,374,08-26,+5.1%,+0.82%,0.5041,15,✓ Yes,completed
4,377,319,08-26,+8.7%,+0.80%,0.5040,12,✓ Yes,completed
4,377,322,08-26,+7.9%,+0.76%,0.5038,12,✓ Yes,completed
4,377,326,08-26,+7.8%,+0.75%,0.5037,12,✓ Yes,completed
4,377,329,08-26,+7.7%,+0.74%,0.5037,12,✓ Yes,completed
4,377,333,08-26,+7.2%,+0.75%,0.5037,12,✓ Yes,completed
4,377,336,08-26,+7.0%,+0.76%,0.5038,12,✓ Yes,completed
4,377,340,08-26,+6.9%,+0.77%,0.5038,12,✓ Yes,completed
4,377,343,08-26,+6.1%,+0.84%,0.5042,11,✓ Yes,completed
4,377,346,08-26,+5.9%,+0.84%,0.5042,11,✓ Yes,completed
4,377,350,08-26,+5.8%,+0.83%,0.5042,11,✓ Yes,completed
4,377,353,08-26,+5.7%,+0.84%,0.5042,11,✓ Yes,completed
4,377,357,08-26,+5.6%,+0.85%,0.5042,11,✓ Yes,completed
4,377,360,08-26,+5.4%,+0.86%,0.5043,11,✓ Yes,completed
4,377,364,08-26,+5.4%,+0.86%,0.5043,11,✓ Yes,completed
4,377,367,08-26,+5.2%,+0.84%,0.5042,11,✓ Yes,completed
4,377,370,08-26,+5.0%,+0.82%,0.5041,12,✓ Yes,completed
4,377,374,08-26,+4.8%,+0.83%,0.5041,13,✓ Yes,completed
4,377,377,08-26,+4.5%,+0.85%,0.5042,13,✓ Yes,completed
4,381,319,08-26,+8.0%,+0.74%,0.5037,10,✓ Yes,completed
4,381,322,08-26,+7.4%,+0.69%,0.5034,10,✓ Yes,completed
4,381,326,08-26,+7.2%,+0.71%,0.5036,10,✓ Yes,completed
4,381,329,08-26,+7.2%,+0.72%,0.5036,10,✓ Yes,completed
4,381,333,08-26,+6.1%,+0.80%,0.5040,9,✓ Yes,completed
4,381,336,08-26,+6.0%,+0.80%,0.5040,9,✓ Yes,completed
4,381,340,08-26,+5.9%,+0.80%,0.5040,9,✓ Yes,completed
4,381,343,08-26,+5.7%,+0.81%,0.5041,9,✓ Yes,completed
4,381,346,08-26,+5.6%,+0.82%,0.5041,9,✓ Yes,completed
4,381,350,08-26,+5.4%,+0.84%,0.5042,9,✓ Yes,completed
4,381,353,08-26,+5.3%,+0.84%,0.5042,9,✓ Yes,completed
4,381,357,08-26,+5.2%,+0.83%,0.5042,9,✓ Yes,completed
4,381,360,08-26,+5.1%,+0.82%,0.5041,9,✓ Yes,completed
4,381,364,08-26,+5.0%,+0.82%,0.5041,9,✓ Yes,completed
4,381,367,08-26,+4.9%,+0.83%,0.5041,9,✓ Yes,completed
4,381,371,08-26,+4.7%,+0.84%,0.5042,10,✓ Yes,completed
4,381,374,08-26,+4.4%,+0.85%,0.5042,11,✓ Yes,completed
4,381,378,08-26,+4.2%,+0.82%,0.5041,11,✓ Yes,completed
4,381,381,08-26,+3.9%,+0.76%,0.5038,16,✓ Yes,completed
4,385,319,08-26,+6.8%,+0.62%,0.5031,8,✓ Yes,completed
4,385,322,08-26,+6.3%,+0.74%,0.5037,8,✓ Yes,completed
4,385,326,08-26,+6.1%,+0.75%,0.5038,8,✓ Yes,completed
4,385,329,08-26,+6.1%,+0.75%,0.5038,8,✓ Yes,completed
4,385,333,08-26,+5.6%,+0.76%,0.5038,8,✓ Yes,completed
4,385,336,08-26,+5.5%,+0.79%,0.5040,8,✓ Yes,completed
4,385,340,08-26,+5.4%,+0.80%,0.5040,8,✓ Yes,completed
4,385,343,08-26,+5.2%,+0.80%,0.5040,8,✓ Yes,completed
4,385,347,08-26,+5.1%,+0.79%,0.5040,8,✓ Yes,completed
4,385,350,08-26,+5.0%,+0.80%,0.5040,8,✓ Yes,completed
4,385,353,08-26,+4.9%,+0.81%,0.5040,8,✓ Yes,completed
4,385,357,08-26,+4.8%,+0.82%,0.5041,8,✓ Yes,completed
4,385,360,08-26,+4.7%,+0.83%,0.5042,8,✓ Yes,completed
4,385,364,08-26,+4.6%,+0.84%,0.5042,8,✓ Yes,completed
4,385,367,08-26,+4.5%,+0.85%,0.5043,8,✓ Yes,completed
4,385,371,08-26,+4.3%,+0.83%,0.5042,9,✓ Yes,completed
4,385,374,08-26,+4.0%,+0.79%,0.5039,10,✓ Yes,completed
4,385,378,08-26,+3.8%,+0.78%,0.5039,10,✓ Yes,completed
4,385,381,08-26,+3.4%,+0.76%,0.5038,12,✓ Yes,completed
4,385,385,08-26,+3.2%,+0.72%,0.5036,13,✓ Yes,completed
4,388,319,08-26,+5.8%,+0.69%,0.5034,7,✓ Yes,completed
4,388,322,08-26,+5.2%,+0.73%,0.5037,7,✓ Yes,completed
4,388,326,08-26,+5.1%,+0.74%,0.5037,7,✓ Yes,completed
4,388,329,08-26,+5.0%,+0.74%,0.5037,7,✓ Yes,completed
4,388,333,08-26,+4.9%,+0.76%,0.5038,7,✓ Yes,completed
4,388,336,08-26,+4.8%,+0.78%,0.5039,7,✓ Yes,completed
4,388,340,08-26,+4.8%,+0.79%,0.5039,7,✓ Yes,completed
4,388,343,08-26,+4.7%,+0.81%,0.5040,7,✓ Yes,completed
4,388,347,08-26,+4.6%,+0.81%,0.5040,7,✓ Yes,completed
4,388,350,08-26,+4.6%,+0.82%,0.5041,7,✓ Yes,completed
4,388,354,08-26,+4.5%,+0.83%,0.5042,7,✓ Yes,completed
4,388,357,08-26,+4.4%,+0.84%,0.5042,7,✓ Yes,completed
4,388,360,08-26,+4.3%,+0.83%,0.5042,7,✓ Yes,completed
4,388,364,08-26,+4.3%,+0.83%,0.5041,7,✓ Yes,completed
4,388,367,08-26,+4.2%,+0.82%,0.5041,7,✓ Yes,completed
4,388,371,08-26,+3.9%,+0.78%,0.5039,8,✓ Yes,completed
4,388,374,08-26,+3.6%,+0.79%,0.5039,9,✓ Yes,completed
4,388,378,08-26,+3.5%,+0.78%,0.5039,9,✓ Yes,completed
4,388,381,08-26,+3.1%,+0.73%,0.5037,10,✓ Yes,completed
4,388,385,08-26,+2.9%,+0.74%,0.5037,11,✓ Yes,completed
4,388,388,08-26,+2.4%,+0.68%,0.5034,16,✓ Yes,completed
4,356,319,08-29,+10.0%,+38.41%,0.6920,15,✗ No,budget_exceeded
4,356,323,08-29,+10.0%,+37.01%,0.6850,16,✗ No,budget_exceeded
4,356,326,08-29,+10.0%,+36.58%,0.6829,16,✗ No,budget_exceeded
4,356,330,08-29,+10.0%,+35.41%,0.6770,17,✗ No,budget_exceeded
4,356,334,08-29,+10.0%,+31.02%,0.6551,20,✗ No,budget_exceeded
4,356,337,08-29,+10.0%,+29.66%,0.6483,21,✗ No,budget_exceeded
4,356,341,08-29,+10.0%,+29.21%,0.6461,21,✗ No,budget_exceeded
4,356,345,08-29,+10.0%,+28.59%,0.6429,22,✗ No,budget_exceeded
4,356,348,08-29,+10.0%,+27.38%,0.6369,24,✗ No,budget_exceeded
4,356,352,08-29,+10.0%,+26.59%,0.6330,25,✗ No,budget_exceeded
4,356,356,08-29,+10.0%,+24.96%,0.6248,35,✗ No,budget_exceeded
4,359,319,08-29,+10.0%,+36.41%,0.6820,15,✗ No,budget_exceeded
4,359,323,08-29,+10.0%,+30.98%,0.6549,16,✗ No,budget_exceeded
4,359,326,08-29,+10.0%,+30.01%,0.6500,17,✗ No,budget_exceeded
4,359,330,08-29,+10.0%,+29.55%,0.6478,17,✗ No,budget_exceeded
4,359,334,08-29,+10.0%,+27.69%,0.6385,20,✗ No,budget_exceeded
4,359,337,08-29,+10.0%,+27.30%,0.6365,20,✗ No,budget_exceeded
4,359,341,08-29,+10.0%,+27.01%,0.6351,20,✗ No,budget_exceeded
4,359,345,08-29,+10.0%,+26.34%,0.6317,21,✗ No,budget_exceeded
4,359,348,08-29,+10.0%,+25.14%,0.6257,22,✗ No,budget_exceeded
4,359,352,08-29,+10.0%,+23.30%,0.6165,24,✗ No,budget_exceeded
4,359,356,08-29,+10.0%,+16.62%,0.5831,29,✗ No,budget_exceeded
4,359,359,08-29,+10.0%,+13.40%,0.5670,37,✗ No,budget_exceeded
4,363,319,08-29,+10.0%,+29.42%,0.6471,15,✗ No,budget_exceeded
4,363,322,08-29,+10.0%,+28.72%,0.6436,15,✗ No,budget_exceeded
4,363,326,08-29,+10.0%,+28.58%,0.6429,15,✗ No,budget_exceeded
4,363,329,08-29,+10.0%,+27.63%,0.6381,16,✗ No,budget_exceeded
4,363,332,08-29,+10.0%,+26.44%,0.6322,18,✗ No,budget_exceeded
4,363,336,08-29,+10.0%,+25.56%,0.6278,19,✗ No,budget_exceeded
4,363,339,08-29,+10.0%,+25.19%,0.6259,19,✗ No,budget_exceeded
4,363,343,08-29,+10.0%,+24.36%,0.6218,20,✗ No,budget_exceeded
4,363,346,08-29,+10.0%,+23.05%,0.6152,21,✗ No,budget_exceeded
4,363,349,08-29,+10.0%,+22.19%,0.6110,22,✗ No,budget_exceeded
4,363,353,08-29,+10.0%,+15.47%,0.5773,24,✗ No,budget_exceeded
4,363,356,08-29,+10.0%,+13.25%,0.5663,29,✗ No,budget_exceeded
4,363,360,08-29,+10.0%,+10.92%,0.5546,35,✗ No,budget_exceeded
4,363,363,08-29,+9.4%,+3.28%,0.5164,49,✓ Yes,completed
4,367,319,08-29,+10.0%,+27.21%,0.6361,14,✗ No,budget_exceeded
4,367,322,08-29,+10.0%,+26.55%,0.6328,14,✗ No,budget_exceeded
4,367,326,08-29,+10.0%,+26.39%,0.6320,14,✗ No,budget_exceeded
4,367,329,08-29,+10.0%,+25.42%,0.6271,15,✗ No,budget_exceeded
4,367,333,08-29,+10.0%,+22.64%,0.6132,18,✗ No,budget_exceeded
4,367,336,08-29,+10.0%,+22.36%,0.6118,18,✗ No,budget_exceeded
4,367,339,08-29,+10.0%,+14.16%,0.5708,21,✗ No,budget_exceeded
4,367,343,08-29,+10.0%,+12.06%,0.5603,23,✗ No,budget_exceeded
4,367,346,08-29,+10.0%,+10.73%,0.5536,24,✗ No,budget_exceeded
4,367,350,08-29,+9.8%,+3.55%,0.5178,24,✓ Yes,completed
4,367,353,08-29,+9.6%,+3.45%,0.5172,24,✓ Yes,completed
4,367,356,08-29,+9.0%,+3.21%,0.5161,25,✓ Yes,completed
4,367,360,08-29,+8.7%,+3.05%,0.5152,25,✓ Yes,completed
4,367,363,08-29,+7.9%,+2.66%,0.5133,27,✓ Yes,completed
4,367,367,08-29,+7.4%,+2.28%,0.5114,33,✓ Yes,completed
4,370,319,08-29,+10.0%,+24.60%,0.6230,12,✗ No,budget_exceeded
4,370,322,08-29,+10.0%,+11.00%,0.5550,15,✗ No,budget_exceeded
4,370,326,08-29,+10.0%,+10.75%,0.5537,15,✗ No,budget_exceeded
4,370,329,08-29,+10.0%,+10.57%,0.5528,15,✗ No,budget_exceeded
4,370,333,08-29,+9.3%,+3.27%,0.5163,16,✓ Yes,completed
4,370,336,08-29,+9.1%,+3.19%,0.5159,16,✓ Yes,completed
4,370,339,08-29,+8.8%,+3.07%,0.5153,16,✓ Yes,completed
4,370,343,08-29,+8.5%,+2.97%,0.5149,16,✓ Yes,completed
4,370,346,08-29,+8.3%,+2.89%,0.5145,16,✓ Yes,completed
4,370,350,08-29,+8.1%,+2.82%,0.5141,16,✓ Yes,completed
4,370,353,08-29,+7.9%,+2.64%,0.5132,16,✓ Yes,completed
4,370,357,08-29,+7.4%,+2.31%,0.5115,17,✓ Yes,completed
4,370,360,08-29,+7.2%,+2.21%,0.5110,17,✓ Yes,completed
4,370,363,08-29,+6.7%,+1.94%,0.5097,19,✓ Yes,completed
4,370,367,08-29,+6.5%,+1.87%,0.5094,19,✓ Yes,completed
4,370,370,08-29,+6.0%,+1.60%,0.5080,22,✓ Yes,completed
4,374,319,08-29,+9.7%,+3.27%,0.5163,13,✓ Yes,completed
4,374,322,08-29,+8.6%,+2.87%,0.5143,13,✓ Yes,completed
4,374,326,08-29,+8.4%,+2.81%,0.5141,13,✓ Yes,completed
4,374,329,08-29,+8.2%,+2.77%,0.5139,13,✓ Yes,completed
4,374,333,08-29,+7.7%,+2.46%,0.5123,13,✓ Yes,completed
4,374,336,08-29,+7.6%,+2.35%,0.5117,13,✓ Yes,completed
4,374,339,08-29,+7.4%,+2.27%,0.5114,13,✓ Yes,completed
4,374,343,08-29,+7.2%,+2.16%,0.5108,13,✓ Yes,completed
4,374,346,08-29,+7.0%,+2.06%,0.5103,13,✓ Yes,completed
4,374,350,08-29,+6.8%,+1.99%,0.5099,13,✓ Yes,completed
4,374,353,08-29,+6.5%,+1.90%,0.5095,13,✓ Yes,completed
4,374,357,08-29,+6.4%,+1.87%,0.5093,13,✓ Yes,completed
4,374,360,08-29,+6.3%,+1.80%,0.5090,13,✓ Yes,completed
4,374,363,08-29,+6.0%,+1.66%,0.5083,13,✓ Yes,completed
4,374,367,08-29,+6.0%,+1.60%,0.5080,13,✓ Yes,completed
4,374,370,08-29,+5.7%,+1.41%,0.5070,14,✓ Yes,completed
4,374,374,08-29,+5.4%,+1.30%,0.5065,16,✓ Yes,completed
4,377,319,08-29,+8.7%,+2.84%,0.5142,12,✓ Yes,completed
4,377,322,08-29,+7.9%,+2.53%,0.5127,12,✓ Yes,completed
4,377,326,08-29,+7.8%,+2.43%,0.5122,12,✓ Yes,completed
4,377,329,08-29,+7.7%,+2.36%,0.5118,12,✓ Yes,completed
4,377,333,08-29,+7.2%,+2.12%,0.5106,12,✓ Yes,completed
4,377,336,08-29,+7.0%,+2.04%,0.5102,12,✓ Yes,completed
4,377,340,08-29,+6.9%,+1.98%,0.5099,12,✓ Yes,completed
4,377,343,08-29,+6.7%,+1.92%,0.5096,12,✓ Yes,completed
4,377,346,08-29,+6.5%,+1.86%,0.5093,12,✓ Yes,completed
4,377,350,08-29,+6.3%,+1.82%,0.5091,12,✓ Yes,completed
4,377,353,08-29,+6.2%,+1.73%,0.5086,12,✓ Yes,completed
4,377,357,08-29,+6.0%,+1.65%,0.5082,12,✓ Yes,completed
4,377,360,08-29,+5.9%,+1.55%,0.5078,12,✓ Yes,completed
4,377,364,08-29,+5.8%,+1.45%,0.5073,12,✓ Yes,completed
4,377,367,08-29,+5.6%,+1.39%,0.5069,12,✓ Yes,completed
4,377,370,08-29,+5.3%,+1.28%,0.5064,13,✓ Yes,completed
4,377,374,08-29,+5.1%,+1.20%,0.5060,14,✓ Yes,completed
4,377,377,08-29,+4.8%,+1.13%,0.5057,14,✓ Yes,completed
4,381,319,08-29,+8.0%,+2.58%,0.5129,10,✓ Yes,completed
4,381,322,08-29,+7.4%,+2.18%,0.5109,10,✓ Yes,completed
4,381,326,08-29,+7.2%,+2.12%,0.5106,10,✓ Yes,completed
4,381,329,08-29,+7.2%,+2.08%,0.5104,10,✓ Yes,completed
4,381,333,08-29,+6.7%,+1.88%,0.5094,10,✓ Yes,completed
4,381,336,08-29,+6.5%,+1.84%,0.5092,10,✓ Yes,completed
4,381,340,08-29,+6.4%,+1.81%,0.5091,10,✓ Yes,completed
4,381,343,08-29,+6.2%,+1.75%,0.5087,10,✓ Yes,completed
4,381,346,08-29,+6.1%,+1.68%,0.5084,10,✓ Yes,completed
4,381,350,08-29,+6.0%,+1.58%,0.5079,10,✓ Yes,completed
4,381,353,08-29,+5.8%,+1.46%,0.5073,10,✓ Yes,completed
4,381,357,08-29,+5.7%,+1.41%,0.5071,10,✓ Yes,completed
4,381,360,08-29,+5.6%,+1.36%,0.5068,10,✓ Yes,completed
4,381,364,08-29,+5.4%,+1.30%,0.5065,10,✓ Yes,completed
4,381,367,08-29,+5.3%,+1.26%,0.5063,10,✓ Yes,completed
4,381,371,08-29,+5.0%,+1.17%,0.5059,11,✓ Yes,completed
4,381,374,08-29,+4.7%,+1.11%,0.5056,12,✓ Yes,completed
4,381,378,08-29,+4.5%,+1.08%,0.5054,12,✓ Yes,completed
4,381,381,08-29,+4.1%,+0.81%,0.5040,17,✓ Yes,completed
4,385,319,08-29,+6.8%,+1.82%,0.5091,8,✓ Yes,completed
4,385,322,08-29,+6.3%,+1.65%,0.5083,8,✓ Yes,completed
4,385,326,08-29,+6.1%,+1.58%,0.5079,8,✓ Yes,completed
4,385,329,08-29,+6.1%,+1.54%,0.5077,8,✓ Yes,completed
4,385,333,08-29,+5.6%,+1.30%,0.5065,8,✓ Yes,completed
4,385,336,08-29,+5.5%,+1.26%,0.5063,8,✓ Yes,completed
4,385,340,08-29,+5.4%,+1.23%,0.5062,8,✓ Yes,completed
4,385,343,08-29,+5.2%,+1.19%,0.5059,8,✓ Yes,completed
4,385,347,08-29,+5.1%,+1.17%,0.5058,8,✓ Yes,completed
4,385,350,08-29,+5.0%,+1.14%,0.5057,8,✓ Yes,completed
4,385,353,08-29,+4.9%,+1.13%,0.5056,8,✓ Yes,completed
4,385,357,08-29,+4.8%,+1.12%,0.5056,8,✓ Yes,completed
4,385,360,08-29,+4.7%,+1.10%,0.5055,8,✓ Yes,completed
4,385,364,08-29,+4.6%,+1.10%,0.5055,8,✓ Yes,completed
4,385,367,08-29,+4.5%,+1.08%,0.5054,8,✓ Yes,completed
4,385,371,08-29,+4.3%,+0.96%,0.5048,9,✓ Yes,completed
4,385,374,08-29,+4.0%,+0.78%,0.5039,10,✓ Yes,completed
4,385,378,08-29,+3.8%,+0.72%,0.5036,10,✓ Yes,completed
4,385,381,08-29,+3.4%,+0.56%,0.5028,12,✓ Yes,completed
4,385,385,08-29,+3.2%,+0.45%,0.5022,13,✓ Yes,completed
4,388,319,08-29,+5.8%,+1.28%,0.5064,7,✓ Yes,completed
4,388,322,08-29,+5.2%,+1.12%,0.5056,7,✓ Yes,completed
4,388,326,08-29,+5.1%,+1.10%,0.5055,7,✓ Yes,completed
4,388,329,08-29,+5.0%,+1.09%,0.5055,7,✓ Yes,completed
4,388,333,08-29,+4.9%,+1.09%,0.5054,7,✓ Yes,completed
4,388,336,08-29,+4.8%,+1.08%,0.5054,7,✓ Yes,completed
4,388,340,08-29,+4.8%,+1.08%,0.5054,7,✓ Yes,completed
4,388,343,08-29,+4.7%,+1.07%,0.5054,7,✓ Yes,completed
4,388,347,08-29,+4.6%,+1.07%,0.5053,7,✓ Yes,completed
4,388,350,08-29,+4.6%,+1.06%,0.5053,7,✓ Yes,completed
4,388,354,08-29,+4.5%,+1.05%,0.5052,7,✓ Yes,completed
4,388,357,08-29,+4.4%,+1.02%,0.5051,7,✓ Yes,completed
4,388,360,08-29,+4.3%,+0.98%,0.5049,7,✓ Yes,completed
4,388,364,08-29,+4.3%,+0.96%,0.5048,7,✓ Yes,completed
4,388,367,08-29,+4.2%,+0.91%,0.5046,7,✓ Yes,completed
4,388,371,08-29,+3.9%,+0.77%,0.5038,8,✓ Yes,completed
4,388,374,08-29,+3.6%,+0.66%,0.5033,9,✓ Yes,completed
4,388,378,08-29,+3.5%,+0.60%,0.5030,9,✓ Yes,completed
4,388,381,08-29,+3.1%,+0.44%,0.5022,10,✓ Yes,completed
4,388,385,08-29,+2.9%,+0.38%,0.5019,11,✓ Yes,completed
4,388,388,08-29,+2.4%,+0.25%,0.5012,16,✓ Yes,completed
4,356,319,09-01,+10.0%,+43.53%,0.7177,15,✗ No,budget_exceeded
4,356,323,09-01,+10.0%,+42.15%,0.7107,16,✗ No,budget_exceeded
4,356,326,09-01,+10.0%,+41.73%,0.7086,16,✗ No,budget_exceeded
4,356,330,09-01,+10.0%,+40.57%,0.7028,17,✗ No,budget_exceeded
4,356,334,09-01,+10.0%,+36.22%,0.6811,20,✗ No,budget_exceeded
4,356,337,09-01,+10.0%,+34.88%,0.6744,21,✗ No,budget_exceeded
4,356,341,09-01,+10.0%,+34.43%,0.6722,21,✗ No,budget_exceeded
4,356,345,09-01,+10.0%,+33.82%,0.6691,22,✗ No,budget_exceeded
4,356,348,09-01,+10.0%,+32.62%,0.6631,24,✗ No,budget_exceeded
4,356,352,09-01,+10.0%,+31.85%,0.6592,25,✗ No,budget_exceeded
4,356,356,09-01,+10.0%,+30.23%,0.6511,35,✗ No,budget_exceeded
4,359,319,09-01,+10.0%,+41.55%,0.7078,15,✗ No,budget_exceeded
4,359,323,09-01,+10.0%,+36.19%,0.6809,16,✗ No,budget_exceeded
4,359,326,09-01,+10.0%,+35.22%,0.6761,17,✗ No,budget_exceeded
4,359,330,09-01,+10.0%,+34.77%,0.6739,17,✗ No,budget_exceeded
4,359,334,09-01,+10.0%,+32.93%,0.6647,20,✗ No,budget_exceeded
4,359,337,09-01,+10.0%,+32.54%,0.6627,20,✗ No,budget_exceeded
4,359,341,09-01,+10.0%,+32.26%,0.6613,20,✗ No,budget_exceeded
4,359,345,09-01,+10.0%,+31.60%,0.6580,21,✗ No,budget_exceeded
4,359,348,09-01,+10.0%,+30.41%,0.6521,22,✗ No,budget_exceeded
4,359,352,09-01,+10.0%,+28.59%,0.6429,24,✗ No,budget_exceeded
4,359,356,09-01,+10.0%,+21.98%,0.6099,29,✗ No,budget_exceeded
4,359,359,09-01,+10.0%,+18.79%,0.5940,37,✗ No,budget_exceeded
4,363,319,09-01,+10.0%,+34.64%,0.6732,15,✗ No,budget_exceeded
4,363,322,09-01,+10.0%,+33.95%,0.6697,15,✗ No,budget_exceeded
4,363,326,09-01,+10.0%,+33.81%,0.6691,15,✗ No,budget_exceeded
4,363,329,09-01,+10.0%,+32.87%,0.6644,16,✗ No,budget_exceeded
4,363,332,09-01,+10.0%,+31.69%,0.6585,18,✗ No,budget_exceeded
4,363,336,09-01,+10.0%,+30.82%,0.6541,19,✗ No,budget_exceeded
4,363,339,09-01,+10.0%,+30.45%,0.6523,19,✗ No,budget_exceeded
4,363,343,09-01,+10.0%,+29.63%,0.6482,20,✗ No,budget_exceeded
4,363,346,09-01,+10.0%,+28.34%,0.6417,21,✗ No,budget_exceeded
4,363,349,09-01,+10.0%,+27.49%,0.6375,22,✗ No,budget_exceeded
4,363,353,09-01,+10.0%,+20.84%,0.6042,24,✗ No,budget_exceeded
4,363,356,09-01,+10.0%,+18.65%,0.5932,29,✗ No,budget_exceeded
4,363,360,09-01,+10.0%,+16.34%,0.5817,35,✗ No,budget_exceeded
4,363,363,09-01,+9.4%,+3.39%,0.5169,49,✓ Yes,completed
4,367,319,09-01,+10.0%,+32.46%,0.6623,14,✗ No,budget_exceeded
4,367,322,09-01,+10.0%,+31.80%,0.6590,14,✗ No,budget_exceeded
4,367,326,09-01,+10.0%,+31.65%,0.6582,14,✗ No,budget_exceeded
4,367,329,09-01,+10.0%,+30.69%,0.6534,15,✗ No,budget_exceeded
4,367,333,09-01,+10.0%,+27.93%,0.6397,18,✗ No,budget_exceeded
4,367,336,09-01,+10.0%,+27.66%,0.6383,18,✗ No,budget_exceeded
4,367,339,09-01,+10.0%,+19.55%,0.5977,21,✗ No,budget_exceeded
4,367,343,09-01,+10.0%,+17.47%,0.5874,23,✗ No,budget_exceeded
4,367,346,09-01,+10.0%,+16.15%,0.5807,24,✗ No,budget_exceeded
4,367,350,09-01,+9.8%,+3.54%,0.5177,24,✓ Yes,completed
4,367,353,09-01,+9.6%,+3.49%,0.5175,24,✓ Yes,completed
4,367,356,09-01,+9.0%,+3.39%,0.5170,25,✓ Yes,completed
4,367,360,09-01,+8.7%,+3.33%,0.5166,25,✓ Yes,completed
4,367,363,09-01,+7.9%,+3.26%,0.5163,27,✓ Yes,completed
4,367,367,09-01,+7.4%,+3.13%,0.5157,33,✓ Yes,completed
4,370,319,09-01,+10.0%,+29.87%,0.6494,12,✗ No,budget_exceeded
4,370,322,09-01,+10.0%,+16.42%,0.5821,15,✗ No,budget_exceeded
4,370,326,09-01,+10.0%,+16.17%,0.5809,15,✗ No,budget_exceeded
4,370,329,09-01,+10.0%,+15.99%,0.5800,15,✗ No,budget_exceeded
4,370,333,09-01,+9.3%,+3.38%,0.5169,16,✓ Yes,completed
4,370,336,09-01,+9.1%,+3.35%,0.5168,16,✓ Yes,completed
4,370,339,09-01,+8.8%,+3.30%,0.5165,16,✓ Yes,completed
4,370,343,09-01,+8.5%,+3.31%,0.5165,16,✓ Yes,completed
4,370,346,09-01,+8.3%,+3.31%,0.5166,16,✓ Yes,completed
4,370,350,09-01,+8.1%,+3.32%,0.5166,16,✓ Yes,completed
4,370,353,09-01,+7.9%,+3.26%,0.5163,16,✓ Yes,completed
4,370,357,09-01,+7.4%,+3.17%,0.5159,17,✓ Yes,completed
4,370,360,09-01,+7.2%,+3.15%,0.5158,17,✓ Yes,completed
4,370,363,09-01,+6.7%,+3.14%,0.5157,19,✓ Yes,completed
4,370,367,09-01,+6.5%,+3.15%,0.5157,19,✓ Yes,completed
4,370,370,09-01,+6.0%,+3.03%,0.5151,22,✓ Yes,completed
4,374,319,09-01,+9.7%,+3.29%,0.5164,13,✓ Yes,completed
4,374,322,09-01,+8.6%,+3.19%,0.5159,13,✓ Yes,completed
4,374,326,09-01,+8.4%,+3.21%,0.5160,13,✓ Yes,completed
4,374,329,09-01,+8.2%,+3.22%,0.5161,13,✓ Yes,completed
4,374,333,09-01,+7.7%,+3.15%,0.5157,13,✓ Yes,completed
4,374,336,09-01,+7.6%,+3.12%,0.5156,13,✓ Yes,completed
4,374,339,09-01,+7.4%,+3.13%,0.5157,13,✓ Yes,completed
4,374,343,09-01,+7.2%,+3.12%,0.5156,13,✓ Yes,completed
4,374,346,09-01,+7.0%,+3.11%,0.5156,13,✓ Yes,completed
4,374,350,09-01,+6.8%,+3.12%,0.5156,13,✓ Yes,completed
4,374,353,09-01,+6.5%,+3.15%,0.5157,13,✓ Yes,completed
4,374,357,09-01,+6.4%,+3.16%,0.5158,13,✓ Yes,completed
4,374,360,09-01,+6.3%,+3.15%,0.5158,13,✓ Yes,completed
4,374,363,09-01,+6.0%,+3.07%,0.5154,13,✓ Yes,completed
4,374,367,09-01,+6.0%,+3.04%,0.5152,13,✓ Yes,completed
4,374,370,09-01,+5.7%,+2.94%,0.5147,14,✓ Yes,completed
4,374,374,09-01,+5.4%,+2.89%,0.5144,16,✓ Yes,completed
4,377,319,09-01,+8.7%,+3.14%,0.5157,12,✓ Yes,completed
4,377,322,09-01,+7.9%,+3.14%,0.5157,12,✓ Yes,completed
4,377,326,09-01,+7.8%,+3.11%,0.5155,12,✓ Yes,completed
4,377,329,09-01,+7.7%,+3.09%,0.5155,12,✓ Yes,completed
4,377,333,09-01,+7.2%,+3.08%,0.5154,12,✓ Yes,completed
4,377,336,09-01,+7.0%,+3.08%,0.5154,12,✓ Yes,completed
4,377,340,09-01,+6.9%,+3.09%,0.5154,12,✓ Yes,completed
4,377,343,09-01,+6.7%,+3.11%,0.5156,12,✓ Yes,completed
4,377,346,09-01,+6.5%,+3.13%,0.5157,12,✓ Yes,completed
4,377,350,09-01,+6.3%,+3.14%,0.5157,12,✓ Yes,completed
4,377,353,09-01,+6.2%,+3.12%,0.5156,12,✓ Yes,completed
4,377,357,09-01,+6.0%,+3.07%,0.5153,12,✓ Yes,completed
4,377,360,09-01,+5.9%,+3.01%,0.5150,12,✓ Yes,completed
4,377,364,09-01,+5.8%,+2.95%,0.5148,12,✓ Yes,completed
4,377,367,09-01,+5.6%,+2.93%,0.5147,12,✓ Yes,completed
4,377,370,09-01,+5.3%,+2.87%,0.5144,13,✓ Yes,completed
4,377,374,09-01,+5.1%,+2.78%,0.5139,14,✓ Yes,completed
4,377,377,09-01,+4.8%,+2.70%,0.5135,14,✓ Yes,completed
4,381,319,09-01,+8.0%,+3.13%,0.5156,10,✓ Yes,completed
4,381,322,09-01,+7.4%,+3.04%,0.5152,10,✓ Yes,completed
4,381,326,09-01,+7.2%,+3.05%,0.5152,10,✓ Yes,completed
4,381,329,09-01,+7.2%,+3.04%,0.5152,10,✓ Yes,completed
4,381,333,09-01,+6.7%,+3.07%,0.5153,10,✓ Yes,completed
4,381,336,09-01,+6.5%,+3.10%,0.5155,10,✓ Yes,completed
4,381,340,09-01,+6.4%,+3.11%,0.5155,10,✓ Yes,completed
4,381,343,09-01,+6.2%,+3.11%,0.5156,10,✓ Yes,completed
4,381,346,09-01,+6.1%,+3.08%,0.5154,10,✓ Yes,completed
4,381,350,09-01,+6.0%,+3.01%,0.5151,10,✓ Yes,completed
4,381,353,09-01,+5.8%,+2.95%,0.5148,10,✓ Yes,completed
4,381,357,09-01,+5.7%,+2.93%,0.5147,10,✓ Yes,completed
4,381,360,09-01,+5.6%,+2.92%,0.5146,10,✓ Yes,completed
4,381,364,09-01,+5.4%,+2.89%,0.5144,10,✓ Yes,completed
4,381,367,09-01,+5.3%,+2.85%,0.5143,10,✓ Yes,completed
4,381,371,09-01,+5.0%,+2.75%,0.5138,11,✓ Yes,completed
4,381,374,09-01,+4.7%,+2.68%,0.5134,12,✓ Yes,completed
4,381,378,09-01,+4.5%,+2.64%,0.5132,12,✓ Yes,completed
4,381,381,09-01,+4.1%,+2.42%,0.5121,17,✓ Yes,completed
4,385,319,09-01,+6.8%,+2.94%,0.5147,8,✓ Yes,completed
4,385,322,09-01,+6.3%,+3.00%,0.5150,8,✓ Yes,completed
4,385,326,09-01,+6.1%,+2.97%,0.5149,8,✓ Yes,completed
4,385,329,09-01,+6.1%,+2.95%,0.5148,8,✓ Yes,completed
4,385,333,09-01,+5.6%,+2.84%,0.5142,8,✓ Yes,completed
4,385,336,09-01,+5.5%,+2.84%,0.5142,8,✓ Yes,completed
4,385,340,09-01,+5.4%,+2.82%,0.5141,8,✓ Yes,completed
4,385,343,09-01,+5.2%,+2.78%,0.5139,8,✓ Yes,completed
4,385,347,09-01,+5.1%,+2.76%,0.5138,8,✓ Yes,completed
4,385,350,09-01,+5.0%,+2.71%,0.5136,8,✓ Yes,completed
4,385,353,09-01,+4.9%,+2.70%,0.5135,8,✓ Yes,completed
4,385,357,09-01,+4.8%,+2.68%,0.5134,8,✓ Yes,completed
4,385,360,09-01,+4.7%,+2.67%,0.5133,8,✓ Yes,completed
4,385,364,09-01,+4.6%,+2.66%,0.5133,8,✓ Yes,completed
4,385,367,09-01,+4.5%,+2.64%,0.5132,8,✓ Yes,completed
4,385,371,09-01,+4.3%,+2.55%,0.5128,9,✓ Yes,completed
4,385,374,09-01,+4.0%,+2.39%,0.5120,10,✓ Yes,completed
4,385,378,09-01,+3.8%,+2.33%,0.5117,10,✓ Yes,completed
4,385,381,09-01,+3.4%,+2.14%,0.5107,12,✓ Yes,completed
4,385,385,09-01,+3.2%,+1.99%,0.5099,13,✓ Yes,completed
4,388,319,09-01,+5.8%,+2.79%,0.5139,7,✓ Yes,completed
4,388,322,09-01,+5.2%,+2.71%,0.5135,7,✓ Yes,completed
4,388,326,09-01,+5.1%,+2.68%,0.5134,7,✓ Yes,completed
4,388,329,09-01,+5.0%,+2.67%,0.5134,7,✓ Yes,completed
4,388,333,09-01,+4.9%,+2.66%,0.5133,7,✓ Yes,completed
4,388,336,09-01,+4.8%,+2.65%,0.5132,7,✓ Yes,completed
4,388,340,09-01,+4.8%,+2.64%,0.5132,7,✓ Yes,completed
4,388,343,09-01,+4.7%,+2.63%,0.5132,7,✓ Yes,completed
4,388,347,09-01,+4.6%,+2.63%,0.5132,7,✓ Yes,completed
4,388,350,09-01,+4.6%,+2.62%,0.5131,7,✓ Yes,completed
4,388,354,09-01,+4.5%,+2.61%,0.5131,7,✓ Yes,completed
4,388,357,09-01,+4.4%,+2.59%,0.5130,7,✓ Yes,completed
4,388,360,09-01,+4.3%,+2.56%,0.5128,7,✓ Yes,completed
4,388,364,09-01,+4.3%,+2.54%,0.5127,7,✓ Yes,completed
4,388,367,09-01,+4.2%,+2.51%,0.5125,7,✓ Yes,completed
4,388,371,09-01,+3.9%,+2.38%,0.5119,8,✓ Yes,completed
4,388,374,09-01,+3.6%,+2.27%,0.5114,9,✓ Yes,completed
4,388,378,09-01,+3.5%,+2.19%,0.5110,9,✓ Yes,completed
4,388,381,09-01,+3.1%,+1.98%,0.5099,10,✓ Yes,completed
4,388,385,09-01,+2.9%,+1.85%,0.5093,11,✓ Yes,completed
4,388,388,09-01,+2.4%,+1.50%,0.5075,16,✓ Yes,completed
4,356,319,09-04,+10.0%,+46.55%,0.7327,15,✗ No,budget_exceeded
4,356,323,09-04,+10.0%,+45.08%,0.7254,16,✗ No,budget_exceeded
4,356,326,09-04,+10.0%,+44.66%,0.7233,16,✗ No,budget_exceeded
4,356,330,09-04,+10.0%,+41.18%,0.7059,17,✗ No,budget_exceeded
4,356,334,09-04,+10.0%,+39.58%,0.6979,20,✗ No,budget_exceeded
4,356,337,09-04,+10.0%,+38.94%,0.6947,20,✗ No,budget_exceeded
4,356,341,09-04,+10.0%,+38.49%,0.6925,20,✗ No,budget_exceeded
4,356,345,09-04,+10.0%,+37.35%,0.6868,22,✗ No,budget_exceeded
4,356,348,09-04,+10.0%,+36.72%,0.6836,23,✗ No,budget_exceeded
4,356,352,09-04,+10.0%,+35.36%,0.6768,25,✗ No,budget_exceeded
4,356,356,09-04,+10.0%,+33.08%,0.6654,36,✗ No,budget_exceeded
4,359,319,09-04,+10.0%,+40.57%,0.7028,15,✗ No,budget_exceeded
4,359,323,09-04,+10.0%,+39.29%,0.6965,16,✗ No,budget_exceeded
4,359,326,09-04,+10.0%,+38.86%,0.6943,16,✗ No,budget_exceeded
4,359,330,09-04,+10.0%,+38.64%,0.6932,16,✗ No,budget_exceeded
4,359,334,09-04,+10.0%,+36.95%,0.6848,19,✗ No,budget_exceeded
4,359,337,09-04,+10.0%,+36.67%,0.6833,19,✗ No,budget_exceeded
4,359,341,09-04,+10.0%,+36.39%,0.6819,19,✗ No,budget_exceeded
4,359,345,09-04,+10.0%,+35.13%,0.6757,21,✗ No,budget_exceeded
4,359,348,09-04,+10.0%,+34.12%,0.6706,22,✗ No,budget_exceeded
4,359,352,09-04,+10.0%,+32.80%,0.6640,23,✗ No,budget_exceeded
4,359,356,09-04,+10.0%,+25.24%,0.6262,29,✗ No,budget_exceeded
4,359,359,09-04,+10.0%,+22.85%,0.6143,37,✗ No,budget_exceeded
4,363,319,09-04,+10.0%,+38.30%,0.6915,14,✗ No,budget_exceeded
4,363,322,09-04,+10.0%,+37.09%,0.6855,15,✗ No,budget_exceeded
4,363,326,09-04,+10.0%,+36.93%,0.6847,15,✗ No,budget_exceeded
4,363,329,09-04,+10.0%,+36.75%,0.6838,15,✗ No,budget_exceeded
4,363,332,09-04,+10.0%,+35.19%,0.6759,18,✗ No,budget_exceeded
4,363,336,09-04,+10.0%,+34.93%,0.6747,18,✗ No,budget_exceeded
4,363,339,09-04,+10.0%,+34.60%,0.6730,18,✗ No,budget_exceeded
4,363,343,09-04,+10.0%,+32.95%,0.6648,20,✗ No,budget_exceeded
4,363,346,09-04,+10.0%,+32.50%,0.6625,20,✗ No,budget_exceeded
4,363,349,09-04,+10.0%,+26.17%,0.6309,22,✗ No,budget_exceeded
4,363,353,09-04,+10.0%,+24.98%,0.6249,23,✗ No,budget_exceeded
4,363,356,09-04,+10.0%,+22.78%,0.6139,28,✗ No,budget_exceeded
4,363,360,09-04,+10.0%,+20.47%,0.6023,34,✗ No,budget_exceeded
4,363,363,09-04,+9.6%,+1.66%,0.5083,49,✓ Yes,completed
4,367,319,09-04,+10.0%,+36.10%,0.6805,13,✗ No,budget_exceeded
4,367,322,09-04,+10.0%,+34.90%,0.6745,14,✗ No,budget_exceeded
4,367,326,09-04,+10.0%,+34.72%,0.6736,14,✗ No,budget_exceeded
4,367,329,09-04,+10.0%,+34.56%,0.6728,14,✗ No,budget_exceeded
4,367,333,09-04,+10.0%,+31.95%,0.6598,17,✗ No,budget_exceeded
4,367,336,09-04,+10.0%,+31.74%,0.6587,17,✗ No,budget_exceeded
4,367,339,09-04,+10.0%,+22.46%,0.6123,21,✗ No,budget_exceeded
4,367,343,09-04,+10.0%,+20.65%,0.6032,23,✗ No,budget_exceeded
4,367,346,09-04,+10.0%,+5.31%,0.5266,24,✗ No,budget_exceeded
4,367,350,09-04,+10.0%,+5.03%,0.5251,24,✗ No,budget_exceeded
4,367,353,09-04,+9.9%,+1.90%,0.5095,24,✓ Yes,completed
4,367,356,09-04,+9.3%,+1.64%,0.5082,25,✓ Yes,completed
4,367,360,09-04,+8.9%,+1.56%,0.5078,26,✓ Yes,completed
4,367,363,09-04,+8.1%,+1.51%,0.5075,28,✓ Yes,completed
4,367,367,09-04,+7.5%,+1.20%,0.5060,34,✓ Yes,completed
4,370,319,09-04,+10.0%,+34.35%,0.6718,12,✗ No,budget_exceeded
4,370,322,09-04,+10.0%,+20.69%,0.6034,15,✗ No,budget_exceeded
4,370,326,09-04,+10.0%,+20.44%,0.6022,15,✗ No,budget_exceeded
4,370,329,09-04,+10.0%,+20.26%,0.6013,15,✗ No,budget_exceeded
4,370,333,09-04,+9.8%,+1.77%,0.5089,17,✓ Yes,completed
4,370,336,09-04,+9.5%,+1.66%,0.5083,17,✓ Yes,completed
4,370,339,09-04,+9.3%,+1.59%,0.5080,17,✓ Yes,completed
4,370,343,09-04,+9.0%,+1.56%,0.5078,17,✓ Yes,completed
4,370,346,09-04,+8.7%,+1.53%,0.5077,17,✓ Yes,completed
4,370,350,09-04,+8.5%,+1.53%,0.5076,17,✓ Yes,completed
4,370,353,09-04,+8.3%,+1.53%,0.5077,17,✓ Yes,completed
4,370,357,09-04,+7.7%,+1.34%,0.5067,18,✓ Yes,completed
4,370,360,09-04,+7.5%,+1.22%,0.5061,19,✓ Yes,completed
4,370,363,09-04,+6.9%,+1.11%,0.5055,21,✓ Yes,completed
4,370,367,09-04,+6.5%,+1.14%,0.5057,20,✓ Yes,completed
4,370,370,09-04,+6.0%,+1.13%,0.5056,22,✓ Yes,completed
4,374,319,09-04,+9.7%,+1.58%,0.5079,13,✓ Yes,completed
4,374,322,09-04,+8.6%,+1.39%,0.5069,13,✓ Yes,completed
4,374,326,09-04,+8.4%,+1.41%,0.5070,13,✓ Yes,completed
4,374,329,09-04,+8.2%,+1.42%,0.5071,13,✓ Yes,completed
4,374,333,09-04,+7.7%,+1.27%,0.5063,13,✓ Yes,completed
4,374,336,09-04,+7.6%,+1.19%,0.5060,13,✓ Yes,completed
4,374,339,09-04,+7.4%,+1.16%,0.5058,13,✓ Yes,completed
4,374,343,09-04,+7.2%,+1.12%,0.5056,13,✓ Yes,completed
4,374,346,09-04,+7.0%,+1.10%,0.5055,13,✓ Yes,completed
4,374,350,09-04,+6.8%,+1.11%,0.5056,13,✓ Yes,completed
4,374,353,09-04,+6.5%,+1.15%,0.5057,13,✓ Yes,completed
4,374,357,09-04,+6.4%,+1.17%,0.5058,13,✓ Yes,completed
4,374,360,09-04,+6.3%,+1.18%,0.5059,13,✓ Yes,completed
4,374,363,09-04,+6.0%,+1.16%,0.5058,13,✓ Yes,completed
4,374,367,09-04,+6.0%,+1.15%,0.5058,13,✓ Yes,completed
4,374,370,09-04,+5.7%,+1.13%,0.5056,14,✓ Yes,completed
4,374,374,09-04,+5.4%,+1.11%,0.5055,16,✓ Yes,completed
4,377,319,09-04,+8.7%,+1.34%,0.5067,12,✓ Yes,completed
4,377,322,09-04,+7.9%,+1.29%,0.5065,12,✓ Yes,completed
4,377,326,09-04,+7.8%,+1.23%,0.5062,12,✓ Yes,completed
4,377,329,09-04,+7.7%,+1.18%,0.5059,12,✓ Yes,completed
4,377,333,09-04,+7.2%,+1.08%,0.5054,12,✓ Yes,completed
4,377,336,09-04,+7.0%,+1.07%,0.5053,12,✓ Yes,completed
4,377,340,09-04,+6.9%,+1.07%,0.5054,12,✓ Yes,completed
4,377,343,09-04,+6.7%,+1.10%,0.5055,12,✓ Yes,completed
4,377,346,09-04,+6.5%,+1.14%,0.5057,12,✓ Yes,completed
4,377,350,09-04,+6.3%,+1.16%,0.5058,12,✓ Yes,completed
4,377,353,09-04,+6.2%,+1.16%,0.5058,12,✓ Yes,completed
4,377,357,09-04,+6.0%,+1.15%,0.5058,12,✓ Yes,completed
4,377,360,09-04,+5.9%,+1.14%,0.5057,12,✓ Yes,completed
4,377,364,09-04,+5.8%,+1.13%,0.5056,12,✓ Yes,completed
4,377,367,09-04,+5.6%,+1.13%,0.5056,12,✓ Yes,completed
4,377,370,09-04,+5.3%,+1.11%,0.5055,13,✓ Yes,completed
4,377,374,09-04,+5.1%,+1.07%,0.5054,14,✓ Yes,completed
4,377,377,09-04,+4.8%,+1.06%,0.5053,14,✓ Yes,completed
4,381,319,09-04,+8.0%,+1.31%,0.5065,10,✓ Yes,completed
4,381,322,09-04,+7.4%,+1.07%,0.5054,10,✓ Yes,completed
4,381,326,09-04,+7.2%,+1.05%,0.5053,10,✓ Yes,completed
4,381,329,09-04,+7.2%,+1.04%,0.5052,10,✓ Yes,completed
4,381,333,09-04,+6.7%,+1.06%,0.5053,10,✓ Yes,completed
4,381,336,09-04,+6.5%,+1.10%,0.5055,10,✓ Yes,completed
4,381,340,09-04,+6.4%,+1.12%,0.5056,10,✓ Yes,completed
4,381,343,09-04,+6.2%,+1.14%,0.5057,10,✓ Yes,completed
4,381,346,09-04,+6.1%,+1.14%,0.5057,10,✓ Yes,completed
4,381,350,09-04,+6.0%,+1.13%,0.5056,10,✓ Yes,completed
4,381,353,09-04,+5.8%,+1.12%,0.5056,10,✓ Yes,completed
4,381,357,09-04,+5.7%,+1.12%,0.5056,10,✓ Yes,completed
4,381,360,09-04,+5.6%,+1.12%,0.5056,10,✓ Yes,completed
4,381,364,09-04,+5.4%,+1.12%,0.5056,10,✓ Yes,completed
4,381,367,09-04,+5.3%,+1.10%,0.5055,10,✓ Yes,completed
4,381,371,09-04,+5.0%,+1.07%,0.5054,11,✓ Yes,completed
4,381,374,09-04,+4.7%,+1.06%,0.5053,12,✓ Yes,completed
4,381,378,09-04,+4.5%,+1.05%,0.5053,12,✓ Yes,completed
4,381,381,09-04,+4.1%,+0.93%,0.5047,17,✓ Yes,completed
4,385,319,09-04,+6.8%,+0.93%,0.5046,8,✓ Yes,completed
4,385,322,09-04,+6.3%,+1.03%,0.5051,8,✓ Yes,completed
4,385,326,09-04,+6.1%,+1.03%,0.5052,8,✓ Yes,completed
4,385,329,09-04,+6.1%,+1.03%,0.5052,8,✓ Yes,completed
4,385,333,09-04,+5.6%,+1.03%,0.5052,8,✓ Yes,completed
4,385,336,09-04,+5.5%,+1.05%,0.5052,8,✓ Yes,completed
4,385,340,09-04,+5.4%,+1.05%,0.5052,8,✓ Yes,completed
4,385,343,09-04,+5.2%,+1.04%,0.5052,8,✓ Yes,completed
4,385,347,09-04,+5.1%,+1.04%,0.5052,8,✓ Yes,completed
4,385,350,09-04,+5.0%,+1.04%,0.5052,8,✓ Yes,completed
4,385,353,09-04,+4.9%,+1.05%,0.5052,8,✓ Yes,completed
4,385,357,09-04,+4.8%,+1.05%,0.5053,8,✓ Yes,completed
4,385,360,09-04,+4.7%,+1.05%,0.5053,8,✓ Yes,completed
4,385,364,09-04,+4.6%,+1.05%,0.5053,8,✓ Yes,completed
4,385,367,09-04,+4.5%,+1.05%,0.5053,8,✓ Yes,completed
4,385,371,09-04,+4.3%,+1.02%,0.5051,9,✓ Yes,completed
4,385,374,09-04,+4.0%,+0.93%,0.5046,10,✓ Yes,completed
4,385,378,09-04,+3.8%,+0.90%,0.5045,10,✓ Yes,completed
4,385,381,09-04,+3.4%,+0.79%,0.5040,12,✓ Yes,completed
4,385,385,09-04,+3.2%,+0.71%,0.5036,13,✓ Yes,completed
4,388,319,09-04,+5.8%,+0.96%,0.5048,7,✓ Yes,completed
4,388,322,09-04,+5.2%,+0.98%,0.5049,7,✓ Yes,completed
4,388,326,09-04,+5.1%,+0.98%,0.5049,7,✓ Yes,completed
4,388,329,09-04,+5.0%,+0.99%,0.5049,7,✓ Yes,completed
4,388,333,09-04,+4.9%,+1.00%,0.5050,7,✓ Yes,completed
4,388,336,09-04,+4.8%,+1.01%,0.5051,7,✓ Yes,completed
4,388,340,09-04,+4.8%,+1.02%,0.5051,7,✓ Yes,completed
4,388,343,09-04,+4.7%,+1.02%,0.5051,7,✓ Yes,completed
4,388,347,09-04,+4.6%,+1.02%,0.5051,7,✓ Yes,completed
4,388,350,09-04,+4.6%,+1.03%,0.5051,7,✓ Yes,completed
4,388,354,09-04,+4.5%,+1.03%,0.5052,7,✓ Yes,completed
4,388,357,09-04,+4.4%,+1.03%,0.5052,7,✓ Yes,completed
4,388,360,09-04,+4.3%,+1.02%,0.5051,7,✓ Yes,completed
4,388,364,09-04,+4.3%,+1.01%,0.5051,7,✓ Yes,completed
4,388,367,09-04,+4.2%,+0.99%,0.5050,7,✓ Yes,completed
4,388,371,09-04,+3.9%,+0.92%,0.5046,8,✓ Yes,completed
4,388,374,09-04,+3.6%,+0.87%,0.5044,9,✓ Yes,completed
4,388,378,09-04,+3.5%,+0.83%,0.5041,9,✓ Yes,completed
4,388,381,09-04,+3.1%,+0.72%,0.5036,10,✓ Yes,completed
4,388,385,09-04,+2.9%,+0.69%,0.5035,11,✓ Yes,completed
4,388,388,09-04,+2.4%,+0.57%,0.5028,16,✓ Yes,completed
4,356,319,09-07,+10.0%,+50.10%,0.7505,14,✗ No,budget_exceeded
4,356,323,09-07,+10.0%,+46.22%,0.7311,15,✗ No,budget_exceeded
4,356,326,09-07,+10.0%,+46.11%,0.7305,15,✗ No,budget_exceeded
4,356,330,09-07,+10.0%,+45.32%,0.7266,16,✗ No,budget_exceeded
4,356,334,09-07,+10.0%,+44.33%,0.7217,18,✗ No,budget_exceeded
4,356,337,09-07,+10.0%,+43.25%,0.7163,19,✗ No,budget_exceeded
4,356,341,09-07,+10.0%,+42.95%,0.7147,19,✗ No,budget_exceeded
4,356,345,09-07,+10.0%,+42.37%,0.7119,20,✗ No,budget_exceeded
4,356,348,09-07,+10.0%,+41.77%,0.7088,21,✗ No,budget_exceeded
4,356,352,09-07,+10.0%,+40.46%,0.7023,23,✗ No,budget_exceeded
4,356,356,09-07,+10.0%,+38.30%,0.6915,31,✗ No,budget_exceeded
4,359,319,09-07,+10.0%,+44.79%,0.7240,15,✗ No,budget_exceeded
4,359,323,09-07,+10.0%,+44.09%,0.7204,15,✗ No,budget_exceeded
4,359,326,09-07,+10.0%,+43.95%,0.7198,15,✗ No,budget_exceeded
4,359,330,09-07,+10.0%,+43.24%,0.7162,16,✗ No,budget_exceeded
4,359,334,09-07,+10.0%,+42.14%,0.7107,18,✗ No,budget_exceeded
4,359,337,09-07,+10.0%,+41.89%,0.7094,18,✗ No,budget_exceeded
4,359,341,09-07,+10.0%,+41.03%,0.7051,19,✗ No,budget_exceeded
4,359,345,09-07,+10.0%,+40.38%,0.7019,20,✗ No,budget_exceeded
4,359,348,09-07,+10.0%,+38.59%,0.6930,22,✗ No,budget_exceeded
4,359,352,09-07,+10.0%,+37.62%,0.6881,23,✗ No,budget_exceeded
4,359,356,09-07,+10.0%,+30.76%,0.6538,27,✗ No,budget_exceeded
4,359,359,09-07,+10.0%,+28.44%,0.6422,35,✗ No,budget_exceeded
4,363,319,09-07,+10.0%,+43.92%,0.7196,14,✗ No,budget_exceeded
4,363,322,09-07,+10.0%,+42.72%,0.7136,15,✗ No,budget_exceeded
4,363,326,09-07,+10.0%,+42.56%,0.7128,15,✗ No,budget_exceeded
4,363,329,09-07,+10.0%,+42.38%,0.7119,15,✗ No,budget_exceeded
4,363,332,09-07,+10.0%,+40.82%,0.7041,18,✗ No,budget_exceeded
4,363,336,09-07,+10.0%,+40.57%,0.7028,18,✗ No,budget_exceeded
4,363,339,09-07,+10.0%,+40.24%,0.7012,18,✗ No,budget_exceeded
4,363,343,09-07,+10.0%,+38.60%,0.6930,20,✗ No,budget_exceeded
4,363,346,09-07,+10.0%,+38.15%,0.6908,20,✗ No,budget_exceeded
4,363,349,09-07,+10.0%,+31.86%,0.6593,22,✗ No,budget_exceeded
4,363,353,09-07,+10.0%,+30.67%,0.6534,23,✗ No,budget_exceeded
4,363,356,09-07,+10.0%,+28.48%,0.6424,28,✗ No,budget_exceeded
4,363,360,09-07,+10.0%,+26.18%,0.6309,34,✗ No,budget_exceeded
4,363,363,09-07,+9.6%,+2.23%,0.5111,49,✓ Yes,completed
4,367,319,09-07,+10.0%,+41.73%,0.7087,13,✗ No,budget_exceeded
4,367,322,09-07,+10.0%,+40.54%,0.7027,14,✗ No,budget_exceeded
4,367,326,09-07,+10.0%,+40.36%,0.7018,14,✗ No,budget_exceeded
4,367,329,09-07,+10.0%,+40.20%,0.7010,14,✗ No,budget_exceeded
4,367,333,09-07,+10.0%,+37.61%,0.6880,17,✗ No,budget_exceeded
4,367,336,09-07,+10.0%,+37.40%,0.6870,17,✗ No,budget_exceeded
4,367,339,09-07,+10.0%,+28.17%,0.6408,21,✗ No,budget_exceeded
4,367,343,09-07,+10.0%,+26.36%,0.6318,23,✗ No,budget_exceeded
4,367,346,09-07,+10.0%,+11.11%,0.5555,24,✗ No,budget_exceeded
4,367,350,09-07,+10.0%,+10.82%,0.5541,24,✗ No,budget_exceeded
4,367,353,09-07,+9.9%,+2.43%,0.5121,24,✓ Yes,completed
4,367,356,09-07,+9.3%,+2.26%,0.5113,25,✓ Yes,completed
4,367,360,09-07,+8.9%,+2.19%,0.5110,26,✓ Yes,completed
4,367,363,09-07,+8.1%,+2.18%,0.5109,28,✓ Yes,completed
4,367,367,09-07,+7.5%,+1.90%,0.5095,34,✓ Yes,completed
4,370,319,09-07,+10.0%,+40.00%,0.7000,12,✗ No,budget_exceeded
4,370,322,09-07,+10.0%,+26.40%,0.6320,15,✗ No,budget_exceeded
4,370,326,09-07,+10.0%,+26.15%,0.6308,15,✗ No,budget_exceeded
4,370,329,09-07,+10.0%,+25.97%,0.6299,15,✗ No,budget_exceeded
4,370,333,09-07,+9.8%,+2.31%,0.5116,17,✓ Yes,completed
4,370,336,09-07,+9.5%,+2.23%,0.5112,17,✓ Yes,completed
4,370,339,09-07,+9.3%,+2.21%,0.5111,17,✓ Yes,completed
4,370,343,09-07,+9.0%,+2.19%,0.5110,17,✓ Yes,completed
4,370,346,09-07,+8.7%,+2.15%,0.5108,17,✓ Yes,completed
4,370,350,09-07,+8.5%,+2.16%,0.5108,17,✓ Yes,completed
4,370,353,09-07,+8.3%,+2.19%,0.5110,17,✓ Yes,completed
4,370,357,09-07,+7.7%,+2.02%,0.5101,18,✓ Yes,completed
4,370,360,09-07,+7.5%,+1.93%,0.5097,19,✓ Yes,completed
4,370,363,09-07,+6.9%,+1.76%,0.5088,21,✓ Yes,completed
4,370,367,09-07,+6.6%,+1.77%,0.5088,21,✓ Yes,completed
4,370,370,09-07,+6.1%,+1.68%,0.5084,24,✓ Yes,completed
4,374,319,09-07,+9.7%,+2.12%,0.5106,13,✓ Yes,completed
4,374,322,09-07,+8.6%,+2.02%,0.5101,13,✓ Yes,completed
4,374,326,09-07,+8.4%,+2.06%,0.5103,13,✓ Yes,completed
4,374,329,09-07,+8.2%,+2.09%,0.5104,13,✓ Yes,completed
4,374,333,09-07,+7.7%,+1.95%,0.5097,13,✓ Yes,completed
4,374,336,09-07,+7.6%,+1.89%,0.5095,13,✓ Yes,completed
4,374,339,09-07,+7.4%,+1.88%,0.5094,13,✓ Yes,completed
4,374,343,09-07,+7.2%,+1.83%,0.5091,13,✓ Yes,completed
4,374,346,09-07,+7.0%,+1.76%,0.5088,13,✓ Yes,completed
4,374,350,09-07,+6.8%,+1.75%,0.5088,13,✓ Yes,completed
4,374,353,09-07,+6.5%,+1.78%,0.5089,13,✓ Yes,completed
4,374,357,09-07,+6.4%,+1.79%,0.5090,13,✓ Yes,completed
4,374,360,09-07,+6.3%,+1.78%,0.5089,13,✓ Yes,completed
4,374,363,09-07,+6.0%,+1.70%,0.5085,13,✓ Yes,completed
4,374,367,09-07,+6.0%,+1.66%,0.5083,13,✓ Yes,completed
4,374,370,09-07,+5.7%,+1.54%,0.5077,14,✓ Yes,completed
4,374,374,09-07,+5.4%,+1.46%,0.5073,16,✓ Yes,completed
4,377,319,09-07,+8.7%,+1.96%,0.5098,12,✓ Yes,completed
4,377,322,09-07,+7.9%,+1.97%,0.5099,12,✓ Yes,completed
4,377,326,09-07,+7.8%,+1.91%,0.5096,12,✓ Yes,completed
4,377,329,09-07,+7.7%,+1.87%,0.5094,12,✓ Yes,completed
4,377,333,09-07,+7.2%,+1.79%,0.5089,12,✓ Yes,completed
4,377,336,09-07,+7.0%,+1.74%,0.5087,12,✓ Yes,completed
4,377,340,09-07,+6.9%,+1.72%,0.5086,12,✓ Yes,completed
4,377,343,09-07,+6.7%,+1.74%,0.5087,12,✓ Yes,completed
4,377,346,09-07,+6.5%,+1.77%,0.5088,12,✓ Yes,completed
4,377,350,09-07,+6.3%,+1.78%,0.5089,12,✓ Yes,completed
4,377,353,09-07,+6.2%,+1.74%,0.5087,12,✓ Yes,completed
4,377,357,09-07,+6.0%,+1.69%,0.5085,12,✓ Yes,completed
4,377,360,09-07,+5.9%,+1.62%,0.5081,12,✓ Yes,completed
4,377,364,09-07,+5.8%,+1.56%,0.5078,12,✓ Yes,completed
4,377,367,09-07,+5.6%,+1.53%,0.5077,12,✓ Yes,completed
4,377,370,09-07,+5.3%,+1.43%,0.5072,13,✓ Yes,completed
4,377,374,09-07,+5.1%,+1.31%,0.5066,14,✓ Yes,completed
4,377,377,09-07,+4.8%,+1.24%,0.5062,14,✓ Yes,completed
4,381,319,09-07,+8.0%,+1.98%,0.5099,10,✓ Yes,completed
4,381,322,09-07,+7.4%,+1.79%,0.5090,10,✓ Yes,completed
4,381,326,09-07,+7.2%,+1.77%,0.5089,10,✓ Yes,completed
4,381,329,09-07,+7.2%,+1.74%,0.5087,10,✓ Yes,completed
4,381,333,09-07,+6.7%,+1.70%,0.5085,10,✓ Yes,completed
4,381,336,09-07,+6.5%,+1.73%,0.5086,10,✓ Yes,completed
4,381,340,09-07,+6.4%,+1.74%,0.5087,10,✓ Yes,completed
4,381,343,09-07,+6.2%,+1.74%,0.5087,10,✓ Yes,completed
4,381,346,09-07,+6.1%,+1.70%,0.5085,10,✓ Yes,completed
4,381,350,09-07,+6.0%,+1.63%,0.5082,10,✓ Yes,completed
4,381,353,09-07,+5.8%,+1.56%,0.5078,10,✓ Yes,completed
4,381,357,09-07,+5.7%,+1.54%,0.5077,10,✓ Yes,completed
4,381,360,09-07,+5.6%,+1.52%,0.5076,10,✓ Yes,completed
4,381,364,09-07,+5.4%,+1.46%,0.5073,10,✓ Yes,completed
4,381,367,09-07,+5.3%,+1.41%,0.5070,10,✓ Yes,completed
4,381,371,09-07,+5.0%,+1.28%,0.5064,11,✓ Yes,completed
4,381,374,09-07,+4.7%,+1.22%,0.5061,12,✓ Yes,completed
4,381,378,09-07,+4.5%,+1.19%,0.5060,12,✓ Yes,completed
4,381,381,09-07,+4.1%,+0.97%,0.5048,17,✓ Yes,completed
4,385,319,09-07,+6.8%,+1.57%,0.5079,8,✓ Yes,completed
4,385,322,09-07,+6.3%,+1.63%,0.5082,8,✓ Yes,completed
4,385,326,09-07,+6.1%,+1.60%,0.5080,8,✓ Yes,completed
4,385,329,09-07,+6.1%,+1.58%,0.5079,8,✓ Yes,completed
4,385,333,09-07,+5.6%,+1.44%,0.5072,8,✓ Yes,completed
4,385,336,09-07,+5.5%,+1.43%,0.5071,8,✓ Yes,completed
4,385,340,09-07,+5.4%,+1.39%,0.5070,8,✓ Yes,completed
4,385,343,09-07,+5.2%,+1.33%,0.5066,8,✓ Yes,completed
4,385,347,09-07,+5.1%,+1.29%,0.5064,8,✓ Yes,completed
4,385,350,09-07,+5.0%,+1.24%,0.5062,8,✓ Yes,completed
4,385,353,09-07,+4.9%,+1.23%,0.5062,8,✓ Yes,completed
4,385,357,09-07,+4.8%,+1.22%,0.5061,8,✓ Yes,completed
4,385,360,09-07,+4.7%,+1.21%,0.5060,8,✓ Yes,completed
4,385,364,09-07,+4.6%,+1.20%,0.5060,8,✓ Yes,completed
4,385,367,09-07,+4.5%,+1.20%,0.5060,8,✓ Yes,completed
4,385,371,09-07,+4.3%,+1.11%,0.5056,9,✓ Yes,completed
4,385,374,09-07,+4.0%,+0.93%,0.5047,10,✓ Yes,completed
4,385,378,09-07,+3.8%,+0.87%,0.5044,10,✓ Yes,completed
4,385,381,09-07,+3.4%,+0.76%,0.5038,12,✓ Yes,completed
4,385,385,09-07,+3.2%,+0.71%,0.5035,13,✓ Yes,completed
4,388,319,09-07,+5.8%,+1.40%,0.5070,7,✓ Yes,completed
4,388,322,09-07,+5.2%,+1.25%,0.5062,7,✓ Yes,completed
4,388,326,09-07,+5.1%,+1.20%,0.5060,7,✓ Yes,completed
4,388,329,09-07,+5.0%,+1.20%,0.5060,7,✓ Yes,completed
4,388,333,09-07,+4.9%,+1.19%,0.5059,7,✓ Yes,completed
4,388,336,09-07,+4.8%,+1.19%,0.5059,7,✓ Yes,completed
4,388,340,09-07,+4.8%,+1.18%,0.5059,7,✓ Yes,completed
4,388,343,09-07,+4.7%,+1.18%,0.5059,7,✓ Yes,completed
4,388,347,09-07,+4.6%,+1.18%,0.5059,7,✓ Yes,completed
4,388,350,09-07,+4.6%,+1.17%,0.5059,7,✓ Yes,completed
4,388,354,09-07,+4.5%,+1.17%,0.5058,7,✓ Yes,completed
4,388,357,09-07,+4.4%,+1.16%,0.5058,7,✓ Yes,completed
4,388,360,09-07,+4.3%,+1.12%,0.5056,7,✓ Yes,completed
4,388,364,09-07,+4.3%,+1.11%,0.5055,7,✓ Yes,completed
4,388,367,09-07,+4.2%,+1.07%,0.5053,7,✓ Yes,completed
4,388,371,09-07,+3.9%,+0.92%,0.5046,8,✓ Yes,completed
4,388,374,09-07,+3.6%,+0.83%,0.5041,9,✓ Yes,completed
4,388,378,09-07,+3.5%,+0.79%,0.5040,9,✓ Yes,completed
4,388,381,09-07,+3.1%,+0.71%,0.5036,10,✓ Yes,completed
4,388,385,09-07,+2.9%,+0.68%,0.5034,11,✓ Yes,completed
4,388,388,09-07,+2.4%,+0.51%,0.5025,16,✓ Yes,completed
4,356,319,09-08,+10.0%,+51.97%,0.7598,14,✗ No,budget_exceeded
4,356,323,09-08,+10.0%,+48.11%,0.7405,15,✗ No,budget_exceeded
4,356,326,09-08,+10.0%,+47.99%,0.7400,15,✗ No,budget_exceeded
4,356,330,09-08,+10.0%,+47.21%,0.7360,16,✗ No,budget_exceeded
4,356,334,09-08,+10.0%,+46.22%,0.7311,18,✗ No,budget_exceeded
4,356,337,09-08,+10.0%,+45.15%,0.7258,19,✗ No,budget_exceeded
4,356,341,09-08,+10.0%,+44.85%,0.7242,19,✗ No,budget_exceeded
4,356,345,09-08,+10.0%,+44.27%,0.7214,20,✗ No,budget_exceeded
4,356,348,09-08,+10.0%,+43.67%,0.7184,21,✗ No,budget_exceeded
4,356,352,09-08,+10.0%,+42.37%,0.7119,23,✗ No,budget_exceeded
4,356,356,09-08,+10.0%,+40.22%,0.7011,31,✗ No,budget_exceeded
4,359,319,09-08,+10.0%,+46.68%,0.7334,15,✗ No,budget_exceeded
4,359,323,09-08,+10.0%,+45.98%,0.7299,15,✗ No,budget_exceeded
4,359,326,09-08,+10.0%,+45.85%,0.7292,15,✗ No,budget_exceeded
4,359,330,09-08,+10.0%,+45.13%,0.7257,16,✗ No,budget_exceeded
4,359,334,09-08,+10.0%,+44.05%,0.7202,18,✗ No,budget_exceeded
4,359,337,09-08,+10.0%,+43.79%,0.7190,18,✗ No,budget_exceeded
4,359,341,09-08,+10.0%,+42.94%,0.7147,19,✗ No,budget_exceeded
4,359,345,09-08,+10.0%,+42.29%,0.7115,20,✗ No,budget_exceeded
4,359,348,09-08,+10.0%,+40.51%,0.7026,22,✗ No,budget_exceeded
4,359,352,09-08,+10.0%,+39.54%,0.6977,23,✗ No,budget_exceeded
4,359,356,09-08,+10.0%,+32.72%,0.6636,27,✗ No,budget_exceeded
4,359,359,09-08,+10.0%,+30.40%,0.6520,35,✗ No,budget_exceeded
4,363,319,09-08,+10.0%,+45.81%,0.7291,14,✗ No,budget_exceeded
4,363,322,09-08,+10.0%,+44.62%,0.7231,15,✗ No,budget_exceeded
4,363,326,09-08,+10.0%,+44.47%,0.7223,15,✗ No,budget_exceeded
4,363,329,09-08,+10.0%,+44.28%,0.7214,15,✗ No,budget_exceeded
4,363,332,09-08,+10.0%,+42.73%,0.7137,18,✗ No,budget_exceeded
4,363,336,09-08,+10.0%,+42.48%,0.7124,18,✗ No,budget_exceeded
4,363,339,09-08,+10.0%,+42.16%,0.7108,18,✗ No,budget_exceeded
4,363,343,09-08,+10.0%,+40.52%,0.7026,20,✗ No,budget_exceeded
4,363,346,09-08,+10.0%,+40.08%,0.7004,20,✗ No,budget_exceeded
4,363,349,09-08,+10.0%,+33.81%,0.6690,22,✗ No,budget_exceeded
4,363,353,09-08,+10.0%,+32.63%,0.6631,23,✗ No,budget_exceeded
4,363,356,09-08,+10.0%,+30.45%,0.6523,28,✗ No,budget_exceeded
4,363,360,09-08,+10.0%,+28.16%,0.6408,34,✗ No,budget_exceeded
4,363,363,09-08,+10.0%,+3.84%,0.5192,50,✗ No,budget_exceeded
4,367,319,09-08,+10.0%,+43.64%,0.7182,13,✗ No,budget_exceeded
4,367,322,09-08,+10.0%,+42.45%,0.7123,14,✗ No,budget_exceeded
4,367,326,09-08,+10.0%,+42.27%,0.7114,14,✗ No,budget_exceeded
4,367,329,09-08,+10.0%,+42.12%,0.7106,14,✗ No,budget_exceeded
4,367,333,09-08,+10.0%,+39.53%,0.6977,17,✗ No,budget_exceeded
4,367,336,09-08,+10.0%,+39.33%,0.6966,17,✗ No,budget_exceeded
4,367,339,09-08,+10.0%,+30.14%,0.6507,21,✗ No,budget_exceeded
4,367,343,09-08,+10.0%,+28.34%,0.6417,23,✗ No,budget_exceeded
4,367,346,09-08,+10.0%,+13.16%,0.5658,24,✗ No,budget_exceeded
4,367,350,09-08,+10.0%,+12.87%,0.5644,24,✗ No,budget_exceeded
4,367,353,09-08,+10.0%,+4.33%,0.5216,25,✗ No,budget_exceeded
4,367,356,09-08,+9.9%,+2.38%,0.5119,27,✓ Yes,completed
4,367,360,09-08,+9.5%,+2.28%,0.5114,28,✓ Yes,completed
4,367,363,09-08,+8.1%,+2.37%,0.5118,28,✓ Yes,completed
4,367,367,09-08,+7.5%,+2.15%,0.5108,34,✓ Yes,completed
4,370,319,09-08,+10.0%,+41.91%,0.7095,12,✗ No,budget_exceeded
4,370,322,09-08,+10.0%,+28.38%,0.6419,15,✗ No,budget_exceeded
4,370,326,09-08,+10.0%,+28.13%,0.6407,15,✗ No,budget_exceeded
4,370,329,09-08,+10.0%,+27.95%,0.6398,15,✗ No,budget_exceeded
4,370,333,09-08,+10.0%,+4.10%,0.5205,18,✗ No,budget_exceeded
4,370,336,09-08,+10.0%,+3.80%,0.5190,18,✗ No,budget_exceeded
4,370,339,09-08,+10.0%,+2.33%,0.5117,19,✓ Yes,completed
4,370,343,09-08,+9.7%,+2.29%,0.5115,19,✓ Yes,completed
4,370,346,09-08,+9.4%,+2.26%,0.5113,19,✓ Yes,completed
4,370,350,09-08,+9.1%,+2.30%,0.5115,18,✓ Yes,completed
4,370,353,09-08,+8.8%,+2.30%,0.5115,18,✓ Yes,completed
4,370,357,09-08,+7.7%,+2.25%,0.5112,18,✓ Yes,completed
4,370,360,09-08,+7.5%,+2.19%,0.5109,19,✓ Yes,completed
4,370,363,09-08,+6.9%,+2.08%,0.5104,21,✓ Yes,completed
4,370,367,09-08,+6.6%,+2.09%,0.5105,21,✓ Yes,completed
4,370,370,09-08,+6.1%,+2.00%,0.5100,24,✓ Yes,completed
4,374,319,09-08,+10.0%,+3.86%,0.5193,14,✗ No,budget_exceeded
4,374,322,09-08,+9.8%,+2.17%,0.5109,14,✓ Yes,completed
4,374,326,09-08,+9.0%,+2.17%,0.5109,14,✓ Yes,completed
4,374,329,09-08,+8.8%,+2.19%,0.5110,14,✓ Yes,completed
4,374,333,09-08,+7.7%,+2.17%,0.5109,13,✓ Yes,completed
4,374,336,09-08,+7.6%,+2.14%,0.5107,13,✓ Yes,completed
4,374,339,09-08,+7.4%,+2.14%,0.5107,13,✓ Yes,completed
4,374,343,09-08,+7.2%,+2.12%,0.5106,13,✓ Yes,completed
4,374,346,09-08,+7.0%,+2.09%,0.5104,13,✓ Yes,completed
4,374,350,09-08,+6.8%,+2.08%,0.5104,13,✓ Yes,completed
4,374,353,09-08,+6.5%,+2.11%,0.5105,13,✓ Yes,completed
4,374,357,09-08,+6.4%,+2.12%,0.5106,13,✓ Yes,completed
4,374,360,09-08,+6.3%,+2.12%,0.5106,13,✓ Yes,completed
4,374,363,09-08,+6.0%,+2.02%,0.5101,13,✓ Yes,completed
4,374,367,09-08,+6.0%,+1.98%,0.5099,13,✓ Yes,completed
4,374,370,09-08,+5.7%,+1.86%,0.5093,14,✓ Yes,completed
4,374,374,09-08,+5.4%,+1.80%,0.5090,16,✓ Yes,completed
4,377,319,09-08,+9.9%,+2.13%,0.5107,13,✓ Yes,completed
4,377,322,09-08,+7.9%,+2.19%,0.5109,12,✓ Yes,completed
4,377,326,09-08,+7.8%,+2.14%,0.5107,12,✓ Yes,completed
4,377,329,09-08,+7.7%,+2.11%,0.5106,12,✓ Yes,completed
4,377,333,09-08,+7.2%,+2.08%,0.5104,12,✓ Yes,completed
4,377,336,09-08,+7.0%,+2.06%,0.5103,12,✓ Yes,completed
4,377,340,09-08,+6.9%,+2.05%,0.5102,12,✓ Yes,completed
4,377,343,09-08,+6.7%,+2.07%,0.5103,12,✓ Yes,completed
4,377,346,09-08,+6.5%,+2.09%,0.5105,12,✓ Yes,completed
4,377,350,09-08,+6.3%,+2.11%,0.5105,12,✓ Yes,completed
4,377,353,09-08,+6.2%,+2.07%,0.5103,12,✓ Yes,completed
4,377,357,09-08,+6.0%,+2.01%,0.5101,12,✓ Yes,completed
4,377,360,09-08,+5.9%,+1.94%,0.5097,12,✓ Yes,completed
4,377,364,09-08,+5.8%,+1.88%,0.5094,12,✓ Yes,completed
4,377,367,09-08,+5.6%,+1.85%,0.5093,12,✓ Yes,completed
4,377,370,09-08,+5.3%,+1.77%,0.5089,13,✓ Yes,completed
4,377,374,09-08,+5.1%,+1.68%,0.5084,14,✓ Yes,completed
4,377,377,09-08,+4.8%,+1.66%,0.5083,14,✓ Yes,completed
4,381,319,09-08,+8.0%,+2.18%,0.5109,10,✓ Yes,completed
4,381,322,09-08,+7.4%,+2.05%,0.5103,10,✓ Yes,completed
4,381,326,09-08,+7.2%,+2.05%,0.5103,10,✓ Yes,completed
4,381,329,09-08,+7.2%,+2.04%,0.5102,10,✓ Yes,completed
4,381,333,09-08,+6.7%,+2.02%,0.5101,10,✓ Yes,completed
4,381,336,09-08,+6.5%,+2.05%,0.5103,10,✓ Yes,completed
4,381,340,09-08,+6.4%,+2.07%,0.5104,10,✓ Yes,completed
4,381,343,09-08,+6.2%,+2.07%,0.5104,10,✓ Yes,completed
4,381,346,09-08,+6.1%,+2.03%,0.5101,10,✓ Yes,completed
4,381,350,09-08,+6.0%,+1.95%,0.5098,10,✓ Yes,completed
4,381,353,09-08,+5.8%,+1.88%,0.5094,10,✓ Yes,completed
4,381,357,09-08,+5.7%,+1.86%,0.5093,10,✓ Yes,completed
4,381,360,09-08,+5.6%,+1.84%,0.5092,10,✓ Yes,completed
4,381,364,09-08,+5.4%,+1.80%,0.5090,10,✓ Yes,completed
4,381,367,09-08,+5.3%,+1.75%,0.5088,10,✓ Yes,completed
4,381,371,09-08,+5.0%,+1.66%,0.5083,11,✓ Yes,completed
4,381,374,09-08,+4.7%,+1.67%,0.5083,12,✓ Yes,completed
4,381,378,09-08,+4.5%,+1.67%,0.5083,12,✓ Yes,completed
4,381,381,09-08,+4.1%,+1.46%,0.5073,17,✓ Yes,completed
4,385,319,09-08,+6.8%,+1.90%,0.5095,8,✓ Yes,completed
4,385,322,09-08,+6.3%,+1.97%,0.5098,8,✓ Yes,completed
4,385,326,09-08,+6.1%,+1.92%,0.5096,8,✓ Yes,completed
4,385,329,09-08,+6.1%,+1.90%,0.5095,8,✓ Yes,completed
4,385,333,09-08,+5.6%,+1.76%,0.5088,8,✓ Yes,completed
4,385,336,09-08,+5.5%,+1.76%,0.5088,8,✓ Yes,completed
4,385,340,09-08,+5.4%,+1.73%,0.5087,8,✓ Yes,completed
4,385,343,09-08,+5.2%,+1.68%,0.5084,8,✓ Yes,completed
4,385,347,09-08,+5.1%,+1.65%,0.5083,8,✓ Yes,completed
4,385,350,09-08,+5.0%,+1.64%,0.5082,8,✓ Yes,completed
4,385,353,09-08,+4.9%,+1.64%,0.5082,8,✓ Yes,completed
4,385,357,09-08,+4.8%,+1.65%,0.5083,8,✓ Yes,completed
4,385,360,09-08,+4.7%,+1.66%,0.5083,8,✓ Yes,completed
4,385,364,09-08,+4.6%,+1.67%,0.5083,8,✓ Yes,completed
4,385,367,09-08,+4.5%,+1.67%,0.5083,8,✓ Yes,completed
4,385,371,09-08,+4.3%,+1.60%,0.5080,9,✓ Yes,completed
4,385,374,09-08,+4.0%,+1.44%,0.5072,10,✓ Yes,completed
4,385,378,09-08,+3.8%,+1.39%,0.5069,10,✓ Yes,completed
4,385,381,09-08,+3.4%,+1.23%,0.5061,12,✓ Yes,completed
4,385,385,09-08,+3.2%,+1.10%,0.5055,13,✓ Yes,completed
4,388,319,09-08,+5.8%,+1.71%,0.5086,7,✓ Yes,completed
4,388,322,09-08,+5.2%,+1.60%,0.5080,7,✓ Yes,completed
4,388,326,09-08,+5.1%,+1.58%,0.5079,7,✓ Yes,completed
4,388,329,09-08,+5.0%,+1.58%,0.5079,7,✓ Yes,completed
4,388,333,09-08,+4.9%,+1.60%,0.5080,7,✓ Yes,completed
4,388,336,09-08,+4.8%,+1.61%,0.5081,7,✓ Yes,completed
4,388,340,09-08,+4.8%,+1.62%,0.5081,7,✓ Yes,completed
4,388,343,09-08,+4.7%,+1.64%,0.5082,7,✓ Yes,completed
4,388,347,09-08,+4.6%,+1.64%,0.5082,7,✓ Yes,completed
4,388,350,09-08,+4.6%,+1.64%,0.5082,7,✓ Yes,completed
4,388,354,09-08,+4.5%,+1.64%,0.5082,7,✓ Yes,completed
4,388,357,09-08,+4.4%,+1.64%,0.5082,7,✓ Yes,completed
4,388,360,09-08,+4.3%,+1.61%,0.5081,7,✓ Yes,completed
4,388,364,09-08,+4.3%,+1.59%,0.5080,7,✓ Yes,completed
4,388,367,09-08,+4.2%,+1.55%,0.5078,7,✓ Yes,completed
4,388,371,09-08,+3.9%,+1.43%,0.5071,8,✓ Yes,completed
4,388,374,09-08,+3.6%,+1.34%,0.5067,9,✓ Yes,completed
4,388,378,09-08,+3.5%,+1.27%,0.5064,9,✓ Yes,completed
4,388,381,09-08,+3.1%,+1.10%,0.5055,10,✓ Yes,completed
4,388,385,09-08,+2.9%,+1.04%,0.5052,11,✓ Yes,completed
4,388,388,09-08,+2.4%,+0.86%,0.5043,16,✓ Yes,completed
5,365,328,08-27,+10.0%,+22.64%,0.6132,16,✗ No,budget_exceeded
5,365,329,08-27,+10.0%,+22.50%,0.6125,16,✗ No,budget_exceeded
5,365,331,08-27,+10.0%,+22.31%,0.6116,16,✗ No,budget_exceeded
5,365,332,08-27,+10.0%,+20.79%,0.6040,18,✗ No,budget_exceeded
5,365,334,08-27,+10.0%,+20.65%,0.6033,18,✗ No,budget_exceeded
5,365,335,08-27,+10.0%,+20.03%,0.6001,19,✗ No,budget_exceeded
5,365,337,08-27,+10.0%,+19.05%,0.5953,20,✗ No,budget_exceeded
5,365,339,08-27,+10.0%,+18.96%,0.5948,20,✗ No,budget_exceeded
5,365,340,08-27,+10.0%,+18.79%,0.5940,20,✗ No,budget_exceeded
5,365,342,08-27,+10.0%,+18.70%,0.5935,20,✗ No,budget_exceeded
5,365,343,08-27,+10.0%,+17.87%,0.5894,21,✗ No,budget_exceeded
5,365,345,08-27,+10.0%,+12.27%,0.5613,22,✗ No,budget_exceeded
5,365,346,08-27,+10.0%,+10.91%,0.5545,23,✗ No,budget_exceeded
5,365,348,08-27,+10.0%,+10.79%,0.5539,23,✗ No,budget_exceeded
5,365,349,08-27,+10.0%,+9.04%,0.5452,25,✗ No,budget_exceeded
5,365,351,08-27,+10.0%,+8.97%,0.5449,25,✗ No,budget_exceeded
5,365,352,08-27,+10.0%,+8.73%,0.5436,25,✗ No,budget_exceeded
5,365,354,08-27,+10.0%,+7.89%,0.5395,26,✗ No,budget_exceeded
5,365,355,08-27,+10.0%,+6.48%,0.5324,28,✗ No,budget_exceeded
5,365,357,08-27,+9.9%,+1.75%,0.5087,29,✓ Yes,completed
5,365,359,08-27,+9.4%,+1.43%,0.5071,30,✓ Yes,completed
5,365,360,08-27,+9.1%,+1.30%,0.5065,32,✓ Yes,completed
5,365,362,08-27,+8.9%,+1.24%,0.5062,32,✓ Yes,completed
5,365,363,08-27,+8.3%,+1.13%,0.5056,36,✓ Yes,completed
5,365,365,08-27,+8.2%,+1.08%,0.5054,39,✓ Yes,completed
5,366,328,08-27,+10.0%,+21.88%,0.6094,14,✗ No,budget_exceeded
5,366,329,08-27,+10.0%,+21.16%,0.6058,15,✗ No,budget_exceeded
5,366,331,08-27,+10.0%,+20.97%,0.6049,15,✗ No,budget_exceeded
5,366,332,08-27,+10.0%,+18.36%,0.5918,18,✗ No,budget_exceeded
5,366,334,08-27,+10.0%,+18.22%,0.5911,18,✗ No,budget_exceeded
5,366,336,08-27,+10.0%,+18.09%,0.5904,18,✗ No,budget_exceeded
5,366,337,08-27,+10.0%,+10.65%,0.5532,20,✗ No,budget_exceeded
5,366,339,08-27,+10.0%,+9.93%,0.5497,21,✗ No,budget_exceeded
5,366,340,08-27,+10.0%,+8.68%,0.5434,22,✗ No,budget_exceeded
5,366,342,08-27,+10.0%,+8.59%,0.5429,22,✗ No,budget_exceeded
5,366,343,08-27,+10.0%,+6.75%,0.5338,24,✗ No,budget_exceeded
5,366,345,08-27,+10.0%,+6.66%,0.5333,24,✗ No,budget_exceeded
5,366,346,08-27,+10.0%,+6.42%,0.5321,24,✗ No,budget_exceeded
5,366,348,08-27,+10.0%,+6.32%,0.5316,24,✗ No,budget_exceeded
5,366,349,08-27,+9.8%,+1.73%,0.5087,24,✓ Yes,completed
5,366,351,08-27,+9.8%,+1.68%,0.5084,24,✓ Yes,completed
5,366,352,08-27,+9.6%,+1.56%,0.5078,24,✓ Yes,completed
5,366,354,08-27,+9.5%,+1.50%,0.5075,24,✓ Yes,completed
5,366,356,08-27,+9.1%,+1.31%,0.5066,25,✓ Yes,completed
5,366,357,08-27,+8.9%,+1.26%,0.5063,25,✓ Yes,completed
5,366,359,08-27,+8.8%,+1.23%,0.5062,25,✓ Yes,completed
5,366,360,08-27,+8.5%,+1.19%,0.5059,26,✓ Yes,completed
5,366,362,08-27,+8.3%,+1.16%,0.5058,26,✓ Yes,completed
5,366,363,08-27,+7.9%,+1.01%,0.5051,27,✓ Yes,completed
5,366,365,08-27,+7.7%,+0.89%,0.5045,29,✓ Yes,completed
5,366,366,08-27,+7.4%,+0.76%,0.5038,33,✓ Yes,completed
5,368,328,08-27,+10.0%,+21.17%,0.6058,15,✗ No,budget_exceeded
5,368,329,08-27,+10.0%,+21.03%,0.6052,15,✗ No,budget_exceeded
5,368,331,08-27,+10.0%,+20.85%,0.6042,15,✗ No,budget_exceeded
5,368,332,08-27,+10.0%,+18.24%,0.5912,18,✗ No,budget_exceeded
5,368,334,08-27,+10.0%,+18.10%,0.5905,18,✗ No,budget_exceeded
5,368,335,08-27,+10.0%,+17.96%,0.5898,18,✗ No,budget_exceeded
5,368,337,08-27,+10.0%,+17.91%,0.5896,18,✗ No,budget_exceeded
5,368,338,08-27,+10.0%,+8.70%,0.5435,22,✗ No,budget_exceeded
5,368,340,08-27,+10.0%,+8.62%,0.5431,22,✗ No,budget_exceeded
5,368,341,08-27,+10.0%,+7.82%,0.5391,23,✗ No,budget_exceeded
5,368,343,08-27,+10.0%,+6.81%,0.5341,24,✗ No,budget_exceeded
5,368,344,08-27,+10.0%,+6.50%,0.5325,24,✗ No,budget_exceeded
5,368,346,08-27,+10.0%,+6.43%,0.5322,24,✗ No,budget_exceeded
5,368,347,08-27,+9.9%,+1.78%,0.5089,24,✓ Yes,completed
5,368,349,08-27,+9.8%,+1.73%,0.5086,24,✓ Yes,completed
5,368,350,08-27,+9.7%,+1.60%,0.5080,24,✓ Yes,completed
5,368,352,08-27,+9.6%,+1.54%,0.5077,24,✓ Yes,completed
5,368,353,08-27,+9.4%,+1.43%,0.5072,24,✓ Yes,completed
5,368,355,08-27,+9.3%,+1.41%,0.5070,24,✓ Yes,completed
5,368,356,08-27,+8.9%,+1.26%,0.5063,25,✓ Yes,completed
5,368,358,08-27,+8.8%,+1.23%,0.5061,25,✓ Yes,completed
5,368,359,08-27,+8.6%,+1.19%,0.5060,25,✓ Yes,completed
5,368,360,08-27,+8.4%,+1.17%,0.5058,26,✓ Yes,completed
5,368,362,08-27,+8.2%,+1.14%,0.5057,26,✓ Yes,completed
5,368,363,08-27,+7.7%,+0.91%,0.5045,27,✓ Yes,completed
5,368,365,08-27,+7.6%,+0.83%,0.5042,28,✓ Yes,completed
5,368,366,08-27,+7.3%,+0.72%,0.5036,31,✓ Yes,completed
5,368,368,08-27,+7.1%,+0.65%,0.5033,33,✓ Yes,completed
5,370,328,08-27,+10.0%,+9.68%,0.5484,15,✗ No,budget_exceeded
5,370,329,08-27,+10.0%,+8.60%,0.5430,16,✗ No,budget_exceeded
5,370,331,08-27,+10.0%,+8.51%,0.5425,16,✗ No,budget_exceeded
5,370,332,08-27,+10.0%,+6.27%,0.5313,19,✗ No,budget_exceeded
5,370,334,08-27,+10.0%,+1.73%,0.5086,19,✓ Yes,completed
5,370,335,08-27,+9.8%,+1.64%,0.5082,19,✓ Yes,completed
5,370,337,08-27,+9.8%,+1.62%,0.5081,19,✓ Yes,completed
5,370,338,08-27,+9.6%,+1.50%,0.5075,19,✓ Yes,completed
5,370,340,08-27,+9.5%,+1.46%,0.5073,19,✓ Yes,completed
5,370,341,08-27,+9.4%,+1.39%,0.5069,19,✓ Yes,completed
5,370,343,08-27,+9.2%,+1.34%,0.5067,19,✓ Yes,completed
5,370,344,08-27,+9.1%,+1.29%,0.5064,19,✓ Yes,completed
5,370,346,08-27,+9.0%,+1.27%,0.5064,19,✓ Yes,completed
5,370,347,08-27,+8.8%,+1.23%,0.5062,19,✓ Yes,completed
5,370,349,08-27,+8.8%,+1.22%,0.5061,19,✓ Yes,completed
5,370,350,08-27,+8.6%,+1.20%,0.5060,19,✓ Yes,completed
5,370,352,08-27,+8.6%,+1.19%,0.5060,19,✓ Yes,completed
5,370,353,08-27,+8.4%,+1.18%,0.5059,19,✓ Yes,completed
5,370,355,08-27,+8.4%,+1.17%,0.5058,19,✓ Yes,completed
5,370,356,08-27,+7.9%,+0.99%,0.5049,20,✓ Yes,completed
5,370,358,08-27,+7.8%,+0.93%,0.5047,20,✓ Yes,completed
5,370,359,08-27,+7.6%,+0.86%,0.5043,20,✓ Yes,completed
5,370,361,08-27,+7.5%,+0.82%,0.5041,21,✓ Yes,completed
5,370,362,08-27,+7.2%,+0.70%,0.5035,22,✓ Yes,completed
5,370,364,08-27,+7.0%,+0.63%,0.5031,22,✓ Yes,completed
5,370,365,08-27,+6.8%,+0.57%,0.5028,22,✓ Yes,completed
5,370,367,08-27,+6.7%,+0.55%,0.5028,22,✓ Yes,completed
5,370,368,08-27,+6.4%,+0.52%,0.5026,24,✓ Yes,completed
5,370,370,08-27,+6.3%,+0.49%,0.5024,26,✓ Yes,completed
5,371,328,08-27,+9.7%,+1.51%,0.5075,15,✓ Yes,completed
5,371,329,08-27,+9.6%,+1.46%,0.5073,15,✓ Yes,completed
5,371,331,08-27,+9.5%,+1.40%,0.5070,15,✓ Yes,completed
5,371,332,08-27,+9.1%,+1.25%,0.5062,15,✓ Yes,completed
5,371,334,08-27,+9.0%,+1.22%,0.5061,15,✓ Yes,completed
5,371,335,08-27,+8.8%,+1.19%,0.5060,15,✓ Yes,completed
5,371,337,08-27,+8.8%,+1.19%,0.5060,15,✓ Yes,completed
5,371,338,08-27,+8.7%,+1.17%,0.5058,15,✓ Yes,completed
5,371,340,08-27,+8.6%,+1.17%,0.5058,15,✓ Yes,completed
5,371,341,08-27,+8.5%,+1.16%,0.5058,15,✓ Yes,completed
5,371,343,08-27,+8.4%,+1.15%,0.5057,15,✓ Yes,completed
5,371,344,08-27,+8.2%,+1.13%,0.5057,15,✓ Yes,completed
5,371,346,08-27,+8.2%,+1.13%,0.5056,15,✓ Yes,completed
5,371,347,08-27,+8.1%,+1.09%,0.5054,15,✓ Yes,completed
5,371,349,08-27,+8.0%,+1.07%,0.5053,15,✓ Yes,completed
5,371,350,08-27,+7.9%,+1.01%,0.5050,15,✓ Yes,completed
5,371,352,08-27,+7.9%,+0.99%,0.5049,15,✓ Yes,completed
5,371,353,08-27,+7.7%,+0.91%,0.5045,15,✓ Yes,completed
5,371,355,08-27,+7.7%,+0.90%,0.5045,15,✓ Yes,completed
5,371,356,08-27,+7.2%,+0.74%,0.5037,16,✓ Yes,completed
5,371,358,08-27,+7.2%,+0.71%,0.5036,16,✓ Yes,completed
5,371,359,08-27,+7.1%,+0.68%,0.5034,16,✓ Yes,completed
5,371,361,08-27,+7.0%,+0.65%,0.5032,17,✓ Yes,completed
5,371,362,08-27,+6.7%,+0.56%,0.5028,18,✓ Yes,completed
5,371,364,08-27,+6.5%,+0.55%,0.5027,18,✓ Yes,completed
5,371,365,08-27,+6.4%,+0.54%,0.5027,18,✓ Yes,completed
5,371,367,08-27,+6.3%,+0.53%,0.5027,18,✓ Yes,completed
5,371,368,08-27,+6.1%,+0.46%,0.5023,20,✓ Yes,completed
5,371,370,08-27,+6.0%,+0.44%,0.5022,20,✓ Yes,completed
5,371,371,08-27,+5.8%,+0.40%,0.5020,22,✓ Yes,completed
5,373,328,08-27,+8.5%,+1.07%,0.5054,14,✓ Yes,completed
5,373,329,08-27,+8.4%,+1.07%,0.5053,14,✓ Yes,completed
5,373,331,08-27,+8.3%,+1.07%,0.5053,14,✓ Yes,completed
5,373,332,08-27,+7.9%,+0.96%,0.5048,14,✓ Yes,completed
5,373,334,08-27,+7.8%,+0.90%,0.5045,14,✓ Yes,completed
5,373,335,08-27,+7.8%,+0.87%,0.5044,14,✓ Yes,completed
5,373,337,08-27,+7.7%,+0.86%,0.5043,14,✓ Yes,completed
5,373,338,08-27,+7.6%,+0.80%,0.5040,14,✓ Yes,completed
5,373,340,08-27,+7.6%,+0.80%,0.5040,14,✓ Yes,completed
5,373,341,08-27,+7.5%,+0.77%,0.5039,14,✓ Yes,completed
5,373,343,08-27,+7.3%,+0.75%,0.5037,14,✓ Yes,completed
5,373,344,08-27,+7.2%,+0.71%,0.5036,14,✓ Yes,completed
5,373,346,08-27,+7.2%,+0.70%,0.5035,14,✓ Yes,completed
5,373,347,08-27,+7.0%,+0.65%,0.5033,14,✓ Yes,completed
5,373,349,08-27,+7.0%,+0.64%,0.5032,14,✓ Yes,completed
5,373,350,08-27,+6.9%,+0.60%,0.5030,14,✓ Yes,completed
5,373,352,08-27,+6.8%,+0.59%,0.5029,14,✓ Yes,completed
5,373,353,08-27,+6.7%,+0.56%,0.5028,14,✓ Yes,completed
5,373,355,08-27,+6.7%,+0.56%,0.5028,14,✓ Yes,completed
5,373,356,08-27,+6.6%,+0.55%,0.5028,14,✓ Yes,completed
5,373,358,08-27,+6.5%,+0.55%,0.5027,14,✓ Yes,completed
5,373,359,08-27,+6.4%,+0.55%,0.5027,14,✓ Yes,completed
5,373,361,08-27,+6.4%,+0.54%,0.5027,14,✓ Yes,completed
5,373,362,08-27,+6.2%,+0.51%,0.5026,14,✓ Yes,completed
5,373,364,08-27,+6.1%,+0.50%,0.5025,14,✓ Yes,completed
5,373,365,08-27,+6.1%,+0.49%,0.5024,14,✓ Yes,completed
5,373,367,08-27,+6.0%,+0.48%,0.5024,14,✓ Yes,completed
5,373,368,08-27,+5.8%,+0.43%,0.5021,15,✓ Yes,completed
5,373,370,08-27,+5.8%,+0.42%,0.5021,15,✓ Yes,completed
5,373,371,08-27,+5.6%,+0.40%,0.5020,16,✓ Yes,completed
5,373,373,08-27,+5.5%,+0.39%,0.5020,16,✓ Yes,completed
5,374,328,08-27,+8.3%,+1.04%,0.5052,13,✓ Yes,completed
5,374,329,08-27,+8.2%,+1.04%,0.5052,13,✓ Yes,completed
5,374,331,08-27,+8.1%,+1.01%,0.5051,13,✓ Yes,completed
5,374,332,08-27,+7.7%,+0.83%,0.5041,13,✓ Yes,completed
5,374,334,08-27,+7.6%,+0.79%,0.5039,13,✓ Yes,completed
5,374,335,08-27,+7.5%,+0.77%,0.5039,13,✓ Yes,completed
5,374,337,08-27,+7.5%,+0.77%,0.5038,13,✓ Yes,completed
5,374,338,08-27,+7.4%,+0.74%,0.5037,13,✓ Yes,completed
5,374,340,08-27,+7.4%,+0.74%,0.5037,13,✓ Yes,completed
5,374,341,08-27,+7.2%,+0.71%,0.5036,13,✓ Yes,completed
5,374,343,08-27,+7.1%,+0.67%,0.5034,13,✓ Yes,completed
5,374,344,08-27,+7.0%,+0.63%,0.5031,13,✓ Yes,completed
5,374,346,08-27,+7.0%,+0.62%,0.5031,13,✓ Yes,completed
5,374,347,08-27,+6.8%,+0.58%,0.5029,13,✓ Yes,completed
5,374,349,08-27,+6.8%,+0.57%,0.5029,13,✓ Yes,completed
5,374,350,08-27,+6.7%,+0.55%,0.5028,13,✓ Yes,completed
5,374,352,08-27,+6.7%,+0.55%,0.5028,13,✓ Yes,completed
5,374,353,08-27,+6.5%,+0.55%,0.5027,13,✓ Yes,completed
5,374,355,08-27,+6.5%,+0.55%,0.5027,13,✓ Yes,completed
5,374,356,08-27,+6.4%,+0.54%,0.5027,13,✓ Yes,completed
5,374,358,08-27,+6.3%,+0.53%,0.5027,13,✓ Yes,completed
5,374,359,08-27,+6.3%,+0.52%,0.5026,13,✓ Yes,completed
5,374,361,08-27,+6.2%,+0.51%,0.5026,13,✓ Yes,completed
5,374,362,08-27,+6.1%,+0.49%,0.5024,13,✓ Yes,completed
5,374,364,08-27,+6.0%,+0.47%,0.5023,13,✓ Yes,completed
5,374,365,08-27,+6.0%,+0.46%,0.5023,13,✓ Yes,completed
5,374,367,08-27,+5.9%,+0.45%,0.5023,13,✓ Yes,completed
5,374,368,08-27,+5.7%,+0.41%,0.5020,14,✓ Yes,completed
5,374,370,08-27,+5.7%,+0.40%,0.5020,14,✓ Yes,completed
5,374,371,08-27,+5.5%,+0.40%,0.5020,15,✓ Yes,completed
5,374,373,08-27,+5.4%,+0.39%,0.5020,15,✓ Yes,completed
5,374,374,08-27,+5.3%,+0.38%,0.5019,16,✓ Yes,completed
5,376,328,08-27,+7.7%,+0.79%,0.5039,12,✓ Yes,completed
5,376,329,08-27,+7.7%,+0.77%,0.5039,12,✓ Yes,completed
5,376,331,08-27,+7.6%,+0.74%,0.5037,12,✓ Yes,completed
5,376,332,08-27,+7.2%,+0.65%,0.5032,12,✓ Yes,completed
5,376,334,08-27,+7.1%,+0.61%,0.5031,12,✓ Yes,completed
5,376,335,08-27,+7.0%,+0.60%,0.5030,12,✓ Yes,completed
5,376,337,08-27,+7.0%,+0.60%,0.5030,12,✓ Yes,completed
5,376,338,08-27,+6.9%,+0.56%,0.5028,12,✓ Yes,completed
5,376,340,08-27,+6.9%,+0.56%,0.5028,12,✓ Yes,completed
5,376,341,08-27,+6.8%,+0.54%,0.5027,12,✓ Yes,completed
5,376,343,08-27,+6.7%,+0.53%,0.5026,12,✓ Yes,completed
5,376,344,08-27,+6.5%,+0.53%,0.5026,12,✓ Yes,completed
5,376,346,08-27,+6.5%,+0.53%,0.5026,12,✓ Yes,completed
5,376,347,08-27,+6.4%,+0.53%,0.5026,12,✓ Yes,completed
5,376,349,08-27,+6.4%,+0.52%,0.5026,12,✓ Yes,completed
5,376,350,08-27,+6.3%,+0.52%,0.5026,12,✓ Yes,completed
5,376,352,08-27,+6.3%,+0.51%,0.5026,12,✓ Yes,completed
5,376,353,08-27,+6.2%,+0.49%,0.5025,12,✓ Yes,completed
5,376,355,08-27,+6.1%,+0.49%,0.5024,12,✓ Yes,completed
5,376,356,08-27,+6.0%,+0.47%,0.5024,12,✓ Yes,completed
5,376,358,08-27,+6.0%,+0.47%,0.5023,12,✓ Yes,completed
5,376,359,08-27,+5.9%,+0.45%,0.5023,12,✓ Yes,completed
5,376,361,08-27,+5.9%,+0.44%,0.5022,12,✓ Yes,completed
5,376,362,08-27,+5.8%,+0.43%,0.5021,12,✓ Yes,completed
5,376,364,08-27,+5.8%,+0.42%,0.5021,12,✓ Yes,completed
5,376,365,08-27,+5.7%,+0.42%,0.5021,12,✓ Yes,completed
5,376,367,08-27,+5.7%,+0.41%,0.5020,12,✓ Yes,completed
5,376,368,08-27,+5.4%,+0.40%,0.5020,13,✓ Yes,completed
5,376,370,08-27,+5.4%,+0.40%,0.5020,13,✓ Yes,completed
5,376,372,08-27,+5.2%,+0.38%,0.5019,14,✓ Yes,completed
5,376,373,08-27,+5.1%,+0.37%,0.5019,14,✓ Yes,completed
5,376,375,08-27,+5.1%,+0.37%,0.5018,14,✓ Yes,completed
5,376,376,08-27,+4.9%,+0.37%,0.5019,14,✓ Yes,completed
5,378,328,08-27,+7.7%,+0.79%,0.5039,12,✓ Yes,completed
5,378,329,08-27,+7.7%,+0.77%,0.5039,12,✓ Yes,completed
5,378,331,08-27,+7.6%,+0.74%,0.5037,12,✓ Yes,completed
5,378,332,08-27,+7.2%,+0.65%,0.5032,12,✓ Yes,completed
5,378,334,08-27,+7.1%,+0.61%,0.5031,12,✓ Yes,completed
5,378,335,08-27,+7.0%,+0.60%,0.5030,12,✓ Yes,completed
5,378,337,08-27,+7.0%,+0.60%,0.5030,12,✓ Yes,completed
5,378,338,08-27,+6.9%,+0.56%,0.5028,12,✓ Yes,completed
5,378,340,08-27,+6.9%,+0.56%,0.5028,12,✓ Yes,completed
5,378,341,08-27,+6.8%,+0.54%,0.5027,12,✓ Yes,completed
5,378,343,08-27,+6.7%,+0.53%,0.5026,12,✓ Yes,completed
5,378,344,08-27,+6.5%,+0.53%,0.5026,12,✓ Yes,completed
5,378,346,08-27,+6.5%,+0.53%,0.5026,12,✓ Yes,completed
5,378,347,08-27,+6.4%,+0.53%,0.5026,12,✓ Yes,completed
5,378,349,08-27,+6.4%,+0.52%,0.5026,12,✓ Yes,completed
5,378,350,08-27,+6.3%,+0.52%,0.5026,12,✓ Yes,completed
5,378,352,08-27,+6.3%,+0.51%,0.5026,12,✓ Yes,completed
5,378,353,08-27,+6.2%,+0.49%,0.5025,12,✓ Yes,completed
5,378,355,08-27,+6.1%,+0.49%,0.5024,12,✓ Yes,completed
5,378,357,08-27,+6.0%,+0.47%,0.5024,12,✓ Yes,completed
5,378,358,08-27,+6.0%,+0.46%,0.5023,12,✓ Yes,completed
5,378,360,08-27,+5.9%,+0.45%,0.5023,12,✓ Yes,completed
5,378,361,08-27,+5.9%,+0.44%,0.5022,12,✓ Yes,completed
5,378,363,08-27,+5.8%,+0.43%,0.5021,12,✓ Yes,completed
5,378,364,08-27,+5.7%,+0.42%,0.5021,12,✓ Yes,completed
5,378,366,08-27,+5.7%,+0.42%,0.5021,12,✓ Yes,completed
5,378,367,08-27,+5.6%,+0.41%,0.5020,12,✓ Yes,completed
5,378,369,08-27,+5.4%,+0.40%,0.5020,13,✓ Yes,completed
5,378,370,08-27,+5.3%,+0.39%,0.5020,13,✓ Yes,completed
5,378,372,08-27,+5.2%,+0.38%,0.5019,14,✓ Yes,completed
5,378,373,08-27,+5.1%,+0.37%,0.5018,14,✓ Yes,completed
5,378,375,08-27,+5.1%,+0.37%,0.5018,14,✓ Yes,completed
5,378,376,08-27,+4.9%,+0.37%,0.5019,14,✓ Yes,completed
5,378,378,08-27,+4.8%,+0.38%,0.5019,14,✓ Yes,completed
5,379,328,08-27,+7.4%,+0.70%,0.5035,11,✓ Yes,completed
5,379,329,08-27,+7.4%,+0.70%,0.5035,11,✓ Yes,completed
5,379,331,08-27,+7.3%,+0.68%,0.5034,11,✓ Yes,completed
5,379,332,08-27,+7.0%,+0.57%,0.5028,11,✓ Yes,completed
5,379,334,08-27,+6.8%,+0.54%,0.5027,11,✓ Yes,completed
5,379,335,08-27,+6.8%,+0.53%,0.5026,11,✓ Yes,completed
5,379,337,08-27,+6.8%,+0.53%,0.5026,11,✓ Yes,completed
5,379,338,08-27,+6.7%,+0.51%,0.5026,11,✓ Yes,completed
5,379,340,08-27,+6.7%,+0.51%,0.5026,11,✓ Yes,completed
5,379,341,08-27,+6.6%,+0.51%,0.5026,11,✓ Yes,completed
5,379,343,08-27,+6.5%,+0.51%,0.5026,11,✓ Yes,completed
5,379,344,08-27,+6.3%,+0.51%,0.5026,11,✓ Yes,completed
5,379,346,08-27,+6.3%,+0.51%,0.5025,11,✓ Yes,completed
5,379,347,08-27,+6.2%,+0.50%,0.5025,11,✓ Yes,completed
5,379,349,08-27,+6.2%,+0.49%,0.5024,11,✓ Yes,completed
5,379,351,08-27,+6.1%,+0.48%,0.5024,11,✓ Yes,completed
5,379,352,08-27,+6.1%,+0.47%,0.5023,11,✓ Yes,completed
5,379,354,08-27,+6.0%,+0.45%,0.5023,11,✓ Yes,completed
5,379,355,08-27,+5.9%,+0.44%,0.5022,11,✓ Yes,completed
5,379,357,08-27,+5.9%,+0.44%,0.5022,11,✓ Yes,completed
5,379,358,08-27,+5.8%,+0.43%,0.5021,11,✓ Yes,completed
5,379,360,08-27,+5.8%,+0.42%,0.5021,11,✓ Yes,completed
5,379,361,08-27,+5.8%,+0.41%,0.5021,11,✓ Yes,completed
5,379,363,08-27,+5.7%,+0.41%,0.5020,11,✓ Yes,completed
5,379,364,08-27,+5.6%,+0.40%,0.5020,11,✓ Yes,completed
5,379,366,08-27,+5.6%,+0.40%,0.5020,11,✓ Yes,completed
5,379,367,08-27,+5.5%,+0.41%,0.5020,11,✓ Yes,completed
5,379,369,08-27,+5.3%,+0.39%,0.5019,12,✓ Yes,completed
5,379,370,08-27,+5.2%,+0.38%,0.5019,12,✓ Yes,completed
5,379,372,08-27,+5.0%,+0.37%,0.5018,13,✓ Yes,completed
5,379,373,08-27,+4.9%,+0.37%,0.5018,13,✓ Yes,completed
5,379,375,08-27,+4.9%,+0.37%,0.5019,13,✓ Yes,completed
5,379,376,08-27,+4.4%,+0.42%,0.5021,12,✓ Yes,completed
5,379,378,08-27,+4.4%,+0.42%,0.5021,12,✓ Yes,completed
5,379,379,08-27,+4.2%,+0.39%,0.5019,15,✓ Yes,completed
5,365,328,08-28,+10.0%,+24.60%,0.6230,15,✗ No,budget_exceeded
5,365,329,08-28,+10.0%,+24.46%,0.6223,15,✗ No,budget_exceeded
5,365,331,08-28,+10.0%,+24.28%,0.6214,15,✗ No,budget_exceeded
5,365,332,08-28,+10.0%,+22.76%,0.6138,17,✗ No,budget_exceeded
5,365,334,08-28,+10.0%,+22.14%,0.6107,18,✗ No,budget_exceeded
5,365,335,08-28,+10.0%,+22.00%,0.6100,18,✗ No,budget_exceeded
5,365,337,08-28,+10.0%,+21.02%,0.6051,19,✗ No,budget_exceeded
5,365,339,08-28,+10.0%,+20.93%,0.6046,19,✗ No,budget_exceeded
5,365,340,08-28,+10.0%,+20.79%,0.6039,19,✗ No,budget_exceeded
5,365,342,08-28,+10.0%,+20.69%,0.6035,19,✗ No,budget_exceeded
5,365,343,08-28,+10.0%,+14.38%,0.5719,21,✗ No,budget_exceeded
5,365,345,08-28,+10.0%,+14.26%,0.5713,21,✗ No,budget_exceeded
5,365,346,08-28,+10.0%,+12.91%,0.5645,22,✗ No,budget_exceeded
5,365,348,08-28,+10.0%,+12.17%,0.5608,23,✗ No,budget_exceeded
5,365,349,08-28,+10.0%,+11.07%,0.5553,24,✗ No,budget_exceeded
5,365,351,08-28,+10.0%,+11.00%,0.5550,24,✗ No,budget_exceeded
5,365,352,08-28,+10.0%,+10.76%,0.5538,24,✗ No,budget_exceeded
5,365,354,08-28,+10.0%,+9.92%,0.5496,25,✗ No,budget_exceeded
5,365,355,08-28,+10.0%,+8.53%,0.5427,27,✗ No,budget_exceeded
5,365,357,08-28,+9.8%,+2.67%,0.5133,28,✓ Yes,completed
5,365,359,08-28,+9.3%,+2.34%,0.5117,29,✓ Yes,completed
5,365,360,08-28,+9.0%,+2.17%,0.5108,31,✓ Yes,completed
5,365,362,08-28,+8.8%,+2.06%,0.5103,31,✓ Yes,completed
5,365,363,08-28,+8.3%,+1.84%,0.5092,35,✓ Yes,completed
5,365,365,08-28,+8.1%,+1.76%,0.5088,38,✓ Yes,completed
5,366,328,08-28,+10.0%,+24.01%,0.6200,14,✗ No,budget_exceeded
5,366,329,08-28,+10.0%,+23.29%,0.6164,15,✗ No,budget_exceeded
5,366,331,08-28,+10.0%,+23.11%,0.6155,15,✗ No,budget_exceeded
5,366,332,08-28,+10.0%,+20.50%,0.6025,18,✗ No,budget_exceeded
5,366,334,08-28,+10.0%,+20.36%,0.6018,18,✗ No,budget_exceeded
5,366,336,08-28,+10.0%,+20.22%,0.6011,18,✗ No,budget_exceeded
5,366,337,08-28,+10.0%,+12.79%,0.5639,20,✗ No,budget_exceeded
5,366,339,08-28,+10.0%,+12.08%,0.5604,21,✗ No,budget_exceeded
5,366,340,08-28,+10.0%,+10.83%,0.5541,22,✗ No,budget_exceeded
5,366,342,08-28,+10.0%,+10.73%,0.5537,22,✗ No,budget_exceeded
5,366,343,08-28,+10.0%,+8.90%,0.5445,24,✗ No,budget_exceeded
5,366,345,08-28,+10.0%,+8.80%,0.5440,24,✗ No,budget_exceeded
5,366,346,08-28,+10.0%,+8.56%,0.5428,24,✗ No,budget_exceeded
5,366,348,08-28,+10.0%,+8.47%,0.5423,24,✗ No,budget_exceeded
5,366,349,08-28,+9.8%,+2.71%,0.5135,24,✓ Yes,completed
5,366,351,08-28,+9.8%,+2.65%,0.5132,24,✓ Yes,completed
5,366,352,08-28,+9.6%,+2.52%,0.5126,24,✓ Yes,completed
5,366,354,08-28,+9.5%,+2.45%,0.5123,24,✓ Yes,completed
5,366,356,08-28,+9.1%,+2.20%,0.5110,25,✓ Yes,completed
5,366,357,08-28,+8.9%,+2.11%,0.5105,25,✓ Yes,completed
5,366,359,08-28,+8.8%,+2.05%,0.5102,25,✓ Yes,completed
5,366,360,08-28,+8.5%,+1.94%,0.5097,26,✓ Yes,completed
5,366,362,08-28,+8.3%,+1.87%,0.5094,26,✓ Yes,completed
5,366,363,08-28,+7.9%,+1.67%,0.5083,27,✓ Yes,completed
5,366,365,08-28,+7.7%,+1.52%,0.5076,29,✓ Yes,completed
5,366,366,08-28,+7.4%,+1.33%,0.5066,33,✓ Yes,completed
5,368,328,08-28,+10.0%,+23.30%,0.6165,15,✗ No,budget_exceeded
5,368,329,08-28,+10.0%,+23.16%,0.6158,15,✗ No,budget_exceeded
5,368,331,08-28,+10.0%,+22.98%,0.6149,15,✗ No,budget_exceeded
5,368,332,08-28,+10.0%,+20.37%,0.6019,18,✗ No,budget_exceeded
5,368,334,08-28,+10.0%,+20.23%,0.6012,18,✗ No,budget_exceeded
5,368,335,08-28,+10.0%,+20.10%,0.6005,18,✗ No,budget_exceeded
5,368,337,08-28,+10.0%,+20.05%,0.6003,18,✗ No,budget_exceeded
5,368,338,08-28,+10.0%,+10.84%,0.5542,22,✗ No,budget_exceeded
5,368,340,08-28,+10.0%,+10.77%,0.5538,22,✗ No,budget_exceeded
5,368,341,08-28,+10.0%,+9.97%,0.5498,23,✗ No,budget_exceeded
5,368,343,08-28,+10.0%,+8.96%,0.5448,24,✗ No,budget_exceeded
5,368,344,08-28,+10.0%,+8.65%,0.5433,24,✗ No,budget_exceeded
5,368,346,08-28,+10.0%,+8.58%,0.5429,24,✗ No,budget_exceeded
5,368,347,08-28,+9.9%,+2.77%,0.5138,24,✓ Yes,completed
5,368,349,08-28,+9.8%,+2.70%,0.5135,24,✓ Yes,completed
5,368,350,08-28,+9.7%,+2.56%,0.5128,24,✓ Yes,completed
5,368,352,08-28,+9.6%,+2.50%,0.5125,24,✓ Yes,completed
5,368,353,08-28,+9.4%,+2.37%,0.5119,24,✓ Yes,completed
5,368,355,08-28,+9.3%,+2.34%,0.5117,24,✓ Yes,completed
5,368,356,08-28,+8.9%,+2.11%,0.5105,25,✓ Yes,completed
5,368,358,08-28,+8.8%,+2.04%,0.5102,25,✓ Yes,completed
5,368,359,08-28,+8.6%,+1.96%,0.5098,25,✓ Yes,completed
5,368,360,08-28,+8.4%,+1.90%,0.5095,26,✓ Yes,completed
5,368,362,08-28,+8.2%,+1.83%,0.5092,26,✓ Yes,completed
5,368,363,08-28,+7.7%,+1.54%,0.5077,27,✓ Yes,completed
5,368,365,08-28,+7.6%,+1.43%,0.5072,28,✓ Yes,completed
5,368,366,08-28,+7.3%,+1.28%,0.5064,31,✓ Yes,completed
5,368,368,08-28,+7.1%,+1.22%,0.5061,33,✓ Yes,completed
5,370,328,08-28,+10.0%,+11.83%,0.5591,15,✗ No,budget_exceeded
5,370,329,08-28,+10.0%,+10.74%,0.5537,16,✗ No,budget_exceeded
5,370,331,08-28,+10.0%,+10.65%,0.5533,16,✗ No,budget_exceeded
5,370,332,08-28,+10.0%,+8.42%,0.5421,19,✗ No,budget_exceeded
5,370,334,08-28,+10.0%,+2.72%,0.5136,19,✓ Yes,completed
5,370,335,08-28,+9.8%,+2.60%,0.5130,19,✓ Yes,completed
5,370,337,08-28,+9.8%,+2.59%,0.5129,19,✓ Yes,completed
5,370,338,08-28,+9.6%,+2.45%,0.5123,19,✓ Yes,completed
5,370,340,08-28,+9.5%,+2.42%,0.5121,19,✓ Yes,completed
5,370,341,08-28,+9.4%,+2.33%,0.5116,19,✓ Yes,completed
5,370,343,08-28,+9.2%,+2.26%,0.5113,19,✓ Yes,completed
5,370,344,08-28,+9.1%,+2.18%,0.5109,19,✓ Yes,completed
5,370,346,08-28,+9.0%,+2.15%,0.5108,19,✓ Yes,completed
5,370,347,08-28,+8.8%,+2.07%,0.5104,19,✓ Yes,completed
5,370,349,08-28,+8.8%,+2.05%,0.5102,19,✓ Yes,completed
5,370,350,08-28,+8.6%,+1.98%,0.5099,19,✓ Yes,completed
5,370,352,08-28,+8.6%,+1.96%,0.5098,19,✓ Yes,completed
5,370,353,08-28,+8.4%,+1.91%,0.5095,19,✓ Yes,completed
5,370,355,08-28,+8.4%,+1.89%,0.5095,19,✓ Yes,completed
5,370,356,08-28,+7.9%,+1.63%,0.5082,20,✓ Yes,completed
5,370,358,08-28,+7.8%,+1.56%,0.5078,20,✓ Yes,completed
5,370,359,08-28,+7.6%,+1.46%,0.5073,20,✓ Yes,completed
5,370,361,08-28,+7.5%,+1.41%,0.5070,21,✓ Yes,completed
5,370,362,08-28,+7.2%,+1.27%,0.5063,22,✓ Yes,completed
5,370,364,08-28,+7.0%,+1.21%,0.5061,22,✓ Yes,completed
5,370,365,08-28,+6.8%,+1.17%,0.5059,22,✓ Yes,completed
5,370,367,08-28,+6.7%,+1.16%,0.5058,22,✓ Yes,completed
5,370,368,08-28,+6.4%,+1.11%,0.5055,24,✓ Yes,completed
5,370,370,08-28,+6.3%,+1.06%,0.5053,26,✓ Yes,completed
5,371,328,08-28,+9.7%,+2.47%,0.5123,15,✓ Yes,completed
5,371,329,08-28,+9.6%,+2.41%,0.5121,15,✓ Yes,completed
5,371,331,08-28,+9.5%,+2.35%,0.5118,15,✓ Yes,completed
5,371,332,08-28,+9.1%,+2.14%,0.5107,15,✓ Yes,completed
5,371,334,08-28,+9.0%,+2.09%,0.5104,15,✓ Yes,completed
5,371,335,08-28,+8.8%,+2.03%,0.5102,15,✓ Yes,completed
5,371,337,08-28,+8.8%,+2.03%,0.5101,15,✓ Yes,completed
5,371,338,08-28,+8.7%,+1.95%,0.5098,15,✓ Yes,completed
5,371,340,08-28,+8.6%,+1.94%,0.5097,15,✓ Yes,completed
5,371,341,08-28,+8.5%,+1.90%,0.5095,15,✓ Yes,completed
5,371,343,08-28,+8.4%,+1.87%,0.5093,15,✓ Yes,completed
5,371,344,08-28,+8.2%,+1.83%,0.5092,15,✓ Yes,completed
5,371,346,08-28,+8.2%,+1.82%,0.5091,15,✓ Yes,completed
5,371,347,08-28,+8.1%,+1.76%,0.5088,15,✓ Yes,completed
5,371,349,08-28,+8.0%,+1.74%,0.5087,15,✓ Yes,completed
5,371,350,08-28,+7.9%,+1.66%,0.5083,15,✓ Yes,completed
5,371,352,08-28,+7.9%,+1.63%,0.5082,15,✓ Yes,completed
5,371,353,08-28,+7.7%,+1.53%,0.5076,15,✓ Yes,completed
5,371,355,08-28,+7.7%,+1.51%,0.5076,15,✓ Yes,completed
5,371,356,08-28,+7.2%,+1.31%,0.5065,16,✓ Yes,completed
5,371,358,08-28,+7.2%,+1.28%,0.5064,16,✓ Yes,completed
5,371,359,08-28,+7.1%,+1.25%,0.5063,16,✓ Yes,completed
5,371,361,08-28,+7.0%,+1.23%,0.5061,17,✓ Yes,completed
5,371,362,08-28,+6.7%,+1.16%,0.5058,18,✓ Yes,completed
5,371,364,08-28,+6.5%,+1.15%,0.5057,18,✓ Yes,completed
5,371,365,08-28,+6.4%,+1.13%,0.5056,18,✓ Yes,completed
5,371,367,08-28,+6.3%,+1.11%,0.5056,18,✓ Yes,completed
5,371,368,08-28,+6.1%,+0.97%,0.5048,20,✓ Yes,completed
5,371,370,08-28,+6.0%,+0.92%,0.5046,20,✓ Yes,completed
5,371,371,08-28,+5.8%,+0.82%,0.5041,22,✓ Yes,completed
5,373,328,08-28,+8.5%,+1.83%,0.5091,14,✓ Yes,completed
5,373,329,08-28,+8.4%,+1.81%,0.5090,14,✓ Yes,completed
5,373,331,08-28,+8.3%,+1.78%,0.5089,14,✓ Yes,completed
5,373,332,08-28,+7.9%,+1.61%,0.5081,14,✓ Yes,completed
5,373,334,08-28,+7.8%,+1.54%,0.5077,14,✓ Yes,completed
5,373,335,08-28,+7.8%,+1.50%,0.5075,14,✓ Yes,completed
5,373,337,08-28,+7.7%,+1.49%,0.5075,14,✓ Yes,completed
5,373,338,08-28,+7.6%,+1.40%,0.5070,14,✓ Yes,completed
5,373,340,08-28,+7.6%,+1.39%,0.5070,14,✓ Yes,completed
5,373,341,08-28,+7.5%,+1.35%,0.5067,14,✓ Yes,completed
5,373,343,08-28,+7.3%,+1.31%,0.5066,14,✓ Yes,completed
5,373,344,08-28,+7.2%,+1.27%,0.5064,14,✓ Yes,completed
5,373,346,08-28,+7.2%,+1.26%,0.5063,14,✓ Yes,completed
5,373,347,08-28,+7.0%,+1.23%,0.5061,14,✓ Yes,completed
5,373,349,08-28,+7.0%,+1.22%,0.5061,14,✓ Yes,completed
5,373,350,08-28,+6.9%,+1.19%,0.5060,14,✓ Yes,completed
5,373,352,08-28,+6.8%,+1.19%,0.5059,14,✓ Yes,completed
5,373,353,08-28,+6.7%,+1.17%,0.5058,14,✓ Yes,completed
5,373,355,08-28,+6.7%,+1.17%,0.5058,14,✓ Yes,completed
5,373,356,08-28,+6.6%,+1.15%,0.5058,14,✓ Yes,completed
5,373,358,08-28,+6.5%,+1.15%,0.5057,14,✓ Yes,completed
5,373,359,08-28,+6.4%,+1.13%,0.5057,14,✓ Yes,completed
5,373,361,08-28,+6.4%,+1.13%,0.5056,14,✓ Yes,completed
5,373,362,08-28,+6.2%,+1.07%,0.5054,14,✓ Yes,completed
5,373,364,08-28,+6.1%,+1.03%,0.5052,14,✓ Yes,completed
5,373,365,08-28,+6.1%,+1.01%,0.5051,14,✓ Yes,completed
5,373,367,08-28,+6.0%,+0.98%,0.5049,14,✓ Yes,completed
5,373,368,08-28,+5.8%,+0.85%,0.5043,15,✓ Yes,completed
5,373,370,08-28,+5.8%,+0.84%,0.5042,15,✓ Yes,completed
5,373,371,08-28,+5.6%,+0.78%,0.5039,16,✓ Yes,completed
5,373,373,08-28,+5.5%,+0.74%,0.5037,16,✓ Yes,completed
5,374,328,08-28,+8.3%,+1.74%,0.5087,13,✓ Yes,completed
5,374,329,08-28,+8.2%,+1.73%,0.5086,13,✓ Yes,completed
5,374,331,08-28,+8.1%,+1.69%,0.5084,13,✓ Yes,completed
5,374,332,08-28,+7.7%,+1.45%,0.5072,13,✓ Yes,completed
5,374,334,08-28,+7.6%,+1.39%,0.5069,13,✓ Yes,completed
5,374,335,08-28,+7.5%,+1.36%,0.5068,13,✓ Yes,completed
5,374,337,08-28,+7.5%,+1.35%,0.5068,13,✓ Yes,completed
5,374,338,08-28,+7.4%,+1.31%,0.5066,13,✓ Yes,completed
5,374,340,08-28,+7.4%,+1.31%,0.5065,13,✓ Yes,completed
5,374,341,08-28,+7.2%,+1.27%,0.5064,13,✓ Yes,completed
5,374,343,08-28,+7.1%,+1.24%,0.5062,13,✓ Yes,completed
5,374,344,08-28,+7.0%,+1.21%,0.5060,13,✓ Yes,completed
5,374,346,08-28,+7.0%,+1.20%,0.5060,13,✓ Yes,completed
5,374,347,08-28,+6.8%,+1.18%,0.5059,13,✓ Yes,completed
5,374,349,08-28,+6.8%,+1.18%,0.5059,13,✓ Yes,completed
5,374,350,08-28,+6.7%,+1.16%,0.5058,13,✓ Yes,completed
5,374,352,08-28,+6.7%,+1.16%,0.5058,13,✓ Yes,completed
5,374,353,08-28,+6.5%,+1.14%,0.5057,13,✓ Yes,completed
5,374,355,08-28,+6.5%,+1.14%,0.5057,13,✓ Yes,completed
5,374,356,08-28,+6.4%,+1.13%,0.5056,13,✓ Yes,completed
5,374,358,08-28,+6.3%,+1.12%,0.5056,13,✓ Yes,completed
5,374,359,08-28,+6.3%,+1.09%,0.5054,13,✓ Yes,completed
5,374,361,08-28,+6.2%,+1.07%,0.5054,13,✓ Yes,completed
5,374,362,08-28,+6.1%,+1.00%,0.5050,13,✓ Yes,completed
5,374,364,08-28,+6.0%,+0.96%,0.5048,13,✓ Yes,completed
5,374,365,08-28,+6.0%,+0.94%,0.5047,13,✓ Yes,completed
5,374,367,08-28,+5.9%,+0.91%,0.5046,13,✓ Yes,completed
5,374,368,08-28,+5.7%,+0.80%,0.5040,14,✓ Yes,completed
5,374,370,08-28,+5.7%,+0.79%,0.5039,14,✓ Yes,completed
5,374,371,08-28,+5.5%,+0.74%,0.5037,15,✓ Yes,completed
5,374,373,08-28,+5.4%,+0.70%,0.5035,15,✓ Yes,completed
5,374,374,08-28,+5.3%,+0.67%,0.5033,16,✓ Yes,completed
5,376,328,08-28,+7.7%,+1.40%,0.5070,12,✓ Yes,completed
5,376,329,08-28,+7.7%,+1.38%,0.5069,12,✓ Yes,completed
5,376,331,08-28,+7.6%,+1.34%,0.5067,12,✓ Yes,completed
5,376,332,08-28,+7.2%,+1.21%,0.5061,12,✓ Yes,completed
5,376,334,08-28,+7.1%,+1.19%,0.5059,12,✓ Yes,completed
5,376,335,08-28,+7.0%,+1.18%,0.5059,12,✓ Yes,completed
5,376,337,08-28,+7.0%,+1.18%,0.5059,12,✓ Yes,completed
5,376,338,08-28,+6.9%,+1.16%,0.5058,12,✓ Yes,completed
5,376,340,08-28,+6.9%,+1.16%,0.5058,12,✓ Yes,completed
5,376,341,08-28,+6.8%,+1.15%,0.5057,12,✓ Yes,completed
5,376,343,08-28,+6.7%,+1.14%,0.5057,12,✓ Yes,completed
5,376,344,08-28,+6.5%,+1.13%,0.5056,12,✓ Yes,completed
5,376,346,08-28,+6.5%,+1.13%,0.5056,12,✓ Yes,completed
5,376,347,08-28,+6.4%,+1.11%,0.5056,12,✓ Yes,completed
5,376,349,08-28,+6.4%,+1.11%,0.5055,12,✓ Yes,completed
5,376,350,08-28,+6.3%,+1.10%,0.5055,12,✓ Yes,completed
5,376,352,08-28,+6.3%,+1.08%,0.5054,12,✓ Yes,completed
5,376,353,08-28,+6.2%,+1.03%,0.5052,12,✓ Yes,completed
5,376,355,08-28,+6.1%,+1.02%,0.5051,12,✓ Yes,completed
5,376,356,08-28,+6.0%,+0.97%,0.5049,12,✓ Yes,completed
5,376,358,08-28,+6.0%,+0.96%,0.5048,12,✓ Yes,completed
5,376,359,08-28,+5.9%,+0.92%,0.5046,12,✓ Yes,completed
5,376,361,08-28,+5.9%,+0.90%,0.5045,12,✓ Yes,completed
5,376,362,08-28,+5.8%,+0.86%,0.5043,12,✓ Yes,completed
5,376,364,08-28,+5.8%,+0.82%,0.5041,12,✓ Yes,completed
5,376,365,08-28,+5.7%,+0.82%,0.5041,12,✓ Yes,completed
5,376,367,08-28,+5.7%,+0.80%,0.5040,12,✓ Yes,completed
5,376,368,08-28,+5.4%,+0.72%,0.5036,13,✓ Yes,completed
5,376,370,08-28,+5.4%,+0.70%,0.5035,13,✓ Yes,completed
5,376,372,08-28,+5.2%,+0.63%,0.5032,14,✓ Yes,completed
5,376,373,08-28,+5.1%,+0.59%,0.5030,14,✓ Yes,completed
5,376,375,08-28,+5.1%,+0.58%,0.5029,14,✓ Yes,completed
5,376,376,08-28,+4.9%,+0.51%,0.5025,14,✓ Yes,completed
5,378,328,08-28,+7.7%,+1.40%,0.5070,12,✓ Yes,completed
5,378,329,08-28,+7.7%,+1.38%,0.5069,12,✓ Yes,completed
5,378,331,08-28,+7.6%,+1.34%,0.5067,12,✓ Yes,completed
5,378,332,08-28,+7.2%,+1.21%,0.5061,12,✓ Yes,completed
5,378,334,08-28,+7.1%,+1.19%,0.5059,12,✓ Yes,completed
5,378,335,08-28,+7.0%,+1.18%,0.5059,12,✓ Yes,completed
5,378,337,08-28,+7.0%,+1.18%,0.5059,12,✓ Yes,completed
5,378,338,08-28,+6.9%,+1.16%,0.5058,12,✓ Yes,completed
5,378,340,08-28,+6.9%,+1.16%,0.5058,12,✓ Yes,completed
5,378,341,08-28,+6.8%,+1.15%,0.5057,12,✓ Yes,completed
5,378,343,08-28,+6.7%,+1.14%,0.5057,12,✓ Yes,completed
5,378,344,08-28,+6.5%,+1.13%,0.5056,12,✓ Yes,completed
5,378,346,08-28,+6.5%,+1.13%,0.5056,12,✓ Yes,completed
5,378,347,08-28,+6.4%,+1.11%,0.5056,12,✓ Yes,completed
5,378,349,08-28,+6.4%,+1.11%,0.5055,12,✓ Yes,completed
5,378,350,08-28,+6.3%,+1.10%,0.5055,12,✓ Yes,completed
5,378,352,08-28,+6.3%,+1.08%,0.5054,12,✓ Yes,completed
5,378,353,08-28,+6.2%,+1.03%,0.5052,12,✓ Yes,completed
5,378,355,08-28,+6.1%,+1.02%,0.5051,12,✓ Yes,completed
5,378,357,08-28,+6.0%,+0.97%,0.5049,12,✓ Yes,completed
5,378,358,08-28,+6.0%,+0.94%,0.5047,12,✓ Yes,completed
5,378,360,08-28,+5.9%,+0.92%,0.5046,12,✓ Yes,completed
5,378,361,08-28,+5.9%,+0.90%,0.5045,12,✓ Yes,completed
5,378,363,08-28,+5.8%,+0.86%,0.5043,12,✓ Yes,completed
5,378,364,08-28,+5.7%,+0.82%,0.5041,12,✓ Yes,completed
5,378,366,08-28,+5.7%,+0.82%,0.5041,12,✓ Yes,completed
5,378,367,08-28,+5.6%,+0.78%,0.5039,12,✓ Yes,completed
5,378,369,08-28,+5.4%,+0.72%,0.5036,13,✓ Yes,completed
5,378,370,08-28,+5.3%,+0.69%,0.5034,13,✓ Yes,completed
5,378,372,08-28,+5.2%,+0.62%,0.5031,14,✓ Yes,completed
5,378,373,08-28,+5.1%,+0.58%,0.5029,14,✓ Yes,completed
5,378,375,08-28,+5.1%,+0.57%,0.5028,14,✓ Yes,completed
5,378,376,08-28,+4.9%,+0.50%,0.5025,14,✓ Yes,completed
5,378,378,08-28,+4.8%,+0.50%,0.5025,14,✓ Yes,completed
5,379,328,08-28,+7.4%,+1.28%,0.5064,11,✓ Yes,completed
5,379,329,08-28,+7.4%,+1.27%,0.5064,11,✓ Yes,completed
5,379,331,08-28,+7.3%,+1.24%,0.5062,11,✓ Yes,completed
5,379,332,08-28,+7.0%,+1.15%,0.5058,11,✓ Yes,completed
5,379,334,08-28,+6.8%,+1.14%,0.5057,11,✓ Yes,completed
5,379,335,08-28,+6.8%,+1.13%,0.5057,11,✓ Yes,completed
5,379,337,08-28,+6.8%,+1.13%,0.5057,11,✓ Yes,completed
5,379,338,08-28,+6.7%,+1.12%,0.5056,11,✓ Yes,completed
5,379,340,08-28,+6.7%,+1.12%,0.5056,11,✓ Yes,completed
5,379,341,08-28,+6.6%,+1.12%,0.5056,11,✓ Yes,completed
5,379,343,08-28,+6.5%,+1.11%,0.5055,11,✓ Yes,completed
5,379,344,08-28,+6.3%,+1.10%,0.5055,11,✓ Yes,completed
5,379,346,08-28,+6.3%,+1.09%,0.5055,11,✓ Yes,completed
5,379,347,08-28,+6.2%,+1.06%,0.5053,11,✓ Yes,completed
5,379,349,08-28,+6.2%,+1.04%,0.5052,11,✓ Yes,completed
5,379,351,08-28,+6.1%,+1.02%,0.5051,11,✓ Yes,completed
5,379,352,08-28,+6.1%,+0.97%,0.5049,11,✓ Yes,completed
5,379,354,08-28,+6.0%,+0.93%,0.5047,11,✓ Yes,completed
5,379,355,08-28,+5.9%,+0.89%,0.5045,11,✓ Yes,completed
5,379,357,08-28,+5.9%,+0.88%,0.5044,11,✓ Yes,completed
5,379,358,08-28,+5.8%,+0.85%,0.5043,11,✓ Yes,completed
5,379,360,08-28,+5.8%,+0.84%,0.5042,11,✓ Yes,completed
5,379,361,08-28,+5.8%,+0.82%,0.5041,11,✓ Yes,completed
5,379,363,08-28,+5.7%,+0.79%,0.5040,11,✓ Yes,completed
5,379,364,08-28,+5.6%,+0.77%,0.5038,11,✓ Yes,completed
5,379,366,08-28,+5.6%,+0.77%,0.5038,11,✓ Yes,completed
5,379,367,08-28,+5.5%,+0.74%,0.5037,11,✓ Yes,completed
5,379,369,08-28,+5.3%,+0.65%,0.5033,12,✓ Yes,completed
5,379,370,08-28,+5.2%,+0.62%,0.5031,12,✓ Yes,completed
5,379,372,08-28,+5.0%,+0.55%,0.5027,13,✓ Yes,completed
5,379,373,08-28,+4.9%,+0.52%,0.5026,13,✓ Yes,completed
5,379,375,08-28,+4.9%,+0.51%,0.5026,13,✓ Yes,completed
5,379,376,08-28,+4.7%,+0.48%,0.5024,13,✓ Yes,completed
5,379,378,08-28,+4.7%,+0.48%,0.5024,13,✓ Yes,completed
5,379,379,08-28,+4.3%,+0.41%,0.5020,16,✓ Yes,completed
5,365,328,08-29,+10.0%,+26.73%,0.6337,15,✗ No,budget_exceeded
5,365,329,08-29,+10.0%,+26.59%,0.6330,15,✗ No,budget_exceeded
5,365,331,08-29,+10.0%,+26.41%,0.6320,15,✗ No,budget_exceeded
5,365,332,08-29,+10.0%,+24.89%,0.6245,17,✗ No,budget_exceeded
5,365,334,08-29,+10.0%,+24.27%,0.6214,18,✗ No,budget_exceeded
5,365,335,08-29,+10.0%,+24.13%,0.6207,18,✗ No,budget_exceeded
5,365,337,08-29,+10.0%,+23.16%,0.6158,19,✗ No,budget_exceeded
5,365,339,08-29,+10.0%,+23.06%,0.6153,19,✗ No,budget_exceeded
5,365,340,08-29,+10.0%,+22.92%,0.6146,19,✗ No,budget_exceeded
5,365,342,08-29,+10.0%,+22.83%,0.6142,19,✗ No,budget_exceeded
5,365,343,08-29,+10.0%,+16.53%,0.5827,21,✗ No,budget_exceeded
5,365,345,08-29,+10.0%,+16.42%,0.5821,21,✗ No,budget_exceeded
5,365,346,08-29,+10.0%,+15.06%,0.5753,22,✗ No,budget_exceeded
5,365,348,08-29,+10.0%,+14.32%,0.5716,23,✗ No,budget_exceeded
5,365,349,08-29,+10.0%,+13.23%,0.5661,24,✗ No,budget_exceeded
5,365,351,08-29,+10.0%,+13.15%,0.5658,24,✗ No,budget_exceeded
5,365,352,08-29,+10.0%,+12.91%,0.5646,24,✗ No,budget_exceeded
5,365,354,08-29,+10.0%,+12.08%,0.5604,25,✗ No,budget_exceeded
5,365,355,08-29,+10.0%,+10.69%,0.5535,27,✗ No,budget_exceeded
5,365,357,08-29,+9.8%,+3.54%,0.5177,28,✓ Yes,completed
5,365,359,08-29,+9.3%,+3.34%,0.5167,29,✓ Yes,completed
5,365,360,08-29,+9.0%,+3.21%,0.5161,31,✓ Yes,completed
5,365,362,08-29,+8.8%,+3.10%,0.5155,31,✓ Yes,completed
5,365,363,08-29,+8.3%,+2.87%,0.5144,35,✓ Yes,completed
5,365,365,08-29,+8.1%,+2.78%,0.5139,38,✓ Yes,completed
5,366,328,08-29,+10.0%,+26.14%,0.6307,14,✗ No,budget_exceeded
5,366,329,08-29,+10.0%,+25.42%,0.6271,15,✗ No,budget_exceeded
5,366,331,08-29,+10.0%,+25.24%,0.6262,15,✗ No,budget_exceeded
5,366,332,08-29,+10.0%,+22.64%,0.6132,18,✗ No,budget_exceeded
5,366,334,08-29,+10.0%,+22.50%,0.6125,18,✗ No,budget_exceeded
5,366,336,08-29,+10.0%,+22.36%,0.6118,18,✗ No,budget_exceeded
5,366,337,08-29,+10.0%,+14.94%,0.5747,20,✗ No,budget_exceeded
5,366,339,08-29,+10.0%,+14.23%,0.5712,21,✗ No,budget_exceeded
5,366,340,08-29,+10.0%,+12.98%,0.5649,22,✗ No,budget_exceeded
5,366,342,08-29,+10.0%,+12.89%,0.5645,22,✗ No,budget_exceeded
5,366,343,08-29,+10.0%,+11.06%,0.5553,24,✗ No,budget_exceeded
5,366,345,08-29,+10.0%,+10.96%,0.5548,24,✗ No,budget_exceeded
5,366,346,08-29,+10.0%,+10.73%,0.5536,24,✗ No,budget_exceeded
5,366,348,08-29,+10.0%,+10.63%,0.5532,24,✗ No,budget_exceeded
5,366,349,08-29,+9.8%,+3.55%,0.5178,24,✓ Yes,completed
5,366,351,08-29,+9.8%,+3.52%,0.5176,24,✓ Yes,completed
5,366,352,08-29,+9.6%,+3.45%,0.5172,24,✓ Yes,completed
5,366,354,08-29,+9.5%,+3.41%,0.5170,24,✓ Yes,completed
5,366,356,08-29,+9.1%,+3.24%,0.5162,25,✓ Yes,completed
5,366,357,08-29,+8.9%,+3.15%,0.5158,25,✓ Yes,completed
5,366,359,08-29,+8.8%,+3.09%,0.5154,25,✓ Yes,completed
5,366,360,08-29,+8.5%,+2.98%,0.5149,26,✓ Yes,completed
5,366,362,08-29,+8.3%,+2.91%,0.5145,26,✓ Yes,completed
5,366,363,08-29,+7.9%,+2.66%,0.5133,27,✓ Yes,completed
5,366,365,08-29,+7.7%,+2.50%,0.5125,29,✓ Yes,completed
5,366,366,08-29,+7.4%,+2.28%,0.5114,33,✓ Yes,completed
5,368,328,08-29,+10.0%,+25.43%,0.6272,15,✗ No,budget_exceeded
5,368,329,08-29,+10.0%,+25.30%,0.6265,15,✗ No,budget_exceeded
5,368,331,08-29,+10.0%,+25.11%,0.6256,15,✗ No,budget_exceeded
5,368,332,08-29,+10.0%,+22.51%,0.6126,18,✗ No,budget_exceeded
5,368,334,08-29,+10.0%,+22.37%,0.6119,18,✗ No,budget_exceeded
5,368,335,08-29,+10.0%,+22.24%,0.6112,18,✗ No,budget_exceeded
5,368,337,08-29,+10.0%,+22.19%,0.6110,18,✗ No,budget_exceeded
5,368,338,08-29,+10.0%,+13.00%,0.5650,22,✗ No,budget_exceeded
5,368,340,08-29,+10.0%,+12.93%,0.5646,22,✗ No,budget_exceeded
5,368,341,08-29,+10.0%,+12.13%,0.5606,23,✗ No,budget_exceeded
5,368,343,08-29,+10.0%,+11.12%,0.5556,24,✗ No,budget_exceeded
5,368,344,08-29,+10.0%,+10.81%,0.5541,24,✗ No,budget_exceeded
5,368,346,08-29,+10.0%,+10.74%,0.5537,24,✗ No,budget_exceeded
5,368,347,08-29,+9.9%,+3.58%,0.5179,24,✓ Yes,completed
5,368,349,08-29,+9.8%,+3.55%,0.5177,24,✓ Yes,completed
5,368,350,08-29,+9.7%,+3.47%,0.5173,24,✓ Yes,completed
5,368,352,08-29,+9.6%,+3.43%,0.5172,24,✓ Yes,completed
5,368,353,08-29,+9.4%,+3.36%,0.5168,24,✓ Yes,completed
5,368,355,08-29,+9.3%,+3.35%,0.5167,24,✓ Yes,completed
5,368,356,08-29,+8.9%,+3.15%,0.5157,25,✓ Yes,completed
5,368,358,08-29,+8.8%,+3.09%,0.5154,25,✓ Yes,completed
5,368,359,08-29,+8.6%,+3.00%,0.5150,25,✓ Yes,completed
5,368,360,08-29,+8.4%,+2.94%,0.5147,26,✓ Yes,completed
5,368,362,08-29,+8.2%,+2.86%,0.5143,26,✓ Yes,completed
5,368,363,08-29,+7.7%,+2.52%,0.5126,27,✓ Yes,completed
5,368,365,08-29,+7.6%,+2.41%,0.5120,28,✓ Yes,completed
5,368,366,08-29,+7.3%,+2.21%,0.5110,31,✓ Yes,completed
5,368,368,08-29,+7.1%,+2.12%,0.5106,33,✓ Yes,completed
5,370,328,08-29,+10.0%,+13.98%,0.5699,15,✗ No,budget_exceeded
5,370,329,08-29,+10.0%,+12.90%,0.5645,16,✗ No,budget_exceeded
5,370,331,08-29,+10.0%,+12.81%,0.5641,16,✗ No,budget_exceeded
5,370,332,08-29,+10.0%,+10.58%,0.5529,19,✗ No,budget_exceeded
5,370,334,08-29,+10.0%,+3.52%,0.5176,19,✓ Yes,completed
5,370,335,08-29,+9.8%,+3.47%,0.5173,19,✓ Yes,completed
5,370,337,08-29,+9.8%,+3.46%,0.5173,19,✓ Yes,completed
5,370,338,08-29,+9.6%,+3.39%,0.5169,19,✓ Yes,completed
5,370,340,08-29,+9.5%,+3.37%,0.5168,19,✓ Yes,completed
5,370,341,08-29,+9.4%,+3.32%,0.5166,19,✓ Yes,completed
5,370,343,08-29,+9.2%,+3.30%,0.5165,19,✓ Yes,completed
5,370,344,08-29,+9.1%,+3.22%,0.5161,19,✓ Yes,completed
5,370,346,08-29,+9.0%,+3.19%,0.5160,19,✓ Yes,completed
5,370,347,08-29,+8.8%,+3.12%,0.5156,19,✓ Yes,completed
5,370,349,08-29,+8.8%,+3.09%,0.5154,19,✓ Yes,completed
5,370,350,08-29,+8.6%,+3.02%,0.5151,19,✓ Yes,completed
5,370,352,08-29,+8.6%,+3.00%,0.5150,19,✓ Yes,completed
5,370,353,08-29,+8.4%,+2.95%,0.5147,19,✓ Yes,completed
5,370,355,08-29,+8.4%,+2.93%,0.5146,19,✓ Yes,completed
5,370,356,08-29,+7.9%,+2.62%,0.5131,20,✓ Yes,completed
5,370,358,08-29,+7.8%,+2.55%,0.5127,20,✓ Yes,completed
5,370,359,08-29,+7.6%,+2.44%,0.5122,20,✓ Yes,completed
5,370,361,08-29,+7.5%,+2.37%,0.5119,21,✓ Yes,completed
5,370,362,08-29,+7.2%,+2.17%,0.5109,22,✓ Yes,completed
5,370,364,08-29,+7.0%,+2.07%,0.5103,22,✓ Yes,completed
5,370,365,08-29,+6.8%,+1.98%,0.5099,22,✓ Yes,completed
5,370,367,08-29,+6.7%,+1.95%,0.5097,22,✓ Yes,completed
5,370,368,08-29,+6.4%,+1.83%,0.5092,24,✓ Yes,completed
5,370,370,08-29,+6.3%,+1.77%,0.5088,26,✓ Yes,completed
5,371,328,08-29,+9.7%,+3.37%,0.5169,15,✓ Yes,completed
5,371,329,08-29,+9.6%,+3.34%,0.5167,15,✓ Yes,completed
5,371,331,08-29,+9.5%,+3.31%,0.5165,15,✓ Yes,completed
5,371,332,08-29,+9.1%,+3.18%,0.5159,15,✓ Yes,completed
5,371,334,08-29,+9.0%,+3.13%,0.5156,15,✓ Yes,completed
5,371,335,08-29,+8.8%,+3.08%,0.5154,15,✓ Yes,completed
5,371,337,08-29,+8.8%,+3.07%,0.5153,15,✓ Yes,completed
5,371,338,08-29,+8.7%,+3.00%,0.5150,15,✓ Yes,completed
5,371,340,08-29,+8.6%,+2.99%,0.5149,15,✓ Yes,completed
5,371,341,08-29,+8.5%,+2.94%,0.5147,15,✓ Yes,completed
5,371,343,08-29,+8.4%,+2.91%,0.5145,15,✓ Yes,completed
5,371,344,08-29,+8.2%,+2.86%,0.5143,15,✓ Yes,completed
5,371,346,08-29,+8.2%,+2.84%,0.5142,15,✓ Yes,completed
5,371,347,08-29,+8.1%,+2.76%,0.5138,15,✓ Yes,completed
5,371,349,08-29,+8.0%,+2.74%,0.5137,15,✓ Yes,completed
5,371,350,08-29,+7.9%,+2.65%,0.5133,15,✓ Yes,completed
5,371,352,08-29,+7.9%,+2.62%,0.5131,15,✓ Yes,completed
5,371,353,08-29,+7.7%,+2.51%,0.5125,15,✓ Yes,completed
5,371,355,08-29,+7.7%,+2.50%,0.5125,15,✓ Yes,completed
5,371,356,08-29,+7.2%,+2.23%,0.5111,16,✓ Yes,completed
5,371,358,08-29,+7.2%,+2.19%,0.5109,16,✓ Yes,completed
5,371,359,08-29,+7.1%,+2.13%,0.5107,16,✓ Yes,completed
5,371,361,08-29,+7.0%,+2.09%,0.5104,17,✓ Yes,completed
5,371,362,08-29,+6.7%,+1.94%,0.5097,18,✓ Yes,completed
5,371,364,08-29,+6.5%,+1.90%,0.5095,18,✓ Yes,completed
5,371,365,08-29,+6.4%,+1.85%,0.5093,18,✓ Yes,completed
5,371,367,08-29,+6.3%,+1.83%,0.5092,18,✓ Yes,completed
5,371,368,08-29,+6.1%,+1.65%,0.5083,20,✓ Yes,completed
5,371,370,08-29,+6.0%,+1.59%,0.5080,20,✓ Yes,completed
5,371,371,08-29,+5.8%,+1.46%,0.5073,22,✓ Yes,completed
5,373,328,08-29,+8.5%,+2.87%,0.5143,14,✓ Yes,completed
5,373,329,08-29,+8.4%,+2.85%,0.5142,14,✓ Yes,completed
5,373,331,08-29,+8.3%,+2.82%,0.5141,14,✓ Yes,completed
5,373,332,08-29,+7.9%,+2.61%,0.5130,14,✓ Yes,completed
5,373,334,08-29,+7.8%,+2.53%,0.5126,14,✓ Yes,completed
5,373,335,08-29,+7.8%,+2.49%,0.5124,14,✓ Yes,completed
5,373,337,08-29,+7.7%,+2.47%,0.5124,14,✓ Yes,completed
5,373,338,08-29,+7.6%,+2.38%,0.5119,14,✓ Yes,completed
5,373,340,08-29,+7.6%,+2.37%,0.5118,14,✓ Yes,completed
5,373,341,08-29,+7.5%,+2.31%,0.5115,14,✓ Yes,completed
5,373,343,08-29,+7.3%,+2.25%,0.5113,14,✓ Yes,completed
5,373,344,08-29,+7.2%,+2.19%,0.5109,14,✓ Yes,completed
5,373,346,08-29,+7.2%,+2.17%,0.5109,14,✓ Yes,completed
5,373,347,08-29,+7.0%,+2.10%,0.5105,14,✓ Yes,completed
5,373,349,08-29,+7.0%,+2.09%,0.5104,14,✓ Yes,completed
5,373,350,08-29,+6.9%,+2.03%,0.5101,14,✓ Yes,completed
5,373,352,08-29,+6.8%,+2.01%,0.5101,14,✓ Yes,completed
5,373,353,08-29,+6.7%,+1.95%,0.5098,14,✓ Yes,completed
5,373,355,08-29,+6.7%,+1.95%,0.5097,14,✓ Yes,completed
5,373,356,08-29,+6.6%,+1.91%,0.5096,14,✓ Yes,completed
5,373,358,08-29,+6.5%,+1.89%,0.5095,14,✓ Yes,completed
5,373,359,08-29,+6.4%,+1.86%,0.5093,14,✓ Yes,completed
5,373,361,08-29,+6.4%,+1.85%,0.5092,14,✓ Yes,completed
5,373,362,08-29,+6.2%,+1.77%,0.5089,14,✓ Yes,completed
5,373,364,08-29,+6.1%,+1.72%,0.5086,14,✓ Yes,completed
5,373,365,08-29,+6.1%,+1.70%,0.5085,14,✓ Yes,completed
5,373,367,08-29,+6.0%,+1.66%,0.5083,14,✓ Yes,completed
5,373,368,08-29,+5.8%,+1.49%,0.5075,15,✓ Yes,completed
5,373,370,08-29,+5.8%,+1.47%,0.5074,15,✓ Yes,completed
5,373,371,08-29,+5.6%,+1.38%,0.5069,16,✓ Yes,completed
5,373,373,08-29,+5.5%,+1.34%,0.5067,16,✓ Yes,completed
5,374,328,08-29,+8.3%,+2.78%,0.5139,13,✓ Yes,completed
5,374,329,08-29,+8.2%,+2.75%,0.5138,13,✓ Yes,completed
5,374,331,08-29,+8.1%,+2.70%,0.5135,13,✓ Yes,completed
5,374,332,08-29,+7.7%,+2.43%,0.5122,13,✓ Yes,completed
5,374,334,08-29,+7.6%,+2.36%,0.5118,13,✓ Yes,completed
5,374,335,08-29,+7.5%,+2.33%,0.5117,13,✓ Yes,completed
5,374,337,08-29,+7.5%,+2.32%,0.5116,13,✓ Yes,completed
5,374,338,08-29,+7.4%,+2.26%,0.5113,13,✓ Yes,completed
5,374,340,08-29,+7.4%,+2.25%,0.5112,13,✓ Yes,completed
5,374,341,08-29,+7.2%,+2.20%,0.5110,13,✓ Yes,completed
5,374,343,08-29,+7.1%,+2.14%,0.5107,13,✓ Yes,completed
5,374,344,08-29,+7.0%,+2.08%,0.5104,13,✓ Yes,completed
5,374,346,08-29,+7.0%,+2.06%,0.5103,13,✓ Yes,completed
5,374,347,08-29,+6.8%,+2.00%,0.5100,13,✓ Yes,completed
5,374,349,08-29,+6.8%,+1.99%,0.5099,13,✓ Yes,completed
5,374,350,08-29,+6.7%,+1.95%,0.5097,13,✓ Yes,completed
5,374,352,08-29,+6.7%,+1.94%,0.5097,13,✓ Yes,completed
5,374,353,08-29,+6.5%,+1.89%,0.5094,13,✓ Yes,completed
5,374,355,08-29,+6.5%,+1.88%,0.5094,13,✓ Yes,completed
5,374,356,08-29,+6.4%,+1.85%,0.5093,13,✓ Yes,completed
5,374,358,08-29,+6.3%,+1.83%,0.5092,13,✓ Yes,completed
5,374,359,08-29,+6.3%,+1.79%,0.5090,13,✓ Yes,completed
5,374,361,08-29,+6.2%,+1.77%,0.5089,13,✓ Yes,completed
5,374,362,08-29,+6.1%,+1.68%,0.5084,13,✓ Yes,completed
5,374,364,08-29,+6.0%,+1.63%,0.5081,13,✓ Yes,completed
5,374,365,08-29,+6.0%,+1.61%,0.5081,13,✓ Yes,completed
5,374,367,08-29,+5.9%,+1.57%,0.5079,13,✓ Yes,completed
5,374,368,08-29,+5.7%,+1.42%,0.5071,14,✓ Yes,completed
5,374,370,08-29,+5.7%,+1.40%,0.5070,14,✓ Yes,completed
5,374,371,08-29,+5.5%,+1.33%,0.5067,15,✓ Yes,completed
5,374,373,08-29,+5.4%,+1.29%,0.5065,15,✓ Yes,completed
5,374,374,08-29,+5.3%,+1.26%,0.5063,16,✓ Yes,completed
5,376,328,08-29,+7.7%,+2.38%,0.5119,12,✓ Yes,completed
5,376,329,08-29,+7.7%,+2.36%,0.5118,12,✓ Yes,completed
5,376,331,08-29,+7.6%,+2.31%,0.5115,12,✓ Yes,completed
5,376,332,08-29,+7.2%,+2.12%,0.5106,12,✓ Yes,completed
5,376,334,08-29,+7.1%,+2.07%,0.5103,12,✓ Yes,completed
5,376,335,08-29,+7.0%,+2.05%,0.5103,12,✓ Yes,completed
5,376,337,08-29,+7.0%,+2.04%,0.5102,12,✓ Yes,completed
5,376,338,08-29,+6.9%,+1.98%,0.5099,12,✓ Yes,completed
5,376,340,08-29,+6.9%,+1.98%,0.5099,12,✓ Yes,completed
5,376,341,08-29,+6.8%,+1.96%,0.5098,12,✓ Yes,completed
5,376,343,08-29,+6.7%,+1.92%,0.5096,12,✓ Yes,completed
5,376,344,08-29,+6.5%,+1.88%,0.5094,12,✓ Yes,completed
5,376,346,08-29,+6.5%,+1.88%,0.5094,12,✓ Yes,completed
5,376,347,08-29,+6.4%,+1.84%,0.5092,12,✓ Yes,completed
5,376,349,08-29,+6.4%,+1.83%,0.5091,12,✓ Yes,completed
5,376,350,08-29,+6.3%,+1.81%,0.5090,12,✓ Yes,completed
5,376,352,08-29,+6.3%,+1.79%,0.5090,12,✓ Yes,completed
5,376,353,08-29,+6.2%,+1.73%,0.5086,12,✓ Yes,completed
5,376,355,08-29,+6.1%,+1.71%,0.5086,12,✓ Yes,completed
5,376,356,08-29,+6.0%,+1.65%,0.5082,12,✓ Yes,completed
5,376,358,08-29,+6.0%,+1.64%,0.5082,12,✓ Yes,completed
5,376,359,08-29,+5.9%,+1.58%,0.5079,12,✓ Yes,completed
5,376,361,08-29,+5.9%,+1.55%,0.5078,12,✓ Yes,completed
5,376,362,08-29,+5.8%,+1.50%,0.5075,12,✓ Yes,completed
5,376,364,08-29,+5.8%,+1.45%,0.5073,12,✓ Yes,completed
5,376,365,08-29,+5.7%,+1.44%,0.5072,12,✓ Yes,completed
5,376,367,08-29,+5.7%,+1.41%,0.5071,12,✓ Yes,completed
5,376,368,08-29,+5.4%,+1.31%,0.5065,13,✓ Yes,completed
5,376,370,08-29,+5.4%,+1.29%,0.5065,13,✓ Yes,completed
5,376,372,08-29,+5.2%,+1.23%,0.5062,14,✓ Yes,completed
5,376,373,08-29,+5.1%,+1.20%,0.5060,14,✓ Yes,completed
5,376,375,08-29,+5.1%,+1.19%,0.5060,14,✓ Yes,completed
5,376,376,08-29,+4.9%,+1.14%,0.5057,14,✓ Yes,completed
5,378,328,08-29,+7.7%,+2.38%,0.5119,12,✓ Yes,completed
5,378,329,08-29,+7.7%,+2.36%,0.5118,12,✓ Yes,completed
5,378,331,08-29,+7.6%,+2.31%,0.5115,12,✓ Yes,completed
5,378,332,08-29,+7.2%,+2.12%,0.5106,12,✓ Yes,completed
5,378,334,08-29,+7.1%,+2.07%,0.5103,12,✓ Yes,completed
5,378,335,08-29,+7.0%,+2.05%,0.5103,12,✓ Yes,completed
5,378,337,08-29,+7.0%,+2.04%,0.5102,12,✓ Yes,completed
5,378,338,08-29,+6.9%,+1.98%,0.5099,12,✓ Yes,completed
5,378,340,08-29,+6.9%,+1.98%,0.5099,12,✓ Yes,completed
5,378,341,08-29,+6.8%,+1.96%,0.5098,12,✓ Yes,completed
5,378,343,08-29,+6.7%,+1.92%,0.5096,12,✓ Yes,completed
5,378,344,08-29,+6.5%,+1.88%,0.5094,12,✓ Yes,completed
5,378,346,08-29,+6.5%,+1.88%,0.5094,12,✓ Yes,completed
5,378,347,08-29,+6.4%,+1.84%,0.5092,12,✓ Yes,completed
5,378,349,08-29,+6.4%,+1.83%,0.5091,12,✓ Yes,completed
5,378,350,08-29,+6.3%,+1.81%,0.5090,12,✓ Yes,completed
5,378,352,08-29,+6.3%,+1.79%,0.5090,12,✓ Yes,completed
5,378,353,08-29,+6.2%,+1.73%,0.5086,12,✓ Yes,completed
5,378,355,08-29,+6.1%,+1.71%,0.5086,12,✓ Yes,completed
5,378,357,08-29,+6.0%,+1.65%,0.5082,12,✓ Yes,completed
5,378,358,08-29,+6.0%,+1.61%,0.5080,12,✓ Yes,completed
5,378,360,08-29,+5.9%,+1.58%,0.5079,12,✓ Yes,completed
5,378,361,08-29,+5.9%,+1.55%,0.5078,12,✓ Yes,completed
5,378,363,08-29,+5.8%,+1.50%,0.5075,12,✓ Yes,completed
5,378,364,08-29,+5.7%,+1.44%,0.5072,12,✓ Yes,completed
5,378,366,08-29,+5.7%,+1.44%,0.5072,12,✓ Yes,completed
5,378,367,08-29,+5.6%,+1.39%,0.5069,12,✓ Yes,completed
5,378,369,08-29,+5.4%,+1.31%,0.5065,13,✓ Yes,completed
5,378,370,08-29,+5.3%,+1.28%,0.5064,13,✓ Yes,completed
5,378,372,08-29,+5.2%,+1.23%,0.5061,14,✓ Yes,completed
5,378,373,08-29,+5.1%,+1.20%,0.5060,14,✓ Yes,completed
5,378,375,08-29,+5.1%,+1.19%,0.5059,14,✓ Yes,completed
5,378,376,08-29,+4.9%,+1.14%,0.5057,14,✓ Yes,completed
5,378,378,08-29,+4.8%,+1.13%,0.5057,14,✓ Yes,completed
5,379,328,08-29,+7.4%,+2.23%,0.5112,11,✓ Yes,completed
5,379,329,08-29,+7.4%,+2.22%,0.5111,11,✓ Yes,completed
5,379,331,08-29,+7.3%,+2.18%,0.5109,11,✓ Yes,completed
5,379,332,08-29,+7.0%,+2.01%,0.5100,11,✓ Yes,completed
5,379,334,08-29,+6.8%,+1.96%,0.5098,11,✓ Yes,completed
5,379,335,08-29,+6.8%,+1.94%,0.5097,11,✓ Yes,completed
5,379,337,08-29,+6.8%,+1.94%,0.5097,11,✓ Yes,completed
5,379,338,08-29,+6.7%,+1.90%,0.5095,11,✓ Yes,completed
5,379,340,08-29,+6.7%,+1.90%,0.5095,11,✓ Yes,completed
5,379,341,08-29,+6.6%,+1.88%,0.5094,11,✓ Yes,completed
5,379,343,08-29,+6.5%,+1.85%,0.5093,11,✓ Yes,completed
5,379,344,08-29,+6.3%,+1.81%,0.5091,11,✓ Yes,completed
5,379,346,08-29,+6.3%,+1.81%,0.5090,11,✓ Yes,completed
5,379,347,08-29,+6.2%,+1.76%,0.5088,11,✓ Yes,completed
5,379,349,08-29,+6.2%,+1.74%,0.5087,11,✓ Yes,completed
5,379,351,08-29,+6.1%,+1.71%,0.5085,11,✓ Yes,completed
5,379,352,08-29,+6.1%,+1.66%,0.5083,11,✓ Yes,completed
5,379,354,08-29,+6.0%,+1.60%,0.5080,11,✓ Yes,completed
5,379,355,08-29,+5.9%,+1.55%,0.5077,11,✓ Yes,completed
5,379,357,08-29,+5.9%,+1.53%,0.5077,11,✓ Yes,completed
5,379,358,08-29,+5.8%,+1.49%,0.5075,11,✓ Yes,completed
5,379,360,08-29,+5.8%,+1.47%,0.5074,11,✓ Yes,completed
5,379,361,08-29,+5.8%,+1.45%,0.5072,11,✓ Yes,completed
5,379,363,08-29,+5.7%,+1.41%,0.5071,11,✓ Yes,completed
5,379,364,08-29,+5.6%,+1.37%,0.5068,11,✓ Yes,completed
5,379,366,08-29,+5.6%,+1.37%,0.5068,11,✓ Yes,completed
5,379,367,08-29,+5.5%,+1.33%,0.5067,11,✓ Yes,completed
5,379,369,08-29,+5.3%,+1.25%,0.5063,12,✓ Yes,completed
5,379,370,08-29,+5.2%,+1.23%,0.5061,12,✓ Yes,completed
5,379,372,08-29,+5.0%,+1.17%,0.5059,13,✓ Yes,completed
5,379,373,08-29,+4.9%,+1.16%,0.5058,13,✓ Yes,completed
5,379,375,08-29,+4.9%,+1.15%,0.5057,13,✓ Yes,completed
5,379,376,08-29,+4.7%,+1.11%,0.5056,13,✓ Yes,completed
5,379,378,08-29,+4.7%,+1.11%,0.5055,13,✓ Yes,completed
5,379,379,08-29,+4.3%,+0.99%,0.5050,16,✓ Yes,completed
5,365,328,08-30,+10.0%,+28.82%,0.6441,15,✗ No,budget_exceeded
5,365,329,08-30,+10.0%,+28.69%,0.6434,15,✗ No,budget_exceeded
5,365,331,08-30,+10.0%,+28.50%,0.6425,15,✗ No,budget_exceeded
5,365,332,08-30,+10.0%,+26.99%,0.6350,17,✗ No,budget_exceeded
5,365,334,08-30,+10.0%,+26.37%,0.6319,18,✗ No,budget_exceeded
5,365,335,08-30,+10.0%,+26.24%,0.6312,18,✗ No,budget_exceeded
5,365,337,08-30,+10.0%,+25.27%,0.6263,19,✗ No,budget_exceeded
5,365,339,08-30,+10.0%,+25.17%,0.6259,19,✗ No,budget_exceeded
5,365,340,08-30,+10.0%,+25.03%,0.6252,19,✗ No,budget_exceeded
5,365,342,08-30,+10.0%,+24.94%,0.6247,19,✗ No,budget_exceeded
5,365,343,08-30,+10.0%,+18.67%,0.5934,21,✗ No,budget_exceeded
5,365,345,08-30,+10.0%,+18.55%,0.5928,21,✗ No,budget_exceeded
5,365,346,08-30,+10.0%,+17.20%,0.5860,22,✗ No,budget_exceeded
5,365,348,08-30,+10.0%,+16.47%,0.5824,23,✗ No,budget_exceeded
5,365,349,08-30,+10.0%,+15.38%,0.5769,24,✗ No,budget_exceeded
5,365,351,08-30,+10.0%,+15.31%,0.5765,24,✗ No,budget_exceeded
5,365,352,08-30,+10.0%,+15.07%,0.5753,24,✗ No,budget_exceeded
5,365,354,08-30,+10.0%,+14.24%,0.5712,25,✗ No,budget_exceeded
5,365,355,08-30,+10.0%,+12.86%,0.5643,27,✗ No,budget_exceeded
5,365,357,08-30,+9.8%,+4.06%,0.5203,28,✓ Yes,completed
5,365,359,08-30,+9.3%,+3.91%,0.5195,29,✓ Yes,completed
5,365,360,08-30,+9.0%,+3.84%,0.5192,31,✓ Yes,completed
5,365,362,08-30,+8.8%,+3.78%,0.5189,31,✓ Yes,completed
5,365,363,08-30,+8.3%,+3.65%,0.5183,35,✓ Yes,completed
5,365,365,08-30,+8.1%,+3.61%,0.5180,38,✓ Yes,completed
5,366,328,08-30,+10.0%,+28.24%,0.6412,14,✗ No,budget_exceeded
5,366,329,08-30,+10.0%,+27.52%,0.6376,15,✗ No,budget_exceeded
5,366,331,08-30,+10.0%,+27.34%,0.6367,15,✗ No,budget_exceeded
5,366,332,08-30,+10.0%,+24.75%,0.6237,18,✗ No,budget_exceeded
5,366,334,08-30,+10.0%,+24.61%,0.6231,18,✗ No,budget_exceeded
5,366,336,08-30,+10.0%,+24.47%,0.6224,18,✗ No,budget_exceeded
5,366,337,08-30,+10.0%,+17.09%,0.5854,20,✗ No,budget_exceeded
5,366,339,08-30,+10.0%,+16.38%,0.5819,21,✗ No,budget_exceeded
5,366,340,08-30,+10.0%,+15.14%,0.5757,22,✗ No,budget_exceeded
5,366,342,08-30,+10.0%,+15.04%,0.5752,22,✗ No,budget_exceeded
5,366,343,08-30,+10.0%,+13.22%,0.5661,24,✗ No,budget_exceeded
5,366,345,08-30,+10.0%,+13.13%,0.5656,24,✗ No,budget_exceeded
5,366,346,08-30,+10.0%,+12.89%,0.5644,24,✗ No,budget_exceeded
5,366,348,08-30,+10.0%,+12.79%,0.5640,24,✗ No,budget_exceeded
5,366,349,08-30,+9.8%,+4.08%,0.5204,24,✓ Yes,completed
5,366,351,08-30,+9.8%,+4.05%,0.5203,24,✓ Yes,completed
5,366,352,08-30,+9.6%,+3.98%,0.5199,24,✓ Yes,completed
5,366,354,08-30,+9.5%,+3.94%,0.5197,24,✓ Yes,completed
5,366,356,08-30,+9.1%,+3.86%,0.5193,25,✓ Yes,completed
5,366,357,08-30,+8.9%,+3.81%,0.5191,25,✓ Yes,completed
5,366,359,08-30,+8.8%,+3.78%,0.5189,25,✓ Yes,completed
5,366,360,08-30,+8.5%,+3.71%,0.5186,26,✓ Yes,completed
5,366,362,08-30,+8.3%,+3.68%,0.5184,26,✓ Yes,completed
5,366,363,08-30,+7.9%,+3.56%,0.5178,27,✓ Yes,completed
5,366,365,08-30,+7.7%,+3.47%,0.5173,29,✓ Yes,completed
5,366,366,08-30,+7.4%,+3.34%,0.5167,33,✓ Yes,completed
5,368,328,08-30,+10.0%,+27.53%,0.6377,15,✗ No,budget_exceeded
5,368,329,08-30,+10.0%,+27.40%,0.6370,15,✗ No,budget_exceeded
5,368,331,08-30,+10.0%,+27.21%,0.6361,15,✗ No,budget_exceeded
5,368,332,08-30,+10.0%,+24.62%,0.6231,18,✗ No,budget_exceeded
5,368,334,08-30,+10.0%,+24.49%,0.6224,18,✗ No,budget_exceeded
5,368,335,08-30,+10.0%,+24.35%,0.6217,18,✗ No,budget_exceeded
5,368,337,08-30,+10.0%,+24.30%,0.6215,18,✗ No,budget_exceeded
5,368,338,08-30,+10.0%,+15.15%,0.5758,22,✗ No,budget_exceeded
5,368,340,08-30,+10.0%,+15.08%,0.5754,22,✗ No,budget_exceeded
5,368,341,08-30,+10.0%,+14.28%,0.5714,23,✗ No,budget_exceeded
5,368,343,08-30,+10.0%,+13.28%,0.5664,24,✗ No,budget_exceeded
5,368,344,08-30,+10.0%,+12.98%,0.5649,24,✗ No,budget_exceeded
5,368,346,08-30,+10.0%,+12.91%,0.5645,24,✗ No,budget_exceeded
5,368,347,08-30,+9.9%,+4.10%,0.5205,24,✓ Yes,completed
5,368,349,08-30,+9.8%,+4.08%,0.5204,24,✓ Yes,completed
5,368,350,08-30,+9.7%,+4.00%,0.5200,24,✓ Yes,completed
5,368,352,08-30,+9.6%,+3.97%,0.5198,24,✓ Yes,completed
5,368,353,08-30,+9.4%,+3.92%,0.5196,24,✓ Yes,completed
5,368,355,08-30,+9.3%,+3.91%,0.5196,24,✓ Yes,completed
5,368,356,08-30,+8.9%,+3.81%,0.5190,25,✓ Yes,completed
5,368,358,08-30,+8.8%,+3.77%,0.5189,25,✓ Yes,completed
5,368,359,08-30,+8.6%,+3.72%,0.5186,25,✓ Yes,completed
5,368,360,08-30,+8.4%,+3.69%,0.5185,26,✓ Yes,completed
5,368,362,08-30,+8.2%,+3.66%,0.5183,26,✓ Yes,completed
5,368,363,08-30,+7.7%,+3.48%,0.5174,27,✓ Yes,completed
5,368,365,08-30,+7.6%,+3.41%,0.5170,28,✓ Yes,completed
5,368,366,08-30,+7.3%,+3.28%,0.5164,31,✓ Yes,completed
5,368,368,08-30,+7.1%,+3.19%,0.5159,33,✓ Yes,completed
5,370,328,08-30,+10.0%,+16.13%,0.5807,15,✗ No,budget_exceeded
5,370,329,08-30,+10.0%,+15.06%,0.5753,16,✗ No,budget_exceeded
5,370,331,08-30,+10.0%,+14.96%,0.5748,16,✗ No,budget_exceeded
5,370,332,08-30,+10.0%,+12.74%,0.5637,19,✗ No,budget_exceeded
5,370,334,08-30,+10.0%,+4.04%,0.5202,19,✓ Yes,completed
5,370,335,08-30,+9.8%,+4.00%,0.5200,19,✓ Yes,completed
5,370,337,08-30,+9.8%,+3.99%,0.5200,19,✓ Yes,completed
5,370,338,08-30,+9.6%,+3.92%,0.5196,19,✓ Yes,completed
5,370,340,08-30,+9.5%,+3.90%,0.5195,19,✓ Yes,completed
5,370,341,08-30,+9.4%,+3.88%,0.5194,19,✓ Yes,completed
5,370,343,08-30,+9.2%,+3.87%,0.5194,19,✓ Yes,completed
5,370,344,08-30,+9.1%,+3.84%,0.5192,19,✓ Yes,completed
5,370,346,08-30,+9.0%,+3.83%,0.5191,19,✓ Yes,completed
5,370,347,08-30,+8.8%,+3.79%,0.5189,19,✓ Yes,completed
5,370,349,08-30,+8.8%,+3.77%,0.5188,19,✓ Yes,completed
5,370,350,08-30,+8.6%,+3.73%,0.5187,19,✓ Yes,completed
5,370,352,08-30,+8.6%,+3.72%,0.5186,19,✓ Yes,completed
5,370,353,08-30,+8.4%,+3.70%,0.5185,19,✓ Yes,completed
5,370,355,08-30,+8.4%,+3.69%,0.5185,19,✓ Yes,completed
5,370,356,08-30,+7.9%,+3.55%,0.5177,20,✓ Yes,completed
5,370,358,08-30,+7.8%,+3.50%,0.5175,20,✓ Yes,completed
5,370,359,08-30,+7.6%,+3.43%,0.5172,20,✓ Yes,completed
5,370,361,08-30,+7.5%,+3.40%,0.5170,21,✓ Yes,completed
5,370,362,08-30,+7.2%,+3.25%,0.5162,22,✓ Yes,completed
5,370,364,08-30,+7.0%,+3.14%,0.5157,22,✓ Yes,completed
5,370,365,08-30,+6.8%,+3.05%,0.5153,22,✓ Yes,completed
5,370,367,08-30,+6.7%,+3.02%,0.5151,22,✓ Yes,completed
5,370,368,08-30,+6.4%,+2.90%,0.5145,24,✓ Yes,completed
5,370,370,08-30,+6.3%,+2.82%,0.5141,26,✓ Yes,completed
5,371,328,08-30,+9.7%,+3.90%,0.5195,15,✓ Yes,completed
5,371,329,08-30,+9.6%,+3.87%,0.5194,15,✓ Yes,completed
5,371,331,08-30,+9.5%,+3.85%,0.5192,15,✓ Yes,completed
5,371,332,08-30,+9.1%,+3.80%,0.5190,15,✓ Yes,completed
5,371,334,08-30,+9.0%,+3.77%,0.5189,15,✓ Yes,completed
5,371,335,08-30,+8.8%,+3.75%,0.5187,15,✓ Yes,completed
5,371,337,08-30,+8.8%,+3.74%,0.5187,15,✓ Yes,completed
5,371,338,08-30,+8.7%,+3.70%,0.5185,15,✓ Yes,completed
5,371,340,08-30,+8.6%,+3.70%,0.5185,15,✓ Yes,completed
5,371,341,08-30,+8.5%,+3.68%,0.5184,15,✓ Yes,completed
5,371,343,08-30,+8.4%,+3.67%,0.5184,15,✓ Yes,completed
5,371,344,08-30,+8.2%,+3.66%,0.5183,15,✓ Yes,completed
5,371,346,08-30,+8.2%,+3.65%,0.5183,15,✓ Yes,completed
5,371,347,08-30,+8.1%,+3.62%,0.5181,15,✓ Yes,completed
5,371,349,08-30,+8.0%,+3.61%,0.5180,15,✓ Yes,completed
5,371,350,08-30,+7.9%,+3.56%,0.5178,15,✓ Yes,completed
5,371,352,08-30,+7.9%,+3.55%,0.5177,15,✓ Yes,completed
5,371,353,08-30,+7.7%,+3.48%,0.5174,15,✓ Yes,completed
5,371,355,08-30,+7.7%,+3.47%,0.5174,15,✓ Yes,completed
5,371,356,08-30,+7.2%,+3.30%,0.5165,16,✓ Yes,completed
5,371,358,08-30,+7.2%,+3.26%,0.5163,16,✓ Yes,completed
5,371,359,08-30,+7.1%,+3.21%,0.5160,16,✓ Yes,completed
5,371,361,08-30,+7.0%,+3.16%,0.5158,17,✓ Yes,completed
5,371,362,08-30,+6.7%,+3.02%,0.5151,18,✓ Yes,completed
5,371,364,08-30,+6.5%,+2.97%,0.5148,18,✓ Yes,completed
5,371,365,08-30,+6.4%,+2.92%,0.5146,18,✓ Yes,completed
5,371,367,08-30,+6.3%,+2.89%,0.5145,18,✓ Yes,completed
5,371,368,08-30,+6.1%,+2.67%,0.5134,20,✓ Yes,completed
5,371,370,08-30,+6.0%,+2.61%,0.5131,20,✓ Yes,completed
5,371,371,08-30,+5.8%,+2.47%,0.5123,22,✓ Yes,completed
5,373,328,08-30,+8.5%,+3.60%,0.5180,14,✓ Yes,completed
5,373,329,08-30,+8.4%,+3.59%,0.5180,14,✓ Yes,completed
5,373,331,08-30,+8.3%,+3.59%,0.5180,14,✓ Yes,completed
5,373,332,08-30,+7.9%,+3.51%,0.5175,14,✓ Yes,completed
5,373,334,08-30,+7.8%,+3.46%,0.5173,14,✓ Yes,completed
5,373,335,08-30,+7.8%,+3.44%,0.5172,14,✓ Yes,completed
5,373,337,08-30,+7.7%,+3.43%,0.5172,14,✓ Yes,completed
5,373,338,08-30,+7.6%,+3.38%,0.5169,14,✓ Yes,completed
5,373,340,08-30,+7.6%,+3.37%,0.5169,14,✓ Yes,completed
5,373,341,08-30,+7.5%,+3.35%,0.5167,14,✓ Yes,completed
5,373,343,08-30,+7.3%,+3.33%,0.5166,14,✓ Yes,completed
5,373,344,08-30,+7.2%,+3.26%,0.5163,14,✓ Yes,completed
5,373,346,08-30,+7.2%,+3.25%,0.5162,14,✓ Yes,completed
5,373,347,08-30,+7.0%,+3.18%,0.5159,14,✓ Yes,completed
5,373,349,08-30,+7.0%,+3.16%,0.5158,14,✓ Yes,completed
5,373,350,08-30,+6.9%,+3.10%,0.5155,14,✓ Yes,completed
5,373,352,08-30,+6.8%,+3.09%,0.5154,14,✓ Yes,completed
5,373,353,08-30,+6.7%,+3.03%,0.5152,14,✓ Yes,completed
5,373,355,08-30,+6.7%,+3.02%,0.5151,14,✓ Yes,completed
5,373,356,08-30,+6.6%,+2.98%,0.5149,14,✓ Yes,completed
5,373,358,08-30,+6.5%,+2.96%,0.5148,14,✓ Yes,completed
5,373,359,08-30,+6.4%,+2.92%,0.5146,14,✓ Yes,completed
5,373,361,08-30,+6.4%,+2.91%,0.5145,14,✓ Yes,completed
5,373,362,08-30,+6.2%,+2.81%,0.5141,14,✓ Yes,completed
5,373,364,08-30,+6.1%,+2.75%,0.5138,14,✓ Yes,completed
5,373,365,08-30,+6.1%,+2.72%,0.5136,14,✓ Yes,completed
5,373,367,08-30,+6.0%,+2.68%,0.5134,14,✓ Yes,completed
5,373,368,08-30,+5.8%,+2.51%,0.5125,15,✓ Yes,completed
5,373,370,08-30,+5.8%,+2.48%,0.5124,15,✓ Yes,completed
5,373,371,08-30,+5.6%,+2.38%,0.5119,16,✓ Yes,completed
5,373,373,08-30,+5.5%,+2.31%,0.5116,16,✓ Yes,completed
5,374,328,08-30,+8.3%,+3.57%,0.5178,13,✓ Yes,completed
5,374,329,08-30,+8.2%,+3.56%,0.5178,13,✓ Yes,completed
5,374,331,08-30,+8.1%,+3.55%,0.5177,13,✓ Yes,completed
5,374,332,08-30,+7.7%,+3.40%,0.5170,13,✓ Yes,completed
5,374,334,08-30,+7.6%,+3.36%,0.5168,13,✓ Yes,completed
5,374,335,08-30,+7.5%,+3.35%,0.5167,13,✓ Yes,completed
5,374,337,08-30,+7.5%,+3.34%,0.5167,13,✓ Yes,completed
5,374,338,08-30,+7.4%,+3.32%,0.5166,13,✓ Yes,completed
5,374,340,08-30,+7.4%,+3.32%,0.5166,13,✓ Yes,completed
5,374,341,08-30,+7.2%,+3.27%,0.5164,13,✓ Yes,completed
5,374,343,08-30,+7.1%,+3.21%,0.5161,13,✓ Yes,completed
5,374,344,08-30,+7.0%,+3.15%,0.5157,13,✓ Yes,completed
5,374,346,08-30,+7.0%,+3.13%,0.5156,13,✓ Yes,completed
5,374,347,08-30,+6.8%,+3.08%,0.5154,13,✓ Yes,completed
5,374,349,08-30,+6.8%,+3.06%,0.5153,13,✓ Yes,completed
5,374,350,08-30,+6.7%,+3.03%,0.5151,13,✓ Yes,completed
5,374,352,08-30,+6.7%,+3.01%,0.5151,13,✓ Yes,completed
5,374,353,08-30,+6.5%,+2.96%,0.5148,13,✓ Yes,completed
5,374,355,08-30,+6.5%,+2.95%,0.5147,13,✓ Yes,completed
5,374,356,08-30,+6.4%,+2.91%,0.5146,13,✓ Yes,completed
5,374,358,08-30,+6.3%,+2.89%,0.5144,13,✓ Yes,completed
5,374,359,08-30,+6.3%,+2.84%,0.5142,13,✓ Yes,completed
5,374,361,08-30,+6.2%,+2.81%,0.5141,13,✓ Yes,completed
5,374,362,08-30,+6.1%,+2.71%,0.5135,13,✓ Yes,completed
5,374,364,08-30,+6.0%,+2.65%,0.5132,13,✓ Yes,completed
5,374,365,08-30,+6.0%,+2.63%,0.5132,13,✓ Yes,completed
5,374,367,08-30,+5.9%,+2.59%,0.5129,13,✓ Yes,completed
5,374,368,08-30,+5.7%,+2.42%,0.5121,14,✓ Yes,completed
5,374,370,08-30,+5.7%,+2.40%,0.5120,14,✓ Yes,completed
5,374,371,08-30,+5.5%,+2.31%,0.5115,15,✓ Yes,completed
5,374,373,08-30,+5.4%,+2.25%,0.5113,15,✓ Yes,completed
5,374,374,08-30,+5.3%,+2.20%,0.5110,16,✓ Yes,completed
5,376,328,08-30,+7.7%,+3.36%,0.5168,12,✓ Yes,completed
5,376,329,08-30,+7.7%,+3.35%,0.5167,12,✓ Yes,completed
5,376,331,08-30,+7.6%,+3.32%,0.5166,12,✓ Yes,completed
5,376,332,08-30,+7.2%,+3.20%,0.5160,12,✓ Yes,completed
5,376,334,08-30,+7.1%,+3.14%,0.5157,12,✓ Yes,completed
5,376,335,08-30,+7.0%,+3.12%,0.5156,12,✓ Yes,completed
5,376,337,08-30,+7.0%,+3.12%,0.5156,12,✓ Yes,completed
5,376,338,08-30,+6.9%,+3.06%,0.5153,12,✓ Yes,completed
5,376,340,08-30,+6.9%,+3.06%,0.5153,12,✓ Yes,completed
5,376,341,08-30,+6.8%,+3.03%,0.5152,12,✓ Yes,completed
5,376,343,08-30,+6.7%,+2.99%,0.5150,12,✓ Yes,completed
5,376,344,08-30,+6.5%,+2.95%,0.5148,12,✓ Yes,completed
5,376,346,08-30,+6.5%,+2.94%,0.5147,12,✓ Yes,completed
5,376,347,08-30,+6.4%,+2.90%,0.5145,12,✓ Yes,completed
5,376,349,08-30,+6.4%,+2.89%,0.5144,12,✓ Yes,completed
5,376,350,08-30,+6.3%,+2.86%,0.5143,12,✓ Yes,completed
5,376,352,08-30,+6.3%,+2.84%,0.5142,12,✓ Yes,completed
5,376,353,08-30,+6.2%,+2.76%,0.5138,12,✓ Yes,completed
5,376,355,08-30,+6.1%,+2.74%,0.5137,12,✓ Yes,completed
5,376,356,08-30,+6.0%,+2.67%,0.5134,12,✓ Yes,completed
5,376,358,08-30,+6.0%,+2.66%,0.5133,12,✓ Yes,completed
5,376,359,08-30,+5.9%,+2.60%,0.5130,12,✓ Yes,completed
5,376,361,08-30,+5.9%,+2.57%,0.5128,12,✓ Yes,completed
5,376,362,08-30,+5.8%,+2.51%,0.5126,12,✓ Yes,completed
5,376,364,08-30,+5.8%,+2.46%,0.5123,12,✓ Yes,completed
5,376,365,08-30,+5.7%,+2.45%,0.5122,12,✓ Yes,completed
5,376,367,08-30,+5.7%,+2.41%,0.5121,12,✓ Yes,completed
5,376,368,08-30,+5.4%,+2.27%,0.5113,13,✓ Yes,completed
5,376,370,08-30,+5.4%,+2.25%,0.5112,13,✓ Yes,completed
5,376,372,08-30,+5.2%,+2.15%,0.5108,14,✓ Yes,completed
5,376,373,08-30,+5.1%,+2.10%,0.5105,14,✓ Yes,completed
5,376,375,08-30,+5.1%,+2.08%,0.5104,14,✓ Yes,completed
5,376,376,08-30,+4.9%,+1.97%,0.5099,14,✓ Yes,completed
5,378,328,08-30,+7.7%,+3.36%,0.5168,12,✓ Yes,completed
5,378,329,08-30,+7.7%,+3.35%,0.5167,12,✓ Yes,completed
5,378,331,08-30,+7.6%,+3.32%,0.5166,12,✓ Yes,completed
5,378,332,08-30,+7.2%,+3.20%,0.5160,12,✓ Yes,completed
5,378,334,08-30,+7.1%,+3.14%,0.5157,12,✓ Yes,completed
5,378,335,08-30,+7.0%,+3.12%,0.5156,12,✓ Yes,completed
5,378,337,08-30,+7.0%,+3.12%,0.5156,12,✓ Yes,completed
5,378,338,08-30,+6.9%,+3.06%,0.5153,12,✓ Yes,completed
5,378,340,08-30,+6.9%,+3.06%,0.5153,12,✓ Yes,completed
5,378,341,08-30,+6.8%,+3.03%,0.5152,12,✓ Yes,completed
5,378,343,08-30,+6.7%,+2.99%,0.5150,12,✓ Yes,completed
5,378,344,08-30,+6.5%,+2.95%,0.5148,12,✓ Yes,completed
5,378,346,08-30,+6.5%,+2.94%,0.5147,12,✓ Yes,completed
5,378,347,08-30,+6.4%,+2.90%,0.5145,12,✓ Yes,completed
5,378,349,08-30,+6.4%,+2.89%,0.5144,12,✓ Yes,completed
5,378,350,08-30,+6.3%,+2.86%,0.5143,12,✓ Yes,completed
5,378,352,08-30,+6.3%,+2.84%,0.5142,12,✓ Yes,completed
5,378,353,08-30,+6.2%,+2.76%,0.5138,12,✓ Yes,completed
5,378,355,08-30,+6.1%,+2.74%,0.5137,12,✓ Yes,completed
5,378,357,08-30,+6.0%,+2.67%,0.5134,12,✓ Yes,completed
5,378,358,08-30,+6.0%,+2.63%,0.5131,12,✓ Yes,completed
5,378,360,08-30,+5.9%,+2.60%,0.5130,12,✓ Yes,completed
5,378,361,08-30,+5.9%,+2.57%,0.5128,12,✓ Yes,completed
5,378,363,08-30,+5.8%,+2.51%,0.5126,12,✓ Yes,completed
5,378,364,08-30,+5.7%,+2.45%,0.5122,12,✓ Yes,completed
5,378,366,08-30,+5.7%,+2.45%,0.5122,12,✓ Yes,completed
5,378,367,08-30,+5.6%,+2.38%,0.5119,12,✓ Yes,completed
5,378,369,08-30,+5.4%,+2.27%,0.5113,13,✓ Yes,completed
5,378,370,08-30,+5.3%,+2.22%,0.5111,13,✓ Yes,completed
5,378,372,08-30,+5.2%,+2.14%,0.5107,14,✓ Yes,completed
5,378,373,08-30,+5.1%,+2.09%,0.5104,14,✓ Yes,completed
5,378,375,08-30,+5.1%,+2.07%,0.5103,14,✓ Yes,completed
5,378,376,08-30,+4.9%,+1.96%,0.5098,14,✓ Yes,completed
5,378,378,08-30,+4.8%,+1.95%,0.5097,14,✓ Yes,completed
5,379,328,08-30,+7.4%,+3.28%,0.5164,11,✓ Yes,completed
5,379,329,08-30,+7.4%,+3.28%,0.5164,11,✓ Yes,completed
5,379,331,08-30,+7.3%,+3.26%,0.5163,11,✓ Yes,completed
5,379,332,08-30,+7.0%,+3.08%,0.5154,11,✓ Yes,completed
5,379,334,08-30,+6.8%,+3.03%,0.5152,11,✓ Yes,completed
5,379,335,08-30,+6.8%,+3.02%,0.5151,11,✓ Yes,completed
5,379,337,08-30,+6.8%,+3.01%,0.5151,11,✓ Yes,completed
5,379,338,08-30,+6.7%,+2.98%,0.5149,11,✓ Yes,completed
5,379,340,08-30,+6.7%,+2.98%,0.5149,11,✓ Yes,completed
5,379,341,08-30,+6.6%,+2.96%,0.5148,11,✓ Yes,completed
5,379,343,08-30,+6.5%,+2.92%,0.5146,11,✓ Yes,completed
5,379,344,08-30,+6.3%,+2.87%,0.5144,11,✓ Yes,completed
5,379,346,08-30,+6.3%,+2.86%,0.5143,11,✓ Yes,completed
5,379,347,08-30,+6.2%,+2.80%,0.5140,11,✓ Yes,completed
5,379,349,08-30,+6.2%,+2.78%,0.5139,11,✓ Yes,completed
5,379,351,08-30,+6.1%,+2.74%,0.5137,11,✓ Yes,completed
5,379,352,08-30,+6.1%,+2.68%,0.5134,11,✓ Yes,completed
5,379,354,08-30,+6.0%,+2.62%,0.5131,11,✓ Yes,completed
5,379,355,08-30,+5.9%,+2.56%,0.5128,11,✓ Yes,completed
5,379,357,08-30,+5.9%,+2.55%,0.5127,11,✓ Yes,completed
5,379,358,08-30,+5.8%,+2.51%,0.5125,11,✓ Yes,completed
5,379,360,08-30,+5.8%,+2.48%,0.5124,11,✓ Yes,completed
5,379,361,08-30,+5.8%,+2.46%,0.5123,11,✓ Yes,completed
5,379,363,08-30,+5.7%,+2.41%,0.5120,11,✓ Yes,completed
5,379,364,08-30,+5.6%,+2.36%,0.5118,11,✓ Yes,completed
5,379,366,08-30,+5.6%,+2.36%,0.5118,11,✓ Yes,completed
5,379,367,08-30,+5.5%,+2.30%,0.5115,11,✓ Yes,completed
5,379,369,08-30,+5.3%,+2.18%,0.5109,12,✓ Yes,completed
5,379,370,08-30,+5.2%,+2.14%,0.5107,12,✓ Yes,completed
5,379,372,08-30,+5.0%,+2.03%,0.5102,13,✓ Yes,completed
5,379,373,08-30,+4.9%,+2.00%,0.5100,13,✓ Yes,completed
5,379,375,08-30,+4.9%,+1.98%,0.5099,13,✓ Yes,completed
5,379,376,08-30,+4.7%,+1.91%,0.5095,13,✓ Yes,completed
5,379,378,08-30,+4.7%,+1.89%,0.5095,13,✓ Yes,completed
5,379,379,08-30,+4.3%,+1.72%,0.5086,16,✓ Yes,completed
5,365,328,08-31,+10.0%,+30.46%,0.6523,15,✗ No,budget_exceeded
5,365,329,08-31,+10.0%,+30.32%,0.6516,15,✗ No,budget_exceeded
5,365,331,08-31,+10.0%,+30.14%,0.6507,15,✗ No,budget_exceeded
5,365,332,08-31,+10.0%,+28.64%,0.6432,17,✗ No,budget_exceeded
5,365,334,08-31,+10.0%,+28.02%,0.6401,18,✗ No,budget_exceeded
5,365,335,08-31,+10.0%,+27.89%,0.6394,18,✗ No,budget_exceeded
5,365,337,08-31,+10.0%,+26.92%,0.6346,19,✗ No,budget_exceeded
5,365,339,08-31,+10.0%,+26.83%,0.6341,19,✗ No,budget_exceeded
5,365,340,08-31,+10.0%,+26.69%,0.6335,19,✗ No,budget_exceeded
5,365,342,08-31,+10.0%,+26.60%,0.6330,19,✗ No,budget_exceeded
5,365,343,08-31,+10.0%,+20.36%,0.6018,21,✗ No,budget_exceeded
5,365,345,08-31,+10.0%,+20.24%,0.6012,21,✗ No,budget_exceeded
5,365,346,08-31,+10.0%,+18.90%,0.5945,22,✗ No,budget_exceeded
5,365,348,08-31,+10.0%,+18.17%,0.5908,23,✗ No,budget_exceeded
5,365,349,08-31,+10.0%,+17.08%,0.5854,24,✗ No,budget_exceeded
5,365,351,08-31,+10.0%,+17.01%,0.5851,24,✗ No,budget_exceeded
5,365,352,08-31,+10.0%,+16.77%,0.5839,24,✗ No,budget_exceeded
5,365,354,08-31,+10.0%,+15.95%,0.5797,25,✗ No,budget_exceeded
5,365,355,08-31,+10.0%,+14.57%,0.5729,27,✗ No,budget_exceeded
5,365,357,08-31,+9.8%,+3.85%,0.5193,28,✓ Yes,completed
5,365,359,08-31,+9.3%,+3.75%,0.5187,29,✓ Yes,completed
5,365,360,08-31,+9.0%,+3.72%,0.5186,31,✓ Yes,completed
5,365,362,08-31,+8.8%,+3.70%,0.5185,31,✓ Yes,completed
5,365,363,08-31,+8.3%,+3.71%,0.5185,35,✓ Yes,completed
5,365,365,08-31,+8.1%,+3.70%,0.5185,38,✓ Yes,completed
5,366,328,08-31,+10.0%,+29.88%,0.6494,14,✗ No,budget_exceeded
5,366,329,08-31,+10.0%,+29.17%,0.6458,15,✗ No,budget_exceeded
5,366,331,08-31,+10.0%,+28.98%,0.6449,15,✗ No,budget_exceeded
5,366,332,08-31,+10.0%,+26.40%,0.6320,18,✗ No,budget_exceeded
5,366,334,08-31,+10.0%,+26.27%,0.6313,18,✗ No,budget_exceeded
5,366,336,08-31,+10.0%,+26.13%,0.6307,18,✗ No,budget_exceeded
5,366,337,08-31,+10.0%,+18.78%,0.5939,20,✗ No,budget_exceeded
5,366,339,08-31,+10.0%,+18.08%,0.5904,21,✗ No,budget_exceeded
5,366,340,08-31,+10.0%,+16.84%,0.5842,22,✗ No,budget_exceeded
5,366,342,08-31,+10.0%,+16.75%,0.5838,22,✗ No,budget_exceeded
5,366,343,08-31,+10.0%,+14.94%,0.5747,24,✗ No,budget_exceeded
5,366,345,08-31,+10.0%,+14.84%,0.5742,24,✗ No,budget_exceeded
5,366,346,08-31,+10.0%,+14.61%,0.5730,24,✗ No,budget_exceeded
5,366,348,08-31,+10.0%,+14.51%,0.5726,24,✗ No,budget_exceeded
5,366,349,08-31,+9.8%,+3.87%,0.5193,24,✓ Yes,completed
5,366,351,08-31,+9.8%,+3.84%,0.5192,24,✓ Yes,completed
5,366,352,08-31,+9.6%,+3.79%,0.5190,24,✓ Yes,completed
5,366,354,08-31,+9.5%,+3.77%,0.5189,24,✓ Yes,completed
5,366,356,08-31,+9.1%,+3.73%,0.5187,25,✓ Yes,completed
5,366,357,08-31,+8.9%,+3.72%,0.5186,25,✓ Yes,completed
5,366,359,08-31,+8.8%,+3.72%,0.5186,25,✓ Yes,completed
5,366,360,08-31,+8.5%,+3.72%,0.5186,26,✓ Yes,completed
5,366,362,08-31,+8.3%,+3.74%,0.5187,26,✓ Yes,completed
5,366,363,08-31,+7.9%,+3.67%,0.5183,27,✓ Yes,completed
5,366,365,08-31,+7.7%,+3.57%,0.5179,29,✓ Yes,completed
5,366,366,08-31,+7.4%,+3.49%,0.5174,33,✓ Yes,completed
5,368,328,08-31,+10.0%,+29.18%,0.6459,15,✗ No,budget_exceeded
5,368,329,08-31,+10.0%,+29.04%,0.6452,15,✗ No,budget_exceeded
5,368,331,08-31,+10.0%,+28.86%,0.6443,15,✗ No,budget_exceeded
5,368,332,08-31,+10.0%,+26.28%,0.6314,18,✗ No,budget_exceeded
5,368,334,08-31,+10.0%,+26.15%,0.6307,18,✗ No,budget_exceeded
5,368,335,08-31,+10.0%,+26.01%,0.6300,18,✗ No,budget_exceeded
5,368,337,08-31,+10.0%,+25.96%,0.6298,18,✗ No,budget_exceeded
5,368,338,08-31,+10.0%,+16.86%,0.5843,22,✗ No,budget_exceeded
5,368,340,08-31,+10.0%,+16.79%,0.5839,22,✗ No,budget_exceeded
5,368,341,08-31,+10.0%,+15.99%,0.5800,23,✗ No,budget_exceeded
5,368,343,08-31,+10.0%,+15.00%,0.5750,24,✗ No,budget_exceeded
5,368,344,08-31,+10.0%,+14.69%,0.5735,24,✗ No,budget_exceeded
5,368,346,08-31,+10.0%,+14.62%,0.5731,24,✗ No,budget_exceeded
5,368,347,08-31,+9.9%,+3.88%,0.5194,24,✓ Yes,completed
5,368,349,08-31,+9.8%,+3.86%,0.5193,24,✓ Yes,completed
5,368,350,08-31,+9.7%,+3.80%,0.5190,24,✓ Yes,completed
5,368,352,08-31,+9.6%,+3.78%,0.5189,24,✓ Yes,completed
5,368,353,08-31,+9.4%,+3.75%,0.5188,24,✓ Yes,completed
5,368,355,08-31,+9.3%,+3.75%,0.5188,24,✓ Yes,completed
5,368,356,08-31,+8.9%,+3.72%,0.5186,25,✓ Yes,completed
5,368,358,08-31,+8.8%,+3.71%,0.5186,25,✓ Yes,completed
5,368,359,08-31,+8.6%,+3.72%,0.5186,25,✓ Yes,completed
5,368,360,08-31,+8.4%,+3.73%,0.5186,26,✓ Yes,completed
5,368,362,08-31,+8.2%,+3.74%,0.5187,26,✓ Yes,completed
5,368,363,08-31,+7.7%,+3.59%,0.5179,27,✓ Yes,completed
5,368,365,08-31,+7.6%,+3.53%,0.5176,28,✓ Yes,completed
5,368,366,08-31,+7.3%,+3.46%,0.5173,31,✓ Yes,completed
5,368,368,08-31,+7.1%,+3.41%,0.5170,33,✓ Yes,completed
5,370,328,08-31,+10.0%,+17.83%,0.5892,15,✗ No,budget_exceeded
5,370,329,08-31,+10.0%,+16.76%,0.5838,16,✗ No,budget_exceeded
5,370,331,08-31,+10.0%,+16.67%,0.5834,16,✗ No,budget_exceeded
5,370,332,08-31,+10.0%,+14.46%,0.5723,19,✗ No,budget_exceeded
5,370,334,08-31,+10.0%,+3.82%,0.5191,19,✓ Yes,completed
5,370,335,08-31,+9.8%,+3.79%,0.5189,19,✓ Yes,completed
5,370,337,08-31,+9.8%,+3.78%,0.5189,19,✓ Yes,completed
5,370,338,08-31,+9.6%,+3.74%,0.5187,19,✓ Yes,completed
5,370,340,08-31,+9.5%,+3.73%,0.5186,19,✓ Yes,completed
5,370,341,08-31,+9.4%,+3.72%,0.5186,19,✓ Yes,completed
5,370,343,08-31,+9.2%,+3.72%,0.5186,19,✓ Yes,completed
5,370,344,08-31,+9.1%,+3.71%,0.5186,19,✓ Yes,completed
5,370,346,08-31,+9.0%,+3.71%,0.5185,19,✓ Yes,completed
5,370,347,08-31,+8.8%,+3.70%,0.5185,19,✓ Yes,completed
5,370,349,08-31,+8.8%,+3.70%,0.5185,19,✓ Yes,completed
5,370,350,08-31,+8.6%,+3.71%,0.5186,19,✓ Yes,completed
5,370,352,08-31,+8.6%,+3.72%,0.5186,19,✓ Yes,completed
5,370,353,08-31,+8.4%,+3.73%,0.5187,19,✓ Yes,completed
5,370,355,08-31,+8.4%,+3.74%,0.5187,19,✓ Yes,completed
5,370,356,08-31,+7.9%,+3.65%,0.5182,20,✓ Yes,completed
5,370,358,08-31,+7.8%,+3.61%,0.5180,20,✓ Yes,completed
5,370,359,08-31,+7.6%,+3.55%,0.5178,20,✓ Yes,completed
5,370,361,08-31,+7.5%,+3.53%,0.5176,21,✓ Yes,completed
5,370,362,08-31,+7.2%,+3.46%,0.5173,22,✓ Yes,completed
5,370,364,08-31,+7.0%,+3.39%,0.5170,22,✓ Yes,completed
5,370,365,08-31,+6.8%,+3.34%,0.5167,22,✓ Yes,completed
5,370,367,08-31,+6.7%,+3.32%,0.5166,22,✓ Yes,completed
5,370,368,08-31,+6.4%,+3.26%,0.5163,24,✓ Yes,completed
5,370,370,08-31,+6.3%,+3.22%,0.5161,26,✓ Yes,completed
5,371,328,08-31,+9.7%,+3.71%,0.5185,15,✓ Yes,completed
5,371,329,08-31,+9.6%,+3.69%,0.5185,15,✓ Yes,completed
5,371,331,08-31,+9.5%,+3.68%,0.5184,15,✓ Yes,completed
5,371,332,08-31,+9.1%,+3.67%,0.5183,15,✓ Yes,completed
5,371,334,08-31,+9.0%,+3.66%,0.5183,15,✓ Yes,completed
5,371,335,08-31,+8.8%,+3.66%,0.5183,15,✓ Yes,completed
5,371,337,08-31,+8.8%,+3.66%,0.5183,15,✓ Yes,completed
5,371,338,08-31,+8.7%,+3.68%,0.5184,15,✓ Yes,completed
5,371,340,08-31,+8.6%,+3.68%,0.5184,15,✓ Yes,completed
5,371,341,08-31,+8.5%,+3.70%,0.5185,15,✓ Yes,completed
5,371,343,08-31,+8.4%,+3.72%,0.5186,15,✓ Yes,completed
5,371,344,08-31,+8.2%,+3.73%,0.5186,15,✓ Yes,completed
5,371,346,08-31,+8.2%,+3.73%,0.5187,15,✓ Yes,completed
5,371,347,08-31,+8.1%,+3.72%,0.5186,15,✓ Yes,completed
5,371,349,08-31,+8.0%,+3.71%,0.5186,15,✓ Yes,completed
5,371,350,08-31,+7.9%,+3.67%,0.5183,15,✓ Yes,completed
5,371,352,08-31,+7.9%,+3.65%,0.5182,15,✓ Yes,completed
5,371,353,08-31,+7.7%,+3.59%,0.5179,15,✓ Yes,completed
5,371,355,08-31,+7.7%,+3.58%,0.5179,15,✓ Yes,completed
5,371,356,08-31,+7.2%,+3.49%,0.5174,16,✓ Yes,completed
5,371,358,08-31,+7.2%,+3.47%,0.5173,16,✓ Yes,completed
5,371,359,08-31,+7.1%,+3.44%,0.5172,16,✓ Yes,completed
5,371,361,08-31,+7.0%,+3.41%,0.5170,17,✓ Yes,completed
5,371,362,08-31,+6.7%,+3.32%,0.5166,18,✓ Yes,completed
5,371,364,08-31,+6.5%,+3.30%,0.5165,18,✓ Yes,completed
5,371,365,08-31,+6.4%,+3.28%,0.5164,18,✓ Yes,completed
5,371,367,08-31,+6.3%,+3.27%,0.5164,18,✓ Yes,completed
5,371,368,08-31,+6.1%,+3.16%,0.5158,20,✓ Yes,completed
5,371,370,08-31,+6.0%,+3.12%,0.5156,20,✓ Yes,completed
5,371,371,08-31,+5.8%,+3.03%,0.5151,22,✓ Yes,completed
5,373,328,08-31,+8.5%,+3.61%,0.5181,14,✓ Yes,completed
5,373,329,08-31,+8.4%,+3.62%,0.5181,14,✓ Yes,completed
5,373,331,08-31,+8.3%,+3.64%,0.5182,14,✓ Yes,completed
5,373,332,08-31,+7.9%,+3.61%,0.5181,14,✓ Yes,completed
5,373,334,08-31,+7.8%,+3.57%,0.5178,14,✓ Yes,completed
5,373,335,08-31,+7.8%,+3.55%,0.5177,14,✓ Yes,completed
5,373,337,08-31,+7.7%,+3.54%,0.5177,14,✓ Yes,completed
5,373,338,08-31,+7.6%,+3.50%,0.5175,14,✓ Yes,completed
5,373,340,08-31,+7.6%,+3.50%,0.5175,14,✓ Yes,completed
5,373,341,08-31,+7.5%,+3.49%,0.5174,14,✓ Yes,completed
5,373,343,08-31,+7.3%,+3.49%,0.5174,14,✓ Yes,completed
5,373,344,08-31,+7.2%,+3.46%,0.5173,14,✓ Yes,completed
5,373,346,08-31,+7.2%,+3.45%,0.5172,14,✓ Yes,completed
5,373,347,08-31,+7.0%,+3.41%,0.5171,14,✓ Yes,completed
5,373,349,08-31,+7.0%,+3.40%,0.5170,14,✓ Yes,completed
5,373,350,08-31,+6.9%,+3.37%,0.5168,14,✓ Yes,completed
5,373,352,08-31,+6.8%,+3.36%,0.5168,14,✓ Yes,completed
5,373,353,08-31,+6.7%,+3.33%,0.5166,14,✓ Yes,completed
5,373,355,08-31,+6.7%,+3.33%,0.5166,14,✓ Yes,completed
5,373,356,08-31,+6.6%,+3.31%,0.5166,14,✓ Yes,completed
5,373,358,08-31,+6.5%,+3.30%,0.5165,14,✓ Yes,completed
5,373,359,08-31,+6.4%,+3.29%,0.5164,14,✓ Yes,completed
5,373,361,08-31,+6.4%,+3.28%,0.5164,14,✓ Yes,completed
5,373,362,08-31,+6.2%,+3.24%,0.5162,14,✓ Yes,completed
5,373,364,08-31,+6.1%,+3.21%,0.5161,14,✓ Yes,completed
5,373,365,08-31,+6.1%,+3.20%,0.5160,14,✓ Yes,completed
5,373,367,08-31,+6.0%,+3.17%,0.5158,14,✓ Yes,completed
5,373,368,08-31,+5.8%,+3.06%,0.5153,15,✓ Yes,completed
5,373,370,08-31,+5.8%,+3.05%,0.5152,15,✓ Yes,completed
5,373,371,08-31,+5.6%,+2.99%,0.5149,16,✓ Yes,completed
5,373,373,08-31,+5.5%,+2.96%,0.5148,16,✓ Yes,completed
5,374,328,08-31,+8.3%,+3.63%,0.5181,13,✓ Yes,completed
5,374,329,08-31,+8.2%,+3.64%,0.5182,13,✓ Yes,completed
5,374,331,08-31,+8.1%,+3.64%,0.5182,13,✓ Yes,completed
5,374,332,08-31,+7.7%,+3.51%,0.5175,13,✓ Yes,completed
5,374,334,08-31,+7.6%,+3.48%,0.5174,13,✓ Yes,completed
5,374,335,08-31,+7.5%,+3.48%,0.5174,13,✓ Yes,completed
5,374,337,08-31,+7.5%,+3.48%,0.5174,13,✓ Yes,completed
5,374,338,08-31,+7.4%,+3.48%,0.5174,13,✓ Yes,completed
5,374,340,08-31,+7.4%,+3.48%,0.5174,13,✓ Yes,completed
5,374,341,08-31,+7.2%,+3.46%,0.5173,13,✓ Yes,completed
5,374,343,08-31,+7.1%,+3.43%,0.5171,13,✓ Yes,completed
5,374,344,08-31,+7.0%,+3.39%,0.5170,13,✓ Yes,completed
5,374,346,08-31,+7.0%,+3.38%,0.5169,13,✓ Yes,completed
5,374,347,08-31,+6.8%,+3.35%,0.5168,13,✓ Yes,completed
5,374,349,08-31,+6.8%,+3.34%,0.5167,13,✓ Yes,completed
5,374,350,08-31,+6.7%,+3.32%,0.5166,13,✓ Yes,completed
5,374,352,08-31,+6.7%,+3.32%,0.5166,13,✓ Yes,completed
5,374,353,08-31,+6.5%,+3.30%,0.5165,13,✓ Yes,completed
5,374,355,08-31,+6.5%,+3.30%,0.5165,13,✓ Yes,completed
5,374,356,08-31,+6.4%,+3.28%,0.5164,13,✓ Yes,completed
5,374,358,08-31,+6.3%,+3.27%,0.5164,13,✓ Yes,completed
5,374,359,08-31,+6.3%,+3.25%,0.5163,13,✓ Yes,completed
5,374,361,08-31,+6.2%,+3.24%,0.5162,13,✓ Yes,completed
5,374,362,08-31,+6.1%,+3.19%,0.5159,13,✓ Yes,completed
5,374,364,08-31,+6.0%,+3.15%,0.5158,13,✓ Yes,completed
5,374,365,08-31,+6.0%,+3.14%,0.5157,13,✓ Yes,completed
5,374,367,08-31,+5.9%,+3.11%,0.5156,13,✓ Yes,completed
5,374,368,08-31,+5.7%,+3.01%,0.5150,14,✓ Yes,completed
5,374,370,08-31,+5.7%,+3.00%,0.5150,14,✓ Yes,completed
5,374,371,08-31,+5.5%,+2.95%,0.5148,15,✓ Yes,completed
5,374,373,08-31,+5.4%,+2.90%,0.5145,15,✓ Yes,completed
5,374,374,08-31,+5.3%,+2.85%,0.5143,16,✓ Yes,completed
5,376,328,08-31,+7.7%,+3.47%,0.5173,12,✓ Yes,completed
5,376,329,08-31,+7.7%,+3.46%,0.5173,12,✓ Yes,completed
5,376,331,08-31,+7.6%,+3.45%,0.5172,12,✓ Yes,completed
5,376,332,08-31,+7.2%,+3.40%,0.5170,12,✓ Yes,completed
5,376,334,08-31,+7.1%,+3.37%,0.5169,12,✓ Yes,completed
5,376,335,08-31,+7.0%,+3.37%,0.5168,12,✓ Yes,completed
5,376,337,08-31,+7.0%,+3.36%,0.5168,12,✓ Yes,completed
5,376,338,08-31,+6.9%,+3.33%,0.5166,12,✓ Yes,completed
5,376,340,08-31,+6.9%,+3.33%,0.5166,12,✓ Yes,completed
5,376,341,08-31,+6.8%,+3.31%,0.5166,12,✓ Yes,completed
5,376,343,08-31,+6.7%,+3.30%,0.5165,12,✓ Yes,completed
5,376,344,08-31,+6.5%,+3.28%,0.5164,12,✓ Yes,completed
5,376,346,08-31,+6.5%,+3.28%,0.5164,12,✓ Yes,completed
5,376,347,08-31,+6.4%,+3.27%,0.5164,12,✓ Yes,completed
5,376,349,08-31,+6.4%,+3.27%,0.5163,12,✓ Yes,completed
5,376,350,08-31,+6.3%,+3.26%,0.5163,12,✓ Yes,completed
5,376,352,08-31,+6.3%,+3.25%,0.5162,12,✓ Yes,completed
5,376,353,08-31,+6.2%,+3.21%,0.5161,12,✓ Yes,completed
5,376,355,08-31,+6.1%,+3.20%,0.5160,12,✓ Yes,completed
5,376,356,08-31,+6.0%,+3.16%,0.5158,12,✓ Yes,completed
5,376,358,08-31,+6.0%,+3.15%,0.5158,12,✓ Yes,completed
5,376,359,08-31,+5.9%,+3.12%,0.5156,12,✓ Yes,completed
5,376,361,08-31,+5.9%,+3.10%,0.5155,12,✓ Yes,completed
5,376,362,08-31,+5.8%,+3.07%,0.5153,12,✓ Yes,completed
5,376,364,08-31,+5.8%,+3.03%,0.5152,12,✓ Yes,completed
5,376,365,08-31,+5.7%,+3.03%,0.5151,12,✓ Yes,completed
5,376,367,08-31,+5.7%,+3.01%,0.5150,12,✓ Yes,completed
5,376,368,08-31,+5.4%,+2.92%,0.5146,13,✓ Yes,completed
5,376,370,08-31,+5.4%,+2.89%,0.5145,13,✓ Yes,completed
5,376,372,08-31,+5.2%,+2.80%,0.5140,14,✓ Yes,completed
5,376,373,08-31,+5.1%,+2.74%,0.5137,14,✓ Yes,completed
5,376,375,08-31,+5.1%,+2.72%,0.5136,14,✓ Yes,completed
5,376,376,08-31,+4.9%,+2.62%,0.5131,14,✓ Yes,completed
5,378,328,08-31,+7.7%,+3.47%,0.5173,12,✓ Yes,completed
5,378,329,08-31,+7.7%,+3.46%,0.5173,12,✓ Yes,completed
5,378,331,08-31,+7.6%,+3.45%,0.5172,12,✓ Yes,completed
5,378,332,08-31,+7.2%,+3.40%,0.5170,12,✓ Yes,completed
5,378,334,08-31,+7.1%,+3.37%,0.5169,12,✓ Yes,completed
5,378,335,08-31,+7.0%,+3.37%,0.5168,12,✓ Yes,completed
5,378,337,08-31,+7.0%,+3.36%,0.5168,12,✓ Yes,completed
5,378,338,08-31,+6.9%,+3.33%,0.5166,12,✓ Yes,completed
5,378,340,08-31,+6.9%,+3.33%,0.5166,12,✓ Yes,completed
5,378,341,08-31,+6.8%,+3.31%,0.5166,12,✓ Yes,completed
5,378,343,08-31,+6.7%,+3.30%,0.5165,12,✓ Yes,completed
5,378,344,08-31,+6.5%,+3.28%,0.5164,12,✓ Yes,completed
5,378,346,08-31,+6.5%,+3.28%,0.5164,12,✓ Yes,completed
5,378,347,08-31,+6.4%,+3.27%,0.5164,12,✓ Yes,completed
5,378,349,08-31,+6.4%,+3.27%,0.5163,12,✓ Yes,completed
5,378,350,08-31,+6.3%,+3.26%,0.5163,12,✓ Yes,completed
5,378,352,08-31,+6.3%,+3.25%,0.5162,12,✓ Yes,completed
5,378,353,08-31,+6.2%,+3.21%,0.5161,12,✓ Yes,completed
5,378,355,08-31,+6.1%,+3.20%,0.5160,12,✓ Yes,completed
5,378,357,08-31,+6.0%,+3.16%,0.5158,12,✓ Yes,completed
5,378,358,08-31,+6.0%,+3.14%,0.5157,12,✓ Yes,completed
5,378,360,08-31,+5.9%,+3.12%,0.5156,12,✓ Yes,completed
5,378,361,08-31,+5.9%,+3.10%,0.5155,12,✓ Yes,completed
5,378,363,08-31,+5.8%,+3.07%,0.5153,12,✓ Yes,completed
5,378,364,08-31,+5.7%,+3.03%,0.5151,12,✓ Yes,completed
5,378,366,08-31,+5.7%,+3.03%,0.5151,12,✓ Yes,completed
5,378,367,08-31,+5.6%,+2.99%,0.5150,12,✓ Yes,completed
5,378,369,08-31,+5.4%,+2.92%,0.5146,13,✓ Yes,completed
5,378,370,08-31,+5.3%,+2.87%,0.5144,13,✓ Yes,completed
5,378,372,08-31,+5.2%,+2.79%,0.5139,14,✓ Yes,completed
5,378,373,08-31,+5.1%,+2.73%,0.5137,14,✓ Yes,completed
5,378,375,08-31,+5.1%,+2.71%,0.5136,14,✓ Yes,completed
5,378,376,08-31,+4.9%,+2.61%,0.5131,14,✓ Yes,completed
5,378,378,08-31,+4.8%,+2.60%,0.5130,14,✓ Yes,completed
5,379,328,08-31,+7.4%,+3.42%,0.5171,11,✓ Yes,completed
5,379,329,08-31,+7.4%,+3.42%,0.5171,11,✓ Yes,completed
5,379,331,08-31,+7.3%,+3.42%,0.5171,11,✓ Yes,completed
5,379,332,08-31,+7.0%,+3.33%,0.5167,11,✓ Yes,completed
5,379,334,08-31,+6.8%,+3.31%,0.5165,11,✓ Yes,completed
5,379,335,08-31,+6.8%,+3.30%,0.5165,11,✓ Yes,completed
5,379,337,08-31,+6.8%,+3.30%,0.5165,11,✓ Yes,completed
5,379,338,08-31,+6.7%,+3.28%,0.5164,11,✓ Yes,completed
5,379,340,08-31,+6.7%,+3.28%,0.5164,11,✓ Yes,completed
5,379,341,08-31,+6.6%,+3.28%,0.5164,11,✓ Yes,completed
5,379,343,08-31,+6.5%,+3.27%,0.5163,11,✓ Yes,completed
5,379,344,08-31,+6.3%,+3.25%,0.5163,11,✓ Yes,completed
5,379,346,08-31,+6.3%,+3.25%,0.5162,11,✓ Yes,completed
5,379,347,08-31,+6.2%,+3.23%,0.5161,11,✓ Yes,completed
5,379,349,08-31,+6.2%,+3.22%,0.5161,11,✓ Yes,completed
5,379,351,08-31,+6.1%,+3.20%,0.5160,11,✓ Yes,completed
5,379,352,08-31,+6.1%,+3.16%,0.5158,11,✓ Yes,completed
5,379,354,08-31,+6.0%,+3.13%,0.5157,11,✓ Yes,completed
5,379,355,08-31,+5.9%,+3.10%,0.5155,11,✓ Yes,completed
5,379,357,08-31,+5.9%,+3.09%,0.5154,11,✓ Yes,completed
5,379,358,08-31,+5.8%,+3.06%,0.5153,11,✓ Yes,completed
5,379,360,08-31,+5.8%,+3.05%,0.5152,11,✓ Yes,completed
5,379,361,08-31,+5.8%,+3.03%,0.5152,11,✓ Yes,completed
5,379,363,08-31,+5.7%,+3.00%,0.5150,11,✓ Yes,completed
5,379,364,08-31,+5.6%,+2.98%,0.5149,11,✓ Yes,completed
5,379,366,08-31,+5.6%,+2.98%,0.5149,11,✓ Yes,completed
5,379,367,08-31,+5.5%,+2.95%,0.5147,11,✓ Yes,completed
5,379,369,08-31,+5.3%,+2.83%,0.5141,12,✓ Yes,completed
5,379,370,08-31,+5.2%,+2.78%,0.5139,12,✓ Yes,completed
5,379,372,08-31,+5.0%,+2.68%,0.5134,13,✓ Yes,completed
5,379,373,08-31,+4.9%,+2.65%,0.5132,13,✓ Yes,completed
5,379,375,08-31,+4.9%,+2.63%,0.5132,13,✓ Yes,completed
5,379,376,08-31,+4.7%,+2.55%,0.5127,13,✓ Yes,completed
5,379,378,08-31,+4.7%,+2.53%,0.5127,13,✓ Yes,completed
5,379,379,08-31,+4.3%,+2.33%,0.5117,16,✓ Yes,completed
5,365,328,09-01,+10.0%,+31.98%,0.6599,15,✗ No,budget_exceeded
5,365,329,09-01,+10.0%,+31.85%,0.6592,15,✗ No,budget_exceeded
5,365,331,09-01,+10.0%,+31.66%,0.6583,15,✗ No,budget_exceeded
5,365,332,09-01,+10.0%,+30.16%,0.6508,17,✗ No,budget_exceeded
5,365,334,09-01,+10.0%,+29.55%,0.6477,18,✗ No,budget_exceeded
5,365,335,09-01,+10.0%,+29.41%,0.6471,18,✗ No,budget_exceeded
5,365,337,09-01,+10.0%,+28.45%,0.6422,19,✗ No,budget_exceeded
5,365,339,09-01,+10.0%,+28.36%,0.6418,19,✗ No,budget_exceeded
5,365,340,09-01,+10.0%,+28.22%,0.6411,19,✗ No,budget_exceeded
5,365,342,09-01,+10.0%,+28.12%,0.6406,19,✗ No,budget_exceeded
5,365,343,09-01,+10.0%,+21.90%,0.6095,21,✗ No,budget_exceeded
5,365,345,09-01,+10.0%,+21.78%,0.6089,21,✗ No,budget_exceeded
5,365,346,09-01,+10.0%,+20.44%,0.6022,22,✗ No,budget_exceeded
5,365,348,09-01,+10.0%,+19.71%,0.5985,23,✗ No,budget_exceeded
5,365,349,09-01,+10.0%,+18.62%,0.5931,24,✗ No,budget_exceeded
5,365,351,09-01,+10.0%,+18.55%,0.5928,24,✗ No,budget_exceeded
5,365,352,09-01,+10.0%,+18.31%,0.5916,24,✗ No,budget_exceeded
5,365,354,09-01,+10.0%,+17.49%,0.5874,25,✗ No,budget_exceeded
5,365,355,09-01,+10.0%,+16.12%,0.5806,27,✗ No,budget_exceeded
5,365,357,09-01,+9.8%,+3.54%,0.5177,28,✓ Yes,completed
5,365,359,09-01,+9.3%,+3.45%,0.5173,29,✓ Yes,completed
5,365,360,09-01,+9.0%,+3.39%,0.5169,31,✓ Yes,completed
5,365,362,09-01,+8.8%,+3.33%,0.5167,31,✓ Yes,completed
5,365,363,09-01,+8.3%,+3.29%,0.5165,35,✓ Yes,completed
5,365,365,09-01,+8.1%,+3.28%,0.5164,38,✓ Yes,completed
5,366,328,09-01,+10.0%,+31.40%,0.6570,14,✗ No,budget_exceeded
5,366,329,09-01,+10.0%,+30.69%,0.6534,15,✗ No,budget_exceeded
5,366,331,09-01,+10.0%,+30.51%,0.6525,15,✗ No,budget_exceeded
5,366,332,09-01,+10.0%,+27.93%,0.6397,18,✗ No,budget_exceeded
5,366,334,09-01,+10.0%,+27.80%,0.6390,18,✗ No,budget_exceeded
5,366,336,09-01,+10.0%,+27.66%,0.6383,18,✗ No,budget_exceeded
5,366,337,09-01,+10.0%,+20.32%,0.6016,20,✗ No,budget_exceeded
5,366,339,09-01,+10.0%,+19.62%,0.5981,21,✗ No,budget_exceeded
5,366,340,09-01,+10.0%,+18.38%,0.5919,22,✗ No,budget_exceeded
5,366,342,09-01,+10.0%,+18.29%,0.5915,22,✗ No,budget_exceeded
5,366,343,09-01,+10.0%,+16.48%,0.5824,24,✗ No,budget_exceeded
5,366,345,09-01,+10.0%,+16.38%,0.5819,24,✗ No,budget_exceeded
5,366,346,09-01,+10.0%,+16.15%,0.5807,24,✗ No,budget_exceeded
5,366,348,09-01,+10.0%,+16.05%,0.5803,24,✗ No,budget_exceeded
5,366,349,09-01,+9.8%,+3.54%,0.5177,24,✓ Yes,completed
5,366,351,09-01,+9.8%,+3.53%,0.5176,24,✓ Yes,completed
5,366,352,09-01,+9.6%,+3.49%,0.5175,24,✓ Yes,completed
5,366,354,09-01,+9.5%,+3.48%,0.5174,24,✓ Yes,completed
5,366,356,09-01,+9.1%,+3.41%,0.5170,25,✓ Yes,completed
5,366,357,09-01,+8.9%,+3.36%,0.5168,25,✓ Yes,completed
5,366,359,09-01,+8.8%,+3.34%,0.5167,25,✓ Yes,completed
5,366,360,09-01,+8.5%,+3.33%,0.5166,26,✓ Yes,completed
5,366,362,09-01,+8.3%,+3.32%,0.5166,26,✓ Yes,completed
5,366,363,09-01,+7.9%,+3.26%,0.5163,27,✓ Yes,completed
5,366,365,09-01,+7.7%,+3.19%,0.5160,29,✓ Yes,completed
5,366,366,09-01,+7.4%,+3.13%,0.5157,33,✓ Yes,completed
5,368,328,09-01,+10.0%,+30.70%,0.6535,15,✗ No,budget_exceeded
5,368,329,09-01,+10.0%,+30.56%,0.6528,15,✗ No,budget_exceeded
5,368,331,09-01,+10.0%,+30.38%,0.6519,15,✗ No,budget_exceeded
5,368,332,09-01,+10.0%,+27.81%,0.6390,18,✗ No,budget_exceeded
5,368,334,09-01,+10.0%,+27.67%,0.6384,18,✗ No,budget_exceeded
5,368,335,09-01,+10.0%,+27.54%,0.6377,18,✗ No,budget_exceeded
5,368,337,09-01,+10.0%,+27.49%,0.6375,18,✗ No,budget_exceeded
5,368,338,09-01,+10.0%,+18.40%,0.5920,22,✗ No,budget_exceeded
5,368,340,09-01,+10.0%,+18.33%,0.5916,22,✗ No,budget_exceeded
5,368,341,09-01,+10.0%,+17.53%,0.5877,23,✗ No,budget_exceeded
5,368,343,09-01,+10.0%,+16.54%,0.5827,24,✗ No,budget_exceeded
5,368,344,09-01,+10.0%,+16.24%,0.5812,24,✗ No,budget_exceeded
5,368,346,09-01,+10.0%,+16.16%,0.5808,24,✗ No,budget_exceeded
5,368,347,09-01,+9.9%,+3.55%,0.5177,24,✓ Yes,completed
5,368,349,09-01,+9.8%,+3.54%,0.5177,24,✓ Yes,completed
5,368,350,09-01,+9.7%,+3.50%,0.5175,24,✓ Yes,completed
5,368,352,09-01,+9.6%,+3.48%,0.5174,24,✓ Yes,completed
5,368,353,09-01,+9.4%,+3.46%,0.5173,24,✓ Yes,completed
5,368,355,09-01,+9.3%,+3.46%,0.5173,24,✓ Yes,completed
5,368,356,09-01,+8.9%,+3.36%,0.5168,25,✓ Yes,completed
5,368,358,09-01,+8.8%,+3.33%,0.5167,25,✓ Yes,completed
5,368,359,09-01,+8.6%,+3.33%,0.5166,25,✓ Yes,completed
5,368,360,09-01,+8.4%,+3.32%,0.5166,26,✓ Yes,completed
5,368,362,09-01,+8.2%,+3.32%,0.5166,26,✓ Yes,completed
5,368,363,09-01,+7.7%,+3.20%,0.5160,27,✓ Yes,completed
5,368,365,09-01,+7.6%,+3.17%,0.5158,28,✓ Yes,completed
5,368,366,09-01,+7.3%,+3.13%,0.5156,31,✓ Yes,completed
5,368,368,09-01,+7.1%,+3.10%,0.5155,33,✓ Yes,completed
5,370,328,09-01,+10.0%,+19.37%,0.5969,15,✗ No,budget_exceeded
5,370,329,09-01,+10.0%,+18.30%,0.5915,16,✗ No,budget_exceeded
5,370,331,09-01,+10.0%,+18.21%,0.5911,16,✗ No,budget_exceeded
5,370,332,09-01,+10.0%,+16.00%,0.5800,19,✗ No,budget_exceeded
5,370,334,09-01,+10.0%,+3.48%,0.5174,19,✓ Yes,completed
5,370,335,09-01,+9.8%,+3.47%,0.5174,19,✓ Yes,completed
5,370,337,09-01,+9.8%,+3.47%,0.5174,19,✓ Yes,completed
5,370,338,09-01,+9.6%,+3.44%,0.5172,19,✓ Yes,completed
5,370,340,09-01,+9.5%,+3.43%,0.5172,19,✓ Yes,completed
5,370,341,09-01,+9.4%,+3.42%,0.5171,19,✓ Yes,completed
5,370,343,09-01,+9.2%,+3.42%,0.5171,19,✓ Yes,completed
5,370,344,09-01,+9.1%,+3.39%,0.5169,19,✓ Yes,completed
5,370,346,09-01,+9.0%,+3.37%,0.5169,19,✓ Yes,completed
5,370,347,09-01,+8.8%,+3.34%,0.5167,19,✓ Yes,completed
5,370,349,09-01,+8.8%,+3.33%,0.5166,19,✓ Yes,completed
5,370,350,09-01,+8.6%,+3.32%,0.5166,19,✓ Yes,completed
5,370,352,09-01,+8.6%,+3.32%,0.5166,19,✓ Yes,completed
5,370,353,09-01,+8.4%,+3.33%,0.5166,19,✓ Yes,completed
5,370,355,09-01,+8.4%,+3.33%,0.5166,19,✓ Yes,completed
5,370,356,09-01,+7.9%,+3.25%,0.5162,20,✓ Yes,completed
5,370,358,09-01,+7.8%,+3.22%,0.5161,20,✓ Yes,completed
5,370,359,09-01,+7.6%,+3.19%,0.5159,20,✓ Yes,completed
5,370,361,09-01,+7.5%,+3.17%,0.5159,21,✓ Yes,completed
5,370,362,09-01,+7.2%,+3.14%,0.5157,22,✓ Yes,completed
5,370,364,09-01,+7.0%,+3.12%,0.5156,22,✓ Yes,completed
5,370,365,09-01,+6.8%,+3.12%,0.5156,22,✓ Yes,completed
5,370,367,09-01,+6.7%,+3.13%,0.5156,22,✓ Yes,completed
5,370,368,09-01,+6.4%,+3.13%,0.5157,24,✓ Yes,completed
5,370,370,09-01,+6.3%,+3.12%,0.5156,26,✓ Yes,completed
5,371,328,09-01,+9.7%,+3.40%,0.5170,15,✓ Yes,completed
5,371,329,09-01,+9.6%,+3.39%,0.5169,15,✓ Yes,completed
5,371,331,09-01,+9.5%,+3.38%,0.5169,15,✓ Yes,completed
5,371,332,09-01,+9.1%,+3.34%,0.5167,15,✓ Yes,completed
5,371,334,09-01,+9.0%,+3.32%,0.5166,15,✓ Yes,completed
5,371,335,09-01,+8.8%,+3.30%,0.5165,15,✓ Yes,completed
5,371,337,09-01,+8.8%,+3.29%,0.5165,15,✓ Yes,completed
5,371,338,09-01,+8.7%,+3.29%,0.5164,15,✓ Yes,completed
5,371,340,09-01,+8.6%,+3.29%,0.5165,15,✓ Yes,completed
5,371,341,09-01,+8.5%,+3.30%,0.5165,15,✓ Yes,completed
5,371,343,09-01,+8.4%,+3.30%,0.5165,15,✓ Yes,completed
5,371,344,09-01,+8.2%,+3.31%,0.5166,15,✓ Yes,completed
5,371,346,09-01,+8.2%,+3.31%,0.5166,15,✓ Yes,completed
5,371,347,09-01,+8.1%,+3.31%,0.5165,15,✓ Yes,completed
5,371,349,09-01,+8.0%,+3.30%,0.5165,15,✓ Yes,completed
5,371,350,09-01,+7.9%,+3.26%,0.5163,15,✓ Yes,completed
5,371,352,09-01,+7.9%,+3.25%,0.5163,15,✓ Yes,completed
5,371,353,09-01,+7.7%,+3.21%,0.5161,15,✓ Yes,completed
5,371,355,09-01,+7.7%,+3.21%,0.5160,15,✓ Yes,completed
5,371,356,09-01,+7.2%,+3.16%,0.5158,16,✓ Yes,completed
5,371,358,09-01,+7.2%,+3.15%,0.5157,16,✓ Yes,completed
5,371,359,09-01,+7.1%,+3.14%,0.5157,16,✓ Yes,completed
5,371,361,09-01,+7.0%,+3.13%,0.5157,17,✓ Yes,completed
5,371,362,09-01,+6.7%,+3.14%,0.5157,18,✓ Yes,completed
5,371,364,09-01,+6.5%,+3.15%,0.5157,18,✓ Yes,completed
5,371,365,09-01,+6.4%,+3.15%,0.5158,18,✓ Yes,completed
5,371,367,09-01,+6.3%,+3.15%,0.5158,18,✓ Yes,completed
5,371,368,09-01,+6.1%,+3.06%,0.5153,20,✓ Yes,completed
5,371,370,09-01,+6.0%,+3.02%,0.5151,20,✓ Yes,completed
5,371,371,09-01,+5.8%,+2.94%,0.5147,22,✓ Yes,completed
5,373,328,09-01,+8.5%,+3.21%,0.5161,14,✓ Yes,completed
5,373,329,09-01,+8.4%,+3.22%,0.5161,14,✓ Yes,completed
5,373,331,09-01,+8.3%,+3.23%,0.5161,14,✓ Yes,completed
5,373,332,09-01,+7.9%,+3.20%,0.5160,14,✓ Yes,completed
5,373,334,09-01,+7.8%,+3.17%,0.5159,14,✓ Yes,completed
5,373,335,09-01,+7.8%,+3.16%,0.5158,14,✓ Yes,completed
5,373,337,09-01,+7.7%,+3.16%,0.5158,14,✓ Yes,completed
5,373,338,09-01,+7.6%,+3.14%,0.5157,14,✓ Yes,completed
5,373,340,09-01,+7.6%,+3.14%,0.5157,14,✓ Yes,completed
5,373,341,09-01,+7.5%,+3.13%,0.5157,14,✓ Yes,completed
5,373,343,09-01,+7.3%,+3.14%,0.5157,14,✓ Yes,completed
5,373,344,09-01,+7.2%,+3.13%,0.5156,14,✓ Yes,completed
5,373,346,09-01,+7.2%,+3.13%,0.5156,14,✓ Yes,completed
5,373,347,09-01,+7.0%,+3.12%,0.5156,14,✓ Yes,completed
5,373,349,09-01,+7.0%,+3.12%,0.5156,14,✓ Yes,completed
5,373,350,09-01,+6.9%,+3.12%,0.5156,14,✓ Yes,completed
5,373,352,09-01,+6.8%,+3.12%,0.5156,14,✓ Yes,completed
5,373,353,09-01,+6.7%,+3.14%,0.5157,14,✓ Yes,completed
5,373,355,09-01,+6.7%,+3.14%,0.5157,14,✓ Yes,completed
5,373,356,09-01,+6.6%,+3.15%,0.5157,14,✓ Yes,completed
5,373,358,09-01,+6.5%,+3.15%,0.5158,14,✓ Yes,completed
5,373,359,09-01,+6.4%,+3.16%,0.5158,14,✓ Yes,completed
5,373,361,09-01,+6.4%,+3.16%,0.5158,14,✓ Yes,completed
5,373,362,09-01,+6.2%,+3.15%,0.5157,14,✓ Yes,completed
5,373,364,09-01,+6.1%,+3.12%,0.5156,14,✓ Yes,completed
5,373,365,09-01,+6.1%,+3.10%,0.5155,14,✓ Yes,completed
5,373,367,09-01,+6.0%,+3.07%,0.5154,14,✓ Yes,completed
5,373,368,09-01,+5.8%,+2.97%,0.5149,15,✓ Yes,completed
5,373,370,09-01,+5.8%,+2.96%,0.5148,15,✓ Yes,completed
5,373,371,09-01,+5.6%,+2.92%,0.5146,16,✓ Yes,completed
5,373,373,09-01,+5.5%,+2.91%,0.5146,16,✓ Yes,completed
5,374,328,09-01,+8.3%,+3.21%,0.5161,13,✓ Yes,completed
5,374,329,09-01,+8.2%,+3.22%,0.5161,13,✓ Yes,completed
5,374,331,09-01,+8.1%,+3.22%,0.5161,13,✓ Yes,completed
5,374,332,09-01,+7.7%,+3.13%,0.5157,13,✓ Yes,completed
5,374,334,09-01,+7.6%,+3.12%,0.5156,13,✓ Yes,completed
5,374,335,09-01,+7.5%,+3.12%,0.5156,13,✓ Yes,completed
5,374,337,09-01,+7.5%,+3.12%,0.5156,13,✓ Yes,completed
5,374,338,09-01,+7.4%,+3.13%,0.5156,13,✓ Yes,completed
5,374,340,09-01,+7.4%,+3.13%,0.5156,13,✓ Yes,completed
5,374,341,09-01,+7.2%,+3.12%,0.5156,13,✓ Yes,completed
5,374,343,09-01,+7.1%,+3.11%,0.5156,13,✓ Yes,completed
5,374,344,09-01,+7.0%,+3.11%,0.5156,13,✓ Yes,completed
5,374,346,09-01,+7.0%,+3.11%,0.5156,13,✓ Yes,completed
5,374,347,09-01,+6.8%,+3.12%,0.5156,13,✓ Yes,completed
5,374,349,09-01,+6.8%,+3.12%,0.5156,13,✓ Yes,completed
5,374,350,09-01,+6.7%,+3.13%,0.5157,13,✓ Yes,completed
5,374,352,09-01,+6.7%,+3.14%,0.5157,13,✓ Yes,completed
5,374,353,09-01,+6.5%,+3.15%,0.5157,13,✓ Yes,completed
5,374,355,09-01,+6.5%,+3.15%,0.5158,13,✓ Yes,completed
5,374,356,09-01,+6.4%,+3.16%,0.5158,13,✓ Yes,completed
5,374,358,09-01,+6.3%,+3.16%,0.5158,13,✓ Yes,completed
5,374,359,09-01,+6.3%,+3.15%,0.5158,13,✓ Yes,completed
5,374,361,09-01,+6.2%,+3.14%,0.5157,13,✓ Yes,completed
5,374,362,09-01,+6.1%,+3.09%,0.5155,13,✓ Yes,completed
5,374,364,09-01,+6.0%,+3.05%,0.5153,13,✓ Yes,completed
5,374,365,09-01,+6.0%,+3.05%,0.5152,13,✓ Yes,completed
5,374,367,09-01,+5.9%,+3.02%,0.5151,13,✓ Yes,completed
5,374,368,09-01,+5.7%,+2.94%,0.5147,14,✓ Yes,completed
5,374,370,09-01,+5.7%,+2.93%,0.5147,14,✓ Yes,completed
5,374,371,09-01,+5.5%,+2.91%,0.5146,15,✓ Yes,completed
5,374,373,09-01,+5.4%,+2.88%,0.5144,15,✓ Yes,completed
5,374,374,09-01,+5.3%,+2.85%,0.5143,16,✓ Yes,completed
5,376,328,09-01,+7.7%,+3.10%,0.5155,12,✓ Yes,completed
5,376,329,09-01,+7.7%,+3.09%,0.5155,12,✓ Yes,completed
5,376,331,09-01,+7.6%,+3.09%,0.5154,12,✓ Yes,completed
5,376,332,09-01,+7.2%,+3.08%,0.5154,12,✓ Yes,completed
5,376,334,09-01,+7.1%,+3.08%,0.5154,12,✓ Yes,completed
5,376,335,09-01,+7.0%,+3.08%,0.5154,12,✓ Yes,completed
5,376,337,09-01,+7.0%,+3.08%,0.5154,12,✓ Yes,completed
5,376,338,09-01,+6.9%,+3.09%,0.5154,12,✓ Yes,completed
5,376,340,09-01,+6.9%,+3.09%,0.5154,12,✓ Yes,completed
5,376,341,09-01,+6.8%,+3.09%,0.5155,12,✓ Yes,completed
5,376,343,09-01,+6.7%,+3.11%,0.5156,12,✓ Yes,completed
5,376,344,09-01,+6.5%,+3.13%,0.5156,12,✓ Yes,completed
5,376,346,09-01,+6.5%,+3.13%,0.5156,12,✓ Yes,completed
5,376,347,09-01,+6.4%,+3.14%,0.5157,12,✓ Yes,completed
5,376,349,09-01,+6.4%,+3.14%,0.5157,12,✓ Yes,completed
5,376,350,09-01,+6.3%,+3.14%,0.5157,12,✓ Yes,completed
5,376,352,09-01,+6.3%,+3.14%,0.5157,12,✓ Yes,completed
5,376,353,09-01,+6.2%,+3.12%,0.5156,12,✓ Yes,completed
5,376,355,09-01,+6.1%,+3.11%,0.5155,12,✓ Yes,completed
5,376,356,09-01,+6.0%,+3.07%,0.5153,12,✓ Yes,completed
5,376,358,09-01,+6.0%,+3.06%,0.5153,12,✓ Yes,completed
5,376,359,09-01,+5.9%,+3.02%,0.5151,12,✓ Yes,completed
5,376,361,09-01,+5.9%,+3.01%,0.5150,12,✓ Yes,completed
5,376,362,09-01,+5.8%,+2.98%,0.5149,12,✓ Yes,completed
5,376,364,09-01,+5.8%,+2.95%,0.5148,12,✓ Yes,completed
5,376,365,09-01,+5.7%,+2.95%,0.5147,12,✓ Yes,completed
5,376,367,09-01,+5.7%,+2.94%,0.5147,12,✓ Yes,completed
5,376,368,09-01,+5.4%,+2.89%,0.5145,13,✓ Yes,completed
5,376,370,09-01,+5.4%,+2.88%,0.5144,13,✓ Yes,completed
5,376,372,09-01,+5.2%,+2.83%,0.5141,14,✓ Yes,completed
5,376,373,09-01,+5.1%,+2.79%,0.5140,14,✓ Yes,completed
5,376,375,09-01,+5.1%,+2.78%,0.5139,14,✓ Yes,completed
5,376,376,09-01,+4.9%,+2.71%,0.5136,14,✓ Yes,completed
5,378,328,09-01,+7.7%,+3.10%,0.5155,12,✓ Yes,completed
5,378,329,09-01,+7.7%,+3.09%,0.5155,12,✓ Yes,completed
5,378,331,09-01,+7.6%,+3.09%,0.5154,12,✓ Yes,completed
5,378,332,09-01,+7.2%,+3.08%,0.5154,12,✓ Yes,completed
5,378,334,09-01,+7.1%,+3.08%,0.5154,12,✓ Yes,completed
5,378,335,09-01,+7.0%,+3.08%,0.5154,12,✓ Yes,completed
5,378,337,09-01,+7.0%,+3.08%,0.5154,12,✓ Yes,completed
5,378,338,09-01,+6.9%,+3.09%,0.5154,12,✓ Yes,completed
5,378,340,09-01,+6.9%,+3.09%,0.5154,12,✓ Yes,completed
5,378,341,09-01,+6.8%,+3.09%,0.5155,12,✓ Yes,completed
5,378,343,09-01,+6.7%,+3.11%,0.5156,12,✓ Yes,completed
5,378,344,09-01,+6.5%,+3.13%,0.5156,12,✓ Yes,completed
5,378,346,09-01,+6.5%,+3.13%,0.5156,12,✓ Yes,completed
5,378,347,09-01,+6.4%,+3.14%,0.5157,12,✓ Yes,completed
5,378,349,09-01,+6.4%,+3.14%,0.5157,12,✓ Yes,completed
5,378,350,09-01,+6.3%,+3.14%,0.5157,12,✓ Yes,completed
5,378,352,09-01,+6.3%,+3.14%,0.5157,12,✓ Yes,completed
5,378,353,09-01,+6.2%,+3.12%,0.5156,12,✓ Yes,completed
5,378,355,09-01,+6.1%,+3.11%,0.5155,12,✓ Yes,completed
5,378,357,09-01,+6.0%,+3.07%,0.5153,12,✓ Yes,completed
5,378,358,09-01,+6.0%,+3.04%,0.5152,12,✓ Yes,completed
5,378,360,09-01,+5.9%,+3.02%,0.5151,12,✓ Yes,completed
5,378,361,09-01,+5.9%,+3.01%,0.5150,12,✓ Yes,completed
5,378,363,09-01,+5.8%,+2.98%,0.5149,12,✓ Yes,completed
5,378,364,09-01,+5.7%,+2.95%,0.5147,12,✓ Yes,completed
5,378,366,09-01,+5.7%,+2.95%,0.5147,12,✓ Yes,completed
5,378,367,09-01,+5.6%,+2.93%,0.5147,12,✓ Yes,completed
5,378,369,09-01,+5.4%,+2.89%,0.5145,13,✓ Yes,completed
5,378,370,09-01,+5.3%,+2.87%,0.5144,13,✓ Yes,completed
5,378,372,09-01,+5.2%,+2.82%,0.5141,14,✓ Yes,completed
5,378,373,09-01,+5.1%,+2.78%,0.5139,14,✓ Yes,completed
5,378,375,09-01,+5.1%,+2.77%,0.5138,14,✓ Yes,completed
5,378,376,09-01,+4.9%,+2.71%,0.5135,14,✓ Yes,completed
5,378,378,09-01,+4.8%,+2.70%,0.5135,14,✓ Yes,completed
5,379,328,09-01,+7.4%,+3.07%,0.5154,11,✓ Yes,completed
5,379,329,09-01,+7.4%,+3.07%,0.5154,11,✓ Yes,completed
5,379,331,09-01,+7.3%,+3.08%,0.5154,11,✓ Yes,completed
5,379,332,09-01,+7.0%,+3.06%,0.5153,11,✓ Yes,completed
5,379,334,09-01,+6.8%,+3.07%,0.5154,11,✓ Yes,completed
5,379,335,09-01,+6.8%,+3.08%,0.5154,11,✓ Yes,completed
5,379,337,09-01,+6.8%,+3.08%,0.5154,11,✓ Yes,completed
5,379,338,09-01,+6.7%,+3.10%,0.5155,11,✓ Yes,completed
5,379,340,09-01,+6.7%,+3.10%,0.5155,11,✓ Yes,completed
5,379,341,09-01,+6.6%,+3.11%,0.5155,11,✓ Yes,completed
5,379,343,09-01,+6.5%,+3.12%,0.5156,11,✓ Yes,completed
5,379,344,09-01,+6.3%,+3.13%,0.5157,11,✓ Yes,completed
5,379,346,09-01,+6.3%,+3.13%,0.5157,11,✓ Yes,completed
5,379,347,09-01,+6.2%,+3.13%,0.5156,11,✓ Yes,completed
5,379,349,09-01,+6.2%,+3.12%,0.5156,11,✓ Yes,completed
5,379,351,09-01,+6.1%,+3.10%,0.5155,11,✓ Yes,completed
5,379,352,09-01,+6.1%,+3.07%,0.5153,11,✓ Yes,completed
5,379,354,09-01,+6.0%,+3.03%,0.5152,11,✓ Yes,completed
5,379,355,09-01,+5.9%,+3.00%,0.5150,11,✓ Yes,completed
5,379,357,09-01,+5.9%,+2.99%,0.5150,11,✓ Yes,completed
5,379,358,09-01,+5.8%,+2.97%,0.5149,11,✓ Yes,completed
5,379,360,09-01,+5.8%,+2.96%,0.5148,11,✓ Yes,completed
5,379,361,09-01,+5.8%,+2.95%,0.5148,11,✓ Yes,completed
5,379,363,09-01,+5.7%,+2.94%,0.5147,11,✓ Yes,completed
5,379,364,09-01,+5.6%,+2.93%,0.5146,11,✓ Yes,completed
5,379,366,09-01,+5.6%,+2.93%,0.5146,11,✓ Yes,completed
5,379,367,09-01,+5.5%,+2.91%,0.5146,11,✓ Yes,completed
5,379,369,09-01,+5.3%,+2.84%,0.5142,12,✓ Yes,completed
5,379,370,09-01,+5.2%,+2.82%,0.5141,12,✓ Yes,completed
5,379,372,09-01,+5.0%,+2.75%,0.5138,13,✓ Yes,completed
5,379,373,09-01,+4.9%,+2.73%,0.5136,13,✓ Yes,completed
5,379,375,09-01,+4.9%,+2.72%,0.5136,13,✓ Yes,completed
5,379,376,09-01,+4.7%,+2.68%,0.5134,13,✓ Yes,completed
5,379,378,09-01,+4.7%,+2.67%,0.5134,13,✓ Yes,completed
5,379,379,09-01,+4.3%,+2.57%,0.5129,16,✓ Yes,completed
5,365,328,09-02,+10.0%,+32.24%,0.6612,15,✗ No,budget_exceeded
5,365,329,09-02,+10.0%,+32.12%,0.6606,15,✗ No,budget_exceeded
5,365,331,09-02,+10.0%,+32.05%,0.6603,15,✗ No,budget_exceeded
5,365,332,09-02,+10.0%,+29.90%,0.6495,18,✗ No,budget_exceeded
5,365,334,09-02,+10.0%,+29.76%,0.6488,18,✗ No,budget_exceeded
5,365,335,09-02,+10.0%,+29.69%,0.6485,18,✗ No,budget_exceeded
5,365,337,09-02,+10.0%,+29.55%,0.6478,18,✗ No,budget_exceeded
5,365,339,09-02,+10.0%,+29.46%,0.6473,18,✗ No,budget_exceeded
5,365,340,09-02,+10.0%,+28.90%,0.6445,19,✗ No,budget_exceeded
5,365,342,09-02,+10.0%,+28.81%,0.6440,19,✗ No,budget_exceeded
5,365,343,09-02,+10.0%,+21.89%,0.6095,21,✗ No,budget_exceeded
5,365,345,09-02,+10.0%,+21.77%,0.6089,21,✗ No,budget_exceeded
5,365,346,09-02,+10.0%,+20.07%,0.6003,23,✗ No,budget_exceeded
5,365,348,09-02,+10.0%,+19.97%,0.5999,23,✗ No,budget_exceeded
5,365,349,09-02,+10.0%,+19.78%,0.5989,23,✗ No,budget_exceeded
5,365,351,09-02,+10.0%,+19.71%,0.5985,23,✗ No,budget_exceeded
5,365,352,09-02,+10.0%,+18.02%,0.5901,25,✗ No,budget_exceeded
5,365,354,09-02,+10.0%,+17.87%,0.5894,25,✗ No,budget_exceeded
5,365,355,09-02,+9.9%,+2.73%,0.5136,26,✓ Yes,completed
5,365,357,09-02,+9.7%,+2.70%,0.5135,27,✓ Yes,completed
5,365,359,09-02,+9.2%,+2.69%,0.5134,28,✓ Yes,completed
5,365,360,09-02,+8.9%,+2.66%,0.5133,30,✓ Yes,completed
5,365,362,09-02,+8.7%,+2.64%,0.5132,30,✓ Yes,completed
5,365,363,09-02,+8.2%,+2.63%,0.5132,34,✓ Yes,completed
5,365,365,09-02,+8.1%,+2.62%,0.5131,37,✓ Yes,completed
5,366,328,09-02,+10.0%,+31.62%,0.6581,14,✗ No,budget_exceeded
5,366,329,09-02,+10.0%,+31.51%,0.6576,14,✗ No,budget_exceeded
5,366,331,09-02,+10.0%,+30.98%,0.6549,15,✗ No,budget_exceeded
5,366,332,09-02,+10.0%,+28.92%,0.6446,17,✗ No,budget_exceeded
5,366,334,09-02,+10.0%,+28.78%,0.6439,17,✗ No,budget_exceeded
5,366,336,09-02,+10.0%,+28.72%,0.6436,17,✗ No,budget_exceeded
5,366,337,09-02,+10.0%,+19.70%,0.5985,21,✗ No,budget_exceeded
5,366,339,09-02,+10.0%,+19.59%,0.5979,21,✗ No,budget_exceeded
5,366,340,09-02,+10.0%,+18.83%,0.5942,22,✗ No,budget_exceeded
5,366,342,09-02,+10.0%,+17.93%,0.5896,23,✗ No,budget_exceeded
5,366,343,09-02,+10.0%,+17.55%,0.5878,23,✗ No,budget_exceeded
5,366,345,09-02,+10.0%,+17.46%,0.5873,23,✗ No,budget_exceeded
5,366,346,09-02,+9.9%,+2.71%,0.5136,23,✓ Yes,completed
5,366,348,09-02,+9.8%,+2.71%,0.5136,23,✓ Yes,completed
5,366,349,09-02,+9.7%,+2.70%,0.5135,23,✓ Yes,completed
5,366,351,09-02,+9.6%,+2.69%,0.5134,23,✓ Yes,completed
5,366,352,09-02,+9.5%,+2.69%,0.5134,23,✓ Yes,completed
5,366,354,09-02,+9.4%,+2.69%,0.5134,23,✓ Yes,completed
5,366,356,09-02,+8.9%,+2.67%,0.5133,24,✓ Yes,completed
5,366,357,09-02,+8.8%,+2.66%,0.5133,24,✓ Yes,completed
5,366,359,09-02,+8.7%,+2.66%,0.5133,24,✓ Yes,completed
5,366,360,09-02,+8.4%,+2.66%,0.5133,25,✓ Yes,completed
5,366,362,09-02,+8.2%,+2.66%,0.5133,25,✓ Yes,completed
5,366,363,09-02,+7.9%,+2.61%,0.5131,26,✓ Yes,completed
5,366,365,09-02,+7.7%,+2.56%,0.5128,28,✓ Yes,completed
5,366,366,09-02,+7.3%,+2.50%,0.5125,32,✓ Yes,completed
5,368,328,09-02,+10.0%,+31.50%,0.6575,14,✗ No,budget_exceeded
5,368,329,09-02,+10.0%,+30.93%,0.6546,15,✗ No,budget_exceeded
5,368,331,09-02,+10.0%,+30.86%,0.6543,15,✗ No,budget_exceeded
5,368,332,09-02,+10.0%,+28.80%,0.6440,17,✗ No,budget_exceeded
5,368,334,09-02,+10.0%,+23.19%,0.6159,18,✗ No,budget_exceeded
5,368,335,09-02,+10.0%,+23.12%,0.6156,18,✗ No,budget_exceeded
5,368,337,09-02,+10.0%,+23.09%,0.6155,18,✗ No,budget_exceeded
5,368,338,09-02,+10.0%,+18.85%,0.5942,22,✗ No,budget_exceeded
5,368,340,09-02,+10.0%,+18.78%,0.5939,22,✗ No,budget_exceeded
5,368,341,09-02,+10.0%,+17.78%,0.5889,23,✗ No,budget_exceeded
5,368,343,09-02,+10.0%,+17.56%,0.5878,23,✗ No,budget_exceeded
5,368,344,09-02,+10.0%,+2.70%,0.5135,23,✓ Yes,completed
5,368,346,09-02,+9.9%,+2.70%,0.5135,23,✓ Yes,completed
5,368,347,09-02,+9.7%,+2.69%,0.5135,23,✓ Yes,completed
5,368,349,09-02,+9.7%,+2.69%,0.5134,23,✓ Yes,completed
5,368,350,09-02,+9.5%,+2.68%,0.5134,23,✓ Yes,completed
5,368,352,09-02,+9.4%,+2.68%,0.5134,23,✓ Yes,completed
5,368,353,09-02,+9.2%,+2.69%,0.5135,23,✓ Yes,completed
5,368,355,09-02,+9.2%,+2.69%,0.5135,23,✓ Yes,completed
5,368,356,09-02,+8.8%,+2.66%,0.5133,24,✓ Yes,completed
5,368,358,09-02,+8.7%,+2.66%,0.5133,24,✓ Yes,completed
5,368,359,09-02,+8.5%,+2.66%,0.5133,24,✓ Yes,completed
5,368,360,09-02,+8.3%,+2.66%,0.5133,25,✓ Yes,completed
5,368,362,09-02,+8.1%,+2.66%,0.5133,25,✓ Yes,completed
5,368,363,09-02,+7.7%,+2.57%,0.5128,26,✓ Yes,completed
5,368,365,09-02,+7.5%,+2.54%,0.5127,27,✓ Yes,completed
5,368,366,09-02,+7.2%,+2.47%,0.5124,30,✓ Yes,completed
5,368,368,09-02,+7.1%,+2.42%,0.5121,32,✓ Yes,completed
5,370,328,09-02,+10.0%,+20.73%,0.6037,15,✗ No,budget_exceeded
5,370,329,09-02,+10.0%,+19.65%,0.5983,16,✗ No,budget_exceeded
5,370,331,09-02,+10.0%,+19.56%,0.5978,16,✗ No,budget_exceeded
5,370,332,09-02,+10.0%,+17.34%,0.5867,19,✗ No,budget_exceeded
5,370,334,09-02,+10.0%,+2.64%,0.5132,19,✓ Yes,completed
5,370,335,09-02,+9.8%,+2.65%,0.5132,19,✓ Yes,completed
5,370,337,09-02,+9.8%,+2.65%,0.5132,19,✓ Yes,completed
5,370,338,09-02,+9.6%,+2.64%,0.5132,19,✓ Yes,completed
5,370,340,09-02,+9.5%,+2.64%,0.5132,19,✓ Yes,completed
5,370,341,09-02,+9.4%,+2.65%,0.5132,19,✓ Yes,completed
5,370,343,09-02,+9.2%,+2.66%,0.5133,19,✓ Yes,completed
5,370,344,09-02,+9.1%,+2.66%,0.5133,19,✓ Yes,completed
5,370,346,09-02,+9.0%,+2.65%,0.5133,19,✓ Yes,completed
5,370,347,09-02,+8.8%,+2.65%,0.5132,19,✓ Yes,completed
5,370,349,09-02,+8.8%,+2.65%,0.5132,19,✓ Yes,completed
5,370,350,09-02,+8.6%,+2.65%,0.5132,19,✓ Yes,completed
5,370,352,09-02,+8.6%,+2.65%,0.5133,19,✓ Yes,completed
5,370,353,09-02,+8.4%,+2.66%,0.5133,19,✓ Yes,completed
5,370,355,09-02,+8.4%,+2.66%,0.5133,19,✓ Yes,completed
5,370,356,09-02,+7.9%,+2.62%,0.5131,20,✓ Yes,completed
5,370,358,09-02,+7.8%,+2.59%,0.5130,20,✓ Yes,completed
5,370,359,09-02,+7.6%,+2.57%,0.5128,20,✓ Yes,completed
5,370,361,09-02,+7.5%,+2.55%,0.5128,21,✓ Yes,completed
5,370,362,09-02,+7.2%,+2.48%,0.5124,22,✓ Yes,completed
5,370,364,09-02,+7.0%,+2.42%,0.5121,22,✓ Yes,completed
5,370,365,09-02,+6.8%,+2.41%,0.5120,22,✓ Yes,completed
5,370,367,09-02,+6.7%,+2.41%,0.5120,22,✓ Yes,completed
5,370,368,09-02,+6.4%,+2.39%,0.5119,24,✓ Yes,completed
5,370,370,09-02,+6.3%,+2.37%,0.5119,26,✓ Yes,completed
5,371,328,09-02,+9.7%,+2.59%,0.5129,15,✓ Yes,completed
5,371,329,09-02,+9.6%,+2.59%,0.5129,15,✓ Yes,completed
5,371,331,09-02,+9.5%,+2.59%,0.5129,15,✓ Yes,completed
5,371,332,09-02,+9.1%,+2.61%,0.5130,15,✓ Yes,completed
5,371,334,09-02,+9.0%,+2.61%,0.5130,15,✓ Yes,completed
5,371,335,09-02,+8.8%,+2.61%,0.5130,15,✓ Yes,completed
5,371,337,09-02,+8.8%,+2.61%,0.5130,15,✓ Yes,completed
5,371,338,09-02,+8.7%,+2.62%,0.5131,15,✓ Yes,completed
5,371,340,09-02,+8.6%,+2.62%,0.5131,15,✓ Yes,completed
5,371,341,09-02,+8.5%,+2.63%,0.5132,15,✓ Yes,completed
5,371,343,09-02,+8.4%,+2.64%,0.5132,15,✓ Yes,completed
5,371,344,09-02,+8.2%,+2.65%,0.5132,15,✓ Yes,completed
5,371,346,09-02,+8.2%,+2.65%,0.5133,15,✓ Yes,completed
5,371,347,09-02,+8.1%,+2.65%,0.5133,15,✓ Yes,completed
5,371,349,09-02,+8.0%,+2.65%,0.5132,15,✓ Yes,completed
5,371,350,09-02,+7.9%,+2.63%,0.5131,15,✓ Yes,completed
5,371,352,09-02,+7.9%,+2.62%,0.5131,15,✓ Yes,completed
5,371,353,09-02,+7.7%,+2.59%,0.5129,15,✓ Yes,completed
5,371,355,09-02,+7.7%,+2.58%,0.5129,15,✓ Yes,completed
5,371,356,09-02,+7.2%,+2.51%,0.5126,16,✓ Yes,completed
5,371,358,09-02,+7.2%,+2.49%,0.5125,16,✓ Yes,completed
5,371,359,09-02,+7.1%,+2.46%,0.5123,16,✓ Yes,completed
5,371,361,09-02,+7.0%,+2.44%,0.5122,17,✓ Yes,completed
5,371,362,09-02,+6.7%,+2.41%,0.5121,18,✓ Yes,completed
5,371,364,09-02,+6.5%,+2.41%,0.5121,18,✓ Yes,completed
5,371,365,09-02,+6.4%,+2.41%,0.5120,18,✓ Yes,completed
5,371,367,09-02,+6.3%,+2.41%,0.5120,18,✓ Yes,completed
5,371,368,09-02,+6.1%,+2.33%,0.5117,20,✓ Yes,completed
5,371,370,09-02,+6.0%,+2.30%,0.5115,20,✓ Yes,completed
5,371,371,09-02,+5.8%,+2.25%,0.5112,22,✓ Yes,completed
5,373,328,09-02,+8.5%,+2.55%,0.5127,14,✓ Yes,completed
5,373,329,09-02,+8.4%,+2.56%,0.5128,14,✓ Yes,completed
5,373,331,09-02,+8.3%,+2.56%,0.5128,14,✓ Yes,completed
5,373,332,09-02,+7.9%,+2.56%,0.5128,14,✓ Yes,completed
5,373,334,09-02,+7.8%,+2.54%,0.5127,14,✓ Yes,completed
5,373,335,09-02,+7.8%,+2.53%,0.5127,14,✓ Yes,completed
5,373,337,09-02,+7.7%,+2.53%,0.5127,14,✓ Yes,completed
5,373,338,09-02,+7.6%,+2.52%,0.5126,14,✓ Yes,completed
5,373,340,09-02,+7.6%,+2.52%,0.5126,14,✓ Yes,completed
5,373,341,09-02,+7.5%,+2.52%,0.5126,14,✓ Yes,completed
5,373,343,09-02,+7.3%,+2.51%,0.5125,14,✓ Yes,completed
5,373,344,09-02,+7.2%,+2.48%,0.5124,14,✓ Yes,completed
5,373,346,09-02,+7.2%,+2.47%,0.5124,14,✓ Yes,completed
5,373,347,09-02,+7.0%,+2.44%,0.5122,14,✓ Yes,completed
5,373,349,09-02,+7.0%,+2.43%,0.5122,14,✓ Yes,completed
5,373,350,09-02,+6.9%,+2.41%,0.5121,14,✓ Yes,completed
5,373,352,09-02,+6.8%,+2.41%,0.5121,14,✓ Yes,completed
5,373,353,09-02,+6.7%,+2.42%,0.5121,14,✓ Yes,completed
5,373,355,09-02,+6.7%,+2.42%,0.5121,14,✓ Yes,completed
5,373,356,09-02,+6.6%,+2.41%,0.5121,14,✓ Yes,completed
5,373,358,09-02,+6.5%,+2.42%,0.5121,14,✓ Yes,completed
5,373,359,09-02,+6.4%,+2.42%,0.5121,14,✓ Yes,completed
5,373,361,09-02,+6.4%,+2.42%,0.5121,14,✓ Yes,completed
5,373,362,09-02,+6.2%,+2.40%,0.5120,14,✓ Yes,completed
5,373,364,09-02,+6.1%,+2.38%,0.5119,14,✓ Yes,completed
5,373,365,09-02,+6.1%,+2.37%,0.5118,14,✓ Yes,completed
5,373,367,09-02,+6.0%,+2.35%,0.5117,14,✓ Yes,completed
5,373,368,09-02,+5.8%,+2.28%,0.5114,15,✓ Yes,completed
5,373,370,09-02,+5.8%,+2.27%,0.5113,15,✓ Yes,completed
5,373,371,09-02,+5.6%,+2.24%,0.5112,16,✓ Yes,completed
5,373,373,09-02,+5.5%,+2.24%,0.5112,16,✓ Yes,completed
5,374,328,09-02,+8.3%,+2.55%,0.5128,13,✓ Yes,completed
5,374,329,09-02,+8.2%,+2.56%,0.5128,13,✓ Yes,completed
5,374,331,09-02,+8.1%,+2.57%,0.5128,13,✓ Yes,completed
5,374,332,09-02,+7.7%,+2.51%,0.5125,13,✓ Yes,completed
5,374,334,09-02,+7.6%,+2.50%,0.5125,13,✓ Yes,completed
5,374,335,09-02,+7.5%,+2.50%,0.5125,13,✓ Yes,completed
5,374,337,09-02,+7.5%,+2.50%,0.5125,13,✓ Yes,completed
5,374,338,09-02,+7.4%,+2.50%,0.5125,13,✓ Yes,completed
5,374,340,09-02,+7.4%,+2.50%,0.5125,13,✓ Yes,completed
5,374,341,09-02,+7.2%,+2.48%,0.5124,13,✓ Yes,completed
5,374,343,09-02,+7.1%,+2.45%,0.5123,13,✓ Yes,completed
5,374,344,09-02,+7.0%,+2.42%,0.5121,13,✓ Yes,completed
5,374,346,09-02,+7.0%,+2.41%,0.5121,13,✓ Yes,completed
5,374,347,09-02,+6.8%,+2.40%,0.5120,13,✓ Yes,completed
5,374,349,09-02,+6.8%,+2.40%,0.5120,13,✓ Yes,completed
5,374,350,09-02,+6.7%,+2.41%,0.5120,13,✓ Yes,completed
5,374,352,09-02,+6.7%,+2.41%,0.5121,13,✓ Yes,completed
5,374,353,09-02,+6.5%,+2.41%,0.5121,13,✓ Yes,completed
5,374,355,09-02,+6.5%,+2.41%,0.5121,13,✓ Yes,completed
5,374,356,09-02,+6.4%,+2.41%,0.5121,13,✓ Yes,completed
5,374,358,09-02,+6.3%,+2.41%,0.5121,13,✓ Yes,completed
5,374,359,09-02,+6.3%,+2.41%,0.5120,13,✓ Yes,completed
5,374,361,09-02,+6.2%,+2.40%,0.5120,13,✓ Yes,completed
5,374,362,09-02,+6.1%,+2.36%,0.5118,13,✓ Yes,completed
5,374,364,09-02,+6.0%,+2.33%,0.5117,13,✓ Yes,completed
5,374,365,09-02,+6.0%,+2.33%,0.5116,13,✓ Yes,completed
5,374,367,09-02,+5.9%,+2.31%,0.5115,13,✓ Yes,completed
5,374,368,09-02,+5.7%,+2.25%,0.5113,14,✓ Yes,completed
5,374,370,09-02,+5.7%,+2.25%,0.5112,14,✓ Yes,completed
5,374,371,09-02,+5.5%,+2.24%,0.5112,15,✓ Yes,completed
5,374,373,09-02,+5.4%,+2.22%,0.5111,15,✓ Yes,completed
5,374,374,09-02,+5.3%,+2.20%,0.5110,16,✓ Yes,completed
5,376,328,09-02,+7.7%,+2.47%,0.5124,12,✓ Yes,completed
5,376,329,09-02,+7.7%,+2.47%,0.5123,12,✓ Yes,completed
5,376,331,09-02,+7.6%,+2.47%,0.5123,12,✓ Yes,completed
5,376,332,09-02,+7.2%,+2.42%,0.5121,12,✓ Yes,completed
5,376,334,09-02,+7.1%,+2.40%,0.5120,12,✓ Yes,completed
5,376,335,09-02,+7.0%,+2.39%,0.5120,12,✓ Yes,completed
5,376,337,09-02,+7.0%,+2.39%,0.5119,12,✓ Yes,completed
5,376,338,09-02,+6.9%,+2.38%,0.5119,12,✓ Yes,completed
5,376,340,09-02,+6.9%,+2.38%,0.5119,12,✓ Yes,completed
5,376,341,09-02,+6.8%,+2.38%,0.5119,12,✓ Yes,completed
5,376,343,09-02,+6.7%,+2.39%,0.5119,12,✓ Yes,completed
5,376,344,09-02,+6.5%,+2.39%,0.5120,12,✓ Yes,completed
5,376,346,09-02,+6.5%,+2.39%,0.5120,12,✓ Yes,completed
5,376,347,09-02,+6.4%,+2.40%,0.5120,12,✓ Yes,completed
5,376,349,09-02,+6.4%,+2.40%,0.5120,12,✓ Yes,completed
5,376,350,09-02,+6.3%,+2.40%,0.5120,12,✓ Yes,completed
5,376,352,09-02,+6.3%,+2.40%,0.5120,12,✓ Yes,completed
5,376,353,09-02,+6.2%,+2.38%,0.5119,12,✓ Yes,completed
5,376,355,09-02,+6.1%,+2.37%,0.5119,12,✓ Yes,completed
5,376,356,09-02,+6.0%,+2.34%,0.5117,12,✓ Yes,completed
5,376,358,09-02,+6.0%,+2.33%,0.5117,12,✓ Yes,completed
5,376,359,09-02,+5.9%,+2.31%,0.5115,12,✓ Yes,completed
5,376,361,09-02,+5.9%,+2.30%,0.5115,12,✓ Yes,completed
5,376,362,09-02,+5.8%,+2.28%,0.5114,12,✓ Yes,completed
5,376,364,09-02,+5.8%,+2.26%,0.5113,12,✓ Yes,completed
5,376,365,09-02,+5.7%,+2.26%,0.5113,12,✓ Yes,completed
5,376,367,09-02,+5.7%,+2.25%,0.5113,12,✓ Yes,completed
5,376,368,09-02,+5.4%,+2.23%,0.5112,13,✓ Yes,completed
5,376,370,09-02,+5.4%,+2.22%,0.5111,13,✓ Yes,completed
5,376,372,09-02,+5.2%,+2.20%,0.5110,14,✓ Yes,completed
5,376,373,09-02,+5.1%,+2.19%,0.5109,14,✓ Yes,completed
5,376,375,09-02,+5.1%,+2.18%,0.5109,14,✓ Yes,completed
5,376,376,09-02,+4.9%,+2.18%,0.5109,14,✓ Yes,completed
5,378,328,09-02,+7.7%,+2.47%,0.5124,12,✓ Yes,completed
5,378,329,09-02,+7.7%,+2.47%,0.5123,12,✓ Yes,completed
5,378,331,09-02,+7.6%,+2.47%,0.5123,12,✓ Yes,completed
5,378,332,09-02,+7.2%,+2.42%,0.5121,12,✓ Yes,completed
5,378,334,09-02,+7.1%,+2.40%,0.5120,12,✓ Yes,completed
5,378,335,09-02,+7.0%,+2.39%,0.5120,12,✓ Yes,completed
5,378,337,09-02,+7.0%,+2.39%,0.5119,12,✓ Yes,completed
5,378,338,09-02,+6.9%,+2.38%,0.5119,12,✓ Yes,completed
5,378,340,09-02,+6.9%,+2.38%,0.5119,12,✓ Yes,completed
5,378,341,09-02,+6.8%,+2.38%,0.5119,12,✓ Yes,completed
5,378,343,09-02,+6.7%,+2.39%,0.5119,12,✓ Yes,completed
5,378,344,09-02,+6.5%,+2.39%,0.5120,12,✓ Yes,completed
5,378,346,09-02,+6.5%,+2.39%,0.5120,12,✓ Yes,completed
5,378,347,09-02,+6.4%,+2.40%,0.5120,12,✓ Yes,completed
5,378,349,09-02,+6.4%,+2.40%,0.5120,12,✓ Yes,completed
5,378,350,09-02,+6.3%,+2.40%,0.5120,12,✓ Yes,completed
5,378,352,09-02,+6.3%,+2.40%,0.5120,12,✓ Yes,completed
5,378,353,09-02,+6.2%,+2.38%,0.5119,12,✓ Yes,completed
5,378,355,09-02,+6.1%,+2.37%,0.5119,12,✓ Yes,completed
5,378,357,09-02,+6.0%,+2.34%,0.5117,12,✓ Yes,completed
5,378,358,09-02,+6.0%,+2.32%,0.5116,12,✓ Yes,completed
5,378,360,09-02,+5.9%,+2.31%,0.5115,12,✓ Yes,completed
5,378,361,09-02,+5.9%,+2.30%,0.5115,12,✓ Yes,completed
5,378,363,09-02,+5.8%,+2.28%,0.5114,12,✓ Yes,completed
5,378,364,09-02,+5.7%,+2.26%,0.5113,12,✓ Yes,completed
5,378,366,09-02,+5.7%,+2.26%,0.5113,12,✓ Yes,completed
5,378,367,09-02,+5.6%,+2.25%,0.5113,12,✓ Yes,completed
5,378,369,09-02,+5.4%,+2.23%,0.5112,13,✓ Yes,completed
5,378,370,09-02,+5.3%,+2.22%,0.5111,13,✓ Yes,completed
5,378,372,09-02,+5.2%,+2.19%,0.5110,14,✓ Yes,completed
5,378,373,09-02,+5.1%,+2.19%,0.5109,14,✓ Yes,completed
5,378,375,09-02,+5.1%,+2.18%,0.5109,14,✓ Yes,completed
5,378,376,09-02,+4.9%,+2.18%,0.5109,14,✓ Yes,completed
5,378,378,09-02,+4.8%,+2.18%,0.5109,14,✓ Yes,completed
5,379,328,09-02,+7.4%,+2.45%,0.5122,11,✓ Yes,completed
5,379,329,09-02,+7.4%,+2.45%,0.5123,11,✓ Yes,completed
5,379,331,09-02,+7.3%,+2.44%,0.5122,11,✓ Yes,completed
5,379,332,09-02,+7.0%,+2.36%,0.5118,11,✓ Yes,completed
5,379,334,09-02,+6.8%,+2.36%,0.5118,11,✓ Yes,completed
5,379,335,09-02,+6.8%,+2.36%,0.5118,11,✓ Yes,completed
5,379,337,09-02,+6.8%,+2.36%,0.5118,11,✓ Yes,completed
5,379,338,09-02,+6.7%,+2.37%,0.5119,11,✓ Yes,completed
5,379,340,09-02,+6.7%,+2.37%,0.5119,11,✓ Yes,completed
5,379,341,09-02,+6.6%,+2.38%,0.5119,11,✓ Yes,completed
5,379,343,09-02,+6.5%,+2.38%,0.5119,11,✓ Yes,completed
5,379,344,09-02,+6.3%,+2.39%,0.5119,11,✓ Yes,completed
5,379,346,09-02,+6.3%,+2.39%,0.5119,11,✓ Yes,completed
5,379,347,09-02,+6.2%,+2.38%,0.5119,11,✓ Yes,completed
5,379,349,09-02,+6.2%,+2.38%,0.5119,11,✓ Yes,completed
5,379,351,09-02,+6.1%,+2.36%,0.5118,11,✓ Yes,completed
5,379,352,09-02,+6.1%,+2.34%,0.5117,11,✓ Yes,completed
5,379,354,09-02,+6.0%,+2.31%,0.5116,11,✓ Yes,completed
5,379,355,09-02,+5.9%,+2.29%,0.5115,11,✓ Yes,completed
5,379,357,09-02,+5.9%,+2.29%,0.5114,11,✓ Yes,completed
5,379,358,09-02,+5.8%,+2.28%,0.5114,11,✓ Yes,completed
5,379,360,09-02,+5.8%,+2.27%,0.5113,11,✓ Yes,completed
5,379,361,09-02,+5.8%,+2.26%,0.5113,11,✓ Yes,completed
5,379,363,09-02,+5.7%,+2.25%,0.5113,11,✓ Yes,completed
5,379,364,09-02,+5.6%,+2.25%,0.5113,11,✓ Yes,completed
5,379,366,09-02,+5.6%,+2.25%,0.5113,11,✓ Yes,completed
5,379,367,09-02,+5.5%,+2.24%,0.5112,11,✓ Yes,completed
5,379,369,09-02,+5.3%,+2.21%,0.5110,12,✓ Yes,completed
5,379,370,09-02,+5.2%,+2.20%,0.5110,12,✓ Yes,completed
5,379,372,09-02,+5.0%,+2.18%,0.5109,13,✓ Yes,completed
5,379,373,09-02,+4.9%,+2.18%,0.5109,13,✓ Yes,completed
5,379,375,09-02,+4.9%,+2.18%,0.5109,13,✓ Yes,completed
5,379,376,09-02,+4.7%,+2.19%,0.5109,13,✓ Yes,completed
5,379,378,09-02,+4.7%,+2.19%,0.5109,13,✓ Yes,completed
5,379,379,09-02,+4.3%,+2.15%,0.5107,16,✓ Yes,completed
5,365,328,09-03,+10.0%,+33.62%,0.6681,15,✗ No,budget_exceeded
5,365,329,09-03,+10.0%,+33.50%,0.6675,15,✗ No,budget_exceeded
5,365,331,09-03,+10.0%,+33.43%,0.6672,15,✗ No,budget_exceeded
5,365,332,09-03,+10.0%,+31.26%,0.6563,18,✗ No,budget_exceeded
5,365,334,09-03,+10.0%,+31.12%,0.6556,18,✗ No,budget_exceeded
5,365,335,09-03,+10.0%,+31.05%,0.6553,18,✗ No,budget_exceeded
5,365,337,09-03,+10.0%,+30.92%,0.6546,18,✗ No,budget_exceeded
5,365,339,09-03,+10.0%,+30.82%,0.6541,18,✗ No,budget_exceeded
5,365,340,09-03,+10.0%,+30.25%,0.6513,19,✗ No,budget_exceeded
5,365,342,09-03,+10.0%,+30.16%,0.6508,19,✗ No,budget_exceeded
5,365,343,09-03,+10.0%,+23.19%,0.6160,21,✗ No,budget_exceeded
5,365,345,09-03,+10.0%,+23.08%,0.6154,21,✗ No,budget_exceeded
5,365,346,09-03,+10.0%,+21.36%,0.6068,23,✗ No,budget_exceeded
5,365,348,09-03,+10.0%,+21.26%,0.6063,23,✗ No,budget_exceeded
5,365,349,09-03,+10.0%,+21.07%,0.6054,23,✗ No,budget_exceeded
5,365,351,09-03,+10.0%,+21.00%,0.6050,23,✗ No,budget_exceeded
5,365,352,09-03,+10.0%,+19.30%,0.5965,25,✗ No,budget_exceeded
5,365,354,09-03,+10.0%,+19.15%,0.5957,25,✗ No,budget_exceeded
5,365,355,09-03,+10.0%,+3.67%,0.5183,27,✗ No,budget_exceeded
5,365,357,09-03,+10.0%,+3.39%,0.5170,28,✗ No,budget_exceeded
5,365,359,09-03,+9.5%,+1.84%,0.5092,30,✓ Yes,completed
5,365,360,09-03,+9.2%,+1.72%,0.5086,32,✓ Yes,completed
5,365,362,09-03,+9.0%,+1.67%,0.5084,32,✓ Yes,completed
5,365,363,09-03,+8.4%,+1.66%,0.5083,35,✓ Yes,completed
5,365,365,09-03,+8.1%,+1.68%,0.5084,37,✓ Yes,completed
5,366,328,09-03,+10.0%,+33.00%,0.6650,14,✗ No,budget_exceeded
5,366,329,09-03,+10.0%,+32.89%,0.6644,14,✗ No,budget_exceeded
5,366,331,09-03,+10.0%,+32.36%,0.6618,15,✗ No,budget_exceeded
5,366,332,09-03,+10.0%,+30.28%,0.6514,17,✗ No,budget_exceeded
5,366,334,09-03,+10.0%,+30.14%,0.6507,17,✗ No,budget_exceeded
5,366,336,09-03,+10.0%,+30.07%,0.6504,17,✗ No,budget_exceeded
5,366,337,09-03,+10.0%,+20.99%,0.6049,21,✗ No,budget_exceeded
5,366,339,09-03,+10.0%,+20.87%,0.6044,21,✗ No,budget_exceeded
5,366,340,09-03,+10.0%,+20.11%,0.6006,22,✗ No,budget_exceeded
5,366,342,09-03,+10.0%,+19.20%,0.5960,23,✗ No,budget_exceeded
5,366,343,09-03,+10.0%,+18.82%,0.5941,23,✗ No,budget_exceeded
5,366,345,09-03,+10.0%,+18.73%,0.5936,23,✗ No,budget_exceeded
5,366,346,09-03,+10.0%,+3.68%,0.5184,24,✗ No,budget_exceeded
5,366,348,09-03,+10.0%,+3.58%,0.5179,24,✗ No,budget_exceeded
5,366,349,09-03,+10.0%,+3.39%,0.5169,24,✗ No,budget_exceeded
5,366,351,09-03,+10.0%,+3.29%,0.5165,24,✗ No,budget_exceeded
5,366,352,09-03,+9.9%,+2.02%,0.5101,24,✓ Yes,completed
5,366,354,09-03,+9.8%,+1.97%,0.5098,24,✓ Yes,completed
5,366,356,09-03,+9.3%,+1.77%,0.5088,25,✓ Yes,completed
5,366,357,09-03,+9.2%,+1.73%,0.5086,25,✓ Yes,completed
5,366,359,09-03,+9.0%,+1.68%,0.5084,26,✓ Yes,completed
5,366,360,09-03,+8.7%,+1.66%,0.5083,27,✓ Yes,completed
5,366,362,09-03,+8.4%,+1.69%,0.5085,26,✓ Yes,completed
5,366,363,09-03,+7.9%,+1.69%,0.5085,26,✓ Yes,completed
5,366,365,09-03,+7.7%,+1.66%,0.5083,28,✓ Yes,completed
5,366,366,09-03,+7.3%,+1.65%,0.5082,32,✓ Yes,completed
5,368,328,09-03,+10.0%,+32.87%,0.6644,14,✗ No,budget_exceeded
5,368,329,09-03,+10.0%,+32.30%,0.6615,15,✗ No,budget_exceeded
5,368,331,09-03,+10.0%,+32.23%,0.6612,15,✗ No,budget_exceeded
5,368,332,09-03,+10.0%,+30.15%,0.6508,17,✗ No,budget_exceeded
5,368,334,09-03,+10.0%,+24.50%,0.6225,18,✗ No,budget_exceeded
5,368,335,09-03,+10.0%,+24.43%,0.6221,18,✗ No,budget_exceeded
5,368,337,09-03,+10.0%,+24.41%,0.6220,18,✗ No,budget_exceeded
5,368,338,09-03,+10.0%,+20.13%,0.6006,22,✗ No,budget_exceeded
5,368,340,09-03,+10.0%,+20.06%,0.6003,22,✗ No,budget_exceeded
5,368,341,09-03,+10.0%,+19.05%,0.5953,23,✗ No,budget_exceeded
5,368,343,09-03,+10.0%,+18.84%,0.5942,23,✗ No,budget_exceeded
5,368,344,09-03,+10.0%,+3.76%,0.5188,24,✗ No,budget_exceeded
5,368,346,09-03,+10.0%,+3.69%,0.5185,24,✗ No,budget_exceeded
5,368,347,09-03,+10.0%,+3.43%,0.5171,24,✗ No,budget_exceeded
5,368,349,09-03,+10.0%,+3.33%,0.5167,24,✗ No,budget_exceeded
5,368,350,09-03,+9.9%,+2.03%,0.5102,24,✓ Yes,completed
5,368,352,09-03,+9.8%,+2.00%,0.5100,24,✓ Yes,completed
5,368,353,09-03,+9.7%,+1.91%,0.5095,24,✓ Yes,completed
5,368,355,09-03,+9.6%,+1.88%,0.5094,24,✓ Yes,completed
5,368,356,09-03,+9.2%,+1.72%,0.5086,25,✓ Yes,completed
5,368,358,09-03,+9.0%,+1.70%,0.5085,25,✓ Yes,completed
5,368,359,09-03,+8.8%,+1.66%,0.5083,26,✓ Yes,completed
5,368,360,09-03,+8.5%,+1.68%,0.5084,26,✓ Yes,completed
5,368,362,09-03,+8.1%,+1.72%,0.5086,25,✓ Yes,completed
5,368,363,09-03,+7.7%,+1.67%,0.5084,26,✓ Yes,completed
5,368,365,09-03,+7.5%,+1.66%,0.5083,27,✓ Yes,completed
5,368,366,09-03,+7.2%,+1.64%,0.5082,30,✓ Yes,completed
5,368,368,09-03,+7.1%,+1.62%,0.5081,32,✓ Yes,completed
5,370,328,09-03,+10.0%,+22.03%,0.6101,15,✗ No,budget_exceeded
5,370,329,09-03,+10.0%,+20.94%,0.6047,16,✗ No,budget_exceeded
5,370,331,09-03,+10.0%,+20.85%,0.6042,16,✗ No,budget_exceeded
5,370,332,09-03,+10.0%,+18.61%,0.5930,19,✗ No,budget_exceeded
5,370,334,09-03,+10.0%,+3.63%,0.5182,20,✗ No,budget_exceeded
5,370,335,09-03,+10.0%,+3.42%,0.5171,20,✗ No,budget_exceeded
5,370,337,09-03,+10.0%,+3.40%,0.5170,20,✗ No,budget_exceeded
5,370,338,09-03,+10.0%,+3.17%,0.5158,20,✗ No,budget_exceeded
5,370,340,09-03,+10.0%,+2.00%,0.5100,20,✓ Yes,completed
5,370,341,09-03,+9.8%,+1.95%,0.5098,20,✓ Yes,completed
5,370,343,09-03,+9.7%,+1.89%,0.5095,20,✓ Yes,completed
5,370,344,09-03,+9.5%,+1.81%,0.5090,20,✓ Yes,completed
5,370,346,09-03,+9.4%,+1.78%,0.5089,20,✓ Yes,completed
5,370,347,09-03,+9.2%,+1.73%,0.5087,20,✓ Yes,completed
5,370,349,09-03,+9.2%,+1.72%,0.5086,20,✓ Yes,completed
5,370,350,09-03,+9.0%,+1.69%,0.5084,20,✓ Yes,completed
5,370,352,09-03,+9.0%,+1.68%,0.5084,20,✓ Yes,completed
5,370,353,09-03,+8.8%,+1.66%,0.5083,20,✓ Yes,completed
5,370,355,09-03,+8.7%,+1.66%,0.5083,20,✓ Yes,completed
5,370,356,09-03,+7.9%,+1.70%,0.5085,20,✓ Yes,completed
5,370,358,09-03,+7.8%,+1.69%,0.5084,20,✓ Yes,completed
5,370,359,09-03,+7.6%,+1.68%,0.5084,20,✓ Yes,completed
5,370,361,09-03,+7.5%,+1.67%,0.5084,21,✓ Yes,completed
5,370,362,09-03,+7.2%,+1.66%,0.5083,22,✓ Yes,completed
5,370,364,09-03,+7.0%,+1.64%,0.5082,22,✓ Yes,completed
5,370,365,09-03,+6.8%,+1.63%,0.5082,22,✓ Yes,completed
5,370,367,09-03,+6.7%,+1.64%,0.5082,22,✓ Yes,completed
5,370,368,09-03,+6.4%,+1.62%,0.5081,24,✓ Yes,completed
5,370,370,09-03,+6.3%,+1.61%,0.5081,26,✓ Yes,completed
5,371,328,09-03,+10.0%,+3.23%,0.5161,16,✗ No,budget_exceeded
5,371,329,09-03,+10.0%,+3.14%,0.5157,16,✗ No,budget_exceeded
5,371,331,09-03,+10.0%,+1.95%,0.5098,16,✓ Yes,completed
5,371,332,09-03,+9.6%,+1.79%,0.5089,16,✓ Yes,completed
5,371,334,09-03,+9.5%,+1.74%,0.5087,16,✓ Yes,completed
5,371,335,09-03,+9.3%,+1.71%,0.5085,16,✓ Yes,completed
5,371,337,09-03,+9.3%,+1.70%,0.5085,16,✓ Yes,completed
5,371,338,09-03,+9.1%,+1.67%,0.5084,16,✓ Yes,completed
5,371,340,09-03,+9.1%,+1.66%,0.5083,16,✓ Yes,completed
5,371,341,09-03,+8.9%,+1.65%,0.5082,16,✓ Yes,completed
5,371,343,09-03,+8.8%,+1.64%,0.5082,16,✓ Yes,completed
5,371,344,09-03,+8.2%,+1.70%,0.5085,15,✓ Yes,completed
5,371,346,09-03,+8.2%,+1.71%,0.5085,15,✓ Yes,completed
5,371,347,09-03,+8.1%,+1.71%,0.5086,15,✓ Yes,completed
5,371,349,09-03,+8.0%,+1.71%,0.5086,15,✓ Yes,completed
5,371,350,09-03,+7.9%,+1.70%,0.5085,15,✓ Yes,completed
5,371,352,09-03,+7.9%,+1.70%,0.5085,15,✓ Yes,completed
5,371,353,09-03,+7.7%,+1.69%,0.5084,15,✓ Yes,completed
5,371,355,09-03,+7.7%,+1.69%,0.5084,15,✓ Yes,completed
5,371,356,09-03,+7.2%,+1.68%,0.5084,16,✓ Yes,completed
5,371,358,09-03,+7.2%,+1.67%,0.5083,16,✓ Yes,completed
5,371,359,09-03,+7.1%,+1.66%,0.5083,16,✓ Yes,completed
5,371,361,09-03,+7.0%,+1.65%,0.5083,17,✓ Yes,completed
5,371,362,09-03,+6.7%,+1.65%,0.5082,18,✓ Yes,completed
5,371,364,09-03,+6.5%,+1.65%,0.5082,18,✓ Yes,completed
5,371,365,09-03,+6.4%,+1.64%,0.5082,18,✓ Yes,completed
5,371,367,09-03,+6.3%,+1.64%,0.5082,18,✓ Yes,completed
5,371,368,09-03,+6.1%,+1.59%,0.5080,20,✓ Yes,completed
5,371,370,09-03,+6.0%,+1.57%,0.5079,20,✓ Yes,completed
5,371,371,09-03,+5.8%,+1.52%,0.5076,22,✓ Yes,completed
5,373,328,09-03,+8.8%,+1.53%,0.5077,15,✓ Yes,completed
5,373,329,09-03,+8.4%,+1.58%,0.5079,14,✓ Yes,completed
5,373,331,09-03,+8.3%,+1.60%,0.5080,14,✓ Yes,completed
5,373,332,09-03,+7.9%,+1.63%,0.5082,14,✓ Yes,completed
5,373,334,09-03,+7.8%,+1.63%,0.5081,14,✓ Yes,completed
5,373,335,09-03,+7.8%,+1.63%,0.5081,14,✓ Yes,completed
5,373,337,09-03,+7.7%,+1.63%,0.5081,14,✓ Yes,completed
5,373,338,09-03,+7.6%,+1.63%,0.5082,14,✓ Yes,completed
5,373,340,09-03,+7.6%,+1.63%,0.5082,14,✓ Yes,completed
5,373,341,09-03,+7.5%,+1.64%,0.5082,14,✓ Yes,completed
5,373,343,09-03,+7.3%,+1.65%,0.5083,14,✓ Yes,completed
5,373,344,09-03,+7.2%,+1.65%,0.5082,14,✓ Yes,completed
5,373,346,09-03,+7.2%,+1.65%,0.5082,14,✓ Yes,completed
5,373,347,09-03,+7.0%,+1.64%,0.5082,14,✓ Yes,completed
5,373,349,09-03,+7.0%,+1.64%,0.5082,14,✓ Yes,completed
5,373,350,09-03,+6.9%,+1.64%,0.5082,14,✓ Yes,completed
5,373,352,09-03,+6.8%,+1.64%,0.5082,14,✓ Yes,completed
5,373,353,09-03,+6.7%,+1.65%,0.5082,14,✓ Yes,completed
5,373,355,09-03,+6.7%,+1.65%,0.5082,14,✓ Yes,completed
5,373,356,09-03,+6.6%,+1.65%,0.5083,14,✓ Yes,completed
5,373,358,09-03,+6.5%,+1.65%,0.5083,14,✓ Yes,completed
5,373,359,09-03,+6.4%,+1.65%,0.5083,14,✓ Yes,completed
5,373,361,09-03,+6.4%,+1.65%,0.5083,14,✓ Yes,completed
5,373,362,09-03,+6.2%,+1.65%,0.5082,14,✓ Yes,completed
5,373,364,09-03,+6.1%,+1.63%,0.5082,14,✓ Yes,completed
5,373,365,09-03,+6.1%,+1.63%,0.5081,14,✓ Yes,completed
5,373,367,09-03,+6.0%,+1.61%,0.5080,14,✓ Yes,completed
5,373,368,09-03,+5.8%,+1.55%,0.5078,15,✓ Yes,completed
5,373,370,09-03,+5.8%,+1.54%,0.5077,15,✓ Yes,completed
5,373,371,09-03,+5.6%,+1.52%,0.5076,16,✓ Yes,completed
5,373,373,09-03,+5.5%,+1.51%,0.5075,16,✓ Yes,completed
5,374,328,09-03,+8.3%,+1.59%,0.5080,13,✓ Yes,completed
5,374,329,09-03,+8.2%,+1.61%,0.5081,13,✓ Yes,completed
5,374,331,09-03,+8.1%,+1.63%,0.5081,13,✓ Yes,completed
5,374,332,09-03,+7.7%,+1.61%,0.5080,13,✓ Yes,completed
5,374,334,09-03,+7.6%,+1.61%,0.5081,13,✓ Yes,completed
5,374,335,09-03,+7.5%,+1.62%,0.5081,13,✓ Yes,completed
5,374,337,09-03,+7.5%,+1.62%,0.5081,13,✓ Yes,completed
5,374,338,09-03,+7.4%,+1.64%,0.5082,13,✓ Yes,completed
5,374,340,09-03,+7.4%,+1.64%,0.5082,13,✓ Yes,completed
5,374,341,09-03,+7.2%,+1.64%,0.5082,13,✓ Yes,completed
5,374,343,09-03,+7.1%,+1.63%,0.5082,13,✓ Yes,completed
5,374,344,09-03,+7.0%,+1.63%,0.5081,13,✓ Yes,completed
5,374,346,09-03,+7.0%,+1.63%,0.5081,13,✓ Yes,completed
5,374,347,09-03,+6.8%,+1.63%,0.5081,13,✓ Yes,completed
5,374,349,09-03,+6.8%,+1.63%,0.5082,13,✓ Yes,completed
5,374,350,09-03,+6.7%,+1.64%,0.5082,13,✓ Yes,completed
5,374,352,09-03,+6.7%,+1.64%,0.5082,13,✓ Yes,completed
5,374,353,09-03,+6.5%,+1.65%,0.5082,13,✓ Yes,completed
5,374,355,09-03,+6.5%,+1.65%,0.5082,13,✓ Yes,completed
5,374,356,09-03,+6.4%,+1.65%,0.5082,13,✓ Yes,completed
5,374,358,09-03,+6.3%,+1.65%,0.5082,13,✓ Yes,completed
5,374,359,09-03,+6.3%,+1.65%,0.5083,13,✓ Yes,completed
5,374,361,09-03,+6.2%,+1.65%,0.5082,13,✓ Yes,completed
5,374,362,09-03,+6.1%,+1.62%,0.5081,13,✓ Yes,completed
5,374,364,09-03,+6.0%,+1.60%,0.5080,13,✓ Yes,completed
5,374,365,09-03,+6.0%,+1.59%,0.5080,13,✓ Yes,completed
5,374,367,09-03,+5.9%,+1.58%,0.5079,13,✓ Yes,completed
5,374,368,09-03,+5.7%,+1.53%,0.5077,14,✓ Yes,completed
5,374,370,09-03,+5.7%,+1.53%,0.5076,14,✓ Yes,completed
5,374,371,09-03,+5.5%,+1.51%,0.5075,15,✓ Yes,completed
5,374,373,09-03,+5.4%,+1.48%,0.5074,15,✓ Yes,completed
5,374,374,09-03,+5.3%,+1.45%,0.5072,16,✓ Yes,completed
5,376,328,09-03,+7.7%,+1.57%,0.5079,12,✓ Yes,completed
5,376,329,09-03,+7.7%,+1.58%,0.5079,12,✓ Yes,completed
5,376,331,09-03,+7.6%,+1.58%,0.5079,12,✓ Yes,completed
5,376,332,09-03,+7.2%,+1.60%,0.5080,12,✓ Yes,completed
5,376,334,09-03,+7.1%,+1.60%,0.5080,12,✓ Yes,completed
5,376,335,09-03,+7.0%,+1.60%,0.5080,12,✓ Yes,completed
5,376,337,09-03,+7.0%,+1.60%,0.5080,12,✓ Yes,completed
5,376,338,09-03,+6.9%,+1.60%,0.5080,12,✓ Yes,completed
5,376,340,09-03,+6.9%,+1.60%,0.5080,12,✓ Yes,completed
5,376,341,09-03,+6.8%,+1.61%,0.5080,12,✓ Yes,completed
5,376,343,09-03,+6.7%,+1.62%,0.5081,12,✓ Yes,completed
5,376,344,09-03,+6.5%,+1.63%,0.5081,12,✓ Yes,completed
5,376,346,09-03,+6.5%,+1.63%,0.5081,12,✓ Yes,completed
5,376,347,09-03,+6.4%,+1.63%,0.5082,12,✓ Yes,completed
5,376,349,09-03,+6.4%,+1.63%,0.5082,12,✓ Yes,completed
5,376,350,09-03,+6.3%,+1.64%,0.5082,12,✓ Yes,completed
5,376,352,09-03,+6.3%,+1.64%,0.5082,12,✓ Yes,completed
5,376,353,09-03,+6.2%,+1.63%,0.5081,12,✓ Yes,completed
5,376,355,09-03,+6.1%,+1.62%,0.5081,12,✓ Yes,completed
5,376,356,09-03,+6.0%,+1.60%,0.5080,12,✓ Yes,completed
5,376,358,09-03,+6.0%,+1.60%,0.5080,12,✓ Yes,completed
5,376,359,09-03,+5.9%,+1.58%,0.5079,12,✓ Yes,completed
5,376,361,09-03,+5.9%,+1.57%,0.5078,12,✓ Yes,completed
5,376,362,09-03,+5.8%,+1.55%,0.5078,12,✓ Yes,completed
5,376,364,09-03,+5.8%,+1.54%,0.5077,12,✓ Yes,completed
5,376,365,09-03,+5.7%,+1.54%,0.5077,12,✓ Yes,completed
5,376,367,09-03,+5.7%,+1.53%,0.5077,12,✓ Yes,completed
5,376,368,09-03,+5.4%,+1.49%,0.5074,13,✓ Yes,completed
5,376,370,09-03,+5.4%,+1.47%,0.5074,13,✓ Yes,completed
5,376,372,09-03,+5.2%,+1.42%,0.5071,14,✓ Yes,completed
5,376,373,09-03,+5.1%,+1.39%,0.5070,14,✓ Yes,completed
5,376,375,09-03,+5.1%,+1.38%,0.5069,14,✓ Yes,completed
5,376,376,09-03,+4.9%,+1.36%,0.5068,14,✓ Yes,completed
5,378,328,09-03,+7.7%,+1.57%,0.5079,12,✓ Yes,completed
5,378,329,09-03,+7.7%,+1.58%,0.5079,12,✓ Yes,completed
5,378,331,09-03,+7.6%,+1.58%,0.5079,12,✓ Yes,completed
5,378,332,09-03,+7.2%,+1.60%,0.5080,12,✓ Yes,completed
5,378,334,09-03,+7.1%,+1.60%,0.5080,12,✓ Yes,completed
5,378,335,09-03,+7.0%,+1.60%,0.5080,12,✓ Yes,completed
5,378,337,09-03,+7.0%,+1.60%,0.5080,12,✓ Yes,completed
5,378,338,09-03,+6.9%,+1.60%,0.5080,12,✓ Yes,completed
5,378,340,09-03,+6.9%,+1.60%,0.5080,12,✓ Yes,completed
5,378,341,09-03,+6.8%,+1.61%,0.5080,12,✓ Yes,completed
5,378,343,09-03,+6.7%,+1.62%,0.5081,12,✓ Yes,completed
5,378,344,09-03,+6.5%,+1.63%,0.5081,12,✓ Yes,completed
5,378,346,09-03,+6.5%,+1.63%,0.5081,12,✓ Yes,completed
5,378,347,09-03,+6.4%,+1.63%,0.5082,12,✓ Yes,completed
5,378,349,09-03,+6.4%,+1.63%,0.5082,12,✓ Yes,completed
5,378,350,09-03,+6.3%,+1.64%,0.5082,12,✓ Yes,completed
5,378,352,09-03,+6.3%,+1.64%,0.5082,12,✓ Yes,completed
5,378,353,09-03,+6.2%,+1.63%,0.5081,12,✓ Yes,completed
5,378,355,09-03,+6.1%,+1.62%,0.5081,12,✓ Yes,completed
5,378,357,09-03,+6.0%,+1.60%,0.5080,12,✓ Yes,completed
5,378,358,09-03,+6.0%,+1.59%,0.5079,12,✓ Yes,completed
5,378,360,09-03,+5.9%,+1.58%,0.5079,12,✓ Yes,completed
5,378,361,09-03,+5.9%,+1.57%,0.5078,12,✓ Yes,completed
5,378,363,09-03,+5.8%,+1.55%,0.5078,12,✓ Yes,completed
5,378,364,09-03,+5.7%,+1.54%,0.5077,12,✓ Yes,completed
5,378,366,09-03,+5.7%,+1.54%,0.5077,12,✓ Yes,completed
5,378,367,09-03,+5.6%,+1.53%,0.5076,12,✓ Yes,completed
5,378,369,09-03,+5.4%,+1.49%,0.5074,13,✓ Yes,completed
5,378,370,09-03,+5.3%,+1.46%,0.5073,13,✓ Yes,completed
5,378,372,09-03,+5.2%,+1.41%,0.5071,14,✓ Yes,completed
5,378,373,09-03,+5.1%,+1.39%,0.5069,14,✓ Yes,completed
5,378,375,09-03,+5.1%,+1.38%,0.5069,14,✓ Yes,completed
5,378,376,09-03,+4.9%,+1.36%,0.5068,14,✓ Yes,completed
5,378,378,09-03,+4.8%,+1.36%,0.5068,14,✓ Yes,completed
5,379,328,09-03,+7.4%,+1.58%,0.5079,11,✓ Yes,completed
5,379,329,09-03,+7.4%,+1.58%,0.5079,11,✓ Yes,completed
5,379,331,09-03,+7.3%,+1.59%,0.5079,11,✓ Yes,completed
5,379,332,09-03,+7.0%,+1.58%,0.5079,11,✓ Yes,completed
5,379,334,09-03,+6.8%,+1.58%,0.5079,11,✓ Yes,completed
5,379,335,09-03,+6.8%,+1.59%,0.5079,11,✓ Yes,completed
5,379,337,09-03,+6.8%,+1.59%,0.5079,11,✓ Yes,completed
5,379,338,09-03,+6.7%,+1.60%,0.5080,11,✓ Yes,completed
5,379,340,09-03,+6.7%,+1.60%,0.5080,11,✓ Yes,completed
5,379,341,09-03,+6.6%,+1.61%,0.5081,11,✓ Yes,completed
5,379,343,09-03,+6.5%,+1.62%,0.5081,11,✓ Yes,completed
5,379,344,09-03,+6.3%,+1.62%,0.5081,11,✓ Yes,completed
5,379,346,09-03,+6.3%,+1.62%,0.5081,11,✓ Yes,completed
5,379,347,09-03,+6.2%,+1.63%,0.5081,11,✓ Yes,completed
5,379,349,09-03,+6.2%,+1.62%,0.5081,11,✓ Yes,completed
5,379,351,09-03,+6.1%,+1.62%,0.5081,11,✓ Yes,completed
5,379,352,09-03,+6.1%,+1.60%,0.5080,11,✓ Yes,completed
5,379,354,09-03,+6.0%,+1.58%,0.5079,11,✓ Yes,completed
5,379,355,09-03,+5.9%,+1.56%,0.5078,11,✓ Yes,completed
5,379,357,09-03,+5.9%,+1.56%,0.5078,11,✓ Yes,completed
5,379,358,09-03,+5.8%,+1.55%,0.5078,11,✓ Yes,completed
5,379,360,09-03,+5.8%,+1.54%,0.5077,11,✓ Yes,completed
5,379,361,09-03,+5.8%,+1.54%,0.5077,11,✓ Yes,completed
5,379,363,09-03,+5.7%,+1.53%,0.5077,11,✓ Yes,completed
5,379,364,09-03,+5.6%,+1.53%,0.5076,11,✓ Yes,completed
5,379,366,09-03,+5.6%,+1.53%,0.5076,11,✓ Yes,completed
5,379,367,09-03,+5.5%,+1.51%,0.5075,11,✓ Yes,completed
5,379,369,09-03,+5.3%,+1.44%,0.5072,12,✓ Yes,completed
5,379,370,09-03,+5.2%,+1.41%,0.5071,12,✓ Yes,completed
5,379,372,09-03,+5.0%,+1.37%,0.5068,13,✓ Yes,completed
5,379,373,09-03,+4.9%,+1.36%,0.5068,13,✓ Yes,completed
5,379,375,09-03,+4.9%,+1.36%,0.5068,13,✓ Yes,completed
5,379,376,09-03,+4.7%,+1.35%,0.5068,13,✓ Yes,completed
5,379,378,09-03,+4.7%,+1.35%,0.5067,13,✓ Yes,completed
5,379,379,09-03,+4.3%,+1.30%,0.5065,16,✓ Yes,completed
5,365,328,09-04,+10.0%,+35.29%,0.6765,15,✗ No,budget_exceeded
5,365,329,09-04,+10.0%,+35.18%,0.6759,15,✗ No,budget_exceeded
5,365,331,09-04,+10.0%,+35.11%,0.6756,15,✗ No,budget_exceeded
5,365,332,09-04,+10.0%,+32.94%,0.6647,18,✗ No,budget_exceeded
5,365,334,09-04,+10.0%,+32.80%,0.6640,18,✗ No,budget_exceeded
5,365,335,09-04,+10.0%,+32.73%,0.6636,18,✗ No,budget_exceeded
5,365,337,09-04,+10.0%,+32.59%,0.6630,18,✗ No,budget_exceeded
5,365,339,09-04,+10.0%,+32.50%,0.6625,18,✗ No,budget_exceeded
5,365,340,09-04,+10.0%,+31.93%,0.6596,19,✗ No,budget_exceeded
5,365,342,09-04,+10.0%,+31.83%,0.6592,19,✗ No,budget_exceeded
5,365,343,09-04,+10.0%,+24.86%,0.6243,21,✗ No,budget_exceeded
5,365,345,09-04,+10.0%,+24.74%,0.6237,21,✗ No,budget_exceeded
5,365,346,09-04,+10.0%,+23.02%,0.6151,23,✗ No,budget_exceeded
5,365,348,09-04,+10.0%,+22.92%,0.6146,23,✗ No,budget_exceeded
5,365,349,09-04,+10.0%,+22.73%,0.6137,23,✗ No,budget_exceeded
5,365,351,09-04,+10.0%,+22.66%,0.6133,23,✗ No,budget_exceeded
5,365,352,09-04,+10.0%,+20.96%,0.6048,25,✗ No,budget_exceeded
5,365,354,09-04,+10.0%,+20.81%,0.6040,25,✗ No,budget_exceeded
5,365,355,09-04,+10.0%,+5.31%,0.5265,27,✗ No,budget_exceeded
5,365,357,09-04,+10.0%,+5.03%,0.5252,28,✗ No,budget_exceeded
5,365,359,09-04,+9.5%,+1.72%,0.5086,30,✓ Yes,completed
5,365,360,09-04,+9.2%,+1.61%,0.5081,32,✓ Yes,completed
5,365,362,09-04,+9.0%,+1.57%,0.5078,32,✓ Yes,completed
5,365,363,09-04,+8.5%,+1.50%,0.5075,36,✓ Yes,completed
5,365,365,09-04,+8.3%,+1.48%,0.5074,39,✓ Yes,completed
5,366,328,09-04,+10.0%,+34.68%,0.6734,14,✗ No,budget_exceeded
5,366,329,09-04,+10.0%,+34.56%,0.6728,14,✗ No,budget_exceeded
5,366,331,09-04,+10.0%,+34.03%,0.6702,15,✗ No,budget_exceeded
5,366,332,09-04,+10.0%,+31.95%,0.6598,17,✗ No,budget_exceeded
5,366,334,09-04,+10.0%,+31.81%,0.6591,17,✗ No,budget_exceeded
5,366,336,09-04,+10.0%,+31.74%,0.6587,17,✗ No,budget_exceeded
5,366,337,09-04,+10.0%,+22.65%,0.6133,21,✗ No,budget_exceeded
5,366,339,09-04,+10.0%,+22.53%,0.6127,21,✗ No,budget_exceeded
5,366,340,09-04,+10.0%,+21.78%,0.6089,22,✗ No,budget_exceeded
5,366,342,09-04,+10.0%,+20.86%,0.6043,23,✗ No,budget_exceeded
5,366,343,09-04,+10.0%,+20.48%,0.6024,23,✗ No,budget_exceeded
5,366,345,09-04,+10.0%,+20.39%,0.6019,23,✗ No,budget_exceeded
5,366,346,09-04,+10.0%,+5.31%,0.5266,24,✗ No,budget_exceeded
5,366,348,09-04,+10.0%,+5.22%,0.5261,24,✗ No,budget_exceeded
5,366,349,09-04,+10.0%,+5.03%,0.5251,24,✗ No,budget_exceeded
5,366,351,09-04,+10.0%,+4.93%,0.5246,24,✗ No,budget_exceeded
5,366,352,09-04,+9.9%,+1.90%,0.5095,24,✓ Yes,completed
5,366,354,09-04,+9.8%,+1.85%,0.5092,24,✓ Yes,completed
5,366,356,09-04,+9.3%,+1.65%,0.5082,25,✓ Yes,completed
5,366,357,09-04,+9.2%,+1.62%,0.5081,25,✓ Yes,completed
5,366,359,09-04,+9.0%,+1.57%,0.5079,26,✓ Yes,completed
5,366,360,09-04,+8.7%,+1.54%,0.5077,27,✓ Yes,completed
5,366,362,09-04,+8.5%,+1.53%,0.5076,27,✓ Yes,completed
5,366,363,09-04,+8.1%,+1.51%,0.5075,28,✓ Yes,completed
5,366,365,09-04,+7.9%,+1.41%,0.5071,30,✓ Yes,completed
5,366,366,09-04,+7.5%,+1.20%,0.5060,34,✓ Yes,completed
5,368,328,09-04,+10.0%,+34.55%,0.6728,14,✗ No,budget_exceeded
5,368,329,09-04,+10.0%,+33.98%,0.6699,15,✗ No,budget_exceeded
5,368,331,09-04,+10.0%,+33.91%,0.6695,15,✗ No,budget_exceeded
5,368,332,09-04,+10.0%,+31.83%,0.6591,17,✗ No,budget_exceeded
5,368,334,09-04,+10.0%,+26.17%,0.6308,18,✗ No,budget_exceeded
5,368,335,09-04,+10.0%,+26.10%,0.6305,18,✗ No,budget_exceeded
5,368,337,09-04,+10.0%,+26.07%,0.6304,18,✗ No,budget_exceeded
5,368,338,09-04,+10.0%,+21.79%,0.6089,22,✗ No,budget_exceeded
5,368,340,09-04,+10.0%,+21.72%,0.6086,22,✗ No,budget_exceeded
5,368,341,09-04,+10.0%,+20.71%,0.6035,23,✗ No,budget_exceeded
5,368,343,09-04,+10.0%,+20.50%,0.6025,23,✗ No,budget_exceeded
5,368,344,09-04,+10.0%,+5.40%,0.5270,24,✗ No,budget_exceeded
5,368,346,09-04,+10.0%,+5.33%,0.5267,24,✗ No,budget_exceeded
5,368,347,09-04,+10.0%,+5.07%,0.5253,24,✗ No,budget_exceeded
5,368,349,09-04,+10.0%,+4.97%,0.5249,24,✗ No,budget_exceeded
5,368,350,09-04,+9.9%,+1.91%,0.5095,24,✓ Yes,completed
5,368,352,09-04,+9.8%,+1.88%,0.5094,24,✓ Yes,completed
5,368,353,09-04,+9.7%,+1.78%,0.5089,24,✓ Yes,completed
5,368,355,09-04,+9.6%,+1.75%,0.5088,24,✓ Yes,completed
5,368,356,09-04,+9.2%,+1.61%,0.5081,25,✓ Yes,completed
5,368,358,09-04,+9.0%,+1.59%,0.5079,25,✓ Yes,completed
5,368,359,09-04,+8.8%,+1.55%,0.5077,26,✓ Yes,completed
5,368,360,09-04,+8.6%,+1.53%,0.5076,27,✓ Yes,completed
5,368,362,09-04,+8.4%,+1.52%,0.5076,27,✓ Yes,completed
5,368,363,09-04,+7.9%,+1.43%,0.5071,28,✓ Yes,completed
5,368,365,09-04,+7.8%,+1.34%,0.5067,29,✓ Yes,completed
5,368,366,09-04,+7.4%,+1.17%,0.5059,32,✓ Yes,completed
5,368,368,09-04,+7.2%,+1.12%,0.5056,35,✓ Yes,completed
5,370,328,09-04,+10.0%,+23.69%,0.6184,15,✗ No,budget_exceeded
5,370,329,09-04,+10.0%,+22.60%,0.6130,16,✗ No,budget_exceeded
5,370,331,09-04,+10.0%,+22.51%,0.6125,16,✗ No,budget_exceeded
5,370,332,09-04,+10.0%,+20.27%,0.6013,19,✗ No,budget_exceeded
5,370,334,09-04,+10.0%,+5.27%,0.5264,20,✗ No,budget_exceeded
5,370,335,09-04,+10.0%,+5.06%,0.5253,20,✗ No,budget_exceeded
5,370,337,09-04,+10.0%,+5.04%,0.5252,20,✗ No,budget_exceeded
5,370,338,09-04,+10.0%,+4.81%,0.5240,20,✗ No,budget_exceeded
5,370,340,09-04,+10.0%,+1.87%,0.5094,20,✓ Yes,completed
5,370,341,09-04,+9.8%,+1.83%,0.5091,20,✓ Yes,completed
5,370,343,09-04,+9.7%,+1.77%,0.5089,20,✓ Yes,completed
5,370,344,09-04,+9.5%,+1.69%,0.5084,20,✓ Yes,completed
5,370,346,09-04,+9.4%,+1.66%,0.5083,20,✓ Yes,completed
5,370,347,09-04,+9.2%,+1.62%,0.5081,20,✓ Yes,completed
5,370,349,09-04,+9.2%,+1.61%,0.5080,20,✓ Yes,completed
5,370,350,09-04,+9.0%,+1.58%,0.5079,20,✓ Yes,completed
5,370,352,09-04,+9.0%,+1.57%,0.5079,20,✓ Yes,completed
5,370,353,09-04,+8.8%,+1.55%,0.5078,20,✓ Yes,completed
5,370,355,09-04,+8.7%,+1.55%,0.5077,20,✓ Yes,completed
5,370,356,09-04,+8.2%,+1.52%,0.5076,21,✓ Yes,completed
5,370,358,09-04,+8.1%,+1.52%,0.5076,21,✓ Yes,completed
5,370,359,09-04,+7.9%,+1.41%,0.5070,22,✓ Yes,completed
5,370,361,09-04,+7.7%,+1.33%,0.5067,23,✓ Yes,completed
5,370,362,09-04,+7.4%,+1.19%,0.5059,24,✓ Yes,completed
5,370,364,09-04,+7.2%,+1.14%,0.5057,24,✓ Yes,completed
5,370,365,09-04,+7.0%,+1.10%,0.5055,24,✓ Yes,completed
5,370,367,09-04,+6.8%,+1.10%,0.5055,24,✓ Yes,completed
5,370,368,09-04,+6.4%,+1.14%,0.5057,25,✓ Yes,completed
5,370,370,09-04,+6.3%,+1.14%,0.5057,26,✓ Yes,completed
5,371,328,09-04,+10.0%,+4.87%,0.5243,16,✗ No,budget_exceeded
5,371,329,09-04,+10.0%,+4.78%,0.5239,16,✗ No,budget_exceeded
5,371,331,09-04,+10.0%,+1.82%,0.5091,16,✓ Yes,completed
5,371,332,09-04,+9.6%,+1.66%,0.5083,16,✓ Yes,completed
5,371,334,09-04,+9.5%,+1.62%,0.5081,16,✓ Yes,completed
5,371,335,09-04,+9.3%,+1.59%,0.5079,16,✓ Yes,completed
5,371,337,09-04,+9.3%,+1.58%,0.5079,16,✓ Yes,completed
5,371,338,09-04,+9.1%,+1.56%,0.5078,16,✓ Yes,completed
5,371,340,09-04,+9.1%,+1.56%,0.5078,16,✓ Yes,completed
5,371,341,09-04,+8.9%,+1.54%,0.5077,16,✓ Yes,completed
5,371,343,09-04,+8.8%,+1.53%,0.5077,16,✓ Yes,completed
5,371,344,09-04,+8.7%,+1.52%,0.5076,16,✓ Yes,completed
5,371,346,09-04,+8.6%,+1.52%,0.5076,16,✓ Yes,completed
5,371,347,09-04,+8.5%,+1.52%,0.5076,16,✓ Yes,completed
5,371,349,09-04,+8.4%,+1.52%,0.5076,16,✓ Yes,completed
5,371,350,09-04,+8.3%,+1.53%,0.5076,16,✓ Yes,completed
5,371,352,09-04,+8.3%,+1.53%,0.5076,16,✓ Yes,completed
5,371,353,09-04,+8.1%,+1.51%,0.5076,16,✓ Yes,completed
5,371,355,09-04,+8.1%,+1.51%,0.5075,16,✓ Yes,completed
5,371,356,09-04,+7.6%,+1.26%,0.5063,17,✓ Yes,completed
5,371,358,09-04,+7.5%,+1.24%,0.5062,17,✓ Yes,completed
5,371,359,09-04,+7.3%,+1.19%,0.5060,18,✓ Yes,completed
5,371,361,09-04,+7.2%,+1.16%,0.5058,19,✓ Yes,completed
5,371,362,09-04,+6.9%,+1.11%,0.5056,20,✓ Yes,completed
5,371,364,09-04,+6.7%,+1.12%,0.5056,20,✓ Yes,completed
5,371,365,09-04,+6.5%,+1.15%,0.5057,19,✓ Yes,completed
5,371,367,09-04,+6.3%,+1.17%,0.5058,18,✓ Yes,completed
5,371,368,09-04,+6.1%,+1.14%,0.5057,20,✓ Yes,completed
5,371,370,09-04,+6.0%,+1.13%,0.5057,20,✓ Yes,completed
5,371,371,09-04,+5.8%,+1.10%,0.5055,22,✓ Yes,completed
5,373,328,09-04,+8.8%,+1.42%,0.5071,15,✓ Yes,completed
5,373,329,09-04,+8.7%,+1.42%,0.5071,15,✓ Yes,completed
5,373,331,09-04,+8.6%,+1.42%,0.5071,15,✓ Yes,completed
5,373,332,09-04,+8.2%,+1.44%,0.5072,15,✓ Yes,completed
5,373,334,09-04,+8.1%,+1.43%,0.5071,15,✓ Yes,completed
5,373,335,09-04,+8.0%,+1.40%,0.5070,15,✓ Yes,completed
5,373,337,09-04,+8.0%,+1.39%,0.5070,15,✓ Yes,completed
5,373,338,09-04,+7.8%,+1.32%,0.5066,15,✓ Yes,completed
5,373,340,09-04,+7.8%,+1.31%,0.5065,15,✓ Yes,completed
5,373,341,09-04,+7.7%,+1.25%,0.5063,15,✓ Yes,completed
5,373,343,09-04,+7.6%,+1.21%,0.5061,15,✓ Yes,completed
5,373,344,09-04,+7.4%,+1.18%,0.5059,15,✓ Yes,completed
5,373,346,09-04,+7.4%,+1.17%,0.5059,15,✓ Yes,completed
5,373,347,09-04,+7.2%,+1.14%,0.5057,15,✓ Yes,completed
5,373,349,09-04,+7.2%,+1.13%,0.5057,15,✓ Yes,completed
5,373,350,09-04,+7.0%,+1.12%,0.5056,15,✓ Yes,completed
5,373,352,09-04,+7.0%,+1.11%,0.5056,15,✓ Yes,completed
5,373,353,09-04,+6.8%,+1.11%,0.5056,15,✓ Yes,completed
5,373,355,09-04,+6.8%,+1.12%,0.5056,15,✓ Yes,completed
5,373,356,09-04,+6.6%,+1.15%,0.5057,14,✓ Yes,completed
5,373,358,09-04,+6.5%,+1.16%,0.5058,14,✓ Yes,completed
5,373,359,09-04,+6.4%,+1.17%,0.5058,14,✓ Yes,completed
5,373,361,09-04,+6.4%,+1.17%,0.5059,14,✓ Yes,completed
5,373,362,09-04,+6.2%,+1.18%,0.5059,14,✓ Yes,completed
5,373,364,09-04,+6.1%,+1.17%,0.5059,14,✓ Yes,completed
5,373,365,09-04,+6.1%,+1.17%,0.5058,14,✓ Yes,completed
5,373,367,09-04,+6.0%,+1.16%,0.5058,14,✓ Yes,completed
5,373,368,09-04,+5.8%,+1.13%,0.5056,15,✓ Yes,completed
5,373,370,09-04,+5.8%,+1.13%,0.5056,15,✓ Yes,completed
5,373,371,09-04,+5.6%,+1.12%,0.5056,16,✓ Yes,completed
5,373,373,09-04,+5.5%,+1.12%,0.5056,16,✓ Yes,completed
5,374,328,09-04,+8.3%,+1.41%,0.5071,13,✓ Yes,completed
5,374,329,09-04,+8.2%,+1.42%,0.5071,13,✓ Yes,completed
5,374,331,09-04,+8.1%,+1.41%,0.5071,13,✓ Yes,completed
5,374,332,09-04,+7.7%,+1.24%,0.5062,13,✓ Yes,completed
5,374,334,09-04,+7.6%,+1.20%,0.5060,13,✓ Yes,completed
5,374,335,09-04,+7.5%,+1.18%,0.5059,13,✓ Yes,completed
5,374,337,09-04,+7.5%,+1.18%,0.5059,13,✓ Yes,completed
5,374,338,09-04,+7.4%,+1.16%,0.5058,13,✓ Yes,completed
5,374,340,09-04,+7.4%,+1.15%,0.5058,13,✓ Yes,completed
5,374,341,09-04,+7.2%,+1.13%,0.5057,13,✓ Yes,completed
5,374,343,09-04,+7.1%,+1.11%,0.5056,13,✓ Yes,completed
5,374,344,09-04,+7.0%,+1.10%,0.5055,13,✓ Yes,completed
5,374,346,09-04,+7.0%,+1.10%,0.5055,13,✓ Yes,completed
5,374,347,09-04,+6.8%,+1.10%,0.5055,13,✓ Yes,completed
5,374,349,09-04,+6.8%,+1.11%,0.5055,13,✓ Yes,completed
5,374,350,09-04,+6.7%,+1.12%,0.5056,13,✓ Yes,completed
5,374,352,09-04,+6.7%,+1.13%,0.5057,13,✓ Yes,completed
5,374,353,09-04,+6.5%,+1.15%,0.5058,13,✓ Yes,completed
5,374,355,09-04,+6.5%,+1.15%,0.5058,13,✓ Yes,completed
5,374,356,09-04,+6.4%,+1.17%,0.5058,13,✓ Yes,completed
5,374,358,09-04,+6.3%,+1.18%,0.5059,13,✓ Yes,completed
5,374,359,09-04,+6.3%,+1.18%,0.5059,13,✓ Yes,completed
5,374,361,09-04,+6.2%,+1.18%,0.5059,13,✓ Yes,completed
5,374,362,09-04,+6.1%,+1.17%,0.5058,13,✓ Yes,completed
5,374,364,09-04,+6.0%,+1.16%,0.5058,13,✓ Yes,completed
5,374,365,09-04,+6.0%,+1.15%,0.5058,13,✓ Yes,completed
5,374,367,09-04,+5.9%,+1.14%,0.5057,13,✓ Yes,completed
5,374,368,09-04,+5.7%,+1.12%,0.5056,14,✓ Yes,completed
5,374,370,09-04,+5.7%,+1.12%,0.5056,14,✓ Yes,completed
5,374,371,09-04,+5.5%,+1.12%,0.5056,15,✓ Yes,completed
5,374,373,09-04,+5.4%,+1.11%,0.5055,15,✓ Yes,completed
5,374,374,09-04,+5.3%,+1.09%,0.5055,16,✓ Yes,completed
5,376,328,09-04,+7.7%,+1.20%,0.5060,12,✓ Yes,completed
5,376,329,09-04,+7.7%,+1.18%,0.5059,12,✓ Yes,completed
5,376,331,09-04,+7.6%,+1.15%,0.5058,12,✓ Yes,completed
5,376,332,09-04,+7.2%,+1.08%,0.5054,12,✓ Yes,completed
5,376,334,09-04,+7.1%,+1.07%,0.5054,12,✓ Yes,completed
5,376,335,09-04,+7.0%,+1.07%,0.5053,12,✓ Yes,completed
5,376,337,09-04,+7.0%,+1.07%,0.5053,12,✓ Yes,completed
5,376,338,09-04,+6.9%,+1.07%,0.5054,12,✓ Yes,completed
5,376,340,09-04,+6.9%,+1.07%,0.5054,12,✓ Yes,completed
5,376,341,09-04,+6.8%,+1.08%,0.5054,12,✓ Yes,completed
5,376,343,09-04,+6.7%,+1.10%,0.5055,12,✓ Yes,completed
5,376,344,09-04,+6.5%,+1.13%,0.5056,12,✓ Yes,completed
5,376,346,09-04,+6.5%,+1.13%,0.5056,12,✓ Yes,completed
5,376,347,09-04,+6.4%,+1.15%,0.5058,12,✓ Yes,completed
5,376,349,09-04,+6.4%,+1.16%,0.5058,12,✓ Yes,completed
5,376,350,09-04,+6.3%,+1.16%,0.5058,12,✓ Yes,completed
5,376,352,09-04,+6.3%,+1.17%,0.5058,12,✓ Yes,completed
5,376,353,09-04,+6.2%,+1.16%,0.5058,12,✓ Yes,completed
5,376,355,09-04,+6.1%,+1.16%,0.5058,12,✓ Yes,completed
5,376,356,09-04,+6.0%,+1.15%,0.5058,12,✓ Yes,completed
5,376,358,09-04,+6.0%,+1.15%,0.5058,12,✓ Yes,completed
5,376,359,09-04,+5.9%,+1.14%,0.5057,12,✓ Yes,completed
5,376,361,09-04,+5.9%,+1.14%,0.5057,12,✓ Yes,completed
5,376,362,09-04,+5.8%,+1.13%,0.5057,12,✓ Yes,completed
5,376,364,09-04,+5.8%,+1.13%,0.5056,12,✓ Yes,completed
5,376,365,09-04,+5.7%,+1.13%,0.5056,12,✓ Yes,completed
5,376,367,09-04,+5.7%,+1.13%,0.5056,12,✓ Yes,completed
5,376,368,09-04,+5.4%,+1.12%,0.5056,13,✓ Yes,completed
5,376,370,09-04,+5.4%,+1.11%,0.5056,13,✓ Yes,completed
5,376,372,09-04,+5.2%,+1.09%,0.5054,14,✓ Yes,completed
5,376,373,09-04,+5.1%,+1.08%,0.5054,14,✓ Yes,completed
5,376,375,09-04,+5.1%,+1.07%,0.5054,14,✓ Yes,completed
5,376,376,09-04,+4.9%,+1.06%,0.5053,14,✓ Yes,completed
5,378,328,09-04,+7.7%,+1.20%,0.5060,12,✓ Yes,completed
5,378,329,09-04,+7.7%,+1.18%,0.5059,12,✓ Yes,completed
5,378,331,09-04,+7.6%,+1.15%,0.5058,12,✓ Yes,completed
5,378,332,09-04,+7.2%,+1.08%,0.5054,12,✓ Yes,completed
5,378,334,09-04,+7.1%,+1.07%,0.5054,12,✓ Yes,completed
5,378,335,09-04,+7.0%,+1.07%,0.5053,12,✓ Yes,completed
5,378,337,09-04,+7.0%,+1.07%,0.5053,12,✓ Yes,completed
5,378,338,09-04,+6.9%,+1.07%,0.5054,12,✓ Yes,completed
5,378,340,09-04,+6.9%,+1.07%,0.5054,12,✓ Yes,completed
5,378,341,09-04,+6.8%,+1.08%,0.5054,12,✓ Yes,completed
5,378,343,09-04,+6.7%,+1.10%,0.5055,12,✓ Yes,completed
5,378,344,09-04,+6.5%,+1.13%,0.5056,12,✓ Yes,completed
5,378,346,09-04,+6.5%,+1.13%,0.5056,12,✓ Yes,completed
5,378,347,09-04,+6.4%,+1.15%,0.5058,12,✓ Yes,completed
5,378,349,09-04,+6.4%,+1.16%,0.5058,12,✓ Yes,completed
5,378,350,09-04,+6.3%,+1.16%,0.5058,12,✓ Yes,completed
5,378,352,09-04,+6.3%,+1.17%,0.5058,12,✓ Yes,completed
5,378,353,09-04,+6.2%,+1.16%,0.5058,12,✓ Yes,completed
5,378,355,09-04,+6.1%,+1.16%,0.5058,12,✓ Yes,completed
5,378,357,09-04,+6.0%,+1.15%,0.5058,12,✓ Yes,completed
5,378,358,09-04,+6.0%,+1.15%,0.5057,12,✓ Yes,completed
5,378,360,09-04,+5.9%,+1.14%,0.5057,12,✓ Yes,completed
5,378,361,09-04,+5.9%,+1.14%,0.5057,12,✓ Yes,completed
5,378,363,09-04,+5.8%,+1.13%,0.5057,12,✓ Yes,completed
5,378,364,09-04,+5.7%,+1.13%,0.5056,12,✓ Yes,completed
5,378,366,09-04,+5.7%,+1.13%,0.5056,12,✓ Yes,completed
5,378,367,09-04,+5.6%,+1.13%,0.5056,12,✓ Yes,completed
5,378,369,09-04,+5.4%,+1.12%,0.5056,13,✓ Yes,completed
5,378,370,09-04,+5.3%,+1.11%,0.5055,13,✓ Yes,completed
5,378,372,09-04,+5.2%,+1.08%,0.5054,14,✓ Yes,completed
5,378,373,09-04,+5.1%,+1.07%,0.5054,14,✓ Yes,completed
5,378,375,09-04,+5.1%,+1.07%,0.5053,14,✓ Yes,completed
5,378,376,09-04,+4.9%,+1.06%,0.5053,14,✓ Yes,completed
5,378,378,09-04,+4.8%,+1.06%,0.5053,14,✓ Yes,completed
5,379,328,09-04,+7.4%,+1.11%,0.5056,11,✓ Yes,completed
5,379,329,09-04,+7.4%,+1.11%,0.5055,11,✓ Yes,completed
5,379,331,09-04,+7.3%,+1.10%,0.5055,11,✓ Yes,completed
5,379,332,09-04,+7.0%,+1.05%,0.5052,11,✓ Yes,completed
5,379,334,09-04,+6.8%,+1.06%,0.5053,11,✓ Yes,completed
5,379,335,09-04,+6.8%,+1.06%,0.5053,11,✓ Yes,completed
5,379,337,09-04,+6.8%,+1.07%,0.5053,11,✓ Yes,completed
5,379,338,09-04,+6.7%,+1.09%,0.5054,11,✓ Yes,completed
5,379,340,09-04,+6.7%,+1.09%,0.5054,11,✓ Yes,completed
5,379,341,09-04,+6.6%,+1.10%,0.5055,11,✓ Yes,completed
5,379,343,09-04,+6.5%,+1.12%,0.5056,11,✓ Yes,completed
5,379,344,09-04,+6.3%,+1.15%,0.5057,11,✓ Yes,completed
5,379,346,09-04,+6.3%,+1.15%,0.5058,11,✓ Yes,completed
5,379,347,09-04,+6.2%,+1.16%,0.5058,11,✓ Yes,completed
5,379,349,09-04,+6.2%,+1.16%,0.5058,11,✓ Yes,completed
5,379,351,09-04,+6.1%,+1.16%,0.5058,11,✓ Yes,completed
5,379,352,09-04,+6.1%,+1.15%,0.5057,11,✓ Yes,completed
5,379,354,09-04,+6.0%,+1.14%,0.5057,11,✓ Yes,completed
5,379,355,09-04,+5.9%,+1.13%,0.5057,11,✓ Yes,completed
5,379,357,09-04,+5.9%,+1.13%,0.5057,11,✓ Yes,completed
5,379,358,09-04,+5.8%,+1.13%,0.5056,11,✓ Yes,completed
5,379,360,09-04,+5.8%,+1.13%,0.5056,11,✓ Yes,completed
5,379,361,09-04,+5.8%,+1.13%,0.5056,11,✓ Yes,completed
5,379,363,09-04,+5.7%,+1.13%,0.5056,11,✓ Yes,completed
5,379,364,09-04,+5.6%,+1.13%,0.5056,11,✓ Yes,completed
5,379,366,09-04,+5.6%,+1.13%,0.5056,11,✓ Yes,completed
5,379,367,09-04,+5.5%,+1.13%,0.5056,11,✓ Yes,completed
5,379,369,09-04,+5.3%,+1.10%,0.5055,12,✓ Yes,completed
5,379,370,09-04,+5.2%,+1.09%,0.5054,12,✓ Yes,completed
5,379,372,09-04,+5.0%,+1.07%,0.5053,13,✓ Yes,completed
5,379,373,09-04,+4.9%,+1.06%,0.5053,13,✓ Yes,completed
5,379,375,09-04,+4.9%,+1.06%,0.5053,13,✓ Yes,completed
5,379,376,09-04,+4.7%,+1.06%,0.5053,13,✓ Yes,completed
5,379,378,09-04,+4.7%,+1.06%,0.5053,13,✓ Yes,completed
5,379,379,09-04,+4.3%,+1.02%,0.5051,16,✓ Yes,completed
6,365,344,08-28,+10.0%,+14.38%,0.5719,21,✗ No,budget_exceeded
6,365,345,08-28,+10.0%,+14.26%,0.5713,21,✗ No,budget_exceeded
6,365,345,08-28,+10.0%,+13.07%,0.5654,22,✗ No,budget_exceeded
6,365,346,08-28,+10.0%,+13.07%,0.5654,22,✗ No,budget_exceeded
6,365,347,08-28,+10.0%,+12.91%,0.5645,22,✗ No,budget_exceeded
6,365,347,08-28,+10.0%,+12.17%,0.5608,23,✗ No,budget_exceeded
6,365,348,08-28,+10.0%,+12.17%,0.5608,23,✗ No,budget_exceeded
6,365,349,08-28,+10.0%,+11.19%,0.5559,24,✗ No,budget_exceeded
6,365,349,08-28,+10.0%,+11.07%,0.5553,24,✗ No,budget_exceeded
6,365,350,08-28,+10.0%,+11.07%,0.5553,24,✗ No,budget_exceeded
6,365,351,08-28,+10.0%,+11.00%,0.5550,24,✗ No,budget_exceeded
6,365,351,08-28,+10.0%,+10.85%,0.5543,24,✗ No,budget_exceeded
6,365,352,08-28,+10.0%,+10.85%,0.5543,24,✗ No,budget_exceeded
6,365,353,08-28,+10.0%,+10.76%,0.5538,24,✗ No,budget_exceeded
6,365,353,08-28,+10.0%,+9.92%,0.5496,25,✗ No,budget_exceeded
6,365,354,08-28,+10.0%,+9.92%,0.5496,25,✗ No,budget_exceeded
6,365,355,08-28,+10.0%,+9.05%,0.5453,26,✗ No,budget_exceeded
6,365,355,08-28,+10.0%,+8.53%,0.5427,27,✗ No,budget_exceeded
6,365,356,08-28,+10.0%,+8.53%,0.5427,27,✗ No,budget_exceeded
6,365,357,08-28,+9.8%,+2.67%,0.5133,28,✓ Yes,completed
6,365,357,08-28,+9.6%,+2.55%,0.5127,28,✓ Yes,completed
6,365,358,08-28,+9.6%,+2.55%,0.5127,28,✓ Yes,completed
6,365,359,08-28,+9.3%,+2.34%,0.5117,29,✓ Yes,completed
6,365,359,08-28,+9.2%,+2.28%,0.5114,29,✓ Yes,completed
6,365,360,08-28,+9.2%,+2.28%,0.5114,29,✓ Yes,completed
6,365,361,08-28,+9.0%,+2.17%,0.5108,31,✓ Yes,completed
6,365,361,08-28,+8.8%,+2.06%,0.5103,31,✓ Yes,completed
6,365,362,08-28,+8.8%,+2.06%,0.5103,31,✓ Yes,completed
6,365,363,08-28,+8.6%,+1.93%,0.5097,35,✓ Yes,completed
6,365,363,08-28,+8.3%,+1.84%,0.5092,35,✓ Yes,completed
6,365,364,08-28,+8.3%,+1.84%,0.5092,35,✓ Yes,completed
6,365,365,08-28,+8.1%,+1.76%,0.5088,38,✓ Yes,completed
6,366,344,08-28,+10.0%,+11.10%,0.5555,23,✗ No,budget_exceeded
6,366,345,08-28,+10.0%,+11.00%,0.5550,23,✗ No,budget_exceeded
6,366,345,08-28,+10.0%,+10.91%,0.5545,23,✗ No,budget_exceeded
6,366,346,08-28,+10.0%,+10.91%,0.5545,23,✗ No,budget_exceeded
6,366,347,08-28,+10.0%,+10.74%,0.5537,23,✗ No,budget_exceeded
6,366,347,08-28,+10.0%,+10.00%,0.5500,24,✗ No,budget_exceeded
6,366,348,08-28,+10.0%,+10.00%,0.5500,24,✗ No,budget_exceeded
6,366,349,08-28,+10.0%,+9.07%,0.5453,25,✗ No,budget_exceeded
6,366,349,08-28,+10.0%,+8.92%,0.5446,25,✗ No,budget_exceeded
6,366,350,08-28,+10.0%,+8.92%,0.5446,25,✗ No,budget_exceeded
6,366,351,08-28,+10.0%,+8.82%,0.5441,25,✗ No,budget_exceeded
6,366,351,08-28,+10.0%,+8.70%,0.5435,25,✗ No,budget_exceeded
6,366,352,08-28,+10.0%,+8.61%,0.5430,25,✗ No,budget_exceeded
6,366,353,08-28,+10.0%,+8.61%,0.5430,25,✗ No,budget_exceeded
6,366,353,08-28,+10.0%,+8.56%,0.5428,25,✗ No,budget_exceeded
6,366,354,08-28,+10.0%,+2.81%,0.5141,25,✓ Yes,completed
6,366,355,08-28,+10.0%,+2.81%,0.5141,25,✓ Yes,completed
6,366,355,08-28,+9.6%,+2.51%,0.5125,26,✓ Yes,completed
6,366,356,08-28,+9.5%,+2.47%,0.5123,26,✓ Yes,completed
6,366,357,08-28,+9.5%,+2.47%,0.5123,26,✓ Yes,completed
6,366,357,08-28,+9.4%,+2.38%,0.5119,26,✓ Yes,completed
6,366,358,08-28,+9.1%,+2.21%,0.5111,27,✓ Yes,completed
6,366,359,08-28,+9.1%,+2.21%,0.5111,27,✓ Yes,completed
6,366,360,08-28,+9.0%,+2.15%,0.5107,27,✓ Yes,completed
6,366,360,08-28,+8.8%,+2.05%,0.5102,29,✓ Yes,completed
6,366,361,08-28,+8.8%,+2.05%,0.5102,29,✓ Yes,completed
6,366,362,08-28,+8.6%,+1.96%,0.5098,29,✓ Yes,completed
6,366,362,08-28,+8.4%,+1.89%,0.5094,31,✓ Yes,completed
6,366,363,08-28,+8.4%,+1.89%,0.5094,31,✓ Yes,completed
6,366,364,08-28,+8.2%,+1.80%,0.5090,31,✓ Yes,completed
6,366,364,08-28,+8.0%,+1.69%,0.5084,33,✓ Yes,completed
6,366,365,08-28,+8.0%,+1.69%,0.5084,33,✓ Yes,completed
6,366,366,08-28,+7.8%,+1.55%,0.5077,36,✓ Yes,completed
6,367,344,08-28,+10.0%,+8.90%,0.5445,24,✗ No,budget_exceeded
6,367,345,08-28,+10.0%,+8.80%,0.5440,24,✗ No,budget_exceeded
6,367,345,08-28,+10.0%,+8.73%,0.5437,24,✗ No,budget_exceeded
6,367,346,08-28,+10.0%,+8.73%,0.5437,24,✗ No,budget_exceeded
6,367,347,08-28,+10.0%,+8.56%,0.5428,24,✗ No,budget_exceeded
6,367,347,08-28,+10.0%,+8.47%,0.5423,24,✗ No,budget_exceeded
6,367,348,08-28,+10.0%,+8.47%,0.5423,24,✗ No,budget_exceeded
6,367,349,08-28,+10.0%,+2.79%,0.5139,24,✓ Yes,completed
6,367,349,08-28,+9.8%,+2.71%,0.5135,24,✓ Yes,completed
6,367,350,08-28,+9.8%,+2.71%,0.5135,24,✓ Yes,completed
6,367,351,08-28,+9.8%,+2.65%,0.5132,24,✓ Yes,completed
6,367,351,08-28,+9.7%,+2.59%,0.5130,24,✓ Yes,completed
6,367,352,08-28,+9.7%,+2.59%,0.5130,24,✓ Yes,completed
6,367,353,08-28,+9.6%,+2.52%,0.5126,24,✓ Yes,completed
6,367,353,08-28,+9.5%,+2.45%,0.5123,24,✓ Yes,completed
6,367,354,08-28,+9.5%,+2.45%,0.5123,24,✓ Yes,completed
6,367,355,08-28,+9.4%,+2.41%,0.5121,24,✓ Yes,completed
6,367,355,08-28,+9.1%,+2.20%,0.5110,25,✓ Yes,completed
6,367,356,08-28,+9.1%,+2.20%,0.5110,25,✓ Yes,completed
6,367,357,08-28,+9.0%,+2.17%,0.5109,25,✓ Yes,completed
6,367,357,08-28,+8.9%,+2.11%,0.5105,25,✓ Yes,completed
6,367,358,08-28,+8.9%,+2.11%,0.5105,25,✓ Yes,completed
6,367,359,08-28,+8.8%,+2.05%,0.5102,25,✓ Yes,completed
6,367,359,08-28,+8.7%,+2.00%,0.5100,25,✓ Yes,completed
6,367,360,08-28,+8.7%,+2.00%,0.5100,25,✓ Yes,completed
6,367,361,08-28,+8.5%,+1.94%,0.5097,26,✓ Yes,completed
6,367,361,08-28,+8.3%,+1.87%,0.5094,26,✓ Yes,completed
6,367,362,08-28,+8.3%,+1.87%,0.5094,26,✓ Yes,completed
6,367,363,08-28,+8.1%,+1.80%,0.5090,27,✓ Yes,completed
6,367,363,08-28,+7.9%,+1.67%,0.5083,27,✓ Yes,completed
6,367,364,08-28,+7.9%,+1.67%,0.5083,27,✓ Yes,completed
6,367,365,08-28,+7.7%,+1.52%,0.5076,29,✓ Yes,completed
6,367,365,08-28,+7.5%,+1.38%,0.5069,32,✓ Yes,completed
6,367,366,08-28,+7.5%,+1.38%,0.5069,32,✓ Yes,completed
6,367,367,08-28,+7.4%,+1.33%,0.5066,33,✓ Yes,completed
6,368,344,08-28,+10.0%,+8.75%,0.5437,24,✗ No,budget_exceeded
6,368,345,08-28,+10.0%,+8.65%,0.5433,24,✗ No,budget_exceeded
6,368,345,08-28,+10.0%,+8.58%,0.5429,24,✗ No,budget_exceeded
6,368,346,08-28,+10.0%,+8.58%,0.5429,24,✗ No,budget_exceeded
6,368,347,08-28,+10.0%,+8.41%,0.5421,24,✗ No,budget_exceeded
6,368,347,08-28,+9.9%,+2.77%,0.5138,24,✓ Yes,completed
6,368,348,08-28,+9.9%,+2.77%,0.5138,24,✓ Yes,completed
6,368,349,08-28,+9.8%,+2.70%,0.5135,24,✓ Yes,completed
6,368,349,08-28,+9.7%,+2.61%,0.5131,24,✓ Yes,completed
6,368,350,08-28,+9.7%,+2.61%,0.5131,24,✓ Yes,completed
6,368,351,08-28,+9.7%,+2.56%,0.5128,24,✓ Yes,completed
6,368,351,08-28,+9.6%,+2.50%,0.5125,24,✓ Yes,completed
6,368,352,08-28,+9.6%,+2.50%,0.5125,24,✓ Yes,completed
6,368,353,08-28,+9.5%,+2.43%,0.5122,24,✓ Yes,completed
6,368,353,08-28,+9.4%,+2.37%,0.5119,24,✓ Yes,completed
6,368,354,08-28,+9.3%,+2.34%,0.5117,24,✓ Yes,completed
6,368,355,08-28,+9.3%,+2.34%,0.5117,24,✓ Yes,completed
6,368,355,08-28,+8.9%,+2.14%,0.5107,25,✓ Yes,completed
6,368,356,08-28,+8.9%,+2.11%,0.5105,25,✓ Yes,completed
6,368,357,08-28,+8.9%,+2.11%,0.5105,25,✓ Yes,completed
6,368,357,08-28,+8.8%,+2.04%,0.5102,25,✓ Yes,completed
6,368,358,08-28,+8.7%,+1.99%,0.5100,25,✓ Yes,completed
6,368,359,08-28,+8.7%,+1.99%,0.5100,25,✓ Yes,completed
6,368,359,08-28,+8.6%,+1.96%,0.5098,25,✓ Yes,completed
6,368,360,08-28,+8.4%,+1.90%,0.5095,26,✓ Yes,completed
6,368,361,08-28,+8.4%,+1.90%,0.5095,26,✓ Yes,completed
6,368,362,08-28,+8.2%,+1.83%,0.5092,26,✓ Yes,completed
6,368,362,08-28,+8.0%,+1.69%,0.5085,27,✓ Yes,completed
6,368,363,08-28,+8.0%,+1.69%,0.5085,27,✓ Yes,completed
6,368,364,08-28,+7.7%,+1.54%,0.5077,27,✓ Yes,completed
6,368,364,08-28,+7.6%,+1.43%,0.5072,28,✓ Yes,completed
6,368,365,08-28,+7.6%,+1.43%,0.5072,28,✓ Yes,completed
6,368,366,08-28,+7.4%,+1.34%,0.5067,30,✓ Yes,completed
6,368,366,08-28,+7.3%,+1.28%,0.5064,31,✓ Yes,completed
6,368,367,08-28,+7.3%,+1.28%,0.5064,31,✓ Yes,completed
6,368,368,08-28,+7.1%,+1.22%,0.5061,33,✓ Yes,completed
6,369,344,08-28,+9.9%,+2.74%,0.5137,22,✓ Yes,completed
6,369,345,08-28,+9.8%,+2.69%,0.5134,22,✓ Yes,completed
6,369,345,08-28,+9.8%,+2.64%,0.5132,22,✓ Yes,completed
6,369,346,08-28,+9.8%,+2.64%,0.5132,22,✓ Yes,completed
6,369,347,08-28,+9.7%,+2.57%,0.5129,22,✓ Yes,completed
6,369,347,08-28,+9.6%,+2.52%,0.5126,22,✓ Yes,completed
6,369,348,08-28,+9.6%,+2.52%,0.5126,22,✓ Yes,completed
6,369,349,08-28,+9.5%,+2.45%,0.5123,22,✓ Yes,completed
6,369,349,08-28,+9.4%,+2.38%,0.5119,22,✓ Yes,completed
6,369,350,08-28,+9.4%,+2.38%,0.5119,22,✓ Yes,completed
6,369,351,08-28,+9.3%,+2.34%,0.5117,22,✓ Yes,completed
6,369,351,08-28,+9.3%,+2.31%,0.5115,22,✓ Yes,completed
6,369,352,08-28,+9.3%,+2.31%,0.5115,22,✓ Yes,completed
6,369,353,08-28,+9.2%,+2.26%,0.5113,22,✓ Yes,completed
6,369,353,08-28,+9.1%,+2.21%,0.5111,22,✓ Yes,completed
6,369,354,08-28,+9.1%,+2.21%,0.5111,22,✓ Yes,completed
6,369,355,08-28,+9.0%,+2.18%,0.5109,22,✓ Yes,completed
6,369,355,08-28,+8.6%,+1.98%,0.5099,23,✓ Yes,completed
6,369,356,08-28,+8.6%,+1.98%,0.5099,23,✓ Yes,completed
6,369,357,08-28,+8.6%,+1.96%,0.5098,23,✓ Yes,completed
6,369,357,08-28,+8.5%,+1.93%,0.5096,23,✓ Yes,completed
6,369,358,08-28,+8.5%,+1.93%,0.5096,23,✓ Yes,completed
6,369,359,08-28,+8.4%,+1.89%,0.5095,23,✓ Yes,completed
6,369,359,08-28,+8.3%,+1.86%,0.5093,23,✓ Yes,completed
6,369,360,08-28,+8.3%,+1.86%,0.5093,23,✓ Yes,completed
6,369,361,08-28,+8.1%,+1.79%,0.5090,24,✓ Yes,completed
6,369,361,08-28,+7.9%,+1.69%,0.5084,24,✓ Yes,completed
6,369,362,08-28,+7.9%,+1.69%,0.5084,24,✓ Yes,completed
6,369,363,08-28,+7.7%,+1.50%,0.5075,25,✓ Yes,completed
6,369,363,08-28,+7.5%,+1.39%,0.5070,25,✓ Yes,completed
6,369,364,08-28,+7.5%,+1.39%,0.5070,25,✓ Yes,completed
6,369,365,08-28,+7.3%,+1.33%,0.5066,26,✓ Yes,completed
6,369,365,08-28,+7.2%,+1.26%,0.5063,27,✓ Yes,completed
6,369,366,08-28,+7.2%,+1.26%,0.5063,27,✓ Yes,completed
6,369,367,08-28,+7.0%,+1.21%,0.5061,28,✓ Yes,completed
6,369,367,08-28,+6.9%,+1.17%,0.5058,29,✓ Yes,completed
6,369,368,08-28,+6.9%,+1.17%,0.5058,29,✓ Yes,completed
6,369,369,08-28,+6.6%,+1.11%,0.5056,32,✓ Yes,completed
6,370,344,08-28,+9.1%,+2.22%,0.5111,19,✓ Yes,completed
6,370,345,08-28,+9.1%,+2.18%,0.5109,19,✓ Yes,completed
6,370,345,08-28,+9.0%,+2.15%,0.5108,19,✓ Yes,completed
6,370,346,08-28,+9.0%,+2.15%,0.5108,19,✓ Yes,completed
6,370,347,08-28,+8.9%,+2.11%,0.5106,19,✓ Yes,completed
6,370,347,08-28,+8.8%,+2.07%,0.5104,19,✓ Yes,completed
6,370,348,08-28,+8.8%,+2.07%,0.5104,19,✓ Yes,completed
6,370,349,08-28,+8.8%,+2.05%,0.5102,19,✓ Yes,completed
6,370,349,08-28,+8.7%,+2.01%,0.5100,19,✓ Yes,completed
6,370,350,08-28,+8.7%,+2.01%,0.5100,19,✓ Yes,completed
6,370,351,08-28,+8.6%,+1.98%,0.5099,19,✓ Yes,completed
6,370,351,08-28,+8.6%,+1.96%,0.5098,19,✓ Yes,completed
6,370,352,08-28,+8.6%,+1.96%,0.5098,19,✓ Yes,completed
6,370,353,08-28,+8.5%,+1.94%,0.5097,19,✓ Yes,completed
6,370,353,08-28,+8.4%,+1.91%,0.5095,19,✓ Yes,completed
6,370,354,08-28,+8.4%,+1.89%,0.5095,19,✓ Yes,completed
6,370,355,08-28,+8.4%,+1.89%,0.5095,19,✓ Yes,completed
6,370,355,08-28,+7.9%,+1.66%,0.5083,20,✓ Yes,completed
6,370,356,08-28,+7.9%,+1.63%,0.5082,20,✓ Yes,completed
6,370,357,08-28,+7.9%,+1.63%,0.5082,20,✓ Yes,completed
6,370,357,08-28,+7.8%,+1.56%,0.5078,20,✓ Yes,completed
6,370,358,08-28,+7.7%,+1.50%,0.5075,20,✓ Yes,completed
6,370,359,08-28,+7.7%,+1.50%,0.5075,20,✓ Yes,completed
6,370,359,08-28,+7.6%,+1.46%,0.5073,20,✓ Yes,completed
6,370,360,08-28,+7.5%,+1.41%,0.5070,21,✓ Yes,completed
6,370,361,08-28,+7.5%,+1.41%,0.5070,21,✓ Yes,completed
6,370,361,08-28,+7.3%,+1.34%,0.5067,21,✓ Yes,completed
6,370,362,08-28,+7.2%,+1.27%,0.5063,22,✓ Yes,completed
6,370,363,08-28,+7.2%,+1.27%,0.5063,22,✓ Yes,completed
6,370,364,08-28,+7.0%,+1.21%,0.5061,22,✓ Yes,completed
6,370,364,08-28,+6.8%,+1.18%,0.5059,22,✓ Yes,completed
6,370,365,08-28,+6.8%,+1.18%,0.5059,22,✓ Yes,completed
6,370,366,08-28,+6.8%,+1.17%,0.5059,22,✓ Yes,completed
6,370,366,08-28,+6.7%,+1.16%,0.5058,22,✓ Yes,completed
6,370,367,08-28,+6.7%,+1.16%,0.5058,22,✓ Yes,completed
6,370,368,08-28,+6.6%,+1.15%,0.5057,22,✓ Yes,completed
6,370,368,08-28,+6.4%,+1.11%,0.5055,24,✓ Yes,completed
6,370,369,08-28,+6.4%,+1.11%,0.5055,24,✓ Yes,completed
6,370,370,08-28,+6.3%,+1.06%,0.5053,26,✓ Yes,completed
6,371,344,08-28,+8.5%,+1.91%,0.5096,16,✓ Yes,completed
6,371,345,08-28,+8.4%,+1.89%,0.5094,16,✓ Yes,completed
6,371,345,08-28,+8.4%,+1.88%,0.5094,16,✓ Yes,completed
6,371,346,08-28,+8.4%,+1.88%,0.5094,16,✓ Yes,completed
6,371,347,08-28,+8.3%,+1.86%,0.5093,16,✓ Yes,completed
6,371,347,08-28,+8.2%,+1.84%,0.5092,16,✓ Yes,completed
6,371,348,08-28,+8.2%,+1.84%,0.5092,16,✓ Yes,completed
6,371,349,08-28,+8.2%,+1.83%,0.5091,16,✓ Yes,completed
6,371,349,08-28,+8.1%,+1.80%,0.5090,16,✓ Yes,completed
6,371,350,08-28,+8.1%,+1.80%,0.5090,16,✓ Yes,completed
6,371,351,08-28,+8.1%,+1.77%,0.5089,16,✓ Yes,completed
6,371,351,08-28,+8.0%,+1.75%,0.5088,16,✓ Yes,completed
6,371,352,08-28,+8.0%,+1.75%,0.5088,16,✓ Yes,completed
6,371,353,08-28,+8.0%,+1.72%,0.5086,16,✓ Yes,completed
6,371,353,08-28,+7.9%,+1.65%,0.5083,16,✓ Yes,completed
6,371,354,08-28,+7.9%,+1.65%,0.5083,16,✓ Yes,completed
6,371,355,08-28,+7.9%,+1.64%,0.5082,16,✓ Yes,completed
6,371,355,08-28,+7.4%,+1.37%,0.5068,17,✓ Yes,completed
6,371,356,08-28,+7.4%,+1.37%,0.5068,17,✓ Yes,completed
6,371,357,08-28,+7.4%,+1.36%,0.5068,17,✓ Yes,completed
6,371,357,08-28,+7.3%,+1.33%,0.5067,17,✓ Yes,completed
6,371,358,08-28,+7.3%,+1.33%,0.5067,17,✓ Yes,completed
6,371,359,08-28,+7.2%,+1.31%,0.5065,17,✓ Yes,completed
6,371,359,08-28,+7.2%,+1.29%,0.5065,17,✓ Yes,completed
6,371,360,08-28,+7.2%,+1.29%,0.5065,17,✓ Yes,completed
6,371,361,08-28,+7.1%,+1.27%,0.5063,18,✓ Yes,completed
6,371,361,08-28,+7.0%,+1.22%,0.5061,18,✓ Yes,completed
6,371,362,08-28,+7.0%,+1.22%,0.5061,18,✓ Yes,completed
6,371,363,08-28,+6.8%,+1.18%,0.5059,19,✓ Yes,completed
6,371,363,08-28,+6.7%,+1.16%,0.5058,19,✓ Yes,completed
6,371,364,08-28,+6.7%,+1.16%,0.5058,19,✓ Yes,completed
6,371,365,08-28,+6.6%,+1.15%,0.5057,19,✓ Yes,completed
6,371,365,08-28,+6.5%,+1.14%,0.5057,19,✓ Yes,completed
6,371,366,08-28,+6.5%,+1.14%,0.5057,19,✓ Yes,completed
6,371,367,08-28,+6.5%,+1.13%,0.5057,19,✓ Yes,completed
6,371,367,08-28,+6.4%,+1.12%,0.5056,19,✓ Yes,completed
6,371,368,08-28,+6.4%,+1.12%,0.5056,19,✓ Yes,completed
6,371,369,08-28,+6.2%,+1.02%,0.5051,21,✓ Yes,completed
6,371,369,08-28,+6.1%,+0.97%,0.5048,21,✓ Yes,completed
6,371,370,08-28,+6.1%,+0.97%,0.5048,21,✓ Yes,completed
6,371,371,08-28,+6.0%,+0.93%,0.5046,22,✓ Yes,completed
6,365,344,08-29,+10.0%,+16.53%,0.5827,21,✗ No,budget_exceeded
6,365,345,08-29,+10.0%,+16.42%,0.5821,21,✗ No,budget_exceeded
6,365,345,08-29,+10.0%,+15.23%,0.5761,22,✗ No,budget_exceeded
6,365,346,08-29,+10.0%,+15.23%,0.5761,22,✗ No,budget_exceeded
6,365,347,08-29,+10.0%,+15.06%,0.5753,22,✗ No,budget_exceeded
6,365,347,08-29,+10.0%,+14.32%,0.5716,23,✗ No,budget_exceeded
6,365,348,08-29,+10.0%,+14.32%,0.5716,23,✗ No,budget_exceeded
6,365,349,08-29,+10.0%,+13.35%,0.5667,24,✗ No,budget_exceeded
6,365,349,08-29,+10.0%,+13.23%,0.5661,24,✗ No,budget_exceeded
6,365,350,08-29,+10.0%,+13.23%,0.5661,24,✗ No,budget_exceeded
6,365,351,08-29,+10.0%,+13.15%,0.5658,24,✗ No,budget_exceeded
6,365,351,08-29,+10.0%,+13.01%,0.5650,24,✗ No,budget_exceeded
6,365,352,08-29,+10.0%,+13.01%,0.5650,24,✗ No,budget_exceeded
6,365,353,08-29,+10.0%,+12.91%,0.5646,24,✗ No,budget_exceeded
6,365,353,08-29,+10.0%,+12.08%,0.5604,25,✗ No,budget_exceeded
6,365,354,08-29,+10.0%,+12.08%,0.5604,25,✗ No,budget_exceeded
6,365,355,08-29,+10.0%,+11.21%,0.5561,26,✗ No,budget_exceeded
6,365,355,08-29,+10.0%,+10.69%,0.5535,27,✗ No,budget_exceeded
6,365,356,08-29,+10.0%,+10.69%,0.5535,27,✗ No,budget_exceeded
6,365,357,08-29,+9.8%,+3.54%,0.5177,28,✓ Yes,completed
6,365,357,08-29,+9.6%,+3.47%,0.5173,28,✓ Yes,completed
6,365,358,08-29,+9.6%,+3.47%,0.5173,28,✓ Yes,completed
6,365,359,08-29,+9.3%,+3.34%,0.5167,29,✓ Yes,completed
6,365,359,08-29,+9.2%,+3.32%,0.5166,29,✓ Yes,completed
6,365,360,08-29,+9.2%,+3.32%,0.5166,29,✓ Yes,completed
6,365,361,08-29,+9.0%,+3.21%,0.5161,31,✓ Yes,completed
6,365,361,08-29,+8.8%,+3.10%,0.5155,31,✓ Yes,completed
6,365,362,08-29,+8.8%,+3.10%,0.5155,31,✓ Yes,completed
6,365,363,08-29,+8.6%,+2.98%,0.5149,35,✓ Yes,completed
6,365,363,08-29,+8.3%,+2.87%,0.5144,35,✓ Yes,completed
6,365,364,08-29,+8.3%,+2.87%,0.5144,35,✓ Yes,completed
6,365,365,08-29,+8.1%,+2.78%,0.5139,38,✓ Yes,completed
6,366,344,08-29,+10.0%,+13.25%,0.5663,23,✗ No,budget_exceeded
6,366,345,08-29,+10.0%,+13.16%,0.5658,23,✗ No,budget_exceeded
6,366,345,08-29,+10.0%,+13.06%,0.5653,23,✗ No,budget_exceeded
6,366,346,08-29,+10.0%,+13.06%,0.5653,23,✗ No,budget_exceeded
6,366,347,08-29,+10.0%,+12.90%,0.5645,23,✗ No,budget_exceeded
6,366,347,08-29,+10.0%,+12.16%,0.5608,24,✗ No,budget_exceeded
6,366,348,08-29,+10.0%,+12.16%,0.5608,24,✗ No,budget_exceeded
6,366,349,08-29,+10.0%,+11.23%,0.5561,25,✗ No,budget_exceeded
6,366,349,08-29,+10.0%,+11.08%,0.5554,25,✗ No,budget_exceeded
6,366,350,08-29,+10.0%,+11.08%,0.5554,25,✗ No,budget_exceeded
6,366,351,08-29,+10.0%,+10.99%,0.5549,25,✗ No,budget_exceeded
6,366,351,08-29,+10.0%,+10.87%,0.5543,25,✗ No,budget_exceeded
6,366,352,08-29,+10.0%,+10.77%,0.5538,25,✗ No,budget_exceeded
6,366,353,08-29,+10.0%,+10.77%,0.5538,25,✗ No,budget_exceeded
6,366,353,08-29,+10.0%,+10.72%,0.5536,25,✗ No,budget_exceeded
6,366,354,08-29,+10.0%,+3.61%,0.5181,25,✓ Yes,completed
6,366,355,08-29,+10.0%,+3.61%,0.5181,25,✓ Yes,completed
6,366,355,08-29,+9.6%,+3.44%,0.5172,26,✓ Yes,completed
6,366,356,08-29,+9.5%,+3.42%,0.5171,26,✓ Yes,completed
6,366,357,08-29,+9.5%,+3.42%,0.5171,26,✓ Yes,completed
6,366,357,08-29,+9.4%,+3.37%,0.5168,26,✓ Yes,completed
6,366,358,08-29,+9.1%,+3.26%,0.5163,27,✓ Yes,completed
6,366,359,08-29,+9.1%,+3.26%,0.5163,27,✓ Yes,completed
6,366,360,08-29,+9.0%,+3.19%,0.5160,27,✓ Yes,completed
6,366,360,08-29,+8.8%,+3.09%,0.5154,29,✓ Yes,completed
6,366,361,08-29,+8.8%,+3.09%,0.5154,29,✓ Yes,completed
6,366,362,08-29,+8.6%,+3.01%,0.5150,29,✓ Yes,completed
6,366,362,08-29,+8.4%,+2.92%,0.5146,31,✓ Yes,completed
6,366,363,08-29,+8.4%,+2.92%,0.5146,31,✓ Yes,completed
6,366,364,08-29,+8.2%,+2.83%,0.5141,31,✓ Yes,completed
6,366,364,08-29,+8.0%,+2.68%,0.5134,33,✓ Yes,completed
6,366,365,08-29,+8.0%,+2.68%,0.5134,33,✓ Yes,completed
6,366,366,08-29,+7.8%,+2.53%,0.5127,36,✓ Yes,completed
6,367,344,08-29,+10.0%,+11.06%,0.5553,24,✗ No,budget_exceeded
6,367,345,08-29,+10.0%,+10.96%,0.5548,24,✗ No,budget_exceeded
6,367,345,08-29,+10.0%,+10.89%,0.5545,24,✗ No,budget_exceeded
6,367,346,08-29,+10.0%,+10.89%,0.5545,24,✗ No,budget_exceeded
6,367,347,08-29,+10.0%,+10.73%,0.5536,24,✗ No,budget_exceeded
6,367,347,08-29,+10.0%,+10.63%,0.5532,24,✗ No,budget_exceeded
6,367,348,08-29,+10.0%,+10.63%,0.5532,24,✗ No,budget_exceeded
6,367,349,08-29,+10.0%,+3.59%,0.5180,24,✓ Yes,completed
6,367,349,08-29,+9.8%,+3.55%,0.5178,24,✓ Yes,completed
6,367,350,08-29,+9.8%,+3.55%,0.5178,24,✓ Yes,completed
6,367,351,08-29,+9.8%,+3.52%,0.5176,24,✓ Yes,completed
6,367,351,08-29,+9.7%,+3.49%,0.5175,24,✓ Yes,completed
6,367,352,08-29,+9.7%,+3.49%,0.5175,24,✓ Yes,completed
6,367,353,08-29,+9.6%,+3.45%,0.5172,24,✓ Yes,completed
6,367,353,08-29,+9.5%,+3.41%,0.5170,24,✓ Yes,completed
6,367,354,08-29,+9.5%,+3.41%,0.5170,24,✓ Yes,completed
6,367,355,08-29,+9.4%,+3.38%,0.5169,24,✓ Yes,completed
6,367,355,08-29,+9.1%,+3.24%,0.5162,25,✓ Yes,completed
6,367,356,08-29,+9.1%,+3.24%,0.5162,25,✓ Yes,completed
6,367,357,08-29,+9.0%,+3.21%,0.5161,25,✓ Yes,completed
6,367,357,08-29,+8.9%,+3.15%,0.5158,25,✓ Yes,completed
6,367,358,08-29,+8.9%,+3.15%,0.5158,25,✓ Yes,completed
6,367,359,08-29,+8.8%,+3.09%,0.5154,25,✓ Yes,completed
6,367,359,08-29,+8.7%,+3.05%,0.5152,25,✓ Yes,completed
6,367,360,08-29,+8.7%,+3.05%,0.5152,25,✓ Yes,completed
6,367,361,08-29,+8.5%,+2.98%,0.5149,26,✓ Yes,completed
6,367,361,08-29,+8.3%,+2.91%,0.5145,26,✓ Yes,completed
6,367,362,08-29,+8.3%,+2.91%,0.5145,26,✓ Yes,completed
6,367,363,08-29,+8.1%,+2.82%,0.5141,27,✓ Yes,completed
6,367,363,08-29,+7.9%,+2.66%,0.5133,27,✓ Yes,completed
6,367,364,08-29,+7.9%,+2.66%,0.5133,27,✓ Yes,completed
6,367,365,08-29,+7.7%,+2.50%,0.5125,29,✓ Yes,completed
6,367,365,08-29,+7.5%,+2.34%,0.5117,32,✓ Yes,completed
6,367,366,08-29,+7.5%,+2.34%,0.5117,32,✓ Yes,completed
6,367,367,08-29,+7.4%,+2.28%,0.5114,33,✓ Yes,completed
6,368,344,08-29,+10.0%,+10.91%,0.5545,24,✗ No,budget_exceeded
6,368,345,08-29,+10.0%,+10.81%,0.5541,24,✗ No,budget_exceeded
6,368,345,08-29,+10.0%,+10.74%,0.5537,24,✗ No,budget_exceeded
6,368,346,08-29,+10.0%,+10.74%,0.5537,24,✗ No,budget_exceeded
6,368,347,08-29,+10.0%,+10.58%,0.5529,24,✗ No,budget_exceeded
6,368,347,08-29,+9.9%,+3.58%,0.5179,24,✓ Yes,completed
6,368,348,08-29,+9.9%,+3.58%,0.5179,24,✓ Yes,completed
6,368,349,08-29,+9.8%,+3.55%,0.5177,24,✓ Yes,completed
6,368,349,08-29,+9.7%,+3.50%,0.5175,24,✓ Yes,completed
6,368,350,08-29,+9.7%,+3.50%,0.5175,24,✓ Yes,completed
6,368,351,08-29,+9.7%,+3.47%,0.5173,24,✓ Yes,completed
6,368,351,08-29,+9.6%,+3.43%,0.5172,24,✓ Yes,completed
6,368,352,08-29,+9.6%,+3.43%,0.5172,24,✓ Yes,completed
6,368,353,08-29,+9.5%,+3.39%,0.5170,24,✓ Yes,completed
6,368,353,08-29,+9.4%,+3.36%,0.5168,24,✓ Yes,completed
6,368,354,08-29,+9.3%,+3.35%,0.5167,24,✓ Yes,completed
6,368,355,08-29,+9.3%,+3.35%,0.5167,24,✓ Yes,completed
6,368,355,08-29,+8.9%,+3.18%,0.5159,25,✓ Yes,completed
6,368,356,08-29,+8.9%,+3.15%,0.5157,25,✓ Yes,completed
6,368,357,08-29,+8.9%,+3.15%,0.5157,25,✓ Yes,completed
6,368,357,08-29,+8.8%,+3.09%,0.5154,25,✓ Yes,completed
6,368,358,08-29,+8.7%,+3.04%,0.5152,25,✓ Yes,completed
6,368,359,08-29,+8.7%,+3.04%,0.5152,25,✓ Yes,completed
6,368,359,08-29,+8.6%,+3.00%,0.5150,25,✓ Yes,completed
6,368,360,08-29,+8.4%,+2.94%,0.5147,26,✓ Yes,completed
6,368,361,08-29,+8.4%,+2.94%,0.5147,26,✓ Yes,completed
6,368,362,08-29,+8.2%,+2.86%,0.5143,26,✓ Yes,completed
6,368,362,08-29,+8.0%,+2.69%,0.5134,27,✓ Yes,completed
6,368,363,08-29,+8.0%,+2.69%,0.5134,27,✓ Yes,completed
6,368,364,08-29,+7.7%,+2.52%,0.5126,27,✓ Yes,completed
6,368,364,08-29,+7.6%,+2.41%,0.5120,28,✓ Yes,completed
6,368,365,08-29,+7.6%,+2.41%,0.5120,28,✓ Yes,completed
6,368,366,08-29,+7.4%,+2.29%,0.5114,30,✓ Yes,completed
6,368,366,08-29,+7.3%,+2.21%,0.5110,31,✓ Yes,completed
6,368,367,08-29,+7.3%,+2.21%,0.5110,31,✓ Yes,completed
6,368,368,08-29,+7.1%,+2.12%,0.5106,33,✓ Yes,completed
6,369,344,08-29,+9.9%,+3.56%,0.5178,22,✓ Yes,completed
6,369,345,08-29,+9.8%,+3.54%,0.5177,22,✓ Yes,completed
6,369,345,08-29,+9.8%,+3.51%,0.5176,22,✓ Yes,completed
6,369,346,08-29,+9.8%,+3.51%,0.5176,22,✓ Yes,completed
6,369,347,08-29,+9.7%,+3.47%,0.5174,22,✓ Yes,completed
6,369,347,08-29,+9.6%,+3.44%,0.5172,22,✓ Yes,completed
6,369,348,08-29,+9.6%,+3.44%,0.5172,22,✓ Yes,completed
6,369,349,08-29,+9.5%,+3.40%,0.5170,22,✓ Yes,completed
6,369,349,08-29,+9.4%,+3.36%,0.5168,22,✓ Yes,completed
6,369,350,08-29,+9.4%,+3.36%,0.5168,22,✓ Yes,completed
6,369,351,08-29,+9.3%,+3.34%,0.5167,22,✓ Yes,completed
6,369,351,08-29,+9.3%,+3.33%,0.5167,22,✓ Yes,completed
6,369,352,08-29,+9.3%,+3.33%,0.5167,22,✓ Yes,completed
6,369,353,08-29,+9.2%,+3.30%,0.5165,22,✓ Yes,completed
6,369,353,08-29,+9.1%,+3.25%,0.5163,22,✓ Yes,completed
6,369,354,08-29,+9.1%,+3.25%,0.5163,22,✓ Yes,completed
6,369,355,08-29,+9.0%,+3.22%,0.5161,22,✓ Yes,completed
6,369,355,08-29,+8.6%,+3.03%,0.5151,23,✓ Yes,completed
6,369,356,08-29,+8.6%,+3.03%,0.5151,23,✓ Yes,completed
6,369,357,08-29,+8.6%,+3.01%,0.5150,23,✓ Yes,completed
6,369,357,08-29,+8.5%,+2.97%,0.5149,23,✓ Yes,completed
6,369,358,08-29,+8.5%,+2.97%,0.5149,23,✓ Yes,completed
6,369,359,08-29,+8.4%,+2.93%,0.5146,23,✓ Yes,completed
6,369,359,08-29,+8.3%,+2.89%,0.5145,23,✓ Yes,completed
6,369,360,08-29,+8.3%,+2.89%,0.5145,23,✓ Yes,completed
6,369,361,08-29,+8.1%,+2.81%,0.5140,24,✓ Yes,completed
6,369,361,08-29,+7.9%,+2.68%,0.5134,24,✓ Yes,completed
6,369,362,08-29,+7.9%,+2.68%,0.5134,24,✓ Yes,completed
6,369,363,08-29,+7.7%,+2.48%,0.5124,25,✓ Yes,completed
6,369,363,08-29,+7.5%,+2.36%,0.5118,25,✓ Yes,completed
6,369,364,08-29,+7.5%,+2.36%,0.5118,25,✓ Yes,completed
6,369,365,08-29,+7.3%,+2.27%,0.5113,26,✓ Yes,completed
6,369,365,08-29,+7.2%,+2.17%,0.5109,27,✓ Yes,completed
6,369,366,08-29,+7.2%,+2.17%,0.5109,27,✓ Yes,completed
6,369,367,08-29,+7.0%,+2.09%,0.5105,28,✓ Yes,completed
6,369,367,08-29,+6.9%,+1.99%,0.5100,29,✓ Yes,completed
6,369,368,08-29,+6.9%,+1.99%,0.5100,29,✓ Yes,completed
6,369,369,08-29,+6.6%,+1.88%,0.5094,32,✓ Yes,completed
6,370,344,08-29,+9.1%,+3.26%,0.5163,19,✓ Yes,completed
6,370,345,08-29,+9.1%,+3.22%,0.5161,19,✓ Yes,completed
6,370,345,08-29,+9.0%,+3.19%,0.5160,19,✓ Yes,completed
6,370,346,08-29,+9.0%,+3.19%,0.5160,19,✓ Yes,completed
6,370,347,08-29,+8.9%,+3.15%,0.5158,19,✓ Yes,completed
6,370,347,08-29,+8.8%,+3.12%,0.5156,19,✓ Yes,completed
6,370,348,08-29,+8.8%,+3.12%,0.5156,19,✓ Yes,completed
6,370,349,08-29,+8.8%,+3.09%,0.5154,19,✓ Yes,completed
6,370,349,08-29,+8.7%,+3.05%,0.5153,19,✓ Yes,completed
6,370,350,08-29,+8.7%,+3.05%,0.5153,19,✓ Yes,completed
6,370,351,08-29,+8.6%,+3.02%,0.5151,19,✓ Yes,completed
6,370,351,08-29,+8.6%,+3.00%,0.5150,19,✓ Yes,completed
6,370,352,08-29,+8.6%,+3.00%,0.5150,19,✓ Yes,completed
6,370,353,08-29,+8.5%,+2.98%,0.5149,19,✓ Yes,completed
6,370,353,08-29,+8.4%,+2.95%,0.5147,19,✓ Yes,completed
6,370,354,08-29,+8.4%,+2.93%,0.5146,19,✓ Yes,completed
6,370,355,08-29,+8.4%,+2.93%,0.5146,19,✓ Yes,completed
6,370,355,08-29,+7.9%,+2.65%,0.5132,20,✓ Yes,completed
6,370,356,08-29,+7.9%,+2.62%,0.5131,20,✓ Yes,completed
6,370,357,08-29,+7.9%,+2.62%,0.5131,20,✓ Yes,completed
6,370,357,08-29,+7.8%,+2.55%,0.5127,20,✓ Yes,completed
6,370,358,08-29,+7.7%,+2.48%,0.5124,20,✓ Yes,completed
6,370,359,08-29,+7.7%,+2.48%,0.5124,20,✓ Yes,completed
6,370,359,08-29,+7.6%,+2.44%,0.5122,20,✓ Yes,completed
6,370,360,08-29,+7.5%,+2.37%,0.5119,21,✓ Yes,completed
6,370,361,08-29,+7.5%,+2.37%,0.5119,21,✓ Yes,completed
6,370,361,08-29,+7.3%,+2.28%,0.5114,21,✓ Yes,completed
6,370,362,08-29,+7.2%,+2.17%,0.5109,22,✓ Yes,completed
6,370,363,08-29,+7.2%,+2.17%,0.5109,22,✓ Yes,completed
6,370,364,08-29,+7.0%,+2.07%,0.5103,22,✓ Yes,completed
6,370,364,08-29,+6.8%,+1.99%,0.5100,22,✓ Yes,completed
6,370,365,08-29,+6.8%,+1.99%,0.5100,22,✓ Yes,completed
6,370,366,08-29,+6.8%,+1.98%,0.5099,22,✓ Yes,completed
6,370,366,08-29,+6.7%,+1.95%,0.5097,22,✓ Yes,completed
6,370,367,08-29,+6.7%,+1.95%,0.5097,22,✓ Yes,completed
6,370,368,08-29,+6.6%,+1.92%,0.5096,22,✓ Yes,completed
6,370,368,08-29,+6.4%,+1.83%,0.5092,24,✓ Yes,completed
6,370,369,08-29,+6.4%,+1.83%,0.5092,24,✓ Yes,completed
6,370,370,08-29,+6.3%,+1.77%,0.5088,26,✓ Yes,completed
6,371,344,08-29,+8.5%,+2.95%,0.5148,16,✓ Yes,completed
6,371,345,08-29,+8.4%,+2.93%,0.5146,16,✓ Yes,completed
6,371,345,08-29,+8.4%,+2.91%,0.5146,16,✓ Yes,completed
6,371,346,08-29,+8.4%,+2.91%,0.5146,16,✓ Yes,completed
6,371,347,08-29,+8.3%,+2.89%,0.5145,16,✓ Yes,completed
6,371,347,08-29,+8.2%,+2.87%,0.5143,16,✓ Yes,completed
6,371,348,08-29,+8.2%,+2.87%,0.5143,16,✓ Yes,completed
6,371,349,08-29,+8.2%,+2.85%,0.5143,16,✓ Yes,completed
6,371,349,08-29,+8.1%,+2.82%,0.5141,16,✓ Yes,completed
6,371,350,08-29,+8.1%,+2.82%,0.5141,16,✓ Yes,completed
6,371,351,08-29,+8.1%,+2.78%,0.5139,16,✓ Yes,completed
6,371,351,08-29,+8.0%,+2.76%,0.5138,16,✓ Yes,completed
6,371,352,08-29,+8.0%,+2.76%,0.5138,16,✓ Yes,completed
6,371,353,08-29,+8.0%,+2.71%,0.5136,16,✓ Yes,completed
6,371,353,08-29,+7.9%,+2.64%,0.5132,16,✓ Yes,completed
6,371,354,08-29,+7.9%,+2.64%,0.5132,16,✓ Yes,completed
6,371,355,08-29,+7.9%,+2.63%,0.5131,16,✓ Yes,completed
6,371,355,08-29,+7.4%,+2.32%,0.5116,17,✓ Yes,completed
6,371,356,08-29,+7.4%,+2.32%,0.5116,17,✓ Yes,completed
6,371,357,08-29,+7.4%,+2.31%,0.5115,17,✓ Yes,completed
6,371,357,08-29,+7.3%,+2.27%,0.5113,17,✓ Yes,completed
6,371,358,08-29,+7.3%,+2.27%,0.5113,17,✓ Yes,completed
6,371,359,08-29,+7.2%,+2.23%,0.5111,17,✓ Yes,completed
6,371,359,08-29,+7.2%,+2.21%,0.5110,17,✓ Yes,completed
6,371,360,08-29,+7.2%,+2.21%,0.5110,17,✓ Yes,completed
6,371,361,08-29,+7.1%,+2.16%,0.5108,18,✓ Yes,completed
6,371,361,08-29,+7.0%,+2.08%,0.5104,18,✓ Yes,completed
6,371,362,08-29,+7.0%,+2.08%,0.5104,18,✓ Yes,completed
6,371,363,08-29,+6.8%,+1.98%,0.5099,19,✓ Yes,completed
6,371,363,08-29,+6.7%,+1.94%,0.5097,19,✓ Yes,completed
6,371,364,08-29,+6.7%,+1.94%,0.5097,19,✓ Yes,completed
6,371,365,08-29,+6.6%,+1.91%,0.5095,19,✓ Yes,completed
6,371,365,08-29,+6.5%,+1.89%,0.5095,19,✓ Yes,completed
6,371,366,08-29,+6.5%,+1.89%,0.5095,19,✓ Yes,completed
6,371,367,08-29,+6.5%,+1.87%,0.5094,19,✓ Yes,completed
6,371,367,08-29,+6.4%,+1.84%,0.5092,19,✓ Yes,completed
6,371,368,08-29,+6.4%,+1.84%,0.5092,19,✓ Yes,completed
6,371,369,08-29,+6.2%,+1.71%,0.5086,21,✓ Yes,completed
6,371,369,08-29,+6.1%,+1.65%,0.5082,21,✓ Yes,completed
6,371,370,08-29,+6.1%,+1.65%,0.5082,21,✓ Yes,completed
6,371,371,08-29,+6.0%,+1.60%,0.5080,22,✓ Yes,completed
6,365,344,08-30,+10.0%,+18.67%,0.5934,21,✗ No,budget_exceeded
6,365,345,08-30,+10.0%,+18.55%,0.5928,21,✗ No,budget_exceeded
6,365,345,08-30,+10.0%,+17.37%,0.5869,22,✗ No,budget_exceeded
6,365,346,08-30,+10.0%,+17.37%,0.5869,22,✗ No,budget_exceeded
6,365,347,08-30,+10.0%,+17.20%,0.5860,22,✗ No,budget_exceeded
6,365,347,08-30,+10.0%,+16.47%,0.5824,23,✗ No,budget_exceeded
6,365,348,08-30,+10.0%,+16.47%,0.5824,23,✗ No,budget_exceeded
6,365,349,08-30,+10.0%,+15.50%,0.5775,24,✗ No,budget_exceeded
6,365,349,08-30,+10.0%,+15.38%,0.5769,24,✗ No,budget_exceeded
6,365,350,08-30,+10.0%,+15.38%,0.5769,24,✗ No,budget_exceeded
6,365,351,08-30,+10.0%,+15.31%,0.5765,24,✗ No,budget_exceeded
6,365,351,08-30,+10.0%,+15.16%,0.5758,24,✗ No,budget_exceeded
6,365,352,08-30,+10.0%,+15.16%,0.5758,24,✗ No,budget_exceeded
6,365,353,08-30,+10.0%,+15.07%,0.5753,24,✗ No,budget_exceeded
6,365,353,08-30,+10.0%,+14.24%,0.5712,25,✗ No,budget_exceeded
6,365,354,08-30,+10.0%,+14.24%,0.5712,25,✗ No,budget_exceeded
6,365,355,08-30,+10.0%,+13.38%,0.5669,26,✗ No,budget_exceeded
6,365,355,08-30,+10.0%,+12.86%,0.5643,27,✗ No,budget_exceeded
6,365,356,08-30,+10.0%,+12.86%,0.5643,27,✗ No,budget_exceeded
6,365,357,08-30,+9.8%,+4.06%,0.5203,28,✓ Yes,completed
6,365,357,08-30,+9.6%,+3.99%,0.5200,28,✓ Yes,completed
6,365,358,08-30,+9.6%,+3.99%,0.5200,28,✓ Yes,completed
6,365,359,08-30,+9.3%,+3.91%,0.5195,29,✓ Yes,completed
6,365,359,08-30,+9.2%,+3.90%,0.5195,29,✓ Yes,completed
6,365,360,08-30,+9.2%,+3.90%,0.5195,29,✓ Yes,completed
6,365,361,08-30,+9.0%,+3.84%,0.5192,31,✓ Yes,completed
6,365,361,08-30,+8.8%,+3.78%,0.5189,31,✓ Yes,completed
6,365,362,08-30,+8.8%,+3.78%,0.5189,31,✓ Yes,completed
6,365,363,08-30,+8.6%,+3.69%,0.5185,35,✓ Yes,completed
6,365,363,08-30,+8.3%,+3.65%,0.5183,35,✓ Yes,completed
6,365,364,08-30,+8.3%,+3.65%,0.5183,35,✓ Yes,completed
6,365,365,08-30,+8.1%,+3.61%,0.5180,38,✓ Yes,completed
6,366,344,08-30,+10.0%,+15.41%,0.5770,23,✗ No,budget_exceeded
6,366,345,08-30,+10.0%,+15.31%,0.5766,23,✗ No,budget_exceeded
6,366,345,08-30,+10.0%,+15.22%,0.5761,23,✗ No,budget_exceeded
6,366,346,08-30,+10.0%,+15.22%,0.5761,23,✗ No,budget_exceeded
6,366,347,08-30,+10.0%,+15.05%,0.5753,23,✗ No,budget_exceeded
6,366,347,08-30,+10.0%,+14.32%,0.5716,24,✗ No,budget_exceeded
6,366,348,08-30,+10.0%,+14.32%,0.5716,24,✗ No,budget_exceeded
6,366,349,08-30,+10.0%,+13.39%,0.5669,25,✗ No,budget_exceeded
6,366,349,08-30,+10.0%,+13.25%,0.5662,25,✗ No,budget_exceeded
6,366,350,08-30,+10.0%,+13.25%,0.5662,25,✗ No,budget_exceeded
6,366,351,08-30,+10.0%,+13.15%,0.5657,25,✗ No,budget_exceeded
6,366,351,08-30,+10.0%,+13.03%,0.5651,25,✗ No,budget_exceeded
6,366,352,08-30,+10.0%,+12.93%,0.5647,25,✗ No,budget_exceeded
6,366,353,08-30,+10.0%,+12.93%,0.5647,25,✗ No,budget_exceeded
6,366,353,08-30,+10.0%,+12.88%,0.5644,25,✗ No,budget_exceeded
6,366,354,08-30,+10.0%,+4.13%,0.5206,25,✓ Yes,completed
6,366,355,08-30,+10.0%,+4.13%,0.5206,25,✓ Yes,completed
6,366,355,08-30,+9.6%,+3.97%,0.5199,26,✓ Yes,completed
6,366,356,08-30,+9.5%,+3.95%,0.5198,26,✓ Yes,completed
6,366,357,08-30,+9.5%,+3.95%,0.5198,26,✓ Yes,completed
6,366,357,08-30,+9.4%,+3.92%,0.5196,26,✓ Yes,completed
6,366,358,08-30,+9.1%,+3.87%,0.5193,27,✓ Yes,completed
6,366,359,08-30,+9.1%,+3.87%,0.5193,27,✓ Yes,completed
6,366,360,08-30,+9.0%,+3.84%,0.5192,27,✓ Yes,completed
6,366,360,08-30,+8.8%,+3.77%,0.5189,29,✓ Yes,completed
6,366,361,08-30,+8.8%,+3.77%,0.5189,29,✓ Yes,completed
6,366,362,08-30,+8.6%,+3.72%,0.5186,29,✓ Yes,completed
6,366,362,08-30,+8.4%,+3.68%,0.5184,31,✓ Yes,completed
6,366,363,08-30,+8.4%,+3.68%,0.5184,31,✓ Yes,completed
6,366,364,08-30,+8.2%,+3.64%,0.5182,31,✓ Yes,completed
6,366,364,08-30,+8.0%,+3.57%,0.5178,33,✓ Yes,completed
6,366,365,08-30,+8.0%,+3.57%,0.5178,33,✓ Yes,completed
6,366,366,08-30,+7.8%,+3.48%,0.5174,36,✓ Yes,completed
6,367,344,08-30,+10.0%,+13.22%,0.5661,24,✗ No,budget_exceeded
6,367,345,08-30,+10.0%,+13.13%,0.5656,24,✗ No,budget_exceeded
6,367,345,08-30,+10.0%,+13.06%,0.5653,24,✗ No,budget_exceeded
6,367,346,08-30,+10.0%,+13.06%,0.5653,24,✗ No,budget_exceeded
6,367,347,08-30,+10.0%,+12.89%,0.5644,24,✗ No,budget_exceeded
6,367,347,08-30,+10.0%,+12.79%,0.5640,24,✗ No,budget_exceeded
6,367,348,08-30,+10.0%,+12.79%,0.5640,24,✗ No,budget_exceeded
6,367,349,08-30,+10.0%,+4.11%,0.5206,24,✓ Yes,completed
6,367,349,08-30,+9.8%,+4.08%,0.5204,24,✓ Yes,completed
6,367,350,08-30,+9.8%,+4.08%,0.5204,24,✓ Yes,completed
6,367,351,08-30,+9.8%,+4.05%,0.5203,24,✓ Yes,completed
6,367,351,08-30,+9.7%,+4.02%,0.5201,24,✓ Yes,completed
6,367,352,08-30,+9.7%,+4.02%,0.5201,24,✓ Yes,completed
6,367,353,08-30,+9.6%,+3.98%,0.5199,24,✓ Yes,completed
6,367,353,08-30,+9.5%,+3.94%,0.5197,24,✓ Yes,completed
6,367,354,08-30,+9.5%,+3.94%,0.5197,24,✓ Yes,completed
6,367,355,08-30,+9.4%,+3.93%,0.5197,24,✓ Yes,completed
6,367,355,08-30,+9.1%,+3.86%,0.5193,25,✓ Yes,completed
6,367,356,08-30,+9.1%,+3.86%,0.5193,25,✓ Yes,completed
6,367,357,08-30,+9.0%,+3.85%,0.5192,25,✓ Yes,completed
6,367,357,08-30,+8.9%,+3.81%,0.5191,25,✓ Yes,completed
6,367,358,08-30,+8.9%,+3.81%,0.5191,25,✓ Yes,completed
6,367,359,08-30,+8.8%,+3.78%,0.5189,25,✓ Yes,completed
6,367,359,08-30,+8.7%,+3.75%,0.5187,25,✓ Yes,completed
6,367,360,08-30,+8.7%,+3.75%,0.5187,25,✓ Yes,completed
6,367,361,08-30,+8.5%,+3.71%,0.5186,26,✓ Yes,completed
6,367,361,08-30,+8.3%,+3.68%,0.5184,26,✓ Yes,completed
6,367,362,08-30,+8.3%,+3.68%,0.5184,26,✓ Yes,completed
6,367,363,08-30,+8.1%,+3.64%,0.5182,27,✓ Yes,completed
6,367,363,08-30,+7.9%,+3.56%,0.5178,27,✓ Yes,completed
6,367,364,08-30,+7.9%,+3.56%,0.5178,27,✓ Yes,completed
6,367,365,08-30,+7.7%,+3.47%,0.5173,29,✓ Yes,completed
6,367,365,08-30,+7.5%,+3.37%,0.5168,32,✓ Yes,completed
6,367,366,08-30,+7.5%,+3.37%,0.5168,32,✓ Yes,completed
6,367,367,08-30,+7.4%,+3.34%,0.5167,33,✓ Yes,completed
6,368,344,08-30,+10.0%,+13.07%,0.5654,24,✗ No,budget_exceeded
6,368,345,08-30,+10.0%,+12.98%,0.5649,24,✗ No,budget_exceeded
6,368,345,08-30,+10.0%,+12.91%,0.5645,24,✗ No,budget_exceeded
6,368,346,08-30,+10.0%,+12.91%,0.5645,24,✗ No,budget_exceeded
6,368,347,08-30,+10.0%,+12.74%,0.5637,24,✗ No,budget_exceeded
6,368,347,08-30,+9.9%,+4.10%,0.5205,24,✓ Yes,completed
6,368,348,08-30,+9.9%,+4.10%,0.5205,24,✓ Yes,completed
6,368,349,08-30,+9.8%,+4.08%,0.5204,24,✓ Yes,completed
6,368,349,08-30,+9.7%,+4.03%,0.5201,24,✓ Yes,completed
6,368,350,08-30,+9.7%,+4.03%,0.5201,24,✓ Yes,completed
6,368,351,08-30,+9.7%,+4.00%,0.5200,24,✓ Yes,completed
6,368,351,08-30,+9.6%,+3.97%,0.5198,24,✓ Yes,completed
6,368,352,08-30,+9.6%,+3.97%,0.5198,24,✓ Yes,completed
6,368,353,08-30,+9.5%,+3.93%,0.5197,24,✓ Yes,completed
6,368,353,08-30,+9.4%,+3.92%,0.5196,24,✓ Yes,completed
6,368,354,08-30,+9.3%,+3.91%,0.5196,24,✓ Yes,completed
6,368,355,08-30,+9.3%,+3.91%,0.5196,24,✓ Yes,completed
6,368,355,08-30,+8.9%,+3.83%,0.5191,25,✓ Yes,completed
6,368,356,08-30,+8.9%,+3.81%,0.5190,25,✓ Yes,completed
6,368,357,08-30,+8.9%,+3.81%,0.5190,25,✓ Yes,completed
6,368,357,08-30,+8.8%,+3.77%,0.5189,25,✓ Yes,completed
6,368,358,08-30,+8.7%,+3.74%,0.5187,25,✓ Yes,completed
6,368,359,08-30,+8.7%,+3.74%,0.5187,25,✓ Yes,completed
6,368,359,08-30,+8.6%,+3.72%,0.5186,25,✓ Yes,completed
6,368,360,08-30,+8.4%,+3.69%,0.5185,26,✓ Yes,completed
6,368,361,08-30,+8.4%,+3.69%,0.5185,26,✓ Yes,completed
6,368,362,08-30,+8.2%,+3.66%,0.5183,26,✓ Yes,completed
6,368,362,08-30,+8.0%,+3.58%,0.5179,27,✓ Yes,completed
6,368,363,08-30,+8.0%,+3.58%,0.5179,27,✓ Yes,completed
6,368,364,08-30,+7.7%,+3.48%,0.5174,27,✓ Yes,completed
6,368,364,08-30,+7.6%,+3.41%,0.5170,28,✓ Yes,completed
6,368,365,08-30,+7.6%,+3.41%,0.5170,28,✓ Yes,completed
6,368,366,08-30,+7.4%,+3.35%,0.5167,30,✓ Yes,completed
6,368,366,08-30,+7.3%,+3.28%,0.5164,31,✓ Yes,completed
6,368,367,08-30,+7.3%,+3.28%,0.5164,31,✓ Yes,completed
6,368,368,08-30,+7.1%,+3.19%,0.5159,33,✓ Yes,completed
6,369,344,08-30,+9.9%,+4.09%,0.5204,22,✓ Yes,completed
6,369,345,08-30,+9.8%,+4.06%,0.5203,22,✓ Yes,completed
6,369,345,08-30,+9.8%,+4.04%,0.5202,22,✓ Yes,completed
6,369,346,08-30,+9.8%,+4.04%,0.5202,22,✓ Yes,completed
6,369,347,08-30,+9.7%,+4.00%,0.5200,22,✓ Yes,completed
6,369,347,08-30,+9.6%,+3.97%,0.5199,22,✓ Yes,completed
6,369,348,08-30,+9.6%,+3.97%,0.5199,22,✓ Yes,completed
6,369,349,08-30,+9.5%,+3.94%,0.5197,22,✓ Yes,completed
6,369,349,08-30,+9.4%,+3.91%,0.5196,22,✓ Yes,completed
6,369,350,08-30,+9.4%,+3.91%,0.5196,22,✓ Yes,completed
6,369,351,08-30,+9.3%,+3.90%,0.5195,22,✓ Yes,completed
6,369,351,08-30,+9.3%,+3.90%,0.5195,22,✓ Yes,completed
6,369,352,08-30,+9.3%,+3.90%,0.5195,22,✓ Yes,completed
6,369,353,08-30,+9.2%,+3.89%,0.5195,22,✓ Yes,completed
6,369,353,08-30,+9.1%,+3.87%,0.5193,22,✓ Yes,completed
6,369,354,08-30,+9.1%,+3.87%,0.5193,22,✓ Yes,completed
6,369,355,08-30,+9.0%,+3.85%,0.5193,22,✓ Yes,completed
6,369,355,08-30,+8.6%,+3.74%,0.5187,23,✓ Yes,completed
6,369,356,08-30,+8.6%,+3.74%,0.5187,23,✓ Yes,completed
6,369,357,08-30,+8.6%,+3.72%,0.5186,23,✓ Yes,completed
6,369,357,08-30,+8.5%,+3.71%,0.5185,23,✓ Yes,completed
6,369,358,08-30,+8.5%,+3.71%,0.5185,23,✓ Yes,completed
6,369,359,08-30,+8.4%,+3.69%,0.5185,23,✓ Yes,completed
6,369,359,08-30,+8.3%,+3.68%,0.5184,23,✓ Yes,completed
6,369,360,08-30,+8.3%,+3.68%,0.5184,23,✓ Yes,completed
6,369,361,08-30,+8.1%,+3.64%,0.5182,24,✓ Yes,completed
6,369,361,08-30,+7.9%,+3.58%,0.5179,24,✓ Yes,completed
6,369,362,08-30,+7.9%,+3.58%,0.5179,24,✓ Yes,completed
6,369,363,08-30,+7.7%,+3.46%,0.5173,25,✓ Yes,completed
6,369,363,08-30,+7.5%,+3.39%,0.5169,25,✓ Yes,completed
6,369,364,08-30,+7.5%,+3.39%,0.5169,25,✓ Yes,completed
6,369,365,08-30,+7.3%,+3.34%,0.5167,26,✓ Yes,completed
6,369,365,08-30,+7.2%,+3.24%,0.5162,27,✓ Yes,completed
6,369,366,08-30,+7.2%,+3.24%,0.5162,27,✓ Yes,completed
6,369,367,08-30,+7.0%,+3.16%,0.5158,28,✓ Yes,completed
6,369,367,08-30,+6.9%,+3.07%,0.5153,29,✓ Yes,completed
6,369,368,08-30,+6.9%,+3.07%,0.5153,29,✓ Yes,completed
6,369,369,08-30,+6.6%,+2.95%,0.5148,32,✓ Yes,completed
6,370,344,08-30,+9.1%,+3.86%,0.5193,19,✓ Yes,completed
6,370,345,08-30,+9.1%,+3.84%,0.5192,19,✓ Yes,completed
6,370,345,08-30,+9.0%,+3.83%,0.5191,19,✓ Yes,completed
6,370,346,08-30,+9.0%,+3.83%,0.5191,19,✓ Yes,completed
6,370,347,08-30,+8.9%,+3.81%,0.5190,19,✓ Yes,completed
6,370,347,08-30,+8.8%,+3.79%,0.5189,19,✓ Yes,completed
6,370,348,08-30,+8.8%,+3.79%,0.5189,19,✓ Yes,completed
6,370,349,08-30,+8.8%,+3.77%,0.5188,19,✓ Yes,completed
6,370,349,08-30,+8.7%,+3.75%,0.5187,19,✓ Yes,completed
6,370,350,08-30,+8.7%,+3.75%,0.5187,19,✓ Yes,completed
6,370,351,08-30,+8.6%,+3.73%,0.5187,19,✓ Yes,completed
6,370,351,08-30,+8.6%,+3.72%,0.5186,19,✓ Yes,completed
6,370,352,08-30,+8.6%,+3.72%,0.5186,19,✓ Yes,completed
6,370,353,08-30,+8.5%,+3.71%,0.5186,19,✓ Yes,completed
6,370,353,08-30,+8.4%,+3.70%,0.5185,19,✓ Yes,completed
6,370,354,08-30,+8.4%,+3.69%,0.5185,19,✓ Yes,completed
6,370,355,08-30,+8.4%,+3.69%,0.5185,19,✓ Yes,completed
6,370,355,08-30,+7.9%,+3.56%,0.5178,20,✓ Yes,completed
6,370,356,08-30,+7.9%,+3.55%,0.5177,20,✓ Yes,completed
6,370,357,08-30,+7.9%,+3.55%,0.5177,20,✓ Yes,completed
6,370,357,08-30,+7.8%,+3.50%,0.5175,20,✓ Yes,completed
6,370,358,08-30,+7.7%,+3.46%,0.5173,20,✓ Yes,completed
6,370,359,08-30,+7.7%,+3.46%,0.5173,20,✓ Yes,completed
6,370,359,08-30,+7.6%,+3.43%,0.5172,20,✓ Yes,completed
6,370,360,08-30,+7.5%,+3.40%,0.5170,21,✓ Yes,completed
6,370,361,08-30,+7.5%,+3.40%,0.5170,21,✓ Yes,completed
6,370,361,08-30,+7.3%,+3.35%,0.5168,21,✓ Yes,completed
6,370,362,08-30,+7.2%,+3.25%,0.5162,22,✓ Yes,completed
6,370,363,08-30,+7.2%,+3.25%,0.5162,22,✓ Yes,completed
6,370,364,08-30,+7.0%,+3.14%,0.5157,22,✓ Yes,completed
6,370,364,08-30,+6.8%,+3.07%,0.5153,22,✓ Yes,completed
6,370,365,08-30,+6.8%,+3.07%,0.5153,22,✓ Yes,completed
6,370,366,08-30,+6.8%,+3.05%,0.5153,22,✓ Yes,completed
6,370,366,08-30,+6.7%,+3.02%,0.5151,22,✓ Yes,completed
6,370,367,08-30,+6.7%,+3.02%,0.5151,22,✓ Yes,completed
6,370,368,08-30,+6.6%,+2.99%,0.5150,22,✓ Yes,completed
6,370,368,08-30,+6.4%,+2.90%,0.5145,24,✓ Yes,completed
6,370,369,08-30,+6.4%,+2.90%,0.5145,24,✓ Yes,completed
6,370,370,08-30,+6.3%,+2.82%,0.5141,26,✓ Yes,completed
6,371,344,08-30,+8.5%,+3.69%,0.5184,16,✓ Yes,completed
6,371,345,08-30,+8.4%,+3.68%,0.5184,16,✓ Yes,completed
6,371,345,08-30,+8.4%,+3.68%,0.5184,16,✓ Yes,completed
6,371,346,08-30,+8.4%,+3.68%,0.5184,16,✓ Yes,completed
6,371,347,08-30,+8.3%,+3.67%,0.5184,16,✓ Yes,completed
6,371,347,08-30,+8.2%,+3.66%,0.5183,16,✓ Yes,completed
6,371,348,08-30,+8.2%,+3.66%,0.5183,16,✓ Yes,completed
6,371,349,08-30,+8.2%,+3.66%,0.5183,16,✓ Yes,completed
6,371,349,08-30,+8.1%,+3.65%,0.5182,16,✓ Yes,completed
6,371,350,08-30,+8.1%,+3.65%,0.5182,16,✓ Yes,completed
6,371,351,08-30,+8.1%,+3.63%,0.5182,16,✓ Yes,completed
6,371,351,08-30,+8.0%,+3.62%,0.5181,16,✓ Yes,completed
6,371,352,08-30,+8.0%,+3.62%,0.5181,16,✓ Yes,completed
6,371,353,08-30,+8.0%,+3.60%,0.5180,16,✓ Yes,completed
6,371,353,08-30,+7.9%,+3.56%,0.5178,16,✓ Yes,completed
6,371,354,08-30,+7.9%,+3.56%,0.5178,16,✓ Yes,completed
6,371,355,08-30,+7.9%,+3.55%,0.5178,16,✓ Yes,completed
6,371,355,08-30,+7.4%,+3.38%,0.5169,17,✓ Yes,completed
6,371,356,08-30,+7.4%,+3.38%,0.5169,17,✓ Yes,completed
6,371,357,08-30,+7.4%,+3.37%,0.5169,17,✓ Yes,completed
6,371,357,08-30,+7.3%,+3.34%,0.5167,17,✓ Yes,completed
6,371,358,08-30,+7.3%,+3.34%,0.5167,17,✓ Yes,completed
6,371,359,08-30,+7.2%,+3.30%,0.5165,17,✓ Yes,completed
6,371,359,08-30,+7.2%,+3.28%,0.5164,17,✓ Yes,completed
6,371,360,08-30,+7.2%,+3.28%,0.5164,17,✓ Yes,completed
6,371,361,08-30,+7.1%,+3.23%,0.5162,18,✓ Yes,completed
6,371,361,08-30,+7.0%,+3.15%,0.5158,18,✓ Yes,completed
6,371,362,08-30,+7.0%,+3.15%,0.5158,18,✓ Yes,completed
6,371,363,08-30,+6.8%,+3.06%,0.5153,19,✓ Yes,completed
6,371,363,08-30,+6.7%,+3.01%,0.5151,19,✓ Yes,completed
6,371,364,08-30,+6.7%,+3.01%,0.5151,19,✓ Yes,completed
6,371,365,08-30,+6.6%,+2.98%,0.5149,19,✓ Yes,completed
6,371,365,08-30,+6.5%,+2.96%,0.5148,19,✓ Yes,completed
6,371,366,08-30,+6.5%,+2.96%,0.5148,19,✓ Yes,completed
6,371,367,08-30,+6.5%,+2.94%,0.5147,19,✓ Yes,completed
6,371,367,08-30,+6.4%,+2.91%,0.5145,19,✓ Yes,completed
6,371,368,08-30,+6.4%,+2.91%,0.5145,19,✓ Yes,completed
6,371,369,08-30,+6.2%,+2.75%,0.5137,21,✓ Yes,completed
6,371,369,08-30,+6.1%,+2.67%,0.5133,21,✓ Yes,completed
6,371,370,08-30,+6.1%,+2.67%,0.5133,21,✓ Yes,completed
6,371,371,08-30,+6.0%,+2.62%,0.5131,22,✓ Yes,completed
6,365,344,08-31,+10.0%,+20.36%,0.6018,21,✗ No,budget_exceeded
6,365,345,08-31,+10.0%,+20.24%,0.6012,21,✗ No,budget_exceeded
6,365,345,08-31,+10.0%,+19.06%,0.5953,22,✗ No,budget_exceeded
6,365,346,08-31,+10.0%,+19.06%,0.5953,22,✗ No,budget_exceeded
6,365,347,08-31,+10.0%,+18.90%,0.5945,22,✗ No,budget_exceeded
6,365,347,08-31,+10.0%,+18.17%,0.5908,23,✗ No,budget_exceeded
6,365,348,08-31,+10.0%,+18.17%,0.5908,23,✗ No,budget_exceeded
6,365,349,08-31,+10.0%,+17.20%,0.5860,24,✗ No,budget_exceeded
6,365,349,08-31,+10.0%,+17.08%,0.5854,24,✗ No,budget_exceeded
6,365,350,08-31,+10.0%,+17.08%,0.5854,24,✗ No,budget_exceeded
6,365,351,08-31,+10.0%,+17.01%,0.5851,24,✗ No,budget_exceeded
6,365,351,08-31,+10.0%,+16.87%,0.5843,24,✗ No,budget_exceeded
6,365,352,08-31,+10.0%,+16.87%,0.5843,24,✗ No,budget_exceeded
6,365,353,08-31,+10.0%,+16.77%,0.5839,24,✗ No,budget_exceeded
6,365,353,08-31,+10.0%,+15.95%,0.5797,25,✗ No,budget_exceeded
6,365,354,08-31,+10.0%,+15.95%,0.5797,25,✗ No,budget_exceeded
6,365,355,08-31,+10.0%,+15.09%,0.5754,26,✗ No,budget_exceeded
6,365,355,08-31,+10.0%,+14.57%,0.5729,27,✗ No,budget_exceeded
6,365,356,08-31,+10.0%,+14.57%,0.5729,27,✗ No,budget_exceeded
6,365,357,08-31,+9.8%,+3.85%,0.5193,28,✓ Yes,completed
6,365,357,08-31,+9.6%,+3.81%,0.5190,28,✓ Yes,completed
6,365,358,08-31,+9.6%,+3.81%,0.5190,28,✓ Yes,completed
6,365,359,08-31,+9.3%,+3.75%,0.5187,29,✓ Yes,completed
6,365,359,08-31,+9.2%,+3.75%,0.5187,29,✓ Yes,completed
6,365,360,08-31,+9.2%,+3.75%,0.5187,29,✓ Yes,completed
6,365,361,08-31,+9.0%,+3.72%,0.5186,31,✓ Yes,completed
6,365,361,08-31,+8.8%,+3.70%,0.5185,31,✓ Yes,completed
6,365,362,08-31,+8.8%,+3.70%,0.5185,31,✓ Yes,completed
6,365,363,08-31,+8.6%,+3.69%,0.5185,35,✓ Yes,completed
6,365,363,08-31,+8.3%,+3.71%,0.5185,35,✓ Yes,completed
6,365,364,08-31,+8.3%,+3.71%,0.5185,35,✓ Yes,completed
6,365,365,08-31,+8.1%,+3.70%,0.5185,38,✓ Yes,completed
6,366,344,08-31,+10.0%,+17.11%,0.5855,23,✗ No,budget_exceeded
6,366,345,08-31,+10.0%,+17.02%,0.5851,23,✗ No,budget_exceeded
6,366,345,08-31,+10.0%,+16.92%,0.5846,23,✗ No,budget_exceeded
6,366,346,08-31,+10.0%,+16.92%,0.5846,23,✗ No,budget_exceeded
6,366,347,08-31,+10.0%,+16.76%,0.5838,23,✗ No,budget_exceeded
6,366,347,08-31,+10.0%,+16.03%,0.5801,24,✗ No,budget_exceeded
6,366,348,08-31,+10.0%,+16.03%,0.5801,24,✗ No,budget_exceeded
6,366,349,08-31,+10.0%,+15.10%,0.5755,25,✗ No,budget_exceeded
6,366,349,08-31,+10.0%,+14.96%,0.5748,25,✗ No,budget_exceeded
6,366,350,08-31,+10.0%,+14.96%,0.5748,25,✗ No,budget_exceeded
6,366,351,08-31,+10.0%,+14.86%,0.5743,25,✗ No,budget_exceeded
6,366,351,08-31,+10.0%,+14.74%,0.5737,25,✗ No,budget_exceeded
6,366,352,08-31,+10.0%,+14.65%,0.5732,25,✗ No,budget_exceeded
6,366,353,08-31,+10.0%,+14.65%,0.5732,25,✗ No,budget_exceeded
6,366,353,08-31,+10.0%,+14.60%,0.5730,25,✗ No,budget_exceeded
6,366,354,08-31,+10.0%,+3.90%,0.5195,25,✓ Yes,completed
6,366,355,08-31,+10.0%,+3.90%,0.5195,25,✓ Yes,completed
6,366,355,08-31,+9.6%,+3.79%,0.5190,26,✓ Yes,completed
6,366,356,08-31,+9.5%,+3.78%,0.5189,26,✓ Yes,completed
6,366,357,08-31,+9.5%,+3.78%,0.5189,26,✓ Yes,completed
6,366,357,08-31,+9.4%,+3.76%,0.5188,26,✓ Yes,completed
6,366,358,08-31,+9.1%,+3.74%,0.5187,27,✓ Yes,completed
6,366,359,08-31,+9.1%,+3.74%,0.5187,27,✓ Yes,completed
6,366,360,08-31,+9.0%,+3.72%,0.5186,27,✓ Yes,completed
6,366,360,08-31,+8.8%,+3.71%,0.5185,29,✓ Yes,completed
6,366,361,08-31,+8.8%,+3.71%,0.5185,29,✓ Yes,completed
6,366,362,08-31,+8.6%,+3.71%,0.5186,29,✓ Yes,completed
6,366,362,08-31,+8.4%,+3.72%,0.5186,31,✓ Yes,completed
6,366,363,08-31,+8.4%,+3.72%,0.5186,31,✓ Yes,completed
6,366,364,08-31,+8.2%,+3.72%,0.5186,31,✓ Yes,completed
6,366,364,08-31,+8.0%,+3.67%,0.5184,33,✓ Yes,completed
6,366,365,08-31,+8.0%,+3.67%,0.5184,33,✓ Yes,completed
6,366,366,08-31,+7.8%,+3.58%,0.5179,36,✓ Yes,completed
6,367,344,08-31,+10.0%,+14.94%,0.5747,24,✗ No,budget_exceeded
6,367,345,08-31,+10.0%,+14.84%,0.5742,24,✗ No,budget_exceeded
6,367,345,08-31,+10.0%,+14.77%,0.5739,24,✗ No,budget_exceeded
6,367,346,08-31,+10.0%,+14.77%,0.5739,24,✗ No,budget_exceeded
6,367,347,08-31,+10.0%,+14.61%,0.5730,24,✗ No,budget_exceeded
6,367,347,08-31,+10.0%,+14.51%,0.5726,24,✗ No,budget_exceeded
6,367,348,08-31,+10.0%,+14.51%,0.5726,24,✗ No,budget_exceeded
6,367,349,08-31,+10.0%,+3.89%,0.5194,24,✓ Yes,completed
6,367,349,08-31,+9.8%,+3.87%,0.5193,24,✓ Yes,completed
6,367,350,08-31,+9.8%,+3.87%,0.5193,24,✓ Yes,completed
6,367,351,08-31,+9.8%,+3.84%,0.5192,24,✓ Yes,completed
6,367,351,08-31,+9.7%,+3.82%,0.5191,24,✓ Yes,completed
6,367,352,08-31,+9.7%,+3.82%,0.5191,24,✓ Yes,completed
6,367,353,08-31,+9.6%,+3.79%,0.5190,24,✓ Yes,completed
6,367,353,08-31,+9.5%,+3.77%,0.5189,24,✓ Yes,completed
6,367,354,08-31,+9.5%,+3.77%,0.5189,24,✓ Yes,completed
6,367,355,08-31,+9.4%,+3.76%,0.5188,24,✓ Yes,completed
6,367,355,08-31,+9.1%,+3.73%,0.5187,25,✓ Yes,completed
6,367,356,08-31,+9.1%,+3.73%,0.5187,25,✓ Yes,completed
6,367,357,08-31,+9.0%,+3.73%,0.5186,25,✓ Yes,completed
6,367,357,08-31,+8.9%,+3.72%,0.5186,25,✓ Yes,completed
6,367,358,08-31,+8.9%,+3.72%,0.5186,25,✓ Yes,completed
6,367,359,08-31,+8.8%,+3.72%,0.5186,25,✓ Yes,completed
6,367,359,08-31,+8.7%,+3.72%,0.5186,25,✓ Yes,completed
6,367,360,08-31,+8.7%,+3.72%,0.5186,25,✓ Yes,completed
6,367,361,08-31,+8.5%,+3.72%,0.5186,26,✓ Yes,completed
6,367,361,08-31,+8.3%,+3.74%,0.5187,26,✓ Yes,completed
6,367,362,08-31,+8.3%,+3.74%,0.5187,26,✓ Yes,completed
6,367,363,08-31,+8.1%,+3.74%,0.5187,27,✓ Yes,completed
6,367,363,08-31,+7.9%,+3.67%,0.5183,27,✓ Yes,completed
6,367,364,08-31,+7.9%,+3.67%,0.5183,27,✓ Yes,completed
6,367,365,08-31,+7.7%,+3.57%,0.5179,29,✓ Yes,completed
6,367,365,08-31,+7.5%,+3.50%,0.5175,32,✓ Yes,completed
6,367,366,08-31,+7.5%,+3.50%,0.5175,32,✓ Yes,completed
6,367,367,08-31,+7.4%,+3.49%,0.5174,33,✓ Yes,completed
6,368,344,08-31,+10.0%,+14.79%,0.5739,24,✗ No,budget_exceeded
6,368,345,08-31,+10.0%,+14.69%,0.5735,24,✗ No,budget_exceeded
6,368,345,08-31,+10.0%,+14.62%,0.5731,24,✗ No,budget_exceeded
6,368,346,08-31,+10.0%,+14.62%,0.5731,24,✗ No,budget_exceeded
6,368,347,08-31,+10.0%,+14.46%,0.5723,24,✗ No,budget_exceeded
6,368,347,08-31,+9.9%,+3.88%,0.5194,24,✓ Yes,completed
6,368,348,08-31,+9.9%,+3.88%,0.5194,24,✓ Yes,completed
6,368,349,08-31,+9.8%,+3.86%,0.5193,24,✓ Yes,completed
6,368,349,08-31,+9.7%,+3.83%,0.5191,24,✓ Yes,completed
6,368,350,08-31,+9.7%,+3.83%,0.5191,24,✓ Yes,completed
6,368,351,08-31,+9.7%,+3.80%,0.5190,24,✓ Yes,completed
6,368,351,08-31,+9.6%,+3.78%,0.5189,24,✓ Yes,completed
6,368,352,08-31,+9.6%,+3.78%,0.5189,24,✓ Yes,completed
6,368,353,08-31,+9.5%,+3.77%,0.5188,24,✓ Yes,completed
6,368,353,08-31,+9.4%,+3.75%,0.5188,24,✓ Yes,completed
6,368,354,08-31,+9.3%,+3.75%,0.5188,24,✓ Yes,completed
6,368,355,08-31,+9.3%,+3.75%,0.5188,24,✓ Yes,completed
6,368,355,08-31,+8.9%,+3.72%,0.5186,25,✓ Yes,completed
6,368,356,08-31,+8.9%,+3.72%,0.5186,25,✓ Yes,completed
6,368,357,08-31,+8.9%,+3.72%,0.5186,25,✓ Yes,completed
6,368,357,08-31,+8.8%,+3.71%,0.5186,25,✓ Yes,completed
6,368,358,08-31,+8.7%,+3.72%,0.5186,25,✓ Yes,completed
6,368,359,08-31,+8.7%,+3.72%,0.5186,25,✓ Yes,completed
6,368,359,08-31,+8.6%,+3.72%,0.5186,25,✓ Yes,completed
6,368,360,08-31,+8.4%,+3.73%,0.5186,26,✓ Yes,completed
6,368,361,08-31,+8.4%,+3.73%,0.5186,26,✓ Yes,completed
6,368,362,08-31,+8.2%,+3.74%,0.5187,26,✓ Yes,completed
6,368,362,08-31,+8.0%,+3.68%,0.5184,27,✓ Yes,completed
6,368,363,08-31,+8.0%,+3.68%,0.5184,27,✓ Yes,completed
6,368,364,08-31,+7.7%,+3.59%,0.5179,27,✓ Yes,completed
6,368,364,08-31,+7.6%,+3.53%,0.5176,28,✓ Yes,completed
6,368,365,08-31,+7.6%,+3.53%,0.5176,28,✓ Yes,completed
6,368,366,08-31,+7.4%,+3.50%,0.5175,30,✓ Yes,completed
6,368,366,08-31,+7.3%,+3.46%,0.5173,31,✓ Yes,completed
6,368,367,08-31,+7.3%,+3.46%,0.5173,31,✓ Yes,completed
6,368,368,08-31,+7.1%,+3.41%,0.5170,33,✓ Yes,completed
6,369,344,08-31,+9.9%,+3.86%,0.5193,22,✓ Yes,completed
6,369,345,08-31,+9.8%,+3.85%,0.5192,22,✓ Yes,completed
6,369,345,08-31,+9.8%,+3.83%,0.5192,22,✓ Yes,completed
6,369,346,08-31,+9.8%,+3.83%,0.5192,22,✓ Yes,completed
6,369,347,08-31,+9.7%,+3.80%,0.5190,22,✓ Yes,completed
6,369,347,08-31,+9.6%,+3.78%,0.5189,22,✓ Yes,completed
6,369,348,08-31,+9.6%,+3.78%,0.5189,22,✓ Yes,completed
6,369,349,08-31,+9.5%,+3.76%,0.5188,22,✓ Yes,completed
6,369,349,08-31,+9.4%,+3.75%,0.5187,22,✓ Yes,completed
6,369,350,08-31,+9.4%,+3.75%,0.5187,22,✓ Yes,completed
6,369,351,08-31,+9.3%,+3.75%,0.5187,22,✓ Yes,completed
6,369,351,08-31,+9.3%,+3.75%,0.5187,22,✓ Yes,completed
6,369,352,08-31,+9.3%,+3.75%,0.5187,22,✓ Yes,completed
6,369,353,08-31,+9.2%,+3.75%,0.5187,22,✓ Yes,completed
6,369,353,08-31,+9.1%,+3.74%,0.5187,22,✓ Yes,completed
6,369,354,08-31,+9.1%,+3.74%,0.5187,22,✓ Yes,completed
6,369,355,08-31,+9.0%,+3.73%,0.5186,22,✓ Yes,completed
6,369,355,08-31,+8.6%,+3.72%,0.5186,23,✓ Yes,completed
6,369,356,08-31,+8.6%,+3.72%,0.5186,23,✓ Yes,completed
6,369,357,08-31,+8.6%,+3.72%,0.5186,23,✓ Yes,completed
6,369,357,08-31,+8.5%,+3.73%,0.5186,23,✓ Yes,completed
6,369,358,08-31,+8.5%,+3.73%,0.5186,23,✓ Yes,completed
6,369,359,08-31,+8.4%,+3.74%,0.5187,23,✓ Yes,completed
6,369,359,08-31,+8.3%,+3.74%,0.5187,23,✓ Yes,completed
6,369,360,08-31,+8.3%,+3.74%,0.5187,23,✓ Yes,completed
6,369,361,08-31,+8.1%,+3.74%,0.5187,24,✓ Yes,completed
6,369,361,08-31,+7.9%,+3.68%,0.5184,24,✓ Yes,completed
6,369,362,08-31,+7.9%,+3.68%,0.5184,24,✓ Yes,completed
6,369,363,08-31,+7.7%,+3.57%,0.5178,25,✓ Yes,completed
6,369,363,08-31,+7.5%,+3.52%,0.5176,25,✓ Yes,completed
6,369,364,08-31,+7.5%,+3.52%,0.5176,25,✓ Yes,completed
6,369,365,08-31,+7.3%,+3.50%,0.5175,26,✓ Yes,completed
6,369,365,08-31,+7.2%,+3.45%,0.5172,27,✓ Yes,completed
6,369,366,08-31,+7.2%,+3.45%,0.5172,27,✓ Yes,completed
6,369,367,08-31,+7.0%,+3.40%,0.5170,28,✓ Yes,completed
6,369,367,08-31,+6.9%,+3.34%,0.5167,29,✓ Yes,completed
6,369,368,08-31,+6.9%,+3.34%,0.5167,29,✓ Yes,completed
6,369,369,08-31,+6.6%,+3.27%,0.5163,32,✓ Yes,completed
6,370,344,08-31,+9.1%,+3.72%,0.5186,19,✓ Yes,completed
6,370,345,08-31,+9.1%,+3.71%,0.5186,19,✓ Yes,completed
6,370,345,08-31,+9.0%,+3.71%,0.5185,19,✓ Yes,completed
6,370,346,08-31,+9.0%,+3.71%,0.5185,19,✓ Yes,completed
6,370,347,08-31,+8.9%,+3.71%,0.5185,19,✓ Yes,completed
6,370,347,08-31,+8.8%,+3.70%,0.5185,19,✓ Yes,completed
6,370,348,08-31,+8.8%,+3.70%,0.5185,19,✓ Yes,completed
6,370,349,08-31,+8.8%,+3.70%,0.5185,19,✓ Yes,completed
6,370,349,08-31,+8.7%,+3.71%,0.5185,19,✓ Yes,completed
6,370,350,08-31,+8.7%,+3.71%,0.5185,19,✓ Yes,completed
6,370,351,08-31,+8.6%,+3.71%,0.5186,19,✓ Yes,completed
6,370,351,08-31,+8.6%,+3.72%,0.5186,19,✓ Yes,completed
6,370,352,08-31,+8.6%,+3.72%,0.5186,19,✓ Yes,completed
6,370,353,08-31,+8.5%,+3.72%,0.5186,19,✓ Yes,completed
6,370,353,08-31,+8.4%,+3.73%,0.5187,19,✓ Yes,completed
6,370,354,08-31,+8.4%,+3.74%,0.5187,19,✓ Yes,completed
6,370,355,08-31,+8.4%,+3.74%,0.5187,19,✓ Yes,completed
6,370,355,08-31,+7.9%,+3.67%,0.5183,20,✓ Yes,completed
6,370,356,08-31,+7.9%,+3.65%,0.5182,20,✓ Yes,completed
6,370,357,08-31,+7.9%,+3.65%,0.5182,20,✓ Yes,completed
6,370,357,08-31,+7.8%,+3.61%,0.5180,20,✓ Yes,completed
6,370,358,08-31,+7.7%,+3.57%,0.5178,20,✓ Yes,completed
6,370,359,08-31,+7.7%,+3.57%,0.5178,20,✓ Yes,completed
6,370,359,08-31,+7.6%,+3.55%,0.5178,20,✓ Yes,completed
6,370,360,08-31,+7.5%,+3.53%,0.5176,21,✓ Yes,completed
6,370,361,08-31,+7.5%,+3.53%,0.5176,21,✓ Yes,completed
6,370,361,08-31,+7.3%,+3.51%,0.5176,21,✓ Yes,completed
6,370,362,08-31,+7.2%,+3.46%,0.5173,22,✓ Yes,completed
6,370,363,08-31,+7.2%,+3.46%,0.5173,22,✓ Yes,completed
6,370,364,08-31,+7.0%,+3.39%,0.5170,22,✓ Yes,completed
6,370,364,08-31,+6.8%,+3.35%,0.5167,22,✓ Yes,completed
6,370,365,08-31,+6.8%,+3.35%,0.5167,22,✓ Yes,completed
6,370,366,08-31,+6.8%,+3.34%,0.5167,22,✓ Yes,completed
6,370,366,08-31,+6.7%,+3.32%,0.5166,22,✓ Yes,completed
6,370,367,08-31,+6.7%,+3.32%,0.5166,22,✓ Yes,completed
6,370,368,08-31,+6.6%,+3.31%,0.5165,22,✓ Yes,completed
6,370,368,08-31,+6.4%,+3.26%,0.5163,24,✓ Yes,completed
6,370,369,08-31,+6.4%,+3.26%,0.5163,24,✓ Yes,completed
6,370,370,08-31,+6.3%,+3.22%,0.5161,26,✓ Yes,completed
6,371,344,08-31,+8.5%,+3.71%,0.5186,16,✓ Yes,completed
6,371,345,08-31,+8.4%,+3.72%,0.5186,16,✓ Yes,completed
6,371,345,08-31,+8.4%,+3.72%,0.5186,16,✓ Yes,completed
6,371,346,08-31,+8.4%,+3.72%,0.5186,16,✓ Yes,completed
6,371,347,08-31,+8.3%,+3.73%,0.5186,16,✓ Yes,completed
6,371,347,08-31,+8.2%,+3.74%,0.5187,16,✓ Yes,completed
6,371,348,08-31,+8.2%,+3.74%,0.5187,16,✓ Yes,completed
6,371,349,08-31,+8.2%,+3.74%,0.5187,16,✓ Yes,completed
6,371,349,08-31,+8.1%,+3.74%,0.5187,16,✓ Yes,completed
6,371,350,08-31,+8.1%,+3.74%,0.5187,16,✓ Yes,completed
6,371,351,08-31,+8.1%,+3.73%,0.5187,16,✓ Yes,completed
6,371,351,08-31,+8.0%,+3.72%,0.5186,16,✓ Yes,completed
6,371,352,08-31,+8.0%,+3.72%,0.5186,16,✓ Yes,completed
6,371,353,08-31,+8.0%,+3.70%,0.5185,16,✓ Yes,completed
6,371,353,08-31,+7.9%,+3.66%,0.5183,16,✓ Yes,completed
6,371,354,08-31,+7.9%,+3.66%,0.5183,16,✓ Yes,completed
6,371,355,08-31,+7.9%,+3.65%,0.5183,16,✓ Yes,completed
6,371,355,08-31,+7.4%,+3.53%,0.5176,17,✓ Yes,completed
6,371,356,08-31,+7.4%,+3.53%,0.5176,17,✓ Yes,completed
6,371,357,08-31,+7.4%,+3.52%,0.5176,17,✓ Yes,completed
6,371,357,08-31,+7.3%,+3.51%,0.5176,17,✓ Yes,completed
6,371,358,08-31,+7.3%,+3.51%,0.5176,17,✓ Yes,completed
6,371,359,08-31,+7.2%,+3.49%,0.5175,17,✓ Yes,completed
6,371,359,08-31,+7.2%,+3.48%,0.5174,17,✓ Yes,completed
6,371,360,08-31,+7.2%,+3.48%,0.5174,17,✓ Yes,completed
6,371,361,08-31,+7.1%,+3.45%,0.5173,18,✓ Yes,completed
6,371,361,08-31,+7.0%,+3.40%,0.5170,18,✓ Yes,completed
6,371,362,08-31,+7.0%,+3.40%,0.5170,18,✓ Yes,completed
6,371,363,08-31,+6.8%,+3.34%,0.5167,19,✓ Yes,completed
6,371,363,08-31,+6.7%,+3.32%,0.5166,19,✓ Yes,completed
6,371,364,08-31,+6.7%,+3.32%,0.5166,19,✓ Yes,completed
6,371,365,08-31,+6.6%,+3.30%,0.5165,19,✓ Yes,completed
6,371,365,08-31,+6.5%,+3.30%,0.5165,19,✓ Yes,completed
6,371,366,08-31,+6.5%,+3.30%,0.5165,19,✓ Yes,completed
6,371,367,08-31,+6.5%,+3.29%,0.5165,19,✓ Yes,completed
6,371,367,08-31,+6.4%,+3.28%,0.5164,19,✓ Yes,completed
6,371,368,08-31,+6.4%,+3.28%,0.5164,19,✓ Yes,completed
6,371,369,08-31,+6.2%,+3.20%,0.5160,21,✓ Yes,completed
6,371,369,08-31,+6.1%,+3.15%,0.5158,21,✓ Yes,completed
6,371,370,08-31,+6.1%,+3.15%,0.5158,21,✓ Yes,completed
6,371,371,08-31,+6.0%,+3.12%,0.5156,22,✓ Yes,completed
6,365,344,09-01,+10.0%,+21.90%,0.6095,21,✗ No,budget_exceeded
6,365,345,09-01,+10.0%,+21.78%,0.6089,21,✗ No,budget_exceeded
6,365,345,09-01,+10.0%,+20.60%,0.6030,22,✗ No,budget_exceeded
6,365,346,09-01,+10.0%,+20.60%,0.6030,22,✗ No,budget_exceeded
6,365,347,09-01,+10.0%,+20.44%,0.6022,22,✗ No,budget_exceeded
6,365,347,09-01,+10.0%,+19.71%,0.5985,23,✗ No,budget_exceeded
6,365,348,09-01,+10.0%,+19.71%,0.5985,23,✗ No,budget_exceeded
6,365,349,09-01,+10.0%,+18.74%,0.5937,24,✗ No,budget_exceeded
6,365,349,09-01,+10.0%,+18.62%,0.5931,24,✗ No,budget_exceeded
6,365,350,09-01,+10.0%,+18.62%,0.5931,24,✗ No,budget_exceeded
6,365,351,09-01,+10.0%,+18.55%,0.5928,24,✗ No,budget_exceeded
6,365,351,09-01,+10.0%,+18.41%,0.5920,24,✗ No,budget_exceeded
6,365,352,09-01,+10.0%,+18.41%,0.5920,24,✗ No,budget_exceeded
6,365,353,09-01,+10.0%,+18.31%,0.5916,24,✗ No,budget_exceeded
6,365,353,09-01,+10.0%,+17.49%,0.5874,25,✗ No,budget_exceeded
6,365,354,09-01,+10.0%,+17.49%,0.5874,25,✗ No,budget_exceeded
6,365,355,09-01,+10.0%,+16.63%,0.5832,26,✗ No,budget_exceeded
6,365,355,09-01,+10.0%,+16.12%,0.5806,27,✗ No,budget_exceeded
6,365,356,09-01,+10.0%,+16.12%,0.5806,27,✗ No,budget_exceeded
6,365,357,09-01,+9.8%,+3.54%,0.5177,28,✓ Yes,completed
6,365,357,09-01,+9.6%,+3.50%,0.5175,28,✓ Yes,completed
6,365,358,09-01,+9.6%,+3.50%,0.5175,28,✓ Yes,completed
6,365,359,09-01,+9.3%,+3.45%,0.5173,29,✓ Yes,completed
6,365,359,09-01,+9.2%,+3.44%,0.5172,29,✓ Yes,completed
6,365,360,09-01,+9.2%,+3.44%,0.5172,29,✓ Yes,completed
6,365,361,09-01,+9.0%,+3.39%,0.5169,31,✓ Yes,completed
6,365,361,09-01,+8.8%,+3.33%,0.5167,31,✓ Yes,completed
6,365,362,09-01,+8.8%,+3.33%,0.5167,31,✓ Yes,completed
6,365,363,09-01,+8.6%,+3.30%,0.5165,35,✓ Yes,completed
6,365,363,09-01,+8.3%,+3.29%,0.5165,35,✓ Yes,completed
6,365,364,09-01,+8.3%,+3.29%,0.5165,35,✓ Yes,completed
6,365,365,09-01,+8.1%,+3.28%,0.5164,38,✓ Yes,completed
6,366,344,09-01,+10.0%,+18.65%,0.5932,23,✗ No,budget_exceeded
6,366,345,09-01,+10.0%,+18.56%,0.5928,23,✗ No,budget_exceeded
6,366,345,09-01,+10.0%,+18.46%,0.5923,23,✗ No,budget_exceeded
6,366,346,09-01,+10.0%,+18.46%,0.5923,23,✗ No,budget_exceeded
6,366,347,09-01,+10.0%,+18.30%,0.5915,23,✗ No,budget_exceeded
6,366,347,09-01,+10.0%,+17.57%,0.5879,24,✗ No,budget_exceeded
6,366,348,09-01,+10.0%,+17.57%,0.5879,24,✗ No,budget_exceeded
6,366,349,09-01,+10.0%,+16.65%,0.5832,25,✗ No,budget_exceeded
6,366,349,09-01,+10.0%,+16.50%,0.5825,25,✗ No,budget_exceeded
6,366,350,09-01,+10.0%,+16.50%,0.5825,25,✗ No,budget_exceeded
6,366,351,09-01,+10.0%,+16.41%,0.5820,25,✗ No,budget_exceeded
6,366,351,09-01,+10.0%,+16.29%,0.5814,25,✗ No,budget_exceeded
6,366,352,09-01,+10.0%,+16.19%,0.5810,25,✗ No,budget_exceeded
6,366,353,09-01,+10.0%,+16.19%,0.5810,25,✗ No,budget_exceeded
6,366,353,09-01,+10.0%,+16.14%,0.5807,25,✗ No,budget_exceeded
6,366,354,09-01,+10.0%,+3.57%,0.5178,25,✓ Yes,completed
6,366,355,09-01,+10.0%,+3.57%,0.5178,25,✓ Yes,completed
6,366,355,09-01,+9.6%,+3.49%,0.5175,26,✓ Yes,completed
6,366,356,09-01,+9.5%,+3.48%,0.5174,26,✓ Yes,completed
6,366,357,09-01,+9.5%,+3.48%,0.5174,26,✓ Yes,completed
6,366,357,09-01,+9.4%,+3.47%,0.5173,26,✓ Yes,completed
6,366,358,09-01,+9.1%,+3.41%,0.5171,27,✓ Yes,completed
6,366,359,09-01,+9.1%,+3.41%,0.5171,27,✓ Yes,completed
6,366,360,09-01,+9.0%,+3.38%,0.5169,27,✓ Yes,completed
6,366,360,09-01,+8.8%,+3.33%,0.5166,29,✓ Yes,completed
6,366,361,09-01,+8.8%,+3.33%,0.5166,29,✓ Yes,completed
6,366,362,09-01,+8.6%,+3.32%,0.5166,29,✓ Yes,completed
6,366,362,09-01,+8.4%,+3.31%,0.5165,31,✓ Yes,completed
6,366,363,09-01,+8.4%,+3.31%,0.5165,31,✓ Yes,completed
6,366,364,09-01,+8.2%,+3.30%,0.5165,31,✓ Yes,completed
6,366,364,09-01,+8.0%,+3.26%,0.5163,33,✓ Yes,completed
6,366,365,09-01,+8.0%,+3.26%,0.5163,33,✓ Yes,completed
6,366,366,09-01,+7.8%,+3.19%,0.5160,36,✓ Yes,completed
6,367,344,09-01,+10.0%,+16.48%,0.5824,24,✗ No,budget_exceeded
6,367,345,09-01,+10.0%,+16.38%,0.5819,24,✗ No,budget_exceeded
6,367,345,09-01,+10.0%,+16.31%,0.5816,24,✗ No,budget_exceeded
6,367,346,09-01,+10.0%,+16.31%,0.5816,24,✗ No,budget_exceeded
6,367,347,09-01,+10.0%,+16.15%,0.5807,24,✗ No,budget_exceeded
6,367,347,09-01,+10.0%,+16.05%,0.5803,24,✗ No,budget_exceeded
6,367,348,09-01,+10.0%,+16.05%,0.5803,24,✗ No,budget_exceeded
6,367,349,09-01,+10.0%,+3.55%,0.5178,24,✓ Yes,completed
6,367,349,09-01,+9.8%,+3.54%,0.5177,24,✓ Yes,completed
6,367,350,09-01,+9.8%,+3.54%,0.5177,24,✓ Yes,completed
6,367,351,09-01,+9.8%,+3.53%,0.5176,24,✓ Yes,completed
6,367,351,09-01,+9.7%,+3.51%,0.5176,24,✓ Yes,completed
6,367,352,09-01,+9.7%,+3.51%,0.5176,24,✓ Yes,completed
6,367,353,09-01,+9.6%,+3.49%,0.5175,24,✓ Yes,completed
6,367,353,09-01,+9.5%,+3.48%,0.5174,24,✓ Yes,completed
6,367,354,09-01,+9.5%,+3.48%,0.5174,24,✓ Yes,completed
6,367,355,09-01,+9.4%,+3.47%,0.5173,24,✓ Yes,completed
6,367,355,09-01,+9.1%,+3.41%,0.5170,25,✓ Yes,completed
6,367,356,09-01,+9.1%,+3.41%,0.5170,25,✓ Yes,completed
6,367,357,09-01,+9.0%,+3.39%,0.5170,25,✓ Yes,completed
6,367,357,09-01,+8.9%,+3.36%,0.5168,25,✓ Yes,completed
6,367,358,09-01,+8.9%,+3.36%,0.5168,25,✓ Yes,completed
6,367,359,09-01,+8.8%,+3.34%,0.5167,25,✓ Yes,completed
6,367,359,09-01,+8.7%,+3.33%,0.5166,25,✓ Yes,completed
6,367,360,09-01,+8.7%,+3.33%,0.5166,25,✓ Yes,completed
6,367,361,09-01,+8.5%,+3.33%,0.5166,26,✓ Yes,completed
6,367,361,09-01,+8.3%,+3.32%,0.5166,26,✓ Yes,completed
6,367,362,09-01,+8.3%,+3.32%,0.5166,26,✓ Yes,completed
6,367,363,09-01,+8.1%,+3.31%,0.5166,27,✓ Yes,completed
6,367,363,09-01,+7.9%,+3.26%,0.5163,27,✓ Yes,completed
6,367,364,09-01,+7.9%,+3.26%,0.5163,27,✓ Yes,completed
6,367,365,09-01,+7.7%,+3.19%,0.5160,29,✓ Yes,completed
6,367,365,09-01,+7.5%,+3.14%,0.5157,32,✓ Yes,completed
6,367,366,09-01,+7.5%,+3.14%,0.5157,32,✓ Yes,completed
6,367,367,09-01,+7.4%,+3.13%,0.5157,33,✓ Yes,completed
6,368,344,09-01,+10.0%,+16.33%,0.5816,24,✗ No,budget_exceeded
6,368,345,09-01,+10.0%,+16.24%,0.5812,24,✗ No,budget_exceeded
6,368,345,09-01,+10.0%,+16.16%,0.5808,24,✗ No,budget_exceeded
6,368,346,09-01,+10.0%,+16.16%,0.5808,24,✗ No,budget_exceeded
6,368,347,09-01,+10.0%,+16.00%,0.5800,24,✗ No,budget_exceeded
6,368,347,09-01,+9.9%,+3.55%,0.5177,24,✓ Yes,completed
6,368,348,09-01,+9.9%,+3.55%,0.5177,24,✓ Yes,completed
6,368,349,09-01,+9.8%,+3.54%,0.5177,24,✓ Yes,completed
6,368,349,09-01,+9.7%,+3.52%,0.5176,24,✓ Yes,completed
6,368,350,09-01,+9.7%,+3.52%,0.5176,24,✓ Yes,completed
6,368,351,09-01,+9.7%,+3.50%,0.5175,24,✓ Yes,completed
6,368,351,09-01,+9.6%,+3.48%,0.5174,24,✓ Yes,completed
6,368,352,09-01,+9.6%,+3.48%,0.5174,24,✓ Yes,completed
6,368,353,09-01,+9.5%,+3.47%,0.5173,24,✓ Yes,completed
6,368,353,09-01,+9.4%,+3.46%,0.5173,24,✓ Yes,completed
6,368,354,09-01,+9.3%,+3.46%,0.5173,24,✓ Yes,completed
6,368,355,09-01,+9.3%,+3.46%,0.5173,24,✓ Yes,completed
6,368,355,09-01,+8.9%,+3.37%,0.5169,25,✓ Yes,completed
6,368,356,09-01,+8.9%,+3.36%,0.5168,25,✓ Yes,completed
6,368,357,09-01,+8.9%,+3.36%,0.5168,25,✓ Yes,completed
6,368,357,09-01,+8.8%,+3.33%,0.5167,25,✓ Yes,completed
6,368,358,09-01,+8.7%,+3.33%,0.5166,25,✓ Yes,completed
6,368,359,09-01,+8.7%,+3.33%,0.5166,25,✓ Yes,completed
6,368,359,09-01,+8.6%,+3.33%,0.5166,25,✓ Yes,completed
6,368,360,09-01,+8.4%,+3.32%,0.5166,26,✓ Yes,completed
6,368,361,09-01,+8.4%,+3.32%,0.5166,26,✓ Yes,completed
6,368,362,09-01,+8.2%,+3.32%,0.5166,26,✓ Yes,completed
6,368,362,09-01,+8.0%,+3.27%,0.5164,27,✓ Yes,completed
6,368,363,09-01,+8.0%,+3.27%,0.5164,27,✓ Yes,completed
6,368,364,09-01,+7.7%,+3.20%,0.5160,27,✓ Yes,completed
6,368,364,09-01,+7.6%,+3.17%,0.5158,28,✓ Yes,completed
6,368,365,09-01,+7.6%,+3.17%,0.5158,28,✓ Yes,completed
6,368,366,09-01,+7.4%,+3.15%,0.5157,30,✓ Yes,completed
6,368,366,09-01,+7.3%,+3.13%,0.5156,31,✓ Yes,completed
6,368,367,09-01,+7.3%,+3.13%,0.5156,31,✓ Yes,completed
6,368,368,09-01,+7.1%,+3.10%,0.5155,33,✓ Yes,completed
6,369,344,09-01,+9.9%,+3.53%,0.5177,22,✓ Yes,completed
6,369,345,09-01,+9.8%,+3.53%,0.5176,22,✓ Yes,completed
6,369,345,09-01,+9.8%,+3.52%,0.5176,22,✓ Yes,completed
6,369,346,09-01,+9.8%,+3.52%,0.5176,22,✓ Yes,completed
6,369,347,09-01,+9.7%,+3.50%,0.5175,22,✓ Yes,completed
6,369,347,09-01,+9.6%,+3.48%,0.5174,22,✓ Yes,completed
6,369,348,09-01,+9.6%,+3.48%,0.5174,22,✓ Yes,completed
6,369,349,09-01,+9.5%,+3.47%,0.5173,22,✓ Yes,completed
6,369,349,09-01,+9.4%,+3.46%,0.5173,22,✓ Yes,completed
6,369,350,09-01,+9.4%,+3.46%,0.5173,22,✓ Yes,completed
6,369,351,09-01,+9.3%,+3.45%,0.5173,22,✓ Yes,completed
6,369,351,09-01,+9.3%,+3.45%,0.5173,22,✓ Yes,completed
6,369,352,09-01,+9.3%,+3.45%,0.5173,22,✓ Yes,completed
6,369,353,09-01,+9.2%,+3.44%,0.5172,22,✓ Yes,completed
6,369,353,09-01,+9.1%,+3.41%,0.5171,22,✓ Yes,completed
6,369,354,09-01,+9.1%,+3.41%,0.5171,22,✓ Yes,completed
6,369,355,09-01,+9.0%,+3.40%,0.5170,22,✓ Yes,completed
6,369,355,09-01,+8.6%,+3.33%,0.5166,23,✓ Yes,completed
6,369,356,09-01,+8.6%,+3.33%,0.5166,23,✓ Yes,completed
6,369,357,09-01,+8.6%,+3.33%,0.5166,23,✓ Yes,completed
6,369,357,09-01,+8.5%,+3.33%,0.5166,23,✓ Yes,completed
6,369,358,09-01,+8.5%,+3.33%,0.5166,23,✓ Yes,completed
6,369,359,09-01,+8.4%,+3.33%,0.5166,23,✓ Yes,completed
6,369,359,09-01,+8.3%,+3.33%,0.5166,23,✓ Yes,completed
6,369,360,09-01,+8.3%,+3.33%,0.5166,23,✓ Yes,completed
6,369,361,09-01,+8.1%,+3.32%,0.5166,24,✓ Yes,completed
6,369,361,09-01,+7.9%,+3.27%,0.5164,24,✓ Yes,completed
6,369,362,09-01,+7.9%,+3.27%,0.5164,24,✓ Yes,completed
6,369,363,09-01,+7.7%,+3.19%,0.5160,25,✓ Yes,completed
6,369,363,09-01,+7.5%,+3.16%,0.5158,25,✓ Yes,completed
6,369,364,09-01,+7.5%,+3.16%,0.5158,25,✓ Yes,completed
6,369,365,09-01,+7.3%,+3.16%,0.5158,26,✓ Yes,completed
6,369,365,09-01,+7.2%,+3.13%,0.5156,27,✓ Yes,completed
6,369,366,09-01,+7.2%,+3.13%,0.5156,27,✓ Yes,completed
6,369,367,09-01,+7.0%,+3.11%,0.5155,28,✓ Yes,completed
6,369,367,09-01,+6.9%,+3.10%,0.5155,29,✓ Yes,completed
6,369,368,09-01,+6.9%,+3.10%,0.5155,29,✓ Yes,completed
6,369,369,09-01,+6.6%,+3.10%,0.5155,32,✓ Yes,completed
6,370,344,09-01,+9.1%,+3.40%,0.5170,19,✓ Yes,completed
6,370,345,09-01,+9.1%,+3.39%,0.5169,19,✓ Yes,completed
6,370,345,09-01,+9.0%,+3.37%,0.5169,19,✓ Yes,completed
6,370,346,09-01,+9.0%,+3.37%,0.5169,19,✓ Yes,completed
6,370,347,09-01,+8.9%,+3.36%,0.5168,19,✓ Yes,completed
6,370,347,09-01,+8.8%,+3.34%,0.5167,19,✓ Yes,completed
6,370,348,09-01,+8.8%,+3.34%,0.5167,19,✓ Yes,completed
6,370,349,09-01,+8.8%,+3.33%,0.5166,19,✓ Yes,completed
6,370,349,09-01,+8.7%,+3.32%,0.5166,19,✓ Yes,completed
6,370,350,09-01,+8.7%,+3.32%,0.5166,19,✓ Yes,completed
6,370,351,09-01,+8.6%,+3.32%,0.5166,19,✓ Yes,completed
6,370,351,09-01,+8.6%,+3.32%,0.5166,19,✓ Yes,completed
6,370,352,09-01,+8.6%,+3.32%,0.5166,19,✓ Yes,completed
6,370,353,09-01,+8.5%,+3.33%,0.5166,19,✓ Yes,completed
6,370,353,09-01,+8.4%,+3.33%,0.5166,19,✓ Yes,completed
6,370,354,09-01,+8.4%,+3.33%,0.5166,19,✓ Yes,completed
6,370,355,09-01,+8.4%,+3.33%,0.5166,19,✓ Yes,completed
6,370,355,09-01,+7.9%,+3.26%,0.5163,20,✓ Yes,completed
6,370,356,09-01,+7.9%,+3.25%,0.5162,20,✓ Yes,completed
6,370,357,09-01,+7.9%,+3.25%,0.5162,20,✓ Yes,completed
6,370,357,09-01,+7.8%,+3.22%,0.5161,20,✓ Yes,completed
6,370,358,09-01,+7.7%,+3.20%,0.5160,20,✓ Yes,completed
6,370,359,09-01,+7.7%,+3.20%,0.5160,20,✓ Yes,completed
6,370,359,09-01,+7.6%,+3.19%,0.5159,20,✓ Yes,completed
6,370,360,09-01,+7.5%,+3.17%,0.5159,21,✓ Yes,completed
6,370,361,09-01,+7.5%,+3.17%,0.5159,21,✓ Yes,completed
6,370,361,09-01,+7.3%,+3.17%,0.5158,21,✓ Yes,completed
6,370,362,09-01,+7.2%,+3.14%,0.5157,22,✓ Yes,completed
6,370,363,09-01,+7.2%,+3.14%,0.5157,22,✓ Yes,completed
6,370,364,09-01,+7.0%,+3.12%,0.5156,22,✓ Yes,completed
6,370,364,09-01,+6.8%,+3.12%,0.5156,22,✓ Yes,completed
6,370,365,09-01,+6.8%,+3.12%,0.5156,22,✓ Yes,completed
6,370,366,09-01,+6.8%,+3.12%,0.5156,22,✓ Yes,completed
6,370,366,09-01,+6.7%,+3.13%,0.5156,22,✓ Yes,completed
6,370,367,09-01,+6.7%,+3.13%,0.5156,22,✓ Yes,completed
6,370,368,09-01,+6.6%,+3.13%,0.5157,22,✓ Yes,completed
6,370,368,09-01,+6.4%,+3.13%,0.5157,24,✓ Yes,completed
6,370,369,09-01,+6.4%,+3.13%,0.5157,24,✓ Yes,completed
6,370,370,09-01,+6.3%,+3.12%,0.5156,26,✓ Yes,completed
6,371,344,09-01,+8.5%,+3.31%,0.5165,16,✓ Yes,completed
6,371,345,09-01,+8.4%,+3.31%,0.5166,16,✓ Yes,completed
6,371,345,09-01,+8.4%,+3.31%,0.5166,16,✓ Yes,completed
6,371,346,09-01,+8.4%,+3.31%,0.5166,16,✓ Yes,completed
6,371,347,09-01,+8.3%,+3.31%,0.5166,16,✓ Yes,completed
6,371,347,09-01,+8.2%,+3.32%,0.5166,16,✓ Yes,completed
6,371,348,09-01,+8.2%,+3.32%,0.5166,16,✓ Yes,completed
6,371,349,09-01,+8.2%,+3.32%,0.5166,16,✓ Yes,completed
6,371,349,09-01,+8.1%,+3.32%,0.5166,16,✓ Yes,completed
6,371,350,09-01,+8.1%,+3.32%,0.5166,16,✓ Yes,completed
6,371,351,09-01,+8.1%,+3.31%,0.5166,16,✓ Yes,completed
6,371,351,09-01,+8.0%,+3.31%,0.5165,16,✓ Yes,completed
6,371,352,09-01,+8.0%,+3.31%,0.5165,16,✓ Yes,completed
6,371,353,09-01,+8.0%,+3.29%,0.5165,16,✓ Yes,completed
6,371,353,09-01,+7.9%,+3.26%,0.5163,16,✓ Yes,completed
6,371,354,09-01,+7.9%,+3.26%,0.5163,16,✓ Yes,completed
6,371,355,09-01,+7.9%,+3.25%,0.5163,16,✓ Yes,completed
6,371,355,09-01,+7.4%,+3.17%,0.5159,17,✓ Yes,completed
6,371,356,09-01,+7.4%,+3.17%,0.5159,17,✓ Yes,completed
6,371,357,09-01,+7.4%,+3.17%,0.5159,17,✓ Yes,completed
6,371,357,09-01,+7.3%,+3.17%,0.5158,17,✓ Yes,completed
6,371,358,09-01,+7.3%,+3.17%,0.5158,17,✓ Yes,completed
6,371,359,09-01,+7.2%,+3.16%,0.5158,17,✓ Yes,completed
6,371,359,09-01,+7.2%,+3.15%,0.5158,17,✓ Yes,completed
6,371,360,09-01,+7.2%,+3.15%,0.5158,17,✓ Yes,completed
6,371,361,09-01,+7.1%,+3.14%,0.5157,18,✓ Yes,completed
6,371,361,09-01,+7.0%,+3.13%,0.5157,18,✓ Yes,completed
6,371,362,09-01,+7.0%,+3.13%,0.5157,18,✓ Yes,completed
6,371,363,09-01,+6.8%,+3.13%,0.5156,19,✓ Yes,completed
6,371,363,09-01,+6.7%,+3.14%,0.5157,19,✓ Yes,completed
6,371,364,09-01,+6.7%,+3.14%,0.5157,19,✓ Yes,completed
6,371,365,09-01,+6.6%,+3.14%,0.5157,19,✓ Yes,completed
6,371,365,09-01,+6.5%,+3.15%,0.5157,19,✓ Yes,completed
6,371,366,09-01,+6.5%,+3.15%,0.5157,19,✓ Yes,completed
6,371,367,09-01,+6.5%,+3.15%,0.5157,19,✓ Yes,completed
6,371,367,09-01,+6.4%,+3.15%,0.5157,19,✓ Yes,completed
6,371,368,09-01,+6.4%,+3.15%,0.5157,19,✓ Yes,completed
6,371,369,09-01,+6.2%,+3.10%,0.5155,21,✓ Yes,completed
6,371,369,09-01,+6.1%,+3.06%,0.5153,21,✓ Yes,completed
6,371,370,09-01,+6.1%,+3.06%,0.5153,21,✓ Yes,completed
6,371,371,09-01,+6.0%,+3.03%,0.5151,22,✓ Yes,completed
7,364,353,08-29,+10.0%,+12.08%,0.5604,25,✗ No,budget_exceeded
7,364,354,08-29,+10.0%,+12.08%,0.5604,25,✗ No,budget_exceeded
7,364,354,08-29,+10.0%,+12.08%,0.5604,25,✗ No,budget_exceeded
7,364,354,08-29,+10.0%,+11.21%,0.5561,26,✗ No,budget_exceeded
7,364,355,08-29,+10.0%,+11.21%,0.5561,26,✗ No,budget_exceeded
7,364,355,08-29,+10.0%,+11.21%,0.5561,26,✗ No,budget_exceeded
7,364,355,08-29,+10.0%,+10.69%,0.5535,27,✗ No,budget_exceeded
7,364,355,08-29,+10.0%,+10.69%,0.5535,27,✗ No,budget_exceeded
7,364,356,08-29,+10.0%,+10.69%,0.5535,27,✗ No,budget_exceeded
7,364,356,08-29,+9.8%,+3.54%,0.5177,28,✓ Yes,completed
7,364,356,08-29,+9.8%,+3.54%,0.5177,28,✓ Yes,completed
7,364,357,08-29,+9.8%,+3.54%,0.5177,28,✓ Yes,completed
7,364,357,08-29,+9.8%,+3.54%,0.5177,28,✓ Yes,completed
7,364,357,08-29,+9.6%,+3.47%,0.5173,28,✓ Yes,completed
7,364,358,08-29,+9.6%,+3.47%,0.5173,28,✓ Yes,completed
7,364,358,08-29,+9.6%,+3.47%,0.5173,28,✓ Yes,completed
7,364,358,08-29,+9.3%,+3.34%,0.5167,29,✓ Yes,completed
7,364,359,08-29,+9.3%,+3.34%,0.5167,29,✓ Yes,completed
7,364,359,08-29,+9.3%,+3.34%,0.5167,29,✓ Yes,completed
7,364,359,08-29,+9.2%,+3.32%,0.5166,29,✓ Yes,completed
7,364,359,08-29,+9.2%,+3.32%,0.5166,29,✓ Yes,completed
7,364,360,08-29,+9.2%,+3.32%,0.5166,29,✓ Yes,completed
7,364,360,08-29,+9.0%,+3.21%,0.5161,31,✓ Yes,completed
7,364,360,08-29,+9.0%,+3.21%,0.5161,31,✓ Yes,completed
7,364,361,08-29,+9.0%,+3.21%,0.5161,31,✓ Yes,completed
7,364,361,08-29,+8.8%,+3.10%,0.5155,31,✓ Yes,completed
7,364,361,08-29,+8.8%,+3.10%,0.5155,31,✓ Yes,completed
7,364,362,08-29,+8.8%,+3.10%,0.5155,31,✓ Yes,completed
7,364,362,08-29,+8.8%,+3.10%,0.5155,31,✓ Yes,completed
7,364,362,08-29,+8.6%,+2.98%,0.5149,35,✓ Yes,completed
7,364,363,08-29,+8.6%,+2.98%,0.5149,35,✓ Yes,completed
7,364,363,08-29,+8.6%,+2.98%,0.5149,35,✓ Yes,completed
7,364,363,08-29,+8.3%,+2.87%,0.5144,35,✓ Yes,completed
7,364,364,08-29,+8.3%,+2.87%,0.5144,35,✓ Yes,completed
7,364,364,08-29,+8.3%,+2.87%,0.5144,35,✓ Yes,completed
7,364,364,08-29,+8.1%,+2.78%,0.5139,38,✓ Yes,completed
7,365,353,08-29,+10.0%,+10.72%,0.5536,25,✗ No,budget_exceeded
7,365,354,08-29,+10.0%,+10.72%,0.5536,25,✗ No,budget_exceeded
7,365,354,08-29,+10.0%,+10.72%,0.5536,25,✗ No,budget_exceeded
7,365,354,08-29,+10.0%,+3.61%,0.5181,25,✓ Yes,completed
7,365,354,08-29,+10.0%,+3.61%,0.5181,25,✓ Yes,completed
7,365,355,08-29,+10.0%,+3.61%,0.5181,25,✓ Yes,completed
7,365,355,08-29,+9.6%,+3.44%,0.5172,26,✓ Yes,completed
7,365,355,08-29,+9.6%,+3.44%,0.5172,26,✓ Yes,completed
7,365,356,08-29,+9.6%,+3.44%,0.5172,26,✓ Yes,completed
7,365,356,08-29,+9.5%,+3.42%,0.5171,26,✓ Yes,completed
7,365,356,08-29,+9.5%,+3.42%,0.5171,26,✓ Yes,completed
7,365,357,08-29,+9.5%,+3.42%,0.5171,26,✓ Yes,completed
7,365,357,08-29,+9.5%,+3.42%,0.5171,26,✓ Yes,completed
7,365,357,08-29,+9.4%,+3.37%,0.5168,26,✓ Yes,completed
7,365,358,08-29,+9.4%,+3.37%,0.5168,26,✓ Yes,completed
7,365,358,08-29,+9.4%,+3.37%,0.5168,26,✓ Yes,completed
7,365,358,08-29,+9.1%,+3.26%,0.5163,27,✓ Yes,completed
7,365,358,08-29,+9.1%,+3.26%,0.5163,27,✓ Yes,completed
7,365,359,08-29,+9.1%,+3.26%,0.5163,27,✓ Yes,completed
7,365,359,08-29,+9.0%,+3.19%,0.5160,27,✓ Yes,completed
7,365,359,08-29,+9.0%,+3.19%,0.5160,27,✓ Yes,completed
7,365,360,08-29,+9.0%,+3.19%,0.5160,27,✓ Yes,completed
7,365,360,08-29,+9.0%,+3.19%,0.5160,27,✓ Yes,completed
7,365,360,08-29,+8.8%,+3.09%,0.5154,29,✓ Yes,completed
7,365,361,08-29,+8.8%,+3.09%,0.5154,29,✓ Yes,completed
7,365,361,08-29,+8.8%,+3.09%,0.5154,29,✓ Yes,completed
7,365,361,08-29,+8.6%,+3.01%,0.5150,29,✓ Yes,completed
7,365,362,08-29,+8.6%,+3.01%,0.5150,29,✓ Yes,completed
7,365,362,08-29,+8.6%,+3.01%,0.5150,29,✓ Yes,completed
7,365,362,08-29,+8.4%,+2.92%,0.5146,31,✓ Yes,completed
7,365,362,08-29,+8.4%,+2.92%,0.5146,31,✓ Yes,completed
7,365,363,08-29,+8.4%,+2.92%,0.5146,31,✓ Yes,completed
7,365,363,08-29,+8.2%,+2.83%,0.5141,31,✓ Yes,completed
7,365,363,08-29,+8.2%,+2.83%,0.5141,31,✓ Yes,completed
7,365,364,08-29,+8.2%,+2.83%,0.5141,31,✓ Yes,completed
7,365,364,08-29,+8.2%,+2.83%,0.5141,31,✓ Yes,completed
7,365,364,08-29,+8.0%,+2.68%,0.5134,33,✓ Yes,completed
7,365,365,08-29,+8.0%,+2.68%,0.5134,33,✓ Yes,completed
7,365,365,08-29,+8.0%,+2.68%,0.5134,33,✓ Yes,completed
7,365,365,08-29,+7.8%,+2.53%,0.5127,36,✓ Yes,completed
7,366,353,08-29,+9.5%,+3.41%,0.5170,24,✓ Yes,completed
7,366,354,08-29,+9.5%,+3.41%,0.5170,24,✓ Yes,completed
7,366,354,08-29,+9.5%,+3.41%,0.5170,24,✓ Yes,completed
7,366,354,08-29,+9.4%,+3.38%,0.5169,24,✓ Yes,completed
7,366,354,08-29,+9.4%,+3.38%,0.5169,24,✓ Yes,completed
7,366,355,08-29,+9.4%,+3.38%,0.5169,24,✓ Yes,completed
7,366,355,08-29,+9.1%,+3.24%,0.5162,25,✓ Yes,completed
7,366,355,08-29,+9.1%,+3.24%,0.5162,25,✓ Yes,completed
7,366,356,08-29,+9.1%,+3.24%,0.5162,25,✓ Yes,completed
7,366,356,08-29,+9.0%,+3.21%,0.5161,25,✓ Yes,completed
7,366,356,08-29,+9.0%,+3.21%,0.5161,25,✓ Yes,completed
7,366,357,08-29,+9.0%,+3.21%,0.5161,25,✓ Yes,completed
7,366,357,08-29,+9.0%,+3.21%,0.5161,25,✓ Yes,completed
7,366,357,08-29,+8.9%,+3.15%,0.5158,25,✓ Yes,completed
7,366,358,08-29,+8.9%,+3.15%,0.5158,25,✓ Yes,completed
7,366,358,08-29,+8.9%,+3.15%,0.5158,25,✓ Yes,completed
7,366,358,08-29,+8.8%,+3.09%,0.5154,25,✓ Yes,completed
7,366,358,08-29,+8.8%,+3.09%,0.5154,25,✓ Yes,completed
7,366,359,08-29,+8.8%,+3.09%,0.5154,25,✓ Yes,completed
7,366,359,08-29,+8.7%,+3.05%,0.5152,25,✓ Yes,completed
7,366,359,08-29,+8.7%,+3.05%,0.5152,25,✓ Yes,completed
7,366,360,08-29,+8.7%,+3.05%,0.5152,25,✓ Yes,completed
7,366,360,08-29,+8.5%,+2.98%,0.5149,26,✓ Yes,completed
7,366,360,08-29,+8.5%,+2.98%,0.5149,26,✓ Yes,completed
7,366,361,08-29,+8.5%,+2.98%,0.5149,26,✓ Yes,completed
7,366,361,08-29,+8.5%,+2.98%,0.5149,26,✓ Yes,completed
7,366,361,08-29,+8.3%,+2.91%,0.5145,26,✓ Yes,completed
7,366,362,08-29,+8.3%,+2.91%,0.5145,26,✓ Yes,completed
7,366,362,08-29,+8.3%,+2.91%,0.5145,26,✓ Yes,completed
7,366,362,08-29,+8.1%,+2.82%,0.5141,27,✓ Yes,completed
7,366,362,08-29,+8.1%,+2.82%,0.5141,27,✓ Yes,completed
7,366,363,08-29,+8.1%,+2.82%,0.5141,27,✓ Yes,completed
7,366,363,08-29,+7.9%,+2.66%,0.5133,27,✓ Yes,completed
7,366,363,08-29,+7.9%,+2.66%,0.5133,27,✓ Yes,completed
7,366,364,08-29,+7.9%,+2.66%,0.5133,27,✓ Yes,completed
7,366,364,08-29,+7.7%,+2.50%,0.5125,29,✓ Yes,completed
7,366,364,08-29,+7.7%,+2.50%,0.5125,29,✓ Yes,completed
7,366,365,08-29,+7.7%,+2.50%,0.5125,29,✓ Yes,completed
7,366,365,08-29,+7.7%,+2.50%,0.5125,29,✓ Yes,completed
7,366,365,08-29,+7.5%,+2.34%,0.5117,32,✓ Yes,completed
7,366,366,08-29,+7.5%,+2.34%,0.5117,32,✓ Yes,completed
7,366,366,08-29,+7.5%,+2.34%,0.5117,32,✓ Yes,completed
7,366,366,08-29,+7.4%,+2.28%,0.5114,33,✓ Yes,completed
7,364,353,08-30,+10.0%,+14.24%,0.5712,25,✗ No,budget_exceeded
7,364,354,08-30,+10.0%,+14.24%,0.5712,25,✗ No,budget_exceeded
7,364,354,08-30,+10.0%,+14.24%,0.5712,25,✗ No,budget_exceeded
7,364,354,08-30,+10.0%,+13.38%,0.5669,26,✗ No,budget_exceeded
7,364,355,08-30,+10.0%,+13.38%,0.5669,26,✗ No,budget_exceeded
7,364,355,08-30,+10.0%,+13.38%,0.5669,26,✗ No,budget_exceeded
7,364,355,08-30,+10.0%,+12.86%,0.5643,27,✗ No,budget_exceeded
7,364,355,08-30,+10.0%,+12.86%,0.5643,27,✗ No,budget_exceeded
7,364,356,08-30,+10.0%,+12.86%,0.5643,27,✗ No,budget_exceeded
7,364,356,08-30,+9.8%,+4.06%,0.5203,28,✓ Yes,completed
7,364,356,08-30,+9.8%,+4.06%,0.5203,28,✓ Yes,completed
7,364,357,08-30,+9.8%,+4.06%,0.5203,28,✓ Yes,completed
7,364,357,08-30,+9.8%,+4.06%,0.5203,28,✓ Yes,completed
7,364,357,08-30,+9.6%,+3.99%,0.5200,28,✓ Yes,completed
7,364,358,08-30,+9.6%,+3.99%,0.5200,28,✓ Yes,completed
7,364,358,08-30,+9.6%,+3.99%,0.5200,28,✓ Yes,completed
7,364,358,08-30,+9.3%,+3.91%,0.5195,29,✓ Yes,completed
7,364,359,08-30,+9.3%,+3.91%,0.5195,29,✓ Yes,completed
7,364,359,08-30,+9.3%,+3.91%,0.5195,29,✓ Yes,completed
7,364,359,08-30,+9.2%,+3.90%,0.5195,29,✓ Yes,completed
7,364,359,08-30,+9.2%,+3.90%,0.5195,29,✓ Yes,completed
7,364,360,08-30,+9.2%,+3.90%,0.5195,29,✓ Yes,completed
7,364,360,08-30,+9.0%,+3.84%,0.5192,31,✓ Yes,completed
7,364,360,08-30,+9.0%,+3.84%,0.5192,31,✓ Yes,completed
7,364,361,08-30,+9.0%,+3.84%,0.5192,31,✓ Yes,completed
7,364,361,08-30,+8.8%,+3.78%,0.5189,31,✓ Yes,completed
7,364,361,08-30,+8.8%,+3.78%,0.5189,31,✓ Yes,completed
7,364,362,08-30,+8.8%,+3.78%,0.5189,31,✓ Yes,completed
7,364,362,08-30,+8.8%,+3.78%,0.5189,31,✓ Yes,completed
7,364,362,08-30,+8.6%,+3.69%,0.5185,35,✓ Yes,completed
7,364,363,08-30,+8.6%,+3.69%,0.5185,35,✓ Yes,completed
7,364,363,08-30,+8.6%,+3.69%,0.5185,35,✓ Yes,completed
7,364,363,08-30,+8.3%,+3.65%,0.5183,35,✓ Yes,completed
7,364,364,08-30,+8.3%,+3.65%,0.5183,35,✓ Yes,completed
7,364,364,08-30,+8.3%,+3.65%,0.5183,35,✓ Yes,completed
7,364,364,08-30,+8.1%,+3.61%,0.5180,38,✓ Yes,completed
7,365,353,08-30,+10.0%,+12.88%,0.5644,25,✗ No,budget_exceeded
7,365,354,08-30,+10.0%,+12.88%,0.5644,25,✗ No,budget_exceeded
7,365,354,08-30,+10.0%,+12.88%,0.5644,25,✗ No,budget_exceeded
7,365,354,08-30,+10.0%,+4.13%,0.5206,25,✓ Yes,completed
7,365,354,08-30,+10.0%,+4.13%,0.5206,25,✓ Yes,completed
7,365,355,08-30,+10.0%,+4.13%,0.5206,25,✓ Yes,completed
7,365,355,08-30,+9.6%,+3.97%,0.5199,26,✓ Yes,completed
7,365,355,08-30,+9.6%,+3.97%,0.5199,26,✓ Yes,completed
7,365,356,08-30,+9.6%,+3.97%,0.5199,26,✓ Yes,completed
7,365,356,08-30,+9.5%,+3.95%,0.5198,26,✓ Yes,completed
7,365,356,08-30,+9.5%,+3.95%,0.5198,26,✓ Yes,completed
7,365,357,08-30,+9.5%,+3.95%,0.5198,26,✓ Yes,completed
7,365,357,08-30,+9.5%,+3.95%,0.5198,26,✓ Yes,completed
7,365,357,08-30,+9.4%,+3.92%,0.5196,26,✓ Yes,completed
7,365,358,08-30,+9.4%,+3.92%,0.5196,26,✓ Yes,completed
7,365,358,08-30,+9.4%,+3.92%,0.5196,26,✓ Yes,completed
7,365,358,08-30,+9.1%,+3.87%,0.5193,27,✓ Yes,completed
7,365,358,08-30,+9.1%,+3.87%,0.5193,27,✓ Yes,completed
7,365,359,08-30,+9.1%,+3.87%,0.5193,27,✓ Yes,completed
7,365,359,08-30,+9.0%,+3.84%,0.5192,27,✓ Yes,completed
7,365,359,08-30,+9.0%,+3.84%,0.5192,27,✓ Yes,completed
7,365,360,08-30,+9.0%,+3.84%,0.5192,27,✓ Yes,completed
7,365,360,08-30,+9.0%,+3.84%,0.5192,27,✓ Yes,completed
7,365,360,08-30,+8.8%,+3.77%,0.5189,29,✓ Yes,completed
7,365,361,08-30,+8.8%,+3.77%,0.5189,29,✓ Yes,completed
7,365,361,08-30,+8.8%,+3.77%,0.5189,29,✓ Yes,completed
7,365,361,08-30,+8.6%,+3.72%,0.5186,29,✓ Yes,completed
7,365,362,08-30,+8.6%,+3.72%,0.5186,29,✓ Yes,completed
7,365,362,08-30,+8.6%,+3.72%,0.5186,29,✓ Yes,completed
7,365,362,08-30,+8.4%,+3.68%,0.5184,31,✓ Yes,completed
7,365,362,08-30,+8.4%,+3.68%,0.5184,31,✓ Yes,completed
7,365,363,08-30,+8.4%,+3.68%,0.5184,31,✓ Yes,completed
7,365,363,08-30,+8.2%,+3.64%,0.5182,31,✓ Yes,completed
7,365,363,08-30,+8.2%,+3.64%,0.5182,31,✓ Yes,completed
7,365,364,08-30,+8.2%,+3.64%,0.5182,31,✓ Yes,completed
7,365,364,08-30,+8.2%,+3.64%,0.5182,31,✓ Yes,completed
7,365,364,08-30,+8.0%,+3.57%,0.5178,33,✓ Yes,completed
7,365,365,08-30,+8.0%,+3.57%,0.5178,33,✓ Yes,completed
7,365,365,08-30,+8.0%,+3.57%,0.5178,33,✓ Yes,completed
7,365,365,08-30,+7.8%,+3.48%,0.5174,36,✓ Yes,completed
7,366,353,08-30,+9.5%,+3.94%,0.5197,24,✓ Yes,completed
7,366,354,08-30,+9.5%,+3.94%,0.5197,24,✓ Yes,completed
7,366,354,08-30,+9.5%,+3.94%,0.5197,24,✓ Yes,completed
7,366,354,08-30,+9.4%,+3.93%,0.5197,24,✓ Yes,completed
7,366,354,08-30,+9.4%,+3.93%,0.5197,24,✓ Yes,completed
7,366,355,08-30,+9.4%,+3.93%,0.5197,24,✓ Yes,completed
7,366,355,08-30,+9.1%,+3.86%,0.5193,25,✓ Yes,completed
7,366,355,08-30,+9.1%,+3.86%,0.5193,25,✓ Yes,completed
7,366,356,08-30,+9.1%,+3.86%,0.5193,25,✓ Yes,completed
7,366,356,08-30,+9.0%,+3.85%,0.5192,25,✓ Yes,completed
7,366,356,08-30,+9.0%,+3.85%,0.5192,25,✓ Yes,completed
7,366,357,08-30,+9.0%,+3.85%,0.5192,25,✓ Yes,completed
7,366,357,08-30,+9.0%,+3.85%,0.5192,25,✓ Yes,completed
7,366,357,08-30,+8.9%,+3.81%,0.5191,25,✓ Yes,completed
7,366,358,08-30,+8.9%,+3.81%,0.5191,25,✓ Yes,completed
7,366,358,08-30,+8.9%,+3.81%,0.5191,25,✓ Yes,completed
7,366,358,08-30,+8.8%,+3.78%,0.5189,25,✓ Yes,completed
7,366,358,08-30,+8.8%,+3.78%,0.5189,25,✓ Yes,completed
7,366,359,08-30,+8.8%,+3.78%,0.5189,25,✓ Yes,completed
7,366,359,08-30,+8.7%,+3.75%,0.5187,25,✓ Yes,completed
7,366,359,08-30,+8.7%,+3.75%,0.5187,25,✓ Yes,completed
7,366,360,08-30,+8.7%,+3.75%,0.5187,25,✓ Yes,completed
7,366,360,08-30,+8.5%,+3.71%,0.5186,26,✓ Yes,completed
7,366,360,08-30,+8.5%,+3.71%,0.5186,26,✓ Yes,completed
7,366,361,08-30,+8.5%,+3.71%,0.5186,26,✓ Yes,completed
7,366,361,08-30,+8.5%,+3.71%,0.5186,26,✓ Yes,completed
7,366,361,08-30,+8.3%,+3.68%,0.5184,26,✓ Yes,completed
7,366,362,08-30,+8.3%,+3.68%,0.5184,26,✓ Yes,completed
7,366,362,08-30,+8.3%,+3.68%,0.5184,26,✓ Yes,completed
7,366,362,08-30,+8.1%,+3.64%,0.5182,27,✓ Yes,completed
7,366,362,08-30,+8.1%,+3.64%,0.5182,27,✓ Yes,completed
7,366,363,08-30,+8.1%,+3.64%,0.5182,27,✓ Yes,completed
7,366,363,08-30,+7.9%,+3.56%,0.5178,27,✓ Yes,completed
7,366,363,08-30,+7.9%,+3.56%,0.5178,27,✓ Yes,completed
7,366,364,08-30,+7.9%,+3.56%,0.5178,27,✓ Yes,completed
7,366,364,08-30,+7.7%,+3.47%,0.5173,29,✓ Yes,completed
7,366,364,08-30,+7.7%,+3.47%,0.5173,29,✓ Yes,completed
7,366,365,08-30,+7.7%,+3.47%,0.5173,29,✓ Yes,completed
7,366,365,08-30,+7.7%,+3.47%,0.5173,29,✓ Yes,completed
7,366,365,08-30,+7.5%,+3.37%,0.5168,32,✓ Yes,completed
7,366,366,08-30,+7.5%,+3.37%,0.5168,32,✓ Yes,completed
7,366,366,08-30,+7.5%,+3.37%,0.5168,32,✓ Yes,completed
7,366,366,08-30,+7.4%,+3.34%,0.5167,33,✓ Yes,completed
7,364,353,08-31,+10.0%,+15.95%,0.5797,25,✗ No,budget_exceeded
7,364,354,08-31,+10.0%,+15.95%,0.5797,25,✗ No,budget_exceeded
7,364,354,08-31,+10.0%,+15.95%,0.5797,25,✗ No,budget_exceeded
7,364,354,08-31,+10.0%,+15.09%,0.5754,26,✗ No,budget_exceeded
7,364,355,08-31,+10.0%,+15.09%,0.5754,26,✗ No,budget_exceeded
7,364,355,08-31,+10.0%,+15.09%,0.5754,26,✗ No,budget_exceeded
7,364,355,08-31,+10.0%,+14.57%,0.5729,27,✗ No,budget_exceeded
7,364,355,08-31,+10.0%,+14.57%,0.5729,27,✗ No,budget_exceeded
7,364,356,08-31,+10.0%,+14.57%,0.5729,27,✗ No,budget_exceeded
7,364,356,08-31,+9.8%,+3.85%,0.5193,28,✓ Yes,completed
7,364,356,08-31,+9.8%,+3.85%,0.5193,28,✓ Yes,completed
7,364,357,08-31,+9.8%,+3.85%,0.5193,28,✓ Yes,completed
7,364,357,08-31,+9.8%,+3.85%,0.5193,28,✓ Yes,completed
7,364,357,08-31,+9.6%,+3.81%,0.5190,28,✓ Yes,completed
7,364,358,08-31,+9.6%,+3.81%,0.5190,28,✓ Yes,completed
7,364,358,08-31,+9.6%,+3.81%,0.5190,28,✓ Yes,completed
7,364,358,08-31,+9.3%,+3.75%,0.5187,29,✓ Yes,completed
7,364,359,08-31,+9.3%,+3.75%,0.5187,29,✓ Yes,completed
7,364,359,08-31,+9.3%,+3.75%,0.5187,29,✓ Yes,completed
7,364,359,08-31,+9.2%,+3.75%,0.5187,29,✓ Yes,completed
7,364,359,08-31,+9.2%,+3.75%,0.5187,29,✓ Yes,completed
7,364,360,08-31,+9.2%,+3.75%,0.5187,29,✓ Yes,completed
7,364,360,08-31,+9.0%,+3.72%,0.5186,31,✓ Yes,completed
7,364,360,08-31,+9.0%,+3.72%,0.5186,31,✓ Yes,completed
7,364,361,08-31,+9.0%,+3.72%,0.5186,31,✓ Yes,completed
7,364,361,08-31,+8.8%,+3.70%,0.5185,31,✓ Yes,completed
7,364,361,08-31,+8.8%,+3.70%,0.5185,31,✓ Yes,completed
7,364,362,08-31,+8.8%,+3.70%,0.5185,31,✓ Yes,completed
7,364,362,08-31,+8.8%,+3.70%,0.5185,31,✓ Yes,completed
7,364,362,08-31,+8.6%,+3.69%,0.5185,35,✓ Yes,completed
7,364,363,08-31,+8.6%,+3.69%,0.5185,35,✓ Yes,completed
7,364,363,08-31,+8.6%,+3.69%,0.5185,35,✓ Yes,completed
7,364,363,08-31,+8.3%,+3.71%,0.5185,35,✓ Yes,completed
7,364,364,08-31,+8.3%,+3.71%,0.5185,35,✓ Yes,completed
7,364,364,08-31,+8.3%,+3.71%,0.5185,35,✓ Yes,completed
7,364,364,08-31,+8.1%,+3.70%,0.5185,38,✓ Yes,completed
7,365,353,08-31,+10.0%,+14.60%,0.5730,25,✗ No,budget_exceeded
7,365,354,08-31,+10.0%,+14.60%,0.5730,25,✗ No,budget_exceeded
7,365,354,08-31,+10.0%,+14.60%,0.5730,25,✗ No,budget_exceeded
7,365,354,08-31,+10.0%,+3.90%,0.5195,25,✓ Yes,completed
7,365,354,08-31,+10.0%,+3.90%,0.5195,25,✓ Yes,completed
7,365,355,08-31,+10.0%,+3.90%,0.5195,25,✓ Yes,completed
7,365,355,08-31,+9.6%,+3.79%,0.5190,26,✓ Yes,completed
7,365,355,08-31,+9.6%,+3.79%,0.5190,26,✓ Yes,completed
7,365,356,08-31,+9.6%,+3.79%,0.5190,26,✓ Yes,completed
7,365,356,08-31,+9.5%,+3.78%,0.5189,26,✓ Yes,completed
7,365,356,08-31,+9.5%,+3.78%,0.5189,26,✓ Yes,completed
7,365,357,08-31,+9.5%,+3.78%,0.5189,26,✓ Yes,completed
7,365,357,08-31,+9.5%,+3.78%,0.5189,26,✓ Yes,completed
7,365,357,08-31,+9.4%,+3.76%,0.5188,26,✓ Yes,completed
7,365,358,08-31,+9.4%,+3.76%,0.5188,26,✓ Yes,completed
7,365,358,08-31,+9.4%,+3.76%,0.5188,26,✓ Yes,completed
7,365,358,08-31,+9.1%,+3.74%,0.5187,27,✓ Yes,completed
7,365,358,08-31,+9.1%,+3.74%,0.5187,27,✓ Yes,completed
7,365,359,08-31,+9.1%,+3.74%,0.5187,27,✓ Yes,completed
7,365,359,08-31,+9.0%,+3.72%,0.5186,27,✓ Yes,completed
7,365,359,08-31,+9.0%,+3.72%,0.5186,27,✓ Yes,completed
7,365,360,08-31,+9.0%,+3.72%,0.5186,27,✓ Yes,completed
7,365,360,08-31,+9.0%,+3.72%,0.5186,27,✓ Yes,completed
7,365,360,08-31,+8.8%,+3.71%,0.5185,29,✓ Yes,completed
7,365,361,08-31,+8.8%,+3.71%,0.5185,29,✓ Yes,completed
7,365,361,08-31,+8.8%,+3.71%,0.5185,29,✓ Yes,completed
7,365,361,08-31,+8.6%,+3.71%,0.5186,29,✓ Yes,completed
7,365,362,08-31,+8.6%,+3.71%,0.5186,29,✓ Yes,completed
7,365,362,08-31,+8.6%,+3.71%,0.5186,29,✓ Yes,completed
7,365,362,08-31,+8.4%,+3.72%,0.5186,31,✓ Yes,completed
7,365,362,08-31,+8.4%,+3.72%,0.5186,31,✓ Yes,completed
7,365,363,08-31,+8.4%,+3.72%,0.5186,31,✓ Yes,completed
7,365,363,08-31,+8.2%,+3.72%,0.5186,31,✓ Yes,completed
7,365,363,08-31,+8.2%,+3.72%,0.5186,31,✓ Yes,completed
7,365,364,08-31,+8.2%,+3.72%,0.5186,31,✓ Yes,completed
7,365,364,08-31,+8.2%,+3.72%,0.5186,31,✓ Yes,completed
7,365,364,08-31,+8.0%,+3.67%,0.5184,33,✓ Yes,completed
7,365,365,08-31,+8.0%,+3.67%,0.5184,33,✓ Yes,completed
7,365,365,08-31,+8.0%,+3.67%,0.5184,33,✓ Yes,completed
7,365,365,08-31,+7.8%,+3.58%,0.5179,36,✓ Yes,completed
7,366,353,08-31,+9.5%,+3.77%,0.5189,24,✓ Yes,completed
7,366,354,08-31,+9.5%,+3.77%,0.5189,24,✓ Yes,completed
7,366,354,08-31,+9.5%,+3.77%,0.5189,24,✓ Yes,completed
7,366,354,08-31,+9.4%,+3.76%,0.5188,24,✓ Yes,completed
7,366,354,08-31,+9.4%,+3.76%,0.5188,24,✓ Yes,completed
7,366,355,08-31,+9.4%,+3.76%,0.5188,24,✓ Yes,completed
7,366,355,08-31,+9.1%,+3.73%,0.5187,25,✓ Yes,completed
7,366,355,08-31,+9.1%,+3.73%,0.5187,25,✓ Yes,completed
7,366,356,08-31,+9.1%,+3.73%,0.5187,25,✓ Yes,completed
7,366,356,08-31,+9.0%,+3.73%,0.5186,25,✓ Yes,completed
7,366,356,08-31,+9.0%,+3.73%,0.5186,25,✓ Yes,completed
7,366,357,08-31,+9.0%,+3.73%,0.5186,25,✓ Yes,completed
7,366,357,08-31,+9.0%,+3.73%,0.5186,25,✓ Yes,completed
7,366,357,08-31,+8.9%,+3.72%,0.5186,25,✓ Yes,completed
7,366,358,08-31,+8.9%,+3.72%,0.5186,25,✓ Yes,completed
7,366,358,08-31,+8.9%,+3.72%,0.5186,25,✓ Yes,completed
7,366,358,08-31,+8.8%,+3.72%,0.5186,25,✓ Yes,completed
7,366,358,08-31,+8.8%,+3.72%,0.5186,25,✓ Yes,completed
7,366,359,08-31,+8.8%,+3.72%,0.5186,25,✓ Yes,completed
7,366,359,08-31,+8.7%,+3.72%,0.5186,25,✓ Yes,completed
7,366,359,08-31,+8.7%,+3.72%,0.5186,25,✓ Yes,completed
7,366,360,08-31,+8.7%,+3.72%,0.5186,25,✓ Yes,completed
7,366,360,08-31,+8.5%,+3.72%,0.5186,26,✓ Yes,completed
7,366,360,08-31,+8.5%,+3.72%,0.5186,26,✓ Yes,completed
7,366,361,08-31,+8.5%,+3.72%,0.5186,26,✓ Yes,completed
7,366,361,08-31,+8.5%,+3.72%,0.5186,26,✓ Yes,completed
7,366,361,08-31,+8.3%,+3.74%,0.5187,26,✓ Yes,completed
7,366,362,08-31,+8.3%,+3.74%,0.5187,26,✓ Yes,completed
7,366,362,08-31,+8.3%,+3.74%,0.5187,26,✓ Yes,completed
7,366,362,08-31,+8.1%,+3.74%,0.5187,27,✓ Yes,completed
7,366,362,08-31,+8.1%,+3.74%,0.5187,27,✓ Yes,completed
7,366,363,08-31,+8.1%,+3.74%,0.5187,27,✓ Yes,completed
7,366,363,08-31,+7.9%,+3.67%,0.5183,27,✓ Yes,completed
7,366,363,08-31,+7.9%,+3.67%,0.5183,27,✓ Yes,completed
7,366,364,08-31,+7.9%,+3.67%,0.5183,27,✓ Yes,completed
7,366,364,08-31,+7.7%,+3.57%,0.5179,29,✓ Yes,completed
7,366,364,08-31,+7.7%,+3.57%,0.5179,29,✓ Yes,completed
7,366,365,08-31,+7.7%,+3.57%,0.5179,29,✓ Yes,completed
7,366,365,08-31,+7.7%,+3.57%,0.5179,29,✓ Yes,completed
7,366,365,08-31,+7.5%,+3.50%,0.5175,32,✓ Yes,completed
7,366,366,08-31,+7.5%,+3.50%,0.5175,32,✓ Yes,completed
7,366,366,08-31,+7.5%,+3.50%,0.5175,32,✓ Yes,completed
7,366,366,08-31,+7.4%,+3.49%,0.5174,33,✓ Yes,completed
8,365,354,08-30,+10.0%,+13.38%,0.5669,26,✗ No,budget_exceeded
8,365,354,08-30,+10.0%,+13.38%,0.5669,26,✗ No,budget_exceeded
8,365,355,08-30,+10.0%,+13.38%,0.5669,26,✗ No,budget_exceeded
8,365,355,08-30,+10.0%,+13.38%,0.5669,26,✗ No,budget_exceeded
8,365,355,08-30,+10.0%,+12.86%,0.5643,27,✗ No,budget_exceeded
8,365,356,08-30,+10.0%,+12.86%,0.5643,27,✗ No,budget_exceeded
8,365,356,08-30,+10.0%,+12.86%,0.5643,27,✗ No,budget_exceeded
8,365,356,08-30,+9.8%,+4.06%,0.5203,28,✓ Yes,completed
8,365,357,08-30,+9.8%,+4.06%,0.5203,28,✓ Yes,completed
8,365,357,08-30,+9.8%,+4.06%,0.5203,28,✓ Yes,completed
8,365,357,08-30,+9.6%,+3.99%,0.5200,28,✓ Yes,completed
8,365,358,08-30,+9.6%,+3.99%,0.5200,28,✓ Yes,completed
8,365,358,08-30,+9.6%,+3.99%,0.5200,28,✓ Yes,completed
8,365,358,08-30,+9.3%,+3.91%,0.5195,29,✓ Yes,completed
8,365,358,08-30,+9.3%,+3.91%,0.5195,29,✓ Yes,completed
8,365,359,08-30,+9.3%,+3.91%,0.5195,29,✓ Yes,completed
8,365,359,08-30,+9.2%,+3.90%,0.5195,29,✓ Yes,completed
8,365,359,08-30,+9.2%,+3.90%,0.5195,29,✓ Yes,completed
8,365,360,08-30,+9.2%,+3.90%,0.5195,29,✓ Yes,completed
8,365,360,08-30,+9.2%,+3.90%,0.5195,29,✓ Yes,completed
8,365,360,08-30,+9.0%,+3.84%,0.5192,31,✓ Yes,completed
8,365,361,08-30,+9.0%,+3.84%,0.5192,31,✓ Yes,completed
8,365,361,08-30,+9.0%,+3.84%,0.5192,31,✓ Yes,completed
8,365,361,08-30,+8.8%,+3.78%,0.5189,31,✓ Yes,completed
8,365,362,08-30,+8.8%,+3.78%,0.5189,31,✓ Yes,completed
8,365,362,08-30,+8.8%,+3.78%,0.5189,31,✓ Yes,completed
8,365,362,08-30,+8.6%,+3.69%,0.5185,35,✓ Yes,completed
8,365,362,08-30,+8.6%,+3.69%,0.5185,35,✓ Yes,completed
8,365,363,08-30,+8.6%,+3.69%,0.5185,35,✓ Yes,completed
8,365,363,08-30,+8.3%,+3.65%,0.5183,35,✓ Yes,completed
8,365,363,08-30,+8.3%,+3.65%,0.5183,35,✓ Yes,completed
8,365,364,08-30,+8.3%,+3.65%,0.5183,35,✓ Yes,completed
8,365,364,08-30,+8.1%,+3.61%,0.5180,38,✓ Yes,completed
8,365,364,08-30,+8.1%,+3.61%,0.5180,38,✓ Yes,completed
8,365,365,08-30,+8.1%,+3.61%,0.5180,38,✓ Yes,completed
8,365,365,08-30,+8.1%,+3.61%,0.5180,38,✓ Yes,completed
8,366,354,08-30,+10.0%,+4.13%,0.5206,25,✓ Yes,completed
8,366,354,08-30,+10.0%,+4.13%,0.5206,25,✓ Yes,completed
8,366,355,08-30,+10.0%,+4.13%,0.5206,25,✓ Yes,completed
8,366,355,08-30,+10.0%,+4.13%,0.5206,25,✓ Yes,completed
8,366,355,08-30,+9.6%,+3.97%,0.5199,26,✓ Yes,completed
8,366,356,08-30,+9.6%,+3.97%,0.5199,26,✓ Yes,completed
8,366,356,08-30,+9.6%,+3.97%,0.5199,26,✓ Yes,completed
8,366,356,08-30,+9.5%,+3.95%,0.5198,26,✓ Yes,completed
8,366,357,08-30,+9.5%,+3.95%,0.5198,26,✓ Yes,completed
8,366,357,08-30,+9.5%,+3.95%,0.5198,26,✓ Yes,completed
8,366,357,08-30,+9.4%,+3.92%,0.5196,26,✓ Yes,completed
8,366,357,08-30,+9.4%,+3.92%,0.5196,26,✓ Yes,completed
8,366,358,08-30,+9.4%,+3.92%,0.5196,26,✓ Yes,completed
8,366,358,08-30,+9.1%,+3.87%,0.5193,27,✓ Yes,completed
8,366,358,08-30,+9.1%,+3.87%,0.5193,27,✓ Yes,completed
8,366,359,08-30,+9.1%,+3.87%,0.5193,27,✓ Yes,completed
8,366,359,08-30,+9.1%,+3.87%,0.5193,27,✓ Yes,completed
8,366,359,08-30,+9.0%,+3.84%,0.5192,27,✓ Yes,completed
8,366,360,08-30,+9.0%,+3.84%,0.5192,27,✓ Yes,completed
8,366,360,08-30,+9.0%,+3.84%,0.5192,27,✓ Yes,completed
8,366,360,08-30,+8.8%,+3.77%,0.5189,29,✓ Yes,completed
8,366,360,08-30,+8.8%,+3.77%,0.5189,29,✓ Yes,completed
8,366,361,08-30,+8.8%,+3.77%,0.5189,29,✓ Yes,completed
8,366,361,08-30,+8.6%,+3.72%,0.5186,29,✓ Yes,completed
8,366,361,08-30,+8.6%,+3.72%,0.5186,29,✓ Yes,completed
8,366,362,08-30,+8.6%,+3.72%,0.5186,29,✓ Yes,completed
8,366,362,08-30,+8.6%,+3.72%,0.5186,29,✓ Yes,completed
8,366,362,08-30,+8.4%,+3.68%,0.5184,31,✓ Yes,completed
8,366,363,08-30,+8.4%,+3.68%,0.5184,31,✓ Yes,completed
8,366,363,08-30,+8.4%,+3.68%,0.5184,31,✓ Yes,completed
8,366,363,08-30,+8.2%,+3.64%,0.5182,31,✓ Yes,completed
8,366,364,08-30,+8.2%,+3.64%,0.5182,31,✓ Yes,completed
8,366,364,08-30,+8.2%,+3.64%,0.5182,31,✓ Yes,completed
8,366,364,08-30,+8.0%,+3.57%,0.5178,33,✓ Yes,completed
8,366,364,08-30,+8.0%,+3.57%,0.5178,33,✓ Yes,completed
8,366,365,08-30,+8.0%,+3.57%,0.5178,33,✓ Yes,completed
8,366,365,08-30,+7.8%,+3.48%,0.5174,36,✓ Yes,completed
8,366,365,08-30,+7.8%,+3.48%,0.5174,36,✓ Yes,completed
8,366,366,08-30,+7.8%,+3.48%,0.5174,36,✓ Yes,completed
8,366,366,08-30,+7.8%,+3.48%,0.5174,36,✓ Yes,completed
8,365,354,08-31,+10.0%,+15.09%,0.5754,26,✗ No,budget_exceeded
8,365,354,08-31,+10.0%,+15.09%,0.5754,26,✗ No,budget_exceeded
8,365,355,08-31,+10.0%,+15.09%,0.5754,26,✗ No,budget_exceeded
8,365,355,08-31,+10.0%,+15.09%,0.5754,26,✗ No,budget_exceeded
8,365,355,08-31,+10.0%,+14.57%,0.5729,27,✗ No,budget_exceeded
8,365,356,08-31,+10.0%,+14.57%,0.5729,27,✗ No,budget_exceeded
8,365,356,08-31,+10.0%,+14.57%,0.5729,27,✗ No,budget_exceeded
8,365,356,08-31,+9.8%,+3.85%,0.5193,28,✓ Yes,completed
8,365,357,08-31,+9.8%,+3.85%,0.5193,28,✓ Yes,completed
8,365,357,08-31,+9.8%,+3.85%,0.5193,28,✓ Yes,completed
8,365,357,08-31,+9.6%,+3.81%,0.5190,28,✓ Yes,completed
8,365,358,08-31,+9.6%,+3.81%,0.5190,28,✓ Yes,completed
8,365,358,08-31,+9.6%,+3.81%,0.5190,28,✓ Yes,completed
8,365,358,08-31,+9.3%,+3.75%,0.5187,29,✓ Yes,completed
8,365,358,08-31,+9.3%,+3.75%,0.5187,29,✓ Yes,completed
8,365,359,08-31,+9.3%,+3.75%,0.5187,29,✓ Yes,completed
8,365,359,08-31,+9.2%,+3.75%,0.5187,29,✓ Yes,completed
8,365,359,08-31,+9.2%,+3.75%,0.5187,29,✓ Yes,completed
8,365,360,08-31,+9.2%,+3.75%,0.5187,29,✓ Yes,completed
8,365,360,08-31,+9.2%,+3.75%,0.5187,29,✓ Yes,completed
8,365,360,08-31,+9.0%,+3.72%,0.5186,31,✓ Yes,completed
8,365,361,08-31,+9.0%,+3.72%,0.5186,31,✓ Yes,completed
8,365,361,08-31,+9.0%,+3.72%,0.5186,31,✓ Yes,completed
8,365,361,08-31,+8.8%,+3.70%,0.5185,31,✓ Yes,completed
8,365,362,08-31,+8.8%,+3.70%,0.5185,31,✓ Yes,completed
8,365,362,08-31,+8.8%,+3.70%,0.5185,31,✓ Yes,completed
8,365,362,08-31,+8.6%,+3.69%,0.5185,35,✓ Yes,completed
8,365,362,08-31,+8.6%,+3.69%,0.5185,35,✓ Yes,completed
8,365,363,08-31,+8.6%,+3.69%,0.5185,35,✓ Yes,completed
8,365,363,08-31,+8.3%,+3.71%,0.5185,35,✓ Yes,completed
8,365,363,08-31,+8.3%,+3.71%,0.5185,35,✓ Yes,completed
8,365,364,08-31,+8.3%,+3.71%,0.5185,35,✓ Yes,completed
8,365,364,08-31,+8.1%,+3.70%,0.5185,38,✓ Yes,completed
8,365,364,08-31,+8.1%,+3.70%,0.5185,38,✓ Yes,completed
8,365,365,08-31,+8.1%,+3.70%,0.5185,38,✓ Yes,completed
8,365,365,08-31,+8.1%,+3.70%,0.5185,38,✓ Yes,completed
8,366,354,08-31,+10.0%,+3.90%,0.5195,25,✓ Yes,completed
8,366,354,08-31,+10.0%,+3.90%,0.5195,25,✓ Yes,completed
8,366,355,08-31,+10.0%,+3.90%,0.5195,25,✓ Yes,completed
8,366,355,08-31,+10.0%,+3.90%,0.5195,25,✓ Yes,completed
8,366,355,08-31,+9.6%,+3.79%,0.5190,26,✓ Yes,completed
8,366,356,08-31,+9.6%,+3.79%,0.5190,26,✓ Yes,completed
8,366,356,08-31,+9.6%,+3.79%,0.5190,26,✓ Yes,completed
8,366,356,08-31,+9.5%,+3.78%,0.5189,26,✓ Yes,completed
8,366,357,08-31,+9.5%,+3.78%,0.5189,26,✓ Yes,completed
8,366,357,08-31,+9.5%,+3.78%,0.5189,26,✓ Yes,completed
8,366,357,08-31,+9.4%,+3.76%,0.5188,26,✓ Yes,completed
8,366,357,08-31,+9.4%,+3.76%,0.5188,26,✓ Yes,completed
8,366,358,08-31,+9.4%,+3.76%,0.5188,26,✓ Yes,completed
8,366,358,08-31,+9.1%,+3.74%,0.5187,27,✓ Yes,completed
8,366,358,08-31,+9.1%,+3.74%,0.5187,27,✓ Yes,completed
8,366,359,08-31,+9.1%,+3.74%,0.5187,27,✓ Yes,completed
8,366,359,08-31,+9.1%,+3.74%,0.5187,27,✓ Yes,completed
8,366,359,08-31,+9.0%,+3.72%,0.5186,27,✓ Yes,completed
8,366,360,08-31,+9.0%,+3.72%,0.5186,27,✓ Yes,completed
8,366,360,08-31,+9.0%,+3.72%,0.5186,27,✓ Yes,completed
8,366,360,08-31,+8.8%,+3.71%,0.5185,29,✓ Yes,completed
8,366,360,08-31,+8.8%,+3.71%,0.5185,29,✓ Yes,completed
8,366,361,08-31,+8.8%,+3.71%,0.5185,29,✓ Yes,completed
8,366,361,08-31,+8.6%,+3.71%,0.5186,29,✓ Yes,completed
8,366,361,08-31,+8.6%,+3.71%,0.5186,29,✓ Yes,completed
8,366,362,08-31,+8.6%,+3.71%,0.5186,29,✓ Yes,completed
8,366,362,08-31,+8.6%,+3.71%,0.5186,29,✓ Yes,completed
8,366,362,08-31,+8.4%,+3.72%,0.5186,31,✓ Yes,completed
8,366,363,08-31,+8.4%,+3.72%,0.5186,31,✓ Yes,completed
8,366,363,08-31,+8.4%,+3.72%,0.5186,31,✓ Yes,completed
8,366,363,08-31,+8.2%,+3.72%,0.5186,31,✓ Yes,completed
8,366,364,08-31,+8.2%,+3.72%,0.5186,31,✓ Yes,completed
8,366,364,08-31,+8.2%,+3.72%,0.5186,31,✓ Yes,completed
8,366,364,08-31,+8.0%,+3.67%,0.5184,33,✓ Yes,completed
8,366,364,08-31,+8.0%,+3.67%,0.5184,33,✓ Yes,completed
8,366,365,08-31,+8.0%,+3.67%,0.5184,33,✓ Yes,completed
8,366,365,08-31,+7.8%,+3.58%,0.5179,36,✓ Yes,completed
8,366,365,08-31,+7.8%,+3.58%,0.5179,36,✓ Yes,completed
8,366,366,08-31,+7.8%,+3.58%,0.5179,36,✓ Yes,completed
8,366,366,08-31,+7.8%,+3.58%,0.5179,36,✓ Yes,completed
9,365,354,08-30,+10.0%,+4.13%,0.5206,25,✓ Yes,completed
9,365,355,08-30,+10.0%,+4.13%,0.5206,25,✓ Yes,completed
9,365,355,08-30,+9.6%,+3.97%,0.5199,26,✓ Yes,completed
9,365,355,08-30,+9.6%,+3.97%,0.5199,26,✓ Yes,completed
9,365,356,08-30,+9.6%,+3.97%,0.5199,26,✓ Yes,completed
9,365,356,08-30,+9.6%,+3.97%,0.5199,26,✓ Yes,completed
9,365,356,08-30,+9.5%,+3.95%,0.5198,26,✓ Yes,completed
9,365,357,08-30,+9.5%,+3.95%,0.5198,26,✓ Yes,completed
9,365,357,08-30,+9.5%,+3.95%,0.5198,26,✓ Yes,completed
9,365,357,08-30,+9.4%,+3.92%,0.5196,26,✓ Yes,completed
9,365,358,08-30,+9.4%,+3.92%,0.5196,26,✓ Yes,completed
9,365,358,08-30,+9.4%,+3.92%,0.5196,26,✓ Yes,completed
9,365,358,08-30,+9.1%,+3.87%,0.5193,27,✓ Yes,completed
9,365,358,08-30,+9.1%,+3.87%,0.5193,27,✓ Yes,completed
9,365,359,08-30,+9.1%,+3.87%,0.5193,27,✓ Yes,completed
9,365,359,08-30,+9.0%,+3.84%,0.5192,27,✓ Yes,completed
9,365,359,08-30,+9.0%,+3.84%,0.5192,27,✓ Yes,completed
9,365,360,08-30,+9.0%,+3.84%,0.5192,27,✓ Yes,completed
9,365,360,08-30,+8.8%,+3.77%,0.5189,29,✓ Yes,completed
9,365,360,08-30,+8.8%,+3.77%,0.5189,29,✓ Yes,completed
9,365,361,08-30,+8.8%,+3.77%,0.5189,29,✓ Yes,completed
9,365,361,08-30,+8.8%,+3.77%,0.5189,29,✓ Yes,completed
9,365,361,08-30,+8.6%,+3.72%,0.5186,29,✓ Yes,completed
9,365,362,08-30,+8.6%,+3.72%,0.5186,29,✓ Yes,completed
9,365,362,08-30,+8.6%,+3.72%,0.5186,29,✓ Yes,completed
9,365,362,08-30,+8.4%,+3.68%,0.5184,31,✓ Yes,completed
9,365,363,08-30,+8.4%,+3.68%,0.5184,31,✓ Yes,completed
9,365,363,08-30,+8.4%,+3.68%,0.5184,31,✓ Yes,completed
9,365,363,08-30,+8.2%,+3.64%,0.5182,31,✓ Yes,completed
9,365,363,08-30,+8.2%,+3.64%,0.5182,31,✓ Yes,completed
9,365,364,08-30,+8.2%,+3.64%,0.5182,31,✓ Yes,completed
9,365,364,08-30,+8.0%,+3.57%,0.5178,33,✓ Yes,completed
9,365,364,08-30,+8.0%,+3.57%,0.5178,33,✓ Yes,completed
9,365,365,08-30,+8.0%,+3.57%,0.5178,33,✓ Yes,completed
9,365,365,08-30,+7.8%,+3.48%,0.5174,36,✓ Yes,completed
9,365,365,08-30,+7.8%,+3.48%,0.5174,36,✓ Yes,completed
9,365,354,08-31,+10.0%,+3.90%,0.5195,25,✓ Yes,completed
9,365,355,08-31,+10.0%,+3.90%,0.5195,25,✓ Yes,completed
9,365,355,08-31,+9.6%,+3.79%,0.5190,26,✓ Yes,completed
9,365,355,08-31,+9.6%,+3.79%,0.5190,26,✓ Yes,completed
9,365,356,08-31,+9.6%,+3.79%,0.5190,26,✓ Yes,completed
9,365,356,08-31,+9.6%,+3.79%,0.5190,26,✓ Yes,completed
9,365,356,08-31,+9.5%,+3.78%,0.5189,26,✓ Yes,completed
9,365,357,08-31,+9.5%,+3.78%,0.5189,26,✓ Yes,completed
9,365,357,08-31,+9.5%,+3.78%,0.5189,26,✓ Yes,completed
9,365,357,08-31,+9.4%,+3.76%,0.5188,26,✓ Yes,completed
9,365,358,08-31,+9.4%,+3.76%,0.5188,26,✓ Yes,completed
9,365,358,08-31,+9.4%,+3.76%,0.5188,26,✓ Yes,completed
9,365,358,08-31,+9.1%,+3.74%,0.5187,27,✓ Yes,completed
9,365,358,08-31,+9.1%,+3.74%,0.5187,27,✓ Yes,completed
9,365,359,08-31,+9.1%,+3.74%,0.5187,27,✓ Yes,completed
9,365,359,08-31,+9.0%,+3.72%,0.5186,27,✓ Yes,completed
9,365,359,08-31,+9.0%,+3.72%,0.5186,27,✓ Yes,completed
9,365,360,08-31,+9.0%,+3.72%,0.5186,27,✓ Yes,completed
9,365,360,08-31,+8.8%,+3.71%,0.5185,29,✓ Yes,completed
9,365,360,08-31,+8.8%,+3.71%,0.5185,29,✓ Yes,completed
9,365,361,08-31,+8.8%,+3.71%,0.5185,29,✓ Yes,completed
9,365,361,08-31,+8.8%,+3.71%,0.5185,29,✓ Yes,completed
9,365,361,08-31,+8.6%,+3.71%,0.5186,29,✓ Yes,completed
9,365,362,08-31,+8.6%,+3.71%,0.5186,29,✓ Yes,completed
9,365,362,08-31,+8.6%,+3.71%,0.5186,29,✓ Yes,completed
9,365,362,08-31,+8.4%,+3.72%,0.5186,31,✓ Yes,completed
9,365,363,08-31,+8.4%,+3.72%,0.5186,31,✓ Yes,completed
9,365,363,08-31,+8.4%,+3.72%,0.5186,31,✓ Yes,completed
9,365,363,08-31,+8.2%,+3.72%,0.5186,31,✓ Yes,completed
9,365,363,08-31,+8.2%,+3.72%,0.5186,31,✓ Yes,completed
9,365,364,08-31,+8.2%,+3.72%,0.5186,31,✓ Yes,completed
9,365,364,08-31,+8.0%,+3.67%,0.5184,33,✓ Yes,completed
9,365,364,08-31,+8.0%,+3.67%,0.5184,33,✓ Yes,completed
9,365,365,08-31,+8.0%,+3.67%,0.5184,33,✓ Yes,completed
9,365,365,08-31,+7.8%,+3.58%,0.5179,36,✓ Yes,completed
9,365,365,08-31,+7.8%,+3.58%,0.5179,36,✓ Yes,completed
