Iter,θ_p,θ_r,Start,Overhead %,CO₂ Save %,Score,Pauses,Budget,Stop
0,10,0,01-01,+10.0%,+98.88%,0.9944,1,✗ No,budget_exceeded
0,10,10,01-01,+10.0%,+98.88%,0.9944,1,✗ No,budget_exceeded
0,20,0,01-01,+10.0%,+98.88%,0.9944,1,✗ No,budget_exceeded
0,20,20,01-01,+10.0%,+98.88%,0.9944,1,✗ No,budget_exceeded
0,30,0,01-01,+10.0%,+98.88%,0.9944,1,✗ No,budget_exceeded
0,30,15,01-01,+10.0%,+98.88%,0.9944,1,✗ No,budget_exceeded
0,30,30,01-01,+10.0%,+95.99%,0.9799,8,✗ No,budget_exceeded
0,40,0,01-01,+10.0%,+98.65%,0.9933,1,✗ No,budget_exceeded
0,40,13,01-01,+10.0%,+98.65%,0.9933,1,✗ No,budget_exceeded
0,40,27,01-01,+10.0%,+93.48%,0.9674,3,✗ No,budget_exceeded
0,40,40,01-01,+1.4%,+0.78%,0.5039,8,✓ Yes,completed
0,50,0,01-01,+0.0%,+0.00%,0.5000,0,✓ Yes,completed
0,50,13,01-01,+0.0%,+0.00%,0.5000,0,✓ Yes,completed
0,50,25,01-01,+0.0%,+0.00%,0.5000,0,✓ Yes,completed
0,50,38,01-01,+0.0%,+0.00%,0.5000,0,✓ Yes,completed
0,50,50,01-01,+0.0%,+0.00%,0.5000,0,✓ Yes,completed
0,60,0,01-01,+0.0%,+0.00%,0.5000,0,✓ Yes,completed
0,60,12,01-01,+0.0%,+0.00%,0.5000,0,✓ Yes,completed
0,60,24,01-01,+0.0%,+0.00%,0.5000,0,✓ Yes,completed
0,60,36,01-01,+0.0%,+0.00%,0.5000,0,✓ Yes,completed
0,60,48,01-01,+0.0%,+0.00%,0.5000,0,✓ Yes,completed
0,60,60,01-01,+0.0%,+0.00%,0.5000,0,✓ Yes,completed
0,70,0,01-01,+0.0%,+0.00%,0.5000,0,✓ Yes,completed
0,70,12,01-01,+0.0%,+0.00%,0.5000,0,✓ Yes,completed
0,70,23,01-01,+0.0%,+0.00%,0.5000,0,✓ Yes,completed
0,70,35,01-01,+0.0%,+0.00%,0.5000,0,✓ Yes,completed
0,70,47,01-01,+0.0%,+0.00%,0.5000,0,✓ Yes,completed
0,70,58,01-01,+0.0%,+0.00%,0.5000,0,✓ Yes,completed
0,70,70,01-01,+0.0%,+0.00%,0.5000,0,✓ Yes,completed
0,80,0,01-01,+0.0%,+0.00%,0.5000,0,✓ Yes,completed
0,80,11,01-01,+0.0%,+0.00%,0.5000,0,✓ Yes,completed
0,80,23,01-01,+0.0%,+0.00%,0.5000,0,✓ Yes,completed
0,80,34,01-01,+0.0%,+0.00%,0.5000,0,✓ Yes,completed
0,80,46,01-01,+0.0%,+0.00%,0.5000,0,✓ Yes,completed
0,80,57,01-01,+0.0%,+0.00%,0.5000,0,✓ Yes,completed
0,80,69,01-01,+0.0%,+0.00%,0.5000,0,✓ Yes,completed
0,80,80,01-01,+0.0%,+0.00%,0.5000,0,✓ Yes,completed
0,90,0,01-01,+0.0%,+0.00%,0.5000,0,✓ Yes,completed
0,90,11,01-01,+0.0%,+0.00%,0.5000,0,✓ Yes,completed
0,90,23,01-01,+0.0%,+0.00%,0.5000,0,✓ Yes,completed
0,90,34,01-01,+0.0%,+0.00%,0.5000,0,✓ Yes,completed
0,90,45,01-01,+0.0%,+0.00%,0.5000,0,✓ Yes,completed
0,90,56,01-01,+0.0%,+0.00%,0.5000,0,✓ Yes,completed
0,90,68,01-01,+0.0%,+0.00%,0.5000,0,✓ Yes,completed
0,90,79,01-01,+0.0%,+0.00%,0.5000,0,✓ Yes,completed
0,90,90,01-01,+0.0%,+0.00%,0.5000,0,✓ Yes,completed
0,100,0,01-01,+0.0%,+0.00%,0.5000,0,✓ Yes,completed
0,100,11,01-01,+0.0%,+0.00%,0.5000,0,✓ Yes,completed
0,100,22,01-01,+0.0%,+0.00%,0.5000,0,✓ Yes,completed
0,100,33,01-01,+0.0%,+0.00%,0.5000,0,✓ Yes,completed
0,100,44,01-01,+0.0%,+0.00%,0.5000,0,✓ Yes,completed
0,100,56,01-01,+0.0%,+0.00%,0.5000,0,✓ Yes,completed
0,100,67,01-01,+0.0%,+0.00%,0.5000,0,✓ Yes,completed
0,100,78,01-01,+0.0%,+0.00%,0.5000,0,✓ Yes,completed
0,100,89,01-01,+0.0%,+0.00%,0.5000,0,✓ Yes,completed
0,100,100,01-01,+0.0%,+0.00%,0.5000,0,✓ Yes,completed
0,10,0,03-03,+10.0%,+99.18%,0.9959,1,✗ No,budget_exceeded
0,10,10,03-03,+10.0%,+99.18%,0.9959,1,✗ No,budget_exceeded
0,20,0,03-03,+10.0%,+99.18%,0.9959,1,✗ No,budget_exceeded
0,20,20,03-03,+10.0%,+99.18%,0.9959,1,✗ No,budget_exceeded
0,30,0,03-03,+10.0%,+89.54%,0.9477,1,✗ No,budget_exceeded
0,30,15,03-03,+10.0%,+89.54%,0.9477,1,✗ No,budget_exceeded
0,30,30,03-03,+10.0%,+58.29%,0.7915,25,✗ No,budget_exceeded
0,40,0,03-03,+10.0%,+47.82%,0.7391,1,✗ No,budget_exceeded
0,40,13,03-03,+10.0%,+47.82%,0.7391,1,✗ No,budget_exceeded
0,40,27,03-03,+1.5%,+0.33%,0.5017,4,✓ Yes,completed
0,40,40,03-03,+0.7%,+0.11%,0.5006,4,✓ Yes,completed
0,50,0,03-03,+0.0%,+0.00%,0.5000,0,✓ Yes,completed
0,50,13,03-03,+0.0%,+0.00%,0.5000,0,✓ Yes,completed
0,50,25,03-03,+0.0%,+0.00%,0.5000,0,✓ Yes,completed
0,50,38,03-03,+0.0%,+0.00%,0.5000,0,✓ Yes,completed
0,50,50,03-03,+0.0%,+0.00%,0.5000,0,✓ Yes,completed
0,60,0,03-03,+0.0%,+0.00%,0.5000,0,✓ Yes,completed
0,60,12,03-03,+0.0%,+0.00%,0.5000,0,✓ Yes,completed
0,60,24,03-03,+0.0%,+0.00%,0.5000,0,✓ Yes,completed
0,60,36,03-03,+0.0%,+0.00%,0.5000,0,✓ Yes,completed
0,60,48,03-03,+0.0%,+0.00%,0.5000,0,✓ Yes,completed
0,60,60,03-03,+0.0%,+0.00%,0.5000,0,✓ Yes,completed
0,70,0,03-03,+0.0%,+0.00%,0.5000,0,✓ Yes,completed
0,70,12,03-03,+0.0%,+0.00%,0.5000,0,✓ Yes,completed
0,70,23,03-03,+0.0%,+0.00%,0.5000,0,✓ Yes,completed
0,70,35,03-03,+0.0%,+0.00%,0.5000,0,✓ Yes,completed
0,70,47,03-03,+0.0%,+0.00%,0.5000,0,✓ Yes,completed
0,70,58,03-03,+0.0%,+0.00%,0.5000,0,✓ Yes,completed
0,70,70,03-03,+0.0%,+0.00%,0.5000,0,✓ Yes,completed
0,80,0,03-03,+0.0%,+0.00%,0.5000,0,✓ Yes,completed
0,80,11,03-03,+0.0%,+0.00%,0.5000,0,✓ Yes,completed
0,80,23,03-03,+0.0%,+0.00%,0.5000,0,✓ Yes,completed
0,80,34,03-03,+0.0%,+0.00%,0.5000,0,✓ Yes,completed
0,80,46,03-03,+0.0%,+0.00%,0.5000,0,✓ Yes,completed
0,80,57,03-03,+0.0%,+0.00%,0.5000,0,✓ Yes,completed
0,80,69,03-03,+0.0%,+0.00%,0.5000,0,✓ Yes,completed
0,80,80,03-03,+0.0%,+0.00%,0.5000,0,✓ Yes,completed
0,90,0,03-03,+0.0%,+0.00%,0.5000,0,✓ Yes,completed
0,90,11,03-03,+0.0%,+0.00%,0.5000,0,✓ Yes,completed
0,90,23,03-03,+0.0%,+0.00%,0.5000,0,✓ Yes,completed
0,90,34,03-03,+0.0%,+0.00%,0.5000,0,✓ Yes,completed
0,90,45,03-03,+0.0%,+0.00%,0.5000,0,✓ Yes,completed
0,90,56,03-03,+0.0%,+0.00%,0.5000,0,✓ Yes,completed
0,90,68,03-03,+0.0%,+0.00%,0.5000,0,✓ Yes,completed
0,90,79,03-03,+0.0%,+0.00%,0.5000,0,✓ Yes,completed
0,90,90,03-03,+0.0%,+0.00%,0.5000,0,✓ Yes,completed
0,100,0,03-03,+0.0%,+0.00%,0.5000,0,✓ Yes,completed
0,100,11,03-03,+0.0%,+0.00%,0.5000,0,✓ Yes,completed
0,100,22,03-03,+0.0%,+0.00%,0.5000,0,✓ Yes,completed
0,100,33,03-03,+0.0%,+0.00%,0.5000,0,✓ Yes,completed
0,100,44,03-03,+0.0%,+0.00%,0.5000,0,✓ Yes,completed
0,100,56,03-03,+0.0%,+0.00%,0.5000,0,✓ Yes,completed
0,100,67,03-03,+0.0%,+0.00%,0.5000,0,✓ Yes,completed
0,100,78,03-03,+0.0%,+0.00%,0.5000,0,✓ Yes,completed
0,100,89,03-03,+0.0%,+0.00%,0.5000,0,✓ Yes,completed
0,100,100,03-03,+0.0%,+0.00%,0.5000,0,✓ Yes,completed
0,10,0,05-03,+10.0%,+98.99%,0.9949,1,✗ No,budget_exceeded
0,10,10,05-03,+10.0%,+98.99%,0.9949,1,✗ No,budget_exceeded
0,20,0,05-03,+10.0%,+98.99%,0.9949,1,✗ No,budget_exceeded
0,20,20,05-03,+10.0%,+98.99%,0.9949,1,✗ No,budget_exceeded
0,30,0,05-03,+10.0%,+98.49%,0.9925,1,✗ No,budget_exceeded
0,30,15,05-03,+10.0%,+98.49%,0.9925,1,✗ No,budget_exceeded
0,30,30,05-03,+9.8%,+4.67%,0.5233,36,✓ Yes,completed
0,40,0,05-03,+0.0%,+0.00%,0.5000,0,✓ Yes,completed
0,40,13,05-03,+0.0%,+0.00%,0.5000,0,✓ Yes,completed
0,40,27,05-03,+0.0%,+0.00%,0.5000,0,✓ Yes,completed
0,40,40,05-03,+0.0%,+0.00%,0.5000,0,✓ Yes,completed
0,50,0,05-03,+0.0%,+0.00%,0.5000,0,✓ Yes,completed
0,50,13,05-03,+0.0%,+0.00%,0.5000,0,✓ Yes,completed
0,50,25,05-03,+0.0%,+0.00%,0.5000,0,✓ Yes,completed
0,50,38,05-03,+0.0%,+0.00%,0.5000,0,✓ Yes,completed
0,50,50,05-03,+0.0%,+0.00%,0.5000,0,✓ Yes,completed
0,60,0,05-03,+0.0%,+0.00%,0.5000,0,✓ Yes,completed
0,60,12,05-03,+0.0%,+0.00%,0.5000,0,✓ Yes,completed
0,60,24,05-03,+0.0%,+0.00%,0.5000,0,✓ Yes,completed
0,60,36,05-03,+0.0%,+0.00%,0.5000,0,✓ Yes,completed
0,60,48,05-03,+0.0%,+0.00%,0.5000,0,✓ Yes,completed
0,60,60,05-03,+0.0%,+0.00%,0.5000,0,✓ Yes,completed
0,70,0,05-03,+0.0%,+0.00%,0.5000,0,✓ Yes,completed
0,70,12,05-03,+0.0%,+0.00%,0.5000,0,✓ Yes,completed
0,70,23,05-03,+0.0%,+0.00%,0.5000,0,✓ Yes,completed
0,70,35,05-03,+0.0%,+0.00%,0.5000,0,✓ Yes,completed
0,70,47,05-03,+0.0%,+0.00%,0.5000,0,✓ Yes,completed
0,70,58,05-03,+0.0%,+0.00%,0.5000,0,✓ Yes,completed
0,70,70,05-03,+0.0%,+0.00%,0.5000,0,✓ Yes,completed
0,80,0,05-03,+0.0%,+0.00%,0.5000,0,✓ Yes,completed
0,80,11,05-03,+0.0%,+0.00%,0.5000,0,✓ Yes,completed
0,80,23,05-03,+0.0%,+0.00%,0.5000,0,✓ Yes,completed
0,80,34,05-03,+0.0%,+0.00%,0.5000,0,✓ Yes,completed
0,80,46,05-03,+0.0%,+0.00%,0.5000,0,✓ Yes,completed
0,80,57,05-03,+0.0%,+0.00%,0.5000,0,✓ Yes,completed
0,80,69,05-03,+0.0%,+0.00%,0.5000,0,✓ Yes,completed
0,80,80,05-03,+0.0%,+0.00%,0.5000,0,✓ Yes,completed
0,90,0,05-03,+0.0%,+0.00%,0.5000,0,✓ Yes,completed
0,90,11,05-03,+0.0%,+0.00%,0.5000,0,✓ Yes,completed
0,90,23,05-03,+0.0%,+0.00%,0.5000,0,✓ Yes,completed
0,90,34,05-03,+0.0%,+0.00%,0.5000,0,✓ Yes,completed
0,90,45,05-03,+0.0%,+0.00%,0.5000,0,✓ Yes,completed
0,90,56,05-03,+0.0%,+0.00%,0.5000,0,✓ Yes,completed
0,90,68,05-03,+0.0%,+0.00%,0.5000,0,✓ Yes,completed
0,90,79,05-03,+0.0%,+0.00%,0.5000,0,✓ Yes,completed
0,90,90,05-03,+0.0%,+0.00%,0.5000,0,✓ Yes,completed
0,100,0,05-03,+0.0%,+0.00%,0.5000,0,✓ Yes,completed
0,100,11,05-03,+0.0%,+0.00%,0.5000,0,✓ Yes,completed
0,100,22,05-03,+0.0%,+0.00%,0.5000,0,✓ Yes,completed
0,100,33,05-03,+0.0%,+0.00%,0.5000,0,✓ Yes,completed
0,100,44,05-03,+0.0%,+0.00%,0.5000,0,✓ Yes,completed
0,100,56,05-03,+0.0%,+0.00%,0.5000,0,✓ Yes,completed
0,100,67,05-03,+0.0%,+0.00%,0.5000,0,✓ Yes,completed
0,100,78,05-03,+0.0%,+0.00%,0.5000,0,✓ Yes,completed
0,100,89,05-03,+0.0%,+0.00%,0.5000,0,✓ Yes,completed
0,100,100,05-03,+0.0%,+0.00%,0.5000,0,✓ Yes,completed
0,10,0,07-03,+10.0%,+99.10%,0.9955,1,✗ No,budget_exceeded
0,10,10,07-03,+10.0%,+99.10%,0.9955,1,✗ No,budget_exceeded
0,20,0,07-03,+10.0%,+98.49%,0.9925,1,✗ No,budget_exceeded
0,20,20,07-03,+10.0%,+73.18%,0.8659,21,✗ No,budget_exceeded
0,30,0,07-03,+10.0%,+86.62%,0.9331,1,✗ No,budget_exceeded
0,30,15,07-03,+10.0%,+86.62%,0.9331,1,✗ No,budget_exceeded
0,30,30,07-03,+0.5%,+0.14%,0.5007,3,✓ Yes,completed
0,40,0,07-03,+0.0%,+0.00%,0.5000,0,✓ Yes,completed
0,40,13,07-03,+0.0%,+0.00%,0.5000,0,✓ Yes,completed
0,40,27,07-03,+0.0%,+0.00%,0.5000,0,✓ Yes,completed
0,40,40,07-03,+0.0%,+0.00%,0.5000,0,✓ Yes,completed
0,50,0,07-03,+0.0%,+0.00%,0.5000,0,✓ Yes,completed
0,50,13,07-03,+0.0%,+0.00%,0.5000,0,✓ Yes,completed
0,50,25,07-03,+0.0%,+0.00%,0.5000,0,✓ Yes,completed
0,50,38,07-03,+0.0%,+0.00%,0.5000,0,✓ Yes,completed
0,50,50,07-03,+0.0%,+0.00%,0.5000,0,✓ Yes,completed
0,60,0,07-03,+0.0%,+0.00%,0.5000,0,✓ Yes,completed
0,60,12,07-03,+0.0%,+0.00%,0.5000,0,✓ Yes,completed
0,60,24,07-03,+0.0%,+0.00%,0.5000,0,✓ Yes,completed
0,60,36,07-03,+0.0%,+0.00%,0.5000,0,✓ Yes,completed
0,60,48,07-03,+0.0%,+0.00%,0.5000,0,✓ Yes,completed
0,60,60,07-03,+0.0%,+0.00%,0.5000,0,✓ Yes,completed
0,70,0,07-03,+0.0%,+0.00%,0.5000,0,✓ Yes,completed
0,70,12,07-03,+0.0%,+0.00%,0.5000,0,✓ Yes,completed
0,70,23,07-03,+0.0%,+0.00%,0.5000,0,✓ Yes,completed
0,70,35,07-03,+0.0%,+0.00%,0.5000,0,✓ Yes,completed
0,70,47,07-03,+0.0%,+0.00%,0.5000,0,✓ Yes,completed
0,70,58,07-03,+0.0%,+0.00%,0.5000,0,✓ Yes,completed
0,70,70,07-03,+0.0%,+0.00%,0.5000,0,✓ Yes,completed
0,80,0,07-03,+0.0%,+0.00%,0.5000,0,✓ Yes,completed
0,80,11,07-03,+0.0%,+0.00%,0.5000,0,✓ Yes,completed
0,80,23,07-03,+0.0%,+0.00%,0.5000,0,✓ Yes,completed
0,80,34,07-03,+0.0%,+0.00%,0.5000,0,✓ Yes,completed
0,80,46,07-03,+0.0%,+0.00%,0.5000,0,✓ Yes,completed
0,80,57,07-03,+0.0%,+0.00%,0.5000,0,✓ Yes,completed
0,80,69,07-03,+0.0%,+0.00%,0.5000,0,✓ Yes,completed
0,80,80,07-03,+0.0%,+0.00%,0.5000,0,✓ Yes,completed
0,90,0,07-03,+0.0%,+0.00%,0.5000,0,✓ Yes,completed
0,90,11,07-03,+0.0%,+0.00%,0.5000,0,✓ Yes,completed
0,90,23,07-03,+0.0%,+0.00%,0.5000,0,✓ Yes,completed
0,90,34,07-03,+0.0%,+0.00%,0.5000,0,✓ Yes,completed
0,90,45,07-03,+0.0%,+0.00%,0.5000,0,✓ Yes,completed
0,90,56,07-03,+0.0%,+0.00%,0.5000,0,✓ Yes,completed
0,90,68,07-03,+0.0%,+0.00%,0.5000,0,✓ Yes,completed
0,90,79,07-03,+0.0%,+0.00%,0.5000,0,✓ Yes,completed
0,90,90,07-03,+0.0%,+0.00%,0.5000,0,✓ Yes,completed
0,100,0,07-03,+0.0%,+0.00%,0.5000,0,✓ Yes,completed
0,100,11,07-03,+0.0%,+0.00%,0.5000,0,✓ Yes,completed
0,100,22,07-03,+0.0%,+0.00%,0.5000,0,✓ Yes,completed
0,100,33,07-03,+0.0%,+0.00%,0.5000,0,✓ Yes,completed
0,100,44,07-03,+0.0%,+0.00%,0.5000,0,✓ Yes,completed
0,100,56,07-03,+0.0%,+0.00%,0.5000,0,✓ Yes,completed
0,100,67,07-03,+0.0%,+0.00%,0.5000,0,✓ Yes,completed
0,100,78,07-03,+0.0%,+0.00%,0.5000,0,✓ Yes,completed
0,100,89,07-03,+0.0%,+0.00%,0.5000,0,✓ Yes,completed
0,100,100,07-03,+0.0%,+0.00%,0.5000,0,✓ Yes,completed
0,10,0,09-02,+10.0%,+99.07%,0.9954,1,✗ No,budget_exceeded
0,10,10,09-02,+10.0%,+99.07%,0.9954,1,✗ No,budget_exceeded
0,20,0,09-02,+10.0%,+99.05%,0.9953,1,✗ No,budget_exceeded
0,20,20,09-02,+10.0%,+83.00%,0.9150,19,✗ No,budget_exceeded
0,30,0,09-02,+10.0%,+88.51%,0.9426,1,✗ No,budget_exceeded
0,30,15,09-02,+10.0%,+88.51%,0.9426,1,✗ No,budget_exceeded
0,30,30,09-02,+0.3%,+0.12%,0.5006,3,✓ Yes,completed
0,40,0,09-02,+0.0%,+0.00%,0.5000,0,✓ Yes,completed
0,40,13,09-02,+0.0%,+0.00%,0.5000,0,✓ Yes,completed
0,40,27,09-02,+0.0%,+0.00%,0.5000,0,✓ Yes,completed
0,40,40,09-02,+0.0%,+0.00%,0.5000,0,✓ Yes,completed
0,50,0,09-02,+0.0%,+0.00%,0.5000,0,✓ Yes,completed
0,50,13,09-02,+0.0%,+0.00%,0.5000,0,✓ Yes,completed
0,50,25,09-02,+0.0%,+0.00%,0.5000,0,✓ Yes,completed
0,50,38,09-02,+0.0%,+0.00%,0.5000,0,✓ Yes,completed
0,50,50,09-02,+0.0%,+0.00%,0.5000,0,✓ Yes,completed
0,60,0,09-02,+0.0%,+0.00%,0.5000,0,✓ Yes,completed
0,60,12,09-02,+0.0%,+0.00%,0.5000,0,✓ Yes,completed
0,60,24,09-02,+0.0%,+0.00%,0.5000,0,✓ Yes,completed
0,60,36,09-02,+0.0%,+0.00%,0.5000,0,✓ Yes,completed
0,60,48,09-02,+0.0%,+0.00%,0.5000,0,✓ Yes,completed
0,60,60,09-02,+0.0%,+0.00%,0.5000,0,✓ Yes,completed
0,70,0,09-02,+0.0%,+0.00%,0.5000,0,✓ Yes,completed
0,70,12,09-02,+0.0%,+0.00%,0.5000,0,✓ Yes,completed
0,70,23,09-02,+0.0%,+0.00%,0.5000,0,✓ Yes,completed
0,70,35,09-02,+0.0%,+0.00%,0.5000,0,✓ Yes,completed
0,70,47,09-02,+0.0%,+0.00%,0.5000,0,✓ Yes,completed
0,70,58,09-02,+0.0%,+0.00%,0.5000,0,✓ Yes,completed
0,70,70,09-02,+0.0%,+0.00%,0.5000,0,✓ Yes,completed
0,80,0,09-02,+0.0%,+0.00%,0.5000,0,✓ Yes,completed
0,80,11,09-02,+0.0%,+0.00%,0.5000,0,✓ Yes,completed
0,80,23,09-02,+0.0%,+0.00%,0.5000,0,✓ Yes,completed
0,80,34,09-02,+0.0%,+0.00%,0.5000,0,✓ Yes,completed
0,80,46,09-02,+0.0%,+0.00%,0.5000,0,✓ Yes,completed
0,80,57,09-02,+0.0%,+0.00%,0.5000,0,✓ Yes,completed
0,80,69,09-02,+0.0%,+0.00%,0.5000,0,✓ Yes,completed
0,80,80,09-02,+0.0%,+0.00%,0.5000,0,✓ Yes,completed
0,90,0,09-02,+0.0%,+0.00%,0.5000,0,✓ Yes,completed
0,90,11,09-02,+0.0%,+0.00%,0.5000,0,✓ Yes,completed
0,90,23,09-02,+0.0%,+0.00%,0.5000,0,✓ Yes,completed
0,90,34,09-02,+0.0%,+0.00%,0.5000,0,✓ Yes,completed
0,90,45,09-02,+0.0%,+0.00%,0.5000,0,✓ Yes,completed
0,90,56,09-02,+0.0%,+0.00%,0.5000,0,✓ Yes,completed
0,90,68,09-02,+0.0%,+0.00%,0.5000,0,✓ Yes,completed
0,90,79,09-02,+0.0%,+0.00%,0.5000,0,✓ Yes,completed
0,90,90,09-02,+0.0%,+0.00%,0.5000,0,✓ Yes,completed
0,100,0,09-02,+0.0%,+0.00%,0.5000,0,✓ Yes,completed
0,100,11,09-02,+0.0%,+0.00%,0.5000,0,✓ Yes,completed
0,100,22,09-02,+0.0%,+0.00%,0.5000,0,✓ Yes,completed
0,100,33,09-02,+0.0%,+0.00%,0.5000,0,✓ Yes,completed
0,100,44,09-02,+0.0%,+0.00%,0.5000,0,✓ Yes,completed
0,100,56,09-02,+0.0%,+0.00%,0.5000,0,✓ Yes,completed
0,100,67,09-02,+0.0%,+0.00%,0.5000,0,✓ Yes,completed
0,100,78,09-02,+0.0%,+0.00%,0.5000,0,✓ Yes,completed
0,100,89,09-02,+0.0%,+0.00%,0.5000,0,✓ Yes,completed
0,100,100,09-02,+0.0%,+0.00%,0.5000,0,✓ Yes,completed
0,10,0,11-02,+10.0%,+99.35%,0.9967,1,✗ No,budget_exceeded
0,10,10,11-02,+10.0%,+99.35%,0.9967,1,✗ No,budget_exceeded
0,20,0,11-02,+10.0%,+99.23%,0.9962,1,✗ No,budget_exceeded
0,20,20,11-02,+10.0%,+91.25%,0.9562,19,✗ No,budget_exceeded
0,30,0,11-02,+10.0%,+75.12%,0.8756,1,✗ No,budget_exceeded
0,30,15,11-02,+10.0%,+75.12%,0.8756,1,✗ No,budget_exceeded
0,30,30,11-02,+10.0%,+52.17%,0.7608,23,✗ No,budget_exceeded
0,40,0,11-02,+10.0%,+73.12%,0.8656,1,✗ No,budget_exceeded
0,40,13,11-02,+10.0%,+73.12%,0.8656,1,✗ No,budget_exceeded
0,40,27,11-02,+6.6%,+1.19%,0.5060,3,✓ Yes,completed
0,40,40,11-02,+1.5%,+0.56%,0.5028,5,✓ Yes,completed
0,50,0,11-02,+0.0%,+0.00%,0.5000,0,✓ Yes,completed
0,50,13,11-02,+0.0%,+0.00%,0.5000,0,✓ Yes,completed
0,50,25,11-02,+0.0%,+0.00%,0.5000,0,✓ Yes,completed
0,50,38,11-02,+0.0%,+0.00%,0.5000,0,✓ Yes,completed
0,50,50,11-02,+0.0%,+0.00%,0.5000,0,✓ Yes,completed
0,60,0,11-02,+0.0%,+0.00%,0.5000,0,✓ Yes,completed
0,60,12,11-02,+0.0%,+0.00%,0.5000,0,✓ Yes,completed
0,60,24,11-02,+0.0%,+0.00%,0.5000,0,✓ Yes,completed
0,60,36,11-02,+0.0%,+0.00%,0.5000,0,✓ Yes,completed
0,60,48,11-02,+0.0%,+0.00%,0.5000,0,✓ Yes,completed
0,60,60,11-02,+0.0%,+0.00%,0.5000,0,✓ Yes,completed
0,70,0,11-02,+0.0%,+0.00%,0.5000,0,✓ Yes,completed
0,70,12,11-02,+0.0%,+0.00%,0.5000,0,✓ Yes,completed
0,70,23,11-02,+0.0%,+0.00%,0.5000,0,✓ Yes,completed
0,70,35,11-02,+0.0%,+0.00%,0.5000,0,✓ Yes,completed
0,70,47,11-02,+0.0%,+0.00%,0.5000,0,✓ Yes,completed
0,70,58,11-02,+0.0%,+0.00%,0.5000,0,✓ Yes,completed
0,70,70,11-02,+0.0%,+0.00%,0.5000,0,✓ Yes,completed
0,80,0,11-02,+0.0%,+0.00%,0.5000,0,✓ Yes,completed
0,80,11,11-02,+0.0%,+0.00%,0.5000,0,✓ Yes,completed
0,80,23,11-02,+0.0%,+0.00%,0.5000,0,✓ Yes,completed
0,80,34,11-02,+0.0%,+0.00%,0.5000,0,✓ Yes,completed
0,80,46,11-02,+0.0%,+0.00%,0.5000,0,✓ Yes,completed
0,80,57,11-02,+0.0%,+0.00%,0.5000,0,✓ Yes,completed
0,80,69,11-02,+0.0%,+0.00%,0.5000,0,✓ Yes,completed
0,80,80,11-02,+0.0%,+0.00%,0.5000,0,✓ Yes,completed
0,90,0,11-02,+0.0%,+0.00%,0.5000,0,✓ Yes,completed
0,90,11,11-02,+0.0%,+0.00%,0.5000,0,✓ Yes,completed
0,90,23,11-02,+0.0%,+0.00%,0.5000,0,✓ Yes,completed
0,90,34,11-02,+0.0%,+0.00%,0.5000,0,✓ Yes,completed
0,90,45,11-02,+0.0%,+0.00%,0.5000,0,✓ Yes,completed
0,90,56,11-02,+0.0%,+0.00%,0.5000,0,✓ Yes,completed
0,90,68,11-02,+0.0%,+0.00%,0.5000,0,✓ Yes,completed
0,90,79,11-02,+0.0%,+0.00%,0.5000,0,✓ Yes,completed
0,90,90,11-02,+0.0%,+0.00%,0.5000,0,✓ Yes,completed
0,100,0,11-02,+0.0%,+0.00%,0.5000,0,✓ Yes,completed
0,100,11,11-02,+0.0%,+0.00%,0.5000,0,✓ Yes,completed
0,100,22,11-02,+0.0%,+0.00%,0.5000,0,✓ Yes,completed
0,100,33,11-02,+0.0%,+0.00%,0.5000,0,✓ Yes,completed
0,100,44,11-02,+0.0%,+0.00%,0.5000,0,✓ Yes,completed
0,100,56,11-02,+0.0%,+0.00%,0.5000,0,✓ Yes,completed
0,100,67,11-02,+0.0%,+0.00%,0.5000,0,✓ Yes,completed
0,100,78,11-02,+0.0%,+0.00%,0.5000,0,✓ Yes,completed
0,100,89,11-02,+0.0%,+0.00%,0.5000,0,✓ Yes,completed
0,100,100,11-02,+0.0%,+0.00%,0.5000,0,✓ Yes,completed
0,10,0,12-31,+10.0%,+98.92%,0.9946,1,✗ No,budget_exceeded
0,10,10,12-31,+10.0%,+98.92%,0.9946,1,✗ No,budget_exceeded
0,20,0,12-31,+10.0%,+98.92%,0.9946,1,✗ No,budget_exceeded
0,20,20,12-31,+10.0%,+98.92%,0.9946,1,✗ No,budget_exceeded
0,30,0,12-31,+10.0%,+98.92%,0.9946,1,✗ No,budget_exceeded
0,30,15,12-31,+10.0%,+98.92%,0.9946,1,✗ No,budget_exceeded
0,30,30,12-31,+10.0%,+95.63%,0.9782,9,✗ No,budget_exceeded
0,40,0,12-31,+10.0%,+96.48%,0.9824,1,✗ No,budget_exceeded
0,40,13,12-31,+10.0%,+96.48%,0.9824,1,✗ No,budget_exceeded
0,40,27,12-31,+10.0%,+91.34%,0.9567,3,✗ No,budget_exceeded
0,40,40,12-31,+1.4%,+0.75%,0.5038,8,✓ Yes,completed
0,50,0,12-31,+0.0%,+0.00%,0.5000,0,✓ Yes,completed
0,50,13,12-31,+0.0%,+0.00%,0.5000,0,✓ Yes,completed
0,50,25,12-31,+0.0%,+0.00%,0.5000,0,✓ Yes,completed
0,50,38,12-31,+0.0%,+0.00%,0.5000,0,✓ Yes,completed
0,50,50,12-31,+0.0%,+0.00%,0.5000,0,✓ Yes,completed
0,60,0,12-31,+0.0%,+0.00%,0.5000,0,✓ Yes,completed
0,60,12,12-31,+0.0%,+0.00%,0.5000,0,✓ Yes,completed
0,60,24,12-31,+0.0%,+0.00%,0.5000,0,✓ Yes,completed
0,60,36,12-31,+0.0%,+0.00%,0.5000,0,✓ Yes,completed
0,60,48,12-31,+0.0%,+0.00%,0.5000,0,✓ Yes,completed
0,60,60,12-31,+0.0%,+0.00%,0.5000,0,✓ Yes,completed
0,70,0,12-31,+0.0%,+0.00%,0.5000,0,✓ Yes,completed
0,70,12,12-31,+0.0%,+0.00%,0.5000,0,✓ Yes,completed
0,70,23,12-31,+0.0%,+0.00%,0.5000,0,✓ Yes,completed
0,70,35,12-31,+0.0%,+0.00%,0.5000,0,✓ Yes,completed
0,70,47,12-31,+0.0%,+0.00%,0.5000,0,✓ Yes,completed
0,70,58,12-31,+0.0%,+0.00%,0.5000,0,✓ Yes,completed
0,70,70,12-31,+0.0%,+0.00%,0.5000,0,✓ Yes,completed
0,80,0,12-31,+0.0%,+0.00%,0.5000,0,✓ Yes,completed
0,80,11,12-31,+0.0%,+0.00%,0.5000,0,✓ Yes,completed
0,80,23,12-31,+0.0%,+0.00%,0.5000,0,✓ Yes,completed
0,80,34,12-31,+0.0%,+0.00%,0.5000,0,✓ Yes,completed
0,80,46,12-31,+0.0%,+0.00%,0.5000,0,✓ Yes,completed
0,80,57,12-31,+0.0%,+0.00%,0.5000,0,✓ Yes,completed
0,80,69,12-31,+0.0%,+0.00%,0.5000,0,✓ Yes,completed
0,80,80,12-31,+0.0%,+0.00%,0.5000,0,✓ Yes,completed
0,90,0,12-31,+0.0%,+0.00%,0.5000,0,✓ Yes,completed
0,90,11,12-31,+0.0%,+0.00%,0.5000,0,✓ Yes,completed
0,90,23,12-31,+0.0%,+0.00%,0.5000,0,✓ Yes,completed
0,90,34,12-31,+0.0%,+0.00%,0.5000,0,✓ Yes,completed
0,90,45,12-31,+0.0%,+0.00%,0.5000,0,✓ Yes,completed
0,90,56,12-31,+0.0%,+0.00%,0.5000,0,✓ Yes,completed
0,90,68,12-31,+0.0%,+0.00%,0.5000,0,✓ Yes,completed
0,90,79,12-31,+0.0%,+0.00%,0.5000,0,✓ Yes,completed
0,90,90,12-31,+0.0%,+0.00%,0.5000,0,✓ Yes,completed
0,100,0,12-31,+0.0%,+0.00%,0.5000,0,✓ Yes,completed
0,100,11,12-31,+0.0%,+0.00%,0.5000,0,✓ Yes,completed
0,100,22,12-31,+0.0%,+0.00%,0.5000,0,✓ Yes,completed
0,100,33,12-31,+0.0%,+0.00%,0.5000,0,✓ Yes,completed
0,100,44,12-31,+0.0%,+0.00%,0.5000,0,✓ Yes,completed
0,100,56,12-31,+0.0%,+0.00%,0.5000,0,✓ Yes,completed
0,100,67,12-31,+0.0%,+0.00%,0.5000,0,✓ Yes,completed
0,100,78,12-31,+0.0%,+0.00%,0.5000,0,✓ Yes,completed
0,100,89,12-31,+0.0%,+0.00%,0.5000,0,✓ Yes,completed
0,100,100,12-31,+0.0%,+0.00%,0.5000,0,✓ Yes,completed
1,10,10,02-10,+10.0%,+99.20%,0.9960,1,✗ No,budget_exceeded
1,10,10,02-10,+10.0%,+99.20%,0.9960,1,✗ No,budget_exceeded
1,14,10,02-10,+10.0%,+99.20%,0.9960,1,✗ No,budget_exceeded
1,14,14,02-10,+10.0%,+99.20%,0.9960,1,✗ No,budget_exceeded
1,19,10,02-10,+10.0%,+99.20%,0.9960,1,✗ No,budget_exceeded
1,19,19,02-10,+10.0%,+99.20%,0.9960,1,✗ No,budget_exceeded
1,23,10,02-10,+10.0%,+98.81%,0.9941,1,✗ No,budget_exceeded
1,23,17,02-10,+10.0%,+98.81%,0.9941,1,✗ No,budget_exceeded
1,23,23,02-10,+10.0%,+92.20%,0.9610,15,✗ No,budget_exceeded
1,28,10,02-10,+10.0%,+91.56%,0.9578,1,✗ No,budget_exceeded
1,28,16,02-10,+10.0%,+91.56%,0.9578,1,✗ No,budget_exceeded
1,28,22,02-10,+10.0%,+66.55%,0.8327,5,✗ No,budget_exceeded
1,28,28,02-10,+10.0%,+48.85%,0.7443,26,✗ No,budget_exceeded
1,32,10,02-10,+10.0%,+52.14%,0.7607,1,✗ No,budget_exceeded
1,32,14,02-10,+10.0%,+52.14%,0.7607,1,✗ No,budget_exceeded
1,32,19,02-10,+10.0%,+52.14%,0.7607,1,✗ No,budget_exceeded
1,32,23,02-10,+10.0%,+39.15%,0.6957,3,✗ No,budget_exceeded
1,32,28,02-10,+10.0%,+11.43%,0.5571,17,✗ No,budget_exceeded
1,32,32,02-10,+7.8%,+1.73%,0.5086,36,✓ Yes,completed
1,37,10,02-10,+10.0%,+49.42%,0.7471,1,✗ No,budget_exceeded
1,37,14,02-10,+10.0%,+49.42%,0.7471,1,✗ No,budget_exceeded
1,37,19,02-10,+10.0%,+49.42%,0.7471,1,✗ No,budget_exceeded
1,37,23,02-10,+10.0%,+19.59%,0.5979,4,✗ No,budget_exceeded
1,37,28,02-10,+3.8%,+0.72%,0.5036,8,✓ Yes,completed
1,37,32,02-10,+3.2%,+0.70%,0.5035,8,✓ Yes,completed
1,37,37,02-10,+1.7%,+0.49%,0.5024,13,✓ Yes,completed
1,41,10,02-10,+10.0%,+10.53%,0.5526,1,✗ No,budget_exceeded
1,41,14,02-10,+10.0%,+10.53%,0.5526,1,✗ No,budget_exceeded
1,41,19,02-10,+10.0%,+10.53%,0.5526,1,✗ No,budget_exceeded
1,41,23,02-10,+4.5%,-0.06%,0.4997,2,✓ Yes,completed
1,41,28,02-10,+0.7%,+0.14%,0.5007,2,✓ Yes,completed
1,41,32,02-10,+0.6%,+0.18%,0.5009,2,✓ Yes,completed
1,41,37,02-10,+0.6%,+0.18%,0.5009,2,✓ Yes,completed
1,41,41,02-10,+0.3%,+0.18%,0.5009,2,✓ Yes,completed
1,46,10,02-10,+10.0%,+4.01%,0.5200,1,✗ No,budget_exceeded
1,46,14,02-10,+10.0%,+4.01%,0.5200,1,✗ No,budget_exceeded
1,46,19,02-10,+10.0%,+4.01%,0.5200,1,✗ No,budget_exceeded
1,46,23,02-10,+0.3%,+0.12%,0.5006,1,✓ Yes,completed
1,46,28,02-10,+0.2%,+0.13%,0.5006,1,✓ Yes,completed
1,46,32,02-10,+0.2%,+0.13%,0.5006,1,✓ Yes,completed
1,46,37,02-10,+0.2%,+0.13%,0.5006,1,✓ Yes,completed
1,46,41,02-10,+0.2%,+0.10%,0.5005,1,✓ Yes,completed
1,46,46,02-10,+0.1%,+0.05%,0.5003,1,✓ Yes,completed
1,50,10,02-10,+0.0%,+0.00%,0.5000,0,✓ Yes,completed
1,50,14,02-10,+0.0%,+0.00%,0.5000,0,✓ Yes,completed
1,50,19,02-10,+0.0%,+0.00%,0.5000,0,✓ Yes,completed
1,50,23,02-10,+0.0%,+0.00%,0.5000,0,✓ Yes,completed
1,50,28,02-10,+0.0%,+0.00%,0.5000,0,✓ Yes,completed
1,50,32,02-10,+0.0%,+0.00%,0.5000,0,✓ Yes,completed
1,50,37,02-10,+0.0%,+0.00%,0.5000,0,✓ Yes,completed
1,50,41,02-10,+0.0%,+0.00%,0.5000,0,✓ Yes,completed
1,50,46,02-10,+0.0%,+0.00%,0.5000,0,✓ Yes,completed
1,50,50,02-10,+0.0%,+0.00%,0.5000,0,✓ Yes,completed
1,10,10,03-09,+10.0%,+99.04%,0.9952,1,✗ No,budget_exceeded
1,10,10,03-09,+10.0%,+99.04%,0.9952,1,✗ No,budget_exceeded
1,14,10,03-09,+10.0%,+99.04%,0.9952,1,✗ No,budget_exceeded
1,14,14,03-09,+10.0%,+99.04%,0.9952,1,✗ No,budget_exceeded
1,19,10,03-09,+10.0%,+99.04%,0.9952,1,✗ No,budget_exceeded
1,19,19,03-09,+10.0%,+99.04%,0.9952,1,✗ No,budget_exceeded
1,23,10,03-09,+10.0%,+99.04%,0.9952,1,✗ No,budget_exceeded
1,23,17,03-09,+10.0%,+99.04%,0.9952,1,✗ No,budget_exceeded
1,23,23,03-09,+10.0%,+98.90%,0.9945,2,✗ No,budget_exceeded
1,28,10,03-09,+10.0%,+99.04%,0.9952,1,✗ No,budget_exceeded
1,28,16,03-09,+10.0%,+99.04%,0.9952,1,✗ No,budget_exceeded
1,28,22,03-09,+10.0%,+99.04%,0.9952,1,✗ No,budget_exceeded
1,28,28,03-09,+10.0%,+83.23%,0.9161,21,✗ No,budget_exceeded
1,32,10,03-09,+10.0%,+99.04%,0.9952,1,✗ No,budget_exceeded
1,32,14,03-09,+10.0%,+99.04%,0.9952,1,✗ No,budget_exceeded
1,32,19,03-09,+10.0%,+99.04%,0.9952,1,✗ No,budget_exceeded
1,32,23,03-09,+10.0%,+86.54%,0.9327,3,✗ No,budget_exceeded
1,32,28,03-09,+10.0%,+59.86%,0.7993,17,✗ No,budget_exceeded
1,32,32,03-09,+10.0%,+21.36%,0.6068,47,✗ No,budget_exceeded
1,37,10,03-09,+10.0%,+96.42%,0.9821,1,✗ No,budget_exceeded
1,37,14,03-09,+10.0%,+96.42%,0.9821,1,✗ No,budget_exceeded
1,37,19,03-09,+10.0%,+96.42%,0.9821,1,✗ No,budget_exceeded
1,37,23,03-09,+10.0%,+67.71%,0.8386,4,✗ No,budget_exceeded
1,37,28,03-09,+6.9%,+2.09%,0.5104,16,✓ Yes,completed
1,37,32,03-09,+5.9%,+2.10%,0.5105,16,✓ Yes,completed
1,37,37,03-09,+4.1%,+1.67%,0.5083,22,✓ Yes,completed
1,41,10,03-09,+10.0%,+58.99%,0.7950,1,✗ No,budget_exceeded
1,41,14,03-09,+10.0%,+58.99%,0.7950,1,✗ No,budget_exceeded
1,41,19,03-09,+10.0%,+58.99%,0.7950,1,✗ No,budget_exceeded
1,41,23,03-09,+8.3%,+1.28%,0.5064,6,✓ Yes,completed
1,41,28,03-09,+2.4%,+0.95%,0.5047,6,✓ Yes,completed
1,41,32,03-09,+2.1%,+1.02%,0.5051,6,✓ Yes,completed
1,41,37,03-09,+1.9%,+1.01%,0.5050,6,✓ Yes,completed
1,41,41,03-09,+1.3%,+0.66%,0.5033,6,✓ Yes,completed
1,46,10,03-09,+10.0%,+52.72%,0.7636,1,✗ No,budget_exceeded
1,46,14,03-09,+10.0%,+52.72%,0.7636,1,✗ No,budget_exceeded
1,46,19,03-09,+10.0%,+52.72%,0.7636,1,✗ No,budget_exceeded
1,46,23,03-09,+0.3%,+0.12%,0.5006,1,✓ Yes,completed
1,46,28,03-09,+0.2%,+0.13%,0.5006,1,✓ Yes,completed
1,46,32,03-09,+0.2%,+0.13%,0.5006,1,✓ Yes,completed
1,46,37,03-09,+0.2%,+0.12%,0.5006,1,✓ Yes,completed
1,46,41,03-09,+0.2%,+0.10%,0.5005,1,✓ Yes,completed
1,46,46,03-09,+0.1%,+0.05%,0.5003,1,✓ Yes,completed
1,50,10,03-09,+0.0%,+0.00%,0.5000,0,✓ Yes,completed
1,50,14,03-09,+0.0%,+0.00%,0.5000,0,✓ Yes,completed
1,50,19,03-09,+0.0%,+0.00%,0.5000,0,✓ Yes,completed
1,50,23,03-09,+0.0%,+0.00%,0.5000,0,✓ Yes,completed
1,50,28,03-09,+0.0%,+0.00%,0.5000,0,✓ Yes,completed
1,50,32,03-09,+0.0%,+0.00%,0.5000,0,✓ Yes,completed
1,50,37,03-09,+0.0%,+0.00%,0.5000,0,✓ Yes,completed
1,50,41,03-09,+0.0%,+0.00%,0.5000,0,✓ Yes,completed
1,50,46,03-09,+0.0%,+0.00%,0.5000,0,✓ Yes,completed
1,50,50,03-09,+0.0%,+0.00%,0.5000,0,✓ Yes,completed
1,10,10,04-05,+10.0%,+99.09%,0.9955,1,✗ No,budget_exceeded
1,10,10,04-05,+10.0%,+99.09%,0.9955,1,✗ No,budget_exceeded
1,14,10,04-05,+10.0%,+99.09%,0.9955,1,✗ No,budget_exceeded
1,14,14,04-05,+10.0%,+99.09%,0.9955,1,✗ No,budget_exceeded
1,19,10,04-05,+10.0%,+99.09%,0.9955,1,✗ No,budget_exceeded
1,19,19,04-05,+10.0%,+99.09%,0.9955,1,✗ No,budget_exceeded
1,23,10,04-05,+10.0%,+98.73%,0.9937,1,✗ No,budget_exceeded
1,23,17,04-05,+10.0%,+98.73%,0.9937,1,✗ No,budget_exceeded
1,23,23,04-05,+10.0%,+89.33%,0.9467,23,✗ No,budget_exceeded
1,28,10,04-05,+10.0%,+98.43%,0.9921,1,✗ No,budget_exceeded
1,28,16,04-05,+10.0%,+98.43%,0.9921,1,✗ No,budget_exceeded
1,28,22,04-05,+10.0%,+90.30%,0.9515,8,✗ No,budget_exceeded
1,28,28,04-05,+10.0%,+70.57%,0.8529,30,✗ No,budget_exceeded
1,32,10,04-05,+10.0%,+98.41%,0.9921,1,✗ No,budget_exceeded
1,32,14,04-05,+10.0%,+98.41%,0.9921,1,✗ No,budget_exceeded
1,32,19,04-05,+10.0%,+98.41%,0.9921,1,✗ No,budget_exceeded
1,32,23,04-05,+10.0%,+70.08%,0.8504,9,✗ No,budget_exceeded
1,32,28,04-05,+10.0%,+46.07%,0.7303,23,✗ No,budget_exceeded
1,32,32,04-05,+9.1%,+4.38%,0.5219,45,✓ Yes,completed
1,37,10,04-05,+10.0%,+98.22%,0.9911,1,✗ No,budget_exceeded
1,37,14,04-05,+10.0%,+98.22%,0.9911,1,✗ No,budget_exceeded
1,37,19,04-05,+10.0%,+98.22%,0.9911,1,✗ No,budget_exceeded
1,37,23,04-05,+10.0%,+39.76%,0.6988,13,✗ No,budget_exceeded
1,37,28,04-05,+5.6%,+2.96%,0.5148,14,✓ Yes,completed
1,37,32,04-05,+4.9%,+2.71%,0.5136,14,✓ Yes,completed
1,37,37,04-05,+3.4%,+2.01%,0.5100,19,✓ Yes,completed
1,41,10,04-05,+10.0%,+68.19%,0.8410,1,✗ No,budget_exceeded
1,41,14,04-05,+10.0%,+68.19%,0.8410,1,✗ No,budget_exceeded
1,41,19,04-05,+10.0%,+68.19%,0.8410,1,✗ No,budget_exceeded
1,41,23,04-05,+3.7%,+1.56%,0.5078,4,✓ Yes,completed
1,41,28,04-05,+1.7%,+0.96%,0.5048,4,✓ Yes,completed
1,41,32,04-05,+1.5%,+0.87%,0.5044,4,✓ Yes,completed
1,41,37,04-05,+1.3%,+0.73%,0.5036,4,✓ Yes,completed
1,41,41,04-05,+1.0%,+0.51%,0.5025,4,✓ Yes,completed
1,46,10,04-05,+0.0%,+0.00%,0.5000,0,✓ Yes,completed
1,46,14,04-05,+0.0%,+0.00%,0.5000,0,✓ Yes,completed
1,46,19,04-05,+0.0%,+0.00%,0.5000,0,✓ Yes,completed
1,46,23,04-05,+0.0%,+0.00%,0.5000,0,✓ Yes,completed
1,46,28,04-05,+0.0%,+0.00%,0.5000,0,✓ Yes,completed
1,46,32,04-05,+0.0%,+0.00%,0.5000,0,✓ Yes,completed
1,46,37,04-05,+0.0%,+0.00%,0.5000,0,✓ Yes,completed
1,46,41,04-05,+0.0%,+0.00%,0.5000,0,✓ Yes,completed
1,46,46,04-05,+0.0%,+0.00%,0.5000,0,✓ Yes,completed
1,50,10,04-05,+0.0%,+0.00%,0.5000,0,✓ Yes,completed
1,50,14,04-05,+0.0%,+0.00%,0.5000,0,✓ Yes,completed
1,50,19,04-05,+0.0%,+0.00%,0.5000,0,✓ Yes,completed
1,50,23,04-05,+0.0%,+0.00%,0.5000,0,✓ Yes,completed
1,50,28,04-05,+0.0%,+0.00%,0.5000,0,✓ Yes,completed
1,50,32,04-05,+0.0%,+0.00%,0.5000,0,✓ Yes,completed
1,50,37,04-05,+0.0%,+0.00%,0.5000,0,✓ Yes,completed
1,50,41,04-05,+0.0%,+0.00%,0.5000,0,✓ Yes,completed
1,50,46,04-05,+0.0%,+0.00%,0.5000,0,✓ Yes,completed
1,50,50,04-05,+0.0%,+0.00%,0.5000,0,✓ Yes,completed
1,10,10,05-02,+10.0%,+99.01%,0.9951,1,✗ No,budget_exceeded
1,10,10,05-02,+10.0%,+99.01%,0.9951,1,✗ No,budget_exceeded
1,14,10,05-02,+10.0%,+99.01%,0.9951,1,✗ No,budget_exceeded
1,14,14,05-02,+10.0%,+99.01%,0.9951,1,✗ No,budget_exceeded
1,19,10,05-02,+10.0%,+99.01%,0.9951,1,✗ No,budget_exceeded
1,19,19,05-02,+10.0%,+99.01%,0.9951,1,✗ No,budget_exceeded
1,23,10,05-02,+10.0%,+98.54%,0.9927,1,✗ No,budget_exceeded
1,23,17,05-02,+10.0%,+98.54%,0.9927,1,✗ No,budget_exceeded
1,23,23,05-02,+10.0%,+89.87%,0.9493,20,✗ No,budget_exceeded
1,28,10,05-02,+10.0%,+98.37%,0.9919,1,✗ No,budget_exceeded
1,28,16,05-02,+10.0%,+98.37%,0.9919,1,✗ No,budget_exceeded
1,28,22,05-02,+10.0%,+93.62%,0.9681,6,✗ No,budget_exceeded
1,28,28,05-02,+10.0%,+60.95%,0.8047,34,✗ No,budget_exceeded
1,32,10,05-02,+10.0%,+98.17%,0.9908,1,✗ No,budget_exceeded
1,32,14,05-02,+10.0%,+98.17%,0.9908,1,✗ No,budget_exceeded
1,32,19,05-02,+10.0%,+98.17%,0.9908,1,✗ No,budget_exceeded
1,32,23,05-02,+10.0%,+17.61%,0.5881,20,✗ No,budget_exceeded
1,32,28,05-02,+8.1%,+3.71%,0.5185,21,✓ Yes,completed
1,32,32,05-02,+4.6%,+2.32%,0.5116,26,✓ Yes,completed
1,37,10,05-02,+10.0%,+93.80%,0.9690,1,✗ No,budget_exceeded
1,37,14,05-02,+10.0%,+93.80%,0.9690,1,✗ No,budget_exceeded
1,37,19,05-02,+10.0%,+93.80%,0.9690,1,✗ No,budget_exceeded
1,37,23,05-02,+2.4%,+0.95%,0.5048,5,✓ Yes,completed
1,37,28,05-02,+1.9%,+0.92%,0.5046,5,✓ Yes,completed
1,37,32,05-02,+1.7%,+0.80%,0.5040,5,✓ Yes,completed
1,37,37,05-02,+0.9%,+0.22%,0.5011,8,✓ Yes,completed
1,41,10,05-02,+0.0%,+0.00%,0.5000,0,✓ Yes,completed
1,41,14,05-02,+0.0%,+0.00%,0.5000,0,✓ Yes,completed
1,41,19,05-02,+0.0%,+0.00%,0.5000,0,✓ Yes,completed
1,41,23,05-02,+0.0%,+0.00%,0.5000,0,✓ Yes,completed
1,41,28,05-02,+0.0%,+0.00%,0.5000,0,✓ Yes,completed
1,41,32,05-02,+0.0%,+0.00%,0.5000,0,✓ Yes,completed
1,41,37,05-02,+0.0%,+0.00%,0.5000,0,✓ Yes,completed
1,41,41,05-02,+0.0%,+0.00%,0.5000,0,✓ Yes,completed
1,46,10,05-02,+0.0%,+0.00%,0.5000,0,✓ Yes,completed
1,46,14,05-02,+0.0%,+0.00%,0.5000,0,✓ Yes,completed
1,46,19,05-02,+0.0%,+0.00%,0.5000,0,✓ Yes,completed
1,46,23,05-02,+0.0%,+0.00%,0.5000,0,✓ Yes,completed
1,46,28,05-02,+0.0%,+0.00%,0.5000,0,✓ Yes,completed
1,46,32,05-02,+0.0%,+0.00%,0.5000,0,✓ Yes,completed
1,46,37,05-02,+0.0%,+0.00%,0.5000,0,✓ Yes,completed
1,46,41,05-02,+0.0%,+0.00%,0.5000,0,✓ Yes,completed
1,46,46,05-02,+0.0%,+0.00%,0.5000,0,✓ Yes,completed
1,50,10,05-02,+0.0%,+0.00%,0.5000,0,✓ Yes,completed
1,50,14,05-02,+0.0%,+0.00%,0.5000,0,✓ Yes,completed
1,50,19,05-02,+0.0%,+0.00%,0.5000,0,✓ Yes,completed
1,50,23,05-02,+0.0%,+0.00%,0.5000,0,✓ Yes,completed
1,50,28,05-02,+0.0%,+0.00%,0.5000,0,✓ Yes,completed
1,50,32,05-02,+0.0%,+0.00%,0.5000,0,✓ Yes,completed
1,50,37,05-02,+0.0%,+0.00%,0.5000,0,✓ Yes,completed
1,50,41,05-02,+0.0%,+0.00%,0.5000,0,✓ Yes,completed
1,50,46,05-02,+0.0%,+0.00%,0.5000,0,✓ Yes,completed
1,50,50,05-02,+0.0%,+0.00%,0.5000,0,✓ Yes,completed
1,10,10,05-29,+10.0%,+99.09%,0.9954,1,✗ No,budget_exceeded
1,10,10,05-29,+10.0%,+99.09%,0.9954,1,✗ No,budget_exceeded
1,14,10,05-29,+10.0%,+99.09%,0.9954,1,✗ No,budget_exceeded
1,14,14,05-29,+10.0%,+99.09%,0.9954,1,✗ No,budget_exceeded
1,19,10,05-29,+10.0%,+98.79%,0.9940,1,✗ No,budget_exceeded
1,19,19,05-29,+10.0%,+89.41%,0.9470,14,✗ No,budget_exceeded
1,23,10,05-29,+10.0%,+98.54%,0.9927,1,✗ No,budget_exceeded
1,23,17,05-29,+10.0%,+90.58%,0.9529,6,✗ No,budget_exceeded
1,23,23,05-29,+10.0%,+64.62%,0.8231,34,✗ No,budget_exceeded
1,28,10,05-29,+10.0%,+98.44%,0.9922,1,✗ No,budget_exceeded
1,28,16,05-29,+10.0%,+98.44%,0.9922,1,✗ No,budget_exceeded
1,28,22,05-29,+10.0%,+11.11%,0.5556,24,✗ No,budget_exceeded
1,28,28,05-29,+7.3%,+3.57%,0.5179,31,✓ Yes,completed
1,32,10,05-29,+10.0%,+86.63%,0.9331,1,✗ No,budget_exceeded
1,32,14,05-29,+10.0%,+86.63%,0.9331,1,✗ No,budget_exceeded
1,32,19,05-29,+3.5%,+1.38%,0.5069,7,✓ Yes,completed
1,32,23,05-29,+2.7%,+1.26%,0.5063,7,✓ Yes,completed
1,32,28,05-29,+2.4%,+1.22%,0.5061,7,✓ Yes,completed
1,32,32,05-29,+1.3%,+0.82%,0.5041,7,✓ Yes,completed
1,37,10,05-29,+0.0%,+0.00%,0.5000,0,✓ Yes,completed
1,37,14,05-29,+0.0%,+0.00%,0.5000,0,✓ Yes,completed
1,37,19,05-29,+0.0%,+0.00%,0.5000,0,✓ Yes,completed
1,37,23,05-29,+0.0%,+0.00%,0.5000,0,✓ Yes,completed
1,37,28,05-29,+0.0%,+0.00%,0.5000,0,✓ Yes,completed
1,37,32,05-29,+0.0%,+0.00%,0.5000,0,✓ Yes,completed
1,37,37,05-29,+0.0%,+0.00%,0.5000,0,✓ Yes,completed
1,41,10,05-29,+0.0%,+0.00%,0.5000,0,✓ Yes,completed
1,41,14,05-29,+0.0%,+0.00%,0.5000,0,✓ Yes,completed
1,41,19,05-29,+0.0%,+0.00%,0.5000,0,✓ Yes,completed
1,41,23,05-29,+0.0%,+0.00%,0.5000,0,✓ Yes,completed
1,41,28,05-29,+0.0%,+0.00%,0.5000,0,✓ Yes,completed
1,41,32,05-29,+0.0%,+0.00%,0.5000,0,✓ Yes,completed
1,41,37,05-29,+0.0%,+0.00%,0.5000,0,✓ Yes,completed
1,41,41,05-29,+0.0%,+0.00%,0.5000,0,✓ Yes,completed
1,46,10,05-29,+0.0%,+0.00%,0.5000,0,✓ Yes,completed
1,46,14,05-29,+0.0%,+0.00%,0.5000,0,✓ Yes,completed
1,46,19,05-29,+0.0%,+0.00%,0.5000,0,✓ Yes,completed
1,46,23,05-29,+0.0%,+0.00%,0.5000,0,✓ Yes,completed
1,46,28,05-29,+0.0%,+0.00%,0.5000,0,✓ Yes,completed
1,46,32,05-29,+0.0%,+0.00%,0.5000,0,✓ Yes,completed
1,46,37,05-29,+0.0%,+0.00%,0.5000,0,✓ Yes,completed
1,46,41,05-29,+0.0%,+0.00%,0.5000,0,✓ Yes,completed
1,46,46,05-29,+0.0%,+0.00%,0.5000,0,✓ Yes,completed
1,50,10,05-29,+0.0%,+0.00%,0.5000,0,✓ Yes,completed
1,50,14,05-29,+0.0%,+0.00%,0.5000,0,✓ Yes,completed
1,50,19,05-29,+0.0%,+0.00%,0.5000,0,✓ Yes,completed
1,50,23,05-29,+0.0%,+0.00%,0.5000,0,✓ Yes,completed
1,50,28,05-29,+0.0%,+0.00%,0.5000,0,✓ Yes,completed
1,50,32,05-29,+0.0%,+0.00%,0.5000,0,✓ Yes,completed
1,50,37,05-29,+0.0%,+0.00%,0.5000,0,✓ Yes,completed
1,50,41,05-29,+0.0%,+0.00%,0.5000,0,✓ Yes,completed
1,50,46,05-29,+0.0%,+0.00%,0.5000,0,✓ Yes,completed
1,50,50,05-29,+0.0%,+0.00%,0.5000,0,✓ Yes,completed
1,10,10,06-25,+10.0%,+99.08%,0.9954,1,✗ No,budget_exceeded
1,10,10,06-25,+10.0%,+99.08%,0.9954,1,✗ No,budget_exceeded
1,14,10,06-25,+10.0%,+99.08%,0.9954,1,✗ No,budget_exceeded
1,14,14,06-25,+10.0%,+99.08%,0.9954,1,✗ No,budget_exceeded
1,19,10,06-25,+10.0%,+98.57%,0.9928,1,✗ No,budget_exceeded
1,19,19,06-25,+10.0%,+83.95%,0.9198,16,✗ No,budget_exceeded
1,23,10,06-25,+10.0%,+98.48%,0.9924,1,✗ No,budget_exceeded
1,23,17,06-25,+10.0%,+82.86%,0.9143,14,✗ No,budget_exceeded
1,23,23,06-25,+10.0%,+37.67%,0.6884,40,✗ No,budget_exceeded
1,28,10,06-25,+10.0%,+98.48%,0.9924,1,✗ No,budget_exceeded
1,28,16,06-25,+10.0%,+61.86%,0.8093,7,✗ No,budget_exceeded
1,28,22,06-25,+5.4%,+2.53%,0.5127,14,✓ Yes,completed
1,28,28,06-25,+3.4%,+1.82%,0.5091,19,✓ Yes,completed
1,32,10,06-25,+10.0%,+98.35%,0.9918,1,✗ No,budget_exceeded
1,32,14,06-25,+10.0%,+98.35%,0.9918,1,✗ No,budget_exceeded
1,32,19,06-25,+1.6%,+0.62%,0.5031,3,✓ Yes,completed
1,32,23,06-25,+1.0%,+0.51%,0.5025,3,✓ Yes,completed
1,32,28,06-25,+0.9%,+0.48%,0.5024,3,✓ Yes,completed
1,32,32,06-25,+0.7%,+0.38%,0.5019,3,✓ Yes,completed
1,37,10,06-25,+0.0%,+0.00%,0.5000,0,✓ Yes,completed
1,37,14,06-25,+0.0%,+0.00%,0.5000,0,✓ Yes,completed
1,37,19,06-25,+0.0%,+0.00%,0.5000,0,✓ Yes,completed
1,37,23,06-25,+0.0%,+0.00%,0.5000,0,✓ Yes,completed
1,37,28,06-25,+0.0%,+0.00%,0.5000,0,✓ Yes,completed
1,37,32,06-25,+0.0%,+0.00%,0.5000,0,✓ Yes,completed
1,37,37,06-25,+0.0%,+0.00%,0.5000,0,✓ Yes,completed
1,41,10,06-25,+0.0%,+0.00%,0.5000,0,✓ Yes,completed
1,41,14,06-25,+0.0%,+0.00%,0.5000,0,✓ Yes,completed
1,41,19,06-25,+0.0%,+0.00%,0.5000,0,✓ Yes,completed
1,41,23,06-25,+0.0%,+0.00%,0.5000,0,✓ Yes,completed
1,41,28,06-25,+0.0%,+0.00%,0.5000,0,✓ Yes,completed
1,41,32,06-25,+0.0%,+0.00%,0.5000,0,✓ Yes,completed
1,41,37,06-25,+0.0%,+0.00%,0.5000,0,✓ Yes,completed
1,41,41,06-25,+0.0%,+0.00%,0.5000,0,✓ Yes,completed
1,46,10,06-25,+0.0%,+0.00%,0.5000,0,✓ Yes,completed
1,46,14,06-25,+0.0%,+0.00%,0.5000,0,✓ Yes,completed
1,46,19,06-25,+0.0%,+0.00%,0.5000,0,✓ Yes,completed
1,46,23,06-25,+0.0%,+0.00%,0.5000,0,✓ Yes,completed
1,46,28,06-25,+0.0%,+0.00%,0.5000,0,✓ Yes,completed
1,46,32,06-25,+0.0%,+0.00%,0.5000,0,✓ Yes,completed
1,46,37,06-25,+0.0%,+0.00%,0.5000,0,✓ Yes,completed
1,46,41,06-25,+0.0%,+0.00%,0.5000,0,✓ Yes,completed
1,46,46,06-25,+0.0%,+0.00%,0.5000,0,✓ Yes,completed
1,50,10,06-25,+0.0%,+0.00%,0.5000,0,✓ Yes,completed
1,50,14,06-25,+0.0%,+0.00%,0.5000,0,✓ Yes,completed
1,50,19,06-25,+0.0%,+0.00%,0.5000,0,✓ Yes,completed
1,50,23,06-25,+0.0%,+0.00%,0.5000,0,✓ Yes,completed
1,50,28,06-25,+0.0%,+0.00%,0.5000,0,✓ Yes,completed
1,50,32,06-25,+0.0%,+0.00%,0.5000,0,✓ Yes,completed
1,50,37,06-25,+0.0%,+0.00%,0.5000,0,✓ Yes,completed
1,50,41,06-25,+0.0%,+0.00%,0.5000,0,✓ Yes,completed
1,50,46,06-25,+0.0%,+0.00%,0.5000,0,✓ Yes,completed
1,50,50,06-25,+0.0%,+0.00%,0.5000,0,✓ Yes,completed
1,10,10,07-22,+10.0%,+99.17%,0.9959,1,✗ No,budget_exceeded
1,10,10,07-22,+10.0%,+99.17%,0.9959,1,✗ No,budget_exceeded
1,14,10,07-22,+10.0%,+99.17%,0.9959,1,✗ No,budget_exceeded
1,14,14,07-22,+10.0%,+99.17%,0.9959,1,✗ No,budget_exceeded
1,19,10,07-22,+10.0%,+98.55%,0.9928,1,✗ No,budget_exceeded
1,19,19,07-22,+10.0%,+73.88%,0.8694,24,✗ No,budget_exceeded
1,23,10,07-22,+10.0%,+97.04%,0.9852,1,✗ No,budget_exceeded
1,23,17,07-22,+10.0%,+53.99%,0.7700,19,✗ No,budget_exceeded
1,23,23,07-22,+10.0%,+33.77%,0.6688,39,✗ No,budget_exceeded
1,28,10,07-22,+10.0%,+96.93%,0.9846,1,✗ No,budget_exceeded
1,28,16,07-22,+10.0%,+16.24%,0.5812,10,✗ No,budget_exceeded
1,28,22,07-22,+4.0%,+1.37%,0.5069,11,✓ Yes,completed
1,28,28,07-22,+2.5%,+0.86%,0.5043,16,✓ Yes,completed
1,32,10,07-22,+10.0%,+59.59%,0.7979,1,✗ No,budget_exceeded
1,32,14,07-22,+6.6%,-0.65%,0.4968,1,✓ Yes,completed
1,32,19,07-22,+0.6%,+0.01%,0.5001,1,✓ Yes,completed
1,32,23,07-22,+0.2%,+0.13%,0.5006,1,✓ Yes,completed
1,32,28,07-22,+0.2%,+0.11%,0.5006,1,✓ Yes,completed
1,32,32,07-22,+0.2%,+0.11%,0.5006,1,✓ Yes,completed
1,37,10,07-22,+0.0%,+0.00%,0.5000,0,✓ Yes,completed
1,37,14,07-22,+0.0%,+0.00%,0.5000,0,✓ Yes,completed
1,37,19,07-22,+0.0%,+0.00%,0.5000,0,✓ Yes,completed
1,37,23,07-22,+0.0%,+0.00%,0.5000,0,✓ Yes,completed
1,37,28,07-22,+0.0%,+0.00%,0.5000,0,✓ Yes,completed
1,37,32,07-22,+0.0%,+0.00%,0.5000,0,✓ Yes,completed
1,37,37,07-22,+0.0%,+0.00%,0.5000,0,✓ Yes,completed
1,41,10,07-22,+0.0%,+0.00%,0.5000,0,✓ Yes,completed
1,41,14,07-22,+0.0%,+0.00%,0.5000,0,✓ Yes,completed
1,41,19,07-22,+0.0%,+0.00%,0.5000,0,✓ Yes,completed
1,41,23,07-22,+0.0%,+0.00%,0.5000,0,✓ Yes,completed
1,41,28,07-22,+0.0%,+0.00%,0.5000,0,✓ Yes,completed
1,41,32,07-22,+0.0%,+0.00%,0.5000,0,✓ Yes,completed
1,41,37,07-22,+0.0%,+0.00%,0.5000,0,✓ Yes,completed
1,41,41,07-22,+0.0%,+0.00%,0.5000,0,✓ Yes,completed
1,46,10,07-22,+0.0%,+0.00%,0.5000,0,✓ Yes,completed
1,46,14,07-22,+0.0%,+0.00%,0.5000,0,✓ Yes,completed
1,46,19,07-22,+0.0%,+0.00%,0.5000,0,✓ Yes,completed
1,46,23,07-22,+0.0%,+0.00%,0.5000,0,✓ Yes,completed
1,46,28,07-22,+0.0%,+0.00%,0.5000,0,✓ Yes,completed
1,46,32,07-22,+0.0%,+0.00%,0.5000,0,✓ Yes,completed
1,46,37,07-22,+0.0%,+0.00%,0.5000,0,✓ Yes,completed
1,46,41,07-22,+0.0%,+0.00%,0.5000,0,✓ Yes,completed
1,46,46,07-22,+0.0%,+0.00%,0.5000,0,✓ Yes,completed
1,50,10,07-22,+0.0%,+0.00%,0.5000,0,✓ Yes,completed
1,50,14,07-22,+0.0%,+0.00%,0.5000,0,✓ Yes,completed
1,50,19,07-22,+0.0%,+0.00%,0.5000,0,✓ Yes,completed
1,50,23,07-22,+0.0%,+0.00%,0.5000,0,✓ Yes,completed
1,50,28,07-22,+0.0%,+0.00%,0.5000,0,✓ Yes,completed
1,50,32,07-22,+0.0%,+0.00%,0.5000,0,✓ Yes,completed
1,50,37,07-22,+0.0%,+0.00%,0.5000,0,✓ Yes,completed
1,50,41,07-22,+0.0%,+0.00%,0.5000,0,✓ Yes,completed
1,50,46,07-22,+0.0%,+0.00%,0.5000,0,✓ Yes,completed
1,50,50,07-22,+0.0%,+0.00%,0.5000,0,✓ Yes,completed
1,10,10,07-24,+10.0%,+99.19%,0.9959,1,✗ No,budget_exceeded
1,10,10,07-24,+10.0%,+99.19%,0.9959,1,✗ No,budget_exceeded
1,14,10,07-24,+10.0%,+99.19%,0.9959,1,✗ No,budget_exceeded
1,14,14,07-24,+10.0%,+99.19%,0.9959,1,✗ No,budget_exceeded
1,19,10,07-24,+10.0%,+98.57%,0.9929,1,✗ No,budget_exceeded
1,19,19,07-24,+10.0%,+75.19%,0.8759,25,✗ No,budget_exceeded
1,23,10,07-24,+10.0%,+91.57%,0.9578,1,✗ No,budget_exceeded
1,23,17,07-24,+10.0%,+55.51%,0.7775,19,✗ No,budget_exceeded
1,23,23,07-24,+10.0%,+31.98%,0.6599,41,✗ No,budget_exceeded
1,28,10,07-24,+10.0%,+81.24%,0.9062,1,✗ No,budget_exceeded
1,28,16,07-24,+10.0%,+19.03%,0.5952,9,✗ No,budget_exceeded
1,28,22,07-24,+3.5%,+1.37%,0.5068,10,✓ Yes,completed
1,28,28,07-24,+2.3%,+1.04%,0.5052,14,✓ Yes,completed
1,32,10,07-24,+10.0%,+63.35%,0.8167,1,✗ No,budget_exceeded
1,32,14,07-24,+6.6%,-0.57%,0.4971,1,✓ Yes,completed
1,32,19,07-24,+0.6%,+0.05%,0.5003,1,✓ Yes,completed
1,32,23,07-24,+0.2%,+0.11%,0.5005,1,✓ Yes,completed
1,32,28,07-24,+0.2%,+0.10%,0.5005,1,✓ Yes,completed
1,32,32,07-24,+0.2%,+0.10%,0.5005,1,✓ Yes,completed
1,37,10,07-24,+0.0%,+0.00%,0.5000,0,✓ Yes,completed
1,37,14,07-24,+0.0%,+0.00%,0.5000,0,✓ Yes,completed
1,37,19,07-24,+0.0%,+0.00%,0.5000,0,✓ Yes,completed
1,37,23,07-24,+0.0%,+0.00%,0.5000,0,✓ Yes,completed
1,37,28,07-24,+0.0%,+0.00%,0.5000,0,✓ Yes,completed
1,37,32,07-24,+0.0%,+0.00%,0.5000,0,✓ Yes,completed
1,37,37,07-24,+0.0%,+0.00%,0.5000,0,✓ Yes,completed
1,41,10,07-24,+0.0%,+0.00%,0.5000,0,✓ Yes,completed
1,41,14,07-24,+0.0%,+0.00%,0.5000,0,✓ Yes,completed
1,41,19,07-24,+0.0%,+0.00%,0.5000,0,✓ Yes,completed
1,41,23,07-24,+0.0%,+0.00%,0.5000,0,✓ Yes,completed
1,41,28,07-24,+0.0%,+0.00%,0.5000,0,✓ Yes,completed
1,41,32,07-24,+0.0%,+0.00%,0.5000,0,✓ Yes,completed
1,41,37,07-24,+0.0%,+0.00%,0.5000,0,✓ Yes,completed
1,41,41,07-24,+0.0%,+0.00%,0.5000,0,✓ Yes,completed
1,46,10,07-24,+0.0%,+0.00%,0.5000,0,✓ Yes,completed
1,46,14,07-24,+0.0%,+0.00%,0.5000,0,✓ Yes,completed
1,46,19,07-24,+0.0%,+0.00%,0.5000,0,✓ Yes,completed
1,46,23,07-24,+0.0%,+0.00%,0.5000,0,✓ Yes,completed
1,46,28,07-24,+0.0%,+0.00%,0.5000,0,✓ Yes,completed
1,46,32,07-24,+0.0%,+0.00%,0.5000,0,✓ Yes,completed
1,46,37,07-24,+0.0%,+0.00%,0.5000,0,✓ Yes,completed
1,46,41,07-24,+0.0%,+0.00%,0.5000,0,✓ Yes,completed
1,46,46,07-24,+0.0%,+0.00%,0.5000,0,✓ Yes,completed
1,50,10,07-24,+0.0%,+0.00%,0.5000,0,✓ Yes,completed
1,50,14,07-24,+0.0%,+0.00%,0.5000,0,✓ Yes,completed
1,50,19,07-24,+0.0%,+0.00%,0.5000,0,✓ Yes,completed
1,50,23,07-24,+0.0%,+0.00%,0.5000,0,✓ Yes,completed
1,50,28,07-24,+0.0%,+0.00%,0.5000,0,✓ Yes,completed
1,50,32,07-24,+0.0%,+0.00%,0.5000,0,✓ Yes,completed
1,50,37,07-24,+0.0%,+0.00%,0.5000,0,✓ Yes,completed
1,50,41,07-24,+0.0%,+0.00%,0.5000,0,✓ Yes,completed
1,50,46,07-24,+0.0%,+0.00%,0.5000,0,✓ Yes,completed
1,50,50,07-24,+0.0%,+0.00%,0.5000,0,✓ Yes,completed
2,21,21,03-27,+10.0%,+99.09%,0.9955,1,✗ No,budget_exceeded
2,21,21,03-27,+10.0%,+99.09%,0.9955,1,✗ No,budget_exceeded
2,23,21,03-27,+10.0%,+99.09%,0.9955,1,✗ No,budget_exceeded
2,23,23,03-27,+10.0%,+97.15%,0.9857,6,✗ No,budget_exceeded
2,25,21,03-27,+10.0%,+98.44%,0.9922,1,✗ No,budget_exceeded
2,25,25,03-27,+10.0%,+91.15%,0.9558,15,✗ No,budget_exceeded
2,27,21,03-27,+10.0%,+96.66%,0.9833,1,✗ No,budget_exceeded
2,27,24,03-27,+10.0%,+90.52%,0.9526,8,✗ No,budget_exceeded
2,27,27,03-27,+10.0%,+81.89%,0.9095,26,✗ No,budget_exceeded
2,29,21,03-27,+10.0%,+96.41%,0.9821,1,✗ No,budget_exceeded
2,29,24,03-27,+10.0%,+86.46%,0.9323,9,✗ No,budget_exceeded
2,29,26,03-27,+10.0%,+71.81%,0.8590,20,✗ No,budget_exceeded
2,29,29,03-27,+10.0%,+60.61%,0.8031,40,✗ No,budget_exceeded
2,31,21,03-27,+10.0%,+93.31%,0.9665,1,✗ No,budget_exceeded
2,31,23,03-27,+10.0%,+88.63%,0.9431,2,✗ No,budget_exceeded
2,31,25,03-27,+10.0%,+62.46%,0.8123,17,✗ No,budget_exceeded
2,31,27,03-27,+10.0%,+54.52%,0.7726,24,✗ No,budget_exceeded
2,31,29,03-27,+10.0%,+51.10%,0.7555,26,✗ No,budget_exceeded
2,31,31,03-27,+10.0%,+42.02%,0.7101,37,✗ No,budget_exceeded
2,33,21,03-27,+10.0%,+93.31%,0.9665,1,✗ No,budget_exceeded
2,33,23,03-27,+10.0%,+88.53%,0.9427,2,✗ No,budget_exceeded
2,33,25,03-27,+10.0%,+48.68%,0.7434,14,✗ No,budget_exceeded
2,33,27,03-27,+10.0%,+37.69%,0.6884,21,✗ No,budget_exceeded
2,33,29,03-27,+10.0%,+27.16%,0.6358,24,✗ No,budget_exceeded
2,33,31,03-27,+10.0%,+25.31%,0.6265,25,✗ No,budget_exceeded
2,33,33,03-27,+9.2%,+4.31%,0.5216,39,✓ Yes,completed
2,35,21,03-27,+10.0%,+93.21%,0.9660,1,✗ No,budget_exceeded
2,35,23,03-27,+10.0%,+88.38%,0.9419,2,✗ No,budget_exceeded
2,35,25,03-27,+10.0%,+44.63%,0.7231,14,✗ No,budget_exceeded
2,35,27,03-27,+9.9%,+4.17%,0.5208,21,✓ Yes,completed
2,35,29,03-27,+8.9%,+4.10%,0.5205,21,✓ Yes,completed
2,35,31,03-27,+8.4%,+3.91%,0.5196,21,✓ Yes,completed
2,35,33,03-27,+7.4%,+3.56%,0.5178,22,✓ Yes,completed
2,35,35,03-27,+6.9%,+3.31%,0.5165,24,✓ Yes,completed
2,37,21,03-27,+10.0%,+93.09%,0.9654,1,✗ No,budget_exceeded
2,37,23,03-27,+10.0%,+88.20%,0.9410,2,✗ No,budget_exceeded
2,37,25,03-27,+10.0%,+24.16%,0.6208,16,✗ No,budget_exceeded
2,37,27,03-27,+7.2%,+3.17%,0.5158,17,✓ Yes,completed
2,37,29,03-27,+6.5%,+3.00%,0.5150,17,✓ Yes,completed
2,37,31,03-27,+6.2%,+2.92%,0.5146,17,✓ Yes,completed
2,37,33,03-27,+5.7%,+2.78%,0.5139,17,✓ Yes,completed
2,37,35,03-27,+5.4%,+2.67%,0.5133,17,✓ Yes,completed
2,37,37,03-27,+4.1%,+1.97%,0.5098,30,✓ Yes,completed
2,39,21,03-27,+10.0%,+92.89%,0.9644,1,✗ No,budget_exceeded
2,39,23,03-27,+10.0%,+87.89%,0.9394,2,✗ No,budget_exceeded
2,39,25,03-27,+5.3%,+1.87%,0.5094,10,✓ Yes,completed
2,39,27,03-27,+3.9%,+1.80%,0.5090,10,✓ Yes,completed
2,39,29,03-27,+3.7%,+1.78%,0.5089,10,✓ Yes,completed
2,39,31,03-27,+3.5%,+1.71%,0.5085,10,✓ Yes,completed
2,39,33,03-27,+3.3%,+1.64%,0.5082,10,✓ Yes,completed
2,39,35,03-27,+3.2%,+1.56%,0.5078,10,✓ Yes,completed
2,39,37,03-27,+2.7%,+1.31%,0.5065,10,✓ Yes,completed
2,39,39,03-27,+2.1%,+1.21%,0.5060,17,✓ Yes,completed
2,21,21,04-08,+10.0%,+97.24%,0.9862,9,✗ No,budget_exceeded
2,21,21,04-08,+10.0%,+97.24%,0.9862,9,✗ No,budget_exceeded
2,23,21,04-08,+10.0%,+95.57%,0.9779,6,✗ No,budget_exceeded
2,23,23,04-08,+10.0%,+91.04%,0.9552,25,✗ No,budget_exceeded
2,25,21,04-08,+10.0%,+94.05%,0.9702,6,✗ No,budget_exceeded
2,25,25,04-08,+10.0%,+81.72%,0.9086,21,✗ No,budget_exceeded
2,27,21,04-08,+10.0%,+93.65%,0.9683,6,✗ No,budget_exceeded
2,27,24,04-08,+10.0%,+81.28%,0.9064,16,✗ No,budget_exceeded
2,27,27,04-08,+10.0%,+74.44%,0.8722,31,✗ No,budget_exceeded
2,29,21,04-08,+10.0%,+91.50%,0.9575,6,✗ No,budget_exceeded
2,29,24,04-08,+10.0%,+79.91%,0.8995,15,✗ No,budget_exceeded
2,29,26,04-08,+10.0%,+72.14%,0.8607,22,✗ No,budget_exceeded
2,29,29,04-08,+10.0%,+64.77%,0.8238,33,✗ No,budget_exceeded
2,31,21,04-08,+10.0%,+89.70%,0.9485,6,✗ No,budget_exceeded
2,31,23,04-08,+10.0%,+78.27%,0.8914,11,✗ No,budget_exceeded
2,31,25,04-08,+10.0%,+68.02%,0.8401,19,✗ No,budget_exceeded
2,31,27,04-08,+10.0%,+59.12%,0.7956,25,✗ No,budget_exceeded
2,31,29,04-08,+10.0%,+53.06%,0.7653,28,✗ No,budget_exceeded
2,31,31,04-08,+10.0%,+43.96%,0.7198,43,✗ No,budget_exceeded
2,33,21,04-08,+10.0%,+79.34%,0.8967,5,✗ No,budget_exceeded
2,33,23,04-08,+10.0%,+72.40%,0.8620,5,✗ No,budget_exceeded
2,33,25,04-08,+10.0%,+43.44%,0.7172,20,✗ No,budget_exceeded
2,33,27,04-08,+10.0%,+7.81%,0.5391,25,✗ No,budget_exceeded
2,33,29,04-08,+9.1%,+4.49%,0.5225,25,✓ Yes,completed
2,33,31,04-08,+8.3%,+4.15%,0.5207,25,✓ Yes,completed
2,33,33,04-08,+6.6%,+3.32%,0.5166,35,✓ Yes,completed
2,35,21,04-08,+10.0%,+72.84%,0.8642,4,✗ No,budget_exceeded
2,35,23,04-08,+10.0%,+53.07%,0.7653,10,✗ No,budget_exceeded
2,35,25,04-08,+8.4%,+3.68%,0.5184,16,✓ Yes,completed
2,35,27,04-08,+7.2%,+3.49%,0.5174,16,✓ Yes,completed
2,35,29,04-08,+6.5%,+3.27%,0.5163,16,✓ Yes,completed
2,35,31,04-08,+6.1%,+3.18%,0.5159,16,✓ Yes,completed
2,35,33,04-08,+5.1%,+2.86%,0.5143,17,✓ Yes,completed
2,35,35,04-08,+4.7%,+2.55%,0.5127,19,✓ Yes,completed
2,37,21,04-08,+10.0%,+72.19%,0.8610,4,✗ No,budget_exceeded
2,37,23,04-08,+9.2%,+3.43%,0.5171,11,✓ Yes,completed
2,37,25,04-08,+5.8%,+2.72%,0.5136,12,✓ Yes,completed
2,37,27,04-08,+4.8%,+2.47%,0.5124,12,✓ Yes,completed
2,37,29,04-08,+4.5%,+2.36%,0.5118,12,✓ Yes,completed
2,37,31,04-08,+4.2%,+2.31%,0.5116,12,✓ Yes,completed
2,37,33,04-08,+3.8%,+2.20%,0.5110,12,✓ Yes,completed
2,37,35,04-08,+3.6%,+2.12%,0.5106,12,✓ Yes,completed
2,37,37,04-08,+2.6%,+1.44%,0.5072,21,✓ Yes,completed
2,39,21,04-08,+10.0%,+71.56%,0.8578,3,✗ No,budget_exceeded
2,39,23,04-08,+6.2%,+2.00%,0.5100,5,✓ Yes,completed
2,39,25,04-08,+3.1%,+1.36%,0.5068,6,✓ Yes,completed
2,39,27,04-08,+2.4%,+1.28%,0.5064,6,✓ Yes,completed
2,39,29,04-08,+2.3%,+1.28%,0.5064,6,✓ Yes,completed
2,39,31,04-08,+2.0%,+1.26%,0.5063,6,✓ Yes,completed
2,39,33,04-08,+2.0%,+1.24%,0.5062,6,✓ Yes,completed
2,39,35,04-08,+1.9%,+1.21%,0.5061,6,✓ Yes,completed
2,39,37,04-08,+1.5%,+0.98%,0.5049,6,✓ Yes,completed
2,39,39,04-08,+1.4%,+0.87%,0.5044,8,✓ Yes,completed
2,21,21,04-20,+10.0%,+98.67%,0.9934,6,✗ No,budget_exceeded
2,21,21,04-20,+10.0%,+98.67%,0.9934,6,✗ No,budget_exceeded
2,23,21,04-20,+10.0%,+97.76%,0.9888,3,✗ No,budget_exceeded
2,23,23,04-20,+10.0%,+96.59%,0.9829,3,✗ No,budget_exceeded
2,25,21,04-20,+10.0%,+97.44%,0.9872,3,✗ No,budget_exceeded
2,25,25,04-20,+10.0%,+91.77%,0.9589,20,✗ No,budget_exceeded
2,27,21,04-20,+10.0%,+97.35%,0.9868,3,✗ No,budget_exceeded
2,27,24,04-20,+10.0%,+92.93%,0.9646,8,✗ No,budget_exceeded
2,27,27,04-20,+10.0%,+82.19%,0.9110,27,✗ No,budget_exceeded
2,29,21,04-20,+10.0%,+97.17%,0.9858,3,✗ No,budget_exceeded
2,29,24,04-20,+10.0%,+91.43%,0.9571,8,✗ No,budget_exceeded
2,29,26,04-20,+10.0%,+76.69%,0.8834,19,✗ No,budget_exceeded
2,29,29,04-20,+10.0%,+72.37%,0.8619,31,✗ No,budget_exceeded
2,31,21,04-20,+10.0%,+96.94%,0.9847,3,✗ No,budget_exceeded
2,31,23,04-20,+10.0%,+95.79%,0.9790,3,✗ No,budget_exceeded
2,31,25,04-20,+10.0%,+76.02%,0.8801,17,✗ No,budget_exceeded
2,31,27,04-20,+10.0%,+70.22%,0.8511,20,✗ No,budget_exceeded
2,31,29,04-20,+10.0%,+66.33%,0.8317,23,✗ No,budget_exceeded
2,31,31,04-20,+10.0%,+32.22%,0.6611,43,✗ No,budget_exceeded
2,33,21,04-20,+10.0%,+93.20%,0.9660,2,✗ No,budget_exceeded
2,33,23,04-20,+10.0%,+92.69%,0.9634,2,✗ No,budget_exceeded
2,33,25,04-20,+10.0%,+41.74%,0.7087,20,✗ No,budget_exceeded
2,33,27,04-20,+9.8%,+4.82%,0.5241,24,✓ Yes,completed
2,33,29,04-20,+8.7%,+4.56%,0.5228,24,✓ Yes,completed
2,33,31,04-20,+7.9%,+4.23%,0.5211,24,✓ Yes,completed
2,33,33,04-20,+5.9%,+3.44%,0.5172,33,✓ Yes,completed
2,35,21,04-20,+10.0%,+86.39%,0.9320,3,✗ No,budget_exceeded
2,35,23,04-20,+10.0%,+73.04%,0.8652,8,✗ No,budget_exceeded
2,35,25,04-20,+7.6%,+3.66%,0.5183,14,✓ Yes,completed
2,35,27,04-20,+6.5%,+3.35%,0.5168,14,✓ Yes,completed
2,35,29,04-20,+5.8%,+3.41%,0.5170,14,✓ Yes,completed
2,35,31,04-20,+5.4%,+3.31%,0.5165,14,✓ Yes,completed
2,35,33,04-20,+4.5%,+2.85%,0.5143,15,✓ Yes,completed
2,35,35,04-20,+4.1%,+2.76%,0.5138,16,✓ Yes,completed
2,37,21,04-20,+10.0%,+85.92%,0.9296,3,✗ No,budget_exceeded
2,37,23,04-20,+8.3%,+3.31%,0.5165,9,✓ Yes,completed
2,37,25,04-20,+5.1%,+2.73%,0.5136,10,✓ Yes,completed
2,37,27,04-20,+4.3%,+2.61%,0.5130,10,✓ Yes,completed
2,37,29,04-20,+4.0%,+2.60%,0.5130,10,✓ Yes,completed
2,37,31,04-20,+3.7%,+2.55%,0.5127,10,✓ Yes,completed
2,37,33,04-20,+3.3%,+2.32%,0.5116,10,✓ Yes,completed
2,37,35,04-20,+3.2%,+2.27%,0.5113,10,✓ Yes,completed
2,37,37,04-20,+2.4%,+1.73%,0.5086,16,✓ Yes,completed
2,39,21,04-20,+10.0%,+85.92%,0.9296,3,✗ No,budget_exceeded
2,39,23,04-20,+5.7%,+2.34%,0.5117,4,✓ Yes,completed
2,39,25,04-20,+2.8%,+1.55%,0.5078,5,✓ Yes,completed
2,39,27,04-20,+2.1%,+1.53%,0.5076,5,✓ Yes,completed
2,39,29,04-20,+2.0%,+1.50%,0.5075,5,✓ Yes,completed
2,39,31,04-20,+1.8%,+1.40%,0.5070,5,✓ Yes,completed
2,39,33,04-20,+1.7%,+1.35%,0.5068,5,✓ Yes,completed
2,39,35,04-20,+1.7%,+1.35%,0.5068,5,✓ Yes,completed
2,39,37,04-20,+1.5%,+1.19%,0.5059,5,✓ Yes,completed
2,39,39,04-20,+1.3%,+1.09%,0.5055,6,✓ Yes,completed
2,21,21,05-02,+10.0%,+98.12%,0.9906,7,✗ No,budget_exceeded
2,21,21,05-02,+10.0%,+98.12%,0.9906,7,✗ No,budget_exceeded
2,23,21,05-02,+10.0%,+97.43%,0.9872,3,✗ No,budget_exceeded
2,23,23,05-02,+10.0%,+93.20%,0.9660,16,✗ No,budget_exceeded
2,25,21,05-02,+10.0%,+97.09%,0.9855,3,✗ No,budget_exceeded
2,25,25,05-02,+10.0%,+80.80%,0.9040,20,✗ No,budget_exceeded
2,27,21,05-02,+10.0%,+96.91%,0.9846,3,✗ No,budget_exceeded
2,27,24,05-02,+10.0%,+82.47%,0.9123,15,✗ No,budget_exceeded
2,27,27,05-02,+10.0%,+73.28%,0.8664,27,✗ No,budget_exceeded
2,29,21,05-02,+10.0%,+96.52%,0.9826,3,✗ No,budget_exceeded
2,29,24,05-02,+10.0%,+78.59%,0.8929,17,✗ No,budget_exceeded
2,29,26,05-02,+10.0%,+60.81%,0.8040,25,✗ No,budget_exceeded
2,29,29,05-02,+10.0%,+40.25%,0.7013,41,✗ No,budget_exceeded
2,31,21,05-02,+10.0%,+94.25%,0.9713,3,✗ No,budget_exceeded
2,31,23,05-02,+10.0%,+63.86%,0.8193,14,✗ No,budget_exceeded
2,31,25,05-02,+10.0%,+27.84%,0.6392,22,✗ No,budget_exceeded
2,31,27,05-02,+10.0%,+16.25%,0.5812,24,✗ No,budget_exceeded
2,31,29,05-02,+9.2%,+4.33%,0.5217,26,✓ Yes,completed
2,31,31,05-02,+7.5%,+3.74%,0.5187,39,✓ Yes,completed
2,33,21,05-02,+10.0%,+93.94%,0.9697,3,✗ No,budget_exceeded
2,33,23,05-02,+10.0%,+16.98%,0.5849,17,✗ No,budget_exceeded
2,33,25,05-02,+7.2%,+3.31%,0.5166,18,✓ Yes,completed
2,33,27,05-02,+6.6%,+3.11%,0.5155,18,✓ Yes,completed
2,33,29,05-02,+5.6%,+2.91%,0.5145,18,✓ Yes,completed
2,33,31,05-02,+5.2%,+2.67%,0.5133,18,✓ Yes,completed
2,33,33,05-02,+3.5%,+1.78%,0.5089,24,✓ Yes,completed
2,35,21,05-02,+10.0%,+89.02%,0.9451,4,✗ No,budget_exceeded
2,35,23,05-02,+6.5%,+2.24%,0.5112,8,✓ Yes,completed
2,35,25,05-02,+3.6%,+1.66%,0.5083,8,✓ Yes,completed
2,35,27,05-02,+3.2%,+1.52%,0.5076,8,✓ Yes,completed
2,35,29,05-02,+2.8%,+1.35%,0.5068,8,✓ Yes,completed
2,35,31,05-02,+2.7%,+1.28%,0.5064,8,✓ Yes,completed
2,35,33,05-02,+2.1%,+1.08%,0.5054,8,✓ Yes,completed
2,35,35,05-02,+1.8%,+0.90%,0.5045,8,✓ Yes,completed
2,37,21,05-02,+5.7%,+1.64%,0.5082,5,✓ Yes,completed
2,37,23,05-02,+2.5%,+0.93%,0.5046,5,✓ Yes,completed
2,37,25,05-02,+2.2%,+0.96%,0.5048,5,✓ Yes,completed
2,37,27,05-02,+2.0%,+0.95%,0.5048,5,✓ Yes,completed
2,37,29,05-02,+1.8%,+0.88%,0.5044,5,✓ Yes,completed
2,37,31,05-02,+1.7%,+0.84%,0.5042,5,✓ Yes,completed
2,37,33,05-02,+1.4%,+0.65%,0.5032,5,✓ Yes,completed
2,37,35,05-02,+1.3%,+0.59%,0.5030,5,✓ Yes,completed
2,37,37,05-02,+0.8%,+0.15%,0.5007,11,✓ Yes,completed
2,39,21,05-02,+0.0%,+0.00%,0.5000,0,✓ Yes,completed
2,39,23,05-02,+0.0%,+0.00%,0.5000,0,✓ Yes,completed
2,39,25,05-02,+0.0%,+0.00%,0.5000,0,✓ Yes,completed
2,39,27,05-02,+0.0%,+0.00%,0.5000,0,✓ Yes,completed
2,39,29,05-02,+0.0%,+0.00%,0.5000,0,✓ Yes,completed
2,39,31,05-02,+0.0%,+0.00%,0.5000,0,✓ Yes,completed
2,39,33,05-02,+0.0%,+0.00%,0.5000,0,✓ Yes,completed
2,39,35,05-02,+0.0%,+0.00%,0.5000,0,✓ Yes,completed
2,39,37,05-02,+0.0%,+0.00%,0.5000,0,✓ Yes,completed
2,39,39,05-02,+0.0%,+0.00%,0.5000,0,✓ Yes,completed
2,21,21,05-14,+10.0%,+86.94%,0.9347,14,✗ No,budget_exceeded
2,21,21,05-14,+10.0%,+86.94%,0.9347,14,✗ No,budget_exceeded
2,23,21,05-14,+10.0%,+81.73%,0.9086,16,✗ No,budget_exceeded
2,23,23,05-14,+10.0%,+76.35%,0.8818,25,✗ No,budget_exceeded
2,25,21,05-14,+10.0%,+74.64%,0.8732,17,✗ No,budget_exceeded
2,25,25,05-14,+10.0%,+63.79%,0.8189,24,✗ No,budget_exceeded
2,27,21,05-14,+10.0%,+63.90%,0.8195,20,✗ No,budget_exceeded
2,27,24,05-14,+10.0%,+56.71%,0.7835,24,✗ No,budget_exceeded
2,27,27,05-14,+10.0%,+38.93%,0.6946,40,✗ No,budget_exceeded
2,29,21,05-14,+10.0%,+48.88%,0.7444,22,✗ No,budget_exceeded
2,29,24,05-14,+10.0%,+33.29%,0.6664,27,✗ No,budget_exceeded
2,29,26,05-14,+9.9%,+4.50%,0.5225,31,✓ Yes,completed
2,29,29,05-14,+7.9%,+3.78%,0.5189,39,✓ Yes,completed
2,31,21,05-14,+6.7%,+2.78%,0.5139,14,✓ Yes,completed
2,31,23,05-14,+5.9%,+2.75%,0.5138,14,✓ Yes,completed
2,31,25,05-14,+5.5%,+2.69%,0.5135,14,✓ Yes,completed
2,31,27,05-14,+5.2%,+2.57%,0.5128,14,✓ Yes,completed
2,31,29,05-14,+4.5%,+2.25%,0.5113,14,✓ Yes,completed
2,31,31,05-14,+3.5%,+1.91%,0.5096,21,✓ Yes,completed
2,33,21,05-14,+3.8%,+1.76%,0.5088,9,✓ Yes,completed
2,33,23,05-14,+3.3%,+1.68%,0.5084,9,✓ Yes,completed
2,33,25,05-14,+3.2%,+1.64%,0.5082,9,✓ Yes,completed
2,33,27,05-14,+3.0%,+1.55%,0.5077,9,✓ Yes,completed
2,33,29,05-14,+2.5%,+1.37%,0.5068,9,✓ Yes,completed
2,33,31,05-14,+2.3%,+1.33%,0.5066,9,✓ Yes,completed
2,33,33,05-14,+1.5%,+0.84%,0.5042,13,✓ Yes,completed
2,35,21,05-14,+0.9%,+0.39%,0.5020,2,✓ Yes,completed
2,35,23,05-14,+0.8%,+0.38%,0.5019,2,✓ Yes,completed
2,35,25,05-14,+0.8%,+0.38%,0.5019,2,✓ Yes,completed
2,35,27,05-14,+0.8%,+0.38%,0.5019,2,✓ Yes,completed
2,35,29,05-14,+0.7%,+0.37%,0.5018,2,✓ Yes,completed
2,35,31,05-14,+0.6%,+0.36%,0.5018,2,✓ Yes,completed
2,35,33,05-14,+0.6%,+0.36%,0.5018,2,✓ Yes,completed
2,35,35,05-14,+0.5%,+0.29%,0.5015,2,✓ Yes,completed
2,37,21,05-14,+0.5%,+0.20%,0.5010,1,✓ Yes,completed
2,37,23,05-14,+0.4%,+0.21%,0.5010,1,✓ Yes,completed
2,37,25,05-14,+0.4%,+0.21%,0.5010,1,✓ Yes,completed
2,37,27,05-14,+0.4%,+0.21%,0.5010,1,✓ Yes,completed
2,37,29,05-14,+0.3%,+0.19%,0.5010,1,✓ Yes,completed
2,37,31,05-14,+0.3%,+0.19%,0.5010,1,✓ Yes,completed
2,37,33,05-14,+0.3%,+0.19%,0.5010,1,✓ Yes,completed
2,37,35,05-14,+0.3%,+0.19%,0.5010,1,✓ Yes,completed
2,37,37,05-14,+0.1%,+0.08%,0.5004,4,✓ Yes,completed
2,39,21,05-14,+0.0%,+0.00%,0.5000,0,✓ Yes,completed
2,39,23,05-14,+0.0%,+0.00%,0.5000,0,✓ Yes,completed
2,39,25,05-14,+0.0%,+0.00%,0.5000,0,✓ Yes,completed
2,39,27,05-14,+0.0%,+0.00%,0.5000,0,✓ Yes,completed
2,39,29,05-14,+0.0%,+0.00%,0.5000,0,✓ Yes,completed
2,39,31,05-14,+0.0%,+0.00%,0.5000,0,✓ Yes,completed
2,39,33,05-14,+0.0%,+0.00%,0.5000,0,✓ Yes,completed
2,39,35,05-14,+0.0%,+0.00%,0.5000,0,✓ Yes,completed
2,39,37,05-14,+0.0%,+0.00%,0.5000,0,✓ Yes,completed
2,39,39,05-14,+0.0%,+0.00%,0.5000,0,✓ Yes,completed
2,21,21,05-26,+10.0%,+83.48%,0.9174,23,✗ No,budget_exceeded
2,21,21,05-26,+10.0%,+83.48%,0.9174,23,✗ No,budget_exceeded
2,23,21,05-26,+10.0%,+75.05%,0.8752,18,✗ No,budget_exceeded
2,23,23,05-26,+10.0%,+71.70%,0.8585,25,✗ No,budget_exceeded
2,25,21,05-26,+10.0%,+71.19%,0.8560,18,✗ No,budget_exceeded
2,25,25,05-26,+10.0%,+58.64%,0.7932,29,✗ No,budget_exceeded
2,27,21,05-26,+10.0%,+56.25%,0.7813,21,✗ No,budget_exceeded
2,27,24,05-26,+10.0%,+38.90%,0.6945,26,✗ No,budget_exceeded
2,27,27,05-26,+10.0%,+18.18%,0.5909,37,✗ No,budget_exceeded
2,29,21,05-26,+10.0%,+10.61%,0.5530,24,✗ No,budget_exceeded
2,29,24,05-26,+8.6%,+3.38%,0.5169,24,✓ Yes,completed
2,29,26,05-26,+7.7%,+3.32%,0.5166,24,✓ Yes,completed
2,29,29,05-26,+6.4%,+2.78%,0.5139,29,✓ Yes,completed
2,31,21,05-26,+5.5%,+2.09%,0.5105,12,✓ Yes,completed
2,31,23,05-26,+5.0%,+1.98%,0.5099,12,✓ Yes,completed
2,31,25,05-26,+4.7%,+1.89%,0.5095,12,✓ Yes,completed
2,31,27,05-26,+4.4%,+1.83%,0.5091,12,✓ Yes,completed
2,31,29,05-26,+3.7%,+1.75%,0.5088,12,✓ Yes,completed
2,31,31,05-26,+2.8%,+1.20%,0.5060,18,✓ Yes,completed
2,33,21,05-26,+3.2%,+1.16%,0.5058,8,✓ Yes,completed
2,33,23,05-26,+2.9%,+1.11%,0.5056,8,✓ Yes,completed
2,33,25,05-26,+2.7%,+1.09%,0.5054,8,✓ Yes,completed
2,33,27,05-26,+2.6%,+1.06%,0.5053,8,✓ Yes,completed
2,33,29,05-26,+1.9%,+1.04%,0.5052,7,✓ Yes,completed
2,33,31,05-26,+1.7%,+0.92%,0.5046,7,✓ Yes,completed
2,33,33,05-26,+1.0%,+0.45%,0.5022,10,✓ Yes,completed
2,35,21,05-26,+0.4%,+0.22%,0.5011,1,✓ Yes,completed
2,35,23,05-26,+0.4%,+0.22%,0.5011,1,✓ Yes,completed
2,35,25,05-26,+0.4%,+0.22%,0.5011,1,✓ Yes,completed
2,35,27,05-26,+0.4%,+0.22%,0.5011,1,✓ Yes,completed
2,35,29,05-26,+0.4%,+0.22%,0.5011,1,✓ Yes,completed
2,35,31,05-26,+0.3%,+0.21%,0.5010,1,✓ Yes,completed
2,35,33,05-26,+0.3%,+0.21%,0.5010,1,✓ Yes,completed
2,35,35,05-26,+0.2%,+0.12%,0.5006,1,✓ Yes,completed
2,37,21,05-26,+0.0%,+0.00%,0.5000,0,✓ Yes,completed
2,37,23,05-26,+0.0%,+0.00%,0.5000,0,✓ Yes,completed
2,37,25,05-26,+0.0%,+0.00%,0.5000,0,✓ Yes,completed
2,37,27,05-26,+0.0%,+0.00%,0.5000,0,✓ Yes,completed
2,37,29,05-26,+0.0%,+0.00%,0.5000,0,✓ Yes,completed
2,37,31,05-26,+0.0%,+0.00%,0.5000,0,✓ Yes,completed
2,37,33,05-26,+0.0%,+0.00%,0.5000,0,✓ Yes,completed
2,37,35,05-26,+0.0%,+0.00%,0.5000,0,✓ Yes,completed
2,37,37,05-26,+0.0%,+0.00%,0.5000,0,✓ Yes,completed
2,39,21,05-26,+0.0%,+0.00%,0.5000,0,✓ Yes,completed
2,39,23,05-26,+0.0%,+0.00%,0.5000,0,✓ Yes,completed
2,39,25,05-26,+0.0%,+0.00%,0.5000,0,✓ Yes,completed
2,39,27,05-26,+0.0%,+0.00%,0.5000,0,✓ Yes,completed
2,39,29,05-26,+0.0%,+0.00%,0.5000,0,✓ Yes,completed
2,39,31,05-26,+0.0%,+0.00%,0.5000,0,✓ Yes,completed
2,39,33,05-26,+0.0%,+0.00%,0.5000,0,✓ Yes,completed
2,39,35,05-26,+0.0%,+0.00%,0.5000,0,✓ Yes,completed
2,39,37,05-26,+0.0%,+0.00%,0.5000,0,✓ Yes,completed
2,39,39,05-26,+0.0%,+0.00%,0.5000,0,✓ Yes,completed
2,21,21,06-07,+10.0%,+80.26%,0.9013,19,✗ No,budget_exceeded
2,21,21,06-07,+10.0%,+80.26%,0.9013,19,✗ No,budget_exceeded
2,23,21,06-07,+10.0%,+75.05%,0.8752,19,✗ No,budget_exceeded
2,23,23,06-07,+10.0%,+67.87%,0.8393,35,✗ No,budget_exceeded
2,25,21,06-07,+10.0%,+63.57%,0.8179,19,✗ No,budget_exceeded
2,25,25,06-07,+10.0%,+42.41%,0.7121,35,✗ No,budget_exceeded
2,27,21,06-07,+10.0%,+33.33%,0.6667,24,✗ No,budget_exceeded
2,27,24,06-07,+10.0%,+8.15%,0.5408,29,✗ No,budget_exceeded
2,27,27,06-07,+8.5%,+4.28%,0.5214,32,✓ Yes,completed
2,29,21,06-07,+6.8%,+3.38%,0.5169,17,✓ Yes,completed
2,29,24,06-07,+5.9%,+3.33%,0.5167,17,✓ Yes,completed
2,29,26,06-07,+5.3%,+3.14%,0.5157,17,✓ Yes,completed
2,29,29,06-07,+4.4%,+2.64%,0.5132,21,✓ Yes,completed
2,31,21,06-07,+3.3%,+1.99%,0.5099,7,✓ Yes,completed
2,31,23,06-07,+3.0%,+1.91%,0.5096,7,✓ Yes,completed
2,31,25,06-07,+2.9%,+1.89%,0.5094,7,✓ Yes,completed
2,31,27,06-07,+2.9%,+1.89%,0.5094,7,✓ Yes,completed
2,31,29,06-07,+2.5%,+1.66%,0.5083,7,✓ Yes,completed
2,31,31,06-07,+1.8%,+1.31%,0.5065,8,✓ Yes,completed
2,33,21,06-07,+2.1%,+1.32%,0.5066,5,✓ Yes,completed
2,33,23,06-07,+1.9%,+1.29%,0.5065,5,✓ Yes,completed
2,33,25,06-07,+1.8%,+1.27%,0.5064,5,✓ Yes,completed
2,33,27,06-07,+1.8%,+1.27%,0.5064,5,✓ Yes,completed
2,33,29,06-07,+1.5%,+1.09%,0.5055,5,✓ Yes,completed
2,33,31,06-07,+1.3%,+0.94%,0.5047,5,✓ Yes,completed
2,33,33,06-07,+0.9%,+0.63%,0.5031,8,✓ Yes,completed
2,35,21,06-07,+0.4%,+0.28%,0.5014,1,✓ Yes,completed
2,35,23,06-07,+0.4%,+0.28%,0.5014,1,✓ Yes,completed
2,35,25,06-07,+0.4%,+0.28%,0.5014,1,✓ Yes,completed
2,35,27,06-07,+0.4%,+0.28%,0.5014,1,✓ Yes,completed
2,35,29,06-07,+0.4%,+0.28%,0.5014,1,✓ Yes,completed
2,35,31,06-07,+0.3%,+0.25%,0.5012,1,✓ Yes,completed
2,35,33,06-07,+0.3%,+0.25%,0.5012,1,✓ Yes,completed
2,35,35,06-07,+0.2%,+0.13%,0.5007,1,✓ Yes,completed
2,37,21,06-07,+0.0%,+0.00%,0.5000,0,✓ Yes,completed
2,37,23,06-07,+0.0%,+0.00%,0.5000,0,✓ Yes,completed
2,37,25,06-07,+0.0%,+0.00%,0.5000,0,✓ Yes,completed
2,37,27,06-07,+0.0%,+0.00%,0.5000,0,✓ Yes,completed
2,37,29,06-07,+0.0%,+0.00%,0.5000,0,✓ Yes,completed
2,37,31,06-07,+0.0%,+0.00%,0.5000,0,✓ Yes,completed
2,37,33,06-07,+0.0%,+0.00%,0.5000,0,✓ Yes,completed
2,37,35,06-07,+0.0%,+0.00%,0.5000,0,✓ Yes,completed
2,37,37,06-07,+0.0%,+0.00%,0.5000,0,✓ Yes,completed
2,39,21,06-07,+0.0%,+0.00%,0.5000,0,✓ Yes,completed
2,39,23,06-07,+0.0%,+0.00%,0.5000,0,✓ Yes,completed
2,39,25,06-07,+0.0%,+0.00%,0.5000,0,✓ Yes,completed
2,39,27,06-07,+0.0%,+0.00%,0.5000,0,✓ Yes,completed
2,39,29,06-07,+0.0%,+0.00%,0.5000,0,✓ Yes,completed
2,39,31,06-07,+0.0%,+0.00%,0.5000,0,✓ Yes,completed
2,39,33,06-07,+0.0%,+0.00%,0.5000,0,✓ Yes,completed
2,39,35,06-07,+0.0%,+0.00%,0.5000,0,✓ Yes,completed
2,39,37,06-07,+0.0%,+0.00%,0.5000,0,✓ Yes,completed
2,39,39,06-07,+0.0%,+0.00%,0.5000,0,✓ Yes,completed
2,21,21,06-09,+10.0%,+80.00%,0.9000,18,✗ No,budget_exceeded
2,21,21,06-09,+10.0%,+80.00%,0.9000,18,✗ No,budget_exceeded
2,23,21,06-09,+10.0%,+74.98%,0.8749,20,✗ No,budget_exceeded
2,23,23,06-09,+10.0%,+69.09%,0.8455,35,✗ No,budget_exceeded
2,25,21,06-09,+10.0%,+62.03%,0.8101,20,✗ No,budget_exceeded
2,25,25,06-09,+10.0%,+35.49%,0.6774,39,✗ No,budget_exceeded
2,27,21,06-09,+10.0%,+33.24%,0.6662,25,✗ No,budget_exceeded
2,27,24,06-09,+9.7%,+4.65%,0.5233,29,✓ Yes,completed
2,27,27,06-09,+8.0%,+4.01%,0.5200,31,✓ Yes,completed
2,29,21,06-09,+6.2%,+2.91%,0.5145,16,✓ Yes,completed
2,29,24,06-09,+5.3%,+2.76%,0.5138,16,✓ Yes,completed
2,29,26,06-09,+4.8%,+2.50%,0.5125,16,✓ Yes,completed
2,29,29,06-09,+4.1%,+2.32%,0.5116,20,✓ Yes,completed
2,31,21,06-09,+2.7%,+1.40%,0.5070,6,✓ Yes,completed
2,31,23,06-09,+2.5%,+1.41%,0.5070,6,✓ Yes,completed
2,31,25,06-09,+2.4%,+1.44%,0.5072,6,✓ Yes,completed
2,31,27,06-09,+2.4%,+1.44%,0.5072,6,✓ Yes,completed
2,31,29,06-09,+2.1%,+1.41%,0.5071,6,✓ Yes,completed
2,31,31,06-09,+1.7%,+1.20%,0.5060,7,✓ Yes,completed
2,33,21,06-09,+2.1%,+1.26%,0.5063,5,✓ Yes,completed
2,33,23,06-09,+1.9%,+1.24%,0.5062,5,✓ Yes,completed
2,33,25,06-09,+1.8%,+1.22%,0.5061,5,✓ Yes,completed
2,33,27,06-09,+1.8%,+1.22%,0.5061,5,✓ Yes,completed
2,33,29,06-09,+1.5%,+1.04%,0.5052,5,✓ Yes,completed
2,33,31,06-09,+1.3%,+0.89%,0.5044,5,✓ Yes,completed
2,33,33,06-09,+0.9%,+0.57%,0.5028,8,✓ Yes,completed
2,35,21,06-09,+0.4%,+0.28%,0.5014,1,✓ Yes,completed
2,35,23,06-09,+0.4%,+0.28%,0.5014,1,✓ Yes,completed
2,35,25,06-09,+0.4%,+0.28%,0.5014,1,✓ Yes,completed
2,35,27,06-09,+0.4%,+0.28%,0.5014,1,✓ Yes,completed
2,35,29,06-09,+0.4%,+0.28%,0.5014,1,✓ Yes,completed
2,35,31,06-09,+0.3%,+0.25%,0.5012,1,✓ Yes,completed
2,35,33,06-09,+0.3%,+0.25%,0.5012,1,✓ Yes,completed
2,35,35,06-09,+0.2%,+0.13%,0.5007,1,✓ Yes,completed
2,37,21,06-09,+0.0%,+0.00%,0.5000,0,✓ Yes,completed
2,37,23,06-09,+0.0%,+0.00%,0.5000,0,✓ Yes,completed
2,37,25,06-09,+0.0%,+0.00%,0.5000,0,✓ Yes,completed
2,37,27,06-09,+0.0%,+0.00%,0.5000,0,✓ Yes,completed
2,37,29,06-09,+0.0%,+0.00%,0.5000,0,✓ Yes,completed
2,37,31,06-09,+0.0%,+0.00%,0.5000,0,✓ Yes,completed
2,37,33,06-09,+0.0%,+0.00%,0.5000,0,✓ Yes,completed
2,37,35,06-09,+0.0%,+0.00%,0.5000,0,✓ Yes,completed
2,37,37,06-09,+0.0%,+0.00%,0.5000,0,✓ Yes,completed
2,39,21,06-09,+0.0%,+0.00%,0.5000,0,✓ Yes,completed
2,39,23,06-09,+0.0%,+0.00%,0.5000,0,✓ Yes,completed
2,39,25,06-09,+0.0%,+0.00%,0.5000,0,✓ Yes,completed
2,39,27,06-09,+0.0%,+0.00%,0.5000,0,✓ Yes,completed
2,39,29,06-09,+0.0%,+0.00%,0.5000,0,✓ Yes,completed
2,39,31,06-09,+0.0%,+0.00%,0.5000,0,✓ Yes,completed
2,39,33,06-09,+0.0%,+0.00%,0.5000,0,✓ Yes,completed
2,39,35,06-09,+0.0%,+0.00%,0.5000,0,✓ Yes,completed
2,39,37,06-09,+0.0%,+0.00%,0.5000,0,✓ Yes,completed
2,39,39,06-09,+0.0%,+0.00%,0.5000,0,✓ Yes,completed
3,29,23,04-03,+10.0%,+83.23%,0.9161,11,✗ No,budget_exceeded
3,29,24,04-03,+10.0%,+74.91%,0.8746,18,✗ No,budget_exceeded
3,29,25,04-03,+10.0%,+71.42%,0.8571,20,✗ No,budget_exceeded
3,29,26,04-03,+10.0%,+70.86%,0.8543,20,✗ No,budget_exceeded
3,29,27,04-03,+10.0%,+67.01%,0.8350,24,✗ No,budget_exceeded
3,29,28,04-03,+10.0%,+65.33%,0.8266,25,✗ No,budget_exceeded
3,29,29,04-03,+10.0%,+63.26%,0.8163,36,✗ No,budget_exceeded
3,30,23,04-03,+10.0%,+82.03%,0.9102,12,✗ No,budget_exceeded
3,30,24,04-03,+10.0%,+74.44%,0.8722,18,✗ No,budget_exceeded
3,30,25,04-03,+10.0%,+71.17%,0.8558,20,✗ No,budget_exceeded
3,30,26,04-03,+10.0%,+69.29%,0.8465,21,✗ No,budget_exceeded
3,30,26,04-03,+10.0%,+66.90%,0.8345,23,✗ No,budget_exceeded
3,30,27,04-03,+10.0%,+63.92%,0.8196,25,✗ No,budget_exceeded
3,30,28,04-03,+10.0%,+63.56%,0.8178,25,✗ No,budget_exceeded
3,30,29,04-03,+10.0%,+59.27%,0.7964,27,✗ No,budget_exceeded
3,30,30,04-03,+10.0%,+55.75%,0.7788,43,✗ No,budget_exceeded
3,31,23,04-03,+10.0%,+74.54%,0.8727,13,✗ No,budget_exceeded
3,31,24,04-03,+10.0%,+70.16%,0.8508,17,✗ No,budget_exceeded
3,31,25,04-03,+10.0%,+66.75%,0.8337,19,✗ No,budget_exceeded
3,31,26,04-03,+10.0%,+64.02%,0.8201,21,✗ No,budget_exceeded
3,31,26,04-03,+10.0%,+63.32%,0.8166,22,✗ No,budget_exceeded
3,31,27,04-03,+10.0%,+59.58%,0.7979,24,✗ No,budget_exceeded
3,31,28,04-03,+10.0%,+59.22%,0.7961,24,✗ No,budget_exceeded
3,31,29,04-03,+10.0%,+57.36%,0.7868,25,✗ No,budget_exceeded
3,31,30,04-03,+10.0%,+50.04%,0.7502,30,✗ No,budget_exceeded
3,31,31,04-03,+10.0%,+42.67%,0.7134,50,✗ No,budget_exceeded
3,32,23,04-03,+10.0%,+69.83%,0.8491,9,✗ No,budget_exceeded
3,32,24,04-03,+10.0%,+63.40%,0.8170,15,✗ No,budget_exceeded
3,32,25,04-03,+10.0%,+60.51%,0.8025,16,✗ No,budget_exceeded
3,32,26,04-03,+10.0%,+53.44%,0.7672,21,✗ No,budget_exceeded
3,32,27,04-03,+10.0%,+49.86%,0.7493,24,✗ No,budget_exceeded
3,32,27,04-03,+10.0%,+46.45%,0.7322,25,✗ No,budget_exceeded
3,32,28,04-03,+10.0%,+44.77%,0.7238,26,✗ No,budget_exceeded
3,32,29,04-03,+10.0%,+42.58%,0.7129,28,✗ No,budget_exceeded
3,32,30,04-03,+10.0%,+38.65%,0.6932,30,✗ No,budget_exceeded
3,32,31,04-03,+10.0%,+35.43%,0.6772,32,✗ No,budget_exceeded
3,32,32,04-03,+10.0%,+22.59%,0.6129,40,✗ No,budget_exceeded
3,33,23,04-03,+10.0%,+67.93%,0.8397,6,✗ No,budget_exceeded
3,33,24,04-03,+10.0%,+53.35%,0.7668,15,✗ No,budget_exceeded
3,33,25,04-03,+10.0%,+49.58%,0.7479,17,✗ No,budget_exceeded
3,33,26,04-03,+10.0%,+38.43%,0.6922,21,✗ No,budget_exceeded
3,33,27,04-03,+10.0%,+35.13%,0.6756,23,✗ No,budget_exceeded
3,33,27,04-03,+10.0%,+33.55%,0.6678,24,✗ No,budget_exceeded
3,33,28,04-03,+10.0%,+22.07%,0.6103,25,✗ No,budget_exceeded
3,33,29,04-03,+10.0%,+10.90%,0.5545,27,✗ No,budget_exceeded
3,33,30,04-03,+9.8%,+4.31%,0.5216,27,✓ Yes,completed
3,33,31,04-03,+9.4%,+4.31%,0.5215,27,✓ Yes,completed
3,33,32,04-03,+8.7%,+3.98%,0.5199,28,✓ Yes,completed
3,33,33,04-03,+8.0%,+3.66%,0.5183,37,✓ Yes,completed
3,34,23,04-03,+10.0%,+61.68%,0.8084,5,✗ No,budget_exceeded
3,34,24,04-03,+10.0%,+49.39%,0.7469,14,✗ No,budget_exceeded
3,34,25,04-03,+10.0%,+42.04%,0.7102,16,✗ No,budget_exceeded
3,34,25,04-03,+10.0%,+22.11%,0.6106,21,✗ No,budget_exceeded
3,34,26,04-03,+9.7%,+4.15%,0.5207,21,✓ Yes,completed
3,34,27,04-03,+9.4%,+4.17%,0.5208,21,✓ Yes,completed
3,34,28,04-03,+9.3%,+4.14%,0.5207,21,✓ Yes,completed
3,34,29,04-03,+8.7%,+3.97%,0.5199,21,✓ Yes,completed
3,34,30,04-03,+8.7%,+3.97%,0.5199,21,✓ Yes,completed
3,34,31,04-03,+8.3%,+3.79%,0.5189,21,✓ Yes,completed
3,34,31,04-03,+8.2%,+3.76%,0.5188,21,✓ Yes,completed
3,34,32,04-03,+7.6%,+3.65%,0.5182,21,✓ Yes,completed
3,34,33,04-03,+6.8%,+3.26%,0.5163,22,✓ Yes,completed
3,34,34,04-03,+6.4%,+3.02%,0.5151,32,✓ Yes,completed
3,35,23,04-03,+10.0%,+60.30%,0.8015,6,✗ No,budget_exceeded
3,35,24,04-03,+10.0%,+41.56%,0.7078,14,✗ No,budget_exceeded
3,35,25,04-03,+10.0%,+36.49%,0.6825,16,✗ No,budget_exceeded
3,35,25,04-03,+8.9%,+3.74%,0.5187,18,✓ Yes,completed
3,35,26,04-03,+8.3%,+3.58%,0.5179,18,✓ Yes,completed
3,35,27,04-03,+8.1%,+3.54%,0.5177,18,✓ Yes,completed
3,35,28,04-03,+7.9%,+3.55%,0.5177,18,✓ Yes,completed
3,35,29,04-03,+7.5%,+3.51%,0.5176,18,✓ Yes,completed
3,35,30,04-03,+7.3%,+3.46%,0.5173,18,✓ Yes,completed
3,35,31,04-03,+7.0%,+3.32%,0.5166,18,✓ Yes,completed
3,35,32,04-03,+6.9%,+3.28%,0.5164,18,✓ Yes,completed
3,35,32,04-03,+6.6%,+3.15%,0.5157,18,✓ Yes,completed
3,35,33,04-03,+6.0%,+2.93%,0.5146,19,✓ Yes,completed
3,35,34,04-03,+5.6%,+2.80%,0.5140,19,✓ Yes,completed
3,35,35,04-03,+5.5%,+2.73%,0.5137,22,✓ Yes,completed
3,36,23,04-03,+10.0%,+59.98%,0.7999,6,✗ No,budget_exceeded
3,36,24,04-03,+10.0%,+21.41%,0.6070,15,✗ No,budget_exceeded
3,36,25,04-03,+9.5%,+3.66%,0.5183,15,✓ Yes,completed
3,36,26,04-03,+6.9%,+3.00%,0.5150,15,✓ Yes,completed
3,36,26,04-03,+6.6%,+2.94%,0.5147,15,✓ Yes,completed
3,36,27,04-03,+6.4%,+2.90%,0.5145,15,✓ Yes,completed
3,36,28,04-03,+6.2%,+2.88%,0.5144,15,✓ Yes,completed
3,36,29,04-03,+6.1%,+2.85%,0.5143,15,✓ Yes,completed
3,36,30,04-03,+5.9%,+2.83%,0.5142,15,✓ Yes,completed
3,36,31,04-03,+5.8%,+2.81%,0.5140,15,✓ Yes,completed
3,36,32,04-03,+5.7%,+2.78%,0.5139,15,✓ Yes,completed
3,36,32,04-03,+5.5%,+2.72%,0.5136,15,✓ Yes,completed
3,36,33,04-03,+5.0%,+2.44%,0.5122,15,✓ Yes,completed
3,36,34,04-03,+4.9%,+2.40%,0.5120,15,✓ Yes,completed
3,36,35,04-03,+4.8%,+2.35%,0.5118,15,✓ Yes,completed
3,36,36,04-03,+4.6%,+2.19%,0.5109,19,✓ Yes,completed
3,37,23,04-03,+10.0%,+56.67%,0.7833,7,✗ No,budget_exceeded
3,37,24,04-03,+9.3%,+3.39%,0.5170,14,✓ Yes,completed
3,37,25,04-03,+8.8%,+3.31%,0.5165,14,✓ Yes,completed
3,37,26,04-03,+6.2%,+2.67%,0.5133,14,✓ Yes,completed
3,37,26,04-03,+5.9%,+2.66%,0.5133,14,✓ Yes,completed
3,37,27,04-03,+5.6%,+2.63%,0.5132,14,✓ Yes,completed
3,37,28,04-03,+5.6%,+2.61%,0.5131,14,✓ Yes,completed
3,37,29,04-03,+5.4%,+2.56%,0.5128,14,✓ Yes,completed
3,37,30,04-03,+5.3%,+2.53%,0.5127,14,✓ Yes,completed
3,37,31,04-03,+5.2%,+2.46%,0.5123,14,✓ Yes,completed
3,37,32,04-03,+5.1%,+2.42%,0.5121,14,✓ Yes,completed
3,37,33,04-03,+4.9%,+2.32%,0.5116,14,✓ Yes,completed
3,37,33,04-03,+4.5%,+2.15%,0.5107,14,✓ Yes,completed
3,37,34,04-03,+4.4%,+2.13%,0.5107,14,✓ Yes,completed
3,37,35,04-03,+4.3%,+2.12%,0.5106,14,✓ Yes,completed
3,37,36,04-03,+3.9%,+2.08%,0.5104,14,✓ Yes,completed
3,37,37,04-03,+3.4%,+1.79%,0.5090,19,✓ Yes,completed
3,29,23,04-09,+10.0%,+82.88%,0.9144,13,✗ No,budget_exceeded
3,29,24,04-09,+10.0%,+79.36%,0.8968,16,✗ No,budget_exceeded
3,29,25,04-09,+10.0%,+75.61%,0.8781,18,✗ No,budget_exceeded
3,29,26,04-09,+10.0%,+74.40%,0.8720,19,✗ No,budget_exceeded
3,29,27,04-09,+10.0%,+70.31%,0.8516,23,✗ No,budget_exceeded
3,29,28,04-09,+10.0%,+69.96%,0.8498,23,✗ No,budget_exceeded
3,29,29,04-09,+10.0%,+66.32%,0.8316,32,✗ No,budget_exceeded
3,30,23,04-09,+10.0%,+82.69%,0.9134,13,✗ No,budget_exceeded
3,30,24,04-09,+10.0%,+79.08%,0.8954,16,✗ No,budget_exceeded
3,30,25,04-09,+10.0%,+75.56%,0.8778,18,✗ No,budget_exceeded
3,30,26,04-09,+10.0%,+74.28%,0.8714,19,✗ No,budget_exceeded
3,30,26,04-09,+10.0%,+70.25%,0.8512,22,✗ No,budget_exceeded
3,30,27,04-09,+10.0%,+68.15%,0.8408,23,✗ No,budget_exceeded
3,30,28,04-09,+10.0%,+67.88%,0.8394,23,✗ No,budget_exceeded
3,30,29,04-09,+10.0%,+62.75%,0.8138,27,✗ No,budget_exceeded
3,30,30,04-09,+10.0%,+57.24%,0.7862,41,✗ No,budget_exceeded
3,31,23,04-09,+10.0%,+80.35%,0.9017,11,✗ No,budget_exceeded
3,31,24,04-09,+10.0%,+75.90%,0.8795,16,✗ No,budget_exceeded
3,31,25,04-09,+10.0%,+73.96%,0.8698,16,✗ No,budget_exceeded
3,31,26,04-09,+10.0%,+69.95%,0.8497,19,✗ No,budget_exceeded
3,31,26,04-09,+10.0%,+68.00%,0.8400,21,✗ No,budget_exceeded
3,31,27,04-09,+10.0%,+64.59%,0.8229,23,✗ No,budget_exceeded
3,31,28,04-09,+10.0%,+62.62%,0.8131,24,✗ No,budget_exceeded
3,31,29,04-09,+10.0%,+60.58%,0.8029,25,✗ No,budget_exceeded
3,31,30,04-09,+10.0%,+51.38%,0.7569,31,✗ No,budget_exceeded
3,31,31,04-09,+10.0%,+47.62%,0.7381,48,✗ No,budget_exceeded
3,32,23,04-09,+10.0%,+75.53%,0.8777,7,✗ No,budget_exceeded
3,32,24,04-09,+10.0%,+67.94%,0.8397,14,✗ No,budget_exceeded
3,32,25,04-09,+10.0%,+62.11%,0.8106,17,✗ No,budget_exceeded
3,32,26,04-09,+10.0%,+55.12%,0.7756,21,✗ No,budget_exceeded
3,32,27,04-09,+10.0%,+52.78%,0.7639,23,✗ No,budget_exceeded
3,32,27,04-09,+10.0%,+50.95%,0.7548,24,✗ No,budget_exceeded
3,32,28,04-09,+10.0%,+49.14%,0.7457,25,✗ No,budget_exceeded
3,32,29,04-09,+10.0%,+47.35%,0.7367,27,✗ No,budget_exceeded
3,32,30,04-09,+10.0%,+32.21%,0.6611,30,✗ No,budget_exceeded
3,32,31,04-09,+10.0%,+9.74%,0.5487,34,✗ No,budget_exceeded
3,32,32,04-09,+9.8%,+4.94%,0.5247,38,✓ Yes,completed
3,33,23,04-09,+10.0%,+74.26%,0.8713,5,✗ No,budget_exceeded
3,33,24,04-09,+10.0%,+56.41%,0.7820,15,✗ No,budget_exceeded
3,33,25,04-09,+10.0%,+48.62%,0.7431,17,✗ No,budget_exceeded
3,33,26,04-09,+10.0%,+32.30%,0.6615,22,✗ No,budget_exceeded
3,33,27,04-09,+10.0%,+20.52%,0.6026,24,✗ No,budget_exceeded
3,33,27,04-09,+10.0%,+20.34%,0.6017,24,✗ No,budget_exceeded
3,33,28,04-09,+9.7%,+4.84%,0.5242,25,✓ Yes,completed
3,33,29,04-09,+9.4%,+4.78%,0.5239,25,✓ Yes,completed
3,33,30,04-09,+9.1%,+4.67%,0.5234,25,✓ Yes,completed
3,33,31,04-09,+8.6%,+4.46%,0.5223,25,✓ Yes,completed
3,33,32,04-09,+7.9%,+4.17%,0.5208,26,✓ Yes,completed
3,33,33,04-09,+7.3%,+3.89%,0.5195,37,✓ Yes,completed
3,34,23,04-09,+10.0%,+59.41%,0.7971,11,✗ No,budget_exceeded
3,34,24,04-09,+10.0%,+52.00%,0.7600,14,✗ No,budget_exceeded
3,34,25,04-09,+10.0%,+43.57%,0.7179,17,✗ No,budget_exceeded
3,34,25,04-09,+9.5%,+4.55%,0.5227,20,✓ Yes,completed
3,34,26,04-09,+8.9%,+4.41%,0.5220,20,✓ Yes,completed
3,34,27,04-09,+8.7%,+4.35%,0.5218,20,✓ Yes,completed
3,34,28,04-09,+8.5%,+4.29%,0.5215,20,✓ Yes,completed
3,34,29,04-09,+8.0%,+4.13%,0.5207,20,✓ Yes,completed
3,34,30,04-09,+8.0%,+4.13%,0.5207,20,✓ Yes,completed
3,34,31,04-09,+7.5%,+4.05%,0.5203,20,✓ Yes,completed
3,34,31,04-09,+7.4%,+3.99%,0.5200,20,✓ Yes,completed
3,34,32,04-09,+6.8%,+3.72%,0.5186,20,✓ Yes,completed
3,34,33,04-09,+6.0%,+3.32%,0.5166,21,✓ Yes,completed
3,34,34,04-09,+5.5%,+3.09%,0.5154,31,✓ Yes,completed
3,35,23,04-09,+10.0%,+54.80%,0.7740,10,✗ No,budget_exceeded
3,35,24,04-09,+10.0%,+31.41%,0.6571,15,✗ No,budget_exceeded
3,35,25,04-09,+9.3%,+4.21%,0.5210,15,✓ Yes,completed
3,35,25,04-09,+7.8%,+3.81%,0.5191,16,✓ Yes,completed
3,35,26,04-09,+7.2%,+3.73%,0.5186,16,✓ Yes,completed
3,35,27,04-09,+7.2%,+3.70%,0.5185,16,✓ Yes,completed
3,35,28,04-09,+6.9%,+3.62%,0.5181,16,✓ Yes,completed
3,35,29,04-09,+6.5%,+3.48%,0.5174,16,✓ Yes,completed
3,35,30,04-09,+6.4%,+3.42%,0.5171,16,✓ Yes,completed
3,35,31,04-09,+6.1%,+3.32%,0.5166,16,✓ Yes,completed
3,35,32,04-09,+6.0%,+3.30%,0.5165,16,✓ Yes,completed
3,35,32,04-09,+5.8%,+3.23%,0.5161,16,✓ Yes,completed
3,35,33,04-09,+5.2%,+2.92%,0.5146,17,✓ Yes,completed
3,35,34,04-09,+4.8%,+2.70%,0.5135,17,✓ Yes,completed
3,35,35,04-09,+4.8%,+2.68%,0.5134,19,✓ Yes,completed
3,36,23,04-09,+10.0%,+31.18%,0.6559,12,✗ No,budget_exceeded
3,36,24,04-09,+8.8%,+3.83%,0.5192,13,✓ Yes,completed
3,36,25,04-09,+8.2%,+3.70%,0.5185,13,✓ Yes,completed
3,36,26,04-09,+5.9%,+3.03%,0.5152,13,✓ Yes,completed
3,36,26,04-09,+5.6%,+2.99%,0.5150,13,✓ Yes,completed
3,36,27,04-09,+5.5%,+2.98%,0.5149,13,✓ Yes,completed
3,36,28,04-09,+5.4%,+2.93%,0.5146,13,✓ Yes,completed
3,36,29,04-09,+5.2%,+2.87%,0.5143,13,✓ Yes,completed
3,36,30,04-09,+5.1%,+2.81%,0.5140,13,✓ Yes,completed
3,36,31,04-09,+4.9%,+2.74%,0.5137,13,✓ Yes,completed
3,36,32,04-09,+4.8%,+2.70%,0.5135,13,✓ Yes,completed
3,36,32,04-09,+4.8%,+2.66%,0.5133,13,✓ Yes,completed
3,36,33,04-09,+4.2%,+2.48%,0.5124,13,✓ Yes,completed
3,36,34,04-09,+4.2%,+2.48%,0.5124,13,✓ Yes,completed
3,36,35,04-09,+4.1%,+2.48%,0.5124,13,✓ Yes,completed
3,36,36,04-09,+3.9%,+2.41%,0.5121,17,✓ Yes,completed
3,37,23,04-09,+9.2%,+3.61%,0.5181,11,✓ Yes,completed
3,37,24,04-09,+7.9%,+3.41%,0.5170,12,✓ Yes,completed
3,37,25,04-09,+7.5%,+3.42%,0.5171,12,✓ Yes,completed
3,37,26,04-09,+5.2%,+2.67%,0.5133,12,✓ Yes,completed
3,37,26,04-09,+4.9%,+2.59%,0.5129,12,✓ Yes,completed
3,37,27,04-09,+4.8%,+2.53%,0.5127,12,✓ Yes,completed
3,37,28,04-09,+4.7%,+2.51%,0.5125,12,✓ Yes,completed
3,37,29,04-09,+4.6%,+2.45%,0.5123,12,✓ Yes,completed
3,37,30,04-09,+4.5%,+2.42%,0.5121,12,✓ Yes,completed
3,37,31,04-09,+4.3%,+2.40%,0.5120,12,✓ Yes,completed
3,37,32,04-09,+4.2%,+2.41%,0.5121,12,✓ Yes,completed
3,37,33,04-09,+4.1%,+2.43%,0.5122,12,✓ Yes,completed
3,37,33,04-09,+3.7%,+2.32%,0.5116,12,✓ Yes,completed
3,37,34,04-09,+3.6%,+2.28%,0.5114,12,✓ Yes,completed
3,37,35,04-09,+3.6%,+2.28%,0.5114,12,✓ Yes,completed
3,37,36,04-09,+3.2%,+2.01%,0.5100,12,✓ Yes,completed
3,37,37,04-09,+2.8%,+1.65%,0.5083,16,✓ Yes,completed
3,29,23,04-15,+10.0%,+90.63%,0.9531,8,✗ No,budget_exceeded
3,29,24,04-15,+10.0%,+85.62%,0.9281,13,✗ No,budget_exceeded
3,29,25,04-15,+10.0%,+82.06%,0.9103,15,✗ No,budget_exceeded
3,29,26,04-15,+10.0%,+78.49%,0.8924,17,✗ No,budget_exceeded
3,29,27,04-15,+10.0%,+74.93%,0.8746,21,✗ No,budget_exceeded
3,29,28,04-15,+10.0%,+74.65%,0.8733,21,✗ No,budget_exceeded
3,29,29,04-15,+10.0%,+67.44%,0.8372,37,✗ No,budget_exceeded
3,30,23,04-15,+10.0%,+90.53%,0.9526,8,✗ No,budget_exceeded
3,30,24,04-15,+10.0%,+85.42%,0.9271,13,✗ No,budget_exceeded
3,30,25,04-15,+10.0%,+82.27%,0.9113,14,✗ No,budget_exceeded
3,30,26,04-15,+10.0%,+78.37%,0.8918,17,✗ No,budget_exceeded
3,30,26,04-15,+10.0%,+74.68%,0.8734,20,✗ No,budget_exceeded
3,30,27,04-15,+10.0%,+71.11%,0.8556,22,✗ No,budget_exceeded
3,30,28,04-15,+10.0%,+70.73%,0.8537,22,✗ No,budget_exceeded
3,30,29,04-15,+10.0%,+64.97%,0.8248,26,✗ No,budget_exceeded
3,30,30,04-15,+10.0%,+61.16%,0.8058,38,✗ No,budget_exceeded
3,31,23,04-15,+10.0%,+88.28%,0.9414,6,✗ No,budget_exceeded
3,31,24,04-15,+10.0%,+83.77%,0.9189,11,✗ No,budget_exceeded
3,31,25,04-15,+10.0%,+78.26%,0.8913,14,✗ No,budget_exceeded
3,31,26,04-15,+10.0%,+72.87%,0.8643,18,✗ No,budget_exceeded
3,31,26,04-15,+10.0%,+70.66%,0.8533,20,✗ No,budget_exceeded
3,31,27,04-15,+10.0%,+65.69%,0.8285,22,✗ No,budget_exceeded
3,31,28,04-15,+10.0%,+65.06%,0.8253,22,✗ No,budget_exceeded
3,31,29,04-15,+10.0%,+61.48%,0.8074,25,✗ No,budget_exceeded
3,31,30,04-15,+10.0%,+57.50%,0.7875,28,✗ No,budget_exceeded
3,31,31,04-15,+10.0%,+43.94%,0.7197,44,✗ No,budget_exceeded
3,32,23,04-15,+10.0%,+84.84%,0.9242,4,✗ No,budget_exceeded
3,32,24,04-15,+10.0%,+74.33%,0.8717,13,✗ No,budget_exceeded
3,32,25,04-15,+10.0%,+67.00%,0.8350,16,✗ No,budget_exceeded
3,32,26,04-15,+10.0%,+62.93%,0.8146,19,✗ No,budget_exceeded
3,32,27,04-15,+10.0%,+59.19%,0.7959,22,✗ No,budget_exceeded
3,32,27,04-15,+10.0%,+57.84%,0.7892,23,✗ No,budget_exceeded
3,32,28,04-15,+10.0%,+57.28%,0.7864,23,✗ No,budget_exceeded
3,32,29,04-15,+10.0%,+42.40%,0.7120,27,✗ No,budget_exceeded
3,32,30,04-15,+10.0%,+30.27%,0.6513,30,✗ No,budget_exceeded
3,32,31,04-15,+9.9%,+4.64%,0.5232,33,✓ Yes,completed
3,32,32,04-15,+9.4%,+4.49%,0.5225,37,✓ Yes,completed
3,33,23,04-15,+10.0%,+83.89%,0.9195,3,✗ No,budget_exceeded
3,33,24,04-15,+10.0%,+62.51%,0.8126,14,✗ No,budget_exceeded
3,33,25,04-15,+10.0%,+56.81%,0.7840,16,✗ No,budget_exceeded
3,33,26,04-15,+10.0%,+33.20%,0.6660,21,✗ No,budget_exceeded
3,33,27,04-15,+10.0%,+7.87%,0.5393,24,✗ No,budget_exceeded
3,33,27,04-15,+10.0%,+7.60%,0.5380,24,✗ No,budget_exceeded
3,33,28,04-15,+9.4%,+4.43%,0.5222,24,✓ Yes,completed
3,33,29,04-15,+9.1%,+4.32%,0.5216,24,✓ Yes,completed
3,33,30,04-15,+8.8%,+4.15%,0.5207,24,✓ Yes,completed
3,33,31,04-15,+8.4%,+3.95%,0.5198,24,✓ Yes,completed
3,33,32,04-15,+7.5%,+3.73%,0.5187,25,✓ Yes,completed
3,33,33,04-15,+6.9%,+3.37%,0.5169,36,✓ Yes,completed
3,34,23,04-15,+10.0%,+66.20%,0.8310,11,✗ No,budget_exceeded
3,34,24,04-15,+10.0%,+58.45%,0.7923,14,✗ No,budget_exceeded
3,34,25,04-15,+10.0%,+41.84%,0.7092,17,✗ No,budget_exceeded
3,34,25,04-15,+9.1%,+4.06%,0.5203,19,✓ Yes,completed
3,34,26,04-15,+8.6%,+3.87%,0.5193,19,✓ Yes,completed
3,34,27,04-15,+8.4%,+3.81%,0.5190,19,✓ Yes,completed
3,34,28,04-15,+8.2%,+3.75%,0.5188,19,✓ Yes,completed
3,34,29,04-15,+7.7%,+3.74%,0.5187,19,✓ Yes,completed
3,34,30,04-15,+7.7%,+3.74%,0.5187,19,✓ Yes,completed
3,34,31,04-15,+7.2%,+3.56%,0.5178,19,✓ Yes,completed
3,34,31,04-15,+7.1%,+3.49%,0.5174,19,✓ Yes,completed
3,34,32,04-15,+6.5%,+3.20%,0.5160,19,✓ Yes,completed
3,34,33,04-15,+5.8%,+3.08%,0.5154,20,✓ Yes,completed
3,34,34,04-15,+5.3%,+2.81%,0.5140,30,✓ Yes,completed
3,35,23,04-15,+10.0%,+64.54%,0.8227,9,✗ No,budget_exceeded
3,35,24,04-15,+9.8%,+3.78%,0.5189,14,✓ Yes,completed
3,35,25,04-15,+9.0%,+3.70%,0.5185,14,✓ Yes,completed
3,35,25,04-15,+7.5%,+3.38%,0.5169,15,✓ Yes,completed
3,35,26,04-15,+6.9%,+3.22%,0.5161,15,✓ Yes,completed
3,35,27,04-15,+6.9%,+3.19%,0.5160,15,✓ Yes,completed
3,35,28,04-15,+6.6%,+3.10%,0.5155,15,✓ Yes,completed
3,35,29,04-15,+6.2%,+2.99%,0.5150,15,✓ Yes,completed
3,35,30,04-15,+6.1%,+3.01%,0.5151,15,✓ Yes,completed
3,35,31,04-15,+5.8%,+3.05%,0.5153,15,✓ Yes,completed
3,35,32,04-15,+5.7%,+3.03%,0.5152,15,✓ Yes,completed
3,35,32,04-15,+5.5%,+2.94%,0.5147,15,✓ Yes,completed
3,35,33,04-15,+4.9%,+2.64%,0.5132,16,✓ Yes,completed
3,35,34,04-15,+4.5%,+2.43%,0.5122,16,✓ Yes,completed
3,35,35,04-15,+4.5%,+2.42%,0.5121,18,✓ Yes,completed
3,36,23,04-15,+9.8%,+3.47%,0.5174,11,✓ Yes,completed
3,36,24,04-15,+8.5%,+3.27%,0.5163,12,✓ Yes,completed
3,36,25,04-15,+7.9%,+3.23%,0.5162,12,✓ Yes,completed
3,36,26,04-15,+5.6%,+2.75%,0.5138,12,✓ Yes,completed
3,36,26,04-15,+5.3%,+2.68%,0.5134,12,✓ Yes,completed
3,36,27,04-15,+5.2%,+2.66%,0.5133,12,✓ Yes,completed
3,36,28,04-15,+5.1%,+2.61%,0.5130,12,✓ Yes,completed
3,36,29,04-15,+4.9%,+2.55%,0.5127,12,✓ Yes,completed
3,36,30,04-15,+4.8%,+2.49%,0.5124,12,✓ Yes,completed
3,36,31,04-15,+4.6%,+2.42%,0.5121,12,✓ Yes,completed
3,36,32,04-15,+4.5%,+2.39%,0.5119,12,✓ Yes,completed
3,36,32,04-15,+4.5%,+2.36%,0.5118,12,✓ Yes,completed
3,36,33,04-15,+4.0%,+2.29%,0.5115,12,✓ Yes,completed
3,36,34,04-15,+3.9%,+2.27%,0.5114,12,✓ Yes,completed
3,36,35,04-15,+3.9%,+2.27%,0.5113,12,✓ Yes,completed
3,36,36,04-15,+3.6%,+2.10%,0.5105,16,✓ Yes,completed
3,37,23,04-15,+8.8%,+3.08%,0.5154,10,✓ Yes,completed
3,37,24,04-15,+7.6%,+3.02%,0.5151,11,✓ Yes,completed
3,37,25,04-15,+7.2%,+2.95%,0.5147,11,✓ Yes,completed
3,37,26,04-15,+5.0%,+2.37%,0.5119,11,✓ Yes,completed
3,37,26,04-15,+4.7%,+2.29%,0.5114,11,✓ Yes,completed
3,37,27,04-15,+4.5%,+2.25%,0.5112,11,✓ Yes,completed
3,37,28,04-15,+4.4%,+2.24%,0.5112,11,✓ Yes,completed
3,37,29,04-15,+4.3%,+2.23%,0.5112,11,✓ Yes,completed
3,37,30,04-15,+4.2%,+2.24%,0.5112,11,✓ Yes,completed
3,37,31,04-15,+4.1%,+2.24%,0.5112,11,✓ Yes,completed
3,37,32,04-15,+4.0%,+2.23%,0.5111,11,✓ Yes,completed
3,37,33,04-15,+3.8%,+2.19%,0.5109,11,✓ Yes,completed
3,37,33,04-15,+3.5%,+2.02%,0.5101,11,✓ Yes,completed
3,37,34,04-15,+3.4%,+1.97%,0.5099,11,✓ Yes,completed
3,37,35,04-15,+3.4%,+1.97%,0.5098,11,✓ Yes,completed
3,37,36,04-15,+3.1%,+1.72%,0.5086,11,✓ Yes,completed
3,37,37,04-15,+2.7%,+1.43%,0.5071,15,✓ Yes,completed
3,29,23,04-21,+10.0%,+97.31%,0.9866,2,✗ No,budget_exceeded
3,29,24,04-21,+10.0%,+89.39%,0.9470,10,✗ No,budget_exceeded
3,29,25,04-21,+10.0%,+83.59%,0.9180,14,✗ No,budget_exceeded
3,29,26,04-21,+10.0%,+78.28%,0.8914,18,✗ No,budget_exceeded
3,29,27,04-21,+10.0%,+76.50%,0.8825,19,✗ No,budget_exceeded
3,29,28,04-21,+10.0%,+76.21%,0.8810,19,✗ No,budget_exceeded
3,29,29,04-21,+10.0%,+72.43%,0.8622,30,✗ No,budget_exceeded
3,30,23,04-21,+10.0%,+97.31%,0.9866,2,✗ No,budget_exceeded
3,30,24,04-21,+10.0%,+89.19%,0.9460,10,✗ No,budget_exceeded
3,30,25,04-21,+10.0%,+83.61%,0.9181,13,✗ No,budget_exceeded
3,30,26,04-21,+10.0%,+76.64%,0.8832,17,✗ No,budget_exceeded
3,30,26,04-21,+10.0%,+76.03%,0.8802,17,✗ No,budget_exceeded
3,30,27,04-21,+10.0%,+74.12%,0.8706,18,✗ No,budget_exceeded
3,30,28,04-21,+10.0%,+72.45%,0.8623,19,✗ No,budget_exceeded
3,30,29,04-21,+10.0%,+70.23%,0.8511,22,✗ No,budget_exceeded
3,30,30,04-21,+10.0%,+68.10%,0.8405,32,✗ No,budget_exceeded
3,31,23,04-21,+10.0%,+97.31%,0.9866,2,✗ No,budget_exceeded
3,31,24,04-21,+10.0%,+89.06%,0.9453,10,✗ No,budget_exceeded
3,31,25,04-21,+10.0%,+82.05%,0.9103,14,✗ No,budget_exceeded
3,31,26,04-21,+10.0%,+76.24%,0.8812,17,✗ No,budget_exceeded
3,31,26,04-21,+10.0%,+74.27%,0.8713,18,✗ No,budget_exceeded
3,31,27,04-21,+10.0%,+72.38%,0.8619,19,✗ No,budget_exceeded
3,31,28,04-21,+10.0%,+70.52%,0.8526,20,✗ No,budget_exceeded
3,31,29,04-21,+10.0%,+68.74%,0.8437,22,✗ No,budget_exceeded
3,31,30,04-21,+10.0%,+54.48%,0.7724,26,✗ No,budget_exceeded
3,31,31,04-21,+10.0%,+43.98%,0.7199,42,✗ No,budget_exceeded
3,32,23,04-21,+10.0%,+94.71%,0.9736,2,✗ No,budget_exceeded
3,32,24,04-21,+10.0%,+81.32%,0.9066,13,✗ No,budget_exceeded
3,32,25,04-21,+10.0%,+75.51%,0.8776,15,✗ No,budget_exceeded
3,32,26,04-21,+10.0%,+68.62%,0.8431,20,✗ No,budget_exceeded
3,32,27,04-21,+10.0%,+67.92%,0.8396,20,✗ No,budget_exceeded
3,32,27,04-21,+10.0%,+66.39%,0.8319,21,✗ No,budget_exceeded
3,32,28,04-21,+10.0%,+52.72%,0.7636,23,✗ No,budget_exceeded
3,32,29,04-21,+10.0%,+42.39%,0.7119,26,✗ No,budget_exceeded
3,32,30,04-21,+10.0%,+22.76%,0.6138,29,✗ No,budget_exceeded
3,32,31,04-21,+9.4%,+4.91%,0.5245,31,✓ Yes,completed
3,32,32,04-21,+8.9%,+4.65%,0.5232,35,✓ Yes,completed
3,33,23,04-21,+10.0%,+94.61%,0.9730,2,✗ No,budget_exceeded
3,33,24,04-21,+10.0%,+69.48%,0.8474,14,✗ No,budget_exceeded
3,33,25,04-21,+10.0%,+64.19%,0.8209,17,✗ No,budget_exceeded
3,33,26,04-21,+10.0%,+28.81%,0.6440,22,✗ No,budget_exceeded
3,33,27,04-21,+10.0%,+9.62%,0.5481,24,✗ No,budget_exceeded
3,33,27,04-21,+10.0%,+4.80%,0.5240,24,✓ Yes,completed
3,33,28,04-21,+9.2%,+4.74%,0.5237,24,✓ Yes,completed
3,33,29,04-21,+8.9%,+4.62%,0.5231,24,✓ Yes,completed
3,33,30,04-21,+8.5%,+4.44%,0.5222,24,✓ Yes,completed
3,33,31,04-21,+8.1%,+4.25%,0.5213,24,✓ Yes,completed
3,33,32,04-21,+7.2%,+3.96%,0.5198,25,✓ Yes,completed
3,33,33,04-21,+6.6%,+3.59%,0.5180,36,✓ Yes,completed
3,34,23,04-21,+10.0%,+76.54%,0.8827,10,✗ No,budget_exceeded
3,34,24,04-21,+10.0%,+67.49%,0.8374,14,✗ No,budget_exceeded
3,34,25,04-21,+10.0%,+28.44%,0.6422,17,✗ No,budget_exceeded
3,34,25,04-21,+9.0%,+4.39%,0.5219,19,✓ Yes,completed
3,34,26,04-21,+8.5%,+4.22%,0.5211,19,✓ Yes,completed
3,34,27,04-21,+8.3%,+4.16%,0.5208,19,✓ Yes,completed
3,34,28,04-21,+8.0%,+4.09%,0.5204,19,✓ Yes,completed
3,34,29,04-21,+7.4%,+4.03%,0.5202,19,✓ Yes,completed
3,34,30,04-21,+7.4%,+4.03%,0.5202,19,✓ Yes,completed
3,34,31,04-21,+7.0%,+3.83%,0.5191,19,✓ Yes,completed
3,34,31,04-21,+6.8%,+3.72%,0.5186,19,✓ Yes,completed
3,34,32,04-21,+6.2%,+3.43%,0.5172,19,✓ Yes,completed
3,34,33,04-21,+5.4%,+3.13%,0.5156,20,✓ Yes,completed
3,34,34,04-21,+5.0%,+2.83%,0.5141,29,✓ Yes,completed
3,35,23,04-21,+10.0%,+74.83%,0.8742,8,✗ No,budget_exceeded
3,35,24,04-21,+9.2%,+4.02%,0.5201,13,✓ Yes,completed
3,35,25,04-21,+8.5%,+3.85%,0.5192,13,✓ Yes,completed
3,35,25,04-21,+7.0%,+3.54%,0.5177,14,✓ Yes,completed
3,35,26,04-21,+6.5%,+3.39%,0.5169,14,✓ Yes,completed
3,35,27,04-21,+6.5%,+3.36%,0.5168,14,✓ Yes,completed
3,35,28,04-21,+6.2%,+3.29%,0.5164,14,✓ Yes,completed
3,35,29,04-21,+5.9%,+3.22%,0.5161,14,✓ Yes,completed
3,35,30,04-21,+5.7%,+3.19%,0.5159,14,✓ Yes,completed
3,35,31,04-21,+5.4%,+3.06%,0.5153,14,✓ Yes,completed
3,35,32,04-21,+5.3%,+3.02%,0.5151,14,✓ Yes,completed
3,35,32,04-21,+5.1%,+2.90%,0.5145,14,✓ Yes,completed
3,35,33,04-21,+4.5%,+2.58%,0.5129,15,✓ Yes,completed
3,35,34,04-21,+4.2%,+2.54%,0.5127,15,✓ Yes,completed
3,35,35,04-21,+4.2%,+2.54%,0.5127,16,✓ Yes,completed
3,36,23,04-21,+9.3%,+3.76%,0.5188,10,✓ Yes,completed
3,36,24,04-21,+7.9%,+3.53%,0.5177,11,✓ Yes,completed
3,36,25,04-21,+7.5%,+3.55%,0.5177,11,✓ Yes,completed
3,36,26,04-21,+5.2%,+2.75%,0.5138,11,✓ Yes,completed
3,36,26,04-21,+5.0%,+2.68%,0.5134,11,✓ Yes,completed
3,36,27,04-21,+4.9%,+2.65%,0.5133,11,✓ Yes,completed
3,36,28,04-21,+4.8%,+2.59%,0.5130,11,✓ Yes,completed
3,36,29,04-21,+4.6%,+2.53%,0.5127,11,✓ Yes,completed
3,36,30,04-21,+4.5%,+2.49%,0.5124,11,✓ Yes,completed
3,36,31,04-21,+4.3%,+2.50%,0.5125,11,✓ Yes,completed
3,36,32,04-21,+4.2%,+2.51%,0.5125,11,✓ Yes,completed
3,36,32,04-21,+4.2%,+2.52%,0.5126,11,✓ Yes,completed
3,36,33,04-21,+3.8%,+2.47%,0.5124,11,✓ Yes,completed
3,36,34,04-21,+3.7%,+2.44%,0.5122,11,✓ Yes,completed
3,36,35,04-21,+3.7%,+2.44%,0.5122,11,✓ Yes,completed
3,36,36,04-21,+3.4%,+2.25%,0.5112,15,✓ Yes,completed
3,37,23,04-21,+8.3%,+3.25%,0.5163,9,✓ Yes,completed
3,37,24,04-21,+7.1%,+3.20%,0.5160,10,✓ Yes,completed
3,37,25,04-21,+6.7%,+3.13%,0.5156,10,✓ Yes,completed
3,37,26,04-21,+4.6%,+2.33%,0.5116,10,✓ Yes,completed
3,37,26,04-21,+4.4%,+2.33%,0.5117,10,✓ Yes,completed
3,37,27,04-21,+4.2%,+2.37%,0.5119,10,✓ Yes,completed
3,37,28,04-21,+4.1%,+2.40%,0.5120,10,✓ Yes,completed
3,37,29,04-21,+4.0%,+2.42%,0.5121,10,✓ Yes,completed
3,37,30,04-21,+3.9%,+2.42%,0.5121,10,✓ Yes,completed
3,37,31,04-21,+3.8%,+2.40%,0.5120,10,✓ Yes,completed
3,37,32,04-21,+3.7%,+2.37%,0.5118,10,✓ Yes,completed
3,37,33,04-21,+3.5%,+2.30%,0.5115,10,✓ Yes,completed
3,37,33,04-21,+3.3%,+2.17%,0.5108,10,✓ Yes,completed
3,37,34,04-21,+3.2%,+2.12%,0.5106,10,✓ Yes,completed
3,37,35,04-21,+3.2%,+2.12%,0.5106,10,✓ Yes,completed
3,37,36,04-21,+2.8%,+1.86%,0.5093,10,✓ Yes,completed
3,37,37,04-21,+2.5%,+1.68%,0.5084,13,✓ Yes,completed
3,29,23,04-27,+10.0%,+87.91%,0.9395,10,✗ No,budget_exceeded
3,29,24,04-27,+10.0%,+85.38%,0.9269,12,✗ No,budget_exceeded
3,29,25,04-27,+10.0%,+81.43%,0.9071,15,✗ No,budget_exceeded
3,29,26,04-27,+10.0%,+78.19%,0.8910,18,✗ No,budget_exceeded
3,29,27,04-27,+10.0%,+76.48%,0.8824,19,✗ No,budget_exceeded
3,29,28,04-27,+10.0%,+76.26%,0.8813,19,✗ No,budget_exceeded
3,29,29,04-27,+10.0%,+67.39%,0.8369,35,✗ No,budget_exceeded
3,30,23,04-27,+10.0%,+86.95%,0.9348,9,✗ No,budget_exceeded
3,30,24,04-27,+10.0%,+82.01%,0.9100,13,✗ No,budget_exceeded
3,30,25,04-27,+10.0%,+80.00%,0.9000,14,✗ No,budget_exceeded
3,30,26,04-27,+10.0%,+76.16%,0.8808,17,✗ No,budget_exceeded
3,30,26,04-27,+10.0%,+70.94%,0.8547,19,✗ No,budget_exceeded
3,30,27,04-27,+10.0%,+69.24%,0.8462,20,✗ No,budget_exceeded
3,30,28,04-27,+10.0%,+65.78%,0.8289,21,✗ No,budget_exceeded
3,30,29,04-27,+10.0%,+55.27%,0.7764,26,✗ No,budget_exceeded
3,30,30,04-27,+10.0%,+51.55%,0.7578,32,✗ No,budget_exceeded
3,31,23,04-27,+10.0%,+86.57%,0.9329,9,✗ No,budget_exceeded
3,31,24,04-27,+10.0%,+81.61%,0.9080,13,✗ No,budget_exceeded
3,31,25,04-27,+10.0%,+79.60%,0.8980,14,✗ No,budget_exceeded
3,31,26,04-27,+10.0%,+65.63%,0.8282,18,✗ No,budget_exceeded
3,31,26,04-27,+10.0%,+63.76%,0.8188,19,✗ No,budget_exceeded
3,31,27,04-27,+10.0%,+63.62%,0.8181,19,✗ No,budget_exceeded
3,31,28,04-27,+10.0%,+53.34%,0.7667,22,✗ No,budget_exceeded
3,31,29,04-27,+10.0%,+49.56%,0.7478,25,✗ No,budget_exceeded
3,31,30,04-27,+10.0%,+33.16%,0.6658,28,✗ No,budget_exceeded
3,31,31,04-27,+10.0%,+10.33%,0.5516,41,✗ No,budget_exceeded
3,32,23,04-27,+10.0%,+86.23%,0.9312,9,✗ No,budget_exceeded
3,32,24,04-27,+10.0%,+79.67%,0.8984,14,✗ No,budget_exceeded
3,32,25,04-27,+10.0%,+75.91%,0.8796,16,✗ No,budget_exceeded
3,32,26,04-27,+10.0%,+51.48%,0.7574,21,✗ No,budget_exceeded
3,32,27,04-27,+10.0%,+39.32%,0.6966,22,✗ No,budget_exceeded
3,32,27,04-27,+10.0%,+33.30%,0.6665,23,✗ No,budget_exceeded
3,32,28,04-27,+10.0%,+19.77%,0.5988,25,✗ No,budget_exceeded
3,32,29,04-27,+10.0%,+8.43%,0.5421,28,✗ No,budget_exceeded
3,32,30,04-27,+10.0%,+4.83%,0.5241,29,✗ No,budget_exceeded
3,32,31,04-27,+9.0%,+4.43%,0.5221,28,✓ Yes,completed
3,32,32,04-27,+8.3%,+4.04%,0.5202,34,✓ Yes,completed
3,33,23,04-27,+10.0%,+86.23%,0.9312,9,✗ No,budget_exceeded
3,33,24,04-27,+10.0%,+51.05%,0.7552,17,✗ No,budget_exceeded
3,33,25,04-27,+10.0%,+38.92%,0.6946,18,✗ No,budget_exceeded
3,33,26,04-27,+10.0%,+9.53%,0.5476,22,✗ No,budget_exceeded
3,33,27,04-27,+9.5%,+4.48%,0.5224,22,✓ Yes,completed
3,33,27,04-27,+9.4%,+4.46%,0.5223,22,✓ Yes,completed
3,33,28,04-27,+8.5%,+4.12%,0.5206,22,✓ Yes,completed
3,33,29,04-27,+8.3%,+4.03%,0.5201,22,✓ Yes,completed
3,33,30,04-27,+8.0%,+3.95%,0.5197,22,✓ Yes,completed
3,33,31,04-27,+7.7%,+3.93%,0.5197,22,✓ Yes,completed
3,33,32,04-27,+6.7%,+3.46%,0.5173,23,✓ Yes,completed
3,33,33,04-27,+6.1%,+3.21%,0.5161,35,✓ Yes,completed
3,34,23,04-27,+10.0%,+85.29%,0.9264,10,✗ No,budget_exceeded
3,34,24,04-27,+10.0%,+18.79%,0.5940,16,✗ No,budget_exceeded
3,34,25,04-27,+10.0%,+4.15%,0.5208,18,✗ No,budget_exceeded
3,34,25,04-27,+8.2%,+3.73%,0.5186,18,✓ Yes,completed
3,34,26,04-27,+7.8%,+3.75%,0.5187,18,✓ Yes,completed
3,34,27,04-27,+7.7%,+3.75%,0.5187,18,✓ Yes,completed
3,34,28,04-27,+7.4%,+3.67%,0.5183,18,✓ Yes,completed
3,34,29,04-27,+6.8%,+3.41%,0.5171,18,✓ Yes,completed
3,34,30,04-27,+6.8%,+3.41%,0.5171,18,✓ Yes,completed
3,34,31,04-27,+6.4%,+3.27%,0.5164,18,✓ Yes,completed
3,34,31,04-27,+6.2%,+3.25%,0.5162,18,✓ Yes,completed
3,34,32,04-27,+5.7%,+3.27%,0.5164,18,✓ Yes,completed
3,34,33,04-27,+4.9%,+2.84%,0.5142,19,✓ Yes,completed
3,34,34,04-27,+4.3%,+2.54%,0.5127,29,✓ Yes,completed
3,35,23,04-27,+10.0%,+79.06%,0.8953,10,✗ No,budget_exceeded
3,35,24,04-27,+7.8%,+3.29%,0.5165,11,✓ Yes,completed
3,35,25,04-27,+7.4%,+3.27%,0.5164,11,✓ Yes,completed
3,35,25,04-27,+6.0%,+2.99%,0.5150,12,✓ Yes,completed
3,35,26,04-27,+5.6%,+3.06%,0.5153,12,✓ Yes,completed
3,35,27,04-27,+5.6%,+3.06%,0.5153,12,✓ Yes,completed
3,35,28,04-27,+5.4%,+2.99%,0.5149,12,✓ Yes,completed
3,35,29,04-27,+5.0%,+2.83%,0.5142,12,✓ Yes,completed
3,35,30,04-27,+4.9%,+2.76%,0.5138,12,✓ Yes,completed
3,35,31,04-27,+4.7%,+2.68%,0.5134,12,✓ Yes,completed
3,35,32,04-27,+4.6%,+2.64%,0.5132,12,✓ Yes,completed
3,35,32,04-27,+4.4%,+2.57%,0.5129,12,✓ Yes,completed
3,35,33,04-27,+3.9%,+2.61%,0.5130,13,✓ Yes,completed
3,35,34,04-27,+3.5%,+2.44%,0.5122,13,✓ Yes,completed
3,35,35,04-27,+3.5%,+2.44%,0.5122,14,✓ Yes,completed
3,36,23,04-27,+7.2%,+2.91%,0.5146,9,✓ Yes,completed
3,36,24,04-27,+6.5%,+2.80%,0.5140,9,✓ Yes,completed
3,36,25,04-27,+6.4%,+2.77%,0.5139,9,✓ Yes,completed
3,36,26,04-27,+4.2%,+2.42%,0.5121,9,✓ Yes,completed
3,36,26,04-27,+4.1%,+2.48%,0.5124,9,✓ Yes,completed
3,36,27,04-27,+4.1%,+2.48%,0.5124,9,✓ Yes,completed
3,36,28,04-27,+3.9%,+2.53%,0.5126,9,✓ Yes,completed
3,36,29,04-27,+3.8%,+2.50%,0.5125,9,✓ Yes,completed
3,36,30,04-27,+3.6%,+2.44%,0.5122,9,✓ Yes,completed
3,36,31,04-27,+3.6%,+2.44%,0.5122,9,✓ Yes,completed
3,36,32,04-27,+3.5%,+2.40%,0.5120,9,✓ Yes,completed
3,36,32,04-27,+3.5%,+2.36%,0.5118,9,✓ Yes,completed
3,36,33,04-27,+3.1%,+2.14%,0.5107,9,✓ Yes,completed
3,36,34,04-27,+3.0%,+2.09%,0.5104,9,✓ Yes,completed
3,36,35,04-27,+3.0%,+2.09%,0.5104,9,✓ Yes,completed
3,36,36,04-27,+2.8%,+1.93%,0.5096,11,✓ Yes,completed
3,37,23,04-27,+6.4%,+2.63%,0.5132,8,✓ Yes,completed
3,37,24,04-27,+6.0%,+2.79%,0.5139,8,✓ Yes,completed
3,37,25,04-27,+6.0%,+2.79%,0.5139,8,✓ Yes,completed
3,37,26,04-27,+3.9%,+2.44%,0.5122,8,✓ Yes,completed
3,37,26,04-27,+3.8%,+2.42%,0.5121,8,✓ Yes,completed
3,37,27,04-27,+3.7%,+2.40%,0.5120,8,✓ Yes,completed
3,37,28,04-27,+3.6%,+2.37%,0.5119,8,✓ Yes,completed
3,37,29,04-27,+3.4%,+2.31%,0.5116,8,✓ Yes,completed
3,37,30,04-27,+3.4%,+2.28%,0.5114,8,✓ Yes,completed
3,37,31,04-27,+3.4%,+2.28%,0.5114,8,✓ Yes,completed
3,37,32,04-27,+3.3%,+2.24%,0.5112,8,✓ Yes,completed
3,37,33,04-27,+3.1%,+2.16%,0.5108,8,✓ Yes,completed
3,37,33,04-27,+2.9%,+2.01%,0.5101,8,✓ Yes,completed
3,37,34,04-27,+2.8%,+1.97%,0.5098,8,✓ Yes,completed
3,37,35,04-27,+2.8%,+1.96%,0.5098,8,✓ Yes,completed
3,37,36,04-27,+2.5%,+1.79%,0.5089,8,✓ Yes,completed
3,37,37,04-27,+2.2%,+1.62%,0.5081,11,✓ Yes,completed
3,29,23,05-03,+10.0%,+84.17%,0.9209,13,✗ No,budget_exceeded
3,29,24,05-03,+10.0%,+75.33%,0.8767,19,✗ No,budget_exceeded
3,29,25,05-03,+10.0%,+66.20%,0.8310,21,✗ No,budget_exceeded
3,29,26,05-03,+10.0%,+62.60%,0.8130,24,✗ No,budget_exceeded
3,29,27,05-03,+10.0%,+60.70%,0.8035,25,✗ No,budget_exceeded
3,29,28,05-03,+10.0%,+52.11%,0.7606,27,✗ No,budget_exceeded
3,29,29,05-03,+10.0%,+38.55%,0.6927,43,✗ No,budget_exceeded
3,30,23,05-03,+10.0%,+76.61%,0.8831,14,✗ No,budget_exceeded
3,30,24,05-03,+10.0%,+62.56%,0.8128,20,✗ No,budget_exceeded
3,30,25,05-03,+10.0%,+60.40%,0.8020,21,✗ No,budget_exceeded
3,30,26,05-03,+10.0%,+50.41%,0.7521,24,✗ No,budget_exceeded
3,30,26,05-03,+10.0%,+43.68%,0.7184,25,✗ No,budget_exceeded
3,30,27,05-03,+10.0%,+41.83%,0.7092,26,✗ No,budget_exceeded
3,30,28,05-03,+10.0%,+30.18%,0.6509,28,✗ No,budget_exceeded
3,30,29,05-03,+10.0%,+18.33%,0.5917,33,✗ No,budget_exceeded
3,30,30,05-03,+10.0%,+14.67%,0.5733,43,✗ No,budget_exceeded
3,31,23,05-03,+10.0%,+65.72%,0.8286,14,✗ No,budget_exceeded
3,31,24,05-03,+10.0%,+49.96%,0.7498,20,✗ No,budget_exceeded
3,31,25,05-03,+10.0%,+38.41%,0.6921,22,✗ No,budget_exceeded
3,31,26,05-03,+10.0%,+29.94%,0.6497,23,✗ No,budget_exceeded
3,31,26,05-03,+10.0%,+20.15%,0.6007,24,✗ No,budget_exceeded
3,31,27,05-03,+10.0%,+19.81%,0.5991,24,✗ No,budget_exceeded
3,31,28,05-03,+10.0%,+14.47%,0.5724,27,✗ No,budget_exceeded
3,31,29,05-03,+9.4%,+4.56%,0.5228,29,✓ Yes,completed
3,31,30,05-03,+8.7%,+4.25%,0.5212,29,✓ Yes,completed
3,31,31,05-03,+8.0%,+3.90%,0.5195,41,✓ Yes,completed
3,32,23,05-03,+10.0%,+43.06%,0.7153,16,✗ No,budget_exceeded
3,32,24,05-03,+10.0%,+17.60%,0.5880,21,✗ No,budget_exceeded
3,32,25,05-03,+9.9%,+4.36%,0.5218,22,✓ Yes,completed
3,32,26,05-03,+9.4%,+4.34%,0.5217,22,✓ Yes,completed
3,32,27,05-03,+9.0%,+4.20%,0.5210,22,✓ Yes,completed
3,32,27,05-03,+8.8%,+4.14%,0.5207,22,✓ Yes,completed
3,32,28,05-03,+7.8%,+3.90%,0.5195,22,✓ Yes,completed
3,32,29,05-03,+7.4%,+3.85%,0.5193,23,✓ Yes,completed
3,32,30,05-03,+7.0%,+3.63%,0.5182,23,✓ Yes,completed
3,32,31,05-03,+6.3%,+3.32%,0.5166,23,✓ Yes,completed
3,32,32,05-03,+5.7%,+3.20%,0.5160,28,✓ Yes,completed
3,33,23,05-03,+10.0%,+13.80%,0.5690,17,✗ No,budget_exceeded
3,33,24,05-03,+7.4%,+3.49%,0.5174,17,✓ Yes,completed
3,33,25,05-03,+7.1%,+3.40%,0.5170,17,✓ Yes,completed
3,33,26,05-03,+6.8%,+3.33%,0.5166,17,✓ Yes,completed
3,33,27,05-03,+6.4%,+3.21%,0.5161,17,✓ Yes,completed
3,33,27,05-03,+6.3%,+3.18%,0.5159,17,✓ Yes,completed
3,33,28,05-03,+5.5%,+3.11%,0.5156,17,✓ Yes,completed
3,33,29,05-03,+5.4%,+3.08%,0.5154,17,✓ Yes,completed
3,33,30,05-03,+5.3%,+3.01%,0.5150,17,✓ Yes,completed
3,33,31,05-03,+5.1%,+2.88%,0.5144,17,✓ Yes,completed
3,33,32,05-03,+4.3%,+2.50%,0.5125,17,✓ Yes,completed
3,33,33,05-03,+3.9%,+2.33%,0.5117,25,✓ Yes,completed
3,34,23,05-03,+8.6%,+3.23%,0.5161,13,✓ Yes,completed
3,34,24,05-03,+6.1%,+2.86%,0.5143,13,✓ Yes,completed
3,34,25,05-03,+5.6%,+2.92%,0.5146,13,✓ Yes,completed
3,34,25,05-03,+5.4%,+2.86%,0.5143,13,✓ Yes,completed
3,34,26,05-03,+5.1%,+2.76%,0.5138,13,✓ Yes,completed
3,34,27,05-03,+5.0%,+2.72%,0.5136,13,✓ Yes,completed
3,34,28,05-03,+4.7%,+2.60%,0.5130,13,✓ Yes,completed
3,34,29,05-03,+4.4%,+2.49%,0.5125,13,✓ Yes,completed
3,34,30,05-03,+4.3%,+2.48%,0.5124,13,✓ Yes,completed
3,34,31,05-03,+4.2%,+2.46%,0.5123,13,✓ Yes,completed
3,34,31,05-03,+4.0%,+2.41%,0.5121,13,✓ Yes,completed
3,34,32,05-03,+3.5%,+2.18%,0.5109,13,✓ Yes,completed
3,34,33,05-03,+3.0%,+1.84%,0.5092,13,✓ Yes,completed
3,34,34,05-03,+2.6%,+1.57%,0.5079,20,✓ Yes,completed
3,35,23,05-03,+6.5%,+2.41%,0.5120,8,✓ Yes,completed
3,35,24,05-03,+3.9%,+2.04%,0.5102,8,✓ Yes,completed
3,35,25,05-03,+3.7%,+2.00%,0.5100,8,✓ Yes,completed
3,35,25,05-03,+3.5%,+1.94%,0.5097,8,✓ Yes,completed
3,35,26,05-03,+3.2%,+1.85%,0.5093,8,✓ Yes,completed
3,35,27,05-03,+3.2%,+1.85%,0.5093,8,✓ Yes,completed
3,35,28,05-03,+3.0%,+1.75%,0.5088,8,✓ Yes,completed
3,35,29,05-03,+2.9%,+1.68%,0.5084,8,✓ Yes,completed
3,35,30,05-03,+2.8%,+1.65%,0.5082,8,✓ Yes,completed
3,35,31,05-03,+2.7%,+1.61%,0.5081,8,✓ Yes,completed
3,35,32,05-03,+2.6%,+1.58%,0.5079,8,✓ Yes,completed
3,35,32,05-03,+2.4%,+1.50%,0.5075,8,✓ Yes,completed
3,35,33,05-03,+2.1%,+1.38%,0.5069,8,✓ Yes,completed
3,35,34,05-03,+1.9%,+1.29%,0.5065,8,✓ Yes,completed
3,35,35,05-03,+1.9%,+1.29%,0.5065,8,✓ Yes,completed
3,36,23,05-03,+2.9%,+1.50%,0.5075,6,✓ Yes,completed
3,36,24,05-03,+2.7%,+1.46%,0.5073,6,✓ Yes,completed
3,36,25,05-03,+2.7%,+1.46%,0.5073,6,✓ Yes,completed
3,36,26,05-03,+2.5%,+1.43%,0.5072,6,✓ Yes,completed
3,36,26,05-03,+2.5%,+1.43%,0.5072,6,✓ Yes,completed
3,36,27,05-03,+2.5%,+1.43%,0.5072,6,✓ Yes,completed
3,36,28,05-03,+2.3%,+1.42%,0.5071,6,✓ Yes,completed
3,36,29,05-03,+2.2%,+1.40%,0.5070,6,✓ Yes,completed
3,36,30,05-03,+2.2%,+1.38%,0.5069,6,✓ Yes,completed
3,36,31,05-03,+2.2%,+1.38%,0.5069,6,✓ Yes,completed
3,36,32,05-03,+2.1%,+1.35%,0.5067,6,✓ Yes,completed
3,36,32,05-03,+2.0%,+1.31%,0.5066,6,✓ Yes,completed
3,36,33,05-03,+1.8%,+1.18%,0.5059,6,✓ Yes,completed
3,36,34,05-03,+1.6%,+1.07%,0.5053,6,✓ Yes,completed
3,36,35,05-03,+1.5%,+1.01%,0.5050,6,✓ Yes,completed
3,36,36,05-03,+1.3%,+0.83%,0.5042,8,✓ Yes,completed
3,37,23,05-03,+2.5%,+1.26%,0.5063,5,✓ Yes,completed
3,37,24,05-03,+2.3%,+1.28%,0.5064,5,✓ Yes,completed
3,37,25,05-03,+2.3%,+1.28%,0.5064,5,✓ Yes,completed
3,37,26,05-03,+2.1%,+1.25%,0.5063,5,✓ Yes,completed
3,37,26,05-03,+2.1%,+1.25%,0.5063,5,✓ Yes,completed
3,37,27,05-03,+2.0%,+1.23%,0.5061,5,✓ Yes,completed
3,37,28,05-03,+1.9%,+1.20%,0.5060,5,✓ Yes,completed
3,37,29,05-03,+1.8%,+1.17%,0.5059,5,✓ Yes,completed
3,37,30,05-03,+1.8%,+1.17%,0.5059,5,✓ Yes,completed
3,37,31,05-03,+1.8%,+1.17%,0.5059,5,✓ Yes,completed
3,37,32,05-03,+1.7%,+1.12%,0.5056,5,✓ Yes,completed
3,37,33,05-03,+1.6%,+1.03%,0.5052,5,✓ Yes,completed
3,37,33,05-03,+1.4%,+0.93%,0.5046,5,✓ Yes,completed
3,37,34,05-03,+1.4%,+0.87%,0.5044,5,✓ Yes,completed
3,37,35,05-03,+1.4%,+0.87%,0.5043,5,✓ Yes,completed
3,37,36,05-03,+1.1%,+0.64%,0.5032,5,✓ Yes,completed
3,37,37,05-03,+0.9%,+0.48%,0.5024,8,✓ Yes,completed
3,29,23,05-07,+10.0%,+73.56%,0.8678,16,✗ No,budget_exceeded
3,29,24,05-07,+10.0%,+62.81%,0.8140,21,✗ No,budget_exceeded
3,29,25,05-07,+10.0%,+57.53%,0.7876,23,✗ No,budget_exceeded
3,29,26,05-07,+10.0%,+50.63%,0.7532,24,✗ No,budget_exceeded
3,29,27,05-07,+10.0%,+45.65%,0.7283,27,✗ No,budget_exceeded
3,29,28,05-07,+10.0%,+36.98%,0.6849,30,✗ No,budget_exceeded
3,29,29,05-07,+10.0%,+24.91%,0.6246,40,✗ No,budget_exceeded
3,30,23,05-07,+10.0%,+69.57%,0.8478,16,✗ No,budget_exceeded
3,30,24,05-07,+10.0%,+50.89%,0.7544,22,✗ No,budget_exceeded
3,30,25,05-07,+10.0%,+45.55%,0.7277,24,✗ No,budget_exceeded
3,30,26,05-07,+10.0%,+36.97%,0.6848,25,✗ No,budget_exceeded
3,30,26,05-07,+10.0%,+33.50%,0.6675,26,✗ No,budget_exceeded
3,30,27,05-07,+10.0%,+26.65%,0.6332,27,✗ No,budget_exceeded
3,30,28,05-07,+10.0%,+23.16%,0.6158,29,✗ No,budget_exceeded
3,30,29,05-07,+9.6%,+4.51%,0.5226,33,✓ Yes,completed
3,30,30,05-07,+8.8%,+4.11%,0.5205,41,✓ Yes,completed
3,31,23,05-07,+10.0%,+50.52%,0.7526,17,✗ No,budget_exceeded
3,31,24,05-07,+10.0%,+26.54%,0.6327,21,✗ No,budget_exceeded
3,31,25,05-07,+10.0%,+24.47%,0.6223,22,✗ No,budget_exceeded
3,31,26,05-07,+10.0%,+21.21%,0.6061,24,✗ No,budget_exceeded
3,31,26,05-07,+9.9%,+4.38%,0.5219,24,✓ Yes,completed
3,31,27,05-07,+9.6%,+4.43%,0.5222,24,✓ Yes,completed
3,31,28,05-07,+8.7%,+4.10%,0.5205,24,✓ Yes,completed
3,31,29,05-07,+8.1%,+3.80%,0.5190,26,✓ Yes,completed
3,31,30,05-07,+7.4%,+3.66%,0.5183,26,✓ Yes,completed
3,31,31,05-07,+6.8%,+3.28%,0.5164,34,✓ Yes,completed
3,32,23,05-07,+10.0%,+20.99%,0.6049,18,✗ No,budget_exceeded
3,32,24,05-07,+9.1%,+3.88%,0.5194,19,✓ Yes,completed
3,32,25,05-07,+8.4%,+3.68%,0.5184,19,✓ Yes,completed
3,32,26,05-07,+8.0%,+3.60%,0.5180,19,✓ Yes,completed
3,32,27,05-07,+7.7%,+3.64%,0.5182,19,✓ Yes,completed
3,32,27,05-07,+7.6%,+3.62%,0.5181,19,✓ Yes,completed
3,32,28,05-07,+6.8%,+3.24%,0.5162,19,✓ Yes,completed
3,32,29,05-07,+6.4%,+3.05%,0.5152,20,✓ Yes,completed
3,32,30,05-07,+5.9%,+2.94%,0.5147,20,✓ Yes,completed
3,32,31,05-07,+5.3%,+2.66%,0.5133,20,✓ Yes,completed
3,32,32,05-07,+4.8%,+2.35%,0.5117,24,✓ Yes,completed
3,33,23,05-07,+8.4%,+3.12%,0.5156,14,✓ Yes,completed
3,33,24,05-07,+5.9%,+2.63%,0.5132,14,✓ Yes,completed
3,33,25,05-07,+5.6%,+2.60%,0.5130,14,✓ Yes,completed
3,33,26,05-07,+5.4%,+2.54%,0.5127,14,✓ Yes,completed
3,33,27,05-07,+5.2%,+2.48%,0.5124,14,✓ Yes,completed
3,33,27,05-07,+5.1%,+2.42%,0.5121,14,✓ Yes,completed
3,33,28,05-07,+4.5%,+2.21%,0.5111,14,✓ Yes,completed
3,33,29,05-07,+4.4%,+2.21%,0.5110,14,✓ Yes,completed
3,33,30,05-07,+4.2%,+2.21%,0.5111,14,✓ Yes,completed
3,33,31,05-07,+4.1%,+2.21%,0.5111,14,✓ Yes,completed
3,33,32,05-07,+3.5%,+2.00%,0.5100,14,✓ Yes,completed
3,33,33,05-07,+3.2%,+1.73%,0.5087,20,✓ Yes,completed
3,34,23,05-07,+6.8%,+2.54%,0.5127,10,✓ Yes,completed
3,34,24,05-07,+4.5%,+1.97%,0.5098,10,✓ Yes,completed
3,34,25,05-07,+4.2%,+2.02%,0.5101,10,✓ Yes,completed
3,34,25,05-07,+4.1%,+2.06%,0.5103,10,✓ Yes,completed
3,34,26,05-07,+4.0%,+2.07%,0.5104,10,✓ Yes,completed
3,34,27,05-07,+3.9%,+2.07%,0.5104,10,✓ Yes,completed
3,34,28,05-07,+3.6%,+1.97%,0.5098,10,✓ Yes,completed
3,34,29,05-07,+3.4%,+1.89%,0.5094,10,✓ Yes,completed
3,34,30,05-07,+3.3%,+1.85%,0.5093,10,✓ Yes,completed
3,34,31,05-07,+3.3%,+1.84%,0.5092,10,✓ Yes,completed
3,34,31,05-07,+3.1%,+1.72%,0.5086,10,✓ Yes,completed
3,34,32,05-07,+2.9%,+1.57%,0.5078,10,✓ Yes,completed
3,34,33,05-07,+2.4%,+1.35%,0.5068,10,✓ Yes,completed
3,34,34,05-07,+2.1%,+1.19%,0.5060,15,✓ Yes,completed
3,35,23,05-07,+5.5%,+1.97%,0.5098,6,✓ Yes,completed
3,35,24,05-07,+3.2%,+1.53%,0.5077,6,✓ Yes,completed
3,35,25,05-07,+2.9%,+1.46%,0.5073,6,✓ Yes,completed
3,35,25,05-07,+2.8%,+1.42%,0.5071,6,✓ Yes,completed
3,35,26,05-07,+2.7%,+1.39%,0.5070,6,✓ Yes,completed
3,35,27,05-07,+2.7%,+1.39%,0.5070,6,✓ Yes,completed
3,35,28,05-07,+2.5%,+1.36%,0.5068,6,✓ Yes,completed
3,35,29,05-07,+2.5%,+1.35%,0.5067,6,✓ Yes,completed
3,35,30,05-07,+2.4%,+1.33%,0.5067,6,✓ Yes,completed
3,35,31,05-07,+2.4%,+1.33%,0.5067,6,✓ Yes,completed
3,35,32,05-07,+2.3%,+1.31%,0.5066,6,✓ Yes,completed
3,35,32,05-07,+2.2%,+1.26%,0.5063,6,✓ Yes,completed
3,35,33,05-07,+1.8%,+1.11%,0.5055,6,✓ Yes,completed
3,35,34,05-07,+1.7%,+1.00%,0.5050,6,✓ Yes,completed
3,35,35,05-07,+1.7%,+1.00%,0.5050,6,✓ Yes,completed
3,36,23,05-07,+2.3%,+1.20%,0.5060,5,✓ Yes,completed
3,36,24,05-07,+2.3%,+1.20%,0.5060,5,✓ Yes,completed
3,36,25,05-07,+2.3%,+1.20%,0.5060,5,✓ Yes,completed
3,36,26,05-07,+2.2%,+1.19%,0.5060,5,✓ Yes,completed
3,36,26,05-07,+2.2%,+1.19%,0.5060,5,✓ Yes,completed
3,36,27,05-07,+2.2%,+1.19%,0.5060,5,✓ Yes,completed
3,36,28,05-07,+2.0%,+1.16%,0.5058,5,✓ Yes,completed
3,36,29,05-07,+2.0%,+1.16%,0.5058,5,✓ Yes,completed
3,36,30,05-07,+1.9%,+1.13%,0.5056,5,✓ Yes,completed
3,36,31,05-07,+1.9%,+1.13%,0.5056,5,✓ Yes,completed
3,36,32,05-07,+1.8%,+1.09%,0.5054,5,✓ Yes,completed
3,36,32,05-07,+1.8%,+1.09%,0.5054,5,✓ Yes,completed
3,36,33,05-07,+1.6%,+0.94%,0.5047,5,✓ Yes,completed
3,36,34,05-07,+1.5%,+0.84%,0.5042,5,✓ Yes,completed
3,36,35,05-07,+1.4%,+0.78%,0.5039,5,✓ Yes,completed
3,36,36,05-07,+1.2%,+0.67%,0.5034,7,✓ Yes,completed
3,37,23,05-07,+1.9%,+1.00%,0.5050,4,✓ Yes,completed
3,37,24,05-07,+1.9%,+1.00%,0.5050,4,✓ Yes,completed
3,37,25,05-07,+1.9%,+1.00%,0.5050,4,✓ Yes,completed
3,37,26,05-07,+1.8%,+0.95%,0.5048,4,✓ Yes,completed
3,37,26,05-07,+1.8%,+0.95%,0.5048,4,✓ Yes,completed
3,37,27,05-07,+1.7%,+0.92%,0.5046,4,✓ Yes,completed
3,37,28,05-07,+1.6%,+0.89%,0.5045,4,✓ Yes,completed
3,37,29,05-07,+1.6%,+0.89%,0.5045,4,✓ Yes,completed
3,37,30,05-07,+1.6%,+0.89%,0.5045,4,✓ Yes,completed
3,37,31,05-07,+1.6%,+0.89%,0.5045,4,✓ Yes,completed
3,37,32,05-07,+1.5%,+0.85%,0.5042,4,✓ Yes,completed
3,37,33,05-07,+1.5%,+0.80%,0.5040,4,✓ Yes,completed
3,37,33,05-07,+1.3%,+0.70%,0.5035,4,✓ Yes,completed
3,37,34,05-07,+1.2%,+0.65%,0.5033,4,✓ Yes,completed
3,37,35,05-07,+1.2%,+0.65%,0.5033,4,✓ Yes,completed
3,37,36,05-07,+1.0%,+0.48%,0.5024,4,✓ Yes,completed
3,37,37,05-07,+0.8%,+0.33%,0.5017,6,✓ Yes,completed
4,30,30,04-01,+10.0%,+55.58%,0.7779,41,✗ No,budget_exceeded
4,30,30,04-01,+10.0%,+55.58%,0.7779,41,✗ No,budget_exceeded
4,31,30,04-01,+10.0%,+48.55%,0.7427,30,✗ No,budget_exceeded
4,31,31,04-01,+10.0%,+46.41%,0.7320,33,✗ No,budget_exceeded
4,31,31,04-01,+10.0%,+42.75%,0.7137,40,✗ No,budget_exceeded
4,32,30,04-01,+10.0%,+41.01%,0.7050,30,✗ No,budget_exceeded
4,32,31,04-01,+10.0%,+35.69%,0.6784,33,✗ No,budget_exceeded
4,32,31,04-01,+10.0%,+35.35%,0.6767,33,✗ No,budget_exceeded
4,32,32,04-01,+10.0%,+35.24%,0.6762,33,✗ No,budget_exceeded
4,32,32,04-01,+10.0%,+30.24%,0.6512,48,✗ No,budget_exceeded
4,33,30,04-01,+10.0%,+18.70%,0.5935,26,✗ No,budget_exceeded
4,33,31,04-01,+10.0%,+7.60%,0.5380,28,✗ No,budget_exceeded
4,33,31,04-01,+10.0%,+7.60%,0.5380,28,✗ No,budget_exceeded
4,33,31,04-01,+10.0%,+7.50%,0.5375,28,✗ No,budget_exceeded
4,33,32,04-01,+9.5%,+4.10%,0.5205,28,✓ Yes,completed
4,33,32,04-01,+9.2%,+3.96%,0.5198,29,✓ Yes,completed
4,33,33,04-01,+8.9%,+3.81%,0.5190,29,✓ Yes,completed
4,33,33,04-01,+8.1%,+3.45%,0.5173,38,✓ Yes,completed
4,30,30,04-04,+10.0%,+55.72%,0.7786,42,✗ No,budget_exceeded
4,30,30,04-04,+10.0%,+55.72%,0.7786,42,✗ No,budget_exceeded
4,31,30,04-04,+10.0%,+46.32%,0.7316,31,✗ No,budget_exceeded
4,31,31,04-04,+10.0%,+44.20%,0.7210,33,✗ No,budget_exceeded
4,31,31,04-04,+10.0%,+40.92%,0.7046,43,✗ No,budget_exceeded
4,32,30,04-04,+10.0%,+39.19%,0.6960,31,✗ No,budget_exceeded
4,32,31,04-04,+10.0%,+38.65%,0.6932,31,✗ No,budget_exceeded
4,32,31,04-04,+10.0%,+35.44%,0.6772,33,✗ No,budget_exceeded
4,32,32,04-04,+10.0%,+35.34%,0.6767,33,✗ No,budget_exceeded
4,32,32,04-04,+10.0%,+12.58%,0.5629,49,✗ No,budget_exceeded
4,33,30,04-04,+9.5%,+4.35%,0.5217,26,✓ Yes,completed
4,33,31,04-04,+9.2%,+4.28%,0.5214,26,✓ Yes,completed
4,33,31,04-04,+9.2%,+4.28%,0.5214,26,✓ Yes,completed
4,33,31,04-04,+9.1%,+4.24%,0.5212,26,✓ Yes,completed
4,33,32,04-04,+8.7%,+4.06%,0.5203,26,✓ Yes,completed
4,33,32,04-04,+8.3%,+3.88%,0.5194,27,✓ Yes,completed
4,33,33,04-04,+8.0%,+3.79%,0.5190,27,✓ Yes,completed
4,33,33,04-04,+7.4%,+3.64%,0.5182,35,✓ Yes,completed
4,30,30,04-07,+10.0%,+53.67%,0.7684,43,✗ No,budget_exceeded
4,30,30,04-07,+10.0%,+53.67%,0.7684,43,✗ No,budget_exceeded
4,31,30,04-07,+10.0%,+46.11%,0.7305,32,✗ No,budget_exceeded
4,31,31,04-07,+10.0%,+45.55%,0.7277,33,✗ No,budget_exceeded
4,31,31,04-07,+10.0%,+43.72%,0.7186,43,✗ No,budget_exceeded
4,32,30,04-07,+10.0%,+29.22%,0.6461,32,✗ No,budget_exceeded
4,32,31,04-07,+10.0%,+20.77%,0.6039,33,✗ No,budget_exceeded
4,32,31,04-07,+10.0%,+17.38%,0.5869,34,✗ No,budget_exceeded
4,32,32,04-07,+10.0%,+6.42%,0.5321,35,✗ No,budget_exceeded
4,32,32,04-07,+9.3%,+4.42%,0.5221,47,✓ Yes,completed
4,33,30,04-07,+8.8%,+4.21%,0.5211,25,✓ Yes,completed
4,33,31,04-07,+8.5%,+4.07%,0.5204,25,✓ Yes,completed
4,33,31,04-07,+8.5%,+4.07%,0.5203,25,✓ Yes,completed
4,33,31,04-07,+8.3%,+4.00%,0.5200,25,✓ Yes,completed
4,33,32,04-07,+8.0%,+3.90%,0.5195,25,✓ Yes,completed
4,33,32,04-07,+7.5%,+3.86%,0.5193,25,✓ Yes,completed
4,33,33,04-07,+7.2%,+3.71%,0.5185,25,✓ Yes,completed
4,33,33,04-07,+6.5%,+3.28%,0.5164,33,✓ Yes,completed
4,30,30,04-10,+10.0%,+56.70%,0.7835,38,✗ No,budget_exceeded
4,30,30,04-10,+10.0%,+56.70%,0.7835,38,✗ No,budget_exceeded
4,31,30,04-10,+10.0%,+49.58%,0.7479,30,✗ No,budget_exceeded
4,31,31,04-10,+10.0%,+49.02%,0.7451,31,✗ No,budget_exceeded
4,31,31,04-10,+10.0%,+45.51%,0.7276,41,✗ No,budget_exceeded
4,32,30,04-10,+10.0%,+25.73%,0.6287,30,✗ No,budget_exceeded
4,32,31,04-10,+10.0%,+11.29%,0.5564,32,✗ No,budget_exceeded
4,32,31,04-10,+9.9%,+4.92%,0.5246,33,✓ Yes,completed
4,32,32,04-10,+9.7%,+4.93%,0.5247,33,✓ Yes,completed
4,32,32,04-10,+9.0%,+4.73%,0.5236,43,✓ Yes,completed
4,33,30,04-10,+8.8%,+4.66%,0.5233,25,✓ Yes,completed
4,33,31,04-10,+8.5%,+4.52%,0.5226,25,✓ Yes,completed
4,33,31,04-10,+8.5%,+4.52%,0.5226,25,✓ Yes,completed
4,33,31,04-10,+8.3%,+4.46%,0.5223,25,✓ Yes,completed
4,33,32,04-10,+8.0%,+4.34%,0.5217,25,✓ Yes,completed
4,33,32,04-10,+7.6%,+4.22%,0.5211,26,✓ Yes,completed
4,33,33,04-10,+7.3%,+4.10%,0.5205,26,✓ Yes,completed
4,33,33,04-10,+6.6%,+3.64%,0.5182,35,✓ Yes,completed
4,30,30,04-13,+10.0%,+56.30%,0.7815,36,✗ No,budget_exceeded
4,30,30,04-13,+10.0%,+56.30%,0.7815,36,✗ No,budget_exceeded
4,31,30,04-13,+10.0%,+52.47%,0.7624,29,✗ No,budget_exceeded
4,31,31,04-13,+10.0%,+40.78%,0.7039,32,✗ No,budget_exceeded
4,31,31,04-13,+10.0%,+38.62%,0.6931,42,✗ No,budget_exceeded
4,32,30,04-13,+10.0%,+15.76%,0.5788,30,✗ No,budget_exceeded
4,32,31,04-13,+10.0%,+4.91%,0.5245,32,✗ No,budget_exceeded
4,32,31,04-13,+9.4%,+4.61%,0.5231,31,✓ Yes,completed
4,32,32,04-13,+9.2%,+4.56%,0.5228,31,✓ Yes,completed
4,32,32,04-13,+8.6%,+4.18%,0.5209,42,✓ Yes,completed
4,33,30,04-13,+8.3%,+4.08%,0.5204,23,✓ Yes,completed
4,33,31,04-13,+8.1%,+4.02%,0.5201,23,✓ Yes,completed
4,33,31,04-13,+8.1%,+4.02%,0.5201,23,✓ Yes,completed
4,33,31,04-13,+7.9%,+4.01%,0.5201,23,✓ Yes,completed
4,33,32,04-13,+7.6%,+3.98%,0.5199,23,✓ Yes,completed
4,33,32,04-13,+7.2%,+3.80%,0.5190,24,✓ Yes,completed
4,33,33,04-13,+6.9%,+3.64%,0.5182,24,✓ Yes,completed
4,33,33,04-13,+6.2%,+3.27%,0.5163,33,✓ Yes,completed
4,30,30,04-16,+10.0%,+60.95%,0.8047,34,✗ No,budget_exceeded
4,30,30,04-16,+10.0%,+60.95%,0.8047,34,✗ No,budget_exceeded
4,31,30,04-16,+10.0%,+55.64%,0.7782,28,✗ No,budget_exceeded
4,31,31,04-16,+10.0%,+44.16%,0.7208,31,✗ No,budget_exceeded
4,31,31,04-16,+10.0%,+35.49%,0.6775,43,✗ No,budget_exceeded
4,32,30,04-16,+10.0%,+20.60%,0.6030,30,✗ No,budget_exceeded
4,32,31,04-16,+10.0%,+9.65%,0.5483,32,✗ No,budget_exceeded
4,32,31,04-16,+9.6%,+4.84%,0.5242,32,✓ Yes,completed
4,32,32,04-16,+9.3%,+4.75%,0.5237,32,✓ Yes,completed
4,32,32,04-16,+8.6%,+4.35%,0.5217,43,✓ Yes,completed
4,33,30,04-16,+8.5%,+4.31%,0.5216,24,✓ Yes,completed
4,33,31,04-16,+8.3%,+4.20%,0.5210,24,✓ Yes,completed
4,33,31,04-16,+8.3%,+4.20%,0.5210,24,✓ Yes,completed
4,33,31,04-16,+8.1%,+4.11%,0.5206,24,✓ Yes,completed
4,33,32,04-16,+7.7%,+4.01%,0.5200,24,✓ Yes,completed
4,33,32,04-16,+7.3%,+3.82%,0.5191,25,✓ Yes,completed
4,33,33,04-16,+7.0%,+3.65%,0.5183,25,✓ Yes,completed
4,33,33,04-16,+6.3%,+3.21%,0.5161,34,✓ Yes,completed
4,30,30,04-17,+10.0%,+62.75%,0.8137,33,✗ No,budget_exceeded
4,30,30,04-17,+10.0%,+62.75%,0.8137,33,✗ No,budget_exceeded
4,31,30,04-17,+10.0%,+57.43%,0.7871,28,✗ No,budget_exceeded
4,31,31,04-17,+10.0%,+45.92%,0.7296,31,✗ No,budget_exceeded
4,31,31,04-17,+10.0%,+37.22%,0.6861,43,✗ No,budget_exceeded
4,32,30,04-17,+10.0%,+22.29%,0.6114,30,✗ No,budget_exceeded
4,32,31,04-17,+10.0%,+11.31%,0.5566,32,✗ No,budget_exceeded
4,32,31,04-17,+9.6%,+4.96%,0.5248,32,✓ Yes,completed
4,32,32,04-17,+9.3%,+4.90%,0.5245,32,✓ Yes,completed
4,32,32,04-17,+8.6%,+4.52%,0.5226,43,✓ Yes,completed
4,33,30,04-17,+8.5%,+4.48%,0.5224,24,✓ Yes,completed
4,33,31,04-17,+8.3%,+4.37%,0.5218,24,✓ Yes,completed
4,33,31,04-17,+8.3%,+4.36%,0.5218,24,✓ Yes,completed
4,33,31,04-17,+8.1%,+4.28%,0.5214,24,✓ Yes,completed
4,33,32,04-17,+7.7%,+4.20%,0.5210,24,✓ Yes,completed
4,33,32,04-17,+7.3%,+4.02%,0.5201,25,✓ Yes,completed
4,33,33,04-17,+7.0%,+3.86%,0.5193,25,✓ Yes,completed
4,33,33,04-17,+6.3%,+3.42%,0.5171,34,✓ Yes,completed
5,31,30,04-13,+10.0%,+38.97%,0.6949,31,✗ No,budget_exceeded
5,31,31,04-13,+10.0%,+30.36%,0.6518,34,✗ No,budget_exceeded
5,31,31,04-13,+10.0%,+26.94%,0.6347,48,✗ No,budget_exceeded
5,32,30,04-13,+9.9%,+4.59%,0.5230,29,✓ Yes,completed
5,32,31,04-13,+9.5%,+4.63%,0.5231,28,✓ Yes,completed
5,32,31,04-13,+9.3%,+4.59%,0.5230,28,✓ Yes,completed
5,32,31,04-13,+9.1%,+4.51%,0.5226,28,✓ Yes,completed
5,32,32,04-13,+9.0%,+4.44%,0.5222,28,✓ Yes,completed
5,32,32,04-13,+8.7%,+4.31%,0.5215,29,✓ Yes,completed
5,32,32,04-13,+7.8%,+3.96%,0.5198,38,✓ Yes,completed
5,31,30,04-14,+10.0%,+40.49%,0.7025,30,✗ No,budget_exceeded
5,31,31,04-14,+10.0%,+30.44%,0.6522,34,✗ No,budget_exceeded
5,31,31,04-14,+10.0%,+22.06%,0.6103,47,✗ No,budget_exceeded
5,32,30,04-14,+9.9%,+4.55%,0.5228,29,✓ Yes,completed
5,32,31,04-14,+9.7%,+4.54%,0.5227,29,✓ Yes,completed
5,32,31,04-14,+9.6%,+4.54%,0.5227,29,✓ Yes,completed
5,32,31,04-14,+9.3%,+4.44%,0.5222,29,✓ Yes,completed
5,32,32,04-14,+9.0%,+4.33%,0.5217,29,✓ Yes,completed
5,32,32,04-14,+8.8%,+4.19%,0.5210,30,✓ Yes,completed
5,32,32,04-14,+7.9%,+3.83%,0.5192,39,✓ Yes,completed
5,31,30,04-15,+10.0%,+42.12%,0.7106,30,✗ No,budget_exceeded
5,31,31,04-15,+10.0%,+32.04%,0.6602,34,✗ No,budget_exceeded
5,31,31,04-15,+10.0%,+23.63%,0.6182,47,✗ No,budget_exceeded
5,32,30,04-15,+9.9%,+4.63%,0.5231,29,✓ Yes,completed
5,32,31,04-15,+9.7%,+4.58%,0.5229,29,✓ Yes,completed
5,32,31,04-15,+9.6%,+4.56%,0.5228,29,✓ Yes,completed
5,32,31,04-15,+9.3%,+4.44%,0.5222,29,✓ Yes,completed
5,32,32,04-15,+9.0%,+4.32%,0.5216,29,✓ Yes,completed
5,32,32,04-15,+8.8%,+4.18%,0.5209,30,✓ Yes,completed
5,32,32,04-15,+7.9%,+3.77%,0.5188,39,✓ Yes,completed
5,31,30,04-16,+10.0%,+43.89%,0.7195,30,✗ No,budget_exceeded
5,31,31,04-16,+10.0%,+33.80%,0.6690,34,✗ No,budget_exceeded
5,31,31,04-16,+10.0%,+25.38%,0.6269,47,✗ No,budget_exceeded
5,32,30,04-16,+9.9%,+4.88%,0.5244,29,✓ Yes,completed
5,32,31,04-16,+9.7%,+4.85%,0.5242,29,✓ Yes,completed
5,32,31,04-16,+9.6%,+4.83%,0.5242,29,✓ Yes,completed
5,32,31,04-16,+9.3%,+4.73%,0.5237,29,✓ Yes,completed
5,32,32,04-16,+9.0%,+4.61%,0.5231,29,✓ Yes,completed
5,32,32,04-16,+8.8%,+4.47%,0.5224,30,✓ Yes,completed
5,32,32,04-16,+7.9%,+4.01%,0.5201,39,✓ Yes,completed
5,31,30,04-17,+10.0%,+45.65%,0.7282,30,✗ No,budget_exceeded
5,31,31,04-17,+10.0%,+35.52%,0.6776,34,✗ No,budget_exceeded
5,31,31,04-17,+10.0%,+27.08%,0.6354,47,✗ No,budget_exceeded
5,32,30,04-17,+9.9%,+4.98%,0.5249,29,✓ Yes,completed
5,32,31,04-17,+9.7%,+4.97%,0.5248,29,✓ Yes,completed
5,32,31,04-17,+9.6%,+4.95%,0.5248,29,✓ Yes,completed
5,32,31,04-17,+9.3%,+4.89%,0.5245,29,✓ Yes,completed
5,32,32,04-17,+9.0%,+4.80%,0.5240,29,✓ Yes,completed
5,32,32,04-17,+8.8%,+4.65%,0.5232,30,✓ Yes,completed
5,32,32,04-17,+7.9%,+4.19%,0.5210,39,✓ Yes,completed
5,31,30,04-18,+10.0%,+37.29%,0.6864,30,✗ No,budget_exceeded
5,31,31,04-18,+10.0%,+24.17%,0.6209,35,✗ No,budget_exceeded
5,31,31,04-18,+10.0%,+12.84%,0.5642,50,✗ No,budget_exceeded
5,32,30,04-18,+9.5%,+4.85%,0.5243,28,✓ Yes,completed
5,32,31,04-18,+9.3%,+4.83%,0.5242,28,✓ Yes,completed
5,32,31,04-18,+9.2%,+4.79%,0.5239,28,✓ Yes,completed
5,32,31,04-18,+8.9%,+4.66%,0.5233,28,✓ Yes,completed
5,32,32,04-18,+8.7%,+4.54%,0.5227,28,✓ Yes,completed
5,32,32,04-18,+8.4%,+4.40%,0.5220,29,✓ Yes,completed
5,32,32,04-18,+7.5%,+4.15%,0.5207,38,✓ Yes,completed
5,31,30,04-19,+10.0%,+39.08%,0.6954,30,✗ No,budget_exceeded
5,31,31,04-19,+10.0%,+25.92%,0.6296,35,✗ No,budget_exceeded
5,31,31,04-19,+10.0%,+14.55%,0.5727,50,✗ No,budget_exceeded
5,32,30,04-19,+9.7%,+4.92%,0.5246,29,✓ Yes,completed
5,32,31,04-19,+9.5%,+4.87%,0.5244,29,✓ Yes,completed
5,32,31,04-19,+9.3%,+4.83%,0.5241,29,✓ Yes,completed
5,32,31,04-19,+9.0%,+4.67%,0.5233,29,✓ Yes,completed
5,32,32,04-19,+8.7%,+4.55%,0.5227,29,✓ Yes,completed
5,32,32,04-19,+8.5%,+4.40%,0.5220,30,✓ Yes,completed
5,32,32,04-19,+7.5%,+4.20%,0.5210,38,✓ Yes,completed
5,31,30,04-20,+10.0%,+39.08%,0.6954,30,✗ No,budget_exceeded
5,31,31,04-20,+10.0%,+27.36%,0.6368,34,✗ No,budget_exceeded
5,31,31,04-20,+10.0%,+8.30%,0.5415,51,✗ No,budget_exceeded
5,32,30,04-20,+9.5%,+4.99%,0.5249,28,✓ Yes,completed
5,32,31,04-20,+9.3%,+4.91%,0.5245,28,✓ Yes,completed
5,32,31,04-20,+9.2%,+4.84%,0.5242,28,✓ Yes,completed
5,32,31,04-20,+8.8%,+4.68%,0.5234,28,✓ Yes,completed
5,32,32,04-20,+8.6%,+4.56%,0.5228,28,✓ Yes,completed
5,32,32,04-20,+8.3%,+4.41%,0.5221,29,✓ Yes,completed
5,32,32,04-20,+7.5%,+4.08%,0.5204,37,✓ Yes,completed
5,31,30,04-21,+10.0%,+40.59%,0.7030,29,✗ No,budget_exceeded
5,31,31,04-21,+10.0%,+23.08%,0.6154,34,✗ No,budget_exceeded
5,31,31,04-21,+10.0%,+9.71%,0.5486,49,✗ No,budget_exceeded
5,32,30,04-21,+9.5%,+4.91%,0.5246,28,✓ Yes,completed
5,32,31,04-21,+9.3%,+4.86%,0.5243,28,✓ Yes,completed
5,32,31,04-21,+9.2%,+4.80%,0.5240,28,✓ Yes,completed
5,32,31,04-21,+8.8%,+4.63%,0.5231,28,✓ Yes,completed
5,32,32,04-21,+8.6%,+4.50%,0.5225,28,✓ Yes,completed
5,32,32,04-21,+8.3%,+4.35%,0.5217,29,✓ Yes,completed
5,32,32,04-21,+7.5%,+4.09%,0.5205,37,✓ Yes,completed
6,32,30,04-18,+10.0%,+18.21%,0.5911,30,✗ No,budget_exceeded
6,32,30,04-18,+10.0%,+18.06%,0.5903,30,✗ No,budget_exceeded
6,32,31,04-18,+10.0%,+5.11%,0.5256,32,✗ No,budget_exceeded
6,32,31,04-18,+9.7%,+4.86%,0.5243,31,✓ Yes,completed
6,32,31,04-18,+9.4%,+4.86%,0.5243,31,✓ Yes,completed
6,32,32,04-18,+9.1%,+4.77%,0.5239,31,✓ Yes,completed
6,32,32,04-18,+9.0%,+4.68%,0.5234,35,✓ Yes,completed
6,32,30,04-19,+10.0%,+19.94%,0.5997,30,✗ No,budget_exceeded
6,32,30,04-19,+10.0%,+19.78%,0.5989,30,✗ No,budget_exceeded
6,32,31,04-19,+10.0%,+6.80%,0.5340,32,✗ No,budget_exceeded
6,32,31,04-19,+9.8%,+4.97%,0.5248,32,✓ Yes,completed
6,32,31,04-19,+9.6%,+4.92%,0.5246,32,✓ Yes,completed
6,32,32,04-19,+9.2%,+4.79%,0.5239,32,✓ Yes,completed
6,32,32,04-19,+9.1%,+4.69%,0.5234,36,✓ Yes,completed
6,32,30,04-20,+10.0%,+21.36%,0.6068,29,✗ No,budget_exceeded
6,32,30,04-20,+10.0%,+21.20%,0.6060,29,✗ No,budget_exceeded
6,32,31,04-20,+9.9%,+5.03%,0.5252,31,✓ Yes,completed
6,32,31,04-20,+9.6%,+5.02%,0.5251,31,✓ Yes,completed
6,32,31,04-20,+9.4%,+4.97%,0.5249,31,✓ Yes,completed
6,32,32,04-20,+9.1%,+4.80%,0.5240,31,✓ Yes,completed
6,32,32,04-20,+8.9%,+4.70%,0.5235,35,✓ Yes,completed
6,32,30,04-21,+10.0%,+22.91%,0.6146,29,✗ No,budget_exceeded
6,32,30,04-21,+10.0%,+22.76%,0.6138,29,✗ No,budget_exceeded
6,32,31,04-21,+9.9%,+4.95%,0.5248,31,✓ Yes,completed
6,32,31,04-21,+9.6%,+4.94%,0.5247,31,✓ Yes,completed
6,32,31,04-21,+9.4%,+4.91%,0.5245,31,✓ Yes,completed
6,32,32,04-21,+9.1%,+4.75%,0.5237,31,✓ Yes,completed
6,32,32,04-21,+8.9%,+4.65%,0.5232,35,✓ Yes,completed
6,32,30,04-22,+10.0%,+11.31%,0.5565,30,✗ No,budget_exceeded
6,32,30,04-22,+9.9%,+4.82%,0.5241,30,✓ Yes,completed
6,32,31,04-22,+9.5%,+4.73%,0.5237,30,✓ Yes,completed
6,32,31,04-22,+9.2%,+4.63%,0.5232,30,✓ Yes,completed
6,32,31,04-22,+9.0%,+4.53%,0.5227,30,✓ Yes,completed
6,32,32,04-22,+8.6%,+4.33%,0.5216,30,✓ Yes,completed
6,32,32,04-22,+8.4%,+4.23%,0.5211,34,✓ Yes,completed
7,32,30,04-19,+10.0%,+25.76%,0.6288,32,✗ No,budget_exceeded
7,32,31,04-19,+10.0%,+14.53%,0.5726,36,✗ No,budget_exceeded
7,32,31,04-19,+9.8%,+4.94%,0.5247,38,✓ Yes,completed
7,32,32,04-19,+9.5%,+4.86%,0.5243,44,✓ Yes,completed
7,32,30,04-20,+10.0%,+21.51%,0.6075,32,✗ No,budget_exceeded
7,32,31,04-20,+10.0%,+8.30%,0.5415,36,✗ No,budget_exceeded
7,32,31,04-20,+9.6%,+5.00%,0.5250,37,✓ Yes,completed
7,32,32,04-20,+9.4%,+4.90%,0.5245,43,✓ Yes,completed
7,32,30,04-21,+10.0%,+23.02%,0.6151,31,✗ No,budget_exceeded
7,32,31,04-21,+10.0%,+9.76%,0.5488,35,✗ No,budget_exceeded
7,32,31,04-21,+9.6%,+4.92%,0.5246,36,✓ Yes,completed
7,32,32,04-21,+9.4%,+4.85%,0.5242,42,✓ Yes,completed
8,32,30,04-20,+10.0%,+8.43%,0.5421,31,✗ No,budget_exceeded
8,32,31,04-20,+9.6%,+5.02%,0.5251,31,✓ Yes,completed
8,32,31,04-20,+9.3%,+4.91%,0.5246,31,✓ Yes,completed
8,32,32,04-20,+8.9%,+4.70%,0.5235,35,✓ Yes,completed
8,32,30,04-21,+10.0%,+9.93%,0.5496,31,✗ No,budget_exceeded
8,32,31,04-21,+9.6%,+4.94%,0.5247,31,✓ Yes,completed
8,32,31,04-21,+9.3%,+4.86%,0.5243,31,✓ Yes,completed
8,32,32,04-21,+8.9%,+4.65%,0.5232,35,✓ Yes,completed
9,32,31,04-20,+9.9%,+5.03%,0.5252,31,✓ Yes,completed
9,32,31,04-20,+9.6%,+5.02%,0.5251,31,✓ Yes,completed
9,32,31,04-20,+9.3%,+4.91%,0.5246,31,✓ Yes,completed
9,32,32,04-20,+8.9%,+4.70%,0.5235,35,✓ Yes,completed
9,32,31,04-21,+9.9%,+4.95%,0.5248,31,✓ Yes,completed
9,32,31,04-21,+9.6%,+4.94%,0.5247,31,✓ Yes,completed
9,32,31,04-21,+9.3%,+4.86%,0.5243,31,✓ Yes,completed
9,32,32,04-21,+8.9%,+4.65%,0.5232,35,✓ Yes,completed
