Iter,θ_p,θ_r,Start,Overhead %,CO₂ Save %,Score,Pauses,Budget,Stop
0,10,0,01-01,+10.0%,+99.00%,0.9950,1,✗ No,budget_exceeded
0,10,10,01-01,+10.0%,+99.00%,0.9950,1,✗ No,budget_exceeded
0,20,0,01-01,+10.0%,+99.00%,0.9950,1,✗ No,budget_exceeded
0,20,20,01-01,+10.0%,+94.39%,0.9719,6,✗ No,budget_exceeded
0,30,0,01-01,+10.0%,+98.90%,0.9945,1,✗ No,budget_exceeded
0,30,15,01-01,+10.0%,+98.90%,0.9945,1,✗ No,budget_exceeded
0,30,30,01-01,+3.8%,+2.10%,0.5105,14,✓ Yes,completed
0,40,0,01-01,+10.0%,+98.67%,0.9933,1,✗ No,budget_exceeded
0,40,13,01-01,+10.0%,+98.67%,0.9933,1,✗ No,budget_exceeded
0,40,27,01-01,+1.7%,+1.04%,0.5052,2,✓ Yes,completed
0,40,40,01-01,+0.4%,+0.34%,0.5017,2,✓ Yes,completed
0,50,0,01-01,+0.0%,+0.00%,0.5000,0,✓ Yes,completed
0,50,13,01-01,+0.0%,+0.00%,0.5000,0,✓ Yes,completed
0,50,25,01-01,+0.0%,+0.00%,0.5000,0,✓ Yes,completed
0,50,38,01-01,+0.0%,+0.00%,0.5000,0,✓ Yes,completed
0,50,50,01-01,+0.0%,+0.00%,0.5000,0,✓ Yes,completed
0,60,0,01-01,+0.0%,+0.00%,0.5000,0,✓ Yes,completed
0,60,12,01-01,+0.0%,+0.00%,0.5000,0,✓ Yes,completed
0,60,24,01-01,+0.0%,+0.00%,0.5000,0,✓ Yes,completed
0,60,36,01-01,+0.0%,+0.00%,0.5000,0,✓ Yes,completed
0,60,48,01-01,+0.0%,+0.00%,0.5000,0,✓ Yes,completed
0,60,60,01-01,+0.0%,+0.00%,0.5000,0,✓ Yes,completed
0,70,0,01-01,+0.0%,+0.00%,0.5000,0,✓ Yes,completed
0,70,12,01-01,+0.0%,+0.00%,0.5000,0,✓ Yes,completed
0,70,23,01-01,+0.0%,+0.00%,0.5000,0,✓ Yes,completed
0,70,35,01-01,+0.0%,+0.00%,0.5000,0,✓ Yes,completed
0,70,47,01-01,+0.0%,+0.00%,0.5000,0,✓ Yes,completed
0,70,58,01-01,+0.0%,+0.00%,0.5000,0,✓ Yes,completed
0,70,70,01-01,+0.0%,+0.00%,0.5000,0,✓ Yes,completed
0,80,0,01-01,+0.0%,+0.00%,0.5000,0,✓ Yes,completed
0,80,11,01-01,+0.0%,+0.00%,0.5000,0,✓ Yes,completed
0,80,23,01-01,+0.0%,+0.00%,0.5000,0,✓ Yes,completed
0,80,34,01-01,+0.0%,+0.00%,0.5000,0,✓ Yes,completed
0,80,46,01-01,+0.0%,+0.00%,0.5000,0,✓ Yes,completed
0,80,57,01-01,+0.0%,+0.00%,0.5000,0,✓ Yes,completed
0,80,69,01-01,+0.0%,+0.00%,0.5000,0,✓ Yes,completed
0,80,80,01-01,+0.0%,+0.00%,0.5000,0,✓ Yes,completed
0,90,0,01-01,+0.0%,+0.00%,0.5000,0,✓ Yes,completed
0,90,11,01-01,+0.0%,+0.00%,0.5000,0,✓ Yes,completed
0,90,23,01-01,+0.0%,+0.00%,0.5000,0,✓ Yes,completed
0,90,34,01-01,+0.0%,+0.00%,0.5000,0,✓ Yes,completed
0,90,45,01-01,+0.0%,+0.00%,0.5000,0,✓ Yes,completed
0,90,56,01-01,+0.0%,+0.00%,0.5000,0,✓ Yes,completed
0,90,68,01-01,+0.0%,+0.00%,0.5000,0,✓ Yes,completed
0,90,79,01-01,+0.0%,+0.00%,0.5000,0,✓ Yes,completed
0,90,90,01-01,+0.0%,+0.00%,0.5000,0,✓ Yes,completed
0,100,0,01-01,+0.0%,+0.00%,0.5000,0,✓ Yes,completed
0,100,11,01-01,+0.0%,+0.00%,0.5000,0,✓ Yes,completed
0,100,22,01-01,+0.0%,+0.00%,0.5000,0,✓ Yes,completed
0,100,33,01-01,+0.0%,+0.00%,0.5000,0,✓ Yes,completed
0,100,44,01-01,+0.0%,+0.00%,0.5000,0,✓ Yes,completed
0,100,56,01-01,+0.0%,+0.00%,0.5000,0,✓ Yes,completed
0,100,67,01-01,+0.0%,+0.00%,0.5000,0,✓ Yes,completed
0,100,78,01-01,+0.0%,+0.00%,0.5000,0,✓ Yes,completed
0,100,89,01-01,+0.0%,+0.00%,0.5000,0,✓ Yes,completed
0,100,100,01-01,+0.0%,+0.00%,0.5000,0,✓ Yes,completed
0,10,0,03-03,+10.0%,+99.38%,0.9969,1,✗ No,budget_exceeded
0,10,10,03-03,+10.0%,+99.38%,0.9969,1,✗ No,budget_exceeded
0,20,0,03-03,+10.0%,+96.23%,0.9811,1,✗ No,budget_exceeded
0,20,20,03-03,+10.0%,+90.74%,0.9537,5,✗ No,budget_exceeded
0,30,0,03-03,+10.0%,+90.00%,0.9500,1,✗ No,budget_exceeded
0,30,15,03-03,+10.0%,+90.00%,0.9500,1,✗ No,budget_exceeded
0,30,30,03-03,+10.0%,+28.16%,0.6408,28,✗ No,budget_exceeded
0,40,0,03-03,+10.0%,+84.51%,0.9225,1,✗ No,budget_exceeded
0,40,13,03-03,+10.0%,+84.51%,0.9225,1,✗ No,budget_exceeded
0,40,27,03-03,+8.4%,+5.00%,0.5250,18,✓ Yes,completed
0,40,40,03-03,+5.8%,+4.22%,0.5211,19,✓ Yes,completed
0,50,0,03-03,+10.0%,+83.16%,0.9158,1,✗ No,budget_exceeded
0,50,13,03-03,+10.0%,+83.16%,0.9158,1,✗ No,budget_exceeded
0,50,25,03-03,+2.8%,+0.96%,0.5048,6,✓ Yes,completed
0,50,38,03-03,+1.0%,+0.57%,0.5028,5,✓ Yes,completed
0,50,50,03-03,+0.5%,+0.39%,0.5019,6,✓ Yes,completed
0,60,0,03-03,+0.0%,+0.00%,0.5000,0,✓ Yes,completed
0,60,12,03-03,+0.0%,+0.00%,0.5000,0,✓ Yes,completed
0,60,24,03-03,+0.0%,+0.00%,0.5000,0,✓ Yes,completed
0,60,36,03-03,+0.0%,+0.00%,0.5000,0,✓ Yes,completed
0,60,48,03-03,+0.0%,+0.00%,0.5000,0,✓ Yes,completed
0,60,60,03-03,+0.0%,+0.00%,0.5000,0,✓ Yes,completed
0,70,0,03-03,+0.0%,+0.00%,0.5000,0,✓ Yes,completed
0,70,12,03-03,+0.0%,+0.00%,0.5000,0,✓ Yes,completed
0,70,23,03-03,+0.0%,+0.00%,0.5000,0,✓ Yes,completed
0,70,35,03-03,+0.0%,+0.00%,0.5000,0,✓ Yes,completed
0,70,47,03-03,+0.0%,+0.00%,0.5000,0,✓ Yes,completed
0,70,58,03-03,+0.0%,+0.00%,0.5000,0,✓ Yes,completed
0,70,70,03-03,+0.0%,+0.00%,0.5000,0,✓ Yes,completed
0,80,0,03-03,+0.0%,+0.00%,0.5000,0,✓ Yes,completed
0,80,11,03-03,+0.0%,+0.00%,0.5000,0,✓ Yes,completed
0,80,23,03-03,+0.0%,+0.00%,0.5000,0,✓ Yes,completed
0,80,34,03-03,+0.0%,+0.00%,0.5000,0,✓ Yes,completed
0,80,46,03-03,+0.0%,+0.00%,0.5000,0,✓ Yes,completed
0,80,57,03-03,+0.0%,+0.00%,0.5000,0,✓ Yes,completed
0,80,69,03-03,+0.0%,+0.00%,0.5000,0,✓ Yes,completed
0,80,80,03-03,+0.0%,+0.00%,0.5000,0,✓ Yes,completed
0,90,0,03-03,+0.0%,+0.00%,0.5000,0,✓ Yes,completed
0,90,11,03-03,+0.0%,+0.00%,0.5000,0,✓ Yes,completed
0,90,23,03-03,+0.0%,+0.00%,0.5000,0,✓ Yes,completed
0,90,34,03-03,+0.0%,+0.00%,0.5000,0,✓ Yes,completed
0,90,45,03-03,+0.0%,+0.00%,0.5000,0,✓ Yes,completed
0,90,56,03-03,+0.0%,+0.00%,0.5000,0,✓ Yes,completed
0,90,68,03-03,+0.0%,+0.00%,0.5000,0,✓ Yes,completed
0,90,79,03-03,+0.0%,+0.00%,0.5000,0,✓ Yes,completed
0,90,90,03-03,+0.0%,+0.00%,0.5000,0,✓ Yes,completed
0,100,0,03-03,+0.0%,+0.00%,0.5000,0,✓ Yes,completed
0,100,11,03-03,+0.0%,+0.00%,0.5000,0,✓ Yes,completed
0,100,22,03-03,+0.0%,+0.00%,0.5000,0,✓ Yes,completed
0,100,33,03-03,+0.0%,+0.00%,0.5000,0,✓ Yes,completed
0,100,44,03-03,+0.0%,+0.00%,0.5000,0,✓ Yes,completed
0,100,56,03-03,+0.0%,+0.00%,0.5000,0,✓ Yes,completed
0,100,67,03-03,+0.0%,+0.00%,0.5000,0,✓ Yes,completed
0,100,78,03-03,+0.0%,+0.00%,0.5000,0,✓ Yes,completed
0,100,89,03-03,+0.0%,+0.00%,0.5000,0,✓ Yes,completed
0,100,100,03-03,+0.0%,+0.00%,0.5000,0,✓ Yes,completed
0,10,0,05-03,+10.0%,+99.08%,0.9954,1,✗ No,budget_exceeded
0,10,10,05-03,+10.0%,+99.08%,0.9954,1,✗ No,budget_exceeded
0,20,0,05-03,+10.0%,+99.00%,0.9950,1,✗ No,budget_exceeded
0,20,20,05-03,+10.0%,+96.91%,0.9845,4,✗ No,budget_exceeded
0,30,0,05-03,+10.0%,+98.21%,0.9910,1,✗ No,budget_exceeded
0,30,15,05-03,+10.0%,+98.21%,0.9910,1,✗ No,budget_exceeded
0,30,30,05-03,+10.0%,+41.80%,0.7090,26,✗ No,budget_exceeded
0,40,0,05-03,+10.0%,+88.83%,0.9442,1,✗ No,budget_exceeded
0,40,13,05-03,+10.0%,+88.83%,0.9442,1,✗ No,budget_exceeded
0,40,27,05-03,+7.0%,+6.23%,0.5312,13,✓ Yes,completed
0,40,40,05-03,+4.4%,+4.67%,0.5234,15,✓ Yes,completed
0,50,0,05-03,+0.0%,+0.00%,0.5000,0,✓ Yes,completed
0,50,13,05-03,+0.0%,+0.00%,0.5000,0,✓ Yes,completed
0,50,25,05-03,+0.0%,+0.00%,0.5000,0,✓ Yes,completed
0,50,38,05-03,+0.0%,+0.00%,0.5000,0,✓ Yes,completed
0,50,50,05-03,+0.0%,+0.00%,0.5000,0,✓ Yes,completed
0,60,0,05-03,+0.0%,+0.00%,0.5000,0,✓ Yes,completed
0,60,12,05-03,+0.0%,+0.00%,0.5000,0,✓ Yes,completed
0,60,24,05-03,+0.0%,+0.00%,0.5000,0,✓ Yes,completed
0,60,36,05-03,+0.0%,+0.00%,0.5000,0,✓ Yes,completed
0,60,48,05-03,+0.0%,+0.00%,0.5000,0,✓ Yes,completed
0,60,60,05-03,+0.0%,+0.00%,0.5000,0,✓ Yes,completed
0,70,0,05-03,+0.0%,+0.00%,0.5000,0,✓ Yes,completed
0,70,12,05-03,+0.0%,+0.00%,0.5000,0,✓ Yes,completed
0,70,23,05-03,+0.0%,+0.00%,0.5000,0,✓ Yes,completed
0,70,35,05-03,+0.0%,+0.00%,0.5000,0,✓ Yes,completed
0,70,47,05-03,+0.0%,+0.00%,0.5000,0,✓ Yes,completed
0,70,58,05-03,+0.0%,+0.00%,0.5000,0,✓ Yes,completed
0,70,70,05-03,+0.0%,+0.00%,0.5000,0,✓ Yes,completed
0,80,0,05-03,+0.0%,+0.00%,0.5000,0,✓ Yes,completed
0,80,11,05-03,+0.0%,+0.00%,0.5000,0,✓ Yes,completed
0,80,23,05-03,+0.0%,+0.00%,0.5000,0,✓ Yes,completed
0,80,34,05-03,+0.0%,+0.00%,0.5000,0,✓ Yes,completed
0,80,46,05-03,+0.0%,+0.00%,0.5000,0,✓ Yes,completed
0,80,57,05-03,+0.0%,+0.00%,0.5000,0,✓ Yes,completed
0,80,69,05-03,+0.0%,+0.00%,0.5000,0,✓ Yes,completed
0,80,80,05-03,+0.0%,+0.00%,0.5000,0,✓ Yes,completed
0,90,0,05-03,+0.0%,+0.00%,0.5000,0,✓ Yes,completed
0,90,11,05-03,+0.0%,+0.00%,0.5000,0,✓ Yes,completed
0,90,23,05-03,+0.0%,+0.00%,0.5000,0,✓ Yes,completed
0,90,34,05-03,+0.0%,+0.00%,0.5000,0,✓ Yes,completed
0,90,45,05-03,+0.0%,+0.00%,0.5000,0,✓ Yes,completed
0,90,56,05-03,+0.0%,+0.00%,0.5000,0,✓ Yes,completed
0,90,68,05-03,+0.0%,+0.00%,0.5000,0,✓ Yes,completed
0,90,79,05-03,+0.0%,+0.00%,0.5000,0,✓ Yes,completed
0,90,90,05-03,+0.0%,+0.00%,0.5000,0,✓ Yes,completed
0,100,0,05-03,+0.0%,+0.00%,0.5000,0,✓ Yes,completed
0,100,11,05-03,+0.0%,+0.00%,0.5000,0,✓ Yes,completed
0,100,22,05-03,+0.0%,+0.00%,0.5000,0,✓ Yes,completed
0,100,33,05-03,+0.0%,+0.00%,0.5000,0,✓ Yes,completed
0,100,44,05-03,+0.0%,+0.00%,0.5000,0,✓ Yes,completed
0,100,56,05-03,+0.0%,+0.00%,0.5000,0,✓ Yes,completed
0,100,67,05-03,+0.0%,+0.00%,0.5000,0,✓ Yes,completed
0,100,78,05-03,+0.0%,+0.00%,0.5000,0,✓ Yes,completed
0,100,89,05-03,+0.0%,+0.00%,0.5000,0,✓ Yes,completed
0,100,100,05-03,+0.0%,+0.00%,0.5000,0,✓ Yes,completed
0,10,0,07-03,+10.0%,+99.23%,0.9961,1,✗ No,budget_exceeded
0,10,10,07-03,+10.0%,+99.23%,0.9961,1,✗ No,budget_exceeded
0,20,0,07-03,+10.0%,+98.48%,0.9924,1,✗ No,budget_exceeded
0,20,20,07-03,+10.0%,+52.33%,0.7616,27,✗ No,budget_exceeded
0,30,0,07-03,+10.0%,+95.38%,0.9769,1,✗ No,budget_exceeded
0,30,15,07-03,+10.0%,+47.92%,0.7396,10,✗ No,budget_exceeded
0,30,30,07-03,+10.0%,+12.06%,0.5603,32,✗ No,budget_exceeded
0,40,0,07-03,+10.0%,+71.94%,0.8597,1,✗ No,budget_exceeded
0,40,13,07-03,+10.0%,+71.94%,0.8597,1,✗ No,budget_exceeded
0,40,27,07-03,+3.4%,+1.95%,0.5098,10,✓ Yes,completed
0,40,40,07-03,+2.0%,+1.40%,0.5070,9,✓ Yes,completed
0,50,0,07-03,+0.0%,+0.00%,0.5000,0,✓ Yes,completed
0,50,13,07-03,+0.0%,+0.00%,0.5000,0,✓ Yes,completed
0,50,25,07-03,+0.0%,+0.00%,0.5000,0,✓ Yes,completed
0,50,38,07-03,+0.0%,+0.00%,0.5000,0,✓ Yes,completed
0,50,50,07-03,+0.0%,+0.00%,0.5000,0,✓ Yes,completed
0,60,0,07-03,+0.0%,+0.00%,0.5000,0,✓ Yes,completed
0,60,12,07-03,+0.0%,+0.00%,0.5000,0,✓ Yes,completed
0,60,24,07-03,+0.0%,+0.00%,0.5000,0,✓ Yes,completed
0,60,36,07-03,+0.0%,+0.00%,0.5000,0,✓ Yes,completed
0,60,48,07-03,+0.0%,+0.00%,0.5000,0,✓ Yes,completed
0,60,60,07-03,+0.0%,+0.00%,0.5000,0,✓ Yes,completed
0,70,0,07-03,+0.0%,+0.00%,0.5000,0,✓ Yes,completed
0,70,12,07-03,+0.0%,+0.00%,0.5000,0,✓ Yes,completed
0,70,23,07-03,+0.0%,+0.00%,0.5000,0,✓ Yes,completed
0,70,35,07-03,+0.0%,+0.00%,0.5000,0,✓ Yes,completed
0,70,47,07-03,+0.0%,+0.00%,0.5000,0,✓ Yes,completed
0,70,58,07-03,+0.0%,+0.00%,0.5000,0,✓ Yes,completed
0,70,70,07-03,+0.0%,+0.00%,0.5000,0,✓ Yes,completed
0,80,0,07-03,+0.0%,+0.00%,0.5000,0,✓ Yes,completed
0,80,11,07-03,+0.0%,+0.00%,0.5000,0,✓ Yes,completed
0,80,23,07-03,+0.0%,+0.00%,0.5000,0,✓ Yes,completed
0,80,34,07-03,+0.0%,+0.00%,0.5000,0,✓ Yes,completed
0,80,46,07-03,+0.0%,+0.00%,0.5000,0,✓ Yes,completed
0,80,57,07-03,+0.0%,+0.00%,0.5000,0,✓ Yes,completed
0,80,69,07-03,+0.0%,+0.00%,0.5000,0,✓ Yes,completed
0,80,80,07-03,+0.0%,+0.00%,0.5000,0,✓ Yes,completed
0,90,0,07-03,+0.0%,+0.00%,0.5000,0,✓ Yes,completed
0,90,11,07-03,+0.0%,+0.00%,0.5000,0,✓ Yes,completed
0,90,23,07-03,+0.0%,+0.00%,0.5000,0,✓ Yes,completed
0,90,34,07-03,+0.0%,+0.00%,0.5000,0,✓ Yes,completed
0,90,45,07-03,+0.0%,+0.00%,0.5000,0,✓ Yes,completed
0,90,56,07-03,+0.0%,+0.00%,0.5000,0,✓ Yes,completed
0,90,68,07-03,+0.0%,+0.00%,0.5000,0,✓ Yes,completed
0,90,79,07-03,+0.0%,+0.00%,0.5000,0,✓ Yes,completed
0,90,90,07-03,+0.0%,+0.00%,0.5000,0,✓ Yes,completed
0,100,0,07-03,+0.0%,+0.00%,0.5000,0,✓ Yes,completed
0,100,11,07-03,+0.0%,+0.00%,0.5000,0,✓ Yes,completed
0,100,22,07-03,+0.0%,+0.00%,0.5000,0,✓ Yes,completed
0,100,33,07-03,+0.0%,+0.00%,0.5000,0,✓ Yes,completed
0,100,44,07-03,+0.0%,+0.00%,0.5000,0,✓ Yes,completed
0,100,56,07-03,+0.0%,+0.00%,0.5000,0,✓ Yes,completed
0,100,67,07-03,+0.0%,+0.00%,0.5000,0,✓ Yes,completed
0,100,78,07-03,+0.0%,+0.00%,0.5000,0,✓ Yes,completed
0,100,89,07-03,+0.0%,+0.00%,0.5000,0,✓ Yes,completed
0,100,100,07-03,+0.0%,+0.00%,0.5000,0,✓ Yes,completed
0,10,0,09-02,+10.0%,+99.08%,0.9954,1,✗ No,budget_exceeded
0,10,10,09-02,+10.0%,+99.08%,0.9954,1,✗ No,budget_exceeded
0,20,0,09-02,+10.0%,+98.77%,0.9938,1,✗ No,budget_exceeded
0,20,20,09-02,+10.0%,+84.57%,0.9229,18,✗ No,budget_exceeded
0,30,0,09-02,+10.0%,+98.70%,0.9935,1,✗ No,budget_exceeded
0,30,15,09-02,+10.0%,+98.70%,0.9935,1,✗ No,budget_exceeded
0,30,30,09-02,+5.6%,+3.09%,0.5155,20,✓ Yes,completed
0,40,0,09-02,+10.0%,+90.67%,0.9534,1,✗ No,budget_exceeded
0,40,13,09-02,+10.0%,+90.67%,0.9534,1,✗ No,budget_exceeded
0,40,27,09-02,+2.3%,+2.15%,0.5108,4,✓ Yes,completed
0,40,40,09-02,+1.8%,+1.89%,0.5094,5,✓ Yes,completed
0,50,0,09-02,+10.0%,+36.21%,0.6811,1,✗ No,budget_exceeded
0,50,13,09-02,+10.0%,+36.21%,0.6811,1,✗ No,budget_exceeded
0,50,25,09-02,+1.5%,+1.38%,0.5069,2,✓ Yes,completed
0,50,38,09-02,+0.9%,+1.05%,0.5052,2,✓ Yes,completed
0,50,50,09-02,+0.2%,+0.21%,0.5011,3,✓ Yes,completed
0,60,0,09-02,+0.0%,+0.00%,0.5000,0,✓ Yes,completed
0,60,12,09-02,+0.0%,+0.00%,0.5000,0,✓ Yes,completed
0,60,24,09-02,+0.0%,+0.00%,0.5000,0,✓ Yes,completed
0,60,36,09-02,+0.0%,+0.00%,0.5000,0,✓ Yes,completed
0,60,48,09-02,+0.0%,+0.00%,0.5000,0,✓ Yes,completed
0,60,60,09-02,+0.0%,+0.00%,0.5000,0,✓ Yes,completed
0,70,0,09-02,+0.0%,+0.00%,0.5000,0,✓ Yes,completed
0,70,12,09-02,+0.0%,+0.00%,0.5000,0,✓ Yes,completed
0,70,23,09-02,+0.0%,+0.00%,0.5000,0,✓ Yes,completed
0,70,35,09-02,+0.0%,+0.00%,0.5000,0,✓ Yes,completed
0,70,47,09-02,+0.0%,+0.00%,0.5000,0,✓ Yes,completed
0,70,58,09-02,+0.0%,+0.00%,0.5000,0,✓ Yes,completed
0,70,70,09-02,+0.0%,+0.00%,0.5000,0,✓ Yes,completed
0,80,0,09-02,+0.0%,+0.00%,0.5000,0,✓ Yes,completed
0,80,11,09-02,+0.0%,+0.00%,0.5000,0,✓ Yes,completed
0,80,23,09-02,+0.0%,+0.00%,0.5000,0,✓ Yes,completed
0,80,34,09-02,+0.0%,+0.00%,0.5000,0,✓ Yes,completed
0,80,46,09-02,+0.0%,+0.00%,0.5000,0,✓ Yes,completed
0,80,57,09-02,+0.0%,+0.00%,0.5000,0,✓ Yes,completed
0,80,69,09-02,+0.0%,+0.00%,0.5000,0,✓ Yes,completed
0,80,80,09-02,+0.0%,+0.00%,0.5000,0,✓ Yes,completed
0,90,0,09-02,+0.0%,+0.00%,0.5000,0,✓ Yes,completed
0,90,11,09-02,+0.0%,+0.00%,0.5000,0,✓ Yes,completed
0,90,23,09-02,+0.0%,+0.00%,0.5000,0,✓ Yes,completed
0,90,34,09-02,+0.0%,+0.00%,0.5000,0,✓ Yes,completed
0,90,45,09-02,+0.0%,+0.00%,0.5000,0,✓ Yes,completed
0,90,56,09-02,+0.0%,+0.00%,0.5000,0,✓ Yes,completed
0,90,68,09-02,+0.0%,+0.00%,0.5000,0,✓ Yes,completed
0,90,79,09-02,+0.0%,+0.00%,0.5000,0,✓ Yes,completed
0,90,90,09-02,+0.0%,+0.00%,0.5000,0,✓ Yes,completed
0,100,0,09-02,+0.0%,+0.00%,0.5000,0,✓ Yes,completed
0,100,11,09-02,+0.0%,+0.00%,0.5000,0,✓ Yes,completed
0,100,22,09-02,+0.0%,+0.00%,0.5000,0,✓ Yes,completed
0,100,33,09-02,+0.0%,+0.00%,0.5000,0,✓ Yes,completed
0,100,44,09-02,+0.0%,+0.00%,0.5000,0,✓ Yes,completed
0,100,56,09-02,+0.0%,+0.00%,0.5000,0,✓ Yes,completed
0,100,67,09-02,+0.0%,+0.00%,0.5000,0,✓ Yes,completed
0,100,78,09-02,+0.0%,+0.00%,0.5000,0,✓ Yes,completed
0,100,89,09-02,+0.0%,+0.00%,0.5000,0,✓ Yes,completed
0,100,100,09-02,+0.0%,+0.00%,0.5000,0,✓ Yes,completed
0,10,0,11-02,+10.0%,+99.28%,0.9964,1,✗ No,budget_exceeded
0,10,10,11-02,+10.0%,+99.28%,0.9964,1,✗ No,budget_exceeded
0,20,0,11-02,+10.0%,+99.28%,0.9964,1,✗ No,budget_exceeded
0,20,20,11-02,+10.0%,+83.16%,0.9158,9,✗ No,budget_exceeded
0,30,0,11-02,+10.0%,+73.56%,0.8678,1,✗ No,budget_exceeded
0,30,15,11-02,+10.0%,+73.56%,0.8678,1,✗ No,budget_exceeded
0,30,30,11-02,+5.5%,+4.09%,0.5205,10,✓ Yes,completed
0,40,0,11-02,+10.0%,+72.24%,0.8612,1,✗ No,budget_exceeded
0,40,13,11-02,+10.0%,+72.24%,0.8612,1,✗ No,budget_exceeded
0,40,27,11-02,+2.9%,+2.50%,0.5125,3,✓ Yes,completed
0,40,40,11-02,+1.8%,+1.81%,0.5090,5,✓ Yes,completed
0,50,0,11-02,+10.0%,+70.97%,0.8549,1,✗ No,budget_exceeded
0,50,13,11-02,+10.0%,+70.97%,0.8549,1,✗ No,budget_exceeded
0,50,25,11-02,+1.6%,+1.32%,0.5066,2,✓ Yes,completed
0,50,38,11-02,+1.2%,+1.15%,0.5058,2,✓ Yes,completed
0,50,50,11-02,+0.6%,+0.72%,0.5036,2,✓ Yes,completed
0,60,0,11-02,+0.0%,+0.00%,0.5000,0,✓ Yes,completed
0,60,12,11-02,+0.0%,+0.00%,0.5000,0,✓ Yes,completed
0,60,24,11-02,+0.0%,+0.00%,0.5000,0,✓ Yes,completed
0,60,36,11-02,+0.0%,+0.00%,0.5000,0,✓ Yes,completed
0,60,48,11-02,+0.0%,+0.00%,0.5000,0,✓ Yes,completed
0,60,60,11-02,+0.0%,+0.00%,0.5000,0,✓ Yes,completed
0,70,0,11-02,+0.0%,+0.00%,0.5000,0,✓ Yes,completed
0,70,12,11-02,+0.0%,+0.00%,0.5000,0,✓ Yes,completed
0,70,23,11-02,+0.0%,+0.00%,0.5000,0,✓ Yes,completed
0,70,35,11-02,+0.0%,+0.00%,0.5000,0,✓ Yes,completed
0,70,47,11-02,+0.0%,+0.00%,0.5000,0,✓ Yes,completed
0,70,58,11-02,+0.0%,+0.00%,0.5000,0,✓ Yes,completed
0,70,70,11-02,+0.0%,+0.00%,0.5000,0,✓ Yes,completed
0,80,0,11-02,+0.0%,+0.00%,0.5000,0,✓ Yes,completed
0,80,11,11-02,+0.0%,+0.00%,0.5000,0,✓ Yes,completed
0,80,23,11-02,+0.0%,+0.00%,0.5000,0,✓ Yes,completed
0,80,34,11-02,+0.0%,+0.00%,0.5000,0,✓ Yes,completed
0,80,46,11-02,+0.0%,+0.00%,0.5000,0,✓ Yes,completed
0,80,57,11-02,+0.0%,+0.00%,0.5000,0,✓ Yes,completed
0,80,69,11-02,+0.0%,+0.00%,0.5000,0,✓ Yes,completed
0,80,80,11-02,+0.0%,+0.00%,0.5000,0,✓ Yes,completed
0,90,0,11-02,+0.0%,+0.00%,0.5000,0,✓ Yes,completed
0,90,11,11-02,+0.0%,+0.00%,0.5000,0,✓ Yes,completed
0,90,23,11-02,+0.0%,+0.00%,0.5000,0,✓ Yes,completed
0,90,34,11-02,+0.0%,+0.00%,0.5000,0,✓ Yes,completed
0,90,45,11-02,+0.0%,+0.00%,0.5000,0,✓ Yes,completed
0,90,56,11-02,+0.0%,+0.00%,0.5000,0,✓ Yes,completed
0,90,68,11-02,+0.0%,+0.00%,0.5000,0,✓ Yes,completed
0,90,79,11-02,+0.0%,+0.00%,0.5000,0,✓ Yes,completed
0,90,90,11-02,+0.0%,+0.00%,0.5000,0,✓ Yes,completed
0,100,0,11-02,+0.0%,+0.00%,0.5000,0,✓ Yes,completed
0,100,11,11-02,+0.0%,+0.00%,0.5000,0,✓ Yes,completed
0,100,22,11-02,+0.0%,+0.00%,0.5000,0,✓ Yes,completed
0,100,33,11-02,+0.0%,+0.00%,0.5000,0,✓ Yes,completed
0,100,44,11-02,+0.0%,+0.00%,0.5000,0,✓ Yes,completed
0,100,56,11-02,+0.0%,+0.00%,0.5000,0,✓ Yes,completed
0,100,67,11-02,+0.0%,+0.00%,0.5000,0,✓ Yes,completed
0,100,78,11-02,+0.0%,+0.00%,0.5000,0,✓ Yes,completed
0,100,89,11-02,+0.0%,+0.00%,0.5000,0,✓ Yes,completed
0,100,100,11-02,+0.0%,+0.00%,0.5000,0,✓ Yes,completed
0,10,0,12-31,+10.0%,+99.01%,0.9951,1,✗ No,budget_exceeded
0,10,10,12-31,+10.0%,+99.01%,0.9951,1,✗ No,budget_exceeded
0,20,0,12-31,+10.0%,+99.01%,0.9951,1,✗ No,budget_exceeded
0,20,20,12-31,+10.0%,+94.33%,0.9717,7,✗ No,budget_exceeded
0,30,0,12-31,+10.0%,+96.92%,0.9846,1,✗ No,budget_exceeded
0,30,15,12-31,+10.0%,+96.92%,0.9846,1,✗ No,budget_exceeded
0,30,30,12-31,+3.8%,+2.09%,0.5104,14,✓ Yes,completed
0,40,0,12-31,+10.0%,+96.69%,0.9834,1,✗ No,budget_exceeded
0,40,13,12-31,+10.0%,+96.69%,0.9834,1,✗ No,budget_exceeded
0,40,27,12-31,+1.7%,+0.91%,0.5046,2,✓ Yes,completed
0,40,40,12-31,+0.4%,+0.25%,0.5013,2,✓ Yes,completed
0,50,0,12-31,+0.0%,+0.00%,0.5000,0,✓ Yes,completed
0,50,13,12-31,+0.0%,+0.00%,0.5000,0,✓ Yes,completed
0,50,25,12-31,+0.0%,+0.00%,0.5000,0,✓ Yes,completed
0,50,38,12-31,+0.0%,+0.00%,0.5000,0,✓ Yes,completed
0,50,50,12-31,+0.0%,+0.00%,0.5000,0,✓ Yes,completed
0,60,0,12-31,+0.0%,+0.00%,0.5000,0,✓ Yes,completed
0,60,12,12-31,+0.0%,+0.00%,0.5000,0,✓ Yes,completed
0,60,24,12-31,+0.0%,+0.00%,0.5000,0,✓ Yes,completed
0,60,36,12-31,+0.0%,+0.00%,0.5000,0,✓ Yes,completed
0,60,48,12-31,+0.0%,+0.00%,0.5000,0,✓ Yes,completed
0,60,60,12-31,+0.0%,+0.00%,0.5000,0,✓ Yes,completed
0,70,0,12-31,+0.0%,+0.00%,0.5000,0,✓ Yes,completed
0,70,12,12-31,+0.0%,+0.00%,0.5000,0,✓ Yes,completed
0,70,23,12-31,+0.0%,+0.00%,0.5000,0,✓ Yes,completed
0,70,35,12-31,+0.0%,+0.00%,0.5000,0,✓ Yes,completed
0,70,47,12-31,+0.0%,+0.00%,0.5000,0,✓ Yes,completed
0,70,58,12-31,+0.0%,+0.00%,0.5000,0,✓ Yes,completed
0,70,70,12-31,+0.0%,+0.00%,0.5000,0,✓ Yes,completed
0,80,0,12-31,+0.0%,+0.00%,0.5000,0,✓ Yes,completed
0,80,11,12-31,+0.0%,+0.00%,0.5000,0,✓ Yes,completed
0,80,23,12-31,+0.0%,+0.00%,0.5000,0,✓ Yes,completed
0,80,34,12-31,+0.0%,+0.00%,0.5000,0,✓ Yes,completed
0,80,46,12-31,+0.0%,+0.00%,0.5000,0,✓ Yes,completed
0,80,57,12-31,+0.0%,+0.00%,0.5000,0,✓ Yes,completed
0,80,69,12-31,+0.0%,+0.00%,0.5000,0,✓ Yes,completed
0,80,80,12-31,+0.0%,+0.00%,0.5000,0,✓ Yes,completed
0,90,0,12-31,+0.0%,+0.00%,0.5000,0,✓ Yes,completed
0,90,11,12-31,+0.0%,+0.00%,0.5000,0,✓ Yes,completed
0,90,23,12-31,+0.0%,+0.00%,0.5000,0,✓ Yes,completed
0,90,34,12-31,+0.0%,+0.00%,0.5000,0,✓ Yes,completed
0,90,45,12-31,+0.0%,+0.00%,0.5000,0,✓ Yes,completed
0,90,56,12-31,+0.0%,+0.00%,0.5000,0,✓ Yes,completed
0,90,68,12-31,+0.0%,+0.00%,0.5000,0,✓ Yes,completed
0,90,79,12-31,+0.0%,+0.00%,0.5000,0,✓ Yes,completed
0,90,90,12-31,+0.0%,+0.00%,0.5000,0,✓ Yes,completed
0,100,0,12-31,+0.0%,+0.00%,0.5000,0,✓ Yes,completed
0,100,11,12-31,+0.0%,+0.00%,0.5000,0,✓ Yes,completed
0,100,22,12-31,+0.0%,+0.00%,0.5000,0,✓ Yes,completed
0,100,33,12-31,+0.0%,+0.00%,0.5000,0,✓ Yes,completed
0,100,44,12-31,+0.0%,+0.00%,0.5000,0,✓ Yes,completed
0,100,56,12-31,+0.0%,+0.00%,0.5000,0,✓ Yes,completed
0,100,67,12-31,+0.0%,+0.00%,0.5000,0,✓ Yes,completed
0,100,78,12-31,+0.0%,+0.00%,0.5000,0,✓ Yes,completed
0,100,89,12-31,+0.0%,+0.00%,0.5000,0,✓ Yes,completed
0,100,100,12-31,+0.0%,+0.00%,0.5000,0,✓ Yes,completed
1,20,6,02-10,+10.0%,+98.78%,0.9939,1,✗ No,budget_exceeded
1,20,13,02-10,+10.0%,+98.78%,0.9939,1,✗ No,budget_exceeded
1,20,20,02-10,+10.0%,+97.79%,0.9889,5,✗ No,budget_exceeded
1,24,6,02-10,+10.0%,+98.70%,0.9935,1,✗ No,budget_exceeded
1,24,12,02-10,+10.0%,+98.70%,0.9935,1,✗ No,budget_exceeded
1,24,18,02-10,+10.0%,+98.31%,0.9916,2,✗ No,budget_exceeded
1,24,24,02-10,+10.0%,+55.25%,0.7763,22,✗ No,budget_exceeded
1,29,6,02-10,+10.0%,+97.81%,0.9891,1,✗ No,budget_exceeded
1,29,11,02-10,+10.0%,+97.81%,0.9891,1,✗ No,budget_exceeded
1,29,15,02-10,+10.0%,+97.81%,0.9891,1,✗ No,budget_exceeded
1,29,20,02-10,+10.0%,+56.84%,0.7842,7,✗ No,budget_exceeded
1,29,24,02-10,+10.0%,+32.69%,0.6635,18,✗ No,budget_exceeded
1,29,29,02-10,+10.0%,+12.59%,0.5630,32,✗ No,budget_exceeded
1,33,6,02-10,+10.0%,+84.99%,0.9249,1,✗ No,budget_exceeded
1,33,11,02-10,+10.0%,+84.99%,0.9249,1,✗ No,budget_exceeded
1,33,15,02-10,+10.0%,+84.99%,0.9249,1,✗ No,budget_exceeded
1,33,20,02-10,+10.0%,+52.82%,0.7641,4,✗ No,budget_exceeded
1,33,24,02-10,+10.0%,+11.90%,0.5595,18,✗ No,budget_exceeded
1,33,29,02-10,+8.2%,+4.46%,0.5223,21,✓ Yes,completed
1,33,33,02-10,+6.8%,+3.95%,0.5198,25,✓ Yes,completed
1,38,6,02-10,+10.0%,+52.80%,0.7640,1,✗ No,budget_exceeded
1,38,11,02-10,+10.0%,+52.80%,0.7640,1,✗ No,budget_exceeded
1,38,15,02-10,+10.0%,+52.80%,0.7640,1,✗ No,budget_exceeded
1,38,20,02-10,+10.0%,+45.76%,0.7288,5,✗ No,budget_exceeded
1,38,24,02-10,+8.1%,+4.02%,0.5201,16,✓ Yes,completed
1,38,29,02-10,+6.7%,+3.76%,0.5188,17,✓ Yes,completed
1,38,33,02-10,+5.4%,+3.52%,0.5176,16,✓ Yes,completed
1,38,38,02-10,+4.7%,+3.05%,0.5152,19,✓ Yes,completed
1,42,6,02-10,+10.0%,+47.22%,0.7361,1,✗ No,budget_exceeded
1,42,11,02-10,+10.0%,+47.22%,0.7361,1,✗ No,budget_exceeded
1,42,15,02-10,+10.0%,+47.22%,0.7361,1,✗ No,budget_exceeded
1,42,20,02-10,+10.0%,+23.75%,0.6188,4,✗ No,budget_exceeded
1,42,24,02-10,+5.5%,+3.08%,0.5154,9,✓ Yes,completed
1,42,29,02-10,+4.8%,+2.94%,0.5147,9,✓ Yes,completed
1,42,33,02-10,+4.3%,+2.84%,0.5142,9,✓ Yes,completed
1,42,38,02-10,+3.7%,+2.56%,0.5128,11,✓ Yes,completed
1,42,42,02-10,+3.1%,+2.01%,0.5100,14,✓ Yes,completed
1,47,6,02-10,+10.0%,+46.30%,0.7315,1,✗ No,budget_exceeded
1,47,11,02-10,+10.0%,+46.30%,0.7315,1,✗ No,budget_exceeded
1,47,15,02-10,+10.0%,+46.30%,0.7315,1,✗ No,budget_exceeded
1,47,20,02-10,+10.0%,+16.64%,0.5832,4,✗ No,budget_exceeded
1,47,24,02-10,+3.9%,+1.91%,0.5096,8,✓ Yes,completed
1,47,29,02-10,+3.2%,+1.77%,0.5089,8,✓ Yes,completed
1,47,33,02-10,+2.8%,+1.58%,0.5079,8,✓ Yes,completed
1,47,38,02-10,+2.0%,+1.57%,0.5078,7,✓ Yes,completed
1,47,42,02-10,+1.8%,+1.44%,0.5072,7,✓ Yes,completed
1,47,47,02-10,+1.2%,+0.82%,0.5041,10,✓ Yes,completed
1,51,6,02-10,+10.0%,+45.99%,0.7300,1,✗ No,budget_exceeded
1,51,11,02-10,+10.0%,+45.99%,0.7300,1,✗ No,budget_exceeded
1,51,15,02-10,+10.0%,+45.99%,0.7300,1,✗ No,budget_exceeded
1,51,20,02-10,+7.0%,+0.73%,0.5036,3,✓ Yes,completed
1,51,24,02-10,+1.7%,+0.57%,0.5029,4,✓ Yes,completed
1,51,29,02-10,+1.2%,+0.48%,0.5024,4,✓ Yes,completed
1,51,33,02-10,+0.9%,+0.40%,0.5020,4,✓ Yes,completed
1,51,38,02-10,+0.5%,+0.39%,0.5019,3,✓ Yes,completed
1,51,42,02-10,+0.5%,+0.39%,0.5019,3,✓ Yes,completed
1,51,47,02-10,+0.4%,+0.42%,0.5021,3,✓ Yes,completed
1,51,51,02-10,+0.3%,+0.31%,0.5015,3,✓ Yes,completed
1,56,6,02-10,+0.0%,+0.00%,0.5000,0,✓ Yes,completed
1,56,11,02-10,+0.0%,+0.00%,0.5000,0,✓ Yes,completed
1,56,15,02-10,+0.0%,+0.00%,0.5000,0,✓ Yes,completed
1,56,20,02-10,+0.0%,+0.00%,0.5000,0,✓ Yes,completed
1,56,24,02-10,+0.0%,+0.00%,0.5000,0,✓ Yes,completed
1,56,29,02-10,+0.0%,+0.00%,0.5000,0,✓ Yes,completed
1,56,33,02-10,+0.0%,+0.00%,0.5000,0,✓ Yes,completed
1,56,38,02-10,+0.0%,+0.00%,0.5000,0,✓ Yes,completed
1,56,42,02-10,+0.0%,+0.00%,0.5000,0,✓ Yes,completed
1,56,47,02-10,+0.0%,+0.00%,0.5000,0,✓ Yes,completed
1,56,51,02-10,+0.0%,+0.00%,0.5000,0,✓ Yes,completed
1,56,56,02-10,+0.0%,+0.00%,0.5000,0,✓ Yes,completed
1,60,6,02-10,+0.0%,+0.00%,0.5000,0,✓ Yes,completed
1,60,11,02-10,+0.0%,+0.00%,0.5000,0,✓ Yes,completed
1,60,15,02-10,+0.0%,+0.00%,0.5000,0,✓ Yes,completed
1,60,20,02-10,+0.0%,+0.00%,0.5000,0,✓ Yes,completed
1,60,24,02-10,+0.0%,+0.00%,0.5000,0,✓ Yes,completed
1,60,29,02-10,+0.0%,+0.00%,0.5000,0,✓ Yes,completed
1,60,33,02-10,+0.0%,+0.00%,0.5000,0,✓ Yes,completed
1,60,38,02-10,+0.0%,+0.00%,0.5000,0,✓ Yes,completed
1,60,42,02-10,+0.0%,+0.00%,0.5000,0,✓ Yes,completed
1,60,47,02-10,+0.0%,+0.00%,0.5000,0,✓ Yes,completed
1,60,51,02-10,+0.0%,+0.00%,0.5000,0,✓ Yes,completed
1,60,56,02-10,+0.0%,+0.00%,0.5000,0,✓ Yes,completed
1,60,60,02-10,+0.0%,+0.00%,0.5000,0,✓ Yes,completed
1,20,6,03-09,+10.0%,+98.97%,0.9949,1,✗ No,budget_exceeded
1,20,13,03-09,+10.0%,+98.97%,0.9949,1,✗ No,budget_exceeded
1,20,20,03-09,+10.0%,+97.90%,0.9895,6,✗ No,budget_exceeded
1,24,6,03-09,+10.0%,+98.32%,0.9916,1,✗ No,budget_exceeded
1,24,12,03-09,+10.0%,+98.32%,0.9916,1,✗ No,budget_exceeded
1,24,18,03-09,+10.0%,+97.73%,0.9887,2,✗ No,budget_exceeded
1,24,24,03-09,+10.0%,+82.48%,0.9124,20,✗ No,budget_exceeded
1,29,6,03-09,+10.0%,+98.32%,0.9916,1,✗ No,budget_exceeded
1,29,11,03-09,+10.0%,+98.32%,0.9916,1,✗ No,budget_exceeded
1,29,15,03-09,+10.0%,+98.32%,0.9916,1,✗ No,budget_exceeded
1,29,20,03-09,+10.0%,+93.29%,0.9664,5,✗ No,budget_exceeded
1,29,24,03-09,+10.0%,+66.60%,0.8330,18,✗ No,budget_exceeded
1,29,29,03-09,+10.0%,+51.43%,0.7572,29,✗ No,budget_exceeded
1,33,6,03-09,+10.0%,+98.32%,0.9916,1,✗ No,budget_exceeded
1,33,11,03-09,+10.0%,+98.32%,0.9916,1,✗ No,budget_exceeded
1,33,15,03-09,+10.0%,+98.32%,0.9916,1,✗ No,budget_exceeded
1,33,20,03-09,+10.0%,+91.85%,0.9593,5,✗ No,budget_exceeded
1,33,24,03-09,+10.0%,+50.91%,0.7546,19,✗ No,budget_exceeded
1,33,29,03-09,+10.0%,+33.68%,0.6684,26,✗ No,budget_exceeded
1,33,33,03-09,+10.0%,+21.04%,0.6052,35,✗ No,budget_exceeded
1,38,6,03-09,+10.0%,+98.20%,0.9910,1,✗ No,budget_exceeded
1,38,11,03-09,+10.0%,+98.20%,0.9910,1,✗ No,budget_exceeded
1,38,15,03-09,+10.0%,+98.20%,0.9910,1,✗ No,budget_exceeded
1,38,20,03-09,+10.0%,+91.51%,0.9575,5,✗ No,budget_exceeded
1,38,24,03-09,+10.0%,+33.25%,0.6663,21,✗ No,budget_exceeded
1,38,29,03-09,+10.0%,+20.85%,0.6042,26,✗ No,budget_exceeded
1,38,33,03-09,+9.4%,+6.42%,0.5321,28,✓ Yes,completed
1,38,38,03-09,+8.2%,+5.78%,0.5289,34,✓ Yes,completed
1,42,6,03-09,+10.0%,+92.89%,0.9645,1,✗ No,budget_exceeded
1,42,11,03-09,+10.0%,+92.89%,0.9645,1,✗ No,budget_exceeded
1,42,15,03-09,+10.0%,+92.89%,0.9645,1,✗ No,budget_exceeded
1,42,20,03-09,+10.0%,+70.57%,0.8528,4,✗ No,budget_exceeded
1,42,24,03-09,+8.3%,+5.10%,0.5255,16,✓ Yes,completed
1,42,29,03-09,+7.3%,+5.04%,0.5252,16,✓ Yes,completed
1,42,33,03-09,+6.7%,+4.78%,0.5239,16,✓ Yes,completed
1,42,38,03-09,+5.9%,+4.37%,0.5219,18,✓ Yes,completed
1,42,42,03-09,+4.7%,+3.57%,0.5179,24,✓ Yes,completed
1,47,6,03-09,+10.0%,+92.02%,0.9601,1,✗ No,budget_exceeded
1,47,11,03-09,+10.0%,+92.02%,0.9601,1,✗ No,budget_exceeded
1,47,15,03-09,+10.0%,+92.02%,0.9601,1,✗ No,budget_exceeded
1,47,20,03-09,+10.0%,+63.80%,0.8190,4,✗ No,budget_exceeded
1,47,24,03-09,+5.2%,+3.07%,0.5154,11,✓ Yes,completed
1,47,29,03-09,+4.5%,+2.96%,0.5148,11,✓ Yes,completed
1,47,33,03-09,+4.0%,+3.04%,0.5152,11,✓ Yes,completed
1,47,38,03-09,+3.3%,+2.61%,0.5130,11,✓ Yes,completed
1,47,42,03-09,+2.9%,+2.32%,0.5116,11,✓ Yes,completed
1,47,47,03-09,+2.1%,+1.77%,0.5088,18,✓ Yes,completed
1,51,6,03-09,+10.0%,+91.72%,0.9586,1,✗ No,budget_exceeded
1,51,11,03-09,+10.0%,+91.72%,0.9586,1,✗ No,budget_exceeded
1,51,15,03-09,+10.0%,+91.72%,0.9586,1,✗ No,budget_exceeded
1,51,20,03-09,+7.0%,+1.09%,0.5054,3,✓ Yes,completed
1,51,24,03-09,+1.7%,+0.71%,0.5035,4,✓ Yes,completed
1,51,29,03-09,+1.2%,+0.61%,0.5030,4,✓ Yes,completed
1,51,33,03-09,+0.9%,+0.52%,0.5026,4,✓ Yes,completed
1,51,38,03-09,+0.7%,+0.41%,0.5020,4,✓ Yes,completed
1,51,42,03-09,+0.7%,+0.41%,0.5020,4,✓ Yes,completed
1,51,47,03-09,+0.5%,+0.36%,0.5018,4,✓ Yes,completed
1,51,51,03-09,+0.3%,+0.29%,0.5015,4,✓ Yes,completed
1,56,6,03-09,+0.0%,+0.00%,0.5000,0,✓ Yes,completed
1,56,11,03-09,+0.0%,+0.00%,0.5000,0,✓ Yes,completed
1,56,15,03-09,+0.0%,+0.00%,0.5000,0,✓ Yes,completed
1,56,20,03-09,+0.0%,+0.00%,0.5000,0,✓ Yes,completed
1,56,24,03-09,+0.0%,+0.00%,0.5000,0,✓ Yes,completed
1,56,29,03-09,+0.0%,+0.00%,0.5000,0,✓ Yes,completed
1,56,33,03-09,+0.0%,+0.00%,0.5000,0,✓ Yes,completed
1,56,38,03-09,+0.0%,+0.00%,0.5000,0,✓ Yes,completed
1,56,42,03-09,+0.0%,+0.00%,0.5000,0,✓ Yes,completed
1,56,47,03-09,+0.0%,+0.00%,0.5000,0,✓ Yes,completed
1,56,51,03-09,+0.0%,+0.00%,0.5000,0,✓ Yes,completed
1,56,56,03-09,+0.0%,+0.00%,0.5000,0,✓ Yes,completed
1,60,6,03-09,+0.0%,+0.00%,0.5000,0,✓ Yes,completed
1,60,11,03-09,+0.0%,+0.00%,0.5000,0,✓ Yes,completed
1,60,15,03-09,+0.0%,+0.00%,0.5000,0,✓ Yes,completed
1,60,20,03-09,+0.0%,+0.00%,0.5000,0,✓ Yes,completed
1,60,24,03-09,+0.0%,+0.00%,0.5000,0,✓ Yes,completed
1,60,29,03-09,+0.0%,+0.00%,0.5000,0,✓ Yes,completed
1,60,33,03-09,+0.0%,+0.00%,0.5000,0,✓ Yes,completed
1,60,38,03-09,+0.0%,+0.00%,0.5000,0,✓ Yes,completed
1,60,42,03-09,+0.0%,+0.00%,0.5000,0,✓ Yes,completed
1,60,47,03-09,+0.0%,+0.00%,0.5000,0,✓ Yes,completed
1,60,51,03-09,+0.0%,+0.00%,0.5000,0,✓ Yes,completed
1,60,56,03-09,+0.0%,+0.00%,0.5000,0,✓ Yes,completed
1,60,60,03-09,+0.0%,+0.00%,0.5000,0,✓ Yes,completed
1,20,6,04-05,+10.0%,+98.75%,0.9937,1,✗ No,budget_exceeded
1,20,13,04-05,+10.0%,+98.75%,0.9937,1,✗ No,budget_exceeded
1,20,20,04-05,+10.0%,+92.71%,0.9636,14,✗ No,budget_exceeded
1,24,6,04-05,+10.0%,+98.54%,0.9927,1,✗ No,budget_exceeded
1,24,12,04-05,+10.0%,+98.54%,0.9927,1,✗ No,budget_exceeded
1,24,18,04-05,+10.0%,+82.21%,0.9111,12,✗ No,budget_exceeded
1,24,24,04-05,+10.0%,+64.34%,0.8217,25,✗ No,budget_exceeded
1,29,6,04-05,+10.0%,+98.54%,0.9927,1,✗ No,budget_exceeded
1,29,11,04-05,+10.0%,+98.54%,0.9927,1,✗ No,budget_exceeded
1,29,15,04-05,+10.0%,+98.54%,0.9927,1,✗ No,budget_exceeded
1,29,20,04-05,+10.0%,+77.34%,0.8867,16,✗ No,budget_exceeded
1,29,24,04-05,+10.0%,+55.46%,0.7773,26,✗ No,budget_exceeded
1,29,29,04-05,+10.0%,+51.74%,0.7587,30,✗ No,budget_exceeded
1,33,6,04-05,+10.0%,+98.44%,0.9922,1,✗ No,budget_exceeded
1,33,11,04-05,+10.0%,+98.44%,0.9922,1,✗ No,budget_exceeded
1,33,15,04-05,+10.0%,+98.44%,0.9922,1,✗ No,budget_exceeded
1,33,20,04-05,+10.0%,+61.77%,0.8089,18,✗ No,budget_exceeded
1,33,24,04-05,+10.0%,+49.04%,0.7452,24,✗ No,budget_exceeded
1,33,29,04-05,+10.0%,+45.50%,0.7275,26,✗ No,budget_exceeded
1,33,33,04-05,+10.0%,+29.41%,0.6470,37,✗ No,budget_exceeded
1,38,6,04-05,+10.0%,+98.44%,0.9922,1,✗ No,budget_exceeded
1,38,11,04-05,+10.0%,+98.44%,0.9922,1,✗ No,budget_exceeded
1,38,15,04-05,+10.0%,+98.44%,0.9922,1,✗ No,budget_exceeded
1,38,20,04-05,+10.0%,+53.02%,0.7651,15,✗ No,budget_exceeded
1,38,24,04-05,+10.0%,+41.09%,0.7055,21,✗ No,budget_exceeded
1,38,29,04-05,+10.0%,+22.27%,0.6114,23,✗ No,budget_exceeded
1,38,33,04-05,+9.7%,+6.84%,0.5342,28,✓ Yes,completed
1,38,38,04-05,+8.0%,+5.84%,0.5292,33,✓ Yes,completed
1,42,6,04-05,+10.0%,+98.44%,0.9922,1,✗ No,budget_exceeded
1,42,11,04-05,+10.0%,+98.44%,0.9922,1,✗ No,budget_exceeded
1,42,15,04-05,+10.0%,+98.44%,0.9922,1,✗ No,budget_exceeded
1,42,20,04-05,+10.0%,+46.62%,0.7331,10,✗ No,budget_exceeded
1,42,24,04-05,+7.7%,+5.01%,0.5251,16,✓ Yes,completed
1,42,29,04-05,+6.9%,+4.76%,0.5238,16,✓ Yes,completed
1,42,33,04-05,+5.7%,+4.46%,0.5223,16,✓ Yes,completed
1,42,38,04-05,+5.3%,+4.20%,0.5210,16,✓ Yes,completed
1,42,42,04-05,+3.9%,+3.43%,0.5171,24,✓ Yes,completed
1,47,6,04-05,+10.0%,+98.29%,0.9915,1,✗ No,budget_exceeded
1,47,11,04-05,+10.0%,+98.29%,0.9915,1,✗ No,budget_exceeded
1,47,15,04-05,+10.0%,+98.29%,0.9915,1,✗ No,budget_exceeded
1,47,20,04-05,+5.8%,+2.32%,0.5116,6,✓ Yes,completed
1,47,24,04-05,+3.1%,+2.41%,0.5120,7,✓ Yes,completed
1,47,29,04-05,+2.9%,+2.34%,0.5117,7,✓ Yes,completed
1,47,33,04-05,+2.8%,+2.25%,0.5112,7,✓ Yes,completed
1,47,38,04-05,+2.6%,+2.14%,0.5107,7,✓ Yes,completed
1,47,42,04-05,+2.2%,+1.93%,0.5096,7,✓ Yes,completed
1,47,47,04-05,+1.5%,+1.15%,0.5057,11,✓ Yes,completed
1,51,6,04-05,+10.0%,+98.13%,0.9907,1,✗ No,budget_exceeded
1,51,11,04-05,+10.0%,+98.13%,0.9907,1,✗ No,budget_exceeded
1,51,15,04-05,+10.0%,+98.13%,0.9907,1,✗ No,budget_exceeded
1,51,20,04-05,+0.8%,-0.22%,0.4989,1,✓ Yes,completed
1,51,24,04-05,+0.2%,+0.17%,0.5008,1,✓ Yes,completed
1,51,29,04-05,+0.2%,+0.17%,0.5008,1,✓ Yes,completed
1,51,33,04-05,+0.2%,+0.17%,0.5008,1,✓ Yes,completed
1,51,38,04-05,+0.2%,+0.13%,0.5007,1,✓ Yes,completed
1,51,42,04-05,+0.2%,+0.13%,0.5007,1,✓ Yes,completed
1,51,47,04-05,+0.2%,+0.13%,0.5007,1,✓ Yes,completed
1,51,51,04-05,+0.1%,+0.07%,0.5003,1,✓ Yes,completed
1,56,6,04-05,+0.0%,+0.00%,0.5000,0,✓ Yes,completed
1,56,11,04-05,+0.0%,+0.00%,0.5000,0,✓ Yes,completed
1,56,15,04-05,+0.0%,+0.00%,0.5000,0,✓ Yes,completed
1,56,20,04-05,+0.0%,+0.00%,0.5000,0,✓ Yes,completed
1,56,24,04-05,+0.0%,+0.00%,0.5000,0,✓ Yes,completed
1,56,29,04-05,+0.0%,+0.00%,0.5000,0,✓ Yes,completed
1,56,33,04-05,+0.0%,+0.00%,0.5000,0,✓ Yes,completed
1,56,38,04-05,+0.0%,+0.00%,0.5000,0,✓ Yes,completed
1,56,42,04-05,+0.0%,+0.00%,0.5000,0,✓ Yes,completed
1,56,47,04-05,+0.0%,+0.00%,0.5000,0,✓ Yes,completed
1,56,51,04-05,+0.0%,+0.00%,0.5000,0,✓ Yes,completed
1,56,56,04-05,+0.0%,+0.00%,0.5000,0,✓ Yes,completed
1,60,6,04-05,+0.0%,+0.00%,0.5000,0,✓ Yes,completed
1,60,11,04-05,+0.0%,+0.00%,0.5000,0,✓ Yes,completed
1,60,15,04-05,+0.0%,+0.00%,0.5000,0,✓ Yes,completed
1,60,20,04-05,+0.0%,+0.00%,0.5000,0,✓ Yes,completed
1,60,24,04-05,+0.0%,+0.00%,0.5000,0,✓ Yes,completed
1,60,29,04-05,+0.0%,+0.00%,0.5000,0,✓ Yes,completed
1,60,33,04-05,+0.0%,+0.00%,0.5000,0,✓ Yes,completed
1,60,38,04-05,+0.0%,+0.00%,0.5000,0,✓ Yes,completed
1,60,42,04-05,+0.0%,+0.00%,0.5000,0,✓ Yes,completed
1,60,47,04-05,+0.0%,+0.00%,0.5000,0,✓ Yes,completed
1,60,51,04-05,+0.0%,+0.00%,0.5000,0,✓ Yes,completed
1,60,56,04-05,+0.0%,+0.00%,0.5000,0,✓ Yes,completed
1,60,60,04-05,+0.0%,+0.00%,0.5000,0,✓ Yes,completed
1,20,6,05-02,+10.0%,+98.97%,0.9948,1,✗ No,budget_exceeded
1,20,13,05-02,+10.0%,+98.97%,0.9948,1,✗ No,budget_exceeded
1,20,20,05-02,+10.0%,+97.07%,0.9854,6,✗ No,budget_exceeded
1,24,6,05-02,+10.0%,+98.61%,0.9930,1,✗ No,budget_exceeded
1,24,12,05-02,+10.0%,+98.61%,0.9930,1,✗ No,budget_exceeded
1,24,18,05-02,+10.0%,+96.78%,0.9839,3,✗ No,budget_exceeded
1,24,24,05-02,+10.0%,+81.36%,0.9068,23,✗ No,budget_exceeded
1,29,6,05-02,+10.0%,+98.52%,0.9926,1,✗ No,budget_exceeded
1,29,11,05-02,+10.0%,+98.52%,0.9926,1,✗ No,budget_exceeded
1,29,15,05-02,+10.0%,+98.52%,0.9926,1,✗ No,budget_exceeded
1,29,20,05-02,+10.0%,+91.52%,0.9576,4,✗ No,budget_exceeded
1,29,24,05-02,+10.0%,+60.36%,0.8018,21,✗ No,budget_exceeded
1,29,29,05-02,+10.0%,+44.40%,0.7220,36,✗ No,budget_exceeded
1,33,6,05-02,+10.0%,+98.52%,0.9926,1,✗ No,budget_exceeded
1,33,11,05-02,+10.0%,+98.52%,0.9926,1,✗ No,budget_exceeded
1,33,15,05-02,+10.0%,+98.52%,0.9926,1,✗ No,budget_exceeded
1,33,20,05-02,+10.0%,+90.98%,0.9549,4,✗ No,budget_exceeded
1,33,24,05-02,+10.0%,+41.78%,0.7089,20,✗ No,budget_exceeded
1,33,29,05-02,+10.0%,+33.50%,0.6675,25,✗ No,budget_exceeded
1,33,33,05-02,+10.0%,+17.31%,0.5866,35,✗ No,budget_exceeded
1,38,6,05-02,+10.0%,+98.28%,0.9914,1,✗ No,budget_exceeded
1,38,11,05-02,+10.0%,+98.28%,0.9914,1,✗ No,budget_exceeded
1,38,15,05-02,+10.0%,+98.28%,0.9914,1,✗ No,budget_exceeded
1,38,20,05-02,+10.0%,+88.62%,0.9431,3,✗ No,budget_exceeded
1,38,24,05-02,+9.9%,+7.79%,0.5390,18,✓ Yes,completed
1,38,29,05-02,+8.5%,+7.41%,0.5371,18,✓ Yes,completed
1,38,33,05-02,+7.4%,+7.01%,0.5350,20,✓ Yes,completed
1,38,38,05-02,+5.9%,+5.96%,0.5298,23,✓ Yes,completed
1,42,6,05-02,+10.0%,+86.90%,0.9345,1,✗ No,budget_exceeded
1,42,11,05-02,+10.0%,+86.90%,0.9345,1,✗ No,budget_exceeded
1,42,15,05-02,+10.0%,+86.90%,0.9345,1,✗ No,budget_exceeded
1,42,20,05-02,+10.0%,+54.14%,0.7707,3,✗ No,budget_exceeded
1,42,24,05-02,+5.3%,+4.87%,0.5244,9,✓ Yes,completed
1,42,29,05-02,+4.6%,+4.52%,0.5226,9,✓ Yes,completed
1,42,33,05-02,+3.9%,+4.14%,0.5207,10,✓ Yes,completed
1,42,38,05-02,+3.7%,+3.93%,0.5197,10,✓ Yes,completed
1,42,42,05-02,+2.9%,+3.09%,0.5154,15,✓ Yes,completed
1,47,6,05-02,+10.0%,+81.81%,0.9090,1,✗ No,budget_exceeded
1,47,11,05-02,+10.0%,+81.81%,0.9090,1,✗ No,budget_exceeded
1,47,15,05-02,+10.0%,+81.81%,0.9090,1,✗ No,budget_exceeded
1,47,20,05-02,+4.8%,+3.26%,0.5163,4,✓ Yes,completed
1,47,24,05-02,+2.8%,+2.72%,0.5136,5,✓ Yes,completed
1,47,29,05-02,+2.5%,+2.61%,0.5130,5,✓ Yes,completed
1,47,33,05-02,+2.4%,+2.54%,0.5127,5,✓ Yes,completed
1,47,38,05-02,+2.3%,+2.49%,0.5125,5,✓ Yes,completed
1,47,42,05-02,+2.1%,+2.31%,0.5115,5,✓ Yes,completed
1,47,47,05-02,+0.9%,+0.93%,0.5046,6,✓ Yes,completed
1,51,6,05-02,+0.0%,+0.00%,0.5000,0,✓ Yes,completed
1,51,11,05-02,+0.0%,+0.00%,0.5000,0,✓ Yes,completed
1,51,15,05-02,+0.0%,+0.00%,0.5000,0,✓ Yes,completed
1,51,20,05-02,+0.0%,+0.00%,0.5000,0,✓ Yes,completed
1,51,24,05-02,+0.0%,+0.00%,0.5000,0,✓ Yes,completed
1,51,29,05-02,+0.0%,+0.00%,0.5000,0,✓ Yes,completed
1,51,33,05-02,+0.0%,+0.00%,0.5000,0,✓ Yes,completed
1,51,38,05-02,+0.0%,+0.00%,0.5000,0,✓ Yes,completed
1,51,42,05-02,+0.0%,+0.00%,0.5000,0,✓ Yes,completed
1,51,47,05-02,+0.0%,+0.00%,0.5000,0,✓ Yes,completed
1,51,51,05-02,+0.0%,+0.00%,0.5000,0,✓ Yes,completed
1,56,6,05-02,+0.0%,+0.00%,0.5000,0,✓ Yes,completed
1,56,11,05-02,+0.0%,+0.00%,0.5000,0,✓ Yes,completed
1,56,15,05-02,+0.0%,+0.00%,0.5000,0,✓ Yes,completed
1,56,20,05-02,+0.0%,+0.00%,0.5000,0,✓ Yes,completed
1,56,24,05-02,+0.0%,+0.00%,0.5000,0,✓ Yes,completed
1,56,29,05-02,+0.0%,+0.00%,0.5000,0,✓ Yes,completed
1,56,33,05-02,+0.0%,+0.00%,0.5000,0,✓ Yes,completed
1,56,38,05-02,+0.0%,+0.00%,0.5000,0,✓ Yes,completed
1,56,42,05-02,+0.0%,+0.00%,0.5000,0,✓ Yes,completed
1,56,47,05-02,+0.0%,+0.00%,0.5000,0,✓ Yes,completed
1,56,51,05-02,+0.0%,+0.00%,0.5000,0,✓ Yes,completed
1,56,56,05-02,+0.0%,+0.00%,0.5000,0,✓ Yes,completed
1,60,6,05-02,+0.0%,+0.00%,0.5000,0,✓ Yes,completed
1,60,11,05-02,+0.0%,+0.00%,0.5000,0,✓ Yes,completed
1,60,15,05-02,+0.0%,+0.00%,0.5000,0,✓ Yes,completed
1,60,20,05-02,+0.0%,+0.00%,0.5000,0,✓ Yes,completed
1,60,24,05-02,+0.0%,+0.00%,0.5000,0,✓ Yes,completed
1,60,29,05-02,+0.0%,+0.00%,0.5000,0,✓ Yes,completed
1,60,33,05-02,+0.0%,+0.00%,0.5000,0,✓ Yes,completed
1,60,38,05-02,+0.0%,+0.00%,0.5000,0,✓ Yes,completed
1,60,42,05-02,+0.0%,+0.00%,0.5000,0,✓ Yes,completed
1,60,47,05-02,+0.0%,+0.00%,0.5000,0,✓ Yes,completed
1,60,51,05-02,+0.0%,+0.00%,0.5000,0,✓ Yes,completed
1,60,56,05-02,+0.0%,+0.00%,0.5000,0,✓ Yes,completed
1,60,60,05-02,+0.0%,+0.00%,0.5000,0,✓ Yes,completed
1,20,6,05-29,+10.0%,+98.80%,0.9940,1,✗ No,budget_exceeded
1,20,13,05-29,+10.0%,+98.80%,0.9940,1,✗ No,budget_exceeded
1,20,20,05-29,+10.0%,+85.61%,0.9280,18,✗ No,budget_exceeded
1,24,6,05-29,+10.0%,+98.63%,0.9931,1,✗ No,budget_exceeded
1,24,12,05-29,+10.0%,+98.63%,0.9931,1,✗ No,budget_exceeded
1,24,18,05-29,+10.0%,+76.70%,0.8835,17,✗ No,budget_exceeded
1,24,24,05-29,+10.0%,+62.86%,0.8143,29,✗ No,budget_exceeded
1,29,6,05-29,+10.0%,+98.32%,0.9916,1,✗ No,budget_exceeded
1,29,11,05-29,+10.0%,+98.32%,0.9916,1,✗ No,budget_exceeded
1,29,15,05-29,+10.0%,+88.05%,0.9403,7,✗ No,budget_exceeded
1,29,20,05-29,+10.0%,+61.85%,0.8092,19,✗ No,budget_exceeded
1,29,24,05-29,+10.0%,+21.94%,0.6097,26,✗ No,budget_exceeded
1,29,29,05-29,+8.7%,+7.47%,0.5373,33,✓ Yes,completed
1,33,6,05-29,+10.0%,+98.32%,0.9916,1,✗ No,budget_exceeded
1,33,11,05-29,+10.0%,+98.32%,0.9916,1,✗ No,budget_exceeded
1,33,15,05-29,+10.0%,+82.13%,0.9107,6,✗ No,budget_exceeded
1,33,20,05-29,+9.5%,+7.10%,0.5355,20,✓ Yes,completed
1,33,24,05-29,+7.9%,+6.85%,0.5342,20,✓ Yes,completed
1,33,29,05-29,+6.8%,+6.41%,0.5320,20,✓ Yes,completed
1,33,33,05-29,+5.7%,+5.80%,0.5290,23,✓ Yes,completed
1,38,6,05-29,+10.0%,+98.19%,0.9910,1,✗ No,budget_exceeded
1,38,11,05-29,+10.0%,+98.19%,0.9910,1,✗ No,budget_exceeded
1,38,15,05-29,+10.0%,+80.99%,0.9049,5,✗ No,budget_exceeded
1,38,20,05-29,+5.6%,+4.93%,0.5246,11,✓ Yes,completed
1,38,24,05-29,+4.9%,+4.76%,0.5238,11,✓ Yes,completed
1,38,29,05-29,+4.3%,+4.53%,0.5226,11,✓ Yes,completed
1,38,33,05-29,+3.7%,+4.24%,0.5212,11,✓ Yes,completed
1,38,38,05-29,+3.2%,+3.76%,0.5188,12,✓ Yes,completed
1,42,6,05-29,+10.0%,+93.99%,0.9699,1,✗ No,budget_exceeded
1,42,11,05-29,+10.0%,+93.99%,0.9699,1,✗ No,budget_exceeded
1,42,15,05-29,+5.2%,+2.96%,0.5148,5,✓ Yes,completed
1,42,20,05-29,+3.2%,+2.99%,0.5150,6,✓ Yes,completed
1,42,24,05-29,+2.8%,+2.88%,0.5144,6,✓ Yes,completed
1,42,29,05-29,+2.4%,+2.76%,0.5138,6,✓ Yes,completed
1,42,33,05-29,+2.1%,+2.67%,0.5133,6,✓ Yes,completed
1,42,38,05-29,+1.9%,+2.47%,0.5124,6,✓ Yes,completed
1,42,42,05-29,+1.6%,+2.15%,0.5108,6,✓ Yes,completed
1,47,6,05-29,+10.0%,+91.79%,0.9590,1,✗ No,budget_exceeded
1,47,11,05-29,+10.0%,+91.79%,0.9590,1,✗ No,budget_exceeded
1,47,15,05-29,+2.6%,+2.10%,0.5105,4,✓ Yes,completed
1,47,20,05-29,+2.2%,+2.20%,0.5110,4,✓ Yes,completed
1,47,24,05-29,+1.9%,+2.17%,0.5108,4,✓ Yes,completed
1,47,29,05-29,+1.6%,+2.01%,0.5101,4,✓ Yes,completed
1,47,33,05-29,+1.5%,+1.96%,0.5098,4,✓ Yes,completed
1,47,38,05-29,+1.4%,+1.81%,0.5090,4,✓ Yes,completed
1,47,42,05-29,+1.3%,+1.72%,0.5086,4,✓ Yes,completed
1,47,47,05-29,+0.7%,+0.82%,0.5041,5,✓ Yes,completed
1,51,6,05-29,+0.0%,+0.00%,0.5000,0,✓ Yes,completed
1,51,11,05-29,+0.0%,+0.00%,0.5000,0,✓ Yes,completed
1,51,15,05-29,+0.0%,+0.00%,0.5000,0,✓ Yes,completed
1,51,20,05-29,+0.0%,+0.00%,0.5000,0,✓ Yes,completed
1,51,24,05-29,+0.0%,+0.00%,0.5000,0,✓ Yes,completed
1,51,29,05-29,+0.0%,+0.00%,0.5000,0,✓ Yes,completed
1,51,33,05-29,+0.0%,+0.00%,0.5000,0,✓ Yes,completed
1,51,38,05-29,+0.0%,+0.00%,0.5000,0,✓ Yes,completed
1,51,42,05-29,+0.0%,+0.00%,0.5000,0,✓ Yes,completed
1,51,47,05-29,+0.0%,+0.00%,0.5000,0,✓ Yes,completed
1,51,51,05-29,+0.0%,+0.00%,0.5000,0,✓ Yes,completed
1,56,6,05-29,+0.0%,+0.00%,0.5000,0,✓ Yes,completed
1,56,11,05-29,+0.0%,+0.00%,0.5000,0,✓ Yes,completed
1,56,15,05-29,+0.0%,+0.00%,0.5000,0,✓ Yes,completed
1,56,20,05-29,+0.0%,+0.00%,0.5000,0,✓ Yes,completed
1,56,24,05-29,+0.0%,+0.00%,0.5000,0,✓ Yes,completed
1,56,29,05-29,+0.0%,+0.00%,0.5000,0,✓ Yes,completed
1,56,33,05-29,+0.0%,+0.00%,0.5000,0,✓ Yes,completed
1,56,38,05-29,+0.0%,+0.00%,0.5000,0,✓ Yes,completed
1,56,42,05-29,+0.0%,+0.00%,0.5000,0,✓ Yes,completed
1,56,47,05-29,+0.0%,+0.00%,0.5000,0,✓ Yes,completed
1,56,51,05-29,+0.0%,+0.00%,0.5000,0,✓ Yes,completed
1,56,56,05-29,+0.0%,+0.00%,0.5000,0,✓ Yes,completed
1,60,6,05-29,+0.0%,+0.00%,0.5000,0,✓ Yes,completed
1,60,11,05-29,+0.0%,+0.00%,0.5000,0,✓ Yes,completed
1,60,15,05-29,+0.0%,+0.00%,0.5000,0,✓ Yes,completed
1,60,20,05-29,+0.0%,+0.00%,0.5000,0,✓ Yes,completed
1,60,24,05-29,+0.0%,+0.00%,0.5000,0,✓ Yes,completed
1,60,29,05-29,+0.0%,+0.00%,0.5000,0,✓ Yes,completed
1,60,33,05-29,+0.0%,+0.00%,0.5000,0,✓ Yes,completed
1,60,38,05-29,+0.0%,+0.00%,0.5000,0,✓ Yes,completed
1,60,42,05-29,+0.0%,+0.00%,0.5000,0,✓ Yes,completed
1,60,47,05-29,+0.0%,+0.00%,0.5000,0,✓ Yes,completed
1,60,51,05-29,+0.0%,+0.00%,0.5000,0,✓ Yes,completed
1,60,56,05-29,+0.0%,+0.00%,0.5000,0,✓ Yes,completed
1,60,60,05-29,+0.0%,+0.00%,0.5000,0,✓ Yes,completed
1,20,6,06-25,+10.0%,+98.66%,0.9933,1,✗ No,budget_exceeded
1,20,13,06-25,+10.0%,+95.80%,0.9790,5,✗ No,budget_exceeded
1,20,20,06-25,+10.0%,+65.34%,0.8267,24,✗ No,budget_exceeded
1,24,6,06-25,+10.0%,+98.56%,0.9928,1,✗ No,budget_exceeded
1,24,12,06-25,+10.0%,+98.56%,0.9928,1,✗ No,budget_exceeded
1,24,18,06-25,+10.0%,+27.31%,0.6366,22,✗ No,budget_exceeded
1,24,24,06-25,+10.0%,+22.08%,0.6104,31,✗ No,budget_exceeded
1,29,6,06-25,+10.0%,+98.35%,0.9918,1,✗ No,budget_exceeded
1,29,11,06-25,+10.0%,+98.35%,0.9918,1,✗ No,budget_exceeded
1,29,15,06-25,+10.0%,+26.15%,0.6308,19,✗ No,budget_exceeded
1,29,20,06-25,+10.0%,+21.87%,0.6094,22,✗ No,budget_exceeded
1,29,24,06-25,+10.0%,+8.04%,0.5402,31,✗ No,budget_exceeded
1,29,29,06-25,+8.5%,+5.43%,0.5271,34,✓ Yes,completed
1,33,6,06-25,+10.0%,+91.39%,0.9570,1,✗ No,budget_exceeded
1,33,11,06-25,+10.0%,+91.39%,0.9570,1,✗ No,budget_exceeded
1,33,15,06-25,+10.0%,+21.86%,0.6093,15,✗ No,budget_exceeded
1,33,20,06-25,+10.0%,+7.11%,0.5355,21,✗ No,budget_exceeded
1,33,24,06-25,+6.6%,+4.53%,0.5226,21,✓ Yes,completed
1,33,29,06-25,+5.9%,+4.47%,0.5224,21,✓ Yes,completed
1,33,33,06-25,+4.3%,+3.67%,0.5184,27,✓ Yes,completed
1,38,6,06-25,+10.0%,+67.09%,0.8355,1,✗ No,budget_exceeded
1,38,11,06-25,+10.0%,+67.09%,0.8355,1,✗ No,budget_exceeded
1,38,15,06-25,+7.6%,+3.06%,0.5153,11,✓ Yes,completed
1,38,20,06-25,+4.1%,+3.01%,0.5150,11,✓ Yes,completed
1,38,24,06-25,+3.4%,+2.91%,0.5146,11,✓ Yes,completed
1,38,29,06-25,+3.3%,+2.84%,0.5142,11,✓ Yes,completed
1,38,33,06-25,+2.4%,+2.25%,0.5112,11,✓ Yes,completed
1,38,38,06-25,+2.1%,+2.04%,0.5102,12,✓ Yes,completed
1,42,6,06-25,+10.0%,+56.91%,0.7846,1,✗ No,budget_exceeded
1,42,11,06-25,+10.0%,+56.91%,0.7846,1,✗ No,budget_exceeded
1,42,15,06-25,+3.4%,+1.69%,0.5085,6,✓ Yes,completed
1,42,20,06-25,+2.4%,+1.72%,0.5086,6,✓ Yes,completed
1,42,24,06-25,+2.0%,+1.72%,0.5086,6,✓ Yes,completed
1,42,29,06-25,+1.9%,+1.69%,0.5084,6,✓ Yes,completed
1,42,33,06-25,+1.5%,+1.44%,0.5072,6,✓ Yes,completed
1,42,38,06-25,+1.4%,+1.29%,0.5064,6,✓ Yes,completed
1,42,42,06-25,+1.1%,+0.94%,0.5047,7,✓ Yes,completed
1,47,6,06-25,+10.0%,+56.91%,0.7846,1,✗ No,budget_exceeded
1,47,11,06-25,+10.0%,+56.91%,0.7846,1,✗ No,budget_exceeded
1,47,15,06-25,+1.0%,-0.00%,0.5000,2,✓ Yes,completed
1,47,20,06-25,+0.6%,+0.16%,0.5008,2,✓ Yes,completed
1,47,24,06-25,+0.4%,+0.23%,0.5012,2,✓ Yes,completed
1,47,29,06-25,+0.4%,+0.23%,0.5012,2,✓ Yes,completed
1,47,33,06-25,+0.3%,+0.23%,0.5012,2,✓ Yes,completed
1,47,38,06-25,+0.3%,+0.19%,0.5010,2,✓ Yes,completed
1,47,42,06-25,+0.2%,+0.13%,0.5006,2,✓ Yes,completed
1,47,47,06-25,+0.1%,+0.06%,0.5003,2,✓ Yes,completed
1,51,6,06-25,+0.0%,+0.00%,0.5000,0,✓ Yes,completed
1,51,11,06-25,+0.0%,+0.00%,0.5000,0,✓ Yes,completed
1,51,15,06-25,+0.0%,+0.00%,0.5000,0,✓ Yes,completed
1,51,20,06-25,+0.0%,+0.00%,0.5000,0,✓ Yes,completed
1,51,24,06-25,+0.0%,+0.00%,0.5000,0,✓ Yes,completed
1,51,29,06-25,+0.0%,+0.00%,0.5000,0,✓ Yes,completed
1,51,33,06-25,+0.0%,+0.00%,0.5000,0,✓ Yes,completed
1,51,38,06-25,+0.0%,+0.00%,0.5000,0,✓ Yes,completed
1,51,42,06-25,+0.0%,+0.00%,0.5000,0,✓ Yes,completed
1,51,47,06-25,+0.0%,+0.00%,0.5000,0,✓ Yes,completed
1,51,51,06-25,+0.0%,+0.00%,0.5000,0,✓ Yes,completed
1,56,6,06-25,+0.0%,+0.00%,0.5000,0,✓ Yes,completed
1,56,11,06-25,+0.0%,+0.00%,0.5000,0,✓ Yes,completed
1,56,15,06-25,+0.0%,+0.00%,0.5000,0,✓ Yes,completed
1,56,20,06-25,+0.0%,+0.00%,0.5000,0,✓ Yes,completed
1,56,24,06-25,+0.0%,+0.00%,0.5000,0,✓ Yes,completed
1,56,29,06-25,+0.0%,+0.00%,0.5000,0,✓ Yes,completed
1,56,33,06-25,+0.0%,+0.00%,0.5000,0,✓ Yes,completed
1,56,38,06-25,+0.0%,+0.00%,0.5000,0,✓ Yes,completed
1,56,42,06-25,+0.0%,+0.00%,0.5000,0,✓ Yes,completed
1,56,47,06-25,+0.0%,+0.00%,0.5000,0,✓ Yes,completed
1,56,51,06-25,+0.0%,+0.00%,0.5000,0,✓ Yes,completed
1,56,56,06-25,+0.0%,+0.00%,0.5000,0,✓ Yes,completed
1,60,6,06-25,+0.0%,+0.00%,0.5000,0,✓ Yes,completed
1,60,11,06-25,+0.0%,+0.00%,0.5000,0,✓ Yes,completed
1,60,15,06-25,+0.0%,+0.00%,0.5000,0,✓ Yes,completed
1,60,20,06-25,+0.0%,+0.00%,0.5000,0,✓ Yes,completed
1,60,24,06-25,+0.0%,+0.00%,0.5000,0,✓ Yes,completed
1,60,29,06-25,+0.0%,+0.00%,0.5000,0,✓ Yes,completed
1,60,33,06-25,+0.0%,+0.00%,0.5000,0,✓ Yes,completed
1,60,38,06-25,+0.0%,+0.00%,0.5000,0,✓ Yes,completed
1,60,42,06-25,+0.0%,+0.00%,0.5000,0,✓ Yes,completed
1,60,47,06-25,+0.0%,+0.00%,0.5000,0,✓ Yes,completed
1,60,51,06-25,+0.0%,+0.00%,0.5000,0,✓ Yes,completed
1,60,56,06-25,+0.0%,+0.00%,0.5000,0,✓ Yes,completed
1,60,60,06-25,+0.0%,+0.00%,0.5000,0,✓ Yes,completed
1,20,6,07-22,+10.0%,+98.63%,0.9932,1,✗ No,budget_exceeded
1,20,13,07-22,+10.0%,+98.11%,0.9906,2,✗ No,budget_exceeded
1,20,20,07-22,+10.0%,+75.04%,0.8752,21,✗ No,budget_exceeded
1,24,6,07-22,+10.0%,+98.56%,0.9928,1,✗ No,budget_exceeded
1,24,12,07-22,+10.0%,+98.56%,0.9928,1,✗ No,budget_exceeded
1,24,18,07-22,+10.0%,+68.17%,0.8408,18,✗ No,budget_exceeded
1,24,24,07-22,+10.0%,+58.05%,0.7902,36,✗ No,budget_exceeded
1,29,6,07-22,+10.0%,+82.27%,0.9113,1,✗ No,budget_exceeded
1,29,11,07-22,+10.0%,+82.27%,0.9113,1,✗ No,budget_exceeded
1,29,15,07-22,+10.0%,+67.83%,0.8392,14,✗ No,budget_exceeded
1,29,20,07-22,+10.0%,+59.68%,0.7984,19,✗ No,budget_exceeded
1,29,24,07-22,+10.0%,+52.42%,0.7621,27,✗ No,budget_exceeded
1,29,29,07-22,+10.0%,+48.32%,0.7416,32,✗ No,budget_exceeded
1,33,6,07-22,+10.0%,+82.27%,0.9113,1,✗ No,budget_exceeded
1,33,11,07-22,+10.0%,+82.27%,0.9113,1,✗ No,budget_exceeded
1,33,15,07-22,+10.0%,+60.21%,0.8011,13,✗ No,budget_exceeded
1,33,20,07-22,+10.0%,+50.19%,0.7510,20,✗ No,budget_exceeded
1,33,24,07-22,+10.0%,+39.32%,0.6966,26,✗ No,budget_exceeded
1,33,29,07-22,+10.0%,+31.70%,0.6585,27,✗ No,budget_exceeded
1,33,33,07-22,+9.0%,+7.46%,0.5373,42,✓ Yes,completed
1,38,6,07-22,+10.0%,+82.27%,0.9113,1,✗ No,budget_exceeded
1,38,11,07-22,+10.0%,+82.27%,0.9113,1,✗ No,budget_exceeded
1,38,15,07-22,+10.0%,+42.63%,0.7131,15,✗ No,budget_exceeded
1,38,20,07-22,+8.3%,+6.15%,0.5308,18,✓ Yes,completed
1,38,24,07-22,+7.5%,+6.29%,0.5315,18,✓ Yes,completed
1,38,29,07-22,+7.1%,+6.12%,0.5306,18,✓ Yes,completed
1,38,33,07-22,+6.0%,+5.47%,0.5274,19,✓ Yes,completed
1,38,38,07-22,+5.5%,+5.13%,0.5256,20,✓ Yes,completed
1,42,6,07-22,+10.0%,+70.65%,0.8532,1,✗ No,budget_exceeded
1,42,11,07-22,+10.0%,+70.65%,0.8532,1,✗ No,budget_exceeded
1,42,15,07-22,+8.2%,+4.48%,0.5224,12,✓ Yes,completed
1,42,20,07-22,+6.1%,+4.83%,0.5242,12,✓ Yes,completed
1,42,24,07-22,+5.6%,+4.88%,0.5244,12,✓ Yes,completed
1,42,29,07-22,+5.4%,+4.78%,0.5239,12,✓ Yes,completed
1,42,33,07-22,+4.7%,+4.20%,0.5210,13,✓ Yes,completed
1,42,38,07-22,+4.3%,+3.98%,0.5199,13,✓ Yes,completed
1,42,42,07-22,+2.8%,+2.66%,0.5133,23,✓ Yes,completed
1,47,6,07-22,+10.0%,+53.57%,0.7678,1,✗ No,budget_exceeded
1,47,11,07-22,+10.0%,+53.57%,0.7678,1,✗ No,budget_exceeded
1,47,15,07-22,+4.3%,+2.09%,0.5105,6,✓ Yes,completed
1,47,20,07-22,+3.1%,+2.36%,0.5118,6,✓ Yes,completed
1,47,24,07-22,+2.8%,+2.28%,0.5114,6,✓ Yes,completed
1,47,29,07-22,+2.8%,+2.26%,0.5113,6,✓ Yes,completed
1,47,33,07-22,+2.2%,+2.11%,0.5105,6,✓ Yes,completed
1,47,38,07-22,+1.9%,+1.98%,0.5099,6,✓ Yes,completed
1,47,42,07-22,+1.3%,+1.42%,0.5071,7,✓ Yes,completed
1,47,47,07-22,+0.9%,+0.84%,0.5042,11,✓ Yes,completed
1,51,6,07-22,+10.0%,+32.29%,0.6614,1,✗ No,budget_exceeded
1,51,11,07-22,+10.0%,+32.29%,0.6614,1,✗ No,budget_exceeded
1,51,15,07-22,+1.1%,+0.53%,0.5027,1,✓ Yes,completed
1,51,20,07-22,+1.0%,+0.53%,0.5026,1,✓ Yes,completed
1,51,24,07-22,+0.9%,+0.51%,0.5026,1,✓ Yes,completed
1,51,29,07-22,+0.9%,+0.51%,0.5026,1,✓ Yes,completed
1,51,33,07-22,+0.5%,+0.41%,0.5020,1,✓ Yes,completed
1,51,38,07-22,+0.2%,+0.30%,0.5015,1,✓ Yes,completed
1,51,42,07-22,+0.2%,+0.24%,0.5012,1,✓ Yes,completed
1,51,47,07-22,+0.1%,+0.17%,0.5008,1,✓ Yes,completed
1,51,51,07-22,+0.0%,+0.02%,0.5001,1,✓ Yes,completed
1,56,6,07-22,+0.0%,+0.00%,0.5000,0,✓ Yes,completed
1,56,11,07-22,+0.0%,+0.00%,0.5000,0,✓ Yes,completed
1,56,15,07-22,+0.0%,+0.00%,0.5000,0,✓ Yes,completed
1,56,20,07-22,+0.0%,+0.00%,0.5000,0,✓ Yes,completed
1,56,24,07-22,+0.0%,+0.00%,0.5000,0,✓ Yes,completed
1,56,29,07-22,+0.0%,+0.00%,0.5000,0,✓ Yes,completed
1,56,33,07-22,+0.0%,+0.00%,0.5000,0,✓ Yes,completed
1,56,38,07-22,+0.0%,+0.00%,0.5000,0,✓ Yes,completed
1,56,42,07-22,+0.0%,+0.00%,0.5000,0,✓ Yes,completed
1,56,47,07-22,+0.0%,+0.00%,0.5000,0,✓ Yes,completed
1,56,51,07-22,+0.0%,+0.00%,0.5000,0,✓ Yes,completed
1,56,56,07-22,+0.0%,+0.00%,0.5000,0,✓ Yes,completed
1,60,6,07-22,+0.0%,+0.00%,0.5000,0,✓ Yes,completed
1,60,11,07-22,+0.0%,+0.00%,0.5000,0,✓ Yes,completed
1,60,15,07-22,+0.0%,+0.00%,0.5000,0,✓ Yes,completed
1,60,20,07-22,+0.0%,+0.00%,0.5000,0,✓ Yes,completed
1,60,24,07-22,+0.0%,+0.00%,0.5000,0,✓ Yes,completed
1,60,29,07-22,+0.0%,+0.00%,0.5000,0,✓ Yes,completed
1,60,33,07-22,+0.0%,+0.00%,0.5000,0,✓ Yes,completed
1,60,38,07-22,+0.0%,+0.00%,0.5000,0,✓ Yes,completed
1,60,42,07-22,+0.0%,+0.00%,0.5000,0,✓ Yes,completed
1,60,47,07-22,+0.0%,+0.00%,0.5000,0,✓ Yes,completed
1,60,51,07-22,+0.0%,+0.00%,0.5000,0,✓ Yes,completed
1,60,56,07-22,+0.0%,+0.00%,0.5000,0,✓ Yes,completed
1,60,60,07-22,+0.0%,+0.00%,0.5000,0,✓ Yes,completed
1,20,6,07-24,+10.0%,+98.79%,0.9940,1,✗ No,budget_exceeded
1,20,13,07-24,+10.0%,+91.00%,0.9550,6,✗ No,budget_exceeded
1,20,20,07-24,+10.0%,+77.72%,0.8886,20,✗ No,budget_exceeded
1,24,6,07-24,+10.0%,+85.56%,0.9278,1,✗ No,budget_exceeded
1,24,12,07-24,+10.0%,+84.08%,0.9204,4,✗ No,budget_exceeded
1,24,18,07-24,+10.0%,+70.44%,0.8522,18,✗ No,budget_exceeded
1,24,24,07-24,+10.0%,+61.34%,0.8067,35,✗ No,budget_exceeded
1,29,6,07-24,+10.0%,+85.46%,0.9273,1,✗ No,budget_exceeded
1,29,11,07-24,+10.0%,+85.46%,0.9273,1,✗ No,budget_exceeded
1,29,15,07-24,+10.0%,+71.14%,0.8557,14,✗ No,budget_exceeded
1,29,20,07-24,+10.0%,+63.05%,0.8152,19,✗ No,budget_exceeded
1,29,24,07-24,+10.0%,+55.85%,0.7793,27,✗ No,budget_exceeded
1,29,29,07-24,+10.0%,+51.78%,0.7589,32,✗ No,budget_exceeded
1,33,6,07-24,+10.0%,+85.46%,0.9273,1,✗ No,budget_exceeded
1,33,11,07-24,+10.0%,+85.46%,0.9273,1,✗ No,budget_exceeded
1,33,15,07-24,+10.0%,+63.58%,0.8179,13,✗ No,budget_exceeded
1,33,20,07-24,+10.0%,+53.64%,0.7682,20,✗ No,budget_exceeded
1,33,24,07-24,+10.0%,+42.85%,0.7143,26,✗ No,budget_exceeded
1,33,29,07-24,+10.0%,+35.29%,0.6765,27,✗ No,budget_exceeded
1,33,33,07-24,+9.1%,+7.96%,0.5398,43,✓ Yes,completed
1,38,6,07-24,+10.0%,+85.46%,0.9273,1,✗ No,budget_exceeded
1,38,11,07-24,+10.0%,+85.46%,0.9273,1,✗ No,budget_exceeded
1,38,15,07-24,+10.0%,+46.14%,0.7307,15,✗ No,budget_exceeded
1,38,20,07-24,+8.3%,+6.62%,0.5331,18,✓ Yes,completed
1,38,24,07-24,+7.5%,+6.69%,0.5334,18,✓ Yes,completed
1,38,29,07-24,+7.1%,+6.51%,0.5325,18,✓ Yes,completed
1,38,33,07-24,+6.0%,+5.85%,0.5292,19,✓ Yes,completed
1,38,38,07-24,+5.5%,+5.53%,0.5276,20,✓ Yes,completed
1,42,6,07-24,+10.0%,+73.93%,0.8697,1,✗ No,budget_exceeded
1,42,11,07-24,+10.0%,+73.93%,0.8697,1,✗ No,budget_exceeded
1,42,15,07-24,+8.2%,+4.95%,0.5248,12,✓ Yes,completed
1,42,20,07-24,+6.1%,+5.21%,0.5261,12,✓ Yes,completed
1,42,24,07-24,+5.6%,+5.29%,0.5264,12,✓ Yes,completed
1,42,29,07-24,+5.4%,+5.18%,0.5259,12,✓ Yes,completed
1,42,33,07-24,+4.7%,+4.62%,0.5231,13,✓ Yes,completed
1,42,38,07-24,+4.3%,+4.40%,0.5220,13,✓ Yes,completed
1,42,42,07-24,+2.8%,+3.00%,0.5150,23,✓ Yes,completed
1,47,6,07-24,+10.0%,+56.99%,0.7849,1,✗ No,budget_exceeded
1,47,11,07-24,+10.0%,+56.99%,0.7849,1,✗ No,budget_exceeded
1,47,15,07-24,+4.3%,+2.52%,0.5126,6,✓ Yes,completed
1,47,20,07-24,+3.1%,+2.72%,0.5136,6,✓ Yes,completed
1,47,24,07-24,+2.8%,+2.63%,0.5131,6,✓ Yes,completed
1,47,29,07-24,+2.8%,+2.60%,0.5130,6,✓ Yes,completed
1,47,33,07-24,+2.2%,+2.38%,0.5119,6,✓ Yes,completed
1,47,38,07-24,+1.9%,+2.18%,0.5109,6,✓ Yes,completed
1,47,42,07-24,+1.3%,+1.49%,0.5075,7,✓ Yes,completed
1,47,47,07-24,+0.9%,+0.87%,0.5044,11,✓ Yes,completed
1,51,6,07-24,+10.0%,+35.88%,0.6794,1,✗ No,budget_exceeded
1,51,11,07-24,+10.0%,+35.88%,0.6794,1,✗ No,budget_exceeded
1,51,15,07-24,+1.1%,+0.60%,0.5030,1,✓ Yes,completed
1,51,20,07-24,+1.0%,+0.60%,0.5030,1,✓ Yes,completed
1,51,24,07-24,+0.9%,+0.57%,0.5029,1,✓ Yes,completed
1,51,29,07-24,+0.9%,+0.57%,0.5029,1,✓ Yes,completed
1,51,33,07-24,+0.5%,+0.36%,0.5018,1,✓ Yes,completed
1,51,38,07-24,+0.2%,+0.25%,0.5012,1,✓ Yes,completed
1,51,42,07-24,+0.2%,+0.20%,0.5010,1,✓ Yes,completed
1,51,47,07-24,+0.1%,+0.14%,0.5007,1,✓ Yes,completed
1,51,51,07-24,+0.0%,+0.02%,0.5001,1,✓ Yes,completed
1,56,6,07-24,+0.0%,+0.00%,0.5000,0,✓ Yes,completed
1,56,11,07-24,+0.0%,+0.00%,0.5000,0,✓ Yes,completed
1,56,15,07-24,+0.0%,+0.00%,0.5000,0,✓ Yes,completed
1,56,20,07-24,+0.0%,+0.00%,0.5000,0,✓ Yes,completed
1,56,24,07-24,+0.0%,+0.00%,0.5000,0,✓ Yes,completed
1,56,29,07-24,+0.0%,+0.00%,0.5000,0,✓ Yes,completed
1,56,33,07-24,+0.0%,+0.00%,0.5000,0,✓ Yes,completed
1,56,38,07-24,+0.0%,+0.00%,0.5000,0,✓ Yes,completed
1,56,42,07-24,+0.0%,+0.00%,0.5000,0,✓ Yes,completed
1,56,47,07-24,+0.0%,+0.00%,0.5000,0,✓ Yes,completed
1,56,51,07-24,+0.0%,+0.00%,0.5000,0,✓ Yes,completed
1,56,56,07-24,+0.0%,+0.00%,0.5000,0,✓ Yes,completed
1,60,6,07-24,+0.0%,+0.00%,0.5000,0,✓ Yes,completed
1,60,11,07-24,+0.0%,+0.00%,0.5000,0,✓ Yes,completed
1,60,15,07-24,+0.0%,+0.00%,0.5000,0,✓ Yes,completed
1,60,20,07-24,+0.0%,+0.00%,0.5000,0,✓ Yes,completed
1,60,24,07-24,+0.0%,+0.00%,0.5000,0,✓ Yes,completed
1,60,29,07-24,+0.0%,+0.00%,0.5000,0,✓ Yes,completed
1,60,33,07-24,+0.0%,+0.00%,0.5000,0,✓ Yes,completed
1,60,38,07-24,+0.0%,+0.00%,0.5000,0,✓ Yes,completed
1,60,42,07-24,+0.0%,+0.00%,0.5000,0,✓ Yes,completed
1,60,47,07-24,+0.0%,+0.00%,0.5000,0,✓ Yes,completed
1,60,51,07-24,+0.0%,+0.00%,0.5000,0,✓ Yes,completed
1,60,56,07-24,+0.0%,+0.00%,0.5000,0,✓ Yes,completed
1,60,60,07-24,+0.0%,+0.00%,0.5000,0,✓ Yes,completed
2,24,24,06-17,+10.0%,+10.14%,0.5507,32,✗ No,budget_exceeded
2,24,24,06-17,+10.0%,+10.14%,0.5507,32,✗ No,budget_exceeded
2,26,24,06-17,+10.0%,+7.54%,0.5377,29,✗ No,budget_exceeded
2,26,26,06-17,+10.0%,+6.13%,0.5306,37,✗ No,budget_exceeded
2,28,24,06-17,+10.0%,+4.24%,0.5212,29,✗ No,budget_exceeded
2,28,28,06-17,+8.3%,+3.42%,0.5171,32,✓ Yes,completed
2,30,24,06-17,+8.5%,+3.40%,0.5170,22,✓ Yes,completed
2,30,27,06-17,+7.1%,+3.52%,0.5176,21,✓ Yes,completed
2,30,30,06-17,+5.6%,+3.56%,0.5178,25,✓ Yes,completed
2,32,24,06-17,+6.7%,+3.30%,0.5165,19,✓ Yes,completed
2,32,27,06-17,+5.7%,+3.50%,0.5175,17,✓ Yes,completed
2,32,30,06-17,+5.3%,+3.55%,0.5177,17,✓ Yes,completed
2,32,32,06-17,+4.4%,+3.16%,0.5158,19,✓ Yes,completed
2,34,24,06-17,+4.9%,+3.18%,0.5159,15,✓ Yes,completed
2,34,26,06-17,+4.8%,+3.15%,0.5157,15,✓ Yes,completed
2,34,28,06-17,+4.6%,+3.15%,0.5157,15,✓ Yes,completed
2,34,30,06-17,+4.1%,+3.15%,0.5157,14,✓ Yes,completed
2,34,32,06-17,+3.6%,+2.99%,0.5149,14,✓ Yes,completed
2,34,34,06-17,+3.4%,+2.76%,0.5138,16,✓ Yes,completed
2,36,24,06-17,+3.5%,+2.73%,0.5137,10,✓ Yes,completed
2,36,26,06-17,+3.4%,+2.69%,0.5135,10,✓ Yes,completed
2,36,28,06-17,+3.3%,+2.60%,0.5130,10,✓ Yes,completed
2,36,30,06-17,+3.1%,+2.48%,0.5124,10,✓ Yes,completed
2,36,32,06-17,+2.8%,+2.16%,0.5108,10,✓ Yes,completed
2,36,34,06-17,+2.7%,+2.11%,0.5105,10,✓ Yes,completed
2,36,36,06-17,+2.1%,+1.97%,0.5099,10,✓ Yes,completed
2,38,24,06-17,+2.8%,+2.05%,0.5102,8,✓ Yes,completed
2,38,26,06-17,+2.8%,+2.01%,0.5101,8,✓ Yes,completed
2,38,28,06-17,+2.7%,+1.98%,0.5099,8,✓ Yes,completed
2,38,30,06-17,+2.5%,+1.89%,0.5095,8,✓ Yes,completed
2,38,32,06-17,+2.2%,+1.97%,0.5099,8,✓ Yes,completed
2,38,34,06-17,+2.2%,+1.97%,0.5099,8,✓ Yes,completed
2,38,36,06-17,+2.0%,+1.91%,0.5095,8,✓ Yes,completed
2,38,38,06-17,+1.8%,+1.65%,0.5082,11,✓ Yes,completed
2,40,24,06-17,+2.4%,+1.71%,0.5085,7,✓ Yes,completed
2,40,26,06-17,+2.3%,+1.76%,0.5088,7,✓ Yes,completed
2,40,28,06-17,+2.3%,+1.82%,0.5091,7,✓ Yes,completed
2,40,30,06-17,+2.1%,+1.85%,0.5093,7,✓ Yes,completed
2,40,32,06-17,+1.8%,+1.68%,0.5084,7,✓ Yes,completed
2,40,34,06-17,+1.8%,+1.68%,0.5084,7,✓ Yes,completed
2,40,36,06-17,+1.7%,+1.59%,0.5080,7,✓ Yes,completed
2,40,38,06-17,+1.5%,+1.33%,0.5067,7,✓ Yes,completed
2,40,40,06-17,+1.3%,+1.11%,0.5055,7,✓ Yes,completed
2,42,24,06-17,+2.0%,+1.68%,0.5084,5,✓ Yes,completed
2,42,26,06-17,+1.9%,+1.65%,0.5083,5,✓ Yes,completed
2,42,28,06-17,+1.8%,+1.61%,0.5081,5,✓ Yes,completed
2,42,30,06-17,+1.7%,+1.49%,0.5075,5,✓ Yes,completed
2,42,32,06-17,+1.5%,+1.36%,0.5068,5,✓ Yes,completed
2,42,34,06-17,+1.5%,+1.36%,0.5068,5,✓ Yes,completed
2,42,36,06-17,+1.5%,+1.36%,0.5068,5,✓ Yes,completed
2,42,38,06-17,+1.4%,+1.19%,0.5059,5,✓ Yes,completed
2,42,40,06-17,+1.2%,+0.99%,0.5050,5,✓ Yes,completed
2,42,42,06-17,+1.2%,+0.99%,0.5050,5,✓ Yes,completed
2,24,24,06-29,+10.0%,+27.90%,0.6395,31,✗ No,budget_exceeded
2,24,24,06-29,+10.0%,+27.90%,0.6395,31,✗ No,budget_exceeded
2,26,24,06-29,+10.0%,+23.95%,0.6198,29,✗ No,budget_exceeded
2,26,26,06-29,+10.0%,+16.13%,0.5806,38,✗ No,budget_exceeded
2,28,24,06-29,+10.0%,+14.36%,0.5718,31,✗ No,budget_exceeded
2,28,28,06-29,+10.0%,+8.49%,0.5425,37,✗ No,budget_exceeded
2,30,24,06-29,+10.0%,+8.72%,0.5436,29,✗ No,budget_exceeded
2,30,27,06-29,+10.0%,+5.89%,0.5294,30,✗ No,budget_exceeded
2,30,30,06-29,+8.7%,+5.25%,0.5263,37,✓ Yes,completed
2,32,24,06-29,+9.2%,+5.33%,0.5267,27,✓ Yes,completed
2,32,27,06-29,+8.7%,+5.16%,0.5258,27,✓ Yes,completed
2,32,30,06-29,+7.2%,+5.02%,0.5251,26,✓ Yes,completed
2,32,32,06-29,+5.8%,+4.38%,0.5219,28,✓ Yes,completed
2,34,24,06-29,+6.4%,+4.23%,0.5211,21,✓ Yes,completed
2,34,26,06-29,+6.2%,+4.18%,0.5209,21,✓ Yes,completed
2,34,28,06-29,+5.9%,+4.26%,0.5213,20,✓ Yes,completed
2,34,30,06-29,+5.3%,+4.01%,0.5201,20,✓ Yes,completed
2,34,32,06-29,+4.8%,+3.60%,0.5180,20,✓ Yes,completed
2,34,34,06-29,+4.4%,+3.33%,0.5167,25,✓ Yes,completed
2,36,24,06-29,+4.9%,+3.44%,0.5172,16,✓ Yes,completed
2,36,26,06-29,+4.7%,+3.33%,0.5167,16,✓ Yes,completed
2,36,28,06-29,+4.6%,+3.30%,0.5165,16,✓ Yes,completed
2,36,30,06-29,+3.8%,+3.20%,0.5160,15,✓ Yes,completed
2,36,32,06-29,+3.3%,+2.84%,0.5142,15,✓ Yes,completed
2,36,34,06-29,+3.1%,+2.62%,0.5131,15,✓ Yes,completed
2,36,36,06-29,+2.8%,+2.32%,0.5116,16,✓ Yes,completed
2,38,24,06-29,+3.4%,+2.66%,0.5133,11,✓ Yes,completed
2,38,26,06-29,+3.3%,+2.63%,0.5131,11,✓ Yes,completed
2,38,28,06-29,+3.2%,+2.58%,0.5129,11,✓ Yes,completed
2,38,30,06-29,+2.9%,+2.30%,0.5115,11,✓ Yes,completed
2,38,32,06-29,+2.5%,+2.08%,0.5104,11,✓ Yes,completed
2,38,34,06-29,+2.5%,+2.08%,0.5104,11,✓ Yes,completed
2,38,36,06-29,+2.3%,+2.13%,0.5106,11,✓ Yes,completed
2,38,38,06-29,+2.0%,+1.92%,0.5096,15,✓ Yes,completed
2,40,24,06-29,+2.5%,+1.86%,0.5093,8,✓ Yes,completed
2,40,26,06-29,+2.4%,+1.91%,0.5095,8,✓ Yes,completed
2,40,28,06-29,+2.4%,+1.91%,0.5095,8,✓ Yes,completed
2,40,30,06-29,+2.2%,+2.01%,0.5100,8,✓ Yes,completed
2,40,32,06-29,+1.9%,+1.84%,0.5092,8,✓ Yes,completed
2,40,34,06-29,+1.9%,+1.84%,0.5092,8,✓ Yes,completed
2,40,36,06-29,+1.8%,+1.77%,0.5088,8,✓ Yes,completed
2,40,38,06-29,+1.6%,+1.52%,0.5076,8,✓ Yes,completed
2,40,40,06-29,+1.4%,+1.26%,0.5063,9,✓ Yes,completed
2,42,24,06-29,+2.0%,+1.76%,0.5088,6,✓ Yes,completed
2,42,26,06-29,+1.9%,+1.74%,0.5087,6,✓ Yes,completed
2,42,28,06-29,+1.9%,+1.74%,0.5087,6,✓ Yes,completed
2,42,30,06-29,+1.7%,+1.58%,0.5079,6,✓ Yes,completed
2,42,32,06-29,+1.5%,+1.45%,0.5073,6,✓ Yes,completed
2,42,34,06-29,+1.5%,+1.45%,0.5073,6,✓ Yes,completed
2,42,36,06-29,+1.5%,+1.45%,0.5073,6,✓ Yes,completed
2,42,38,06-29,+1.4%,+1.29%,0.5065,6,✓ Yes,completed
2,42,40,06-29,+1.2%,+1.11%,0.5055,6,✓ Yes,completed
2,42,42,06-29,+1.1%,+0.93%,0.5047,7,✓ Yes,completed
2,24,24,07-11,+10.0%,+48.42%,0.7421,32,✗ No,budget_exceeded
2,24,24,07-11,+10.0%,+48.42%,0.7421,32,✗ No,budget_exceeded
2,26,24,07-11,+10.0%,+41.08%,0.7054,29,✗ No,budget_exceeded
2,26,26,07-11,+10.0%,+37.54%,0.6877,37,✗ No,budget_exceeded
2,28,24,07-11,+10.0%,+37.27%,0.6864,29,✗ No,budget_exceeded
2,28,28,07-11,+10.0%,+31.76%,0.6588,35,✗ No,budget_exceeded
2,30,24,07-11,+10.0%,+33.55%,0.6677,27,✗ No,budget_exceeded
2,30,27,07-11,+10.0%,+29.92%,0.6496,29,✗ No,budget_exceeded
2,30,30,07-11,+10.0%,+27.14%,0.6357,38,✗ No,budget_exceeded
2,32,24,07-11,+10.0%,+28.96%,0.6448,27,✗ No,budget_exceeded
2,32,27,07-11,+10.0%,+25.69%,0.6284,29,✗ No,budget_exceeded
2,32,30,07-11,+10.0%,+23.47%,0.6173,30,✗ No,budget_exceeded
2,32,32,07-11,+10.0%,+10.60%,0.5530,43,✗ No,budget_exceeded
2,34,24,07-11,+10.0%,+19.12%,0.5956,26,✗ No,budget_exceeded
2,34,26,07-11,+10.0%,+12.10%,0.5605,27,✗ No,budget_exceeded
2,34,28,07-11,+10.0%,+11.85%,0.5592,27,✗ No,budget_exceeded
2,34,30,07-11,+10.0%,+8.38%,0.5419,29,✗ No,budget_exceeded
2,34,32,07-11,+9.3%,+7.62%,0.5381,29,✓ Yes,completed
2,34,34,07-11,+8.5%,+6.97%,0.5348,38,✓ Yes,completed
2,36,24,07-11,+9.5%,+7.25%,0.5362,24,✓ Yes,completed
2,36,26,07-11,+9.1%,+7.26%,0.5363,24,✓ Yes,completed
2,36,28,07-11,+9.0%,+7.22%,0.5361,24,✓ Yes,completed
2,36,30,07-11,+8.5%,+6.89%,0.5344,24,✓ Yes,completed
2,36,32,07-11,+7.3%,+6.72%,0.5336,24,✓ Yes,completed
2,36,34,07-11,+6.7%,+6.18%,0.5309,24,✓ Yes,completed
2,36,36,07-11,+5.5%,+5.64%,0.5282,27,✓ Yes,completed
2,38,24,07-11,+7.2%,+6.28%,0.5314,18,✓ Yes,completed
2,38,26,07-11,+7.0%,+6.21%,0.5310,18,✓ Yes,completed
2,38,28,07-11,+6.9%,+6.17%,0.5309,18,✓ Yes,completed
2,38,30,07-11,+6.5%,+5.88%,0.5294,18,✓ Yes,completed
2,38,32,07-11,+5.6%,+5.69%,0.5284,18,✓ Yes,completed
2,38,34,07-11,+5.2%,+5.37%,0.5269,18,✓ Yes,completed
2,38,36,07-11,+4.8%,+5.03%,0.5252,18,✓ Yes,completed
2,38,38,07-11,+4.5%,+4.68%,0.5234,23,✓ Yes,completed
2,40,24,07-11,+5.8%,+5.54%,0.5277,14,✓ Yes,completed
2,40,26,07-11,+5.7%,+5.49%,0.5275,14,✓ Yes,completed
2,40,28,07-11,+5.7%,+5.49%,0.5275,14,✓ Yes,completed
2,40,30,07-11,+5.4%,+5.32%,0.5266,14,✓ Yes,completed
2,40,32,07-11,+5.0%,+5.07%,0.5253,15,✓ Yes,completed
2,40,34,07-11,+4.5%,+4.73%,0.5236,15,✓ Yes,completed
2,40,36,07-11,+4.3%,+4.53%,0.5227,15,✓ Yes,completed
2,40,38,07-11,+4.0%,+4.35%,0.5217,15,✓ Yes,completed
2,40,40,07-11,+3.5%,+3.79%,0.5189,20,✓ Yes,completed
2,42,24,07-11,+5.3%,+5.11%,0.5256,12,✓ Yes,completed
2,42,26,07-11,+5.2%,+5.06%,0.5253,12,✓ Yes,completed
2,42,28,07-11,+5.2%,+5.06%,0.5253,12,✓ Yes,completed
2,42,30,07-11,+4.9%,+4.89%,0.5245,12,✓ Yes,completed
2,42,32,07-11,+4.6%,+4.67%,0.5233,13,✓ Yes,completed
2,42,34,07-11,+4.2%,+4.39%,0.5219,13,✓ Yes,completed
2,42,36,07-11,+4.0%,+4.27%,0.5213,13,✓ Yes,completed
2,42,38,07-11,+3.8%,+4.12%,0.5206,13,✓ Yes,completed
2,42,40,07-11,+3.3%,+3.54%,0.5177,15,✓ Yes,completed
2,42,42,07-11,+2.9%,+3.11%,0.5155,21,✓ Yes,completed
2,24,24,07-23,+10.0%,+59.63%,0.7982,35,✗ No,budget_exceeded
2,24,24,07-23,+10.0%,+59.63%,0.7982,35,✗ No,budget_exceeded
2,26,24,07-23,+10.0%,+56.53%,0.7826,28,✗ No,budget_exceeded
2,26,26,07-23,+10.0%,+54.39%,0.7719,35,✗ No,budget_exceeded
2,28,24,07-23,+10.0%,+54.12%,0.7706,27,✗ No,budget_exceeded
2,28,28,07-23,+10.0%,+50.03%,0.7502,32,✗ No,budget_exceeded
2,30,24,07-23,+10.0%,+50.46%,0.7523,25,✗ No,budget_exceeded
2,30,27,07-23,+10.0%,+46.64%,0.7332,27,✗ No,budget_exceeded
2,30,30,07-23,+10.0%,+44.30%,0.7215,36,✗ No,budget_exceeded
2,32,24,07-23,+10.0%,+44.54%,0.7227,26,✗ No,budget_exceeded
2,32,27,07-23,+10.0%,+41.26%,0.7063,27,✗ No,budget_exceeded
2,32,30,07-23,+10.0%,+34.03%,0.6702,29,✗ No,budget_exceeded
2,32,32,07-23,+10.0%,+20.63%,0.6031,43,✗ No,budget_exceeded
2,34,24,07-23,+10.0%,+31.52%,0.6576,25,✗ No,budget_exceeded
2,34,26,07-23,+10.0%,+29.98%,0.6499,26,✗ No,budget_exceeded
2,34,28,07-23,+10.0%,+20.76%,0.6038,27,✗ No,budget_exceeded
2,34,30,07-23,+9.5%,+8.04%,0.5402,27,✓ Yes,completed
2,34,32,07-23,+9.0%,+7.67%,0.5383,28,✓ Yes,completed
2,34,34,07-23,+8.2%,+6.94%,0.5347,36,✓ Yes,completed
2,36,24,07-23,+8.9%,+7.27%,0.5364,22,✓ Yes,completed
2,36,26,07-23,+8.5%,+7.08%,0.5354,22,✓ Yes,completed
2,36,28,07-23,+8.4%,+7.00%,0.5350,22,✓ Yes,completed
2,36,30,07-23,+8.0%,+6.80%,0.5340,22,✓ Yes,completed
2,36,32,07-23,+7.5%,+6.74%,0.5337,23,✓ Yes,completed
2,36,34,07-23,+6.9%,+6.20%,0.5310,23,✓ Yes,completed
2,36,36,07-23,+6.1%,+5.61%,0.5280,27,✓ Yes,completed
2,38,24,07-23,+7.0%,+5.98%,0.5299,16,✓ Yes,completed
2,38,26,07-23,+6.8%,+5.87%,0.5293,16,✓ Yes,completed
2,38,28,07-23,+6.7%,+5.83%,0.5292,16,✓ Yes,completed
2,38,30,07-23,+6.4%,+5.64%,0.5282,16,✓ Yes,completed
2,38,32,07-23,+6.0%,+5.56%,0.5278,17,✓ Yes,completed
2,38,34,07-23,+5.6%,+5.41%,0.5270,17,✓ Yes,completed
2,38,36,07-23,+5.2%,+5.06%,0.5253,17,✓ Yes,completed
2,38,38,07-23,+4.9%,+4.79%,0.5239,22,✓ Yes,completed
2,40,24,07-23,+6.2%,+5.29%,0.5264,14,✓ Yes,completed
2,40,26,07-23,+6.0%,+5.37%,0.5269,14,✓ Yes,completed
2,40,28,07-23,+6.0%,+5.37%,0.5269,14,✓ Yes,completed
2,40,30,07-23,+5.8%,+5.39%,0.5270,14,✓ Yes,completed
2,40,32,07-23,+5.4%,+5.16%,0.5258,15,✓ Yes,completed
2,40,34,07-23,+5.0%,+4.82%,0.5241,15,✓ Yes,completed
2,40,36,07-23,+4.7%,+4.52%,0.5226,15,✓ Yes,completed
2,40,38,07-23,+4.5%,+4.36%,0.5218,15,✓ Yes,completed
2,40,40,07-23,+4.0%,+4.01%,0.5200,20,✓ Yes,completed
2,42,24,07-23,+5.6%,+5.08%,0.5254,12,✓ Yes,completed
2,42,26,07-23,+5.4%,+4.99%,0.5249,12,✓ Yes,completed
2,42,28,07-23,+5.4%,+4.99%,0.5249,12,✓ Yes,completed
2,42,30,07-23,+5.2%,+4.90%,0.5245,12,✓ Yes,completed
2,42,32,07-23,+5.0%,+4.68%,0.5234,13,✓ Yes,completed
2,42,34,07-23,+4.5%,+4.33%,0.5217,13,✓ Yes,completed
2,42,36,07-23,+4.3%,+4.17%,0.5209,13,✓ Yes,completed
2,42,38,07-23,+4.2%,+4.15%,0.5208,13,✓ Yes,completed
2,42,40,07-23,+3.6%,+3.69%,0.5185,15,✓ Yes,completed
2,42,42,07-23,+2.8%,+2.68%,0.5134,23,✓ Yes,completed
2,24,24,08-04,+10.0%,+75.01%,0.8751,34,✗ No,budget_exceeded
2,24,24,08-04,+10.0%,+75.01%,0.8751,34,✗ No,budget_exceeded
2,26,24,08-04,+10.0%,+73.15%,0.8658,27,✗ No,budget_exceeded
2,26,26,08-04,+10.0%,+70.82%,0.8541,34,✗ No,budget_exceeded
2,28,24,08-04,+10.0%,+70.57%,0.8529,26,✗ No,budget_exceeded
2,28,28,08-04,+10.0%,+65.50%,0.8275,33,✗ No,budget_exceeded
2,30,24,08-04,+10.0%,+67.01%,0.8351,24,✗ No,budget_exceeded
2,30,27,08-04,+10.0%,+63.49%,0.8174,26,✗ No,budget_exceeded
2,30,30,08-04,+10.0%,+59.78%,0.7989,35,✗ No,budget_exceeded
2,32,24,08-04,+10.0%,+59.88%,0.7994,25,✗ No,budget_exceeded
2,32,27,08-04,+10.0%,+57.99%,0.7899,26,✗ No,budget_exceeded
2,32,30,08-04,+10.0%,+51.15%,0.7557,28,✗ No,budget_exceeded
2,32,32,08-04,+9.7%,+8.61%,0.5431,43,✓ Yes,completed
2,34,24,08-04,+10.0%,+48.77%,0.7438,24,✗ No,budget_exceeded
2,34,26,08-04,+9.8%,+8.56%,0.5428,25,✓ Yes,completed
2,34,28,08-04,+9.5%,+8.49%,0.5424,25,✓ Yes,completed
2,34,30,08-04,+8.9%,+8.14%,0.5407,25,✓ Yes,completed
2,34,32,08-04,+8.5%,+7.86%,0.5393,26,✓ Yes,completed
2,34,34,08-04,+7.7%,+7.44%,0.5372,34,✓ Yes,completed
2,36,24,08-04,+8.4%,+7.47%,0.5373,20,✓ Yes,completed
2,36,26,08-04,+8.0%,+7.43%,0.5371,20,✓ Yes,completed
2,36,28,08-04,+7.8%,+7.40%,0.5370,20,✓ Yes,completed
2,36,30,08-04,+7.5%,+7.29%,0.5364,20,✓ Yes,completed
2,36,32,08-04,+7.2%,+7.06%,0.5353,21,✓ Yes,completed
2,36,34,08-04,+6.5%,+6.57%,0.5329,21,✓ Yes,completed
2,36,36,08-04,+5.8%,+6.11%,0.5305,25,✓ Yes,completed
2,38,24,08-04,+6.6%,+6.31%,0.5316,14,✓ Yes,completed
2,38,26,08-04,+6.3%,+6.27%,0.5314,14,✓ Yes,completed
2,38,28,08-04,+6.2%,+6.26%,0.5313,14,✓ Yes,completed
2,38,30,08-04,+5.9%,+6.16%,0.5308,14,✓ Yes,completed
2,38,32,08-04,+5.7%,+6.04%,0.5302,15,✓ Yes,completed
2,38,34,08-04,+5.3%,+5.71%,0.5285,15,✓ Yes,completed
2,38,36,08-04,+5.0%,+5.43%,0.5271,15,✓ Yes,completed
2,38,38,08-04,+4.8%,+5.19%,0.5260,19,✓ Yes,completed
2,40,24,08-04,+5.8%,+5.84%,0.5292,12,✓ Yes,completed
2,40,26,08-04,+5.5%,+5.75%,0.5288,12,✓ Yes,completed
2,40,28,08-04,+5.5%,+5.75%,0.5288,12,✓ Yes,completed
2,40,30,08-04,+5.4%,+5.66%,0.5283,12,✓ Yes,completed
2,40,32,08-04,+5.2%,+5.50%,0.5275,13,✓ Yes,completed
2,40,34,08-04,+4.7%,+5.16%,0.5258,13,✓ Yes,completed
2,40,36,08-04,+4.5%,+4.94%,0.5247,13,✓ Yes,completed
2,40,38,08-04,+4.4%,+4.85%,0.5243,13,✓ Yes,completed
2,40,40,08-04,+3.9%,+4.37%,0.5219,18,✓ Yes,completed
2,42,24,08-04,+5.6%,+5.69%,0.5284,12,✓ Yes,completed
2,42,26,08-04,+5.4%,+5.58%,0.5279,12,✓ Yes,completed
2,42,28,08-04,+5.4%,+5.58%,0.5279,12,✓ Yes,completed
2,42,30,08-04,+5.2%,+5.50%,0.5275,12,✓ Yes,completed
2,42,32,08-04,+5.0%,+5.29%,0.5264,13,✓ Yes,completed
2,42,34,08-04,+4.5%,+4.94%,0.5247,13,✓ Yes,completed
2,42,36,08-04,+4.3%,+4.75%,0.5237,13,✓ Yes,completed
2,42,38,08-04,+4.2%,+4.67%,0.5234,13,✓ Yes,completed
2,42,40,08-04,+3.6%,+4.13%,0.5207,15,✓ Yes,completed
2,42,42,08-04,+2.8%,+3.18%,0.5159,23,✓ Yes,completed
2,24,24,08-16,+10.0%,+71.47%,0.8574,33,✗ No,budget_exceeded
2,24,24,08-16,+10.0%,+71.47%,0.8574,33,✗ No,budget_exceeded
2,26,24,08-16,+10.0%,+69.54%,0.8477,23,✗ No,budget_exceeded
2,26,26,08-16,+10.0%,+60.44%,0.8022,30,✗ No,budget_exceeded
2,28,24,08-16,+10.0%,+67.55%,0.8378,21,✗ No,budget_exceeded
2,28,28,08-16,+10.0%,+52.88%,0.7644,29,✗ No,budget_exceeded
2,30,24,08-16,+10.0%,+60.20%,0.8010,22,✗ No,budget_exceeded
2,30,27,08-16,+10.0%,+47.83%,0.7392,27,✗ No,budget_exceeded
2,30,30,08-16,+10.0%,+8.19%,0.5410,38,✗ No,budget_exceeded
2,32,24,08-16,+10.0%,+8.04%,0.5402,25,✗ No,budget_exceeded
2,32,27,08-16,+8.8%,+7.51%,0.5376,24,✓ Yes,completed
2,32,30,08-16,+8.2%,+7.44%,0.5372,24,✓ Yes,completed
2,32,32,08-16,+7.5%,+7.16%,0.5358,32,✓ Yes,completed
2,34,24,08-16,+8.1%,+7.17%,0.5359,19,✓ Yes,completed
2,34,26,08-16,+7.6%,+7.15%,0.5357,19,✓ Yes,completed
2,34,28,08-16,+7.4%,+7.11%,0.5356,19,✓ Yes,completed
2,34,30,08-16,+7.0%,+6.97%,0.5349,19,✓ Yes,completed
2,34,32,08-16,+6.8%,+6.86%,0.5343,20,✓ Yes,completed
2,34,34,08-16,+6.3%,+6.48%,0.5324,24,✓ Yes,completed
2,36,24,08-16,+6.4%,+6.40%,0.5320,14,✓ Yes,completed
2,36,26,08-16,+6.1%,+6.35%,0.5318,14,✓ Yes,completed
2,36,28,08-16,+6.0%,+6.34%,0.5317,14,✓ Yes,completed
2,36,30,08-16,+5.9%,+6.31%,0.5316,14,✓ Yes,completed
2,36,32,08-16,+5.8%,+6.27%,0.5313,15,✓ Yes,completed
2,36,34,08-16,+5.4%,+5.96%,0.5298,15,✓ Yes,completed
2,36,36,08-16,+4.8%,+5.37%,0.5268,19,✓ Yes,completed
2,38,24,08-16,+5.4%,+5.79%,0.5290,11,✓ Yes,completed
2,38,26,08-16,+5.2%,+5.73%,0.5286,11,✓ Yes,completed
2,38,28,08-16,+5.2%,+5.73%,0.5286,11,✓ Yes,completed
2,38,30,08-16,+5.2%,+5.68%,0.5284,11,✓ Yes,completed
2,38,32,08-16,+5.1%,+5.61%,0.5280,12,✓ Yes,completed
2,38,34,08-16,+4.6%,+5.26%,0.5263,12,✓ Yes,completed
2,38,36,08-16,+4.3%,+4.98%,0.5249,12,✓ Yes,completed
2,38,38,08-16,+4.1%,+4.82%,0.5241,14,✓ Yes,completed
2,40,24,08-16,+4.9%,+5.33%,0.5267,10,✓ Yes,completed
2,40,26,08-16,+4.8%,+5.26%,0.5263,10,✓ Yes,completed
2,40,28,08-16,+4.8%,+5.26%,0.5263,10,✓ Yes,completed
2,40,30,08-16,+4.7%,+5.21%,0.5261,10,✓ Yes,completed
2,40,32,08-16,+4.6%,+5.14%,0.5257,11,✓ Yes,completed
2,40,34,08-16,+4.2%,+4.86%,0.5243,11,✓ Yes,completed
2,40,36,08-16,+3.9%,+4.67%,0.5233,11,✓ Yes,completed
2,40,38,08-16,+3.8%,+4.56%,0.5228,11,✓ Yes,completed
2,40,40,08-16,+3.4%,+4.11%,0.5205,16,✓ Yes,completed
2,42,24,08-16,+4.8%,+5.15%,0.5258,10,✓ Yes,completed
2,42,26,08-16,+4.6%,+5.08%,0.5254,10,✓ Yes,completed
2,42,28,08-16,+4.6%,+5.08%,0.5254,10,✓ Yes,completed
2,42,30,08-16,+4.5%,+5.04%,0.5252,10,✓ Yes,completed
2,42,32,08-16,+4.4%,+4.93%,0.5247,11,✓ Yes,completed
2,42,34,08-16,+4.0%,+4.69%,0.5234,11,✓ Yes,completed
2,42,36,08-16,+3.7%,+4.46%,0.5223,11,✓ Yes,completed
2,42,38,08-16,+3.6%,+4.35%,0.5217,11,✓ Yes,completed
2,42,40,08-16,+3.1%,+3.86%,0.5193,13,✓ Yes,completed
2,42,42,08-16,+2.3%,+2.93%,0.5146,20,✓ Yes,completed
2,24,24,08-28,+10.0%,+69.41%,0.8471,34,✗ No,budget_exceeded
2,24,24,08-28,+10.0%,+69.41%,0.8471,34,✗ No,budget_exceeded
2,26,24,08-28,+10.0%,+42.96%,0.7148,26,✗ No,budget_exceeded
2,26,26,08-28,+10.0%,+29.53%,0.6477,34,✗ No,budget_exceeded
2,28,24,08-28,+10.0%,+29.38%,0.6469,23,✗ No,budget_exceeded
2,28,28,08-28,+9.4%,+6.85%,0.5343,31,✓ Yes,completed
2,30,24,08-28,+10.0%,+26.56%,0.6328,21,✗ No,budget_exceeded
2,30,27,08-28,+8.5%,+6.53%,0.5326,22,✓ Yes,completed
2,30,30,08-28,+7.3%,+6.03%,0.5301,27,✓ Yes,completed
2,32,24,08-28,+8.2%,+6.12%,0.5306,16,✓ Yes,completed
2,32,27,08-28,+7.1%,+5.82%,0.5291,16,✓ Yes,completed
2,32,30,08-28,+6.3%,+5.56%,0.5278,16,✓ Yes,completed
2,32,32,08-28,+5.7%,+5.34%,0.5267,22,✓ Yes,completed
2,34,24,08-28,+7.3%,+5.69%,0.5285,13,✓ Yes,completed
2,34,26,08-28,+6.3%,+5.44%,0.5272,13,✓ Yes,completed
2,34,28,08-28,+5.8%,+5.37%,0.5268,13,✓ Yes,completed
2,34,30,08-28,+5.5%,+5.23%,0.5262,13,✓ Yes,completed
2,34,32,08-28,+5.4%,+5.17%,0.5259,14,✓ Yes,completed
2,34,34,08-28,+4.8%,+4.82%,0.5241,17,✓ Yes,completed
2,36,24,08-28,+5.3%,+4.99%,0.5249,9,✓ Yes,completed
2,36,26,08-28,+5.1%,+4.95%,0.5247,9,✓ Yes,completed
2,36,28,08-28,+4.9%,+4.85%,0.5243,9,✓ Yes,completed
2,36,30,08-28,+4.8%,+4.80%,0.5240,9,✓ Yes,completed
2,36,32,08-28,+4.7%,+4.73%,0.5236,10,✓ Yes,completed
2,36,34,08-28,+4.3%,+4.49%,0.5224,10,✓ Yes,completed
2,36,36,08-28,+3.8%,+4.19%,0.5209,11,✓ Yes,completed
2,38,24,08-28,+5.0%,+4.77%,0.5238,8,✓ Yes,completed
2,38,26,08-28,+4.7%,+4.68%,0.5234,8,✓ Yes,completed
2,38,28,08-28,+4.6%,+4.63%,0.5232,8,✓ Yes,completed
2,38,30,08-28,+4.5%,+4.59%,0.5230,8,✓ Yes,completed
2,38,32,08-28,+4.4%,+4.52%,0.5226,9,✓ Yes,completed
2,38,34,08-28,+4.0%,+4.31%,0.5215,9,✓ Yes,completed
2,38,36,08-28,+3.6%,+4.05%,0.5202,10,✓ Yes,completed
2,38,38,08-28,+3.5%,+3.94%,0.5197,11,✓ Yes,completed
2,40,24,08-28,+4.8%,+4.62%,0.5231,8,✓ Yes,completed
2,40,26,08-28,+4.6%,+4.54%,0.5227,8,✓ Yes,completed
2,40,28,08-28,+4.4%,+4.49%,0.5225,8,✓ Yes,completed
2,40,30,08-28,+4.4%,+4.46%,0.5223,8,✓ Yes,completed
2,40,32,08-28,+4.2%,+4.39%,0.5220,9,✓ Yes,completed
2,40,34,08-28,+3.8%,+4.18%,0.5209,9,✓ Yes,completed
2,40,36,08-28,+3.5%,+3.92%,0.5196,10,✓ Yes,completed
2,40,38,08-28,+3.3%,+3.83%,0.5191,10,✓ Yes,completed
2,40,40,08-28,+3.0%,+3.47%,0.5173,15,✓ Yes,completed
2,42,24,08-28,+4.7%,+4.52%,0.5226,8,✓ Yes,completed
2,42,26,08-28,+4.5%,+4.45%,0.5223,8,✓ Yes,completed
2,42,28,08-28,+4.4%,+4.41%,0.5220,8,✓ Yes,completed
2,42,30,08-28,+4.3%,+4.37%,0.5218,8,✓ Yes,completed
2,42,32,08-28,+4.1%,+4.27%,0.5214,9,✓ Yes,completed
2,42,34,08-28,+3.7%,+4.06%,0.5203,9,✓ Yes,completed
2,42,36,08-28,+3.3%,+3.78%,0.5189,10,✓ Yes,completed
2,42,38,08-28,+3.2%,+3.69%,0.5184,10,✓ Yes,completed
2,42,40,08-28,+2.8%,+3.29%,0.5165,11,✓ Yes,completed
2,42,42,08-28,+2.2%,+2.68%,0.5134,15,✓ Yes,completed
2,24,24,08-30,+10.0%,+45.85%,0.7292,40,✗ No,budget_exceeded
2,24,24,08-30,+10.0%,+45.85%,0.7292,40,✗ No,budget_exceeded
2,26,24,08-30,+10.0%,+32.09%,0.6604,27,✗ No,budget_exceeded
2,26,26,08-30,+10.0%,+20.98%,0.6049,38,✗ No,budget_exceeded
2,28,24,08-30,+10.0%,+29.59%,0.6480,22,✗ No,budget_exceeded
2,28,28,08-30,+8.0%,+5.55%,0.5277,28,✓ Yes,completed
2,30,24,08-30,+9.2%,+5.56%,0.5278,20,✓ Yes,completed
2,30,27,08-30,+7.2%,+5.38%,0.5269,20,✓ Yes,completed
2,30,30,08-30,+6.1%,+4.95%,0.5248,25,✓ Yes,completed
2,32,24,08-30,+7.0%,+5.02%,0.5251,14,✓ Yes,completed
2,32,27,08-30,+5.8%,+4.77%,0.5238,14,✓ Yes,completed
2,32,30,08-30,+5.1%,+4.56%,0.5228,14,✓ Yes,completed
2,32,32,08-30,+4.6%,+4.26%,0.5213,19,✓ Yes,completed
2,34,24,08-30,+6.1%,+4.61%,0.5231,11,✓ Yes,completed
2,34,26,08-30,+5.1%,+4.44%,0.5222,11,✓ Yes,completed
2,34,28,08-30,+4.6%,+4.25%,0.5212,11,✓ Yes,completed
2,34,30,08-30,+4.3%,+4.11%,0.5206,11,✓ Yes,completed
2,34,32,08-30,+4.2%,+4.08%,0.5204,11,✓ Yes,completed
2,34,34,08-30,+3.9%,+3.88%,0.5194,13,✓ Yes,completed
2,36,24,08-30,+4.2%,+3.89%,0.5194,7,✓ Yes,completed
2,36,26,08-30,+3.9%,+3.82%,0.5191,7,✓ Yes,completed
2,36,28,08-30,+3.7%,+3.74%,0.5187,7,✓ Yes,completed
2,36,30,08-30,+3.6%,+3.70%,0.5185,7,✓ Yes,completed
2,36,32,08-30,+3.6%,+3.68%,0.5184,7,✓ Yes,completed
2,36,34,08-30,+3.5%,+3.66%,0.5183,7,✓ Yes,completed
2,36,36,08-30,+3.3%,+3.45%,0.5172,8,✓ Yes,completed
2,38,24,08-30,+3.8%,+3.65%,0.5182,6,✓ Yes,completed
2,38,26,08-30,+3.6%,+3.59%,0.5179,6,✓ Yes,completed
2,38,28,08-30,+3.4%,+3.54%,0.5177,6,✓ Yes,completed
2,38,30,08-30,+3.4%,+3.51%,0.5175,6,✓ Yes,completed
2,38,32,08-30,+3.3%,+3.48%,0.5174,6,✓ Yes,completed
2,38,34,08-30,+3.3%,+3.46%,0.5173,6,✓ Yes,completed
2,38,36,08-30,+3.1%,+3.29%,0.5165,7,✓ Yes,completed
2,38,38,08-30,+2.9%,+3.18%,0.5159,8,✓ Yes,completed
2,40,24,08-30,+3.7%,+3.51%,0.5175,6,✓ Yes,completed
2,40,26,08-30,+3.4%,+3.45%,0.5173,6,✓ Yes,completed
2,40,28,08-30,+3.3%,+3.41%,0.5170,6,✓ Yes,completed
2,40,30,08-30,+3.2%,+3.36%,0.5168,6,✓ Yes,completed
2,40,32,08-30,+3.2%,+3.34%,0.5167,6,✓ Yes,completed
2,40,34,08-30,+3.1%,+3.31%,0.5166,6,✓ Yes,completed
2,40,36,08-30,+2.9%,+3.15%,0.5157,7,✓ Yes,completed
2,40,38,08-30,+2.8%,+3.07%,0.5153,7,✓ Yes,completed
2,40,40,08-30,+2.6%,+2.88%,0.5144,10,✓ Yes,completed
2,42,24,08-30,+3.6%,+3.42%,0.5171,6,✓ Yes,completed
2,42,26,08-30,+3.3%,+3.37%,0.5168,6,✓ Yes,completed
2,42,28,08-30,+3.2%,+3.32%,0.5166,6,✓ Yes,completed
2,42,30,08-30,+3.1%,+3.27%,0.5164,6,✓ Yes,completed
2,42,32,08-30,+3.1%,+3.25%,0.5162,6,✓ Yes,completed
2,42,34,08-30,+3.0%,+3.22%,0.5161,6,✓ Yes,completed
2,42,36,08-30,+2.8%,+3.04%,0.5152,7,✓ Yes,completed
2,42,38,08-30,+2.7%,+2.96%,0.5148,7,✓ Yes,completed
2,42,40,08-30,+2.5%,+2.78%,0.5139,7,✓ Yes,completed
2,42,42,08-30,+1.9%,+2.26%,0.5113,11,✓ Yes,completed
3,28,28,07-18,+10.0%,+42.63%,0.7132,34,✗ No,budget_exceeded
3,28,28,07-18,+10.0%,+42.63%,0.7132,34,✗ No,budget_exceeded
3,29,28,07-18,+10.0%,+41.82%,0.7091,28,✗ No,budget_exceeded
3,29,29,07-18,+10.0%,+41.38%,0.7069,31,✗ No,budget_exceeded
3,30,28,07-18,+10.0%,+41.45%,0.7072,27,✗ No,budget_exceeded
3,30,30,07-18,+10.0%,+37.81%,0.6890,37,✗ No,budget_exceeded
3,31,28,07-18,+10.0%,+39.82%,0.6991,28,✗ No,budget_exceeded
3,31,29,07-18,+10.0%,+38.24%,0.6912,29,✗ No,budget_exceeded
3,31,30,07-18,+10.0%,+36.29%,0.6814,32,✗ No,budget_exceeded
3,31,31,07-18,+10.0%,+35.45%,0.6772,38,✗ No,budget_exceeded
3,32,28,07-18,+10.0%,+35.83%,0.6792,28,✗ No,budget_exceeded
3,32,29,07-18,+10.0%,+32.78%,0.6639,29,✗ No,budget_exceeded
3,32,30,07-18,+10.0%,+30.48%,0.6524,31,✗ No,budget_exceeded
3,32,31,07-18,+10.0%,+24.81%,0.6241,34,✗ No,budget_exceeded
3,32,32,07-18,+10.0%,+23.06%,0.6153,41,✗ No,budget_exceeded
3,33,28,07-18,+10.0%,+32.47%,0.6623,28,✗ No,budget_exceeded
3,33,29,07-18,+10.0%,+32.07%,0.6604,28,✗ No,budget_exceeded
3,33,30,07-18,+10.0%,+23.61%,0.6180,30,✗ No,budget_exceeded
3,33,31,07-18,+10.0%,+22.98%,0.6149,31,✗ No,budget_exceeded
3,33,32,07-18,+10.0%,+12.48%,0.5624,37,✗ No,budget_exceeded
3,33,33,07-18,+9.7%,+8.02%,0.5401,44,✓ Yes,completed
3,34,28,07-18,+10.0%,+23.34%,0.6167,27,✗ No,budget_exceeded
3,34,29,07-18,+10.0%,+23.05%,0.6152,27,✗ No,budget_exceeded
3,34,30,07-18,+10.0%,+12.08%,0.5604,29,✗ No,budget_exceeded
3,34,31,07-18,+9.7%,+8.06%,0.5403,30,✓ Yes,completed
3,34,32,07-18,+9.5%,+8.06%,0.5403,30,✓ Yes,completed
3,34,33,07-18,+9.0%,+7.82%,0.5391,33,✓ Yes,completed
3,34,34,07-18,+8.7%,+7.55%,0.5378,39,✓ Yes,completed
3,35,28,07-18,+10.0%,+12.07%,0.5604,26,✗ No,budget_exceeded
3,35,29,07-18,+10.0%,+8.00%,0.5400,26,✓ Yes,completed
3,35,30,07-18,+10.0%,+8.00%,0.5400,26,✓ Yes,completed
3,35,31,07-18,+9.4%,+7.99%,0.5400,26,✓ Yes,completed
3,35,32,07-18,+9.1%,+7.86%,0.5393,27,✓ Yes,completed
3,35,33,07-18,+9.0%,+7.79%,0.5389,27,✓ Yes,completed
3,35,33,07-18,+8.4%,+7.38%,0.5369,28,✓ Yes,completed
3,35,34,07-18,+8.2%,+7.23%,0.5362,30,✓ Yes,completed
3,35,35,07-18,+7.6%,+7.03%,0.5352,41,✓ Yes,completed
3,36,28,07-18,+9.0%,+7.62%,0.5381,24,✓ Yes,completed
3,36,29,07-18,+8.8%,+7.56%,0.5378,24,✓ Yes,completed
3,36,30,07-18,+8.8%,+7.56%,0.5378,24,✓ Yes,completed
3,36,31,07-18,+8.5%,+7.33%,0.5366,24,✓ Yes,completed
3,36,32,07-18,+8.2%,+7.18%,0.5359,25,✓ Yes,completed
3,36,33,07-18,+8.0%,+7.17%,0.5359,25,✓ Yes,completed
3,36,33,07-18,+7.6%,+7.08%,0.5354,25,✓ Yes,completed
3,36,34,07-18,+7.3%,+6.87%,0.5343,25,✓ Yes,completed
3,36,35,07-18,+6.9%,+6.52%,0.5326,27,✓ Yes,completed
3,36,36,07-18,+6.5%,+6.14%,0.5307,29,✓ Yes,completed
3,28,28,07-24,+10.0%,+51.78%,0.7589,32,✗ No,budget_exceeded
3,28,28,07-24,+10.0%,+51.78%,0.7589,32,✗ No,budget_exceeded
3,29,28,07-24,+10.0%,+48.58%,0.7429,29,✗ No,budget_exceeded
3,29,29,07-24,+10.0%,+48.10%,0.7405,32,✗ No,budget_exceeded
3,30,28,07-24,+10.0%,+48.15%,0.7407,27,✗ No,budget_exceeded
3,30,30,07-24,+10.0%,+46.07%,0.7304,36,✗ No,budget_exceeded
3,31,28,07-24,+10.0%,+46.75%,0.7338,28,✗ No,budget_exceeded
3,31,29,07-24,+10.0%,+46.34%,0.7317,28,✗ No,budget_exceeded
3,31,30,07-24,+10.0%,+43.05%,0.7152,31,✗ No,budget_exceeded
3,31,31,07-24,+10.0%,+40.77%,0.7038,40,✗ No,budget_exceeded
3,32,28,07-24,+10.0%,+42.38%,0.7119,27,✗ No,budget_exceeded
3,32,29,07-24,+10.0%,+35.85%,0.6793,29,✗ No,budget_exceeded
3,32,30,07-24,+10.0%,+34.03%,0.6702,31,✗ No,budget_exceeded
3,32,31,07-24,+10.0%,+33.19%,0.6659,33,✗ No,budget_exceeded
3,32,32,07-24,+10.0%,+22.51%,0.6125,43,✗ No,budget_exceeded
3,33,28,07-24,+10.0%,+35.29%,0.6765,27,✗ No,budget_exceeded
3,33,29,07-24,+10.0%,+33.82%,0.6691,28,✗ No,budget_exceeded
3,33,30,07-24,+10.0%,+31.95%,0.6597,29,✗ No,budget_exceeded
3,33,31,07-24,+10.0%,+11.96%,0.5598,32,✗ No,budget_exceeded
3,33,32,07-24,+9.8%,+8.28%,0.5414,36,✓ Yes,completed
3,33,33,07-24,+9.1%,+7.96%,0.5398,43,✓ Yes,completed
3,34,28,07-24,+10.0%,+22.64%,0.6132,27,✗ No,budget_exceeded
3,34,29,07-24,+9.9%,+8.31%,0.5415,27,✓ Yes,completed
3,34,30,07-24,+9.5%,+8.24%,0.5412,27,✓ Yes,completed
3,34,31,07-24,+9.2%,+8.04%,0.5402,28,✓ Yes,completed
3,34,32,07-24,+9.0%,+7.95%,0.5398,28,✓ Yes,completed
3,34,33,07-24,+8.5%,+7.52%,0.5376,31,✓ Yes,completed
3,34,34,07-24,+8.2%,+7.22%,0.5361,36,✓ Yes,completed
3,35,28,07-24,+9.5%,+8.17%,0.5408,24,✓ Yes,completed
3,35,29,07-24,+9.4%,+8.13%,0.5407,24,✓ Yes,completed
3,35,30,07-24,+9.4%,+8.13%,0.5407,24,✓ Yes,completed
3,35,31,07-24,+9.0%,+7.90%,0.5395,24,✓ Yes,completed
3,35,32,07-24,+8.7%,+7.67%,0.5384,25,✓ Yes,completed
3,35,33,07-24,+8.5%,+7.55%,0.5378,25,✓ Yes,completed
3,35,33,07-24,+8.0%,+7.19%,0.5360,26,✓ Yes,completed
3,35,34,07-24,+7.7%,+7.17%,0.5358,28,✓ Yes,completed
3,35,35,07-24,+7.2%,+6.68%,0.5334,39,✓ Yes,completed
3,36,28,07-24,+8.4%,+7.28%,0.5364,22,✓ Yes,completed
3,36,29,07-24,+8.2%,+7.18%,0.5359,22,✓ Yes,completed
3,36,30,07-24,+8.2%,+7.18%,0.5359,22,✓ Yes,completed
3,36,31,07-24,+8.0%,+7.09%,0.5355,22,✓ Yes,completed
3,36,32,07-24,+7.7%,+7.12%,0.5356,23,✓ Yes,completed
3,36,33,07-24,+7.5%,+7.03%,0.5351,23,✓ Yes,completed
3,36,33,07-24,+7.2%,+6.72%,0.5336,23,✓ Yes,completed
3,36,34,07-24,+6.9%,+6.49%,0.5324,23,✓ Yes,completed
3,36,35,07-24,+6.5%,+6.11%,0.5305,25,✓ Yes,completed
3,36,36,07-24,+6.1%,+5.84%,0.5292,27,✓ Yes,completed
3,28,28,07-30,+10.0%,+61.27%,0.8064,32,✗ No,budget_exceeded
3,28,28,07-30,+10.0%,+61.27%,0.8064,32,✗ No,budget_exceeded
3,29,28,07-30,+10.0%,+58.10%,0.7905,29,✗ No,budget_exceeded
3,29,29,07-30,+10.0%,+57.62%,0.7881,32,✗ No,budget_exceeded
3,30,28,07-30,+10.0%,+57.67%,0.7884,27,✗ No,budget_exceeded
3,30,30,07-30,+10.0%,+55.62%,0.7781,36,✗ No,budget_exceeded
3,31,28,07-30,+10.0%,+56.29%,0.7815,28,✗ No,budget_exceeded
3,31,29,07-30,+10.0%,+55.89%,0.7794,28,✗ No,budget_exceeded
3,31,30,07-30,+10.0%,+52.62%,0.7631,31,✗ No,budget_exceeded
3,31,31,07-30,+10.0%,+50.37%,0.7518,40,✗ No,budget_exceeded
3,32,28,07-30,+10.0%,+51.96%,0.7598,27,✗ No,budget_exceeded
3,32,29,07-30,+10.0%,+45.50%,0.7275,29,✗ No,budget_exceeded
3,32,30,07-30,+10.0%,+43.69%,0.7185,31,✗ No,budget_exceeded
3,32,31,07-30,+10.0%,+42.86%,0.7143,33,✗ No,budget_exceeded
3,32,32,07-30,+10.0%,+32.28%,0.6614,43,✗ No,budget_exceeded
3,33,28,07-30,+10.0%,+44.94%,0.7247,27,✗ No,budget_exceeded
3,33,29,07-30,+10.0%,+43.48%,0.7174,28,✗ No,budget_exceeded
3,33,30,07-30,+10.0%,+41.63%,0.7081,29,✗ No,budget_exceeded
3,33,31,07-30,+10.0%,+21.83%,0.6092,32,✗ No,budget_exceeded
3,33,32,07-30,+9.8%,+8.36%,0.5418,36,✓ Yes,completed
3,33,33,07-30,+9.1%,+7.94%,0.5397,43,✓ Yes,completed
3,34,28,07-30,+10.0%,+32.41%,0.6620,27,✗ No,budget_exceeded
3,34,29,07-30,+9.9%,+8.40%,0.5420,27,✓ Yes,completed
3,34,30,07-30,+9.5%,+8.25%,0.5412,27,✓ Yes,completed
3,34,31,07-30,+9.2%,+8.03%,0.5401,28,✓ Yes,completed
3,34,32,07-30,+9.0%,+7.92%,0.5396,28,✓ Yes,completed
3,34,33,07-30,+8.5%,+7.53%,0.5376,31,✓ Yes,completed
3,34,34,07-30,+8.2%,+7.27%,0.5364,36,✓ Yes,completed
3,35,28,07-30,+9.5%,+8.16%,0.5408,24,✓ Yes,completed
3,35,29,07-30,+9.4%,+8.10%,0.5405,24,✓ Yes,completed
3,35,30,07-30,+9.4%,+8.10%,0.5405,24,✓ Yes,completed
3,35,31,07-30,+9.0%,+7.87%,0.5393,24,✓ Yes,completed
3,35,32,07-30,+8.7%,+7.66%,0.5383,25,✓ Yes,completed
3,35,33,07-30,+8.5%,+7.56%,0.5378,25,✓ Yes,completed
3,35,33,07-30,+8.0%,+7.19%,0.5360,26,✓ Yes,completed
3,35,34,07-30,+7.7%,+7.05%,0.5352,28,✓ Yes,completed
3,35,35,07-30,+7.2%,+6.66%,0.5333,39,✓ Yes,completed
3,36,28,07-30,+8.4%,+7.31%,0.5365,22,✓ Yes,completed
3,36,29,07-30,+8.2%,+7.23%,0.5362,22,✓ Yes,completed
3,36,30,07-30,+8.2%,+7.23%,0.5362,22,✓ Yes,completed
3,36,31,07-30,+8.0%,+7.12%,0.5356,22,✓ Yes,completed
3,36,32,07-30,+7.7%,+7.00%,0.5350,23,✓ Yes,completed
3,36,33,07-30,+7.5%,+6.92%,0.5346,23,✓ Yes,completed
3,36,33,07-30,+7.2%,+6.70%,0.5335,23,✓ Yes,completed
3,36,34,07-30,+6.9%,+6.49%,0.5324,23,✓ Yes,completed
3,36,35,07-30,+6.5%,+6.17%,0.5308,25,✓ Yes,completed
3,36,36,07-30,+6.1%,+5.96%,0.5298,27,✓ Yes,completed
3,28,28,08-05,+10.0%,+66.95%,0.8348,33,✗ No,budget_exceeded
3,28,28,08-05,+10.0%,+66.95%,0.8348,33,✗ No,budget_exceeded
3,29,28,08-05,+10.0%,+65.12%,0.8256,28,✗ No,budget_exceeded
3,29,29,08-05,+10.0%,+64.65%,0.8232,31,✗ No,budget_exceeded
3,30,28,08-05,+10.0%,+64.69%,0.8235,26,✗ No,budget_exceeded
3,30,30,08-05,+10.0%,+61.24%,0.8062,35,✗ No,budget_exceeded
3,31,28,08-05,+10.0%,+61.77%,0.8088,27,✗ No,budget_exceeded
3,31,29,08-05,+10.0%,+61.38%,0.8069,27,✗ No,budget_exceeded
3,31,30,08-05,+10.0%,+59.39%,0.7970,31,✗ No,budget_exceeded
3,31,31,08-05,+10.0%,+52.85%,0.7642,40,✗ No,budget_exceeded
3,32,28,08-05,+10.0%,+54.18%,0.7709,27,✗ No,budget_exceeded
3,32,29,08-05,+10.0%,+52.62%,0.7631,28,✗ No,budget_exceeded
3,32,30,08-05,+10.0%,+50.92%,0.7546,30,✗ No,budget_exceeded
3,32,31,08-05,+10.0%,+31.23%,0.6561,34,✗ No,budget_exceeded
3,32,32,08-05,+9.7%,+8.63%,0.5431,43,✓ Yes,completed
3,33,28,08-05,+10.0%,+52.07%,0.7604,26,✗ No,budget_exceeded
3,33,29,08-05,+10.0%,+41.82%,0.7091,28,✗ No,budget_exceeded
3,33,30,08-05,+9.8%,+8.70%,0.5435,29,✓ Yes,completed
3,33,31,08-05,+9.5%,+8.55%,0.5427,30,✓ Yes,completed
3,33,32,08-05,+9.3%,+8.41%,0.5420,34,✓ Yes,completed
3,33,33,08-05,+8.6%,+7.86%,0.5393,41,✓ Yes,completed
3,34,28,08-05,+9.5%,+8.49%,0.5424,25,✓ Yes,completed
3,34,29,08-05,+9.3%,+8.39%,0.5419,25,✓ Yes,completed
3,34,30,08-05,+8.9%,+8.10%,0.5405,25,✓ Yes,completed
3,34,31,08-05,+8.6%,+7.89%,0.5395,26,✓ Yes,completed
3,34,32,08-05,+8.5%,+7.83%,0.5392,26,✓ Yes,completed
3,34,33,08-05,+8.0%,+7.54%,0.5377,29,✓ Yes,completed
3,34,34,08-05,+7.7%,+7.34%,0.5367,34,✓ Yes,completed
3,35,28,08-05,+9.0%,+8.08%,0.5404,22,✓ Yes,completed
3,35,29,08-05,+8.8%,+7.99%,0.5400,22,✓ Yes,completed
3,35,30,08-05,+8.8%,+7.99%,0.5400,22,✓ Yes,completed
3,35,31,08-05,+8.4%,+7.75%,0.5388,22,✓ Yes,completed
3,35,32,08-05,+8.2%,+7.64%,0.5382,23,✓ Yes,completed
3,35,33,08-05,+8.1%,+7.60%,0.5380,23,✓ Yes,completed
3,35,33,08-05,+7.6%,+7.31%,0.5365,24,✓ Yes,completed
3,35,34,08-05,+7.3%,+7.09%,0.5355,26,✓ Yes,completed
3,35,35,08-05,+6.8%,+6.63%,0.5331,36,✓ Yes,completed
3,36,28,08-05,+7.8%,+7.32%,0.5366,20,✓ Yes,completed
3,36,29,08-05,+7.7%,+7.27%,0.5364,20,✓ Yes,completed
3,36,30,08-05,+7.7%,+7.27%,0.5364,20,✓ Yes,completed
3,36,31,08-05,+7.5%,+7.15%,0.5358,20,✓ Yes,completed
3,36,32,08-05,+7.2%,+7.00%,0.5350,21,✓ Yes,completed
3,36,33,08-05,+7.2%,+6.94%,0.5347,21,✓ Yes,completed
3,36,33,08-05,+6.8%,+6.63%,0.5331,21,✓ Yes,completed
3,36,34,08-05,+6.5%,+6.45%,0.5323,21,✓ Yes,completed
3,36,35,08-05,+6.2%,+6.28%,0.5314,23,✓ Yes,completed
3,36,36,08-05,+5.8%,+6.06%,0.5303,25,✓ Yes,completed
3,28,28,08-11,+10.0%,+70.33%,0.8516,29,✗ No,budget_exceeded
3,28,28,08-11,+10.0%,+70.33%,0.8516,29,✗ No,budget_exceeded
3,29,28,08-11,+10.0%,+63.80%,0.8190,25,✗ No,budget_exceeded
3,29,29,08-11,+10.0%,+62.16%,0.8108,29,✗ No,budget_exceeded
3,30,28,08-11,+10.0%,+63.50%,0.8175,24,✗ No,budget_exceeded
3,30,30,08-11,+10.0%,+60.23%,0.8011,36,✗ No,budget_exceeded
3,31,28,08-11,+10.0%,+61.84%,0.8092,25,✗ No,budget_exceeded
3,31,29,08-11,+10.0%,+61.33%,0.8067,25,✗ No,budget_exceeded
3,31,30,08-11,+10.0%,+50.91%,0.7545,31,✗ No,budget_exceeded
3,31,31,08-11,+10.0%,+38.89%,0.6945,42,✗ No,budget_exceeded
3,32,28,08-11,+10.0%,+40.33%,0.7016,27,✗ No,budget_exceeded
3,32,29,08-11,+10.0%,+12.71%,0.5636,30,✗ No,budget_exceeded
3,32,30,08-11,+9.7%,+8.00%,0.5400,31,✓ Yes,completed
3,32,31,08-11,+9.4%,+7.76%,0.5388,33,✓ Yes,completed
3,32,32,08-11,+9.0%,+7.48%,0.5374,40,✓ Yes,completed
3,33,28,08-11,+9.8%,+8.01%,0.5400,27,✓ Yes,completed
3,33,29,08-11,+9.5%,+7.82%,0.5391,27,✓ Yes,completed
3,33,30,08-11,+9.0%,+7.52%,0.5376,27,✓ Yes,completed
3,33,31,08-11,+8.7%,+7.35%,0.5368,28,✓ Yes,completed
3,33,32,08-11,+8.6%,+7.25%,0.5362,31,✓ Yes,completed
3,33,33,08-11,+8.0%,+6.84%,0.5342,37,✓ Yes,completed
3,34,28,08-11,+8.9%,+7.39%,0.5369,24,✓ Yes,completed
3,34,29,08-11,+8.7%,+7.26%,0.5363,24,✓ Yes,completed
3,34,30,08-11,+8.3%,+7.01%,0.5351,24,✓ Yes,completed
3,34,31,08-11,+8.0%,+6.91%,0.5345,25,✓ Yes,completed
3,34,32,08-11,+8.0%,+6.90%,0.5345,25,✓ Yes,completed
3,34,33,08-11,+7.5%,+6.64%,0.5332,27,✓ Yes,completed
3,34,34,08-11,+7.2%,+6.40%,0.5320,32,✓ Yes,completed
3,35,28,08-11,+8.3%,+6.97%,0.5348,21,✓ Yes,completed
3,35,29,08-11,+8.1%,+6.90%,0.5345,21,✓ Yes,completed
3,35,30,08-11,+8.1%,+6.90%,0.5345,21,✓ Yes,completed
3,35,31,08-11,+7.8%,+6.75%,0.5338,21,✓ Yes,completed
3,35,32,08-11,+7.6%,+6.66%,0.5333,22,✓ Yes,completed
3,35,33,08-11,+7.6%,+6.65%,0.5332,22,✓ Yes,completed
3,35,33,08-11,+7.1%,+6.32%,0.5316,23,✓ Yes,completed
3,35,34,08-11,+6.8%,+6.12%,0.5306,25,✓ Yes,completed
3,35,35,08-11,+6.4%,+5.69%,0.5284,35,✓ Yes,completed
3,36,28,08-11,+7.3%,+6.36%,0.5318,19,✓ Yes,completed
3,36,29,08-11,+7.2%,+6.28%,0.5314,19,✓ Yes,completed
3,36,30,08-11,+7.2%,+6.28%,0.5314,19,✓ Yes,completed
3,36,31,08-11,+6.9%,+6.15%,0.5308,19,✓ Yes,completed
3,36,32,08-11,+6.8%,+6.05%,0.5302,20,✓ Yes,completed
3,36,33,08-11,+6.7%,+6.03%,0.5302,20,✓ Yes,completed
3,36,33,08-11,+6.4%,+5.74%,0.5287,20,✓ Yes,completed
3,36,34,08-11,+6.1%,+5.52%,0.5276,20,✓ Yes,completed
3,36,35,08-11,+5.7%,+5.22%,0.5261,22,✓ Yes,completed
3,36,36,08-11,+5.3%,+4.86%,0.5243,24,✓ Yes,completed
3,28,28,08-17,+10.0%,+53.00%,0.7650,29,✗ No,budget_exceeded
3,28,28,08-17,+10.0%,+53.00%,0.7650,29,✗ No,budget_exceeded
3,29,28,08-17,+10.0%,+51.05%,0.7552,27,✗ No,budget_exceeded
3,29,29,08-17,+10.0%,+23.64%,0.6182,35,✗ No,budget_exceeded
3,30,28,08-17,+10.0%,+22.95%,0.6148,29,✗ No,budget_exceeded
3,30,30,08-17,+10.0%,+9.54%,0.5477,36,✗ No,budget_exceeded
3,31,28,08-17,+10.0%,+9.64%,0.5482,28,✗ No,budget_exceeded
3,31,29,08-17,+10.0%,+9.23%,0.5461,28,✗ No,budget_exceeded
3,31,30,08-17,+10.0%,+7.46%,0.5373,31,✗ No,budget_exceeded
3,31,31,08-17,+9.7%,+6.68%,0.5334,37,✓ Yes,completed
3,32,28,08-17,+9.4%,+6.69%,0.5334,24,✓ Yes,completed
3,32,29,08-17,+9.2%,+6.67%,0.5333,24,✓ Yes,completed
3,32,30,08-17,+8.9%,+6.54%,0.5327,24,✓ Yes,completed
3,32,31,08-17,+8.7%,+6.44%,0.5322,25,✓ Yes,completed
3,32,32,08-17,+8.4%,+6.33%,0.5316,32,✓ Yes,completed
3,33,28,08-17,+9.0%,+6.52%,0.5326,22,✓ Yes,completed
3,33,29,08-17,+8.8%,+6.45%,0.5323,22,✓ Yes,completed
3,33,30,08-17,+8.5%,+6.38%,0.5319,22,✓ Yes,completed
3,33,31,08-17,+8.4%,+6.35%,0.5318,23,✓ Yes,completed
3,33,32,08-17,+7.2%,+6.51%,0.5325,25,✓ Yes,completed
3,33,33,08-17,+6.7%,+6.23%,0.5311,28,✓ Yes,completed
3,34,28,08-17,+8.4%,+6.31%,0.5315,20,✓ Yes,completed
3,34,29,08-17,+7.3%,+6.52%,0.5326,19,✓ Yes,completed
3,34,30,08-17,+7.0%,+6.41%,0.5320,19,✓ Yes,completed
3,34,31,08-17,+6.9%,+6.32%,0.5316,20,✓ Yes,completed
3,34,32,08-17,+6.8%,+6.31%,0.5315,20,✓ Yes,completed
3,34,33,08-17,+6.5%,+6.19%,0.5309,22,✓ Yes,completed
3,34,34,08-17,+6.3%,+6.09%,0.5304,24,✓ Yes,completed
3,35,28,08-17,+6.9%,+6.28%,0.5314,16,✓ Yes,completed
3,35,29,08-17,+6.8%,+6.27%,0.5313,16,✓ Yes,completed
3,35,30,08-17,+6.8%,+6.27%,0.5313,16,✓ Yes,completed
3,35,31,08-17,+6.6%,+6.22%,0.5311,16,✓ Yes,completed
3,35,32,08-17,+6.5%,+6.20%,0.5310,17,✓ Yes,completed
3,35,33,08-17,+6.5%,+6.20%,0.5310,17,✓ Yes,completed
3,35,33,08-17,+6.1%,+6.02%,0.5301,18,✓ Yes,completed
3,35,34,08-17,+6.0%,+5.96%,0.5298,19,✓ Yes,completed
3,35,35,08-17,+5.6%,+5.73%,0.5287,28,✓ Yes,completed
3,36,28,08-17,+6.0%,+5.94%,0.5297,14,✓ Yes,completed
3,36,29,08-17,+6.0%,+5.94%,0.5297,14,✓ Yes,completed
3,36,30,08-17,+6.0%,+5.94%,0.5297,14,✓ Yes,completed
3,36,31,08-17,+5.9%,+5.92%,0.5296,14,✓ Yes,completed
3,36,32,08-17,+5.8%,+5.89%,0.5295,15,✓ Yes,completed
3,36,33,08-17,+5.8%,+5.89%,0.5294,15,✓ Yes,completed
3,36,33,08-17,+5.5%,+5.76%,0.5288,15,✓ Yes,completed
3,36,34,08-17,+5.4%,+5.69%,0.5284,15,✓ Yes,completed
3,36,35,08-17,+5.0%,+5.42%,0.5271,17,✓ Yes,completed
3,36,36,08-17,+4.8%,+5.21%,0.5260,19,✓ Yes,completed
3,28,28,08-21,+10.0%,+56.55%,0.7827,29,✗ No,budget_exceeded
3,28,28,08-21,+10.0%,+56.55%,0.7827,29,✗ No,budget_exceeded
3,29,28,08-21,+10.0%,+29.83%,0.6492,29,✗ No,budget_exceeded
3,29,29,08-21,+10.0%,+16.93%,0.5846,34,✗ No,budget_exceeded
3,30,28,08-21,+10.0%,+16.85%,0.5842,27,✗ No,budget_exceeded
3,30,30,08-21,+10.0%,+15.70%,0.5785,33,✗ No,budget_exceeded
3,31,28,08-21,+10.0%,+14.27%,0.5713,26,✗ No,budget_exceeded
3,31,29,08-21,+9.8%,+6.31%,0.5315,26,✓ Yes,completed
3,31,30,08-21,+9.6%,+6.24%,0.5312,28,✓ Yes,completed
3,31,31,08-21,+9.3%,+6.04%,0.5302,34,✓ Yes,completed
3,32,28,08-21,+9.1%,+5.92%,0.5296,23,✓ Yes,completed
3,32,29,08-21,+8.8%,+5.83%,0.5291,23,✓ Yes,completed
3,32,30,08-21,+8.6%,+5.71%,0.5285,23,✓ Yes,completed
3,32,31,08-21,+8.4%,+5.60%,0.5280,24,✓ Yes,completed
3,32,32,08-21,+8.1%,+5.42%,0.5271,31,✓ Yes,completed
3,33,28,08-21,+8.6%,+5.66%,0.5283,21,✓ Yes,completed
3,33,29,08-21,+8.5%,+5.61%,0.5280,21,✓ Yes,completed
3,33,30,08-21,+8.2%,+5.51%,0.5275,21,✓ Yes,completed
3,33,31,08-21,+8.0%,+5.41%,0.5270,22,✓ Yes,completed
3,33,32,08-21,+7.9%,+5.34%,0.5267,25,✓ Yes,completed
3,33,33,08-21,+7.4%,+5.04%,0.5252,28,✓ Yes,completed
3,34,28,08-21,+8.0%,+5.36%,0.5268,19,✓ Yes,completed
3,34,29,08-21,+8.0%,+5.34%,0.5267,19,✓ Yes,completed
3,34,30,08-21,+7.7%,+5.25%,0.5263,19,✓ Yes,completed
3,34,31,08-21,+7.5%,+5.16%,0.5258,20,✓ Yes,completed
3,34,32,08-21,+7.5%,+5.14%,0.5257,20,✓ Yes,completed
3,34,33,08-21,+7.1%,+4.87%,0.5243,22,✓ Yes,completed
3,34,34,08-21,+6.9%,+4.69%,0.5235,24,✓ Yes,completed
3,35,28,08-21,+7.6%,+5.13%,0.5257,16,✓ Yes,completed
3,35,29,08-21,+7.5%,+5.11%,0.5256,16,✓ Yes,completed
3,35,30,08-21,+7.5%,+5.11%,0.5256,16,✓ Yes,completed
3,35,31,08-21,+7.3%,+4.99%,0.5249,16,✓ Yes,completed
3,35,32,08-21,+7.2%,+4.91%,0.5245,17,✓ Yes,completed
3,35,33,08-21,+7.2%,+4.90%,0.5245,17,✓ Yes,completed
3,35,33,08-21,+6.7%,+4.61%,0.5231,18,✓ Yes,completed
3,35,34,08-21,+6.6%,+4.50%,0.5225,19,✓ Yes,completed
3,35,35,08-21,+6.2%,+4.15%,0.5208,29,✓ Yes,completed
3,36,28,08-21,+6.7%,+4.53%,0.5226,14,✓ Yes,completed
3,36,29,08-21,+6.7%,+4.52%,0.5226,14,✓ Yes,completed
3,36,30,08-21,+6.7%,+4.52%,0.5226,14,✓ Yes,completed
3,36,31,08-21,+6.6%,+4.48%,0.5224,14,✓ Yes,completed
3,36,32,08-21,+6.5%,+4.41%,0.5221,15,✓ Yes,completed
3,36,33,08-21,+6.5%,+4.40%,0.5220,15,✓ Yes,completed
3,36,33,08-21,+6.2%,+4.22%,0.5211,15,✓ Yes,completed
3,36,34,08-21,+6.0%,+4.12%,0.5206,15,✓ Yes,completed
3,36,35,08-21,+5.6%,+3.88%,0.5194,18,✓ Yes,completed
3,36,36,08-21,+5.3%,+3.64%,0.5182,20,✓ Yes,completed
4,31,28,07-28,+10.0%,+53.23%,0.7662,28,✗ No,budget_exceeded
4,31,29,07-28,+10.0%,+53.23%,0.7662,28,✗ No,budget_exceeded
4,31,29,07-28,+10.0%,+52.82%,0.7641,28,✗ No,budget_exceeded
4,31,30,07-28,+10.0%,+52.82%,0.7641,28,✗ No,budget_exceeded
4,31,30,07-28,+10.0%,+49.54%,0.7477,31,✗ No,budget_exceeded
4,31,30,07-28,+10.0%,+49.54%,0.7477,31,✗ No,budget_exceeded
4,31,31,07-28,+10.0%,+49.54%,0.7477,31,✗ No,budget_exceeded
4,31,31,07-28,+10.0%,+47.27%,0.7364,40,✗ No,budget_exceeded
4,32,28,07-28,+10.0%,+48.88%,0.7444,27,✗ No,budget_exceeded
4,32,29,07-28,+10.0%,+48.88%,0.7444,27,✗ No,budget_exceeded
4,32,29,07-28,+10.0%,+42.38%,0.7119,29,✗ No,budget_exceeded
4,32,30,07-28,+10.0%,+42.38%,0.7119,29,✗ No,budget_exceeded
4,32,30,07-28,+10.0%,+42.38%,0.7119,29,✗ No,budget_exceeded
4,32,30,07-28,+10.0%,+40.57%,0.7029,31,✗ No,budget_exceeded
4,32,31,07-28,+10.0%,+40.57%,0.7029,31,✗ No,budget_exceeded
4,32,31,07-28,+10.0%,+39.73%,0.6987,33,✗ No,budget_exceeded
4,32,32,07-28,+10.0%,+39.73%,0.6987,33,✗ No,budget_exceeded
4,32,32,07-28,+10.0%,+39.73%,0.6987,33,✗ No,budget_exceeded
4,32,32,07-28,+10.0%,+29.10%,0.6455,43,✗ No,budget_exceeded
4,33,28,07-28,+10.0%,+41.83%,0.7091,27,✗ No,budget_exceeded
4,33,29,07-28,+10.0%,+41.83%,0.7091,27,✗ No,budget_exceeded
4,33,29,07-28,+10.0%,+40.36%,0.7018,28,✗ No,budget_exceeded
4,33,29,07-28,+10.0%,+40.36%,0.7018,28,✗ No,budget_exceeded
4,33,30,07-28,+10.0%,+40.36%,0.7018,28,✗ No,budget_exceeded
4,33,30,07-28,+10.0%,+38.50%,0.6925,29,✗ No,budget_exceeded
4,33,31,07-28,+10.0%,+38.50%,0.6925,29,✗ No,budget_exceeded
4,33,31,07-28,+10.0%,+38.50%,0.6925,29,✗ No,budget_exceeded
4,33,31,07-28,+10.0%,+18.61%,0.5930,32,✗ No,budget_exceeded
4,33,32,07-28,+10.0%,+18.61%,0.5930,32,✗ No,budget_exceeded
4,33,32,07-28,+9.8%,+8.42%,0.5421,36,✓ Yes,completed
4,33,33,07-28,+9.8%,+8.42%,0.5421,36,✓ Yes,completed
4,33,33,07-28,+9.8%,+8.42%,0.5421,36,✓ Yes,completed
4,33,33,07-28,+9.1%,+8.14%,0.5407,43,✓ Yes,completed
4,34,28,07-28,+10.0%,+29.23%,0.6462,27,✗ No,budget_exceeded
4,34,29,07-28,+10.0%,+29.23%,0.6462,27,✗ No,budget_exceeded
4,34,29,07-28,+9.9%,+8.39%,0.5419,27,✓ Yes,completed
4,34,30,07-28,+9.9%,+8.39%,0.5419,27,✓ Yes,completed
4,34,30,07-28,+9.9%,+8.39%,0.5419,27,✓ Yes,completed
4,34,30,07-28,+9.5%,+8.34%,0.5417,27,✓ Yes,completed
4,34,31,07-28,+9.5%,+8.34%,0.5417,27,✓ Yes,completed
4,34,31,07-28,+9.2%,+8.22%,0.5411,28,✓ Yes,completed
4,34,32,07-28,+9.2%,+8.22%,0.5411,28,✓ Yes,completed
4,34,32,07-28,+9.2%,+8.22%,0.5411,28,✓ Yes,completed
4,34,32,07-28,+9.0%,+8.12%,0.5406,28,✓ Yes,completed
4,34,33,07-28,+9.0%,+8.12%,0.5406,28,✓ Yes,completed
4,34,33,07-28,+8.5%,+7.73%,0.5386,31,✓ Yes,completed
4,34,34,07-28,+8.5%,+7.73%,0.5386,31,✓ Yes,completed
4,34,34,07-28,+8.5%,+7.73%,0.5386,31,✓ Yes,completed
4,34,34,07-28,+8.2%,+7.54%,0.5377,36,✓ Yes,completed
4,31,28,07-31,+10.0%,+57.69%,0.7885,28,✗ No,budget_exceeded
4,31,29,07-31,+10.0%,+57.69%,0.7885,28,✗ No,budget_exceeded
4,31,29,07-31,+10.0%,+57.29%,0.7864,28,✗ No,budget_exceeded
4,31,30,07-31,+10.0%,+57.29%,0.7864,28,✗ No,budget_exceeded
4,31,30,07-31,+10.0%,+54.03%,0.7702,31,✗ No,budget_exceeded
4,31,30,07-31,+10.0%,+54.03%,0.7702,31,✗ No,budget_exceeded
4,31,31,07-31,+10.0%,+54.03%,0.7702,31,✗ No,budget_exceeded
4,31,31,07-31,+10.0%,+51.78%,0.7589,40,✗ No,budget_exceeded
4,32,28,07-31,+10.0%,+53.37%,0.7668,27,✗ No,budget_exceeded
4,32,29,07-31,+10.0%,+53.37%,0.7668,27,✗ No,budget_exceeded
4,32,29,07-31,+10.0%,+46.92%,0.7346,29,✗ No,budget_exceeded
4,32,30,07-31,+10.0%,+46.92%,0.7346,29,✗ No,budget_exceeded
4,32,30,07-31,+10.0%,+46.92%,0.7346,29,✗ No,budget_exceeded
4,32,30,07-31,+10.0%,+45.12%,0.7256,31,✗ No,budget_exceeded
4,32,31,07-31,+10.0%,+45.12%,0.7256,31,✗ No,budget_exceeded
4,32,31,07-31,+10.0%,+44.28%,0.7214,33,✗ No,budget_exceeded
4,32,32,07-31,+10.0%,+44.28%,0.7214,33,✗ No,budget_exceeded
4,32,32,07-31,+10.0%,+44.28%,0.7214,33,✗ No,budget_exceeded
4,32,32,07-31,+10.0%,+33.72%,0.6686,43,✗ No,budget_exceeded
4,33,28,07-31,+10.0%,+46.36%,0.7318,27,✗ No,budget_exceeded
4,33,29,07-31,+10.0%,+46.36%,0.7318,27,✗ No,budget_exceeded
4,33,29,07-31,+10.0%,+44.90%,0.7245,28,✗ No,budget_exceeded
4,33,29,07-31,+10.0%,+44.90%,0.7245,28,✗ No,budget_exceeded
4,33,30,07-31,+10.0%,+44.90%,0.7245,28,✗ No,budget_exceeded
4,33,30,07-31,+10.0%,+43.05%,0.7153,29,✗ No,budget_exceeded
4,33,31,07-31,+10.0%,+43.05%,0.7153,29,✗ No,budget_exceeded
4,33,31,07-31,+10.0%,+43.05%,0.7153,29,✗ No,budget_exceeded
4,33,31,07-31,+10.0%,+23.29%,0.6165,32,✗ No,budget_exceeded
4,33,32,07-31,+10.0%,+23.29%,0.6165,32,✗ No,budget_exceeded
4,33,32,07-31,+9.8%,+8.31%,0.5415,36,✓ Yes,completed
4,33,33,07-31,+9.8%,+8.31%,0.5415,36,✓ Yes,completed
4,33,33,07-31,+9.8%,+8.31%,0.5415,36,✓ Yes,completed
4,33,33,07-31,+9.1%,+7.87%,0.5394,43,✓ Yes,completed
4,34,28,07-31,+10.0%,+33.85%,0.6693,27,✗ No,budget_exceeded
4,34,29,07-31,+10.0%,+33.85%,0.6693,27,✗ No,budget_exceeded
4,34,29,07-31,+9.9%,+8.35%,0.5418,27,✓ Yes,completed
4,34,30,07-31,+9.9%,+8.35%,0.5418,27,✓ Yes,completed
4,34,30,07-31,+9.9%,+8.35%,0.5418,27,✓ Yes,completed
4,34,30,07-31,+9.5%,+8.19%,0.5410,27,✓ Yes,completed
4,34,31,07-31,+9.5%,+8.19%,0.5410,27,✓ Yes,completed
4,34,31,07-31,+9.2%,+7.96%,0.5398,28,✓ Yes,completed
4,34,32,07-31,+9.2%,+7.96%,0.5398,28,✓ Yes,completed
4,34,32,07-31,+9.2%,+7.96%,0.5398,28,✓ Yes,completed
4,34,32,07-31,+9.0%,+7.85%,0.5392,28,✓ Yes,completed
4,34,33,07-31,+9.0%,+7.85%,0.5392,28,✓ Yes,completed
4,34,33,07-31,+8.5%,+7.47%,0.5373,31,✓ Yes,completed
4,34,34,07-31,+8.5%,+7.47%,0.5373,31,✓ Yes,completed
4,34,34,07-31,+8.5%,+7.47%,0.5373,31,✓ Yes,completed
4,34,34,07-31,+8.2%,+7.19%,0.5359,36,✓ Yes,completed
4,31,28,08-03,+10.0%,+61.84%,0.8092,27,✗ No,budget_exceeded
4,31,29,08-03,+10.0%,+61.84%,0.8092,27,✗ No,budget_exceeded
4,31,29,08-03,+10.0%,+61.44%,0.8072,27,✗ No,budget_exceeded
4,31,30,08-03,+10.0%,+61.44%,0.8072,27,✗ No,budget_exceeded
4,31,30,08-03,+10.0%,+58.23%,0.7911,30,✗ No,budget_exceeded
4,31,30,08-03,+10.0%,+58.23%,0.7911,30,✗ No,budget_exceeded
4,31,31,08-03,+10.0%,+58.23%,0.7911,30,✗ No,budget_exceeded
4,31,31,08-03,+10.0%,+51.27%,0.7564,40,✗ No,budget_exceeded
4,32,28,08-03,+10.0%,+56.28%,0.7814,27,✗ No,budget_exceeded
4,32,29,08-03,+10.0%,+56.28%,0.7814,27,✗ No,budget_exceeded
4,32,29,08-03,+10.0%,+51.17%,0.7558,28,✗ No,budget_exceeded
4,32,30,08-03,+10.0%,+51.17%,0.7558,28,✗ No,budget_exceeded
4,32,30,08-03,+10.0%,+51.17%,0.7558,28,✗ No,budget_exceeded
4,32,30,08-03,+10.0%,+49.38%,0.7469,30,✗ No,budget_exceeded
4,32,31,08-03,+10.0%,+49.38%,0.7469,30,✗ No,budget_exceeded
4,32,31,08-03,+10.0%,+38.83%,0.6942,34,✗ No,budget_exceeded
4,32,32,08-03,+10.0%,+38.83%,0.6942,34,✗ No,budget_exceeded
4,32,32,08-03,+10.0%,+38.83%,0.6942,34,✗ No,budget_exceeded
4,32,32,08-03,+10.0%,+26.39%,0.6319,44,✗ No,budget_exceeded
4,33,28,08-03,+10.0%,+49.57%,0.7478,27,✗ No,budget_exceeded
4,33,29,08-03,+10.0%,+49.57%,0.7478,27,✗ No,budget_exceeded
4,33,29,08-03,+10.0%,+49.17%,0.7459,27,✗ No,budget_exceeded
4,33,29,08-03,+10.0%,+49.17%,0.7459,27,✗ No,budget_exceeded
4,33,30,08-03,+10.0%,+49.17%,0.7459,27,✗ No,budget_exceeded
4,33,30,08-03,+10.0%,+38.59%,0.6929,29,✗ No,budget_exceeded
4,33,31,08-03,+10.0%,+38.59%,0.6929,29,✗ No,budget_exceeded
4,33,31,08-03,+10.0%,+38.59%,0.6929,29,✗ No,budget_exceeded
4,33,31,08-03,+9.8%,+8.73%,0.5437,31,✓ Yes,completed
4,33,32,08-03,+9.8%,+8.73%,0.5437,31,✓ Yes,completed
4,33,32,08-03,+9.6%,+8.66%,0.5433,35,✓ Yes,completed
4,33,33,08-03,+9.6%,+8.66%,0.5433,35,✓ Yes,completed
4,33,33,08-03,+9.6%,+8.66%,0.5433,35,✓ Yes,completed
4,33,33,08-03,+8.9%,+8.21%,0.5411,42,✓ Yes,completed
4,34,28,08-03,+9.9%,+8.70%,0.5435,26,✓ Yes,completed
4,34,29,08-03,+9.9%,+8.70%,0.5435,26,✓ Yes,completed
4,34,29,08-03,+9.7%,+8.65%,0.5433,26,✓ Yes,completed
4,34,30,08-03,+9.7%,+8.65%,0.5433,26,✓ Yes,completed
4,34,30,08-03,+9.7%,+8.65%,0.5433,26,✓ Yes,completed
4,34,30,08-03,+9.3%,+8.52%,0.5426,26,✓ Yes,completed
4,34,31,08-03,+9.3%,+8.52%,0.5426,26,✓ Yes,completed
4,34,31,08-03,+8.9%,+8.25%,0.5412,27,✓ Yes,completed
4,34,32,08-03,+8.9%,+8.25%,0.5412,27,✓ Yes,completed
4,34,32,08-03,+8.9%,+8.25%,0.5412,27,✓ Yes,completed
4,34,32,08-03,+8.8%,+8.19%,0.5409,27,✓ Yes,completed
4,34,33,08-03,+8.8%,+8.19%,0.5409,27,✓ Yes,completed
4,34,33,08-03,+8.3%,+7.82%,0.5391,30,✓ Yes,completed
4,34,34,08-03,+8.3%,+7.82%,0.5391,30,✓ Yes,completed
4,34,34,08-03,+8.3%,+7.82%,0.5391,30,✓ Yes,completed
4,34,34,08-03,+8.0%,+7.63%,0.5382,35,✓ Yes,completed
4,31,28,08-06,+10.0%,+63.07%,0.8154,26,✗ No,budget_exceeded
4,31,29,08-06,+10.0%,+63.07%,0.8154,26,✗ No,budget_exceeded
4,31,29,08-06,+10.0%,+62.69%,0.8134,26,✗ No,budget_exceeded
4,31,30,08-06,+10.0%,+62.69%,0.8134,26,✗ No,budget_exceeded
4,31,30,08-06,+10.0%,+55.98%,0.7799,31,✗ No,budget_exceeded
4,31,30,08-06,+10.0%,+55.98%,0.7799,31,✗ No,budget_exceeded
4,31,31,08-06,+10.0%,+55.98%,0.7799,31,✗ No,budget_exceeded
4,31,31,08-06,+10.0%,+54.26%,0.7713,39,✗ No,budget_exceeded
4,32,28,08-06,+10.0%,+55.72%,0.7786,27,✗ No,budget_exceeded
4,32,29,08-06,+10.0%,+55.72%,0.7786,27,✗ No,budget_exceeded
4,32,29,08-06,+10.0%,+54.16%,0.7708,28,✗ No,budget_exceeded
4,32,30,08-06,+10.0%,+54.16%,0.7708,28,✗ No,budget_exceeded
4,32,30,08-06,+10.0%,+54.16%,0.7708,28,✗ No,budget_exceeded
4,32,30,08-06,+10.0%,+52.45%,0.7623,30,✗ No,budget_exceeded
4,32,31,08-06,+10.0%,+52.45%,0.7623,30,✗ No,budget_exceeded
4,32,31,08-06,+10.0%,+32.75%,0.6638,34,✗ No,budget_exceeded
4,32,32,08-06,+10.0%,+32.75%,0.6638,34,✗ No,budget_exceeded
4,32,32,08-06,+10.0%,+32.75%,0.6638,34,✗ No,budget_exceeded
4,32,32,08-06,+9.7%,+8.84%,0.5442,43,✓ Yes,completed
4,33,28,08-06,+10.0%,+53.61%,0.7680,26,✗ No,budget_exceeded
4,33,29,08-06,+10.0%,+53.61%,0.7680,26,✗ No,budget_exceeded
4,33,29,08-06,+10.0%,+43.35%,0.7168,28,✗ No,budget_exceeded
4,33,29,08-06,+10.0%,+43.35%,0.7168,28,✗ No,budget_exceeded
4,33,30,08-06,+10.0%,+43.35%,0.7168,28,✗ No,budget_exceeded
4,33,30,08-06,+9.8%,+8.92%,0.5446,29,✓ Yes,completed
4,33,31,08-06,+9.8%,+8.92%,0.5446,29,✓ Yes,completed
4,33,31,08-06,+9.8%,+8.92%,0.5446,29,✓ Yes,completed
4,33,31,08-06,+9.5%,+8.71%,0.5436,30,✓ Yes,completed
4,33,32,08-06,+9.5%,+8.71%,0.5436,30,✓ Yes,completed
4,33,32,08-06,+9.3%,+8.57%,0.5429,34,✓ Yes,completed
4,33,33,08-06,+9.3%,+8.57%,0.5429,34,✓ Yes,completed
4,33,33,08-06,+9.3%,+8.57%,0.5429,34,✓ Yes,completed
4,33,33,08-06,+8.6%,+8.00%,0.5400,41,✓ Yes,completed
4,34,28,08-06,+9.5%,+8.66%,0.5433,25,✓ Yes,completed
4,34,29,08-06,+9.5%,+8.66%,0.5433,25,✓ Yes,completed
4,34,29,08-06,+9.3%,+8.55%,0.5428,25,✓ Yes,completed
4,34,30,08-06,+9.3%,+8.55%,0.5428,25,✓ Yes,completed
4,34,30,08-06,+9.3%,+8.55%,0.5428,25,✓ Yes,completed
4,34,30,08-06,+8.9%,+8.27%,0.5414,25,✓ Yes,completed
4,34,31,08-06,+8.9%,+8.27%,0.5414,25,✓ Yes,completed
4,34,31,08-06,+8.6%,+8.04%,0.5402,26,✓ Yes,completed
4,34,32,08-06,+8.6%,+8.04%,0.5402,26,✓ Yes,completed
4,34,32,08-06,+8.6%,+8.04%,0.5402,26,✓ Yes,completed
4,34,32,08-06,+8.5%,+7.97%,0.5399,26,✓ Yes,completed
4,34,33,08-06,+8.5%,+7.97%,0.5399,26,✓ Yes,completed
4,34,33,08-06,+8.0%,+7.54%,0.5377,29,✓ Yes,completed
4,34,34,08-06,+8.0%,+7.54%,0.5377,29,✓ Yes,completed
4,34,34,08-06,+8.0%,+7.54%,0.5377,29,✓ Yes,completed
4,34,34,08-06,+7.7%,+7.32%,0.5366,34,✓ Yes,completed
4,31,28,08-09,+10.0%,+67.12%,0.8356,24,✗ No,budget_exceeded
4,31,29,08-09,+10.0%,+67.12%,0.8356,24,✗ No,budget_exceeded
4,31,29,08-09,+10.0%,+60.72%,0.8036,26,✗ No,budget_exceeded
4,31,30,08-09,+10.0%,+60.72%,0.8036,26,✗ No,budget_exceeded
4,31,30,08-09,+10.0%,+58.96%,0.7948,30,✗ No,budget_exceeded
4,31,30,08-09,+10.0%,+58.96%,0.7948,30,✗ No,budget_exceeded
4,31,31,08-09,+10.0%,+58.96%,0.7948,30,✗ No,budget_exceeded
4,31,31,08-09,+10.0%,+58.30%,0.7915,37,✗ No,budget_exceeded
4,32,28,08-09,+10.0%,+58.70%,0.7935,26,✗ No,budget_exceeded
4,32,29,08-09,+10.0%,+58.70%,0.7935,26,✗ No,budget_exceeded
4,32,29,08-09,+10.0%,+57.21%,0.7861,27,✗ No,budget_exceeded
4,32,30,08-09,+10.0%,+57.21%,0.7861,27,✗ No,budget_exceeded
4,32,30,08-09,+10.0%,+57.21%,0.7861,27,✗ No,budget_exceeded
4,32,30,08-09,+10.0%,+37.49%,0.6874,30,✗ No,budget_exceeded
4,32,31,08-09,+10.0%,+37.49%,0.6874,30,✗ No,budget_exceeded
4,32,31,08-09,+10.0%,+9.91%,0.5495,35,✗ No,budget_exceeded
4,32,32,08-09,+10.0%,+9.91%,0.5495,35,✗ No,budget_exceeded
4,32,32,08-09,+10.0%,+9.91%,0.5495,35,✗ No,budget_exceeded
4,32,32,08-09,+9.7%,+8.33%,0.5417,43,✓ Yes,completed
4,33,28,08-09,+10.0%,+47.79%,0.7389,26,✗ No,budget_exceeded
4,33,29,08-09,+10.0%,+47.79%,0.7389,26,✗ No,budget_exceeded
4,33,29,08-09,+10.0%,+10.19%,0.5510,29,✗ No,budget_exceeded
4,33,29,08-09,+10.0%,+10.19%,0.5510,29,✗ No,budget_exceeded
4,33,30,08-09,+10.0%,+10.19%,0.5510,29,✗ No,budget_exceeded
4,33,30,08-09,+9.8%,+8.44%,0.5422,29,✓ Yes,completed
4,33,31,08-09,+9.8%,+8.44%,0.5422,29,✓ Yes,completed
4,33,31,08-09,+9.8%,+8.44%,0.5422,29,✓ Yes,completed
4,33,31,08-09,+9.5%,+8.24%,0.5412,30,✓ Yes,completed
4,33,32,08-09,+9.5%,+8.24%,0.5412,30,✓ Yes,completed
4,33,32,08-09,+9.3%,+8.10%,0.5405,34,✓ Yes,completed
4,33,33,08-09,+9.3%,+8.10%,0.5405,34,✓ Yes,completed
4,33,33,08-09,+9.3%,+8.10%,0.5405,34,✓ Yes,completed
4,33,33,08-09,+8.7%,+7.61%,0.5380,40,✓ Yes,completed
4,34,28,08-09,+9.7%,+8.31%,0.5415,26,✓ Yes,completed
4,34,29,08-09,+9.7%,+8.31%,0.5415,26,✓ Yes,completed
4,34,29,08-09,+9.5%,+8.19%,0.5410,26,✓ Yes,completed
4,34,30,08-09,+9.5%,+8.19%,0.5410,26,✓ Yes,completed
4,34,30,08-09,+9.5%,+8.19%,0.5410,26,✓ Yes,completed
4,34,30,08-09,+9.1%,+7.95%,0.5398,26,✓ Yes,completed
4,34,31,08-09,+9.1%,+7.95%,0.5398,26,✓ Yes,completed
4,34,31,08-09,+8.8%,+7.72%,0.5386,27,✓ Yes,completed
4,34,32,08-09,+8.8%,+7.72%,0.5386,27,✓ Yes,completed
4,34,32,08-09,+8.8%,+7.72%,0.5386,27,✓ Yes,completed
4,34,32,08-09,+8.7%,+7.65%,0.5383,27,✓ Yes,completed
4,34,33,08-09,+8.7%,+7.65%,0.5383,27,✓ Yes,completed
4,34,33,08-09,+7.9%,+7.57%,0.5378,28,✓ Yes,completed
4,34,34,08-09,+7.9%,+7.57%,0.5378,28,✓ Yes,completed
4,34,34,08-09,+7.9%,+7.57%,0.5378,28,✓ Yes,completed
4,34,34,08-09,+7.5%,+7.47%,0.5374,32,✓ Yes,completed
4,31,28,08-12,+10.0%,+62.95%,0.8147,24,✗ No,budget_exceeded
4,31,29,08-12,+10.0%,+62.95%,0.8147,24,✗ No,budget_exceeded
4,31,29,08-12,+10.0%,+52.74%,0.7637,27,✗ No,budget_exceeded
4,31,30,08-12,+10.0%,+52.74%,0.7637,27,✗ No,budget_exceeded
4,31,30,08-12,+10.0%,+41.97%,0.7098,32,✗ No,budget_exceeded
4,31,30,08-12,+10.0%,+41.97%,0.7098,32,✗ No,budget_exceeded
4,31,31,08-12,+10.0%,+41.97%,0.7098,32,✗ No,budget_exceeded
4,31,31,08-12,+10.0%,+15.09%,0.5755,43,✗ No,budget_exceeded
4,32,28,08-12,+10.0%,+14.99%,0.5749,28,✗ No,budget_exceeded
4,32,29,08-12,+10.0%,+14.99%,0.5749,28,✗ No,budget_exceeded
4,32,29,08-12,+10.0%,+8.06%,0.5403,29,✓ Yes,completed
4,32,30,08-12,+10.0%,+8.06%,0.5403,29,✓ Yes,completed
4,32,30,08-12,+10.0%,+8.06%,0.5403,29,✓ Yes,completed
4,32,30,08-12,+9.5%,+7.82%,0.5391,30,✓ Yes,completed
4,32,31,08-12,+9.5%,+7.82%,0.5391,30,✓ Yes,completed
4,32,31,08-12,+9.1%,+7.56%,0.5378,32,✓ Yes,completed
4,32,32,08-12,+9.1%,+7.56%,0.5378,32,✓ Yes,completed
4,32,32,08-12,+9.1%,+7.56%,0.5378,32,✓ Yes,completed
4,32,32,08-12,+8.8%,+7.27%,0.5364,39,✓ Yes,completed
4,33,28,08-12,+9.6%,+7.81%,0.5391,26,✓ Yes,completed
4,33,29,08-12,+9.6%,+7.81%,0.5391,26,✓ Yes,completed
4,33,29,08-12,+9.2%,+7.63%,0.5381,26,✓ Yes,completed
4,33,29,08-12,+9.2%,+7.63%,0.5381,26,✓ Yes,completed
4,33,30,08-12,+9.2%,+7.63%,0.5381,26,✓ Yes,completed
4,33,30,08-12,+8.8%,+7.31%,0.5366,26,✓ Yes,completed
4,33,31,08-12,+8.8%,+7.31%,0.5366,26,✓ Yes,completed
4,33,31,08-12,+8.8%,+7.31%,0.5366,26,✓ Yes,completed
4,33,31,08-12,+8.5%,+7.14%,0.5357,27,✓ Yes,completed
4,33,32,08-12,+8.5%,+7.14%,0.5357,27,✓ Yes,completed
4,33,32,08-12,+8.4%,+7.04%,0.5352,30,✓ Yes,completed
4,33,33,08-12,+8.4%,+7.04%,0.5352,30,✓ Yes,completed
4,33,33,08-12,+8.4%,+7.04%,0.5352,30,✓ Yes,completed
4,33,33,08-12,+7.8%,+6.61%,0.5330,35,✓ Yes,completed
4,34,28,08-12,+8.7%,+7.17%,0.5359,23,✓ Yes,completed
4,34,29,08-12,+8.7%,+7.17%,0.5359,23,✓ Yes,completed
4,34,29,08-12,+8.4%,+7.05%,0.5352,23,✓ Yes,completed
4,34,30,08-12,+8.4%,+7.05%,0.5352,23,✓ Yes,completed
4,34,30,08-12,+8.4%,+7.05%,0.5352,23,✓ Yes,completed
4,34,30,08-12,+8.0%,+6.80%,0.5340,23,✓ Yes,completed
4,34,31,08-12,+8.0%,+6.80%,0.5340,23,✓ Yes,completed
4,34,31,08-12,+7.8%,+6.64%,0.5332,24,✓ Yes,completed
4,34,32,08-12,+7.8%,+6.64%,0.5332,24,✓ Yes,completed
4,34,32,08-12,+7.8%,+6.64%,0.5332,24,✓ Yes,completed
4,34,32,08-12,+7.8%,+6.63%,0.5331,24,✓ Yes,completed
4,34,33,08-12,+7.8%,+6.63%,0.5331,24,✓ Yes,completed
4,34,33,08-12,+7.4%,+6.35%,0.5318,26,✓ Yes,completed
4,34,34,08-12,+7.4%,+6.35%,0.5318,26,✓ Yes,completed
4,34,34,08-12,+7.4%,+6.35%,0.5318,26,✓ Yes,completed
4,34,34,08-12,+7.1%,+6.09%,0.5304,31,✓ Yes,completed
4,31,28,08-13,+10.0%,+54.42%,0.7721,26,✗ No,budget_exceeded
4,31,29,08-13,+10.0%,+54.42%,0.7721,26,✗ No,budget_exceeded
4,31,29,08-13,+10.0%,+45.26%,0.7263,27,✗ No,budget_exceeded
4,31,30,08-13,+10.0%,+45.26%,0.7263,27,✗ No,budget_exceeded
4,31,30,08-13,+10.0%,+33.64%,0.6682,33,✗ No,budget_exceeded
4,31,30,08-13,+10.0%,+33.64%,0.6682,33,✗ No,budget_exceeded
4,31,31,08-13,+10.0%,+33.64%,0.6682,33,✗ No,budget_exceeded
4,31,31,08-13,+10.0%,+15.64%,0.5782,43,✗ No,budget_exceeded
4,32,28,08-13,+10.0%,+8.14%,0.5407,28,✓ Yes,completed
4,32,29,08-13,+10.0%,+8.14%,0.5407,28,✓ Yes,completed
4,32,29,08-13,+9.6%,+8.00%,0.5400,28,✓ Yes,completed
4,32,30,08-13,+9.6%,+8.00%,0.5400,28,✓ Yes,completed
4,32,30,08-13,+9.6%,+8.00%,0.5400,28,✓ Yes,completed
4,32,30,08-13,+9.1%,+7.74%,0.5387,29,✓ Yes,completed
4,32,31,08-13,+9.1%,+7.74%,0.5387,29,✓ Yes,completed
4,32,31,08-13,+8.9%,+7.57%,0.5378,30,✓ Yes,completed
4,32,32,08-13,+8.9%,+7.57%,0.5378,30,✓ Yes,completed
4,32,32,08-13,+8.9%,+7.57%,0.5378,30,✓ Yes,completed
4,32,32,08-13,+8.6%,+7.33%,0.5367,37,✓ Yes,completed
4,33,28,08-13,+9.4%,+7.86%,0.5393,25,✓ Yes,completed
4,33,29,08-13,+9.4%,+7.86%,0.5393,25,✓ Yes,completed
4,33,29,08-13,+9.1%,+7.69%,0.5385,25,✓ Yes,completed
4,33,29,08-13,+9.1%,+7.69%,0.5385,25,✓ Yes,completed
4,33,30,08-13,+9.1%,+7.69%,0.5385,25,✓ Yes,completed
4,33,30,08-13,+8.6%,+7.38%,0.5369,25,✓ Yes,completed
4,33,31,08-13,+8.6%,+7.38%,0.5369,25,✓ Yes,completed
4,33,31,08-13,+8.6%,+7.38%,0.5369,25,✓ Yes,completed
4,33,31,08-13,+8.4%,+7.21%,0.5361,26,✓ Yes,completed
4,33,32,08-13,+8.4%,+7.21%,0.5361,26,✓ Yes,completed
4,33,32,08-13,+8.2%,+7.11%,0.5355,29,✓ Yes,completed
4,33,33,08-13,+8.2%,+7.11%,0.5355,29,✓ Yes,completed
4,33,33,08-13,+8.2%,+7.11%,0.5355,29,✓ Yes,completed
4,33,33,08-13,+7.6%,+6.72%,0.5336,34,✓ Yes,completed
4,34,28,08-13,+8.4%,+7.20%,0.5360,22,✓ Yes,completed
4,34,29,08-13,+8.4%,+7.20%,0.5360,22,✓ Yes,completed
4,34,29,08-13,+8.3%,+7.12%,0.5356,22,✓ Yes,completed
4,34,30,08-13,+8.3%,+7.12%,0.5356,22,✓ Yes,completed
4,34,30,08-13,+8.3%,+7.12%,0.5356,22,✓ Yes,completed
4,34,30,08-13,+7.9%,+6.88%,0.5344,22,✓ Yes,completed
4,34,31,08-13,+7.9%,+6.88%,0.5344,22,✓ Yes,completed
4,34,31,08-13,+7.6%,+6.75%,0.5337,23,✓ Yes,completed
4,34,32,08-13,+7.6%,+6.75%,0.5337,23,✓ Yes,completed
4,34,32,08-13,+7.6%,+6.75%,0.5337,23,✓ Yes,completed
4,34,32,08-13,+7.6%,+6.73%,0.5337,23,✓ Yes,completed
4,34,33,08-13,+7.6%,+6.73%,0.5337,23,✓ Yes,completed
4,34,33,08-13,+7.2%,+6.44%,0.5322,25,✓ Yes,completed
4,34,34,08-13,+7.2%,+6.44%,0.5322,25,✓ Yes,completed
4,34,34,08-13,+7.2%,+6.44%,0.5322,25,✓ Yes,completed
4,34,34,08-13,+7.0%,+6.21%,0.5311,29,✓ Yes,completed
5,32,30,08-02,+10.0%,+48.10%,0.7405,31,✗ No,budget_exceeded
5,32,30,08-02,+10.0%,+48.10%,0.7405,31,✗ No,budget_exceeded
5,32,31,08-02,+10.0%,+48.10%,0.7405,31,✗ No,budget_exceeded
5,32,31,08-02,+10.0%,+47.28%,0.7364,33,✗ No,budget_exceeded
5,32,31,08-02,+10.0%,+47.28%,0.7364,33,✗ No,budget_exceeded
5,32,32,08-02,+10.0%,+47.28%,0.7364,33,✗ No,budget_exceeded
5,32,32,08-02,+10.0%,+36.79%,0.6839,43,✗ No,budget_exceeded
5,32,32,08-02,+10.0%,+36.79%,0.6839,43,✗ No,budget_exceeded
5,33,30,08-02,+10.0%,+46.06%,0.7303,29,✗ No,budget_exceeded
5,33,30,08-02,+10.0%,+46.06%,0.7303,29,✗ No,budget_exceeded
5,33,31,08-02,+10.0%,+46.06%,0.7303,29,✗ No,budget_exceeded
5,33,31,08-02,+10.0%,+26.44%,0.6322,32,✗ No,budget_exceeded
5,33,31,08-02,+10.0%,+26.44%,0.6322,32,✗ No,budget_exceeded
5,33,32,08-02,+10.0%,+26.44%,0.6322,32,✗ No,budget_exceeded
5,33,32,08-02,+9.8%,+8.61%,0.5431,36,✓ Yes,completed
5,33,32,08-02,+9.8%,+8.61%,0.5431,36,✓ Yes,completed
5,33,33,08-02,+9.8%,+8.61%,0.5431,36,✓ Yes,completed
5,33,33,08-02,+9.1%,+8.17%,0.5409,43,✓ Yes,completed
5,33,33,08-02,+9.1%,+8.17%,0.5409,43,✓ Yes,completed
5,32,30,08-03,+10.0%,+49.38%,0.7469,30,✗ No,budget_exceeded
5,32,30,08-03,+10.0%,+49.38%,0.7469,30,✗ No,budget_exceeded
5,32,31,08-03,+10.0%,+49.38%,0.7469,30,✗ No,budget_exceeded
5,32,31,08-03,+10.0%,+38.83%,0.6942,34,✗ No,budget_exceeded
5,32,31,08-03,+10.0%,+38.83%,0.6942,34,✗ No,budget_exceeded
5,32,32,08-03,+10.0%,+38.83%,0.6942,34,✗ No,budget_exceeded
5,32,32,08-03,+10.0%,+26.39%,0.6319,44,✗ No,budget_exceeded
5,32,32,08-03,+10.0%,+26.39%,0.6319,44,✗ No,budget_exceeded
5,33,30,08-03,+10.0%,+38.59%,0.6929,29,✗ No,budget_exceeded
5,33,30,08-03,+10.0%,+38.59%,0.6929,29,✗ No,budget_exceeded
5,33,31,08-03,+10.0%,+38.59%,0.6929,29,✗ No,budget_exceeded
5,33,31,08-03,+9.8%,+8.73%,0.5437,31,✓ Yes,completed
5,33,31,08-03,+9.8%,+8.73%,0.5437,31,✓ Yes,completed
5,33,32,08-03,+9.8%,+8.73%,0.5437,31,✓ Yes,completed
5,33,32,08-03,+9.6%,+8.66%,0.5433,35,✓ Yes,completed
5,33,32,08-03,+9.6%,+8.66%,0.5433,35,✓ Yes,completed
5,33,33,08-03,+9.6%,+8.66%,0.5433,35,✓ Yes,completed
5,33,33,08-03,+8.9%,+8.21%,0.5411,42,✓ Yes,completed
5,33,33,08-03,+8.9%,+8.21%,0.5411,42,✓ Yes,completed
5,32,30,08-04,+10.0%,+49.44%,0.7472,30,✗ No,budget_exceeded
5,32,30,08-04,+10.0%,+49.44%,0.7472,30,✗ No,budget_exceeded
5,32,31,08-04,+10.0%,+49.44%,0.7472,30,✗ No,budget_exceeded
5,32,31,08-04,+10.0%,+29.72%,0.6486,34,✗ No,budget_exceeded
5,32,31,08-04,+10.0%,+29.72%,0.6486,34,✗ No,budget_exceeded
5,32,32,08-04,+10.0%,+29.72%,0.6486,34,✗ No,budget_exceeded
5,32,32,08-04,+9.7%,+8.61%,0.5431,43,✓ Yes,completed
5,32,32,08-04,+9.7%,+8.61%,0.5431,43,✓ Yes,completed
5,33,30,08-04,+9.8%,+8.68%,0.5434,29,✓ Yes,completed
5,33,30,08-04,+9.8%,+8.68%,0.5434,29,✓ Yes,completed
5,33,31,08-04,+9.8%,+8.68%,0.5434,29,✓ Yes,completed
5,33,31,08-04,+9.5%,+8.54%,0.5427,30,✓ Yes,completed
5,33,31,08-04,+9.5%,+8.54%,0.5427,30,✓ Yes,completed
5,33,32,08-04,+9.5%,+8.54%,0.5427,30,✓ Yes,completed
5,33,32,08-04,+9.3%,+8.42%,0.5421,34,✓ Yes,completed
5,33,32,08-04,+9.3%,+8.42%,0.5421,34,✓ Yes,completed
5,33,33,08-04,+9.3%,+8.42%,0.5421,34,✓ Yes,completed
5,33,33,08-04,+8.6%,+7.88%,0.5394,41,✓ Yes,completed
5,33,33,08-04,+8.6%,+7.88%,0.5394,41,✓ Yes,completed
5,32,30,08-05,+10.0%,+50.92%,0.7546,30,✗ No,budget_exceeded
5,32,30,08-05,+10.0%,+50.92%,0.7546,30,✗ No,budget_exceeded
5,32,31,08-05,+10.0%,+50.92%,0.7546,30,✗ No,budget_exceeded
5,32,31,08-05,+10.0%,+31.23%,0.6561,34,✗ No,budget_exceeded
5,32,31,08-05,+10.0%,+31.23%,0.6561,34,✗ No,budget_exceeded
5,32,32,08-05,+10.0%,+31.23%,0.6561,34,✗ No,budget_exceeded
5,32,32,08-05,+9.7%,+8.63%,0.5431,43,✓ Yes,completed
5,32,32,08-05,+9.7%,+8.63%,0.5431,43,✓ Yes,completed
5,33,30,08-05,+9.8%,+8.70%,0.5435,29,✓ Yes,completed
5,33,30,08-05,+9.8%,+8.70%,0.5435,29,✓ Yes,completed
5,33,31,08-05,+9.8%,+8.70%,0.5435,29,✓ Yes,completed
5,33,31,08-05,+9.5%,+8.55%,0.5427,30,✓ Yes,completed
5,33,31,08-05,+9.5%,+8.55%,0.5427,30,✓ Yes,completed
5,33,32,08-05,+9.5%,+8.55%,0.5427,30,✓ Yes,completed
5,33,32,08-05,+9.3%,+8.41%,0.5420,34,✓ Yes,completed
5,33,32,08-05,+9.3%,+8.41%,0.5420,34,✓ Yes,completed
5,33,33,08-05,+9.3%,+8.41%,0.5420,34,✓ Yes,completed
5,33,33,08-05,+8.6%,+7.86%,0.5393,41,✓ Yes,completed
5,33,33,08-05,+8.6%,+7.86%,0.5393,41,✓ Yes,completed
5,32,30,08-06,+10.0%,+52.45%,0.7623,30,✗ No,budget_exceeded
5,32,30,08-06,+10.0%,+52.45%,0.7623,30,✗ No,budget_exceeded
5,32,31,08-06,+10.0%,+52.45%,0.7623,30,✗ No,budget_exceeded
5,32,31,08-06,+10.0%,+32.75%,0.6638,34,✗ No,budget_exceeded
5,32,31,08-06,+10.0%,+32.75%,0.6638,34,✗ No,budget_exceeded
5,32,32,08-06,+10.0%,+32.75%,0.6638,34,✗ No,budget_exceeded
5,32,32,08-06,+9.7%,+8.84%,0.5442,43,✓ Yes,completed
5,32,32,08-06,+9.7%,+8.84%,0.5442,43,✓ Yes,completed
5,33,30,08-06,+9.8%,+8.92%,0.5446,29,✓ Yes,completed
5,33,30,08-06,+9.8%,+8.92%,0.5446,29,✓ Yes,completed
5,33,31,08-06,+9.8%,+8.92%,0.5446,29,✓ Yes,completed
5,33,31,08-06,+9.5%,+8.71%,0.5436,30,✓ Yes,completed
5,33,31,08-06,+9.5%,+8.71%,0.5436,30,✓ Yes,completed
5,33,32,08-06,+9.5%,+8.71%,0.5436,30,✓ Yes,completed
5,33,32,08-06,+9.3%,+8.57%,0.5429,34,✓ Yes,completed
5,33,32,08-06,+9.3%,+8.57%,0.5429,34,✓ Yes,completed
5,33,33,08-06,+9.3%,+8.57%,0.5429,34,✓ Yes,completed
5,33,33,08-06,+8.6%,+8.00%,0.5400,41,✓ Yes,completed
5,33,33,08-06,+8.6%,+8.00%,0.5400,41,✓ Yes,completed
5,32,30,08-07,+10.0%,+53.92%,0.7696,30,✗ No,budget_exceeded
5,32,30,08-07,+10.0%,+53.92%,0.7696,30,✗ No,budget_exceeded
5,32,31,08-07,+10.0%,+53.92%,0.7696,30,✗ No,budget_exceeded
5,32,31,08-07,+10.0%,+34.21%,0.6710,34,✗ No,budget_exceeded
5,32,31,08-07,+10.0%,+34.21%,0.6710,34,✗ No,budget_exceeded
5,32,32,08-07,+10.0%,+34.21%,0.6710,34,✗ No,budget_exceeded
5,32,32,08-07,+9.7%,+8.77%,0.5438,43,✓ Yes,completed
5,32,32,08-07,+9.7%,+8.77%,0.5438,43,✓ Yes,completed
5,33,30,08-07,+9.8%,+8.84%,0.5442,29,✓ Yes,completed
5,33,30,08-07,+9.8%,+8.84%,0.5442,29,✓ Yes,completed
5,33,31,08-07,+9.8%,+8.84%,0.5442,29,✓ Yes,completed
5,33,31,08-07,+9.5%,+8.70%,0.5435,30,✓ Yes,completed
5,33,31,08-07,+9.5%,+8.70%,0.5435,30,✓ Yes,completed
5,33,32,08-07,+9.5%,+8.70%,0.5435,30,✓ Yes,completed
5,33,32,08-07,+9.3%,+8.60%,0.5430,34,✓ Yes,completed
5,33,32,08-07,+9.3%,+8.60%,0.5430,34,✓ Yes,completed
5,33,33,08-07,+9.3%,+8.60%,0.5430,34,✓ Yes,completed
5,33,33,08-07,+8.6%,+8.15%,0.5407,41,✓ Yes,completed
5,33,33,08-07,+8.6%,+8.15%,0.5407,41,✓ Yes,completed
5,32,30,08-08,+10.0%,+46.45%,0.7323,30,✗ No,budget_exceeded
5,32,30,08-08,+10.0%,+46.45%,0.7323,30,✗ No,budget_exceeded
5,32,31,08-08,+10.0%,+46.45%,0.7323,30,✗ No,budget_exceeded
5,32,31,08-08,+10.0%,+9.26%,0.5463,35,✗ No,budget_exceeded
5,32,31,08-08,+10.0%,+9.26%,0.5463,35,✗ No,budget_exceeded
5,32,32,08-08,+10.0%,+9.26%,0.5463,35,✗ No,budget_exceeded
5,32,32,08-08,+9.7%,+8.53%,0.5427,43,✓ Yes,completed
5,32,32,08-08,+9.7%,+8.53%,0.5427,43,✓ Yes,completed
5,33,30,08-08,+9.7%,+8.61%,0.5430,29,✓ Yes,completed
5,33,30,08-08,+9.7%,+8.61%,0.5430,29,✓ Yes,completed
5,33,31,08-08,+9.7%,+8.61%,0.5430,29,✓ Yes,completed
5,33,31,08-08,+9.3%,+8.57%,0.5428,29,✓ Yes,completed
5,33,31,08-08,+9.3%,+8.57%,0.5428,29,✓ Yes,completed
5,33,32,08-08,+9.3%,+8.57%,0.5428,29,✓ Yes,completed
5,33,32,08-08,+9.2%,+8.50%,0.5425,33,✓ Yes,completed
5,33,32,08-08,+9.2%,+8.50%,0.5425,33,✓ Yes,completed
5,33,33,08-08,+9.2%,+8.50%,0.5425,33,✓ Yes,completed
5,33,33,08-08,+8.5%,+8.01%,0.5401,40,✓ Yes,completed
5,33,33,08-08,+8.5%,+8.01%,0.5401,40,✓ Yes,completed
5,32,30,08-09,+10.0%,+37.49%,0.6874,30,✗ No,budget_exceeded
5,32,30,08-09,+10.0%,+37.49%,0.6874,30,✗ No,budget_exceeded
5,32,31,08-09,+10.0%,+37.49%,0.6874,30,✗ No,budget_exceeded
5,32,31,08-09,+10.0%,+9.91%,0.5495,35,✗ No,budget_exceeded
5,32,31,08-09,+10.0%,+9.91%,0.5495,35,✗ No,budget_exceeded
5,32,32,08-09,+10.0%,+9.91%,0.5495,35,✗ No,budget_exceeded
5,32,32,08-09,+9.7%,+8.33%,0.5417,43,✓ Yes,completed
5,32,32,08-09,+9.7%,+8.33%,0.5417,43,✓ Yes,completed
5,33,30,08-09,+9.8%,+8.44%,0.5422,29,✓ Yes,completed
5,33,30,08-09,+9.8%,+8.44%,0.5422,29,✓ Yes,completed
5,33,31,08-09,+9.8%,+8.44%,0.5422,29,✓ Yes,completed
5,33,31,08-09,+9.5%,+8.24%,0.5412,30,✓ Yes,completed
5,33,31,08-09,+9.5%,+8.24%,0.5412,30,✓ Yes,completed
5,33,32,08-09,+9.5%,+8.24%,0.5412,30,✓ Yes,completed
5,33,32,08-09,+9.3%,+8.10%,0.5405,34,✓ Yes,completed
5,33,32,08-09,+9.3%,+8.10%,0.5405,34,✓ Yes,completed
5,33,33,08-09,+9.3%,+8.10%,0.5405,34,✓ Yes,completed
5,33,33,08-09,+8.7%,+7.61%,0.5380,40,✓ Yes,completed
5,33,33,08-09,+8.7%,+7.61%,0.5380,40,✓ Yes,completed
5,32,30,08-10,+10.0%,+11.64%,0.5582,32,✗ No,budget_exceeded
5,32,30,08-10,+10.0%,+11.64%,0.5582,32,✗ No,budget_exceeded
5,32,31,08-10,+10.0%,+11.64%,0.5582,32,✗ No,budget_exceeded
5,32,31,08-10,+9.9%,+8.43%,0.5421,34,✓ Yes,completed
5,32,31,08-10,+9.9%,+8.43%,0.5421,34,✓ Yes,completed
5,32,32,08-10,+9.9%,+8.43%,0.5421,34,✓ Yes,completed
5,32,32,08-10,+9.5%,+8.21%,0.5410,42,✓ Yes,completed
5,32,32,08-10,+9.5%,+8.21%,0.5410,42,✓ Yes,completed
5,33,30,08-10,+9.5%,+8.26%,0.5413,28,✓ Yes,completed
5,33,30,08-10,+9.5%,+8.26%,0.5413,28,✓ Yes,completed
5,33,31,08-10,+9.5%,+8.26%,0.5413,28,✓ Yes,completed
5,33,31,08-10,+9.3%,+8.13%,0.5407,29,✓ Yes,completed
5,33,31,08-10,+9.3%,+8.13%,0.5407,29,✓ Yes,completed
5,33,32,08-10,+9.3%,+8.13%,0.5407,29,✓ Yes,completed
5,33,32,08-10,+9.1%,+7.99%,0.5400,33,✓ Yes,completed
5,33,32,08-10,+9.1%,+7.99%,0.5400,33,✓ Yes,completed
5,33,33,08-10,+9.1%,+7.99%,0.5400,33,✓ Yes,completed
5,33,33,08-10,+8.4%,+7.52%,0.5376,39,✓ Yes,completed
5,33,33,08-10,+8.4%,+7.52%,0.5376,39,✓ Yes,completed
6,33,31,08-04,+10.0%,+49.44%,0.7472,30,✗ No,budget_exceeded
6,33,31,08-04,+10.0%,+49.44%,0.7472,30,✗ No,budget_exceeded
6,33,31,08-04,+10.0%,+29.72%,0.6486,34,✗ No,budget_exceeded
6,33,32,08-04,+10.0%,+29.72%,0.6486,34,✗ No,budget_exceeded
6,33,32,08-04,+10.0%,+29.72%,0.6486,34,✗ No,budget_exceeded
6,33,32,08-04,+9.7%,+8.61%,0.5431,43,✓ Yes,completed
6,33,33,08-04,+9.7%,+8.61%,0.5431,43,✓ Yes,completed
6,33,33,08-04,+9.7%,+8.61%,0.5431,43,✓ Yes,completed
6,33,31,08-05,+10.0%,+50.92%,0.7546,30,✗ No,budget_exceeded
6,33,31,08-05,+10.0%,+50.92%,0.7546,30,✗ No,budget_exceeded
6,33,31,08-05,+10.0%,+31.23%,0.6561,34,✗ No,budget_exceeded
6,33,32,08-05,+10.0%,+31.23%,0.6561,34,✗ No,budget_exceeded
6,33,32,08-05,+10.0%,+31.23%,0.6561,34,✗ No,budget_exceeded
6,33,32,08-05,+9.7%,+8.63%,0.5431,43,✓ Yes,completed
6,33,33,08-05,+9.7%,+8.63%,0.5431,43,✓ Yes,completed
6,33,33,08-05,+9.7%,+8.63%,0.5431,43,✓ Yes,completed
6,33,31,08-06,+10.0%,+52.45%,0.7623,30,✗ No,budget_exceeded
6,33,31,08-06,+10.0%,+52.45%,0.7623,30,✗ No,budget_exceeded
6,33,31,08-06,+10.0%,+32.75%,0.6638,34,✗ No,budget_exceeded
6,33,32,08-06,+10.0%,+32.75%,0.6638,34,✗ No,budget_exceeded
6,33,32,08-06,+10.0%,+32.75%,0.6638,34,✗ No,budget_exceeded
6,33,32,08-06,+9.7%,+8.84%,0.5442,43,✓ Yes,completed
6,33,33,08-06,+9.7%,+8.84%,0.5442,43,✓ Yes,completed
6,33,33,08-06,+9.7%,+8.84%,0.5442,43,✓ Yes,completed
6,33,31,08-07,+10.0%,+53.92%,0.7696,30,✗ No,budget_exceeded
6,33,31,08-07,+10.0%,+53.92%,0.7696,30,✗ No,budget_exceeded
6,33,31,08-07,+10.0%,+34.21%,0.6710,34,✗ No,budget_exceeded
6,33,32,08-07,+10.0%,+34.21%,0.6710,34,✗ No,budget_exceeded
6,33,32,08-07,+10.0%,+34.21%,0.6710,34,✗ No,budget_exceeded
6,33,32,08-07,+9.7%,+8.77%,0.5438,43,✓ Yes,completed
6,33,33,08-07,+9.7%,+8.77%,0.5438,43,✓ Yes,completed
6,33,33,08-07,+9.7%,+8.77%,0.5438,43,✓ Yes,completed
6,33,31,08-08,+10.0%,+46.45%,0.7323,30,✗ No,budget_exceeded
6,33,31,08-08,+10.0%,+46.45%,0.7323,30,✗ No,budget_exceeded
6,33,31,08-08,+10.0%,+9.26%,0.5463,35,✗ No,budget_exceeded
6,33,32,08-08,+10.0%,+9.26%,0.5463,35,✗ No,budget_exceeded
6,33,32,08-08,+10.0%,+9.26%,0.5463,35,✗ No,budget_exceeded
6,33,32,08-08,+9.7%,+8.53%,0.5427,43,✓ Yes,completed
6,33,33,08-08,+9.7%,+8.53%,0.5427,43,✓ Yes,completed
6,33,33,08-08,+9.7%,+8.53%,0.5427,43,✓ Yes,completed
7,33,31,08-05,+9.8%,+8.70%,0.5435,29,✓ Yes,completed
7,33,31,08-05,+9.5%,+8.55%,0.5427,30,✓ Yes,completed
7,33,31,08-05,+9.5%,+8.55%,0.5427,30,✓ Yes,completed
7,33,32,08-05,+9.5%,+8.55%,0.5427,30,✓ Yes,completed
7,33,32,08-05,+9.3%,+8.41%,0.5420,34,✓ Yes,completed
7,33,32,08-05,+9.3%,+8.41%,0.5420,34,✓ Yes,completed
7,33,33,08-05,+9.3%,+8.41%,0.5420,34,✓ Yes,completed
7,33,33,08-05,+8.6%,+7.86%,0.5393,41,✓ Yes,completed
7,33,31,08-06,+9.8%,+8.92%,0.5446,29,✓ Yes,completed
7,33,31,08-06,+9.5%,+8.71%,0.5436,30,✓ Yes,completed
7,33,31,08-06,+9.5%,+8.71%,0.5436,30,✓ Yes,completed
7,33,32,08-06,+9.5%,+8.71%,0.5436,30,✓ Yes,completed
7,33,32,08-06,+9.3%,+8.57%,0.5429,34,✓ Yes,completed
7,33,32,08-06,+9.3%,+8.57%,0.5429,34,✓ Yes,completed
7,33,33,08-06,+9.3%,+8.57%,0.5429,34,✓ Yes,completed
7,33,33,08-06,+8.6%,+8.00%,0.5400,41,✓ Yes,completed
7,33,31,08-07,+9.8%,+8.84%,0.5442,29,✓ Yes,completed
7,33,31,08-07,+9.5%,+8.70%,0.5435,30,✓ Yes,completed
7,33,31,08-07,+9.5%,+8.70%,0.5435,30,✓ Yes,completed
7,33,32,08-07,+9.5%,+8.70%,0.5435,30,✓ Yes,completed
7,33,32,08-07,+9.3%,+8.60%,0.5430,34,✓ Yes,completed
7,33,32,08-07,+9.3%,+8.60%,0.5430,34,✓ Yes,completed
7,33,33,08-07,+9.3%,+8.60%,0.5430,34,✓ Yes,completed
7,33,33,08-07,+8.6%,+8.15%,0.5407,41,✓ Yes,completed
8,33,31,08-06,+9.8%,+8.92%,0.5446,29,✓ Yes,completed
8,33,31,08-06,+9.5%,+8.71%,0.5436,30,✓ Yes,completed
8,33,32,08-06,+9.5%,+8.71%,0.5436,30,✓ Yes,completed
8,33,32,08-06,+9.5%,+8.71%,0.5436,30,✓ Yes,completed
8,33,32,08-06,+9.3%,+8.57%,0.5429,34,✓ Yes,completed
8,33,33,08-06,+9.3%,+8.57%,0.5429,34,✓ Yes,completed
8,33,33,08-06,+9.3%,+8.57%,0.5429,34,✓ Yes,completed
8,33,33,08-06,+8.6%,+8.00%,0.5400,41,✓ Yes,completed
8,33,31,08-07,+9.8%,+8.84%,0.5442,29,✓ Yes,completed
8,33,31,08-07,+9.5%,+8.70%,0.5435,30,✓ Yes,completed
8,33,32,08-07,+9.5%,+8.70%,0.5435,30,✓ Yes,completed
8,33,32,08-07,+9.5%,+8.70%,0.5435,30,✓ Yes,completed
8,33,32,08-07,+9.3%,+8.60%,0.5430,34,✓ Yes,completed
8,33,33,08-07,+9.3%,+8.60%,0.5430,34,✓ Yes,completed
8,33,33,08-07,+9.3%,+8.60%,0.5430,34,✓ Yes,completed
8,33,33,08-07,+8.6%,+8.15%,0.5407,41,✓ Yes,completed
9,33,31,08-06,+9.8%,+8.92%,0.5446,29,✓ Yes,completed
9,33,31,08-06,+9.5%,+8.71%,0.5436,30,✓ Yes,completed
9,33,32,08-06,+9.5%,+8.71%,0.5436,30,✓ Yes,completed
9,33,32,08-06,+9.5%,+8.71%,0.5436,30,✓ Yes,completed
9,33,32,08-06,+9.3%,+8.57%,0.5429,34,✓ Yes,completed
9,33,33,08-06,+9.3%,+8.57%,0.5429,34,✓ Yes,completed
9,33,33,08-06,+9.3%,+8.57%,0.5429,34,✓ Yes,completed
9,33,33,08-06,+8.6%,+8.00%,0.5400,41,✓ Yes,completed
9,33,31,08-07,+9.8%,+8.84%,0.5442,29,✓ Yes,completed
9,33,31,08-07,+9.5%,+8.70%,0.5435,30,✓ Yes,completed
9,33,32,08-07,+9.5%,+8.70%,0.5435,30,✓ Yes,completed
9,33,32,08-07,+9.5%,+8.70%,0.5435,30,✓ Yes,completed
9,33,32,08-07,+9.3%,+8.60%,0.5430,34,✓ Yes,completed
9,33,33,08-07,+9.3%,+8.60%,0.5430,34,✓ Yes,completed
9,33,33,08-07,+9.3%,+8.60%,0.5430,34,✓ Yes,completed
9,33,33,08-07,+8.6%,+8.15%,0.5407,41,✓ Yes,completed
