Iter,θ_p,θ_r,Start,Overhead %,CO₂ Save %,Score,Pauses,Budget,Stop
0,10,0,01-01,+50.0%,+95.97%,0.9798,1,✗ No,budget_exceeded
0,10,10,01-01,+50.0%,+95.97%,0.9798,1,✗ No,budget_exceeded
0,98,0,01-01,+50.0%,+95.97%,0.9798,1,✗ No,budget_exceeded
0,98,98,01-01,+50.0%,+95.97%,0.9798,1,✗ No,budget_exceeded
0,186,0,01-01,+50.0%,+95.97%,0.9798,1,✗ No,budget_exceeded
0,186,186,01-01,+50.0%,+94.77%,0.9739,4,✗ No,budget_exceeded
0,273,0,01-01,+50.0%,+94.90%,0.9745,1,✗ No,budget_exceeded
0,273,137,01-01,+50.0%,+94.90%,0.9745,1,✗ No,budget_exceeded
0,273,273,01-01,+50.0%,+89.01%,0.9450,8,✗ No,budget_exceeded
0,361,0,01-01,+50.0%,+94.79%,0.9740,1,✗ No,budget_exceeded
0,361,90,01-01,+50.0%,+94.79%,0.9740,1,✗ No,budget_exceeded
0,361,181,01-01,+50.0%,+92.37%,0.9619,2,✗ No,budget_exceeded
0,361,271,01-01,+50.0%,+86.97%,0.9349,5,✗ No,budget_exceeded
0,361,361,01-01,+50.0%,+81.89%,0.9094,17,✗ No,budget_exceeded
0,449,0,01-01,+50.0%,+91.94%,0.9597,1,✗ No,budget_exceeded
0,449,90,01-01,+50.0%,+91.94%,0.9597,1,✗ No,budget_exceeded
0,449,180,01-01,+50.0%,+88.52%,0.9426,2,✗ No,budget_exceeded
0,449,269,01-01,+50.0%,+81.24%,0.9062,4,✗ No,budget_exceeded
0,449,359,01-01,+50.0%,+70.43%,0.8521,9,✗ No,budget_exceeded
0,449,449,01-01,+50.0%,+47.42%,0.7371,47,✗ No,budget_exceeded
0,537,0,01-01,+50.0%,+91.60%,0.9580,1,✗ No,budget_exceeded
0,537,89,01-01,+50.0%,+91.60%,0.9580,1,✗ No,budget_exceeded
0,537,179,01-01,+50.0%,+81.04%,0.9052,2,✗ No,budget_exceeded
0,537,268,01-01,+50.0%,+68.68%,0.8434,3,✗ No,budget_exceeded
0,537,358,01-01,+50.0%,+45.93%,0.7297,7,✗ No,budget_exceeded
0,537,447,01-01,+44.8%,+5.15%,0.5258,24,✓ Yes,completed
0,537,537,01-01,+20.0%,+3.68%,0.5184,36,✓ Yes,completed
0,624,0,01-01,+50.0%,+39.18%,0.6959,1,✗ No,budget_exceeded
0,624,89,01-01,+50.0%,+39.18%,0.6959,1,✗ No,budget_exceeded
0,624,178,01-01,+50.0%,+39.18%,0.6959,1,✗ No,budget_exceeded
0,624,268,01-01,+36.9%,-0.80%,0.4960,2,✓ Yes,completed
0,624,357,01-01,+9.8%,-0.43%,0.4978,1,✓ Yes,completed
0,624,446,01-01,+1.7%,+0.84%,0.5042,2,✓ Yes,completed
0,624,535,01-01,+1.3%,+0.84%,0.5042,2,✓ Yes,completed
0,624,624,01-01,+0.6%,+0.43%,0.5021,5,✓ Yes,completed
0,712,0,01-01,+0.0%,+0.00%,0.5000,0,✓ Yes,completed
0,712,89,01-01,+0.0%,+0.00%,0.5000,0,✓ Yes,completed
0,712,178,01-01,+0.0%,+0.00%,0.5000,0,✓ Yes,completed
0,712,267,01-01,+0.0%,+0.00%,0.5000,0,✓ Yes,completed
0,712,356,01-01,+0.0%,+0.00%,0.5000,0,✓ Yes,completed
0,712,445,01-01,+0.0%,+0.00%,0.5000,0,✓ Yes,completed
0,712,534,01-01,+0.0%,+0.00%,0.5000,0,✓ Yes,completed
0,712,623,01-01,+0.0%,+0.00%,0.5000,0,✓ Yes,completed
0,712,712,01-01,+0.0%,+0.00%,0.5000,0,✓ Yes,completed
0,800,0,01-01,+0.0%,+0.00%,0.5000,0,✓ Yes,completed
0,800,89,01-01,+0.0%,+0.00%,0.5000,0,✓ Yes,completed
0,800,178,01-01,+0.0%,+0.00%,0.5000,0,✓ Yes,completed
0,800,267,01-01,+0.0%,+0.00%,0.5000,0,✓ Yes,completed
0,800,356,01-01,+0.0%,+0.00%,0.5000,0,✓ Yes,completed
0,800,444,01-01,+0.0%,+0.00%,0.5000,0,✓ Yes,completed
0,800,533,01-01,+0.0%,+0.00%,0.5000,0,✓ Yes,completed
0,800,622,01-01,+0.0%,+0.00%,0.5000,0,✓ Yes,completed
0,800,711,01-01,+0.0%,+0.00%,0.5000,0,✓ Yes,completed
0,800,800,01-01,+0.0%,+0.00%,0.5000,0,✓ Yes,completed
0,10,0,03-03,+50.0%,+95.34%,0.9767,1,✗ No,budget_exceeded
0,10,10,03-03,+50.0%,+95.34%,0.9767,1,✗ No,budget_exceeded
0,98,0,03-03,+50.0%,+95.34%,0.9767,1,✗ No,budget_exceeded
0,98,98,03-03,+50.0%,+95.34%,0.9767,1,✗ No,budget_exceeded
0,186,0,03-03,+50.0%,+95.34%,0.9767,1,✗ No,budget_exceeded
0,186,186,03-03,+50.0%,+94.26%,0.9713,7,✗ No,budget_exceeded
0,273,0,03-03,+50.0%,+95.34%,0.9767,1,✗ No,budget_exceeded
0,273,137,03-03,+50.0%,+95.34%,0.9767,1,✗ No,budget_exceeded
0,273,273,03-03,+50.0%,+84.61%,0.9231,30,✗ No,budget_exceeded
0,361,0,03-03,+50.0%,+95.34%,0.9767,1,✗ No,budget_exceeded
0,361,90,03-03,+50.0%,+95.34%,0.9767,1,✗ No,budget_exceeded
0,361,181,03-03,+50.0%,+92.18%,0.9609,3,✗ No,budget_exceeded
0,361,271,03-03,+50.0%,+81.93%,0.9097,29,✗ No,budget_exceeded
0,361,361,03-03,+50.0%,+73.85%,0.8693,42,✗ No,budget_exceeded
0,449,0,03-03,+50.0%,+95.34%,0.9767,1,✗ No,budget_exceeded
0,449,90,03-03,+50.0%,+95.34%,0.9767,1,✗ No,budget_exceeded
0,449,180,03-03,+50.0%,+89.55%,0.9477,4,✗ No,budget_exceeded
0,449,269,03-03,+50.0%,+62.57%,0.8129,30,✗ No,budget_exceeded
0,449,359,03-03,+50.0%,+52.76%,0.7638,37,✗ No,budget_exceeded
0,449,449,03-03,+42.4%,+21.22%,0.6061,58,✓ Yes,completed
0,537,0,03-03,+50.0%,+86.64%,0.9332,1,✗ No,budget_exceeded
0,537,89,03-03,+50.0%,+86.64%,0.9332,1,✗ No,budget_exceeded
0,537,179,03-03,+50.0%,+56.86%,0.7843,6,✗ No,budget_exceeded
0,537,268,03-03,+27.8%,+12.73%,0.5636,13,✓ Yes,completed
0,537,358,03-03,+22.9%,+11.81%,0.5591,15,✓ Yes,completed
0,537,447,03-03,+17.6%,+10.31%,0.5515,18,✓ Yes,completed
0,537,537,03-03,+12.8%,+7.33%,0.5367,24,✓ Yes,completed
0,624,0,03-03,+50.0%,+75.68%,0.8784,1,✗ No,budget_exceeded
0,624,89,03-03,+50.0%,+75.68%,0.8784,1,✗ No,budget_exceeded
0,624,178,03-03,+27.3%,+8.60%,0.5430,2,✓ Yes,completed
0,624,268,03-03,+11.0%,+4.28%,0.5214,2,✓ Yes,completed
0,624,357,03-03,+7.1%,+3.15%,0.5157,2,✓ Yes,completed
0,624,446,03-03,+2.7%,+2.25%,0.5113,3,✓ Yes,completed
0,624,535,03-03,+1.7%,+1.59%,0.5079,3,✓ Yes,completed
0,624,624,03-03,+0.8%,+0.77%,0.5039,5,✓ Yes,completed
0,712,0,03-03,+0.0%,+0.00%,0.5000,0,✓ Yes,completed
0,712,89,03-03,+0.0%,+0.00%,0.5000,0,✓ Yes,completed
0,712,178,03-03,+0.0%,+0.00%,0.5000,0,✓ Yes,completed
0,712,267,03-03,+0.0%,+0.00%,0.5000,0,✓ Yes,completed
0,712,356,03-03,+0.0%,+0.00%,0.5000,0,✓ Yes,completed
0,712,445,03-03,+0.0%,+0.00%,0.5000,0,✓ Yes,completed
0,712,534,03-03,+0.0%,+0.00%,0.5000,0,✓ Yes,completed
0,712,623,03-03,+0.0%,+0.00%,0.5000,0,✓ Yes,completed
0,712,712,03-03,+0.0%,+0.00%,0.5000,0,✓ Yes,completed
0,800,0,03-03,+0.0%,+0.00%,0.5000,0,✓ Yes,completed
0,800,89,03-03,+0.0%,+0.00%,0.5000,0,✓ Yes,completed
0,800,178,03-03,+0.0%,+0.00%,0.5000,0,✓ Yes,completed
0,800,267,03-03,+0.0%,+0.00%,0.5000,0,✓ Yes,completed
0,800,356,03-03,+0.0%,+0.00%,0.5000,0,✓ Yes,completed
0,800,444,03-03,+0.0%,+0.00%,0.5000,0,✓ Yes,completed
0,800,533,03-03,+0.0%,+0.00%,0.5000,0,✓ Yes,completed
0,800,622,03-03,+0.0%,+0.00%,0.5000,0,✓ Yes,completed
0,800,711,03-03,+0.0%,+0.00%,0.5000,0,✓ Yes,completed
0,800,800,03-03,+0.0%,+0.00%,0.5000,0,✓ Yes,completed
0,10,0,05-03,+50.0%,+95.52%,0.9776,1,✗ No,budget_exceeded
0,10,10,05-03,+50.0%,+95.52%,0.9776,1,✗ No,budget_exceeded
0,98,0,05-03,+50.0%,+95.52%,0.9776,1,✗ No,budget_exceeded
0,98,98,05-03,+50.0%,+95.52%,0.9776,1,✗ No,budget_exceeded
0,186,0,05-03,+50.0%,+95.52%,0.9776,1,✗ No,budget_exceeded
0,186,186,05-03,+50.0%,+76.19%,0.8810,46,✗ No,budget_exceeded
0,273,0,05-03,+50.0%,+95.52%,0.9776,1,✗ No,budget_exceeded
0,273,137,05-03,+50.0%,+75.15%,0.8758,18,✗ No,budget_exceeded
0,273,273,05-03,+50.0%,+40.83%,0.7041,65,✗ No,budget_exceeded
0,361,0,05-03,+50.0%,+88.96%,0.9448,1,✗ No,budget_exceeded
0,361,90,05-03,+50.0%,+88.96%,0.9448,1,✗ No,budget_exceeded
0,361,181,05-03,+50.0%,+15.35%,0.5768,26,✗ No,budget_exceeded
0,361,271,05-03,+32.2%,+8.76%,0.5438,33,✓ Yes,completed
0,361,361,05-03,+21.0%,+8.09%,0.5404,29,✓ Yes,completed
0,449,0,05-03,+50.0%,+62.56%,0.8128,1,✗ No,budget_exceeded
0,449,90,05-03,+50.0%,+62.56%,0.8128,1,✗ No,budget_exceeded
0,449,180,05-03,+5.9%,+3.58%,0.5179,6,✓ Yes,completed
0,449,269,05-03,+5.3%,+3.58%,0.5179,6,✓ Yes,completed
0,449,359,05-03,+4.7%,+3.52%,0.5176,6,✓ Yes,completed
0,449,449,05-03,+3.3%,+2.33%,0.5117,7,✓ Yes,completed
0,537,0,05-03,+0.0%,+0.00%,0.5000,0,✓ Yes,completed
0,537,89,05-03,+0.0%,+0.00%,0.5000,0,✓ Yes,completed
0,537,179,05-03,+0.0%,+0.00%,0.5000,0,✓ Yes,completed
0,537,268,05-03,+0.0%,+0.00%,0.5000,0,✓ Yes,completed
0,537,358,05-03,+0.0%,+0.00%,0.5000,0,✓ Yes,completed
0,537,447,05-03,+0.0%,+0.00%,0.5000,0,✓ Yes,completed
0,537,537,05-03,+0.0%,+0.00%,0.5000,0,✓ Yes,completed
0,624,0,05-03,+0.0%,+0.00%,0.5000,0,✓ Yes,completed
0,624,89,05-03,+0.0%,+0.00%,0.5000,0,✓ Yes,completed
0,624,178,05-03,+0.0%,+0.00%,0.5000,0,✓ Yes,completed
0,624,268,05-03,+0.0%,+0.00%,0.5000,0,✓ Yes,completed
0,624,357,05-03,+0.0%,+0.00%,0.5000,0,✓ Yes,completed
0,624,446,05-03,+0.0%,+0.00%,0.5000,0,✓ Yes,completed
0,624,535,05-03,+0.0%,+0.00%,0.5000,0,✓ Yes,completed
0,624,624,05-03,+0.0%,+0.00%,0.5000,0,✓ Yes,completed
0,712,0,05-03,+0.0%,+0.00%,0.5000,0,✓ Yes,completed
0,712,89,05-03,+0.0%,+0.00%,0.5000,0,✓ Yes,completed
0,712,178,05-03,+0.0%,+0.00%,0.5000,0,✓ Yes,completed
0,712,267,05-03,+0.0%,+0.00%,0.5000,0,✓ Yes,completed
0,712,356,05-03,+0.0%,+0.00%,0.5000,0,✓ Yes,completed
0,712,445,05-03,+0.0%,+0.00%,0.5000,0,✓ Yes,completed
0,712,534,05-03,+0.0%,+0.00%,0.5000,0,✓ Yes,completed
0,712,623,05-03,+0.0%,+0.00%,0.5000,0,✓ Yes,completed
0,712,712,05-03,+0.0%,+0.00%,0.5000,0,✓ Yes,completed
0,800,0,05-03,+0.0%,+0.00%,0.5000,0,✓ Yes,completed
0,800,89,05-03,+0.0%,+0.00%,0.5000,0,✓ Yes,completed
0,800,178,05-03,+0.0%,+0.00%,0.5000,0,✓ Yes,completed
0,800,267,05-03,+0.0%,+0.00%,0.5000,0,✓ Yes,completed
0,800,356,05-03,+0.0%,+0.00%,0.5000,0,✓ Yes,completed
0,800,444,05-03,+0.0%,+0.00%,0.5000,0,✓ Yes,completed
0,800,533,05-03,+0.0%,+0.00%,0.5000,0,✓ Yes,completed
0,800,622,05-03,+0.0%,+0.00%,0.5000,0,✓ Yes,completed
0,800,711,05-03,+0.0%,+0.00%,0.5000,0,✓ Yes,completed
0,800,800,05-03,+0.0%,+0.00%,0.5000,0,✓ Yes,completed
0,10,0,07-03,+50.0%,+95.33%,0.9766,1,✗ No,budget_exceeded
0,10,10,07-03,+50.0%,+95.33%,0.9766,1,✗ No,budget_exceeded
0,98,0,07-03,+50.0%,+95.33%,0.9766,1,✗ No,budget_exceeded
0,98,98,07-03,+50.0%,+95.33%,0.9766,1,✗ No,budget_exceeded
0,186,0,07-03,+50.0%,+95.33%,0.9766,1,✗ No,budget_exceeded
0,186,186,07-03,+50.0%,+88.04%,0.9402,26,✗ No,budget_exceeded
0,273,0,07-03,+50.0%,+95.33%,0.9766,1,✗ No,budget_exceeded
0,273,137,07-03,+50.0%,+94.40%,0.9720,4,✗ No,budget_exceeded
0,273,273,07-03,+50.0%,+71.88%,0.8594,52,✗ No,budget_exceeded
0,361,0,07-03,+50.0%,+94.22%,0.9711,1,✗ No,budget_exceeded
0,361,90,07-03,+50.0%,+94.22%,0.9711,1,✗ No,budget_exceeded
0,361,181,07-03,+50.0%,+66.33%,0.8317,24,✗ No,budget_exceeded
0,361,271,07-03,+50.0%,+53.00%,0.7650,42,✗ No,budget_exceeded
0,361,361,07-03,+49.9%,+20.11%,0.6005,68,✓ Yes,completed
0,449,0,07-03,+50.0%,+94.07%,0.9704,1,✗ No,budget_exceeded
0,449,90,07-03,+50.0%,+94.07%,0.9704,1,✗ No,budget_exceeded
0,449,180,07-03,+50.0%,+31.79%,0.6590,20,✗ No,budget_exceeded
0,449,269,07-03,+39.5%,+14.13%,0.5707,29,✓ Yes,completed
0,449,359,07-03,+32.6%,+11.13%,0.5556,34,✓ Yes,completed
0,449,449,07-03,+21.4%,+8.39%,0.5420,42,✓ Yes,completed
0,537,0,07-03,+50.0%,+82.53%,0.9127,1,✗ No,budget_exceeded
0,537,89,07-03,+50.0%,+82.53%,0.9127,1,✗ No,budget_exceeded
0,537,179,07-03,+14.9%,+2.07%,0.5103,5,✓ Yes,completed
0,537,268,07-03,+6.8%,+1.16%,0.5058,6,✓ Yes,completed
0,537,358,07-03,+4.8%,+1.30%,0.5065,7,✓ Yes,completed
0,537,447,07-03,+3.7%,+1.35%,0.5068,7,✓ Yes,completed
0,537,537,07-03,+2.2%,+1.08%,0.5054,9,✓ Yes,completed
0,624,0,07-03,+0.0%,+0.00%,0.5000,0,✓ Yes,completed
0,624,89,07-03,+0.0%,+0.00%,0.5000,0,✓ Yes,completed
0,624,178,07-03,+0.0%,+0.00%,0.5000,0,✓ Yes,completed
0,624,268,07-03,+0.0%,+0.00%,0.5000,0,✓ Yes,completed
0,624,357,07-03,+0.0%,+0.00%,0.5000,0,✓ Yes,completed
0,624,446,07-03,+0.0%,+0.00%,0.5000,0,✓ Yes,completed
0,624,535,07-03,+0.0%,+0.00%,0.5000,0,✓ Yes,completed
0,624,624,07-03,+0.0%,+0.00%,0.5000,0,✓ Yes,completed
0,712,0,07-03,+0.0%,+0.00%,0.5000,0,✓ Yes,completed
0,712,89,07-03,+0.0%,+0.00%,0.5000,0,✓ Yes,completed
0,712,178,07-03,+0.0%,+0.00%,0.5000,0,✓ Yes,completed
0,712,267,07-03,+0.0%,+0.00%,0.5000,0,✓ Yes,completed
0,712,356,07-03,+0.0%,+0.00%,0.5000,0,✓ Yes,completed
0,712,445,07-03,+0.0%,+0.00%,0.5000,0,✓ Yes,completed
0,712,534,07-03,+0.0%,+0.00%,0.5000,0,✓ Yes,completed
0,712,623,07-03,+0.0%,+0.00%,0.5000,0,✓ Yes,completed
0,712,712,07-03,+0.0%,+0.00%,0.5000,0,✓ Yes,completed
0,800,0,07-03,+0.0%,+0.00%,0.5000,0,✓ Yes,completed
0,800,89,07-03,+0.0%,+0.00%,0.5000,0,✓ Yes,completed
0,800,178,07-03,+0.0%,+0.00%,0.5000,0,✓ Yes,completed
0,800,267,07-03,+0.0%,+0.00%,0.5000,0,✓ Yes,completed
0,800,356,07-03,+0.0%,+0.00%,0.5000,0,✓ Yes,completed
0,800,444,07-03,+0.0%,+0.00%,0.5000,0,✓ Yes,completed
0,800,533,07-03,+0.0%,+0.00%,0.5000,0,✓ Yes,completed
0,800,622,07-03,+0.0%,+0.00%,0.5000,0,✓ Yes,completed
0,800,711,07-03,+0.0%,+0.00%,0.5000,0,✓ Yes,completed
0,800,800,07-03,+0.0%,+0.00%,0.5000,0,✓ Yes,completed
0,10,0,09-02,+50.0%,+96.19%,0.9810,1,✗ No,budget_exceeded
0,10,10,09-02,+50.0%,+96.19%,0.9810,1,✗ No,budget_exceeded
0,98,0,09-02,+50.0%,+96.19%,0.9810,1,✗ No,budget_exceeded
0,98,98,09-02,+50.0%,+96.19%,0.9810,1,✗ No,budget_exceeded
0,186,0,09-02,+50.0%,+96.19%,0.9810,1,✗ No,budget_exceeded
0,186,186,09-02,+50.0%,+87.49%,0.9374,26,✗ No,budget_exceeded
0,273,0,09-02,+50.0%,+96.19%,0.9810,1,✗ No,budget_exceeded
0,273,137,09-02,+50.0%,+87.96%,0.9398,12,✗ No,budget_exceeded
0,273,273,09-02,+50.0%,+75.39%,0.8770,38,✗ No,budget_exceeded
0,361,0,09-02,+50.0%,+96.19%,0.9810,1,✗ No,budget_exceeded
0,361,90,09-02,+50.0%,+96.19%,0.9810,1,✗ No,budget_exceeded
0,361,181,09-02,+50.0%,+71.80%,0.8590,9,✗ No,budget_exceeded
0,361,271,09-02,+50.0%,+47.18%,0.7359,26,✗ No,budget_exceeded
0,361,361,09-02,+50.0%,+37.65%,0.6882,37,✗ No,budget_exceeded
0,449,0,09-02,+50.0%,+96.16%,0.9808,1,✗ No,budget_exceeded
0,449,90,09-02,+50.0%,+96.16%,0.9808,1,✗ No,budget_exceeded
0,449,180,09-02,+50.0%,+43.48%,0.7174,8,✗ No,budget_exceeded
0,449,269,09-02,+50.0%,+34.19%,0.6710,16,✗ No,budget_exceeded
0,449,359,09-02,+50.0%,+15.50%,0.5775,23,✗ No,budget_exceeded
0,449,449,09-02,+32.1%,+12.94%,0.5647,38,✓ Yes,completed
0,537,0,09-02,+50.0%,+88.50%,0.9425,1,✗ No,budget_exceeded
0,537,89,09-02,+50.0%,+88.50%,0.9425,1,✗ No,budget_exceeded
0,537,179,09-02,+50.0%,+14.61%,0.5730,6,✗ No,budget_exceeded
0,537,268,09-02,+21.0%,+10.82%,0.5541,6,✓ Yes,completed
0,537,358,09-02,+15.1%,+10.21%,0.5510,6,✓ Yes,completed
0,537,447,09-02,+6.2%,+6.20%,0.5310,9,✓ Yes,completed
0,537,537,09-02,+3.5%,+4.03%,0.5201,13,✓ Yes,completed
0,624,0,09-02,+0.0%,+0.00%,0.5000,0,✓ Yes,completed
0,624,89,09-02,+0.0%,+0.00%,0.5000,0,✓ Yes,completed
0,624,178,09-02,+0.0%,+0.00%,0.5000,0,✓ Yes,completed
0,624,268,09-02,+0.0%,+0.00%,0.5000,0,✓ Yes,completed
0,624,357,09-02,+0.0%,+0.00%,0.5000,0,✓ Yes,completed
0,624,446,09-02,+0.0%,+0.00%,0.5000,0,✓ Yes,completed
0,624,535,09-02,+0.0%,+0.00%,0.5000,0,✓ Yes,completed
0,624,624,09-02,+0.0%,+0.00%,0.5000,0,✓ Yes,completed
0,712,0,09-02,+0.0%,+0.00%,0.5000,0,✓ Yes,completed
0,712,89,09-02,+0.0%,+0.00%,0.5000,0,✓ Yes,completed
0,712,178,09-02,+0.0%,+0.00%,0.5000,0,✓ Yes,completed
0,712,267,09-02,+0.0%,+0.00%,0.5000,0,✓ Yes,completed
0,712,356,09-02,+0.0%,+0.00%,0.5000,0,✓ Yes,completed
0,712,445,09-02,+0.0%,+0.00%,0.5000,0,✓ Yes,completed
0,712,534,09-02,+0.0%,+0.00%,0.5000,0,✓ Yes,completed
0,712,623,09-02,+0.0%,+0.00%,0.5000,0,✓ Yes,completed
0,712,712,09-02,+0.0%,+0.00%,0.5000,0,✓ Yes,completed
0,800,0,09-02,+0.0%,+0.00%,0.5000,0,✓ Yes,completed
0,800,89,09-02,+0.0%,+0.00%,0.5000,0,✓ Yes,completed
0,800,178,09-02,+0.0%,+0.00%,0.5000,0,✓ Yes,completed
0,800,267,09-02,+0.0%,+0.00%,0.5000,0,✓ Yes,completed
0,800,356,09-02,+0.0%,+0.00%,0.5000,0,✓ Yes,completed
0,800,444,09-02,+0.0%,+0.00%,0.5000,0,✓ Yes,completed
0,800,533,09-02,+0.0%,+0.00%,0.5000,0,✓ Yes,completed
0,800,622,09-02,+0.0%,+0.00%,0.5000,0,✓ Yes,completed
0,800,711,09-02,+0.0%,+0.00%,0.5000,0,✓ Yes,completed
0,800,800,09-02,+0.0%,+0.00%,0.5000,0,✓ Yes,completed
0,10,0,11-02,+50.0%,+95.37%,0.9768,1,✗ No,budget_exceeded
0,10,10,11-02,+50.0%,+95.37%,0.9768,1,✗ No,budget_exceeded
0,98,0,11-02,+50.0%,+95.37%,0.9768,1,✗ No,budget_exceeded
0,98,98,11-02,+50.0%,+95.37%,0.9768,1,✗ No,budget_exceeded
0,186,0,11-02,+50.0%,+95.37%,0.9768,1,✗ No,budget_exceeded
0,186,186,11-02,+50.0%,+95.27%,0.9764,2,✗ No,budget_exceeded
0,273,0,11-02,+50.0%,+95.10%,0.9755,1,✗ No,budget_exceeded
0,273,137,11-02,+50.0%,+95.10%,0.9755,1,✗ No,budget_exceeded
0,273,273,11-02,+50.0%,+90.77%,0.9539,24,✗ No,budget_exceeded
0,361,0,11-02,+50.0%,+91.71%,0.9586,1,✗ No,budget_exceeded
0,361,90,11-02,+50.0%,+91.71%,0.9586,1,✗ No,budget_exceeded
0,361,181,11-02,+50.0%,+91.26%,0.9563,2,✗ No,budget_exceeded
0,361,271,11-02,+50.0%,+85.48%,0.9274,8,✗ No,budget_exceeded
0,361,361,11-02,+50.0%,+55.42%,0.7771,36,✗ No,budget_exceeded
0,449,0,11-02,+50.0%,+90.17%,0.9509,1,✗ No,budget_exceeded
0,449,90,11-02,+50.0%,+90.17%,0.9509,1,✗ No,budget_exceeded
0,449,180,11-02,+50.0%,+90.17%,0.9509,1,✗ No,budget_exceeded
0,449,269,11-02,+50.0%,+67.95%,0.8397,6,✗ No,budget_exceeded
0,449,359,11-02,+50.0%,+21.27%,0.6063,14,✗ No,budget_exceeded
0,449,449,11-02,+31.0%,+10.96%,0.5548,23,✓ Yes,completed
0,537,0,11-02,+50.0%,+85.37%,0.9268,1,✗ No,budget_exceeded
0,537,89,11-02,+50.0%,+85.37%,0.9268,1,✗ No,budget_exceeded
0,537,179,11-02,+50.0%,+85.37%,0.9268,1,✗ No,budget_exceeded
0,537,268,11-02,+27.2%,+7.63%,0.5382,5,✓ Yes,completed
0,537,358,11-02,+20.4%,+7.81%,0.5391,5,✓ Yes,completed
0,537,447,11-02,+16.4%,+7.54%,0.5377,4,✓ Yes,completed
0,537,537,11-02,+8.0%,+3.56%,0.5178,25,✓ Yes,completed
0,624,0,11-02,+0.0%,+0.00%,0.5000,0,✓ Yes,completed
0,624,89,11-02,+0.0%,+0.00%,0.5000,0,✓ Yes,completed
0,624,178,11-02,+0.0%,+0.00%,0.5000,0,✓ Yes,completed
0,624,268,11-02,+0.0%,+0.00%,0.5000,0,✓ Yes,completed
0,624,357,11-02,+0.0%,+0.00%,0.5000,0,✓ Yes,completed
0,624,446,11-02,+0.0%,+0.00%,0.5000,0,✓ Yes,completed
0,624,535,11-02,+0.0%,+0.00%,0.5000,0,✓ Yes,completed
0,624,624,11-02,+0.0%,+0.00%,0.5000,0,✓ Yes,completed
0,712,0,11-02,+0.0%,+0.00%,0.5000,0,✓ Yes,completed
0,712,89,11-02,+0.0%,+0.00%,0.5000,0,✓ Yes,completed
0,712,178,11-02,+0.0%,+0.00%,0.5000,0,✓ Yes,completed
0,712,267,11-02,+0.0%,+0.00%,0.5000,0,✓ Yes,completed
0,712,356,11-02,+0.0%,+0.00%,0.5000,0,✓ Yes,completed
0,712,445,11-02,+0.0%,+0.00%,0.5000,0,✓ Yes,completed
0,712,534,11-02,+0.0%,+0.00%,0.5000,0,✓ Yes,completed
0,712,623,11-02,+0.0%,+0.00%,0.5000,0,✓ Yes,completed
0,712,712,11-02,+0.0%,+0.00%,0.5000,0,✓ Yes,completed
0,800,0,11-02,+0.0%,+0.00%,0.5000,0,✓ Yes,completed
0,800,89,11-02,+0.0%,+0.00%,0.5000,0,✓ Yes,completed
0,800,178,11-02,+0.0%,+0.00%,0.5000,0,✓ Yes,completed
0,800,267,11-02,+0.0%,+0.00%,0.5000,0,✓ Yes,completed
0,800,356,11-02,+0.0%,+0.00%,0.5000,0,✓ Yes,completed
0,800,444,11-02,+0.0%,+0.00%,0.5000,0,✓ Yes,completed
0,800,533,11-02,+0.0%,+0.00%,0.5000,0,✓ Yes,completed
0,800,622,11-02,+0.0%,+0.00%,0.5000,0,✓ Yes,completed
0,800,711,11-02,+0.0%,+0.00%,0.5000,0,✓ Yes,completed
0,800,800,11-02,+0.0%,+0.00%,0.5000,0,✓ Yes,completed
0,10,0,12-31,+50.0%,+95.95%,0.9797,1,✗ No,budget_exceeded
0,10,10,12-31,+50.0%,+95.95%,0.9797,1,✗ No,budget_exceeded
0,98,0,12-31,+50.0%,+95.95%,0.9797,1,✗ No,budget_exceeded
0,98,98,12-31,+50.0%,+95.95%,0.9797,1,✗ No,budget_exceeded
0,186,0,12-31,+50.0%,+95.95%,0.9797,1,✗ No,budget_exceeded
0,186,186,12-31,+50.0%,+94.77%,0.9739,4,✗ No,budget_exceeded
0,273,0,12-31,+50.0%,+95.95%,0.9797,1,✗ No,budget_exceeded
0,273,137,12-31,+50.0%,+95.95%,0.9797,1,✗ No,budget_exceeded
0,273,273,12-31,+50.0%,+88.55%,0.9427,11,✗ No,budget_exceeded
0,361,0,12-31,+50.0%,+93.59%,0.9679,1,✗ No,budget_exceeded
0,361,90,12-31,+50.0%,+93.59%,0.9679,1,✗ No,budget_exceeded
0,361,181,12-31,+50.0%,+91.16%,0.9558,2,✗ No,budget_exceeded
0,361,271,12-31,+50.0%,+85.75%,0.9288,5,✗ No,budget_exceeded
0,361,361,12-31,+50.0%,+80.65%,0.9033,17,✗ No,budget_exceeded
0,449,0,12-31,+50.0%,+90.73%,0.9536,1,✗ No,budget_exceeded
0,449,90,12-31,+50.0%,+90.73%,0.9536,1,✗ No,budget_exceeded
0,449,180,12-31,+50.0%,+87.31%,0.9365,2,✗ No,budget_exceeded
0,449,269,12-31,+50.0%,+80.00%,0.9000,4,✗ No,budget_exceeded
0,449,359,12-31,+50.0%,+69.17%,0.8459,9,✗ No,budget_exceeded
0,449,449,12-31,+50.0%,+46.11%,0.7306,47,✗ No,budget_exceeded
0,537,0,12-31,+50.0%,+90.39%,0.9519,1,✗ No,budget_exceeded
0,537,89,12-31,+50.0%,+90.39%,0.9519,1,✗ No,budget_exceeded
0,537,179,12-31,+50.0%,+79.81%,0.8990,2,✗ No,budget_exceeded
0,537,268,12-31,+50.0%,+67.42%,0.8371,3,✗ No,budget_exceeded
0,537,358,12-31,+50.0%,+44.62%,0.7231,7,✗ No,budget_exceeded
0,537,447,12-31,+43.2%,+5.68%,0.5284,22,✓ Yes,completed
0,537,537,12-31,+20.0%,+3.96%,0.5198,36,✓ Yes,completed
0,624,0,12-31,+50.0%,+37.86%,0.6893,1,✗ No,budget_exceeded
0,624,89,12-31,+50.0%,+37.86%,0.6893,1,✗ No,budget_exceeded
0,624,178,12-31,+50.0%,+37.86%,0.6893,1,✗ No,budget_exceeded
0,624,268,12-31,+32.2%,+0.26%,0.5013,1,✓ Yes,completed
0,624,357,12-31,+9.8%,+0.54%,0.5027,1,✓ Yes,completed
0,624,446,12-31,+1.7%,+0.88%,0.5044,2,✓ Yes,completed
0,624,535,12-31,+1.3%,+0.72%,0.5036,2,✓ Yes,completed
0,624,624,12-31,+0.6%,+0.35%,0.5017,5,✓ Yes,completed
0,712,0,12-31,+0.0%,+0.00%,0.5000,0,✓ Yes,completed
0,712,89,12-31,+0.0%,+0.00%,0.5000,0,✓ Yes,completed
0,712,178,12-31,+0.0%,+0.00%,0.5000,0,✓ Yes,completed
0,712,267,12-31,+0.0%,+0.00%,0.5000,0,✓ Yes,completed
0,712,356,12-31,+0.0%,+0.00%,0.5000,0,✓ Yes,completed
0,712,445,12-31,+0.0%,+0.00%,0.5000,0,✓ Yes,completed
0,712,534,12-31,+0.0%,+0.00%,0.5000,0,✓ Yes,completed
0,712,623,12-31,+0.0%,+0.00%,0.5000,0,✓ Yes,completed
0,712,712,12-31,+0.0%,+0.00%,0.5000,0,✓ Yes,completed
0,800,0,12-31,+0.0%,+0.00%,0.5000,0,✓ Yes,completed
0,800,89,12-31,+0.0%,+0.00%,0.5000,0,✓ Yes,completed
0,800,178,12-31,+0.0%,+0.00%,0.5000,0,✓ Yes,completed
0,800,267,12-31,+0.0%,+0.00%,0.5000,0,✓ Yes,completed
0,800,356,12-31,+0.0%,+0.00%,0.5000,0,✓ Yes,completed
0,800,444,12-31,+0.0%,+0.00%,0.5000,0,✓ Yes,completed
0,800,533,12-31,+0.0%,+0.00%,0.5000,0,✓ Yes,completed
0,800,622,12-31,+0.0%,+0.00%,0.5000,0,✓ Yes,completed
0,800,711,12-31,+0.0%,+0.00%,0.5000,0,✓ Yes,completed
0,800,800,12-31,+0.0%,+0.00%,0.5000,0,✓ Yes,completed
1,271,271,01-01,+50.0%,+89.09%,0.9454,8,✗ No,budget_exceeded
1,271,271,01-01,+50.0%,+89.09%,0.9454,8,✗ No,budget_exceeded
1,311,271,01-01,+50.0%,+88.04%,0.9402,6,✗ No,budget_exceeded
1,311,311,01-01,+50.0%,+86.90%,0.9345,10,✗ No,budget_exceeded
1,350,271,01-01,+50.0%,+87.37%,0.9369,5,✗ No,budget_exceeded
1,350,350,01-01,+50.0%,+84.11%,0.9206,10,✗ No,budget_exceeded
1,390,271,01-01,+50.0%,+85.68%,0.9284,5,✗ No,budget_exceeded
1,390,330,01-01,+50.0%,+81.00%,0.9050,9,✗ No,budget_exceeded
1,390,390,01-01,+50.0%,+75.66%,0.8783,22,✗ No,budget_exceeded
1,429,271,01-01,+50.0%,+81.52%,0.9076,4,✗ No,budget_exceeded
1,429,324,01-01,+50.0%,+76.89%,0.8845,6,✗ No,budget_exceeded
1,429,376,01-01,+50.0%,+70.94%,0.8547,10,✗ No,budget_exceeded
1,429,429,01-01,+50.0%,+63.80%,0.8190,23,✗ No,budget_exceeded
1,469,271,01-01,+50.0%,+79.97%,0.8999,4,✗ No,budget_exceeded
1,469,311,01-01,+50.0%,+72.79%,0.8639,6,✗ No,budget_exceeded
1,469,350,01-01,+50.0%,+69.10%,0.8455,7,✗ No,budget_exceeded
1,469,390,01-01,+50.0%,+63.23%,0.8161,12,✗ No,budget_exceeded
1,469,429,01-01,+50.0%,+46.39%,0.7319,22,✗ No,budget_exceeded
1,469,469,01-01,+50.0%,+29.87%,0.6494,49,✗ No,budget_exceeded
1,508,271,01-01,+50.0%,+70.90%,0.8545,4,✗ No,budget_exceeded
1,508,311,01-01,+50.0%,+66.99%,0.8349,5,✗ No,budget_exceeded
1,508,350,01-01,+50.0%,+51.87%,0.7594,7,✗ No,budget_exceeded
1,508,390,01-01,+50.0%,+44.48%,0.7224,9,✗ No,budget_exceeded
1,508,429,01-01,+50.0%,+26.12%,0.6306,22,✗ No,budget_exceeded
1,508,469,01-01,+50.0%,+12.21%,0.5611,33,✗ No,budget_exceeded
1,508,508,01-01,+38.1%,+5.13%,0.5257,52,✓ Yes,completed
1,548,271,01-01,+50.0%,+65.70%,0.8285,2,✗ No,budget_exceeded
1,548,311,01-01,+50.0%,+62.31%,0.8116,3,✗ No,budget_exceeded
1,548,350,01-01,+50.0%,+47.04%,0.7352,5,✗ No,budget_exceeded
1,548,390,01-01,+50.0%,+24.66%,0.6233,10,✗ No,budget_exceeded
1,548,429,01-01,+46.8%,+5.03%,0.5252,23,✓ Yes,completed
1,548,469,01-01,+32.5%,+4.17%,0.5209,24,✓ Yes,completed
1,548,508,01-01,+23.3%,+4.26%,0.5213,22,✓ Yes,completed
1,548,548,01-01,+15.9%,+2.38%,0.5119,41,✓ Yes,completed
1,587,271,01-01,+50.0%,+65.00%,0.8250,2,✗ No,budget_exceeded
1,587,311,01-01,+50.0%,+20.06%,0.6003,5,✗ No,budget_exceeded
1,587,350,01-01,+50.0%,+18.03%,0.5902,5,✗ No,budget_exceeded
1,587,390,01-01,+24.4%,+2.71%,0.5135,5,✓ Yes,completed
1,587,429,01-01,+15.7%,+1.31%,0.5065,9,✓ Yes,completed
1,587,469,01-01,+11.2%,+0.82%,0.5041,9,✓ Yes,completed
1,587,508,01-01,+8.7%,+1.15%,0.5057,8,✓ Yes,completed
1,587,548,01-01,+6.1%,+1.34%,0.5067,8,✓ Yes,completed
1,587,587,01-01,+4.1%,+1.10%,0.5055,13,✓ Yes,completed
1,627,271,01-01,+36.8%,-0.80%,0.4960,2,✓ Yes,completed
1,627,311,01-01,+10.0%,-0.48%,0.4976,1,✓ Yes,completed
1,627,350,01-01,+9.9%,-0.44%,0.4978,1,✓ Yes,completed
1,627,390,01-01,+9.4%,-0.26%,0.4987,1,✓ Yes,completed
1,627,429,01-01,+3.4%,+0.61%,0.5030,2,✓ Yes,completed
1,627,469,01-01,+1.5%,+0.81%,0.5041,2,✓ Yes,completed
1,627,508,01-01,+1.3%,+0.80%,0.5040,2,✓ Yes,completed
1,627,548,01-01,+1.2%,+0.75%,0.5037,2,✓ Yes,completed
1,627,587,01-01,+0.9%,+0.65%,0.5033,2,✓ Yes,completed
1,627,627,01-01,+0.5%,+0.37%,0.5018,2,✓ Yes,completed
1,271,271,01-25,+50.0%,+91.98%,0.9599,13,✗ No,budget_exceeded
1,271,271,01-25,+50.0%,+91.98%,0.9599,13,✗ No,budget_exceeded
1,311,271,01-25,+50.0%,+91.02%,0.9551,10,✗ No,budget_exceeded
1,311,311,01-25,+50.0%,+89.99%,0.9500,13,✗ No,budget_exceeded
1,350,271,01-25,+50.0%,+90.00%,0.9500,8,✗ No,budget_exceeded
1,350,350,01-25,+50.0%,+87.50%,0.9375,17,✗ No,budget_exceeded
1,390,271,01-25,+50.0%,+87.45%,0.9372,7,✗ No,budget_exceeded
1,390,330,01-25,+50.0%,+84.71%,0.9236,9,✗ No,budget_exceeded
1,390,390,01-25,+50.0%,+78.30%,0.8915,29,✗ No,budget_exceeded
1,429,271,01-25,+50.0%,+82.22%,0.9111,4,✗ No,budget_exceeded
1,429,324,01-25,+50.0%,+79.01%,0.8950,7,✗ No,budget_exceeded
1,429,376,01-25,+50.0%,+71.00%,0.8550,17,✗ No,budget_exceeded
1,429,429,01-25,+50.0%,+65.63%,0.8281,35,✗ No,budget_exceeded
1,469,271,01-25,+50.0%,+80.77%,0.9038,5,✗ No,budget_exceeded
1,469,311,01-25,+50.0%,+74.55%,0.8727,8,✗ No,budget_exceeded
1,469,350,01-25,+50.0%,+68.82%,0.8441,12,✗ No,budget_exceeded
1,469,390,01-25,+50.0%,+66.14%,0.8307,15,✗ No,budget_exceeded
1,469,429,01-25,+50.0%,+55.19%,0.7760,29,✗ No,budget_exceeded
1,469,469,01-25,+50.0%,+44.33%,0.7216,49,✗ No,budget_exceeded
1,508,271,01-25,+50.0%,+68.24%,0.8412,7,✗ No,budget_exceeded
1,508,311,01-25,+50.0%,+65.08%,0.8254,8,✗ No,budget_exceeded
1,508,350,01-25,+50.0%,+54.23%,0.7712,12,✗ No,budget_exceeded
1,508,390,01-25,+50.0%,+47.54%,0.7377,15,✗ No,budget_exceeded
1,508,429,01-25,+50.0%,+32.77%,0.6638,30,✗ No,budget_exceeded
1,508,469,01-25,+48.0%,+15.37%,0.5768,39,✓ Yes,completed
1,508,508,01-25,+39.0%,+12.44%,0.5622,59,✓ Yes,completed
1,548,271,01-25,+50.0%,+64.00%,0.8200,5,✗ No,budget_exceeded
1,548,311,01-25,+50.0%,+61.24%,0.8062,6,✗ No,budget_exceeded
1,548,350,01-25,+50.0%,+46.20%,0.7310,11,✗ No,budget_exceeded
1,548,390,01-25,+50.0%,+24.40%,0.6220,18,✗ No,budget_exceeded
1,548,429,01-25,+42.4%,+12.61%,0.5630,27,✓ Yes,completed
1,548,469,01-25,+32.7%,+11.22%,0.5561,28,✓ Yes,completed
1,548,508,01-25,+27.8%,+9.08%,0.5454,29,✓ Yes,completed
1,548,548,01-25,+20.3%,+6.94%,0.5347,42,✓ Yes,completed
1,587,271,01-25,+50.0%,+45.67%,0.7283,6,✗ No,budget_exceeded
1,587,311,01-25,+38.7%,+9.22%,0.5461,9,✓ Yes,completed
1,587,350,01-25,+36.6%,+9.35%,0.5468,9,✓ Yes,completed
1,587,390,01-25,+32.7%,+9.28%,0.5464,9,✓ Yes,completed
1,587,429,01-25,+22.0%,+5.69%,0.5284,14,✓ Yes,completed
1,587,469,01-25,+15.4%,+4.26%,0.5213,14,✓ Yes,completed
1,587,508,01-25,+13.3%,+4.00%,0.5200,14,✓ Yes,completed
1,587,548,01-25,+10.2%,+4.05%,0.5203,14,✓ Yes,completed
1,587,587,01-25,+6.1%,+3.63%,0.5181,19,✓ Yes,completed
1,627,271,01-25,+39.6%,+7.10%,0.5355,3,✓ Yes,completed
1,627,311,01-25,+17.1%,+2.58%,0.5129,3,✓ Yes,completed
1,627,350,01-25,+17.0%,+2.54%,0.5127,3,✓ Yes,completed
1,627,390,01-25,+16.4%,+2.64%,0.5132,3,✓ Yes,completed
1,627,429,01-25,+6.9%,+2.80%,0.5140,4,✓ Yes,completed
1,627,469,01-25,+3.0%,+1.02%,0.5051,4,✓ Yes,completed
1,627,508,01-25,+2.7%,+0.84%,0.5042,4,✓ Yes,completed
1,627,548,01-25,+2.3%,+0.54%,0.5027,4,✓ Yes,completed
1,627,587,01-25,+1.8%,+0.36%,0.5018,4,✓ Yes,completed
1,627,627,01-25,+0.9%,+0.42%,0.5021,5,✓ Yes,completed
1,271,271,02-18,+50.0%,+87.85%,0.9392,25,✗ No,budget_exceeded
1,271,271,02-18,+50.0%,+87.85%,0.9392,25,✗ No,budget_exceeded
1,311,271,02-18,+50.0%,+86.87%,0.9343,23,✗ No,budget_exceeded
1,311,311,02-18,+50.0%,+85.43%,0.9272,25,✗ No,budget_exceeded
1,350,271,02-18,+50.0%,+85.78%,0.9289,22,✗ No,budget_exceeded
1,350,350,02-18,+50.0%,+82.96%,0.9148,26,✗ No,budget_exceeded
1,390,271,02-18,+50.0%,+83.71%,0.9185,22,✗ No,budget_exceeded
1,390,330,02-18,+50.0%,+81.59%,0.9080,24,✗ No,budget_exceeded
1,390,390,02-18,+50.0%,+75.53%,0.8776,38,✗ No,budget_exceeded
1,429,271,02-18,+50.0%,+73.93%,0.8697,23,✗ No,budget_exceeded
1,429,324,02-18,+50.0%,+69.56%,0.8478,26,✗ No,budget_exceeded
1,429,376,02-18,+50.0%,+65.80%,0.8290,29,✗ No,budget_exceeded
1,429,429,02-18,+50.0%,+50.99%,0.7550,55,✗ No,budget_exceeded
1,469,271,02-18,+50.0%,+61.88%,0.8094,24,✗ No,budget_exceeded
1,469,311,02-18,+50.0%,+57.18%,0.7859,26,✗ No,budget_exceeded
1,469,350,02-18,+50.0%,+54.03%,0.7702,29,✗ No,budget_exceeded
1,469,390,02-18,+50.0%,+48.51%,0.7426,30,✗ No,budget_exceeded
1,469,429,02-18,+50.0%,+32.84%,0.6642,44,✗ No,budget_exceeded
1,469,469,02-18,+45.1%,+16.76%,0.5838,59,✓ Yes,completed
1,508,271,02-18,+45.4%,+14.78%,0.5739,23,✓ Yes,completed
1,508,311,02-18,+44.1%,+14.88%,0.5744,23,✓ Yes,completed
1,508,350,02-18,+41.4%,+14.57%,0.5729,23,✓ Yes,completed
1,508,390,02-18,+40.5%,+14.31%,0.5716,23,✓ Yes,completed
1,508,429,02-18,+37.1%,+12.64%,0.5632,29,✓ Yes,completed
1,508,469,02-18,+33.1%,+10.88%,0.5544,32,✓ Yes,completed
1,508,508,02-18,+26.0%,+9.14%,0.5457,49,✓ Yes,completed
1,548,271,02-18,+34.3%,+9.38%,0.5469,16,✓ Yes,completed
1,548,311,02-18,+33.3%,+9.18%,0.5459,16,✓ Yes,completed
1,548,350,02-18,+31.0%,+9.33%,0.5467,16,✓ Yes,completed
1,548,390,02-18,+30.4%,+9.49%,0.5475,16,✓ Yes,completed
1,548,429,02-18,+26.4%,+8.69%,0.5435,21,✓ Yes,completed
1,548,469,02-18,+20.7%,+6.87%,0.5344,22,✓ Yes,completed
1,548,508,02-18,+17.0%,+6.54%,0.5327,22,✓ Yes,completed
1,548,548,02-18,+13.5%,+5.63%,0.5282,30,✓ Yes,completed
1,587,271,02-18,+21.5%,+4.81%,0.5240,8,✓ Yes,completed
1,587,311,02-18,+21.0%,+4.99%,0.5249,8,✓ Yes,completed
1,587,350,02-18,+19.1%,+5.15%,0.5257,8,✓ Yes,completed
1,587,390,02-18,+18.8%,+5.10%,0.5255,8,✓ Yes,completed
1,587,429,02-18,+12.5%,+3.93%,0.5197,11,✓ Yes,completed
1,587,469,02-18,+8.1%,+3.36%,0.5168,11,✓ Yes,completed
1,587,508,02-18,+7.1%,+3.15%,0.5157,11,✓ Yes,completed
1,587,548,02-18,+5.9%,+2.82%,0.5141,11,✓ Yes,completed
1,587,587,02-18,+3.9%,+2.04%,0.5102,14,✓ Yes,completed
1,627,271,02-18,+7.4%,+2.12%,0.5106,2,✓ Yes,completed
1,627,311,02-18,+7.2%,+2.22%,0.5111,2,✓ Yes,completed
1,627,350,02-18,+7.1%,+2.24%,0.5112,2,✓ Yes,completed
1,627,390,02-18,+7.0%,+2.26%,0.5113,2,✓ Yes,completed
1,627,429,02-18,+4.3%,+1.70%,0.5085,3,✓ Yes,completed
1,627,469,02-18,+2.3%,+1.13%,0.5056,3,✓ Yes,completed
1,627,508,02-18,+1.9%,+1.04%,0.5052,3,✓ Yes,completed
1,627,548,02-18,+1.6%,+1.05%,0.5053,3,✓ Yes,completed
1,627,587,02-18,+1.3%,+1.04%,0.5052,3,✓ Yes,completed
1,627,627,02-18,+0.7%,+0.74%,0.5037,4,✓ Yes,completed
1,271,271,03-14,+50.0%,+81.80%,0.9090,33,✗ No,budget_exceeded
1,271,271,03-14,+50.0%,+81.80%,0.9090,33,✗ No,budget_exceeded
1,311,271,03-14,+50.0%,+80.41%,0.9021,33,✗ No,budget_exceeded
1,311,311,03-14,+50.0%,+78.05%,0.8903,41,✗ No,budget_exceeded
1,350,271,03-14,+50.0%,+78.20%,0.8910,33,✗ No,budget_exceeded
1,350,350,03-14,+50.0%,+70.20%,0.8510,44,✗ No,budget_exceeded
1,390,271,03-14,+50.0%,+75.88%,0.8794,33,✗ No,budget_exceeded
1,390,330,03-14,+50.0%,+68.31%,0.8415,40,✗ No,budget_exceeded
1,390,390,03-14,+50.0%,+43.33%,0.7166,57,✗ No,budget_exceeded
1,429,271,03-14,+50.0%,+56.61%,0.7830,35,✗ No,budget_exceeded
1,429,324,03-14,+47.8%,+24.58%,0.6229,38,✓ Yes,completed
1,429,376,03-14,+43.8%,+23.49%,0.6174,40,✓ Yes,completed
1,429,429,03-14,+37.9%,+20.83%,0.6041,51,✓ Yes,completed
1,469,271,03-14,+40.2%,+20.09%,0.6005,31,✓ Yes,completed
1,469,311,03-14,+38.2%,+19.86%,0.5993,31,✓ Yes,completed
1,469,350,03-14,+35.8%,+19.21%,0.5960,32,✓ Yes,completed
1,469,390,03-14,+34.4%,+18.68%,0.5934,32,✓ Yes,completed
1,469,429,03-14,+30.9%,+16.65%,0.5833,34,✓ Yes,completed
1,469,469,03-14,+26.6%,+14.73%,0.5737,42,✓ Yes,completed
1,508,271,03-14,+25.0%,+12.61%,0.5630,19,✓ Yes,completed
1,508,311,03-14,+23.5%,+12.65%,0.5633,18,✓ Yes,completed
1,508,350,03-14,+22.7%,+12.78%,0.5639,18,✓ Yes,completed
1,508,390,03-14,+22.0%,+12.64%,0.5632,18,✓ Yes,completed
1,508,429,03-14,+20.2%,+12.08%,0.5604,20,✓ Yes,completed
1,508,469,03-14,+17.8%,+11.02%,0.5551,21,✓ Yes,completed
1,508,508,03-14,+14.3%,+8.99%,0.5449,34,✓ Yes,completed
1,548,271,03-14,+15.2%,+8.15%,0.5408,12,✓ Yes,completed
1,548,311,03-14,+14.6%,+8.11%,0.5405,12,✓ Yes,completed
1,548,350,03-14,+14.1%,+8.13%,0.5407,12,✓ Yes,completed
1,548,390,03-14,+13.7%,+8.04%,0.5402,12,✓ Yes,completed
1,548,429,03-14,+12.5%,+7.60%,0.5380,13,✓ Yes,completed
1,548,469,03-14,+9.9%,+6.64%,0.5332,13,✓ Yes,completed
1,548,508,03-14,+8.8%,+5.80%,0.5290,13,✓ Yes,completed
1,548,548,03-14,+7.3%,+4.54%,0.5227,16,✓ Yes,completed
1,587,271,03-14,+8.4%,+4.30%,0.5215,6,✓ Yes,completed
1,587,311,03-14,+8.1%,+4.21%,0.5211,6,✓ Yes,completed
1,587,350,03-14,+7.9%,+4.12%,0.5206,6,✓ Yes,completed
1,587,390,03-14,+7.7%,+4.00%,0.5200,6,✓ Yes,completed
1,587,429,03-14,+6.6%,+3.50%,0.5175,7,✓ Yes,completed
1,587,469,03-14,+4.5%,+2.65%,0.5132,7,✓ Yes,completed
1,587,508,03-14,+3.9%,+2.15%,0.5107,7,✓ Yes,completed
1,587,548,03-14,+3.3%,+2.00%,0.5100,7,✓ Yes,completed
1,587,587,03-14,+2.1%,+1.33%,0.5066,7,✓ Yes,completed
1,627,271,03-14,+5.4%,+2.09%,0.5105,2,✓ Yes,completed
1,627,311,03-14,+5.2%,+2.18%,0.5109,2,✓ Yes,completed
1,627,350,03-14,+5.1%,+2.20%,0.5110,2,✓ Yes,completed
1,627,390,03-14,+5.0%,+2.21%,0.5111,2,✓ Yes,completed
1,627,429,03-14,+3.2%,+1.40%,0.5070,2,✓ Yes,completed
1,627,469,03-14,+1.4%,+0.86%,0.5043,2,✓ Yes,completed
1,627,508,03-14,+1.1%,+0.83%,0.5041,2,✓ Yes,completed
1,627,548,03-14,+0.9%,+0.76%,0.5038,2,✓ Yes,completed
1,627,587,03-14,+0.8%,+0.69%,0.5035,2,✓ Yes,completed
1,627,627,03-14,+0.4%,+0.36%,0.5018,2,✓ Yes,completed
1,271,271,04-07,+50.0%,+76.08%,0.8804,40,✗ No,budget_exceeded
1,271,271,04-07,+50.0%,+76.08%,0.8804,40,✗ No,budget_exceeded
1,311,271,04-07,+50.0%,+71.87%,0.8594,41,✗ No,budget_exceeded
1,311,311,04-07,+50.0%,+46.69%,0.7334,69,✗ No,budget_exceeded
1,350,271,04-07,+50.0%,+33.52%,0.6676,42,✗ No,budget_exceeded
1,350,350,04-07,+41.7%,+22.59%,0.6130,56,✓ Yes,completed
1,390,271,04-07,+42.1%,+21.94%,0.6097,35,✓ Yes,completed
1,390,330,04-07,+36.2%,+21.06%,0.6053,35,✓ Yes,completed
1,390,390,04-07,+28.3%,+19.56%,0.5978,41,✓ Yes,completed
1,429,271,04-07,+26.9%,+17.80%,0.5890,21,✓ Yes,completed
1,429,324,04-07,+24.2%,+16.69%,0.5835,22,✓ Yes,completed
1,429,376,04-07,+21.3%,+15.83%,0.5792,24,✓ Yes,completed
1,429,429,04-07,+18.2%,+13.82%,0.5691,30,✓ Yes,completed
1,469,271,04-07,+19.1%,+13.17%,0.5659,18,✓ Yes,completed
1,469,311,04-07,+17.7%,+12.81%,0.5640,18,✓ Yes,completed
1,469,350,04-07,+15.8%,+11.67%,0.5584,19,✓ Yes,completed
1,469,390,04-07,+14.8%,+10.98%,0.5549,19,✓ Yes,completed
1,469,429,04-07,+13.3%,+10.00%,0.5500,19,✓ Yes,completed
1,469,469,04-07,+10.8%,+8.06%,0.5403,24,✓ Yes,completed
1,508,271,04-07,+7.4%,+5.01%,0.5251,8,✓ Yes,completed
1,508,311,04-07,+7.1%,+5.00%,0.5250,8,✓ Yes,completed
1,508,350,04-07,+6.7%,+4.94%,0.5247,8,✓ Yes,completed
1,508,390,04-07,+6.3%,+4.82%,0.5241,8,✓ Yes,completed
1,508,429,04-07,+5.9%,+4.49%,0.5224,8,✓ Yes,completed
1,508,469,04-07,+5.3%,+4.22%,0.5211,8,✓ Yes,completed
1,508,508,04-07,+4.1%,+3.61%,0.5181,14,✓ Yes,completed
1,548,271,04-07,+2.8%,+2.46%,0.5123,3,✓ Yes,completed
1,548,311,04-07,+2.7%,+2.40%,0.5120,3,✓ Yes,completed
1,548,350,04-07,+2.5%,+2.33%,0.5117,3,✓ Yes,completed
1,548,390,04-07,+2.4%,+2.24%,0.5112,3,✓ Yes,completed
1,548,429,04-07,+2.3%,+2.15%,0.5107,3,✓ Yes,completed
1,548,469,04-07,+2.1%,+1.96%,0.5098,3,✓ Yes,completed
1,548,508,04-07,+1.8%,+1.71%,0.5085,3,✓ Yes,completed
1,548,548,04-07,+1.5%,+1.44%,0.5072,4,✓ Yes,completed
1,587,271,04-07,+0.4%,+0.38%,0.5019,1,✓ Yes,completed
1,587,311,04-07,+0.4%,+0.37%,0.5018,1,✓ Yes,completed
1,587,350,04-07,+0.4%,+0.36%,0.5018,1,✓ Yes,completed
1,587,390,04-07,+0.4%,+0.33%,0.5017,1,✓ Yes,completed
1,587,429,04-07,+0.3%,+0.30%,0.5015,1,✓ Yes,completed
1,587,469,04-07,+0.3%,+0.27%,0.5013,1,✓ Yes,completed
1,587,508,04-07,+0.2%,+0.19%,0.5010,1,✓ Yes,completed
1,587,548,04-07,+0.1%,+0.10%,0.5005,1,✓ Yes,completed
1,587,587,04-07,+0.0%,+0.03%,0.5001,1,✓ Yes,completed
1,627,271,04-07,+0.0%,+0.00%,0.5000,0,✓ Yes,completed
1,627,311,04-07,+0.0%,+0.00%,0.5000,0,✓ Yes,completed
1,627,350,04-07,+0.0%,+0.00%,0.5000,0,✓ Yes,completed
1,627,390,04-07,+0.0%,+0.00%,0.5000,0,✓ Yes,completed
1,627,429,04-07,+0.0%,+0.00%,0.5000,0,✓ Yes,completed
1,627,469,04-07,+0.0%,+0.00%,0.5000,0,✓ Yes,completed
1,627,508,04-07,+0.0%,+0.00%,0.5000,0,✓ Yes,completed
1,627,548,04-07,+0.0%,+0.00%,0.5000,0,✓ Yes,completed
1,627,587,04-07,+0.0%,+0.00%,0.5000,0,✓ Yes,completed
1,627,627,04-07,+0.0%,+0.00%,0.5000,0,✓ Yes,completed
1,271,271,05-01,+50.0%,+41.03%,0.7052,67,✗ No,budget_exceeded
1,271,271,05-01,+50.0%,+41.03%,0.7052,67,✗ No,budget_exceeded
1,311,271,05-01,+50.0%,+27.58%,0.6379,56,✗ No,budget_exceeded
1,311,311,05-01,+50.0%,+16.04%,0.5802,79,✗ No,budget_exceeded
1,350,271,05-01,+42.7%,+9.04%,0.5452,43,✓ Yes,completed
1,350,350,05-01,+22.6%,+8.77%,0.5439,39,✓ Yes,completed
1,390,271,05-01,+20.7%,+7.34%,0.5367,23,✓ Yes,completed
1,390,330,05-01,+16.9%,+7.03%,0.5351,21,✓ Yes,completed
1,390,390,05-01,+12.0%,+6.81%,0.5340,23,✓ Yes,completed
1,429,271,05-01,+7.9%,+4.35%,0.5218,10,✓ Yes,completed
1,429,324,05-01,+7.4%,+4.07%,0.5204,10,✓ Yes,completed
1,429,376,05-01,+6.6%,+4.01%,0.5201,10,✓ Yes,completed
1,429,429,05-01,+5.2%,+3.38%,0.5169,13,✓ Yes,completed
1,469,271,05-01,+2.9%,+2.39%,0.5120,4,✓ Yes,completed
1,469,311,05-01,+2.8%,+2.44%,0.5122,4,✓ Yes,completed
1,469,350,05-01,+2.6%,+2.43%,0.5121,4,✓ Yes,completed
1,469,390,05-01,+2.5%,+2.34%,0.5117,4,✓ Yes,completed
1,469,429,05-01,+2.2%,+2.10%,0.5105,4,✓ Yes,completed
1,469,469,05-01,+2.0%,+1.89%,0.5094,5,✓ Yes,completed
1,508,271,05-01,+1.3%,+1.22%,0.5061,2,✓ Yes,completed
1,508,311,05-01,+1.2%,+1.23%,0.5061,2,✓ Yes,completed
1,508,350,05-01,+1.2%,+1.23%,0.5061,2,✓ Yes,completed
1,508,390,05-01,+1.1%,+1.22%,0.5061,2,✓ Yes,completed
1,508,429,05-01,+0.9%,+1.13%,0.5057,2,✓ Yes,completed
1,508,469,05-01,+0.8%,+1.01%,0.5050,2,✓ Yes,completed
1,508,508,05-01,+0.2%,+0.15%,0.5007,2,✓ Yes,completed
1,548,271,05-01,+0.0%,+0.00%,0.5000,0,✓ Yes,completed
1,548,311,05-01,+0.0%,+0.00%,0.5000,0,✓ Yes,completed
1,548,350,05-01,+0.0%,+0.00%,0.5000,0,✓ Yes,completed
1,548,390,05-01,+0.0%,+0.00%,0.5000,0,✓ Yes,completed
1,548,429,05-01,+0.0%,+0.00%,0.5000,0,✓ Yes,completed
1,548,469,05-01,+0.0%,+0.00%,0.5000,0,✓ Yes,completed
1,548,508,05-01,+0.0%,+0.00%,0.5000,0,✓ Yes,completed
1,548,548,05-01,+0.0%,+0.00%,0.5000,0,✓ Yes,completed
1,587,271,05-01,+0.0%,+0.00%,0.5000,0,✓ Yes,completed
1,587,311,05-01,+0.0%,+0.00%,0.5000,0,✓ Yes,completed
1,587,350,05-01,+0.0%,+0.00%,0.5000,0,✓ Yes,completed
1,587,390,05-01,+0.0%,+0.00%,0.5000,0,✓ Yes,completed
1,587,429,05-01,+0.0%,+0.00%,0.5000,0,✓ Yes,completed
1,587,469,05-01,+0.0%,+0.00%,0.5000,0,✓ Yes,completed
1,587,508,05-01,+0.0%,+0.00%,0.5000,0,✓ Yes,completed
1,587,548,05-01,+0.0%,+0.00%,0.5000,0,✓ Yes,completed
1,587,587,05-01,+0.0%,+0.00%,0.5000,0,✓ Yes,completed
1,627,271,05-01,+0.0%,+0.00%,0.5000,0,✓ Yes,completed
1,627,311,05-01,+0.0%,+0.00%,0.5000,0,✓ Yes,completed
1,627,350,05-01,+0.0%,+0.00%,0.5000,0,✓ Yes,completed
1,627,390,05-01,+0.0%,+0.00%,0.5000,0,✓ Yes,completed
1,627,429,05-01,+0.0%,+0.00%,0.5000,0,✓ Yes,completed
1,627,469,05-01,+0.0%,+0.00%,0.5000,0,✓ Yes,completed
1,627,508,05-01,+0.0%,+0.00%,0.5000,0,✓ Yes,completed
1,627,548,05-01,+0.0%,+0.00%,0.5000,0,✓ Yes,completed
1,627,587,05-01,+0.0%,+0.00%,0.5000,0,✓ Yes,completed
1,627,627,05-01,+0.0%,+0.00%,0.5000,0,✓ Yes,completed
1,271,271,05-24,+50.0%,+50.71%,0.7535,65,✗ No,budget_exceeded
1,271,271,05-24,+50.0%,+50.71%,0.7535,65,✗ No,budget_exceeded
1,311,271,05-24,+50.0%,+40.78%,0.7039,48,✗ No,budget_exceeded
1,311,311,05-24,+50.0%,+23.65%,0.6182,65,✗ No,budget_exceeded
1,350,271,05-24,+50.0%,+18.33%,0.5916,46,✗ No,budget_exceeded
1,350,350,05-24,+35.7%,+13.21%,0.5660,50,✓ Yes,completed
1,390,271,05-24,+35.8%,+12.32%,0.5616,31,✓ Yes,completed
1,390,330,05-24,+31.6%,+10.43%,0.5522,33,✓ Yes,completed
1,390,390,05-24,+26.3%,+8.80%,0.5440,39,✓ Yes,completed
1,429,271,05-24,+27.3%,+7.86%,0.5393,22,✓ Yes,completed
1,429,324,05-24,+24.7%,+7.51%,0.5376,24,✓ Yes,completed
1,429,376,05-24,+22.3%,+6.72%,0.5336,24,✓ Yes,completed
1,429,429,05-24,+17.2%,+5.07%,0.5254,29,✓ Yes,completed
1,469,271,05-24,+22.1%,+4.93%,0.5247,19,✓ Yes,completed
1,469,311,05-24,+20.4%,+4.60%,0.5230,20,✓ Yes,completed
1,469,350,05-24,+16.9%,+4.22%,0.5211,19,✓ Yes,completed
1,469,390,05-24,+13.6%,+4.57%,0.5229,17,✓ Yes,completed
1,469,429,05-24,+10.6%,+3.91%,0.5195,16,✓ Yes,completed
1,469,469,05-24,+8.7%,+3.17%,0.5158,21,✓ Yes,completed
1,508,271,05-24,+7.5%,+1.99%,0.5099,9,✓ Yes,completed
1,508,311,05-24,+7.1%,+2.26%,0.5113,9,✓ Yes,completed
1,508,350,05-24,+6.7%,+2.47%,0.5123,9,✓ Yes,completed
1,508,390,05-24,+6.1%,+2.40%,0.5120,9,✓ Yes,completed
1,508,429,05-24,+5.5%,+1.99%,0.5100,9,✓ Yes,completed
1,508,469,05-24,+4.8%,+1.79%,0.5090,9,✓ Yes,completed
1,508,508,05-24,+2.2%,+0.65%,0.5032,12,✓ Yes,completed
1,548,271,05-24,+0.8%,+0.43%,0.5022,1,✓ Yes,completed
1,548,311,05-24,+0.7%,+0.42%,0.5021,1,✓ Yes,completed
1,548,350,05-24,+0.6%,+0.40%,0.5020,1,✓ Yes,completed
1,548,390,05-24,+0.6%,+0.36%,0.5018,1,✓ Yes,completed
1,548,429,05-24,+0.5%,+0.31%,0.5016,1,✓ Yes,completed
1,548,469,05-24,+0.4%,+0.25%,0.5013,1,✓ Yes,completed
1,548,508,05-24,+0.3%,+0.21%,0.5010,1,✓ Yes,completed
1,548,548,05-24,+0.2%,+0.09%,0.5005,1,✓ Yes,completed
1,587,271,05-24,+0.0%,+0.00%,0.5000,0,✓ Yes,completed
1,587,311,05-24,+0.0%,+0.00%,0.5000,0,✓ Yes,completed
1,587,350,05-24,+0.0%,+0.00%,0.5000,0,✓ Yes,completed
1,587,390,05-24,+0.0%,+0.00%,0.5000,0,✓ Yes,completed
1,587,429,05-24,+0.0%,+0.00%,0.5000,0,✓ Yes,completed
1,587,469,05-24,+0.0%,+0.00%,0.5000,0,✓ Yes,completed
1,587,508,05-24,+0.0%,+0.00%,0.5000,0,✓ Yes,completed
1,587,548,05-24,+0.0%,+0.00%,0.5000,0,✓ Yes,completed
1,587,587,05-24,+0.0%,+0.00%,0.5000,0,✓ Yes,completed
1,627,271,05-24,+0.0%,+0.00%,0.5000,0,✓ Yes,completed
1,627,311,05-24,+0.0%,+0.00%,0.5000,0,✓ Yes,completed
1,627,350,05-24,+0.0%,+0.00%,0.5000,0,✓ Yes,completed
1,627,390,05-24,+0.0%,+0.00%,0.5000,0,✓ Yes,completed
1,627,429,05-24,+0.0%,+0.00%,0.5000,0,✓ Yes,completed
1,627,469,05-24,+0.0%,+0.00%,0.5000,0,✓ Yes,completed
1,627,508,05-24,+0.0%,+0.00%,0.5000,0,✓ Yes,completed
1,627,548,05-24,+0.0%,+0.00%,0.5000,0,✓ Yes,completed
1,627,587,05-24,+0.0%,+0.00%,0.5000,0,✓ Yes,completed
1,627,627,05-24,+0.0%,+0.00%,0.5000,0,✓ Yes,completed
2,349,244,02-10,+50.0%,+91.86%,0.9593,12,✗ No,budget_exceeded
2,349,261,02-10,+50.0%,+91.18%,0.9559,14,✗ No,budget_exceeded
2,349,279,02-10,+50.0%,+90.18%,0.9509,15,✗ No,budget_exceeded
2,349,296,02-10,+50.0%,+89.77%,0.9489,15,✗ No,budget_exceeded
2,349,314,02-10,+50.0%,+89.25%,0.9463,16,✗ No,budget_exceeded
2,349,332,02-10,+50.0%,+88.96%,0.9448,16,✗ No,budget_exceeded
2,349,349,02-10,+50.0%,+88.23%,0.9411,20,✗ No,budget_exceeded
2,367,244,02-10,+50.0%,+91.42%,0.9571,12,✗ No,budget_exceeded
2,367,261,02-10,+50.0%,+90.69%,0.9535,14,✗ No,budget_exceeded
2,367,279,02-10,+50.0%,+89.69%,0.9485,15,✗ No,budget_exceeded
2,367,297,02-10,+50.0%,+89.27%,0.9464,15,✗ No,budget_exceeded
2,367,314,02-10,+50.0%,+88.74%,0.9437,16,✗ No,budget_exceeded
2,367,332,02-10,+50.0%,+88.44%,0.9422,16,✗ No,budget_exceeded
2,367,349,02-10,+50.0%,+87.57%,0.9379,18,✗ No,budget_exceeded
2,367,367,02-10,+50.0%,+86.43%,0.9322,23,✗ No,budget_exceeded
2,385,244,02-10,+50.0%,+91.05%,0.9552,12,✗ No,budget_exceeded
2,385,261,02-10,+50.0%,+90.27%,0.9513,14,✗ No,budget_exceeded
2,385,279,02-10,+50.0%,+89.23%,0.9461,15,✗ No,budget_exceeded
2,385,297,02-10,+50.0%,+88.83%,0.9442,15,✗ No,budget_exceeded
2,385,314,02-10,+50.0%,+88.26%,0.9413,16,✗ No,budget_exceeded
2,385,332,02-10,+50.0%,+87.97%,0.9398,16,✗ No,budget_exceeded
2,385,349,02-10,+50.0%,+86.59%,0.9329,19,✗ No,budget_exceeded
2,385,367,02-10,+50.0%,+84.98%,0.9249,24,✗ No,budget_exceeded
2,385,385,02-10,+50.0%,+82.19%,0.9110,35,✗ No,budget_exceeded
2,402,244,02-10,+50.0%,+90.40%,0.9520,12,✗ No,budget_exceeded
2,402,261,02-10,+50.0%,+89.20%,0.9460,13,✗ No,budget_exceeded
2,402,279,02-10,+50.0%,+88.31%,0.9415,14,✗ No,budget_exceeded
2,402,297,02-10,+50.0%,+87.96%,0.9398,14,✗ No,budget_exceeded
2,402,314,02-10,+50.0%,+87.39%,0.9370,15,✗ No,budget_exceeded
2,402,332,02-10,+50.0%,+86.76%,0.9338,16,✗ No,budget_exceeded
2,402,350,02-10,+50.0%,+85.11%,0.9255,19,✗ No,budget_exceeded
2,402,367,02-10,+50.0%,+82.43%,0.9122,24,✗ No,budget_exceeded
2,402,385,02-10,+50.0%,+80.16%,0.9008,26,✗ No,budget_exceeded
2,402,402,02-10,+50.0%,+76.04%,0.8802,34,✗ No,budget_exceeded
2,420,244,02-10,+50.0%,+87.90%,0.9395,10,✗ No,budget_exceeded
2,420,261,02-10,+50.0%,+86.42%,0.9321,12,✗ No,budget_exceeded
2,420,279,02-10,+50.0%,+86.05%,0.9303,13,✗ No,budget_exceeded
2,420,297,02-10,+50.0%,+85.75%,0.9287,13,✗ No,budget_exceeded
2,420,314,02-10,+50.0%,+84.74%,0.9237,15,✗ No,budget_exceeded
2,420,332,02-10,+50.0%,+84.43%,0.9222,15,✗ No,budget_exceeded
2,420,350,02-10,+50.0%,+81.73%,0.9086,19,✗ No,budget_exceeded
2,420,367,02-10,+50.0%,+78.74%,0.8937,23,✗ No,budget_exceeded
2,420,385,02-10,+50.0%,+74.68%,0.8734,24,✗ No,budget_exceeded
2,420,403,02-10,+50.0%,+73.22%,0.8661,27,✗ No,budget_exceeded
2,420,420,02-10,+50.0%,+70.14%,0.8507,40,✗ No,budget_exceeded
2,438,244,02-10,+50.0%,+86.67%,0.9333,9,✗ No,budget_exceeded
2,438,261,02-10,+50.0%,+80.42%,0.9021,14,✗ No,budget_exceeded
2,438,279,02-10,+50.0%,+79.96%,0.8998,15,✗ No,budget_exceeded
2,438,297,02-10,+50.0%,+79.67%,0.8983,15,✗ No,budget_exceeded
2,438,314,02-10,+50.0%,+79.13%,0.8956,16,✗ No,budget_exceeded
2,438,332,02-10,+50.0%,+78.85%,0.8942,16,✗ No,budget_exceeded
2,438,350,02-10,+50.0%,+74.57%,0.8728,19,✗ No,budget_exceeded
2,438,367,02-10,+50.0%,+73.34%,0.8667,20,✗ No,budget_exceeded
2,438,385,02-10,+50.0%,+72.33%,0.8616,21,✗ No,budget_exceeded
2,438,403,02-10,+50.0%,+70.65%,0.8533,24,✗ No,budget_exceeded
2,438,420,02-10,+50.0%,+67.50%,0.8375,29,✗ No,budget_exceeded
2,438,438,02-10,+50.0%,+59.11%,0.7956,39,✗ No,budget_exceeded
2,456,244,02-10,+50.0%,+84.51%,0.9226,8,✗ No,budget_exceeded
2,456,261,02-10,+50.0%,+78.30%,0.8915,13,✗ No,budget_exceeded
2,456,279,02-10,+50.0%,+77.77%,0.8888,14,✗ No,budget_exceeded
2,456,297,02-10,+50.0%,+75.31%,0.8766,15,✗ No,budget_exceeded
2,456,314,02-10,+50.0%,+75.09%,0.8754,15,✗ No,budget_exceeded
2,456,332,02-10,+50.0%,+74.82%,0.8741,15,✗ No,budget_exceeded
2,456,350,02-10,+50.0%,+72.09%,0.8604,18,✗ No,budget_exceeded
2,456,367,02-10,+50.0%,+70.89%,0.8544,19,✗ No,budget_exceeded
2,456,385,02-10,+50.0%,+70.33%,0.8517,19,✗ No,budget_exceeded
2,456,403,02-10,+50.0%,+68.31%,0.8416,23,✗ No,budget_exceeded
2,456,420,02-10,+50.0%,+63.21%,0.8161,28,✗ No,budget_exceeded
2,456,438,02-10,+50.0%,+53.90%,0.7695,36,✗ No,budget_exceeded
2,456,456,02-10,+50.0%,+49.87%,0.7494,51,✗ No,budget_exceeded
2,474,244,02-10,+50.0%,+77.20%,0.8860,11,✗ No,budget_exceeded
2,474,261,02-10,+50.0%,+69.71%,0.8486,13,✗ No,budget_exceeded
2,474,279,02-10,+50.0%,+68.82%,0.8441,15,✗ No,budget_exceeded
2,474,297,02-10,+50.0%,+68.20%,0.8410,16,✗ No,budget_exceeded
2,474,315,02-10,+50.0%,+67.96%,0.8398,16,✗ No,budget_exceeded
2,474,332,02-10,+50.0%,+67.68%,0.8384,16,✗ No,budget_exceeded
2,474,350,02-10,+50.0%,+66.74%,0.8337,18,✗ No,budget_exceeded
2,474,368,02-10,+50.0%,+66.25%,0.8312,19,✗ No,budget_exceeded
2,474,385,02-10,+50.0%,+62.98%,0.8149,20,✗ No,budget_exceeded
2,474,403,02-10,+50.0%,+58.76%,0.7938,24,✗ No,budget_exceeded
2,474,421,02-10,+50.0%,+53.56%,0.7678,29,✗ No,budget_exceeded
2,474,438,02-10,+50.0%,+49.40%,0.7470,34,✗ No,budget_exceeded
2,474,456,02-10,+50.0%,+36.56%,0.6828,42,✗ No,budget_exceeded
2,474,474,02-10,+50.0%,+21.40%,0.6070,60,✗ No,budget_exceeded
2,491,244,02-10,+50.0%,+72.97%,0.8648,12,✗ No,budget_exceeded
2,491,262,02-10,+50.0%,+67.04%,0.8352,14,✗ No,budget_exceeded
2,491,279,02-10,+50.0%,+65.42%,0.8271,17,✗ No,budget_exceeded
2,491,297,02-10,+50.0%,+62.27%,0.8114,18,✗ No,budget_exceeded
2,491,315,02-10,+50.0%,+62.00%,0.8100,18,✗ No,budget_exceeded
2,491,332,02-10,+50.0%,+61.70%,0.8085,18,✗ No,budget_exceeded
2,491,350,02-10,+50.0%,+58.13%,0.7907,20,✗ No,budget_exceeded
2,491,368,02-10,+50.0%,+57.60%,0.7880,21,✗ No,budget_exceeded
2,491,385,02-10,+50.0%,+53.94%,0.7697,22,✗ No,budget_exceeded
2,491,403,02-10,+50.0%,+51.56%,0.7578,27,✗ No,budget_exceeded
2,491,421,02-10,+50.0%,+44.16%,0.7208,32,✗ No,budget_exceeded
2,491,438,02-10,+50.0%,+30.14%,0.6507,40,✗ No,budget_exceeded
2,491,456,02-10,+50.0%,+17.87%,0.5894,46,✗ No,budget_exceeded
2,491,474,02-10,+46.2%,+15.11%,0.5755,48,✓ Yes,completed
2,491,491,02-10,+40.7%,+13.91%,0.5695,68,✓ Yes,completed
2,509,244,02-10,+50.0%,+68.72%,0.8436,10,✗ No,budget_exceeded
2,509,260,02-10,+50.0%,+51.54%,0.7577,15,✗ No,budget_exceeded
2,509,277,02-10,+50.0%,+49.58%,0.7479,18,✗ No,budget_exceeded
2,509,294,02-10,+50.0%,+48.11%,0.7406,19,✗ No,budget_exceeded
2,509,310,02-10,+50.0%,+43.44%,0.7172,20,✗ No,budget_exceeded
2,509,327,02-10,+50.0%,+43.14%,0.7157,20,✗ No,budget_exceeded
2,509,343,02-10,+50.0%,+28.85%,0.6442,22,✗ No,budget_exceeded
2,509,360,02-10,+50.0%,+20.12%,0.6006,24,✗ No,budget_exceeded
2,509,376,02-10,+50.0%,+15.53%,0.5776,24,✓ Yes,completed
2,509,393,02-10,+49.2%,+15.35%,0.5768,25,✓ Yes,completed
2,509,410,02-10,+47.9%,+14.89%,0.5744,27,✓ Yes,completed
2,509,426,02-10,+46.2%,+14.68%,0.5734,30,✓ Yes,completed
2,509,443,02-10,+43.7%,+14.57%,0.5728,31,✓ Yes,completed
2,509,459,02-10,+41.5%,+14.30%,0.5715,34,✓ Yes,completed
2,509,476,02-10,+39.1%,+12.93%,0.5647,35,✓ Yes,completed
2,509,493,02-10,+36.4%,+12.43%,0.5622,36,✓ Yes,completed
2,509,509,02-10,+31.9%,+11.90%,0.5595,49,✓ Yes,completed
2,349,244,02-21,+50.0%,+87.78%,0.9389,18,✗ No,budget_exceeded
2,349,261,02-21,+50.0%,+86.83%,0.9342,20,✗ No,budget_exceeded
2,349,279,02-21,+50.0%,+84.96%,0.9248,24,✗ No,budget_exceeded
2,349,296,02-21,+50.0%,+84.34%,0.9217,24,✗ No,budget_exceeded
2,349,314,02-21,+50.0%,+82.12%,0.9106,27,✗ No,budget_exceeded
2,349,332,02-21,+50.0%,+81.41%,0.9070,28,✗ No,budget_exceeded
2,349,349,02-21,+50.0%,+80.69%,0.9034,29,✗ No,budget_exceeded
2,367,244,02-21,+50.0%,+87.25%,0.9363,18,✗ No,budget_exceeded
2,367,261,02-21,+50.0%,+86.05%,0.9303,21,✗ No,budget_exceeded
2,367,279,02-21,+50.0%,+84.33%,0.9216,24,✗ No,budget_exceeded
2,367,297,02-21,+50.0%,+82.15%,0.9108,26,✗ No,budget_exceeded
2,367,314,02-21,+50.0%,+81.20%,0.9060,28,✗ No,budget_exceeded
2,367,332,02-21,+50.0%,+80.69%,0.9035,28,✗ No,budget_exceeded
2,367,349,02-21,+50.0%,+79.74%,0.8987,29,✗ No,budget_exceeded
2,367,367,02-21,+50.0%,+77.32%,0.8866,32,✗ No,budget_exceeded
2,385,244,02-21,+50.0%,+86.70%,0.9335,18,✗ No,budget_exceeded
2,385,261,02-21,+50.0%,+85.43%,0.9272,21,✗ No,budget_exceeded
2,385,279,02-21,+50.0%,+83.24%,0.9162,25,✗ No,budget_exceeded
2,385,297,02-21,+50.0%,+81.23%,0.9062,27,✗ No,budget_exceeded
2,385,314,02-21,+50.0%,+80.43%,0.9022,28,✗ No,budget_exceeded
2,385,332,02-21,+50.0%,+79.14%,0.8957,30,✗ No,budget_exceeded
2,385,349,02-21,+50.0%,+76.94%,0.8847,32,✗ No,budget_exceeded
2,385,367,02-21,+50.0%,+76.29%,0.8814,32,✗ No,budget_exceeded
2,385,385,02-21,+50.0%,+72.97%,0.8648,40,✗ No,budget_exceeded
2,402,244,02-21,+50.0%,+85.43%,0.9271,19,✗ No,budget_exceeded
2,402,261,02-21,+50.0%,+83.21%,0.9160,22,✗ No,budget_exceeded
2,402,279,02-21,+50.0%,+80.37%,0.9019,26,✗ No,budget_exceeded
2,402,297,02-21,+50.0%,+79.40%,0.8970,27,✗ No,budget_exceeded
2,402,314,02-21,+50.0%,+76.35%,0.8818,29,✗ No,budget_exceeded
2,402,332,02-21,+50.0%,+75.47%,0.8774,30,✗ No,budget_exceeded
2,402,350,02-21,+50.0%,+74.86%,0.8743,30,✗ No,budget_exceeded
2,402,367,02-21,+50.0%,+72.80%,0.8640,31,✗ No,budget_exceeded
2,402,385,02-21,+50.0%,+71.39%,0.8569,32,✗ No,budget_exceeded
2,402,402,02-21,+50.0%,+69.49%,0.8475,37,✗ No,budget_exceeded
2,420,244,02-21,+50.0%,+78.60%,0.8930,20,✗ No,budget_exceeded
2,420,261,02-21,+50.0%,+76.10%,0.8805,22,✗ No,budget_exceeded
2,420,279,02-21,+50.0%,+74.87%,0.8743,25,✗ No,budget_exceeded
2,420,297,02-21,+50.0%,+74.40%,0.8720,25,✗ No,budget_exceeded
2,420,314,02-21,+50.0%,+71.32%,0.8566,28,✗ No,budget_exceeded
2,420,332,02-21,+50.0%,+70.80%,0.8540,28,✗ No,budget_exceeded
2,420,350,02-21,+50.0%,+69.97%,0.8498,29,✗ No,budget_exceeded
2,420,367,02-21,+50.0%,+69.39%,0.8469,29,✗ No,budget_exceeded
2,420,385,02-21,+50.0%,+67.92%,0.8396,30,✗ No,budget_exceeded
2,420,403,02-21,+50.0%,+62.87%,0.8144,35,✗ No,budget_exceeded
2,420,420,02-21,+50.0%,+58.97%,0.7949,48,✗ No,budget_exceeded
2,438,244,02-21,+50.0%,+72.00%,0.8600,20,✗ No,budget_exceeded
2,438,261,02-21,+50.0%,+70.51%,0.8526,22,✗ No,budget_exceeded
2,438,279,02-21,+50.0%,+69.31%,0.8466,25,✗ No,budget_exceeded
2,438,297,02-21,+50.0%,+68.86%,0.8443,25,✗ No,budget_exceeded
2,438,314,02-21,+50.0%,+67.76%,0.8388,26,✗ No,budget_exceeded
2,438,332,02-21,+50.0%,+67.32%,0.8366,26,✗ No,budget_exceeded
2,438,350,02-21,+50.0%,+64.91%,0.8245,27,✗ No,budget_exceeded
2,438,367,02-21,+50.0%,+62.88%,0.8144,28,✗ No,budget_exceeded
2,438,385,02-21,+50.0%,+62.20%,0.8110,28,✗ No,budget_exceeded
2,438,403,02-21,+50.0%,+57.25%,0.7862,33,✗ No,budget_exceeded
2,438,420,02-21,+50.0%,+51.02%,0.7551,39,✗ No,budget_exceeded
2,438,438,02-21,+50.0%,+47.23%,0.7361,51,✗ No,budget_exceeded
2,456,244,02-21,+50.0%,+67.90%,0.8395,19,✗ No,budget_exceeded
2,456,261,02-21,+50.0%,+63.85%,0.8192,22,✗ No,budget_exceeded
2,456,279,02-21,+50.0%,+61.43%,0.8072,25,✗ No,budget_exceeded
2,456,297,02-21,+50.0%,+60.61%,0.8030,26,✗ No,budget_exceeded
2,456,314,02-21,+50.0%,+58.99%,0.7950,27,✗ No,budget_exceeded
2,456,332,02-21,+50.0%,+58.53%,0.7926,27,✗ No,budget_exceeded
2,456,350,02-21,+50.0%,+55.41%,0.7770,28,✗ No,budget_exceeded
2,456,367,02-21,+50.0%,+54.99%,0.7749,28,✗ No,budget_exceeded
2,456,385,02-21,+50.0%,+53.82%,0.7691,29,✗ No,budget_exceeded
2,456,403,02-21,+50.0%,+49.49%,0.7475,33,✗ No,budget_exceeded
2,456,420,02-21,+50.0%,+47.07%,0.7353,37,✗ No,budget_exceeded
2,456,438,02-21,+50.0%,+37.81%,0.6890,44,✗ No,budget_exceeded
2,456,456,02-21,+49.2%,+19.40%,0.5970,64,✓ Yes,completed
2,474,244,02-21,+50.0%,+61.27%,0.8064,21,✗ No,budget_exceeded
2,474,261,02-21,+50.0%,+59.48%,0.7974,23,✗ No,budget_exceeded
2,474,279,02-21,+50.0%,+53.24%,0.7662,27,✗ No,budget_exceeded
2,474,297,02-21,+50.0%,+52.77%,0.7638,27,✗ No,budget_exceeded
2,474,315,02-21,+50.0%,+48.99%,0.7449,29,✗ No,budget_exceeded
2,474,332,02-21,+50.0%,+48.50%,0.7425,29,✗ No,budget_exceeded
2,474,350,02-21,+50.0%,+47.56%,0.7378,30,✗ No,budget_exceeded
2,474,368,02-21,+50.0%,+47.07%,0.7353,30,✗ No,budget_exceeded
2,474,385,02-21,+50.0%,+43.44%,0.7172,31,✗ No,budget_exceeded
2,474,403,02-21,+50.0%,+38.06%,0.6903,35,✗ No,budget_exceeded
2,474,421,02-21,+50.0%,+34.56%,0.6728,40,✗ No,budget_exceeded
2,474,438,02-21,+48.0%,+18.69%,0.5934,43,✓ Yes,completed
2,474,456,02-21,+45.6%,+17.52%,0.5876,46,✓ Yes,completed
2,474,474,02-21,+42.1%,+16.19%,0.5809,58,✓ Yes,completed
2,491,244,02-21,+50.0%,+52.06%,0.7603,23,✗ No,budget_exceeded
2,491,262,02-21,+50.0%,+46.76%,0.7338,25,✗ No,budget_exceeded
2,491,279,02-21,+50.0%,+37.75%,0.6887,29,✗ No,budget_exceeded
2,491,297,02-21,+50.0%,+36.47%,0.6823,30,✗ No,budget_exceeded
2,491,315,02-21,+50.0%,+33.68%,0.6684,32,✗ No,budget_exceeded
2,491,332,02-21,+49.9%,+18.48%,0.5924,32,✓ Yes,completed
2,491,350,02-21,+49.4%,+18.58%,0.5929,32,✓ Yes,completed
2,491,368,02-21,+48.8%,+18.55%,0.5927,32,✓ Yes,completed
2,491,385,02-21,+48.2%,+18.21%,0.5910,32,✓ Yes,completed
2,491,403,02-21,+46.9%,+17.75%,0.5888,34,✓ Yes,completed
2,491,421,02-21,+45.1%,+16.95%,0.5848,37,✓ Yes,completed
2,491,438,02-21,+42.7%,+16.09%,0.5805,40,✓ Yes,completed
2,491,456,02-21,+40.7%,+15.69%,0.5785,42,✓ Yes,completed
2,491,474,02-21,+37.2%,+14.75%,0.5737,44,✓ Yes,completed
2,491,491,02-21,+33.3%,+12.86%,0.5643,68,✓ Yes,completed
2,509,244,02-21,+50.0%,+39.79%,0.6989,18,✗ No,budget_exceeded
2,509,260,02-21,+47.9%,+16.10%,0.5805,20,✓ Yes,completed
2,509,277,02-21,+42.4%,+14.49%,0.5725,22,✓ Yes,completed
2,509,294,02-21,+41.8%,+14.75%,0.5737,22,✓ Yes,completed
2,509,310,02-21,+41.5%,+14.86%,0.5743,22,✓ Yes,completed
2,509,327,02-21,+41.0%,+14.80%,0.5740,22,✓ Yes,completed
2,509,343,02-21,+40.6%,+14.75%,0.5738,22,✓ Yes,completed
2,509,360,02-21,+40.2%,+14.84%,0.5742,22,✓ Yes,completed
2,509,376,02-21,+39.9%,+14.89%,0.5744,22,✓ Yes,completed
2,509,393,02-21,+39.5%,+14.89%,0.5744,22,✓ Yes,completed
2,509,410,02-21,+38.3%,+14.68%,0.5734,24,✓ Yes,completed
2,509,426,02-21,+36.7%,+14.13%,0.5706,27,✓ Yes,completed
2,509,443,02-21,+34.9%,+13.51%,0.5676,29,✓ Yes,completed
2,509,459,02-21,+33.2%,+12.66%,0.5633,31,✓ Yes,completed
2,509,476,02-21,+30.9%,+11.36%,0.5568,32,✓ Yes,completed
2,509,493,02-21,+28.7%,+10.21%,0.5511,33,✓ Yes,completed
2,509,509,02-21,+25.3%,+9.06%,0.5453,48,✓ Yes,completed
2,349,244,03-04,+50.0%,+83.55%,0.9177,26,✗ No,budget_exceeded
2,349,261,03-04,+50.0%,+82.32%,0.9116,28,✗ No,budget_exceeded
2,349,279,03-04,+50.0%,+80.11%,0.9006,32,✗ No,budget_exceeded
2,349,296,03-04,+50.0%,+79.17%,0.8959,33,✗ No,budget_exceeded
2,349,314,03-04,+50.0%,+76.76%,0.8838,37,✗ No,budget_exceeded
2,349,332,03-04,+50.0%,+75.74%,0.8787,38,✗ No,budget_exceeded
2,349,349,03-04,+50.0%,+74.58%,0.8729,40,✗ No,budget_exceeded
2,367,244,03-04,+50.0%,+83.22%,0.9161,26,✗ No,budget_exceeded
2,367,261,03-04,+50.0%,+81.95%,0.9097,28,✗ No,budget_exceeded
2,367,279,03-04,+50.0%,+79.66%,0.8983,32,✗ No,budget_exceeded
2,367,297,03-04,+50.0%,+78.72%,0.8936,33,✗ No,budget_exceeded
2,367,314,03-04,+50.0%,+75.80%,0.8790,38,✗ No,budget_exceeded
2,367,332,03-04,+50.0%,+75.13%,0.8756,38,✗ No,budget_exceeded
2,367,349,03-04,+50.0%,+73.92%,0.8696,39,✗ No,budget_exceeded
2,367,367,03-04,+50.0%,+72.77%,0.8638,41,✗ No,budget_exceeded
2,385,244,03-04,+50.0%,+82.79%,0.9140,26,✗ No,budget_exceeded
2,385,261,03-04,+50.0%,+80.10%,0.9005,29,✗ No,budget_exceeded
2,385,279,03-04,+50.0%,+78.72%,0.8936,33,✗ No,budget_exceeded
2,385,297,03-04,+50.0%,+78.14%,0.8907,33,✗ No,budget_exceeded
2,385,314,03-04,+50.0%,+74.92%,0.8746,37,✗ No,budget_exceeded
2,385,332,03-04,+50.0%,+73.83%,0.8692,38,✗ No,budget_exceeded
2,385,349,03-04,+50.0%,+72.80%,0.8640,39,✗ No,budget_exceeded
2,385,367,03-04,+50.0%,+71.82%,0.8591,39,✗ No,budget_exceeded
2,385,385,03-04,+50.0%,+68.29%,0.8414,44,✗ No,budget_exceeded
2,402,244,03-04,+50.0%,+79.34%,0.8967,26,✗ No,budget_exceeded
2,402,261,03-04,+50.0%,+78.08%,0.8904,28,✗ No,budget_exceeded
2,402,279,03-04,+50.0%,+76.45%,0.8823,32,✗ No,budget_exceeded
2,402,297,03-04,+50.0%,+75.48%,0.8774,33,✗ No,budget_exceeded
2,402,314,03-04,+50.0%,+72.99%,0.8650,35,✗ No,budget_exceeded
2,402,332,03-04,+50.0%,+72.35%,0.8618,35,✗ No,budget_exceeded
2,402,350,03-04,+50.0%,+69.47%,0.8473,37,✗ No,budget_exceeded
2,402,367,03-04,+50.0%,+68.10%,0.8405,38,✗ No,budget_exceeded
2,402,385,03-04,+50.0%,+66.50%,0.8325,39,✗ No,budget_exceeded
2,402,402,03-04,+50.0%,+64.25%,0.8212,45,✗ No,budget_exceeded
2,420,244,03-04,+50.0%,+75.84%,0.8792,28,✗ No,budget_exceeded
2,420,261,03-04,+50.0%,+74.39%,0.8720,30,✗ No,budget_exceeded
2,420,279,03-04,+50.0%,+73.49%,0.8674,32,✗ No,budget_exceeded
2,420,297,03-04,+50.0%,+72.91%,0.8646,32,✗ No,budget_exceeded
2,420,314,03-04,+50.0%,+67.69%,0.8384,36,✗ No,budget_exceeded
2,420,332,03-04,+50.0%,+66.98%,0.8349,36,✗ No,budget_exceeded
2,420,350,03-04,+50.0%,+65.55%,0.8277,38,✗ No,budget_exceeded
2,420,367,03-04,+50.0%,+64.17%,0.8208,39,✗ No,budget_exceeded
2,420,385,03-04,+50.0%,+62.37%,0.8119,40,✗ No,budget_exceeded
2,420,403,03-04,+50.0%,+56.90%,0.7845,46,✗ No,budget_exceeded
2,420,420,03-04,+50.0%,+46.08%,0.7304,65,✗ No,budget_exceeded
2,438,244,03-04,+50.0%,+70.88%,0.8544,26,✗ No,budget_exceeded
2,438,261,03-04,+50.0%,+66.98%,0.8349,29,✗ No,budget_exceeded
2,438,279,03-04,+50.0%,+66.01%,0.8301,31,✗ No,budget_exceeded
2,438,297,03-04,+50.0%,+65.10%,0.8255,32,✗ No,budget_exceeded
2,438,314,03-04,+50.0%,+62.90%,0.8145,34,✗ No,budget_exceeded
2,438,332,03-04,+50.0%,+61.58%,0.8079,35,✗ No,budget_exceeded
2,438,350,03-04,+50.0%,+57.43%,0.7872,37,✗ No,budget_exceeded
2,438,367,03-04,+50.0%,+56.06%,0.7803,38,✗ No,budget_exceeded
2,438,385,03-04,+50.0%,+54.35%,0.7718,39,✗ No,budget_exceeded
2,438,403,03-04,+50.0%,+29.04%,0.6452,45,✗ No,budget_exceeded
2,438,420,03-04,+48.0%,+22.47%,0.6123,47,✓ Yes,completed
2,438,438,03-04,+45.1%,+21.50%,0.6075,61,✓ Yes,completed
2,456,244,03-04,+50.0%,+63.10%,0.8155,25,✗ No,budget_exceeded
2,456,261,03-04,+50.0%,+61.41%,0.8071,27,✗ No,budget_exceeded
2,456,279,03-04,+50.0%,+56.64%,0.7832,31,✗ No,budget_exceeded
2,456,297,03-04,+50.0%,+55.59%,0.7780,32,✗ No,budget_exceeded
2,456,314,03-04,+50.0%,+53.79%,0.7690,33,✗ No,budget_exceeded
2,456,332,03-04,+50.0%,+28.23%,0.6411,36,✗ No,budget_exceeded
2,456,350,03-04,+49.3%,+22.52%,0.6126,37,✓ Yes,completed
2,456,367,03-04,+48.5%,+22.37%,0.6118,37,✓ Yes,completed
2,456,385,03-04,+47.7%,+22.12%,0.6106,37,✓ Yes,completed
2,456,403,03-04,+45.9%,+21.58%,0.6079,39,✓ Yes,completed
2,456,420,03-04,+44.2%,+21.04%,0.6052,41,✓ Yes,completed
2,456,438,03-04,+41.2%,+20.62%,0.6031,41,✓ Yes,completed
2,456,456,03-04,+39.0%,+19.83%,0.5991,56,✓ Yes,completed
2,474,244,03-04,+50.0%,+58.71%,0.7935,24,✗ No,budget_exceeded
2,474,261,03-04,+50.0%,+51.45%,0.7573,30,✗ No,budget_exceeded
2,474,279,03-04,+47.2%,+20.75%,0.6038,34,✓ Yes,completed
2,474,297,03-04,+46.5%,+20.59%,0.6030,34,✓ Yes,completed
2,474,315,03-04,+45.2%,+20.63%,0.6031,34,✓ Yes,completed
2,474,332,03-04,+44.5%,+20.45%,0.6022,34,✓ Yes,completed
2,474,350,03-04,+43.9%,+20.49%,0.6025,34,✓ Yes,completed
2,474,368,03-04,+43.3%,+20.58%,0.6029,34,✓ Yes,completed
2,474,385,03-04,+42.6%,+20.31%,0.6016,34,✓ Yes,completed
2,474,403,03-04,+40.8%,+20.15%,0.6008,35,✓ Yes,completed
2,474,421,03-04,+39.3%,+19.96%,0.5998,37,✓ Yes,completed
2,474,438,03-04,+37.7%,+19.33%,0.5967,38,✓ Yes,completed
2,474,456,03-04,+35.9%,+18.58%,0.5929,39,✓ Yes,completed
2,474,474,03-04,+33.0%,+17.11%,0.5855,50,✓ Yes,completed
2,491,244,03-04,+50.0%,+50.24%,0.7512,26,✗ No,budget_exceeded
2,491,262,03-04,+47.3%,+19.80%,0.5990,29,✓ Yes,completed
2,491,279,03-04,+41.2%,+18.88%,0.5944,30,✓ Yes,completed
2,491,297,03-04,+40.5%,+18.85%,0.5942,30,✓ Yes,completed
2,491,315,03-04,+39.4%,+19.02%,0.5951,30,✓ Yes,completed
2,491,332,03-04,+38.8%,+18.79%,0.5939,30,✓ Yes,completed
2,491,350,03-04,+38.3%,+18.80%,0.5940,30,✓ Yes,completed
2,491,368,03-04,+37.7%,+18.74%,0.5937,30,✓ Yes,completed
2,491,385,03-04,+37.1%,+18.40%,0.5920,30,✓ Yes,completed
2,491,403,03-04,+36.0%,+18.17%,0.5908,32,✓ Yes,completed
2,491,421,03-04,+34.5%,+17.61%,0.5880,34,✓ Yes,completed
2,491,438,03-04,+32.9%,+16.94%,0.5847,35,✓ Yes,completed
2,491,456,03-04,+31.6%,+16.35%,0.5817,35,✓ Yes,completed
2,491,474,03-04,+28.8%,+15.55%,0.5778,36,✓ Yes,completed
2,491,491,03-04,+26.7%,+14.17%,0.5709,55,✓ Yes,completed
2,509,244,03-04,+43.6%,+17.68%,0.5884,19,✓ Yes,completed
2,509,260,03-04,+38.9%,+17.27%,0.5863,19,✓ Yes,completed
2,509,277,03-04,+33.4%,+15.66%,0.5783,21,✓ Yes,completed
2,509,294,03-04,+32.8%,+15.73%,0.5786,21,✓ Yes,completed
2,509,310,03-04,+32.5%,+15.77%,0.5788,21,✓ Yes,completed
2,509,327,03-04,+32.0%,+15.69%,0.5785,21,✓ Yes,completed
2,509,343,03-04,+31.7%,+15.54%,0.5777,21,✓ Yes,completed
2,509,360,03-04,+31.3%,+15.50%,0.5775,21,✓ Yes,completed
2,509,376,03-04,+31.0%,+15.56%,0.5778,21,✓ Yes,completed
2,509,393,03-04,+30.5%,+15.63%,0.5781,21,✓ Yes,completed
2,509,410,03-04,+29.4%,+15.21%,0.5761,23,✓ Yes,completed
2,509,426,03-04,+28.1%,+14.78%,0.5739,25,✓ Yes,completed
2,509,443,03-04,+26.7%,+14.07%,0.5703,26,✓ Yes,completed
2,509,459,03-04,+25.8%,+13.44%,0.5672,26,✓ Yes,completed
2,509,476,03-04,+24.3%,+12.71%,0.5635,27,✓ Yes,completed
2,509,493,03-04,+22.7%,+12.18%,0.5609,28,✓ Yes,completed
2,509,509,03-04,+20.1%,+11.15%,0.5557,42,✓ Yes,completed
2,349,244,03-15,+50.0%,+80.17%,0.9008,28,✗ No,budget_exceeded
2,349,261,03-15,+50.0%,+78.98%,0.8949,30,✗ No,budget_exceeded
2,349,279,03-15,+50.0%,+77.47%,0.8874,34,✗ No,budget_exceeded
2,349,296,03-15,+50.0%,+75.33%,0.8766,35,✗ No,budget_exceeded
2,349,314,03-15,+50.0%,+72.27%,0.8613,40,✗ No,budget_exceeded
2,349,332,03-15,+50.0%,+70.76%,0.8538,42,✗ No,budget_exceeded
2,349,349,03-15,+50.0%,+63.16%,0.8158,48,✗ No,budget_exceeded
2,367,244,03-15,+50.0%,+79.67%,0.8983,28,✗ No,budget_exceeded
2,367,261,03-15,+50.0%,+78.44%,0.8922,30,✗ No,budget_exceeded
2,367,279,03-15,+50.0%,+76.86%,0.8843,34,✗ No,budget_exceeded
2,367,297,03-15,+50.0%,+74.68%,0.8734,35,✗ No,budget_exceeded
2,367,314,03-15,+50.0%,+71.46%,0.8573,40,✗ No,budget_exceeded
2,367,332,03-15,+50.0%,+63.17%,0.8159,43,✗ No,budget_exceeded
2,367,349,03-15,+50.0%,+61.33%,0.8066,45,✗ No,budget_exceeded
2,367,367,03-15,+50.0%,+59.33%,0.7967,48,✗ No,budget_exceeded
2,385,244,03-15,+50.0%,+78.85%,0.8942,28,✗ No,budget_exceeded
2,385,261,03-15,+50.0%,+77.21%,0.8861,31,✗ No,budget_exceeded
2,385,279,03-15,+50.0%,+74.28%,0.8714,35,✗ No,budget_exceeded
2,385,297,03-15,+50.0%,+73.23%,0.8661,36,✗ No,budget_exceeded
2,385,314,03-15,+50.0%,+62.89%,0.8144,41,✗ No,budget_exceeded
2,385,332,03-15,+50.0%,+61.01%,0.8051,43,✗ No,budget_exceeded
2,385,349,03-15,+50.0%,+59.10%,0.7955,45,✗ No,budget_exceeded
2,385,367,03-15,+50.0%,+52.86%,0.7643,48,✗ No,budget_exceeded
2,385,385,03-15,+50.0%,+44.18%,0.7209,55,✗ No,budget_exceeded
2,402,244,03-15,+50.0%,+76.14%,0.8807,25,✗ No,budget_exceeded
2,402,261,03-15,+50.0%,+72.46%,0.8623,30,✗ No,budget_exceeded
2,402,279,03-15,+50.0%,+70.06%,0.8503,35,✗ No,budget_exceeded
2,402,297,03-15,+50.0%,+62.59%,0.8130,36,✗ No,budget_exceeded
2,402,314,03-15,+50.0%,+58.73%,0.7936,39,✗ No,budget_exceeded
2,402,332,03-15,+50.0%,+52.66%,0.7633,43,✗ No,budget_exceeded
2,402,350,03-15,+50.0%,+44.75%,0.7238,46,✗ No,budget_exceeded
2,402,367,03-15,+50.0%,+27.55%,0.6377,48,✗ No,budget_exceeded
2,402,385,03-15,+48.2%,+25.16%,0.6258,48,✓ Yes,completed
2,402,402,03-15,+45.2%,+24.56%,0.6228,58,✓ Yes,completed
2,420,244,03-15,+50.0%,+72.15%,0.8608,27,✗ No,budget_exceeded
2,420,261,03-15,+50.0%,+69.10%,0.8455,32,✗ No,budget_exceeded
2,420,279,03-15,+50.0%,+58.69%,0.7935,37,✗ No,budget_exceeded
2,420,297,03-15,+50.0%,+51.81%,0.7591,38,✗ No,budget_exceeded
2,420,314,03-15,+49.3%,+25.01%,0.6251,41,✓ Yes,completed
2,420,332,03-15,+47.9%,+24.62%,0.6231,42,✓ Yes,completed
2,420,350,03-15,+46.6%,+24.63%,0.6231,43,✓ Yes,completed
2,420,367,03-15,+45.4%,+24.44%,0.6222,43,✓ Yes,completed
2,420,385,03-15,+43.6%,+23.69%,0.6184,43,✓ Yes,completed
2,420,403,03-15,+41.7%,+23.08%,0.6154,46,✓ Yes,completed
2,420,420,03-15,+39.1%,+21.53%,0.6076,58,✓ Yes,completed
2,438,244,03-15,+50.0%,+43.66%,0.7183,29,✗ No,budget_exceeded
2,438,261,03-15,+47.9%,+23.32%,0.6166,32,✓ Yes,completed
2,438,279,03-15,+46.4%,+23.45%,0.6173,34,✓ Yes,completed
2,438,297,03-15,+45.7%,+23.52%,0.6176,34,✓ Yes,completed
2,438,314,03-15,+43.7%,+22.93%,0.6147,35,✓ Yes,completed
2,438,332,03-15,+42.3%,+22.56%,0.6128,36,✓ Yes,completed
2,438,350,03-15,+41.1%,+22.30%,0.6115,37,✓ Yes,completed
2,438,367,03-15,+40.1%,+21.85%,0.6093,37,✓ Yes,completed
2,438,385,03-15,+39.0%,+21.32%,0.6066,37,✓ Yes,completed
2,438,403,03-15,+37.2%,+20.70%,0.6035,39,✓ Yes,completed
2,438,420,03-15,+35.6%,+20.02%,0.6001,39,✓ Yes,completed
2,438,438,03-15,+33.2%,+18.73%,0.5937,51,✓ Yes,completed
2,456,244,03-15,+46.2%,+22.31%,0.6115,27,✓ Yes,completed
2,456,261,03-15,+42.7%,+21.49%,0.6074,29,✓ Yes,completed
2,456,279,03-15,+41.2%,+21.37%,0.6068,31,✓ Yes,completed
2,456,297,03-15,+40.5%,+21.14%,0.6057,31,✓ Yes,completed
2,456,314,03-15,+39.4%,+20.81%,0.6041,31,✓ Yes,completed
2,456,332,03-15,+37.9%,+20.44%,0.6022,32,✓ Yes,completed
2,456,350,03-15,+36.8%,+20.07%,0.6004,33,✓ Yes,completed
2,456,367,03-15,+36.1%,+19.91%,0.5995,33,✓ Yes,completed
2,456,385,03-15,+35.3%,+19.51%,0.5975,33,✓ Yes,completed
2,456,403,03-15,+33.6%,+18.85%,0.5942,35,✓ Yes,completed
2,456,420,03-15,+32.3%,+18.32%,0.5916,35,✓ Yes,completed
2,456,438,03-15,+30.4%,+17.05%,0.5852,35,✓ Yes,completed
2,456,456,03-15,+28.8%,+16.08%,0.5804,46,✓ Yes,completed
2,474,244,03-15,+41.8%,+20.36%,0.6018,26,✓ Yes,completed
2,474,261,03-15,+38.3%,+19.17%,0.5958,28,✓ Yes,completed
2,474,279,03-15,+34.4%,+17.93%,0.5896,30,✓ Yes,completed
2,474,297,03-15,+33.7%,+17.82%,0.5891,30,✓ Yes,completed
2,474,315,03-15,+32.6%,+17.60%,0.5880,30,✓ Yes,completed
2,474,332,03-15,+32.0%,+17.43%,0.5872,30,✓ Yes,completed
2,474,350,03-15,+31.5%,+17.17%,0.5858,30,✓ Yes,completed
2,474,368,03-15,+31.0%,+16.90%,0.5845,30,✓ Yes,completed
2,474,385,03-15,+30.3%,+16.60%,0.5830,30,✓ Yes,completed
2,474,403,03-15,+29.2%,+15.98%,0.5799,32,✓ Yes,completed
2,474,421,03-15,+28.3%,+15.68%,0.5784,32,✓ Yes,completed
2,474,438,03-15,+27.2%,+15.23%,0.5761,32,✓ Yes,completed
2,474,456,03-15,+26.1%,+14.65%,0.5733,32,✓ Yes,completed
2,474,474,03-15,+23.6%,+13.59%,0.5680,41,✓ Yes,completed
2,491,244,03-15,+38.6%,+18.18%,0.5909,24,✓ Yes,completed
2,491,262,03-15,+34.8%,+17.12%,0.5856,26,✓ Yes,completed
2,491,279,03-15,+30.0%,+14.96%,0.5748,27,✓ Yes,completed
2,491,297,03-15,+29.4%,+14.83%,0.5741,27,✓ Yes,completed
2,491,315,03-15,+28.3%,+14.77%,0.5738,27,✓ Yes,completed
2,491,332,03-15,+27.8%,+14.57%,0.5729,27,✓ Yes,completed
2,491,350,03-15,+27.4%,+14.56%,0.5728,27,✓ Yes,completed
2,491,368,03-15,+26.9%,+14.55%,0.5727,27,✓ Yes,completed
2,491,385,03-15,+26.4%,+14.29%,0.5715,27,✓ Yes,completed
2,491,403,03-15,+25.2%,+13.97%,0.5699,29,✓ Yes,completed
2,491,421,03-15,+24.4%,+13.66%,0.5683,29,✓ Yes,completed
2,491,438,03-15,+23.4%,+13.45%,0.5673,29,✓ Yes,completed
2,491,456,03-15,+22.6%,+13.14%,0.5657,29,✓ Yes,completed
2,491,474,03-15,+19.8%,+12.56%,0.5628,28,✓ Yes,completed
2,491,491,03-15,+18.1%,+11.54%,0.5577,45,✓ Yes,completed
2,509,244,03-15,+29.3%,+13.15%,0.5658,16,✓ Yes,completed
2,509,260,03-15,+26.9%,+12.81%,0.5640,17,✓ Yes,completed
2,509,277,03-15,+21.5%,+11.77%,0.5588,17,✓ Yes,completed
2,509,294,03-15,+21.1%,+11.95%,0.5598,17,✓ Yes,completed
2,509,310,03-15,+20.9%,+11.91%,0.5596,17,✓ Yes,completed
2,509,327,03-15,+20.5%,+11.81%,0.5590,17,✓ Yes,completed
2,509,343,03-15,+20.3%,+11.83%,0.5591,17,✓ Yes,completed
2,509,360,03-15,+20.0%,+11.92%,0.5596,17,✓ Yes,completed
2,509,376,03-15,+19.7%,+11.98%,0.5599,17,✓ Yes,completed
2,509,393,03-15,+19.4%,+11.99%,0.5600,17,✓ Yes,completed
2,509,410,03-15,+18.3%,+11.36%,0.5568,19,✓ Yes,completed
2,509,426,03-15,+17.8%,+11.30%,0.5565,19,✓ Yes,completed
2,509,443,03-15,+17.3%,+11.01%,0.5551,19,✓ Yes,completed
2,509,459,03-15,+16.7%,+10.58%,0.5529,19,✓ Yes,completed
2,509,476,03-15,+15.9%,+10.35%,0.5517,19,✓ Yes,completed
2,509,493,03-15,+14.9%,+9.64%,0.5482,19,✓ Yes,completed
2,509,509,03-15,+13.0%,+8.52%,0.5426,30,✓ Yes,completed
2,349,244,03-26,+50.0%,+74.09%,0.8704,31,✗ No,budget_exceeded
2,349,261,03-26,+50.0%,+69.10%,0.8455,35,✗ No,budget_exceeded
2,349,279,03-26,+50.0%,+64.82%,0.8241,39,✗ No,budget_exceeded
2,349,296,03-26,+50.0%,+61.46%,0.8073,41,✗ No,budget_exceeded
2,349,314,03-26,+50.0%,+41.81%,0.7090,47,✗ No,budget_exceeded
2,349,332,03-26,+50.0%,+31.43%,0.6572,50,✗ No,budget_exceeded
2,349,349,03-26,+47.7%,+26.84%,0.6342,57,✓ Yes,completed
2,367,244,03-26,+50.0%,+67.15%,0.8357,32,✗ No,budget_exceeded
2,367,261,03-26,+50.0%,+59.32%,0.7966,36,✗ No,budget_exceeded
2,367,279,03-26,+50.0%,+57.72%,0.7886,39,✗ No,budget_exceeded
2,367,297,03-26,+50.0%,+41.36%,0.7068,40,✗ No,budget_exceeded
2,367,314,03-26,+48.5%,+27.10%,0.6355,44,✓ Yes,completed
2,367,332,03-26,+47.1%,+26.57%,0.6329,45,✓ Yes,completed
2,367,349,03-26,+45.5%,+25.96%,0.6298,46,✓ Yes,completed
2,367,367,03-26,+43.8%,+25.38%,0.6269,49,✓ Yes,completed
2,385,244,03-26,+50.0%,+59.20%,0.7960,34,✗ No,budget_exceeded
2,385,261,03-26,+50.0%,+57.24%,0.7862,37,✗ No,budget_exceeded
2,385,279,03-26,+50.0%,+30.98%,0.6549,41,✗ No,budget_exceeded
2,385,297,03-26,+49.7%,+27.04%,0.6352,41,✓ Yes,completed
2,385,314,03-26,+46.6%,+26.13%,0.6306,43,✓ Yes,completed
2,385,332,03-26,+45.2%,+25.70%,0.6285,44,✓ Yes,completed
2,385,349,03-26,+43.2%,+25.28%,0.6264,44,✓ Yes,completed
2,385,367,03-26,+41.4%,+24.53%,0.6226,44,✓ Yes,completed
2,385,385,03-26,+39.3%,+23.50%,0.6175,52,✓ Yes,completed
2,402,244,03-26,+48.7%,+25.93%,0.6297,33,✓ Yes,completed
2,402,261,03-26,+47.1%,+25.52%,0.6276,35,✓ Yes,completed
2,402,279,03-26,+45.7%,+25.14%,0.6257,37,✓ Yes,completed
2,402,297,03-26,+45.0%,+25.02%,0.6251,37,✓ Yes,completed
2,402,314,03-26,+42.4%,+24.45%,0.6222,38,✓ Yes,completed
2,402,332,03-26,+41.1%,+24.02%,0.6201,39,✓ Yes,completed
2,402,350,03-26,+39.7%,+23.58%,0.6179,40,✓ Yes,completed
2,402,367,03-26,+38.5%,+22.88%,0.6144,40,✓ Yes,completed
2,402,385,03-26,+36.4%,+21.61%,0.6081,40,✓ Yes,completed
2,402,402,03-26,+34.1%,+20.54%,0.6027,49,✓ Yes,completed
2,420,244,03-26,+43.3%,+23.53%,0.6177,29,✓ Yes,completed
2,420,261,03-26,+41.4%,+23.06%,0.6153,31,✓ Yes,completed
2,420,279,03-26,+40.4%,+22.69%,0.6134,32,✓ Yes,completed
2,420,297,03-26,+39.8%,+22.70%,0.6135,32,✓ Yes,completed
2,420,314,03-26,+37.2%,+21.38%,0.6069,33,✓ Yes,completed
2,420,332,03-26,+35.9%,+20.95%,0.6047,34,✓ Yes,completed
2,420,350,03-26,+34.7%,+20.47%,0.6023,35,✓ Yes,completed
2,420,367,03-26,+33.7%,+20.03%,0.6001,35,✓ Yes,completed
2,420,385,03-26,+32.0%,+19.17%,0.5958,35,✓ Yes,completed
2,420,403,03-26,+30.7%,+18.71%,0.5936,36,✓ Yes,completed
2,420,420,03-26,+28.5%,+17.72%,0.5886,47,✓ Yes,completed
2,438,244,03-26,+37.7%,+20.43%,0.6021,24,✓ Yes,completed
2,438,261,03-26,+35.3%,+19.41%,0.5971,25,✓ Yes,completed
2,438,279,03-26,+34.3%,+19.38%,0.5969,26,✓ Yes,completed
2,438,297,03-26,+33.8%,+19.23%,0.5962,26,✓ Yes,completed
2,438,314,03-26,+32.0%,+18.43%,0.5921,27,✓ Yes,completed
2,438,332,03-26,+30.7%,+18.15%,0.5908,28,✓ Yes,completed
2,438,350,03-26,+29.7%,+17.80%,0.5890,29,✓ Yes,completed
2,438,367,03-26,+28.9%,+17.61%,0.5881,29,✓ Yes,completed
2,438,385,03-26,+27.9%,+17.13%,0.5856,29,✓ Yes,completed
2,438,403,03-26,+26.8%,+17.12%,0.5856,30,✓ Yes,completed
2,438,420,03-26,+25.6%,+16.61%,0.5830,30,✓ Yes,completed
2,438,438,03-26,+23.4%,+15.35%,0.5768,41,✓ Yes,completed
2,456,244,03-26,+32.7%,+17.45%,0.5873,21,✓ Yes,completed
2,456,261,03-26,+30.3%,+17.07%,0.5854,22,✓ Yes,completed
2,456,279,03-26,+29.4%,+16.81%,0.5841,23,✓ Yes,completed
2,456,297,03-26,+28.9%,+16.79%,0.5840,23,✓ Yes,completed
2,456,314,03-26,+27.9%,+16.47%,0.5823,23,✓ Yes,completed
2,456,332,03-26,+26.6%,+16.48%,0.5824,24,✓ Yes,completed
2,456,350,03-26,+25.6%,+16.18%,0.5809,25,✓ Yes,completed
2,456,367,03-26,+25.0%,+16.11%,0.5806,25,✓ Yes,completed
2,456,385,03-26,+24.4%,+15.72%,0.5786,25,✓ Yes,completed
2,456,403,03-26,+23.6%,+15.29%,0.5764,26,✓ Yes,completed
2,456,420,03-26,+22.6%,+14.87%,0.5743,26,✓ Yes,completed
2,456,438,03-26,+20.9%,+14.15%,0.5707,26,✓ Yes,completed
2,456,456,03-26,+19.5%,+13.06%,0.5653,37,✓ Yes,completed
2,474,244,03-26,+29.7%,+15.90%,0.5795,21,✓ Yes,completed
2,474,261,03-26,+27.3%,+15.48%,0.5774,22,✓ Yes,completed
2,474,279,03-26,+24.0%,+14.39%,0.5720,23,✓ Yes,completed
2,474,297,03-26,+23.6%,+14.32%,0.5716,23,✓ Yes,completed
2,474,315,03-26,+22.5%,+14.15%,0.5707,23,✓ Yes,completed
2,474,332,03-26,+22.1%,+14.02%,0.5701,23,✓ Yes,completed
2,474,350,03-26,+21.7%,+14.06%,0.5703,23,✓ Yes,completed
2,474,368,03-26,+21.3%,+14.03%,0.5701,23,✓ Yes,completed
2,474,385,03-26,+20.8%,+13.70%,0.5685,23,✓ Yes,completed
2,474,403,03-26,+20.1%,+13.25%,0.5662,24,✓ Yes,completed
2,474,421,03-26,+19.3%,+12.85%,0.5642,24,✓ Yes,completed
2,474,438,03-26,+18.4%,+12.23%,0.5611,24,✓ Yes,completed
2,474,456,03-26,+17.5%,+11.91%,0.5595,24,✓ Yes,completed
2,474,474,03-26,+15.4%,+10.58%,0.5529,32,✓ Yes,completed
2,491,244,03-26,+26.9%,+14.60%,0.5730,19,✓ Yes,completed
2,491,262,03-26,+24.5%,+14.07%,0.5704,20,✓ Yes,completed
2,491,279,03-26,+20.4%,+12.28%,0.5614,20,✓ Yes,completed
2,491,297,03-26,+20.0%,+12.19%,0.5609,20,✓ Yes,completed
2,491,315,03-26,+19.1%,+11.89%,0.5595,20,✓ Yes,completed
2,491,332,03-26,+18.7%,+11.71%,0.5586,20,✓ Yes,completed
2,491,350,03-26,+18.4%,+11.64%,0.5582,20,✓ Yes,completed
2,491,368,03-26,+18.0%,+11.62%,0.5581,20,✓ Yes,completed
2,491,385,03-26,+17.6%,+11.55%,0.5577,20,✓ Yes,completed
2,491,403,03-26,+16.9%,+11.19%,0.5559,21,✓ Yes,completed
2,491,421,03-26,+16.3%,+10.90%,0.5545,21,✓ Yes,completed
2,491,438,03-26,+15.5%,+10.51%,0.5526,21,✓ Yes,completed
2,491,456,03-26,+14.7%,+9.97%,0.5498,21,✓ Yes,completed
2,491,474,03-26,+12.8%,+8.77%,0.5438,21,✓ Yes,completed
2,491,491,03-26,+11.6%,+7.88%,0.5394,36,✓ Yes,completed
2,509,244,03-26,+19.4%,+10.45%,0.5523,12,✓ Yes,completed
2,509,260,03-26,+17.2%,+9.82%,0.5491,13,✓ Yes,completed
2,509,277,03-26,+13.2%,+7.99%,0.5400,13,✓ Yes,completed
2,509,294,03-26,+12.9%,+7.96%,0.5398,13,✓ Yes,completed
2,509,310,03-26,+12.7%,+7.95%,0.5397,13,✓ Yes,completed
2,509,327,03-26,+12.5%,+7.92%,0.5396,13,✓ Yes,completed
2,509,343,03-26,+12.3%,+7.90%,0.5395,13,✓ Yes,completed
2,509,360,03-26,+12.0%,+7.83%,0.5392,13,✓ Yes,completed
2,509,376,03-26,+11.8%,+7.72%,0.5386,13,✓ Yes,completed
2,509,393,03-26,+11.5%,+7.54%,0.5377,13,✓ Yes,completed
2,509,410,03-26,+11.3%,+7.36%,0.5368,13,✓ Yes,completed
2,509,426,03-26,+11.0%,+7.13%,0.5357,13,✓ Yes,completed
2,509,443,03-26,+10.6%,+6.86%,0.5343,13,✓ Yes,completed
2,509,459,03-26,+10.2%,+6.59%,0.5330,13,✓ Yes,completed
2,509,476,03-26,+9.6%,+6.03%,0.5301,13,✓ Yes,completed
2,509,493,03-26,+8.9%,+5.52%,0.5276,13,✓ Yes,completed
2,509,509,03-26,+7.8%,+4.77%,0.5238,20,✓ Yes,completed
2,349,244,04-06,+50.0%,+36.42%,0.6821,36,✗ No,budget_exceeded
2,349,261,04-06,+50.0%,+34.72%,0.6736,39,✗ No,budget_exceeded
2,349,279,04-06,+50.0%,+32.06%,0.6603,42,✗ No,budget_exceeded
2,349,296,04-06,+50.0%,+30.56%,0.6528,43,✗ No,budget_exceeded
2,349,314,04-06,+47.1%,+24.74%,0.6237,45,✓ Yes,completed
2,349,332,04-06,+45.1%,+24.00%,0.6200,47,✓ Yes,completed
2,349,349,04-06,+42.5%,+22.69%,0.6135,56,✓ Yes,completed
2,367,244,04-06,+48.8%,+24.29%,0.6214,35,✓ Yes,completed
2,367,261,04-06,+47.5%,+24.18%,0.6209,37,✓ Yes,completed
2,367,279,04-06,+46.4%,+23.95%,0.6198,38,✓ Yes,completed
2,367,297,04-06,+45.7%,+23.81%,0.6190,38,✓ Yes,completed
2,367,314,04-06,+43.3%,+23.06%,0.6153,40,✓ Yes,completed
2,367,332,04-06,+40.9%,+22.32%,0.6116,40,✓ Yes,completed
2,367,349,04-06,+38.2%,+21.98%,0.6099,39,✓ Yes,completed
2,367,367,04-06,+36.0%,+21.52%,0.6076,41,✓ Yes,completed
2,385,244,04-06,+46.1%,+23.20%,0.6160,33,✓ Yes,completed
2,385,261,04-06,+44.8%,+22.96%,0.6148,35,✓ Yes,completed
2,385,279,04-06,+43.7%,+22.67%,0.6134,36,✓ Yes,completed
2,385,297,04-06,+43.0%,+22.49%,0.6125,36,✓ Yes,completed
2,385,314,04-06,+39.0%,+21.73%,0.6087,35,✓ Yes,completed
2,385,332,04-06,+37.7%,+21.77%,0.6088,36,✓ Yes,completed
2,385,349,04-06,+35.5%,+21.25%,0.6062,36,✓ Yes,completed
2,385,367,04-06,+31.9%,+20.85%,0.6043,34,✓ Yes,completed
2,385,385,04-06,+30.2%,+20.43%,0.6021,42,✓ Yes,completed
2,402,244,04-06,+40.8%,+20.98%,0.6049,29,✓ Yes,completed
2,402,261,04-06,+38.6%,+20.92%,0.6046,30,✓ Yes,completed
2,402,279,04-06,+37.6%,+21.01%,0.6050,31,✓ Yes,completed
2,402,297,04-06,+37.0%,+20.76%,0.6038,31,✓ Yes,completed
2,402,314,04-06,+33.4%,+20.48%,0.6024,30,✓ Yes,completed
2,402,332,04-06,+31.3%,+20.33%,0.6017,30,✓ Yes,completed
2,402,350,04-06,+30.1%,+20.26%,0.6013,31,✓ Yes,completed
2,402,367,04-06,+29.2%,+19.89%,0.5995,31,✓ Yes,completed
2,402,385,04-06,+27.5%,+19.03%,0.5951,31,✓ Yes,completed
2,402,402,04-06,+25.6%,+17.92%,0.5896,39,✓ Yes,completed
2,420,244,04-06,+32.3%,+19.44%,0.5972,21,✓ Yes,completed
2,420,261,04-06,+30.8%,+19.32%,0.5966,23,✓ Yes,completed
2,420,279,04-06,+30.0%,+19.24%,0.5962,24,✓ Yes,completed
2,420,297,04-06,+29.5%,+19.12%,0.5956,24,✓ Yes,completed
2,420,314,04-06,+27.7%,+18.54%,0.5927,25,✓ Yes,completed
2,420,332,04-06,+26.6%,+18.16%,0.5908,26,✓ Yes,completed
2,420,350,04-06,+25.6%,+17.64%,0.5882,27,✓ Yes,completed
2,420,367,04-06,+24.8%,+17.36%,0.5868,27,✓ Yes,completed
2,420,385,04-06,+23.5%,+16.85%,0.5843,27,✓ Yes,completed
2,420,403,04-06,+22.6%,+16.52%,0.5826,27,✓ Yes,completed
2,420,420,04-06,+20.9%,+15.49%,0.5774,37,✓ Yes,completed
2,438,244,04-06,+28.7%,+17.97%,0.5899,18,✓ Yes,completed
2,438,261,04-06,+26.4%,+16.99%,0.5849,19,✓ Yes,completed
2,438,279,04-06,+25.6%,+16.72%,0.5836,20,✓ Yes,completed
2,438,297,04-06,+25.2%,+16.68%,0.5834,20,✓ Yes,completed
2,438,314,04-06,+23.4%,+16.20%,0.5810,21,✓ Yes,completed
2,438,332,04-06,+22.2%,+15.78%,0.5789,22,✓ Yes,completed
2,438,350,04-06,+21.3%,+15.48%,0.5774,23,✓ Yes,completed
2,438,367,04-06,+20.7%,+15.09%,0.5754,23,✓ Yes,completed
2,438,385,04-06,+20.0%,+14.69%,0.5735,23,✓ Yes,completed
2,438,403,04-06,+19.3%,+14.51%,0.5726,23,✓ Yes,completed
2,438,420,04-06,+18.4%,+13.79%,0.5690,23,✓ Yes,completed
2,438,438,04-06,+16.6%,+12.21%,0.5610,34,✓ Yes,completed
2,456,244,04-06,+24.8%,+15.62%,0.5781,16,✓ Yes,completed
2,456,261,04-06,+22.6%,+15.05%,0.5753,17,✓ Yes,completed
2,456,279,04-06,+21.7%,+14.82%,0.5741,18,✓ Yes,completed
2,456,297,04-06,+21.4%,+14.79%,0.5739,18,✓ Yes,completed
2,456,314,04-06,+20.4%,+14.29%,0.5714,18,✓ Yes,completed
2,456,332,04-06,+19.1%,+13.83%,0.5691,19,✓ Yes,completed
2,456,350,04-06,+18.2%,+13.24%,0.5662,20,✓ Yes,completed
2,456,367,04-06,+17.7%,+12.96%,0.5648,20,✓ Yes,completed
2,456,385,04-06,+17.2%,+12.55%,0.5627,20,✓ Yes,completed
2,456,403,04-06,+16.6%,+12.13%,0.5606,20,✓ Yes,completed
2,456,420,04-06,+15.9%,+11.73%,0.5586,20,✓ Yes,completed
2,456,438,04-06,+14.6%,+10.81%,0.5540,20,✓ Yes,completed
2,456,456,04-06,+13.3%,+9.89%,0.5495,31,✓ Yes,completed
2,474,244,04-06,+21.8%,+13.91%,0.5695,16,✓ Yes,completed
2,474,261,04-06,+19.6%,+13.05%,0.5653,17,✓ Yes,completed
2,474,279,04-06,+16.4%,+10.88%,0.5544,18,✓ Yes,completed
2,474,297,04-06,+16.0%,+10.82%,0.5541,18,✓ Yes,completed
2,474,315,04-06,+15.1%,+10.44%,0.5522,18,✓ Yes,completed
2,474,332,04-06,+14.7%,+10.34%,0.5517,18,✓ Yes,completed
2,474,350,04-06,+14.4%,+10.30%,0.5515,18,✓ Yes,completed
2,474,368,04-06,+14.0%,+10.23%,0.5512,18,✓ Yes,completed
2,474,385,04-06,+13.6%,+10.00%,0.5500,18,✓ Yes,completed
2,474,403,04-06,+13.2%,+9.68%,0.5484,18,✓ Yes,completed
2,474,421,04-06,+12.8%,+9.29%,0.5464,18,✓ Yes,completed
2,474,438,04-06,+12.1%,+8.88%,0.5444,18,✓ Yes,completed
2,474,456,04-06,+11.4%,+8.33%,0.5416,18,✓ Yes,completed
2,474,474,04-06,+9.8%,+7.42%,0.5371,24,✓ Yes,completed
2,491,244,04-06,+19.2%,+11.96%,0.5598,14,✓ Yes,completed
2,491,262,04-06,+16.9%,+10.64%,0.5532,15,✓ Yes,completed
2,491,279,04-06,+12.9%,+8.26%,0.5413,15,✓ Yes,completed
2,491,297,04-06,+12.6%,+8.13%,0.5407,15,✓ Yes,completed
2,491,315,04-06,+11.7%,+7.91%,0.5395,15,✓ Yes,completed
2,491,332,04-06,+11.4%,+7.75%,0.5387,15,✓ Yes,completed
2,491,350,04-06,+11.2%,+7.63%,0.5382,15,✓ Yes,completed
2,491,368,04-06,+10.9%,+7.61%,0.5380,15,✓ Yes,completed
2,491,385,04-06,+10.5%,+7.60%,0.5380,15,✓ Yes,completed
2,491,403,04-06,+10.2%,+7.58%,0.5379,15,✓ Yes,completed
2,491,421,04-06,+9.9%,+7.41%,0.5370,15,✓ Yes,completed
2,491,438,04-06,+9.4%,+7.01%,0.5350,15,✓ Yes,completed
2,491,456,04-06,+8.8%,+6.74%,0.5337,15,✓ Yes,completed
2,491,474,04-06,+7.3%,+5.63%,0.5281,15,✓ Yes,completed
2,491,491,04-06,+6.6%,+5.47%,0.5273,24,✓ Yes,completed
2,509,244,04-06,+13.4%,+7.68%,0.5384,7,✓ Yes,completed
2,509,260,04-06,+11.3%,+6.56%,0.5328,8,✓ Yes,completed
2,509,277,04-06,+7.3%,+4.94%,0.5247,8,✓ Yes,completed
2,509,294,04-06,+7.2%,+5.01%,0.5250,8,✓ Yes,completed
2,509,310,04-06,+7.0%,+5.07%,0.5253,8,✓ Yes,completed
2,509,327,04-06,+6.9%,+5.13%,0.5257,8,✓ Yes,completed
2,509,343,04-06,+6.7%,+5.17%,0.5259,8,✓ Yes,completed
2,509,360,04-06,+6.5%,+5.20%,0.5260,8,✓ Yes,completed
2,509,376,04-06,+6.4%,+5.19%,0.5260,8,✓ Yes,completed
2,509,393,04-06,+6.3%,+5.14%,0.5257,8,✓ Yes,completed
2,509,410,04-06,+6.1%,+5.03%,0.5251,8,✓ Yes,completed
2,509,426,04-06,+5.9%,+4.89%,0.5245,8,✓ Yes,completed
2,509,443,04-06,+5.7%,+4.77%,0.5239,8,✓ Yes,completed
2,509,459,04-06,+5.5%,+4.68%,0.5234,8,✓ Yes,completed
2,509,476,04-06,+5.1%,+4.54%,0.5227,8,✓ Yes,completed
2,509,493,04-06,+4.8%,+4.36%,0.5218,8,✓ Yes,completed
2,509,509,04-06,+4.0%,+3.52%,0.5176,15,✓ Yes,completed
2,349,244,04-15,+50.0%,+24.18%,0.6209,39,✗ No,budget_exceeded
2,349,261,04-15,+50.0%,+22.02%,0.6101,42,✗ No,budget_exceeded
2,349,279,04-15,+48.5%,+19.99%,0.6000,43,✓ Yes,completed
2,349,296,04-15,+46.2%,+19.92%,0.5996,42,✓ Yes,completed
2,349,314,04-15,+41.0%,+20.03%,0.6002,40,✓ Yes,completed
2,349,332,04-15,+38.1%,+19.51%,0.5976,41,✓ Yes,completed
2,349,349,04-15,+35.4%,+18.57%,0.5928,49,✓ Yes,completed
2,367,244,04-15,+43.0%,+19.24%,0.5962,32,✓ Yes,completed
2,367,261,04-15,+39.4%,+19.36%,0.5968,32,✓ Yes,completed
2,367,279,04-15,+38.3%,+19.12%,0.5956,33,✓ Yes,completed
2,367,297,04-15,+37.5%,+18.95%,0.5948,33,✓ Yes,completed
2,367,314,04-15,+36.0%,+18.66%,0.5933,33,✓ Yes,completed
2,367,332,04-15,+34.3%,+18.41%,0.5921,34,✓ Yes,completed
2,367,349,04-15,+31.9%,+18.08%,0.5904,34,✓ Yes,completed
2,367,367,04-15,+30.6%,+17.72%,0.5886,36,✓ Yes,completed
2,385,244,04-15,+37.8%,+18.35%,0.5918,27,✓ Yes,completed
2,385,261,04-15,+36.1%,+18.07%,0.5903,28,✓ Yes,completed
2,385,279,04-15,+35.0%,+18.01%,0.5900,29,✓ Yes,completed
2,385,297,04-15,+34.4%,+18.07%,0.5904,29,✓ Yes,completed
2,385,314,04-15,+32.2%,+17.97%,0.5898,29,✓ Yes,completed
2,385,332,04-15,+31.0%,+17.61%,0.5880,30,✓ Yes,completed
2,385,349,04-15,+29.8%,+17.11%,0.5855,31,✓ Yes,completed
2,385,367,04-15,+28.3%,+16.48%,0.5824,31,✓ Yes,completed
2,385,385,04-15,+26.6%,+15.43%,0.5772,40,✓ Yes,completed
2,402,244,04-15,+33.9%,+17.02%,0.5851,24,✓ Yes,completed
2,402,261,04-15,+31.5%,+16.89%,0.5844,25,✓ Yes,completed
2,402,279,04-15,+30.5%,+16.95%,0.5848,26,✓ Yes,completed
2,402,297,04-15,+30.0%,+16.73%,0.5836,26,✓ Yes,completed
2,402,314,04-15,+28.9%,+16.36%,0.5818,27,✓ Yes,completed
2,402,332,04-15,+27.9%,+15.80%,0.5790,28,✓ Yes,completed
2,402,350,04-15,+26.7%,+15.38%,0.5769,29,✓ Yes,completed
2,402,367,04-15,+25.8%,+14.78%,0.5739,29,✓ Yes,completed
2,402,385,04-15,+22.9%,+14.25%,0.5713,27,✓ Yes,completed
2,402,402,04-15,+21.0%,+13.47%,0.5673,35,✓ Yes,completed
2,420,244,04-15,+28.3%,+14.91%,0.5745,19,✓ Yes,completed
2,420,261,04-15,+26.9%,+14.38%,0.5719,21,✓ Yes,completed
2,420,279,04-15,+26.0%,+13.98%,0.5699,22,✓ Yes,completed
2,420,297,04-15,+25.2%,+14.00%,0.5700,21,✓ Yes,completed
2,420,314,04-15,+23.2%,+13.73%,0.5687,21,✓ Yes,completed
2,420,332,04-15,+22.3%,+13.35%,0.5668,22,✓ Yes,completed
2,420,350,04-15,+21.3%,+13.45%,0.5672,23,✓ Yes,completed
2,420,367,04-15,+20.5%,+12.96%,0.5648,23,✓ Yes,completed
2,420,385,04-15,+18.6%,+12.53%,0.5627,22,✓ Yes,completed
2,420,403,04-15,+16.9%,+12.29%,0.5614,21,✓ Yes,completed
2,420,420,04-15,+14.5%,+11.68%,0.5584,29,✓ Yes,completed
2,438,244,04-15,+24.3%,+12.66%,0.5633,15,✓ Yes,completed
2,438,261,04-15,+21.5%,+12.47%,0.5624,15,✓ Yes,completed
2,438,279,04-15,+20.6%,+12.20%,0.5610,16,✓ Yes,completed
2,438,297,04-15,+20.3%,+12.09%,0.5605,16,✓ Yes,completed
2,438,314,04-15,+17.5%,+12.10%,0.5605,15,✓ Yes,completed
2,438,332,04-15,+15.6%,+11.85%,0.5592,15,✓ Yes,completed
2,438,350,04-15,+14.8%,+11.47%,0.5573,16,✓ Yes,completed
2,438,367,04-15,+14.3%,+11.50%,0.5575,16,✓ Yes,completed
2,438,385,04-15,+13.7%,+11.45%,0.5573,16,✓ Yes,completed
2,438,403,04-15,+13.2%,+11.05%,0.5553,16,✓ Yes,completed
2,438,420,04-15,+12.4%,+10.69%,0.5534,16,✓ Yes,completed
2,438,438,04-15,+10.9%,+9.49%,0.5475,24,✓ Yes,completed
2,456,244,04-15,+19.3%,+11.40%,0.5570,11,✓ Yes,completed
2,456,261,04-15,+15.3%,+11.01%,0.5550,10,✓ Yes,completed
2,456,279,04-15,+14.6%,+10.90%,0.5545,11,✓ Yes,completed
2,456,297,04-15,+14.3%,+10.96%,0.5548,11,✓ Yes,completed
2,456,314,04-15,+14.1%,+11.04%,0.5552,11,✓ Yes,completed
2,456,332,04-15,+13.0%,+10.46%,0.5523,12,✓ Yes,completed
2,456,350,04-15,+12.2%,+10.29%,0.5514,13,✓ Yes,completed
2,456,367,04-15,+11.8%,+10.13%,0.5507,13,✓ Yes,completed
2,456,385,04-15,+11.4%,+9.82%,0.5491,13,✓ Yes,completed
2,456,403,04-15,+11.0%,+9.51%,0.5476,13,✓ Yes,completed
2,456,420,04-15,+10.4%,+9.13%,0.5457,13,✓ Yes,completed
2,456,438,04-15,+9.3%,+8.26%,0.5413,13,✓ Yes,completed
2,456,456,04-15,+8.4%,+7.67%,0.5384,19,✓ Yes,completed
2,474,244,04-15,+15.0%,+10.13%,0.5506,9,✓ Yes,completed
2,474,261,04-15,+12.9%,+9.74%,0.5487,10,✓ Yes,completed
2,474,279,04-15,+9.8%,+8.01%,0.5401,11,✓ Yes,completed
2,474,297,04-15,+9.5%,+7.90%,0.5395,11,✓ Yes,completed
2,474,315,04-15,+9.3%,+7.80%,0.5390,11,✓ Yes,completed
2,474,332,04-15,+9.1%,+7.76%,0.5388,11,✓ Yes,completed
2,474,350,04-15,+8.9%,+7.70%,0.5385,11,✓ Yes,completed
2,474,368,04-15,+8.7%,+7.62%,0.5381,11,✓ Yes,completed
2,474,385,04-15,+8.4%,+7.53%,0.5377,11,✓ Yes,completed
2,474,403,04-15,+8.1%,+7.37%,0.5368,11,✓ Yes,completed
2,474,421,04-15,+7.8%,+7.04%,0.5352,11,✓ Yes,completed
2,474,438,04-15,+7.4%,+6.76%,0.5338,11,✓ Yes,completed
2,474,456,04-15,+6.9%,+6.62%,0.5331,11,✓ Yes,completed
2,474,474,04-15,+5.7%,+5.72%,0.5286,16,✓ Yes,completed
2,491,244,04-15,+13.3%,+9.30%,0.5465,8,✓ Yes,completed
2,491,262,04-15,+11.2%,+8.45%,0.5422,9,✓ Yes,completed
2,491,279,04-15,+7.2%,+6.06%,0.5303,9,✓ Yes,completed
2,491,297,04-15,+7.0%,+6.11%,0.5305,9,✓ Yes,completed
2,491,315,04-15,+6.9%,+6.15%,0.5308,9,✓ Yes,completed
2,491,332,04-15,+6.7%,+6.19%,0.5310,9,✓ Yes,completed
2,491,350,04-15,+6.6%,+6.23%,0.5312,9,✓ Yes,completed
2,491,368,04-15,+6.4%,+6.21%,0.5311,9,✓ Yes,completed
2,491,385,04-15,+6.2%,+6.07%,0.5303,9,✓ Yes,completed
2,491,403,04-15,+6.0%,+5.90%,0.5295,9,✓ Yes,completed
2,491,421,04-15,+5.7%,+5.68%,0.5284,9,✓ Yes,completed
2,491,438,04-15,+5.4%,+5.52%,0.5276,9,✓ Yes,completed
2,491,456,04-15,+5.1%,+5.32%,0.5266,9,✓ Yes,completed
2,491,474,04-15,+3.9%,+4.16%,0.5208,9,✓ Yes,completed
2,491,491,04-15,+3.5%,+3.80%,0.5190,14,✓ Yes,completed
2,509,244,04-15,+9.6%,+6.55%,0.5327,3,✓ Yes,completed
2,509,260,04-15,+7.6%,+5.55%,0.5277,4,✓ Yes,completed
2,509,277,04-15,+3.7%,+3.52%,0.5176,4,✓ Yes,completed
2,509,294,04-15,+3.6%,+3.50%,0.5175,4,✓ Yes,completed
2,509,310,04-15,+3.5%,+3.49%,0.5174,4,✓ Yes,completed
2,509,327,04-15,+3.4%,+3.46%,0.5173,4,✓ Yes,completed
2,509,343,04-15,+3.3%,+3.42%,0.5171,4,✓ Yes,completed
2,509,360,04-15,+3.2%,+3.40%,0.5170,4,✓ Yes,completed
2,509,376,04-15,+3.1%,+3.39%,0.5169,4,✓ Yes,completed
2,509,393,04-15,+3.1%,+3.38%,0.5169,4,✓ Yes,completed
2,509,410,04-15,+3.0%,+3.36%,0.5168,4,✓ Yes,completed
2,509,426,04-15,+2.8%,+3.33%,0.5166,4,✓ Yes,completed
2,509,443,04-15,+2.7%,+3.27%,0.5163,4,✓ Yes,completed
2,509,459,04-15,+2.6%,+3.16%,0.5158,4,✓ Yes,completed
2,509,476,04-15,+2.5%,+3.02%,0.5151,4,✓ Yes,completed
2,509,493,04-15,+2.3%,+2.84%,0.5142,4,✓ Yes,completed
2,509,509,04-15,+1.8%,+2.19%,0.5110,10,✓ Yes,completed
3,331,278,03-12,+50.0%,+80.06%,0.9003,31,✗ No,budget_exceeded
3,331,287,03-12,+50.0%,+79.56%,0.8978,32,✗ No,budget_exceeded
3,331,296,03-12,+50.0%,+79.24%,0.8962,32,✗ No,budget_exceeded
3,331,305,03-12,+50.0%,+77.91%,0.8895,36,✗ No,budget_exceeded
3,331,313,03-12,+50.0%,+76.99%,0.8849,38,✗ No,budget_exceeded
3,331,322,03-12,+50.0%,+76.49%,0.8824,38,✗ No,budget_exceeded
3,331,331,03-12,+50.0%,+76.07%,0.8804,39,✗ No,budget_exceeded
3,339,278,03-12,+50.0%,+79.30%,0.8965,31,✗ No,budget_exceeded
3,339,287,03-12,+50.0%,+79.04%,0.8952,31,✗ No,budget_exceeded
3,339,296,03-12,+50.0%,+78.46%,0.8923,32,✗ No,budget_exceeded
3,339,304,03-12,+50.0%,+77.34%,0.8867,35,✗ No,budget_exceeded
3,339,313,03-12,+50.0%,+76.48%,0.8824,37,✗ No,budget_exceeded
3,339,322,03-12,+50.0%,+76.10%,0.8805,37,✗ No,budget_exceeded
3,339,330,03-12,+50.0%,+75.68%,0.8784,37,✗ No,budget_exceeded
3,339,339,03-12,+50.0%,+75.17%,0.8758,40,✗ No,budget_exceeded
3,347,278,03-12,+50.0%,+79.07%,0.8954,31,✗ No,budget_exceeded
3,347,286,03-12,+50.0%,+78.55%,0.8927,32,✗ No,budget_exceeded
3,347,293,03-12,+50.0%,+78.31%,0.8915,32,✗ No,budget_exceeded
3,347,301,03-12,+50.0%,+77.44%,0.8872,34,✗ No,budget_exceeded
3,347,309,03-12,+50.0%,+76.59%,0.8830,36,✗ No,budget_exceeded
3,347,316,03-12,+50.0%,+75.91%,0.8795,37,✗ No,budget_exceeded
3,347,324,03-12,+50.0%,+75.56%,0.8778,37,✗ No,budget_exceeded
3,347,332,03-12,+50.0%,+75.00%,0.8750,38,✗ No,budget_exceeded
3,347,339,03-12,+50.0%,+74.55%,0.8727,39,✗ No,budget_exceeded
3,347,347,03-12,+50.0%,+74.10%,0.8705,39,✗ No,budget_exceeded
3,355,278,03-12,+50.0%,+78.88%,0.8944,31,✗ No,budget_exceeded
3,355,286,03-12,+50.0%,+78.33%,0.8917,32,✗ No,budget_exceeded
3,355,294,03-12,+50.0%,+78.09%,0.8904,32,✗ No,budget_exceeded
3,355,301,03-12,+50.0%,+76.72%,0.8836,34,✗ No,budget_exceeded
3,355,309,03-12,+50.0%,+76.15%,0.8808,35,✗ No,budget_exceeded
3,355,317,03-12,+50.0%,+75.49%,0.8775,36,✗ No,budget_exceeded
3,355,324,03-12,+50.0%,+75.20%,0.8760,36,✗ No,budget_exceeded
3,355,332,03-12,+50.0%,+74.65%,0.8732,37,✗ No,budget_exceeded
3,355,340,03-12,+50.0%,+74.13%,0.8707,38,✗ No,budget_exceeded
3,355,347,03-12,+50.0%,+73.27%,0.8664,39,✗ No,budget_exceeded
3,355,355,03-12,+50.0%,+72.97%,0.8649,40,✗ No,budget_exceeded
3,363,278,03-12,+50.0%,+78.26%,0.8913,32,✗ No,budget_exceeded
3,363,286,03-12,+50.0%,+78.00%,0.8900,32,✗ No,budget_exceeded
3,363,294,03-12,+50.0%,+77.75%,0.8887,32,✗ No,budget_exceeded
3,363,301,03-12,+50.0%,+76.35%,0.8818,34,✗ No,budget_exceeded
3,363,309,03-12,+50.0%,+75.77%,0.8788,35,✗ No,budget_exceeded
3,363,317,03-12,+50.0%,+75.07%,0.8754,36,✗ No,budget_exceeded
3,363,324,03-12,+50.0%,+74.77%,0.8739,36,✗ No,budget_exceeded
3,363,332,03-12,+50.0%,+74.09%,0.8704,37,✗ No,budget_exceeded
3,363,340,03-12,+50.0%,+73.17%,0.8658,39,✗ No,budget_exceeded
3,363,348,03-12,+50.0%,+72.73%,0.8637,39,✗ No,budget_exceeded
3,363,355,03-12,+50.0%,+70.84%,0.8542,40,✗ No,budget_exceeded
3,363,363,03-12,+50.0%,+70.18%,0.8509,44,✗ No,budget_exceeded
3,371,278,03-12,+50.0%,+77.94%,0.8897,32,✗ No,budget_exceeded
3,371,286,03-12,+50.0%,+77.67%,0.8884,32,✗ No,budget_exceeded
3,371,294,03-12,+50.0%,+77.43%,0.8871,32,✗ No,budget_exceeded
3,371,301,03-12,+50.0%,+75.98%,0.8799,34,✗ No,budget_exceeded
3,371,309,03-12,+50.0%,+75.15%,0.8758,34,✗ No,budget_exceeded
3,371,317,03-12,+50.0%,+74.51%,0.8726,35,✗ No,budget_exceeded
3,371,325,03-12,+50.0%,+74.22%,0.8711,35,✗ No,budget_exceeded
3,371,332,03-12,+50.0%,+73.12%,0.8656,37,✗ No,budget_exceeded
3,371,340,03-12,+50.0%,+72.60%,0.8630,38,✗ No,budget_exceeded
3,371,348,03-12,+50.0%,+70.68%,0.8534,39,✗ No,budget_exceeded
3,371,355,03-12,+50.0%,+70.30%,0.8515,39,✗ No,budget_exceeded
3,371,363,03-12,+50.0%,+69.09%,0.8455,41,✗ No,budget_exceeded
3,371,371,03-12,+50.0%,+68.44%,0.8422,46,✗ No,budget_exceeded
3,379,278,03-12,+50.0%,+77.62%,0.8881,32,✗ No,budget_exceeded
3,379,286,03-12,+50.0%,+77.36%,0.8868,32,✗ No,budget_exceeded
3,379,294,03-12,+50.0%,+77.12%,0.8856,32,✗ No,budget_exceeded
3,379,301,03-12,+50.0%,+75.63%,0.8781,34,✗ No,budget_exceeded
3,379,309,03-12,+50.0%,+74.81%,0.8740,34,✗ No,budget_exceeded
3,379,317,03-12,+50.0%,+74.14%,0.8707,35,✗ No,budget_exceeded
3,379,325,03-12,+50.0%,+73.86%,0.8693,35,✗ No,budget_exceeded
3,379,332,03-12,+50.0%,+72.71%,0.8636,37,✗ No,budget_exceeded
3,379,340,03-12,+50.0%,+70.66%,0.8533,39,✗ No,budget_exceeded
3,379,348,03-12,+50.0%,+70.23%,0.8512,39,✗ No,budget_exceeded
3,379,356,03-12,+50.0%,+69.41%,0.8471,40,✗ No,budget_exceeded
3,379,363,03-12,+50.0%,+68.44%,0.8422,40,✗ No,budget_exceeded
3,379,371,03-12,+50.0%,+67.28%,0.8364,41,✗ No,budget_exceeded
3,379,379,03-12,+50.0%,+66.12%,0.8306,44,✗ No,budget_exceeded
3,387,278,03-12,+50.0%,+76.98%,0.8849,31,✗ No,budget_exceeded
3,387,286,03-12,+50.0%,+76.37%,0.8819,32,✗ No,budget_exceeded
3,387,294,03-12,+50.0%,+76.12%,0.8806,32,✗ No,budget_exceeded
3,387,301,03-12,+50.0%,+74.98%,0.8749,33,✗ No,budget_exceeded
3,387,309,03-12,+50.0%,+74.14%,0.8707,33,✗ No,budget_exceeded
3,387,317,03-12,+50.0%,+73.01%,0.8650,35,✗ No,budget_exceeded
3,387,325,03-12,+50.0%,+72.75%,0.8637,35,✗ No,budget_exceeded
3,387,333,03-12,+50.0%,+70.50%,0.8525,37,✗ No,budget_exceeded
3,387,340,03-12,+50.0%,+69.93%,0.8496,38,✗ No,budget_exceeded
3,387,348,03-12,+50.0%,+69.01%,0.8450,39,✗ No,budget_exceeded
3,387,356,03-12,+50.0%,+68.67%,0.8434,39,✗ No,budget_exceeded
3,387,364,03-12,+50.0%,+67.25%,0.8362,40,✗ No,budget_exceeded
3,387,371,03-12,+50.0%,+66.06%,0.8303,41,✗ No,budget_exceeded
3,387,379,03-12,+50.0%,+58.68%,0.7934,42,✗ No,budget_exceeded
3,387,387,03-12,+50.0%,+58.04%,0.7902,48,✗ No,budget_exceeded
3,395,278,03-12,+50.0%,+74.59%,0.8729,30,✗ No,budget_exceeded
3,395,286,03-12,+50.0%,+74.31%,0.8716,30,✗ No,budget_exceeded
3,395,294,03-12,+50.0%,+74.07%,0.8704,30,✗ No,budget_exceeded
3,395,302,03-12,+50.0%,+73.05%,0.8653,32,✗ No,budget_exceeded
3,395,309,03-12,+50.0%,+72.22%,0.8611,32,✗ No,budget_exceeded
3,395,317,03-12,+50.0%,+70.00%,0.8500,34,✗ No,budget_exceeded
3,395,325,03-12,+50.0%,+69.30%,0.8465,35,✗ No,budget_exceeded
3,395,333,03-12,+50.0%,+68.55%,0.8427,36,✗ No,budget_exceeded
3,395,340,03-12,+50.0%,+67.51%,0.8376,38,✗ No,budget_exceeded
3,395,348,03-12,+50.0%,+67.09%,0.8354,38,✗ No,budget_exceeded
3,395,356,03-12,+50.0%,+66.77%,0.8339,38,✗ No,budget_exceeded
3,395,364,03-12,+50.0%,+65.78%,0.8289,39,✗ No,budget_exceeded
3,395,372,03-12,+50.0%,+58.60%,0.7930,40,✗ No,budget_exceeded
3,395,379,03-12,+50.0%,+57.95%,0.7898,40,✗ No,budget_exceeded
3,395,387,03-12,+50.0%,+55.34%,0.7767,42,✗ No,budget_exceeded
3,395,395,03-12,+50.0%,+54.69%,0.7734,49,✗ No,budget_exceeded
3,403,278,03-12,+50.0%,+74.20%,0.8710,30,✗ No,budget_exceeded
3,403,286,03-12,+50.0%,+73.92%,0.8696,30,✗ No,budget_exceeded
3,403,294,03-12,+50.0%,+73.68%,0.8684,30,✗ No,budget_exceeded
3,403,302,03-12,+50.0%,+72.58%,0.8629,32,✗ No,budget_exceeded
3,403,309,03-12,+50.0%,+70.24%,0.8512,33,✗ No,budget_exceeded
3,403,317,03-12,+50.0%,+68.86%,0.8443,34,✗ No,budget_exceeded
3,403,325,03-12,+50.0%,+68.59%,0.8430,34,✗ No,budget_exceeded
3,403,333,03-12,+50.0%,+67.36%,0.8368,36,✗ No,budget_exceeded
3,403,341,03-12,+50.0%,+66.76%,0.8338,37,✗ No,budget_exceeded
3,403,348,03-12,+50.0%,+65.88%,0.8294,38,✗ No,budget_exceeded
3,403,356,03-12,+50.0%,+65.55%,0.8277,38,✗ No,budget_exceeded
3,403,364,03-12,+50.0%,+58.41%,0.7920,39,✗ No,budget_exceeded
3,403,372,03-12,+50.0%,+57.83%,0.7892,39,✗ No,budget_exceeded
3,403,380,03-12,+50.0%,+56.34%,0.7817,40,✗ No,budget_exceeded
3,403,387,03-12,+50.0%,+53.63%,0.7681,42,✗ No,budget_exceeded
3,403,395,03-12,+50.0%,+48.57%,0.7428,47,✗ No,budget_exceeded
3,403,403,03-12,+50.0%,+40.63%,0.7032,57,✗ No,budget_exceeded
3,331,278,03-17,+50.0%,+77.80%,0.8890,33,✗ No,budget_exceeded
3,331,287,03-17,+50.0%,+76.87%,0.8843,35,✗ No,budget_exceeded
3,331,296,03-17,+50.0%,+76.52%,0.8826,35,✗ No,budget_exceeded
3,331,305,03-17,+50.0%,+74.98%,0.8749,39,✗ No,budget_exceeded
3,331,313,03-17,+50.0%,+73.90%,0.8695,41,✗ No,budget_exceeded
3,331,322,03-17,+50.0%,+73.32%,0.8666,41,✗ No,budget_exceeded
3,331,331,03-17,+50.0%,+69.10%,0.8455,46,✗ No,budget_exceeded
3,339,278,03-17,+50.0%,+76.58%,0.8829,34,✗ No,budget_exceeded
3,339,287,03-17,+50.0%,+76.24%,0.8812,34,✗ No,budget_exceeded
3,339,296,03-17,+50.0%,+75.55%,0.8777,35,✗ No,budget_exceeded
3,339,304,03-17,+50.0%,+73.94%,0.8697,39,✗ No,budget_exceeded
3,339,313,03-17,+50.0%,+73.29%,0.8664,40,✗ No,budget_exceeded
3,339,322,03-17,+50.0%,+69.16%,0.8458,42,✗ No,budget_exceeded
3,339,330,03-17,+50.0%,+66.49%,0.8324,46,✗ No,budget_exceeded
3,339,339,03-17,+50.0%,+65.84%,0.8292,48,✗ No,budget_exceeded
3,347,278,03-17,+50.0%,+76.35%,0.8818,34,✗ No,budget_exceeded
3,347,286,03-17,+50.0%,+76.03%,0.8802,34,✗ No,budget_exceeded
3,347,293,03-17,+50.0%,+75.40%,0.8770,35,✗ No,budget_exceeded
3,347,301,03-17,+50.0%,+74.48%,0.8724,37,✗ No,budget_exceeded
3,347,309,03-17,+50.0%,+73.48%,0.8674,39,✗ No,budget_exceeded
3,347,316,03-17,+50.0%,+67.72%,0.8386,42,✗ No,budget_exceeded
3,347,324,03-17,+50.0%,+66.24%,0.8312,43,✗ No,budget_exceeded
3,347,332,03-17,+50.0%,+65.57%,0.8279,44,✗ No,budget_exceeded
3,347,339,03-17,+50.0%,+64.42%,0.8221,46,✗ No,budget_exceeded
3,347,347,03-17,+50.0%,+63.28%,0.8164,50,✗ No,budget_exceeded
3,355,278,03-17,+50.0%,+76.09%,0.8804,34,✗ No,budget_exceeded
3,355,286,03-17,+50.0%,+75.41%,0.8770,35,✗ No,budget_exceeded
3,355,294,03-17,+50.0%,+75.15%,0.8757,35,✗ No,budget_exceeded
3,355,301,03-17,+50.0%,+73.60%,0.8680,37,✗ No,budget_exceeded
3,355,309,03-17,+50.0%,+67.71%,0.8385,39,✗ No,budget_exceeded
3,355,317,03-17,+50.0%,+65.90%,0.8295,41,✗ No,budget_exceeded
3,355,324,03-17,+50.0%,+65.53%,0.8277,41,✗ No,budget_exceeded
3,355,332,03-17,+50.0%,+64.35%,0.8217,43,✗ No,budget_exceeded
3,355,340,03-17,+50.0%,+63.15%,0.8157,45,✗ No,budget_exceeded
3,355,347,03-17,+50.0%,+62.55%,0.8127,45,✗ No,budget_exceeded
3,355,355,03-17,+50.0%,+61.58%,0.8079,47,✗ No,budget_exceeded
3,363,278,03-17,+50.0%,+75.34%,0.8767,35,✗ No,budget_exceeded
3,363,286,03-17,+50.0%,+75.02%,0.8751,35,✗ No,budget_exceeded
3,363,294,03-17,+50.0%,+74.76%,0.8738,35,✗ No,budget_exceeded
3,363,301,03-17,+50.0%,+73.17%,0.8658,37,✗ No,budget_exceeded
3,363,309,03-17,+50.0%,+65.86%,0.8293,39,✗ No,budget_exceeded
3,363,317,03-17,+50.0%,+64.49%,0.8225,41,✗ No,budget_exceeded
3,363,324,03-17,+50.0%,+64.13%,0.8206,41,✗ No,budget_exceeded
3,363,332,03-17,+50.0%,+62.84%,0.8142,43,✗ No,budget_exceeded
3,363,340,03-17,+50.0%,+61.70%,0.8085,45,✗ No,budget_exceeded
3,363,348,03-17,+50.0%,+61.25%,0.8062,45,✗ No,budget_exceeded
3,363,355,03-17,+50.0%,+57.52%,0.7876,46,✗ No,budget_exceeded
3,363,363,03-17,+50.0%,+56.15%,0.7808,53,✗ No,budget_exceeded
3,371,278,03-17,+50.0%,+74.99%,0.8749,35,✗ No,budget_exceeded
3,371,286,03-17,+50.0%,+74.67%,0.8733,35,✗ No,budget_exceeded
3,371,294,03-17,+50.0%,+74.41%,0.8720,35,✗ No,budget_exceeded
3,371,301,03-17,+50.0%,+66.07%,0.8304,38,✗ No,budget_exceeded
3,371,309,03-17,+50.0%,+64.55%,0.8228,39,✗ No,budget_exceeded
3,371,317,03-17,+50.0%,+63.85%,0.8193,40,✗ No,budget_exceeded
3,371,325,03-17,+50.0%,+62.95%,0.8148,41,✗ No,budget_exceeded
3,371,332,03-17,+50.0%,+61.64%,0.8082,43,✗ No,budget_exceeded
3,371,340,03-17,+50.0%,+61.00%,0.8050,44,✗ No,budget_exceeded
3,371,348,03-17,+50.0%,+57.39%,0.7870,45,✗ No,budget_exceeded
3,371,355,03-17,+50.0%,+56.30%,0.7815,46,✗ No,budget_exceeded
3,371,363,03-17,+50.0%,+49.59%,0.7479,48,✗ No,budget_exceeded
3,371,371,03-17,+50.0%,+48.17%,0.7409,55,✗ No,budget_exceeded
3,379,278,03-17,+50.0%,+74.61%,0.8730,35,✗ No,budget_exceeded
3,379,286,03-17,+50.0%,+74.29%,0.8715,35,✗ No,budget_exceeded
3,379,294,03-17,+50.0%,+73.60%,0.8680,36,✗ No,budget_exceeded
3,379,301,03-17,+50.0%,+65.63%,0.8282,38,✗ No,budget_exceeded
3,379,309,03-17,+50.0%,+64.09%,0.8205,39,✗ No,budget_exceeded
3,379,317,03-17,+50.0%,+62.80%,0.8140,41,✗ No,budget_exceeded
3,379,325,03-17,+50.0%,+62.45%,0.8122,41,✗ No,budget_exceeded
3,379,332,03-17,+50.0%,+61.08%,0.8054,43,✗ No,budget_exceeded
3,379,340,03-17,+50.0%,+57.20%,0.7860,45,✗ No,budget_exceeded
3,379,348,03-17,+50.0%,+56.22%,0.7811,46,✗ No,budget_exceeded
3,379,356,03-17,+50.0%,+49.85%,0.7493,47,✗ No,budget_exceeded
3,379,363,03-17,+50.0%,+48.12%,0.7406,48,✗ No,budget_exceeded
3,379,371,03-17,+50.0%,+46.57%,0.7329,49,✗ No,budget_exceeded
3,379,379,03-17,+50.0%,+30.85%,0.6543,53,✗ No,budget_exceeded
3,387,278,03-17,+50.0%,+73.42%,0.8671,35,✗ No,budget_exceeded
3,387,286,03-17,+50.0%,+73.10%,0.8655,35,✗ No,budget_exceeded
3,387,294,03-17,+50.0%,+72.84%,0.8642,35,✗ No,budget_exceeded
3,387,301,03-17,+50.0%,+64.17%,0.8208,38,✗ No,budget_exceeded
3,387,309,03-17,+50.0%,+62.63%,0.8132,39,✗ No,budget_exceeded
3,387,317,03-17,+50.0%,+61.23%,0.8061,41,✗ No,budget_exceeded
3,387,325,03-17,+50.0%,+60.93%,0.8047,41,✗ No,budget_exceeded
3,387,333,03-17,+50.0%,+56.31%,0.7815,44,✗ No,budget_exceeded
3,387,340,03-17,+50.0%,+49.77%,0.7489,46,✗ No,budget_exceeded
3,387,348,03-17,+50.0%,+49.28%,0.7464,46,✗ No,budget_exceeded
3,387,356,03-17,+50.0%,+48.19%,0.7410,47,✗ No,budget_exceeded
3,387,364,03-17,+50.0%,+46.43%,0.7321,48,✗ No,budget_exceeded
3,387,371,03-17,+50.0%,+30.58%,0.6529,49,✗ No,budget_exceeded
3,387,379,03-17,+49.2%,+26.35%,0.6318,49,✓ Yes,completed
3,387,387,03-17,+48.2%,+25.85%,0.6292,60,✓ Yes,completed
3,395,278,03-17,+50.0%,+63.77%,0.8188,35,✗ No,budget_exceeded
3,395,286,03-17,+50.0%,+63.46%,0.8173,35,✗ No,budget_exceeded
3,395,294,03-17,+50.0%,+62.55%,0.8128,36,✗ No,budget_exceeded
3,395,302,03-17,+50.0%,+61.86%,0.8093,37,✗ No,budget_exceeded
3,395,309,03-17,+50.0%,+57.00%,0.7850,39,✗ No,budget_exceeded
3,395,317,03-17,+50.0%,+55.56%,0.7778,41,✗ No,budget_exceeded
3,395,325,03-17,+50.0%,+49.36%,0.7468,42,✗ No,budget_exceeded
3,395,333,03-17,+50.0%,+47.95%,0.7398,44,✗ No,budget_exceeded
3,395,340,03-17,+50.0%,+47.21%,0.7360,45,✗ No,budget_exceeded
3,395,348,03-17,+50.0%,+46.01%,0.7301,46,✗ No,budget_exceeded
3,395,356,03-17,+50.0%,+30.50%,0.6525,47,✗ No,budget_exceeded
3,395,364,03-17,+49.5%,+26.45%,0.6322,47,✓ Yes,completed
3,395,372,03-17,+48.7%,+26.19%,0.6309,47,✓ Yes,completed
3,395,379,03-17,+47.9%,+25.79%,0.6290,47,✓ Yes,completed
3,395,387,03-17,+46.6%,+25.50%,0.6275,47,✓ Yes,completed
3,395,395,03-17,+45.8%,+25.14%,0.6257,61,✓ Yes,completed
3,403,278,03-17,+50.0%,+63.17%,0.8158,35,✗ No,budget_exceeded
3,403,286,03-17,+50.0%,+62.14%,0.8107,36,✗ No,budget_exceeded
3,403,294,03-17,+50.0%,+61.88%,0.8094,36,✗ No,budget_exceeded
3,403,302,03-17,+50.0%,+60.40%,0.8020,38,✗ No,budget_exceeded
3,403,309,03-17,+50.0%,+55.42%,0.7771,40,✗ No,budget_exceeded
3,403,317,03-17,+50.0%,+47.86%,0.7393,42,✗ No,budget_exceeded
3,403,325,03-17,+50.0%,+47.57%,0.7378,42,✗ No,budget_exceeded
3,403,333,03-17,+50.0%,+45.82%,0.7291,44,✗ No,budget_exceeded
3,403,341,03-17,+49.9%,+26.51%,0.6325,46,✓ Yes,completed
3,403,348,03-17,+49.4%,+26.25%,0.6312,46,✓ Yes,completed
3,403,356,03-17,+48.9%,+26.12%,0.6306,46,✓ Yes,completed
3,403,364,03-17,+48.2%,+25.78%,0.6289,46,✓ Yes,completed
3,403,372,03-17,+47.4%,+25.69%,0.6285,46,✓ Yes,completed
3,403,380,03-17,+46.6%,+25.48%,0.6274,46,✓ Yes,completed
3,403,387,03-17,+45.3%,+25.03%,0.6252,46,✓ Yes,completed
3,403,395,03-17,+44.4%,+24.53%,0.6226,49,✓ Yes,completed
3,403,403,03-17,+42.9%,+24.31%,0.6215,56,✓ Yes,completed
3,331,278,03-22,+50.0%,+72.80%,0.8640,35,✗ No,budget_exceeded
3,331,287,03-22,+50.0%,+71.75%,0.8587,37,✗ No,budget_exceeded
3,331,296,03-22,+50.0%,+71.30%,0.8565,37,✗ No,budget_exceeded
3,331,305,03-22,+50.0%,+69.65%,0.8483,41,✗ No,budget_exceeded
3,331,313,03-22,+50.0%,+68.22%,0.8411,44,✗ No,budget_exceeded
3,331,322,03-22,+50.0%,+64.67%,0.8233,45,✗ No,budget_exceeded
3,331,331,03-22,+50.0%,+63.94%,0.8197,50,✗ No,budget_exceeded
3,339,278,03-22,+50.0%,+71.35%,0.8567,36,✗ No,budget_exceeded
3,339,287,03-22,+50.0%,+70.96%,0.8548,36,✗ No,budget_exceeded
3,339,296,03-22,+50.0%,+70.11%,0.8505,37,✗ No,budget_exceeded
3,339,304,03-22,+50.0%,+68.38%,0.8419,41,✗ No,budget_exceeded
3,339,313,03-22,+50.0%,+64.52%,0.8226,44,✗ No,budget_exceeded
3,339,322,03-22,+50.0%,+63.43%,0.8172,45,✗ No,budget_exceeded
3,339,330,03-22,+50.0%,+62.52%,0.8126,47,✗ No,budget_exceeded
3,339,339,03-22,+50.0%,+58.88%,0.7944,52,✗ No,budget_exceeded
3,347,278,03-22,+50.0%,+70.59%,0.8530,35,✗ No,budget_exceeded
3,347,286,03-22,+50.0%,+69.79%,0.8489,36,✗ No,budget_exceeded
3,347,293,03-22,+50.0%,+69.49%,0.8474,36,✗ No,budget_exceeded
3,347,301,03-22,+50.0%,+68.06%,0.8403,39,✗ No,budget_exceeded
3,347,309,03-22,+50.0%,+63.26%,0.8163,42,✗ No,budget_exceeded
3,347,316,03-22,+50.0%,+62.43%,0.8121,43,✗ No,budget_exceeded
3,347,324,03-22,+50.0%,+59.92%,0.7996,44,✗ No,budget_exceeded
3,347,332,03-22,+50.0%,+56.51%,0.7825,47,✗ No,budget_exceeded
3,347,339,03-22,+50.0%,+54.85%,0.7742,50,✗ No,budget_exceeded
3,347,347,03-22,+50.0%,+54.05%,0.7703,55,✗ No,budget_exceeded
3,355,278,03-22,+50.0%,+69.36%,0.8468,35,✗ No,budget_exceeded
3,355,286,03-22,+50.0%,+69.05%,0.8453,35,✗ No,budget_exceeded
3,355,294,03-22,+50.0%,+68.29%,0.8415,36,✗ No,budget_exceeded
3,355,301,03-22,+50.0%,+63.87%,0.8194,38,✗ No,budget_exceeded
3,355,309,03-22,+50.0%,+59.94%,0.7997,41,✗ No,budget_exceeded
3,355,317,03-22,+50.0%,+55.93%,0.7797,43,✗ No,budget_exceeded
3,355,324,03-22,+50.0%,+55.51%,0.7776,43,✗ No,budget_exceeded
3,355,332,03-22,+50.0%,+54.28%,0.7714,45,✗ No,budget_exceeded
3,355,340,03-22,+50.0%,+52.98%,0.7649,47,✗ No,budget_exceeded
3,355,347,03-22,+50.0%,+37.11%,0.6855,48,✗ No,budget_exceeded
3,355,355,03-22,+50.0%,+36.45%,0.6822,51,✗ No,budget_exceeded
3,363,278,03-22,+50.0%,+67.50%,0.8375,35,✗ No,budget_exceeded
3,363,286,03-22,+50.0%,+63.93%,0.8196,36,✗ No,budget_exceeded
3,363,294,03-22,+50.0%,+63.19%,0.8160,37,✗ No,budget_exceeded
3,363,301,03-22,+50.0%,+56.08%,0.7804,39,✗ No,budget_exceeded
3,363,309,03-22,+50.0%,+55.41%,0.7770,40,✗ No,budget_exceeded
3,363,317,03-22,+50.0%,+54.06%,0.7703,42,✗ No,budget_exceeded
3,363,324,03-22,+50.0%,+53.14%,0.7657,43,✗ No,budget_exceeded
3,363,332,03-22,+50.0%,+37.14%,0.6857,45,✗ No,budget_exceeded
3,363,340,03-22,+50.0%,+36.43%,0.6822,46,✗ No,budget_exceeded
3,363,348,03-22,+49.6%,+27.57%,0.6378,46,✓ Yes,completed
3,363,355,03-22,+49.0%,+27.38%,0.6369,46,✓ Yes,completed
3,363,363,03-22,+48.2%,+26.88%,0.6344,53,✓ Yes,completed
3,371,278,03-22,+50.0%,+63.79%,0.8189,36,✗ No,budget_exceeded
3,371,286,03-22,+50.0%,+63.00%,0.8150,37,✗ No,budget_exceeded
3,371,294,03-22,+50.0%,+62.73%,0.8137,37,✗ No,budget_exceeded
3,371,301,03-22,+50.0%,+55.55%,0.7778,39,✗ No,budget_exceeded
3,371,309,03-22,+50.0%,+54.09%,0.7704,40,✗ No,budget_exceeded
3,371,317,03-22,+50.0%,+52.76%,0.7638,42,✗ No,budget_exceeded
3,371,325,03-22,+50.0%,+52.40%,0.7620,42,✗ No,budget_exceeded
3,371,332,03-22,+50.0%,+36.29%,0.6814,44,✗ No,budget_exceeded
3,371,340,03-22,+49.3%,+27.44%,0.6372,45,✓ Yes,completed
3,371,348,03-22,+48.8%,+27.29%,0.6365,45,✓ Yes,completed
3,371,355,03-22,+48.2%,+26.92%,0.6346,45,✓ Yes,completed
3,371,363,03-22,+47.3%,+26.63%,0.6332,46,✓ Yes,completed
3,371,371,03-22,+46.6%,+26.29%,0.6315,53,✓ Yes,completed
3,379,278,03-22,+50.0%,+62.75%,0.8137,37,✗ No,budget_exceeded
3,379,286,03-22,+50.0%,+62.44%,0.8122,37,✗ No,budget_exceeded
3,379,294,03-22,+50.0%,+62.17%,0.8108,37,✗ No,budget_exceeded
3,379,301,03-22,+50.0%,+54.44%,0.7722,40,✗ No,budget_exceeded
3,379,309,03-22,+50.0%,+52.89%,0.7645,41,✗ No,budget_exceeded
3,379,317,03-22,+50.0%,+36.78%,0.6839,43,✗ No,budget_exceeded
3,379,325,03-22,+50.0%,+36.42%,0.6821,43,✗ No,budget_exceeded
3,379,332,03-22,+49.4%,+27.39%,0.6369,44,✓ Yes,completed
3,379,340,03-22,+48.6%,+27.10%,0.6355,45,✓ Yes,completed
3,379,348,03-22,+48.1%,+26.84%,0.6342,45,✓ Yes,completed
3,379,356,03-22,+47.5%,+26.62%,0.6331,45,✓ Yes,completed
3,379,363,03-22,+46.5%,+26.21%,0.6310,45,✓ Yes,completed
3,379,371,03-22,+45.6%,+25.72%,0.6286,45,✓ Yes,completed
3,379,379,03-22,+44.8%,+25.19%,0.6260,48,✓ Yes,completed
3,387,278,03-22,+50.0%,+55.69%,0.7784,37,✗ No,budget_exceeded
3,387,286,03-22,+50.0%,+55.37%,0.7769,37,✗ No,budget_exceeded
3,387,294,03-22,+50.0%,+55.11%,0.7755,37,✗ No,budget_exceeded
3,387,301,03-22,+50.0%,+52.72%,0.7636,40,✗ No,budget_exceeded
3,387,309,03-22,+50.0%,+36.37%,0.6818,41,✗ No,budget_exceeded
3,387,317,03-22,+49.5%,+27.28%,0.6364,42,✓ Yes,completed
3,387,325,03-22,+49.2%,+27.22%,0.6361,42,✓ Yes,completed
3,387,333,03-22,+48.3%,+26.79%,0.6340,43,✓ Yes,completed
3,387,340,03-22,+47.5%,+26.52%,0.6326,44,✓ Yes,completed
3,387,348,03-22,+47.0%,+26.46%,0.6323,44,✓ Yes,completed
3,387,356,03-22,+46.4%,+26.15%,0.6307,44,✓ Yes,completed
3,387,364,03-22,+45.4%,+25.58%,0.6279,44,✓ Yes,completed
3,387,371,03-22,+44.5%,+25.00%,0.6250,44,✓ Yes,completed
3,387,379,03-22,+43.6%,+24.59%,0.6230,44,✓ Yes,completed
3,387,387,03-22,+42.6%,+24.01%,0.6201,55,✓ Yes,completed
3,395,278,03-22,+50.0%,+51.76%,0.7588,37,✗ No,budget_exceeded
3,395,286,03-22,+50.0%,+36.00%,0.6800,38,✗ No,budget_exceeded
3,395,294,03-22,+50.0%,+35.70%,0.6785,38,✗ No,budget_exceeded
3,395,302,03-22,+49.3%,+26.93%,0.6347,39,✓ Yes,completed
3,395,309,03-22,+48.4%,+26.56%,0.6328,39,✓ Yes,completed
3,395,317,03-22,+47.5%,+26.28%,0.6314,40,✓ Yes,completed
3,395,325,03-22,+47.2%,+26.30%,0.6315,40,✓ Yes,completed
3,395,333,03-22,+46.3%,+25.86%,0.6293,41,✓ Yes,completed
3,395,340,03-22,+45.5%,+25.50%,0.6275,42,✓ Yes,completed
3,395,348,03-22,+45.0%,+25.24%,0.6262,42,✓ Yes,completed
3,395,356,03-22,+44.5%,+24.90%,0.6245,42,✓ Yes,completed
3,395,364,03-22,+43.9%,+24.61%,0.6230,42,✓ Yes,completed
3,395,372,03-22,+43.1%,+24.32%,0.6216,42,✓ Yes,completed
3,395,379,03-22,+42.3%,+23.94%,0.6197,42,✓ Yes,completed
3,395,387,03-22,+41.0%,+23.38%,0.6169,42,✓ Yes,completed
3,395,395,03-22,+40.3%,+22.80%,0.6140,53,✓ Yes,completed
3,403,278,03-22,+49.8%,+26.73%,0.6336,38,✓ Yes,completed
3,403,286,03-22,+49.4%,+26.69%,0.6335,38,✓ Yes,completed
3,403,294,03-22,+49.1%,+26.66%,0.6333,38,✓ Yes,completed
3,403,302,03-22,+48.3%,+26.29%,0.6314,39,✓ Yes,completed
3,403,309,03-22,+47.3%,+26.08%,0.6304,39,✓ Yes,completed
3,403,317,03-22,+46.2%,+25.62%,0.6281,39,✓ Yes,completed
3,403,325,03-22,+45.9%,+25.50%,0.6275,39,✓ Yes,completed
3,403,333,03-22,+45.0%,+25.04%,0.6252,40,✓ Yes,completed
3,403,341,03-22,+44.2%,+24.61%,0.6230,41,✓ Yes,completed
3,403,348,03-22,+43.7%,+24.44%,0.6222,41,✓ Yes,completed
3,403,356,03-22,+43.2%,+24.27%,0.6213,41,✓ Yes,completed
3,403,364,03-22,+42.6%,+23.92%,0.6196,41,✓ Yes,completed
3,403,372,03-22,+41.8%,+23.76%,0.6188,41,✓ Yes,completed
3,403,380,03-22,+41.1%,+23.38%,0.6169,41,✓ Yes,completed
3,403,387,03-22,+39.8%,+22.64%,0.6132,41,✓ Yes,completed
3,403,395,03-22,+39.0%,+22.19%,0.6110,43,✓ Yes,completed
3,403,403,03-22,+37.8%,+21.95%,0.6097,51,✓ Yes,completed
3,331,278,03-27,+50.0%,+69.49%,0.8475,39,✗ No,budget_exceeded
3,331,287,03-27,+50.0%,+67.29%,0.8364,42,✗ No,budget_exceeded
3,331,296,03-27,+50.0%,+66.81%,0.8341,42,✗ No,budget_exceeded
3,331,305,03-27,+50.0%,+64.21%,0.8210,47,✗ No,budget_exceeded
3,331,313,03-27,+50.0%,+61.97%,0.8099,51,✗ No,budget_exceeded
3,331,322,03-27,+50.0%,+60.87%,0.8043,51,✗ No,budget_exceeded
3,331,331,03-27,+50.0%,+59.34%,0.7967,59,✗ No,budget_exceeded
3,339,278,03-27,+50.0%,+65.76%,0.8288,41,✗ No,budget_exceeded
3,339,287,03-27,+50.0%,+65.33%,0.8266,41,✗ No,budget_exceeded
3,339,296,03-27,+50.0%,+63.35%,0.8167,43,✗ No,budget_exceeded
3,339,304,03-27,+50.0%,+61.46%,0.8073,47,✗ No,budget_exceeded
3,339,313,03-27,+50.0%,+59.86%,0.7993,50,✗ No,budget_exceeded
3,339,322,03-27,+50.0%,+47.20%,0.7360,52,✗ No,budget_exceeded
3,339,330,03-27,+50.0%,+42.96%,0.7148,56,✗ No,budget_exceeded
3,339,339,03-27,+50.0%,+28.22%,0.6411,66,✗ No,budget_exceeded
3,347,278,03-27,+50.0%,+62.60%,0.8130,41,✗ No,budget_exceeded
3,347,286,03-27,+50.0%,+62.25%,0.8113,41,✗ No,budget_exceeded
3,347,293,03-27,+50.0%,+61.43%,0.8072,42,✗ No,budget_exceeded
3,347,301,03-27,+50.0%,+59.90%,0.7995,45,✗ No,budget_exceeded
3,347,309,03-27,+50.0%,+43.33%,0.7167,48,✗ No,budget_exceeded
3,347,316,03-27,+50.0%,+40.47%,0.7024,50,✗ No,budget_exceeded
3,347,324,03-27,+50.0%,+33.03%,0.6652,51,✗ No,budget_exceeded
3,347,332,03-27,+49.6%,+27.58%,0.6379,53,✓ Yes,completed
3,347,339,03-27,+48.0%,+27.24%,0.6362,54,✓ Yes,completed
3,347,347,03-27,+47.0%,+27.09%,0.6354,64,✓ Yes,completed
3,355,278,03-27,+50.0%,+59.72%,0.7986,41,✗ No,budget_exceeded
3,355,286,03-27,+50.0%,+59.40%,0.7970,41,✗ No,budget_exceeded
3,355,294,03-27,+50.0%,+59.06%,0.7953,41,✗ No,budget_exceeded
3,355,301,03-27,+50.0%,+40.17%,0.7009,44,✗ No,budget_exceeded
3,355,309,03-27,+50.0%,+28.00%,0.6400,47,✗ No,budget_exceeded
3,355,317,03-27,+48.7%,+27.46%,0.6373,47,✓ Yes,completed
3,355,324,03-27,+48.1%,+27.22%,0.6361,47,✓ Yes,completed
3,355,332,03-27,+47.2%,+27.13%,0.6356,48,✓ Yes,completed
3,355,340,03-27,+46.3%,+26.69%,0.6334,49,✓ Yes,completed
3,355,347,03-27,+45.5%,+26.39%,0.6319,49,✓ Yes,completed
3,355,355,03-27,+44.8%,+26.07%,0.6303,53,✓ Yes,completed
3,363,278,03-27,+50.0%,+32.77%,0.6639,41,✗ No,budget_exceeded
3,363,286,03-27,+50.0%,+32.46%,0.6623,41,✗ No,budget_exceeded
3,363,294,03-27,+50.0%,+28.04%,0.6402,42,✗ No,budget_exceeded
3,363,301,03-27,+48.7%,+27.30%,0.6365,42,✓ Yes,completed
3,363,309,03-27,+47.9%,+27.04%,0.6352,43,✓ Yes,completed
3,363,317,03-27,+46.9%,+26.93%,0.6346,44,✓ Yes,completed
3,363,324,03-27,+46.4%,+26.67%,0.6334,44,✓ Yes,completed
3,363,332,03-27,+45.5%,+26.34%,0.6317,45,✓ Yes,completed
3,363,340,03-27,+44.8%,+26.05%,0.6302,46,✓ Yes,completed
3,363,348,03-27,+44.2%,+25.81%,0.6291,46,✓ Yes,completed
3,363,355,03-27,+43.5%,+25.63%,0.6281,46,✓ Yes,completed
3,363,363,03-27,+42.7%,+25.17%,0.6259,53,✓ Yes,completed
3,371,278,03-27,+50.0%,+32.13%,0.6606,41,✗ No,budget_exceeded
3,371,286,03-27,+50.0%,+27.75%,0.6387,42,✗ No,budget_exceeded
3,371,294,03-27,+50.0%,+27.40%,0.6370,42,✗ No,budget_exceeded
3,371,301,03-27,+48.1%,+26.97%,0.6348,42,✓ Yes,completed
3,371,309,03-27,+47.0%,+26.89%,0.6344,42,✓ Yes,completed
3,371,317,03-27,+46.1%,+26.45%,0.6322,43,✓ Yes,completed
3,371,325,03-27,+45.6%,+26.30%,0.6315,43,✓ Yes,completed
3,371,332,03-27,+44.7%,+25.96%,0.6298,44,✓ Yes,completed
3,371,340,03-27,+44.0%,+25.70%,0.6285,45,✓ Yes,completed
3,371,348,03-27,+43.5%,+25.58%,0.6279,45,✓ Yes,completed
3,371,355,03-27,+42.8%,+25.23%,0.6262,45,✓ Yes,completed
3,371,363,03-27,+41.5%,+25.10%,0.6255,45,✓ Yes,completed
3,371,371,03-27,+40.8%,+24.66%,0.6233,52,✓ Yes,completed
3,379,278,03-27,+50.0%,+27.29%,0.6364,42,✗ No,budget_exceeded
3,379,286,03-27,+49.1%,+27.14%,0.6357,41,✓ Yes,completed
3,379,294,03-27,+48.7%,+27.15%,0.6358,41,✓ Yes,completed
3,379,301,03-27,+47.4%,+26.83%,0.6341,42,✓ Yes,completed
3,379,309,03-27,+46.3%,+26.46%,0.6323,42,✓ Yes,completed
3,379,317,03-27,+45.4%,+26.16%,0.6308,43,✓ Yes,completed
3,379,325,03-27,+44.9%,+26.02%,0.6301,43,✓ Yes,completed
3,379,332,03-27,+44.0%,+25.65%,0.6283,44,✓ Yes,completed
3,379,340,03-27,+43.3%,+25.45%,0.6272,45,✓ Yes,completed
3,379,348,03-27,+42.8%,+25.18%,0.6259,45,✓ Yes,completed
3,379,356,03-27,+42.1%,+25.03%,0.6251,45,✓ Yes,completed
3,379,363,03-27,+40.7%,+24.62%,0.6231,44,✓ Yes,completed
3,379,371,03-27,+39.8%,+24.33%,0.6216,44,✓ Yes,completed
3,379,379,03-27,+39.0%,+23.81%,0.6190,47,✓ Yes,completed
3,387,278,03-27,+48.4%,+26.75%,0.6337,40,✓ Yes,completed
3,387,286,03-27,+48.0%,+26.65%,0.6332,40,✓ Yes,completed
3,387,294,03-27,+47.7%,+26.66%,0.6333,40,✓ Yes,completed
3,387,301,03-27,+46.3%,+26.27%,0.6313,41,✓ Yes,completed
3,387,309,03-27,+45.2%,+25.96%,0.6298,41,✓ Yes,completed
3,387,317,03-27,+44.2%,+25.54%,0.6277,42,✓ Yes,completed
3,387,325,03-27,+43.8%,+25.47%,0.6273,42,✓ Yes,completed
3,387,333,03-27,+43.0%,+25.15%,0.6258,43,✓ Yes,completed
3,387,340,03-27,+42.2%,+24.92%,0.6246,44,✓ Yes,completed
3,387,348,03-27,+41.2%,+24.84%,0.6242,43,✓ Yes,completed
3,387,356,03-27,+40.7%,+24.56%,0.6228,43,✓ Yes,completed
3,387,364,03-27,+39.6%,+24.21%,0.6211,43,✓ Yes,completed
3,387,371,03-27,+38.7%,+23.65%,0.6183,43,✓ Yes,completed
3,387,379,03-27,+37.9%,+23.42%,0.6171,43,✓ Yes,completed
3,387,387,03-27,+36.9%,+22.75%,0.6138,54,✓ Yes,completed
3,395,278,03-27,+44.9%,+25.38%,0.6269,37,✓ Yes,completed
3,395,286,03-27,+44.6%,+25.24%,0.6262,37,✓ Yes,completed
3,395,294,03-27,+44.3%,+25.16%,0.6258,37,✓ Yes,completed
3,395,302,03-27,+43.5%,+25.03%,0.6252,38,✓ Yes,completed
3,395,309,03-27,+42.5%,+24.63%,0.6231,38,✓ Yes,completed
3,395,317,03-27,+41.7%,+24.74%,0.6237,39,✓ Yes,completed
3,395,325,03-27,+41.4%,+24.71%,0.6235,39,✓ Yes,completed
3,395,333,03-27,+40.5%,+24.33%,0.6216,40,✓ Yes,completed
3,395,340,03-27,+39.7%,+24.12%,0.6206,41,✓ Yes,completed
3,395,348,03-27,+39.3%,+23.85%,0.6192,41,✓ Yes,completed
3,395,356,03-27,+38.7%,+23.55%,0.6177,41,✓ Yes,completed
3,395,364,03-27,+38.1%,+23.39%,0.6170,41,✓ Yes,completed
3,395,372,03-27,+37.3%,+23.05%,0.6152,41,✓ Yes,completed
3,395,379,03-27,+36.6%,+22.61%,0.6130,41,✓ Yes,completed
3,395,387,03-27,+35.3%,+21.72%,0.6086,41,✓ Yes,completed
3,395,395,03-27,+34.6%,+21.24%,0.6062,52,✓ Yes,completed
3,403,278,03-27,+43.9%,+24.81%,0.6241,37,✓ Yes,completed
3,403,286,03-27,+43.6%,+24.79%,0.6239,37,✓ Yes,completed
3,403,294,03-27,+43.2%,+24.74%,0.6237,37,✓ Yes,completed
3,403,302,03-27,+42.5%,+24.38%,0.6219,38,✓ Yes,completed
3,403,309,03-27,+41.5%,+24.53%,0.6226,38,✓ Yes,completed
3,403,317,03-27,+40.4%,+24.10%,0.6205,38,✓ Yes,completed
3,403,325,03-27,+40.1%,+24.03%,0.6202,38,✓ Yes,completed
3,403,333,03-27,+39.2%,+23.64%,0.6182,39,✓ Yes,completed
3,403,341,03-27,+38.5%,+23.30%,0.6165,40,✓ Yes,completed
3,403,348,03-27,+38.0%,+23.25%,0.6162,40,✓ Yes,completed
3,403,356,03-27,+37.4%,+23.00%,0.6150,40,✓ Yes,completed
3,403,364,03-27,+36.9%,+22.66%,0.6133,40,✓ Yes,completed
3,403,372,03-27,+36.1%,+22.24%,0.6112,40,✓ Yes,completed
3,403,380,03-27,+35.4%,+21.73%,0.6087,40,✓ Yes,completed
3,403,387,03-27,+34.1%,+21.10%,0.6055,40,✓ Yes,completed
3,403,395,03-27,+33.3%,+20.57%,0.6029,42,✓ Yes,completed
3,403,403,03-27,+32.3%,+20.19%,0.6010,48,✓ Yes,completed
3,331,278,04-01,+50.0%,+66.91%,0.8346,41,✗ No,budget_exceeded
3,331,287,04-01,+50.0%,+66.23%,0.8311,42,✗ No,budget_exceeded
3,331,296,04-01,+50.0%,+53.90%,0.7695,45,✗ No,budget_exceeded
3,331,305,04-01,+50.0%,+49.49%,0.7475,50,✗ No,budget_exceeded
3,331,313,04-01,+50.0%,+39.27%,0.6964,54,✗ No,budget_exceeded
3,331,322,04-01,+50.0%,+33.11%,0.6656,56,✗ No,budget_exceeded
3,331,331,04-01,+50.0%,+31.19%,0.6559,64,✗ No,budget_exceeded
3,339,278,04-01,+50.0%,+52.24%,0.7612,43,✗ No,budget_exceeded
3,339,287,04-01,+50.0%,+49.49%,0.7474,44,✗ No,budget_exceeded
3,339,296,04-01,+50.0%,+46.99%,0.7350,45,✗ No,budget_exceeded
3,339,304,04-01,+50.0%,+34.33%,0.6716,50,✗ No,budget_exceeded
3,339,313,04-01,+50.0%,+32.44%,0.6622,53,✗ No,budget_exceeded
3,339,322,04-01,+50.0%,+30.89%,0.6544,54,✗ No,budget_exceeded
3,339,330,04-01,+50.0%,+28.29%,0.6414,58,✗ No,budget_exceeded
3,339,339,04-01,+50.0%,+25.78%,0.6289,69,✓ Yes,completed
3,347,278,04-01,+50.0%,+38.66%,0.6933,42,✗ No,budget_exceeded
3,347,286,04-01,+50.0%,+34.14%,0.6707,43,✗ No,budget_exceeded
3,347,293,04-01,+50.0%,+33.69%,0.6685,43,✗ No,budget_exceeded
3,347,301,04-01,+50.0%,+32.00%,0.6600,46,✗ No,budget_exceeded
3,347,309,04-01,+50.0%,+29.70%,0.6485,49,✗ No,budget_exceeded
3,347,316,04-01,+50.0%,+27.93%,0.6396,51,✗ No,budget_exceeded
3,347,324,04-01,+50.0%,+26.68%,0.6334,52,✗ No,budget_exceeded
3,347,332,04-01,+48.5%,+25.75%,0.6287,53,✓ Yes,completed
3,347,339,04-01,+46.5%,+25.27%,0.6264,54,✓ Yes,completed
3,347,347,04-01,+44.6%,+24.94%,0.6247,63,✓ Yes,completed
3,355,278,04-01,+50.0%,+31.01%,0.6550,42,✗ No,budget_exceeded
3,355,286,04-01,+50.0%,+30.67%,0.6533,42,✗ No,budget_exceeded
3,355,294,04-01,+50.0%,+30.25%,0.6513,42,✗ No,budget_exceeded
3,355,301,04-01,+50.0%,+27.35%,0.6367,45,✗ No,budget_exceeded
3,355,309,04-01,+48.9%,+25.72%,0.6286,46,✓ Yes,completed
3,355,317,04-01,+47.3%,+25.50%,0.6275,46,✓ Yes,completed
3,355,324,04-01,+46.8%,+25.39%,0.6270,46,✓ Yes,completed
3,355,332,04-01,+44.8%,+25.03%,0.6251,47,✓ Yes,completed
3,355,340,04-01,+42.8%,+24.83%,0.6241,47,✓ Yes,completed
3,355,347,04-01,+41.0%,+24.62%,0.6231,46,✓ Yes,completed
3,355,355,04-01,+40.2%,+24.55%,0.6228,49,✓ Yes,completed
3,363,278,04-01,+50.0%,+26.17%,0.6308,42,✗ No,budget_exceeded
3,363,286,04-01,+50.0%,+25.92%,0.6296,42,✗ No,budget_exceeded
3,363,294,04-01,+50.0%,+25.55%,0.6278,42,✗ No,budget_exceeded
3,363,301,04-01,+47.3%,+25.34%,0.6267,41,✓ Yes,completed
3,363,309,04-01,+46.6%,+25.12%,0.6256,42,✓ Yes,completed
3,363,317,04-01,+44.7%,+24.87%,0.6243,42,✓ Yes,completed
3,363,324,04-01,+43.1%,+24.90%,0.6245,41,✓ Yes,completed
3,363,332,04-01,+40.9%,+24.53%,0.6227,41,✓ Yes,completed
3,363,340,04-01,+39.9%,+24.57%,0.6229,41,✓ Yes,completed
3,363,348,04-01,+39.4%,+24.44%,0.6222,41,✓ Yes,completed
3,363,355,04-01,+38.8%,+24.14%,0.6207,41,✓ Yes,completed
3,363,363,04-01,+38.0%,+24.00%,0.6200,47,✓ Yes,completed
3,371,278,04-01,+50.0%,+25.40%,0.6270,42,✗ No,budget_exceeded
3,371,286,04-01,+48.8%,+25.43%,0.6271,41,✓ Yes,completed
3,371,294,04-01,+48.4%,+25.27%,0.6264,41,✓ Yes,completed
3,371,301,04-01,+46.7%,+25.11%,0.6256,41,✓ Yes,completed
3,371,309,04-01,+44.8%,+24.84%,0.6242,40,✓ Yes,completed
3,371,317,04-01,+42.8%,+24.66%,0.6233,40,✓ Yes,completed
3,371,325,04-01,+41.3%,+24.70%,0.6235,39,✓ Yes,completed
3,371,332,04-01,+39.8%,+24.53%,0.6226,39,✓ Yes,completed
3,371,340,04-01,+39.1%,+24.26%,0.6213,40,✓ Yes,completed
3,371,348,04-01,+38.6%,+24.09%,0.6204,40,✓ Yes,completed
3,371,355,04-01,+38.1%,+24.02%,0.6201,40,✓ Yes,completed
3,371,363,04-01,+37.2%,+23.55%,0.6178,41,✓ Yes,completed
3,371,371,04-01,+36.4%,+23.13%,0.6157,48,✓ Yes,completed
3,379,278,04-01,+48.2%,+24.97%,0.6249,41,✓ Yes,completed
3,379,286,04-01,+47.7%,+25.02%,0.6251,40,✓ Yes,completed
3,379,294,04-01,+47.3%,+25.13%,0.6256,40,✓ Yes,completed
3,379,301,04-01,+45.1%,+24.84%,0.6242,40,✓ Yes,completed
3,379,309,04-01,+43.0%,+24.64%,0.6232,39,✓ Yes,completed
3,379,317,04-01,+41.1%,+24.46%,0.6223,39,✓ Yes,completed
3,379,325,04-01,+40.0%,+24.43%,0.6222,38,✓ Yes,completed
3,379,332,04-01,+39.1%,+24.21%,0.6210,39,✓ Yes,completed
3,379,340,04-01,+38.4%,+24.01%,0.6200,40,✓ Yes,completed
3,379,348,04-01,+37.9%,+23.95%,0.6198,40,✓ Yes,completed
3,379,356,04-01,+37.4%,+23.66%,0.6183,40,✓ Yes,completed
3,379,363,04-01,+36.3%,+23.10%,0.6155,40,✓ Yes,completed
3,379,371,04-01,+35.4%,+22.61%,0.6130,40,✓ Yes,completed
3,379,379,04-01,+34.6%,+22.29%,0.6114,44,✓ Yes,completed
3,387,278,04-01,+46.2%,+24.45%,0.6222,38,✓ Yes,completed
3,387,286,04-01,+45.0%,+24.56%,0.6228,37,✓ Yes,completed
3,387,294,04-01,+44.7%,+24.44%,0.6222,37,✓ Yes,completed
3,387,301,04-01,+41.3%,+24.33%,0.6217,36,✓ Yes,completed
3,387,309,04-01,+40.2%,+24.20%,0.6210,36,✓ Yes,completed
3,387,317,04-01,+39.3%,+24.14%,0.6207,37,✓ Yes,completed
3,387,325,04-01,+38.9%,+23.98%,0.6199,37,✓ Yes,completed
3,387,333,04-01,+38.1%,+23.86%,0.6193,38,✓ Yes,completed
3,387,340,04-01,+37.4%,+23.57%,0.6179,39,✓ Yes,completed
3,387,348,04-01,+36.9%,+23.28%,0.6164,39,✓ Yes,completed
3,387,356,04-01,+36.3%,+23.07%,0.6153,39,✓ Yes,completed
3,387,364,04-01,+35.3%,+22.53%,0.6126,39,✓ Yes,completed
3,387,371,04-01,+34.4%,+22.20%,0.6110,39,✓ Yes,completed
3,387,379,04-01,+33.6%,+21.74%,0.6087,39,✓ Yes,completed
3,387,387,04-01,+32.5%,+21.51%,0.6075,50,✓ Yes,completed
3,395,278,04-01,+39.7%,+23.86%,0.6193,32,✓ Yes,completed
3,395,286,04-01,+39.5%,+23.84%,0.6192,32,✓ Yes,completed
3,395,294,04-01,+39.2%,+23.73%,0.6186,32,✓ Yes,completed
3,395,302,04-01,+38.5%,+23.54%,0.6177,33,✓ Yes,completed
3,395,309,04-01,+37.6%,+23.39%,0.6169,33,✓ Yes,completed
3,395,317,04-01,+36.8%,+22.98%,0.6149,34,✓ Yes,completed
3,395,325,04-01,+36.5%,+22.89%,0.6145,34,✓ Yes,completed
3,395,333,04-01,+35.7%,+22.60%,0.6130,35,✓ Yes,completed
3,395,340,04-01,+35.0%,+22.26%,0.6113,36,✓ Yes,completed
3,395,348,04-01,+34.5%,+22.14%,0.6107,36,✓ Yes,completed
3,395,356,04-01,+34.1%,+22.00%,0.6100,36,✓ Yes,completed
3,395,364,04-01,+33.5%,+21.67%,0.6083,36,✓ Yes,completed
3,395,372,04-01,+32.8%,+21.50%,0.6075,36,✓ Yes,completed
3,395,379,04-01,+32.2%,+21.49%,0.6075,36,✓ Yes,completed
3,395,387,04-01,+30.9%,+20.81%,0.6041,36,✓ Yes,completed
3,395,395,04-01,+30.2%,+20.41%,0.6020,47,✓ Yes,completed
3,403,278,04-01,+38.8%,+23.28%,0.6164,32,✓ Yes,completed
3,403,286,04-01,+38.5%,+23.29%,0.6165,32,✓ Yes,completed
3,403,294,04-01,+38.3%,+23.30%,0.6165,32,✓ Yes,completed
3,403,302,04-01,+37.5%,+23.11%,0.6155,33,✓ Yes,completed
3,403,309,04-01,+36.6%,+22.70%,0.6135,33,✓ Yes,completed
3,403,317,04-01,+35.6%,+22.31%,0.6115,33,✓ Yes,completed
3,403,325,04-01,+35.3%,+22.18%,0.6109,33,✓ Yes,completed
3,403,333,04-01,+34.5%,+21.94%,0.6097,34,✓ Yes,completed
3,403,341,04-01,+33.8%,+21.67%,0.6083,35,✓ Yes,completed
3,403,348,04-01,+33.3%,+21.41%,0.6071,35,✓ Yes,completed
3,403,356,04-01,+32.8%,+21.39%,0.6069,35,✓ Yes,completed
3,403,364,04-01,+32.3%,+21.45%,0.6073,35,✓ Yes,completed
3,403,372,04-01,+31.6%,+21.03%,0.6052,35,✓ Yes,completed
3,403,380,04-01,+31.0%,+20.80%,0.6040,35,✓ Yes,completed
3,403,387,04-01,+29.8%,+20.07%,0.6004,35,✓ Yes,completed
3,403,395,04-01,+29.1%,+19.70%,0.5985,37,✓ Yes,completed
3,403,403,04-01,+28.1%,+19.17%,0.5958,43,✓ Yes,completed
3,331,278,04-06,+50.0%,+40.28%,0.7014,44,✗ No,budget_exceeded
3,331,287,04-06,+50.0%,+39.61%,0.6980,44,✗ No,budget_exceeded
3,331,296,04-06,+50.0%,+38.43%,0.6922,45,✗ No,budget_exceeded
3,331,305,04-06,+50.0%,+35.87%,0.6793,50,✗ No,budget_exceeded
3,331,313,04-06,+50.0%,+34.20%,0.6710,52,✗ No,budget_exceeded
3,331,322,04-06,+50.0%,+32.39%,0.6620,53,✗ No,budget_exceeded
3,331,331,04-06,+50.0%,+26.09%,0.6304,62,✗ No,budget_exceeded
3,339,278,04-06,+50.0%,+37.88%,0.6894,43,✗ No,budget_exceeded
3,339,287,04-06,+50.0%,+36.79%,0.6840,44,✗ No,budget_exceeded
3,339,296,04-06,+50.0%,+35.69%,0.6785,45,✗ No,budget_exceeded
3,339,304,04-06,+50.0%,+33.39%,0.6670,49,✗ No,budget_exceeded
3,339,313,04-06,+50.0%,+31.88%,0.6594,51,✗ No,budget_exceeded
3,339,322,04-06,+50.0%,+25.91%,0.6295,53,✗ No,budget_exceeded
3,339,330,04-06,+48.3%,+24.96%,0.6248,54,✓ Yes,completed
3,339,339,04-06,+46.6%,+24.50%,0.6225,64,✓ Yes,completed
3,347,278,04-06,+50.0%,+33.61%,0.6680,42,✗ No,budget_exceeded
3,347,286,04-06,+50.0%,+33.22%,0.6661,42,✗ No,budget_exceeded
3,347,293,04-06,+50.0%,+32.28%,0.6614,43,✗ No,budget_exceeded
3,347,301,04-06,+50.0%,+26.13%,0.6307,47,✗ No,budget_exceeded
3,347,309,04-06,+48.7%,+25.07%,0.6253,47,✓ Yes,completed
3,347,316,04-06,+48.0%,+24.82%,0.6241,47,✓ Yes,completed
3,347,324,04-06,+47.3%,+24.81%,0.6241,47,✓ Yes,completed
3,347,332,04-06,+46.1%,+24.29%,0.6215,49,✓ Yes,completed
3,347,339,04-06,+44.8%,+23.85%,0.6193,51,✓ Yes,completed
3,347,347,04-06,+43.6%,+23.28%,0.6164,62,✓ Yes,completed
3,355,278,04-06,+50.0%,+25.17%,0.6258,42,✗ No,budget_exceeded
3,355,286,04-06,+50.0%,+24.81%,0.6241,42,✗ No,budget_exceeded
3,355,294,04-06,+48.6%,+24.82%,0.6241,41,✓ Yes,completed
3,355,301,04-06,+47.2%,+24.61%,0.6230,42,✓ Yes,completed
3,355,309,04-06,+45.9%,+24.08%,0.6204,43,✓ Yes,completed
3,355,317,04-06,+45.3%,+23.98%,0.6199,43,✓ Yes,completed
3,355,324,04-06,+44.7%,+23.71%,0.6185,43,✓ Yes,completed
3,355,332,04-06,+43.6%,+23.28%,0.6164,45,✓ Yes,completed
3,355,340,04-06,+42.7%,+22.86%,0.6143,46,✓ Yes,completed
3,355,347,04-06,+41.4%,+22.65%,0.6133,45,✓ Yes,completed
3,355,355,04-06,+39.7%,+22.35%,0.6118,49,✓ Yes,completed
3,363,278,04-06,+46.8%,+24.23%,0.6211,38,✓ Yes,completed
3,363,286,04-06,+46.5%,+24.11%,0.6205,38,✓ Yes,completed
3,363,294,04-06,+46.2%,+23.98%,0.6199,38,✓ Yes,completed
3,363,301,04-06,+44.8%,+23.61%,0.6180,39,✓ Yes,completed
3,363,309,04-06,+44.1%,+23.28%,0.6164,40,✓ Yes,completed
3,363,317,04-06,+43.5%,+23.16%,0.6158,40,✓ Yes,completed
3,363,324,04-06,+43.0%,+22.98%,0.6149,40,✓ Yes,completed
3,363,332,04-06,+41.3%,+22.56%,0.6128,40,✓ Yes,completed
3,363,340,04-06,+39.7%,+22.34%,0.6117,40,✓ Yes,completed
3,363,348,04-06,+39.1%,+22.08%,0.6104,40,✓ Yes,completed
3,363,355,04-06,+38.2%,+22.00%,0.6100,39,✓ Yes,completed
3,363,363,04-06,+37.5%,+21.76%,0.6088,46,✓ Yes,completed
3,371,278,04-06,+46.2%,+23.83%,0.6191,38,✓ Yes,completed
3,371,286,04-06,+45.9%,+23.79%,0.6189,38,✓ Yes,completed
3,371,294,04-06,+45.5%,+23.75%,0.6188,38,✓ Yes,completed
3,371,301,04-06,+44.2%,+23.21%,0.6160,39,✓ Yes,completed
3,371,309,04-06,+43.2%,+22.92%,0.6146,39,✓ Yes,completed
3,371,317,04-06,+42.7%,+22.66%,0.6133,39,✓ Yes,completed
3,371,325,04-06,+42.2%,+22.53%,0.6126,39,✓ Yes,completed
3,371,332,04-06,+39.6%,+22.27%,0.6114,38,✓ Yes,completed
3,371,340,04-06,+38.8%,+21.90%,0.6095,39,✓ Yes,completed
3,371,348,04-06,+38.1%,+21.98%,0.6099,38,✓ Yes,completed
3,371,355,04-06,+37.5%,+21.77%,0.6089,38,✓ Yes,completed
3,371,363,04-06,+35.9%,+21.51%,0.6076,38,✓ Yes,completed
3,371,371,04-06,+35.2%,+21.14%,0.6057,45,✓ Yes,completed
3,379,278,04-06,+45.3%,+23.53%,0.6177,38,✓ Yes,completed
3,379,286,04-06,+45.1%,+23.46%,0.6173,38,✓ Yes,completed
3,379,294,04-06,+44.7%,+23.29%,0.6164,38,✓ Yes,completed
3,379,301,04-06,+43.3%,+22.86%,0.6143,39,✓ Yes,completed
3,379,309,04-06,+42.3%,+22.38%,0.6119,39,✓ Yes,completed
3,379,317,04-06,+41.3%,+22.36%,0.6118,38,✓ Yes,completed
3,379,325,04-06,+40.8%,+22.14%,0.6107,38,✓ Yes,completed
3,379,332,04-06,+38.5%,+21.84%,0.6092,37,✓ Yes,completed
3,379,340,04-06,+37.8%,+21.91%,0.6095,38,✓ Yes,completed
3,379,348,04-06,+37.4%,+21.63%,0.6081,38,✓ Yes,completed
3,379,356,04-06,+36.0%,+21.50%,0.6075,37,✓ Yes,completed
3,379,363,04-06,+33.9%,+21.23%,0.6061,36,✓ Yes,completed
3,379,371,04-06,+32.2%,+21.01%,0.6051,35,✓ Yes,completed
3,379,379,04-06,+31.4%,+20.62%,0.6031,38,✓ Yes,completed
3,387,278,04-06,+43.5%,+22.63%,0.6131,36,✓ Yes,completed
3,387,286,04-06,+43.3%,+22.59%,0.6129,36,✓ Yes,completed
3,387,294,04-06,+42.9%,+22.43%,0.6122,36,✓ Yes,completed
3,387,301,04-06,+41.0%,+22.01%,0.6100,36,✓ Yes,completed
3,387,309,04-06,+39.1%,+21.75%,0.6087,35,✓ Yes,completed
3,387,317,04-06,+38.6%,+21.69%,0.6084,35,✓ Yes,completed
3,387,325,04-06,+38.3%,+21.76%,0.6088,35,✓ Yes,completed
3,387,333,04-06,+37.5%,+21.62%,0.6081,36,✓ Yes,completed
3,387,340,04-06,+36.0%,+21.41%,0.6070,36,✓ Yes,completed
3,387,348,04-06,+35.5%,+21.21%,0.6060,36,✓ Yes,completed
3,387,356,04-06,+34.0%,+21.21%,0.6061,35,✓ Yes,completed
3,387,364,04-06,+32.1%,+20.92%,0.6046,34,✓ Yes,completed
3,387,371,04-06,+31.3%,+20.62%,0.6031,34,✓ Yes,completed
3,387,379,04-06,+30.6%,+20.63%,0.6032,34,✓ Yes,completed
3,387,387,04-06,+29.7%,+20.08%,0.6004,45,✓ Yes,completed
3,395,278,04-06,+38.6%,+21.24%,0.6062,31,✓ Yes,completed
3,395,286,04-06,+38.4%,+21.32%,0.6066,31,✓ Yes,completed
3,395,294,04-06,+38.1%,+21.40%,0.6070,31,✓ Yes,completed
3,395,302,04-06,+37.4%,+21.16%,0.6058,32,✓ Yes,completed
3,395,309,04-06,+35.6%,+20.97%,0.6048,31,✓ Yes,completed
3,395,317,04-06,+35.3%,+20.84%,0.6042,31,✓ Yes,completed
3,395,325,04-06,+34.0%,+21.00%,0.6050,30,✓ Yes,completed
3,395,333,04-06,+32.3%,+20.83%,0.6042,30,✓ Yes,completed
3,395,340,04-06,+31.7%,+20.54%,0.6027,31,✓ Yes,completed
3,395,348,04-06,+31.2%,+20.51%,0.6025,31,✓ Yes,completed
3,395,356,04-06,+30.8%,+20.54%,0.6027,31,✓ Yes,completed
3,395,364,04-06,+30.4%,+20.54%,0.6027,31,✓ Yes,completed
3,395,372,04-06,+29.8%,+20.18%,0.6009,31,✓ Yes,completed
3,395,379,04-06,+29.3%,+19.99%,0.6000,31,✓ Yes,completed
3,395,387,04-06,+28.2%,+19.58%,0.5979,31,✓ Yes,completed
3,395,395,04-06,+27.7%,+19.13%,0.5957,42,✓ Yes,completed
3,403,278,04-06,+37.6%,+21.01%,0.6050,31,✓ Yes,completed
3,403,286,04-06,+37.4%,+20.91%,0.6045,31,✓ Yes,completed
3,403,294,04-06,+37.1%,+20.78%,0.6039,31,✓ Yes,completed
3,403,302,04-06,+35.5%,+20.69%,0.6034,31,✓ Yes,completed
3,403,309,04-06,+33.5%,+20.53%,0.6026,30,✓ Yes,completed
3,403,317,04-06,+32.3%,+20.64%,0.6032,29,✓ Yes,completed
3,403,325,04-06,+32.1%,+20.57%,0.6029,29,✓ Yes,completed
3,403,333,04-06,+31.2%,+20.34%,0.6017,30,✓ Yes,completed
3,403,341,04-06,+30.6%,+20.42%,0.6021,31,✓ Yes,completed
3,403,348,04-06,+30.2%,+20.31%,0.6015,31,✓ Yes,completed
3,403,356,04-06,+29.8%,+20.06%,0.6003,31,✓ Yes,completed
3,403,364,04-06,+29.3%,+19.92%,0.5996,31,✓ Yes,completed
3,403,372,04-06,+28.7%,+19.81%,0.5990,31,✓ Yes,completed
3,403,380,04-06,+28.2%,+19.51%,0.5976,31,✓ Yes,completed
3,403,387,04-06,+27.2%,+18.87%,0.5943,31,✓ Yes,completed
3,403,395,04-06,+26.6%,+18.60%,0.5930,33,✓ Yes,completed
3,403,403,04-06,+25.6%,+17.92%,0.5896,39,✓ Yes,completed
3,331,278,04-09,+50.0%,+38.82%,0.6941,45,✗ No,budget_exceeded
3,331,287,04-09,+50.0%,+37.56%,0.6878,46,✗ No,budget_exceeded
3,331,296,04-09,+50.0%,+36.84%,0.6842,46,✗ No,budget_exceeded
3,331,305,04-09,+50.0%,+34.18%,0.6709,51,✗ No,budget_exceeded
3,331,313,04-09,+50.0%,+28.55%,0.6427,53,✗ No,budget_exceeded
3,331,322,04-09,+49.4%,+23.77%,0.6189,54,✓ Yes,completed
3,331,331,04-09,+48.1%,+23.21%,0.6161,61,✓ Yes,completed
3,339,278,04-09,+50.0%,+35.84%,0.6792,45,✗ No,budget_exceeded
3,339,287,04-09,+50.0%,+35.17%,0.6758,45,✗ No,budget_exceeded
3,339,296,04-09,+50.0%,+34.01%,0.6701,46,✗ No,budget_exceeded
3,339,304,04-09,+50.0%,+25.58%,0.6279,51,✗ No,budget_exceeded
3,339,313,04-09,+49.0%,+23.67%,0.6184,52,✓ Yes,completed
3,339,322,04-09,+48.0%,+23.14%,0.6157,52,✓ Yes,completed
3,339,330,04-09,+46.3%,+22.93%,0.6146,53,✓ Yes,completed
3,339,339,04-09,+44.6%,+22.54%,0.6127,63,✓ Yes,completed
3,347,278,04-09,+50.0%,+27.95%,0.6398,43,✗ No,budget_exceeded
3,347,286,04-09,+50.0%,+25.37%,0.6269,44,✗ No,budget_exceeded
3,347,293,04-09,+49.6%,+23.56%,0.6178,44,✓ Yes,completed
3,347,301,04-09,+48.3%,+23.17%,0.6159,46,✓ Yes,completed
3,347,309,04-09,+46.7%,+22.92%,0.6146,46,✓ Yes,completed
3,347,316,04-09,+45.9%,+22.87%,0.6143,46,✓ Yes,completed
3,347,324,04-09,+45.2%,+22.83%,0.6142,46,✓ Yes,completed
3,347,332,04-09,+43.0%,+22.59%,0.6130,47,✓ Yes,completed
3,347,339,04-09,+41.7%,+22.33%,0.6116,49,✓ Yes,completed
3,347,347,04-09,+40.5%,+21.70%,0.6085,60,✓ Yes,completed
3,355,278,04-09,+47.8%,+22.67%,0.6133,41,✓ Yes,completed
3,355,286,04-09,+47.0%,+22.75%,0.6137,40,✓ Yes,completed
3,355,294,04-09,+46.6%,+22.67%,0.6133,40,✓ Yes,completed
3,355,301,04-09,+45.1%,+22.60%,0.6130,41,✓ Yes,completed
3,355,309,04-09,+42.8%,+22.33%,0.6116,41,✓ Yes,completed
3,355,317,04-09,+42.1%,+22.24%,0.6112,41,✓ Yes,completed
3,355,324,04-09,+41.6%,+22.24%,0.6112,41,✓ Yes,completed
3,355,332,04-09,+40.5%,+21.69%,0.6085,43,✓ Yes,completed
3,355,340,04-09,+39.6%,+21.45%,0.6073,44,✓ Yes,completed
3,355,347,04-09,+38.8%,+20.95%,0.6048,44,✓ Yes,completed
3,355,355,04-09,+38.0%,+20.66%,0.6033,49,✓ Yes,completed
3,363,278,04-09,+44.7%,+22.19%,0.6109,37,✓ Yes,completed
3,363,286,04-09,+43.4%,+22.33%,0.6116,36,✓ Yes,completed
3,363,294,04-09,+43.0%,+22.28%,0.6114,36,✓ Yes,completed
3,363,301,04-09,+41.7%,+22.09%,0.6104,37,✓ Yes,completed
3,363,309,04-09,+41.0%,+21.77%,0.6089,38,✓ Yes,completed
3,363,317,04-09,+40.4%,+21.55%,0.6078,38,✓ Yes,completed
3,363,324,04-09,+39.9%,+21.49%,0.6074,38,✓ Yes,completed
3,363,332,04-09,+38.8%,+20.89%,0.6044,39,✓ Yes,completed
3,363,340,04-09,+38.1%,+20.66%,0.6033,40,✓ Yes,completed
3,363,348,04-09,+37.5%,+20.42%,0.6021,40,✓ Yes,completed
3,363,355,04-09,+36.9%,+20.02%,0.6001,40,✓ Yes,completed
3,363,363,04-09,+35.6%,+19.80%,0.5990,47,✓ Yes,completed
3,371,278,04-09,+43.0%,+22.13%,0.6106,36,✓ Yes,completed
3,371,286,04-09,+42.8%,+22.04%,0.6102,36,✓ Yes,completed
3,371,294,04-09,+42.4%,+21.98%,0.6099,36,✓ Yes,completed
3,371,301,04-09,+41.0%,+21.71%,0.6086,37,✓ Yes,completed
3,371,309,04-09,+40.0%,+21.38%,0.6069,37,✓ Yes,completed
3,371,317,04-09,+39.6%,+21.26%,0.6063,37,✓ Yes,completed
3,371,325,04-09,+39.1%,+21.03%,0.6051,37,✓ Yes,completed
3,371,332,04-09,+38.0%,+20.58%,0.6029,38,✓ Yes,completed
3,371,340,04-09,+37.2%,+20.17%,0.6009,39,✓ Yes,completed
3,371,348,04-09,+36.8%,+19.96%,0.5998,39,✓ Yes,completed
3,371,355,04-09,+35.5%,+19.77%,0.5988,38,✓ Yes,completed
3,371,363,04-09,+33.8%,+19.50%,0.5975,38,✓ Yes,completed
3,371,371,04-09,+33.1%,+19.14%,0.5957,45,✓ Yes,completed
3,379,278,04-09,+42.2%,+21.77%,0.6089,36,✓ Yes,completed
3,379,286,04-09,+41.9%,+21.80%,0.6090,36,✓ Yes,completed
3,379,294,04-09,+41.6%,+21.83%,0.6092,36,✓ Yes,completed
3,379,301,04-09,+40.2%,+21.25%,0.6062,37,✓ Yes,completed
3,379,309,04-09,+39.2%,+20.90%,0.6045,37,✓ Yes,completed
3,379,317,04-09,+38.7%,+20.68%,0.6034,37,✓ Yes,completed
3,379,325,04-09,+38.3%,+20.54%,0.6027,37,✓ Yes,completed
3,379,332,04-09,+37.1%,+20.01%,0.6000,38,✓ Yes,completed
3,379,340,04-09,+35.8%,+19.85%,0.5993,38,✓ Yes,completed
3,379,348,04-09,+35.3%,+19.56%,0.5978,38,✓ Yes,completed
3,379,356,04-09,+33.8%,+19.44%,0.5972,37,✓ Yes,completed
3,379,363,04-09,+32.7%,+19.19%,0.5960,36,✓ Yes,completed
3,379,371,04-09,+31.9%,+18.87%,0.5944,36,✓ Yes,completed
3,379,379,04-09,+30.4%,+18.66%,0.5933,38,✓ Yes,completed
3,387,278,04-09,+40.4%,+21.00%,0.6050,34,✓ Yes,completed
3,387,286,04-09,+40.1%,+20.98%,0.6049,34,✓ Yes,completed
3,387,294,04-09,+39.8%,+20.98%,0.6049,34,✓ Yes,completed
3,387,301,04-09,+38.4%,+20.35%,0.6018,35,✓ Yes,completed
3,387,309,04-09,+37.5%,+20.04%,0.6002,35,✓ Yes,completed
3,387,317,04-09,+36.9%,+19.78%,0.5989,35,✓ Yes,completed
3,387,325,04-09,+36.7%,+19.72%,0.5986,35,✓ Yes,completed
3,387,333,04-09,+35.3%,+19.44%,0.5972,35,✓ Yes,completed
3,387,340,04-09,+33.8%,+19.30%,0.5965,35,✓ Yes,completed
3,387,348,04-09,+33.3%,+19.07%,0.5954,35,✓ Yes,completed
3,387,356,04-09,+32.8%,+19.14%,0.5957,35,✓ Yes,completed
3,387,364,04-09,+31.8%,+18.80%,0.5940,35,✓ Yes,completed
3,387,371,04-09,+30.2%,+18.57%,0.5929,34,✓ Yes,completed
3,387,379,04-09,+28.5%,+18.40%,0.5920,33,✓ Yes,completed
3,387,387,04-09,+26.7%,+18.06%,0.5903,42,✓ Yes,completed
3,395,278,04-09,+36.9%,+19.28%,0.5964,31,✓ Yes,completed
3,395,286,04-09,+36.7%,+19.26%,0.5963,31,✓ Yes,completed
3,395,294,04-09,+35.8%,+19.35%,0.5968,30,✓ Yes,completed
3,395,302,04-09,+35.1%,+18.99%,0.5950,31,✓ Yes,completed
3,395,309,04-09,+33.4%,+18.78%,0.5939,30,✓ Yes,completed
3,395,317,04-09,+33.0%,+18.84%,0.5942,30,✓ Yes,completed
3,395,325,04-09,+32.9%,+18.88%,0.5944,30,✓ Yes,completed
3,395,333,04-09,+32.1%,+18.79%,0.5940,31,✓ Yes,completed
3,395,340,04-09,+31.4%,+18.41%,0.5921,32,✓ Yes,completed
3,395,348,04-09,+30.2%,+18.44%,0.5922,31,✓ Yes,completed
3,395,356,04-09,+29.7%,+18.20%,0.5910,31,✓ Yes,completed
3,395,364,04-09,+28.3%,+18.25%,0.5912,30,✓ Yes,completed
3,395,372,04-09,+26.8%,+18.09%,0.5905,29,✓ Yes,completed
3,395,379,04-09,+26.3%,+17.84%,0.5892,29,✓ Yes,completed
3,395,387,04-09,+25.3%,+17.64%,0.5882,29,✓ Yes,completed
3,395,395,04-09,+24.8%,+17.50%,0.5875,39,✓ Yes,completed
3,403,278,04-09,+35.4%,+18.80%,0.5940,30,✓ Yes,completed
3,403,286,04-09,+35.2%,+18.74%,0.5937,30,✓ Yes,completed
3,403,294,04-09,+34.0%,+18.89%,0.5945,29,✓ Yes,completed
3,403,302,04-09,+33.3%,+18.54%,0.5927,30,✓ Yes,completed
3,403,309,04-09,+32.4%,+18.72%,0.5936,30,✓ Yes,completed
3,403,317,04-09,+32.0%,+18.59%,0.5929,30,✓ Yes,completed
3,403,325,04-09,+31.9%,+18.49%,0.5924,30,✓ Yes,completed
3,403,333,04-09,+30.2%,+18.30%,0.5915,30,✓ Yes,completed
3,403,341,04-09,+28.6%,+18.20%,0.5910,30,✓ Yes,completed
3,403,348,04-09,+28.1%,+18.00%,0.5900,30,✓ Yes,completed
3,403,356,04-09,+26.8%,+17.99%,0.5899,29,✓ Yes,completed
3,403,364,04-09,+26.4%,+17.82%,0.5891,29,✓ Yes,completed
3,403,372,04-09,+25.8%,+17.59%,0.5879,29,✓ Yes,completed
3,403,380,04-09,+25.3%,+17.59%,0.5880,29,✓ Yes,completed
3,403,387,04-09,+24.3%,+17.18%,0.5859,29,✓ Yes,completed
3,403,395,04-09,+23.7%,+16.93%,0.5846,31,✓ Yes,completed
3,403,403,04-09,+22.7%,+16.46%,0.5823,37,✓ Yes,completed
4,331,315,03-21,+50.0%,+67.34%,0.8367,45,✗ No,budget_exceeded
4,331,319,03-21,+50.0%,+67.06%,0.8353,45,✗ No,budget_exceeded
4,331,323,03-21,+50.0%,+66.80%,0.8340,45,✗ No,budget_exceeded
4,331,327,03-21,+50.0%,+66.60%,0.8330,45,✗ No,budget_exceeded
4,331,331,03-21,+50.0%,+63.30%,0.8165,51,✗ No,budget_exceeded
4,334,315,03-21,+50.0%,+66.97%,0.8349,44,✗ No,budget_exceeded
4,334,319,03-21,+50.0%,+66.70%,0.8335,44,✗ No,budget_exceeded
4,334,323,03-21,+50.0%,+66.50%,0.8325,44,✗ No,budget_exceeded
4,334,327,03-21,+50.0%,+63.44%,0.8172,45,✗ No,budget_exceeded
4,334,331,03-21,+50.0%,+62.92%,0.8146,47,✗ No,budget_exceeded
4,334,334,03-21,+50.0%,+62.03%,0.8102,53,✗ No,budget_exceeded
4,338,315,03-21,+50.0%,+66.65%,0.8333,44,✗ No,budget_exceeded
4,338,319,03-21,+50.0%,+63.55%,0.8178,45,✗ No,budget_exceeded
4,338,323,03-21,+50.0%,+63.36%,0.8168,45,✗ No,budget_exceeded
4,338,327,03-21,+50.0%,+63.01%,0.8150,46,✗ No,budget_exceeded
4,338,330,03-21,+50.0%,+62.07%,0.8103,48,✗ No,budget_exceeded
4,338,334,03-21,+50.0%,+61.59%,0.8080,48,✗ No,budget_exceeded
4,338,338,03-21,+50.0%,+61.25%,0.8063,53,✗ No,budget_exceeded
4,342,315,03-21,+50.0%,+62.94%,0.8147,44,✗ No,budget_exceeded
4,342,319,03-21,+50.0%,+62.18%,0.8109,45,✗ No,budget_exceeded
4,342,323,03-21,+50.0%,+62.00%,0.8100,45,✗ No,budget_exceeded
4,342,327,03-21,+50.0%,+61.76%,0.8088,45,✗ No,budget_exceeded
4,342,330,03-21,+50.0%,+61.27%,0.8064,46,✗ No,budget_exceeded
4,342,334,03-21,+50.0%,+58.95%,0.7947,47,✗ No,budget_exceeded
4,342,338,03-21,+50.0%,+58.69%,0.7934,48,✗ No,budget_exceeded
4,342,342,03-21,+50.0%,+55.17%,0.7759,55,✗ No,budget_exceeded
4,345,315,03-21,+50.0%,+61.86%,0.8093,44,✗ No,budget_exceeded
4,345,319,03-21,+50.0%,+61.60%,0.8080,44,✗ No,budget_exceeded
4,345,323,03-21,+50.0%,+61.45%,0.8073,44,✗ No,budget_exceeded
4,345,327,03-21,+50.0%,+61.24%,0.8062,44,✗ No,budget_exceeded
4,345,330,03-21,+50.0%,+58.72%,0.7936,46,✗ No,budget_exceeded
4,345,334,03-21,+50.0%,+57.74%,0.7887,47,✗ No,budget_exceeded
4,345,338,03-21,+50.0%,+55.16%,0.7758,49,✗ No,budget_exceeded
4,345,341,03-21,+50.0%,+54.65%,0.7733,50,✗ No,budget_exceeded
4,345,345,03-21,+50.0%,+53.67%,0.7683,54,✗ No,budget_exceeded
4,349,315,03-21,+50.0%,+61.49%,0.8074,43,✗ No,budget_exceeded
4,349,319,03-21,+50.0%,+61.24%,0.8062,43,✗ No,budget_exceeded
4,349,323,03-21,+50.0%,+58.87%,0.7943,44,✗ No,budget_exceeded
4,349,327,03-21,+50.0%,+58.66%,0.7933,44,✗ No,budget_exceeded
4,349,330,03-21,+50.0%,+57.44%,0.7872,46,✗ No,budget_exceeded
4,349,334,03-21,+50.0%,+55.03%,0.7751,47,✗ No,budget_exceeded
4,349,338,03-21,+50.0%,+54.68%,0.7734,47,✗ No,budget_exceeded
4,349,341,03-21,+50.0%,+53.67%,0.7683,49,✗ No,budget_exceeded
4,349,345,03-21,+50.0%,+53.26%,0.7663,49,✗ No,budget_exceeded
4,349,349,03-21,+50.0%,+52.92%,0.7646,54,✗ No,budget_exceeded
4,352,315,03-21,+50.0%,+61.25%,0.8063,43,✗ No,budget_exceeded
4,352,319,03-21,+50.0%,+58.70%,0.7935,44,✗ No,budget_exceeded
4,352,323,03-21,+50.0%,+58.57%,0.7929,44,✗ No,budget_exceeded
4,352,327,03-21,+50.0%,+57.49%,0.7874,45,✗ No,budget_exceeded
4,352,330,03-21,+50.0%,+55.05%,0.7753,47,✗ No,budget_exceeded
4,352,334,03-21,+50.0%,+54.58%,0.7729,47,✗ No,budget_exceeded
4,352,338,03-21,+50.0%,+53.71%,0.7686,48,✗ No,budget_exceeded
4,352,341,03-21,+50.0%,+53.18%,0.7659,49,✗ No,budget_exceeded
4,352,345,03-21,+50.0%,+52.84%,0.7642,49,✗ No,budget_exceeded
4,352,349,03-21,+50.0%,+51.93%,0.7596,50,✗ No,budget_exceeded
4,352,352,03-21,+50.0%,+51.45%,0.7572,53,✗ No,budget_exceeded
4,356,315,03-21,+50.0%,+58.46%,0.7923,43,✗ No,budget_exceeded
4,356,319,03-21,+50.0%,+55.04%,0.7752,44,✗ No,budget_exceeded
4,356,323,03-21,+50.0%,+54.90%,0.7745,44,✗ No,budget_exceeded
4,356,326,03-21,+50.0%,+54.68%,0.7734,44,✗ No,budget_exceeded
4,356,330,03-21,+50.0%,+53.68%,0.7684,46,✗ No,budget_exceeded
4,356,334,03-21,+50.0%,+53.44%,0.7672,46,✗ No,budget_exceeded
4,356,338,03-21,+50.0%,+53.17%,0.7659,46,✗ No,budget_exceeded
4,356,341,03-21,+50.0%,+52.14%,0.7607,48,✗ No,budget_exceeded
4,356,345,03-21,+50.0%,+51.82%,0.7591,48,✗ No,budget_exceeded
4,356,349,03-21,+50.0%,+51.52%,0.7576,48,✗ No,budget_exceeded
4,356,352,03-21,+50.0%,+35.96%,0.6798,49,✗ No,budget_exceeded
4,356,356,03-21,+50.0%,+35.54%,0.6777,56,✗ No,budget_exceeded
4,360,315,03-21,+50.0%,+54.22%,0.7711,42,✗ No,budget_exceeded
4,360,319,03-21,+50.0%,+53.57%,0.7678,43,✗ No,budget_exceeded
4,360,322,03-21,+50.0%,+53.37%,0.7669,43,✗ No,budget_exceeded
4,360,326,03-21,+50.0%,+53.24%,0.7662,43,✗ No,budget_exceeded
4,360,329,03-21,+50.0%,+52.74%,0.7637,44,✗ No,budget_exceeded
4,360,332,03-21,+50.0%,+52.04%,0.7602,45,✗ No,budget_exceeded
4,360,336,03-21,+50.0%,+51.83%,0.7592,45,✗ No,budget_exceeded
4,360,339,03-21,+50.0%,+51.35%,0.7567,46,✗ No,budget_exceeded
4,360,343,03-21,+50.0%,+51.20%,0.7560,46,✗ No,budget_exceeded
4,360,346,03-21,+50.0%,+35.82%,0.6791,47,✗ No,budget_exceeded
4,360,349,03-21,+50.0%,+35.48%,0.6774,47,✗ No,budget_exceeded
4,360,353,03-21,+50.0%,+35.28%,0.6764,47,✗ No,budget_exceeded
4,360,356,03-21,+49.8%,+27.44%,0.6372,48,✓ Yes,completed
4,360,360,03-21,+49.4%,+27.30%,0.6365,53,✓ Yes,completed
4,363,315,03-21,+50.0%,+53.37%,0.7668,43,✗ No,budget_exceeded
4,363,319,03-21,+50.0%,+53.19%,0.7659,43,✗ No,budget_exceeded
4,363,322,03-21,+50.0%,+52.99%,0.7649,43,✗ No,budget_exceeded
4,363,326,03-21,+50.0%,+52.86%,0.7643,43,✗ No,budget_exceeded
4,363,329,03-21,+50.0%,+51.77%,0.7588,45,✗ No,budget_exceeded
4,363,332,03-21,+50.0%,+51.56%,0.7578,45,✗ No,budget_exceeded
4,363,336,03-21,+50.0%,+51.35%,0.7567,45,✗ No,budget_exceeded
4,363,339,03-21,+50.0%,+35.68%,0.6784,47,✗ No,budget_exceeded
4,363,343,03-21,+50.0%,+35.51%,0.6775,47,✗ No,budget_exceeded
4,363,346,03-21,+50.0%,+35.21%,0.6761,47,✗ No,budget_exceeded
4,363,350,03-21,+49.8%,+27.44%,0.6372,47,✓ Yes,completed
4,363,353,03-21,+49.6%,+27.38%,0.6369,47,✓ Yes,completed
4,363,356,03-21,+49.3%,+27.29%,0.6365,47,✓ Yes,completed
4,363,360,03-21,+48.9%,+27.27%,0.6363,47,✓ Yes,completed
4,363,363,03-21,+48.6%,+27.05%,0.6352,50,✓ Yes,completed
4,331,315,03-23,+50.0%,+69.18%,0.8459,44,✗ No,budget_exceeded
4,331,319,03-23,+50.0%,+66.07%,0.8303,45,✗ No,budget_exceeded
4,331,323,03-23,+50.0%,+65.82%,0.8291,45,✗ No,budget_exceeded
4,331,327,03-23,+50.0%,+65.58%,0.8279,46,✗ No,budget_exceeded
4,331,331,03-23,+50.0%,+65.15%,0.8258,50,✗ No,budget_exceeded
4,334,315,03-23,+50.0%,+66.00%,0.8300,44,✗ No,budget_exceeded
4,334,319,03-23,+50.0%,+65.72%,0.8286,44,✗ No,budget_exceeded
4,334,323,03-23,+50.0%,+65.52%,0.8276,44,✗ No,budget_exceeded
4,334,327,03-23,+50.0%,+65.21%,0.8261,45,✗ No,budget_exceeded
4,334,331,03-23,+50.0%,+64.31%,0.8215,47,✗ No,budget_exceeded
4,334,334,03-23,+50.0%,+63.89%,0.8195,52,✗ No,budget_exceeded
4,338,315,03-23,+50.0%,+65.69%,0.8284,44,✗ No,budget_exceeded
4,338,319,03-23,+50.0%,+65.40%,0.8270,44,✗ No,budget_exceeded
4,338,323,03-23,+50.0%,+65.21%,0.8260,44,✗ No,budget_exceeded
4,338,327,03-23,+50.0%,+64.38%,0.8219,46,✗ No,budget_exceeded
4,338,330,03-23,+50.0%,+63.91%,0.8195,47,✗ No,budget_exceeded
4,338,334,03-23,+50.0%,+61.49%,0.8074,48,✗ No,budget_exceeded
4,338,338,03-23,+50.0%,+61.10%,0.8055,54,✗ No,budget_exceeded
4,342,315,03-23,+50.0%,+64.31%,0.8215,44,✗ No,budget_exceeded
4,342,319,03-23,+50.0%,+64.02%,0.8201,44,✗ No,budget_exceeded
4,342,323,03-23,+50.0%,+63.84%,0.8192,44,✗ No,budget_exceeded
4,342,327,03-23,+50.0%,+61.62%,0.8081,45,✗ No,budget_exceeded
4,342,330,03-23,+50.0%,+61.13%,0.8057,46,✗ No,budget_exceeded
4,342,334,03-23,+50.0%,+60.07%,0.8003,47,✗ No,budget_exceeded
4,342,338,03-23,+50.0%,+57.64%,0.7882,50,✗ No,budget_exceeded
4,342,342,03-23,+50.0%,+57.04%,0.7852,54,✗ No,budget_exceeded
4,345,315,03-23,+50.0%,+63.71%,0.8185,43,✗ No,budget_exceeded
4,345,319,03-23,+50.0%,+61.43%,0.8071,44,✗ No,budget_exceeded
4,345,323,03-23,+50.0%,+61.29%,0.8064,44,✗ No,budget_exceeded
4,345,327,03-23,+50.0%,+61.06%,0.8053,44,✗ No,budget_exceeded
4,345,330,03-23,+50.0%,+59.82%,0.7991,46,✗ No,budget_exceeded
4,345,334,03-23,+50.0%,+57.41%,0.7871,47,✗ No,budget_exceeded
4,345,338,03-23,+50.0%,+57.02%,0.7851,48,✗ No,budget_exceeded
4,345,341,03-23,+50.0%,+56.01%,0.7800,50,✗ No,budget_exceeded
4,345,345,03-23,+50.0%,+55.52%,0.7776,53,✗ No,budget_exceeded
4,349,315,03-23,+50.0%,+61.09%,0.8054,43,✗ No,budget_exceeded
4,349,319,03-23,+50.0%,+60.13%,0.8006,44,✗ No,budget_exceeded
4,349,323,03-23,+50.0%,+59.99%,0.7999,44,✗ No,budget_exceeded
4,349,327,03-23,+50.0%,+59.76%,0.7988,44,✗ No,budget_exceeded
4,349,330,03-23,+50.0%,+57.34%,0.7867,46,✗ No,budget_exceeded
4,349,334,03-23,+50.0%,+56.89%,0.7845,46,✗ No,budget_exceeded
4,349,338,03-23,+50.0%,+56.01%,0.7801,47,✗ No,budget_exceeded
4,349,341,03-23,+50.0%,+55.52%,0.7776,48,✗ No,budget_exceeded
4,349,345,03-23,+50.0%,+54.60%,0.7730,49,✗ No,budget_exceeded
4,349,349,03-23,+50.0%,+54.27%,0.7713,54,✗ No,budget_exceeded
4,352,315,03-23,+50.0%,+59.96%,0.7998,44,✗ No,budget_exceeded
4,352,319,03-23,+50.0%,+59.71%,0.7986,44,✗ No,budget_exceeded
4,352,323,03-23,+50.0%,+57.68%,0.7884,45,✗ No,budget_exceeded
4,352,327,03-23,+50.0%,+57.41%,0.7871,45,✗ No,budget_exceeded
4,352,330,03-23,+50.0%,+56.90%,0.7845,46,✗ No,budget_exceeded
4,352,334,03-23,+50.0%,+55.92%,0.7796,47,✗ No,budget_exceeded
4,352,338,03-23,+50.0%,+55.56%,0.7778,47,✗ No,budget_exceeded
4,352,341,03-23,+50.0%,+54.52%,0.7726,49,✗ No,budget_exceeded
4,352,345,03-23,+50.0%,+54.20%,0.7710,49,✗ No,budget_exceeded
4,352,349,03-23,+50.0%,+53.79%,0.7690,49,✗ No,budget_exceeded
4,352,352,03-23,+50.0%,+38.13%,0.6907,53,✗ No,budget_exceeded
4,356,315,03-23,+50.0%,+57.12%,0.7856,43,✗ No,budget_exceeded
4,356,319,03-23,+50.0%,+56.89%,0.7844,43,✗ No,budget_exceeded
4,356,323,03-23,+50.0%,+56.74%,0.7837,43,✗ No,budget_exceeded
4,356,326,03-23,+50.0%,+56.03%,0.7801,44,✗ No,budget_exceeded
4,356,330,03-23,+50.0%,+55.51%,0.7776,45,✗ No,budget_exceeded
4,356,334,03-23,+50.0%,+55.30%,0.7765,45,✗ No,budget_exceeded
4,356,338,03-23,+50.0%,+54.53%,0.7727,46,✗ No,budget_exceeded
4,356,341,03-23,+50.0%,+54.00%,0.7700,47,✗ No,budget_exceeded
4,356,345,03-23,+50.0%,+53.69%,0.7684,47,✗ No,budget_exceeded
4,356,349,03-23,+50.0%,+38.22%,0.6911,48,✗ No,budget_exceeded
4,356,352,03-23,+50.0%,+37.83%,0.6892,48,✗ No,budget_exceeded
4,356,356,03-23,+50.0%,+28.41%,0.6420,59,✗ No,budget_exceeded
4,360,315,03-23,+50.0%,+55.59%,0.7779,42,✗ No,budget_exceeded
4,360,319,03-23,+50.0%,+55.40%,0.7770,42,✗ No,budget_exceeded
4,360,322,03-23,+50.0%,+55.21%,0.7760,42,✗ No,budget_exceeded
4,360,326,03-23,+50.0%,+55.08%,0.7754,42,✗ No,budget_exceeded
4,360,329,03-23,+50.0%,+54.10%,0.7705,44,✗ No,budget_exceeded
4,360,332,03-23,+50.0%,+53.90%,0.7695,44,✗ No,budget_exceeded
4,360,336,03-23,+50.0%,+53.70%,0.7685,44,✗ No,budget_exceeded
4,360,339,03-23,+50.0%,+38.07%,0.6904,46,✗ No,budget_exceeded
4,360,343,03-23,+50.0%,+37.90%,0.6895,46,✗ No,budget_exceeded
4,360,346,03-23,+50.0%,+37.69%,0.6885,46,✗ No,budget_exceeded
4,360,349,03-23,+50.0%,+28.31%,0.6416,48,✗ No,budget_exceeded
4,360,353,03-23,+50.0%,+27.63%,0.6381,48,✓ Yes,completed
4,360,356,03-23,+49.6%,+27.57%,0.6378,48,✓ Yes,completed
4,360,360,03-23,+48.9%,+27.59%,0.6379,52,✓ Yes,completed
4,363,315,03-23,+50.0%,+55.20%,0.7760,42,✗ No,budget_exceeded
4,363,319,03-23,+50.0%,+55.02%,0.7751,42,✗ No,budget_exceeded
4,363,322,03-23,+50.0%,+54.29%,0.7715,43,✗ No,budget_exceeded
4,363,326,03-23,+50.0%,+54.17%,0.7708,43,✗ No,budget_exceeded
4,363,329,03-23,+50.0%,+53.62%,0.7681,44,✗ No,budget_exceeded
4,363,332,03-23,+50.0%,+38.26%,0.6913,45,✗ No,budget_exceeded
4,363,336,03-23,+50.0%,+38.05%,0.6903,45,✗ No,budget_exceeded
4,363,339,03-23,+50.0%,+28.46%,0.6423,47,✗ No,budget_exceeded
4,363,343,03-23,+50.0%,+28.29%,0.6415,47,✗ No,budget_exceeded
4,363,346,03-23,+49.9%,+27.58%,0.6379,47,✓ Yes,completed
4,363,350,03-23,+49.7%,+27.56%,0.6378,47,✓ Yes,completed
4,363,353,03-23,+49.5%,+27.56%,0.6378,47,✓ Yes,completed
4,363,356,03-23,+48.7%,+27.54%,0.6377,46,✓ Yes,completed
4,363,360,03-23,+48.4%,+27.33%,0.6366,46,✓ Yes,completed
4,363,363,03-23,+48.0%,+27.14%,0.6357,49,✓ Yes,completed
4,331,315,03-25,+50.0%,+65.07%,0.8254,47,✗ No,budget_exceeded
4,331,319,03-25,+50.0%,+63.94%,0.8197,48,✗ No,budget_exceeded
4,331,323,03-25,+50.0%,+63.68%,0.8184,48,✗ No,budget_exceeded
4,331,327,03-25,+50.0%,+62.73%,0.8137,50,✗ No,budget_exceeded
4,331,331,03-25,+50.0%,+61.36%,0.8068,57,✗ No,budget_exceeded
4,334,315,03-25,+50.0%,+63.97%,0.8198,47,✗ No,budget_exceeded
4,334,319,03-25,+50.0%,+62.83%,0.8141,48,✗ No,budget_exceeded
4,334,323,03-25,+50.0%,+62.61%,0.8130,48,✗ No,budget_exceeded
4,334,327,03-25,+50.0%,+61.29%,0.8064,50,✗ No,budget_exceeded
4,334,331,03-25,+50.0%,+60.11%,0.8006,52,✗ No,budget_exceeded
4,334,334,03-25,+50.0%,+59.55%,0.7978,59,✗ No,budget_exceeded
4,338,315,03-25,+50.0%,+62.69%,0.8134,47,✗ No,budget_exceeded
4,338,319,03-25,+50.0%,+62.40%,0.8120,47,✗ No,budget_exceeded
4,338,323,03-25,+50.0%,+61.25%,0.8063,48,✗ No,budget_exceeded
4,338,327,03-25,+50.0%,+60.15%,0.8008,50,✗ No,budget_exceeded
4,338,330,03-25,+50.0%,+59.62%,0.7981,51,✗ No,budget_exceeded
4,338,334,03-25,+50.0%,+58.44%,0.7922,54,✗ No,budget_exceeded
4,338,338,03-25,+50.0%,+57.84%,0.7892,63,✗ No,budget_exceeded
4,342,315,03-25,+50.0%,+60.01%,0.8001,48,✗ No,budget_exceeded
4,342,319,03-25,+50.0%,+59.70%,0.7985,48,✗ No,budget_exceeded
4,342,323,03-25,+50.0%,+59.46%,0.7973,48,✗ No,budget_exceeded
4,342,327,03-25,+50.0%,+58.63%,0.7932,49,✗ No,budget_exceeded
4,342,330,03-25,+50.0%,+58.05%,0.7903,50,✗ No,budget_exceeded
4,342,334,03-25,+50.0%,+56.94%,0.7847,51,✗ No,budget_exceeded
4,342,338,03-25,+50.0%,+56.58%,0.7829,52,✗ No,budget_exceeded
4,342,342,03-25,+50.0%,+44.07%,0.7204,58,✗ No,budget_exceeded
4,345,315,03-25,+50.0%,+58.68%,0.7934,47,✗ No,budget_exceeded
4,345,319,03-25,+50.0%,+58.38%,0.7919,47,✗ No,budget_exceeded
4,345,323,03-25,+50.0%,+58.19%,0.7910,47,✗ No,budget_exceeded
4,345,327,03-25,+50.0%,+57.88%,0.7894,47,✗ No,budget_exceeded
4,345,330,03-25,+50.0%,+56.86%,0.7843,49,✗ No,budget_exceeded
4,345,334,03-25,+50.0%,+56.37%,0.7818,49,✗ No,budget_exceeded
4,345,338,03-25,+50.0%,+44.00%,0.7200,51,✗ No,budget_exceeded
4,345,341,03-25,+50.0%,+40.29%,0.7014,53,✗ No,budget_exceeded
4,345,345,03-25,+50.0%,+37.77%,0.6889,59,✗ No,budget_exceeded
4,349,315,03-25,+50.0%,+58.02%,0.7901,46,✗ No,budget_exceeded
4,349,319,03-25,+50.0%,+57.74%,0.7887,46,✗ No,budget_exceeded
4,349,323,03-25,+50.0%,+57.07%,0.7854,47,✗ No,budget_exceeded
4,349,327,03-25,+50.0%,+56.79%,0.7839,47,✗ No,budget_exceeded
4,349,330,03-25,+50.0%,+56.27%,0.7814,48,✗ No,budget_exceeded
4,349,334,03-25,+50.0%,+40.48%,0.7024,50,✗ No,budget_exceeded
4,349,338,03-25,+50.0%,+40.11%,0.7005,50,✗ No,budget_exceeded
4,349,341,03-25,+50.0%,+30.63%,0.6531,53,✗ No,budget_exceeded
4,349,345,03-25,+50.0%,+30.19%,0.6509,53,✗ No,budget_exceeded
4,349,349,03-25,+49.7%,+27.43%,0.6371,59,✓ Yes,completed
4,352,315,03-25,+50.0%,+57.08%,0.7854,47,✗ No,budget_exceeded
4,352,319,03-25,+50.0%,+56.81%,0.7840,47,✗ No,budget_exceeded
4,352,323,03-25,+50.0%,+56.64%,0.7832,47,✗ No,budget_exceeded
4,352,327,03-25,+50.0%,+56.36%,0.7818,47,✗ No,budget_exceeded
4,352,330,03-25,+50.0%,+40.43%,0.7021,49,✗ No,budget_exceeded
4,352,334,03-25,+50.0%,+39.93%,0.6996,49,✗ No,budget_exceeded
4,352,338,03-25,+50.0%,+30.59%,0.6530,51,✗ No,budget_exceeded
4,352,341,03-25,+49.9%,+27.53%,0.6376,52,✓ Yes,completed
4,352,345,03-25,+49.5%,+27.40%,0.6370,52,✓ Yes,completed
4,352,349,03-25,+49.1%,+27.24%,0.6362,52,✓ Yes,completed
4,352,352,03-25,+48.6%,+27.01%,0.6351,55,✓ Yes,completed
4,356,315,03-25,+50.0%,+56.09%,0.7804,45,✗ No,budget_exceeded
4,356,319,03-25,+50.0%,+40.43%,0.7022,46,✗ No,budget_exceeded
4,356,323,03-25,+50.0%,+40.29%,0.7014,46,✗ No,budget_exceeded
4,356,326,03-25,+50.0%,+40.04%,0.7002,46,✗ No,budget_exceeded
4,356,330,03-25,+50.0%,+37.49%,0.6875,48,✗ No,budget_exceeded
4,356,334,03-25,+50.0%,+30.32%,0.6516,49,✗ No,budget_exceeded
4,356,338,03-25,+49.9%,+27.53%,0.6376,49,✓ Yes,completed
4,356,341,03-25,+49.3%,+27.31%,0.6365,50,✓ Yes,completed
4,356,345,03-25,+49.0%,+27.23%,0.6361,50,✓ Yes,completed
4,356,349,03-25,+48.6%,+27.07%,0.6353,50,✓ Yes,completed
4,356,352,03-25,+48.2%,+26.83%,0.6342,50,✓ Yes,completed
4,356,356,03-25,+47.8%,+26.65%,0.6333,59,✓ Yes,completed
4,360,315,03-25,+50.0%,+37.54%,0.6877,45,✗ No,budget_exceeded
4,360,319,03-25,+50.0%,+37.34%,0.6867,45,✗ No,budget_exceeded
4,360,322,03-25,+50.0%,+30.38%,0.6519,46,✗ No,budget_exceeded
4,360,326,03-25,+50.0%,+30.19%,0.6510,46,✗ No,budget_exceeded
4,360,329,03-25,+49.6%,+27.37%,0.6368,47,✓ Yes,completed
4,360,332,03-25,+49.3%,+27.27%,0.6364,47,✓ Yes,completed
4,360,336,03-25,+49.1%,+27.21%,0.6361,47,✓ Yes,completed
4,360,339,03-25,+48.5%,+26.99%,0.6350,48,✓ Yes,completed
4,360,343,03-25,+48.3%,+26.87%,0.6344,48,✓ Yes,completed
4,360,346,03-25,+48.1%,+26.77%,0.6338,48,✓ Yes,completed
4,360,349,03-25,+47.7%,+26.66%,0.6333,48,✓ Yes,completed
4,360,353,03-25,+47.5%,+26.60%,0.6330,48,✓ Yes,completed
4,360,356,03-25,+47.1%,+26.51%,0.6325,48,✓ Yes,completed
4,360,360,03-25,+46.7%,+26.30%,0.6315,53,✓ Yes,completed
4,363,315,03-25,+50.0%,+29.95%,0.6498,45,✗ No,budget_exceeded
4,363,319,03-25,+49.9%,+27.41%,0.6370,45,✓ Yes,completed
4,363,322,03-25,+49.6%,+27.33%,0.6367,45,✓ Yes,completed
4,363,326,03-25,+49.4%,+27.28%,0.6364,45,✓ Yes,completed
4,363,329,03-25,+48.9%,+27.13%,0.6357,46,✓ Yes,completed
4,363,332,03-25,+48.7%,+27.03%,0.6352,46,✓ Yes,completed
4,363,336,03-25,+48.4%,+26.90%,0.6345,46,✓ Yes,completed
4,363,339,03-25,+47.9%,+26.69%,0.6334,47,✓ Yes,completed
4,363,343,03-25,+47.7%,+26.65%,0.6332,47,✓ Yes,completed
4,363,346,03-25,+47.4%,+26.56%,0.6328,47,✓ Yes,completed
4,363,350,03-25,+47.2%,+26.51%,0.6325,47,✓ Yes,completed
4,363,353,03-25,+47.0%,+26.44%,0.6322,47,✓ Yes,completed
4,363,356,03-25,+46.6%,+26.23%,0.6312,47,✓ Yes,completed
4,363,360,03-25,+46.2%,+26.02%,0.6301,47,✓ Yes,completed
4,363,363,03-25,+45.8%,+25.97%,0.6299,51,✓ Yes,completed
4,331,315,03-27,+50.0%,+61.69%,0.8084,51,✗ No,budget_exceeded
4,331,319,03-27,+50.0%,+61.12%,0.8056,51,✗ No,budget_exceeded
4,331,323,03-27,+50.0%,+60.31%,0.8015,52,✗ No,budget_exceeded
4,331,327,03-27,+50.0%,+59.95%,0.7997,53,✗ No,budget_exceeded
4,331,331,03-27,+50.0%,+59.34%,0.7967,59,✗ No,budget_exceeded
4,334,315,03-27,+50.0%,+61.04%,0.8052,50,✗ No,budget_exceeded
4,334,319,03-27,+50.0%,+60.03%,0.8001,51,✗ No,budget_exceeded
4,334,323,03-27,+50.0%,+59.78%,0.7989,51,✗ No,budget_exceeded
4,334,327,03-27,+50.0%,+59.31%,0.7966,52,✗ No,budget_exceeded
4,334,331,03-27,+50.0%,+46.97%,0.7349,56,✗ No,budget_exceeded
4,334,334,03-27,+50.0%,+43.20%,0.7160,65,✗ No,budget_exceeded
4,338,315,03-27,+50.0%,+59.88%,0.7994,50,✗ No,budget_exceeded
4,338,319,03-27,+50.0%,+59.55%,0.7977,50,✗ No,budget_exceeded
4,338,323,03-27,+50.0%,+59.30%,0.7965,50,✗ No,budget_exceeded
4,338,327,03-27,+50.0%,+46.95%,0.7347,53,✗ No,budget_exceeded
4,338,330,03-27,+50.0%,+43.30%,0.7165,56,✗ No,budget_exceeded
4,338,334,03-27,+50.0%,+40.57%,0.7029,59,✗ No,budget_exceeded
4,338,338,03-27,+50.0%,+32.89%,0.6645,70,✗ No,budget_exceeded
4,342,315,03-27,+50.0%,+46.08%,0.7304,52,✗ No,budget_exceeded
4,342,319,03-27,+50.0%,+43.39%,0.7170,53,✗ No,budget_exceeded
4,342,323,03-27,+50.0%,+43.13%,0.7156,53,✗ No,budget_exceeded
4,342,327,03-27,+50.0%,+42.74%,0.7137,53,✗ No,budget_exceeded
4,342,330,03-27,+50.0%,+33.20%,0.6660,56,✗ No,budget_exceeded
4,342,334,03-27,+50.0%,+27.87%,0.6394,58,✗ No,budget_exceeded
4,342,338,03-27,+49.6%,+27.59%,0.6380,58,✓ Yes,completed
4,342,342,03-27,+48.6%,+27.48%,0.6374,62,✓ Yes,completed
4,345,315,03-27,+50.0%,+40.62%,0.7031,50,✗ No,budget_exceeded
4,345,319,03-27,+50.0%,+40.31%,0.7015,50,✗ No,budget_exceeded
4,345,323,03-27,+50.0%,+33.28%,0.6664,51,✗ No,budget_exceeded
4,345,327,03-27,+50.0%,+32.87%,0.6644,51,✗ No,budget_exceeded
4,345,330,03-27,+50.0%,+27.94%,0.6397,53,✗ No,budget_exceeded
4,345,334,03-27,+48.9%,+27.64%,0.6382,52,✓ Yes,completed
4,345,338,03-27,+48.4%,+27.44%,0.6372,53,✓ Yes,completed
4,345,341,03-27,+47.9%,+27.23%,0.6361,54,✓ Yes,completed
4,345,345,03-27,+47.3%,+27.16%,0.6358,59,✓ Yes,completed
4,349,315,03-27,+50.0%,+32.89%,0.6645,50,✗ No,budget_exceeded
4,349,319,03-27,+50.0%,+28.33%,0.6416,51,✗ No,budget_exceeded
4,349,323,03-27,+50.0%,+28.12%,0.6406,51,✗ No,budget_exceeded
4,349,327,03-27,+50.0%,+27.72%,0.6386,51,✗ No,budget_exceeded
4,349,330,03-27,+48.7%,+27.53%,0.6377,51,✓ Yes,completed
4,349,334,03-27,+48.1%,+27.28%,0.6364,51,✓ Yes,completed
4,349,338,03-27,+47.7%,+27.21%,0.6361,51,✓ Yes,completed
4,349,341,03-27,+47.2%,+27.16%,0.6358,52,✓ Yes,completed
4,349,345,03-27,+46.7%,+26.97%,0.6348,52,✓ Yes,completed
4,349,349,03-27,+46.3%,+26.71%,0.6335,58,✓ Yes,completed
4,352,315,03-27,+50.0%,+28.08%,0.6404,50,✗ No,budget_exceeded
4,352,319,03-27,+50.0%,+27.65%,0.6383,50,✗ No,budget_exceeded
4,352,323,03-27,+49.1%,+27.58%,0.6379,49,✓ Yes,completed
4,352,327,03-27,+48.7%,+27.52%,0.6376,49,✓ Yes,completed
4,352,330,03-27,+48.1%,+27.24%,0.6362,50,✓ Yes,completed
4,352,334,03-27,+47.5%,+27.18%,0.6359,50,✓ Yes,completed
4,352,338,03-27,+47.1%,+27.14%,0.6357,50,✓ Yes,completed
4,352,341,03-27,+46.6%,+26.85%,0.6343,51,✓ Yes,completed
4,352,345,03-27,+46.2%,+26.66%,0.6333,51,✓ Yes,completed
4,352,349,03-27,+45.8%,+26.48%,0.6324,51,✓ Yes,completed
4,352,352,03-27,+45.2%,+26.31%,0.6316,54,✓ Yes,completed
4,356,315,03-27,+48.7%,+27.48%,0.6374,47,✓ Yes,completed
4,356,319,03-27,+48.3%,+27.29%,0.6365,47,✓ Yes,completed
4,356,323,03-27,+48.1%,+27.23%,0.6361,47,✓ Yes,completed
4,356,326,03-27,+47.8%,+27.17%,0.6359,47,✓ Yes,completed
4,356,330,03-27,+47.2%,+27.13%,0.6356,48,✓ Yes,completed
4,356,334,03-27,+46.9%,+27.05%,0.6352,48,✓ Yes,completed
4,356,338,03-27,+46.6%,+26.86%,0.6343,48,✓ Yes,completed
4,356,341,03-27,+46.0%,+26.58%,0.6329,49,✓ Yes,completed
4,356,345,03-27,+45.7%,+26.45%,0.6323,49,✓ Yes,completed
4,356,349,03-27,+45.3%,+26.35%,0.6317,49,✓ Yes,completed
4,356,352,03-27,+44.9%,+26.17%,0.6308,49,✓ Yes,completed
4,356,356,03-27,+44.5%,+25.87%,0.6294,58,✓ Yes,completed
4,360,315,03-27,+47.6%,+27.08%,0.6354,45,✓ Yes,completed
4,360,319,03-27,+47.3%,+27.07%,0.6353,45,✓ Yes,completed
4,360,322,03-27,+47.1%,+27.05%,0.6353,45,✓ Yes,completed
4,360,326,03-27,+46.9%,+26.97%,0.6348,45,✓ Yes,completed
4,360,329,03-27,+46.3%,+26.63%,0.6332,46,✓ Yes,completed
4,360,332,03-27,+46.0%,+26.53%,0.6327,46,✓ Yes,completed
4,360,336,03-27,+45.7%,+26.44%,0.6322,46,✓ Yes,completed
4,360,339,03-27,+45.2%,+26.31%,0.6315,47,✓ Yes,completed
4,360,343,03-27,+45.0%,+26.21%,0.6311,47,✓ Yes,completed
4,360,346,03-27,+44.8%,+26.08%,0.6304,47,✓ Yes,completed
4,360,349,03-27,+44.4%,+25.87%,0.6293,47,✓ Yes,completed
4,360,353,03-27,+44.2%,+25.81%,0.6290,47,✓ Yes,completed
4,360,356,03-27,+43.8%,+25.70%,0.6285,47,✓ Yes,completed
4,360,360,03-27,+43.4%,+25.58%,0.6279,52,✓ Yes,completed
4,363,315,03-27,+46.8%,+26.88%,0.6344,44,✓ Yes,completed
4,363,319,03-27,+46.5%,+26.72%,0.6336,44,✓ Yes,completed
4,363,322,03-27,+46.3%,+26.60%,0.6330,44,✓ Yes,completed
4,363,326,03-27,+46.1%,+26.54%,0.6327,44,✓ Yes,completed
4,363,329,03-27,+45.5%,+26.33%,0.6317,45,✓ Yes,completed
4,363,332,03-27,+45.3%,+26.29%,0.6315,45,✓ Yes,completed
4,363,336,03-27,+45.1%,+26.22%,0.6311,45,✓ Yes,completed
4,363,339,03-27,+44.6%,+25.94%,0.6297,46,✓ Yes,completed
4,363,343,03-27,+44.4%,+25.86%,0.6293,46,✓ Yes,completed
4,363,346,03-27,+44.1%,+25.77%,0.6289,46,✓ Yes,completed
4,363,350,03-27,+43.9%,+25.70%,0.6285,46,✓ Yes,completed
4,363,353,03-27,+43.7%,+25.65%,0.6282,46,✓ Yes,completed
4,363,356,03-27,+43.3%,+25.55%,0.6277,46,✓ Yes,completed
4,363,360,03-27,+42.9%,+25.32%,0.6266,46,✓ Yes,completed
4,363,363,03-27,+42.5%,+25.09%,0.6254,50,✓ Yes,completed
4,331,315,03-29,+50.0%,+48.93%,0.7446,54,✗ No,budget_exceeded
4,331,319,03-29,+50.0%,+45.99%,0.7299,55,✗ No,budget_exceeded
4,331,323,03-29,+50.0%,+45.60%,0.7280,55,✗ No,budget_exceeded
4,331,327,03-29,+50.0%,+43.32%,0.7166,57,✗ No,budget_exceeded
4,331,331,03-29,+50.0%,+35.52%,0.6776,65,✗ No,budget_exceeded
4,334,315,03-29,+50.0%,+45.78%,0.7289,54,✗ No,budget_exceeded
4,334,319,03-29,+50.0%,+43.28%,0.7164,55,✗ No,budget_exceeded
4,334,323,03-29,+50.0%,+42.97%,0.7149,55,✗ No,budget_exceeded
4,334,327,03-29,+50.0%,+35.46%,0.6773,57,✗ No,budget_exceeded
4,334,331,03-29,+50.0%,+30.41%,0.6521,59,✗ No,budget_exceeded
4,334,334,03-29,+50.0%,+28.93%,0.6447,70,✗ No,budget_exceeded
4,338,315,03-29,+50.0%,+43.03%,0.7152,53,✗ No,budget_exceeded
4,338,319,03-29,+50.0%,+35.72%,0.6786,54,✗ No,budget_exceeded
4,338,323,03-29,+50.0%,+35.41%,0.6771,54,✗ No,budget_exceeded
4,338,327,03-29,+50.0%,+30.51%,0.6526,56,✗ No,budget_exceeded
4,338,330,03-29,+50.0%,+29.21%,0.6460,58,✗ No,budget_exceeded
4,338,334,03-29,+50.0%,+27.65%,0.6383,62,✗ No,budget_exceeded
4,338,338,03-29,+50.0%,+26.95%,0.6347,72,✗ No,budget_exceeded
4,342,315,03-29,+50.0%,+30.60%,0.6530,54,✗ No,budget_exceeded
4,342,319,03-29,+50.0%,+29.53%,0.6476,55,✗ No,budget_exceeded
4,342,323,03-29,+50.0%,+29.21%,0.6461,55,✗ No,budget_exceeded
4,342,327,03-29,+50.0%,+28.69%,0.6434,55,✗ No,budget_exceeded
4,342,330,03-29,+50.0%,+27.48%,0.6374,57,✗ No,budget_exceeded
4,342,334,03-29,+48.4%,+26.84%,0.6342,57,✓ Yes,completed
4,342,338,03-29,+47.0%,+26.83%,0.6342,57,✓ Yes,completed
4,342,342,03-29,+46.3%,+26.52%,0.6326,62,✓ Yes,completed
4,345,315,03-29,+50.0%,+28.73%,0.6437,51,✗ No,budget_exceeded
4,345,319,03-29,+50.0%,+27.86%,0.6393,52,✗ No,budget_exceeded
4,345,323,03-29,+50.0%,+27.62%,0.6381,52,✗ No,budget_exceeded
4,345,327,03-29,+50.0%,+27.16%,0.6358,52,✗ No,budget_exceeded
4,345,330,03-29,+48.5%,+26.86%,0.6343,52,✓ Yes,completed
4,345,334,03-29,+46.7%,+26.72%,0.6336,52,✓ Yes,completed
4,345,338,03-29,+46.2%,+26.53%,0.6327,53,✓ Yes,completed
4,345,341,03-29,+45.2%,+26.60%,0.6330,52,✓ Yes,completed
4,345,345,03-29,+44.6%,+26.30%,0.6315,57,✓ Yes,completed
4,349,315,03-29,+50.0%,+27.33%,0.6366,51,✗ No,budget_exceeded
4,349,319,03-29,+50.0%,+26.89%,0.6345,51,✗ No,budget_exceeded
4,349,323,03-29,+48.7%,+26.93%,0.6347,50,✓ Yes,completed
4,349,327,03-29,+48.3%,+26.75%,0.6338,50,✓ Yes,completed
4,349,330,03-29,+46.7%,+26.67%,0.6333,50,✓ Yes,completed
4,349,334,03-29,+45.4%,+26.60%,0.6330,49,✓ Yes,completed
4,349,338,03-29,+45.0%,+26.52%,0.6326,49,✓ Yes,completed
4,349,341,03-29,+44.5%,+26.25%,0.6312,50,✓ Yes,completed
4,349,345,03-29,+44.0%,+26.17%,0.6308,50,✓ Yes,completed
4,349,349,03-29,+43.6%,+26.10%,0.6305,56,✓ Yes,completed
4,352,315,03-29,+48.7%,+26.88%,0.6344,49,✓ Yes,completed
4,352,319,03-29,+48.3%,+26.71%,0.6335,49,✓ Yes,completed
4,352,323,03-29,+48.1%,+26.65%,0.6332,49,✓ Yes,completed
4,352,327,03-29,+46.7%,+26.64%,0.6332,48,✓ Yes,completed
4,352,330,03-29,+45.3%,+26.58%,0.6329,48,✓ Yes,completed
4,352,334,03-29,+44.8%,+26.40%,0.6320,48,✓ Yes,completed
4,352,338,03-29,+44.4%,+26.21%,0.6311,48,✓ Yes,completed
4,352,341,03-29,+43.8%,+26.14%,0.6307,49,✓ Yes,completed
4,352,345,03-29,+43.5%,+26.10%,0.6305,49,✓ Yes,completed
4,352,349,03-29,+43.0%,+25.90%,0.6295,49,✓ Yes,completed
4,352,352,03-29,+42.5%,+25.59%,0.6279,52,✓ Yes,completed
4,356,315,03-29,+46.7%,+26.59%,0.6330,46,✓ Yes,completed
4,356,319,03-29,+46.3%,+26.45%,0.6323,46,✓ Yes,completed
4,356,323,03-29,+45.4%,+26.54%,0.6327,45,✓ Yes,completed
4,356,326,03-29,+45.0%,+26.50%,0.6325,45,✓ Yes,completed
4,356,330,03-29,+44.5%,+26.21%,0.6311,46,✓ Yes,completed
4,356,334,03-29,+44.2%,+26.15%,0.6308,46,✓ Yes,completed
4,356,338,03-29,+43.8%,+26.13%,0.6306,46,✓ Yes,completed
4,356,341,03-29,+43.3%,+26.05%,0.6302,47,✓ Yes,completed
4,356,345,03-29,+43.0%,+25.86%,0.6293,47,✓ Yes,completed
4,356,349,03-29,+42.6%,+25.64%,0.6282,47,✓ Yes,completed
4,356,352,03-29,+42.2%,+25.47%,0.6273,47,✓ Yes,completed
4,356,356,03-29,+41.8%,+25.26%,0.6263,56,✓ Yes,completed
4,360,315,03-29,+44.9%,+26.33%,0.6316,43,✓ Yes,completed
4,360,319,03-29,+44.6%,+26.20%,0.6310,43,✓ Yes,completed
4,360,322,03-29,+44.3%,+26.12%,0.6306,43,✓ Yes,completed
4,360,326,03-29,+44.1%,+26.10%,0.6305,43,✓ Yes,completed
4,360,329,03-29,+43.5%,+26.05%,0.6303,44,✓ Yes,completed
4,360,332,03-29,+43.3%,+26.00%,0.6300,44,✓ Yes,completed
4,360,336,03-29,+43.0%,+25.86%,0.6293,44,✓ Yes,completed
4,360,339,03-29,+42.5%,+25.58%,0.6279,45,✓ Yes,completed
4,360,343,03-29,+42.3%,+25.49%,0.6275,45,✓ Yes,completed
4,360,346,03-29,+42.1%,+25.41%,0.6270,45,✓ Yes,completed
4,360,349,03-29,+41.7%,+25.27%,0.6263,45,✓ Yes,completed
4,360,353,03-29,+41.5%,+25.23%,0.6261,45,✓ Yes,completed
4,360,356,03-29,+41.2%,+25.02%,0.6251,45,✓ Yes,completed
4,360,360,03-29,+40.8%,+24.77%,0.6239,50,✓ Yes,completed
4,363,315,03-29,+44.1%,+26.04%,0.6302,42,✓ Yes,completed
4,363,319,03-29,+43.8%,+26.02%,0.6301,42,✓ Yes,completed
4,363,322,03-29,+43.5%,+26.02%,0.6301,42,✓ Yes,completed
4,363,326,03-29,+43.4%,+26.00%,0.6300,42,✓ Yes,completed
4,363,329,03-29,+42.8%,+25.71%,0.6286,43,✓ Yes,completed
4,363,332,03-29,+42.6%,+25.60%,0.6280,43,✓ Yes,completed
4,363,336,03-29,+42.4%,+25.49%,0.6275,43,✓ Yes,completed
4,363,339,03-29,+41.9%,+25.31%,0.6265,44,✓ Yes,completed
4,363,343,03-29,+41.8%,+25.26%,0.6263,44,✓ Yes,completed
4,363,346,03-29,+41.4%,+25.18%,0.6259,44,✓ Yes,completed
4,363,350,03-29,+41.2%,+25.03%,0.6251,44,✓ Yes,completed
4,363,353,03-29,+41.0%,+24.92%,0.6246,44,✓ Yes,completed
4,363,356,03-29,+40.7%,+24.74%,0.6237,44,✓ Yes,completed
4,363,360,03-29,+40.3%,+24.63%,0.6231,44,✓ Yes,completed
4,363,363,03-29,+39.9%,+24.50%,0.6225,48,✓ Yes,completed
4,331,315,03-31,+50.0%,+48.14%,0.7407,53,✗ No,budget_exceeded
4,331,319,03-31,+50.0%,+45.64%,0.7282,54,✗ No,budget_exceeded
4,331,323,03-31,+50.0%,+38.29%,0.6915,55,✗ No,budget_exceeded
4,331,327,03-31,+50.0%,+33.49%,0.6675,57,✗ No,budget_exceeded
4,331,331,03-31,+50.0%,+32.11%,0.6605,65,✗ No,budget_exceeded
4,334,315,03-31,+50.0%,+38.47%,0.6923,54,✗ No,budget_exceeded
4,334,319,03-31,+50.0%,+33.54%,0.6677,55,✗ No,budget_exceeded
4,334,323,03-31,+50.0%,+33.22%,0.6661,55,✗ No,budget_exceeded
4,334,327,03-31,+50.0%,+32.04%,0.6602,57,✗ No,budget_exceeded
4,334,331,03-31,+50.0%,+31.30%,0.6565,58,✗ No,budget_exceeded
4,334,334,03-31,+50.0%,+29.95%,0.6498,69,✗ No,budget_exceeded
4,338,315,03-31,+50.0%,+33.43%,0.6672,53,✗ No,budget_exceeded
4,338,319,03-31,+50.0%,+32.92%,0.6646,53,✗ No,budget_exceeded
4,338,323,03-31,+50.0%,+32.05%,0.6603,54,✗ No,budget_exceeded
4,338,327,03-31,+50.0%,+31.40%,0.6570,55,✗ No,budget_exceeded
4,338,330,03-31,+50.0%,+30.21%,0.6510,57,✗ No,budget_exceeded
4,338,334,03-31,+50.0%,+28.65%,0.6433,61,✗ No,budget_exceeded
4,338,338,03-31,+50.0%,+27.32%,0.6366,72,✗ No,budget_exceeded
4,342,315,03-31,+50.0%,+31.54%,0.6577,53,✗ No,budget_exceeded
4,342,319,03-31,+50.0%,+30.58%,0.6529,54,✗ No,budget_exceeded
4,342,323,03-31,+50.0%,+30.26%,0.6513,54,✗ No,budget_exceeded
4,342,327,03-31,+50.0%,+29.73%,0.6486,54,✗ No,budget_exceeded
4,342,330,03-31,+50.0%,+28.46%,0.6423,56,✗ No,budget_exceeded
4,342,334,03-31,+50.0%,+26.81%,0.6340,58,✗ No,budget_exceeded
4,342,338,03-31,+48.9%,+26.56%,0.6328,58,✓ Yes,completed
4,342,342,03-31,+48.3%,+26.19%,0.6309,64,✓ Yes,completed
4,345,315,03-31,+50.0%,+29.78%,0.6489,50,✗ No,budget_exceeded
4,345,319,03-31,+50.0%,+28.83%,0.6442,51,✗ No,budget_exceeded
4,345,323,03-31,+50.0%,+28.60%,0.6430,51,✗ No,budget_exceeded
4,345,327,03-31,+50.0%,+28.14%,0.6407,51,✗ No,budget_exceeded
4,345,330,03-31,+50.0%,+26.82%,0.6341,53,✗ No,budget_exceeded
4,345,334,03-31,+48.7%,+26.44%,0.6322,53,✓ Yes,completed
4,345,338,03-31,+48.2%,+26.15%,0.6308,54,✓ Yes,completed
4,345,341,03-31,+46.7%,+26.09%,0.6305,54,✓ Yes,completed
4,345,345,03-31,+45.0%,+26.00%,0.6300,59,✓ Yes,completed
4,349,315,03-31,+50.0%,+28.31%,0.6415,50,✗ No,budget_exceeded
4,349,319,03-31,+50.0%,+27.27%,0.6363,51,✗ No,budget_exceeded
4,349,323,03-31,+50.0%,+27.06%,0.6353,51,✗ No,budget_exceeded
4,349,327,03-31,+50.0%,+26.62%,0.6331,51,✗ No,budget_exceeded
4,349,330,03-31,+48.6%,+26.37%,0.6319,51,✓ Yes,completed
4,349,334,03-31,+47.0%,+26.18%,0.6309,51,✓ Yes,completed
4,349,338,03-31,+46.6%,+26.00%,0.6300,51,✓ Yes,completed
4,349,341,03-31,+44.9%,+25.96%,0.6298,51,✓ Yes,completed
4,349,345,03-31,+44.4%,+25.74%,0.6287,51,✓ Yes,completed
4,349,349,03-31,+43.0%,+25.71%,0.6285,56,✓ Yes,completed
4,352,315,03-31,+50.0%,+26.60%,0.6330,50,✗ No,budget_exceeded
4,352,319,03-31,+49.2%,+26.48%,0.6324,49,✓ Yes,completed
4,352,323,03-31,+49.0%,+26.51%,0.6325,49,✓ Yes,completed
4,352,327,03-31,+48.6%,+26.37%,0.6318,49,✓ Yes,completed
4,352,330,03-31,+48.0%,+26.06%,0.6303,50,✓ Yes,completed
4,352,334,03-31,+46.4%,+25.91%,0.6295,50,✓ Yes,completed
4,352,338,03-31,+44.8%,+25.91%,0.6296,49,✓ Yes,completed
4,352,341,03-31,+43.3%,+25.84%,0.6292,49,✓ Yes,completed
4,352,345,03-31,+42.9%,+25.67%,0.6284,49,✓ Yes,completed
4,352,349,03-31,+42.4%,+25.53%,0.6277,49,✓ Yes,completed
4,352,352,03-31,+41.5%,+25.58%,0.6279,50,✓ Yes,completed
4,356,315,03-31,+48.6%,+26.32%,0.6316,47,✓ Yes,completed
4,356,319,03-31,+48.2%,+26.10%,0.6305,47,✓ Yes,completed
4,356,323,03-31,+48.1%,+26.03%,0.6302,47,✓ Yes,completed
4,356,326,03-31,+46.8%,+26.07%,0.6304,46,✓ Yes,completed
4,356,330,03-31,+45.1%,+26.00%,0.6300,46,✓ Yes,completed
4,356,334,03-31,+44.6%,+25.78%,0.6289,47,✓ Yes,completed
4,356,338,03-31,+43.2%,+25.82%,0.6291,46,✓ Yes,completed
4,356,341,03-31,+42.7%,+25.55%,0.6278,47,✓ Yes,completed
4,356,345,03-31,+42.2%,+25.55%,0.6278,46,✓ Yes,completed
4,356,349,03-31,+41.6%,+25.60%,0.6280,45,✓ Yes,completed
4,356,352,03-31,+41.2%,+25.46%,0.6273,45,✓ Yes,completed
4,356,356,03-31,+40.8%,+25.20%,0.6260,54,✓ Yes,completed
4,360,315,03-31,+46.6%,+25.91%,0.6296,44,✓ Yes,completed
4,360,319,03-31,+46.4%,+25.80%,0.6290,44,✓ Yes,completed
4,360,322,03-31,+45.0%,+25.91%,0.6296,43,✓ Yes,completed
4,360,326,03-31,+44.8%,+25.82%,0.6291,43,✓ Yes,completed
4,360,329,03-31,+43.2%,+25.74%,0.6287,43,✓ Yes,completed
4,360,332,03-31,+42.7%,+25.52%,0.6276,44,✓ Yes,completed
4,360,336,03-31,+42.3%,+25.52%,0.6276,43,✓ Yes,completed
4,360,339,03-31,+41.5%,+25.57%,0.6279,43,✓ Yes,completed
4,360,343,03-31,+41.3%,+25.49%,0.6275,43,✓ Yes,completed
4,360,346,03-31,+41.1%,+25.37%,0.6269,43,✓ Yes,completed
4,360,349,03-31,+40.7%,+25.18%,0.6259,43,✓ Yes,completed
4,360,353,03-31,+40.5%,+25.14%,0.6257,43,✓ Yes,completed
4,360,356,03-31,+40.1%,+25.09%,0.6255,43,✓ Yes,completed
4,360,360,03-31,+39.8%,+25.02%,0.6251,47,✓ Yes,completed
4,363,315,03-31,+44.7%,+25.73%,0.6286,42,✓ Yes,completed
4,363,319,03-31,+44.5%,+25.62%,0.6281,42,✓ Yes,completed
4,363,322,03-31,+43.2%,+25.73%,0.6286,41,✓ Yes,completed
4,363,326,03-31,+43.1%,+25.66%,0.6283,41,✓ Yes,completed
4,363,329,03-31,+42.5%,+25.46%,0.6273,42,✓ Yes,completed
4,363,332,03-31,+41.6%,+25.55%,0.6277,41,✓ Yes,completed
4,363,336,03-31,+41.4%,+25.50%,0.6275,41,✓ Yes,completed
4,363,339,03-31,+40.9%,+25.26%,0.6263,42,✓ Yes,completed
4,363,343,03-31,+40.7%,+25.19%,0.6259,42,✓ Yes,completed
4,363,346,03-31,+40.4%,+25.11%,0.6256,42,✓ Yes,completed
4,363,350,03-31,+40.2%,+25.09%,0.6254,42,✓ Yes,completed
4,363,353,03-31,+40.0%,+25.06%,0.6253,42,✓ Yes,completed
4,363,356,03-31,+39.7%,+25.01%,0.6250,42,✓ Yes,completed
4,363,360,03-31,+39.3%,+24.79%,0.6240,42,✓ Yes,completed
4,363,363,03-31,+38.9%,+24.54%,0.6227,46,✓ Yes,completed
4,331,315,04-02,+50.0%,+34.09%,0.6704,54,✗ No,budget_exceeded
4,331,319,04-02,+50.0%,+33.31%,0.6665,54,✗ No,budget_exceeded
4,331,323,04-02,+50.0%,+32.41%,0.6621,55,✗ No,budget_exceeded
4,331,327,04-02,+50.0%,+31.90%,0.6595,56,✗ No,budget_exceeded
4,331,331,04-02,+50.0%,+30.56%,0.6528,63,✗ No,budget_exceeded
4,334,315,04-02,+50.0%,+33.18%,0.6659,53,✗ No,budget_exceeded
4,334,319,04-02,+50.0%,+31.98%,0.6599,54,✗ No,budget_exceeded
4,334,323,04-02,+50.0%,+31.65%,0.6583,54,✗ No,budget_exceeded
4,334,327,04-02,+50.0%,+30.51%,0.6526,56,✗ No,budget_exceeded
4,334,331,04-02,+50.0%,+29.14%,0.6457,58,✗ No,budget_exceeded
4,334,334,04-02,+50.0%,+27.77%,0.6389,69,✗ No,budget_exceeded
4,338,315,04-02,+50.0%,+31.86%,0.6593,52,✗ No,budget_exceeded
4,338,319,04-02,+50.0%,+30.86%,0.6543,53,✗ No,budget_exceeded
4,338,323,04-02,+50.0%,+30.54%,0.6527,53,✗ No,budget_exceeded
4,338,327,04-02,+50.0%,+29.26%,0.6463,55,✗ No,budget_exceeded
4,338,330,04-02,+50.0%,+28.00%,0.6400,57,✗ No,budget_exceeded
4,338,334,04-02,+50.0%,+26.43%,0.6322,61,✗ No,budget_exceeded
4,338,338,04-02,+49.9%,+25.40%,0.6270,72,✓ Yes,completed
4,342,315,04-02,+50.0%,+29.36%,0.6468,53,✗ No,budget_exceeded
4,342,319,04-02,+50.0%,+28.84%,0.6442,53,✗ No,budget_exceeded
4,342,323,04-02,+50.0%,+28.54%,0.6427,53,✗ No,budget_exceeded
4,342,327,04-02,+50.0%,+27.49%,0.6374,54,✗ No,budget_exceeded
4,342,330,04-02,+50.0%,+26.17%,0.6309,56,✗ No,budget_exceeded
4,342,334,04-02,+48.8%,+25.38%,0.6269,56,✓ Yes,completed
4,342,338,04-02,+48.3%,+25.12%,0.6256,57,✓ Yes,completed
4,342,342,04-02,+46.8%,+24.96%,0.6248,64,✓ Yes,completed
4,345,315,04-02,+50.0%,+27.51%,0.6376,50,✗ No,budget_exceeded
4,345,319,04-02,+50.0%,+27.05%,0.6353,50,✗ No,budget_exceeded
4,345,323,04-02,+50.0%,+26.29%,0.6315,51,✗ No,budget_exceeded
4,345,327,04-02,+50.0%,+25.82%,0.6291,51,✗ No,budget_exceeded
4,345,330,04-02,+48.8%,+25.36%,0.6268,51,✓ Yes,completed
4,345,334,04-02,+48.1%,+25.00%,0.6250,52,✓ Yes,completed
4,345,338,04-02,+46.6%,+24.92%,0.6246,52,✓ Yes,completed
4,345,341,04-02,+45.3%,+24.81%,0.6241,52,✓ Yes,completed
4,345,345,04-02,+44.7%,+24.50%,0.6225,58,✓ Yes,completed
4,349,315,04-02,+50.0%,+26.03%,0.6301,50,✗ No,budget_exceeded
4,349,319,04-02,+49.9%,+25.35%,0.6268,50,✓ Yes,completed
4,349,323,04-02,+49.6%,+25.30%,0.6265,50,✓ Yes,completed
4,349,327,04-02,+48.6%,+25.26%,0.6263,49,✓ Yes,completed
4,349,330,04-02,+47.0%,+25.09%,0.6254,49,✓ Yes,completed
4,349,334,04-02,+46.4%,+24.76%,0.6238,50,✓ Yes,completed
4,349,338,04-02,+45.1%,+24.76%,0.6238,49,✓ Yes,completed
4,349,341,04-02,+44.6%,+24.44%,0.6222,50,✓ Yes,completed
4,349,345,04-02,+43.3%,+24.41%,0.6221,49,✓ Yes,completed
4,349,349,04-02,+42.9%,+24.22%,0.6211,56,✓ Yes,completed
4,352,315,04-02,+48.7%,+25.22%,0.6261,48,✓ Yes,completed
4,352,319,04-02,+48.3%,+25.01%,0.6250,48,✓ Yes,completed
4,352,323,04-02,+48.1%,+24.92%,0.6246,48,✓ Yes,completed
4,352,327,04-02,+46.7%,+24.92%,0.6246,47,✓ Yes,completed
4,352,330,04-02,+45.7%,+24.74%,0.6237,47,✓ Yes,completed
4,352,334,04-02,+45.0%,+24.66%,0.6233,48,✓ Yes,completed
4,352,338,04-02,+44.5%,+24.39%,0.6220,48,✓ Yes,completed
4,352,341,04-02,+43.2%,+24.35%,0.6217,48,✓ Yes,completed
4,352,345,04-02,+42.8%,+24.17%,0.6208,48,✓ Yes,completed
4,352,349,04-02,+41.3%,+24.17%,0.6208,48,✓ Yes,completed
4,352,352,04-02,+40.7%,+23.90%,0.6195,51,✓ Yes,completed
4,356,315,04-02,+46.7%,+24.85%,0.6242,45,✓ Yes,completed
4,356,319,04-02,+46.3%,+24.65%,0.6233,45,✓ Yes,completed
4,356,323,04-02,+45.7%,+24.70%,0.6235,44,✓ Yes,completed
4,356,326,04-02,+45.4%,+24.76%,0.6238,44,✓ Yes,completed
4,356,330,04-02,+44.8%,+24.50%,0.6225,45,✓ Yes,completed
4,356,334,04-02,+44.3%,+24.28%,0.6214,46,✓ Yes,completed
4,356,338,04-02,+43.1%,+24.30%,0.6215,45,✓ Yes,completed
4,356,341,04-02,+41.5%,+24.24%,0.6212,45,✓ Yes,completed
4,356,345,04-02,+41.1%,+24.11%,0.6205,45,✓ Yes,completed
4,356,349,04-02,+40.8%,+23.93%,0.6196,45,✓ Yes,completed
4,356,352,04-02,+39.4%,+23.93%,0.6197,44,✓ Yes,completed
4,356,356,04-02,+38.9%,+23.68%,0.6184,54,✓ Yes,completed
4,360,315,04-02,+45.2%,+24.67%,0.6233,42,✓ Yes,completed
4,360,319,04-02,+44.9%,+24.52%,0.6226,42,✓ Yes,completed
4,360,322,04-02,+44.7%,+24.40%,0.6220,42,✓ Yes,completed
4,360,326,04-02,+44.5%,+24.28%,0.6214,42,✓ Yes,completed
4,360,329,04-02,+43.0%,+24.19%,0.6210,42,✓ Yes,completed
4,360,332,04-02,+41.4%,+24.21%,0.6210,42,✓ Yes,completed
4,360,336,04-02,+41.2%,+24.10%,0.6205,42,✓ Yes,completed
4,360,339,04-02,+40.7%,+23.89%,0.6195,43,✓ Yes,completed
4,360,343,04-02,+39.5%,+23.99%,0.6199,42,✓ Yes,completed
4,360,346,04-02,+39.3%,+23.86%,0.6193,42,✓ Yes,completed
4,360,349,04-02,+38.9%,+23.70%,0.6185,42,✓ Yes,completed
4,360,353,04-02,+38.6%,+23.71%,0.6186,41,✓ Yes,completed
4,360,356,04-02,+38.0%,+23.76%,0.6188,40,✓ Yes,completed
4,360,360,04-02,+37.6%,+23.65%,0.6183,44,✓ Yes,completed
4,363,315,04-02,+44.4%,+24.18%,0.6209,41,✓ Yes,completed
4,363,319,04-02,+43.2%,+24.27%,0.6214,40,✓ Yes,completed
4,363,322,04-02,+43.0%,+24.19%,0.6209,40,✓ Yes,completed
4,363,326,04-02,+42.9%,+24.12%,0.6206,40,✓ Yes,completed
4,363,329,04-02,+41.2%,+24.05%,0.6203,40,✓ Yes,completed
4,363,332,04-02,+39.7%,+24.00%,0.6200,39,✓ Yes,completed
4,363,336,04-02,+39.4%,+23.93%,0.6196,39,✓ Yes,completed
4,363,339,04-02,+39.0%,+23.71%,0.6186,40,✓ Yes,completed
4,363,343,04-02,+38.8%,+23.68%,0.6184,40,✓ Yes,completed
4,363,346,04-02,+38.5%,+23.70%,0.6185,40,✓ Yes,completed
4,363,350,04-02,+38.1%,+23.75%,0.6187,39,✓ Yes,completed
4,363,353,04-02,+37.9%,+23.75%,0.6188,39,✓ Yes,completed
4,363,356,04-02,+37.6%,+23.62%,0.6181,39,✓ Yes,completed
4,363,360,04-02,+37.2%,+23.40%,0.6170,39,✓ Yes,completed
4,363,363,04-02,+36.9%,+23.25%,0.6163,43,✓ Yes,completed
5,338,327,03-24,+50.0%,+65.01%,0.8251,46,✗ No,budget_exceeded
5,338,328,03-24,+50.0%,+62.92%,0.8146,47,✗ No,budget_exceeded
5,338,330,03-24,+50.0%,+62.69%,0.8134,48,✗ No,budget_exceeded
5,338,331,03-24,+50.0%,+62.45%,0.8123,48,✗ No,budget_exceeded
5,338,333,03-24,+50.0%,+61.56%,0.8078,49,✗ No,budget_exceeded
5,338,335,03-24,+50.0%,+61.40%,0.8070,49,✗ No,budget_exceeded
5,338,336,03-24,+50.0%,+59.91%,0.7995,55,✗ No,budget_exceeded
5,338,338,03-24,+50.0%,+59.00%,0.7950,62,✗ No,budget_exceeded
5,339,327,03-24,+50.0%,+62.79%,0.8139,47,✗ No,budget_exceeded
5,339,328,03-24,+50.0%,+62.67%,0.8134,47,✗ No,budget_exceeded
5,339,330,03-24,+50.0%,+62.42%,0.8121,48,✗ No,budget_exceeded
5,339,331,03-24,+50.0%,+61.45%,0.8072,49,✗ No,budget_exceeded
5,339,333,03-24,+50.0%,+61.14%,0.8057,50,✗ No,budget_exceeded
5,339,335,03-24,+50.0%,+59.88%,0.7994,51,✗ No,budget_exceeded
5,339,336,03-24,+50.0%,+58.81%,0.7940,53,✗ No,budget_exceeded
5,339,338,03-24,+50.0%,+58.70%,0.7935,53,✗ No,budget_exceeded
5,339,339,03-24,+50.0%,+58.23%,0.7911,61,✗ No,budget_exceeded
5,341,327,03-24,+50.0%,+61.51%,0.8075,46,✗ No,budget_exceeded
5,341,328,03-24,+50.0%,+61.40%,0.8070,46,✗ No,budget_exceeded
5,341,330,03-24,+50.0%,+61.13%,0.8056,47,✗ No,budget_exceeded
5,341,332,03-24,+50.0%,+59.81%,0.7991,48,✗ No,budget_exceeded
5,341,333,03-24,+50.0%,+58.70%,0.7935,49,✗ No,budget_exceeded
5,341,335,03-24,+50.0%,+58.60%,0.7930,49,✗ No,budget_exceeded
5,341,336,03-24,+50.0%,+58.31%,0.7916,50,✗ No,budget_exceeded
5,341,338,03-24,+50.0%,+58.24%,0.7912,50,✗ No,budget_exceeded
5,341,339,03-24,+50.0%,+57.36%,0.7868,52,✗ No,budget_exceeded
5,341,341,03-24,+50.0%,+57.12%,0.7856,55,✗ No,budget_exceeded
5,343,327,03-24,+50.0%,+61.26%,0.8063,45,✗ No,budget_exceeded
5,343,328,03-24,+50.0%,+61.15%,0.8057,45,✗ No,budget_exceeded
5,343,330,03-24,+50.0%,+59.07%,0.7953,48,✗ No,budget_exceeded
5,343,332,03-24,+50.0%,+58.84%,0.7942,48,✗ No,budget_exceeded
5,343,333,03-24,+50.0%,+58.46%,0.7923,48,✗ No,budget_exceeded
5,343,335,03-24,+50.0%,+58.38%,0.7919,48,✗ No,budget_exceeded
5,343,336,03-24,+50.0%,+58.12%,0.7906,49,✗ No,budget_exceeded
5,343,338,03-24,+50.0%,+57.53%,0.7877,50,✗ No,budget_exceeded
5,343,340,03-24,+50.0%,+57.20%,0.7860,51,✗ No,budget_exceeded
5,343,341,03-24,+50.0%,+56.95%,0.7847,53,✗ No,budget_exceeded
5,343,343,03-24,+50.0%,+56.73%,0.7836,57,✗ No,budget_exceeded
5,344,327,03-24,+50.0%,+61.05%,0.8052,45,✗ No,budget_exceeded
5,344,328,03-24,+50.0%,+59.00%,0.7950,46,✗ No,budget_exceeded
5,344,330,03-24,+50.0%,+58.73%,0.7937,47,✗ No,budget_exceeded
5,344,332,03-24,+50.0%,+58.53%,0.7926,47,✗ No,budget_exceeded
5,344,333,03-24,+50.0%,+58.15%,0.7907,47,✗ No,budget_exceeded
5,344,335,03-24,+50.0%,+57.55%,0.7878,48,✗ No,budget_exceeded
5,344,336,03-24,+50.0%,+57.31%,0.7865,49,✗ No,budget_exceeded
5,344,338,03-24,+50.0%,+57.25%,0.7862,49,✗ No,budget_exceeded
5,344,340,03-24,+50.0%,+56.92%,0.7846,50,✗ No,budget_exceeded
5,344,341,03-24,+50.0%,+56.73%,0.7836,50,✗ No,budget_exceeded
5,344,343,03-24,+50.0%,+56.54%,0.7827,51,✗ No,budget_exceeded
5,344,344,03-24,+50.0%,+55.82%,0.7791,56,✗ No,budget_exceeded
5,346,327,03-24,+50.0%,+59.02%,0.7951,46,✗ No,budget_exceeded
5,346,328,03-24,+50.0%,+58.90%,0.7945,46,✗ No,budget_exceeded
5,346,330,03-24,+50.0%,+58.62%,0.7931,47,✗ No,budget_exceeded
5,346,332,03-24,+50.0%,+58.41%,0.7921,47,✗ No,budget_exceeded
5,346,333,03-24,+50.0%,+57.52%,0.7876,48,✗ No,budget_exceeded
5,346,335,03-24,+50.0%,+57.44%,0.7872,48,✗ No,budget_exceeded
5,346,336,03-24,+50.0%,+57.19%,0.7859,49,✗ No,budget_exceeded
5,346,338,03-24,+50.0%,+57.13%,0.7856,49,✗ No,budget_exceeded
5,346,340,03-24,+50.0%,+56.80%,0.7840,50,✗ No,budget_exceeded
5,346,341,03-24,+50.0%,+56.61%,0.7831,50,✗ No,budget_exceeded
5,346,343,03-24,+50.0%,+55.93%,0.7796,52,✗ No,budget_exceeded
5,346,344,03-24,+50.0%,+55.75%,0.7787,52,✗ No,budget_exceeded
5,346,346,03-24,+50.0%,+55.64%,0.7782,54,✗ No,budget_exceeded
5,348,327,03-24,+50.0%,+58.52%,0.7926,45,✗ No,budget_exceeded
5,348,328,03-24,+50.0%,+58.42%,0.7921,45,✗ No,budget_exceeded
5,348,330,03-24,+50.0%,+58.14%,0.7907,46,✗ No,budget_exceeded
5,348,332,03-24,+50.0%,+57.44%,0.7872,47,✗ No,budget_exceeded
5,348,333,03-24,+50.0%,+57.04%,0.7852,47,✗ No,budget_exceeded
5,348,335,03-24,+50.0%,+56.95%,0.7847,47,✗ No,budget_exceeded
5,348,336,03-24,+50.0%,+56.74%,0.7837,47,✗ No,budget_exceeded
5,348,338,03-24,+50.0%,+56.68%,0.7834,47,✗ No,budget_exceeded
5,348,340,03-24,+50.0%,+55.86%,0.7793,49,✗ No,budget_exceeded
5,348,341,03-24,+50.0%,+55.70%,0.7785,49,✗ No,budget_exceeded
5,348,343,03-24,+50.0%,+55.56%,0.7778,50,✗ No,budget_exceeded
5,348,344,03-24,+50.0%,+55.41%,0.7770,50,✗ No,budget_exceeded
5,348,346,03-24,+50.0%,+55.34%,0.7767,50,✗ No,budget_exceeded
5,348,348,03-24,+50.0%,+55.11%,0.7755,53,✗ No,budget_exceeded
5,349,327,03-24,+50.0%,+58.29%,0.7915,45,✗ No,budget_exceeded
5,349,328,03-24,+50.0%,+58.20%,0.7910,45,✗ No,budget_exceeded
5,349,330,03-24,+50.0%,+57.38%,0.7869,47,✗ No,budget_exceeded
5,349,332,03-24,+50.0%,+57.19%,0.7860,47,✗ No,budget_exceeded
5,349,333,03-24,+50.0%,+56.79%,0.7839,47,✗ No,budget_exceeded
5,349,335,03-24,+50.0%,+56.70%,0.7835,47,✗ No,budget_exceeded
5,349,336,03-24,+50.0%,+56.49%,0.7825,47,✗ No,budget_exceeded
5,349,338,03-24,+50.0%,+56.44%,0.7822,47,✗ No,budget_exceeded
5,349,340,03-24,+50.0%,+55.57%,0.7779,49,✗ No,budget_exceeded
5,349,341,03-24,+50.0%,+55.41%,0.7770,49,✗ No,budget_exceeded
5,349,343,03-24,+50.0%,+55.22%,0.7761,49,✗ No,budget_exceeded
5,349,344,03-24,+50.0%,+55.08%,0.7754,49,✗ No,budget_exceeded
5,349,346,03-24,+50.0%,+55.01%,0.7750,49,✗ No,budget_exceeded
5,349,348,03-24,+50.0%,+39.59%,0.6980,50,✗ No,budget_exceeded
5,349,349,03-24,+50.0%,+39.28%,0.6964,55,✗ No,budget_exceeded
5,351,327,03-24,+50.0%,+58.20%,0.7910,45,✗ No,budget_exceeded
5,351,328,03-24,+50.0%,+58.10%,0.7905,45,✗ No,budget_exceeded
5,351,330,03-24,+50.0%,+57.29%,0.7864,47,✗ No,budget_exceeded
5,351,331,03-24,+50.0%,+57.10%,0.7855,47,✗ No,budget_exceeded
5,351,333,03-24,+50.0%,+57.03%,0.7852,47,✗ No,budget_exceeded
5,351,334,03-24,+50.0%,+56.60%,0.7830,47,✗ No,budget_exceeded
5,351,336,03-24,+50.0%,+56.50%,0.7825,47,✗ No,budget_exceeded
5,351,337,03-24,+50.0%,+55.84%,0.7792,48,✗ No,budget_exceeded
5,351,339,03-24,+50.0%,+55.80%,0.7790,48,✗ No,budget_exceeded
5,351,340,03-24,+50.0%,+55.37%,0.7769,49,✗ No,budget_exceeded
5,351,342,03-24,+50.0%,+55.30%,0.7765,49,✗ No,budget_exceeded
5,351,343,03-24,+50.0%,+55.02%,0.7751,49,✗ No,budget_exceeded
5,351,345,03-24,+50.0%,+54.97%,0.7749,49,✗ No,budget_exceeded
5,351,346,03-24,+50.0%,+39.58%,0.6979,50,✗ No,budget_exceeded
5,351,348,03-24,+50.0%,+39.48%,0.6974,50,✗ No,budget_exceeded
5,351,349,03-24,+50.0%,+39.17%,0.6958,51,✗ No,budget_exceeded
5,351,351,03-24,+50.0%,+39.07%,0.6953,54,✗ No,budget_exceeded
5,352,327,03-24,+50.0%,+57.54%,0.7877,46,✗ No,budget_exceeded
5,352,328,03-24,+50.0%,+57.43%,0.7871,46,✗ No,budget_exceeded
5,352,330,03-24,+50.0%,+57.12%,0.7856,47,✗ No,budget_exceeded
5,352,331,03-24,+50.0%,+56.93%,0.7846,47,✗ No,budget_exceeded
5,352,333,03-24,+50.0%,+56.86%,0.7843,47,✗ No,budget_exceeded
5,352,334,03-24,+50.0%,+56.44%,0.7822,47,✗ No,budget_exceeded
5,352,336,03-24,+50.0%,+55.84%,0.7792,48,✗ No,budget_exceeded
5,352,337,03-24,+50.0%,+55.68%,0.7784,48,✗ No,budget_exceeded
5,352,339,03-24,+50.0%,+55.63%,0.7782,48,✗ No,budget_exceeded
5,352,340,03-24,+50.0%,+55.21%,0.7760,49,✗ No,budget_exceeded
5,352,342,03-24,+50.0%,+55.14%,0.7757,49,✗ No,budget_exceeded
5,352,343,03-24,+50.0%,+39.65%,0.6983,50,✗ No,budget_exceeded
5,352,345,03-24,+50.0%,+39.61%,0.6980,50,✗ No,budget_exceeded
5,352,346,03-24,+50.0%,+39.41%,0.6971,50,✗ No,budget_exceeded
5,352,348,03-24,+50.0%,+39.32%,0.6966,50,✗ No,budget_exceeded
5,352,349,03-24,+50.0%,+39.03%,0.6951,50,✗ No,budget_exceeded
5,352,351,03-24,+50.0%,+38.91%,0.6946,51,✗ No,budget_exceeded
5,352,352,03-24,+50.0%,+29.72%,0.6486,55,✗ No,budget_exceeded
5,338,327,03-25,+50.0%,+60.15%,0.8008,50,✗ No,budget_exceeded
5,338,328,03-25,+50.0%,+60.02%,0.8001,50,✗ No,budget_exceeded
5,338,330,03-25,+50.0%,+59.78%,0.7989,51,✗ No,budget_exceeded
5,338,331,03-25,+50.0%,+59.47%,0.7973,51,✗ No,budget_exceeded
5,338,333,03-25,+50.0%,+58.61%,0.7930,54,✗ No,budget_exceeded
5,338,335,03-25,+50.0%,+58.44%,0.7922,54,✗ No,budget_exceeded
5,338,336,03-25,+50.0%,+58.03%,0.7902,57,✗ No,budget_exceeded
5,338,338,03-25,+50.0%,+57.84%,0.7892,63,✗ No,budget_exceeded
5,339,327,03-25,+50.0%,+59.74%,0.7987,50,✗ No,budget_exceeded
5,339,328,03-25,+50.0%,+59.60%,0.7980,50,✗ No,budget_exceeded
5,339,330,03-25,+50.0%,+58.84%,0.7942,52,✗ No,budget_exceeded
5,339,331,03-25,+50.0%,+58.53%,0.7927,52,✗ No,budget_exceeded
5,339,333,03-25,+50.0%,+58.17%,0.7908,53,✗ No,budget_exceeded
5,339,335,03-25,+50.0%,+58.00%,0.7900,53,✗ No,budget_exceeded
5,339,336,03-25,+50.0%,+57.15%,0.7857,55,✗ No,budget_exceeded
5,339,338,03-25,+50.0%,+57.04%,0.7852,55,✗ No,budget_exceeded
5,339,339,03-25,+50.0%,+56.54%,0.7827,63,✗ No,budget_exceeded
5,341,327,03-25,+50.0%,+58.63%,0.7932,49,✗ No,budget_exceeded
5,341,328,03-25,+50.0%,+58.48%,0.7924,49,✗ No,budget_exceeded
5,341,330,03-25,+50.0%,+58.20%,0.7910,50,✗ No,budget_exceeded
5,341,332,03-25,+50.0%,+57.95%,0.7898,50,✗ No,budget_exceeded
5,341,333,03-25,+50.0%,+57.04%,0.7852,51,✗ No,budget_exceeded
5,341,335,03-25,+50.0%,+56.94%,0.7847,51,✗ No,budget_exceeded
5,341,336,03-25,+50.0%,+56.65%,0.7832,52,✗ No,budget_exceeded
5,341,338,03-25,+50.0%,+56.58%,0.7829,52,✗ No,budget_exceeded
5,341,339,03-25,+50.0%,+52.51%,0.7625,54,✗ No,budget_exceeded
5,341,341,03-25,+50.0%,+44.07%,0.7204,58,✗ No,budget_exceeded
5,343,327,03-25,+50.0%,+58.35%,0.7917,48,✗ No,budget_exceeded
5,343,328,03-25,+50.0%,+58.20%,0.7910,48,✗ No,budget_exceeded
5,343,330,03-25,+50.0%,+57.92%,0.7896,49,✗ No,budget_exceeded
5,343,332,03-25,+50.0%,+57.69%,0.7885,49,✗ No,budget_exceeded
5,343,333,03-25,+50.0%,+56.80%,0.7840,50,✗ No,budget_exceeded
5,343,335,03-25,+50.0%,+56.72%,0.7836,50,✗ No,budget_exceeded
5,343,336,03-25,+50.0%,+56.45%,0.7822,51,✗ No,budget_exceeded
5,343,338,03-25,+50.0%,+56.38%,0.7819,51,✗ No,budget_exceeded
5,343,340,03-25,+50.0%,+44.13%,0.7206,54,✗ No,budget_exceeded
5,343,341,03-25,+50.0%,+40.71%,0.7036,58,✗ No,budget_exceeded
5,343,343,03-25,+50.0%,+40.46%,0.7023,62,✗ No,budget_exceeded
5,344,327,03-25,+50.0%,+57.99%,0.7899,47,✗ No,budget_exceeded
5,344,328,03-25,+50.0%,+57.85%,0.7893,47,✗ No,budget_exceeded
5,344,330,03-25,+50.0%,+57.10%,0.7855,49,✗ No,budget_exceeded
5,344,332,03-25,+50.0%,+56.89%,0.7844,49,✗ No,budget_exceeded
5,344,333,03-25,+50.0%,+56.48%,0.7824,49,✗ No,budget_exceeded
5,344,335,03-25,+50.0%,+56.40%,0.7820,49,✗ No,budget_exceeded
5,344,336,03-25,+50.0%,+44.23%,0.7212,51,✗ No,budget_exceeded
5,344,338,03-25,+50.0%,+44.15%,0.7208,51,✗ No,budget_exceeded
5,344,340,03-25,+50.0%,+40.65%,0.7032,53,✗ No,budget_exceeded
5,344,341,03-25,+50.0%,+40.44%,0.7022,53,✗ No,budget_exceeded
5,344,343,03-25,+50.0%,+40.23%,0.7011,54,✗ No,budget_exceeded
5,344,344,03-25,+50.0%,+39.96%,0.6998,61,✗ No,budget_exceeded
5,346,327,03-25,+50.0%,+57.88%,0.7894,47,✗ No,budget_exceeded
5,346,328,03-25,+50.0%,+57.75%,0.7888,47,✗ No,budget_exceeded
5,346,330,03-25,+50.0%,+56.98%,0.7849,49,✗ No,budget_exceeded
5,346,332,03-25,+50.0%,+56.77%,0.7839,49,✗ No,budget_exceeded
5,346,333,03-25,+50.0%,+56.37%,0.7818,49,✗ No,budget_exceeded
5,346,335,03-25,+50.0%,+56.28%,0.7814,49,✗ No,budget_exceeded
5,346,336,03-25,+50.0%,+44.08%,0.7204,51,✗ No,budget_exceeded
5,346,338,03-25,+50.0%,+44.00%,0.7200,51,✗ No,budget_exceeded
5,346,340,03-25,+50.0%,+40.49%,0.7025,53,✗ No,budget_exceeded
5,346,341,03-25,+50.0%,+40.29%,0.7014,53,✗ No,budget_exceeded
5,346,343,03-25,+50.0%,+40.07%,0.7004,54,✗ No,budget_exceeded
5,346,344,03-25,+50.0%,+37.92%,0.6896,56,✗ No,budget_exceeded
5,346,346,03-25,+50.0%,+37.77%,0.6889,59,✗ No,budget_exceeded
5,348,327,03-25,+50.0%,+56.87%,0.7844,47,✗ No,budget_exceeded
5,348,328,03-25,+50.0%,+56.76%,0.7838,47,✗ No,budget_exceeded
5,348,330,03-25,+50.0%,+56.47%,0.7824,48,✗ No,budget_exceeded
5,348,332,03-25,+50.0%,+56.29%,0.7814,48,✗ No,budget_exceeded
5,348,333,03-25,+50.0%,+40.60%,0.7030,50,✗ No,budget_exceeded
5,348,335,03-25,+50.0%,+40.52%,0.7026,50,✗ No,budget_exceeded
5,348,336,03-25,+50.0%,+40.31%,0.7016,50,✗ No,budget_exceeded
5,348,338,03-25,+50.0%,+40.23%,0.7012,50,✗ No,budget_exceeded
5,348,340,03-25,+50.0%,+39.89%,0.6994,51,✗ No,budget_exceeded
5,348,341,03-25,+50.0%,+37.75%,0.6887,52,✗ No,budget_exceeded
5,348,343,03-25,+50.0%,+30.59%,0.6530,54,✗ No,budget_exceeded
5,348,344,03-25,+50.0%,+30.44%,0.6522,54,✗ No,budget_exceeded
5,348,346,03-25,+50.0%,+30.35%,0.6518,54,✗ No,budget_exceeded
5,348,348,03-25,+49.9%,+27.55%,0.6377,58,✓ Yes,completed
5,349,327,03-25,+50.0%,+56.62%,0.7831,47,✗ No,budget_exceeded
5,349,328,03-25,+50.0%,+56.51%,0.7826,47,✗ No,budget_exceeded
5,349,330,03-25,+50.0%,+56.21%,0.7810,48,✗ No,budget_exceeded
5,349,332,03-25,+50.0%,+40.62%,0.7031,49,✗ No,budget_exceeded
5,349,333,03-25,+50.0%,+40.19%,0.7010,49,✗ No,budget_exceeded
5,349,335,03-25,+50.0%,+40.11%,0.7005,49,✗ No,budget_exceeded
5,349,336,03-25,+50.0%,+39.90%,0.6995,49,✗ No,budget_exceeded
5,349,338,03-25,+50.0%,+37.85%,0.6892,50,✗ No,budget_exceeded
5,349,340,03-25,+50.0%,+30.53%,0.6527,52,✗ No,budget_exceeded
5,349,341,03-25,+50.0%,+30.32%,0.6516,52,✗ No,budget_exceeded
5,349,343,03-25,+50.0%,+27.59%,0.6379,52,✓ Yes,completed
5,349,344,03-25,+49.9%,+27.52%,0.6376,52,✓ Yes,completed
5,349,346,03-25,+49.8%,+27.49%,0.6374,52,✓ Yes,completed
5,349,348,03-25,+49.5%,+27.40%,0.6370,52,✓ Yes,completed
5,349,349,03-25,+49.2%,+27.26%,0.6363,58,✓ Yes,completed
5,351,327,03-25,+50.0%,+56.53%,0.7826,47,✗ No,budget_exceeded
5,351,328,03-25,+50.0%,+56.42%,0.7821,47,✗ No,budget_exceeded
5,351,330,03-25,+50.0%,+40.71%,0.7035,49,✗ No,budget_exceeded
5,351,331,03-25,+50.0%,+40.52%,0.7026,49,✗ No,budget_exceeded
5,351,333,03-25,+50.0%,+40.44%,0.7022,49,✗ No,budget_exceeded
5,351,334,03-25,+50.0%,+40.01%,0.7001,49,✗ No,budget_exceeded
5,351,336,03-25,+50.0%,+39.90%,0.6995,49,✗ No,budget_exceeded
5,351,337,03-25,+50.0%,+37.75%,0.6888,50,✗ No,budget_exceeded
5,351,339,03-25,+50.0%,+37.71%,0.6885,50,✗ No,budget_exceeded
5,351,340,03-25,+50.0%,+30.32%,0.6516,52,✗ No,budget_exceeded
5,351,342,03-25,+50.0%,+30.21%,0.6510,52,✗ No,budget_exceeded
5,351,343,03-25,+49.8%,+27.50%,0.6375,52,✓ Yes,completed
5,351,345,03-25,+49.8%,+27.48%,0.6374,52,✓ Yes,completed
5,351,346,03-25,+49.5%,+27.40%,0.6370,52,✓ Yes,completed
5,351,348,03-25,+49.4%,+27.36%,0.6368,52,✓ Yes,completed
5,351,349,03-25,+49.1%,+27.24%,0.6362,54,✓ Yes,completed
5,351,351,03-25,+49.0%,+27.22%,0.6361,57,✓ Yes,completed
5,352,327,03-25,+50.0%,+56.36%,0.7818,47,✗ No,budget_exceeded
5,352,328,03-25,+50.0%,+56.25%,0.7813,47,✗ No,budget_exceeded
5,352,330,03-25,+50.0%,+40.54%,0.7027,49,✗ No,budget_exceeded
5,352,331,03-25,+50.0%,+40.35%,0.7018,49,✗ No,budget_exceeded
5,352,333,03-25,+50.0%,+40.27%,0.7013,49,✗ No,budget_exceeded
5,352,334,03-25,+50.0%,+39.85%,0.6992,49,✗ No,budget_exceeded
5,352,336,03-25,+50.0%,+37.72%,0.6886,50,✗ No,budget_exceeded
5,352,337,03-25,+50.0%,+30.59%,0.6530,51,✗ No,budget_exceeded
5,352,339,03-25,+50.0%,+30.54%,0.6527,51,✗ No,budget_exceeded
5,352,340,03-25,+50.0%,+27.58%,0.6379,52,✓ Yes,completed
5,352,342,03-25,+49.9%,+27.53%,0.6376,52,✓ Yes,completed
5,352,343,03-25,+49.6%,+27.42%,0.6371,52,✓ Yes,completed
5,352,345,03-25,+49.5%,+27.40%,0.6370,52,✓ Yes,completed
5,352,346,03-25,+49.3%,+27.31%,0.6366,52,✓ Yes,completed
5,352,348,03-25,+49.2%,+27.28%,0.6364,52,✓ Yes,completed
5,352,349,03-25,+48.9%,+27.21%,0.6360,52,✓ Yes,completed
5,352,351,03-25,+48.8%,+27.15%,0.6358,53,✓ Yes,completed
5,352,352,03-25,+48.6%,+27.01%,0.6351,55,✓ Yes,completed
5,338,327,03-26,+50.0%,+59.57%,0.7979,50,✗ No,budget_exceeded
5,338,328,03-26,+50.0%,+59.42%,0.7971,50,✗ No,budget_exceeded
5,338,330,03-26,+50.0%,+59.17%,0.7959,51,✗ No,budget_exceeded
5,338,331,03-26,+50.0%,+58.39%,0.7920,52,✗ No,budget_exceeded
5,338,333,03-26,+50.0%,+58.03%,0.7902,54,✗ No,budget_exceeded
5,338,335,03-26,+50.0%,+57.87%,0.7893,54,✗ No,budget_exceeded
5,338,336,03-26,+50.0%,+45.57%,0.7278,59,✗ No,budget_exceeded
5,338,338,03-26,+50.0%,+45.36%,0.7268,66,✗ No,budget_exceeded
5,339,327,03-26,+50.0%,+58.66%,0.7933,51,✗ No,budget_exceeded
5,339,328,03-26,+50.0%,+58.51%,0.7925,51,✗ No,budget_exceeded
5,339,330,03-26,+50.0%,+58.25%,0.7912,52,✗ No,budget_exceeded
5,339,331,03-26,+50.0%,+57.94%,0.7897,52,✗ No,budget_exceeded
5,339,333,03-26,+50.0%,+45.68%,0.7284,55,✗ No,budget_exceeded
5,339,335,03-26,+50.0%,+45.50%,0.7275,55,✗ No,budget_exceeded
5,339,336,03-26,+50.0%,+42.03%,0.7102,58,✗ No,budget_exceeded
5,339,338,03-26,+50.0%,+41.90%,0.7095,58,✗ No,budget_exceeded
5,339,339,03-26,+50.0%,+41.41%,0.7070,65,✗ No,budget_exceeded
5,341,327,03-26,+50.0%,+58.06%,0.7903,49,✗ No,budget_exceeded
5,341,328,03-26,+50.0%,+57.91%,0.7895,49,✗ No,budget_exceeded
5,341,330,03-26,+50.0%,+53.95%,0.7698,51,✗ No,budget_exceeded
5,341,332,03-26,+50.0%,+45.49%,0.7275,52,✗ No,budget_exceeded
5,341,333,03-26,+50.0%,+41.87%,0.7094,54,✗ No,budget_exceeded
5,341,335,03-26,+50.0%,+41.75%,0.7087,54,✗ No,budget_exceeded
5,341,336,03-26,+50.0%,+41.45%,0.7072,55,✗ No,budget_exceeded
5,341,338,03-26,+50.0%,+41.36%,0.7068,55,✗ No,budget_exceeded
5,341,339,03-26,+50.0%,+39.05%,0.6953,57,✗ No,budget_exceeded
5,341,341,03-26,+50.0%,+31.76%,0.6588,62,✗ No,budget_exceeded
5,343,327,03-26,+50.0%,+57.78%,0.7889,48,✗ No,budget_exceeded
5,343,328,03-26,+50.0%,+53.95%,0.7698,49,✗ No,budget_exceeded
5,343,330,03-26,+50.0%,+45.44%,0.7272,51,✗ No,budget_exceeded
5,343,332,03-26,+50.0%,+42.09%,0.7105,53,✗ No,budget_exceeded
5,343,333,03-26,+50.0%,+41.59%,0.7080,53,✗ No,budget_exceeded
5,343,335,03-26,+50.0%,+41.49%,0.7074,53,✗ No,budget_exceeded
5,343,336,03-26,+50.0%,+41.21%,0.7060,54,✗ No,budget_exceeded
5,343,338,03-26,+50.0%,+39.16%,0.6958,55,✗ No,budget_exceeded
5,343,340,03-26,+50.0%,+31.83%,0.6592,57,✗ No,budget_exceeded
5,343,341,03-26,+50.0%,+31.49%,0.6574,59,✗ No,budget_exceeded
5,343,343,03-26,+49.9%,+27.55%,0.6378,63,✓ Yes,completed
5,344,327,03-26,+50.0%,+45.41%,0.7270,48,✗ No,budget_exceeded
5,344,328,03-26,+50.0%,+42.10%,0.7105,49,✗ No,budget_exceeded
5,344,330,03-26,+50.0%,+41.81%,0.7090,50,✗ No,budget_exceeded
5,344,332,03-26,+50.0%,+41.59%,0.7080,50,✗ No,budget_exceeded
5,344,333,03-26,+50.0%,+39.23%,0.6962,51,✗ No,budget_exceeded
5,344,335,03-26,+50.0%,+39.15%,0.6957,51,✗ No,budget_exceeded
5,344,336,03-26,+50.0%,+38.90%,0.6945,52,✗ No,budget_exceeded
5,344,338,03-26,+50.0%,+31.81%,0.6591,53,✗ No,budget_exceeded
5,344,340,03-26,+50.0%,+31.47%,0.6574,54,✗ No,budget_exceeded
5,344,341,03-26,+49.9%,+27.57%,0.6378,54,✓ Yes,completed
5,344,343,03-26,+49.7%,+27.53%,0.6377,55,✓ Yes,completed
5,344,344,03-26,+49.4%,+27.49%,0.6375,62,✓ Yes,completed
5,346,327,03-26,+50.0%,+42.09%,0.7104,49,✗ No,budget_exceeded
5,346,328,03-26,+50.0%,+41.96%,0.7098,49,✗ No,budget_exceeded
5,346,330,03-26,+50.0%,+41.65%,0.7082,50,✗ No,budget_exceeded
5,346,332,03-26,+50.0%,+41.44%,0.7072,50,✗ No,budget_exceeded
5,346,333,03-26,+50.0%,+39.08%,0.6954,51,✗ No,budget_exceeded
5,346,335,03-26,+50.0%,+38.99%,0.6950,51,✗ No,budget_exceeded
5,346,336,03-26,+50.0%,+31.76%,0.6588,53,✗ No,budget_exceeded
5,346,338,03-26,+50.0%,+31.66%,0.6583,53,✗ No,budget_exceeded
5,346,340,03-26,+50.0%,+27.60%,0.6380,54,✓ Yes,completed
5,346,341,03-26,+49.7%,+27.54%,0.6377,54,✓ Yes,completed
5,346,343,03-26,+49.5%,+27.52%,0.6376,55,✓ Yes,completed
5,346,344,03-26,+49.3%,+27.49%,0.6375,56,✓ Yes,completed
5,346,346,03-26,+49.2%,+27.47%,0.6373,59,✓ Yes,completed
5,348,327,03-26,+50.0%,+41.39%,0.7070,48,✗ No,budget_exceeded
5,348,328,03-26,+50.0%,+41.28%,0.7064,48,✗ No,budget_exceeded
5,348,330,03-26,+50.0%,+39.02%,0.6951,50,✗ No,budget_exceeded
5,348,332,03-26,+50.0%,+31.86%,0.6593,51,✗ No,budget_exceeded
5,348,333,03-26,+50.0%,+31.42%,0.6571,51,✗ No,budget_exceeded
5,348,335,03-26,+50.0%,+27.60%,0.6380,51,✓ Yes,completed
5,348,336,03-26,+49.8%,+27.54%,0.6377,51,✓ Yes,completed
5,348,338,03-26,+49.7%,+27.53%,0.6377,51,✓ Yes,completed
5,348,340,03-26,+49.3%,+27.50%,0.6375,52,✓ Yes,completed
5,348,341,03-26,+49.1%,+27.48%,0.6374,52,✓ Yes,completed
5,348,343,03-26,+49.0%,+27.46%,0.6373,53,✓ Yes,completed
5,348,344,03-26,+48.8%,+27.42%,0.6371,53,✓ Yes,completed
5,348,346,03-26,+48.7%,+27.37%,0.6368,53,✓ Yes,completed
5,348,348,03-26,+48.5%,+27.20%,0.6360,57,✓ Yes,completed
5,349,327,03-26,+50.0%,+39.03%,0.6951,48,✗ No,budget_exceeded
5,349,328,03-26,+50.0%,+38.92%,0.6946,48,✗ No,budget_exceeded
5,349,330,03-26,+50.0%,+31.65%,0.6583,50,✗ No,budget_exceeded
5,349,332,03-26,+50.0%,+31.43%,0.6572,50,✗ No,budget_exceeded
5,349,333,03-26,+49.7%,+27.52%,0.6376,50,✓ Yes,completed
5,349,335,03-26,+49.6%,+27.52%,0.6376,50,✓ Yes,completed
5,349,336,03-26,+49.4%,+27.50%,0.6375,50,✓ Yes,completed
5,349,338,03-26,+49.3%,+27.49%,0.6374,50,✓ Yes,completed
5,349,340,03-26,+48.9%,+27.45%,0.6372,51,✓ Yes,completed
5,349,341,03-26,+48.7%,+27.36%,0.6368,51,✓ Yes,completed
5,349,343,03-26,+48.5%,+27.24%,0.6362,51,✓ Yes,completed
5,349,344,03-26,+48.4%,+27.16%,0.6358,51,✓ Yes,completed
5,349,346,03-26,+48.3%,+27.11%,0.6356,51,✓ Yes,completed
5,349,348,03-26,+48.0%,+26.97%,0.6349,51,✓ Yes,completed
5,349,349,03-26,+47.7%,+26.84%,0.6342,57,✓ Yes,completed
5,351,327,03-26,+50.0%,+38.93%,0.6947,48,✗ No,budget_exceeded
5,351,328,03-26,+50.0%,+38.82%,0.6941,48,✗ No,budget_exceeded
5,351,330,03-26,+50.0%,+31.56%,0.6578,50,✗ No,budget_exceeded
5,351,331,03-26,+50.0%,+31.34%,0.6567,50,✗ No,budget_exceeded
5,351,333,03-26,+49.9%,+27.57%,0.6378,50,✓ Yes,completed
5,351,334,03-26,+49.5%,+27.51%,0.6375,50,✓ Yes,completed
5,351,336,03-26,+49.4%,+27.50%,0.6375,50,✓ Yes,completed
5,351,337,03-26,+49.2%,+27.48%,0.6374,50,✓ Yes,completed
5,351,339,03-26,+49.1%,+27.48%,0.6374,50,✓ Yes,completed
5,351,340,03-26,+48.7%,+27.36%,0.6368,51,✓ Yes,completed
5,351,342,03-26,+48.6%,+27.30%,0.6365,51,✓ Yes,completed
5,351,343,03-26,+48.3%,+27.13%,0.6356,51,✓ Yes,completed
5,351,345,03-26,+48.3%,+27.10%,0.6355,51,✓ Yes,completed
5,351,346,03-26,+48.1%,+26.98%,0.6349,51,✓ Yes,completed
5,351,348,03-26,+47.9%,+26.93%,0.6347,51,✓ Yes,completed
5,351,349,03-26,+47.6%,+26.80%,0.6340,53,✓ Yes,completed
5,351,351,03-26,+47.5%,+26.75%,0.6337,56,✓ Yes,completed
5,352,327,03-26,+50.0%,+31.83%,0.6592,49,✗ No,budget_exceeded
5,352,328,03-26,+50.0%,+31.66%,0.6583,49,✗ No,budget_exceeded
5,352,330,03-26,+50.0%,+31.33%,0.6566,50,✗ No,budget_exceeded
5,352,331,03-26,+49.8%,+27.52%,0.6376,50,✓ Yes,completed
5,352,333,03-26,+49.7%,+27.51%,0.6376,50,✓ Yes,completed
5,352,334,03-26,+49.3%,+27.48%,0.6374,50,✓ Yes,completed
5,352,336,03-26,+49.2%,+27.47%,0.6373,50,✓ Yes,completed
5,352,337,03-26,+49.0%,+27.45%,0.6372,50,✓ Yes,completed
5,352,339,03-26,+48.9%,+27.44%,0.6372,50,✓ Yes,completed
5,352,340,03-26,+48.5%,+27.23%,0.6362,51,✓ Yes,completed
5,352,342,03-26,+48.4%,+27.17%,0.6358,51,✓ Yes,completed
5,352,343,03-26,+48.1%,+27.00%,0.6350,51,✓ Yes,completed
5,352,345,03-26,+48.1%,+26.98%,0.6349,51,✓ Yes,completed
5,352,346,03-26,+47.8%,+26.89%,0.6344,51,✓ Yes,completed
5,352,348,03-26,+47.7%,+26.85%,0.6342,51,✓ Yes,completed
5,352,349,03-26,+47.4%,+26.72%,0.6336,51,✓ Yes,completed
5,352,351,03-26,+47.3%,+26.68%,0.6334,52,✓ Yes,completed
5,352,352,03-26,+47.1%,+26.63%,0.6332,54,✓ Yes,completed
5,338,327,03-27,+50.0%,+46.95%,0.7347,53,✗ No,budget_exceeded
5,338,328,03-27,+50.0%,+46.08%,0.7304,54,✗ No,budget_exceeded
5,338,330,03-27,+50.0%,+43.46%,0.7173,56,✗ No,budget_exceeded
5,338,331,03-27,+50.0%,+43.14%,0.7157,56,✗ No,budget_exceeded
5,338,333,03-27,+50.0%,+40.76%,0.7038,59,✗ No,budget_exceeded
5,338,335,03-27,+50.0%,+40.57%,0.7029,59,✗ No,budget_exceeded
5,338,336,03-27,+50.0%,+33.12%,0.6656,63,✗ No,budget_exceeded
5,338,338,03-27,+50.0%,+32.89%,0.6645,70,✗ No,budget_exceeded
5,339,327,03-27,+50.0%,+43.44%,0.7172,55,✗ No,budget_exceeded
5,339,328,03-27,+50.0%,+43.26%,0.7163,55,✗ No,budget_exceeded
5,339,330,03-27,+50.0%,+42.97%,0.7148,56,✗ No,budget_exceeded
5,339,331,03-27,+50.0%,+40.73%,0.7036,57,✗ No,budget_exceeded
5,339,333,03-27,+50.0%,+33.26%,0.6663,59,✗ No,budget_exceeded
5,339,335,03-27,+50.0%,+33.07%,0.6654,59,✗ No,budget_exceeded
5,339,336,03-27,+50.0%,+28.37%,0.6418,61,✗ No,budget_exceeded
5,339,338,03-27,+50.0%,+28.21%,0.6411,61,✗ No,budget_exceeded
5,339,339,03-27,+49.6%,+27.56%,0.6378,68,✓ Yes,completed
5,341,327,03-27,+50.0%,+42.74%,0.7137,53,✗ No,budget_exceeded
5,341,328,03-27,+50.0%,+40.65%,0.7033,54,✗ No,budget_exceeded
5,341,330,03-27,+50.0%,+33.36%,0.6668,56,✗ No,budget_exceeded
5,341,332,03-27,+50.0%,+33.08%,0.6654,56,✗ No,budget_exceeded
5,341,333,03-27,+50.0%,+28.25%,0.6412,57,✗ No,budget_exceeded
5,341,335,03-27,+50.0%,+27.87%,0.6394,58,✗ No,budget_exceeded
5,341,336,03-27,+49.7%,+27.58%,0.6379,58,✓ Yes,completed
5,341,338,03-27,+49.6%,+27.59%,0.6380,58,✓ Yes,completed
5,341,339,03-27,+48.8%,+27.62%,0.6381,58,✓ Yes,completed
5,341,341,03-27,+48.6%,+27.48%,0.6374,62,✓ Yes,completed
5,343,327,03-27,+50.0%,+40.49%,0.7025,53,✗ No,budget_exceeded
5,343,328,03-27,+50.0%,+33.35%,0.6667,54,✗ No,budget_exceeded
5,343,330,03-27,+50.0%,+33.03%,0.6651,55,✗ No,budget_exceeded
5,343,332,03-27,+50.0%,+28.49%,0.6424,56,✗ No,budget_exceeded
5,343,333,03-27,+50.0%,+27.73%,0.6386,57,✗ No,budget_exceeded
5,343,335,03-27,+49.9%,+27.56%,0.6378,57,✓ Yes,completed
5,343,336,03-27,+49.0%,+27.64%,0.6382,56,✓ Yes,completed
5,343,338,03-27,+48.9%,+27.64%,0.6382,56,✓ Yes,completed
5,343,340,03-27,+48.6%,+27.52%,0.6376,57,✓ Yes,completed
5,343,341,03-27,+48.3%,+27.35%,0.6368,59,✓ Yes,completed
5,343,343,03-27,+48.1%,+27.24%,0.6362,63,✓ Yes,completed
5,344,327,03-27,+50.0%,+33.02%,0.6651,51,✗ No,budget_exceeded
5,344,328,03-27,+50.0%,+32.83%,0.6641,51,✗ No,budget_exceeded
5,344,330,03-27,+50.0%,+28.23%,0.6412,53,✗ No,budget_exceeded
5,344,332,03-27,+50.0%,+27.77%,0.6388,54,✗ No,budget_exceeded
5,344,333,03-27,+49.0%,+27.65%,0.6382,52,✓ Yes,completed
5,344,335,03-27,+48.9%,+27.65%,0.6382,52,✓ Yes,completed
5,344,336,03-27,+48.7%,+27.57%,0.6378,53,✓ Yes,completed
5,344,338,03-27,+48.6%,+27.52%,0.6376,53,✓ Yes,completed
5,344,340,03-27,+48.3%,+27.35%,0.6368,54,✓ Yes,completed
5,344,341,03-27,+48.0%,+27.25%,0.6363,54,✓ Yes,completed
5,344,343,03-27,+47.8%,+27.22%,0.6361,55,✓ Yes,completed
5,344,344,03-27,+47.6%,+27.18%,0.6359,62,✓ Yes,completed
5,346,327,03-27,+50.0%,+32.87%,0.6644,51,✗ No,budget_exceeded
5,346,328,03-27,+50.0%,+28.41%,0.6421,52,✗ No,budget_exceeded
5,346,330,03-27,+50.0%,+28.07%,0.6404,53,✗ No,budget_exceeded
5,346,332,03-27,+49.9%,+27.56%,0.6378,54,✓ Yes,completed
5,346,333,03-27,+48.9%,+27.64%,0.6382,52,✓ Yes,completed
5,346,335,03-27,+48.8%,+27.62%,0.6381,52,✓ Yes,completed
5,346,336,03-27,+48.5%,+27.49%,0.6374,53,✓ Yes,completed
5,346,338,03-27,+48.4%,+27.44%,0.6372,53,✓ Yes,completed
5,346,340,03-27,+48.1%,+27.29%,0.6364,54,✓ Yes,completed
5,346,341,03-27,+47.9%,+27.23%,0.6361,54,✓ Yes,completed
5,346,343,03-27,+47.7%,+27.21%,0.6361,55,✓ Yes,completed
5,346,344,03-27,+47.5%,+27.18%,0.6359,56,✓ Yes,completed
5,346,346,03-27,+47.3%,+27.16%,0.6358,59,✓ Yes,completed
5,348,327,03-27,+50.0%,+27.84%,0.6392,51,✗ No,budget_exceeded
5,348,328,03-27,+50.0%,+27.54%,0.6377,51,✓ Yes,completed
5,348,330,03-27,+48.9%,+27.62%,0.6381,51,✓ Yes,completed
5,348,332,03-27,+48.7%,+27.55%,0.6378,51,✓ Yes,completed
5,348,333,03-27,+48.2%,+27.33%,0.6367,51,✓ Yes,completed
5,348,335,03-27,+48.1%,+27.29%,0.6364,51,✓ Yes,completed
5,348,336,03-27,+47.9%,+27.23%,0.6362,51,✓ Yes,completed
5,348,338,03-27,+47.8%,+27.22%,0.6361,51,✓ Yes,completed
5,348,340,03-27,+47.5%,+27.19%,0.6360,52,✓ Yes,completed
5,348,341,03-27,+47.3%,+27.17%,0.6358,52,✓ Yes,completed
5,348,343,03-27,+47.1%,+27.15%,0.6358,53,✓ Yes,completed
5,348,344,03-27,+47.0%,+27.11%,0.6355,53,✓ Yes,completed
5,348,346,03-27,+46.9%,+27.05%,0.6353,53,✓ Yes,completed
5,348,348,03-27,+46.6%,+26.89%,0.6344,57,✓ Yes,completed
5,349,327,03-27,+49.0%,+27.61%,0.6381,49,✓ Yes,completed
5,349,328,03-27,+48.8%,+27.59%,0.6380,49,✓ Yes,completed
5,349,330,03-27,+48.5%,+27.44%,0.6372,50,✓ Yes,completed
5,349,332,03-27,+48.3%,+27.34%,0.6367,50,✓ Yes,completed
5,349,333,03-27,+47.8%,+27.21%,0.6361,50,✓ Yes,completed
5,349,335,03-27,+47.7%,+27.21%,0.6360,50,✓ Yes,completed
5,349,336,03-27,+47.5%,+27.19%,0.6359,50,✓ Yes,completed
5,349,338,03-27,+47.4%,+27.18%,0.6359,50,✓ Yes,completed
5,349,340,03-27,+47.1%,+27.14%,0.6357,51,✓ Yes,completed
5,349,341,03-27,+46.9%,+27.05%,0.6352,51,✓ Yes,completed
5,349,343,03-27,+46.7%,+26.93%,0.6346,51,✓ Yes,completed
5,349,344,03-27,+46.5%,+26.85%,0.6343,51,✓ Yes,completed
5,349,346,03-27,+46.4%,+26.80%,0.6340,51,✓ Yes,completed
5,349,348,03-27,+46.2%,+26.66%,0.6333,51,✓ Yes,completed
5,349,349,03-27,+45.9%,+26.52%,0.6326,57,✓ Yes,completed
5,351,327,03-27,+48.9%,+27.60%,0.6380,49,✓ Yes,completed
5,351,328,03-27,+48.7%,+27.56%,0.6378,49,✓ Yes,completed
5,351,330,03-27,+48.4%,+27.39%,0.6370,50,✓ Yes,completed
5,351,331,03-27,+48.2%,+27.29%,0.6365,50,✓ Yes,completed
5,351,333,03-27,+48.1%,+27.25%,0.6363,50,✓ Yes,completed
5,351,334,03-27,+47.6%,+27.20%,0.6360,50,✓ Yes,completed
5,351,336,03-27,+47.5%,+27.19%,0.6359,50,✓ Yes,completed
5,351,337,03-27,+47.3%,+27.17%,0.6358,50,✓ Yes,completed
5,351,339,03-27,+47.3%,+27.16%,0.6358,50,✓ Yes,completed
5,351,340,03-27,+46.9%,+27.05%,0.6352,51,✓ Yes,completed
5,351,342,03-27,+46.8%,+26.98%,0.6349,51,✓ Yes,completed
5,351,343,03-27,+46.5%,+26.81%,0.6341,51,✓ Yes,completed
5,351,345,03-27,+46.4%,+26.79%,0.6339,51,✓ Yes,completed
5,351,346,03-27,+46.2%,+26.66%,0.6333,51,✓ Yes,completed
5,351,348,03-27,+46.1%,+26.62%,0.6331,51,✓ Yes,completed
5,351,349,03-27,+45.8%,+26.48%,0.6324,53,✓ Yes,completed
5,351,351,03-27,+45.7%,+26.43%,0.6322,56,✓ Yes,completed
5,352,327,03-27,+48.7%,+27.52%,0.6376,49,✓ Yes,completed
5,352,328,03-27,+48.5%,+27.44%,0.6372,49,✓ Yes,completed
5,352,330,03-27,+48.2%,+27.28%,0.6364,50,✓ Yes,completed
5,352,331,03-27,+48.0%,+27.21%,0.6361,50,✓ Yes,completed
5,352,333,03-27,+47.9%,+27.20%,0.6360,50,✓ Yes,completed
5,352,334,03-27,+47.4%,+27.17%,0.6358,50,✓ Yes,completed
5,352,336,03-27,+47.3%,+27.16%,0.6358,50,✓ Yes,completed
5,352,337,03-27,+47.1%,+27.14%,0.6357,50,✓ Yes,completed
5,352,339,03-27,+47.1%,+27.13%,0.6356,50,✓ Yes,completed
5,352,340,03-27,+46.7%,+26.92%,0.6346,51,✓ Yes,completed
5,352,342,03-27,+46.6%,+26.85%,0.6343,51,✓ Yes,completed
5,352,343,03-27,+46.3%,+26.69%,0.6334,51,✓ Yes,completed
5,352,345,03-27,+46.2%,+26.66%,0.6333,51,✓ Yes,completed
5,352,346,03-27,+46.0%,+26.57%,0.6329,51,✓ Yes,completed
5,352,348,03-27,+45.9%,+26.53%,0.6327,51,✓ Yes,completed
5,352,349,03-27,+45.6%,+26.41%,0.6320,51,✓ Yes,completed
5,352,351,03-27,+45.5%,+26.37%,0.6318,52,✓ Yes,completed
5,352,352,03-27,+45.2%,+26.31%,0.6316,54,✓ Yes,completed
5,338,327,03-28,+50.0%,+41.91%,0.7096,55,✗ No,budget_exceeded
5,338,328,03-28,+50.0%,+34.71%,0.6735,56,✗ No,budget_exceeded
5,338,330,03-28,+50.0%,+34.41%,0.6721,57,✗ No,budget_exceeded
5,338,331,03-28,+50.0%,+29.78%,0.6489,58,✗ No,budget_exceeded
5,338,333,03-28,+50.0%,+29.10%,0.6455,61,✗ No,budget_exceeded
5,338,335,03-28,+50.0%,+28.31%,0.6415,62,✗ No,budget_exceeded
5,338,336,03-28,+50.0%,+27.85%,0.6392,65,✗ No,budget_exceeded
5,338,338,03-28,+50.0%,+27.61%,0.6381,72,✗ No,budget_exceeded
5,339,327,03-28,+50.0%,+34.48%,0.6724,56,✗ No,budget_exceeded
5,339,328,03-28,+50.0%,+34.24%,0.6712,56,✗ No,budget_exceeded
5,339,330,03-28,+50.0%,+29.61%,0.6481,58,✗ No,budget_exceeded
5,339,331,03-28,+50.0%,+29.06%,0.6453,59,✗ No,budget_exceeded
5,339,333,03-28,+50.0%,+28.00%,0.6400,61,✗ No,budget_exceeded
5,339,335,03-28,+50.0%,+27.78%,0.6389,61,✗ No,budget_exceeded
5,339,336,03-28,+50.0%,+27.36%,0.6368,62,✗ No,budget_exceeded
5,339,338,03-28,+48.8%,+27.40%,0.6370,61,✓ Yes,completed
5,339,339,03-28,+48.4%,+27.16%,0.6358,68,✓ Yes,completed
5,341,327,03-28,+50.0%,+29.47%,0.6474,55,✗ No,budget_exceeded
5,341,328,03-28,+50.0%,+29.23%,0.6461,55,✗ No,budget_exceeded
5,341,330,03-28,+50.0%,+28.30%,0.6415,57,✗ No,budget_exceeded
5,341,332,03-28,+50.0%,+27.79%,0.6389,58,✗ No,budget_exceeded
5,341,333,03-28,+48.9%,+27.41%,0.6371,57,✓ Yes,completed
5,341,335,03-28,+48.7%,+27.37%,0.6368,57,✓ Yes,completed
5,341,336,03-28,+48.4%,+27.21%,0.6361,58,✓ Yes,completed
5,341,338,03-28,+48.3%,+27.16%,0.6358,58,✓ Yes,completed
5,341,339,03-28,+47.8%,+27.13%,0.6356,58,✓ Yes,completed
5,341,341,03-28,+47.1%,+27.17%,0.6359,61,✓ Yes,completed
5,343,327,03-28,+50.0%,+29.13%,0.6456,54,✗ No,budget_exceeded
5,343,328,03-28,+50.0%,+28.29%,0.6414,55,✗ No,budget_exceeded
5,343,330,03-28,+50.0%,+27.96%,0.6398,56,✗ No,budget_exceeded
5,343,332,03-28,+50.0%,+27.45%,0.6373,57,✗ No,budget_exceeded
5,343,333,03-28,+48.6%,+27.30%,0.6365,56,✓ Yes,completed
5,343,335,03-28,+48.5%,+27.24%,0.6362,56,✓ Yes,completed
5,343,336,03-28,+48.2%,+27.12%,0.6356,57,✓ Yes,completed
5,343,338,03-28,+48.1%,+27.11%,0.6355,57,✓ Yes,completed
5,343,340,03-28,+47.2%,+27.19%,0.6359,56,✓ Yes,completed
5,343,341,03-28,+46.9%,+27.11%,0.6356,58,✓ Yes,completed
5,343,343,03-28,+46.6%,+26.98%,0.6349,62,✓ Yes,completed
5,344,327,03-28,+50.0%,+27.95%,0.6397,52,✗ No,budget_exceeded
5,344,328,03-28,+50.0%,+27.75%,0.6388,52,✗ No,budget_exceeded
5,344,330,03-28,+50.0%,+27.42%,0.6371,53,✗ No,budget_exceeded
5,344,332,03-28,+48.6%,+27.31%,0.6366,53,✓ Yes,completed
5,344,333,03-28,+48.2%,+27.12%,0.6356,53,✓ Yes,completed
5,344,335,03-28,+48.1%,+27.11%,0.6356,53,✓ Yes,completed
5,344,336,03-28,+47.6%,+27.15%,0.6357,53,✓ Yes,completed
5,344,338,03-28,+47.2%,+27.20%,0.6360,52,✓ Yes,completed
5,344,340,03-28,+46.8%,+27.11%,0.6356,53,✓ Yes,completed
5,344,341,03-28,+46.6%,+26.99%,0.6349,53,✓ Yes,completed
5,344,343,03-28,+46.4%,+26.88%,0.6344,54,✓ Yes,completed
5,344,344,03-28,+46.2%,+26.77%,0.6338,61,✓ Yes,completed
5,346,327,03-28,+50.0%,+27.80%,0.6390,52,✗ No,budget_exceeded
5,346,328,03-28,+50.0%,+27.60%,0.6380,52,✗ No,budget_exceeded
5,346,330,03-28,+48.9%,+27.40%,0.6370,52,✓ Yes,completed
5,346,332,03-28,+48.5%,+27.23%,0.6362,53,✓ Yes,completed
5,346,333,03-28,+48.0%,+27.11%,0.6356,53,✓ Yes,completed
5,346,335,03-28,+47.8%,+27.14%,0.6357,52,✓ Yes,completed
5,346,336,03-28,+47.1%,+27.19%,0.6360,52,✓ Yes,completed
5,346,338,03-28,+47.0%,+27.18%,0.6359,52,✓ Yes,completed
5,346,340,03-28,+46.7%,+27.03%,0.6352,53,✓ Yes,completed
5,346,341,03-28,+46.5%,+26.91%,0.6345,53,✓ Yes,completed
5,346,343,03-28,+46.3%,+26.82%,0.6341,54,✓ Yes,completed
5,346,344,03-28,+46.0%,+26.76%,0.6338,55,✓ Yes,completed
5,346,346,03-28,+45.9%,+26.74%,0.6337,58,✓ Yes,completed
5,348,327,03-28,+48.7%,+27.33%,0.6367,50,✓ Yes,completed
5,348,328,03-28,+48.5%,+27.26%,0.6363,50,✓ Yes,completed
5,348,330,03-28,+48.2%,+27.11%,0.6355,51,✓ Yes,completed
5,348,332,03-28,+47.6%,+27.13%,0.6357,51,✓ Yes,completed
5,348,333,03-28,+46.8%,+27.09%,0.6355,50,✓ Yes,completed
5,348,335,03-28,+46.7%,+27.04%,0.6352,50,✓ Yes,completed
5,348,336,03-28,+46.5%,+26.93%,0.6346,50,✓ Yes,completed
5,348,338,03-28,+46.4%,+26.88%,0.6344,50,✓ Yes,completed
5,348,340,03-28,+46.1%,+26.77%,0.6339,51,✓ Yes,completed
5,348,341,03-28,+45.9%,+26.76%,0.6338,51,✓ Yes,completed
5,348,343,03-28,+45.7%,+26.74%,0.6337,52,✓ Yes,completed
5,348,344,03-28,+45.6%,+26.72%,0.6336,52,✓ Yes,completed
5,348,346,03-28,+45.5%,+26.71%,0.6335,52,✓ Yes,completed
5,348,348,03-28,+45.2%,+26.65%,0.6333,56,✓ Yes,completed
5,349,327,03-28,+48.3%,+27.13%,0.6356,49,✓ Yes,completed
5,349,328,03-28,+48.1%,+27.08%,0.6354,49,✓ Yes,completed
5,349,330,03-28,+47.1%,+27.16%,0.6358,49,✓ Yes,completed
5,349,332,03-28,+46.8%,+27.09%,0.6354,49,✓ Yes,completed
5,349,333,03-28,+46.4%,+26.88%,0.6344,49,✓ Yes,completed
5,349,335,03-28,+46.3%,+26.83%,0.6342,49,✓ Yes,completed
5,349,336,03-28,+46.1%,+26.77%,0.6338,49,✓ Yes,completed
5,349,338,03-28,+46.0%,+26.76%,0.6338,49,✓ Yes,completed
5,349,340,03-28,+45.6%,+26.73%,0.6336,50,✓ Yes,completed
5,349,341,03-28,+45.4%,+26.70%,0.6335,50,✓ Yes,completed
5,349,343,03-28,+45.2%,+26.68%,0.6334,50,✓ Yes,completed
5,349,344,03-28,+45.1%,+26.63%,0.6332,50,✓ Yes,completed
5,349,346,03-28,+45.0%,+26.58%,0.6329,50,✓ Yes,completed
5,349,348,03-28,+44.8%,+26.44%,0.6322,50,✓ Yes,completed
5,349,349,03-28,+44.5%,+26.23%,0.6311,56,✓ Yes,completed
5,351,327,03-28,+48.2%,+27.09%,0.6354,49,✓ Yes,completed
5,351,328,03-28,+48.0%,+27.08%,0.6354,49,✓ Yes,completed
5,351,330,03-28,+47.0%,+27.14%,0.6357,49,✓ Yes,completed
5,351,331,03-28,+46.8%,+27.04%,0.6352,49,✓ Yes,completed
5,351,333,03-28,+46.7%,+27.00%,0.6350,49,✓ Yes,completed
5,351,334,03-28,+46.2%,+26.80%,0.6340,49,✓ Yes,completed
5,351,336,03-28,+46.1%,+26.77%,0.6338,49,✓ Yes,completed
5,351,337,03-28,+45.9%,+26.75%,0.6338,49,✓ Yes,completed
5,351,339,03-28,+45.9%,+26.75%,0.6338,49,✓ Yes,completed
5,351,340,03-28,+45.5%,+26.70%,0.6335,50,✓ Yes,completed
5,351,342,03-28,+45.3%,+26.69%,0.6335,50,✓ Yes,completed
5,351,343,03-28,+45.1%,+26.60%,0.6330,50,✓ Yes,completed
5,351,345,03-28,+45.0%,+26.57%,0.6329,50,✓ Yes,completed
5,351,346,03-28,+44.8%,+26.44%,0.6322,50,✓ Yes,completed
5,351,348,03-28,+44.7%,+26.37%,0.6319,50,✓ Yes,completed
5,351,349,03-28,+44.4%,+26.18%,0.6309,52,✓ Yes,completed
5,351,351,03-28,+44.3%,+26.13%,0.6306,55,✓ Yes,completed
5,352,327,03-28,+47.2%,+27.14%,0.6357,48,✓ Yes,completed
5,352,328,03-28,+47.1%,+27.15%,0.6358,48,✓ Yes,completed
5,352,330,03-28,+46.8%,+27.03%,0.6352,49,✓ Yes,completed
5,352,331,03-28,+46.5%,+26.92%,0.6346,49,✓ Yes,completed
5,352,333,03-28,+46.5%,+26.88%,0.6344,49,✓ Yes,completed
5,352,334,03-28,+46.0%,+26.75%,0.6337,49,✓ Yes,completed
5,352,336,03-28,+45.9%,+26.74%,0.6337,49,✓ Yes,completed
5,352,337,03-28,+45.7%,+26.72%,0.6336,49,✓ Yes,completed
5,352,339,03-28,+45.6%,+26.72%,0.6336,49,✓ Yes,completed
5,352,340,03-28,+45.2%,+26.67%,0.6333,50,✓ Yes,completed
5,352,342,03-28,+45.1%,+26.63%,0.6332,50,✓ Yes,completed
5,352,343,03-28,+44.8%,+26.47%,0.6323,50,✓ Yes,completed
5,352,345,03-28,+44.8%,+26.44%,0.6322,50,✓ Yes,completed
5,352,346,03-28,+44.6%,+26.31%,0.6315,50,✓ Yes,completed
5,352,348,03-28,+44.5%,+26.24%,0.6312,50,✓ Yes,completed
5,352,349,03-28,+44.2%,+26.10%,0.6305,50,✓ Yes,completed
5,352,351,03-28,+44.0%,+26.05%,0.6303,51,✓ Yes,completed
5,352,352,03-28,+43.8%,+25.96%,0.6298,53,✓ Yes,completed
5,338,327,03-29,+50.0%,+30.51%,0.6526,56,✗ No,budget_exceeded
5,338,328,03-29,+50.0%,+30.27%,0.6513,56,✗ No,budget_exceeded
5,338,330,03-29,+50.0%,+29.39%,0.6469,58,✗ No,budget_exceeded
5,338,331,03-29,+50.0%,+28.81%,0.6441,59,✗ No,budget_exceeded
5,338,333,03-29,+50.0%,+27.88%,0.6394,62,✗ No,budget_exceeded
5,338,335,03-29,+50.0%,+27.65%,0.6383,62,✗ No,budget_exceeded
5,338,336,03-29,+50.0%,+27.18%,0.6359,65,✗ No,budget_exceeded
5,338,338,03-29,+50.0%,+26.95%,0.6347,72,✗ No,budget_exceeded
5,339,327,03-29,+50.0%,+29.43%,0.6472,57,✗ No,budget_exceeded
5,339,328,03-29,+50.0%,+29.18%,0.6459,57,✗ No,budget_exceeded
5,339,330,03-29,+50.0%,+28.85%,0.6442,58,✗ No,budget_exceeded
5,339,331,03-29,+50.0%,+27.83%,0.6392,60,✗ No,budget_exceeded
5,339,333,03-29,+50.0%,+27.34%,0.6367,61,✗ No,budget_exceeded
5,339,335,03-29,+50.0%,+27.12%,0.6356,61,✗ No,budget_exceeded
5,339,336,03-29,+48.7%,+26.96%,0.6348,61,✓ Yes,completed
5,339,338,03-29,+48.6%,+26.90%,0.6345,61,✓ Yes,completed
5,339,339,03-29,+48.1%,+26.68%,0.6334,69,✓ Yes,completed
5,341,327,03-29,+50.0%,+28.69%,0.6434,55,✗ No,budget_exceeded
5,341,328,03-29,+50.0%,+27.99%,0.6400,56,✗ No,budget_exceeded
5,341,330,03-29,+50.0%,+27.64%,0.6382,57,✗ No,budget_exceeded
5,341,332,03-29,+50.0%,+27.12%,0.6356,58,✗ No,budget_exceeded
5,341,333,03-29,+48.6%,+26.91%,0.6345,57,✓ Yes,completed
5,341,335,03-29,+48.4%,+26.84%,0.6342,57,✓ Yes,completed
5,341,336,03-29,+48.1%,+26.71%,0.6335,58,✓ Yes,completed
5,341,338,03-29,+47.0%,+26.83%,0.6342,57,✓ Yes,completed
5,341,339,03-29,+46.6%,+26.67%,0.6333,58,✓ Yes,completed
5,341,341,03-29,+46.3%,+26.52%,0.6326,62,✓ Yes,completed
5,343,327,03-29,+50.0%,+27.91%,0.6395,55,✗ No,budget_exceeded
5,343,328,03-29,+50.0%,+27.63%,0.6382,55,✗ No,budget_exceeded
5,343,330,03-29,+50.0%,+27.29%,0.6365,56,✗ No,budget_exceeded
5,343,332,03-29,+48.8%,+27.00%,0.6350,56,✓ Yes,completed
5,343,333,03-29,+48.3%,+26.77%,0.6338,56,✓ Yes,completed
5,343,335,03-29,+48.2%,+26.72%,0.6336,56,✓ Yes,completed
5,343,336,03-29,+46.9%,+26.78%,0.6339,56,✓ Yes,completed
5,343,338,03-29,+46.7%,+26.73%,0.6336,56,✓ Yes,completed
5,343,340,03-29,+46.4%,+26.57%,0.6328,57,✓ Yes,completed
5,343,341,03-29,+45.9%,+26.54%,0.6327,58,✓ Yes,completed
5,343,343,03-29,+45.4%,+26.59%,0.6329,61,✓ Yes,completed
5,344,327,03-29,+50.0%,+27.31%,0.6365,52,✗ No,budget_exceeded
5,344,328,03-29,+50.0%,+27.09%,0.6354,52,✗ No,budget_exceeded
5,344,330,03-29,+48.8%,+26.99%,0.6349,52,✓ Yes,completed
5,344,332,03-29,+48.3%,+26.78%,0.6339,53,✓ Yes,completed
5,344,333,03-29,+46.9%,+26.79%,0.6340,52,✓ Yes,completed
5,344,335,03-29,+46.8%,+26.74%,0.6337,52,✓ Yes,completed
5,344,336,03-29,+46.5%,+26.61%,0.6330,53,✓ Yes,completed
5,344,338,03-29,+46.4%,+26.56%,0.6328,53,✓ Yes,completed
5,344,340,03-29,+45.9%,+26.56%,0.6328,53,✓ Yes,completed
5,344,341,03-29,+45.3%,+26.61%,0.6331,52,✓ Yes,completed
5,344,343,03-29,+45.1%,+26.58%,0.6329,53,✓ Yes,completed
5,344,344,03-29,+44.9%,+26.44%,0.6322,60,✓ Yes,completed
5,346,327,03-29,+50.0%,+27.16%,0.6358,52,✗ No,budget_exceeded
5,346,328,03-29,+50.0%,+26.94%,0.6347,52,✗ No,budget_exceeded
5,346,330,03-29,+48.6%,+26.92%,0.6346,52,✓ Yes,completed
5,346,332,03-29,+48.2%,+26.71%,0.6336,53,✓ Yes,completed
5,346,333,03-29,+46.7%,+26.72%,0.6336,52,✓ Yes,completed
5,346,335,03-29,+46.6%,+26.66%,0.6333,52,✓ Yes,completed
5,346,336,03-29,+46.3%,+26.54%,0.6327,53,✓ Yes,completed
5,346,338,03-29,+46.2%,+26.53%,0.6327,53,✓ Yes,completed
5,346,340,03-29,+45.8%,+26.57%,0.6328,53,✓ Yes,completed
5,346,341,03-29,+45.2%,+26.60%,0.6330,52,✓ Yes,completed
5,346,343,03-29,+45.0%,+26.51%,0.6325,53,✓ Yes,completed
5,346,344,03-29,+44.8%,+26.39%,0.6320,54,✓ Yes,completed
5,346,346,03-29,+44.6%,+26.30%,0.6315,57,✓ Yes,completed
5,348,327,03-29,+48.4%,+26.81%,0.6341,50,✓ Yes,completed
5,348,328,03-29,+48.2%,+26.73%,0.6336,50,✓ Yes,completed
5,348,330,03-29,+46.9%,+26.79%,0.6339,50,✓ Yes,completed
5,348,332,03-29,+46.5%,+26.58%,0.6329,51,✓ Yes,completed
5,348,333,03-29,+45.9%,+26.55%,0.6328,50,✓ Yes,completed
5,348,335,03-29,+45.8%,+26.56%,0.6328,50,✓ Yes,completed
5,348,336,03-29,+45.2%,+26.60%,0.6330,49,✓ Yes,completed
5,348,338,03-29,+45.1%,+26.57%,0.6329,49,✓ Yes,completed
5,348,340,03-29,+44.8%,+26.42%,0.6321,50,✓ Yes,completed
5,348,341,03-29,+44.6%,+26.30%,0.6315,50,✓ Yes,completed
5,348,343,03-29,+44.4%,+26.23%,0.6312,51,✓ Yes,completed
5,348,344,03-29,+44.3%,+26.19%,0.6309,51,✓ Yes,completed
5,348,346,03-29,+44.2%,+26.17%,0.6309,51,✓ Yes,completed
5,348,348,03-29,+43.9%,+26.14%,0.6307,55,✓ Yes,completed
5,349,327,03-29,+47.0%,+26.80%,0.6340,48,✓ Yes,completed
5,349,328,03-29,+46.8%,+26.74%,0.6337,48,✓ Yes,completed
5,349,330,03-29,+46.5%,+26.58%,0.6329,49,✓ Yes,completed
5,349,332,03-29,+45.9%,+26.54%,0.6327,49,✓ Yes,completed
5,349,333,03-29,+45.1%,+26.56%,0.6328,48,✓ Yes,completed
5,349,335,03-29,+45.0%,+26.52%,0.6326,48,✓ Yes,completed
5,349,336,03-29,+44.8%,+26.41%,0.6320,48,✓ Yes,completed
5,349,338,03-29,+44.7%,+26.36%,0.6318,48,✓ Yes,completed
5,349,340,03-29,+44.4%,+26.21%,0.6310,49,✓ Yes,completed
5,349,341,03-29,+44.2%,+26.17%,0.6309,49,✓ Yes,completed
5,349,343,03-29,+44.0%,+26.16%,0.6308,49,✓ Yes,completed
5,349,344,03-29,+43.8%,+26.14%,0.6307,49,✓ Yes,completed
5,349,346,03-29,+43.7%,+26.13%,0.6306,49,✓ Yes,completed
5,349,348,03-29,+43.5%,+26.10%,0.6305,49,✓ Yes,completed
5,349,349,03-29,+43.2%,+25.97%,0.6298,55,✓ Yes,completed
5,351,327,03-29,+46.9%,+26.77%,0.6338,48,✓ Yes,completed
5,351,328,03-29,+46.7%,+26.69%,0.6335,48,✓ Yes,completed
5,351,330,03-29,+46.4%,+26.54%,0.6327,49,✓ Yes,completed
5,351,331,03-29,+45.8%,+26.54%,0.6327,49,✓ Yes,completed
5,351,333,03-29,+45.4%,+26.59%,0.6329,48,✓ Yes,completed
5,351,334,03-29,+44.9%,+26.47%,0.6324,48,✓ Yes,completed
5,351,336,03-29,+44.8%,+26.41%,0.6320,48,✓ Yes,completed
5,351,337,03-29,+44.6%,+26.31%,0.6316,48,✓ Yes,completed
5,351,339,03-29,+44.6%,+26.29%,0.6315,48,✓ Yes,completed
5,351,340,03-29,+44.2%,+26.17%,0.6309,49,✓ Yes,completed
5,351,342,03-29,+44.1%,+26.16%,0.6308,49,✓ Yes,completed
5,351,343,03-29,+43.8%,+26.13%,0.6307,49,✓ Yes,completed
5,351,345,03-29,+43.7%,+26.12%,0.6306,49,✓ Yes,completed
5,351,346,03-29,+43.5%,+26.10%,0.6305,49,✓ Yes,completed
5,351,348,03-29,+43.4%,+26.08%,0.6304,49,✓ Yes,completed
5,351,349,03-29,+43.1%,+25.91%,0.6296,51,✓ Yes,completed
5,351,351,03-29,+43.0%,+25.84%,0.6292,54,✓ Yes,completed
5,352,327,03-29,+46.7%,+26.64%,0.6332,48,✓ Yes,completed
5,352,328,03-29,+46.5%,+26.57%,0.6328,48,✓ Yes,completed
5,352,330,03-29,+46.2%,+26.49%,0.6325,49,✓ Yes,completed
5,352,331,03-29,+45.2%,+26.58%,0.6329,48,✓ Yes,completed
5,352,333,03-29,+45.1%,+26.56%,0.6328,48,✓ Yes,completed
5,352,334,03-29,+44.7%,+26.36%,0.6318,48,✓ Yes,completed
5,352,336,03-29,+44.6%,+26.29%,0.6315,48,✓ Yes,completed
5,352,337,03-29,+44.4%,+26.21%,0.6311,48,✓ Yes,completed
5,352,339,03-29,+44.3%,+26.20%,0.6310,48,✓ Yes,completed
5,352,340,03-29,+44.0%,+26.15%,0.6307,49,✓ Yes,completed
5,352,342,03-29,+43.8%,+26.14%,0.6307,49,✓ Yes,completed
5,352,343,03-29,+43.6%,+26.10%,0.6305,49,✓ Yes,completed
5,352,345,03-29,+43.5%,+26.10%,0.6305,49,✓ Yes,completed
5,352,346,03-29,+43.3%,+26.04%,0.6302,49,✓ Yes,completed
5,352,348,03-29,+43.2%,+25.98%,0.6299,49,✓ Yes,completed
5,352,349,03-29,+42.9%,+25.79%,0.6289,49,✓ Yes,completed
5,352,351,03-29,+42.7%,+25.71%,0.6285,50,✓ Yes,completed
5,352,352,03-29,+42.5%,+25.59%,0.6279,52,✓ Yes,completed
5,338,327,03-30,+50.0%,+30.07%,0.6503,55,✗ No,budget_exceeded
5,338,328,03-30,+50.0%,+29.37%,0.6468,56,✗ No,budget_exceeded
5,338,330,03-30,+50.0%,+29.06%,0.6453,57,✗ No,budget_exceeded
5,338,331,03-30,+50.0%,+28.50%,0.6425,58,✗ No,budget_exceeded
5,338,333,03-30,+50.0%,+27.54%,0.6377,61,✗ No,budget_exceeded
5,338,335,03-30,+50.0%,+27.31%,0.6366,61,✗ No,budget_exceeded
5,338,336,03-30,+50.0%,+26.83%,0.6342,64,✗ No,budget_exceeded
5,338,338,03-30,+49.9%,+26.53%,0.6326,71,✓ Yes,completed
5,339,327,03-30,+50.0%,+29.13%,0.6456,56,✗ No,budget_exceeded
5,339,328,03-30,+50.0%,+28.85%,0.6442,56,✗ No,budget_exceeded
5,339,330,03-30,+50.0%,+28.52%,0.6426,57,✗ No,budget_exceeded
5,339,331,03-30,+50.0%,+27.49%,0.6374,59,✗ No,budget_exceeded
5,339,333,03-30,+50.0%,+27.00%,0.6350,60,✗ No,budget_exceeded
5,339,335,03-30,+50.0%,+26.78%,0.6339,60,✗ No,budget_exceeded
5,339,336,03-30,+48.7%,+26.62%,0.6331,60,✓ Yes,completed
5,339,338,03-30,+48.6%,+26.55%,0.6328,60,✓ Yes,completed
5,339,339,03-30,+48.1%,+26.35%,0.6317,68,✓ Yes,completed
5,341,327,03-30,+50.0%,+28.40%,0.6420,54,✗ No,budget_exceeded
5,341,328,03-30,+50.0%,+27.63%,0.6382,55,✗ No,budget_exceeded
5,341,330,03-30,+50.0%,+27.28%,0.6364,56,✗ No,budget_exceeded
5,341,332,03-30,+50.0%,+26.79%,0.6340,57,✗ No,budget_exceeded
5,341,333,03-30,+48.6%,+26.58%,0.6329,56,✓ Yes,completed
5,341,335,03-30,+48.5%,+26.51%,0.6326,56,✓ Yes,completed
5,341,336,03-30,+48.2%,+26.38%,0.6319,57,✓ Yes,completed
5,341,338,03-30,+47.0%,+26.52%,0.6326,56,✓ Yes,completed
5,341,339,03-30,+46.6%,+26.36%,0.6318,57,✓ Yes,completed
5,341,341,03-30,+46.3%,+26.21%,0.6310,61,✓ Yes,completed
5,343,327,03-30,+50.0%,+27.55%,0.6377,54,✗ No,budget_exceeded
5,343,328,03-30,+50.0%,+27.28%,0.6364,54,✗ No,budget_exceeded
5,343,330,03-30,+50.0%,+26.94%,0.6347,55,✗ No,budget_exceeded
5,343,332,03-30,+48.9%,+26.65%,0.6333,55,✓ Yes,completed
5,343,333,03-30,+48.4%,+26.44%,0.6322,55,✓ Yes,completed
5,343,335,03-30,+48.2%,+26.39%,0.6320,55,✓ Yes,completed
5,343,336,03-30,+46.8%,+26.46%,0.6323,55,✓ Yes,completed
5,343,338,03-30,+46.7%,+26.41%,0.6320,55,✓ Yes,completed
5,343,340,03-30,+46.4%,+26.25%,0.6313,56,✓ Yes,completed
5,343,341,03-30,+45.0%,+26.30%,0.6315,57,✓ Yes,completed
5,343,343,03-30,+44.8%,+26.17%,0.6309,61,✓ Yes,completed
5,344,327,03-30,+50.0%,+26.95%,0.6348,51,✗ No,budget_exceeded
5,344,328,03-30,+50.0%,+26.59%,0.6329,51,✓ Yes,completed
5,344,330,03-30,+48.8%,+26.65%,0.6332,51,✓ Yes,completed
5,344,332,03-30,+48.4%,+26.46%,0.6323,52,✓ Yes,completed
5,344,333,03-30,+46.8%,+26.47%,0.6324,51,✓ Yes,completed
5,344,335,03-30,+46.7%,+26.42%,0.6321,51,✓ Yes,completed
5,344,336,03-30,+46.5%,+26.29%,0.6314,52,✓ Yes,completed
5,344,338,03-30,+46.4%,+26.24%,0.6312,52,✓ Yes,completed
5,344,340,03-30,+45.0%,+26.31%,0.6315,52,✓ Yes,completed
5,344,341,03-30,+44.8%,+26.17%,0.6309,52,✓ Yes,completed
5,344,343,03-30,+44.6%,+26.07%,0.6304,53,✓ Yes,completed
5,344,344,03-30,+44.3%,+26.01%,0.6300,61,✓ Yes,completed
5,346,327,03-30,+50.0%,+26.81%,0.6340,51,✗ No,budget_exceeded
5,346,328,03-30,+49.8%,+26.55%,0.6327,51,✓ Yes,completed
5,346,330,03-30,+48.7%,+26.59%,0.6329,51,✓ Yes,completed
5,346,332,03-30,+48.2%,+26.39%,0.6319,52,✓ Yes,completed
5,346,333,03-30,+46.7%,+26.40%,0.6320,51,✓ Yes,completed
5,346,335,03-30,+46.6%,+26.34%,0.6317,51,✓ Yes,completed
5,346,336,03-30,+46.3%,+26.22%,0.6311,52,✓ Yes,completed
5,346,338,03-30,+45.2%,+26.35%,0.6318,51,✓ Yes,completed
5,346,340,03-30,+44.9%,+26.23%,0.6312,52,✓ Yes,completed
5,346,341,03-30,+44.6%,+26.10%,0.6305,52,✓ Yes,completed
5,346,343,03-30,+44.4%,+26.03%,0.6302,53,✓ Yes,completed
5,346,344,03-30,+44.1%,+26.05%,0.6303,53,✓ Yes,completed
5,346,346,03-30,+43.9%,+26.05%,0.6303,57,✓ Yes,completed
5,348,327,03-30,+48.5%,+26.48%,0.6324,49,✓ Yes,completed
5,348,328,03-30,+48.3%,+26.40%,0.6320,49,✓ Yes,completed
5,348,330,03-30,+46.8%,+26.46%,0.6323,49,✓ Yes,completed
5,348,332,03-30,+46.4%,+26.26%,0.6313,50,✓ Yes,completed
5,348,333,03-30,+45.0%,+26.28%,0.6314,49,✓ Yes,completed
5,348,335,03-30,+44.9%,+26.22%,0.6311,49,✓ Yes,completed
5,348,336,03-30,+44.7%,+26.11%,0.6305,49,✓ Yes,completed
5,348,338,03-30,+44.6%,+26.07%,0.6303,49,✓ Yes,completed
5,348,340,03-30,+44.1%,+26.06%,0.6303,49,✓ Yes,completed
5,348,341,03-30,+43.5%,+26.11%,0.6306,48,✓ Yes,completed
5,348,343,03-30,+43.4%,+26.11%,0.6305,49,✓ Yes,completed
5,348,344,03-30,+43.2%,+26.06%,0.6303,49,✓ Yes,completed
5,348,346,03-30,+43.1%,+26.01%,0.6301,49,✓ Yes,completed
5,348,348,03-30,+42.9%,+25.86%,0.6293,53,✓ Yes,completed
5,349,327,03-30,+47.0%,+26.48%,0.6324,47,✓ Yes,completed
5,349,328,03-30,+46.8%,+26.41%,0.6320,47,✓ Yes,completed
5,349,330,03-30,+46.4%,+26.25%,0.6313,48,✓ Yes,completed
5,349,332,03-30,+45.0%,+26.27%,0.6314,48,✓ Yes,completed
5,349,333,03-30,+44.6%,+26.07%,0.6303,48,✓ Yes,completed
5,349,335,03-30,+44.5%,+26.03%,0.6302,48,✓ Yes,completed
5,349,336,03-30,+44.1%,+26.05%,0.6303,47,✓ Yes,completed
5,349,338,03-30,+44.0%,+26.06%,0.6303,47,✓ Yes,completed
5,349,340,03-30,+43.3%,+26.09%,0.6305,47,✓ Yes,completed
5,349,341,03-30,+43.1%,+26.01%,0.6300,47,✓ Yes,completed
5,349,343,03-30,+42.9%,+25.90%,0.6295,47,✓ Yes,completed
5,349,344,03-30,+42.8%,+25.83%,0.6291,47,✓ Yes,completed
5,349,346,03-30,+42.7%,+25.78%,0.6289,47,✓ Yes,completed
5,349,348,03-30,+42.5%,+25.69%,0.6284,47,✓ Yes,completed
5,349,349,03-30,+42.2%,+25.63%,0.6282,53,✓ Yes,completed
5,351,327,03-30,+46.9%,+26.45%,0.6322,47,✓ Yes,completed
5,351,328,03-30,+46.7%,+26.36%,0.6318,47,✓ Yes,completed
5,351,330,03-30,+46.4%,+26.21%,0.6310,48,✓ Yes,completed
5,351,331,03-30,+44.9%,+26.23%,0.6311,48,✓ Yes,completed
5,351,333,03-30,+44.8%,+26.18%,0.6309,48,✓ Yes,completed
5,351,334,03-30,+44.4%,+26.02%,0.6301,48,✓ Yes,completed
5,351,336,03-30,+44.1%,+26.05%,0.6302,47,✓ Yes,completed
5,351,337,03-30,+43.5%,+26.10%,0.6305,46,✓ Yes,completed
5,351,339,03-30,+43.5%,+26.11%,0.6305,46,✓ Yes,completed
5,351,340,03-30,+43.1%,+26.01%,0.6300,47,✓ Yes,completed
5,351,342,03-30,+43.0%,+25.95%,0.6297,47,✓ Yes,completed
5,351,343,03-30,+42.7%,+25.80%,0.6290,47,✓ Yes,completed
5,351,345,03-30,+42.7%,+25.78%,0.6289,47,✓ Yes,completed
5,351,346,03-30,+42.5%,+25.69%,0.6284,47,✓ Yes,completed
5,351,348,03-30,+42.4%,+25.67%,0.6283,47,✓ Yes,completed
5,351,349,03-30,+42.0%,+25.63%,0.6282,49,✓ Yes,completed
5,351,351,03-30,+41.9%,+25.60%,0.6280,52,✓ Yes,completed
5,352,327,03-30,+46.6%,+26.33%,0.6316,47,✓ Yes,completed
5,352,328,03-30,+46.4%,+26.24%,0.6312,47,✓ Yes,completed
5,352,330,03-30,+45.1%,+26.30%,0.6315,47,✓ Yes,completed
5,352,331,03-30,+44.7%,+26.10%,0.6305,48,✓ Yes,completed
5,352,333,03-30,+44.6%,+26.06%,0.6303,48,✓ Yes,completed
5,352,334,03-30,+44.0%,+26.04%,0.6302,47,✓ Yes,completed
5,352,336,03-30,+43.5%,+26.10%,0.6305,46,✓ Yes,completed
5,352,337,03-30,+43.3%,+26.09%,0.6304,46,✓ Yes,completed
5,352,339,03-30,+43.3%,+26.08%,0.6304,46,✓ Yes,completed
5,352,340,03-30,+42.9%,+25.89%,0.6294,47,✓ Yes,completed
5,352,342,03-30,+42.8%,+25.83%,0.6292,47,✓ Yes,completed
5,352,343,03-30,+42.5%,+25.70%,0.6285,47,✓ Yes,completed
5,352,345,03-30,+42.5%,+25.69%,0.6284,47,✓ Yes,completed
5,352,346,03-30,+42.2%,+25.66%,0.6283,47,✓ Yes,completed
5,352,348,03-30,+42.1%,+25.65%,0.6282,47,✓ Yes,completed
5,352,349,03-30,+41.8%,+25.60%,0.6280,47,✓ Yes,completed
5,352,351,03-30,+41.7%,+25.59%,0.6279,48,✓ Yes,completed
5,352,352,03-30,+41.5%,+25.55%,0.6277,50,✓ Yes,completed
6,341,331,03-26,+50.0%,+45.49%,0.7275,52,✗ No,budget_exceeded
6,341,332,03-26,+50.0%,+45.39%,0.7270,52,✗ No,budget_exceeded
6,341,333,03-26,+50.0%,+45.39%,0.7270,52,✗ No,budget_exceeded
6,341,333,03-26,+50.0%,+41.87%,0.7094,54,✗ No,budget_exceeded
6,341,334,03-26,+50.0%,+41.75%,0.7087,54,✗ No,budget_exceeded
6,341,335,03-26,+50.0%,+41.75%,0.7087,54,✗ No,budget_exceeded
6,341,336,03-26,+50.0%,+41.60%,0.7080,54,✗ No,budget_exceeded
6,341,336,03-26,+50.0%,+41.45%,0.7072,55,✗ No,budget_exceeded
6,341,337,03-26,+50.0%,+41.45%,0.7072,55,✗ No,budget_exceeded
6,341,338,03-26,+50.0%,+41.36%,0.7068,55,✗ No,budget_exceeded
6,341,338,03-26,+50.0%,+41.25%,0.7062,55,✗ No,budget_exceeded
6,341,339,03-26,+50.0%,+41.25%,0.7062,55,✗ No,budget_exceeded
6,341,340,03-26,+50.0%,+39.05%,0.6953,57,✗ No,budget_exceeded
6,341,340,03-26,+50.0%,+31.87%,0.6594,59,✗ No,budget_exceeded
6,341,341,03-26,+50.0%,+31.76%,0.6588,62,✗ No,budget_exceeded
6,342,331,03-26,+50.0%,+42.09%,0.7105,53,✗ No,budget_exceeded
6,342,332,03-26,+50.0%,+41.97%,0.7099,53,✗ No,budget_exceeded
6,342,333,03-26,+50.0%,+41.97%,0.7099,53,✗ No,budget_exceeded
6,342,334,03-26,+50.0%,+41.59%,0.7080,53,✗ No,budget_exceeded
6,342,334,03-26,+50.0%,+41.49%,0.7074,53,✗ No,budget_exceeded
6,342,335,03-26,+50.0%,+41.49%,0.7074,53,✗ No,budget_exceeded
6,342,336,03-26,+50.0%,+41.36%,0.7068,53,✗ No,budget_exceeded
6,342,336,03-26,+50.0%,+41.21%,0.7060,54,✗ No,budget_exceeded
6,342,337,03-26,+50.0%,+39.16%,0.6958,55,✗ No,budget_exceeded
6,342,338,03-26,+50.0%,+39.16%,0.6958,55,✗ No,budget_exceeded
6,342,339,03-26,+50.0%,+39.09%,0.6954,55,✗ No,budget_exceeded
6,342,339,03-26,+50.0%,+31.83%,0.6592,57,✗ No,budget_exceeded
6,342,340,03-26,+50.0%,+31.83%,0.6592,57,✗ No,budget_exceeded
6,342,341,03-26,+50.0%,+31.67%,0.6583,57,✗ No,budget_exceeded
6,342,341,03-26,+50.0%,+31.49%,0.6574,59,✗ No,budget_exceeded
6,342,342,03-26,+49.9%,+27.55%,0.6378,63,✓ Yes,completed
6,343,331,03-26,+50.0%,+41.68%,0.7084,50,✗ No,budget_exceeded
6,343,332,03-26,+50.0%,+41.60%,0.7080,50,✗ No,budget_exceeded
6,343,333,03-26,+50.0%,+41.60%,0.7080,50,✗ No,budget_exceeded
6,343,333,03-26,+50.0%,+41.26%,0.7063,50,✗ No,budget_exceeded
6,343,334,03-26,+50.0%,+39.24%,0.6962,51,✗ No,budget_exceeded
6,343,335,03-26,+50.0%,+39.24%,0.6962,51,✗ No,budget_exceeded
6,343,336,03-26,+50.0%,+39.13%,0.6957,51,✗ No,budget_exceeded
6,343,336,03-26,+50.0%,+38.99%,0.6949,52,✗ No,budget_exceeded
6,343,337,03-26,+50.0%,+38.99%,0.6949,52,✗ No,budget_exceeded
6,343,338,03-26,+50.0%,+31.90%,0.6595,53,✗ No,budget_exceeded
6,343,338,03-26,+50.0%,+31.84%,0.6592,53,✗ No,budget_exceeded
6,343,339,03-26,+50.0%,+31.84%,0.6592,53,✗ No,budget_exceeded
6,343,340,03-26,+50.0%,+31.56%,0.6578,54,✗ No,budget_exceeded
6,343,340,03-26,+50.0%,+31.44%,0.6572,54,✗ No,budget_exceeded
6,343,341,03-26,+50.0%,+31.44%,0.6572,54,✗ No,budget_exceeded
6,343,342,03-26,+49.9%,+27.59%,0.6380,54,✓ Yes,completed
6,343,342,03-26,+49.8%,+27.54%,0.6377,55,✓ Yes,completed
6,343,343,03-26,+49.7%,+27.53%,0.6376,57,✓ Yes,completed
6,344,331,03-26,+50.0%,+41.59%,0.7080,50,✗ No,budget_exceeded
6,344,332,03-26,+50.0%,+41.51%,0.7075,50,✗ No,budget_exceeded
6,344,333,03-26,+50.0%,+41.51%,0.7075,50,✗ No,budget_exceeded
6,344,334,03-26,+50.0%,+39.23%,0.6962,51,✗ No,budget_exceeded
6,344,334,03-26,+50.0%,+39.15%,0.6957,51,✗ No,budget_exceeded
6,344,335,03-26,+50.0%,+39.15%,0.6957,51,✗ No,budget_exceeded
6,344,336,03-26,+50.0%,+39.04%,0.6952,51,✗ No,budget_exceeded
6,344,336,03-26,+50.0%,+38.90%,0.6945,52,✗ No,budget_exceeded
6,344,337,03-26,+50.0%,+31.81%,0.6591,53,✗ No,budget_exceeded
6,344,338,03-26,+50.0%,+31.81%,0.6591,53,✗ No,budget_exceeded
6,344,338,03-26,+50.0%,+31.75%,0.6587,53,✗ No,budget_exceeded
6,344,339,03-26,+50.0%,+31.47%,0.6574,54,✗ No,budget_exceeded
6,344,340,03-26,+50.0%,+31.47%,0.6574,54,✗ No,budget_exceeded
6,344,341,03-26,+50.0%,+27.61%,0.6381,54,✓ Yes,completed
6,344,341,03-26,+49.9%,+27.57%,0.6378,54,✓ Yes,completed
6,344,342,03-26,+49.9%,+27.57%,0.6378,54,✓ Yes,completed
6,344,343,03-26,+49.7%,+27.53%,0.6377,55,✓ Yes,completed
6,344,343,03-26,+49.6%,+27.53%,0.6376,55,✓ Yes,completed
6,344,344,03-26,+49.4%,+27.49%,0.6375,62,✓ Yes,completed
6,345,331,03-26,+50.0%,+41.44%,0.7072,50,✗ No,budget_exceeded
6,345,332,03-26,+50.0%,+41.35%,0.7067,50,✗ No,budget_exceeded
6,345,333,03-26,+50.0%,+41.35%,0.7067,50,✗ No,budget_exceeded
6,345,333,03-26,+50.0%,+39.08%,0.6954,51,✗ No,budget_exceeded
6,345,334,03-26,+50.0%,+38.99%,0.6950,51,✗ No,budget_exceeded
6,345,335,03-26,+50.0%,+38.99%,0.6950,51,✗ No,budget_exceeded
6,345,336,03-26,+50.0%,+31.90%,0.6595,52,✗ No,budget_exceeded
6,345,336,03-26,+50.0%,+31.76%,0.6588,53,✗ No,budget_exceeded
6,345,337,03-26,+50.0%,+31.76%,0.6588,53,✗ No,budget_exceeded
6,345,338,03-26,+50.0%,+31.66%,0.6583,53,✗ No,budget_exceeded
6,345,338,03-26,+50.0%,+31.59%,0.6579,53,✗ No,budget_exceeded
6,345,339,03-26,+50.0%,+31.59%,0.6579,53,✗ No,budget_exceeded
6,345,340,03-26,+50.0%,+27.60%,0.6380,54,✓ Yes,completed
6,345,340,03-26,+49.8%,+27.56%,0.6378,54,✓ Yes,completed
6,345,341,03-26,+49.8%,+27.56%,0.6378,54,✓ Yes,completed
6,345,342,03-26,+49.7%,+27.54%,0.6377,54,✓ Yes,completed
6,345,342,03-26,+49.5%,+27.52%,0.6376,55,✓ Yes,completed
6,345,343,03-26,+49.5%,+27.52%,0.6376,55,✓ Yes,completed
6,345,344,03-26,+49.4%,+27.51%,0.6376,55,✓ Yes,completed
6,345,344,03-26,+49.3%,+27.49%,0.6375,56,✓ Yes,completed
6,345,345,03-26,+49.2%,+27.47%,0.6373,59,✓ Yes,completed
6,346,331,03-26,+50.0%,+41.37%,0.7068,50,✗ No,budget_exceeded
6,346,332,03-26,+50.0%,+41.28%,0.7064,50,✗ No,budget_exceeded
6,346,333,03-26,+50.0%,+41.28%,0.7064,50,✗ No,budget_exceeded
6,346,334,03-26,+50.0%,+38.99%,0.6949,51,✗ No,budget_exceeded
6,346,334,03-26,+50.0%,+38.90%,0.6945,51,✗ No,budget_exceeded
6,346,335,03-26,+50.0%,+38.90%,0.6945,51,✗ No,budget_exceeded
6,346,336,03-26,+50.0%,+31.81%,0.6591,52,✗ No,budget_exceeded
6,346,336,03-26,+50.0%,+31.61%,0.6580,53,✗ No,budget_exceeded
6,346,337,03-26,+50.0%,+31.61%,0.6580,53,✗ No,budget_exceeded
6,346,338,03-26,+50.0%,+31.50%,0.6575,53,✗ No,budget_exceeded
6,346,338,03-26,+50.0%,+31.44%,0.6572,53,✗ No,budget_exceeded
6,346,339,03-26,+49.8%,+27.55%,0.6378,54,✓ Yes,completed
6,346,340,03-26,+49.8%,+27.55%,0.6378,54,✓ Yes,completed
6,346,340,03-26,+49.7%,+27.54%,0.6377,54,✓ Yes,completed
6,346,341,03-26,+49.6%,+27.53%,0.6376,54,✓ Yes,completed
6,346,342,03-26,+49.6%,+27.53%,0.6376,54,✓ Yes,completed
6,346,343,03-26,+49.4%,+27.50%,0.6375,55,✓ Yes,completed
6,346,343,03-26,+49.3%,+27.49%,0.6375,55,✓ Yes,completed
6,346,344,03-26,+49.3%,+27.49%,0.6375,55,✓ Yes,completed
6,346,345,03-26,+49.2%,+27.48%,0.6374,56,✓ Yes,completed
6,346,345,03-26,+49.0%,+27.46%,0.6373,57,✓ Yes,completed
6,346,346,03-26,+48.9%,+27.40%,0.6370,64,✓ Yes,completed
6,347,331,03-26,+50.0%,+31.86%,0.6593,51,✗ No,budget_exceeded
6,347,332,03-26,+50.0%,+31.76%,0.6588,51,✗ No,budget_exceeded
6,347,333,03-26,+50.0%,+31.76%,0.6588,51,✗ No,budget_exceeded
6,347,333,03-26,+50.0%,+31.42%,0.6571,51,✗ No,budget_exceeded
6,347,334,03-26,+50.0%,+27.60%,0.6380,51,✓ Yes,completed
6,347,335,03-26,+50.0%,+27.60%,0.6380,51,✓ Yes,completed
6,347,336,03-26,+49.9%,+27.56%,0.6378,51,✓ Yes,completed
6,347,336,03-26,+49.8%,+27.54%,0.6377,51,✓ Yes,completed
6,347,337,03-26,+49.8%,+27.54%,0.6377,51,✓ Yes,completed
6,347,338,03-26,+49.7%,+27.53%,0.6377,51,✓ Yes,completed
6,347,338,03-26,+49.6%,+27.53%,0.6377,51,✓ Yes,completed
6,347,339,03-26,+49.6%,+27.53%,0.6377,51,✓ Yes,completed
6,347,340,03-26,+49.3%,+27.50%,0.6375,52,✓ Yes,completed
6,347,340,03-26,+49.2%,+27.49%,0.6374,52,✓ Yes,completed
6,347,341,03-26,+49.2%,+27.49%,0.6374,52,✓ Yes,completed
6,347,342,03-26,+49.1%,+27.48%,0.6374,52,✓ Yes,completed
6,347,342,03-26,+49.0%,+27.46%,0.6373,53,✓ Yes,completed
6,347,343,03-26,+49.0%,+27.46%,0.6373,53,✓ Yes,completed
6,347,344,03-26,+48.9%,+27.44%,0.6372,53,✓ Yes,completed
6,347,344,03-26,+48.8%,+27.42%,0.6371,53,✓ Yes,completed
6,347,345,03-26,+48.8%,+27.42%,0.6371,53,✓ Yes,completed
6,347,346,03-26,+48.7%,+27.37%,0.6368,53,✓ Yes,completed
6,347,346,03-26,+48.6%,+27.28%,0.6364,54,✓ Yes,completed
6,347,347,03-26,+48.5%,+27.20%,0.6360,57,✓ Yes,completed
6,341,331,03-27,+50.0%,+33.08%,0.6654,56,✗ No,budget_exceeded
6,341,332,03-27,+50.0%,+32.95%,0.6647,56,✗ No,budget_exceeded
6,341,333,03-27,+50.0%,+32.95%,0.6647,56,✗ No,budget_exceeded
6,341,333,03-27,+50.0%,+28.25%,0.6412,57,✗ No,budget_exceeded
6,341,334,03-27,+50.0%,+27.87%,0.6394,58,✗ No,budget_exceeded
6,341,335,03-27,+50.0%,+27.87%,0.6394,58,✗ No,budget_exceeded
6,341,336,03-27,+50.0%,+27.57%,0.6378,58,✓ Yes,completed
6,341,336,03-27,+49.7%,+27.58%,0.6379,58,✓ Yes,completed
6,341,337,03-27,+49.7%,+27.58%,0.6379,58,✓ Yes,completed
6,341,338,03-27,+49.6%,+27.59%,0.6380,58,✓ Yes,completed
6,341,338,03-27,+49.5%,+27.60%,0.6380,58,✓ Yes,completed
6,341,339,03-27,+49.5%,+27.60%,0.6380,58,✓ Yes,completed
6,341,340,03-27,+48.8%,+27.62%,0.6381,58,✓ Yes,completed
6,341,340,03-27,+48.7%,+27.54%,0.6377,59,✓ Yes,completed
6,341,341,03-27,+48.6%,+27.48%,0.6374,62,✓ Yes,completed
6,342,331,03-27,+50.0%,+28.49%,0.6424,56,✗ No,budget_exceeded
6,342,332,03-27,+50.0%,+28.35%,0.6417,56,✗ No,budget_exceeded
6,342,333,03-27,+50.0%,+28.35%,0.6417,56,✗ No,budget_exceeded
6,342,334,03-27,+50.0%,+27.73%,0.6386,57,✗ No,budget_exceeded
6,342,334,03-27,+49.9%,+27.56%,0.6378,57,✓ Yes,completed
6,342,335,03-27,+49.9%,+27.56%,0.6378,57,✓ Yes,completed
6,342,336,03-27,+49.6%,+27.59%,0.6380,56,✓ Yes,completed
6,342,336,03-27,+49.0%,+27.64%,0.6382,56,✓ Yes,completed
6,342,337,03-27,+48.9%,+27.64%,0.6382,56,✓ Yes,completed
6,342,338,03-27,+48.9%,+27.64%,0.6382,56,✓ Yes,completed
6,342,339,03-27,+48.9%,+27.63%,0.6382,56,✓ Yes,completed
6,342,339,03-27,+48.6%,+27.52%,0.6376,57,✓ Yes,completed
6,342,340,03-27,+48.6%,+27.52%,0.6376,57,✓ Yes,completed
6,342,341,03-27,+48.5%,+27.44%,0.6372,57,✓ Yes,completed
6,342,341,03-27,+48.3%,+27.35%,0.6368,59,✓ Yes,completed
6,342,342,03-27,+48.1%,+27.24%,0.6362,63,✓ Yes,completed
6,343,331,03-27,+50.0%,+27.86%,0.6393,54,✗ No,budget_exceeded
6,343,332,03-27,+50.0%,+27.75%,0.6388,54,✗ No,budget_exceeded
6,343,333,03-27,+50.0%,+27.75%,0.6388,54,✗ No,budget_exceeded
6,343,333,03-27,+49.5%,+27.60%,0.6380,53,✓ Yes,completed
6,343,334,03-27,+49.0%,+27.65%,0.6383,52,✓ Yes,completed
6,343,335,03-27,+49.0%,+27.65%,0.6383,52,✓ Yes,completed
6,343,336,03-27,+48.9%,+27.65%,0.6382,52,✓ Yes,completed
6,343,336,03-27,+48.8%,+27.61%,0.6380,53,✓ Yes,completed
6,343,337,03-27,+48.8%,+27.61%,0.6380,53,✓ Yes,completed
6,343,338,03-27,+48.7%,+27.56%,0.6378,53,✓ Yes,completed
6,343,338,03-27,+48.6%,+27.53%,0.6376,53,✓ Yes,completed
6,343,339,03-27,+48.6%,+27.53%,0.6376,53,✓ Yes,completed
6,343,340,03-27,+48.3%,+27.39%,0.6370,54,✓ Yes,completed
6,343,340,03-27,+48.2%,+27.34%,0.6367,54,✓ Yes,completed
6,343,341,03-27,+48.2%,+27.34%,0.6367,54,✓ Yes,completed
6,343,342,03-27,+48.1%,+27.28%,0.6364,54,✓ Yes,completed
6,343,342,03-27,+47.9%,+27.23%,0.6362,55,✓ Yes,completed
6,343,343,03-27,+47.8%,+27.22%,0.6361,57,✓ Yes,completed
6,344,331,03-27,+50.0%,+27.77%,0.6388,54,✗ No,budget_exceeded
6,344,332,03-27,+49.9%,+27.56%,0.6378,54,✓ Yes,completed
6,344,333,03-27,+49.9%,+27.56%,0.6378,54,✓ Yes,completed
6,344,334,03-27,+49.0%,+27.65%,0.6382,52,✓ Yes,completed
6,344,334,03-27,+48.9%,+27.65%,0.6382,52,✓ Yes,completed
6,344,335,03-27,+48.9%,+27.65%,0.6382,52,✓ Yes,completed
6,344,336,03-27,+48.8%,+27.63%,0.6381,52,✓ Yes,completed
6,344,336,03-27,+48.7%,+27.57%,0.6378,53,✓ Yes,completed
6,344,337,03-27,+48.6%,+27.52%,0.6376,53,✓ Yes,completed
6,344,338,03-27,+48.6%,+27.52%,0.6376,53,✓ Yes,completed
6,344,338,03-27,+48.5%,+27.48%,0.6374,53,✓ Yes,completed
6,344,339,03-27,+48.3%,+27.35%,0.6368,54,✓ Yes,completed
6,344,340,03-27,+48.3%,+27.35%,0.6368,54,✓ Yes,completed
6,344,341,03-27,+48.1%,+27.30%,0.6365,54,✓ Yes,completed
6,344,341,03-27,+48.0%,+27.25%,0.6363,54,✓ Yes,completed
6,344,342,03-27,+48.0%,+27.25%,0.6363,54,✓ Yes,completed
6,344,343,03-27,+47.8%,+27.22%,0.6361,55,✓ Yes,completed
6,344,343,03-27,+47.7%,+27.22%,0.6361,55,✓ Yes,completed
6,344,344,03-27,+47.6%,+27.18%,0.6359,62,✓ Yes,completed
6,345,331,03-27,+49.9%,+27.56%,0.6378,54,✓ Yes,completed
6,345,332,03-27,+49.6%,+27.58%,0.6379,53,✓ Yes,completed
6,345,333,03-27,+49.6%,+27.58%,0.6379,53,✓ Yes,completed
6,345,333,03-27,+48.9%,+27.64%,0.6382,52,✓ Yes,completed
6,345,334,03-27,+48.8%,+27.62%,0.6381,52,✓ Yes,completed
6,345,335,03-27,+48.8%,+27.62%,0.6381,52,✓ Yes,completed
6,345,336,03-27,+48.7%,+27.56%,0.6378,52,✓ Yes,completed
6,345,336,03-27,+48.5%,+27.49%,0.6374,53,✓ Yes,completed
6,345,337,03-27,+48.5%,+27.49%,0.6374,53,✓ Yes,completed
6,345,338,03-27,+48.4%,+27.44%,0.6372,53,✓ Yes,completed
6,345,338,03-27,+48.4%,+27.41%,0.6370,53,✓ Yes,completed
6,345,339,03-27,+48.4%,+27.41%,0.6370,53,✓ Yes,completed
6,345,340,03-27,+48.1%,+27.29%,0.6364,54,✓ Yes,completed
6,345,340,03-27,+48.0%,+27.25%,0.6362,54,✓ Yes,completed
6,345,341,03-27,+48.0%,+27.25%,0.6362,54,✓ Yes,completed
6,345,342,03-27,+47.9%,+27.23%,0.6361,54,✓ Yes,completed
6,345,342,03-27,+47.7%,+27.21%,0.6361,55,✓ Yes,completed
6,345,343,03-27,+47.7%,+27.21%,0.6361,55,✓ Yes,completed
6,345,344,03-27,+47.6%,+27.20%,0.6360,55,✓ Yes,completed
6,345,344,03-27,+47.5%,+27.18%,0.6359,56,✓ Yes,completed
6,345,345,03-27,+47.3%,+27.16%,0.6358,59,✓ Yes,completed
6,346,331,03-27,+49.6%,+27.58%,0.6379,53,✓ Yes,completed
6,346,332,03-27,+49.5%,+27.59%,0.6379,53,✓ Yes,completed
6,346,333,03-27,+49.5%,+27.59%,0.6379,53,✓ Yes,completed
6,346,334,03-27,+48.8%,+27.62%,0.6381,52,✓ Yes,completed
6,346,334,03-27,+48.7%,+27.58%,0.6379,52,✓ Yes,completed
6,346,335,03-27,+48.7%,+27.58%,0.6379,52,✓ Yes,completed
6,346,336,03-27,+48.6%,+27.51%,0.6376,52,✓ Yes,completed
6,346,336,03-27,+48.4%,+27.41%,0.6371,53,✓ Yes,completed
6,346,337,03-27,+48.4%,+27.41%,0.6371,53,✓ Yes,completed
6,346,338,03-27,+48.3%,+27.37%,0.6368,53,✓ Yes,completed
6,346,338,03-27,+48.2%,+27.33%,0.6367,53,✓ Yes,completed
6,346,339,03-27,+48.0%,+27.24%,0.6362,54,✓ Yes,completed
6,346,340,03-27,+48.0%,+27.24%,0.6362,54,✓ Yes,completed
6,346,340,03-27,+47.9%,+27.23%,0.6361,54,✓ Yes,completed
6,346,341,03-27,+47.7%,+27.22%,0.6361,54,✓ Yes,completed
6,346,342,03-27,+47.7%,+27.22%,0.6361,54,✓ Yes,completed
6,346,343,03-27,+47.5%,+27.19%,0.6360,55,✓ Yes,completed
6,346,343,03-27,+47.4%,+27.18%,0.6359,55,✓ Yes,completed
6,346,344,03-27,+47.4%,+27.18%,0.6359,55,✓ Yes,completed
6,346,345,03-27,+47.3%,+27.17%,0.6358,56,✓ Yes,completed
6,346,345,03-27,+47.2%,+27.15%,0.6358,57,✓ Yes,completed
6,346,346,03-27,+47.0%,+27.09%,0.6354,64,✓ Yes,completed
6,347,331,03-27,+48.7%,+27.55%,0.6378,51,✓ Yes,completed
6,347,332,03-27,+48.6%,+27.50%,0.6375,51,✓ Yes,completed
6,347,333,03-27,+48.6%,+27.50%,0.6375,51,✓ Yes,completed
6,347,333,03-27,+48.2%,+27.33%,0.6367,51,✓ Yes,completed
6,347,334,03-27,+48.1%,+27.29%,0.6364,51,✓ Yes,completed
6,347,335,03-27,+48.1%,+27.29%,0.6364,51,✓ Yes,completed
6,347,336,03-27,+48.0%,+27.25%,0.6362,51,✓ Yes,completed
6,347,336,03-27,+47.9%,+27.23%,0.6362,51,✓ Yes,completed
6,347,337,03-27,+47.9%,+27.23%,0.6362,51,✓ Yes,completed
6,347,338,03-27,+47.8%,+27.22%,0.6361,51,✓ Yes,completed
6,347,338,03-27,+47.8%,+27.22%,0.6361,51,✓ Yes,completed
6,347,339,03-27,+47.8%,+27.22%,0.6361,51,✓ Yes,completed
6,347,340,03-27,+47.5%,+27.19%,0.6360,52,✓ Yes,completed
6,347,340,03-27,+47.4%,+27.18%,0.6359,52,✓ Yes,completed
6,347,341,03-27,+47.4%,+27.18%,0.6359,52,✓ Yes,completed
6,347,342,03-27,+47.3%,+27.17%,0.6358,52,✓ Yes,completed
6,347,342,03-27,+47.1%,+27.15%,0.6358,53,✓ Yes,completed
6,347,343,03-27,+47.1%,+27.15%,0.6358,53,✓ Yes,completed
6,347,344,03-27,+47.0%,+27.13%,0.6357,53,✓ Yes,completed
6,347,344,03-27,+47.0%,+27.11%,0.6355,53,✓ Yes,completed
6,347,345,03-27,+47.0%,+27.11%,0.6355,53,✓ Yes,completed
6,347,346,03-27,+46.9%,+27.05%,0.6353,53,✓ Yes,completed
6,347,346,03-27,+46.7%,+26.97%,0.6348,54,✓ Yes,completed
6,347,347,03-27,+46.6%,+26.89%,0.6344,57,✓ Yes,completed
6,341,331,03-28,+50.0%,+27.79%,0.6389,58,✗ No,budget_exceeded
6,341,332,03-28,+50.0%,+27.65%,0.6383,58,✗ No,budget_exceeded
6,341,333,03-28,+50.0%,+27.65%,0.6383,58,✗ No,budget_exceeded
6,341,333,03-28,+48.9%,+27.41%,0.6371,57,✓ Yes,completed
6,341,334,03-28,+48.7%,+27.37%,0.6368,57,✓ Yes,completed
6,341,335,03-28,+48.7%,+27.37%,0.6368,57,✓ Yes,completed
6,341,336,03-28,+48.6%,+27.29%,0.6364,57,✓ Yes,completed
6,341,336,03-28,+48.4%,+27.21%,0.6361,58,✓ Yes,completed
6,341,337,03-28,+48.4%,+27.21%,0.6361,58,✓ Yes,completed
6,341,338,03-28,+48.3%,+27.16%,0.6358,58,✓ Yes,completed
6,341,338,03-28,+48.2%,+27.12%,0.6356,58,✓ Yes,completed
6,341,339,03-28,+48.2%,+27.12%,0.6356,58,✓ Yes,completed
6,341,340,03-28,+47.8%,+27.13%,0.6356,58,✓ Yes,completed
6,341,340,03-28,+47.6%,+27.14%,0.6357,59,✓ Yes,completed
6,341,341,03-28,+47.1%,+27.17%,0.6359,61,✓ Yes,completed
6,342,331,03-28,+50.0%,+27.45%,0.6373,57,✗ No,budget_exceeded
6,342,332,03-28,+50.0%,+27.28%,0.6364,57,✓ Yes,completed
6,342,333,03-28,+50.0%,+27.28%,0.6364,57,✓ Yes,completed
6,342,334,03-28,+48.6%,+27.30%,0.6365,56,✓ Yes,completed
6,342,334,03-28,+48.5%,+27.24%,0.6362,56,✓ Yes,completed
6,342,335,03-28,+48.5%,+27.24%,0.6362,56,✓ Yes,completed
6,342,336,03-28,+48.3%,+27.17%,0.6358,56,✓ Yes,completed
6,342,336,03-28,+48.2%,+27.12%,0.6356,57,✓ Yes,completed
6,342,337,03-28,+48.1%,+27.11%,0.6355,57,✓ Yes,completed
6,342,338,03-28,+48.1%,+27.11%,0.6355,57,✓ Yes,completed
6,342,339,03-28,+47.8%,+27.13%,0.6357,56,✓ Yes,completed
6,342,339,03-28,+47.2%,+27.19%,0.6359,56,✓ Yes,completed
6,342,340,03-28,+47.2%,+27.19%,0.6359,56,✓ Yes,completed
6,342,341,03-28,+47.0%,+27.18%,0.6359,56,✓ Yes,completed
6,342,341,03-28,+46.9%,+27.11%,0.6356,58,✓ Yes,completed
6,342,342,03-28,+46.6%,+26.98%,0.6349,62,✓ Yes,completed
6,343,331,03-28,+48.7%,+27.35%,0.6368,53,✓ Yes,completed
6,343,332,03-28,+48.6%,+27.31%,0.6366,53,✓ Yes,completed
6,343,333,03-28,+48.6%,+27.31%,0.6366,53,✓ Yes,completed
6,343,333,03-28,+48.3%,+27.15%,0.6357,53,✓ Yes,completed
6,343,334,03-28,+48.1%,+27.12%,0.6356,53,✓ Yes,completed
6,343,335,03-28,+48.1%,+27.12%,0.6356,53,✓ Yes,completed
6,343,336,03-28,+48.0%,+27.12%,0.6356,53,✓ Yes,completed
6,343,336,03-28,+47.7%,+27.14%,0.6357,53,✓ Yes,completed
6,343,337,03-28,+47.7%,+27.14%,0.6357,53,✓ Yes,completed
6,343,338,03-28,+47.6%,+27.15%,0.6358,53,✓ Yes,completed
6,343,338,03-28,+47.2%,+27.20%,0.6360,52,✓ Yes,completed
6,343,339,03-28,+47.2%,+27.20%,0.6360,52,✓ Yes,completed
6,343,340,03-28,+46.9%,+27.15%,0.6358,53,✓ Yes,completed
6,343,340,03-28,+46.8%,+27.10%,0.6355,53,✓ Yes,completed
6,343,341,03-28,+46.8%,+27.10%,0.6355,53,✓ Yes,completed
6,343,342,03-28,+46.7%,+27.03%,0.6351,53,✓ Yes,completed
6,343,342,03-28,+46.5%,+26.93%,0.6347,54,✓ Yes,completed
6,343,343,03-28,+46.4%,+26.87%,0.6344,56,✓ Yes,completed
6,344,331,03-28,+48.6%,+27.31%,0.6366,53,✓ Yes,completed
6,344,332,03-28,+48.5%,+27.27%,0.6363,53,✓ Yes,completed
6,344,333,03-28,+48.5%,+27.27%,0.6363,53,✓ Yes,completed
6,344,334,03-28,+48.2%,+27.12%,0.6356,53,✓ Yes,completed
6,344,334,03-28,+48.1%,+27.11%,0.6356,53,✓ Yes,completed
6,344,335,03-28,+48.1%,+27.11%,0.6356,53,✓ Yes,completed
6,344,336,03-28,+47.8%,+27.14%,0.6357,52,✓ Yes,completed
6,344,336,03-28,+47.6%,+27.15%,0.6357,53,✓ Yes,completed
6,344,337,03-28,+47.2%,+27.20%,0.6360,52,✓ Yes,completed
6,344,338,03-28,+47.2%,+27.20%,0.6360,52,✓ Yes,completed
6,344,338,03-28,+47.1%,+27.20%,0.6360,52,✓ Yes,completed
6,344,339,03-28,+46.8%,+27.11%,0.6356,53,✓ Yes,completed
6,344,340,03-28,+46.8%,+27.11%,0.6356,53,✓ Yes,completed
6,344,341,03-28,+46.7%,+27.05%,0.6353,53,✓ Yes,completed
6,344,341,03-28,+46.6%,+26.99%,0.6349,53,✓ Yes,completed
6,344,342,03-28,+46.6%,+26.99%,0.6349,53,✓ Yes,completed
6,344,343,03-28,+46.4%,+26.88%,0.6344,54,✓ Yes,completed
6,344,343,03-28,+46.3%,+26.84%,0.6342,54,✓ Yes,completed
6,344,344,03-28,+46.2%,+26.77%,0.6338,61,✓ Yes,completed
6,345,331,03-28,+48.5%,+27.23%,0.6362,53,✓ Yes,completed
6,345,332,03-28,+48.4%,+27.19%,0.6360,53,✓ Yes,completed
6,345,333,03-28,+48.4%,+27.19%,0.6360,53,✓ Yes,completed
6,345,333,03-28,+48.0%,+27.11%,0.6356,53,✓ Yes,completed
6,345,334,03-28,+47.8%,+27.14%,0.6357,52,✓ Yes,completed
6,345,335,03-28,+47.8%,+27.14%,0.6357,52,✓ Yes,completed
6,345,336,03-28,+47.6%,+27.15%,0.6357,52,✓ Yes,completed
6,345,336,03-28,+47.1%,+27.19%,0.6360,52,✓ Yes,completed
6,345,337,03-28,+47.1%,+27.19%,0.6360,52,✓ Yes,completed
6,345,338,03-28,+47.0%,+27.18%,0.6359,52,✓ Yes,completed
6,345,338,03-28,+47.0%,+27.16%,0.6358,52,✓ Yes,completed
6,345,339,03-28,+47.0%,+27.16%,0.6358,52,✓ Yes,completed
6,345,340,03-28,+46.7%,+27.03%,0.6352,53,✓ Yes,completed
6,345,340,03-28,+46.6%,+26.97%,0.6349,53,✓ Yes,completed
6,345,341,03-28,+46.6%,+26.97%,0.6349,53,✓ Yes,completed
6,345,342,03-28,+46.5%,+26.91%,0.6345,53,✓ Yes,completed
6,345,342,03-28,+46.3%,+26.82%,0.6341,54,✓ Yes,completed
6,345,343,03-28,+46.3%,+26.82%,0.6341,54,✓ Yes,completed
6,345,344,03-28,+46.2%,+26.79%,0.6339,54,✓ Yes,completed
6,345,344,03-28,+46.0%,+26.76%,0.6338,55,✓ Yes,completed
6,345,345,03-28,+45.9%,+26.74%,0.6337,58,✓ Yes,completed
6,346,331,03-28,+48.4%,+27.18%,0.6359,53,✓ Yes,completed
6,346,332,03-28,+48.3%,+27.14%,0.6357,53,✓ Yes,completed
6,346,333,03-28,+48.3%,+27.14%,0.6357,53,✓ Yes,completed
6,346,334,03-28,+47.8%,+27.13%,0.6357,52,✓ Yes,completed
6,346,334,03-28,+47.7%,+27.14%,0.6357,52,✓ Yes,completed
6,346,335,03-28,+47.7%,+27.14%,0.6357,52,✓ Yes,completed
6,346,336,03-28,+47.2%,+27.19%,0.6360,51,✓ Yes,completed
6,346,336,03-28,+47.0%,+27.17%,0.6358,52,✓ Yes,completed
6,346,337,03-28,+47.0%,+27.17%,0.6358,52,✓ Yes,completed
6,346,338,03-28,+46.9%,+27.13%,0.6356,52,✓ Yes,completed
6,346,338,03-28,+46.8%,+27.09%,0.6355,52,✓ Yes,completed
6,346,339,03-28,+46.6%,+26.96%,0.6348,53,✓ Yes,completed
6,346,340,03-28,+46.6%,+26.96%,0.6348,53,✓ Yes,completed
6,346,340,03-28,+46.4%,+26.90%,0.6345,53,✓ Yes,completed
6,346,341,03-28,+46.3%,+26.84%,0.6342,53,✓ Yes,completed
6,346,342,03-28,+46.3%,+26.84%,0.6342,53,✓ Yes,completed
6,346,343,03-28,+46.1%,+26.77%,0.6339,54,✓ Yes,completed
6,346,343,03-28,+46.0%,+26.76%,0.6338,54,✓ Yes,completed
6,346,344,03-28,+46.0%,+26.76%,0.6338,54,✓ Yes,completed
6,346,345,03-28,+45.9%,+26.75%,0.6338,55,✓ Yes,completed
6,346,345,03-28,+45.8%,+26.74%,0.6337,56,✓ Yes,completed
6,346,346,03-28,+45.6%,+26.69%,0.6334,63,✓ Yes,completed
6,347,331,03-28,+47.6%,+27.13%,0.6357,51,✓ Yes,completed
6,347,332,03-28,+47.2%,+27.18%,0.6359,50,✓ Yes,completed
6,347,333,03-28,+47.2%,+27.18%,0.6359,50,✓ Yes,completed
6,347,333,03-28,+46.8%,+27.09%,0.6355,50,✓ Yes,completed
6,347,334,03-28,+46.7%,+27.04%,0.6352,50,✓ Yes,completed
6,347,335,03-28,+46.7%,+27.04%,0.6352,50,✓ Yes,completed
6,347,336,03-28,+46.6%,+26.98%,0.6349,50,✓ Yes,completed
6,347,336,03-28,+46.5%,+26.93%,0.6346,50,✓ Yes,completed
6,347,337,03-28,+46.5%,+26.93%,0.6346,50,✓ Yes,completed
6,347,338,03-28,+46.4%,+26.88%,0.6344,50,✓ Yes,completed
6,347,338,03-28,+46.4%,+26.86%,0.6343,50,✓ Yes,completed
6,347,339,03-28,+46.4%,+26.86%,0.6343,50,✓ Yes,completed
6,347,340,03-28,+46.1%,+26.77%,0.6339,51,✓ Yes,completed
6,347,340,03-28,+46.0%,+26.76%,0.6338,51,✓ Yes,completed
6,347,341,03-28,+46.0%,+26.76%,0.6338,51,✓ Yes,completed
6,347,342,03-28,+45.9%,+26.76%,0.6338,51,✓ Yes,completed
6,347,342,03-28,+45.7%,+26.74%,0.6337,52,✓ Yes,completed
6,347,343,03-28,+45.7%,+26.74%,0.6337,52,✓ Yes,completed
6,347,344,03-28,+45.6%,+26.72%,0.6336,52,✓ Yes,completed
6,347,344,03-28,+45.6%,+26.72%,0.6336,52,✓ Yes,completed
6,347,345,03-28,+45.6%,+26.72%,0.6336,52,✓ Yes,completed
6,347,346,03-28,+45.5%,+26.71%,0.6335,52,✓ Yes,completed
6,347,346,03-28,+45.3%,+26.69%,0.6334,53,✓ Yes,completed
6,347,347,03-28,+45.2%,+26.65%,0.6333,56,✓ Yes,completed
7,342,333,03-27,+50.0%,+28.25%,0.6412,57,✗ No,budget_exceeded
7,342,334,03-27,+50.0%,+28.25%,0.6412,57,✗ No,budget_exceeded
7,342,334,03-27,+50.0%,+28.25%,0.6412,57,✗ No,budget_exceeded
7,342,334,03-27,+50.0%,+27.87%,0.6394,58,✗ No,budget_exceeded
7,342,335,03-27,+50.0%,+27.87%,0.6394,58,✗ No,budget_exceeded
7,342,335,03-27,+50.0%,+27.87%,0.6394,58,✗ No,budget_exceeded
7,342,335,03-27,+50.0%,+27.57%,0.6378,58,✓ Yes,completed
7,342,336,03-27,+50.0%,+27.57%,0.6378,58,✓ Yes,completed
7,342,336,03-27,+50.0%,+27.57%,0.6378,58,✓ Yes,completed
7,342,336,03-27,+49.7%,+27.58%,0.6379,58,✓ Yes,completed
7,342,337,03-27,+49.7%,+27.58%,0.6379,58,✓ Yes,completed
7,342,337,03-27,+49.7%,+27.58%,0.6379,58,✓ Yes,completed
7,342,337,03-27,+49.6%,+27.59%,0.6380,58,✓ Yes,completed
7,342,337,03-27,+49.6%,+27.59%,0.6380,58,✓ Yes,completed
7,342,338,03-27,+49.6%,+27.59%,0.6380,58,✓ Yes,completed
7,342,338,03-27,+49.5%,+27.60%,0.6380,58,✓ Yes,completed
7,342,338,03-27,+49.5%,+27.60%,0.6380,58,✓ Yes,completed
7,342,339,03-27,+49.5%,+27.60%,0.6380,58,✓ Yes,completed
7,342,339,03-27,+48.8%,+27.62%,0.6381,58,✓ Yes,completed
7,342,339,03-27,+48.8%,+27.62%,0.6381,58,✓ Yes,completed
7,342,340,03-27,+48.8%,+27.62%,0.6381,58,✓ Yes,completed
7,342,340,03-27,+48.8%,+27.62%,0.6381,58,✓ Yes,completed
7,342,340,03-27,+48.7%,+27.54%,0.6377,59,✓ Yes,completed
7,342,341,03-27,+48.7%,+27.54%,0.6377,59,✓ Yes,completed
7,342,341,03-27,+48.7%,+27.54%,0.6377,59,✓ Yes,completed
7,342,341,03-27,+48.6%,+27.48%,0.6374,62,✓ Yes,completed
7,342,342,03-27,+48.6%,+27.48%,0.6374,62,✓ Yes,completed
7,343,333,03-27,+50.0%,+27.73%,0.6386,57,✗ No,budget_exceeded
7,343,334,03-27,+50.0%,+27.73%,0.6386,57,✗ No,budget_exceeded
7,343,334,03-27,+50.0%,+27.73%,0.6386,57,✗ No,budget_exceeded
7,343,334,03-27,+49.9%,+27.56%,0.6378,57,✓ Yes,completed
7,343,335,03-27,+49.9%,+27.56%,0.6378,57,✓ Yes,completed
7,343,335,03-27,+49.9%,+27.56%,0.6378,57,✓ Yes,completed
7,343,335,03-27,+49.6%,+27.59%,0.6380,56,✓ Yes,completed
7,343,336,03-27,+49.6%,+27.59%,0.6380,56,✓ Yes,completed
7,343,336,03-27,+49.6%,+27.59%,0.6380,56,✓ Yes,completed
7,343,336,03-27,+49.0%,+27.64%,0.6382,56,✓ Yes,completed
7,343,336,03-27,+49.0%,+27.64%,0.6382,56,✓ Yes,completed
7,343,337,03-27,+49.0%,+27.64%,0.6382,56,✓ Yes,completed
7,343,337,03-27,+48.9%,+27.64%,0.6382,56,✓ Yes,completed
7,343,337,03-27,+48.9%,+27.64%,0.6382,56,✓ Yes,completed
7,343,338,03-27,+48.9%,+27.64%,0.6382,56,✓ Yes,completed
7,343,338,03-27,+48.9%,+27.64%,0.6382,56,✓ Yes,completed
7,343,338,03-27,+48.9%,+27.63%,0.6382,56,✓ Yes,completed
7,343,339,03-27,+48.9%,+27.63%,0.6382,56,✓ Yes,completed
7,343,339,03-27,+48.9%,+27.63%,0.6382,56,✓ Yes,completed
7,343,339,03-27,+48.6%,+27.52%,0.6376,57,✓ Yes,completed
7,343,339,03-27,+48.6%,+27.52%,0.6376,57,✓ Yes,completed
7,343,340,03-27,+48.6%,+27.52%,0.6376,57,✓ Yes,completed
7,343,340,03-27,+48.5%,+27.44%,0.6372,57,✓ Yes,completed
7,343,340,03-27,+48.5%,+27.44%,0.6372,57,✓ Yes,completed
7,343,341,03-27,+48.5%,+27.44%,0.6372,57,✓ Yes,completed
7,343,341,03-27,+48.3%,+27.35%,0.6368,59,✓ Yes,completed
7,343,341,03-27,+48.3%,+27.35%,0.6368,59,✓ Yes,completed
7,343,342,03-27,+48.3%,+27.35%,0.6368,59,✓ Yes,completed
7,343,342,03-27,+48.3%,+27.35%,0.6368,59,✓ Yes,completed
7,343,342,03-27,+48.1%,+27.24%,0.6362,63,✓ Yes,completed
7,343,343,03-27,+48.1%,+27.24%,0.6362,63,✓ Yes,completed
7,344,333,03-27,+49.5%,+27.60%,0.6380,53,✓ Yes,completed
7,344,334,03-27,+49.5%,+27.60%,0.6380,53,✓ Yes,completed
7,344,334,03-27,+49.5%,+27.60%,0.6380,53,✓ Yes,completed
7,344,334,03-27,+49.0%,+27.65%,0.6383,52,✓ Yes,completed
7,344,335,03-27,+49.0%,+27.65%,0.6383,52,✓ Yes,completed
7,344,335,03-27,+49.0%,+27.65%,0.6383,52,✓ Yes,completed
7,344,335,03-27,+48.9%,+27.65%,0.6382,52,✓ Yes,completed
7,344,336,03-27,+48.9%,+27.65%,0.6382,52,✓ Yes,completed
7,344,336,03-27,+48.9%,+27.65%,0.6382,52,✓ Yes,completed
7,344,336,03-27,+48.8%,+27.61%,0.6380,53,✓ Yes,completed
7,344,336,03-27,+48.8%,+27.61%,0.6380,53,✓ Yes,completed
7,344,337,03-27,+48.8%,+27.61%,0.6380,53,✓ Yes,completed
7,344,337,03-27,+48.7%,+27.56%,0.6378,53,✓ Yes,completed
7,344,337,03-27,+48.7%,+27.56%,0.6378,53,✓ Yes,completed
7,344,338,03-27,+48.7%,+27.56%,0.6378,53,✓ Yes,completed
7,344,338,03-27,+48.7%,+27.56%,0.6378,53,✓ Yes,completed
7,344,338,03-27,+48.6%,+27.53%,0.6376,53,✓ Yes,completed
7,344,339,03-27,+48.6%,+27.53%,0.6376,53,✓ Yes,completed
7,344,339,03-27,+48.6%,+27.53%,0.6376,53,✓ Yes,completed
7,344,339,03-27,+48.3%,+27.39%,0.6370,54,✓ Yes,completed
7,344,340,03-27,+48.3%,+27.39%,0.6370,54,✓ Yes,completed
7,344,340,03-27,+48.3%,+27.39%,0.6370,54,✓ Yes,completed
7,344,340,03-27,+48.2%,+27.34%,0.6367,54,✓ Yes,completed
7,344,340,03-27,+48.2%,+27.34%,0.6367,54,✓ Yes,completed
7,344,341,03-27,+48.2%,+27.34%,0.6367,54,✓ Yes,completed
7,344,341,03-27,+48.1%,+27.28%,0.6364,54,✓ Yes,completed
7,344,341,03-27,+48.1%,+27.28%,0.6364,54,✓ Yes,completed
7,344,342,03-27,+48.1%,+27.28%,0.6364,54,✓ Yes,completed
7,344,342,03-27,+47.9%,+27.23%,0.6362,55,✓ Yes,completed
7,344,342,03-27,+47.9%,+27.23%,0.6362,55,✓ Yes,completed
7,344,343,03-27,+47.9%,+27.23%,0.6362,55,✓ Yes,completed
7,344,343,03-27,+47.9%,+27.23%,0.6362,55,✓ Yes,completed
7,344,343,03-27,+47.8%,+27.22%,0.6361,57,✓ Yes,completed
7,344,344,03-27,+47.8%,+27.22%,0.6361,57,✓ Yes,completed
7,342,333,03-28,+48.9%,+27.41%,0.6371,57,✓ Yes,completed
7,342,334,03-28,+48.9%,+27.41%,0.6371,57,✓ Yes,completed
7,342,334,03-28,+48.9%,+27.41%,0.6371,57,✓ Yes,completed
7,342,334,03-28,+48.7%,+27.37%,0.6368,57,✓ Yes,completed
7,342,335,03-28,+48.7%,+27.37%,0.6368,57,✓ Yes,completed
7,342,335,03-28,+48.7%,+27.37%,0.6368,57,✓ Yes,completed
7,342,335,03-28,+48.6%,+27.29%,0.6364,57,✓ Yes,completed
7,342,336,03-28,+48.6%,+27.29%,0.6364,57,✓ Yes,completed
7,342,336,03-28,+48.6%,+27.29%,0.6364,57,✓ Yes,completed
7,342,336,03-28,+48.4%,+27.21%,0.6361,58,✓ Yes,completed
7,342,337,03-28,+48.4%,+27.21%,0.6361,58,✓ Yes,completed
7,342,337,03-28,+48.4%,+27.21%,0.6361,58,✓ Yes,completed
7,342,337,03-28,+48.3%,+27.16%,0.6358,58,✓ Yes,completed
7,342,337,03-28,+48.3%,+27.16%,0.6358,58,✓ Yes,completed
7,342,338,03-28,+48.3%,+27.16%,0.6358,58,✓ Yes,completed
7,342,338,03-28,+48.2%,+27.12%,0.6356,58,✓ Yes,completed
7,342,338,03-28,+48.2%,+27.12%,0.6356,58,✓ Yes,completed
7,342,339,03-28,+48.2%,+27.12%,0.6356,58,✓ Yes,completed
7,342,339,03-28,+47.8%,+27.13%,0.6356,58,✓ Yes,completed
7,342,339,03-28,+47.8%,+27.13%,0.6356,58,✓ Yes,completed
7,342,340,03-28,+47.8%,+27.13%,0.6356,58,✓ Yes,completed
7,342,340,03-28,+47.8%,+27.13%,0.6356,58,✓ Yes,completed
7,342,340,03-28,+47.6%,+27.14%,0.6357,59,✓ Yes,completed
7,342,341,03-28,+47.6%,+27.14%,0.6357,59,✓ Yes,completed
7,342,341,03-28,+47.6%,+27.14%,0.6357,59,✓ Yes,completed
7,342,341,03-28,+47.1%,+27.17%,0.6359,61,✓ Yes,completed
7,342,342,03-28,+47.1%,+27.17%,0.6359,61,✓ Yes,completed
7,343,333,03-28,+48.6%,+27.30%,0.6365,56,✓ Yes,completed
7,343,334,03-28,+48.6%,+27.30%,0.6365,56,✓ Yes,completed
7,343,334,03-28,+48.6%,+27.30%,0.6365,56,✓ Yes,completed
7,343,334,03-28,+48.5%,+27.24%,0.6362,56,✓ Yes,completed
7,343,335,03-28,+48.5%,+27.24%,0.6362,56,✓ Yes,completed
7,343,335,03-28,+48.5%,+27.24%,0.6362,56,✓ Yes,completed
7,343,335,03-28,+48.3%,+27.17%,0.6358,56,✓ Yes,completed
7,343,336,03-28,+48.3%,+27.17%,0.6358,56,✓ Yes,completed
7,343,336,03-28,+48.3%,+27.17%,0.6358,56,✓ Yes,completed
7,343,336,03-28,+48.2%,+27.12%,0.6356,57,✓ Yes,completed
7,343,336,03-28,+48.2%,+27.12%,0.6356,57,✓ Yes,completed
7,343,337,03-28,+48.2%,+27.12%,0.6356,57,✓ Yes,completed
7,343,337,03-28,+48.1%,+27.11%,0.6355,57,✓ Yes,completed
7,343,337,03-28,+48.1%,+27.11%,0.6355,57,✓ Yes,completed
7,343,338,03-28,+48.1%,+27.11%,0.6355,57,✓ Yes,completed
7,343,338,03-28,+48.1%,+27.11%,0.6355,57,✓ Yes,completed
7,343,338,03-28,+47.8%,+27.13%,0.6357,56,✓ Yes,completed
7,343,339,03-28,+47.8%,+27.13%,0.6357,56,✓ Yes,completed
7,343,339,03-28,+47.8%,+27.13%,0.6357,56,✓ Yes,completed
7,343,339,03-28,+47.2%,+27.19%,0.6359,56,✓ Yes,completed
7,343,339,03-28,+47.2%,+27.19%,0.6359,56,✓ Yes,completed
7,343,340,03-28,+47.2%,+27.19%,0.6359,56,✓ Yes,completed
7,343,340,03-28,+47.0%,+27.18%,0.6359,56,✓ Yes,completed
7,343,340,03-28,+47.0%,+27.18%,0.6359,56,✓ Yes,completed
7,343,341,03-28,+47.0%,+27.18%,0.6359,56,✓ Yes,completed
7,343,341,03-28,+46.9%,+27.11%,0.6356,58,✓ Yes,completed
7,343,341,03-28,+46.9%,+27.11%,0.6356,58,✓ Yes,completed
7,343,342,03-28,+46.9%,+27.11%,0.6356,58,✓ Yes,completed
7,343,342,03-28,+46.9%,+27.11%,0.6356,58,✓ Yes,completed
7,343,342,03-28,+46.6%,+26.98%,0.6349,62,✓ Yes,completed
7,343,343,03-28,+46.6%,+26.98%,0.6349,62,✓ Yes,completed
7,344,333,03-28,+48.3%,+27.15%,0.6357,53,✓ Yes,completed
7,344,334,03-28,+48.3%,+27.15%,0.6357,53,✓ Yes,completed
7,344,334,03-28,+48.3%,+27.15%,0.6357,53,✓ Yes,completed
7,344,334,03-28,+48.1%,+27.12%,0.6356,53,✓ Yes,completed
7,344,335,03-28,+48.1%,+27.12%,0.6356,53,✓ Yes,completed
7,344,335,03-28,+48.1%,+27.12%,0.6356,53,✓ Yes,completed
7,344,335,03-28,+48.0%,+27.12%,0.6356,53,✓ Yes,completed
7,344,336,03-28,+48.0%,+27.12%,0.6356,53,✓ Yes,completed
7,344,336,03-28,+48.0%,+27.12%,0.6356,53,✓ Yes,completed
7,344,336,03-28,+47.7%,+27.14%,0.6357,53,✓ Yes,completed
7,344,336,03-28,+47.7%,+27.14%,0.6357,53,✓ Yes,completed
7,344,337,03-28,+47.7%,+27.14%,0.6357,53,✓ Yes,completed
7,344,337,03-28,+47.6%,+27.15%,0.6358,53,✓ Yes,completed
7,344,337,03-28,+47.6%,+27.15%,0.6358,53,✓ Yes,completed
7,344,338,03-28,+47.6%,+27.15%,0.6358,53,✓ Yes,completed
7,344,338,03-28,+47.6%,+27.15%,0.6358,53,✓ Yes,completed
7,344,338,03-28,+47.2%,+27.20%,0.6360,52,✓ Yes,completed
7,344,339,03-28,+47.2%,+27.20%,0.6360,52,✓ Yes,completed
7,344,339,03-28,+47.2%,+27.20%,0.6360,52,✓ Yes,completed
7,344,339,03-28,+46.9%,+27.15%,0.6358,53,✓ Yes,completed
7,344,340,03-28,+46.9%,+27.15%,0.6358,53,✓ Yes,completed
7,344,340,03-28,+46.9%,+27.15%,0.6358,53,✓ Yes,completed
7,344,340,03-28,+46.8%,+27.10%,0.6355,53,✓ Yes,completed
7,344,340,03-28,+46.8%,+27.10%,0.6355,53,✓ Yes,completed
7,344,341,03-28,+46.8%,+27.10%,0.6355,53,✓ Yes,completed
7,344,341,03-28,+46.7%,+27.03%,0.6351,53,✓ Yes,completed
7,344,341,03-28,+46.7%,+27.03%,0.6351,53,✓ Yes,completed
7,344,342,03-28,+46.7%,+27.03%,0.6351,53,✓ Yes,completed
7,344,342,03-28,+46.5%,+26.93%,0.6347,54,✓ Yes,completed
7,344,342,03-28,+46.5%,+26.93%,0.6347,54,✓ Yes,completed
7,344,343,03-28,+46.5%,+26.93%,0.6347,54,✓ Yes,completed
7,344,343,03-28,+46.5%,+26.93%,0.6347,54,✓ Yes,completed
7,344,343,03-28,+46.4%,+26.87%,0.6344,56,✓ Yes,completed
7,344,344,03-28,+46.4%,+26.87%,0.6344,56,✓ Yes,completed
8,342,334,03-27,+49.9%,+27.56%,0.6378,57,✓ Yes,completed
8,342,334,03-27,+49.9%,+27.56%,0.6378,57,✓ Yes,completed
8,342,335,03-27,+49.9%,+27.56%,0.6378,57,✓ Yes,completed
8,342,335,03-27,+49.6%,+27.59%,0.6380,56,✓ Yes,completed
8,342,335,03-27,+49.6%,+27.59%,0.6380,56,✓ Yes,completed
8,342,336,03-27,+49.6%,+27.59%,0.6380,56,✓ Yes,completed
8,342,336,03-27,+49.0%,+27.64%,0.6382,56,✓ Yes,completed
8,342,336,03-27,+49.0%,+27.64%,0.6382,56,✓ Yes,completed
8,342,337,03-27,+49.0%,+27.64%,0.6382,56,✓ Yes,completed
8,342,337,03-27,+48.9%,+27.64%,0.6382,56,✓ Yes,completed
8,342,337,03-27,+48.9%,+27.64%,0.6382,56,✓ Yes,completed
8,342,338,03-27,+48.9%,+27.64%,0.6382,56,✓ Yes,completed
8,342,338,03-27,+48.9%,+27.64%,0.6382,56,✓ Yes,completed
8,342,338,03-27,+48.9%,+27.63%,0.6382,56,✓ Yes,completed
8,342,339,03-27,+48.9%,+27.63%,0.6382,56,✓ Yes,completed
8,342,339,03-27,+48.9%,+27.63%,0.6382,56,✓ Yes,completed
8,342,339,03-27,+48.6%,+27.52%,0.6376,57,✓ Yes,completed
8,342,340,03-27,+48.6%,+27.52%,0.6376,57,✓ Yes,completed
8,342,340,03-27,+48.6%,+27.52%,0.6376,57,✓ Yes,completed
8,342,340,03-27,+48.5%,+27.44%,0.6372,57,✓ Yes,completed
8,342,340,03-27,+48.5%,+27.44%,0.6372,57,✓ Yes,completed
8,342,341,03-27,+48.5%,+27.44%,0.6372,57,✓ Yes,completed
8,342,341,03-27,+48.3%,+27.35%,0.6368,59,✓ Yes,completed
8,342,341,03-27,+48.3%,+27.35%,0.6368,59,✓ Yes,completed
8,342,342,03-27,+48.3%,+27.35%,0.6368,59,✓ Yes,completed
8,342,342,03-27,+48.1%,+27.24%,0.6362,63,✓ Yes,completed
8,342,342,03-27,+48.1%,+27.24%,0.6362,63,✓ Yes,completed
8,343,334,03-27,+49.0%,+27.65%,0.6383,52,✓ Yes,completed
8,343,334,03-27,+49.0%,+27.65%,0.6383,52,✓ Yes,completed
8,343,335,03-27,+49.0%,+27.65%,0.6383,52,✓ Yes,completed
8,343,335,03-27,+48.9%,+27.65%,0.6382,52,✓ Yes,completed
8,343,335,03-27,+48.9%,+27.65%,0.6382,52,✓ Yes,completed
8,343,336,03-27,+48.9%,+27.65%,0.6382,52,✓ Yes,completed
8,343,336,03-27,+48.8%,+27.61%,0.6380,53,✓ Yes,completed
8,343,336,03-27,+48.8%,+27.61%,0.6380,53,✓ Yes,completed
8,343,337,03-27,+48.8%,+27.61%,0.6380,53,✓ Yes,completed
8,343,337,03-27,+48.8%,+27.61%,0.6380,53,✓ Yes,completed
8,343,337,03-27,+48.7%,+27.56%,0.6378,53,✓ Yes,completed
8,343,338,03-27,+48.7%,+27.56%,0.6378,53,✓ Yes,completed
8,343,338,03-27,+48.7%,+27.56%,0.6378,53,✓ Yes,completed
8,343,338,03-27,+48.6%,+27.53%,0.6376,53,✓ Yes,completed
8,343,338,03-27,+48.6%,+27.53%,0.6376,53,✓ Yes,completed
8,343,339,03-27,+48.6%,+27.53%,0.6376,53,✓ Yes,completed
8,343,339,03-27,+48.3%,+27.39%,0.6370,54,✓ Yes,completed
8,343,339,03-27,+48.3%,+27.39%,0.6370,54,✓ Yes,completed
8,343,340,03-27,+48.3%,+27.39%,0.6370,54,✓ Yes,completed
8,343,340,03-27,+48.3%,+27.39%,0.6370,54,✓ Yes,completed
8,343,340,03-27,+48.2%,+27.34%,0.6367,54,✓ Yes,completed
8,343,341,03-27,+48.2%,+27.34%,0.6367,54,✓ Yes,completed
8,343,341,03-27,+48.2%,+27.34%,0.6367,54,✓ Yes,completed
8,343,341,03-27,+48.1%,+27.28%,0.6364,54,✓ Yes,completed
8,343,342,03-27,+48.1%,+27.28%,0.6364,54,✓ Yes,completed
8,343,342,03-27,+48.1%,+27.28%,0.6364,54,✓ Yes,completed
8,343,342,03-27,+47.9%,+27.23%,0.6362,55,✓ Yes,completed
8,343,342,03-27,+47.9%,+27.23%,0.6362,55,✓ Yes,completed
8,343,343,03-27,+47.9%,+27.23%,0.6362,55,✓ Yes,completed
8,343,343,03-27,+47.8%,+27.22%,0.6361,57,✓ Yes,completed
8,343,343,03-27,+47.8%,+27.22%,0.6361,57,✓ Yes,completed
8,342,334,03-28,+48.5%,+27.24%,0.6362,56,✓ Yes,completed
8,342,334,03-28,+48.5%,+27.24%,0.6362,56,✓ Yes,completed
8,342,335,03-28,+48.5%,+27.24%,0.6362,56,✓ Yes,completed
8,342,335,03-28,+48.3%,+27.17%,0.6358,56,✓ Yes,completed
8,342,335,03-28,+48.3%,+27.17%,0.6358,56,✓ Yes,completed
8,342,336,03-28,+48.3%,+27.17%,0.6358,56,✓ Yes,completed
8,342,336,03-28,+48.2%,+27.12%,0.6356,57,✓ Yes,completed
8,342,336,03-28,+48.2%,+27.12%,0.6356,57,✓ Yes,completed
8,342,337,03-28,+48.2%,+27.12%,0.6356,57,✓ Yes,completed
8,342,337,03-28,+48.1%,+27.11%,0.6355,57,✓ Yes,completed
8,342,337,03-28,+48.1%,+27.11%,0.6355,57,✓ Yes,completed
8,342,338,03-28,+48.1%,+27.11%,0.6355,57,✓ Yes,completed
8,342,338,03-28,+48.1%,+27.11%,0.6355,57,✓ Yes,completed
8,342,338,03-28,+47.8%,+27.13%,0.6357,56,✓ Yes,completed
8,342,339,03-28,+47.8%,+27.13%,0.6357,56,✓ Yes,completed
8,342,339,03-28,+47.8%,+27.13%,0.6357,56,✓ Yes,completed
8,342,339,03-28,+47.2%,+27.19%,0.6359,56,✓ Yes,completed
8,342,340,03-28,+47.2%,+27.19%,0.6359,56,✓ Yes,completed
8,342,340,03-28,+47.2%,+27.19%,0.6359,56,✓ Yes,completed
8,342,340,03-28,+47.0%,+27.18%,0.6359,56,✓ Yes,completed
8,342,340,03-28,+47.0%,+27.18%,0.6359,56,✓ Yes,completed
8,342,341,03-28,+47.0%,+27.18%,0.6359,56,✓ Yes,completed
8,342,341,03-28,+46.9%,+27.11%,0.6356,58,✓ Yes,completed
8,342,341,03-28,+46.9%,+27.11%,0.6356,58,✓ Yes,completed
8,342,342,03-28,+46.9%,+27.11%,0.6356,58,✓ Yes,completed
8,342,342,03-28,+46.6%,+26.98%,0.6349,62,✓ Yes,completed
8,342,342,03-28,+46.6%,+26.98%,0.6349,62,✓ Yes,completed
8,343,334,03-28,+48.1%,+27.12%,0.6356,53,✓ Yes,completed
8,343,334,03-28,+48.1%,+27.12%,0.6356,53,✓ Yes,completed
8,343,335,03-28,+48.1%,+27.12%,0.6356,53,✓ Yes,completed
8,343,335,03-28,+48.0%,+27.12%,0.6356,53,✓ Yes,completed
8,343,335,03-28,+48.0%,+27.12%,0.6356,53,✓ Yes,completed
8,343,336,03-28,+48.0%,+27.12%,0.6356,53,✓ Yes,completed
8,343,336,03-28,+47.7%,+27.14%,0.6357,53,✓ Yes,completed
8,343,336,03-28,+47.7%,+27.14%,0.6357,53,✓ Yes,completed
8,343,337,03-28,+47.7%,+27.14%,0.6357,53,✓ Yes,completed
8,343,337,03-28,+47.7%,+27.14%,0.6357,53,✓ Yes,completed
8,343,337,03-28,+47.6%,+27.15%,0.6358,53,✓ Yes,completed
8,343,338,03-28,+47.6%,+27.15%,0.6358,53,✓ Yes,completed
8,343,338,03-28,+47.6%,+27.15%,0.6358,53,✓ Yes,completed
8,343,338,03-28,+47.2%,+27.20%,0.6360,52,✓ Yes,completed
8,343,338,03-28,+47.2%,+27.20%,0.6360,52,✓ Yes,completed
8,343,339,03-28,+47.2%,+27.20%,0.6360,52,✓ Yes,completed
8,343,339,03-28,+46.9%,+27.15%,0.6358,53,✓ Yes,completed
8,343,339,03-28,+46.9%,+27.15%,0.6358,53,✓ Yes,completed
8,343,340,03-28,+46.9%,+27.15%,0.6358,53,✓ Yes,completed
8,343,340,03-28,+46.9%,+27.15%,0.6358,53,✓ Yes,completed
8,343,340,03-28,+46.8%,+27.10%,0.6355,53,✓ Yes,completed
8,343,341,03-28,+46.8%,+27.10%,0.6355,53,✓ Yes,completed
8,343,341,03-28,+46.8%,+27.10%,0.6355,53,✓ Yes,completed
8,343,341,03-28,+46.7%,+27.03%,0.6351,53,✓ Yes,completed
8,343,342,03-28,+46.7%,+27.03%,0.6351,53,✓ Yes,completed
8,343,342,03-28,+46.7%,+27.03%,0.6351,53,✓ Yes,completed
8,343,342,03-28,+46.5%,+26.93%,0.6347,54,✓ Yes,completed
8,343,342,03-28,+46.5%,+26.93%,0.6347,54,✓ Yes,completed
8,343,343,03-28,+46.5%,+26.93%,0.6347,54,✓ Yes,completed
8,343,343,03-28,+46.4%,+26.87%,0.6344,56,✓ Yes,completed
8,343,343,03-28,+46.4%,+26.87%,0.6344,56,✓ Yes,completed
9,343,335,03-27,+49.9%,+27.56%,0.6378,57,✓ Yes,completed
9,343,335,03-27,+49.9%,+27.56%,0.6378,57,✓ Yes,completed
9,343,335,03-27,+49.6%,+27.59%,0.6380,56,✓ Yes,completed
9,343,335,03-27,+49.6%,+27.59%,0.6380,56,✓ Yes,completed
9,343,336,03-27,+49.6%,+27.59%,0.6380,56,✓ Yes,completed
9,343,336,03-27,+49.0%,+27.64%,0.6382,56,✓ Yes,completed
9,343,336,03-27,+49.0%,+27.64%,0.6382,56,✓ Yes,completed
9,343,337,03-27,+49.0%,+27.64%,0.6382,56,✓ Yes,completed
9,343,337,03-27,+48.9%,+27.64%,0.6382,56,✓ Yes,completed
9,343,337,03-27,+48.9%,+27.64%,0.6382,56,✓ Yes,completed
9,343,338,03-27,+48.9%,+27.64%,0.6382,56,✓ Yes,completed
9,343,338,03-27,+48.9%,+27.63%,0.6382,56,✓ Yes,completed
9,343,338,03-27,+48.9%,+27.63%,0.6382,56,✓ Yes,completed
9,343,339,03-27,+48.9%,+27.63%,0.6382,56,✓ Yes,completed
9,343,339,03-27,+48.9%,+27.63%,0.6382,56,✓ Yes,completed
9,343,339,03-27,+48.6%,+27.52%,0.6376,57,✓ Yes,completed
9,343,340,03-27,+48.6%,+27.52%,0.6376,57,✓ Yes,completed
9,343,340,03-27,+48.6%,+27.52%,0.6376,57,✓ Yes,completed
9,343,340,03-27,+48.5%,+27.44%,0.6372,57,✓ Yes,completed
9,343,341,03-27,+48.5%,+27.44%,0.6372,57,✓ Yes,completed
9,343,341,03-27,+48.5%,+27.44%,0.6372,57,✓ Yes,completed
9,343,341,03-27,+48.3%,+27.35%,0.6368,59,✓ Yes,completed
9,343,341,03-27,+48.3%,+27.35%,0.6368,59,✓ Yes,completed
9,343,342,03-27,+48.3%,+27.35%,0.6368,59,✓ Yes,completed
9,343,342,03-27,+48.1%,+27.24%,0.6362,63,✓ Yes,completed
9,343,342,03-27,+48.1%,+27.24%,0.6362,63,✓ Yes,completed
9,343,343,03-27,+48.1%,+27.24%,0.6362,63,✓ Yes,completed
9,343,335,03-28,+48.5%,+27.24%,0.6362,56,✓ Yes,completed
9,343,335,03-28,+48.5%,+27.24%,0.6362,56,✓ Yes,completed
9,343,335,03-28,+48.3%,+27.17%,0.6358,56,✓ Yes,completed
9,343,335,03-28,+48.3%,+27.17%,0.6358,56,✓ Yes,completed
9,343,336,03-28,+48.3%,+27.17%,0.6358,56,✓ Yes,completed
9,343,336,03-28,+48.2%,+27.12%,0.6356,57,✓ Yes,completed
9,343,336,03-28,+48.2%,+27.12%,0.6356,57,✓ Yes,completed
9,343,337,03-28,+48.2%,+27.12%,0.6356,57,✓ Yes,completed
9,343,337,03-28,+48.1%,+27.11%,0.6355,57,✓ Yes,completed
9,343,337,03-28,+48.1%,+27.11%,0.6355,57,✓ Yes,completed
9,343,338,03-28,+48.1%,+27.11%,0.6355,57,✓ Yes,completed
9,343,338,03-28,+47.8%,+27.13%,0.6357,56,✓ Yes,completed
9,343,338,03-28,+47.8%,+27.13%,0.6357,56,✓ Yes,completed
9,343,339,03-28,+47.8%,+27.13%,0.6357,56,✓ Yes,completed
9,343,339,03-28,+47.8%,+27.13%,0.6357,56,✓ Yes,completed
9,343,339,03-28,+47.2%,+27.19%,0.6359,56,✓ Yes,completed
9,343,340,03-28,+47.2%,+27.19%,0.6359,56,✓ Yes,completed
9,343,340,03-28,+47.2%,+27.19%,0.6359,56,✓ Yes,completed
9,343,340,03-28,+47.0%,+27.18%,0.6359,56,✓ Yes,completed
9,343,341,03-28,+47.0%,+27.18%,0.6359,56,✓ Yes,completed
9,343,341,03-28,+47.0%,+27.18%,0.6359,56,✓ Yes,completed
9,343,341,03-28,+46.9%,+27.11%,0.6356,58,✓ Yes,completed
9,343,341,03-28,+46.9%,+27.11%,0.6356,58,✓ Yes,completed
9,343,342,03-28,+46.9%,+27.11%,0.6356,58,✓ Yes,completed
9,343,342,03-28,+46.6%,+26.98%,0.6349,62,✓ Yes,completed
9,343,342,03-28,+46.6%,+26.98%,0.6349,62,✓ Yes,completed
9,343,343,03-28,+46.6%,+26.98%,0.6349,62,✓ Yes,completed
