Iter,θ_p,θ_r,Start,Overhead %,CO₂ Save %,Score,Pauses,Budget,Stop
0,10,0,01-01,+50.0%,+95.75%,0.9787,1,✗ No,budget_exceeded
0,10,10,01-01,+50.0%,+95.75%,0.9787,1,✗ No,budget_exceeded
0,98,0,01-01,+50.0%,+95.75%,0.9787,1,✗ No,budget_exceeded
0,98,98,01-01,+50.0%,+95.75%,0.9787,1,✗ No,budget_exceeded
0,186,0,01-01,+50.0%,+95.75%,0.9787,1,✗ No,budget_exceeded
0,186,186,01-01,+50.0%,+95.75%,0.9787,1,✗ No,budget_exceeded
0,273,0,01-01,+50.0%,+95.75%,0.9787,1,✗ No,budget_exceeded
0,273,137,01-01,+50.0%,+95.75%,0.9787,1,✗ No,budget_exceeded
0,273,273,01-01,+50.0%,+95.75%,0.9787,1,✗ No,budget_exceeded
0,361,0,01-01,+50.0%,+95.75%,0.9787,1,✗ No,budget_exceeded
0,361,90,01-01,+50.0%,+95.75%,0.9787,1,✗ No,budget_exceeded
0,361,181,01-01,+50.0%,+95.75%,0.9787,1,✗ No,budget_exceeded
0,361,271,01-01,+50.0%,+95.75%,0.9787,1,✗ No,budget_exceeded
0,361,361,01-01,+50.0%,+51.28%,0.7564,62,✗ No,budget_exceeded
0,449,0,01-01,+0.0%,+0.00%,0.5000,0,✓ Yes,completed
0,449,90,01-01,+0.0%,+0.00%,0.5000,0,✓ Yes,completed
0,449,180,01-01,+0.0%,+0.00%,0.5000,0,✓ Yes,completed
0,449,269,01-01,+0.0%,+0.00%,0.5000,0,✓ Yes,completed
0,449,359,01-01,+0.0%,+0.00%,0.5000,0,✓ Yes,completed
0,449,449,01-01,+0.0%,+0.00%,0.5000,0,✓ Yes,completed
0,537,0,01-01,+0.0%,+0.00%,0.5000,0,✓ Yes,completed
0,537,89,01-01,+0.0%,+0.00%,0.5000,0,✓ Yes,completed
0,537,179,01-01,+0.0%,+0.00%,0.5000,0,✓ Yes,completed
0,537,268,01-01,+0.0%,+0.00%,0.5000,0,✓ Yes,completed
0,537,358,01-01,+0.0%,+0.00%,0.5000,0,✓ Yes,completed
0,537,447,01-01,+0.0%,+0.00%,0.5000,0,✓ Yes,completed
0,537,537,01-01,+0.0%,+0.00%,0.5000,0,✓ Yes,completed
0,624,0,01-01,+0.0%,+0.00%,0.5000,0,✓ Yes,completed
0,624,89,01-01,+0.0%,+0.00%,0.5000,0,✓ Yes,completed
0,624,178,01-01,+0.0%,+0.00%,0.5000,0,✓ Yes,completed
0,624,268,01-01,+0.0%,+0.00%,0.5000,0,✓ Yes,completed
0,624,357,01-01,+0.0%,+0.00%,0.5000,0,✓ Yes,completed
0,624,446,01-01,+0.0%,+0.00%,0.5000,0,✓ Yes,completed
0,624,535,01-01,+0.0%,+0.00%,0.5000,0,✓ Yes,completed
0,624,624,01-01,+0.0%,+0.00%,0.5000,0,✓ Yes,completed
0,712,0,01-01,+0.0%,+0.00%,0.5000,0,✓ Yes,completed
0,712,89,01-01,+0.0%,+0.00%,0.5000,0,✓ Yes,completed
0,712,178,01-01,+0.0%,+0.00%,0.5000,0,✓ Yes,completed
0,712,267,01-01,+0.0%,+0.00%,0.5000,0,✓ Yes,completed
0,712,356,01-01,+0.0%,+0.00%,0.5000,0,✓ Yes,completed
0,712,445,01-01,+0.0%,+0.00%,0.5000,0,✓ Yes,completed
0,712,534,01-01,+0.0%,+0.00%,0.5000,0,✓ Yes,completed
0,712,623,01-01,+0.0%,+0.00%,0.5000,0,✓ Yes,completed
0,712,712,01-01,+0.0%,+0.00%,0.5000,0,✓ Yes,completed
0,800,0,01-01,+0.0%,+0.00%,0.5000,0,✓ Yes,completed
0,800,89,01-01,+0.0%,+0.00%,0.5000,0,✓ Yes,completed
0,800,178,01-01,+0.0%,+0.00%,0.5000,0,✓ Yes,completed
0,800,267,01-01,+0.0%,+0.00%,0.5000,0,✓ Yes,completed
0,800,356,01-01,+0.0%,+0.00%,0.5000,0,✓ Yes,completed
0,800,444,01-01,+0.0%,+0.00%,0.5000,0,✓ Yes,completed
0,800,533,01-01,+0.0%,+0.00%,0.5000,0,✓ Yes,completed
0,800,622,01-01,+0.0%,+0.00%,0.5000,0,✓ Yes,completed
0,800,711,01-01,+0.0%,+0.00%,0.5000,0,✓ Yes,completed
0,800,800,01-01,+0.0%,+0.00%,0.5000,0,✓ Yes,completed
0,10,0,03-03,+50.0%,+95.32%,0.9766,1,✗ No,budget_exceeded
0,10,10,03-03,+50.0%,+95.32%,0.9766,1,✗ No,budget_exceeded
0,98,0,03-03,+50.0%,+95.32%,0.9766,1,✗ No,budget_exceeded
0,98,98,03-03,+50.0%,+95.32%,0.9766,1,✗ No,budget_exceeded
0,186,0,03-03,+50.0%,+95.32%,0.9766,1,✗ No,budget_exceeded
0,186,186,03-03,+50.0%,+95.32%,0.9766,1,✗ No,budget_exceeded
0,273,0,03-03,+50.0%,+95.32%,0.9766,1,✗ No,budget_exceeded
0,273,137,03-03,+50.0%,+95.32%,0.9766,1,✗ No,budget_exceeded
0,273,273,03-03,+50.0%,+87.46%,0.9373,33,✗ No,budget_exceeded
0,361,0,03-03,+50.0%,+94.97%,0.9748,1,✗ No,budget_exceeded
0,361,90,03-03,+50.0%,+94.97%,0.9748,1,✗ No,budget_exceeded
0,361,181,03-03,+50.0%,+94.97%,0.9748,1,✗ No,budget_exceeded
0,361,271,03-03,+37.2%,+7.70%,0.5385,21,✓ Yes,completed
0,361,361,03-03,+20.0%,+5.06%,0.5253,61,✓ Yes,completed
0,449,0,03-03,+0.0%,+0.00%,0.5000,0,✓ Yes,completed
0,449,90,03-03,+0.0%,+0.00%,0.5000,0,✓ Yes,completed
0,449,180,03-03,+0.0%,+0.00%,0.5000,0,✓ Yes,completed
0,449,269,03-03,+0.0%,+0.00%,0.5000,0,✓ Yes,completed
0,449,359,03-03,+0.0%,+0.00%,0.5000,0,✓ Yes,completed
0,449,449,03-03,+0.0%,+0.00%,0.5000,0,✓ Yes,completed
0,537,0,03-03,+0.0%,+0.00%,0.5000,0,✓ Yes,completed
0,537,89,03-03,+0.0%,+0.00%,0.5000,0,✓ Yes,completed
0,537,179,03-03,+0.0%,+0.00%,0.5000,0,✓ Yes,completed
0,537,268,03-03,+0.0%,+0.00%,0.5000,0,✓ Yes,completed
0,537,358,03-03,+0.0%,+0.00%,0.5000,0,✓ Yes,completed
0,537,447,03-03,+0.0%,+0.00%,0.5000,0,✓ Yes,completed
0,537,537,03-03,+0.0%,+0.00%,0.5000,0,✓ Yes,completed
0,624,0,03-03,+0.0%,+0.00%,0.5000,0,✓ Yes,completed
0,624,89,03-03,+0.0%,+0.00%,0.5000,0,✓ Yes,completed
0,624,178,03-03,+0.0%,+0.00%,0.5000,0,✓ Yes,completed
0,624,268,03-03,+0.0%,+0.00%,0.5000,0,✓ Yes,completed
0,624,357,03-03,+0.0%,+0.00%,0.5000,0,✓ Yes,completed
0,624,446,03-03,+0.0%,+0.00%,0.5000,0,✓ Yes,completed
0,624,535,03-03,+0.0%,+0.00%,0.5000,0,✓ Yes,completed
0,624,624,03-03,+0.0%,+0.00%,0.5000,0,✓ Yes,completed
0,712,0,03-03,+0.0%,+0.00%,0.5000,0,✓ Yes,completed
0,712,89,03-03,+0.0%,+0.00%,0.5000,0,✓ Yes,completed
0,712,178,03-03,+0.0%,+0.00%,0.5000,0,✓ Yes,completed
0,712,267,03-03,+0.0%,+0.00%,0.5000,0,✓ Yes,completed
0,712,356,03-03,+0.0%,+0.00%,0.5000,0,✓ Yes,completed
0,712,445,03-03,+0.0%,+0.00%,0.5000,0,✓ Yes,completed
0,712,534,03-03,+0.0%,+0.00%,0.5000,0,✓ Yes,completed
0,712,623,03-03,+0.0%,+0.00%,0.5000,0,✓ Yes,completed
0,712,712,03-03,+0.0%,+0.00%,0.5000,0,✓ Yes,completed
0,800,0,03-03,+0.0%,+0.00%,0.5000,0,✓ Yes,completed
0,800,89,03-03,+0.0%,+0.00%,0.5000,0,✓ Yes,completed
0,800,178,03-03,+0.0%,+0.00%,0.5000,0,✓ Yes,completed
0,800,267,03-03,+0.0%,+0.00%,0.5000,0,✓ Yes,completed
0,800,356,03-03,+0.0%,+0.00%,0.5000,0,✓ Yes,completed
0,800,444,03-03,+0.0%,+0.00%,0.5000,0,✓ Yes,completed
0,800,533,03-03,+0.0%,+0.00%,0.5000,0,✓ Yes,completed
0,800,622,03-03,+0.0%,+0.00%,0.5000,0,✓ Yes,completed
0,800,711,03-03,+0.0%,+0.00%,0.5000,0,✓ Yes,completed
0,800,800,03-03,+0.0%,+0.00%,0.5000,0,✓ Yes,completed
0,10,0,05-03,+50.0%,+95.92%,0.9796,1,✗ No,budget_exceeded
0,10,10,05-03,+50.0%,+95.92%,0.9796,1,✗ No,budget_exceeded
0,98,0,05-03,+50.0%,+95.92%,0.9796,1,✗ No,budget_exceeded
0,98,98,05-03,+50.0%,+95.92%,0.9796,1,✗ No,budget_exceeded
0,186,0,05-03,+50.0%,+95.92%,0.9796,1,✗ No,budget_exceeded
0,186,186,05-03,+50.0%,+93.32%,0.9666,21,✗ No,budget_exceeded
0,273,0,05-03,+50.0%,+95.92%,0.9796,1,✗ No,budget_exceeded
0,273,137,05-03,+50.0%,+95.92%,0.9796,1,✗ No,budget_exceeded
0,273,273,05-03,+50.0%,+46.60%,0.7330,90,✗ No,budget_exceeded
0,361,0,05-03,+50.0%,+8.48%,0.5424,1,✗ No,budget_exceeded
0,361,90,05-03,+50.0%,+8.48%,0.5424,1,✗ No,budget_exceeded
0,361,181,05-03,+50.0%,+5.73%,0.5286,2,✗ No,budget_exceeded
0,361,271,05-03,+2.9%,+0.15%,0.5008,3,✓ Yes,completed
0,361,361,05-03,+1.2%,+0.26%,0.5013,3,✓ Yes,completed
0,449,0,05-03,+0.0%,+0.00%,0.5000,0,✓ Yes,completed
0,449,90,05-03,+0.0%,+0.00%,0.5000,0,✓ Yes,completed
0,449,180,05-03,+0.0%,+0.00%,0.5000,0,✓ Yes,completed
0,449,269,05-03,+0.0%,+0.00%,0.5000,0,✓ Yes,completed
0,449,359,05-03,+0.0%,+0.00%,0.5000,0,✓ Yes,completed
0,449,449,05-03,+0.0%,+0.00%,0.5000,0,✓ Yes,completed
0,537,0,05-03,+0.0%,+0.00%,0.5000,0,✓ Yes,completed
0,537,89,05-03,+0.0%,+0.00%,0.5000,0,✓ Yes,completed
0,537,179,05-03,+0.0%,+0.00%,0.5000,0,✓ Yes,completed
0,537,268,05-03,+0.0%,+0.00%,0.5000,0,✓ Yes,completed
0,537,358,05-03,+0.0%,+0.00%,0.5000,0,✓ Yes,completed
0,537,447,05-03,+0.0%,+0.00%,0.5000,0,✓ Yes,completed
0,537,537,05-03,+0.0%,+0.00%,0.5000,0,✓ Yes,completed
0,624,0,05-03,+0.0%,+0.00%,0.5000,0,✓ Yes,completed
0,624,89,05-03,+0.0%,+0.00%,0.5000,0,✓ Yes,completed
0,624,178,05-03,+0.0%,+0.00%,0.5000,0,✓ Yes,completed
0,624,268,05-03,+0.0%,+0.00%,0.5000,0,✓ Yes,completed
0,624,357,05-03,+0.0%,+0.00%,0.5000,0,✓ Yes,completed
0,624,446,05-03,+0.0%,+0.00%,0.5000,0,✓ Yes,completed
0,624,535,05-03,+0.0%,+0.00%,0.5000,0,✓ Yes,completed
0,624,624,05-03,+0.0%,+0.00%,0.5000,0,✓ Yes,completed
0,712,0,05-03,+0.0%,+0.00%,0.5000,0,✓ Yes,completed
0,712,89,05-03,+0.0%,+0.00%,0.5000,0,✓ Yes,completed
0,712,178,05-03,+0.0%,+0.00%,0.5000,0,✓ Yes,completed
0,712,267,05-03,+0.0%,+0.00%,0.5000,0,✓ Yes,completed
0,712,356,05-03,+0.0%,+0.00%,0.5000,0,✓ Yes,completed
0,712,445,05-03,+0.0%,+0.00%,0.5000,0,✓ Yes,completed
0,712,534,05-03,+0.0%,+0.00%,0.5000,0,✓ Yes,completed
0,712,623,05-03,+0.0%,+0.00%,0.5000,0,✓ Yes,completed
0,712,712,05-03,+0.0%,+0.00%,0.5000,0,✓ Yes,completed
0,800,0,05-03,+0.0%,+0.00%,0.5000,0,✓ Yes,completed
0,800,89,05-03,+0.0%,+0.00%,0.5000,0,✓ Yes,completed
0,800,178,05-03,+0.0%,+0.00%,0.5000,0,✓ Yes,completed
0,800,267,05-03,+0.0%,+0.00%,0.5000,0,✓ Yes,completed
0,800,356,05-03,+0.0%,+0.00%,0.5000,0,✓ Yes,completed
0,800,444,05-03,+0.0%,+0.00%,0.5000,0,✓ Yes,completed
0,800,533,05-03,+0.0%,+0.00%,0.5000,0,✓ Yes,completed
0,800,622,05-03,+0.0%,+0.00%,0.5000,0,✓ Yes,completed
0,800,711,05-03,+0.0%,+0.00%,0.5000,0,✓ Yes,completed
0,800,800,05-03,+0.0%,+0.00%,0.5000,0,✓ Yes,completed
0,10,0,07-03,+50.0%,+95.68%,0.9784,1,✗ No,budget_exceeded
0,10,10,07-03,+50.0%,+95.68%,0.9784,1,✗ No,budget_exceeded
0,98,0,07-03,+50.0%,+95.68%,0.9784,1,✗ No,budget_exceeded
0,98,98,07-03,+50.0%,+95.68%,0.9784,1,✗ No,budget_exceeded
0,186,0,07-03,+50.0%,+95.68%,0.9784,1,✗ No,budget_exceeded
0,186,186,07-03,+50.0%,+95.44%,0.9772,2,✗ No,budget_exceeded
0,273,0,07-03,+50.0%,+95.68%,0.9784,1,✗ No,budget_exceeded
0,273,137,07-03,+50.0%,+95.68%,0.9784,1,✗ No,budget_exceeded
0,273,273,07-03,+50.0%,+76.49%,0.8825,40,✗ No,budget_exceeded
0,361,0,07-03,+50.0%,+92.41%,0.9621,1,✗ No,budget_exceeded
0,361,90,07-03,+50.0%,+92.41%,0.9621,1,✗ No,budget_exceeded
0,361,181,07-03,+50.0%,+90.06%,0.9503,2,✗ No,budget_exceeded
0,361,271,07-03,+50.0%,+18.00%,0.5900,46,✗ No,budget_exceeded
0,361,361,07-03,+18.7%,+0.80%,0.5040,66,✓ Yes,completed
0,449,0,07-03,+0.0%,+0.00%,0.5000,0,✓ Yes,completed
0,449,90,07-03,+0.0%,+0.00%,0.5000,0,✓ Yes,completed
0,449,180,07-03,+0.0%,+0.00%,0.5000,0,✓ Yes,completed
0,449,269,07-03,+0.0%,+0.00%,0.5000,0,✓ Yes,completed
0,449,359,07-03,+0.0%,+0.00%,0.5000,0,✓ Yes,completed
0,449,449,07-03,+0.0%,+0.00%,0.5000,0,✓ Yes,completed
0,537,0,07-03,+0.0%,+0.00%,0.5000,0,✓ Yes,completed
0,537,89,07-03,+0.0%,+0.00%,0.5000,0,✓ Yes,completed
0,537,179,07-03,+0.0%,+0.00%,0.5000,0,✓ Yes,completed
0,537,268,07-03,+0.0%,+0.00%,0.5000,0,✓ Yes,completed
0,537,358,07-03,+0.0%,+0.00%,0.5000,0,✓ Yes,completed
0,537,447,07-03,+0.0%,+0.00%,0.5000,0,✓ Yes,completed
0,537,537,07-03,+0.0%,+0.00%,0.5000,0,✓ Yes,completed
0,624,0,07-03,+0.0%,+0.00%,0.5000,0,✓ Yes,completed
0,624,89,07-03,+0.0%,+0.00%,0.5000,0,✓ Yes,completed
0,624,178,07-03,+0.0%,+0.00%,0.5000,0,✓ Yes,completed
0,624,268,07-03,+0.0%,+0.00%,0.5000,0,✓ Yes,completed
0,624,357,07-03,+0.0%,+0.00%,0.5000,0,✓ Yes,completed
0,624,446,07-03,+0.0%,+0.00%,0.5000,0,✓ Yes,completed
0,624,535,07-03,+0.0%,+0.00%,0.5000,0,✓ Yes,completed
0,624,624,07-03,+0.0%,+0.00%,0.5000,0,✓ Yes,completed
0,712,0,07-03,+0.0%,+0.00%,0.5000,0,✓ Yes,completed
0,712,89,07-03,+0.0%,+0.00%,0.5000,0,✓ Yes,completed
0,712,178,07-03,+0.0%,+0.00%,0.5000,0,✓ Yes,completed
0,712,267,07-03,+0.0%,+0.00%,0.5000,0,✓ Yes,completed
0,712,356,07-03,+0.0%,+0.00%,0.5000,0,✓ Yes,completed
0,712,445,07-03,+0.0%,+0.00%,0.5000,0,✓ Yes,completed
0,712,534,07-03,+0.0%,+0.00%,0.5000,0,✓ Yes,completed
0,712,623,07-03,+0.0%,+0.00%,0.5000,0,✓ Yes,completed
0,712,712,07-03,+0.0%,+0.00%,0.5000,0,✓ Yes,completed
0,800,0,07-03,+0.0%,+0.00%,0.5000,0,✓ Yes,completed
0,800,89,07-03,+0.0%,+0.00%,0.5000,0,✓ Yes,completed
0,800,178,07-03,+0.0%,+0.00%,0.5000,0,✓ Yes,completed
0,800,267,07-03,+0.0%,+0.00%,0.5000,0,✓ Yes,completed
0,800,356,07-03,+0.0%,+0.00%,0.5000,0,✓ Yes,completed
0,800,444,07-03,+0.0%,+0.00%,0.5000,0,✓ Yes,completed
0,800,533,07-03,+0.0%,+0.00%,0.5000,0,✓ Yes,completed
0,800,622,07-03,+0.0%,+0.00%,0.5000,0,✓ Yes,completed
0,800,711,07-03,+0.0%,+0.00%,0.5000,0,✓ Yes,completed
0,800,800,07-03,+0.0%,+0.00%,0.5000,0,✓ Yes,completed
0,10,0,09-02,+50.0%,+95.69%,0.9785,1,✗ No,budget_exceeded
0,10,10,09-02,+50.0%,+95.69%,0.9785,1,✗ No,budget_exceeded
0,98,0,09-02,+50.0%,+95.69%,0.9785,1,✗ No,budget_exceeded
0,98,98,09-02,+50.0%,+95.69%,0.9785,1,✗ No,budget_exceeded
0,186,0,09-02,+50.0%,+95.69%,0.9785,1,✗ No,budget_exceeded
0,186,186,09-02,+50.0%,+95.69%,0.9785,1,✗ No,budget_exceeded
0,273,0,09-02,+50.0%,+95.69%,0.9785,1,✗ No,budget_exceeded
0,273,137,09-02,+50.0%,+95.69%,0.9785,1,✗ No,budget_exceeded
0,273,273,09-02,+50.0%,+83.96%,0.9198,34,✗ No,budget_exceeded
0,361,0,09-02,+50.0%,+95.61%,0.9780,1,✗ No,budget_exceeded
0,361,90,09-02,+50.0%,+95.61%,0.9780,1,✗ No,budget_exceeded
0,361,181,09-02,+50.0%,+95.61%,0.9780,1,✗ No,budget_exceeded
0,361,271,09-02,+50.0%,+25.85%,0.6293,28,✗ No,budget_exceeded
0,361,361,09-02,+15.1%,+1.80%,0.5090,57,✓ Yes,completed
0,449,0,09-02,+0.0%,+0.00%,0.5000,0,✓ Yes,completed
0,449,90,09-02,+0.0%,+0.00%,0.5000,0,✓ Yes,completed
0,449,180,09-02,+0.0%,+0.00%,0.5000,0,✓ Yes,completed
0,449,269,09-02,+0.0%,+0.00%,0.5000,0,✓ Yes,completed
0,449,359,09-02,+0.0%,+0.00%,0.5000,0,✓ Yes,completed
0,449,449,09-02,+0.0%,+0.00%,0.5000,0,✓ Yes,completed
0,537,0,09-02,+0.0%,+0.00%,0.5000,0,✓ Yes,completed
0,537,89,09-02,+0.0%,+0.00%,0.5000,0,✓ Yes,completed
0,537,179,09-02,+0.0%,+0.00%,0.5000,0,✓ Yes,completed
0,537,268,09-02,+0.0%,+0.00%,0.5000,0,✓ Yes,completed
0,537,358,09-02,+0.0%,+0.00%,0.5000,0,✓ Yes,completed
0,537,447,09-02,+0.0%,+0.00%,0.5000,0,✓ Yes,completed
0,537,537,09-02,+0.0%,+0.00%,0.5000,0,✓ Yes,completed
0,624,0,09-02,+0.0%,+0.00%,0.5000,0,✓ Yes,completed
0,624,89,09-02,+0.0%,+0.00%,0.5000,0,✓ Yes,completed
0,624,178,09-02,+0.0%,+0.00%,0.5000,0,✓ Yes,completed
0,624,268,09-02,+0.0%,+0.00%,0.5000,0,✓ Yes,completed
0,624,357,09-02,+0.0%,+0.00%,0.5000,0,✓ Yes,completed
0,624,446,09-02,+0.0%,+0.00%,0.5000,0,✓ Yes,completed
0,624,535,09-02,+0.0%,+0.00%,0.5000,0,✓ Yes,completed
0,624,624,09-02,+0.0%,+0.00%,0.5000,0,✓ Yes,completed
0,712,0,09-02,+0.0%,+0.00%,0.5000,0,✓ Yes,completed
0,712,89,09-02,+0.0%,+0.00%,0.5000,0,✓ Yes,completed
0,712,178,09-02,+0.0%,+0.00%,0.5000,0,✓ Yes,completed
0,712,267,09-02,+0.0%,+0.00%,0.5000,0,✓ Yes,completed
0,712,356,09-02,+0.0%,+0.00%,0.5000,0,✓ Yes,completed
0,712,445,09-02,+0.0%,+0.00%,0.5000,0,✓ Yes,completed
0,712,534,09-02,+0.0%,+0.00%,0.5000,0,✓ Yes,completed
0,712,623,09-02,+0.0%,+0.00%,0.5000,0,✓ Yes,completed
0,712,712,09-02,+0.0%,+0.00%,0.5000,0,✓ Yes,completed
0,800,0,09-02,+0.0%,+0.00%,0.5000,0,✓ Yes,completed
0,800,89,09-02,+0.0%,+0.00%,0.5000,0,✓ Yes,completed
0,800,178,09-02,+0.0%,+0.00%,0.5000,0,✓ Yes,completed
0,800,267,09-02,+0.0%,+0.00%,0.5000,0,✓ Yes,completed
0,800,356,09-02,+0.0%,+0.00%,0.5000,0,✓ Yes,completed
0,800,444,09-02,+0.0%,+0.00%,0.5000,0,✓ Yes,completed
0,800,533,09-02,+0.0%,+0.00%,0.5000,0,✓ Yes,completed
0,800,622,09-02,+0.0%,+0.00%,0.5000,0,✓ Yes,completed
0,800,711,09-02,+0.0%,+0.00%,0.5000,0,✓ Yes,completed
0,800,800,09-02,+0.0%,+0.00%,0.5000,0,✓ Yes,completed
0,10,0,11-02,+50.0%,+95.88%,0.9794,1,✗ No,budget_exceeded
0,10,10,11-02,+50.0%,+95.88%,0.9794,1,✗ No,budget_exceeded
0,98,0,11-02,+50.0%,+95.88%,0.9794,1,✗ No,budget_exceeded
0,98,98,11-02,+50.0%,+95.88%,0.9794,1,✗ No,budget_exceeded
0,186,0,11-02,+50.0%,+95.88%,0.9794,1,✗ No,budget_exceeded
0,186,186,11-02,+50.0%,+95.88%,0.9794,1,✗ No,budget_exceeded
0,273,0,11-02,+50.0%,+95.88%,0.9794,1,✗ No,budget_exceeded
0,273,137,11-02,+50.0%,+95.88%,0.9794,1,✗ No,budget_exceeded
0,273,273,11-02,+50.0%,+93.33%,0.9666,11,✗ No,budget_exceeded
0,361,0,11-02,+50.0%,+87.95%,0.9397,1,✗ No,budget_exceeded
0,361,90,11-02,+50.0%,+87.95%,0.9397,1,✗ No,budget_exceeded
0,361,181,11-02,+50.0%,+87.95%,0.9397,1,✗ No,budget_exceeded
0,361,271,11-02,+50.0%,+79.02%,0.8951,4,✗ No,budget_exceeded
0,361,361,11-02,+31.8%,+0.75%,0.5037,61,✓ Yes,completed
0,449,0,11-02,+0.0%,+0.00%,0.5000,0,✓ Yes,completed
0,449,90,11-02,+0.0%,+0.00%,0.5000,0,✓ Yes,completed
0,449,180,11-02,+0.0%,+0.00%,0.5000,0,✓ Yes,completed
0,449,269,11-02,+0.0%,+0.00%,0.5000,0,✓ Yes,completed
0,449,359,11-02,+0.0%,+0.00%,0.5000,0,✓ Yes,completed
0,449,449,11-02,+0.0%,+0.00%,0.5000,0,✓ Yes,completed
0,537,0,11-02,+0.0%,+0.00%,0.5000,0,✓ Yes,completed
0,537,89,11-02,+0.0%,+0.00%,0.5000,0,✓ Yes,completed
0,537,179,11-02,+0.0%,+0.00%,0.5000,0,✓ Yes,completed
0,537,268,11-02,+0.0%,+0.00%,0.5000,0,✓ Yes,completed
0,537,358,11-02,+0.0%,+0.00%,0.5000,0,✓ Yes,completed
0,537,447,11-02,+0.0%,+0.00%,0.5000,0,✓ Yes,completed
0,537,537,11-02,+0.0%,+0.00%,0.5000,0,✓ Yes,completed
0,624,0,11-02,+0.0%,+0.00%,0.5000,0,✓ Yes,completed
0,624,89,11-02,+0.0%,+0.00%,0.5000,0,✓ Yes,completed
0,624,178,11-02,+0.0%,+0.00%,0.5000,0,✓ Yes,completed
0,624,268,11-02,+0.0%,+0.00%,0.5000,0,✓ Yes,completed
0,624,357,11-02,+0.0%,+0.00%,0.5000,0,✓ Yes,completed
0,624,446,11-02,+0.0%,+0.00%,0.5000,0,✓ Yes,completed
0,624,535,11-02,+0.0%,+0.00%,0.5000,0,✓ Yes,completed
0,624,624,11-02,+0.0%,+0.00%,0.5000,0,✓ Yes,completed
0,712,0,11-02,+0.0%,+0.00%,0.5000,0,✓ Yes,completed
0,712,89,11-02,+0.0%,+0.00%,0.5000,0,✓ Yes,completed
0,712,178,11-02,+0.0%,+0.00%,0.5000,0,✓ Yes,completed
0,712,267,11-02,+0.0%,+0.00%,0.5000,0,✓ Yes,completed
0,712,356,11-02,+0.0%,+0.00%,0.5000,0,✓ Yes,completed
0,712,445,11-02,+0.0%,+0.00%,0.5000,0,✓ Yes,completed
0,712,534,11-02,+0.0%,+0.00%,0.5000,0,✓ Yes,completed
0,712,623,11-02,+0.0%,+0.00%,0.5000,0,✓ Yes,completed
0,712,712,11-02,+0.0%,+0.00%,0.5000,0,✓ Yes,completed
0,800,0,11-02,+0.0%,+0.00%,0.5000,0,✓ Yes,completed
0,800,89,11-02,+0.0%,+0.00%,0.5000,0,✓ Yes,completed
0,800,178,11-02,+0.0%,+0.00%,0.5000,0,✓ Yes,completed
0,800,267,11-02,+0.0%,+0.00%,0.5000,0,✓ Yes,completed
0,800,356,11-02,+0.0%,+0.00%,0.5000,0,✓ Yes,completed
0,800,444,11-02,+0.0%,+0.00%,0.5000,0,✓ Yes,completed
0,800,533,11-02,+0.0%,+0.00%,0.5000,0,✓ Yes,completed
0,800,622,11-02,+0.0%,+0.00%,0.5000,0,✓ Yes,completed
0,800,711,11-02,+0.0%,+0.00%,0.5000,0,✓ Yes,completed
0,800,800,11-02,+0.0%,+0.00%,0.5000,0,✓ Yes,completed
0,10,0,12-31,+50.0%,+95.75%,0.9787,1,✗ No,budget_exceeded
0,10,10,12-31,+50.0%,+95.75%,0.9787,1,✗ No,budget_exceeded
0,98,0,12-31,+50.0%,+95.75%,0.9787,1,✗ No,budget_exceeded
0,98,98,12-31,+50.0%,+95.75%,0.9787,1,✗ No,budget_exceeded
0,186,0,12-31,+50.0%,+95.75%,0.9787,1,✗ No,budget_exceeded
0,186,186,12-31,+50.0%,+95.75%,0.9787,1,✗ No,budget_exceeded
0,273,0,12-31,+50.0%,+95.75%,0.9787,1,✗ No,budget_exceeded
0,273,137,12-31,+50.0%,+95.75%,0.9787,1,✗ No,budget_exceeded
0,273,273,12-31,+50.0%,+95.75%,0.9787,1,✗ No,budget_exceeded
0,361,0,12-31,+50.0%,+95.75%,0.9787,1,✗ No,budget_exceeded
0,361,90,12-31,+50.0%,+95.75%,0.9787,1,✗ No,budget_exceeded
0,361,181,12-31,+50.0%,+95.75%,0.9787,1,✗ No,budget_exceeded
0,361,271,12-31,+50.0%,+95.75%,0.9787,1,✗ No,budget_exceeded
0,361,361,12-31,+50.0%,+52.08%,0.7604,61,✗ No,budget_exceeded
0,449,0,12-31,+0.0%,+0.00%,0.5000,0,✓ Yes,completed
0,449,90,12-31,+0.0%,+0.00%,0.5000,0,✓ Yes,completed
0,449,180,12-31,+0.0%,+0.00%,0.5000,0,✓ Yes,completed
0,449,269,12-31,+0.0%,+0.00%,0.5000,0,✓ Yes,completed
0,449,359,12-31,+0.0%,+0.00%,0.5000,0,✓ Yes,completed
0,449,449,12-31,+0.0%,+0.00%,0.5000,0,✓ Yes,completed
0,537,0,12-31,+0.0%,+0.00%,0.5000,0,✓ Yes,completed
0,537,89,12-31,+0.0%,+0.00%,0.5000,0,✓ Yes,completed
0,537,179,12-31,+0.0%,+0.00%,0.5000,0,✓ Yes,completed
0,537,268,12-31,+0.0%,+0.00%,0.5000,0,✓ Yes,completed
0,537,358,12-31,+0.0%,+0.00%,0.5000,0,✓ Yes,completed
0,537,447,12-31,+0.0%,+0.00%,0.5000,0,✓ Yes,completed
0,537,537,12-31,+0.0%,+0.00%,0.5000,0,✓ Yes,completed
0,624,0,12-31,+0.0%,+0.00%,0.5000,0,✓ Yes,completed
0,624,89,12-31,+0.0%,+0.00%,0.5000,0,✓ Yes,completed
0,624,178,12-31,+0.0%,+0.00%,0.5000,0,✓ Yes,completed
0,624,268,12-31,+0.0%,+0.00%,0.5000,0,✓ Yes,completed
0,624,357,12-31,+0.0%,+0.00%,0.5000,0,✓ Yes,completed
0,624,446,12-31,+0.0%,+0.00%,0.5000,0,✓ Yes,completed
0,624,535,12-31,+0.0%,+0.00%,0.5000,0,✓ Yes,completed
0,624,624,12-31,+0.0%,+0.00%,0.5000,0,✓ Yes,completed
0,712,0,12-31,+0.0%,+0.00%,0.5000,0,✓ Yes,completed
0,712,89,12-31,+0.0%,+0.00%,0.5000,0,✓ Yes,completed
0,712,178,12-31,+0.0%,+0.00%,0.5000,0,✓ Yes,completed
0,712,267,12-31,+0.0%,+0.00%,0.5000,0,✓ Yes,completed
0,712,356,12-31,+0.0%,+0.00%,0.5000,0,✓ Yes,completed
0,712,445,12-31,+0.0%,+0.00%,0.5000,0,✓ Yes,completed
0,712,534,12-31,+0.0%,+0.00%,0.5000,0,✓ Yes,completed
0,712,623,12-31,+0.0%,+0.00%,0.5000,0,✓ Yes,completed
0,712,712,12-31,+0.0%,+0.00%,0.5000,0,✓ Yes,completed
0,800,0,12-31,+0.0%,+0.00%,0.5000,0,✓ Yes,completed
0,800,89,12-31,+0.0%,+0.00%,0.5000,0,✓ Yes,completed
0,800,178,12-31,+0.0%,+0.00%,0.5000,0,✓ Yes,completed
0,800,267,12-31,+0.0%,+0.00%,0.5000,0,✓ Yes,completed
0,800,356,12-31,+0.0%,+0.00%,0.5000,0,✓ Yes,completed
0,800,444,12-31,+0.0%,+0.00%,0.5000,0,✓ Yes,completed
0,800,533,12-31,+0.0%,+0.00%,0.5000,0,✓ Yes,completed
0,800,622,12-31,+0.0%,+0.00%,0.5000,0,✓ Yes,completed
0,800,711,12-31,+0.0%,+0.00%,0.5000,0,✓ Yes,completed
0,800,800,12-31,+0.0%,+0.00%,0.5000,0,✓ Yes,completed
1,183,93,01-01,+50.0%,+95.75%,0.9787,1,✗ No,budget_exceeded
1,183,138,01-01,+50.0%,+95.75%,0.9787,1,✗ No,budget_exceeded
1,183,183,01-01,+50.0%,+95.75%,0.9787,1,✗ No,budget_exceeded
1,223,93,01-01,+50.0%,+95.75%,0.9787,1,✗ No,budget_exceeded
1,223,136,01-01,+50.0%,+95.75%,0.9787,1,✗ No,budget_exceeded
1,223,180,01-01,+50.0%,+95.75%,0.9787,1,✗ No,budget_exceeded
1,223,223,01-01,+50.0%,+95.75%,0.9787,1,✗ No,budget_exceeded
1,262,93,01-01,+50.0%,+95.75%,0.9787,1,✗ No,budget_exceeded
1,262,135,01-01,+50.0%,+95.75%,0.9787,1,✗ No,budget_exceeded
1,262,178,01-01,+50.0%,+95.75%,0.9787,1,✗ No,budget_exceeded
1,262,220,01-01,+50.0%,+95.75%,0.9787,1,✗ No,budget_exceeded
1,262,262,01-01,+50.0%,+95.75%,0.9787,1,✗ No,budget_exceeded
1,302,93,01-01,+50.0%,+95.75%,0.9787,1,✗ No,budget_exceeded
1,302,135,01-01,+50.0%,+95.75%,0.9787,1,✗ No,budget_exceeded
1,302,177,01-01,+50.0%,+95.75%,0.9787,1,✗ No,budget_exceeded
1,302,218,01-01,+50.0%,+95.75%,0.9787,1,✗ No,budget_exceeded
1,302,260,01-01,+50.0%,+95.75%,0.9787,1,✗ No,budget_exceeded
1,302,302,01-01,+50.0%,+94.25%,0.9713,11,✗ No,budget_exceeded
1,341,93,01-01,+50.0%,+95.75%,0.9787,1,✗ No,budget_exceeded
1,341,134,01-01,+50.0%,+95.75%,0.9787,1,✗ No,budget_exceeded
1,341,176,01-01,+50.0%,+95.75%,0.9787,1,✗ No,budget_exceeded
1,341,217,01-01,+50.0%,+95.75%,0.9787,1,✗ No,budget_exceeded
1,341,259,01-01,+50.0%,+95.75%,0.9787,1,✗ No,budget_exceeded
1,341,300,01-01,+50.0%,+89.52%,0.9476,8,✗ No,budget_exceeded
1,341,341,01-01,+50.0%,+72.41%,0.8621,54,✗ No,budget_exceeded
1,381,93,01-01,+50.0%,+95.75%,0.9787,1,✗ No,budget_exceeded
1,381,134,01-01,+50.0%,+95.75%,0.9787,1,✗ No,budget_exceeded
1,381,175,01-01,+50.0%,+95.75%,0.9787,1,✗ No,budget_exceeded
1,381,216,01-01,+50.0%,+95.75%,0.9787,1,✗ No,budget_exceeded
1,381,258,01-01,+50.0%,+95.75%,0.9787,1,✗ No,budget_exceeded
1,381,299,01-01,+50.0%,+72.11%,0.8606,6,✗ No,budget_exceeded
1,381,340,01-01,+50.0%,+47.24%,0.7362,33,✗ No,budget_exceeded
1,381,381,01-01,+33.0%,+0.66%,0.5033,100,✓ Yes,completed
1,420,93,01-01,+0.0%,+0.00%,0.5000,0,✓ Yes,completed
1,420,134,01-01,+0.0%,+0.00%,0.5000,0,✓ Yes,completed
1,420,175,01-01,+0.0%,+0.00%,0.5000,0,✓ Yes,completed
1,420,216,01-01,+0.0%,+0.00%,0.5000,0,✓ Yes,completed
1,420,257,01-01,+0.0%,+0.00%,0.5000,0,✓ Yes,completed
1,420,298,01-01,+0.0%,+0.00%,0.5000,0,✓ Yes,completed
1,420,339,01-01,+0.0%,+0.00%,0.5000,0,✓ Yes,completed
1,420,379,01-01,+0.0%,+0.00%,0.5000,0,✓ Yes,completed
1,420,420,01-01,+0.0%,+0.00%,0.5000,0,✓ Yes,completed
1,460,93,01-01,+0.0%,+0.00%,0.5000,0,✓ Yes,completed
1,460,134,01-01,+0.0%,+0.00%,0.5000,0,✓ Yes,completed
1,460,175,01-01,+0.0%,+0.00%,0.5000,0,✓ Yes,completed
1,460,215,01-01,+0.0%,+0.00%,0.5000,0,✓ Yes,completed
1,460,256,01-01,+0.0%,+0.00%,0.5000,0,✓ Yes,completed
1,460,297,01-01,+0.0%,+0.00%,0.5000,0,✓ Yes,completed
1,460,338,01-01,+0.0%,+0.00%,0.5000,0,✓ Yes,completed
1,460,378,01-01,+0.0%,+0.00%,0.5000,0,✓ Yes,completed
1,460,419,01-01,+0.0%,+0.00%,0.5000,0,✓ Yes,completed
1,460,460,01-01,+0.0%,+0.00%,0.5000,0,✓ Yes,completed
1,499,93,01-01,+0.0%,+0.00%,0.5000,0,✓ Yes,completed
1,499,134,01-01,+0.0%,+0.00%,0.5000,0,✓ Yes,completed
1,499,174,01-01,+0.0%,+0.00%,0.5000,0,✓ Yes,completed
1,499,215,01-01,+0.0%,+0.00%,0.5000,0,✓ Yes,completed
1,499,256,01-01,+0.0%,+0.00%,0.5000,0,✓ Yes,completed
1,499,296,01-01,+0.0%,+0.00%,0.5000,0,✓ Yes,completed
1,499,337,01-01,+0.0%,+0.00%,0.5000,0,✓ Yes,completed
1,499,377,01-01,+0.0%,+0.00%,0.5000,0,✓ Yes,completed
1,499,418,01-01,+0.0%,+0.00%,0.5000,0,✓ Yes,completed
1,499,459,01-01,+0.0%,+0.00%,0.5000,0,✓ Yes,completed
1,499,499,01-01,+0.0%,+0.00%,0.5000,0,✓ Yes,completed
1,539,93,01-01,+0.0%,+0.00%,0.5000,0,✓ Yes,completed
1,539,130,01-01,+0.0%,+0.00%,0.5000,0,✓ Yes,completed
1,539,167,01-01,+0.0%,+0.00%,0.5000,0,✓ Yes,completed
1,539,205,01-01,+0.0%,+0.00%,0.5000,0,✓ Yes,completed
1,539,242,01-01,+0.0%,+0.00%,0.5000,0,✓ Yes,completed
1,539,279,01-01,+0.0%,+0.00%,0.5000,0,✓ Yes,completed
1,539,316,01-01,+0.0%,+0.00%,0.5000,0,✓ Yes,completed
1,539,353,01-01,+0.0%,+0.00%,0.5000,0,✓ Yes,completed
1,539,390,01-01,+0.0%,+0.00%,0.5000,0,✓ Yes,completed
1,539,427,01-01,+0.0%,+0.00%,0.5000,0,✓ Yes,completed
1,539,465,01-01,+0.0%,+0.00%,0.5000,0,✓ Yes,completed
1,539,502,01-01,+0.0%,+0.00%,0.5000,0,✓ Yes,completed
1,539,539,01-01,+0.0%,+0.00%,0.5000,0,✓ Yes,completed
1,183,93,01-25,+50.0%,+95.60%,0.9780,1,✗ No,budget_exceeded
1,183,138,01-25,+50.0%,+95.60%,0.9780,1,✗ No,budget_exceeded
1,183,183,01-25,+50.0%,+95.60%,0.9780,1,✗ No,budget_exceeded
1,223,93,01-25,+50.0%,+95.60%,0.9780,1,✗ No,budget_exceeded
1,223,136,01-25,+50.0%,+95.60%,0.9780,1,✗ No,budget_exceeded
1,223,180,01-25,+50.0%,+95.60%,0.9780,1,✗ No,budget_exceeded
1,223,223,01-25,+50.0%,+95.60%,0.9780,1,✗ No,budget_exceeded
1,262,93,01-25,+50.0%,+95.60%,0.9780,1,✗ No,budget_exceeded
1,262,135,01-25,+50.0%,+95.60%,0.9780,1,✗ No,budget_exceeded
1,262,178,01-25,+50.0%,+95.60%,0.9780,1,✗ No,budget_exceeded
1,262,220,01-25,+50.0%,+95.60%,0.9780,1,✗ No,budget_exceeded
1,262,262,01-25,+50.0%,+95.60%,0.9780,1,✗ No,budget_exceeded
1,302,93,01-25,+50.0%,+95.60%,0.9780,1,✗ No,budget_exceeded
1,302,135,01-25,+50.0%,+95.60%,0.9780,1,✗ No,budget_exceeded
1,302,177,01-25,+50.0%,+95.60%,0.9780,1,✗ No,budget_exceeded
1,302,218,01-25,+50.0%,+95.60%,0.9780,1,✗ No,budget_exceeded
1,302,260,01-25,+50.0%,+95.60%,0.9780,1,✗ No,budget_exceeded
1,302,302,01-25,+50.0%,+94.60%,0.9730,8,✗ No,budget_exceeded
1,341,93,01-25,+50.0%,+95.60%,0.9780,1,✗ No,budget_exceeded
1,341,134,01-25,+50.0%,+95.60%,0.9780,1,✗ No,budget_exceeded
1,341,176,01-25,+50.0%,+95.60%,0.9780,1,✗ No,budget_exceeded
1,341,217,01-25,+50.0%,+95.60%,0.9780,1,✗ No,budget_exceeded
1,341,259,01-25,+50.0%,+95.60%,0.9780,1,✗ No,budget_exceeded
1,341,300,01-25,+50.0%,+93.95%,0.9697,7,✗ No,budget_exceeded
1,341,341,01-25,+50.0%,+80.13%,0.9006,41,✗ No,budget_exceeded
1,381,93,01-25,+50.0%,+95.60%,0.9780,1,✗ No,budget_exceeded
1,381,134,01-25,+50.0%,+95.60%,0.9780,1,✗ No,budget_exceeded
1,381,175,01-25,+50.0%,+95.60%,0.9780,1,✗ No,budget_exceeded
1,381,216,01-25,+50.0%,+95.60%,0.9780,1,✗ No,budget_exceeded
1,381,258,01-25,+50.0%,+95.60%,0.9780,1,✗ No,budget_exceeded
1,381,299,01-25,+50.0%,+89.41%,0.9470,6,✗ No,budget_exceeded
1,381,340,01-25,+50.0%,+38.45%,0.6922,44,✗ No,budget_exceeded
1,381,381,01-25,+26.3%,+2.49%,0.5125,85,✓ Yes,completed
1,420,93,01-25,+50.0%,+22.89%,0.6145,1,✗ No,budget_exceeded
1,420,134,01-25,+50.0%,+22.89%,0.6145,1,✗ No,budget_exceeded
1,420,175,01-25,+50.0%,+22.89%,0.6145,1,✗ No,budget_exceeded
1,420,216,01-25,+50.0%,+22.89%,0.6145,1,✗ No,budget_exceeded
1,420,257,01-25,+8.5%,-0.32%,0.4984,1,✓ Yes,completed
1,420,298,01-25,+0.9%,+0.11%,0.5006,1,✓ Yes,completed
1,420,339,01-25,+0.8%,+0.14%,0.5007,1,✓ Yes,completed
1,420,379,01-25,+0.7%,+0.13%,0.5007,1,✓ Yes,completed
1,420,420,01-25,+0.2%,+0.01%,0.5000,1,✓ Yes,completed
1,460,93,01-25,+0.0%,+0.00%,0.5000,0,✓ Yes,completed
1,460,134,01-25,+0.0%,+0.00%,0.5000,0,✓ Yes,completed
1,460,175,01-25,+0.0%,+0.00%,0.5000,0,✓ Yes,completed
1,460,215,01-25,+0.0%,+0.00%,0.5000,0,✓ Yes,completed
1,460,256,01-25,+0.0%,+0.00%,0.5000,0,✓ Yes,completed
1,460,297,01-25,+0.0%,+0.00%,0.5000,0,✓ Yes,completed
1,460,338,01-25,+0.0%,+0.00%,0.5000,0,✓ Yes,completed
1,460,378,01-25,+0.0%,+0.00%,0.5000,0,✓ Yes,completed
1,460,419,01-25,+0.0%,+0.00%,0.5000,0,✓ Yes,completed
1,460,460,01-25,+0.0%,+0.00%,0.5000,0,✓ Yes,completed
1,499,93,01-25,+0.0%,+0.00%,0.5000,0,✓ Yes,completed
1,499,134,01-25,+0.0%,+0.00%,0.5000,0,✓ Yes,completed
1,499,174,01-25,+0.0%,+0.00%,0.5000,0,✓ Yes,completed
1,499,215,01-25,+0.0%,+0.00%,0.5000,0,✓ Yes,completed
1,499,256,01-25,+0.0%,+0.00%,0.5000,0,✓ Yes,completed
1,499,296,01-25,+0.0%,+0.00%,0.5000,0,✓ Yes,completed
1,499,337,01-25,+0.0%,+0.00%,0.5000,0,✓ Yes,completed
1,499,377,01-25,+0.0%,+0.00%,0.5000,0,✓ Yes,completed
1,499,418,01-25,+0.0%,+0.00%,0.5000,0,✓ Yes,completed
1,499,459,01-25,+0.0%,+0.00%,0.5000,0,✓ Yes,completed
1,499,499,01-25,+0.0%,+0.00%,0.5000,0,✓ Yes,completed
1,539,93,01-25,+0.0%,+0.00%,0.5000,0,✓ Yes,completed
1,539,130,01-25,+0.0%,+0.00%,0.5000,0,✓ Yes,completed
1,539,167,01-25,+0.0%,+0.00%,0.5000,0,✓ Yes,completed
1,539,205,01-25,+0.0%,+0.00%,0.5000,0,✓ Yes,completed
1,539,242,01-25,+0.0%,+0.00%,0.5000,0,✓ Yes,completed
1,539,279,01-25,+0.0%,+0.00%,0.5000,0,✓ Yes,completed
1,539,316,01-25,+0.0%,+0.00%,0.5000,0,✓ Yes,completed
1,539,353,01-25,+0.0%,+0.00%,0.5000,0,✓ Yes,completed
1,539,390,01-25,+0.0%,+0.00%,0.5000,0,✓ Yes,completed
1,539,427,01-25,+0.0%,+0.00%,0.5000,0,✓ Yes,completed
1,539,465,01-25,+0.0%,+0.00%,0.5000,0,✓ Yes,completed
1,539,502,01-25,+0.0%,+0.00%,0.5000,0,✓ Yes,completed
1,539,539,01-25,+0.0%,+0.00%,0.5000,0,✓ Yes,completed
1,183,93,02-18,+50.0%,+95.50%,0.9775,1,✗ No,budget_exceeded
1,183,138,02-18,+50.0%,+95.50%,0.9775,1,✗ No,budget_exceeded
1,183,183,02-18,+50.0%,+95.50%,0.9775,1,✗ No,budget_exceeded
1,223,93,02-18,+50.0%,+95.50%,0.9775,1,✗ No,budget_exceeded
1,223,136,02-18,+50.0%,+95.50%,0.9775,1,✗ No,budget_exceeded
1,223,180,02-18,+50.0%,+95.50%,0.9775,1,✗ No,budget_exceeded
1,223,223,02-18,+50.0%,+95.50%,0.9775,1,✗ No,budget_exceeded
1,262,93,02-18,+50.0%,+95.50%,0.9775,1,✗ No,budget_exceeded
1,262,135,02-18,+50.0%,+95.50%,0.9775,1,✗ No,budget_exceeded
1,262,178,02-18,+50.0%,+95.50%,0.9775,1,✗ No,budget_exceeded
1,262,220,02-18,+50.0%,+95.50%,0.9775,1,✗ No,budget_exceeded
1,262,262,02-18,+50.0%,+94.29%,0.9714,7,✗ No,budget_exceeded
1,302,93,02-18,+50.0%,+95.50%,0.9775,1,✗ No,budget_exceeded
1,302,135,02-18,+50.0%,+95.50%,0.9775,1,✗ No,budget_exceeded
1,302,177,02-18,+50.0%,+95.50%,0.9775,1,✗ No,budget_exceeded
1,302,218,02-18,+50.0%,+95.50%,0.9775,1,✗ No,budget_exceeded
1,302,260,02-18,+50.0%,+93.82%,0.9691,6,✗ No,budget_exceeded
1,302,302,02-18,+50.0%,+86.48%,0.9324,27,✗ No,budget_exceeded
1,341,93,02-18,+50.0%,+95.50%,0.9775,1,✗ No,budget_exceeded
1,341,134,02-18,+50.0%,+95.50%,0.9775,1,✗ No,budget_exceeded
1,341,176,02-18,+50.0%,+95.50%,0.9775,1,✗ No,budget_exceeded
1,341,217,02-18,+50.0%,+95.50%,0.9775,1,✗ No,budget_exceeded
1,341,259,02-18,+50.0%,+93.12%,0.9656,6,✗ No,budget_exceeded
1,341,300,02-18,+50.0%,+82.65%,0.9133,27,✗ No,budget_exceeded
1,341,341,02-18,+49.8%,+10.79%,0.5539,75,✓ Yes,completed
1,381,93,02-18,+50.0%,+95.19%,0.9760,1,✗ No,budget_exceeded
1,381,134,02-18,+50.0%,+95.19%,0.9760,1,✗ No,budget_exceeded
1,381,175,02-18,+50.0%,+95.19%,0.9760,1,✗ No,budget_exceeded
1,381,216,02-18,+50.0%,+95.19%,0.9760,1,✗ No,budget_exceeded
1,381,258,02-18,+50.0%,+87.96%,0.9398,4,✗ No,budget_exceeded
1,381,299,02-18,+38.9%,+7.96%,0.5398,20,✓ Yes,completed
1,381,340,02-18,+27.9%,+6.49%,0.5325,29,✓ Yes,completed
1,381,381,02-18,+14.0%,+3.88%,0.5194,49,✓ Yes,completed
1,420,93,02-18,+50.0%,+66.14%,0.8307,1,✗ No,budget_exceeded
1,420,134,02-18,+50.0%,+66.14%,0.8307,1,✗ No,budget_exceeded
1,420,175,02-18,+50.0%,+66.14%,0.8307,1,✗ No,budget_exceeded
1,420,216,02-18,+50.0%,+66.14%,0.8307,1,✗ No,budget_exceeded
1,420,257,02-18,+8.5%,+1.57%,0.5078,1,✓ Yes,completed
1,420,298,02-18,+0.9%,+0.27%,0.5014,1,✓ Yes,completed
1,420,339,02-18,+0.8%,+0.27%,0.5013,1,✓ Yes,completed
1,420,379,02-18,+0.7%,+0.25%,0.5012,1,✓ Yes,completed
1,420,420,02-18,+0.2%,+0.04%,0.5002,1,✓ Yes,completed
1,460,93,02-18,+0.0%,+0.00%,0.5000,0,✓ Yes,completed
1,460,134,02-18,+0.0%,+0.00%,0.5000,0,✓ Yes,completed
1,460,175,02-18,+0.0%,+0.00%,0.5000,0,✓ Yes,completed
1,460,215,02-18,+0.0%,+0.00%,0.5000,0,✓ Yes,completed
1,460,256,02-18,+0.0%,+0.00%,0.5000,0,✓ Yes,completed
1,460,297,02-18,+0.0%,+0.00%,0.5000,0,✓ Yes,completed
1,460,338,02-18,+0.0%,+0.00%,0.5000,0,✓ Yes,completed
1,460,378,02-18,+0.0%,+0.00%,0.5000,0,✓ Yes,completed
1,460,419,02-18,+0.0%,+0.00%,0.5000,0,✓ Yes,completed
1,460,460,02-18,+0.0%,+0.00%,0.5000,0,✓ Yes,completed
1,499,93,02-18,+0.0%,+0.00%,0.5000,0,✓ Yes,completed
1,499,134,02-18,+0.0%,+0.00%,0.5000,0,✓ Yes,completed
1,499,174,02-18,+0.0%,+0.00%,0.5000,0,✓ Yes,completed
1,499,215,02-18,+0.0%,+0.00%,0.5000,0,✓ Yes,completed
1,499,256,02-18,+0.0%,+0.00%,0.5000,0,✓ Yes,completed
1,499,296,02-18,+0.0%,+0.00%,0.5000,0,✓ Yes,completed
1,499,337,02-18,+0.0%,+0.00%,0.5000,0,✓ Yes,completed
1,499,377,02-18,+0.0%,+0.00%,0.5000,0,✓ Yes,completed
1,499,418,02-18,+0.0%,+0.00%,0.5000,0,✓ Yes,completed
1,499,459,02-18,+0.0%,+0.00%,0.5000,0,✓ Yes,completed
1,499,499,02-18,+0.0%,+0.00%,0.5000,0,✓ Yes,completed
1,539,93,02-18,+0.0%,+0.00%,0.5000,0,✓ Yes,completed
1,539,130,02-18,+0.0%,+0.00%,0.5000,0,✓ Yes,completed
1,539,167,02-18,+0.0%,+0.00%,0.5000,0,✓ Yes,completed
1,539,205,02-18,+0.0%,+0.00%,0.5000,0,✓ Yes,completed
1,539,242,02-18,+0.0%,+0.00%,0.5000,0,✓ Yes,completed
1,539,279,02-18,+0.0%,+0.00%,0.5000,0,✓ Yes,completed
1,539,316,02-18,+0.0%,+0.00%,0.5000,0,✓ Yes,completed
1,539,353,02-18,+0.0%,+0.00%,0.5000,0,✓ Yes,completed
1,539,390,02-18,+0.0%,+0.00%,0.5000,0,✓ Yes,completed
1,539,427,02-18,+0.0%,+0.00%,0.5000,0,✓ Yes,completed
1,539,465,02-18,+0.0%,+0.00%,0.5000,0,✓ Yes,completed
1,539,502,02-18,+0.0%,+0.00%,0.5000,0,✓ Yes,completed
1,539,539,02-18,+0.0%,+0.00%,0.5000,0,✓ Yes,completed
1,183,93,03-14,+50.0%,+95.34%,0.9767,1,✗ No,budget_exceeded
1,183,138,03-14,+50.0%,+95.34%,0.9767,1,✗ No,budget_exceeded
1,183,183,03-14,+50.0%,+95.34%,0.9767,1,✗ No,budget_exceeded
1,223,93,03-14,+50.0%,+95.34%,0.9767,1,✗ No,budget_exceeded
1,223,136,03-14,+50.0%,+95.34%,0.9767,1,✗ No,budget_exceeded
1,223,180,03-14,+50.0%,+95.34%,0.9767,1,✗ No,budget_exceeded
1,223,223,03-14,+50.0%,+93.16%,0.9658,10,✗ No,budget_exceeded
1,262,93,03-14,+50.0%,+95.34%,0.9767,1,✗ No,budget_exceeded
1,262,135,03-14,+50.0%,+95.34%,0.9767,1,✗ No,budget_exceeded
1,262,178,03-14,+50.0%,+95.34%,0.9767,1,✗ No,budget_exceeded
1,262,220,03-14,+50.0%,+92.52%,0.9626,9,✗ No,budget_exceeded
1,262,262,03-14,+50.0%,+85.44%,0.9272,35,✗ No,budget_exceeded
1,302,93,03-14,+50.0%,+95.34%,0.9767,1,✗ No,budget_exceeded
1,302,135,03-14,+50.0%,+95.34%,0.9767,1,✗ No,budget_exceeded
1,302,177,03-14,+50.0%,+95.34%,0.9767,1,✗ No,budget_exceeded
1,302,218,03-14,+50.0%,+92.13%,0.9607,8,✗ No,budget_exceeded
1,302,260,03-14,+50.0%,+78.76%,0.8938,31,✗ No,budget_exceeded
1,302,302,03-14,+50.0%,+12.24%,0.5612,96,✗ No,budget_exceeded
1,341,93,03-14,+50.0%,+95.34%,0.9767,1,✗ No,budget_exceeded
1,341,134,03-14,+50.0%,+95.34%,0.9767,1,✗ No,budget_exceeded
1,341,176,03-14,+50.0%,+95.34%,0.9767,1,✗ No,budget_exceeded
1,341,217,03-14,+50.0%,+73.95%,0.8697,6,✗ No,budget_exceeded
1,341,259,03-14,+38.5%,+7.61%,0.5381,22,✓ Yes,completed
1,341,300,03-14,+29.5%,+7.41%,0.5370,30,✓ Yes,completed
1,341,341,03-14,+20.4%,+5.67%,0.5284,47,✓ Yes,completed
1,381,93,03-14,+50.0%,+87.70%,0.9385,1,✗ No,budget_exceeded
1,381,134,03-14,+50.0%,+87.70%,0.9385,1,✗ No,budget_exceeded
1,381,175,03-14,+43.6%,+6.34%,0.5317,1,✓ Yes,completed
1,381,216,03-14,+31.6%,+5.57%,0.5279,2,✓ Yes,completed
1,381,258,03-14,+16.9%,+3.66%,0.5183,5,✓ Yes,completed
1,381,299,03-14,+10.0%,+2.87%,0.5143,10,✓ Yes,completed
1,381,340,03-14,+8.7%,+2.59%,0.5130,10,✓ Yes,completed
1,381,381,03-14,+3.5%,+1.10%,0.5055,20,✓ Yes,completed
1,420,93,03-14,+0.0%,+0.00%,0.5000,0,✓ Yes,completed
1,420,134,03-14,+0.0%,+0.00%,0.5000,0,✓ Yes,completed
1,420,175,03-14,+0.0%,+0.00%,0.5000,0,✓ Yes,completed
1,420,216,03-14,+0.0%,+0.00%,0.5000,0,✓ Yes,completed
1,420,257,03-14,+0.0%,+0.00%,0.5000,0,✓ Yes,completed
1,420,298,03-14,+0.0%,+0.00%,0.5000,0,✓ Yes,completed
1,420,339,03-14,+0.0%,+0.00%,0.5000,0,✓ Yes,completed
1,420,379,03-14,+0.0%,+0.00%,0.5000,0,✓ Yes,completed
1,420,420,03-14,+0.0%,+0.00%,0.5000,0,✓ Yes,completed
1,460,93,03-14,+0.0%,+0.00%,0.5000,0,✓ Yes,completed
1,460,134,03-14,+0.0%,+0.00%,0.5000,0,✓ Yes,completed
1,460,175,03-14,+0.0%,+0.00%,0.5000,0,✓ Yes,completed
1,460,215,03-14,+0.0%,+0.00%,0.5000,0,✓ Yes,completed
1,460,256,03-14,+0.0%,+0.00%,0.5000,0,✓ Yes,completed
1,460,297,03-14,+0.0%,+0.00%,0.5000,0,✓ Yes,completed
1,460,338,03-14,+0.0%,+0.00%,0.5000,0,✓ Yes,completed
1,460,378,03-14,+0.0%,+0.00%,0.5000,0,✓ Yes,completed
1,460,419,03-14,+0.0%,+0.00%,0.5000,0,✓ Yes,completed
1,460,460,03-14,+0.0%,+0.00%,0.5000,0,✓ Yes,completed
1,499,93,03-14,+0.0%,+0.00%,0.5000,0,✓ Yes,completed
1,499,134,03-14,+0.0%,+0.00%,0.5000,0,✓ Yes,completed
1,499,174,03-14,+0.0%,+0.00%,0.5000,0,✓ Yes,completed
1,499,215,03-14,+0.0%,+0.00%,0.5000,0,✓ Yes,completed
1,499,256,03-14,+0.0%,+0.00%,0.5000,0,✓ Yes,completed
1,499,296,03-14,+0.0%,+0.00%,0.5000,0,✓ Yes,completed
1,499,337,03-14,+0.0%,+0.00%,0.5000,0,✓ Yes,completed
1,499,377,03-14,+0.0%,+0.00%,0.5000,0,✓ Yes,completed
1,499,418,03-14,+0.0%,+0.00%,0.5000,0,✓ Yes,completed
1,499,459,03-14,+0.0%,+0.00%,0.5000,0,✓ Yes,completed
1,499,499,03-14,+0.0%,+0.00%,0.5000,0,✓ Yes,completed
1,539,93,03-14,+0.0%,+0.00%,0.5000,0,✓ Yes,completed
1,539,130,03-14,+0.0%,+0.00%,0.5000,0,✓ Yes,completed
1,539,167,03-14,+0.0%,+0.00%,0.5000,0,✓ Yes,completed
1,539,205,03-14,+0.0%,+0.00%,0.5000,0,✓ Yes,completed
1,539,242,03-14,+0.0%,+0.00%,0.5000,0,✓ Yes,completed
1,539,279,03-14,+0.0%,+0.00%,0.5000,0,✓ Yes,completed
1,539,316,03-14,+0.0%,+0.00%,0.5000,0,✓ Yes,completed
1,539,353,03-14,+0.0%,+0.00%,0.5000,0,✓ Yes,completed
1,539,390,03-14,+0.0%,+0.00%,0.5000,0,✓ Yes,completed
1,539,427,03-14,+0.0%,+0.00%,0.5000,0,✓ Yes,completed
1,539,465,03-14,+0.0%,+0.00%,0.5000,0,✓ Yes,completed
1,539,502,03-14,+0.0%,+0.00%,0.5000,0,✓ Yes,completed
1,539,539,03-14,+0.0%,+0.00%,0.5000,0,✓ Yes,completed
1,183,93,04-07,+50.0%,+95.55%,0.9777,1,✗ No,budget_exceeded
1,183,138,04-07,+50.0%,+95.55%,0.9777,1,✗ No,budget_exceeded
1,183,183,04-07,+50.0%,+94.05%,0.9703,9,✗ No,budget_exceeded
1,223,93,04-07,+50.0%,+95.55%,0.9777,1,✗ No,budget_exceeded
1,223,136,04-07,+50.0%,+95.55%,0.9777,1,✗ No,budget_exceeded
1,223,180,04-07,+50.0%,+93.30%,0.9665,8,✗ No,budget_exceeded
1,223,223,04-07,+50.0%,+84.16%,0.9208,42,✗ No,budget_exceeded
1,262,93,04-07,+50.0%,+95.55%,0.9777,1,✗ No,budget_exceeded
1,262,135,04-07,+50.0%,+95.55%,0.9777,1,✗ No,budget_exceeded
1,262,178,04-07,+50.0%,+92.95%,0.9648,8,✗ No,budget_exceeded
1,262,220,04-07,+50.0%,+80.24%,0.9012,34,✗ No,budget_exceeded
1,262,262,04-07,+50.0%,+62.68%,0.8134,74,✗ No,budget_exceeded
1,302,93,04-07,+50.0%,+95.55%,0.9777,1,✗ No,budget_exceeded
1,302,135,04-07,+50.0%,+95.55%,0.9777,1,✗ No,budget_exceeded
1,302,177,04-07,+50.0%,+85.98%,0.9299,7,✗ No,budget_exceeded
1,302,218,04-07,+50.0%,+42.23%,0.7112,39,✗ No,budget_exceeded
1,302,260,04-07,+50.0%,+25.31%,0.6266,53,✗ No,budget_exceeded
1,302,302,04-07,+29.4%,+2.33%,0.5117,77,✓ Yes,completed
1,341,93,04-07,+50.0%,+92.04%,0.9602,1,✗ No,budget_exceeded
1,341,134,04-07,+50.0%,+92.04%,0.9602,1,✗ No,budget_exceeded
1,341,176,04-07,+50.0%,+7.82%,0.5391,6,✗ No,budget_exceeded
1,341,217,04-07,+10.3%,+0.13%,0.5007,5,✓ Yes,completed
1,341,259,04-07,+5.2%,+0.60%,0.5030,6,✓ Yes,completed
1,341,300,04-07,+4.4%,+0.67%,0.5033,6,✓ Yes,completed
1,341,341,04-07,+0.8%,+0.23%,0.5011,7,✓ Yes,completed
1,381,93,04-07,+0.0%,+0.00%,0.5000,0,✓ Yes,completed
1,381,134,04-07,+0.0%,+0.00%,0.5000,0,✓ Yes,completed
1,381,175,04-07,+0.0%,+0.00%,0.5000,0,✓ Yes,completed
1,381,216,04-07,+0.0%,+0.00%,0.5000,0,✓ Yes,completed
1,381,258,04-07,+0.0%,+0.00%,0.5000,0,✓ Yes,completed
1,381,299,04-07,+0.0%,+0.00%,0.5000,0,✓ Yes,completed
1,381,340,04-07,+0.0%,+0.00%,0.5000,0,✓ Yes,completed
1,381,381,04-07,+0.0%,+0.00%,0.5000,0,✓ Yes,completed
1,420,93,04-07,+0.0%,+0.00%,0.5000,0,✓ Yes,completed
1,420,134,04-07,+0.0%,+0.00%,0.5000,0,✓ Yes,completed
1,420,175,04-07,+0.0%,+0.00%,0.5000,0,✓ Yes,completed
1,420,216,04-07,+0.0%,+0.00%,0.5000,0,✓ Yes,completed
1,420,257,04-07,+0.0%,+0.00%,0.5000,0,✓ Yes,completed
1,420,298,04-07,+0.0%,+0.00%,0.5000,0,✓ Yes,completed
1,420,339,04-07,+0.0%,+0.00%,0.5000,0,✓ Yes,completed
1,420,379,04-07,+0.0%,+0.00%,0.5000,0,✓ Yes,completed
1,420,420,04-07,+0.0%,+0.00%,0.5000,0,✓ Yes,completed
1,460,93,04-07,+0.0%,+0.00%,0.5000,0,✓ Yes,completed
1,460,134,04-07,+0.0%,+0.00%,0.5000,0,✓ Yes,completed
1,460,175,04-07,+0.0%,+0.00%,0.5000,0,✓ Yes,completed
1,460,215,04-07,+0.0%,+0.00%,0.5000,0,✓ Yes,completed
1,460,256,04-07,+0.0%,+0.00%,0.5000,0,✓ Yes,completed
1,460,297,04-07,+0.0%,+0.00%,0.5000,0,✓ Yes,completed
1,460,338,04-07,+0.0%,+0.00%,0.5000,0,✓ Yes,completed
1,460,378,04-07,+0.0%,+0.00%,0.5000,0,✓ Yes,completed
1,460,419,04-07,+0.0%,+0.00%,0.5000,0,✓ Yes,completed
1,460,460,04-07,+0.0%,+0.00%,0.5000,0,✓ Yes,completed
1,499,93,04-07,+0.0%,+0.00%,0.5000,0,✓ Yes,completed
1,499,134,04-07,+0.0%,+0.00%,0.5000,0,✓ Yes,completed
1,499,174,04-07,+0.0%,+0.00%,0.5000,0,✓ Yes,completed
1,499,215,04-07,+0.0%,+0.00%,0.5000,0,✓ Yes,completed
1,499,256,04-07,+0.0%,+0.00%,0.5000,0,✓ Yes,completed
1,499,296,04-07,+0.0%,+0.00%,0.5000,0,✓ Yes,completed
1,499,337,04-07,+0.0%,+0.00%,0.5000,0,✓ Yes,completed
1,499,377,04-07,+0.0%,+0.00%,0.5000,0,✓ Yes,completed
1,499,418,04-07,+0.0%,+0.00%,0.5000,0,✓ Yes,completed
1,499,459,04-07,+0.0%,+0.00%,0.5000,0,✓ Yes,completed
1,499,499,04-07,+0.0%,+0.00%,0.5000,0,✓ Yes,completed
1,539,93,04-07,+0.0%,+0.00%,0.5000,0,✓ Yes,completed
1,539,130,04-07,+0.0%,+0.00%,0.5000,0,✓ Yes,completed
1,539,167,04-07,+0.0%,+0.00%,0.5000,0,✓ Yes,completed
1,539,205,04-07,+0.0%,+0.00%,0.5000,0,✓ Yes,completed
1,539,242,04-07,+0.0%,+0.00%,0.5000,0,✓ Yes,completed
1,539,279,04-07,+0.0%,+0.00%,0.5000,0,✓ Yes,completed
1,539,316,04-07,+0.0%,+0.00%,0.5000,0,✓ Yes,completed
1,539,353,04-07,+0.0%,+0.00%,0.5000,0,✓ Yes,completed
1,539,390,04-07,+0.0%,+0.00%,0.5000,0,✓ Yes,completed
1,539,427,04-07,+0.0%,+0.00%,0.5000,0,✓ Yes,completed
1,539,465,04-07,+0.0%,+0.00%,0.5000,0,✓ Yes,completed
1,539,502,04-07,+0.0%,+0.00%,0.5000,0,✓ Yes,completed
1,539,539,04-07,+0.0%,+0.00%,0.5000,0,✓ Yes,completed
1,183,93,05-01,+50.0%,+95.86%,0.9793,1,✗ No,budget_exceeded
1,183,138,05-01,+50.0%,+95.86%,0.9793,1,✗ No,budget_exceeded
1,183,183,05-01,+50.0%,+93.71%,0.9686,17,✗ No,budget_exceeded
1,223,93,05-01,+50.0%,+95.86%,0.9793,1,✗ No,budget_exceeded
1,223,136,05-01,+50.0%,+95.86%,0.9793,1,✗ No,budget_exceeded
1,223,180,05-01,+50.0%,+92.72%,0.9636,10,✗ No,budget_exceeded
1,223,223,05-01,+50.0%,+81.06%,0.9053,38,✗ No,budget_exceeded
1,262,93,05-01,+50.0%,+95.86%,0.9793,1,✗ No,budget_exceeded
1,262,135,05-01,+50.0%,+95.86%,0.9793,1,✗ No,budget_exceeded
1,262,178,05-01,+50.0%,+92.05%,0.9602,10,✗ No,budget_exceeded
1,262,220,05-01,+50.0%,+74.99%,0.8750,41,✗ No,budget_exceeded
1,262,262,05-01,+50.0%,+58.79%,0.7940,86,✗ No,budget_exceeded
1,302,93,05-01,+50.0%,+93.87%,0.9694,1,✗ No,budget_exceeded
1,302,135,05-01,+50.0%,+93.87%,0.9694,1,✗ No,budget_exceeded
1,302,177,05-01,+50.0%,+75.65%,0.8783,6,✗ No,budget_exceeded
1,302,218,05-01,+50.0%,+49.47%,0.7473,33,✗ No,budget_exceeded
1,302,260,05-01,+50.0%,+32.57%,0.6629,50,✗ No,budget_exceeded
1,302,302,05-01,+44.9%,+0.30%,0.5015,78,✓ Yes,completed
1,341,93,05-01,+50.0%,+92.57%,0.9628,1,✗ No,budget_exceeded
1,341,134,05-01,+50.0%,+92.57%,0.9628,1,✗ No,budget_exceeded
1,341,176,05-01,+50.0%,+37.33%,0.6867,3,✗ No,budget_exceeded
1,341,217,05-01,+50.0%,+0.28%,0.5014,7,✗ No,budget_exceeded
1,341,259,05-01,+15.4%,+0.06%,0.5003,15,✓ Yes,completed
1,341,300,05-01,+9.9%,+0.54%,0.5027,12,✓ Yes,completed
1,341,341,05-01,+2.6%,+0.52%,0.5026,9,✓ Yes,completed
1,381,93,05-01,+0.0%,+0.00%,0.5000,0,✓ Yes,completed
1,381,134,05-01,+0.0%,+0.00%,0.5000,0,✓ Yes,completed
1,381,175,05-01,+0.0%,+0.00%,0.5000,0,✓ Yes,completed
1,381,216,05-01,+0.0%,+0.00%,0.5000,0,✓ Yes,completed
1,381,258,05-01,+0.0%,+0.00%,0.5000,0,✓ Yes,completed
1,381,299,05-01,+0.0%,+0.00%,0.5000,0,✓ Yes,completed
1,381,340,05-01,+0.0%,+0.00%,0.5000,0,✓ Yes,completed
1,381,381,05-01,+0.0%,+0.00%,0.5000,0,✓ Yes,completed
1,420,93,05-01,+0.0%,+0.00%,0.5000,0,✓ Yes,completed
1,420,134,05-01,+0.0%,+0.00%,0.5000,0,✓ Yes,completed
1,420,175,05-01,+0.0%,+0.00%,0.5000,0,✓ Yes,completed
1,420,216,05-01,+0.0%,+0.00%,0.5000,0,✓ Yes,completed
1,420,257,05-01,+0.0%,+0.00%,0.5000,0,✓ Yes,completed
1,420,298,05-01,+0.0%,+0.00%,0.5000,0,✓ Yes,completed
1,420,339,05-01,+0.0%,+0.00%,0.5000,0,✓ Yes,completed
1,420,379,05-01,+0.0%,+0.00%,0.5000,0,✓ Yes,completed
1,420,420,05-01,+0.0%,+0.00%,0.5000,0,✓ Yes,completed
1,460,93,05-01,+0.0%,+0.00%,0.5000,0,✓ Yes,completed
1,460,134,05-01,+0.0%,+0.00%,0.5000,0,✓ Yes,completed
1,460,175,05-01,+0.0%,+0.00%,0.5000,0,✓ Yes,completed
1,460,215,05-01,+0.0%,+0.00%,0.5000,0,✓ Yes,completed
1,460,256,05-01,+0.0%,+0.00%,0.5000,0,✓ Yes,completed
1,460,297,05-01,+0.0%,+0.00%,0.5000,0,✓ Yes,completed
1,460,338,05-01,+0.0%,+0.00%,0.5000,0,✓ Yes,completed
1,460,378,05-01,+0.0%,+0.00%,0.5000,0,✓ Yes,completed
1,460,419,05-01,+0.0%,+0.00%,0.5000,0,✓ Yes,completed
1,460,460,05-01,+0.0%,+0.00%,0.5000,0,✓ Yes,completed
1,499,93,05-01,+0.0%,+0.00%,0.5000,0,✓ Yes,completed
1,499,134,05-01,+0.0%,+0.00%,0.5000,0,✓ Yes,completed
1,499,174,05-01,+0.0%,+0.00%,0.5000,0,✓ Yes,completed
1,499,215,05-01,+0.0%,+0.00%,0.5000,0,✓ Yes,completed
1,499,256,05-01,+0.0%,+0.00%,0.5000,0,✓ Yes,completed
1,499,296,05-01,+0.0%,+0.00%,0.5000,0,✓ Yes,completed
1,499,337,05-01,+0.0%,+0.00%,0.5000,0,✓ Yes,completed
1,499,377,05-01,+0.0%,+0.00%,0.5000,0,✓ Yes,completed
1,499,418,05-01,+0.0%,+0.00%,0.5000,0,✓ Yes,completed
1,499,459,05-01,+0.0%,+0.00%,0.5000,0,✓ Yes,completed
1,499,499,05-01,+0.0%,+0.00%,0.5000,0,✓ Yes,completed
1,539,93,05-01,+0.0%,+0.00%,0.5000,0,✓ Yes,completed
1,539,130,05-01,+0.0%,+0.00%,0.5000,0,✓ Yes,completed
1,539,167,05-01,+0.0%,+0.00%,0.5000,0,✓ Yes,completed
1,539,205,05-01,+0.0%,+0.00%,0.5000,0,✓ Yes,completed
1,539,242,05-01,+0.0%,+0.00%,0.5000,0,✓ Yes,completed
1,539,279,05-01,+0.0%,+0.00%,0.5000,0,✓ Yes,completed
1,539,316,05-01,+0.0%,+0.00%,0.5000,0,✓ Yes,completed
1,539,353,05-01,+0.0%,+0.00%,0.5000,0,✓ Yes,completed
1,539,390,05-01,+0.0%,+0.00%,0.5000,0,✓ Yes,completed
1,539,427,05-01,+0.0%,+0.00%,0.5000,0,✓ Yes,completed
1,539,465,05-01,+0.0%,+0.00%,0.5000,0,✓ Yes,completed
1,539,502,05-01,+0.0%,+0.00%,0.5000,0,✓ Yes,completed
1,539,539,05-01,+0.0%,+0.00%,0.5000,0,✓ Yes,completed
1,183,93,05-24,+50.0%,+95.98%,0.9799,1,✗ No,budget_exceeded
1,183,138,05-24,+50.0%,+95.98%,0.9799,1,✗ No,budget_exceeded
1,183,183,05-24,+50.0%,+94.35%,0.9717,10,✗ No,budget_exceeded
1,223,93,05-24,+50.0%,+95.98%,0.9799,1,✗ No,budget_exceeded
1,223,136,05-24,+50.0%,+95.98%,0.9799,1,✗ No,budget_exceeded
1,223,180,05-24,+50.0%,+93.58%,0.9679,9,✗ No,budget_exceeded
1,223,223,05-24,+50.0%,+86.32%,0.9316,27,✗ No,budget_exceeded
1,262,93,05-24,+50.0%,+95.98%,0.9799,1,✗ No,budget_exceeded
1,262,135,05-24,+50.0%,+95.98%,0.9799,1,✗ No,budget_exceeded
1,262,178,05-24,+50.0%,+93.64%,0.9682,7,✗ No,budget_exceeded
1,262,220,05-24,+50.0%,+83.59%,0.9179,27,✗ No,budget_exceeded
1,262,262,05-24,+50.0%,+70.58%,0.8529,55,✗ No,budget_exceeded
1,302,93,05-24,+50.0%,+94.73%,0.9737,1,✗ No,budget_exceeded
1,302,135,05-24,+50.0%,+94.73%,0.9737,1,✗ No,budget_exceeded
1,302,177,05-24,+50.0%,+89.41%,0.9471,5,✗ No,budget_exceeded
1,302,218,05-24,+50.0%,+75.52%,0.8776,23,✗ No,budget_exceeded
1,302,260,05-24,+50.0%,+58.06%,0.7903,46,✗ No,budget_exceeded
1,302,302,05-24,+50.0%,+34.22%,0.6711,66,✗ No,budget_exceeded
1,341,93,05-24,+50.0%,+72.39%,0.8620,1,✗ No,budget_exceeded
1,341,134,05-24,+50.0%,+72.39%,0.8620,1,✗ No,budget_exceeded
1,341,176,05-24,+50.0%,+64.71%,0.8235,2,✗ No,budget_exceeded
1,341,217,05-24,+50.0%,+44.06%,0.7203,6,✗ No,budget_exceeded
1,341,259,05-24,+50.0%,+15.54%,0.5777,40,✗ No,budget_exceeded
1,341,300,05-24,+41.4%,+1.13%,0.5056,47,✓ Yes,completed
1,341,341,05-24,+20.1%,+0.46%,0.5023,49,✓ Yes,completed
1,381,93,05-24,+50.0%,+6.29%,0.5314,1,✗ No,budget_exceeded
1,381,134,05-24,+50.0%,+6.29%,0.5314,1,✗ No,budget_exceeded
1,381,175,05-24,+50.0%,+6.29%,0.5314,1,✗ No,budget_exceeded
1,381,216,05-24,+34.3%,-2.69%,0.4865,1,✓ Yes,completed
1,381,258,05-24,+1.2%,+0.04%,0.5002,1,✓ Yes,completed
1,381,299,05-24,+0.8%,+0.14%,0.5007,1,✓ Yes,completed
1,381,340,05-24,+0.8%,+0.15%,0.5007,1,✓ Yes,completed
1,381,381,05-24,+0.2%,+0.01%,0.5000,1,✓ Yes,completed
1,420,93,05-24,+0.0%,+0.00%,0.5000,0,✓ Yes,completed
1,420,134,05-24,+0.0%,+0.00%,0.5000,0,✓ Yes,completed
1,420,175,05-24,+0.0%,+0.00%,0.5000,0,✓ Yes,completed
1,420,216,05-24,+0.0%,+0.00%,0.5000,0,✓ Yes,completed
1,420,257,05-24,+0.0%,+0.00%,0.5000,0,✓ Yes,completed
1,420,298,05-24,+0.0%,+0.00%,0.5000,0,✓ Yes,completed
1,420,339,05-24,+0.0%,+0.00%,0.5000,0,✓ Yes,completed
1,420,379,05-24,+0.0%,+0.00%,0.5000,0,✓ Yes,completed
1,420,420,05-24,+0.0%,+0.00%,0.5000,0,✓ Yes,completed
1,460,93,05-24,+0.0%,+0.00%,0.5000,0,✓ Yes,completed
1,460,134,05-24,+0.0%,+0.00%,0.5000,0,✓ Yes,completed
1,460,175,05-24,+0.0%,+0.00%,0.5000,0,✓ Yes,completed
1,460,215,05-24,+0.0%,+0.00%,0.5000,0,✓ Yes,completed
1,460,256,05-24,+0.0%,+0.00%,0.5000,0,✓ Yes,completed
1,460,297,05-24,+0.0%,+0.00%,0.5000,0,✓ Yes,completed
1,460,338,05-24,+0.0%,+0.00%,0.5000,0,✓ Yes,completed
1,460,378,05-24,+0.0%,+0.00%,0.5000,0,✓ Yes,completed
1,460,419,05-24,+0.0%,+0.00%,0.5000,0,✓ Yes,completed
1,460,460,05-24,+0.0%,+0.00%,0.5000,0,✓ Yes,completed
1,499,93,05-24,+0.0%,+0.00%,0.5000,0,✓ Yes,completed
1,499,134,05-24,+0.0%,+0.00%,0.5000,0,✓ Yes,completed
1,499,174,05-24,+0.0%,+0.00%,0.5000,0,✓ Yes,completed
1,499,215,05-24,+0.0%,+0.00%,0.5000,0,✓ Yes,completed
1,499,256,05-24,+0.0%,+0.00%,0.5000,0,✓ Yes,completed
1,499,296,05-24,+0.0%,+0.00%,0.5000,0,✓ Yes,completed
1,499,337,05-24,+0.0%,+0.00%,0.5000,0,✓ Yes,completed
1,499,377,05-24,+0.0%,+0.00%,0.5000,0,✓ Yes,completed
1,499,418,05-24,+0.0%,+0.00%,0.5000,0,✓ Yes,completed
1,499,459,05-24,+0.0%,+0.00%,0.5000,0,✓ Yes,completed
1,499,499,05-24,+0.0%,+0.00%,0.5000,0,✓ Yes,completed
1,539,93,05-24,+0.0%,+0.00%,0.5000,0,✓ Yes,completed
1,539,130,05-24,+0.0%,+0.00%,0.5000,0,✓ Yes,completed
1,539,167,05-24,+0.0%,+0.00%,0.5000,0,✓ Yes,completed
1,539,205,05-24,+0.0%,+0.00%,0.5000,0,✓ Yes,completed
1,539,242,05-24,+0.0%,+0.00%,0.5000,0,✓ Yes,completed
1,539,279,05-24,+0.0%,+0.00%,0.5000,0,✓ Yes,completed
1,539,316,05-24,+0.0%,+0.00%,0.5000,0,✓ Yes,completed
1,539,353,05-24,+0.0%,+0.00%,0.5000,0,✓ Yes,completed
1,539,390,05-24,+0.0%,+0.00%,0.5000,0,✓ Yes,completed
1,539,427,05-24,+0.0%,+0.00%,0.5000,0,✓ Yes,completed
1,539,465,05-24,+0.0%,+0.00%,0.5000,0,✓ Yes,completed
1,539,502,05-24,+0.0%,+0.00%,0.5000,0,✓ Yes,completed
1,539,539,05-24,+0.0%,+0.00%,0.5000,0,✓ Yes,completed
2,261,261,01-17,+50.0%,+95.64%,0.9782,1,✗ No,budget_exceeded
2,261,261,01-17,+50.0%,+95.64%,0.9782,1,✗ No,budget_exceeded
2,279,261,01-17,+50.0%,+95.64%,0.9782,1,✗ No,budget_exceeded
2,279,279,01-17,+50.0%,+95.64%,0.9782,1,✗ No,budget_exceeded
2,297,261,01-17,+50.0%,+95.64%,0.9782,1,✗ No,budget_exceeded
2,297,297,01-17,+50.0%,+95.20%,0.9760,6,✗ No,budget_exceeded
2,315,261,01-17,+50.0%,+95.64%,0.9782,1,✗ No,budget_exceeded
2,315,288,01-17,+50.0%,+95.64%,0.9782,1,✗ No,budget_exceeded
2,315,315,01-17,+50.0%,+93.91%,0.9696,9,✗ No,budget_exceeded
2,332,261,01-17,+50.0%,+95.64%,0.9782,1,✗ No,budget_exceeded
2,332,285,01-17,+50.0%,+95.64%,0.9782,1,✗ No,budget_exceeded
2,332,309,01-17,+50.0%,+94.10%,0.9705,6,✗ No,budget_exceeded
2,332,332,01-17,+50.0%,+88.85%,0.9442,22,✗ No,budget_exceeded
2,350,261,01-17,+50.0%,+95.64%,0.9782,1,✗ No,budget_exceeded
2,350,279,01-17,+50.0%,+95.64%,0.9782,1,✗ No,budget_exceeded
2,350,297,01-17,+50.0%,+94.56%,0.9728,5,✗ No,budget_exceeded
2,350,315,01-17,+50.0%,+93.30%,0.9665,7,✗ No,budget_exceeded
2,350,332,01-17,+50.0%,+87.42%,0.9371,21,✗ No,budget_exceeded
2,350,350,01-17,+50.0%,+80.38%,0.9019,37,✗ No,budget_exceeded
2,368,261,01-17,+50.0%,+95.64%,0.9782,1,✗ No,budget_exceeded
2,368,279,01-17,+50.0%,+95.64%,0.9782,1,✗ No,budget_exceeded
2,368,297,01-17,+50.0%,+92.32%,0.9616,4,✗ No,budget_exceeded
2,368,315,01-17,+50.0%,+88.82%,0.9441,7,✗ No,budget_exceeded
2,368,332,01-17,+50.0%,+80.71%,0.9036,23,✗ No,budget_exceeded
2,368,350,01-17,+50.0%,+69.97%,0.8499,39,✗ No,budget_exceeded
2,368,368,01-17,+50.0%,+47.44%,0.7372,90,✗ No,budget_exceeded
2,386,261,01-17,+50.0%,+95.31%,0.9766,1,✗ No,budget_exceeded
2,386,279,01-17,+50.0%,+95.31%,0.9766,1,✗ No,budget_exceeded
2,386,297,01-17,+50.0%,+90.64%,0.9532,4,✗ No,budget_exceeded
2,386,315,01-17,+50.0%,+83.04%,0.9152,9,✗ No,budget_exceeded
2,386,332,01-17,+50.0%,+57.19%,0.7860,28,✗ No,budget_exceeded
2,386,350,01-17,+50.0%,+9.09%,0.5455,44,✗ No,budget_exceeded
2,386,368,01-17,+37.6%,+2.77%,0.5138,51,✓ Yes,completed
2,386,386,01-17,+22.9%,+1.55%,0.5077,92,✓ Yes,completed
2,404,261,01-17,+50.0%,+90.21%,0.9511,1,✗ No,budget_exceeded
2,404,279,01-17,+50.0%,+90.21%,0.9511,1,✗ No,budget_exceeded
2,404,297,01-17,+50.0%,+76.59%,0.8830,2,✗ No,budget_exceeded
2,404,315,01-17,+36.6%,+1.25%,0.5063,11,✓ Yes,completed
2,404,332,01-17,+26.5%,+1.08%,0.5054,13,✓ Yes,completed
2,404,350,01-17,+18.7%,+0.96%,0.5048,14,✓ Yes,completed
2,404,368,01-17,+10.6%,+0.92%,0.5046,15,✓ Yes,completed
2,404,386,01-17,+6.7%,+0.58%,0.5029,15,✓ Yes,completed
2,404,404,01-17,+2.3%,+0.18%,0.5009,22,✓ Yes,completed
2,421,261,01-17,+3.0%,-0.10%,0.4995,1,✓ Yes,completed
2,421,279,01-17,+1.0%,+0.07%,0.5003,1,✓ Yes,completed
2,421,297,01-17,+0.9%,+0.09%,0.5005,1,✓ Yes,completed
2,421,315,01-17,+0.8%,+0.11%,0.5006,1,✓ Yes,completed
2,421,332,01-17,+0.8%,+0.11%,0.5006,1,✓ Yes,completed
2,421,350,01-17,+0.8%,+0.12%,0.5006,1,✓ Yes,completed
2,421,368,01-17,+0.7%,+0.11%,0.5006,1,✓ Yes,completed
2,421,386,01-17,+0.7%,+0.11%,0.5006,1,✓ Yes,completed
2,421,404,01-17,+0.2%,+0.01%,0.5001,1,✓ Yes,completed
2,421,421,01-17,+0.2%,+0.00%,0.5000,1,✓ Yes,completed
2,261,261,01-28,+50.0%,+95.61%,0.9780,1,✗ No,budget_exceeded
2,261,261,01-28,+50.0%,+95.61%,0.9780,1,✗ No,budget_exceeded
2,279,261,01-28,+50.0%,+95.61%,0.9780,1,✗ No,budget_exceeded
2,279,279,01-28,+50.0%,+95.61%,0.9780,1,✗ No,budget_exceeded
2,297,261,01-28,+50.0%,+95.61%,0.9780,1,✗ No,budget_exceeded
2,297,297,01-28,+50.0%,+94.95%,0.9748,7,✗ No,budget_exceeded
2,315,261,01-28,+50.0%,+95.61%,0.9780,1,✗ No,budget_exceeded
2,315,288,01-28,+50.0%,+95.61%,0.9780,1,✗ No,budget_exceeded
2,315,315,01-28,+50.0%,+91.07%,0.9553,21,✗ No,budget_exceeded
2,332,261,01-28,+50.0%,+95.61%,0.9780,1,✗ No,budget_exceeded
2,332,285,01-28,+50.0%,+95.61%,0.9780,1,✗ No,budget_exceeded
2,332,309,01-28,+50.0%,+91.34%,0.9567,15,✗ No,budget_exceeded
2,332,332,01-28,+50.0%,+82.40%,0.9120,38,✗ No,budget_exceeded
2,350,261,01-28,+50.0%,+95.61%,0.9780,1,✗ No,budget_exceeded
2,350,279,01-28,+50.0%,+95.61%,0.9780,1,✗ No,budget_exceeded
2,350,297,01-28,+50.0%,+94.11%,0.9706,6,✗ No,budget_exceeded
2,350,315,01-28,+50.0%,+88.52%,0.9426,20,✗ No,budget_exceeded
2,350,332,01-28,+50.0%,+79.12%,0.8956,37,✗ No,budget_exceeded
2,350,350,01-28,+50.0%,+68.53%,0.8427,55,✗ No,budget_exceeded
2,368,261,01-28,+50.0%,+92.38%,0.9619,1,✗ No,budget_exceeded
2,368,279,01-28,+50.0%,+92.38%,0.9619,1,✗ No,budget_exceeded
2,368,297,01-28,+50.0%,+87.93%,0.9396,6,✗ No,budget_exceeded
2,368,315,01-28,+50.0%,+80.43%,0.9022,21,✗ No,budget_exceeded
2,368,332,01-28,+50.0%,+65.37%,0.8269,40,✗ No,budget_exceeded
2,368,350,01-28,+50.0%,+51.23%,0.7562,51,✗ No,budget_exceeded
2,368,368,01-28,+44.5%,+5.90%,0.5295,104,✓ Yes,completed
2,386,261,01-28,+50.0%,+91.62%,0.9581,1,✗ No,budget_exceeded
2,386,279,01-28,+50.0%,+91.62%,0.9581,1,✗ No,budget_exceeded
2,386,297,01-28,+50.0%,+81.04%,0.9052,7,✗ No,budget_exceeded
2,386,315,01-28,+50.0%,+42.85%,0.7142,25,✗ No,budget_exceeded
2,386,332,01-28,+40.1%,+4.65%,0.5233,38,✓ Yes,completed
2,386,350,01-28,+35.1%,+4.21%,0.5210,39,✓ Yes,completed
2,386,368,01-28,+28.1%,+3.16%,0.5158,40,✓ Yes,completed
2,386,386,01-28,+16.8%,+1.66%,0.5083,69,✓ Yes,completed
2,404,261,01-28,+50.0%,+88.47%,0.9423,1,✗ No,budget_exceeded
2,404,279,01-28,+50.0%,+88.47%,0.9423,1,✗ No,budget_exceeded
2,404,297,01-28,+35.9%,+2.94%,0.5147,6,✓ Yes,completed
2,404,315,01-28,+20.8%,+1.61%,0.5080,10,✓ Yes,completed
2,404,332,01-28,+10.8%,+0.76%,0.5038,12,✓ Yes,completed
2,404,350,01-28,+9.9%,+0.88%,0.5044,12,✓ Yes,completed
2,404,368,01-28,+9.0%,+0.81%,0.5041,12,✓ Yes,completed
2,404,386,01-28,+6.5%,+0.70%,0.5035,12,✓ Yes,completed
2,404,404,01-28,+2.0%,+0.23%,0.5011,20,✓ Yes,completed
2,421,261,01-28,+3.0%,+0.04%,0.5002,1,✓ Yes,completed
2,421,279,01-28,+1.0%,+0.17%,0.5008,1,✓ Yes,completed
2,421,297,01-28,+0.9%,+0.19%,0.5009,1,✓ Yes,completed
2,421,315,01-28,+0.8%,+0.20%,0.5010,1,✓ Yes,completed
2,421,332,01-28,+0.8%,+0.20%,0.5010,1,✓ Yes,completed
2,421,350,01-28,+0.8%,+0.20%,0.5010,1,✓ Yes,completed
2,421,368,01-28,+0.7%,+0.19%,0.5010,1,✓ Yes,completed
2,421,386,01-28,+0.7%,+0.18%,0.5009,1,✓ Yes,completed
2,421,404,01-28,+0.2%,+0.04%,0.5002,1,✓ Yes,completed
2,421,421,01-28,+0.2%,+0.02%,0.5001,1,✓ Yes,completed
2,261,261,02-08,+50.0%,+95.49%,0.9775,2,✗ No,budget_exceeded
2,261,261,02-08,+50.0%,+95.49%,0.9775,2,✗ No,budget_exceeded
2,279,261,02-08,+50.0%,+95.40%,0.9770,2,✗ No,budget_exceeded
2,279,279,02-08,+50.0%,+94.83%,0.9741,7,✗ No,budget_exceeded
2,297,261,02-08,+50.0%,+95.37%,0.9768,2,✗ No,budget_exceeded
2,297,297,02-08,+50.0%,+93.15%,0.9657,10,✗ No,budget_exceeded
2,315,261,02-08,+50.0%,+95.30%,0.9765,2,✗ No,budget_exceeded
2,315,288,02-08,+50.0%,+93.95%,0.9698,5,✗ No,budget_exceeded
2,315,315,02-08,+50.0%,+87.39%,0.9369,27,✗ No,budget_exceeded
2,332,261,02-08,+50.0%,+95.30%,0.9765,2,✗ No,budget_exceeded
2,332,285,02-08,+50.0%,+93.96%,0.9698,5,✗ No,budget_exceeded
2,332,309,02-08,+50.0%,+87.49%,0.9375,22,✗ No,budget_exceeded
2,332,332,02-08,+50.0%,+77.62%,0.8881,44,✗ No,budget_exceeded
2,350,261,02-08,+50.0%,+95.22%,0.9761,2,✗ No,budget_exceeded
2,350,279,02-08,+50.0%,+93.64%,0.9682,5,✗ No,budget_exceeded
2,350,297,02-08,+50.0%,+89.25%,0.9462,12,✗ No,budget_exceeded
2,350,315,02-08,+50.0%,+80.68%,0.9034,30,✗ No,budget_exceeded
2,350,332,02-08,+50.0%,+70.82%,0.8541,44,✗ No,budget_exceeded
2,350,350,02-08,+50.0%,+60.50%,0.8025,70,✗ No,budget_exceeded
2,368,261,02-08,+50.0%,+94.90%,0.9745,2,✗ No,budget_exceeded
2,368,279,02-08,+50.0%,+92.70%,0.9635,6,✗ No,budget_exceeded
2,368,297,02-08,+50.0%,+85.85%,0.9293,12,✗ No,budget_exceeded
2,368,315,02-08,+50.0%,+72.24%,0.8612,31,✗ No,budget_exceeded
2,368,332,02-08,+50.0%,+58.23%,0.7912,45,✗ No,budget_exceeded
2,368,350,02-08,+46.7%,+9.12%,0.5456,52,✓ Yes,completed
2,368,368,02-08,+37.1%,+7.14%,0.5357,88,✓ Yes,completed
2,386,261,02-08,+50.0%,+93.48%,0.9674,2,✗ No,budget_exceeded
2,386,279,02-08,+50.0%,+72.19%,0.8610,7,✗ No,budget_exceeded
2,386,297,02-08,+50.0%,+56.56%,0.7828,14,✗ No,budget_exceeded
2,386,315,02-08,+40.0%,+7.04%,0.5352,25,✓ Yes,completed
2,386,332,02-08,+33.0%,+6.16%,0.5308,32,✓ Yes,completed
2,386,350,02-08,+29.5%,+5.70%,0.5285,32,✓ Yes,completed
2,386,368,02-08,+24.1%,+4.43%,0.5221,32,✓ Yes,completed
2,386,386,02-08,+15.3%,+2.70%,0.5135,61,✓ Yes,completed
2,404,261,02-08,+50.0%,+71.07%,0.8553,3,✗ No,budget_exceeded
2,404,279,02-08,+43.0%,+6.64%,0.5332,4,✓ Yes,completed
2,404,297,02-08,+32.9%,+5.05%,0.5253,5,✓ Yes,completed
2,404,315,02-08,+17.9%,+2.42%,0.5121,9,✓ Yes,completed
2,404,332,02-08,+9.8%,+1.34%,0.5067,11,✓ Yes,completed
2,404,350,02-08,+9.0%,+1.23%,0.5061,11,✓ Yes,completed
2,404,368,02-08,+8.1%,+1.16%,0.5058,11,✓ Yes,completed
2,404,386,02-08,+6.3%,+0.86%,0.5043,11,✓ Yes,completed
2,404,404,02-08,+1.9%,+0.26%,0.5013,19,✓ Yes,completed
2,421,261,02-08,+3.0%,+0.12%,0.5006,1,✓ Yes,completed
2,421,279,02-08,+1.0%,+0.20%,0.5010,1,✓ Yes,completed
2,421,297,02-08,+0.9%,+0.22%,0.5011,1,✓ Yes,completed
2,421,315,02-08,+0.8%,+0.24%,0.5012,1,✓ Yes,completed
2,421,332,02-08,+0.8%,+0.23%,0.5012,1,✓ Yes,completed
2,421,350,02-08,+0.8%,+0.23%,0.5012,1,✓ Yes,completed
2,421,368,02-08,+0.7%,+0.22%,0.5011,1,✓ Yes,completed
2,421,386,02-08,+0.7%,+0.21%,0.5011,1,✓ Yes,completed
2,421,404,02-08,+0.2%,+0.04%,0.5002,1,✓ Yes,completed
2,421,421,02-08,+0.2%,+0.02%,0.5001,1,✓ Yes,completed
2,261,261,02-19,+50.0%,+94.32%,0.9716,7,✗ No,budget_exceeded
2,261,261,02-19,+50.0%,+94.32%,0.9716,7,✗ No,budget_exceeded
2,279,261,02-19,+50.0%,+93.90%,0.9695,7,✗ No,budget_exceeded
2,279,279,02-19,+50.0%,+91.52%,0.9576,20,✗ No,budget_exceeded
2,297,261,02-19,+50.0%,+93.71%,0.9685,7,✗ No,budget_exceeded
2,297,297,02-19,+50.0%,+87.43%,0.9372,23,✗ No,budget_exceeded
2,315,261,02-19,+50.0%,+93.07%,0.9654,8,✗ No,budget_exceeded
2,315,288,02-19,+50.0%,+87.68%,0.9384,20,✗ No,budget_exceeded
2,315,315,02-19,+50.0%,+79.83%,0.8992,40,✗ No,budget_exceeded
2,332,261,02-19,+50.0%,+92.82%,0.9641,8,✗ No,budget_exceeded
2,332,285,02-19,+50.0%,+87.30%,0.9365,20,✗ No,budget_exceeded
2,332,309,02-19,+50.0%,+79.40%,0.8970,35,✗ No,budget_exceeded
2,332,332,02-19,+50.0%,+66.26%,0.8313,68,✗ No,budget_exceeded
2,350,261,02-19,+50.0%,+91.10%,0.9555,8,✗ No,budget_exceeded
2,350,279,02-19,+50.0%,+84.08%,0.9204,21,✗ No,budget_exceeded
2,350,297,02-19,+50.0%,+79.19%,0.8959,28,✗ No,budget_exceeded
2,350,315,02-19,+50.0%,+63.90%,0.8195,43,✗ No,budget_exceeded
2,350,332,02-19,+47.1%,+10.49%,0.5524,49,✓ Yes,completed
2,350,350,02-19,+41.4%,+9.50%,0.5475,84,✓ Yes,completed
2,368,261,02-19,+50.0%,+86.94%,0.9347,7,✗ No,budget_exceeded
2,368,279,02-19,+50.0%,+74.92%,0.8746,21,✗ No,budget_exceeded
2,368,297,02-19,+49.0%,+9.98%,0.5499,28,✓ Yes,completed
2,368,315,02-19,+42.3%,+9.28%,0.5464,37,✓ Yes,completed
2,368,332,02-19,+38.8%,+8.92%,0.5446,38,✓ Yes,completed
2,368,350,02-19,+33.2%,+8.17%,0.5409,41,✓ Yes,completed
2,368,368,02-19,+25.3%,+6.25%,0.5312,71,✓ Yes,completed
2,386,261,02-19,+50.0%,+62.08%,0.8104,9,✗ No,budget_exceeded
2,386,279,02-19,+36.4%,+7.15%,0.5357,13,✓ Yes,completed
2,386,297,02-19,+31.6%,+6.74%,0.5337,16,✓ Yes,completed
2,386,315,02-19,+24.0%,+5.49%,0.5275,21,✓ Yes,completed
2,386,332,02-19,+21.9%,+5.45%,0.5272,22,✓ Yes,completed
2,386,350,02-19,+19.3%,+5.02%,0.5251,22,✓ Yes,completed
2,386,368,02-19,+15.5%,+4.24%,0.5212,22,✓ Yes,completed
2,386,386,02-19,+10.0%,+3.00%,0.5150,41,✓ Yes,completed
2,404,261,02-19,+33.1%,+6.11%,0.5305,3,✓ Yes,completed
2,404,279,02-19,+22.9%,+4.56%,0.5228,4,✓ Yes,completed
2,404,297,02-19,+12.7%,+2.86%,0.5143,5,✓ Yes,completed
2,404,315,02-19,+7.4%,+2.04%,0.5102,7,✓ Yes,completed
2,404,332,02-19,+6.7%,+2.01%,0.5101,7,✓ Yes,completed
2,404,350,02-19,+6.3%,+1.97%,0.5099,7,✓ Yes,completed
2,404,368,02-19,+5.8%,+1.74%,0.5087,7,✓ Yes,completed
2,404,386,02-19,+4.4%,+1.35%,0.5067,7,✓ Yes,completed
2,404,404,02-19,+1.4%,+0.36%,0.5018,13,✓ Yes,completed
2,421,261,02-19,+3.0%,+0.44%,0.5022,1,✓ Yes,completed
2,421,279,02-19,+1.0%,+0.25%,0.5013,1,✓ Yes,completed
2,421,297,02-19,+0.9%,+0.27%,0.5014,1,✓ Yes,completed
2,421,315,02-19,+0.8%,+0.28%,0.5014,1,✓ Yes,completed
2,421,332,02-19,+0.8%,+0.27%,0.5014,1,✓ Yes,completed
2,421,350,02-19,+0.8%,+0.27%,0.5013,1,✓ Yes,completed
2,421,368,02-19,+0.7%,+0.26%,0.5013,1,✓ Yes,completed
2,421,386,02-19,+0.7%,+0.25%,0.5012,1,✓ Yes,completed
2,421,404,02-19,+0.2%,+0.06%,0.5003,1,✓ Yes,completed
2,421,421,02-19,+0.2%,+0.04%,0.5002,1,✓ Yes,completed
2,261,261,03-02,+50.0%,+92.70%,0.9635,17,✗ No,budget_exceeded
2,261,261,03-02,+50.0%,+92.70%,0.9635,17,✗ No,budget_exceeded
2,279,261,03-02,+50.0%,+91.14%,0.9557,17,✗ No,budget_exceeded
2,279,279,03-02,+50.0%,+85.86%,0.9293,39,✗ No,budget_exceeded
2,297,261,03-02,+50.0%,+90.40%,0.9520,17,✗ No,budget_exceeded
2,297,297,03-02,+50.0%,+76.86%,0.8843,49,✗ No,budget_exceeded
2,315,261,03-02,+50.0%,+87.73%,0.9387,19,✗ No,budget_exceeded
2,315,288,03-02,+50.0%,+76.09%,0.8805,38,✗ No,budget_exceeded
2,315,315,03-02,+50.0%,+50.58%,0.7529,86,✗ No,budget_exceeded
2,332,261,03-02,+50.0%,+85.86%,0.9293,19,✗ No,budget_exceeded
2,332,285,03-02,+50.0%,+70.86%,0.8543,39,✗ No,budget_exceeded
2,332,309,03-02,+47.1%,+10.32%,0.5516,48,✓ Yes,completed
2,332,332,03-02,+39.4%,+9.22%,0.5461,79,✓ Yes,completed
2,350,261,03-02,+50.0%,+69.86%,0.8493,21,✗ No,budget_exceeded
2,350,279,03-02,+43.2%,+9.10%,0.5455,33,✓ Yes,completed
2,350,297,03-02,+39.8%,+8.95%,0.5447,35,✓ Yes,completed
2,350,315,03-02,+35.8%,+8.46%,0.5423,36,✓ Yes,completed
2,350,332,03-02,+32.4%,+7.85%,0.5392,38,✓ Yes,completed
2,350,350,03-02,+28.0%,+6.69%,0.5334,71,✓ Yes,completed
2,368,261,03-02,+39.8%,+7.55%,0.5377,15,✓ Yes,completed
2,368,279,03-02,+32.4%,+6.90%,0.5345,23,✓ Yes,completed
2,368,297,03-02,+29.5%,+6.55%,0.5327,25,✓ Yes,completed
2,368,315,03-02,+26.8%,+6.35%,0.5318,26,✓ Yes,completed
2,368,332,03-02,+24.9%,+6.18%,0.5309,26,✓ Yes,completed
2,368,350,03-02,+21.1%,+5.45%,0.5272,27,✓ Yes,completed
2,368,368,03-02,+15.3%,+4.18%,0.5209,50,✓ Yes,completed
2,386,261,03-02,+28.4%,+4.93%,0.5247,9,✓ Yes,completed
2,386,279,03-02,+16.8%,+3.62%,0.5181,12,✓ Yes,completed
2,386,297,03-02,+15.3%,+3.65%,0.5183,13,✓ Yes,completed
2,386,315,03-02,+13.8%,+3.67%,0.5183,14,✓ Yes,completed
2,386,332,03-02,+12.9%,+3.55%,0.5177,14,✓ Yes,completed
2,386,350,03-02,+11.1%,+3.13%,0.5156,14,✓ Yes,completed
2,386,368,03-02,+8.9%,+2.56%,0.5128,14,✓ Yes,completed
2,386,386,03-02,+5.9%,+1.57%,0.5079,27,✓ Yes,completed
2,404,261,03-02,+11.0%,+2.21%,0.5110,3,✓ Yes,completed
2,404,279,03-02,+5.2%,+1.15%,0.5058,3,✓ Yes,completed
2,404,297,03-02,+4.9%,+1.19%,0.5060,3,✓ Yes,completed
2,404,315,03-02,+3.9%,+1.03%,0.5051,4,✓ Yes,completed
2,404,332,03-02,+3.6%,+1.02%,0.5051,4,✓ Yes,completed
2,404,350,03-02,+3.5%,+1.03%,0.5051,4,✓ Yes,completed
2,404,368,03-02,+3.3%,+1.02%,0.5051,4,✓ Yes,completed
2,404,386,03-02,+3.2%,+1.01%,0.5051,4,✓ Yes,completed
2,404,404,03-02,+1.0%,+0.50%,0.5025,9,✓ Yes,completed
2,421,261,03-02,+3.0%,+0.56%,0.5028,1,✓ Yes,completed
2,421,279,03-02,+1.0%,+0.44%,0.5022,1,✓ Yes,completed
2,421,297,03-02,+0.9%,+0.45%,0.5022,1,✓ Yes,completed
2,421,315,03-02,+0.8%,+0.44%,0.5022,1,✓ Yes,completed
2,421,332,03-02,+0.8%,+0.43%,0.5022,1,✓ Yes,completed
2,421,350,03-02,+0.8%,+0.42%,0.5021,1,✓ Yes,completed
2,421,368,03-02,+0.7%,+0.40%,0.5020,1,✓ Yes,completed
2,421,386,03-02,+0.7%,+0.38%,0.5019,1,✓ Yes,completed
2,421,404,03-02,+0.2%,+0.09%,0.5005,1,✓ Yes,completed
2,421,421,03-02,+0.2%,+0.05%,0.5003,1,✓ Yes,completed
2,261,261,03-13,+50.0%,+86.64%,0.9332,30,✗ No,budget_exceeded
2,261,261,03-13,+50.0%,+86.64%,0.9332,30,✗ No,budget_exceeded
2,279,261,03-13,+50.0%,+84.58%,0.9229,29,✗ No,budget_exceeded
2,279,279,03-13,+50.0%,+75.26%,0.8763,53,✗ No,budget_exceeded
2,297,261,03-13,+50.0%,+79.82%,0.8991,31,✗ No,budget_exceeded
2,297,297,03-13,+50.0%,+54.33%,0.7717,70,✗ No,budget_exceeded
2,315,261,03-13,+50.0%,+75.14%,0.8757,33,✗ No,budget_exceeded
2,315,288,03-13,+50.0%,+12.43%,0.5621,59,✗ No,budget_exceeded
2,315,315,03-13,+38.6%,+8.71%,0.5435,94,✓ Yes,completed
2,332,261,03-13,+44.8%,+8.90%,0.5445,29,✓ Yes,completed
2,332,285,03-13,+38.0%,+8.50%,0.5425,35,✓ Yes,completed
2,332,309,03-13,+32.7%,+8.03%,0.5402,37,✓ Yes,completed
2,332,332,03-13,+25.9%,+6.65%,0.5332,67,✓ Yes,completed
2,350,261,03-13,+33.3%,+6.99%,0.5350,19,✓ Yes,completed
2,350,279,03-13,+28.2%,+6.68%,0.5334,25,✓ Yes,completed
2,350,297,03-13,+26.3%,+6.54%,0.5327,25,✓ Yes,completed
2,350,315,03-13,+23.6%,+6.27%,0.5314,25,✓ Yes,completed
2,350,332,03-13,+20.7%,+5.82%,0.5291,27,✓ Yes,completed
2,350,350,03-13,+17.9%,+5.08%,0.5254,56,✓ Yes,completed
2,368,261,03-13,+24.8%,+5.35%,0.5268,12,✓ Yes,completed
2,368,279,03-13,+19.1%,+4.89%,0.5244,17,✓ Yes,completed
2,368,297,03-13,+17.7%,+4.79%,0.5239,17,✓ Yes,completed
2,368,315,03-13,+16.2%,+4.54%,0.5227,17,✓ Yes,completed
2,368,332,03-13,+14.8%,+4.17%,0.5209,17,✓ Yes,completed
2,368,350,03-13,+12.3%,+3.63%,0.5182,18,✓ Yes,completed
2,368,368,03-13,+8.6%,+2.47%,0.5123,35,✓ Yes,completed
2,386,261,03-13,+18.6%,+3.89%,0.5194,7,✓ Yes,completed
2,386,279,03-13,+9.8%,+2.38%,0.5119,9,✓ Yes,completed
2,386,297,03-13,+9.0%,+2.26%,0.5113,9,✓ Yes,completed
2,386,315,03-13,+8.4%,+2.27%,0.5113,9,✓ Yes,completed
2,386,332,03-13,+7.8%,+2.12%,0.5106,9,✓ Yes,completed
2,386,350,03-13,+6.5%,+1.91%,0.5096,9,✓ Yes,completed
2,386,368,03-13,+4.7%,+1.55%,0.5077,9,✓ Yes,completed
2,386,386,03-13,+2.6%,+0.88%,0.5044,20,✓ Yes,completed
2,404,261,03-13,+3.3%,+0.80%,0.5040,1,✓ Yes,completed
2,404,279,03-13,+1.3%,+0.39%,0.5019,1,✓ Yes,completed
2,404,297,03-13,+1.2%,+0.40%,0.5020,1,✓ Yes,completed
2,404,315,03-13,+1.2%,+0.41%,0.5020,1,✓ Yes,completed
2,404,332,03-13,+1.1%,+0.41%,0.5021,1,✓ Yes,completed
2,404,350,03-13,+1.1%,+0.41%,0.5021,1,✓ Yes,completed
2,404,368,03-13,+1.0%,+0.41%,0.5020,1,✓ Yes,completed
2,404,386,03-13,+1.0%,+0.41%,0.5020,1,✓ Yes,completed
2,404,404,03-13,+0.4%,+0.15%,0.5007,2,✓ Yes,completed
2,421,261,03-13,+0.0%,+0.00%,0.5000,0,✓ Yes,completed
2,421,279,03-13,+0.0%,+0.00%,0.5000,0,✓ Yes,completed
2,421,297,03-13,+0.0%,+0.00%,0.5000,0,✓ Yes,completed
2,421,315,03-13,+0.0%,+0.00%,0.5000,0,✓ Yes,completed
2,421,332,03-13,+0.0%,+0.00%,0.5000,0,✓ Yes,completed
2,421,350,03-13,+0.0%,+0.00%,0.5000,0,✓ Yes,completed
2,421,368,03-13,+0.0%,+0.00%,0.5000,0,✓ Yes,completed
2,421,386,03-13,+0.0%,+0.00%,0.5000,0,✓ Yes,completed
2,421,404,03-13,+0.0%,+0.00%,0.5000,0,✓ Yes,completed
2,421,421,03-13,+0.0%,+0.00%,0.5000,0,✓ Yes,completed
2,261,261,03-22,+50.0%,+79.06%,0.8953,41,✗ No,budget_exceeded
2,261,261,03-22,+50.0%,+79.06%,0.8953,41,✗ No,budget_exceeded
2,279,261,03-22,+50.0%,+74.49%,0.8725,40,✗ No,budget_exceeded
2,279,279,03-22,+50.0%,+64.70%,0.8235,67,✗ No,budget_exceeded
2,297,261,03-22,+50.0%,+67.73%,0.8386,44,✗ No,budget_exceeded
2,297,297,03-22,+50.0%,+8.45%,0.5422,99,✗ No,budget_exceeded
2,315,261,03-22,+50.0%,+37.65%,0.6883,46,✗ No,budget_exceeded
2,315,288,03-22,+41.4%,+7.20%,0.5360,54,✓ Yes,completed
2,315,315,03-22,+27.4%,+6.45%,0.5322,84,✓ Yes,completed
2,332,261,03-22,+30.2%,+6.12%,0.5306,25,✓ Yes,completed
2,332,285,03-22,+26.0%,+6.04%,0.5302,26,✓ Yes,completed
2,332,309,03-22,+21.7%,+5.42%,0.5271,28,✓ Yes,completed
2,332,332,03-22,+16.0%,+4.51%,0.5225,55,✓ Yes,completed
2,350,261,03-22,+19.1%,+4.34%,0.5217,15,✓ Yes,completed
2,350,279,03-22,+16.9%,+4.33%,0.5216,16,✓ Yes,completed
2,350,297,03-22,+15.9%,+4.39%,0.5220,16,✓ Yes,completed
2,350,315,03-22,+14.1%,+4.19%,0.5209,16,✓ Yes,completed
2,350,332,03-22,+12.1%,+3.70%,0.5185,17,✓ Yes,completed
2,350,350,03-22,+10.4%,+3.01%,0.5151,44,✓ Yes,completed
2,368,261,03-22,+12.6%,+3.02%,0.5151,10,✓ Yes,completed
2,368,279,03-22,+10.7%,+2.76%,0.5138,11,✓ Yes,completed
2,368,297,03-22,+10.0%,+2.81%,0.5140,11,✓ Yes,completed
2,368,315,03-22,+8.9%,+2.65%,0.5132,11,✓ Yes,completed
2,368,332,03-22,+8.3%,+2.65%,0.5133,11,✓ Yes,completed
2,368,350,03-22,+6.4%,+2.16%,0.5108,12,✓ Yes,completed
2,368,368,03-22,+4.5%,+1.58%,0.5079,27,✓ Yes,completed
2,386,261,03-22,+6.7%,+1.59%,0.5080,5,✓ Yes,completed
2,386,279,03-22,+4.3%,+1.30%,0.5065,5,✓ Yes,completed
2,386,297,03-22,+4.0%,+1.22%,0.5061,5,✓ Yes,completed
2,386,315,03-22,+3.7%,+1.18%,0.5059,5,✓ Yes,completed
2,386,332,03-22,+3.3%,+1.14%,0.5057,5,✓ Yes,completed
2,386,350,03-22,+2.5%,+0.97%,0.5048,5,✓ Yes,completed
2,386,368,03-22,+1.6%,+0.63%,0.5031,5,✓ Yes,completed
2,386,386,03-22,+0.8%,+0.36%,0.5018,14,✓ Yes,completed
2,404,261,03-22,+0.0%,+0.00%,0.5000,0,✓ Yes,completed
2,404,279,03-22,+0.0%,+0.00%,0.5000,0,✓ Yes,completed
2,404,297,03-22,+0.0%,+0.00%,0.5000,0,✓ Yes,completed
2,404,315,03-22,+0.0%,+0.00%,0.5000,0,✓ Yes,completed
2,404,332,03-22,+0.0%,+0.00%,0.5000,0,✓ Yes,completed
2,404,350,03-22,+0.0%,+0.00%,0.5000,0,✓ Yes,completed
2,404,368,03-22,+0.0%,+0.00%,0.5000,0,✓ Yes,completed
2,404,386,03-22,+0.0%,+0.00%,0.5000,0,✓ Yes,completed
2,404,404,03-22,+0.0%,+0.00%,0.5000,0,✓ Yes,completed
2,421,261,03-22,+0.0%,+0.00%,0.5000,0,✓ Yes,completed
2,421,279,03-22,+0.0%,+0.00%,0.5000,0,✓ Yes,completed
2,421,297,03-22,+0.0%,+0.00%,0.5000,0,✓ Yes,completed
2,421,315,03-22,+0.0%,+0.00%,0.5000,0,✓ Yes,completed
2,421,332,03-22,+0.0%,+0.00%,0.5000,0,✓ Yes,completed
2,421,350,03-22,+0.0%,+0.00%,0.5000,0,✓ Yes,completed
2,421,368,03-22,+0.0%,+0.00%,0.5000,0,✓ Yes,completed
2,421,386,03-22,+0.0%,+0.00%,0.5000,0,✓ Yes,completed
2,421,404,03-22,+0.0%,+0.00%,0.5000,0,✓ Yes,completed
2,421,421,03-22,+0.0%,+0.00%,0.5000,0,✓ Yes,completed
3,305,305,02-04,+50.0%,+92.12%,0.9606,17,✗ No,budget_exceeded
3,305,305,02-04,+50.0%,+92.12%,0.9606,17,✗ No,budget_exceeded
3,313,305,02-04,+50.0%,+91.10%,0.9555,17,✗ No,budget_exceeded
3,313,313,02-04,+50.0%,+89.56%,0.9478,23,✗ No,budget_exceeded
3,321,305,02-04,+50.0%,+90.72%,0.9536,17,✗ No,budget_exceeded
3,321,321,02-04,+50.0%,+86.29%,0.9314,31,✗ No,budget_exceeded
3,329,305,02-04,+50.0%,+90.32%,0.9516,17,✗ No,budget_exceeded
3,329,317,02-04,+50.0%,+87.03%,0.9352,25,✗ No,budget_exceeded
3,329,329,02-04,+50.0%,+81.36%,0.9068,37,✗ No,budget_exceeded
3,337,305,02-04,+50.0%,+89.42%,0.9471,18,✗ No,budget_exceeded
3,337,316,02-04,+50.0%,+86.44%,0.9322,25,✗ No,budget_exceeded
3,337,327,02-04,+50.0%,+81.16%,0.9058,36,✗ No,budget_exceeded
3,337,337,02-04,+50.0%,+77.58%,0.8879,40,✗ No,budget_exceeded
3,345,305,02-04,+50.0%,+89.17%,0.9459,18,✗ No,budget_exceeded
3,345,313,02-04,+50.0%,+87.02%,0.9351,23,✗ No,budget_exceeded
3,345,321,02-04,+50.0%,+82.35%,0.9118,32,✗ No,budget_exceeded
3,345,329,02-04,+50.0%,+77.97%,0.8898,39,✗ No,budget_exceeded
3,345,337,02-04,+50.0%,+75.39%,0.8770,42,✗ No,budget_exceeded
3,345,345,02-04,+50.0%,+67.81%,0.8390,56,✗ No,budget_exceeded
3,353,305,02-04,+50.0%,+88.49%,0.9425,18,✗ No,budget_exceeded
3,353,313,02-04,+50.0%,+85.74%,0.9287,24,✗ No,budget_exceeded
3,353,321,02-04,+50.0%,+79.38%,0.8969,34,✗ No,budget_exceeded
3,353,329,02-04,+50.0%,+75.27%,0.8763,40,✗ No,budget_exceeded
3,353,337,02-04,+50.0%,+69.28%,0.8464,47,✗ No,budget_exceeded
3,353,345,02-04,+50.0%,+63.96%,0.8198,53,✗ No,budget_exceeded
3,353,353,02-04,+50.0%,+58.91%,0.7946,76,✗ No,budget_exceeded
3,361,305,02-04,+50.0%,+87.23%,0.9361,19,✗ No,budget_exceeded
3,361,313,02-04,+50.0%,+80.83%,0.9042,25,✗ No,budget_exceeded
3,361,321,02-04,+50.0%,+76.78%,0.8839,33,✗ No,budget_exceeded
3,361,329,02-04,+50.0%,+68.74%,0.8437,40,✗ No,budget_exceeded
3,361,337,02-04,+50.0%,+65.30%,0.8265,43,✗ No,budget_exceeded
3,361,345,02-04,+50.0%,+58.58%,0.7929,50,✗ No,budget_exceeded
3,361,353,02-04,+50.0%,+51.92%,0.7596,66,✗ No,budget_exceeded
3,361,361,02-04,+48.2%,+8.95%,0.5448,103,✓ Yes,completed
3,369,305,02-04,+50.0%,+80.30%,0.9015,20,✗ No,budget_exceeded
3,369,313,02-04,+50.0%,+77.00%,0.8850,26,✗ No,budget_exceeded
3,369,321,02-04,+50.0%,+68.27%,0.8414,35,✗ No,budget_exceeded
3,369,329,02-04,+50.0%,+63.28%,0.8164,42,✗ No,budget_exceeded
3,369,337,02-04,+50.0%,+56.63%,0.7832,45,✗ No,budget_exceeded
3,369,345,02-04,+50.0%,+41.72%,0.7086,50,✗ No,budget_exceeded
3,369,353,02-04,+47.5%,+8.90%,0.5445,56,✓ Yes,completed
3,369,361,02-04,+43.1%,+8.11%,0.5406,65,✓ Yes,completed
3,369,369,02-04,+37.7%,+7.11%,0.5355,92,✓ Yes,completed
3,377,305,02-04,+50.0%,+65.76%,0.8288,23,✗ No,budget_exceeded
3,377,313,02-04,+50.0%,+56.47%,0.7823,30,✗ No,budget_exceeded
3,377,321,02-04,+50.0%,+40.10%,0.7005,40,✗ No,budget_exceeded
3,377,329,02-04,+47.3%,+8.46%,0.5423,45,✓ Yes,completed
3,377,337,02-04,+45.8%,+8.16%,0.5408,45,✓ Yes,completed
3,377,345,02-04,+43.3%,+7.95%,0.5397,45,✓ Yes,completed
3,377,353,02-04,+39.2%,+7.36%,0.5368,45,✓ Yes,completed
3,377,361,02-04,+36.1%,+6.85%,0.5343,46,✓ Yes,completed
3,377,369,02-04,+31.5%,+5.58%,0.5279,52,✓ Yes,completed
3,377,377,02-04,+27.5%,+4.72%,0.5236,86,✓ Yes,completed
3,305,305,02-09,+50.0%,+90.48%,0.9524,20,✗ No,budget_exceeded
3,305,305,02-09,+50.0%,+90.48%,0.9524,20,✗ No,budget_exceeded
3,313,305,02-09,+50.0%,+89.36%,0.9468,20,✗ No,budget_exceeded
3,313,313,02-09,+50.0%,+87.69%,0.9384,26,✗ No,budget_exceeded
3,321,305,02-09,+50.0%,+88.86%,0.9443,20,✗ No,budget_exceeded
3,321,321,02-09,+50.0%,+84.38%,0.9219,32,✗ No,budget_exceeded
3,329,305,02-09,+50.0%,+88.15%,0.9408,21,✗ No,budget_exceeded
3,329,317,02-09,+50.0%,+84.52%,0.9226,29,✗ No,budget_exceeded
3,329,329,02-09,+50.0%,+79.07%,0.8953,38,✗ No,budget_exceeded
3,337,305,02-09,+50.0%,+87.47%,0.9374,21,✗ No,budget_exceeded
3,337,316,02-09,+50.0%,+84.17%,0.9209,28,✗ No,budget_exceeded
3,337,327,02-09,+50.0%,+78.16%,0.8908,38,✗ No,budget_exceeded
3,337,337,02-09,+50.0%,+74.42%,0.8721,44,✗ No,budget_exceeded
3,345,305,02-09,+50.0%,+86.32%,0.9316,22,✗ No,budget_exceeded
3,345,313,02-09,+50.0%,+83.86%,0.9193,27,✗ No,budget_exceeded
3,345,321,02-09,+50.0%,+78.95%,0.8948,34,✗ No,budget_exceeded
3,345,329,02-09,+50.0%,+74.60%,0.8730,41,✗ No,budget_exceeded
3,345,337,02-09,+50.0%,+72.06%,0.8603,44,✗ No,budget_exceeded
3,345,345,02-09,+50.0%,+66.89%,0.8344,59,✗ No,budget_exceeded
3,353,305,02-09,+50.0%,+84.22%,0.9211,23,✗ No,budget_exceeded
3,353,313,02-09,+50.0%,+80.31%,0.9015,29,✗ No,budget_exceeded
3,353,321,02-09,+50.0%,+75.78%,0.8789,36,✗ No,budget_exceeded
3,353,329,02-09,+50.0%,+71.15%,0.8558,43,✗ No,budget_exceeded
3,353,337,02-09,+50.0%,+67.40%,0.8370,48,✗ No,budget_exceeded
3,353,345,02-09,+50.0%,+61.55%,0.8078,57,✗ No,budget_exceeded
3,353,353,02-09,+50.0%,+49.19%,0.7459,92,✗ No,budget_exceeded
3,361,305,02-09,+50.0%,+78.78%,0.8939,22,✗ No,budget_exceeded
3,361,313,02-09,+50.0%,+75.62%,0.8781,28,✗ No,budget_exceeded
3,361,321,02-09,+50.0%,+72.14%,0.8607,34,✗ No,budget_exceeded
3,361,329,02-09,+50.0%,+66.62%,0.8331,41,✗ No,budget_exceeded
3,361,337,02-09,+50.0%,+61.57%,0.8078,44,✗ No,budget_exceeded
3,361,345,02-09,+50.0%,+49.31%,0.7465,52,✗ No,budget_exceeded
3,361,353,02-09,+48.3%,+9.76%,0.5488,67,✓ Yes,completed
3,361,361,02-09,+44.2%,+8.79%,0.5439,91,✓ Yes,completed
3,369,305,02-09,+50.0%,+76.81%,0.8841,23,✗ No,budget_exceeded
3,369,313,02-09,+50.0%,+73.46%,0.8673,29,✗ No,budget_exceeded
3,369,321,02-09,+50.0%,+66.79%,0.8340,36,✗ No,budget_exceeded
3,369,329,02-09,+50.0%,+59.60%,0.7980,43,✗ No,budget_exceeded
3,369,337,02-09,+50.0%,+46.89%,0.7344,47,✗ No,budget_exceeded
3,369,345,02-09,+47.4%,+9.53%,0.5477,48,✓ Yes,completed
3,369,353,02-09,+43.8%,+8.81%,0.5440,51,✓ Yes,completed
3,369,361,02-09,+40.0%,+8.33%,0.5416,59,✓ Yes,completed
3,369,369,02-09,+35.2%,+7.01%,0.5350,82,✓ Yes,completed
3,377,305,02-09,+50.0%,+59.35%,0.7968,26,✗ No,budget_exceeded
3,377,313,02-09,+50.0%,+46.57%,0.7329,33,✗ No,budget_exceeded
3,377,321,02-09,+47.8%,+9.02%,0.5451,37,✓ Yes,completed
3,377,329,02-09,+43.8%,+8.43%,0.5421,41,✓ Yes,completed
3,377,337,02-09,+42.6%,+8.29%,0.5415,41,✓ Yes,completed
3,377,345,02-09,+40.2%,+8.14%,0.5407,41,✓ Yes,completed
3,377,353,02-09,+36.8%,+7.37%,0.5368,41,✓ Yes,completed
3,377,361,02-09,+33.9%,+6.99%,0.5350,42,✓ Yes,completed
3,377,369,02-09,+29.8%,+6.22%,0.5311,47,✓ Yes,completed
3,377,377,02-09,+25.9%,+5.24%,0.5262,80,✓ Yes,completed
3,305,305,02-14,+50.0%,+87.25%,0.9362,27,✗ No,budget_exceeded
3,305,305,02-14,+50.0%,+87.25%,0.9362,27,✗ No,budget_exceeded
3,313,305,02-14,+50.0%,+85.88%,0.9294,27,✗ No,budget_exceeded
3,313,313,02-14,+50.0%,+83.94%,0.9197,33,✗ No,budget_exceeded
3,321,305,02-14,+50.0%,+84.82%,0.9241,28,✗ No,budget_exceeded
3,321,321,02-14,+50.0%,+79.75%,0.8988,38,✗ No,budget_exceeded
3,329,305,02-14,+50.0%,+84.35%,0.9217,28,✗ No,budget_exceeded
3,329,317,02-14,+50.0%,+79.78%,0.8989,36,✗ No,budget_exceeded
3,329,329,02-14,+50.0%,+76.15%,0.8807,40,✗ No,budget_exceeded
3,337,305,02-14,+50.0%,+82.90%,0.9145,29,✗ No,budget_exceeded
3,337,316,02-14,+50.0%,+78.87%,0.8943,36,✗ No,budget_exceeded
3,337,327,02-14,+50.0%,+75.72%,0.8786,39,✗ No,budget_exceeded
3,337,337,02-14,+50.0%,+71.13%,0.8556,51,✗ No,budget_exceeded
3,345,305,02-14,+50.0%,+81.38%,0.9069,30,✗ No,budget_exceeded
3,345,313,02-14,+50.0%,+78.06%,0.8903,36,✗ No,budget_exceeded
3,345,321,02-14,+50.0%,+74.43%,0.8721,40,✗ No,budget_exceeded
3,345,329,02-14,+50.0%,+71.11%,0.8556,43,✗ No,budget_exceeded
3,345,337,02-14,+50.0%,+67.81%,0.8391,48,✗ No,budget_exceeded
3,345,345,02-14,+50.0%,+57.08%,0.7854,69,✗ No,budget_exceeded
3,353,305,02-14,+50.0%,+78.93%,0.8947,31,✗ No,budget_exceeded
3,353,313,02-14,+50.0%,+74.56%,0.8728,38,✗ No,budget_exceeded
3,353,321,02-14,+50.0%,+70.30%,0.8515,42,✗ No,budget_exceeded
3,353,329,02-14,+50.0%,+67.31%,0.8366,45,✗ No,budget_exceeded
3,353,337,02-14,+50.0%,+57.38%,0.7869,52,✗ No,budget_exceeded
3,353,345,02-14,+48.6%,+10.62%,0.5531,62,✓ Yes,completed
3,353,353,02-14,+45.1%,+9.95%,0.5497,96,✓ Yes,completed
3,361,305,02-14,+50.0%,+73.26%,0.8663,30,✗ No,budget_exceeded
3,361,313,02-14,+50.0%,+68.46%,0.8423,37,✗ No,budget_exceeded
3,361,321,02-14,+50.0%,+58.60%,0.7930,41,✗ No,budget_exceeded
3,361,329,02-14,+50.0%,+55.23%,0.7762,45,✗ No,budget_exceeded
3,361,337,02-14,+47.7%,+10.39%,0.5520,45,✓ Yes,completed
3,361,345,02-14,+45.1%,+10.06%,0.5503,48,✓ Yes,completed
3,361,353,02-14,+41.8%,+9.56%,0.5478,62,✓ Yes,completed
3,361,361,02-14,+37.9%,+8.59%,0.5429,86,✓ Yes,completed
3,369,305,02-14,+50.0%,+66.66%,0.8333,32,✗ No,budget_exceeded
3,369,313,02-14,+50.0%,+54.86%,0.7743,39,✗ No,budget_exceeded
3,369,321,02-14,+47.7%,+10.09%,0.5504,41,✓ Yes,completed
3,369,329,02-14,+45.7%,+9.87%,0.5494,42,✓ Yes,completed
3,369,337,02-14,+43.5%,+9.68%,0.5484,42,✓ Yes,completed
3,369,345,02-14,+41.0%,+9.26%,0.5463,43,✓ Yes,completed
3,369,353,02-14,+37.5%,+8.52%,0.5426,46,✓ Yes,completed
3,369,361,02-14,+33.9%,+7.78%,0.5389,54,✓ Yes,completed
3,369,369,02-14,+29.2%,+6.82%,0.5341,75,✓ Yes,completed
3,377,305,02-14,+44.0%,+8.90%,0.5445,29,✓ Yes,completed
3,377,313,02-14,+41.5%,+8.81%,0.5441,33,✓ Yes,completed
3,377,321,02-14,+39.3%,+8.46%,0.5423,35,✓ Yes,completed
3,377,329,02-14,+37.4%,+8.17%,0.5408,36,✓ Yes,completed
3,377,337,02-14,+36.4%,+7.98%,0.5399,36,✓ Yes,completed
3,377,345,02-14,+34.3%,+7.68%,0.5384,36,✓ Yes,completed
3,377,353,02-14,+31.1%,+7.26%,0.5363,36,✓ Yes,completed
3,377,361,02-14,+28.4%,+6.71%,0.5336,37,✓ Yes,completed
3,377,369,02-14,+24.3%,+5.81%,0.5291,42,✓ Yes,completed
3,377,377,02-14,+20.9%,+5.13%,0.5257,71,✓ Yes,completed
3,305,305,02-19,+50.0%,+84.11%,0.9206,32,✗ No,budget_exceeded
3,305,305,02-19,+50.0%,+84.11%,0.9206,32,✗ No,budget_exceeded
3,313,305,02-19,+50.0%,+82.67%,0.9133,32,✗ No,budget_exceeded
3,313,313,02-19,+50.0%,+80.88%,0.9044,37,✗ No,budget_exceeded
3,321,305,02-19,+50.0%,+81.61%,0.9081,33,✗ No,budget_exceeded
3,321,321,02-19,+50.0%,+77.26%,0.8863,40,✗ No,budget_exceeded
3,329,305,02-19,+50.0%,+81.00%,0.9050,33,✗ No,budget_exceeded
3,329,317,02-19,+50.0%,+76.35%,0.8817,40,✗ No,budget_exceeded
3,329,329,02-19,+50.0%,+68.15%,0.8407,60,✗ No,budget_exceeded
3,337,305,02-19,+50.0%,+79.45%,0.8972,34,✗ No,budget_exceeded
3,337,316,02-19,+50.0%,+75.37%,0.8769,40,✗ No,budget_exceeded
3,337,327,02-19,+50.0%,+67.43%,0.8371,49,✗ No,budget_exceeded
3,337,337,02-19,+50.0%,+59.71%,0.7985,69,✗ No,budget_exceeded
3,345,305,02-19,+50.0%,+77.61%,0.8880,35,✗ No,budget_exceeded
3,345,313,02-19,+50.0%,+68.83%,0.8441,40,✗ No,budget_exceeded
3,345,321,02-19,+50.0%,+65.62%,0.8281,43,✗ No,budget_exceeded
3,345,329,02-19,+50.0%,+55.88%,0.7794,49,✗ No,budget_exceeded
3,345,337,02-19,+48.5%,+10.71%,0.5536,56,✓ Yes,completed
3,345,345,02-19,+45.5%,+10.24%,0.5512,71,✓ Yes,completed
3,353,305,02-19,+50.0%,+67.69%,0.8385,38,✗ No,budget_exceeded
3,353,313,02-19,+50.0%,+64.15%,0.8208,42,✗ No,budget_exceeded
3,353,321,02-19,+49.8%,+10.77%,0.5538,46,✓ Yes,completed
3,353,329,02-19,+47.3%,+10.46%,0.5523,48,✓ Yes,completed
3,353,337,02-19,+45.2%,+10.25%,0.5513,51,✓ Yes,completed
3,353,345,02-19,+42.3%,+9.65%,0.5483,57,✓ Yes,completed
3,353,353,02-19,+38.8%,+8.98%,0.5449,91,✓ Yes,completed
3,361,305,02-19,+48.9%,+10.39%,0.5519,35,✓ Yes,completed
3,361,313,02-19,+46.6%,+10.13%,0.5507,37,✓ Yes,completed
3,361,321,02-19,+45.0%,+10.08%,0.5504,38,✓ Yes,completed
3,361,329,02-19,+43.3%,+9.85%,0.5492,40,✓ Yes,completed
3,361,337,02-19,+41.1%,+9.47%,0.5473,40,✓ Yes,completed
3,361,345,02-19,+38.9%,+9.10%,0.5455,43,✓ Yes,completed
3,361,353,02-19,+35.6%,+8.56%,0.5428,57,✓ Yes,completed
3,361,361,02-19,+31.8%,+7.81%,0.5391,81,✓ Yes,completed
3,369,305,02-19,+43.9%,+9.41%,0.5470,33,✓ Yes,completed
3,369,313,02-19,+42.0%,+9.17%,0.5458,35,✓ Yes,completed
3,369,321,02-19,+40.4%,+9.05%,0.5452,36,✓ Yes,completed
3,369,329,02-19,+38.8%,+8.86%,0.5443,37,✓ Yes,completed
3,369,337,02-19,+36.8%,+8.60%,0.5430,37,✓ Yes,completed
3,369,345,02-19,+34.5%,+8.33%,0.5416,38,✓ Yes,completed
3,369,353,02-19,+31.1%,+7.68%,0.5384,41,✓ Yes,completed
3,369,361,02-19,+27.6%,+6.80%,0.5340,49,✓ Yes,completed
3,369,369,02-19,+24.2%,+6.01%,0.5301,66,✓ Yes,completed
3,377,305,02-19,+35.6%,+7.78%,0.5389,27,✓ Yes,completed
3,377,313,02-19,+33.8%,+7.73%,0.5387,29,✓ Yes,completed
3,377,321,02-19,+32.4%,+7.64%,0.5382,30,✓ Yes,completed
3,377,329,02-19,+30.9%,+7.36%,0.5368,31,✓ Yes,completed
3,377,337,02-19,+30.0%,+7.20%,0.5360,31,✓ Yes,completed
3,377,345,02-19,+28.2%,+6.85%,0.5343,31,✓ Yes,completed
3,377,353,02-19,+25.1%,+6.23%,0.5312,31,✓ Yes,completed
3,377,361,02-19,+22.5%,+5.84%,0.5292,32,✓ Yes,completed
3,377,369,02-19,+19.7%,+5.24%,0.5262,34,✓ Yes,completed
3,377,377,02-19,+17.1%,+4.40%,0.5220,58,✓ Yes,completed
3,305,305,02-24,+50.0%,+78.17%,0.8908,51,✗ No,budget_exceeded
3,305,305,02-24,+50.0%,+78.17%,0.8908,51,✗ No,budget_exceeded
3,313,305,02-24,+50.0%,+76.46%,0.8823,45,✗ No,budget_exceeded
3,313,313,02-24,+50.0%,+74.62%,0.8731,52,✗ No,budget_exceeded
3,321,305,02-24,+50.0%,+75.65%,0.8783,39,✗ No,budget_exceeded
3,321,321,02-24,+50.0%,+69.85%,0.8493,55,✗ No,budget_exceeded
3,329,305,02-24,+50.0%,+73.84%,0.8692,39,✗ No,budget_exceeded
3,329,317,02-24,+50.0%,+67.94%,0.8397,47,✗ No,budget_exceeded
3,329,329,02-24,+49.9%,+10.86%,0.5543,88,✓ Yes,completed
3,337,305,02-24,+50.0%,+71.19%,0.8560,40,✗ No,budget_exceeded
3,337,316,02-24,+50.0%,+45.90%,0.7295,50,✗ No,budget_exceeded
3,337,327,02-24,+47.7%,+10.55%,0.5528,56,✓ Yes,completed
3,337,337,02-24,+44.6%,+9.90%,0.5495,74,✓ Yes,completed
3,345,305,02-24,+50.0%,+45.38%,0.7269,41,✗ No,budget_exceeded
3,345,313,02-24,+48.4%,+10.54%,0.5527,42,✓ Yes,completed
3,345,321,02-24,+46.1%,+10.14%,0.5507,43,✓ Yes,completed
3,345,329,02-24,+44.0%,+9.81%,0.5491,46,✓ Yes,completed
3,345,337,02-24,+42.0%,+9.43%,0.5471,51,✓ Yes,completed
3,345,345,02-24,+39.2%,+8.78%,0.5439,66,✓ Yes,completed
3,353,305,02-24,+47.0%,+10.17%,0.5508,39,✓ Yes,completed
3,353,313,02-24,+45.1%,+9.87%,0.5494,40,✓ Yes,completed
3,353,321,02-24,+42.9%,+9.49%,0.5474,41,✓ Yes,completed
3,353,329,02-24,+40.7%,+9.03%,0.5452,43,✓ Yes,completed
3,353,337,02-24,+38.8%,+8.69%,0.5435,46,✓ Yes,completed
3,353,345,02-24,+36.1%,+8.36%,0.5418,52,✓ Yes,completed
3,353,353,02-24,+32.6%,+7.53%,0.5377,86,✓ Yes,completed
3,361,305,02-24,+41.2%,+8.93%,0.5447,31,✓ Yes,completed
3,361,313,02-24,+39.5%,+8.69%,0.5434,32,✓ Yes,completed
3,361,321,02-24,+38.2%,+8.49%,0.5425,33,✓ Yes,completed
3,361,329,02-24,+36.7%,+8.32%,0.5416,35,✓ Yes,completed
3,361,337,02-24,+34.8%,+8.07%,0.5404,35,✓ Yes,completed
3,361,345,02-24,+32.8%,+7.66%,0.5383,38,✓ Yes,completed
3,361,353,02-24,+29.5%,+7.05%,0.5353,52,✓ Yes,completed
3,361,361,02-24,+26.1%,+6.34%,0.5317,73,✓ Yes,completed
3,369,305,02-24,+36.6%,+7.88%,0.5394,29,✓ Yes,completed
3,369,313,02-24,+35.3%,+7.81%,0.5390,30,✓ Yes,completed
3,369,321,02-24,+33.9%,+7.70%,0.5385,31,✓ Yes,completed
3,369,329,02-24,+32.7%,+7.45%,0.5373,32,✓ Yes,completed
3,369,337,02-24,+30.9%,+7.23%,0.5361,32,✓ Yes,completed
3,369,345,02-24,+28.8%,+6.94%,0.5347,33,✓ Yes,completed
3,369,353,02-24,+25.5%,+6.31%,0.5315,36,✓ Yes,completed
3,369,361,02-24,+22.5%,+5.74%,0.5287,42,✓ Yes,completed
3,369,369,02-24,+19.5%,+4.95%,0.5247,58,✓ Yes,completed
3,377,305,02-24,+28.9%,+6.38%,0.5319,23,✓ Yes,completed
3,377,313,02-24,+27.7%,+6.21%,0.5311,24,✓ Yes,completed
3,377,321,02-24,+26.5%,+6.18%,0.5309,25,✓ Yes,completed
3,377,329,02-24,+25.4%,+6.05%,0.5302,26,✓ Yes,completed
3,377,337,02-24,+24.7%,+6.06%,0.5303,26,✓ Yes,completed
3,377,345,02-24,+23.1%,+5.83%,0.5292,26,✓ Yes,completed
3,377,353,02-24,+20.0%,+4.99%,0.5249,26,✓ Yes,completed
3,377,361,02-24,+17.9%,+4.51%,0.5226,27,✓ Yes,completed
3,377,369,02-24,+15.6%,+4.05%,0.5203,28,✓ Yes,completed
3,377,377,02-24,+13.7%,+3.65%,0.5182,46,✓ Yes,completed
3,305,305,03-01,+50.0%,+73.35%,0.8667,60,✗ No,budget_exceeded
3,305,305,03-01,+50.0%,+73.35%,0.8667,60,✗ No,budget_exceeded
3,313,305,03-01,+50.0%,+71.01%,0.8550,53,✗ No,budget_exceeded
3,313,313,03-01,+50.0%,+60.58%,0.8029,71,✗ No,budget_exceeded
3,321,305,03-01,+50.0%,+57.40%,0.7870,51,✗ No,budget_exceeded
3,321,321,03-01,+47.8%,+10.58%,0.5529,86,✓ Yes,completed
3,329,305,03-01,+50.0%,+49.03%,0.7451,49,✗ No,budget_exceeded
3,329,317,03-01,+46.7%,+10.56%,0.5528,56,✓ Yes,completed
3,329,329,03-01,+42.6%,+9.83%,0.5491,83,✓ Yes,completed
3,337,305,03-01,+47.0%,+10.52%,0.5526,44,✓ Yes,completed
3,337,316,03-01,+43.1%,+10.01%,0.5500,47,✓ Yes,completed
3,337,327,03-01,+40.4%,+9.52%,0.5476,52,✓ Yes,completed
3,337,337,03-01,+37.8%,+9.06%,0.5453,69,✓ Yes,completed
3,345,305,03-01,+42.2%,+9.68%,0.5484,38,✓ Yes,completed
3,345,313,03-01,+40.5%,+9.42%,0.5471,39,✓ Yes,completed
3,345,321,03-01,+38.7%,+9.15%,0.5457,39,✓ Yes,completed
3,345,329,03-01,+36.9%,+8.78%,0.5439,41,✓ Yes,completed
3,345,337,03-01,+35.3%,+8.46%,0.5423,46,✓ Yes,completed
3,345,345,03-01,+33.1%,+7.95%,0.5398,60,✓ Yes,completed
3,353,305,03-01,+39.2%,+9.03%,0.5452,36,✓ Yes,completed
3,353,313,03-01,+37.5%,+8.77%,0.5439,37,✓ Yes,completed
3,353,321,03-01,+35.7%,+8.53%,0.5427,37,✓ Yes,completed
3,353,329,03-01,+33.9%,+8.23%,0.5411,38,✓ Yes,completed
3,353,337,03-01,+32.4%,+7.89%,0.5395,41,✓ Yes,completed
3,353,345,03-01,+30.3%,+7.38%,0.5369,46,✓ Yes,completed
3,353,353,03-01,+27.2%,+6.68%,0.5334,77,✓ Yes,completed
3,361,305,03-01,+33.6%,+7.81%,0.5391,28,✓ Yes,completed
3,361,313,03-01,+32.0%,+7.61%,0.5381,29,✓ Yes,completed
3,361,321,03-01,+31.2%,+7.41%,0.5371,29,✓ Yes,completed
3,361,329,03-01,+30.1%,+7.29%,0.5364,30,✓ Yes,completed
3,361,337,03-01,+28.5%,+7.05%,0.5352,30,✓ Yes,completed
3,361,345,03-01,+27.1%,+6.79%,0.5339,32,✓ Yes,completed
3,361,353,03-01,+24.5%,+6.26%,0.5313,44,✓ Yes,completed
3,361,361,03-01,+21.4%,+5.58%,0.5279,65,✓ Yes,completed
3,369,305,03-01,+29.4%,+6.73%,0.5337,26,✓ Yes,completed
3,369,313,03-01,+28.2%,+6.69%,0.5334,27,✓ Yes,completed
3,369,321,03-01,+27.4%,+6.60%,0.5330,27,✓ Yes,completed
3,369,329,03-01,+26.6%,+6.61%,0.5331,27,✓ Yes,completed
3,369,337,03-01,+25.1%,+6.33%,0.5317,27,✓ Yes,completed
3,369,345,03-01,+23.7%,+5.98%,0.5299,27,✓ Yes,completed
3,369,353,03-01,+20.9%,+5.52%,0.5276,29,✓ Yes,completed
3,369,361,03-01,+18.1%,+4.91%,0.5246,35,✓ Yes,completed
3,369,369,03-01,+15.7%,+4.49%,0.5225,47,✓ Yes,completed
3,377,305,03-01,+23.5%,+5.49%,0.5274,21,✓ Yes,completed
3,377,313,03-01,+22.4%,+5.39%,0.5269,22,✓ Yes,completed
3,377,321,03-01,+21.8%,+5.38%,0.5269,22,✓ Yes,completed
3,377,329,03-01,+21.0%,+5.36%,0.5268,22,✓ Yes,completed
3,377,337,03-01,+20.7%,+5.25%,0.5263,22,✓ Yes,completed
3,377,345,03-01,+19.3%,+5.10%,0.5255,22,✓ Yes,completed
3,377,353,03-01,+16.3%,+4.48%,0.5224,22,✓ Yes,completed
3,377,361,03-01,+14.3%,+4.21%,0.5210,23,✓ Yes,completed
3,377,369,03-01,+12.6%,+3.71%,0.5185,24,✓ Yes,completed
3,377,377,03-01,+11.1%,+3.14%,0.5157,39,✓ Yes,completed
3,305,305,03-04,+50.0%,+63.94%,0.8197,76,✗ No,budget_exceeded
3,305,305,03-04,+50.0%,+63.94%,0.8197,76,✗ No,budget_exceeded
3,313,305,03-04,+50.0%,+57.60%,0.7880,62,✗ No,budget_exceeded
3,313,313,03-04,+50.0%,+43.58%,0.7179,88,✗ No,budget_exceeded
3,321,305,03-04,+50.0%,+33.97%,0.6699,58,✗ No,budget_exceeded
3,321,321,03-04,+43.8%,+9.88%,0.5494,83,✓ Yes,completed
3,329,305,03-04,+47.0%,+10.67%,0.5533,49,✓ Yes,completed
3,329,317,03-04,+42.6%,+9.78%,0.5489,53,✓ Yes,completed
3,329,329,03-04,+38.7%,+9.14%,0.5457,80,✓ Yes,completed
3,337,305,03-04,+42.6%,+9.67%,0.5483,42,✓ Yes,completed
3,337,316,03-04,+39.1%,+9.26%,0.5463,44,✓ Yes,completed
3,337,327,03-04,+36.5%,+8.92%,0.5446,49,✓ Yes,completed
3,337,337,03-04,+34.0%,+8.45%,0.5422,66,✓ Yes,completed
3,345,305,03-04,+37.9%,+9.03%,0.5452,36,✓ Yes,completed
3,345,313,03-04,+36.5%,+8.82%,0.5441,36,✓ Yes,completed
3,345,321,03-04,+34.9%,+8.56%,0.5428,36,✓ Yes,completed
3,345,329,03-04,+33.2%,+8.23%,0.5412,38,✓ Yes,completed
3,345,337,03-04,+31.6%,+7.85%,0.5393,43,✓ Yes,completed
3,345,345,03-04,+29.5%,+7.37%,0.5369,57,✓ Yes,completed
3,353,305,03-04,+35.2%,+8.36%,0.5418,34,✓ Yes,completed
3,353,313,03-04,+33.8%,+8.21%,0.5410,34,✓ Yes,completed
3,353,321,03-04,+32.2%,+8.01%,0.5401,34,✓ Yes,completed
3,353,329,03-04,+30.4%,+7.68%,0.5384,35,✓ Yes,completed
3,353,337,03-04,+28.9%,+7.33%,0.5366,38,✓ Yes,completed
3,353,345,03-04,+27.0%,+6.87%,0.5344,43,✓ Yes,completed
3,353,353,03-04,+24.0%,+5.98%,0.5299,74,✓ Yes,completed
3,361,305,03-04,+29.6%,+7.15%,0.5358,26,✓ Yes,completed
3,361,313,03-04,+28.3%,+7.07%,0.5353,26,✓ Yes,completed
3,361,321,03-04,+27.7%,+6.89%,0.5344,26,✓ Yes,completed
3,361,329,03-04,+26.7%,+6.80%,0.5340,27,✓ Yes,completed
3,361,337,03-04,+25.1%,+6.39%,0.5319,27,✓ Yes,completed
3,361,345,03-04,+23.9%,+6.08%,0.5304,29,✓ Yes,completed
3,361,353,03-04,+21.4%,+5.67%,0.5283,41,✓ Yes,completed
3,361,361,03-04,+19.1%,+5.12%,0.5256,58,✓ Yes,completed
3,369,305,03-04,+25.5%,+6.10%,0.5305,24,✓ Yes,completed
3,369,313,03-04,+24.8%,+6.10%,0.5305,24,✓ Yes,completed
3,369,321,03-04,+24.2%,+5.93%,0.5297,24,✓ Yes,completed
3,369,329,03-04,+23.4%,+5.87%,0.5294,24,✓ Yes,completed
3,369,337,03-04,+22.0%,+5.65%,0.5282,24,✓ Yes,completed
3,369,345,03-04,+20.7%,+5.48%,0.5274,24,✓ Yes,completed
3,369,353,03-04,+18.0%,+4.84%,0.5242,26,✓ Yes,completed
3,369,361,03-04,+16.2%,+4.50%,0.5225,32,✓ Yes,completed
3,369,369,03-04,+14.0%,+4.02%,0.5201,44,✓ Yes,completed
3,377,305,03-04,+20.6%,+5.05%,0.5252,20,✓ Yes,completed
3,377,313,03-04,+20.0%,+5.01%,0.5250,20,✓ Yes,completed
3,377,321,03-04,+19.5%,+5.00%,0.5250,20,✓ Yes,completed
3,377,329,03-04,+18.8%,+4.81%,0.5241,20,✓ Yes,completed
3,377,337,03-04,+18.5%,+4.75%,0.5238,20,✓ Yes,completed
3,377,345,03-04,+17.2%,+4.60%,0.5230,20,✓ Yes,completed
3,377,353,03-04,+14.2%,+4.04%,0.5202,20,✓ Yes,completed
3,377,361,03-04,+12.8%,+3.69%,0.5184,21,✓ Yes,completed
3,377,369,03-04,+11.1%,+3.32%,0.5166,22,✓ Yes,completed
3,377,377,03-04,+9.9%,+3.14%,0.5157,34,✓ Yes,completed
4,313,313,02-18,+50.0%,+81.28%,0.9064,36,✗ No,budget_exceeded
4,313,313,02-18,+50.0%,+81.28%,0.9064,36,✗ No,budget_exceeded
4,317,313,02-18,+50.0%,+80.81%,0.9041,35,✗ No,budget_exceeded
4,317,317,02-18,+50.0%,+79.36%,0.8968,38,✗ No,budget_exceeded
4,320,313,02-18,+50.0%,+79.99%,0.8999,36,✗ No,budget_exceeded
4,320,320,02-18,+50.0%,+77.84%,0.8892,40,✗ No,budget_exceeded
4,324,313,02-18,+50.0%,+79.80%,0.8990,36,✗ No,budget_exceeded
4,324,319,02-18,+50.0%,+77.76%,0.8888,40,✗ No,budget_exceeded
4,324,324,02-18,+50.0%,+76.37%,0.8819,42,✗ No,budget_exceeded
4,328,313,02-18,+50.0%,+79.40%,0.8970,36,✗ No,budget_exceeded
4,328,318,02-18,+50.0%,+77.28%,0.8864,39,✗ No,budget_exceeded
4,328,323,02-18,+50.0%,+75.91%,0.8796,40,✗ No,budget_exceeded
4,328,328,02-18,+50.0%,+74.63%,0.8731,41,✗ No,budget_exceeded
4,331,313,02-18,+50.0%,+78.86%,0.8943,37,✗ No,budget_exceeded
4,331,317,02-18,+50.0%,+76.47%,0.8823,40,✗ No,budget_exceeded
4,331,320,02-18,+50.0%,+75.92%,0.8796,40,✗ No,budget_exceeded
4,331,324,02-18,+50.0%,+75.37%,0.8769,40,✗ No,budget_exceeded
4,331,328,02-18,+50.0%,+74.26%,0.8713,41,✗ No,budget_exceeded
4,331,331,02-18,+50.0%,+72.51%,0.8626,50,✗ No,budget_exceeded
4,335,313,02-18,+50.0%,+77.69%,0.8884,38,✗ No,budget_exceeded
4,335,317,02-18,+50.0%,+75.88%,0.8794,40,✗ No,budget_exceeded
4,335,320,02-18,+50.0%,+74.77%,0.8739,41,✗ No,budget_exceeded
4,335,324,02-18,+50.0%,+74.22%,0.8711,41,✗ No,budget_exceeded
4,335,328,02-18,+50.0%,+72.73%,0.8636,44,✗ No,budget_exceeded
4,335,331,02-18,+50.0%,+67.26%,0.8363,58,✗ No,budget_exceeded
4,335,335,02-18,+50.0%,+64.81%,0.8240,70,✗ No,budget_exceeded
4,338,313,02-18,+50.0%,+77.24%,0.8862,38,✗ No,budget_exceeded
4,338,317,02-18,+50.0%,+75.41%,0.8770,40,✗ No,budget_exceeded
4,338,320,02-18,+50.0%,+74.28%,0.8714,41,✗ No,budget_exceeded
4,338,324,02-18,+50.0%,+73.73%,0.8687,41,✗ No,budget_exceeded
4,338,328,02-18,+50.0%,+67.37%,0.8369,49,✗ No,budget_exceeded
4,338,331,02-18,+50.0%,+65.82%,0.8291,58,✗ No,budget_exceeded
4,338,335,02-18,+50.0%,+64.14%,0.8207,62,✗ No,budget_exceeded
4,338,338,02-18,+50.0%,+62.58%,0.8129,68,✗ No,budget_exceeded
4,342,313,02-18,+50.0%,+76.23%,0.8811,39,✗ No,budget_exceeded
4,342,317,02-18,+50.0%,+74.39%,0.8719,41,✗ No,budget_exceeded
4,342,320,02-18,+50.0%,+73.80%,0.8690,41,✗ No,budget_exceeded
4,342,324,02-18,+50.0%,+67.36%,0.8368,44,✗ No,budget_exceeded
4,342,328,02-18,+50.0%,+66.05%,0.8303,46,✗ No,budget_exceeded
4,342,331,02-18,+50.0%,+64.40%,0.8220,54,✗ No,budget_exceeded
4,342,335,02-18,+50.0%,+62.75%,0.8137,58,✗ No,budget_exceeded
4,342,338,02-18,+50.0%,+54.27%,0.7714,66,✗ No,budget_exceeded
4,342,342,02-18,+49.4%,+10.74%,0.5537,78,✓ Yes,completed
4,346,313,02-18,+50.0%,+74.48%,0.8724,39,✗ No,budget_exceeded
4,346,317,02-18,+50.0%,+67.20%,0.8360,42,✗ No,budget_exceeded
4,346,320,02-18,+50.0%,+65.98%,0.8299,43,✗ No,budget_exceeded
4,346,324,02-18,+50.0%,+64.83%,0.8241,44,✗ No,budget_exceeded
4,346,328,02-18,+50.0%,+64.11%,0.8206,45,✗ No,budget_exceeded
4,346,331,02-18,+50.0%,+62.41%,0.8120,49,✗ No,budget_exceeded
4,346,335,02-18,+50.0%,+51.68%,0.7584,53,✗ No,budget_exceeded
4,346,338,02-18,+49.4%,+10.78%,0.5539,59,✓ Yes,completed
4,346,342,02-18,+48.1%,+10.57%,0.5528,63,✓ Yes,completed
4,346,346,02-18,+46.5%,+10.37%,0.5519,75,✓ Yes,completed
4,313,313,02-20,+50.0%,+79.92%,0.8996,38,✗ No,budget_exceeded
4,313,313,02-20,+50.0%,+79.92%,0.8996,38,✗ No,budget_exceeded
4,317,313,02-20,+50.0%,+79.45%,0.8973,37,✗ No,budget_exceeded
4,317,317,02-20,+50.0%,+78.09%,0.8905,40,✗ No,budget_exceeded
4,320,313,02-20,+50.0%,+79.09%,0.8954,37,✗ No,budget_exceeded
4,320,320,02-20,+50.0%,+76.37%,0.8819,42,✗ No,budget_exceeded
4,324,313,02-20,+50.0%,+78.90%,0.8945,37,✗ No,budget_exceeded
4,324,319,02-20,+50.0%,+76.24%,0.8812,42,✗ No,budget_exceeded
4,324,324,02-20,+50.0%,+71.38%,0.8569,52,✗ No,budget_exceeded
4,328,313,02-20,+50.0%,+77.90%,0.8895,38,✗ No,budget_exceeded
4,328,318,02-20,+50.0%,+74.77%,0.8739,42,✗ No,budget_exceeded
4,328,323,02-20,+50.0%,+70.02%,0.8501,49,✗ No,budget_exceeded
4,328,328,02-20,+50.0%,+69.20%,0.8460,55,✗ No,budget_exceeded
4,331,313,02-20,+50.0%,+77.53%,0.8877,38,✗ No,budget_exceeded
4,331,317,02-20,+50.0%,+74.47%,0.8724,42,✗ No,budget_exceeded
4,331,320,02-20,+50.0%,+70.00%,0.8500,45,✗ No,budget_exceeded
4,331,324,02-20,+50.0%,+69.25%,0.8462,49,✗ No,budget_exceeded
4,331,328,02-20,+50.0%,+68.03%,0.8401,54,✗ No,budget_exceeded
4,331,331,02-20,+50.0%,+66.50%,0.8325,65,✗ No,budget_exceeded
4,335,313,02-20,+50.0%,+76.11%,0.8806,39,✗ No,budget_exceeded
4,335,317,02-20,+50.0%,+70.66%,0.8533,44,✗ No,budget_exceeded
4,335,320,02-20,+50.0%,+69.41%,0.8471,45,✗ No,budget_exceeded
4,335,324,02-20,+50.0%,+68.07%,0.8403,50,✗ No,budget_exceeded
4,335,328,02-20,+50.0%,+67.43%,0.8372,54,✗ No,budget_exceeded
4,335,331,02-20,+50.0%,+65.90%,0.8295,62,✗ No,budget_exceeded
4,335,335,02-20,+50.0%,+60.73%,0.8036,76,✗ No,budget_exceeded
4,338,313,02-20,+50.0%,+74.36%,0.8718,41,✗ No,budget_exceeded
4,338,317,02-20,+50.0%,+69.15%,0.8458,44,✗ No,budget_exceeded
4,338,320,02-20,+50.0%,+67.90%,0.8395,45,✗ No,budget_exceeded
4,338,324,02-20,+50.0%,+67.36%,0.8368,46,✗ No,budget_exceeded
4,338,328,02-20,+50.0%,+66.12%,0.8306,51,✗ No,budget_exceeded
4,338,331,02-20,+50.0%,+64.50%,0.8225,59,✗ No,budget_exceeded
4,338,335,02-20,+50.0%,+42.91%,0.7145,69,✗ No,budget_exceeded
4,338,338,02-20,+49.4%,+10.95%,0.5548,78,✓ Yes,completed
4,342,313,02-20,+50.0%,+69.65%,0.8482,42,✗ No,budget_exceeded
4,342,317,02-20,+50.0%,+67.89%,0.8394,44,✗ No,budget_exceeded
4,342,320,02-20,+50.0%,+67.20%,0.8360,44,✗ No,budget_exceeded
4,342,324,02-20,+50.0%,+66.09%,0.8304,45,✗ No,budget_exceeded
4,342,328,02-20,+50.0%,+64.65%,0.8233,48,✗ No,budget_exceeded
4,342,331,02-20,+50.0%,+55.15%,0.7758,58,✗ No,budget_exceeded
4,342,335,02-20,+49.5%,+11.01%,0.5551,63,✓ Yes,completed
4,342,338,02-20,+48.2%,+10.70%,0.5535,69,✓ Yes,completed
4,342,342,02-20,+46.8%,+10.48%,0.5524,76,✓ Yes,completed
4,346,313,02-20,+50.0%,+67.80%,0.8390,41,✗ No,budget_exceeded
4,346,317,02-20,+50.0%,+65.97%,0.8298,43,✗ No,budget_exceeded
4,346,320,02-20,+50.0%,+64.55%,0.8227,44,✗ No,budget_exceeded
4,346,324,02-20,+50.0%,+55.13%,0.7757,46,✗ No,budget_exceeded
4,346,328,02-20,+50.0%,+11.07%,0.5553,48,✓ Yes,completed
4,346,331,02-20,+48.8%,+10.95%,0.5548,51,✓ Yes,completed
4,346,335,02-20,+47.8%,+10.65%,0.5533,52,✓ Yes,completed
4,346,338,02-20,+46.8%,+10.51%,0.5525,57,✓ Yes,completed
4,346,342,02-20,+45.6%,+10.26%,0.5513,61,✓ Yes,completed
4,346,346,02-20,+44.1%,+10.00%,0.5500,73,✓ Yes,completed
4,313,313,02-22,+50.0%,+78.06%,0.8903,46,✗ No,budget_exceeded
4,313,313,02-22,+50.0%,+78.06%,0.8903,46,✗ No,budget_exceeded
4,317,313,02-22,+50.0%,+74.90%,0.8745,45,✗ No,budget_exceeded
4,317,317,02-22,+50.0%,+73.35%,0.8668,51,✗ No,budget_exceeded
4,320,313,02-22,+50.0%,+74.49%,0.8724,44,✗ No,budget_exceeded
4,320,320,02-22,+50.0%,+71.57%,0.8578,53,✗ No,budget_exceeded
4,324,313,02-22,+50.0%,+73.34%,0.8667,42,✗ No,budget_exceeded
4,324,319,02-22,+50.0%,+71.21%,0.8561,47,✗ No,budget_exceeded
4,324,324,02-22,+50.0%,+69.64%,0.8482,55,✗ No,budget_exceeded
4,328,313,02-22,+50.0%,+72.66%,0.8633,42,✗ No,budget_exceeded
4,328,318,02-22,+50.0%,+70.74%,0.8537,45,✗ No,budget_exceeded
4,328,323,02-22,+50.0%,+69.13%,0.8456,49,✗ No,budget_exceeded
4,328,328,02-22,+50.0%,+67.33%,0.8366,58,✗ No,budget_exceeded
4,331,313,02-22,+50.0%,+71.47%,0.8574,43,✗ No,budget_exceeded
4,331,317,02-22,+50.0%,+69.72%,0.8486,45,✗ No,budget_exceeded
4,331,320,02-22,+50.0%,+69.05%,0.8452,45,✗ No,budget_exceeded
4,331,324,02-22,+50.0%,+67.67%,0.8384,50,✗ No,budget_exceeded
4,331,328,02-22,+50.0%,+64.05%,0.8203,58,✗ No,budget_exceeded
4,331,331,02-22,+50.0%,+58.26%,0.7913,73,✗ No,budget_exceeded
4,335,313,02-22,+50.0%,+70.89%,0.8544,43,✗ No,budget_exceeded
4,335,317,02-22,+50.0%,+69.14%,0.8457,45,✗ No,budget_exceeded
4,335,320,02-22,+50.0%,+67.78%,0.8389,46,✗ No,budget_exceeded
4,335,324,02-22,+50.0%,+64.53%,0.8227,53,✗ No,budget_exceeded
4,335,328,02-22,+50.0%,+59.26%,0.7963,61,✗ No,budget_exceeded
4,335,331,02-22,+50.0%,+36.73%,0.6836,73,✗ No,budget_exceeded
4,335,335,02-22,+48.8%,+10.70%,0.5535,87,✓ Yes,completed
4,338,313,02-22,+50.0%,+69.41%,0.8470,43,✗ No,budget_exceeded
4,338,317,02-22,+50.0%,+67.52%,0.8376,45,✗ No,budget_exceeded
4,338,320,02-22,+50.0%,+64.49%,0.8224,46,✗ No,budget_exceeded
4,338,324,02-22,+50.0%,+45.92%,0.7296,52,✗ No,budget_exceeded
4,338,328,02-22,+49.9%,+10.86%,0.5543,58,✓ Yes,completed
4,338,331,02-22,+48.9%,+10.78%,0.5539,65,✓ Yes,completed
4,338,335,02-22,+47.6%,+10.48%,0.5524,69,✓ Yes,completed
4,338,338,02-22,+46.6%,+10.27%,0.5513,76,✓ Yes,completed
4,342,313,02-22,+50.0%,+68.77%,0.8438,42,✗ No,budget_exceeded
4,342,317,02-22,+50.0%,+64.47%,0.8224,45,✗ No,budget_exceeded
4,342,320,02-22,+50.0%,+58.29%,0.7914,48,✗ No,budget_exceeded
4,342,324,02-22,+49.7%,+10.84%,0.5542,50,✓ Yes,completed
4,342,328,02-22,+48.9%,+10.80%,0.5540,52,✓ Yes,completed
4,342,331,02-22,+47.8%,+10.52%,0.5526,58,✓ Yes,completed
4,342,335,02-22,+46.7%,+10.37%,0.5518,61,✓ Yes,completed
4,342,338,02-22,+45.5%,+10.08%,0.5504,67,✓ Yes,completed
4,342,342,02-22,+44.2%,+9.72%,0.5486,74,✓ Yes,completed
4,346,313,02-22,+50.0%,+58.21%,0.7911,43,✗ No,budget_exceeded
4,346,317,02-22,+49.7%,+10.76%,0.5538,45,✓ Yes,completed
4,346,320,02-22,+48.9%,+10.75%,0.5537,45,✓ Yes,completed
4,346,324,02-22,+47.9%,+10.51%,0.5525,45,✓ Yes,completed
4,346,328,02-22,+47.1%,+10.46%,0.5523,46,✓ Yes,completed
4,346,331,02-22,+46.0%,+10.17%,0.5509,49,✓ Yes,completed
4,346,335,02-22,+45.1%,+10.07%,0.5504,50,✓ Yes,completed
4,346,338,02-22,+44.1%,+9.74%,0.5487,55,✓ Yes,completed
4,346,342,02-22,+43.0%,+9.56%,0.5478,59,✓ Yes,completed
4,346,346,02-22,+41.5%,+9.31%,0.5466,71,✓ Yes,completed
4,313,313,02-24,+50.0%,+74.64%,0.8732,52,✗ No,budget_exceeded
4,313,313,02-24,+50.0%,+74.64%,0.8732,52,✗ No,budget_exceeded
4,317,313,02-24,+50.0%,+74.17%,0.8708,47,✗ No,budget_exceeded
4,317,317,02-24,+50.0%,+72.71%,0.8635,51,✗ No,budget_exceeded
4,320,313,02-24,+50.0%,+73.21%,0.8661,46,✗ No,budget_exceeded
4,320,320,02-24,+50.0%,+70.85%,0.8543,53,✗ No,budget_exceeded
4,324,313,02-24,+50.0%,+72.66%,0.8633,42,✗ No,budget_exceeded
4,324,319,02-24,+50.0%,+69.85%,0.8493,48,✗ No,budget_exceeded
4,324,324,02-24,+50.0%,+66.31%,0.8315,60,✗ No,budget_exceeded
4,328,313,02-24,+50.0%,+71.36%,0.8568,43,✗ No,budget_exceeded
4,328,318,02-24,+50.0%,+68.26%,0.8413,48,✗ No,budget_exceeded
4,328,323,02-24,+50.0%,+62.64%,0.8132,57,✗ No,budget_exceeded
4,328,328,02-24,+50.0%,+49.10%,0.7455,72,✗ No,budget_exceeded
4,331,313,02-24,+50.0%,+70.72%,0.8536,43,✗ No,budget_exceeded
4,331,317,02-24,+50.0%,+66.31%,0.8315,48,✗ No,budget_exceeded
4,331,320,02-24,+50.0%,+62.60%,0.8130,51,✗ No,budget_exceeded
4,331,324,02-24,+50.0%,+45.84%,0.7292,60,✗ No,budget_exceeded
4,331,328,02-24,+49.8%,+10.90%,0.5545,68,✓ Yes,completed
4,331,331,02-24,+48.7%,+10.73%,0.5537,82,✓ Yes,completed
4,335,313,02-24,+50.0%,+68.08%,0.8404,45,✗ No,budget_exceeded
4,335,317,02-24,+50.0%,+62.96%,0.8148,49,✗ No,budget_exceeded
4,335,320,02-24,+50.0%,+46.13%,0.7307,53,✗ No,budget_exceeded
4,335,324,02-24,+49.5%,+10.86%,0.5543,60,✓ Yes,completed
4,335,328,02-24,+48.6%,+10.75%,0.5538,64,✓ Yes,completed
4,335,331,02-24,+47.6%,+10.51%,0.5525,72,✓ Yes,completed
4,335,335,02-24,+46.2%,+10.12%,0.5506,85,✓ Yes,completed
4,338,313,02-24,+50.0%,+63.15%,0.8157,45,✗ No,budget_exceeded
4,338,317,02-24,+50.0%,+30.75%,0.6538,51,✗ No,budget_exceeded
4,338,320,02-24,+49.1%,+10.82%,0.5541,51,✓ Yes,completed
4,338,324,02-24,+48.0%,+10.57%,0.5529,52,✓ Yes,completed
4,338,328,02-24,+47.2%,+10.51%,0.5526,56,✓ Yes,completed
4,338,331,02-24,+46.3%,+10.20%,0.5510,63,✓ Yes,completed
4,338,335,02-24,+45.1%,+10.08%,0.5504,67,✓ Yes,completed
4,338,338,02-24,+44.0%,+9.78%,0.5489,74,✓ Yes,completed
4,342,313,02-24,+50.0%,+61.28%,0.8064,45,✗ No,budget_exceeded
4,342,317,02-24,+49.0%,+10.78%,0.5539,48,✓ Yes,completed
4,342,320,02-24,+48.2%,+10.57%,0.5529,48,✓ Yes,completed
4,342,324,02-24,+47.0%,+10.49%,0.5525,48,✓ Yes,completed
4,342,328,02-24,+46.3%,+10.21%,0.5511,50,✓ Yes,completed
4,342,331,02-24,+45.2%,+10.12%,0.5506,56,✓ Yes,completed
4,342,335,02-24,+44.2%,+9.84%,0.5492,59,✓ Yes,completed
4,342,338,02-24,+42.9%,+9.61%,0.5480,65,✓ Yes,completed
4,342,342,02-24,+41.7%,+9.35%,0.5468,72,✓ Yes,completed
4,346,313,02-24,+48.3%,+10.52%,0.5526,42,✓ Yes,completed
4,346,317,02-24,+46.9%,+10.39%,0.5520,43,✓ Yes,completed
4,346,320,02-24,+46.2%,+10.15%,0.5507,43,✓ Yes,completed
4,346,324,02-24,+45.2%,+10.11%,0.5505,43,✓ Yes,completed
4,346,328,02-24,+44.5%,+9.90%,0.5495,44,✓ Yes,completed
4,346,331,02-24,+43.5%,+9.78%,0.5489,47,✓ Yes,completed
4,346,335,02-24,+42.6%,+9.52%,0.5476,48,✓ Yes,completed
4,346,338,02-24,+41.6%,+9.39%,0.5470,53,✓ Yes,completed
4,346,342,02-24,+40.5%,+9.04%,0.5452,57,✓ Yes,completed
4,346,346,02-24,+39.0%,+8.71%,0.5435,69,✓ Yes,completed
4,313,313,02-26,+50.0%,+72.52%,0.8626,55,✗ No,budget_exceeded
4,313,313,02-26,+50.0%,+72.52%,0.8626,55,✗ No,budget_exceeded
4,317,313,02-26,+50.0%,+71.41%,0.8570,51,✗ No,budget_exceeded
4,317,317,02-26,+50.0%,+69.84%,0.8492,56,✗ No,budget_exceeded
4,320,313,02-26,+50.0%,+71.01%,0.8550,49,✗ No,budget_exceeded
4,320,320,02-26,+50.0%,+64.96%,0.8248,65,✗ No,budget_exceeded
4,324,313,02-26,+50.0%,+68.21%,0.8411,47,✗ No,budget_exceeded
4,324,319,02-26,+50.0%,+61.67%,0.8084,56,✗ No,budget_exceeded
4,324,324,02-26,+50.0%,+43.22%,0.7161,78,✗ No,budget_exceeded
4,328,313,02-26,+50.0%,+66.09%,0.8304,49,✗ No,budget_exceeded
4,328,318,02-26,+50.0%,+49.48%,0.7474,56,✗ No,budget_exceeded
4,328,323,02-26,+49.7%,+10.92%,0.5546,67,✓ Yes,completed
4,328,328,02-26,+48.4%,+10.75%,0.5537,81,✓ Yes,completed
4,331,313,02-26,+50.0%,+52.45%,0.7622,51,✗ No,budget_exceeded
4,331,317,02-26,+50.0%,+42.54%,0.7127,54,✗ No,budget_exceeded
4,331,320,02-26,+49.1%,+10.92%,0.5546,55,✓ Yes,completed
4,331,324,02-26,+47.8%,+10.69%,0.5534,60,✓ Yes,completed
4,331,328,02-26,+47.0%,+10.61%,0.5530,66,✓ Yes,completed
4,331,331,02-26,+45.9%,+10.30%,0.5515,80,✓ Yes,completed
4,335,313,02-26,+50.0%,+49.05%,0.7452,50,✗ No,budget_exceeded
4,335,317,02-26,+49.2%,+10.87%,0.5543,53,✓ Yes,completed
4,335,320,02-26,+47.9%,+10.69%,0.5534,53,✓ Yes,completed
4,335,324,02-26,+46.6%,+10.51%,0.5525,58,✓ Yes,completed
4,335,328,02-26,+45.8%,+10.34%,0.5517,62,✓ Yes,completed
4,335,331,02-26,+44.8%,+10.16%,0.5508,70,✓ Yes,completed
4,335,335,02-26,+43.5%,+9.90%,0.5495,83,✓ Yes,completed
4,338,313,02-26,+49.3%,+10.81%,0.5540,49,✓ Yes,completed
4,338,317,02-26,+47.0%,+10.59%,0.5529,49,✓ Yes,completed
4,338,320,02-26,+46.2%,+10.38%,0.5519,49,✓ Yes,completed
4,338,324,02-26,+45.1%,+10.29%,0.5515,50,✓ Yes,completed
4,338,328,02-26,+44.4%,+10.06%,0.5503,54,✓ Yes,completed
4,338,331,02-26,+43.5%,+9.96%,0.5498,61,✓ Yes,completed
4,338,335,02-26,+42.4%,+9.61%,0.5480,65,✓ Yes,completed
4,338,338,02-26,+41.4%,+9.51%,0.5476,72,✓ Yes,completed
4,342,313,02-26,+47.8%,+10.59%,0.5529,46,✓ Yes,completed
4,342,317,02-26,+46.0%,+10.32%,0.5516,46,✓ Yes,completed
4,342,320,02-26,+45.3%,+10.28%,0.5514,46,✓ Yes,completed
4,342,324,02-26,+44.2%,+10.03%,0.5501,46,✓ Yes,completed
4,342,328,02-26,+43.5%,+9.98%,0.5499,48,✓ Yes,completed
4,342,331,02-26,+42.5%,+9.65%,0.5482,54,✓ Yes,completed
4,342,335,02-26,+41.5%,+9.56%,0.5478,57,✓ Yes,completed
4,342,338,02-26,+40.3%,+9.24%,0.5462,63,✓ Yes,completed
4,342,342,02-26,+39.1%,+8.96%,0.5448,70,✓ Yes,completed
4,346,313,02-26,+45.1%,+10.16%,0.5508,41,✓ Yes,completed
4,346,317,02-26,+44.0%,+9.94%,0.5497,41,✓ Yes,completed
4,346,320,02-26,+43.3%,+9.91%,0.5495,41,✓ Yes,completed
4,346,324,02-26,+42.5%,+9.62%,0.5481,41,✓ Yes,completed
4,346,328,02-26,+41.8%,+9.58%,0.5479,42,✓ Yes,completed
4,346,331,02-26,+40.7%,+9.33%,0.5466,45,✓ Yes,completed
4,346,335,02-26,+39.9%,+9.24%,0.5462,46,✓ Yes,completed
4,346,338,02-26,+39.0%,+8.97%,0.5448,51,✓ Yes,completed
4,346,342,02-26,+37.9%,+8.81%,0.5440,55,✓ Yes,completed
4,346,346,02-26,+36.5%,+8.36%,0.5418,67,✓ Yes,completed
4,313,313,02-28,+50.0%,+69.64%,0.8482,61,✗ No,budget_exceeded
4,313,313,02-28,+50.0%,+69.64%,0.8482,61,✗ No,budget_exceeded
4,317,313,02-28,+50.0%,+68.42%,0.8421,56,✗ No,budget_exceeded
4,317,317,02-28,+50.0%,+55.89%,0.7794,69,✗ No,budget_exceeded
4,320,313,02-28,+50.0%,+63.53%,0.8176,57,✗ No,budget_exceeded
4,320,320,02-28,+50.0%,+44.85%,0.7242,84,✗ No,budget_exceeded
4,324,313,02-28,+50.0%,+54.18%,0.7709,52,✗ No,budget_exceeded
4,324,319,02-28,+50.0%,+11.07%,0.5554,64,✓ Yes,completed
4,324,324,02-28,+47.8%,+10.79%,0.5540,79,✓ Yes,completed
4,328,313,02-28,+50.0%,+52.01%,0.7600,52,✗ No,budget_exceeded
4,328,318,02-28,+49.3%,+11.06%,0.5553,59,✓ Yes,completed
4,328,323,02-28,+46.9%,+10.76%,0.5538,65,✓ Yes,completed
4,328,328,02-28,+45.6%,+10.46%,0.5523,79,✓ Yes,completed
4,331,313,02-28,+49.6%,+11.02%,0.5551,52,✓ Yes,completed
4,331,317,02-28,+47.6%,+10.79%,0.5540,53,✓ Yes,completed
4,331,320,02-28,+46.3%,+10.57%,0.5528,53,✓ Yes,completed
4,331,324,02-28,+45.0%,+10.50%,0.5525,58,✓ Yes,completed
4,331,328,02-28,+44.2%,+10.29%,0.5515,64,✓ Yes,completed
4,331,331,02-28,+43.2%,+10.15%,0.5508,78,✓ Yes,completed
4,335,313,02-28,+48.5%,+10.93%,0.5546,50,✓ Yes,completed
4,335,317,02-28,+46.5%,+10.59%,0.5530,51,✓ Yes,completed
4,335,320,02-28,+45.2%,+10.52%,0.5526,51,✓ Yes,completed
4,335,324,02-28,+43.9%,+10.27%,0.5513,56,✓ Yes,completed
4,335,328,02-28,+43.2%,+10.18%,0.5509,60,✓ Yes,completed
4,335,331,02-28,+42.2%,+9.92%,0.5496,68,✓ Yes,completed
4,335,335,02-28,+40.9%,+9.62%,0.5481,81,✓ Yes,completed
4,338,313,02-28,+46.5%,+10.55%,0.5527,47,✓ Yes,completed
4,338,317,02-28,+44.3%,+10.27%,0.5514,47,✓ Yes,completed
4,338,320,02-28,+43.5%,+10.23%,0.5512,47,✓ Yes,completed
4,338,324,02-28,+42.5%,+9.98%,0.5499,48,✓ Yes,completed
4,338,328,02-28,+41.8%,+9.91%,0.5495,52,✓ Yes,completed
4,338,331,02-28,+41.0%,+9.70%,0.5485,59,✓ Yes,completed
4,338,335,02-28,+39.8%,+9.53%,0.5477,63,✓ Yes,completed
4,338,338,02-28,+38.9%,+9.19%,0.5460,70,✓ Yes,completed
4,342,313,02-28,+45.0%,+10.40%,0.5520,44,✓ Yes,completed
4,342,317,02-28,+43.3%,+10.17%,0.5509,44,✓ Yes,completed
4,342,320,02-28,+42.6%,+9.98%,0.5499,44,✓ Yes,completed
4,342,324,02-28,+41.6%,+9.89%,0.5495,44,✓ Yes,completed
4,342,328,02-28,+40.9%,+9.68%,0.5484,46,✓ Yes,completed
4,342,331,02-28,+40.0%,+9.56%,0.5478,52,✓ Yes,completed
4,342,335,02-28,+39.0%,+9.26%,0.5463,55,✓ Yes,completed
4,342,338,02-28,+37.8%,+9.11%,0.5455,61,✓ Yes,completed
4,342,342,02-28,+36.7%,+8.79%,0.5440,67,✓ Yes,completed
4,346,313,02-28,+42.3%,+9.85%,0.5492,39,✓ Yes,completed
4,346,317,02-28,+41.2%,+9.75%,0.5487,39,✓ Yes,completed
4,346,320,02-28,+40.6%,+9.58%,0.5479,39,✓ Yes,completed
4,346,324,02-28,+39.8%,+9.53%,0.5477,39,✓ Yes,completed
4,346,328,02-28,+39.1%,+9.33%,0.5466,40,✓ Yes,completed
4,346,331,02-28,+38.2%,+9.16%,0.5458,43,✓ Yes,completed
4,346,335,02-28,+37.4%,+9.00%,0.5450,44,✓ Yes,completed
4,346,338,02-28,+36.4%,+8.80%,0.5440,49,✓ Yes,completed
4,346,342,02-28,+35.6%,+8.64%,0.5432,52,✓ Yes,completed
4,346,346,02-28,+34.4%,+8.32%,0.5416,64,✓ Yes,completed
4,313,313,03-02,+50.0%,+55.48%,0.7774,78,✗ No,budget_exceeded
4,313,313,03-02,+50.0%,+55.48%,0.7774,78,✗ No,budget_exceeded
4,317,313,03-02,+50.0%,+50.66%,0.7533,67,✗ No,budget_exceeded
4,317,317,03-02,+50.0%,+40.09%,0.7004,85,✗ No,budget_exceeded
4,320,313,03-02,+50.0%,+47.91%,0.7396,64,✗ No,budget_exceeded
4,320,320,03-02,+47.1%,+10.29%,0.5515,92,✓ Yes,completed
4,324,313,03-02,+49.3%,+10.80%,0.5540,58,✓ Yes,completed
4,324,319,03-02,+46.4%,+10.25%,0.5512,63,✓ Yes,completed
4,324,324,03-02,+44.4%,+9.95%,0.5498,78,✓ Yes,completed
4,328,313,03-02,+48.1%,+10.46%,0.5523,55,✓ Yes,completed
4,328,318,03-02,+45.8%,+10.20%,0.5510,58,✓ Yes,completed
4,328,323,03-02,+43.5%,+9.93%,0.5496,64,✓ Yes,completed
4,328,328,03-02,+42.2%,+9.62%,0.5481,78,✓ Yes,completed
4,331,313,03-02,+46.2%,+10.17%,0.5509,51,✓ Yes,completed
4,331,317,03-02,+44.1%,+9.96%,0.5498,52,✓ Yes,completed
4,331,320,03-02,+42.8%,+9.79%,0.5489,52,✓ Yes,completed
4,331,324,03-02,+41.6%,+9.67%,0.5483,57,✓ Yes,completed
4,331,328,03-02,+40.9%,+9.48%,0.5474,63,✓ Yes,completed
4,331,331,03-02,+40.1%,+9.34%,0.5467,75,✓ Yes,completed
4,335,313,03-02,+45.1%,+10.13%,0.5507,49,✓ Yes,completed
4,335,317,03-02,+43.0%,+9.81%,0.5490,50,✓ Yes,completed
4,335,320,03-02,+41.8%,+9.65%,0.5482,50,✓ Yes,completed
4,335,324,03-02,+40.5%,+9.43%,0.5471,55,✓ Yes,completed
4,335,328,03-02,+39.8%,+9.36%,0.5468,59,✓ Yes,completed
4,335,331,03-02,+39.1%,+9.15%,0.5458,66,✓ Yes,completed
4,335,335,03-02,+37.8%,+8.94%,0.5447,79,✓ Yes,completed
4,338,313,03-02,+43.0%,+9.76%,0.5488,46,✓ Yes,completed
4,338,317,03-02,+40.8%,+9.44%,0.5472,46,✓ Yes,completed
4,338,320,03-02,+40.1%,+9.38%,0.5469,46,✓ Yes,completed
4,338,324,03-02,+39.1%,+9.18%,0.5459,47,✓ Yes,completed
4,338,328,03-02,+38.4%,+9.06%,0.5453,51,✓ Yes,completed
4,338,331,03-02,+37.8%,+9.00%,0.5450,57,✓ Yes,completed
4,338,335,03-02,+36.8%,+8.70%,0.5435,61,✓ Yes,completed
4,338,338,03-02,+35.9%,+8.57%,0.5429,68,✓ Yes,completed
4,342,313,03-02,+41.6%,+9.57%,0.5479,43,✓ Yes,completed
4,342,317,03-02,+39.9%,+9.33%,0.5466,43,✓ Yes,completed
4,342,320,03-02,+39.2%,+9.19%,0.5460,43,✓ Yes,completed
4,342,324,03-02,+38.2%,+9.03%,0.5452,43,✓ Yes,completed
4,342,328,03-02,+37.5%,+8.94%,0.5447,45,✓ Yes,completed
4,342,331,03-02,+36.9%,+8.73%,0.5437,50,✓ Yes,completed
4,342,335,03-02,+36.0%,+8.64%,0.5432,53,✓ Yes,completed
4,342,338,03-02,+34.8%,+8.27%,0.5413,59,✓ Yes,completed
4,342,342,03-02,+33.8%,+8.12%,0.5406,65,✓ Yes,completed
4,346,313,03-02,+38.9%,+9.01%,0.5450,38,✓ Yes,completed
4,346,317,03-02,+37.8%,+8.95%,0.5447,38,✓ Yes,completed
4,346,320,03-02,+37.3%,+8.79%,0.5439,38,✓ Yes,completed
4,346,324,03-02,+36.4%,+8.67%,0.5434,38,✓ Yes,completed
4,346,328,03-02,+35.8%,+8.60%,0.5430,39,✓ Yes,completed
4,346,331,03-02,+35.2%,+8.34%,0.5417,41,✓ Yes,completed
4,346,335,03-02,+34.4%,+8.27%,0.5413,42,✓ Yes,completed
4,346,338,03-02,+33.6%,+8.04%,0.5402,47,✓ Yes,completed
4,346,342,03-02,+32.8%,+7.89%,0.5394,50,✓ Yes,completed
4,346,346,03-02,+31.6%,+7.54%,0.5377,62,✓ Yes,completed
5,317,311,02-25,+50.0%,+73.97%,0.8698,47,✗ No,budget_exceeded
5,317,313,02-25,+50.0%,+72.86%,0.8643,50,✗ No,budget_exceeded
5,317,315,02-25,+50.0%,+72.46%,0.8623,52,✗ No,budget_exceeded
5,317,317,02-25,+50.0%,+71.42%,0.8571,53,✗ No,budget_exceeded
5,318,311,02-25,+50.0%,+73.08%,0.8654,46,✗ No,budget_exceeded
5,318,313,02-25,+50.0%,+72.62%,0.8631,48,✗ No,budget_exceeded
5,318,315,02-25,+50.0%,+71.56%,0.8578,51,✗ No,budget_exceeded
5,318,317,02-25,+50.0%,+70.75%,0.8538,52,✗ No,budget_exceeded
5,318,318,02-25,+50.0%,+69.79%,0.8490,55,✗ No,budget_exceeded
5,320,311,02-25,+50.0%,+72.95%,0.8647,45,✗ No,budget_exceeded
5,320,313,02-25,+50.0%,+72.58%,0.8629,47,✗ No,budget_exceeded
5,320,315,02-25,+50.0%,+71.43%,0.8571,50,✗ No,budget_exceeded
5,320,316,02-25,+50.0%,+70.62%,0.8531,51,✗ No,budget_exceeded
5,320,318,02-25,+50.0%,+69.68%,0.8484,53,✗ No,budget_exceeded
5,320,320,02-25,+50.0%,+69.10%,0.8455,56,✗ No,budget_exceeded
5,322,311,02-25,+50.0%,+72.76%,0.8638,44,✗ No,budget_exceeded
5,322,313,02-25,+50.0%,+72.39%,0.8619,46,✗ No,budget_exceeded
5,322,315,02-25,+50.0%,+70.71%,0.8536,50,✗ No,budget_exceeded
5,322,316,02-25,+50.0%,+69.72%,0.8486,51,✗ No,budget_exceeded
5,322,318,02-25,+50.0%,+69.28%,0.8464,53,✗ No,budget_exceeded
5,322,320,02-25,+50.0%,+68.00%,0.8400,55,✗ No,budget_exceeded
5,322,322,02-25,+50.0%,+65.06%,0.8253,63,✗ No,budget_exceeded
5,323,311,02-25,+50.0%,+72.44%,0.8622,42,✗ No,budget_exceeded
5,323,313,02-25,+50.0%,+71.44%,0.8572,45,✗ No,budget_exceeded
5,323,315,02-25,+50.0%,+69.77%,0.8488,49,✗ No,budget_exceeded
5,323,316,02-25,+50.0%,+69.27%,0.8463,50,✗ No,budget_exceeded
5,323,318,02-25,+50.0%,+68.16%,0.8408,52,✗ No,budget_exceeded
5,323,320,02-25,+50.0%,+65.83%,0.8292,55,✗ No,budget_exceeded
5,323,321,02-25,+50.0%,+64.82%,0.8241,58,✗ No,budget_exceeded
5,323,323,02-25,+50.0%,+63.32%,0.8166,66,✗ No,budget_exceeded
5,325,311,02-25,+50.0%,+71.53%,0.8576,42,✗ No,budget_exceeded
5,325,313,02-25,+50.0%,+70.70%,0.8535,45,✗ No,budget_exceeded
5,325,315,02-25,+50.0%,+69.12%,0.8456,48,✗ No,budget_exceeded
5,325,316,02-25,+50.0%,+67.97%,0.8398,49,✗ No,budget_exceeded
5,325,318,02-25,+50.0%,+65.12%,0.8256,53,✗ No,budget_exceeded
5,325,320,02-25,+50.0%,+64.81%,0.8240,53,✗ No,budget_exceeded
5,325,321,02-25,+50.0%,+63.34%,0.8167,56,✗ No,budget_exceeded
5,325,323,02-25,+50.0%,+59.99%,0.7999,60,✗ No,budget_exceeded
5,325,325,02-25,+50.0%,+47.71%,0.7385,72,✗ No,budget_exceeded
5,326,311,02-25,+50.0%,+71.33%,0.8567,42,✗ No,budget_exceeded
5,326,313,02-25,+50.0%,+69.85%,0.8493,46,✗ No,budget_exceeded
5,326,315,02-25,+50.0%,+68.15%,0.8408,48,✗ No,budget_exceeded
5,326,316,02-25,+50.0%,+65.90%,0.8295,50,✗ No,budget_exceeded
5,326,318,02-25,+50.0%,+65.00%,0.8250,52,✗ No,budget_exceeded
5,326,320,02-25,+50.0%,+64.30%,0.8215,53,✗ No,budget_exceeded
5,326,321,02-25,+50.0%,+63.13%,0.8156,55,✗ No,budget_exceeded
5,326,323,02-25,+50.0%,+50.76%,0.7538,62,✗ No,budget_exceeded
5,326,325,02-25,+50.0%,+47.36%,0.7368,68,✗ No,budget_exceeded
5,326,326,02-25,+50.0%,+41.66%,0.7083,75,✗ No,budget_exceeded
5,328,311,02-25,+50.0%,+70.71%,0.8535,43,✗ No,budget_exceeded
5,328,313,02-25,+50.0%,+69.50%,0.8475,46,✗ No,budget_exceeded
5,328,315,02-25,+50.0%,+65.11%,0.8255,50,✗ No,budget_exceeded
5,328,316,02-25,+50.0%,+64.74%,0.8237,50,✗ No,budget_exceeded
5,328,318,02-25,+50.0%,+63.51%,0.8176,53,✗ No,budget_exceeded
5,328,320,02-25,+50.0%,+63.10%,0.8155,53,✗ No,budget_exceeded
5,328,321,02-25,+50.0%,+50.81%,0.7540,58,✗ No,budget_exceeded
5,328,323,02-25,+50.0%,+47.45%,0.7373,63,✗ No,budget_exceeded
5,328,325,02-25,+50.0%,+41.48%,0.7074,69,✗ No,budget_exceeded
5,328,326,02-25,+50.0%,+32.51%,0.6625,71,✗ No,budget_exceeded
5,328,328,02-25,+49.6%,+10.81%,0.5541,82,✓ Yes,completed
5,330,311,02-25,+50.0%,+69.64%,0.8482,44,✗ No,budget_exceeded
5,330,313,02-25,+50.0%,+69.02%,0.8451,46,✗ No,budget_exceeded
5,330,314,02-25,+50.0%,+64.24%,0.8212,51,✗ No,budget_exceeded
5,330,316,02-25,+50.0%,+63.21%,0.8161,52,✗ No,budget_exceeded
5,330,317,02-25,+50.0%,+60.15%,0.8008,53,✗ No,budget_exceeded
5,330,319,02-25,+50.0%,+50.80%,0.7540,56,✗ No,budget_exceeded
5,330,320,02-25,+50.0%,+47.67%,0.7384,57,✗ No,budget_exceeded
5,330,322,02-25,+50.0%,+41.37%,0.7069,61,✗ No,budget_exceeded
5,330,324,02-25,+49.9%,+10.88%,0.5544,65,✓ Yes,completed
5,330,325,02-25,+49.5%,+10.84%,0.5542,67,✓ Yes,completed
5,330,327,02-25,+49.3%,+10.82%,0.5541,68,✓ Yes,completed
5,330,328,02-25,+48.8%,+10.77%,0.5539,74,✓ Yes,completed
5,330,330,02-25,+48.3%,+10.57%,0.5529,85,✓ Yes,completed
5,331,311,02-25,+50.0%,+69.25%,0.8463,43,✗ No,budget_exceeded
5,331,313,02-25,+50.0%,+65.02%,0.8251,48,✗ No,budget_exceeded
5,331,314,02-25,+50.0%,+63.15%,0.8158,51,✗ No,budget_exceeded
5,331,316,02-25,+50.0%,+59.96%,0.7998,52,✗ No,budget_exceeded
5,331,317,02-25,+50.0%,+50.71%,0.7536,53,✗ No,budget_exceeded
5,331,319,02-25,+50.0%,+47.47%,0.7374,54,✗ No,budget_exceeded
5,331,320,02-25,+50.0%,+41.42%,0.7071,55,✗ No,budget_exceeded
5,331,322,02-25,+49.6%,+10.87%,0.5543,58,✓ Yes,completed
5,331,324,02-25,+49.2%,+10.83%,0.5541,61,✓ Yes,completed
5,331,325,02-25,+48.8%,+10.80%,0.5540,62,✓ Yes,completed
5,331,327,02-25,+48.6%,+10.73%,0.5537,63,✓ Yes,completed
5,331,328,02-25,+48.2%,+10.60%,0.5530,67,✓ Yes,completed
5,331,330,02-25,+47.8%,+10.50%,0.5525,75,✓ Yes,completed
5,331,331,02-25,+47.2%,+10.44%,0.5522,80,✓ Yes,completed
5,317,311,02-26,+50.0%,+72.46%,0.8623,49,✗ No,budget_exceeded
5,317,313,02-26,+50.0%,+71.46%,0.8573,52,✗ No,budget_exceeded
5,317,315,02-26,+50.0%,+70.99%,0.8549,55,✗ No,budget_exceeded
5,317,317,02-26,+50.0%,+69.91%,0.8496,58,✗ No,budget_exceeded
5,318,311,02-26,+50.0%,+71.64%,0.8582,48,✗ No,budget_exceeded
5,318,313,02-26,+50.0%,+71.24%,0.8562,50,✗ No,budget_exceeded
5,318,315,02-26,+50.0%,+70.05%,0.8503,54,✗ No,budget_exceeded
5,318,317,02-26,+50.0%,+68.32%,0.8416,56,✗ No,budget_exceeded
5,318,318,02-26,+50.0%,+66.82%,0.8341,60,✗ No,budget_exceeded
5,320,311,02-26,+50.0%,+71.49%,0.8575,47,✗ No,budget_exceeded
5,320,313,02-26,+50.0%,+71.14%,0.8557,49,✗ No,budget_exceeded
5,320,315,02-26,+50.0%,+69.90%,0.8495,53,✗ No,budget_exceeded
5,320,316,02-26,+50.0%,+67.74%,0.8387,55,✗ No,budget_exceeded
5,320,318,02-26,+50.0%,+66.68%,0.8334,58,✗ No,budget_exceeded
5,320,320,02-26,+50.0%,+65.23%,0.8262,66,✗ No,budget_exceeded
5,322,311,02-26,+50.0%,+71.30%,0.8565,46,✗ No,budget_exceeded
5,322,313,02-26,+50.0%,+70.95%,0.8547,48,✗ No,budget_exceeded
5,322,315,02-26,+50.0%,+67.66%,0.8383,54,✗ No,budget_exceeded
5,322,316,02-26,+50.0%,+66.58%,0.8329,55,✗ No,budget_exceeded
5,322,318,02-26,+50.0%,+65.94%,0.8297,57,✗ No,budget_exceeded
5,322,320,02-26,+50.0%,+64.78%,0.8239,59,✗ No,budget_exceeded
5,322,322,02-26,+50.0%,+52.53%,0.7627,71,✗ No,budget_exceeded
5,323,311,02-26,+50.0%,+70.96%,0.8548,44,✗ No,budget_exceeded
5,323,313,02-26,+50.0%,+69.83%,0.8492,47,✗ No,budget_exceeded
5,323,315,02-26,+50.0%,+66.66%,0.8333,53,✗ No,budget_exceeded
5,323,316,02-26,+50.0%,+65.95%,0.8297,54,✗ No,budget_exceeded
5,323,318,02-26,+50.0%,+64.95%,0.8247,56,✗ No,budget_exceeded
5,323,320,02-26,+50.0%,+61.63%,0.8082,58,✗ No,budget_exceeded
5,323,321,02-26,+50.0%,+49.56%,0.7478,66,✗ No,budget_exceeded
5,323,323,02-26,+50.0%,+49.03%,0.7452,71,✗ No,budget_exceeded
5,325,311,02-26,+50.0%,+69.88%,0.8494,44,✗ No,budget_exceeded
5,325,313,02-26,+50.0%,+67.76%,0.8388,48,✗ No,budget_exceeded
5,325,315,02-26,+50.0%,+65.90%,0.8295,52,✗ No,budget_exceeded
5,325,316,02-26,+50.0%,+64.76%,0.8238,53,✗ No,budget_exceeded
5,325,318,02-26,+50.0%,+52.64%,0.7632,56,✗ No,budget_exceeded
5,325,320,02-26,+50.0%,+50.95%,0.7548,58,✗ No,budget_exceeded
5,325,321,02-26,+50.0%,+49.07%,0.7454,61,✗ No,budget_exceeded
5,325,323,02-26,+50.0%,+43.25%,0.7163,68,✗ No,budget_exceeded
5,325,325,02-26,+50.0%,+24.66%,0.6233,78,✗ No,budget_exceeded
5,326,311,02-26,+50.0%,+68.27%,0.8413,45,✗ No,budget_exceeded
5,326,313,02-26,+50.0%,+66.87%,0.8343,49,✗ No,budget_exceeded
5,326,315,02-26,+50.0%,+65.05%,0.8253,52,✗ No,budget_exceeded
5,326,316,02-26,+50.0%,+61.72%,0.8086,53,✗ No,budget_exceeded
5,326,318,02-26,+50.0%,+52.53%,0.7626,55,✗ No,budget_exceeded
5,326,320,02-26,+50.0%,+49.43%,0.7471,58,✗ No,budget_exceeded
5,326,321,02-26,+50.0%,+44.72%,0.7236,63,✗ No,budget_exceeded
5,326,323,02-26,+50.0%,+34.25%,0.6713,68,✗ No,budget_exceeded
5,326,325,02-26,+49.6%,+10.89%,0.5545,74,✓ Yes,completed
5,326,326,02-26,+49.3%,+10.87%,0.5544,76,✓ Yes,completed
5,328,311,02-26,+50.0%,+66.87%,0.8343,46,✗ No,budget_exceeded
5,328,313,02-26,+50.0%,+66.30%,0.8315,48,✗ No,budget_exceeded
5,328,315,02-26,+50.0%,+61.67%,0.8084,52,✗ No,budget_exceeded
5,328,316,02-26,+50.0%,+51.01%,0.7550,54,✗ No,budget_exceeded
5,328,318,02-26,+50.0%,+49.42%,0.7471,56,✗ No,budget_exceeded
5,328,320,02-26,+50.0%,+48.92%,0.7446,57,✗ No,budget_exceeded
5,328,321,02-26,+50.0%,+42.98%,0.7149,62,✗ No,budget_exceeded
5,328,323,02-26,+49.7%,+10.91%,0.5546,67,✓ Yes,completed
5,328,325,02-26,+49.1%,+10.89%,0.5545,70,✓ Yes,completed
5,328,326,02-26,+48.8%,+10.90%,0.5545,71,✓ Yes,completed
5,328,328,02-26,+48.2%,+10.69%,0.5535,81,✓ Yes,completed
5,330,311,02-26,+50.0%,+66.27%,0.8313,46,✗ No,budget_exceeded
5,330,313,02-26,+50.0%,+64.79%,0.8239,50,✗ No,budget_exceeded
5,330,314,02-26,+50.0%,+49.40%,0.7470,54,✗ No,budget_exceeded
5,330,316,02-26,+50.0%,+48.97%,0.7449,54,✗ No,budget_exceeded
5,330,317,02-26,+50.0%,+44.63%,0.7232,55,✗ No,budget_exceeded
5,330,319,02-26,+50.0%,+42.80%,0.7140,58,✗ No,budget_exceeded
5,330,320,02-26,+49.8%,+10.93%,0.5546,59,✓ Yes,completed
5,330,322,02-26,+49.0%,+10.92%,0.5546,61,✓ Yes,completed
5,330,324,02-26,+48.5%,+10.82%,0.5541,64,✓ Yes,completed
5,330,325,02-26,+48.1%,+10.71%,0.5536,66,✓ Yes,completed
5,330,327,02-26,+47.9%,+10.69%,0.5534,67,✓ Yes,completed
5,330,328,02-26,+47.5%,+10.63%,0.5531,73,✓ Yes,completed
5,330,330,02-26,+46.9%,+10.54%,0.5527,84,✓ Yes,completed
5,331,311,02-26,+50.0%,+65.89%,0.8295,45,✗ No,budget_exceeded
5,331,313,02-26,+50.0%,+61.55%,0.8077,50,✗ No,budget_exceeded
5,331,314,02-26,+50.0%,+48.79%,0.7439,53,✗ No,budget_exceeded
5,331,316,02-26,+50.0%,+42.94%,0.7147,54,✗ No,budget_exceeded
5,331,317,02-26,+50.0%,+34.23%,0.6711,55,✗ No,budget_exceeded
5,331,319,02-26,+49.6%,+10.91%,0.5545,55,✓ Yes,completed
5,331,320,02-26,+49.0%,+10.92%,0.5546,55,✓ Yes,completed
5,331,322,02-26,+48.2%,+10.74%,0.5537,57,✓ Yes,completed
5,331,324,02-26,+47.8%,+10.69%,0.5535,60,✓ Yes,completed
5,331,325,02-26,+47.5%,+10.66%,0.5533,61,✓ Yes,completed
5,331,327,02-26,+47.2%,+10.64%,0.5532,62,✓ Yes,completed
5,331,328,02-26,+46.9%,+10.58%,0.5529,66,✓ Yes,completed
5,331,330,02-26,+46.4%,+10.40%,0.5520,74,✓ Yes,completed
5,331,331,02-26,+45.8%,+10.30%,0.5515,79,✓ Yes,completed
5,317,311,02-27,+50.0%,+71.49%,0.8575,50,✗ No,budget_exceeded
5,317,313,02-27,+50.0%,+69.91%,0.8495,54,✗ No,budget_exceeded
5,317,315,02-27,+50.0%,+68.34%,0.8417,59,✗ No,budget_exceeded
5,317,317,02-27,+50.0%,+67.76%,0.8388,63,✗ No,budget_exceeded
5,318,311,02-27,+50.0%,+69.94%,0.8497,49,✗ No,budget_exceeded
5,318,313,02-27,+50.0%,+68.53%,0.8427,53,✗ No,budget_exceeded
5,318,315,02-27,+50.0%,+67.83%,0.8392,57,✗ No,budget_exceeded
5,318,317,02-27,+50.0%,+66.76%,0.8338,61,✗ No,budget_exceeded
5,318,318,02-27,+50.0%,+63.52%,0.8176,68,✗ No,budget_exceeded
5,320,311,02-27,+50.0%,+69.46%,0.8473,49,✗ No,budget_exceeded
5,320,313,02-27,+50.0%,+68.42%,0.8421,52,✗ No,budget_exceeded
5,320,315,02-27,+50.0%,+67.64%,0.8382,56,✗ No,budget_exceeded
5,320,316,02-27,+50.0%,+66.54%,0.8327,58,✗ No,budget_exceeded
5,320,318,02-27,+50.0%,+63.34%,0.8167,63,✗ No,budget_exceeded
5,320,320,02-27,+50.0%,+52.56%,0.7628,75,✗ No,budget_exceeded
5,322,311,02-27,+50.0%,+68.38%,0.8419,49,✗ No,budget_exceeded
5,322,313,02-27,+50.0%,+67.81%,0.8391,52,✗ No,budget_exceeded
5,322,315,02-27,+50.0%,+64.37%,0.8219,57,✗ No,budget_exceeded
5,322,316,02-27,+50.0%,+57.32%,0.7866,59,✗ No,budget_exceeded
5,322,318,02-27,+50.0%,+52.53%,0.7626,63,✗ No,budget_exceeded
5,322,320,02-27,+50.0%,+50.68%,0.7534,66,✗ No,budget_exceeded
5,322,322,02-27,+50.0%,+44.95%,0.7247,78,✗ No,budget_exceeded
5,323,311,02-27,+50.0%,+68.04%,0.8402,47,✗ No,budget_exceeded
5,323,313,02-27,+50.0%,+66.86%,0.8343,51,✗ No,budget_exceeded
5,323,315,02-27,+50.0%,+54.32%,0.7716,56,✗ No,budget_exceeded
5,323,316,02-27,+50.0%,+52.49%,0.7624,57,✗ No,budget_exceeded
5,323,318,02-27,+50.0%,+50.82%,0.7541,59,✗ No,budget_exceeded
5,323,320,02-27,+50.0%,+46.29%,0.7315,64,✗ No,budget_exceeded
5,323,321,02-27,+50.0%,+44.62%,0.7231,70,✗ No,budget_exceeded
5,323,323,02-27,+49.9%,+10.99%,0.5549,79,✓ Yes,completed
5,325,311,02-27,+50.0%,+67.74%,0.8387,46,✗ No,budget_exceeded
5,325,313,02-27,+50.0%,+66.55%,0.8328,50,✗ No,budget_exceeded
5,325,315,02-27,+50.0%,+52.48%,0.7624,55,✗ No,budget_exceeded
5,325,316,02-27,+50.0%,+50.72%,0.7536,56,✗ No,budget_exceeded
5,325,318,02-27,+50.0%,+46.37%,0.7319,59,✗ No,budget_exceeded
5,325,320,02-27,+50.0%,+44.67%,0.7234,62,✗ No,budget_exceeded
5,325,321,02-27,+49.7%,+11.01%,0.5550,66,✓ Yes,completed
5,325,323,02-27,+49.2%,+10.96%,0.5548,69,✓ Yes,completed
5,325,325,02-27,+48.6%,+10.87%,0.5543,77,✓ Yes,completed
5,326,311,02-27,+50.0%,+66.89%,0.8344,47,✗ No,budget_exceeded
5,326,313,02-27,+50.0%,+63.46%,0.8173,51,✗ No,budget_exceeded
5,326,315,02-27,+50.0%,+51.01%,0.7550,55,✗ No,budget_exceeded
5,326,316,02-27,+50.0%,+50.50%,0.7525,55,✗ No,budget_exceeded
5,326,318,02-27,+50.0%,+45.05%,0.7252,59,✗ No,budget_exceeded
5,326,320,02-27,+50.0%,+35.70%,0.6785,62,✗ No,budget_exceeded
5,326,321,02-27,+49.5%,+10.98%,0.5549,65,✓ Yes,completed
5,326,323,02-27,+48.9%,+10.95%,0.5548,68,✓ Yes,completed
5,326,325,02-27,+48.2%,+10.75%,0.5538,73,✓ Yes,completed
5,326,326,02-27,+47.9%,+10.68%,0.5534,75,✓ Yes,completed
5,328,311,02-27,+50.0%,+66.47%,0.8324,46,✗ No,budget_exceeded
5,328,313,02-27,+50.0%,+53.97%,0.7698,51,✗ No,budget_exceeded
5,328,315,02-27,+50.0%,+50.45%,0.7523,54,✗ No,budget_exceeded
5,328,316,02-27,+50.0%,+44.91%,0.7245,56,✗ No,budget_exceeded
5,328,318,02-27,+50.0%,+44.36%,0.7218,58,✗ No,budget_exceeded
5,328,320,02-27,+49.6%,+11.00%,0.5550,61,✓ Yes,completed
5,328,321,02-27,+49.0%,+10.96%,0.5548,63,✓ Yes,completed
5,328,323,02-27,+48.3%,+10.79%,0.5539,66,✓ Yes,completed
5,328,325,02-27,+47.7%,+10.69%,0.5534,69,✓ Yes,completed
5,328,326,02-27,+47.5%,+10.67%,0.5534,70,✓ Yes,completed
5,328,328,02-27,+46.9%,+10.64%,0.5532,80,✓ Yes,completed
5,330,311,02-27,+50.0%,+54.13%,0.7707,48,✗ No,budget_exceeded
5,330,313,02-27,+50.0%,+50.92%,0.7546,52,✗ No,budget_exceeded
5,330,314,02-27,+50.0%,+44.39%,0.7220,55,✗ No,budget_exceeded
5,330,316,02-27,+50.0%,+35.72%,0.6786,56,✗ No,budget_exceeded
5,330,317,02-27,+49.8%,+11.00%,0.5550,56,✓ Yes,completed
5,330,319,02-27,+49.0%,+10.96%,0.5548,58,✓ Yes,completed
5,330,320,02-27,+48.4%,+10.82%,0.5541,58,✓ Yes,completed
5,330,322,02-27,+47.6%,+10.69%,0.5535,60,✓ Yes,completed
5,330,324,02-27,+47.1%,+10.70%,0.5535,63,✓ Yes,completed
5,330,325,02-27,+46.8%,+10.64%,0.5532,65,✓ Yes,completed
5,330,327,02-27,+46.5%,+10.56%,0.5528,66,✓ Yes,completed
5,330,328,02-27,+46.1%,+10.46%,0.5523,72,✓ Yes,completed
5,330,330,02-27,+45.6%,+10.37%,0.5519,83,✓ Yes,completed
5,331,311,02-27,+50.0%,+53.60%,0.7680,47,✗ No,budget_exceeded
5,331,313,02-27,+50.0%,+50.34%,0.7517,51,✗ No,budget_exceeded
5,331,314,02-27,+49.8%,+10.99%,0.5549,54,✓ Yes,completed
5,331,316,02-27,+49.4%,+10.96%,0.5548,54,✓ Yes,completed
5,331,317,02-27,+49.0%,+10.95%,0.5547,54,✓ Yes,completed
5,331,319,02-27,+48.2%,+10.76%,0.5538,54,✓ Yes,completed
5,331,320,02-27,+47.7%,+10.70%,0.5535,54,✓ Yes,completed
5,331,322,02-27,+46.8%,+10.68%,0.5534,56,✓ Yes,completed
5,331,324,02-27,+46.5%,+10.55%,0.5527,59,✓ Yes,completed
5,331,325,02-27,+46.1%,+10.49%,0.5524,60,✓ Yes,completed
5,331,327,02-27,+45.9%,+10.46%,0.5523,61,✓ Yes,completed
5,331,328,02-27,+45.6%,+10.42%,0.5521,65,✓ Yes,completed
5,331,330,02-27,+45.1%,+10.36%,0.5518,73,✓ Yes,completed
5,331,331,02-27,+44.6%,+10.16%,0.5508,78,✓ Yes,completed
5,317,311,02-28,+50.0%,+69.67%,0.8484,53,✗ No,budget_exceeded
5,317,313,02-28,+50.0%,+68.47%,0.8424,57,✗ No,budget_exceeded
5,317,315,02-28,+50.0%,+65.20%,0.8260,63,✗ No,budget_exceeded
5,317,317,02-28,+50.0%,+55.97%,0.7798,71,✗ No,budget_exceeded
5,318,311,02-28,+50.0%,+68.58%,0.8429,51,✗ No,budget_exceeded
5,318,313,02-28,+50.0%,+66.15%,0.8308,56,✗ No,budget_exceeded
5,318,315,02-28,+50.0%,+59.05%,0.7952,62,✗ No,budget_exceeded
5,318,317,02-28,+50.0%,+54.34%,0.7717,71,✗ No,budget_exceeded
5,318,318,02-28,+50.0%,+52.45%,0.7622,77,✗ No,budget_exceeded
5,320,311,02-28,+50.0%,+68.41%,0.8421,50,✗ No,budget_exceeded
5,320,313,02-28,+50.0%,+65.26%,0.8263,56,✗ No,budget_exceeded
5,320,315,02-28,+50.0%,+55.87%,0.7794,62,✗ No,budget_exceeded
5,320,316,02-28,+50.0%,+52.85%,0.7642,67,✗ No,budget_exceeded
5,320,318,02-28,+50.0%,+52.10%,0.7605,70,✗ No,budget_exceeded
5,320,320,02-28,+50.0%,+46.47%,0.7323,80,✗ No,budget_exceeded
5,322,311,02-28,+50.0%,+65.24%,0.8262,51,✗ No,budget_exceeded
5,322,313,02-28,+50.0%,+55.87%,0.7794,56,✗ No,budget_exceeded
5,322,315,02-28,+50.0%,+52.57%,0.7629,62,✗ No,budget_exceeded
5,322,316,02-28,+50.0%,+52.03%,0.7602,62,✗ No,budget_exceeded
5,322,318,02-28,+50.0%,+46.44%,0.7322,67,✗ No,budget_exceeded
5,322,320,02-28,+50.0%,+37.32%,0.6866,74,✗ No,budget_exceeded
5,322,322,02-28,+49.5%,+11.00%,0.5550,85,✓ Yes,completed
5,323,311,02-28,+50.0%,+55.87%,0.7794,49,✗ No,budget_exceeded
5,323,313,02-28,+50.0%,+54.38%,0.7719,53,✗ No,budget_exceeded
5,323,315,02-28,+50.0%,+48.08%,0.7404,58,✗ No,budget_exceeded
5,323,316,02-28,+50.0%,+46.46%,0.7323,60,✗ No,budget_exceeded
5,323,318,02-28,+50.0%,+45.98%,0.7299,62,✗ No,budget_exceeded
5,323,320,02-28,+49.6%,+11.05%,0.5553,69,✓ Yes,completed
5,323,321,02-28,+49.0%,+11.05%,0.5553,73,✓ Yes,completed
5,323,323,02-28,+48.4%,+10.93%,0.5546,78,✓ Yes,completed
5,325,311,02-28,+50.0%,+55.57%,0.7778,48,✗ No,budget_exceeded
5,325,313,02-28,+50.0%,+52.84%,0.7642,53,✗ No,budget_exceeded
5,325,315,02-28,+50.0%,+46.33%,0.7316,57,✗ No,budget_exceeded
5,325,316,02-28,+50.0%,+45.83%,0.7291,57,✗ No,budget_exceeded
5,325,318,02-28,+50.0%,+11.08%,0.5554,61,✓ Yes,completed
5,325,320,02-28,+49.0%,+11.08%,0.5554,63,✓ Yes,completed
5,325,321,02-28,+48.3%,+10.91%,0.5546,65,✓ Yes,completed
5,325,323,02-28,+47.8%,+10.82%,0.5541,68,✓ Yes,completed
5,325,325,02-28,+47.2%,+10.76%,0.5538,76,✓ Yes,completed
5,326,311,02-28,+50.0%,+55.35%,0.7768,48,✗ No,budget_exceeded
5,326,313,02-28,+50.0%,+52.60%,0.7630,53,✗ No,budget_exceeded
5,326,315,02-28,+50.0%,+46.11%,0.7306,56,✗ No,budget_exceeded
5,326,316,02-28,+50.0%,+37.35%,0.6868,57,✗ No,budget_exceeded
5,326,318,02-28,+49.9%,+11.07%,0.5554,60,✓ Yes,completed
5,326,320,02-28,+48.7%,+11.05%,0.5553,62,✓ Yes,completed
5,326,321,02-28,+48.0%,+10.85%,0.5543,64,✓ Yes,completed
5,326,323,02-28,+47.5%,+10.79%,0.5540,67,✓ Yes,completed
5,326,325,02-28,+46.8%,+10.71%,0.5536,72,✓ Yes,completed
5,326,326,02-28,+46.5%,+10.61%,0.5530,74,✓ Yes,completed
5,328,311,02-28,+50.0%,+52.84%,0.7642,49,✗ No,budget_exceeded
5,328,313,02-28,+50.0%,+52.03%,0.7601,52,✗ No,budget_exceeded
5,328,315,02-28,+50.0%,+37.26%,0.6863,56,✗ No,budget_exceeded
5,328,316,02-28,+49.8%,+11.06%,0.5553,57,✓ Yes,completed
5,328,318,02-28,+49.2%,+11.06%,0.5553,59,✓ Yes,completed
5,328,320,02-28,+48.2%,+10.89%,0.5545,60,✓ Yes,completed
5,328,321,02-28,+47.5%,+10.80%,0.5540,62,✓ Yes,completed
5,328,323,02-28,+46.9%,+10.74%,0.5537,65,✓ Yes,completed
5,328,325,02-28,+46.3%,+10.56%,0.5528,68,✓ Yes,completed
5,328,326,02-28,+46.1%,+10.52%,0.5526,69,✓ Yes,completed
5,328,328,02-28,+45.5%,+10.47%,0.5523,79,✓ Yes,completed
5,330,311,02-28,+50.0%,+52.00%,0.7600,48,✗ No,budget_exceeded
5,330,313,02-28,+50.0%,+45.96%,0.7298,53,✗ No,budget_exceeded
5,330,314,02-28,+49.2%,+11.04%,0.5552,55,✓ Yes,completed
5,330,316,02-28,+48.8%,+11.05%,0.5552,55,✓ Yes,completed
5,330,317,02-28,+48.3%,+10.91%,0.5546,55,✓ Yes,completed
5,330,319,02-28,+47.5%,+10.80%,0.5540,57,✓ Yes,completed
5,330,320,02-28,+47.0%,+10.78%,0.5539,57,✓ Yes,completed
5,330,322,02-28,+46.1%,+10.54%,0.5527,59,✓ Yes,completed
5,330,324,02-28,+45.7%,+10.51%,0.5525,62,✓ Yes,completed
5,330,325,02-28,+45.4%,+10.52%,0.5526,64,✓ Yes,completed
5,330,327,02-28,+45.1%,+10.51%,0.5526,65,✓ Yes,completed
5,330,328,02-28,+44.7%,+10.38%,0.5519,71,✓ Yes,completed
5,330,330,02-28,+44.2%,+10.24%,0.5512,82,✓ Yes,completed
5,331,311,02-28,+50.0%,+45.96%,0.7298,48,✗ No,budget_exceeded
5,331,313,02-28,+49.7%,+11.02%,0.5551,52,✓ Yes,completed
5,331,314,02-28,+48.4%,+10.91%,0.5546,53,✓ Yes,completed
5,331,316,02-28,+48.0%,+10.82%,0.5541,53,✓ Yes,completed
5,331,317,02-28,+47.5%,+10.79%,0.5539,53,✓ Yes,completed
5,331,319,02-28,+46.8%,+10.72%,0.5536,53,✓ Yes,completed
5,331,320,02-28,+46.2%,+10.56%,0.5528,53,✓ Yes,completed
5,331,322,02-28,+45.4%,+10.53%,0.5526,55,✓ Yes,completed
5,331,324,02-28,+45.0%,+10.51%,0.5525,58,✓ Yes,completed
5,331,325,02-28,+44.7%,+10.40%,0.5520,59,✓ Yes,completed
5,331,327,02-28,+44.5%,+10.34%,0.5517,60,✓ Yes,completed
5,331,328,02-28,+44.2%,+10.29%,0.5514,64,✓ Yes,completed
5,331,330,02-28,+43.7%,+10.22%,0.5511,72,✓ Yes,completed
5,331,331,02-28,+43.2%,+10.14%,0.5507,77,✓ Yes,completed
5,317,311,03-01,+50.0%,+60.63%,0.8031,59,✗ No,budget_exceeded
5,317,313,03-01,+50.0%,+56.93%,0.7846,64,✗ No,budget_exceeded
5,317,315,03-01,+50.0%,+54.14%,0.7707,72,✗ No,budget_exceeded
5,317,317,03-01,+50.0%,+49.67%,0.7483,83,✗ No,budget_exceeded
5,318,311,03-01,+50.0%,+57.17%,0.7859,58,✗ No,budget_exceeded
5,318,313,03-01,+50.0%,+54.37%,0.7718,63,✗ No,budget_exceeded
5,318,315,03-01,+50.0%,+53.55%,0.7678,68,✗ No,budget_exceeded
5,318,317,03-01,+50.0%,+47.91%,0.7395,79,✗ No,budget_exceeded
5,318,318,03-01,+50.0%,+46.29%,0.7314,86,✗ No,budget_exceeded
5,320,311,03-01,+50.0%,+56.93%,0.7846,56,✗ No,budget_exceeded
5,320,313,03-01,+50.0%,+54.18%,0.7709,61,✗ No,budget_exceeded
5,320,315,03-01,+50.0%,+48.21%,0.7411,68,✗ No,budget_exceeded
5,320,316,03-01,+50.0%,+47.60%,0.7380,70,✗ No,budget_exceeded
5,320,318,03-01,+50.0%,+38.74%,0.6937,76,✗ No,budget_exceeded
5,320,320,03-01,+49.4%,+10.74%,0.5537,92,✓ Yes,completed
5,322,311,03-01,+50.0%,+54.14%,0.7707,55,✗ No,budget_exceeded
5,322,313,03-01,+50.0%,+49.56%,0.7478,59,✗ No,budget_exceeded
5,322,315,03-01,+50.0%,+46.29%,0.7314,66,✗ No,budget_exceeded
5,322,316,03-01,+50.0%,+29.40%,0.6470,70,✗ No,budget_exceeded
5,322,318,03-01,+49.5%,+10.80%,0.5540,73,✓ Yes,completed
5,322,320,03-01,+48.5%,+10.69%,0.5534,78,✓ Yes,completed
5,322,322,03-01,+47.6%,+10.58%,0.5529,85,✓ Yes,completed
5,323,311,03-01,+50.0%,+49.57%,0.7479,52,✗ No,budget_exceeded
5,323,313,03-01,+50.0%,+47.90%,0.7395,57,✗ No,budget_exceeded
5,323,315,03-01,+50.0%,+29.24%,0.6462,63,✗ No,budget_exceeded
5,323,316,03-01,+49.4%,+10.81%,0.5541,63,✓ Yes,completed
5,323,318,03-01,+48.9%,+10.80%,0.5540,66,✓ Yes,completed
5,323,320,03-01,+47.8%,+10.63%,0.5531,69,✓ Yes,completed
5,323,321,03-01,+47.2%,+10.63%,0.5531,73,✓ Yes,completed
5,323,323,03-01,+46.6%,+10.50%,0.5525,78,✓ Yes,completed
5,325,311,03-01,+50.0%,+48.18%,0.7409,52,✗ No,budget_exceeded
5,325,313,03-01,+50.0%,+47.50%,0.7375,55,✗ No,budget_exceeded
5,325,315,03-01,+49.2%,+10.80%,0.5540,59,✓ Yes,completed
5,325,316,03-01,+48.6%,+10.77%,0.5539,59,✓ Yes,completed
5,325,318,03-01,+48.1%,+10.66%,0.5533,61,✓ Yes,completed
5,325,320,03-01,+47.1%,+10.65%,0.5533,63,✓ Yes,completed
5,325,321,03-01,+46.4%,+10.48%,0.5524,65,✓ Yes,completed
5,325,323,03-01,+45.9%,+10.39%,0.5520,68,✓ Yes,completed
5,325,325,03-01,+45.3%,+10.33%,0.5517,76,✓ Yes,completed
5,326,311,03-01,+50.0%,+47.96%,0.7398,52,✗ No,budget_exceeded
5,326,313,03-01,+50.0%,+38.92%,0.6946,56,✗ No,budget_exceeded
5,326,315,03-01,+49.0%,+10.80%,0.5540,58,✓ Yes,completed
5,326,316,03-01,+48.4%,+10.72%,0.5536,58,✓ Yes,completed
5,326,318,03-01,+48.0%,+10.65%,0.5532,60,✓ Yes,completed
5,326,320,03-01,+46.9%,+10.63%,0.5531,62,✓ Yes,completed
5,326,321,03-01,+46.2%,+10.43%,0.5521,64,✓ Yes,completed
5,326,323,03-01,+45.6%,+10.37%,0.5518,67,✓ Yes,completed
5,326,325,03-01,+45.0%,+10.28%,0.5514,72,✓ Yes,completed
5,326,326,03-01,+44.7%,+10.18%,0.5509,74,✓ Yes,completed
5,328,311,03-01,+50.0%,+47.53%,0.7377,51,✗ No,budget_exceeded
5,328,313,03-01,+49.8%,+10.85%,0.5542,56,✓ Yes,completed
5,328,315,03-01,+48.4%,+10.70%,0.5535,57,✓ Yes,completed
5,328,316,03-01,+47.9%,+10.64%,0.5532,57,✓ Yes,completed
5,328,318,03-01,+47.4%,+10.63%,0.5532,59,✓ Yes,completed
5,328,320,03-01,+46.4%,+10.47%,0.5523,60,✓ Yes,completed
5,328,321,03-01,+45.7%,+10.38%,0.5519,62,✓ Yes,completed
5,328,323,03-01,+45.0%,+10.32%,0.5516,65,✓ Yes,completed
5,328,325,03-01,+44.5%,+10.13%,0.5507,68,✓ Yes,completed
5,328,326,03-01,+44.2%,+10.09%,0.5505,69,✓ Yes,completed
5,328,328,03-01,+43.7%,+10.04%,0.5502,79,✓ Yes,completed
5,330,311,03-01,+49.7%,+10.81%,0.5541,51,✓ Yes,completed
5,330,313,03-01,+48.7%,+10.76%,0.5538,54,✓ Yes,completed
5,330,314,03-01,+47.4%,+10.61%,0.5531,55,✓ Yes,completed
5,330,316,03-01,+46.9%,+10.62%,0.5531,55,✓ Yes,completed
5,330,317,03-01,+46.5%,+10.49%,0.5524,55,✓ Yes,completed
5,330,319,03-01,+45.7%,+10.37%,0.5519,57,✓ Yes,completed
5,330,320,03-01,+45.1%,+10.35%,0.5517,57,✓ Yes,completed
5,330,322,03-01,+44.3%,+10.12%,0.5506,59,✓ Yes,completed
5,330,324,03-01,+43.9%,+10.08%,0.5504,62,✓ Yes,completed
5,330,325,03-01,+43.5%,+10.09%,0.5504,64,✓ Yes,completed
5,330,327,03-01,+43.3%,+10.08%,0.5504,65,✓ Yes,completed
5,330,328,03-01,+42.9%,+9.95%,0.5498,71,✓ Yes,completed
5,330,330,03-01,+42.4%,+9.81%,0.5491,81,✓ Yes,completed
5,331,311,03-01,+48.7%,+10.75%,0.5538,49,✓ Yes,completed
5,331,313,03-01,+47.8%,+10.60%,0.5530,52,✓ Yes,completed
5,331,314,03-01,+46.5%,+10.49%,0.5524,53,✓ Yes,completed
5,331,316,03-01,+46.1%,+10.40%,0.5520,53,✓ Yes,completed
5,331,317,03-01,+45.7%,+10.36%,0.5518,53,✓ Yes,completed
5,331,319,03-01,+44.9%,+10.30%,0.5515,53,✓ Yes,completed
5,331,320,03-01,+44.4%,+10.14%,0.5507,53,✓ Yes,completed
5,331,322,03-01,+43.6%,+10.10%,0.5505,55,✓ Yes,completed
5,331,324,03-01,+43.2%,+10.08%,0.5504,58,✓ Yes,completed
5,331,325,03-01,+42.9%,+9.97%,0.5499,59,✓ Yes,completed
5,331,327,03-01,+42.6%,+9.91%,0.5495,60,✓ Yes,completed
5,331,328,03-01,+42.3%,+9.86%,0.5493,64,✓ Yes,completed
5,331,330,03-01,+41.9%,+9.80%,0.5490,71,✓ Yes,completed
5,331,331,03-01,+41.5%,+9.75%,0.5488,75,✓ Yes,completed
5,317,311,03-02,+50.0%,+55.40%,0.7770,63,✗ No,budget_exceeded
5,317,313,03-02,+50.0%,+51.03%,0.7551,67,✗ No,budget_exceeded
5,317,315,03-02,+50.0%,+49.12%,0.7456,77,✗ No,budget_exceeded
5,317,317,03-02,+50.0%,+40.28%,0.7014,89,✗ No,budget_exceeded
5,318,311,03-02,+50.0%,+51.05%,0.7553,62,✗ No,budget_exceeded
5,318,313,03-02,+50.0%,+49.45%,0.7472,66,✗ No,budget_exceeded
5,318,315,03-02,+50.0%,+40.39%,0.7019,75,✗ No,budget_exceeded
5,318,317,03-02,+50.0%,+10.86%,0.5543,84,✓ Yes,completed
5,318,318,03-02,+49.2%,+10.72%,0.5536,91,✓ Yes,completed
5,320,311,03-02,+50.0%,+49.70%,0.7485,61,✗ No,budget_exceeded
5,320,313,03-02,+50.0%,+49.13%,0.7456,63,✗ No,budget_exceeded
5,320,315,03-02,+50.0%,+33.85%,0.6693,71,✗ No,budget_exceeded
5,320,316,03-02,+49.6%,+10.83%,0.5542,74,✓ Yes,completed
5,320,318,03-02,+48.8%,+10.69%,0.5535,79,✓ Yes,completed
5,320,320,03-02,+47.8%,+10.33%,0.5517,91,✓ Yes,completed
5,322,311,03-02,+50.0%,+48.95%,0.7447,58,✗ No,budget_exceeded
5,322,313,03-02,+50.0%,+35.57%,0.6778,63,✗ No,budget_exceeded
5,322,315,03-02,+49.1%,+10.77%,0.5538,69,✓ Yes,completed
5,322,316,03-02,+48.5%,+10.60%,0.5530,69,✓ Yes,completed
5,322,318,03-02,+47.8%,+10.39%,0.5519,72,✓ Yes,completed
5,322,320,03-02,+46.8%,+10.31%,0.5515,77,✓ Yes,completed
5,322,322,03-02,+46.0%,+10.15%,0.5508,84,✓ Yes,completed
5,323,311,03-02,+50.0%,+30.83%,0.6542,57,✗ No,budget_exceeded
5,323,313,03-02,+49.6%,+10.84%,0.5542,59,✓ Yes,completed
5,323,315,03-02,+48.3%,+10.53%,0.5527,62,✓ Yes,completed
5,323,316,03-02,+47.7%,+10.40%,0.5520,62,✓ Yes,completed
5,323,318,03-02,+47.2%,+10.37%,0.5518,65,✓ Yes,completed
5,323,320,03-02,+46.1%,+10.20%,0.5510,68,✓ Yes,completed
5,323,321,03-02,+45.5%,+10.19%,0.5509,72,✓ Yes,completed
5,323,323,03-02,+45.0%,+10.14%,0.5507,77,✓ Yes,completed
5,325,311,03-02,+49.5%,+10.83%,0.5542,54,✓ Yes,completed
5,325,313,03-02,+48.9%,+10.76%,0.5538,56,✓ Yes,completed
5,325,315,03-02,+47.5%,+10.38%,0.5519,58,✓ Yes,completed
5,325,316,03-02,+46.9%,+10.37%,0.5519,58,✓ Yes,completed
5,325,318,03-02,+46.4%,+10.25%,0.5513,60,✓ Yes,completed
5,325,320,03-02,+45.5%,+10.21%,0.5511,62,✓ Yes,completed
5,325,321,03-02,+44.8%,+10.12%,0.5506,64,✓ Yes,completed
5,325,323,03-02,+44.3%,+9.98%,0.5499,67,✓ Yes,completed
5,325,325,03-02,+43.7%,+9.91%,0.5495,75,✓ Yes,completed
5,326,311,03-02,+49.3%,+10.80%,0.5540,54,✓ Yes,completed
5,326,313,03-02,+48.7%,+10.71%,0.5535,56,✓ Yes,completed
5,326,315,03-02,+47.3%,+10.37%,0.5519,57,✓ Yes,completed
5,326,316,03-02,+46.8%,+10.34%,0.5517,57,✓ Yes,completed
5,326,318,03-02,+46.4%,+10.24%,0.5512,59,✓ Yes,completed
5,326,320,03-02,+45.3%,+10.22%,0.5511,61,✓ Yes,completed
5,326,321,03-02,+44.6%,+10.05%,0.5502,63,✓ Yes,completed
5,326,323,03-02,+44.1%,+9.96%,0.5498,66,✓ Yes,completed
5,326,325,03-02,+43.4%,+9.90%,0.5495,71,✓ Yes,completed
5,326,326,03-02,+43.1%,+9.84%,0.5492,73,✓ Yes,completed
5,328,311,03-02,+48.9%,+10.75%,0.5537,53,✓ Yes,completed
5,328,313,03-02,+48.2%,+10.47%,0.5523,55,✓ Yes,completed
5,328,315,03-02,+46.8%,+10.33%,0.5516,56,✓ Yes,completed
5,328,316,03-02,+46.3%,+10.22%,0.5511,56,✓ Yes,completed
5,328,318,03-02,+45.7%,+10.20%,0.5510,58,✓ Yes,completed
5,328,320,03-02,+44.8%,+10.11%,0.5506,59,✓ Yes,completed
5,328,321,03-02,+44.1%,+9.97%,0.5499,61,✓ Yes,completed
5,328,323,03-02,+43.5%,+9.93%,0.5496,64,✓ Yes,completed
5,328,325,03-02,+42.9%,+9.79%,0.5489,67,✓ Yes,completed
5,328,326,03-02,+42.7%,+9.71%,0.5485,68,✓ Yes,completed
5,328,328,03-02,+42.1%,+9.60%,0.5480,78,✓ Yes,completed
5,330,311,03-02,+47.8%,+10.39%,0.5519,51,✓ Yes,completed
5,330,313,03-02,+47.1%,+10.34%,0.5517,53,✓ Yes,completed
5,330,314,03-02,+45.7%,+10.18%,0.5509,54,✓ Yes,completed
5,330,316,03-02,+45.3%,+10.21%,0.5510,54,✓ Yes,completed
5,330,317,03-02,+44.8%,+10.13%,0.5506,54,✓ Yes,completed
5,330,319,03-02,+44.1%,+9.96%,0.5498,56,✓ Yes,completed
5,330,320,03-02,+43.5%,+9.94%,0.5497,56,✓ Yes,completed
5,330,322,03-02,+42.7%,+9.75%,0.5488,58,✓ Yes,completed
5,330,324,03-02,+42.3%,+9.66%,0.5483,61,✓ Yes,completed
5,330,325,03-02,+42.0%,+9.64%,0.5482,63,✓ Yes,completed
5,330,327,03-02,+41.7%,+9.64%,0.5482,64,✓ Yes,completed
5,330,328,03-02,+41.4%,+9.61%,0.5481,70,✓ Yes,completed
5,330,330,03-02,+40.9%,+9.43%,0.5471,80,✓ Yes,completed
5,331,311,03-02,+46.9%,+10.32%,0.5516,49,✓ Yes,completed
5,331,313,03-02,+46.2%,+10.18%,0.5509,51,✓ Yes,completed
5,331,314,03-02,+44.9%,+10.13%,0.5507,52,✓ Yes,completed
5,331,316,03-02,+44.5%,+10.01%,0.5500,52,✓ Yes,completed
5,331,317,03-02,+44.1%,+9.95%,0.5498,52,✓ Yes,completed
5,331,319,03-02,+43.3%,+9.92%,0.5496,52,✓ Yes,completed
5,331,320,03-02,+42.8%,+9.78%,0.5489,52,✓ Yes,completed
5,331,322,03-02,+42.0%,+9.66%,0.5483,54,✓ Yes,completed
5,331,324,03-02,+41.7%,+9.66%,0.5483,57,✓ Yes,completed
5,331,325,03-02,+41.3%,+9.63%,0.5482,58,✓ Yes,completed
5,331,327,03-02,+41.1%,+9.56%,0.5478,59,✓ Yes,completed
5,331,328,03-02,+40.8%,+9.46%,0.5473,63,✓ Yes,completed
5,331,330,03-02,+40.4%,+9.39%,0.5470,70,✓ Yes,completed
5,331,331,03-02,+40.0%,+9.34%,0.5467,74,✓ Yes,completed
5,317,311,03-03,+50.0%,+51.04%,0.7552,66,✗ No,budget_exceeded
5,317,313,03-03,+50.0%,+49.42%,0.7471,69,✗ No,budget_exceeded
5,317,315,03-03,+50.0%,+32.41%,0.6621,83,✗ No,budget_exceeded
5,317,317,03-03,+49.6%,+10.84%,0.5542,96,✓ Yes,completed
5,318,311,03-03,+50.0%,+49.49%,0.7474,64,✗ No,budget_exceeded
5,318,313,03-03,+50.0%,+35.52%,0.6776,69,✗ No,budget_exceeded
5,318,315,03-03,+49.5%,+10.88%,0.5544,77,✓ Yes,completed
5,318,317,03-03,+48.7%,+10.79%,0.5539,83,✓ Yes,completed
5,318,318,03-03,+47.9%,+10.52%,0.5526,90,✓ Yes,completed
5,320,311,03-03,+50.0%,+41.85%,0.7092,62,✗ No,budget_exceeded
5,320,313,03-03,+50.0%,+32.31%,0.6615,67,✗ No,budget_exceeded
5,320,315,03-03,+49.1%,+10.87%,0.5543,71,✓ Yes,completed
5,320,316,03-03,+48.4%,+10.70%,0.5535,73,✓ Yes,completed
5,320,318,03-03,+47.5%,+10.50%,0.5525,78,✓ Yes,completed
5,320,320,03-03,+46.6%,+10.21%,0.5510,90,✓ Yes,completed
5,322,311,03-03,+49.8%,+10.92%,0.5546,62,✓ Yes,completed
5,322,313,03-03,+49.1%,+10.87%,0.5544,64,✓ Yes,completed
5,322,315,03-03,+47.9%,+10.57%,0.5529,68,✓ Yes,completed
5,322,316,03-03,+47.3%,+10.49%,0.5524,68,✓ Yes,completed
5,322,318,03-03,+46.6%,+10.27%,0.5514,71,✓ Yes,completed
5,322,320,03-03,+45.6%,+10.05%,0.5503,76,✓ Yes,completed
5,322,322,03-03,+44.8%,+9.96%,0.5498,83,✓ Yes,completed
5,323,311,03-03,+48.9%,+10.88%,0.5544,56,✓ Yes,completed
5,323,313,03-03,+48.3%,+10.70%,0.5535,58,✓ Yes,completed
5,323,315,03-03,+47.1%,+10.48%,0.5524,61,✓ Yes,completed
5,323,316,03-03,+46.5%,+10.27%,0.5514,61,✓ Yes,completed
5,323,318,03-03,+46.0%,+10.12%,0.5506,64,✓ Yes,completed
5,323,320,03-03,+44.9%,+10.03%,0.5502,67,✓ Yes,completed
5,323,321,03-03,+44.3%,+9.90%,0.5495,71,✓ Yes,completed
5,323,323,03-03,+43.8%,+9.88%,0.5494,76,✓ Yes,completed
5,325,311,03-03,+48.3%,+10.67%,0.5534,53,✓ Yes,completed
5,325,313,03-03,+47.7%,+10.56%,0.5528,55,✓ Yes,completed
5,325,315,03-03,+46.2%,+10.17%,0.5508,57,✓ Yes,completed
5,325,316,03-03,+45.7%,+10.11%,0.5505,57,✓ Yes,completed
5,325,318,03-03,+45.2%,+10.09%,0.5505,59,✓ Yes,completed
5,325,320,03-03,+44.3%,+9.92%,0.5496,61,✓ Yes,completed
5,325,321,03-03,+43.6%,+9.92%,0.5496,63,✓ Yes,completed
5,325,323,03-03,+43.1%,+9.88%,0.5494,66,✓ Yes,completed
5,325,325,03-03,+42.5%,+9.67%,0.5484,74,✓ Yes,completed
5,326,311,03-03,+48.1%,+10.61%,0.5531,53,✓ Yes,completed
5,326,313,03-03,+47.5%,+10.52%,0.5526,55,✓ Yes,completed
5,326,315,03-03,+46.1%,+10.14%,0.5507,56,✓ Yes,completed
5,326,316,03-03,+45.6%,+10.09%,0.5505,56,✓ Yes,completed
5,326,318,03-03,+45.1%,+10.09%,0.5504,58,✓ Yes,completed
5,326,320,03-03,+44.1%,+9.92%,0.5496,60,✓ Yes,completed
5,326,321,03-03,+43.4%,+9.93%,0.5496,62,✓ Yes,completed
5,326,323,03-03,+42.9%,+9.79%,0.5490,65,✓ Yes,completed
5,326,325,03-03,+42.2%,+9.64%,0.5482,70,✓ Yes,completed
5,326,326,03-03,+41.9%,+9.61%,0.5481,72,✓ Yes,completed
5,328,311,03-03,+47.6%,+10.55%,0.5527,52,✓ Yes,completed
5,328,313,03-03,+47.0%,+10.45%,0.5523,54,✓ Yes,completed
5,328,315,03-03,+45.6%,+10.08%,0.5504,55,✓ Yes,completed
5,328,316,03-03,+45.1%,+10.08%,0.5504,55,✓ Yes,completed
5,328,318,03-03,+44.5%,+9.95%,0.5497,57,✓ Yes,completed
5,328,320,03-03,+43.6%,+9.92%,0.5496,58,✓ Yes,completed
5,328,321,03-03,+42.9%,+9.83%,0.5491,60,✓ Yes,completed
5,328,323,03-03,+42.3%,+9.67%,0.5484,63,✓ Yes,completed
5,328,325,03-03,+41.7%,+9.62%,0.5481,66,✓ Yes,completed
5,328,326,03-03,+41.5%,+9.61%,0.5480,67,✓ Yes,completed
5,328,328,03-03,+40.9%,+9.41%,0.5471,77,✓ Yes,completed
5,330,311,03-03,+46.6%,+10.29%,0.5515,50,✓ Yes,completed
5,330,313,03-03,+45.9%,+10.09%,0.5505,52,✓ Yes,completed
5,330,314,03-03,+44.6%,+9.93%,0.5497,53,✓ Yes,completed
5,330,316,03-03,+44.1%,+9.91%,0.5495,53,✓ Yes,completed
5,330,317,03-03,+43.7%,+9.91%,0.5495,53,✓ Yes,completed
5,330,319,03-03,+42.9%,+9.81%,0.5490,55,✓ Yes,completed
5,330,320,03-03,+42.4%,+9.69%,0.5484,55,✓ Yes,completed
5,330,322,03-03,+41.6%,+9.64%,0.5482,57,✓ Yes,completed
5,330,324,03-03,+41.2%,+9.53%,0.5477,60,✓ Yes,completed
5,330,325,03-03,+40.8%,+9.41%,0.5471,62,✓ Yes,completed
5,330,327,03-03,+40.6%,+9.37%,0.5468,63,✓ Yes,completed
5,330,328,03-03,+40.2%,+9.32%,0.5466,69,✓ Yes,completed
5,330,330,03-03,+39.7%,+9.30%,0.5465,79,✓ Yes,completed
5,331,311,03-03,+45.7%,+10.06%,0.5503,48,✓ Yes,completed
5,331,313,03-03,+45.0%,+10.03%,0.5502,50,✓ Yes,completed
5,331,314,03-03,+43.7%,+9.89%,0.5494,51,✓ Yes,completed
5,331,316,03-03,+43.3%,+9.91%,0.5495,51,✓ Yes,completed
5,331,317,03-03,+42.9%,+9.79%,0.5490,51,✓ Yes,completed
5,331,319,03-03,+42.2%,+9.66%,0.5483,51,✓ Yes,completed
5,331,320,03-03,+41.7%,+9.64%,0.5482,51,✓ Yes,completed
5,331,322,03-03,+40.9%,+9.45%,0.5473,53,✓ Yes,completed
5,331,324,03-03,+40.5%,+9.37%,0.5469,56,✓ Yes,completed
5,331,325,03-03,+40.2%,+9.35%,0.5467,57,✓ Yes,completed
5,331,327,03-03,+40.0%,+9.35%,0.5468,58,✓ Yes,completed
5,331,328,03-03,+39.7%,+9.35%,0.5467,62,✓ Yes,completed
5,331,330,03-03,+39.3%,+9.23%,0.5462,69,✓ Yes,completed
5,331,331,03-03,+38.9%,+9.10%,0.5455,73,✓ Yes,completed
6,321,315,02-27,+50.0%,+66.45%,0.8323,57,✗ No,budget_exceeded
6,321,315,02-27,+50.0%,+63.39%,0.8170,59,✗ No,budget_exceeded
6,321,316,02-27,+50.0%,+57.42%,0.7871,60,✗ No,budget_exceeded
6,321,317,02-27,+50.0%,+54.32%,0.7716,61,✗ No,budget_exceeded
6,321,318,02-27,+50.0%,+54.05%,0.7703,61,✗ No,budget_exceeded
6,321,318,02-27,+50.0%,+52.49%,0.7624,64,✗ No,budget_exceeded
6,321,319,02-27,+50.0%,+51.09%,0.7555,66,✗ No,budget_exceeded
6,321,320,02-27,+50.0%,+50.72%,0.7536,67,✗ No,budget_exceeded
6,321,321,02-27,+50.0%,+50.34%,0.7517,69,✗ No,budget_exceeded
6,321,321,02-27,+50.0%,+45.83%,0.7292,77,✗ No,budget_exceeded
6,322,315,02-27,+50.0%,+63.35%,0.8167,55,✗ No,budget_exceeded
6,322,315,02-27,+50.0%,+54.15%,0.7708,56,✗ No,budget_exceeded
6,322,316,02-27,+50.0%,+52.66%,0.7633,57,✗ No,budget_exceeded
6,322,317,02-27,+50.0%,+52.52%,0.7626,57,✗ No,budget_exceeded
6,322,318,02-27,+50.0%,+51.11%,0.7556,58,✗ No,budget_exceeded
6,322,318,02-27,+50.0%,+50.86%,0.7543,59,✗ No,budget_exceeded
6,322,319,02-27,+50.0%,+50.74%,0.7537,60,✗ No,budget_exceeded
6,322,320,02-27,+50.0%,+50.38%,0.7519,63,✗ No,budget_exceeded
6,322,320,02-27,+50.0%,+45.89%,0.7294,65,✗ No,budget_exceeded
6,322,321,02-27,+50.0%,+44.84%,0.7242,70,✗ No,budget_exceeded
6,322,322,02-27,+50.0%,+44.22%,0.7211,75,✗ No,budget_exceeded
6,322,322,02-27,+50.0%,+35.75%,0.6787,78,✗ No,budget_exceeded
6,323,315,02-27,+50.0%,+54.23%,0.7712,56,✗ No,budget_exceeded
6,323,315,02-27,+50.0%,+52.65%,0.7632,57,✗ No,budget_exceeded
6,323,316,02-27,+50.0%,+51.23%,0.7561,58,✗ No,budget_exceeded
6,323,317,02-27,+50.0%,+51.09%,0.7555,58,✗ No,budget_exceeded
6,323,318,02-27,+50.0%,+50.92%,0.7546,58,✗ No,budget_exceeded
6,323,318,02-27,+50.0%,+50.66%,0.7533,59,✗ No,budget_exceeded
6,323,319,02-27,+50.0%,+50.54%,0.7527,60,✗ No,budget_exceeded
6,323,320,02-27,+50.0%,+45.06%,0.7253,66,✗ No,budget_exceeded
6,323,321,02-27,+50.0%,+44.84%,0.7242,66,✗ No,budget_exceeded
6,323,321,02-27,+50.0%,+35.78%,0.6789,71,✗ No,budget_exceeded
6,323,322,02-27,+50.0%,+26.26%,0.6313,76,✗ No,budget_exceeded
6,323,323,02-27,+49.8%,+10.98%,0.5549,78,✓ Yes,completed
6,323,323,02-27,+49.7%,+10.97%,0.5548,80,✓ Yes,completed
6,324,315,02-27,+50.0%,+52.67%,0.7634,56,✗ No,budget_exceeded
6,324,315,02-27,+50.0%,+51.16%,0.7558,57,✗ No,budget_exceeded
6,324,316,02-27,+50.0%,+50.97%,0.7549,57,✗ No,budget_exceeded
6,324,317,02-27,+50.0%,+50.84%,0.7542,57,✗ No,budget_exceeded
6,324,318,02-27,+50.0%,+50.66%,0.7533,57,✗ No,budget_exceeded
6,324,318,02-27,+50.0%,+50.42%,0.7521,59,✗ No,budget_exceeded
6,324,319,02-27,+50.0%,+46.37%,0.7319,61,✗ No,budget_exceeded
6,324,320,02-27,+50.0%,+44.89%,0.7244,63,✗ No,budget_exceeded
6,324,320,02-27,+50.0%,+44.63%,0.7232,63,✗ No,budget_exceeded
6,324,321,02-27,+50.0%,+26.28%,0.6314,68,✗ No,budget_exceeded
6,324,322,02-27,+49.8%,+11.01%,0.5550,69,✓ Yes,completed
6,324,322,02-27,+49.6%,+10.99%,0.5549,69,✓ Yes,completed
6,324,323,02-27,+49.5%,+10.97%,0.5548,71,✓ Yes,completed
6,324,324,02-27,+49.2%,+10.94%,0.5547,76,✓ Yes,completed
6,324,324,02-27,+49.0%,+10.93%,0.5547,77,✓ Yes,completed
6,325,315,02-27,+50.0%,+51.15%,0.7557,55,✗ No,budget_exceeded
6,325,315,02-27,+50.0%,+50.87%,0.7543,55,✗ No,budget_exceeded
6,325,316,02-27,+50.0%,+50.70%,0.7535,55,✗ No,budget_exceeded
6,325,317,02-27,+50.0%,+50.57%,0.7528,55,✗ No,budget_exceeded
6,325,318,02-27,+50.0%,+50.33%,0.7517,56,✗ No,budget_exceeded
6,325,318,02-27,+50.0%,+45.01%,0.7251,59,✗ No,budget_exceeded
6,325,319,02-27,+50.0%,+44.75%,0.7238,61,✗ No,budget_exceeded
6,325,320,02-27,+50.0%,+35.78%,0.6789,62,✗ No,budget_exceeded
6,325,320,02-27,+50.0%,+35.60%,0.6780,62,✗ No,budget_exceeded
6,325,321,02-27,+49.7%,+11.01%,0.5550,65,✓ Yes,completed
6,325,322,02-27,+49.4%,+10.97%,0.5549,66,✓ Yes,completed
6,325,323,02-27,+49.2%,+10.96%,0.5548,67,✓ Yes,completed
6,325,323,02-27,+49.1%,+10.96%,0.5548,68,✓ Yes,completed
6,325,324,02-27,+48.8%,+10.92%,0.5546,71,✓ Yes,completed
6,325,325,02-27,+48.4%,+10.81%,0.5540,75,✓ Yes,completed
6,325,325,02-27,+48.3%,+10.77%,0.5539,75,✓ Yes,completed
6,326,315,02-27,+50.0%,+51.01%,0.7550,55,✗ No,budget_exceeded
6,326,315,02-27,+50.0%,+50.73%,0.7536,55,✗ No,budget_exceeded
6,326,316,02-27,+50.0%,+50.56%,0.7528,55,✗ No,budget_exceeded
6,326,317,02-27,+50.0%,+50.39%,0.7519,56,✗ No,budget_exceeded
6,326,318,02-27,+50.0%,+50.33%,0.7516,56,✗ No,budget_exceeded
6,326,318,02-27,+50.0%,+44.95%,0.7248,59,✗ No,budget_exceeded
6,326,319,02-27,+50.0%,+44.73%,0.7237,60,✗ No,budget_exceeded
6,326,320,02-27,+50.0%,+35.70%,0.6785,62,✗ No,budget_exceeded
6,326,320,02-27,+49.9%,+11.04%,0.5552,63,✓ Yes,completed
6,326,321,02-27,+49.7%,+11.00%,0.5550,65,✓ Yes,completed
6,326,322,02-27,+49.3%,+10.97%,0.5548,66,✓ Yes,completed
6,326,322,02-27,+49.1%,+10.96%,0.5548,66,✓ Yes,completed
6,326,323,02-27,+48.9%,+10.95%,0.5548,68,✓ Yes,completed
6,326,324,02-27,+48.8%,+10.93%,0.5546,69,✓ Yes,completed
6,326,324,02-27,+48.5%,+10.84%,0.5542,71,✓ Yes,completed
6,326,325,02-27,+48.2%,+10.74%,0.5537,73,✓ Yes,completed
6,326,326,02-27,+48.0%,+10.69%,0.5535,74,✓ Yes,completed
6,326,326,02-27,+47.9%,+10.68%,0.5534,75,✓ Yes,completed
6,327,315,02-27,+50.0%,+50.71%,0.7536,54,✗ No,budget_exceeded
6,327,315,02-27,+50.0%,+50.47%,0.7524,54,✗ No,budget_exceeded
6,327,316,02-27,+50.0%,+50.31%,0.7515,54,✗ No,budget_exceeded
6,327,317,02-27,+50.0%,+44.89%,0.7244,57,✗ No,budget_exceeded
6,327,318,02-27,+50.0%,+44.69%,0.7235,57,✗ No,budget_exceeded
6,327,318,02-27,+50.0%,+44.44%,0.7222,58,✗ No,budget_exceeded
6,327,319,02-27,+50.0%,+35.74%,0.6787,60,✗ No,budget_exceeded
6,327,320,02-27,+49.9%,+11.03%,0.5551,61,✓ Yes,completed
6,327,320,02-27,+49.7%,+11.01%,0.5550,61,✓ Yes,completed
6,327,321,02-27,+49.3%,+10.97%,0.5549,63,✓ Yes,completed
6,327,322,02-27,+48.8%,+10.95%,0.5548,64,✓ Yes,completed
6,327,323,02-27,+48.6%,+10.90%,0.5545,65,✓ Yes,completed
6,327,323,02-27,+48.6%,+10.87%,0.5544,66,✓ Yes,completed
6,327,324,02-27,+48.2%,+10.76%,0.5538,68,✓ Yes,completed
6,327,325,02-27,+47.9%,+10.69%,0.5535,70,✓ Yes,completed
6,327,325,02-27,+47.7%,+10.69%,0.5534,70,✓ Yes,completed
6,327,326,02-27,+47.6%,+10.67%,0.5534,71,✓ Yes,completed
6,327,327,02-27,+47.4%,+10.66%,0.5533,74,✓ Yes,completed
6,327,327,02-27,+47.2%,+10.66%,0.5533,79,✓ Yes,completed
6,321,315,02-28,+50.0%,+52.61%,0.7631,63,✗ No,budget_exceeded
6,321,315,02-28,+50.0%,+52.33%,0.7617,63,✗ No,budget_exceeded
6,321,316,02-28,+50.0%,+52.13%,0.7606,63,✗ No,budget_exceeded
6,321,317,02-28,+50.0%,+48.06%,0.7403,65,✗ No,budget_exceeded
6,321,318,02-28,+50.0%,+46.67%,0.7334,67,✗ No,budget_exceeded
6,321,318,02-28,+50.0%,+46.39%,0.7320,68,✗ No,budget_exceeded
6,321,319,02-28,+50.0%,+46.21%,0.7311,70,✗ No,budget_exceeded
6,321,320,02-28,+50.0%,+37.39%,0.6870,76,✗ No,budget_exceeded
6,321,321,02-28,+50.0%,+27.94%,0.6397,79,✗ No,budget_exceeded
6,321,321,02-28,+49.7%,+11.01%,0.5550,86,✓ Yes,completed
6,322,315,02-28,+50.0%,+52.06%,0.7603,57,✗ No,budget_exceeded
6,322,315,02-28,+50.0%,+47.55%,0.7377,59,✗ No,budget_exceeded
6,322,316,02-28,+50.0%,+46.63%,0.7331,60,✗ No,budget_exceeded
6,322,317,02-28,+50.0%,+46.45%,0.7323,61,✗ No,budget_exceeded
6,322,318,02-28,+50.0%,+46.27%,0.7314,61,✗ No,budget_exceeded
6,322,318,02-28,+50.0%,+46.02%,0.7301,62,✗ No,budget_exceeded
6,322,319,02-28,+50.0%,+37.46%,0.6873,65,✗ No,budget_exceeded
6,322,320,02-28,+50.0%,+11.06%,0.5553,71,✓ Yes,completed
6,322,320,02-28,+49.7%,+11.05%,0.5552,71,✓ Yes,completed
6,322,321,02-28,+49.3%,+11.03%,0.5552,75,✓ Yes,completed
6,322,322,02-28,+49.0%,+11.03%,0.5552,79,✓ Yes,completed
6,322,322,02-28,+48.9%,+11.03%,0.5551,81,✓ Yes,completed
6,323,315,02-28,+50.0%,+47.99%,0.7400,58,✗ No,budget_exceeded
6,323,315,02-28,+50.0%,+46.60%,0.7330,60,✗ No,budget_exceeded
6,323,316,02-28,+50.0%,+46.43%,0.7321,60,✗ No,budget_exceeded
6,323,317,02-28,+50.0%,+46.25%,0.7313,61,✗ No,budget_exceeded
6,323,318,02-28,+50.0%,+46.08%,0.7304,61,✗ No,budget_exceeded
6,323,318,02-28,+50.0%,+45.82%,0.7291,62,✗ No,budget_exceeded
6,323,319,02-28,+50.0%,+11.07%,0.5553,68,✓ Yes,completed
6,323,320,02-28,+49.5%,+11.05%,0.5552,69,✓ Yes,completed
6,323,321,02-28,+49.3%,+11.05%,0.5552,69,✓ Yes,completed
6,323,321,02-28,+48.9%,+11.05%,0.5553,73,✓ Yes,completed
6,323,322,02-28,+48.6%,+10.98%,0.5549,75,✓ Yes,completed
6,323,323,02-28,+48.3%,+10.89%,0.5544,77,✓ Yes,completed
6,323,323,02-28,+48.3%,+10.87%,0.5543,79,✓ Yes,completed
6,324,315,02-28,+50.0%,+46.55%,0.7327,58,✗ No,budget_exceeded
6,324,315,02-28,+50.0%,+46.27%,0.7313,58,✗ No,budget_exceeded
6,324,316,02-28,+50.0%,+46.10%,0.7305,58,✗ No,budget_exceeded
6,324,317,02-28,+50.0%,+45.92%,0.7296,59,✗ No,budget_exceeded
6,324,318,02-28,+50.0%,+37.47%,0.6873,60,✗ No,budget_exceeded
6,324,318,02-28,+50.0%,+37.29%,0.6864,61,✗ No,budget_exceeded
6,324,319,02-28,+49.7%,+11.07%,0.5553,63,✓ Yes,completed
6,324,320,02-28,+49.2%,+11.06%,0.5553,64,✓ Yes,completed
6,324,320,02-28,+49.0%,+11.08%,0.5554,64,✓ Yes,completed
6,324,321,02-28,+48.6%,+11.00%,0.5550,67,✓ Yes,completed
6,324,322,02-28,+48.4%,+10.93%,0.5547,68,✓ Yes,completed
6,324,322,02-28,+48.1%,+10.86%,0.5543,68,✓ Yes,completed
6,324,323,02-28,+48.0%,+10.83%,0.5542,70,✓ Yes,completed
6,324,324,02-28,+47.7%,+10.79%,0.5540,75,✓ Yes,completed
6,324,324,02-28,+47.6%,+10.77%,0.5539,76,✓ Yes,completed
6,325,315,02-28,+50.0%,+46.23%,0.7312,56,✗ No,budget_exceeded
6,325,315,02-28,+50.0%,+45.96%,0.7298,56,✗ No,budget_exceeded
6,325,316,02-28,+50.0%,+37.53%,0.6876,57,✗ No,budget_exceeded
6,325,317,02-28,+50.0%,+37.35%,0.6868,58,✗ No,budget_exceeded
6,325,318,02-28,+50.0%,+37.18%,0.6859,58,✗ No,budget_exceeded
6,325,318,02-28,+49.8%,+11.07%,0.5554,60,✓ Yes,completed
6,325,319,02-28,+49.2%,+11.06%,0.5553,62,✓ Yes,completed
6,325,320,02-28,+48.8%,+11.07%,0.5553,62,✓ Yes,completed
6,325,320,02-28,+48.6%,+11.03%,0.5551,62,✓ Yes,completed
6,325,321,02-28,+48.2%,+10.90%,0.5545,64,✓ Yes,completed
6,325,322,02-28,+47.9%,+10.84%,0.5542,65,✓ Yes,completed
6,325,323,02-28,+47.7%,+10.82%,0.5541,66,✓ Yes,completed
6,325,323,02-28,+47.6%,+10.80%,0.5540,67,✓ Yes,completed
6,325,324,02-28,+47.3%,+10.78%,0.5539,70,✓ Yes,completed
6,325,325,02-28,+47.0%,+10.75%,0.5538,74,✓ Yes,completed
6,325,325,02-28,+46.9%,+10.73%,0.5536,74,✓ Yes,completed
6,326,315,02-28,+50.0%,+46.11%,0.7306,56,✗ No,budget_exceeded
6,326,315,02-28,+50.0%,+45.84%,0.7292,56,✗ No,budget_exceeded
6,326,316,02-28,+50.0%,+37.41%,0.6870,57,✗ No,budget_exceeded
6,326,317,02-28,+50.0%,+37.23%,0.6862,58,✗ No,budget_exceeded
6,326,318,02-28,+50.0%,+37.17%,0.6859,58,✗ No,budget_exceeded
6,326,318,02-28,+49.8%,+11.07%,0.5553,60,✓ Yes,completed
6,326,319,02-28,+49.2%,+11.06%,0.5553,61,✓ Yes,completed
6,326,320,02-28,+48.7%,+11.05%,0.5553,62,✓ Yes,completed
6,326,320,02-28,+48.5%,+10.98%,0.5549,62,✓ Yes,completed
6,326,321,02-28,+48.2%,+10.89%,0.5545,64,✓ Yes,completed
6,326,322,02-28,+47.9%,+10.83%,0.5542,65,✓ Yes,completed
6,326,322,02-28,+47.6%,+10.81%,0.5541,65,✓ Yes,completed
6,326,323,02-28,+47.5%,+10.79%,0.5540,67,✓ Yes,completed
6,326,324,02-28,+47.3%,+10.79%,0.5539,68,✓ Yes,completed
6,326,324,02-28,+47.1%,+10.77%,0.5538,70,✓ Yes,completed
6,326,325,02-28,+46.8%,+10.70%,0.5535,72,✓ Yes,completed
6,326,326,02-28,+46.6%,+10.63%,0.5532,73,✓ Yes,completed
6,326,326,02-28,+46.5%,+10.61%,0.5530,74,✓ Yes,completed
6,327,315,02-28,+50.0%,+37.52%,0.6876,56,✗ No,budget_exceeded
6,327,315,02-28,+50.0%,+37.28%,0.6864,56,✗ No,budget_exceeded
6,327,316,02-28,+50.0%,+27.90%,0.6395,57,✗ No,budget_exceeded
6,327,317,02-28,+49.7%,+11.07%,0.5553,58,✓ Yes,completed
6,327,318,02-28,+49.5%,+11.06%,0.5553,58,✓ Yes,completed
6,327,318,02-28,+49.3%,+11.06%,0.5553,59,✓ Yes,completed
6,327,319,02-28,+48.8%,+11.07%,0.5553,60,✓ Yes,completed
6,327,320,02-28,+48.5%,+10.97%,0.5549,60,✓ Yes,completed
6,327,320,02-28,+48.2%,+10.90%,0.5545,60,✓ Yes,completed
6,327,321,02-28,+47.8%,+10.84%,0.5542,62,✓ Yes,completed
6,327,322,02-28,+47.4%,+10.80%,0.5540,63,✓ Yes,completed
6,327,323,02-28,+47.2%,+10.79%,0.5540,64,✓ Yes,completed
6,327,323,02-28,+47.1%,+10.79%,0.5539,65,✓ Yes,completed
6,327,324,02-28,+46.8%,+10.72%,0.5536,67,✓ Yes,completed
6,327,325,02-28,+46.4%,+10.60%,0.5530,69,✓ Yes,completed
6,327,325,02-28,+46.3%,+10.56%,0.5528,69,✓ Yes,completed
6,327,326,02-28,+46.2%,+10.54%,0.5527,70,✓ Yes,completed
6,327,327,02-28,+46.0%,+10.51%,0.5525,73,✓ Yes,completed
6,327,327,02-28,+45.8%,+10.47%,0.5524,78,✓ Yes,completed
6,321,315,03-01,+50.0%,+46.33%,0.7316,67,✗ No,budget_exceeded
6,321,315,03-01,+50.0%,+38.83%,0.6941,68,✗ No,budget_exceeded
6,321,316,03-01,+50.0%,+38.62%,0.6931,68,✗ No,budget_exceeded
6,321,317,03-01,+50.0%,+29.30%,0.6465,72,✗ No,budget_exceeded
6,321,318,03-01,+49.7%,+10.82%,0.5541,73,✓ Yes,completed
6,321,318,03-01,+49.4%,+10.79%,0.5539,74,✓ Yes,completed
6,321,319,03-01,+49.1%,+10.77%,0.5538,77,✓ Yes,completed
6,321,320,03-01,+48.5%,+10.70%,0.5535,80,✓ Yes,completed
6,321,321,03-01,+48.2%,+10.63%,0.5531,80,✓ Yes,completed
6,321,321,03-01,+47.8%,+10.58%,0.5529,86,✓ Yes,completed
6,322,315,03-01,+50.0%,+29.37%,0.6469,64,✗ No,budget_exceeded
6,322,315,03-01,+49.9%,+10.86%,0.5543,64,✓ Yes,completed
6,322,316,03-01,+49.7%,+10.84%,0.5542,64,✓ Yes,completed
6,322,317,03-01,+49.4%,+10.81%,0.5541,65,✓ Yes,completed
6,322,318,03-01,+49.2%,+10.79%,0.5540,66,✓ Yes,completed
6,322,318,03-01,+48.9%,+10.80%,0.5540,67,✓ Yes,completed
6,322,319,03-01,+48.6%,+10.75%,0.5537,69,✓ Yes,completed
6,322,320,03-01,+48.1%,+10.64%,0.5532,71,✓ Yes,completed
6,322,320,03-01,+47.9%,+10.62%,0.5531,71,✓ Yes,completed
6,322,321,03-01,+47.5%,+10.61%,0.5530,75,✓ Yes,completed
6,322,322,03-01,+47.2%,+10.61%,0.5530,79,✓ Yes,completed
6,322,322,03-01,+47.0%,+10.60%,0.5530,81,✓ Yes,completed
6,323,315,03-01,+49.9%,+10.87%,0.5544,63,✓ Yes,completed
6,323,315,03-01,+49.6%,+10.83%,0.5542,63,✓ Yes,completed
6,323,316,03-01,+49.5%,+10.82%,0.5541,63,✓ Yes,completed
6,323,317,03-01,+49.2%,+10.80%,0.5540,64,✓ Yes,completed
6,323,318,03-01,+49.0%,+10.80%,0.5540,65,✓ Yes,completed
6,323,318,03-01,+48.7%,+10.77%,0.5539,66,✓ Yes,completed
6,323,319,03-01,+48.1%,+10.64%,0.5532,68,✓ Yes,completed
6,323,320,03-01,+47.6%,+10.62%,0.5531,69,✓ Yes,completed
6,323,321,03-01,+47.4%,+10.62%,0.5531,69,✓ Yes,completed
6,323,321,03-01,+47.0%,+10.63%,0.5531,73,✓ Yes,completed
6,323,322,03-01,+46.7%,+10.55%,0.5528,75,✓ Yes,completed
6,323,323,03-01,+46.5%,+10.46%,0.5523,77,✓ Yes,completed
6,323,323,03-01,+46.4%,+10.44%,0.5522,79,✓ Yes,completed
6,324,315,03-01,+49.4%,+10.81%,0.5541,60,✓ Yes,completed
6,324,315,03-01,+49.1%,+10.80%,0.5540,60,✓ Yes,completed
6,324,316,03-01,+49.0%,+10.81%,0.5540,60,✓ Yes,completed
6,324,317,03-01,+48.8%,+10.80%,0.5540,61,✓ Yes,completed
6,324,318,03-01,+48.6%,+10.75%,0.5538,61,✓ Yes,completed
6,324,318,03-01,+48.4%,+10.70%,0.5535,62,✓ Yes,completed
6,324,319,03-01,+47.8%,+10.64%,0.5532,63,✓ Yes,completed
6,324,320,03-01,+47.4%,+10.64%,0.5532,64,✓ Yes,completed
6,324,320,03-01,+47.1%,+10.65%,0.5533,64,✓ Yes,completed
6,324,321,03-01,+46.7%,+10.57%,0.5529,67,✓ Yes,completed
6,324,322,03-01,+46.5%,+10.51%,0.5525,68,✓ Yes,completed
6,324,322,03-01,+46.3%,+10.44%,0.5522,68,✓ Yes,completed
6,324,323,03-01,+46.1%,+10.41%,0.5520,70,✓ Yes,completed
6,324,324,03-01,+45.9%,+10.36%,0.5518,75,✓ Yes,completed
6,324,324,03-01,+45.7%,+10.35%,0.5517,76,✓ Yes,completed
6,325,315,03-01,+49.1%,+10.80%,0.5540,58,✓ Yes,completed
6,325,315,03-01,+48.8%,+10.80%,0.5540,58,✓ Yes,completed
6,325,316,03-01,+48.6%,+10.77%,0.5539,58,✓ Yes,completed
6,325,317,03-01,+48.4%,+10.72%,0.5536,59,✓ Yes,completed
6,325,318,03-01,+48.2%,+10.67%,0.5534,59,✓ Yes,completed
6,325,318,03-01,+48.0%,+10.65%,0.5532,60,✓ Yes,completed
6,325,319,03-01,+47.4%,+10.64%,0.5532,62,✓ Yes,completed
6,325,320,03-01,+47.0%,+10.64%,0.5532,62,✓ Yes,completed
6,325,320,03-01,+46.8%,+10.60%,0.5530,62,✓ Yes,completed
6,325,321,03-01,+46.4%,+10.47%,0.5524,64,✓ Yes,completed
6,325,322,03-01,+46.1%,+10.41%,0.5521,65,✓ Yes,completed
6,325,323,03-01,+45.9%,+10.39%,0.5520,66,✓ Yes,completed
6,325,323,03-01,+45.8%,+10.38%,0.5519,67,✓ Yes,completed
6,325,324,03-01,+45.5%,+10.35%,0.5518,70,✓ Yes,completed
6,325,325,03-01,+45.1%,+10.32%,0.5516,74,✓ Yes,completed
6,325,325,03-01,+45.0%,+10.30%,0.5515,74,✓ Yes,completed
6,326,315,03-01,+49.0%,+10.80%,0.5540,58,✓ Yes,completed
6,326,315,03-01,+48.7%,+10.78%,0.5539,58,✓ Yes,completed
6,326,316,03-01,+48.5%,+10.74%,0.5537,58,✓ Yes,completed
6,326,317,03-01,+48.3%,+10.69%,0.5535,59,✓ Yes,completed
6,326,318,03-01,+48.2%,+10.67%,0.5534,59,✓ Yes,completed
6,326,318,03-01,+47.9%,+10.64%,0.5532,60,✓ Yes,completed
6,326,319,03-01,+47.4%,+10.64%,0.5532,61,✓ Yes,completed
6,326,320,03-01,+46.9%,+10.63%,0.5531,62,✓ Yes,completed
6,326,320,03-01,+46.6%,+10.56%,0.5528,62,✓ Yes,completed
6,326,321,03-01,+46.4%,+10.47%,0.5523,64,✓ Yes,completed
6,326,322,03-01,+46.0%,+10.41%,0.5520,65,✓ Yes,completed
6,326,322,03-01,+45.8%,+10.38%,0.5519,65,✓ Yes,completed
6,326,323,03-01,+45.6%,+10.37%,0.5518,67,✓ Yes,completed
6,326,324,03-01,+45.5%,+10.36%,0.5518,68,✓ Yes,completed
6,326,324,03-01,+45.2%,+10.34%,0.5517,70,✓ Yes,completed
6,326,325,03-01,+44.9%,+10.27%,0.5514,72,✓ Yes,completed
6,326,326,03-01,+44.7%,+10.20%,0.5510,73,✓ Yes,completed
6,326,326,03-01,+44.7%,+10.18%,0.5509,74,✓ Yes,completed
6,327,315,03-01,+48.6%,+10.77%,0.5538,57,✓ Yes,completed
6,327,315,03-01,+48.4%,+10.71%,0.5535,57,✓ Yes,completed
6,327,316,03-01,+48.2%,+10.67%,0.5534,57,✓ Yes,completed
6,327,317,03-01,+47.9%,+10.64%,0.5532,58,✓ Yes,completed
6,327,318,03-01,+47.7%,+10.64%,0.5532,58,✓ Yes,completed
6,327,318,03-01,+47.4%,+10.64%,0.5532,59,✓ Yes,completed
6,327,319,03-01,+47.0%,+10.64%,0.5532,60,✓ Yes,completed
6,327,320,03-01,+46.6%,+10.55%,0.5527,60,✓ Yes,completed
6,327,320,03-01,+46.4%,+10.48%,0.5524,60,✓ Yes,completed
6,327,321,03-01,+46.0%,+10.41%,0.5521,62,✓ Yes,completed
6,327,322,03-01,+45.6%,+10.37%,0.5519,63,✓ Yes,completed
6,327,323,03-01,+45.4%,+10.37%,0.5518,64,✓ Yes,completed
6,327,323,03-01,+45.3%,+10.36%,0.5518,65,✓ Yes,completed
6,327,324,03-01,+44.9%,+10.29%,0.5514,67,✓ Yes,completed
6,327,325,03-01,+44.6%,+10.17%,0.5508,69,✓ Yes,completed
6,327,325,03-01,+44.5%,+10.13%,0.5507,69,✓ Yes,completed
6,327,326,03-01,+44.4%,+10.11%,0.5505,70,✓ Yes,completed
6,327,327,03-01,+44.2%,+10.08%,0.5504,73,✓ Yes,completed
6,327,327,03-01,+43.9%,+10.04%,0.5502,78,✓ Yes,completed
7,323,317,02-28,+50.0%,+46.29%,0.7315,61,✗ No,budget_exceeded
7,323,317,02-28,+50.0%,+46.25%,0.7313,61,✗ No,budget_exceeded
7,323,317,02-28,+50.0%,+46.23%,0.7312,61,✗ No,budget_exceeded
7,323,317,02-28,+50.0%,+46.19%,0.7310,61,✗ No,budget_exceeded
7,323,318,02-28,+50.0%,+46.00%,0.7300,62,✗ No,budget_exceeded
7,323,318,02-28,+50.0%,+45.90%,0.7295,62,✗ No,budget_exceeded
7,323,318,02-28,+50.0%,+45.82%,0.7291,62,✗ No,budget_exceeded
7,323,319,02-28,+50.0%,+37.21%,0.6861,63,✗ No,budget_exceeded
7,323,319,02-28,+50.0%,+27.93%,0.6397,67,✗ No,budget_exceeded
7,323,319,02-28,+49.8%,+11.05%,0.5553,68,✓ Yes,completed
7,323,320,02-28,+49.6%,+11.05%,0.5552,69,✓ Yes,completed
7,323,320,02-28,+49.5%,+11.05%,0.5552,69,✓ Yes,completed
7,323,320,02-28,+49.4%,+11.05%,0.5552,69,✓ Yes,completed
7,323,321,02-28,+49.3%,+11.05%,0.5552,69,✓ Yes,completed
7,323,321,02-28,+49.1%,+11.05%,0.5553,71,✓ Yes,completed
7,323,321,02-28,+48.9%,+11.05%,0.5553,72,✓ Yes,completed
7,323,321,02-28,+48.9%,+11.05%,0.5553,73,✓ Yes,completed
7,323,322,02-28,+48.6%,+10.98%,0.5549,75,✓ Yes,completed
7,323,322,02-28,+48.6%,+10.98%,0.5549,75,✓ Yes,completed
7,323,322,02-28,+48.5%,+10.94%,0.5547,75,✓ Yes,completed
7,323,323,02-28,+48.4%,+10.92%,0.5546,76,✓ Yes,completed
7,323,323,02-28,+48.3%,+10.89%,0.5544,77,✓ Yes,completed
7,323,323,02-28,+48.3%,+10.87%,0.5543,79,✓ Yes,completed
7,324,317,02-28,+50.0%,+45.96%,0.7298,59,✗ No,budget_exceeded
7,324,317,02-28,+50.0%,+45.92%,0.7296,59,✗ No,budget_exceeded
7,324,317,02-28,+50.0%,+45.90%,0.7295,59,✗ No,budget_exceeded
7,324,317,02-28,+50.0%,+45.86%,0.7293,59,✗ No,budget_exceeded
7,324,318,02-28,+50.0%,+37.39%,0.6869,61,✗ No,budget_exceeded
7,324,318,02-28,+50.0%,+37.29%,0.6864,61,✗ No,budget_exceeded
7,324,318,02-28,+50.0%,+37.21%,0.6861,61,✗ No,budget_exceeded
7,324,319,02-28,+49.8%,+11.07%,0.5553,62,✓ Yes,completed
7,324,319,02-28,+49.6%,+11.06%,0.5553,64,✓ Yes,completed
7,324,319,02-28,+49.4%,+11.06%,0.5553,64,✓ Yes,completed
7,324,320,02-28,+49.2%,+11.06%,0.5553,64,✓ Yes,completed
7,324,320,02-28,+49.2%,+11.07%,0.5553,64,✓ Yes,completed
7,324,320,02-28,+49.0%,+11.08%,0.5554,64,✓ Yes,completed
7,324,321,02-28,+49.0%,+11.08%,0.5554,64,✓ Yes,completed
7,324,321,02-28,+48.7%,+11.04%,0.5552,66,✓ Yes,completed
7,324,321,02-28,+48.6%,+11.00%,0.5550,67,✓ Yes,completed
7,324,322,02-28,+48.5%,+10.98%,0.5549,67,✓ Yes,completed
7,324,322,02-28,+48.3%,+10.90%,0.5545,68,✓ Yes,completed
7,324,322,02-28,+48.2%,+10.89%,0.5545,68,✓ Yes,completed
7,324,322,02-28,+48.1%,+10.86%,0.5543,68,✓ Yes,completed
7,324,323,02-28,+48.1%,+10.85%,0.5542,69,✓ Yes,completed
7,324,323,02-28,+48.0%,+10.83%,0.5542,70,✓ Yes,completed
7,324,323,02-28,+47.9%,+10.83%,0.5541,70,✓ Yes,completed
7,324,324,02-28,+47.8%,+10.81%,0.5541,72,✓ Yes,completed
7,324,324,02-28,+47.7%,+10.79%,0.5540,75,✓ Yes,completed
7,324,324,02-28,+47.6%,+10.77%,0.5539,76,✓ Yes,completed
7,325,317,02-28,+50.0%,+37.39%,0.6870,58,✗ No,budget_exceeded
7,325,317,02-28,+50.0%,+37.35%,0.6868,58,✗ No,budget_exceeded
7,325,317,02-28,+50.0%,+37.33%,0.6867,58,✗ No,budget_exceeded
7,325,317,02-28,+50.0%,+37.29%,0.6865,58,✗ No,budget_exceeded
7,325,318,02-28,+50.0%,+11.08%,0.5554,60,✓ Yes,completed
7,325,318,02-28,+49.9%,+11.07%,0.5554,60,✓ Yes,completed
7,325,318,02-28,+49.8%,+11.07%,0.5554,60,✓ Yes,completed
7,325,319,02-28,+49.5%,+11.07%,0.5553,60,✓ Yes,completed
7,325,319,02-28,+49.2%,+11.06%,0.5553,62,✓ Yes,completed
7,325,319,02-28,+49.1%,+11.07%,0.5554,62,✓ Yes,completed
7,325,320,02-28,+48.9%,+11.08%,0.5554,62,✓ Yes,completed
7,325,320,02-28,+48.8%,+11.07%,0.5553,62,✓ Yes,completed
7,325,320,02-28,+48.6%,+11.03%,0.5551,62,✓ Yes,completed
7,325,321,02-28,+48.6%,+11.01%,0.5551,62,✓ Yes,completed
7,325,321,02-28,+48.4%,+10.94%,0.5547,64,✓ Yes,completed
7,325,321,02-28,+48.2%,+10.90%,0.5545,64,✓ Yes,completed
7,325,322,02-28,+48.0%,+10.85%,0.5542,65,✓ Yes,completed
7,325,322,02-28,+47.9%,+10.84%,0.5542,65,✓ Yes,completed
7,325,322,02-28,+47.9%,+10.84%,0.5542,65,✓ Yes,completed
7,325,322,02-28,+47.8%,+10.83%,0.5541,65,✓ Yes,completed
7,325,323,02-28,+47.6%,+10.81%,0.5540,67,✓ Yes,completed
7,325,323,02-28,+47.6%,+10.81%,0.5540,67,✓ Yes,completed
7,325,323,02-28,+47.6%,+10.80%,0.5540,67,✓ Yes,completed
7,325,324,02-28,+47.5%,+10.79%,0.5540,68,✓ Yes,completed
7,325,324,02-28,+47.3%,+10.78%,0.5539,70,✓ Yes,completed
7,325,324,02-28,+47.2%,+10.78%,0.5539,71,✓ Yes,completed
7,325,325,02-28,+47.0%,+10.75%,0.5538,74,✓ Yes,completed
7,325,325,02-28,+47.0%,+10.75%,0.5538,74,✓ Yes,completed
7,325,325,02-28,+46.9%,+10.73%,0.5536,74,✓ Yes,completed
7,323,317,03-01,+49.3%,+10.80%,0.5540,64,✓ Yes,completed
7,323,317,03-01,+49.2%,+10.80%,0.5540,64,✓ Yes,completed
7,323,317,03-01,+49.1%,+10.79%,0.5540,65,✓ Yes,completed
7,323,317,03-01,+49.1%,+10.79%,0.5540,65,✓ Yes,completed
7,323,318,03-01,+48.9%,+10.79%,0.5540,66,✓ Yes,completed
7,323,318,03-01,+48.8%,+10.79%,0.5539,66,✓ Yes,completed
7,323,318,03-01,+48.7%,+10.77%,0.5539,66,✓ Yes,completed
7,323,319,03-01,+48.4%,+10.69%,0.5535,66,✓ Yes,completed
7,323,319,03-01,+48.2%,+10.66%,0.5533,67,✓ Yes,completed
7,323,319,03-01,+48.0%,+10.63%,0.5531,68,✓ Yes,completed
7,323,320,03-01,+47.7%,+10.62%,0.5531,69,✓ Yes,completed
7,323,320,03-01,+47.6%,+10.62%,0.5531,69,✓ Yes,completed
7,323,320,03-01,+47.5%,+10.62%,0.5531,69,✓ Yes,completed
7,323,321,03-01,+47.4%,+10.62%,0.5531,69,✓ Yes,completed
7,323,321,03-01,+47.2%,+10.63%,0.5531,71,✓ Yes,completed
7,323,321,03-01,+47.1%,+10.63%,0.5532,72,✓ Yes,completed
7,323,321,03-01,+47.0%,+10.63%,0.5531,73,✓ Yes,completed
7,323,322,03-01,+46.7%,+10.56%,0.5528,75,✓ Yes,completed
7,323,322,03-01,+46.7%,+10.55%,0.5528,75,✓ Yes,completed
7,323,322,03-01,+46.6%,+10.51%,0.5526,75,✓ Yes,completed
7,323,323,03-01,+46.6%,+10.49%,0.5525,76,✓ Yes,completed
7,323,323,03-01,+46.5%,+10.46%,0.5523,77,✓ Yes,completed
7,323,323,03-01,+46.4%,+10.44%,0.5522,79,✓ Yes,completed
7,324,317,03-01,+48.8%,+10.80%,0.5540,61,✓ Yes,completed
7,324,317,03-01,+48.8%,+10.80%,0.5540,61,✓ Yes,completed
7,324,317,03-01,+48.7%,+10.79%,0.5540,61,✓ Yes,completed
7,324,317,03-01,+48.7%,+10.78%,0.5539,61,✓ Yes,completed
7,324,318,03-01,+48.5%,+10.73%,0.5536,62,✓ Yes,completed
7,324,318,03-01,+48.4%,+10.70%,0.5535,62,✓ Yes,completed
7,324,318,03-01,+48.3%,+10.68%,0.5534,62,✓ Yes,completed
7,324,319,03-01,+48.0%,+10.64%,0.5532,62,✓ Yes,completed
7,324,319,03-01,+47.7%,+10.64%,0.5532,64,✓ Yes,completed
7,324,319,03-01,+47.6%,+10.63%,0.5532,64,✓ Yes,completed
7,324,320,03-01,+47.4%,+10.64%,0.5532,64,✓ Yes,completed
7,324,320,03-01,+47.3%,+10.64%,0.5532,64,✓ Yes,completed
7,324,320,03-01,+47.1%,+10.65%,0.5533,64,✓ Yes,completed
7,324,321,03-01,+47.1%,+10.65%,0.5533,64,✓ Yes,completed
7,324,321,03-01,+46.9%,+10.62%,0.5531,66,✓ Yes,completed
7,324,321,03-01,+46.7%,+10.57%,0.5529,67,✓ Yes,completed
7,324,322,03-01,+46.7%,+10.55%,0.5528,67,✓ Yes,completed
7,324,322,03-01,+46.4%,+10.47%,0.5524,68,✓ Yes,completed
7,324,322,03-01,+46.4%,+10.47%,0.5523,68,✓ Yes,completed
7,324,322,03-01,+46.3%,+10.44%,0.5522,68,✓ Yes,completed
7,324,323,03-01,+46.2%,+10.42%,0.5521,69,✓ Yes,completed
7,324,323,03-01,+46.1%,+10.41%,0.5520,70,✓ Yes,completed
7,324,323,03-01,+46.1%,+10.40%,0.5520,70,✓ Yes,completed
7,324,324,03-01,+46.0%,+10.39%,0.5519,72,✓ Yes,completed
7,324,324,03-01,+45.9%,+10.36%,0.5518,75,✓ Yes,completed
7,324,324,03-01,+45.7%,+10.35%,0.5517,76,✓ Yes,completed
7,325,317,03-01,+48.5%,+10.73%,0.5537,59,✓ Yes,completed
7,325,317,03-01,+48.4%,+10.72%,0.5536,59,✓ Yes,completed
7,325,317,03-01,+48.4%,+10.71%,0.5536,59,✓ Yes,completed
7,325,317,03-01,+48.4%,+10.70%,0.5535,59,✓ Yes,completed
7,325,318,03-01,+48.1%,+10.66%,0.5533,60,✓ Yes,completed
7,325,318,03-01,+48.1%,+10.65%,0.5532,60,✓ Yes,completed
7,325,318,03-01,+48.0%,+10.65%,0.5532,60,✓ Yes,completed
7,325,319,03-01,+47.6%,+10.64%,0.5532,60,✓ Yes,completed
7,325,319,03-01,+47.4%,+10.64%,0.5532,62,✓ Yes,completed
7,325,319,03-01,+47.2%,+10.65%,0.5532,62,✓ Yes,completed
7,325,320,03-01,+47.0%,+10.65%,0.5533,62,✓ Yes,completed
7,325,320,03-01,+47.0%,+10.64%,0.5532,62,✓ Yes,completed
7,325,320,03-01,+46.8%,+10.60%,0.5530,62,✓ Yes,completed
7,325,321,03-01,+46.7%,+10.59%,0.5529,62,✓ Yes,completed
7,325,321,03-01,+46.5%,+10.51%,0.5525,64,✓ Yes,completed
7,325,321,03-01,+46.4%,+10.47%,0.5524,64,✓ Yes,completed
7,325,322,03-01,+46.2%,+10.42%,0.5521,65,✓ Yes,completed
7,325,322,03-01,+46.1%,+10.41%,0.5521,65,✓ Yes,completed
7,325,322,03-01,+46.1%,+10.41%,0.5521,65,✓ Yes,completed
7,325,322,03-01,+45.9%,+10.40%,0.5520,65,✓ Yes,completed
7,325,323,03-01,+45.8%,+10.38%,0.5519,67,✓ Yes,completed
7,325,323,03-01,+45.8%,+10.38%,0.5519,67,✓ Yes,completed
7,325,323,03-01,+45.8%,+10.38%,0.5519,67,✓ Yes,completed
7,325,324,03-01,+45.6%,+10.36%,0.5518,68,✓ Yes,completed
7,325,324,03-01,+45.5%,+10.35%,0.5518,70,✓ Yes,completed
7,325,324,03-01,+45.4%,+10.35%,0.5517,71,✓ Yes,completed
7,325,325,03-01,+45.2%,+10.33%,0.5516,74,✓ Yes,completed
7,325,325,03-01,+45.1%,+10.32%,0.5516,74,✓ Yes,completed
7,325,325,03-01,+45.0%,+10.30%,0.5515,74,✓ Yes,completed
8,325,317,02-28,+50.0%,+37.52%,0.6876,60,✗ No,budget_exceeded
8,325,317,02-28,+50.0%,+37.49%,0.6874,60,✗ No,budget_exceeded
8,325,318,02-28,+50.0%,+37.37%,0.6868,60,✗ No,budget_exceeded
8,325,318,02-28,+50.0%,+37.19%,0.6860,61,✗ No,budget_exceeded
8,325,318,02-28,+50.0%,+11.08%,0.5554,62,✓ Yes,completed
8,325,319,02-28,+49.7%,+11.07%,0.5553,62,✓ Yes,completed
8,325,319,02-28,+49.6%,+11.06%,0.5553,63,✓ Yes,completed
8,325,319,02-28,+49.3%,+11.06%,0.5553,64,✓ Yes,completed
8,325,320,02-28,+49.1%,+11.07%,0.5553,64,✓ Yes,completed
8,325,320,02-28,+49.0%,+11.07%,0.5554,64,✓ Yes,completed
8,325,320,02-28,+48.9%,+11.07%,0.5554,64,✓ Yes,completed
8,325,321,02-28,+48.8%,+11.07%,0.5553,64,✓ Yes,completed
8,325,321,02-28,+48.6%,+11.01%,0.5550,66,✓ Yes,completed
8,325,321,02-28,+48.5%,+10.96%,0.5548,66,✓ Yes,completed
8,325,322,02-28,+48.4%,+10.94%,0.5547,66,✓ Yes,completed
8,325,322,02-28,+48.1%,+10.87%,0.5543,67,✓ Yes,completed
8,325,322,02-28,+48.1%,+10.87%,0.5543,67,✓ Yes,completed
8,325,322,02-28,+48.0%,+10.84%,0.5542,67,✓ Yes,completed
8,325,323,02-28,+48.0%,+10.83%,0.5542,68,✓ Yes,completed
8,325,323,02-28,+47.9%,+10.83%,0.5541,69,✓ Yes,completed
8,325,323,02-28,+47.8%,+10.82%,0.5541,69,✓ Yes,completed
8,325,324,02-28,+47.7%,+10.80%,0.5540,71,✓ Yes,completed
8,325,324,02-28,+47.6%,+10.79%,0.5539,73,✓ Yes,completed
8,325,324,02-28,+47.5%,+10.77%,0.5539,74,✓ Yes,completed
8,325,325,02-28,+47.3%,+10.76%,0.5538,77,✓ Yes,completed
8,326,317,02-28,+50.0%,+37.27%,0.6864,58,✗ No,budget_exceeded
8,326,317,02-28,+50.0%,+37.23%,0.6862,58,✗ No,budget_exceeded
8,326,318,02-28,+50.0%,+27.87%,0.6393,59,✗ No,budget_exceeded
8,326,318,02-28,+49.8%,+11.07%,0.5553,60,✓ Yes,completed
8,326,318,02-28,+49.7%,+11.07%,0.5554,60,✓ Yes,completed
8,326,319,02-28,+49.4%,+11.06%,0.5553,60,✓ Yes,completed
8,326,319,02-28,+49.2%,+11.07%,0.5553,62,✓ Yes,completed
8,326,319,02-28,+49.0%,+11.07%,0.5554,62,✓ Yes,completed
8,326,320,02-28,+48.8%,+11.07%,0.5553,62,✓ Yes,completed
8,326,320,02-28,+48.7%,+11.06%,0.5553,62,✓ Yes,completed
8,326,320,02-28,+48.6%,+11.01%,0.5550,62,✓ Yes,completed
8,326,321,02-28,+48.5%,+11.00%,0.5550,62,✓ Yes,completed
8,326,321,02-28,+48.3%,+10.92%,0.5546,64,✓ Yes,completed
8,326,321,02-28,+48.2%,+10.88%,0.5544,64,✓ Yes,completed
8,326,322,02-28,+48.0%,+10.84%,0.5542,65,✓ Yes,completed
8,326,322,02-28,+47.9%,+10.83%,0.5542,65,✓ Yes,completed
8,326,322,02-28,+47.8%,+10.83%,0.5542,65,✓ Yes,completed
8,326,322,02-28,+47.7%,+10.82%,0.5541,65,✓ Yes,completed
8,326,323,02-28,+47.6%,+10.80%,0.5540,67,✓ Yes,completed
8,326,323,02-28,+47.6%,+10.80%,0.5540,67,✓ Yes,completed
8,326,323,02-28,+47.5%,+10.80%,0.5540,67,✓ Yes,completed
8,326,324,02-28,+47.4%,+10.79%,0.5539,68,✓ Yes,completed
8,326,324,02-28,+47.3%,+10.78%,0.5539,70,✓ Yes,completed
8,326,324,02-28,+47.2%,+10.77%,0.5539,71,✓ Yes,completed
8,326,325,02-28,+46.9%,+10.74%,0.5537,73,✓ Yes,completed
8,326,325,02-28,+46.9%,+10.74%,0.5537,73,✓ Yes,completed
8,326,325,02-28,+46.8%,+10.71%,0.5535,73,✓ Yes,completed
8,326,326,02-28,+46.7%,+10.69%,0.5534,74,✓ Yes,completed
8,325,317,03-01,+48.6%,+10.76%,0.5538,61,✓ Yes,completed
8,325,317,03-01,+48.6%,+10.75%,0.5537,61,✓ Yes,completed
8,325,318,03-01,+48.4%,+10.71%,0.5536,61,✓ Yes,completed
8,325,318,03-01,+48.2%,+10.67%,0.5534,62,✓ Yes,completed
8,325,318,03-01,+48.1%,+10.66%,0.5533,62,✓ Yes,completed
8,325,319,03-01,+47.8%,+10.64%,0.5532,62,✓ Yes,completed
8,325,319,03-01,+47.7%,+10.64%,0.5532,63,✓ Yes,completed
8,325,319,03-01,+47.4%,+10.63%,0.5532,64,✓ Yes,completed
8,325,320,03-01,+47.3%,+10.64%,0.5532,64,✓ Yes,completed
8,325,320,03-01,+47.2%,+10.65%,0.5532,64,✓ Yes,completed
8,325,320,03-01,+47.1%,+10.65%,0.5533,64,✓ Yes,completed
8,325,321,03-01,+47.0%,+10.64%,0.5532,64,✓ Yes,completed
8,325,321,03-01,+46.7%,+10.58%,0.5529,66,✓ Yes,completed
8,325,321,03-01,+46.6%,+10.54%,0.5527,66,✓ Yes,completed
8,325,322,03-01,+46.6%,+10.52%,0.5526,66,✓ Yes,completed
8,325,322,03-01,+46.3%,+10.44%,0.5522,67,✓ Yes,completed
8,325,322,03-01,+46.3%,+10.44%,0.5522,67,✓ Yes,completed
8,325,322,03-01,+46.2%,+10.42%,0.5521,67,✓ Yes,completed
8,325,323,03-01,+46.1%,+10.41%,0.5520,68,✓ Yes,completed
8,325,323,03-01,+46.0%,+10.40%,0.5520,69,✓ Yes,completed
8,325,323,03-01,+46.0%,+10.40%,0.5520,69,✓ Yes,completed
8,325,324,03-01,+45.9%,+10.38%,0.5519,71,✓ Yes,completed
8,325,324,03-01,+45.8%,+10.36%,0.5518,73,✓ Yes,completed
8,325,324,03-01,+45.6%,+10.35%,0.5517,74,✓ Yes,completed
8,325,325,03-01,+45.4%,+10.33%,0.5517,77,✓ Yes,completed
8,326,317,03-01,+48.3%,+10.70%,0.5535,59,✓ Yes,completed
8,326,317,03-01,+48.3%,+10.69%,0.5534,59,✓ Yes,completed
8,326,318,03-01,+48.2%,+10.66%,0.5533,59,✓ Yes,completed
8,326,318,03-01,+48.0%,+10.64%,0.5532,60,✓ Yes,completed
8,326,318,03-01,+47.9%,+10.65%,0.5532,60,✓ Yes,completed
8,326,319,03-01,+47.6%,+10.64%,0.5532,60,✓ Yes,completed
8,326,319,03-01,+47.3%,+10.64%,0.5532,62,✓ Yes,completed
8,326,319,03-01,+47.2%,+10.65%,0.5533,62,✓ Yes,completed
8,326,320,03-01,+47.0%,+10.65%,0.5532,62,✓ Yes,completed
8,326,320,03-01,+46.9%,+10.63%,0.5532,62,✓ Yes,completed
8,326,320,03-01,+46.7%,+10.58%,0.5529,62,✓ Yes,completed
8,326,321,03-01,+46.7%,+10.57%,0.5529,62,✓ Yes,completed
8,326,321,03-01,+46.5%,+10.49%,0.5525,64,✓ Yes,completed
8,326,321,03-01,+46.3%,+10.45%,0.5523,64,✓ Yes,completed
8,326,322,03-01,+46.1%,+10.41%,0.5521,65,✓ Yes,completed
8,326,322,03-01,+46.0%,+10.41%,0.5520,65,✓ Yes,completed
8,326,322,03-01,+46.0%,+10.41%,0.5520,65,✓ Yes,completed
8,326,322,03-01,+45.9%,+10.39%,0.5520,65,✓ Yes,completed
8,326,323,03-01,+45.7%,+10.38%,0.5519,67,✓ Yes,completed
8,326,323,03-01,+45.7%,+10.38%,0.5519,67,✓ Yes,completed
8,326,323,03-01,+45.7%,+10.37%,0.5519,67,✓ Yes,completed
8,326,324,03-01,+45.6%,+10.36%,0.5518,68,✓ Yes,completed
8,326,324,03-01,+45.4%,+10.35%,0.5518,70,✓ Yes,completed
8,326,324,03-01,+45.3%,+10.35%,0.5517,71,✓ Yes,completed
8,326,325,03-01,+45.1%,+10.32%,0.5516,73,✓ Yes,completed
8,326,325,03-01,+45.1%,+10.31%,0.5516,73,✓ Yes,completed
8,326,325,03-01,+45.0%,+10.28%,0.5514,73,✓ Yes,completed
8,326,326,03-01,+44.9%,+10.26%,0.5513,74,✓ Yes,completed
9,325,317,02-28,+50.0%,+37.37%,0.6868,59,✗ No,budget_exceeded
9,325,318,02-28,+50.0%,+37.17%,0.6859,60,✗ No,budget_exceeded
9,325,318,02-28,+50.0%,+11.08%,0.5554,61,✓ Yes,completed
9,325,318,02-28,+49.9%,+11.07%,0.5554,61,✓ Yes,completed
9,325,319,02-28,+49.6%,+11.07%,0.5553,61,✓ Yes,completed
9,325,319,02-28,+49.3%,+11.06%,0.5553,63,✓ Yes,completed
9,325,319,02-28,+49.2%,+11.06%,0.5553,63,✓ Yes,completed
9,325,320,02-28,+49.0%,+11.08%,0.5554,63,✓ Yes,completed
9,325,320,02-28,+48.9%,+11.08%,0.5554,63,✓ Yes,completed
9,325,320,02-28,+48.7%,+11.06%,0.5553,63,✓ Yes,completed
9,325,321,02-28,+48.7%,+11.05%,0.5552,63,✓ Yes,completed
9,325,321,02-28,+48.5%,+10.97%,0.5549,65,✓ Yes,completed
9,325,321,02-28,+48.3%,+10.93%,0.5546,65,✓ Yes,completed
9,325,322,02-28,+48.1%,+10.87%,0.5544,66,✓ Yes,completed
9,325,322,02-28,+48.1%,+10.85%,0.5543,66,✓ Yes,completed
9,325,322,02-28,+48.0%,+10.85%,0.5542,66,✓ Yes,completed
9,325,322,02-28,+47.9%,+10.84%,0.5542,66,✓ Yes,completed
9,325,323,02-28,+47.8%,+10.82%,0.5541,68,✓ Yes,completed
9,325,323,02-28,+47.8%,+10.82%,0.5541,68,✓ Yes,completed
9,325,323,02-28,+47.7%,+10.81%,0.5541,68,✓ Yes,completed
9,325,324,02-28,+47.6%,+10.80%,0.5540,70,✓ Yes,completed
9,325,324,02-28,+47.5%,+10.78%,0.5539,72,✓ Yes,completed
9,325,324,02-28,+47.4%,+10.77%,0.5539,73,✓ Yes,completed
9,325,325,02-28,+47.2%,+10.76%,0.5538,76,✓ Yes,completed
9,325,325,02-28,+47.2%,+10.76%,0.5538,76,✓ Yes,completed
9,325,317,03-01,+48.4%,+10.72%,0.5536,60,✓ Yes,completed
9,325,318,03-01,+48.2%,+10.67%,0.5533,61,✓ Yes,completed
9,325,318,03-01,+48.1%,+10.66%,0.5533,61,✓ Yes,completed
9,325,318,03-01,+48.0%,+10.65%,0.5532,61,✓ Yes,completed
9,325,319,03-01,+47.7%,+10.64%,0.5532,61,✓ Yes,completed
9,325,319,03-01,+47.5%,+10.63%,0.5532,63,✓ Yes,completed
9,325,319,03-01,+47.3%,+10.64%,0.5532,63,✓ Yes,completed
9,325,320,03-01,+47.1%,+10.65%,0.5533,63,✓ Yes,completed
9,325,320,03-01,+47.1%,+10.65%,0.5533,63,✓ Yes,completed
9,325,320,03-01,+46.9%,+10.63%,0.5532,63,✓ Yes,completed
9,325,321,03-01,+46.9%,+10.62%,0.5531,63,✓ Yes,completed
9,325,321,03-01,+46.6%,+10.55%,0.5527,65,✓ Yes,completed
9,325,321,03-01,+46.5%,+10.50%,0.5525,65,✓ Yes,completed
9,325,322,03-01,+46.3%,+10.45%,0.5522,66,✓ Yes,completed
9,325,322,03-01,+46.2%,+10.43%,0.5521,66,✓ Yes,completed
9,325,322,03-01,+46.2%,+10.42%,0.5521,66,✓ Yes,completed
9,325,322,03-01,+46.1%,+10.41%,0.5521,66,✓ Yes,completed
9,325,323,03-01,+45.9%,+10.39%,0.5520,68,✓ Yes,completed
9,325,323,03-01,+45.9%,+10.39%,0.5520,68,✓ Yes,completed
9,325,323,03-01,+45.9%,+10.39%,0.5519,68,✓ Yes,completed
9,325,324,03-01,+45.8%,+10.37%,0.5519,70,✓ Yes,completed
9,325,324,03-01,+45.6%,+10.35%,0.5518,72,✓ Yes,completed
9,325,324,03-01,+45.6%,+10.35%,0.5517,73,✓ Yes,completed
9,325,325,03-01,+45.4%,+10.33%,0.5517,76,✓ Yes,completed
9,325,325,03-01,+45.3%,+10.33%,0.5517,76,✓ Yes,completed
