Iter,θ_p,θ_r,Start,Overhead %,CO₂ Save %,Score,Pauses,Budget,Stop
0,10,0,01-01,+50.0%,+95.78%,0.9789,1,✗ No,budget_exceeded
0,10,10,01-01,+50.0%,+95.78%,0.9789,1,✗ No,budget_exceeded
0,20,0,01-01,+50.0%,+95.78%,0.9789,1,✗ No,budget_exceeded
0,20,20,01-01,+50.0%,+66.52%,0.8326,29,✗ No,budget_exceeded
0,30,0,01-01,+50.0%,+95.68%,0.9784,1,✗ No,budget_exceeded
0,30,15,01-01,+50.0%,+95.68%,0.9784,1,✗ No,budget_exceeded
0,30,30,01-01,+3.8%,+2.10%,0.5105,14,✓ Yes,completed
0,40,0,01-01,+50.0%,+95.44%,0.9772,1,✗ No,budget_exceeded
0,40,13,01-01,+50.0%,+95.44%,0.9772,1,✗ No,budget_exceeded
0,40,27,01-01,+1.7%,+1.04%,0.5052,2,✓ Yes,completed
0,40,40,01-01,+0.4%,+0.34%,0.5017,2,✓ Yes,completed
0,50,0,01-01,+0.0%,+0.00%,0.5000,0,✓ Yes,completed
0,50,13,01-01,+0.0%,+0.00%,0.5000,0,✓ Yes,completed
0,50,25,01-01,+0.0%,+0.00%,0.5000,0,✓ Yes,completed
0,50,38,01-01,+0.0%,+0.00%,0.5000,0,✓ Yes,completed
0,50,50,01-01,+0.0%,+0.00%,0.5000,0,✓ Yes,completed
0,60,0,01-01,+0.0%,+0.00%,0.5000,0,✓ Yes,completed
0,60,12,01-01,+0.0%,+0.00%,0.5000,0,✓ Yes,completed
0,60,24,01-01,+0.0%,+0.00%,0.5000,0,✓ Yes,completed
0,60,36,01-01,+0.0%,+0.00%,0.5000,0,✓ Yes,completed
0,60,48,01-01,+0.0%,+0.00%,0.5000,0,✓ Yes,completed
0,60,60,01-01,+0.0%,+0.00%,0.5000,0,✓ Yes,completed
0,70,0,01-01,+0.0%,+0.00%,0.5000,0,✓ Yes,completed
0,70,12,01-01,+0.0%,+0.00%,0.5000,0,✓ Yes,completed
0,70,23,01-01,+0.0%,+0.00%,0.5000,0,✓ Yes,completed
0,70,35,01-01,+0.0%,+0.00%,0.5000,0,✓ Yes,completed
0,70,47,01-01,+0.0%,+0.00%,0.5000,0,✓ Yes,completed
0,70,58,01-01,+0.0%,+0.00%,0.5000,0,✓ Yes,completed
0,70,70,01-01,+0.0%,+0.00%,0.5000,0,✓ Yes,completed
0,80,0,01-01,+0.0%,+0.00%,0.5000,0,✓ Yes,completed
0,80,11,01-01,+0.0%,+0.00%,0.5000,0,✓ Yes,completed
0,80,23,01-01,+0.0%,+0.00%,0.5000,0,✓ Yes,completed
0,80,34,01-01,+0.0%,+0.00%,0.5000,0,✓ Yes,completed
0,80,46,01-01,+0.0%,+0.00%,0.5000,0,✓ Yes,completed
0,80,57,01-01,+0.0%,+0.00%,0.5000,0,✓ Yes,completed
0,80,69,01-01,+0.0%,+0.00%,0.5000,0,✓ Yes,completed
0,80,80,01-01,+0.0%,+0.00%,0.5000,0,✓ Yes,completed
0,90,0,01-01,+0.0%,+0.00%,0.5000,0,✓ Yes,completed
0,90,11,01-01,+0.0%,+0.00%,0.5000,0,✓ Yes,completed
0,90,23,01-01,+0.0%,+0.00%,0.5000,0,✓ Yes,completed
0,90,34,01-01,+0.0%,+0.00%,0.5000,0,✓ Yes,completed
0,90,45,01-01,+0.0%,+0.00%,0.5000,0,✓ Yes,completed
0,90,56,01-01,+0.0%,+0.00%,0.5000,0,✓ Yes,completed
0,90,68,01-01,+0.0%,+0.00%,0.5000,0,✓ Yes,completed
0,90,79,01-01,+0.0%,+0.00%,0.5000,0,✓ Yes,completed
0,90,90,01-01,+0.0%,+0.00%,0.5000,0,✓ Yes,completed
0,100,0,01-01,+0.0%,+0.00%,0.5000,0,✓ Yes,completed
0,100,11,01-01,+0.0%,+0.00%,0.5000,0,✓ Yes,completed
0,100,22,01-01,+0.0%,+0.00%,0.5000,0,✓ Yes,completed
0,100,33,01-01,+0.0%,+0.00%,0.5000,0,✓ Yes,completed
0,100,44,01-01,+0.0%,+0.00%,0.5000,0,✓ Yes,completed
0,100,56,01-01,+0.0%,+0.00%,0.5000,0,✓ Yes,completed
0,100,67,01-01,+0.0%,+0.00%,0.5000,0,✓ Yes,completed
0,100,78,01-01,+0.0%,+0.00%,0.5000,0,✓ Yes,completed
0,100,89,01-01,+0.0%,+0.00%,0.5000,0,✓ Yes,completed
0,100,100,01-01,+0.0%,+0.00%,0.5000,0,✓ Yes,completed
0,10,0,03-03,+50.0%,+95.72%,0.9786,1,✗ No,budget_exceeded
0,10,10,03-03,+50.0%,+95.72%,0.9786,1,✗ No,budget_exceeded
0,20,0,03-03,+50.0%,+92.47%,0.9624,1,✗ No,budget_exceeded
0,20,20,03-03,+50.0%,+65.16%,0.8258,36,✗ No,budget_exceeded
0,30,0,03-03,+50.0%,+86.44%,0.9322,1,✗ No,budget_exceeded
0,30,15,03-03,+50.0%,+86.44%,0.9322,1,✗ No,budget_exceeded
0,30,30,03-03,+14.5%,+7.25%,0.5362,39,✓ Yes,completed
0,40,0,03-03,+50.0%,+80.92%,0.9046,1,✗ No,budget_exceeded
0,40,13,03-03,+50.0%,+80.92%,0.9046,1,✗ No,budget_exceeded
0,40,27,03-03,+8.4%,+5.00%,0.5250,18,✓ Yes,completed
0,40,40,03-03,+5.8%,+4.22%,0.5211,19,✓ Yes,completed
0,50,0,03-03,+50.0%,+79.55%,0.8977,1,✗ No,budget_exceeded
0,50,13,03-03,+50.0%,+79.55%,0.8977,1,✗ No,budget_exceeded
0,50,25,03-03,+2.8%,+0.96%,0.5048,6,✓ Yes,completed
0,50,38,03-03,+1.0%,+0.57%,0.5028,5,✓ Yes,completed
0,50,50,03-03,+0.5%,+0.39%,0.5019,6,✓ Yes,completed
0,60,0,03-03,+0.0%,+0.00%,0.5000,0,✓ Yes,completed
0,60,12,03-03,+0.0%,+0.00%,0.5000,0,✓ Yes,completed
0,60,24,03-03,+0.0%,+0.00%,0.5000,0,✓ Yes,completed
0,60,36,03-03,+0.0%,+0.00%,0.5000,0,✓ Yes,completed
0,60,48,03-03,+0.0%,+0.00%,0.5000,0,✓ Yes,completed
0,60,60,03-03,+0.0%,+0.00%,0.5000,0,✓ Yes,completed
0,70,0,03-03,+0.0%,+0.00%,0.5000,0,✓ Yes,completed
0,70,12,03-03,+0.0%,+0.00%,0.5000,0,✓ Yes,completed
0,70,23,03-03,+0.0%,+0.00%,0.5000,0,✓ Yes,completed
0,70,35,03-03,+0.0%,+0.00%,0.5000,0,✓ Yes,completed
0,70,47,03-03,+0.0%,+0.00%,0.5000,0,✓ Yes,completed
0,70,58,03-03,+0.0%,+0.00%,0.5000,0,✓ Yes,completed
0,70,70,03-03,+0.0%,+0.00%,0.5000,0,✓ Yes,completed
0,80,0,03-03,+0.0%,+0.00%,0.5000,0,✓ Yes,completed
0,80,11,03-03,+0.0%,+0.00%,0.5000,0,✓ Yes,completed
0,80,23,03-03,+0.0%,+0.00%,0.5000,0,✓ Yes,completed
0,80,34,03-03,+0.0%,+0.00%,0.5000,0,✓ Yes,completed
0,80,46,03-03,+0.0%,+0.00%,0.5000,0,✓ Yes,completed
0,80,57,03-03,+0.0%,+0.00%,0.5000,0,✓ Yes,completed
0,80,69,03-03,+0.0%,+0.00%,0.5000,0,✓ Yes,completed
0,80,80,03-03,+0.0%,+0.00%,0.5000,0,✓ Yes,completed
0,90,0,03-03,+0.0%,+0.00%,0.5000,0,✓ Yes,completed
0,90,11,03-03,+0.0%,+0.00%,0.5000,0,✓ Yes,completed
0,90,23,03-03,+0.0%,+0.00%,0.5000,0,✓ Yes,completed
0,90,34,03-03,+0.0%,+0.00%,0.5000,0,✓ Yes,completed
0,90,45,03-03,+0.0%,+0.00%,0.5000,0,✓ Yes,completed
0,90,56,03-03,+0.0%,+0.00%,0.5000,0,✓ Yes,completed
0,90,68,03-03,+0.0%,+0.00%,0.5000,0,✓ Yes,completed
0,90,79,03-03,+0.0%,+0.00%,0.5000,0,✓ Yes,completed
0,90,90,03-03,+0.0%,+0.00%,0.5000,0,✓ Yes,completed
0,100,0,03-03,+0.0%,+0.00%,0.5000,0,✓ Yes,completed
0,100,11,03-03,+0.0%,+0.00%,0.5000,0,✓ Yes,completed
0,100,22,03-03,+0.0%,+0.00%,0.5000,0,✓ Yes,completed
0,100,33,03-03,+0.0%,+0.00%,0.5000,0,✓ Yes,completed
0,100,44,03-03,+0.0%,+0.00%,0.5000,0,✓ Yes,completed
0,100,56,03-03,+0.0%,+0.00%,0.5000,0,✓ Yes,completed
0,100,67,03-03,+0.0%,+0.00%,0.5000,0,✓ Yes,completed
0,100,78,03-03,+0.0%,+0.00%,0.5000,0,✓ Yes,completed
0,100,89,03-03,+0.0%,+0.00%,0.5000,0,✓ Yes,completed
0,100,100,03-03,+0.0%,+0.00%,0.5000,0,✓ Yes,completed
0,10,0,05-03,+50.0%,+95.40%,0.9770,1,✗ No,budget_exceeded
0,10,10,05-03,+50.0%,+95.40%,0.9770,1,✗ No,budget_exceeded
0,20,0,05-03,+50.0%,+95.33%,0.9767,1,✗ No,budget_exceeded
0,20,20,05-03,+50.0%,+48.84%,0.7442,57,✗ No,budget_exceeded
0,30,0,05-03,+50.0%,+94.56%,0.9728,1,✗ No,budget_exceeded
0,30,15,05-03,+50.0%,+94.56%,0.9728,1,✗ No,budget_exceeded
0,30,30,05-03,+13.3%,+10.05%,0.5502,36,✓ Yes,completed
0,40,0,05-03,+50.0%,+85.45%,0.9273,1,✗ No,budget_exceeded
0,40,13,05-03,+50.0%,+85.45%,0.9273,1,✗ No,budget_exceeded
0,40,27,05-03,+7.0%,+6.23%,0.5312,13,✓ Yes,completed
0,40,40,05-03,+4.4%,+4.67%,0.5234,15,✓ Yes,completed
0,50,0,05-03,+0.0%,+0.00%,0.5000,0,✓ Yes,completed
0,50,13,05-03,+0.0%,+0.00%,0.5000,0,✓ Yes,completed
0,50,25,05-03,+0.0%,+0.00%,0.5000,0,✓ Yes,completed
0,50,38,05-03,+0.0%,+0.00%,0.5000,0,✓ Yes,completed
0,50,50,05-03,+0.0%,+0.00%,0.5000,0,✓ Yes,completed
0,60,0,05-03,+0.0%,+0.00%,0.5000,0,✓ Yes,completed
0,60,12,05-03,+0.0%,+0.00%,0.5000,0,✓ Yes,completed
0,60,24,05-03,+0.0%,+0.00%,0.5000,0,✓ Yes,completed
0,60,36,05-03,+0.0%,+0.00%,0.5000,0,✓ Yes,completed
0,60,48,05-03,+0.0%,+0.00%,0.5000,0,✓ Yes,completed
0,60,60,05-03,+0.0%,+0.00%,0.5000,0,✓ Yes,completed
0,70,0,05-03,+0.0%,+0.00%,0.5000,0,✓ Yes,completed
0,70,12,05-03,+0.0%,+0.00%,0.5000,0,✓ Yes,completed
0,70,23,05-03,+0.0%,+0.00%,0.5000,0,✓ Yes,completed
0,70,35,05-03,+0.0%,+0.00%,0.5000,0,✓ Yes,completed
0,70,47,05-03,+0.0%,+0.00%,0.5000,0,✓ Yes,completed
0,70,58,05-03,+0.0%,+0.00%,0.5000,0,✓ Yes,completed
0,70,70,05-03,+0.0%,+0.00%,0.5000,0,✓ Yes,completed
0,80,0,05-03,+0.0%,+0.00%,0.5000,0,✓ Yes,completed
0,80,11,05-03,+0.0%,+0.00%,0.5000,0,✓ Yes,completed
0,80,23,05-03,+0.0%,+0.00%,0.5000,0,✓ Yes,completed
0,80,34,05-03,+0.0%,+0.00%,0.5000,0,✓ Yes,completed
0,80,46,05-03,+0.0%,+0.00%,0.5000,0,✓ Yes,completed
0,80,57,05-03,+0.0%,+0.00%,0.5000,0,✓ Yes,completed
0,80,69,05-03,+0.0%,+0.00%,0.5000,0,✓ Yes,completed
0,80,80,05-03,+0.0%,+0.00%,0.5000,0,✓ Yes,completed
0,90,0,05-03,+0.0%,+0.00%,0.5000,0,✓ Yes,completed
0,90,11,05-03,+0.0%,+0.00%,0.5000,0,✓ Yes,completed
0,90,23,05-03,+0.0%,+0.00%,0.5000,0,✓ Yes,completed
0,90,34,05-03,+0.0%,+0.00%,0.5000,0,✓ Yes,completed
0,90,45,05-03,+0.0%,+0.00%,0.5000,0,✓ Yes,completed
0,90,56,05-03,+0.0%,+0.00%,0.5000,0,✓ Yes,completed
0,90,68,05-03,+0.0%,+0.00%,0.5000,0,✓ Yes,completed
0,90,79,05-03,+0.0%,+0.00%,0.5000,0,✓ Yes,completed
0,90,90,05-03,+0.0%,+0.00%,0.5000,0,✓ Yes,completed
0,100,0,05-03,+0.0%,+0.00%,0.5000,0,✓ Yes,completed
0,100,11,05-03,+0.0%,+0.00%,0.5000,0,✓ Yes,completed
0,100,22,05-03,+0.0%,+0.00%,0.5000,0,✓ Yes,completed
0,100,33,05-03,+0.0%,+0.00%,0.5000,0,✓ Yes,completed
0,100,44,05-03,+0.0%,+0.00%,0.5000,0,✓ Yes,completed
0,100,56,05-03,+0.0%,+0.00%,0.5000,0,✓ Yes,completed
0,100,67,05-03,+0.0%,+0.00%,0.5000,0,✓ Yes,completed
0,100,78,05-03,+0.0%,+0.00%,0.5000,0,✓ Yes,completed
0,100,89,05-03,+0.0%,+0.00%,0.5000,0,✓ Yes,completed
0,100,100,05-03,+0.0%,+0.00%,0.5000,0,✓ Yes,completed
0,10,0,07-03,+50.0%,+96.04%,0.9802,1,✗ No,budget_exceeded
0,10,10,07-03,+50.0%,+96.04%,0.9802,1,✗ No,budget_exceeded
0,20,0,07-03,+50.0%,+95.29%,0.9765,1,✗ No,budget_exceeded
0,20,20,07-03,+38.0%,+9.47%,0.5473,74,✓ Yes,completed
0,30,0,07-03,+50.0%,+92.23%,0.9612,1,✗ No,budget_exceeded
0,30,15,07-03,+50.0%,+18.08%,0.5904,29,✗ No,budget_exceeded
0,30,30,07-03,+12.0%,+5.92%,0.5296,35,✓ Yes,completed
0,40,0,07-03,+50.0%,+68.44%,0.8422,1,✗ No,budget_exceeded
0,40,13,07-03,+50.0%,+27.69%,0.6385,7,✗ No,budget_exceeded
0,40,27,07-03,+3.4%,+1.95%,0.5098,10,✓ Yes,completed
0,40,40,07-03,+2.0%,+1.40%,0.5070,9,✓ Yes,completed
0,50,0,07-03,+0.0%,+0.00%,0.5000,0,✓ Yes,completed
0,50,13,07-03,+0.0%,+0.00%,0.5000,0,✓ Yes,completed
0,50,25,07-03,+0.0%,+0.00%,0.5000,0,✓ Yes,completed
0,50,38,07-03,+0.0%,+0.00%,0.5000,0,✓ Yes,completed
0,50,50,07-03,+0.0%,+0.00%,0.5000,0,✓ Yes,completed
0,60,0,07-03,+0.0%,+0.00%,0.5000,0,✓ Yes,completed
0,60,12,07-03,+0.0%,+0.00%,0.5000,0,✓ Yes,completed
0,60,24,07-03,+0.0%,+0.00%,0.5000,0,✓ Yes,completed
0,60,36,07-03,+0.0%,+0.00%,0.5000,0,✓ Yes,completed
0,60,48,07-03,+0.0%,+0.00%,0.5000,0,✓ Yes,completed
0,60,60,07-03,+0.0%,+0.00%,0.5000,0,✓ Yes,completed
0,70,0,07-03,+0.0%,+0.00%,0.5000,0,✓ Yes,completed
0,70,12,07-03,+0.0%,+0.00%,0.5000,0,✓ Yes,completed
0,70,23,07-03,+0.0%,+0.00%,0.5000,0,✓ Yes,completed
0,70,35,07-03,+0.0%,+0.00%,0.5000,0,✓ Yes,completed
0,70,47,07-03,+0.0%,+0.00%,0.5000,0,✓ Yes,completed
0,70,58,07-03,+0.0%,+0.00%,0.5000,0,✓ Yes,completed
0,70,70,07-03,+0.0%,+0.00%,0.5000,0,✓ Yes,completed
0,80,0,07-03,+0.0%,+0.00%,0.5000,0,✓ Yes,completed
0,80,11,07-03,+0.0%,+0.00%,0.5000,0,✓ Yes,completed
0,80,23,07-03,+0.0%,+0.00%,0.5000,0,✓ Yes,completed
0,80,34,07-03,+0.0%,+0.00%,0.5000,0,✓ Yes,completed
0,80,46,07-03,+0.0%,+0.00%,0.5000,0,✓ Yes,completed
0,80,57,07-03,+0.0%,+0.00%,0.5000,0,✓ Yes,completed
0,80,69,07-03,+0.0%,+0.00%,0.5000,0,✓ Yes,completed
0,80,80,07-03,+0.0%,+0.00%,0.5000,0,✓ Yes,completed
0,90,0,07-03,+0.0%,+0.00%,0.5000,0,✓ Yes,completed
0,90,11,07-03,+0.0%,+0.00%,0.5000,0,✓ Yes,completed
0,90,23,07-03,+0.0%,+0.00%,0.5000,0,✓ Yes,completed
0,90,34,07-03,+0.0%,+0.00%,0.5000,0,✓ Yes,completed
0,90,45,07-03,+0.0%,+0.00%,0.5000,0,✓ Yes,completed
0,90,56,07-03,+0.0%,+0.00%,0.5000,0,✓ Yes,completed
0,90,68,07-03,+0.0%,+0.00%,0.5000,0,✓ Yes,completed
0,90,79,07-03,+0.0%,+0.00%,0.5000,0,✓ Yes,completed
0,90,90,07-03,+0.0%,+0.00%,0.5000,0,✓ Yes,completed
0,100,0,07-03,+0.0%,+0.00%,0.5000,0,✓ Yes,completed
0,100,11,07-03,+0.0%,+0.00%,0.5000,0,✓ Yes,completed
0,100,22,07-03,+0.0%,+0.00%,0.5000,0,✓ Yes,completed
0,100,33,07-03,+0.0%,+0.00%,0.5000,0,✓ Yes,completed
0,100,44,07-03,+0.0%,+0.00%,0.5000,0,✓ Yes,completed
0,100,56,07-03,+0.0%,+0.00%,0.5000,0,✓ Yes,completed
0,100,67,07-03,+0.0%,+0.00%,0.5000,0,✓ Yes,completed
0,100,78,07-03,+0.0%,+0.00%,0.5000,0,✓ Yes,completed
0,100,89,07-03,+0.0%,+0.00%,0.5000,0,✓ Yes,completed
0,100,100,07-03,+0.0%,+0.00%,0.5000,0,✓ Yes,completed
0,10,0,09-02,+50.0%,+95.68%,0.9784,1,✗ No,budget_exceeded
0,10,10,09-02,+50.0%,+95.68%,0.9784,1,✗ No,budget_exceeded
0,20,0,09-02,+50.0%,+95.41%,0.9770,1,✗ No,budget_exceeded
0,20,20,09-02,+50.0%,+8.51%,0.5425,76,✗ No,budget_exceeded
0,30,0,09-02,+50.0%,+95.35%,0.9767,1,✗ No,budget_exceeded
0,30,15,09-02,+50.0%,+47.07%,0.7353,10,✗ No,budget_exceeded
0,30,30,09-02,+5.6%,+3.09%,0.5155,20,✓ Yes,completed
0,40,0,09-02,+50.0%,+87.40%,0.9370,1,✗ No,budget_exceeded
0,40,13,09-02,+50.0%,+60.16%,0.8008,2,✗ No,budget_exceeded
0,40,27,09-02,+2.3%,+2.15%,0.5108,4,✓ Yes,completed
0,40,40,09-02,+1.8%,+1.89%,0.5094,5,✓ Yes,completed
0,50,0,09-02,+50.0%,+32.42%,0.6621,1,✗ No,budget_exceeded
0,50,13,09-02,+50.0%,+32.42%,0.6621,1,✗ No,budget_exceeded
0,50,25,09-02,+1.5%,+1.38%,0.5069,2,✓ Yes,completed
0,50,38,09-02,+0.9%,+1.05%,0.5052,2,✓ Yes,completed
0,50,50,09-02,+0.2%,+0.21%,0.5011,3,✓ Yes,completed
0,60,0,09-02,+0.0%,+0.00%,0.5000,0,✓ Yes,completed
0,60,12,09-02,+0.0%,+0.00%,0.5000,0,✓ Yes,completed
0,60,24,09-02,+0.0%,+0.00%,0.5000,0,✓ Yes,completed
0,60,36,09-02,+0.0%,+0.00%,0.5000,0,✓ Yes,completed
0,60,48,09-02,+0.0%,+0.00%,0.5000,0,✓ Yes,completed
0,60,60,09-02,+0.0%,+0.00%,0.5000,0,✓ Yes,completed
0,70,0,09-02,+0.0%,+0.00%,0.5000,0,✓ Yes,completed
0,70,12,09-02,+0.0%,+0.00%,0.5000,0,✓ Yes,completed
0,70,23,09-02,+0.0%,+0.00%,0.5000,0,✓ Yes,completed
0,70,35,09-02,+0.0%,+0.00%,0.5000,0,✓ Yes,completed
0,70,47,09-02,+0.0%,+0.00%,0.5000,0,✓ Yes,completed
0,70,58,09-02,+0.0%,+0.00%,0.5000,0,✓ Yes,completed
0,70,70,09-02,+0.0%,+0.00%,0.5000,0,✓ Yes,completed
0,80,0,09-02,+0.0%,+0.00%,0.5000,0,✓ Yes,completed
0,80,11,09-02,+0.0%,+0.00%,0.5000,0,✓ Yes,completed
0,80,23,09-02,+0.0%,+0.00%,0.5000,0,✓ Yes,completed
0,80,34,09-02,+0.0%,+0.00%,0.5000,0,✓ Yes,completed
0,80,46,09-02,+0.0%,+0.00%,0.5000,0,✓ Yes,completed
0,80,57,09-02,+0.0%,+0.00%,0.5000,0,✓ Yes,completed
0,80,69,09-02,+0.0%,+0.00%,0.5000,0,✓ Yes,completed
0,80,80,09-02,+0.0%,+0.00%,0.5000,0,✓ Yes,completed
0,90,0,09-02,+0.0%,+0.00%,0.5000,0,✓ Yes,completed
0,90,11,09-02,+0.0%,+0.00%,0.5000,0,✓ Yes,completed
0,90,23,09-02,+0.0%,+0.00%,0.5000,0,✓ Yes,completed
0,90,34,09-02,+0.0%,+0.00%,0.5000,0,✓ Yes,completed
0,90,45,09-02,+0.0%,+0.00%,0.5000,0,✓ Yes,completed
0,90,56,09-02,+0.0%,+0.00%,0.5000,0,✓ Yes,completed
0,90,68,09-02,+0.0%,+0.00%,0.5000,0,✓ Yes,completed
0,90,79,09-02,+0.0%,+0.00%,0.5000,0,✓ Yes,completed
0,90,90,09-02,+0.0%,+0.00%,0.5000,0,✓ Yes,completed
0,100,0,09-02,+0.0%,+0.00%,0.5000,0,✓ Yes,completed
0,100,11,09-02,+0.0%,+0.00%,0.5000,0,✓ Yes,completed
0,100,22,09-02,+0.0%,+0.00%,0.5000,0,✓ Yes,completed
0,100,33,09-02,+0.0%,+0.00%,0.5000,0,✓ Yes,completed
0,100,44,09-02,+0.0%,+0.00%,0.5000,0,✓ Yes,completed
0,100,56,09-02,+0.0%,+0.00%,0.5000,0,✓ Yes,completed
0,100,67,09-02,+0.0%,+0.00%,0.5000,0,✓ Yes,completed
0,100,78,09-02,+0.0%,+0.00%,0.5000,0,✓ Yes,completed
0,100,89,09-02,+0.0%,+0.00%,0.5000,0,✓ Yes,completed
0,100,100,09-02,+0.0%,+0.00%,0.5000,0,✓ Yes,completed
0,10,0,11-02,+50.0%,+95.60%,0.9780,1,✗ No,budget_exceeded
0,10,10,11-02,+50.0%,+95.60%,0.9780,1,✗ No,budget_exceeded
0,20,0,11-02,+50.0%,+95.60%,0.9780,1,✗ No,budget_exceeded
0,20,20,11-02,+50.0%,+71.42%,0.8571,15,✗ No,budget_exceeded
0,30,0,11-02,+50.0%,+69.98%,0.8499,1,✗ No,budget_exceeded
0,30,15,11-02,+50.0%,+69.98%,0.8499,1,✗ No,budget_exceeded
0,30,30,11-02,+5.5%,+4.09%,0.5205,10,✓ Yes,completed
0,40,0,11-02,+50.0%,+68.68%,0.8434,1,✗ No,budget_exceeded
0,40,13,11-02,+50.0%,+68.68%,0.8434,1,✗ No,budget_exceeded
0,40,27,11-02,+2.9%,+2.50%,0.5125,3,✓ Yes,completed
0,40,40,11-02,+1.8%,+1.81%,0.5090,5,✓ Yes,completed
0,50,0,11-02,+50.0%,+67.42%,0.8371,1,✗ No,budget_exceeded
0,50,13,11-02,+50.0%,+67.42%,0.8371,1,✗ No,budget_exceeded
0,50,25,11-02,+1.6%,+1.32%,0.5066,2,✓ Yes,completed
0,50,38,11-02,+1.2%,+1.15%,0.5058,2,✓ Yes,completed
0,50,50,11-02,+0.6%,+0.72%,0.5036,2,✓ Yes,completed
0,60,0,11-02,+0.0%,+0.00%,0.5000,0,✓ Yes,completed
0,60,12,11-02,+0.0%,+0.00%,0.5000,0,✓ Yes,completed
0,60,24,11-02,+0.0%,+0.00%,0.5000,0,✓ Yes,completed
0,60,36,11-02,+0.0%,+0.00%,0.5000,0,✓ Yes,completed
0,60,48,11-02,+0.0%,+0.00%,0.5000,0,✓ Yes,completed
0,60,60,11-02,+0.0%,+0.00%,0.5000,0,✓ Yes,completed
0,70,0,11-02,+0.0%,+0.00%,0.5000,0,✓ Yes,completed
0,70,12,11-02,+0.0%,+0.00%,0.5000,0,✓ Yes,completed
0,70,23,11-02,+0.0%,+0.00%,0.5000,0,✓ Yes,completed
0,70,35,11-02,+0.0%,+0.00%,0.5000,0,✓ Yes,completed
0,70,47,11-02,+0.0%,+0.00%,0.5000,0,✓ Yes,completed
0,70,58,11-02,+0.0%,+0.00%,0.5000,0,✓ Yes,completed
0,70,70,11-02,+0.0%,+0.00%,0.5000,0,✓ Yes,completed
0,80,0,11-02,+0.0%,+0.00%,0.5000,0,✓ Yes,completed
0,80,11,11-02,+0.0%,+0.00%,0.5000,0,✓ Yes,completed
0,80,23,11-02,+0.0%,+0.00%,0.5000,0,✓ Yes,completed
0,80,34,11-02,+0.0%,+0.00%,0.5000,0,✓ Yes,completed
0,80,46,11-02,+0.0%,+0.00%,0.5000,0,✓ Yes,completed
0,80,57,11-02,+0.0%,+0.00%,0.5000,0,✓ Yes,completed
0,80,69,11-02,+0.0%,+0.00%,0.5000,0,✓ Yes,completed
0,80,80,11-02,+0.0%,+0.00%,0.5000,0,✓ Yes,completed
0,90,0,11-02,+0.0%,+0.00%,0.5000,0,✓ Yes,completed
0,90,11,11-02,+0.0%,+0.00%,0.5000,0,✓ Yes,completed
0,90,23,11-02,+0.0%,+0.00%,0.5000,0,✓ Yes,completed
0,90,34,11-02,+0.0%,+0.00%,0.5000,0,✓ Yes,completed
0,90,45,11-02,+0.0%,+0.00%,0.5000,0,✓ Yes,completed
0,90,56,11-02,+0.0%,+0.00%,0.5000,0,✓ Yes,completed
0,90,68,11-02,+0.0%,+0.00%,0.5000,0,✓ Yes,completed
0,90,79,11-02,+0.0%,+0.00%,0.5000,0,✓ Yes,completed
0,90,90,11-02,+0.0%,+0.00%,0.5000,0,✓ Yes,completed
0,100,0,11-02,+0.0%,+0.00%,0.5000,0,✓ Yes,completed
0,100,11,11-02,+0.0%,+0.00%,0.5000,0,✓ Yes,completed
0,100,22,11-02,+0.0%,+0.00%,0.5000,0,✓ Yes,completed
0,100,33,11-02,+0.0%,+0.00%,0.5000,0,✓ Yes,completed
0,100,44,11-02,+0.0%,+0.00%,0.5000,0,✓ Yes,completed
0,100,56,11-02,+0.0%,+0.00%,0.5000,0,✓ Yes,completed
0,100,67,11-02,+0.0%,+0.00%,0.5000,0,✓ Yes,completed
0,100,78,11-02,+0.0%,+0.00%,0.5000,0,✓ Yes,completed
0,100,89,11-02,+0.0%,+0.00%,0.5000,0,✓ Yes,completed
0,100,100,11-02,+0.0%,+0.00%,0.5000,0,✓ Yes,completed
0,10,0,12-31,+50.0%,+95.77%,0.9789,1,✗ No,budget_exceeded
0,10,10,12-31,+50.0%,+95.77%,0.9789,1,✗ No,budget_exceeded
0,20,0,12-31,+50.0%,+95.77%,0.9789,1,✗ No,budget_exceeded
0,20,20,12-31,+50.0%,+67.32%,0.8366,29,✗ No,budget_exceeded
0,30,0,12-31,+50.0%,+93.71%,0.9686,1,✗ No,budget_exceeded
0,30,15,12-31,+50.0%,+93.71%,0.9686,1,✗ No,budget_exceeded
0,30,30,12-31,+3.8%,+2.09%,0.5104,14,✓ Yes,completed
0,40,0,12-31,+50.0%,+93.48%,0.9674,1,✗ No,budget_exceeded
0,40,13,12-31,+50.0%,+93.48%,0.9674,1,✗ No,budget_exceeded
0,40,27,12-31,+1.7%,+0.91%,0.5046,2,✓ Yes,completed
0,40,40,12-31,+0.4%,+0.25%,0.5013,2,✓ Yes,completed
0,50,0,12-31,+0.0%,+0.00%,0.5000,0,✓ Yes,completed
0,50,13,12-31,+0.0%,+0.00%,0.5000,0,✓ Yes,completed
0,50,25,12-31,+0.0%,+0.00%,0.5000,0,✓ Yes,completed
0,50,38,12-31,+0.0%,+0.00%,0.5000,0,✓ Yes,completed
0,50,50,12-31,+0.0%,+0.00%,0.5000,0,✓ Yes,completed
0,60,0,12-31,+0.0%,+0.00%,0.5000,0,✓ Yes,completed
0,60,12,12-31,+0.0%,+0.00%,0.5000,0,✓ Yes,completed
0,60,24,12-31,+0.0%,+0.00%,0.5000,0,✓ Yes,completed
0,60,36,12-31,+0.0%,+0.00%,0.5000,0,✓ Yes,completed
0,60,48,12-31,+0.0%,+0.00%,0.5000,0,✓ Yes,completed
0,60,60,12-31,+0.0%,+0.00%,0.5000,0,✓ Yes,completed
0,70,0,12-31,+0.0%,+0.00%,0.5000,0,✓ Yes,completed
0,70,12,12-31,+0.0%,+0.00%,0.5000,0,✓ Yes,completed
0,70,23,12-31,+0.0%,+0.00%,0.5000,0,✓ Yes,completed
0,70,35,12-31,+0.0%,+0.00%,0.5000,0,✓ Yes,completed
0,70,47,12-31,+0.0%,+0.00%,0.5000,0,✓ Yes,completed
0,70,58,12-31,+0.0%,+0.00%,0.5000,0,✓ Yes,completed
0,70,70,12-31,+0.0%,+0.00%,0.5000,0,✓ Yes,completed
0,80,0,12-31,+0.0%,+0.00%,0.5000,0,✓ Yes,completed
0,80,11,12-31,+0.0%,+0.00%,0.5000,0,✓ Yes,completed
0,80,23,12-31,+0.0%,+0.00%,0.5000,0,✓ Yes,completed
0,80,34,12-31,+0.0%,+0.00%,0.5000,0,✓ Yes,completed
0,80,46,12-31,+0.0%,+0.00%,0.5000,0,✓ Yes,completed
0,80,57,12-31,+0.0%,+0.00%,0.5000,0,✓ Yes,completed
0,80,69,12-31,+0.0%,+0.00%,0.5000,0,✓ Yes,completed
0,80,80,12-31,+0.0%,+0.00%,0.5000,0,✓ Yes,completed
0,90,0,12-31,+0.0%,+0.00%,0.5000,0,✓ Yes,completed
0,90,11,12-31,+0.0%,+0.00%,0.5000,0,✓ Yes,completed
0,90,23,12-31,+0.0%,+0.00%,0.5000,0,✓ Yes,completed
0,90,34,12-31,+0.0%,+0.00%,0.5000,0,✓ Yes,completed
0,90,45,12-31,+0.0%,+0.00%,0.5000,0,✓ Yes,completed
0,90,56,12-31,+0.0%,+0.00%,0.5000,0,✓ Yes,completed
0,90,68,12-31,+0.0%,+0.00%,0.5000,0,✓ Yes,completed
0,90,79,12-31,+0.0%,+0.00%,0.5000,0,✓ Yes,completed
0,90,90,12-31,+0.0%,+0.00%,0.5000,0,✓ Yes,completed
0,100,0,12-31,+0.0%,+0.00%,0.5000,0,✓ Yes,completed
0,100,11,12-31,+0.0%,+0.00%,0.5000,0,✓ Yes,completed
0,100,22,12-31,+0.0%,+0.00%,0.5000,0,✓ Yes,completed
0,100,33,12-31,+0.0%,+0.00%,0.5000,0,✓ Yes,completed
0,100,44,12-31,+0.0%,+0.00%,0.5000,0,✓ Yes,completed
0,100,56,12-31,+0.0%,+0.00%,0.5000,0,✓ Yes,completed
0,100,67,12-31,+0.0%,+0.00%,0.5000,0,✓ Yes,completed
0,100,78,12-31,+0.0%,+0.00%,0.5000,0,✓ Yes,completed
0,100,89,12-31,+0.0%,+0.00%,0.5000,0,✓ Yes,completed
0,100,100,12-31,+0.0%,+0.00%,0.5000,0,✓ Yes,completed
1,10,10,02-10,+50.0%,+96.10%,0.9805,1,✗ No,budget_exceeded
1,10,10,02-10,+50.0%,+96.10%,0.9805,1,✗ No,budget_exceeded
1,14,10,02-10,+50.0%,+96.10%,0.9805,1,✗ No,budget_exceeded
1,14,14,02-10,+50.0%,+95.12%,0.9756,6,✗ No,budget_exceeded
1,19,10,02-10,+50.0%,+96.10%,0.9805,1,✗ No,budget_exceeded
1,19,19,02-10,+50.0%,+80.72%,0.9036,22,✗ No,budget_exceeded
1,23,10,02-10,+50.0%,+95.70%,0.9785,1,✗ No,budget_exceeded
1,23,17,02-10,+50.0%,+78.62%,0.8931,5,✗ No,budget_exceeded
1,23,23,02-10,+35.2%,+8.49%,0.5424,71,✓ Yes,completed
1,28,10,02-10,+50.0%,+94.96%,0.9748,1,✗ No,budget_exceeded
1,28,16,02-10,+50.0%,+84.22%,0.9211,3,✗ No,budget_exceeded
1,28,22,02-10,+30.5%,+7.63%,0.5382,35,✓ Yes,completed
1,28,28,02-10,+13.2%,+5.82%,0.5291,38,✓ Yes,completed
1,32,10,02-10,+50.0%,+81.73%,0.9086,1,✗ No,budget_exceeded
1,32,14,02-10,+50.0%,+71.03%,0.8552,2,✗ No,budget_exceeded
1,32,19,02-10,+50.0%,+9.95%,0.5498,21,✗ No,budget_exceeded
1,32,23,02-10,+15.8%,+5.64%,0.5282,21,✓ Yes,completed
1,32,28,02-10,+9.3%,+4.83%,0.5241,24,✓ Yes,completed
1,32,32,02-10,+7.8%,+4.40%,0.5220,28,✓ Yes,completed
1,37,10,02-10,+50.0%,+81.61%,0.9080,1,✗ No,budget_exceeded
1,37,14,02-10,+50.0%,+70.79%,0.8540,2,✗ No,budget_exceeded
1,37,19,02-10,+46.5%,+4.67%,0.5234,18,✓ Yes,completed
1,37,23,02-10,+12.2%,+4.72%,0.5236,17,✓ Yes,completed
1,37,28,02-10,+7.4%,+4.04%,0.5202,18,✓ Yes,completed
1,37,32,02-10,+6.3%,+3.69%,0.5184,18,✓ Yes,completed
1,37,37,02-10,+5.3%,+3.40%,0.5170,22,✓ Yes,completed
1,41,10,02-10,+50.0%,+43.73%,0.7186,1,✗ No,budget_exceeded
1,41,14,02-10,+50.0%,+43.73%,0.7186,1,✗ No,budget_exceeded
1,41,19,02-10,+22.5%,+3.57%,0.5179,9,✓ Yes,completed
1,41,23,02-10,+8.0%,+3.35%,0.5168,9,✓ Yes,completed
1,41,28,02-10,+5.0%,+3.08%,0.5154,9,✓ Yes,completed
1,41,32,02-10,+4.5%,+2.96%,0.5148,9,✓ Yes,completed
1,41,37,02-10,+4.2%,+2.85%,0.5142,10,✓ Yes,completed
1,41,41,02-10,+3.3%,+2.23%,0.5111,15,✓ Yes,completed
1,46,10,02-10,+50.0%,+42.65%,0.7132,1,✗ No,budget_exceeded
1,46,14,02-10,+50.0%,+42.65%,0.7132,1,✗ No,budget_exceeded
1,46,19,02-10,+18.9%,+2.05%,0.5102,6,✓ Yes,completed
1,46,23,02-10,+6.3%,+2.11%,0.5106,7,✓ Yes,completed
1,46,28,02-10,+3.6%,+2.09%,0.5105,8,✓ Yes,completed
1,46,32,02-10,+3.1%,+1.91%,0.5095,8,✓ Yes,completed
1,46,37,02-10,+2.9%,+1.77%,0.5088,8,✓ Yes,completed
1,46,41,02-10,+2.1%,+1.66%,0.5083,7,✓ Yes,completed
1,46,46,02-10,+1.6%,+1.18%,0.5059,11,✓ Yes,completed
1,50,10,02-10,+50.0%,+42.34%,0.7117,1,✗ No,budget_exceeded
1,50,14,02-10,+50.0%,+42.34%,0.7117,1,✗ No,budget_exceeded
1,50,19,02-10,+14.3%,+0.80%,0.5040,3,✓ Yes,completed
1,50,23,02-10,+4.1%,+1.02%,0.5051,4,✓ Yes,completed
1,50,28,02-10,+1.9%,+1.07%,0.5053,5,✓ Yes,completed
1,50,32,02-10,+1.6%,+0.94%,0.5047,5,✓ Yes,completed
1,50,37,02-10,+1.4%,+0.84%,0.5042,5,✓ Yes,completed
1,50,41,02-10,+0.8%,+0.40%,0.5020,5,✓ Yes,completed
1,50,46,02-10,+0.7%,+0.37%,0.5019,5,✓ Yes,completed
1,50,50,02-10,+0.4%,+0.43%,0.5021,4,✓ Yes,completed
1,10,10,03-09,+50.0%,+95.55%,0.9777,1,✗ No,budget_exceeded
1,10,10,03-09,+50.0%,+95.55%,0.9777,1,✗ No,budget_exceeded
1,14,10,03-09,+50.0%,+95.55%,0.9777,1,✗ No,budget_exceeded
1,14,14,03-09,+50.0%,+95.55%,0.9777,1,✗ No,budget_exceeded
1,19,10,03-09,+50.0%,+95.55%,0.9777,1,✗ No,budget_exceeded
1,19,19,03-09,+50.0%,+90.27%,0.9513,19,✗ No,budget_exceeded
1,23,10,03-09,+50.0%,+94.98%,0.9749,1,✗ No,budget_exceeded
1,23,17,03-09,+50.0%,+94.98%,0.9749,1,✗ No,budget_exceeded
1,23,23,03-09,+45.9%,+10.17%,0.5509,90,✓ Yes,completed
1,28,10,03-09,+50.0%,+94.89%,0.9745,1,✗ No,budget_exceeded
1,28,16,03-09,+50.0%,+94.89%,0.9745,1,✗ No,budget_exceeded
1,28,22,03-09,+44.5%,+9.36%,0.5468,59,✓ Yes,completed
1,28,28,03-09,+23.7%,+8.14%,0.5407,68,✓ Yes,completed
1,32,10,03-09,+50.0%,+94.89%,0.9745,1,✗ No,budget_exceeded
1,32,14,03-09,+50.0%,+94.89%,0.9745,1,✗ No,budget_exceeded
1,32,19,03-09,+50.0%,+49.52%,0.7476,24,✗ No,budget_exceeded
1,32,23,03-09,+26.3%,+7.87%,0.5393,41,✓ Yes,completed
1,32,28,03-09,+18.2%,+7.44%,0.5372,44,✓ Yes,completed
1,32,32,03-09,+14.1%,+7.03%,0.5352,51,✓ Yes,completed
1,37,10,03-09,+50.0%,+94.77%,0.9738,1,✗ No,budget_exceeded
1,37,14,03-09,+50.0%,+94.77%,0.9738,1,✗ No,budget_exceeded
1,37,19,03-09,+50.0%,+36.37%,0.6819,20,✗ No,budget_exceeded
1,37,23,03-09,+20.8%,+6.54%,0.5327,32,✓ Yes,completed
1,37,28,03-09,+12.7%,+6.79%,0.5340,30,✓ Yes,completed
1,37,32,03-09,+10.3%,+6.59%,0.5330,29,✓ Yes,completed
1,37,37,03-09,+8.9%,+6.22%,0.5311,35,✓ Yes,completed
1,41,10,03-09,+50.0%,+89.57%,0.9478,1,✗ No,budget_exceeded
1,41,14,03-09,+50.0%,+89.57%,0.9478,1,✗ No,budget_exceeded
1,41,19,03-09,+41.0%,+3.80%,0.5190,17,✓ Yes,completed
1,41,23,03-09,+11.1%,+5.38%,0.5269,17,✓ Yes,completed
1,41,28,03-09,+8.0%,+5.40%,0.5270,18,✓ Yes,completed
1,41,32,03-09,+7.3%,+5.27%,0.5264,18,✓ Yes,completed
1,41,37,03-09,+6.8%,+4.96%,0.5248,19,✓ Yes,completed
1,41,41,03-09,+5.3%,+4.00%,0.5200,26,✓ Yes,completed
1,46,10,03-09,+50.0%,+88.54%,0.9427,1,✗ No,budget_exceeded
1,46,14,03-09,+50.0%,+88.54%,0.9427,1,✗ No,budget_exceeded
1,46,19,03-09,+35.3%,+2.14%,0.5107,10,✓ Yes,completed
1,46,23,03-09,+7.9%,+3.75%,0.5188,11,✓ Yes,completed
1,46,28,03-09,+5.0%,+3.41%,0.5171,12,✓ Yes,completed
1,46,32,03-09,+4.6%,+3.27%,0.5163,12,✓ Yes,completed
1,46,37,03-09,+4.3%,+3.23%,0.5162,12,✓ Yes,completed
1,46,41,03-09,+3.3%,+2.73%,0.5136,12,✓ Yes,completed
1,46,46,03-09,+2.8%,+2.20%,0.5110,17,✓ Yes,completed
1,50,10,03-09,+50.0%,+88.25%,0.9412,1,✗ No,budget_exceeded
1,50,14,03-09,+50.0%,+88.25%,0.9412,1,✗ No,budget_exceeded
1,50,19,03-09,+15.2%,-0.26%,0.4987,5,✓ Yes,completed
1,50,23,03-09,+4.7%,+1.53%,0.5076,6,✓ Yes,completed
1,50,28,03-09,+2.4%,+1.40%,0.5070,7,✓ Yes,completed
1,50,32,03-09,+2.1%,+1.44%,0.5072,7,✓ Yes,completed
1,50,37,03-09,+1.9%,+1.40%,0.5070,7,✓ Yes,completed
1,50,41,03-09,+1.2%,+0.92%,0.5046,7,✓ Yes,completed
1,50,46,03-09,+1.1%,+0.77%,0.5039,7,✓ Yes,completed
1,50,50,03-09,+0.5%,+0.34%,0.5017,8,✓ Yes,completed
1,10,10,04-05,+50.0%,+95.81%,0.9791,1,✗ No,budget_exceeded
1,10,10,04-05,+50.0%,+95.81%,0.9791,1,✗ No,budget_exceeded
1,14,10,04-05,+50.0%,+95.81%,0.9791,1,✗ No,budget_exceeded
1,14,14,04-05,+50.0%,+95.81%,0.9791,1,✗ No,budget_exceeded
1,19,10,04-05,+50.0%,+95.69%,0.9785,1,✗ No,budget_exceeded
1,19,19,04-05,+50.0%,+82.13%,0.9107,31,✗ No,budget_exceeded
1,23,10,04-05,+50.0%,+95.21%,0.9761,1,✗ No,budget_exceeded
1,23,17,04-05,+50.0%,+92.04%,0.9602,3,✗ No,budget_exceeded
1,23,23,04-05,+36.5%,+13.57%,0.5678,85,✓ Yes,completed
1,28,10,04-05,+50.0%,+95.21%,0.9761,1,✗ No,budget_exceeded
1,28,16,04-05,+50.0%,+95.21%,0.9761,1,✗ No,budget_exceeded
1,28,22,04-05,+33.8%,+12.52%,0.5626,59,✓ Yes,completed
1,28,28,04-05,+20.4%,+10.77%,0.5539,67,✓ Yes,completed
1,32,10,04-05,+50.0%,+95.21%,0.9761,1,✗ No,budget_exceeded
1,32,14,04-05,+50.0%,+95.21%,0.9761,1,✗ No,budget_exceeded
1,32,19,04-05,+49.8%,+11.02%,0.5551,37,✓ Yes,completed
1,32,23,04-05,+17.4%,+9.88%,0.5494,34,✓ Yes,completed
1,32,28,04-05,+14.8%,+9.32%,0.5466,35,✓ Yes,completed
1,32,32,04-05,+12.9%,+8.49%,0.5425,46,✓ Yes,completed
1,37,10,04-05,+50.0%,+95.10%,0.9755,1,✗ No,budget_exceeded
1,37,14,04-05,+50.0%,+95.10%,0.9755,1,✗ No,budget_exceeded
1,37,19,04-05,+39.9%,+9.18%,0.5459,28,✓ Yes,completed
1,37,23,04-05,+14.4%,+8.52%,0.5426,27,✓ Yes,completed
1,37,28,04-05,+12.2%,+7.94%,0.5397,27,✓ Yes,completed
1,37,32,04-05,+10.7%,+7.35%,0.5367,28,✓ Yes,completed
1,37,37,04-05,+8.6%,+6.26%,0.5313,34,✓ Yes,completed
1,41,10,04-05,+50.0%,+95.10%,0.9755,1,✗ No,budget_exceeded
1,41,14,04-05,+50.0%,+95.10%,0.9755,1,✗ No,budget_exceeded
1,41,19,04-05,+25.6%,+6.22%,0.5311,17,✓ Yes,completed
1,41,23,04-05,+9.4%,+5.89%,0.5295,19,✓ Yes,completed
1,41,28,04-05,+8.1%,+5.44%,0.5272,19,✓ Yes,completed
1,41,32,04-05,+7.0%,+5.02%,0.5251,20,✓ Yes,completed
1,41,37,04-05,+6.4%,+4.65%,0.5233,20,✓ Yes,completed
1,41,41,04-05,+4.7%,+3.75%,0.5187,23,✓ Yes,completed
1,46,10,04-05,+50.0%,+95.02%,0.9751,1,✗ No,budget_exceeded
1,46,14,04-05,+50.0%,+95.02%,0.9751,1,✗ No,budget_exceeded
1,46,19,04-05,+19.9%,+4.76%,0.5238,9,✓ Yes,completed
1,46,23,04-05,+4.3%,+3.01%,0.5151,9,✓ Yes,completed
1,46,28,04-05,+4.0%,+3.17%,0.5159,9,✓ Yes,completed
1,46,32,04-05,+3.3%,+2.80%,0.5140,9,✓ Yes,completed
1,46,37,04-05,+3.3%,+2.74%,0.5137,9,✓ Yes,completed
1,46,41,04-05,+2.7%,+2.23%,0.5112,9,✓ Yes,completed
1,46,46,04-05,+2.1%,+1.81%,0.5091,15,✓ Yes,completed
1,50,10,04-05,+50.0%,+94.79%,0.9739,1,✗ No,budget_exceeded
1,50,14,04-05,+50.0%,+94.79%,0.9739,1,✗ No,budget_exceeded
1,50,19,04-05,+1.9%,+0.31%,0.5015,3,✓ Yes,completed
1,50,23,04-05,+0.8%,+0.27%,0.5014,3,✓ Yes,completed
1,50,28,04-05,+0.7%,+0.28%,0.5014,3,✓ Yes,completed
1,50,32,04-05,+0.7%,+0.28%,0.5014,3,✓ Yes,completed
1,50,37,04-05,+0.7%,+0.28%,0.5014,3,✓ Yes,completed
1,50,41,04-05,+0.6%,+0.28%,0.5014,3,✓ Yes,completed
1,50,46,04-05,+0.5%,+0.26%,0.5013,3,✓ Yes,completed
1,50,50,04-05,+0.1%,+0.10%,0.5005,4,✓ Yes,completed
1,10,10,05-02,+50.0%,+95.43%,0.9771,1,✗ No,budget_exceeded
1,10,10,05-02,+50.0%,+95.43%,0.9771,1,✗ No,budget_exceeded
1,14,10,05-02,+50.0%,+95.43%,0.9771,1,✗ No,budget_exceeded
1,14,14,05-02,+50.0%,+95.43%,0.9771,1,✗ No,budget_exceeded
1,19,10,05-02,+50.0%,+95.43%,0.9771,1,✗ No,budget_exceeded
1,19,19,05-02,+50.0%,+80.72%,0.9036,35,✗ No,budget_exceeded
1,23,10,05-02,+50.0%,+94.93%,0.9746,1,✗ No,budget_exceeded
1,23,17,05-02,+50.0%,+90.47%,0.9524,8,✗ No,budget_exceeded
1,23,23,05-02,+30.4%,+15.90%,0.5795,70,✓ Yes,completed
1,28,10,05-02,+50.0%,+94.83%,0.9742,1,✗ No,budget_exceeded
1,28,16,05-02,+50.0%,+94.83%,0.9742,1,✗ No,budget_exceeded
1,28,22,05-02,+26.2%,+14.33%,0.5717,46,✓ Yes,completed
1,28,28,05-02,+17.7%,+11.88%,0.5594,59,✓ Yes,completed
1,32,10,05-02,+50.0%,+94.83%,0.9742,1,✗ No,budget_exceeded
1,32,14,05-02,+50.0%,+94.83%,0.9742,1,✗ No,budget_exceeded
1,32,19,05-02,+32.1%,+13.40%,0.5670,24,✓ Yes,completed
1,32,23,05-02,+15.8%,+10.71%,0.5536,30,✓ Yes,completed
1,32,28,05-02,+13.1%,+9.97%,0.5498,31,✓ Yes,completed
1,32,32,05-02,+11.1%,+9.05%,0.5453,41,✓ Yes,completed
1,37,10,05-02,+50.0%,+94.59%,0.9729,1,✗ No,budget_exceeded
1,37,14,05-02,+50.0%,+94.59%,0.9729,1,✗ No,budget_exceeded
1,37,19,05-02,+24.3%,+10.77%,0.5538,16,✓ Yes,completed
1,37,23,05-02,+12.3%,+8.86%,0.5443,22,✓ Yes,completed
1,37,28,05-02,+10.2%,+8.30%,0.5415,22,✓ Yes,completed
1,37,32,05-02,+8.7%,+7.71%,0.5385,23,✓ Yes,completed
1,37,37,05-02,+6.5%,+6.28%,0.5314,28,✓ Yes,completed
1,41,10,05-02,+50.0%,+94.45%,0.9723,1,✗ No,budget_exceeded
1,41,14,05-02,+50.0%,+94.45%,0.9723,1,✗ No,budget_exceeded
1,41,19,05-02,+18.4%,+7.95%,0.5397,9,✓ Yes,completed
1,41,23,05-02,+7.5%,+6.29%,0.5314,13,✓ Yes,completed
1,41,28,05-02,+6.2%,+5.70%,0.5285,13,✓ Yes,completed
1,41,32,05-02,+5.2%,+5.26%,0.5263,14,✓ Yes,completed
1,41,37,05-02,+4.7%,+4.88%,0.5244,14,✓ Yes,completed
1,41,41,05-02,+3.5%,+3.76%,0.5188,16,✓ Yes,completed
1,46,10,05-02,+50.0%,+83.54%,0.9177,1,✗ No,budget_exceeded
1,46,14,05-02,+50.0%,+76.72%,0.8836,2,✗ No,budget_exceeded
1,46,19,05-02,+16.0%,+6.39%,0.5320,4,✓ Yes,completed
1,46,23,05-02,+3.8%,+3.59%,0.5180,6,✓ Yes,completed
1,46,28,05-02,+3.5%,+3.49%,0.5174,6,✓ Yes,completed
1,46,32,05-02,+2.8%,+2.86%,0.5143,6,✓ Yes,completed
1,46,37,05-02,+2.6%,+2.75%,0.5137,6,✓ Yes,completed
1,46,41,05-02,+2.4%,+2.59%,0.5129,6,✓ Yes,completed
1,46,46,05-02,+1.4%,+1.46%,0.5073,14,✓ Yes,completed
1,50,10,05-02,+0.0%,+0.00%,0.5000,0,✓ Yes,completed
1,50,14,05-02,+0.0%,+0.00%,0.5000,0,✓ Yes,completed
1,50,19,05-02,+0.0%,+0.00%,0.5000,0,✓ Yes,completed
1,50,23,05-02,+0.0%,+0.00%,0.5000,0,✓ Yes,completed
1,50,28,05-02,+0.0%,+0.00%,0.5000,0,✓ Yes,completed
1,50,32,05-02,+0.0%,+0.00%,0.5000,0,✓ Yes,completed
1,50,37,05-02,+0.0%,+0.00%,0.5000,0,✓ Yes,completed
1,50,41,05-02,+0.0%,+0.00%,0.5000,0,✓ Yes,completed
1,50,46,05-02,+0.0%,+0.00%,0.5000,0,✓ Yes,completed
1,50,50,05-02,+0.0%,+0.00%,0.5000,0,✓ Yes,completed
1,10,10,05-29,+50.0%,+95.31%,0.9766,1,✗ No,budget_exceeded
1,10,10,05-29,+50.0%,+95.31%,0.9766,1,✗ No,budget_exceeded
1,14,10,05-29,+50.0%,+95.31%,0.9766,1,✗ No,budget_exceeded
1,14,14,05-29,+50.0%,+93.51%,0.9675,11,✗ No,budget_exceeded
1,19,10,05-29,+50.0%,+95.11%,0.9756,1,✗ No,budget_exceeded
1,19,19,05-29,+47.5%,+13.42%,0.5671,87,✓ Yes,completed
1,23,10,05-29,+50.0%,+94.95%,0.9747,1,✗ No,budget_exceeded
1,23,17,05-29,+27.7%,+11.52%,0.5576,40,✓ Yes,completed
1,23,23,05-29,+14.8%,+9.91%,0.5496,40,✓ Yes,completed
1,28,10,05-29,+50.0%,+94.64%,0.9732,1,✗ No,budget_exceeded
1,28,16,05-29,+32.8%,+9.89%,0.5494,30,✓ Yes,completed
1,28,22,05-29,+12.5%,+8.72%,0.5436,29,✓ Yes,completed
1,28,28,05-29,+9.7%,+7.97%,0.5398,31,✓ Yes,completed
1,32,10,05-29,+50.0%,+94.64%,0.9732,1,✗ No,budget_exceeded
1,32,14,05-29,+50.0%,+6.87%,0.5343,21,✗ No,budget_exceeded
1,32,19,05-29,+10.8%,+7.49%,0.5374,21,✓ Yes,completed
1,32,23,05-29,+8.5%,+7.18%,0.5359,21,✓ Yes,completed
1,32,28,05-29,+7.7%,+7.00%,0.5350,21,✓ Yes,completed
1,32,32,05-29,+6.2%,+6.03%,0.5302,26,✓ Yes,completed
1,37,10,05-29,+50.0%,+94.50%,0.9725,1,✗ No,budget_exceeded
1,37,14,05-29,+38.8%,+6.82%,0.5341,11,✓ Yes,completed
1,37,19,05-29,+7.4%,+5.71%,0.5286,14,✓ Yes,completed
1,37,23,05-29,+5.9%,+5.53%,0.5276,14,✓ Yes,completed
1,37,28,05-29,+5.4%,+5.35%,0.5268,14,✓ Yes,completed
1,37,32,05-29,+4.5%,+4.76%,0.5238,14,✓ Yes,completed
1,37,37,05-29,+3.6%,+4.10%,0.5205,15,✓ Yes,completed
1,41,10,05-29,+50.0%,+90.37%,0.9519,1,✗ No,budget_exceeded
1,41,14,05-29,+29.6%,+5.60%,0.5280,5,✓ Yes,completed
1,41,19,05-29,+4.2%,+3.76%,0.5188,8,✓ Yes,completed
1,41,23,05-29,+3.6%,+3.73%,0.5187,8,✓ Yes,completed
1,41,28,05-29,+3.2%,+3.56%,0.5178,8,✓ Yes,completed
1,41,32,05-29,+2.8%,+3.25%,0.5162,8,✓ Yes,completed
1,41,37,05-29,+2.7%,+3.18%,0.5159,8,✓ Yes,completed
1,41,41,05-29,+1.9%,+2.47%,0.5123,9,✓ Yes,completed
1,46,10,05-29,+50.0%,+88.15%,0.9408,1,✗ No,budget_exceeded
1,46,14,05-29,+27.5%,+5.00%,0.5250,4,✓ Yes,completed
1,46,19,05-29,+2.3%,+2.28%,0.5114,4,✓ Yes,completed
1,46,23,05-29,+2.0%,+2.26%,0.5113,4,✓ Yes,completed
1,46,28,05-29,+1.8%,+2.16%,0.5108,4,✓ Yes,completed
1,46,32,05-29,+1.6%,+2.07%,0.5103,4,✓ Yes,completed
1,46,37,05-29,+1.5%,+1.99%,0.5100,4,✓ Yes,completed
1,46,41,05-29,+1.4%,+1.83%,0.5091,4,✓ Yes,completed
1,46,46,05-29,+0.9%,+1.14%,0.5057,7,✓ Yes,completed
1,50,10,05-29,+0.0%,+0.00%,0.5000,0,✓ Yes,completed
1,50,14,05-29,+0.0%,+0.00%,0.5000,0,✓ Yes,completed
1,50,19,05-29,+0.0%,+0.00%,0.5000,0,✓ Yes,completed
1,50,23,05-29,+0.0%,+0.00%,0.5000,0,✓ Yes,completed
1,50,28,05-29,+0.0%,+0.00%,0.5000,0,✓ Yes,completed
1,50,32,05-29,+0.0%,+0.00%,0.5000,0,✓ Yes,completed
1,50,37,05-29,+0.0%,+0.00%,0.5000,0,✓ Yes,completed
1,50,41,05-29,+0.0%,+0.00%,0.5000,0,✓ Yes,completed
1,50,46,05-29,+0.0%,+0.00%,0.5000,0,✓ Yes,completed
1,50,50,05-29,+0.0%,+0.00%,0.5000,0,✓ Yes,completed
1,10,10,06-25,+50.0%,+95.89%,0.9794,1,✗ No,budget_exceeded
1,10,10,06-25,+50.0%,+95.89%,0.9794,1,✗ No,budget_exceeded
1,14,10,06-25,+50.0%,+95.52%,0.9776,1,✗ No,budget_exceeded
1,14,14,06-25,+50.0%,+75.33%,0.8766,58,✗ No,budget_exceeded
1,19,10,06-25,+50.0%,+95.38%,0.9769,1,✗ No,budget_exceeded
1,19,19,06-25,+48.0%,+8.56%,0.5428,95,✓ Yes,completed
1,23,10,06-25,+50.0%,+95.38%,0.9769,1,✗ No,budget_exceeded
1,23,17,06-25,+31.0%,+7.28%,0.5364,44,✓ Yes,completed
1,23,23,06-25,+16.5%,+7.43%,0.5372,48,✓ Yes,completed
1,28,10,06-25,+50.0%,+95.06%,0.9753,1,✗ No,budget_exceeded
1,28,16,06-25,+26.4%,+6.10%,0.5305,35,✓ Yes,completed
1,28,22,06-25,+13.8%,+6.82%,0.5341,32,✓ Yes,completed
1,28,28,06-25,+9.3%,+5.87%,0.5294,39,✓ Yes,completed
1,32,10,06-25,+50.0%,+88.12%,0.9406,1,✗ No,budget_exceeded
1,32,14,06-25,+49.1%,+1.68%,0.5084,28,✓ Yes,completed
1,32,19,06-25,+11.9%,+5.47%,0.5274,24,✓ Yes,completed
1,32,23,06-25,+7.2%,+4.85%,0.5242,22,✓ Yes,completed
1,32,28,06-25,+6.4%,+4.65%,0.5232,22,✓ Yes,completed
1,32,32,06-25,+4.8%,+3.94%,0.5197,24,✓ Yes,completed
1,37,10,06-25,+50.0%,+63.77%,0.8188,1,✗ No,budget_exceeded
1,37,14,06-25,+27.1%,+1.59%,0.5079,19,✓ Yes,completed
1,37,19,06-25,+5.4%,+3.52%,0.5176,12,✓ Yes,completed
1,37,23,06-25,+4.1%,+3.36%,0.5168,13,✓ Yes,completed
1,37,28,06-25,+3.8%,+3.32%,0.5166,13,✓ Yes,completed
1,37,32,06-25,+2.9%,+2.64%,0.5132,13,✓ Yes,completed
1,37,37,06-25,+2.4%,+2.23%,0.5111,13,✓ Yes,completed
1,41,10,06-25,+50.0%,+53.33%,0.7666,1,✗ No,budget_exceeded
1,41,14,06-25,+12.7%,+0.09%,0.5004,6,✓ Yes,completed
1,41,19,06-25,+2.7%,+1.75%,0.5087,7,✓ Yes,completed
1,41,23,06-25,+2.2%,+1.82%,0.5091,7,✓ Yes,completed
1,41,28,06-25,+2.0%,+1.79%,0.5089,7,✓ Yes,completed
1,41,32,06-25,+1.6%,+1.48%,0.5074,7,✓ Yes,completed
1,41,37,06-25,+1.6%,+1.48%,0.5074,7,✓ Yes,completed
1,41,41,06-25,+1.3%,+1.16%,0.5058,7,✓ Yes,completed
1,46,10,06-25,+50.0%,+53.33%,0.7666,1,✗ No,budget_exceeded
1,46,14,06-25,+11.2%,-0.07%,0.4997,4,✓ Yes,completed
1,46,19,06-25,+1.5%,+0.82%,0.5041,4,✓ Yes,completed
1,46,23,06-25,+1.2%,+0.79%,0.5040,4,✓ Yes,completed
1,46,28,06-25,+1.1%,+0.73%,0.5036,4,✓ Yes,completed
1,46,32,06-25,+0.8%,+0.57%,0.5029,4,✓ Yes,completed
1,46,37,06-25,+0.8%,+0.57%,0.5029,4,✓ Yes,completed
1,46,41,06-25,+0.7%,+0.48%,0.5024,4,✓ Yes,completed
1,46,46,06-25,+0.3%,+0.25%,0.5012,4,✓ Yes,completed
1,50,10,06-25,+0.0%,+0.00%,0.5000,0,✓ Yes,completed
1,50,14,06-25,+0.0%,+0.00%,0.5000,0,✓ Yes,completed
1,50,19,06-25,+0.0%,+0.00%,0.5000,0,✓ Yes,completed
1,50,23,06-25,+0.0%,+0.00%,0.5000,0,✓ Yes,completed
1,50,28,06-25,+0.0%,+0.00%,0.5000,0,✓ Yes,completed
1,50,32,06-25,+0.0%,+0.00%,0.5000,0,✓ Yes,completed
1,50,37,06-25,+0.0%,+0.00%,0.5000,0,✓ Yes,completed
1,50,41,06-25,+0.0%,+0.00%,0.5000,0,✓ Yes,completed
1,50,46,06-25,+0.0%,+0.00%,0.5000,0,✓ Yes,completed
1,50,50,06-25,+0.0%,+0.00%,0.5000,0,✓ Yes,completed
1,10,10,07-22,+50.0%,+96.00%,0.9800,1,✗ No,budget_exceeded
1,10,10,07-22,+50.0%,+96.00%,0.9800,1,✗ No,budget_exceeded
1,14,10,07-22,+50.0%,+96.00%,0.9800,1,✗ No,budget_exceeded
1,14,14,07-22,+50.0%,+82.54%,0.9127,77,✗ No,budget_exceeded
1,19,10,07-22,+50.0%,+95.49%,0.9774,1,✗ No,budget_exceeded
1,19,19,07-22,+50.0%,+25.61%,0.6280,103,✗ No,budget_exceeded
1,23,10,07-22,+50.0%,+95.25%,0.9763,1,✗ No,budget_exceeded
1,23,17,07-22,+39.1%,+14.86%,0.5743,53,✓ Yes,completed
1,23,23,07-22,+25.7%,+13.76%,0.5688,70,✓ Yes,completed
1,28,10,07-22,+50.0%,+78.47%,0.8924,1,✗ No,budget_exceeded
1,28,16,07-22,+36.7%,+12.92%,0.5646,43,✓ Yes,completed
1,28,22,07-22,+22.6%,+12.78%,0.5639,47,✓ Yes,completed
1,28,28,07-22,+17.5%,+11.66%,0.5583,60,✓ Yes,completed
1,32,10,07-22,+50.0%,+78.47%,0.8924,1,✗ No,budget_exceeded
1,32,14,07-22,+42.9%,+9.29%,0.5464,26,✓ Yes,completed
1,32,19,07-22,+18.6%,+10.60%,0.5530,33,✓ Yes,completed
1,32,23,07-22,+14.1%,+9.64%,0.5482,34,✓ Yes,completed
1,32,28,07-22,+12.3%,+9.18%,0.5459,34,✓ Yes,completed
1,32,32,07-22,+10.1%,+7.95%,0.5397,44,✓ Yes,completed
1,37,10,07-22,+50.0%,+78.47%,0.8924,1,✗ No,budget_exceeded
1,37,14,07-22,+28.1%,+7.36%,0.5368,19,✓ Yes,completed
1,37,19,07-22,+10.5%,+7.30%,0.5365,21,✓ Yes,completed
1,37,23,07-22,+9.2%,+7.20%,0.5360,22,✓ Yes,completed
1,37,28,07-22,+8.5%,+6.86%,0.5343,22,✓ Yes,completed
1,37,32,07-22,+7.5%,+6.63%,0.5331,23,✓ Yes,completed
1,37,37,07-22,+6.1%,+5.47%,0.5273,27,✓ Yes,completed
1,41,10,07-22,+50.0%,+78.25%,0.8913,1,✗ No,budget_exceeded
1,41,14,07-22,+19.3%,+4.44%,0.5222,12,✓ Yes,completed
1,41,19,07-22,+6.4%,+4.85%,0.5243,13,✓ Yes,completed
1,41,23,07-22,+6.0%,+4.97%,0.5248,13,✓ Yes,completed
1,41,28,07-22,+5.5%,+4.87%,0.5244,13,✓ Yes,completed
1,41,32,07-22,+5.0%,+4.54%,0.5227,14,✓ Yes,completed
1,41,37,07-22,+4.4%,+4.03%,0.5202,14,✓ Yes,completed
1,41,41,07-22,+3.6%,+3.46%,0.5173,19,✓ Yes,completed
1,46,10,07-22,+50.0%,+66.77%,0.8338,1,✗ No,budget_exceeded
1,46,14,07-22,+9.7%,+2.55%,0.5128,8,✓ Yes,completed
1,46,19,07-22,+4.0%,+2.91%,0.5145,8,✓ Yes,completed
1,46,23,07-22,+3.7%,+2.95%,0.5148,8,✓ Yes,completed
1,46,28,07-22,+3.4%,+2.92%,0.5146,8,✓ Yes,completed
1,46,32,07-22,+2.8%,+2.50%,0.5125,8,✓ Yes,completed
1,46,37,07-22,+2.4%,+2.33%,0.5116,8,✓ Yes,completed
1,46,41,07-22,+2.2%,+2.25%,0.5112,8,✓ Yes,completed
1,46,46,07-22,+1.2%,+1.22%,0.5061,10,✓ Yes,completed
1,50,10,07-22,+50.0%,+28.98%,0.6449,1,✗ No,budget_exceeded
1,50,14,07-22,+1.8%,+0.57%,0.5028,2,✓ Yes,completed
1,50,19,07-22,+1.1%,+0.65%,0.5032,2,✓ Yes,completed
1,50,23,07-22,+1.1%,+0.65%,0.5032,2,✓ Yes,completed
1,50,28,07-22,+1.0%,+0.62%,0.5031,2,✓ Yes,completed
1,50,32,07-22,+0.6%,+0.45%,0.5023,2,✓ Yes,completed
1,50,37,07-22,+0.3%,+0.41%,0.5020,2,✓ Yes,completed
1,50,41,07-22,+0.3%,+0.34%,0.5017,2,✓ Yes,completed
1,50,46,07-22,+0.2%,+0.21%,0.5011,2,✓ Yes,completed
1,50,50,07-22,+0.1%,+0.08%,0.5004,3,✓ Yes,completed
1,10,10,07-24,+50.0%,+95.99%,0.9799,1,✗ No,budget_exceeded
1,10,10,07-24,+50.0%,+95.99%,0.9799,1,✗ No,budget_exceeded
1,14,10,07-24,+50.0%,+95.99%,0.9799,1,✗ No,budget_exceeded
1,14,14,07-24,+50.0%,+82.84%,0.9142,79,✗ No,budget_exceeded
1,19,10,07-24,+50.0%,+95.56%,0.9778,1,✗ No,budget_exceeded
1,19,19,07-24,+50.0%,+27.63%,0.6381,103,✗ No,budget_exceeded
1,23,10,07-24,+50.0%,+81.80%,0.9090,1,✗ No,budget_exceeded
1,23,17,07-24,+40.2%,+15.39%,0.5769,53,✓ Yes,completed
1,23,23,07-24,+25.6%,+14.47%,0.5723,69,✓ Yes,completed
1,28,10,07-24,+50.0%,+81.70%,0.9085,1,✗ No,budget_exceeded
1,28,16,07-24,+36.7%,+13.65%,0.5683,43,✓ Yes,completed
1,28,22,07-24,+22.6%,+13.38%,0.5669,47,✓ Yes,completed
1,28,28,07-24,+17.8%,+12.01%,0.5601,62,✓ Yes,completed
1,32,10,07-24,+50.0%,+81.70%,0.9085,1,✗ No,budget_exceeded
1,32,14,07-24,+42.9%,+10.00%,0.5500,26,✓ Yes,completed
1,32,19,07-24,+18.6%,+10.72%,0.5536,33,✓ Yes,completed
1,32,23,07-24,+14.1%,+10.31%,0.5515,34,✓ Yes,completed
1,32,28,07-24,+12.3%,+9.77%,0.5489,34,✓ Yes,completed
1,32,32,07-24,+10.2%,+8.48%,0.5424,45,✓ Yes,completed
1,37,10,07-24,+50.0%,+81.70%,0.9085,1,✗ No,budget_exceeded
1,37,14,07-24,+28.1%,+8.03%,0.5401,19,✓ Yes,completed
1,37,19,07-24,+10.5%,+7.77%,0.5388,21,✓ Yes,completed
1,37,23,07-24,+9.2%,+7.65%,0.5383,22,✓ Yes,completed
1,37,28,07-24,+8.5%,+7.33%,0.5366,22,✓ Yes,completed
1,37,32,07-24,+7.5%,+7.03%,0.5351,23,✓ Yes,completed
1,37,37,07-24,+6.1%,+5.84%,0.5292,27,✓ Yes,completed
1,41,10,07-24,+50.0%,+81.48%,0.9074,1,✗ No,budget_exceeded
1,41,14,07-24,+19.3%,+4.69%,0.5234,12,✓ Yes,completed
1,41,19,07-24,+6.4%,+5.23%,0.5262,13,✓ Yes,completed
1,41,23,07-24,+6.0%,+5.36%,0.5268,13,✓ Yes,completed
1,41,28,07-24,+5.5%,+5.28%,0.5264,13,✓ Yes,completed
1,41,32,07-24,+5.0%,+4.95%,0.5247,14,✓ Yes,completed
1,41,37,07-24,+4.4%,+4.43%,0.5221,14,✓ Yes,completed
1,41,41,07-24,+3.6%,+3.93%,0.5196,19,✓ Yes,completed
1,46,10,07-24,+50.0%,+70.08%,0.8504,1,✗ No,budget_exceeded
1,46,14,07-24,+9.7%,+3.02%,0.5151,8,✓ Yes,completed
1,46,19,07-24,+4.0%,+3.43%,0.5171,8,✓ Yes,completed
1,46,23,07-24,+3.7%,+3.45%,0.5173,8,✓ Yes,completed
1,46,28,07-24,+3.4%,+3.33%,0.5167,8,✓ Yes,completed
1,46,32,07-24,+2.8%,+2.84%,0.5142,8,✓ Yes,completed
1,46,37,07-24,+2.4%,+2.61%,0.5130,8,✓ Yes,completed
1,46,41,07-24,+2.2%,+2.52%,0.5126,8,✓ Yes,completed
1,46,46,07-24,+1.2%,+1.28%,0.5064,10,✓ Yes,completed
1,50,10,07-24,+50.0%,+32.60%,0.6630,1,✗ No,budget_exceeded
1,50,14,07-24,+1.8%,+0.76%,0.5038,2,✓ Yes,completed
1,50,19,07-24,+1.1%,+0.72%,0.5036,2,✓ Yes,completed
1,50,23,07-24,+1.1%,+0.72%,0.5036,2,✓ Yes,completed
1,50,28,07-24,+1.0%,+0.69%,0.5034,2,✓ Yes,completed
1,50,32,07-24,+0.6%,+0.44%,0.5022,2,✓ Yes,completed
1,50,37,07-24,+0.3%,+0.34%,0.5017,2,✓ Yes,completed
1,50,41,07-24,+0.3%,+0.29%,0.5014,2,✓ Yes,completed
1,50,46,07-24,+0.2%,+0.18%,0.5009,2,✓ Yes,completed
1,50,50,07-24,+0.1%,+0.07%,0.5003,3,✓ Yes,completed
2,14,14,03-26,+50.0%,+95.89%,0.9794,1,✗ No,budget_exceeded
2,14,14,03-26,+50.0%,+95.89%,0.9794,1,✗ No,budget_exceeded
2,16,14,03-26,+50.0%,+95.89%,0.9794,1,✗ No,budget_exceeded
2,16,16,03-26,+50.0%,+95.11%,0.9756,6,✗ No,budget_exceeded
2,18,14,03-26,+50.0%,+95.89%,0.9794,1,✗ No,budget_exceeded
2,18,18,03-26,+50.0%,+81.73%,0.9087,35,✗ No,budget_exceeded
2,20,14,03-26,+50.0%,+95.89%,0.9794,1,✗ No,budget_exceeded
2,20,17,03-26,+50.0%,+83.96%,0.9198,18,✗ No,budget_exceeded
2,20,20,03-26,+50.0%,+57.22%,0.7861,67,✗ No,budget_exceeded
2,22,14,03-26,+50.0%,+95.46%,0.9773,1,✗ No,budget_exceeded
2,22,17,03-26,+50.0%,+81.84%,0.9092,17,✗ No,budget_exceeded
2,22,20,03-26,+50.0%,+61.33%,0.8066,39,✗ No,budget_exceeded
2,22,22,03-26,+47.8%,+13.55%,0.5678,94,✓ Yes,completed
2,24,14,03-26,+50.0%,+95.46%,0.9773,1,✗ No,budget_exceeded
2,24,16,03-26,+50.0%,+92.34%,0.9617,3,✗ No,budget_exceeded
2,24,18,03-26,+50.0%,+67.24%,0.8362,27,✗ No,budget_exceeded
2,24,20,03-26,+50.0%,+17.29%,0.5864,67,✗ No,budget_exceeded
2,24,22,03-26,+38.3%,+12.71%,0.5636,66,✓ Yes,completed
2,24,24,03-26,+31.7%,+11.92%,0.5596,83,✓ Yes,completed
2,26,14,03-26,+50.0%,+95.37%,0.9768,1,✗ No,budget_exceeded
2,26,16,03-26,+50.0%,+92.25%,0.9613,3,✗ No,budget_exceeded
2,26,18,03-26,+50.0%,+65.75%,0.8288,26,✗ No,budget_exceeded
2,26,20,03-26,+45.9%,+12.53%,0.5626,64,✓ Yes,completed
2,26,22,03-26,+33.2%,+11.96%,0.5598,61,✓ Yes,completed
2,26,24,03-26,+27.4%,+11.15%,0.5557,67,✓ Yes,completed
2,26,26,03-26,+24.3%,+10.57%,0.5528,73,✓ Yes,completed
2,28,14,03-26,+50.0%,+95.37%,0.9768,1,✗ No,budget_exceeded
2,28,16,03-26,+50.0%,+92.16%,0.9608,3,✗ No,budget_exceeded
2,28,18,03-26,+50.0%,+62.83%,0.8142,25,✗ No,budget_exceeded
2,28,20,03-26,+34.8%,+11.19%,0.5560,49,✓ Yes,completed
2,28,22,03-26,+27.3%,+10.62%,0.5531,49,✓ Yes,completed
2,28,24,03-26,+21.9%,+10.02%,0.5501,49,✓ Yes,completed
2,28,26,03-26,+20.1%,+9.70%,0.5485,49,✓ Yes,completed
2,28,28,03-26,+17.8%,+9.27%,0.5463,57,✓ Yes,completed
2,30,14,03-26,+50.0%,+95.37%,0.9768,1,✗ No,budget_exceeded
2,30,16,03-26,+50.0%,+92.16%,0.9608,3,✗ No,budget_exceeded
2,30,18,03-26,+50.0%,+60.01%,0.8001,23,✗ No,budget_exceeded
2,30,20,03-26,+28.8%,+9.95%,0.5498,39,✓ Yes,completed
2,30,22,03-26,+23.4%,+9.71%,0.5485,40,✓ Yes,completed
2,30,24,03-26,+18.4%,+9.31%,0.5465,40,✓ Yes,completed
2,30,26,03-26,+17.2%,+9.12%,0.5456,40,✓ Yes,completed
2,30,28,03-26,+16.0%,+9.00%,0.5450,41,✓ Yes,completed
2,30,30,03-26,+15.1%,+8.72%,0.5436,48,✓ Yes,completed
2,32,14,03-26,+50.0%,+95.37%,0.9768,1,✗ No,budget_exceeded
2,32,16,03-26,+50.0%,+89.77%,0.9489,2,✗ No,budget_exceeded
2,32,18,03-26,+50.0%,+58.32%,0.7916,21,✗ No,budget_exceeded
2,32,20,03-26,+26.5%,+9.34%,0.5467,34,✓ Yes,completed
2,32,22,03-26,+21.2%,+9.10%,0.5455,35,✓ Yes,completed
2,32,24,03-26,+16.9%,+8.86%,0.5443,36,✓ Yes,completed
2,32,26,03-26,+15.7%,+8.75%,0.5438,36,✓ Yes,completed
2,32,28,03-26,+14.5%,+8.53%,0.5427,37,✓ Yes,completed
2,32,30,03-26,+13.9%,+8.31%,0.5415,39,✓ Yes,completed
2,32,32,03-26,+13.2%,+8.16%,0.5408,48,✓ Yes,completed
2,14,14,04-07,+50.0%,+95.81%,0.9791,1,✗ No,budget_exceeded
2,14,14,04-07,+50.0%,+95.81%,0.9791,1,✗ No,budget_exceeded
2,16,14,04-07,+50.0%,+95.81%,0.9791,1,✗ No,budget_exceeded
2,16,16,04-07,+50.0%,+95.02%,0.9751,6,✗ No,budget_exceeded
2,18,14,04-07,+50.0%,+95.63%,0.9781,1,✗ No,budget_exceeded
2,18,18,04-07,+50.0%,+82.61%,0.9131,29,✗ No,budget_exceeded
2,20,14,04-07,+50.0%,+95.50%,0.9775,1,✗ No,budget_exceeded
2,20,17,04-07,+50.0%,+84.18%,0.9209,16,✗ No,budget_exceeded
2,20,20,04-07,+50.0%,+51.04%,0.7552,72,✗ No,budget_exceeded
2,22,14,04-07,+50.0%,+95.35%,0.9767,1,✗ No,budget_exceeded
2,22,17,04-07,+50.0%,+82.40%,0.9120,15,✗ No,budget_exceeded
2,22,20,04-07,+50.0%,+52.14%,0.7607,48,✗ No,budget_exceeded
2,22,22,04-07,+44.1%,+14.16%,0.5708,91,✓ Yes,completed
2,24,14,04-07,+50.0%,+95.11%,0.9755,1,✗ No,budget_exceeded
2,24,16,04-07,+50.0%,+91.94%,0.9597,3,✗ No,budget_exceeded
2,24,18,04-07,+50.0%,+62.46%,0.8123,28,✗ No,budget_exceeded
2,24,20,04-07,+46.0%,+13.98%,0.5699,68,✓ Yes,completed
2,24,22,04-07,+36.2%,+13.19%,0.5659,67,✓ Yes,completed
2,24,24,04-07,+30.6%,+12.32%,0.5616,82,✓ Yes,completed
2,26,14,04-07,+50.0%,+95.11%,0.9755,1,✗ No,budget_exceeded
2,26,16,04-07,+50.0%,+91.94%,0.9597,3,✗ No,budget_exceeded
2,26,18,04-07,+50.0%,+58.77%,0.7938,29,✗ No,budget_exceeded
2,26,20,04-07,+40.4%,+13.00%,0.5650,62,✓ Yes,completed
2,26,22,04-07,+31.4%,+12.37%,0.5619,62,✓ Yes,completed
2,26,24,04-07,+27.0%,+11.56%,0.5578,66,✓ Yes,completed
2,26,26,04-07,+23.6%,+10.94%,0.5547,70,✓ Yes,completed
2,28,14,04-07,+50.0%,+95.01%,0.9751,1,✗ No,budget_exceeded
2,28,16,04-07,+50.0%,+91.76%,0.9588,3,✗ No,budget_exceeded
2,28,18,04-07,+50.0%,+43.03%,0.7152,33,✗ No,budget_exceeded
2,28,20,04-07,+33.5%,+11.79%,0.5590,51,✓ Yes,completed
2,28,22,04-07,+26.6%,+11.06%,0.5553,53,✓ Yes,completed
2,28,24,04-07,+21.9%,+10.54%,0.5527,51,✓ Yes,completed
2,28,26,04-07,+19.7%,+10.06%,0.5503,50,✓ Yes,completed
2,28,28,04-07,+17.6%,+9.56%,0.5478,59,✓ Yes,completed
2,30,14,04-07,+50.0%,+93.28%,0.9664,1,✗ No,budget_exceeded
2,30,16,04-07,+50.0%,+90.01%,0.9501,3,✗ No,budget_exceeded
2,30,18,04-07,+50.0%,+21.31%,0.6065,39,✗ No,budget_exceeded
2,30,20,04-07,+27.6%,+10.49%,0.5524,41,✓ Yes,completed
2,30,22,04-07,+21.8%,+10.08%,0.5504,41,✓ Yes,completed
2,30,24,04-07,+18.0%,+9.58%,0.5479,40,✓ Yes,completed
2,30,26,04-07,+16.2%,+9.46%,0.5473,38,✓ Yes,completed
2,30,28,04-07,+14.5%,+9.26%,0.5463,37,✓ Yes,completed
2,30,30,04-07,+13.7%,+8.92%,0.5446,42,✓ Yes,completed
2,32,14,04-07,+50.0%,+93.28%,0.9664,1,✗ No,budget_exceeded
2,32,16,04-07,+50.0%,+87.52%,0.9376,2,✗ No,budget_exceeded
2,32,18,04-07,+47.6%,+10.68%,0.5534,35,✓ Yes,completed
2,32,20,04-07,+25.0%,+9.70%,0.5485,35,✓ Yes,completed
2,32,22,04-07,+19.4%,+9.31%,0.5465,35,✓ Yes,completed
2,32,24,04-07,+15.9%,+9.07%,0.5453,34,✓ Yes,completed
2,32,26,04-07,+14.3%,+9.03%,0.5451,33,✓ Yes,completed
2,32,28,04-07,+13.2%,+8.75%,0.5438,33,✓ Yes,completed
2,32,30,04-07,+12.8%,+8.58%,0.5429,34,✓ Yes,completed
2,32,32,04-07,+11.9%,+8.04%,0.5402,44,✓ Yes,completed
2,14,14,04-19,+50.0%,+95.45%,0.9772,1,✗ No,budget_exceeded
2,14,14,04-19,+50.0%,+95.45%,0.9772,1,✗ No,budget_exceeded
2,16,14,04-19,+50.0%,+95.45%,0.9772,1,✗ No,budget_exceeded
2,16,16,04-19,+50.0%,+95.45%,0.9772,1,✗ No,budget_exceeded
2,18,14,04-19,+50.0%,+94.92%,0.9746,1,✗ No,budget_exceeded
2,18,18,04-19,+50.0%,+84.25%,0.9213,24,✗ No,budget_exceeded
2,20,14,04-19,+50.0%,+94.84%,0.9742,1,✗ No,budget_exceeded
2,20,17,04-19,+50.0%,+85.76%,0.9288,13,✗ No,budget_exceeded
2,20,20,04-19,+50.0%,+45.07%,0.7253,75,✗ No,budget_exceeded
2,22,14,04-19,+50.0%,+94.84%,0.9742,1,✗ No,budget_exceeded
2,22,17,04-19,+50.0%,+85.33%,0.9267,13,✗ No,budget_exceeded
2,22,20,04-19,+50.0%,+46.32%,0.7316,53,✗ No,budget_exceeded
2,22,22,04-19,+42.1%,+16.65%,0.5832,85,✓ Yes,completed
2,24,14,04-19,+50.0%,+94.84%,0.9742,1,✗ No,budget_exceeded
2,24,16,04-19,+50.0%,+94.84%,0.9742,1,✗ No,budget_exceeded
2,24,18,04-19,+50.0%,+66.38%,0.8319,30,✗ No,budget_exceeded
2,24,20,04-19,+44.4%,+16.70%,0.5835,66,✓ Yes,completed
2,24,22,04-19,+36.2%,+15.43%,0.5771,67,✓ Yes,completed
2,24,24,04-19,+31.0%,+14.67%,0.5733,81,✓ Yes,completed
2,26,14,04-19,+50.0%,+94.84%,0.9742,1,✗ No,budget_exceeded
2,26,16,04-19,+50.0%,+94.84%,0.9742,1,✗ No,budget_exceeded
2,26,18,04-19,+50.0%,+58.25%,0.7913,32,✗ No,budget_exceeded
2,26,20,04-19,+39.0%,+15.20%,0.5760,60,✓ Yes,completed
2,26,22,04-19,+30.8%,+14.39%,0.5720,60,✓ Yes,completed
2,26,24,04-19,+27.3%,+13.49%,0.5675,66,✓ Yes,completed
2,26,26,04-19,+24.1%,+12.64%,0.5632,74,✓ Yes,completed
2,28,14,04-19,+50.0%,+94.84%,0.9742,1,✗ No,budget_exceeded
2,28,16,04-19,+50.0%,+94.84%,0.9742,1,✗ No,budget_exceeded
2,28,18,04-19,+50.0%,+41.21%,0.7061,37,✗ No,budget_exceeded
2,28,20,04-19,+32.6%,+13.80%,0.5690,49,✓ Yes,completed
2,28,22,04-19,+26.4%,+12.81%,0.5641,51,✓ Yes,completed
2,28,24,04-19,+23.3%,+12.13%,0.5606,51,✓ Yes,completed
2,28,26,04-19,+20.7%,+11.69%,0.5584,50,✓ Yes,completed
2,28,28,04-19,+18.2%,+11.04%,0.5552,62,✓ Yes,completed
2,30,14,04-19,+50.0%,+94.84%,0.9742,1,✗ No,budget_exceeded
2,30,16,04-19,+50.0%,+94.84%,0.9742,1,✗ No,budget_exceeded
2,30,18,04-19,+48.1%,+14.73%,0.5737,38,✓ Yes,completed
2,30,20,04-19,+27.8%,+12.55%,0.5628,41,✓ Yes,completed
2,30,22,04-19,+23.3%,+11.81%,0.5591,44,✓ Yes,completed
2,30,24,04-19,+20.4%,+11.43%,0.5571,44,✓ Yes,completed
2,30,26,04-19,+18.1%,+10.99%,0.5549,43,✓ Yes,completed
2,30,28,04-19,+16.8%,+10.66%,0.5533,43,✓ Yes,completed
2,30,30,04-19,+15.9%,+10.14%,0.5507,50,✓ Yes,completed
2,32,14,04-19,+50.0%,+94.74%,0.9737,1,✗ No,budget_exceeded
2,32,16,04-19,+50.0%,+94.74%,0.9737,1,✗ No,budget_exceeded
2,32,18,04-19,+45.1%,+13.56%,0.5678,33,✓ Yes,completed
2,32,20,04-19,+25.3%,+11.41%,0.5570,36,✓ Yes,completed
2,32,22,04-19,+20.7%,+11.08%,0.5554,38,✓ Yes,completed
2,32,24,04-19,+17.8%,+10.55%,0.5527,38,✓ Yes,completed
2,32,26,04-19,+16.6%,+10.39%,0.5520,38,✓ Yes,completed
2,32,28,04-19,+15.3%,+9.94%,0.5497,38,✓ Yes,completed
2,32,30,04-19,+14.8%,+9.87%,0.5493,39,✓ Yes,completed
2,32,32,04-19,+13.2%,+9.32%,0.5466,51,✓ Yes,completed
2,14,14,05-01,+50.0%,+95.42%,0.9771,1,✗ No,budget_exceeded
2,14,14,05-01,+50.0%,+95.42%,0.9771,1,✗ No,budget_exceeded
2,16,14,05-01,+50.0%,+95.42%,0.9771,1,✗ No,budget_exceeded
2,16,16,05-01,+50.0%,+94.57%,0.9729,5,✗ No,budget_exceeded
2,18,14,05-01,+50.0%,+95.42%,0.9771,1,✗ No,budget_exceeded
2,18,18,05-01,+50.0%,+82.06%,0.9103,35,✗ No,budget_exceeded
2,20,14,05-01,+50.0%,+94.95%,0.9748,1,✗ No,budget_exceeded
2,20,17,05-01,+50.0%,+84.69%,0.9234,15,✗ No,budget_exceeded
2,20,20,05-01,+50.0%,+23.51%,0.6175,88,✗ No,budget_exceeded
2,22,14,05-01,+50.0%,+94.95%,0.9748,1,✗ No,budget_exceeded
2,22,17,05-01,+50.0%,+81.55%,0.9077,16,✗ No,budget_exceeded
2,22,20,05-01,+49.8%,+18.96%,0.5948,63,✓ Yes,completed
2,22,22,05-01,+36.6%,+17.36%,0.5868,76,✓ Yes,completed
2,24,14,05-01,+50.0%,+94.87%,0.9743,1,✗ No,budget_exceeded
2,24,16,05-01,+50.0%,+91.85%,0.9592,6,✗ No,budget_exceeded
2,24,18,05-01,+50.0%,+39.36%,0.6968,45,✗ No,budget_exceeded
2,24,20,05-01,+37.0%,+17.19%,0.5860,56,✓ Yes,completed
2,24,22,05-01,+30.8%,+16.03%,0.5802,57,✓ Yes,completed
2,24,24,05-01,+26.8%,+14.99%,0.5750,74,✓ Yes,completed
2,26,14,05-01,+50.0%,+94.87%,0.9743,1,✗ No,budget_exceeded
2,26,16,05-01,+50.0%,+88.55%,0.9427,6,✗ No,budget_exceeded
2,26,18,05-01,+46.3%,+17.51%,0.5876,42,✓ Yes,completed
2,26,20,05-01,+31.8%,+15.69%,0.5785,49,✓ Yes,completed
2,26,22,05-01,+26.2%,+14.72%,0.5736,52,✓ Yes,completed
2,26,24,05-01,+23.1%,+13.87%,0.5693,58,✓ Yes,completed
2,26,26,05-01,+20.4%,+13.05%,0.5652,66,✓ Yes,completed
2,28,14,05-01,+50.0%,+94.87%,0.9743,1,✗ No,budget_exceeded
2,28,16,05-01,+50.0%,+88.45%,0.9422,6,✗ No,budget_exceeded
2,28,18,05-01,+40.6%,+16.21%,0.5811,36,✓ Yes,completed
2,28,20,05-01,+26.7%,+14.05%,0.5703,40,✓ Yes,completed
2,28,22,05-01,+22.1%,+13.27%,0.5664,43,✓ Yes,completed
2,28,24,05-01,+19.4%,+12.50%,0.5625,43,✓ Yes,completed
2,28,26,05-01,+17.6%,+11.92%,0.5596,43,✓ Yes,completed
2,28,28,05-01,+15.7%,+11.11%,0.5556,55,✓ Yes,completed
2,30,14,05-01,+50.0%,+94.87%,0.9743,1,✗ No,budget_exceeded
2,30,16,05-01,+50.0%,+83.57%,0.9178,7,✗ No,budget_exceeded
2,30,18,05-01,+36.0%,+14.64%,0.5732,31,✓ Yes,completed
2,30,20,05-01,+23.9%,+13.08%,0.5654,34,✓ Yes,completed
2,30,22,05-01,+19.5%,+12.20%,0.5610,36,✓ Yes,completed
2,30,24,05-01,+17.1%,+11.56%,0.5578,37,✓ Yes,completed
2,30,26,05-01,+15.6%,+11.04%,0.5552,37,✓ Yes,completed
2,30,28,05-01,+14.3%,+10.70%,0.5535,37,✓ Yes,completed
2,30,30,05-01,+13.6%,+10.30%,0.5515,45,✓ Yes,completed
2,32,14,05-01,+50.0%,+94.87%,0.9743,1,✗ No,budget_exceeded
2,32,16,05-01,+50.0%,+77.38%,0.8869,7,✗ No,budget_exceeded
2,32,18,05-01,+32.7%,+13.72%,0.5686,24,✓ Yes,completed
2,32,20,05-01,+21.6%,+12.02%,0.5601,29,✓ Yes,completed
2,32,22,05-01,+17.4%,+11.25%,0.5562,31,✓ Yes,completed
2,32,24,05-01,+15.2%,+10.72%,0.5536,32,✓ Yes,completed
2,32,26,05-01,+14.1%,+10.43%,0.5522,32,✓ Yes,completed
2,32,28,05-01,+12.9%,+10.13%,0.5506,32,✓ Yes,completed
2,32,30,05-01,+12.6%,+9.96%,0.5498,33,✓ Yes,completed
2,32,32,05-01,+11.6%,+9.46%,0.5473,42,✓ Yes,completed
2,14,14,05-13,+50.0%,+95.23%,0.9762,3,✗ No,budget_exceeded
2,14,14,05-13,+50.0%,+95.23%,0.9762,3,✗ No,budget_exceeded
2,16,14,05-13,+50.0%,+95.04%,0.9752,2,✗ No,budget_exceeded
2,16,16,05-13,+50.0%,+86.91%,0.9346,38,✗ No,budget_exceeded
2,18,14,05-13,+50.0%,+94.97%,0.9748,2,✗ No,budget_exceeded
2,18,18,05-13,+50.0%,+50.87%,0.7544,70,✗ No,budget_exceeded
2,20,14,05-13,+50.0%,+94.81%,0.9740,2,✗ No,budget_exceeded
2,20,17,05-13,+50.0%,+39.18%,0.6959,52,✗ No,budget_exceeded
2,20,20,05-13,+38.1%,+14.63%,0.5732,83,✓ Yes,completed
2,22,14,05-13,+50.0%,+94.24%,0.9712,2,✗ No,budget_exceeded
2,22,17,05-13,+48.3%,+15.28%,0.5764,53,✓ Yes,completed
2,22,20,05-13,+33.9%,+13.99%,0.5700,59,✓ Yes,completed
2,22,22,05-13,+26.7%,+13.24%,0.5662,65,✓ Yes,completed
2,24,14,05-13,+50.0%,+94.15%,0.9708,2,✗ No,budget_exceeded
2,24,16,05-13,+50.0%,+33.05%,0.6653,37,✗ No,budget_exceeded
2,24,18,05-13,+32.9%,+13.21%,0.5660,47,✓ Yes,completed
2,24,20,05-13,+24.1%,+12.96%,0.5648,47,✓ Yes,completed
2,24,22,05-13,+21.3%,+12.52%,0.5626,47,✓ Yes,completed
2,24,24,05-13,+19.1%,+11.97%,0.5598,58,✓ Yes,completed
2,26,14,05-13,+50.0%,+94.15%,0.9708,2,✗ No,budget_exceeded
2,26,16,05-13,+46.2%,+13.01%,0.5651,32,✓ Yes,completed
2,26,18,05-13,+28.6%,+12.02%,0.5601,41,✓ Yes,completed
2,26,20,05-13,+20.2%,+11.94%,0.5597,42,✓ Yes,completed
2,26,22,05-13,+17.6%,+11.29%,0.5564,42,✓ Yes,completed
2,26,24,05-13,+16.2%,+10.81%,0.5540,44,✓ Yes,completed
2,26,26,05-13,+14.3%,+9.95%,0.5498,53,✓ Yes,completed
2,28,14,05-13,+50.0%,+94.05%,0.9703,2,✗ No,budget_exceeded
2,28,16,05-13,+44.1%,+12.28%,0.5614,29,✓ Yes,completed
2,28,18,05-13,+23.4%,+11.24%,0.5562,33,✓ Yes,completed
2,28,20,05-13,+16.1%,+10.25%,0.5513,35,✓ Yes,completed
2,28,22,05-13,+14.3%,+9.82%,0.5491,35,✓ Yes,completed
2,28,24,05-13,+13.6%,+9.53%,0.5476,35,✓ Yes,completed
2,28,26,05-13,+11.8%,+9.01%,0.5451,34,✓ Yes,completed
2,28,28,05-13,+10.4%,+8.45%,0.5423,42,✓ Yes,completed
2,30,14,05-13,+50.0%,+93.95%,0.9697,2,✗ No,budget_exceeded
2,30,16,05-13,+40.9%,+11.47%,0.5574,25,✓ Yes,completed
2,30,18,05-13,+19.0%,+10.20%,0.5510,28,✓ Yes,completed
2,30,20,05-13,+13.2%,+9.13%,0.5456,28,✓ Yes,completed
2,30,22,05-13,+12.0%,+8.88%,0.5444,28,✓ Yes,completed
2,30,24,05-13,+11.3%,+8.73%,0.5436,27,✓ Yes,completed
2,30,26,05-13,+10.1%,+8.26%,0.5413,27,✓ Yes,completed
2,30,28,05-13,+9.4%,+7.89%,0.5394,27,✓ Yes,completed
2,30,30,05-13,+8.6%,+7.37%,0.5368,36,✓ Yes,completed
2,32,14,05-13,+50.0%,+87.26%,0.9363,2,✗ No,budget_exceeded
2,32,16,05-13,+39.1%,+10.89%,0.5545,22,✓ Yes,completed
2,32,18,05-13,+16.2%,+8.98%,0.5449,23,✓ Yes,completed
2,32,20,05-13,+10.9%,+8.14%,0.5407,22,✓ Yes,completed
2,32,22,05-13,+9.8%,+7.89%,0.5395,22,✓ Yes,completed
2,32,24,05-13,+9.7%,+7.84%,0.5392,22,✓ Yes,completed
2,32,26,05-13,+9.0%,+7.56%,0.5378,22,✓ Yes,completed
2,32,28,05-13,+8.2%,+7.15%,0.5357,22,✓ Yes,completed
2,32,30,05-13,+7.9%,+6.97%,0.5349,23,✓ Yes,completed
2,32,32,05-13,+7.2%,+6.48%,0.5324,29,✓ Yes,completed
2,14,14,05-25,+50.0%,+94.57%,0.9728,6,✗ No,budget_exceeded
2,14,14,05-25,+50.0%,+94.57%,0.9728,6,✗ No,budget_exceeded
2,16,14,05-25,+50.0%,+93.22%,0.9661,5,✗ No,budget_exceeded
2,16,16,05-25,+50.0%,+67.71%,0.8385,66,✗ No,budget_exceeded
2,18,14,05-25,+50.0%,+92.70%,0.9635,5,✗ No,budget_exceeded
2,18,18,05-25,+50.0%,+14.77%,0.5738,89,✗ No,budget_exceeded
2,20,14,05-25,+50.0%,+91.18%,0.9559,6,✗ No,budget_exceeded
2,20,17,05-25,+43.7%,+13.80%,0.5690,67,✓ Yes,completed
2,20,20,05-25,+30.9%,+12.70%,0.5635,72,✓ Yes,completed
2,22,14,05-25,+50.0%,+90.75%,0.9538,6,✗ No,budget_exceeded
2,22,17,05-25,+33.3%,+12.42%,0.5621,50,✓ Yes,completed
2,22,20,05-25,+25.8%,+11.67%,0.5584,49,✓ Yes,completed
2,22,22,05-25,+21.1%,+10.36%,0.5518,56,✓ Yes,completed
2,24,14,05-25,+50.0%,+88.08%,0.9404,7,✗ No,budget_exceeded
2,24,16,05-25,+32.3%,+11.06%,0.5553,37,✓ Yes,completed
2,24,18,05-25,+22.3%,+10.28%,0.5514,39,✓ Yes,completed
2,24,20,05-25,+19.4%,+9.72%,0.5486,39,✓ Yes,completed
2,24,22,05-25,+17.1%,+9.42%,0.5471,39,✓ Yes,completed
2,24,24,05-25,+15.3%,+8.96%,0.5448,45,✓ Yes,completed
2,26,14,05-25,+50.0%,+78.59%,0.8930,8,✗ No,budget_exceeded
2,26,16,05-25,+27.5%,+9.99%,0.5499,30,✓ Yes,completed
2,26,18,05-25,+18.8%,+9.04%,0.5452,34,✓ Yes,completed
2,26,20,05-25,+16.3%,+8.89%,0.5445,34,✓ Yes,completed
2,26,22,05-25,+14.2%,+8.56%,0.5428,34,✓ Yes,completed
2,26,24,05-25,+13.1%,+8.34%,0.5417,35,✓ Yes,completed
2,26,26,05-25,+11.6%,+7.74%,0.5387,40,✓ Yes,completed
2,28,14,05-25,+50.0%,+71.28%,0.8564,9,✗ No,budget_exceeded
2,28,16,05-25,+25.5%,+9.33%,0.5467,27,✓ Yes,completed
2,28,18,05-25,+15.4%,+8.03%,0.5402,29,✓ Yes,completed
2,28,20,05-25,+13.3%,+7.98%,0.5399,29,✓ Yes,completed
2,28,22,05-25,+12.0%,+7.71%,0.5385,29,✓ Yes,completed
2,28,24,05-25,+11.6%,+7.68%,0.5384,29,✓ Yes,completed
2,28,26,05-25,+10.3%,+7.22%,0.5361,29,✓ Yes,completed
2,28,28,05-25,+9.5%,+6.85%,0.5343,37,✓ Yes,completed
2,30,14,05-25,+50.0%,+47.32%,0.7366,10,✗ No,budget_exceeded
2,30,16,05-25,+23.7%,+8.65%,0.5433,24,✓ Yes,completed
2,30,18,05-25,+13.3%,+7.48%,0.5374,25,✓ Yes,completed
2,30,20,05-25,+11.7%,+7.33%,0.5367,25,✓ Yes,completed
2,30,22,05-25,+10.7%,+7.23%,0.5362,25,✓ Yes,completed
2,30,24,05-25,+10.5%,+7.15%,0.5358,25,✓ Yes,completed
2,30,26,05-25,+9.4%,+6.82%,0.5341,25,✓ Yes,completed
2,30,28,05-25,+8.8%,+6.48%,0.5324,25,✓ Yes,completed
2,30,30,05-25,+8.1%,+5.99%,0.5299,33,✓ Yes,completed
2,32,14,05-25,+50.0%,+11.24%,0.5562,18,✗ No,budget_exceeded
2,32,16,05-25,+21.9%,+7.82%,0.5391,21,✓ Yes,completed
2,32,18,05-25,+11.6%,+6.76%,0.5338,22,✓ Yes,completed
2,32,20,05-25,+10.3%,+6.66%,0.5333,22,✓ Yes,completed
2,32,22,05-25,+9.4%,+6.59%,0.5329,22,✓ Yes,completed
2,32,24,05-25,+9.2%,+6.54%,0.5327,22,✓ Yes,completed
2,32,26,05-25,+8.5%,+6.22%,0.5311,22,✓ Yes,completed
2,32,28,05-25,+7.9%,+5.95%,0.5298,22,✓ Yes,completed
2,32,30,05-25,+7.5%,+5.79%,0.5290,22,✓ Yes,completed
2,32,32,05-25,+6.8%,+5.25%,0.5263,27,✓ Yes,completed
2,14,14,06-06,+50.0%,+87.38%,0.9369,25,✗ No,budget_exceeded
2,14,14,06-06,+50.0%,+87.38%,0.9369,25,✗ No,budget_exceeded
2,16,14,06-06,+50.0%,+74.79%,0.8740,25,✗ No,budget_exceeded
2,16,16,06-06,+50.0%,+44.99%,0.7249,83,✗ No,budget_exceeded
2,18,14,06-06,+50.0%,+67.61%,0.8381,24,✗ No,budget_exceeded
2,18,18,06-06,+46.9%,+10.82%,0.5541,88,✓ Yes,completed
2,20,14,06-06,+50.0%,+62.92%,0.8146,23,✗ No,budget_exceeded
2,20,17,06-06,+42.0%,+10.46%,0.5523,70,✓ Yes,completed
2,20,20,06-06,+29.4%,+10.56%,0.5528,72,✓ Yes,completed
2,22,14,06-06,+50.0%,+40.86%,0.7043,25,✗ No,budget_exceeded
2,22,17,06-06,+30.8%,+10.02%,0.5501,53,✓ Yes,completed
2,22,20,06-06,+21.5%,+10.56%,0.5528,47,✓ Yes,completed
2,22,22,06-06,+16.1%,+9.79%,0.5490,46,✓ Yes,completed
2,24,14,06-06,+50.0%,+27.53%,0.6377,24,✗ No,budget_exceeded
2,24,16,06-06,+23.9%,+9.61%,0.5480,37,✓ Yes,completed
2,24,18,06-06,+16.7%,+9.63%,0.5481,34,✓ Yes,completed
2,24,20,06-06,+14.6%,+9.29%,0.5465,33,✓ Yes,completed
2,24,22,06-06,+12.7%,+8.90%,0.5445,32,✓ Yes,completed
2,24,24,06-06,+11.2%,+8.54%,0.5427,33,✓ Yes,completed
2,26,14,06-06,+50.0%,+22.90%,0.6145,24,✗ No,budget_exceeded
2,26,16,06-06,+19.8%,+8.79%,0.5440,31,✓ Yes,completed
2,26,18,06-06,+13.9%,+8.56%,0.5428,29,✓ Yes,completed
2,26,20,06-06,+12.2%,+8.42%,0.5421,28,✓ Yes,completed
2,26,22,06-06,+10.4%,+8.06%,0.5403,27,✓ Yes,completed
2,26,24,06-06,+9.8%,+7.90%,0.5395,27,✓ Yes,completed
2,26,26,06-06,+8.8%,+7.48%,0.5374,32,✓ Yes,completed
2,28,14,06-06,+50.0%,+18.31%,0.5916,24,✗ No,budget_exceeded
2,28,16,06-06,+16.6%,+8.25%,0.5412,26,✓ Yes,completed
2,28,18,06-06,+12.0%,+7.94%,0.5397,25,✓ Yes,completed
2,28,20,06-06,+10.5%,+7.85%,0.5393,24,✓ Yes,completed
2,28,22,06-06,+9.3%,+7.67%,0.5384,24,✓ Yes,completed
2,28,24,06-06,+9.0%,+7.56%,0.5378,24,✓ Yes,completed
2,28,26,06-06,+7.6%,+7.18%,0.5359,23,✓ Yes,completed
2,28,28,06-06,+7.1%,+6.88%,0.5344,26,✓ Yes,completed
2,30,14,06-06,+49.1%,+4.67%,0.5233,25,✓ Yes,completed
2,30,16,06-06,+14.2%,+7.45%,0.5372,21,✓ Yes,completed
2,30,18,06-06,+10.1%,+7.39%,0.5369,21,✓ Yes,completed
2,30,20,06-06,+9.3%,+7.41%,0.5370,21,✓ Yes,completed
2,30,22,06-06,+8.5%,+7.16%,0.5358,21,✓ Yes,completed
2,30,24,06-06,+8.2%,+7.03%,0.5352,21,✓ Yes,completed
2,30,26,06-06,+7.0%,+6.82%,0.5341,20,✓ Yes,completed
2,30,28,06-06,+6.6%,+6.56%,0.5328,20,✓ Yes,completed
2,30,30,06-06,+5.9%,+6.28%,0.5314,26,✓ Yes,completed
2,32,14,06-06,+46.1%,+4.29%,0.5215,22,✓ Yes,completed
2,32,16,06-06,+12.6%,+6.84%,0.5342,18,✓ Yes,completed
2,32,18,06-06,+8.9%,+6.85%,0.5343,19,✓ Yes,completed
2,32,20,06-06,+8.2%,+6.69%,0.5334,19,✓ Yes,completed
2,32,22,06-06,+7.1%,+6.67%,0.5333,18,✓ Yes,completed
2,32,24,06-06,+6.9%,+6.60%,0.5330,18,✓ Yes,completed
2,32,26,06-06,+6.4%,+6.31%,0.5315,18,✓ Yes,completed
2,32,28,06-06,+5.8%,+6.23%,0.5311,17,✓ Yes,completed
2,32,30,06-06,+5.4%,+6.00%,0.5300,17,✓ Yes,completed
2,32,32,06-06,+4.9%,+5.54%,0.5277,20,✓ Yes,completed
2,14,14,06-08,+50.0%,+85.66%,0.9283,34,✗ No,budget_exceeded
2,14,14,06-08,+50.0%,+85.66%,0.9283,34,✗ No,budget_exceeded
2,16,14,06-08,+50.0%,+73.61%,0.8680,27,✗ No,budget_exceeded
2,16,16,06-08,+50.0%,+41.95%,0.7098,86,✗ No,budget_exceeded
2,18,14,06-08,+50.0%,+66.50%,0.8325,25,✗ No,budget_exceeded
2,18,18,06-08,+47.1%,+10.08%,0.5504,89,✓ Yes,completed
2,20,14,06-08,+50.0%,+60.07%,0.8003,26,✗ No,budget_exceeded
2,20,17,06-08,+41.6%,+9.81%,0.5490,70,✓ Yes,completed
2,20,20,06-08,+30.5%,+9.84%,0.5492,73,✓ Yes,completed
2,22,14,06-08,+50.0%,+34.91%,0.6745,31,✗ No,budget_exceeded
2,22,17,06-08,+32.3%,+9.28%,0.5464,55,✓ Yes,completed
2,22,20,06-08,+25.8%,+9.47%,0.5474,52,✓ Yes,completed
2,22,22,06-08,+17.4%,+9.47%,0.5474,48,✓ Yes,completed
2,24,14,06-08,+50.0%,+26.07%,0.6304,25,✗ No,budget_exceeded
2,24,16,06-08,+29.2%,+8.27%,0.5413,41,✓ Yes,completed
2,24,18,06-08,+17.7%,+9.17%,0.5458,36,✓ Yes,completed
2,24,20,06-08,+15.6%,+8.97%,0.5448,35,✓ Yes,completed
2,24,22,06-08,+12.9%,+8.68%,0.5434,33,✓ Yes,completed
2,24,24,06-08,+11.3%,+8.19%,0.5410,34,✓ Yes,completed
2,26,14,06-08,+50.0%,+21.34%,0.6067,25,✗ No,budget_exceeded
2,26,16,06-08,+20.3%,+8.39%,0.5420,32,✓ Yes,completed
2,26,18,06-08,+14.2%,+8.38%,0.5419,30,✓ Yes,completed
2,26,20,06-08,+12.5%,+8.21%,0.5411,29,✓ Yes,completed
2,26,22,06-08,+10.7%,+7.78%,0.5389,28,✓ Yes,completed
2,26,24,06-08,+9.9%,+7.49%,0.5375,28,✓ Yes,completed
2,26,26,06-08,+8.9%,+7.18%,0.5359,32,✓ Yes,completed
2,28,14,06-08,+50.0%,+15.15%,0.5758,25,✗ No,budget_exceeded
2,28,16,06-08,+17.6%,+7.74%,0.5387,28,✓ Yes,completed
2,28,18,06-08,+12.2%,+7.74%,0.5387,26,✓ Yes,completed
2,28,20,06-08,+10.9%,+7.61%,0.5380,25,✓ Yes,completed
2,28,22,06-08,+9.5%,+7.37%,0.5369,24,✓ Yes,completed
2,28,24,06-08,+9.1%,+7.24%,0.5362,24,✓ Yes,completed
2,28,26,06-08,+8.1%,+6.74%,0.5337,24,✓ Yes,completed
2,28,28,06-08,+7.5%,+6.64%,0.5332,26,✓ Yes,completed
2,30,14,06-08,+50.0%,+6.81%,0.5341,26,✗ No,budget_exceeded
2,30,16,06-08,+14.9%,+7.32%,0.5366,23,✓ Yes,completed
2,30,18,06-08,+10.5%,+7.13%,0.5356,22,✓ Yes,completed
2,30,20,06-08,+9.7%,+7.14%,0.5357,22,✓ Yes,completed
2,30,22,06-08,+8.8%,+6.98%,0.5349,22,✓ Yes,completed
2,30,24,06-08,+8.5%,+6.81%,0.5340,22,✓ Yes,completed
2,30,26,06-08,+7.4%,+6.58%,0.5329,21,✓ Yes,completed
2,30,28,06-08,+7.0%,+6.32%,0.5316,21,✓ Yes,completed
2,30,30,06-08,+6.5%,+5.89%,0.5295,28,✓ Yes,completed
2,32,14,06-08,+49.8%,+3.15%,0.5157,26,✓ Yes,completed
2,32,16,06-08,+12.9%,+6.63%,0.5332,19,✓ Yes,completed
2,32,18,06-08,+8.9%,+6.47%,0.5324,19,✓ Yes,completed
2,32,20,06-08,+8.2%,+6.30%,0.5315,19,✓ Yes,completed
2,32,22,06-08,+7.5%,+6.45%,0.5322,19,✓ Yes,completed
2,32,24,06-08,+7.3%,+6.36%,0.5318,19,✓ Yes,completed
2,32,26,06-08,+6.7%,+6.06%,0.5303,19,✓ Yes,completed
2,32,28,06-08,+6.4%,+5.82%,0.5291,19,✓ Yes,completed
2,32,30,06-08,+6.1%,+5.68%,0.5284,19,✓ Yes,completed
2,32,32,06-08,+5.4%,+5.21%,0.5260,22,✓ Yes,completed
3,18,16,04-14,+50.0%,+95.58%,0.9779,1,✗ No,budget_exceeded
3,18,17,04-14,+50.0%,+94.19%,0.9710,3,✗ No,budget_exceeded
3,18,18,04-14,+50.0%,+82.47%,0.9123,25,✗ No,budget_exceeded
3,19,16,04-14,+50.0%,+95.26%,0.9763,1,✗ No,budget_exceeded
3,19,17,04-14,+50.0%,+93.81%,0.9690,3,✗ No,budget_exceeded
3,19,17,04-14,+50.0%,+87.75%,0.9387,12,✗ No,budget_exceeded
3,19,18,04-14,+50.0%,+79.49%,0.8975,26,✗ No,budget_exceeded
3,19,19,04-14,+50.0%,+72.80%,0.8640,51,✗ No,budget_exceeded
3,20,16,04-14,+50.0%,+95.04%,0.9752,1,✗ No,budget_exceeded
3,20,17,04-14,+50.0%,+93.51%,0.9676,3,✗ No,budget_exceeded
3,20,18,04-14,+50.0%,+86.79%,0.9339,12,✗ No,budget_exceeded
3,20,18,04-14,+50.0%,+75.46%,0.8773,25,✗ No,budget_exceeded
3,20,19,04-14,+50.0%,+63.10%,0.8155,44,✗ No,budget_exceeded
3,20,20,04-14,+50.0%,+45.46%,0.7273,76,✗ No,budget_exceeded
3,21,16,04-14,+50.0%,+95.04%,0.9752,1,✗ No,budget_exceeded
3,21,17,04-14,+50.0%,+93.29%,0.9664,3,✗ No,budget_exceeded
3,21,18,04-14,+50.0%,+86.36%,0.9318,12,✗ No,budget_exceeded
3,21,18,04-14,+50.0%,+73.71%,0.8686,26,✗ No,budget_exceeded
3,21,19,04-14,+50.0%,+52.80%,0.7640,49,✗ No,budget_exceeded
3,21,20,04-14,+50.0%,+32.30%,0.6615,71,✗ No,budget_exceeded
3,21,21,04-14,+50.0%,+15.83%,0.5792,102,✓ Yes,completed
3,22,16,04-14,+50.0%,+94.95%,0.9748,1,✗ No,budget_exceeded
3,22,17,04-14,+50.0%,+91.67%,0.9584,3,✗ No,budget_exceeded
3,22,18,04-14,+50.0%,+84.49%,0.9225,12,✗ No,budget_exceeded
3,22,19,04-14,+50.0%,+71.88%,0.8594,26,✗ No,budget_exceeded
3,22,19,04-14,+50.0%,+47.88%,0.7394,50,✗ No,budget_exceeded
3,22,20,04-14,+50.0%,+19.59%,0.5980,73,✗ No,budget_exceeded
3,22,21,04-14,+46.2%,+15.30%,0.5765,79,✓ Yes,completed
3,22,22,04-14,+42.3%,+14.92%,0.5746,85,✓ Yes,completed
3,23,16,04-14,+50.0%,+94.87%,0.9743,1,✗ No,budget_exceeded
3,23,17,04-14,+50.0%,+91.60%,0.9580,3,✗ No,budget_exceeded
3,23,18,04-14,+50.0%,+84.33%,0.9217,12,✗ No,budget_exceeded
3,23,19,04-14,+50.0%,+67.50%,0.8375,28,✗ No,budget_exceeded
3,23,19,04-14,+50.0%,+37.44%,0.6872,55,✗ No,budget_exceeded
3,23,20,04-14,+47.6%,+15.18%,0.5759,71,✓ Yes,completed
3,23,21,04-14,+42.3%,+14.83%,0.5742,71,✓ Yes,completed
3,23,22,04-14,+38.7%,+14.36%,0.5718,71,✓ Yes,completed
3,23,23,04-14,+36.2%,+13.63%,0.5681,82,✓ Yes,completed
3,24,16,04-14,+50.0%,+93.18%,0.9659,1,✗ No,budget_exceeded
3,24,17,04-14,+50.0%,+89.93%,0.9497,3,✗ No,budget_exceeded
3,24,17,04-14,+50.0%,+79.89%,0.8995,15,✗ No,budget_exceeded
3,24,18,04-14,+50.0%,+63.77%,0.8188,30,✗ No,budget_exceeded
3,24,19,04-14,+50.0%,+31.23%,0.6561,58,✗ No,budget_exceeded
3,24,20,04-14,+50.0%,+31.23%,0.6561,58,✗ No,budget_exceeded
3,24,21,04-14,+44.2%,+14.72%,0.5736,66,✓ Yes,completed
3,24,22,04-14,+39.3%,+14.20%,0.5710,66,✓ Yes,completed
3,24,23,04-14,+36.1%,+13.53%,0.5677,67,✓ Yes,completed
3,24,23,04-14,+33.4%,+13.10%,0.5655,69,✓ Yes,completed
3,24,24,04-14,+31.0%,+12.57%,0.5629,83,✓ Yes,completed
3,25,16,04-14,+50.0%,+93.09%,0.9655,1,✗ No,budget_exceeded
3,25,17,04-14,+50.0%,+89.85%,0.9492,3,✗ No,budget_exceeded
3,25,17,04-14,+50.0%,+79.63%,0.8981,15,✗ No,budget_exceeded
3,25,18,04-14,+50.0%,+61.96%,0.8098,31,✗ No,budget_exceeded
3,25,19,04-14,+50.0%,+20.34%,0.6017,62,✗ No,budget_exceeded
3,25,20,04-14,+42.3%,+14.38%,0.5719,65,✓ Yes,completed
3,25,21,04-14,+42.3%,+14.38%,0.5719,65,✓ Yes,completed
3,25,22,04-14,+37.8%,+13.78%,0.5689,66,✓ Yes,completed
3,25,23,04-14,+34.6%,+13.13%,0.5656,67,✓ Yes,completed
3,25,24,04-14,+32.0%,+12.66%,0.5633,67,✓ Yes,completed
3,25,24,04-14,+29.5%,+12.34%,0.5617,73,✓ Yes,completed
3,25,25,04-14,+27.2%,+11.91%,0.5595,82,✓ Yes,completed
3,26,16,04-14,+50.0%,+93.09%,0.9655,1,✗ No,budget_exceeded
3,26,17,04-14,+50.0%,+89.85%,0.9492,3,✗ No,budget_exceeded
3,26,17,04-14,+50.0%,+75.94%,0.8797,15,✗ No,budget_exceeded
3,26,18,04-14,+50.0%,+51.79%,0.7589,33,✗ No,budget_exceeded
3,26,19,04-14,+47.8%,+13.99%,0.5699,59,✓ Yes,completed
3,26,20,04-14,+38.9%,+13.60%,0.5680,60,✓ Yes,completed
3,26,21,04-14,+38.9%,+13.60%,0.5680,60,✓ Yes,completed
3,26,22,04-14,+34.9%,+12.88%,0.5644,62,✓ Yes,completed
3,26,23,04-14,+31.1%,+12.37%,0.5619,61,✓ Yes,completed
3,26,24,04-14,+29.1%,+12.08%,0.5604,62,✓ Yes,completed
3,26,25,04-14,+26.7%,+11.70%,0.5585,66,✓ Yes,completed
3,26,25,04-14,+25.1%,+11.40%,0.5570,65,✓ Yes,completed
3,26,26,04-14,+23.4%,+11.11%,0.5556,69,✓ Yes,completed
3,18,16,04-20,+50.0%,+94.97%,0.9748,1,✗ No,budget_exceeded
3,18,17,04-20,+50.0%,+94.97%,0.9748,1,✗ No,budget_exceeded
3,18,18,04-20,+50.0%,+85.40%,0.9270,23,✗ No,budget_exceeded
3,19,16,04-20,+50.0%,+94.97%,0.9748,1,✗ No,budget_exceeded
3,19,17,04-20,+50.0%,+94.97%,0.9748,1,✗ No,budget_exceeded
3,19,17,04-20,+50.0%,+89.08%,0.9454,13,✗ No,budget_exceeded
3,19,18,04-20,+50.0%,+83.48%,0.9174,24,✗ No,budget_exceeded
3,19,19,04-20,+50.0%,+76.92%,0.8846,49,✗ No,budget_exceeded
3,20,16,04-20,+50.0%,+94.97%,0.9748,1,✗ No,budget_exceeded
3,20,17,04-20,+50.0%,+94.97%,0.9748,1,✗ No,budget_exceeded
3,20,18,04-20,+50.0%,+86.91%,0.9346,12,✗ No,budget_exceeded
3,20,18,04-20,+50.0%,+78.62%,0.8931,24,✗ No,budget_exceeded
3,20,19,04-20,+50.0%,+62.62%,0.8131,45,✗ No,budget_exceeded
3,20,20,04-20,+50.0%,+46.35%,0.7318,74,✗ No,budget_exceeded
3,21,16,04-20,+50.0%,+94.97%,0.9748,1,✗ No,budget_exceeded
3,21,17,04-20,+50.0%,+94.97%,0.9748,1,✗ No,budget_exceeded
3,21,18,04-20,+50.0%,+86.70%,0.9335,12,✗ No,budget_exceeded
3,21,18,04-20,+50.0%,+76.74%,0.8837,25,✗ No,budget_exceeded
3,21,19,04-20,+50.0%,+56.28%,0.7814,48,✗ No,budget_exceeded
3,21,20,04-20,+50.0%,+33.03%,0.6651,69,✗ No,budget_exceeded
3,21,21,04-20,+48.6%,+18.05%,0.5902,98,✓ Yes,completed
3,22,16,04-20,+50.0%,+94.97%,0.9748,1,✗ No,budget_exceeded
3,22,17,04-20,+50.0%,+94.97%,0.9748,1,✗ No,budget_exceeded
3,22,18,04-20,+50.0%,+86.10%,0.9305,13,✗ No,budget_exceeded
3,22,19,04-20,+50.0%,+75.16%,0.8758,26,✗ No,budget_exceeded
3,22,19,04-20,+50.0%,+47.62%,0.7381,52,✗ No,budget_exceeded
3,22,20,04-20,+49.5%,+18.09%,0.5904,72,✓ Yes,completed
3,22,21,04-20,+45.4%,+17.58%,0.5879,77,✓ Yes,completed
3,22,22,04-20,+42.1%,+16.99%,0.5849,85,✓ Yes,completed
3,23,16,04-20,+50.0%,+94.97%,0.9748,1,✗ No,budget_exceeded
3,23,17,04-20,+50.0%,+94.97%,0.9748,1,✗ No,budget_exceeded
3,23,18,04-20,+50.0%,+84.43%,0.9221,12,✗ No,budget_exceeded
3,23,19,04-20,+50.0%,+68.91%,0.8446,28,✗ No,budget_exceeded
3,23,19,04-20,+50.0%,+40.02%,0.7001,55,✗ No,budget_exceeded
3,23,20,04-20,+46.3%,+17.61%,0.5880,67,✓ Yes,completed
3,23,21,04-20,+42.2%,+16.92%,0.5846,70,✓ Yes,completed
3,23,22,04-20,+38.8%,+16.39%,0.5819,71,✓ Yes,completed
3,23,23,04-20,+35.9%,+15.65%,0.5783,82,✓ Yes,completed
3,24,16,04-20,+50.0%,+94.97%,0.9748,1,✗ No,budget_exceeded
3,24,17,04-20,+50.0%,+94.97%,0.9748,1,✗ No,budget_exceeded
3,24,17,04-20,+50.0%,+84.26%,0.9213,12,✗ No,budget_exceeded
3,24,18,04-20,+50.0%,+67.63%,0.8381,29,✗ No,budget_exceeded
3,24,19,04-20,+50.0%,+31.85%,0.6592,57,✗ No,budget_exceeded
3,24,20,04-20,+50.0%,+31.85%,0.6592,57,✗ No,budget_exceeded
3,24,21,04-20,+44.1%,+17.03%,0.5851,65,✓ Yes,completed
3,24,22,04-20,+39.5%,+16.24%,0.5812,66,✓ Yes,completed
3,24,23,04-20,+36.1%,+15.64%,0.5782,67,✓ Yes,completed
3,24,23,04-20,+33.2%,+15.34%,0.5767,68,✓ Yes,completed
3,24,24,04-20,+31.1%,+14.96%,0.5748,81,✓ Yes,completed
3,25,16,04-20,+50.0%,+94.97%,0.9748,1,✗ No,budget_exceeded
3,25,17,04-20,+50.0%,+94.97%,0.9748,1,✗ No,budget_exceeded
3,25,17,04-20,+50.0%,+83.99%,0.9200,12,✗ No,budget_exceeded
3,25,18,04-20,+50.0%,+62.06%,0.8103,31,✗ No,budget_exceeded
3,25,19,04-20,+50.0%,+23.76%,0.6188,61,✗ No,budget_exceeded
3,25,20,04-20,+42.6%,+16.61%,0.5830,65,✓ Yes,completed
3,25,21,04-20,+42.6%,+16.61%,0.5830,65,✓ Yes,completed
3,25,22,04-20,+38.1%,+15.86%,0.5793,66,✓ Yes,completed
3,25,23,04-20,+34.4%,+15.33%,0.5767,66,✓ Yes,completed
3,25,24,04-20,+31.4%,+15.06%,0.5753,65,✓ Yes,completed
3,25,24,04-20,+29.3%,+14.59%,0.5730,71,✓ Yes,completed
3,25,25,04-20,+27.6%,+14.16%,0.5708,81,✓ Yes,completed
3,26,16,04-20,+50.0%,+94.97%,0.9748,1,✗ No,budget_exceeded
3,26,17,04-20,+50.0%,+94.97%,0.9748,1,✗ No,budget_exceeded
3,26,17,04-20,+50.0%,+83.25%,0.9162,11,✗ No,budget_exceeded
3,26,18,04-20,+50.0%,+59.51%,0.7976,31,✗ No,budget_exceeded
3,26,19,04-20,+46.9%,+16.43%,0.5821,56,✓ Yes,completed
3,26,20,04-20,+38.7%,+15.54%,0.5777,59,✓ Yes,completed
3,26,21,04-20,+38.7%,+15.54%,0.5777,59,✓ Yes,completed
3,26,22,04-20,+34.3%,+14.92%,0.5746,60,✓ Yes,completed
3,26,23,04-20,+30.8%,+14.63%,0.5731,60,✓ Yes,completed
3,26,24,04-20,+28.6%,+14.24%,0.5712,60,✓ Yes,completed
3,26,25,04-20,+27.0%,+13.90%,0.5695,65,✓ Yes,completed
3,26,25,04-20,+25.6%,+13.43%,0.5672,65,✓ Yes,completed
3,26,26,04-20,+24.0%,+12.88%,0.5644,74,✓ Yes,completed
3,18,16,04-26,+50.0%,+95.17%,0.9759,1,✗ No,budget_exceeded
3,18,17,04-26,+50.0%,+93.96%,0.9698,4,✗ No,budget_exceeded
3,18,18,04-26,+50.0%,+85.76%,0.9288,29,✗ No,budget_exceeded
3,19,16,04-26,+50.0%,+95.11%,0.9755,1,✗ No,budget_exceeded
3,19,17,04-26,+50.0%,+93.70%,0.9685,4,✗ No,budget_exceeded
3,19,17,04-26,+50.0%,+89.38%,0.9469,14,✗ No,budget_exceeded
3,19,18,04-26,+50.0%,+81.73%,0.9086,28,✗ No,budget_exceeded
3,19,19,04-26,+50.0%,+69.98%,0.8499,59,✗ No,budget_exceeded
3,20,16,04-26,+50.0%,+95.04%,0.9752,1,✗ No,budget_exceeded
3,20,17,04-26,+50.0%,+93.35%,0.9667,4,✗ No,budget_exceeded
3,20,18,04-26,+50.0%,+87.46%,0.9373,12,✗ No,budget_exceeded
3,20,18,04-26,+50.0%,+71.57%,0.8579,32,✗ No,budget_exceeded
3,20,19,04-26,+50.0%,+53.88%,0.7694,53,✗ No,budget_exceeded
3,20,20,04-26,+50.0%,+38.58%,0.6929,81,✗ No,budget_exceeded
3,21,16,04-26,+50.0%,+95.04%,0.9752,1,✗ No,budget_exceeded
3,21,17,04-26,+50.0%,+93.35%,0.9667,4,✗ No,budget_exceeded
3,21,18,04-26,+50.0%,+87.17%,0.9359,12,✗ No,budget_exceeded
3,21,18,04-26,+50.0%,+68.47%,0.8423,35,✗ No,budget_exceeded
3,21,19,04-26,+50.0%,+42.96%,0.7148,57,✗ No,budget_exceeded
3,21,20,04-26,+48.4%,+18.98%,0.5949,73,✓ Yes,completed
3,21,21,04-26,+44.4%,+18.25%,0.5912,92,✓ Yes,completed
3,22,16,04-26,+50.0%,+94.97%,0.9748,1,✗ No,budget_exceeded
3,22,17,04-26,+50.0%,+93.20%,0.9660,4,✗ No,budget_exceeded
3,22,18,04-26,+50.0%,+86.79%,0.9340,12,✗ No,budget_exceeded
3,22,19,04-26,+50.0%,+63.49%,0.8174,36,✗ No,budget_exceeded
3,22,19,04-26,+50.0%,+34.28%,0.6714,60,✗ No,budget_exceeded
3,22,20,04-26,+44.5%,+18.22%,0.5911,67,✓ Yes,completed
3,22,21,04-26,+41.2%,+17.69%,0.5885,71,✓ Yes,completed
3,22,22,04-26,+38.7%,+17.14%,0.5857,79,✓ Yes,completed
3,23,16,04-26,+50.0%,+94.89%,0.9744,1,✗ No,budget_exceeded
3,23,17,04-26,+50.0%,+92.96%,0.9648,4,✗ No,budget_exceeded
3,23,18,04-26,+50.0%,+82.42%,0.9121,14,✗ No,budget_exceeded
3,23,19,04-26,+50.0%,+54.64%,0.7732,40,✗ No,budget_exceeded
3,23,19,04-26,+47.8%,+18.39%,0.5920,60,✓ Yes,completed
3,23,20,04-26,+41.4%,+17.56%,0.5878,61,✓ Yes,completed
3,23,21,04-26,+38.2%,+16.92%,0.5846,64,✓ Yes,completed
3,23,22,04-26,+35.9%,+16.58%,0.5829,66,✓ Yes,completed
3,23,23,04-26,+33.4%,+16.10%,0.5805,76,✓ Yes,completed
3,24,16,04-26,+50.0%,+94.89%,0.9744,1,✗ No,budget_exceeded
3,24,17,04-26,+50.0%,+92.88%,0.9644,4,✗ No,budget_exceeded
3,24,17,04-26,+50.0%,+82.17%,0.9109,14,✗ No,budget_exceeded
3,24,18,04-26,+50.0%,+53.13%,0.7656,41,✗ No,budget_exceeded
3,24,19,04-26,+45.9%,+17.79%,0.5889,58,✓ Yes,completed
3,24,20,04-26,+45.9%,+17.79%,0.5889,58,✓ Yes,completed
3,24,21,04-26,+39.3%,+16.96%,0.5848,59,✓ Yes,completed
3,24,22,04-26,+36.0%,+16.48%,0.5824,61,✓ Yes,completed
3,24,23,04-26,+33.3%,+16.05%,0.5802,62,✓ Yes,completed
3,24,23,04-26,+31.2%,+15.49%,0.5775,65,✓ Yes,completed
3,24,24,04-26,+29.0%,+14.89%,0.5744,78,✓ Yes,completed
3,25,16,04-26,+50.0%,+94.89%,0.9744,1,✗ No,budget_exceeded
3,25,17,04-26,+50.0%,+92.88%,0.9644,4,✗ No,budget_exceeded
3,25,17,04-26,+50.0%,+80.91%,0.9046,15,✗ No,budget_exceeded
3,25,18,04-26,+50.0%,+51.37%,0.7569,42,✗ No,budget_exceeded
3,25,19,04-26,+44.1%,+17.37%,0.5869,57,✓ Yes,completed
3,25,20,04-26,+37.9%,+16.50%,0.5825,59,✓ Yes,completed
3,25,21,04-26,+37.9%,+16.50%,0.5825,59,✓ Yes,completed
3,25,22,04-26,+34.7%,+16.13%,0.5806,61,✓ Yes,completed
3,25,23,04-26,+32.0%,+15.58%,0.5779,62,✓ Yes,completed
3,25,24,04-26,+29.5%,+15.08%,0.5754,62,✓ Yes,completed
3,25,24,04-26,+27.5%,+14.55%,0.5727,69,✓ Yes,completed
3,25,25,04-26,+26.1%,+14.07%,0.5704,81,✓ Yes,completed
3,26,16,04-26,+50.0%,+94.80%,0.9740,1,✗ No,budget_exceeded
3,26,17,04-26,+50.0%,+92.16%,0.9608,3,✗ No,budget_exceeded
3,26,17,04-26,+50.0%,+73.42%,0.8671,16,✗ No,budget_exceeded
3,26,18,04-26,+50.0%,+35.29%,0.6764,44,✗ No,budget_exceeded
3,26,19,04-26,+40.4%,+16.28%,0.5814,51,✓ Yes,completed
3,26,20,04-26,+34.4%,+15.60%,0.5780,54,✓ Yes,completed
3,26,21,04-26,+34.4%,+15.60%,0.5780,54,✓ Yes,completed
3,26,22,04-26,+31.3%,+15.10%,0.5755,56,✓ Yes,completed
3,26,23,04-26,+28.3%,+14.49%,0.5724,56,✓ Yes,completed
3,26,24,04-26,+26.7%,+14.11%,0.5706,57,✓ Yes,completed
3,26,25,04-26,+25.1%,+13.70%,0.5685,62,✓ Yes,completed
3,26,25,04-26,+24.0%,+13.55%,0.5678,61,✓ Yes,completed
3,26,26,04-26,+22.5%,+13.13%,0.5656,70,✓ Yes,completed
3,18,16,05-02,+50.0%,+95.43%,0.9771,1,✗ No,budget_exceeded
3,18,17,05-02,+50.0%,+93.47%,0.9674,6,✗ No,budget_exceeded
3,18,18,05-02,+50.0%,+80.72%,0.9036,35,✗ No,budget_exceeded
3,19,16,05-02,+50.0%,+95.29%,0.9765,1,✗ No,budget_exceeded
3,19,17,05-02,+50.0%,+93.13%,0.9657,6,✗ No,budget_exceeded
3,19,17,05-02,+50.0%,+87.39%,0.9370,16,✗ No,budget_exceeded
3,19,18,05-02,+50.0%,+77.30%,0.8865,32,✗ No,budget_exceeded
3,19,19,05-02,+50.0%,+64.55%,0.8227,59,✗ No,budget_exceeded
3,20,16,05-02,+50.0%,+95.08%,0.9754,1,✗ No,budget_exceeded
3,20,17,05-02,+50.0%,+91.77%,0.9588,7,✗ No,budget_exceeded
3,20,18,05-02,+50.0%,+82.00%,0.9100,18,✗ No,budget_exceeded
3,20,18,05-02,+50.0%,+65.84%,0.8292,37,✗ No,budget_exceeded
3,20,19,05-02,+50.0%,+50.09%,0.7504,56,✗ No,budget_exceeded
3,20,20,05-02,+50.0%,+23.01%,0.6150,88,✗ No,budget_exceeded
3,21,16,05-02,+50.0%,+95.01%,0.9750,1,✗ No,budget_exceeded
3,21,17,05-02,+50.0%,+91.62%,0.9581,7,✗ No,budget_exceeded
3,21,18,05-02,+50.0%,+81.42%,0.9071,18,✗ No,budget_exceeded
3,21,18,05-02,+50.0%,+62.30%,0.8115,39,✗ No,budget_exceeded
3,21,19,05-02,+50.0%,+31.03%,0.6552,62,✗ No,budget_exceeded
3,21,20,05-02,+45.8%,+18.70%,0.5935,70,✓ Yes,completed
3,21,21,05-02,+41.3%,+18.25%,0.5913,88,✓ Yes,completed
3,22,16,05-02,+50.0%,+94.93%,0.9746,1,✗ No,budget_exceeded
3,22,17,05-02,+50.0%,+91.39%,0.9570,7,✗ No,budget_exceeded
3,22,18,05-02,+50.0%,+78.48%,0.8924,19,✗ No,budget_exceeded
3,22,19,05-02,+50.0%,+56.59%,0.7829,41,✗ No,budget_exceeded
3,22,19,05-02,+49.6%,+18.63%,0.5931,63,✓ Yes,completed
3,22,20,05-02,+41.5%,+18.23%,0.5912,63,✓ Yes,completed
3,22,21,05-02,+38.3%,+17.77%,0.5889,67,✓ Yes,completed
3,22,22,05-02,+36.0%,+17.15%,0.5858,75,✓ Yes,completed
3,23,16,05-02,+50.0%,+94.93%,0.9746,1,✗ No,budget_exceeded
3,23,17,05-02,+50.0%,+90.47%,0.9524,8,✗ No,budget_exceeded
3,23,18,05-02,+50.0%,+72.15%,0.8607,21,✗ No,budget_exceeded
3,23,19,05-02,+50.0%,+46.29%,0.7314,44,✗ No,budget_exceeded
3,23,19,05-02,+43.9%,+18.15%,0.5908,54,✓ Yes,completed
3,23,20,05-02,+38.5%,+17.66%,0.5883,57,✓ Yes,completed
3,23,21,05-02,+35.4%,+16.97%,0.5849,60,✓ Yes,completed
3,23,22,05-02,+32.9%,+16.52%,0.5826,61,✓ Yes,completed
3,23,23,05-02,+30.4%,+15.90%,0.5795,70,✓ Yes,completed
3,24,16,05-02,+50.0%,+94.93%,0.9746,1,✗ No,budget_exceeded
3,24,17,05-02,+50.0%,+90.29%,0.9515,8,✗ No,budget_exceeded
3,24,17,05-02,+50.0%,+70.91%,0.8545,22,✗ No,budget_exceeded
3,24,18,05-02,+50.0%,+22.27%,0.6113,47,✗ No,budget_exceeded
3,24,19,05-02,+42.0%,+17.78%,0.5889,52,✓ Yes,completed
3,24,20,05-02,+42.0%,+17.78%,0.5889,52,✓ Yes,completed
3,24,21,05-02,+36.4%,+17.00%,0.5850,55,✓ Yes,completed
3,24,22,05-02,+32.9%,+16.38%,0.5819,56,✓ Yes,completed
3,24,23,05-02,+30.2%,+15.83%,0.5791,56,✓ Yes,completed
3,24,23,05-02,+28.2%,+15.26%,0.5763,59,✓ Yes,completed
3,24,24,05-02,+26.3%,+14.76%,0.5738,73,✓ Yes,completed
3,25,16,05-02,+50.0%,+94.93%,0.9746,1,✗ No,budget_exceeded
3,25,17,05-02,+50.0%,+90.01%,0.9501,8,✗ No,budget_exceeded
3,25,17,05-02,+50.0%,+70.35%,0.8518,22,✗ No,budget_exceeded
3,25,18,05-02,+50.0%,+20.22%,0.6011,48,✗ No,budget_exceeded
3,25,19,05-02,+40.6%,+17.45%,0.5873,52,✓ Yes,completed
3,25,20,05-02,+35.0%,+16.47%,0.5824,55,✓ Yes,completed
3,25,21,05-02,+35.0%,+16.47%,0.5824,55,✓ Yes,completed
3,25,22,05-02,+31.4%,+15.96%,0.5798,55,✓ Yes,completed
3,25,23,05-02,+28.9%,+15.37%,0.5768,56,✓ Yes,completed
3,25,24,05-02,+26.8%,+14.79%,0.5740,57,✓ Yes,completed
3,25,24,05-02,+24.8%,+14.32%,0.5716,64,✓ Yes,completed
3,25,25,05-02,+23.5%,+13.93%,0.5696,75,✓ Yes,completed
3,26,16,05-02,+50.0%,+94.83%,0.9742,1,✗ No,budget_exceeded
3,26,17,05-02,+50.0%,+82.67%,0.9133,9,✗ No,budget_exceeded
3,26,17,05-02,+50.0%,+61.37%,0.8069,24,✗ No,budget_exceeded
3,26,18,05-02,+46.0%,+17.14%,0.5857,42,✓ Yes,completed
3,26,19,05-02,+37.1%,+16.31%,0.5816,47,✓ Yes,completed
3,26,20,05-02,+31.1%,+15.48%,0.5774,48,✓ Yes,completed
3,26,21,05-02,+31.1%,+15.48%,0.5774,48,✓ Yes,completed
3,26,22,05-02,+28.1%,+14.85%,0.5742,50,✓ Yes,completed
3,26,23,05-02,+25.7%,+14.43%,0.5722,51,✓ Yes,completed
3,26,24,05-02,+24.1%,+14.13%,0.5706,52,✓ Yes,completed
3,26,25,05-02,+22.6%,+13.67%,0.5683,57,✓ Yes,completed
3,26,25,05-02,+21.6%,+13.32%,0.5666,57,✓ Yes,completed
3,26,26,05-02,+20.2%,+12.78%,0.5639,66,✓ Yes,completed
3,18,16,05-08,+50.0%,+91.58%,0.9579,7,✗ No,budget_exceeded
3,18,17,05-08,+50.0%,+86.09%,0.9305,17,✗ No,budget_exceeded
3,18,18,05-08,+50.0%,+68.75%,0.8438,50,✗ No,budget_exceeded
3,19,16,05-08,+50.0%,+90.83%,0.9541,8,✗ No,budget_exceeded
3,19,17,05-08,+50.0%,+84.75%,0.9238,18,✗ No,budget_exceeded
3,19,17,05-08,+50.0%,+73.26%,0.8663,33,✗ No,budget_exceeded
3,19,18,05-08,+50.0%,+63.04%,0.8152,46,✗ No,budget_exceeded
3,19,19,05-08,+50.0%,+51.58%,0.7579,70,✗ No,budget_exceeded
3,20,16,05-08,+50.0%,+90.54%,0.9527,8,✗ No,budget_exceeded
3,20,17,05-08,+50.0%,+83.16%,0.9158,19,✗ No,budget_exceeded
3,20,18,05-08,+50.0%,+68.52%,0.8426,34,✗ No,budget_exceeded
3,20,18,05-08,+50.0%,+50.26%,0.7513,52,✗ No,budget_exceeded
3,20,19,05-08,+50.0%,+22.47%,0.6123,72,✗ No,budget_exceeded
3,20,20,05-08,+45.5%,+17.88%,0.5894,87,✓ Yes,completed
3,21,16,05-08,+50.0%,+90.24%,0.9512,8,✗ No,budget_exceeded
3,21,17,05-08,+50.0%,+82.69%,0.9135,19,✗ No,budget_exceeded
3,21,18,05-08,+50.0%,+66.70%,0.8335,35,✗ No,budget_exceeded
3,21,18,05-08,+50.0%,+31.15%,0.6557,57,✗ No,budget_exceeded
3,21,19,05-08,+46.1%,+17.89%,0.5894,65,✓ Yes,completed
3,21,20,05-08,+41.4%,+17.45%,0.5873,69,✓ Yes,completed
3,21,21,05-08,+38.0%,+16.98%,0.5849,84,✓ Yes,completed
3,22,16,05-08,+50.0%,+87.61%,0.9381,8,✗ No,budget_exceeded
3,22,17,05-08,+50.0%,+78.70%,0.8935,20,✗ No,budget_exceeded
3,22,18,05-08,+50.0%,+59.51%,0.7975,36,✗ No,budget_exceeded
3,22,19,05-08,+49.5%,+17.79%,0.5890,58,✓ Yes,completed
3,22,19,05-08,+43.2%,+17.41%,0.5871,60,✓ Yes,completed
3,22,20,05-08,+38.2%,+16.98%,0.5849,62,✓ Yes,completed
3,22,21,05-08,+34.3%,+16.77%,0.5839,64,✓ Yes,completed
3,22,22,05-08,+31.5%,+16.56%,0.5828,69,✓ Yes,completed
3,23,16,05-08,+50.0%,+86.37%,0.9318,7,✗ No,budget_exceeded
3,23,17,05-08,+50.0%,+76.35%,0.8817,20,✗ No,budget_exceeded
3,23,18,05-08,+50.0%,+30.02%,0.6501,42,✗ No,budget_exceeded
3,23,19,05-08,+44.3%,+17.08%,0.5854,50,✓ Yes,completed
3,23,19,05-08,+38.7%,+16.72%,0.5836,53,✓ Yes,completed
3,23,20,05-08,+33.1%,+16.59%,0.5830,52,✓ Yes,completed
3,23,21,05-08,+30.8%,+16.34%,0.5817,54,✓ Yes,completed
3,23,22,05-08,+29.0%,+16.11%,0.5805,56,✓ Yes,completed
3,23,23,05-08,+27.1%,+15.52%,0.5776,63,✓ Yes,completed
3,24,16,05-08,+50.0%,+86.29%,0.9314,7,✗ No,budget_exceeded
3,24,17,05-08,+50.0%,+75.18%,0.8759,21,✗ No,budget_exceeded
3,24,17,05-08,+49.7%,+16.84%,0.5842,42,✓ Yes,completed
3,24,18,05-08,+42.4%,+16.71%,0.5835,47,✓ Yes,completed
3,24,19,05-08,+36.6%,+16.37%,0.5818,50,✓ Yes,completed
3,24,20,05-08,+36.6%,+16.37%,0.5818,50,✓ Yes,completed
3,24,21,05-08,+31.2%,+16.25%,0.5812,50,✓ Yes,completed
3,24,22,05-08,+28.9%,+15.96%,0.5798,51,✓ Yes,completed
3,24,23,05-08,+26.7%,+15.34%,0.5767,52,✓ Yes,completed
3,24,23,05-08,+25.2%,+14.90%,0.5745,54,✓ Yes,completed
3,24,24,05-08,+23.7%,+14.34%,0.5717,66,✓ Yes,completed
3,25,16,05-08,+50.0%,+86.29%,0.9314,7,✗ No,budget_exceeded
3,25,17,05-08,+50.0%,+74.86%,0.8743,21,✗ No,budget_exceeded
3,25,17,05-08,+49.0%,+16.55%,0.5828,42,✓ Yes,completed
3,25,18,05-08,+41.7%,+16.43%,0.5822,47,✓ Yes,completed
3,25,19,05-08,+35.0%,+16.20%,0.5810,49,✓ Yes,completed
3,25,20,05-08,+30.3%,+15.90%,0.5795,50,✓ Yes,completed
3,25,21,05-08,+30.3%,+15.90%,0.5795,50,✓ Yes,completed
3,25,22,05-08,+27.9%,+15.59%,0.5780,51,✓ Yes,completed
3,25,23,05-08,+25.7%,+15.00%,0.5750,52,✓ Yes,completed
3,25,24,05-08,+24.1%,+14.49%,0.5725,53,✓ Yes,completed
3,25,24,05-08,+22.1%,+13.99%,0.5699,58,✓ Yes,completed
3,25,25,05-08,+21.1%,+13.57%,0.5679,67,✓ Yes,completed
3,26,16,05-08,+50.0%,+86.20%,0.9310,7,✗ No,budget_exceeded
3,26,17,05-08,+50.0%,+67.31%,0.8365,22,✗ No,budget_exceeded
3,26,17,05-08,+45.4%,+15.80%,0.5790,36,✓ Yes,completed
3,26,18,05-08,+38.1%,+15.57%,0.5779,41,✓ Yes,completed
3,26,19,05-08,+31.3%,+15.54%,0.5777,43,✓ Yes,completed
3,26,20,05-08,+27.3%,+15.05%,0.5753,45,✓ Yes,completed
3,26,21,05-08,+27.3%,+15.05%,0.5753,45,✓ Yes,completed
3,26,22,05-08,+25.1%,+14.50%,0.5725,46,✓ Yes,completed
3,26,23,05-08,+22.9%,+13.90%,0.5695,47,✓ Yes,completed
3,26,24,05-08,+21.5%,+13.73%,0.5686,47,✓ Yes,completed
3,26,25,05-08,+20.2%,+13.38%,0.5669,50,✓ Yes,completed
3,26,25,05-08,+19.4%,+13.10%,0.5655,50,✓ Yes,completed
3,26,26,05-08,+18.3%,+12.63%,0.5632,59,✓ Yes,completed
3,18,16,05-14,+50.0%,+89.47%,0.9473,11,✗ No,budget_exceeded
3,18,17,05-14,+50.0%,+76.55%,0.8828,28,✗ No,budget_exceeded
3,18,18,05-14,+50.0%,+40.72%,0.7036,74,✗ No,budget_exceeded
3,19,16,05-14,+50.0%,+88.53%,0.9426,12,✗ No,budget_exceeded
3,19,17,05-14,+50.0%,+73.66%,0.8683,30,✗ No,budget_exceeded
3,19,17,05-14,+50.0%,+53.63%,0.7682,51,✗ No,budget_exceeded
3,19,18,05-14,+50.0%,+30.06%,0.6503,69,✗ No,budget_exceeded
3,19,19,05-14,+47.6%,+16.00%,0.5800,90,✓ Yes,completed
3,20,16,05-14,+50.0%,+87.85%,0.9393,12,✗ No,budget_exceeded
3,20,17,05-14,+50.0%,+67.98%,0.8399,34,✗ No,budget_exceeded
3,20,18,05-14,+50.0%,+35.59%,0.6780,55,✗ No,budget_exceeded
3,20,18,05-14,+46.3%,+15.65%,0.5783,70,✓ Yes,completed
3,20,19,05-14,+41.4%,+14.79%,0.5739,74,✓ Yes,completed
3,20,20,05-14,+36.9%,+14.37%,0.5719,80,✓ Yes,completed
3,21,16,05-14,+50.0%,+87.46%,0.9373,12,✗ No,budget_exceeded
3,21,17,05-14,+50.0%,+64.68%,0.8234,34,✗ No,budget_exceeded
3,21,18,05-14,+50.0%,+23.49%,0.6174,58,✗ No,budget_exceeded
3,21,18,05-14,+42.0%,+14.66%,0.5733,64,✓ Yes,completed
3,21,19,05-14,+36.3%,+14.11%,0.5705,64,✓ Yes,completed
3,21,20,05-14,+32.8%,+13.87%,0.5693,64,✓ Yes,completed
3,21,21,05-14,+30.6%,+13.56%,0.5678,78,✓ Yes,completed
3,22,16,05-14,+50.0%,+85.06%,0.9253,11,✗ No,budget_exceeded
3,22,17,05-14,+50.0%,+50.87%,0.7543,38,✗ No,budget_exceeded
3,22,18,05-14,+46.5%,+14.92%,0.5746,53,✓ Yes,completed
3,22,19,05-14,+38.0%,+13.94%,0.5697,58,✓ Yes,completed
3,22,19,05-14,+32.9%,+13.71%,0.5686,58,✓ Yes,completed
3,22,20,05-14,+30.0%,+13.47%,0.5674,59,✓ Yes,completed
3,22,21,05-14,+28.4%,+13.18%,0.5659,61,✓ Yes,completed
3,22,22,05-14,+26.1%,+12.93%,0.5647,64,✓ Yes,completed
3,23,16,05-14,+50.0%,+82.18%,0.9109,12,✗ No,budget_exceeded
3,23,17,05-14,+50.0%,+34.36%,0.6718,39,✗ No,budget_exceeded
3,23,18,05-14,+40.4%,+13.37%,0.5669,45,✓ Yes,completed
3,23,19,05-14,+33.0%,+13.24%,0.5662,50,✓ Yes,completed
3,23,19,05-14,+28.9%,+12.96%,0.5648,52,✓ Yes,completed
3,23,20,05-14,+26.1%,+12.82%,0.5641,50,✓ Yes,completed
3,23,21,05-14,+25.0%,+12.70%,0.5635,50,✓ Yes,completed
3,23,22,05-14,+23.1%,+12.56%,0.5628,50,✓ Yes,completed
3,23,23,05-14,+21.2%,+12.30%,0.5615,51,✓ Yes,completed
3,24,16,05-14,+50.0%,+81.99%,0.9100,12,✗ No,budget_exceeded
3,24,17,05-14,+49.4%,+13.99%,0.5700,39,✓ Yes,completed
3,24,17,05-14,+38.4%,+12.97%,0.5648,42,✓ Yes,completed
3,24,18,05-14,+31.1%,+12.84%,0.5642,47,✓ Yes,completed
3,24,19,05-14,+26.8%,+12.47%,0.5623,48,✓ Yes,completed
3,24,20,05-14,+26.8%,+12.47%,0.5623,48,✓ Yes,completed
3,24,21,05-14,+24.0%,+12.61%,0.5631,47,✓ Yes,completed
3,24,22,05-14,+23.0%,+12.44%,0.5622,47,✓ Yes,completed
3,24,23,05-14,+20.8%,+12.25%,0.5612,46,✓ Yes,completed
3,24,23,05-14,+19.9%,+12.10%,0.5605,47,✓ Yes,completed
3,24,24,05-14,+18.5%,+11.78%,0.5589,57,✓ Yes,completed
3,25,16,05-14,+50.0%,+81.85%,0.9093,12,✗ No,budget_exceeded
3,25,17,05-14,+48.8%,+13.71%,0.5686,39,✓ Yes,completed
3,25,17,05-14,+37.6%,+12.67%,0.5633,42,✓ Yes,completed
3,25,18,05-14,+30.3%,+12.53%,0.5627,47,✓ Yes,completed
3,25,19,05-14,+25.8%,+12.35%,0.5618,48,✓ Yes,completed
3,25,20,05-14,+23.0%,+12.27%,0.5613,47,✓ Yes,completed
3,25,21,05-14,+23.0%,+12.27%,0.5613,47,✓ Yes,completed
3,25,22,05-14,+21.5%,+12.21%,0.5610,46,✓ Yes,completed
3,25,23,05-14,+19.8%,+11.98%,0.5599,46,✓ Yes,completed
3,25,24,05-14,+18.8%,+11.81%,0.5590,46,✓ Yes,completed
3,25,24,05-14,+17.3%,+11.34%,0.5567,50,✓ Yes,completed
3,25,25,05-14,+16.2%,+10.88%,0.5544,59,✓ Yes,completed
3,26,16,05-14,+50.0%,+78.51%,0.8926,12,✗ No,budget_exceeded
3,26,17,05-14,+44.3%,+12.57%,0.5629,32,✓ Yes,completed
3,26,17,05-14,+34.0%,+11.83%,0.5591,36,✓ Yes,completed
3,26,18,05-14,+26.6%,+11.59%,0.5580,41,✓ Yes,completed
3,26,19,05-14,+21.5%,+11.65%,0.5583,41,✓ Yes,completed
3,26,20,05-14,+19.5%,+11.55%,0.5577,41,✓ Yes,completed
3,26,21,05-14,+19.5%,+11.55%,0.5577,41,✓ Yes,completed
3,26,22,05-14,+18.8%,+11.54%,0.5577,41,✓ Yes,completed
3,26,23,05-14,+17.1%,+11.15%,0.5558,41,✓ Yes,completed
3,26,24,05-14,+16.6%,+11.01%,0.5550,41,✓ Yes,completed
3,26,25,05-14,+15.7%,+10.63%,0.5532,43,✓ Yes,completed
3,26,25,05-14,+14.8%,+10.33%,0.5517,43,✓ Yes,completed
3,26,26,05-14,+13.9%,+9.81%,0.5490,50,✓ Yes,completed
3,18,16,05-18,+50.0%,+86.69%,0.9335,15,✗ No,budget_exceeded
3,18,17,05-18,+50.0%,+66.36%,0.8318,39,✗ No,budget_exceeded
3,18,18,05-18,+50.0%,+30.85%,0.6542,81,✗ No,budget_exceeded
3,19,16,05-18,+50.0%,+84.32%,0.9216,17,✗ No,budget_exceeded
3,19,17,05-18,+50.0%,+58.91%,0.7945,43,✗ No,budget_exceeded
3,19,17,05-18,+50.0%,+33.68%,0.6684,61,✗ No,budget_exceeded
3,19,18,05-18,+48.8%,+15.42%,0.5771,75,✓ Yes,completed
3,19,19,05-18,+43.9%,+14.99%,0.5750,85,✓ Yes,completed
3,20,16,05-18,+50.0%,+83.51%,0.9176,17,✗ No,budget_exceeded
3,20,17,05-18,+50.0%,+44.13%,0.7207,47,✗ No,budget_exceeded
3,20,18,05-18,+49.6%,+15.21%,0.5760,68,✓ Yes,completed
3,20,18,05-18,+41.5%,+14.56%,0.5728,68,✓ Yes,completed
3,20,19,05-18,+37.3%,+14.04%,0.5702,69,✓ Yes,completed
3,20,20,05-18,+34.5%,+13.43%,0.5672,78,✓ Yes,completed
3,21,16,05-18,+50.0%,+82.20%,0.9110,18,✗ No,budget_exceeded
3,21,17,05-18,+50.0%,+39.05%,0.6953,47,✗ No,budget_exceeded
3,21,18,05-18,+45.1%,+14.48%,0.5724,60,✓ Yes,completed
3,21,18,05-18,+37.6%,+13.82%,0.5691,61,✓ Yes,completed
3,21,19,05-18,+33.9%,+13.19%,0.5659,62,✓ Yes,completed
3,21,20,05-18,+30.9%,+12.84%,0.5642,62,✓ Yes,completed
3,21,21,05-18,+27.9%,+12.50%,0.5625,74,✓ Yes,completed
3,22,16,05-18,+50.0%,+73.12%,0.8656,21,✗ No,budget_exceeded
3,22,17,05-18,+49.8%,+14.20%,0.5710,53,✓ Yes,completed
3,22,18,05-18,+40.1%,+13.76%,0.5688,52,✓ Yes,completed
3,22,19,05-18,+33.8%,+12.88%,0.5644,55,✓ Yes,completed
3,22,19,05-18,+30.6%,+12.61%,0.5631,56,✓ Yes,completed
3,22,20,05-18,+27.5%,+12.42%,0.5621,55,✓ Yes,completed
3,22,21,05-18,+26.0%,+12.23%,0.5612,57,✓ Yes,completed
3,22,22,05-18,+24.1%,+11.91%,0.5596,63,✓ Yes,completed
3,23,16,05-18,+50.0%,+69.58%,0.8479,22,✗ No,budget_exceeded
3,23,17,05-18,+44.5%,+13.26%,0.5663,43,✓ Yes,completed
3,23,18,05-18,+34.1%,+12.16%,0.5608,44,✓ Yes,completed
3,23,19,05-18,+28.9%,+11.99%,0.5600,47,✓ Yes,completed
3,23,19,05-18,+26.2%,+11.94%,0.5597,48,✓ Yes,completed
3,23,20,05-18,+24.3%,+11.81%,0.5591,48,✓ Yes,completed
3,23,21,05-18,+23.2%,+11.63%,0.5582,48,✓ Yes,completed
3,23,22,05-18,+21.7%,+11.37%,0.5569,49,✓ Yes,completed
3,23,23,05-18,+20.1%,+11.02%,0.5551,50,✓ Yes,completed
3,24,16,05-18,+50.0%,+65.94%,0.8297,22,✗ No,budget_exceeded
3,24,17,05-18,+41.8%,+12.65%,0.5633,39,✓ Yes,completed
3,24,17,05-18,+32.1%,+11.62%,0.5581,41,✓ Yes,completed
3,24,18,05-18,+27.0%,+11.61%,0.5581,44,✓ Yes,completed
3,24,19,05-18,+24.3%,+11.53%,0.5576,45,✓ Yes,completed
3,24,20,05-18,+24.3%,+11.53%,0.5576,45,✓ Yes,completed
3,24,21,05-18,+22.5%,+11.38%,0.5569,45,✓ Yes,completed
3,24,22,05-18,+21.5%,+11.18%,0.5559,45,✓ Yes,completed
3,24,23,05-18,+19.7%,+10.86%,0.5543,44,✓ Yes,completed
3,24,23,05-18,+18.8%,+10.77%,0.5539,45,✓ Yes,completed
3,24,24,05-18,+17.5%,+10.44%,0.5522,54,✓ Yes,completed
3,25,16,05-18,+50.0%,+65.61%,0.8281,22,✗ No,budget_exceeded
3,25,17,05-18,+40.8%,+12.48%,0.5624,38,✓ Yes,completed
3,25,17,05-18,+31.4%,+11.51%,0.5575,41,✓ Yes,completed
3,25,18,05-18,+26.3%,+11.41%,0.5571,44,✓ Yes,completed
3,25,19,05-18,+23.5%,+11.24%,0.5562,45,✓ Yes,completed
3,25,20,05-18,+21.6%,+11.07%,0.5554,45,✓ Yes,completed
3,25,21,05-18,+21.6%,+11.07%,0.5554,45,✓ Yes,completed
3,25,22,05-18,+20.5%,+10.96%,0.5548,44,✓ Yes,completed
3,25,23,05-18,+18.9%,+10.68%,0.5534,44,✓ Yes,completed
3,25,24,05-18,+17.8%,+10.52%,0.5526,44,✓ Yes,completed
3,25,24,05-18,+16.0%,+10.27%,0.5513,47,✓ Yes,completed
3,25,25,05-18,+14.5%,+10.00%,0.5500,55,✓ Yes,completed
3,26,16,05-18,+50.0%,+38.19%,0.6910,24,✗ No,budget_exceeded
3,26,17,05-18,+36.8%,+11.24%,0.5562,32,✓ Yes,completed
3,26,17,05-18,+27.8%,+10.69%,0.5535,35,✓ Yes,completed
3,26,18,05-18,+22.8%,+10.51%,0.5526,38,✓ Yes,completed
3,26,19,05-18,+20.2%,+10.37%,0.5519,39,✓ Yes,completed
3,26,20,05-18,+18.6%,+10.36%,0.5518,39,✓ Yes,completed
3,26,21,05-18,+18.6%,+10.36%,0.5518,39,✓ Yes,completed
3,26,22,05-18,+17.8%,+10.27%,0.5513,39,✓ Yes,completed
3,26,23,05-18,+15.7%,+10.06%,0.5503,38,✓ Yes,completed
3,26,24,05-18,+14.8%,+10.11%,0.5506,37,✓ Yes,completed
3,26,25,05-18,+14.1%,+9.84%,0.5492,39,✓ Yes,completed
3,26,25,05-18,+13.2%,+9.68%,0.5484,39,✓ Yes,completed
3,26,26,05-18,+12.3%,+9.31%,0.5465,46,✓ Yes,completed
4,19,19,04-18,+50.0%,+81.76%,0.9088,25,✗ No,budget_exceeded
4,19,19,04-18,+50.0%,+75.15%,0.8758,50,✗ No,budget_exceeded
4,19,19,04-18,+50.0%,+75.15%,0.8758,50,✗ No,budget_exceeded
4,20,19,04-18,+50.0%,+77.15%,0.8858,25,✗ No,budget_exceeded
4,20,19,04-18,+50.0%,+61.11%,0.8055,46,✗ No,budget_exceeded
4,20,20,04-18,+50.0%,+61.11%,0.8055,46,✗ No,budget_exceeded
4,20,20,04-18,+50.0%,+61.11%,0.8055,46,✗ No,budget_exceeded
4,20,20,04-18,+50.0%,+44.82%,0.7241,75,✗ No,budget_exceeded
4,21,19,04-18,+50.0%,+74.96%,0.8748,26,✗ No,budget_exceeded
4,21,19,04-18,+50.0%,+74.96%,0.8748,26,✗ No,budget_exceeded
4,21,19,04-18,+50.0%,+54.70%,0.7735,49,✗ No,budget_exceeded
4,21,20,04-18,+50.0%,+54.70%,0.7735,49,✗ No,budget_exceeded
4,21,20,04-18,+50.0%,+34.66%,0.6733,69,✗ No,budget_exceeded
4,21,21,04-18,+50.0%,+34.66%,0.6733,69,✗ No,budget_exceeded
4,21,21,04-18,+49.0%,+17.54%,0.5877,98,✓ Yes,completed
4,21,21,04-18,+49.0%,+17.54%,0.5877,98,✓ Yes,completed
4,22,19,04-18,+50.0%,+72.42%,0.8621,27,✗ No,budget_exceeded
4,22,19,04-18,+50.0%,+72.42%,0.8621,27,✗ No,budget_exceeded
4,22,19,04-18,+50.0%,+44.78%,0.7239,53,✗ No,budget_exceeded
4,22,20,04-18,+50.0%,+44.78%,0.7239,53,✗ No,budget_exceeded
4,22,20,04-18,+49.7%,+17.65%,0.5882,72,✓ Yes,completed
4,22,21,04-18,+49.7%,+17.65%,0.5882,72,✓ Yes,completed
4,22,21,04-18,+49.7%,+17.65%,0.5882,72,✓ Yes,completed
4,22,21,04-18,+45.7%,+17.00%,0.5850,78,✓ Yes,completed
4,22,22,04-18,+45.7%,+17.00%,0.5850,78,✓ Yes,completed
4,22,22,04-18,+42.0%,+16.34%,0.5817,84,✓ Yes,completed
4,22,22,04-18,+42.0%,+16.34%,0.5817,84,✓ Yes,completed
4,19,19,04-21,+50.0%,+84.43%,0.9221,23,✗ No,budget_exceeded
4,19,19,04-21,+50.0%,+77.14%,0.8857,51,✗ No,budget_exceeded
4,19,19,04-21,+50.0%,+77.14%,0.8857,51,✗ No,budget_exceeded
4,20,19,04-21,+50.0%,+79.58%,0.8979,23,✗ No,budget_exceeded
4,20,19,04-21,+50.0%,+63.50%,0.8175,44,✗ No,budget_exceeded
4,20,20,04-21,+50.0%,+63.50%,0.8175,44,✗ No,budget_exceeded
4,20,20,04-21,+50.0%,+63.50%,0.8175,44,✗ No,budget_exceeded
4,20,20,04-21,+50.0%,+46.36%,0.7318,74,✗ No,budget_exceeded
4,21,19,04-21,+50.0%,+77.69%,0.8885,24,✗ No,budget_exceeded
4,21,19,04-21,+50.0%,+77.69%,0.8885,24,✗ No,budget_exceeded
4,21,19,04-21,+50.0%,+56.25%,0.7812,48,✗ No,budget_exceeded
4,21,20,04-21,+50.0%,+56.25%,0.7812,48,✗ No,budget_exceeded
4,21,20,04-21,+50.0%,+32.96%,0.6648,69,✗ No,budget_exceeded
4,21,21,04-21,+50.0%,+32.96%,0.6648,69,✗ No,budget_exceeded
4,21,21,04-21,+48.2%,+17.98%,0.5899,98,✓ Yes,completed
4,21,21,04-21,+48.2%,+17.98%,0.5899,98,✓ Yes,completed
4,22,19,04-21,+50.0%,+75.28%,0.8764,26,✗ No,budget_exceeded
4,22,19,04-21,+50.0%,+75.28%,0.8764,26,✗ No,budget_exceeded
4,22,19,04-21,+50.0%,+47.53%,0.7377,52,✗ No,budget_exceeded
4,22,20,04-21,+50.0%,+47.53%,0.7377,52,✗ No,budget_exceeded
4,22,20,04-21,+49.0%,+18.04%,0.5902,71,✓ Yes,completed
4,22,21,04-21,+49.0%,+18.04%,0.5902,71,✓ Yes,completed
4,22,21,04-21,+49.0%,+18.04%,0.5902,71,✓ Yes,completed
4,22,21,04-21,+44.9%,+17.50%,0.5875,76,✓ Yes,completed
4,22,22,04-21,+44.9%,+17.50%,0.5875,76,✓ Yes,completed
4,22,22,04-21,+41.6%,+16.88%,0.5844,84,✓ Yes,completed
4,22,22,04-21,+41.6%,+16.88%,0.5844,84,✓ Yes,completed
4,19,19,04-24,+50.0%,+84.38%,0.9219,25,✗ No,budget_exceeded
4,19,19,04-24,+50.0%,+74.24%,0.8712,55,✗ No,budget_exceeded
4,19,19,04-24,+50.0%,+74.24%,0.8712,55,✗ No,budget_exceeded
4,20,19,04-24,+50.0%,+75.83%,0.8791,28,✗ No,budget_exceeded
4,20,19,04-24,+50.0%,+60.80%,0.8040,47,✗ No,budget_exceeded
4,20,20,04-24,+50.0%,+60.80%,0.8040,47,✗ No,budget_exceeded
4,20,20,04-24,+50.0%,+60.80%,0.8040,47,✗ No,budget_exceeded
4,20,20,04-24,+50.0%,+43.60%,0.7180,76,✗ No,budget_exceeded
4,21,19,04-24,+50.0%,+72.42%,0.8621,30,✗ No,budget_exceeded
4,21,19,04-24,+50.0%,+72.42%,0.8621,30,✗ No,budget_exceeded
4,21,19,04-24,+50.0%,+50.54%,0.7527,52,✗ No,budget_exceeded
4,21,20,04-24,+50.0%,+50.54%,0.7527,52,✗ No,budget_exceeded
4,21,20,04-24,+50.0%,+21.16%,0.6058,74,✗ No,budget_exceeded
4,21,21,04-24,+50.0%,+21.16%,0.6058,74,✗ No,budget_exceeded
4,21,21,04-24,+46.0%,+18.28%,0.5914,94,✓ Yes,completed
4,21,21,04-24,+46.0%,+18.28%,0.5914,94,✓ Yes,completed
4,22,19,04-24,+50.0%,+66.87%,0.8343,33,✗ No,budget_exceeded
4,22,19,04-24,+50.0%,+66.87%,0.8343,33,✗ No,budget_exceeded
4,22,19,04-24,+50.0%,+43.79%,0.7190,55,✗ No,budget_exceeded
4,22,20,04-24,+50.0%,+43.79%,0.7190,55,✗ No,budget_exceeded
4,22,20,04-24,+46.3%,+18.27%,0.5913,68,✓ Yes,completed
4,22,21,04-24,+46.3%,+18.27%,0.5913,68,✓ Yes,completed
4,22,21,04-24,+46.3%,+18.27%,0.5913,68,✓ Yes,completed
4,22,21,04-24,+42.8%,+17.64%,0.5882,73,✓ Yes,completed
4,22,22,04-24,+42.8%,+17.64%,0.5882,73,✓ Yes,completed
4,22,22,04-24,+39.9%,+17.13%,0.5856,80,✓ Yes,completed
4,22,22,04-24,+39.9%,+17.13%,0.5856,80,✓ Yes,completed
4,19,19,04-27,+50.0%,+81.40%,0.9070,28,✗ No,budget_exceeded
4,19,19,04-27,+50.0%,+69.72%,0.8486,59,✗ No,budget_exceeded
4,19,19,04-27,+50.0%,+69.72%,0.8486,59,✗ No,budget_exceeded
4,20,19,04-27,+50.0%,+71.68%,0.8584,33,✗ No,budget_exceeded
4,20,19,04-27,+50.0%,+53.71%,0.7685,53,✗ No,budget_exceeded
4,20,20,04-27,+50.0%,+53.71%,0.7685,53,✗ No,budget_exceeded
4,20,20,04-27,+50.0%,+53.71%,0.7685,53,✗ No,budget_exceeded
4,20,20,04-27,+50.0%,+37.33%,0.6867,83,✗ No,budget_exceeded
4,21,19,04-27,+50.0%,+68.24%,0.8412,35,✗ No,budget_exceeded
4,21,19,04-27,+50.0%,+68.24%,0.8412,35,✗ No,budget_exceeded
4,21,19,04-27,+50.0%,+42.69%,0.7135,57,✗ No,budget_exceeded
4,21,20,04-27,+50.0%,+42.69%,0.7135,57,✗ No,budget_exceeded
4,21,20,04-27,+47.6%,+19.11%,0.5956,72,✓ Yes,completed
4,21,21,04-27,+47.6%,+19.11%,0.5956,72,✓ Yes,completed
4,21,21,04-27,+44.0%,+18.32%,0.5916,92,✓ Yes,completed
4,21,21,04-27,+44.0%,+18.32%,0.5916,92,✓ Yes,completed
4,22,19,04-27,+50.0%,+62.00%,0.8100,37,✗ No,budget_exceeded
4,22,19,04-27,+50.0%,+62.00%,0.8100,37,✗ No,budget_exceeded
4,22,19,04-27,+50.0%,+25.33%,0.6266,62,✗ No,budget_exceeded
4,22,20,04-27,+50.0%,+25.33%,0.6266,62,✗ No,budget_exceeded
4,22,20,04-27,+44.2%,+18.32%,0.5916,67,✓ Yes,completed
4,22,21,04-27,+44.2%,+18.32%,0.5916,67,✓ Yes,completed
4,22,21,04-27,+44.2%,+18.32%,0.5916,67,✓ Yes,completed
4,22,21,04-27,+40.5%,+17.83%,0.5891,70,✓ Yes,completed
4,22,22,04-27,+40.5%,+17.83%,0.5891,70,✓ Yes,completed
4,22,22,04-27,+38.1%,+17.26%,0.5863,78,✓ Yes,completed
4,22,22,04-27,+38.1%,+17.26%,0.5863,78,✓ Yes,completed
4,19,19,04-30,+50.0%,+78.94%,0.8947,30,✗ No,budget_exceeded
4,19,19,04-30,+50.0%,+67.24%,0.8362,61,✗ No,budget_exceeded
4,19,19,04-30,+50.0%,+67.24%,0.8362,61,✗ No,budget_exceeded
4,20,19,04-30,+50.0%,+71.18%,0.8559,33,✗ No,budget_exceeded
4,20,19,04-30,+50.0%,+52.71%,0.7636,54,✗ No,budget_exceeded
4,20,20,04-30,+50.0%,+52.71%,0.7636,54,✗ No,budget_exceeded
4,20,20,04-30,+50.0%,+52.71%,0.7636,54,✗ No,budget_exceeded
4,20,20,04-30,+50.0%,+28.25%,0.6413,87,✗ No,budget_exceeded
4,21,19,04-30,+50.0%,+65.35%,0.8268,37,✗ No,budget_exceeded
4,21,19,04-30,+50.0%,+65.35%,0.8268,37,✗ No,budget_exceeded
4,21,19,04-30,+50.0%,+40.07%,0.7003,58,✗ No,budget_exceeded
4,21,20,04-30,+50.0%,+40.07%,0.7003,58,✗ No,budget_exceeded
4,21,20,04-30,+46.1%,+19.14%,0.5957,70,✓ Yes,completed
4,21,21,04-30,+46.1%,+19.14%,0.5957,70,✓ Yes,completed
4,21,21,04-30,+42.3%,+18.54%,0.5927,89,✓ Yes,completed
4,21,21,04-30,+42.3%,+18.54%,0.5927,89,✓ Yes,completed
4,22,19,04-30,+50.0%,+59.39%,0.7969,39,✗ No,budget_exceeded
4,22,19,04-30,+50.0%,+59.39%,0.7969,39,✗ No,budget_exceeded
4,22,19,04-30,+49.7%,+19.11%,0.5956,63,✓ Yes,completed
4,22,20,04-30,+49.7%,+19.11%,0.5956,63,✓ Yes,completed
4,22,20,04-30,+42.5%,+18.55%,0.5927,64,✓ Yes,completed
4,22,21,04-30,+42.5%,+18.55%,0.5927,64,✓ Yes,completed
4,22,21,04-30,+42.5%,+18.55%,0.5927,64,✓ Yes,completed
4,22,21,04-30,+39.4%,+17.85%,0.5892,69,✓ Yes,completed
4,22,22,04-30,+39.4%,+17.85%,0.5892,69,✓ Yes,completed
4,22,22,04-30,+36.7%,+17.35%,0.5868,76,✓ Yes,completed
4,22,22,04-30,+36.7%,+17.35%,0.5868,76,✓ Yes,completed
4,19,19,05-03,+50.0%,+75.93%,0.8796,33,✗ No,budget_exceeded
4,19,19,05-03,+50.0%,+64.19%,0.8210,58,✗ No,budget_exceeded
4,19,19,05-03,+50.0%,+64.19%,0.8210,58,✗ No,budget_exceeded
4,20,19,05-03,+50.0%,+65.49%,0.8274,37,✗ No,budget_exceeded
4,20,19,05-03,+50.0%,+48.84%,0.7442,57,✗ No,budget_exceeded
4,20,20,05-03,+50.0%,+48.84%,0.7442,57,✗ No,budget_exceeded
4,20,20,05-03,+50.0%,+48.84%,0.7442,57,✗ No,budget_exceeded
4,20,20,05-03,+50.0%,+22.61%,0.6131,88,✗ No,budget_exceeded
4,21,19,05-03,+50.0%,+61.14%,0.8057,40,✗ No,budget_exceeded
4,21,19,05-03,+50.0%,+61.14%,0.8057,40,✗ No,budget_exceeded
4,21,19,05-03,+50.0%,+25.67%,0.6283,63,✗ No,budget_exceeded
4,21,20,05-03,+50.0%,+25.67%,0.6283,63,✗ No,budget_exceeded
4,21,20,05-03,+45.6%,+18.38%,0.5919,70,✓ Yes,completed
4,21,21,05-03,+45.6%,+18.38%,0.5919,70,✓ Yes,completed
4,21,21,05-03,+40.6%,+18.11%,0.5905,86,✓ Yes,completed
4,21,21,05-03,+40.6%,+18.11%,0.5905,86,✓ Yes,completed
4,22,19,05-03,+50.0%,+52.78%,0.7639,42,✗ No,budget_exceeded
4,22,19,05-03,+50.0%,+52.78%,0.7639,42,✗ No,budget_exceeded
4,22,19,05-03,+49.1%,+18.40%,0.5920,63,✓ Yes,completed
4,22,20,05-03,+49.1%,+18.40%,0.5920,63,✓ Yes,completed
4,22,20,05-03,+40.8%,+18.09%,0.5905,62,✓ Yes,completed
4,22,21,05-03,+40.8%,+18.09%,0.5905,62,✓ Yes,completed
4,22,21,05-03,+40.8%,+18.09%,0.5905,62,✓ Yes,completed
4,22,21,05-03,+37.7%,+17.67%,0.5884,66,✓ Yes,completed
4,22,22,05-03,+37.7%,+17.67%,0.5884,66,✓ Yes,completed
4,22,22,05-03,+35.4%,+17.11%,0.5855,74,✓ Yes,completed
4,22,22,05-03,+35.4%,+17.11%,0.5855,74,✓ Yes,completed
4,19,19,05-04,+50.0%,+72.67%,0.8634,36,✗ No,budget_exceeded
4,19,19,05-04,+50.0%,+62.69%,0.8134,59,✗ No,budget_exceeded
4,19,19,05-04,+50.0%,+62.69%,0.8134,59,✗ No,budget_exceeded
4,20,19,05-04,+50.0%,+62.28%,0.8114,40,✗ No,budget_exceeded
4,20,19,05-04,+50.0%,+45.93%,0.7296,59,✗ No,budget_exceeded
4,20,20,05-04,+50.0%,+45.93%,0.7296,59,✗ No,budget_exceeded
4,20,20,05-04,+50.0%,+45.93%,0.7296,59,✗ No,budget_exceeded
4,20,20,05-04,+49.6%,+18.56%,0.5928,90,✓ Yes,completed
4,21,19,05-04,+50.0%,+54.23%,0.7712,44,✗ No,budget_exceeded
4,21,19,05-04,+50.0%,+54.23%,0.7712,44,✗ No,budget_exceeded
4,21,19,05-04,+50.0%,+23.75%,0.6188,64,✗ No,budget_exceeded
4,21,20,05-04,+50.0%,+23.75%,0.6188,64,✗ No,budget_exceeded
4,21,20,05-04,+44.4%,+18.05%,0.5903,69,✓ Yes,completed
4,21,21,05-04,+44.4%,+18.05%,0.5903,69,✓ Yes,completed
4,21,21,05-04,+39.9%,+17.74%,0.5887,85,✓ Yes,completed
4,21,21,05-04,+39.9%,+17.74%,0.5887,85,✓ Yes,completed
4,22,19,05-04,+50.0%,+49.35%,0.7467,45,✗ No,budget_exceeded
4,22,19,05-04,+50.0%,+49.35%,0.7467,45,✗ No,budget_exceeded
4,22,19,05-04,+48.1%,+18.19%,0.5909,62,✓ Yes,completed
4,22,20,05-04,+48.1%,+18.19%,0.5909,62,✓ Yes,completed
4,22,20,05-04,+40.2%,+17.77%,0.5889,62,✓ Yes,completed
4,22,21,05-04,+40.2%,+17.77%,0.5889,62,✓ Yes,completed
4,22,21,05-04,+40.2%,+17.77%,0.5889,62,✓ Yes,completed
4,22,21,05-04,+36.7%,+17.44%,0.5872,65,✓ Yes,completed
4,22,22,05-04,+36.7%,+17.44%,0.5872,65,✓ Yes,completed
4,22,22,05-04,+34.5%,+16.88%,0.5844,73,✓ Yes,completed
4,22,22,05-04,+34.5%,+16.88%,0.5844,73,✓ Yes,completed
5,21,20,04-26,+50.0%,+53.88%,0.7694,53,✗ No,budget_exceeded
5,21,20,04-26,+50.0%,+38.58%,0.6929,81,✗ No,budget_exceeded
5,21,21,04-26,+50.0%,+38.58%,0.6929,81,✗ No,budget_exceeded
5,22,20,04-26,+50.0%,+42.96%,0.7148,57,✗ No,budget_exceeded
5,22,20,04-26,+48.4%,+18.98%,0.5949,73,✓ Yes,completed
5,22,21,04-26,+48.4%,+18.98%,0.5949,73,✓ Yes,completed
5,22,21,04-26,+48.4%,+18.98%,0.5949,73,✓ Yes,completed
5,22,21,04-26,+44.4%,+18.25%,0.5912,92,✓ Yes,completed
5,22,22,04-26,+44.4%,+18.25%,0.5912,92,✓ Yes,completed
5,21,20,04-27,+50.0%,+53.71%,0.7685,53,✗ No,budget_exceeded
5,21,20,04-27,+50.0%,+37.33%,0.6867,83,✗ No,budget_exceeded
5,21,21,04-27,+50.0%,+37.33%,0.6867,83,✗ No,budget_exceeded
5,22,20,04-27,+50.0%,+42.69%,0.7135,57,✗ No,budget_exceeded
5,22,20,04-27,+47.6%,+19.11%,0.5956,72,✓ Yes,completed
5,22,21,04-27,+47.6%,+19.11%,0.5956,72,✓ Yes,completed
5,22,21,04-27,+47.6%,+19.11%,0.5956,72,✓ Yes,completed
5,22,21,04-27,+44.0%,+18.32%,0.5916,92,✓ Yes,completed
5,22,22,04-27,+44.0%,+18.32%,0.5916,92,✓ Yes,completed
5,21,20,04-28,+50.0%,+53.63%,0.7682,53,✗ No,budget_exceeded
5,21,20,04-28,+50.0%,+35.99%,0.6799,84,✗ No,budget_exceeded
5,21,21,04-28,+50.0%,+35.99%,0.6799,84,✗ No,budget_exceeded
5,22,20,04-28,+50.0%,+42.47%,0.7124,57,✗ No,budget_exceeded
5,22,20,04-28,+47.0%,+18.89%,0.5945,71,✓ Yes,completed
5,22,21,04-28,+47.0%,+18.89%,0.5945,71,✓ Yes,completed
5,22,21,04-28,+47.0%,+18.89%,0.5945,71,✓ Yes,completed
5,22,21,04-28,+43.4%,+18.09%,0.5904,91,✓ Yes,completed
5,22,22,04-28,+43.4%,+18.09%,0.5904,91,✓ Yes,completed
5,21,20,04-29,+50.0%,+53.57%,0.7678,53,✗ No,budget_exceeded
5,21,20,04-29,+50.0%,+31.99%,0.6599,85,✗ No,budget_exceeded
5,21,21,04-29,+50.0%,+31.99%,0.6599,85,✗ No,budget_exceeded
5,22,20,04-29,+50.0%,+42.59%,0.7130,57,✗ No,budget_exceeded
5,22,20,04-29,+46.9%,+18.90%,0.5945,71,✓ Yes,completed
5,22,21,04-29,+46.9%,+18.90%,0.5945,71,✓ Yes,completed
5,22,21,04-29,+46.9%,+18.90%,0.5945,71,✓ Yes,completed
5,22,21,04-29,+43.0%,+18.26%,0.5913,90,✓ Yes,completed
5,22,22,04-29,+43.0%,+18.26%,0.5913,90,✓ Yes,completed
5,21,20,04-30,+50.0%,+52.71%,0.7636,54,✗ No,budget_exceeded
5,21,20,04-30,+50.0%,+28.25%,0.6413,87,✗ No,budget_exceeded
5,21,21,04-30,+50.0%,+28.25%,0.6413,87,✗ No,budget_exceeded
5,22,20,04-30,+50.0%,+40.07%,0.7003,58,✗ No,budget_exceeded
5,22,20,04-30,+46.1%,+19.14%,0.5957,70,✓ Yes,completed
5,22,21,04-30,+46.1%,+19.14%,0.5957,70,✓ Yes,completed
5,22,21,04-30,+46.1%,+19.14%,0.5957,70,✓ Yes,completed
5,22,21,04-30,+42.3%,+18.54%,0.5927,89,✓ Yes,completed
5,22,22,04-30,+42.3%,+18.54%,0.5927,89,✓ Yes,completed
5,21,20,05-01,+50.0%,+50.33%,0.7516,56,✗ No,budget_exceeded
5,21,20,05-01,+50.0%,+23.51%,0.6175,88,✗ No,budget_exceeded
5,21,21,05-01,+50.0%,+23.51%,0.6175,88,✗ No,budget_exceeded
5,22,20,05-01,+50.0%,+36.36%,0.6818,59,✗ No,budget_exceeded
5,22,20,05-01,+45.9%,+19.06%,0.5953,70,✓ Yes,completed
5,22,21,05-01,+45.9%,+19.06%,0.5953,70,✓ Yes,completed
5,22,21,05-01,+45.9%,+19.06%,0.5953,70,✓ Yes,completed
5,22,21,05-01,+41.8%,+18.61%,0.5930,88,✓ Yes,completed
5,22,22,05-01,+41.8%,+18.61%,0.5930,88,✓ Yes,completed
5,21,20,05-02,+50.0%,+50.09%,0.7504,56,✗ No,budget_exceeded
5,21,20,05-02,+50.0%,+23.01%,0.6150,88,✗ No,budget_exceeded
5,21,21,05-02,+50.0%,+23.01%,0.6150,88,✗ No,budget_exceeded
5,22,20,05-02,+50.0%,+31.03%,0.6552,62,✗ No,budget_exceeded
5,22,20,05-02,+45.8%,+18.70%,0.5935,70,✓ Yes,completed
5,22,21,05-02,+45.8%,+18.70%,0.5935,70,✓ Yes,completed
5,22,21,05-02,+45.8%,+18.70%,0.5935,70,✓ Yes,completed
5,22,21,05-02,+41.3%,+18.25%,0.5913,88,✓ Yes,completed
5,22,22,05-02,+41.3%,+18.25%,0.5913,88,✓ Yes,completed
5,21,20,05-03,+50.0%,+48.84%,0.7442,57,✗ No,budget_exceeded
5,21,20,05-03,+50.0%,+22.61%,0.6131,88,✗ No,budget_exceeded
5,21,21,05-03,+50.0%,+22.61%,0.6131,88,✗ No,budget_exceeded
5,22,20,05-03,+50.0%,+25.67%,0.6283,63,✗ No,budget_exceeded
5,22,20,05-03,+45.6%,+18.38%,0.5919,70,✓ Yes,completed
5,22,21,05-03,+45.6%,+18.38%,0.5919,70,✓ Yes,completed
5,22,21,05-03,+45.6%,+18.38%,0.5919,70,✓ Yes,completed
5,22,21,05-03,+40.6%,+18.11%,0.5905,86,✓ Yes,completed
5,22,22,05-03,+40.6%,+18.11%,0.5905,86,✓ Yes,completed
5,21,20,05-04,+50.0%,+45.93%,0.7296,59,✗ No,budget_exceeded
5,21,20,05-04,+49.6%,+18.56%,0.5928,90,✓ Yes,completed
5,21,21,05-04,+49.6%,+18.56%,0.5928,90,✓ Yes,completed
5,22,20,05-04,+50.0%,+23.75%,0.6188,64,✗ No,budget_exceeded
5,22,20,05-04,+44.4%,+18.05%,0.5903,69,✓ Yes,completed
5,22,21,05-04,+44.4%,+18.05%,0.5903,69,✓ Yes,completed
5,22,21,05-04,+44.4%,+18.05%,0.5903,69,✓ Yes,completed
5,22,21,05-04,+39.9%,+17.74%,0.5887,85,✓ Yes,completed
5,22,22,05-04,+39.9%,+17.74%,0.5887,85,✓ Yes,completed
6,21,20,04-28,+47.0%,+18.89%,0.5945,71,✓ Yes,completed
6,21,21,04-28,+47.0%,+18.89%,0.5945,71,✓ Yes,completed
6,21,21,04-28,+43.4%,+18.09%,0.5904,91,✓ Yes,completed
6,21,20,04-29,+46.9%,+18.90%,0.5945,71,✓ Yes,completed
6,21,21,04-29,+46.9%,+18.90%,0.5945,71,✓ Yes,completed
6,21,21,04-29,+43.0%,+18.26%,0.5913,90,✓ Yes,completed
6,21,20,04-30,+46.1%,+19.14%,0.5957,70,✓ Yes,completed
6,21,21,04-30,+46.1%,+19.14%,0.5957,70,✓ Yes,completed
6,21,21,04-30,+42.3%,+18.54%,0.5927,89,✓ Yes,completed
6,21,20,05-01,+45.9%,+19.06%,0.5953,70,✓ Yes,completed
6,21,21,05-01,+45.9%,+19.06%,0.5953,70,✓ Yes,completed
6,21,21,05-01,+41.8%,+18.61%,0.5930,88,✓ Yes,completed
6,21,20,05-02,+45.8%,+18.70%,0.5935,70,✓ Yes,completed
6,21,21,05-02,+45.8%,+18.70%,0.5935,70,✓ Yes,completed
6,21,21,05-02,+41.3%,+18.25%,0.5913,88,✓ Yes,completed
7,21,20,04-29,+46.9%,+18.90%,0.5945,71,✓ Yes,completed
7,21,21,04-29,+46.9%,+18.90%,0.5945,71,✓ Yes,completed
7,21,21,04-29,+43.0%,+18.26%,0.5913,90,✓ Yes,completed
7,21,20,04-30,+46.1%,+19.14%,0.5957,70,✓ Yes,completed
7,21,21,04-30,+46.1%,+19.14%,0.5957,70,✓ Yes,completed
7,21,21,04-30,+42.3%,+18.54%,0.5927,89,✓ Yes,completed
7,21,20,05-01,+45.9%,+19.06%,0.5953,70,✓ Yes,completed
7,21,21,05-01,+45.9%,+19.06%,0.5953,70,✓ Yes,completed
7,21,21,05-01,+41.8%,+18.61%,0.5930,88,✓ Yes,completed
8,21,21,04-30,+46.1%,+19.14%,0.5957,70,✓ Yes,completed
8,21,21,04-30,+46.1%,+19.14%,0.5957,70,✓ Yes,completed
8,21,21,04-30,+42.3%,+18.54%,0.5927,89,✓ Yes,completed
8,21,21,05-01,+45.9%,+19.06%,0.5953,70,✓ Yes,completed
8,21,21,05-01,+45.9%,+19.06%,0.5953,70,✓ Yes,completed
8,21,21,05-01,+41.8%,+18.61%,0.5930,88,✓ Yes,completed
9,21,21,04-30,+46.1%,+19.14%,0.5957,70,✓ Yes,completed
9,21,21,04-30,+42.3%,+18.54%,0.5927,89,✓ Yes,completed
9,21,21,04-30,+42.3%,+18.54%,0.5927,89,✓ Yes,completed
9,21,21,05-01,+45.9%,+19.06%,0.5953,70,✓ Yes,completed
9,21,21,05-01,+41.8%,+18.61%,0.5930,88,✓ Yes,completed
9,21,21,05-01,+41.8%,+18.61%,0.5930,88,✓ Yes,completed
