Iter,θ_p,θ_r,Start,Overhead %,CO₂ Save %,Score,Pauses,Budget,Stop
0,10,0,01-01,+50.0%,+95.56%,0.9778,1,✗ No,budget_exceeded
0,10,10,01-01,+50.0%,+95.56%,0.9778,1,✗ No,budget_exceeded
0,98,0,01-01,+50.0%,+95.56%,0.9778,1,✗ No,budget_exceeded
0,98,98,01-01,+50.0%,+95.56%,0.9778,1,✗ No,budget_exceeded
0,186,0,01-01,+50.0%,+95.56%,0.9778,1,✗ No,budget_exceeded
0,186,186,01-01,+50.0%,+95.56%,0.9778,1,✗ No,budget_exceeded
0,273,0,01-01,+50.0%,+95.56%,0.9778,1,✗ No,budget_exceeded
0,273,137,01-01,+50.0%,+95.56%,0.9778,1,✗ No,budget_exceeded
0,273,273,01-01,+50.0%,+95.56%,0.9778,1,✗ No,budget_exceeded
0,361,0,01-01,+50.0%,+95.56%,0.9778,1,✗ No,budget_exceeded
0,361,90,01-01,+50.0%,+95.56%,0.9778,1,✗ No,budget_exceeded
0,361,181,01-01,+50.0%,+95.56%,0.9778,1,✗ No,budget_exceeded
0,361,271,01-01,+50.0%,+95.56%,0.9778,1,✗ No,budget_exceeded
0,361,361,01-01,+50.0%,+95.56%,0.9778,1,✗ No,budget_exceeded
0,449,0,01-01,+50.0%,+92.06%,0.9603,1,✗ No,budget_exceeded
0,449,90,01-01,+50.0%,+92.06%,0.9603,1,✗ No,budget_exceeded
0,449,180,01-01,+50.0%,+92.06%,0.9603,1,✗ No,budget_exceeded
0,449,269,01-01,+50.0%,+92.06%,0.9603,1,✗ No,budget_exceeded
0,449,359,01-01,+50.0%,+92.06%,0.9603,1,✗ No,budget_exceeded
0,449,449,01-01,+21.4%,+1.59%,0.5079,44,✓ Yes,completed
0,537,0,01-01,+0.0%,+0.00%,0.5000,0,✓ Yes,completed
0,537,89,01-01,+0.0%,+0.00%,0.5000,0,✓ Yes,completed
0,537,179,01-01,+0.0%,+0.00%,0.5000,0,✓ Yes,completed
0,537,268,01-01,+0.0%,+0.00%,0.5000,0,✓ Yes,completed
0,537,358,01-01,+0.0%,+0.00%,0.5000,0,✓ Yes,completed
0,537,447,01-01,+0.0%,+0.00%,0.5000,0,✓ Yes,completed
0,537,537,01-01,+0.0%,+0.00%,0.5000,0,✓ Yes,completed
0,624,0,01-01,+0.0%,+0.00%,0.5000,0,✓ Yes,completed
0,624,89,01-01,+0.0%,+0.00%,0.5000,0,✓ Yes,completed
0,624,178,01-01,+0.0%,+0.00%,0.5000,0,✓ Yes,completed
0,624,268,01-01,+0.0%,+0.00%,0.5000,0,✓ Yes,completed
0,624,357,01-01,+0.0%,+0.00%,0.5000,0,✓ Yes,completed
0,624,446,01-01,+0.0%,+0.00%,0.5000,0,✓ Yes,completed
0,624,535,01-01,+0.0%,+0.00%,0.5000,0,✓ Yes,completed
0,624,624,01-01,+0.0%,+0.00%,0.5000,0,✓ Yes,completed
0,712,0,01-01,+0.0%,+0.00%,0.5000,0,✓ Yes,completed
0,712,89,01-01,+0.0%,+0.00%,0.5000,0,✓ Yes,completed
0,712,178,01-01,+0.0%,+0.00%,0.5000,0,✓ Yes,completed
0,712,267,01-01,+0.0%,+0.00%,0.5000,0,✓ Yes,completed
0,712,356,01-01,+0.0%,+0.00%,0.5000,0,✓ Yes,completed
0,712,445,01-01,+0.0%,+0.00%,0.5000,0,✓ Yes,completed
0,712,534,01-01,+0.0%,+0.00%,0.5000,0,✓ Yes,completed
0,712,623,01-01,+0.0%,+0.00%,0.5000,0,✓ Yes,completed
0,712,712,01-01,+0.0%,+0.00%,0.5000,0,✓ Yes,completed
0,800,0,01-01,+0.0%,+0.00%,0.5000,0,✓ Yes,completed
0,800,89,01-01,+0.0%,+0.00%,0.5000,0,✓ Yes,completed
0,800,178,01-01,+0.0%,+0.00%,0.5000,0,✓ Yes,completed
0,800,267,01-01,+0.0%,+0.00%,0.5000,0,✓ Yes,completed
0,800,356,01-01,+0.0%,+0.00%,0.5000,0,✓ Yes,completed
0,800,444,01-01,+0.0%,+0.00%,0.5000,0,✓ Yes,completed
0,800,533,01-01,+0.0%,+0.00%,0.5000,0,✓ Yes,completed
0,800,622,01-01,+0.0%,+0.00%,0.5000,0,✓ Yes,completed
0,800,711,01-01,+0.0%,+0.00%,0.5000,0,✓ Yes,completed
0,800,800,01-01,+0.0%,+0.00%,0.5000,0,✓ Yes,completed
0,10,0,03-03,+50.0%,+95.67%,0.9784,1,✗ No,budget_exceeded
0,10,10,03-03,+50.0%,+95.67%,0.9784,1,✗ No,budget_exceeded
0,98,0,03-03,+50.0%,+95.67%,0.9784,1,✗ No,budget_exceeded
0,98,98,03-03,+50.0%,+95.67%,0.9784,1,✗ No,budget_exceeded
0,186,0,03-03,+50.0%,+95.67%,0.9784,1,✗ No,budget_exceeded
0,186,186,03-03,+50.0%,+95.67%,0.9784,1,✗ No,budget_exceeded
0,273,0,03-03,+50.0%,+95.67%,0.9784,1,✗ No,budget_exceeded
0,273,137,03-03,+50.0%,+95.67%,0.9784,1,✗ No,budget_exceeded
0,273,273,03-03,+50.0%,+95.67%,0.9784,1,✗ No,budget_exceeded
0,361,0,03-03,+50.0%,+95.67%,0.9784,1,✗ No,budget_exceeded
0,361,90,03-03,+50.0%,+95.67%,0.9784,1,✗ No,budget_exceeded
0,361,181,03-03,+50.0%,+95.67%,0.9784,1,✗ No,budget_exceeded
0,361,271,03-03,+50.0%,+95.67%,0.9784,1,✗ No,budget_exceeded
0,361,361,03-03,+50.0%,+78.48%,0.8924,43,✗ No,budget_exceeded
0,449,0,03-03,+0.0%,+0.00%,0.5000,0,✓ Yes,completed
0,449,90,03-03,+0.0%,+0.00%,0.5000,0,✓ Yes,completed
0,449,180,03-03,+0.0%,+0.00%,0.5000,0,✓ Yes,completed
0,449,269,03-03,+0.0%,+0.00%,0.5000,0,✓ Yes,completed
0,449,359,03-03,+0.0%,+0.00%,0.5000,0,✓ Yes,completed
0,449,449,03-03,+0.0%,+0.00%,0.5000,0,✓ Yes,completed
0,537,0,03-03,+0.0%,+0.00%,0.5000,0,✓ Yes,completed
0,537,89,03-03,+0.0%,+0.00%,0.5000,0,✓ Yes,completed
0,537,179,03-03,+0.0%,+0.00%,0.5000,0,✓ Yes,completed
0,537,268,03-03,+0.0%,+0.00%,0.5000,0,✓ Yes,completed
0,537,358,03-03,+0.0%,+0.00%,0.5000,0,✓ Yes,completed
0,537,447,03-03,+0.0%,+0.00%,0.5000,0,✓ Yes,completed
0,537,537,03-03,+0.0%,+0.00%,0.5000,0,✓ Yes,completed
0,624,0,03-03,+0.0%,+0.00%,0.5000,0,✓ Yes,completed
0,624,89,03-03,+0.0%,+0.00%,0.5000,0,✓ Yes,completed
0,624,178,03-03,+0.0%,+0.00%,0.5000,0,✓ Yes,completed
0,624,268,03-03,+0.0%,+0.00%,0.5000,0,✓ Yes,completed
0,624,357,03-03,+0.0%,+0.00%,0.5000,0,✓ Yes,completed
0,624,446,03-03,+0.0%,+0.00%,0.5000,0,✓ Yes,completed
0,624,535,03-03,+0.0%,+0.00%,0.5000,0,✓ Yes,completed
0,624,624,03-03,+0.0%,+0.00%,0.5000,0,✓ Yes,completed
0,712,0,03-03,+0.0%,+0.00%,0.5000,0,✓ Yes,completed
0,712,89,03-03,+0.0%,+0.00%,0.5000,0,✓ Yes,completed
0,712,178,03-03,+0.0%,+0.00%,0.5000,0,✓ Yes,completed
0,712,267,03-03,+0.0%,+0.00%,0.5000,0,✓ Yes,completed
0,712,356,03-03,+0.0%,+0.00%,0.5000,0,✓ Yes,completed
0,712,445,03-03,+0.0%,+0.00%,0.5000,0,✓ Yes,completed
0,712,534,03-03,+0.0%,+0.00%,0.5000,0,✓ Yes,completed
0,712,623,03-03,+0.0%,+0.00%,0.5000,0,✓ Yes,completed
0,712,712,03-03,+0.0%,+0.00%,0.5000,0,✓ Yes,completed
0,800,0,03-03,+0.0%,+0.00%,0.5000,0,✓ Yes,completed
0,800,89,03-03,+0.0%,+0.00%,0.5000,0,✓ Yes,completed
0,800,178,03-03,+0.0%,+0.00%,0.5000,0,✓ Yes,completed
0,800,267,03-03,+0.0%,+0.00%,0.5000,0,✓ Yes,completed
0,800,356,03-03,+0.0%,+0.00%,0.5000,0,✓ Yes,completed
0,800,444,03-03,+0.0%,+0.00%,0.5000,0,✓ Yes,completed
0,800,533,03-03,+0.0%,+0.00%,0.5000,0,✓ Yes,completed
0,800,622,03-03,+0.0%,+0.00%,0.5000,0,✓ Yes,completed
0,800,711,03-03,+0.0%,+0.00%,0.5000,0,✓ Yes,completed
0,800,800,03-03,+0.0%,+0.00%,0.5000,0,✓ Yes,completed
0,10,0,05-03,+50.0%,+95.87%,0.9794,1,✗ No,budget_exceeded
0,10,10,05-03,+50.0%,+95.87%,0.9794,1,✗ No,budget_exceeded
0,98,0,05-03,+50.0%,+95.87%,0.9794,1,✗ No,budget_exceeded
0,98,98,05-03,+50.0%,+95.87%,0.9794,1,✗ No,budget_exceeded
0,186,0,05-03,+50.0%,+95.87%,0.9794,1,✗ No,budget_exceeded
0,186,186,05-03,+50.0%,+95.87%,0.9794,1,✗ No,budget_exceeded
0,273,0,05-03,+50.0%,+95.87%,0.9794,1,✗ No,budget_exceeded
0,273,137,05-03,+50.0%,+95.87%,0.9794,1,✗ No,budget_exceeded
0,273,273,05-03,+50.0%,+95.87%,0.9794,1,✗ No,budget_exceeded
0,361,0,05-03,+50.0%,+95.87%,0.9794,1,✗ No,budget_exceeded
0,361,90,05-03,+50.0%,+95.87%,0.9794,1,✗ No,budget_exceeded
0,361,181,05-03,+50.0%,+95.87%,0.9794,1,✗ No,budget_exceeded
0,361,271,05-03,+50.0%,+95.87%,0.9794,1,✗ No,budget_exceeded
0,361,361,05-03,+50.0%,+94.46%,0.9723,12,✗ No,budget_exceeded
0,449,0,05-03,+50.0%,+34.45%,0.6723,1,✗ No,budget_exceeded
0,449,90,05-03,+50.0%,+34.45%,0.6723,1,✗ No,budget_exceeded
0,449,180,05-03,+50.0%,+34.45%,0.6723,1,✗ No,budget_exceeded
0,449,269,05-03,+50.0%,+34.45%,0.6723,1,✗ No,budget_exceeded
0,449,359,05-03,+50.0%,+34.45%,0.6723,1,✗ No,budget_exceeded
0,449,449,05-03,+2.7%,-0.21%,0.4989,18,✓ Yes,completed
0,537,0,05-03,+0.0%,+0.00%,0.5000,0,✓ Yes,completed
0,537,89,05-03,+0.0%,+0.00%,0.5000,0,✓ Yes,completed
0,537,179,05-03,+0.0%,+0.00%,0.5000,0,✓ Yes,completed
0,537,268,05-03,+0.0%,+0.00%,0.5000,0,✓ Yes,completed
0,537,358,05-03,+0.0%,+0.00%,0.5000,0,✓ Yes,completed
0,537,447,05-03,+0.0%,+0.00%,0.5000,0,✓ Yes,completed
0,537,537,05-03,+0.0%,+0.00%,0.5000,0,✓ Yes,completed
0,624,0,05-03,+0.0%,+0.00%,0.5000,0,✓ Yes,completed
0,624,89,05-03,+0.0%,+0.00%,0.5000,0,✓ Yes,completed
0,624,178,05-03,+0.0%,+0.00%,0.5000,0,✓ Yes,completed
0,624,268,05-03,+0.0%,+0.00%,0.5000,0,✓ Yes,completed
0,624,357,05-03,+0.0%,+0.00%,0.5000,0,✓ Yes,completed
0,624,446,05-03,+0.0%,+0.00%,0.5000,0,✓ Yes,completed
0,624,535,05-03,+0.0%,+0.00%,0.5000,0,✓ Yes,completed
0,624,624,05-03,+0.0%,+0.00%,0.5000,0,✓ Yes,completed
0,712,0,05-03,+0.0%,+0.00%,0.5000,0,✓ Yes,completed
0,712,89,05-03,+0.0%,+0.00%,0.5000,0,✓ Yes,completed
0,712,178,05-03,+0.0%,+0.00%,0.5000,0,✓ Yes,completed
0,712,267,05-03,+0.0%,+0.00%,0.5000,0,✓ Yes,completed
0,712,356,05-03,+0.0%,+0.00%,0.5000,0,✓ Yes,completed
0,712,445,05-03,+0.0%,+0.00%,0.5000,0,✓ Yes,completed
0,712,534,05-03,+0.0%,+0.00%,0.5000,0,✓ Yes,completed
0,712,623,05-03,+0.0%,+0.00%,0.5000,0,✓ Yes,completed
0,712,712,05-03,+0.0%,+0.00%,0.5000,0,✓ Yes,completed
0,800,0,05-03,+0.0%,+0.00%,0.5000,0,✓ Yes,completed
0,800,89,05-03,+0.0%,+0.00%,0.5000,0,✓ Yes,completed
0,800,178,05-03,+0.0%,+0.00%,0.5000,0,✓ Yes,completed
0,800,267,05-03,+0.0%,+0.00%,0.5000,0,✓ Yes,completed
0,800,356,05-03,+0.0%,+0.00%,0.5000,0,✓ Yes,completed
0,800,444,05-03,+0.0%,+0.00%,0.5000,0,✓ Yes,completed
0,800,533,05-03,+0.0%,+0.00%,0.5000,0,✓ Yes,completed
0,800,622,05-03,+0.0%,+0.00%,0.5000,0,✓ Yes,completed
0,800,711,05-03,+0.0%,+0.00%,0.5000,0,✓ Yes,completed
0,800,800,05-03,+0.0%,+0.00%,0.5000,0,✓ Yes,completed
0,10,0,07-03,+50.0%,+95.70%,0.9785,1,✗ No,budget_exceeded
0,10,10,07-03,+50.0%,+95.70%,0.9785,1,✗ No,budget_exceeded
0,98,0,07-03,+50.0%,+95.70%,0.9785,1,✗ No,budget_exceeded
0,98,98,07-03,+50.0%,+95.70%,0.9785,1,✗ No,budget_exceeded
0,186,0,07-03,+50.0%,+95.70%,0.9785,1,✗ No,budget_exceeded
0,186,186,07-03,+50.0%,+95.70%,0.9785,1,✗ No,budget_exceeded
0,273,0,07-03,+50.0%,+95.70%,0.9785,1,✗ No,budget_exceeded
0,273,137,07-03,+50.0%,+95.70%,0.9785,1,✗ No,budget_exceeded
0,273,273,07-03,+50.0%,+95.70%,0.9785,1,✗ No,budget_exceeded
0,361,0,07-03,+50.0%,+95.70%,0.9785,1,✗ No,budget_exceeded
0,361,90,07-03,+50.0%,+95.70%,0.9785,1,✗ No,budget_exceeded
0,361,181,07-03,+50.0%,+95.70%,0.9785,1,✗ No,budget_exceeded
0,361,271,07-03,+50.0%,+95.70%,0.9785,1,✗ No,budget_exceeded
0,361,361,07-03,+50.0%,+95.70%,0.9785,1,✗ No,budget_exceeded
0,449,0,07-03,+50.0%,+95.70%,0.9785,1,✗ No,budget_exceeded
0,449,90,07-03,+50.0%,+95.70%,0.9785,1,✗ No,budget_exceeded
0,449,180,07-03,+50.0%,+95.70%,0.9785,1,✗ No,budget_exceeded
0,449,269,07-03,+50.0%,+95.70%,0.9785,1,✗ No,budget_exceeded
0,449,359,07-03,+50.0%,+95.70%,0.9785,1,✗ No,budget_exceeded
0,449,449,07-03,+50.0%,+81.39%,0.9070,57,✗ No,budget_exceeded
0,537,0,07-03,+0.0%,+0.00%,0.5000,0,✓ Yes,completed
0,537,89,07-03,+0.0%,+0.00%,0.5000,0,✓ Yes,completed
0,537,179,07-03,+0.0%,+0.00%,0.5000,0,✓ Yes,completed
0,537,268,07-03,+0.0%,+0.00%,0.5000,0,✓ Yes,completed
0,537,358,07-03,+0.0%,+0.00%,0.5000,0,✓ Yes,completed
0,537,447,07-03,+0.0%,+0.00%,0.5000,0,✓ Yes,completed
0,537,537,07-03,+0.0%,+0.00%,0.5000,0,✓ Yes,completed
0,624,0,07-03,+0.0%,+0.00%,0.5000,0,✓ Yes,completed
0,624,89,07-03,+0.0%,+0.00%,0.5000,0,✓ Yes,completed
0,624,178,07-03,+0.0%,+0.00%,0.5000,0,✓ Yes,completed
0,624,268,07-03,+0.0%,+0.00%,0.5000,0,✓ Yes,completed
0,624,357,07-03,+0.0%,+0.00%,0.5000,0,✓ Yes,completed
0,624,446,07-03,+0.0%,+0.00%,0.5000,0,✓ Yes,completed
0,624,535,07-03,+0.0%,+0.00%,0.5000,0,✓ Yes,completed
0,624,624,07-03,+0.0%,+0.00%,0.5000,0,✓ Yes,completed
0,712,0,07-03,+0.0%,+0.00%,0.5000,0,✓ Yes,completed
0,712,89,07-03,+0.0%,+0.00%,0.5000,0,✓ Yes,completed
0,712,178,07-03,+0.0%,+0.00%,0.5000,0,✓ Yes,completed
0,712,267,07-03,+0.0%,+0.00%,0.5000,0,✓ Yes,completed
0,712,356,07-03,+0.0%,+0.00%,0.5000,0,✓ Yes,completed
0,712,445,07-03,+0.0%,+0.00%,0.5000,0,✓ Yes,completed
0,712,534,07-03,+0.0%,+0.00%,0.5000,0,✓ Yes,completed
0,712,623,07-03,+0.0%,+0.00%,0.5000,0,✓ Yes,completed
0,712,712,07-03,+0.0%,+0.00%,0.5000,0,✓ Yes,completed
0,800,0,07-03,+0.0%,+0.00%,0.5000,0,✓ Yes,completed
0,800,89,07-03,+0.0%,+0.00%,0.5000,0,✓ Yes,completed
0,800,178,07-03,+0.0%,+0.00%,0.5000,0,✓ Yes,completed
0,800,267,07-03,+0.0%,+0.00%,0.5000,0,✓ Yes,completed
0,800,356,07-03,+0.0%,+0.00%,0.5000,0,✓ Yes,completed
0,800,444,07-03,+0.0%,+0.00%,0.5000,0,✓ Yes,completed
0,800,533,07-03,+0.0%,+0.00%,0.5000,0,✓ Yes,completed
0,800,622,07-03,+0.0%,+0.00%,0.5000,0,✓ Yes,completed
0,800,711,07-03,+0.0%,+0.00%,0.5000,0,✓ Yes,completed
0,800,800,07-03,+0.0%,+0.00%,0.5000,0,✓ Yes,completed
0,10,0,09-02,+50.0%,+95.59%,0.9780,1,✗ No,budget_exceeded
0,10,10,09-02,+50.0%,+95.59%,0.9780,1,✗ No,budget_exceeded
0,98,0,09-02,+50.0%,+95.59%,0.9780,1,✗ No,budget_exceeded
0,98,98,09-02,+50.0%,+95.59%,0.9780,1,✗ No,budget_exceeded
0,186,0,09-02,+50.0%,+95.59%,0.9780,1,✗ No,budget_exceeded
0,186,186,09-02,+50.0%,+95.59%,0.9780,1,✗ No,budget_exceeded
0,273,0,09-02,+50.0%,+95.59%,0.9780,1,✗ No,budget_exceeded
0,273,137,09-02,+50.0%,+95.59%,0.9780,1,✗ No,budget_exceeded
0,273,273,09-02,+50.0%,+95.59%,0.9780,1,✗ No,budget_exceeded
0,361,0,09-02,+50.0%,+95.59%,0.9780,1,✗ No,budget_exceeded
0,361,90,09-02,+50.0%,+95.59%,0.9780,1,✗ No,budget_exceeded
0,361,181,09-02,+50.0%,+95.59%,0.9780,1,✗ No,budget_exceeded
0,361,271,09-02,+50.0%,+95.59%,0.9780,1,✗ No,budget_exceeded
0,361,361,09-02,+50.0%,+95.59%,0.9780,1,✗ No,budget_exceeded
0,449,0,09-02,+50.0%,+95.59%,0.9780,1,✗ No,budget_exceeded
0,449,90,09-02,+50.0%,+95.59%,0.9780,1,✗ No,budget_exceeded
0,449,180,09-02,+50.0%,+95.59%,0.9780,1,✗ No,budget_exceeded
0,449,269,09-02,+50.0%,+95.59%,0.9780,1,✗ No,budget_exceeded
0,449,359,09-02,+50.0%,+95.59%,0.9780,1,✗ No,budget_exceeded
0,449,449,09-02,+13.8%,-0.03%,0.4999,57,✓ Yes,completed
0,537,0,09-02,+0.0%,+0.00%,0.5000,0,✓ Yes,completed
0,537,89,09-02,+0.0%,+0.00%,0.5000,0,✓ Yes,completed
0,537,179,09-02,+0.0%,+0.00%,0.5000,0,✓ Yes,completed
0,537,268,09-02,+0.0%,+0.00%,0.5000,0,✓ Yes,completed
0,537,358,09-02,+0.0%,+0.00%,0.5000,0,✓ Yes,completed
0,537,447,09-02,+0.0%,+0.00%,0.5000,0,✓ Yes,completed
0,537,537,09-02,+0.0%,+0.00%,0.5000,0,✓ Yes,completed
0,624,0,09-02,+0.0%,+0.00%,0.5000,0,✓ Yes,completed
0,624,89,09-02,+0.0%,+0.00%,0.5000,0,✓ Yes,completed
0,624,178,09-02,+0.0%,+0.00%,0.5000,0,✓ Yes,completed
0,624,268,09-02,+0.0%,+0.00%,0.5000,0,✓ Yes,completed
0,624,357,09-02,+0.0%,+0.00%,0.5000,0,✓ Yes,completed
0,624,446,09-02,+0.0%,+0.00%,0.5000,0,✓ Yes,completed
0,624,535,09-02,+0.0%,+0.00%,0.5000,0,✓ Yes,completed
0,624,624,09-02,+0.0%,+0.00%,0.5000,0,✓ Yes,completed
0,712,0,09-02,+0.0%,+0.00%,0.5000,0,✓ Yes,completed
0,712,89,09-02,+0.0%,+0.00%,0.5000,0,✓ Yes,completed
0,712,178,09-02,+0.0%,+0.00%,0.5000,0,✓ Yes,completed
0,712,267,09-02,+0.0%,+0.00%,0.5000,0,✓ Yes,completed
0,712,356,09-02,+0.0%,+0.00%,0.5000,0,✓ Yes,completed
0,712,445,09-02,+0.0%,+0.00%,0.5000,0,✓ Yes,completed
0,712,534,09-02,+0.0%,+0.00%,0.5000,0,✓ Yes,completed
0,712,623,09-02,+0.0%,+0.00%,0.5000,0,✓ Yes,completed
0,712,712,09-02,+0.0%,+0.00%,0.5000,0,✓ Yes,completed
0,800,0,09-02,+0.0%,+0.00%,0.5000,0,✓ Yes,completed
0,800,89,09-02,+0.0%,+0.00%,0.5000,0,✓ Yes,completed
0,800,178,09-02,+0.0%,+0.00%,0.5000,0,✓ Yes,completed
0,800,267,09-02,+0.0%,+0.00%,0.5000,0,✓ Yes,completed
0,800,356,09-02,+0.0%,+0.00%,0.5000,0,✓ Yes,completed
0,800,444,09-02,+0.0%,+0.00%,0.5000,0,✓ Yes,completed
0,800,533,09-02,+0.0%,+0.00%,0.5000,0,✓ Yes,completed
0,800,622,09-02,+0.0%,+0.00%,0.5000,0,✓ Yes,completed
0,800,711,09-02,+0.0%,+0.00%,0.5000,0,✓ Yes,completed
0,800,800,09-02,+0.0%,+0.00%,0.5000,0,✓ Yes,completed
0,10,0,11-02,+50.0%,+95.81%,0.9791,1,✗ No,budget_exceeded
0,10,10,11-02,+50.0%,+95.81%,0.9791,1,✗ No,budget_exceeded
0,98,0,11-02,+50.0%,+95.81%,0.9791,1,✗ No,budget_exceeded
0,98,98,11-02,+50.0%,+95.81%,0.9791,1,✗ No,budget_exceeded
0,186,0,11-02,+50.0%,+95.81%,0.9791,1,✗ No,budget_exceeded
0,186,186,11-02,+50.0%,+95.81%,0.9791,1,✗ No,budget_exceeded
0,273,0,11-02,+50.0%,+95.81%,0.9791,1,✗ No,budget_exceeded
0,273,137,11-02,+50.0%,+95.81%,0.9791,1,✗ No,budget_exceeded
0,273,273,11-02,+50.0%,+95.81%,0.9791,1,✗ No,budget_exceeded
0,361,0,11-02,+50.0%,+95.81%,0.9791,1,✗ No,budget_exceeded
0,361,90,11-02,+50.0%,+95.81%,0.9791,1,✗ No,budget_exceeded
0,361,181,11-02,+50.0%,+95.81%,0.9791,1,✗ No,budget_exceeded
0,361,271,11-02,+50.0%,+95.81%,0.9791,1,✗ No,budget_exceeded
0,361,361,11-02,+50.0%,+94.99%,0.9749,6,✗ No,budget_exceeded
0,449,0,11-02,+50.0%,+59.75%,0.7987,1,✗ No,budget_exceeded
0,449,90,11-02,+50.0%,+59.75%,0.7987,1,✗ No,budget_exceeded
0,449,180,11-02,+50.0%,+59.75%,0.7987,1,✗ No,budget_exceeded
0,449,269,11-02,+50.0%,+59.75%,0.7987,1,✗ No,budget_exceeded
0,449,359,11-02,+50.0%,+59.75%,0.7987,1,✗ No,budget_exceeded
0,449,449,11-02,+4.4%,-0.08%,0.4996,17,✓ Yes,completed
0,537,0,11-02,+0.0%,+0.00%,0.5000,0,✓ Yes,completed
0,537,89,11-02,+0.0%,+0.00%,0.5000,0,✓ Yes,completed
0,537,179,11-02,+0.0%,+0.00%,0.5000,0,✓ Yes,completed
0,537,268,11-02,+0.0%,+0.00%,0.5000,0,✓ Yes,completed
0,537,358,11-02,+0.0%,+0.00%,0.5000,0,✓ Yes,completed
0,537,447,11-02,+0.0%,+0.00%,0.5000,0,✓ Yes,completed
0,537,537,11-02,+0.0%,+0.00%,0.5000,0,✓ Yes,completed
0,624,0,11-02,+0.0%,+0.00%,0.5000,0,✓ Yes,completed
0,624,89,11-02,+0.0%,+0.00%,0.5000,0,✓ Yes,completed
0,624,178,11-02,+0.0%,+0.00%,0.5000,0,✓ Yes,completed
0,624,268,11-02,+0.0%,+0.00%,0.5000,0,✓ Yes,completed
0,624,357,11-02,+0.0%,+0.00%,0.5000,0,✓ Yes,completed
0,624,446,11-02,+0.0%,+0.00%,0.5000,0,✓ Yes,completed
0,624,535,11-02,+0.0%,+0.00%,0.5000,0,✓ Yes,completed
0,624,624,11-02,+0.0%,+0.00%,0.5000,0,✓ Yes,completed
0,712,0,11-02,+0.0%,+0.00%,0.5000,0,✓ Yes,completed
0,712,89,11-02,+0.0%,+0.00%,0.5000,0,✓ Yes,completed
0,712,178,11-02,+0.0%,+0.00%,0.5000,0,✓ Yes,completed
0,712,267,11-02,+0.0%,+0.00%,0.5000,0,✓ Yes,completed
0,712,356,11-02,+0.0%,+0.00%,0.5000,0,✓ Yes,completed
0,712,445,11-02,+0.0%,+0.00%,0.5000,0,✓ Yes,completed
0,712,534,11-02,+0.0%,+0.00%,0.5000,0,✓ Yes,completed
0,712,623,11-02,+0.0%,+0.00%,0.5000,0,✓ Yes,completed
0,712,712,11-02,+0.0%,+0.00%,0.5000,0,✓ Yes,completed
0,800,0,11-02,+0.0%,+0.00%,0.5000,0,✓ Yes,completed
0,800,89,11-02,+0.0%,+0.00%,0.5000,0,✓ Yes,completed
0,800,178,11-02,+0.0%,+0.00%,0.5000,0,✓ Yes,completed
0,800,267,11-02,+0.0%,+0.00%,0.5000,0,✓ Yes,completed
0,800,356,11-02,+0.0%,+0.00%,0.5000,0,✓ Yes,completed
0,800,444,11-02,+0.0%,+0.00%,0.5000,0,✓ Yes,completed
0,800,533,11-02,+0.0%,+0.00%,0.5000,0,✓ Yes,completed
0,800,622,11-02,+0.0%,+0.00%,0.5000,0,✓ Yes,completed
0,800,711,11-02,+0.0%,+0.00%,0.5000,0,✓ Yes,completed
0,800,800,11-02,+0.0%,+0.00%,0.5000,0,✓ Yes,completed
0,10,0,12-31,+50.0%,+95.57%,0.9779,1,✗ No,budget_exceeded
0,10,10,12-31,+50.0%,+95.57%,0.9779,1,✗ No,budget_exceeded
0,98,0,12-31,+50.0%,+95.57%,0.9779,1,✗ No,budget_exceeded
0,98,98,12-31,+50.0%,+95.57%,0.9779,1,✗ No,budget_exceeded
0,186,0,12-31,+50.0%,+95.57%,0.9779,1,✗ No,budget_exceeded
0,186,186,12-31,+50.0%,+95.57%,0.9779,1,✗ No,budget_exceeded
0,273,0,12-31,+50.0%,+95.57%,0.9779,1,✗ No,budget_exceeded
0,273,137,12-31,+50.0%,+95.57%,0.9779,1,✗ No,budget_exceeded
0,273,273,12-31,+50.0%,+95.57%,0.9779,1,✗ No,budget_exceeded
0,361,0,12-31,+50.0%,+95.57%,0.9779,1,✗ No,budget_exceeded
0,361,90,12-31,+50.0%,+95.57%,0.9779,1,✗ No,budget_exceeded
0,361,181,12-31,+50.0%,+95.57%,0.9779,1,✗ No,budget_exceeded
0,361,271,12-31,+50.0%,+95.57%,0.9779,1,✗ No,budget_exceeded
0,361,361,12-31,+50.0%,+95.57%,0.9779,1,✗ No,budget_exceeded
0,449,0,12-31,+50.0%,+90.33%,0.9516,1,✗ No,budget_exceeded
0,449,90,12-31,+50.0%,+90.33%,0.9516,1,✗ No,budget_exceeded
0,449,180,12-31,+50.0%,+90.33%,0.9516,1,✗ No,budget_exceeded
0,449,269,12-31,+50.0%,+90.33%,0.9516,1,✗ No,budget_exceeded
0,449,359,12-31,+50.0%,+90.33%,0.9516,1,✗ No,budget_exceeded
0,449,449,12-31,+21.4%,+1.52%,0.5076,44,✓ Yes,completed
0,537,0,12-31,+0.0%,+0.00%,0.5000,0,✓ Yes,completed
0,537,89,12-31,+0.0%,+0.00%,0.5000,0,✓ Yes,completed
0,537,179,12-31,+0.0%,+0.00%,0.5000,0,✓ Yes,completed
0,537,268,12-31,+0.0%,+0.00%,0.5000,0,✓ Yes,completed
0,537,358,12-31,+0.0%,+0.00%,0.5000,0,✓ Yes,completed
0,537,447,12-31,+0.0%,+0.00%,0.5000,0,✓ Yes,completed
0,537,537,12-31,+0.0%,+0.00%,0.5000,0,✓ Yes,completed
0,624,0,12-31,+0.0%,+0.00%,0.5000,0,✓ Yes,completed
0,624,89,12-31,+0.0%,+0.00%,0.5000,0,✓ Yes,completed
0,624,178,12-31,+0.0%,+0.00%,0.5000,0,✓ Yes,completed
0,624,268,12-31,+0.0%,+0.00%,0.5000,0,✓ Yes,completed
0,624,357,12-31,+0.0%,+0.00%,0.5000,0,✓ Yes,completed
0,624,446,12-31,+0.0%,+0.00%,0.5000,0,✓ Yes,completed
0,624,535,12-31,+0.0%,+0.00%,0.5000,0,✓ Yes,completed
0,624,624,12-31,+0.0%,+0.00%,0.5000,0,✓ Yes,completed
0,712,0,12-31,+0.0%,+0.00%,0.5000,0,✓ Yes,completed
0,712,89,12-31,+0.0%,+0.00%,0.5000,0,✓ Yes,completed
0,712,178,12-31,+0.0%,+0.00%,0.5000,0,✓ Yes,completed
0,712,267,12-31,+0.0%,+0.00%,0.5000,0,✓ Yes,completed
0,712,356,12-31,+0.0%,+0.00%,0.5000,0,✓ Yes,completed
0,712,445,12-31,+0.0%,+0.00%,0.5000,0,✓ Yes,completed
0,712,534,12-31,+0.0%,+0.00%,0.5000,0,✓ Yes,completed
0,712,623,12-31,+0.0%,+0.00%,0.5000,0,✓ Yes,completed
0,712,712,12-31,+0.0%,+0.00%,0.5000,0,✓ Yes,completed
0,800,0,12-31,+0.0%,+0.00%,0.5000,0,✓ Yes,completed
0,800,89,12-31,+0.0%,+0.00%,0.5000,0,✓ Yes,completed
0,800,178,12-31,+0.0%,+0.00%,0.5000,0,✓ Yes,completed
0,800,267,12-31,+0.0%,+0.00%,0.5000,0,✓ Yes,completed
0,800,356,12-31,+0.0%,+0.00%,0.5000,0,✓ Yes,completed
0,800,444,12-31,+0.0%,+0.00%,0.5000,0,✓ Yes,completed
0,800,533,12-31,+0.0%,+0.00%,0.5000,0,✓ Yes,completed
0,800,622,12-31,+0.0%,+0.00%,0.5000,0,✓ Yes,completed
0,800,711,12-31,+0.0%,+0.00%,0.5000,0,✓ Yes,completed
0,800,800,12-31,+0.0%,+0.00%,0.5000,0,✓ Yes,completed
1,271,271,01-01,+50.0%,+95.56%,0.9778,1,✗ No,budget_exceeded
1,271,271,01-01,+50.0%,+95.56%,0.9778,1,✗ No,budget_exceeded
1,311,271,01-01,+50.0%,+95.56%,0.9778,1,✗ No,budget_exceeded
1,311,311,01-01,+50.0%,+95.56%,0.9778,1,✗ No,budget_exceeded
1,350,271,01-01,+50.0%,+95.56%,0.9778,1,✗ No,budget_exceeded
1,350,350,01-01,+50.0%,+95.56%,0.9778,1,✗ No,budget_exceeded
1,390,271,01-01,+50.0%,+95.56%,0.9778,1,✗ No,budget_exceeded
1,390,330,01-01,+50.0%,+95.56%,0.9778,1,✗ No,budget_exceeded
1,390,390,01-01,+50.0%,+95.56%,0.9778,1,✗ No,budget_exceeded
1,429,271,01-01,+50.0%,+92.14%,0.9607,1,✗ No,budget_exceeded
1,429,324,01-01,+50.0%,+92.14%,0.9607,1,✗ No,budget_exceeded
1,429,376,01-01,+50.0%,+92.14%,0.9607,1,✗ No,budget_exceeded
1,429,429,01-01,+47.1%,+2.96%,0.5148,63,✓ Yes,completed
1,469,271,01-01,+50.0%,+84.48%,0.9224,1,✗ No,budget_exceeded
1,469,311,01-01,+50.0%,+84.48%,0.9224,1,✗ No,budget_exceeded
1,469,350,01-01,+50.0%,+84.48%,0.9224,1,✗ No,budget_exceeded
1,469,390,01-01,+47.6%,+2.73%,0.5137,1,✓ Yes,completed
1,469,429,01-01,+17.3%,+1.18%,0.5059,6,✓ Yes,completed
1,469,469,01-01,+5.6%,+0.32%,0.5016,18,✓ Yes,completed
1,508,271,01-01,+0.0%,+0.00%,0.5000,0,✓ Yes,completed
1,508,311,01-01,+0.0%,+0.00%,0.5000,0,✓ Yes,completed
1,508,350,01-01,+0.0%,+0.00%,0.5000,0,✓ Yes,completed
1,508,390,01-01,+0.0%,+0.00%,0.5000,0,✓ Yes,completed
1,508,429,01-01,+0.0%,+0.00%,0.5000,0,✓ Yes,completed
1,508,469,01-01,+0.0%,+0.00%,0.5000,0,✓ Yes,completed
1,508,508,01-01,+0.0%,+0.00%,0.5000,0,✓ Yes,completed
1,548,271,01-01,+0.0%,+0.00%,0.5000,0,✓ Yes,completed
1,548,311,01-01,+0.0%,+0.00%,0.5000,0,✓ Yes,completed
1,548,350,01-01,+0.0%,+0.00%,0.5000,0,✓ Yes,completed
1,548,390,01-01,+0.0%,+0.00%,0.5000,0,✓ Yes,completed
1,548,429,01-01,+0.0%,+0.00%,0.5000,0,✓ Yes,completed
1,548,469,01-01,+0.0%,+0.00%,0.5000,0,✓ Yes,completed
1,548,508,01-01,+0.0%,+0.00%,0.5000,0,✓ Yes,completed
1,548,548,01-01,+0.0%,+0.00%,0.5000,0,✓ Yes,completed
1,587,271,01-01,+0.0%,+0.00%,0.5000,0,✓ Yes,completed
1,587,311,01-01,+0.0%,+0.00%,0.5000,0,✓ Yes,completed
1,587,350,01-01,+0.0%,+0.00%,0.5000,0,✓ Yes,completed
1,587,390,01-01,+0.0%,+0.00%,0.5000,0,✓ Yes,completed
1,587,429,01-01,+0.0%,+0.00%,0.5000,0,✓ Yes,completed
1,587,469,01-01,+0.0%,+0.00%,0.5000,0,✓ Yes,completed
1,587,508,01-01,+0.0%,+0.00%,0.5000,0,✓ Yes,completed
1,587,548,01-01,+0.0%,+0.00%,0.5000,0,✓ Yes,completed
1,587,587,01-01,+0.0%,+0.00%,0.5000,0,✓ Yes,completed
1,627,271,01-01,+0.0%,+0.00%,0.5000,0,✓ Yes,completed
1,627,311,01-01,+0.0%,+0.00%,0.5000,0,✓ Yes,completed
1,627,350,01-01,+0.0%,+0.00%,0.5000,0,✓ Yes,completed
1,627,390,01-01,+0.0%,+0.00%,0.5000,0,✓ Yes,completed
1,627,429,01-01,+0.0%,+0.00%,0.5000,0,✓ Yes,completed
1,627,469,01-01,+0.0%,+0.00%,0.5000,0,✓ Yes,completed
1,627,508,01-01,+0.0%,+0.00%,0.5000,0,✓ Yes,completed
1,627,548,01-01,+0.0%,+0.00%,0.5000,0,✓ Yes,completed
1,627,587,01-01,+0.0%,+0.00%,0.5000,0,✓ Yes,completed
1,627,627,01-01,+0.0%,+0.00%,0.5000,0,✓ Yes,completed
1,271,271,01-15,+50.0%,+95.52%,0.9776,1,✗ No,budget_exceeded
1,271,271,01-15,+50.0%,+95.52%,0.9776,1,✗ No,budget_exceeded
1,311,271,01-15,+50.0%,+95.52%,0.9776,1,✗ No,budget_exceeded
1,311,311,01-15,+50.0%,+95.52%,0.9776,1,✗ No,budget_exceeded
1,350,271,01-15,+50.0%,+95.52%,0.9776,1,✗ No,budget_exceeded
1,350,350,01-15,+50.0%,+95.52%,0.9776,1,✗ No,budget_exceeded
1,390,271,01-15,+50.0%,+95.52%,0.9776,1,✗ No,budget_exceeded
1,390,330,01-15,+50.0%,+95.52%,0.9776,1,✗ No,budget_exceeded
1,390,390,01-15,+50.0%,+92.90%,0.9645,14,✗ No,budget_exceeded
1,429,271,01-15,+50.0%,+95.52%,0.9776,1,✗ No,budget_exceeded
1,429,324,01-15,+50.0%,+95.52%,0.9776,1,✗ No,budget_exceeded
1,429,376,01-15,+50.0%,+80.74%,0.9037,4,✗ No,budget_exceeded
1,429,429,01-15,+32.3%,+2.92%,0.5146,44,✓ Yes,completed
1,469,271,01-15,+50.0%,+91.55%,0.9577,1,✗ No,budget_exceeded
1,469,311,01-15,+50.0%,+91.55%,0.9577,1,✗ No,budget_exceeded
1,469,350,01-15,+50.0%,+91.55%,0.9577,1,✗ No,budget_exceeded
1,469,390,01-15,+29.1%,+2.64%,0.5132,1,✓ Yes,completed
1,469,429,01-15,+14.7%,+1.68%,0.5084,4,✓ Yes,completed
1,469,469,01-15,+5.2%,+0.64%,0.5032,13,✓ Yes,completed
1,508,271,01-15,+0.0%,+0.00%,0.5000,0,✓ Yes,completed
1,508,311,01-15,+0.0%,+0.00%,0.5000,0,✓ Yes,completed
1,508,350,01-15,+0.0%,+0.00%,0.5000,0,✓ Yes,completed
1,508,390,01-15,+0.0%,+0.00%,0.5000,0,✓ Yes,completed
1,508,429,01-15,+0.0%,+0.00%,0.5000,0,✓ Yes,completed
1,508,469,01-15,+0.0%,+0.00%,0.5000,0,✓ Yes,completed
1,508,508,01-15,+0.0%,+0.00%,0.5000,0,✓ Yes,completed
1,548,271,01-15,+0.0%,+0.00%,0.5000,0,✓ Yes,completed
1,548,311,01-15,+0.0%,+0.00%,0.5000,0,✓ Yes,completed
1,548,350,01-15,+0.0%,+0.00%,0.5000,0,✓ Yes,completed
1,548,390,01-15,+0.0%,+0.00%,0.5000,0,✓ Yes,completed
1,548,429,01-15,+0.0%,+0.00%,0.5000,0,✓ Yes,completed
1,548,469,01-15,+0.0%,+0.00%,0.5000,0,✓ Yes,completed
1,548,508,01-15,+0.0%,+0.00%,0.5000,0,✓ Yes,completed
1,548,548,01-15,+0.0%,+0.00%,0.5000,0,✓ Yes,completed
1,587,271,01-15,+0.0%,+0.00%,0.5000,0,✓ Yes,completed
1,587,311,01-15,+0.0%,+0.00%,0.5000,0,✓ Yes,completed
1,587,350,01-15,+0.0%,+0.00%,0.5000,0,✓ Yes,completed
1,587,390,01-15,+0.0%,+0.00%,0.5000,0,✓ Yes,completed
1,587,429,01-15,+0.0%,+0.00%,0.5000,0,✓ Yes,completed
1,587,469,01-15,+0.0%,+0.00%,0.5000,0,✓ Yes,completed
1,587,508,01-15,+0.0%,+0.00%,0.5000,0,✓ Yes,completed
1,587,548,01-15,+0.0%,+0.00%,0.5000,0,✓ Yes,completed
1,587,587,01-15,+0.0%,+0.00%,0.5000,0,✓ Yes,completed
1,627,271,01-15,+0.0%,+0.00%,0.5000,0,✓ Yes,completed
1,627,311,01-15,+0.0%,+0.00%,0.5000,0,✓ Yes,completed
1,627,350,01-15,+0.0%,+0.00%,0.5000,0,✓ Yes,completed
1,627,390,01-15,+0.0%,+0.00%,0.5000,0,✓ Yes,completed
1,627,429,01-15,+0.0%,+0.00%,0.5000,0,✓ Yes,completed
1,627,469,01-15,+0.0%,+0.00%,0.5000,0,✓ Yes,completed
1,627,508,01-15,+0.0%,+0.00%,0.5000,0,✓ Yes,completed
1,627,548,01-15,+0.0%,+0.00%,0.5000,0,✓ Yes,completed
1,627,587,01-15,+0.0%,+0.00%,0.5000,0,✓ Yes,completed
1,627,627,01-15,+0.0%,+0.00%,0.5000,0,✓ Yes,completed
1,271,271,01-29,+50.0%,+95.54%,0.9777,1,✗ No,budget_exceeded
1,271,271,01-29,+50.0%,+95.54%,0.9777,1,✗ No,budget_exceeded
1,311,271,01-29,+50.0%,+95.54%,0.9777,1,✗ No,budget_exceeded
1,311,311,01-29,+50.0%,+95.54%,0.9777,1,✗ No,budget_exceeded
1,350,271,01-29,+50.0%,+95.54%,0.9777,1,✗ No,budget_exceeded
1,350,350,01-29,+50.0%,+95.54%,0.9777,1,✗ No,budget_exceeded
1,390,271,01-29,+50.0%,+95.54%,0.9777,1,✗ No,budget_exceeded
1,390,330,01-29,+50.0%,+95.54%,0.9777,1,✗ No,budget_exceeded
1,390,390,01-29,+50.0%,+76.39%,0.8820,49,✗ No,budget_exceeded
1,429,271,01-29,+50.0%,+95.54%,0.9777,1,✗ No,budget_exceeded
1,429,324,01-29,+50.0%,+95.54%,0.9777,1,✗ No,budget_exceeded
1,429,376,01-29,+32.6%,+0.80%,0.5040,5,✓ Yes,completed
1,429,429,01-29,+10.2%,+0.51%,0.5025,34,✓ Yes,completed
1,469,271,01-29,+50.0%,+91.43%,0.9571,1,✗ No,budget_exceeded
1,469,311,01-29,+50.0%,+91.43%,0.9571,1,✗ No,budget_exceeded
1,469,350,01-29,+49.6%,+0.47%,0.5023,1,✓ Yes,completed
1,469,390,01-29,+3.3%,+0.17%,0.5008,1,✓ Yes,completed
1,469,429,01-29,+1.2%,+0.13%,0.5006,1,✓ Yes,completed
1,469,469,01-29,+0.2%,+0.02%,0.5001,1,✓ Yes,completed
1,508,271,01-29,+0.0%,+0.00%,0.5000,0,✓ Yes,completed
1,508,311,01-29,+0.0%,+0.00%,0.5000,0,✓ Yes,completed
1,508,350,01-29,+0.0%,+0.00%,0.5000,0,✓ Yes,completed
1,508,390,01-29,+0.0%,+0.00%,0.5000,0,✓ Yes,completed
1,508,429,01-29,+0.0%,+0.00%,0.5000,0,✓ Yes,completed
1,508,469,01-29,+0.0%,+0.00%,0.5000,0,✓ Yes,completed
1,508,508,01-29,+0.0%,+0.00%,0.5000,0,✓ Yes,completed
1,548,271,01-29,+0.0%,+0.00%,0.5000,0,✓ Yes,completed
1,548,311,01-29,+0.0%,+0.00%,0.5000,0,✓ Yes,completed
1,548,350,01-29,+0.0%,+0.00%,0.5000,0,✓ Yes,completed
1,548,390,01-29,+0.0%,+0.00%,0.5000,0,✓ Yes,completed
1,548,429,01-29,+0.0%,+0.00%,0.5000,0,✓ Yes,completed
1,548,469,01-29,+0.0%,+0.00%,0.5000,0,✓ Yes,completed
1,548,508,01-29,+0.0%,+0.00%,0.5000,0,✓ Yes,completed
1,548,548,01-29,+0.0%,+0.00%,0.5000,0,✓ Yes,completed
1,587,271,01-29,+0.0%,+0.00%,0.5000,0,✓ Yes,completed
1,587,311,01-29,+0.0%,+0.00%,0.5000,0,✓ Yes,completed
1,587,350,01-29,+0.0%,+0.00%,0.5000,0,✓ Yes,completed
1,587,390,01-29,+0.0%,+0.00%,0.5000,0,✓ Yes,completed
1,587,429,01-29,+0.0%,+0.00%,0.5000,0,✓ Yes,completed
1,587,469,01-29,+0.0%,+0.00%,0.5000,0,✓ Yes,completed
1,587,508,01-29,+0.0%,+0.00%,0.5000,0,✓ Yes,completed
1,587,548,01-29,+0.0%,+0.00%,0.5000,0,✓ Yes,completed
1,587,587,01-29,+0.0%,+0.00%,0.5000,0,✓ Yes,completed
1,627,271,01-29,+0.0%,+0.00%,0.5000,0,✓ Yes,completed
1,627,311,01-29,+0.0%,+0.00%,0.5000,0,✓ Yes,completed
1,627,350,01-29,+0.0%,+0.00%,0.5000,0,✓ Yes,completed
1,627,390,01-29,+0.0%,+0.00%,0.5000,0,✓ Yes,completed
1,627,429,01-29,+0.0%,+0.00%,0.5000,0,✓ Yes,completed
1,627,469,01-29,+0.0%,+0.00%,0.5000,0,✓ Yes,completed
1,627,508,01-29,+0.0%,+0.00%,0.5000,0,✓ Yes,completed
1,627,548,01-29,+0.0%,+0.00%,0.5000,0,✓ Yes,completed
1,627,587,01-29,+0.0%,+0.00%,0.5000,0,✓ Yes,completed
1,627,627,01-29,+0.0%,+0.00%,0.5000,0,✓ Yes,completed
1,271,271,02-12,+50.0%,+95.57%,0.9779,1,✗ No,budget_exceeded
1,271,271,02-12,+50.0%,+95.57%,0.9779,1,✗ No,budget_exceeded
1,311,271,02-12,+50.0%,+95.57%,0.9779,1,✗ No,budget_exceeded
1,311,311,02-12,+50.0%,+95.57%,0.9779,1,✗ No,budget_exceeded
1,350,271,02-12,+50.0%,+95.57%,0.9779,1,✗ No,budget_exceeded
1,350,350,02-12,+50.0%,+94.96%,0.9748,6,✗ No,budget_exceeded
1,390,271,02-12,+50.0%,+95.57%,0.9779,1,✗ No,budget_exceeded
1,390,330,02-12,+50.0%,+95.57%,0.9779,1,✗ No,budget_exceeded
1,390,390,02-12,+50.0%,+1.33%,0.5067,110,✗ No,budget_exceeded
1,429,271,02-12,+50.0%,+93.68%,0.9684,1,✗ No,budget_exceeded
1,429,324,02-12,+50.0%,+93.68%,0.9684,1,✗ No,budget_exceeded
1,429,376,02-12,+14.3%,+0.44%,0.5022,3,✓ Yes,completed
1,429,429,02-12,+3.3%,+0.18%,0.5009,12,✓ Yes,completed
1,469,271,02-12,+0.0%,+0.00%,0.5000,0,✓ Yes,completed
1,469,311,02-12,+0.0%,+0.00%,0.5000,0,✓ Yes,completed
1,469,350,02-12,+0.0%,+0.00%,0.5000,0,✓ Yes,completed
1,469,390,02-12,+0.0%,+0.00%,0.5000,0,✓ Yes,completed
1,469,429,02-12,+0.0%,+0.00%,0.5000,0,✓ Yes,completed
1,469,469,02-12,+0.0%,+0.00%,0.5000,0,✓ Yes,completed
1,508,271,02-12,+0.0%,+0.00%,0.5000,0,✓ Yes,completed
1,508,311,02-12,+0.0%,+0.00%,0.5000,0,✓ Yes,completed
1,508,350,02-12,+0.0%,+0.00%,0.5000,0,✓ Yes,completed
1,508,390,02-12,+0.0%,+0.00%,0.5000,0,✓ Yes,completed
1,508,429,02-12,+0.0%,+0.00%,0.5000,0,✓ Yes,completed
1,508,469,02-12,+0.0%,+0.00%,0.5000,0,✓ Yes,completed
1,508,508,02-12,+0.0%,+0.00%,0.5000,0,✓ Yes,completed
1,548,271,02-12,+0.0%,+0.00%,0.5000,0,✓ Yes,completed
1,548,311,02-12,+0.0%,+0.00%,0.5000,0,✓ Yes,completed
1,548,350,02-12,+0.0%,+0.00%,0.5000,0,✓ Yes,completed
1,548,390,02-12,+0.0%,+0.00%,0.5000,0,✓ Yes,completed
1,548,429,02-12,+0.0%,+0.00%,0.5000,0,✓ Yes,completed
1,548,469,02-12,+0.0%,+0.00%,0.5000,0,✓ Yes,completed
1,548,508,02-12,+0.0%,+0.00%,0.5000,0,✓ Yes,completed
1,548,548,02-12,+0.0%,+0.00%,0.5000,0,✓ Yes,completed
1,587,271,02-12,+0.0%,+0.00%,0.5000,0,✓ Yes,completed
1,587,311,02-12,+0.0%,+0.00%,0.5000,0,✓ Yes,completed
1,587,350,02-12,+0.0%,+0.00%,0.5000,0,✓ Yes,completed
1,587,390,02-12,+0.0%,+0.00%,0.5000,0,✓ Yes,completed
1,587,429,02-12,+0.0%,+0.00%,0.5000,0,✓ Yes,completed
1,587,469,02-12,+0.0%,+0.00%,0.5000,0,✓ Yes,completed
1,587,508,02-12,+0.0%,+0.00%,0.5000,0,✓ Yes,completed
1,587,548,02-12,+0.0%,+0.00%,0.5000,0,✓ Yes,completed
1,587,587,02-12,+0.0%,+0.00%,0.5000,0,✓ Yes,completed
1,627,271,02-12,+0.0%,+0.00%,0.5000,0,✓ Yes,completed
1,627,311,02-12,+0.0%,+0.00%,0.5000,0,✓ Yes,completed
1,627,350,02-12,+0.0%,+0.00%,0.5000,0,✓ Yes,completed
1,627,390,02-12,+0.0%,+0.00%,0.5000,0,✓ Yes,completed
1,627,429,02-12,+0.0%,+0.00%,0.5000,0,✓ Yes,completed
1,627,469,02-12,+0.0%,+0.00%,0.5000,0,✓ Yes,completed
1,627,508,02-12,+0.0%,+0.00%,0.5000,0,✓ Yes,completed
1,627,548,02-12,+0.0%,+0.00%,0.5000,0,✓ Yes,completed
1,627,587,02-12,+0.0%,+0.00%,0.5000,0,✓ Yes,completed
1,627,627,02-12,+0.0%,+0.00%,0.5000,0,✓ Yes,completed
1,271,271,02-26,+50.0%,+95.66%,0.9783,1,✗ No,budget_exceeded
1,271,271,02-26,+50.0%,+95.66%,0.9783,1,✗ No,budget_exceeded
1,311,271,02-26,+50.0%,+95.66%,0.9783,1,✗ No,budget_exceeded
1,311,311,02-26,+50.0%,+95.66%,0.9783,1,✗ No,budget_exceeded
1,350,271,02-26,+50.0%,+95.66%,0.9783,1,✗ No,budget_exceeded
1,350,350,02-26,+50.0%,+89.25%,0.9463,22,✗ No,budget_exceeded
1,390,271,02-26,+50.0%,+95.66%,0.9783,1,✗ No,budget_exceeded
1,390,330,02-26,+50.0%,+94.37%,0.9719,2,✗ No,budget_exceeded
1,390,390,02-26,+34.1%,-1.33%,0.4934,109,✓ Yes,completed
1,429,271,02-26,+50.0%,+95.66%,0.9783,1,✗ No,budget_exceeded
1,429,324,02-26,+50.0%,+95.66%,0.9783,1,✗ No,budget_exceeded
1,429,376,02-26,+1.2%,-0.03%,0.4999,1,✓ Yes,completed
1,429,429,02-26,+0.2%,+0.00%,0.5000,1,✓ Yes,completed
1,469,271,02-26,+0.0%,+0.00%,0.5000,0,✓ Yes,completed
1,469,311,02-26,+0.0%,+0.00%,0.5000,0,✓ Yes,completed
1,469,350,02-26,+0.0%,+0.00%,0.5000,0,✓ Yes,completed
1,469,390,02-26,+0.0%,+0.00%,0.5000,0,✓ Yes,completed
1,469,429,02-26,+0.0%,+0.00%,0.5000,0,✓ Yes,completed
1,469,469,02-26,+0.0%,+0.00%,0.5000,0,✓ Yes,completed
1,508,271,02-26,+0.0%,+0.00%,0.5000,0,✓ Yes,completed
1,508,311,02-26,+0.0%,+0.00%,0.5000,0,✓ Yes,completed
1,508,350,02-26,+0.0%,+0.00%,0.5000,0,✓ Yes,completed
1,508,390,02-26,+0.0%,+0.00%,0.5000,0,✓ Yes,completed
1,508,429,02-26,+0.0%,+0.00%,0.5000,0,✓ Yes,completed
1,508,469,02-26,+0.0%,+0.00%,0.5000,0,✓ Yes,completed
1,508,508,02-26,+0.0%,+0.00%,0.5000,0,✓ Yes,completed
1,548,271,02-26,+0.0%,+0.00%,0.5000,0,✓ Yes,completed
1,548,311,02-26,+0.0%,+0.00%,0.5000,0,✓ Yes,completed
1,548,350,02-26,+0.0%,+0.00%,0.5000,0,✓ Yes,completed
1,548,390,02-26,+0.0%,+0.00%,0.5000,0,✓ Yes,completed
1,548,429,02-26,+0.0%,+0.00%,0.5000,0,✓ Yes,completed
1,548,469,02-26,+0.0%,+0.00%,0.5000,0,✓ Yes,completed
1,548,508,02-26,+0.0%,+0.00%,0.5000,0,✓ Yes,completed
1,548,548,02-26,+0.0%,+0.00%,0.5000,0,✓ Yes,completed
1,587,271,02-26,+0.0%,+0.00%,0.5000,0,✓ Yes,completed
1,587,311,02-26,+0.0%,+0.00%,0.5000,0,✓ Yes,completed
1,587,350,02-26,+0.0%,+0.00%,0.5000,0,✓ Yes,completed
1,587,390,02-26,+0.0%,+0.00%,0.5000,0,✓ Yes,completed
1,587,429,02-26,+0.0%,+0.00%,0.5000,0,✓ Yes,completed
1,587,469,02-26,+0.0%,+0.00%,0.5000,0,✓ Yes,completed
1,587,508,02-26,+0.0%,+0.00%,0.5000,0,✓ Yes,completed
1,587,548,02-26,+0.0%,+0.00%,0.5000,0,✓ Yes,completed
1,587,587,02-26,+0.0%,+0.00%,0.5000,0,✓ Yes,completed
1,627,271,02-26,+0.0%,+0.00%,0.5000,0,✓ Yes,completed
1,627,311,02-26,+0.0%,+0.00%,0.5000,0,✓ Yes,completed
1,627,350,02-26,+0.0%,+0.00%,0.5000,0,✓ Yes,completed
1,627,390,02-26,+0.0%,+0.00%,0.5000,0,✓ Yes,completed
1,627,429,02-26,+0.0%,+0.00%,0.5000,0,✓ Yes,completed
1,627,469,02-26,+0.0%,+0.00%,0.5000,0,✓ Yes,completed
1,627,508,02-26,+0.0%,+0.00%,0.5000,0,✓ Yes,completed
1,627,548,02-26,+0.0%,+0.00%,0.5000,0,✓ Yes,completed
1,627,587,02-26,+0.0%,+0.00%,0.5000,0,✓ Yes,completed
1,627,627,02-26,+0.0%,+0.00%,0.5000,0,✓ Yes,completed
1,271,271,03-12,+50.0%,+95.70%,0.9785,1,✗ No,budget_exceeded
1,271,271,03-12,+50.0%,+95.70%,0.9785,1,✗ No,budget_exceeded
1,311,271,03-12,+50.0%,+95.70%,0.9785,1,✗ No,budget_exceeded
1,311,311,03-12,+50.0%,+95.70%,0.9785,1,✗ No,budget_exceeded
1,350,271,03-12,+50.0%,+95.70%,0.9785,1,✗ No,budget_exceeded
1,350,350,03-12,+50.0%,+85.45%,0.9272,32,✗ No,budget_exceeded
1,390,271,03-12,+50.0%,+95.70%,0.9785,1,✗ No,budget_exceeded
1,390,330,03-12,+50.0%,+91.96%,0.9598,3,✗ No,budget_exceeded
1,390,390,03-12,+33.5%,-2.25%,0.4887,116,✓ Yes,completed
1,429,271,03-12,+0.0%,+0.00%,0.5000,0,✓ Yes,completed
1,429,324,03-12,+0.0%,+0.00%,0.5000,0,✓ Yes,completed
1,429,376,03-12,+0.0%,+0.00%,0.5000,0,✓ Yes,completed
1,429,429,03-12,+0.0%,+0.00%,0.5000,0,✓ Yes,completed
1,469,271,03-12,+0.0%,+0.00%,0.5000,0,✓ Yes,completed
1,469,311,03-12,+0.0%,+0.00%,0.5000,0,✓ Yes,completed
1,469,350,03-12,+0.0%,+0.00%,0.5000,0,✓ Yes,completed
1,469,390,03-12,+0.0%,+0.00%,0.5000,0,✓ Yes,completed
1,469,429,03-12,+0.0%,+0.00%,0.5000,0,✓ Yes,completed
1,469,469,03-12,+0.0%,+0.00%,0.5000,0,✓ Yes,completed
1,508,271,03-12,+0.0%,+0.00%,0.5000,0,✓ Yes,completed
1,508,311,03-12,+0.0%,+0.00%,0.5000,0,✓ Yes,completed
1,508,350,03-12,+0.0%,+0.00%,0.5000,0,✓ Yes,completed
1,508,390,03-12,+0.0%,+0.00%,0.5000,0,✓ Yes,completed
1,508,429,03-12,+0.0%,+0.00%,0.5000,0,✓ Yes,completed
1,508,469,03-12,+0.0%,+0.00%,0.5000,0,✓ Yes,completed
1,508,508,03-12,+0.0%,+0.00%,0.5000,0,✓ Yes,completed
1,548,271,03-12,+0.0%,+0.00%,0.5000,0,✓ Yes,completed
1,548,311,03-12,+0.0%,+0.00%,0.5000,0,✓ Yes,completed
1,548,350,03-12,+0.0%,+0.00%,0.5000,0,✓ Yes,completed
1,548,390,03-12,+0.0%,+0.00%,0.5000,0,✓ Yes,completed
1,548,429,03-12,+0.0%,+0.00%,0.5000,0,✓ Yes,completed
1,548,469,03-12,+0.0%,+0.00%,0.5000,0,✓ Yes,completed
1,548,508,03-12,+0.0%,+0.00%,0.5000,0,✓ Yes,completed
1,548,548,03-12,+0.0%,+0.00%,0.5000,0,✓ Yes,completed
1,587,271,03-12,+0.0%,+0.00%,0.5000,0,✓ Yes,completed
1,587,311,03-12,+0.0%,+0.00%,0.5000,0,✓ Yes,completed
1,587,350,03-12,+0.0%,+0.00%,0.5000,0,✓ Yes,completed
1,587,390,03-12,+0.0%,+0.00%,0.5000,0,✓ Yes,completed
1,587,429,03-12,+0.0%,+0.00%,0.5000,0,✓ Yes,completed
1,587,469,03-12,+0.0%,+0.00%,0.5000,0,✓ Yes,completed
1,587,508,03-12,+0.0%,+0.00%,0.5000,0,✓ Yes,completed
1,587,548,03-12,+0.0%,+0.00%,0.5000,0,✓ Yes,completed
1,587,587,03-12,+0.0%,+0.00%,0.5000,0,✓ Yes,completed
1,627,271,03-12,+0.0%,+0.00%,0.5000,0,✓ Yes,completed
1,627,311,03-12,+0.0%,+0.00%,0.5000,0,✓ Yes,completed
1,627,350,03-12,+0.0%,+0.00%,0.5000,0,✓ Yes,completed
1,627,390,03-12,+0.0%,+0.00%,0.5000,0,✓ Yes,completed
1,627,429,03-12,+0.0%,+0.00%,0.5000,0,✓ Yes,completed
1,627,469,03-12,+0.0%,+0.00%,0.5000,0,✓ Yes,completed
1,627,508,03-12,+0.0%,+0.00%,0.5000,0,✓ Yes,completed
1,627,548,03-12,+0.0%,+0.00%,0.5000,0,✓ Yes,completed
1,627,587,03-12,+0.0%,+0.00%,0.5000,0,✓ Yes,completed
1,627,627,03-12,+0.0%,+0.00%,0.5000,0,✓ Yes,completed
1,271,271,03-24,+50.0%,+95.77%,0.9788,1,✗ No,budget_exceeded
1,271,271,03-24,+50.0%,+95.77%,0.9788,1,✗ No,budget_exceeded
1,311,271,03-24,+50.0%,+95.77%,0.9788,1,✗ No,budget_exceeded
1,311,311,03-24,+50.0%,+95.77%,0.9788,1,✗ No,budget_exceeded
1,350,271,03-24,+50.0%,+95.77%,0.9788,1,✗ No,budget_exceeded
1,350,350,03-24,+50.0%,+86.10%,0.9305,32,✗ No,budget_exceeded
1,390,271,03-24,+50.0%,+95.69%,0.9785,1,✗ No,budget_exceeded
1,390,330,03-24,+50.0%,+87.00%,0.9350,6,✗ No,budget_exceeded
1,390,390,03-24,+50.0%,+2.18%,0.5109,120,✗ No,budget_exceeded
1,429,271,03-24,+50.0%,-4.21%,0.4789,1,✗ No,budget_exceeded
1,429,324,03-24,+50.0%,-4.21%,0.4789,1,✗ No,budget_exceeded
1,429,376,03-24,+1.0%,-0.06%,0.4997,1,✓ Yes,completed
1,429,429,03-24,+0.2%,-0.00%,0.5000,1,✓ Yes,completed
1,469,271,03-24,+0.0%,+0.00%,0.5000,0,✓ Yes,completed
1,469,311,03-24,+0.0%,+0.00%,0.5000,0,✓ Yes,completed
1,469,350,03-24,+0.0%,+0.00%,0.5000,0,✓ Yes,completed
1,469,390,03-24,+0.0%,+0.00%,0.5000,0,✓ Yes,completed
1,469,429,03-24,+0.0%,+0.00%,0.5000,0,✓ Yes,completed
1,469,469,03-24,+0.0%,+0.00%,0.5000,0,✓ Yes,completed
1,508,271,03-24,+0.0%,+0.00%,0.5000,0,✓ Yes,completed
1,508,311,03-24,+0.0%,+0.00%,0.5000,0,✓ Yes,completed
1,508,350,03-24,+0.0%,+0.00%,0.5000,0,✓ Yes,completed
1,508,390,03-24,+0.0%,+0.00%,0.5000,0,✓ Yes,completed
1,508,429,03-24,+0.0%,+0.00%,0.5000,0,✓ Yes,completed
1,508,469,03-24,+0.0%,+0.00%,0.5000,0,✓ Yes,completed
1,508,508,03-24,+0.0%,+0.00%,0.5000,0,✓ Yes,completed
1,548,271,03-24,+0.0%,+0.00%,0.5000,0,✓ Yes,completed
1,548,311,03-24,+0.0%,+0.00%,0.5000,0,✓ Yes,completed
1,548,350,03-24,+0.0%,+0.00%,0.5000,0,✓ Yes,completed
1,548,390,03-24,+0.0%,+0.00%,0.5000,0,✓ Yes,completed
1,548,429,03-24,+0.0%,+0.00%,0.5000,0,✓ Yes,completed
1,548,469,03-24,+0.0%,+0.00%,0.5000,0,✓ Yes,completed
1,548,508,03-24,+0.0%,+0.00%,0.5000,0,✓ Yes,completed
1,548,548,03-24,+0.0%,+0.00%,0.5000,0,✓ Yes,completed
1,587,271,03-24,+0.0%,+0.00%,0.5000,0,✓ Yes,completed
1,587,311,03-24,+0.0%,+0.00%,0.5000,0,✓ Yes,completed
1,587,350,03-24,+0.0%,+0.00%,0.5000,0,✓ Yes,completed
1,587,390,03-24,+0.0%,+0.00%,0.5000,0,✓ Yes,completed
1,587,429,03-24,+0.0%,+0.00%,0.5000,0,✓ Yes,completed
1,587,469,03-24,+0.0%,+0.00%,0.5000,0,✓ Yes,completed
1,587,508,03-24,+0.0%,+0.00%,0.5000,0,✓ Yes,completed
1,587,548,03-24,+0.0%,+0.00%,0.5000,0,✓ Yes,completed
1,587,587,03-24,+0.0%,+0.00%,0.5000,0,✓ Yes,completed
1,627,271,03-24,+0.0%,+0.00%,0.5000,0,✓ Yes,completed
1,627,311,03-24,+0.0%,+0.00%,0.5000,0,✓ Yes,completed
1,627,350,03-24,+0.0%,+0.00%,0.5000,0,✓ Yes,completed
1,627,390,03-24,+0.0%,+0.00%,0.5000,0,✓ Yes,completed
1,627,429,03-24,+0.0%,+0.00%,0.5000,0,✓ Yes,completed
1,627,469,03-24,+0.0%,+0.00%,0.5000,0,✓ Yes,completed
1,627,508,03-24,+0.0%,+0.00%,0.5000,0,✓ Yes,completed
1,627,548,03-24,+0.0%,+0.00%,0.5000,0,✓ Yes,completed
1,627,587,03-24,+0.0%,+0.00%,0.5000,0,✓ Yes,completed
1,627,627,03-24,+0.0%,+0.00%,0.5000,0,✓ Yes,completed
2,349,349,01-01,+50.0%,+95.56%,0.9778,1,✗ No,budget_exceeded
2,349,349,01-01,+50.0%,+95.56%,0.9778,1,✗ No,budget_exceeded
2,367,349,01-01,+50.0%,+95.56%,0.9778,1,✗ No,budget_exceeded
2,367,367,01-01,+50.0%,+95.56%,0.9778,1,✗ No,budget_exceeded
2,385,349,01-01,+50.0%,+95.56%,0.9778,1,✗ No,budget_exceeded
2,385,385,01-01,+50.0%,+95.56%,0.9778,1,✗ No,budget_exceeded
2,402,349,01-01,+50.0%,+95.56%,0.9778,1,✗ No,budget_exceeded
2,402,376,01-01,+50.0%,+95.56%,0.9778,1,✗ No,budget_exceeded
2,402,402,01-01,+50.0%,+94.04%,0.9702,6,✗ No,budget_exceeded
2,420,349,01-01,+50.0%,+95.56%,0.9778,1,✗ No,budget_exceeded
2,420,373,01-01,+50.0%,+95.56%,0.9778,1,✗ No,budget_exceeded
2,420,397,01-01,+50.0%,+94.50%,0.9725,3,✗ No,budget_exceeded
2,420,420,01-01,+50.0%,+85.87%,0.9293,22,✗ No,budget_exceeded
2,438,349,01-01,+50.0%,+92.14%,0.9607,1,✗ No,budget_exceeded
2,438,367,01-01,+50.0%,+92.14%,0.9607,1,✗ No,budget_exceeded
2,438,385,01-01,+50.0%,+92.14%,0.9607,1,✗ No,budget_exceeded
2,438,402,01-01,+50.0%,+89.59%,0.9479,3,✗ No,budget_exceeded
2,438,420,01-01,+48.1%,+3.08%,0.5154,15,✓ Yes,completed
2,438,438,01-01,+35.3%,+2.19%,0.5110,51,✓ Yes,completed
2,456,349,01-01,+50.0%,+91.98%,0.9599,1,✗ No,budget_exceeded
2,456,367,01-01,+50.0%,+91.98%,0.9599,1,✗ No,budget_exceeded
2,456,385,01-01,+50.0%,+91.98%,0.9599,1,✗ No,budget_exceeded
2,456,402,01-01,+46.7%,+2.73%,0.5137,3,✓ Yes,completed
2,456,420,01-01,+32.1%,+1.86%,0.5093,7,✓ Yes,completed
2,456,438,01-01,+21.8%,+1.62%,0.5081,14,✓ Yes,completed
2,456,456,01-01,+13.7%,+0.90%,0.5045,38,✓ Yes,completed
2,474,349,01-01,+50.0%,+59.18%,0.7959,1,✗ No,budget_exceeded
2,474,367,01-01,+35.7%,+0.99%,0.5050,1,✓ Yes,completed
2,474,385,01-01,+31.8%,+1.06%,0.5053,1,✓ Yes,completed
2,474,402,01-01,+22.6%,+1.26%,0.5063,1,✓ Yes,completed
2,474,420,01-01,+14.9%,+0.91%,0.5045,2,✓ Yes,completed
2,474,438,01-01,+8.0%,+0.50%,0.5025,3,✓ Yes,completed
2,474,456,01-01,+5.2%,+0.31%,0.5015,6,✓ Yes,completed
2,474,474,01-01,+3.3%,+0.12%,0.5006,11,✓ Yes,completed
2,491,349,01-01,+0.0%,+0.00%,0.5000,0,✓ Yes,completed
2,491,367,01-01,+0.0%,+0.00%,0.5000,0,✓ Yes,completed
2,491,385,01-01,+0.0%,+0.00%,0.5000,0,✓ Yes,completed
2,491,402,01-01,+0.0%,+0.00%,0.5000,0,✓ Yes,completed
2,491,420,01-01,+0.0%,+0.00%,0.5000,0,✓ Yes,completed
2,491,438,01-01,+0.0%,+0.00%,0.5000,0,✓ Yes,completed
2,491,456,01-01,+0.0%,+0.00%,0.5000,0,✓ Yes,completed
2,491,474,01-01,+0.0%,+0.00%,0.5000,0,✓ Yes,completed
2,491,491,01-01,+0.0%,+0.00%,0.5000,0,✓ Yes,completed
2,509,349,01-01,+0.0%,+0.00%,0.5000,0,✓ Yes,completed
2,509,367,01-01,+0.0%,+0.00%,0.5000,0,✓ Yes,completed
2,509,385,01-01,+0.0%,+0.00%,0.5000,0,✓ Yes,completed
2,509,402,01-01,+0.0%,+0.00%,0.5000,0,✓ Yes,completed
2,509,420,01-01,+0.0%,+0.00%,0.5000,0,✓ Yes,completed
2,509,438,01-01,+0.0%,+0.00%,0.5000,0,✓ Yes,completed
2,509,456,01-01,+0.0%,+0.00%,0.5000,0,✓ Yes,completed
2,509,474,01-01,+0.0%,+0.00%,0.5000,0,✓ Yes,completed
2,509,491,01-01,+0.0%,+0.00%,0.5000,0,✓ Yes,completed
2,509,509,01-01,+0.0%,+0.00%,0.5000,0,✓ Yes,completed
2,349,349,01-04,+50.0%,+95.53%,0.9776,1,✗ No,budget_exceeded
2,349,349,01-04,+50.0%,+95.53%,0.9776,1,✗ No,budget_exceeded
2,367,349,01-04,+50.0%,+95.53%,0.9776,1,✗ No,budget_exceeded
2,367,367,01-04,+50.0%,+95.53%,0.9776,1,✗ No,budget_exceeded
2,385,349,01-04,+50.0%,+95.53%,0.9776,1,✗ No,budget_exceeded
2,385,385,01-04,+50.0%,+95.53%,0.9776,1,✗ No,budget_exceeded
2,402,349,01-04,+50.0%,+95.53%,0.9776,1,✗ No,budget_exceeded
2,402,376,01-04,+50.0%,+95.53%,0.9776,1,✗ No,budget_exceeded
2,402,402,01-04,+50.0%,+94.80%,0.9740,4,✗ No,budget_exceeded
2,420,349,01-04,+50.0%,+95.53%,0.9776,1,✗ No,budget_exceeded
2,420,373,01-04,+50.0%,+95.53%,0.9776,1,✗ No,budget_exceeded
2,420,397,01-04,+50.0%,+95.04%,0.9752,2,✗ No,budget_exceeded
2,420,420,01-04,+50.0%,+84.95%,0.9248,25,✗ No,budget_exceeded
2,438,349,01-04,+50.0%,+95.53%,0.9776,1,✗ No,budget_exceeded
2,438,367,01-04,+50.0%,+95.53%,0.9776,1,✗ No,budget_exceeded
2,438,385,01-04,+50.0%,+95.53%,0.9776,1,✗ No,budget_exceeded
2,438,402,01-04,+50.0%,+92.98%,0.9649,3,✗ No,budget_exceeded
2,438,420,01-04,+46.1%,+3.43%,0.5171,15,✓ Yes,completed
2,438,438,01-04,+33.9%,+2.60%,0.5130,49,✓ Yes,completed
2,456,349,01-04,+50.0%,+90.01%,0.9501,1,✗ No,budget_exceeded
2,456,367,01-04,+50.0%,+90.01%,0.9501,1,✗ No,budget_exceeded
2,456,385,01-04,+50.0%,+90.01%,0.9501,1,✗ No,budget_exceeded
2,456,402,01-04,+43.4%,+3.01%,0.5150,2,✓ Yes,completed
2,456,420,01-04,+29.0%,+2.11%,0.5106,6,✓ Yes,completed
2,456,438,01-04,+21.3%,+1.66%,0.5083,13,✓ Yes,completed
2,456,456,01-04,+13.6%,+1.37%,0.5068,34,✓ Yes,completed
2,474,349,01-04,+50.0%,+64.58%,0.8229,1,✗ No,budget_exceeded
2,474,367,01-04,+35.7%,+1.55%,0.5078,1,✓ Yes,completed
2,474,385,01-04,+31.8%,+1.50%,0.5075,1,✓ Yes,completed
2,474,402,01-04,+22.6%,+1.40%,0.5070,1,✓ Yes,completed
2,474,420,01-04,+14.9%,+1.35%,0.5067,2,✓ Yes,completed
2,474,438,01-04,+8.0%,+0.70%,0.5035,3,✓ Yes,completed
2,474,456,01-04,+5.2%,+0.54%,0.5027,6,✓ Yes,completed
2,474,474,01-04,+3.3%,+0.40%,0.5020,11,✓ Yes,completed
2,491,349,01-04,+0.0%,+0.00%,0.5000,0,✓ Yes,completed
2,491,367,01-04,+0.0%,+0.00%,0.5000,0,✓ Yes,completed
2,491,385,01-04,+0.0%,+0.00%,0.5000,0,✓ Yes,completed
2,491,402,01-04,+0.0%,+0.00%,0.5000,0,✓ Yes,completed
2,491,420,01-04,+0.0%,+0.00%,0.5000,0,✓ Yes,completed
2,491,438,01-04,+0.0%,+0.00%,0.5000,0,✓ Yes,completed
2,491,456,01-04,+0.0%,+0.00%,0.5000,0,✓ Yes,completed
2,491,474,01-04,+0.0%,+0.00%,0.5000,0,✓ Yes,completed
2,491,491,01-04,+0.0%,+0.00%,0.5000,0,✓ Yes,completed
2,509,349,01-04,+0.0%,+0.00%,0.5000,0,✓ Yes,completed
2,509,367,01-04,+0.0%,+0.00%,0.5000,0,✓ Yes,completed
2,509,385,01-04,+0.0%,+0.00%,0.5000,0,✓ Yes,completed
2,509,402,01-04,+0.0%,+0.00%,0.5000,0,✓ Yes,completed
2,509,420,01-04,+0.0%,+0.00%,0.5000,0,✓ Yes,completed
2,509,438,01-04,+0.0%,+0.00%,0.5000,0,✓ Yes,completed
2,509,456,01-04,+0.0%,+0.00%,0.5000,0,✓ Yes,completed
2,509,474,01-04,+0.0%,+0.00%,0.5000,0,✓ Yes,completed
2,509,491,01-04,+0.0%,+0.00%,0.5000,0,✓ Yes,completed
2,509,509,01-04,+0.0%,+0.00%,0.5000,0,✓ Yes,completed
2,349,349,01-07,+50.0%,+95.51%,0.9776,1,✗ No,budget_exceeded
2,349,349,01-07,+50.0%,+95.51%,0.9776,1,✗ No,budget_exceeded
2,367,349,01-07,+50.0%,+95.51%,0.9776,1,✗ No,budget_exceeded
2,367,367,01-07,+50.0%,+95.51%,0.9776,1,✗ No,budget_exceeded
2,385,349,01-07,+50.0%,+95.51%,0.9776,1,✗ No,budget_exceeded
2,385,385,01-07,+50.0%,+95.51%,0.9776,1,✗ No,budget_exceeded
2,402,349,01-07,+50.0%,+95.51%,0.9776,1,✗ No,budget_exceeded
2,402,376,01-07,+50.0%,+95.51%,0.9776,1,✗ No,budget_exceeded
2,402,402,01-07,+50.0%,+93.64%,0.9682,6,✗ No,budget_exceeded
2,420,349,01-07,+50.0%,+95.51%,0.9776,1,✗ No,budget_exceeded
2,420,373,01-07,+50.0%,+95.51%,0.9776,1,✗ No,budget_exceeded
2,420,397,01-07,+50.0%,+93.58%,0.9679,5,✗ No,budget_exceeded
2,420,420,01-07,+50.0%,+67.53%,0.8376,37,✗ No,budget_exceeded
2,438,349,01-07,+50.0%,+95.51%,0.9776,1,✗ No,budget_exceeded
2,438,367,01-07,+50.0%,+95.51%,0.9776,1,✗ No,budget_exceeded
2,438,385,01-07,+50.0%,+95.51%,0.9776,1,✗ No,budget_exceeded
2,438,402,01-07,+47.3%,+3.42%,0.5171,4,✓ Yes,completed
2,438,420,01-07,+41.8%,+3.39%,0.5170,13,✓ Yes,completed
2,438,438,01-07,+32.2%,+2.73%,0.5137,39,✓ Yes,completed
2,456,349,01-07,+50.0%,+95.51%,0.9776,1,✗ No,budget_exceeded
2,456,367,01-07,+50.0%,+95.51%,0.9776,1,✗ No,budget_exceeded
2,456,385,01-07,+50.0%,+95.51%,0.9776,1,✗ No,budget_exceeded
2,456,402,01-07,+43.4%,+3.23%,0.5162,2,✓ Yes,completed
2,456,420,01-07,+29.0%,+2.46%,0.5123,6,✓ Yes,completed
2,456,438,01-07,+21.2%,+1.80%,0.5090,13,✓ Yes,completed
2,456,456,01-07,+13.6%,+1.29%,0.5065,34,✓ Yes,completed
2,474,349,01-07,+50.0%,+70.02%,0.8501,1,✗ No,budget_exceeded
2,474,367,01-07,+35.7%,+1.79%,0.5090,1,✓ Yes,completed
2,474,385,01-07,+31.8%,+1.81%,0.5090,1,✓ Yes,completed
2,474,402,01-07,+22.6%,+1.55%,0.5078,1,✓ Yes,completed
2,474,420,01-07,+14.9%,+1.22%,0.5061,2,✓ Yes,completed
2,474,438,01-07,+8.0%,+0.95%,0.5047,3,✓ Yes,completed
2,474,456,01-07,+5.2%,+0.68%,0.5034,6,✓ Yes,completed
2,474,474,01-07,+3.3%,+0.41%,0.5020,11,✓ Yes,completed
2,491,349,01-07,+0.0%,+0.00%,0.5000,0,✓ Yes,completed
2,491,367,01-07,+0.0%,+0.00%,0.5000,0,✓ Yes,completed
2,491,385,01-07,+0.0%,+0.00%,0.5000,0,✓ Yes,completed
2,491,402,01-07,+0.0%,+0.00%,0.5000,0,✓ Yes,completed
2,491,420,01-07,+0.0%,+0.00%,0.5000,0,✓ Yes,completed
2,491,438,01-07,+0.0%,+0.00%,0.5000,0,✓ Yes,completed
2,491,456,01-07,+0.0%,+0.00%,0.5000,0,✓ Yes,completed
2,491,474,01-07,+0.0%,+0.00%,0.5000,0,✓ Yes,completed
2,491,491,01-07,+0.0%,+0.00%,0.5000,0,✓ Yes,completed
2,509,349,01-07,+0.0%,+0.00%,0.5000,0,✓ Yes,completed
2,509,367,01-07,+0.0%,+0.00%,0.5000,0,✓ Yes,completed
2,509,385,01-07,+0.0%,+0.00%,0.5000,0,✓ Yes,completed
2,509,402,01-07,+0.0%,+0.00%,0.5000,0,✓ Yes,completed
2,509,420,01-07,+0.0%,+0.00%,0.5000,0,✓ Yes,completed
2,509,438,01-07,+0.0%,+0.00%,0.5000,0,✓ Yes,completed
2,509,456,01-07,+0.0%,+0.00%,0.5000,0,✓ Yes,completed
2,509,474,01-07,+0.0%,+0.00%,0.5000,0,✓ Yes,completed
2,509,491,01-07,+0.0%,+0.00%,0.5000,0,✓ Yes,completed
2,509,509,01-07,+0.0%,+0.00%,0.5000,0,✓ Yes,completed
2,349,349,01-10,+50.0%,+95.50%,0.9775,1,✗ No,budget_exceeded
2,349,349,01-10,+50.0%,+95.50%,0.9775,1,✗ No,budget_exceeded
2,367,349,01-10,+50.0%,+95.50%,0.9775,1,✗ No,budget_exceeded
2,367,367,01-10,+50.0%,+95.50%,0.9775,1,✗ No,budget_exceeded
2,385,349,01-10,+50.0%,+95.50%,0.9775,1,✗ No,budget_exceeded
2,385,385,01-10,+50.0%,+95.50%,0.9775,1,✗ No,budget_exceeded
2,402,349,01-10,+50.0%,+95.50%,0.9775,1,✗ No,budget_exceeded
2,402,376,01-10,+50.0%,+95.50%,0.9775,1,✗ No,budget_exceeded
2,402,402,01-10,+50.0%,+91.79%,0.9590,11,✗ No,budget_exceeded
2,420,349,01-10,+50.0%,+95.50%,0.9775,1,✗ No,budget_exceeded
2,420,373,01-10,+50.0%,+95.50%,0.9775,1,✗ No,budget_exceeded
2,420,397,01-10,+50.0%,+91.12%,0.9556,8,✗ No,budget_exceeded
2,420,420,01-10,+50.0%,+60.25%,0.8012,42,✗ No,budget_exceeded
2,438,349,01-10,+50.0%,+95.50%,0.9775,1,✗ No,budget_exceeded
2,438,367,01-10,+50.0%,+95.50%,0.9775,1,✗ No,budget_exceeded
2,438,385,01-10,+50.0%,+95.50%,0.9775,1,✗ No,budget_exceeded
2,438,402,01-10,+41.7%,+3.14%,0.5157,4,✓ Yes,completed
2,438,420,01-10,+37.6%,+3.08%,0.5154,12,✓ Yes,completed
2,438,438,01-10,+29.4%,+2.59%,0.5130,34,✓ Yes,completed
2,456,349,01-10,+50.0%,+93.67%,0.9684,1,✗ No,budget_exceeded
2,456,367,01-10,+50.0%,+93.67%,0.9684,1,✗ No,budget_exceeded
2,456,385,01-10,+49.3%,+3.16%,0.5158,1,✓ Yes,completed
2,456,402,01-10,+36.1%,+2.88%,0.5144,2,✓ Yes,completed
2,456,420,01-10,+24.9%,+2.20%,0.5110,5,✓ Yes,completed
2,456,438,01-10,+20.0%,+1.77%,0.5088,12,✓ Yes,completed
2,456,456,01-10,+12.5%,+1.12%,0.5056,33,✓ Yes,completed
2,474,349,01-10,+50.0%,+75.56%,0.8778,1,✗ No,budget_exceeded
2,474,367,01-10,+35.7%,+1.94%,0.5097,1,✓ Yes,completed
2,474,385,01-10,+31.8%,+1.95%,0.5098,1,✓ Yes,completed
2,474,402,01-10,+22.6%,+1.73%,0.5086,1,✓ Yes,completed
2,474,420,01-10,+14.9%,+1.20%,0.5060,2,✓ Yes,completed
2,474,438,01-10,+8.0%,+0.73%,0.5036,3,✓ Yes,completed
2,474,456,01-10,+5.2%,+0.67%,0.5034,6,✓ Yes,completed
2,474,474,01-10,+3.3%,+0.49%,0.5025,11,✓ Yes,completed
2,491,349,01-10,+0.0%,+0.00%,0.5000,0,✓ Yes,completed
2,491,367,01-10,+0.0%,+0.00%,0.5000,0,✓ Yes,completed
2,491,385,01-10,+0.0%,+0.00%,0.5000,0,✓ Yes,completed
2,491,402,01-10,+0.0%,+0.00%,0.5000,0,✓ Yes,completed
2,491,420,01-10,+0.0%,+0.00%,0.5000,0,✓ Yes,completed
2,491,438,01-10,+0.0%,+0.00%,0.5000,0,✓ Yes,completed
2,491,456,01-10,+0.0%,+0.00%,0.5000,0,✓ Yes,completed
2,491,474,01-10,+0.0%,+0.00%,0.5000,0,✓ Yes,completed
2,491,491,01-10,+0.0%,+0.00%,0.5000,0,✓ Yes,completed
2,509,349,01-10,+0.0%,+0.00%,0.5000,0,✓ Yes,completed
2,509,367,01-10,+0.0%,+0.00%,0.5000,0,✓ Yes,completed
2,509,385,01-10,+0.0%,+0.00%,0.5000,0,✓ Yes,completed
2,509,402,01-10,+0.0%,+0.00%,0.5000,0,✓ Yes,completed
2,509,420,01-10,+0.0%,+0.00%,0.5000,0,✓ Yes,completed
2,509,438,01-10,+0.0%,+0.00%,0.5000,0,✓ Yes,completed
2,509,456,01-10,+0.0%,+0.00%,0.5000,0,✓ Yes,completed
2,509,474,01-10,+0.0%,+0.00%,0.5000,0,✓ Yes,completed
2,509,491,01-10,+0.0%,+0.00%,0.5000,0,✓ Yes,completed
2,509,509,01-10,+0.0%,+0.00%,0.5000,0,✓ Yes,completed
2,349,349,01-13,+50.0%,+95.51%,0.9775,1,✗ No,budget_exceeded
2,349,349,01-13,+50.0%,+95.51%,0.9775,1,✗ No,budget_exceeded
2,367,349,01-13,+50.0%,+95.51%,0.9775,1,✗ No,budget_exceeded
2,367,367,01-13,+50.0%,+95.30%,0.9765,3,✗ No,budget_exceeded
2,385,349,01-13,+50.0%,+95.51%,0.9775,1,✗ No,budget_exceeded
2,385,385,01-13,+50.0%,+94.01%,0.9700,5,✗ No,budget_exceeded
2,402,349,01-13,+50.0%,+95.51%,0.9775,1,✗ No,budget_exceeded
2,402,376,01-13,+50.0%,+94.64%,0.9732,3,✗ No,budget_exceeded
2,402,402,01-13,+50.0%,+89.62%,0.9481,15,✗ No,budget_exceeded
2,420,349,01-13,+50.0%,+95.51%,0.9775,1,✗ No,budget_exceeded
2,420,373,01-13,+50.0%,+92.11%,0.9606,3,✗ No,budget_exceeded
2,420,397,01-13,+50.0%,+86.82%,0.9341,11,✗ No,budget_exceeded
2,420,420,01-13,+47.1%,+3.46%,0.5173,46,✓ Yes,completed
2,438,349,01-13,+50.0%,+95.51%,0.9775,1,✗ No,budget_exceeded
2,438,367,01-13,+50.0%,+87.88%,0.9394,2,✗ No,budget_exceeded
2,438,385,01-13,+48.6%,+3.28%,0.5164,2,✓ Yes,completed
2,438,402,01-13,+38.4%,+2.95%,0.5148,3,✓ Yes,completed
2,438,420,01-13,+34.5%,+2.98%,0.5149,11,✓ Yes,completed
2,438,438,01-13,+27.6%,+2.62%,0.5131,29,✓ Yes,completed
2,456,349,01-13,+50.0%,+93.65%,0.9682,1,✗ No,budget_exceeded
2,456,367,01-13,+47.6%,+3.02%,0.5151,1,✓ Yes,completed
2,456,385,01-13,+43.8%,+2.99%,0.5150,1,✓ Yes,completed
2,456,402,01-13,+34.5%,+2.85%,0.5142,1,✓ Yes,completed
2,456,420,01-13,+23.6%,+2.21%,0.5111,4,✓ Yes,completed
2,456,438,01-13,+19.2%,+1.89%,0.5094,11,✓ Yes,completed
2,456,456,01-13,+12.1%,+1.07%,0.5053,30,✓ Yes,completed
2,474,349,01-13,+50.0%,+81.10%,0.9055,1,✗ No,budget_exceeded
2,474,367,01-13,+35.7%,+1.98%,0.5099,1,✓ Yes,completed
2,474,385,01-13,+31.8%,+2.08%,0.5104,1,✓ Yes,completed
2,474,402,01-13,+22.6%,+1.86%,0.5093,1,✓ Yes,completed
2,474,420,01-13,+14.9%,+1.29%,0.5065,2,✓ Yes,completed
2,474,438,01-13,+8.0%,+0.67%,0.5033,3,✓ Yes,completed
2,474,456,01-13,+5.2%,+0.42%,0.5021,6,✓ Yes,completed
2,474,474,01-13,+3.3%,+0.27%,0.5013,11,✓ Yes,completed
2,491,349,01-13,+0.0%,+0.00%,0.5000,0,✓ Yes,completed
2,491,367,01-13,+0.0%,+0.00%,0.5000,0,✓ Yes,completed
2,491,385,01-13,+0.0%,+0.00%,0.5000,0,✓ Yes,completed
2,491,402,01-13,+0.0%,+0.00%,0.5000,0,✓ Yes,completed
2,491,420,01-13,+0.0%,+0.00%,0.5000,0,✓ Yes,completed
2,491,438,01-13,+0.0%,+0.00%,0.5000,0,✓ Yes,completed
2,491,456,01-13,+0.0%,+0.00%,0.5000,0,✓ Yes,completed
2,491,474,01-13,+0.0%,+0.00%,0.5000,0,✓ Yes,completed
2,491,491,01-13,+0.0%,+0.00%,0.5000,0,✓ Yes,completed
2,509,349,01-13,+0.0%,+0.00%,0.5000,0,✓ Yes,completed
2,509,367,01-13,+0.0%,+0.00%,0.5000,0,✓ Yes,completed
2,509,385,01-13,+0.0%,+0.00%,0.5000,0,✓ Yes,completed
2,509,402,01-13,+0.0%,+0.00%,0.5000,0,✓ Yes,completed
2,509,420,01-13,+0.0%,+0.00%,0.5000,0,✓ Yes,completed
2,509,438,01-13,+0.0%,+0.00%,0.5000,0,✓ Yes,completed
2,509,456,01-13,+0.0%,+0.00%,0.5000,0,✓ Yes,completed
2,509,474,01-13,+0.0%,+0.00%,0.5000,0,✓ Yes,completed
2,509,491,01-13,+0.0%,+0.00%,0.5000,0,✓ Yes,completed
2,509,509,01-13,+0.0%,+0.00%,0.5000,0,✓ Yes,completed
2,349,349,01-16,+50.0%,+95.52%,0.9776,1,✗ No,budget_exceeded
2,349,349,01-16,+50.0%,+95.52%,0.9776,1,✗ No,budget_exceeded
2,367,349,01-16,+50.0%,+95.52%,0.9776,1,✗ No,budget_exceeded
2,367,367,01-16,+50.0%,+95.32%,0.9766,3,✗ No,budget_exceeded
2,385,349,01-16,+50.0%,+95.52%,0.9776,1,✗ No,budget_exceeded
2,385,385,01-16,+50.0%,+93.73%,0.9686,8,✗ No,budget_exceeded
2,402,349,01-16,+50.0%,+95.52%,0.9776,1,✗ No,budget_exceeded
2,402,376,01-16,+50.0%,+94.29%,0.9714,4,✗ No,budget_exceeded
2,402,402,01-16,+50.0%,+84.74%,0.9237,22,✗ No,budget_exceeded
2,420,349,01-16,+50.0%,+95.52%,0.9776,1,✗ No,budget_exceeded
2,420,373,01-16,+50.0%,+92.10%,0.9605,3,✗ No,budget_exceeded
2,420,397,01-16,+50.0%,+79.22%,0.8961,15,✗ No,budget_exceeded
2,420,420,01-16,+41.7%,+3.39%,0.5170,44,✓ Yes,completed
2,438,349,01-16,+50.0%,+95.52%,0.9776,1,✗ No,budget_exceeded
2,438,367,01-16,+49.0%,+3.03%,0.5151,2,✓ Yes,completed
2,438,385,01-16,+43.1%,+3.19%,0.5160,2,✓ Yes,completed
2,438,402,01-16,+32.8%,+2.87%,0.5143,3,✓ Yes,completed
2,438,420,01-16,+29.1%,+2.90%,0.5145,10,✓ Yes,completed
2,438,438,01-16,+23.7%,+2.65%,0.5133,25,✓ Yes,completed
2,456,349,01-16,+50.0%,+94.86%,0.9743,1,✗ No,budget_exceeded
2,456,367,01-16,+43.2%,+3.00%,0.5150,1,✓ Yes,completed
2,456,385,01-16,+39.4%,+2.97%,0.5149,1,✓ Yes,completed
2,456,402,01-16,+30.1%,+2.78%,0.5139,1,✓ Yes,completed
2,456,420,01-16,+20.2%,+2.32%,0.5116,3,✓ Yes,completed
2,456,438,01-16,+17.4%,+2.04%,0.5102,9,✓ Yes,completed
2,456,456,01-16,+11.4%,+1.44%,0.5072,24,✓ Yes,completed
2,474,349,01-16,+50.0%,+86.91%,0.9345,1,✗ No,budget_exceeded
2,474,367,01-16,+35.7%,+2.32%,0.5116,1,✓ Yes,completed
2,474,385,01-16,+31.8%,+2.30%,0.5115,1,✓ Yes,completed
2,474,402,01-16,+22.6%,+2.32%,0.5116,1,✓ Yes,completed
2,474,420,01-16,+14.9%,+1.74%,0.5087,2,✓ Yes,completed
2,474,438,01-16,+8.0%,+0.95%,0.5048,3,✓ Yes,completed
2,474,456,01-16,+5.2%,+0.69%,0.5034,6,✓ Yes,completed
2,474,474,01-16,+3.3%,+0.47%,0.5024,11,✓ Yes,completed
2,491,349,01-16,+0.0%,+0.00%,0.5000,0,✓ Yes,completed
2,491,367,01-16,+0.0%,+0.00%,0.5000,0,✓ Yes,completed
2,491,385,01-16,+0.0%,+0.00%,0.5000,0,✓ Yes,completed
2,491,402,01-16,+0.0%,+0.00%,0.5000,0,✓ Yes,completed
2,491,420,01-16,+0.0%,+0.00%,0.5000,0,✓ Yes,completed
2,491,438,01-16,+0.0%,+0.00%,0.5000,0,✓ Yes,completed
2,491,456,01-16,+0.0%,+0.00%,0.5000,0,✓ Yes,completed
2,491,474,01-16,+0.0%,+0.00%,0.5000,0,✓ Yes,completed
2,491,491,01-16,+0.0%,+0.00%,0.5000,0,✓ Yes,completed
2,509,349,01-16,+0.0%,+0.00%,0.5000,0,✓ Yes,completed
2,509,367,01-16,+0.0%,+0.00%,0.5000,0,✓ Yes,completed
2,509,385,01-16,+0.0%,+0.00%,0.5000,0,✓ Yes,completed
2,509,402,01-16,+0.0%,+0.00%,0.5000,0,✓ Yes,completed
2,509,420,01-16,+0.0%,+0.00%,0.5000,0,✓ Yes,completed
2,509,438,01-16,+0.0%,+0.00%,0.5000,0,✓ Yes,completed
2,509,456,01-16,+0.0%,+0.00%,0.5000,0,✓ Yes,completed
2,509,474,01-16,+0.0%,+0.00%,0.5000,0,✓ Yes,completed
2,509,491,01-16,+0.0%,+0.00%,0.5000,0,✓ Yes,completed
2,509,509,01-16,+0.0%,+0.00%,0.5000,0,✓ Yes,completed
2,349,349,01-19,+50.0%,+95.52%,0.9776,1,✗ No,budget_exceeded
2,349,349,01-19,+50.0%,+95.52%,0.9776,1,✗ No,budget_exceeded
2,367,349,01-19,+50.0%,+95.52%,0.9776,1,✗ No,budget_exceeded
2,367,367,01-19,+50.0%,+95.31%,0.9766,3,✗ No,budget_exceeded
2,385,349,01-19,+50.0%,+95.52%,0.9776,1,✗ No,budget_exceeded
2,385,385,01-19,+50.0%,+92.17%,0.9608,12,✗ No,budget_exceeded
2,402,349,01-19,+50.0%,+95.52%,0.9776,1,✗ No,budget_exceeded
2,402,376,01-19,+50.0%,+93.26%,0.9663,6,✗ No,budget_exceeded
2,402,402,01-19,+50.0%,+79.75%,0.8987,30,✗ No,budget_exceeded
2,420,349,01-19,+50.0%,+95.52%,0.9776,1,✗ No,budget_exceeded
2,420,373,01-19,+50.0%,+86.35%,0.9317,4,✗ No,budget_exceeded
2,420,397,01-19,+50.0%,+58.07%,0.7903,21,✗ No,budget_exceeded
2,420,420,01-19,+36.8%,+3.08%,0.5154,42,✓ Yes,completed
2,438,349,01-19,+50.0%,+95.52%,0.9776,1,✗ No,budget_exceeded
2,438,367,01-19,+43.4%,+2.70%,0.5135,2,✓ Yes,completed
2,438,385,01-19,+37.5%,+2.86%,0.5143,2,✓ Yes,completed
2,438,402,01-19,+27.3%,+2.53%,0.5127,3,✓ Yes,completed
2,438,420,01-19,+24.5%,+2.55%,0.5128,8,✓ Yes,completed
2,438,438,01-19,+19.8%,+2.38%,0.5119,19,✓ Yes,completed
2,456,349,01-19,+50.0%,+93.70%,0.9685,1,✗ No,budget_exceeded
2,456,367,01-19,+36.5%,+2.66%,0.5133,1,✓ Yes,completed
2,456,385,01-19,+32.7%,+2.63%,0.5132,1,✓ Yes,completed
2,456,402,01-19,+23.5%,+2.49%,0.5124,1,✓ Yes,completed
2,456,420,01-19,+17.6%,+2.21%,0.5110,2,✓ Yes,completed
2,456,438,01-19,+15.3%,+1.99%,0.5099,7,✓ Yes,completed
2,456,456,01-19,+10.3%,+1.44%,0.5072,21,✓ Yes,completed
2,474,349,01-19,+50.0%,+92.75%,0.9638,1,✗ No,budget_exceeded
2,474,367,01-19,+35.7%,+2.51%,0.5125,1,✓ Yes,completed
2,474,385,01-19,+31.8%,+2.51%,0.5126,1,✓ Yes,completed
2,474,402,01-19,+22.6%,+2.36%,0.5118,1,✓ Yes,completed
2,474,420,01-19,+14.9%,+1.88%,0.5094,2,✓ Yes,completed
2,474,438,01-19,+8.0%,+1.16%,0.5058,3,✓ Yes,completed
2,474,456,01-19,+5.2%,+0.84%,0.5042,6,✓ Yes,completed
2,474,474,01-19,+3.3%,+0.53%,0.5026,11,✓ Yes,completed
2,491,349,01-19,+0.0%,+0.00%,0.5000,0,✓ Yes,completed
2,491,367,01-19,+0.0%,+0.00%,0.5000,0,✓ Yes,completed
2,491,385,01-19,+0.0%,+0.00%,0.5000,0,✓ Yes,completed
2,491,402,01-19,+0.0%,+0.00%,0.5000,0,✓ Yes,completed
2,491,420,01-19,+0.0%,+0.00%,0.5000,0,✓ Yes,completed
2,491,438,01-19,+0.0%,+0.00%,0.5000,0,✓ Yes,completed
2,491,456,01-19,+0.0%,+0.00%,0.5000,0,✓ Yes,completed
2,491,474,01-19,+0.0%,+0.00%,0.5000,0,✓ Yes,completed
2,491,491,01-19,+0.0%,+0.00%,0.5000,0,✓ Yes,completed
2,509,349,01-19,+0.0%,+0.00%,0.5000,0,✓ Yes,completed
2,509,367,01-19,+0.0%,+0.00%,0.5000,0,✓ Yes,completed
2,509,385,01-19,+0.0%,+0.00%,0.5000,0,✓ Yes,completed
2,509,402,01-19,+0.0%,+0.00%,0.5000,0,✓ Yes,completed
2,509,420,01-19,+0.0%,+0.00%,0.5000,0,✓ Yes,completed
2,509,438,01-19,+0.0%,+0.00%,0.5000,0,✓ Yes,completed
2,509,456,01-19,+0.0%,+0.00%,0.5000,0,✓ Yes,completed
2,509,474,01-19,+0.0%,+0.00%,0.5000,0,✓ Yes,completed
2,509,491,01-19,+0.0%,+0.00%,0.5000,0,✓ Yes,completed
2,509,509,01-19,+0.0%,+0.00%,0.5000,0,✓ Yes,completed
3,384,384,01-09,+50.0%,+95.52%,0.9776,1,✗ No,budget_exceeded
3,384,384,01-09,+50.0%,+95.52%,0.9776,1,✗ No,budget_exceeded
3,392,384,01-09,+50.0%,+95.52%,0.9776,1,✗ No,budget_exceeded
3,392,392,01-09,+50.0%,+94.56%,0.9728,8,✗ No,budget_exceeded
3,400,384,01-09,+50.0%,+95.52%,0.9776,1,✗ No,budget_exceeded
3,400,400,01-09,+50.0%,+93.32%,0.9666,7,✗ No,budget_exceeded
3,408,384,01-09,+50.0%,+95.52%,0.9776,1,✗ No,budget_exceeded
3,408,396,01-09,+50.0%,+93.50%,0.9675,6,✗ No,budget_exceeded
3,408,408,01-09,+50.0%,+89.53%,0.9476,18,✗ No,budget_exceeded
3,416,384,01-09,+50.0%,+95.52%,0.9776,1,✗ No,budget_exceeded
3,416,395,01-09,+50.0%,+93.45%,0.9673,6,✗ No,budget_exceeded
3,416,406,01-09,+50.0%,+90.01%,0.9500,12,✗ No,budget_exceeded
3,416,416,01-09,+50.0%,+72.79%,0.8640,33,✗ No,budget_exceeded
3,424,384,01-09,+50.0%,+95.52%,0.9776,1,✗ No,budget_exceeded
3,424,392,01-09,+50.0%,+90.09%,0.9504,7,✗ No,budget_exceeded
3,424,400,01-09,+50.0%,+85.83%,0.9292,9,✗ No,budget_exceeded
3,424,408,01-09,+50.0%,+80.25%,0.9013,16,✗ No,budget_exceeded
3,424,416,01-09,+50.0%,+62.15%,0.8107,28,✗ No,budget_exceeded
3,424,424,01-09,+45.3%,+3.24%,0.5162,51,✓ Yes,completed
3,432,384,01-09,+50.0%,+95.52%,0.9776,1,✗ No,budget_exceeded
3,432,392,01-09,+50.0%,+80.28%,0.9014,6,✗ No,budget_exceeded
3,432,400,01-09,+50.0%,+72.01%,0.8601,8,✗ No,budget_exceeded
3,432,408,01-09,+50.0%,+59.76%,0.7988,15,✗ No,budget_exceeded
3,432,416,01-09,+47.0%,+3.36%,0.5168,19,✓ Yes,completed
3,432,424,01-09,+39.9%,+3.23%,0.5161,28,✓ Yes,completed
3,432,432,01-09,+35.1%,+3.01%,0.5150,35,✓ Yes,completed
3,440,384,01-09,+50.0%,+95.52%,0.9776,1,✗ No,budget_exceeded
3,440,392,01-09,+48.4%,+3.26%,0.5163,4,✓ Yes,completed
3,440,400,01-09,+45.1%,+3.13%,0.5157,4,✓ Yes,completed
3,440,408,01-09,+41.3%,+3.18%,0.5159,7,✓ Yes,completed
3,440,416,01-09,+39.3%,+3.16%,0.5158,10,✓ Yes,completed
3,440,424,01-09,+35.5%,+3.05%,0.5153,16,✓ Yes,completed
3,440,432,01-09,+32.2%,+2.81%,0.5140,20,✓ Yes,completed
3,440,440,01-09,+27.7%,+2.48%,0.5124,33,✓ Yes,completed
3,448,384,01-09,+50.0%,+95.52%,0.9776,1,✗ No,budget_exceeded
3,448,392,01-09,+46.1%,+3.13%,0.5156,3,✓ Yes,completed
3,448,400,01-09,+44.4%,+3.15%,0.5157,3,✓ Yes,completed
3,448,408,01-09,+38.0%,+3.07%,0.5153,6,✓ Yes,completed
3,448,416,01-09,+36.4%,+3.06%,0.5153,8,✓ Yes,completed
3,448,424,01-09,+33.2%,+2.85%,0.5142,13,✓ Yes,completed
3,448,432,01-09,+29.4%,+2.59%,0.5129,16,✓ Yes,completed
3,448,440,01-09,+24.3%,+2.19%,0.5110,24,✓ Yes,completed
3,448,448,01-09,+19.5%,+1.69%,0.5085,32,✓ Yes,completed
3,456,384,01-09,+49.3%,+3.15%,0.5157,1,✓ Yes,completed
3,456,392,01-09,+37.8%,+2.91%,0.5146,2,✓ Yes,completed
3,456,400,01-09,+37.7%,+2.91%,0.5146,2,✓ Yes,completed
3,456,408,01-09,+29.8%,+2.46%,0.5123,4,✓ Yes,completed
3,456,416,01-09,+27.8%,+2.40%,0.5120,4,✓ Yes,completed
3,456,424,01-09,+23.4%,+2.04%,0.5102,6,✓ Yes,completed
3,456,432,01-09,+22.3%,+1.94%,0.5097,7,✓ Yes,completed
3,456,440,01-09,+18.9%,+1.65%,0.5082,12,✓ Yes,completed
3,456,448,01-09,+15.2%,+1.40%,0.5070,17,✓ Yes,completed
3,456,456,01-09,+12.1%,+1.10%,0.5055,22,✓ Yes,completed
3,384,384,01-10,+50.0%,+95.50%,0.9775,1,✗ No,budget_exceeded
3,384,384,01-10,+50.0%,+95.50%,0.9775,1,✗ No,budget_exceeded
3,392,384,01-10,+50.0%,+95.50%,0.9775,1,✗ No,budget_exceeded
3,392,392,01-10,+50.0%,+94.55%,0.9728,8,✗ No,budget_exceeded
3,400,384,01-10,+50.0%,+95.50%,0.9775,1,✗ No,budget_exceeded
3,400,400,01-10,+50.0%,+92.25%,0.9612,9,✗ No,budget_exceeded
3,408,384,01-10,+50.0%,+95.50%,0.9775,1,✗ No,budget_exceeded
3,408,396,01-10,+50.0%,+92.85%,0.9643,7,✗ No,budget_exceeded
3,408,408,01-10,+50.0%,+87.84%,0.9392,19,✗ No,budget_exceeded
3,416,384,01-10,+50.0%,+95.50%,0.9775,1,✗ No,budget_exceeded
3,416,395,01-10,+50.0%,+92.79%,0.9639,7,✗ No,budget_exceeded
3,416,406,01-10,+50.0%,+86.90%,0.9345,14,✗ No,budget_exceeded
3,416,416,01-10,+50.0%,+73.71%,0.8685,31,✗ No,budget_exceeded
3,424,384,01-10,+50.0%,+95.50%,0.9775,1,✗ No,budget_exceeded
3,424,392,01-10,+50.0%,+86.45%,0.9323,9,✗ No,budget_exceeded
3,424,400,01-10,+50.0%,+83.71%,0.9185,11,✗ No,budget_exceeded
3,424,408,01-10,+50.0%,+80.82%,0.9041,16,✗ No,budget_exceeded
3,424,416,01-10,+50.0%,+63.27%,0.8164,27,✗ No,budget_exceeded
3,424,424,01-10,+44.8%,+3.22%,0.5161,50,✓ Yes,completed
3,432,384,01-10,+50.0%,+95.50%,0.9775,1,✗ No,budget_exceeded
3,432,392,01-10,+50.0%,+74.42%,0.8721,7,✗ No,budget_exceeded
3,432,400,01-10,+50.0%,+63.00%,0.8150,10,✗ No,budget_exceeded
3,432,408,01-10,+50.0%,+60.08%,0.8004,15,✗ No,budget_exceeded
3,432,416,01-10,+46.4%,+3.37%,0.5169,18,✓ Yes,completed
3,432,424,01-10,+39.4%,+3.16%,0.5158,27,✓ Yes,completed
3,432,432,01-10,+34.7%,+3.01%,0.5151,34,✓ Yes,completed
3,440,384,01-10,+50.0%,+95.50%,0.9775,1,✗ No,budget_exceeded
3,440,392,01-10,+46.6%,+3.21%,0.5161,4,✓ Yes,completed
3,440,400,01-10,+43.3%,+3.08%,0.5154,4,✓ Yes,completed
3,440,408,01-10,+40.6%,+3.15%,0.5157,6,✓ Yes,completed
3,440,416,01-10,+38.7%,+3.13%,0.5156,9,✓ Yes,completed
3,440,424,01-10,+35.0%,+3.03%,0.5152,15,✓ Yes,completed
3,440,432,01-10,+31.8%,+2.81%,0.5140,19,✓ Yes,completed
3,440,440,01-10,+27.4%,+2.45%,0.5122,32,✓ Yes,completed
3,448,384,01-10,+50.0%,+95.50%,0.9775,1,✗ No,budget_exceeded
3,448,392,01-10,+44.3%,+3.08%,0.5154,3,✓ Yes,completed
3,448,400,01-10,+42.6%,+3.10%,0.5155,3,✓ Yes,completed
3,448,408,01-10,+37.3%,+2.99%,0.5150,5,✓ Yes,completed
3,448,416,01-10,+35.9%,+2.98%,0.5149,7,✓ Yes,completed
3,448,424,01-10,+32.7%,+2.84%,0.5142,12,✓ Yes,completed
3,448,432,01-10,+29.1%,+2.59%,0.5129,15,✓ Yes,completed
3,448,440,01-10,+24.1%,+2.22%,0.5111,23,✓ Yes,completed
3,448,448,01-10,+19.3%,+1.69%,0.5085,31,✓ Yes,completed
3,456,384,01-10,+49.3%,+3.16%,0.5158,1,✓ Yes,completed
3,456,392,01-10,+37.8%,+2.87%,0.5144,2,✓ Yes,completed
3,456,400,01-10,+37.7%,+2.87%,0.5144,2,✓ Yes,completed
3,456,408,01-10,+29.8%,+2.48%,0.5124,4,✓ Yes,completed
3,456,416,01-10,+27.8%,+2.38%,0.5119,4,✓ Yes,completed
3,456,424,01-10,+23.4%,+2.10%,0.5105,6,✓ Yes,completed
3,456,432,01-10,+22.3%,+1.98%,0.5099,7,✓ Yes,completed
3,456,440,01-10,+18.9%,+1.66%,0.5083,12,✓ Yes,completed
3,456,448,01-10,+15.2%,+1.35%,0.5068,17,✓ Yes,completed
3,456,456,01-10,+12.1%,+1.09%,0.5055,22,✓ Yes,completed
3,384,384,01-11,+50.0%,+95.13%,0.9757,2,✗ No,budget_exceeded
3,384,384,01-11,+50.0%,+95.13%,0.9757,2,✗ No,budget_exceeded
3,392,384,01-11,+50.0%,+95.10%,0.9755,2,✗ No,budget_exceeded
3,392,392,01-11,+50.0%,+93.73%,0.9687,10,✗ No,budget_exceeded
3,400,384,01-11,+50.0%,+95.06%,0.9753,2,✗ No,budget_exceeded
3,400,400,01-11,+50.0%,+91.27%,0.9564,12,✗ No,budget_exceeded
3,408,384,01-11,+50.0%,+94.99%,0.9749,2,✗ No,budget_exceeded
3,408,396,01-11,+50.0%,+91.71%,0.9586,9,✗ No,budget_exceeded
3,408,408,01-11,+50.0%,+86.65%,0.9333,21,✗ No,budget_exceeded
3,416,384,01-11,+50.0%,+94.97%,0.9748,2,✗ No,budget_exceeded
3,416,395,01-11,+50.0%,+90.12%,0.9506,10,✗ No,budget_exceeded
3,416,406,01-11,+50.0%,+85.39%,0.9270,15,✗ No,budget_exceeded
3,416,416,01-11,+50.0%,+72.32%,0.8616,33,✗ No,budget_exceeded
3,424,384,01-11,+50.0%,+93.64%,0.9682,3,✗ No,budget_exceeded
3,424,392,01-11,+50.0%,+84.89%,0.9245,10,✗ No,budget_exceeded
3,424,400,01-11,+50.0%,+83.66%,0.9183,11,✗ No,budget_exceeded
3,424,408,01-11,+50.0%,+74.30%,0.8715,18,✗ No,budget_exceeded
3,424,416,01-11,+50.0%,+61.84%,0.8092,29,✗ No,budget_exceeded
3,424,424,01-11,+42.9%,+3.08%,0.5154,50,✓ Yes,completed
3,432,384,01-11,+50.0%,+84.27%,0.9213,2,✗ No,budget_exceeded
3,432,392,01-11,+50.0%,+72.02%,0.8601,8,✗ No,budget_exceeded
3,432,400,01-11,+50.0%,+61.82%,0.8091,12,✗ No,budget_exceeded
3,432,408,01-11,+48.3%,+3.36%,0.5168,15,✓ Yes,completed
3,432,416,01-11,+44.5%,+3.23%,0.5162,18,✓ Yes,completed
3,432,424,01-11,+37.5%,+3.02%,0.5151,27,✓ Yes,completed
3,432,432,01-11,+33.5%,+2.89%,0.5144,32,✓ Yes,completed
3,440,384,01-11,+50.0%,+84.27%,0.9213,2,✗ No,budget_exceeded
3,440,392,01-11,+44.7%,+3.08%,0.5154,4,✓ Yes,completed
3,440,400,01-11,+41.4%,+2.94%,0.5147,4,✓ Yes,completed
3,440,408,01-11,+38.8%,+3.01%,0.5151,6,✓ Yes,completed
3,440,416,01-11,+36.9%,+2.99%,0.5150,9,✓ Yes,completed
3,440,424,01-11,+33.2%,+2.89%,0.5145,15,✓ Yes,completed
3,440,432,01-11,+30.8%,+2.75%,0.5138,17,✓ Yes,completed
3,440,440,01-11,+26.7%,+2.35%,0.5117,30,✓ Yes,completed
3,448,384,01-11,+50.0%,+84.18%,0.9209,2,✗ No,budget_exceeded
3,448,392,01-11,+42.4%,+2.94%,0.5147,3,✓ Yes,completed
3,448,400,01-11,+40.7%,+2.96%,0.5148,3,✓ Yes,completed
3,448,408,01-11,+35.5%,+2.86%,0.5143,5,✓ Yes,completed
3,448,416,01-11,+34.1%,+2.84%,0.5142,7,✓ Yes,completed
3,448,424,01-11,+30.9%,+2.70%,0.5135,12,✓ Yes,completed
3,448,432,01-11,+28.3%,+2.51%,0.5125,13,✓ Yes,completed
3,448,440,01-11,+23.6%,+2.19%,0.5110,21,✓ Yes,completed
3,448,448,01-11,+19.0%,+1.66%,0.5083,29,✓ Yes,completed
3,456,384,01-11,+49.3%,+3.16%,0.5158,1,✓ Yes,completed
3,456,392,01-11,+37.8%,+2.84%,0.5142,2,✓ Yes,completed
3,456,400,01-11,+37.6%,+2.84%,0.5142,2,✓ Yes,completed
3,456,408,01-11,+29.7%,+2.49%,0.5124,4,✓ Yes,completed
3,456,416,01-11,+27.8%,+2.39%,0.5119,4,✓ Yes,completed
3,456,424,01-11,+23.3%,+2.09%,0.5105,6,✓ Yes,completed
3,456,432,01-11,+22.2%,+2.02%,0.5101,7,✓ Yes,completed
3,456,440,01-11,+18.8%,+1.65%,0.5083,12,✓ Yes,completed
3,456,448,01-11,+15.1%,+1.29%,0.5065,17,✓ Yes,completed
3,456,456,01-11,+12.0%,+1.04%,0.5052,22,✓ Yes,completed
3,384,384,01-12,+50.0%,+94.98%,0.9749,3,✗ No,budget_exceeded
3,384,384,01-12,+50.0%,+94.98%,0.9749,3,✗ No,budget_exceeded
3,392,384,01-12,+50.0%,+94.88%,0.9744,3,✗ No,budget_exceeded
3,392,392,01-12,+50.0%,+93.11%,0.9655,11,✗ No,budget_exceeded
3,400,384,01-12,+50.0%,+94.77%,0.9738,3,✗ No,budget_exceeded
3,400,400,01-12,+50.0%,+90.33%,0.9516,14,✗ No,budget_exceeded
3,408,384,01-12,+50.0%,+94.69%,0.9735,3,✗ No,budget_exceeded
3,408,396,01-12,+50.0%,+91.07%,0.9553,10,✗ No,budget_exceeded
3,408,408,01-12,+50.0%,+86.80%,0.9340,24,✗ No,budget_exceeded
3,416,384,01-12,+50.0%,+94.60%,0.9730,3,✗ No,budget_exceeded
3,416,395,01-12,+50.0%,+89.66%,0.9483,11,✗ No,budget_exceeded
3,416,406,01-12,+50.0%,+85.66%,0.9283,14,✗ No,budget_exceeded
3,416,416,01-12,+50.0%,+67.20%,0.8360,35,✗ No,budget_exceeded
3,424,384,01-12,+50.0%,+90.48%,0.9524,4,✗ No,budget_exceeded
3,424,392,01-12,+50.0%,+84.86%,0.9243,10,✗ No,budget_exceeded
3,424,400,01-12,+50.0%,+77.35%,0.8867,13,✗ No,budget_exceeded
3,424,408,01-12,+50.0%,+74.01%,0.8700,18,✗ No,budget_exceeded
3,424,416,01-12,+49.4%,+3.48%,0.5174,31,✓ Yes,completed
3,424,424,01-12,+41.6%,+3.04%,0.5152,49,✓ Yes,completed
3,432,384,01-12,+50.0%,+84.24%,0.9212,2,✗ No,budget_exceeded
3,432,392,01-12,+50.0%,+65.05%,0.8252,10,✗ No,budget_exceeded
3,432,400,01-12,+48.4%,+3.34%,0.5167,12,✓ Yes,completed
3,432,408,01-12,+46.9%,+3.30%,0.5165,14,✓ Yes,completed
3,432,416,01-12,+43.3%,+3.18%,0.5159,17,✓ Yes,completed
3,432,424,01-12,+36.3%,+2.97%,0.5149,26,✓ Yes,completed
3,432,432,01-12,+32.3%,+2.81%,0.5140,31,✓ Yes,completed
3,440,384,01-12,+48.7%,+3.15%,0.5158,2,✓ Yes,completed
3,440,392,01-12,+41.6%,+2.92%,0.5146,3,✓ Yes,completed
3,440,400,01-12,+38.3%,+2.91%,0.5146,3,✓ Yes,completed
3,440,408,01-12,+37.4%,+2.92%,0.5146,5,✓ Yes,completed
3,440,416,01-12,+35.6%,+2.90%,0.5145,8,✓ Yes,completed
3,440,424,01-12,+32.0%,+2.80%,0.5140,14,✓ Yes,completed
3,440,432,01-12,+29.7%,+2.70%,0.5135,16,✓ Yes,completed
3,440,440,01-12,+25.8%,+2.34%,0.5117,28,✓ Yes,completed
3,448,384,01-12,+48.6%,+3.14%,0.5157,2,✓ Yes,completed
3,448,392,01-12,+39.3%,+2.83%,0.5142,2,✓ Yes,completed
3,448,400,01-12,+37.7%,+2.89%,0.5145,2,✓ Yes,completed
3,448,408,01-12,+34.1%,+2.78%,0.5139,4,✓ Yes,completed
3,448,416,01-12,+32.8%,+2.80%,0.5140,6,✓ Yes,completed
3,448,424,01-12,+29.7%,+2.64%,0.5132,11,✓ Yes,completed
3,448,432,01-12,+27.1%,+2.49%,0.5124,12,✓ Yes,completed
3,448,440,01-12,+22.9%,+2.09%,0.5104,20,✓ Yes,completed
3,448,448,01-12,+18.5%,+1.69%,0.5084,28,✓ Yes,completed
3,456,384,01-12,+43.8%,+2.88%,0.5144,1,✓ Yes,completed
3,456,392,01-12,+34.6%,+2.77%,0.5138,1,✓ Yes,completed
3,456,400,01-12,+34.5%,+2.77%,0.5138,1,✓ Yes,completed
3,456,408,01-12,+28.4%,+2.40%,0.5120,3,✓ Yes,completed
3,456,416,01-12,+26.5%,+2.31%,0.5116,3,✓ Yes,completed
3,456,424,01-12,+22.1%,+2.00%,0.5100,5,✓ Yes,completed
3,456,432,01-12,+21.1%,+1.93%,0.5097,6,✓ Yes,completed
3,456,440,01-12,+18.2%,+1.67%,0.5083,11,✓ Yes,completed
3,456,448,01-12,+14.6%,+1.28%,0.5064,16,✓ Yes,completed
3,456,456,01-12,+11.7%,+0.98%,0.5049,21,✓ Yes,completed
3,384,384,01-13,+50.0%,+94.10%,0.9705,5,✗ No,budget_exceeded
3,384,384,01-13,+50.0%,+94.10%,0.9705,5,✗ No,budget_exceeded
3,392,384,01-13,+50.0%,+93.92%,0.9696,5,✗ No,budget_exceeded
3,392,392,01-13,+50.0%,+92.82%,0.9641,11,✗ No,budget_exceeded
3,400,384,01-13,+50.0%,+93.74%,0.9687,5,✗ No,budget_exceeded
3,400,400,01-13,+50.0%,+90.11%,0.9506,14,✗ No,budget_exceeded
3,408,384,01-13,+50.0%,+93.56%,0.9678,5,✗ No,budget_exceeded
3,408,396,01-13,+50.0%,+91.10%,0.9555,10,✗ No,budget_exceeded
3,408,408,01-13,+50.0%,+86.93%,0.9346,24,✗ No,budget_exceeded
3,416,384,01-13,+50.0%,+92.60%,0.9630,5,✗ No,budget_exceeded
3,416,395,01-13,+50.0%,+88.62%,0.9431,11,✗ No,budget_exceeded
3,416,406,01-13,+50.0%,+80.69%,0.9035,15,✗ No,budget_exceeded
3,416,416,01-13,+50.0%,+67.32%,0.8366,34,✗ No,budget_exceeded
3,424,384,01-13,+50.0%,+89.07%,0.9453,5,✗ No,budget_exceeded
3,424,392,01-13,+50.0%,+79.44%,0.8972,10,✗ No,budget_exceeded
3,424,400,01-13,+50.0%,+77.28%,0.8864,13,✗ No,budget_exceeded
3,424,408,01-13,+50.0%,+69.13%,0.8457,20,✗ No,budget_exceeded
3,424,416,01-13,+48.7%,+3.55%,0.5178,29,✓ Yes,completed
3,424,424,01-13,+41.2%,+3.16%,0.5158,47,✓ Yes,completed
3,432,384,01-13,+50.0%,+78.43%,0.8921,3,✗ No,budget_exceeded
3,432,392,01-13,+50.0%,+64.99%,0.8249,10,✗ No,budget_exceeded
3,432,400,01-13,+47.1%,+3.41%,0.5171,11,✓ Yes,completed
3,432,408,01-13,+45.7%,+3.39%,0.5170,13,✓ Yes,completed
3,432,416,01-13,+42.8%,+3.29%,0.5164,16,✓ Yes,completed
3,432,424,01-13,+36.0%,+2.99%,0.5150,25,✓ Yes,completed
3,432,432,01-13,+32.1%,+2.85%,0.5142,30,✓ Yes,completed
3,440,384,01-13,+48.6%,+3.28%,0.5164,2,✓ Yes,completed
3,440,392,01-13,+41.5%,+3.08%,0.5154,3,✓ Yes,completed
3,440,400,01-13,+38.3%,+2.94%,0.5147,3,✓ Yes,completed
3,440,408,01-13,+37.4%,+2.93%,0.5147,5,✓ Yes,completed
3,440,416,01-13,+35.6%,+2.97%,0.5149,8,✓ Yes,completed
3,440,424,01-13,+31.9%,+2.86%,0.5143,14,✓ Yes,completed
3,440,432,01-13,+29.6%,+2.80%,0.5140,16,✓ Yes,completed
3,440,440,01-13,+25.8%,+2.47%,0.5124,28,✓ Yes,completed
3,448,384,01-13,+48.6%,+3.27%,0.5164,2,✓ Yes,completed
3,448,392,01-13,+39.3%,+2.94%,0.5147,2,✓ Yes,completed
3,448,400,01-13,+37.7%,+2.91%,0.5145,2,✓ Yes,completed
3,448,408,01-13,+34.1%,+2.87%,0.5143,4,✓ Yes,completed
3,448,416,01-13,+32.8%,+2.87%,0.5143,6,✓ Yes,completed
3,448,424,01-13,+29.7%,+2.75%,0.5138,11,✓ Yes,completed
3,448,432,01-13,+27.1%,+2.60%,0.5130,12,✓ Yes,completed
3,448,440,01-13,+22.9%,+2.19%,0.5110,20,✓ Yes,completed
3,448,448,01-13,+18.5%,+1.85%,0.5093,28,✓ Yes,completed
3,456,384,01-13,+43.8%,+2.99%,0.5150,1,✓ Yes,completed
3,456,392,01-13,+34.6%,+2.85%,0.5142,1,✓ Yes,completed
3,456,400,01-13,+34.5%,+2.85%,0.5142,1,✓ Yes,completed
3,456,408,01-13,+28.4%,+2.55%,0.5128,3,✓ Yes,completed
3,456,416,01-13,+26.5%,+2.43%,0.5121,3,✓ Yes,completed
3,456,424,01-13,+22.1%,+2.08%,0.5104,5,✓ Yes,completed
3,456,432,01-13,+21.1%,+2.00%,0.5100,6,✓ Yes,completed
3,456,440,01-13,+18.2%,+1.84%,0.5092,11,✓ Yes,completed
3,456,448,01-13,+14.6%,+1.40%,0.5070,16,✓ Yes,completed
3,456,456,01-13,+11.7%,+1.05%,0.5053,21,✓ Yes,completed
3,384,384,01-14,+50.0%,+94.10%,0.9705,5,✗ No,budget_exceeded
3,384,384,01-14,+50.0%,+94.10%,0.9705,5,✗ No,budget_exceeded
3,392,384,01-14,+50.0%,+93.92%,0.9696,5,✗ No,budget_exceeded
3,392,392,01-14,+50.0%,+92.18%,0.9609,13,✗ No,budget_exceeded
3,400,384,01-14,+50.0%,+93.74%,0.9687,5,✗ No,budget_exceeded
3,400,400,01-14,+50.0%,+90.10%,0.9505,14,✗ No,budget_exceeded
3,408,384,01-14,+50.0%,+93.56%,0.9678,5,✗ No,budget_exceeded
3,408,396,01-14,+50.0%,+90.51%,0.9526,11,✗ No,budget_exceeded
3,408,408,01-14,+50.0%,+81.64%,0.9082,29,✗ No,budget_exceeded
3,416,384,01-14,+50.0%,+91.33%,0.9567,6,✗ No,budget_exceeded
3,416,395,01-14,+50.0%,+88.45%,0.9422,12,✗ No,budget_exceeded
3,416,406,01-14,+50.0%,+79.39%,0.8969,17,✗ No,budget_exceeded
3,416,416,01-14,+50.0%,+60.33%,0.8016,39,✗ No,budget_exceeded
3,424,384,01-14,+50.0%,+89.05%,0.9453,5,✗ No,budget_exceeded
3,424,392,01-14,+50.0%,+78.90%,0.8945,11,✗ No,budget_exceeded
3,424,400,01-14,+50.0%,+76.15%,0.8807,15,✗ No,budget_exceeded
3,424,408,01-14,+50.0%,+68.49%,0.8424,21,✗ No,budget_exceeded
3,424,416,01-14,+46.8%,+3.54%,0.5177,29,✓ Yes,completed
3,424,424,01-14,+39.4%,+3.15%,0.5158,46,✓ Yes,completed
3,432,384,01-14,+50.0%,+69.72%,0.8486,5,✗ No,budget_exceeded
3,432,392,01-14,+48.7%,+3.36%,0.5168,10,✓ Yes,completed
3,432,400,01-14,+45.3%,+3.40%,0.5170,11,✓ Yes,completed
3,432,408,01-14,+43.9%,+3.38%,0.5169,13,✓ Yes,completed
3,432,416,01-14,+40.9%,+3.28%,0.5164,16,✓ Yes,completed
3,432,424,01-14,+34.3%,+2.99%,0.5150,24,✓ Yes,completed
3,432,432,01-14,+30.6%,+2.87%,0.5144,29,✓ Yes,completed
3,440,384,01-14,+46.8%,+3.27%,0.5163,2,✓ Yes,completed
3,440,392,01-14,+39.7%,+3.07%,0.5153,3,✓ Yes,completed
3,440,400,01-14,+36.4%,+2.93%,0.5146,3,✓ Yes,completed
3,440,408,01-14,+35.5%,+2.92%,0.5146,5,✓ Yes,completed
3,440,416,01-14,+33.7%,+2.96%,0.5148,8,✓ Yes,completed
3,440,424,01-14,+30.3%,+2.85%,0.5143,13,✓ Yes,completed
3,440,432,01-14,+28.2%,+2.80%,0.5140,15,✓ Yes,completed
3,440,440,01-14,+24.5%,+2.47%,0.5124,27,✓ Yes,completed
3,448,384,01-14,+46.7%,+3.26%,0.5163,2,✓ Yes,completed
3,448,392,01-14,+37.4%,+2.92%,0.5146,2,✓ Yes,completed
3,448,400,01-14,+35.8%,+2.89%,0.5145,2,✓ Yes,completed
3,448,408,01-14,+32.3%,+2.85%,0.5143,4,✓ Yes,completed
3,448,416,01-14,+31.0%,+2.85%,0.5143,6,✓ Yes,completed
3,448,424,01-14,+28.1%,+2.75%,0.5137,10,✓ Yes,completed
3,448,432,01-14,+25.8%,+2.62%,0.5131,11,✓ Yes,completed
3,448,440,01-14,+21.7%,+2.26%,0.5113,19,✓ Yes,completed
3,448,448,01-14,+17.9%,+1.94%,0.5097,26,✓ Yes,completed
3,456,384,01-14,+43.7%,+3.14%,0.5157,1,✓ Yes,completed
3,456,392,01-14,+34.5%,+2.91%,0.5145,1,✓ Yes,completed
3,456,400,01-14,+34.4%,+2.91%,0.5145,1,✓ Yes,completed
3,456,408,01-14,+28.3%,+2.67%,0.5133,3,✓ Yes,completed
3,456,416,01-14,+26.4%,+2.60%,0.5130,3,✓ Yes,completed
3,456,424,01-14,+22.0%,+2.23%,0.5111,5,✓ Yes,completed
3,456,432,01-14,+21.0%,+2.13%,0.5106,6,✓ Yes,completed
3,456,440,01-14,+18.1%,+1.97%,0.5098,11,✓ Yes,completed
3,456,448,01-14,+14.5%,+1.56%,0.5078,16,✓ Yes,completed
3,456,456,01-14,+11.7%,+1.19%,0.5060,21,✓ Yes,completed
3,384,384,01-15,+50.0%,+93.87%,0.9694,7,✗ No,budget_exceeded
3,384,384,01-15,+50.0%,+93.87%,0.9694,7,✗ No,budget_exceeded
3,392,384,01-15,+50.0%,+93.56%,0.9678,6,✗ No,budget_exceeded
3,392,392,01-15,+50.0%,+92.18%,0.9609,13,✗ No,budget_exceeded
3,400,384,01-15,+50.0%,+93.31%,0.9665,6,✗ No,budget_exceeded
3,400,400,01-15,+50.0%,+89.87%,0.9494,15,✗ No,budget_exceeded
3,408,384,01-15,+50.0%,+93.12%,0.9656,6,✗ No,budget_exceeded
3,408,396,01-15,+50.0%,+90.28%,0.9514,12,✗ No,budget_exceeded
3,408,408,01-15,+50.0%,+81.11%,0.9055,30,✗ No,budget_exceeded
3,416,384,01-15,+50.0%,+91.32%,0.9566,6,✗ No,budget_exceeded
3,416,395,01-15,+50.0%,+82.91%,0.9146,14,✗ No,budget_exceeded
3,416,406,01-15,+50.0%,+78.85%,0.8942,18,✗ No,budget_exceeded
3,416,416,01-15,+49.5%,+3.56%,0.5178,45,✓ Yes,completed
3,424,384,01-15,+50.0%,+83.26%,0.9163,6,✗ No,budget_exceeded
3,424,392,01-15,+50.0%,+77.90%,0.8895,13,✗ No,budget_exceeded
3,424,400,01-15,+50.0%,+71.99%,0.8599,16,✗ No,budget_exceeded
3,424,408,01-15,+50.0%,+3.55%,0.5177,25,✓ Yes,completed
3,424,416,01-15,+45.0%,+3.53%,0.5177,29,✓ Yes,completed
3,424,424,01-15,+37.8%,+3.18%,0.5159,45,✓ Yes,completed
3,432,384,01-15,+50.0%,+69.68%,0.8484,5,✗ No,budget_exceeded
3,432,392,01-15,+46.9%,+3.35%,0.5167,10,✓ Yes,completed
3,432,400,01-15,+43.4%,+3.39%,0.5170,11,✓ Yes,completed
3,432,408,01-15,+42.0%,+3.37%,0.5169,13,✓ Yes,completed
3,432,416,01-15,+39.1%,+3.27%,0.5163,16,✓ Yes,completed
3,432,424,01-15,+32.9%,+2.99%,0.5150,23,✓ Yes,completed
3,432,432,01-15,+29.2%,+2.89%,0.5145,28,✓ Yes,completed
3,440,384,01-15,+45.0%,+3.26%,0.5163,2,✓ Yes,completed
3,440,392,01-15,+37.8%,+3.06%,0.5153,3,✓ Yes,completed
3,440,400,01-15,+34.6%,+2.92%,0.5146,3,✓ Yes,completed
3,440,408,01-15,+33.7%,+2.91%,0.5145,5,✓ Yes,completed
3,440,416,01-15,+31.9%,+2.95%,0.5147,8,✓ Yes,completed
3,440,424,01-15,+28.8%,+2.88%,0.5144,12,✓ Yes,completed
3,440,432,01-15,+26.8%,+2.80%,0.5140,14,✓ Yes,completed
3,440,440,01-15,+23.2%,+2.50%,0.5125,26,✓ Yes,completed
3,448,384,01-15,+44.9%,+3.25%,0.5163,2,✓ Yes,completed
3,448,392,01-15,+35.6%,+2.92%,0.5146,2,✓ Yes,completed
3,448,400,01-15,+34.0%,+2.88%,0.5144,2,✓ Yes,completed
3,448,408,01-15,+30.4%,+2.84%,0.5142,4,✓ Yes,completed
3,448,416,01-15,+29.1%,+2.84%,0.5142,6,✓ Yes,completed
3,448,424,01-15,+26.7%,+2.75%,0.5138,9,✓ Yes,completed
3,448,432,01-15,+24.5%,+2.65%,0.5132,10,✓ Yes,completed
3,448,440,01-15,+20.5%,+2.28%,0.5114,18,✓ Yes,completed
3,448,448,01-15,+17.0%,+1.95%,0.5097,24,✓ Yes,completed
3,456,384,01-15,+41.2%,+3.03%,0.5152,1,✓ Yes,completed
3,456,392,01-15,+32.0%,+2.84%,0.5142,1,✓ Yes,completed
3,456,400,01-15,+32.0%,+2.85%,0.5142,1,✓ Yes,completed
3,456,408,01-15,+25.8%,+2.62%,0.5131,3,✓ Yes,completed
3,456,416,01-15,+23.9%,+2.52%,0.5126,3,✓ Yes,completed
3,456,424,01-15,+20.7%,+2.25%,0.5112,4,✓ Yes,completed
3,456,432,01-15,+19.8%,+2.19%,0.5109,5,✓ Yes,completed
3,456,440,01-15,+17.0%,+1.95%,0.5097,10,✓ Yes,completed
3,456,448,01-15,+14.1%,+1.70%,0.5085,14,✓ Yes,completed
3,456,456,01-15,+11.5%,+1.33%,0.5067,19,✓ Yes,completed
3,384,384,01-16,+50.0%,+93.87%,0.9694,7,✗ No,budget_exceeded
3,384,384,01-16,+50.0%,+93.87%,0.9694,7,✗ No,budget_exceeded
3,392,384,01-16,+50.0%,+93.56%,0.9678,6,✗ No,budget_exceeded
3,392,392,01-16,+50.0%,+92.17%,0.9608,13,✗ No,budget_exceeded
3,400,384,01-16,+50.0%,+93.30%,0.9665,6,✗ No,budget_exceeded
3,400,400,01-16,+50.0%,+86.28%,0.9314,22,✗ No,budget_exceeded
3,408,384,01-16,+50.0%,+93.11%,0.9655,6,✗ No,budget_exceeded
3,408,396,01-16,+50.0%,+89.54%,0.9477,13,✗ No,budget_exceeded
3,408,408,01-16,+50.0%,+79.93%,0.8997,32,✗ No,budget_exceeded
3,416,384,01-16,+50.0%,+91.31%,0.9566,6,✗ No,budget_exceeded
3,416,395,01-16,+50.0%,+82.37%,0.9118,15,✗ No,budget_exceeded
3,416,406,01-16,+50.0%,+73.50%,0.8675,21,✗ No,budget_exceeded
3,416,416,01-16,+47.6%,+3.49%,0.5175,45,✓ Yes,completed
3,424,384,01-16,+50.0%,+82.86%,0.9143,7,✗ No,budget_exceeded
3,424,392,01-16,+50.0%,+73.80%,0.8690,14,✗ No,budget_exceeded
3,424,400,01-16,+50.0%,+70.88%,0.8544,18,✗ No,budget_exceeded
3,424,408,01-16,+48.1%,+3.48%,0.5174,25,✓ Yes,completed
3,424,416,01-16,+43.2%,+3.47%,0.5173,29,✓ Yes,completed
3,424,424,01-16,+36.2%,+3.13%,0.5157,44,✓ Yes,completed
3,432,384,01-16,+49.9%,+3.27%,0.5163,5,✓ Yes,completed
3,432,392,01-16,+45.0%,+3.28%,0.5164,10,✓ Yes,completed
3,432,400,01-16,+41.6%,+3.33%,0.5166,11,✓ Yes,completed
3,432,408,01-16,+40.2%,+3.31%,0.5165,13,✓ Yes,completed
3,432,416,01-16,+37.2%,+3.20%,0.5160,16,✓ Yes,completed
3,432,424,01-16,+31.3%,+2.92%,0.5146,22,✓ Yes,completed
3,432,432,01-16,+27.9%,+2.83%,0.5142,27,✓ Yes,completed
3,440,384,01-16,+43.1%,+3.19%,0.5160,2,✓ Yes,completed
3,440,392,01-16,+36.0%,+2.99%,0.5150,3,✓ Yes,completed
3,440,400,01-16,+32.8%,+2.85%,0.5143,3,✓ Yes,completed
3,440,408,01-16,+31.8%,+2.84%,0.5142,5,✓ Yes,completed
3,440,416,01-16,+30.1%,+2.88%,0.5144,8,✓ Yes,completed
3,440,424,01-16,+27.3%,+2.84%,0.5142,11,✓ Yes,completed
3,440,432,01-16,+25.5%,+2.78%,0.5139,13,✓ Yes,completed
3,440,440,01-16,+21.9%,+2.50%,0.5125,25,✓ Yes,completed
3,448,384,01-16,+43.0%,+3.19%,0.5159,2,✓ Yes,completed
3,448,392,01-16,+33.7%,+2.85%,0.5142,2,✓ Yes,completed
3,448,400,01-16,+32.1%,+2.82%,0.5141,2,✓ Yes,completed
3,448,408,01-16,+28.6%,+2.78%,0.5139,4,✓ Yes,completed
3,448,416,01-16,+27.3%,+2.78%,0.5139,6,✓ Yes,completed
3,448,424,01-16,+25.3%,+2.73%,0.5137,8,✓ Yes,completed
3,448,432,01-16,+23.2%,+2.62%,0.5131,9,✓ Yes,completed
3,448,440,01-16,+19.3%,+2.25%,0.5112,17,✓ Yes,completed
3,448,448,01-16,+16.0%,+1.93%,0.5097,23,✓ Yes,completed
3,456,384,01-16,+39.4%,+2.97%,0.5148,1,✓ Yes,completed
3,456,392,01-16,+30.2%,+2.78%,0.5139,1,✓ Yes,completed
3,456,400,01-16,+30.1%,+2.78%,0.5139,1,✓ Yes,completed
3,456,408,01-16,+24.0%,+2.55%,0.5128,3,✓ Yes,completed
3,456,416,01-16,+22.1%,+2.46%,0.5123,3,✓ Yes,completed
3,456,424,01-16,+19.9%,+2.32%,0.5116,3,✓ Yes,completed
3,456,432,01-16,+19.2%,+2.22%,0.5111,4,✓ Yes,completed
3,456,440,01-16,+16.5%,+1.99%,0.5099,9,✓ Yes,completed
3,456,448,01-16,+13.6%,+1.74%,0.5087,13,✓ Yes,completed
3,456,456,01-16,+11.1%,+1.43%,0.5071,18,✓ Yes,completed
3,384,384,01-17,+50.0%,+93.86%,0.9693,7,✗ No,budget_exceeded
3,384,384,01-17,+50.0%,+93.86%,0.9693,7,✗ No,budget_exceeded
3,392,384,01-17,+50.0%,+93.55%,0.9677,6,✗ No,budget_exceeded
3,392,392,01-17,+50.0%,+91.59%,0.9580,14,✗ No,budget_exceeded
3,400,384,01-17,+50.0%,+93.29%,0.9664,6,✗ No,budget_exceeded
3,400,400,01-17,+50.0%,+85.16%,0.9258,24,✗ No,budget_exceeded
3,408,384,01-17,+50.0%,+93.10%,0.9655,6,✗ No,budget_exceeded
3,408,396,01-17,+50.0%,+86.61%,0.9330,15,✗ No,budget_exceeded
3,408,408,01-17,+50.0%,+75.66%,0.8783,38,✗ No,budget_exceeded
3,416,384,01-17,+50.0%,+85.94%,0.9297,8,✗ No,budget_exceeded
3,416,395,01-17,+50.0%,+81.37%,0.9069,17,✗ No,budget_exceeded
3,416,406,01-17,+50.0%,+72.38%,0.8619,23,✗ No,budget_exceeded
3,416,416,01-17,+45.8%,+3.32%,0.5166,45,✓ Yes,completed
3,424,384,01-17,+50.0%,+82.81%,0.9141,7,✗ No,budget_exceeded
3,424,392,01-17,+50.0%,+73.38%,0.8669,15,✗ No,budget_exceeded
3,424,400,01-17,+50.0%,+51.89%,0.7595,21,✗ No,budget_exceeded
3,424,408,01-17,+46.3%,+3.31%,0.5165,25,✓ Yes,completed
3,424,416,01-17,+41.3%,+3.29%,0.5164,29,✓ Yes,completed
3,424,424,01-17,+34.3%,+2.95%,0.5148,44,✓ Yes,completed
3,432,384,01-17,+48.1%,+3.09%,0.5154,5,✓ Yes,completed
3,432,392,01-17,+43.2%,+3.11%,0.5155,10,✓ Yes,completed
3,432,400,01-17,+39.7%,+3.15%,0.5157,11,✓ Yes,completed
3,432,408,01-17,+38.3%,+3.13%,0.5156,13,✓ Yes,completed
3,432,416,01-17,+35.4%,+3.02%,0.5151,16,✓ Yes,completed
3,432,424,01-17,+29.4%,+2.74%,0.5137,22,✓ Yes,completed
3,432,432,01-17,+26.0%,+2.65%,0.5133,27,✓ Yes,completed
3,440,384,01-17,+41.3%,+3.01%,0.5151,2,✓ Yes,completed
3,440,392,01-17,+34.1%,+2.81%,0.5141,3,✓ Yes,completed
3,440,400,01-17,+30.9%,+2.67%,0.5134,3,✓ Yes,completed
3,440,408,01-17,+30.0%,+2.66%,0.5133,5,✓ Yes,completed
3,440,416,01-17,+28.2%,+2.70%,0.5135,8,✓ Yes,completed
3,440,424,01-17,+25.5%,+2.66%,0.5133,11,✓ Yes,completed
3,440,432,01-17,+23.6%,+2.60%,0.5130,13,✓ Yes,completed
3,440,440,01-17,+20.4%,+2.34%,0.5117,24,✓ Yes,completed
3,448,384,01-17,+41.2%,+3.01%,0.5150,2,✓ Yes,completed
3,448,392,01-17,+31.9%,+2.67%,0.5133,2,✓ Yes,completed
3,448,400,01-17,+30.3%,+2.64%,0.5132,2,✓ Yes,completed
3,448,408,01-17,+26.8%,+2.60%,0.5130,4,✓ Yes,completed
3,448,416,01-17,+25.4%,+2.60%,0.5130,6,✓ Yes,completed
3,448,424,01-17,+23.4%,+2.55%,0.5127,8,✓ Yes,completed
3,448,432,01-17,+21.4%,+2.44%,0.5122,9,✓ Yes,completed
3,448,440,01-17,+17.9%,+2.13%,0.5107,16,✓ Yes,completed
3,448,448,01-17,+14.7%,+1.79%,0.5090,22,✓ Yes,completed
3,456,384,01-17,+38.2%,+2.89%,0.5144,1,✓ Yes,completed
3,456,392,01-17,+29.0%,+2.65%,0.5132,1,✓ Yes,completed
3,456,400,01-17,+28.9%,+2.65%,0.5133,1,✓ Yes,completed
3,456,408,01-17,+22.7%,+2.41%,0.5120,3,✓ Yes,completed
3,456,416,01-17,+20.9%,+2.35%,0.5117,3,✓ Yes,completed
3,456,424,01-17,+18.7%,+2.18%,0.5109,3,✓ Yes,completed
3,456,432,01-17,+18.0%,+2.15%,0.5107,4,✓ Yes,completed
3,456,440,01-17,+15.7%,+1.88%,0.5094,8,✓ Yes,completed
3,456,448,01-17,+13.0%,+1.67%,0.5084,12,✓ Yes,completed
3,456,456,01-17,+10.6%,+1.43%,0.5072,17,✓ Yes,completed
4,400,400,01-13,+50.0%,+90.12%,0.9506,15,✗ No,budget_exceeded
4,400,400,01-13,+50.0%,+90.12%,0.9506,15,✗ No,budget_exceeded
4,404,400,01-13,+50.0%,+89.82%,0.9491,13,✗ No,budget_exceeded
4,404,404,01-13,+50.0%,+89.27%,0.9464,17,✗ No,budget_exceeded
4,407,400,01-13,+50.0%,+89.50%,0.9475,13,✗ No,budget_exceeded
4,407,407,01-13,+50.0%,+87.76%,0.9388,18,✗ No,budget_exceeded
4,411,400,01-13,+50.0%,+89.12%,0.9456,13,✗ No,budget_exceeded
4,411,405,01-13,+50.0%,+87.45%,0.9372,14,✗ No,budget_exceeded
4,411,411,01-13,+50.0%,+79.06%,0.8953,38,✗ No,budget_exceeded
4,414,400,01-13,+50.0%,+87.82%,0.9391,12,✗ No,budget_exceeded
4,414,405,01-13,+50.0%,+86.07%,0.9303,14,✗ No,budget_exceeded
4,414,410,01-13,+50.0%,+78.73%,0.8937,21,✗ No,budget_exceeded
4,414,414,01-13,+50.0%,+69.17%,0.8459,41,✗ No,budget_exceeded
4,418,400,01-13,+50.0%,+87.49%,0.9375,11,✗ No,budget_exceeded
4,418,404,01-13,+50.0%,+86.19%,0.9310,13,✗ No,budget_exceeded
4,418,407,01-13,+50.0%,+79.27%,0.8963,15,✗ No,budget_exceeded
4,418,411,01-13,+50.0%,+75.78%,0.8789,22,✗ No,budget_exceeded
4,418,414,01-13,+50.0%,+67.00%,0.8350,31,✗ No,budget_exceeded
4,418,418,01-13,+50.0%,+46.77%,0.7338,42,✗ No,budget_exceeded
4,422,400,01-13,+50.0%,+79.49%,0.8974,13,✗ No,budget_exceeded
4,422,404,01-13,+50.0%,+78.87%,0.8943,13,✗ No,budget_exceeded
4,422,407,01-13,+50.0%,+77.27%,0.8863,15,✗ No,budget_exceeded
4,422,411,01-13,+50.0%,+68.74%,0.8437,23,✗ No,budget_exceeded
4,422,414,01-13,+50.0%,+46.79%,0.7340,32,✗ No,budget_exceeded
4,422,418,01-13,+48.6%,+3.54%,0.5177,35,✓ Yes,completed
4,422,422,01-13,+45.2%,+3.33%,0.5167,55,✓ Yes,completed
4,425,400,01-13,+50.0%,+75.66%,0.8783,13,✗ No,budget_exceeded
4,425,404,01-13,+50.0%,+75.27%,0.8763,13,✗ No,budget_exceeded
4,425,407,01-13,+50.0%,+69.01%,0.8451,16,✗ No,budget_exceeded
4,425,411,01-13,+50.0%,+66.50%,0.8325,20,✗ No,budget_exceeded
4,425,414,01-13,+48.3%,+3.54%,0.5177,26,✓ Yes,completed
4,425,418,01-13,+46.5%,+3.47%,0.5173,27,✓ Yes,completed
4,425,422,01-13,+42.8%,+3.29%,0.5165,36,✓ Yes,completed
4,425,425,01-13,+39.9%,+3.11%,0.5156,40,✓ Yes,completed
4,429,400,01-13,+50.0%,+66.20%,0.8310,14,✗ No,budget_exceeded
4,429,404,01-13,+49.9%,+3.52%,0.5176,15,✓ Yes,completed
4,429,407,01-13,+49.2%,+3.54%,0.5177,16,✓ Yes,completed
4,429,411,01-13,+47.5%,+3.51%,0.5175,18,✓ Yes,completed
4,429,414,01-13,+45.5%,+3.42%,0.5171,21,✓ Yes,completed
4,429,418,01-13,+44.0%,+3.35%,0.5168,22,✓ Yes,completed
4,429,422,01-13,+40.5%,+3.16%,0.5158,30,✓ Yes,completed
4,429,425,01-13,+37.9%,+2.98%,0.5149,33,✓ Yes,completed
4,429,429,01-13,+35.7%,+2.96%,0.5148,39,✓ Yes,completed
4,432,400,01-13,+47.1%,+3.41%,0.5171,11,✓ Yes,completed
4,432,404,01-13,+46.6%,+3.40%,0.5170,11,✓ Yes,completed
4,432,407,01-13,+46.0%,+3.39%,0.5170,12,✓ Yes,completed
4,432,411,01-13,+44.9%,+3.34%,0.5167,14,✓ Yes,completed
4,432,414,01-13,+42.9%,+3.29%,0.5165,16,✓ Yes,completed
4,432,418,01-13,+41.6%,+3.24%,0.5162,17,✓ Yes,completed
4,432,422,01-13,+38.4%,+3.02%,0.5151,23,✓ Yes,completed
4,432,425,01-13,+35.6%,+3.00%,0.5150,25,✓ Yes,completed
4,432,429,01-13,+33.8%,+2.94%,0.5147,27,✓ Yes,completed
4,432,432,01-13,+32.0%,+2.84%,0.5142,31,✓ Yes,completed
4,400,400,01-14,+50.0%,+90.11%,0.9506,15,✗ No,budget_exceeded
4,400,400,01-14,+50.0%,+90.11%,0.9506,15,✗ No,budget_exceeded
4,404,400,01-14,+50.0%,+89.81%,0.9490,13,✗ No,budget_exceeded
4,404,404,01-14,+50.0%,+89.26%,0.9463,17,✗ No,budget_exceeded
4,407,400,01-14,+50.0%,+89.49%,0.9474,13,✗ No,budget_exceeded
4,407,407,01-14,+50.0%,+85.91%,0.9295,21,✗ No,budget_exceeded
4,411,400,01-14,+50.0%,+89.10%,0.9455,13,✗ No,budget_exceeded
4,411,405,01-14,+50.0%,+81.61%,0.9081,18,✗ No,budget_exceeded
4,411,411,01-14,+50.0%,+77.91%,0.8896,40,✗ No,budget_exceeded
4,414,400,01-14,+50.0%,+82.47%,0.9123,14,✗ No,budget_exceeded
4,414,405,01-14,+50.0%,+79.78%,0.8989,17,✗ No,budget_exceeded
4,414,410,01-14,+50.0%,+77.52%,0.8876,23,✗ No,budget_exceeded
4,414,414,01-14,+50.0%,+68.53%,0.8427,42,✗ No,budget_exceeded
4,418,400,01-14,+50.0%,+81.26%,0.9063,13,✗ No,budget_exceeded
4,418,404,01-14,+50.0%,+79.68%,0.8984,15,✗ No,budget_exceeded
4,418,407,01-14,+50.0%,+78.08%,0.8904,17,✗ No,budget_exceeded
4,418,411,01-14,+50.0%,+70.36%,0.8518,25,✗ No,budget_exceeded
4,418,414,01-14,+50.0%,+48.57%,0.7429,36,✗ No,budget_exceeded
4,418,418,01-14,+48.8%,+3.51%,0.5176,46,✓ Yes,completed
4,422,400,01-14,+50.0%,+78.89%,0.8944,14,✗ No,budget_exceeded
4,422,404,01-14,+50.0%,+77.66%,0.8883,15,✗ No,budget_exceeded
4,422,407,01-14,+50.0%,+75.39%,0.8769,18,✗ No,budget_exceeded
4,422,411,01-14,+50.0%,+67.40%,0.8370,25,✗ No,budget_exceeded
4,422,414,01-14,+48.7%,+3.54%,0.5177,33,✓ Yes,completed
4,422,418,01-14,+46.8%,+3.53%,0.5177,35,✓ Yes,completed
4,422,422,01-14,+43.3%,+3.32%,0.5166,55,✓ Yes,completed
4,425,400,01-14,+50.0%,+70.93%,0.8547,15,✗ No,budget_exceeded
4,425,404,01-14,+50.0%,+70.46%,0.8523,15,✗ No,budget_exceeded
4,425,407,01-14,+50.0%,+68.37%,0.8418,17,✗ No,budget_exceeded
4,425,411,01-14,+49.3%,+3.54%,0.5177,23,✓ Yes,completed
4,425,414,01-14,+46.5%,+3.53%,0.5176,26,✓ Yes,completed
4,425,418,01-14,+44.6%,+3.45%,0.5173,27,✓ Yes,completed
4,425,422,01-14,+41.0%,+3.28%,0.5164,36,✓ Yes,completed
4,425,425,01-14,+38.3%,+3.12%,0.5156,39,✓ Yes,completed
4,429,400,01-14,+48.7%,+3.47%,0.5173,15,✓ Yes,completed
4,429,404,01-14,+48.1%,+3.50%,0.5175,15,✓ Yes,completed
4,429,407,01-14,+47.4%,+3.53%,0.5177,16,✓ Yes,completed
4,429,411,01-14,+45.7%,+3.50%,0.5175,18,✓ Yes,completed
4,429,414,01-14,+43.6%,+3.41%,0.5170,21,✓ Yes,completed
4,429,418,01-14,+42.2%,+3.34%,0.5167,22,✓ Yes,completed
4,429,422,01-14,+38.7%,+3.15%,0.5157,30,✓ Yes,completed
4,429,425,01-14,+36.2%,+2.98%,0.5149,32,✓ Yes,completed
4,429,429,01-14,+34.1%,+2.96%,0.5148,37,✓ Yes,completed
4,432,400,01-14,+45.3%,+3.40%,0.5170,11,✓ Yes,completed
4,432,404,01-14,+44.8%,+3.39%,0.5170,11,✓ Yes,completed
4,432,407,01-14,+44.2%,+3.38%,0.5169,12,✓ Yes,completed
4,432,411,01-14,+43.1%,+3.33%,0.5167,14,✓ Yes,completed
4,432,414,01-14,+41.1%,+3.28%,0.5164,16,✓ Yes,completed
4,432,418,01-14,+39.8%,+3.23%,0.5161,17,✓ Yes,completed
4,432,422,01-14,+36.5%,+3.00%,0.5150,23,✓ Yes,completed
4,432,425,01-14,+34.0%,+2.98%,0.5149,24,✓ Yes,completed
4,432,429,01-14,+32.3%,+2.95%,0.5148,26,✓ Yes,completed
4,432,432,01-14,+30.6%,+2.86%,0.5143,30,✓ Yes,completed
4,400,400,01-15,+50.0%,+89.88%,0.9494,16,✗ No,budget_exceeded
4,400,400,01-15,+50.0%,+89.88%,0.9494,16,✗ No,budget_exceeded
4,404,400,01-15,+50.0%,+89.58%,0.9479,14,✗ No,budget_exceeded
4,404,404,01-15,+50.0%,+85.25%,0.9263,23,✗ No,budget_exceeded
4,407,400,01-15,+50.0%,+88.46%,0.9423,15,✗ No,budget_exceeded
4,407,407,01-15,+50.0%,+81.63%,0.9081,25,✗ No,budget_exceeded
4,411,400,01-15,+50.0%,+83.39%,0.9170,17,✗ No,budget_exceeded
4,411,405,01-15,+50.0%,+81.08%,0.9054,19,✗ No,budget_exceeded
4,411,411,01-15,+50.0%,+72.75%,0.8637,46,✗ No,budget_exceeded
4,414,400,01-15,+50.0%,+81.30%,0.9065,16,✗ No,budget_exceeded
4,414,405,01-15,+50.0%,+79.24%,0.8962,18,✗ No,budget_exceeded
4,414,410,01-15,+50.0%,+72.25%,0.8613,26,✗ No,budget_exceeded
4,414,414,01-15,+50.0%,+51.90%,0.7595,49,✗ No,budget_exceeded
4,418,400,01-15,+50.0%,+80.67%,0.9033,14,✗ No,budget_exceeded
4,418,404,01-15,+50.0%,+79.07%,0.8953,16,✗ No,budget_exceeded
4,418,407,01-15,+50.0%,+72.66%,0.8633,20,✗ No,budget_exceeded
4,418,411,01-15,+50.0%,+69.13%,0.8456,27,✗ No,budget_exceeded
4,418,414,01-15,+49.0%,+3.55%,0.5178,39,✓ Yes,completed
4,418,418,01-15,+47.0%,+3.50%,0.5175,46,✓ Yes,completed
4,422,400,01-15,+50.0%,+77.76%,0.8888,16,✗ No,budget_exceeded
4,422,404,01-15,+50.0%,+76.98%,0.8849,16,✗ No,budget_exceeded
4,422,407,01-15,+50.0%,+70.55%,0.8528,20,✗ No,budget_exceeded
4,422,411,01-15,+49.9%,+3.57%,0.5178,30,✓ Yes,completed
4,422,414,01-15,+46.8%,+3.53%,0.5176,33,✓ Yes,completed
4,422,418,01-15,+44.9%,+3.52%,0.5176,35,✓ Yes,completed
4,422,422,01-15,+41.7%,+3.34%,0.5167,51,✓ Yes,completed
4,425,400,01-15,+50.0%,+70.37%,0.8518,16,✗ No,budget_exceeded
4,425,404,01-15,+50.0%,+69.85%,0.8492,16,✗ No,budget_exceeded
4,425,407,01-15,+49.7%,+3.55%,0.5177,20,✓ Yes,completed
4,425,411,01-15,+47.4%,+3.53%,0.5176,23,✓ Yes,completed
4,425,414,01-15,+44.6%,+3.52%,0.5176,26,✓ Yes,completed
4,425,418,01-15,+42.8%,+3.45%,0.5172,27,✓ Yes,completed
4,425,422,01-15,+39.4%,+3.28%,0.5164,35,✓ Yes,completed
4,425,425,01-15,+36.7%,+3.13%,0.5156,38,✓ Yes,completed
4,429,400,01-15,+46.9%,+3.46%,0.5173,15,✓ Yes,completed
4,429,404,01-15,+46.2%,+3.50%,0.5175,15,✓ Yes,completed
4,429,407,01-15,+45.6%,+3.52%,0.5176,16,✓ Yes,completed
4,429,411,01-15,+43.8%,+3.49%,0.5174,18,✓ Yes,completed
4,429,414,01-15,+41.8%,+3.40%,0.5170,21,✓ Yes,completed
4,429,418,01-15,+40.3%,+3.33%,0.5167,22,✓ Yes,completed
4,429,422,01-15,+37.1%,+3.15%,0.5158,29,✓ Yes,completed
4,429,425,01-15,+34.6%,+2.99%,0.5150,31,✓ Yes,completed
4,429,429,01-15,+32.6%,+2.96%,0.5148,36,✓ Yes,completed
4,432,400,01-15,+43.4%,+3.39%,0.5170,11,✓ Yes,completed
4,432,404,01-15,+42.9%,+3.38%,0.5169,11,✓ Yes,completed
4,432,407,01-15,+42.3%,+3.37%,0.5169,12,✓ Yes,completed
4,432,411,01-15,+41.3%,+3.32%,0.5166,14,✓ Yes,completed
4,432,414,01-15,+39.2%,+3.27%,0.5163,16,✓ Yes,completed
4,432,418,01-15,+37.9%,+3.22%,0.5161,17,✓ Yes,completed
4,432,422,01-15,+35.0%,+3.00%,0.5150,22,✓ Yes,completed
4,432,425,01-15,+32.5%,+2.99%,0.5149,23,✓ Yes,completed
4,432,429,01-15,+30.9%,+2.97%,0.5149,25,✓ Yes,completed
4,432,432,01-15,+29.2%,+2.89%,0.5145,29,✓ Yes,completed
4,400,400,01-16,+50.0%,+86.74%,0.9337,22,✗ No,budget_exceeded
4,400,400,01-16,+50.0%,+86.74%,0.9337,22,✗ No,budget_exceeded
4,404,400,01-16,+50.0%,+85.04%,0.9252,20,✗ No,budget_exceeded
4,404,404,01-16,+50.0%,+84.13%,0.9207,25,✗ No,budget_exceeded
4,407,400,01-16,+50.0%,+84.37%,0.9219,19,✗ No,budget_exceeded
4,407,407,01-16,+50.0%,+81.08%,0.9054,26,✗ No,budget_exceeded
4,411,400,01-16,+50.0%,+82.86%,0.9143,18,✗ No,budget_exceeded
4,411,405,01-16,+50.0%,+79.95%,0.8998,21,✗ No,budget_exceeded
4,411,411,01-16,+50.0%,+72.14%,0.8607,48,✗ No,budget_exceeded
4,414,400,01-16,+50.0%,+80.82%,0.9041,17,✗ No,budget_exceeded
4,414,405,01-16,+50.0%,+74.11%,0.8705,21,✗ No,budget_exceeded
4,414,410,01-16,+50.0%,+71.68%,0.8584,27,✗ No,budget_exceeded
4,414,414,01-16,+49.4%,+3.51%,0.5175,55,✓ Yes,completed
4,418,400,01-16,+50.0%,+79.54%,0.8977,16,✗ No,budget_exceeded
4,418,404,01-16,+50.0%,+74.24%,0.8712,18,✗ No,budget_exceeded
4,418,407,01-16,+50.0%,+72.04%,0.8602,21,✗ No,budget_exceeded
4,418,411,01-16,+50.0%,+50.09%,0.7505,33,✗ No,budget_exceeded
4,418,414,01-16,+47.2%,+3.49%,0.5174,39,✓ Yes,completed
4,418,418,01-16,+45.1%,+3.44%,0.5172,46,✓ Yes,completed
4,422,400,01-16,+50.0%,+73.58%,0.8679,17,✗ No,budget_exceeded
4,422,404,01-16,+50.0%,+72.23%,0.8612,18,✗ No,budget_exceeded
4,422,407,01-16,+50.0%,+53.73%,0.7686,24,✗ No,budget_exceeded
4,422,411,01-16,+48.0%,+3.50%,0.5175,30,✓ Yes,completed
4,422,414,01-16,+45.0%,+3.46%,0.5173,33,✓ Yes,completed
4,422,418,01-16,+43.1%,+3.46%,0.5173,35,✓ Yes,completed
4,422,422,01-16,+39.9%,+3.29%,0.5165,48,✓ Yes,completed
4,425,400,01-16,+50.0%,+49.97%,0.7499,19,✗ No,budget_exceeded
4,425,404,01-16,+50.0%,+3.49%,0.5175,19,✓ Yes,completed
4,425,407,01-16,+47.8%,+3.48%,0.5174,20,✓ Yes,completed
4,425,411,01-16,+45.6%,+3.46%,0.5173,23,✓ Yes,completed
4,425,414,01-16,+42.8%,+3.46%,0.5173,26,✓ Yes,completed
4,425,418,01-16,+41.0%,+3.38%,0.5169,27,✓ Yes,completed
4,425,422,01-16,+37.6%,+3.22%,0.5161,34,✓ Yes,completed
4,425,425,01-16,+35.1%,+3.07%,0.5154,37,✓ Yes,completed
4,429,400,01-16,+45.0%,+3.39%,0.5170,15,✓ Yes,completed
4,429,404,01-16,+44.4%,+3.43%,0.5172,15,✓ Yes,completed
4,429,407,01-16,+43.7%,+3.46%,0.5173,16,✓ Yes,completed
4,429,411,01-16,+42.0%,+3.42%,0.5171,18,✓ Yes,completed
4,429,414,01-16,+40.0%,+3.33%,0.5167,21,✓ Yes,completed
4,429,418,01-16,+38.5%,+3.27%,0.5163,22,✓ Yes,completed
4,429,422,01-16,+35.4%,+3.10%,0.5155,28,✓ Yes,completed
4,429,425,01-16,+33.1%,+2.93%,0.5147,30,✓ Yes,completed
4,429,429,01-16,+31.1%,+2.89%,0.5145,35,✓ Yes,completed
4,432,400,01-16,+41.6%,+3.33%,0.5166,11,✓ Yes,completed
4,432,404,01-16,+41.1%,+3.32%,0.5166,11,✓ Yes,completed
4,432,407,01-16,+40.5%,+3.31%,0.5165,12,✓ Yes,completed
4,432,411,01-16,+39.4%,+3.26%,0.5163,14,✓ Yes,completed
4,432,414,01-16,+37.4%,+3.21%,0.5160,16,✓ Yes,completed
4,432,418,01-16,+36.1%,+3.16%,0.5158,17,✓ Yes,completed
4,432,422,01-16,+33.3%,+2.95%,0.5147,21,✓ Yes,completed
4,432,425,01-16,+31.0%,+2.93%,0.5146,22,✓ Yes,completed
4,432,429,01-16,+29.4%,+2.90%,0.5145,24,✓ Yes,completed
4,432,432,01-16,+27.8%,+2.83%,0.5141,28,✓ Yes,completed
4,400,400,01-17,+50.0%,+85.20%,0.9260,26,✗ No,budget_exceeded
4,400,400,01-17,+50.0%,+85.20%,0.9260,26,✗ No,budget_exceeded
4,404,400,01-17,+50.0%,+84.50%,0.9225,21,✗ No,budget_exceeded
4,404,404,01-17,+50.0%,+83.06%,0.9153,27,✗ No,budget_exceeded
4,407,400,01-17,+50.0%,+83.39%,0.9170,21,✗ No,budget_exceeded
4,407,407,01-17,+50.0%,+76.40%,0.8820,33,✗ No,budget_exceeded
4,411,400,01-17,+50.0%,+82.37%,0.9119,19,✗ No,budget_exceeded
4,411,405,01-17,+50.0%,+75.51%,0.8776,24,✗ No,budget_exceeded
4,411,411,01-17,+50.0%,+65.48%,0.8274,53,✗ No,budget_exceeded
4,414,400,01-17,+50.0%,+76.19%,0.8809,19,✗ No,budget_exceeded
4,414,405,01-17,+50.0%,+73.50%,0.8675,22,✗ No,budget_exceeded
4,414,410,01-17,+50.0%,+53.76%,0.7688,36,✗ No,budget_exceeded
4,414,414,01-17,+47.6%,+3.33%,0.5167,55,✓ Yes,completed
4,418,400,01-17,+50.0%,+75.33%,0.8766,17,✗ No,budget_exceeded
4,418,404,01-17,+50.0%,+73.62%,0.8681,19,✗ No,budget_exceeded
4,418,407,01-17,+50.0%,+55.25%,0.7762,25,✗ No,budget_exceeded
4,418,411,01-17,+48.4%,+3.36%,0.5168,34,✓ Yes,completed
4,418,414,01-17,+45.3%,+3.31%,0.5165,39,✓ Yes,completed
4,418,418,01-17,+43.3%,+3.26%,0.5163,46,✓ Yes,completed
4,422,400,01-17,+50.0%,+72.44%,0.8622,19,✗ No,budget_exceeded
4,422,404,01-17,+50.0%,+55.41%,0.7770,22,✗ No,budget_exceeded
4,422,407,01-17,+49.8%,+3.37%,0.5169,26,✓ Yes,completed
4,422,411,01-17,+46.2%,+3.32%,0.5166,30,✓ Yes,completed
4,422,414,01-17,+43.1%,+3.29%,0.5164,33,✓ Yes,completed
4,422,418,01-17,+41.2%,+3.28%,0.5164,35,✓ Yes,completed
4,422,422,01-17,+38.1%,+3.11%,0.5156,48,✓ Yes,completed
4,425,400,01-17,+48.8%,+3.30%,0.5165,19,✓ Yes,completed
4,425,404,01-17,+48.1%,+3.31%,0.5166,19,✓ Yes,completed
4,425,407,01-17,+46.0%,+3.30%,0.5165,20,✓ Yes,completed
4,425,411,01-17,+43.8%,+3.29%,0.5164,23,✓ Yes,completed
4,425,414,01-17,+40.9%,+3.28%,0.5164,26,✓ Yes,completed
4,425,418,01-17,+39.1%,+3.20%,0.5160,27,✓ Yes,completed
4,425,422,01-17,+35.7%,+3.04%,0.5152,34,✓ Yes,completed
4,425,425,01-17,+33.3%,+2.89%,0.5145,37,✓ Yes,completed
4,429,400,01-17,+43.2%,+3.21%,0.5161,15,✓ Yes,completed
4,429,404,01-17,+42.5%,+3.25%,0.5163,15,✓ Yes,completed
4,429,407,01-17,+41.9%,+3.28%,0.5164,16,✓ Yes,completed
4,429,411,01-17,+40.1%,+3.25%,0.5162,18,✓ Yes,completed
4,429,414,01-17,+38.1%,+3.15%,0.5158,21,✓ Yes,completed
4,429,418,01-17,+36.6%,+3.09%,0.5154,22,✓ Yes,completed
4,429,422,01-17,+33.5%,+2.92%,0.5146,28,✓ Yes,completed
4,429,425,01-17,+31.2%,+2.75%,0.5138,30,✓ Yes,completed
4,429,429,01-17,+29.3%,+2.71%,0.5136,35,✓ Yes,completed
4,432,400,01-17,+39.7%,+3.15%,0.5157,11,✓ Yes,completed
4,432,404,01-17,+39.2%,+3.14%,0.5157,11,✓ Yes,completed
4,432,407,01-17,+38.6%,+3.13%,0.5156,12,✓ Yes,completed
4,432,411,01-17,+37.6%,+3.08%,0.5154,14,✓ Yes,completed
4,432,414,01-17,+35.5%,+3.03%,0.5151,16,✓ Yes,completed
4,432,418,01-17,+34.2%,+2.98%,0.5149,17,✓ Yes,completed
4,432,422,01-17,+31.4%,+2.77%,0.5138,21,✓ Yes,completed
4,432,425,01-17,+29.1%,+2.75%,0.5137,22,✓ Yes,completed
4,432,429,01-17,+27.6%,+2.72%,0.5136,24,✓ Yes,completed
4,432,432,01-17,+25.9%,+2.65%,0.5132,28,✓ Yes,completed
5,414,404,01-14,+50.0%,+80.89%,0.9045,16,✗ No,budget_exceeded
5,414,405,01-14,+50.0%,+79.59%,0.8979,17,✗ No,budget_exceeded
5,414,407,01-14,+50.0%,+79.21%,0.8961,18,✗ No,budget_exceeded
5,414,409,01-14,+50.0%,+78.04%,0.8902,22,✗ No,budget_exceeded
5,414,411,01-14,+50.0%,+76.17%,0.8808,25,✗ No,budget_exceeded
5,414,413,01-14,+50.0%,+70.25%,0.8512,29,✗ No,budget_exceeded
5,414,414,01-14,+50.0%,+68.53%,0.8427,42,✗ No,budget_exceeded
5,416,404,01-14,+50.0%,+80.78%,0.9039,16,✗ No,budget_exceeded
5,416,405,01-14,+50.0%,+79.57%,0.8979,17,✗ No,budget_exceeded
5,416,407,01-14,+50.0%,+79.14%,0.8957,18,✗ No,budget_exceeded
5,416,408,01-14,+50.0%,+78.16%,0.8908,21,✗ No,budget_exceeded
5,416,410,01-14,+50.0%,+76.28%,0.8814,25,✗ No,budget_exceeded
5,416,411,01-14,+50.0%,+70.56%,0.8528,29,✗ No,budget_exceeded
5,416,413,01-14,+50.0%,+68.93%,0.8447,30,✗ No,budget_exceeded
5,416,414,01-14,+50.0%,+67.43%,0.8371,34,✗ No,budget_exceeded
5,416,416,01-14,+50.0%,+63.87%,0.8194,36,✗ No,budget_exceeded
5,418,404,01-14,+50.0%,+80.51%,0.9026,15,✗ No,budget_exceeded
5,418,405,01-14,+50.0%,+79.31%,0.8965,16,✗ No,budget_exceeded
5,418,407,01-14,+50.0%,+78.87%,0.8944,17,✗ No,budget_exceeded
5,418,408,01-14,+50.0%,+77.73%,0.8886,20,✗ No,budget_exceeded
5,418,410,01-14,+50.0%,+71.05%,0.8552,26,✗ No,budget_exceeded
5,418,411,01-14,+50.0%,+69.28%,0.8464,29,✗ No,budget_exceeded
5,418,413,01-14,+50.0%,+68.25%,0.8412,29,✗ No,budget_exceeded
5,418,414,01-14,+50.0%,+50.29%,0.7514,36,✗ No,budget_exceeded
5,418,416,01-14,+50.0%,+46.83%,0.7342,39,✗ No,budget_exceeded
5,418,418,01-14,+49.3%,+3.52%,0.5176,47,✓ Yes,completed
5,419,404,01-14,+50.0%,+79.26%,0.8963,14,✗ No,budget_exceeded
5,419,405,01-14,+50.0%,+78.79%,0.8939,14,✗ No,budget_exceeded
5,419,407,01-14,+50.0%,+77.76%,0.8888,16,✗ No,budget_exceeded
5,419,408,01-14,+50.0%,+77.06%,0.8853,19,✗ No,budget_exceeded
5,419,410,01-14,+50.0%,+70.58%,0.8529,24,✗ No,budget_exceeded
5,419,411,01-14,+50.0%,+68.70%,0.8435,27,✗ No,budget_exceeded
5,419,413,01-14,+50.0%,+67.16%,0.8358,28,✗ No,budget_exceeded
5,419,415,01-14,+50.0%,+46.74%,0.7337,37,✗ No,budget_exceeded
5,419,416,01-14,+49.7%,+3.53%,0.5177,37,✓ Yes,completed
5,419,418,01-14,+48.5%,+3.54%,0.5177,39,✓ Yes,completed
5,419,419,01-14,+47.4%,+3.51%,0.5175,56,✓ Yes,completed
5,421,404,01-14,+50.0%,+77.71%,0.8886,15,✗ No,budget_exceeded
5,421,405,01-14,+50.0%,+77.24%,0.8862,15,✗ No,budget_exceeded
5,421,407,01-14,+50.0%,+76.15%,0.8807,17,✗ No,budget_exceeded
5,421,408,01-14,+50.0%,+70.64%,0.8532,22,✗ No,budget_exceeded
5,421,410,01-14,+50.0%,+68.72%,0.8436,24,✗ No,budget_exceeded
5,421,411,01-14,+50.0%,+60.33%,0.8016,29,✗ No,budget_exceeded
5,421,413,01-14,+50.0%,+46.73%,0.7337,33,✗ No,budget_exceeded
5,421,415,01-14,+49.0%,+3.54%,0.5177,35,✓ Yes,completed
5,421,416,01-14,+48.6%,+3.54%,0.5177,35,✓ Yes,completed
5,421,418,01-14,+47.4%,+3.56%,0.5178,37,✓ Yes,completed
5,421,419,01-14,+45.6%,+3.50%,0.5175,40,✓ Yes,completed
5,421,421,01-14,+44.5%,+3.39%,0.5169,53,✓ Yes,completed
5,422,404,01-14,+50.0%,+77.55%,0.8877,15,✗ No,budget_exceeded
5,422,405,01-14,+50.0%,+77.07%,0.8854,15,✗ No,budget_exceeded
5,422,407,01-14,+50.0%,+75.30%,0.8765,18,✗ No,budget_exceeded
5,422,408,01-14,+50.0%,+70.40%,0.8520,22,✗ No,budget_exceeded
5,422,410,01-14,+50.0%,+68.48%,0.8424,24,✗ No,budget_exceeded
5,422,411,01-14,+50.0%,+46.84%,0.7342,30,✗ No,budget_exceeded
5,422,413,01-14,+49.2%,+3.55%,0.5177,30,✓ Yes,completed
5,422,415,01-14,+48.3%,+3.55%,0.5178,32,✓ Yes,completed
5,422,416,01-14,+47.9%,+3.56%,0.5178,32,✓ Yes,completed
5,422,418,01-14,+46.7%,+3.53%,0.5177,34,✓ Yes,completed
5,422,419,01-14,+44.9%,+3.44%,0.5172,37,✓ Yes,completed
5,422,421,01-14,+43.8%,+3.41%,0.5170,39,✓ Yes,completed
5,422,422,01-14,+42.1%,+3.26%,0.5163,58,✓ Yes,completed
5,424,404,01-14,+50.0%,+75.38%,0.8769,15,✗ No,budget_exceeded
5,424,405,01-14,+50.0%,+70.27%,0.8513,17,✗ No,budget_exceeded
5,424,407,01-14,+50.0%,+69.07%,0.8454,19,✗ No,budget_exceeded
5,424,408,01-14,+50.0%,+68.37%,0.8419,22,✗ No,budget_exceeded
5,424,410,01-14,+50.0%,+60.35%,0.8018,24,✗ No,budget_exceeded
5,424,411,01-14,+49.0%,+3.53%,0.5177,27,✓ Yes,completed
5,424,413,01-14,+48.0%,+3.56%,0.5178,27,✓ Yes,completed
5,424,415,01-14,+47.2%,+3.56%,0.5178,29,✓ Yes,completed
5,424,416,01-14,+46.9%,+3.54%,0.5177,29,✓ Yes,completed
5,424,418,01-14,+45.4%,+3.50%,0.5175,30,✓ Yes,completed
5,424,419,01-14,+43.8%,+3.42%,0.5171,33,✓ Yes,completed
5,424,421,01-14,+42.7%,+3.34%,0.5167,35,✓ Yes,completed
5,424,423,01-14,+40.7%,+3.26%,0.5163,40,✓ Yes,completed
5,424,424,01-14,+39.5%,+3.15%,0.5157,53,✓ Yes,completed
5,426,404,01-14,+50.0%,+70.45%,0.8523,15,✗ No,budget_exceeded
5,426,405,01-14,+50.0%,+68.84%,0.8442,16,✗ No,budget_exceeded
5,426,407,01-14,+50.0%,+68.37%,0.8419,17,✗ No,budget_exceeded
5,426,408,01-14,+50.0%,+67.04%,0.8352,21,✗ No,budget_exceeded
5,426,410,01-14,+49.9%,+3.51%,0.5176,23,✓ Yes,completed
5,426,411,01-14,+48.1%,+3.54%,0.5177,24,✓ Yes,completed
5,426,413,01-14,+47.2%,+3.56%,0.5178,24,✓ Yes,completed
5,426,415,01-14,+46.3%,+3.52%,0.5176,26,✓ Yes,completed
5,426,416,01-14,+46.0%,+3.52%,0.5176,26,✓ Yes,completed
5,426,418,01-14,+44.7%,+3.45%,0.5173,27,✓ Yes,completed
5,426,419,01-14,+43.0%,+3.36%,0.5168,30,✓ Yes,completed
5,426,421,01-14,+42.1%,+3.34%,0.5167,32,✓ Yes,completed
5,426,423,01-14,+39.9%,+3.23%,0.5162,37,✓ Yes,completed
5,426,424,01-14,+38.7%,+3.14%,0.5157,38,✓ Yes,completed
5,426,426,01-14,+37.9%,+3.07%,0.5153,44,✓ Yes,completed
5,427,404,01-14,+50.0%,+67.17%,0.8359,16,✗ No,budget_exceeded
5,427,405,01-14,+49.8%,+3.50%,0.5175,16,✓ Yes,completed
5,427,407,01-14,+49.5%,+3.52%,0.5176,17,✓ Yes,completed
5,427,408,01-14,+48.9%,+3.51%,0.5176,19,✓ Yes,completed
5,427,410,01-14,+48.2%,+3.53%,0.5177,19,✓ Yes,completed
5,427,411,01-14,+46.6%,+3.52%,0.5176,20,✓ Yes,completed
5,427,413,01-14,+45.8%,+3.52%,0.5176,20,✓ Yes,completed
5,427,415,01-14,+44.9%,+3.46%,0.5173,22,✓ Yes,completed
5,427,416,01-14,+44.7%,+3.46%,0.5173,22,✓ Yes,completed
5,427,418,01-14,+43.5%,+3.41%,0.5170,23,✓ Yes,completed
5,427,419,01-14,+41.8%,+3.33%,0.5167,26,✓ Yes,completed
5,427,421,01-14,+40.9%,+3.29%,0.5165,28,✓ Yes,completed
5,427,423,01-14,+38.6%,+3.15%,0.5157,33,✓ Yes,completed
5,427,424,01-14,+37.4%,+3.04%,0.5152,34,✓ Yes,completed
5,427,426,01-14,+36.7%,+3.00%,0.5150,34,✓ Yes,completed
5,427,427,01-14,+35.7%,+2.94%,0.5147,41,✓ Yes,completed
5,429,404,01-14,+48.1%,+3.50%,0.5175,15,✓ Yes,completed
5,429,405,01-14,+47.7%,+3.52%,0.5176,15,✓ Yes,completed
5,429,407,01-14,+47.4%,+3.53%,0.5177,16,✓ Yes,completed
5,429,408,01-14,+46.9%,+3.50%,0.5175,18,✓ Yes,completed
5,429,410,01-14,+46.1%,+3.49%,0.5174,18,✓ Yes,completed
5,429,411,01-14,+45.1%,+3.45%,0.5172,19,✓ Yes,completed
5,429,413,01-14,+44.4%,+3.43%,0.5172,19,✓ Yes,completed
5,429,415,01-14,+43.5%,+3.40%,0.5170,21,✓ Yes,completed
5,429,416,01-14,+43.4%,+3.39%,0.5169,21,✓ Yes,completed
5,429,418,01-14,+42.2%,+3.34%,0.5167,22,✓ Yes,completed
5,429,419,01-14,+41.0%,+3.30%,0.5165,24,✓ Yes,completed
5,429,421,01-14,+39.5%,+3.20%,0.5160,28,✓ Yes,completed
5,429,423,01-14,+37.8%,+3.08%,0.5154,31,✓ Yes,completed
5,429,424,01-14,+36.6%,+3.00%,0.5150,32,✓ Yes,completed
5,429,426,01-14,+35.8%,+2.96%,0.5148,33,✓ Yes,completed
5,429,427,01-14,+34.9%,+2.98%,0.5149,34,✓ Yes,completed
5,429,429,01-14,+34.1%,+2.96%,0.5148,37,✓ Yes,completed
5,414,404,01-15,+50.0%,+79.77%,0.8989,18,✗ No,budget_exceeded
5,414,405,01-15,+50.0%,+79.05%,0.8952,18,✗ No,budget_exceeded
5,414,407,01-15,+50.0%,+78.09%,0.8905,20,✗ No,budget_exceeded
5,414,409,01-15,+50.0%,+72.78%,0.8639,25,✗ No,budget_exceeded
5,414,411,01-15,+50.0%,+70.92%,0.8546,28,✗ No,budget_exceeded
5,414,413,01-15,+50.0%,+69.02%,0.8451,31,✗ No,budget_exceeded
5,414,414,01-15,+50.0%,+51.90%,0.7595,49,✗ No,budget_exceeded
5,416,404,01-15,+50.0%,+79.66%,0.8983,18,✗ No,budget_exceeded
5,416,405,01-15,+50.0%,+79.03%,0.8952,18,✗ No,budget_exceeded
5,416,407,01-15,+50.0%,+77.95%,0.8897,20,✗ No,budget_exceeded
5,416,408,01-15,+50.0%,+72.83%,0.8641,24,✗ No,budget_exceeded
5,416,410,01-15,+50.0%,+71.08%,0.8554,28,✗ No,budget_exceeded
5,416,411,01-15,+50.0%,+69.92%,0.8496,30,✗ No,budget_exceeded
5,416,413,01-15,+50.0%,+61.44%,0.8072,35,✗ No,budget_exceeded
5,416,414,01-15,+50.0%,+49.43%,0.7472,41,✗ No,budget_exceeded
5,416,416,01-15,+49.9%,+3.55%,0.5178,47,✓ Yes,completed
5,418,404,01-15,+50.0%,+79.33%,0.8966,17,✗ No,budget_exceeded
5,418,405,01-15,+50.0%,+78.05%,0.8902,18,✗ No,budget_exceeded
5,418,407,01-15,+50.0%,+77.08%,0.8854,20,✗ No,budget_exceeded
5,418,408,01-15,+50.0%,+72.31%,0.8615,23,✗ No,budget_exceeded
5,418,410,01-15,+50.0%,+70.46%,0.8523,27,✗ No,budget_exceeded
5,418,411,01-15,+50.0%,+62.26%,0.8113,32,✗ No,budget_exceeded
5,418,413,01-15,+50.0%,+48.62%,0.7431,36,✗ No,budget_exceeded
5,418,414,01-15,+49.3%,+3.56%,0.5178,40,✓ Yes,completed
5,418,416,01-15,+48.6%,+3.53%,0.5176,40,✓ Yes,completed
5,418,418,01-15,+47.5%,+3.51%,0.5176,47,✓ Yes,completed
5,419,404,01-15,+50.0%,+77.99%,0.8899,16,✗ No,budget_exceeded
5,419,405,01-15,+50.0%,+77.13%,0.8857,17,✗ No,budget_exceeded
5,419,407,01-15,+50.0%,+72.35%,0.8617,19,✗ No,budget_exceeded
5,419,408,01-15,+50.0%,+71.64%,0.8582,22,✗ No,budget_exceeded
5,419,410,01-15,+50.0%,+69.96%,0.8498,25,✗ No,budget_exceeded
5,419,411,01-15,+50.0%,+50.29%,0.7515,32,✗ No,budget_exceeded
5,419,413,01-15,+49.7%,+3.58%,0.5179,34,✓ Yes,completed
5,419,415,01-15,+48.3%,+3.53%,0.5176,37,✓ Yes,completed
5,419,416,01-15,+47.8%,+3.52%,0.5176,37,✓ Yes,completed
5,419,418,01-15,+46.6%,+3.53%,0.5177,39,✓ Yes,completed
5,419,419,01-15,+45.5%,+3.50%,0.5175,56,✓ Yes,completed
5,421,404,01-15,+50.0%,+77.02%,0.8851,16,✗ No,budget_exceeded
5,421,405,01-15,+50.0%,+71.89%,0.8595,18,✗ No,budget_exceeded
5,421,407,01-15,+50.0%,+70.71%,0.8535,20,✗ No,budget_exceeded
5,421,408,01-15,+50.0%,+70.00%,0.8500,23,✗ No,budget_exceeded
5,421,410,01-15,+50.0%,+51.87%,0.7593,28,✗ No,budget_exceeded
5,421,411,01-15,+49.3%,+3.56%,0.5178,33,✓ Yes,completed
5,421,413,01-15,+48.3%,+3.53%,0.5176,33,✓ Yes,completed
5,421,415,01-15,+47.2%,+3.53%,0.5177,35,✓ Yes,completed
5,421,416,01-15,+46.7%,+3.53%,0.5177,35,✓ Yes,completed
5,421,418,01-15,+45.5%,+3.55%,0.5178,37,✓ Yes,completed
5,421,419,01-15,+43.8%,+3.49%,0.5174,40,✓ Yes,completed
5,421,421,01-15,+42.8%,+3.39%,0.5169,52,✓ Yes,completed
5,422,404,01-15,+50.0%,+72.74%,0.8637,17,✗ No,budget_exceeded
5,422,405,01-15,+50.0%,+71.73%,0.8586,18,✗ No,budget_exceeded
5,422,407,01-15,+50.0%,+70.47%,0.8523,20,✗ No,budget_exceeded
5,422,408,01-15,+50.0%,+69.11%,0.8455,24,✗ No,budget_exceeded
5,422,410,01-15,+50.0%,+48.58%,0.7429,29,✗ No,budget_exceeded
5,422,411,01-15,+48.5%,+3.52%,0.5176,30,✓ Yes,completed
5,422,413,01-15,+47.4%,+3.54%,0.5177,30,✓ Yes,completed
5,422,415,01-15,+46.5%,+3.54%,0.5177,32,✓ Yes,completed
5,422,416,01-15,+46.1%,+3.55%,0.5178,32,✓ Yes,completed
5,422,418,01-15,+44.9%,+3.52%,0.5176,34,✓ Yes,completed
5,422,419,01-15,+43.1%,+3.44%,0.5172,37,✓ Yes,completed
5,422,421,01-15,+42.2%,+3.41%,0.5170,38,✓ Yes,completed
5,422,422,01-15,+40.5%,+3.26%,0.5163,57,✓ Yes,completed
5,424,404,01-15,+50.0%,+70.66%,0.8533,17,✗ No,budget_exceeded
5,424,405,01-15,+50.0%,+69.03%,0.8452,19,✗ No,budget_exceeded
5,424,407,01-15,+50.0%,+52.06%,0.7603,22,✗ No,budget_exceeded
5,424,408,01-15,+49.8%,+3.55%,0.5177,26,✓ Yes,completed
5,424,410,01-15,+48.9%,+3.53%,0.5176,26,✓ Yes,completed
5,424,411,01-15,+47.2%,+3.53%,0.5176,27,✓ Yes,completed
5,424,413,01-15,+46.2%,+3.55%,0.5177,27,✓ Yes,completed
5,424,415,01-15,+45.4%,+3.55%,0.5178,29,✓ Yes,completed
5,424,416,01-15,+45.0%,+3.53%,0.5177,29,✓ Yes,completed
5,424,418,01-15,+43.6%,+3.49%,0.5175,30,✓ Yes,completed
5,424,419,01-15,+41.9%,+3.41%,0.5170,33,✓ Yes,completed
5,424,421,01-15,+41.0%,+3.35%,0.5167,34,✓ Yes,completed
5,424,423,01-15,+39.1%,+3.26%,0.5163,39,✓ Yes,completed
5,424,424,01-15,+38.0%,+3.18%,0.5159,52,✓ Yes,completed
5,426,404,01-15,+50.0%,+69.84%,0.8492,16,✗ No,budget_exceeded
5,426,405,01-15,+50.0%,+48.33%,0.7416,19,✗ No,budget_exceeded
5,426,407,01-15,+49.7%,+3.54%,0.5177,20,✓ Yes,completed
5,426,408,01-15,+48.8%,+3.52%,0.5176,23,✓ Yes,completed
5,426,410,01-15,+48.0%,+3.50%,0.5175,23,✓ Yes,completed
5,426,411,01-15,+46.2%,+3.54%,0.5177,24,✓ Yes,completed
5,426,413,01-15,+45.3%,+3.55%,0.5178,24,✓ Yes,completed
5,426,415,01-15,+44.5%,+3.51%,0.5176,26,✓ Yes,completed
5,426,416,01-15,+44.2%,+3.51%,0.5175,26,✓ Yes,completed
5,426,418,01-15,+42.8%,+3.45%,0.5172,27,✓ Yes,completed
5,426,419,01-15,+41.2%,+3.36%,0.5168,30,✓ Yes,completed
5,426,421,01-15,+40.4%,+3.33%,0.5166,31,✓ Yes,completed
5,426,423,01-15,+38.3%,+3.24%,0.5162,36,✓ Yes,completed
5,426,424,01-15,+37.1%,+3.15%,0.5157,37,✓ Yes,completed
5,426,426,01-15,+36.4%,+3.10%,0.5155,43,✓ Yes,completed
5,427,404,01-15,+48.3%,+3.49%,0.5174,16,✓ Yes,completed
5,427,405,01-15,+47.9%,+3.49%,0.5175,16,✓ Yes,completed
5,427,407,01-15,+47.6%,+3.51%,0.5175,17,✓ Yes,completed
5,427,408,01-15,+47.1%,+3.51%,0.5175,19,✓ Yes,completed
5,427,410,01-15,+46.3%,+3.53%,0.5176,19,✓ Yes,completed
5,427,411,01-15,+44.7%,+3.52%,0.5176,20,✓ Yes,completed
5,427,413,01-15,+44.0%,+3.51%,0.5176,20,✓ Yes,completed
5,427,415,01-15,+43.1%,+3.45%,0.5172,22,✓ Yes,completed
5,427,416,01-15,+42.9%,+3.45%,0.5172,22,✓ Yes,completed
5,427,418,01-15,+41.7%,+3.40%,0.5170,23,✓ Yes,completed
5,427,419,01-15,+40.0%,+3.33%,0.5166,26,✓ Yes,completed
5,427,421,01-15,+39.2%,+3.29%,0.5164,27,✓ Yes,completed
5,427,423,01-15,+37.0%,+3.15%,0.5157,32,✓ Yes,completed
5,427,424,01-15,+35.8%,+3.05%,0.5152,33,✓ Yes,completed
5,427,426,01-15,+35.2%,+3.01%,0.5151,33,✓ Yes,completed
5,427,427,01-15,+34.2%,+2.94%,0.5147,40,✓ Yes,completed
5,429,404,01-15,+46.2%,+3.50%,0.5175,15,✓ Yes,completed
5,429,405,01-15,+45.9%,+3.52%,0.5176,15,✓ Yes,completed
5,429,407,01-15,+45.6%,+3.52%,0.5176,16,✓ Yes,completed
5,429,408,01-15,+45.0%,+3.49%,0.5175,18,✓ Yes,completed
5,429,410,01-15,+44.3%,+3.48%,0.5174,18,✓ Yes,completed
5,429,411,01-15,+43.2%,+3.44%,0.5172,19,✓ Yes,completed
5,429,413,01-15,+42.6%,+3.43%,0.5171,19,✓ Yes,completed
5,429,415,01-15,+41.7%,+3.39%,0.5170,21,✓ Yes,completed
5,429,416,01-15,+41.6%,+3.38%,0.5169,21,✓ Yes,completed
5,429,418,01-15,+40.4%,+3.33%,0.5167,22,✓ Yes,completed
5,429,419,01-15,+39.2%,+3.29%,0.5164,24,✓ Yes,completed
5,429,421,01-15,+37.8%,+3.21%,0.5160,27,✓ Yes,completed
5,429,423,01-15,+36.2%,+3.10%,0.5155,30,✓ Yes,completed
5,429,424,01-15,+35.0%,+3.00%,0.5150,31,✓ Yes,completed
5,429,426,01-15,+34.3%,+2.97%,0.5148,32,✓ Yes,completed
5,429,427,01-15,+33.3%,+2.96%,0.5148,33,✓ Yes,completed
5,429,429,01-15,+32.6%,+2.96%,0.5148,36,✓ Yes,completed
5,414,404,01-16,+50.0%,+79.15%,0.8958,19,✗ No,budget_exceeded
5,414,405,01-16,+50.0%,+73.84%,0.8692,21,✗ No,budget_exceeded
5,414,407,01-16,+50.0%,+72.87%,0.8643,23,✗ No,budget_exceeded
5,414,409,01-16,+50.0%,+72.20%,0.8610,26,✗ No,budget_exceeded
5,414,411,01-16,+50.0%,+64.15%,0.8207,33,✗ No,budget_exceeded
5,414,413,01-16,+50.0%,+51.25%,0.7562,40,✗ No,budget_exceeded
5,414,414,01-16,+49.4%,+3.51%,0.5175,55,✓ Yes,completed
5,416,404,01-16,+50.0%,+78.97%,0.8948,19,✗ No,budget_exceeded
5,416,405,01-16,+50.0%,+73.83%,0.8691,21,✗ No,budget_exceeded
5,416,407,01-16,+50.0%,+72.72%,0.8636,23,✗ No,budget_exceeded
5,416,408,01-16,+50.0%,+72.25%,0.8612,25,✗ No,budget_exceeded
5,416,410,01-16,+50.0%,+67.41%,0.8370,30,✗ No,budget_exceeded
5,416,411,01-16,+50.0%,+51.84%,0.7592,37,✗ No,budget_exceeded
5,416,413,01-16,+49.8%,+3.54%,0.5177,40,✓ Yes,completed
5,416,414,01-16,+48.7%,+3.50%,0.5175,43,✓ Yes,completed
5,416,416,01-16,+48.1%,+3.49%,0.5174,47,✓ Yes,completed
5,418,404,01-16,+50.0%,+74.49%,0.8725,19,✗ No,budget_exceeded
5,418,405,01-16,+50.0%,+72.87%,0.8644,21,✗ No,budget_exceeded
5,418,407,01-16,+50.0%,+72.28%,0.8614,22,✗ No,budget_exceeded
5,418,408,01-16,+50.0%,+71.71%,0.8586,24,✗ No,budget_exceeded
5,418,410,01-16,+50.0%,+53.62%,0.7681,31,✗ No,budget_exceeded
5,418,411,01-16,+49.7%,+3.54%,0.5177,37,✓ Yes,completed
5,418,413,01-16,+48.6%,+3.51%,0.5176,37,✓ Yes,completed
5,418,414,01-16,+47.4%,+3.50%,0.5175,40,✓ Yes,completed
5,418,416,01-16,+46.7%,+3.46%,0.5173,40,✓ Yes,completed
5,418,418,01-16,+45.6%,+3.45%,0.5172,47,✓ Yes,completed
5,419,404,01-16,+50.0%,+73.81%,0.8690,17,✗ No,budget_exceeded
5,419,405,01-16,+50.0%,+72.30%,0.8615,19,✗ No,budget_exceeded
5,419,407,01-16,+50.0%,+71.71%,0.8585,20,✗ No,budget_exceeded
5,419,408,01-16,+50.0%,+64.07%,0.8204,26,✗ No,budget_exceeded
5,419,410,01-16,+50.0%,+51.24%,0.7562,31,✗ No,budget_exceeded
5,419,411,01-16,+48.9%,+3.52%,0.5176,34,✓ Yes,completed
5,419,413,01-16,+47.9%,+3.51%,0.5176,34,✓ Yes,completed
5,419,415,01-16,+46.5%,+3.46%,0.5173,37,✓ Yes,completed
5,419,416,01-16,+46.0%,+3.46%,0.5173,37,✓ Yes,completed
5,419,418,01-16,+44.8%,+3.47%,0.5173,39,✓ Yes,completed
5,419,419,01-16,+43.7%,+3.44%,0.5172,56,✓ Yes,completed
5,421,404,01-16,+50.0%,+72.28%,0.8614,18,✗ No,budget_exceeded
5,421,405,01-16,+50.0%,+70.71%,0.8536,20,✗ No,budget_exceeded
5,421,407,01-16,+50.0%,+63.81%,0.8190,23,✗ No,budget_exceeded
5,421,408,01-16,+50.0%,+51.60%,0.7580,28,✗ No,budget_exceeded
5,421,410,01-16,+49.1%,+3.53%,0.5176,31,✓ Yes,completed
5,421,411,01-16,+47.4%,+3.50%,0.5175,33,✓ Yes,completed
5,421,413,01-16,+46.5%,+3.46%,0.5173,33,✓ Yes,completed
5,421,415,01-16,+45.3%,+3.47%,0.5173,35,✓ Yes,completed
5,421,416,01-16,+44.9%,+3.47%,0.5173,35,✓ Yes,completed
5,421,418,01-16,+43.7%,+3.49%,0.5174,37,✓ Yes,completed
5,421,419,01-16,+41.9%,+3.42%,0.5171,40,✓ Yes,completed
5,421,421,01-16,+40.9%,+3.32%,0.5166,52,✓ Yes,completed
5,422,404,01-16,+50.0%,+72.11%,0.8606,18,✗ No,budget_exceeded
5,422,405,01-16,+50.0%,+63.96%,0.8198,21,✗ No,budget_exceeded
5,422,407,01-16,+50.0%,+52.00%,0.7600,24,✗ No,budget_exceeded
5,422,408,01-16,+50.0%,+50.32%,0.7516,28,✗ No,budget_exceeded
5,422,410,01-16,+48.5%,+3.50%,0.5175,29,✓ Yes,completed
5,422,411,01-16,+46.6%,+3.46%,0.5173,30,✓ Yes,completed
5,422,413,01-16,+45.5%,+3.48%,0.5174,30,✓ Yes,completed
5,422,415,01-16,+44.6%,+3.48%,0.5174,32,✓ Yes,completed
5,422,416,01-16,+44.2%,+3.49%,0.5174,32,✓ Yes,completed
5,422,418,01-16,+43.0%,+3.46%,0.5173,34,✓ Yes,completed
5,422,419,01-16,+41.2%,+3.37%,0.5169,37,✓ Yes,completed
5,422,421,01-16,+40.3%,+3.34%,0.5167,38,✓ Yes,completed
5,422,422,01-16,+38.8%,+3.20%,0.5160,56,✓ Yes,completed
5,424,404,01-16,+50.0%,+53.62%,0.7681,20,✗ No,budget_exceeded
5,424,405,01-16,+50.0%,+49.39%,0.7470,22,✗ No,budget_exceeded
5,424,407,01-16,+48.9%,+3.50%,0.5175,23,✓ Yes,completed
5,424,408,01-16,+47.9%,+3.48%,0.5174,26,✓ Yes,completed
5,424,410,01-16,+47.0%,+3.47%,0.5173,26,✓ Yes,completed
5,424,411,01-16,+45.3%,+3.46%,0.5173,27,✓ Yes,completed
5,424,413,01-16,+44.3%,+3.48%,0.5174,27,✓ Yes,completed
5,424,415,01-16,+43.6%,+3.49%,0.5174,29,✓ Yes,completed
5,424,416,01-16,+43.2%,+3.47%,0.5173,29,✓ Yes,completed
5,424,418,01-16,+41.7%,+3.43%,0.5171,30,✓ Yes,completed
5,424,419,01-16,+40.1%,+3.34%,0.5167,33,✓ Yes,completed
5,424,421,01-16,+39.2%,+3.28%,0.5164,34,✓ Yes,completed
5,424,423,01-16,+37.4%,+3.20%,0.5160,38,✓ Yes,completed
5,424,424,01-16,+36.3%,+3.13%,0.5156,51,✓ Yes,completed
5,426,404,01-16,+50.0%,+3.49%,0.5175,19,✓ Yes,completed
5,426,405,01-16,+48.9%,+3.49%,0.5175,19,✓ Yes,completed
5,426,407,01-16,+47.9%,+3.48%,0.5174,20,✓ Yes,completed
5,426,408,01-16,+47.0%,+3.45%,0.5173,23,✓ Yes,completed
5,426,410,01-16,+46.2%,+3.44%,0.5172,23,✓ Yes,completed
5,426,411,01-16,+44.4%,+3.47%,0.5174,24,✓ Yes,completed
5,426,413,01-16,+43.5%,+3.49%,0.5174,24,✓ Yes,completed
5,426,415,01-16,+42.6%,+3.45%,0.5173,26,✓ Yes,completed
5,426,416,01-16,+42.3%,+3.45%,0.5172,26,✓ Yes,completed
5,426,418,01-16,+41.0%,+3.38%,0.5169,27,✓ Yes,completed
5,426,419,01-16,+39.3%,+3.29%,0.5165,30,✓ Yes,completed
5,426,421,01-16,+38.6%,+3.26%,0.5163,31,✓ Yes,completed
5,426,423,01-16,+36.6%,+3.18%,0.5159,35,✓ Yes,completed
5,426,424,01-16,+35.5%,+3.10%,0.5155,36,✓ Yes,completed
5,426,426,01-16,+34.8%,+3.05%,0.5152,42,✓ Yes,completed
5,427,404,01-16,+46.5%,+3.42%,0.5171,16,✓ Yes,completed
5,427,405,01-16,+46.1%,+3.43%,0.5171,16,✓ Yes,completed
5,427,407,01-16,+45.8%,+3.44%,0.5172,17,✓ Yes,completed
5,427,408,01-16,+45.2%,+3.44%,0.5172,19,✓ Yes,completed
5,427,410,01-16,+44.5%,+3.46%,0.5173,19,✓ Yes,completed
5,427,411,01-16,+42.9%,+3.45%,0.5173,20,✓ Yes,completed
5,427,413,01-16,+42.1%,+3.45%,0.5172,20,✓ Yes,completed
5,427,415,01-16,+41.3%,+3.39%,0.5169,22,✓ Yes,completed
5,427,416,01-16,+41.0%,+3.38%,0.5169,22,✓ Yes,completed
5,427,418,01-16,+39.8%,+3.34%,0.5167,23,✓ Yes,completed
5,427,419,01-16,+38.1%,+3.26%,0.5163,26,✓ Yes,completed
5,427,421,01-16,+37.4%,+3.22%,0.5161,27,✓ Yes,completed
5,427,423,01-16,+35.4%,+3.10%,0.5155,31,✓ Yes,completed
5,427,424,01-16,+34.2%,+3.02%,0.5151,32,✓ Yes,completed
5,427,426,01-16,+33.7%,+2.97%,0.5148,32,✓ Yes,completed
5,427,427,01-16,+32.7%,+2.90%,0.5145,38,✓ Yes,completed
5,429,404,01-16,+44.4%,+3.43%,0.5172,15,✓ Yes,completed
5,429,405,01-16,+44.1%,+3.45%,0.5173,15,✓ Yes,completed
5,429,407,01-16,+43.7%,+3.46%,0.5173,16,✓ Yes,completed
5,429,408,01-16,+43.2%,+3.43%,0.5171,18,✓ Yes,completed
5,429,410,01-16,+42.4%,+3.42%,0.5171,18,✓ Yes,completed
5,429,411,01-16,+41.4%,+3.37%,0.5169,19,✓ Yes,completed
5,429,413,01-16,+40.7%,+3.36%,0.5168,19,✓ Yes,completed
5,429,415,01-16,+39.9%,+3.33%,0.5166,21,✓ Yes,completed
5,429,416,01-16,+39.7%,+3.31%,0.5166,21,✓ Yes,completed
5,429,418,01-16,+38.5%,+3.27%,0.5163,22,✓ Yes,completed
5,429,419,01-16,+37.3%,+3.22%,0.5161,24,✓ Yes,completed
5,429,421,01-16,+36.0%,+3.14%,0.5157,27,✓ Yes,completed
5,429,423,01-16,+34.6%,+3.06%,0.5153,29,✓ Yes,completed
5,429,424,01-16,+33.4%,+2.95%,0.5148,30,✓ Yes,completed
5,429,426,01-16,+32.8%,+2.93%,0.5146,31,✓ Yes,completed
5,429,427,01-16,+31.9%,+2.89%,0.5144,32,✓ Yes,completed
5,429,429,01-16,+31.1%,+2.89%,0.5145,35,✓ Yes,completed
6,416,410,01-15,+50.0%,+71.95%,0.8597,26,✗ No,budget_exceeded
6,416,410,01-15,+50.0%,+70.80%,0.8540,28,✗ No,budget_exceeded
6,416,411,01-15,+50.0%,+70.41%,0.8521,28,✗ No,budget_exceeded
6,416,412,01-15,+50.0%,+69.11%,0.8456,31,✗ No,budget_exceeded
6,416,412,01-15,+50.0%,+65.77%,0.8289,32,✗ No,budget_exceeded
6,416,413,01-15,+50.0%,+52.01%,0.7600,37,✗ No,budget_exceeded
6,416,414,01-15,+50.0%,+50.19%,0.7509,39,✗ No,budget_exceeded
6,416,415,01-15,+50.0%,+48.56%,0.7428,42,✗ No,budget_exceeded
6,416,415,01-15,+50.0%,+47.84%,0.7392,43,✗ No,budget_exceeded
6,416,416,01-15,+49.9%,+3.55%,0.5178,47,✓ Yes,completed
6,417,410,01-15,+50.0%,+71.68%,0.8584,26,✗ No,budget_exceeded
6,417,410,01-15,+50.0%,+70.54%,0.8527,28,✗ No,budget_exceeded
6,417,411,01-15,+50.0%,+70.15%,0.8507,28,✗ No,budget_exceeded
6,417,412,01-15,+50.0%,+65.71%,0.8286,32,✗ No,budget_exceeded
6,417,413,01-15,+50.0%,+52.00%,0.7600,34,✗ No,budget_exceeded
6,417,413,01-15,+50.0%,+48.57%,0.7429,38,✗ No,budget_exceeded
6,417,414,01-15,+50.0%,+3.57%,0.5178,41,✓ Yes,completed
6,417,415,01-15,+49.5%,+3.57%,0.5178,41,✓ Yes,completed
6,417,415,01-15,+49.3%,+3.57%,0.5178,41,✓ Yes,completed
6,417,416,01-15,+49.1%,+3.55%,0.5178,41,✓ Yes,completed
6,417,417,01-15,+48.6%,+3.48%,0.5174,54,✓ Yes,completed
6,418,410,01-15,+50.0%,+70.68%,0.8534,25,✗ No,budget_exceeded
6,418,410,01-15,+50.0%,+70.06%,0.8503,26,✗ No,budget_exceeded
6,418,411,01-15,+50.0%,+69.08%,0.8454,27,✗ No,budget_exceeded
6,418,412,01-15,+50.0%,+52.15%,0.7608,32,✗ No,budget_exceeded
6,418,412,01-15,+50.0%,+50.28%,0.7514,33,✗ No,budget_exceeded
6,418,413,01-15,+49.9%,+3.57%,0.5179,37,✓ Yes,completed
6,418,414,01-15,+49.5%,+3.57%,0.5179,38,✓ Yes,completed
6,418,415,01-15,+49.1%,+3.56%,0.5178,39,✓ Yes,completed
6,418,415,01-15,+48.8%,+3.53%,0.5177,39,✓ Yes,completed
6,418,416,01-15,+48.6%,+3.53%,0.5176,39,✓ Yes,completed
6,418,417,01-15,+48.1%,+3.51%,0.5176,40,✓ Yes,completed
6,418,417,01-15,+47.5%,+3.53%,0.5176,41,✓ Yes,completed
6,418,418,01-15,+47.2%,+3.51%,0.5175,47,✓ Yes,completed
6,419,410,01-15,+50.0%,+70.35%,0.8517,24,✗ No,budget_exceeded
6,419,410,01-15,+50.0%,+69.13%,0.8457,26,✗ No,budget_exceeded
6,419,411,01-15,+50.0%,+62.35%,0.8117,28,✗ No,budget_exceeded
6,419,412,01-15,+50.0%,+50.10%,0.7505,32,✗ No,budget_exceeded
6,419,413,01-15,+49.9%,+3.58%,0.5179,34,✓ Yes,completed
6,419,413,01-15,+49.4%,+3.58%,0.5179,35,✓ Yes,completed
6,419,414,01-15,+48.9%,+3.55%,0.5178,36,✓ Yes,completed
6,419,415,01-15,+48.4%,+3.53%,0.5176,37,✓ Yes,completed
6,419,415,01-15,+48.1%,+3.52%,0.5176,37,✓ Yes,completed
6,419,416,01-15,+47.9%,+3.52%,0.5176,37,✓ Yes,completed
6,419,417,01-15,+47.0%,+3.52%,0.5176,39,✓ Yes,completed
6,419,418,01-15,+46.7%,+3.53%,0.5176,39,✓ Yes,completed
6,419,418,01-15,+46.5%,+3.54%,0.5177,39,✓ Yes,completed
6,419,419,01-15,+45.9%,+3.51%,0.5176,51,✓ Yes,completed
6,420,410,01-15,+50.0%,+70.01%,0.8500,24,✗ No,budget_exceeded
6,420,410,01-15,+50.0%,+65.70%,0.8285,27,✗ No,budget_exceeded
6,420,411,01-15,+50.0%,+52.14%,0.7607,29,✗ No,budget_exceeded
6,420,412,01-15,+50.0%,+48.59%,0.7429,34,✗ No,budget_exceeded
6,420,412,01-15,+49.9%,+3.57%,0.5179,34,✓ Yes,completed
6,420,413,01-15,+49.0%,+3.55%,0.5178,35,✓ Yes,completed
6,420,414,01-15,+48.6%,+3.53%,0.5176,36,✓ Yes,completed
6,420,414,01-15,+48.1%,+3.52%,0.5176,37,✓ Yes,completed
6,420,415,01-15,+47.7%,+3.53%,0.5176,37,✓ Yes,completed
6,420,416,01-15,+47.6%,+3.53%,0.5177,37,✓ Yes,completed
6,420,417,01-15,+47.1%,+3.53%,0.5176,38,✓ Yes,completed
6,420,417,01-15,+46.4%,+3.53%,0.5177,39,✓ Yes,completed
6,420,418,01-15,+46.1%,+3.54%,0.5177,39,✓ Yes,completed
6,420,419,01-15,+45.2%,+3.52%,0.5176,42,✓ Yes,completed
6,420,419,01-15,+44.3%,+3.49%,0.5174,42,✓ Yes,completed
6,420,420,01-15,+44.0%,+3.46%,0.5173,53,✓ Yes,completed
6,421,410,01-15,+50.0%,+62.23%,0.8111,27,✗ No,budget_exceeded
6,421,410,01-15,+50.0%,+50.06%,0.7503,29,✗ No,budget_exceeded
6,421,411,01-15,+50.0%,+48.33%,0.7416,31,✗ No,budget_exceeded
6,421,412,01-15,+49.0%,+3.55%,0.5178,33,✓ Yes,completed
6,421,413,01-15,+48.8%,+3.53%,0.5177,33,✓ Yes,completed
6,421,413,01-15,+48.2%,+3.52%,0.5176,33,✓ Yes,completed
6,421,414,01-15,+47.8%,+3.52%,0.5176,34,✓ Yes,completed
6,421,415,01-15,+47.2%,+3.53%,0.5177,35,✓ Yes,completed
6,421,415,01-15,+46.9%,+3.53%,0.5176,35,✓ Yes,completed
6,421,416,01-15,+46.7%,+3.53%,0.5177,35,✓ Yes,completed
6,421,417,01-15,+46.4%,+3.54%,0.5177,36,✓ Yes,completed
6,421,417,01-15,+45.6%,+3.55%,0.5178,37,✓ Yes,completed
6,421,418,01-15,+45.4%,+3.55%,0.5177,37,✓ Yes,completed
6,421,419,01-15,+44.3%,+3.49%,0.5174,40,✓ Yes,completed
6,421,420,01-15,+43.6%,+3.48%,0.5174,40,✓ Yes,completed
6,421,420,01-15,+43.3%,+3.44%,0.5172,41,✓ Yes,completed
6,421,421,01-15,+42.8%,+3.39%,0.5169,52,✓ Yes,completed
6,422,410,01-15,+50.0%,+52.13%,0.7606,28,✗ No,budget_exceeded
6,422,410,01-15,+50.0%,+48.47%,0.7424,30,✗ No,budget_exceeded
6,422,411,01-15,+49.7%,+3.57%,0.5178,30,✓ Yes,completed
6,422,412,01-15,+48.6%,+3.52%,0.5176,31,✓ Yes,completed
6,422,412,01-15,+48.2%,+3.52%,0.5176,31,✓ Yes,completed
6,422,413,01-15,+47.6%,+3.54%,0.5177,31,✓ Yes,completed
6,422,414,01-15,+47.3%,+3.54%,0.5177,32,✓ Yes,completed
6,422,414,01-15,+46.8%,+3.53%,0.5176,33,✓ Yes,completed
6,422,415,01-15,+46.4%,+3.54%,0.5177,33,✓ Yes,completed
6,422,416,01-15,+46.3%,+3.54%,0.5177,33,✓ Yes,completed
6,422,416,01-15,+46.0%,+3.55%,0.5178,34,✓ Yes,completed
6,422,417,01-15,+45.2%,+3.54%,0.5177,35,✓ Yes,completed
6,422,418,01-15,+44.9%,+3.52%,0.5176,35,✓ Yes,completed
6,422,419,01-15,+44.0%,+3.50%,0.5175,38,✓ Yes,completed
6,422,419,01-15,+43.5%,+3.47%,0.5174,38,✓ Yes,completed
6,422,420,01-15,+43.0%,+3.43%,0.5172,38,✓ Yes,completed
6,422,421,01-15,+42.5%,+3.41%,0.5171,39,✓ Yes,completed
6,422,421,01-15,+41.8%,+3.37%,0.5169,44,✓ Yes,completed
6,422,422,01-15,+41.4%,+3.30%,0.5165,55,✓ Yes,completed
6,416,410,01-16,+50.0%,+70.78%,0.8539,28,✗ No,budget_exceeded
6,416,410,01-16,+50.0%,+64.00%,0.8200,32,✗ No,budget_exceeded
6,416,411,01-16,+50.0%,+53.82%,0.7691,34,✗ No,budget_exceeded
6,416,412,01-16,+50.0%,+51.22%,0.7561,38,✗ No,budget_exceeded
6,416,412,01-16,+50.0%,+50.18%,0.7509,39,✗ No,budget_exceeded
6,416,413,01-16,+49.4%,+3.55%,0.5177,41,✓ Yes,completed
6,416,414,01-16,+49.0%,+3.53%,0.5176,42,✓ Yes,completed
6,416,415,01-16,+48.6%,+3.50%,0.5175,43,✓ Yes,completed
6,416,415,01-16,+48.3%,+3.50%,0.5175,43,✓ Yes,completed
6,416,416,01-16,+48.1%,+3.49%,0.5174,47,✓ Yes,completed
6,417,410,01-16,+50.0%,+67.49%,0.8374,29,✗ No,budget_exceeded
6,417,410,01-16,+50.0%,+53.73%,0.7687,32,✗ No,budget_exceeded
6,417,411,01-16,+50.0%,+51.82%,0.7591,33,✗ No,budget_exceeded
6,417,412,01-16,+49.9%,+3.53%,0.5177,38,✓ Yes,completed
6,417,413,01-16,+49.3%,+3.55%,0.5178,38,✓ Yes,completed
6,417,413,01-16,+48.6%,+3.51%,0.5175,39,✓ Yes,completed
6,417,414,01-16,+48.1%,+3.50%,0.5175,41,✓ Yes,completed
6,417,415,01-16,+47.7%,+3.50%,0.5175,41,✓ Yes,completed
6,417,415,01-16,+47.5%,+3.50%,0.5175,41,✓ Yes,completed
6,417,416,01-16,+47.2%,+3.49%,0.5174,41,✓ Yes,completed
6,417,417,01-16,+46.7%,+3.42%,0.5171,54,✓ Yes,completed
6,418,410,01-16,+50.0%,+53.83%,0.7692,29,✗ No,budget_exceeded
6,418,410,01-16,+50.0%,+51.72%,0.7586,31,✗ No,budget_exceeded
6,418,411,01-16,+50.0%,+49.59%,0.7479,34,✗ No,budget_exceeded
6,418,412,01-16,+49.4%,+3.55%,0.5178,36,✓ Yes,completed
6,418,412,01-16,+49.0%,+3.54%,0.5177,36,✓ Yes,completed
6,418,413,01-16,+48.1%,+3.51%,0.5175,37,✓ Yes,completed
6,418,414,01-16,+47.6%,+3.51%,0.5176,38,✓ Yes,completed
6,418,415,01-16,+47.3%,+3.49%,0.5175,39,✓ Yes,completed
6,418,415,01-16,+46.9%,+3.47%,0.5174,39,✓ Yes,completed
6,418,416,01-16,+46.8%,+3.46%,0.5173,39,✓ Yes,completed
6,418,417,01-16,+46.2%,+3.45%,0.5173,40,✓ Yes,completed
6,418,417,01-16,+45.7%,+3.46%,0.5173,41,✓ Yes,completed
6,418,418,01-16,+45.4%,+3.44%,0.5172,47,✓ Yes,completed
6,419,410,01-16,+50.0%,+51.98%,0.7599,29,✗ No,budget_exceeded
6,419,410,01-16,+50.0%,+50.17%,0.7508,32,✗ No,budget_exceeded
6,419,411,01-16,+49.6%,+3.55%,0.5177,32,✓ Yes,completed
6,419,412,01-16,+48.7%,+3.51%,0.5176,34,✓ Yes,completed
6,419,413,01-16,+48.1%,+3.51%,0.5176,34,✓ Yes,completed
6,419,413,01-16,+47.5%,+3.51%,0.5176,35,✓ Yes,completed
6,419,414,01-16,+47.1%,+3.49%,0.5174,36,✓ Yes,completed
6,419,415,01-16,+46.5%,+3.46%,0.5173,37,✓ Yes,completed
6,419,415,01-16,+46.3%,+3.46%,0.5173,37,✓ Yes,completed
6,419,416,01-16,+46.0%,+3.46%,0.5173,37,✓ Yes,completed
6,419,417,01-16,+45.2%,+3.46%,0.5173,39,✓ Yes,completed
6,419,418,01-16,+44.8%,+3.47%,0.5173,39,✓ Yes,completed
6,419,418,01-16,+44.7%,+3.47%,0.5174,39,✓ Yes,completed
6,419,419,01-16,+44.1%,+3.45%,0.5172,51,✓ Yes,completed
6,420,410,01-16,+50.0%,+51.61%,0.7581,29,✗ No,budget_exceeded
6,420,410,01-16,+49.8%,+3.53%,0.5177,32,✓ Yes,completed
6,420,411,01-16,+49.3%,+3.55%,0.5177,32,✓ Yes,completed
6,420,412,01-16,+48.4%,+3.51%,0.5175,34,✓ Yes,completed
6,420,412,01-16,+48.0%,+3.51%,0.5175,34,✓ Yes,completed
6,420,413,01-16,+47.2%,+3.49%,0.5175,35,✓ Yes,completed
6,420,414,01-16,+46.7%,+3.46%,0.5173,36,✓ Yes,completed
6,420,414,01-16,+46.2%,+3.45%,0.5173,37,✓ Yes,completed
6,420,415,01-16,+45.9%,+3.46%,0.5173,37,✓ Yes,completed
6,420,416,01-16,+45.7%,+3.47%,0.5173,37,✓ Yes,completed
6,420,417,01-16,+45.2%,+3.46%,0.5173,38,✓ Yes,completed
6,420,417,01-16,+44.6%,+3.47%,0.5174,39,✓ Yes,completed
6,420,418,01-16,+44.2%,+3.47%,0.5174,39,✓ Yes,completed
6,420,419,01-16,+43.4%,+3.46%,0.5173,42,✓ Yes,completed
6,420,419,01-16,+42.5%,+3.42%,0.5171,42,✓ Yes,completed
6,420,420,01-16,+42.2%,+3.39%,0.5170,53,✓ Yes,completed
6,421,410,01-16,+49.6%,+3.53%,0.5177,31,✓ Yes,completed
6,421,410,01-16,+48.7%,+3.50%,0.5175,31,✓ Yes,completed
6,421,411,01-16,+48.2%,+3.51%,0.5175,31,✓ Yes,completed
6,421,412,01-16,+47.2%,+3.49%,0.5174,33,✓ Yes,completed
6,421,413,01-16,+46.9%,+3.47%,0.5174,33,✓ Yes,completed
6,421,413,01-16,+46.3%,+3.46%,0.5173,33,✓ Yes,completed
6,421,414,01-16,+46.0%,+3.46%,0.5173,34,✓ Yes,completed
6,421,415,01-16,+45.3%,+3.47%,0.5173,35,✓ Yes,completed
6,421,415,01-16,+45.1%,+3.46%,0.5173,35,✓ Yes,completed
6,421,416,01-16,+44.9%,+3.47%,0.5173,35,✓ Yes,completed
6,421,417,01-16,+44.6%,+3.48%,0.5174,36,✓ Yes,completed
6,421,417,01-16,+43.7%,+3.49%,0.5174,37,✓ Yes,completed
6,421,418,01-16,+43.5%,+3.48%,0.5174,37,✓ Yes,completed
6,421,419,01-16,+42.5%,+3.43%,0.5171,40,✓ Yes,completed
6,421,420,01-16,+41.8%,+3.41%,0.5171,40,✓ Yes,completed
6,421,420,01-16,+41.5%,+3.38%,0.5169,41,✓ Yes,completed
6,421,421,01-16,+40.9%,+3.32%,0.5166,52,✓ Yes,completed
6,422,410,01-16,+49.3%,+3.53%,0.5177,30,✓ Yes,completed
6,422,410,01-16,+48.3%,+3.50%,0.5175,30,✓ Yes,completed
6,422,411,01-16,+47.8%,+3.50%,0.5175,30,✓ Yes,completed
6,422,412,01-16,+46.7%,+3.46%,0.5173,31,✓ Yes,completed
6,422,412,01-16,+46.3%,+3.46%,0.5173,31,✓ Yes,completed
6,422,413,01-16,+45.8%,+3.47%,0.5174,31,✓ Yes,completed
6,422,414,01-16,+45.5%,+3.47%,0.5174,32,✓ Yes,completed
6,422,414,01-16,+44.9%,+3.46%,0.5173,33,✓ Yes,completed
6,422,415,01-16,+44.6%,+3.48%,0.5174,33,✓ Yes,completed
6,422,416,01-16,+44.5%,+3.48%,0.5174,33,✓ Yes,completed
6,422,416,01-16,+44.1%,+3.49%,0.5174,34,✓ Yes,completed
6,422,417,01-16,+43.3%,+3.47%,0.5174,35,✓ Yes,completed
6,422,418,01-16,+43.1%,+3.46%,0.5173,35,✓ Yes,completed
6,422,419,01-16,+42.1%,+3.43%,0.5172,38,✓ Yes,completed
6,422,419,01-16,+41.7%,+3.41%,0.5170,38,✓ Yes,completed
6,422,420,01-16,+41.2%,+3.37%,0.5168,38,✓ Yes,completed
6,422,421,01-16,+40.7%,+3.35%,0.5167,39,✓ Yes,completed
6,422,421,01-16,+40.0%,+3.32%,0.5166,43,✓ Yes,completed
6,422,422,01-16,+39.6%,+3.25%,0.5162,53,✓ Yes,completed
7,417,412,01-15,+50.0%,+62.24%,0.8112,33,✗ No,budget_exceeded
7,417,412,01-15,+50.0%,+62.12%,0.8106,33,✗ No,budget_exceeded
7,417,412,01-15,+50.0%,+52.11%,0.7605,34,✗ No,budget_exceeded
7,417,413,01-15,+50.0%,+50.31%,0.7515,35,✗ No,budget_exceeded
7,417,413,01-15,+50.0%,+48.44%,0.7422,38,✗ No,budget_exceeded
7,417,413,01-15,+50.0%,+47.78%,0.7389,39,✗ No,budget_exceeded
7,417,414,01-15,+50.0%,+3.57%,0.5178,39,✓ Yes,completed
7,417,414,01-15,+49.8%,+3.56%,0.5178,40,✓ Yes,completed
7,417,414,01-15,+49.4%,+3.57%,0.5178,41,✓ Yes,completed
7,417,415,01-15,+49.3%,+3.56%,0.5178,41,✓ Yes,completed
7,417,415,01-15,+49.1%,+3.56%,0.5178,41,✓ Yes,completed
7,417,415,01-15,+49.0%,+3.55%,0.5177,41,✓ Yes,completed
7,417,416,01-15,+48.9%,+3.54%,0.5177,41,✓ Yes,completed
7,417,416,01-15,+48.8%,+3.54%,0.5177,41,✓ Yes,completed
7,417,416,01-15,+48.7%,+3.53%,0.5176,41,✓ Yes,completed
7,417,417,01-15,+48.4%,+3.51%,0.5176,43,✓ Yes,completed
7,417,417,01-15,+48.1%,+3.50%,0.5175,46,✓ Yes,completed
7,417,417,01-15,+47.9%,+3.49%,0.5175,49,✓ Yes,completed
7,417,417,01-15,+47.7%,+3.48%,0.5174,55,✓ Yes,completed
7,418,412,01-15,+50.0%,+50.35%,0.7517,33,✗ No,budget_exceeded
7,418,412,01-15,+50.0%,+50.22%,0.7511,33,✗ No,budget_exceeded
7,418,412,01-15,+50.0%,+50.07%,0.7504,33,✗ No,budget_exceeded
7,418,413,01-15,+50.0%,+48.51%,0.7425,35,✗ No,budget_exceeded
7,418,413,01-15,+49.7%,+3.57%,0.5179,37,✓ Yes,completed
7,418,413,01-15,+49.6%,+3.57%,0.5179,37,✓ Yes,completed
7,418,414,01-15,+49.4%,+3.58%,0.5179,37,✓ Yes,completed
7,418,414,01-15,+49.3%,+3.57%,0.5178,38,✓ Yes,completed
7,418,414,01-15,+48.9%,+3.54%,0.5177,39,✓ Yes,completed
7,418,415,01-15,+48.7%,+3.53%,0.5177,39,✓ Yes,completed
7,418,415,01-15,+48.7%,+3.53%,0.5176,39,✓ Yes,completed
7,418,415,01-15,+48.5%,+3.53%,0.5176,39,✓ Yes,completed
7,418,416,01-15,+48.5%,+3.53%,0.5176,39,✓ Yes,completed
7,418,416,01-15,+48.4%,+3.52%,0.5176,39,✓ Yes,completed
7,418,416,01-15,+48.2%,+3.52%,0.5176,39,✓ Yes,completed
7,418,417,01-15,+47.8%,+3.52%,0.5176,40,✓ Yes,completed
7,418,417,01-15,+47.5%,+3.53%,0.5176,41,✓ Yes,completed
7,418,417,01-15,+47.3%,+3.53%,0.5176,41,✓ Yes,completed
7,418,418,01-15,+47.1%,+3.52%,0.5176,41,✓ Yes,completed
7,418,418,01-15,+46.9%,+3.52%,0.5176,41,✓ Yes,completed
7,418,418,01-15,+46.8%,+3.51%,0.5176,42,✓ Yes,completed
7,418,418,01-15,+46.6%,+3.48%,0.5174,56,✓ Yes,completed
7,419,412,01-15,+50.0%,+50.04%,0.7502,32,✗ No,budget_exceeded
7,419,412,01-15,+50.0%,+49.47%,0.7473,33,✗ No,budget_exceeded
7,419,412,01-15,+50.0%,+48.52%,0.7426,34,✗ No,budget_exceeded
7,419,413,01-15,+49.9%,+3.57%,0.5179,34,✓ Yes,completed
7,419,413,01-15,+49.7%,+3.58%,0.5179,34,✓ Yes,completed
7,419,413,01-15,+49.2%,+3.57%,0.5178,35,✓ Yes,completed
7,419,414,01-15,+49.1%,+3.56%,0.5178,35,✓ Yes,completed
7,419,414,01-15,+48.9%,+3.55%,0.5177,36,✓ Yes,completed
7,419,414,01-15,+48.6%,+3.53%,0.5176,37,✓ Yes,completed
7,419,415,01-15,+48.3%,+3.53%,0.5176,37,✓ Yes,completed
7,419,415,01-15,+48.2%,+3.52%,0.5176,37,✓ Yes,completed
7,419,415,01-15,+48.1%,+3.52%,0.5176,37,✓ Yes,completed
7,419,415,01-15,+48.1%,+3.52%,0.5176,37,✓ Yes,completed
7,419,416,01-15,+47.9%,+3.52%,0.5176,37,✓ Yes,completed
7,419,416,01-15,+47.8%,+3.52%,0.5176,37,✓ Yes,completed
7,419,416,01-15,+47.5%,+3.53%,0.5177,38,✓ Yes,completed
7,419,417,01-15,+47.5%,+3.53%,0.5177,38,✓ Yes,completed
7,419,417,01-15,+47.0%,+3.52%,0.5176,39,✓ Yes,completed
7,419,417,01-15,+46.6%,+3.53%,0.5177,39,✓ Yes,completed
7,419,418,01-15,+46.6%,+3.53%,0.5177,39,✓ Yes,completed
7,419,418,01-15,+46.5%,+3.54%,0.5177,39,✓ Yes,completed
7,419,418,01-15,+46.4%,+3.54%,0.5177,39,✓ Yes,completed
7,419,419,01-15,+45.9%,+3.53%,0.5177,43,✓ Yes,completed
7,419,419,01-15,+45.7%,+3.54%,0.5177,43,✓ Yes,completed
7,419,419,01-15,+45.3%,+3.51%,0.5176,48,✓ Yes,completed
7,419,419,01-15,+45.1%,+3.46%,0.5173,60,✓ Yes,completed
7,417,412,01-16,+49.7%,+3.54%,0.5177,38,✓ Yes,completed
7,417,412,01-16,+49.6%,+3.54%,0.5177,38,✓ Yes,completed
7,417,412,01-16,+49.4%,+3.55%,0.5177,38,✓ Yes,completed
7,417,413,01-16,+49.1%,+3.54%,0.5177,38,✓ Yes,completed
7,417,413,01-16,+48.4%,+3.51%,0.5175,39,✓ Yes,completed
7,417,413,01-16,+48.2%,+3.51%,0.5175,39,✓ Yes,completed
7,417,414,01-16,+48.1%,+3.51%,0.5175,39,✓ Yes,completed
7,417,414,01-16,+47.9%,+3.50%,0.5175,40,✓ Yes,completed
7,417,414,01-16,+47.6%,+3.50%,0.5175,41,✓ Yes,completed
7,417,415,01-16,+47.5%,+3.50%,0.5175,41,✓ Yes,completed
7,417,415,01-16,+47.3%,+3.49%,0.5175,41,✓ Yes,completed
7,417,415,01-16,+47.1%,+3.48%,0.5174,41,✓ Yes,completed
7,417,416,01-16,+47.1%,+3.48%,0.5174,41,✓ Yes,completed
7,417,416,01-16,+47.0%,+3.47%,0.5174,41,✓ Yes,completed
7,417,416,01-16,+46.9%,+3.46%,0.5173,41,✓ Yes,completed
7,417,417,01-16,+46.6%,+3.45%,0.5173,43,✓ Yes,completed
7,417,417,01-16,+46.2%,+3.43%,0.5172,46,✓ Yes,completed
7,417,417,01-16,+46.0%,+3.43%,0.5171,49,✓ Yes,completed
7,417,417,01-16,+45.9%,+3.42%,0.5171,55,✓ Yes,completed
7,418,412,01-16,+49.1%,+3.54%,0.5177,36,✓ Yes,completed
7,418,412,01-16,+49.0%,+3.53%,0.5177,36,✓ Yes,completed
7,418,412,01-16,+48.8%,+3.52%,0.5176,36,✓ Yes,completed
7,418,413,01-16,+48.5%,+3.51%,0.5176,36,✓ Yes,completed
7,418,413,01-16,+47.9%,+3.51%,0.5175,37,✓ Yes,completed
7,418,413,01-16,+47.7%,+3.51%,0.5176,37,✓ Yes,completed
7,418,414,01-16,+47.6%,+3.51%,0.5176,37,✓ Yes,completed
7,418,414,01-16,+47.4%,+3.50%,0.5175,38,✓ Yes,completed
7,418,414,01-16,+47.0%,+3.48%,0.5174,39,✓ Yes,completed
7,418,415,01-16,+46.9%,+3.47%,0.5173,39,✓ Yes,completed
7,418,415,01-16,+46.8%,+3.46%,0.5173,39,✓ Yes,completed
7,418,415,01-16,+46.6%,+3.46%,0.5173,39,✓ Yes,completed
7,418,416,01-16,+46.6%,+3.46%,0.5173,39,✓ Yes,completed
7,418,416,01-16,+46.5%,+3.46%,0.5173,39,✓ Yes,completed
7,418,416,01-16,+46.4%,+3.46%,0.5173,39,✓ Yes,completed
7,418,417,01-16,+46.0%,+3.45%,0.5173,40,✓ Yes,completed
7,418,417,01-16,+45.6%,+3.46%,0.5173,41,✓ Yes,completed
7,418,417,01-16,+45.4%,+3.46%,0.5173,41,✓ Yes,completed
7,418,418,01-16,+45.2%,+3.46%,0.5173,41,✓ Yes,completed
7,418,418,01-16,+45.1%,+3.45%,0.5173,41,✓ Yes,completed
7,418,418,01-16,+45.0%,+3.45%,0.5173,42,✓ Yes,completed
7,418,418,01-16,+44.8%,+3.42%,0.5171,56,✓ Yes,completed
7,419,412,01-16,+48.6%,+3.51%,0.5176,34,✓ Yes,completed
7,419,412,01-16,+48.5%,+3.51%,0.5176,34,✓ Yes,completed
7,419,412,01-16,+48.4%,+3.52%,0.5176,34,✓ Yes,completed
7,419,413,01-16,+48.0%,+3.51%,0.5176,34,✓ Yes,completed
7,419,413,01-16,+47.9%,+3.51%,0.5176,34,✓ Yes,completed
7,419,413,01-16,+47.3%,+3.50%,0.5175,35,✓ Yes,completed
7,419,414,01-16,+47.2%,+3.50%,0.5175,35,✓ Yes,completed
7,419,414,01-16,+47.0%,+3.48%,0.5174,36,✓ Yes,completed
7,419,414,01-16,+46.8%,+3.47%,0.5173,37,✓ Yes,completed
7,419,415,01-16,+46.5%,+3.46%,0.5173,37,✓ Yes,completed
7,419,415,01-16,+46.4%,+3.46%,0.5173,37,✓ Yes,completed
7,419,415,01-16,+46.2%,+3.46%,0.5173,37,✓ Yes,completed
7,419,415,01-16,+46.2%,+3.46%,0.5173,37,✓ Yes,completed
7,419,416,01-16,+46.1%,+3.46%,0.5173,37,✓ Yes,completed
7,419,416,01-16,+46.0%,+3.46%,0.5173,37,✓ Yes,completed
7,419,416,01-16,+45.7%,+3.47%,0.5173,38,✓ Yes,completed
7,419,417,01-16,+45.6%,+3.47%,0.5174,38,✓ Yes,completed
7,419,417,01-16,+45.1%,+3.46%,0.5173,39,✓ Yes,completed
7,419,417,01-16,+44.8%,+3.47%,0.5173,39,✓ Yes,completed
7,419,418,01-16,+44.7%,+3.47%,0.5173,39,✓ Yes,completed
7,419,418,01-16,+44.6%,+3.47%,0.5174,39,✓ Yes,completed
7,419,418,01-16,+44.6%,+3.47%,0.5174,39,✓ Yes,completed
7,419,419,01-16,+44.1%,+3.47%,0.5174,43,✓ Yes,completed
7,419,419,01-16,+43.9%,+3.48%,0.5174,43,✓ Yes,completed
7,419,419,01-16,+43.5%,+3.45%,0.5172,48,✓ Yes,completed
7,419,419,01-16,+43.2%,+3.40%,0.5170,60,✓ Yes,completed
8,418,413,01-15,+50.0%,+48.52%,0.7426,35,✗ No,budget_exceeded
8,418,413,01-15,+50.0%,+47.82%,0.7391,36,✗ No,budget_exceeded
8,418,413,01-15,+49.7%,+3.57%,0.5179,37,✓ Yes,completed
8,418,414,01-15,+49.5%,+3.58%,0.5179,37,✓ Yes,completed
8,418,414,01-15,+49.3%,+3.57%,0.5178,38,✓ Yes,completed
8,418,414,01-15,+49.1%,+3.55%,0.5178,39,✓ Yes,completed
8,418,414,01-15,+48.9%,+3.54%,0.5177,39,✓ Yes,completed
8,418,415,01-15,+48.7%,+3.53%,0.5176,39,✓ Yes,completed
8,418,415,01-15,+48.5%,+3.53%,0.5176,39,✓ Yes,completed
8,418,415,01-15,+48.5%,+3.53%,0.5176,39,✓ Yes,completed
8,418,416,01-15,+48.5%,+3.53%,0.5176,39,✓ Yes,completed
8,418,416,01-15,+48.3%,+3.52%,0.5176,39,✓ Yes,completed
8,418,416,01-15,+48.0%,+3.51%,0.5176,40,✓ Yes,completed
8,418,417,01-15,+47.8%,+3.52%,0.5176,40,✓ Yes,completed
8,418,417,01-15,+47.5%,+3.53%,0.5176,41,✓ Yes,completed
8,418,417,01-15,+47.1%,+3.52%,0.5176,41,✓ Yes,completed
8,418,418,01-15,+47.0%,+3.52%,0.5176,41,✓ Yes,completed
8,418,418,01-15,+46.9%,+3.52%,0.5176,41,✓ Yes,completed
8,418,418,01-15,+46.6%,+3.48%,0.5174,56,✓ Yes,completed
8,419,413,01-15,+49.9%,+3.57%,0.5179,34,✓ Yes,completed
8,419,413,01-15,+49.7%,+3.58%,0.5179,34,✓ Yes,completed
8,419,413,01-15,+49.3%,+3.58%,0.5179,35,✓ Yes,completed
8,419,414,01-15,+49.1%,+3.56%,0.5178,35,✓ Yes,completed
8,419,414,01-15,+48.9%,+3.55%,0.5177,36,✓ Yes,completed
8,419,414,01-15,+48.6%,+3.53%,0.5176,37,✓ Yes,completed
8,419,414,01-15,+48.4%,+3.53%,0.5176,37,✓ Yes,completed
8,419,415,01-15,+48.2%,+3.52%,0.5176,37,✓ Yes,completed
8,419,415,01-15,+48.1%,+3.52%,0.5176,37,✓ Yes,completed
8,419,415,01-15,+48.1%,+3.52%,0.5176,37,✓ Yes,completed
8,419,416,01-15,+47.9%,+3.52%,0.5176,37,✓ Yes,completed
8,419,416,01-15,+47.8%,+3.52%,0.5176,37,✓ Yes,completed
8,419,416,01-15,+47.5%,+3.53%,0.5177,38,✓ Yes,completed
8,419,417,01-15,+47.5%,+3.53%,0.5177,38,✓ Yes,completed
8,419,417,01-15,+46.8%,+3.52%,0.5176,39,✓ Yes,completed
8,419,417,01-15,+46.6%,+3.53%,0.5177,39,✓ Yes,completed
8,419,418,01-15,+46.6%,+3.53%,0.5177,39,✓ Yes,completed
8,419,418,01-15,+46.5%,+3.54%,0.5177,39,✓ Yes,completed
8,419,418,01-15,+46.1%,+3.53%,0.5177,41,✓ Yes,completed
8,419,419,01-15,+45.9%,+3.53%,0.5177,43,✓ Yes,completed
8,419,419,01-15,+45.7%,+3.54%,0.5177,43,✓ Yes,completed
8,419,419,01-15,+45.1%,+3.46%,0.5173,60,✓ Yes,completed
8,418,413,01-16,+48.5%,+3.51%,0.5176,36,✓ Yes,completed
8,418,413,01-16,+48.3%,+3.51%,0.5176,36,✓ Yes,completed
8,418,413,01-16,+47.9%,+3.51%,0.5175,37,✓ Yes,completed
8,418,414,01-16,+47.6%,+3.51%,0.5176,37,✓ Yes,completed
8,418,414,01-16,+47.4%,+3.51%,0.5175,38,✓ Yes,completed
8,418,414,01-16,+47.2%,+3.49%,0.5174,39,✓ Yes,completed
8,418,414,01-16,+47.0%,+3.48%,0.5174,39,✓ Yes,completed
8,418,415,01-16,+46.8%,+3.47%,0.5173,39,✓ Yes,completed
8,418,415,01-16,+46.7%,+3.46%,0.5173,39,✓ Yes,completed
8,418,415,01-16,+46.7%,+3.46%,0.5173,39,✓ Yes,completed
8,418,416,01-16,+46.6%,+3.46%,0.5173,39,✓ Yes,completed
8,418,416,01-16,+46.4%,+3.46%,0.5173,39,✓ Yes,completed
8,418,416,01-16,+46.1%,+3.45%,0.5172,40,✓ Yes,completed
8,418,417,01-16,+46.0%,+3.45%,0.5173,40,✓ Yes,completed
8,418,417,01-16,+45.6%,+3.46%,0.5173,41,✓ Yes,completed
8,418,417,01-16,+45.2%,+3.46%,0.5173,41,✓ Yes,completed
8,418,418,01-16,+45.2%,+3.46%,0.5173,41,✓ Yes,completed
8,418,418,01-16,+45.1%,+3.45%,0.5173,41,✓ Yes,completed
8,418,418,01-16,+44.8%,+3.42%,0.5171,56,✓ Yes,completed
8,419,413,01-16,+48.0%,+3.51%,0.5176,34,✓ Yes,completed
8,419,413,01-16,+47.9%,+3.51%,0.5176,34,✓ Yes,completed
8,419,413,01-16,+47.5%,+3.51%,0.5176,35,✓ Yes,completed
8,419,414,01-16,+47.2%,+3.50%,0.5175,35,✓ Yes,completed
8,419,414,01-16,+47.0%,+3.48%,0.5174,36,✓ Yes,completed
8,419,414,01-16,+46.8%,+3.47%,0.5173,37,✓ Yes,completed
8,419,414,01-16,+46.6%,+3.46%,0.5173,37,✓ Yes,completed
8,419,415,01-16,+46.4%,+3.46%,0.5173,37,✓ Yes,completed
8,419,415,01-16,+46.2%,+3.46%,0.5173,37,✓ Yes,completed
8,419,415,01-16,+46.2%,+3.46%,0.5173,37,✓ Yes,completed
8,419,416,01-16,+46.1%,+3.46%,0.5173,37,✓ Yes,completed
8,419,416,01-16,+46.0%,+3.46%,0.5173,37,✓ Yes,completed
8,419,416,01-16,+45.7%,+3.47%,0.5173,38,✓ Yes,completed
8,419,417,01-16,+45.6%,+3.47%,0.5174,38,✓ Yes,completed
8,419,417,01-16,+45.0%,+3.46%,0.5173,39,✓ Yes,completed
8,419,417,01-16,+44.8%,+3.47%,0.5173,39,✓ Yes,completed
8,419,418,01-16,+44.7%,+3.47%,0.5173,39,✓ Yes,completed
8,419,418,01-16,+44.6%,+3.47%,0.5174,39,✓ Yes,completed
8,419,418,01-16,+44.3%,+3.47%,0.5173,41,✓ Yes,completed
8,419,419,01-16,+44.1%,+3.47%,0.5174,43,✓ Yes,completed
8,419,419,01-16,+43.9%,+3.48%,0.5174,43,✓ Yes,completed
8,419,419,01-16,+43.2%,+3.40%,0.5170,60,✓ Yes,completed
9,419,413,01-15,+50.0%,+47.72%,0.7386,36,✗ No,budget_exceeded
9,419,413,01-15,+49.5%,+3.57%,0.5179,37,✓ Yes,completed
9,419,414,01-15,+49.4%,+3.57%,0.5179,37,✓ Yes,completed
9,419,414,01-15,+49.2%,+3.56%,0.5178,38,✓ Yes,completed
9,419,414,01-15,+48.9%,+3.54%,0.5177,39,✓ Yes,completed
9,419,415,01-15,+48.6%,+3.53%,0.5176,39,✓ Yes,completed
9,419,415,01-15,+48.6%,+3.53%,0.5176,39,✓ Yes,completed
9,419,415,01-15,+48.4%,+3.52%,0.5176,39,✓ Yes,completed
9,419,415,01-15,+48.4%,+3.52%,0.5176,39,✓ Yes,completed
9,419,416,01-15,+48.3%,+3.52%,0.5176,39,✓ Yes,completed
9,419,416,01-15,+48.1%,+3.52%,0.5176,39,✓ Yes,completed
9,419,416,01-15,+47.9%,+3.52%,0.5176,40,✓ Yes,completed
9,419,417,01-15,+47.7%,+3.52%,0.5176,40,✓ Yes,completed
9,419,417,01-15,+47.1%,+3.52%,0.5176,41,✓ Yes,completed
9,419,417,01-15,+46.9%,+3.52%,0.5176,41,✓ Yes,completed
9,419,418,01-15,+46.9%,+3.52%,0.5176,41,✓ Yes,completed
9,419,418,01-15,+46.7%,+3.52%,0.5176,41,✓ Yes,completed
9,419,418,01-15,+46.4%,+3.52%,0.5176,45,✓ Yes,completed
9,419,419,01-15,+46.3%,+3.50%,0.5175,51,✓ Yes,completed
9,419,413,01-16,+48.2%,+3.51%,0.5176,36,✓ Yes,completed
9,419,413,01-16,+47.6%,+3.51%,0.5176,37,✓ Yes,completed
9,419,414,01-16,+47.5%,+3.51%,0.5176,37,✓ Yes,completed
9,419,414,01-16,+47.4%,+3.50%,0.5175,38,✓ Yes,completed
9,419,414,01-16,+47.1%,+3.48%,0.5174,39,✓ Yes,completed
9,419,415,01-16,+46.8%,+3.46%,0.5173,39,✓ Yes,completed
9,419,415,01-16,+46.7%,+3.46%,0.5173,39,✓ Yes,completed
9,419,415,01-16,+46.6%,+3.46%,0.5173,39,✓ Yes,completed
9,419,415,01-16,+46.5%,+3.46%,0.5173,39,✓ Yes,completed
9,419,416,01-16,+46.4%,+3.46%,0.5173,39,✓ Yes,completed
9,419,416,01-16,+46.3%,+3.45%,0.5173,39,✓ Yes,completed
9,419,416,01-16,+46.0%,+3.45%,0.5173,40,✓ Yes,completed
9,419,417,01-16,+45.9%,+3.46%,0.5173,40,✓ Yes,completed
9,419,417,01-16,+45.3%,+3.46%,0.5173,41,✓ Yes,completed
9,419,417,01-16,+45.1%,+3.45%,0.5173,41,✓ Yes,completed
9,419,418,01-16,+45.0%,+3.45%,0.5173,41,✓ Yes,completed
9,419,418,01-16,+44.9%,+3.46%,0.5173,41,✓ Yes,completed
9,419,418,01-16,+44.6%,+3.46%,0.5173,45,✓ Yes,completed
9,419,419,01-16,+44.5%,+3.44%,0.5172,51,✓ Yes,completed
