Iter,θ_p,θ_r,Start,Overhead %,CO₂ Save %,Score,Pauses,Budget,Stop
0,10,0,01-01,+50.0%,+95.90%,0.9795,1,✗ No,budget_exceeded
0,10,10,01-01,+50.0%,+95.90%,0.9795,1,✗ No,budget_exceeded
0,98,0,01-01,+50.0%,+95.90%,0.9795,1,✗ No,budget_exceeded
0,98,98,01-01,+50.0%,+95.90%,0.9795,1,✗ No,budget_exceeded
0,186,0,01-01,+50.0%,+95.90%,0.9795,1,✗ No,budget_exceeded
0,186,186,01-01,+50.0%,+95.75%,0.9788,11,✗ No,budget_exceeded
0,273,0,01-01,+50.0%,+95.72%,0.9786,1,✗ No,budget_exceeded
0,273,137,01-01,+50.0%,+95.72%,0.9786,1,✗ No,budget_exceeded
0,273,273,01-01,+50.0%,+89.76%,0.9488,177,✗ No,budget_exceeded
0,361,0,01-01,+50.0%,+95.39%,0.9769,1,✗ No,budget_exceeded
0,361,90,01-01,+50.0%,+95.39%,0.9769,1,✗ No,budget_exceeded
0,361,181,01-01,+50.0%,+94.63%,0.9732,7,✗ No,budget_exceeded
0,361,271,01-01,+50.0%,+85.22%,0.9261,153,✗ No,budget_exceeded
0,361,361,01-01,+50.0%,+71.19%,0.8560,341,✗ No,budget_exceeded
0,449,0,01-01,+50.0%,+94.31%,0.9715,1,✗ No,budget_exceeded
0,449,90,01-01,+50.0%,+94.31%,0.9715,1,✗ No,budget_exceeded
0,449,180,01-01,+50.0%,+90.29%,0.9515,3,✗ No,budget_exceeded
0,449,269,01-01,+50.0%,+62.05%,0.8103,63,✗ No,budget_exceeded
0,449,359,01-01,+50.0%,+17.85%,0.5892,227,✗ No,budget_exceeded
0,449,449,01-01,+31.5%,+8.08%,0.5404,341,✓ Yes,completed
0,537,0,01-01,+50.0%,+93.95%,0.9697,1,✗ No,budget_exceeded
0,537,89,01-01,+50.0%,+93.95%,0.9697,1,✗ No,budget_exceeded
0,537,179,01-01,+50.0%,+83.76%,0.9188,2,✗ No,budget_exceeded
0,537,268,01-01,+33.8%,+5.11%,0.5255,7,✓ Yes,completed
0,537,358,01-01,+15.5%,+4.15%,0.5208,20,✓ Yes,completed
0,537,447,01-01,+7.9%,+2.31%,0.5115,33,✓ Yes,completed
0,537,537,01-01,+3.3%,+1.31%,0.5065,82,✓ Yes,completed
0,624,0,01-01,+0.0%,+0.00%,0.5000,0,✓ Yes,completed
0,624,89,01-01,+0.0%,+0.00%,0.5000,0,✓ Yes,completed
0,624,178,01-01,+0.0%,+0.00%,0.5000,0,✓ Yes,completed
0,624,268,01-01,+0.0%,+0.00%,0.5000,0,✓ Yes,completed
0,624,357,01-01,+0.0%,+0.00%,0.5000,0,✓ Yes,completed
0,624,446,01-01,+0.0%,+0.00%,0.5000,0,✓ Yes,completed
0,624,535,01-01,+0.0%,+0.00%,0.5000,0,✓ Yes,completed
0,624,624,01-01,+0.0%,+0.00%,0.5000,0,✓ Yes,completed
0,712,0,01-01,+0.0%,+0.00%,0.5000,0,✓ Yes,completed
0,712,89,01-01,+0.0%,+0.00%,0.5000,0,✓ Yes,completed
0,712,178,01-01,+0.0%,+0.00%,0.5000,0,✓ Yes,completed
0,712,267,01-01,+0.0%,+0.00%,0.5000,0,✓ Yes,completed
0,712,356,01-01,+0.0%,+0.00%,0.5000,0,✓ Yes,completed
0,712,445,01-01,+0.0%,+0.00%,0.5000,0,✓ Yes,completed
0,712,534,01-01,+0.0%,+0.00%,0.5000,0,✓ Yes,completed
0,712,623,01-01,+0.0%,+0.00%,0.5000,0,✓ Yes,completed
0,712,712,01-01,+0.0%,+0.00%,0.5000,0,✓ Yes,completed
0,800,0,01-01,+0.0%,+0.00%,0.5000,0,✓ Yes,completed
0,800,89,01-01,+0.0%,+0.00%,0.5000,0,✓ Yes,completed
0,800,178,01-01,+0.0%,+0.00%,0.5000,0,✓ Yes,completed
0,800,267,01-01,+0.0%,+0.00%,0.5000,0,✓ Yes,completed
0,800,356,01-01,+0.0%,+0.00%,0.5000,0,✓ Yes,completed
0,800,444,01-01,+0.0%,+0.00%,0.5000,0,✓ Yes,completed
0,800,533,01-01,+0.0%,+0.00%,0.5000,0,✓ Yes,completed
0,800,622,01-01,+0.0%,+0.00%,0.5000,0,✓ Yes,completed
0,800,711,01-01,+0.0%,+0.00%,0.5000,0,✓ Yes,completed
0,800,800,01-01,+0.0%,+0.00%,0.5000,0,✓ Yes,completed
0,10,0,03-03,+50.0%,+95.89%,0.9795,1,✗ No,budget_exceeded
0,10,10,03-03,+50.0%,+95.89%,0.9795,1,✗ No,budget_exceeded
0,98,0,03-03,+50.0%,+95.89%,0.9795,1,✗ No,budget_exceeded
0,98,98,03-03,+50.0%,+95.89%,0.9795,1,✗ No,budget_exceeded
0,186,0,03-03,+50.0%,+95.89%,0.9795,1,✗ No,budget_exceeded
0,186,186,03-03,+50.0%,+95.74%,0.9787,11,✗ No,budget_exceeded
0,273,0,03-03,+50.0%,+95.89%,0.9795,1,✗ No,budget_exceeded
0,273,137,03-03,+50.0%,+95.89%,0.9795,1,✗ No,budget_exceeded
0,273,273,03-03,+50.0%,+89.45%,0.9473,186,✗ No,budget_exceeded
0,361,0,03-03,+50.0%,+95.89%,0.9795,1,✗ No,budget_exceeded
0,361,90,03-03,+50.0%,+95.89%,0.9795,1,✗ No,budget_exceeded
0,361,181,03-03,+50.0%,+95.12%,0.9756,7,✗ No,budget_exceeded
0,361,271,03-03,+50.0%,+84.22%,0.9211,156,✗ No,budget_exceeded
0,361,361,03-03,+50.0%,+71.23%,0.8562,336,✗ No,budget_exceeded
0,449,0,03-03,+50.0%,+95.89%,0.9795,1,✗ No,budget_exceeded
0,449,90,03-03,+50.0%,+95.89%,0.9795,1,✗ No,budget_exceeded
0,449,180,03-03,+50.0%,+91.80%,0.9590,3,✗ No,budget_exceeded
0,449,269,03-03,+50.0%,+59.47%,0.7974,69,✗ No,budget_exceeded
0,449,359,03-03,+50.0%,+14.99%,0.5750,230,✗ No,budget_exceeded
0,449,449,03-03,+28.9%,+6.49%,0.5325,345,✓ Yes,completed
0,537,0,03-03,+50.0%,+95.89%,0.9795,1,✗ No,budget_exceeded
0,537,89,03-03,+50.0%,+95.89%,0.9795,1,✗ No,budget_exceeded
0,537,179,03-03,+50.0%,+85.34%,0.9267,2,✗ No,budget_exceeded
0,537,268,03-03,+24.4%,+3.46%,0.5173,6,✓ Yes,completed
0,537,358,03-03,+11.0%,+3.14%,0.5157,17,✓ Yes,completed
0,537,447,03-03,+5.9%,+2.31%,0.5115,24,✓ Yes,completed
0,537,537,03-03,+2.5%,+1.32%,0.5066,62,✓ Yes,completed
0,624,0,03-03,+0.0%,+0.00%,0.5000,0,✓ Yes,completed
0,624,89,03-03,+0.0%,+0.00%,0.5000,0,✓ Yes,completed
0,624,178,03-03,+0.0%,+0.00%,0.5000,0,✓ Yes,completed
0,624,268,03-03,+0.0%,+0.00%,0.5000,0,✓ Yes,completed
0,624,357,03-03,+0.0%,+0.00%,0.5000,0,✓ Yes,completed
0,624,446,03-03,+0.0%,+0.00%,0.5000,0,✓ Yes,completed
0,624,535,03-03,+0.0%,+0.00%,0.5000,0,✓ Yes,completed
0,624,624,03-03,+0.0%,+0.00%,0.5000,0,✓ Yes,completed
0,712,0,03-03,+0.0%,+0.00%,0.5000,0,✓ Yes,completed
0,712,89,03-03,+0.0%,+0.00%,0.5000,0,✓ Yes,completed
0,712,178,03-03,+0.0%,+0.00%,0.5000,0,✓ Yes,completed
0,712,267,03-03,+0.0%,+0.00%,0.5000,0,✓ Yes,completed
0,712,356,03-03,+0.0%,+0.00%,0.5000,0,✓ Yes,completed
0,712,445,03-03,+0.0%,+0.00%,0.5000,0,✓ Yes,completed
0,712,534,03-03,+0.0%,+0.00%,0.5000,0,✓ Yes,completed
0,712,623,03-03,+0.0%,+0.00%,0.5000,0,✓ Yes,completed
0,712,712,03-03,+0.0%,+0.00%,0.5000,0,✓ Yes,completed
0,800,0,03-03,+0.0%,+0.00%,0.5000,0,✓ Yes,completed
0,800,89,03-03,+0.0%,+0.00%,0.5000,0,✓ Yes,completed
0,800,178,03-03,+0.0%,+0.00%,0.5000,0,✓ Yes,completed
0,800,267,03-03,+0.0%,+0.00%,0.5000,0,✓ Yes,completed
0,800,356,03-03,+0.0%,+0.00%,0.5000,0,✓ Yes,completed
0,800,444,03-03,+0.0%,+0.00%,0.5000,0,✓ Yes,completed
0,800,533,03-03,+0.0%,+0.00%,0.5000,0,✓ Yes,completed
0,800,622,03-03,+0.0%,+0.00%,0.5000,0,✓ Yes,completed
0,800,711,03-03,+0.0%,+0.00%,0.5000,0,✓ Yes,completed
0,800,800,03-03,+0.0%,+0.00%,0.5000,0,✓ Yes,completed
0,10,0,05-03,+50.0%,+95.70%,0.9785,1,✗ No,budget_exceeded
0,10,10,05-03,+50.0%,+95.70%,0.9785,1,✗ No,budget_exceeded
0,98,0,05-03,+50.0%,+95.70%,0.9785,1,✗ No,budget_exceeded
0,98,98,05-03,+50.0%,+95.70%,0.9785,1,✗ No,budget_exceeded
0,186,0,05-03,+50.0%,+95.70%,0.9785,1,✗ No,budget_exceeded
0,186,186,05-03,+50.0%,+95.54%,0.9777,11,✗ No,budget_exceeded
0,273,0,05-03,+50.0%,+95.70%,0.9785,1,✗ No,budget_exceeded
0,273,137,05-03,+50.0%,+95.70%,0.9785,1,✗ No,budget_exceeded
0,273,273,05-03,+50.0%,+89.55%,0.9478,159,✗ No,budget_exceeded
0,361,0,05-03,+50.0%,+95.70%,0.9785,1,✗ No,budget_exceeded
0,361,90,05-03,+50.0%,+95.70%,0.9785,1,✗ No,budget_exceeded
0,361,181,05-03,+50.0%,+94.92%,0.9746,7,✗ No,budget_exceeded
0,361,271,05-03,+50.0%,+84.01%,0.9200,133,✗ No,budget_exceeded
0,361,361,05-03,+50.0%,+70.45%,0.8522,339,✗ No,budget_exceeded
0,449,0,05-03,+50.0%,+95.10%,0.9755,1,✗ No,budget_exceeded
0,449,90,05-03,+50.0%,+95.10%,0.9755,1,✗ No,budget_exceeded
0,449,180,05-03,+50.0%,+90.98%,0.9549,3,✗ No,budget_exceeded
0,449,269,05-03,+50.0%,+43.41%,0.7170,104,✗ No,budget_exceeded
0,449,359,05-03,+50.0%,+15.89%,0.5795,194,✗ No,budget_exceeded
0,449,449,05-03,+31.3%,+3.91%,0.5195,332,✓ Yes,completed
0,537,0,05-03,+50.0%,+80.41%,0.9020,1,✗ No,budget_exceeded
0,537,89,05-03,+50.0%,+80.41%,0.9020,1,✗ No,budget_exceeded
0,537,179,05-03,+50.0%,+80.41%,0.9020,1,✗ No,budget_exceeded
0,537,268,05-03,+20.1%,+1.93%,0.5096,5,✓ Yes,completed
0,537,358,05-03,+10.4%,+1.91%,0.5096,13,✓ Yes,completed
0,537,447,05-03,+5.5%,+1.76%,0.5088,20,✓ Yes,completed
0,537,537,05-03,+2.3%,+1.06%,0.5053,53,✓ Yes,completed
0,624,0,05-03,+0.0%,+0.00%,0.5000,0,✓ Yes,completed
0,624,89,05-03,+0.0%,+0.00%,0.5000,0,✓ Yes,completed
0,624,178,05-03,+0.0%,+0.00%,0.5000,0,✓ Yes,completed
0,624,268,05-03,+0.0%,+0.00%,0.5000,0,✓ Yes,completed
0,624,357,05-03,+0.0%,+0.00%,0.5000,0,✓ Yes,completed
0,624,446,05-03,+0.0%,+0.00%,0.5000,0,✓ Yes,completed
0,624,535,05-03,+0.0%,+0.00%,0.5000,0,✓ Yes,completed
0,624,624,05-03,+0.0%,+0.00%,0.5000,0,✓ Yes,completed
0,712,0,05-03,+0.0%,+0.00%,0.5000,0,✓ Yes,completed
0,712,89,05-03,+0.0%,+0.00%,0.5000,0,✓ Yes,completed
0,712,178,05-03,+0.0%,+0.00%,0.5000,0,✓ Yes,completed
0,712,267,05-03,+0.0%,+0.00%,0.5000,0,✓ Yes,completed
0,712,356,05-03,+0.0%,+0.00%,0.5000,0,✓ Yes,completed
0,712,445,05-03,+0.0%,+0.00%,0.5000,0,✓ Yes,completed
0,712,534,05-03,+0.0%,+0.00%,0.5000,0,✓ Yes,completed
0,712,623,05-03,+0.0%,+0.00%,0.5000,0,✓ Yes,completed
0,712,712,05-03,+0.0%,+0.00%,0.5000,0,✓ Yes,completed
0,800,0,05-03,+0.0%,+0.00%,0.5000,0,✓ Yes,completed
0,800,89,05-03,+0.0%,+0.00%,0.5000,0,✓ Yes,completed
0,800,178,05-03,+0.0%,+0.00%,0.5000,0,✓ Yes,completed
0,800,267,05-03,+0.0%,+0.00%,0.5000,0,✓ Yes,completed
0,800,356,05-03,+0.0%,+0.00%,0.5000,0,✓ Yes,completed
0,800,444,05-03,+0.0%,+0.00%,0.5000,0,✓ Yes,completed
0,800,533,05-03,+0.0%,+0.00%,0.5000,0,✓ Yes,completed
0,800,622,05-03,+0.0%,+0.00%,0.5000,0,✓ Yes,completed
0,800,711,05-03,+0.0%,+0.00%,0.5000,0,✓ Yes,completed
0,800,800,05-03,+0.0%,+0.00%,0.5000,0,✓ Yes,completed
0,10,0,07-03,+50.0%,+95.57%,0.9778,1,✗ No,budget_exceeded
0,10,10,07-03,+50.0%,+95.57%,0.9778,1,✗ No,budget_exceeded
0,98,0,07-03,+50.0%,+95.57%,0.9778,1,✗ No,budget_exceeded
0,98,98,07-03,+50.0%,+95.57%,0.9778,1,✗ No,budget_exceeded
0,186,0,07-03,+50.0%,+95.57%,0.9778,1,✗ No,budget_exceeded
0,186,186,07-03,+50.0%,+95.55%,0.9778,2,✗ No,budget_exceeded
0,273,0,07-03,+50.0%,+95.57%,0.9778,1,✗ No,budget_exceeded
0,273,137,07-03,+50.0%,+95.57%,0.9778,1,✗ No,budget_exceeded
0,273,273,07-03,+50.0%,+91.98%,0.9599,99,✗ No,budget_exceeded
0,361,0,07-03,+50.0%,+95.57%,0.9778,1,✗ No,budget_exceeded
0,361,90,07-03,+50.0%,+95.57%,0.9778,1,✗ No,budget_exceeded
0,361,181,07-03,+50.0%,+95.53%,0.9776,2,✗ No,budget_exceeded
0,361,271,07-03,+50.0%,+88.20%,0.9410,87,✗ No,budget_exceeded
0,361,361,07-03,+50.0%,+70.74%,0.8537,340,✗ No,budget_exceeded
0,449,0,07-03,+50.0%,+94.48%,0.9724,1,✗ No,budget_exceeded
0,449,90,07-03,+50.0%,+94.48%,0.9724,1,✗ No,budget_exceeded
0,449,180,07-03,+50.0%,+94.24%,0.9712,2,✗ No,budget_exceeded
0,449,269,07-03,+50.0%,+52.83%,0.7641,94,✗ No,budget_exceeded
0,449,359,07-03,+50.0%,+25.07%,0.6254,184,✗ No,budget_exceeded
0,449,449,07-03,+36.9%,+3.48%,0.5174,362,✓ Yes,completed
0,537,0,07-03,+50.0%,+92.40%,0.9620,1,✗ No,budget_exceeded
0,537,89,07-03,+50.0%,+92.40%,0.9620,1,✗ No,budget_exceeded
0,537,179,07-03,+50.0%,+92.40%,0.9620,1,✗ No,budget_exceeded
0,537,268,07-03,+40.0%,+0.01%,0.5000,8,✓ Yes,completed
0,537,358,07-03,+10.4%,+1.63%,0.5082,13,✓ Yes,completed
0,537,447,07-03,+5.5%,+1.44%,0.5072,20,✓ Yes,completed
0,537,537,07-03,+2.3%,+0.87%,0.5044,53,✓ Yes,completed
0,624,0,07-03,+0.0%,+0.00%,0.5000,0,✓ Yes,completed
0,624,89,07-03,+0.0%,+0.00%,0.5000,0,✓ Yes,completed
0,624,178,07-03,+0.0%,+0.00%,0.5000,0,✓ Yes,completed
0,624,268,07-03,+0.0%,+0.00%,0.5000,0,✓ Yes,completed
0,624,357,07-03,+0.0%,+0.00%,0.5000,0,✓ Yes,completed
0,624,446,07-03,+0.0%,+0.00%,0.5000,0,✓ Yes,completed
0,624,535,07-03,+0.0%,+0.00%,0.5000,0,✓ Yes,completed
0,624,624,07-03,+0.0%,+0.00%,0.5000,0,✓ Yes,completed
0,712,0,07-03,+0.0%,+0.00%,0.5000,0,✓ Yes,completed
0,712,89,07-03,+0.0%,+0.00%,0.5000,0,✓ Yes,completed
0,712,178,07-03,+0.0%,+0.00%,0.5000,0,✓ Yes,completed
0,712,267,07-03,+0.0%,+0.00%,0.5000,0,✓ Yes,completed
0,712,356,07-03,+0.0%,+0.00%,0.5000,0,✓ Yes,completed
0,712,445,07-03,+0.0%,+0.00%,0.5000,0,✓ Yes,completed
0,712,534,07-03,+0.0%,+0.00%,0.5000,0,✓ Yes,completed
0,712,623,07-03,+0.0%,+0.00%,0.5000,0,✓ Yes,completed
0,712,712,07-03,+0.0%,+0.00%,0.5000,0,✓ Yes,completed
0,800,0,07-03,+0.0%,+0.00%,0.5000,0,✓ Yes,completed
0,800,89,07-03,+0.0%,+0.00%,0.5000,0,✓ Yes,completed
0,800,178,07-03,+0.0%,+0.00%,0.5000,0,✓ Yes,completed
0,800,267,07-03,+0.0%,+0.00%,0.5000,0,✓ Yes,completed
0,800,356,07-03,+0.0%,+0.00%,0.5000,0,✓ Yes,completed
0,800,444,07-03,+0.0%,+0.00%,0.5000,0,✓ Yes,completed
0,800,533,07-03,+0.0%,+0.00%,0.5000,0,✓ Yes,completed
0,800,622,07-03,+0.0%,+0.00%,0.5000,0,✓ Yes,completed
0,800,711,07-03,+0.0%,+0.00%,0.5000,0,✓ Yes,completed
0,800,800,07-03,+0.0%,+0.00%,0.5000,0,✓ Yes,completed
0,10,0,09-02,+50.0%,+95.51%,0.9776,1,✗ No,budget_exceeded
0,10,10,09-02,+50.0%,+95.51%,0.9776,1,✗ No,budget_exceeded
0,98,0,09-02,+50.0%,+95.51%,0.9776,1,✗ No,budget_exceeded
0,98,98,09-02,+50.0%,+95.51%,0.9776,1,✗ No,budget_exceeded
0,186,0,09-02,+50.0%,+95.51%,0.9776,1,✗ No,budget_exceeded
0,186,186,09-02,+50.0%,+95.51%,0.9776,1,✗ No,budget_exceeded
0,273,0,09-02,+50.0%,+95.51%,0.9776,1,✗ No,budget_exceeded
0,273,137,09-02,+50.0%,+95.51%,0.9776,1,✗ No,budget_exceeded
0,273,273,09-02,+50.0%,+93.34%,0.9667,71,✗ No,budget_exceeded
0,361,0,09-02,+50.0%,+95.51%,0.9776,1,✗ No,budget_exceeded
0,361,90,09-02,+50.0%,+95.51%,0.9776,1,✗ No,budget_exceeded
0,361,181,09-02,+50.0%,+95.51%,0.9776,1,✗ No,budget_exceeded
0,361,271,09-02,+50.0%,+87.28%,0.9364,81,✗ No,budget_exceeded
0,361,361,09-02,+50.0%,+71.45%,0.8573,338,✗ No,budget_exceeded
0,449,0,09-02,+50.0%,+95.51%,0.9776,1,✗ No,budget_exceeded
0,449,90,09-02,+50.0%,+95.51%,0.9776,1,✗ No,budget_exceeded
0,449,180,09-02,+50.0%,+95.51%,0.9776,1,✗ No,budget_exceeded
0,449,269,09-02,+50.0%,+59.27%,0.7964,73,✗ No,budget_exceeded
0,449,359,09-02,+50.0%,+32.93%,0.6646,163,✗ No,budget_exceeded
0,449,449,09-02,+37.3%,+4.63%,0.5231,372,✓ Yes,completed
0,537,0,09-02,+50.0%,+78.02%,0.8901,1,✗ No,budget_exceeded
0,537,89,09-02,+50.0%,+78.02%,0.8901,1,✗ No,budget_exceeded
0,537,179,09-02,+50.0%,+67.77%,0.8389,2,✗ No,budget_exceeded
0,537,268,09-02,+39.9%,+1.88%,0.5094,7,✓ Yes,completed
0,537,358,09-02,+19.0%,+1.63%,0.5081,18,✓ Yes,completed
0,537,447,09-02,+8.1%,+1.79%,0.5089,23,✓ Yes,completed
0,537,537,09-02,+3.5%,+0.05%,0.5003,73,✓ Yes,completed
0,624,0,09-02,+0.0%,+0.00%,0.5000,0,✓ Yes,completed
0,624,89,09-02,+0.0%,+0.00%,0.5000,0,✓ Yes,completed
0,624,178,09-02,+0.0%,+0.00%,0.5000,0,✓ Yes,completed
0,624,268,09-02,+0.0%,+0.00%,0.5000,0,✓ Yes,completed
0,624,357,09-02,+0.0%,+0.00%,0.5000,0,✓ Yes,completed
0,624,446,09-02,+0.0%,+0.00%,0.5000,0,✓ Yes,completed
0,624,535,09-02,+0.0%,+0.00%,0.5000,0,✓ Yes,completed
0,624,624,09-02,+0.0%,+0.00%,0.5000,0,✓ Yes,completed
0,712,0,09-02,+0.0%,+0.00%,0.5000,0,✓ Yes,completed
0,712,89,09-02,+0.0%,+0.00%,0.5000,0,✓ Yes,completed
0,712,178,09-02,+0.0%,+0.00%,0.5000,0,✓ Yes,completed
0,712,267,09-02,+0.0%,+0.00%,0.5000,0,✓ Yes,completed
0,712,356,09-02,+0.0%,+0.00%,0.5000,0,✓ Yes,completed
0,712,445,09-02,+0.0%,+0.00%,0.5000,0,✓ Yes,completed
0,712,534,09-02,+0.0%,+0.00%,0.5000,0,✓ Yes,completed
0,712,623,09-02,+0.0%,+0.00%,0.5000,0,✓ Yes,completed
0,712,712,09-02,+0.0%,+0.00%,0.5000,0,✓ Yes,completed
0,800,0,09-02,+0.0%,+0.00%,0.5000,0,✓ Yes,completed
0,800,89,09-02,+0.0%,+0.00%,0.5000,0,✓ Yes,completed
0,800,178,09-02,+0.0%,+0.00%,0.5000,0,✓ Yes,completed
0,800,267,09-02,+0.0%,+0.00%,0.5000,0,✓ Yes,completed
0,800,356,09-02,+0.0%,+0.00%,0.5000,0,✓ Yes,completed
0,800,444,09-02,+0.0%,+0.00%,0.5000,0,✓ Yes,completed
0,800,533,09-02,+0.0%,+0.00%,0.5000,0,✓ Yes,completed
0,800,622,09-02,+0.0%,+0.00%,0.5000,0,✓ Yes,completed
0,800,711,09-02,+0.0%,+0.00%,0.5000,0,✓ Yes,completed
0,800,800,09-02,+0.0%,+0.00%,0.5000,0,✓ Yes,completed
0,10,0,11-02,+50.0%,+95.70%,0.9785,1,✗ No,budget_exceeded
0,10,10,11-02,+50.0%,+95.70%,0.9785,1,✗ No,budget_exceeded
0,98,0,11-02,+50.0%,+95.70%,0.9785,1,✗ No,budget_exceeded
0,98,98,11-02,+50.0%,+95.70%,0.9785,1,✗ No,budget_exceeded
0,186,0,11-02,+50.0%,+95.70%,0.9785,1,✗ No,budget_exceeded
0,186,186,11-02,+50.0%,+95.56%,0.9778,10,✗ No,budget_exceeded
0,273,0,11-02,+50.0%,+95.70%,0.9785,1,✗ No,budget_exceeded
0,273,137,11-02,+50.0%,+95.70%,0.9785,1,✗ No,budget_exceeded
0,273,273,11-02,+50.0%,+91.09%,0.9555,128,✗ No,budget_exceeded
0,361,0,11-02,+50.0%,+95.59%,0.9780,1,✗ No,budget_exceeded
0,361,90,11-02,+50.0%,+95.59%,0.9780,1,✗ No,budget_exceeded
0,361,181,11-02,+50.0%,+94.88%,0.9744,6,✗ No,budget_exceeded
0,361,271,11-02,+50.0%,+85.08%,0.9254,135,✗ No,budget_exceeded
0,361,361,11-02,+50.0%,+71.61%,0.8581,342,✗ No,budget_exceeded
0,449,0,11-02,+50.0%,+94.54%,0.9727,1,✗ No,budget_exceeded
0,449,90,11-02,+50.0%,+94.54%,0.9727,1,✗ No,budget_exceeded
0,449,180,11-02,+50.0%,+90.82%,0.9541,2,✗ No,budget_exceeded
0,449,269,11-02,+50.0%,+62.45%,0.8123,63,✗ No,budget_exceeded
0,449,359,11-02,+50.0%,+36.85%,0.6843,162,✗ No,budget_exceeded
0,449,449,11-02,+35.5%,+7.12%,0.5356,349,✓ Yes,completed
0,537,0,11-02,+50.0%,+91.30%,0.9565,1,✗ No,budget_exceeded
0,537,89,11-02,+50.0%,+91.30%,0.9565,1,✗ No,budget_exceeded
0,537,179,11-02,+50.0%,+81.19%,0.9059,2,✗ No,budget_exceeded
0,537,268,11-02,+40.0%,+4.48%,0.5224,8,✓ Yes,completed
0,537,358,11-02,+20.4%,+2.44%,0.5122,23,✓ Yes,completed
0,537,447,11-02,+10.6%,+1.55%,0.5077,36,✓ Yes,completed
0,537,537,11-02,+3.9%,+0.79%,0.5040,84,✓ Yes,completed
0,624,0,11-02,+0.0%,+0.00%,0.5000,0,✓ Yes,completed
0,624,89,11-02,+0.0%,+0.00%,0.5000,0,✓ Yes,completed
0,624,178,11-02,+0.0%,+0.00%,0.5000,0,✓ Yes,completed
0,624,268,11-02,+0.0%,+0.00%,0.5000,0,✓ Yes,completed
0,624,357,11-02,+0.0%,+0.00%,0.5000,0,✓ Yes,completed
0,624,446,11-02,+0.0%,+0.00%,0.5000,0,✓ Yes,completed
0,624,535,11-02,+0.0%,+0.00%,0.5000,0,✓ Yes,completed
0,624,624,11-02,+0.0%,+0.00%,0.5000,0,✓ Yes,completed
0,712,0,11-02,+0.0%,+0.00%,0.5000,0,✓ Yes,completed
0,712,89,11-02,+0.0%,+0.00%,0.5000,0,✓ Yes,completed
0,712,178,11-02,+0.0%,+0.00%,0.5000,0,✓ Yes,completed
0,712,267,11-02,+0.0%,+0.00%,0.5000,0,✓ Yes,completed
0,712,356,11-02,+0.0%,+0.00%,0.5000,0,✓ Yes,completed
0,712,445,11-02,+0.0%,+0.00%,0.5000,0,✓ Yes,completed
0,712,534,11-02,+0.0%,+0.00%,0.5000,0,✓ Yes,completed
0,712,623,11-02,+0.0%,+0.00%,0.5000,0,✓ Yes,completed
0,712,712,11-02,+0.0%,+0.00%,0.5000,0,✓ Yes,completed
0,800,0,11-02,+0.0%,+0.00%,0.5000,0,✓ Yes,completed
0,800,89,11-02,+0.0%,+0.00%,0.5000,0,✓ Yes,completed
0,800,178,11-02,+0.0%,+0.00%,0.5000,0,✓ Yes,completed
0,800,267,11-02,+0.0%,+0.00%,0.5000,0,✓ Yes,completed
0,800,356,11-02,+0.0%,+0.00%,0.5000,0,✓ Yes,completed
0,800,444,11-02,+0.0%,+0.00%,0.5000,0,✓ Yes,completed
0,800,533,11-02,+0.0%,+0.00%,0.5000,0,✓ Yes,completed
0,800,622,11-02,+0.0%,+0.00%,0.5000,0,✓ Yes,completed
0,800,711,11-02,+0.0%,+0.00%,0.5000,0,✓ Yes,completed
0,800,800,11-02,+0.0%,+0.00%,0.5000,0,✓ Yes,completed
0,10,0,12-31,+50.0%,+95.90%,0.9795,1,✗ No,budget_exceeded
0,10,10,12-31,+50.0%,+95.90%,0.9795,1,✗ No,budget_exceeded
0,98,0,12-31,+50.0%,+95.90%,0.9795,1,✗ No,budget_exceeded
0,98,98,12-31,+50.0%,+95.90%,0.9795,1,✗ No,budget_exceeded
0,186,0,12-31,+50.0%,+95.90%,0.9795,1,✗ No,budget_exceeded
0,186,186,12-31,+50.0%,+95.76%,0.9788,11,✗ No,budget_exceeded
0,273,0,12-31,+50.0%,+95.90%,0.9795,1,✗ No,budget_exceeded
0,273,137,12-31,+50.0%,+95.90%,0.9795,1,✗ No,budget_exceeded
0,273,273,12-31,+50.0%,+89.63%,0.9482,178,✗ No,budget_exceeded
0,361,0,12-31,+50.0%,+95.25%,0.9762,1,✗ No,budget_exceeded
0,361,90,12-31,+50.0%,+95.25%,0.9762,1,✗ No,budget_exceeded
0,361,181,12-31,+50.0%,+94.49%,0.9725,7,✗ No,budget_exceeded
0,361,271,12-31,+50.0%,+85.07%,0.9254,153,✗ No,budget_exceeded
0,361,361,12-31,+50.0%,+71.03%,0.8552,341,✗ No,budget_exceeded
0,449,0,12-31,+50.0%,+94.17%,0.9708,1,✗ No,budget_exceeded
0,449,90,12-31,+50.0%,+94.17%,0.9708,1,✗ No,budget_exceeded
0,449,180,12-31,+50.0%,+90.15%,0.9507,3,✗ No,budget_exceeded
0,449,269,12-31,+50.0%,+61.89%,0.8095,63,✗ No,budget_exceeded
0,449,359,12-31,+50.0%,+17.66%,0.5883,227,✗ No,budget_exceeded
0,449,449,12-31,+31.3%,+8.10%,0.5405,339,✓ Yes,completed
0,537,0,12-31,+50.0%,+93.80%,0.9690,1,✗ No,budget_exceeded
0,537,89,12-31,+50.0%,+93.80%,0.9690,1,✗ No,budget_exceeded
0,537,179,12-31,+50.0%,+83.61%,0.9181,2,✗ No,budget_exceeded
0,537,268,12-31,+33.8%,+5.13%,0.5257,7,✓ Yes,completed
0,537,358,12-31,+15.5%,+4.12%,0.5206,20,✓ Yes,completed
0,537,447,12-31,+7.9%,+2.32%,0.5116,33,✓ Yes,completed
0,537,537,12-31,+3.3%,+1.34%,0.5067,82,✓ Yes,completed
0,624,0,12-31,+0.0%,+0.00%,0.5000,0,✓ Yes,completed
0,624,89,12-31,+0.0%,+0.00%,0.5000,0,✓ Yes,completed
0,624,178,12-31,+0.0%,+0.00%,0.5000,0,✓ Yes,completed
0,624,268,12-31,+0.0%,+0.00%,0.5000,0,✓ Yes,completed
0,624,357,12-31,+0.0%,+0.00%,0.5000,0,✓ Yes,completed
0,624,446,12-31,+0.0%,+0.00%,0.5000,0,✓ Yes,completed
0,624,535,12-31,+0.0%,+0.00%,0.5000,0,✓ Yes,completed
0,624,624,12-31,+0.0%,+0.00%,0.5000,0,✓ Yes,completed
0,712,0,12-31,+0.0%,+0.00%,0.5000,0,✓ Yes,completed
0,712,89,12-31,+0.0%,+0.00%,0.5000,0,✓ Yes,completed
0,712,178,12-31,+0.0%,+0.00%,0.5000,0,✓ Yes,completed
0,712,267,12-31,+0.0%,+0.00%,0.5000,0,✓ Yes,completed
0,712,356,12-31,+0.0%,+0.00%,0.5000,0,✓ Yes,completed
0,712,445,12-31,+0.0%,+0.00%,0.5000,0,✓ Yes,completed
0,712,534,12-31,+0.0%,+0.00%,0.5000,0,✓ Yes,completed
0,712,623,12-31,+0.0%,+0.00%,0.5000,0,✓ Yes,completed
0,712,712,12-31,+0.0%,+0.00%,0.5000,0,✓ Yes,completed
0,800,0,12-31,+0.0%,+0.00%,0.5000,0,✓ Yes,completed
0,800,89,12-31,+0.0%,+0.00%,0.5000,0,✓ Yes,completed
0,800,178,12-31,+0.0%,+0.00%,0.5000,0,✓ Yes,completed
0,800,267,12-31,+0.0%,+0.00%,0.5000,0,✓ Yes,completed
0,800,356,12-31,+0.0%,+0.00%,0.5000,0,✓ Yes,completed
0,800,444,12-31,+0.0%,+0.00%,0.5000,0,✓ Yes,completed
0,800,533,12-31,+0.0%,+0.00%,0.5000,0,✓ Yes,completed
0,800,622,12-31,+0.0%,+0.00%,0.5000,0,✓ Yes,completed
0,800,711,12-31,+0.0%,+0.00%,0.5000,0,✓ Yes,completed
0,800,800,12-31,+0.0%,+0.00%,0.5000,0,✓ Yes,completed
1,271,271,10-10,+50.0%,+92.12%,0.9606,98,✗ No,budget_exceeded
1,271,271,10-10,+50.0%,+92.12%,0.9606,98,✗ No,budget_exceeded
1,311,271,10-10,+50.0%,+90.56%,0.9528,96,✗ No,budget_exceeded
1,311,311,10-10,+50.0%,+86.52%,0.9326,187,✗ No,budget_exceeded
1,350,271,10-10,+50.0%,+87.24%,0.9362,107,✗ No,budget_exceeded
1,350,350,10-10,+50.0%,+76.62%,0.8831,279,✗ No,budget_exceeded
1,390,271,10-10,+50.0%,+80.90%,0.9045,118,✗ No,budget_exceeded
1,390,330,10-10,+50.0%,+72.06%,0.8603,204,✗ No,budget_exceeded
1,390,390,10-10,+50.0%,+58.74%,0.7937,379,✗ No,budget_exceeded
1,429,271,10-10,+50.0%,+67.94%,0.8397,90,✗ No,budget_exceeded
1,429,324,10-10,+50.0%,+57.18%,0.7859,141,✗ No,budget_exceeded
1,429,376,10-10,+50.0%,+42.19%,0.7109,184,✗ No,budget_exceeded
1,429,429,10-10,+49.2%,+7.77%,0.5388,458,✓ Yes,completed
1,469,271,10-10,+50.0%,+50.88%,0.7544,51,✗ No,budget_exceeded
1,469,311,10-10,+50.0%,+43.86%,0.7193,76,✗ No,budget_exceeded
1,469,350,10-10,+50.0%,+13.45%,0.5673,140,✗ No,budget_exceeded
1,469,390,10-10,+41.7%,+6.36%,0.5318,162,✓ Yes,completed
1,469,429,10-10,+33.4%,+5.30%,0.5265,183,✓ Yes,completed
1,469,469,10-10,+25.0%,+3.26%,0.5163,304,✓ Yes,completed
1,508,271,10-10,+49.6%,+4.27%,0.5213,24,✓ Yes,completed
1,508,311,10-10,+35.1%,+3.89%,0.5194,28,✓ Yes,completed
1,508,350,10-10,+30.3%,+3.05%,0.5152,35,✓ Yes,completed
1,508,390,10-10,+23.2%,+2.43%,0.5121,49,✓ Yes,completed
1,508,429,10-10,+17.4%,+1.84%,0.5092,58,✓ Yes,completed
1,508,469,10-10,+13.9%,+1.67%,0.5083,62,✓ Yes,completed
1,508,508,10-10,+9.3%,+1.25%,0.5063,124,✓ Yes,completed
1,548,271,10-10,+33.7%,+2.24%,0.5112,7,✓ Yes,completed
1,548,311,10-10,+21.9%,+1.13%,0.5056,11,✓ Yes,completed
1,548,350,10-10,+18.8%,+0.75%,0.5038,13,✓ Yes,completed
1,548,390,10-10,+14.8%,+0.65%,0.5032,17,✓ Yes,completed
1,548,429,10-10,+8.3%,+0.82%,0.5041,17,✓ Yes,completed
1,548,469,10-10,+6.4%,+0.85%,0.5043,18,✓ Yes,completed
1,548,508,10-10,+4.4%,+0.47%,0.5024,22,✓ Yes,completed
1,548,548,10-10,+2.1%,+0.39%,0.5020,38,✓ Yes,completed
1,587,271,10-10,+16.8%,-1.34%,0.4933,4,✓ Yes,completed
1,587,311,10-10,+7.8%,-0.23%,0.4989,4,✓ Yes,completed
1,587,350,10-10,+7.4%,-0.07%,0.4996,4,✓ Yes,completed
1,587,390,10-10,+6.4%,+0.03%,0.5001,4,✓ Yes,completed
1,587,429,10-10,+2.0%,+0.17%,0.5009,3,✓ Yes,completed
1,587,469,10-10,+1.5%,+0.16%,0.5008,3,✓ Yes,completed
1,587,508,10-10,+1.0%,+0.15%,0.5008,3,✓ Yes,completed
1,587,548,10-10,+0.4%,+0.17%,0.5008,3,✓ Yes,completed
1,587,587,10-10,+0.1%,+0.05%,0.5002,4,✓ Yes,completed
1,627,271,10-10,+0.0%,+0.00%,0.5000,0,✓ Yes,completed
1,627,311,10-10,+0.0%,+0.00%,0.5000,0,✓ Yes,completed
1,627,350,10-10,+0.0%,+0.00%,0.5000,0,✓ Yes,completed
1,627,390,10-10,+0.0%,+0.00%,0.5000,0,✓ Yes,completed
1,627,429,10-10,+0.0%,+0.00%,0.5000,0,✓ Yes,completed
1,627,469,10-10,+0.0%,+0.00%,0.5000,0,✓ Yes,completed
1,627,508,10-10,+0.0%,+0.00%,0.5000,0,✓ Yes,completed
1,627,548,10-10,+0.0%,+0.00%,0.5000,0,✓ Yes,completed
1,627,587,10-10,+0.0%,+0.00%,0.5000,0,✓ Yes,completed
1,627,627,10-10,+0.0%,+0.00%,0.5000,0,✓ Yes,completed
1,271,271,10-24,+50.0%,+91.65%,0.9583,114,✗ No,budget_exceeded
1,271,271,10-24,+50.0%,+91.65%,0.9583,114,✗ No,budget_exceeded
1,311,271,10-24,+50.0%,+89.88%,0.9494,112,✗ No,budget_exceeded
1,311,311,10-24,+50.0%,+85.88%,0.9294,198,✗ No,budget_exceeded
1,350,271,10-24,+50.0%,+86.62%,0.9331,124,✗ No,budget_exceeded
1,350,350,10-24,+50.0%,+75.91%,0.8796,298,✗ No,budget_exceeded
1,390,271,10-24,+50.0%,+80.29%,0.9015,130,✗ No,budget_exceeded
1,390,330,10-24,+50.0%,+72.12%,0.8606,203,✗ No,budget_exceeded
1,390,390,10-24,+50.0%,+56.49%,0.7825,375,✗ No,budget_exceeded
1,429,271,10-24,+50.0%,+66.83%,0.8342,91,✗ No,budget_exceeded
1,429,324,10-24,+50.0%,+54.39%,0.7719,140,✗ No,budget_exceeded
1,429,376,10-24,+50.0%,+44.02%,0.7201,179,✗ No,budget_exceeded
1,429,429,10-24,+49.9%,+8.29%,0.5415,468,✓ Yes,completed
1,469,271,10-24,+50.0%,+51.00%,0.7550,49,✗ No,budget_exceeded
1,469,311,10-24,+50.0%,+42.60%,0.7130,75,✗ No,budget_exceeded
1,469,350,10-24,+50.0%,+9.03%,0.5452,145,✗ No,budget_exceeded
1,469,390,10-24,+40.9%,+7.02%,0.5351,157,✓ Yes,completed
1,469,429,10-24,+32.8%,+6.15%,0.5308,179,✓ Yes,completed
1,469,469,10-24,+24.5%,+3.90%,0.5195,295,✓ Yes,completed
1,508,271,10-24,+49.6%,+4.78%,0.5239,25,✓ Yes,completed
1,508,311,10-24,+34.8%,+4.59%,0.5229,29,✓ Yes,completed
1,508,350,10-24,+30.1%,+4.22%,0.5211,34,✓ Yes,completed
1,508,390,10-24,+23.0%,+3.04%,0.5152,48,✓ Yes,completed
1,508,429,10-24,+17.2%,+2.52%,0.5126,57,✓ Yes,completed
1,508,469,10-24,+14.0%,+2.06%,0.5103,63,✓ Yes,completed
1,508,508,10-24,+10.5%,+1.62%,0.5081,138,✓ Yes,completed
1,548,271,10-24,+33.7%,+3.14%,0.5157,7,✓ Yes,completed
1,548,311,10-24,+21.9%,+1.66%,0.5083,11,✓ Yes,completed
1,548,350,10-24,+18.8%,+1.59%,0.5079,13,✓ Yes,completed
1,548,390,10-24,+14.8%,+1.07%,0.5053,17,✓ Yes,completed
1,548,429,10-24,+8.6%,+1.27%,0.5064,19,✓ Yes,completed
1,548,469,10-24,+6.5%,+1.16%,0.5058,19,✓ Yes,completed
1,548,508,10-24,+4.4%,+0.96%,0.5048,22,✓ Yes,completed
1,548,548,10-24,+2.4%,+0.52%,0.5026,42,✓ Yes,completed
1,587,271,10-24,+16.8%,-0.63%,0.4968,4,✓ Yes,completed
1,587,311,10-24,+7.8%,+0.26%,0.5013,4,✓ Yes,completed
1,587,350,10-24,+7.4%,+0.34%,0.5017,4,✓ Yes,completed
1,587,390,10-24,+6.4%,+0.29%,0.5014,4,✓ Yes,completed
1,587,429,10-24,+2.7%,+0.33%,0.5017,4,✓ Yes,completed
1,587,469,10-24,+1.8%,+0.18%,0.5009,4,✓ Yes,completed
1,587,508,10-24,+1.2%,+0.10%,0.5005,4,✓ Yes,completed
1,587,548,10-24,+0.5%,+0.08%,0.5004,4,✓ Yes,completed
1,587,587,10-24,+0.1%,+0.03%,0.5001,6,✓ Yes,completed
1,627,271,10-24,+0.0%,+0.00%,0.5000,0,✓ Yes,completed
1,627,311,10-24,+0.0%,+0.00%,0.5000,0,✓ Yes,completed
1,627,350,10-24,+0.0%,+0.00%,0.5000,0,✓ Yes,completed
1,627,390,10-24,+0.0%,+0.00%,0.5000,0,✓ Yes,completed
1,627,429,10-24,+0.0%,+0.00%,0.5000,0,✓ Yes,completed
1,627,469,10-24,+0.0%,+0.00%,0.5000,0,✓ Yes,completed
1,627,508,10-24,+0.0%,+0.00%,0.5000,0,✓ Yes,completed
1,627,548,10-24,+0.0%,+0.00%,0.5000,0,✓ Yes,completed
1,627,587,10-24,+0.0%,+0.00%,0.5000,0,✓ Yes,completed
1,627,627,10-24,+0.0%,+0.00%,0.5000,0,✓ Yes,completed
1,271,271,11-07,+50.0%,+91.15%,0.9558,124,✗ No,budget_exceeded
1,271,271,11-07,+50.0%,+91.15%,0.9558,124,✗ No,budget_exceeded
1,311,271,11-07,+50.0%,+89.42%,0.9471,126,✗ No,budget_exceeded
1,311,311,11-07,+50.0%,+85.59%,0.9279,209,✗ No,budget_exceeded
1,350,271,11-07,+50.0%,+86.30%,0.9315,138,✗ No,budget_exceeded
1,350,350,11-07,+50.0%,+76.62%,0.8831,288,✗ No,budget_exceeded
1,390,271,11-07,+50.0%,+81.05%,0.9052,130,✗ No,budget_exceeded
1,390,330,11-07,+50.0%,+72.33%,0.8617,204,✗ No,budget_exceeded
1,390,390,11-07,+50.0%,+58.66%,0.7933,363,✗ No,budget_exceeded
1,429,271,11-07,+50.0%,+68.95%,0.8447,89,✗ No,budget_exceeded
1,429,324,11-07,+50.0%,+56.78%,0.7839,138,✗ No,budget_exceeded
1,429,376,11-07,+50.0%,+46.68%,0.7334,178,✗ No,budget_exceeded
1,429,429,11-07,+50.0%,+10.90%,0.5545,471,✗ No,budget_exceeded
1,469,271,11-07,+50.0%,+53.75%,0.7688,48,✗ No,budget_exceeded
1,469,311,11-07,+50.0%,+45.43%,0.7271,74,✗ No,budget_exceeded
1,469,350,11-07,+50.0%,+12.07%,0.5604,145,✗ No,budget_exceeded
1,469,390,11-07,+40.8%,+7.60%,0.5380,156,✓ Yes,completed
1,469,429,11-07,+33.1%,+6.67%,0.5333,182,✓ Yes,completed
1,469,469,11-07,+24.5%,+4.74%,0.5237,294,✓ Yes,completed
1,508,271,11-07,+50.0%,+6.91%,0.5345,26,✗ No,budget_exceeded
1,508,311,11-07,+34.9%,+5.18%,0.5259,30,✓ Yes,completed
1,508,350,11-07,+30.1%,+4.88%,0.5244,34,✓ Yes,completed
1,508,390,11-07,+23.0%,+3.68%,0.5184,48,✓ Yes,completed
1,508,429,11-07,+17.2%,+2.94%,0.5147,58,✓ Yes,completed
1,508,469,11-07,+14.0%,+2.46%,0.5123,63,✓ Yes,completed
1,508,508,11-07,+10.7%,+1.73%,0.5086,143,✓ Yes,completed
1,548,271,11-07,+33.7%,+3.73%,0.5186,7,✓ Yes,completed
1,548,311,11-07,+21.9%,+2.20%,0.5110,11,✓ Yes,completed
1,548,350,11-07,+18.8%,+1.81%,0.5090,13,✓ Yes,completed
1,548,390,11-07,+14.8%,+1.61%,0.5081,17,✓ Yes,completed
1,548,429,11-07,+9.1%,+1.11%,0.5056,21,✓ Yes,completed
1,548,469,11-07,+7.1%,+1.03%,0.5051,23,✓ Yes,completed
1,548,508,11-07,+4.5%,+1.09%,0.5055,23,✓ Yes,completed
1,548,548,11-07,+2.4%,+0.48%,0.5024,42,✓ Yes,completed
1,587,271,11-07,+16.8%,-0.20%,0.4990,4,✓ Yes,completed
1,587,311,11-07,+7.8%,-0.15%,0.4993,4,✓ Yes,completed
1,587,350,11-07,+7.4%,-0.04%,0.4998,4,✓ Yes,completed
1,587,390,11-07,+6.4%,+0.21%,0.5011,4,✓ Yes,completed
1,587,429,11-07,+2.7%,+0.20%,0.5010,4,✓ Yes,completed
1,587,469,11-07,+1.8%,+0.32%,0.5016,4,✓ Yes,completed
1,587,508,11-07,+1.2%,+0.29%,0.5015,4,✓ Yes,completed
1,587,548,11-07,+0.5%,+0.17%,0.5009,4,✓ Yes,completed
1,587,587,11-07,+0.1%,+0.04%,0.5002,6,✓ Yes,completed
1,627,271,11-07,+0.0%,+0.00%,0.5000,0,✓ Yes,completed
1,627,311,11-07,+0.0%,+0.00%,0.5000,0,✓ Yes,completed
1,627,350,11-07,+0.0%,+0.00%,0.5000,0,✓ Yes,completed
1,627,390,11-07,+0.0%,+0.00%,0.5000,0,✓ Yes,completed
1,627,429,11-07,+0.0%,+0.00%,0.5000,0,✓ Yes,completed
1,627,469,11-07,+0.0%,+0.00%,0.5000,0,✓ Yes,completed
1,627,508,11-07,+0.0%,+0.00%,0.5000,0,✓ Yes,completed
1,627,548,11-07,+0.0%,+0.00%,0.5000,0,✓ Yes,completed
1,627,587,11-07,+0.0%,+0.00%,0.5000,0,✓ Yes,completed
1,627,627,11-07,+0.0%,+0.00%,0.5000,0,✓ Yes,completed
1,271,271,11-21,+50.0%,+90.42%,0.9521,144,✗ No,budget_exceeded
1,271,271,11-21,+50.0%,+90.42%,0.9521,144,✗ No,budget_exceeded
1,311,271,11-21,+50.0%,+88.68%,0.9434,145,✗ No,budget_exceeded
1,311,311,11-21,+50.0%,+85.06%,0.9253,227,✗ No,budget_exceeded
1,350,271,11-21,+50.0%,+85.84%,0.9292,150,✗ No,budget_exceeded
1,350,350,11-21,+50.0%,+75.21%,0.8760,313,✗ No,budget_exceeded
1,390,271,11-21,+50.0%,+80.30%,0.9015,135,✗ No,budget_exceeded
1,390,330,11-21,+50.0%,+72.31%,0.8615,204,✗ No,budget_exceeded
1,390,390,11-21,+50.0%,+58.48%,0.7924,362,✗ No,budget_exceeded
1,429,271,11-21,+50.0%,+68.96%,0.8448,89,✗ No,budget_exceeded
1,429,324,11-21,+50.0%,+55.45%,0.7773,140,✗ No,budget_exceeded
1,429,376,11-21,+50.0%,+44.09%,0.7205,197,✗ No,budget_exceeded
1,429,429,11-21,+49.5%,+8.94%,0.5447,467,✓ Yes,completed
1,469,271,11-21,+50.0%,+54.29%,0.7715,48,✗ No,budget_exceeded
1,469,311,11-21,+50.0%,+43.00%,0.7150,83,✗ No,budget_exceeded
1,469,350,11-21,+49.7%,+7.80%,0.5390,162,✓ Yes,completed
1,469,390,11-21,+39.5%,+7.97%,0.5399,156,✓ Yes,completed
1,469,429,11-21,+32.1%,+7.17%,0.5359,179,✓ Yes,completed
1,469,469,11-21,+23.7%,+5.52%,0.5276,282,✓ Yes,completed
1,508,271,11-21,+50.0%,+6.81%,0.5341,27,✗ No,budget_exceeded
1,508,311,11-21,+33.0%,+5.64%,0.5282,30,✓ Yes,completed
1,508,350,11-21,+28.4%,+5.27%,0.5263,36,✓ Yes,completed
1,508,390,11-21,+22.7%,+4.58%,0.5229,47,✓ Yes,completed
1,508,429,11-21,+16.9%,+3.34%,0.5167,57,✓ Yes,completed
1,508,469,11-21,+13.8%,+2.95%,0.5148,62,✓ Yes,completed
1,508,508,11-21,+10.6%,+2.18%,0.5109,139,✓ Yes,completed
1,548,271,11-21,+33.8%,+4.39%,0.5219,8,✓ Yes,completed
1,548,311,11-21,+21.9%,+3.21%,0.5161,11,✓ Yes,completed
1,548,350,11-21,+18.8%,+2.47%,0.5123,13,✓ Yes,completed
1,548,390,11-21,+14.8%,+2.02%,0.5101,17,✓ Yes,completed
1,548,429,11-21,+9.1%,+1.35%,0.5068,21,✓ Yes,completed
1,548,469,11-21,+7.1%,+1.15%,0.5058,23,✓ Yes,completed
1,548,508,11-21,+5.0%,+0.92%,0.5046,27,✓ Yes,completed
1,548,548,11-21,+2.5%,+0.74%,0.5037,48,✓ Yes,completed
1,587,271,11-21,+16.8%,+0.23%,0.5011,4,✓ Yes,completed
1,587,311,11-21,+7.8%,+0.02%,0.5001,4,✓ Yes,completed
1,587,350,11-21,+7.4%,+0.13%,0.5006,4,✓ Yes,completed
1,587,390,11-21,+6.4%,+0.20%,0.5010,4,✓ Yes,completed
1,587,429,11-21,+2.7%,+0.43%,0.5022,4,✓ Yes,completed
1,587,469,11-21,+1.8%,+0.61%,0.5030,4,✓ Yes,completed
1,587,508,11-21,+1.2%,+0.49%,0.5025,4,✓ Yes,completed
1,587,548,11-21,+0.5%,+0.25%,0.5013,4,✓ Yes,completed
1,587,587,11-21,+0.1%,+0.07%,0.5003,6,✓ Yes,completed
1,627,271,11-21,+0.0%,+0.00%,0.5000,0,✓ Yes,completed
1,627,311,11-21,+0.0%,+0.00%,0.5000,0,✓ Yes,completed
1,627,350,11-21,+0.0%,+0.00%,0.5000,0,✓ Yes,completed
1,627,390,11-21,+0.0%,+0.00%,0.5000,0,✓ Yes,completed
1,627,429,11-21,+0.0%,+0.00%,0.5000,0,✓ Yes,completed
1,627,469,11-21,+0.0%,+0.00%,0.5000,0,✓ Yes,completed
1,627,508,11-21,+0.0%,+0.00%,0.5000,0,✓ Yes,completed
1,627,548,11-21,+0.0%,+0.00%,0.5000,0,✓ Yes,completed
1,627,587,11-21,+0.0%,+0.00%,0.5000,0,✓ Yes,completed
1,627,627,11-21,+0.0%,+0.00%,0.5000,0,✓ Yes,completed
1,271,271,12-05,+50.0%,+90.05%,0.9503,163,✗ No,budget_exceeded
1,271,271,12-05,+50.0%,+90.05%,0.9503,163,✗ No,budget_exceeded
1,311,271,12-05,+50.0%,+88.31%,0.9416,156,✗ No,budget_exceeded
1,311,311,12-05,+50.0%,+84.46%,0.9223,243,✗ No,budget_exceeded
1,350,271,12-05,+50.0%,+85.44%,0.9272,157,✗ No,budget_exceeded
1,350,350,12-05,+50.0%,+75.31%,0.8765,311,✗ No,budget_exceeded
1,390,271,12-05,+50.0%,+80.04%,0.9002,136,✗ No,budget_exceeded
1,390,330,12-05,+50.0%,+72.16%,0.8608,204,✗ No,budget_exceeded
1,390,390,12-05,+50.0%,+57.41%,0.7871,373,✗ No,budget_exceeded
1,429,271,12-05,+50.0%,+68.78%,0.8439,89,✗ No,budget_exceeded
1,429,324,12-05,+50.0%,+54.31%,0.7715,141,✗ No,budget_exceeded
1,429,376,12-05,+50.0%,+40.79%,0.7039,215,✗ No,budget_exceeded
1,429,429,12-05,+47.3%,+8.79%,0.5439,464,✓ Yes,completed
1,469,271,12-05,+50.0%,+52.59%,0.7630,49,✗ No,budget_exceeded
1,469,311,12-05,+50.0%,+30.03%,0.6501,102,✗ No,budget_exceeded
1,469,350,12-05,+47.3%,+7.64%,0.5382,160,✓ Yes,completed
1,469,390,12-05,+37.8%,+7.75%,0.5388,160,✓ Yes,completed
1,469,429,12-05,+30.1%,+7.04%,0.5352,178,✓ Yes,completed
1,469,469,12-05,+21.6%,+5.46%,0.5273,278,✓ Yes,completed
1,508,271,12-05,+46.9%,+5.18%,0.5259,27,✓ Yes,completed
1,508,311,12-05,+30.5%,+5.44%,0.5272,30,✓ Yes,completed
1,508,350,12-05,+26.0%,+5.07%,0.5253,34,✓ Yes,completed
1,508,390,12-05,+20.5%,+4.49%,0.5224,45,✓ Yes,completed
1,508,429,12-05,+14.9%,+3.10%,0.5155,55,✓ Yes,completed
1,508,469,12-05,+11.9%,+2.66%,0.5133,60,✓ Yes,completed
1,508,508,12-05,+9.0%,+2.17%,0.5109,128,✓ Yes,completed
1,548,271,12-05,+29.1%,+3.93%,0.5196,7,✓ Yes,completed
1,548,311,12-05,+17.9%,+2.62%,0.5131,10,✓ Yes,completed
1,548,350,12-05,+15.5%,+2.12%,0.5106,11,✓ Yes,completed
1,548,390,12-05,+12.0%,+1.78%,0.5089,14,✓ Yes,completed
1,548,429,12-05,+7.1%,+1.21%,0.5060,18,✓ Yes,completed
1,548,469,12-05,+5.5%,+0.94%,0.5047,20,✓ Yes,completed
1,548,508,12-05,+3.9%,+0.65%,0.5033,22,✓ Yes,completed
1,548,548,12-05,+2.1%,+0.36%,0.5018,41,✓ Yes,completed
1,587,271,12-05,+16.8%,+0.84%,0.5042,4,✓ Yes,completed
1,587,311,12-05,+7.8%,+0.40%,0.5020,4,✓ Yes,completed
1,587,350,12-05,+7.4%,+0.45%,0.5022,4,✓ Yes,completed
1,587,390,12-05,+6.4%,+0.42%,0.5021,4,✓ Yes,completed
1,587,429,12-05,+2.7%,+0.18%,0.5009,4,✓ Yes,completed
1,587,469,12-05,+1.8%,+0.16%,0.5008,4,✓ Yes,completed
1,587,508,12-05,+1.2%,+0.08%,0.5004,4,✓ Yes,completed
1,587,548,12-05,+0.5%,+0.04%,0.5002,4,✓ Yes,completed
1,587,587,12-05,+0.1%,+0.02%,0.5001,6,✓ Yes,completed
1,627,271,12-05,+0.0%,+0.00%,0.5000,0,✓ Yes,completed
1,627,311,12-05,+0.0%,+0.00%,0.5000,0,✓ Yes,completed
1,627,350,12-05,+0.0%,+0.00%,0.5000,0,✓ Yes,completed
1,627,390,12-05,+0.0%,+0.00%,0.5000,0,✓ Yes,completed
1,627,429,12-05,+0.0%,+0.00%,0.5000,0,✓ Yes,completed
1,627,469,12-05,+0.0%,+0.00%,0.5000,0,✓ Yes,completed
1,627,508,12-05,+0.0%,+0.00%,0.5000,0,✓ Yes,completed
1,627,548,12-05,+0.0%,+0.00%,0.5000,0,✓ Yes,completed
1,627,587,12-05,+0.0%,+0.00%,0.5000,0,✓ Yes,completed
1,627,627,12-05,+0.0%,+0.00%,0.5000,0,✓ Yes,completed
1,271,271,12-19,+50.0%,+89.90%,0.9495,169,✗ No,budget_exceeded
1,271,271,12-19,+50.0%,+89.90%,0.9495,169,✗ No,budget_exceeded
1,311,271,12-19,+50.0%,+88.07%,0.9404,162,✗ No,budget_exceeded
1,311,311,12-19,+50.0%,+84.23%,0.9212,250,✗ No,budget_exceeded
1,350,271,12-19,+50.0%,+85.22%,0.9261,162,✗ No,budget_exceeded
1,350,350,12-19,+50.0%,+75.20%,0.8760,311,✗ No,budget_exceeded
1,390,271,12-19,+50.0%,+79.07%,0.8953,137,✗ No,budget_exceeded
1,390,330,12-19,+50.0%,+72.20%,0.8610,203,✗ No,budget_exceeded
1,390,390,12-19,+50.0%,+55.97%,0.7798,386,✗ No,budget_exceeded
1,429,271,12-19,+50.0%,+65.83%,0.8291,89,✗ No,budget_exceeded
1,429,324,12-19,+50.0%,+53.98%,0.7699,143,✗ No,budget_exceeded
1,429,376,12-19,+50.0%,+30.11%,0.6506,242,✗ No,budget_exceeded
1,429,429,12-19,+45.2%,+8.92%,0.5446,457,✓ Yes,completed
1,469,271,12-19,+50.0%,+52.51%,0.7625,48,✗ No,budget_exceeded
1,469,311,12-19,+50.0%,+17.91%,0.5896,124,✗ No,budget_exceeded
1,469,350,12-19,+44.4%,+7.75%,0.5388,159,✓ Yes,completed
1,469,390,12-19,+35.3%,+7.83%,0.5392,159,✓ Yes,completed
1,469,429,12-19,+28.4%,+7.23%,0.5361,174,✓ Yes,completed
1,469,469,12-19,+20.5%,+5.86%,0.5293,268,✓ Yes,completed
1,508,271,12-19,+43.8%,+5.30%,0.5265,26,✓ Yes,completed
1,508,311,12-19,+27.5%,+5.53%,0.5277,29,✓ Yes,completed
1,508,350,12-19,+23.1%,+5.14%,0.5257,33,✓ Yes,completed
1,508,390,12-19,+18.0%,+4.70%,0.5235,43,✓ Yes,completed
1,508,429,12-19,+13.6%,+3.57%,0.5178,53,✓ Yes,completed
1,508,469,12-19,+10.9%,+2.92%,0.5146,58,✓ Yes,completed
1,508,508,12-19,+8.2%,+2.37%,0.5118,121,✓ Yes,completed
1,548,271,12-19,+27.7%,+4.33%,0.5216,7,✓ Yes,completed
1,548,311,12-19,+16.4%,+3.25%,0.5162,9,✓ Yes,completed
1,548,350,12-19,+14.1%,+2.66%,0.5133,10,✓ Yes,completed
1,548,390,12-19,+10.7%,+2.07%,0.5104,13,✓ Yes,completed
1,548,429,12-19,+6.4%,+1.68%,0.5084,17,✓ Yes,completed
1,548,469,12-19,+4.8%,+1.34%,0.5067,19,✓ Yes,completed
1,548,508,12-19,+3.5%,+1.01%,0.5050,21,✓ Yes,completed
1,548,548,12-19,+1.9%,+0.53%,0.5027,39,✓ Yes,completed
1,587,271,12-19,+15.3%,+1.45%,0.5072,3,✓ Yes,completed
1,587,311,12-19,+6.4%,+0.80%,0.5040,3,✓ Yes,completed
1,587,350,12-19,+6.1%,+0.87%,0.5044,3,✓ Yes,completed
1,587,390,12-19,+5.2%,+0.80%,0.5040,3,✓ Yes,completed
1,587,429,12-19,+2.1%,+0.32%,0.5016,3,✓ Yes,completed
1,587,469,12-19,+1.1%,+0.22%,0.5011,3,✓ Yes,completed
1,587,508,12-19,+0.8%,+0.13%,0.5006,3,✓ Yes,completed
1,587,548,12-19,+0.3%,+0.07%,0.5003,3,✓ Yes,completed
1,587,587,12-19,+0.1%,+0.04%,0.5002,5,✓ Yes,completed
1,627,271,12-19,+0.0%,+0.00%,0.5000,0,✓ Yes,completed
1,627,311,12-19,+0.0%,+0.00%,0.5000,0,✓ Yes,completed
1,627,350,12-19,+0.0%,+0.00%,0.5000,0,✓ Yes,completed
1,627,390,12-19,+0.0%,+0.00%,0.5000,0,✓ Yes,completed
1,627,429,12-19,+0.0%,+0.00%,0.5000,0,✓ Yes,completed
1,627,469,12-19,+0.0%,+0.00%,0.5000,0,✓ Yes,completed
1,627,508,12-19,+0.0%,+0.00%,0.5000,0,✓ Yes,completed
1,627,548,12-19,+0.0%,+0.00%,0.5000,0,✓ Yes,completed
1,627,587,12-19,+0.0%,+0.00%,0.5000,0,✓ Yes,completed
1,627,627,12-19,+0.0%,+0.00%,0.5000,0,✓ Yes,completed
1,271,271,12-31,+50.0%,+89.87%,0.9493,171,✗ No,budget_exceeded
1,271,271,12-31,+50.0%,+89.87%,0.9493,171,✗ No,budget_exceeded
1,311,271,12-31,+50.0%,+88.29%,0.9414,165,✗ No,budget_exceeded
1,311,311,12-31,+50.0%,+85.00%,0.9250,241,✗ No,budget_exceeded
1,350,271,12-31,+50.0%,+86.32%,0.9316,160,✗ No,budget_exceeded
1,350,350,12-31,+50.0%,+77.06%,0.8853,300,✗ No,budget_exceeded
1,390,271,12-31,+50.0%,+80.75%,0.9038,136,✗ No,budget_exceeded
1,390,330,12-31,+50.0%,+72.90%,0.8645,203,✗ No,budget_exceeded
1,390,390,12-31,+50.0%,+58.31%,0.7915,382,✗ No,budget_exceeded
1,429,271,12-31,+50.0%,+68.17%,0.8408,89,✗ No,budget_exceeded
1,429,324,12-31,+50.0%,+56.39%,0.7820,143,✗ No,budget_exceeded
1,429,376,12-31,+50.0%,+32.67%,0.6634,242,✗ No,budget_exceeded
1,429,429,12-31,+46.3%,+9.03%,0.5452,470,✓ Yes,completed
1,469,271,12-31,+50.0%,+54.93%,0.7746,48,✗ No,budget_exceeded
1,469,311,12-31,+50.0%,+20.55%,0.6027,124,✗ No,budget_exceeded
1,469,350,12-31,+45.9%,+7.84%,0.5392,166,✓ Yes,completed
1,469,390,12-31,+37.0%,+7.94%,0.5397,173,✓ Yes,completed
1,469,429,12-31,+28.4%,+7.63%,0.5381,174,✓ Yes,completed
1,469,469,12-31,+20.8%,+6.17%,0.5309,273,✓ Yes,completed
1,508,271,12-31,+43.8%,+5.43%,0.5272,26,✓ Yes,completed
1,508,311,12-31,+27.5%,+5.86%,0.5293,29,✓ Yes,completed
1,508,350,12-31,+23.2%,+5.62%,0.5281,34,✓ Yes,completed
1,508,390,12-31,+18.0%,+5.21%,0.5261,43,✓ Yes,completed
1,508,429,12-31,+13.6%,+4.27%,0.5214,53,✓ Yes,completed
1,508,469,12-31,+10.9%,+3.41%,0.5170,58,✓ Yes,completed
1,508,508,12-31,+8.2%,+2.54%,0.5127,121,✓ Yes,completed
1,548,271,12-31,+27.7%,+4.68%,0.5234,7,✓ Yes,completed
1,548,311,12-31,+16.4%,+3.91%,0.5196,9,✓ Yes,completed
1,548,350,12-31,+14.1%,+3.36%,0.5168,10,✓ Yes,completed
1,548,390,12-31,+10.7%,+2.52%,0.5126,13,✓ Yes,completed
1,548,429,12-31,+6.4%,+1.77%,0.5088,17,✓ Yes,completed
1,548,469,12-31,+4.8%,+1.63%,0.5082,19,✓ Yes,completed
1,548,508,12-31,+3.5%,+1.38%,0.5069,21,✓ Yes,completed
1,548,548,12-31,+1.9%,+0.83%,0.5041,39,✓ Yes,completed
1,587,271,12-31,+15.3%,+2.13%,0.5107,3,✓ Yes,completed
1,587,311,12-31,+6.4%,+0.90%,0.5045,3,✓ Yes,completed
1,587,350,12-31,+6.1%,+0.99%,0.5050,3,✓ Yes,completed
1,587,390,12-31,+5.2%,+1.05%,0.5053,3,✓ Yes,completed
1,587,429,12-31,+2.1%,+0.62%,0.5031,3,✓ Yes,completed
1,587,469,12-31,+1.1%,+0.40%,0.5020,3,✓ Yes,completed
1,587,508,12-31,+0.8%,+0.34%,0.5017,3,✓ Yes,completed
1,587,548,12-31,+0.3%,+0.13%,0.5007,3,✓ Yes,completed
1,587,587,12-31,+0.1%,+0.05%,0.5003,5,✓ Yes,completed
1,627,271,12-31,+0.0%,+0.00%,0.5000,0,✓ Yes,completed
1,627,311,12-31,+0.0%,+0.00%,0.5000,0,✓ Yes,completed
1,627,350,12-31,+0.0%,+0.00%,0.5000,0,✓ Yes,completed
1,627,390,12-31,+0.0%,+0.00%,0.5000,0,✓ Yes,completed
1,627,429,12-31,+0.0%,+0.00%,0.5000,0,✓ Yes,completed
1,627,469,12-31,+0.0%,+0.00%,0.5000,0,✓ Yes,completed
1,627,508,12-31,+0.0%,+0.00%,0.5000,0,✓ Yes,completed
1,627,548,12-31,+0.0%,+0.00%,0.5000,0,✓ Yes,completed
1,627,587,12-31,+0.0%,+0.00%,0.5000,0,✓ Yes,completed
1,627,627,12-31,+0.0%,+0.00%,0.5000,0,✓ Yes,completed
2,349,349,12-13,+50.0%,+75.39%,0.8770,318,✗ No,budget_exceeded
2,349,349,12-13,+50.0%,+75.39%,0.8770,318,✗ No,budget_exceeded
2,367,349,12-13,+50.0%,+73.14%,0.8657,254,✗ No,budget_exceeded
2,367,367,12-13,+50.0%,+66.90%,0.8345,332,✗ No,budget_exceeded
2,385,349,12-13,+50.0%,+67.13%,0.8356,232,✗ No,budget_exceeded
2,385,385,12-13,+50.0%,+59.62%,0.7981,351,✗ No,budget_exceeded
2,402,349,12-13,+50.0%,+62.80%,0.8140,206,✗ No,budget_exceeded
2,402,376,12-13,+50.0%,+55.41%,0.7770,245,✗ No,budget_exceeded
2,402,402,12-13,+50.0%,+45.10%,0.7255,376,✗ No,budget_exceeded
2,420,349,12-13,+50.0%,+55.04%,0.7752,180,✗ No,budget_exceeded
2,420,373,12-13,+50.0%,+46.99%,0.7349,223,✗ No,budget_exceeded
2,420,397,12-13,+50.0%,+32.72%,0.6636,286,✗ No,budget_exceeded
2,420,420,12-13,+50.0%,+17.53%,0.5876,456,✗ No,budget_exceeded
2,438,349,12-13,+50.0%,+43.16%,0.7158,182,✗ No,budget_exceeded
2,438,367,12-13,+50.0%,+24.20%,0.6210,234,✗ No,budget_exceeded
2,438,385,12-13,+50.0%,+19.94%,0.5997,262,✗ No,budget_exceeded
2,438,402,12-13,+50.0%,+12.46%,0.5623,301,✗ No,budget_exceeded
2,438,420,12-13,+46.1%,+8.97%,0.5448,316,✓ Yes,completed
2,438,438,12-13,+38.9%,+8.38%,0.5419,395,✓ Yes,completed
2,456,349,12-13,+50.0%,+18.34%,0.5917,190,✗ No,budget_exceeded
2,456,367,12-13,+49.0%,+8.33%,0.5417,221,✓ Yes,completed
2,456,385,12-13,+45.4%,+8.45%,0.5423,222,✓ Yes,completed
2,456,402,12-13,+42.0%,+8.39%,0.5420,228,✓ Yes,completed
2,456,420,12-13,+37.8%,+8.23%,0.5411,229,✓ Yes,completed
2,456,438,12-13,+32.2%,+7.81%,0.5390,236,✓ Yes,completed
2,456,456,12-13,+27.9%,+7.11%,0.5355,345,✓ Yes,completed
2,474,349,12-13,+42.4%,+7.52%,0.5376,138,✓ Yes,completed
2,474,367,12-13,+37.3%,+7.61%,0.5381,139,✓ Yes,completed
2,474,385,12-13,+33.9%,+7.60%,0.5380,133,✓ Yes,completed
2,474,402,12-13,+31.8%,+7.33%,0.5367,146,✓ Yes,completed
2,474,420,12-13,+29.2%,+7.10%,0.5355,155,✓ Yes,completed
2,474,438,12-13,+25.8%,+6.63%,0.5332,163,✓ Yes,completed
2,474,456,12-13,+22.8%,+6.10%,0.5305,176,✓ Yes,completed
2,474,474,12-13,+18.6%,+5.04%,0.5252,256,✓ Yes,completed
2,491,349,12-13,+30.9%,+6.31%,0.5316,72,✓ Yes,completed
2,491,367,12-13,+27.6%,+6.19%,0.5310,77,✓ Yes,completed
2,491,385,12-13,+25.7%,+6.07%,0.5303,81,✓ Yes,completed
2,491,402,12-13,+23.4%,+5.73%,0.5286,88,✓ Yes,completed
2,491,420,12-13,+20.8%,+5.52%,0.5276,92,✓ Yes,completed
2,491,438,12-13,+18.7%,+4.97%,0.5248,103,✓ Yes,completed
2,491,456,12-13,+16.7%,+4.41%,0.5220,109,✓ Yes,completed
2,491,474,12-13,+14.7%,+3.78%,0.5189,115,✓ Yes,completed
2,491,491,12-13,+12.4%,+3.09%,0.5154,168,✓ Yes,completed
2,509,349,12-13,+24.1%,+5.14%,0.5257,34,✓ Yes,completed
2,509,367,12-13,+21.1%,+5.11%,0.5255,37,✓ Yes,completed
2,509,385,12-13,+19.6%,+4.79%,0.5240,40,✓ Yes,completed
2,509,402,12-13,+17.8%,+4.38%,0.5219,44,✓ Yes,completed
2,509,420,12-13,+16.0%,+3.90%,0.5195,50,✓ Yes,completed
2,509,438,12-13,+13.6%,+3.27%,0.5164,56,✓ Yes,completed
2,509,456,12-13,+12.1%,+3.00%,0.5150,58,✓ Yes,completed
2,509,474,12-13,+11.1%,+2.77%,0.5139,60,✓ Yes,completed
2,509,491,12-13,+10.1%,+2.63%,0.5132,61,✓ Yes,completed
2,509,509,12-13,+8.3%,+2.26%,0.5113,114,✓ Yes,completed
2,349,349,12-16,+50.0%,+75.33%,0.8766,319,✗ No,budget_exceeded
2,349,349,12-16,+50.0%,+75.33%,0.8766,319,✗ No,budget_exceeded
2,367,349,12-16,+50.0%,+73.12%,0.8656,254,✗ No,budget_exceeded
2,367,367,12-16,+50.0%,+66.85%,0.8342,333,✗ No,budget_exceeded
2,385,349,12-16,+50.0%,+67.09%,0.8355,232,✗ No,budget_exceeded
2,385,385,12-16,+50.0%,+59.54%,0.7977,352,✗ No,budget_exceeded
2,402,349,12-16,+50.0%,+62.18%,0.8109,208,✗ No,budget_exceeded
2,402,376,12-16,+50.0%,+55.27%,0.7763,247,✗ No,budget_exceeded
2,402,402,12-16,+50.0%,+44.68%,0.7234,381,✗ No,budget_exceeded
2,420,349,12-16,+50.0%,+54.84%,0.7742,182,✗ No,budget_exceeded
2,420,373,12-16,+50.0%,+46.17%,0.7309,229,✗ No,budget_exceeded
2,420,397,12-16,+50.0%,+30.75%,0.6538,295,✗ No,budget_exceeded
2,420,420,12-16,+50.0%,+15.77%,0.5789,458,✗ No,budget_exceeded
2,438,349,12-16,+50.0%,+35.39%,0.6769,190,✗ No,budget_exceeded
2,438,367,12-16,+50.0%,+23.37%,0.6169,241,✗ No,budget_exceeded
2,438,385,12-16,+50.0%,+19.12%,0.5956,269,✗ No,budget_exceeded
2,438,402,12-16,+50.0%,+11.66%,0.5583,304,✗ No,budget_exceeded
2,438,420,12-16,+45.5%,+8.95%,0.5448,314,✓ Yes,completed
2,438,438,12-16,+38.4%,+8.36%,0.5418,393,✓ Yes,completed
2,456,349,12-16,+50.0%,+17.50%,0.5875,197,✗ No,budget_exceeded
2,456,367,12-16,+48.2%,+8.26%,0.5413,221,✓ Yes,completed
2,456,385,12-16,+44.5%,+8.39%,0.5419,222,✓ Yes,completed
2,456,402,12-16,+41.3%,+8.37%,0.5418,227,✓ Yes,completed
2,456,420,12-16,+37.3%,+8.19%,0.5409,228,✓ Yes,completed
2,456,438,12-16,+31.7%,+7.82%,0.5391,234,✓ Yes,completed
2,456,456,12-16,+27.6%,+7.12%,0.5356,344,✓ Yes,completed
2,474,349,12-16,+41.4%,+7.41%,0.5371,138,✓ Yes,completed
2,474,367,12-16,+35.9%,+7.57%,0.5378,136,✓ Yes,completed
2,474,385,12-16,+32.9%,+7.54%,0.5377,133,✓ Yes,completed
2,474,402,12-16,+31.1%,+7.31%,0.5365,145,✓ Yes,completed
2,474,420,12-16,+28.7%,+7.09%,0.5355,154,✓ Yes,completed
2,474,438,12-16,+25.3%,+6.65%,0.5332,162,✓ Yes,completed
2,474,456,12-16,+22.3%,+6.12%,0.5306,175,✓ Yes,completed
2,474,474,12-16,+18.1%,+5.07%,0.5254,255,✓ Yes,completed
2,491,349,12-16,+29.7%,+6.21%,0.5311,71,✓ Yes,completed
2,491,367,12-16,+26.5%,+6.10%,0.5305,76,✓ Yes,completed
2,491,385,12-16,+24.6%,+5.93%,0.5297,80,✓ Yes,completed
2,491,402,12-16,+22.7%,+5.70%,0.5285,87,✓ Yes,completed
2,491,420,12-16,+20.3%,+5.49%,0.5275,91,✓ Yes,completed
2,491,438,12-16,+18.2%,+4.99%,0.5250,102,✓ Yes,completed
2,491,456,12-16,+16.3%,+4.45%,0.5223,108,✓ Yes,completed
2,491,474,12-16,+14.3%,+3.80%,0.5190,114,✓ Yes,completed
2,491,491,12-16,+12.0%,+3.08%,0.5154,167,✓ Yes,completed
2,509,349,12-16,+23.0%,+5.07%,0.5253,33,✓ Yes,completed
2,509,367,12-16,+20.0%,+5.00%,0.5250,36,✓ Yes,completed
2,509,385,12-16,+18.5%,+4.66%,0.5233,39,✓ Yes,completed
2,509,402,12-16,+17.1%,+4.35%,0.5218,43,✓ Yes,completed
2,509,420,12-16,+15.5%,+3.88%,0.5194,49,✓ Yes,completed
2,509,438,12-16,+13.2%,+3.30%,0.5165,55,✓ Yes,completed
2,509,456,12-16,+11.7%,+2.97%,0.5149,57,✓ Yes,completed
2,509,474,12-16,+10.7%,+2.79%,0.5139,59,✓ Yes,completed
2,509,491,12-16,+9.7%,+2.60%,0.5130,60,✓ Yes,completed
2,509,509,12-16,+8.0%,+2.28%,0.5114,110,✓ Yes,completed
2,349,349,12-19,+50.0%,+75.48%,0.8774,317,✗ No,budget_exceeded
2,349,349,12-19,+50.0%,+75.48%,0.8774,317,✗ No,budget_exceeded
2,367,349,12-19,+50.0%,+73.29%,0.8664,253,✗ No,budget_exceeded
2,367,367,12-19,+50.0%,+66.97%,0.8348,334,✗ No,budget_exceeded
2,385,349,12-19,+50.0%,+67.28%,0.8364,231,✗ No,budget_exceeded
2,385,385,12-19,+50.0%,+58.70%,0.7935,357,✗ No,budget_exceeded
2,402,349,12-19,+50.0%,+62.25%,0.8112,208,✗ No,budget_exceeded
2,402,376,12-19,+50.0%,+55.28%,0.7764,249,✗ No,budget_exceeded
2,402,402,12-19,+50.0%,+44.34%,0.7217,383,✗ No,budget_exceeded
2,420,349,12-19,+50.0%,+54.80%,0.7740,184,✗ No,budget_exceeded
2,420,373,12-19,+50.0%,+46.15%,0.7308,231,✗ No,budget_exceeded
2,420,397,12-19,+50.0%,+30.42%,0.6521,298,✗ No,budget_exceeded
2,420,420,12-19,+50.0%,+15.57%,0.5779,460,✗ No,budget_exceeded
2,438,349,12-19,+50.0%,+35.47%,0.6774,192,✗ No,budget_exceeded
2,438,367,12-19,+50.0%,+23.55%,0.6178,242,✗ No,budget_exceeded
2,438,385,12-19,+50.0%,+19.32%,0.5966,270,✗ No,budget_exceeded
2,438,402,12-19,+50.0%,+11.68%,0.5584,305,✗ No,budget_exceeded
2,438,420,12-19,+45.5%,+8.93%,0.5447,317,✓ Yes,completed
2,438,438,12-19,+38.3%,+8.38%,0.5419,395,✓ Yes,completed
2,456,349,12-19,+50.0%,+16.43%,0.5821,198,✗ No,budget_exceeded
2,456,367,12-19,+47.9%,+8.36%,0.5418,220,✓ Yes,completed
2,456,385,12-19,+44.3%,+8.47%,0.5423,221,✓ Yes,completed
2,456,402,12-19,+41.1%,+8.45%,0.5423,226,✓ Yes,completed
2,456,420,12-19,+37.2%,+8.22%,0.5411,229,✓ Yes,completed
2,456,438,12-19,+31.5%,+7.89%,0.5394,232,✓ Yes,completed
2,456,456,12-19,+27.6%,+7.18%,0.5359,341,✓ Yes,completed
2,474,349,12-19,+41.3%,+7.52%,0.5376,137,✓ Yes,completed
2,474,367,12-19,+36.6%,+7.57%,0.5379,141,✓ Yes,completed
2,474,385,12-19,+32.9%,+7.60%,0.5380,133,✓ Yes,completed
2,474,402,12-19,+31.0%,+7.45%,0.5372,144,✓ Yes,completed
2,474,420,12-19,+28.6%,+7.15%,0.5357,153,✓ Yes,completed
2,474,438,12-19,+25.4%,+6.73%,0.5337,162,✓ Yes,completed
2,474,456,12-19,+22.4%,+6.20%,0.5310,175,✓ Yes,completed
2,474,474,12-19,+18.1%,+5.22%,0.5261,254,✓ Yes,completed
2,491,349,12-19,+29.7%,+6.32%,0.5316,71,✓ Yes,completed
2,491,367,12-19,+26.5%,+6.21%,0.5311,76,✓ Yes,completed
2,491,385,12-19,+24.6%,+6.08%,0.5304,80,✓ Yes,completed
2,491,402,12-19,+22.7%,+5.78%,0.5289,87,✓ Yes,completed
2,491,420,12-19,+20.4%,+5.59%,0.5279,93,✓ Yes,completed
2,491,438,12-19,+18.2%,+5.15%,0.5258,102,✓ Yes,completed
2,491,456,12-19,+16.3%,+4.63%,0.5231,108,✓ Yes,completed
2,491,474,12-19,+14.3%,+3.96%,0.5198,114,✓ Yes,completed
2,491,491,12-19,+12.0%,+3.15%,0.5158,167,✓ Yes,completed
2,509,349,12-19,+23.0%,+5.13%,0.5257,33,✓ Yes,completed
2,509,367,12-19,+20.0%,+5.10%,0.5255,36,✓ Yes,completed
2,509,385,12-19,+18.5%,+4.83%,0.5242,39,✓ Yes,completed
2,509,402,12-19,+17.1%,+4.51%,0.5226,43,✓ Yes,completed
2,509,420,12-19,+15.5%,+4.08%,0.5204,49,✓ Yes,completed
2,509,438,12-19,+13.2%,+3.46%,0.5173,55,✓ Yes,completed
2,509,456,12-19,+11.7%,+3.01%,0.5151,57,✓ Yes,completed
2,509,474,12-19,+10.7%,+2.88%,0.5144,59,✓ Yes,completed
2,509,491,12-19,+9.7%,+2.63%,0.5131,60,✓ Yes,completed
2,509,509,12-19,+8.0%,+2.32%,0.5116,110,✓ Yes,completed
2,349,349,12-22,+50.0%,+76.03%,0.8801,315,✗ No,budget_exceeded
2,349,349,12-22,+50.0%,+76.03%,0.8801,315,✗ No,budget_exceeded
2,367,349,12-22,+50.0%,+73.87%,0.8694,253,✗ No,budget_exceeded
2,367,367,12-22,+50.0%,+67.57%,0.8378,334,✗ No,budget_exceeded
2,385,349,12-22,+50.0%,+67.87%,0.8394,231,✗ No,budget_exceeded
2,385,385,12-22,+50.0%,+59.31%,0.7966,357,✗ No,budget_exceeded
2,402,349,12-22,+50.0%,+62.86%,0.8143,208,✗ No,budget_exceeded
2,402,376,12-22,+50.0%,+55.90%,0.7795,249,✗ No,budget_exceeded
2,402,402,12-22,+50.0%,+44.99%,0.7250,383,✗ No,budget_exceeded
2,420,349,12-22,+50.0%,+55.43%,0.7772,184,✗ No,budget_exceeded
2,420,373,12-22,+50.0%,+46.80%,0.7340,231,✗ No,budget_exceeded
2,420,397,12-22,+50.0%,+31.10%,0.6555,298,✗ No,budget_exceeded
2,420,420,12-22,+50.0%,+16.29%,0.5814,460,✗ No,budget_exceeded
2,438,349,12-22,+50.0%,+36.15%,0.6807,192,✗ No,budget_exceeded
2,438,367,12-22,+50.0%,+24.25%,0.6213,242,✗ No,budget_exceeded
2,438,385,12-22,+50.0%,+20.03%,0.6002,270,✗ No,budget_exceeded
2,438,402,12-22,+50.0%,+12.41%,0.5620,305,✗ No,budget_exceeded
2,438,420,12-22,+45.9%,+8.97%,0.5449,320,✓ Yes,completed
2,438,438,12-22,+38.9%,+8.45%,0.5422,402,✓ Yes,completed
2,456,349,12-22,+50.0%,+17.14%,0.5857,198,✗ No,budget_exceeded
2,456,367,12-22,+48.1%,+8.46%,0.5423,221,✓ Yes,completed
2,456,385,12-22,+44.3%,+8.62%,0.5431,221,✓ Yes,completed
2,456,402,12-22,+41.5%,+8.54%,0.5427,229,✓ Yes,completed
2,456,420,12-22,+37.4%,+8.33%,0.5417,232,✓ Yes,completed
2,456,438,12-22,+31.5%,+8.05%,0.5403,232,✓ Yes,completed
2,456,456,12-22,+27.6%,+7.32%,0.5366,341,✓ Yes,completed
2,474,349,12-22,+41.8%,+7.58%,0.5379,141,✓ Yes,completed
2,474,367,12-22,+36.7%,+7.69%,0.5385,142,✓ Yes,completed
2,474,385,12-22,+33.1%,+7.71%,0.5385,135,✓ Yes,completed
2,474,402,12-22,+31.0%,+7.60%,0.5380,144,✓ Yes,completed
2,474,420,12-22,+28.6%,+7.29%,0.5364,153,✓ Yes,completed
2,474,438,12-22,+25.4%,+6.90%,0.5345,163,✓ Yes,completed
2,474,456,12-22,+22.4%,+6.32%,0.5316,175,✓ Yes,completed
2,474,474,12-22,+18.1%,+5.47%,0.5274,254,✓ Yes,completed
2,491,349,12-22,+29.7%,+6.47%,0.5323,71,✓ Yes,completed
2,491,367,12-22,+26.7%,+6.38%,0.5319,78,✓ Yes,completed
2,491,385,12-22,+24.6%,+6.24%,0.5312,80,✓ Yes,completed
2,491,402,12-22,+22.7%,+5.90%,0.5295,87,✓ Yes,completed
2,491,420,12-22,+20.6%,+5.69%,0.5285,95,✓ Yes,completed
2,491,438,12-22,+18.2%,+5.40%,0.5270,102,✓ Yes,completed
2,491,456,12-22,+16.3%,+4.84%,0.5242,108,✓ Yes,completed
2,491,474,12-22,+14.3%,+4.15%,0.5208,114,✓ Yes,completed
2,491,491,12-22,+12.0%,+3.39%,0.5170,167,✓ Yes,completed
2,509,349,12-22,+23.0%,+5.30%,0.5265,33,✓ Yes,completed
2,509,367,12-22,+20.0%,+5.21%,0.5260,36,✓ Yes,completed
2,509,385,12-22,+18.5%,+5.06%,0.5253,39,✓ Yes,completed
2,509,402,12-22,+17.1%,+4.74%,0.5237,43,✓ Yes,completed
2,509,420,12-22,+15.5%,+4.35%,0.5217,49,✓ Yes,completed
2,509,438,12-22,+13.2%,+3.66%,0.5183,55,✓ Yes,completed
2,509,456,12-22,+11.7%,+3.21%,0.5161,57,✓ Yes,completed
2,509,474,12-22,+10.7%,+2.97%,0.5149,59,✓ Yes,completed
2,509,491,12-22,+9.7%,+2.79%,0.5139,60,✓ Yes,completed
2,509,509,12-22,+8.0%,+2.39%,0.5120,110,✓ Yes,completed
2,349,349,12-25,+50.0%,+76.56%,0.8828,315,✗ No,budget_exceeded
2,349,349,12-25,+50.0%,+76.56%,0.8828,315,✗ No,budget_exceeded
2,367,349,12-25,+50.0%,+74.41%,0.8721,253,✗ No,budget_exceeded
2,367,367,12-25,+50.0%,+68.11%,0.8406,334,✗ No,budget_exceeded
2,385,349,12-25,+50.0%,+68.42%,0.8421,231,✗ No,budget_exceeded
2,385,385,12-25,+50.0%,+59.87%,0.7994,357,✗ No,budget_exceeded
2,402,349,12-25,+50.0%,+63.41%,0.8170,208,✗ No,budget_exceeded
2,402,376,12-25,+50.0%,+56.47%,0.7823,249,✗ No,budget_exceeded
2,402,402,12-25,+50.0%,+45.57%,0.7279,383,✗ No,budget_exceeded
2,420,349,12-25,+50.0%,+55.99%,0.7800,184,✗ No,budget_exceeded
2,420,373,12-25,+50.0%,+47.37%,0.7369,231,✗ No,budget_exceeded
2,420,397,12-25,+50.0%,+31.69%,0.6585,298,✗ No,budget_exceeded
2,420,420,12-25,+50.0%,+16.90%,0.5845,460,✗ No,budget_exceeded
2,438,349,12-25,+50.0%,+36.73%,0.6837,192,✗ No,budget_exceeded
2,438,367,12-25,+50.0%,+24.85%,0.6243,242,✗ No,budget_exceeded
2,438,385,12-25,+50.0%,+20.64%,0.6032,270,✗ No,budget_exceeded
2,438,402,12-25,+50.0%,+13.02%,0.5651,305,✗ No,budget_exceeded
2,438,420,12-25,+46.3%,+8.93%,0.5446,323,✓ Yes,completed
2,438,438,12-25,+38.9%,+8.48%,0.5424,405,✓ Yes,completed
2,456,349,12-25,+50.0%,+17.76%,0.5888,198,✗ No,budget_exceeded
2,456,367,12-25,+48.1%,+8.46%,0.5423,221,✓ Yes,completed
2,456,385,12-25,+44.9%,+8.55%,0.5428,225,✓ Yes,completed
2,456,402,12-25,+41.9%,+8.51%,0.5425,232,✓ Yes,completed
2,456,420,12-25,+38.0%,+8.29%,0.5415,237,✓ Yes,completed
2,456,438,12-25,+31.6%,+8.07%,0.5404,233,✓ Yes,completed
2,456,456,12-25,+27.6%,+7.33%,0.5367,345,✓ Yes,completed
2,474,349,12-25,+42.0%,+7.54%,0.5377,142,✓ Yes,completed
2,474,367,12-25,+36.8%,+7.66%,0.5383,143,✓ Yes,completed
2,474,385,12-25,+33.5%,+7.70%,0.5385,139,✓ Yes,completed
2,474,402,12-25,+31.0%,+7.66%,0.5383,144,✓ Yes,completed
2,474,420,12-25,+28.6%,+7.33%,0.5367,153,✓ Yes,completed
2,474,438,12-25,+25.4%,+6.98%,0.5349,163,✓ Yes,completed
2,474,456,12-25,+22.4%,+6.37%,0.5319,175,✓ Yes,completed
2,474,474,12-25,+18.1%,+5.58%,0.5279,254,✓ Yes,completed
2,491,349,12-25,+29.7%,+6.56%,0.5328,71,✓ Yes,completed
2,491,367,12-25,+26.7%,+6.40%,0.5320,78,✓ Yes,completed
2,491,385,12-25,+24.7%,+6.26%,0.5313,81,✓ Yes,completed
2,491,402,12-25,+22.7%,+5.99%,0.5299,87,✓ Yes,completed
2,491,420,12-25,+20.6%,+5.75%,0.5288,95,✓ Yes,completed
2,491,438,12-25,+18.2%,+5.49%,0.5275,102,✓ Yes,completed
2,491,456,12-25,+16.3%,+4.93%,0.5247,108,✓ Yes,completed
2,491,474,12-25,+14.3%,+4.32%,0.5216,114,✓ Yes,completed
2,491,491,12-25,+12.0%,+3.50%,0.5175,167,✓ Yes,completed
2,509,349,12-25,+23.0%,+5.40%,0.5270,33,✓ Yes,completed
2,509,367,12-25,+20.2%,+5.23%,0.5261,38,✓ Yes,completed
2,509,385,12-25,+18.5%,+5.13%,0.5257,39,✓ Yes,completed
2,509,402,12-25,+17.1%,+4.84%,0.5242,43,✓ Yes,completed
2,509,420,12-25,+15.5%,+4.43%,0.5222,49,✓ Yes,completed
2,509,438,12-25,+13.2%,+3.77%,0.5188,55,✓ Yes,completed
2,509,456,12-25,+11.7%,+3.33%,0.5166,57,✓ Yes,completed
2,509,474,12-25,+10.7%,+2.98%,0.5149,59,✓ Yes,completed
2,509,491,12-25,+9.7%,+2.79%,0.5140,60,✓ Yes,completed
2,509,509,12-25,+8.0%,+2.35%,0.5118,110,✓ Yes,completed
2,349,349,12-28,+50.0%,+76.83%,0.8841,310,✗ No,budget_exceeded
2,349,349,12-28,+50.0%,+76.83%,0.8841,310,✗ No,budget_exceeded
2,367,349,12-28,+50.0%,+74.79%,0.8740,251,✗ No,budget_exceeded
2,367,367,12-28,+50.0%,+68.57%,0.8428,330,✗ No,budget_exceeded
2,385,349,12-28,+50.0%,+68.90%,0.8445,231,✗ No,budget_exceeded
2,385,385,12-28,+50.0%,+60.17%,0.8009,357,✗ No,budget_exceeded
2,402,349,12-28,+50.0%,+64.03%,0.8202,208,✗ No,budget_exceeded
2,402,376,12-28,+50.0%,+57.09%,0.7855,249,✗ No,budget_exceeded
2,402,402,12-28,+50.0%,+46.21%,0.7310,383,✗ No,budget_exceeded
2,420,349,12-28,+50.0%,+56.62%,0.7831,184,✗ No,budget_exceeded
2,420,373,12-28,+50.0%,+48.01%,0.7401,231,✗ No,budget_exceeded
2,420,397,12-28,+50.0%,+32.34%,0.6617,298,✗ No,budget_exceeded
2,420,420,12-28,+50.0%,+17.56%,0.5878,460,✗ No,budget_exceeded
2,438,349,12-28,+50.0%,+37.38%,0.6869,192,✗ No,budget_exceeded
2,438,367,12-28,+50.0%,+25.51%,0.6276,242,✗ No,budget_exceeded
2,438,385,12-28,+50.0%,+21.30%,0.6065,270,✗ No,budget_exceeded
2,438,402,12-28,+50.0%,+13.69%,0.5685,305,✗ No,budget_exceeded
2,438,420,12-28,+46.4%,+9.00%,0.5450,324,✓ Yes,completed
2,438,438,12-28,+38.9%,+8.64%,0.5432,405,✓ Yes,completed
2,456,349,12-28,+50.0%,+18.42%,0.5921,198,✗ No,budget_exceeded
2,456,367,12-28,+48.3%,+8.52%,0.5426,222,✓ Yes,completed
2,456,385,12-28,+45.5%,+8.51%,0.5425,229,✓ Yes,completed
2,456,402,12-28,+42.0%,+8.60%,0.5430,233,✓ Yes,completed
2,456,420,12-28,+38.1%,+8.34%,0.5417,239,✓ Yes,completed
2,456,438,12-28,+32.0%,+8.12%,0.5406,237,✓ Yes,completed
2,456,456,12-28,+27.6%,+7.43%,0.5372,345,✓ Yes,completed
2,474,349,12-28,+42.0%,+7.63%,0.5381,142,✓ Yes,completed
2,474,367,12-28,+37.1%,+7.66%,0.5383,145,✓ Yes,completed
2,474,385,12-28,+34.0%,+7.75%,0.5387,143,✓ Yes,completed
2,474,402,12-28,+31.2%,+7.73%,0.5387,146,✓ Yes,completed
2,474,420,12-28,+28.6%,+7.44%,0.5372,153,✓ Yes,completed
2,474,438,12-28,+25.6%,+7.04%,0.5352,165,✓ Yes,completed
2,474,456,12-28,+22.4%,+6.52%,0.5326,175,✓ Yes,completed
2,474,474,12-28,+18.2%,+5.68%,0.5284,256,✓ Yes,completed
2,491,349,12-28,+29.7%,+6.65%,0.5332,71,✓ Yes,completed
2,491,367,12-28,+26.7%,+6.47%,0.5324,78,✓ Yes,completed
2,491,385,12-28,+24.7%,+6.38%,0.5319,81,✓ Yes,completed
2,491,402,12-28,+22.7%,+6.12%,0.5306,87,✓ Yes,completed
2,491,420,12-28,+20.6%,+5.81%,0.5290,95,✓ Yes,completed
2,491,438,12-28,+18.4%,+5.57%,0.5279,104,✓ Yes,completed
2,491,456,12-28,+16.3%,+5.08%,0.5254,108,✓ Yes,completed
2,491,474,12-28,+14.3%,+4.50%,0.5225,114,✓ Yes,completed
2,491,491,12-28,+12.0%,+3.62%,0.5181,167,✓ Yes,completed
2,509,349,12-28,+23.0%,+5.50%,0.5275,33,✓ Yes,completed
2,509,367,12-28,+20.2%,+5.31%,0.5265,38,✓ Yes,completed
2,509,385,12-28,+18.5%,+5.18%,0.5259,39,✓ Yes,completed
2,509,402,12-28,+17.1%,+5.01%,0.5251,43,✓ Yes,completed
2,509,420,12-28,+15.5%,+4.57%,0.5229,49,✓ Yes,completed
2,509,438,12-28,+13.2%,+3.91%,0.5196,55,✓ Yes,completed
2,509,456,12-28,+11.7%,+3.46%,0.5173,57,✓ Yes,completed
2,509,474,12-28,+10.7%,+3.16%,0.5158,59,✓ Yes,completed
2,509,491,12-28,+9.7%,+2.83%,0.5141,60,✓ Yes,completed
2,509,509,12-28,+8.0%,+2.41%,0.5121,110,✓ Yes,completed
2,349,349,12-31,+50.0%,+77.31%,0.8865,309,✗ No,budget_exceeded
2,349,349,12-31,+50.0%,+77.31%,0.8865,309,✗ No,budget_exceeded
2,367,349,12-31,+50.0%,+75.35%,0.8768,251,✗ No,budget_exceeded
2,367,367,12-31,+50.0%,+69.14%,0.8457,330,✗ No,budget_exceeded
2,385,349,12-31,+50.0%,+69.47%,0.8474,231,✗ No,budget_exceeded
2,385,385,12-31,+50.0%,+60.75%,0.8038,357,✗ No,budget_exceeded
2,402,349,12-31,+50.0%,+64.61%,0.8230,208,✗ No,budget_exceeded
2,402,376,12-31,+50.0%,+57.68%,0.7884,249,✗ No,budget_exceeded
2,402,402,12-31,+50.0%,+46.82%,0.7341,383,✗ No,budget_exceeded
2,420,349,12-31,+50.0%,+57.21%,0.7861,184,✗ No,budget_exceeded
2,420,373,12-31,+50.0%,+48.61%,0.7431,231,✗ No,budget_exceeded
2,420,397,12-31,+50.0%,+32.98%,0.6649,298,✗ No,budget_exceeded
2,420,420,12-31,+50.0%,+18.22%,0.5911,460,✗ No,budget_exceeded
2,438,349,12-31,+50.0%,+38.00%,0.6900,192,✗ No,budget_exceeded
2,438,367,12-31,+50.0%,+26.16%,0.6308,242,✗ No,budget_exceeded
2,438,385,12-31,+50.0%,+21.95%,0.6098,270,✗ No,budget_exceeded
2,438,402,12-31,+50.0%,+14.36%,0.5718,305,✗ No,budget_exceeded
2,438,420,12-31,+46.5%,+9.04%,0.5452,325,✓ Yes,completed
2,438,438,12-31,+39.3%,+8.69%,0.5434,409,✓ Yes,completed
2,456,349,12-31,+50.0%,+19.08%,0.5954,198,✗ No,budget_exceeded
2,456,367,12-31,+48.3%,+8.66%,0.5433,222,✓ Yes,completed
2,456,385,12-31,+45.5%,+8.62%,0.5431,229,✓ Yes,completed
2,456,402,12-31,+42.0%,+8.73%,0.5437,233,✓ Yes,completed
2,456,420,12-31,+38.1%,+8.51%,0.5425,239,✓ Yes,completed
2,456,438,12-31,+32.4%,+8.18%,0.5409,242,✓ Yes,completed
2,456,456,12-31,+27.6%,+7.51%,0.5375,345,✓ Yes,completed
2,474,349,12-31,+42.0%,+7.76%,0.5388,142,✓ Yes,completed
2,474,367,12-31,+37.2%,+7.68%,0.5384,146,✓ Yes,completed
2,474,385,12-31,+34.5%,+7.77%,0.5388,147,✓ Yes,completed
2,474,402,12-31,+31.4%,+7.76%,0.5388,148,✓ Yes,completed
2,474,420,12-31,+28.6%,+7.56%,0.5378,153,✓ Yes,completed
2,474,438,12-31,+25.6%,+7.13%,0.5357,165,✓ Yes,completed
2,474,456,12-31,+22.4%,+6.62%,0.5331,175,✓ Yes,completed
2,474,474,12-31,+18.5%,+5.73%,0.5287,263,✓ Yes,completed
2,491,349,12-31,+29.7%,+6.75%,0.5338,71,✓ Yes,completed
2,491,367,12-31,+26.7%,+6.56%,0.5328,78,✓ Yes,completed
2,491,385,12-31,+24.9%,+6.47%,0.5323,83,✓ Yes,completed
2,491,402,12-31,+22.8%,+6.23%,0.5311,88,✓ Yes,completed
2,491,420,12-31,+20.6%,+5.86%,0.5293,95,✓ Yes,completed
2,491,438,12-31,+18.5%,+5.61%,0.5280,106,✓ Yes,completed
2,491,456,12-31,+16.3%,+5.27%,0.5263,108,✓ Yes,completed
2,491,474,12-31,+14.3%,+4.65%,0.5232,114,✓ Yes,completed
2,491,491,12-31,+12.0%,+3.79%,0.5190,167,✓ Yes,completed
2,509,349,12-31,+23.1%,+5.56%,0.5278,34,✓ Yes,completed
2,509,367,12-31,+20.2%,+5.38%,0.5269,38,✓ Yes,completed
2,509,385,12-31,+18.7%,+5.23%,0.5261,41,✓ Yes,completed
2,509,402,12-31,+17.1%,+5.15%,0.5257,43,✓ Yes,completed
2,509,420,12-31,+15.5%,+4.72%,0.5236,49,✓ Yes,completed
2,509,438,12-31,+13.2%,+4.15%,0.5207,55,✓ Yes,completed
2,509,456,12-31,+11.7%,+3.64%,0.5182,57,✓ Yes,completed
2,509,474,12-31,+10.7%,+3.32%,0.5166,59,✓ Yes,completed
2,509,491,12-31,+9.7%,+2.96%,0.5148,60,✓ Yes,completed
2,509,509,12-31,+8.0%,+2.50%,0.5125,110,✓ Yes,completed
3,402,384,12-27,+50.0%,+54.36%,0.7718,277,✗ No,budget_exceeded
3,402,402,12-27,+50.0%,+46.31%,0.7315,389,✗ No,budget_exceeded
3,410,384,12-27,+50.0%,+49.75%,0.7487,269,✗ No,budget_exceeded
3,410,393,12-27,+50.0%,+46.96%,0.7348,293,✗ No,budget_exceeded
3,410,401,12-27,+50.0%,+37.91%,0.6895,328,✗ No,budget_exceeded
3,410,410,12-27,+50.0%,+31.52%,0.6576,436,✗ No,budget_exceeded
3,418,384,12-27,+50.0%,+45.20%,0.7260,264,✗ No,budget_exceeded
3,418,393,12-27,+50.0%,+36.72%,0.6836,292,✗ No,budget_exceeded
3,418,401,12-27,+50.0%,+32.13%,0.6606,320,✗ No,budget_exceeded
3,418,410,12-27,+50.0%,+26.18%,0.6309,362,✗ No,budget_exceeded
3,418,418,12-27,+50.0%,+21.29%,0.6065,490,✗ No,budget_exceeded
3,426,384,12-27,+50.0%,+31.82%,0.6591,258,✗ No,budget_exceeded
3,426,393,12-27,+50.0%,+27.47%,0.6373,281,✗ No,budget_exceeded
3,426,401,12-27,+50.0%,+25.03%,0.6252,299,✗ No,budget_exceeded
3,426,409,12-27,+50.0%,+21.54%,0.6077,332,✗ No,budget_exceeded
3,426,418,12-27,+50.0%,+14.67%,0.5734,367,✗ No,budget_exceeded
3,426,426,12-27,+48.1%,+9.10%,0.5455,492,✓ Yes,completed
3,434,384,12-27,+50.0%,+24.36%,0.6218,266,✗ No,budget_exceeded
3,434,393,12-27,+50.0%,+22.79%,0.6139,280,✗ No,budget_exceeded
3,434,401,12-27,+50.0%,+20.50%,0.6025,296,✗ No,budget_exceeded
3,434,409,12-27,+50.0%,+13.70%,0.5685,325,✗ No,budget_exceeded
3,434,417,12-27,+48.7%,+9.19%,0.5459,336,✓ Yes,completed
3,434,426,12-27,+45.8%,+8.94%,0.5447,360,✓ Yes,completed
3,434,434,12-27,+42.1%,+8.77%,0.5439,461,✓ Yes,completed
3,442,384,12-27,+50.0%,+14.47%,0.5723,264,✗ No,budget_exceeded
3,442,393,12-27,+50.0%,+10.63%,0.5532,276,✗ No,budget_exceeded
3,442,401,12-27,+48.9%,+9.06%,0.5453,281,✓ Yes,completed
3,442,409,12-27,+46.9%,+8.95%,0.5447,290,✓ Yes,completed
3,442,417,12-27,+44.8%,+8.90%,0.5445,290,✓ Yes,completed
3,442,426,12-27,+42.1%,+8.80%,0.5440,307,✓ Yes,completed
3,442,434,12-27,+38.9%,+8.62%,0.5431,314,✓ Yes,completed
3,442,442,12-27,+35.7%,+8.32%,0.5416,366,✓ Yes,completed
3,450,384,12-27,+47.9%,+8.76%,0.5438,247,✓ Yes,completed
3,450,392,12-27,+47.0%,+8.76%,0.5438,253,✓ Yes,completed
3,450,401,12-27,+45.5%,+8.69%,0.5435,253,✓ Yes,completed
3,450,409,12-27,+42.9%,+8.83%,0.5442,254,✓ Yes,completed
3,450,417,12-27,+41.3%,+8.67%,0.5434,258,✓ Yes,completed
3,450,425,12-27,+38.7%,+8.51%,0.5426,267,✓ Yes,completed
3,450,434,12-27,+36.0%,+8.36%,0.5418,269,✓ Yes,completed
3,450,442,12-27,+32.9%,+8.20%,0.5410,279,✓ Yes,completed
3,450,450,12-27,+30.2%,+7.92%,0.5396,340,✓ Yes,completed
3,458,384,12-27,+43.5%,+8.55%,0.5428,216,✓ Yes,completed
3,458,392,12-27,+42.5%,+8.54%,0.5427,221,✓ Yes,completed
3,458,401,12-27,+41.3%,+8.48%,0.5424,220,✓ Yes,completed
3,458,409,12-27,+39.3%,+8.49%,0.5425,224,✓ Yes,completed
3,458,417,12-27,+37.9%,+8.26%,0.5413,229,✓ Yes,completed
3,458,425,12-27,+34.9%,+8.21%,0.5410,228,✓ Yes,completed
3,458,433,12-27,+32.3%,+8.13%,0.5406,224,✓ Yes,completed
3,458,442,12-27,+30.0%,+7.90%,0.5395,235,✓ Yes,completed
3,458,450,12-27,+28.5%,+7.60%,0.5380,243,✓ Yes,completed
3,458,458,12-27,+26.5%,+7.20%,0.5360,347,✓ Yes,completed
3,466,384,12-27,+38.8%,+8.09%,0.5405,182,✓ Yes,completed
3,466,392,12-27,+38.1%,+8.00%,0.5400,188,✓ Yes,completed
3,466,401,12-27,+36.5%,+8.05%,0.5402,184,✓ Yes,completed
3,466,409,12-27,+35.0%,+8.02%,0.5401,188,✓ Yes,completed
3,466,417,12-27,+33.0%,+8.00%,0.5400,186,✓ Yes,completed
3,466,425,12-27,+30.3%,+7.85%,0.5392,185,✓ Yes,completed
3,466,433,12-27,+28.9%,+7.60%,0.5380,190,✓ Yes,completed
3,466,442,12-27,+27.5%,+7.37%,0.5368,203,✓ Yes,completed
3,466,450,12-27,+26.1%,+7.17%,0.5358,211,✓ Yes,completed
3,466,458,12-27,+24.3%,+6.84%,0.5342,222,✓ Yes,completed
3,466,466,12-27,+21.9%,+6.32%,0.5316,285,✓ Yes,completed
3,474,384,12-27,+33.5%,+7.72%,0.5386,140,✓ Yes,completed
3,474,392,12-27,+32.7%,+7.74%,0.5387,144,✓ Yes,completed
3,474,401,12-27,+31.4%,+7.71%,0.5386,141,✓ Yes,completed
3,474,409,12-27,+30.1%,+7.60%,0.5380,146,✓ Yes,completed
3,474,417,12-27,+29.1%,+7.47%,0.5374,151,✓ Yes,completed
3,474,425,12-27,+27.2%,+7.17%,0.5358,157,✓ Yes,completed
3,474,433,12-27,+26.0%,+7.04%,0.5352,161,✓ Yes,completed
3,474,441,12-27,+24.5%,+6.82%,0.5341,168,✓ Yes,completed
3,474,450,12-27,+23.1%,+6.61%,0.5330,171,✓ Yes,completed
3,474,458,12-27,+21.9%,+6.33%,0.5316,176,✓ Yes,completed
3,474,466,12-27,+20.0%,+5.98%,0.5299,189,✓ Yes,completed
3,474,474,12-27,+17.9%,+5.60%,0.5280,252,✓ Yes,completed
3,402,384,12-28,+50.0%,+54.57%,0.7729,277,✗ No,budget_exceeded
3,402,402,12-28,+50.0%,+46.53%,0.7326,389,✗ No,budget_exceeded
3,410,384,12-28,+50.0%,+49.97%,0.7498,269,✗ No,budget_exceeded
3,410,393,12-28,+50.0%,+47.18%,0.7359,293,✗ No,budget_exceeded
3,410,401,12-28,+50.0%,+38.12%,0.6906,328,✗ No,budget_exceeded
3,410,410,12-28,+50.0%,+31.74%,0.6587,436,✗ No,budget_exceeded
3,418,384,12-28,+50.0%,+45.41%,0.7271,264,✗ No,budget_exceeded
3,418,393,12-28,+50.0%,+36.94%,0.6847,292,✗ No,budget_exceeded
3,418,401,12-28,+50.0%,+32.35%,0.6617,320,✗ No,budget_exceeded
3,418,410,12-28,+50.0%,+26.41%,0.6320,362,✗ No,budget_exceeded
3,418,418,12-28,+50.0%,+21.51%,0.6076,490,✗ No,budget_exceeded
3,426,384,12-28,+50.0%,+32.04%,0.6602,258,✗ No,budget_exceeded
3,426,393,12-28,+50.0%,+27.69%,0.6385,281,✗ No,budget_exceeded
3,426,401,12-28,+50.0%,+25.26%,0.6263,299,✗ No,budget_exceeded
3,426,409,12-28,+50.0%,+21.76%,0.6088,332,✗ No,budget_exceeded
3,426,418,12-28,+50.0%,+14.90%,0.5745,367,✗ No,budget_exceeded
3,426,426,12-28,+48.2%,+9.10%,0.5455,494,✓ Yes,completed
3,434,384,12-28,+50.0%,+24.58%,0.6229,266,✗ No,budget_exceeded
3,434,393,12-28,+50.0%,+23.01%,0.6151,280,✗ No,budget_exceeded
3,434,401,12-28,+50.0%,+20.72%,0.6036,296,✗ No,budget_exceeded
3,434,409,12-28,+50.0%,+13.93%,0.5696,325,✗ No,budget_exceeded
3,434,417,12-28,+48.7%,+9.23%,0.5461,336,✓ Yes,completed
3,434,426,12-28,+45.8%,+9.01%,0.5450,360,✓ Yes,completed
3,434,434,12-28,+42.1%,+8.82%,0.5441,461,✓ Yes,completed
3,442,384,12-28,+50.0%,+14.69%,0.5735,264,✗ No,budget_exceeded
3,442,393,12-28,+50.0%,+10.85%,0.5543,276,✗ No,budget_exceeded
3,442,401,12-28,+48.9%,+9.10%,0.5455,281,✓ Yes,completed
3,442,409,12-28,+46.9%,+8.96%,0.5448,290,✓ Yes,completed
3,442,417,12-28,+44.8%,+8.91%,0.5446,290,✓ Yes,completed
3,442,426,12-28,+42.1%,+8.84%,0.5442,307,✓ Yes,completed
3,442,434,12-28,+38.9%,+8.67%,0.5433,314,✓ Yes,completed
3,442,442,12-28,+35.8%,+8.35%,0.5417,369,✓ Yes,completed
3,450,384,12-28,+48.1%,+8.76%,0.5438,248,✓ Yes,completed
3,450,392,12-28,+47.0%,+8.76%,0.5438,253,✓ Yes,completed
3,450,401,12-28,+45.5%,+8.71%,0.5435,253,✓ Yes,completed
3,450,409,12-28,+42.9%,+8.85%,0.5442,254,✓ Yes,completed
3,450,417,12-28,+41.4%,+8.68%,0.5434,259,✓ Yes,completed
3,450,425,12-28,+38.7%,+8.58%,0.5429,267,✓ Yes,completed
3,450,434,12-28,+36.1%,+8.36%,0.5418,271,✓ Yes,completed
3,450,442,12-28,+32.9%,+8.22%,0.5411,280,✓ Yes,completed
3,450,450,12-28,+30.2%,+7.95%,0.5398,340,✓ Yes,completed
3,458,384,12-28,+43.6%,+8.55%,0.5427,217,✓ Yes,completed
3,458,392,12-28,+42.5%,+8.59%,0.5429,221,✓ Yes,completed
3,458,401,12-28,+41.4%,+8.49%,0.5424,221,✓ Yes,completed
3,458,409,12-28,+39.3%,+8.52%,0.5426,224,✓ Yes,completed
3,458,417,12-28,+37.9%,+8.28%,0.5414,229,✓ Yes,completed
3,458,425,12-28,+35.1%,+8.21%,0.5410,229,✓ Yes,completed
3,458,433,12-28,+32.5%,+8.15%,0.5408,226,✓ Yes,completed
3,458,442,12-28,+30.0%,+7.94%,0.5397,235,✓ Yes,completed
3,458,450,12-28,+28.5%,+7.65%,0.5382,243,✓ Yes,completed
3,458,458,12-28,+26.5%,+7.22%,0.5361,349,✓ Yes,completed
3,466,384,12-28,+38.8%,+8.15%,0.5408,182,✓ Yes,completed
3,466,392,12-28,+38.1%,+8.03%,0.5402,188,✓ Yes,completed
3,466,401,12-28,+36.7%,+8.04%,0.5402,185,✓ Yes,completed
3,466,409,12-28,+35.1%,+8.03%,0.5401,189,✓ Yes,completed
3,466,417,12-28,+33.1%,+8.02%,0.5401,187,✓ Yes,completed
3,466,425,12-28,+30.3%,+7.88%,0.5394,185,✓ Yes,completed
3,466,433,12-28,+28.9%,+7.64%,0.5382,190,✓ Yes,completed
3,466,442,12-28,+27.5%,+7.41%,0.5370,203,✓ Yes,completed
3,466,450,12-28,+26.1%,+7.21%,0.5361,211,✓ Yes,completed
3,466,458,12-28,+24.3%,+6.87%,0.5344,222,✓ Yes,completed
3,466,466,12-28,+21.9%,+6.37%,0.5318,285,✓ Yes,completed
3,474,384,12-28,+33.8%,+7.73%,0.5387,142,✓ Yes,completed
3,474,392,12-28,+32.8%,+7.74%,0.5387,145,✓ Yes,completed
3,474,401,12-28,+31.4%,+7.73%,0.5386,141,✓ Yes,completed
3,474,409,12-28,+30.1%,+7.65%,0.5382,146,✓ Yes,completed
3,474,417,12-28,+29.1%,+7.51%,0.5376,151,✓ Yes,completed
3,474,425,12-28,+27.2%,+7.20%,0.5360,157,✓ Yes,completed
3,474,433,12-28,+26.0%,+7.08%,0.5354,161,✓ Yes,completed
3,474,441,12-28,+24.5%,+6.86%,0.5343,168,✓ Yes,completed
3,474,450,12-28,+23.1%,+6.65%,0.5332,171,✓ Yes,completed
3,474,458,12-28,+21.9%,+6.37%,0.5319,176,✓ Yes,completed
3,474,466,12-28,+20.1%,+6.01%,0.5300,190,✓ Yes,completed
3,474,474,12-28,+17.9%,+5.63%,0.5281,252,✓ Yes,completed
3,402,384,12-29,+50.0%,+54.78%,0.7739,277,✗ No,budget_exceeded
3,402,402,12-29,+50.0%,+46.74%,0.7337,389,✗ No,budget_exceeded
3,410,384,12-29,+50.0%,+50.18%,0.7509,269,✗ No,budget_exceeded
3,410,393,12-29,+50.0%,+47.39%,0.7370,293,✗ No,budget_exceeded
3,410,401,12-29,+50.0%,+38.34%,0.6917,328,✗ No,budget_exceeded
3,410,410,12-29,+50.0%,+31.96%,0.6598,436,✗ No,budget_exceeded
3,418,384,12-29,+50.0%,+45.63%,0.7281,264,✗ No,budget_exceeded
3,418,393,12-29,+50.0%,+37.16%,0.6858,292,✗ No,budget_exceeded
3,418,401,12-29,+50.0%,+32.57%,0.6628,320,✗ No,budget_exceeded
3,418,410,12-29,+50.0%,+26.63%,0.6331,362,✗ No,budget_exceeded
3,418,418,12-29,+50.0%,+21.74%,0.6087,490,✗ No,budget_exceeded
3,426,384,12-29,+50.0%,+32.26%,0.6613,258,✗ No,budget_exceeded
3,426,393,12-29,+50.0%,+27.91%,0.6396,281,✗ No,budget_exceeded
3,426,401,12-29,+50.0%,+25.48%,0.6274,299,✗ No,budget_exceeded
3,426,409,12-29,+50.0%,+21.99%,0.6099,332,✗ No,budget_exceeded
3,426,418,12-29,+50.0%,+15.12%,0.5756,367,✗ No,budget_exceeded
3,426,426,12-29,+48.2%,+9.18%,0.5459,494,✓ Yes,completed
3,434,384,12-29,+50.0%,+24.80%,0.6240,266,✗ No,budget_exceeded
3,434,393,12-29,+50.0%,+23.23%,0.6162,280,✗ No,budget_exceeded
3,434,401,12-29,+50.0%,+20.94%,0.6047,296,✗ No,budget_exceeded
3,434,409,12-29,+50.0%,+14.16%,0.5708,325,✗ No,budget_exceeded
3,434,417,12-29,+48.7%,+9.27%,0.5463,336,✓ Yes,completed
3,434,426,12-29,+45.8%,+9.03%,0.5452,360,✓ Yes,completed
3,434,434,12-29,+42.1%,+8.87%,0.5443,461,✓ Yes,completed
3,442,384,12-29,+50.0%,+14.92%,0.5746,264,✗ No,budget_exceeded
3,442,393,12-29,+50.0%,+11.08%,0.5554,276,✗ No,budget_exceeded
3,442,401,12-29,+48.9%,+9.12%,0.5456,281,✓ Yes,completed
3,442,409,12-29,+46.9%,+8.97%,0.5448,290,✓ Yes,completed
3,442,417,12-29,+45.2%,+8.89%,0.5444,293,✓ Yes,completed
3,442,426,12-29,+42.1%,+8.89%,0.5444,307,✓ Yes,completed
3,442,434,12-29,+38.9%,+8.71%,0.5435,314,✓ Yes,completed
3,442,442,12-29,+35.9%,+8.36%,0.5418,371,✓ Yes,completed
3,450,384,12-29,+48.1%,+8.81%,0.5440,248,✓ Yes,completed
3,450,392,12-29,+47.0%,+8.77%,0.5439,253,✓ Yes,completed
3,450,401,12-29,+45.5%,+8.77%,0.5439,253,✓ Yes,completed
3,450,409,12-29,+43.0%,+8.84%,0.5442,255,✓ Yes,completed
3,450,417,12-29,+41.4%,+8.71%,0.5436,259,✓ Yes,completed
3,450,425,12-29,+38.7%,+8.63%,0.5431,267,✓ Yes,completed
3,450,434,12-29,+36.2%,+8.38%,0.5419,272,✓ Yes,completed
3,450,442,12-29,+33.0%,+8.24%,0.5412,281,✓ Yes,completed
3,450,450,12-29,+30.2%,+7.99%,0.5399,342,✓ Yes,completed
3,458,384,12-29,+43.9%,+8.55%,0.5427,219,✓ Yes,completed
3,458,392,12-29,+42.5%,+8.64%,0.5432,221,✓ Yes,completed
3,458,401,12-29,+41.4%,+8.51%,0.5426,221,✓ Yes,completed
3,458,409,12-29,+39.7%,+8.50%,0.5425,227,✓ Yes,completed
3,458,417,12-29,+37.9%,+8.33%,0.5416,229,✓ Yes,completed
3,458,425,12-29,+35.1%,+8.25%,0.5412,230,✓ Yes,completed
3,458,433,12-29,+32.6%,+8.16%,0.5408,228,✓ Yes,completed
3,458,442,12-29,+30.0%,+7.98%,0.5399,235,✓ Yes,completed
3,458,450,12-29,+28.5%,+7.70%,0.5385,243,✓ Yes,completed
3,458,458,12-29,+26.5%,+7.25%,0.5362,349,✓ Yes,completed
3,466,384,12-29,+38.8%,+8.20%,0.5410,182,✓ Yes,completed
3,466,392,12-29,+38.1%,+8.09%,0.5404,188,✓ Yes,completed
3,466,401,12-29,+37.1%,+8.04%,0.5402,188,✓ Yes,completed
3,466,409,12-29,+35.1%,+8.06%,0.5403,189,✓ Yes,completed
3,466,417,12-29,+33.1%,+8.04%,0.5402,187,✓ Yes,completed
3,466,425,12-29,+30.3%,+7.91%,0.5395,185,✓ Yes,completed
3,466,433,12-29,+28.9%,+7.69%,0.5384,190,✓ Yes,completed
3,466,442,12-29,+27.5%,+7.44%,0.5372,203,✓ Yes,completed
3,466,450,12-29,+26.1%,+7.24%,0.5362,211,✓ Yes,completed
3,466,458,12-29,+24.3%,+6.92%,0.5346,222,✓ Yes,completed
3,466,466,12-29,+21.9%,+6.43%,0.5321,285,✓ Yes,completed
3,474,384,12-29,+34.2%,+7.72%,0.5386,145,✓ Yes,completed
3,474,392,12-29,+32.9%,+7.76%,0.5388,146,✓ Yes,completed
3,474,401,12-29,+31.6%,+7.73%,0.5387,142,✓ Yes,completed
3,474,409,12-29,+30.1%,+7.68%,0.5384,146,✓ Yes,completed
3,474,417,12-29,+29.1%,+7.55%,0.5378,151,✓ Yes,completed
3,474,425,12-29,+27.2%,+7.24%,0.5362,157,✓ Yes,completed
3,474,433,12-29,+26.0%,+7.11%,0.5356,161,✓ Yes,completed
3,474,441,12-29,+24.5%,+6.92%,0.5346,168,✓ Yes,completed
3,474,450,12-29,+23.2%,+6.69%,0.5335,172,✓ Yes,completed
3,474,458,12-29,+21.9%,+6.43%,0.5322,176,✓ Yes,completed
3,474,466,12-29,+20.1%,+6.04%,0.5302,190,✓ Yes,completed
3,474,474,12-29,+18.1%,+5.66%,0.5283,254,✓ Yes,completed
3,402,384,12-30,+50.0%,+54.98%,0.7749,277,✗ No,budget_exceeded
3,402,402,12-30,+50.0%,+46.94%,0.7347,389,✗ No,budget_exceeded
3,410,384,12-30,+50.0%,+50.38%,0.7519,269,✗ No,budget_exceeded
3,410,393,12-30,+50.0%,+47.59%,0.7380,293,✗ No,budget_exceeded
3,410,401,12-30,+50.0%,+38.55%,0.6927,328,✗ No,budget_exceeded
3,410,410,12-30,+50.0%,+32.17%,0.6608,436,✗ No,budget_exceeded
3,418,384,12-30,+50.0%,+45.83%,0.7291,264,✗ No,budget_exceeded
3,418,393,12-30,+50.0%,+37.37%,0.6868,292,✗ No,budget_exceeded
3,418,401,12-30,+50.0%,+32.78%,0.6639,320,✗ No,budget_exceeded
3,418,410,12-30,+50.0%,+26.84%,0.6342,362,✗ No,budget_exceeded
3,418,418,12-30,+50.0%,+21.95%,0.6098,490,✗ No,budget_exceeded
3,426,384,12-30,+50.0%,+32.47%,0.6624,258,✗ No,budget_exceeded
3,426,393,12-30,+50.0%,+28.12%,0.6406,281,✗ No,budget_exceeded
3,426,401,12-30,+50.0%,+25.69%,0.6285,299,✗ No,budget_exceeded
3,426,409,12-30,+50.0%,+22.20%,0.6110,332,✗ No,budget_exceeded
3,426,418,12-30,+50.0%,+15.34%,0.5767,367,✗ No,budget_exceeded
3,426,426,12-30,+48.2%,+9.22%,0.5461,494,✓ Yes,completed
3,434,384,12-30,+50.0%,+25.01%,0.6251,266,✗ No,budget_exceeded
3,434,393,12-30,+50.0%,+23.45%,0.6172,280,✗ No,budget_exceeded
3,434,401,12-30,+50.0%,+21.16%,0.6058,296,✗ No,budget_exceeded
3,434,409,12-30,+50.0%,+14.38%,0.5719,325,✗ No,budget_exceeded
3,434,417,12-30,+48.7%,+9.28%,0.5464,336,✓ Yes,completed
3,434,426,12-30,+46.0%,+9.03%,0.5452,361,✓ Yes,completed
3,434,434,12-30,+42.1%,+8.92%,0.5446,461,✓ Yes,completed
3,442,384,12-30,+50.0%,+15.14%,0.5757,264,✗ No,budget_exceeded
3,442,393,12-30,+50.0%,+11.31%,0.5565,276,✗ No,budget_exceeded
3,442,401,12-30,+48.9%,+9.13%,0.5457,281,✓ Yes,completed
3,442,409,12-30,+46.9%,+8.99%,0.5449,290,✓ Yes,completed
3,442,417,12-30,+45.2%,+8.91%,0.5446,293,✓ Yes,completed
3,442,426,12-30,+42.1%,+8.94%,0.5447,307,✓ Yes,completed
3,442,434,12-30,+39.0%,+8.72%,0.5436,315,✓ Yes,completed
3,442,442,12-30,+35.9%,+8.37%,0.5418,373,✓ Yes,completed
3,450,384,12-30,+48.1%,+8.87%,0.5444,248,✓ Yes,completed
3,450,392,12-30,+47.0%,+8.80%,0.5440,253,✓ Yes,completed
3,450,401,12-30,+45.5%,+8.81%,0.5440,253,✓ Yes,completed
3,450,409,12-30,+43.1%,+8.84%,0.5442,256,✓ Yes,completed
3,450,417,12-30,+41.4%,+8.74%,0.5437,260,✓ Yes,completed
3,450,425,12-30,+38.7%,+8.66%,0.5433,267,✓ Yes,completed
3,450,434,12-30,+36.4%,+8.38%,0.5419,274,✓ Yes,completed
3,450,442,12-30,+33.1%,+8.26%,0.5413,282,✓ Yes,completed
3,450,450,12-30,+30.2%,+8.01%,0.5401,342,✓ Yes,completed
3,458,384,12-30,+43.9%,+8.54%,0.5427,219,✓ Yes,completed
3,458,392,12-30,+42.5%,+8.65%,0.5432,221,✓ Yes,completed
3,458,401,12-30,+41.5%,+8.56%,0.5428,222,✓ Yes,completed
3,458,409,12-30,+39.7%,+8.53%,0.5426,227,✓ Yes,completed
3,458,417,12-30,+37.9%,+8.37%,0.5418,229,✓ Yes,completed
3,458,425,12-30,+35.1%,+8.27%,0.5413,230,✓ Yes,completed
3,458,433,12-30,+32.7%,+8.20%,0.5410,229,✓ Yes,completed
3,458,442,12-30,+30.0%,+8.01%,0.5400,235,✓ Yes,completed
3,458,450,12-30,+28.5%,+7.74%,0.5387,243,✓ Yes,completed
3,458,458,12-30,+26.5%,+7.27%,0.5363,349,✓ Yes,completed
3,466,384,12-30,+38.8%,+8.23%,0.5411,182,✓ Yes,completed
3,466,392,12-30,+38.1%,+8.14%,0.5407,188,✓ Yes,completed
3,466,401,12-30,+37.2%,+8.05%,0.5403,189,✓ Yes,completed
3,466,409,12-30,+35.1%,+8.08%,0.5404,189,✓ Yes,completed
3,466,417,12-30,+33.3%,+8.06%,0.5403,189,✓ Yes,completed
3,466,425,12-30,+30.3%,+7.93%,0.5397,185,✓ Yes,completed
3,466,433,12-30,+28.9%,+7.72%,0.5386,190,✓ Yes,completed
3,466,442,12-30,+27.5%,+7.47%,0.5374,203,✓ Yes,completed
3,466,450,12-30,+26.1%,+7.25%,0.5363,211,✓ Yes,completed
3,466,458,12-30,+24.3%,+6.97%,0.5348,222,✓ Yes,completed
3,466,466,12-30,+21.9%,+6.48%,0.5324,285,✓ Yes,completed
3,474,384,12-30,+34.3%,+7.74%,0.5387,146,✓ Yes,completed
3,474,392,12-30,+32.9%,+7.78%,0.5389,146,✓ Yes,completed
3,474,401,12-30,+31.8%,+7.75%,0.5387,144,✓ Yes,completed
3,474,409,12-30,+30.1%,+7.71%,0.5385,146,✓ Yes,completed
3,474,417,12-30,+29.1%,+7.58%,0.5379,151,✓ Yes,completed
3,474,425,12-30,+27.2%,+7.27%,0.5364,157,✓ Yes,completed
3,474,433,12-30,+26.0%,+7.13%,0.5357,161,✓ Yes,completed
3,474,441,12-30,+24.6%,+6.96%,0.5348,169,✓ Yes,completed
3,474,450,12-30,+23.3%,+6.72%,0.5336,173,✓ Yes,completed
3,474,458,12-30,+21.9%,+6.49%,0.5324,176,✓ Yes,completed
3,474,466,12-30,+20.1%,+6.06%,0.5303,190,✓ Yes,completed
3,474,474,12-30,+18.1%,+5.68%,0.5284,256,✓ Yes,completed
3,402,384,12-31,+50.0%,+55.16%,0.7758,277,✗ No,budget_exceeded
3,402,402,12-31,+50.0%,+47.13%,0.7357,389,✗ No,budget_exceeded
3,410,384,12-31,+50.0%,+50.57%,0.7528,269,✗ No,budget_exceeded
3,410,393,12-31,+50.0%,+47.79%,0.7389,293,✗ No,budget_exceeded
3,410,401,12-31,+50.0%,+38.75%,0.6937,328,✗ No,budget_exceeded
3,410,410,12-31,+50.0%,+32.37%,0.6618,436,✗ No,budget_exceeded
3,418,384,12-31,+50.0%,+46.02%,0.7301,264,✗ No,budget_exceeded
3,418,393,12-31,+50.0%,+37.57%,0.6878,292,✗ No,budget_exceeded
3,418,401,12-31,+50.0%,+32.98%,0.6649,320,✗ No,budget_exceeded
3,418,410,12-31,+50.0%,+27.05%,0.6352,362,✗ No,budget_exceeded
3,418,418,12-31,+50.0%,+22.16%,0.6108,490,✗ No,budget_exceeded
3,426,384,12-31,+50.0%,+32.68%,0.6634,258,✗ No,budget_exceeded
3,426,393,12-31,+50.0%,+28.33%,0.6417,281,✗ No,budget_exceeded
3,426,401,12-31,+50.0%,+25.90%,0.6295,299,✗ No,budget_exceeded
3,426,409,12-31,+50.0%,+22.41%,0.6121,332,✗ No,budget_exceeded
3,426,418,12-31,+50.0%,+15.56%,0.5778,367,✗ No,budget_exceeded
3,426,426,12-31,+48.2%,+9.25%,0.5462,494,✓ Yes,completed
3,434,384,12-31,+50.0%,+25.22%,0.6261,266,✗ No,budget_exceeded
3,434,393,12-31,+50.0%,+23.66%,0.6183,280,✗ No,budget_exceeded
3,434,401,12-31,+50.0%,+21.37%,0.6068,296,✗ No,budget_exceeded
3,434,409,12-31,+50.0%,+14.59%,0.5730,325,✗ No,budget_exceeded
3,434,417,12-31,+48.7%,+9.29%,0.5464,336,✓ Yes,completed
3,434,426,12-31,+46.0%,+9.05%,0.5453,361,✓ Yes,completed
3,434,434,12-31,+42.1%,+8.95%,0.5447,461,✓ Yes,completed
3,442,384,12-31,+50.0%,+15.36%,0.5768,264,✗ No,budget_exceeded
3,442,393,12-31,+50.0%,+11.52%,0.5576,276,✗ No,budget_exceeded
3,442,401,12-31,+48.9%,+9.13%,0.5457,281,✓ Yes,completed
3,442,409,12-31,+46.9%,+9.03%,0.5451,290,✓ Yes,completed
3,442,417,12-31,+45.2%,+8.97%,0.5448,293,✓ Yes,completed
3,442,426,12-31,+42.1%,+8.97%,0.5448,307,✓ Yes,completed
3,442,434,12-31,+39.3%,+8.71%,0.5436,317,✓ Yes,completed
3,442,442,12-31,+36.2%,+8.36%,0.5418,375,✓ Yes,completed
3,450,384,12-31,+48.1%,+8.90%,0.5445,248,✓ Yes,completed
3,450,392,12-31,+47.0%,+8.84%,0.5442,253,✓ Yes,completed
3,450,401,12-31,+45.7%,+8.80%,0.5440,254,✓ Yes,completed
3,450,409,12-31,+43.2%,+8.84%,0.5442,257,✓ Yes,completed
3,450,417,12-31,+41.4%,+8.78%,0.5439,260,✓ Yes,completed
3,450,425,12-31,+38.9%,+8.68%,0.5434,268,✓ Yes,completed
3,450,434,12-31,+36.6%,+8.37%,0.5418,276,✓ Yes,completed
3,450,442,12-31,+33.4%,+8.26%,0.5413,284,✓ Yes,completed
3,450,450,12-31,+30.4%,+8.03%,0.5401,346,✓ Yes,completed
3,458,384,12-31,+44.1%,+8.52%,0.5426,220,✓ Yes,completed
3,458,392,12-31,+42.8%,+8.62%,0.5431,223,✓ Yes,completed
3,458,401,12-31,+41.5%,+8.59%,0.5430,222,✓ Yes,completed
3,458,409,12-31,+39.9%,+8.53%,0.5427,228,✓ Yes,completed
3,458,417,12-31,+37.9%,+8.43%,0.5421,229,✓ Yes,completed
3,458,425,12-31,+35.2%,+8.27%,0.5413,231,✓ Yes,completed
3,458,433,12-31,+32.7%,+8.21%,0.5410,229,✓ Yes,completed
3,458,442,12-31,+30.0%,+8.02%,0.5401,235,✓ Yes,completed
3,458,450,12-31,+28.5%,+7.78%,0.5389,243,✓ Yes,completed
3,458,458,12-31,+26.5%,+7.29%,0.5365,349,✓ Yes,completed
3,466,384,12-31,+39.1%,+8.21%,0.5411,184,✓ Yes,completed
3,466,392,12-31,+38.1%,+8.20%,0.5410,188,✓ Yes,completed
3,466,401,12-31,+37.2%,+8.05%,0.5402,189,✓ Yes,completed
3,466,409,12-31,+35.3%,+8.07%,0.5403,191,✓ Yes,completed
3,466,417,12-31,+33.7%,+8.04%,0.5402,192,✓ Yes,completed
3,466,425,12-31,+30.5%,+7.93%,0.5397,187,✓ Yes,completed
3,466,433,12-31,+28.9%,+7.75%,0.5387,190,✓ Yes,completed
3,466,442,12-31,+27.5%,+7.49%,0.5374,203,✓ Yes,completed
3,466,450,12-31,+26.1%,+7.27%,0.5364,211,✓ Yes,completed
3,466,458,12-31,+24.4%,+7.01%,0.5350,223,✓ Yes,completed
3,466,466,12-31,+21.9%,+6.51%,0.5325,285,✓ Yes,completed
3,474,384,12-31,+34.4%,+7.74%,0.5387,147,✓ Yes,completed
3,474,392,12-31,+33.1%,+7.79%,0.5390,148,✓ Yes,completed
3,474,401,12-31,+31.9%,+7.77%,0.5388,145,✓ Yes,completed
3,474,409,12-31,+30.1%,+7.72%,0.5386,146,✓ Yes,completed
3,474,417,12-31,+29.1%,+7.60%,0.5380,151,✓ Yes,completed
3,474,425,12-31,+27.2%,+7.30%,0.5365,157,✓ Yes,completed
3,474,433,12-31,+26.0%,+7.15%,0.5357,161,✓ Yes,completed
3,474,441,12-31,+24.7%,+6.97%,0.5348,170,✓ Yes,completed
3,474,450,12-31,+23.3%,+6.76%,0.5338,173,✓ Yes,completed
3,474,458,12-31,+21.9%,+6.51%,0.5326,176,✓ Yes,completed
3,474,466,12-31,+20.1%,+6.08%,0.5304,190,✓ Yes,completed
3,474,474,12-31,+18.1%,+5.71%,0.5285,258,✓ Yes,completed
4,418,401,12-30,+50.0%,+32.95%,0.6648,320,✗ No,budget_exceeded
4,418,405,12-30,+50.0%,+30.32%,0.6516,339,✗ No,budget_exceeded
4,418,410,12-30,+50.0%,+27.01%,0.6351,362,✗ No,budget_exceeded
4,418,414,12-30,+50.0%,+24.77%,0.6238,392,✗ No,budget_exceeded
4,418,418,12-30,+50.0%,+22.28%,0.6114,494,✗ No,budget_exceeded
4,421,401,12-30,+50.0%,+28.36%,0.6418,307,✗ No,budget_exceeded
4,421,405,12-30,+50.0%,+26.83%,0.6342,321,✗ No,budget_exceeded
4,421,409,12-30,+50.0%,+25.11%,0.6255,338,✗ No,budget_exceeded
4,421,413,12-30,+50.0%,+22.66%,0.6133,369,✗ No,budget_exceeded
4,421,417,12-30,+50.0%,+19.52%,0.5976,385,✗ No,budget_exceeded
4,421,421,12-30,+50.0%,+15.45%,0.5772,494,✗ No,budget_exceeded
4,425,401,12-30,+50.0%,+26.09%,0.6304,300,✗ No,budget_exceeded
4,425,405,12-30,+50.0%,+24.71%,0.6236,313,✗ No,budget_exceeded
4,425,409,12-30,+50.0%,+22.85%,0.6143,330,✗ No,budget_exceeded
4,425,413,12-30,+50.0%,+19.55%,0.5978,351,✗ No,budget_exceeded
4,425,417,12-30,+50.0%,+16.23%,0.5812,369,✗ No,budget_exceeded
4,425,421,12-30,+50.0%,+11.57%,0.5579,393,✗ No,budget_exceeded
4,425,425,12-30,+48.8%,+9.27%,0.5463,489,✓ Yes,completed
4,429,401,12-30,+50.0%,+24.19%,0.6209,297,✗ No,budget_exceeded
4,429,405,12-30,+50.0%,+22.52%,0.6126,311,✗ No,budget_exceeded
4,429,409,12-30,+50.0%,+19.61%,0.5981,327,✗ No,budget_exceeded
4,429,413,12-30,+50.0%,+15.67%,0.5784,343,✗ No,budget_exceeded
4,429,417,12-30,+50.0%,+13.31%,0.5665,355,✗ No,budget_exceeded
4,429,421,12-30,+50.0%,+9.24%,0.5462,367,✗ No,budget_exceeded
4,429,425,12-30,+48.0%,+9.22%,0.5461,390,✓ Yes,completed
4,429,429,12-30,+46.5%,+9.04%,0.5452,463,✓ Yes,completed
4,432,401,12-30,+50.0%,+22.10%,0.6105,297,✗ No,budget_exceeded
4,432,405,12-30,+50.0%,+19.54%,0.5977,308,✗ No,budget_exceeded
4,432,408,12-30,+50.0%,+16.45%,0.5823,321,✗ No,budget_exceeded
4,432,412,12-30,+50.0%,+14.85%,0.5742,331,✗ No,budget_exceeded
4,432,415,12-30,+50.0%,+9.81%,0.5490,345,✗ No,budget_exceeded
4,432,418,12-30,+49.1%,+9.29%,0.5465,344,✓ Yes,completed
4,432,422,12-30,+48.0%,+9.22%,0.5461,354,✓ Yes,completed
4,432,425,12-30,+46.6%,+9.07%,0.5453,369,✓ Yes,completed
4,432,429,12-30,+45.3%,+9.00%,0.5450,382,✓ Yes,completed
4,432,432,12-30,+43.8%,+8.96%,0.5448,450,✓ Yes,completed
4,436,401,12-30,+50.0%,+18.03%,0.5901,297,✗ No,budget_exceeded
4,436,405,12-30,+50.0%,+15.38%,0.5769,308,✗ No,budget_exceeded
4,436,408,12-30,+50.0%,+13.15%,0.5658,320,✗ No,budget_exceeded
4,436,412,12-30,+50.0%,+9.45%,0.5473,329,✗ No,budget_exceeded
4,436,415,12-30,+48.5%,+9.27%,0.5463,328,✓ Yes,completed
4,436,419,12-30,+47.8%,+9.14%,0.5457,333,✓ Yes,completed
4,436,422,12-30,+46.8%,+9.06%,0.5453,339,✓ Yes,completed
4,436,425,12-30,+45.4%,+9.02%,0.5451,352,✓ Yes,completed
4,436,429,12-30,+43.7%,+8.98%,0.5449,358,✓ Yes,completed
4,436,432,12-30,+42.2%,+8.98%,0.5449,361,✓ Yes,completed
4,436,436,12-30,+40.9%,+8.74%,0.5437,425,✓ Yes,completed
4,439,401,12-30,+50.0%,+12.41%,0.5621,296,✗ No,budget_exceeded
4,439,405,12-30,+50.0%,+9.16%,0.5458,303,✗ No,budget_exceeded
4,439,408,12-30,+48.6%,+9.21%,0.5460,305,✓ Yes,completed
4,439,412,12-30,+47.9%,+9.11%,0.5456,309,✓ Yes,completed
4,439,415,12-30,+46.9%,+9.04%,0.5452,310,✓ Yes,completed
4,439,419,12-30,+46.2%,+9.02%,0.5451,314,✓ Yes,completed
4,439,422,12-30,+45.2%,+8.95%,0.5448,318,✓ Yes,completed
4,439,426,12-30,+43.3%,+8.99%,0.5450,327,✓ Yes,completed
4,439,429,12-30,+41.9%,+8.93%,0.5446,331,✓ Yes,completed
4,439,432,12-30,+41.0%,+8.78%,0.5439,333,✓ Yes,completed
4,439,436,12-30,+39.6%,+8.72%,0.5436,339,✓ Yes,completed
4,439,439,12-30,+38.1%,+8.53%,0.5427,435,✓ Yes,completed
4,443,401,12-30,+48.6%,+9.12%,0.5456,277,✓ Yes,completed
4,443,405,12-30,+47.8%,+9.01%,0.5450,281,✓ Yes,completed
4,443,408,12-30,+46.9%,+8.97%,0.5449,284,✓ Yes,completed
4,443,412,12-30,+46.2%,+8.97%,0.5449,288,✓ Yes,completed
4,443,415,12-30,+45.3%,+8.95%,0.5447,287,✓ Yes,completed
4,443,419,12-30,+44.3%,+8.92%,0.5446,289,✓ Yes,completed
4,443,422,12-30,+43.1%,+8.96%,0.5448,290,✓ Yes,completed
4,443,426,12-30,+41.9%,+8.89%,0.5444,303,✓ Yes,completed
4,443,429,12-30,+40.6%,+8.76%,0.5438,307,✓ Yes,completed
4,443,433,12-30,+39.5%,+8.72%,0.5436,308,✓ Yes,completed
4,443,436,12-30,+38.2%,+8.59%,0.5429,313,✓ Yes,completed
4,443,440,12-30,+37.1%,+8.39%,0.5420,329,✓ Yes,completed
4,443,443,12-30,+35.3%,+8.34%,0.5417,375,✓ Yes,completed
4,447,401,12-30,+47.0%,+8.92%,0.5446,264,✓ Yes,completed
4,447,405,12-30,+46.3%,+8.90%,0.5445,268,✓ Yes,completed
4,447,408,12-30,+45.4%,+8.89%,0.5445,271,✓ Yes,completed
4,447,412,12-30,+44.6%,+8.85%,0.5443,273,✓ Yes,completed
4,447,415,12-30,+43.3%,+8.93%,0.5446,269,✓ Yes,completed
4,447,419,12-30,+42.4%,+8.94%,0.5447,272,✓ Yes,completed
4,447,422,12-30,+41.7%,+8.83%,0.5442,276,✓ Yes,completed
4,447,426,12-30,+40.6%,+8.73%,0.5437,285,✓ Yes,completed
4,447,429,12-30,+39.0%,+8.70%,0.5435,287,✓ Yes,completed
4,447,433,12-30,+38.1%,+8.55%,0.5428,289,✓ Yes,completed
4,447,436,12-30,+37.2%,+8.41%,0.5420,292,✓ Yes,completed
4,447,440,12-30,+35.5%,+8.36%,0.5418,298,✓ Yes,completed
4,447,443,12-30,+34.2%,+8.28%,0.5414,305,✓ Yes,completed
4,447,447,12-30,+32.8%,+8.21%,0.5410,369,✓ Yes,completed
4,450,401,12-30,+45.5%,+8.81%,0.5440,254,✓ Yes,completed
4,450,405,12-30,+44.3%,+8.78%,0.5439,255,✓ Yes,completed
4,450,408,12-30,+43.2%,+8.84%,0.5442,256,✓ Yes,completed
4,450,412,12-30,+42.4%,+8.87%,0.5444,258,✓ Yes,completed
4,450,415,12-30,+41.8%,+8.80%,0.5440,258,✓ Yes,completed
4,450,419,12-30,+41.1%,+8.72%,0.5436,262,✓ Yes,completed
4,450,422,12-30,+40.1%,+8.69%,0.5435,264,✓ Yes,completed
4,450,426,12-30,+38.7%,+8.66%,0.5433,269,✓ Yes,completed
4,450,429,12-30,+37.7%,+8.44%,0.5422,273,✓ Yes,completed
4,450,433,12-30,+37.0%,+8.37%,0.5419,275,✓ Yes,completed
4,450,436,12-30,+35.6%,+8.37%,0.5419,272,✓ Yes,completed
4,450,440,12-30,+34.3%,+8.28%,0.5414,281,✓ Yes,completed
4,450,443,12-30,+32.7%,+8.23%,0.5412,284,✓ Yes,completed
4,450,447,12-30,+31.7%,+8.14%,0.5407,283,✓ Yes,completed
4,450,450,12-30,+30.2%,+8.01%,0.5401,342,✓ Yes,completed
4,418,401,12-31,+50.0%,+33.15%,0.6658,320,✗ No,budget_exceeded
4,418,405,12-31,+50.0%,+30.53%,0.6526,339,✗ No,budget_exceeded
4,418,410,12-31,+50.0%,+27.22%,0.6361,362,✗ No,budget_exceeded
4,418,414,12-31,+50.0%,+24.98%,0.6249,392,✗ No,budget_exceeded
4,418,418,12-31,+50.0%,+22.49%,0.6125,494,✗ No,budget_exceeded
4,421,401,12-31,+50.0%,+28.57%,0.6428,307,✗ No,budget_exceeded
4,421,405,12-31,+50.0%,+27.04%,0.6352,321,✗ No,budget_exceeded
4,421,409,12-31,+50.0%,+25.31%,0.6266,338,✗ No,budget_exceeded
4,421,413,12-31,+50.0%,+22.87%,0.6144,369,✗ No,budget_exceeded
4,421,417,12-31,+50.0%,+19.73%,0.5986,385,✗ No,budget_exceeded
4,421,421,12-31,+50.0%,+15.66%,0.5783,494,✗ No,budget_exceeded
4,425,401,12-31,+50.0%,+26.29%,0.6315,300,✗ No,budget_exceeded
4,425,405,12-31,+50.0%,+24.92%,0.6246,313,✗ No,budget_exceeded
4,425,409,12-31,+50.0%,+23.06%,0.6153,330,✗ No,budget_exceeded
4,425,413,12-31,+50.0%,+19.77%,0.5988,351,✗ No,budget_exceeded
4,425,417,12-31,+50.0%,+16.45%,0.5822,369,✗ No,budget_exceeded
4,425,421,12-31,+50.0%,+11.79%,0.5590,393,✗ No,budget_exceeded
4,425,425,12-31,+48.8%,+9.27%,0.5463,490,✓ Yes,completed
4,429,401,12-31,+50.0%,+24.40%,0.6220,297,✗ No,budget_exceeded
4,429,405,12-31,+50.0%,+22.73%,0.6137,311,✗ No,budget_exceeded
4,429,409,12-31,+50.0%,+19.83%,0.5991,327,✗ No,budget_exceeded
4,429,413,12-31,+50.0%,+15.88%,0.5794,343,✗ No,budget_exceeded
4,429,417,12-31,+50.0%,+13.53%,0.5676,355,✗ No,budget_exceeded
4,429,421,12-31,+50.0%,+9.46%,0.5473,367,✗ No,budget_exceeded
4,429,425,12-31,+48.0%,+9.26%,0.5463,390,✓ Yes,completed
4,429,429,12-31,+46.5%,+9.04%,0.5452,463,✓ Yes,completed
4,432,401,12-31,+50.0%,+22.31%,0.6115,297,✗ No,budget_exceeded
4,432,405,12-31,+50.0%,+19.76%,0.5988,308,✗ No,budget_exceeded
4,432,408,12-31,+50.0%,+16.66%,0.5833,321,✗ No,budget_exceeded
4,432,412,12-31,+50.0%,+15.06%,0.5753,331,✗ No,budget_exceeded
4,432,415,12-31,+50.0%,+10.02%,0.5501,345,✗ No,budget_exceeded
4,432,418,12-31,+50.0%,+9.24%,0.5462,349,✗ No,budget_exceeded
4,432,422,12-31,+48.0%,+9.26%,0.5463,354,✓ Yes,completed
4,432,425,12-31,+46.6%,+9.08%,0.5454,369,✓ Yes,completed
4,432,429,12-31,+45.3%,+9.03%,0.5451,382,✓ Yes,completed
4,432,432,12-31,+44.0%,+8.93%,0.5447,452,✓ Yes,completed
4,436,401,12-31,+50.0%,+18.24%,0.5912,297,✗ No,budget_exceeded
4,436,405,12-31,+50.0%,+15.59%,0.5779,308,✗ No,budget_exceeded
4,436,408,12-31,+50.0%,+13.37%,0.5669,320,✗ No,budget_exceeded
4,436,412,12-31,+50.0%,+9.67%,0.5483,329,✗ No,budget_exceeded
4,436,415,12-31,+48.5%,+9.27%,0.5464,328,✓ Yes,completed
4,436,419,12-31,+47.8%,+9.21%,0.5460,333,✓ Yes,completed
4,436,422,12-31,+46.8%,+9.09%,0.5454,339,✓ Yes,completed
4,436,425,12-31,+45.4%,+9.03%,0.5451,352,✓ Yes,completed
4,436,429,12-31,+43.9%,+8.95%,0.5448,360,✓ Yes,completed
4,436,432,12-31,+42.2%,+9.00%,0.5450,361,✓ Yes,completed
4,436,436,12-31,+40.9%,+8.77%,0.5438,425,✓ Yes,completed
4,439,401,12-31,+50.0%,+12.63%,0.5631,296,✗ No,budget_exceeded
4,439,405,12-31,+50.0%,+9.38%,0.5469,303,✗ No,budget_exceeded
4,439,408,12-31,+48.6%,+9.21%,0.5461,305,✓ Yes,completed
4,439,412,12-31,+47.9%,+9.17%,0.5459,309,✓ Yes,completed
4,439,415,12-31,+46.9%,+9.08%,0.5454,310,✓ Yes,completed
4,439,419,12-31,+46.2%,+9.04%,0.5452,314,✓ Yes,completed
4,439,422,12-31,+45.2%,+9.00%,0.5450,318,✓ Yes,completed
4,439,426,12-31,+43.5%,+8.97%,0.5448,329,✓ Yes,completed
4,439,429,12-31,+41.9%,+8.97%,0.5449,331,✓ Yes,completed
4,439,432,12-31,+41.0%,+8.80%,0.5440,333,✓ Yes,completed
4,439,436,12-31,+39.6%,+8.73%,0.5436,340,✓ Yes,completed
4,439,439,12-31,+38.1%,+8.59%,0.5429,435,✓ Yes,completed
4,443,401,12-31,+48.6%,+9.13%,0.5456,277,✓ Yes,completed
4,443,405,12-31,+47.8%,+9.07%,0.5454,281,✓ Yes,completed
4,443,408,12-31,+46.9%,+9.01%,0.5451,284,✓ Yes,completed
4,443,412,12-31,+46.2%,+8.99%,0.5449,288,✓ Yes,completed
4,443,415,12-31,+45.3%,+8.97%,0.5449,287,✓ Yes,completed
4,443,419,12-31,+44.7%,+8.88%,0.5444,292,✓ Yes,completed
4,443,422,12-31,+43.1%,+8.97%,0.5449,290,✓ Yes,completed
4,443,426,12-31,+41.9%,+8.94%,0.5447,303,✓ Yes,completed
4,443,429,12-31,+40.8%,+8.76%,0.5438,308,✓ Yes,completed
4,443,433,12-31,+39.5%,+8.74%,0.5437,308,✓ Yes,completed
4,443,436,12-31,+38.2%,+8.64%,0.5432,313,✓ Yes,completed
4,443,440,12-31,+37.1%,+8.40%,0.5420,330,✓ Yes,completed
4,443,443,12-31,+35.4%,+8.34%,0.5417,377,✓ Yes,completed
4,447,401,12-31,+47.0%,+8.95%,0.5447,264,✓ Yes,completed
4,447,405,12-31,+46.3%,+8.90%,0.5445,268,✓ Yes,completed
4,447,408,12-31,+45.4%,+8.90%,0.5445,271,✓ Yes,completed
4,447,412,12-31,+44.8%,+8.83%,0.5442,275,✓ Yes,completed
4,447,415,12-31,+43.6%,+8.90%,0.5445,271,✓ Yes,completed
4,447,419,12-31,+42.6%,+8.92%,0.5446,273,✓ Yes,completed
4,447,422,12-31,+41.7%,+8.86%,0.5443,276,✓ Yes,completed
4,447,426,12-31,+40.7%,+8.73%,0.5436,286,✓ Yes,completed
4,447,429,12-31,+39.3%,+8.69%,0.5435,289,✓ Yes,completed
4,447,433,12-31,+38.1%,+8.61%,0.5431,289,✓ Yes,completed
4,447,436,12-31,+37.2%,+8.41%,0.5420,293,✓ Yes,completed
4,447,440,12-31,+35.5%,+8.38%,0.5419,299,✓ Yes,completed
4,447,443,12-31,+34.2%,+8.29%,0.5414,305,✓ Yes,completed
4,447,447,12-31,+32.9%,+8.22%,0.5411,370,✓ Yes,completed
4,450,401,12-31,+45.5%,+8.82%,0.5441,254,✓ Yes,completed
4,450,405,12-31,+44.7%,+8.74%,0.5437,258,✓ Yes,completed
4,450,408,12-31,+43.5%,+8.83%,0.5441,258,✓ Yes,completed
4,450,412,12-31,+42.6%,+8.85%,0.5443,259,✓ Yes,completed
4,450,415,12-31,+41.8%,+8.84%,0.5442,258,✓ Yes,completed
4,450,419,12-31,+41.1%,+8.72%,0.5436,263,✓ Yes,completed
4,450,422,12-31,+40.1%,+8.70%,0.5435,264,✓ Yes,completed
4,450,426,12-31,+38.7%,+8.68%,0.5434,269,✓ Yes,completed
4,450,429,12-31,+37.7%,+8.48%,0.5424,273,✓ Yes,completed
4,450,433,12-31,+37.0%,+8.38%,0.5419,275,✓ Yes,completed
4,450,436,12-31,+35.6%,+8.38%,0.5419,273,✓ Yes,completed
4,450,440,12-31,+34.5%,+8.29%,0.5415,282,✓ Yes,completed
4,450,443,12-31,+32.7%,+8.24%,0.5412,284,✓ Yes,completed
4,450,447,12-31,+32.0%,+8.16%,0.5408,285,✓ Yes,completed
4,450,450,12-31,+30.4%,+8.03%,0.5401,346,✓ Yes,completed
5,425,411,12-30,+50.0%,+22.13%,0.6106,338,✗ No,budget_exceeded
5,425,413,12-30,+50.0%,+19.64%,0.5982,352,✗ No,budget_exceeded
5,425,415,12-30,+50.0%,+18.36%,0.5918,360,✗ No,budget_exceeded
5,425,416,12-30,+50.0%,+17.49%,0.5875,366,✗ No,budget_exceeded
5,425,418,12-30,+50.0%,+15.62%,0.5781,372,✗ No,budget_exceeded
5,425,420,12-30,+50.0%,+14.29%,0.5714,385,✗ No,budget_exceeded
5,425,422,12-30,+50.0%,+11.56%,0.5578,398,✗ No,budget_exceeded
5,425,423,12-30,+50.0%,+9.58%,0.5479,416,✗ No,budget_exceeded
5,425,425,12-30,+49.0%,+9.27%,0.5464,482,✓ Yes,completed
5,427,411,12-30,+50.0%,+21.22%,0.6061,338,✗ No,budget_exceeded
5,427,413,12-30,+50.0%,+18.98%,0.5949,344,✗ No,budget_exceeded
5,427,414,12-30,+50.0%,+17.89%,0.5894,355,✗ No,budget_exceeded
5,427,416,12-30,+50.0%,+16.07%,0.5804,363,✗ No,budget_exceeded
5,427,417,12-30,+50.0%,+15.03%,0.5752,368,✗ No,budget_exceeded
5,427,419,12-30,+50.0%,+14.09%,0.5705,375,✗ No,budget_exceeded
5,427,420,12-30,+50.0%,+10.07%,0.5504,383,✗ No,budget_exceeded
5,427,422,12-30,+50.0%,+9.52%,0.5476,391,✗ No,budget_exceeded
5,427,423,12-30,+49.0%,+9.30%,0.5465,396,✓ Yes,completed
5,427,425,12-30,+48.4%,+9.28%,0.5464,413,✓ Yes,completed
5,427,427,12-30,+47.9%,+9.15%,0.5457,478,✓ Yes,completed
5,428,411,12-30,+50.0%,+18.88%,0.5944,333,✗ No,budget_exceeded
5,428,413,12-30,+50.0%,+16.53%,0.5826,339,✗ No,budget_exceeded
5,428,414,12-30,+50.0%,+15.36%,0.5768,348,✗ No,budget_exceeded
5,428,416,12-30,+50.0%,+14.46%,0.5723,353,✗ No,budget_exceeded
5,428,417,12-30,+50.0%,+13.31%,0.5666,357,✗ No,budget_exceeded
5,428,419,12-30,+50.0%,+10.03%,0.5502,366,✗ No,budget_exceeded
5,428,420,12-30,+50.0%,+9.51%,0.5476,368,✗ No,budget_exceeded
5,428,422,12-30,+49.0%,+9.31%,0.5465,372,✓ Yes,completed
5,428,424,12-30,+48.4%,+9.29%,0.5464,381,✓ Yes,completed
5,428,425,12-30,+47.9%,+9.20%,0.5460,396,✓ Yes,completed
5,428,427,12-30,+47.2%,+9.14%,0.5457,411,✓ Yes,completed
5,428,428,12-30,+46.8%,+9.05%,0.5453,460,✓ Yes,completed
5,430,411,12-30,+50.0%,+16.44%,0.5822,332,✗ No,budget_exceeded
5,430,413,12-30,+50.0%,+15.39%,0.5770,338,✗ No,budget_exceeded
5,430,414,12-30,+50.0%,+14.24%,0.5712,346,✗ No,budget_exceeded
5,430,416,12-30,+50.0%,+12.61%,0.5631,351,✗ No,budget_exceeded
5,430,417,12-30,+50.0%,+10.04%,0.5502,356,✗ No,budget_exceeded
5,430,419,12-30,+50.0%,+9.51%,0.5476,361,✗ No,budget_exceeded
5,430,420,12-30,+49.1%,+9.30%,0.5465,359,✓ Yes,completed
5,430,422,12-30,+48.5%,+9.30%,0.5465,364,✓ Yes,completed
5,430,424,12-30,+48.1%,+9.24%,0.5462,370,✓ Yes,completed
5,430,425,12-30,+47.4%,+9.15%,0.5458,381,✓ Yes,completed
5,430,427,12-30,+46.8%,+9.08%,0.5454,392,✓ Yes,completed
5,430,428,12-30,+46.3%,+9.06%,0.5453,402,✓ Yes,completed
5,430,430,12-30,+45.6%,+9.00%,0.5450,472,✓ Yes,completed
5,431,411,12-30,+50.0%,+15.56%,0.5778,329,✗ No,budget_exceeded
5,431,413,12-30,+50.0%,+14.48%,0.5724,335,✗ No,budget_exceeded
5,431,414,12-30,+50.0%,+12.54%,0.5627,343,✗ No,budget_exceeded
5,431,416,12-30,+50.0%,+9.99%,0.5500,349,✗ No,budget_exceeded
5,431,417,12-30,+50.0%,+9.60%,0.5480,350,✗ No,budget_exceeded
5,431,419,12-30,+49.2%,+9.29%,0.5465,352,✓ Yes,completed
5,431,421,12-30,+48.7%,+9.30%,0.5465,352,✓ Yes,completed
5,431,422,12-30,+48.2%,+9.25%,0.5463,357,✓ Yes,completed
5,431,424,12-30,+47.7%,+9.14%,0.5457,363,✓ Yes,completed
5,431,425,12-30,+47.0%,+9.10%,0.5455,373,✓ Yes,completed
5,431,427,12-30,+46.4%,+9.07%,0.5454,381,✓ Yes,completed
5,431,428,12-30,+45.9%,+9.03%,0.5451,389,✓ Yes,completed
5,431,430,12-30,+45.2%,+8.96%,0.5448,398,✓ Yes,completed
5,431,431,12-30,+44.6%,+8.93%,0.5447,446,✓ Yes,completed
5,433,411,12-30,+50.0%,+14.38%,0.5719,327,✗ No,budget_exceeded
5,433,413,12-30,+50.0%,+12.55%,0.5628,333,✗ No,budget_exceeded
5,433,414,12-30,+50.0%,+9.61%,0.5481,339,✗ No,budget_exceeded
5,433,416,12-30,+50.0%,+9.28%,0.5464,342,✗ No,budget_exceeded
5,433,417,12-30,+49.0%,+9.29%,0.5465,338,✓ Yes,completed
5,433,419,12-30,+48.6%,+9.29%,0.5464,342,✓ Yes,completed
5,433,421,12-30,+48.2%,+9.25%,0.5463,343,✓ Yes,completed
5,433,422,12-30,+47.7%,+9.15%,0.5457,348,✓ Yes,completed
5,433,424,12-30,+47.1%,+9.13%,0.5456,353,✓ Yes,completed
5,433,425,12-30,+46.5%,+9.07%,0.5453,361,✓ Yes,completed
5,433,427,12-30,+45.6%,+9.04%,0.5452,368,✓ Yes,completed
5,433,428,12-30,+45.2%,+8.98%,0.5449,371,✓ Yes,completed
5,433,430,12-30,+44.5%,+8.96%,0.5448,377,✓ Yes,completed
5,433,431,12-30,+43.8%,+8.98%,0.5449,383,✓ Yes,completed
5,433,433,12-30,+43.0%,+8.95%,0.5448,445,✓ Yes,completed
5,435,411,12-30,+50.0%,+9.97%,0.5499,332,✗ No,budget_exceeded
5,435,413,12-30,+50.0%,+9.47%,0.5474,335,✗ No,budget_exceeded
5,435,414,12-30,+49.0%,+9.28%,0.5464,332,✓ Yes,completed
5,435,416,12-30,+48.7%,+9.28%,0.5464,334,✓ Yes,completed
5,435,417,12-30,+48.4%,+9.27%,0.5463,334,✓ Yes,completed
5,435,419,12-30,+48.0%,+9.21%,0.5460,338,✓ Yes,completed
5,435,421,12-30,+47.7%,+9.14%,0.5457,339,✓ Yes,completed
5,435,422,12-30,+47.0%,+9.09%,0.5455,343,✓ Yes,completed
5,435,424,12-30,+46.6%,+9.06%,0.5453,349,✓ Yes,completed
5,435,425,12-30,+45.9%,+9.03%,0.5451,357,✓ Yes,completed
5,435,427,12-30,+45.1%,+8.94%,0.5447,364,✓ Yes,completed
5,435,428,12-30,+44.3%,+8.97%,0.5448,362,✓ Yes,completed
5,435,430,12-30,+43.7%,+8.99%,0.5449,362,✓ Yes,completed
5,435,432,12-30,+43.0%,+8.98%,0.5449,365,✓ Yes,completed
5,435,433,12-30,+42.3%,+8.99%,0.5449,377,✓ Yes,completed
5,435,435,12-30,+41.8%,+8.86%,0.5443,450,✓ Yes,completed
5,436,411,12-30,+50.0%,+9.32%,0.5466,327,✗ No,budget_exceeded
5,436,413,12-30,+49.0%,+9.26%,0.5463,326,✓ Yes,completed
5,436,414,12-30,+48.6%,+9.26%,0.5463,326,✓ Yes,completed
5,436,416,12-30,+48.3%,+9.24%,0.5462,328,✓ Yes,completed
5,436,417,12-30,+48.0%,+9.20%,0.5460,328,✓ Yes,completed
5,436,419,12-30,+47.4%,+9.14%,0.5457,331,✓ Yes,completed
5,436,421,12-30,+47.1%,+9.11%,0.5456,332,✓ Yes,completed
5,436,422,12-30,+46.6%,+9.06%,0.5453,337,✓ Yes,completed
5,436,424,12-30,+46.1%,+9.05%,0.5452,342,✓ Yes,completed
5,436,425,12-30,+45.3%,+8.99%,0.5450,350,✓ Yes,completed
5,436,427,12-30,+44.3%,+8.96%,0.5448,355,✓ Yes,completed
5,436,428,12-30,+43.8%,+8.98%,0.5449,354,✓ Yes,completed
5,436,430,12-30,+43.1%,+8.99%,0.5449,354,✓ Yes,completed
5,436,432,12-30,+42.4%,+9.00%,0.5450,353,✓ Yes,completed
5,436,433,12-30,+41.8%,+8.89%,0.5445,359,✓ Yes,completed
5,436,435,12-30,+41.2%,+8.79%,0.5440,370,✓ Yes,completed
5,436,436,12-30,+40.3%,+8.73%,0.5436,443,✓ Yes,completed
5,438,411,12-30,+48.7%,+9.24%,0.5462,319,✓ Yes,completed
5,438,413,12-30,+48.3%,+9.22%,0.5461,321,✓ Yes,completed
5,438,414,12-30,+47.9%,+9.16%,0.5458,321,✓ Yes,completed
5,438,416,12-30,+47.7%,+9.11%,0.5455,323,✓ Yes,completed
5,438,417,12-30,+47.2%,+9.11%,0.5456,322,✓ Yes,completed
5,438,419,12-30,+46.8%,+9.05%,0.5452,326,✓ Yes,completed
5,438,421,12-30,+46.4%,+9.05%,0.5453,326,✓ Yes,completed
5,438,422,12-30,+46.0%,+9.02%,0.5451,329,✓ Yes,completed
5,438,424,12-30,+45.4%,+9.01%,0.5451,334,✓ Yes,completed
5,438,425,12-30,+44.4%,+8.96%,0.5448,340,✓ Yes,completed
5,438,427,12-30,+43.5%,+8.98%,0.5449,345,✓ Yes,completed
5,438,428,12-30,+42.9%,+8.98%,0.5449,345,✓ Yes,completed
5,438,430,12-30,+42.3%,+8.99%,0.5450,343,✓ Yes,completed
5,438,432,12-30,+41.9%,+8.91%,0.5446,346,✓ Yes,completed
5,438,433,12-30,+41.2%,+8.80%,0.5440,347,✓ Yes,completed
5,438,435,12-30,+40.3%,+8.76%,0.5438,351,✓ Yes,completed
5,438,436,12-30,+39.9%,+8.73%,0.5436,359,✓ Yes,completed
5,438,438,12-30,+39.5%,+8.68%,0.5434,416,✓ Yes,completed
5,440,411,12-30,+47.9%,+9.13%,0.5457,309,✓ Yes,completed
5,440,413,12-30,+47.3%,+9.09%,0.5454,308,✓ Yes,completed
5,440,414,12-30,+46.9%,+9.05%,0.5452,308,✓ Yes,completed
5,440,416,12-30,+46.7%,+9.03%,0.5451,310,✓ Yes,completed
5,440,417,12-30,+46.4%,+9.04%,0.5452,309,✓ Yes,completed
5,440,419,12-30,+46.0%,+9.00%,0.5450,313,✓ Yes,completed
5,440,421,12-30,+45.6%,+9.01%,0.5450,313,✓ Yes,completed
5,440,422,12-30,+45.1%,+8.94%,0.5447,316,✓ Yes,completed
5,440,424,12-30,+44.3%,+8.95%,0.5448,317,✓ Yes,completed
5,440,425,12-30,+43.3%,+8.99%,0.5450,323,✓ Yes,completed
5,440,427,12-30,+42.5%,+8.99%,0.5449,329,✓ Yes,completed
5,440,429,12-30,+42.1%,+8.96%,0.5448,328,✓ Yes,completed
5,440,430,12-30,+41.7%,+8.87%,0.5444,328,✓ Yes,completed
5,440,432,12-30,+41.3%,+8.81%,0.5441,330,✓ Yes,completed
5,440,433,12-30,+40.6%,+8.77%,0.5438,329,✓ Yes,completed
5,440,435,12-30,+39.9%,+8.73%,0.5437,335,✓ Yes,completed
5,440,436,12-30,+39.1%,+8.73%,0.5436,338,✓ Yes,completed
5,440,438,12-30,+38.6%,+8.67%,0.5434,350,✓ Yes,completed
5,440,440,12-30,+38.0%,+8.51%,0.5426,421,✓ Yes,completed
5,425,411,12-31,+50.0%,+22.34%,0.6117,338,✗ No,budget_exceeded
5,425,413,12-31,+50.0%,+19.85%,0.5993,352,✗ No,budget_exceeded
5,425,415,12-31,+50.0%,+18.57%,0.5929,360,✗ No,budget_exceeded
5,425,416,12-31,+50.0%,+17.70%,0.5885,366,✗ No,budget_exceeded
5,425,418,12-31,+50.0%,+15.84%,0.5792,372,✗ No,budget_exceeded
5,425,420,12-31,+50.0%,+14.50%,0.5725,385,✗ No,budget_exceeded
5,425,422,12-31,+50.0%,+11.77%,0.5589,398,✗ No,budget_exceeded
5,425,423,12-31,+50.0%,+9.80%,0.5490,416,✗ No,budget_exceeded
5,425,425,12-31,+49.2%,+9.24%,0.5462,485,✓ Yes,completed
5,427,411,12-31,+50.0%,+21.43%,0.6072,338,✗ No,budget_exceeded
5,427,413,12-31,+50.0%,+19.19%,0.5960,344,✗ No,budget_exceeded
5,427,414,12-31,+50.0%,+18.10%,0.5905,355,✗ No,budget_exceeded
5,427,416,12-31,+50.0%,+16.29%,0.5814,363,✗ No,budget_exceeded
5,427,417,12-31,+50.0%,+15.25%,0.5762,368,✗ No,budget_exceeded
5,427,419,12-31,+50.0%,+14.31%,0.5715,375,✗ No,budget_exceeded
5,427,420,12-31,+50.0%,+10.29%,0.5514,383,✗ No,budget_exceeded
5,427,422,12-31,+50.0%,+9.74%,0.5487,391,✗ No,budget_exceeded
5,427,423,12-31,+49.2%,+9.27%,0.5464,399,✓ Yes,completed
5,427,425,12-31,+48.4%,+9.29%,0.5464,413,✓ Yes,completed
5,427,427,12-31,+47.9%,+9.21%,0.5460,478,✓ Yes,completed
5,428,411,12-31,+50.0%,+19.09%,0.5954,333,✗ No,budget_exceeded
5,428,413,12-31,+50.0%,+16.74%,0.5837,339,✗ No,budget_exceeded
5,428,414,12-31,+50.0%,+15.57%,0.5778,348,✗ No,budget_exceeded
5,428,416,12-31,+50.0%,+14.67%,0.5734,353,✗ No,budget_exceeded
5,428,417,12-31,+50.0%,+13.53%,0.5676,357,✗ No,budget_exceeded
5,428,419,12-31,+50.0%,+10.25%,0.5513,366,✗ No,budget_exceeded
5,428,420,12-31,+50.0%,+9.73%,0.5487,368,✗ No,budget_exceeded
5,428,422,12-31,+49.8%,+9.22%,0.5461,376,✓ Yes,completed
5,428,424,12-31,+48.4%,+9.30%,0.5465,381,✓ Yes,completed
5,428,425,12-31,+47.9%,+9.25%,0.5462,396,✓ Yes,completed
5,428,427,12-31,+47.4%,+9.13%,0.5457,412,✓ Yes,completed
5,428,428,12-31,+46.8%,+9.08%,0.5454,460,✓ Yes,completed
5,430,411,12-31,+50.0%,+16.65%,0.5833,332,✗ No,budget_exceeded
5,430,413,12-31,+50.0%,+15.61%,0.5780,338,✗ No,budget_exceeded
5,430,414,12-31,+50.0%,+14.45%,0.5723,346,✗ No,budget_exceeded
5,430,416,12-31,+50.0%,+12.83%,0.5641,351,✗ No,budget_exceeded
5,430,417,12-31,+50.0%,+10.26%,0.5513,356,✗ No,budget_exceeded
5,430,419,12-31,+50.0%,+9.73%,0.5486,361,✗ No,budget_exceeded
5,430,420,12-31,+49.8%,+9.21%,0.5461,364,✓ Yes,completed
5,430,422,12-31,+48.5%,+9.30%,0.5465,364,✓ Yes,completed
5,430,424,12-31,+48.1%,+9.27%,0.5463,370,✓ Yes,completed
5,430,425,12-31,+47.5%,+9.14%,0.5457,383,✓ Yes,completed
5,430,427,12-31,+46.8%,+9.11%,0.5456,392,✓ Yes,completed
5,430,428,12-31,+46.4%,+9.06%,0.5453,404,✓ Yes,completed
5,430,430,12-31,+45.7%,+9.00%,0.5450,473,✓ Yes,completed
5,431,411,12-31,+50.0%,+15.78%,0.5789,329,✗ No,budget_exceeded
5,431,413,12-31,+50.0%,+14.70%,0.5735,335,✗ No,budget_exceeded
5,431,414,12-31,+50.0%,+12.76%,0.5638,343,✗ No,budget_exceeded
5,431,416,12-31,+50.0%,+10.21%,0.5511,349,✗ No,budget_exceeded
5,431,417,12-31,+50.0%,+9.82%,0.5491,350,✗ No,budget_exceeded
5,431,419,12-31,+50.0%,+9.26%,0.5463,357,✗ No,budget_exceeded
5,431,421,12-31,+48.7%,+9.30%,0.5465,352,✓ Yes,completed
5,431,422,12-31,+48.2%,+9.28%,0.5464,357,✓ Yes,completed
5,431,424,12-31,+47.7%,+9.20%,0.5460,363,✓ Yes,completed
5,431,425,12-31,+47.0%,+9.14%,0.5457,373,✓ Yes,completed
5,431,427,12-31,+46.4%,+9.06%,0.5453,382,✓ Yes,completed
5,431,428,12-31,+45.9%,+9.04%,0.5452,389,✓ Yes,completed
5,431,430,12-31,+45.2%,+9.01%,0.5451,398,✓ Yes,completed
5,431,431,12-31,+44.8%,+8.91%,0.5445,448,✓ Yes,completed
5,433,411,12-31,+50.0%,+14.59%,0.5730,327,✗ No,budget_exceeded
5,433,413,12-31,+50.0%,+12.77%,0.5638,333,✗ No,budget_exceeded
5,433,414,12-31,+50.0%,+9.83%,0.5491,339,✗ No,budget_exceeded
5,433,416,12-31,+50.0%,+9.50%,0.5475,342,✗ No,budget_exceeded
5,433,417,12-31,+49.2%,+9.26%,0.5463,340,✓ Yes,completed
5,433,419,12-31,+48.6%,+9.29%,0.5465,342,✓ Yes,completed
5,433,421,12-31,+48.2%,+9.28%,0.5464,343,✓ Yes,completed
5,433,422,12-31,+47.7%,+9.19%,0.5460,348,✓ Yes,completed
5,433,424,12-31,+47.1%,+9.15%,0.5457,353,✓ Yes,completed
5,433,425,12-31,+46.5%,+9.07%,0.5453,361,✓ Yes,completed
5,433,427,12-31,+45.8%,+9.03%,0.5452,369,✓ Yes,completed
5,433,428,12-31,+45.2%,+9.03%,0.5451,371,✓ Yes,completed
5,433,430,12-31,+44.8%,+8.93%,0.5447,379,✓ Yes,completed
5,433,431,12-31,+44.0%,+8.96%,0.5448,385,✓ Yes,completed
5,433,433,12-31,+43.0%,+8.96%,0.5448,445,✓ Yes,completed
5,435,411,12-31,+50.0%,+10.19%,0.5509,332,✗ No,budget_exceeded
5,435,413,12-31,+50.0%,+9.69%,0.5484,335,✗ No,budget_exceeded
5,435,414,12-31,+49.2%,+9.25%,0.5462,334,✓ Yes,completed
5,435,416,12-31,+48.7%,+9.28%,0.5464,334,✓ Yes,completed
5,435,417,12-31,+48.4%,+9.28%,0.5464,334,✓ Yes,completed
5,435,419,12-31,+48.0%,+9.24%,0.5462,338,✓ Yes,completed
5,435,421,12-31,+47.7%,+9.17%,0.5459,339,✓ Yes,completed
5,435,422,12-31,+47.0%,+9.13%,0.5456,343,✓ Yes,completed
5,435,424,12-31,+46.6%,+9.07%,0.5454,349,✓ Yes,completed
5,435,425,12-31,+45.9%,+9.04%,0.5452,357,✓ Yes,completed
5,435,427,12-31,+45.1%,+8.99%,0.5450,364,✓ Yes,completed
5,435,428,12-31,+44.7%,+8.93%,0.5446,365,✓ Yes,completed
5,435,430,12-31,+43.9%,+8.96%,0.5448,364,✓ Yes,completed
5,435,432,12-31,+43.0%,+8.99%,0.5449,365,✓ Yes,completed
5,435,433,12-31,+42.3%,+8.98%,0.5449,379,✓ Yes,completed
5,435,435,12-31,+41.8%,+8.90%,0.5445,450,✓ Yes,completed
5,436,411,12-31,+50.0%,+9.54%,0.5477,327,✗ No,budget_exceeded
5,436,413,12-31,+49.0%,+9.25%,0.5463,327,✓ Yes,completed
5,436,414,12-31,+48.6%,+9.27%,0.5463,326,✓ Yes,completed
5,436,416,12-31,+48.3%,+9.26%,0.5463,328,✓ Yes,completed
5,436,417,12-31,+48.0%,+9.23%,0.5462,328,✓ Yes,completed
5,436,419,12-31,+47.5%,+9.12%,0.5456,332,✓ Yes,completed
5,436,421,12-31,+47.1%,+9.13%,0.5457,332,✓ Yes,completed
5,436,422,12-31,+46.6%,+9.07%,0.5453,337,✓ Yes,completed
5,436,424,12-31,+46.1%,+9.07%,0.5453,342,✓ Yes,completed
5,436,425,12-31,+45.3%,+9.02%,0.5451,350,✓ Yes,completed
5,436,427,12-31,+44.7%,+8.93%,0.5446,358,✓ Yes,completed
5,436,428,12-31,+43.9%,+8.96%,0.5448,356,✓ Yes,completed
5,436,430,12-31,+43.2%,+8.98%,0.5449,355,✓ Yes,completed
5,436,432,12-31,+42.6%,+8.98%,0.5449,356,✓ Yes,completed
5,436,433,12-31,+41.8%,+8.93%,0.5447,359,✓ Yes,completed
5,436,435,12-31,+41.2%,+8.82%,0.5441,371,✓ Yes,completed
5,436,436,12-31,+40.6%,+8.72%,0.5436,446,✓ Yes,completed
5,438,411,12-31,+48.7%,+9.24%,0.5462,319,✓ Yes,completed
5,438,413,12-31,+48.3%,+9.24%,0.5462,321,✓ Yes,completed
5,438,414,12-31,+47.9%,+9.21%,0.5460,321,✓ Yes,completed
5,438,416,12-31,+47.7%,+9.15%,0.5457,323,✓ Yes,completed
5,438,417,12-31,+47.2%,+9.12%,0.5456,322,✓ Yes,completed
5,438,419,12-31,+46.8%,+9.07%,0.5454,326,✓ Yes,completed
5,438,421,12-31,+46.5%,+9.05%,0.5452,327,✓ Yes,completed
5,438,422,12-31,+46.0%,+9.04%,0.5452,329,✓ Yes,completed
5,438,424,12-31,+45.4%,+9.02%,0.5451,334,✓ Yes,completed
5,438,425,12-31,+44.8%,+8.92%,0.5446,343,✓ Yes,completed
5,438,427,12-31,+43.6%,+8.97%,0.5449,346,✓ Yes,completed
5,438,428,12-31,+42.9%,+8.98%,0.5449,345,✓ Yes,completed
5,438,430,12-31,+42.3%,+8.99%,0.5449,345,✓ Yes,completed
5,438,432,12-31,+41.9%,+8.96%,0.5448,346,✓ Yes,completed
5,438,433,12-31,+41.2%,+8.83%,0.5441,348,✓ Yes,completed
5,438,435,12-31,+40.6%,+8.76%,0.5438,354,✓ Yes,completed
5,438,436,12-31,+39.9%,+8.74%,0.5437,359,✓ Yes,completed
5,438,438,12-31,+39.5%,+8.69%,0.5435,416,✓ Yes,completed
5,440,411,12-31,+47.9%,+9.18%,0.5459,309,✓ Yes,completed
5,440,413,12-31,+47.5%,+9.08%,0.5454,309,✓ Yes,completed
5,440,414,12-31,+46.9%,+9.08%,0.5454,308,✓ Yes,completed
5,440,416,12-31,+46.7%,+9.04%,0.5452,310,✓ Yes,completed
5,440,417,12-31,+46.4%,+9.03%,0.5451,310,✓ Yes,completed
5,440,419,12-31,+46.0%,+9.03%,0.5451,313,✓ Yes,completed
5,440,421,12-31,+45.7%,+9.01%,0.5450,314,✓ Yes,completed
5,440,422,12-31,+45.1%,+8.99%,0.5450,316,✓ Yes,completed
5,440,424,12-31,+44.7%,+8.92%,0.5446,320,✓ Yes,completed
5,440,425,12-31,+43.6%,+8.97%,0.5448,325,✓ Yes,completed
5,440,427,12-31,+42.7%,+8.97%,0.5449,331,✓ Yes,completed
5,440,429,12-31,+42.1%,+8.98%,0.5449,328,✓ Yes,completed
5,440,430,12-31,+41.7%,+8.91%,0.5445,328,✓ Yes,completed
5,440,432,12-31,+41.3%,+8.85%,0.5443,331,✓ Yes,completed
5,440,433,12-31,+40.7%,+8.77%,0.5438,331,✓ Yes,completed
5,440,435,12-31,+39.9%,+8.75%,0.5437,335,✓ Yes,completed
5,440,436,12-31,+39.4%,+8.71%,0.5436,340,✓ Yes,completed
5,440,438,12-31,+38.6%,+8.70%,0.5435,350,✓ Yes,completed
5,440,440,12-31,+38.0%,+8.57%,0.5429,421,✓ Yes,completed
6,425,419,12-30,+50.0%,+15.11%,0.5755,377,✗ No,budget_exceeded
6,425,419,12-30,+50.0%,+14.49%,0.5725,384,✗ No,budget_exceeded
6,425,420,12-30,+50.0%,+13.31%,0.5665,389,✗ No,budget_exceeded
6,425,421,12-30,+50.0%,+11.64%,0.5582,395,✗ No,budget_exceeded
6,425,422,12-30,+50.0%,+10.05%,0.5503,406,✗ No,budget_exceeded
6,425,423,12-30,+50.0%,+9.75%,0.5488,411,✗ No,budget_exceeded
6,425,423,12-30,+50.0%,+9.48%,0.5474,418,✗ No,budget_exceeded
6,425,424,12-30,+50.0%,+9.21%,0.5460,430,✓ Yes,completed
6,425,425,12-30,+49.0%,+9.27%,0.5464,482,✓ Yes,completed
6,426,419,12-30,+50.0%,+14.50%,0.5725,374,✗ No,budget_exceeded
6,426,419,12-30,+50.0%,+14.09%,0.5705,380,✗ No,budget_exceeded
6,426,420,12-30,+50.0%,+12.56%,0.5628,382,✗ No,budget_exceeded
6,426,421,12-30,+50.0%,+10.13%,0.5507,386,✗ No,budget_exceeded
6,426,422,12-30,+50.0%,+9.76%,0.5488,395,✗ No,budget_exceeded
6,426,422,12-30,+50.0%,+9.55%,0.5477,397,✗ No,budget_exceeded
6,426,423,12-30,+50.0%,+9.26%,0.5463,405,✗ No,budget_exceeded
6,426,424,12-30,+49.1%,+9.30%,0.5465,405,✓ Yes,completed
6,426,424,12-30,+48.8%,+9.29%,0.5465,414,✓ Yes,completed
6,426,425,12-30,+48.6%,+9.28%,0.5464,431,✓ Yes,completed
6,426,426,12-30,+48.4%,+9.25%,0.5462,488,✓ Yes,completed
6,427,419,12-30,+50.0%,+14.23%,0.5712,373,✗ No,budget_exceeded
6,427,419,12-30,+50.0%,+12.59%,0.5629,378,✗ No,budget_exceeded
6,427,420,12-30,+50.0%,+10.13%,0.5507,382,✗ No,budget_exceeded
6,427,421,12-30,+50.0%,+9.79%,0.5490,384,✗ No,budget_exceeded
6,427,422,12-30,+50.0%,+9.52%,0.5476,391,✗ No,budget_exceeded
6,427,422,12-30,+50.0%,+9.25%,0.5463,394,✗ No,budget_exceeded
6,427,423,12-30,+49.0%,+9.30%,0.5465,396,✓ Yes,completed
6,427,424,12-30,+48.7%,+9.30%,0.5465,398,✓ Yes,completed
6,427,425,12-30,+48.5%,+9.29%,0.5464,407,✓ Yes,completed
6,427,425,12-30,+48.2%,+9.25%,0.5462,418,✓ Yes,completed
6,427,426,12-30,+48.0%,+9.20%,0.5460,431,✓ Yes,completed
6,427,427,12-30,+47.7%,+9.11%,0.5456,475,✓ Yes,completed
6,428,419,12-30,+50.0%,+11.65%,0.5583,367,✗ No,budget_exceeded
6,428,419,12-30,+50.0%,+9.95%,0.5498,373,✗ No,budget_exceeded
6,428,420,12-30,+50.0%,+9.67%,0.5484,374,✗ No,budget_exceeded
6,428,421,12-30,+50.0%,+9.44%,0.5472,374,✗ No,budget_exceeded
6,428,422,12-30,+49.4%,+9.28%,0.5464,380,✓ Yes,completed
6,428,422,12-30,+49.0%,+9.30%,0.5465,380,✓ Yes,completed
6,428,423,12-30,+48.7%,+9.30%,0.5465,385,✓ Yes,completed
6,428,424,12-30,+48.5%,+9.29%,0.5465,386,✓ Yes,completed
6,428,424,12-30,+48.3%,+9.26%,0.5463,394,✓ Yes,completed
6,428,425,12-30,+48.0%,+9.22%,0.5461,401,✓ Yes,completed
6,428,426,12-30,+47.7%,+9.13%,0.5457,411,✓ Yes,completed
6,428,426,12-30,+47.4%,+9.15%,0.5457,414,✓ Yes,completed
6,428,427,12-30,+47.2%,+9.12%,0.5456,428,✓ Yes,completed
6,428,428,12-30,+46.9%,+9.06%,0.5453,468,✓ Yes,completed
6,429,419,12-30,+50.0%,+10.07%,0.5503,363,✗ No,budget_exceeded
6,429,419,12-30,+50.0%,+9.68%,0.5484,366,✗ No,budget_exceeded
6,429,420,12-30,+50.0%,+9.46%,0.5473,366,✗ No,budget_exceeded
6,429,421,12-30,+50.0%,+9.33%,0.5466,367,✗ No,budget_exceeded
6,429,421,12-30,+49.1%,+9.30%,0.5465,368,✓ Yes,completed
6,429,422,12-30,+48.8%,+9.30%,0.5465,370,✓ Yes,completed
6,429,423,12-30,+48.5%,+9.30%,0.5465,376,✓ Yes,completed
6,429,423,12-30,+48.4%,+9.29%,0.5464,376,✓ Yes,completed
6,429,424,12-30,+48.1%,+9.25%,0.5463,381,✓ Yes,completed
6,429,425,12-30,+47.9%,+9.19%,0.5460,387,✓ Yes,completed
6,429,426,12-30,+47.7%,+9.14%,0.5457,391,✓ Yes,completed
6,429,426,12-30,+47.3%,+9.15%,0.5457,394,✓ Yes,completed
6,429,427,12-30,+47.0%,+9.11%,0.5455,400,✓ Yes,completed
6,429,428,12-30,+46.8%,+9.07%,0.5453,411,✓ Yes,completed
6,429,428,12-30,+46.6%,+9.06%,0.5453,417,✓ Yes,completed
6,429,429,12-30,+46.4%,+9.05%,0.5452,457,✓ Yes,completed
6,430,419,12-30,+50.0%,+9.66%,0.5483,360,✗ No,budget_exceeded
6,430,419,12-30,+50.0%,+9.30%,0.5465,363,✗ No,budget_exceeded
6,430,420,12-30,+49.1%,+9.30%,0.5465,359,✓ Yes,completed
6,430,421,12-30,+48.9%,+9.30%,0.5465,359,✓ Yes,completed
6,430,422,12-30,+48.6%,+9.30%,0.5465,364,✓ Yes,completed
6,430,422,12-30,+48.5%,+9.30%,0.5465,364,✓ Yes,completed
6,430,423,12-30,+48.2%,+9.26%,0.5463,370,✓ Yes,completed
6,430,424,12-30,+48.1%,+9.24%,0.5462,370,✓ Yes,completed
6,430,424,12-30,+47.8%,+9.16%,0.5458,378,✓ Yes,completed
6,430,425,12-30,+47.6%,+9.14%,0.5457,380,✓ Yes,completed
6,430,426,12-30,+47.2%,+9.14%,0.5457,386,✓ Yes,completed
6,430,426,12-30,+46.9%,+9.09%,0.5454,390,✓ Yes,completed
6,430,427,12-30,+46.7%,+9.06%,0.5453,394,✓ Yes,completed
6,430,428,12-30,+46.4%,+9.07%,0.5454,400,✓ Yes,completed
6,430,429,12-30,+46.2%,+9.06%,0.5453,402,✓ Yes,completed
6,430,429,12-30,+46.0%,+9.02%,0.5451,415,✓ Yes,completed
6,430,430,12-30,+45.6%,+9.00%,0.5450,472,✓ Yes,completed
6,431,419,12-30,+50.0%,+9.43%,0.5472,355,✗ No,budget_exceeded
6,431,419,12-30,+49.2%,+9.29%,0.5465,355,✓ Yes,completed
6,431,420,12-30,+48.9%,+9.30%,0.5465,354,✓ Yes,completed
6,431,421,12-30,+48.8%,+9.30%,0.5465,354,✓ Yes,completed
6,431,421,12-30,+48.5%,+9.30%,0.5465,359,✓ Yes,completed
6,431,422,12-30,+48.3%,+9.28%,0.5464,359,✓ Yes,completed
6,431,423,12-30,+48.0%,+9.23%,0.5462,365,✓ Yes,completed
6,431,423,12-30,+47.9%,+9.20%,0.5460,365,✓ Yes,completed
6,431,424,12-30,+47.7%,+9.15%,0.5457,370,✓ Yes,completed
6,431,425,12-30,+47.3%,+9.15%,0.5457,373,✓ Yes,completed
6,431,425,12-30,+47.0%,+9.12%,0.5456,376,✓ Yes,completed
6,431,426,12-30,+46.8%,+9.08%,0.5454,380,✓ Yes,completed
6,431,427,12-30,+46.5%,+9.06%,0.5453,384,✓ Yes,completed
6,431,428,12-30,+46.2%,+9.06%,0.5453,387,✓ Yes,completed
6,431,428,12-30,+46.1%,+9.04%,0.5452,391,✓ Yes,completed
6,431,429,12-30,+45.9%,+9.03%,0.5451,395,✓ Yes,completed
6,431,430,12-30,+45.4%,+9.02%,0.5451,403,✓ Yes,completed
6,431,430,12-30,+45.3%,+8.98%,0.5449,415,✓ Yes,completed
6,431,431,12-30,+45.1%,+8.91%,0.5446,455,✓ Yes,completed
6,425,419,12-31,+50.0%,+15.32%,0.5766,377,✗ No,budget_exceeded
6,425,419,12-31,+50.0%,+14.71%,0.5735,384,✗ No,budget_exceeded
6,425,420,12-31,+50.0%,+13.53%,0.5676,389,✗ No,budget_exceeded
6,425,421,12-31,+50.0%,+11.86%,0.5593,395,✗ No,budget_exceeded
6,425,422,12-31,+50.0%,+10.27%,0.5513,406,✗ No,budget_exceeded
6,425,423,12-31,+50.0%,+9.97%,0.5499,411,✗ No,budget_exceeded
6,425,423,12-31,+50.0%,+9.70%,0.5485,418,✗ No,budget_exceeded
6,425,424,12-31,+50.0%,+9.39%,0.5470,431,✗ No,budget_exceeded
6,425,425,12-31,+49.2%,+9.24%,0.5462,485,✓ Yes,completed
6,426,419,12-31,+50.0%,+14.71%,0.5736,374,✗ No,budget_exceeded
6,426,419,12-31,+50.0%,+14.31%,0.5715,380,✗ No,budget_exceeded
6,426,420,12-31,+50.0%,+12.78%,0.5639,382,✗ No,budget_exceeded
6,426,421,12-31,+50.0%,+10.35%,0.5517,386,✗ No,budget_exceeded
6,426,422,12-31,+50.0%,+9.97%,0.5499,395,✗ No,budget_exceeded
6,426,422,12-31,+50.0%,+9.76%,0.5488,397,✗ No,budget_exceeded
6,426,423,12-31,+50.0%,+9.48%,0.5474,405,✗ No,budget_exceeded
6,426,424,12-31,+50.0%,+9.20%,0.5460,411,✗ No,budget_exceeded
6,426,424,12-31,+48.9%,+9.29%,0.5465,415,✓ Yes,completed
6,426,425,12-31,+48.6%,+9.29%,0.5464,431,✓ Yes,completed
6,426,426,12-31,+48.4%,+9.26%,0.5463,488,✓ Yes,completed
6,427,419,12-31,+50.0%,+14.45%,0.5722,373,✗ No,budget_exceeded
6,427,419,12-31,+50.0%,+12.80%,0.5640,378,✗ No,budget_exceeded
6,427,420,12-31,+50.0%,+10.35%,0.5517,382,✗ No,budget_exceeded
6,427,421,12-31,+50.0%,+10.01%,0.5501,384,✗ No,budget_exceeded
6,427,422,12-31,+50.0%,+9.73%,0.5487,391,✗ No,budget_exceeded
6,427,422,12-31,+50.0%,+9.47%,0.5474,394,✗ No,budget_exceeded
6,427,423,12-31,+49.2%,+9.27%,0.5464,399,✓ Yes,completed
6,427,424,12-31,+48.7%,+9.30%,0.5465,398,✓ Yes,completed
6,427,425,12-31,+48.5%,+9.29%,0.5465,407,✓ Yes,completed
6,427,425,12-31,+48.2%,+9.28%,0.5464,418,✓ Yes,completed
6,427,426,12-31,+48.0%,+9.24%,0.5462,431,✓ Yes,completed
6,427,427,12-31,+47.7%,+9.17%,0.5459,475,✓ Yes,completed
6,428,419,12-31,+50.0%,+11.87%,0.5593,367,✗ No,budget_exceeded
6,428,419,12-31,+50.0%,+10.17%,0.5509,373,✗ No,budget_exceeded
6,428,420,12-31,+50.0%,+9.89%,0.5494,374,✗ No,budget_exceeded
6,428,421,12-31,+50.0%,+9.66%,0.5483,374,✗ No,budget_exceeded
6,428,422,12-31,+50.0%,+9.29%,0.5465,384,✗ No,budget_exceeded
6,428,422,12-31,+49.6%,+9.23%,0.5462,383,✓ Yes,completed
6,428,423,12-31,+48.7%,+9.30%,0.5465,385,✓ Yes,completed
6,428,424,12-31,+48.5%,+9.30%,0.5465,386,✓ Yes,completed
6,428,424,12-31,+48.3%,+9.29%,0.5464,394,✓ Yes,completed
6,428,425,12-31,+48.0%,+9.25%,0.5463,401,✓ Yes,completed
6,428,426,12-31,+47.7%,+9.20%,0.5460,411,✓ Yes,completed
6,428,426,12-31,+47.6%,+9.14%,0.5457,416,✓ Yes,completed
6,428,427,12-31,+47.2%,+9.14%,0.5457,428,✓ Yes,completed
6,428,428,12-31,+46.9%,+9.10%,0.5455,468,✓ Yes,completed
6,429,419,12-31,+50.0%,+10.28%,0.5514,363,✗ No,budget_exceeded
6,429,419,12-31,+50.0%,+9.90%,0.5495,366,✗ No,budget_exceeded
6,429,420,12-31,+50.0%,+9.67%,0.5484,366,✗ No,budget_exceeded
6,429,421,12-31,+50.0%,+9.55%,0.5477,367,✗ No,budget_exceeded
6,429,421,12-31,+49.8%,+9.22%,0.5461,372,✓ Yes,completed
6,429,422,12-31,+48.8%,+9.31%,0.5465,370,✓ Yes,completed
6,429,423,12-31,+48.5%,+9.30%,0.5465,376,✓ Yes,completed
6,429,423,12-31,+48.4%,+9.30%,0.5465,376,✓ Yes,completed
6,429,424,12-31,+48.1%,+9.28%,0.5464,381,✓ Yes,completed
6,429,425,12-31,+47.9%,+9.25%,0.5462,387,✓ Yes,completed
6,429,426,12-31,+47.7%,+9.19%,0.5459,392,✓ Yes,completed
6,429,426,12-31,+47.4%,+9.14%,0.5457,395,✓ Yes,completed
6,429,427,12-31,+47.0%,+9.14%,0.5457,400,✓ Yes,completed
6,429,428,12-31,+46.8%,+9.09%,0.5455,411,✓ Yes,completed
6,429,428,12-31,+46.6%,+9.07%,0.5453,417,✓ Yes,completed
6,429,429,12-31,+46.4%,+9.04%,0.5452,460,✓ Yes,completed
6,430,419,12-31,+50.0%,+9.87%,0.5494,360,✗ No,budget_exceeded
6,430,419,12-31,+50.0%,+9.52%,0.5476,363,✗ No,budget_exceeded
6,430,420,12-31,+50.0%,+9.22%,0.5461,365,✗ No,budget_exceeded
6,430,421,12-31,+49.0%,+9.30%,0.5465,360,✓ Yes,completed
6,430,422,12-31,+48.6%,+9.30%,0.5465,364,✓ Yes,completed
6,430,422,12-31,+48.5%,+9.30%,0.5465,364,✓ Yes,completed
6,430,423,12-31,+48.2%,+9.29%,0.5465,370,✓ Yes,completed
6,430,424,12-31,+48.1%,+9.27%,0.5463,370,✓ Yes,completed
6,430,424,12-31,+47.8%,+9.23%,0.5461,378,✓ Yes,completed
6,430,425,12-31,+47.6%,+9.18%,0.5459,381,✓ Yes,completed
6,430,426,12-31,+47.2%,+9.15%,0.5458,386,✓ Yes,completed
6,430,426,12-31,+46.9%,+9.13%,0.5456,390,✓ Yes,completed
6,430,427,12-31,+46.7%,+9.08%,0.5454,394,✓ Yes,completed
6,430,428,12-31,+46.4%,+9.06%,0.5453,402,✓ Yes,completed
6,430,429,12-31,+46.3%,+9.06%,0.5453,404,✓ Yes,completed
6,430,429,12-31,+46.0%,+9.05%,0.5452,415,✓ Yes,completed
6,430,430,12-31,+45.7%,+9.00%,0.5450,473,✓ Yes,completed
6,431,419,12-31,+50.0%,+9.65%,0.5483,355,✗ No,budget_exceeded
6,431,419,12-31,+50.0%,+9.24%,0.5462,360,✗ No,budget_exceeded
6,431,420,12-31,+49.0%,+9.29%,0.5465,355,✓ Yes,completed
6,431,421,12-31,+48.8%,+9.30%,0.5465,354,✓ Yes,completed
6,431,421,12-31,+48.5%,+9.30%,0.5465,359,✓ Yes,completed
6,431,422,12-31,+48.3%,+9.30%,0.5465,359,✓ Yes,completed
6,431,423,12-31,+48.0%,+9.26%,0.5463,365,✓ Yes,completed
6,431,423,12-31,+47.9%,+9.25%,0.5463,365,✓ Yes,completed
6,431,424,12-31,+47.7%,+9.20%,0.5460,370,✓ Yes,completed
6,431,425,12-31,+47.4%,+9.14%,0.5457,374,✓ Yes,completed
6,431,425,12-31,+47.0%,+9.15%,0.5457,376,✓ Yes,completed
6,431,426,12-31,+46.8%,+9.11%,0.5456,380,✓ Yes,completed
6,431,427,12-31,+46.5%,+9.07%,0.5453,384,✓ Yes,completed
6,431,428,12-31,+46.3%,+9.06%,0.5453,389,✓ Yes,completed
6,431,428,12-31,+46.1%,+9.06%,0.5453,391,✓ Yes,completed
6,431,429,12-31,+45.9%,+9.04%,0.5452,395,✓ Yes,completed
6,431,430,12-31,+45.4%,+9.03%,0.5452,403,✓ Yes,completed
6,431,430,12-31,+45.3%,+9.02%,0.5451,415,✓ Yes,completed
6,431,431,12-31,+45.1%,+8.97%,0.5448,455,✓ Yes,completed
7,427,421,12-31,+50.0%,+10.01%,0.5500,384,✗ No,budget_exceeded
7,427,421,12-31,+50.0%,+9.89%,0.5495,384,✗ No,budget_exceeded
7,427,421,12-31,+50.0%,+9.78%,0.5489,386,✗ No,budget_exceeded
7,427,422,12-31,+50.0%,+9.61%,0.5481,391,✗ No,budget_exceeded
7,427,422,12-31,+50.0%,+9.54%,0.5477,392,✗ No,budget_exceeded
7,427,422,12-31,+50.0%,+9.33%,0.5466,396,✗ No,budget_exceeded
7,427,422,12-31,+50.0%,+9.27%,0.5464,396,✗ No,budget_exceeded
7,427,423,12-31,+49.2%,+9.27%,0.5464,398,✓ Yes,completed
7,427,423,12-31,+48.9%,+9.30%,0.5465,397,✓ Yes,completed
7,427,423,12-31,+48.8%,+9.30%,0.5465,397,✓ Yes,completed
7,427,424,12-31,+48.7%,+9.30%,0.5465,396,✓ Yes,completed
7,427,424,12-31,+48.6%,+9.30%,0.5465,401,✓ Yes,completed
7,427,424,12-31,+48.5%,+9.29%,0.5465,404,✓ Yes,completed
7,427,425,12-31,+48.4%,+9.29%,0.5464,407,✓ Yes,completed
7,427,425,12-31,+48.3%,+9.29%,0.5464,409,✓ Yes,completed
7,427,425,12-31,+48.1%,+9.26%,0.5463,415,✓ Yes,completed
7,427,426,12-31,+48.0%,+9.25%,0.5462,421,✓ Yes,completed
7,427,426,12-31,+47.9%,+9.24%,0.5462,423,✓ Yes,completed
7,427,426,12-31,+47.9%,+9.22%,0.5461,424,✓ Yes,completed
7,427,426,12-31,+47.7%,+9.20%,0.5460,428,✓ Yes,completed
7,427,427,12-31,+47.6%,+9.14%,0.5457,439,✓ Yes,completed
7,427,427,12-31,+47.5%,+9.12%,0.5456,456,✓ Yes,completed
7,427,427,12-31,+47.4%,+9.10%,0.5455,485,✓ Yes,completed
7,428,421,12-31,+50.0%,+9.64%,0.5482,366,✗ No,budget_exceeded
7,428,421,12-31,+50.0%,+9.50%,0.5475,367,✗ No,budget_exceeded
7,428,421,12-31,+50.0%,+9.31%,0.5466,371,✗ No,budget_exceeded
7,428,422,12-31,+49.8%,+9.22%,0.5461,374,✓ Yes,completed
7,428,422,12-31,+49.2%,+9.28%,0.5464,372,✓ Yes,completed
7,428,422,12-31,+48.9%,+9.30%,0.5465,372,✓ Yes,completed
7,428,423,12-31,+48.8%,+9.30%,0.5465,372,✓ Yes,completed
7,428,423,12-31,+48.6%,+9.30%,0.5465,378,✓ Yes,completed
7,428,423,12-31,+48.5%,+9.30%,0.5465,379,✓ Yes,completed
7,428,423,12-31,+48.5%,+9.30%,0.5465,379,✓ Yes,completed
7,428,424,12-31,+48.4%,+9.30%,0.5465,379,✓ Yes,completed
7,428,424,12-31,+48.2%,+9.29%,0.5464,384,✓ Yes,completed
7,428,424,12-31,+48.1%,+9.28%,0.5464,387,✓ Yes,completed
7,428,425,12-31,+48.1%,+9.27%,0.5463,390,✓ Yes,completed
7,428,425,12-31,+48.0%,+9.25%,0.5463,392,✓ Yes,completed
7,428,425,12-31,+47.8%,+9.22%,0.5461,398,✓ Yes,completed
7,428,426,12-31,+47.7%,+9.20%,0.5460,402,✓ Yes,completed
7,428,426,12-31,+47.6%,+9.16%,0.5458,404,✓ Yes,completed
7,428,426,12-31,+47.6%,+9.14%,0.5457,404,✓ Yes,completed
7,428,427,12-31,+47.2%,+9.15%,0.5457,408,✓ Yes,completed
7,428,427,12-31,+47.2%,+9.14%,0.5457,408,✓ Yes,completed
7,428,427,12-31,+47.1%,+9.14%,0.5457,416,✓ Yes,completed
7,428,427,12-31,+47.0%,+9.12%,0.5456,423,✓ Yes,completed
7,428,428,12-31,+46.8%,+9.10%,0.5455,432,✓ Yes,completed
7,428,428,12-31,+46.7%,+9.07%,0.5454,440,✓ Yes,completed
7,428,428,12-31,+46.7%,+9.06%,0.5453,457,✓ Yes,completed
7,429,421,12-31,+50.0%,+9.46%,0.5473,367,✗ No,budget_exceeded
7,429,421,12-31,+50.0%,+9.27%,0.5463,369,✗ No,budget_exceeded
7,429,421,12-31,+49.2%,+9.28%,0.5464,370,✓ Yes,completed
7,429,422,12-31,+48.9%,+9.30%,0.5465,368,✓ Yes,completed
7,429,422,12-31,+48.8%,+9.30%,0.5465,368,✓ Yes,completed
7,429,422,12-31,+48.7%,+9.30%,0.5465,370,✓ Yes,completed
7,429,423,12-31,+48.6%,+9.30%,0.5465,372,✓ Yes,completed
7,429,423,12-31,+48.4%,+9.30%,0.5465,376,✓ Yes,completed
7,429,423,12-31,+48.4%,+9.30%,0.5465,376,✓ Yes,completed
7,429,423,12-31,+48.3%,+9.29%,0.5465,376,✓ Yes,completed
7,429,424,12-31,+48.1%,+9.28%,0.5464,378,✓ Yes,completed
7,429,424,12-31,+48.1%,+9.26%,0.5463,381,✓ Yes,completed
7,429,424,12-31,+48.0%,+9.25%,0.5462,384,✓ Yes,completed
7,429,425,12-31,+47.9%,+9.24%,0.5462,385,✓ Yes,completed
7,429,425,12-31,+47.7%,+9.19%,0.5460,389,✓ Yes,completed
7,429,425,12-31,+47.6%,+9.15%,0.5458,392,✓ Yes,completed
7,429,426,12-31,+47.5%,+9.14%,0.5457,394,✓ Yes,completed
7,429,426,12-31,+47.4%,+9.14%,0.5457,395,✓ Yes,completed
7,429,426,12-31,+47.1%,+9.14%,0.5457,396,✓ Yes,completed
7,429,427,12-31,+47.0%,+9.13%,0.5457,398,✓ Yes,completed
7,429,427,12-31,+46.9%,+9.13%,0.5456,398,✓ Yes,completed
7,429,427,12-31,+46.8%,+9.11%,0.5456,400,✓ Yes,completed
7,429,428,12-31,+46.7%,+9.08%,0.5454,407,✓ Yes,completed
7,429,428,12-31,+46.6%,+9.07%,0.5454,411,✓ Yes,completed
7,429,428,12-31,+46.5%,+9.06%,0.5453,413,✓ Yes,completed
7,429,428,12-31,+46.4%,+9.06%,0.5453,413,✓ Yes,completed
7,429,429,12-31,+46.3%,+9.05%,0.5452,432,✓ Yes,completed
7,429,429,12-31,+46.2%,+9.05%,0.5453,442,✓ Yes,completed
7,429,429,12-31,+46.1%,+9.03%,0.5451,476,✓ Yes,completed
7,427,421,12-31,+50.0%,+10.01%,0.5500,384,✗ No,budget_exceeded
7,427,421,12-31,+50.0%,+9.89%,0.5495,384,✗ No,budget_exceeded
7,427,421,12-31,+50.0%,+9.78%,0.5489,386,✗ No,budget_exceeded
7,427,422,12-31,+50.0%,+9.61%,0.5481,391,✗ No,budget_exceeded
7,427,422,12-31,+50.0%,+9.54%,0.5477,392,✗ No,budget_exceeded
7,427,422,12-31,+50.0%,+9.33%,0.5466,396,✗ No,budget_exceeded
7,427,422,12-31,+50.0%,+9.27%,0.5464,396,✗ No,budget_exceeded
7,427,423,12-31,+49.2%,+9.27%,0.5464,398,✓ Yes,completed
7,427,423,12-31,+48.9%,+9.30%,0.5465,397,✓ Yes,completed
7,427,423,12-31,+48.8%,+9.30%,0.5465,397,✓ Yes,completed
7,427,424,12-31,+48.7%,+9.30%,0.5465,396,✓ Yes,completed
7,427,424,12-31,+48.6%,+9.30%,0.5465,401,✓ Yes,completed
7,427,424,12-31,+48.5%,+9.29%,0.5465,404,✓ Yes,completed
7,427,425,12-31,+48.4%,+9.29%,0.5464,407,✓ Yes,completed
7,427,425,12-31,+48.3%,+9.29%,0.5464,409,✓ Yes,completed
7,427,425,12-31,+48.1%,+9.26%,0.5463,415,✓ Yes,completed
7,427,426,12-31,+48.0%,+9.25%,0.5462,421,✓ Yes,completed
7,427,426,12-31,+47.9%,+9.24%,0.5462,423,✓ Yes,completed
7,427,426,12-31,+47.9%,+9.22%,0.5461,424,✓ Yes,completed
7,427,426,12-31,+47.7%,+9.20%,0.5460,428,✓ Yes,completed
7,427,427,12-31,+47.6%,+9.14%,0.5457,439,✓ Yes,completed
7,427,427,12-31,+47.5%,+9.12%,0.5456,456,✓ Yes,completed
7,427,427,12-31,+47.4%,+9.10%,0.5455,485,✓ Yes,completed
7,428,421,12-31,+50.0%,+9.64%,0.5482,366,✗ No,budget_exceeded
7,428,421,12-31,+50.0%,+9.50%,0.5475,367,✗ No,budget_exceeded
7,428,421,12-31,+50.0%,+9.31%,0.5466,371,✗ No,budget_exceeded
7,428,422,12-31,+49.8%,+9.22%,0.5461,374,✓ Yes,completed
7,428,422,12-31,+49.2%,+9.28%,0.5464,372,✓ Yes,completed
7,428,422,12-31,+48.9%,+9.30%,0.5465,372,✓ Yes,completed
7,428,423,12-31,+48.8%,+9.30%,0.5465,372,✓ Yes,completed
7,428,423,12-31,+48.6%,+9.30%,0.5465,378,✓ Yes,completed
7,428,423,12-31,+48.5%,+9.30%,0.5465,379,✓ Yes,completed
7,428,423,12-31,+48.5%,+9.30%,0.5465,379,✓ Yes,completed
7,428,424,12-31,+48.4%,+9.30%,0.5465,379,✓ Yes,completed
7,428,424,12-31,+48.2%,+9.29%,0.5464,384,✓ Yes,completed
7,428,424,12-31,+48.1%,+9.28%,0.5464,387,✓ Yes,completed
7,428,425,12-31,+48.1%,+9.27%,0.5463,390,✓ Yes,completed
7,428,425,12-31,+48.0%,+9.25%,0.5463,392,✓ Yes,completed
7,428,425,12-31,+47.8%,+9.22%,0.5461,398,✓ Yes,completed
7,428,426,12-31,+47.7%,+9.20%,0.5460,402,✓ Yes,completed
7,428,426,12-31,+47.6%,+9.16%,0.5458,404,✓ Yes,completed
7,428,426,12-31,+47.6%,+9.14%,0.5457,404,✓ Yes,completed
7,428,427,12-31,+47.2%,+9.15%,0.5457,408,✓ Yes,completed
7,428,427,12-31,+47.2%,+9.14%,0.5457,408,✓ Yes,completed
7,428,427,12-31,+47.1%,+9.14%,0.5457,416,✓ Yes,completed
7,428,427,12-31,+47.0%,+9.12%,0.5456,423,✓ Yes,completed
7,428,428,12-31,+46.8%,+9.10%,0.5455,432,✓ Yes,completed
7,428,428,12-31,+46.7%,+9.07%,0.5454,440,✓ Yes,completed
7,428,428,12-31,+46.7%,+9.06%,0.5453,457,✓ Yes,completed
7,429,421,12-31,+50.0%,+9.46%,0.5473,367,✗ No,budget_exceeded
7,429,421,12-31,+50.0%,+9.27%,0.5463,369,✗ No,budget_exceeded
7,429,421,12-31,+49.2%,+9.28%,0.5464,370,✓ Yes,completed
7,429,422,12-31,+48.9%,+9.30%,0.5465,368,✓ Yes,completed
7,429,422,12-31,+48.8%,+9.30%,0.5465,368,✓ Yes,completed
7,429,422,12-31,+48.7%,+9.30%,0.5465,370,✓ Yes,completed
7,429,423,12-31,+48.6%,+9.30%,0.5465,372,✓ Yes,completed
7,429,423,12-31,+48.4%,+9.30%,0.5465,376,✓ Yes,completed
7,429,423,12-31,+48.4%,+9.30%,0.5465,376,✓ Yes,completed
7,429,423,12-31,+48.3%,+9.29%,0.5465,376,✓ Yes,completed
7,429,424,12-31,+48.1%,+9.28%,0.5464,378,✓ Yes,completed
7,429,424,12-31,+48.1%,+9.26%,0.5463,381,✓ Yes,completed
7,429,424,12-31,+48.0%,+9.25%,0.5462,384,✓ Yes,completed
7,429,425,12-31,+47.9%,+9.24%,0.5462,385,✓ Yes,completed
7,429,425,12-31,+47.7%,+9.19%,0.5460,389,✓ Yes,completed
7,429,425,12-31,+47.6%,+9.15%,0.5458,392,✓ Yes,completed
7,429,426,12-31,+47.5%,+9.14%,0.5457,394,✓ Yes,completed
7,429,426,12-31,+47.4%,+9.14%,0.5457,395,✓ Yes,completed
7,429,426,12-31,+47.1%,+9.14%,0.5457,396,✓ Yes,completed
7,429,427,12-31,+47.0%,+9.13%,0.5457,398,✓ Yes,completed
7,429,427,12-31,+46.9%,+9.13%,0.5456,398,✓ Yes,completed
7,429,427,12-31,+46.8%,+9.11%,0.5456,400,✓ Yes,completed
7,429,428,12-31,+46.7%,+9.08%,0.5454,407,✓ Yes,completed
7,429,428,12-31,+46.6%,+9.07%,0.5454,411,✓ Yes,completed
7,429,428,12-31,+46.5%,+9.06%,0.5453,413,✓ Yes,completed
7,429,428,12-31,+46.4%,+9.06%,0.5453,413,✓ Yes,completed
7,429,429,12-31,+46.3%,+9.05%,0.5452,432,✓ Yes,completed
7,429,429,12-31,+46.2%,+9.05%,0.5453,442,✓ Yes,completed
7,429,429,12-31,+46.1%,+9.03%,0.5451,476,✓ Yes,completed
8,428,421,12-31,+50.0%,+9.26%,0.5463,376,✗ No,budget_exceeded
8,428,422,12-31,+49.9%,+9.21%,0.5461,377,✓ Yes,completed
8,428,422,12-31,+48.9%,+9.30%,0.5465,375,✓ Yes,completed
8,428,422,12-31,+48.9%,+9.30%,0.5465,374,✓ Yes,completed
8,428,423,12-31,+48.8%,+9.30%,0.5465,376,✓ Yes,completed
8,428,423,12-31,+48.6%,+9.30%,0.5465,380,✓ Yes,completed
8,428,423,12-31,+48.5%,+9.30%,0.5465,381,✓ Yes,completed
8,428,424,12-31,+48.4%,+9.30%,0.5465,381,✓ Yes,completed
8,428,424,12-31,+48.3%,+9.30%,0.5465,383,✓ Yes,completed
8,428,424,12-31,+48.3%,+9.29%,0.5464,386,✓ Yes,completed
8,428,425,12-31,+48.1%,+9.28%,0.5464,392,✓ Yes,completed
8,428,425,12-31,+48.0%,+9.26%,0.5463,394,✓ Yes,completed
8,428,425,12-31,+47.9%,+9.25%,0.5462,396,✓ Yes,completed
8,428,425,12-31,+47.8%,+9.23%,0.5461,400,✓ Yes,completed
8,428,426,12-31,+47.7%,+9.18%,0.5459,406,✓ Yes,completed
8,428,426,12-31,+47.6%,+9.15%,0.5458,407,✓ Yes,completed
8,428,426,12-31,+47.5%,+9.13%,0.5457,411,✓ Yes,completed
8,428,427,12-31,+47.4%,+9.13%,0.5457,412,✓ Yes,completed
8,428,427,12-31,+47.2%,+9.14%,0.5457,413,✓ Yes,completed
8,428,427,12-31,+47.0%,+9.13%,0.5456,430,✓ Yes,completed
8,428,428,12-31,+46.9%,+9.11%,0.5456,435,✓ Yes,completed
8,428,428,12-31,+46.9%,+9.10%,0.5455,441,✓ Yes,completed
8,428,428,12-31,+46.8%,+9.08%,0.5454,460,✓ Yes,completed
8,429,421,12-31,+49.6%,+9.23%,0.5462,371,✓ Yes,completed
8,429,422,12-31,+49.0%,+9.30%,0.5465,369,✓ Yes,completed
8,429,422,12-31,+48.8%,+9.31%,0.5465,370,✓ Yes,completed
8,429,422,12-31,+48.7%,+9.30%,0.5465,370,✓ Yes,completed
8,429,423,12-31,+48.7%,+9.30%,0.5465,372,✓ Yes,completed
8,429,423,12-31,+48.5%,+9.30%,0.5465,376,✓ Yes,completed
8,429,423,12-31,+48.4%,+9.30%,0.5465,376,✓ Yes,completed
8,429,424,12-31,+48.3%,+9.29%,0.5465,376,✓ Yes,completed
8,429,424,12-31,+48.2%,+9.28%,0.5464,378,✓ Yes,completed
8,429,424,12-31,+48.1%,+9.28%,0.5464,381,✓ Yes,completed
8,429,425,12-31,+47.9%,+9.25%,0.5462,385,✓ Yes,completed
8,429,425,12-31,+47.9%,+9.24%,0.5462,387,✓ Yes,completed
8,429,425,12-31,+47.8%,+9.21%,0.5461,389,✓ Yes,completed
8,429,425,12-31,+47.6%,+9.18%,0.5459,392,✓ Yes,completed
8,429,426,12-31,+47.5%,+9.14%,0.5457,396,✓ Yes,completed
8,429,426,12-31,+47.4%,+9.14%,0.5457,395,✓ Yes,completed
8,429,426,12-31,+47.1%,+9.15%,0.5457,396,✓ Yes,completed
8,429,427,12-31,+47.0%,+9.14%,0.5457,398,✓ Yes,completed
8,429,427,12-31,+46.9%,+9.12%,0.5456,400,✓ Yes,completed
8,429,427,12-31,+46.8%,+9.11%,0.5455,405,✓ Yes,completed
8,429,428,12-31,+46.7%,+9.09%,0.5454,407,✓ Yes,completed
8,429,428,12-31,+46.6%,+9.07%,0.5454,411,✓ Yes,completed
8,429,428,12-31,+46.5%,+9.06%,0.5453,417,✓ Yes,completed
8,429,429,12-31,+46.4%,+9.05%,0.5453,427,✓ Yes,completed
8,429,429,12-31,+46.4%,+9.05%,0.5452,441,✓ Yes,completed
8,429,429,12-31,+46.3%,+9.03%,0.5452,470,✓ Yes,completed
8,428,421,12-31,+50.0%,+9.26%,0.5463,376,✗ No,budget_exceeded
8,428,422,12-31,+49.9%,+9.21%,0.5461,377,✓ Yes,completed
8,428,422,12-31,+48.9%,+9.30%,0.5465,375,✓ Yes,completed
8,428,422,12-31,+48.9%,+9.30%,0.5465,374,✓ Yes,completed
8,428,423,12-31,+48.8%,+9.30%,0.5465,376,✓ Yes,completed
8,428,423,12-31,+48.6%,+9.30%,0.5465,380,✓ Yes,completed
8,428,423,12-31,+48.5%,+9.30%,0.5465,381,✓ Yes,completed
8,428,424,12-31,+48.4%,+9.30%,0.5465,381,✓ Yes,completed
8,428,424,12-31,+48.3%,+9.30%,0.5465,383,✓ Yes,completed
8,428,424,12-31,+48.3%,+9.29%,0.5464,386,✓ Yes,completed
8,428,425,12-31,+48.1%,+9.28%,0.5464,392,✓ Yes,completed
8,428,425,12-31,+48.0%,+9.26%,0.5463,394,✓ Yes,completed
8,428,425,12-31,+47.9%,+9.25%,0.5462,396,✓ Yes,completed
8,428,425,12-31,+47.8%,+9.23%,0.5461,400,✓ Yes,completed
8,428,426,12-31,+47.7%,+9.18%,0.5459,406,✓ Yes,completed
8,428,426,12-31,+47.6%,+9.15%,0.5458,407,✓ Yes,completed
8,428,426,12-31,+47.5%,+9.13%,0.5457,411,✓ Yes,completed
8,428,427,12-31,+47.4%,+9.13%,0.5457,412,✓ Yes,completed
8,428,427,12-31,+47.2%,+9.14%,0.5457,413,✓ Yes,completed
8,428,427,12-31,+47.0%,+9.13%,0.5456,430,✓ Yes,completed
8,428,428,12-31,+46.9%,+9.11%,0.5456,435,✓ Yes,completed
8,428,428,12-31,+46.9%,+9.10%,0.5455,441,✓ Yes,completed
8,428,428,12-31,+46.8%,+9.08%,0.5454,460,✓ Yes,completed
8,429,421,12-31,+49.6%,+9.23%,0.5462,371,✓ Yes,completed
8,429,422,12-31,+49.0%,+9.30%,0.5465,369,✓ Yes,completed
8,429,422,12-31,+48.8%,+9.31%,0.5465,370,✓ Yes,completed
8,429,422,12-31,+48.7%,+9.30%,0.5465,370,✓ Yes,completed
8,429,423,12-31,+48.7%,+9.30%,0.5465,372,✓ Yes,completed
8,429,423,12-31,+48.5%,+9.30%,0.5465,376,✓ Yes,completed
8,429,423,12-31,+48.4%,+9.30%,0.5465,376,✓ Yes,completed
8,429,424,12-31,+48.3%,+9.29%,0.5465,376,✓ Yes,completed
8,429,424,12-31,+48.2%,+9.28%,0.5464,378,✓ Yes,completed
8,429,424,12-31,+48.1%,+9.28%,0.5464,381,✓ Yes,completed
8,429,425,12-31,+47.9%,+9.25%,0.5462,385,✓ Yes,completed
8,429,425,12-31,+47.9%,+9.24%,0.5462,387,✓ Yes,completed
8,429,425,12-31,+47.8%,+9.21%,0.5461,389,✓ Yes,completed
8,429,425,12-31,+47.6%,+9.18%,0.5459,392,✓ Yes,completed
8,429,426,12-31,+47.5%,+9.14%,0.5457,396,✓ Yes,completed
8,429,426,12-31,+47.4%,+9.14%,0.5457,395,✓ Yes,completed
8,429,426,12-31,+47.1%,+9.15%,0.5457,396,✓ Yes,completed
8,429,427,12-31,+47.0%,+9.14%,0.5457,398,✓ Yes,completed
8,429,427,12-31,+46.9%,+9.12%,0.5456,400,✓ Yes,completed
8,429,427,12-31,+46.8%,+9.11%,0.5455,405,✓ Yes,completed
8,429,428,12-31,+46.7%,+9.09%,0.5454,407,✓ Yes,completed
8,429,428,12-31,+46.6%,+9.07%,0.5454,411,✓ Yes,completed
8,429,428,12-31,+46.5%,+9.06%,0.5453,417,✓ Yes,completed
8,429,429,12-31,+46.4%,+9.05%,0.5453,427,✓ Yes,completed
8,429,429,12-31,+46.4%,+9.05%,0.5452,441,✓ Yes,completed
8,429,429,12-31,+46.3%,+9.03%,0.5452,470,✓ Yes,completed
9,429,422,12-31,+49.0%,+9.30%,0.5465,369,✓ Yes,completed
9,429,422,12-31,+48.8%,+9.31%,0.5465,370,✓ Yes,completed
9,429,422,12-31,+48.8%,+9.31%,0.5465,370,✓ Yes,completed
9,429,423,12-31,+48.7%,+9.30%,0.5465,372,✓ Yes,completed
9,429,423,12-31,+48.5%,+9.30%,0.5465,376,✓ Yes,completed
9,429,423,12-31,+48.4%,+9.30%,0.5465,376,✓ Yes,completed
9,429,424,12-31,+48.3%,+9.29%,0.5465,376,✓ Yes,completed
9,429,424,12-31,+48.2%,+9.29%,0.5464,378,✓ Yes,completed
9,429,424,12-31,+48.1%,+9.28%,0.5464,381,✓ Yes,completed
9,429,425,12-31,+48.0%,+9.25%,0.5463,385,✓ Yes,completed
9,429,425,12-31,+47.9%,+9.25%,0.5462,387,✓ Yes,completed
9,429,425,12-31,+47.8%,+9.22%,0.5461,389,✓ Yes,completed
9,429,426,12-31,+47.7%,+9.19%,0.5459,392,✓ Yes,completed
9,429,426,12-31,+47.5%,+9.14%,0.5457,396,✓ Yes,completed
9,429,426,12-31,+47.4%,+9.14%,0.5457,395,✓ Yes,completed
9,429,426,12-31,+47.2%,+9.15%,0.5457,398,✓ Yes,completed
9,429,427,12-31,+47.1%,+9.14%,0.5457,400,✓ Yes,completed
9,429,427,12-31,+46.9%,+9.12%,0.5456,404,✓ Yes,completed
9,429,427,12-31,+46.8%,+9.11%,0.5455,409,✓ Yes,completed
9,429,428,12-31,+46.8%,+9.09%,0.5455,411,✓ Yes,completed
9,429,428,12-31,+46.7%,+9.07%,0.5454,415,✓ Yes,completed
9,429,428,12-31,+46.6%,+9.06%,0.5453,421,✓ Yes,completed
9,429,429,12-31,+46.5%,+9.05%,0.5452,435,✓ Yes,completed
9,429,429,12-31,+46.4%,+9.04%,0.5452,460,✓ Yes,completed
9,429,422,12-31,+49.0%,+9.30%,0.5465,369,✓ Yes,completed
9,429,422,12-31,+48.8%,+9.31%,0.5465,370,✓ Yes,completed
9,429,422,12-31,+48.8%,+9.31%,0.5465,370,✓ Yes,completed
9,429,423,12-31,+48.7%,+9.30%,0.5465,372,✓ Yes,completed
9,429,423,12-31,+48.5%,+9.30%,0.5465,376,✓ Yes,completed
9,429,423,12-31,+48.4%,+9.30%,0.5465,376,✓ Yes,completed
9,429,424,12-31,+48.3%,+9.29%,0.5465,376,✓ Yes,completed
9,429,424,12-31,+48.2%,+9.29%,0.5464,378,✓ Yes,completed
9,429,424,12-31,+48.1%,+9.28%,0.5464,381,✓ Yes,completed
9,429,425,12-31,+48.0%,+9.25%,0.5463,385,✓ Yes,completed
9,429,425,12-31,+47.9%,+9.25%,0.5462,387,✓ Yes,completed
9,429,425,12-31,+47.8%,+9.22%,0.5461,389,✓ Yes,completed
9,429,426,12-31,+47.7%,+9.19%,0.5459,392,✓ Yes,completed
9,429,426,12-31,+47.5%,+9.14%,0.5457,396,✓ Yes,completed
9,429,426,12-31,+47.4%,+9.14%,0.5457,395,✓ Yes,completed
9,429,426,12-31,+47.2%,+9.15%,0.5457,398,✓ Yes,completed
9,429,427,12-31,+47.1%,+9.14%,0.5457,400,✓ Yes,completed
9,429,427,12-31,+46.9%,+9.12%,0.5456,404,✓ Yes,completed
9,429,427,12-31,+46.8%,+9.11%,0.5455,409,✓ Yes,completed
9,429,428,12-31,+46.8%,+9.09%,0.5455,411,✓ Yes,completed
9,429,428,12-31,+46.7%,+9.07%,0.5454,415,✓ Yes,completed
9,429,428,12-31,+46.6%,+9.06%,0.5453,421,✓ Yes,completed
9,429,429,12-31,+46.5%,+9.05%,0.5452,435,✓ Yes,completed
9,429,429,12-31,+46.4%,+9.04%,0.5452,460,✓ Yes,completed
