Iter,θ_p,θ_r,Start,Overhead %,CO₂ Save %,Score,Pauses,Budget,Stop
0,10,0,01-01,+100.0%,+91.43%,0.7657,1,✗ No,budget_exceeded
0,10,10,01-01,+100.0%,+91.43%,0.7657,1,✗ No,budget_exceeded
0,98,0,01-01,+100.0%,+91.43%,0.7657,1,✗ No,budget_exceeded
0,98,98,01-01,+100.0%,+91.43%,0.7657,1,✗ No,budget_exceeded
0,186,0,01-01,+100.0%,+91.43%,0.7657,1,✗ No,budget_exceeded
0,186,186,01-01,+100.0%,+90.19%,0.7608,4,✗ No,budget_exceeded
0,273,0,01-01,+100.0%,+90.34%,0.7613,1,✗ No,budget_exceeded
0,273,137,01-01,+100.0%,+90.34%,0.7613,1,✗ No,budget_exceeded
0,273,273,01-01,+100.0%,+82.02%,0.7281,20,✗ No,budget_exceeded
0,361,0,01-01,+100.0%,+90.23%,0.7609,1,✗ No,budget_exceeded
0,361,90,01-01,+100.0%,+90.23%,0.7609,1,✗ No,budget_exceeded
0,361,181,01-01,+100.0%,+87.72%,0.7509,2,✗ No,budget_exceeded
0,361,271,01-01,+100.0%,+77.69%,0.7107,16,✗ No,budget_exceeded
0,361,361,01-01,+100.0%,+69.06%,0.6762,38,✗ No,budget_exceeded
0,449,0,01-01,+100.0%,+87.29%,0.7492,1,✗ No,budget_exceeded
0,449,90,01-01,+100.0%,+87.29%,0.7492,1,✗ No,budget_exceeded
0,449,180,01-01,+100.0%,+83.90%,0.7356,2,✗ No,budget_exceeded
0,449,269,01-01,+100.0%,+60.11%,0.6405,14,✗ No,budget_exceeded
0,449,359,01-01,+100.0%,+37.14%,0.5486,31,✗ No,budget_exceeded
0,449,449,01-01,+85.3%,+14.20%,0.4715,83,✓ Yes,completed
0,537,0,01-01,+100.0%,+86.95%,0.7478,1,✗ No,budget_exceeded
0,537,89,01-01,+100.0%,+86.95%,0.7478,1,✗ No,budget_exceeded
0,537,179,01-01,+100.0%,+76.58%,0.7063,2,✗ No,budget_exceeded
0,537,268,01-01,+93.0%,+11.84%,0.4543,16,✓ Yes,completed
0,537,358,01-01,+72.9%,+9.57%,0.4653,19,✓ Yes,completed
0,537,447,01-01,+44.8%,+5.15%,0.4758,24,✓ Yes,completed
0,537,537,01-01,+20.0%,+3.68%,0.4947,36,✓ Yes,completed
0,624,0,01-01,+100.0%,+34.81%,0.5393,1,✗ No,budget_exceeded
0,624,89,01-01,+100.0%,+34.81%,0.5393,1,✗ No,budget_exceeded
0,624,178,01-01,+99.1%,+2.36%,0.4104,2,✓ Yes,completed
0,624,268,01-01,+36.9%,-0.80%,0.4599,2,✓ Yes,completed
0,624,357,01-01,+9.8%,-0.43%,0.4884,1,✓ Yes,completed
0,624,446,01-01,+1.7%,+0.84%,0.5016,2,✓ Yes,completed
0,624,535,01-01,+1.3%,+0.84%,0.5020,2,✓ Yes,completed
0,624,624,01-01,+0.6%,+0.43%,0.5011,5,✓ Yes,completed
0,712,0,01-01,+0.0%,+0.00%,0.5000,0,✓ Yes,completed
0,712,89,01-01,+0.0%,+0.00%,0.5000,0,✓ Yes,completed
0,712,178,01-01,+0.0%,+0.00%,0.5000,0,✓ Yes,completed
0,712,267,01-01,+0.0%,+0.00%,0.5000,0,✓ Yes,completed
0,712,356,01-01,+0.0%,+0.00%,0.5000,0,✓ Yes,completed
0,712,445,01-01,+0.0%,+0.00%,0.5000,0,✓ Yes,completed
0,712,534,01-01,+0.0%,+0.00%,0.5000,0,✓ Yes,completed
0,712,623,01-01,+0.0%,+0.00%,0.5000,0,✓ Yes,completed
0,712,712,01-01,+0.0%,+0.00%,0.5000,0,✓ Yes,completed
0,800,0,01-01,+0.0%,+0.00%,0.5000,0,✓ Yes,completed
0,800,89,01-01,+0.0%,+0.00%,0.5000,0,✓ Yes,completed
0,800,178,01-01,+0.0%,+0.00%,0.5000,0,✓ Yes,completed
0,800,267,01-01,+0.0%,+0.00%,0.5000,0,✓ Yes,completed
0,800,356,01-01,+0.0%,+0.00%,0.5000,0,✓ Yes,completed
0,800,444,01-01,+0.0%,+0.00%,0.5000,0,✓ Yes,completed
0,800,533,01-01,+0.0%,+0.00%,0.5000,0,✓ Yes,completed
0,800,622,01-01,+0.0%,+0.00%,0.5000,0,✓ Yes,completed
0,800,711,01-01,+0.0%,+0.00%,0.5000,0,✓ Yes,completed
0,800,800,01-01,+0.0%,+0.00%,0.5000,0,✓ Yes,completed
0,10,0,03-03,+100.0%,+91.42%,0.7657,1,✗ No,budget_exceeded
0,10,10,03-03,+100.0%,+91.42%,0.7657,1,✗ No,budget_exceeded
0,98,0,03-03,+100.0%,+91.42%,0.7657,1,✗ No,budget_exceeded
0,98,98,03-03,+100.0%,+91.42%,0.7657,1,✗ No,budget_exceeded
0,186,0,03-03,+100.0%,+91.42%,0.7657,1,✗ No,budget_exceeded
0,186,186,03-03,+100.0%,+86.50%,0.7460,26,✗ No,budget_exceeded
0,273,0,03-03,+100.0%,+91.42%,0.7657,1,✗ No,budget_exceeded
0,273,137,03-03,+100.0%,+90.09%,0.7604,3,✗ No,budget_exceeded
0,273,273,03-03,+100.0%,+65.00%,0.6600,71,✗ No,budget_exceeded
0,361,0,03-03,+100.0%,+91.42%,0.7657,1,✗ No,budget_exceeded
0,361,90,03-03,+100.0%,+91.42%,0.7657,1,✗ No,budget_exceeded
0,361,181,03-03,+100.0%,+64.95%,0.6598,24,✗ No,budget_exceeded
0,361,271,03-03,+84.0%,+35.31%,0.5572,54,✓ Yes,completed
0,361,361,03-03,+73.9%,+32.14%,0.5547,67,✓ Yes,completed
0,449,0,03-03,+100.0%,+91.42%,0.7657,1,✗ No,budget_exceeded
0,449,90,03-03,+100.0%,+91.42%,0.7657,1,✗ No,budget_exceeded
0,449,180,03-03,+86.6%,+30.49%,0.5353,14,✓ Yes,completed
0,449,269,03-03,+58.1%,+25.59%,0.5442,36,✓ Yes,completed
0,449,359,03-03,+51.9%,+23.74%,0.5430,39,✓ Yes,completed
0,449,449,03-03,+42.4%,+21.22%,0.5425,58,✓ Yes,completed
0,537,0,03-03,+100.0%,+82.73%,0.7309,1,✗ No,budget_exceeded
0,537,89,03-03,+100.0%,+82.73%,0.7309,1,✗ No,budget_exceeded
0,537,179,03-03,+55.3%,+17.80%,0.5159,6,✓ Yes,completed
0,537,268,03-03,+27.8%,+12.73%,0.5232,13,✓ Yes,completed
0,537,358,03-03,+22.9%,+11.81%,0.5243,15,✓ Yes,completed
0,537,447,03-03,+17.6%,+10.31%,0.5236,18,✓ Yes,completed
0,537,537,03-03,+12.8%,+7.33%,0.5165,24,✓ Yes,completed
0,624,0,03-03,+100.0%,+71.99%,0.6880,1,✗ No,budget_exceeded
0,624,89,03-03,+100.0%,+71.99%,0.6880,1,✗ No,budget_exceeded
0,624,178,03-03,+27.3%,+8.60%,0.5071,2,✓ Yes,completed
0,624,268,03-03,+11.0%,+4.28%,0.5061,2,✓ Yes,completed
0,624,357,03-03,+7.1%,+3.15%,0.5054,2,✓ Yes,completed
0,624,446,03-03,+2.7%,+2.25%,0.5063,3,✓ Yes,completed
0,624,535,03-03,+1.7%,+1.59%,0.5046,3,✓ Yes,completed
0,624,624,03-03,+0.8%,+0.77%,0.5023,5,✓ Yes,completed
0,712,0,03-03,+0.0%,+0.00%,0.5000,0,✓ Yes,completed
0,712,89,03-03,+0.0%,+0.00%,0.5000,0,✓ Yes,completed
0,712,178,03-03,+0.0%,+0.00%,0.5000,0,✓ Yes,completed
0,712,267,03-03,+0.0%,+0.00%,0.5000,0,✓ Yes,completed
0,712,356,03-03,+0.0%,+0.00%,0.5000,0,✓ Yes,completed
0,712,445,03-03,+0.0%,+0.00%,0.5000,0,✓ Yes,completed
0,712,534,03-03,+0.0%,+0.00%,0.5000,0,✓ Yes,completed
0,712,623,03-03,+0.0%,+0.00%,0.5000,0,✓ Yes,completed
0,712,712,03-03,+0.0%,+0.00%,0.5000,0,✓ Yes,completed
0,800,0,03-03,+0.0%,+0.00%,0.5000,0,✓ Yes,completed
0,800,89,03-03,+0.0%,+0.00%,0.5000,0,✓ Yes,completed
0,800,178,03-03,+0.0%,+0.00%,0.5000,0,✓ Yes,completed
0,800,267,03-03,+0.0%,+0.00%,0.5000,0,✓ Yes,completed
0,800,356,03-03,+0.0%,+0.00%,0.5000,0,✓ Yes,completed
0,800,444,03-03,+0.0%,+0.00%,0.5000,0,✓ Yes,completed
0,800,533,03-03,+0.0%,+0.00%,0.5000,0,✓ Yes,completed
0,800,622,03-03,+0.0%,+0.00%,0.5000,0,✓ Yes,completed
0,800,711,03-03,+0.0%,+0.00%,0.5000,0,✓ Yes,completed
0,800,800,03-03,+0.0%,+0.00%,0.5000,0,✓ Yes,completed
0,10,0,05-03,+100.0%,+91.42%,0.7657,1,✗ No,budget_exceeded
0,10,10,05-03,+100.0%,+91.42%,0.7657,1,✗ No,budget_exceeded
0,98,0,05-03,+100.0%,+91.42%,0.7657,1,✗ No,budget_exceeded
0,98,98,05-03,+100.0%,+91.42%,0.7657,1,✗ No,budget_exceeded
0,186,0,05-03,+100.0%,+91.42%,0.7657,1,✗ No,budget_exceeded
0,186,186,05-03,+100.0%,+62.33%,0.6493,71,✗ No,budget_exceeded
0,273,0,05-03,+100.0%,+91.42%,0.7657,1,✗ No,budget_exceeded
0,273,137,05-03,+100.0%,+64.57%,0.6583,26,✗ No,budget_exceeded
0,273,273,05-03,+85.4%,+14.48%,0.4725,100,✓ Yes,completed
0,361,0,05-03,+100.0%,+84.84%,0.7394,1,✗ No,budget_exceeded
0,361,90,05-03,+100.0%,+84.84%,0.7394,1,✗ No,budget_exceeded
0,361,181,05-03,+63.1%,+4.92%,0.4566,30,✓ Yes,completed
0,361,271,05-03,+32.2%,+8.76%,0.5029,33,✓ Yes,completed
0,361,361,05-03,+21.0%,+8.09%,0.5113,29,✓ Yes,completed
0,449,0,05-03,+100.0%,+57.45%,0.6298,1,✗ No,budget_exceeded
0,449,90,05-03,+100.0%,+57.45%,0.6298,1,✗ No,budget_exceeded
0,449,180,05-03,+5.9%,+3.58%,0.5084,6,✓ Yes,completed
0,449,269,05-03,+5.3%,+3.58%,0.5090,6,✓ Yes,completed
0,449,359,05-03,+4.7%,+3.52%,0.5093,6,✓ Yes,completed
0,449,449,05-03,+3.3%,+2.33%,0.5060,7,✓ Yes,completed
0,537,0,05-03,+0.0%,+0.00%,0.5000,0,✓ Yes,completed
0,537,89,05-03,+0.0%,+0.00%,0.5000,0,✓ Yes,completed
0,537,179,05-03,+0.0%,+0.00%,0.5000,0,✓ Yes,completed
0,537,268,05-03,+0.0%,+0.00%,0.5000,0,✓ Yes,completed
0,537,358,05-03,+0.0%,+0.00%,0.5000,0,✓ Yes,completed
0,537,447,05-03,+0.0%,+0.00%,0.5000,0,✓ Yes,completed
0,537,537,05-03,+0.0%,+0.00%,0.5000,0,✓ Yes,completed
0,624,0,05-03,+0.0%,+0.00%,0.5000,0,✓ Yes,completed
0,624,89,05-03,+0.0%,+0.00%,0.5000,0,✓ Yes,completed
0,624,178,05-03,+0.0%,+0.00%,0.5000,0,✓ Yes,completed
0,624,268,05-03,+0.0%,+0.00%,0.5000,0,✓ Yes,completed
0,624,357,05-03,+0.0%,+0.00%,0.5000,0,✓ Yes,completed
0,624,446,05-03,+0.0%,+0.00%,0.5000,0,✓ Yes,completed
0,624,535,05-03,+0.0%,+0.00%,0.5000,0,✓ Yes,completed
0,624,624,05-03,+0.0%,+0.00%,0.5000,0,✓ Yes,completed
0,712,0,05-03,+0.0%,+0.00%,0.5000,0,✓ Yes,completed
0,712,89,05-03,+0.0%,+0.00%,0.5000,0,✓ Yes,completed
0,712,178,05-03,+0.0%,+0.00%,0.5000,0,✓ Yes,completed
0,712,267,05-03,+0.0%,+0.00%,0.5000,0,✓ Yes,completed
0,712,356,05-03,+0.0%,+0.00%,0.5000,0,✓ Yes,completed
0,712,445,05-03,+0.0%,+0.00%,0.5000,0,✓ Yes,completed
0,712,534,05-03,+0.0%,+0.00%,0.5000,0,✓ Yes,completed
0,712,623,05-03,+0.0%,+0.00%,0.5000,0,✓ Yes,completed
0,712,712,05-03,+0.0%,+0.00%,0.5000,0,✓ Yes,completed
0,800,0,05-03,+0.0%,+0.00%,0.5000,0,✓ Yes,completed
0,800,89,05-03,+0.0%,+0.00%,0.5000,0,✓ Yes,completed
0,800,178,05-03,+0.0%,+0.00%,0.5000,0,✓ Yes,completed
0,800,267,05-03,+0.0%,+0.00%,0.5000,0,✓ Yes,completed
0,800,356,05-03,+0.0%,+0.00%,0.5000,0,✓ Yes,completed
0,800,444,05-03,+0.0%,+0.00%,0.5000,0,✓ Yes,completed
0,800,533,05-03,+0.0%,+0.00%,0.5000,0,✓ Yes,completed
0,800,622,05-03,+0.0%,+0.00%,0.5000,0,✓ Yes,completed
0,800,711,05-03,+0.0%,+0.00%,0.5000,0,✓ Yes,completed
0,800,800,05-03,+0.0%,+0.00%,0.5000,0,✓ Yes,completed
0,10,0,07-03,+100.0%,+91.42%,0.7657,1,✗ No,budget_exceeded
0,10,10,07-03,+100.0%,+91.42%,0.7657,1,✗ No,budget_exceeded
0,98,0,07-03,+100.0%,+91.42%,0.7657,1,✗ No,budget_exceeded
0,98,98,07-03,+100.0%,+91.42%,0.7657,1,✗ No,budget_exceeded
0,186,0,07-03,+100.0%,+91.42%,0.7657,1,✗ No,budget_exceeded
0,186,186,07-03,+100.0%,+76.48%,0.7059,54,✗ No,budget_exceeded
0,273,0,07-03,+100.0%,+91.42%,0.7657,1,✗ No,budget_exceeded
0,273,137,07-03,+100.0%,+83.56%,0.7342,16,✗ No,budget_exceeded
0,273,273,07-03,+100.0%,+42.17%,0.5687,101,✗ No,budget_exceeded
0,361,0,07-03,+100.0%,+90.28%,0.7611,1,✗ No,budget_exceeded
0,361,90,07-03,+100.0%,+90.28%,0.7611,1,✗ No,budget_exceeded
0,361,181,07-03,+100.0%,+32.03%,0.5281,41,✗ No,budget_exceeded
0,361,271,07-03,+75.1%,+22.17%,0.5136,59,✓ Yes,completed
0,361,361,07-03,+49.9%,+20.11%,0.5305,68,✓ Yes,completed
0,449,0,07-03,+100.0%,+90.12%,0.7605,1,✗ No,budget_exceeded
0,449,90,07-03,+100.0%,+90.12%,0.7605,1,✗ No,budget_exceeded
0,449,180,07-03,+56.0%,+15.18%,0.5047,21,✓ Yes,completed
0,449,269,07-03,+39.5%,+14.13%,0.5170,29,✓ Yes,completed
0,449,359,07-03,+32.6%,+11.13%,0.5119,34,✓ Yes,completed
0,449,449,07-03,+21.4%,+8.39%,0.5122,42,✓ Yes,completed
0,537,0,07-03,+100.0%,+78.18%,0.7127,1,✗ No,budget_exceeded
0,537,89,07-03,+100.0%,+78.18%,0.7127,1,✗ No,budget_exceeded
0,537,179,07-03,+14.9%,+2.07%,0.4933,5,✓ Yes,completed
0,537,268,07-03,+6.8%,+1.16%,0.4978,6,✓ Yes,completed
0,537,358,07-03,+4.8%,+1.30%,0.5004,7,✓ Yes,completed
0,537,447,07-03,+3.7%,+1.35%,0.5017,7,✓ Yes,completed
0,537,537,07-03,+2.2%,+1.08%,0.5021,9,✓ Yes,completed
0,624,0,07-03,+0.0%,+0.00%,0.5000,0,✓ Yes,completed
0,624,89,07-03,+0.0%,+0.00%,0.5000,0,✓ Yes,completed
0,624,178,07-03,+0.0%,+0.00%,0.5000,0,✓ Yes,completed
0,624,268,07-03,+0.0%,+0.00%,0.5000,0,✓ Yes,completed
0,624,357,07-03,+0.0%,+0.00%,0.5000,0,✓ Yes,completed
0,624,446,07-03,+0.0%,+0.00%,0.5000,0,✓ Yes,completed
0,624,535,07-03,+0.0%,+0.00%,0.5000,0,✓ Yes,completed
0,624,624,07-03,+0.0%,+0.00%,0.5000,0,✓ Yes,completed
0,712,0,07-03,+0.0%,+0.00%,0.5000,0,✓ Yes,completed
0,712,89,07-03,+0.0%,+0.00%,0.5000,0,✓ Yes,completed
0,712,178,07-03,+0.0%,+0.00%,0.5000,0,✓ Yes,completed
0,712,267,07-03,+0.0%,+0.00%,0.5000,0,✓ Yes,completed
0,712,356,07-03,+0.0%,+0.00%,0.5000,0,✓ Yes,completed
0,712,445,07-03,+0.0%,+0.00%,0.5000,0,✓ Yes,completed
0,712,534,07-03,+0.0%,+0.00%,0.5000,0,✓ Yes,completed
0,712,623,07-03,+0.0%,+0.00%,0.5000,0,✓ Yes,completed
0,712,712,07-03,+0.0%,+0.00%,0.5000,0,✓ Yes,completed
0,800,0,07-03,+0.0%,+0.00%,0.5000,0,✓ Yes,completed
0,800,89,07-03,+0.0%,+0.00%,0.5000,0,✓ Yes,completed
0,800,178,07-03,+0.0%,+0.00%,0.5000,0,✓ Yes,completed
0,800,267,07-03,+0.0%,+0.00%,0.5000,0,✓ Yes,completed
0,800,356,07-03,+0.0%,+0.00%,0.5000,0,✓ Yes,completed
0,800,444,07-03,+0.0%,+0.00%,0.5000,0,✓ Yes,completed
0,800,533,07-03,+0.0%,+0.00%,0.5000,0,✓ Yes,completed
0,800,622,07-03,+0.0%,+0.00%,0.5000,0,✓ Yes,completed
0,800,711,07-03,+0.0%,+0.00%,0.5000,0,✓ Yes,completed
0,800,800,07-03,+0.0%,+0.00%,0.5000,0,✓ Yes,completed
0,10,0,09-02,+100.0%,+91.42%,0.7657,1,✗ No,budget_exceeded
0,10,10,09-02,+100.0%,+91.42%,0.7657,1,✗ No,budget_exceeded
0,98,0,09-02,+100.0%,+91.42%,0.7657,1,✗ No,budget_exceeded
0,98,98,09-02,+100.0%,+91.42%,0.7657,1,✗ No,budget_exceeded
0,186,0,09-02,+100.0%,+91.42%,0.7657,1,✗ No,budget_exceeded
0,186,186,09-02,+100.0%,+77.41%,0.7096,37,✗ No,budget_exceeded
0,273,0,09-02,+100.0%,+91.42%,0.7657,1,✗ No,budget_exceeded
0,273,137,09-02,+100.0%,+77.06%,0.7082,14,✗ No,budget_exceeded
0,273,273,09-02,+100.0%,+54.49%,0.6180,61,✗ No,budget_exceeded
0,361,0,09-02,+100.0%,+91.42%,0.7657,1,✗ No,budget_exceeded
0,361,90,09-02,+100.0%,+91.42%,0.7657,1,✗ No,budget_exceeded
0,361,181,09-02,+100.0%,+50.09%,0.6004,14,✗ No,budget_exceeded
0,361,271,09-02,+100.0%,+29.25%,0.5170,34,✗ No,budget_exceeded
0,361,361,09-02,+78.6%,+13.96%,0.4772,54,✓ Yes,completed
0,449,0,09-02,+100.0%,+91.39%,0.7656,1,✗ No,budget_exceeded
0,449,90,09-02,+100.0%,+91.39%,0.7656,1,✗ No,budget_exceeded
0,449,180,09-02,+100.0%,+37.90%,0.5516,8,✗ No,budget_exceeded
0,449,269,09-02,+79.7%,+11.92%,0.4680,20,✓ Yes,completed
0,449,359,09-02,+52.3%,+13.05%,0.4999,23,✓ Yes,completed
0,449,449,09-02,+32.1%,+12.94%,0.5196,38,✓ Yes,completed
0,537,0,09-02,+100.0%,+84.19%,0.7367,1,✗ No,budget_exceeded
0,537,89,09-02,+100.0%,+84.19%,0.7367,1,✗ No,budget_exceeded
0,537,179,09-02,+86.0%,+3.95%,0.4298,6,✓ Yes,completed
0,537,268,09-02,+21.0%,+10.82%,0.5223,6,✓ Yes,completed
0,537,358,09-02,+15.1%,+10.21%,0.5257,6,✓ Yes,completed
0,537,447,09-02,+6.2%,+6.20%,0.5186,9,✓ Yes,completed
0,537,537,09-02,+3.5%,+4.03%,0.5126,13,✓ Yes,completed
0,624,0,09-02,+0.0%,+0.00%,0.5000,0,✓ Yes,completed
0,624,89,09-02,+0.0%,+0.00%,0.5000,0,✓ Yes,completed
0,624,178,09-02,+0.0%,+0.00%,0.5000,0,✓ Yes,completed
0,624,268,09-02,+0.0%,+0.00%,0.5000,0,✓ Yes,completed
0,624,357,09-02,+0.0%,+0.00%,0.5000,0,✓ Yes,completed
0,624,446,09-02,+0.0%,+0.00%,0.5000,0,✓ Yes,completed
0,624,535,09-02,+0.0%,+0.00%,0.5000,0,✓ Yes,completed
0,624,624,09-02,+0.0%,+0.00%,0.5000,0,✓ Yes,completed
0,712,0,09-02,+0.0%,+0.00%,0.5000,0,✓ Yes,completed
0,712,89,09-02,+0.0%,+0.00%,0.5000,0,✓ Yes,completed
0,712,178,09-02,+0.0%,+0.00%,0.5000,0,✓ Yes,completed
0,712,267,09-02,+0.0%,+0.00%,0.5000,0,✓ Yes,completed
0,712,356,09-02,+0.0%,+0.00%,0.5000,0,✓ Yes,completed
0,712,445,09-02,+0.0%,+0.00%,0.5000,0,✓ Yes,completed
0,712,534,09-02,+0.0%,+0.00%,0.5000,0,✓ Yes,completed
0,712,623,09-02,+0.0%,+0.00%,0.5000,0,✓ Yes,completed
0,712,712,09-02,+0.0%,+0.00%,0.5000,0,✓ Yes,completed
0,800,0,09-02,+0.0%,+0.00%,0.5000,0,✓ Yes,completed
0,800,89,09-02,+0.0%,+0.00%,0.5000,0,✓ Yes,completed
0,800,178,09-02,+0.0%,+0.00%,0.5000,0,✓ Yes,completed
0,800,267,09-02,+0.0%,+0.00%,0.5000,0,✓ Yes,completed
0,800,356,09-02,+0.0%,+0.00%,0.5000,0,✓ Yes,completed
0,800,444,09-02,+0.0%,+0.00%,0.5000,0,✓ Yes,completed
0,800,533,09-02,+0.0%,+0.00%,0.5000,0,✓ Yes,completed
0,800,622,09-02,+0.0%,+0.00%,0.5000,0,✓ Yes,completed
0,800,711,09-02,+0.0%,+0.00%,0.5000,0,✓ Yes,completed
0,800,800,09-02,+0.0%,+0.00%,0.5000,0,✓ Yes,completed
0,10,0,11-02,+100.0%,+91.43%,0.7657,1,✗ No,budget_exceeded
0,10,10,11-02,+100.0%,+91.43%,0.7657,1,✗ No,budget_exceeded
0,98,0,11-02,+100.0%,+91.43%,0.7657,1,✗ No,budget_exceeded
0,98,98,11-02,+100.0%,+91.43%,0.7657,1,✗ No,budget_exceeded
0,186,0,11-02,+100.0%,+91.43%,0.7657,1,✗ No,budget_exceeded
0,186,186,11-02,+100.0%,+90.64%,0.7626,9,✗ No,budget_exceeded
0,273,0,11-02,+100.0%,+91.16%,0.7646,1,✗ No,budget_exceeded
0,273,137,11-02,+100.0%,+91.16%,0.7646,1,✗ No,budget_exceeded
0,273,273,11-02,+100.0%,+73.97%,0.6959,44,✗ No,budget_exceeded
0,361,0,11-02,+100.0%,+87.75%,0.7510,1,✗ No,budget_exceeded
0,361,90,11-02,+100.0%,+87.75%,0.7510,1,✗ No,budget_exceeded
0,361,181,11-02,+100.0%,+81.25%,0.7250,6,✗ No,budget_exceeded
0,361,271,11-02,+100.0%,+58.99%,0.6360,18,✗ No,budget_exceeded
0,361,361,11-02,+100.0%,+30.06%,0.5202,54,✗ No,budget_exceeded
0,449,0,11-02,+100.0%,+86.19%,0.7448,1,✗ No,budget_exceeded
0,449,90,11-02,+100.0%,+86.19%,0.7448,1,✗ No,budget_exceeded
0,449,180,11-02,+100.0%,+57.56%,0.6303,5,✗ No,budget_exceeded
0,449,269,11-02,+100.0%,+29.03%,0.5161,11,✗ No,budget_exceeded
0,449,359,11-02,+64.3%,+11.09%,0.4801,15,✓ Yes,completed
0,449,449,11-02,+31.0%,+10.96%,0.5128,23,✓ Yes,completed
0,537,0,11-02,+100.0%,+81.59%,0.7264,1,✗ No,budget_exceeded
0,537,89,11-02,+100.0%,+81.59%,0.7264,1,✗ No,budget_exceeded
0,537,179,11-02,+100.0%,+25.67%,0.5027,3,✗ No,budget_exceeded
0,537,268,11-02,+27.2%,+7.63%,0.5034,5,✓ Yes,completed
0,537,358,11-02,+20.4%,+7.81%,0.5109,5,✓ Yes,completed
0,537,447,11-02,+16.4%,+7.54%,0.5138,4,✓ Yes,completed
0,537,537,11-02,+8.0%,+3.56%,0.5062,25,✓ Yes,completed
0,624,0,11-02,+0.0%,+0.00%,0.5000,0,✓ Yes,completed
0,624,89,11-02,+0.0%,+0.00%,0.5000,0,✓ Yes,completed
0,624,178,11-02,+0.0%,+0.00%,0.5000,0,✓ Yes,completed
0,624,268,11-02,+0.0%,+0.00%,0.5000,0,✓ Yes,completed
0,624,357,11-02,+0.0%,+0.00%,0.5000,0,✓ Yes,completed
0,624,446,11-02,+0.0%,+0.00%,0.5000,0,✓ Yes,completed
0,624,535,11-02,+0.0%,+0.00%,0.5000,0,✓ Yes,completed
0,624,624,11-02,+0.0%,+0.00%,0.5000,0,✓ Yes,completed
0,712,0,11-02,+0.0%,+0.00%,0.5000,0,✓ Yes,completed
0,712,89,11-02,+0.0%,+0.00%,0.5000,0,✓ Yes,completed
0,712,178,11-02,+0.0%,+0.00%,0.5000,0,✓ Yes,completed
0,712,267,11-02,+0.0%,+0.00%,0.5000,0,✓ Yes,completed
0,712,356,11-02,+0.0%,+0.00%,0.5000,0,✓ Yes,completed
0,712,445,11-02,+0.0%,+0.00%,0.5000,0,✓ Yes,completed
0,712,534,11-02,+0.0%,+0.00%,0.5000,0,✓ Yes,completed
0,712,623,11-02,+0.0%,+0.00%,0.5000,0,✓ Yes,completed
0,712,712,11-02,+0.0%,+0.00%,0.5000,0,✓ Yes,completed
0,800,0,11-02,+0.0%,+0.00%,0.5000,0,✓ Yes,completed
0,800,89,11-02,+0.0%,+0.00%,0.5000,0,✓ Yes,completed
0,800,178,11-02,+0.0%,+0.00%,0.5000,0,✓ Yes,completed
0,800,267,11-02,+0.0%,+0.00%,0.5000,0,✓ Yes,completed
0,800,356,11-02,+0.0%,+0.00%,0.5000,0,✓ Yes,completed
0,800,444,11-02,+0.0%,+0.00%,0.5000,0,✓ Yes,completed
0,800,533,11-02,+0.0%,+0.00%,0.5000,0,✓ Yes,completed
0,800,622,11-02,+0.0%,+0.00%,0.5000,0,✓ Yes,completed
0,800,711,11-02,+0.0%,+0.00%,0.5000,0,✓ Yes,completed
0,800,800,11-02,+0.0%,+0.00%,0.5000,0,✓ Yes,completed
0,10,0,12-31,+100.0%,+91.43%,0.7657,1,✗ No,budget_exceeded
0,10,10,12-31,+100.0%,+91.43%,0.7657,1,✗ No,budget_exceeded
0,98,0,12-31,+100.0%,+91.43%,0.7657,1,✗ No,budget_exceeded
0,98,98,12-31,+100.0%,+91.43%,0.7657,1,✗ No,budget_exceeded
0,186,0,12-31,+100.0%,+91.43%,0.7657,1,✗ No,budget_exceeded
0,186,186,12-31,+100.0%,+90.23%,0.7609,4,✗ No,budget_exceeded
0,273,0,12-31,+100.0%,+91.43%,0.7657,1,✗ No,budget_exceeded
0,273,137,12-31,+100.0%,+91.43%,0.7657,1,✗ No,budget_exceeded
0,273,273,12-31,+100.0%,+81.72%,0.7269,22,✗ No,budget_exceeded
0,361,0,12-31,+100.0%,+89.02%,0.7561,1,✗ No,budget_exceeded
0,361,90,12-31,+100.0%,+89.02%,0.7561,1,✗ No,budget_exceeded
0,361,181,12-31,+100.0%,+86.50%,0.7460,2,✗ No,budget_exceeded
0,361,271,12-31,+100.0%,+76.45%,0.7058,16,✗ No,budget_exceeded
0,361,361,12-31,+100.0%,+67.80%,0.6712,38,✗ No,budget_exceeded
0,449,0,12-31,+100.0%,+86.07%,0.7443,1,✗ No,budget_exceeded
0,449,90,12-31,+100.0%,+86.07%,0.7443,1,✗ No,budget_exceeded
0,449,180,12-31,+100.0%,+82.67%,0.7307,2,✗ No,budget_exceeded
0,449,269,12-31,+100.0%,+58.84%,0.6353,14,✗ No,budget_exceeded
0,449,359,12-31,+100.0%,+35.82%,0.5433,31,✗ No,budget_exceeded
0,449,449,12-31,+85.3%,+14.12%,0.4712,83,✓ Yes,completed
0,537,0,12-31,+100.0%,+85.73%,0.7429,1,✗ No,budget_exceeded
0,537,89,12-31,+100.0%,+85.73%,0.7429,1,✗ No,budget_exceeded
0,537,179,12-31,+100.0%,+75.34%,0.7014,2,✗ No,budget_exceeded
0,537,268,12-31,+93.0%,+11.91%,0.4546,16,✓ Yes,completed
0,537,358,12-31,+72.3%,+9.61%,0.4662,18,✓ Yes,completed
0,537,447,12-31,+43.2%,+5.68%,0.4795,22,✓ Yes,completed
0,537,537,12-31,+20.0%,+3.96%,0.4958,36,✓ Yes,completed
0,624,0,12-31,+100.0%,+33.48%,0.5339,1,✗ No,budget_exceeded
0,624,89,12-31,+100.0%,+33.48%,0.5339,1,✗ No,budget_exceeded
0,624,178,12-31,+99.1%,+2.83%,0.4122,2,✓ Yes,completed
0,624,268,12-31,+32.2%,+0.26%,0.4688,1,✓ Yes,completed
0,624,357,12-31,+9.8%,+0.54%,0.4923,1,✓ Yes,completed
0,624,446,12-31,+1.7%,+0.88%,0.5018,2,✓ Yes,completed
0,624,535,12-31,+1.3%,+0.72%,0.5015,2,✓ Yes,completed
0,624,624,12-31,+0.6%,+0.35%,0.5008,5,✓ Yes,completed
0,712,0,12-31,+0.0%,+0.00%,0.5000,0,✓ Yes,completed
0,712,89,12-31,+0.0%,+0.00%,0.5000,0,✓ Yes,completed
0,712,178,12-31,+0.0%,+0.00%,0.5000,0,✓ Yes,completed
0,712,267,12-31,+0.0%,+0.00%,0.5000,0,✓ Yes,completed
0,712,356,12-31,+0.0%,+0.00%,0.5000,0,✓ Yes,completed
0,712,445,12-31,+0.0%,+0.00%,0.5000,0,✓ Yes,completed
0,712,534,12-31,+0.0%,+0.00%,0.5000,0,✓ Yes,completed
0,712,623,12-31,+0.0%,+0.00%,0.5000,0,✓ Yes,completed
0,712,712,12-31,+0.0%,+0.00%,0.5000,0,✓ Yes,completed
0,800,0,12-31,+0.0%,+0.00%,0.5000,0,✓ Yes,completed
0,800,89,12-31,+0.0%,+0.00%,0.5000,0,✓ Yes,completed
0,800,178,12-31,+0.0%,+0.00%,0.5000,0,✓ Yes,completed
0,800,267,12-31,+0.0%,+0.00%,0.5000,0,✓ Yes,completed
0,800,356,12-31,+0.0%,+0.00%,0.5000,0,✓ Yes,completed
0,800,444,12-31,+0.0%,+0.00%,0.5000,0,✓ Yes,completed
0,800,533,12-31,+0.0%,+0.00%,0.5000,0,✓ Yes,completed
0,800,622,12-31,+0.0%,+0.00%,0.5000,0,✓ Yes,completed
0,800,711,12-31,+0.0%,+0.00%,0.5000,0,✓ Yes,completed
0,800,800,12-31,+0.0%,+0.00%,0.5000,0,✓ Yes,completed
1,183,93,01-01,+100.0%,+91.43%,0.7657,1,✗ No,budget_exceeded
1,183,138,01-01,+100.0%,+91.26%,0.7650,2,✗ No,budget_exceeded
1,183,183,01-01,+100.0%,+90.24%,0.7609,5,✗ No,budget_exceeded
1,223,93,01-01,+100.0%,+90.43%,0.7617,1,✗ No,budget_exceeded
1,223,136,01-01,+100.0%,+90.43%,0.7617,1,✗ No,budget_exceeded
1,223,180,01-01,+100.0%,+89.28%,0.7571,2,✗ No,budget_exceeded
1,223,223,01-01,+100.0%,+87.66%,0.7506,11,✗ No,budget_exceeded
1,262,93,01-01,+100.0%,+90.35%,0.7614,1,✗ No,budget_exceeded
1,262,135,01-01,+100.0%,+90.35%,0.7614,1,✗ No,budget_exceeded
1,262,178,01-01,+100.0%,+88.71%,0.7548,2,✗ No,budget_exceeded
1,262,220,01-01,+100.0%,+86.70%,0.7468,7,✗ No,budget_exceeded
1,262,262,01-01,+100.0%,+83.44%,0.7338,19,✗ No,budget_exceeded
1,302,93,01-01,+100.0%,+90.31%,0.7612,1,✗ No,budget_exceeded
1,302,135,01-01,+100.0%,+90.31%,0.7612,1,✗ No,budget_exceeded
1,302,177,01-01,+100.0%,+88.15%,0.7526,2,✗ No,budget_exceeded
1,302,218,01-01,+100.0%,+84.46%,0.7378,7,✗ No,budget_exceeded
1,302,260,01-01,+100.0%,+81.72%,0.7269,13,✗ No,budget_exceeded
1,302,302,01-01,+100.0%,+78.53%,0.7141,24,✗ No,budget_exceeded
1,341,93,01-01,+100.0%,+90.25%,0.7610,1,✗ No,budget_exceeded
1,341,134,01-01,+100.0%,+90.25%,0.7610,1,✗ No,budget_exceeded
1,341,176,01-01,+100.0%,+87.94%,0.7517,2,✗ No,budget_exceeded
1,341,217,01-01,+100.0%,+83.98%,0.7359,7,✗ No,budget_exceeded
1,341,259,01-01,+100.0%,+80.77%,0.7231,13,✗ No,budget_exceeded
1,341,300,01-01,+100.0%,+75.81%,0.7032,24,✗ No,budget_exceeded
1,341,341,01-01,+100.0%,+73.06%,0.6923,29,✗ No,budget_exceeded
1,381,93,01-01,+100.0%,+90.16%,0.7606,1,✗ No,budget_exceeded
1,381,134,01-01,+100.0%,+90.16%,0.7606,1,✗ No,budget_exceeded
1,381,175,01-01,+100.0%,+87.53%,0.7501,2,✗ No,budget_exceeded
1,381,216,01-01,+100.0%,+82.02%,0.7281,8,✗ No,budget_exceeded
1,381,258,01-01,+100.0%,+78.19%,0.7128,15,✗ No,budget_exceeded
1,381,299,01-01,+100.0%,+72.55%,0.6902,24,✗ No,budget_exceeded
1,381,340,01-01,+100.0%,+69.66%,0.6786,27,✗ No,budget_exceeded
1,381,381,01-01,+100.0%,+61.39%,0.6455,51,✗ No,budget_exceeded
1,420,93,01-01,+100.0%,+87.35%,0.7494,1,✗ No,budget_exceeded
1,420,134,01-01,+100.0%,+87.35%,0.7494,1,✗ No,budget_exceeded
1,420,175,01-01,+100.0%,+84.28%,0.7371,2,✗ No,budget_exceeded
1,420,216,01-01,+100.0%,+72.05%,0.6882,11,✗ No,budget_exceeded
1,420,257,01-01,+100.0%,+68.96%,0.6758,13,✗ No,budget_exceeded
1,420,298,01-01,+100.0%,+65.82%,0.6633,17,✗ No,budget_exceeded
1,420,339,01-01,+100.0%,+58.35%,0.6334,26,✗ No,budget_exceeded
1,420,379,01-01,+100.0%,+48.71%,0.5948,34,✗ No,budget_exceeded
1,420,420,01-01,+100.0%,+29.80%,0.5192,79,✗ No,budget_exceeded
1,460,93,01-01,+100.0%,+87.25%,0.7490,1,✗ No,budget_exceeded
1,460,134,01-01,+100.0%,+87.25%,0.7490,1,✗ No,budget_exceeded
1,460,175,01-01,+100.0%,+83.91%,0.7356,2,✗ No,budget_exceeded
1,460,215,01-01,+100.0%,+68.79%,0.6751,9,✗ No,budget_exceeded
1,460,256,01-01,+100.0%,+63.36%,0.6534,12,✗ No,budget_exceeded
1,460,297,01-01,+100.0%,+54.27%,0.6171,19,✗ No,budget_exceeded
1,460,338,01-01,+100.0%,+45.94%,0.5837,24,✗ No,budget_exceeded
1,460,378,01-01,+100.0%,+24.64%,0.4986,36,✗ No,budget_exceeded
1,460,419,01-01,+91.9%,+15.72%,0.4710,48,✓ Yes,completed
1,460,460,01-01,+75.3%,+12.57%,0.4750,71,✓ Yes,completed
1,499,93,01-01,+100.0%,+87.12%,0.7485,1,✗ No,budget_exceeded
1,499,134,01-01,+100.0%,+87.12%,0.7485,1,✗ No,budget_exceeded
1,499,174,01-01,+100.0%,+83.03%,0.7321,2,✗ No,budget_exceeded
1,499,215,01-01,+100.0%,+62.56%,0.6502,8,✗ No,budget_exceeded
1,499,256,01-01,+100.0%,+51.00%,0.6040,14,✗ No,budget_exceeded
1,499,296,01-01,+100.0%,+40.32%,0.5613,20,✗ No,budget_exceeded
1,499,337,01-01,+96.3%,+14.13%,0.4603,28,✓ Yes,completed
1,499,377,01-01,+85.1%,+12.93%,0.4666,29,✓ Yes,completed
1,499,418,01-01,+73.0%,+11.12%,0.4715,33,✓ Yes,completed
1,499,459,01-01,+61.8%,+8.57%,0.4725,42,✓ Yes,completed
1,499,499,01-01,+43.3%,+5.88%,0.4803,54,✓ Yes,completed
1,539,93,01-01,+100.0%,+86.93%,0.7477,1,✗ No,budget_exceeded
1,539,130,01-01,+100.0%,+86.93%,0.7477,1,✗ No,budget_exceeded
1,539,167,01-01,+100.0%,+76.38%,0.7055,2,✗ No,budget_exceeded
1,539,205,01-01,+100.0%,+63.74%,0.6549,5,✗ No,budget_exceeded
1,539,242,01-01,+100.0%,+26.15%,0.5046,16,✗ No,budget_exceeded
1,539,279,01-01,+88.3%,+10.86%,0.4551,19,✓ Yes,completed
1,539,316,01-01,+84.6%,+10.76%,0.4585,19,✓ Yes,completed
1,539,353,01-01,+76.5%,+10.77%,0.4665,18,✓ Yes,completed
1,539,390,01-01,+66.7%,+8.33%,0.4666,19,✓ Yes,completed
1,539,427,01-01,+50.3%,+7.19%,0.4784,23,✓ Yes,completed
1,539,465,01-01,+37.6%,+4.59%,0.4807,25,✓ Yes,completed
1,539,502,01-01,+26.9%,+4.98%,0.4930,24,✓ Yes,completed
1,539,539,01-01,+19.4%,+3.65%,0.4952,34,✓ Yes,completed
1,183,93,01-25,+100.0%,+91.43%,0.7657,1,✗ No,budget_exceeded
1,183,138,01-25,+100.0%,+91.43%,0.7657,1,✗ No,budget_exceeded
1,183,183,01-25,+100.0%,+91.43%,0.7657,1,✗ No,budget_exceeded
1,223,93,01-25,+100.0%,+91.43%,0.7657,1,✗ No,budget_exceeded
1,223,136,01-25,+100.0%,+91.43%,0.7657,1,✗ No,budget_exceeded
1,223,180,01-25,+100.0%,+91.43%,0.7657,1,✗ No,budget_exceeded
1,223,223,01-25,+100.0%,+88.04%,0.7521,23,✗ No,budget_exceeded
1,262,93,01-25,+100.0%,+90.83%,0.7633,1,✗ No,budget_exceeded
1,262,135,01-25,+100.0%,+90.83%,0.7633,1,✗ No,budget_exceeded
1,262,178,01-25,+100.0%,+90.83%,0.7633,1,✗ No,budget_exceeded
1,262,220,01-25,+100.0%,+86.02%,0.7441,17,✗ No,budget_exceeded
1,262,262,01-25,+100.0%,+82.85%,0.7314,31,✗ No,budget_exceeded
1,302,93,01-25,+100.0%,+90.79%,0.7632,1,✗ No,budget_exceeded
1,302,135,01-25,+100.0%,+90.79%,0.7632,1,✗ No,budget_exceeded
1,302,177,01-25,+100.0%,+90.79%,0.7632,1,✗ No,budget_exceeded
1,302,218,01-25,+100.0%,+85.24%,0.7410,14,✗ No,budget_exceeded
1,302,260,01-25,+100.0%,+81.50%,0.7260,26,✗ No,budget_exceeded
1,302,302,01-25,+100.0%,+77.27%,0.7091,39,✗ No,budget_exceeded
1,341,93,01-25,+100.0%,+90.75%,0.7630,1,✗ No,budget_exceeded
1,341,134,01-25,+100.0%,+90.75%,0.7630,1,✗ No,budget_exceeded
1,341,176,01-25,+100.0%,+90.75%,0.7630,1,✗ No,budget_exceeded
1,341,217,01-25,+100.0%,+85.11%,0.7404,13,✗ No,budget_exceeded
1,341,259,01-25,+100.0%,+79.84%,0.7193,26,✗ No,budget_exceeded
1,341,300,01-25,+100.0%,+74.36%,0.6974,38,✗ No,budget_exceeded
1,341,341,01-25,+100.0%,+70.17%,0.6807,45,✗ No,budget_exceeded
1,381,93,01-25,+100.0%,+90.71%,0.7628,1,✗ No,budget_exceeded
1,381,134,01-25,+100.0%,+90.71%,0.7628,1,✗ No,budget_exceeded
1,381,175,01-25,+100.0%,+90.71%,0.7628,1,✗ No,budget_exceeded
1,381,216,01-25,+100.0%,+83.66%,0.7346,13,✗ No,budget_exceeded
1,381,258,01-25,+100.0%,+77.59%,0.7104,27,✗ No,budget_exceeded
1,381,299,01-25,+100.0%,+70.03%,0.6801,41,✗ No,budget_exceeded
1,381,340,01-25,+100.0%,+64.36%,0.6574,48,✗ No,budget_exceeded
1,381,381,01-25,+100.0%,+54.43%,0.6177,77,✗ No,budget_exceeded
1,420,93,01-25,+100.0%,+90.60%,0.7624,1,✗ No,budget_exceeded
1,420,134,01-25,+100.0%,+90.60%,0.7624,1,✗ No,budget_exceeded
1,420,175,01-25,+100.0%,+90.60%,0.7624,1,✗ No,budget_exceeded
1,420,216,01-25,+100.0%,+74.25%,0.6970,16,✗ No,budget_exceeded
1,420,257,01-25,+100.0%,+67.31%,0.6692,29,✗ No,budget_exceeded
1,420,298,01-25,+100.0%,+60.72%,0.6429,37,✗ No,budget_exceeded
1,420,339,01-25,+100.0%,+51.24%,0.6050,45,✗ No,budget_exceeded
1,420,379,01-25,+100.0%,+40.49%,0.5619,56,✗ No,budget_exceeded
1,420,420,01-25,+92.2%,+24.37%,0.5052,92,✓ Yes,completed
1,460,93,01-25,+100.0%,+90.46%,0.7618,1,✗ No,budget_exceeded
1,460,134,01-25,+100.0%,+90.46%,0.7618,1,✗ No,budget_exceeded
1,460,175,01-25,+100.0%,+90.46%,0.7618,1,✗ No,budget_exceeded
1,460,215,01-25,+100.0%,+65.51%,0.6620,16,✗ No,budget_exceeded
1,460,256,01-25,+100.0%,+50.42%,0.6017,30,✗ No,budget_exceeded
1,460,297,01-25,+100.0%,+40.28%,0.5611,38,✗ No,budget_exceeded
1,460,338,01-25,+95.6%,+24.26%,0.5014,41,✓ Yes,completed
1,460,378,01-25,+87.9%,+23.54%,0.5063,45,✓ Yes,completed
1,460,419,01-25,+80.8%,+21.25%,0.5042,54,✓ Yes,completed
1,460,460,01-25,+67.1%,+17.86%,0.5044,77,✓ Yes,completed
1,499,93,01-25,+100.0%,+90.18%,0.7607,1,✗ No,budget_exceeded
1,499,134,01-25,+100.0%,+90.18%,0.7607,1,✗ No,budget_exceeded
1,499,174,01-25,+100.0%,+90.18%,0.7607,1,✗ No,budget_exceeded
1,499,215,01-25,+100.0%,+54.04%,0.6161,17,✗ No,budget_exceeded
1,499,256,01-25,+93.9%,+20.72%,0.4889,28,✓ Yes,completed
1,499,296,01-25,+82.6%,+19.37%,0.4949,31,✓ Yes,completed
1,499,337,01-25,+76.5%,+18.26%,0.4966,30,✓ Yes,completed
1,499,377,01-25,+66.5%,+16.79%,0.5007,29,✓ Yes,completed
1,499,418,01-25,+58.3%,+16.88%,0.5092,34,✓ Yes,completed
1,499,459,01-25,+52.0%,+16.00%,0.5121,43,✓ Yes,completed
1,499,499,01-25,+43.4%,+14.09%,0.5130,53,✓ Yes,completed
1,539,93,01-25,+100.0%,+81.33%,0.7253,1,✗ No,budget_exceeded
1,539,130,01-25,+100.0%,+81.33%,0.7253,1,✗ No,budget_exceeded
1,539,167,01-25,+100.0%,+78.89%,0.7156,2,✗ No,budget_exceeded
1,539,205,01-25,+100.0%,+42.61%,0.5704,10,✗ No,budget_exceeded
1,539,242,01-25,+83.5%,+16.72%,0.4834,15,✓ Yes,completed
1,539,279,01-25,+66.5%,+14.16%,0.4902,18,✓ Yes,completed
1,539,316,01-25,+63.7%,+14.92%,0.4960,18,✓ Yes,completed
1,539,353,01-25,+56.8%,+14.78%,0.5023,18,✓ Yes,completed
1,539,390,01-25,+51.9%,+14.73%,0.5070,19,✓ Yes,completed
1,539,427,01-25,+44.7%,+13.88%,0.5109,27,✓ Yes,completed
1,539,465,01-25,+35.9%,+11.80%,0.5113,30,✓ Yes,completed
1,539,502,01-25,+30.5%,+10.33%,0.5108,30,✓ Yes,completed
1,539,539,01-25,+24.1%,+7.91%,0.5075,37,✓ Yes,completed
1,183,93,02-18,+100.0%,+91.42%,0.7657,1,✗ No,budget_exceeded
1,183,138,02-18,+100.0%,+90.79%,0.7631,4,✗ No,budget_exceeded
1,183,183,02-18,+100.0%,+88.49%,0.7540,16,✗ No,budget_exceeded
1,223,93,02-18,+100.0%,+91.42%,0.7657,1,✗ No,budget_exceeded
1,223,136,02-18,+100.0%,+90.42%,0.7617,4,✗ No,budget_exceeded
1,223,180,02-18,+100.0%,+87.74%,0.7510,12,✗ No,budget_exceeded
1,223,223,02-18,+100.0%,+82.20%,0.7288,45,✗ No,budget_exceeded
1,262,93,02-18,+100.0%,+91.42%,0.7657,1,✗ No,budget_exceeded
1,262,135,02-18,+100.0%,+90.06%,0.7603,3,✗ No,budget_exceeded
1,262,178,02-18,+100.0%,+86.03%,0.7441,11,✗ No,budget_exceeded
1,262,220,02-18,+100.0%,+80.03%,0.7201,34,✗ No,budget_exceeded
1,262,262,02-18,+100.0%,+74.43%,0.6977,54,✗ No,budget_exceeded
1,302,93,02-18,+100.0%,+91.42%,0.7657,1,✗ No,budget_exceeded
1,302,135,02-18,+100.0%,+90.05%,0.7602,3,✗ No,budget_exceeded
1,302,177,02-18,+100.0%,+85.27%,0.7411,11,✗ No,budget_exceeded
1,302,218,02-18,+100.0%,+79.56%,0.7183,31,✗ No,budget_exceeded
1,302,260,02-18,+100.0%,+72.26%,0.6890,50,✗ No,budget_exceeded
1,302,302,02-18,+100.0%,+64.88%,0.6595,67,✗ No,budget_exceeded
1,341,93,02-18,+100.0%,+91.42%,0.7657,1,✗ No,budget_exceeded
1,341,134,02-18,+100.0%,+89.03%,0.7561,3,✗ No,budget_exceeded
1,341,176,02-18,+100.0%,+83.56%,0.7342,11,✗ No,budget_exceeded
1,341,217,02-18,+100.0%,+78.22%,0.7129,29,✗ No,budget_exceeded
1,341,259,02-18,+100.0%,+66.67%,0.6667,51,✗ No,budget_exceeded
1,341,300,02-18,+100.0%,+55.42%,0.6217,65,✗ No,budget_exceeded
1,341,341,02-18,+98.3%,+32.92%,0.5334,86,✓ Yes,completed
1,381,93,02-18,+100.0%,+91.42%,0.7657,1,✗ No,budget_exceeded
1,381,134,02-18,+100.0%,+88.98%,0.7559,3,✗ No,budget_exceeded
1,381,175,02-18,+100.0%,+82.97%,0.7319,11,✗ No,budget_exceeded
1,381,216,02-18,+100.0%,+75.41%,0.7016,30,✗ No,budget_exceeded
1,381,258,02-18,+100.0%,+57.62%,0.6305,53,✗ No,budget_exceeded
1,381,299,02-18,+97.3%,+32.33%,0.5320,63,✓ Yes,completed
1,381,340,02-18,+90.8%,+31.40%,0.5348,67,✓ Yes,completed
1,381,381,02-18,+84.4%,+29.43%,0.5333,81,✓ Yes,completed
1,420,93,02-18,+100.0%,+91.42%,0.7657,1,✗ No,budget_exceeded
1,420,134,02-18,+100.0%,+90.17%,0.7607,2,✗ No,budget_exceeded
1,420,175,02-18,+100.0%,+80.38%,0.7215,9,✗ No,budget_exceeded
1,420,216,02-18,+99.0%,+29.30%,0.5182,35,✓ Yes,completed
1,420,257,02-18,+89.6%,+29.15%,0.5270,47,✓ Yes,completed
1,420,298,02-18,+85.4%,+28.50%,0.5286,51,✓ Yes,completed
1,420,339,02-18,+79.6%,+27.28%,0.5295,55,✓ Yes,completed
1,420,379,02-18,+73.6%,+25.24%,0.5274,57,✓ Yes,completed
1,420,420,02-18,+64.3%,+23.26%,0.5287,78,✓ Yes,completed
1,460,93,02-18,+100.0%,+91.42%,0.7657,1,✗ No,budget_exceeded
1,460,134,02-18,+100.0%,+89.78%,0.7591,2,✗ No,budget_exceeded
1,460,175,02-18,+100.0%,+79.13%,0.7165,9,✗ No,budget_exceeded
1,460,215,02-18,+87.8%,+26.17%,0.5169,25,✓ Yes,completed
1,460,256,02-18,+74.0%,+23.01%,0.5180,35,✓ Yes,completed
1,460,297,02-18,+66.2%,+22.51%,0.5238,37,✓ Yes,completed
1,460,338,02-18,+62.8%,+21.93%,0.5249,39,✓ Yes,completed
1,460,378,02-18,+60.2%,+21.59%,0.5262,40,✓ Yes,completed
1,460,419,02-18,+55.8%,+20.38%,0.5257,45,✓ Yes,completed
1,460,460,02-18,+48.7%,+17.66%,0.5219,60,✓ Yes,completed
1,499,93,02-18,+100.0%,+91.42%,0.7657,1,✗ No,budget_exceeded
1,499,134,02-18,+100.0%,+89.49%,0.7579,2,✗ No,budget_exceeded
1,499,174,02-18,+100.0%,+75.79%,0.7031,8,✗ No,budget_exceeded
1,499,215,02-18,+80.6%,+22.28%,0.5085,22,✓ Yes,completed
1,499,256,02-18,+60.1%,+18.60%,0.5143,27,✓ Yes,completed
1,499,296,02-18,+49.7%,+16.10%,0.5147,29,✓ Yes,completed
1,499,337,02-18,+46.8%,+16.04%,0.5173,29,✓ Yes,completed
1,499,377,02-18,+45.6%,+16.02%,0.5185,29,✓ Yes,completed
1,499,418,02-18,+42.3%,+15.32%,0.5190,34,✓ Yes,completed
1,499,459,02-18,+37.6%,+13.27%,0.5155,39,✓ Yes,completed
1,499,499,02-18,+30.3%,+10.53%,0.5118,49,✓ Yes,completed
1,539,93,02-18,+100.0%,+91.42%,0.7657,1,✗ No,budget_exceeded
1,539,130,02-18,+100.0%,+91.42%,0.7657,1,✗ No,budget_exceeded
1,539,167,02-18,+88.4%,+20.80%,0.4948,6,✓ Yes,completed
1,539,205,02-18,+72.6%,+16.80%,0.4946,10,✓ Yes,completed
1,539,242,02-18,+51.8%,+13.45%,0.5020,15,✓ Yes,completed
1,539,279,02-18,+35.7%,+10.24%,0.5053,17,✓ Yes,completed
1,539,316,02-18,+34.8%,+10.07%,0.5055,17,✓ Yes,completed
1,539,353,02-18,+32.5%,+9.80%,0.5067,17,✓ Yes,completed
1,539,390,02-18,+31.8%,+9.70%,0.5070,17,✓ Yes,completed
1,539,427,02-18,+28.3%,+9.30%,0.5089,21,✓ Yes,completed
1,539,465,02-18,+22.4%,+7.12%,0.5061,23,✓ Yes,completed
1,539,502,02-18,+19.3%,+6.94%,0.5084,24,✓ Yes,completed
1,539,539,02-18,+15.5%,+6.50%,0.5105,27,✓ Yes,completed
1,183,93,03-14,+100.0%,+91.42%,0.7657,1,✗ No,budget_exceeded
1,183,138,03-14,+100.0%,+89.97%,0.7599,7,✗ No,budget_exceeded
1,183,183,03-14,+100.0%,+82.06%,0.7282,40,✗ No,budget_exceeded
1,223,93,03-14,+100.0%,+91.42%,0.7657,1,✗ No,budget_exceeded
1,223,136,03-14,+100.0%,+89.54%,0.7582,7,✗ No,budget_exceeded
1,223,180,03-14,+100.0%,+80.13%,0.7205,37,✗ No,budget_exceeded
1,223,223,03-14,+100.0%,+71.16%,0.6846,67,✗ No,budget_exceeded
1,262,93,03-14,+100.0%,+91.42%,0.7657,1,✗ No,budget_exceeded
1,262,135,03-14,+100.0%,+89.12%,0.7565,6,✗ No,budget_exceeded
1,262,178,03-14,+100.0%,+75.69%,0.7028,39,✗ No,budget_exceeded
1,262,220,03-14,+100.0%,+63.75%,0.6550,63,✗ No,budget_exceeded
1,262,262,03-14,+100.0%,+49.88%,0.5995,100,✗ No,budget_exceeded
1,302,93,03-14,+100.0%,+91.42%,0.7657,1,✗ No,budget_exceeded
1,302,135,03-14,+100.0%,+88.93%,0.7557,6,✗ No,budget_exceeded
1,302,177,03-14,+100.0%,+67.38%,0.6695,40,✗ No,budget_exceeded
1,302,218,03-14,+100.0%,+49.18%,0.5967,61,✗ No,budget_exceeded
1,302,260,03-14,+100.0%,+37.07%,0.5483,78,✗ No,budget_exceeded
1,302,302,03-14,+88.6%,+35.82%,0.5547,86,✓ Yes,completed
1,341,93,03-14,+100.0%,+91.42%,0.7657,1,✗ No,budget_exceeded
1,341,134,03-14,+100.0%,+82.97%,0.7319,6,✗ No,budget_exceeded
1,341,176,03-14,+100.0%,+39.24%,0.5570,43,✗ No,budget_exceeded
1,341,217,03-14,+91.0%,+34.67%,0.5477,53,✓ Yes,completed
1,341,259,03-14,+83.5%,+34.03%,0.5526,62,✓ Yes,completed
1,341,300,03-14,+71.9%,+33.34%,0.5615,60,✓ Yes,completed
1,341,341,03-14,+64.2%,+31.43%,0.5615,69,✓ Yes,completed
1,381,93,03-14,+100.0%,+91.42%,0.7657,1,✗ No,budget_exceeded
1,381,134,03-14,+100.0%,+76.07%,0.7043,6,✗ No,budget_exceeded
1,381,175,03-14,+87.1%,+31.40%,0.5385,30,✓ Yes,completed
1,381,216,03-14,+74.0%,+31.76%,0.5531,36,✓ Yes,completed
1,381,258,03-14,+68.0%,+31.47%,0.5579,46,✓ Yes,completed
1,381,299,03-14,+63.2%,+30.68%,0.5595,48,✓ Yes,completed
1,381,340,03-14,+58.5%,+28.94%,0.5572,52,✓ Yes,completed
1,381,381,03-14,+54.0%,+27.07%,0.5543,58,✓ Yes,completed
1,420,93,03-14,+100.0%,+91.42%,0.7657,1,✗ No,budget_exceeded
1,420,134,03-14,+100.0%,+75.24%,0.7009,5,✗ No,budget_exceeded
1,420,175,03-14,+72.9%,+29.02%,0.5432,18,✓ Yes,completed
1,420,216,03-14,+63.1%,+27.97%,0.5488,28,✓ Yes,completed
1,420,257,03-14,+56.8%,+26.66%,0.5499,38,✓ Yes,completed
1,420,298,03-14,+53.9%,+25.93%,0.5498,40,✓ Yes,completed
1,420,339,03-14,+49.5%,+25.18%,0.5513,42,✓ Yes,completed
1,420,379,03-14,+46.1%,+24.35%,0.5513,43,✓ Yes,completed
1,420,420,03-14,+41.0%,+22.05%,0.5472,58,✓ Yes,completed
1,460,93,03-14,+100.0%,+91.42%,0.7657,1,✗ No,budget_exceeded
1,460,134,03-14,+100.0%,+36.34%,0.5453,5,✗ No,budget_exceeded
1,460,175,03-14,+65.7%,+26.17%,0.5390,14,✓ Yes,completed
1,460,215,03-14,+53.9%,+23.28%,0.5392,20,✓ Yes,completed
1,460,256,03-14,+44.3%,+21.68%,0.5424,29,✓ Yes,completed
1,460,297,03-14,+41.8%,+21.30%,0.5434,31,✓ Yes,completed
1,460,338,03-14,+39.0%,+20.56%,0.5433,32,✓ Yes,completed
1,460,378,03-14,+36.8%,+19.80%,0.5424,33,✓ Yes,completed
1,460,419,03-14,+33.5%,+18.37%,0.5400,35,✓ Yes,completed
1,460,460,03-14,+29.4%,+15.97%,0.5345,42,✓ Yes,completed
1,499,93,03-14,+100.0%,+91.42%,0.7657,1,✗ No,budget_exceeded
1,499,134,03-14,+100.0%,+28.15%,0.5126,5,✗ No,budget_exceeded
1,499,174,03-14,+61.3%,+23.71%,0.5336,13,✓ Yes,completed
1,499,215,03-14,+49.6%,+20.99%,0.5344,18,✓ Yes,completed
1,499,256,03-14,+33.8%,+16.14%,0.5308,23,✓ Yes,completed
1,499,296,03-14,+28.0%,+13.99%,0.5279,24,✓ Yes,completed
1,499,337,03-14,+27.1%,+14.02%,0.5290,24,✓ Yes,completed
1,499,377,03-14,+26.1%,+13.75%,0.5289,24,✓ Yes,completed
1,499,418,03-14,+24.1%,+13.33%,0.5293,26,✓ Yes,completed
1,499,459,03-14,+21.1%,+12.97%,0.5308,26,✓ Yes,completed
1,499,499,03-14,+17.0%,+10.56%,0.5252,33,✓ Yes,completed
1,539,93,03-14,+100.0%,+91.42%,0.7657,1,✗ No,budget_exceeded
1,539,130,03-14,+89.3%,+23.75%,0.5057,1,✓ Yes,completed
1,539,167,03-14,+44.1%,+16.02%,0.5199,6,✓ Yes,completed
1,539,205,03-14,+33.7%,+13.52%,0.5204,8,✓ Yes,completed
1,539,242,03-14,+26.5%,+11.20%,0.5183,12,✓ Yes,completed
1,539,279,03-14,+16.5%,+8.87%,0.5190,13,✓ Yes,completed
1,539,316,03-14,+15.9%,+9.01%,0.5202,13,✓ Yes,completed
1,539,353,03-14,+15.4%,+8.91%,0.5202,13,✓ Yes,completed
1,539,390,03-14,+15.0%,+8.65%,0.5197,13,✓ Yes,completed
1,539,427,03-14,+13.7%,+8.29%,0.5195,14,✓ Yes,completed
1,539,465,03-14,+11.2%,+7.15%,0.5174,14,✓ Yes,completed
1,539,502,03-14,+9.7%,+6.52%,0.5164,14,✓ Yes,completed
1,539,539,03-14,+8.3%,+5.53%,0.5138,16,✓ Yes,completed
1,183,93,04-07,+100.0%,+91.42%,0.7657,1,✗ No,budget_exceeded
1,183,138,04-07,+100.0%,+84.78%,0.7391,25,✗ No,budget_exceeded
1,183,183,04-07,+100.0%,+69.93%,0.6797,70,✗ No,budget_exceeded
1,223,93,04-07,+100.0%,+91.42%,0.7657,1,✗ No,budget_exceeded
1,223,136,04-07,+100.0%,+82.73%,0.7309,23,✗ No,budget_exceeded
1,223,180,04-07,+100.0%,+66.70%,0.6668,65,✗ No,budget_exceeded
1,223,223,04-07,+100.0%,+55.73%,0.6229,94,✗ No,budget_exceeded
1,262,93,04-07,+100.0%,+91.42%,0.7657,1,✗ No,budget_exceeded
1,262,135,04-07,+100.0%,+77.76%,0.7110,25,✗ No,budget_exceeded
1,262,178,04-07,+100.0%,+59.84%,0.6394,65,✗ No,budget_exceeded
1,262,220,04-07,+100.0%,+47.23%,0.5889,84,✗ No,budget_exceeded
1,262,262,04-07,+100.0%,+37.00%,0.5480,114,✗ No,budget_exceeded
1,302,93,04-07,+100.0%,+91.42%,0.7657,1,✗ No,budget_exceeded
1,302,135,04-07,+100.0%,+66.68%,0.6667,22,✗ No,budget_exceeded
1,302,177,04-07,+100.0%,+45.75%,0.5830,54,✗ No,budget_exceeded
1,302,218,04-07,+100.0%,+34.64%,0.5386,75,✗ No,budget_exceeded
1,302,260,04-07,+100.0%,+26.32%,0.5053,85,✗ No,budget_exceeded
1,302,302,04-07,+72.7%,+26.75%,0.5343,82,✓ Yes,completed
1,341,93,04-07,+100.0%,+91.42%,0.7657,1,✗ No,budget_exceeded
1,341,134,04-07,+100.0%,+50.38%,0.6015,19,✗ No,budget_exceeded
1,341,176,04-07,+100.0%,+27.21%,0.5089,48,✗ No,budget_exceeded
1,341,217,04-07,+74.1%,+24.96%,0.5257,55,✓ Yes,completed
1,341,259,04-07,+63.5%,+25.49%,0.5385,54,✓ Yes,completed
1,341,300,04-07,+53.0%,+25.37%,0.5485,51,✓ Yes,completed
1,341,341,04-07,+44.8%,+23.89%,0.5508,63,✓ Yes,completed
1,381,93,04-07,+100.0%,+91.42%,0.7657,1,✗ No,budget_exceeded
1,381,134,04-07,+100.0%,+36.09%,0.5443,13,✗ No,budget_exceeded
1,381,175,04-07,+63.6%,+22.10%,0.5248,28,✓ Yes,completed
1,381,216,04-07,+49.1%,+23.16%,0.5435,32,✓ Yes,completed
1,381,258,04-07,+44.9%,+23.16%,0.5477,35,✓ Yes,completed
1,381,299,04-07,+42.2%,+22.35%,0.5472,36,✓ Yes,completed
1,381,340,04-07,+36.9%,+21.11%,0.5475,37,✓ Yes,completed
1,381,381,04-07,+30.5%,+20.24%,0.5505,38,✓ Yes,completed
1,420,93,04-07,+100.0%,+91.42%,0.7657,1,✗ No,budget_exceeded
1,420,134,04-07,+100.0%,+30.62%,0.5225,10,✗ No,budget_exceeded
1,420,175,04-07,+45.0%,+19.96%,0.5348,19,✓ Yes,completed
1,420,216,04-07,+36.5%,+19.02%,0.5396,22,✓ Yes,completed
1,420,257,04-07,+30.5%,+18.87%,0.5449,23,✓ Yes,completed
1,420,298,04-07,+29.0%,+18.86%,0.5465,24,✓ Yes,completed
1,420,339,04-07,+25.9%,+17.91%,0.5457,26,✓ Yes,completed
1,420,379,04-07,+23.5%,+16.79%,0.5437,27,✓ Yes,completed
1,420,420,04-07,+20.5%,+15.31%,0.5408,37,✓ Yes,completed
1,460,93,04-07,+100.0%,+91.42%,0.7657,1,✗ No,budget_exceeded
1,460,134,04-07,+100.0%,+16.07%,0.4643,7,✗ No,budget_exceeded
1,460,175,04-07,+35.6%,+16.52%,0.5305,12,✓ Yes,completed
1,460,215,04-07,+28.0%,+16.83%,0.5393,14,✓ Yes,completed
1,460,256,04-07,+22.2%,+14.48%,0.5358,17,✓ Yes,completed
1,460,297,04-07,+20.8%,+14.51%,0.5373,18,✓ Yes,completed
1,460,338,04-07,+18.4%,+13.40%,0.5352,19,✓ Yes,completed
1,460,378,04-07,+16.8%,+12.65%,0.5338,20,✓ Yes,completed
1,460,419,04-07,+15.3%,+11.59%,0.5310,20,✓ Yes,completed
1,460,460,04-07,+12.7%,+9.66%,0.5259,24,✓ Yes,completed
1,499,93,04-07,+100.0%,+91.24%,0.7650,1,✗ No,budget_exceeded
1,499,134,04-07,+60.2%,+13.77%,0.4948,4,✓ Yes,completed
1,499,174,04-07,+29.7%,+15.14%,0.5308,9,✓ Yes,completed
1,499,215,04-07,+24.2%,+13.99%,0.5317,12,✓ Yes,completed
1,499,256,04-07,+14.7%,+9.26%,0.5224,13,✓ Yes,completed
1,499,296,04-07,+10.2%,+6.88%,0.5173,13,✓ Yes,completed
1,499,337,04-07,+9.7%,+6.67%,0.5170,13,✓ Yes,completed
1,499,377,04-07,+9.1%,+6.45%,0.5167,13,✓ Yes,completed
1,499,418,04-07,+8.5%,+6.39%,0.5171,13,✓ Yes,completed
1,499,459,04-07,+7.5%,+5.75%,0.5155,13,✓ Yes,completed
1,499,499,04-07,+5.6%,+4.32%,0.5117,16,✓ Yes,completed
1,539,93,04-07,+100.0%,+89.56%,0.7583,1,✗ No,budget_exceeded
1,539,130,04-07,+43.5%,+14.03%,0.5126,1,✓ Yes,completed
1,539,167,04-07,+13.0%,+5.93%,0.5108,2,✓ Yes,completed
1,539,205,04-07,+8.5%,+4.40%,0.5091,3,✓ Yes,completed
1,539,242,04-07,+8.3%,+4.46%,0.5095,3,✓ Yes,completed
1,539,279,04-07,+3.0%,+2.61%,0.5074,3,✓ Yes,completed
1,539,316,04-07,+2.8%,+2.61%,0.5076,3,✓ Yes,completed
1,539,353,04-07,+2.7%,+2.56%,0.5075,3,✓ Yes,completed
1,539,390,04-07,+2.6%,+2.47%,0.5073,3,✓ Yes,completed
1,539,427,04-07,+2.5%,+2.38%,0.5070,3,✓ Yes,completed
1,539,465,04-07,+2.3%,+2.20%,0.5065,3,✓ Yes,completed
1,539,502,04-07,+2.1%,+1.98%,0.5059,3,✓ Yes,completed
1,539,539,04-07,+1.8%,+1.74%,0.5051,3,✓ Yes,completed
1,183,93,05-01,+100.0%,+91.42%,0.7657,1,✗ No,budget_exceeded
1,183,138,05-01,+100.0%,+76.16%,0.7046,40,✗ No,budget_exceeded
1,183,183,05-01,+100.0%,+62.36%,0.6494,74,✗ No,budget_exceeded
1,223,93,05-01,+100.0%,+91.42%,0.7657,1,✗ No,budget_exceeded
1,223,136,05-01,+100.0%,+74.60%,0.6984,36,✗ No,budget_exceeded
1,223,180,05-01,+100.0%,+58.64%,0.6345,66,✗ No,budget_exceeded
1,223,223,05-01,+100.0%,+46.43%,0.5857,93,✗ No,budget_exceeded
1,262,93,05-01,+100.0%,+91.42%,0.7657,1,✗ No,budget_exceeded
1,262,135,05-01,+100.0%,+69.18%,0.6767,34,✗ No,budget_exceeded
1,262,178,05-01,+100.0%,+50.40%,0.6016,65,✗ No,budget_exceeded
1,262,220,05-01,+100.0%,+30.17%,0.5207,88,✗ No,budget_exceeded
1,262,262,05-01,+99.8%,+14.40%,0.4578,121,✓ Yes,completed
1,302,93,05-01,+100.0%,+91.42%,0.7657,1,✗ No,budget_exceeded
1,302,135,05-01,+100.0%,+53.69%,0.6148,24,✗ No,budget_exceeded
1,302,177,05-01,+100.0%,+22.63%,0.4905,61,✗ No,budget_exceeded
1,302,218,05-01,+90.9%,+13.39%,0.4627,75,✓ Yes,completed
1,302,260,05-01,+78.0%,+12.63%,0.4725,73,✓ Yes,completed
1,302,302,05-01,+66.8%,+10.23%,0.4741,81,✓ Yes,completed
1,341,93,05-01,+100.0%,+91.42%,0.7657,1,✗ No,budget_exceeded
1,341,134,05-01,+100.0%,+38.77%,0.5551,19,✗ No,budget_exceeded
1,341,176,05-01,+79.0%,+8.58%,0.4554,45,✓ Yes,completed
1,341,217,05-01,+67.5%,+8.32%,0.4658,55,✓ Yes,completed
1,341,259,05-01,+59.5%,+8.50%,0.4745,55,✓ Yes,completed
1,341,300,05-01,+42.7%,+9.50%,0.4953,48,✓ Yes,completed
1,341,341,05-01,+28.1%,+9.07%,0.5081,54,✓ Yes,completed
1,381,93,05-01,+100.0%,+91.42%,0.7657,1,✗ No,budget_exceeded
1,381,134,05-01,+100.0%,+9.35%,0.4374,17,✗ No,budget_exceeded
1,381,175,05-01,+52.8%,+4.69%,0.4660,26,✓ Yes,completed
1,381,216,05-01,+28.5%,+7.61%,0.5019,28,✓ Yes,completed
1,381,258,05-01,+24.5%,+8.12%,0.5079,26,✓ Yes,completed
1,381,299,05-01,+21.7%,+8.12%,0.5108,25,✓ Yes,completed
1,381,340,05-01,+19.0%,+7.51%,0.5110,24,✓ Yes,completed
1,381,381,05-01,+15.6%,+7.07%,0.5126,24,✓ Yes,completed
1,420,93,05-01,+100.0%,+91.42%,0.7657,1,✗ No,budget_exceeded
1,420,134,05-01,+83.3%,-0.19%,0.4160,10,✓ Yes,completed
1,420,175,05-01,+19.5%,+4.46%,0.4984,13,✓ Yes,completed
1,420,216,05-01,+10.6%,+5.51%,0.5115,13,✓ Yes,completed
1,420,257,05-01,+10.0%,+5.72%,0.5129,13,✓ Yes,completed
1,420,298,05-01,+9.5%,+5.44%,0.5123,13,✓ Yes,completed
1,420,339,05-01,+8.9%,+5.27%,0.5122,13,✓ Yes,completed
1,420,379,05-01,+7.8%,+4.71%,0.5110,13,✓ Yes,completed
1,420,420,05-01,+6.2%,+3.90%,0.5094,16,✓ Yes,completed
1,460,93,05-01,+100.0%,+91.42%,0.7657,1,✗ No,budget_exceeded
1,460,134,05-01,+69.3%,-3.65%,0.4161,7,✓ Yes,completed
1,460,175,05-01,+5.4%,+2.61%,0.5050,6,✓ Yes,completed
1,460,215,05-01,+5.0%,+2.79%,0.5061,6,✓ Yes,completed
1,460,256,05-01,+4.8%,+2.85%,0.5066,6,✓ Yes,completed
1,460,297,05-01,+4.6%,+2.85%,0.5068,6,✓ Yes,completed
1,460,338,05-01,+4.4%,+2.76%,0.5066,6,✓ Yes,completed
1,460,378,05-01,+4.1%,+2.56%,0.5061,6,✓ Yes,completed
1,460,419,05-01,+3.7%,+2.44%,0.5061,6,✓ Yes,completed
1,460,460,05-01,+2.2%,+2.12%,0.5062,7,✓ Yes,completed
1,499,93,05-01,+100.0%,+52.79%,0.6111,1,✗ No,budget_exceeded
1,499,134,05-01,+15.3%,-0.68%,0.4819,3,✓ Yes,completed
1,499,174,05-01,+1.7%,+1.24%,0.5033,2,✓ Yes,completed
1,499,215,05-01,+1.6%,+1.30%,0.5036,2,✓ Yes,completed
1,499,256,05-01,+1.5%,+1.32%,0.5038,2,✓ Yes,completed
1,499,296,05-01,+1.4%,+1.33%,0.5039,2,✓ Yes,completed
1,499,337,05-01,+1.3%,+1.33%,0.5040,2,✓ Yes,completed
1,499,377,05-01,+1.3%,+1.32%,0.5040,2,✓ Yes,completed
1,499,418,05-01,+1.1%,+1.28%,0.5040,2,✓ Yes,completed
1,499,459,05-01,+1.0%,+1.21%,0.5039,2,✓ Yes,completed
1,499,499,05-01,+0.5%,+0.66%,0.5021,5,✓ Yes,completed
1,539,93,05-01,+0.0%,+0.00%,0.5000,0,✓ Yes,completed
1,539,130,05-01,+0.0%,+0.00%,0.5000,0,✓ Yes,completed
1,539,167,05-01,+0.0%,+0.00%,0.5000,0,✓ Yes,completed
1,539,205,05-01,+0.0%,+0.00%,0.5000,0,✓ Yes,completed
1,539,242,05-01,+0.0%,+0.00%,0.5000,0,✓ Yes,completed
1,539,279,05-01,+0.0%,+0.00%,0.5000,0,✓ Yes,completed
1,539,316,05-01,+0.0%,+0.00%,0.5000,0,✓ Yes,completed
1,539,353,05-01,+0.0%,+0.00%,0.5000,0,✓ Yes,completed
1,539,390,05-01,+0.0%,+0.00%,0.5000,0,✓ Yes,completed
1,539,427,05-01,+0.0%,+0.00%,0.5000,0,✓ Yes,completed
1,539,465,05-01,+0.0%,+0.00%,0.5000,0,✓ Yes,completed
1,539,502,05-01,+0.0%,+0.00%,0.5000,0,✓ Yes,completed
1,539,539,05-01,+0.0%,+0.00%,0.5000,0,✓ Yes,completed
1,183,93,05-24,+100.0%,+91.42%,0.7657,1,✗ No,budget_exceeded
1,183,138,05-24,+100.0%,+79.61%,0.7184,31,✗ No,budget_exceeded
1,183,183,05-24,+100.0%,+65.56%,0.6623,73,✗ No,budget_exceeded
1,223,93,05-24,+100.0%,+91.42%,0.7657,1,✗ No,budget_exceeded
1,223,136,05-24,+100.0%,+78.32%,0.7133,28,✗ No,budget_exceeded
1,223,180,05-24,+100.0%,+61.94%,0.6478,60,✗ No,budget_exceeded
1,223,223,05-24,+100.0%,+48.18%,0.5927,94,✗ No,budget_exceeded
1,262,93,05-24,+100.0%,+91.42%,0.7657,1,✗ No,budget_exceeded
1,262,135,05-24,+100.0%,+74.35%,0.6974,26,✗ No,budget_exceeded
1,262,178,05-24,+100.0%,+54.31%,0.6172,61,✗ No,budget_exceeded
1,262,220,05-24,+100.0%,+38.77%,0.5551,86,✗ No,budget_exceeded
1,262,262,05-24,+100.0%,+24.23%,0.4969,117,✗ No,budget_exceeded
1,302,93,05-24,+100.0%,+87.58%,0.7503,1,✗ No,budget_exceeded
1,302,135,05-24,+100.0%,+52.93%,0.6117,20,✗ No,budget_exceeded
1,302,177,05-24,+100.0%,+32.87%,0.5315,56,✗ No,budget_exceeded
1,302,218,05-24,+100.0%,+18.77%,0.4751,76,✗ No,budget_exceeded
1,302,260,05-24,+83.5%,+17.49%,0.4864,74,✓ Yes,completed
1,302,302,05-24,+63.1%,+17.07%,0.5052,73,✓ Yes,completed
1,341,93,05-24,+100.0%,+80.83%,0.7233,1,✗ No,budget_exceeded
1,341,134,05-24,+100.0%,+40.03%,0.5601,18,✗ No,budget_exceeded
1,341,176,05-24,+100.0%,+13.13%,0.4525,51,✗ No,budget_exceeded
1,341,217,05-24,+68.7%,+15.75%,0.4943,53,✓ Yes,completed
1,341,259,05-24,+58.0%,+16.46%,0.5079,51,✓ Yes,completed
1,341,300,05-24,+52.1%,+16.20%,0.5127,50,✓ Yes,completed
1,341,341,05-24,+39.3%,+14.66%,0.5194,64,✓ Yes,completed
1,381,93,05-24,+100.0%,+75.81%,0.7032,1,✗ No,budget_exceeded
1,381,134,05-24,+100.0%,+21.99%,0.4880,16,✗ No,budget_exceeded
1,381,175,05-24,+61.6%,+12.20%,0.4872,28,✓ Yes,completed
1,381,216,05-24,+45.0%,+13.79%,0.5102,33,✓ Yes,completed
1,381,258,05-24,+39.5%,+13.70%,0.5153,34,✓ Yes,completed
1,381,299,05-24,+36.1%,+12.96%,0.5157,33,✓ Yes,completed
1,381,340,05-24,+32.1%,+10.99%,0.5118,35,✓ Yes,completed
1,381,381,05-24,+28.6%,+9.51%,0.5095,39,✓ Yes,completed
1,420,93,05-24,+100.0%,+55.20%,0.6208,1,✗ No,budget_exceeded
1,420,134,05-24,+100.0%,+4.18%,0.4167,12,✗ No,budget_exceeded
1,420,175,05-24,+42.8%,+10.20%,0.4980,14,✓ Yes,completed
1,420,216,05-24,+31.9%,+8.38%,0.5016,20,✓ Yes,completed
1,420,257,05-24,+29.4%,+8.03%,0.5027,22,✓ Yes,completed
1,420,298,05-24,+27.3%,+8.26%,0.5058,23,✓ Yes,completed
1,420,339,05-24,+24.9%,+7.88%,0.5066,25,✓ Yes,completed
1,420,379,05-24,+22.9%,+7.29%,0.5062,25,✓ Yes,completed
1,420,420,05-24,+19.3%,+5.66%,0.5034,30,✓ Yes,completed
1,460,93,05-24,+100.0%,+54.92%,0.6197,1,✗ No,budget_exceeded
1,460,134,05-24,+84.5%,+4.65%,0.4341,8,✓ Yes,completed
1,460,175,05-24,+37.6%,+8.90%,0.4980,10,✓ Yes,completed
1,460,215,05-24,+27.2%,+6.06%,0.4971,17,✓ Yes,completed
1,460,256,05-24,+24.7%,+6.11%,0.4997,19,✓ Yes,completed
1,460,297,05-24,+22.7%,+5.88%,0.5008,20,✓ Yes,completed
1,460,338,05-24,+20.3%,+5.09%,0.5000,22,✓ Yes,completed
1,460,378,05-24,+18.7%,+4.77%,0.5004,22,✓ Yes,completed
1,460,419,05-24,+13.3%,+4.76%,0.5057,19,✓ Yes,completed
1,460,460,05-24,+9.9%,+3.59%,0.5045,24,✓ Yes,completed
1,499,93,05-24,+100.0%,+52.60%,0.6104,1,✗ No,budget_exceeded
1,499,134,05-24,+51.3%,+3.59%,0.4630,4,✓ Yes,completed
1,499,174,05-24,+25.0%,+2.47%,0.4849,7,✓ Yes,completed
1,499,215,05-24,+12.1%,+2.66%,0.4985,9,✓ Yes,completed
1,499,256,05-24,+10.2%,+2.51%,0.4998,11,✓ Yes,completed
1,499,296,05-24,+9.5%,+2.38%,0.5000,11,✓ Yes,completed
1,499,337,05-24,+9.0%,+2.56%,0.5013,11,✓ Yes,completed
1,499,377,05-24,+8.4%,+2.80%,0.5028,11,✓ Yes,completed
1,499,418,05-24,+7.5%,+2.79%,0.5037,11,✓ Yes,completed
1,499,459,05-24,+6.5%,+2.93%,0.5052,11,✓ Yes,completed
1,499,499,05-24,+4.6%,+1.70%,0.5022,18,✓ Yes,completed
1,539,93,05-24,+100.0%,-1.12%,0.3955,1,✗ No,budget_exceeded
1,539,130,05-24,+28.8%,-0.17%,0.4705,1,✓ Yes,completed
1,539,167,05-24,+5.5%,+0.43%,0.4963,2,✓ Yes,completed
1,539,205,05-24,+5.4%,+0.51%,0.4967,2,✓ Yes,completed
1,539,242,05-24,+1.1%,+0.40%,0.5005,1,✓ Yes,completed
1,539,279,05-24,+0.8%,+0.53%,0.5013,1,✓ Yes,completed
1,539,316,05-24,+0.8%,+0.54%,0.5014,1,✓ Yes,completed
1,539,353,05-24,+0.8%,+0.53%,0.5014,1,✓ Yes,completed
1,539,390,05-24,+0.7%,+0.49%,0.5013,1,✓ Yes,completed
1,539,427,05-24,+0.6%,+0.45%,0.5012,1,✓ Yes,completed
1,539,465,05-24,+0.5%,+0.38%,0.5010,1,✓ Yes,completed
1,539,502,05-24,+0.5%,+0.34%,0.5009,1,✓ Yes,completed
1,539,539,05-24,+0.4%,+0.23%,0.5006,1,✓ Yes,completed
2,261,261,02-10,+100.0%,+78.43%,0.7137,44,✗ No,budget_exceeded
2,261,261,02-10,+100.0%,+78.43%,0.7137,44,✗ No,budget_exceeded
2,279,261,02-10,+100.0%,+77.83%,0.7113,40,✗ No,budget_exceeded
2,279,279,02-10,+100.0%,+75.99%,0.7040,46,✗ No,budget_exceeded
2,297,261,02-10,+100.0%,+76.95%,0.7078,41,✗ No,budget_exceeded
2,297,297,02-10,+100.0%,+73.64%,0.6946,52,✗ No,budget_exceeded
2,315,261,02-10,+100.0%,+76.12%,0.7045,42,✗ No,budget_exceeded
2,315,288,02-10,+100.0%,+73.40%,0.6936,49,✗ No,budget_exceeded
2,315,315,02-10,+100.0%,+71.12%,0.6845,57,✗ No,budget_exceeded
2,332,261,02-10,+100.0%,+74.44%,0.6977,42,✗ No,budget_exceeded
2,332,285,02-10,+100.0%,+71.99%,0.6880,47,✗ No,budget_exceeded
2,332,309,02-10,+100.0%,+70.16%,0.6806,51,✗ No,budget_exceeded
2,332,332,02-10,+100.0%,+66.43%,0.6657,62,✗ No,budget_exceeded
2,350,261,02-10,+100.0%,+73.53%,0.6941,43,✗ No,budget_exceeded
2,350,279,02-10,+100.0%,+71.49%,0.6860,47,✗ No,budget_exceeded
2,350,297,02-10,+100.0%,+70.61%,0.6824,47,✗ No,budget_exceeded
2,350,315,02-10,+100.0%,+66.37%,0.6655,54,✗ No,budget_exceeded
2,350,332,02-10,+100.0%,+64.75%,0.6590,56,✗ No,budget_exceeded
2,350,350,02-10,+100.0%,+57.30%,0.6292,67,✗ No,budget_exceeded
2,368,261,02-10,+100.0%,+72.47%,0.6899,43,✗ No,budget_exceeded
2,368,279,02-10,+100.0%,+70.37%,0.6815,47,✗ No,budget_exceeded
2,368,297,02-10,+100.0%,+69.20%,0.6768,48,✗ No,budget_exceeded
2,368,315,02-10,+100.0%,+64.72%,0.6589,55,✗ No,budget_exceeded
2,368,332,02-10,+100.0%,+62.94%,0.6518,57,✗ No,budget_exceeded
2,368,350,02-10,+100.0%,+54.49%,0.6180,63,✗ No,budget_exceeded
2,368,368,02-10,+100.0%,+48.52%,0.5941,78,✗ No,budget_exceeded
2,386,261,02-10,+100.0%,+71.18%,0.6847,42,✗ No,budget_exceeded
2,386,279,02-10,+100.0%,+68.70%,0.6748,47,✗ No,budget_exceeded
2,386,297,02-10,+100.0%,+66.54%,0.6662,48,✗ No,budget_exceeded
2,386,315,02-10,+100.0%,+56.97%,0.6279,55,✗ No,budget_exceeded
2,386,332,02-10,+100.0%,+54.52%,0.6181,58,✗ No,budget_exceeded
2,386,350,02-10,+100.0%,+48.78%,0.5951,64,✗ No,budget_exceeded
2,386,368,02-10,+99.8%,+32.06%,0.5285,71,✓ Yes,completed
2,386,386,02-10,+95.5%,+30.86%,0.5280,88,✓ Yes,completed
2,404,261,02-10,+100.0%,+66.43%,0.6657,41,✗ No,budget_exceeded
2,404,279,02-10,+100.0%,+63.59%,0.6544,47,✗ No,budget_exceeded
2,404,297,02-10,+100.0%,+56.61%,0.6264,49,✗ No,budget_exceeded
2,404,315,02-10,+100.0%,+48.50%,0.5940,56,✗ No,budget_exceeded
2,404,332,02-10,+100.0%,+41.64%,0.5665,59,✗ No,budget_exceeded
2,404,350,02-10,+98.5%,+31.66%,0.5281,63,✓ Yes,completed
2,404,368,02-10,+94.9%,+30.69%,0.5279,66,✓ Yes,completed
2,404,386,02-10,+90.9%,+29.06%,0.5253,67,✓ Yes,completed
2,404,404,02-10,+86.9%,+27.81%,0.5243,81,✓ Yes,completed
2,421,261,02-10,+100.0%,+52.76%,0.6110,44,✗ No,budget_exceeded
2,421,279,02-10,+100.0%,+40.63%,0.5625,50,✗ No,budget_exceeded
2,421,297,02-10,+99.6%,+30.83%,0.5238,50,✓ Yes,completed
2,421,315,02-10,+96.1%,+30.21%,0.5247,52,✓ Yes,completed
2,421,332,02-10,+94.4%,+29.86%,0.5250,53,✓ Yes,completed
2,421,350,02-10,+91.0%,+28.62%,0.5235,56,✓ Yes,completed
2,421,368,02-10,+87.4%,+27.73%,0.5236,58,✓ Yes,completed
2,421,386,02-10,+83.8%,+27.23%,0.5251,58,✓ Yes,completed
2,421,404,02-10,+79.5%,+26.45%,0.5263,60,✓ Yes,completed
2,421,421,02-10,+75.1%,+25.13%,0.5254,84,✓ Yes,completed
2,261,261,02-21,+100.0%,+71.90%,0.6876,59,✗ No,budget_exceeded
2,261,261,02-21,+100.0%,+71.90%,0.6876,59,✗ No,budget_exceeded
2,279,261,02-21,+100.0%,+70.67%,0.6827,54,✗ No,budget_exceeded
2,279,279,02-21,+100.0%,+68.32%,0.6733,64,✗ No,budget_exceeded
2,297,261,02-21,+100.0%,+69.43%,0.6777,54,✗ No,budget_exceeded
2,297,297,02-21,+100.0%,+62.85%,0.6514,70,✗ No,budget_exceeded
2,315,261,02-21,+100.0%,+68.20%,0.6728,55,✗ No,budget_exceeded
2,315,288,02-21,+100.0%,+61.64%,0.6466,66,✗ No,budget_exceeded
2,315,315,02-21,+100.0%,+55.91%,0.6237,83,✗ No,budget_exceeded
2,332,261,02-21,+100.0%,+62.95%,0.6518,56,✗ No,budget_exceeded
2,332,285,02-21,+100.0%,+57.01%,0.6280,65,✗ No,budget_exceeded
2,332,309,02-21,+100.0%,+43.56%,0.5743,76,✗ No,budget_exceeded
2,332,332,02-21,+97.4%,+34.20%,0.5394,92,✓ Yes,completed
2,350,261,02-21,+100.0%,+57.00%,0.6280,58,✗ No,budget_exceeded
2,350,279,02-21,+100.0%,+40.67%,0.5627,65,✗ No,budget_exceeded
2,350,297,02-21,+99.3%,+34.75%,0.5397,66,✓ Yes,completed
2,350,315,02-21,+95.2%,+33.63%,0.5393,70,✓ Yes,completed
2,350,332,02-21,+92.9%,+32.86%,0.5385,71,✓ Yes,completed
2,350,350,02-21,+89.8%,+32.24%,0.5392,76,✓ Yes,completed
2,368,261,02-21,+99.2%,+34.05%,0.5370,57,✓ Yes,completed
2,368,279,02-21,+96.0%,+33.25%,0.5370,61,✓ Yes,completed
2,368,297,02-21,+94.5%,+33.04%,0.5377,61,✓ Yes,completed
2,368,315,02-21,+91.0%,+32.39%,0.5385,65,✓ Yes,completed
2,368,332,02-21,+89.1%,+31.96%,0.5388,66,✓ Yes,completed
2,368,350,02-21,+86.4%,+31.66%,0.5402,66,✓ Yes,completed
2,368,368,02-21,+84.2%,+30.99%,0.5398,73,✓ Yes,completed
2,386,261,02-21,+96.9%,+33.01%,0.5351,56,✓ Yes,completed
2,386,279,02-21,+93.6%,+32.27%,0.5355,60,✓ Yes,completed
2,386,297,02-21,+92.2%,+32.06%,0.5361,60,✓ Yes,completed
2,386,315,02-21,+87.8%,+31.62%,0.5387,62,✓ Yes,completed
2,386,332,02-21,+85.8%,+31.41%,0.5398,63,✓ Yes,completed
2,386,350,02-21,+84.0%,+30.91%,0.5397,64,✓ Yes,completed
2,386,368,02-21,+81.6%,+30.23%,0.5393,64,✓ Yes,completed
2,386,386,02-21,+78.6%,+29.15%,0.5380,78,✓ Yes,completed
2,404,261,02-21,+91.3%,+31.12%,0.5332,53,✓ Yes,completed
2,404,279,02-21,+87.6%,+30.86%,0.5358,56,✓ Yes,completed
2,404,297,02-21,+86.3%,+30.80%,0.5369,56,✓ Yes,completed
2,404,315,02-21,+82.9%,+30.05%,0.5372,58,✓ Yes,completed
2,404,332,02-21,+81.1%,+29.65%,0.5375,59,✓ Yes,completed
2,404,350,02-21,+79.3%,+29.07%,0.5369,60,✓ Yes,completed
2,404,368,02-21,+77.5%,+28.71%,0.5373,60,✓ Yes,completed
2,404,386,02-21,+74.9%,+27.92%,0.5367,60,✓ Yes,completed
2,404,404,02-21,+71.9%,+26.58%,0.5344,69,✓ Yes,completed
2,421,261,02-21,+82.0%,+28.65%,0.5326,45,✓ Yes,completed
2,421,279,02-21,+80.0%,+28.14%,0.5325,48,✓ Yes,completed
2,421,297,02-21,+79.0%,+28.01%,0.5331,48,✓ Yes,completed
2,421,315,02-21,+75.6%,+27.29%,0.5336,50,✓ Yes,completed
2,421,332,02-21,+73.9%,+26.92%,0.5338,51,✓ Yes,completed
2,421,350,02-21,+72.4%,+26.51%,0.5337,52,✓ Yes,completed
2,421,368,02-21,+70.9%,+25.88%,0.5326,52,✓ Yes,completed
2,421,386,02-21,+69.1%,+25.32%,0.5322,52,✓ Yes,completed
2,421,404,02-21,+66.8%,+24.51%,0.5313,55,✓ Yes,completed
2,421,421,02-21,+63.2%,+23.62%,0.5313,77,✓ Yes,completed
2,261,261,03-04,+100.0%,+66.97%,0.6679,72,✗ No,budget_exceeded
2,261,261,03-04,+100.0%,+66.97%,0.6679,72,✗ No,budget_exceeded
2,279,261,03-04,+100.0%,+65.55%,0.6622,64,✗ No,budget_exceeded
2,279,279,03-04,+100.0%,+58.24%,0.6329,79,✗ No,budget_exceeded
2,297,261,03-04,+100.0%,+59.06%,0.6362,66,✗ No,budget_exceeded
2,297,297,03-04,+100.0%,+42.44%,0.5698,84,✗ No,budget_exceeded
2,315,261,03-04,+100.0%,+52.94%,0.6118,69,✗ No,budget_exceeded
2,315,288,03-04,+100.0%,+39.90%,0.5596,81,✗ No,budget_exceeded
2,315,315,03-04,+91.0%,+37.29%,0.5582,94,✓ Yes,completed
2,332,261,03-04,+100.0%,+37.62%,0.5505,69,✗ No,budget_exceeded
2,332,285,03-04,+91.0%,+37.14%,0.5575,68,✓ Yes,completed
2,332,309,03-04,+87.3%,+36.34%,0.5581,73,✓ Yes,completed
2,332,332,03-04,+82.4%,+35.29%,0.5588,86,✓ Yes,completed
2,350,261,03-04,+89.2%,+36.37%,0.5563,57,✓ Yes,completed
2,350,279,03-04,+86.5%,+35.78%,0.5566,61,✓ Yes,completed
2,350,297,03-04,+84.9%,+35.47%,0.5570,61,✓ Yes,completed
2,350,315,03-04,+80.2%,+34.61%,0.5582,64,✓ Yes,completed
2,350,332,03-04,+78.1%,+33.72%,0.5568,65,✓ Yes,completed
2,350,350,03-04,+75.4%,+32.80%,0.5558,70,✓ Yes,completed
2,368,261,03-04,+83.1%,+34.74%,0.5558,51,✓ Yes,completed
2,368,279,03-04,+81.1%,+34.32%,0.5562,55,✓ Yes,completed
2,368,297,03-04,+79.8%,+34.18%,0.5569,55,✓ Yes,completed
2,368,315,03-04,+76.5%,+33.04%,0.5557,59,✓ Yes,completed
2,368,332,03-04,+74.7%,+32.62%,0.5557,60,✓ Yes,completed
2,368,350,03-04,+73.0%,+31.88%,0.5546,61,✓ Yes,completed
2,368,368,03-04,+70.9%,+31.44%,0.5548,67,✓ Yes,completed
2,386,261,03-04,+81.3%,+34.00%,0.5547,50,✓ Yes,completed
2,386,279,03-04,+79.2%,+33.59%,0.5552,54,✓ Yes,completed
2,386,297,03-04,+78.0%,+33.19%,0.5548,54,✓ Yes,completed
2,386,315,03-04,+74.4%,+32.22%,0.5545,57,✓ Yes,completed
2,386,332,03-04,+72.6%,+31.62%,0.5538,58,✓ Yes,completed
2,386,350,03-04,+70.9%,+31.35%,0.5545,59,✓ Yes,completed
2,386,368,03-04,+68.7%,+30.63%,0.5539,59,✓ Yes,completed
2,386,386,03-04,+65.8%,+30.15%,0.5548,66,✓ Yes,completed
2,404,261,03-04,+77.0%,+32.03%,0.5511,48,✓ Yes,completed
2,404,279,03-04,+74.8%,+31.72%,0.5521,52,✓ Yes,completed
2,404,297,03-04,+73.6%,+31.29%,0.5515,52,✓ Yes,completed
2,404,315,03-04,+70.4%,+30.66%,0.5523,54,✓ Yes,completed
2,404,332,03-04,+68.6%,+30.29%,0.5525,55,✓ Yes,completed
2,404,350,03-04,+66.6%,+30.07%,0.5537,55,✓ Yes,completed
2,404,368,03-04,+64.9%,+29.65%,0.5537,55,✓ Yes,completed
2,404,386,03-04,+62.6%,+28.90%,0.5530,55,✓ Yes,completed
2,404,404,03-04,+59.8%,+27.76%,0.5512,64,✓ Yes,completed
2,421,261,03-04,+70.0%,+29.28%,0.5471,43,✓ Yes,completed
2,421,279,03-04,+68.1%,+29.06%,0.5482,46,✓ Yes,completed
2,421,297,03-04,+67.1%,+29.26%,0.5500,46,✓ Yes,completed
2,421,315,03-04,+63.7%,+28.60%,0.5507,48,✓ Yes,completed
2,421,332,03-04,+62.1%,+28.32%,0.5512,49,✓ Yes,completed
2,421,350,03-04,+60.6%,+27.73%,0.5504,50,✓ Yes,completed
2,421,368,03-04,+59.1%,+27.17%,0.5495,50,✓ Yes,completed
2,421,386,03-04,+57.3%,+26.73%,0.5496,50,✓ Yes,completed
2,421,404,03-04,+55.1%,+25.85%,0.5483,53,✓ Yes,completed
2,421,421,03-04,+51.7%,+24.26%,0.5453,72,✓ Yes,completed
2,261,261,03-15,+100.0%,+49.47%,0.5979,96,✗ No,budget_exceeded
2,261,261,03-15,+100.0%,+49.47%,0.5979,96,✗ No,budget_exceeded
2,279,261,03-15,+100.0%,+43.45%,0.5738,82,✗ No,budget_exceeded
2,279,279,03-15,+100.0%,+37.20%,0.5488,106,✗ No,budget_exceeded
2,297,261,03-15,+100.0%,+36.72%,0.5469,79,✗ No,budget_exceeded
2,297,297,03-15,+88.7%,+35.76%,0.5543,84,✓ Yes,completed
2,315,261,03-15,+92.1%,+35.65%,0.5505,73,✓ Yes,completed
2,315,288,03-15,+86.3%,+35.29%,0.5549,77,✓ Yes,completed
2,315,315,03-15,+78.3%,+33.98%,0.5576,90,✓ Yes,completed
2,332,261,03-15,+84.5%,+34.33%,0.5528,65,✓ Yes,completed
2,332,285,03-15,+77.9%,+33.63%,0.5566,65,✓ Yes,completed
2,332,309,03-15,+70.6%,+33.20%,0.5622,65,✓ Yes,completed
2,332,332,03-15,+66.6%,+32.02%,0.5615,78,✓ Yes,completed
2,350,261,03-15,+72.8%,+32.94%,0.5589,52,✓ Yes,completed
2,350,279,03-15,+69.4%,+32.69%,0.5614,54,✓ Yes,completed
2,350,297,03-15,+68.0%,+32.31%,0.5612,54,✓ Yes,completed
2,350,315,03-15,+64.5%,+31.33%,0.5609,57,✓ Yes,completed
2,350,332,03-15,+61.9%,+30.87%,0.5616,57,✓ Yes,completed
2,350,350,03-15,+59.4%,+29.93%,0.5603,62,✓ Yes,completed
2,368,261,03-15,+66.7%,+31.38%,0.5588,46,✓ Yes,completed
2,368,279,03-15,+64.8%,+31.03%,0.5593,49,✓ Yes,completed
2,368,297,03-15,+63.0%,+30.87%,0.5604,48,✓ Yes,completed
2,368,315,03-15,+60.2%,+30.12%,0.5603,51,✓ Yes,completed
2,368,332,03-15,+58.7%,+29.53%,0.5594,52,✓ Yes,completed
2,368,350,03-15,+57.1%,+28.70%,0.5578,53,✓ Yes,completed
2,368,368,03-15,+55.2%,+27.98%,0.5567,58,✓ Yes,completed
2,386,261,03-15,+65.0%,+30.64%,0.5576,45,✓ Yes,completed
2,386,279,03-15,+62.2%,+30.36%,0.5592,47,✓ Yes,completed
2,386,297,03-15,+61.2%,+30.08%,0.5591,47,✓ Yes,completed
2,386,315,03-15,+58.2%,+29.08%,0.5581,49,✓ Yes,completed
2,386,332,03-15,+56.7%,+28.40%,0.5569,50,✓ Yes,completed
2,386,350,03-15,+55.1%,+27.89%,0.5565,51,✓ Yes,completed
2,386,368,03-15,+53.1%,+26.95%,0.5547,51,✓ Yes,completed
2,386,386,03-15,+50.9%,+26.32%,0.5544,59,✓ Yes,completed
2,404,261,03-15,+59.9%,+28.98%,0.5560,42,✓ Yes,completed
2,404,279,03-15,+58.0%,+28.27%,0.5551,45,✓ Yes,completed
2,404,297,03-15,+57.0%,+27.91%,0.5546,45,✓ Yes,completed
2,404,315,03-15,+54.3%,+27.24%,0.5546,46,✓ Yes,completed
2,404,332,03-15,+52.8%,+26.54%,0.5534,47,✓ Yes,completed
2,404,350,03-15,+51.3%,+26.14%,0.5533,48,✓ Yes,completed
2,404,368,03-15,+49.8%,+25.77%,0.5533,48,✓ Yes,completed
2,404,386,03-15,+47.4%,+25.16%,0.5533,47,✓ Yes,completed
2,404,404,03-15,+44.9%,+24.36%,0.5525,55,✓ Yes,completed
2,421,261,03-15,+53.9%,+25.83%,0.5494,37,✓ Yes,completed
2,421,279,03-15,+52.3%,+25.39%,0.5493,39,✓ Yes,completed
2,421,297,03-15,+51.5%,+25.26%,0.5496,39,✓ Yes,completed
2,421,315,03-15,+48.8%,+24.85%,0.5506,40,✓ Yes,completed
2,421,332,03-15,+47.4%,+24.67%,0.5513,41,✓ Yes,completed
2,421,350,03-15,+46.0%,+24.45%,0.5518,42,✓ Yes,completed
2,421,368,03-15,+44.8%,+24.12%,0.5517,42,✓ Yes,completed
2,421,386,03-15,+43.2%,+23.56%,0.5511,42,✓ Yes,completed
2,421,404,03-15,+41.3%,+22.85%,0.5502,45,✓ Yes,completed
2,421,421,03-15,+38.7%,+21.31%,0.5465,60,✓ Yes,completed
2,261,261,03-26,+100.0%,+41.48%,0.5659,107,✗ No,budget_exceeded
2,261,261,03-26,+100.0%,+41.48%,0.5659,107,✗ No,budget_exceeded
2,279,261,03-26,+100.0%,+36.96%,0.5478,87,✗ No,budget_exceeded
2,279,279,03-26,+98.4%,+32.23%,0.5305,109,✓ Yes,completed
2,297,261,03-26,+98.1%,+32.04%,0.5301,82,✓ Yes,completed
2,297,297,03-26,+79.9%,+32.15%,0.5487,82,✓ Yes,completed
2,315,261,03-26,+83.8%,+31.78%,0.5433,71,✓ Yes,completed
2,315,288,03-26,+74.8%,+31.76%,0.5522,71,✓ Yes,completed
2,315,315,03-26,+67.9%,+30.93%,0.5558,85,✓ Yes,completed
2,332,261,03-26,+72.1%,+30.77%,0.5509,59,✓ Yes,completed
2,332,285,03-26,+67.4%,+30.79%,0.5557,60,✓ Yes,completed
2,332,309,03-26,+64.2%,+29.78%,0.5549,64,✓ Yes,completed
2,332,332,03-26,+57.8%,+28.59%,0.5566,75,✓ Yes,completed
2,350,261,03-26,+65.1%,+29.56%,0.5531,51,✓ Yes,completed
2,350,279,03-26,+63.0%,+28.98%,0.5530,53,✓ Yes,completed
2,350,297,03-26,+61.0%,+28.71%,0.5538,52,✓ Yes,completed
2,350,315,03-26,+53.7%,+27.96%,0.5581,51,✓ Yes,completed
2,350,332,03-26,+49.9%,+27.57%,0.5603,50,✓ Yes,completed
2,350,350,03-26,+47.5%,+26.75%,0.5595,56,✓ Yes,completed
2,368,261,03-26,+57.3%,+27.68%,0.5534,43,✓ Yes,completed
2,368,279,03-26,+53.9%,+27.63%,0.5567,43,✓ Yes,completed
2,368,297,03-26,+52.0%,+27.56%,0.5583,42,✓ Yes,completed
2,368,315,03-26,+48.4%,+26.99%,0.5596,44,✓ Yes,completed
2,368,332,03-26,+46.8%,+26.44%,0.5590,45,✓ Yes,completed
2,368,350,03-26,+45.2%,+25.89%,0.5583,46,✓ Yes,completed
2,368,368,03-26,+43.2%,+25.31%,0.5581,49,✓ Yes,completed
2,386,261,03-26,+51.6%,+27.00%,0.5564,38,✓ Yes,completed
2,386,279,03-26,+50.3%,+27.09%,0.5581,40,✓ Yes,completed
2,386,297,03-26,+49.4%,+26.99%,0.5585,40,✓ Yes,completed
2,386,315,03-26,+46.4%,+25.96%,0.5575,42,✓ Yes,completed
2,386,332,03-26,+44.9%,+25.52%,0.5572,43,✓ Yes,completed
2,386,350,03-26,+42.9%,+25.10%,0.5575,43,✓ Yes,completed
2,386,368,03-26,+41.1%,+24.29%,0.5561,43,✓ Yes,completed
2,386,386,03-26,+39.1%,+23.30%,0.5542,51,✓ Yes,completed
2,404,261,03-26,+46.7%,+25.27%,0.5544,35,✓ Yes,completed
2,404,279,03-26,+45.4%,+24.99%,0.5546,37,✓ Yes,completed
2,404,297,03-26,+44.6%,+24.74%,0.5544,37,✓ Yes,completed
2,404,315,03-26,+42.0%,+24.29%,0.5551,38,✓ Yes,completed
2,404,332,03-26,+40.7%,+23.71%,0.5541,39,✓ Yes,completed
2,404,350,03-26,+39.3%,+23.30%,0.5539,40,✓ Yes,completed
2,404,368,03-26,+37.9%,+22.54%,0.5522,40,✓ Yes,completed
2,404,386,03-26,+35.9%,+21.44%,0.5498,40,✓ Yes,completed
2,404,404,03-26,+33.8%,+20.35%,0.5476,46,✓ Yes,completed
2,421,261,03-26,+40.8%,+22.64%,0.5497,30,✓ Yes,completed
2,421,279,03-26,+39.8%,+22.53%,0.5503,31,✓ Yes,completed
2,421,297,03-26,+39.2%,+22.36%,0.5502,31,✓ Yes,completed
2,421,315,03-26,+36.6%,+21.04%,0.5475,32,✓ Yes,completed
2,421,332,03-26,+35.4%,+20.56%,0.5469,33,✓ Yes,completed
2,421,350,03-26,+34.2%,+20.29%,0.5470,34,✓ Yes,completed
2,421,368,03-26,+33.1%,+19.61%,0.5453,34,✓ Yes,completed
2,421,386,03-26,+31.6%,+18.84%,0.5438,34,✓ Yes,completed
2,421,404,03-26,+30.3%,+18.61%,0.5441,35,✓ Yes,completed
2,421,421,03-26,+28.2%,+17.45%,0.5416,49,✓ Yes,completed
2,261,261,04-06,+100.0%,+37.31%,0.5493,107,✗ No,budget_exceeded
2,261,261,04-06,+100.0%,+37.31%,0.5493,107,✗ No,budget_exceeded
2,279,261,04-06,+100.0%,+32.53%,0.5301,89,✗ No,budget_exceeded
2,279,279,04-06,+100.0%,+27.47%,0.5099,110,✗ No,budget_exceeded
2,297,261,04-06,+100.0%,+27.02%,0.5081,84,✗ No,budget_exceeded
2,297,297,04-06,+77.8%,+27.04%,0.5304,81,✓ Yes,completed
2,315,261,04-06,+81.5%,+26.95%,0.5263,72,✓ Yes,completed
2,315,288,04-06,+69.0%,+27.26%,0.5400,67,✓ Yes,completed
2,315,315,04-06,+59.8%,+26.59%,0.5466,76,✓ Yes,completed
2,332,261,04-06,+67.0%,+26.36%,0.5385,57,✓ Yes,completed
2,332,285,04-06,+59.4%,+26.35%,0.5460,54,✓ Yes,completed
2,332,309,04-06,+54.1%,+25.83%,0.5492,56,✓ Yes,completed
2,332,332,04-06,+50.3%,+25.07%,0.5500,67,✓ Yes,completed
2,350,261,04-06,+54.7%,+25.47%,0.5472,44,✓ Yes,completed
2,350,279,04-06,+52.3%,+25.10%,0.5481,44,✓ Yes,completed
2,350,297,04-06,+51.2%,+25.11%,0.5492,44,✓ Yes,completed
2,350,315,04-06,+47.0%,+24.71%,0.5518,45,✓ Yes,completed
2,350,332,04-06,+45.0%,+23.90%,0.5506,47,✓ Yes,completed
2,350,350,04-06,+42.2%,+22.63%,0.5483,56,✓ Yes,completed
2,368,261,04-06,+47.4%,+24.16%,0.5493,37,✓ Yes,completed
2,368,279,04-06,+46.2%,+23.86%,0.5492,38,✓ Yes,completed
2,368,297,04-06,+45.5%,+23.77%,0.5496,38,✓ Yes,completed
2,368,315,04-06,+43.1%,+22.94%,0.5486,40,✓ Yes,completed
2,368,332,04-06,+40.7%,+22.18%,0.5480,40,✓ Yes,completed
2,368,350,04-06,+38.0%,+21.99%,0.5500,39,✓ Yes,completed
2,368,368,04-06,+35.6%,+21.37%,0.5498,41,✓ Yes,completed
2,386,261,04-06,+44.7%,+22.88%,0.5468,35,✓ Yes,completed
2,386,279,04-06,+43.6%,+22.64%,0.5470,36,✓ Yes,completed
2,386,297,04-06,+42.9%,+22.41%,0.5468,36,✓ Yes,completed
2,386,315,04-06,+38.9%,+21.67%,0.5478,35,✓ Yes,completed
2,386,332,04-06,+37.6%,+21.66%,0.5491,36,✓ Yes,completed
2,386,350,04-06,+35.4%,+21.15%,0.5492,36,✓ Yes,completed
2,386,368,04-06,+31.8%,+20.74%,0.5512,34,✓ Yes,completed
2,386,386,04-06,+29.9%,+20.28%,0.5512,42,✓ Yes,completed
2,404,261,04-06,+38.2%,+20.91%,0.5454,30,✓ Yes,completed
2,404,279,04-06,+37.2%,+20.71%,0.5456,31,✓ Yes,completed
2,404,297,04-06,+35.8%,+20.75%,0.5472,30,✓ Yes,completed
2,404,315,04-06,+32.0%,+20.47%,0.5498,29,✓ Yes,completed
2,404,332,04-06,+30.9%,+20.31%,0.5504,30,✓ Yes,completed
2,404,350,04-06,+29.7%,+19.97%,0.5502,31,✓ Yes,completed
2,404,368,04-06,+28.7%,+19.77%,0.5504,31,✓ Yes,completed
2,404,386,04-06,+27.1%,+18.79%,0.5481,31,✓ Yes,completed
2,404,404,04-06,+25.4%,+17.82%,0.5459,36,✓ Yes,completed
2,421,261,04-06,+30.2%,+19.20%,0.5466,22,✓ Yes,completed
2,421,279,04-06,+29.4%,+18.95%,0.5464,23,✓ Yes,completed
2,421,297,04-06,+28.9%,+18.97%,0.5470,23,✓ Yes,completed
2,421,315,04-06,+27.2%,+18.24%,0.5458,24,✓ Yes,completed
2,421,332,04-06,+26.1%,+17.75%,0.5449,25,✓ Yes,completed
2,421,350,04-06,+25.0%,+17.42%,0.5447,26,✓ Yes,completed
2,421,368,04-06,+24.3%,+16.98%,0.5436,26,✓ Yes,completed
2,421,386,04-06,+23.1%,+16.84%,0.5443,26,✓ Yes,completed
2,421,404,04-06,+22.2%,+16.27%,0.5428,26,✓ Yes,completed
2,421,421,04-06,+20.6%,+15.17%,0.5401,38,✓ Yes,completed
2,261,261,04-15,+100.0%,+34.68%,0.5387,105,✗ No,budget_exceeded
2,261,261,04-15,+100.0%,+34.68%,0.5387,105,✗ No,budget_exceeded
2,279,261,04-15,+100.0%,+30.11%,0.5204,86,✗ No,budget_exceeded
2,279,279,04-15,+98.7%,+21.50%,0.4873,112,✓ Yes,completed
2,297,261,04-15,+98.6%,+21.36%,0.4868,83,✓ Yes,completed
2,297,297,04-15,+81.6%,+21.10%,0.5028,83,✓ Yes,completed
2,315,261,04-15,+89.3%,+20.39%,0.4922,75,✓ Yes,completed
2,315,288,04-15,+72.2%,+21.23%,0.5127,70,✓ Yes,completed
2,315,315,04-15,+59.3%,+21.14%,0.5253,76,✓ Yes,completed
2,332,261,04-15,+65.0%,+20.96%,0.5189,57,✓ Yes,completed
2,332,285,04-15,+56.1%,+21.09%,0.5282,53,✓ Yes,completed
2,332,309,04-15,+51.2%,+20.93%,0.5326,53,✓ Yes,completed
2,332,332,04-15,+45.1%,+20.22%,0.5358,61,✓ Yes,completed
2,350,261,04-15,+51.2%,+20.28%,0.5299,43,✓ Yes,completed
2,350,279,04-15,+48.4%,+19.94%,0.5313,43,✓ Yes,completed
2,350,297,04-15,+46.1%,+19.91%,0.5335,42,✓ Yes,completed
2,350,315,04-15,+40.9%,+20.00%,0.5391,40,✓ Yes,completed
2,350,332,04-15,+38.0%,+19.49%,0.5400,41,✓ Yes,completed
2,350,350,04-15,+35.1%,+18.53%,0.5390,49,✓ Yes,completed
2,368,261,04-15,+39.3%,+19.27%,0.5378,32,✓ Yes,completed
2,368,279,04-15,+38.1%,+19.10%,0.5383,33,✓ Yes,completed
2,368,297,04-15,+37.4%,+18.85%,0.5380,33,✓ Yes,completed
2,368,315,04-15,+35.8%,+18.61%,0.5386,33,✓ Yes,completed
2,368,332,04-15,+34.1%,+18.35%,0.5393,34,✓ Yes,completed
2,368,350,04-15,+31.7%,+17.94%,0.5401,34,✓ Yes,completed
2,368,368,04-15,+30.2%,+17.51%,0.5398,37,✓ Yes,completed
2,386,261,04-15,+36.0%,+18.05%,0.5362,28,✓ Yes,completed
2,386,279,04-15,+34.9%,+17.99%,0.5370,29,✓ Yes,completed
2,386,297,04-15,+34.3%,+18.05%,0.5378,29,✓ Yes,completed
2,386,315,04-15,+32.1%,+17.93%,0.5396,29,✓ Yes,completed
2,386,332,04-15,+30.9%,+17.58%,0.5395,30,✓ Yes,completed
2,386,350,04-15,+29.6%,+17.01%,0.5384,31,✓ Yes,completed
2,386,368,04-15,+28.1%,+16.32%,0.5371,31,✓ Yes,completed
2,386,386,04-15,+26.4%,+15.26%,0.5347,40,✓ Yes,completed
2,404,261,04-15,+31.1%,+16.76%,0.5359,25,✓ Yes,completed
2,404,279,04-15,+30.1%,+16.68%,0.5366,26,✓ Yes,completed
2,404,297,04-15,+29.6%,+16.43%,0.5361,26,✓ Yes,completed
2,404,315,04-15,+28.5%,+16.16%,0.5361,27,✓ Yes,completed
2,404,332,04-15,+27.4%,+15.55%,0.5348,28,✓ Yes,completed
2,404,350,04-15,+26.3%,+15.05%,0.5339,29,✓ Yes,completed
2,404,368,04-15,+24.9%,+14.76%,0.5341,28,✓ Yes,completed
2,404,386,04-15,+22.5%,+13.90%,0.5331,27,✓ Yes,completed
2,404,404,04-15,+20.7%,+13.29%,0.5324,31,✓ Yes,completed
2,421,261,04-15,+25.8%,+13.68%,0.5289,19,✓ Yes,completed
2,421,279,04-15,+25.0%,+13.91%,0.5307,20,✓ Yes,completed
2,421,297,04-15,+24.6%,+13.84%,0.5307,20,✓ Yes,completed
2,421,315,04-15,+22.7%,+13.54%,0.5314,20,✓ Yes,completed
2,421,332,04-15,+21.7%,+13.34%,0.5316,21,✓ Yes,completed
2,421,350,04-15,+20.8%,+13.05%,0.5315,22,✓ Yes,completed
2,421,368,04-15,+19.4%,+12.91%,0.5323,21,✓ Yes,completed
2,421,386,04-15,+17.3%,+12.56%,0.5330,20,✓ Yes,completed
2,421,404,04-15,+15.7%,+12.32%,0.5335,19,✓ Yes,completed
2,421,421,04-15,+14.3%,+11.64%,0.5323,29,✓ Yes,completed
3,296,273,03-01,+100.0%,+64.18%,0.6567,67,✗ No,budget_exceeded
3,296,285,03-01,+100.0%,+59.59%,0.6383,72,✗ No,budget_exceeded
3,296,296,03-01,+100.0%,+54.53%,0.6181,79,✗ No,budget_exceeded
3,304,273,03-01,+100.0%,+63.10%,0.6524,68,✗ No,budget_exceeded
3,304,283,03-01,+100.0%,+55.58%,0.6223,74,✗ No,budget_exceeded
3,304,294,03-01,+100.0%,+52.40%,0.6096,78,✗ No,budget_exceeded
3,304,304,03-01,+100.0%,+43.93%,0.5757,93,✗ No,budget_exceeded
3,312,273,03-01,+100.0%,+59.54%,0.6382,70,✗ No,budget_exceeded
3,312,281,03-01,+100.0%,+53.06%,0.6122,76,✗ No,budget_exceeded
3,312,289,03-01,+100.0%,+50.37%,0.6015,78,✗ No,budget_exceeded
3,312,297,03-01,+100.0%,+44.09%,0.5764,80,✗ No,budget_exceeded
3,312,305,03-01,+100.0%,+38.76%,0.5550,89,✗ No,budget_exceeded
3,312,312,03-01,+96.6%,+38.05%,0.5556,97,✓ Yes,completed
3,320,273,03-01,+100.0%,+52.27%,0.6091,72,✗ No,budget_exceeded
3,320,281,03-01,+100.0%,+49.73%,0.5989,75,✗ No,budget_exceeded
3,320,289,03-01,+100.0%,+43.60%,0.5744,77,✗ No,budget_exceeded
3,320,297,03-01,+100.0%,+39.02%,0.5561,79,✗ No,budget_exceeded
3,320,305,03-01,+96.7%,+38.09%,0.5557,83,✓ Yes,completed
3,320,313,03-01,+94.8%,+37.76%,0.5563,85,✓ Yes,completed
3,320,320,03-01,+92.8%,+37.12%,0.5557,96,✓ Yes,completed
3,328,273,03-01,+100.0%,+39.90%,0.5596,72,✗ No,budget_exceeded
3,328,281,03-01,+100.0%,+38.23%,0.5529,74,✗ No,budget_exceeded
3,328,289,03-01,+98.1%,+37.95%,0.5537,73,✓ Yes,completed
3,328,297,03-01,+96.1%,+37.81%,0.5552,72,✓ Yes,completed
3,328,305,03-01,+93.6%,+37.32%,0.5556,77,✓ Yes,completed
3,328,313,03-01,+92.1%,+36.92%,0.5556,79,✓ Yes,completed
3,328,321,03-01,+90.5%,+36.51%,0.5555,80,✓ Yes,completed
3,328,328,03-01,+88.6%,+36.23%,0.5564,84,✓ Yes,completed
3,336,273,03-01,+96.7%,+37.77%,0.5543,69,✓ Yes,completed
3,336,281,03-01,+95.3%,+37.61%,0.5552,69,✓ Yes,completed
3,336,289,03-01,+94.4%,+37.39%,0.5552,69,✓ Yes,completed
3,336,297,03-01,+93.4%,+37.19%,0.5554,69,✓ Yes,completed
3,336,305,03-01,+91.4%,+36.76%,0.5557,73,✓ Yes,completed
3,336,313,03-01,+89.2%,+36.41%,0.5565,74,✓ Yes,completed
3,336,321,03-01,+88.1%,+36.15%,0.5565,74,✓ Yes,completed
3,336,329,03-01,+87.0%,+35.75%,0.5560,75,✓ Yes,completed
3,336,336,03-01,+85.2%,+35.24%,0.5558,90,✓ Yes,completed
3,344,273,03-01,+93.6%,+36.95%,0.5542,64,✓ Yes,completed
3,344,281,03-01,+92.3%,+36.67%,0.5544,64,✓ Yes,completed
3,344,289,03-01,+91.6%,+36.62%,0.5549,64,✓ Yes,completed
3,344,297,03-01,+90.8%,+36.42%,0.5549,64,✓ Yes,completed
3,344,305,03-01,+88.0%,+36.02%,0.5561,67,✓ Yes,completed
3,344,313,03-01,+86.5%,+35.53%,0.5557,68,✓ Yes,completed
3,344,321,03-01,+85.5%,+35.42%,0.5561,68,✓ Yes,completed
3,344,329,03-01,+84.7%,+35.08%,0.5556,68,✓ Yes,completed
3,344,337,03-01,+83.3%,+34.43%,0.5545,70,✓ Yes,completed
3,344,344,03-01,+81.9%,+34.02%,0.5541,79,✓ Yes,completed
3,352,273,03-01,+92.0%,+36.45%,0.5538,63,✓ Yes,completed
3,352,281,03-01,+90.8%,+36.22%,0.5541,63,✓ Yes,completed
3,352,289,03-01,+89.3%,+36.18%,0.5555,62,✓ Yes,completed
3,352,297,03-01,+88.5%,+35.99%,0.5555,62,✓ Yes,completed
3,352,305,03-01,+86.2%,+35.40%,0.5553,65,✓ Yes,completed
3,352,313,03-01,+84.7%,+34.99%,0.5552,66,✓ Yes,completed
3,352,321,03-01,+83.9%,+34.67%,0.5548,66,✓ Yes,completed
3,352,329,03-01,+83.1%,+34.33%,0.5542,66,✓ Yes,completed
3,352,337,03-01,+81.7%,+33.90%,0.5539,67,✓ Yes,completed
3,352,345,03-01,+80.5%,+33.64%,0.5541,68,✓ Yes,completed
3,352,352,03-01,+79.4%,+33.15%,0.5532,71,✓ Yes,completed
3,360,273,03-01,+87.6%,+35.52%,0.5545,58,✓ Yes,completed
3,360,281,03-01,+86.9%,+35.30%,0.5543,58,✓ Yes,completed
3,360,289,03-01,+86.3%,+35.20%,0.5545,58,✓ Yes,completed
3,360,297,03-01,+85.6%,+35.19%,0.5551,58,✓ Yes,completed
3,360,305,03-01,+83.5%,+34.34%,0.5539,61,✓ Yes,completed
3,360,313,03-01,+82.5%,+34.03%,0.5536,62,✓ Yes,completed
3,360,321,03-01,+81.7%,+33.84%,0.5536,62,✓ Yes,completed
3,360,329,03-01,+81.1%,+33.65%,0.5535,62,✓ Yes,completed
3,360,337,03-01,+80.0%,+33.42%,0.5537,63,✓ Yes,completed
3,360,345,03-01,+79.0%,+32.93%,0.5527,64,✓ Yes,completed
3,360,353,03-01,+78.3%,+32.77%,0.5528,64,✓ Yes,completed
3,360,360,03-01,+77.3%,+32.43%,0.5525,69,✓ Yes,completed
3,368,273,03-01,+86.2%,+35.01%,0.5539,57,✓ Yes,completed
3,368,281,03-01,+85.6%,+34.99%,0.5544,57,✓ Yes,completed
3,368,289,03-01,+85.0%,+34.79%,0.5542,57,✓ Yes,completed
3,368,297,03-01,+84.4%,+34.61%,0.5541,57,✓ Yes,completed
3,368,305,03-01,+82.2%,+33.88%,0.5533,60,✓ Yes,completed
3,368,313,03-01,+81.2%,+33.56%,0.5530,61,✓ Yes,completed
3,368,321,03-01,+80.5%,+33.52%,0.5536,61,✓ Yes,completed
3,368,329,03-01,+80.0%,+33.36%,0.5535,61,✓ Yes,completed
3,368,337,03-01,+78.9%,+32.85%,0.5525,62,✓ Yes,completed
3,368,345,03-01,+78.0%,+32.59%,0.5524,63,✓ Yes,completed
3,368,353,03-01,+77.3%,+32.43%,0.5524,63,✓ Yes,completed
3,368,361,03-01,+76.3%,+32.35%,0.5531,63,✓ Yes,completed
3,368,368,03-01,+75.3%,+32.02%,0.5527,69,✓ Yes,completed
3,296,273,03-06,+100.0%,+49.84%,0.5994,74,✗ No,budget_exceeded
3,296,285,03-06,+100.0%,+44.46%,0.5779,78,✗ No,budget_exceeded
3,296,296,03-06,+100.0%,+42.16%,0.5686,84,✗ No,budget_exceeded
3,304,273,03-06,+100.0%,+45.64%,0.5825,75,✗ No,budget_exceeded
3,304,283,03-06,+100.0%,+43.20%,0.5728,79,✗ No,budget_exceeded
3,304,294,03-06,+100.0%,+41.02%,0.5641,82,✗ No,budget_exceeded
3,304,304,03-06,+99.7%,+38.24%,0.5532,96,✓ Yes,completed
3,312,273,03-06,+100.0%,+43.51%,0.5741,77,✗ No,budget_exceeded
3,312,281,03-06,+100.0%,+41.24%,0.5650,81,✗ No,budget_exceeded
3,312,289,03-06,+100.0%,+40.10%,0.5604,82,✗ No,budget_exceeded
3,312,297,03-06,+100.0%,+38.33%,0.5533,83,✓ Yes,completed
3,312,305,03-06,+96.2%,+37.84%,0.5552,88,✓ Yes,completed
3,312,312,03-06,+92.4%,+37.46%,0.5574,96,✓ Yes,completed
3,320,273,03-06,+100.0%,+40.80%,0.5632,76,✗ No,budget_exceeded
3,320,281,03-06,+100.0%,+38.92%,0.5557,80,✗ No,budget_exceeded
3,320,289,03-06,+99.5%,+38.12%,0.5530,80,✓ Yes,completed
3,320,297,03-06,+96.6%,+37.97%,0.5553,78,✓ Yes,completed
3,320,305,03-06,+92.5%,+37.47%,0.5574,82,✓ Yes,completed
3,320,313,03-06,+87.5%,+37.34%,0.5618,81,✓ Yes,completed
3,320,320,03-06,+85.5%,+36.92%,0.5622,92,✓ Yes,completed
3,328,273,03-06,+98.5%,+37.92%,0.5532,73,✓ Yes,completed
3,328,281,03-06,+94.9%,+37.65%,0.5557,72,✓ Yes,completed
3,328,289,03-06,+93.0%,+37.51%,0.5570,71,✓ Yes,completed
3,328,297,03-06,+90.8%,+37.36%,0.5587,70,✓ Yes,completed
3,328,305,03-06,+86.3%,+37.03%,0.5618,73,✓ Yes,completed
3,328,313,03-06,+84.9%,+36.65%,0.5617,75,✓ Yes,completed
3,328,321,03-06,+83.3%,+36.19%,0.5615,76,✓ Yes,completed
3,328,328,03-06,+82.0%,+35.92%,0.5617,81,✓ Yes,completed
3,336,273,03-06,+92.5%,+37.13%,0.5560,68,✓ Yes,completed
3,336,281,03-06,+88.8%,+37.05%,0.5594,66,✓ Yes,completed
3,336,289,03-06,+87.0%,+36.98%,0.5609,65,✓ Yes,completed
3,336,297,03-06,+86.1%,+36.94%,0.5617,65,✓ Yes,completed
3,336,305,03-06,+84.1%,+36.41%,0.5616,69,✓ Yes,completed
3,336,313,03-06,+82.7%,+36.03%,0.5614,71,✓ Yes,completed
3,336,321,03-06,+81.5%,+35.71%,0.5613,71,✓ Yes,completed
3,336,329,03-06,+79.8%,+35.51%,0.5622,71,✓ Yes,completed
3,336,336,03-06,+78.1%,+34.96%,0.5618,86,✓ Yes,completed
3,344,273,03-06,+86.2%,+36.67%,0.5605,60,✓ Yes,completed
3,344,281,03-06,+84.9%,+36.40%,0.5607,60,✓ Yes,completed
3,344,289,03-06,+84.3%,+36.28%,0.5608,60,✓ Yes,completed
3,344,297,03-06,+83.5%,+36.11%,0.5609,60,✓ Yes,completed
3,344,305,03-06,+81.5%,+35.60%,0.5609,64,✓ Yes,completed
3,344,313,03-06,+79.3%,+35.27%,0.5618,64,✓ Yes,completed
3,344,321,03-06,+78.4%,+35.11%,0.5621,64,✓ Yes,completed
3,344,329,03-06,+77.6%,+34.76%,0.5615,64,✓ Yes,completed
3,344,337,03-06,+76.2%,+34.44%,0.5616,66,✓ Yes,completed
3,344,344,03-06,+74.9%,+33.86%,0.5606,75,✓ Yes,completed
3,352,273,03-06,+84.7%,+36.15%,0.5599,59,✓ Yes,completed
3,352,281,03-06,+83.4%,+35.89%,0.5601,59,✓ Yes,completed
3,352,289,03-06,+82.8%,+35.78%,0.5603,59,✓ Yes,completed
3,352,297,03-06,+82.0%,+35.71%,0.5608,59,✓ Yes,completed
3,352,305,03-06,+79.0%,+35.13%,0.5615,61,✓ Yes,completed
3,352,313,03-06,+77.6%,+34.66%,0.5611,62,✓ Yes,completed
3,352,321,03-06,+76.7%,+34.57%,0.5615,62,✓ Yes,completed
3,352,329,03-06,+76.0%,+34.31%,0.5612,62,✓ Yes,completed
3,352,337,03-06,+74.6%,+33.74%,0.5603,63,✓ Yes,completed
3,352,345,03-06,+73.5%,+33.20%,0.5593,64,✓ Yes,completed
3,352,352,03-06,+72.4%,+32.85%,0.5590,67,✓ Yes,completed
3,360,273,03-06,+80.3%,+35.18%,0.5605,54,✓ Yes,completed
3,360,281,03-06,+79.6%,+35.00%,0.5604,54,✓ Yes,completed
3,360,289,03-06,+79.1%,+34.95%,0.5607,54,✓ Yes,completed
3,360,297,03-06,+78.4%,+34.87%,0.5610,54,✓ Yes,completed
3,360,305,03-06,+76.3%,+34.28%,0.5609,57,✓ Yes,completed
3,360,313,03-06,+75.4%,+33.94%,0.5604,58,✓ Yes,completed
3,360,321,03-06,+74.6%,+33.66%,0.5600,58,✓ Yes,completed
3,360,329,03-06,+74.0%,+33.37%,0.5595,58,✓ Yes,completed
3,360,337,03-06,+73.0%,+33.07%,0.5593,59,✓ Yes,completed
3,360,345,03-06,+72.0%,+32.68%,0.5587,60,✓ Yes,completed
3,360,353,03-06,+71.3%,+32.59%,0.5591,60,✓ Yes,completed
3,360,360,03-06,+70.4%,+32.14%,0.5582,65,✓ Yes,completed
3,368,273,03-06,+78.9%,+34.72%,0.5600,53,✓ Yes,completed
3,368,281,03-06,+78.3%,+34.65%,0.5603,53,✓ Yes,completed
3,368,289,03-06,+77.8%,+34.46%,0.5600,53,✓ Yes,completed
3,368,297,03-06,+77.2%,+34.32%,0.5601,53,✓ Yes,completed
3,368,305,03-06,+75.0%,+33.70%,0.5598,56,✓ Yes,completed
3,368,313,03-06,+74.1%,+33.31%,0.5591,57,✓ Yes,completed
3,368,321,03-06,+73.4%,+33.07%,0.5589,57,✓ Yes,completed
3,368,329,03-06,+72.9%,+33.01%,0.5591,57,✓ Yes,completed
3,368,337,03-06,+71.9%,+32.62%,0.5586,58,✓ Yes,completed
3,368,345,03-06,+71.0%,+32.49%,0.5589,59,✓ Yes,completed
3,368,353,03-06,+70.3%,+32.12%,0.5581,59,✓ Yes,completed
3,368,361,03-06,+69.4%,+31.73%,0.5575,59,✓ Yes,completed
3,368,368,03-06,+68.5%,+31.34%,0.5569,64,✓ Yes,completed
3,296,273,03-11,+100.0%,+44.02%,0.5761,76,✗ No,budget_exceeded
3,296,285,03-11,+100.0%,+38.38%,0.5535,81,✗ No,budget_exceeded
3,296,296,03-11,+96.1%,+37.97%,0.5558,84,✓ Yes,completed
3,304,273,03-11,+100.0%,+40.10%,0.5604,78,✗ No,budget_exceeded
3,304,283,03-11,+98.5%,+38.09%,0.5538,80,✓ Yes,completed
3,304,294,03-11,+94.9%,+37.97%,0.5569,79,✓ Yes,completed
3,304,304,03-11,+92.8%,+37.40%,0.5568,90,✓ Yes,completed
3,312,273,03-11,+98.5%,+37.94%,0.5533,77,✓ Yes,completed
3,312,281,03-11,+95.3%,+37.89%,0.5563,78,✓ Yes,completed
3,312,289,03-11,+94.3%,+37.63%,0.5563,78,✓ Yes,completed
3,312,297,03-11,+93.0%,+37.45%,0.5568,78,✓ Yes,completed
3,312,305,03-11,+91.0%,+36.89%,0.5566,84,✓ Yes,completed
3,312,312,03-11,+87.5%,+36.49%,0.5585,92,✓ Yes,completed
3,320,273,03-11,+94.9%,+37.75%,0.5561,73,✓ Yes,completed
3,320,281,03-11,+93.4%,+37.44%,0.5564,75,✓ Yes,completed
3,320,289,03-11,+92.4%,+37.14%,0.5562,75,✓ Yes,completed
3,320,297,03-11,+91.2%,+36.96%,0.5566,75,✓ Yes,completed
3,320,305,03-11,+87.6%,+36.51%,0.5584,78,✓ Yes,completed
3,320,313,03-11,+83.9%,+36.07%,0.5604,78,✓ Yes,completed
3,320,320,03-11,+79.8%,+35.73%,0.5631,87,✓ Yes,completed
3,328,273,03-11,+92.1%,+36.85%,0.5554,69,✓ Yes,completed
3,328,281,03-11,+90.3%,+36.47%,0.5555,70,✓ Yes,completed
3,328,289,03-11,+88.8%,+36.32%,0.5565,69,✓ Yes,completed
3,328,297,03-11,+85.9%,+36.25%,0.5591,67,✓ Yes,completed
3,328,305,03-11,+81.6%,+35.82%,0.5617,69,✓ Yes,completed
3,328,313,03-11,+78.2%,+35.67%,0.5645,69,✓ Yes,completed
3,328,321,03-11,+76.8%,+35.40%,0.5648,70,✓ Yes,completed
3,328,328,03-11,+75.5%,+34.94%,0.5642,75,✓ Yes,completed
3,336,273,03-11,+87.2%,+36.05%,0.5569,65,✓ Yes,completed
3,336,281,03-11,+84.9%,+35.74%,0.5580,64,✓ Yes,completed
3,336,289,03-11,+82.0%,+35.82%,0.5612,62,✓ Yes,completed
3,336,297,03-11,+80.1%,+35.73%,0.5629,61,✓ Yes,completed
3,336,305,03-11,+77.5%,+35.36%,0.5639,63,✓ Yes,completed
3,336,313,03-11,+76.1%,+35.16%,0.5645,65,✓ Yes,completed
3,336,321,03-11,+75.1%,+34.81%,0.5641,65,✓ Yes,completed
3,336,329,03-11,+74.0%,+34.44%,0.5638,66,✓ Yes,completed
3,336,336,03-11,+72.3%,+33.91%,0.5633,80,✓ Yes,completed
3,344,273,03-11,+80.0%,+35.44%,0.5618,56,✓ Yes,completed
3,344,281,03-11,+77.9%,+35.27%,0.5632,55,✓ Yes,completed
3,344,289,03-11,+77.3%,+35.20%,0.5635,55,✓ Yes,completed
3,344,297,03-11,+76.6%,+35.22%,0.5643,55,✓ Yes,completed
3,344,305,03-11,+75.0%,+34.68%,0.5638,58,✓ Yes,completed
3,344,313,03-11,+73.5%,+34.26%,0.5636,59,✓ Yes,completed
3,344,321,03-11,+72.6%,+34.06%,0.5637,59,✓ Yes,completed
3,344,329,03-11,+71.8%,+33.84%,0.5635,59,✓ Yes,completed
3,344,337,03-11,+69.9%,+33.50%,0.5641,60,✓ Yes,completed
3,344,344,03-11,+68.7%,+33.04%,0.5635,69,✓ Yes,completed
3,352,273,03-11,+77.6%,+35.00%,0.5624,54,✓ Yes,completed
3,352,281,03-11,+76.4%,+34.98%,0.5635,54,✓ Yes,completed
3,352,289,03-11,+75.9%,+34.78%,0.5632,54,✓ Yes,completed
3,352,297,03-11,+75.2%,+34.61%,0.5633,54,✓ Yes,completed
3,352,305,03-11,+73.3%,+34.12%,0.5632,56,✓ Yes,completed
3,352,313,03-11,+71.1%,+33.80%,0.5641,56,✓ Yes,completed
3,352,321,03-11,+70.4%,+33.56%,0.5638,56,✓ Yes,completed
3,352,329,03-11,+69.7%,+33.42%,0.5639,56,✓ Yes,completed
3,352,337,03-11,+68.4%,+32.91%,0.5632,57,✓ Yes,completed
3,352,345,03-11,+67.3%,+32.71%,0.5635,58,✓ Yes,completed
3,352,352,03-11,+66.3%,+32.22%,0.5625,61,✓ Yes,completed
3,360,273,03-11,+74.0%,+33.96%,0.5618,50,✓ Yes,completed
3,360,281,03-11,+73.4%,+33.91%,0.5622,50,✓ Yes,completed
3,360,289,03-11,+72.9%,+33.88%,0.5626,50,✓ Yes,completed
3,360,297,03-11,+72.4%,+33.69%,0.5624,50,✓ Yes,completed
3,360,305,03-11,+69.8%,+33.28%,0.5634,51,✓ Yes,completed
3,360,313,03-11,+68.9%,+33.06%,0.5633,52,✓ Yes,completed
3,360,321,03-11,+68.3%,+32.80%,0.5629,52,✓ Yes,completed
3,360,329,03-11,+67.7%,+32.69%,0.5630,52,✓ Yes,completed
3,360,337,03-11,+66.7%,+32.38%,0.5628,53,✓ Yes,completed
3,360,345,03-11,+65.9%,+32.01%,0.5622,54,✓ Yes,completed
3,360,353,03-11,+65.2%,+31.66%,0.5615,54,✓ Yes,completed
3,360,360,03-11,+64.3%,+31.21%,0.5605,58,✓ Yes,completed
3,368,273,03-11,+72.7%,+33.62%,0.5618,49,✓ Yes,completed
3,368,281,03-11,+72.2%,+33.45%,0.5616,49,✓ Yes,completed
3,368,289,03-11,+70.9%,+33.51%,0.5631,48,✓ Yes,completed
3,368,297,03-11,+70.4%,+33.31%,0.5628,48,✓ Yes,completed
3,368,305,03-11,+68.6%,+32.80%,0.5626,50,✓ Yes,completed
3,368,313,03-11,+67.8%,+32.59%,0.5626,51,✓ Yes,completed
3,368,321,03-11,+67.2%,+32.54%,0.5630,51,✓ Yes,completed
3,368,329,03-11,+66.8%,+32.34%,0.5626,51,✓ Yes,completed
3,368,337,03-11,+65.8%,+31.92%,0.5619,52,✓ Yes,completed
3,368,345,03-11,+65.0%,+31.50%,0.5611,53,✓ Yes,completed
3,368,353,03-11,+64.3%,+31.21%,0.5605,53,✓ Yes,completed
3,368,361,03-11,+63.5%,+30.96%,0.5604,53,✓ Yes,completed
3,368,368,03-11,+62.6%,+30.57%,0.5597,58,✓ Yes,completed
3,296,273,03-16,+94.4%,+36.30%,0.5508,79,✓ Yes,completed
3,296,285,03-16,+91.3%,+35.96%,0.5526,80,✓ Yes,completed
3,296,296,03-16,+87.3%,+35.83%,0.5561,83,✓ Yes,completed
3,304,273,03-16,+93.0%,+36.10%,0.5514,79,✓ Yes,completed
3,304,283,03-16,+89.7%,+35.89%,0.5539,79,✓ Yes,completed
3,304,294,03-16,+86.4%,+35.70%,0.5564,79,✓ Yes,completed
3,304,304,03-16,+84.0%,+35.25%,0.5570,89,✓ Yes,completed
3,312,273,03-16,+89.6%,+35.75%,0.5534,76,✓ Yes,completed
3,312,281,03-16,+86.4%,+35.60%,0.5560,77,✓ Yes,completed
3,312,289,03-16,+85.4%,+35.52%,0.5566,77,✓ Yes,completed
3,312,297,03-16,+84.1%,+35.27%,0.5569,77,✓ Yes,completed
3,312,305,03-16,+82.2%,+34.72%,0.5567,83,✓ Yes,completed
3,312,312,03-16,+79.7%,+34.13%,0.5568,92,✓ Yes,completed
3,320,273,03-16,+86.0%,+35.51%,0.5560,72,✓ Yes,completed
3,320,281,03-16,+84.5%,+35.16%,0.5561,74,✓ Yes,completed
3,320,289,03-16,+83.6%,+35.01%,0.5564,74,✓ Yes,completed
3,320,297,03-16,+82.4%,+34.71%,0.5564,74,✓ Yes,completed
3,320,305,03-16,+79.8%,+34.18%,0.5569,78,✓ Yes,completed
3,320,313,03-16,+76.1%,+33.73%,0.5589,78,✓ Yes,completed
3,320,320,03-16,+72.1%,+33.34%,0.5612,87,✓ Yes,completed
3,328,273,03-16,+83.2%,+34.61%,0.5553,68,✓ Yes,completed
3,328,281,03-16,+81.5%,+34.25%,0.5555,69,✓ Yes,completed
3,328,289,03-16,+80.0%,+34.14%,0.5566,68,✓ Yes,completed
3,328,297,03-16,+78.0%,+33.93%,0.5577,67,✓ Yes,completed
3,328,305,03-16,+74.0%,+33.43%,0.5597,69,✓ Yes,completed
3,328,313,03-16,+70.3%,+33.24%,0.5626,69,✓ Yes,completed
3,328,321,03-16,+68.0%,+32.99%,0.5639,69,✓ Yes,completed
3,328,328,03-16,+66.8%,+32.67%,0.5639,74,✓ Yes,completed
3,336,273,03-16,+78.4%,+33.80%,0.5568,64,✓ Yes,completed
3,336,281,03-16,+76.1%,+33.50%,0.5579,63,✓ Yes,completed
3,336,289,03-16,+74.4%,+33.42%,0.5593,62,✓ Yes,completed
3,336,297,03-16,+72.4%,+33.32%,0.5609,61,✓ Yes,completed
3,336,305,03-16,+68.7%,+33.09%,0.5636,62,✓ Yes,completed
3,336,313,03-16,+67.4%,+32.91%,0.5643,64,✓ Yes,completed
3,336,321,03-16,+66.3%,+32.49%,0.5636,64,✓ Yes,completed
3,336,329,03-16,+65.3%,+32.18%,0.5635,65,✓ Yes,completed
3,336,336,03-16,+63.5%,+31.62%,0.5629,79,✓ Yes,completed
3,344,273,03-16,+72.2%,+32.98%,0.5597,56,✓ Yes,completed
3,344,281,03-16,+69.1%,+33.01%,0.5630,54,✓ Yes,completed
3,344,289,03-16,+68.5%,+32.83%,0.5628,54,✓ Yes,completed
3,344,297,03-16,+67.8%,+32.80%,0.5634,54,✓ Yes,completed
3,344,305,03-16,+66.2%,+32.34%,0.5631,57,✓ Yes,completed
3,344,313,03-16,+64.7%,+31.85%,0.5627,58,✓ Yes,completed
3,344,321,03-16,+63.8%,+31.71%,0.5630,58,✓ Yes,completed
3,344,329,03-16,+63.1%,+31.41%,0.5626,58,✓ Yes,completed
3,344,337,03-16,+61.1%,+31.05%,0.5631,59,✓ Yes,completed
3,344,344,03-16,+60.0%,+30.73%,0.5630,68,✓ Yes,completed
3,352,273,03-16,+68.8%,+32.70%,0.5620,53,✓ Yes,completed
3,352,281,03-16,+67.6%,+32.60%,0.5628,53,✓ Yes,completed
3,352,289,03-16,+67.1%,+32.53%,0.5630,53,✓ Yes,completed
3,352,297,03-16,+66.4%,+32.28%,0.5627,53,✓ Yes,completed
3,352,305,03-16,+64.5%,+31.71%,0.5623,55,✓ Yes,completed
3,352,313,03-16,+63.1%,+31.32%,0.5622,56,✓ Yes,completed
3,352,321,03-16,+61.7%,+31.26%,0.5634,55,✓ Yes,completed
3,352,329,03-16,+61.0%,+30.96%,0.5629,55,✓ Yes,completed
3,352,337,03-16,+59.7%,+30.58%,0.5627,56,✓ Yes,completed
3,352,345,03-16,+58.6%,+30.14%,0.5620,57,✓ Yes,completed
3,352,352,03-16,+57.6%,+29.84%,0.5617,60,✓ Yes,completed
3,360,273,03-16,+65.2%,+31.64%,0.5614,49,✓ Yes,completed
3,360,281,03-16,+64.6%,+31.48%,0.5613,49,✓ Yes,completed
3,360,289,03-16,+64.2%,+31.44%,0.5616,49,✓ Yes,completed
3,360,297,03-16,+63.6%,+31.38%,0.5619,49,✓ Yes,completed
3,360,305,03-16,+61.0%,+30.82%,0.5623,50,✓ Yes,completed
3,360,313,03-16,+60.2%,+30.68%,0.5626,51,✓ Yes,completed
3,360,321,03-16,+59.6%,+30.45%,0.5622,51,✓ Yes,completed
3,360,329,03-16,+59.0%,+30.21%,0.5618,51,✓ Yes,completed
3,360,337,03-16,+58.0%,+30.03%,0.5621,52,✓ Yes,completed
3,360,345,03-16,+57.2%,+29.60%,0.5612,53,✓ Yes,completed
3,360,353,03-16,+56.5%,+29.28%,0.5607,53,✓ Yes,completed
3,360,360,03-16,+55.6%,+28.77%,0.5595,57,✓ Yes,completed
3,368,273,03-16,+63.9%,+31.21%,0.5610,48,✓ Yes,completed
3,368,281,03-16,+63.4%,+31.13%,0.5611,48,✓ Yes,completed
3,368,289,03-16,+63.0%,+30.97%,0.5609,48,✓ Yes,completed
3,368,297,03-16,+61.7%,+31.00%,0.5623,47,✓ Yes,completed
3,368,305,03-16,+59.9%,+30.48%,0.5621,49,✓ Yes,completed
3,368,313,03-16,+59.0%,+30.11%,0.5614,50,✓ Yes,completed
3,368,321,03-16,+58.5%,+30.02%,0.5616,50,✓ Yes,completed
3,368,329,03-16,+58.0%,+30.00%,0.5619,50,✓ Yes,completed
3,368,337,03-16,+57.1%,+29.52%,0.5610,51,✓ Yes,completed
3,368,345,03-16,+56.3%,+29.14%,0.5603,52,✓ Yes,completed
3,368,353,03-16,+55.6%,+28.78%,0.5595,52,✓ Yes,completed
3,368,361,03-16,+54.8%,+28.41%,0.5588,52,✓ Yes,completed
3,368,368,03-16,+53.9%,+28.02%,0.5582,57,✓ Yes,completed
3,296,273,03-21,+90.9%,+34.22%,0.5459,77,✓ Yes,completed
3,296,285,03-21,+84.8%,+34.16%,0.5518,76,✓ Yes,completed
3,296,296,03-21,+81.9%,+33.77%,0.5531,80,✓ Yes,completed
3,304,273,03-21,+87.0%,+34.29%,0.5502,75,✓ Yes,completed
3,304,283,03-21,+83.6%,+33.93%,0.5521,76,✓ Yes,completed
3,304,294,03-21,+80.7%,+33.72%,0.5541,75,✓ Yes,completed
3,304,304,03-21,+77.3%,+33.43%,0.5564,85,✓ Yes,completed
3,312,273,03-21,+83.4%,+33.71%,0.5514,73,✓ Yes,completed
3,312,281,03-21,+80.7%,+33.62%,0.5538,73,✓ Yes,completed
3,312,289,03-21,+79.7%,+33.48%,0.5542,73,✓ Yes,completed
3,312,297,03-21,+77.3%,+33.43%,0.5565,72,✓ Yes,completed
3,312,305,03-21,+75.4%,+33.02%,0.5567,78,✓ Yes,completed
3,312,312,03-21,+73.5%,+32.44%,0.5562,88,✓ Yes,completed
3,320,273,03-21,+80.3%,+33.49%,0.5537,68,✓ Yes,completed
3,320,281,03-21,+77.6%,+33.32%,0.5557,69,✓ Yes,completed
3,320,289,03-21,+76.7%,+33.39%,0.5569,69,✓ Yes,completed
3,320,297,03-21,+75.6%,+33.03%,0.5565,69,✓ Yes,completed
3,320,305,03-21,+73.7%,+32.49%,0.5563,74,✓ Yes,completed
3,320,313,03-21,+71.8%,+31.93%,0.5559,76,✓ Yes,completed
3,320,320,03-21,+68.3%,+31.43%,0.5574,85,✓ Yes,completed
3,328,273,03-21,+76.2%,+33.02%,0.5559,63,✓ Yes,completed
3,328,281,03-21,+74.6%,+32.70%,0.5562,64,✓ Yes,completed
3,328,289,03-21,+73.8%,+32.39%,0.5558,64,✓ Yes,completed
3,328,297,03-21,+72.8%,+32.26%,0.5562,64,✓ Yes,completed
3,328,305,03-21,+69.1%,+31.71%,0.5578,66,✓ Yes,completed
3,328,313,03-21,+66.7%,+31.22%,0.5581,67,✓ Yes,completed
3,328,321,03-21,+63.3%,+31.03%,0.5608,66,✓ Yes,completed
3,328,328,03-21,+60.9%,+30.73%,0.5620,72,✓ Yes,completed
3,336,273,03-21,+73.2%,+32.03%,0.5550,61,✓ Yes,completed
3,336,281,03-21,+71.8%,+31.67%,0.5549,61,✓ Yes,completed
3,336,289,03-21,+70.4%,+31.52%,0.5557,60,✓ Yes,completed
3,336,297,03-21,+68.5%,+31.37%,0.5569,59,✓ Yes,completed
3,336,305,03-21,+65.1%,+31.05%,0.5591,60,✓ Yes,completed
3,336,313,03-21,+61.6%,+30.90%,0.5620,60,✓ Yes,completed
3,336,321,03-21,+59.7%,+30.72%,0.5632,59,✓ Yes,completed
3,336,329,03-21,+58.6%,+30.44%,0.5631,60,✓ Yes,completed
3,336,336,03-21,+57.0%,+29.82%,0.5623,74,✓ Yes,completed
3,344,273,03-21,+67.4%,+31.14%,0.5572,53,✓ Yes,completed
3,344,281,03-21,+65.3%,+30.92%,0.5584,52,✓ Yes,completed
3,344,289,03-21,+64.8%,+30.77%,0.5583,52,✓ Yes,completed
3,344,297,03-21,+63.0%,+30.74%,0.5599,51,✓ Yes,completed
3,344,305,03-21,+59.5%,+30.52%,0.5626,52,✓ Yes,completed
3,344,313,03-21,+58.0%,+30.30%,0.5632,53,✓ Yes,completed
3,344,321,03-21,+57.2%,+29.91%,0.5624,53,✓ Yes,completed
3,344,329,03-21,+56.5%,+29.70%,0.5623,53,✓ Yes,completed
3,344,337,03-21,+55.1%,+29.19%,0.5617,55,✓ Yes,completed
3,344,344,03-21,+54.0%,+28.79%,0.5612,64,✓ Yes,completed
3,352,273,03-21,+65.0%,+30.58%,0.5574,51,✓ Yes,completed
3,352,281,03-21,+61.7%,+30.61%,0.5608,49,✓ Yes,completed
3,352,289,03-21,+61.1%,+30.45%,0.5607,49,✓ Yes,completed
3,352,297,03-21,+59.7%,+30.49%,0.5623,48,✓ Yes,completed
3,352,305,03-21,+57.9%,+30.11%,0.5626,50,✓ Yes,completed
3,352,313,03-21,+56.4%,+29.59%,0.5619,51,✓ Yes,completed
3,352,321,03-21,+55.6%,+29.28%,0.5615,51,✓ Yes,completed
3,352,329,03-21,+55.0%,+29.12%,0.5615,51,✓ Yes,completed
3,352,337,03-21,+53.6%,+28.62%,0.5608,52,✓ Yes,completed
3,352,345,03-21,+52.1%,+28.42%,0.5616,52,✓ Yes,completed
3,352,352,03-21,+51.2%,+28.09%,0.5612,55,✓ Yes,completed
3,360,273,03-21,+58.3%,+29.93%,0.5614,44,✓ Yes,completed
3,360,281,03-21,+57.8%,+29.84%,0.5615,44,✓ Yes,completed
3,360,289,03-21,+57.4%,+29.66%,0.5613,44,✓ Yes,completed
3,360,297,03-21,+56.9%,+29.53%,0.5612,44,✓ Yes,completed
3,360,305,03-21,+55.1%,+28.99%,0.5608,46,✓ Yes,completed
3,360,313,03-21,+54.2%,+28.80%,0.5610,47,✓ Yes,completed
3,360,321,03-21,+53.5%,+28.52%,0.5605,47,✓ Yes,completed
3,360,329,03-21,+52.5%,+28.55%,0.5618,46,✓ Yes,completed
3,360,337,03-21,+51.5%,+28.17%,0.5612,47,✓ Yes,completed
3,360,345,03-21,+50.7%,+27.94%,0.5611,48,✓ Yes,completed
3,360,353,03-21,+50.0%,+27.55%,0.5602,48,✓ Yes,completed
3,360,360,03-21,+49.3%,+27.28%,0.5599,52,✓ Yes,completed
3,368,273,03-21,+57.0%,+29.37%,0.5604,43,✓ Yes,completed
3,368,281,03-21,+56.6%,+29.29%,0.5605,43,✓ Yes,completed
3,368,289,03-21,+56.2%,+29.26%,0.5608,43,✓ Yes,completed
3,368,297,03-21,+55.8%,+29.08%,0.5605,43,✓ Yes,completed
3,368,305,03-21,+54.0%,+28.58%,0.5603,45,✓ Yes,completed
3,368,313,03-21,+52.4%,+28.44%,0.5613,45,✓ Yes,completed
3,368,321,03-21,+51.9%,+28.20%,0.5609,45,✓ Yes,completed
3,368,329,03-21,+51.5%,+28.12%,0.5610,45,✓ Yes,completed
3,368,337,03-21,+50.6%,+27.83%,0.5607,46,✓ Yes,completed
3,368,345,03-21,+49.8%,+27.43%,0.5599,47,✓ Yes,completed
3,368,353,03-21,+49.2%,+27.28%,0.5599,47,✓ Yes,completed
3,368,361,03-21,+48.5%,+27.00%,0.5595,47,✓ Yes,completed
3,368,368,03-21,+47.6%,+26.53%,0.5585,51,✓ Yes,completed
3,296,273,03-26,+90.9%,+32.37%,0.5386,80,✓ Yes,completed
3,296,285,03-26,+86.7%,+32.08%,0.5416,80,✓ Yes,completed
3,296,296,03-26,+79.9%,+32.15%,0.5487,82,✓ Yes,completed
3,304,273,03-26,+87.9%,+32.30%,0.5413,78,✓ Yes,completed
3,304,283,03-26,+83.4%,+31.97%,0.5445,78,✓ Yes,completed
3,304,294,03-26,+77.7%,+32.13%,0.5508,76,✓ Yes,completed
3,304,304,03-26,+74.4%,+31.64%,0.5521,86,✓ Yes,completed
3,312,273,03-26,+83.3%,+31.81%,0.5439,75,✓ Yes,completed
3,312,281,03-26,+77.7%,+32.02%,0.5504,74,✓ Yes,completed
3,312,289,03-26,+75.7%,+31.81%,0.5516,73,✓ Yes,completed
3,312,297,03-26,+74.4%,+31.62%,0.5521,73,✓ Yes,completed
3,312,305,03-26,+71.9%,+31.27%,0.5531,78,✓ Yes,completed
3,312,312,03-26,+68.9%,+31.13%,0.5556,86,✓ Yes,completed
3,320,273,03-26,+76.0%,+31.78%,0.5511,67,✓ Yes,completed
3,320,281,03-26,+74.6%,+31.58%,0.5518,69,✓ Yes,completed
3,320,289,03-26,+73.6%,+31.27%,0.5514,69,✓ Yes,completed
3,320,297,03-26,+72.1%,+31.23%,0.5528,68,✓ Yes,completed
3,320,305,03-26,+69.0%,+31.17%,0.5557,72,✓ Yes,completed
3,320,313,03-26,+67.2%,+30.87%,0.5563,74,✓ Yes,completed
3,320,320,03-26,+65.3%,+30.24%,0.5557,85,✓ Yes,completed
3,328,273,03-26,+72.7%,+31.06%,0.5516,62,✓ Yes,completed
3,328,281,03-26,+71.1%,+31.07%,0.5532,63,✓ Yes,completed
3,328,289,03-26,+69.1%,+31.06%,0.5552,62,✓ Yes,completed
3,328,297,03-26,+68.2%,+30.87%,0.5553,62,✓ Yes,completed
3,328,305,03-26,+66.0%,+30.39%,0.5556,66,✓ Yes,completed
3,328,313,03-26,+64.5%,+29.91%,0.5551,68,✓ Yes,completed
3,328,321,03-26,+63.1%,+29.43%,0.5547,69,✓ Yes,completed
3,328,328,03-26,+61.1%,+28.99%,0.5548,75,✓ Yes,completed
3,336,273,03-26,+68.4%,+30.60%,0.5540,59,✓ Yes,completed
3,336,281,03-26,+67.1%,+30.57%,0.5552,59,✓ Yes,completed
3,336,289,03-26,+66.3%,+30.32%,0.5550,59,✓ Yes,completed
3,336,297,03-26,+65.5%,+30.24%,0.5554,59,✓ Yes,completed
3,336,305,03-26,+63.8%,+29.68%,0.5549,62,✓ Yes,completed
3,336,313,03-26,+61.8%,+29.27%,0.5553,63,✓ Yes,completed
3,336,321,03-26,+59.8%,+29.00%,0.5562,62,✓ Yes,completed
3,336,329,03-26,+57.8%,+28.65%,0.5568,62,✓ Yes,completed
3,336,336,03-26,+54.0%,+28.12%,0.5585,75,✓ Yes,completed
3,344,273,03-26,+65.2%,+29.82%,0.5541,54,✓ Yes,completed
3,344,281,03-26,+64.1%,+29.48%,0.5538,54,✓ Yes,completed
3,344,289,03-26,+63.5%,+29.41%,0.5541,54,✓ Yes,completed
3,344,297,03-26,+62.9%,+29.15%,0.5537,54,✓ Yes,completed
3,344,305,03-26,+59.7%,+28.82%,0.5556,55,✓ Yes,completed
3,344,313,03-26,+57.3%,+28.31%,0.5559,55,✓ Yes,completed
3,344,321,03-26,+55.6%,+28.16%,0.5571,54,✓ Yes,completed
3,344,329,03-26,+53.7%,+28.04%,0.5585,53,✓ Yes,completed
3,344,337,03-26,+50.5%,+27.87%,0.5610,53,✓ Yes,completed
3,344,344,03-26,+49.4%,+27.49%,0.5605,62,✓ Yes,completed
3,352,273,03-26,+63.4%,+29.05%,0.5528,53,✓ Yes,completed
3,352,281,03-26,+61.6%,+28.81%,0.5537,52,✓ Yes,completed
3,352,289,03-26,+61.1%,+28.62%,0.5534,52,✓ Yes,completed
3,352,297,03-26,+59.5%,+28.56%,0.5548,51,✓ Yes,completed
3,352,305,03-26,+56.2%,+28.27%,0.5568,51,✓ Yes,completed
3,352,313,03-26,+53.7%,+27.93%,0.5580,51,✓ Yes,completed
3,352,321,03-26,+51.8%,+27.81%,0.5594,50,✓ Yes,completed
3,352,329,03-26,+50.4%,+27.75%,0.5606,49,✓ Yes,completed
3,352,337,03-26,+49.1%,+27.46%,0.5608,50,✓ Yes,completed
3,352,345,03-26,+48.1%,+26.98%,0.5599,51,✓ Yes,completed
3,352,352,03-26,+47.1%,+26.63%,0.5594,54,✓ Yes,completed
3,360,273,03-26,+57.6%,+27.98%,0.5544,46,✓ Yes,completed
3,360,281,03-26,+56.2%,+28.01%,0.5559,45,✓ Yes,completed
3,360,289,03-26,+55.7%,+27.88%,0.5558,45,✓ Yes,completed
3,360,297,03-26,+54.1%,+27.93%,0.5576,44,✓ Yes,completed
3,360,305,03-26,+50.5%,+27.66%,0.5601,44,✓ Yes,completed
3,360,313,03-26,+49.6%,+27.39%,0.5599,45,✓ Yes,completed
3,360,321,03-26,+48.9%,+27.36%,0.5605,45,✓ Yes,completed
3,360,329,03-26,+48.4%,+27.12%,0.5601,45,✓ Yes,completed
3,360,337,03-26,+47.4%,+26.69%,0.5594,46,✓ Yes,completed
3,360,345,03-26,+46.6%,+26.40%,0.5589,47,✓ Yes,completed
3,360,353,03-26,+45.9%,+26.10%,0.5585,47,✓ Yes,completed
3,360,360,03-26,+45.1%,+25.82%,0.5582,51,✓ Yes,completed
3,368,273,03-26,+54.2%,+27.73%,0.5567,43,✓ Yes,completed
3,368,281,03-26,+53.8%,+27.62%,0.5567,43,✓ Yes,completed
3,368,289,03-26,+52.4%,+27.71%,0.5584,42,✓ Yes,completed
3,368,297,03-26,+52.0%,+27.56%,0.5583,42,✓ Yes,completed
3,368,305,03-26,+49.4%,+27.27%,0.5597,43,✓ Yes,completed
3,368,313,03-26,+48.5%,+27.07%,0.5598,44,✓ Yes,completed
3,368,321,03-26,+47.9%,+26.78%,0.5593,44,✓ Yes,completed
3,368,329,03-26,+47.5%,+26.65%,0.5591,44,✓ Yes,completed
3,368,337,03-26,+46.5%,+26.26%,0.5586,45,✓ Yes,completed
3,368,345,03-26,+45.8%,+26.02%,0.5583,46,✓ Yes,completed
3,368,353,03-26,+45.1%,+25.85%,0.5583,46,✓ Yes,completed
3,368,361,03-26,+44.3%,+25.40%,0.5573,46,✓ Yes,completed
3,368,368,03-26,+43.2%,+25.31%,0.5581,49,✓ Yes,completed
3,296,273,03-29,+87.3%,+31.25%,0.5377,79,✓ Yes,completed
3,296,285,03-29,+81.9%,+31.23%,0.5430,78,✓ Yes,completed
3,296,296,03-29,+77.5%,+30.85%,0.5460,82,✓ Yes,completed
3,304,273,03-29,+83.3%,+31.21%,0.5415,77,✓ Yes,completed
3,304,283,03-29,+79.8%,+30.87%,0.5437,77,✓ Yes,completed
3,304,294,03-29,+74.2%,+30.99%,0.5497,75,✓ Yes,completed
3,304,304,03-29,+69.7%,+30.67%,0.5529,83,✓ Yes,completed
3,312,273,03-29,+79.7%,+30.68%,0.5430,74,✓ Yes,completed
3,312,281,03-29,+74.2%,+30.88%,0.5493,73,✓ Yes,completed
3,312,289,03-29,+70.9%,+31.00%,0.5531,71,✓ Yes,completed
3,312,297,03-29,+69.7%,+30.66%,0.5530,71,✓ Yes,completed
3,312,305,03-29,+67.3%,+30.21%,0.5536,76,✓ Yes,completed
3,312,312,03-29,+65.4%,+30.02%,0.5547,85,✓ Yes,completed
3,320,273,03-29,+72.3%,+30.78%,0.5508,66,✓ Yes,completed
3,320,281,03-29,+69.8%,+30.54%,0.5524,67,✓ Yes,completed
3,320,289,03-29,+68.9%,+30.42%,0.5528,67,✓ Yes,completed
3,320,297,03-29,+67.4%,+30.19%,0.5534,66,✓ Yes,completed
3,320,305,03-29,+65.5%,+30.06%,0.5548,71,✓ Yes,completed
3,320,313,03-29,+62.5%,+29.75%,0.5565,72,✓ Yes,completed
3,320,320,03-29,+60.6%,+29.22%,0.5563,83,✓ Yes,completed
3,328,273,03-29,+68.5%,+29.97%,0.5514,61,✓ Yes,completed
3,328,281,03-29,+66.4%,+29.89%,0.5532,61,✓ Yes,completed
3,328,289,03-29,+65.5%,+29.95%,0.5543,61,✓ Yes,completed
3,328,297,03-29,+63.5%,+29.92%,0.5562,60,✓ Yes,completed
3,328,305,03-29,+61.4%,+29.47%,0.5565,64,✓ Yes,completed
3,328,313,03-29,+59.9%,+29.09%,0.5565,66,✓ Yes,completed
3,328,321,03-29,+58.4%,+28.52%,0.5557,67,✓ Yes,completed
3,328,328,03-29,+57.1%,+27.98%,0.5548,74,✓ Yes,completed
3,336,273,03-29,+64.9%,+29.50%,0.5531,58,✓ Yes,completed
3,336,281,03-29,+62.4%,+29.49%,0.5556,57,✓ Yes,completed
3,336,289,03-29,+61.6%,+29.47%,0.5563,57,✓ Yes,completed
3,336,297,03-29,+60.8%,+29.17%,0.5559,57,✓ Yes,completed
3,336,305,03-29,+59.2%,+28.65%,0.5554,60,✓ Yes,completed
3,336,313,03-29,+57.8%,+28.27%,0.5553,62,✓ Yes,completed
3,336,321,03-29,+56.1%,+27.99%,0.5558,61,✓ Yes,completed
3,336,329,03-29,+54.1%,+27.63%,0.5564,61,✓ Yes,completed
3,336,336,03-29,+50.5%,+27.03%,0.5576,74,✓ Yes,completed
3,344,273,03-29,+60.5%,+28.80%,0.5547,52,✓ Yes,completed
3,344,281,03-29,+59.4%,+28.51%,0.5547,52,✓ Yes,completed
3,344,289,03-29,+58.8%,+28.37%,0.5546,52,✓ Yes,completed
3,344,297,03-29,+58.2%,+28.30%,0.5550,52,✓ Yes,completed
3,344,305,03-29,+56.0%,+27.78%,0.5552,54,✓ Yes,completed
3,344,313,03-29,+52.7%,+27.43%,0.5570,53,✓ Yes,completed
3,344,321,03-29,+51.8%,+27.05%,0.5564,53,✓ Yes,completed
3,344,329,03-29,+50.2%,+26.92%,0.5575,52,✓ Yes,completed
3,344,337,03-29,+46.5%,+26.61%,0.5599,53,✓ Yes,completed
3,344,344,03-29,+44.9%,+26.44%,0.5609,60,✓ Yes,completed
3,352,273,03-29,+58.6%,+28.02%,0.5534,51,✓ Yes,completed
3,352,281,03-29,+57.5%,+27.74%,0.5534,51,✓ Yes,completed
3,352,289,03-29,+57.0%,+27.62%,0.5535,51,✓ Yes,completed
3,352,297,03-29,+55.8%,+27.52%,0.5543,50,✓ Yes,completed
3,352,305,03-29,+52.5%,+27.28%,0.5566,50,✓ Yes,completed
3,352,313,03-29,+50.2%,+26.79%,0.5570,50,✓ Yes,completed
3,352,321,03-29,+48.2%,+26.67%,0.5585,49,✓ Yes,completed
3,352,329,03-29,+46.5%,+26.57%,0.5598,48,✓ Yes,completed
3,352,337,03-29,+44.5%,+26.25%,0.5605,48,✓ Yes,completed
3,352,345,03-29,+43.5%,+26.10%,0.5609,49,✓ Yes,completed
3,352,352,03-29,+42.5%,+25.59%,0.5598,52,✓ Yes,completed
3,360,273,03-29,+52.9%,+26.97%,0.5550,44,✓ Yes,completed
3,360,281,03-29,+52.4%,+26.96%,0.5554,44,✓ Yes,completed
3,360,289,03-29,+52.0%,+26.79%,0.5551,44,✓ Yes,completed
3,360,297,03-29,+50.6%,+26.80%,0.5566,43,✓ Yes,completed
3,360,305,03-29,+46.7%,+26.50%,0.5593,43,✓ Yes,completed
3,360,313,03-29,+45.0%,+26.40%,0.5606,43,✓ Yes,completed
3,360,321,03-29,+44.3%,+26.12%,0.5601,43,✓ Yes,completed
3,360,329,03-29,+43.8%,+26.08%,0.5605,43,✓ Yes,completed
3,360,337,03-29,+42.9%,+25.75%,0.5602,44,✓ Yes,completed
3,360,345,03-29,+42.1%,+25.40%,0.5595,45,✓ Yes,completed
3,360,353,03-29,+41.4%,+25.18%,0.5593,45,✓ Yes,completed
3,360,360,03-29,+40.6%,+24.71%,0.5582,48,✓ Yes,completed
3,368,273,03-29,+50.6%,+26.59%,0.5557,42,✓ Yes,completed
3,368,281,03-29,+50.3%,+26.49%,0.5557,42,✓ Yes,completed
3,368,289,03-29,+48.8%,+26.58%,0.5576,41,✓ Yes,completed
3,368,297,03-29,+48.3%,+26.44%,0.5574,41,✓ Yes,completed
3,368,305,03-29,+44.8%,+26.18%,0.5599,41,✓ Yes,completed
3,368,313,03-29,+43.9%,+25.98%,0.5600,42,✓ Yes,completed
3,368,321,03-29,+43.3%,+25.93%,0.5604,42,✓ Yes,completed
3,368,329,03-29,+42.9%,+25.72%,0.5600,42,✓ Yes,completed
3,368,337,03-29,+42.0%,+25.29%,0.5592,43,✓ Yes,completed
3,368,345,03-29,+41.3%,+25.05%,0.5589,44,✓ Yes,completed
3,368,353,03-29,+40.6%,+24.72%,0.5582,44,✓ Yes,completed
3,368,361,03-29,+39.8%,+24.48%,0.5581,44,✓ Yes,completed
3,368,368,03-29,+39.0%,+23.98%,0.5570,48,✓ Yes,completed
4,312,304,03-05,+96.5%,+37.65%,0.5541,88,✓ Yes,completed
4,312,312,03-05,+92.6%,+37.29%,0.5566,96,✓ Yes,completed
4,316,304,03-05,+94.9%,+37.54%,0.5552,86,✓ Yes,completed
4,316,308,03-05,+92.9%,+37.44%,0.5568,86,✓ Yes,completed
4,316,312,03-05,+90.8%,+37.24%,0.5581,86,✓ Yes,completed
4,316,316,03-05,+89.2%,+37.18%,0.5595,89,✓ Yes,completed
4,319,304,03-05,+92.9%,+37.41%,0.5567,84,✓ Yes,completed
4,319,308,03-05,+91.0%,+37.30%,0.5582,84,✓ Yes,completed
4,319,312,03-05,+89.2%,+37.16%,0.5595,84,✓ Yes,completed
4,319,316,03-05,+88.3%,+36.96%,0.5595,85,✓ Yes,completed
4,319,319,03-05,+87.2%,+36.74%,0.5598,92,✓ Yes,completed
4,323,304,03-05,+89.4%,+37.21%,0.5594,79,✓ Yes,completed
4,323,308,03-05,+88.7%,+36.96%,0.5592,80,✓ Yes,completed
4,323,312,03-05,+87.7%,+36.93%,0.5600,81,✓ Yes,completed
4,323,316,03-05,+86.9%,+36.64%,0.5596,81,✓ Yes,completed
4,323,319,03-05,+86.0%,+36.39%,0.5595,82,✓ Yes,completed
4,323,323,03-05,+85.3%,+36.16%,0.5593,86,✓ Yes,completed
4,327,304,03-05,+88.3%,+36.93%,0.5594,76,✓ Yes,completed
4,327,308,03-05,+87.7%,+36.92%,0.5600,77,✓ Yes,completed
4,327,312,03-05,+86.9%,+36.61%,0.5595,78,✓ Yes,completed
4,327,315,03-05,+86.2%,+36.41%,0.5595,78,✓ Yes,completed
4,327,319,03-05,+85.3%,+36.15%,0.5593,79,✓ Yes,completed
4,327,323,03-05,+84.8%,+36.02%,0.5593,79,✓ Yes,completed
4,327,327,03-05,+84.1%,+35.88%,0.5595,86,✓ Yes,completed
4,330,304,03-05,+87.0%,+36.61%,0.5595,72,✓ Yes,completed
4,330,308,03-05,+86.5%,+36.47%,0.5594,73,✓ Yes,completed
4,330,312,03-05,+85.7%,+36.32%,0.5596,74,✓ Yes,completed
4,330,315,03-05,+85.1%,+36.06%,0.5592,74,✓ Yes,completed
4,330,319,03-05,+84.2%,+35.92%,0.5594,74,✓ Yes,completed
4,330,323,03-05,+83.8%,+35.83%,0.5595,74,✓ Yes,completed
4,330,327,03-05,+83.2%,+35.57%,0.5591,75,✓ Yes,completed
4,330,330,03-05,+81.8%,+35.47%,0.5601,81,✓ Yes,completed
4,334,304,03-05,+86.1%,+36.35%,0.5593,71,✓ Yes,completed
4,334,308,03-05,+85.6%,+36.25%,0.5594,72,✓ Yes,completed
4,334,312,03-05,+84.9%,+35.99%,0.5591,73,✓ Yes,completed
4,334,315,03-05,+84.3%,+35.91%,0.5593,73,✓ Yes,completed
4,334,319,03-05,+83.5%,+35.68%,0.5592,73,✓ Yes,completed
4,334,323,03-05,+83.1%,+35.53%,0.5591,73,✓ Yes,completed
4,334,326,03-05,+81.9%,+35.52%,0.5602,73,✓ Yes,completed
4,334,330,03-05,+81.2%,+35.26%,0.5599,74,✓ Yes,completed
4,334,334,03-05,+80.6%,+35.11%,0.5599,85,✓ Yes,completed
4,337,304,03-05,+85.1%,+35.99%,0.5589,69,✓ Yes,completed
4,337,308,03-05,+84.7%,+35.92%,0.5590,70,✓ Yes,completed
4,337,312,03-05,+83.8%,+35.77%,0.5593,71,✓ Yes,completed
4,337,315,03-05,+83.3%,+35.56%,0.5590,71,✓ Yes,completed
4,337,319,03-05,+82.1%,+35.57%,0.5602,70,✓ Yes,completed
4,337,323,03-05,+81.7%,+35.43%,0.5600,70,✓ Yes,completed
4,337,326,03-05,+81.1%,+35.24%,0.5599,71,✓ Yes,completed
4,337,330,03-05,+80.3%,+35.09%,0.5600,72,✓ Yes,completed
4,337,334,03-05,+79.7%,+34.77%,0.5594,74,✓ Yes,completed
4,337,337,03-05,+78.9%,+34.51%,0.5592,84,✓ Yes,completed
4,341,304,03-05,+84.1%,+35.78%,0.5591,69,✓ Yes,completed
4,341,308,03-05,+83.3%,+35.51%,0.5587,69,✓ Yes,completed
4,341,312,03-05,+81.8%,+35.39%,0.5598,69,✓ Yes,completed
4,341,315,03-05,+81.3%,+35.23%,0.5596,69,✓ Yes,completed
4,341,319,03-05,+80.8%,+35.16%,0.5598,69,✓ Yes,completed
4,341,323,03-05,+80.4%,+35.09%,0.5599,69,✓ Yes,completed
4,341,326,03-05,+79.9%,+34.91%,0.5597,69,✓ Yes,completed
4,341,330,03-05,+79.2%,+34.60%,0.5592,70,✓ Yes,completed
4,341,334,03-05,+78.5%,+34.54%,0.5597,70,✓ Yes,completed
4,341,337,03-05,+77.9%,+34.30%,0.5593,71,✓ Yes,completed
4,341,341,03-05,+77.2%,+33.98%,0.5587,76,✓ Yes,completed
4,345,304,03-05,+81.9%,+35.43%,0.5598,64,✓ Yes,completed
4,345,308,03-05,+81.3%,+35.17%,0.5594,64,✓ Yes,completed
4,345,312,03-05,+80.6%,+35.07%,0.5597,65,✓ Yes,completed
4,345,315,03-05,+80.2%,+34.97%,0.5597,65,✓ Yes,completed
4,345,319,03-05,+79.8%,+34.83%,0.5595,65,✓ Yes,completed
4,345,323,03-05,+79.4%,+34.66%,0.5592,65,✓ Yes,completed
4,345,326,03-05,+79.0%,+34.55%,0.5592,65,✓ Yes,completed
4,345,330,03-05,+78.4%,+34.53%,0.5597,66,✓ Yes,completed
4,345,334,03-05,+77.7%,+34.20%,0.5591,66,✓ Yes,completed
4,345,337,03-05,+77.3%,+34.03%,0.5588,67,✓ Yes,completed
4,345,341,03-05,+76.7%,+33.81%,0.5585,68,✓ Yes,completed
4,345,345,03-05,+76.1%,+33.45%,0.5577,76,✓ Yes,completed
4,312,304,03-07,+94.8%,+38.08%,0.5575,87,✓ Yes,completed
4,312,312,03-07,+91.1%,+37.64%,0.5595,95,✓ Yes,completed
4,316,304,03-07,+93.2%,+37.93%,0.5585,85,✓ Yes,completed
4,316,308,03-07,+92.4%,+37.63%,0.5581,86,✓ Yes,completed
4,316,312,03-07,+89.3%,+37.61%,0.5611,85,✓ Yes,completed
4,316,316,03-07,+87.6%,+37.52%,0.5625,88,✓ Yes,completed
4,319,304,03-07,+92.4%,+37.60%,0.5580,84,✓ Yes,completed
4,319,308,03-07,+90.6%,+37.50%,0.5594,84,✓ Yes,completed
4,319,312,03-07,+87.5%,+37.50%,0.5625,83,✓ Yes,completed
4,319,316,03-07,+85.7%,+37.38%,0.5638,83,✓ Yes,completed
4,319,319,03-07,+84.6%,+37.08%,0.5637,90,✓ Yes,completed
4,323,304,03-07,+88.8%,+37.39%,0.5608,79,✓ Yes,completed
4,323,308,03-07,+87.0%,+37.30%,0.5622,79,✓ Yes,completed
4,323,312,03-07,+85.2%,+37.16%,0.5635,79,✓ Yes,completed
4,323,316,03-07,+84.4%,+37.08%,0.5640,79,✓ Yes,completed
4,323,319,03-07,+83.5%,+36.88%,0.5640,80,✓ Yes,completed
4,323,323,03-07,+82.8%,+36.61%,0.5637,84,✓ Yes,completed
4,327,304,03-07,+85.7%,+37.34%,0.5637,74,✓ Yes,completed
4,327,308,03-07,+85.1%,+37.14%,0.5634,75,✓ Yes,completed
4,327,312,03-07,+84.3%,+37.07%,0.5640,76,✓ Yes,completed
4,327,315,03-07,+83.6%,+36.93%,0.5641,76,✓ Yes,completed
4,327,319,03-07,+82.7%,+36.61%,0.5637,77,✓ Yes,completed
4,327,323,03-07,+82.3%,+36.51%,0.5638,77,✓ Yes,completed
4,327,327,03-07,+81.5%,+36.22%,0.5634,84,✓ Yes,completed
4,330,304,03-07,+84.4%,+37.04%,0.5638,70,✓ Yes,completed
4,330,308,03-07,+83.9%,+37.01%,0.5642,71,✓ Yes,completed
4,330,312,03-07,+83.1%,+36.71%,0.5637,72,✓ Yes,completed
4,330,315,03-07,+82.5%,+36.54%,0.5636,72,✓ Yes,completed
4,330,319,03-07,+81.7%,+36.31%,0.5636,72,✓ Yes,completed
4,330,323,03-07,+81.3%,+36.15%,0.5634,72,✓ Yes,completed
4,330,327,03-07,+80.6%,+36.05%,0.5635,73,✓ Yes,completed
4,330,330,03-07,+79.8%,+35.80%,0.5633,80,✓ Yes,completed
4,334,304,03-07,+83.6%,+36.85%,0.5638,69,✓ Yes,completed
4,334,308,03-07,+83.0%,+36.64%,0.5635,70,✓ Yes,completed
4,334,312,03-07,+82.3%,+36.47%,0.5636,71,✓ Yes,completed
4,334,315,03-07,+81.8%,+36.33%,0.5636,71,✓ Yes,completed
4,334,319,03-07,+80.9%,+36.09%,0.5634,71,✓ Yes,completed
4,334,323,03-07,+80.5%,+36.02%,0.5636,71,✓ Yes,completed
4,334,326,03-07,+79.9%,+35.84%,0.5635,72,✓ Yes,completed
4,334,330,03-07,+79.2%,+35.64%,0.5633,73,✓ Yes,completed
4,334,334,03-07,+78.1%,+35.53%,0.5641,83,✓ Yes,completed
4,337,304,03-07,+82.5%,+36.47%,0.5634,67,✓ Yes,completed
4,337,308,03-07,+82.1%,+36.41%,0.5636,68,✓ Yes,completed
4,337,312,03-07,+81.3%,+36.10%,0.5632,69,✓ Yes,completed
4,337,315,03-07,+80.8%,+36.03%,0.5634,69,✓ Yes,completed
4,337,319,03-07,+80.2%,+35.93%,0.5636,69,✓ Yes,completed
4,337,323,03-07,+79.7%,+35.75%,0.5633,69,✓ Yes,completed
4,337,326,03-07,+79.1%,+35.64%,0.5634,70,✓ Yes,completed
4,337,330,03-07,+77.8%,+35.44%,0.5640,70,✓ Yes,completed
4,337,334,03-07,+77.2%,+35.28%,0.5640,72,✓ Yes,completed
4,337,337,03-07,+76.4%,+35.03%,0.5638,82,✓ Yes,completed
4,341,304,03-07,+81.5%,+36.11%,0.5630,67,✓ Yes,completed
4,341,308,03-07,+80.7%,+35.96%,0.5631,67,✓ Yes,completed
4,341,312,03-07,+79.9%,+35.78%,0.5632,68,✓ Yes,completed
4,341,315,03-07,+79.5%,+35.60%,0.5629,68,✓ Yes,completed
4,341,319,03-07,+78.3%,+35.62%,0.5642,67,✓ Yes,completed
4,341,323,03-07,+77.9%,+35.46%,0.5639,67,✓ Yes,completed
4,341,326,03-07,+77.4%,+35.33%,0.5639,67,✓ Yes,completed
4,341,330,03-07,+76.7%,+35.17%,0.5640,68,✓ Yes,completed
4,341,334,03-07,+76.0%,+34.86%,0.5635,68,✓ Yes,completed
4,341,337,03-07,+75.4%,+34.67%,0.5633,69,✓ Yes,completed
4,341,341,03-07,+74.7%,+34.59%,0.5636,74,✓ Yes,completed
4,345,304,03-07,+80.2%,+35.84%,0.5632,63,✓ Yes,completed
4,345,308,03-07,+79.5%,+35.56%,0.5627,63,✓ Yes,completed
4,345,312,03-07,+78.0%,+35.47%,0.5639,63,✓ Yes,completed
4,345,315,03-07,+77.6%,+35.33%,0.5637,63,✓ Yes,completed
4,345,319,03-07,+77.3%,+35.29%,0.5638,63,✓ Yes,completed
4,345,323,03-07,+76.9%,+35.22%,0.5639,63,✓ Yes,completed
4,345,326,03-07,+76.5%,+35.11%,0.5639,63,✓ Yes,completed
4,345,330,03-07,+75.9%,+34.85%,0.5634,64,✓ Yes,completed
4,345,334,03-07,+75.2%,+34.63%,0.5633,64,✓ Yes,completed
4,345,337,03-07,+74.8%,+34.62%,0.5637,65,✓ Yes,completed
4,345,341,03-07,+74.3%,+34.40%,0.5633,66,✓ Yes,completed
4,345,345,03-07,+73.6%,+34.09%,0.5627,74,✓ Yes,completed
4,312,304,03-09,+93.9%,+37.78%,0.5572,86,✓ Yes,completed
4,312,312,03-09,+89.5%,+37.45%,0.5603,93,✓ Yes,completed
4,316,304,03-09,+92.6%,+37.63%,0.5579,84,✓ Yes,completed
4,316,308,03-09,+90.8%,+37.47%,0.5591,84,✓ Yes,completed
4,316,312,03-09,+88.9%,+37.22%,0.5600,84,✓ Yes,completed
4,316,316,03-09,+87.3%,+37.13%,0.5612,87,✓ Yes,completed
4,319,304,03-09,+90.8%,+37.45%,0.5590,82,✓ Yes,completed
4,319,308,03-09,+89.1%,+37.29%,0.5601,82,✓ Yes,completed
4,319,312,03-09,+87.2%,+37.10%,0.5612,82,✓ Yes,completed
4,319,316,03-09,+85.2%,+36.98%,0.5627,82,✓ Yes,completed
4,319,319,03-09,+82.2%,+36.88%,0.5653,87,✓ Yes,completed
4,323,304,03-09,+87.4%,+37.15%,0.5612,77,✓ Yes,completed
4,323,308,03-09,+85.5%,+37.08%,0.5628,77,✓ Yes,completed
4,323,312,03-09,+83.6%,+36.93%,0.5641,77,✓ Yes,completed
4,323,316,03-09,+81.9%,+36.85%,0.5655,76,✓ Yes,completed
4,323,319,03-09,+81.1%,+36.59%,0.5653,77,✓ Yes,completed
4,323,323,03-09,+80.4%,+36.56%,0.5659,81,✓ Yes,completed
4,327,304,03-09,+85.2%,+36.94%,0.5625,73,✓ Yes,completed
4,327,308,03-09,+83.6%,+36.91%,0.5641,73,✓ Yes,completed
4,327,312,03-09,+81.9%,+36.82%,0.5654,73,✓ Yes,completed
4,327,315,03-09,+81.2%,+36.60%,0.5652,73,✓ Yes,completed
4,327,319,03-09,+80.3%,+36.57%,0.5659,74,✓ Yes,completed
4,327,323,03-09,+79.9%,+36.41%,0.5658,74,✓ Yes,completed
4,327,327,03-09,+79.2%,+36.11%,0.5653,81,✓ Yes,completed
4,330,304,03-09,+81.9%,+36.81%,0.5653,67,✓ Yes,completed
4,330,308,03-09,+81.4%,+36.63%,0.5651,68,✓ Yes,completed
4,330,312,03-09,+80.7%,+36.56%,0.5655,69,✓ Yes,completed
4,330,315,03-09,+80.1%,+36.49%,0.5659,69,✓ Yes,completed
4,330,319,03-09,+79.3%,+36.16%,0.5653,69,✓ Yes,completed
4,330,323,03-09,+78.9%,+36.06%,0.5653,69,✓ Yes,completed
4,330,327,03-09,+78.3%,+35.93%,0.5654,70,✓ Yes,completed
4,330,330,03-09,+77.5%,+35.59%,0.5649,77,✓ Yes,completed
4,334,304,03-09,+81.2%,+36.54%,0.5650,66,✓ Yes,completed
4,334,308,03-09,+80.6%,+36.53%,0.5655,67,✓ Yes,completed
4,334,312,03-09,+79.9%,+36.39%,0.5656,68,✓ Yes,completed
4,334,315,03-09,+79.4%,+36.17%,0.5653,68,✓ Yes,completed
4,334,319,03-09,+78.6%,+35.98%,0.5653,68,✓ Yes,completed
4,334,323,03-09,+78.2%,+35.89%,0.5653,68,✓ Yes,completed
4,334,326,03-09,+77.6%,+35.62%,0.5649,69,✓ Yes,completed
4,334,330,03-09,+76.9%,+35.50%,0.5651,70,✓ Yes,completed
4,334,334,03-09,+76.3%,+35.30%,0.5649,81,✓ Yes,completed
4,337,304,03-09,+80.1%,+36.42%,0.5656,64,✓ Yes,completed
4,337,308,03-09,+79.7%,+36.24%,0.5653,65,✓ Yes,completed
4,337,312,03-09,+78.9%,+35.99%,0.5651,66,✓ Yes,completed
4,337,315,03-09,+78.4%,+35.92%,0.5653,66,✓ Yes,completed
4,337,319,03-09,+77.8%,+35.68%,0.5649,66,✓ Yes,completed
4,337,323,03-09,+77.4%,+35.58%,0.5649,66,✓ Yes,completed
4,337,326,03-09,+76.8%,+35.47%,0.5651,67,✓ Yes,completed
4,337,330,03-09,+76.1%,+35.23%,0.5648,68,✓ Yes,completed
4,337,334,03-09,+75.4%,+35.08%,0.5649,70,✓ Yes,completed
4,337,337,03-09,+74.1%,+34.82%,0.5652,79,✓ Yes,completed
4,341,304,03-09,+79.1%,+36.00%,0.5649,64,✓ Yes,completed
4,341,308,03-09,+78.4%,+35.85%,0.5650,64,✓ Yes,completed
4,341,312,03-09,+77.6%,+35.54%,0.5646,65,✓ Yes,completed
4,341,315,03-09,+77.1%,+35.48%,0.5648,65,✓ Yes,completed
4,341,319,03-09,+76.5%,+35.40%,0.5650,65,✓ Yes,completed
4,341,323,03-09,+76.2%,+35.25%,0.5648,65,✓ Yes,completed
4,341,326,03-09,+75.7%,+35.07%,0.5646,65,✓ Yes,completed
4,341,330,03-09,+74.4%,+34.99%,0.5656,65,✓ Yes,completed
4,341,334,03-09,+73.7%,+34.76%,0.5654,65,✓ Yes,completed
4,341,337,03-09,+73.2%,+34.65%,0.5654,66,✓ Yes,completed
4,341,341,03-09,+72.5%,+34.36%,0.5650,71,✓ Yes,completed
4,345,304,03-09,+77.8%,+35.58%,0.5645,60,✓ Yes,completed
4,345,308,03-09,+77.1%,+35.43%,0.5646,60,✓ Yes,completed
4,345,312,03-09,+76.4%,+35.29%,0.5648,61,✓ Yes,completed
4,345,315,03-09,+76.0%,+35.13%,0.5645,61,✓ Yes,completed
4,345,319,03-09,+75.6%,+35.04%,0.5645,61,✓ Yes,completed
4,345,323,03-09,+74.6%,+35.09%,0.5657,60,✓ Yes,completed
4,345,326,03-09,+74.2%,+34.90%,0.5654,60,✓ Yes,completed
4,345,330,03-09,+73.7%,+34.76%,0.5653,61,✓ Yes,completed
4,345,334,03-09,+73.0%,+34.61%,0.5655,61,✓ Yes,completed
4,345,337,03-09,+72.5%,+34.40%,0.5651,62,✓ Yes,completed
4,345,341,03-09,+72.0%,+34.17%,0.5647,63,✓ Yes,completed
4,345,345,03-09,+71.4%,+34.00%,0.5646,71,✓ Yes,completed
4,312,304,03-11,+91.0%,+36.89%,0.5566,84,✓ Yes,completed
4,312,312,03-11,+87.5%,+36.49%,0.5585,92,✓ Yes,completed
4,316,304,03-11,+90.3%,+36.66%,0.5563,83,✓ Yes,completed
4,316,308,03-11,+88.9%,+36.49%,0.5571,83,✓ Yes,completed
4,316,312,03-11,+86.9%,+36.26%,0.5582,83,✓ Yes,completed
4,316,316,03-11,+85.3%,+36.13%,0.5592,86,✓ Yes,completed
4,319,304,03-11,+88.9%,+36.47%,0.5570,81,✓ Yes,completed
4,319,308,03-11,+87.1%,+36.31%,0.5582,81,✓ Yes,completed
4,319,312,03-11,+85.3%,+36.09%,0.5591,81,✓ Yes,completed
4,319,316,03-11,+83.5%,+35.94%,0.5603,81,✓ Yes,completed
4,319,319,03-11,+80.2%,+35.86%,0.5633,86,✓ Yes,completed
4,323,304,03-11,+85.5%,+36.18%,0.5592,76,✓ Yes,completed
4,323,308,03-11,+83.8%,+36.03%,0.5603,76,✓ Yes,completed
4,323,312,03-11,+81.8%,+35.90%,0.5618,76,✓ Yes,completed
4,323,316,03-11,+79.9%,+35.79%,0.5632,75,✓ Yes,completed
4,323,319,03-11,+78.2%,+35.68%,0.5645,75,✓ Yes,completed
4,323,323,03-11,+77.6%,+35.43%,0.5642,79,✓ Yes,completed
4,327,304,03-11,+83.4%,+35.89%,0.5601,72,✓ Yes,completed
4,327,308,03-11,+81.7%,+35.88%,0.5618,72,✓ Yes,completed
4,327,312,03-11,+79.9%,+35.76%,0.5632,72,✓ Yes,completed
4,327,315,03-11,+78.3%,+35.72%,0.5645,71,✓ Yes,completed
4,327,319,03-11,+77.5%,+35.43%,0.5642,72,✓ Yes,completed
4,327,323,03-11,+77.1%,+35.42%,0.5646,72,✓ Yes,completed
4,327,327,03-11,+76.3%,+35.28%,0.5648,79,✓ Yes,completed
4,330,304,03-11,+79.9%,+35.75%,0.5631,66,✓ Yes,completed
4,330,308,03-11,+78.6%,+35.70%,0.5643,66,✓ Yes,completed
4,330,312,03-11,+77.8%,+35.51%,0.5642,67,✓ Yes,completed
4,330,315,03-11,+77.2%,+35.41%,0.5644,67,✓ Yes,completed
4,330,319,03-11,+76.4%,+35.34%,0.5649,67,✓ Yes,completed
4,330,323,03-11,+76.1%,+35.18%,0.5646,67,✓ Yes,completed
4,330,327,03-11,+75.5%,+34.95%,0.5643,68,✓ Yes,completed
4,330,330,03-11,+74.7%,+34.75%,0.5643,75,✓ Yes,completed
4,334,304,03-11,+78.3%,+35.65%,0.5643,64,✓ Yes,completed
4,334,308,03-11,+77.7%,+35.45%,0.5641,65,✓ Yes,completed
4,334,312,03-11,+77.0%,+35.38%,0.5645,66,✓ Yes,completed
4,334,315,03-11,+76.5%,+35.36%,0.5649,66,✓ Yes,completed
4,334,319,03-11,+75.8%,+35.02%,0.5643,66,✓ Yes,completed
4,334,323,03-11,+75.4%,+34.91%,0.5643,66,✓ Yes,completed
4,334,326,03-11,+74.8%,+34.78%,0.5643,67,✓ Yes,completed
4,334,330,03-11,+74.1%,+34.50%,0.5639,68,✓ Yes,completed
4,334,334,03-11,+73.5%,+34.31%,0.5637,78,✓ Yes,completed
4,337,304,03-11,+77.3%,+35.35%,0.5641,62,✓ Yes,completed
4,337,308,03-11,+76.8%,+35.34%,0.5645,63,✓ Yes,completed
4,337,312,03-11,+76.0%,+35.10%,0.5644,64,✓ Yes,completed
4,337,315,03-11,+75.6%,+34.93%,0.5642,64,✓ Yes,completed
4,337,319,03-11,+75.0%,+34.79%,0.5641,64,✓ Yes,completed
4,337,323,03-11,+74.6%,+34.73%,0.5643,64,✓ Yes,completed
4,337,326,03-11,+74.0%,+34.45%,0.5638,65,✓ Yes,completed
4,337,330,03-11,+73.3%,+34.29%,0.5638,66,✓ Yes,completed
4,337,334,03-11,+72.7%,+34.12%,0.5638,68,✓ Yes,completed
4,337,337,03-11,+71.8%,+33.81%,0.5634,78,✓ Yes,completed
4,341,304,03-11,+76.3%,+35.15%,0.5643,62,✓ Yes,completed
4,341,308,03-11,+75.5%,+34.85%,0.5639,62,✓ Yes,completed
4,341,312,03-11,+74.7%,+34.69%,0.5640,63,✓ Yes,completed
4,341,315,03-11,+74.3%,+34.52%,0.5638,63,✓ Yes,completed
4,341,319,03-11,+73.7%,+34.34%,0.5636,63,✓ Yes,completed
4,341,323,03-11,+73.4%,+34.29%,0.5637,63,✓ Yes,completed
4,341,326,03-11,+72.9%,+34.21%,0.5639,63,✓ Yes,completed
4,341,330,03-11,+72.2%,+33.89%,0.5634,64,✓ Yes,completed
4,341,334,03-11,+71.0%,+33.88%,0.5646,63,✓ Yes,completed
4,341,337,03-11,+70.4%,+33.62%,0.5641,64,✓ Yes,completed
4,341,341,03-11,+69.8%,+33.44%,0.5640,69,✓ Yes,completed
4,345,304,03-11,+75.0%,+34.68%,0.5638,58,✓ Yes,completed
4,345,308,03-11,+74.3%,+34.46%,0.5636,58,✓ Yes,completed
4,345,312,03-11,+73.5%,+34.27%,0.5635,59,✓ Yes,completed
4,345,315,03-11,+73.2%,+34.21%,0.5637,59,✓ Yes,completed
4,345,319,03-11,+72.8%,+34.15%,0.5638,59,✓ Yes,completed
4,345,323,03-11,+72.4%,+33.99%,0.5635,59,✓ Yes,completed
4,345,326,03-11,+72.0%,+33.83%,0.5633,59,✓ Yes,completed
4,345,330,03-11,+70.9%,+33.85%,0.5645,59,✓ Yes,completed
4,345,334,03-11,+70.2%,+33.55%,0.5640,59,✓ Yes,completed
4,345,337,03-11,+69.8%,+33.47%,0.5641,60,✓ Yes,completed
4,345,341,03-11,+69.3%,+33.36%,0.5641,61,✓ Yes,completed
4,345,345,03-11,+68.7%,+33.04%,0.5635,69,✓ Yes,completed
4,312,304,03-13,+87.3%,+35.59%,0.5551,84,✓ Yes,completed
4,312,312,03-13,+83.8%,+35.18%,0.5569,92,✓ Yes,completed
4,316,304,03-13,+86.6%,+35.35%,0.5548,83,✓ Yes,completed
4,316,308,03-13,+85.2%,+35.18%,0.5555,83,✓ Yes,completed
4,316,312,03-13,+83.2%,+34.94%,0.5566,83,✓ Yes,completed
4,316,316,03-13,+81.7%,+34.81%,0.5576,86,✓ Yes,completed
4,319,304,03-13,+85.2%,+35.15%,0.5555,81,✓ Yes,completed
4,319,308,03-13,+83.4%,+34.99%,0.5566,81,✓ Yes,completed
4,319,312,03-13,+81.6%,+34.77%,0.5575,81,✓ Yes,completed
4,319,316,03-13,+79.8%,+34.61%,0.5587,81,✓ Yes,completed
4,319,319,03-13,+76.5%,+34.53%,0.5616,86,✓ Yes,completed
4,323,304,03-13,+81.8%,+34.85%,0.5576,76,✓ Yes,completed
4,323,308,03-13,+80.1%,+34.71%,0.5587,76,✓ Yes,completed
4,323,312,03-13,+78.1%,+34.57%,0.5602,76,✓ Yes,completed
4,323,316,03-13,+76.2%,+34.45%,0.5616,75,✓ Yes,completed
4,323,319,03-13,+74.5%,+34.35%,0.5629,75,✓ Yes,completed
4,323,323,03-13,+73.9%,+34.09%,0.5625,79,✓ Yes,completed
4,327,304,03-13,+79.8%,+34.56%,0.5585,72,✓ Yes,completed
4,327,308,03-13,+78.0%,+34.55%,0.5601,72,✓ Yes,completed
4,327,312,03-13,+76.2%,+34.43%,0.5615,72,✓ Yes,completed
4,327,315,03-13,+74.6%,+34.38%,0.5629,71,✓ Yes,completed
4,327,319,03-13,+73.8%,+34.09%,0.5626,72,✓ Yes,completed
4,327,323,03-13,+73.4%,+34.07%,0.5629,72,✓ Yes,completed
4,327,327,03-13,+72.7%,+33.93%,0.5631,79,✓ Yes,completed
4,330,304,03-13,+76.2%,+34.42%,0.5614,66,✓ Yes,completed
4,330,308,03-13,+74.9%,+34.37%,0.5626,66,✓ Yes,completed
4,330,312,03-13,+74.2%,+34.17%,0.5625,67,✓ Yes,completed
4,330,315,03-13,+73.5%,+34.07%,0.5627,67,✓ Yes,completed
4,330,319,03-13,+72.7%,+33.99%,0.5632,67,✓ Yes,completed
4,330,323,03-13,+72.4%,+33.83%,0.5629,67,✓ Yes,completed
4,330,327,03-13,+71.8%,+33.59%,0.5626,68,✓ Yes,completed
4,330,330,03-13,+71.0%,+33.38%,0.5625,75,✓ Yes,completed
4,334,304,03-13,+74.6%,+34.31%,0.5627,64,✓ Yes,completed
4,334,308,03-13,+74.0%,+34.11%,0.5624,65,✓ Yes,completed
4,334,312,03-13,+73.3%,+34.03%,0.5628,66,✓ Yes,completed
4,334,315,03-13,+72.9%,+34.01%,0.5632,66,✓ Yes,completed
4,334,319,03-13,+72.1%,+33.66%,0.5626,66,✓ Yes,completed
4,334,323,03-13,+71.7%,+33.56%,0.5625,66,✓ Yes,completed
4,334,326,03-13,+71.1%,+33.41%,0.5626,67,✓ Yes,completed
4,334,330,03-13,+70.4%,+33.13%,0.5621,68,✓ Yes,completed
4,334,334,03-13,+69.8%,+32.94%,0.5619,78,✓ Yes,completed
4,337,304,03-13,+73.6%,+34.00%,0.5624,62,✓ Yes,completed
4,337,308,03-13,+73.1%,+33.99%,0.5628,63,✓ Yes,completed
4,337,312,03-13,+72.3%,+33.75%,0.5627,64,✓ Yes,completed
4,337,315,03-13,+71.9%,+33.57%,0.5624,64,✓ Yes,completed
4,337,319,03-13,+71.3%,+33.43%,0.5624,64,✓ Yes,completed
4,337,323,03-13,+71.0%,+33.37%,0.5625,64,✓ Yes,completed
4,337,326,03-13,+70.3%,+33.08%,0.5620,65,✓ Yes,completed
4,337,330,03-13,+69.6%,+32.92%,0.5620,66,✓ Yes,completed
4,337,334,03-13,+69.0%,+32.74%,0.5620,68,✓ Yes,completed
4,337,337,03-13,+68.2%,+32.42%,0.5615,78,✓ Yes,completed
4,341,304,03-13,+72.6%,+33.80%,0.5626,62,✓ Yes,completed
4,341,308,03-13,+71.8%,+33.49%,0.5621,62,✓ Yes,completed
4,341,312,03-13,+71.0%,+33.33%,0.5623,63,✓ Yes,completed
4,341,315,03-13,+70.6%,+33.16%,0.5620,63,✓ Yes,completed
4,341,319,03-13,+70.1%,+32.97%,0.5618,63,✓ Yes,completed
4,341,323,03-13,+69.7%,+32.91%,0.5619,63,✓ Yes,completed
4,341,326,03-13,+69.2%,+32.83%,0.5621,63,✓ Yes,completed
4,341,330,03-13,+68.5%,+32.50%,0.5615,64,✓ Yes,completed
4,341,334,03-13,+67.3%,+32.49%,0.5627,63,✓ Yes,completed
4,341,337,03-13,+66.7%,+32.23%,0.5622,64,✓ Yes,completed
4,341,341,03-13,+66.1%,+32.05%,0.5621,69,✓ Yes,completed
4,345,304,03-13,+71.3%,+33.32%,0.5620,58,✓ Yes,completed
4,345,308,03-13,+70.6%,+33.09%,0.5618,58,✓ Yes,completed
4,345,312,03-13,+69.9%,+32.89%,0.5617,59,✓ Yes,completed
4,345,315,03-13,+69.5%,+32.84%,0.5619,59,✓ Yes,completed
4,345,319,03-13,+69.1%,+32.77%,0.5620,59,✓ Yes,completed
4,345,323,03-13,+68.7%,+32.61%,0.5617,59,✓ Yes,completed
4,345,326,03-13,+68.3%,+32.45%,0.5615,59,✓ Yes,completed
4,345,330,03-13,+67.2%,+32.47%,0.5626,59,✓ Yes,completed
4,345,334,03-13,+66.5%,+32.16%,0.5621,59,✓ Yes,completed
4,345,337,03-13,+66.1%,+32.07%,0.5622,60,✓ Yes,completed
4,345,341,03-13,+65.6%,+31.96%,0.5622,61,✓ Yes,completed
4,345,345,03-13,+65.0%,+31.63%,0.5615,69,✓ Yes,completed
4,312,304,03-15,+83.6%,+34.63%,0.5549,84,✓ Yes,completed
4,312,312,03-15,+80.1%,+34.21%,0.5567,92,✓ Yes,completed
4,316,304,03-15,+83.0%,+34.38%,0.5546,83,✓ Yes,completed
4,316,308,03-15,+81.5%,+34.21%,0.5553,83,✓ Yes,completed
4,316,312,03-15,+79.5%,+33.97%,0.5564,83,✓ Yes,completed
4,316,316,03-15,+78.0%,+33.83%,0.5573,86,✓ Yes,completed
4,319,304,03-15,+81.5%,+34.18%,0.5553,81,✓ Yes,completed
4,319,308,03-15,+79.7%,+34.02%,0.5564,81,✓ Yes,completed
4,319,312,03-15,+77.9%,+33.79%,0.5573,81,✓ Yes,completed
4,319,316,03-15,+76.1%,+33.63%,0.5584,81,✓ Yes,completed
4,319,319,03-15,+72.8%,+33.55%,0.5614,86,✓ Yes,completed
4,323,304,03-15,+78.1%,+33.87%,0.5574,76,✓ Yes,completed
4,323,308,03-15,+76.4%,+33.73%,0.5585,76,✓ Yes,completed
4,323,312,03-15,+74.4%,+33.58%,0.5600,76,✓ Yes,completed
4,323,316,03-15,+72.5%,+33.47%,0.5613,75,✓ Yes,completed
4,323,319,03-15,+70.8%,+33.36%,0.5626,75,✓ Yes,completed
4,323,323,03-15,+70.2%,+33.09%,0.5622,79,✓ Yes,completed
4,327,304,03-15,+76.1%,+33.58%,0.5582,72,✓ Yes,completed
4,327,308,03-15,+74.4%,+33.56%,0.5599,72,✓ Yes,completed
4,327,312,03-15,+72.5%,+33.44%,0.5613,72,✓ Yes,completed
4,327,315,03-15,+70.9%,+33.39%,0.5626,71,✓ Yes,completed
4,327,319,03-15,+70.1%,+33.09%,0.5623,72,✓ Yes,completed
4,327,323,03-15,+69.7%,+33.08%,0.5626,72,✓ Yes,completed
4,327,327,03-15,+69.0%,+32.93%,0.5628,79,✓ Yes,completed
4,330,304,03-15,+72.6%,+33.43%,0.5612,66,✓ Yes,completed
4,330,308,03-15,+71.2%,+33.38%,0.5623,66,✓ Yes,completed
4,330,312,03-15,+70.5%,+33.18%,0.5622,67,✓ Yes,completed
4,330,315,03-15,+69.9%,+33.07%,0.5624,67,✓ Yes,completed
4,330,319,03-15,+69.1%,+32.99%,0.5629,67,✓ Yes,completed
4,330,323,03-15,+68.7%,+32.82%,0.5626,67,✓ Yes,completed
4,330,327,03-15,+68.1%,+32.58%,0.5622,68,✓ Yes,completed
4,330,330,03-15,+67.3%,+32.37%,0.5622,75,✓ Yes,completed
4,334,304,03-15,+70.9%,+33.32%,0.5624,64,✓ Yes,completed
4,334,308,03-15,+70.4%,+33.11%,0.5621,65,✓ Yes,completed
4,334,312,03-15,+69.6%,+33.04%,0.5625,66,✓ Yes,completed
4,334,315,03-15,+69.2%,+33.01%,0.5629,66,✓ Yes,completed
4,334,319,03-15,+68.4%,+32.66%,0.5622,66,✓ Yes,completed
4,334,323,03-15,+68.0%,+32.55%,0.5622,66,✓ Yes,completed
4,334,326,03-15,+67.4%,+32.40%,0.5622,67,✓ Yes,completed
4,334,330,03-15,+66.8%,+32.11%,0.5617,68,✓ Yes,completed
4,334,334,03-15,+66.2%,+31.92%,0.5615,78,✓ Yes,completed
4,337,304,03-15,+69.9%,+33.00%,0.5621,62,✓ Yes,completed
4,337,308,03-15,+69.5%,+32.99%,0.5625,63,✓ Yes,completed
4,337,312,03-15,+68.6%,+32.74%,0.5623,64,✓ Yes,completed
4,337,315,03-15,+68.2%,+32.57%,0.5621,64,✓ Yes,completed
4,337,319,03-15,+67.6%,+32.41%,0.5620,64,✓ Yes,completed
4,337,323,03-15,+67.3%,+32.35%,0.5622,64,✓ Yes,completed
4,337,326,03-15,+66.7%,+32.06%,0.5616,65,✓ Yes,completed
4,337,330,03-15,+65.9%,+31.89%,0.5616,66,✓ Yes,completed
4,337,334,03-15,+65.3%,+31.71%,0.5616,68,✓ Yes,completed
4,337,337,03-15,+64.5%,+31.39%,0.5611,78,✓ Yes,completed
4,341,304,03-15,+68.9%,+32.79%,0.5623,62,✓ Yes,completed
4,341,308,03-15,+68.1%,+32.48%,0.5618,62,✓ Yes,completed
4,341,312,03-15,+67.3%,+32.31%,0.5619,63,✓ Yes,completed
4,341,315,03-15,+66.9%,+32.14%,0.5616,63,✓ Yes,completed
4,341,319,03-15,+66.4%,+31.95%,0.5614,63,✓ Yes,completed
4,341,323,03-15,+66.0%,+31.89%,0.5615,63,✓ Yes,completed
4,341,326,03-15,+65.5%,+31.81%,0.5617,63,✓ Yes,completed
4,341,330,03-15,+64.8%,+31.47%,0.5611,64,✓ Yes,completed
4,341,334,03-15,+63.6%,+31.46%,0.5623,63,✓ Yes,completed
4,341,337,03-15,+63.0%,+31.19%,0.5617,64,✓ Yes,completed
4,341,341,03-15,+62.4%,+31.00%,0.5616,69,✓ Yes,completed
4,345,304,03-15,+67.6%,+32.30%,0.5616,58,✓ Yes,completed
4,345,308,03-15,+66.9%,+32.07%,0.5614,58,✓ Yes,completed
4,345,312,03-15,+66.2%,+31.87%,0.5613,59,✓ Yes,completed
4,345,315,03-15,+65.8%,+31.81%,0.5615,59,✓ Yes,completed
4,345,319,03-15,+65.4%,+31.75%,0.5616,59,✓ Yes,completed
4,345,323,03-15,+65.0%,+31.58%,0.5613,59,✓ Yes,completed
4,345,326,03-15,+64.6%,+31.41%,0.5610,59,✓ Yes,completed
4,345,330,03-15,+63.5%,+31.43%,0.5622,59,✓ Yes,completed
4,345,334,03-15,+62.8%,+31.12%,0.5616,59,✓ Yes,completed
4,345,337,03-15,+62.4%,+31.03%,0.5617,60,✓ Yes,completed
4,345,341,03-15,+61.9%,+30.92%,0.5617,61,✓ Yes,completed
4,345,345,03-15,+61.3%,+30.58%,0.5610,69,✓ Yes,completed
4,312,304,03-17,+80.9%,+34.58%,0.5574,82,✓ Yes,completed
4,312,312,03-17,+78.4%,+34.13%,0.5581,91,✓ Yes,completed
4,316,304,03-17,+80.3%,+34.49%,0.5577,81,✓ Yes,completed
4,316,308,03-17,+79.4%,+34.14%,0.5571,82,✓ Yes,completed
4,316,312,03-17,+77.8%,+33.91%,0.5578,82,✓ Yes,completed
4,316,316,03-17,+76.2%,+33.79%,0.5590,85,✓ Yes,completed
4,319,304,03-17,+79.5%,+34.13%,0.5571,80,✓ Yes,completed
4,319,308,03-17,+78.0%,+34.00%,0.5580,80,✓ Yes,completed
4,319,312,03-17,+76.1%,+33.77%,0.5590,80,✓ Yes,completed
4,319,316,03-17,+74.4%,+33.58%,0.5599,80,✓ Yes,completed
4,319,319,03-17,+72.4%,+33.28%,0.5608,86,✓ Yes,completed
4,323,304,03-17,+76.4%,+33.86%,0.5591,75,✓ Yes,completed
4,323,308,03-17,+74.7%,+33.70%,0.5601,75,✓ Yes,completed
4,323,312,03-17,+72.8%,+33.44%,0.5609,75,✓ Yes,completed
4,323,316,03-17,+70.9%,+33.37%,0.5625,74,✓ Yes,completed
4,323,319,03-17,+69.1%,+33.23%,0.5639,74,✓ Yes,completed
4,323,323,03-17,+68.4%,+33.00%,0.5636,78,✓ Yes,completed
4,327,304,03-17,+74.3%,+33.52%,0.5597,71,✓ Yes,completed
4,327,308,03-17,+72.8%,+33.43%,0.5609,71,✓ Yes,completed
4,327,312,03-17,+70.9%,+33.34%,0.5625,71,✓ Yes,completed
4,327,315,03-17,+69.1%,+33.25%,0.5638,70,✓ Yes,completed
4,327,319,03-17,+67.5%,+33.09%,0.5649,70,✓ Yes,completed
4,327,323,03-17,+67.1%,+33.00%,0.5649,70,✓ Yes,completed
4,327,327,03-17,+66.4%,+32.73%,0.5646,77,✓ Yes,completed
4,330,304,03-17,+71.0%,+33.32%,0.5623,65,✓ Yes,completed
4,330,308,03-17,+70.5%,+33.16%,0.5622,66,✓ Yes,completed
4,330,312,03-17,+68.7%,+33.06%,0.5636,66,✓ Yes,completed
4,330,315,03-17,+67.2%,+33.05%,0.5650,65,✓ Yes,completed
4,330,319,03-17,+66.4%,+32.76%,0.5646,65,✓ Yes,completed
4,330,323,03-17,+66.1%,+32.75%,0.5649,65,✓ Yes,completed
4,330,327,03-17,+65.5%,+32.71%,0.5653,66,✓ Yes,completed
4,330,330,03-17,+64.7%,+32.32%,0.5645,73,✓ Yes,completed
4,334,304,03-17,+69.1%,+33.19%,0.5636,63,✓ Yes,completed
4,334,308,03-17,+68.6%,+33.00%,0.5634,64,✓ Yes,completed
4,334,312,03-17,+67.0%,+32.94%,0.5648,64,✓ Yes,completed
4,334,315,03-17,+66.5%,+32.76%,0.5645,64,✓ Yes,completed
4,334,319,03-17,+65.8%,+32.72%,0.5651,64,✓ Yes,completed
4,334,323,03-17,+65.4%,+32.68%,0.5653,64,✓ Yes,completed
4,334,326,03-17,+64.8%,+32.38%,0.5647,65,✓ Yes,completed
4,334,330,03-17,+64.2%,+32.14%,0.5644,66,✓ Yes,completed
4,334,334,03-17,+63.6%,+31.97%,0.5643,76,✓ Yes,completed
4,337,304,03-17,+67.2%,+32.99%,0.5647,60,✓ Yes,completed
4,337,308,03-17,+66.8%,+32.82%,0.5645,61,✓ Yes,completed
4,337,312,03-17,+66.0%,+32.69%,0.5648,62,✓ Yes,completed
4,337,315,03-17,+65.6%,+32.68%,0.5652,62,✓ Yes,completed
4,337,319,03-17,+65.0%,+32.46%,0.5648,62,✓ Yes,completed
4,337,323,03-17,+64.7%,+32.30%,0.5645,62,✓ Yes,completed
4,337,326,03-17,+64.1%,+32.10%,0.5643,63,✓ Yes,completed
4,337,330,03-17,+63.3%,+31.89%,0.5642,64,✓ Yes,completed
4,337,334,03-17,+62.7%,+31.61%,0.5638,66,✓ Yes,completed
4,337,337,03-17,+61.9%,+31.42%,0.5638,76,✓ Yes,completed
4,341,304,03-17,+66.2%,+32.63%,0.5643,60,✓ Yes,completed
4,341,308,03-17,+65.5%,+32.60%,0.5649,60,✓ Yes,completed
4,341,312,03-17,+64.7%,+32.25%,0.5643,61,✓ Yes,completed
4,341,315,03-17,+64.3%,+32.13%,0.5642,61,✓ Yes,completed
4,341,319,03-17,+63.7%,+32.01%,0.5643,61,✓ Yes,completed
4,341,323,03-17,+63.4%,+31.91%,0.5642,61,✓ Yes,completed
4,341,326,03-17,+62.9%,+31.67%,0.5637,61,✓ Yes,completed
4,341,330,03-17,+62.2%,+31.50%,0.5638,62,✓ Yes,completed
4,341,334,03-17,+61.5%,+31.30%,0.5637,62,✓ Yes,completed
4,341,337,03-17,+61.0%,+31.04%,0.5632,63,✓ Yes,completed
4,341,341,03-17,+59.8%,+31.01%,0.5642,67,✓ Yes,completed
4,345,304,03-17,+64.9%,+32.32%,0.5643,56,✓ Yes,completed
4,345,308,03-17,+64.3%,+32.07%,0.5640,56,✓ Yes,completed
4,345,312,03-17,+63.5%,+31.91%,0.5641,57,✓ Yes,completed
4,345,315,03-17,+63.2%,+31.74%,0.5638,57,✓ Yes,completed
4,345,319,03-17,+62.8%,+31.60%,0.5636,57,✓ Yes,completed
4,345,323,03-17,+62.5%,+31.54%,0.5637,57,✓ Yes,completed
4,345,326,03-17,+62.0%,+31.47%,0.5638,57,✓ Yes,completed
4,345,330,03-17,+61.5%,+31.29%,0.5637,58,✓ Yes,completed
4,345,334,03-17,+60.8%,+31.04%,0.5634,58,✓ Yes,completed
4,345,337,03-17,+59.8%,+31.04%,0.5643,58,✓ Yes,completed
4,345,341,03-17,+59.3%,+30.80%,0.5639,59,✓ Yes,completed
4,345,345,03-17,+58.8%,+30.62%,0.5637,67,✓ Yes,completed
5,319,312,03-06,+88.8%,+37.29%,0.5604,84,✓ Yes,completed
5,319,314,03-06,+87.5%,+37.33%,0.5618,83,✓ Yes,completed
5,319,316,03-06,+87.1%,+37.17%,0.5616,84,✓ Yes,completed
5,319,318,03-06,+86.7%,+37.07%,0.5616,85,✓ Yes,completed
5,319,319,03-06,+86.0%,+37.04%,0.5622,91,✓ Yes,completed
5,321,312,03-06,+87.5%,+37.33%,0.5618,81,✓ Yes,completed
5,321,314,03-06,+87.1%,+37.18%,0.5616,81,✓ Yes,completed
5,321,316,03-06,+86.7%,+37.07%,0.5616,82,✓ Yes,completed
5,321,317,03-06,+86.2%,+37.06%,0.5620,83,✓ Yes,completed
5,321,319,03-06,+85.5%,+36.93%,0.5622,86,✓ Yes,completed
5,321,321,03-06,+85.3%,+36.82%,0.5620,86,✓ Yes,completed
5,323,312,03-06,+87.2%,+37.20%,0.5616,80,✓ Yes,completed
5,323,314,03-06,+86.7%,+37.08%,0.5616,80,✓ Yes,completed
5,323,315,03-06,+86.3%,+37.07%,0.5619,81,✓ Yes,completed
5,323,317,03-06,+85.9%,+37.05%,0.5623,82,✓ Yes,completed
5,323,319,03-06,+85.1%,+36.75%,0.5619,84,✓ Yes,completed
5,323,321,03-06,+84.9%,+36.67%,0.5618,84,✓ Yes,completed
5,323,323,03-06,+84.5%,+36.56%,0.5617,88,✓ Yes,completed
5,324,312,03-06,+86.2%,+37.04%,0.5620,80,✓ Yes,completed
5,324,314,03-06,+85.8%,+37.02%,0.5623,80,✓ Yes,completed
5,324,315,03-06,+85.4%,+36.87%,0.5621,80,✓ Yes,completed
5,324,317,03-06,+85.0%,+36.71%,0.5618,80,✓ Yes,completed
5,324,319,03-06,+84.8%,+36.65%,0.5618,80,✓ Yes,completed
5,324,321,03-06,+84.3%,+36.51%,0.5618,81,✓ Yes,completed
5,324,322,03-06,+84.0%,+36.47%,0.5619,81,✓ Yes,completed
5,324,324,03-06,+83.6%,+36.32%,0.5617,85,✓ Yes,completed
5,326,312,03-06,+85.8%,+37.03%,0.5623,78,✓ Yes,completed
5,326,313,03-06,+85.5%,+36.91%,0.5622,78,✓ Yes,completed
5,326,315,03-06,+85.1%,+36.76%,0.5619,78,✓ Yes,completed
5,326,317,03-06,+84.9%,+36.68%,0.5618,78,✓ Yes,completed
5,326,318,03-06,+84.6%,+36.59%,0.5618,78,✓ Yes,completed
5,326,320,03-06,+84.3%,+36.52%,0.5618,79,✓ Yes,completed
5,326,321,03-06,+83.9%,+36.47%,0.5619,79,✓ Yes,completed
5,326,323,03-06,+83.8%,+36.42%,0.5619,79,✓ Yes,completed
5,326,324,03-06,+83.5%,+36.26%,0.5616,81,✓ Yes,completed
5,326,326,03-06,+83.2%,+36.14%,0.5614,88,✓ Yes,completed
5,327,312,03-06,+85.3%,+36.83%,0.5620,76,✓ Yes,completed
5,327,313,03-06,+85.0%,+36.69%,0.5618,76,✓ Yes,completed
5,327,315,03-06,+84.7%,+36.61%,0.5618,76,✓ Yes,completed
5,327,317,03-06,+84.4%,+36.55%,0.5618,76,✓ Yes,completed
5,327,318,03-06,+84.1%,+36.49%,0.5618,76,✓ Yes,completed
5,327,320,03-06,+83.8%,+36.40%,0.5618,77,✓ Yes,completed
5,327,321,03-06,+83.4%,+36.25%,0.5616,77,✓ Yes,completed
5,327,323,03-06,+83.3%,+36.21%,0.5615,77,✓ Yes,completed
5,327,324,03-06,+83.0%,+36.12%,0.5615,77,✓ Yes,completed
5,327,326,03-06,+82.7%,+36.08%,0.5616,78,✓ Yes,completed
5,327,327,03-06,+82.4%,+36.00%,0.5616,84,✓ Yes,completed
5,329,312,03-06,+84.7%,+36.59%,0.5617,74,✓ Yes,completed
5,329,313,03-06,+84.3%,+36.50%,0.5617,74,✓ Yes,completed
5,329,315,03-06,+84.0%,+36.47%,0.5619,74,✓ Yes,completed
5,329,317,03-06,+83.8%,+36.42%,0.5619,74,✓ Yes,completed
5,329,318,03-06,+83.5%,+36.29%,0.5616,74,✓ Yes,completed
5,329,320,03-06,+83.2%,+36.15%,0.5614,75,✓ Yes,completed
5,329,321,03-06,+82.8%,+36.09%,0.5615,75,✓ Yes,completed
5,329,323,03-06,+82.7%,+36.08%,0.5616,75,✓ Yes,completed
5,329,324,03-06,+82.4%,+36.03%,0.5617,75,✓ Yes,completed
5,329,326,03-06,+82.2%,+36.00%,0.5618,75,✓ Yes,completed
5,329,328,03-06,+81.9%,+35.88%,0.5617,77,✓ Yes,completed
5,329,329,03-06,+81.5%,+35.71%,0.5613,84,✓ Yes,completed
5,331,312,03-06,+84.5%,+36.54%,0.5617,73,✓ Yes,completed
5,331,314,03-06,+84.2%,+36.48%,0.5618,73,✓ Yes,completed
5,331,315,03-06,+83.8%,+36.42%,0.5619,73,✓ Yes,completed
5,331,317,03-06,+83.7%,+36.35%,0.5617,73,✓ Yes,completed
5,331,318,03-06,+83.3%,+36.21%,0.5615,73,✓ Yes,completed
5,331,320,03-06,+83.0%,+36.12%,0.5615,73,✓ Yes,completed
5,331,321,03-06,+82.7%,+36.07%,0.5616,73,✓ Yes,completed
5,331,323,03-06,+82.6%,+36.05%,0.5616,73,✓ Yes,completed
5,331,324,03-06,+82.3%,+36.01%,0.5617,73,✓ Yes,completed
5,331,326,03-06,+82.0%,+35.93%,0.5617,74,✓ Yes,completed
5,331,328,03-06,+81.8%,+35.84%,0.5616,75,✓ Yes,completed
5,331,329,03-06,+81.4%,+35.66%,0.5613,76,✓ Yes,completed
5,331,331,03-06,+81.2%,+35.61%,0.5613,81,✓ Yes,completed
5,332,312,03-06,+83.8%,+36.41%,0.5618,72,✓ Yes,completed
5,332,314,03-06,+83.5%,+36.28%,0.5616,72,✓ Yes,completed
5,332,315,03-06,+83.3%,+36.19%,0.5614,72,✓ Yes,completed
5,332,317,03-06,+83.1%,+36.13%,0.5614,72,✓ Yes,completed
5,332,318,03-06,+82.8%,+36.08%,0.5615,72,✓ Yes,completed
5,332,320,03-06,+82.5%,+36.03%,0.5616,72,✓ Yes,completed
5,332,321,03-06,+82.2%,+35.99%,0.5618,72,✓ Yes,completed
5,332,323,03-06,+82.1%,+35.97%,0.5618,72,✓ Yes,completed
5,332,324,03-06,+81.8%,+35.86%,0.5616,72,✓ Yes,completed
5,332,326,03-06,+81.4%,+35.70%,0.5613,73,✓ Yes,completed
5,332,328,03-06,+81.3%,+35.64%,0.5613,73,✓ Yes,completed
5,332,329,03-06,+80.9%,+35.64%,0.5616,74,✓ Yes,completed
5,332,331,03-06,+80.2%,+35.68%,0.5625,74,✓ Yes,completed
5,332,332,03-06,+79.8%,+35.48%,0.5621,84,✓ Yes,completed
5,334,312,03-06,+83.6%,+36.30%,0.5616,72,✓ Yes,completed
5,334,314,03-06,+83.3%,+36.17%,0.5614,72,✓ Yes,completed
5,334,315,03-06,+83.1%,+36.11%,0.5614,72,✓ Yes,completed
5,334,317,03-06,+82.9%,+36.09%,0.5614,72,✓ Yes,completed
5,334,318,03-06,+82.6%,+36.04%,0.5616,72,✓ Yes,completed
5,334,320,03-06,+82.3%,+35.99%,0.5617,72,✓ Yes,completed
5,334,321,03-06,+81.9%,+35.91%,0.5617,72,✓ Yes,completed
5,334,323,03-06,+81.8%,+35.87%,0.5616,72,✓ Yes,completed
5,334,325,03-06,+81.6%,+35.75%,0.5614,72,✓ Yes,completed
5,334,326,03-06,+81.2%,+35.63%,0.5613,73,✓ Yes,completed
5,334,328,03-06,+81.0%,+35.63%,0.5615,73,✓ Yes,completed
5,334,329,03-06,+80.1%,+35.66%,0.5625,73,✓ Yes,completed
5,334,331,03-06,+80.0%,+35.58%,0.5624,73,✓ Yes,completed
5,334,332,03-06,+79.6%,+35.39%,0.5620,78,✓ Yes,completed
5,334,334,03-06,+79.3%,+35.32%,0.5619,84,✓ Yes,completed
5,319,312,03-07,+87.5%,+37.50%,0.5625,83,✓ Yes,completed
5,319,314,03-07,+87.1%,+37.36%,0.5623,83,✓ Yes,completed
5,319,316,03-07,+85.7%,+37.38%,0.5638,83,✓ Yes,completed
5,319,318,03-07,+85.3%,+37.23%,0.5636,84,✓ Yes,completed
5,319,319,03-07,+84.6%,+37.08%,0.5637,90,✓ Yes,completed
5,321,312,03-07,+87.0%,+37.34%,0.5623,81,✓ Yes,completed
5,321,314,03-07,+85.8%,+37.38%,0.5638,80,✓ Yes,completed
5,321,316,03-07,+85.3%,+37.24%,0.5636,81,✓ Yes,completed
5,321,317,03-07,+84.9%,+37.11%,0.5635,82,✓ Yes,completed
5,321,319,03-07,+84.2%,+37.07%,0.5641,85,✓ Yes,completed
5,321,321,03-07,+84.0%,+37.06%,0.5643,85,✓ Yes,completed
5,323,312,03-07,+85.8%,+37.38%,0.5637,79,✓ Yes,completed
5,323,314,03-07,+85.4%,+37.27%,0.5637,79,✓ Yes,completed
5,323,315,03-07,+85.0%,+37.12%,0.5635,80,✓ Yes,completed
5,323,317,03-07,+84.6%,+37.09%,0.5638,81,✓ Yes,completed
5,323,319,03-07,+83.8%,+37.00%,0.5642,83,✓ Yes,completed
5,323,321,03-07,+83.6%,+36.90%,0.5641,83,✓ Yes,completed
5,323,323,03-07,+83.2%,+36.73%,0.5637,87,✓ Yes,completed
5,324,312,03-07,+84.8%,+37.08%,0.5635,79,✓ Yes,completed
5,324,314,03-07,+84.4%,+37.08%,0.5639,79,✓ Yes,completed
5,324,315,03-07,+84.0%,+37.07%,0.5642,79,✓ Yes,completed
5,324,317,03-07,+83.7%,+36.96%,0.5642,79,✓ Yes,completed
5,324,319,03-07,+83.5%,+36.87%,0.5640,79,✓ Yes,completed
5,324,321,03-07,+83.0%,+36.67%,0.5637,80,✓ Yes,completed
5,324,322,03-07,+82.7%,+36.59%,0.5637,80,✓ Yes,completed
5,324,324,03-07,+82.3%,+36.50%,0.5637,84,✓ Yes,completed
5,326,312,03-07,+84.5%,+37.08%,0.5638,77,✓ Yes,completed
5,326,313,03-07,+84.2%,+37.07%,0.5641,77,✓ Yes,completed
5,326,315,03-07,+83.8%,+37.01%,0.5642,77,✓ Yes,completed
5,326,317,03-07,+83.6%,+36.92%,0.5641,77,✓ Yes,completed
5,326,318,03-07,+83.3%,+36.77%,0.5638,77,✓ Yes,completed
5,326,320,03-07,+83.0%,+36.67%,0.5637,78,✓ Yes,completed
5,326,321,03-07,+82.6%,+36.58%,0.5637,78,✓ Yes,completed
5,326,323,03-07,+82.5%,+36.54%,0.5637,78,✓ Yes,completed
5,326,324,03-07,+82.1%,+36.49%,0.5638,80,✓ Yes,completed
5,326,326,03-07,+81.9%,+36.37%,0.5636,87,✓ Yes,completed
5,327,312,03-07,+84.0%,+37.05%,0.5642,75,✓ Yes,completed
5,327,313,03-07,+83.6%,+36.94%,0.5641,75,✓ Yes,completed
5,327,315,03-07,+83.3%,+36.80%,0.5639,75,✓ Yes,completed
5,327,317,03-07,+83.1%,+36.71%,0.5637,75,✓ Yes,completed
5,327,318,03-07,+82.8%,+36.63%,0.5637,75,✓ Yes,completed
5,327,320,03-07,+82.4%,+36.53%,0.5637,76,✓ Yes,completed
5,327,321,03-07,+82.1%,+36.49%,0.5638,76,✓ Yes,completed
5,327,323,03-07,+82.0%,+36.45%,0.5638,76,✓ Yes,completed
5,327,324,03-07,+81.7%,+36.31%,0.5636,76,✓ Yes,completed
5,327,326,03-07,+81.4%,+36.20%,0.5634,77,✓ Yes,completed
5,327,327,03-07,+81.0%,+36.10%,0.5634,83,✓ Yes,completed
5,329,312,03-07,+83.3%,+36.78%,0.5638,73,✓ Yes,completed
5,329,313,03-07,+83.0%,+36.66%,0.5637,73,✓ Yes,completed
5,329,315,03-07,+82.7%,+36.58%,0.5637,73,✓ Yes,completed
5,329,317,03-07,+82.5%,+36.54%,0.5636,73,✓ Yes,completed
5,329,318,03-07,+82.2%,+36.50%,0.5638,73,✓ Yes,completed
5,329,320,03-07,+81.8%,+36.38%,0.5637,74,✓ Yes,completed
5,329,321,03-07,+81.5%,+36.24%,0.5634,74,✓ Yes,completed
5,329,323,03-07,+81.4%,+36.20%,0.5634,74,✓ Yes,completed
5,329,324,03-07,+81.1%,+36.13%,0.5634,74,✓ Yes,completed
5,329,326,03-07,+80.9%,+36.09%,0.5635,74,✓ Yes,completed
5,329,328,03-07,+80.6%,+36.03%,0.5636,76,✓ Yes,completed
5,329,329,03-07,+80.2%,+35.94%,0.5636,83,✓ Yes,completed
5,331,312,03-07,+83.1%,+36.71%,0.5637,72,✓ Yes,completed
5,331,314,03-07,+82.8%,+36.62%,0.5637,72,✓ Yes,completed
5,331,315,03-07,+82.5%,+36.54%,0.5636,72,✓ Yes,completed
5,331,317,03-07,+82.3%,+36.51%,0.5637,72,✓ Yes,completed
5,331,318,03-07,+82.0%,+36.46%,0.5638,72,✓ Yes,completed
5,331,320,03-07,+81.7%,+36.31%,0.5636,72,✓ Yes,completed
5,331,321,03-07,+81.4%,+36.18%,0.5634,72,✓ Yes,completed
5,331,323,03-07,+81.3%,+36.15%,0.5634,72,✓ Yes,completed
5,331,324,03-07,+81.0%,+36.11%,0.5635,72,✓ Yes,completed
5,331,326,03-07,+80.6%,+36.05%,0.5635,73,✓ Yes,completed
5,331,328,03-07,+80.4%,+36.01%,0.5636,74,✓ Yes,completed
5,331,329,03-07,+80.0%,+35.89%,0.5635,75,✓ Yes,completed
5,331,331,03-07,+79.8%,+35.80%,0.5633,80,✓ Yes,completed
5,332,312,03-07,+82.5%,+36.52%,0.5636,71,✓ Yes,completed
5,332,314,03-07,+82.2%,+36.48%,0.5637,71,✓ Yes,completed
5,332,315,03-07,+82.0%,+36.44%,0.5638,71,✓ Yes,completed
5,332,317,03-07,+81.8%,+36.37%,0.5636,71,✓ Yes,completed
5,332,318,03-07,+81.5%,+36.23%,0.5634,71,✓ Yes,completed
5,332,320,03-07,+81.2%,+36.13%,0.5634,71,✓ Yes,completed
5,332,321,03-07,+80.9%,+36.09%,0.5635,71,✓ Yes,completed
5,332,323,03-07,+80.8%,+36.07%,0.5635,71,✓ Yes,completed
5,332,324,03-07,+80.5%,+36.03%,0.5636,71,✓ Yes,completed
5,332,326,03-07,+80.1%,+35.95%,0.5636,72,✓ Yes,completed
5,332,328,03-07,+80.0%,+35.88%,0.5635,72,✓ Yes,completed
5,332,329,03-07,+79.6%,+35.72%,0.5632,73,✓ Yes,completed
5,332,331,03-07,+79.5%,+35.66%,0.5631,74,✓ Yes,completed
5,332,332,03-07,+79.1%,+35.62%,0.5634,84,✓ Yes,completed
5,334,312,03-07,+82.3%,+36.47%,0.5636,71,✓ Yes,completed
5,334,314,03-07,+82.0%,+36.43%,0.5637,71,✓ Yes,completed
5,334,315,03-07,+81.8%,+36.33%,0.5636,71,✓ Yes,completed
5,334,317,03-07,+81.6%,+36.25%,0.5634,71,✓ Yes,completed
5,334,318,03-07,+81.3%,+36.14%,0.5633,71,✓ Yes,completed
5,334,320,03-07,+80.9%,+36.09%,0.5634,71,✓ Yes,completed
5,334,321,03-07,+80.6%,+36.04%,0.5635,71,✓ Yes,completed
5,334,323,03-07,+80.5%,+36.02%,0.5636,71,✓ Yes,completed
5,334,325,03-07,+80.3%,+35.99%,0.5637,71,✓ Yes,completed
5,334,326,03-07,+79.9%,+35.84%,0.5635,72,✓ Yes,completed
5,334,328,03-07,+79.7%,+35.77%,0.5633,72,✓ Yes,completed
5,334,329,03-07,+79.4%,+35.64%,0.5632,73,✓ Yes,completed
5,334,331,03-07,+79.2%,+35.64%,0.5633,73,✓ Yes,completed
5,334,332,03-07,+78.3%,+35.64%,0.5643,77,✓ Yes,completed
5,334,334,03-07,+78.1%,+35.53%,0.5641,83,✓ Yes,completed
5,319,312,03-08,+87.1%,+37.38%,0.5624,83,✓ Yes,completed
5,319,314,03-08,+85.7%,+37.40%,0.5639,82,✓ Yes,completed
5,319,316,03-08,+85.2%,+37.23%,0.5637,83,✓ Yes,completed
5,319,318,03-08,+83.9%,+37.27%,0.5652,83,✓ Yes,completed
5,319,319,03-08,+83.2%,+37.01%,0.5648,89,✓ Yes,completed
5,321,312,03-08,+85.6%,+37.39%,0.5639,80,✓ Yes,completed
5,321,314,03-08,+85.2%,+37.25%,0.5638,80,✓ Yes,completed
5,321,316,03-08,+83.9%,+37.28%,0.5652,80,✓ Yes,completed
5,321,317,03-08,+83.5%,+37.14%,0.5650,81,✓ Yes,completed
5,321,319,03-08,+82.8%,+36.97%,0.5651,84,✓ Yes,completed
5,321,321,03-08,+82.6%,+36.96%,0.5653,84,✓ Yes,completed
5,323,312,03-08,+85.3%,+37.27%,0.5638,79,✓ Yes,completed
5,323,314,03-08,+84.0%,+37.28%,0.5651,78,✓ Yes,completed
5,323,315,03-08,+83.6%,+37.17%,0.5651,79,✓ Yes,completed
5,323,317,03-08,+83.2%,+37.01%,0.5649,80,✓ Yes,completed
5,323,319,03-08,+82.4%,+36.96%,0.5655,82,✓ Yes,completed
5,323,321,03-08,+82.2%,+36.95%,0.5656,82,✓ Yes,completed
5,323,323,03-08,+81.8%,+36.82%,0.5655,86,✓ Yes,completed
5,324,312,03-08,+83.4%,+37.09%,0.5649,78,✓ Yes,completed
5,324,314,03-08,+83.0%,+36.98%,0.5649,78,✓ Yes,completed
5,324,315,03-08,+82.6%,+36.97%,0.5652,78,✓ Yes,completed
5,324,317,03-08,+82.3%,+36.96%,0.5656,78,✓ Yes,completed
5,324,319,03-08,+82.1%,+36.94%,0.5657,78,✓ Yes,completed
5,324,321,03-08,+81.6%,+36.72%,0.5653,79,✓ Yes,completed
5,324,322,03-08,+81.3%,+36.60%,0.5651,79,✓ Yes,completed
5,324,324,03-08,+80.9%,+36.48%,0.5650,83,✓ Yes,completed
5,326,312,03-08,+83.1%,+36.99%,0.5648,76,✓ Yes,completed
5,326,313,03-08,+82.7%,+36.97%,0.5651,76,✓ Yes,completed
5,326,315,03-08,+82.4%,+36.96%,0.5655,76,✓ Yes,completed
5,326,317,03-08,+82.2%,+36.96%,0.5656,76,✓ Yes,completed
5,326,318,03-08,+81.9%,+36.86%,0.5656,76,✓ Yes,completed
5,326,320,03-08,+81.6%,+36.72%,0.5653,77,✓ Yes,completed
5,326,321,03-08,+81.2%,+36.58%,0.5651,77,✓ Yes,completed
5,326,323,03-08,+81.1%,+36.55%,0.5651,77,✓ Yes,completed
5,326,324,03-08,+80.8%,+36.45%,0.5650,79,✓ Yes,completed
5,326,326,03-08,+80.5%,+36.37%,0.5650,86,✓ Yes,completed
5,327,312,03-08,+82.6%,+36.96%,0.5652,74,✓ Yes,completed
5,327,313,03-08,+82.2%,+36.95%,0.5656,74,✓ Yes,completed
5,327,315,03-08,+81.9%,+36.88%,0.5656,74,✓ Yes,completed
5,327,317,03-08,+81.7%,+36.79%,0.5654,74,✓ Yes,completed
5,327,318,03-08,+81.4%,+36.65%,0.5652,74,✓ Yes,completed
5,327,320,03-08,+81.0%,+36.53%,0.5651,75,✓ Yes,completed
5,327,321,03-08,+80.7%,+36.44%,0.5651,75,✓ Yes,completed
5,327,323,03-08,+80.6%,+36.42%,0.5651,75,✓ Yes,completed
5,327,324,03-08,+80.3%,+36.37%,0.5652,75,✓ Yes,completed
5,327,326,03-08,+80.0%,+36.28%,0.5651,76,✓ Yes,completed
5,327,327,03-08,+79.7%,+36.09%,0.5647,82,✓ Yes,completed
5,329,312,03-08,+81.9%,+36.86%,0.5655,72,✓ Yes,completed
5,329,313,03-08,+81.6%,+36.72%,0.5653,72,✓ Yes,completed
5,329,315,03-08,+81.3%,+36.59%,0.5651,72,✓ Yes,completed
5,329,317,03-08,+81.1%,+36.54%,0.5651,72,✓ Yes,completed
5,329,318,03-08,+80.8%,+36.46%,0.5650,72,✓ Yes,completed
5,329,320,03-08,+80.4%,+36.38%,0.5651,73,✓ Yes,completed
5,329,321,03-08,+80.1%,+36.33%,0.5652,73,✓ Yes,completed
5,329,323,03-08,+80.0%,+36.28%,0.5651,73,✓ Yes,completed
5,329,324,03-08,+79.7%,+36.14%,0.5648,73,✓ Yes,completed
5,329,326,03-08,+79.5%,+36.05%,0.5647,73,✓ Yes,completed
5,329,328,03-08,+79.2%,+35.98%,0.5648,75,✓ Yes,completed
5,329,329,03-08,+78.8%,+35.90%,0.5648,82,✓ Yes,completed
5,331,312,03-08,+81.7%,+36.78%,0.5654,71,✓ Yes,completed
5,331,314,03-08,+81.4%,+36.65%,0.5652,71,✓ Yes,completed
5,331,315,03-08,+81.1%,+36.54%,0.5651,71,✓ Yes,completed
5,331,317,03-08,+80.9%,+36.50%,0.5651,71,✓ Yes,completed
5,331,318,03-08,+80.6%,+36.41%,0.5650,71,✓ Yes,completed
5,331,320,03-08,+80.3%,+36.37%,0.5652,71,✓ Yes,completed
5,331,321,03-08,+80.0%,+36.26%,0.5651,71,✓ Yes,completed
5,331,323,03-08,+79.9%,+36.21%,0.5650,71,✓ Yes,completed
5,331,324,03-08,+79.6%,+36.09%,0.5648,71,✓ Yes,completed
5,331,326,03-08,+79.3%,+36.00%,0.5648,72,✓ Yes,completed
5,331,328,03-08,+79.0%,+35.97%,0.5648,73,✓ Yes,completed
5,331,329,03-08,+78.6%,+35.89%,0.5649,74,✓ Yes,completed
5,331,331,03-08,+78.5%,+35.85%,0.5650,79,✓ Yes,completed
5,332,312,03-08,+81.1%,+36.53%,0.5650,70,✓ Yes,completed
5,332,314,03-08,+80.8%,+36.45%,0.5650,70,✓ Yes,completed
5,332,315,03-08,+80.6%,+36.40%,0.5650,70,✓ Yes,completed
5,332,317,03-08,+80.4%,+36.37%,0.5651,70,✓ Yes,completed
5,332,318,03-08,+80.1%,+36.31%,0.5651,70,✓ Yes,completed
5,332,320,03-08,+79.8%,+36.16%,0.5649,70,✓ Yes,completed
5,332,321,03-08,+79.5%,+36.05%,0.5647,70,✓ Yes,completed
5,332,323,03-08,+79.4%,+36.02%,0.5647,70,✓ Yes,completed
5,332,324,03-08,+79.1%,+35.98%,0.5648,70,✓ Yes,completed
5,332,326,03-08,+78.8%,+35.91%,0.5649,71,✓ Yes,completed
5,332,328,03-08,+78.6%,+35.89%,0.5650,71,✓ Yes,completed
5,332,329,03-08,+78.2%,+35.79%,0.5649,72,✓ Yes,completed
5,332,331,03-08,+78.1%,+35.73%,0.5648,73,✓ Yes,completed
5,332,332,03-08,+77.7%,+35.52%,0.5644,83,✓ Yes,completed
5,334,312,03-08,+80.9%,+36.46%,0.5649,70,✓ Yes,completed
5,334,314,03-08,+80.6%,+36.38%,0.5649,70,✓ Yes,completed
5,334,315,03-08,+80.4%,+36.36%,0.5651,70,✓ Yes,completed
5,334,317,03-08,+80.2%,+36.33%,0.5651,70,✓ Yes,completed
5,334,318,03-08,+79.9%,+36.20%,0.5649,70,✓ Yes,completed
5,334,320,03-08,+79.5%,+36.06%,0.5647,70,✓ Yes,completed
5,334,321,03-08,+79.3%,+36.00%,0.5647,70,✓ Yes,completed
5,334,323,03-08,+79.1%,+35.98%,0.5648,70,✓ Yes,completed
5,334,325,03-08,+78.9%,+35.93%,0.5648,70,✓ Yes,completed
5,334,326,03-08,+78.5%,+35.88%,0.5650,71,✓ Yes,completed
5,334,328,03-08,+78.4%,+35.84%,0.5650,71,✓ Yes,completed
5,334,329,03-08,+78.0%,+35.69%,0.5647,72,✓ Yes,completed
5,334,331,03-08,+77.8%,+35.61%,0.5646,72,✓ Yes,completed
5,334,332,03-08,+77.5%,+35.49%,0.5645,77,✓ Yes,completed
5,334,334,03-08,+77.2%,+35.48%,0.5647,83,✓ Yes,completed
5,319,312,03-09,+87.2%,+37.10%,0.5612,82,✓ Yes,completed
5,319,314,03-09,+85.7%,+37.14%,0.5629,81,✓ Yes,completed
5,319,316,03-09,+85.2%,+36.98%,0.5627,82,✓ Yes,completed
5,319,318,03-09,+83.7%,+36.99%,0.5642,82,✓ Yes,completed
5,319,319,03-09,+82.2%,+36.88%,0.5653,87,✓ Yes,completed
5,321,312,03-09,+85.6%,+37.12%,0.5629,79,✓ Yes,completed
5,321,314,03-09,+85.3%,+36.99%,0.5627,79,✓ Yes,completed
5,321,316,03-09,+83.8%,+37.00%,0.5642,79,✓ Yes,completed
5,321,317,03-09,+83.3%,+36.84%,0.5640,80,✓ Yes,completed
5,321,319,03-09,+81.8%,+36.78%,0.5654,82,✓ Yes,completed
5,321,321,03-09,+81.6%,+36.70%,0.5652,82,✓ Yes,completed
5,323,312,03-09,+85.3%,+37.00%,0.5627,78,✓ Yes,completed
5,323,314,03-09,+83.9%,+37.03%,0.5643,77,✓ Yes,completed
5,323,315,03-09,+83.4%,+36.87%,0.5641,78,✓ Yes,completed
5,323,317,03-09,+82.1%,+36.89%,0.5655,78,✓ Yes,completed
5,323,319,03-09,+81.4%,+36.64%,0.5652,80,✓ Yes,completed
5,323,321,03-09,+81.2%,+36.59%,0.5652,80,✓ Yes,completed
5,323,323,03-09,+80.8%,+36.57%,0.5655,84,✓ Yes,completed
5,324,312,03-09,+83.3%,+36.81%,0.5640,77,✓ Yes,completed
5,324,314,03-09,+82.0%,+36.86%,0.5655,76,✓ Yes,completed
5,324,315,03-09,+81.6%,+36.72%,0.5653,76,✓ Yes,completed
5,324,317,03-09,+81.3%,+36.61%,0.5652,76,✓ Yes,completed
5,324,319,03-09,+81.1%,+36.59%,0.5653,76,✓ Yes,completed
5,324,321,03-09,+80.6%,+36.57%,0.5657,77,✓ Yes,completed
5,324,322,03-09,+80.3%,+36.56%,0.5660,77,✓ Yes,completed
5,324,324,03-09,+79.9%,+36.40%,0.5657,81,✓ Yes,completed
5,326,312,03-09,+82.1%,+36.88%,0.5654,74,✓ Yes,completed
5,326,313,03-09,+81.7%,+36.77%,0.5653,74,✓ Yes,completed
5,326,315,03-09,+81.4%,+36.64%,0.5652,74,✓ Yes,completed
5,326,317,03-09,+81.2%,+36.60%,0.5652,74,✓ Yes,completed
5,326,318,03-09,+80.8%,+36.59%,0.5655,74,✓ Yes,completed
5,326,320,03-09,+80.6%,+36.58%,0.5657,75,✓ Yes,completed
5,326,321,03-09,+80.2%,+36.55%,0.5660,75,✓ Yes,completed
5,326,323,03-09,+80.1%,+36.51%,0.5659,75,✓ Yes,completed
5,326,324,03-09,+79.8%,+36.35%,0.5656,77,✓ Yes,completed
5,326,326,03-09,+79.5%,+36.21%,0.5653,84,✓ Yes,completed
5,327,312,03-09,+81.6%,+36.69%,0.5652,72,✓ Yes,completed
5,327,313,03-09,+81.2%,+36.60%,0.5652,72,✓ Yes,completed
5,327,315,03-09,+80.9%,+36.59%,0.5654,72,✓ Yes,completed
5,327,317,03-09,+80.7%,+36.58%,0.5656,72,✓ Yes,completed
5,327,318,03-09,+80.4%,+36.57%,0.5659,72,✓ Yes,completed
5,327,320,03-09,+80.0%,+36.47%,0.5659,73,✓ Yes,completed
5,327,321,03-09,+79.7%,+36.34%,0.5656,73,✓ Yes,completed
5,327,323,03-09,+79.6%,+36.29%,0.5655,73,✓ Yes,completed
5,327,324,03-09,+79.3%,+36.17%,0.5654,73,✓ Yes,completed
5,327,326,03-09,+79.1%,+36.10%,0.5653,74,✓ Yes,completed
5,327,327,03-09,+78.7%,+35.98%,0.5652,80,✓ Yes,completed
5,329,312,03-09,+80.9%,+36.57%,0.5654,70,✓ Yes,completed
5,329,313,03-09,+80.6%,+36.56%,0.5657,70,✓ Yes,completed
5,329,315,03-09,+80.3%,+36.55%,0.5659,70,✓ Yes,completed
5,329,317,03-09,+80.1%,+36.49%,0.5659,70,✓ Yes,completed
5,329,318,03-09,+79.8%,+36.36%,0.5657,70,✓ Yes,completed
5,329,320,03-09,+79.4%,+36.21%,0.5654,71,✓ Yes,completed
5,329,321,03-09,+79.2%,+36.13%,0.5653,71,✓ Yes,completed
5,329,323,03-09,+79.1%,+36.10%,0.5653,71,✓ Yes,completed
5,329,324,03-09,+78.8%,+36.02%,0.5653,71,✓ Yes,completed
5,329,326,03-09,+78.5%,+35.98%,0.5654,71,✓ Yes,completed
5,329,328,03-09,+78.2%,+35.88%,0.5653,73,✓ Yes,completed
5,329,329,03-09,+77.9%,+35.70%,0.5649,80,✓ Yes,completed
5,331,312,03-09,+80.7%,+36.56%,0.5655,69,✓ Yes,completed
5,331,314,03-09,+80.4%,+36.56%,0.5658,69,✓ Yes,completed
5,331,315,03-09,+80.1%,+36.49%,0.5659,69,✓ Yes,completed
5,331,317,03-09,+79.9%,+36.42%,0.5657,69,✓ Yes,completed
5,331,318,03-09,+79.6%,+36.29%,0.5655,69,✓ Yes,completed
5,331,320,03-09,+79.3%,+36.16%,0.5653,69,✓ Yes,completed
5,331,321,03-09,+79.0%,+36.09%,0.5653,69,✓ Yes,completed
5,331,323,03-09,+78.9%,+36.06%,0.5653,69,✓ Yes,completed
5,331,324,03-09,+78.6%,+35.99%,0.5654,69,✓ Yes,completed
5,331,326,03-09,+78.3%,+35.93%,0.5654,70,✓ Yes,completed
5,331,328,03-09,+78.1%,+35.83%,0.5652,71,✓ Yes,completed
5,331,329,03-09,+77.7%,+35.65%,0.5649,72,✓ Yes,completed
5,331,331,03-09,+77.5%,+35.59%,0.5649,77,✓ Yes,completed
5,332,312,03-09,+80.1%,+36.48%,0.5658,68,✓ Yes,completed
5,332,314,03-09,+79.8%,+36.36%,0.5656,68,✓ Yes,completed
5,332,315,03-09,+79.6%,+36.26%,0.5654,68,✓ Yes,completed
5,332,317,03-09,+79.4%,+36.19%,0.5653,68,✓ Yes,completed
5,332,318,03-09,+79.1%,+36.11%,0.5653,68,✓ Yes,completed
5,332,320,03-09,+78.8%,+36.02%,0.5653,68,✓ Yes,completed
5,332,321,03-09,+78.5%,+35.98%,0.5654,68,✓ Yes,completed
5,332,323,03-09,+78.4%,+35.97%,0.5654,68,✓ Yes,completed
5,332,324,03-09,+78.2%,+35.87%,0.5653,68,✓ Yes,completed
5,332,326,03-09,+77.8%,+35.70%,0.5650,69,✓ Yes,completed
5,332,328,03-09,+77.6%,+35.64%,0.5649,69,✓ Yes,completed
5,332,329,03-09,+77.3%,+35.57%,0.5650,70,✓ Yes,completed
5,332,331,03-09,+77.1%,+35.54%,0.5650,71,✓ Yes,completed
5,332,332,03-09,+76.8%,+35.44%,0.5650,81,✓ Yes,completed
5,334,312,03-09,+79.9%,+36.39%,0.5656,68,✓ Yes,completed
5,334,314,03-09,+79.6%,+36.26%,0.5654,68,✓ Yes,completed
5,334,315,03-09,+79.4%,+36.17%,0.5653,68,✓ Yes,completed
5,334,317,03-09,+79.2%,+36.13%,0.5653,68,✓ Yes,completed
5,334,318,03-09,+78.9%,+36.05%,0.5653,68,✓ Yes,completed
5,334,320,03-09,+78.6%,+35.98%,0.5653,68,✓ Yes,completed
5,334,321,03-09,+78.3%,+35.94%,0.5654,68,✓ Yes,completed
5,334,323,03-09,+78.2%,+35.89%,0.5653,68,✓ Yes,completed
5,334,325,03-09,+78.0%,+35.77%,0.5651,68,✓ Yes,completed
5,334,326,03-09,+77.6%,+35.62%,0.5649,69,✓ Yes,completed
5,334,328,03-09,+77.4%,+35.59%,0.5649,69,✓ Yes,completed
5,334,329,03-09,+77.1%,+35.53%,0.5650,70,✓ Yes,completed
5,334,331,03-09,+76.9%,+35.50%,0.5651,70,✓ Yes,completed
5,334,332,03-09,+76.6%,+35.42%,0.5651,75,✓ Yes,completed
5,334,334,03-09,+76.3%,+35.30%,0.5649,81,✓ Yes,completed
5,319,312,03-10,+86.9%,+36.73%,0.5600,82,✓ Yes,completed
5,319,314,03-10,+85.6%,+36.75%,0.5614,81,✓ Yes,completed
5,319,316,03-10,+85.1%,+36.59%,0.5612,82,✓ Yes,completed
5,319,318,03-10,+83.6%,+36.61%,0.5629,82,✓ Yes,completed
5,319,319,03-10,+81.8%,+36.51%,0.5642,87,✓ Yes,completed
5,321,312,03-10,+85.5%,+36.73%,0.5614,79,✓ Yes,completed
5,321,314,03-10,+85.2%,+36.60%,0.5612,79,✓ Yes,completed
5,321,316,03-10,+83.6%,+36.62%,0.5629,79,✓ Yes,completed
5,321,317,03-10,+82.1%,+36.60%,0.5643,79,✓ Yes,completed
5,321,319,03-10,+81.4%,+36.37%,0.5641,82,✓ Yes,completed
5,321,321,03-10,+80.4%,+36.44%,0.5654,81,✓ Yes,completed
5,323,312,03-10,+85.2%,+36.60%,0.5612,78,✓ Yes,completed
5,323,314,03-10,+83.7%,+36.65%,0.5629,77,✓ Yes,completed
5,323,315,03-10,+83.2%,+36.49%,0.5627,78,✓ Yes,completed
5,323,317,03-10,+81.7%,+36.50%,0.5642,78,✓ Yes,completed
5,323,319,03-10,+80.2%,+36.43%,0.5655,79,✓ Yes,completed
5,323,321,03-10,+80.0%,+36.36%,0.5655,79,✓ Yes,completed
5,323,323,03-10,+79.6%,+36.21%,0.5652,83,✓ Yes,completed
5,324,312,03-10,+82.0%,+36.58%,0.5643,76,✓ Yes,completed
5,324,314,03-10,+81.6%,+36.45%,0.5641,76,✓ Yes,completed
5,324,315,03-10,+80.4%,+36.44%,0.5654,75,✓ Yes,completed
5,324,317,03-10,+80.0%,+36.38%,0.5655,75,✓ Yes,completed
5,324,319,03-10,+79.8%,+36.31%,0.5654,75,✓ Yes,completed
5,324,321,03-10,+79.4%,+36.15%,0.5652,76,✓ Yes,completed
5,324,322,03-10,+79.1%,+36.14%,0.5655,76,✓ Yes,completed
5,324,324,03-10,+78.7%,+36.11%,0.5658,80,✓ Yes,completed
5,326,312,03-10,+81.7%,+36.48%,0.5642,74,✓ Yes,completed
5,326,313,03-10,+81.4%,+36.37%,0.5641,74,✓ Yes,completed
5,326,315,03-10,+80.1%,+36.42%,0.5656,73,✓ Yes,completed
5,326,317,03-10,+79.9%,+36.35%,0.5655,73,✓ Yes,completed
5,326,318,03-10,+79.6%,+36.23%,0.5653,73,✓ Yes,completed
5,326,320,03-10,+79.4%,+36.15%,0.5653,74,✓ Yes,completed
5,326,321,03-10,+79.0%,+36.14%,0.5655,74,✓ Yes,completed
5,326,323,03-10,+78.9%,+36.14%,0.5656,74,✓ Yes,completed
5,326,324,03-10,+78.6%,+36.12%,0.5659,76,✓ Yes,completed
5,326,326,03-10,+78.3%,+36.04%,0.5659,83,✓ Yes,completed
5,327,312,03-10,+80.3%,+36.44%,0.5654,71,✓ Yes,completed
5,327,313,03-10,+80.0%,+36.37%,0.5655,71,✓ Yes,completed
5,327,315,03-10,+79.7%,+36.25%,0.5653,71,✓ Yes,completed
5,327,317,03-10,+79.5%,+36.18%,0.5652,71,✓ Yes,completed
5,327,318,03-10,+79.2%,+36.14%,0.5654,71,✓ Yes,completed
5,327,320,03-10,+78.8%,+36.13%,0.5657,72,✓ Yes,completed
5,327,321,03-10,+78.5%,+36.12%,0.5659,72,✓ Yes,completed
5,327,323,03-10,+78.4%,+36.11%,0.5660,72,✓ Yes,completed
5,327,324,03-10,+78.1%,+35.99%,0.5658,72,✓ Yes,completed
5,327,326,03-10,+77.9%,+35.86%,0.5656,73,✓ Yes,completed
5,327,327,03-10,+77.5%,+35.69%,0.5653,79,✓ Yes,completed
5,329,312,03-10,+79.7%,+36.23%,0.5652,69,✓ Yes,completed
5,329,313,03-10,+79.4%,+36.14%,0.5652,69,✓ Yes,completed
5,329,315,03-10,+79.0%,+36.13%,0.5655,69,✓ Yes,completed
5,329,317,03-10,+78.9%,+36.13%,0.5656,69,✓ Yes,completed
5,329,318,03-10,+78.6%,+36.12%,0.5659,69,✓ Yes,completed
5,329,320,03-10,+78.2%,+36.04%,0.5659,70,✓ Yes,completed
5,329,321,03-10,+78.0%,+35.92%,0.5657,70,✓ Yes,completed
5,329,323,03-10,+77.9%,+35.87%,0.5656,70,✓ Yes,completed
5,329,324,03-10,+77.6%,+35.74%,0.5654,70,✓ Yes,completed
5,329,326,03-10,+77.3%,+35.67%,0.5654,70,✓ Yes,completed
5,329,328,03-10,+77.0%,+35.57%,0.5653,72,✓ Yes,completed
5,329,329,03-10,+76.7%,+35.49%,0.5653,79,✓ Yes,completed
5,331,312,03-10,+79.5%,+36.16%,0.5652,68,✓ Yes,completed
5,331,314,03-10,+79.2%,+36.13%,0.5653,68,✓ Yes,completed
5,331,315,03-10,+78.9%,+36.12%,0.5656,68,✓ Yes,completed
5,331,317,03-10,+78.7%,+36.12%,0.5658,68,✓ Yes,completed
5,331,318,03-10,+78.4%,+36.10%,0.5660,68,✓ Yes,completed
5,331,320,03-10,+78.1%,+35.97%,0.5658,68,✓ Yes,completed
5,331,321,03-10,+77.8%,+35.84%,0.5656,68,✓ Yes,completed
5,331,323,03-10,+77.7%,+35.79%,0.5655,68,✓ Yes,completed
5,331,324,03-10,+77.4%,+35.70%,0.5654,68,✓ Yes,completed
5,331,326,03-10,+77.1%,+35.60%,0.5653,69,✓ Yes,completed
5,331,328,03-10,+76.9%,+35.54%,0.5653,70,✓ Yes,completed
5,331,329,03-10,+76.5%,+35.47%,0.5654,71,✓ Yes,completed
5,331,331,03-10,+76.3%,+35.38%,0.5652,76,✓ Yes,completed
5,332,312,03-10,+78.9%,+36.11%,0.5655,67,✓ Yes,completed
5,332,314,03-10,+78.6%,+36.10%,0.5658,67,✓ Yes,completed
5,332,315,03-10,+78.4%,+36.08%,0.5659,67,✓ Yes,completed
5,332,317,03-10,+78.2%,+36.01%,0.5659,67,✓ Yes,completed
5,332,318,03-10,+77.9%,+35.89%,0.5656,67,✓ Yes,completed
5,332,320,03-10,+77.6%,+35.75%,0.5654,67,✓ Yes,completed
5,332,321,03-10,+77.3%,+35.67%,0.5654,67,✓ Yes,completed
5,332,323,03-10,+77.2%,+35.64%,0.5653,67,✓ Yes,completed
5,332,324,03-10,+77.0%,+35.56%,0.5653,67,✓ Yes,completed
5,332,326,03-10,+76.6%,+35.50%,0.5654,68,✓ Yes,completed
5,332,328,03-10,+76.4%,+35.45%,0.5654,68,✓ Yes,completed
5,332,329,03-10,+76.1%,+35.29%,0.5651,69,✓ Yes,completed
5,332,331,03-10,+75.9%,+35.22%,0.5649,70,✓ Yes,completed
5,332,332,03-10,+75.6%,+35.09%,0.5648,79,✓ Yes,completed
5,334,312,03-10,+78.7%,+36.09%,0.5657,67,✓ Yes,completed
5,334,314,03-10,+78.4%,+36.08%,0.5659,67,✓ Yes,completed
5,334,315,03-10,+78.2%,+35.99%,0.5658,67,✓ Yes,completed
5,334,317,03-10,+78.0%,+35.92%,0.5657,67,✓ Yes,completed
5,334,318,03-10,+77.7%,+35.79%,0.5654,67,✓ Yes,completed
5,334,320,03-10,+77.4%,+35.68%,0.5653,67,✓ Yes,completed
5,334,321,03-10,+77.1%,+35.61%,0.5653,67,✓ Yes,completed
5,334,323,03-10,+77.0%,+35.57%,0.5653,67,✓ Yes,completed
5,334,325,03-10,+76.8%,+35.52%,0.5653,67,✓ Yes,completed
5,334,326,03-10,+76.4%,+35.43%,0.5653,68,✓ Yes,completed
5,334,328,03-10,+76.2%,+35.35%,0.5652,68,✓ Yes,completed
5,334,329,03-10,+75.9%,+35.20%,0.5649,69,✓ Yes,completed
5,334,331,03-10,+75.7%,+35.15%,0.5649,69,✓ Yes,completed
5,334,332,03-10,+75.3%,+35.07%,0.5649,73,✓ Yes,completed
5,334,334,03-10,+75.1%,+35.00%,0.5649,79,✓ Yes,completed
5,319,312,03-11,+85.3%,+36.09%,0.5591,81,✓ Yes,completed
5,319,314,03-11,+84.9%,+35.98%,0.5590,81,✓ Yes,completed
5,319,316,03-11,+83.5%,+35.94%,0.5603,81,✓ Yes,completed
5,319,318,03-11,+81.9%,+35.96%,0.5619,81,✓ Yes,completed
5,319,319,03-11,+80.2%,+35.86%,0.5633,86,✓ Yes,completed
5,321,312,03-11,+83.9%,+36.07%,0.5604,78,✓ Yes,completed
5,321,314,03-11,+83.5%,+35.95%,0.5603,78,✓ Yes,completed
5,321,316,03-11,+81.9%,+35.97%,0.5620,78,✓ Yes,completed
5,321,317,03-11,+81.5%,+35.81%,0.5618,79,✓ Yes,completed
5,321,319,03-11,+79.8%,+35.72%,0.5631,81,✓ Yes,completed
5,321,321,03-11,+79.6%,+35.66%,0.5631,81,✓ Yes,completed
5,323,312,03-11,+83.5%,+35.96%,0.5603,77,✓ Yes,completed
5,323,314,03-11,+82.1%,+35.99%,0.5619,76,✓ Yes,completed
5,323,315,03-11,+81.6%,+35.85%,0.5618,77,✓ Yes,completed
5,323,317,03-11,+80.1%,+35.86%,0.5633,77,✓ Yes,completed
5,323,319,03-11,+78.5%,+35.73%,0.5644,78,✓ Yes,completed
5,323,321,03-11,+78.3%,+35.72%,0.5645,78,✓ Yes,completed
5,323,323,03-11,+78.0%,+35.58%,0.5643,82,✓ Yes,completed
5,324,312,03-11,+81.4%,+35.77%,0.5617,76,✓ Yes,completed
5,324,314,03-11,+80.0%,+35.81%,0.5632,75,✓ Yes,completed
5,324,315,03-11,+79.6%,+35.67%,0.5631,75,✓ Yes,completed
5,324,317,03-11,+78.4%,+35.73%,0.5645,74,✓ Yes,completed
5,324,319,03-11,+78.2%,+35.68%,0.5645,74,✓ Yes,completed
5,324,321,03-11,+77.7%,+35.49%,0.5642,75,✓ Yes,completed
5,324,322,03-11,+77.4%,+35.42%,0.5642,75,✓ Yes,completed
5,324,324,03-11,+77.1%,+35.40%,0.5645,79,✓ Yes,completed
5,326,312,03-11,+80.1%,+35.84%,0.5633,73,✓ Yes,completed
5,326,313,03-11,+79.8%,+35.72%,0.5631,73,✓ Yes,completed
5,326,315,03-11,+78.5%,+35.73%,0.5644,72,✓ Yes,completed
5,326,317,03-11,+78.3%,+35.71%,0.5645,72,✓ Yes,completed
5,326,318,03-11,+78.0%,+35.60%,0.5644,72,✓ Yes,completed
5,326,320,03-11,+77.7%,+35.49%,0.5642,73,✓ Yes,completed
5,326,321,03-11,+77.4%,+35.42%,0.5643,73,✓ Yes,completed
5,326,323,03-11,+77.3%,+35.42%,0.5644,73,✓ Yes,completed
5,326,324,03-11,+76.9%,+35.40%,0.5647,75,✓ Yes,completed
5,326,326,03-11,+76.7%,+35.37%,0.5648,82,✓ Yes,completed
5,327,312,03-11,+79.6%,+35.65%,0.5630,71,✓ Yes,completed
5,327,313,03-11,+78.4%,+35.72%,0.5645,70,✓ Yes,completed
5,327,315,03-11,+78.0%,+35.61%,0.5644,70,✓ Yes,completed
5,327,317,03-11,+77.8%,+35.53%,0.5643,70,✓ Yes,completed
5,327,318,03-11,+77.6%,+35.44%,0.5642,70,✓ Yes,completed
5,327,320,03-11,+77.2%,+35.42%,0.5645,71,✓ Yes,completed
5,327,321,03-11,+76.9%,+35.41%,0.5647,71,✓ Yes,completed
5,327,323,03-11,+76.8%,+35.40%,0.5648,71,✓ Yes,completed
5,327,324,03-11,+76.5%,+35.36%,0.5650,71,✓ Yes,completed
5,327,326,03-11,+76.3%,+35.26%,0.5648,72,✓ Yes,completed
5,327,327,03-11,+75.9%,+35.06%,0.5643,78,✓ Yes,completed
5,329,312,03-11,+78.0%,+35.59%,0.5643,68,✓ Yes,completed
5,329,313,03-11,+77.7%,+35.48%,0.5642,68,✓ Yes,completed
5,329,315,03-11,+77.4%,+35.41%,0.5642,68,✓ Yes,completed
5,329,317,03-11,+77.2%,+35.42%,0.5644,68,✓ Yes,completed
5,329,318,03-11,+77.0%,+35.40%,0.5647,68,✓ Yes,completed
5,329,320,03-11,+76.6%,+35.38%,0.5649,69,✓ Yes,completed
5,329,321,03-11,+76.3%,+35.30%,0.5648,69,✓ Yes,completed
5,329,323,03-11,+76.2%,+35.25%,0.5647,69,✓ Yes,completed
5,329,324,03-11,+75.9%,+35.11%,0.5645,69,✓ Yes,completed
5,329,326,03-11,+75.7%,+35.02%,0.5643,69,✓ Yes,completed
5,329,328,03-11,+75.4%,+34.91%,0.5643,71,✓ Yes,completed
5,329,329,03-11,+75.1%,+34.79%,0.5641,78,✓ Yes,completed
5,331,312,03-11,+77.8%,+35.51%,0.5642,67,✓ Yes,completed
5,331,314,03-11,+77.6%,+35.43%,0.5641,67,✓ Yes,completed
5,331,315,03-11,+77.2%,+35.41%,0.5644,67,✓ Yes,completed
5,331,317,03-11,+77.1%,+35.41%,0.5646,67,✓ Yes,completed
5,331,318,03-11,+76.8%,+35.40%,0.5648,67,✓ Yes,completed
5,331,320,03-11,+76.4%,+35.34%,0.5649,67,✓ Yes,completed
5,331,321,03-11,+76.2%,+35.23%,0.5647,67,✓ Yes,completed
5,331,323,03-11,+76.1%,+35.18%,0.5646,67,✓ Yes,completed
5,331,324,03-11,+75.8%,+35.05%,0.5644,67,✓ Yes,completed
5,331,326,03-11,+75.5%,+34.95%,0.5643,68,✓ Yes,completed
5,331,328,03-11,+75.3%,+34.88%,0.5642,69,✓ Yes,completed
5,331,329,03-11,+74.9%,+34.79%,0.5642,70,✓ Yes,completed
5,331,331,03-11,+74.7%,+34.75%,0.5643,75,✓ Yes,completed
5,332,312,03-11,+77.2%,+35.40%,0.5644,66,✓ Yes,completed
5,332,314,03-11,+77.0%,+35.39%,0.5646,66,✓ Yes,completed
5,332,315,03-11,+76.7%,+35.38%,0.5648,66,✓ Yes,completed
5,332,317,03-11,+76.6%,+35.37%,0.5649,66,✓ Yes,completed
5,332,318,03-11,+76.3%,+35.26%,0.5648,66,✓ Yes,completed
5,332,320,03-11,+76.0%,+35.11%,0.5645,66,✓ Yes,completed
5,332,321,03-11,+75.7%,+35.01%,0.5643,66,✓ Yes,completed
5,332,323,03-11,+75.6%,+34.97%,0.5643,66,✓ Yes,completed
5,332,324,03-11,+75.3%,+34.90%,0.5643,66,✓ Yes,completed
5,332,326,03-11,+75.0%,+34.80%,0.5642,67,✓ Yes,completed
5,332,328,03-11,+74.8%,+34.78%,0.5643,67,✓ Yes,completed
5,332,329,03-11,+74.5%,+34.68%,0.5642,68,✓ Yes,completed
5,332,331,03-11,+74.3%,+34.60%,0.5640,69,✓ Yes,completed
5,332,332,03-11,+74.0%,+34.41%,0.5637,78,✓ Yes,completed
5,334,312,03-11,+77.0%,+35.38%,0.5645,66,✓ Yes,completed
5,334,314,03-11,+76.8%,+35.38%,0.5647,66,✓ Yes,completed
5,334,315,03-11,+76.5%,+35.36%,0.5649,66,✓ Yes,completed
5,334,317,03-11,+76.4%,+35.29%,0.5648,66,✓ Yes,completed
5,334,318,03-11,+76.1%,+35.16%,0.5646,66,✓ Yes,completed
5,334,320,03-11,+75.8%,+35.02%,0.5643,66,✓ Yes,completed
5,334,321,03-11,+75.5%,+34.94%,0.5643,66,✓ Yes,completed
5,334,323,03-11,+75.4%,+34.91%,0.5643,66,✓ Yes,completed
5,334,325,03-11,+75.1%,+34.84%,0.5642,66,✓ Yes,completed
5,334,326,03-11,+74.8%,+34.78%,0.5643,67,✓ Yes,completed
5,334,328,03-11,+74.6%,+34.73%,0.5643,67,✓ Yes,completed
5,334,329,03-11,+74.3%,+34.58%,0.5640,68,✓ Yes,completed
5,334,331,03-11,+74.1%,+34.50%,0.5639,68,✓ Yes,completed
5,334,332,03-11,+73.8%,+34.37%,0.5637,72,✓ Yes,completed
5,334,334,03-11,+73.5%,+34.31%,0.5637,78,✓ Yes,completed
5,319,312,03-12,+83.4%,+35.42%,0.5583,81,✓ Yes,completed
5,319,314,03-12,+83.0%,+35.31%,0.5582,81,✓ Yes,completed
5,319,316,03-12,+81.6%,+35.26%,0.5594,81,✓ Yes,completed
5,319,318,03-12,+80.1%,+35.29%,0.5611,81,✓ Yes,completed
5,319,319,03-12,+78.3%,+35.19%,0.5624,86,✓ Yes,completed
5,321,312,03-12,+82.0%,+35.39%,0.5595,78,✓ Yes,completed
5,321,314,03-12,+81.7%,+35.28%,0.5594,78,✓ Yes,completed
5,321,316,03-12,+80.1%,+35.30%,0.5611,78,✓ Yes,completed
5,321,317,03-12,+79.6%,+35.13%,0.5609,79,✓ Yes,completed
5,321,319,03-12,+77.9%,+35.04%,0.5623,81,✓ Yes,completed
5,321,321,03-12,+77.7%,+34.98%,0.5622,81,✓ Yes,completed
5,323,312,03-12,+81.7%,+35.28%,0.5594,77,✓ Yes,completed
5,323,314,03-12,+80.2%,+35.32%,0.5611,76,✓ Yes,completed
5,323,315,03-12,+79.8%,+35.17%,0.5609,77,✓ Yes,completed
5,323,317,03-12,+78.3%,+35.18%,0.5625,77,✓ Yes,completed
5,323,319,03-12,+76.7%,+35.05%,0.5635,78,✓ Yes,completed
5,323,321,03-12,+76.5%,+35.04%,0.5637,78,✓ Yes,completed
5,323,323,03-12,+76.2%,+34.90%,0.5634,82,✓ Yes,completed
5,324,312,03-12,+79.6%,+35.10%,0.5608,76,✓ Yes,completed
5,324,314,03-12,+78.2%,+35.14%,0.5624,75,✓ Yes,completed
5,324,315,03-12,+77.7%,+34.99%,0.5622,75,✓ Yes,completed
5,324,317,03-12,+76.5%,+35.05%,0.5637,74,✓ Yes,completed
5,324,319,03-12,+76.4%,+35.00%,0.5636,74,✓ Yes,completed
5,324,321,03-12,+75.9%,+34.81%,0.5633,75,✓ Yes,completed
5,324,322,03-12,+75.6%,+34.74%,0.5634,75,✓ Yes,completed
5,324,324,03-12,+75.2%,+34.72%,0.5636,79,✓ Yes,completed
5,326,312,03-12,+78.2%,+35.16%,0.5624,73,✓ Yes,completed
5,326,313,03-12,+77.9%,+35.04%,0.5623,73,✓ Yes,completed
5,326,315,03-12,+76.7%,+35.05%,0.5636,72,✓ Yes,completed
5,326,317,03-12,+76.5%,+35.03%,0.5637,72,✓ Yes,completed
5,326,318,03-12,+76.2%,+34.92%,0.5635,72,✓ Yes,completed
5,326,320,03-12,+75.9%,+34.81%,0.5634,73,✓ Yes,completed
5,326,321,03-12,+75.6%,+34.74%,0.5634,73,✓ Yes,completed
5,326,323,03-12,+75.4%,+34.74%,0.5635,73,✓ Yes,completed
5,326,324,03-12,+75.1%,+34.72%,0.5638,75,✓ Yes,completed
5,326,326,03-12,+74.9%,+34.69%,0.5639,82,✓ Yes,completed
5,327,312,03-12,+77.7%,+34.97%,0.5622,71,✓ Yes,completed
5,327,313,03-12,+76.5%,+35.04%,0.5636,70,✓ Yes,completed
5,327,315,03-12,+76.2%,+34.93%,0.5635,70,✓ Yes,completed
5,327,317,03-12,+76.0%,+34.85%,0.5634,70,✓ Yes,completed
5,327,318,03-12,+75.7%,+34.76%,0.5633,70,✓ Yes,completed
5,327,320,03-12,+75.3%,+34.74%,0.5636,71,✓ Yes,completed
5,327,321,03-12,+75.1%,+34.72%,0.5638,71,✓ Yes,completed
5,327,323,03-12,+75.0%,+34.72%,0.5639,71,✓ Yes,completed
5,327,324,03-12,+74.7%,+34.68%,0.5641,71,✓ Yes,completed
5,327,326,03-12,+74.4%,+34.57%,0.5639,72,✓ Yes,completed
5,327,327,03-12,+74.0%,+34.37%,0.5634,78,✓ Yes,completed
5,329,312,03-12,+76.2%,+34.91%,0.5634,68,✓ Yes,completed
5,329,313,03-12,+75.9%,+34.79%,0.5633,68,✓ Yes,completed
5,329,315,03-12,+75.6%,+34.73%,0.5634,68,✓ Yes,completed
5,329,317,03-12,+75.4%,+34.73%,0.5635,68,✓ Yes,completed
5,329,318,03-12,+75.1%,+34.72%,0.5638,68,✓ Yes,completed
5,329,320,03-12,+74.8%,+34.70%,0.5640,69,✓ Yes,completed
5,329,321,03-12,+74.5%,+34.61%,0.5639,69,✓ Yes,completed
5,329,323,03-12,+74.4%,+34.56%,0.5639,69,✓ Yes,completed
5,329,324,03-12,+74.1%,+34.42%,0.5636,69,✓ Yes,completed
5,329,326,03-12,+73.9%,+34.33%,0.5634,69,✓ Yes,completed
5,329,328,03-12,+73.6%,+34.22%,0.5633,71,✓ Yes,completed
5,329,329,03-12,+73.2%,+34.10%,0.5632,78,✓ Yes,completed
5,331,312,03-12,+76.0%,+34.83%,0.5633,67,✓ Yes,completed
5,331,314,03-12,+75.7%,+34.74%,0.5633,67,✓ Yes,completed
5,331,315,03-12,+75.4%,+34.73%,0.5635,67,✓ Yes,completed
5,331,317,03-12,+75.2%,+34.72%,0.5637,67,✓ Yes,completed
5,331,318,03-12,+74.9%,+34.72%,0.5639,67,✓ Yes,completed
5,331,320,03-12,+74.6%,+34.65%,0.5640,67,✓ Yes,completed
5,331,321,03-12,+74.3%,+34.54%,0.5638,67,✓ Yes,completed
5,331,323,03-12,+74.2%,+34.49%,0.5637,67,✓ Yes,completed
5,331,324,03-12,+74.0%,+34.36%,0.5635,67,✓ Yes,completed
5,331,326,03-12,+73.6%,+34.26%,0.5634,68,✓ Yes,completed
5,331,328,03-12,+73.4%,+34.19%,0.5633,69,✓ Yes,completed
5,331,329,03-12,+73.0%,+34.09%,0.5633,70,✓ Yes,completed
5,331,331,03-12,+72.9%,+34.05%,0.5633,75,✓ Yes,completed
5,332,312,03-12,+75.4%,+34.71%,0.5635,66,✓ Yes,completed
5,332,314,03-12,+75.1%,+34.70%,0.5637,66,✓ Yes,completed
5,332,315,03-12,+74.9%,+34.70%,0.5639,66,✓ Yes,completed
5,332,317,03-12,+74.7%,+34.69%,0.5640,66,✓ Yes,completed
5,332,318,03-12,+74.4%,+34.58%,0.5639,66,✓ Yes,completed
5,332,320,03-12,+74.1%,+34.42%,0.5636,66,✓ Yes,completed
5,332,321,03-12,+73.9%,+34.32%,0.5634,66,✓ Yes,completed
5,332,323,03-12,+73.8%,+34.28%,0.5634,66,✓ Yes,completed
5,332,324,03-12,+73.5%,+34.21%,0.5634,66,✓ Yes,completed
5,332,326,03-12,+73.1%,+34.11%,0.5633,67,✓ Yes,completed
5,332,328,03-12,+73.0%,+34.09%,0.5634,67,✓ Yes,completed
5,332,329,03-12,+72.7%,+33.98%,0.5633,68,✓ Yes,completed
5,332,331,03-12,+72.5%,+33.90%,0.5631,69,✓ Yes,completed
5,332,332,03-12,+72.1%,+33.71%,0.5627,78,✓ Yes,completed
5,334,312,03-12,+75.2%,+34.70%,0.5636,66,✓ Yes,completed
5,334,314,03-12,+74.9%,+34.69%,0.5638,66,✓ Yes,completed
5,334,315,03-12,+74.7%,+34.67%,0.5640,66,✓ Yes,completed
5,334,317,03-12,+74.5%,+34.60%,0.5639,66,✓ Yes,completed
5,334,318,03-12,+74.2%,+34.48%,0.5637,66,✓ Yes,completed
5,334,320,03-12,+73.9%,+34.33%,0.5634,66,✓ Yes,completed
5,334,321,03-12,+73.7%,+34.25%,0.5634,66,✓ Yes,completed
5,334,323,03-12,+73.6%,+34.22%,0.5633,66,✓ Yes,completed
5,334,325,03-12,+73.3%,+34.14%,0.5633,66,✓ Yes,completed
5,334,326,03-12,+72.9%,+34.08%,0.5634,67,✓ Yes,completed
5,334,328,03-12,+72.8%,+34.04%,0.5634,67,✓ Yes,completed
5,334,329,03-12,+72.5%,+33.88%,0.5631,68,✓ Yes,completed
5,334,331,03-12,+72.3%,+33.80%,0.5629,68,✓ Yes,completed
5,334,332,03-12,+71.9%,+33.68%,0.5628,72,✓ Yes,completed
5,334,334,03-12,+71.7%,+33.62%,0.5628,78,✓ Yes,completed
6,324,320,03-09,+80.7%,+36.58%,0.5656,77,✓ Yes,completed
6,324,320,03-09,+80.6%,+36.57%,0.5657,77,✓ Yes,completed
6,324,321,03-09,+80.4%,+36.57%,0.5659,77,✓ Yes,completed
6,324,322,03-09,+80.4%,+36.57%,0.5659,77,✓ Yes,completed
6,324,323,03-09,+80.3%,+36.56%,0.5660,77,✓ Yes,completed
6,324,323,03-09,+80.1%,+36.49%,0.5659,78,✓ Yes,completed
6,324,324,03-09,+79.9%,+36.40%,0.5657,81,✓ Yes,completed
6,325,320,03-09,+80.6%,+36.58%,0.5657,75,✓ Yes,completed
6,325,320,03-09,+80.4%,+36.57%,0.5659,75,✓ Yes,completed
6,325,321,03-09,+80.4%,+36.57%,0.5659,75,✓ Yes,completed
6,325,322,03-09,+80.2%,+36.55%,0.5660,75,✓ Yes,completed
6,325,322,03-09,+80.1%,+36.51%,0.5659,75,✓ Yes,completed
6,325,323,03-09,+80.0%,+36.44%,0.5658,76,✓ Yes,completed
6,325,324,03-09,+80.0%,+36.44%,0.5658,76,✓ Yes,completed
6,325,324,03-09,+79.8%,+36.35%,0.5656,77,✓ Yes,completed
6,325,325,03-09,+79.5%,+36.21%,0.5653,84,✓ Yes,completed
6,326,320,03-09,+80.3%,+36.57%,0.5659,74,✓ Yes,completed
6,326,320,03-09,+80.2%,+36.53%,0.5659,74,✓ Yes,completed
6,326,321,03-09,+80.0%,+36.46%,0.5658,74,✓ Yes,completed
6,326,322,03-09,+80.0%,+36.46%,0.5658,74,✓ Yes,completed
6,326,323,03-09,+79.9%,+36.41%,0.5658,74,✓ Yes,completed
6,326,323,03-09,+79.8%,+36.35%,0.5656,74,✓ Yes,completed
6,326,324,03-09,+79.8%,+36.35%,0.5656,74,✓ Yes,completed
6,326,325,03-09,+79.6%,+36.26%,0.5655,75,✓ Yes,completed
6,326,325,03-09,+79.3%,+36.16%,0.5653,77,✓ Yes,completed
6,326,326,03-09,+79.2%,+36.11%,0.5653,81,✓ Yes,completed
6,327,320,03-09,+80.0%,+36.47%,0.5659,73,✓ Yes,completed
6,327,320,03-09,+79.9%,+36.40%,0.5657,73,✓ Yes,completed
6,327,321,03-09,+79.9%,+36.40%,0.5657,73,✓ Yes,completed
6,327,322,03-09,+79.7%,+36.34%,0.5656,73,✓ Yes,completed
6,327,322,03-09,+79.6%,+36.29%,0.5655,73,✓ Yes,completed
6,327,323,03-09,+79.5%,+36.23%,0.5654,73,✓ Yes,completed
6,327,324,03-09,+79.5%,+36.23%,0.5654,73,✓ Yes,completed
6,327,324,03-09,+79.3%,+36.17%,0.5654,73,✓ Yes,completed
6,327,325,03-09,+79.1%,+36.10%,0.5653,74,✓ Yes,completed
6,327,326,03-09,+79.1%,+36.10%,0.5653,74,✓ Yes,completed
6,327,327,03-09,+78.9%,+36.05%,0.5653,75,✓ Yes,completed
6,327,327,03-09,+78.7%,+35.98%,0.5652,80,✓ Yes,completed
6,328,320,03-09,+79.8%,+36.35%,0.5656,72,✓ Yes,completed
6,328,320,03-09,+79.6%,+36.28%,0.5655,72,✓ Yes,completed
6,328,321,03-09,+79.6%,+36.28%,0.5655,72,✓ Yes,completed
6,328,322,03-09,+79.5%,+36.22%,0.5654,72,✓ Yes,completed
6,328,322,03-09,+79.4%,+36.18%,0.5654,72,✓ Yes,completed
6,328,323,03-09,+79.2%,+36.15%,0.5654,72,✓ Yes,completed
6,328,324,03-09,+79.2%,+36.15%,0.5654,72,✓ Yes,completed
6,328,325,03-09,+79.1%,+36.10%,0.5653,72,✓ Yes,completed
6,328,325,03-09,+78.8%,+36.03%,0.5653,72,✓ Yes,completed
6,328,326,03-09,+78.7%,+35.99%,0.5653,73,✓ Yes,completed
6,328,327,03-09,+78.7%,+35.99%,0.5653,73,✓ Yes,completed
6,328,327,03-09,+78.5%,+35.97%,0.5654,74,✓ Yes,completed
6,328,328,03-09,+78.3%,+35.93%,0.5654,77,✓ Yes,completed
6,329,320,03-09,+79.4%,+36.21%,0.5654,71,✓ Yes,completed
6,329,320,03-09,+79.3%,+36.16%,0.5653,71,✓ Yes,completed
6,329,321,03-09,+79.3%,+36.16%,0.5653,71,✓ Yes,completed
6,329,322,03-09,+79.2%,+36.13%,0.5653,71,✓ Yes,completed
6,329,322,03-09,+79.1%,+36.10%,0.5653,71,✓ Yes,completed
6,329,323,03-09,+79.1%,+36.10%,0.5653,71,✓ Yes,completed
6,329,324,03-09,+79.0%,+36.07%,0.5653,71,✓ Yes,completed
6,329,324,03-09,+78.8%,+36.02%,0.5653,71,✓ Yes,completed
6,329,325,03-09,+78.5%,+35.98%,0.5654,71,✓ Yes,completed
6,329,326,03-09,+78.5%,+35.98%,0.5654,71,✓ Yes,completed
6,329,326,03-09,+78.4%,+35.96%,0.5654,72,✓ Yes,completed
6,329,327,03-09,+78.2%,+35.88%,0.5653,73,✓ Yes,completed
6,329,328,03-09,+78.2%,+35.88%,0.5653,73,✓ Yes,completed
6,329,329,03-09,+78.1%,+35.82%,0.5652,74,✓ Yes,completed
6,329,329,03-09,+77.9%,+35.70%,0.5649,80,✓ Yes,completed
6,330,320,03-09,+79.3%,+36.16%,0.5653,69,✓ Yes,completed
6,330,320,03-09,+79.1%,+36.12%,0.5654,69,✓ Yes,completed
6,330,321,03-09,+79.1%,+36.12%,0.5654,69,✓ Yes,completed
6,330,322,03-09,+79.0%,+36.09%,0.5653,69,✓ Yes,completed
6,330,322,03-09,+78.9%,+36.06%,0.5653,69,✓ Yes,completed
6,330,323,03-09,+78.8%,+36.03%,0.5653,69,✓ Yes,completed
6,330,324,03-09,+78.8%,+36.03%,0.5653,69,✓ Yes,completed
6,330,325,03-09,+78.6%,+35.99%,0.5654,69,✓ Yes,completed
6,330,325,03-09,+78.4%,+35.97%,0.5655,69,✓ Yes,completed
6,330,326,03-09,+78.4%,+35.97%,0.5655,69,✓ Yes,completed
6,330,327,03-09,+78.3%,+35.93%,0.5654,70,✓ Yes,completed
6,330,327,03-09,+78.1%,+35.83%,0.5652,71,✓ Yes,completed
6,330,328,03-09,+78.0%,+35.77%,0.5651,71,✓ Yes,completed
6,330,329,03-09,+78.0%,+35.77%,0.5651,71,✓ Yes,completed
6,330,329,03-09,+77.7%,+35.65%,0.5649,72,✓ Yes,completed
6,330,330,03-09,+77.5%,+35.59%,0.5649,77,✓ Yes,completed
6,324,320,03-10,+79.5%,+36.19%,0.5652,76,✓ Yes,completed
6,324,320,03-10,+79.4%,+36.15%,0.5652,76,✓ Yes,completed
6,324,321,03-10,+79.2%,+36.14%,0.5654,76,✓ Yes,completed
6,324,322,03-10,+79.2%,+36.14%,0.5654,76,✓ Yes,completed
6,324,323,03-10,+79.1%,+36.14%,0.5655,76,✓ Yes,completed
6,324,323,03-10,+78.9%,+36.13%,0.5656,77,✓ Yes,completed
6,324,324,03-10,+78.7%,+36.11%,0.5658,80,✓ Yes,completed
6,325,320,03-10,+79.4%,+36.15%,0.5653,74,✓ Yes,completed
6,325,320,03-10,+79.2%,+36.14%,0.5654,74,✓ Yes,completed
6,325,321,03-10,+79.2%,+36.14%,0.5654,74,✓ Yes,completed
6,325,322,03-10,+79.0%,+36.14%,0.5655,74,✓ Yes,completed
6,325,322,03-10,+78.9%,+36.14%,0.5656,74,✓ Yes,completed
6,325,323,03-10,+78.8%,+36.13%,0.5657,75,✓ Yes,completed
6,325,324,03-10,+78.8%,+36.13%,0.5657,75,✓ Yes,completed
6,325,324,03-10,+78.6%,+36.12%,0.5659,76,✓ Yes,completed
6,325,325,03-10,+78.3%,+36.04%,0.5659,83,✓ Yes,completed
6,326,320,03-10,+79.1%,+36.14%,0.5655,73,✓ Yes,completed
6,326,320,03-10,+78.9%,+36.14%,0.5656,73,✓ Yes,completed
6,326,321,03-10,+78.8%,+36.13%,0.5657,73,✓ Yes,completed
6,326,322,03-10,+78.8%,+36.13%,0.5657,73,✓ Yes,completed
6,326,323,03-10,+78.7%,+36.13%,0.5658,73,✓ Yes,completed
6,326,323,03-10,+78.6%,+36.12%,0.5659,73,✓ Yes,completed
6,326,324,03-10,+78.6%,+36.12%,0.5659,73,✓ Yes,completed
6,326,325,03-10,+78.4%,+36.09%,0.5660,74,✓ Yes,completed
6,326,325,03-10,+78.1%,+35.98%,0.5658,76,✓ Yes,completed
6,326,326,03-10,+77.9%,+35.89%,0.5656,80,✓ Yes,completed
6,327,320,03-10,+78.8%,+36.13%,0.5657,72,✓ Yes,completed
6,327,320,03-10,+78.7%,+36.12%,0.5658,72,✓ Yes,completed
6,327,321,03-10,+78.7%,+36.12%,0.5658,72,✓ Yes,completed
6,327,322,03-10,+78.5%,+36.12%,0.5659,72,✓ Yes,completed
6,327,322,03-10,+78.4%,+36.11%,0.5660,72,✓ Yes,completed
6,327,323,03-10,+78.3%,+36.07%,0.5660,72,✓ Yes,completed
6,327,324,03-10,+78.3%,+36.07%,0.5660,72,✓ Yes,completed
6,327,324,03-10,+78.1%,+35.99%,0.5658,72,✓ Yes,completed
6,327,325,03-10,+77.9%,+35.86%,0.5656,73,✓ Yes,completed
6,327,326,03-10,+77.9%,+35.86%,0.5656,73,✓ Yes,completed
6,327,327,03-10,+77.7%,+35.79%,0.5655,74,✓ Yes,completed
6,327,327,03-10,+77.5%,+35.69%,0.5653,79,✓ Yes,completed
6,328,320,03-10,+78.6%,+36.12%,0.5659,71,✓ Yes,completed
6,328,320,03-10,+78.4%,+36.10%,0.5660,71,✓ Yes,completed
6,328,321,03-10,+78.4%,+36.10%,0.5660,71,✓ Yes,completed
6,328,322,03-10,+78.3%,+36.06%,0.5660,71,✓ Yes,completed
6,328,322,03-10,+78.2%,+36.01%,0.5659,71,✓ Yes,completed
6,328,323,03-10,+78.0%,+35.95%,0.5658,71,✓ Yes,completed
6,328,324,03-10,+78.0%,+35.95%,0.5658,71,✓ Yes,completed
6,328,325,03-10,+77.8%,+35.86%,0.5656,71,✓ Yes,completed
6,328,325,03-10,+77.6%,+35.76%,0.5654,71,✓ Yes,completed
6,328,326,03-10,+77.5%,+35.70%,0.5654,72,✓ Yes,completed
6,328,327,03-10,+77.5%,+35.70%,0.5654,72,✓ Yes,completed
6,328,327,03-10,+77.3%,+35.65%,0.5653,73,✓ Yes,completed
6,328,328,03-10,+77.1%,+35.60%,0.5653,76,✓ Yes,completed
6,329,320,03-10,+78.2%,+36.04%,0.5659,70,✓ Yes,completed
6,329,320,03-10,+78.1%,+35.97%,0.5658,70,✓ Yes,completed
6,329,321,03-10,+78.1%,+35.97%,0.5658,70,✓ Yes,completed
6,329,322,03-10,+78.0%,+35.92%,0.5657,70,✓ Yes,completed
6,329,322,03-10,+77.9%,+35.87%,0.5656,70,✓ Yes,completed
6,329,323,03-10,+77.9%,+35.87%,0.5656,70,✓ Yes,completed
6,329,324,03-10,+77.7%,+35.81%,0.5655,70,✓ Yes,completed
6,329,324,03-10,+77.6%,+35.74%,0.5654,70,✓ Yes,completed
6,329,325,03-10,+77.3%,+35.67%,0.5654,70,✓ Yes,completed
6,329,326,03-10,+77.3%,+35.67%,0.5654,70,✓ Yes,completed
6,329,326,03-10,+77.2%,+35.63%,0.5653,71,✓ Yes,completed
6,329,327,03-10,+77.0%,+35.57%,0.5653,72,✓ Yes,completed
6,329,328,03-10,+77.0%,+35.57%,0.5653,72,✓ Yes,completed
6,329,329,03-10,+76.9%,+35.54%,0.5653,73,✓ Yes,completed
6,329,329,03-10,+76.7%,+35.49%,0.5653,79,✓ Yes,completed
6,330,320,03-10,+78.1%,+35.97%,0.5658,68,✓ Yes,completed
6,330,320,03-10,+77.9%,+35.89%,0.5657,68,✓ Yes,completed
6,330,321,03-10,+77.9%,+35.89%,0.5657,68,✓ Yes,completed
6,330,322,03-10,+77.8%,+35.84%,0.5656,68,✓ Yes,completed
6,330,322,03-10,+77.7%,+35.79%,0.5655,68,✓ Yes,completed
6,330,323,03-10,+77.6%,+35.75%,0.5654,68,✓ Yes,completed
6,330,324,03-10,+77.6%,+35.75%,0.5654,68,✓ Yes,completed
6,330,325,03-10,+77.4%,+35.70%,0.5654,68,✓ Yes,completed
6,330,325,03-10,+77.2%,+35.65%,0.5654,68,✓ Yes,completed
6,330,326,03-10,+77.2%,+35.65%,0.5654,68,✓ Yes,completed
6,330,327,03-10,+77.1%,+35.60%,0.5653,69,✓ Yes,completed
6,330,327,03-10,+76.9%,+35.54%,0.5653,70,✓ Yes,completed
6,330,328,03-10,+76.7%,+35.52%,0.5654,70,✓ Yes,completed
6,330,329,03-10,+76.7%,+35.52%,0.5654,70,✓ Yes,completed
6,330,329,03-10,+76.5%,+35.47%,0.5654,71,✓ Yes,completed
6,330,330,03-10,+76.3%,+35.38%,0.5652,76,✓ Yes,completed
6,324,320,03-11,+77.9%,+35.55%,0.5643,75,✓ Yes,completed
6,324,320,03-11,+77.7%,+35.49%,0.5642,75,✓ Yes,completed
6,324,321,03-11,+77.6%,+35.44%,0.5642,75,✓ Yes,completed
6,324,322,03-11,+77.6%,+35.44%,0.5642,75,✓ Yes,completed
6,324,323,03-11,+77.4%,+35.42%,0.5642,75,✓ Yes,completed
6,324,323,03-11,+77.3%,+35.42%,0.5644,76,✓ Yes,completed
6,324,324,03-11,+77.1%,+35.40%,0.5645,79,✓ Yes,completed
6,325,320,03-11,+77.7%,+35.49%,0.5642,73,✓ Yes,completed
6,325,320,03-11,+77.6%,+35.44%,0.5642,73,✓ Yes,completed
6,325,321,03-11,+77.6%,+35.44%,0.5642,73,✓ Yes,completed
6,325,322,03-11,+77.4%,+35.42%,0.5643,73,✓ Yes,completed
6,325,322,03-11,+77.3%,+35.42%,0.5644,73,✓ Yes,completed
6,325,323,03-11,+77.1%,+35.42%,0.5645,74,✓ Yes,completed
6,325,324,03-11,+77.1%,+35.42%,0.5645,74,✓ Yes,completed
6,325,324,03-11,+76.9%,+35.40%,0.5647,75,✓ Yes,completed
6,325,325,03-11,+76.7%,+35.37%,0.5648,82,✓ Yes,completed
6,326,320,03-11,+77.5%,+35.43%,0.5642,72,✓ Yes,completed
6,326,320,03-11,+77.3%,+35.42%,0.5644,72,✓ Yes,completed
6,326,321,03-11,+77.2%,+35.42%,0.5645,72,✓ Yes,completed
6,326,322,03-11,+77.2%,+35.42%,0.5645,72,✓ Yes,completed
6,326,323,03-11,+77.1%,+35.42%,0.5646,72,✓ Yes,completed
6,326,323,03-11,+76.9%,+35.41%,0.5647,72,✓ Yes,completed
6,326,324,03-11,+76.9%,+35.41%,0.5647,72,✓ Yes,completed
6,326,325,03-11,+76.7%,+35.40%,0.5648,73,✓ Yes,completed
6,326,325,03-11,+76.5%,+35.36%,0.5649,75,✓ Yes,completed
6,326,326,03-11,+76.3%,+35.28%,0.5648,79,✓ Yes,completed
6,327,320,03-11,+77.2%,+35.42%,0.5645,71,✓ Yes,completed
6,327,320,03-11,+77.0%,+35.41%,0.5646,71,✓ Yes,completed
6,327,321,03-11,+77.0%,+35.41%,0.5646,71,✓ Yes,completed
6,327,322,03-11,+76.9%,+35.41%,0.5647,71,✓ Yes,completed
6,327,322,03-11,+76.8%,+35.40%,0.5648,71,✓ Yes,completed
6,327,323,03-11,+76.7%,+35.40%,0.5649,71,✓ Yes,completed
6,327,324,03-11,+76.7%,+35.40%,0.5649,71,✓ Yes,completed
6,327,324,03-11,+76.5%,+35.36%,0.5650,71,✓ Yes,completed
6,327,325,03-11,+76.3%,+35.26%,0.5648,72,✓ Yes,completed
6,327,326,03-11,+76.3%,+35.26%,0.5648,72,✓ Yes,completed
6,327,327,03-11,+76.1%,+35.18%,0.5646,73,✓ Yes,completed
6,327,327,03-11,+75.9%,+35.06%,0.5643,78,✓ Yes,completed
6,328,320,03-11,+76.9%,+35.40%,0.5647,70,✓ Yes,completed
6,328,320,03-11,+76.8%,+35.40%,0.5648,70,✓ Yes,completed
6,328,321,03-11,+76.8%,+35.40%,0.5648,70,✓ Yes,completed
6,328,322,03-11,+76.7%,+35.39%,0.5649,70,✓ Yes,completed
6,328,322,03-11,+76.5%,+35.38%,0.5650,70,✓ Yes,completed
6,328,323,03-11,+76.4%,+35.33%,0.5649,70,✓ Yes,completed
6,328,324,03-11,+76.4%,+35.33%,0.5649,70,✓ Yes,completed
6,328,325,03-11,+76.2%,+35.25%,0.5648,70,✓ Yes,completed
6,328,325,03-11,+76.0%,+35.14%,0.5646,70,✓ Yes,completed
6,328,326,03-11,+75.9%,+35.07%,0.5644,71,✓ Yes,completed
6,328,327,03-11,+75.9%,+35.07%,0.5644,71,✓ Yes,completed
6,328,327,03-11,+75.7%,+34.99%,0.5643,72,✓ Yes,completed
6,328,328,03-11,+75.5%,+34.94%,0.5642,75,✓ Yes,completed
6,329,320,03-11,+76.6%,+35.38%,0.5649,69,✓ Yes,completed
6,329,320,03-11,+76.5%,+35.34%,0.5649,69,✓ Yes,completed
6,329,321,03-11,+76.5%,+35.34%,0.5649,69,✓ Yes,completed
6,329,322,03-11,+76.3%,+35.30%,0.5648,69,✓ Yes,completed
6,329,322,03-11,+76.2%,+35.25%,0.5647,69,✓ Yes,completed
6,329,323,03-11,+76.2%,+35.25%,0.5647,69,✓ Yes,completed
6,329,324,03-11,+76.1%,+35.19%,0.5647,69,✓ Yes,completed
6,329,324,03-11,+75.9%,+35.11%,0.5645,69,✓ Yes,completed
6,329,325,03-11,+75.7%,+35.02%,0.5643,69,✓ Yes,completed
6,329,326,03-11,+75.7%,+35.02%,0.5643,69,✓ Yes,completed
6,329,326,03-11,+75.6%,+34.97%,0.5643,70,✓ Yes,completed
6,329,327,03-11,+75.4%,+34.91%,0.5643,71,✓ Yes,completed
6,329,328,03-11,+75.4%,+34.91%,0.5643,71,✓ Yes,completed
6,329,329,03-11,+75.3%,+34.87%,0.5642,72,✓ Yes,completed
6,329,329,03-11,+75.1%,+34.79%,0.5641,78,✓ Yes,completed
6,330,320,03-11,+76.4%,+35.34%,0.5649,67,✓ Yes,completed
6,330,320,03-11,+76.3%,+35.28%,0.5648,67,✓ Yes,completed
6,330,321,03-11,+76.3%,+35.28%,0.5648,67,✓ Yes,completed
6,330,322,03-11,+76.2%,+35.23%,0.5647,67,✓ Yes,completed
6,330,322,03-11,+76.1%,+35.18%,0.5646,67,✓ Yes,completed
6,330,323,03-11,+76.0%,+35.13%,0.5645,67,✓ Yes,completed
6,330,324,03-11,+76.0%,+35.13%,0.5645,67,✓ Yes,completed
6,330,325,03-11,+75.8%,+35.05%,0.5644,67,✓ Yes,completed
6,330,325,03-11,+75.6%,+34.99%,0.5643,67,✓ Yes,completed
6,330,326,03-11,+75.6%,+34.99%,0.5643,67,✓ Yes,completed
6,330,327,03-11,+75.5%,+34.95%,0.5643,68,✓ Yes,completed
6,330,327,03-11,+75.3%,+34.88%,0.5642,69,✓ Yes,completed
6,330,328,03-11,+75.1%,+34.84%,0.5642,69,✓ Yes,completed
6,330,329,03-11,+75.1%,+34.84%,0.5642,69,✓ Yes,completed
6,330,329,03-11,+74.9%,+34.79%,0.5642,70,✓ Yes,completed
6,330,330,03-11,+74.7%,+34.75%,0.5643,75,✓ Yes,completed
7,326,321,03-10,+78.8%,+36.13%,0.5657,73,✓ Yes,completed
7,326,322,03-10,+78.8%,+36.13%,0.5657,73,✓ Yes,completed
7,326,322,03-10,+78.8%,+36.13%,0.5657,73,✓ Yes,completed
7,326,322,03-10,+78.7%,+36.13%,0.5658,73,✓ Yes,completed
7,326,323,03-10,+78.7%,+36.13%,0.5658,73,✓ Yes,completed
7,326,323,03-10,+78.7%,+36.13%,0.5658,73,✓ Yes,completed
7,326,323,03-10,+78.6%,+36.12%,0.5659,73,✓ Yes,completed
7,326,324,03-10,+78.6%,+36.12%,0.5659,73,✓ Yes,completed
7,326,324,03-10,+78.6%,+36.12%,0.5659,73,✓ Yes,completed
7,326,324,03-10,+78.4%,+36.09%,0.5660,74,✓ Yes,completed
7,326,324,03-10,+78.4%,+36.09%,0.5660,74,✓ Yes,completed
7,326,325,03-10,+78.4%,+36.09%,0.5660,74,✓ Yes,completed
7,326,325,03-10,+78.1%,+35.98%,0.5658,76,✓ Yes,completed
7,326,325,03-10,+78.1%,+35.98%,0.5658,76,✓ Yes,completed
7,326,326,03-10,+78.1%,+35.98%,0.5658,76,✓ Yes,completed
7,326,326,03-10,+78.1%,+35.98%,0.5658,76,✓ Yes,completed
7,327,321,03-10,+78.5%,+36.12%,0.5659,72,✓ Yes,completed
7,327,322,03-10,+78.5%,+36.12%,0.5659,72,✓ Yes,completed
7,327,322,03-10,+78.5%,+36.12%,0.5659,72,✓ Yes,completed
7,327,322,03-10,+78.4%,+36.11%,0.5660,72,✓ Yes,completed
7,327,323,03-10,+78.4%,+36.11%,0.5660,72,✓ Yes,completed
7,327,323,03-10,+78.4%,+36.11%,0.5660,72,✓ Yes,completed
7,327,323,03-10,+78.3%,+36.07%,0.5660,72,✓ Yes,completed
7,327,324,03-10,+78.3%,+36.07%,0.5660,72,✓ Yes,completed
7,327,324,03-10,+78.3%,+36.07%,0.5660,72,✓ Yes,completed
7,327,324,03-10,+78.1%,+35.99%,0.5658,72,✓ Yes,completed
7,327,324,03-10,+78.1%,+35.99%,0.5658,72,✓ Yes,completed
7,327,325,03-10,+78.1%,+35.99%,0.5658,72,✓ Yes,completed
7,327,325,03-10,+77.9%,+35.86%,0.5656,73,✓ Yes,completed
7,327,325,03-10,+77.9%,+35.86%,0.5656,73,✓ Yes,completed
7,327,326,03-10,+77.9%,+35.86%,0.5656,73,✓ Yes,completed
7,327,326,03-10,+77.7%,+35.79%,0.5655,74,✓ Yes,completed
7,327,326,03-10,+77.7%,+35.79%,0.5655,74,✓ Yes,completed
7,327,327,03-10,+77.7%,+35.79%,0.5655,74,✓ Yes,completed
7,327,327,03-10,+77.7%,+35.79%,0.5655,74,✓ Yes,completed
7,328,321,03-10,+78.3%,+36.06%,0.5660,71,✓ Yes,completed
7,328,322,03-10,+78.3%,+36.06%,0.5660,71,✓ Yes,completed
7,328,322,03-10,+78.3%,+36.06%,0.5660,71,✓ Yes,completed
7,328,322,03-10,+78.2%,+36.01%,0.5659,71,✓ Yes,completed
7,328,323,03-10,+78.2%,+36.01%,0.5659,71,✓ Yes,completed
7,328,323,03-10,+78.2%,+36.01%,0.5659,71,✓ Yes,completed
7,328,323,03-10,+78.0%,+35.95%,0.5658,71,✓ Yes,completed
7,328,324,03-10,+78.0%,+35.95%,0.5658,71,✓ Yes,completed
7,328,324,03-10,+78.0%,+35.95%,0.5658,71,✓ Yes,completed
7,328,324,03-10,+77.8%,+35.86%,0.5656,71,✓ Yes,completed
7,328,325,03-10,+77.8%,+35.86%,0.5656,71,✓ Yes,completed
7,328,325,03-10,+77.8%,+35.86%,0.5656,71,✓ Yes,completed
7,328,325,03-10,+77.6%,+35.76%,0.5654,71,✓ Yes,completed
7,328,325,03-10,+77.6%,+35.76%,0.5654,71,✓ Yes,completed
7,328,326,03-10,+77.6%,+35.76%,0.5654,71,✓ Yes,completed
7,328,326,03-10,+77.5%,+35.70%,0.5654,72,✓ Yes,completed
7,328,326,03-10,+77.5%,+35.70%,0.5654,72,✓ Yes,completed
7,328,327,03-10,+77.5%,+35.70%,0.5654,72,✓ Yes,completed
7,328,327,03-10,+77.3%,+35.65%,0.5653,73,✓ Yes,completed
7,328,327,03-10,+77.3%,+35.65%,0.5653,73,✓ Yes,completed
7,328,328,03-10,+77.3%,+35.65%,0.5653,73,✓ Yes,completed
7,328,328,03-10,+77.3%,+35.65%,0.5653,73,✓ Yes,completed
7,326,321,03-11,+77.2%,+35.42%,0.5645,72,✓ Yes,completed
7,326,322,03-11,+77.2%,+35.42%,0.5645,72,✓ Yes,completed
7,326,322,03-11,+77.2%,+35.42%,0.5645,72,✓ Yes,completed
7,326,322,03-11,+77.1%,+35.42%,0.5646,72,✓ Yes,completed
7,326,323,03-11,+77.1%,+35.42%,0.5646,72,✓ Yes,completed
7,326,323,03-11,+77.1%,+35.42%,0.5646,72,✓ Yes,completed
7,326,323,03-11,+76.9%,+35.41%,0.5647,72,✓ Yes,completed
7,326,324,03-11,+76.9%,+35.41%,0.5647,72,✓ Yes,completed
7,326,324,03-11,+76.9%,+35.41%,0.5647,72,✓ Yes,completed
7,326,324,03-11,+76.7%,+35.40%,0.5648,73,✓ Yes,completed
7,326,324,03-11,+76.7%,+35.40%,0.5648,73,✓ Yes,completed
7,326,325,03-11,+76.7%,+35.40%,0.5648,73,✓ Yes,completed
7,326,325,03-11,+76.5%,+35.36%,0.5649,75,✓ Yes,completed
7,326,325,03-11,+76.5%,+35.36%,0.5649,75,✓ Yes,completed
7,326,326,03-11,+76.5%,+35.36%,0.5649,75,✓ Yes,completed
7,326,326,03-11,+76.5%,+35.36%,0.5649,75,✓ Yes,completed
7,327,321,03-11,+76.9%,+35.41%,0.5647,71,✓ Yes,completed
7,327,322,03-11,+76.9%,+35.41%,0.5647,71,✓ Yes,completed
7,327,322,03-11,+76.9%,+35.41%,0.5647,71,✓ Yes,completed
7,327,322,03-11,+76.8%,+35.40%,0.5648,71,✓ Yes,completed
7,327,323,03-11,+76.8%,+35.40%,0.5648,71,✓ Yes,completed
7,327,323,03-11,+76.8%,+35.40%,0.5648,71,✓ Yes,completed
7,327,323,03-11,+76.7%,+35.40%,0.5649,71,✓ Yes,completed
7,327,324,03-11,+76.7%,+35.40%,0.5649,71,✓ Yes,completed
7,327,324,03-11,+76.7%,+35.40%,0.5649,71,✓ Yes,completed
7,327,324,03-11,+76.5%,+35.36%,0.5650,71,✓ Yes,completed
7,327,324,03-11,+76.5%,+35.36%,0.5650,71,✓ Yes,completed
7,327,325,03-11,+76.5%,+35.36%,0.5650,71,✓ Yes,completed
7,327,325,03-11,+76.3%,+35.26%,0.5648,72,✓ Yes,completed
7,327,325,03-11,+76.3%,+35.26%,0.5648,72,✓ Yes,completed
7,327,326,03-11,+76.3%,+35.26%,0.5648,72,✓ Yes,completed
7,327,326,03-11,+76.1%,+35.18%,0.5646,73,✓ Yes,completed
7,327,326,03-11,+76.1%,+35.18%,0.5646,73,✓ Yes,completed
7,327,327,03-11,+76.1%,+35.18%,0.5646,73,✓ Yes,completed
7,327,327,03-11,+76.1%,+35.18%,0.5646,73,✓ Yes,completed
7,328,321,03-11,+76.7%,+35.39%,0.5649,70,✓ Yes,completed
7,328,322,03-11,+76.7%,+35.39%,0.5649,70,✓ Yes,completed
7,328,322,03-11,+76.7%,+35.39%,0.5649,70,✓ Yes,completed
7,328,322,03-11,+76.5%,+35.38%,0.5650,70,✓ Yes,completed
7,328,323,03-11,+76.5%,+35.38%,0.5650,70,✓ Yes,completed
7,328,323,03-11,+76.5%,+35.38%,0.5650,70,✓ Yes,completed
7,328,323,03-11,+76.4%,+35.33%,0.5649,70,✓ Yes,completed
7,328,324,03-11,+76.4%,+35.33%,0.5649,70,✓ Yes,completed
7,328,324,03-11,+76.4%,+35.33%,0.5649,70,✓ Yes,completed
7,328,324,03-11,+76.2%,+35.25%,0.5648,70,✓ Yes,completed
7,328,325,03-11,+76.2%,+35.25%,0.5648,70,✓ Yes,completed
7,328,325,03-11,+76.2%,+35.25%,0.5648,70,✓ Yes,completed
7,328,325,03-11,+76.0%,+35.14%,0.5646,70,✓ Yes,completed
7,328,325,03-11,+76.0%,+35.14%,0.5646,70,✓ Yes,completed
7,328,326,03-11,+76.0%,+35.14%,0.5646,70,✓ Yes,completed
7,328,326,03-11,+75.9%,+35.07%,0.5644,71,✓ Yes,completed
7,328,326,03-11,+75.9%,+35.07%,0.5644,71,✓ Yes,completed
7,328,327,03-11,+75.9%,+35.07%,0.5644,71,✓ Yes,completed
7,328,327,03-11,+75.7%,+34.99%,0.5643,72,✓ Yes,completed
7,328,327,03-11,+75.7%,+34.99%,0.5643,72,✓ Yes,completed
7,328,328,03-11,+75.7%,+34.99%,0.5643,72,✓ Yes,completed
7,328,328,03-11,+75.7%,+34.99%,0.5643,72,✓ Yes,completed
8,327,322,03-10,+78.7%,+36.13%,0.5658,73,✓ Yes,completed
8,327,322,03-10,+78.7%,+36.13%,0.5658,73,✓ Yes,completed
8,327,323,03-10,+78.7%,+36.13%,0.5658,73,✓ Yes,completed
8,327,323,03-10,+78.6%,+36.12%,0.5659,73,✓ Yes,completed
8,327,323,03-10,+78.6%,+36.12%,0.5659,73,✓ Yes,completed
8,327,324,03-10,+78.6%,+36.12%,0.5659,73,✓ Yes,completed
8,327,324,03-10,+78.4%,+36.09%,0.5660,74,✓ Yes,completed
8,327,324,03-10,+78.4%,+36.09%,0.5660,74,✓ Yes,completed
8,327,325,03-10,+78.4%,+36.09%,0.5660,74,✓ Yes,completed
8,327,325,03-10,+78.4%,+36.09%,0.5660,74,✓ Yes,completed
8,327,325,03-10,+78.1%,+35.98%,0.5658,76,✓ Yes,completed
8,327,326,03-10,+78.1%,+35.98%,0.5658,76,✓ Yes,completed
8,327,326,03-10,+78.1%,+35.98%,0.5658,76,✓ Yes,completed
8,327,326,03-10,+77.9%,+35.89%,0.5656,80,✓ Yes,completed
8,327,327,03-10,+77.9%,+35.89%,0.5656,80,✓ Yes,completed
8,327,327,03-10,+77.9%,+35.89%,0.5656,80,✓ Yes,completed
8,328,322,03-10,+78.4%,+36.11%,0.5660,72,✓ Yes,completed
8,328,322,03-10,+78.4%,+36.11%,0.5660,72,✓ Yes,completed
8,328,323,03-10,+78.4%,+36.11%,0.5660,72,✓ Yes,completed
8,328,323,03-10,+78.3%,+36.07%,0.5660,72,✓ Yes,completed
8,328,323,03-10,+78.3%,+36.07%,0.5660,72,✓ Yes,completed
8,328,324,03-10,+78.3%,+36.07%,0.5660,72,✓ Yes,completed
8,328,324,03-10,+78.1%,+35.99%,0.5658,72,✓ Yes,completed
8,328,324,03-10,+78.1%,+35.99%,0.5658,72,✓ Yes,completed
8,328,325,03-10,+78.1%,+35.99%,0.5658,72,✓ Yes,completed
8,328,325,03-10,+78.1%,+35.99%,0.5658,72,✓ Yes,completed
8,328,325,03-10,+77.9%,+35.86%,0.5656,73,✓ Yes,completed
8,328,326,03-10,+77.9%,+35.86%,0.5656,73,✓ Yes,completed
8,328,326,03-10,+77.9%,+35.86%,0.5656,73,✓ Yes,completed
8,328,326,03-10,+77.7%,+35.79%,0.5655,74,✓ Yes,completed
8,328,327,03-10,+77.7%,+35.79%,0.5655,74,✓ Yes,completed
8,328,327,03-10,+77.7%,+35.79%,0.5655,74,✓ Yes,completed
8,328,327,03-10,+77.5%,+35.69%,0.5653,79,✓ Yes,completed
8,328,328,03-10,+77.5%,+35.69%,0.5653,79,✓ Yes,completed
8,328,328,03-10,+77.5%,+35.69%,0.5653,79,✓ Yes,completed
8,327,322,03-11,+77.1%,+35.42%,0.5646,72,✓ Yes,completed
8,327,322,03-11,+77.1%,+35.42%,0.5646,72,✓ Yes,completed
8,327,323,03-11,+77.1%,+35.42%,0.5646,72,✓ Yes,completed
8,327,323,03-11,+76.9%,+35.41%,0.5647,72,✓ Yes,completed
8,327,323,03-11,+76.9%,+35.41%,0.5647,72,✓ Yes,completed
8,327,324,03-11,+76.9%,+35.41%,0.5647,72,✓ Yes,completed
8,327,324,03-11,+76.7%,+35.40%,0.5648,73,✓ Yes,completed
8,327,324,03-11,+76.7%,+35.40%,0.5648,73,✓ Yes,completed
8,327,325,03-11,+76.7%,+35.40%,0.5648,73,✓ Yes,completed
8,327,325,03-11,+76.7%,+35.40%,0.5648,73,✓ Yes,completed
8,327,325,03-11,+76.5%,+35.36%,0.5649,75,✓ Yes,completed
8,327,326,03-11,+76.5%,+35.36%,0.5649,75,✓ Yes,completed
8,327,326,03-11,+76.5%,+35.36%,0.5649,75,✓ Yes,completed
8,327,326,03-11,+76.3%,+35.28%,0.5648,79,✓ Yes,completed
8,327,327,03-11,+76.3%,+35.28%,0.5648,79,✓ Yes,completed
8,327,327,03-11,+76.3%,+35.28%,0.5648,79,✓ Yes,completed
8,328,322,03-11,+76.8%,+35.40%,0.5648,71,✓ Yes,completed
8,328,322,03-11,+76.8%,+35.40%,0.5648,71,✓ Yes,completed
8,328,323,03-11,+76.8%,+35.40%,0.5648,71,✓ Yes,completed
8,328,323,03-11,+76.7%,+35.40%,0.5649,71,✓ Yes,completed
8,328,323,03-11,+76.7%,+35.40%,0.5649,71,✓ Yes,completed
8,328,324,03-11,+76.7%,+35.40%,0.5649,71,✓ Yes,completed
8,328,324,03-11,+76.5%,+35.36%,0.5650,71,✓ Yes,completed
8,328,324,03-11,+76.5%,+35.36%,0.5650,71,✓ Yes,completed
8,328,325,03-11,+76.5%,+35.36%,0.5650,71,✓ Yes,completed
8,328,325,03-11,+76.5%,+35.36%,0.5650,71,✓ Yes,completed
8,328,325,03-11,+76.3%,+35.26%,0.5648,72,✓ Yes,completed
8,328,326,03-11,+76.3%,+35.26%,0.5648,72,✓ Yes,completed
8,328,326,03-11,+76.3%,+35.26%,0.5648,72,✓ Yes,completed
8,328,326,03-11,+76.1%,+35.18%,0.5646,73,✓ Yes,completed
8,328,327,03-11,+76.1%,+35.18%,0.5646,73,✓ Yes,completed
8,328,327,03-11,+76.1%,+35.18%,0.5646,73,✓ Yes,completed
8,328,327,03-11,+75.9%,+35.06%,0.5643,78,✓ Yes,completed
8,328,328,03-11,+75.9%,+35.06%,0.5643,78,✓ Yes,completed
8,328,328,03-11,+75.9%,+35.06%,0.5643,78,✓ Yes,completed
9,327,323,03-10,+78.4%,+36.11%,0.5660,72,✓ Yes,completed
9,327,323,03-10,+78.4%,+36.11%,0.5660,72,✓ Yes,completed
9,327,323,03-10,+78.3%,+36.07%,0.5660,72,✓ Yes,completed
9,327,323,03-10,+78.3%,+36.07%,0.5660,72,✓ Yes,completed
9,327,324,03-10,+78.3%,+36.07%,0.5660,72,✓ Yes,completed
9,327,324,03-10,+78.1%,+35.99%,0.5658,72,✓ Yes,completed
9,327,324,03-10,+78.1%,+35.99%,0.5658,72,✓ Yes,completed
9,327,325,03-10,+78.1%,+35.99%,0.5658,72,✓ Yes,completed
9,327,325,03-10,+77.9%,+35.86%,0.5656,73,✓ Yes,completed
9,327,325,03-10,+77.9%,+35.86%,0.5656,73,✓ Yes,completed
9,327,326,03-10,+77.9%,+35.86%,0.5656,73,✓ Yes,completed
9,327,326,03-10,+77.9%,+35.86%,0.5656,73,✓ Yes,completed
9,327,326,03-10,+77.7%,+35.79%,0.5655,74,✓ Yes,completed
9,327,327,03-10,+77.7%,+35.79%,0.5655,74,✓ Yes,completed
9,327,327,03-10,+77.7%,+35.79%,0.5655,74,✓ Yes,completed
9,327,327,03-10,+77.5%,+35.69%,0.5653,79,✓ Yes,completed
9,327,323,03-11,+76.8%,+35.40%,0.5648,71,✓ Yes,completed
9,327,323,03-11,+76.8%,+35.40%,0.5648,71,✓ Yes,completed
9,327,323,03-11,+76.7%,+35.40%,0.5649,71,✓ Yes,completed
9,327,323,03-11,+76.7%,+35.40%,0.5649,71,✓ Yes,completed
9,327,324,03-11,+76.7%,+35.40%,0.5649,71,✓ Yes,completed
9,327,324,03-11,+76.5%,+35.36%,0.5650,71,✓ Yes,completed
9,327,324,03-11,+76.5%,+35.36%,0.5650,71,✓ Yes,completed
9,327,325,03-11,+76.5%,+35.36%,0.5650,71,✓ Yes,completed
9,327,325,03-11,+76.3%,+35.26%,0.5648,72,✓ Yes,completed
9,327,325,03-11,+76.3%,+35.26%,0.5648,72,✓ Yes,completed
9,327,326,03-11,+76.3%,+35.26%,0.5648,72,✓ Yes,completed
9,327,326,03-11,+76.3%,+35.26%,0.5648,72,✓ Yes,completed
9,327,326,03-11,+76.1%,+35.18%,0.5646,73,✓ Yes,completed
9,327,327,03-11,+76.1%,+35.18%,0.5646,73,✓ Yes,completed
9,327,327,03-11,+76.1%,+35.18%,0.5646,73,✓ Yes,completed
9,327,327,03-11,+75.9%,+35.06%,0.5643,78,✓ Yes,completed
