Iter,θ_p,θ_r,Start,Overhead %,CO₂ Save %,Score,Pauses,Budget,Stop
0,10,0,01-01,+100.0%,+91.42%,0.9571,1,✗ No,budget_exceeded
0,10,10,01-01,+100.0%,+91.42%,0.9571,1,✗ No,budget_exceeded
0,98,0,01-01,+100.0%,+91.42%,0.9571,1,✗ No,budget_exceeded
0,98,98,01-01,+100.0%,+91.42%,0.9571,1,✗ No,budget_exceeded
0,186,0,01-01,+100.0%,+91.42%,0.9571,1,✗ No,budget_exceeded
0,186,186,01-01,+100.0%,+90.90%,0.9545,8,✗ No,budget_exceeded
0,273,0,01-01,+100.0%,+91.42%,0.9571,1,✗ No,budget_exceeded
0,273,137,01-01,+100.0%,+91.42%,0.9571,1,✗ No,budget_exceeded
0,273,273,01-01,+100.0%,+78.14%,0.8907,41,✗ No,budget_exceeded
0,361,0,01-01,+100.0%,+91.42%,0.9571,1,✗ No,budget_exceeded
0,361,90,01-01,+100.0%,+91.42%,0.9571,1,✗ No,budget_exceeded
0,361,181,01-01,+100.0%,+85.32%,0.9266,2,✗ No,budget_exceeded
0,361,271,01-01,+100.0%,+32.60%,0.6630,34,✗ No,budget_exceeded
0,361,361,01-01,+51.2%,+6.41%,0.5321,94,✓ Yes,completed
0,449,0,01-01,+0.0%,+0.00%,0.5000,0,✓ Yes,completed
0,449,90,01-01,+0.0%,+0.00%,0.5000,0,✓ Yes,completed
0,449,180,01-01,+0.0%,+0.00%,0.5000,0,✓ Yes,completed
0,449,269,01-01,+0.0%,+0.00%,0.5000,0,✓ Yes,completed
0,449,359,01-01,+0.0%,+0.00%,0.5000,0,✓ Yes,completed
0,449,449,01-01,+0.0%,+0.00%,0.5000,0,✓ Yes,completed
0,537,0,01-01,+0.0%,+0.00%,0.5000,0,✓ Yes,completed
0,537,89,01-01,+0.0%,+0.00%,0.5000,0,✓ Yes,completed
0,537,179,01-01,+0.0%,+0.00%,0.5000,0,✓ Yes,completed
0,537,268,01-01,+0.0%,+0.00%,0.5000,0,✓ Yes,completed
0,537,358,01-01,+0.0%,+0.00%,0.5000,0,✓ Yes,completed
0,537,447,01-01,+0.0%,+0.00%,0.5000,0,✓ Yes,completed
0,537,537,01-01,+0.0%,+0.00%,0.5000,0,✓ Yes,completed
0,624,0,01-01,+0.0%,+0.00%,0.5000,0,✓ Yes,completed
0,624,89,01-01,+0.0%,+0.00%,0.5000,0,✓ Yes,completed
0,624,178,01-01,+0.0%,+0.00%,0.5000,0,✓ Yes,completed
0,624,268,01-01,+0.0%,+0.00%,0.5000,0,✓ Yes,completed
0,624,357,01-01,+0.0%,+0.00%,0.5000,0,✓ Yes,completed
0,624,446,01-01,+0.0%,+0.00%,0.5000,0,✓ Yes,completed
0,624,535,01-01,+0.0%,+0.00%,0.5000,0,✓ Yes,completed
0,624,624,01-01,+0.0%,+0.00%,0.5000,0,✓ Yes,completed
0,712,0,01-01,+0.0%,+0.00%,0.5000,0,✓ Yes,completed
0,712,89,01-01,+0.0%,+0.00%,0.5000,0,✓ Yes,completed
0,712,178,01-01,+0.0%,+0.00%,0.5000,0,✓ Yes,completed
0,712,267,01-01,+0.0%,+0.00%,0.5000,0,✓ Yes,completed
0,712,356,01-01,+0.0%,+0.00%,0.5000,0,✓ Yes,completed
0,712,445,01-01,+0.0%,+0.00%,0.5000,0,✓ Yes,completed
0,712,534,01-01,+0.0%,+0.00%,0.5000,0,✓ Yes,completed
0,712,623,01-01,+0.0%,+0.00%,0.5000,0,✓ Yes,completed
0,712,712,01-01,+0.0%,+0.00%,0.5000,0,✓ Yes,completed
0,800,0,01-01,+0.0%,+0.00%,0.5000,0,✓ Yes,completed
0,800,89,01-01,+0.0%,+0.00%,0.5000,0,✓ Yes,completed
0,800,178,01-01,+0.0%,+0.00%,0.5000,0,✓ Yes,completed
0,800,267,01-01,+0.0%,+0.00%,0.5000,0,✓ Yes,completed
0,800,356,01-01,+0.0%,+0.00%,0.5000,0,✓ Yes,completed
0,800,444,01-01,+0.0%,+0.00%,0.5000,0,✓ Yes,completed
0,800,533,01-01,+0.0%,+0.00%,0.5000,0,✓ Yes,completed
0,800,622,01-01,+0.0%,+0.00%,0.5000,0,✓ Yes,completed
0,800,711,01-01,+0.0%,+0.00%,0.5000,0,✓ Yes,completed
0,800,800,01-01,+0.0%,+0.00%,0.5000,0,✓ Yes,completed
1,183,183,01-01,+100.0%,+90.99%,0.9550,7,✗ No,budget_exceeded
1,183,183,01-01,+100.0%,+90.99%,0.9550,7,✗ No,budget_exceeded
1,223,183,01-01,+100.0%,+89.78%,0.9489,6,✗ No,budget_exceeded
1,223,223,01-01,+100.0%,+87.60%,0.9380,15,✗ No,budget_exceeded
1,262,183,01-01,+100.0%,+88.41%,0.9421,2,✗ No,budget_exceeded
1,262,262,01-01,+100.0%,+82.38%,0.9119,29,✗ No,budget_exceeded
1,302,183,01-01,+100.0%,+87.55%,0.9378,2,✗ No,budget_exceeded
1,302,243,01-01,+100.0%,+79.97%,0.8998,14,✗ No,budget_exceeded
1,302,302,01-01,+100.0%,+60.90%,0.8045,68,✗ No,budget_exceeded
1,341,183,01-01,+100.0%,+86.60%,0.9330,2,✗ No,budget_exceeded
1,341,236,01-01,+100.0%,+72.91%,0.8646,15,✗ No,budget_exceeded
1,341,289,01-01,+100.0%,+47.93%,0.7397,38,✗ No,budget_exceeded
1,341,341,01-01,+75.5%,+9.32%,0.5466,146,✓ Yes,completed
1,381,183,01-01,+100.0%,+84.78%,0.9239,2,✗ No,budget_exceeded
1,381,223,01-01,+100.0%,+50.83%,0.7541,15,✗ No,budget_exceeded
1,381,262,01-01,+87.8%,+8.99%,0.5449,23,✓ Yes,completed
1,381,302,01-01,+69.1%,+7.77%,0.5388,27,✓ Yes,completed
1,381,341,01-01,+49.6%,+5.86%,0.5293,37,✓ Yes,completed
1,381,381,01-01,+30.8%,+2.91%,0.5146,86,✓ Yes,completed
1,420,183,01-01,+91.9%,+3.76%,0.5188,2,✓ Yes,completed
1,420,223,01-01,+45.1%,-0.36%,0.4982,4,✓ Yes,completed
1,420,262,01-01,+30.8%,+0.16%,0.5008,4,✓ Yes,completed
1,420,302,01-01,+19.7%,+0.81%,0.5041,4,✓ Yes,completed
1,420,341,01-01,+13.5%,+1.06%,0.5053,4,✓ Yes,completed
1,420,381,01-01,+4.6%,+0.12%,0.5006,6,✓ Yes,completed
1,420,420,01-01,+1.1%,+0.05%,0.5003,9,✓ Yes,completed
1,460,183,01-01,+0.0%,+0.00%,0.5000,0,✓ Yes,completed
1,460,223,01-01,+0.0%,+0.00%,0.5000,0,✓ Yes,completed
1,460,262,01-01,+0.0%,+0.00%,0.5000,0,✓ Yes,completed
1,460,302,01-01,+0.0%,+0.00%,0.5000,0,✓ Yes,completed
1,460,341,01-01,+0.0%,+0.00%,0.5000,0,✓ Yes,completed
1,460,381,01-01,+0.0%,+0.00%,0.5000,0,✓ Yes,completed
1,460,420,01-01,+0.0%,+0.00%,0.5000,0,✓ Yes,completed
1,460,460,01-01,+0.0%,+0.00%,0.5000,0,✓ Yes,completed
1,499,183,01-01,+0.0%,+0.00%,0.5000,0,✓ Yes,completed
1,499,223,01-01,+0.0%,+0.00%,0.5000,0,✓ Yes,completed
1,499,262,01-01,+0.0%,+0.00%,0.5000,0,✓ Yes,completed
1,499,302,01-01,+0.0%,+0.00%,0.5000,0,✓ Yes,completed
1,499,341,01-01,+0.0%,+0.00%,0.5000,0,✓ Yes,completed
1,499,381,01-01,+0.0%,+0.00%,0.5000,0,✓ Yes,completed
1,499,420,01-01,+0.0%,+0.00%,0.5000,0,✓ Yes,completed
1,499,460,01-01,+0.0%,+0.00%,0.5000,0,✓ Yes,completed
1,499,499,01-01,+0.0%,+0.00%,0.5000,0,✓ Yes,completed
1,539,183,01-01,+0.0%,+0.00%,0.5000,0,✓ Yes,completed
1,539,223,01-01,+0.0%,+0.00%,0.5000,0,✓ Yes,completed
1,539,262,01-01,+0.0%,+0.00%,0.5000,0,✓ Yes,completed
1,539,302,01-01,+0.0%,+0.00%,0.5000,0,✓ Yes,completed
1,539,341,01-01,+0.0%,+0.00%,0.5000,0,✓ Yes,completed
1,539,381,01-01,+0.0%,+0.00%,0.5000,0,✓ Yes,completed
1,539,420,01-01,+0.0%,+0.00%,0.5000,0,✓ Yes,completed
1,539,460,01-01,+0.0%,+0.00%,0.5000,0,✓ Yes,completed
1,539,499,01-01,+0.0%,+0.00%,0.5000,0,✓ Yes,completed
1,539,539,01-01,+0.0%,+0.00%,0.5000,0,✓ Yes,completed
2,261,261,01-01,+100.0%,+82.59%,0.9129,30,✗ No,budget_exceeded
2,261,261,01-01,+100.0%,+82.59%,0.9129,30,✗ No,budget_exceeded
2,279,261,01-01,+100.0%,+79.80%,0.8990,22,✗ No,budget_exceeded
2,279,279,01-01,+100.0%,+75.61%,0.8780,50,✗ No,budget_exceeded
2,297,261,01-01,+100.0%,+76.94%,0.8847,21,✗ No,budget_exceeded
2,297,297,01-01,+100.0%,+68.06%,0.8403,61,✗ No,budget_exceeded
2,315,261,01-01,+100.0%,+73.92%,0.8696,23,✗ No,budget_exceeded
2,315,288,01-01,+100.0%,+64.74%,0.8237,41,✗ No,budget_exceeded
2,315,315,01-01,+100.0%,+45.29%,0.7265,101,✗ No,budget_exceeded
2,332,261,01-01,+100.0%,+68.89%,0.8445,23,✗ No,budget_exceeded
2,332,285,01-01,+100.0%,+55.80%,0.7790,38,✗ No,budget_exceeded
2,332,309,01-01,+100.0%,+34.28%,0.6714,73,✗ No,budget_exceeded
2,332,332,01-01,+88.7%,+11.07%,0.5554,170,✓ Yes,completed
2,350,261,01-01,+100.0%,+58.19%,0.7910,22,✗ No,budget_exceeded
2,350,279,01-01,+100.0%,+45.84%,0.7292,35,✗ No,budget_exceeded
2,350,297,01-01,+100.0%,+24.35%,0.6217,52,✗ No,budget_exceeded
2,350,315,01-01,+92.3%,+11.41%,0.5570,70,✓ Yes,completed
2,350,332,01-01,+76.7%,+9.76%,0.5488,84,✓ Yes,completed
2,350,350,01-01,+65.5%,+8.09%,0.5404,122,✓ Yes,completed
2,368,261,01-01,+100.0%,+25.35%,0.6268,32,✗ No,budget_exceeded
2,368,279,01-01,+92.4%,+10.33%,0.5517,38,✓ Yes,completed
2,368,297,01-01,+86.7%,+9.99%,0.5500,41,✓ Yes,completed
2,368,315,01-01,+75.2%,+8.88%,0.5444,47,✓ Yes,completed
2,368,332,01-01,+63.3%,+7.30%,0.5365,54,✓ Yes,completed
2,368,350,01-01,+55.6%,+6.54%,0.5327,60,✓ Yes,completed
2,368,368,01-01,+42.8%,+5.30%,0.5265,94,✓ Yes,completed
2,386,261,01-01,+86.5%,+8.60%,0.5430,22,✓ Yes,completed
2,386,279,01-01,+77.5%,+8.24%,0.5412,26,✓ Yes,completed
2,386,297,01-01,+69.3%,+7.59%,0.5379,25,✓ Yes,completed
2,386,315,01-01,+60.8%,+6.20%,0.5310,30,✓ Yes,completed
2,386,332,01-01,+50.4%,+5.97%,0.5299,32,✓ Yes,completed
2,386,350,01-01,+42.9%,+5.22%,0.5261,39,✓ Yes,completed
2,386,368,01-01,+34.0%,+3.54%,0.5177,51,✓ Yes,completed
2,386,386,01-01,+25.4%,+2.72%,0.5136,79,✓ Yes,completed
2,404,261,01-01,+72.4%,+6.27%,0.5314,11,✓ Yes,completed
2,404,279,01-01,+63.8%,+5.46%,0.5273,16,✓ Yes,completed
2,404,297,01-01,+56.9%,+4.94%,0.5247,17,✓ Yes,completed
2,404,315,01-01,+49.1%,+4.76%,0.5238,21,✓ Yes,completed
2,404,332,01-01,+37.9%,+4.06%,0.5203,19,✓ Yes,completed
2,404,350,01-01,+31.3%,+2.69%,0.5135,24,✓ Yes,completed
2,404,368,01-01,+23.5%,+2.32%,0.5116,30,✓ Yes,completed
2,404,386,01-01,+15.4%,+1.84%,0.5092,33,✓ Yes,completed
2,404,404,01-01,+9.4%,+0.34%,0.5017,52,✓ Yes,completed
2,421,261,01-01,+22.3%,+0.10%,0.5005,3,✓ Yes,completed
2,421,279,01-01,+18.2%,+0.44%,0.5022,3,✓ Yes,completed
2,421,297,01-01,+17.1%,+0.68%,0.5034,3,✓ Yes,completed
2,421,315,01-01,+16.2%,+0.83%,0.5041,3,✓ Yes,completed
2,421,332,01-01,+12.4%,+0.77%,0.5038,3,✓ Yes,completed
2,421,350,01-01,+9.3%,+0.12%,0.5006,4,✓ Yes,completed
2,421,368,01-01,+4.6%,+0.10%,0.5005,5,✓ Yes,completed
2,421,386,01-01,+4.2%,+0.09%,0.5004,5,✓ Yes,completed
2,421,404,01-01,+1.8%,+0.04%,0.5002,6,✓ Yes,completed
2,421,421,01-01,+1.1%,+0.06%,0.5003,8,✓ Yes,completed
3,314,279,01-01,+100.0%,+70.24%,0.8512,31,✗ No,budget_exceeded
3,314,288,01-01,+100.0%,+64.82%,0.8241,41,✗ No,budget_exceeded
3,314,296,01-01,+100.0%,+58.46%,0.7923,50,✗ No,budget_exceeded
3,314,305,01-01,+100.0%,+54.43%,0.7721,63,✗ No,budget_exceeded
3,314,314,01-01,+100.0%,+45.29%,0.7265,101,✗ No,budget_exceeded
3,322,279,01-01,+100.0%,+68.10%,0.8405,30,✗ No,budget_exceeded
3,322,287,01-01,+100.0%,+58.35%,0.7918,40,✗ No,budget_exceeded
3,322,296,01-01,+100.0%,+55.30%,0.7765,47,✗ No,budget_exceeded
3,322,305,01-01,+100.0%,+48.38%,0.7419,57,✗ No,budget_exceeded
3,322,314,01-01,+100.0%,+36.64%,0.6832,93,✗ No,budget_exceeded
3,322,322,01-01,+100.0%,+26.19%,0.6309,160,✗ No,budget_exceeded
3,330,279,01-01,+100.0%,+61.24%,0.8062,31,✗ No,budget_exceeded
3,330,287,01-01,+100.0%,+55.24%,0.7762,39,✗ No,budget_exceeded
3,330,296,01-01,+100.0%,+49.42%,0.7471,44,✗ No,budget_exceeded
3,330,304,01-01,+100.0%,+43.47%,0.7173,60,✗ No,budget_exceeded
3,330,313,01-01,+100.0%,+30.78%,0.6539,87,✗ No,budget_exceeded
3,330,322,01-01,+98.6%,+12.83%,0.5642,116,✓ Yes,completed
3,330,330,01-01,+91.6%,+11.33%,0.5567,167,✓ Yes,completed
3,338,279,01-01,+100.0%,+57.32%,0.7866,29,✗ No,budget_exceeded
3,338,287,01-01,+100.0%,+48.88%,0.7444,37,✗ No,budget_exceeded
3,338,296,01-01,+100.0%,+44.62%,0.7231,43,✗ No,budget_exceeded
3,338,304,01-01,+100.0%,+33.26%,0.6663,59,✗ No,budget_exceeded
3,338,313,01-01,+100.0%,+24.70%,0.6235,75,✗ No,budget_exceeded
3,338,321,01-01,+94.1%,+11.78%,0.5589,97,✓ Yes,completed
3,338,330,01-01,+87.4%,+11.13%,0.5557,109,✓ Yes,completed
3,338,338,01-01,+78.9%,+9.98%,0.5499,152,✓ Yes,completed
3,346,279,01-01,+100.0%,+53.78%,0.7689,30,✗ No,budget_exceeded
3,346,287,01-01,+100.0%,+43.03%,0.7151,42,✗ No,budget_exceeded
3,346,296,01-01,+100.0%,+32.76%,0.6638,48,✗ No,budget_exceeded
3,346,304,01-01,+100.0%,+24.78%,0.6239,60,✗ No,budget_exceeded
3,346,312,01-01,+97.0%,+12.26%,0.5613,71,✓ Yes,completed
3,346,321,01-01,+90.3%,+11.41%,0.5571,83,✓ Yes,completed
3,346,329,01-01,+81.6%,+10.31%,0.5515,90,✓ Yes,completed
3,346,338,01-01,+75.5%,+9.44%,0.5472,100,✓ Yes,completed
3,346,346,01-01,+69.2%,+8.70%,0.5435,124,✓ Yes,completed
3,354,279,01-01,+100.0%,+34.35%,0.6717,36,✗ No,budget_exceeded
3,354,287,01-01,+100.0%,+24.15%,0.6207,46,✗ No,budget_exceeded
3,354,295,01-01,+98.4%,+12.24%,0.5612,49,✓ Yes,completed
3,354,304,01-01,+95.5%,+11.59%,0.5580,53,✓ Yes,completed
3,354,312,01-01,+90.4%,+11.23%,0.5561,60,✓ Yes,completed
3,354,321,01-01,+82.0%,+10.31%,0.5516,68,✓ Yes,completed
3,354,329,01-01,+74.6%,+9.37%,0.5469,72,✓ Yes,completed
3,354,337,01-01,+69.2%,+8.78%,0.5439,75,✓ Yes,completed
3,354,346,01-01,+66.0%,+8.26%,0.5413,84,✓ Yes,completed
3,354,354,01-01,+60.6%,+6.84%,0.5342,123,✓ Yes,completed
3,362,279,01-01,+100.0%,+12.06%,0.5603,41,✓ Yes,completed
3,362,286,01-01,+97.3%,+11.54%,0.5577,42,✓ Yes,completed
3,362,294,01-01,+94.6%,+11.07%,0.5554,42,✓ Yes,completed
3,362,301,01-01,+91.7%,+10.87%,0.5544,45,✓ Yes,completed
3,362,309,01-01,+87.3%,+10.60%,0.5530,51,✓ Yes,completed
3,362,317,01-01,+79.6%,+9.78%,0.5489,55,✓ Yes,completed
3,362,324,01-01,+71.8%,+8.81%,0.5440,54,✓ Yes,completed
3,362,332,01-01,+67.9%,+8.44%,0.5422,60,✓ Yes,completed
3,362,339,01-01,+64.2%,+7.75%,0.5388,68,✓ Yes,completed
3,362,347,01-01,+61.0%,+6.99%,0.5350,71,✓ Yes,completed
3,362,355,01-01,+55.7%,+6.58%,0.5329,78,✓ Yes,completed
3,362,362,01-01,+50.5%,+6.34%,0.5317,96,✓ Yes,completed
3,370,279,01-01,+91.6%,+10.11%,0.5505,35,✓ Yes,completed
3,370,286,01-01,+89.0%,+10.20%,0.5510,36,✓ Yes,completed
3,370,294,01-01,+86.5%,+9.89%,0.5494,36,✓ Yes,completed
3,370,302,01-01,+83.8%,+9.79%,0.5489,39,✓ Yes,completed
3,370,309,01-01,+76.3%,+9.04%,0.5452,42,✓ Yes,completed
3,370,317,01-01,+70.7%,+8.40%,0.5420,43,✓ Yes,completed
3,370,324,01-01,+65.3%,+7.79%,0.5389,46,✓ Yes,completed
3,370,332,01-01,+61.8%,+6.94%,0.5347,52,✓ Yes,completed
3,370,340,01-01,+58.8%,+6.66%,0.5333,58,✓ Yes,completed
3,370,347,01-01,+55.7%,+6.52%,0.5326,58,✓ Yes,completed
3,370,355,01-01,+50.4%,+6.32%,0.5316,62,✓ Yes,completed
3,370,363,01-01,+46.4%,+5.55%,0.5278,67,✓ Yes,completed
3,370,370,01-01,+40.6%,+4.94%,0.5247,95,✓ Yes,completed
3,378,279,01-01,+82.7%,+8.85%,0.5442,31,✓ Yes,completed
3,378,286,01-01,+79.0%,+8.87%,0.5443,31,✓ Yes,completed
3,378,294,01-01,+77.3%,+8.70%,0.5435,31,✓ Yes,completed
3,378,302,01-01,+75.0%,+8.45%,0.5422,34,✓ Yes,completed
3,378,309,01-01,+68.8%,+7.86%,0.5393,36,✓ Yes,completed
3,378,317,01-01,+63.3%,+6.83%,0.5341,38,✓ Yes,completed
3,378,325,01-01,+60.3%,+6.48%,0.5324,40,✓ Yes,completed
3,378,332,01-01,+57.2%,+6.38%,0.5319,43,✓ Yes,completed
3,378,340,01-01,+53.6%,+6.35%,0.5317,45,✓ Yes,completed
3,378,348,01-01,+50.7%,+6.30%,0.5315,48,✓ Yes,completed
3,378,355,01-01,+46.4%,+5.49%,0.5274,55,✓ Yes,completed
3,378,363,01-01,+40.7%,+5.03%,0.5252,57,✓ Yes,completed
3,378,371,01-01,+36.7%,+4.13%,0.5207,63,✓ Yes,completed
3,378,378,01-01,+32.9%,+3.20%,0.5160,94,✓ Yes,completed
3,386,279,01-01,+75.9%,+7.83%,0.5391,24,✓ Yes,completed
3,386,286,01-01,+70.7%,+7.58%,0.5379,22,✓ Yes,completed
3,386,294,01-01,+69.3%,+7.51%,0.5375,22,✓ Yes,completed
3,386,302,01-01,+66.1%,+7.16%,0.5358,24,✓ Yes,completed
3,386,309,01-01,+61.2%,+6.09%,0.5305,27,✓ Yes,completed
3,386,317,01-01,+57.0%,+5.94%,0.5297,29,✓ Yes,completed
3,386,325,01-01,+52.2%,+6.07%,0.5303,28,✓ Yes,completed
3,386,332,01-01,+49.1%,+5.60%,0.5280,31,✓ Yes,completed
3,386,340,01-01,+47.1%,+5.39%,0.5270,35,✓ Yes,completed
3,386,348,01-01,+43.2%,+5.30%,0.5265,37,✓ Yes,completed
3,386,356,01-01,+38.7%,+4.71%,0.5235,43,✓ Yes,completed
3,386,363,01-01,+35.8%,+3.92%,0.5196,44,✓ Yes,completed
3,386,371,01-01,+32.9%,+3.31%,0.5166,49,✓ Yes,completed
3,386,379,01-01,+29.1%,+3.04%,0.5152,56,✓ Yes,completed
3,386,386,01-01,+24.6%,+2.63%,0.5131,77,✓ Yes,completed
4,314,305,01-01,+100.0%,+54.43%,0.7721,63,✗ No,budget_exceeded
4,314,310,01-01,+100.0%,+48.70%,0.7435,76,✗ No,budget_exceeded
4,314,314,01-01,+100.0%,+45.29%,0.7265,101,✗ No,budget_exceeded
4,318,305,01-01,+100.0%,+50.04%,0.7502,63,✗ No,budget_exceeded
4,318,310,01-01,+100.0%,+47.67%,0.7384,71,✗ No,budget_exceeded
4,318,314,01-01,+100.0%,+44.92%,0.7246,86,✗ No,budget_exceeded
4,318,318,01-01,+100.0%,+36.32%,0.6816,137,✗ No,budget_exceeded
4,321,305,01-01,+100.0%,+48.33%,0.7417,60,✗ No,budget_exceeded
4,321,309,01-01,+100.0%,+44.97%,0.7249,71,✗ No,budget_exceeded
4,321,313,01-01,+100.0%,+38.83%,0.6941,92,✗ No,budget_exceeded
4,321,317,01-01,+100.0%,+33.20%,0.6660,119,✗ No,budget_exceeded
4,321,321,01-01,+100.0%,+27.67%,0.6384,159,✗ No,budget_exceeded
4,325,305,01-01,+100.0%,+46.96%,0.7348,60,✗ No,budget_exceeded
4,325,309,01-01,+100.0%,+43.37%,0.7168,72,✗ No,budget_exceeded
4,325,313,01-01,+100.0%,+35.92%,0.6796,88,✗ No,budget_exceeded
4,325,317,01-01,+100.0%,+29.41%,0.6470,111,✗ No,budget_exceeded
4,325,321,01-01,+100.0%,+26.37%,0.6318,127,✗ No,budget_exceeded
4,325,325,01-01,+100.0%,+17.72%,0.5886,160,✗ No,budget_exceeded
4,328,305,01-01,+100.0%,+44.85%,0.7242,61,✗ No,budget_exceeded
4,328,309,01-01,+100.0%,+36.34%,0.6817,75,✗ No,budget_exceeded
4,328,313,01-01,+100.0%,+33.28%,0.6664,88,✗ No,budget_exceeded
4,328,317,01-01,+100.0%,+27.27%,0.6364,102,✗ No,budget_exceeded
4,328,321,01-01,+100.0%,+19.98%,0.5999,115,✗ No,budget_exceeded
4,328,325,01-01,+98.2%,+12.62%,0.5631,130,✓ Yes,completed
4,328,328,01-01,+94.7%,+11.73%,0.5587,173,✓ Yes,completed
4,332,305,01-01,+100.0%,+36.62%,0.6831,65,✗ No,budget_exceeded
4,332,309,01-01,+100.0%,+33.25%,0.6662,75,✗ No,budget_exceeded
4,332,313,01-01,+100.0%,+27.96%,0.6398,87,✗ No,budget_exceeded
4,332,317,01-01,+100.0%,+22.16%,0.6108,99,✗ No,budget_exceeded
4,332,321,01-01,+98.3%,+12.66%,0.5633,109,✓ Yes,completed
4,332,324,01-01,+96.0%,+12.11%,0.5606,117,✓ Yes,completed
4,332,328,01-01,+91.9%,+11.47%,0.5574,132,✓ Yes,completed
4,332,332,01-01,+88.7%,+11.07%,0.5554,170,✓ Yes,completed
4,336,305,01-01,+100.0%,+34.47%,0.6723,64,✓ Yes,budget_exceeded
4,336,309,01-01,+100.0%,+29.18%,0.6459,73,✗ No,budget_exceeded
4,336,313,01-01,+100.0%,+26.16%,0.6308,83,✗ No,budget_exceeded
4,336,317,01-01,+99.3%,+12.96%,0.5648,98,✓ Yes,completed
4,336,321,01-01,+96.5%,+12.23%,0.5612,104,✓ Yes,completed
4,336,324,01-01,+94.2%,+11.77%,0.5588,112,✓ Yes,completed
4,336,328,01-01,+90.0%,+11.42%,0.5571,121,✓ Yes,completed
4,336,332,01-01,+87.5%,+11.12%,0.5556,131,✓ Yes,completed
4,336,336,01-01,+84.6%,+10.43%,0.5522,162,✓ Yes,completed
4,339,305,01-01,+100.0%,+31.94%,0.6597,61,✗ No,budget_exceeded
4,339,309,01-01,+100.0%,+26.19%,0.6310,70,✗ No,budget_exceeded
4,339,313,01-01,+100.0%,+22.11%,0.6105,76,✗ No,budget_exceeded
4,339,317,01-01,+97.6%,+12.44%,0.5622,90,✓ Yes,completed
4,339,320,01-01,+94.8%,+11.85%,0.5593,96,✓ Yes,completed
4,339,324,01-01,+91.9%,+11.51%,0.5575,100,✓ Yes,completed
4,339,328,01-01,+88.8%,+11.23%,0.5561,107,✓ Yes,completed
4,339,332,01-01,+85.5%,+10.71%,0.5536,114,✓ Yes,completed
4,339,336,01-01,+80.8%,+10.27%,0.5514,126,✓ Yes,completed
4,339,339,01-01,+77.6%,+9.67%,0.5484,157,✓ Yes,completed
4,343,305,01-01,+100.0%,+25.77%,0.6289,62,✗ No,budget_exceeded
4,343,309,01-01,+100.0%,+17.69%,0.5884,70,✗ No,budget_exceeded
4,343,312,01-01,+98.5%,+12.70%,0.5635,74,✓ Yes,completed
4,343,316,01-01,+96.3%,+12.10%,0.5605,82,✓ Yes,completed
4,343,319,01-01,+93.1%,+11.70%,0.5585,87,✓ Yes,completed
4,343,322,01-01,+90.0%,+11.40%,0.5570,88,✓ Yes,completed
4,343,326,01-01,+88.0%,+11.11%,0.5556,94,✓ Yes,completed
4,343,329,01-01,+84.6%,+10.57%,0.5528,98,✓ Yes,completed
4,343,333,01-01,+81.4%,+10.28%,0.5514,100,✓ Yes,completed
4,343,336,01-01,+77.7%,+9.83%,0.5491,107,✓ Yes,completed
4,343,339,01-01,+75.9%,+9.48%,0.5474,127,✓ Yes,completed
4,343,343,01-01,+74.3%,+9.17%,0.5459,140,✓ Yes,completed
4,346,305,01-01,+100.0%,+24.23%,0.6212,61,✗ No,budget_exceeded
4,346,309,01-01,+98.7%,+12.70%,0.5635,67,✓ Yes,completed
4,346,312,01-01,+97.0%,+12.26%,0.5613,71,✓ Yes,completed
4,346,316,01-01,+94.7%,+11.75%,0.5588,78,✓ Yes,completed
4,346,319,01-01,+91.5%,+11.38%,0.5569,83,✓ Yes,completed
4,346,323,01-01,+88.7%,+11.17%,0.5558,84,✓ Yes,completed
4,346,326,01-01,+86.4%,+10.81%,0.5541,89,✓ Yes,completed
4,346,329,01-01,+81.6%,+10.31%,0.5515,90,✓ Yes,completed
4,346,333,01-01,+79.0%,+10.11%,0.5506,91,✓ Yes,completed
4,346,336,01-01,+76.1%,+9.64%,0.5482,96,✓ Yes,completed
4,346,340,01-01,+74.1%,+9.18%,0.5459,104,✓ Yes,completed
4,346,343,01-01,+70.6%,+8.86%,0.5443,107,✓ Yes,completed
4,346,346,01-01,+69.2%,+8.70%,0.5435,124,✓ Yes,completed
5,328,298,01-01,+100.0%,+49.72%,0.7486,48,✗ No,budget_exceeded
5,328,300,01-01,+100.0%,+49.52%,0.7476,48,✗ No,budget_exceeded
5,328,301,01-01,+100.0%,+48.25%,0.7412,50,✗ No,budget_exceeded
5,328,303,01-01,+100.0%,+48.11%,0.7405,50,✗ No,budget_exceeded
5,328,304,01-01,+100.0%,+45.98%,0.7299,58,✗ No,budget_exceeded
5,328,306,01-01,+100.0%,+44.85%,0.7242,61,✗ No,budget_exceeded
5,328,307,01-01,+100.0%,+41.68%,0.7084,69,✗ No,budget_exceeded
5,328,309,01-01,+100.0%,+38.84%,0.6942,71,✗ No,budget_exceeded
5,328,310,01-01,+100.0%,+35.10%,0.6755,78,✗ No,budget_exceeded
5,328,312,01-01,+100.0%,+34.75%,0.6737,81,✗ No,budget_exceeded
5,328,313,01-01,+100.0%,+33.28%,0.6664,88,✗ No,budget_exceeded
5,328,315,01-01,+100.0%,+32.02%,0.6601,93,✗ No,budget_exceeded
5,328,316,01-01,+100.0%,+27.27%,0.6364,102,✗ No,budget_exceeded
5,328,318,01-01,+100.0%,+26.36%,0.6318,105,✗ No,budget_exceeded
5,328,319,01-01,+100.0%,+24.73%,0.6236,109,✗ No,budget_exceeded
5,328,321,01-01,+100.0%,+19.98%,0.5999,115,✗ No,budget_exceeded
5,328,322,01-01,+99.3%,+12.95%,0.5647,127,✓ Yes,completed
5,328,324,01-01,+98.6%,+12.79%,0.5640,128,✓ Yes,completed
5,328,325,01-01,+97.4%,+12.40%,0.5620,140,✓ Yes,completed
5,328,327,01-01,+96.6%,+12.21%,0.5610,147,✓ Yes,completed
5,328,328,01-01,+94.7%,+11.73%,0.5587,173,✓ Yes,completed
5,330,298,01-01,+100.0%,+49.40%,0.7470,47,✗ No,budget_exceeded
5,330,300,01-01,+100.0%,+49.21%,0.7461,47,✗ No,budget_exceeded
5,330,301,01-01,+100.0%,+47.91%,0.7396,50,✗ No,budget_exceeded
5,330,303,01-01,+100.0%,+47.76%,0.7388,51,✗ No,budget_exceeded
5,330,304,01-01,+100.0%,+45.13%,0.7256,59,✗ No,budget_exceeded
5,330,306,01-01,+100.0%,+43.60%,0.7180,62,✗ No,budget_exceeded
5,330,307,01-01,+100.0%,+36.71%,0.6835,73,✗ No,budget_exceeded
5,330,309,01-01,+100.0%,+36.60%,0.6830,73,✗ No,budget_exceeded
5,330,310,01-01,+100.0%,+34.76%,0.6738,77,✗ No,budget_exceeded
5,330,312,01-01,+100.0%,+33.85%,0.6693,82,✓ Yes,budget_exceeded
5,330,313,01-01,+100.0%,+32.94%,0.6647,87,✗ No,budget_exceeded
5,330,315,01-01,+100.0%,+29.32%,0.6466,93,✗ No,budget_exceeded
5,330,316,01-01,+100.0%,+26.29%,0.6314,101,✗ No,budget_exceeded
5,330,318,01-01,+100.0%,+25.88%,0.6294,102,✗ No,budget_exceeded
5,330,319,01-01,+100.0%,+22.12%,0.6106,108,✗ No,budget_exceeded
5,330,321,01-01,+99.9%,+13.14%,0.5657,115,✓ Yes,completed
5,330,322,01-01,+98.7%,+12.85%,0.5643,123,✓ Yes,completed
5,330,324,01-01,+98.0%,+12.54%,0.5627,124,✓ Yes,completed
5,330,325,01-01,+96.8%,+12.32%,0.5616,134,✓ Yes,completed
5,330,327,01-01,+95.9%,+12.05%,0.5602,141,✓ Yes,completed
5,330,328,01-01,+93.9%,+11.69%,0.5584,156,✓ Yes,completed
5,330,330,01-01,+93.0%,+11.60%,0.5580,168,✓ Yes,completed
5,332,298,01-01,+100.0%,+48.11%,0.7405,47,✗ No,budget_exceeded
5,332,300,01-01,+100.0%,+47.90%,0.7395,48,✗ No,budget_exceeded
5,332,301,01-01,+100.0%,+46.46%,0.7323,51,✗ No,budget_exceeded
5,332,303,01-01,+100.0%,+46.32%,0.7316,51,✗ No,budget_exceeded
5,332,304,01-01,+100.0%,+43.21%,0.7160,59,✗ No,budget_exceeded
5,332,306,01-01,+100.0%,+38.82%,0.6941,63,✗ No,budget_exceeded
5,332,307,01-01,+100.0%,+34.88%,0.6744,72,✗ No,budget_exceeded
5,332,309,01-01,+100.0%,+34.79%,0.6739,72,✗ No,budget_exceeded
5,332,310,01-01,+100.0%,+33.17%,0.6659,76,✗ No,budget_exceeded
5,332,312,01-01,+100.0%,+32.80%,0.6640,79,✗ No,budget_exceeded
5,332,313,01-01,+100.0%,+29.22%,0.6461,86,✗ No,budget_exceeded
5,332,315,01-01,+100.0%,+27.35%,0.6368,91,✗ No,budget_exceeded
5,332,316,01-01,+100.0%,+24.72%,0.6236,98,✗ No,budget_exceeded
5,332,318,01-01,+100.0%,+22.19%,0.6109,101,✗ No,budget_exceeded
5,332,319,01-01,+99.7%,+13.06%,0.5653,109,✓ Yes,completed
5,332,321,01-01,+98.8%,+12.88%,0.5644,111,✓ Yes,completed
5,332,322,01-01,+97.5%,+12.45%,0.5622,117,✓ Yes,completed
5,332,324,01-01,+96.8%,+12.35%,0.5618,118,✓ Yes,completed
5,332,326,01-01,+95.6%,+11.98%,0.5599,126,✓ Yes,completed
5,332,327,01-01,+93.5%,+11.71%,0.5585,134,✓ Yes,completed
5,332,329,01-01,+92.4%,+11.54%,0.5577,136,✓ Yes,completed
5,332,330,01-01,+90.9%,+11.38%,0.5569,153,✓ Yes,completed
5,332,332,01-01,+90.0%,+11.31%,0.5566,165,✓ Yes,completed
5,333,298,01-01,+100.0%,+46.56%,0.7328,48,✗ No,budget_exceeded
5,333,300,01-01,+100.0%,+46.39%,0.7320,48,✗ No,budget_exceeded
5,333,301,01-01,+100.0%,+43.61%,0.7180,52,✗ No,budget_exceeded
5,333,303,01-01,+100.0%,+43.45%,0.7172,53,✗ No,budget_exceeded
5,333,304,01-01,+100.0%,+36.65%,0.6832,63,✗ No,budget_exceeded
5,333,306,01-01,+100.0%,+35.75%,0.6787,65,✗ No,budget_exceeded
5,333,307,01-01,+100.0%,+33.35%,0.6668,73,✗ No,budget_exceeded
5,333,309,01-01,+100.0%,+33.26%,0.6663,73,✗ No,budget_exceeded
5,333,310,01-01,+100.0%,+29.43%,0.6471,76,✗ No,budget_exceeded
5,333,312,01-01,+100.0%,+28.61%,0.6431,80,✗ No,budget_exceeded
5,333,313,01-01,+100.0%,+27.30%,0.6365,85,✗ No,budget_exceeded
5,333,315,01-01,+100.0%,+25.83%,0.6292,89,✗ No,budget_exceeded
5,333,316,01-01,+100.0%,+17.80%,0.5890,100,✗ No,budget_exceeded
5,333,318,01-01,+99.8%,+13.07%,0.5653,102,✓ Yes,completed
5,333,320,01-01,+98.4%,+12.75%,0.5638,105,✓ Yes,completed
5,333,321,01-01,+96.9%,+12.36%,0.5618,110,✓ Yes,completed
5,333,323,01-01,+96.4%,+12.21%,0.5611,113,✓ Yes,completed
5,333,324,01-01,+95.4%,+11.93%,0.5596,115,✓ Yes,completed
5,333,326,01-01,+94.4%,+11.78%,0.5589,121,✓ Yes,completed
5,333,327,01-01,+92.1%,+11.53%,0.5576,127,✓ Yes,completed
5,333,329,01-01,+91.4%,+11.44%,0.5572,129,✓ Yes,completed
5,333,330,01-01,+89.5%,+11.34%,0.5567,138,✓ Yes,completed
5,333,332,01-01,+88.8%,+11.17%,0.5558,144,✓ Yes,completed
5,333,333,01-01,+87.1%,+10.87%,0.5544,163,✓ Yes,completed
5,335,298,01-01,+100.0%,+46.32%,0.7316,48,✗ No,budget_exceeded
5,335,300,01-01,+100.0%,+45.15%,0.7258,49,✗ No,budget_exceeded
5,335,301,01-01,+100.0%,+43.32%,0.7166,52,✗ No,budget_exceeded
5,335,303,01-01,+100.0%,+43.18%,0.7159,52,✗ No,budget_exceeded
5,335,304,01-01,+100.0%,+36.37%,0.6818,62,✗ No,budget_exceeded
5,335,306,01-01,+100.0%,+34.91%,0.6745,65,✗ No,budget_exceeded
5,335,307,01-01,+100.0%,+33.01%,0.6650,72,✗ No,budget_exceeded
5,335,309,01-01,+100.0%,+32.92%,0.6646,72,✗ No,budget_exceeded
5,335,310,01-01,+100.0%,+28.14%,0.6407,76,✓ Yes,budget_exceeded
5,335,312,01-01,+100.0%,+27.76%,0.6388,80,✗ No,budget_exceeded
5,335,313,01-01,+100.0%,+26.45%,0.6322,85,✗ No,budget_exceeded
5,335,315,01-01,+100.0%,+24.90%,0.6245,89,✗ No,budget_exceeded
5,335,317,01-01,+99.8%,+13.05%,0.5653,100,✓ Yes,completed
5,335,318,01-01,+98.8%,+12.87%,0.5643,101,✓ Yes,completed
5,335,320,01-01,+98.0%,+12.53%,0.5626,104,✓ Yes,completed
5,335,321,01-01,+96.4%,+12.19%,0.5610,109,✓ Yes,completed
5,335,323,01-01,+95.9%,+12.07%,0.5604,112,✓ Yes,completed
5,335,324,01-01,+94.8%,+11.87%,0.5593,114,✓ Yes,completed
5,335,326,01-01,+93.8%,+11.75%,0.5588,119,✓ Yes,completed
5,335,327,01-01,+91.3%,+11.46%,0.5573,121,✓ Yes,completed
5,335,329,01-01,+90.7%,+11.43%,0.5572,124,✓ Yes,completed
5,335,330,01-01,+88.9%,+11.22%,0.5561,133,✓ Yes,completed
5,335,332,01-01,+88.2%,+11.10%,0.5555,137,✓ Yes,completed
5,335,333,01-01,+86.5%,+10.76%,0.5538,151,✓ Yes,completed
5,335,335,01-01,+85.8%,+10.73%,0.5537,158,✓ Yes,completed
5,336,298,01-01,+100.0%,+44.68%,0.7234,47,✗ No,budget_exceeded
5,336,300,01-01,+100.0%,+44.51%,0.7225,47,✗ No,budget_exceeded
5,336,301,01-01,+100.0%,+41.64%,0.7082,51,✗ No,budget_exceeded
5,336,303,01-01,+100.0%,+38.78%,0.6939,52,✓ Yes,budget_exceeded
5,336,304,01-01,+100.0%,+34.80%,0.6740,61,✗ No,budget_exceeded
5,336,306,01-01,+100.0%,+33.60%,0.6680,65,✗ No,budget_exceeded
5,336,307,01-01,+100.0%,+29.50%,0.6475,71,✗ No,budget_exceeded
5,336,309,01-01,+100.0%,+29.41%,0.6471,71,✗ No,budget_exceeded
5,336,310,01-01,+100.0%,+27.41%,0.6370,74,✗ No,budget_exceeded
5,336,312,01-01,+100.0%,+26.59%,0.6330,78,✗ No,budget_exceeded
5,336,313,01-01,+100.0%,+25.75%,0.6288,82,✗ No,budget_exceeded
5,336,315,01-01,+99.8%,+13.05%,0.5652,94,✓ Yes,completed
5,336,317,01-01,+99.1%,+12.90%,0.5645,97,✓ Yes,completed
5,336,318,01-01,+98.0%,+12.53%,0.5626,98,✓ Yes,completed
5,336,320,01-01,+97.2%,+12.37%,0.5618,101,✓ Yes,completed
5,336,321,01-01,+95.4%,+11.93%,0.5596,105,✓ Yes,completed
5,336,323,01-01,+94.9%,+11.89%,0.5594,108,✓ Yes,completed
5,336,324,01-01,+93.8%,+11.75%,0.5588,109,✓ Yes,completed
5,336,326,01-01,+92.7%,+11.62%,0.5581,114,✓ Yes,completed
5,336,327,01-01,+90.3%,+11.46%,0.5573,116,✓ Yes,completed
5,336,329,01-01,+89.7%,+11.39%,0.5570,118,✓ Yes,completed
5,336,330,01-01,+87.6%,+11.15%,0.5558,122,✓ Yes,completed
5,336,332,01-01,+86.9%,+10.84%,0.5542,126,✓ Yes,completed
5,336,333,01-01,+85.5%,+10.67%,0.5534,136,✓ Yes,completed
5,336,335,01-01,+84.8%,+10.48%,0.5524,141,✓ Yes,completed
5,336,336,01-01,+82.8%,+10.29%,0.5515,158,✓ Yes,completed
5,338,298,01-01,+100.0%,+43.18%,0.7159,47,✗ No,budget_exceeded
5,338,300,01-01,+100.0%,+41.99%,0.7099,47,✓ Yes,budget_exceeded
5,338,301,01-01,+100.0%,+35.73%,0.6787,52,✗ No,budget_exceeded
5,338,303,01-01,+100.0%,+35.10%,0.6755,53,✗ No,budget_exceeded
5,338,304,01-01,+100.0%,+33.26%,0.6663,59,✗ No,budget_exceeded
5,338,306,01-01,+100.0%,+32.19%,0.6609,61,✗ No,budget_exceeded
5,338,307,01-01,+100.0%,+27.68%,0.6384,68,✗ No,budget_exceeded
5,338,309,01-01,+100.0%,+27.59%,0.6380,68,✗ No,budget_exceeded
5,338,310,01-01,+100.0%,+26.02%,0.6301,70,✗ No,budget_exceeded
5,338,312,01-01,+100.0%,+25.66%,0.6283,73,✗ No,budget_exceeded
5,338,314,01-01,+100.0%,+21.96%,0.6098,79,✗ No,budget_exceeded
5,338,315,01-01,+98.6%,+12.81%,0.5640,88,✓ Yes,completed
5,338,317,01-01,+97.9%,+12.50%,0.5625,91,✓ Yes,completed
5,338,318,01-01,+96.9%,+12.34%,0.5617,92,✓ Yes,completed
5,338,320,01-01,+96.0%,+12.10%,0.5605,95,✓ Yes,completed
5,338,321,01-01,+94.1%,+11.78%,0.5589,97,✓ Yes,completed
5,338,323,01-01,+93.5%,+11.74%,0.5587,99,✓ Yes,completed
5,338,324,01-01,+92.3%,+11.58%,0.5579,100,✓ Yes,completed
5,338,326,01-01,+91.4%,+11.46%,0.5573,105,✓ Yes,completed
5,338,327,01-01,+89.2%,+11.34%,0.5567,107,✓ Yes,completed
5,338,329,01-01,+88.6%,+11.20%,0.5560,109,✓ Yes,completed
5,338,330,01-01,+86.6%,+10.86%,0.5543,112,✓ Yes,completed
5,338,332,01-01,+85.9%,+10.84%,0.5542,116,✓ Yes,completed
5,338,333,01-01,+84.5%,+10.55%,0.5527,122,✓ Yes,completed
5,338,335,01-01,+81.6%,+10.26%,0.5513,130,✓ Yes,completed
5,338,337,01-01,+80.2%,+10.30%,0.5515,132,✓ Yes,completed
5,338,338,01-01,+78.9%,+9.98%,0.5499,152,✓ Yes,completed
5,340,298,01-01,+100.0%,+41.93%,0.7096,48,✗ No,budget_exceeded
5,340,300,01-01,+100.0%,+41.76%,0.7088,48,✗ No,budget_exceeded
5,340,301,01-01,+100.0%,+35.01%,0.6750,53,✗ No,budget_exceeded
5,340,303,01-01,+100.0%,+34.87%,0.6743,53,✗ No,budget_exceeded
5,340,304,01-01,+100.0%,+33.03%,0.6652,59,✗ No,budget_exceeded
5,340,306,01-01,+100.0%,+31.94%,0.6597,61,✗ No,budget_exceeded
5,340,307,01-01,+100.0%,+27.44%,0.6372,68,✗ No,budget_exceeded
5,340,309,01-01,+100.0%,+27.35%,0.6367,68,✗ No,budget_exceeded
5,340,310,01-01,+100.0%,+25.77%,0.6289,70,✗ No,budget_exceeded
5,340,312,01-01,+100.0%,+22.11%,0.6105,76,✗ No,budget_exceeded
5,340,314,01-01,+100.0%,+19.86%,0.5993,80,✗ No,budget_exceeded
5,340,315,01-01,+98.3%,+12.65%,0.5632,87,✓ Yes,completed
5,340,317,01-01,+97.6%,+12.44%,0.5622,90,✓ Yes,completed
5,340,318,01-01,+96.5%,+12.25%,0.5612,91,✓ Yes,completed
5,340,320,01-01,+95.7%,+12.00%,0.5600,94,✓ Yes,completed
5,340,321,01-01,+93.7%,+11.74%,0.5587,97,✓ Yes,completed
5,340,323,01-01,+92.9%,+11.71%,0.5585,98,✓ Yes,completed
5,340,324,01-01,+91.9%,+11.51%,0.5575,100,✓ Yes,completed
5,340,326,01-01,+91.0%,+11.45%,0.5573,105,✓ Yes,completed
5,340,327,01-01,+88.8%,+11.23%,0.5561,107,✓ Yes,completed
5,340,329,01-01,+88.2%,+11.15%,0.5557,109,✓ Yes,completed
5,340,330,01-01,+86.2%,+10.84%,0.5542,112,✓ Yes,completed
5,340,332,01-01,+84.7%,+10.55%,0.5527,116,✓ Yes,completed
5,340,334,01-01,+83.7%,+10.54%,0.5527,118,✓ Yes,completed
5,340,335,01-01,+80.8%,+10.27%,0.5514,126,✓ Yes,completed
5,340,337,01-01,+79.8%,+10.18%,0.5509,128,✓ Yes,completed
5,340,338,01-01,+78.2%,+9.97%,0.5498,144,✓ Yes,completed
5,340,340,01-01,+77.6%,+9.67%,0.5484,157,✓ Yes,completed
5,341,298,01-01,+100.0%,+41.49%,0.7075,48,✗ No,budget_exceeded
5,341,300,01-01,+100.0%,+35.72%,0.6786,49,✓ Yes,budget_exceeded
5,341,301,01-01,+100.0%,+33.52%,0.6676,54,✗ No,budget_exceeded
5,341,303,01-01,+100.0%,+33.38%,0.6669,54,✗ No,budget_exceeded
5,341,304,01-01,+100.0%,+29.29%,0.6464,60,✗ No,budget_exceeded
5,341,306,01-01,+100.0%,+27.79%,0.6389,63,✗ No,budget_exceeded
5,341,307,01-01,+100.0%,+25.95%,0.6297,68,✗ No,budget_exceeded
5,341,309,01-01,+100.0%,+25.86%,0.6293,68,✗ No,budget_exceeded
5,341,310,01-01,+100.0%,+21.97%,0.6098,71,✗ No,budget_exceeded
5,341,312,01-01,+100.0%,+19.78%,0.5989,75,✗ No,budget_exceeded
5,341,313,01-01,+99.3%,+12.91%,0.5645,81,✓ Yes,completed
5,341,315,01-01,+98.2%,+12.53%,0.5626,84,✓ Yes,completed
5,341,316,01-01,+96.2%,+12.08%,0.5604,89,✓ Yes,completed
5,341,318,01-01,+95.6%,+11.94%,0.5597,90,✓ Yes,completed
5,341,319,01-01,+95.1%,+11.86%,0.5593,90,✓ Yes,completed
5,341,320,01-01,+92.9%,+11.68%,0.5584,93,✓ Yes,completed
5,341,322,01-01,+92.1%,+11.53%,0.5576,93,✓ Yes,completed
5,341,323,01-01,+90.4%,+11.45%,0.5573,93,✓ Yes,completed
5,341,325,01-01,+89.9%,+11.40%,0.5570,93,✓ Yes,completed
5,341,326,01-01,+88.0%,+11.12%,0.5556,98,✓ Yes,completed
5,341,328,01-01,+86.5%,+10.85%,0.5542,99,✓ Yes,completed
5,341,329,01-01,+85.0%,+10.55%,0.5527,102,✓ Yes,completed
5,341,331,01-01,+84.5%,+10.57%,0.5528,104,✓ Yes,completed
5,341,332,01-01,+81.8%,+10.40%,0.5520,105,✓ Yes,completed
5,341,334,01-01,+81.4%,+10.27%,0.5513,107,✓ Yes,completed
5,341,335,01-01,+78.9%,+10.08%,0.5504,112,✓ Yes,completed
5,341,337,01-01,+78.2%,+10.05%,0.5503,113,✓ Yes,completed
5,341,338,01-01,+77.1%,+9.73%,0.5487,125,✓ Yes,completed
5,341,340,01-01,+76.4%,+9.67%,0.5484,134,✓ Yes,completed
5,341,341,01-01,+75.5%,+9.32%,0.5466,146,✓ Yes,completed
5,343,298,01-01,+100.0%,+32.93%,0.6647,52,✗ No,budget_exceeded
5,343,300,01-01,+100.0%,+32.76%,0.6638,52,✗ No,budget_exceeded
5,343,301,01-01,+100.0%,+27.96%,0.6398,56,✓ Yes,budget_exceeded
5,343,303,01-01,+100.0%,+27.82%,0.6391,57,✗ No,budget_exceeded
5,343,304,01-01,+100.0%,+26.34%,0.6317,61,✗ No,budget_exceeded
5,343,306,01-01,+100.0%,+25.77%,0.6289,62,✗ No,budget_exceeded
5,343,307,01-01,+100.0%,+22.01%,0.6100,68,✗ No,budget_exceeded
5,343,309,01-01,+100.0%,+17.69%,0.5884,70,✗ No,budget_exceeded
5,343,310,01-01,+99.4%,+12.91%,0.5645,70,✓ Yes,completed
5,343,312,01-01,+99.1%,+12.82%,0.5641,73,✓ Yes,completed
5,343,313,01-01,+98.2%,+12.53%,0.5627,77,✓ Yes,completed
5,343,315,01-01,+97.0%,+12.29%,0.5614,80,✓ Yes,completed
5,343,316,01-01,+95.2%,+11.84%,0.5592,84,✓ Yes,completed
5,343,318,01-01,+94.6%,+11.77%,0.5589,85,✓ Yes,completed
5,343,319,01-01,+93.1%,+11.70%,0.5585,87,✓ Yes,completed
5,343,321,01-01,+92.0%,+11.47%,0.5574,88,✓ Yes,completed
5,343,322,01-01,+90.0%,+11.40%,0.5570,88,✓ Yes,completed
5,343,324,01-01,+89.5%,+11.38%,0.5569,89,✓ Yes,completed
5,343,325,01-01,+88.0%,+11.11%,0.5556,94,✓ Yes,completed
5,343,327,01-01,+86.9%,+10.88%,0.5544,93,✓ Yes,completed
5,343,328,01-01,+85.4%,+10.70%,0.5535,97,✓ Yes,completed
5,343,330,01-01,+84.6%,+10.57%,0.5528,98,✓ Yes,completed
5,343,331,01-01,+83.7%,+10.55%,0.5528,98,✓ Yes,completed
5,343,332,01-01,+81.4%,+10.28%,0.5514,100,✓ Yes,completed
5,343,334,01-01,+80.1%,+10.35%,0.5518,100,✓ Yes,completed
5,343,335,01-01,+78.1%,+10.03%,0.5501,105,✓ Yes,completed
5,343,337,01-01,+77.7%,+9.83%,0.5491,107,✓ Yes,completed
5,343,338,01-01,+76.5%,+9.73%,0.5486,119,✓ Yes,completed
5,343,340,01-01,+75.9%,+9.48%,0.5474,127,✓ Yes,completed
5,343,341,01-01,+74.8%,+9.34%,0.5467,132,✓ Yes,completed
5,343,343,01-01,+74.3%,+9.17%,0.5459,140,✓ Yes,completed
6,335,296,01-01,+100.0%,+46.56%,0.7328,48,✗ No,budget_exceeded
6,335,297,01-01,+100.0%,+46.42%,0.7321,48,✗ No,budget_exceeded
6,335,298,01-01,+100.0%,+46.42%,0.7321,48,✗ No,budget_exceeded
6,335,298,01-01,+100.0%,+46.32%,0.7316,48,✗ No,budget_exceeded
6,335,299,01-01,+100.0%,+45.15%,0.7258,49,✗ No,budget_exceeded
6,335,300,01-01,+100.0%,+45.15%,0.7258,49,✗ No,budget_exceeded
6,335,300,01-01,+100.0%,+44.85%,0.7242,50,✗ No,budget_exceeded
6,335,301,01-01,+100.0%,+43.32%,0.7166,52,✗ No,budget_exceeded
6,335,302,01-01,+100.0%,+43.32%,0.7166,52,✗ No,budget_exceeded
6,335,302,01-01,+100.0%,+43.18%,0.7159,52,✗ No,budget_exceeded
6,335,303,01-01,+100.0%,+40.13%,0.7007,56,✗ No,budget_exceeded
6,335,304,01-01,+100.0%,+40.13%,0.7007,56,✗ No,budget_exceeded
6,335,305,01-01,+100.0%,+36.37%,0.6818,62,✗ No,budget_exceeded
6,335,305,01-01,+100.0%,+34.91%,0.6745,65,✗ No,budget_exceeded
6,335,306,01-01,+100.0%,+34.91%,0.6745,65,✗ No,budget_exceeded
6,335,307,01-01,+100.0%,+33.53%,0.6676,70,✗ No,budget_exceeded
6,335,307,01-01,+100.0%,+33.01%,0.6650,72,✗ No,budget_exceeded
6,335,308,01-01,+100.0%,+33.01%,0.6650,72,✗ No,budget_exceeded
6,335,309,01-01,+100.0%,+32.92%,0.6646,72,✗ No,budget_exceeded
6,335,309,01-01,+100.0%,+29.46%,0.6473,75,✗ No,budget_exceeded
6,335,310,01-01,+100.0%,+29.46%,0.6473,75,✗ No,budget_exceeded
6,335,311,01-01,+100.0%,+28.14%,0.6407,76,✓ Yes,budget_exceeded
6,335,311,01-01,+100.0%,+27.76%,0.6388,80,✗ No,budget_exceeded
6,335,312,01-01,+100.0%,+27.76%,0.6388,80,✗ No,budget_exceeded
6,335,313,01-01,+100.0%,+27.30%,0.6365,81,✗ No,budget_exceeded
6,335,313,01-01,+100.0%,+26.45%,0.6322,85,✗ No,budget_exceeded
6,335,314,01-01,+100.0%,+26.45%,0.6322,85,✗ No,budget_exceeded
6,335,315,01-01,+100.0%,+24.90%,0.6245,89,✗ No,budget_exceeded
6,335,315,01-01,+100.0%,+19.87%,0.5993,94,✗ No,budget_exceeded
6,335,316,01-01,+100.0%,+19.87%,0.5993,94,✗ No,budget_exceeded
6,335,317,01-01,+99.8%,+13.05%,0.5653,100,✓ Yes,completed
6,335,317,01-01,+99.3%,+12.96%,0.5648,101,✓ Yes,completed
6,335,318,01-01,+99.3%,+12.96%,0.5648,101,✓ Yes,completed
6,335,319,01-01,+98.8%,+12.87%,0.5643,101,✓ Yes,completed
6,335,319,01-01,+98.0%,+12.53%,0.5626,104,✓ Yes,completed
6,335,320,01-01,+98.0%,+12.53%,0.5626,104,✓ Yes,completed
6,335,321,01-01,+97.0%,+12.36%,0.5618,106,✓ Yes,completed
6,335,321,01-01,+96.4%,+12.19%,0.5610,109,✓ Yes,completed
6,335,322,01-01,+95.9%,+12.07%,0.5604,112,✓ Yes,completed
6,335,323,01-01,+95.9%,+12.07%,0.5604,112,✓ Yes,completed
6,335,323,01-01,+95.2%,+11.91%,0.5595,113,✓ Yes,completed
6,335,324,01-01,+94.8%,+11.87%,0.5593,114,✓ Yes,completed
6,335,325,01-01,+94.8%,+11.87%,0.5593,114,✓ Yes,completed
6,335,325,01-01,+93.8%,+11.75%,0.5588,119,✓ Yes,completed
6,335,326,01-01,+92.7%,+11.62%,0.5581,118,✓ Yes,completed
6,335,327,01-01,+92.7%,+11.62%,0.5581,118,✓ Yes,completed
6,335,327,01-01,+91.3%,+11.46%,0.5573,121,✓ Yes,completed
6,335,328,01-01,+90.7%,+11.43%,0.5572,124,✓ Yes,completed
6,335,329,01-01,+90.7%,+11.43%,0.5572,124,✓ Yes,completed
6,335,329,01-01,+89.7%,+11.38%,0.5569,127,✓ Yes,completed
6,335,330,01-01,+88.9%,+11.22%,0.5561,133,✓ Yes,completed
6,335,331,01-01,+88.9%,+11.22%,0.5561,133,✓ Yes,completed
6,335,331,01-01,+88.2%,+11.10%,0.5555,137,✓ Yes,completed
6,335,332,01-01,+87.1%,+10.89%,0.5545,143,✓ Yes,completed
6,335,333,01-01,+87.1%,+10.89%,0.5545,143,✓ Yes,completed
6,335,333,01-01,+86.5%,+10.76%,0.5538,151,✓ Yes,completed
6,335,334,01-01,+85.8%,+10.73%,0.5537,158,✓ Yes,completed
6,335,335,01-01,+85.8%,+10.73%,0.5537,158,✓ Yes,completed
6,336,296,01-01,+100.0%,+46.32%,0.7316,47,✗ No,budget_exceeded
6,336,297,01-01,+100.0%,+45.23%,0.7261,47,✓ Yes,budget_exceeded
6,336,298,01-01,+100.0%,+45.23%,0.7261,47,✓ Yes,budget_exceeded
6,336,298,01-01,+100.0%,+45.10%,0.7255,48,✗ No,budget_exceeded
6,336,299,01-01,+100.0%,+44.93%,0.7246,48,✗ No,budget_exceeded
6,336,300,01-01,+100.0%,+44.93%,0.7246,48,✗ No,budget_exceeded
6,336,300,01-01,+100.0%,+44.62%,0.7231,49,✗ No,budget_exceeded
6,336,301,01-01,+100.0%,+43.10%,0.7155,51,✗ No,budget_exceeded
6,336,302,01-01,+100.0%,+43.10%,0.7155,51,✗ No,budget_exceeded
6,336,302,01-01,+100.0%,+41.94%,0.7097,52,✗ No,budget_exceeded
6,336,303,01-01,+100.0%,+37.31%,0.6865,57,✗ No,budget_exceeded
6,336,304,01-01,+100.0%,+37.31%,0.6865,57,✗ No,budget_exceeded
6,336,304,01-01,+100.0%,+35.74%,0.6787,61,✗ No,budget_exceeded
6,336,305,01-01,+100.0%,+34.47%,0.6723,64,✓ Yes,budget_exceeded
6,336,306,01-01,+100.0%,+34.47%,0.6723,64,✓ Yes,budget_exceeded
6,336,306,01-01,+100.0%,+33.25%,0.6662,68,✗ No,budget_exceeded
6,336,307,01-01,+100.0%,+32.28%,0.6614,70,✓ Yes,budget_exceeded
6,336,308,01-01,+100.0%,+32.28%,0.6614,70,✓ Yes,budget_exceeded
6,336,308,01-01,+100.0%,+32.18%,0.6609,71,✗ No,budget_exceeded
6,336,309,01-01,+100.0%,+29.18%,0.6459,73,✗ No,budget_exceeded
6,336,310,01-01,+100.0%,+29.18%,0.6459,73,✗ No,budget_exceeded
6,336,310,01-01,+100.0%,+27.85%,0.6393,75,✗ No,budget_exceeded
6,336,311,01-01,+100.0%,+27.48%,0.6374,78,✗ No,budget_exceeded
6,336,312,01-01,+100.0%,+27.48%,0.6374,78,✗ No,budget_exceeded
6,336,312,01-01,+100.0%,+26.56%,0.6328,80,✗ No,budget_exceeded
6,336,313,01-01,+100.0%,+26.16%,0.6308,83,✗ No,budget_exceeded
6,336,314,01-01,+100.0%,+26.16%,0.6308,83,✗ No,budget_exceeded
6,336,314,01-01,+100.0%,+24.23%,0.6211,87,✓ Yes,budget_exceeded
6,336,315,01-01,+100.0%,+13.14%,0.5657,95,✗ No,completed
6,336,316,01-01,+100.0%,+13.14%,0.5657,95,✗ No,completed
6,336,316,01-01,+99.3%,+12.96%,0.5648,98,✓ Yes,completed
6,336,317,01-01,+98.8%,+12.85%,0.5643,99,✓ Yes,completed
6,336,318,01-01,+98.8%,+12.85%,0.5643,99,✓ Yes,completed
6,336,318,01-01,+98.2%,+12.64%,0.5632,99,✓ Yes,completed
6,336,319,01-01,+97.4%,+12.42%,0.5621,102,✓ Yes,completed
6,336,320,01-01,+97.4%,+12.42%,0.5621,102,✓ Yes,completed
6,336,320,01-01,+96.5%,+12.23%,0.5612,104,✓ Yes,completed
6,336,321,01-01,+95.8%,+12.05%,0.5603,107,✓ Yes,completed
6,336,322,01-01,+95.8%,+12.05%,0.5603,107,✓ Yes,completed
6,336,322,01-01,+95.3%,+11.90%,0.5595,110,✓ Yes,completed
6,336,323,01-01,+94.6%,+11.84%,0.5592,111,✓ Yes,completed
6,336,324,01-01,+94.6%,+11.84%,0.5592,111,✓ Yes,completed
6,336,324,01-01,+94.2%,+11.77%,0.5588,112,✓ Yes,completed
6,336,325,01-01,+93.1%,+11.74%,0.5587,116,✓ Yes,completed
6,336,326,01-01,+93.1%,+11.74%,0.5587,116,✓ Yes,completed
6,336,326,01-01,+92.1%,+11.54%,0.5577,116,✓ Yes,completed
6,336,327,01-01,+90.8%,+11.44%,0.5572,119,✓ Yes,completed
6,336,328,01-01,+90.8%,+11.44%,0.5572,119,✓ Yes,completed
6,336,328,01-01,+90.0%,+11.42%,0.5571,121,✓ Yes,completed
6,336,329,01-01,+89.2%,+11.32%,0.5566,125,✓ Yes,completed
6,336,330,01-01,+89.2%,+11.32%,0.5566,125,✓ Yes,completed
6,336,330,01-01,+88.4%,+11.13%,0.5557,129,✓ Yes,completed
6,336,331,01-01,+87.5%,+11.12%,0.5556,131,✓ Yes,completed
6,336,332,01-01,+87.5%,+11.12%,0.5556,131,✓ Yes,completed
6,336,332,01-01,+86.5%,+10.80%,0.5540,137,✓ Yes,completed
6,336,333,01-01,+85.9%,+10.78%,0.5539,142,✓ Yes,completed
6,336,334,01-01,+85.9%,+10.78%,0.5539,142,✓ Yes,completed
6,336,334,01-01,+85.3%,+10.55%,0.5528,148,✓ Yes,completed
6,336,335,01-01,+84.6%,+10.43%,0.5522,162,✓ Yes,completed
6,336,336,01-01,+84.6%,+10.43%,0.5522,162,✓ Yes,completed
6,337,296,01-01,+100.0%,+44.90%,0.7245,47,✗ No,budget_exceeded
6,337,297,01-01,+100.0%,+44.78%,0.7239,47,✗ No,budget_exceeded
6,337,298,01-01,+100.0%,+44.78%,0.7239,47,✗ No,budget_exceeded
6,337,298,01-01,+100.0%,+44.68%,0.7234,47,✗ No,budget_exceeded
6,337,299,01-01,+100.0%,+44.51%,0.7225,47,✗ No,budget_exceeded
6,337,300,01-01,+100.0%,+44.51%,0.7225,47,✗ No,budget_exceeded
6,337,300,01-01,+100.0%,+43.19%,0.7160,50,✗ No,budget_exceeded
6,337,301,01-01,+100.0%,+41.64%,0.7082,51,✗ No,budget_exceeded
6,337,302,01-01,+100.0%,+41.64%,0.7082,51,✗ No,budget_exceeded
6,337,302,01-01,+100.0%,+38.78%,0.6939,52,✓ Yes,budget_exceeded
6,337,303,01-01,+100.0%,+36.30%,0.6815,57,✗ No,budget_exceeded
6,337,304,01-01,+100.0%,+36.30%,0.6815,57,✗ No,budget_exceeded
6,337,304,01-01,+100.0%,+34.80%,0.6740,61,✗ No,budget_exceeded
6,337,305,01-01,+100.0%,+33.60%,0.6680,65,✗ No,budget_exceeded
6,337,306,01-01,+100.0%,+33.60%,0.6680,65,✗ No,budget_exceeded
6,337,306,01-01,+100.0%,+32.80%,0.6640,67,✗ No,budget_exceeded
6,337,307,01-01,+100.0%,+29.50%,0.6475,71,✗ No,budget_exceeded
6,337,308,01-01,+100.0%,+29.50%,0.6475,71,✗ No,budget_exceeded
6,337,308,01-01,+100.0%,+29.41%,0.6471,71,✗ No,budget_exceeded
6,337,309,01-01,+100.0%,+29.41%,0.6471,71,✗ No,budget_exceeded
6,337,310,01-01,+100.0%,+27.84%,0.6392,74,✗ No,budget_exceeded
6,337,310,01-01,+100.0%,+27.41%,0.6370,74,✗ No,budget_exceeded
6,337,311,01-01,+100.0%,+27.41%,0.6370,74,✗ No,budget_exceeded
6,337,312,01-01,+100.0%,+26.59%,0.6330,78,✗ No,budget_exceeded
6,337,312,01-01,+100.0%,+26.15%,0.6307,79,✗ No,budget_exceeded
6,337,313,01-01,+100.0%,+26.15%,0.6307,79,✗ No,budget_exceeded
6,337,314,01-01,+100.0%,+25.75%,0.6288,82,✗ No,budget_exceeded
6,337,314,01-01,+100.0%,+21.93%,0.6096,88,✗ No,budget_exceeded
6,337,315,01-01,+100.0%,+21.93%,0.6096,88,✗ No,budget_exceeded
6,337,316,01-01,+99.8%,+13.05%,0.5652,94,✓ Yes,completed
6,337,316,01-01,+99.1%,+12.90%,0.5645,97,✓ Yes,completed
6,337,317,01-01,+99.1%,+12.90%,0.5645,97,✓ Yes,completed
6,337,318,01-01,+98.5%,+12.78%,0.5639,98,✓ Yes,completed
6,337,318,01-01,+98.0%,+12.53%,0.5626,98,✓ Yes,completed
6,337,319,01-01,+98.0%,+12.53%,0.5626,98,✓ Yes,completed
6,337,320,01-01,+97.2%,+12.37%,0.5618,101,✓ Yes,completed
6,337,320,01-01,+96.2%,+12.14%,0.5607,103,✓ Yes,completed
6,337,321,01-01,+96.2%,+12.14%,0.5607,103,✓ Yes,completed
6,337,322,01-01,+95.4%,+11.93%,0.5596,105,✓ Yes,completed
6,337,322,01-01,+94.9%,+11.89%,0.5594,108,✓ Yes,completed
6,337,323,01-01,+94.9%,+11.89%,0.5594,108,✓ Yes,completed
6,337,324,01-01,+94.3%,+11.77%,0.5588,109,✓ Yes,completed
6,337,324,01-01,+93.8%,+11.75%,0.5588,109,✓ Yes,completed
6,337,325,01-01,+93.8%,+11.75%,0.5588,109,✓ Yes,completed
6,337,326,01-01,+92.7%,+11.62%,0.5581,114,✓ Yes,completed
6,337,326,01-01,+91.7%,+11.46%,0.5573,114,✓ Yes,completed
6,337,327,01-01,+91.7%,+11.46%,0.5573,114,✓ Yes,completed
6,337,328,01-01,+90.3%,+11.46%,0.5573,116,✓ Yes,completed
6,337,328,01-01,+89.7%,+11.39%,0.5570,118,✓ Yes,completed
6,337,329,01-01,+89.7%,+11.39%,0.5570,118,✓ Yes,completed
6,337,330,01-01,+88.7%,+11.19%,0.5560,120,✓ Yes,completed
6,337,330,01-01,+87.6%,+11.15%,0.5558,122,✓ Yes,completed
6,337,331,01-01,+87.6%,+11.15%,0.5558,122,✓ Yes,completed
6,337,332,01-01,+86.9%,+10.84%,0.5542,126,✓ Yes,completed
6,337,332,01-01,+86.0%,+10.80%,0.5540,131,✓ Yes,completed
6,337,333,01-01,+86.0%,+10.80%,0.5540,131,✓ Yes,completed
6,337,333,01-01,+85.5%,+10.67%,0.5534,136,✓ Yes,completed
6,337,334,01-01,+84.8%,+10.48%,0.5524,141,✓ Yes,completed
6,337,335,01-01,+84.8%,+10.48%,0.5524,141,✓ Yes,completed
6,337,335,01-01,+83.7%,+10.43%,0.5521,152,✓ Yes,completed
6,337,336,01-01,+82.8%,+10.29%,0.5515,158,✓ Yes,completed
6,337,337,01-01,+82.8%,+10.29%,0.5515,158,✓ Yes,completed
6,338,296,01-01,+100.0%,+44.40%,0.7220,46,✗ No,budget_exceeded
6,338,297,01-01,+100.0%,+44.30%,0.7215,46,✗ No,budget_exceeded
6,338,298,01-01,+100.0%,+44.30%,0.7215,46,✗ No,budget_exceeded
6,338,298,01-01,+100.0%,+43.48%,0.7174,47,✗ No,budget_exceeded
6,338,299,01-01,+100.0%,+43.29%,0.7164,48,✗ No,budget_exceeded
6,338,300,01-01,+100.0%,+43.29%,0.7164,48,✗ No,budget_exceeded
6,338,300,01-01,+100.0%,+41.70%,0.7085,50,✗ No,budget_exceeded
6,338,301,01-01,+100.0%,+36.51%,0.6825,53,✗ No,budget_exceeded
6,338,302,01-01,+100.0%,+36.51%,0.6825,53,✗ No,budget_exceeded
6,338,302,01-01,+100.0%,+36.37%,0.6818,53,✗ No,budget_exceeded
6,338,303,01-01,+100.0%,+34.91%,0.6745,57,✗ No,budget_exceeded
6,338,304,01-01,+100.0%,+34.91%,0.6745,57,✗ No,budget_exceeded
6,338,304,01-01,+100.0%,+33.69%,0.6685,62,✗ No,budget_exceeded
6,338,305,01-01,+100.0%,+33.07%,0.6654,63,✗ No,budget_exceeded
6,338,306,01-01,+100.0%,+33.07%,0.6654,63,✗ No,budget_exceeded
6,338,306,01-01,+100.0%,+29.52%,0.6476,66,✓ Yes,budget_exceeded
6,338,307,01-01,+100.0%,+28.10%,0.6405,70,✓ Yes,budget_exceeded
6,338,308,01-01,+100.0%,+28.10%,0.6405,70,✓ Yes,budget_exceeded
6,338,308,01-01,+100.0%,+28.01%,0.6400,71,✗ No,budget_exceeded
6,338,309,01-01,+100.0%,+27.31%,0.6366,72,✗ No,budget_exceeded
6,338,310,01-01,+100.0%,+27.31%,0.6366,72,✗ No,budget_exceeded
6,338,310,01-01,+100.0%,+26.44%,0.6322,73,✗ No,budget_exceeded
6,338,311,01-01,+100.0%,+26.08%,0.6304,76,✗ No,budget_exceeded
6,338,312,01-01,+100.0%,+26.08%,0.6304,76,✗ No,budget_exceeded
6,338,312,01-01,+100.0%,+25.63%,0.6282,77,✗ No,budget_exceeded
6,338,313,01-01,+100.0%,+24.73%,0.6236,81,✗ No,budget_exceeded
6,338,314,01-01,+100.0%,+24.73%,0.6236,81,✗ No,budget_exceeded
6,338,314,01-01,+100.0%,+13.11%,0.5655,89,✓ Yes,completed
6,338,315,01-01,+99.1%,+12.89%,0.5645,91,✓ Yes,completed
6,338,316,01-01,+99.1%,+12.89%,0.5645,91,✓ Yes,completed
6,338,316,01-01,+98.4%,+12.71%,0.5636,94,✓ Yes,completed
6,338,317,01-01,+97.8%,+12.48%,0.5624,95,✓ Yes,completed
6,338,318,01-01,+97.8%,+12.48%,0.5624,95,✓ Yes,completed
6,338,318,01-01,+97.3%,+12.39%,0.5620,95,✓ Yes,completed
6,338,319,01-01,+96.5%,+12.23%,0.5611,98,✓ Yes,completed
6,338,320,01-01,+96.5%,+12.23%,0.5611,98,✓ Yes,completed
6,338,320,01-01,+95.5%,+11.96%,0.5598,100,✓ Yes,completed
6,338,321,01-01,+94.5%,+11.81%,0.5591,101,✓ Yes,completed
6,338,322,01-01,+94.5%,+11.81%,0.5591,101,✓ Yes,completed
6,338,322,01-01,+94.0%,+11.77%,0.5589,102,✓ Yes,completed
6,338,323,01-01,+93.1%,+11.76%,0.5588,102,✓ Yes,completed
6,338,324,01-01,+93.1%,+11.76%,0.5588,102,✓ Yes,completed
6,338,324,01-01,+92.7%,+11.65%,0.5583,103,✓ Yes,completed
6,338,325,01-01,+91.9%,+11.50%,0.5575,109,✓ Yes,completed
6,338,326,01-01,+91.9%,+11.50%,0.5575,109,✓ Yes,completed
6,338,326,01-01,+90.9%,+11.46%,0.5573,108,✓ Yes,completed
6,338,327,01-01,+89.6%,+11.40%,0.5570,110,✓ Yes,completed
6,338,328,01-01,+89.6%,+11.40%,0.5570,110,✓ Yes,completed
6,338,328,01-01,+89.0%,+11.28%,0.5564,112,✓ Yes,completed
6,338,329,01-01,+88.0%,+11.14%,0.5557,113,✓ Yes,completed
6,338,330,01-01,+88.0%,+11.14%,0.5557,113,✓ Yes,completed
6,338,330,01-01,+87.0%,+10.95%,0.5547,116,✓ Yes,completed
6,338,331,01-01,+86.3%,+10.83%,0.5542,120,✓ Yes,completed
6,338,332,01-01,+86.3%,+10.83%,0.5542,120,✓ Yes,completed
6,338,332,01-01,+85.5%,+10.73%,0.5537,123,✓ Yes,completed
6,338,333,01-01,+85.0%,+10.51%,0.5525,128,✓ Yes,completed
6,338,334,01-01,+85.0%,+10.51%,0.5525,128,✓ Yes,completed
6,338,334,01-01,+83.9%,+10.56%,0.5528,132,✓ Yes,completed
6,338,335,01-01,+82.8%,+10.34%,0.5517,143,✓ Yes,completed
6,338,336,01-01,+82.8%,+10.34%,0.5517,143,✓ Yes,completed
6,338,336,01-01,+81.6%,+10.25%,0.5512,146,✓ Yes,completed
6,338,337,01-01,+80.2%,+10.23%,0.5512,157,✓ Yes,completed
6,338,338,01-01,+80.2%,+10.23%,0.5512,157,✓ Yes,completed
6,339,296,01-01,+100.0%,+43.39%,0.7169,46,✓ Yes,budget_exceeded
6,339,297,01-01,+100.0%,+43.28%,0.7164,47,✗ No,budget_exceeded
6,339,298,01-01,+100.0%,+43.28%,0.7164,47,✗ No,budget_exceeded
6,339,298,01-01,+100.0%,+43.18%,0.7159,47,✗ No,budget_exceeded
6,339,299,01-01,+100.0%,+41.99%,0.7099,47,✓ Yes,budget_exceeded
6,339,300,01-01,+100.0%,+41.99%,0.7099,47,✓ Yes,budget_exceeded
6,339,300,01-01,+100.0%,+37.18%,0.6859,50,✗ No,budget_exceeded
6,339,301,01-01,+100.0%,+35.73%,0.6787,52,✗ No,budget_exceeded
6,339,302,01-01,+100.0%,+35.73%,0.6787,52,✗ No,budget_exceeded
6,339,302,01-01,+100.0%,+35.10%,0.6755,53,✗ No,budget_exceeded
6,339,303,01-01,+100.0%,+34.31%,0.6716,56,✗ No,budget_exceeded
6,339,304,01-01,+100.0%,+34.31%,0.6716,56,✗ No,budget_exceeded
6,339,304,01-01,+100.0%,+33.26%,0.6663,59,✗ No,budget_exceeded
6,339,305,01-01,+100.0%,+32.19%,0.6609,61,✗ No,budget_exceeded
6,339,306,01-01,+100.0%,+32.19%,0.6609,61,✗ No,budget_exceeded
6,339,306,01-01,+100.0%,+28.67%,0.6434,65,✗ No,budget_exceeded
6,339,307,01-01,+100.0%,+27.68%,0.6384,68,✗ No,budget_exceeded
6,339,308,01-01,+100.0%,+27.68%,0.6384,68,✗ No,budget_exceeded
6,339,308,01-01,+100.0%,+27.59%,0.6380,68,✗ No,budget_exceeded
6,339,309,01-01,+100.0%,+26.44%,0.6322,70,✗ No,budget_exceeded
6,339,310,01-01,+100.0%,+26.44%,0.6322,70,✗ No,budget_exceeded
6,339,310,01-01,+100.0%,+26.02%,0.6301,70,✗ No,budget_exceeded
6,339,311,01-01,+100.0%,+26.02%,0.6301,70,✗ No,budget_exceeded
6,339,312,01-01,+100.0%,+25.66%,0.6283,73,✗ No,budget_exceeded
6,339,312,01-01,+100.0%,+24.70%,0.6235,75,✗ No,budget_exceeded
6,339,313,01-01,+100.0%,+24.70%,0.6235,75,✗ No,budget_exceeded
6,339,314,01-01,+100.0%,+21.96%,0.6098,79,✗ No,budget_exceeded
6,339,314,01-01,+99.5%,+12.98%,0.5649,86,✓ Yes,completed
6,339,315,01-01,+99.5%,+12.98%,0.5649,86,✓ Yes,completed
6,339,316,01-01,+98.6%,+12.81%,0.5640,88,✓ Yes,completed
6,339,316,01-01,+97.9%,+12.50%,0.5625,91,✓ Yes,completed
6,339,317,01-01,+97.9%,+12.50%,0.5625,91,✓ Yes,completed
6,339,318,01-01,+97.4%,+12.40%,0.5620,92,✓ Yes,completed
6,339,318,01-01,+96.9%,+12.34%,0.5617,92,✓ Yes,completed
6,339,319,01-01,+96.9%,+12.34%,0.5617,92,✓ Yes,completed
6,339,320,01-01,+96.0%,+12.10%,0.5605,95,✓ Yes,completed
6,339,320,01-01,+95.1%,+11.90%,0.5595,97,✓ Yes,completed
6,339,321,01-01,+95.1%,+11.90%,0.5595,97,✓ Yes,completed
6,339,322,01-01,+94.1%,+11.78%,0.5589,97,✓ Yes,completed
6,339,322,01-01,+93.5%,+11.74%,0.5587,99,✓ Yes,completed
6,339,323,01-01,+93.5%,+11.74%,0.5587,99,✓ Yes,completed
6,339,324,01-01,+92.7%,+11.64%,0.5582,99,✓ Yes,completed
6,339,324,01-01,+92.3%,+11.58%,0.5579,100,✓ Yes,completed
6,339,325,01-01,+92.3%,+11.58%,0.5579,100,✓ Yes,completed
6,339,326,01-01,+91.4%,+11.46%,0.5573,105,✓ Yes,completed
6,339,326,01-01,+90.3%,+11.47%,0.5574,104,✓ Yes,completed
6,339,327,01-01,+90.3%,+11.47%,0.5574,104,✓ Yes,completed
6,339,328,01-01,+89.2%,+11.34%,0.5567,107,✓ Yes,completed
6,339,328,01-01,+88.6%,+11.20%,0.5560,109,✓ Yes,completed
6,339,329,01-01,+88.6%,+11.20%,0.5560,109,✓ Yes,completed
6,339,330,01-01,+87.4%,+11.13%,0.5557,109,✓ Yes,completed
6,339,330,01-01,+86.6%,+10.86%,0.5543,112,✓ Yes,completed
6,339,331,01-01,+86.6%,+10.86%,0.5543,112,✓ Yes,completed
6,339,332,01-01,+85.9%,+10.84%,0.5542,116,✓ Yes,completed
6,339,332,01-01,+85.1%,+10.55%,0.5527,119,✓ Yes,completed
6,339,333,01-01,+85.1%,+10.55%,0.5527,119,✓ Yes,completed
6,339,334,01-01,+84.5%,+10.55%,0.5527,122,✓ Yes,completed
6,339,334,01-01,+83.4%,+10.39%,0.5520,124,✓ Yes,completed
6,339,335,01-01,+83.4%,+10.39%,0.5520,124,✓ Yes,completed
6,339,335,01-01,+81.6%,+10.26%,0.5513,130,✓ Yes,completed
6,339,336,01-01,+80.2%,+10.30%,0.5515,132,✓ Yes,completed
6,339,337,01-01,+80.2%,+10.30%,0.5515,132,✓ Yes,completed
6,339,337,01-01,+79.6%,+10.00%,0.5500,144,✓ Yes,completed
6,339,338,01-01,+78.9%,+9.98%,0.5499,152,✓ Yes,completed
6,339,339,01-01,+78.9%,+9.98%,0.5499,152,✓ Yes,completed
6,340,296,01-01,+100.0%,+43.16%,0.7158,47,✗ No,budget_exceeded
6,340,297,01-01,+100.0%,+43.05%,0.7153,47,✗ No,budget_exceeded
6,340,298,01-01,+100.0%,+43.05%,0.7153,47,✗ No,budget_exceeded
6,340,298,01-01,+100.0%,+41.93%,0.7096,48,✗ No,budget_exceeded
6,340,299,01-01,+100.0%,+41.76%,0.7088,48,✗ No,budget_exceeded
6,340,300,01-01,+100.0%,+41.76%,0.7088,48,✗ No,budget_exceeded
6,340,300,01-01,+100.0%,+36.41%,0.6820,51,✗ No,budget_exceeded
6,340,301,01-01,+100.0%,+35.01%,0.6750,53,✗ No,budget_exceeded
6,340,302,01-01,+100.0%,+35.01%,0.6750,53,✗ No,budget_exceeded
6,340,302,01-01,+100.0%,+34.87%,0.6743,53,✗ No,budget_exceeded
6,340,303,01-01,+100.0%,+33.68%,0.6684,57,✗ No,budget_exceeded
6,340,304,01-01,+100.0%,+33.68%,0.6684,57,✗ No,budget_exceeded
6,340,304,01-01,+100.0%,+33.03%,0.6652,59,✗ No,budget_exceeded
6,340,305,01-01,+100.0%,+31.94%,0.6597,61,✗ No,budget_exceeded
6,340,306,01-01,+100.0%,+31.94%,0.6597,61,✗ No,budget_exceeded
6,340,306,01-01,+100.0%,+27.99%,0.6400,66,✗ No,budget_exceeded
6,340,307,01-01,+100.0%,+27.44%,0.6372,68,✗ No,budget_exceeded
6,340,308,01-01,+100.0%,+27.44%,0.6372,68,✗ No,budget_exceeded
6,340,308,01-01,+100.0%,+27.35%,0.6367,68,✗ No,budget_exceeded
6,340,309,01-01,+100.0%,+26.19%,0.6310,70,✗ No,budget_exceeded
6,340,310,01-01,+100.0%,+26.19%,0.6310,70,✗ No,budget_exceeded
6,340,310,01-01,+100.0%,+25.77%,0.6289,70,✗ No,budget_exceeded
6,340,311,01-01,+100.0%,+24.90%,0.6245,74,✗ No,budget_exceeded
6,340,312,01-01,+100.0%,+24.90%,0.6245,74,✗ No,budget_exceeded
6,340,312,01-01,+100.0%,+22.11%,0.6105,76,✗ No,budget_exceeded
6,340,313,01-01,+100.0%,+19.86%,0.5993,80,✗ No,budget_exceeded
6,340,314,01-01,+100.0%,+19.86%,0.5993,80,✗ No,budget_exceeded
6,340,314,01-01,+99.2%,+12.91%,0.5645,85,✓ Yes,completed
6,340,315,01-01,+98.3%,+12.65%,0.5632,87,✓ Yes,completed
6,340,316,01-01,+98.3%,+12.65%,0.5632,87,✓ Yes,completed
6,340,316,01-01,+97.6%,+12.44%,0.5622,90,✓ Yes,completed
6,340,317,01-01,+97.1%,+12.34%,0.5617,91,✓ Yes,completed
6,340,318,01-01,+97.1%,+12.34%,0.5617,91,✓ Yes,completed
6,340,318,01-01,+96.5%,+12.25%,0.5612,91,✓ Yes,completed
6,340,319,01-01,+95.7%,+12.00%,0.5600,94,✓ Yes,completed
6,340,320,01-01,+95.7%,+12.00%,0.5600,94,✓ Yes,completed
6,340,320,01-01,+94.8%,+11.85%,0.5593,96,✓ Yes,completed
6,340,321,01-01,+93.7%,+11.74%,0.5587,97,✓ Yes,completed
6,340,322,01-01,+93.7%,+11.74%,0.5587,97,✓ Yes,completed
6,340,322,01-01,+92.9%,+11.71%,0.5585,98,✓ Yes,completed
6,340,323,01-01,+92.3%,+11.57%,0.5579,99,✓ Yes,completed
6,340,324,01-01,+92.3%,+11.57%,0.5579,99,✓ Yes,completed
6,340,324,01-01,+91.9%,+11.51%,0.5575,100,✓ Yes,completed
6,340,325,01-01,+91.0%,+11.45%,0.5573,105,✓ Yes,completed
6,340,326,01-01,+91.0%,+11.45%,0.5573,105,✓ Yes,completed
6,340,326,01-01,+89.9%,+11.42%,0.5571,104,✓ Yes,completed
6,340,327,01-01,+88.8%,+11.23%,0.5561,107,✓ Yes,completed
6,340,328,01-01,+88.8%,+11.23%,0.5561,107,✓ Yes,completed
6,340,328,01-01,+88.2%,+11.15%,0.5557,109,✓ Yes,completed
6,340,329,01-01,+87.0%,+10.94%,0.5547,109,✓ Yes,completed
6,340,330,01-01,+87.0%,+10.94%,0.5547,109,✓ Yes,completed
6,340,330,01-01,+86.2%,+10.84%,0.5542,112,✓ Yes,completed
6,340,331,01-01,+85.5%,+10.71%,0.5536,114,✓ Yes,completed
6,340,332,01-01,+85.5%,+10.71%,0.5536,114,✓ Yes,completed
6,340,332,01-01,+84.7%,+10.55%,0.5527,116,✓ Yes,completed
6,340,333,01-01,+83.7%,+10.54%,0.5527,118,✓ Yes,completed
6,340,334,01-01,+83.7%,+10.54%,0.5527,118,✓ Yes,completed
6,340,334,01-01,+82.0%,+10.47%,0.5523,118,✓ Yes,completed
6,340,335,01-01,+80.8%,+10.27%,0.5514,126,✓ Yes,completed
6,340,336,01-01,+80.8%,+10.27%,0.5514,126,✓ Yes,completed
6,340,336,01-01,+79.8%,+10.18%,0.5509,128,✓ Yes,completed
6,340,337,01-01,+79.0%,+10.02%,0.5501,138,✓ Yes,completed
6,340,338,01-01,+79.0%,+10.02%,0.5501,138,✓ Yes,completed
6,340,338,01-01,+78.2%,+9.97%,0.5498,144,✓ Yes,completed
6,340,339,01-01,+77.6%,+9.67%,0.5484,157,✓ Yes,completed
6,340,340,01-01,+77.6%,+9.67%,0.5484,157,✓ Yes,completed
6,341,296,01-01,+100.0%,+43.03%,0.7152,47,✗ No,budget_exceeded
6,341,297,01-01,+100.0%,+41.91%,0.7096,48,✗ No,budget_exceeded
6,341,298,01-01,+100.0%,+41.91%,0.7096,48,✗ No,budget_exceeded
6,341,298,01-01,+100.0%,+41.81%,0.7090,48,✗ No,budget_exceeded
6,341,299,01-01,+100.0%,+41.63%,0.7082,48,✗ No,budget_exceeded
6,341,300,01-01,+100.0%,+41.63%,0.7082,48,✗ No,budget_exceeded
6,341,300,01-01,+100.0%,+35.71%,0.6785,52,✗ No,budget_exceeded
6,341,301,01-01,+100.0%,+34.67%,0.6734,53,✗ No,budget_exceeded
6,341,302,01-01,+100.0%,+34.67%,0.6734,53,✗ No,budget_exceeded
6,341,302,01-01,+100.0%,+34.35%,0.6718,54,✗ No,budget_exceeded
6,341,303,01-01,+100.0%,+33.32%,0.6666,57,✗ No,budget_exceeded
6,341,304,01-01,+100.0%,+33.32%,0.6666,57,✗ No,budget_exceeded
6,341,304,01-01,+100.0%,+32.19%,0.6609,59,✓ Yes,budget_exceeded
6,341,305,01-01,+100.0%,+29.24%,0.6462,62,✗ No,budget_exceeded
6,341,306,01-01,+100.0%,+29.24%,0.6462,62,✗ No,budget_exceeded
6,341,306,01-01,+100.0%,+27.60%,0.6380,66,✗ No,budget_exceeded
6,341,307,01-01,+100.0%,+26.52%,0.6326,69,✗ No,budget_exceeded
6,341,308,01-01,+100.0%,+26.52%,0.6326,69,✗ No,budget_exceeded
6,341,308,01-01,+100.0%,+26.43%,0.6322,69,✗ No,budget_exceeded
6,341,309,01-01,+100.0%,+25.74%,0.6287,70,✗ No,budget_exceeded
6,341,310,01-01,+100.0%,+25.74%,0.6287,70,✗ No,budget_exceeded
6,341,310,01-01,+100.0%,+24.80%,0.6240,71,✗ No,budget_exceeded
6,341,311,01-01,+100.0%,+24.80%,0.6240,71,✗ No,budget_exceeded
6,341,312,01-01,+100.0%,+22.17%,0.6109,74,✓ Yes,budget_exceeded
6,341,312,01-01,+100.0%,+19.01%,0.5950,78,✗ No,budget_exceeded
6,341,313,01-01,+100.0%,+19.01%,0.5950,78,✗ No,budget_exceeded
6,341,314,01-01,+99.8%,+13.03%,0.5652,82,✓ Yes,completed
6,341,314,01-01,+98.7%,+12.78%,0.5639,85,✓ Yes,completed
6,341,315,01-01,+98.7%,+12.78%,0.5639,85,✓ Yes,completed
6,341,316,01-01,+97.8%,+12.44%,0.5622,87,✓ Yes,completed
6,341,316,01-01,+97.1%,+12.32%,0.5616,90,✓ Yes,completed
6,341,317,01-01,+97.1%,+12.32%,0.5616,90,✓ Yes,completed
6,341,318,01-01,+96.5%,+12.19%,0.5610,91,✓ Yes,completed
6,341,318,01-01,+96.0%,+12.07%,0.5603,91,✓ Yes,completed
6,341,319,01-01,+96.0%,+12.07%,0.5603,91,✓ Yes,completed
6,341,320,01-01,+95.1%,+11.88%,0.5594,94,✓ Yes,completed
6,341,320,01-01,+94.2%,+11.74%,0.5587,96,✓ Yes,completed
6,341,321,01-01,+94.2%,+11.74%,0.5587,96,✓ Yes,completed
6,341,322,01-01,+92.9%,+11.69%,0.5585,96,✓ Yes,completed
6,341,322,01-01,+91.9%,+11.47%,0.5573,97,✓ Yes,completed
6,341,323,01-01,+91.9%,+11.47%,0.5573,97,✓ Yes,completed
6,341,324,01-01,+91.2%,+11.46%,0.5573,97,✓ Yes,completed
6,341,324,01-01,+90.7%,+11.44%,0.5572,97,✓ Yes,completed
6,341,325,01-01,+90.7%,+11.44%,0.5572,97,✓ Yes,completed
6,341,326,01-01,+89.6%,+11.38%,0.5569,101,✓ Yes,completed
6,341,326,01-01,+88.8%,+11.21%,0.5561,101,✓ Yes,completed
6,341,327,01-01,+88.8%,+11.21%,0.5561,101,✓ Yes,completed
6,341,328,01-01,+87.2%,+11.04%,0.5552,102,✓ Yes,completed
6,341,328,01-01,+86.7%,+10.86%,0.5543,104,✓ Yes,completed
6,341,329,01-01,+86.7%,+10.86%,0.5543,104,✓ Yes,completed
6,341,330,01-01,+85.8%,+10.84%,0.5542,105,✓ Yes,completed
6,341,330,01-01,+85.2%,+10.58%,0.5529,107,✓ Yes,completed
6,341,331,01-01,+85.2%,+10.58%,0.5529,107,✓ Yes,completed
6,341,332,01-01,+84.6%,+10.56%,0.5528,109,✓ Yes,completed
6,341,332,01-01,+83.5%,+10.45%,0.5522,110,✓ Yes,completed
6,341,333,01-01,+83.5%,+10.45%,0.5522,110,✓ Yes,completed
6,341,334,01-01,+81.9%,+10.46%,0.5523,110,✓ Yes,completed
6,341,334,01-01,+81.3%,+10.26%,0.5513,112,✓ Yes,completed
6,341,335,01-01,+81.3%,+10.26%,0.5513,112,✓ Yes,completed
6,341,336,01-01,+79.5%,+10.07%,0.5504,116,✓ Yes,completed
6,341,336,01-01,+79.0%,+10.08%,0.5504,117,✓ Yes,completed
6,341,337,01-01,+79.0%,+10.08%,0.5504,117,✓ Yes,completed
6,341,337,01-01,+78.1%,+9.96%,0.5498,126,✓ Yes,completed
6,341,338,01-01,+77.6%,+9.75%,0.5487,132,✓ Yes,completed
6,341,339,01-01,+77.6%,+9.75%,0.5487,132,✓ Yes,completed
6,341,339,01-01,+77.0%,+9.68%,0.5484,143,✓ Yes,completed
6,341,340,01-01,+76.5%,+9.64%,0.5482,150,✓ Yes,completed
6,341,341,01-01,+76.5%,+9.64%,0.5482,150,✓ Yes,completed
7,334,296,01-01,+100.0%,+46.56%,0.7328,48,✗ No,budget_exceeded
7,334,297,01-01,+100.0%,+46.56%,0.7328,48,✗ No,budget_exceeded
7,334,297,01-01,+100.0%,+46.56%,0.7328,48,✗ No,budget_exceeded
7,334,297,01-01,+100.0%,+46.42%,0.7321,48,✗ No,budget_exceeded
7,334,297,01-01,+100.0%,+46.42%,0.7321,48,✗ No,budget_exceeded
7,334,298,01-01,+100.0%,+46.42%,0.7321,48,✗ No,budget_exceeded
7,334,298,01-01,+100.0%,+46.32%,0.7316,48,✗ No,budget_exceeded
7,334,298,01-01,+100.0%,+46.32%,0.7316,48,✗ No,budget_exceeded
7,334,299,01-01,+100.0%,+46.32%,0.7316,48,✗ No,budget_exceeded
7,334,299,01-01,+100.0%,+46.32%,0.7316,48,✗ No,budget_exceeded
7,334,299,01-01,+100.0%,+45.15%,0.7258,49,✗ No,budget_exceeded
7,334,300,01-01,+100.0%,+45.15%,0.7258,49,✗ No,budget_exceeded
7,334,300,01-01,+100.0%,+45.15%,0.7258,49,✗ No,budget_exceeded
7,334,300,01-01,+100.0%,+44.85%,0.7242,50,✗ No,budget_exceeded
7,334,301,01-01,+100.0%,+44.85%,0.7242,50,✗ No,budget_exceeded
7,334,301,01-01,+100.0%,+44.85%,0.7242,50,✗ No,budget_exceeded
7,334,301,01-01,+100.0%,+43.32%,0.7166,52,✗ No,budget_exceeded
7,334,301,01-01,+100.0%,+43.32%,0.7166,52,✗ No,budget_exceeded
7,334,302,01-01,+100.0%,+43.32%,0.7166,52,✗ No,budget_exceeded
7,334,302,01-01,+100.0%,+43.18%,0.7159,52,✗ No,budget_exceeded
7,334,302,01-01,+100.0%,+43.18%,0.7159,52,✗ No,budget_exceeded
7,334,303,01-01,+100.0%,+43.18%,0.7159,52,✗ No,budget_exceeded
7,334,303,01-01,+100.0%,+43.18%,0.7159,52,✗ No,budget_exceeded
7,334,303,01-01,+100.0%,+40.13%,0.7007,56,✗ No,budget_exceeded
7,334,304,01-01,+100.0%,+40.13%,0.7007,56,✗ No,budget_exceeded
7,334,304,01-01,+100.0%,+40.13%,0.7007,56,✗ No,budget_exceeded
7,334,304,01-01,+100.0%,+36.37%,0.6818,62,✗ No,budget_exceeded
7,334,304,01-01,+100.0%,+36.37%,0.6818,62,✗ No,budget_exceeded
7,334,305,01-01,+100.0%,+36.37%,0.6818,62,✗ No,budget_exceeded
7,334,305,01-01,+100.0%,+34.91%,0.6745,65,✗ No,budget_exceeded
7,334,305,01-01,+100.0%,+34.91%,0.6745,65,✗ No,budget_exceeded
7,334,306,01-01,+100.0%,+34.91%,0.6745,65,✗ No,budget_exceeded
7,334,306,01-01,+100.0%,+34.91%,0.6745,65,✗ No,budget_exceeded
7,334,306,01-01,+100.0%,+33.53%,0.6676,70,✗ No,budget_exceeded
7,334,307,01-01,+100.0%,+33.53%,0.6676,70,✗ No,budget_exceeded
7,334,307,01-01,+100.0%,+33.53%,0.6676,70,✗ No,budget_exceeded
7,334,307,01-01,+100.0%,+33.01%,0.6650,72,✗ No,budget_exceeded
7,334,307,01-01,+100.0%,+33.01%,0.6650,72,✗ No,budget_exceeded
7,334,308,01-01,+100.0%,+33.01%,0.6650,72,✗ No,budget_exceeded
7,334,308,01-01,+100.0%,+32.92%,0.6646,72,✗ No,budget_exceeded
7,334,308,01-01,+100.0%,+32.92%,0.6646,72,✗ No,budget_exceeded
7,334,309,01-01,+100.0%,+32.92%,0.6646,72,✗ No,budget_exceeded
7,334,309,01-01,+100.0%,+32.92%,0.6646,72,✗ No,budget_exceeded
7,334,309,01-01,+100.0%,+29.46%,0.6473,75,✗ No,budget_exceeded
7,334,310,01-01,+100.0%,+29.46%,0.6473,75,✗ No,budget_exceeded
7,334,310,01-01,+100.0%,+29.46%,0.6473,75,✗ No,budget_exceeded
7,334,310,01-01,+100.0%,+28.14%,0.6407,76,✓ Yes,budget_exceeded
7,334,310,01-01,+100.0%,+28.14%,0.6407,76,✓ Yes,budget_exceeded
7,334,311,01-01,+100.0%,+28.14%,0.6407,76,✓ Yes,budget_exceeded
7,334,311,01-01,+100.0%,+27.76%,0.6388,80,✗ No,budget_exceeded
7,334,311,01-01,+100.0%,+27.76%,0.6388,80,✗ No,budget_exceeded
7,334,312,01-01,+100.0%,+27.76%,0.6388,80,✗ No,budget_exceeded
7,334,312,01-01,+100.0%,+27.76%,0.6388,80,✗ No,budget_exceeded
7,334,312,01-01,+100.0%,+27.30%,0.6365,81,✗ No,budget_exceeded
7,334,313,01-01,+100.0%,+27.30%,0.6365,81,✗ No,budget_exceeded
7,334,313,01-01,+100.0%,+27.30%,0.6365,81,✗ No,budget_exceeded
7,334,313,01-01,+100.0%,+26.45%,0.6322,85,✗ No,budget_exceeded
7,334,313,01-01,+100.0%,+26.45%,0.6322,85,✗ No,budget_exceeded
7,334,314,01-01,+100.0%,+26.45%,0.6322,85,✗ No,budget_exceeded
7,334,314,01-01,+100.0%,+24.90%,0.6245,89,✗ No,budget_exceeded
7,334,314,01-01,+100.0%,+24.90%,0.6245,89,✗ No,budget_exceeded
7,334,315,01-01,+100.0%,+24.90%,0.6245,89,✗ No,budget_exceeded
7,334,315,01-01,+100.0%,+24.90%,0.6245,89,✗ No,budget_exceeded
7,334,315,01-01,+100.0%,+19.87%,0.5993,94,✗ No,budget_exceeded
7,334,316,01-01,+100.0%,+19.87%,0.5993,94,✗ No,budget_exceeded
7,334,316,01-01,+100.0%,+19.87%,0.5993,94,✗ No,budget_exceeded
7,334,316,01-01,+99.8%,+13.05%,0.5653,100,✓ Yes,completed
7,334,317,01-01,+99.8%,+13.05%,0.5653,100,✓ Yes,completed
7,334,317,01-01,+99.8%,+13.05%,0.5653,100,✓ Yes,completed
7,334,317,01-01,+99.3%,+12.96%,0.5648,101,✓ Yes,completed
7,334,317,01-01,+99.3%,+12.96%,0.5648,101,✓ Yes,completed
7,334,318,01-01,+99.3%,+12.96%,0.5648,101,✓ Yes,completed
7,334,318,01-01,+98.8%,+12.87%,0.5643,101,✓ Yes,completed
7,334,318,01-01,+98.8%,+12.87%,0.5643,101,✓ Yes,completed
7,334,319,01-01,+98.8%,+12.87%,0.5643,101,✓ Yes,completed
7,334,319,01-01,+98.8%,+12.87%,0.5643,101,✓ Yes,completed
7,334,319,01-01,+98.0%,+12.53%,0.5626,104,✓ Yes,completed
7,334,320,01-01,+98.0%,+12.53%,0.5626,104,✓ Yes,completed
7,334,320,01-01,+98.0%,+12.53%,0.5626,104,✓ Yes,completed
7,334,320,01-01,+97.0%,+12.36%,0.5618,106,✓ Yes,completed
7,334,320,01-01,+97.0%,+12.36%,0.5618,106,✓ Yes,completed
7,334,321,01-01,+97.0%,+12.36%,0.5618,106,✓ Yes,completed
7,334,321,01-01,+96.4%,+12.19%,0.5610,109,✓ Yes,completed
7,334,321,01-01,+96.4%,+12.19%,0.5610,109,✓ Yes,completed
7,334,322,01-01,+96.4%,+12.19%,0.5610,109,✓ Yes,completed
7,334,322,01-01,+96.4%,+12.19%,0.5610,109,✓ Yes,completed
7,334,322,01-01,+95.9%,+12.07%,0.5604,112,✓ Yes,completed
7,334,323,01-01,+95.9%,+12.07%,0.5604,112,✓ Yes,completed
7,334,323,01-01,+95.9%,+12.07%,0.5604,112,✓ Yes,completed
7,334,323,01-01,+95.2%,+11.91%,0.5595,113,✓ Yes,completed
7,334,323,01-01,+95.2%,+11.91%,0.5595,113,✓ Yes,completed
7,334,324,01-01,+95.2%,+11.91%,0.5595,113,✓ Yes,completed
7,334,324,01-01,+94.8%,+11.87%,0.5593,114,✓ Yes,completed
7,334,324,01-01,+94.8%,+11.87%,0.5593,114,✓ Yes,completed
7,334,325,01-01,+94.8%,+11.87%,0.5593,114,✓ Yes,completed
7,334,325,01-01,+94.8%,+11.87%,0.5593,114,✓ Yes,completed
7,334,325,01-01,+93.8%,+11.75%,0.5588,119,✓ Yes,completed
7,334,326,01-01,+93.8%,+11.75%,0.5588,119,✓ Yes,completed
7,334,326,01-01,+93.8%,+11.75%,0.5588,119,✓ Yes,completed
7,334,326,01-01,+92.7%,+11.62%,0.5581,118,✓ Yes,completed
7,334,326,01-01,+92.7%,+11.62%,0.5581,118,✓ Yes,completed
7,334,327,01-01,+92.7%,+11.62%,0.5581,118,✓ Yes,completed
7,334,327,01-01,+91.3%,+11.46%,0.5573,121,✓ Yes,completed
7,334,327,01-01,+91.3%,+11.46%,0.5573,121,✓ Yes,completed
7,334,328,01-01,+91.3%,+11.46%,0.5573,121,✓ Yes,completed
7,334,328,01-01,+91.3%,+11.46%,0.5573,121,✓ Yes,completed
7,334,328,01-01,+90.7%,+11.43%,0.5572,124,✓ Yes,completed
7,334,329,01-01,+90.7%,+11.43%,0.5572,124,✓ Yes,completed
7,334,329,01-01,+90.7%,+11.43%,0.5572,124,✓ Yes,completed
7,334,329,01-01,+89.7%,+11.38%,0.5569,127,✓ Yes,completed
7,334,329,01-01,+89.7%,+11.38%,0.5569,127,✓ Yes,completed
7,334,330,01-01,+89.7%,+11.38%,0.5569,127,✓ Yes,completed
7,334,330,01-01,+88.9%,+11.22%,0.5561,133,✓ Yes,completed
7,334,330,01-01,+88.9%,+11.22%,0.5561,133,✓ Yes,completed
7,334,331,01-01,+88.9%,+11.22%,0.5561,133,✓ Yes,completed
7,334,331,01-01,+88.9%,+11.22%,0.5561,133,✓ Yes,completed
7,334,331,01-01,+88.2%,+11.10%,0.5555,137,✓ Yes,completed
7,334,332,01-01,+88.2%,+11.10%,0.5555,137,✓ Yes,completed
7,334,332,01-01,+88.2%,+11.10%,0.5555,137,✓ Yes,completed
7,334,332,01-01,+87.1%,+10.89%,0.5545,143,✓ Yes,completed
7,334,333,01-01,+87.1%,+10.89%,0.5545,143,✓ Yes,completed
7,334,333,01-01,+87.1%,+10.89%,0.5545,143,✓ Yes,completed
7,334,333,01-01,+86.5%,+10.76%,0.5538,151,✓ Yes,completed
7,334,333,01-01,+86.5%,+10.76%,0.5538,151,✓ Yes,completed
7,334,334,01-01,+86.5%,+10.76%,0.5538,151,✓ Yes,completed
7,334,334,01-01,+85.8%,+10.73%,0.5537,158,✓ Yes,completed
7,334,334,01-01,+85.8%,+10.73%,0.5537,158,✓ Yes,completed
7,335,296,01-01,+100.0%,+46.32%,0.7316,47,✗ No,budget_exceeded
7,335,297,01-01,+100.0%,+46.32%,0.7316,47,✗ No,budget_exceeded
7,335,297,01-01,+100.0%,+46.32%,0.7316,47,✗ No,budget_exceeded
7,335,297,01-01,+100.0%,+45.23%,0.7261,47,✓ Yes,budget_exceeded
7,335,297,01-01,+100.0%,+45.23%,0.7261,47,✓ Yes,budget_exceeded
7,335,298,01-01,+100.0%,+45.23%,0.7261,47,✓ Yes,budget_exceeded
7,335,298,01-01,+100.0%,+45.10%,0.7255,48,✗ No,budget_exceeded
7,335,298,01-01,+100.0%,+45.10%,0.7255,48,✗ No,budget_exceeded
7,335,299,01-01,+100.0%,+45.10%,0.7255,48,✗ No,budget_exceeded
7,335,299,01-01,+100.0%,+45.10%,0.7255,48,✗ No,budget_exceeded
7,335,299,01-01,+100.0%,+44.93%,0.7246,48,✗ No,budget_exceeded
7,335,300,01-01,+100.0%,+44.93%,0.7246,48,✗ No,budget_exceeded
7,335,300,01-01,+100.0%,+44.93%,0.7246,48,✗ No,budget_exceeded
7,335,300,01-01,+100.0%,+44.62%,0.7231,49,✗ No,budget_exceeded
7,335,301,01-01,+100.0%,+44.62%,0.7231,49,✗ No,budget_exceeded
7,335,301,01-01,+100.0%,+44.62%,0.7231,49,✗ No,budget_exceeded
7,335,301,01-01,+100.0%,+43.10%,0.7155,51,✗ No,budget_exceeded
7,335,301,01-01,+100.0%,+43.10%,0.7155,51,✗ No,budget_exceeded
7,335,302,01-01,+100.0%,+43.10%,0.7155,51,✗ No,budget_exceeded
7,335,302,01-01,+100.0%,+41.94%,0.7097,52,✗ No,budget_exceeded
7,335,302,01-01,+100.0%,+41.94%,0.7097,52,✗ No,budget_exceeded
7,335,303,01-01,+100.0%,+41.94%,0.7097,52,✗ No,budget_exceeded
7,335,303,01-01,+100.0%,+41.94%,0.7097,52,✗ No,budget_exceeded
7,335,303,01-01,+100.0%,+37.31%,0.6865,57,✗ No,budget_exceeded
7,335,304,01-01,+100.0%,+37.31%,0.6865,57,✗ No,budget_exceeded
7,335,304,01-01,+100.0%,+37.31%,0.6865,57,✗ No,budget_exceeded
7,335,304,01-01,+100.0%,+35.74%,0.6787,61,✗ No,budget_exceeded
7,335,304,01-01,+100.0%,+35.74%,0.6787,61,✗ No,budget_exceeded
7,335,305,01-01,+100.0%,+35.74%,0.6787,61,✗ No,budget_exceeded
7,335,305,01-01,+100.0%,+34.47%,0.6723,64,✓ Yes,budget_exceeded
7,335,305,01-01,+100.0%,+34.47%,0.6723,64,✓ Yes,budget_exceeded
7,335,306,01-01,+100.0%,+34.47%,0.6723,64,✓ Yes,budget_exceeded
7,335,306,01-01,+100.0%,+34.47%,0.6723,64,✓ Yes,budget_exceeded
7,335,306,01-01,+100.0%,+33.25%,0.6662,68,✗ No,budget_exceeded
7,335,307,01-01,+100.0%,+33.25%,0.6662,68,✗ No,budget_exceeded
7,335,307,01-01,+100.0%,+33.25%,0.6662,68,✗ No,budget_exceeded
7,335,307,01-01,+100.0%,+32.28%,0.6614,70,✓ Yes,budget_exceeded
7,335,307,01-01,+100.0%,+32.28%,0.6614,70,✓ Yes,budget_exceeded
7,335,308,01-01,+100.0%,+32.28%,0.6614,70,✓ Yes,budget_exceeded
7,335,308,01-01,+100.0%,+32.18%,0.6609,71,✗ No,budget_exceeded
7,335,308,01-01,+100.0%,+32.18%,0.6609,71,✗ No,budget_exceeded
7,335,309,01-01,+100.0%,+32.18%,0.6609,71,✗ No,budget_exceeded
7,335,309,01-01,+100.0%,+32.18%,0.6609,71,✗ No,budget_exceeded
7,335,309,01-01,+100.0%,+29.18%,0.6459,73,✗ No,budget_exceeded
7,335,310,01-01,+100.0%,+29.18%,0.6459,73,✗ No,budget_exceeded
7,335,310,01-01,+100.0%,+29.18%,0.6459,73,✗ No,budget_exceeded
7,335,310,01-01,+100.0%,+27.85%,0.6393,75,✗ No,budget_exceeded
7,335,311,01-01,+100.0%,+27.85%,0.6393,75,✗ No,budget_exceeded
7,335,311,01-01,+100.0%,+27.85%,0.6393,75,✗ No,budget_exceeded
7,335,311,01-01,+100.0%,+27.48%,0.6374,78,✗ No,budget_exceeded
7,335,311,01-01,+100.0%,+27.48%,0.6374,78,✗ No,budget_exceeded
7,335,312,01-01,+100.0%,+27.48%,0.6374,78,✗ No,budget_exceeded
7,335,312,01-01,+100.0%,+26.56%,0.6328,80,✗ No,budget_exceeded
7,335,312,01-01,+100.0%,+26.56%,0.6328,80,✗ No,budget_exceeded
7,335,313,01-01,+100.0%,+26.56%,0.6328,80,✗ No,budget_exceeded
7,335,313,01-01,+100.0%,+26.56%,0.6328,80,✗ No,budget_exceeded
7,335,313,01-01,+100.0%,+26.16%,0.6308,83,✗ No,budget_exceeded
7,335,314,01-01,+100.0%,+26.16%,0.6308,83,✗ No,budget_exceeded
7,335,314,01-01,+100.0%,+26.16%,0.6308,83,✗ No,budget_exceeded
7,335,314,01-01,+100.0%,+24.23%,0.6211,87,✓ Yes,budget_exceeded
7,335,314,01-01,+100.0%,+24.23%,0.6211,87,✓ Yes,budget_exceeded
7,335,315,01-01,+100.0%,+24.23%,0.6211,87,✓ Yes,budget_exceeded
7,335,315,01-01,+100.0%,+13.14%,0.5657,95,✗ No,completed
7,335,315,01-01,+100.0%,+13.14%,0.5657,95,✗ No,completed
7,335,316,01-01,+100.0%,+13.14%,0.5657,95,✗ No,completed
7,335,316,01-01,+100.0%,+13.14%,0.5657,95,✗ No,completed
7,335,316,01-01,+99.3%,+12.96%,0.5648,98,✓ Yes,completed
7,335,317,01-01,+99.3%,+12.96%,0.5648,98,✓ Yes,completed
7,335,317,01-01,+99.3%,+12.96%,0.5648,98,✓ Yes,completed
7,335,317,01-01,+98.8%,+12.85%,0.5643,99,✓ Yes,completed
7,335,317,01-01,+98.8%,+12.85%,0.5643,99,✓ Yes,completed
7,335,318,01-01,+98.8%,+12.85%,0.5643,99,✓ Yes,completed
7,335,318,01-01,+98.2%,+12.64%,0.5632,99,✓ Yes,completed
7,335,318,01-01,+98.2%,+12.64%,0.5632,99,✓ Yes,completed
7,335,319,01-01,+98.2%,+12.64%,0.5632,99,✓ Yes,completed
7,335,319,01-01,+98.2%,+12.64%,0.5632,99,✓ Yes,completed
7,335,319,01-01,+97.4%,+12.42%,0.5621,102,✓ Yes,completed
7,335,320,01-01,+97.4%,+12.42%,0.5621,102,✓ Yes,completed
7,335,320,01-01,+97.4%,+12.42%,0.5621,102,✓ Yes,completed
7,335,320,01-01,+96.5%,+12.23%,0.5612,104,✓ Yes,completed
7,335,320,01-01,+96.5%,+12.23%,0.5612,104,✓ Yes,completed
7,335,321,01-01,+96.5%,+12.23%,0.5612,104,✓ Yes,completed
7,335,321,01-01,+95.8%,+12.05%,0.5603,107,✓ Yes,completed
7,335,321,01-01,+95.8%,+12.05%,0.5603,107,✓ Yes,completed
7,335,322,01-01,+95.8%,+12.05%,0.5603,107,✓ Yes,completed
7,335,322,01-01,+95.8%,+12.05%,0.5603,107,✓ Yes,completed
7,335,322,01-01,+95.3%,+11.90%,0.5595,110,✓ Yes,completed
7,335,323,01-01,+95.3%,+11.90%,0.5595,110,✓ Yes,completed
7,335,323,01-01,+95.3%,+11.90%,0.5595,110,✓ Yes,completed
7,335,323,01-01,+94.6%,+11.84%,0.5592,111,✓ Yes,completed
7,335,324,01-01,+94.6%,+11.84%,0.5592,111,✓ Yes,completed
7,335,324,01-01,+94.6%,+11.84%,0.5592,111,✓ Yes,completed
7,335,324,01-01,+94.2%,+11.77%,0.5588,112,✓ Yes,completed
7,335,324,01-01,+94.2%,+11.77%,0.5588,112,✓ Yes,completed
7,335,325,01-01,+94.2%,+11.77%,0.5588,112,✓ Yes,completed
7,335,325,01-01,+93.1%,+11.74%,0.5587,116,✓ Yes,completed
7,335,325,01-01,+93.1%,+11.74%,0.5587,116,✓ Yes,completed
7,335,326,01-01,+93.1%,+11.74%,0.5587,116,✓ Yes,completed
7,335,326,01-01,+93.1%,+11.74%,0.5587,116,✓ Yes,completed
7,335,326,01-01,+92.1%,+11.54%,0.5577,116,✓ Yes,completed
7,335,327,01-01,+92.1%,+11.54%,0.5577,116,✓ Yes,completed
7,335,327,01-01,+92.1%,+11.54%,0.5577,116,✓ Yes,completed
7,335,327,01-01,+90.8%,+11.44%,0.5572,119,✓ Yes,completed
7,335,327,01-01,+90.8%,+11.44%,0.5572,119,✓ Yes,completed
7,335,328,01-01,+90.8%,+11.44%,0.5572,119,✓ Yes,completed
7,335,328,01-01,+90.0%,+11.42%,0.5571,121,✓ Yes,completed
7,335,328,01-01,+90.0%,+11.42%,0.5571,121,✓ Yes,completed
7,335,329,01-01,+90.0%,+11.42%,0.5571,121,✓ Yes,completed
7,335,329,01-01,+90.0%,+11.42%,0.5571,121,✓ Yes,completed
7,335,329,01-01,+89.2%,+11.32%,0.5566,125,✓ Yes,completed
7,335,330,01-01,+89.2%,+11.32%,0.5566,125,✓ Yes,completed
7,335,330,01-01,+89.2%,+11.32%,0.5566,125,✓ Yes,completed
7,335,330,01-01,+88.4%,+11.13%,0.5557,129,✓ Yes,completed
7,335,330,01-01,+88.4%,+11.13%,0.5557,129,✓ Yes,completed
7,335,331,01-01,+88.4%,+11.13%,0.5557,129,✓ Yes,completed
7,335,331,01-01,+87.5%,+11.12%,0.5556,131,✓ Yes,completed
7,335,331,01-01,+87.5%,+11.12%,0.5556,131,✓ Yes,completed
7,335,332,01-01,+87.5%,+11.12%,0.5556,131,✓ Yes,completed
7,335,332,01-01,+87.5%,+11.12%,0.5556,131,✓ Yes,completed
7,335,332,01-01,+86.5%,+10.80%,0.5540,137,✓ Yes,completed
7,335,333,01-01,+86.5%,+10.80%,0.5540,137,✓ Yes,completed
7,335,333,01-01,+86.5%,+10.80%,0.5540,137,✓ Yes,completed
7,335,333,01-01,+85.9%,+10.78%,0.5539,142,✓ Yes,completed
7,335,334,01-01,+85.9%,+10.78%,0.5539,142,✓ Yes,completed
7,335,334,01-01,+85.9%,+10.78%,0.5539,142,✓ Yes,completed
7,335,334,01-01,+85.3%,+10.55%,0.5528,148,✓ Yes,completed
7,335,334,01-01,+85.3%,+10.55%,0.5528,148,✓ Yes,completed
7,335,335,01-01,+85.3%,+10.55%,0.5528,148,✓ Yes,completed
7,335,335,01-01,+84.6%,+10.43%,0.5522,162,✓ Yes,completed
7,335,335,01-01,+84.6%,+10.43%,0.5522,162,✓ Yes,completed
7,336,296,01-01,+100.0%,+44.90%,0.7245,47,✗ No,budget_exceeded
7,336,297,01-01,+100.0%,+44.90%,0.7245,47,✗ No,budget_exceeded
7,336,297,01-01,+100.0%,+44.90%,0.7245,47,✗ No,budget_exceeded
7,336,297,01-01,+100.0%,+44.78%,0.7239,47,✗ No,budget_exceeded
7,336,297,01-01,+100.0%,+44.78%,0.7239,47,✗ No,budget_exceeded
7,336,298,01-01,+100.0%,+44.78%,0.7239,47,✗ No,budget_exceeded
7,336,298,01-01,+100.0%,+44.68%,0.7234,47,✗ No,budget_exceeded
7,336,298,01-01,+100.0%,+44.68%,0.7234,47,✗ No,budget_exceeded
7,336,299,01-01,+100.0%,+44.68%,0.7234,47,✗ No,budget_exceeded
7,336,299,01-01,+100.0%,+44.51%,0.7225,47,✗ No,budget_exceeded
7,336,299,01-01,+100.0%,+44.51%,0.7225,47,✗ No,budget_exceeded
7,336,300,01-01,+100.0%,+44.51%,0.7225,47,✗ No,budget_exceeded
7,336,300,01-01,+100.0%,+44.51%,0.7225,47,✗ No,budget_exceeded
7,336,300,01-01,+100.0%,+43.19%,0.7160,50,✗ No,budget_exceeded
7,336,301,01-01,+100.0%,+43.19%,0.7160,50,✗ No,budget_exceeded
7,336,301,01-01,+100.0%,+43.19%,0.7160,50,✗ No,budget_exceeded
7,336,301,01-01,+100.0%,+41.64%,0.7082,51,✗ No,budget_exceeded
7,336,301,01-01,+100.0%,+41.64%,0.7082,51,✗ No,budget_exceeded
7,336,302,01-01,+100.0%,+41.64%,0.7082,51,✗ No,budget_exceeded
7,336,302,01-01,+100.0%,+38.78%,0.6939,52,✓ Yes,budget_exceeded
7,336,302,01-01,+100.0%,+38.78%,0.6939,52,✓ Yes,budget_exceeded
7,336,303,01-01,+100.0%,+38.78%,0.6939,52,✓ Yes,budget_exceeded
7,336,303,01-01,+100.0%,+38.78%,0.6939,52,✓ Yes,budget_exceeded
7,336,303,01-01,+100.0%,+36.30%,0.6815,57,✗ No,budget_exceeded
7,336,304,01-01,+100.0%,+36.30%,0.6815,57,✗ No,budget_exceeded
7,336,304,01-01,+100.0%,+36.30%,0.6815,57,✗ No,budget_exceeded
7,336,304,01-01,+100.0%,+34.80%,0.6740,61,✗ No,budget_exceeded
7,336,304,01-01,+100.0%,+34.80%,0.6740,61,✗ No,budget_exceeded
7,336,305,01-01,+100.0%,+34.80%,0.6740,61,✗ No,budget_exceeded
7,336,305,01-01,+100.0%,+33.60%,0.6680,65,✗ No,budget_exceeded
7,336,305,01-01,+100.0%,+33.60%,0.6680,65,✗ No,budget_exceeded
7,336,306,01-01,+100.0%,+33.60%,0.6680,65,✗ No,budget_exceeded
7,336,306,01-01,+100.0%,+33.60%,0.6680,65,✗ No,budget_exceeded
7,336,306,01-01,+100.0%,+32.80%,0.6640,67,✗ No,budget_exceeded
7,336,307,01-01,+100.0%,+32.80%,0.6640,67,✗ No,budget_exceeded
7,336,307,01-01,+100.0%,+32.80%,0.6640,67,✗ No,budget_exceeded
7,336,307,01-01,+100.0%,+29.50%,0.6475,71,✗ No,budget_exceeded
7,336,308,01-01,+100.0%,+29.50%,0.6475,71,✗ No,budget_exceeded
7,336,308,01-01,+100.0%,+29.50%,0.6475,71,✗ No,budget_exceeded
7,336,308,01-01,+100.0%,+29.41%,0.6471,71,✗ No,budget_exceeded
7,336,308,01-01,+100.0%,+29.41%,0.6471,71,✗ No,budget_exceeded
7,336,309,01-01,+100.0%,+29.41%,0.6471,71,✗ No,budget_exceeded
7,336,309,01-01,+100.0%,+27.84%,0.6392,74,✗ No,budget_exceeded
7,336,309,01-01,+100.0%,+27.84%,0.6392,74,✗ No,budget_exceeded
7,336,310,01-01,+100.0%,+27.84%,0.6392,74,✗ No,budget_exceeded
7,336,310,01-01,+100.0%,+27.84%,0.6392,74,✗ No,budget_exceeded
7,336,310,01-01,+100.0%,+27.41%,0.6370,74,✗ No,budget_exceeded
7,336,311,01-01,+100.0%,+27.41%,0.6370,74,✗ No,budget_exceeded
7,336,311,01-01,+100.0%,+27.41%,0.6370,74,✗ No,budget_exceeded
7,336,311,01-01,+100.0%,+26.59%,0.6330,78,✗ No,budget_exceeded
7,336,311,01-01,+100.0%,+26.59%,0.6330,78,✗ No,budget_exceeded
7,336,312,01-01,+100.0%,+26.59%,0.6330,78,✗ No,budget_exceeded
7,336,312,01-01,+100.0%,+26.15%,0.6307,79,✗ No,budget_exceeded
7,336,312,01-01,+100.0%,+26.15%,0.6307,79,✗ No,budget_exceeded
7,336,313,01-01,+100.0%,+26.15%,0.6307,79,✗ No,budget_exceeded
7,336,313,01-01,+100.0%,+26.15%,0.6307,79,✗ No,budget_exceeded
7,336,313,01-01,+100.0%,+25.75%,0.6288,82,✗ No,budget_exceeded
7,336,314,01-01,+100.0%,+25.75%,0.6288,82,✗ No,budget_exceeded
7,336,314,01-01,+100.0%,+25.75%,0.6288,82,✗ No,budget_exceeded
7,336,314,01-01,+100.0%,+21.93%,0.6096,88,✗ No,budget_exceeded
7,336,314,01-01,+100.0%,+21.93%,0.6096,88,✗ No,budget_exceeded
7,336,315,01-01,+100.0%,+21.93%,0.6096,88,✗ No,budget_exceeded
7,336,315,01-01,+99.8%,+13.05%,0.5652,94,✓ Yes,completed
7,336,315,01-01,+99.8%,+13.05%,0.5652,94,✓ Yes,completed
7,336,316,01-01,+99.8%,+13.05%,0.5652,94,✓ Yes,completed
7,336,316,01-01,+99.8%,+13.05%,0.5652,94,✓ Yes,completed
7,336,316,01-01,+99.1%,+12.90%,0.5645,97,✓ Yes,completed
7,336,317,01-01,+99.1%,+12.90%,0.5645,97,✓ Yes,completed
7,336,317,01-01,+99.1%,+12.90%,0.5645,97,✓ Yes,completed
7,336,317,01-01,+98.5%,+12.78%,0.5639,98,✓ Yes,completed
7,336,318,01-01,+98.5%,+12.78%,0.5639,98,✓ Yes,completed
7,336,318,01-01,+98.5%,+12.78%,0.5639,98,✓ Yes,completed
7,336,318,01-01,+98.0%,+12.53%,0.5626,98,✓ Yes,completed
7,336,318,01-01,+98.0%,+12.53%,0.5626,98,✓ Yes,completed
7,336,319,01-01,+98.0%,+12.53%,0.5626,98,✓ Yes,completed
7,336,319,01-01,+97.2%,+12.37%,0.5618,101,✓ Yes,completed
7,336,319,01-01,+97.2%,+12.37%,0.5618,101,✓ Yes,completed
7,336,320,01-01,+97.2%,+12.37%,0.5618,101,✓ Yes,completed
7,336,320,01-01,+97.2%,+12.37%,0.5618,101,✓ Yes,completed
7,336,320,01-01,+96.2%,+12.14%,0.5607,103,✓ Yes,completed
7,336,321,01-01,+96.2%,+12.14%,0.5607,103,✓ Yes,completed
7,336,321,01-01,+96.2%,+12.14%,0.5607,103,✓ Yes,completed
7,336,321,01-01,+95.4%,+11.93%,0.5596,105,✓ Yes,completed
7,336,321,01-01,+95.4%,+11.93%,0.5596,105,✓ Yes,completed
7,336,322,01-01,+95.4%,+11.93%,0.5596,105,✓ Yes,completed
7,336,322,01-01,+94.9%,+11.89%,0.5594,108,✓ Yes,completed
7,336,322,01-01,+94.9%,+11.89%,0.5594,108,✓ Yes,completed
7,336,323,01-01,+94.9%,+11.89%,0.5594,108,✓ Yes,completed
7,336,323,01-01,+94.9%,+11.89%,0.5594,108,✓ Yes,completed
7,336,323,01-01,+94.3%,+11.77%,0.5588,109,✓ Yes,completed
7,336,324,01-01,+94.3%,+11.77%,0.5588,109,✓ Yes,completed
7,336,324,01-01,+94.3%,+11.77%,0.5588,109,✓ Yes,completed
7,336,324,01-01,+93.8%,+11.75%,0.5588,109,✓ Yes,completed
7,336,324,01-01,+93.8%,+11.75%,0.5588,109,✓ Yes,completed
7,336,325,01-01,+93.8%,+11.75%,0.5588,109,✓ Yes,completed
7,336,325,01-01,+92.7%,+11.62%,0.5581,114,✓ Yes,completed
7,336,325,01-01,+92.7%,+11.62%,0.5581,114,✓ Yes,completed
7,336,326,01-01,+92.7%,+11.62%,0.5581,114,✓ Yes,completed
7,336,326,01-01,+91.7%,+11.46%,0.5573,114,✓ Yes,completed
7,336,326,01-01,+91.7%,+11.46%,0.5573,114,✓ Yes,completed
7,336,327,01-01,+91.7%,+11.46%,0.5573,114,✓ Yes,completed
7,336,327,01-01,+91.7%,+11.46%,0.5573,114,✓ Yes,completed
7,336,327,01-01,+90.3%,+11.46%,0.5573,116,✓ Yes,completed
7,336,328,01-01,+90.3%,+11.46%,0.5573,116,✓ Yes,completed
7,336,328,01-01,+90.3%,+11.46%,0.5573,116,✓ Yes,completed
7,336,328,01-01,+89.7%,+11.39%,0.5570,118,✓ Yes,completed
7,336,328,01-01,+89.7%,+11.39%,0.5570,118,✓ Yes,completed
7,336,329,01-01,+89.7%,+11.39%,0.5570,118,✓ Yes,completed
7,336,329,01-01,+88.7%,+11.19%,0.5560,120,✓ Yes,completed
7,336,329,01-01,+88.7%,+11.19%,0.5560,120,✓ Yes,completed
7,336,330,01-01,+88.7%,+11.19%,0.5560,120,✓ Yes,completed
7,336,330,01-01,+88.7%,+11.19%,0.5560,120,✓ Yes,completed
7,336,330,01-01,+87.6%,+11.15%,0.5558,122,✓ Yes,completed
7,336,331,01-01,+87.6%,+11.15%,0.5558,122,✓ Yes,completed
7,336,331,01-01,+87.6%,+11.15%,0.5558,122,✓ Yes,completed
7,336,331,01-01,+86.9%,+10.84%,0.5542,126,✓ Yes,completed
7,336,331,01-01,+86.9%,+10.84%,0.5542,126,✓ Yes,completed
7,336,332,01-01,+86.9%,+10.84%,0.5542,126,✓ Yes,completed
7,336,332,01-01,+86.0%,+10.80%,0.5540,131,✓ Yes,completed
7,336,332,01-01,+86.0%,+10.80%,0.5540,131,✓ Yes,completed
7,336,333,01-01,+86.0%,+10.80%,0.5540,131,✓ Yes,completed
7,336,333,01-01,+86.0%,+10.80%,0.5540,131,✓ Yes,completed
7,336,333,01-01,+85.5%,+10.67%,0.5534,136,✓ Yes,completed
7,336,334,01-01,+85.5%,+10.67%,0.5534,136,✓ Yes,completed
7,336,334,01-01,+85.5%,+10.67%,0.5534,136,✓ Yes,completed
7,336,334,01-01,+84.8%,+10.48%,0.5524,141,✓ Yes,completed
7,336,335,01-01,+84.8%,+10.48%,0.5524,141,✓ Yes,completed
7,336,335,01-01,+84.8%,+10.48%,0.5524,141,✓ Yes,completed
7,336,335,01-01,+83.7%,+10.43%,0.5521,152,✓ Yes,completed
7,336,335,01-01,+83.7%,+10.43%,0.5521,152,✓ Yes,completed
7,336,336,01-01,+83.7%,+10.43%,0.5521,152,✓ Yes,completed
7,336,336,01-01,+82.8%,+10.29%,0.5515,158,✓ Yes,completed
7,336,336,01-01,+82.8%,+10.29%,0.5515,158,✓ Yes,completed
8,335,297,01-01,+100.0%,+45.23%,0.7261,47,✓ Yes,budget_exceeded
8,335,297,01-01,+100.0%,+45.23%,0.7261,47,✓ Yes,budget_exceeded
8,335,298,01-01,+100.0%,+45.23%,0.7261,47,✓ Yes,budget_exceeded
8,335,298,01-01,+100.0%,+45.23%,0.7261,47,✓ Yes,budget_exceeded
8,335,298,01-01,+100.0%,+45.10%,0.7255,48,✗ No,budget_exceeded
8,335,299,01-01,+100.0%,+45.10%,0.7255,48,✗ No,budget_exceeded
8,335,299,01-01,+100.0%,+45.10%,0.7255,48,✗ No,budget_exceeded
8,335,299,01-01,+100.0%,+44.93%,0.7246,48,✗ No,budget_exceeded
8,335,300,01-01,+100.0%,+44.93%,0.7246,48,✗ No,budget_exceeded
8,335,300,01-01,+100.0%,+44.93%,0.7246,48,✗ No,budget_exceeded
8,335,300,01-01,+100.0%,+44.62%,0.7231,49,✗ No,budget_exceeded
8,335,300,01-01,+100.0%,+44.62%,0.7231,49,✗ No,budget_exceeded
8,335,301,01-01,+100.0%,+44.62%,0.7231,49,✗ No,budget_exceeded
8,335,301,01-01,+100.0%,+43.10%,0.7155,51,✗ No,budget_exceeded
8,335,301,01-01,+100.0%,+43.10%,0.7155,51,✗ No,budget_exceeded
8,335,302,01-01,+100.0%,+43.10%,0.7155,51,✗ No,budget_exceeded
8,335,302,01-01,+100.0%,+43.10%,0.7155,51,✗ No,budget_exceeded
8,335,302,01-01,+100.0%,+41.94%,0.7097,52,✗ No,budget_exceeded
8,335,303,01-01,+100.0%,+41.94%,0.7097,52,✗ No,budget_exceeded
8,335,303,01-01,+100.0%,+41.94%,0.7097,52,✗ No,budget_exceeded
8,335,303,01-01,+100.0%,+37.31%,0.6865,57,✗ No,budget_exceeded
8,335,303,01-01,+100.0%,+37.31%,0.6865,57,✗ No,budget_exceeded
8,335,304,01-01,+100.0%,+37.31%,0.6865,57,✗ No,budget_exceeded
8,335,304,01-01,+100.0%,+35.74%,0.6787,61,✗ No,budget_exceeded
8,335,304,01-01,+100.0%,+35.74%,0.6787,61,✗ No,budget_exceeded
8,335,305,01-01,+100.0%,+35.74%,0.6787,61,✗ No,budget_exceeded
8,335,305,01-01,+100.0%,+35.74%,0.6787,61,✗ No,budget_exceeded
8,335,305,01-01,+100.0%,+34.47%,0.6723,64,✓ Yes,budget_exceeded
8,335,306,01-01,+100.0%,+34.47%,0.6723,64,✓ Yes,budget_exceeded
8,335,306,01-01,+100.0%,+34.47%,0.6723,64,✓ Yes,budget_exceeded
8,335,306,01-01,+100.0%,+33.25%,0.6662,68,✗ No,budget_exceeded
8,335,306,01-01,+100.0%,+33.25%,0.6662,68,✗ No,budget_exceeded
8,335,307,01-01,+100.0%,+33.25%,0.6662,68,✗ No,budget_exceeded
8,335,307,01-01,+100.0%,+32.28%,0.6614,70,✓ Yes,budget_exceeded
8,335,307,01-01,+100.0%,+32.28%,0.6614,70,✓ Yes,budget_exceeded
8,335,308,01-01,+100.0%,+32.28%,0.6614,70,✓ Yes,budget_exceeded
8,335,308,01-01,+100.0%,+32.28%,0.6614,70,✓ Yes,budget_exceeded
8,335,308,01-01,+100.0%,+32.18%,0.6609,71,✗ No,budget_exceeded
8,335,309,01-01,+100.0%,+32.18%,0.6609,71,✗ No,budget_exceeded
8,335,309,01-01,+100.0%,+32.18%,0.6609,71,✗ No,budget_exceeded
8,335,309,01-01,+100.0%,+29.18%,0.6459,73,✗ No,budget_exceeded
8,335,309,01-01,+100.0%,+29.18%,0.6459,73,✗ No,budget_exceeded
8,335,310,01-01,+100.0%,+29.18%,0.6459,73,✗ No,budget_exceeded
8,335,310,01-01,+100.0%,+27.85%,0.6393,75,✗ No,budget_exceeded
8,335,310,01-01,+100.0%,+27.85%,0.6393,75,✗ No,budget_exceeded
8,335,311,01-01,+100.0%,+27.85%,0.6393,75,✗ No,budget_exceeded
8,335,311,01-01,+100.0%,+27.85%,0.6393,75,✗ No,budget_exceeded
8,335,311,01-01,+100.0%,+27.48%,0.6374,78,✗ No,budget_exceeded
8,335,312,01-01,+100.0%,+27.48%,0.6374,78,✗ No,budget_exceeded
8,335,312,01-01,+100.0%,+27.48%,0.6374,78,✗ No,budget_exceeded
8,335,312,01-01,+100.0%,+26.56%,0.6328,80,✗ No,budget_exceeded
8,335,312,01-01,+100.0%,+26.56%,0.6328,80,✗ No,budget_exceeded
8,335,313,01-01,+100.0%,+26.56%,0.6328,80,✗ No,budget_exceeded
8,335,313,01-01,+100.0%,+26.16%,0.6308,83,✗ No,budget_exceeded
8,335,313,01-01,+100.0%,+26.16%,0.6308,83,✗ No,budget_exceeded
8,335,314,01-01,+100.0%,+26.16%,0.6308,83,✗ No,budget_exceeded
8,335,314,01-01,+100.0%,+26.16%,0.6308,83,✗ No,budget_exceeded
8,335,314,01-01,+100.0%,+24.23%,0.6211,87,✓ Yes,budget_exceeded
8,335,315,01-01,+100.0%,+24.23%,0.6211,87,✓ Yes,budget_exceeded
8,335,315,01-01,+100.0%,+24.23%,0.6211,87,✓ Yes,budget_exceeded
8,335,315,01-01,+100.0%,+13.14%,0.5657,95,✗ No,completed
8,335,316,01-01,+100.0%,+13.14%,0.5657,95,✗ No,completed
8,335,316,01-01,+100.0%,+13.14%,0.5657,95,✗ No,completed
8,335,316,01-01,+99.3%,+12.96%,0.5648,98,✓ Yes,completed
8,335,316,01-01,+99.3%,+12.96%,0.5648,98,✓ Yes,completed
8,335,317,01-01,+99.3%,+12.96%,0.5648,98,✓ Yes,completed
8,335,317,01-01,+98.8%,+12.85%,0.5643,99,✓ Yes,completed
8,335,317,01-01,+98.8%,+12.85%,0.5643,99,✓ Yes,completed
8,335,318,01-01,+98.8%,+12.85%,0.5643,99,✓ Yes,completed
8,335,318,01-01,+98.8%,+12.85%,0.5643,99,✓ Yes,completed
8,335,318,01-01,+98.2%,+12.64%,0.5632,99,✓ Yes,completed
8,335,319,01-01,+98.2%,+12.64%,0.5632,99,✓ Yes,completed
8,335,319,01-01,+98.2%,+12.64%,0.5632,99,✓ Yes,completed
8,335,319,01-01,+97.4%,+12.42%,0.5621,102,✓ Yes,completed
8,335,319,01-01,+97.4%,+12.42%,0.5621,102,✓ Yes,completed
8,335,320,01-01,+97.4%,+12.42%,0.5621,102,✓ Yes,completed
8,335,320,01-01,+96.5%,+12.23%,0.5612,104,✓ Yes,completed
8,335,320,01-01,+96.5%,+12.23%,0.5612,104,✓ Yes,completed
8,335,321,01-01,+96.5%,+12.23%,0.5612,104,✓ Yes,completed
8,335,321,01-01,+96.5%,+12.23%,0.5612,104,✓ Yes,completed
8,335,321,01-01,+95.8%,+12.05%,0.5603,107,✓ Yes,completed
8,335,322,01-01,+95.8%,+12.05%,0.5603,107,✓ Yes,completed
8,335,322,01-01,+95.8%,+12.05%,0.5603,107,✓ Yes,completed
8,335,322,01-01,+95.3%,+11.90%,0.5595,110,✓ Yes,completed
8,335,322,01-01,+95.3%,+11.90%,0.5595,110,✓ Yes,completed
8,335,323,01-01,+95.3%,+11.90%,0.5595,110,✓ Yes,completed
8,335,323,01-01,+94.6%,+11.84%,0.5592,111,✓ Yes,completed
8,335,323,01-01,+94.6%,+11.84%,0.5592,111,✓ Yes,completed
8,335,324,01-01,+94.6%,+11.84%,0.5592,111,✓ Yes,completed
8,335,324,01-01,+94.6%,+11.84%,0.5592,111,✓ Yes,completed
8,335,324,01-01,+94.2%,+11.77%,0.5588,112,✓ Yes,completed
8,335,325,01-01,+94.2%,+11.77%,0.5588,112,✓ Yes,completed
8,335,325,01-01,+94.2%,+11.77%,0.5588,112,✓ Yes,completed
8,335,325,01-01,+93.1%,+11.74%,0.5587,116,✓ Yes,completed
8,335,325,01-01,+93.1%,+11.74%,0.5587,116,✓ Yes,completed
8,335,326,01-01,+93.1%,+11.74%,0.5587,116,✓ Yes,completed
8,335,326,01-01,+92.1%,+11.54%,0.5577,116,✓ Yes,completed
8,335,326,01-01,+92.1%,+11.54%,0.5577,116,✓ Yes,completed
8,335,327,01-01,+92.1%,+11.54%,0.5577,116,✓ Yes,completed
8,335,327,01-01,+92.1%,+11.54%,0.5577,116,✓ Yes,completed
8,335,327,01-01,+90.8%,+11.44%,0.5572,119,✓ Yes,completed
8,335,328,01-01,+90.8%,+11.44%,0.5572,119,✓ Yes,completed
8,335,328,01-01,+90.8%,+11.44%,0.5572,119,✓ Yes,completed
8,335,328,01-01,+90.0%,+11.42%,0.5571,121,✓ Yes,completed
8,335,328,01-01,+90.0%,+11.42%,0.5571,121,✓ Yes,completed
8,335,329,01-01,+90.0%,+11.42%,0.5571,121,✓ Yes,completed
8,335,329,01-01,+89.2%,+11.32%,0.5566,125,✓ Yes,completed
8,335,329,01-01,+89.2%,+11.32%,0.5566,125,✓ Yes,completed
8,335,330,01-01,+89.2%,+11.32%,0.5566,125,✓ Yes,completed
8,335,330,01-01,+89.2%,+11.32%,0.5566,125,✓ Yes,completed
8,335,330,01-01,+88.4%,+11.13%,0.5557,129,✓ Yes,completed
8,335,331,01-01,+88.4%,+11.13%,0.5557,129,✓ Yes,completed
8,335,331,01-01,+88.4%,+11.13%,0.5557,129,✓ Yes,completed
8,335,331,01-01,+87.5%,+11.12%,0.5556,131,✓ Yes,completed
8,335,332,01-01,+87.5%,+11.12%,0.5556,131,✓ Yes,completed
8,335,332,01-01,+87.5%,+11.12%,0.5556,131,✓ Yes,completed
8,335,332,01-01,+86.5%,+10.80%,0.5540,137,✓ Yes,completed
8,335,332,01-01,+86.5%,+10.80%,0.5540,137,✓ Yes,completed
8,335,333,01-01,+86.5%,+10.80%,0.5540,137,✓ Yes,completed
8,335,333,01-01,+85.9%,+10.78%,0.5539,142,✓ Yes,completed
8,335,333,01-01,+85.9%,+10.78%,0.5539,142,✓ Yes,completed
8,335,334,01-01,+85.9%,+10.78%,0.5539,142,✓ Yes,completed
8,335,334,01-01,+85.9%,+10.78%,0.5539,142,✓ Yes,completed
8,335,334,01-01,+85.3%,+10.55%,0.5528,148,✓ Yes,completed
8,335,335,01-01,+85.3%,+10.55%,0.5528,148,✓ Yes,completed
8,335,335,01-01,+85.3%,+10.55%,0.5528,148,✓ Yes,completed
8,335,335,01-01,+84.6%,+10.43%,0.5522,162,✓ Yes,completed
8,336,297,01-01,+100.0%,+44.78%,0.7239,47,✗ No,budget_exceeded
8,336,297,01-01,+100.0%,+44.78%,0.7239,47,✗ No,budget_exceeded
8,336,298,01-01,+100.0%,+44.78%,0.7239,47,✗ No,budget_exceeded
8,336,298,01-01,+100.0%,+44.78%,0.7239,47,✗ No,budget_exceeded
8,336,298,01-01,+100.0%,+44.68%,0.7234,47,✗ No,budget_exceeded
8,336,299,01-01,+100.0%,+44.68%,0.7234,47,✗ No,budget_exceeded
8,336,299,01-01,+100.0%,+44.68%,0.7234,47,✗ No,budget_exceeded
8,336,299,01-01,+100.0%,+44.51%,0.7225,47,✗ No,budget_exceeded
8,336,300,01-01,+100.0%,+44.51%,0.7225,47,✗ No,budget_exceeded
8,336,300,01-01,+100.0%,+44.51%,0.7225,47,✗ No,budget_exceeded
8,336,300,01-01,+100.0%,+43.19%,0.7160,50,✗ No,budget_exceeded
8,336,300,01-01,+100.0%,+43.19%,0.7160,50,✗ No,budget_exceeded
8,336,301,01-01,+100.0%,+43.19%,0.7160,50,✗ No,budget_exceeded
8,336,301,01-01,+100.0%,+41.64%,0.7082,51,✗ No,budget_exceeded
8,336,301,01-01,+100.0%,+41.64%,0.7082,51,✗ No,budget_exceeded
8,336,302,01-01,+100.0%,+41.64%,0.7082,51,✗ No,budget_exceeded
8,336,302,01-01,+100.0%,+41.64%,0.7082,51,✗ No,budget_exceeded
8,336,302,01-01,+100.0%,+38.78%,0.6939,52,✓ Yes,budget_exceeded
8,336,303,01-01,+100.0%,+38.78%,0.6939,52,✓ Yes,budget_exceeded
8,336,303,01-01,+100.0%,+38.78%,0.6939,52,✓ Yes,budget_exceeded
8,336,303,01-01,+100.0%,+36.30%,0.6815,57,✗ No,budget_exceeded
8,336,303,01-01,+100.0%,+36.30%,0.6815,57,✗ No,budget_exceeded
8,336,304,01-01,+100.0%,+36.30%,0.6815,57,✗ No,budget_exceeded
8,336,304,01-01,+100.0%,+34.80%,0.6740,61,✗ No,budget_exceeded
8,336,304,01-01,+100.0%,+34.80%,0.6740,61,✗ No,budget_exceeded
8,336,305,01-01,+100.0%,+34.80%,0.6740,61,✗ No,budget_exceeded
8,336,305,01-01,+100.0%,+34.80%,0.6740,61,✗ No,budget_exceeded
8,336,305,01-01,+100.0%,+33.60%,0.6680,65,✗ No,budget_exceeded
8,336,306,01-01,+100.0%,+33.60%,0.6680,65,✗ No,budget_exceeded
8,336,306,01-01,+100.0%,+33.60%,0.6680,65,✗ No,budget_exceeded
8,336,306,01-01,+100.0%,+32.80%,0.6640,67,✗ No,budget_exceeded
8,336,306,01-01,+100.0%,+32.80%,0.6640,67,✗ No,budget_exceeded
8,336,307,01-01,+100.0%,+32.80%,0.6640,67,✗ No,budget_exceeded
8,336,307,01-01,+100.0%,+29.50%,0.6475,71,✗ No,budget_exceeded
8,336,307,01-01,+100.0%,+29.50%,0.6475,71,✗ No,budget_exceeded
8,336,308,01-01,+100.0%,+29.50%,0.6475,71,✗ No,budget_exceeded
8,336,308,01-01,+100.0%,+29.50%,0.6475,71,✗ No,budget_exceeded
8,336,308,01-01,+100.0%,+29.41%,0.6471,71,✗ No,budget_exceeded
8,336,309,01-01,+100.0%,+29.41%,0.6471,71,✗ No,budget_exceeded
8,336,309,01-01,+100.0%,+29.41%,0.6471,71,✗ No,budget_exceeded
8,336,309,01-01,+100.0%,+27.84%,0.6392,74,✗ No,budget_exceeded
8,336,310,01-01,+100.0%,+27.84%,0.6392,74,✗ No,budget_exceeded
8,336,310,01-01,+100.0%,+27.84%,0.6392,74,✗ No,budget_exceeded
8,336,310,01-01,+100.0%,+27.41%,0.6370,74,✗ No,budget_exceeded
8,336,310,01-01,+100.0%,+27.41%,0.6370,74,✗ No,budget_exceeded
8,336,311,01-01,+100.0%,+27.41%,0.6370,74,✗ No,budget_exceeded
8,336,311,01-01,+100.0%,+26.59%,0.6330,78,✗ No,budget_exceeded
8,336,311,01-01,+100.0%,+26.59%,0.6330,78,✗ No,budget_exceeded
8,336,312,01-01,+100.0%,+26.59%,0.6330,78,✗ No,budget_exceeded
8,336,312,01-01,+100.0%,+26.59%,0.6330,78,✗ No,budget_exceeded
8,336,312,01-01,+100.0%,+26.15%,0.6307,79,✗ No,budget_exceeded
8,336,313,01-01,+100.0%,+26.15%,0.6307,79,✗ No,budget_exceeded
8,336,313,01-01,+100.0%,+26.15%,0.6307,79,✗ No,budget_exceeded
8,336,313,01-01,+100.0%,+25.75%,0.6288,82,✗ No,budget_exceeded
8,336,313,01-01,+100.0%,+25.75%,0.6288,82,✗ No,budget_exceeded
8,336,314,01-01,+100.0%,+25.75%,0.6288,82,✗ No,budget_exceeded
8,336,314,01-01,+100.0%,+21.93%,0.6096,88,✗ No,budget_exceeded
8,336,314,01-01,+100.0%,+21.93%,0.6096,88,✗ No,budget_exceeded
8,336,315,01-01,+100.0%,+21.93%,0.6096,88,✗ No,budget_exceeded
8,336,315,01-01,+100.0%,+21.93%,0.6096,88,✗ No,budget_exceeded
8,336,315,01-01,+99.8%,+13.05%,0.5652,94,✓ Yes,completed
8,336,316,01-01,+99.8%,+13.05%,0.5652,94,✓ Yes,completed
8,336,316,01-01,+99.8%,+13.05%,0.5652,94,✓ Yes,completed
8,336,316,01-01,+99.1%,+12.90%,0.5645,97,✓ Yes,completed
8,336,316,01-01,+99.1%,+12.90%,0.5645,97,✓ Yes,completed
8,336,317,01-01,+99.1%,+12.90%,0.5645,97,✓ Yes,completed
8,336,317,01-01,+98.5%,+12.78%,0.5639,98,✓ Yes,completed
8,336,317,01-01,+98.5%,+12.78%,0.5639,98,✓ Yes,completed
8,336,318,01-01,+98.5%,+12.78%,0.5639,98,✓ Yes,completed
8,336,318,01-01,+98.5%,+12.78%,0.5639,98,✓ Yes,completed
8,336,318,01-01,+98.0%,+12.53%,0.5626,98,✓ Yes,completed
8,336,319,01-01,+98.0%,+12.53%,0.5626,98,✓ Yes,completed
8,336,319,01-01,+98.0%,+12.53%,0.5626,98,✓ Yes,completed
8,336,319,01-01,+97.2%,+12.37%,0.5618,101,✓ Yes,completed
8,336,319,01-01,+97.2%,+12.37%,0.5618,101,✓ Yes,completed
8,336,320,01-01,+97.2%,+12.37%,0.5618,101,✓ Yes,completed
8,336,320,01-01,+96.2%,+12.14%,0.5607,103,✓ Yes,completed
8,336,320,01-01,+96.2%,+12.14%,0.5607,103,✓ Yes,completed
8,336,321,01-01,+96.2%,+12.14%,0.5607,103,✓ Yes,completed
8,336,321,01-01,+96.2%,+12.14%,0.5607,103,✓ Yes,completed
8,336,321,01-01,+95.4%,+11.93%,0.5596,105,✓ Yes,completed
8,336,322,01-01,+95.4%,+11.93%,0.5596,105,✓ Yes,completed
8,336,322,01-01,+95.4%,+11.93%,0.5596,105,✓ Yes,completed
8,336,322,01-01,+94.9%,+11.89%,0.5594,108,✓ Yes,completed
8,336,323,01-01,+94.9%,+11.89%,0.5594,108,✓ Yes,completed
8,336,323,01-01,+94.9%,+11.89%,0.5594,108,✓ Yes,completed
8,336,323,01-01,+94.3%,+11.77%,0.5588,109,✓ Yes,completed
8,336,323,01-01,+94.3%,+11.77%,0.5588,109,✓ Yes,completed
8,336,324,01-01,+94.3%,+11.77%,0.5588,109,✓ Yes,completed
8,336,324,01-01,+93.8%,+11.75%,0.5588,109,✓ Yes,completed
8,336,324,01-01,+93.8%,+11.75%,0.5588,109,✓ Yes,completed
8,336,325,01-01,+93.8%,+11.75%,0.5588,109,✓ Yes,completed
8,336,325,01-01,+93.8%,+11.75%,0.5588,109,✓ Yes,completed
8,336,325,01-01,+92.7%,+11.62%,0.5581,114,✓ Yes,completed
8,336,326,01-01,+92.7%,+11.62%,0.5581,114,✓ Yes,completed
8,336,326,01-01,+92.7%,+11.62%,0.5581,114,✓ Yes,completed
8,336,326,01-01,+91.7%,+11.46%,0.5573,114,✓ Yes,completed
8,336,326,01-01,+91.7%,+11.46%,0.5573,114,✓ Yes,completed
8,336,327,01-01,+91.7%,+11.46%,0.5573,114,✓ Yes,completed
8,336,327,01-01,+90.3%,+11.46%,0.5573,116,✓ Yes,completed
8,336,327,01-01,+90.3%,+11.46%,0.5573,116,✓ Yes,completed
8,336,328,01-01,+90.3%,+11.46%,0.5573,116,✓ Yes,completed
8,336,328,01-01,+90.3%,+11.46%,0.5573,116,✓ Yes,completed
8,336,328,01-01,+89.7%,+11.39%,0.5570,118,✓ Yes,completed
8,336,329,01-01,+89.7%,+11.39%,0.5570,118,✓ Yes,completed
8,336,329,01-01,+89.7%,+11.39%,0.5570,118,✓ Yes,completed
8,336,329,01-01,+88.7%,+11.19%,0.5560,120,✓ Yes,completed
8,336,329,01-01,+88.7%,+11.19%,0.5560,120,✓ Yes,completed
8,336,330,01-01,+88.7%,+11.19%,0.5560,120,✓ Yes,completed
8,336,330,01-01,+87.6%,+11.15%,0.5558,122,✓ Yes,completed
8,336,330,01-01,+87.6%,+11.15%,0.5558,122,✓ Yes,completed
8,336,331,01-01,+87.6%,+11.15%,0.5558,122,✓ Yes,completed
8,336,331,01-01,+87.6%,+11.15%,0.5558,122,✓ Yes,completed
8,336,331,01-01,+86.9%,+10.84%,0.5542,126,✓ Yes,completed
8,336,332,01-01,+86.9%,+10.84%,0.5542,126,✓ Yes,completed
8,336,332,01-01,+86.9%,+10.84%,0.5542,126,✓ Yes,completed
8,336,332,01-01,+86.0%,+10.80%,0.5540,131,✓ Yes,completed
8,336,333,01-01,+86.0%,+10.80%,0.5540,131,✓ Yes,completed
8,336,333,01-01,+86.0%,+10.80%,0.5540,131,✓ Yes,completed
8,336,333,01-01,+85.5%,+10.67%,0.5534,136,✓ Yes,completed
8,336,333,01-01,+85.5%,+10.67%,0.5534,136,✓ Yes,completed
8,336,334,01-01,+85.5%,+10.67%,0.5534,136,✓ Yes,completed
8,336,334,01-01,+84.8%,+10.48%,0.5524,141,✓ Yes,completed
8,336,334,01-01,+84.8%,+10.48%,0.5524,141,✓ Yes,completed
8,336,335,01-01,+84.8%,+10.48%,0.5524,141,✓ Yes,completed
8,336,335,01-01,+84.8%,+10.48%,0.5524,141,✓ Yes,completed
8,336,335,01-01,+83.7%,+10.43%,0.5521,152,✓ Yes,completed
8,336,336,01-01,+83.7%,+10.43%,0.5521,152,✓ Yes,completed
8,336,336,01-01,+83.7%,+10.43%,0.5521,152,✓ Yes,completed
8,336,336,01-01,+82.8%,+10.29%,0.5515,158,✓ Yes,completed
9,336,297,01-01,+100.0%,+45.23%,0.7261,47,✓ Yes,budget_exceeded
9,336,298,01-01,+100.0%,+45.23%,0.7261,47,✓ Yes,budget_exceeded
9,336,298,01-01,+100.0%,+45.10%,0.7255,48,✗ No,budget_exceeded
9,336,298,01-01,+100.0%,+45.10%,0.7255,48,✗ No,budget_exceeded
9,336,299,01-01,+100.0%,+45.10%,0.7255,48,✗ No,budget_exceeded
9,336,299,01-01,+100.0%,+45.10%,0.7255,48,✗ No,budget_exceeded
9,336,299,01-01,+100.0%,+44.93%,0.7246,48,✗ No,budget_exceeded
9,336,300,01-01,+100.0%,+44.93%,0.7246,48,✗ No,budget_exceeded
9,336,300,01-01,+100.0%,+44.93%,0.7246,48,✗ No,budget_exceeded
9,336,300,01-01,+100.0%,+44.62%,0.7231,49,✗ No,budget_exceeded
9,336,300,01-01,+100.0%,+44.62%,0.7231,49,✗ No,budget_exceeded
9,336,301,01-01,+100.0%,+44.62%,0.7231,49,✗ No,budget_exceeded
9,336,301,01-01,+100.0%,+43.10%,0.7155,51,✗ No,budget_exceeded
9,336,301,01-01,+100.0%,+43.10%,0.7155,51,✗ No,budget_exceeded
9,336,302,01-01,+100.0%,+43.10%,0.7155,51,✗ No,budget_exceeded
9,336,302,01-01,+100.0%,+43.10%,0.7155,51,✗ No,budget_exceeded
9,336,302,01-01,+100.0%,+41.94%,0.7097,52,✗ No,budget_exceeded
9,336,303,01-01,+100.0%,+41.94%,0.7097,52,✗ No,budget_exceeded
9,336,303,01-01,+100.0%,+41.94%,0.7097,52,✗ No,budget_exceeded
9,336,303,01-01,+100.0%,+37.31%,0.6865,57,✗ No,budget_exceeded
9,336,304,01-01,+100.0%,+37.31%,0.6865,57,✗ No,budget_exceeded
9,336,304,01-01,+100.0%,+37.31%,0.6865,57,✗ No,budget_exceeded
9,336,304,01-01,+100.0%,+35.74%,0.6787,61,✗ No,budget_exceeded
9,336,304,01-01,+100.0%,+35.74%,0.6787,61,✗ No,budget_exceeded
9,336,305,01-01,+100.0%,+35.74%,0.6787,61,✗ No,budget_exceeded
9,336,305,01-01,+100.0%,+34.47%,0.6723,64,✓ Yes,budget_exceeded
9,336,305,01-01,+100.0%,+34.47%,0.6723,64,✓ Yes,budget_exceeded
9,336,306,01-01,+100.0%,+34.47%,0.6723,64,✓ Yes,budget_exceeded
9,336,306,01-01,+100.0%,+34.47%,0.6723,64,✓ Yes,budget_exceeded
9,336,306,01-01,+100.0%,+33.25%,0.6662,68,✗ No,budget_exceeded
9,336,307,01-01,+100.0%,+33.25%,0.6662,68,✗ No,budget_exceeded
9,336,307,01-01,+100.0%,+33.25%,0.6662,68,✗ No,budget_exceeded
9,336,307,01-01,+100.0%,+32.28%,0.6614,70,✓ Yes,budget_exceeded
9,336,307,01-01,+100.0%,+32.28%,0.6614,70,✓ Yes,budget_exceeded
9,336,308,01-01,+100.0%,+32.28%,0.6614,70,✓ Yes,budget_exceeded
9,336,308,01-01,+100.0%,+32.18%,0.6609,71,✗ No,budget_exceeded
9,336,308,01-01,+100.0%,+32.18%,0.6609,71,✗ No,budget_exceeded
9,336,309,01-01,+100.0%,+32.18%,0.6609,71,✗ No,budget_exceeded
9,336,309,01-01,+100.0%,+32.18%,0.6609,71,✗ No,budget_exceeded
9,336,309,01-01,+100.0%,+29.18%,0.6459,73,✗ No,budget_exceeded
9,336,310,01-01,+100.0%,+29.18%,0.6459,73,✗ No,budget_exceeded
9,336,310,01-01,+100.0%,+29.18%,0.6459,73,✗ No,budget_exceeded
9,336,310,01-01,+100.0%,+27.85%,0.6393,75,✗ No,budget_exceeded
9,336,310,01-01,+100.0%,+27.85%,0.6393,75,✗ No,budget_exceeded
9,336,311,01-01,+100.0%,+27.85%,0.6393,75,✗ No,budget_exceeded
9,336,311,01-01,+100.0%,+27.48%,0.6374,78,✗ No,budget_exceeded
9,336,311,01-01,+100.0%,+27.48%,0.6374,78,✗ No,budget_exceeded
9,336,312,01-01,+100.0%,+27.48%,0.6374,78,✗ No,budget_exceeded
9,336,312,01-01,+100.0%,+27.48%,0.6374,78,✗ No,budget_exceeded
9,336,312,01-01,+100.0%,+26.56%,0.6328,80,✗ No,budget_exceeded
9,336,313,01-01,+100.0%,+26.56%,0.6328,80,✗ No,budget_exceeded
9,336,313,01-01,+100.0%,+26.56%,0.6328,80,✗ No,budget_exceeded
9,336,313,01-01,+100.0%,+26.16%,0.6308,83,✗ No,budget_exceeded
9,336,313,01-01,+100.0%,+26.16%,0.6308,83,✗ No,budget_exceeded
9,336,314,01-01,+100.0%,+26.16%,0.6308,83,✗ No,budget_exceeded
9,336,314,01-01,+100.0%,+24.23%,0.6211,87,✓ Yes,budget_exceeded
9,336,314,01-01,+100.0%,+24.23%,0.6211,87,✓ Yes,budget_exceeded
9,336,315,01-01,+100.0%,+24.23%,0.6211,87,✓ Yes,budget_exceeded
9,336,315,01-01,+100.0%,+24.23%,0.6211,87,✓ Yes,budget_exceeded
9,336,315,01-01,+100.0%,+13.14%,0.5657,95,✗ No,completed
9,336,316,01-01,+100.0%,+13.14%,0.5657,95,✗ No,completed
9,336,316,01-01,+100.0%,+13.14%,0.5657,95,✗ No,completed
9,336,316,01-01,+99.3%,+12.96%,0.5648,98,✓ Yes,completed
9,336,316,01-01,+99.3%,+12.96%,0.5648,98,✓ Yes,completed
9,336,317,01-01,+99.3%,+12.96%,0.5648,98,✓ Yes,completed
9,336,317,01-01,+98.8%,+12.85%,0.5643,99,✓ Yes,completed
9,336,317,01-01,+98.8%,+12.85%,0.5643,99,✓ Yes,completed
9,336,318,01-01,+98.8%,+12.85%,0.5643,99,✓ Yes,completed
9,336,318,01-01,+98.8%,+12.85%,0.5643,99,✓ Yes,completed
9,336,318,01-01,+98.2%,+12.64%,0.5632,99,✓ Yes,completed
9,336,319,01-01,+98.2%,+12.64%,0.5632,99,✓ Yes,completed
9,336,319,01-01,+98.2%,+12.64%,0.5632,99,✓ Yes,completed
9,336,319,01-01,+97.4%,+12.42%,0.5621,102,✓ Yes,completed
9,336,320,01-01,+97.4%,+12.42%,0.5621,102,✓ Yes,completed
9,336,320,01-01,+97.4%,+12.42%,0.5621,102,✓ Yes,completed
9,336,320,01-01,+96.5%,+12.23%,0.5612,104,✓ Yes,completed
9,336,320,01-01,+96.5%,+12.23%,0.5612,104,✓ Yes,completed
9,336,321,01-01,+96.5%,+12.23%,0.5612,104,✓ Yes,completed
9,336,321,01-01,+95.8%,+12.05%,0.5603,107,✓ Yes,completed
9,336,321,01-01,+95.8%,+12.05%,0.5603,107,✓ Yes,completed
9,336,322,01-01,+95.8%,+12.05%,0.5603,107,✓ Yes,completed
9,336,322,01-01,+95.8%,+12.05%,0.5603,107,✓ Yes,completed
9,336,322,01-01,+95.3%,+11.90%,0.5595,110,✓ Yes,completed
9,336,323,01-01,+95.3%,+11.90%,0.5595,110,✓ Yes,completed
9,336,323,01-01,+95.3%,+11.90%,0.5595,110,✓ Yes,completed
9,336,323,01-01,+94.6%,+11.84%,0.5592,111,✓ Yes,completed
9,336,323,01-01,+94.6%,+11.84%,0.5592,111,✓ Yes,completed
9,336,324,01-01,+94.6%,+11.84%,0.5592,111,✓ Yes,completed
9,336,324,01-01,+94.2%,+11.77%,0.5588,112,✓ Yes,completed
9,336,324,01-01,+94.2%,+11.77%,0.5588,112,✓ Yes,completed
9,336,325,01-01,+94.2%,+11.77%,0.5588,112,✓ Yes,completed
9,336,325,01-01,+94.2%,+11.77%,0.5588,112,✓ Yes,completed
9,336,325,01-01,+93.1%,+11.74%,0.5587,116,✓ Yes,completed
9,336,326,01-01,+93.1%,+11.74%,0.5587,116,✓ Yes,completed
9,336,326,01-01,+93.1%,+11.74%,0.5587,116,✓ Yes,completed
9,336,326,01-01,+92.1%,+11.54%,0.5577,116,✓ Yes,completed
9,336,326,01-01,+92.1%,+11.54%,0.5577,116,✓ Yes,completed
9,336,327,01-01,+92.1%,+11.54%,0.5577,116,✓ Yes,completed
9,336,327,01-01,+90.8%,+11.44%,0.5572,119,✓ Yes,completed
9,336,327,01-01,+90.8%,+11.44%,0.5572,119,✓ Yes,completed
9,336,328,01-01,+90.8%,+11.44%,0.5572,119,✓ Yes,completed
9,336,328,01-01,+90.8%,+11.44%,0.5572,119,✓ Yes,completed
9,336,328,01-01,+90.0%,+11.42%,0.5571,121,✓ Yes,completed
9,336,329,01-01,+90.0%,+11.42%,0.5571,121,✓ Yes,completed
9,336,329,01-01,+90.0%,+11.42%,0.5571,121,✓ Yes,completed
9,336,329,01-01,+89.2%,+11.32%,0.5566,125,✓ Yes,completed
9,336,329,01-01,+89.2%,+11.32%,0.5566,125,✓ Yes,completed
9,336,330,01-01,+89.2%,+11.32%,0.5566,125,✓ Yes,completed
9,336,330,01-01,+88.4%,+11.13%,0.5557,129,✓ Yes,completed
9,336,330,01-01,+88.4%,+11.13%,0.5557,129,✓ Yes,completed
9,336,331,01-01,+88.4%,+11.13%,0.5557,129,✓ Yes,completed
9,336,331,01-01,+88.4%,+11.13%,0.5557,129,✓ Yes,completed
9,336,331,01-01,+87.5%,+11.12%,0.5556,131,✓ Yes,completed
9,336,332,01-01,+87.5%,+11.12%,0.5556,131,✓ Yes,completed
9,336,332,01-01,+87.5%,+11.12%,0.5556,131,✓ Yes,completed
9,336,332,01-01,+86.5%,+10.80%,0.5540,137,✓ Yes,completed
9,336,332,01-01,+86.5%,+10.80%,0.5540,137,✓ Yes,completed
9,336,333,01-01,+86.5%,+10.80%,0.5540,137,✓ Yes,completed
9,336,333,01-01,+85.9%,+10.78%,0.5539,142,✓ Yes,completed
9,336,333,01-01,+85.9%,+10.78%,0.5539,142,✓ Yes,completed
9,336,334,01-01,+85.9%,+10.78%,0.5539,142,✓ Yes,completed
9,336,334,01-01,+85.9%,+10.78%,0.5539,142,✓ Yes,completed
9,336,334,01-01,+85.3%,+10.55%,0.5528,148,✓ Yes,completed
9,336,335,01-01,+85.3%,+10.55%,0.5528,148,✓ Yes,completed
9,336,335,01-01,+85.3%,+10.55%,0.5528,148,✓ Yes,completed
9,336,335,01-01,+84.6%,+10.43%,0.5522,162,✓ Yes,completed
9,336,336,01-01,+84.6%,+10.43%,0.5522,162,✓ Yes,completed
