Iter,θ_p,θ_r,Start,Overhead %,CO₂ Save %,Score,Pauses,Budget,Stop
0,10,0,01-01,+100.0%,+91.42%,0.9571,1,✗ No,budget_exceeded
0,10,10,01-01,+100.0%,+91.42%,0.9571,1,✗ No,budget_exceeded
0,20,0,01-01,+100.0%,+91.42%,0.9571,1,✗ No,budget_exceeded
0,20,20,01-01,+100.0%,+34.52%,0.6726,54,✗ No,budget_exceeded
0,30,0,01-01,+100.0%,+91.33%,0.9566,1,✗ No,budget_exceeded
0,30,15,01-01,+100.0%,+91.33%,0.9566,1,✗ No,budget_exceeded
0,30,30,01-01,+3.8%,+2.10%,0.5105,14,✓ Yes,completed
0,40,0,01-01,+100.0%,+91.09%,0.9555,1,✗ No,budget_exceeded
0,40,13,01-01,+100.0%,+91.09%,0.9555,1,✗ No,budget_exceeded
0,40,27,01-01,+1.7%,+1.04%,0.5052,2,✓ Yes,completed
0,40,40,01-01,+0.4%,+0.34%,0.5017,2,✓ Yes,completed
0,50,0,01-01,+0.0%,+0.00%,0.5000,0,✓ Yes,completed
0,50,13,01-01,+0.0%,+0.00%,0.5000,0,✓ Yes,completed
0,50,25,01-01,+0.0%,+0.00%,0.5000,0,✓ Yes,completed
0,50,38,01-01,+0.0%,+0.00%,0.5000,0,✓ Yes,completed
0,50,50,01-01,+0.0%,+0.00%,0.5000,0,✓ Yes,completed
0,60,0,01-01,+0.0%,+0.00%,0.5000,0,✓ Yes,completed
0,60,12,01-01,+0.0%,+0.00%,0.5000,0,✓ Yes,completed
0,60,24,01-01,+0.0%,+0.00%,0.5000,0,✓ Yes,completed
0,60,36,01-01,+0.0%,+0.00%,0.5000,0,✓ Yes,completed
0,60,48,01-01,+0.0%,+0.00%,0.5000,0,✓ Yes,completed
0,60,60,01-01,+0.0%,+0.00%,0.5000,0,✓ Yes,completed
0,70,0,01-01,+0.0%,+0.00%,0.5000,0,✓ Yes,completed
0,70,12,01-01,+0.0%,+0.00%,0.5000,0,✓ Yes,completed
0,70,23,01-01,+0.0%,+0.00%,0.5000,0,✓ Yes,completed
0,70,35,01-01,+0.0%,+0.00%,0.5000,0,✓ Yes,completed
0,70,47,01-01,+0.0%,+0.00%,0.5000,0,✓ Yes,completed
0,70,58,01-01,+0.0%,+0.00%,0.5000,0,✓ Yes,completed
0,70,70,01-01,+0.0%,+0.00%,0.5000,0,✓ Yes,completed
0,80,0,01-01,+0.0%,+0.00%,0.5000,0,✓ Yes,completed
0,80,11,01-01,+0.0%,+0.00%,0.5000,0,✓ Yes,completed
0,80,23,01-01,+0.0%,+0.00%,0.5000,0,✓ Yes,completed
0,80,34,01-01,+0.0%,+0.00%,0.5000,0,✓ Yes,completed
0,80,46,01-01,+0.0%,+0.00%,0.5000,0,✓ Yes,completed
0,80,57,01-01,+0.0%,+0.00%,0.5000,0,✓ Yes,completed
0,80,69,01-01,+0.0%,+0.00%,0.5000,0,✓ Yes,completed
0,80,80,01-01,+0.0%,+0.00%,0.5000,0,✓ Yes,completed
0,90,0,01-01,+0.0%,+0.00%,0.5000,0,✓ Yes,completed
0,90,11,01-01,+0.0%,+0.00%,0.5000,0,✓ Yes,completed
0,90,23,01-01,+0.0%,+0.00%,0.5000,0,✓ Yes,completed
0,90,34,01-01,+0.0%,+0.00%,0.5000,0,✓ Yes,completed
0,90,45,01-01,+0.0%,+0.00%,0.5000,0,✓ Yes,completed
0,90,56,01-01,+0.0%,+0.00%,0.5000,0,✓ Yes,completed
0,90,68,01-01,+0.0%,+0.00%,0.5000,0,✓ Yes,completed
0,90,79,01-01,+0.0%,+0.00%,0.5000,0,✓ Yes,completed
0,90,90,01-01,+0.0%,+0.00%,0.5000,0,✓ Yes,completed
0,100,0,01-01,+0.0%,+0.00%,0.5000,0,✓ Yes,completed
0,100,11,01-01,+0.0%,+0.00%,0.5000,0,✓ Yes,completed
0,100,22,01-01,+0.0%,+0.00%,0.5000,0,✓ Yes,completed
0,100,33,01-01,+0.0%,+0.00%,0.5000,0,✓ Yes,completed
0,100,44,01-01,+0.0%,+0.00%,0.5000,0,✓ Yes,completed
0,100,56,01-01,+0.0%,+0.00%,0.5000,0,✓ Yes,completed
0,100,67,01-01,+0.0%,+0.00%,0.5000,0,✓ Yes,completed
0,100,78,01-01,+0.0%,+0.00%,0.5000,0,✓ Yes,completed
0,100,89,01-01,+0.0%,+0.00%,0.5000,0,✓ Yes,completed
0,100,100,01-01,+0.0%,+0.00%,0.5000,0,✓ Yes,completed
0,10,0,03-03,+100.0%,+91.43%,0.9571,1,✗ No,budget_exceeded
0,10,10,03-03,+100.0%,+91.43%,0.9571,1,✗ No,budget_exceeded
0,20,0,03-03,+100.0%,+88.23%,0.9411,1,✗ No,budget_exceeded
0,20,20,03-03,+100.0%,+26.56%,0.6328,81,✗ No,budget_exceeded
0,30,0,03-03,+100.0%,+82.16%,0.9108,1,✗ No,budget_exceeded
0,30,15,03-03,+100.0%,+82.16%,0.9108,1,✗ No,budget_exceeded
0,30,30,03-03,+14.5%,+7.25%,0.5362,39,✓ Yes,completed
0,40,0,03-03,+100.0%,+76.65%,0.8833,1,✗ No,budget_exceeded
0,40,13,03-03,+100.0%,+76.65%,0.8833,1,✗ No,budget_exceeded
0,40,27,03-03,+8.4%,+5.00%,0.5250,18,✓ Yes,completed
0,40,40,03-03,+5.8%,+4.22%,0.5211,19,✓ Yes,completed
0,50,0,03-03,+100.0%,+75.30%,0.8765,1,✗ No,budget_exceeded
0,50,13,03-03,+100.0%,+75.30%,0.8765,1,✗ No,budget_exceeded
0,50,25,03-03,+2.8%,+0.96%,0.5048,6,✓ Yes,completed
0,50,38,03-03,+1.0%,+0.57%,0.5028,5,✓ Yes,completed
0,50,50,03-03,+0.5%,+0.39%,0.5019,6,✓ Yes,completed
0,60,0,03-03,+0.0%,+0.00%,0.5000,0,✓ Yes,completed
0,60,12,03-03,+0.0%,+0.00%,0.5000,0,✓ Yes,completed
0,60,24,03-03,+0.0%,+0.00%,0.5000,0,✓ Yes,completed
0,60,36,03-03,+0.0%,+0.00%,0.5000,0,✓ Yes,completed
0,60,48,03-03,+0.0%,+0.00%,0.5000,0,✓ Yes,completed
0,60,60,03-03,+0.0%,+0.00%,0.5000,0,✓ Yes,completed
0,70,0,03-03,+0.0%,+0.00%,0.5000,0,✓ Yes,completed
0,70,12,03-03,+0.0%,+0.00%,0.5000,0,✓ Yes,completed
0,70,23,03-03,+0.0%,+0.00%,0.5000,0,✓ Yes,completed
0,70,35,03-03,+0.0%,+0.00%,0.5000,0,✓ Yes,completed
0,70,47,03-03,+0.0%,+0.00%,0.5000,0,✓ Yes,completed
0,70,58,03-03,+0.0%,+0.00%,0.5000,0,✓ Yes,completed
0,70,70,03-03,+0.0%,+0.00%,0.5000,0,✓ Yes,completed
0,80,0,03-03,+0.0%,+0.00%,0.5000,0,✓ Yes,completed
0,80,11,03-03,+0.0%,+0.00%,0.5000,0,✓ Yes,completed
0,80,23,03-03,+0.0%,+0.00%,0.5000,0,✓ Yes,completed
0,80,34,03-03,+0.0%,+0.00%,0.5000,0,✓ Yes,completed
0,80,46,03-03,+0.0%,+0.00%,0.5000,0,✓ Yes,completed
0,80,57,03-03,+0.0%,+0.00%,0.5000,0,✓ Yes,completed
0,80,69,03-03,+0.0%,+0.00%,0.5000,0,✓ Yes,completed
0,80,80,03-03,+0.0%,+0.00%,0.5000,0,✓ Yes,completed
0,90,0,03-03,+0.0%,+0.00%,0.5000,0,✓ Yes,completed
0,90,11,03-03,+0.0%,+0.00%,0.5000,0,✓ Yes,completed
0,90,23,03-03,+0.0%,+0.00%,0.5000,0,✓ Yes,completed
0,90,34,03-03,+0.0%,+0.00%,0.5000,0,✓ Yes,completed
0,90,45,03-03,+0.0%,+0.00%,0.5000,0,✓ Yes,completed
0,90,56,03-03,+0.0%,+0.00%,0.5000,0,✓ Yes,completed
0,90,68,03-03,+0.0%,+0.00%,0.5000,0,✓ Yes,completed
0,90,79,03-03,+0.0%,+0.00%,0.5000,0,✓ Yes,completed
0,90,90,03-03,+0.0%,+0.00%,0.5000,0,✓ Yes,completed
0,100,0,03-03,+0.0%,+0.00%,0.5000,0,✓ Yes,completed
0,100,11,03-03,+0.0%,+0.00%,0.5000,0,✓ Yes,completed
0,100,22,03-03,+0.0%,+0.00%,0.5000,0,✓ Yes,completed
0,100,33,03-03,+0.0%,+0.00%,0.5000,0,✓ Yes,completed
0,100,44,03-03,+0.0%,+0.00%,0.5000,0,✓ Yes,completed
0,100,56,03-03,+0.0%,+0.00%,0.5000,0,✓ Yes,completed
0,100,67,03-03,+0.0%,+0.00%,0.5000,0,✓ Yes,completed
0,100,78,03-03,+0.0%,+0.00%,0.5000,0,✓ Yes,completed
0,100,89,03-03,+0.0%,+0.00%,0.5000,0,✓ Yes,completed
0,100,100,03-03,+0.0%,+0.00%,0.5000,0,✓ Yes,completed
0,10,0,05-03,+100.0%,+91.43%,0.9571,1,✗ No,budget_exceeded
0,10,10,05-03,+100.0%,+91.43%,0.9571,1,✗ No,budget_exceeded
0,20,0,05-03,+100.0%,+91.36%,0.9568,1,✗ No,budget_exceeded
0,20,20,05-03,+58.2%,+19.39%,0.5970,77,✓ Yes,completed
0,30,0,05-03,+100.0%,+90.59%,0.9529,1,✗ No,budget_exceeded
0,30,15,05-03,+100.0%,+24.47%,0.6224,20,✗ No,budget_exceeded
0,30,30,05-03,+13.3%,+10.05%,0.5502,36,✓ Yes,completed
0,40,0,05-03,+100.0%,+81.61%,0.9080,1,✗ No,budget_exceeded
0,40,13,05-03,+100.0%,+48.86%,0.7443,2,✗ No,budget_exceeded
0,40,27,05-03,+7.0%,+6.23%,0.5312,13,✓ Yes,completed
0,40,40,05-03,+4.4%,+4.67%,0.5234,15,✓ Yes,completed
0,50,0,05-03,+0.0%,+0.00%,0.5000,0,✓ Yes,completed
0,50,13,05-03,+0.0%,+0.00%,0.5000,0,✓ Yes,completed
0,50,25,05-03,+0.0%,+0.00%,0.5000,0,✓ Yes,completed
0,50,38,05-03,+0.0%,+0.00%,0.5000,0,✓ Yes,completed
0,50,50,05-03,+0.0%,+0.00%,0.5000,0,✓ Yes,completed
0,60,0,05-03,+0.0%,+0.00%,0.5000,0,✓ Yes,completed
0,60,12,05-03,+0.0%,+0.00%,0.5000,0,✓ Yes,completed
0,60,24,05-03,+0.0%,+0.00%,0.5000,0,✓ Yes,completed
0,60,36,05-03,+0.0%,+0.00%,0.5000,0,✓ Yes,completed
0,60,48,05-03,+0.0%,+0.00%,0.5000,0,✓ Yes,completed
0,60,60,05-03,+0.0%,+0.00%,0.5000,0,✓ Yes,completed
0,70,0,05-03,+0.0%,+0.00%,0.5000,0,✓ Yes,completed
0,70,12,05-03,+0.0%,+0.00%,0.5000,0,✓ Yes,completed
0,70,23,05-03,+0.0%,+0.00%,0.5000,0,✓ Yes,completed
0,70,35,05-03,+0.0%,+0.00%,0.5000,0,✓ Yes,completed
0,70,47,05-03,+0.0%,+0.00%,0.5000,0,✓ Yes,completed
0,70,58,05-03,+0.0%,+0.00%,0.5000,0,✓ Yes,completed
0,70,70,05-03,+0.0%,+0.00%,0.5000,0,✓ Yes,completed
0,80,0,05-03,+0.0%,+0.00%,0.5000,0,✓ Yes,completed
0,80,11,05-03,+0.0%,+0.00%,0.5000,0,✓ Yes,completed
0,80,23,05-03,+0.0%,+0.00%,0.5000,0,✓ Yes,completed
0,80,34,05-03,+0.0%,+0.00%,0.5000,0,✓ Yes,completed
0,80,46,05-03,+0.0%,+0.00%,0.5000,0,✓ Yes,completed
0,80,57,05-03,+0.0%,+0.00%,0.5000,0,✓ Yes,completed
0,80,69,05-03,+0.0%,+0.00%,0.5000,0,✓ Yes,completed
0,80,80,05-03,+0.0%,+0.00%,0.5000,0,✓ Yes,completed
0,90,0,05-03,+0.0%,+0.00%,0.5000,0,✓ Yes,completed
0,90,11,05-03,+0.0%,+0.00%,0.5000,0,✓ Yes,completed
0,90,23,05-03,+0.0%,+0.00%,0.5000,0,✓ Yes,completed
0,90,34,05-03,+0.0%,+0.00%,0.5000,0,✓ Yes,completed
0,90,45,05-03,+0.0%,+0.00%,0.5000,0,✓ Yes,completed
0,90,56,05-03,+0.0%,+0.00%,0.5000,0,✓ Yes,completed
0,90,68,05-03,+0.0%,+0.00%,0.5000,0,✓ Yes,completed
0,90,79,05-03,+0.0%,+0.00%,0.5000,0,✓ Yes,completed
0,90,90,05-03,+0.0%,+0.00%,0.5000,0,✓ Yes,completed
0,100,0,05-03,+0.0%,+0.00%,0.5000,0,✓ Yes,completed
0,100,11,05-03,+0.0%,+0.00%,0.5000,0,✓ Yes,completed
0,100,22,05-03,+0.0%,+0.00%,0.5000,0,✓ Yes,completed
0,100,33,05-03,+0.0%,+0.00%,0.5000,0,✓ Yes,completed
0,100,44,05-03,+0.0%,+0.00%,0.5000,0,✓ Yes,completed
0,100,56,05-03,+0.0%,+0.00%,0.5000,0,✓ Yes,completed
0,100,67,05-03,+0.0%,+0.00%,0.5000,0,✓ Yes,completed
0,100,78,05-03,+0.0%,+0.00%,0.5000,0,✓ Yes,completed
0,100,89,05-03,+0.0%,+0.00%,0.5000,0,✓ Yes,completed
0,100,100,05-03,+0.0%,+0.00%,0.5000,0,✓ Yes,completed
0,10,0,07-03,+100.0%,+91.43%,0.9571,1,✗ No,budget_exceeded
0,10,10,07-03,+100.0%,+91.43%,0.9571,1,✗ No,budget_exceeded
0,20,0,07-03,+100.0%,+90.58%,0.9529,1,✗ No,budget_exceeded
0,20,20,07-03,+38.0%,+9.47%,0.5473,74,✓ Yes,completed
0,30,0,07-03,+100.0%,+87.34%,0.9367,1,✗ No,budget_exceeded
0,30,15,07-03,+52.8%,+3.75%,0.5188,33,✓ Yes,completed
0,30,30,07-03,+12.0%,+5.92%,0.5296,35,✓ Yes,completed
0,40,0,07-03,+100.0%,+63.42%,0.8171,1,✗ No,budget_exceeded
0,40,13,07-03,+100.0%,-5.29%,0.4736,8,✗ No,budget_exceeded
0,40,27,07-03,+3.4%,+1.95%,0.5098,10,✓ Yes,completed
0,40,40,07-03,+2.0%,+1.40%,0.5070,9,✓ Yes,completed
0,50,0,07-03,+0.0%,+0.00%,0.5000,0,✓ Yes,completed
0,50,13,07-03,+0.0%,+0.00%,0.5000,0,✓ Yes,completed
0,50,25,07-03,+0.0%,+0.00%,0.5000,0,✓ Yes,completed
0,50,38,07-03,+0.0%,+0.00%,0.5000,0,✓ Yes,completed
0,50,50,07-03,+0.0%,+0.00%,0.5000,0,✓ Yes,completed
0,60,0,07-03,+0.0%,+0.00%,0.5000,0,✓ Yes,completed
0,60,12,07-03,+0.0%,+0.00%,0.5000,0,✓ Yes,completed
0,60,24,07-03,+0.0%,+0.00%,0.5000,0,✓ Yes,completed
0,60,36,07-03,+0.0%,+0.00%,0.5000,0,✓ Yes,completed
0,60,48,07-03,+0.0%,+0.00%,0.5000,0,✓ Yes,completed
0,60,60,07-03,+0.0%,+0.00%,0.5000,0,✓ Yes,completed
0,70,0,07-03,+0.0%,+0.00%,0.5000,0,✓ Yes,completed
0,70,12,07-03,+0.0%,+0.00%,0.5000,0,✓ Yes,completed
0,70,23,07-03,+0.0%,+0.00%,0.5000,0,✓ Yes,completed
0,70,35,07-03,+0.0%,+0.00%,0.5000,0,✓ Yes,completed
0,70,47,07-03,+0.0%,+0.00%,0.5000,0,✓ Yes,completed
0,70,58,07-03,+0.0%,+0.00%,0.5000,0,✓ Yes,completed
0,70,70,07-03,+0.0%,+0.00%,0.5000,0,✓ Yes,completed
0,80,0,07-03,+0.0%,+0.00%,0.5000,0,✓ Yes,completed
0,80,11,07-03,+0.0%,+0.00%,0.5000,0,✓ Yes,completed
0,80,23,07-03,+0.0%,+0.00%,0.5000,0,✓ Yes,completed
0,80,34,07-03,+0.0%,+0.00%,0.5000,0,✓ Yes,completed
0,80,46,07-03,+0.0%,+0.00%,0.5000,0,✓ Yes,completed
0,80,57,07-03,+0.0%,+0.00%,0.5000,0,✓ Yes,completed
0,80,69,07-03,+0.0%,+0.00%,0.5000,0,✓ Yes,completed
0,80,80,07-03,+0.0%,+0.00%,0.5000,0,✓ Yes,completed
0,90,0,07-03,+0.0%,+0.00%,0.5000,0,✓ Yes,completed
0,90,11,07-03,+0.0%,+0.00%,0.5000,0,✓ Yes,completed
0,90,23,07-03,+0.0%,+0.00%,0.5000,0,✓ Yes,completed
0,90,34,07-03,+0.0%,+0.00%,0.5000,0,✓ Yes,completed
0,90,45,07-03,+0.0%,+0.00%,0.5000,0,✓ Yes,completed
0,90,56,07-03,+0.0%,+0.00%,0.5000,0,✓ Yes,completed
0,90,68,07-03,+0.0%,+0.00%,0.5000,0,✓ Yes,completed
0,90,79,07-03,+0.0%,+0.00%,0.5000,0,✓ Yes,completed
0,90,90,07-03,+0.0%,+0.00%,0.5000,0,✓ Yes,completed
0,100,0,07-03,+0.0%,+0.00%,0.5000,0,✓ Yes,completed
0,100,11,07-03,+0.0%,+0.00%,0.5000,0,✓ Yes,completed
0,100,22,07-03,+0.0%,+0.00%,0.5000,0,✓ Yes,completed
0,100,33,07-03,+0.0%,+0.00%,0.5000,0,✓ Yes,completed
0,100,44,07-03,+0.0%,+0.00%,0.5000,0,✓ Yes,completed
0,100,56,07-03,+0.0%,+0.00%,0.5000,0,✓ Yes,completed
0,100,67,07-03,+0.0%,+0.00%,0.5000,0,✓ Yes,completed
0,100,78,07-03,+0.0%,+0.00%,0.5000,0,✓ Yes,completed
0,100,89,07-03,+0.0%,+0.00%,0.5000,0,✓ Yes,completed
0,100,100,07-03,+0.0%,+0.00%,0.5000,0,✓ Yes,completed
0,10,0,09-02,+100.0%,+91.43%,0.9571,1,✗ No,budget_exceeded
0,10,10,09-02,+100.0%,+91.43%,0.9571,1,✗ No,budget_exceeded
0,20,0,09-02,+100.0%,+91.14%,0.9557,1,✗ No,budget_exceeded
0,20,20,09-02,+63.4%,+3.54%,0.5177,78,✓ Yes,completed
0,30,0,09-02,+100.0%,+91.08%,0.9554,1,✗ No,budget_exceeded
0,30,15,09-02,+100.0%,+42.15%,0.7108,10,✗ No,budget_exceeded
0,30,30,09-02,+5.6%,+3.09%,0.5155,20,✓ Yes,completed
0,40,0,09-02,+100.0%,+82.90%,0.9145,1,✗ No,budget_exceeded
0,40,13,09-02,+100.0%,+55.73%,0.7786,2,✗ No,budget_exceeded
0,40,27,09-02,+2.3%,+2.15%,0.5108,4,✓ Yes,completed
0,40,40,09-02,+1.8%,+1.89%,0.5094,5,✓ Yes,completed
0,50,0,09-02,+100.0%,+27.40%,0.6370,1,✗ No,budget_exceeded
0,50,13,09-02,+100.0%,+27.40%,0.6370,1,✗ No,budget_exceeded
0,50,25,09-02,+1.5%,+1.38%,0.5069,2,✓ Yes,completed
0,50,38,09-02,+0.9%,+1.05%,0.5052,2,✓ Yes,completed
0,50,50,09-02,+0.2%,+0.21%,0.5011,3,✓ Yes,completed
0,60,0,09-02,+0.0%,+0.00%,0.5000,0,✓ Yes,completed
0,60,12,09-02,+0.0%,+0.00%,0.5000,0,✓ Yes,completed
0,60,24,09-02,+0.0%,+0.00%,0.5000,0,✓ Yes,completed
0,60,36,09-02,+0.0%,+0.00%,0.5000,0,✓ Yes,completed
0,60,48,09-02,+0.0%,+0.00%,0.5000,0,✓ Yes,completed
0,60,60,09-02,+0.0%,+0.00%,0.5000,0,✓ Yes,completed
0,70,0,09-02,+0.0%,+0.00%,0.5000,0,✓ Yes,completed
0,70,12,09-02,+0.0%,+0.00%,0.5000,0,✓ Yes,completed
0,70,23,09-02,+0.0%,+0.00%,0.5000,0,✓ Yes,completed
0,70,35,09-02,+0.0%,+0.00%,0.5000,0,✓ Yes,completed
0,70,47,09-02,+0.0%,+0.00%,0.5000,0,✓ Yes,completed
0,70,58,09-02,+0.0%,+0.00%,0.5000,0,✓ Yes,completed
0,70,70,09-02,+0.0%,+0.00%,0.5000,0,✓ Yes,completed
0,80,0,09-02,+0.0%,+0.00%,0.5000,0,✓ Yes,completed
0,80,11,09-02,+0.0%,+0.00%,0.5000,0,✓ Yes,completed
0,80,23,09-02,+0.0%,+0.00%,0.5000,0,✓ Yes,completed
0,80,34,09-02,+0.0%,+0.00%,0.5000,0,✓ Yes,completed
0,80,46,09-02,+0.0%,+0.00%,0.5000,0,✓ Yes,completed
0,80,57,09-02,+0.0%,+0.00%,0.5000,0,✓ Yes,completed
0,80,69,09-02,+0.0%,+0.00%,0.5000,0,✓ Yes,completed
0,80,80,09-02,+0.0%,+0.00%,0.5000,0,✓ Yes,completed
0,90,0,09-02,+0.0%,+0.00%,0.5000,0,✓ Yes,completed
0,90,11,09-02,+0.0%,+0.00%,0.5000,0,✓ Yes,completed
0,90,23,09-02,+0.0%,+0.00%,0.5000,0,✓ Yes,completed
0,90,34,09-02,+0.0%,+0.00%,0.5000,0,✓ Yes,completed
0,90,45,09-02,+0.0%,+0.00%,0.5000,0,✓ Yes,completed
0,90,56,09-02,+0.0%,+0.00%,0.5000,0,✓ Yes,completed
0,90,68,09-02,+0.0%,+0.00%,0.5000,0,✓ Yes,completed
0,90,79,09-02,+0.0%,+0.00%,0.5000,0,✓ Yes,completed
0,90,90,09-02,+0.0%,+0.00%,0.5000,0,✓ Yes,completed
0,100,0,09-02,+0.0%,+0.00%,0.5000,0,✓ Yes,completed
0,100,11,09-02,+0.0%,+0.00%,0.5000,0,✓ Yes,completed
0,100,22,09-02,+0.0%,+0.00%,0.5000,0,✓ Yes,completed
0,100,33,09-02,+0.0%,+0.00%,0.5000,0,✓ Yes,completed
0,100,44,09-02,+0.0%,+0.00%,0.5000,0,✓ Yes,completed
0,100,56,09-02,+0.0%,+0.00%,0.5000,0,✓ Yes,completed
0,100,67,09-02,+0.0%,+0.00%,0.5000,0,✓ Yes,completed
0,100,78,09-02,+0.0%,+0.00%,0.5000,0,✓ Yes,completed
0,100,89,09-02,+0.0%,+0.00%,0.5000,0,✓ Yes,completed
0,100,100,09-02,+0.0%,+0.00%,0.5000,0,✓ Yes,completed
0,10,0,11-02,+100.0%,+91.43%,0.9571,1,✗ No,budget_exceeded
0,10,10,11-02,+100.0%,+91.43%,0.9571,1,✗ No,budget_exceeded
0,20,0,11-02,+100.0%,+91.43%,0.9571,1,✗ No,budget_exceeded
0,20,20,11-02,+100.0%,+29.58%,0.6479,43,✗ No,budget_exceeded
0,30,0,11-02,+100.0%,+65.76%,0.8288,1,✗ No,budget_exceeded
0,30,15,11-02,+100.0%,+65.76%,0.8288,1,✗ No,budget_exceeded
0,30,30,11-02,+5.5%,+4.09%,0.5205,10,✓ Yes,completed
0,40,0,11-02,+100.0%,+64.47%,0.8224,1,✗ No,budget_exceeded
0,40,13,11-02,+100.0%,+64.47%,0.8224,1,✗ No,budget_exceeded
0,40,27,11-02,+2.9%,+2.50%,0.5125,3,✓ Yes,completed
0,40,40,11-02,+1.8%,+1.81%,0.5090,5,✓ Yes,completed
0,50,0,11-02,+100.0%,+63.22%,0.8161,1,✗ No,budget_exceeded
0,50,13,11-02,+100.0%,+63.22%,0.8161,1,✗ No,budget_exceeded
0,50,25,11-02,+1.6%,+1.32%,0.5066,2,✓ Yes,completed
0,50,38,11-02,+1.2%,+1.15%,0.5058,2,✓ Yes,completed
0,50,50,11-02,+0.6%,+0.72%,0.5036,2,✓ Yes,completed
0,60,0,11-02,+0.0%,+0.00%,0.5000,0,✓ Yes,completed
0,60,12,11-02,+0.0%,+0.00%,0.5000,0,✓ Yes,completed
0,60,24,11-02,+0.0%,+0.00%,0.5000,0,✓ Yes,completed
0,60,36,11-02,+0.0%,+0.00%,0.5000,0,✓ Yes,completed
0,60,48,11-02,+0.0%,+0.00%,0.5000,0,✓ Yes,completed
0,60,60,11-02,+0.0%,+0.00%,0.5000,0,✓ Yes,completed
0,70,0,11-02,+0.0%,+0.00%,0.5000,0,✓ Yes,completed
0,70,12,11-02,+0.0%,+0.00%,0.5000,0,✓ Yes,completed
0,70,23,11-02,+0.0%,+0.00%,0.5000,0,✓ Yes,completed
0,70,35,11-02,+0.0%,+0.00%,0.5000,0,✓ Yes,completed
0,70,47,11-02,+0.0%,+0.00%,0.5000,0,✓ Yes,completed
0,70,58,11-02,+0.0%,+0.00%,0.5000,0,✓ Yes,completed
0,70,70,11-02,+0.0%,+0.00%,0.5000,0,✓ Yes,completed
0,80,0,11-02,+0.0%,+0.00%,0.5000,0,✓ Yes,completed
0,80,11,11-02,+0.0%,+0.00%,0.5000,0,✓ Yes,completed
0,80,23,11-02,+0.0%,+0.00%,0.5000,0,✓ Yes,completed
0,80,34,11-02,+0.0%,+0.00%,0.5000,0,✓ Yes,completed
0,80,46,11-02,+0.0%,+0.00%,0.5000,0,✓ Yes,completed
0,80,57,11-02,+0.0%,+0.00%,0.5000,0,✓ Yes,completed
0,80,69,11-02,+0.0%,+0.00%,0.5000,0,✓ Yes,completed
0,80,80,11-02,+0.0%,+0.00%,0.5000,0,✓ Yes,completed
0,90,0,11-02,+0.0%,+0.00%,0.5000,0,✓ Yes,completed
0,90,11,11-02,+0.0%,+0.00%,0.5000,0,✓ Yes,completed
0,90,23,11-02,+0.0%,+0.00%,0.5000,0,✓ Yes,completed
0,90,34,11-02,+0.0%,+0.00%,0.5000,0,✓ Yes,completed
0,90,45,11-02,+0.0%,+0.00%,0.5000,0,✓ Yes,completed
0,90,56,11-02,+0.0%,+0.00%,0.5000,0,✓ Yes,completed
0,90,68,11-02,+0.0%,+0.00%,0.5000,0,✓ Yes,completed
0,90,79,11-02,+0.0%,+0.00%,0.5000,0,✓ Yes,completed
0,90,90,11-02,+0.0%,+0.00%,0.5000,0,✓ Yes,completed
0,100,0,11-02,+0.0%,+0.00%,0.5000,0,✓ Yes,completed
0,100,11,11-02,+0.0%,+0.00%,0.5000,0,✓ Yes,completed
0,100,22,11-02,+0.0%,+0.00%,0.5000,0,✓ Yes,completed
0,100,33,11-02,+0.0%,+0.00%,0.5000,0,✓ Yes,completed
0,100,44,11-02,+0.0%,+0.00%,0.5000,0,✓ Yes,completed
0,100,56,11-02,+0.0%,+0.00%,0.5000,0,✓ Yes,completed
0,100,67,11-02,+0.0%,+0.00%,0.5000,0,✓ Yes,completed
0,100,78,11-02,+0.0%,+0.00%,0.5000,0,✓ Yes,completed
0,100,89,11-02,+0.0%,+0.00%,0.5000,0,✓ Yes,completed
0,100,100,11-02,+0.0%,+0.00%,0.5000,0,✓ Yes,completed
0,10,0,12-31,+100.0%,+91.43%,0.9571,1,✗ No,budget_exceeded
0,10,10,12-31,+100.0%,+91.43%,0.9571,1,✗ No,budget_exceeded
0,20,0,12-31,+100.0%,+91.43%,0.9571,1,✗ No,budget_exceeded
0,20,20,12-31,+100.0%,+34.65%,0.6732,55,✗ No,budget_exceeded
0,30,0,12-31,+100.0%,+89.37%,0.9469,1,✗ No,budget_exceeded
0,30,15,12-31,+100.0%,+89.37%,0.9469,1,✗ No,budget_exceeded
0,30,30,12-31,+3.8%,+2.09%,0.5104,14,✓ Yes,completed
0,40,0,12-31,+100.0%,+89.14%,0.9457,1,✗ No,budget_exceeded
0,40,13,12-31,+100.0%,+89.14%,0.9457,1,✗ No,budget_exceeded
0,40,27,12-31,+1.7%,+0.91%,0.5046,2,✓ Yes,completed
0,40,40,12-31,+0.4%,+0.25%,0.5013,2,✓ Yes,completed
0,50,0,12-31,+0.0%,+0.00%,0.5000,0,✓ Yes,completed
0,50,13,12-31,+0.0%,+0.00%,0.5000,0,✓ Yes,completed
0,50,25,12-31,+0.0%,+0.00%,0.5000,0,✓ Yes,completed
0,50,38,12-31,+0.0%,+0.00%,0.5000,0,✓ Yes,completed
0,50,50,12-31,+0.0%,+0.00%,0.5000,0,✓ Yes,completed
0,60,0,12-31,+0.0%,+0.00%,0.5000,0,✓ Yes,completed
0,60,12,12-31,+0.0%,+0.00%,0.5000,0,✓ Yes,completed
0,60,24,12-31,+0.0%,+0.00%,0.5000,0,✓ Yes,completed
0,60,36,12-31,+0.0%,+0.00%,0.5000,0,✓ Yes,completed
0,60,48,12-31,+0.0%,+0.00%,0.5000,0,✓ Yes,completed
0,60,60,12-31,+0.0%,+0.00%,0.5000,0,✓ Yes,completed
0,70,0,12-31,+0.0%,+0.00%,0.5000,0,✓ Yes,completed
0,70,12,12-31,+0.0%,+0.00%,0.5000,0,✓ Yes,completed
0,70,23,12-31,+0.0%,+0.00%,0.5000,0,✓ Yes,completed
0,70,35,12-31,+0.0%,+0.00%,0.5000,0,✓ Yes,completed
0,70,47,12-31,+0.0%,+0.00%,0.5000,0,✓ Yes,completed
0,70,58,12-31,+0.0%,+0.00%,0.5000,0,✓ Yes,completed
0,70,70,12-31,+0.0%,+0.00%,0.5000,0,✓ Yes,completed
0,80,0,12-31,+0.0%,+0.00%,0.5000,0,✓ Yes,completed
0,80,11,12-31,+0.0%,+0.00%,0.5000,0,✓ Yes,completed
0,80,23,12-31,+0.0%,+0.00%,0.5000,0,✓ Yes,completed
0,80,34,12-31,+0.0%,+0.00%,0.5000,0,✓ Yes,completed
0,80,46,12-31,+0.0%,+0.00%,0.5000,0,✓ Yes,completed
0,80,57,12-31,+0.0%,+0.00%,0.5000,0,✓ Yes,completed
0,80,69,12-31,+0.0%,+0.00%,0.5000,0,✓ Yes,completed
0,80,80,12-31,+0.0%,+0.00%,0.5000,0,✓ Yes,completed
0,90,0,12-31,+0.0%,+0.00%,0.5000,0,✓ Yes,completed
0,90,11,12-31,+0.0%,+0.00%,0.5000,0,✓ Yes,completed
0,90,23,12-31,+0.0%,+0.00%,0.5000,0,✓ Yes,completed
0,90,34,12-31,+0.0%,+0.00%,0.5000,0,✓ Yes,completed
0,90,45,12-31,+0.0%,+0.00%,0.5000,0,✓ Yes,completed
0,90,56,12-31,+0.0%,+0.00%,0.5000,0,✓ Yes,completed
0,90,68,12-31,+0.0%,+0.00%,0.5000,0,✓ Yes,completed
0,90,79,12-31,+0.0%,+0.00%,0.5000,0,✓ Yes,completed
0,90,90,12-31,+0.0%,+0.00%,0.5000,0,✓ Yes,completed
0,100,0,12-31,+0.0%,+0.00%,0.5000,0,✓ Yes,completed
0,100,11,12-31,+0.0%,+0.00%,0.5000,0,✓ Yes,completed
0,100,22,12-31,+0.0%,+0.00%,0.5000,0,✓ Yes,completed
0,100,33,12-31,+0.0%,+0.00%,0.5000,0,✓ Yes,completed
0,100,44,12-31,+0.0%,+0.00%,0.5000,0,✓ Yes,completed
0,100,56,12-31,+0.0%,+0.00%,0.5000,0,✓ Yes,completed
0,100,67,12-31,+0.0%,+0.00%,0.5000,0,✓ Yes,completed
0,100,78,12-31,+0.0%,+0.00%,0.5000,0,✓ Yes,completed
0,100,89,12-31,+0.0%,+0.00%,0.5000,0,✓ Yes,completed
0,100,100,12-31,+0.0%,+0.00%,0.5000,0,✓ Yes,completed
1,10,0,02-10,+100.0%,+91.43%,0.9571,1,✗ No,budget_exceeded
1,10,10,02-10,+100.0%,+91.43%,0.9571,1,✗ No,budget_exceeded
1,13,0,02-10,+100.0%,+91.43%,0.9571,1,✗ No,budget_exceeded
1,13,7,02-10,+100.0%,+91.43%,0.9571,1,✗ No,budget_exceeded
1,13,13,02-10,+100.0%,+91.43%,0.9571,1,✗ No,budget_exceeded
1,17,0,02-10,+100.0%,+91.43%,0.9571,1,✗ No,budget_exceeded
1,17,6,02-10,+100.0%,+91.43%,0.9571,1,✗ No,budget_exceeded
1,17,11,02-10,+100.0%,+91.43%,0.9571,1,✗ No,budget_exceeded
1,17,17,02-10,+100.0%,+84.58%,0.9229,12,✗ No,budget_exceeded
1,20,0,02-10,+100.0%,+91.09%,0.9555,1,✗ No,budget_exceeded
1,20,5,02-10,+100.0%,+91.09%,0.9555,1,✗ No,budget_exceeded
1,20,10,02-10,+100.0%,+91.09%,0.9555,1,✗ No,budget_exceeded
1,20,15,02-10,+100.0%,+82.50%,0.9125,3,✗ No,budget_exceeded
1,20,20,02-10,+100.0%,+12.93%,0.5646,111,✗ No,budget_exceeded
1,23,0,02-10,+100.0%,+91.01%,0.9550,1,✗ No,budget_exceeded
1,23,5,02-10,+100.0%,+91.01%,0.9550,1,✗ No,budget_exceeded
1,23,9,02-10,+100.0%,+91.01%,0.9550,1,✗ No,budget_exceeded
1,23,14,02-10,+100.0%,+86.43%,0.9321,2,✗ No,budget_exceeded
1,23,19,02-10,+100.0%,+38.16%,0.6908,42,✗ No,budget_exceeded
1,23,23,02-10,+35.2%,+8.49%,0.5424,71,✓ Yes,completed
1,27,0,02-10,+100.0%,+91.01%,0.9550,1,✗ No,budget_exceeded
1,27,4,02-10,+100.0%,+91.01%,0.9550,1,✗ No,budget_exceeded
1,27,9,02-10,+100.0%,+91.01%,0.9550,1,✗ No,budget_exceeded
1,27,13,02-10,+100.0%,+91.01%,0.9550,1,✗ No,budget_exceeded
1,27,18,02-10,+100.0%,+41.73%,0.7086,22,✗ No,budget_exceeded
1,27,22,02-10,+27.5%,+7.86%,0.5393,36,✓ Yes,completed
1,27,27,02-10,+16.3%,+6.26%,0.5313,55,✓ Yes,completed
1,30,0,02-10,+100.0%,+77.44%,0.8872,1,✗ No,budget_exceeded
1,30,5,02-10,+100.0%,+77.44%,0.8872,1,✗ No,budget_exceeded
1,30,10,02-10,+100.0%,+77.44%,0.8872,1,✗ No,budget_exceeded
1,30,15,02-10,+100.0%,+66.83%,0.8341,2,✗ No,budget_exceeded
1,30,20,02-10,+24.8%,+6.34%,0.5317,22,✓ Yes,completed
1,30,25,02-10,+12.2%,+5.41%,0.5271,25,✓ Yes,completed
1,30,30,02-10,+8.8%,+4.74%,0.5237,31,✓ Yes,completed
1,34,0,02-10,+100.0%,+77.22%,0.8861,1,✗ No,budget_exceeded
1,34,5,02-10,+100.0%,+77.22%,0.8861,1,✗ No,budget_exceeded
1,34,10,02-10,+100.0%,+77.22%,0.8861,1,✗ No,budget_exceeded
1,34,14,02-10,+100.0%,+66.73%,0.8337,2,✗ No,budget_exceeded
1,34,19,02-10,+30.3%,+5.78%,0.5289,18,✓ Yes,completed
1,34,24,02-10,+14.5%,+5.45%,0.5273,19,✓ Yes,completed
1,34,29,02-10,+8.2%,+4.46%,0.5223,21,✓ Yes,completed
1,34,34,02-10,+6.8%,+3.95%,0.5198,25,✓ Yes,completed
1,37,0,02-10,+100.0%,+77.10%,0.8855,1,✗ No,budget_exceeded
1,37,5,02-10,+100.0%,+77.10%,0.8855,1,✗ No,budget_exceeded
1,37,9,02-10,+100.0%,+77.10%,0.8855,1,✗ No,budget_exceeded
1,37,14,02-10,+100.0%,+77.10%,0.8855,1,✗ No,budget_exceeded
1,37,18,02-10,+46.5%,+4.67%,0.5234,18,✓ Yes,completed
1,37,23,02-10,+12.2%,+4.72%,0.5236,17,✓ Yes,completed
1,37,28,02-10,+7.4%,+4.04%,0.5202,18,✓ Yes,completed
1,37,32,02-10,+6.3%,+3.69%,0.5184,18,✓ Yes,completed
1,37,37,02-10,+5.3%,+3.40%,0.5170,22,✓ Yes,completed
1,40,0,02-10,+100.0%,+39.41%,0.6970,1,✗ No,budget_exceeded
1,40,4,02-10,+100.0%,+39.41%,0.6970,1,✗ No,budget_exceeded
1,40,9,02-10,+100.0%,+39.41%,0.6970,1,✗ No,budget_exceeded
1,40,13,02-10,+100.0%,+39.41%,0.6970,1,✗ No,budget_exceeded
1,40,18,02-10,+45.9%,+2.13%,0.5107,11,✓ Yes,completed
1,40,22,02-10,+9.2%,+3.54%,0.5177,8,✓ Yes,completed
1,40,27,02-10,+5.2%,+3.16%,0.5158,9,✓ Yes,completed
1,40,31,02-10,+4.6%,+3.02%,0.5151,9,✓ Yes,completed
1,40,36,02-10,+4.4%,+2.92%,0.5146,9,✓ Yes,completed
1,40,40,02-10,+3.7%,+2.55%,0.5127,14,✓ Yes,completed
1,10,0,03-09,+100.0%,+91.43%,0.9571,1,✗ No,budget_exceeded
1,10,10,03-09,+100.0%,+91.43%,0.9571,1,✗ No,budget_exceeded
1,13,0,03-09,+100.0%,+91.43%,0.9571,1,✗ No,budget_exceeded
1,13,7,03-09,+100.0%,+91.43%,0.9571,1,✗ No,budget_exceeded
1,13,13,03-09,+100.0%,+91.43%,0.9571,1,✗ No,budget_exceeded
1,17,0,03-09,+100.0%,+91.43%,0.9571,1,✗ No,budget_exceeded
1,17,6,03-09,+100.0%,+91.43%,0.9571,1,✗ No,budget_exceeded
1,17,11,03-09,+100.0%,+91.43%,0.9571,1,✗ No,budget_exceeded
1,17,17,03-09,+100.0%,+90.65%,0.9532,6,✗ No,budget_exceeded
1,20,0,03-09,+100.0%,+91.43%,0.9571,1,✗ No,budget_exceeded
1,20,5,03-09,+100.0%,+91.43%,0.9571,1,✗ No,budget_exceeded
1,20,10,03-09,+100.0%,+91.43%,0.9571,1,✗ No,budget_exceeded
1,20,15,03-09,+100.0%,+91.43%,0.9571,1,✗ No,budget_exceeded
1,20,20,03-09,+95.4%,+12.83%,0.5641,126,✓ Yes,completed
1,23,0,03-09,+100.0%,+90.84%,0.9542,1,✗ No,budget_exceeded
1,23,5,03-09,+100.0%,+90.84%,0.9542,1,✗ No,budget_exceeded
1,23,9,03-09,+100.0%,+90.84%,0.9542,1,✗ No,budget_exceeded
1,23,14,03-09,+100.0%,+90.84%,0.9542,1,✗ No,budget_exceeded
1,23,19,03-09,+100.0%,+43.09%,0.7154,50,✗ No,budget_exceeded
1,23,23,03-09,+45.9%,+10.17%,0.5509,90,✓ Yes,completed
1,27,0,03-09,+100.0%,+90.76%,0.9538,1,✗ No,budget_exceeded
1,27,4,03-09,+100.0%,+90.76%,0.9538,1,✗ No,budget_exceeded
1,27,9,03-09,+100.0%,+90.76%,0.9538,1,✗ No,budget_exceeded
1,27,13,03-09,+100.0%,+90.76%,0.9538,1,✗ No,budget_exceeded
1,27,18,03-09,+100.0%,+69.64%,0.8482,19,✗ No,budget_exceeded
1,27,22,03-09,+41.4%,+9.79%,0.5489,62,✓ Yes,completed
1,27,27,03-09,+27.1%,+8.60%,0.5430,80,✓ Yes,completed
1,30,0,03-09,+100.0%,+90.76%,0.9538,1,✗ No,budget_exceeded
1,30,5,03-09,+100.0%,+90.76%,0.9538,1,✗ No,budget_exceeded
1,30,10,03-09,+100.0%,+90.76%,0.9538,1,✗ No,budget_exceeded
1,30,15,03-09,+100.0%,+90.76%,0.9538,1,✗ No,budget_exceeded
1,30,20,03-09,+39.8%,+8.33%,0.5417,41,✓ Yes,completed
1,30,25,03-09,+22.4%,+7.90%,0.5395,46,✓ Yes,completed
1,30,30,03-09,+17.7%,+7.41%,0.5371,51,✓ Yes,completed
1,34,0,03-09,+100.0%,+90.76%,0.9538,1,✗ No,budget_exceeded
1,34,5,03-09,+100.0%,+90.76%,0.9538,1,✗ No,budget_exceeded
1,34,10,03-09,+100.0%,+90.76%,0.9538,1,✗ No,budget_exceeded
1,34,14,03-09,+100.0%,+90.76%,0.9538,1,✗ No,budget_exceeded
1,34,19,03-09,+47.4%,+6.85%,0.5342,33,✓ Yes,completed
1,34,24,03-09,+25.0%,+7.50%,0.5375,40,✓ Yes,completed
1,34,29,03-09,+15.9%,+7.09%,0.5355,40,✓ Yes,completed
1,34,34,03-09,+12.2%,+6.83%,0.5342,43,✓ Yes,completed
1,37,0,03-09,+100.0%,+90.65%,0.9532,1,✗ No,budget_exceeded
1,37,5,03-09,+100.0%,+90.65%,0.9532,1,✗ No,budget_exceeded
1,37,9,03-09,+100.0%,+90.65%,0.9532,1,✗ No,budget_exceeded
1,37,14,03-09,+100.0%,+90.65%,0.9532,1,✗ No,budget_exceeded
1,37,18,03-09,+62.5%,+5.88%,0.5294,26,✓ Yes,completed
1,37,23,03-09,+20.8%,+6.54%,0.5327,32,✓ Yes,completed
1,37,28,03-09,+12.7%,+6.79%,0.5340,30,✓ Yes,completed
1,37,32,03-09,+10.3%,+6.59%,0.5330,29,✓ Yes,completed
1,37,37,03-09,+8.9%,+6.22%,0.5311,35,✓ Yes,completed
1,40,0,03-09,+100.0%,+85.46%,0.9273,1,✗ No,budget_exceeded
1,40,4,03-09,+100.0%,+85.46%,0.9273,1,✗ No,budget_exceeded
1,40,9,03-09,+100.0%,+85.46%,0.9273,1,✗ No,budget_exceeded
1,40,13,03-09,+100.0%,+85.46%,0.9273,1,✗ No,budget_exceeded
1,40,18,03-09,+80.7%,+3.28%,0.5164,19,✓ Yes,completed
1,40,22,03-09,+16.8%,+5.47%,0.5274,21,✓ Yes,completed
1,40,27,03-09,+9.1%,+5.96%,0.5298,20,✓ Yes,completed
1,40,31,03-09,+8.2%,+5.74%,0.5287,20,✓ Yes,completed
1,40,36,03-09,+7.6%,+5.53%,0.5276,20,✓ Yes,completed
1,40,40,03-09,+6.2%,+4.52%,0.5226,28,✓ Yes,completed
1,10,0,04-05,+100.0%,+91.43%,0.9571,1,✗ No,budget_exceeded
1,10,10,04-05,+100.0%,+91.43%,0.9571,1,✗ No,budget_exceeded
1,13,0,04-05,+100.0%,+91.43%,0.9571,1,✗ No,budget_exceeded
1,13,7,04-05,+100.0%,+91.43%,0.9571,1,✗ No,budget_exceeded
1,13,13,04-05,+100.0%,+91.43%,0.9571,1,✗ No,budget_exceeded
1,17,0,04-05,+100.0%,+91.43%,0.9571,1,✗ No,budget_exceeded
1,17,6,04-05,+100.0%,+91.43%,0.9571,1,✗ No,budget_exceeded
1,17,11,04-05,+100.0%,+91.43%,0.9571,1,✗ No,budget_exceeded
1,17,17,04-05,+100.0%,+88.72%,0.9436,14,✗ No,budget_exceeded
1,20,0,04-05,+100.0%,+90.96%,0.9548,1,✗ No,budget_exceeded
1,20,5,04-05,+100.0%,+90.96%,0.9548,1,✗ No,budget_exceeded
1,20,10,04-05,+100.0%,+90.96%,0.9548,1,✗ No,budget_exceeded
1,20,15,04-05,+100.0%,+90.96%,0.9548,1,✗ No,budget_exceeded
1,20,20,04-05,+67.7%,+16.98%,0.5849,112,✓ Yes,completed
1,23,0,04-05,+100.0%,+90.81%,0.9540,1,✗ No,budget_exceeded
1,23,5,04-05,+100.0%,+90.81%,0.9540,1,✗ No,budget_exceeded
1,23,9,04-05,+100.0%,+90.81%,0.9540,1,✗ No,budget_exceeded
1,23,14,04-05,+100.0%,+90.81%,0.9540,1,✗ No,budget_exceeded
1,23,19,04-05,+76.6%,+16.79%,0.5839,67,✓ Yes,completed
1,23,23,04-05,+36.5%,+13.57%,0.5678,85,✓ Yes,completed
1,27,0,04-05,+100.0%,+90.81%,0.9540,1,✗ No,budget_exceeded
1,27,4,04-05,+100.0%,+90.81%,0.9540,1,✗ No,budget_exceeded
1,27,9,04-05,+100.0%,+90.81%,0.9540,1,✗ No,budget_exceeded
1,27,13,04-05,+100.0%,+90.81%,0.9540,1,✗ No,budget_exceeded
1,27,18,04-05,+86.6%,+16.44%,0.5822,48,✓ Yes,completed
1,27,22,04-05,+32.3%,+12.52%,0.5626,63,✓ Yes,completed
1,27,27,04-05,+23.9%,+11.35%,0.5568,70,✓ Yes,completed
1,30,0,04-05,+100.0%,+90.81%,0.9540,1,✗ No,budget_exceeded
1,30,5,04-05,+100.0%,+90.81%,0.9540,1,✗ No,budget_exceeded
1,30,10,04-05,+100.0%,+90.81%,0.9540,1,✗ No,budget_exceeded
1,30,15,04-05,+100.0%,+90.81%,0.9540,1,✗ No,budget_exceeded
1,30,20,04-05,+27.9%,+10.87%,0.5543,41,✓ Yes,completed
1,30,25,04-05,+17.3%,+10.12%,0.5506,39,✓ Yes,completed
1,30,30,04-05,+14.7%,+9.35%,0.5467,45,✓ Yes,completed
1,34,0,04-05,+100.0%,+90.70%,0.9535,1,✗ No,budget_exceeded
1,34,5,04-05,+100.0%,+90.70%,0.9535,1,✗ No,budget_exceeded
1,34,10,04-05,+100.0%,+90.70%,0.9535,1,✗ No,budget_exceeded
1,34,14,04-05,+100.0%,+90.70%,0.9535,1,✗ No,budget_exceeded
1,34,19,04-05,+30.4%,+9.76%,0.5488,35,✓ Yes,completed
1,34,24,04-05,+16.6%,+9.56%,0.5478,33,✓ Yes,completed
1,34,29,04-05,+13.4%,+8.69%,0.5434,34,✓ Yes,completed
1,34,34,04-05,+11.7%,+7.84%,0.5392,41,✓ Yes,completed
1,37,0,04-05,+100.0%,+90.70%,0.9535,1,✗ No,budget_exceeded
1,37,5,04-05,+100.0%,+90.70%,0.9535,1,✗ No,budget_exceeded
1,37,9,04-05,+100.0%,+90.70%,0.9535,1,✗ No,budget_exceeded
1,37,14,04-05,+100.0%,+90.70%,0.9535,1,✗ No,budget_exceeded
1,37,18,04-05,+39.9%,+9.18%,0.5459,28,✓ Yes,completed
1,37,23,04-05,+14.4%,+8.52%,0.5426,27,✓ Yes,completed
1,37,28,04-05,+12.2%,+7.94%,0.5397,27,✓ Yes,completed
1,37,32,04-05,+10.7%,+7.35%,0.5367,28,✓ Yes,completed
1,37,37,04-05,+8.6%,+6.26%,0.5313,34,✓ Yes,completed
1,40,0,04-05,+100.0%,+90.70%,0.9535,1,✗ No,budget_exceeded
1,40,4,04-05,+100.0%,+90.70%,0.9535,1,✗ No,budget_exceeded
1,40,9,04-05,+100.0%,+90.70%,0.9535,1,✗ No,budget_exceeded
1,40,13,04-05,+100.0%,+90.70%,0.9535,1,✗ No,budget_exceeded
1,40,18,04-05,+58.8%,+8.83%,0.5442,17,✓ Yes,completed
1,40,22,04-05,+11.9%,+6.77%,0.5338,22,✓ Yes,completed
1,40,27,04-05,+9.9%,+6.38%,0.5319,22,✓ Yes,completed
1,40,31,04-05,+8.9%,+6.25%,0.5313,22,✓ Yes,completed
1,40,36,04-05,+7.2%,+5.34%,0.5267,24,✓ Yes,completed
1,40,40,04-05,+5.6%,+4.45%,0.5222,29,✓ Yes,completed
1,10,0,05-02,+100.0%,+91.43%,0.9571,1,✗ No,budget_exceeded
1,10,10,05-02,+100.0%,+91.43%,0.9571,1,✗ No,budget_exceeded
1,13,0,05-02,+100.0%,+91.43%,0.9571,1,✗ No,budget_exceeded
1,13,7,05-02,+100.0%,+91.43%,0.9571,1,✗ No,budget_exceeded
1,13,13,05-02,+100.0%,+91.43%,0.9571,1,✗ No,budget_exceeded
1,17,0,05-02,+100.0%,+91.43%,0.9571,1,✗ No,budget_exceeded
1,17,6,05-02,+100.0%,+91.43%,0.9571,1,✗ No,budget_exceeded
1,17,11,05-02,+100.0%,+91.43%,0.9571,1,✗ No,budget_exceeded
1,17,17,05-02,+100.0%,+55.49%,0.7775,90,✗ No,budget_exceeded
1,20,0,05-02,+100.0%,+91.09%,0.9554,1,✗ No,budget_exceeded
1,20,5,05-02,+100.0%,+91.09%,0.9554,1,✗ No,budget_exceeded
1,20,10,05-02,+100.0%,+91.09%,0.9554,1,✗ No,budget_exceeded
1,20,15,05-02,+100.0%,+40.49%,0.7024,50,✗ No,budget_exceeded
1,20,20,05-02,+51.6%,+19.09%,0.5954,91,✓ Yes,completed
1,23,0,05-02,+100.0%,+90.94%,0.9547,1,✗ No,budget_exceeded
1,23,5,05-02,+100.0%,+90.94%,0.9547,1,✗ No,budget_exceeded
1,23,9,05-02,+100.0%,+90.94%,0.9547,1,✗ No,budget_exceeded
1,23,14,05-02,+100.0%,+77.39%,0.8870,12,✗ No,budget_exceeded
1,23,19,05-02,+53.2%,+18.44%,0.5922,52,✓ Yes,completed
1,23,23,05-02,+30.4%,+15.90%,0.5795,70,✓ Yes,completed
1,27,0,05-02,+100.0%,+90.85%,0.9542,1,✗ No,budget_exceeded
1,27,4,05-02,+100.0%,+90.85%,0.9542,1,✗ No,budget_exceeded
1,27,9,05-02,+100.0%,+90.85%,0.9542,1,✗ No,budget_exceeded
1,27,13,05-02,+100.0%,+90.85%,0.9542,1,✗ No,budget_exceeded
1,27,18,05-02,+56.2%,+17.24%,0.5862,36,✓ Yes,completed
1,27,22,05-02,+25.7%,+14.43%,0.5722,51,✓ Yes,completed
1,27,27,05-02,+20.2%,+12.78%,0.5639,66,✓ Yes,completed
1,30,0,05-02,+100.0%,+90.85%,0.9542,1,✗ No,budget_exceeded
1,30,5,05-02,+100.0%,+90.85%,0.9542,1,✗ No,budget_exceeded
1,30,10,05-02,+100.0%,+90.85%,0.9542,1,✗ No,budget_exceeded
1,30,15,05-02,+77.0%,+17.60%,0.5880,22,✓ Yes,completed
1,30,20,05-02,+23.3%,+12.74%,0.5637,33,✓ Yes,completed
1,30,25,05-02,+16.0%,+11.07%,0.5554,36,✓ Yes,completed
1,30,30,05-02,+13.0%,+9.99%,0.5499,44,✓ Yes,completed
1,34,0,05-02,+100.0%,+90.85%,0.9542,1,✗ No,budget_exceeded
1,34,5,05-02,+100.0%,+90.85%,0.9542,1,✗ No,budget_exceeded
1,34,10,05-02,+100.0%,+90.85%,0.9542,1,✗ No,budget_exceeded
1,34,14,05-02,+97.6%,+15.67%,0.5784,19,✓ Yes,completed
1,34,19,05-02,+23.5%,+11.80%,0.5590,25,✓ Yes,completed
1,34,24,05-02,+15.0%,+10.35%,0.5517,29,✓ Yes,completed
1,34,29,05-02,+11.7%,+9.27%,0.5463,30,✓ Yes,completed
1,34,34,05-02,+10.1%,+8.48%,0.5424,36,✓ Yes,completed
1,37,0,05-02,+100.0%,+90.61%,0.9530,1,✗ No,budget_exceeded
1,37,5,05-02,+100.0%,+90.61%,0.9530,1,✗ No,budget_exceeded
1,37,9,05-02,+100.0%,+90.61%,0.9530,1,✗ No,budget_exceeded
1,37,14,05-02,+100.0%,+90.61%,0.9530,1,✗ No,budget_exceeded
1,37,18,05-02,+24.3%,+10.77%,0.5538,16,✓ Yes,completed
1,37,23,05-02,+12.3%,+8.86%,0.5443,22,✓ Yes,completed
1,37,28,05-02,+10.2%,+8.30%,0.5415,22,✓ Yes,completed
1,37,32,05-02,+8.7%,+7.71%,0.5385,23,✓ Yes,completed
1,37,37,05-02,+6.5%,+6.28%,0.5314,28,✓ Yes,completed
1,40,0,05-02,+100.0%,+90.48%,0.9524,1,✗ No,budget_exceeded
1,40,4,05-02,+100.0%,+90.48%,0.9524,1,✗ No,budget_exceeded
1,40,9,05-02,+100.0%,+90.48%,0.9524,1,✗ No,budget_exceeded
1,40,13,05-02,+100.0%,+90.48%,0.9524,1,✗ No,budget_exceeded
1,40,18,05-02,+33.4%,+11.03%,0.5551,9,✓ Yes,completed
1,40,22,05-02,+9.1%,+6.89%,0.5344,14,✓ Yes,completed
1,40,27,05-02,+7.2%,+6.45%,0.5323,14,✓ Yes,completed
1,40,31,05-02,+6.4%,+6.02%,0.5301,14,✓ Yes,completed
1,40,36,05-02,+5.1%,+5.30%,0.5265,16,✓ Yes,completed
1,40,40,05-02,+4.1%,+4.35%,0.5218,21,✓ Yes,completed
1,10,0,05-29,+100.0%,+91.43%,0.9571,1,✗ No,budget_exceeded
1,10,10,05-29,+100.0%,+91.43%,0.9571,1,✗ No,budget_exceeded
1,13,0,05-29,+100.0%,+91.43%,0.9571,1,✗ No,budget_exceeded
1,13,7,05-29,+100.0%,+91.43%,0.9571,1,✗ No,budget_exceeded
1,13,13,05-29,+100.0%,+88.46%,0.9423,16,✗ No,budget_exceeded
1,17,0,05-29,+100.0%,+91.43%,0.9571,1,✗ No,budget_exceeded
1,17,6,05-29,+100.0%,+91.43%,0.9571,1,✗ No,budget_exceeded
1,17,11,05-29,+100.0%,+91.43%,0.9571,1,✗ No,budget_exceeded
1,17,17,05-29,+100.0%,+13.13%,0.5657,184,✗ No,budget_exceeded
1,20,0,05-29,+100.0%,+91.14%,0.9557,1,✗ No,budget_exceeded
1,20,5,05-29,+100.0%,+91.14%,0.9557,1,✗ No,budget_exceeded
1,20,10,05-29,+100.0%,+91.14%,0.9557,1,✗ No,budget_exceeded
1,20,15,05-29,+75.4%,+10.56%,0.5528,78,✓ Yes,completed
1,20,20,05-29,+27.4%,+12.85%,0.5642,67,✓ Yes,completed
1,23,0,05-29,+100.0%,+91.06%,0.9553,1,✗ No,budget_exceeded
1,23,5,05-29,+100.0%,+91.06%,0.9553,1,✗ No,budget_exceeded
1,23,9,05-29,+100.0%,+91.06%,0.9553,1,✗ No,budget_exceeded
1,23,14,05-29,+100.0%,+15.22%,0.5761,40,✗ No,budget_exceeded
1,23,19,05-29,+20.5%,+11.34%,0.5567,38,✓ Yes,completed
1,23,23,05-29,+14.8%,+9.91%,0.5496,40,✓ Yes,completed
1,27,0,05-29,+100.0%,+90.75%,0.9537,1,✗ No,budget_exceeded
1,27,4,05-29,+100.0%,+90.75%,0.9537,1,✗ No,budget_exceeded
1,27,9,05-29,+100.0%,+90.75%,0.9537,1,✗ No,budget_exceeded
1,27,13,05-29,+100.0%,+43.05%,0.7152,14,✗ No,budget_exceeded
1,27,18,05-29,+17.2%,+9.58%,0.5479,30,✓ Yes,completed
1,27,22,05-29,+11.9%,+8.60%,0.5430,30,✓ Yes,completed
1,27,27,05-29,+10.1%,+8.05%,0.5403,35,✓ Yes,completed
1,30,0,05-29,+100.0%,+90.75%,0.9537,1,✗ No,budget_exceeded
1,30,5,05-29,+100.0%,+90.75%,0.9537,1,✗ No,budget_exceeded
1,30,10,05-29,+100.0%,+90.75%,0.9537,1,✗ No,budget_exceeded
1,30,15,05-29,+27.2%,+8.87%,0.5443,22,✓ Yes,completed
1,30,20,05-29,+10.8%,+8.03%,0.5401,24,✓ Yes,completed
1,30,25,05-29,+9.2%,+7.70%,0.5385,24,✓ Yes,completed
1,30,30,05-29,+7.4%,+6.86%,0.5343,32,✓ Yes,completed
1,34,0,05-29,+100.0%,+90.75%,0.9537,1,✗ No,budget_exceeded
1,34,5,05-29,+100.0%,+90.75%,0.9537,1,✗ No,budget_exceeded
1,34,10,05-29,+100.0%,+90.75%,0.9537,1,✗ No,budget_exceeded
1,34,14,05-29,+47.8%,+6.61%,0.5331,19,✓ Yes,completed
1,34,19,05-29,+9.5%,+7.10%,0.5355,20,✓ Yes,completed
1,34,24,05-29,+7.9%,+6.85%,0.5342,20,✓ Yes,completed
1,34,29,05-29,+6.8%,+6.41%,0.5320,20,✓ Yes,completed
1,34,34,05-29,+5.7%,+5.80%,0.5290,23,✓ Yes,completed
1,37,0,05-29,+100.0%,+90.61%,0.9531,1,✗ No,budget_exceeded
1,37,5,05-29,+100.0%,+90.61%,0.9531,1,✗ No,budget_exceeded
1,37,9,05-29,+100.0%,+90.61%,0.9531,1,✗ No,budget_exceeded
1,37,14,05-29,+100.0%,+27.39%,0.6369,9,✗ No,budget_exceeded
1,37,18,05-29,+7.4%,+5.71%,0.5286,14,✓ Yes,completed
1,37,23,05-29,+5.9%,+5.53%,0.5276,14,✓ Yes,completed
1,37,28,05-29,+5.4%,+5.35%,0.5268,14,✓ Yes,completed
1,37,32,05-29,+4.5%,+4.76%,0.5238,14,✓ Yes,completed
1,37,37,05-29,+3.6%,+4.10%,0.5205,15,✓ Yes,completed
1,40,0,05-29,+100.0%,+90.46%,0.9523,1,✗ No,budget_exceeded
1,40,4,05-29,+100.0%,+90.46%,0.9523,1,✗ No,budget_exceeded
1,40,9,05-29,+100.0%,+90.46%,0.9523,1,✗ No,budget_exceeded
1,40,13,05-29,+100.0%,+12.69%,0.5635,8,✗ No,budget_exceeded
1,40,18,05-29,+5.8%,+4.23%,0.5211,9,✓ Yes,completed
1,40,22,05-29,+4.2%,+4.11%,0.5205,9,✓ Yes,completed
1,40,27,05-29,+3.8%,+4.04%,0.5202,9,✓ Yes,completed
1,40,31,05-29,+3.2%,+3.71%,0.5185,9,✓ Yes,completed
1,40,36,05-29,+2.9%,+3.45%,0.5172,9,✓ Yes,completed
1,40,40,05-29,+2.3%,+2.86%,0.5143,12,✓ Yes,completed
1,10,0,06-25,+100.0%,+91.43%,0.9571,1,✗ No,budget_exceeded
1,10,10,06-25,+100.0%,+91.43%,0.9571,1,✗ No,budget_exceeded
1,13,0,06-25,+100.0%,+91.43%,0.9571,1,✗ No,budget_exceeded
1,13,7,06-25,+100.0%,+91.43%,0.9571,1,✗ No,budget_exceeded
1,13,13,06-25,+100.0%,+81.24%,0.9062,57,✗ No,budget_exceeded
1,17,0,06-25,+100.0%,+90.96%,0.9548,1,✗ No,budget_exceeded
1,17,6,06-25,+100.0%,+90.96%,0.9548,1,✗ No,budget_exceeded
1,17,11,06-25,+100.0%,+90.96%,0.9548,1,✗ No,budget_exceeded
1,17,17,06-25,+86.6%,+7.60%,0.5380,165,✓ Yes,completed
1,20,0,06-25,+100.0%,+90.88%,0.9544,1,✗ No,budget_exceeded
1,20,5,06-25,+100.0%,+90.88%,0.9544,1,✗ No,budget_exceeded
1,20,10,06-25,+100.0%,+90.88%,0.9544,1,✗ No,budget_exceeded
1,20,15,06-25,+61.8%,+7.23%,0.5362,77,✓ Yes,completed
1,20,20,06-25,+32.9%,+8.40%,0.5420,80,✓ Yes,completed
1,23,0,06-25,+100.0%,+90.88%,0.9544,1,✗ No,budget_exceeded
1,23,5,06-25,+100.0%,+90.88%,0.9544,1,✗ No,budget_exceeded
1,23,9,06-25,+100.0%,+90.88%,0.9544,1,✗ No,budget_exceeded
1,23,14,06-25,+80.2%,+2.92%,0.5146,44,✓ Yes,completed
1,23,19,06-25,+25.3%,+7.58%,0.5379,45,✓ Yes,completed
1,23,23,06-25,+16.5%,+7.43%,0.5372,48,✓ Yes,completed
1,27,0,06-25,+100.0%,+90.57%,0.9528,1,✗ No,budget_exceeded
1,27,4,06-25,+100.0%,+90.57%,0.9528,1,✗ No,budget_exceeded
1,27,9,06-25,+100.0%,+90.57%,0.9528,1,✗ No,budget_exceeded
1,27,13,06-25,+100.0%,+38.84%,0.6942,15,✗ No,budget_exceeded
1,27,18,06-25,+21.5%,+6.86%,0.5343,35,✓ Yes,completed
1,27,22,06-25,+13.9%,+6.97%,0.5348,34,✓ Yes,completed
1,27,27,06-25,+10.6%,+6.28%,0.5314,41,✓ Yes,completed
1,30,0,06-25,+100.0%,+83.52%,0.9176,1,✗ No,budget_exceeded
1,30,5,06-25,+100.0%,+83.52%,0.9176,1,✗ No,budget_exceeded
1,30,10,06-25,+100.0%,+83.52%,0.9176,1,✗ No,budget_exceeded
1,30,15,06-25,+20.4%,+5.64%,0.5282,28,✓ Yes,completed
1,30,20,06-25,+10.5%,+5.79%,0.5290,24,✓ Yes,completed
1,30,25,06-25,+8.3%,+5.26%,0.5263,25,✓ Yes,completed
1,30,30,06-25,+6.4%,+4.69%,0.5235,32,✓ Yes,completed
1,34,0,06-25,+100.0%,+83.52%,0.9176,1,✗ No,budget_exceeded
1,34,5,06-25,+100.0%,+83.52%,0.9176,1,✗ No,budget_exceeded
1,34,10,06-25,+100.0%,+83.52%,0.9176,1,✗ No,budget_exceeded
1,34,14,06-25,+47.6%,+1.45%,0.5072,26,✓ Yes,completed
1,34,19,06-25,+10.4%,+5.23%,0.5261,22,✓ Yes,completed
1,34,24,06-25,+6.7%,+4.52%,0.5226,21,✓ Yes,completed
1,34,29,06-25,+5.9%,+4.47%,0.5224,21,✓ Yes,completed
1,34,34,06-25,+4.3%,+3.67%,0.5184,27,✓ Yes,completed
1,37,0,06-25,+100.0%,+58.50%,0.7925,1,✗ No,budget_exceeded
1,37,5,06-25,+100.0%,+58.50%,0.7925,1,✗ No,budget_exceeded
1,37,9,06-25,+100.0%,+58.50%,0.7925,1,✗ No,budget_exceeded
1,37,14,06-25,+88.3%,-2.12%,0.4894,8,✓ Yes,completed
1,37,18,06-25,+5.4%,+3.52%,0.5176,12,✓ Yes,completed
1,37,23,06-25,+4.1%,+3.36%,0.5168,13,✓ Yes,completed
1,37,28,06-25,+3.8%,+3.32%,0.5166,13,✓ Yes,completed
1,37,32,06-25,+2.9%,+2.64%,0.5132,13,✓ Yes,completed
1,37,37,06-25,+2.4%,+2.23%,0.5111,13,✓ Yes,completed
1,40,0,06-25,+100.0%,+48.21%,0.7410,1,✗ No,budget_exceeded
1,40,4,06-25,+100.0%,+48.21%,0.7410,1,✗ No,budget_exceeded
1,40,9,06-25,+100.0%,+48.21%,0.7410,1,✗ No,budget_exceeded
1,40,13,06-25,+76.8%,-5.72%,0.4714,7,✓ Yes,completed
1,40,18,06-25,+3.4%,+2.22%,0.5111,8,✓ Yes,completed
1,40,22,06-25,+2.8%,+2.12%,0.5106,8,✓ Yes,completed
1,40,27,06-25,+2.4%,+2.06%,0.5103,8,✓ Yes,completed
1,40,31,06-25,+2.0%,+1.92%,0.5096,8,✓ Yes,completed
1,40,36,06-25,+1.8%,+1.73%,0.5086,8,✓ Yes,completed
1,40,40,06-25,+1.4%,+1.26%,0.5063,9,✓ Yes,completed
1,10,0,07-22,+100.0%,+91.43%,0.9571,1,✗ No,budget_exceeded
1,10,10,07-22,+100.0%,+91.43%,0.9571,1,✗ No,budget_exceeded
1,13,0,07-22,+100.0%,+91.43%,0.9571,1,✗ No,budget_exceeded
1,13,7,07-22,+100.0%,+91.43%,0.9571,1,✗ No,budget_exceeded
1,13,13,07-22,+100.0%,+85.19%,0.9259,42,✗ No,budget_exceeded
1,17,0,07-22,+100.0%,+91.07%,0.9553,1,✗ No,budget_exceeded
1,17,6,07-22,+100.0%,+91.07%,0.9553,1,✗ No,budget_exceeded
1,17,11,07-22,+100.0%,+91.07%,0.9553,1,✗ No,budget_exceeded
1,17,17,07-22,+100.0%,+31.11%,0.6555,157,✗ No,budget_exceeded
1,20,0,07-22,+100.0%,+90.69%,0.9535,1,✗ No,budget_exceeded
1,20,5,07-22,+100.0%,+90.69%,0.9535,1,✗ No,budget_exceeded
1,20,10,07-22,+100.0%,+90.69%,0.9535,1,✗ No,budget_exceeded
1,20,15,07-22,+100.0%,+20.11%,0.6006,71,✗ No,budget_exceeded
1,20,20,07-22,+38.9%,+15.90%,0.5795,105,✓ Yes,completed
1,23,0,07-22,+100.0%,+90.69%,0.9535,1,✗ No,budget_exceeded
1,23,5,07-22,+100.0%,+90.69%,0.9535,1,✗ No,budget_exceeded
1,23,9,07-22,+100.0%,+90.69%,0.9535,1,✗ No,budget_exceeded
1,23,14,07-22,+100.0%,+22.89%,0.6145,39,✗ No,budget_exceeded
1,23,19,07-22,+33.5%,+14.74%,0.5737,56,✓ Yes,completed
1,23,23,07-22,+25.7%,+13.76%,0.5688,70,✓ Yes,completed
1,27,0,07-22,+100.0%,+74.20%,0.8710,1,✗ No,budget_exceeded
1,27,4,07-22,+100.0%,+74.20%,0.8710,1,✗ No,budget_exceeded
1,27,9,07-22,+100.0%,+74.20%,0.8710,1,✗ No,budget_exceeded
1,27,13,07-22,+100.0%,+64.49%,0.8225,11,✗ No,budget_exceeded
1,27,18,07-22,+29.3%,+13.78%,0.5689,46,✓ Yes,completed
1,27,22,07-22,+23.2%,+13.03%,0.5651,51,✓ Yes,completed
1,27,27,07-22,+19.4%,+12.26%,0.5613,64,✓ Yes,completed
1,30,0,07-22,+100.0%,+74.20%,0.8710,1,✗ No,budget_exceeded
1,30,5,07-22,+100.0%,+74.20%,0.8710,1,✗ No,budget_exceeded
1,30,10,07-22,+100.0%,+74.20%,0.8710,1,✗ No,budget_exceeded
1,30,15,07-22,+31.2%,+11.65%,0.5583,38,✓ Yes,completed
1,30,20,07-22,+19.9%,+11.72%,0.5586,38,✓ Yes,completed
1,30,25,07-22,+16.2%,+11.10%,0.5555,40,✓ Yes,completed
1,30,30,07-22,+13.3%,+9.78%,0.5489,52,✓ Yes,completed
1,34,0,07-22,+100.0%,+74.20%,0.8710,1,✗ No,budget_exceeded
1,34,5,07-22,+100.0%,+74.20%,0.8710,1,✗ No,budget_exceeded
1,34,10,07-22,+100.0%,+74.20%,0.8710,1,✗ No,budget_exceeded
1,34,14,07-22,+40.6%,+9.18%,0.5459,23,✓ Yes,completed
1,34,19,07-22,+16.6%,+10.00%,0.5500,30,✓ Yes,completed
1,34,24,07-22,+13.0%,+9.22%,0.5461,31,✓ Yes,completed
1,34,29,07-22,+11.2%,+8.75%,0.5437,31,✓ Yes,completed
1,34,34,07-22,+9.0%,+7.46%,0.5373,42,✓ Yes,completed
1,37,0,07-22,+100.0%,+74.20%,0.8710,1,✗ No,budget_exceeded
1,37,5,07-22,+100.0%,+74.20%,0.8710,1,✗ No,budget_exceeded
1,37,9,07-22,+100.0%,+74.20%,0.8710,1,✗ No,budget_exceeded
1,37,14,07-22,+100.0%,+35.50%,0.6775,7,✗ No,budget_exceeded
1,37,18,07-22,+10.5%,+7.30%,0.5365,21,✓ Yes,completed
1,37,23,07-22,+9.2%,+7.20%,0.5360,22,✓ Yes,completed
1,37,28,07-22,+8.5%,+6.86%,0.5343,22,✓ Yes,completed
1,37,32,07-22,+7.5%,+6.63%,0.5331,23,✓ Yes,completed
1,37,37,07-22,+6.1%,+5.47%,0.5273,27,✓ Yes,completed
1,40,0,07-22,+100.0%,+74.06%,0.8703,1,✗ No,budget_exceeded
1,40,4,07-22,+100.0%,+74.06%,0.8703,1,✗ No,budget_exceeded
1,40,9,07-22,+100.0%,+74.06%,0.8703,1,✗ No,budget_exceeded
1,40,13,07-22,+100.0%,+22.36%,0.6118,7,✗ No,budget_exceeded
1,40,18,07-22,+7.3%,+5.37%,0.5268,14,✓ Yes,completed
1,40,22,07-22,+6.5%,+5.25%,0.5262,14,✓ Yes,completed
1,40,27,07-22,+6.0%,+5.22%,0.5261,14,✓ Yes,completed
1,40,31,07-22,+5.6%,+5.07%,0.5253,15,✓ Yes,completed
1,40,36,07-22,+4.8%,+4.42%,0.5221,15,✓ Yes,completed
1,40,40,07-22,+4.0%,+3.77%,0.5189,20,✓ Yes,completed
1,10,0,07-24,+100.0%,+91.43%,0.9571,1,✗ No,budget_exceeded
1,10,10,07-24,+100.0%,+91.43%,0.9571,1,✗ No,budget_exceeded
1,13,0,07-24,+100.0%,+91.43%,0.9571,1,✗ No,budget_exceeded
1,13,7,07-24,+100.0%,+91.43%,0.9571,1,✗ No,budget_exceeded
1,13,13,07-24,+100.0%,+85.20%,0.9260,44,✗ No,budget_exceeded
1,17,0,07-24,+100.0%,+91.07%,0.9553,1,✗ No,budget_exceeded
1,17,6,07-24,+100.0%,+91.07%,0.9553,1,✗ No,budget_exceeded
1,17,11,07-24,+100.0%,+91.07%,0.9553,1,✗ No,budget_exceeded
1,17,17,07-24,+100.0%,+33.30%,0.6665,155,✗ No,budget_exceeded
1,20,0,07-24,+100.0%,+90.76%,0.9538,1,✗ No,budget_exceeded
1,20,5,07-24,+100.0%,+90.76%,0.9538,1,✗ No,budget_exceeded
1,20,10,07-24,+100.0%,+90.76%,0.9538,1,✗ No,budget_exceeded
1,20,15,07-24,+100.0%,+22.99%,0.6149,69,✗ No,budget_exceeded
1,20,20,07-24,+40.0%,+16.37%,0.5818,108,✓ Yes,completed
1,23,0,07-24,+100.0%,+77.55%,0.8878,1,✗ No,budget_exceeded
1,23,5,07-24,+100.0%,+77.55%,0.8878,1,✗ No,budget_exceeded
1,23,9,07-24,+100.0%,+77.55%,0.8878,1,✗ No,budget_exceeded
1,23,14,07-24,+100.0%,+26.05%,0.6303,38,✗ No,budget_exceeded
1,23,19,07-24,+33.3%,+15.49%,0.5775,55,✓ Yes,completed
1,23,23,07-24,+25.6%,+14.47%,0.5723,69,✓ Yes,completed
1,27,0,07-24,+100.0%,+77.45%,0.8873,1,✗ No,budget_exceeded
1,27,4,07-24,+100.0%,+77.45%,0.8873,1,✗ No,budget_exceeded
1,27,9,07-24,+100.0%,+77.45%,0.8873,1,✗ No,budget_exceeded
1,27,13,07-24,+100.0%,+67.83%,0.8391,11,✗ No,budget_exceeded
1,27,18,07-24,+29.3%,+14.21%,0.5711,46,✓ Yes,completed
1,27,22,07-24,+23.2%,+13.65%,0.5682,51,✓ Yes,completed
1,27,27,07-24,+19.5%,+12.55%,0.5628,65,✓ Yes,completed
1,30,0,07-24,+100.0%,+77.45%,0.8873,1,✗ No,budget_exceeded
1,30,5,07-24,+100.0%,+77.45%,0.8873,1,✗ No,budget_exceeded
1,30,10,07-24,+100.0%,+77.45%,0.8873,1,✗ No,budget_exceeded
1,30,15,07-24,+31.2%,+12.12%,0.5606,38,✓ Yes,completed
1,30,20,07-24,+20.1%,+12.07%,0.5603,39,✓ Yes,completed
1,30,25,07-24,+16.2%,+11.52%,0.5576,40,✓ Yes,completed
1,30,30,07-24,+13.3%,+10.42%,0.5521,52,✓ Yes,completed
1,34,0,07-24,+100.0%,+77.45%,0.8873,1,✗ No,budget_exceeded
1,34,5,07-24,+100.0%,+77.45%,0.8873,1,✗ No,budget_exceeded
1,34,10,07-24,+100.0%,+77.45%,0.8873,1,✗ No,budget_exceeded
1,34,14,07-24,+41.7%,+9.65%,0.5482,24,✓ Yes,completed
1,34,19,07-24,+16.6%,+10.41%,0.5520,30,✓ Yes,completed
1,34,24,07-24,+13.0%,+9.82%,0.5491,31,✓ Yes,completed
1,34,29,07-24,+11.2%,+9.19%,0.5459,31,✓ Yes,completed
1,34,34,07-24,+9.1%,+7.96%,0.5398,43,✓ Yes,completed
1,37,0,07-24,+100.0%,+77.45%,0.8873,1,✗ No,budget_exceeded
1,37,5,07-24,+100.0%,+77.45%,0.8873,1,✗ No,budget_exceeded
1,37,9,07-24,+100.0%,+77.45%,0.8873,1,✗ No,budget_exceeded
1,37,14,07-24,+100.0%,+39.07%,0.6953,7,✗ No,budget_exceeded
1,37,18,07-24,+10.5%,+7.77%,0.5388,21,✓ Yes,completed
1,37,23,07-24,+9.2%,+7.65%,0.5383,22,✓ Yes,completed
1,37,28,07-24,+8.5%,+7.33%,0.5366,22,✓ Yes,completed
1,37,32,07-24,+7.5%,+7.03%,0.5351,23,✓ Yes,completed
1,37,37,07-24,+6.1%,+5.84%,0.5292,27,✓ Yes,completed
1,40,0,07-24,+100.0%,+77.31%,0.8866,1,✗ No,budget_exceeded
1,40,4,07-24,+100.0%,+77.31%,0.8866,1,✗ No,budget_exceeded
1,40,9,07-24,+100.0%,+77.31%,0.8866,1,✗ No,budget_exceeded
1,40,13,07-24,+100.0%,+26.03%,0.6301,7,✗ No,budget_exceeded
1,40,18,07-24,+7.3%,+5.76%,0.5288,14,✓ Yes,completed
1,40,22,07-24,+6.5%,+5.63%,0.5281,14,✓ Yes,completed
1,40,27,07-24,+6.0%,+5.62%,0.5281,14,✓ Yes,completed
1,40,31,07-24,+5.6%,+5.47%,0.5274,15,✓ Yes,completed
1,40,36,07-24,+4.8%,+4.84%,0.5242,15,✓ Yes,completed
1,40,40,07-24,+4.0%,+4.30%,0.5215,20,✓ Yes,completed
2,13,13,03-27,+100.0%,+91.43%,0.9571,1,✗ No,budget_exceeded
2,13,13,03-27,+100.0%,+91.43%,0.9571,1,✗ No,budget_exceeded
2,15,13,03-27,+100.0%,+91.43%,0.9571,1,✗ No,budget_exceeded
2,15,15,03-27,+100.0%,+91.43%,0.9571,1,✗ No,budget_exceeded
2,16,13,03-27,+100.0%,+91.43%,0.9571,1,✗ No,budget_exceeded
2,16,16,03-27,+100.0%,+89.87%,0.9493,10,✗ No,budget_exceeded
2,18,13,03-27,+100.0%,+91.43%,0.9571,1,✗ No,budget_exceeded
2,18,15,03-27,+100.0%,+91.43%,0.9571,1,✗ No,budget_exceeded
2,18,18,03-27,+100.0%,+82.58%,0.9129,33,✗ No,budget_exceeded
2,19,13,03-27,+100.0%,+91.43%,0.9571,1,✗ No,budget_exceeded
2,19,15,03-27,+100.0%,+91.43%,0.9571,1,✗ No,budget_exceeded
2,19,17,03-27,+100.0%,+75.42%,0.8771,30,✗ No,budget_exceeded
2,19,19,03-27,+99.0%,+18.11%,0.5905,127,✓ Yes,completed
2,21,13,03-27,+100.0%,+91.43%,0.9571,1,✗ No,budget_exceeded
2,21,15,03-27,+100.0%,+91.43%,0.9571,1,✗ No,budget_exceeded
2,21,16,03-27,+100.0%,+88.35%,0.9418,6,✗ No,budget_exceeded
2,21,18,03-27,+100.0%,+69.70%,0.8485,32,✗ No,budget_exceeded
2,21,19,03-27,+87.7%,+16.99%,0.5849,97,✓ Yes,completed
2,21,21,03-27,+73.9%,+16.00%,0.5800,117,✓ Yes,completed
2,22,13,03-27,+100.0%,+89.14%,0.9457,1,✗ No,budget_exceeded
2,22,15,03-27,+100.0%,+89.14%,0.9457,1,✗ No,budget_exceeded
2,22,16,03-27,+100.0%,+84.35%,0.9217,6,✗ No,budget_exceeded
2,22,18,03-27,+100.0%,+56.68%,0.7834,39,✗ No,budget_exceeded
2,22,19,03-27,+73.5%,+15.53%,0.5777,80,✓ Yes,completed
2,22,21,03-27,+58.6%,+14.42%,0.5721,80,✓ Yes,completed
2,22,22,03-27,+47.1%,+13.43%,0.5672,94,✓ Yes,completed
2,24,13,03-27,+100.0%,+89.14%,0.9457,1,✗ No,budget_exceeded
2,24,15,03-27,+100.0%,+89.14%,0.9457,1,✗ No,budget_exceeded
2,24,16,03-27,+100.0%,+84.19%,0.9210,6,✗ No,budget_exceeded
2,24,18,03-27,+100.0%,+47.95%,0.7397,43,✗ No,budget_exceeded
2,24,19,03-27,+68.9%,+14.57%,0.5728,77,✓ Yes,completed
2,24,21,03-27,+53.5%,+13.97%,0.5698,74,✓ Yes,completed
2,24,22,03-27,+42.1%,+13.05%,0.5652,74,✓ Yes,completed
2,24,24,03-27,+38.4%,+12.65%,0.5632,86,✓ Yes,completed
2,25,13,03-27,+100.0%,+89.14%,0.9457,1,✗ No,budget_exceeded
2,25,15,03-27,+100.0%,+89.14%,0.9457,1,✗ No,budget_exceeded
2,25,16,03-27,+100.0%,+84.12%,0.9206,6,✗ No,budget_exceeded
2,25,18,03-27,+100.0%,+39.00%,0.6950,48,✗ No,budget_exceeded
2,25,19,03-27,+60.9%,+13.55%,0.5678,69,✓ Yes,completed
2,25,21,03-27,+47.8%,+12.94%,0.5647,67,✓ Yes,completed
2,25,22,03-27,+34.3%,+12.33%,0.5616,63,✓ Yes,completed
2,25,24,03-27,+31.6%,+12.03%,0.5602,63,✓ Yes,completed
2,25,25,03-27,+27.6%,+11.29%,0.5565,74,✓ Yes,completed
2,27,13,03-27,+100.0%,+89.14%,0.9457,1,✗ No,budget_exceeded
2,27,15,03-27,+100.0%,+89.14%,0.9457,1,✗ No,budget_exceeded
2,27,16,03-27,+100.0%,+83.47%,0.9173,5,✗ No,budget_exceeded
2,27,18,03-27,+99.4%,+15.39%,0.5770,49,✓ Yes,completed
2,27,19,03-27,+57.0%,+12.94%,0.5647,63,✓ Yes,completed
2,27,21,03-27,+45.1%,+12.42%,0.5621,64,✓ Yes,completed
2,27,22,03-27,+32.2%,+11.86%,0.5593,61,✓ Yes,completed
2,27,24,03-27,+29.8%,+11.60%,0.5580,61,✓ Yes,completed
2,27,25,03-27,+25.8%,+10.95%,0.5547,65,✓ Yes,completed
2,27,27,03-27,+24.5%,+10.58%,0.5529,72,✓ Yes,completed
2,13,13,04-08,+100.0%,+91.43%,0.9571,1,✗ No,budget_exceeded
2,13,13,04-08,+100.0%,+91.43%,0.9571,1,✗ No,budget_exceeded
2,15,13,04-08,+100.0%,+91.43%,0.9571,1,✗ No,budget_exceeded
2,15,15,04-08,+100.0%,+91.43%,0.9571,1,✗ No,budget_exceeded
2,16,13,04-08,+100.0%,+91.43%,0.9571,1,✗ No,budget_exceeded
2,16,16,04-08,+100.0%,+87.22%,0.9361,20,✗ No,budget_exceeded
2,18,13,04-08,+100.0%,+91.43%,0.9571,1,✗ No,budget_exceeded
2,18,15,04-08,+100.0%,+90.84%,0.9542,2,✗ No,budget_exceeded
2,18,18,04-08,+100.0%,+70.40%,0.8520,54,✗ No,budget_exceeded
2,19,13,04-08,+100.0%,+91.23%,0.9562,1,✗ No,budget_exceeded
2,19,15,04-08,+100.0%,+89.70%,0.9485,3,✗ No,budget_exceeded
2,19,17,04-08,+100.0%,+51.67%,0.7583,59,✗ No,budget_exceeded
2,19,19,04-08,+84.1%,+19.36%,0.5968,112,✓ Yes,completed
2,21,13,04-08,+100.0%,+91.16%,0.9558,1,✗ No,budget_exceeded
2,21,15,04-08,+100.0%,+91.16%,0.9558,1,✗ No,budget_exceeded
2,21,16,04-08,+100.0%,+80.60%,0.9030,17,✗ No,budget_exceeded
2,21,18,04-08,+100.0%,+30.22%,0.6511,66,✓ Yes,budget_exceeded
2,21,19,04-08,+74.6%,+18.15%,0.5908,90,✓ Yes,completed
2,21,21,04-08,+65.3%,+17.15%,0.5857,108,✓ Yes,completed
2,22,13,04-08,+100.0%,+90.93%,0.9546,1,✗ No,budget_exceeded
2,22,15,04-08,+100.0%,+90.93%,0.9546,1,✗ No,budget_exceeded
2,22,16,04-08,+100.0%,+72.18%,0.8609,22,✗ No,budget_exceeded
2,22,18,04-08,+96.3%,+18.57%,0.5928,65,✓ Yes,completed
2,22,19,04-08,+64.4%,+16.70%,0.5835,77,✓ Yes,completed
2,22,21,04-08,+52.8%,+15.75%,0.5787,77,✓ Yes,completed
2,22,22,04-08,+44.0%,+14.48%,0.5724,91,✓ Yes,completed
2,24,13,04-08,+100.0%,+90.93%,0.9546,1,✗ No,budget_exceeded
2,24,15,04-08,+100.0%,+90.93%,0.9546,1,✗ No,budget_exceeded
2,24,16,04-08,+100.0%,+71.33%,0.8566,21,✗ No,budget_exceeded
2,24,18,04-08,+89.5%,+17.97%,0.5899,56,✓ Yes,completed
2,24,19,04-08,+59.7%,+15.76%,0.5788,73,✓ Yes,completed
2,24,21,04-08,+48.5%,+15.05%,0.5753,72,✓ Yes,completed
2,24,22,04-08,+39.9%,+13.92%,0.5696,74,✓ Yes,completed
2,24,24,04-08,+36.4%,+13.55%,0.5678,84,✓ Yes,completed
2,25,13,04-08,+100.0%,+90.84%,0.9542,1,✗ No,budget_exceeded
2,25,15,04-08,+100.0%,+90.84%,0.9542,1,✗ No,budget_exceeded
2,25,16,04-08,+100.0%,+70.83%,0.8541,21,✗ No,budget_exceeded
2,25,18,04-08,+84.5%,+17.38%,0.5869,53,✓ Yes,completed
2,25,19,04-08,+52.5%,+14.68%,0.5734,65,✓ Yes,completed
2,25,21,04-08,+43.7%,+13.88%,0.5694,67,✓ Yes,completed
2,25,22,04-08,+34.5%,+13.22%,0.5661,66,✓ Yes,completed
2,25,24,04-08,+31.2%,+12.89%,0.5644,65,✓ Yes,completed
2,25,25,04-08,+27.4%,+11.99%,0.5600,76,✓ Yes,completed
2,27,13,04-08,+100.0%,+90.84%,0.9542,1,✗ No,budget_exceeded
2,27,15,04-08,+100.0%,+90.84%,0.9542,1,✗ No,budget_exceeded
2,27,16,04-08,+100.0%,+63.53%,0.8177,22,✗ No,budget_exceeded
2,27,18,04-08,+81.2%,+16.38%,0.5819,48,✓ Yes,completed
2,27,19,04-08,+49.2%,+13.95%,0.5698,60,✓ Yes,completed
2,27,21,04-08,+40.1%,+13.21%,0.5660,62,✓ Yes,completed
2,27,22,04-08,+31.1%,+12.66%,0.5633,61,✓ Yes,completed
2,27,24,04-08,+29.1%,+12.32%,0.5616,62,✓ Yes,completed
2,27,25,04-08,+25.4%,+11.60%,0.5580,65,✓ Yes,completed
2,27,27,04-08,+23.6%,+11.25%,0.5562,70,✓ Yes,completed
2,13,13,04-20,+100.0%,+91.43%,0.9571,1,✗ No,budget_exceeded
2,13,13,04-20,+100.0%,+91.43%,0.9571,1,✗ No,budget_exceeded
2,15,13,04-20,+100.0%,+91.43%,0.9571,1,✗ No,budget_exceeded
2,15,15,04-20,+100.0%,+91.23%,0.9561,3,✗ No,budget_exceeded
2,16,13,04-20,+100.0%,+91.43%,0.9571,1,✗ No,budget_exceeded
2,16,16,04-20,+100.0%,+79.59%,0.8979,51,✗ No,budget_exceeded
2,18,13,04-20,+100.0%,+91.01%,0.9551,1,✗ No,budget_exceeded
2,18,15,04-20,+100.0%,+84.82%,0.9241,14,✗ No,budget_exceeded
2,18,18,04-20,+100.0%,+52.77%,0.7638,78,✗ No,budget_exceeded
2,19,13,04-20,+100.0%,+90.95%,0.9547,1,✗ No,budget_exceeded
2,19,15,04-20,+100.0%,+83.00%,0.9150,15,✗ No,budget_exceeded
2,19,17,04-20,+100.0%,+23.67%,0.6183,77,✗ No,budget_exceeded
2,19,19,04-20,+78.5%,+20.94%,0.6047,108,✓ Yes,completed
2,21,13,04-20,+100.0%,+90.95%,0.9547,1,✗ No,budget_exceeded
2,21,15,04-20,+100.0%,+90.48%,0.9524,2,✗ No,budget_exceeded
2,21,16,04-20,+100.0%,+53.57%,0.7679,44,✗ No,budget_exceeded
2,21,18,04-20,+93.5%,+21.85%,0.6093,71,✓ Yes,completed
2,21,19,04-20,+67.5%,+20.42%,0.6021,81,✓ Yes,completed
2,21,21,04-20,+58.6%,+19.60%,0.5980,97,✓ Yes,completed
2,22,13,04-20,+100.0%,+90.95%,0.9547,1,✗ No,budget_exceeded
2,22,15,04-20,+100.0%,+90.41%,0.9520,2,✗ No,budget_exceeded
2,22,16,04-20,+100.0%,+24.96%,0.6248,50,✗ No,budget_exceeded
2,22,18,04-20,+85.4%,+20.38%,0.6019,59,✓ Yes,completed
2,22,19,04-20,+58.1%,+19.19%,0.5960,69,✓ Yes,completed
2,22,21,04-20,+49.5%,+18.09%,0.5904,72,✓ Yes,completed
2,22,22,04-20,+42.1%,+16.99%,0.5849,85,✓ Yes,completed
2,24,13,04-20,+100.0%,+90.95%,0.9547,1,✗ No,budget_exceeded
2,24,15,04-20,+100.0%,+90.41%,0.9520,2,✗ No,budget_exceeded
2,24,16,04-20,+96.2%,+20.59%,0.6029,43,✓ Yes,completed
2,24,18,04-20,+79.3%,+19.69%,0.5984,51,✓ Yes,completed
2,24,19,04-20,+53.9%,+18.42%,0.5921,63,✓ Yes,completed
2,24,21,04-20,+46.3%,+17.61%,0.5880,67,✓ Yes,completed
2,24,22,04-20,+38.8%,+16.39%,0.5819,71,✓ Yes,completed
2,24,24,04-20,+35.9%,+15.65%,0.5783,82,✓ Yes,completed
2,25,13,04-20,+100.0%,+90.95%,0.9547,1,✗ No,budget_exceeded
2,25,15,04-20,+100.0%,+90.41%,0.9520,2,✗ No,budget_exceeded
2,25,16,04-20,+93.1%,+19.90%,0.5995,39,✓ Yes,completed
2,25,18,04-20,+76.6%,+19.04%,0.5952,48,✓ Yes,completed
2,25,19,04-20,+50.4%,+17.38%,0.5869,61,✓ Yes,completed
2,25,21,04-20,+42.6%,+16.61%,0.5830,65,✓ Yes,completed
2,25,22,04-20,+34.4%,+15.33%,0.5767,66,✓ Yes,completed
2,25,24,04-20,+31.4%,+15.06%,0.5753,65,✓ Yes,completed
2,25,25,04-20,+27.6%,+14.16%,0.5708,81,✓ Yes,completed
2,27,13,04-20,+100.0%,+90.95%,0.9547,1,✗ No,budget_exceeded
2,27,15,04-20,+100.0%,+90.41%,0.9520,2,✗ No,budget_exceeded
2,27,16,04-20,+88.7%,+18.93%,0.5946,32,✓ Yes,completed
2,27,18,04-20,+72.9%,+18.25%,0.5912,42,✓ Yes,completed
2,27,19,04-20,+46.9%,+16.43%,0.5821,56,✓ Yes,completed
2,27,21,04-20,+38.7%,+15.54%,0.5777,59,✓ Yes,completed
2,27,22,04-20,+30.8%,+14.63%,0.5731,60,✓ Yes,completed
2,27,24,04-20,+28.6%,+14.24%,0.5712,60,✓ Yes,completed
2,27,25,04-20,+25.6%,+13.43%,0.5672,65,✓ Yes,completed
2,27,27,04-20,+24.0%,+12.88%,0.5644,74,✓ Yes,completed
2,13,13,05-02,+100.0%,+91.43%,0.9571,1,✗ No,budget_exceeded
2,13,13,05-02,+100.0%,+91.43%,0.9571,1,✗ No,budget_exceeded
2,15,13,05-02,+100.0%,+91.43%,0.9571,1,✗ No,budget_exceeded
2,15,15,05-02,+100.0%,+89.88%,0.9494,11,✗ No,budget_exceeded
2,16,13,05-02,+100.0%,+91.43%,0.9571,1,✗ No,budget_exceeded
2,16,16,05-02,+100.0%,+55.49%,0.7775,90,✗ No,budget_exceeded
2,18,13,05-02,+100.0%,+91.43%,0.9571,1,✗ No,budget_exceeded
2,18,15,05-02,+100.0%,+61.87%,0.8094,41,✗ No,budget_exceeded
2,18,18,05-02,+100.0%,+27.43%,0.6371,106,✗ No,budget_exceeded
2,19,13,05-02,+100.0%,+91.30%,0.9565,1,✗ No,budget_exceeded
2,19,15,05-02,+100.0%,+52.04%,0.7602,45,✗ No,budget_exceeded
2,19,17,05-02,+84.8%,+22.05%,0.6102,75,✓ Yes,completed
2,19,19,05-02,+67.1%,+20.67%,0.6034,97,✓ Yes,completed
2,21,13,05-02,+100.0%,+91.09%,0.9554,1,✗ No,budget_exceeded
2,21,15,05-02,+100.0%,+83.05%,0.9153,12,✗ No,budget_exceeded
2,21,16,05-02,+97.5%,+20.94%,0.6047,73,✓ Yes,completed
2,21,18,05-02,+77.8%,+21.33%,0.6066,68,✓ Yes,completed
2,21,19,05-02,+58.7%,+19.62%,0.5981,77,✓ Yes,completed
2,21,21,05-02,+51.6%,+19.09%,0.5954,91,✓ Yes,completed
2,22,13,05-02,+100.0%,+90.94%,0.9547,1,✗ No,budget_exceeded
2,22,15,05-02,+100.0%,+78.85%,0.8942,12,✗ No,budget_exceeded
2,22,16,05-02,+79.4%,+20.51%,0.6025,53,✓ Yes,completed
2,22,18,05-02,+68.6%,+20.03%,0.6001,53,✓ Yes,completed
2,22,19,05-02,+49.6%,+18.63%,0.5931,63,✓ Yes,completed
2,22,21,05-02,+41.5%,+18.23%,0.5912,63,✓ Yes,completed
2,22,22,05-02,+36.0%,+17.15%,0.5858,75,✓ Yes,completed
2,24,13,05-02,+100.0%,+90.94%,0.9547,1,✗ No,budget_exceeded
2,24,15,05-02,+100.0%,+77.39%,0.8870,12,✗ No,budget_exceeded
2,24,16,05-02,+74.1%,+19.67%,0.5983,43,✓ Yes,completed
2,24,18,05-02,+62.5%,+18.63%,0.5931,45,✓ Yes,completed
2,24,19,05-02,+43.9%,+18.15%,0.5908,54,✓ Yes,completed
2,24,21,05-02,+38.5%,+17.66%,0.5883,57,✓ Yes,completed
2,24,22,05-02,+32.9%,+16.52%,0.5826,61,✓ Yes,completed
2,24,24,05-02,+30.4%,+15.90%,0.5795,70,✓ Yes,completed
2,25,13,05-02,+100.0%,+90.94%,0.9547,1,✗ No,budget_exceeded
2,25,15,05-02,+100.0%,+57.65%,0.7882,14,✗ No,budget_exceeded
2,25,16,05-02,+71.0%,+18.97%,0.5948,39,✓ Yes,completed
2,25,18,05-02,+59.8%,+18.00%,0.5900,42,✓ Yes,completed
2,25,19,05-02,+40.6%,+17.45%,0.5873,52,✓ Yes,completed
2,25,21,05-02,+35.0%,+16.47%,0.5824,55,✓ Yes,completed
2,25,22,05-02,+28.9%,+15.37%,0.5768,56,✓ Yes,completed
2,25,24,05-02,+26.8%,+14.79%,0.5740,57,✓ Yes,completed
2,25,25,05-02,+23.5%,+13.93%,0.5696,75,✓ Yes,completed
2,27,13,05-02,+100.0%,+90.85%,0.9542,1,✗ No,budget_exceeded
2,27,15,05-02,+100.0%,+55.14%,0.7757,13,✗ No,budget_exceeded
2,27,16,05-02,+66.5%,+17.93%,0.5896,32,✓ Yes,completed
2,27,18,05-02,+56.2%,+17.24%,0.5862,36,✓ Yes,completed
2,27,19,05-02,+37.1%,+16.31%,0.5816,47,✓ Yes,completed
2,27,21,05-02,+31.1%,+15.48%,0.5774,48,✓ Yes,completed
2,27,22,05-02,+25.7%,+14.43%,0.5722,51,✓ Yes,completed
2,27,24,05-02,+24.1%,+14.13%,0.5706,52,✓ Yes,completed
2,27,25,05-02,+21.6%,+13.32%,0.5666,57,✓ Yes,completed
2,27,27,05-02,+20.2%,+12.78%,0.5639,66,✓ Yes,completed
2,13,13,05-14,+100.0%,+89.83%,0.9492,10,✗ No,budget_exceeded
2,13,13,05-14,+100.0%,+89.83%,0.9492,10,✗ No,budget_exceeded
2,15,13,05-14,+100.0%,+88.44%,0.9422,9,✗ No,budget_exceeded
2,15,15,05-14,+100.0%,+80.81%,0.9040,40,✗ No,budget_exceeded
2,16,13,05-14,+100.0%,+86.70%,0.9335,10,✗ No,budget_exceeded
2,16,16,05-14,+100.0%,+32.09%,0.6604,127,✗ No,budget_exceeded
2,18,13,05-14,+100.0%,+86.06%,0.9303,10,✗ No,budget_exceeded
2,18,15,05-14,+100.0%,+38.07%,0.6903,68,✗ No,budget_exceeded
2,18,18,05-14,+86.3%,+16.31%,0.5815,117,✓ Yes,completed
2,19,13,05-14,+100.0%,+82.67%,0.9133,10,✗ No,budget_exceeded
2,19,15,05-14,+100.0%,+22.38%,0.6119,72,✗ No,budget_exceeded
2,19,17,05-14,+62.7%,+17.14%,0.5857,75,✓ Yes,completed
2,19,19,05-14,+47.6%,+16.00%,0.5800,90,✓ Yes,completed
2,21,13,05-14,+100.0%,+74.62%,0.8731,10,✗ No,budget_exceeded
2,21,15,05-14,+100.0%,+49.08%,0.7454,34,✗ No,budget_exceeded
2,21,16,05-14,+75.3%,+15.91%,0.5795,73,✓ Yes,completed
2,21,18,05-14,+55.6%,+16.33%,0.5816,68,✓ Yes,completed
2,21,19,05-14,+41.4%,+14.79%,0.5739,74,✓ Yes,completed
2,21,21,05-14,+36.9%,+14.37%,0.5719,80,✓ Yes,completed
2,22,13,05-14,+100.0%,+70.95%,0.8547,8,✗ No,budget_exceeded
2,22,15,05-14,+100.0%,+36.01%,0.6801,33,✗ No,budget_exceeded
2,22,16,05-14,+57.4%,+15.45%,0.5773,53,✓ Yes,completed
2,22,18,05-14,+46.5%,+14.92%,0.5746,53,✓ Yes,completed
2,22,19,05-14,+32.9%,+13.71%,0.5686,58,✓ Yes,completed
2,22,21,05-14,+30.0%,+13.47%,0.5674,59,✓ Yes,completed
2,22,22,05-14,+26.1%,+12.93%,0.5647,64,✓ Yes,completed
2,24,13,05-14,+100.0%,+66.57%,0.8328,6,✗ No,budget_exceeded
2,24,15,05-14,+100.0%,+30.13%,0.6506,28,✗ No,budget_exceeded
2,24,16,05-14,+52.0%,+14.51%,0.5726,43,✓ Yes,completed
2,24,18,05-14,+40.4%,+13.37%,0.5669,45,✓ Yes,completed
2,24,19,05-14,+28.9%,+12.96%,0.5648,52,✓ Yes,completed
2,24,21,05-14,+26.1%,+12.82%,0.5641,50,✓ Yes,completed
2,24,22,05-14,+23.1%,+12.56%,0.5628,50,✓ Yes,completed
2,24,24,05-14,+21.2%,+12.30%,0.5615,51,✓ Yes,completed
2,25,13,05-14,+100.0%,+65.70%,0.8285,5,✗ No,budget_exceeded
2,25,15,05-14,+100.0%,+24.79%,0.6240,29,✗ No,budget_exceeded
2,25,16,05-14,+48.8%,+13.71%,0.5686,39,✓ Yes,completed
2,25,18,05-14,+37.6%,+12.67%,0.5633,42,✓ Yes,completed
2,25,19,05-14,+25.8%,+12.35%,0.5618,48,✓ Yes,completed
2,25,21,05-14,+23.0%,+12.27%,0.5613,47,✓ Yes,completed
2,25,22,05-14,+19.8%,+11.98%,0.5599,46,✓ Yes,completed
2,25,24,05-14,+18.8%,+11.81%,0.5590,46,✓ Yes,completed
2,25,25,05-14,+16.2%,+10.88%,0.5544,59,✓ Yes,completed
2,27,13,05-14,+100.0%,+65.41%,0.8271,5,✗ No,budget_exceeded
2,27,15,05-14,+100.0%,+20.17%,0.6008,30,✗ No,budget_exceeded
2,27,16,05-14,+44.3%,+12.57%,0.5629,32,✓ Yes,completed
2,27,18,05-14,+34.0%,+11.83%,0.5591,36,✓ Yes,completed
2,27,19,05-14,+21.5%,+11.65%,0.5583,41,✓ Yes,completed
2,27,21,05-14,+19.5%,+11.55%,0.5577,41,✓ Yes,completed
2,27,22,05-14,+17.1%,+11.15%,0.5558,41,✓ Yes,completed
2,27,24,05-14,+16.6%,+11.01%,0.5550,41,✓ Yes,completed
2,27,25,05-14,+14.8%,+10.33%,0.5517,43,✓ Yes,completed
2,27,27,05-14,+13.9%,+9.81%,0.5490,50,✓ Yes,completed
2,13,13,05-26,+100.0%,+88.37%,0.9419,16,✗ No,budget_exceeded
2,13,13,05-26,+100.0%,+88.37%,0.9419,16,✗ No,budget_exceeded
2,15,13,05-26,+100.0%,+86.20%,0.9310,14,✗ No,budget_exceeded
2,15,15,05-26,+100.0%,+74.69%,0.8735,58,✗ No,budget_exceeded
2,16,13,05-26,+100.0%,+82.63%,0.9131,13,✗ No,budget_exceeded
2,16,16,05-26,+100.0%,+15.57%,0.5778,172,✗ No,budget_exceeded
2,18,13,05-26,+100.0%,+80.28%,0.9014,13,✗ No,budget_exceeded
2,18,15,05-26,+100.0%,+17.93%,0.5897,92,✗ No,budget_exceeded
2,18,18,05-26,+68.2%,+12.85%,0.5642,107,✓ Yes,completed
2,19,13,05-26,+100.0%,+69.59%,0.8480,15,✗ No,budget_exceeded
2,19,15,05-26,+88.9%,+10.23%,0.5512,83,✓ Yes,completed
2,19,17,05-26,+52.8%,+13.02%,0.5651,75,✓ Yes,completed
2,19,19,05-26,+37.7%,+13.33%,0.5667,75,✓ Yes,completed
2,21,13,05-26,+100.0%,+61.69%,0.8085,19,✗ No,budget_exceeded
2,21,15,05-26,+100.0%,+35.58%,0.6779,48,✗ No,budget_exceeded
2,21,16,05-26,+57.5%,+12.30%,0.5615,72,✓ Yes,completed
2,21,18,05-26,+42.6%,+13.44%,0.5672,66,✓ Yes,completed
2,21,19,05-26,+32.9%,+12.74%,0.5637,65,✓ Yes,completed
2,21,21,05-26,+29.9%,+12.32%,0.5616,71,✓ Yes,completed
2,22,13,05-26,+100.0%,+54.94%,0.7747,19,✗ No,budget_exceeded
2,22,15,05-26,+100.0%,+20.83%,0.6041,47,✗ No,budget_exceeded
2,22,16,05-26,+38.8%,+12.23%,0.5611,52,✓ Yes,completed
2,22,18,05-26,+32.8%,+12.03%,0.5601,50,✓ Yes,completed
2,22,19,05-26,+24.8%,+11.27%,0.5563,48,✓ Yes,completed
2,22,21,05-26,+23.3%,+10.98%,0.5549,48,✓ Yes,completed
2,22,22,05-26,+20.2%,+10.14%,0.5507,55,✓ Yes,completed
2,24,13,05-26,+100.0%,+44.75%,0.7237,15,✗ No,budget_exceeded
2,24,15,05-26,+100.0%,+15.28%,0.5764,40,✗ No,budget_exceeded
2,24,16,05-26,+32.8%,+11.09%,0.5555,41,✓ Yes,completed
2,24,18,05-26,+27.3%,+11.03%,0.5552,40,✓ Yes,completed
2,24,19,05-26,+21.6%,+10.25%,0.5513,41,✓ Yes,completed
2,24,21,05-26,+20.2%,+10.01%,0.5500,41,✓ Yes,completed
2,24,22,05-26,+18.0%,+9.39%,0.5469,42,✓ Yes,completed
2,24,24,05-26,+16.6%,+9.10%,0.5455,44,✓ Yes,completed
2,25,13,05-26,+100.0%,+43.44%,0.7172,14,✗ No,budget_exceeded
2,25,15,05-26,+100.0%,+11.08%,0.5554,39,✗ No,budget_exceeded
2,25,16,05-26,+29.7%,+10.37%,0.5519,37,✓ Yes,completed
2,25,18,05-26,+24.6%,+10.21%,0.5511,36,✓ Yes,completed
2,25,19,05-26,+19.3%,+9.36%,0.5468,38,✓ Yes,completed
2,25,21,05-26,+18.0%,+9.15%,0.5458,38,✓ Yes,completed
2,25,22,05-26,+15.7%,+8.74%,0.5437,38,✓ Yes,completed
2,25,24,05-26,+14.7%,+8.62%,0.5431,38,✓ Yes,completed
2,25,25,05-26,+12.8%,+8.03%,0.5402,49,✓ Yes,completed
2,27,13,05-26,+100.0%,+43.03%,0.7151,14,✗ No,budget_exceeded
2,27,15,05-26,+100.0%,+7.86%,0.5393,38,✗ No,budget_exceeded
2,27,16,05-26,+25.3%,+9.32%,0.5466,30,✓ Yes,completed
2,27,18,05-26,+21.7%,+9.09%,0.5454,31,✓ Yes,completed
2,27,19,05-26,+16.7%,+8.57%,0.5428,33,✓ Yes,completed
2,27,21,05-26,+15.5%,+8.37%,0.5419,33,✓ Yes,completed
2,27,22,05-26,+13.5%,+8.09%,0.5404,33,✓ Yes,completed
2,27,24,05-26,+12.9%,+8.06%,0.5403,33,✓ Yes,completed
2,27,25,05-26,+11.6%,+7.59%,0.5379,34,✓ Yes,completed
2,27,27,05-26,+10.8%,+7.32%,0.5366,39,✓ Yes,completed
2,13,13,06-07,+100.0%,+84.12%,0.9206,43,✗ No,budget_exceeded
2,13,13,06-07,+100.0%,+84.12%,0.9206,43,✗ No,budget_exceeded
2,15,13,06-07,+100.0%,+77.24%,0.8862,30,✗ No,budget_exceeded
2,15,15,06-07,+100.0%,+64.80%,0.8240,83,✗ No,budget_exceeded
2,16,13,06-07,+100.0%,+70.43%,0.8521,28,✗ No,budget_exceeded
2,16,16,06-07,+97.2%,+7.64%,0.5382,182,✓ Yes,completed
2,18,13,06-07,+100.0%,+67.81%,0.8390,27,✗ No,budget_exceeded
2,18,15,06-07,+98.0%,+7.38%,0.5369,100,✓ Yes,completed
2,18,18,06-07,+63.8%,+9.39%,0.5470,122,✓ Yes,completed
2,19,13,06-07,+100.0%,+60.53%,0.8026,23,✗ No,budget_exceeded
2,19,15,06-07,+77.7%,+7.69%,0.5384,82,✓ Yes,completed
2,19,17,06-07,+46.2%,+10.46%,0.5523,73,✓ Yes,completed
2,19,19,06-07,+37.6%,+10.47%,0.5523,75,✓ Yes,completed
2,21,13,06-07,+100.0%,+57.10%,0.7855,22,✗ No,budget_exceeded
2,21,15,06-07,+100.0%,+28.12%,0.6406,54,✗ No,budget_exceeded
2,21,16,06-07,+51.5%,+9.57%,0.5479,72,✓ Yes,completed
2,21,18,06-07,+41.9%,+10.10%,0.5505,70,✓ Yes,completed
2,21,19,06-07,+32.9%,+10.31%,0.5516,68,✓ Yes,completed
2,21,21,06-07,+30.3%,+10.13%,0.5506,74,✓ Yes,completed
2,22,13,06-07,+100.0%,+50.04%,0.7502,20,✗ No,budget_exceeded
2,22,15,06-07,+100.0%,+9.76%,0.5488,53,✗ No,budget_exceeded
2,22,16,06-07,+36.9%,+9.31%,0.5466,54,✓ Yes,completed
2,22,18,06-07,+30.7%,+9.66%,0.5483,53,✓ Yes,completed
2,22,19,06-07,+21.7%,+10.33%,0.5517,47,✓ Yes,completed
2,22,21,06-07,+20.0%,+10.22%,0.5511,46,✓ Yes,completed
2,22,22,06-07,+16.3%,+9.66%,0.5483,46,✓ Yes,completed
2,24,13,06-07,+100.0%,+39.89%,0.6995,16,✗ No,budget_exceeded
2,24,15,06-07,+95.9%,+2.86%,0.5143,47,✓ Yes,completed
2,24,16,06-07,+31.2%,+8.93%,0.5447,44,✓ Yes,completed
2,24,18,06-07,+21.6%,+9.85%,0.5493,40,✓ Yes,completed
2,24,19,06-07,+18.2%,+9.81%,0.5491,38,✓ Yes,completed
2,24,21,06-07,+16.7%,+9.69%,0.5484,37,✓ Yes,completed
2,24,22,06-07,+14.2%,+9.13%,0.5456,36,✓ Yes,completed
2,24,24,06-07,+12.8%,+8.81%,0.5441,35,✓ Yes,completed
2,25,13,06-07,+100.0%,+38.63%,0.6932,15,✗ No,budget_exceeded
2,25,15,06-07,+84.9%,+2.48%,0.5124,41,✓ Yes,completed
2,25,16,06-07,+27.4%,+8.49%,0.5425,38,✓ Yes,completed
2,25,18,06-07,+18.2%,+9.27%,0.5464,35,✓ Yes,completed
2,25,19,06-07,+15.7%,+9.11%,0.5456,34,✓ Yes,completed
2,25,21,06-07,+14.3%,+8.98%,0.5449,33,✓ Yes,completed
2,25,22,06-07,+12.3%,+8.47%,0.5424,32,✓ Yes,completed
2,25,24,06-07,+11.4%,+8.36%,0.5418,31,✓ Yes,completed
2,25,25,06-07,+10.2%,+7.78%,0.5389,40,✓ Yes,completed
2,27,13,06-07,+100.0%,+38.31%,0.6916,15,✗ No,budget_exceeded
2,27,15,06-07,+78.1%,+2.61%,0.5131,37,✓ Yes,completed
2,27,16,06-07,+19.8%,+8.53%,0.5427,31,✓ Yes,completed
2,27,18,06-07,+15.5%,+8.52%,0.5426,30,✓ Yes,completed
2,27,19,06-07,+12.9%,+8.41%,0.5420,28,✓ Yes,completed
2,27,21,06-07,+12.2%,+8.18%,0.5409,28,✓ Yes,completed
2,27,22,06-07,+10.5%,+7.91%,0.5395,27,✓ Yes,completed
2,27,24,06-07,+10.1%,+7.71%,0.5386,27,✓ Yes,completed
2,27,25,06-07,+9.1%,+7.55%,0.5377,26,✓ Yes,completed
2,27,27,06-07,+8.7%,+7.28%,0.5364,31,✓ Yes,completed
2,13,13,06-09,+100.0%,+82.22%,0.9111,49,✗ No,budget_exceeded
2,13,13,06-09,+100.0%,+82.22%,0.9111,49,✗ No,budget_exceeded
2,15,13,06-09,+100.0%,+76.43%,0.8821,31,✗ No,budget_exceeded
2,15,15,06-09,+100.0%,+64.02%,0.8201,84,✗ No,budget_exceeded
2,16,13,06-09,+100.0%,+70.21%,0.8511,28,✗ No,budget_exceeded
2,16,16,06-09,+94.2%,+6.40%,0.5320,180,✓ Yes,completed
2,18,13,06-09,+100.0%,+67.63%,0.8381,27,✗ No,budget_exceeded
2,18,15,06-09,+95.7%,+6.08%,0.5304,100,✓ Yes,completed
2,18,18,06-09,+62.5%,+8.03%,0.5401,122,✓ Yes,completed
2,19,13,06-09,+100.0%,+60.40%,0.8020,23,✗ No,budget_exceeded
2,19,15,06-09,+77.7%,+6.16%,0.5308,82,✓ Yes,completed
2,19,17,06-09,+46.0%,+8.94%,0.5447,74,✓ Yes,completed
2,19,19,06-09,+37.9%,+8.96%,0.5448,76,✓ Yes,completed
2,21,13,06-09,+100.0%,+56.30%,0.7815,23,✗ No,budget_exceeded
2,21,15,06-09,+100.0%,+26.10%,0.6305,56,✗ No,budget_exceeded
2,21,16,06-09,+50.9%,+8.02%,0.5401,73,✓ Yes,completed
2,21,18,06-09,+40.6%,+8.91%,0.5445,69,✓ Yes,completed
2,21,19,06-09,+32.7%,+8.92%,0.5446,68,✓ Yes,completed
2,21,21,06-09,+30.5%,+8.71%,0.5436,73,✓ Yes,completed
2,22,13,06-09,+100.0%,+51.56%,0.7578,20,✗ No,budget_exceeded
2,22,15,06-09,+100.0%,+8.44%,0.5422,55,✗ No,budget_exceeded
2,22,16,06-09,+38.5%,+7.84%,0.5392,56,✓ Yes,completed
2,22,18,06-09,+31.4%,+8.29%,0.5415,54,✓ Yes,completed
2,22,19,06-09,+25.6%,+8.42%,0.5421,52,✓ Yes,completed
2,22,21,06-09,+23.4%,+8.40%,0.5420,51,✓ Yes,completed
2,22,22,06-09,+16.6%,+8.61%,0.5430,47,✓ Yes,completed
2,24,13,06-09,+100.0%,+41.29%,0.7064,16,✗ No,budget_exceeded
2,24,15,06-09,+97.3%,+1.28%,0.5064,48,✓ Yes,completed
2,24,16,06-09,+32.3%,+7.40%,0.5370,46,✓ Yes,completed
2,24,18,06-09,+25.8%,+7.95%,0.5397,44,✓ Yes,completed
2,24,19,06-09,+18.4%,+8.68%,0.5434,39,✓ Yes,completed
2,24,21,06-09,+17.4%,+8.49%,0.5424,39,✓ Yes,completed
2,24,22,06-09,+14.4%,+8.14%,0.5407,37,✓ Yes,completed
2,24,24,06-09,+12.8%,+7.84%,0.5392,36,✓ Yes,completed
2,25,13,06-09,+100.0%,+40.00%,0.7000,15,✗ No,budget_exceeded
2,25,15,06-09,+86.7%,+0.93%,0.5046,43,✓ Yes,completed
2,25,16,06-09,+27.8%,+7.15%,0.5357,40,✓ Yes,completed
2,25,18,06-09,+18.4%,+8.12%,0.5406,36,✓ Yes,completed
2,25,19,06-09,+15.8%,+8.00%,0.5400,35,✓ Yes,completed
2,25,21,06-09,+14.3%,+7.92%,0.5396,34,✓ Yes,completed
2,25,22,06-09,+12.2%,+7.53%,0.5376,33,✓ Yes,completed
2,25,24,06-09,+11.0%,+7.38%,0.5369,32,✓ Yes,completed
2,25,25,06-09,+9.5%,+6.81%,0.5341,40,✓ Yes,completed
2,27,13,06-09,+100.0%,+39.66%,0.6983,15,✗ No,budget_exceeded
2,27,15,06-09,+79.2%,+0.98%,0.5049,38,✓ Yes,completed
2,27,16,06-09,+23.9%,+6.62%,0.5331,33,✓ Yes,completed
2,27,18,06-09,+15.7%,+7.40%,0.5370,31,✓ Yes,completed
2,27,19,06-09,+12.8%,+7.42%,0.5371,29,✓ Yes,completed
2,27,21,06-09,+12.1%,+7.22%,0.5361,29,✓ Yes,completed
2,27,22,06-09,+10.2%,+6.82%,0.5341,28,✓ Yes,completed
2,27,24,06-09,+9.4%,+6.76%,0.5338,27,✓ Yes,completed
2,27,25,06-09,+8.6%,+6.34%,0.5317,27,✓ Yes,completed
2,27,27,06-09,+8.3%,+6.13%,0.5307,32,✓ Yes,completed
3,18,15,03-22,+100.0%,+91.43%,0.9571,1,✗ No,budget_exceeded
3,18,15,03-22,+100.0%,+91.43%,0.9571,1,✗ No,budget_exceeded
3,18,16,03-22,+100.0%,+90.32%,0.9516,3,✗ No,budget_exceeded
3,18,17,03-22,+100.0%,+90.32%,0.9516,3,✗ No,budget_exceeded
3,18,18,03-22,+100.0%,+82.68%,0.9134,29,✗ No,budget_exceeded
3,19,15,03-22,+100.0%,+91.43%,0.9571,1,✗ No,budget_exceeded
3,19,15,03-22,+100.0%,+91.43%,0.9571,1,✗ No,budget_exceeded
3,19,16,03-22,+100.0%,+90.14%,0.9507,3,✗ No,budget_exceeded
3,19,17,03-22,+100.0%,+90.14%,0.9507,3,✗ No,budget_exceeded
3,19,17,03-22,+100.0%,+79.71%,0.8986,28,✗ No,budget_exceeded
3,19,18,03-22,+100.0%,+69.55%,0.8477,63,✗ No,budget_exceeded
3,19,19,03-22,+100.0%,+69.55%,0.8477,63,✗ No,budget_exceeded
3,20,15,03-22,+100.0%,+90.99%,0.9550,1,✗ No,budget_exceeded
3,20,15,03-22,+100.0%,+90.99%,0.9550,1,✗ No,budget_exceeded
3,20,16,03-22,+100.0%,+89.64%,0.9482,3,✗ No,budget_exceeded
3,20,17,03-22,+100.0%,+89.64%,0.9482,3,✗ No,budget_exceeded
3,20,18,03-22,+100.0%,+76.75%,0.8837,27,✗ No,budget_exceeded
3,20,18,03-22,+100.0%,+57.20%,0.7860,58,✗ No,budget_exceeded
3,20,19,03-22,+100.0%,+57.20%,0.7860,58,✗ No,budget_exceeded
3,20,20,03-22,+100.0%,+33.51%,0.6675,118,✗ No,budget_exceeded
3,21,15,03-22,+100.0%,+90.99%,0.9550,1,✗ No,budget_exceeded
3,21,15,03-22,+100.0%,+90.99%,0.9550,1,✗ No,budget_exceeded
3,21,16,03-22,+100.0%,+89.57%,0.9479,3,✗ No,budget_exceeded
3,21,17,03-22,+100.0%,+89.57%,0.9479,3,✗ No,budget_exceeded
3,21,17,03-22,+100.0%,+73.60%,0.8680,26,✗ No,budget_exceeded
3,21,18,03-22,+100.0%,+40.45%,0.7023,68,✗ No,budget_exceeded
3,21,19,03-22,+100.0%,+40.45%,0.7023,68,✗ No,budget_exceeded
3,21,19,03-22,+92.4%,+16.31%,0.5815,98,✓ Yes,completed
3,21,20,03-22,+78.7%,+15.18%,0.5759,120,✓ Yes,completed
3,21,21,03-22,+78.7%,+15.18%,0.5759,120,✓ Yes,completed
3,22,15,03-22,+100.0%,+90.92%,0.9546,1,✗ No,budget_exceeded
3,22,15,03-22,+100.0%,+90.92%,0.9546,1,✗ No,budget_exceeded
3,22,16,03-22,+100.0%,+89.29%,0.9465,3,✗ No,budget_exceeded
3,22,17,03-22,+100.0%,+89.29%,0.9465,3,✗ No,budget_exceeded
3,22,17,03-22,+100.0%,+72.78%,0.8639,26,✗ No,budget_exceeded
3,22,18,03-22,+100.0%,+29.61%,0.6481,74,✗ No,budget_exceeded
3,22,19,03-22,+100.0%,+29.61%,0.6481,74,✗ No,budget_exceeded
3,22,20,03-22,+84.2%,+15.58%,0.5779,88,✓ Yes,completed
3,22,20,03-22,+68.5%,+14.50%,0.5725,93,✓ Yes,completed
3,22,21,03-22,+68.5%,+14.50%,0.5725,93,✓ Yes,completed
3,22,22,03-22,+59.5%,+13.81%,0.5691,119,✓ Yes,completed
3,23,15,03-22,+100.0%,+90.92%,0.9546,1,✗ No,budget_exceeded
3,23,15,03-22,+100.0%,+90.92%,0.9546,1,✗ No,budget_exceeded
3,23,16,03-22,+100.0%,+87.81%,0.9391,3,✗ No,budget_exceeded
3,23,17,03-22,+100.0%,+87.81%,0.9391,3,✗ No,budget_exceeded
3,23,17,03-22,+100.0%,+71.61%,0.8580,25,✗ No,budget_exceeded
3,23,18,03-22,+99.2%,+16.22%,0.5811,76,✓ Yes,completed
3,23,19,03-22,+99.2%,+16.22%,0.5811,76,✓ Yes,completed
3,23,19,03-22,+77.4%,+14.63%,0.5732,82,✓ Yes,completed
3,23,20,03-22,+59.5%,+13.73%,0.5687,78,✓ Yes,completed
3,23,21,03-22,+59.5%,+13.73%,0.5687,78,✓ Yes,completed
3,23,21,03-22,+53.0%,+13.36%,0.5668,82,✓ Yes,completed
3,23,22,03-22,+47.2%,+12.94%,0.5647,93,✓ Yes,completed
3,23,23,03-22,+47.2%,+12.94%,0.5647,93,✓ Yes,completed
3,24,15,03-22,+100.0%,+90.92%,0.9546,1,✗ No,budget_exceeded
3,24,15,03-22,+100.0%,+90.92%,0.9546,1,✗ No,budget_exceeded
3,24,16,03-22,+100.0%,+90.92%,0.9546,1,✗ No,budget_exceeded
3,24,17,03-22,+100.0%,+87.81%,0.9391,3,✗ No,budget_exceeded
3,24,17,03-22,+100.0%,+67.16%,0.8358,27,✗ No,budget_exceeded
3,24,18,03-22,+100.0%,+67.16%,0.8358,27,✗ No,budget_exceeded
3,24,19,03-22,+94.3%,+15.37%,0.5768,72,✓ Yes,completed
3,24,19,03-22,+71.5%,+13.84%,0.5692,77,✓ Yes,completed
3,24,20,03-22,+71.5%,+13.84%,0.5692,77,✓ Yes,completed
3,24,20,03-22,+55.0%,+13.24%,0.5662,73,✓ Yes,completed
3,24,21,03-22,+47.0%,+12.82%,0.5641,73,✓ Yes,completed
3,24,22,03-22,+47.0%,+12.82%,0.5641,73,✓ Yes,completed
3,24,22,03-22,+41.7%,+12.71%,0.5636,72,✓ Yes,completed
3,24,23,03-22,+38.4%,+12.27%,0.5613,86,✓ Yes,completed
3,24,24,03-22,+38.4%,+12.27%,0.5613,86,✓ Yes,completed
3,18,15,03-28,+100.0%,+91.43%,0.9571,1,✗ No,budget_exceeded
3,18,15,03-28,+100.0%,+91.43%,0.9571,1,✗ No,budget_exceeded
3,18,16,03-28,+100.0%,+89.30%,0.9465,6,✗ No,budget_exceeded
3,18,17,03-28,+100.0%,+89.30%,0.9465,6,✗ No,budget_exceeded
3,18,18,03-28,+100.0%,+82.59%,0.9129,33,✗ No,budget_exceeded
3,19,15,03-28,+100.0%,+91.31%,0.9565,1,✗ No,budget_exceeded
3,19,15,03-28,+100.0%,+91.31%,0.9565,1,✗ No,budget_exceeded
3,19,16,03-28,+100.0%,+88.82%,0.9441,6,✗ No,budget_exceeded
3,19,17,03-28,+100.0%,+88.82%,0.9441,6,✗ No,budget_exceeded
3,19,17,03-28,+100.0%,+78.65%,0.8933,30,✗ No,budget_exceeded
3,19,18,03-28,+100.0%,+60.48%,0.8024,73,✗ No,budget_exceeded
3,19,19,03-28,+100.0%,+60.48%,0.8024,73,✗ No,budget_exceeded
3,20,15,03-28,+100.0%,+90.84%,0.9542,1,✗ No,budget_exceeded
3,20,15,03-28,+100.0%,+90.84%,0.9542,1,✗ No,budget_exceeded
3,20,16,03-28,+100.0%,+88.13%,0.9407,6,✗ No,budget_exceeded
3,20,17,03-28,+100.0%,+88.13%,0.9407,6,✗ No,budget_exceeded
3,20,18,03-28,+100.0%,+72.60%,0.8630,33,✗ No,budget_exceeded
3,20,18,03-28,+100.0%,+46.60%,0.7330,70,✗ No,budget_exceeded
3,20,19,03-28,+100.0%,+46.60%,0.7330,70,✗ No,budget_exceeded
3,20,20,03-28,+97.5%,+18.31%,0.5916,125,✓ Yes,completed
3,21,15,03-28,+100.0%,+90.77%,0.9539,1,✗ No,budget_exceeded
3,21,15,03-28,+100.0%,+90.77%,0.9539,1,✗ No,budget_exceeded
3,21,16,03-28,+100.0%,+87.73%,0.9387,6,✗ No,budget_exceeded
3,21,17,03-28,+100.0%,+87.73%,0.9387,6,✗ No,budget_exceeded
3,21,17,03-28,+100.0%,+65.81%,0.8291,36,✗ No,budget_exceeded
3,21,18,03-28,+100.0%,+25.73%,0.6286,81,✗ No,budget_exceeded
3,21,19,03-28,+100.0%,+25.73%,0.6286,81,✗ No,budget_exceeded
3,21,19,03-28,+86.4%,+17.26%,0.5863,96,✓ Yes,completed
3,21,20,03-28,+73.5%,+16.23%,0.5812,115,✓ Yes,completed
3,21,21,03-28,+73.5%,+16.23%,0.5812,115,✓ Yes,completed
3,22,15,03-28,+100.0%,+90.77%,0.9539,1,✗ No,budget_exceeded
3,22,15,03-28,+100.0%,+90.77%,0.9539,1,✗ No,budget_exceeded
3,22,16,03-28,+100.0%,+87.52%,0.9376,6,✗ No,budget_exceeded
3,22,17,03-28,+100.0%,+87.52%,0.9376,6,✗ No,budget_exceeded
3,22,17,03-28,+100.0%,+64.14%,0.8207,38,✗ No,budget_exceeded
3,22,18,03-28,+96.3%,+17.76%,0.5888,80,✓ Yes,completed
3,22,19,03-28,+96.3%,+17.76%,0.5888,80,✓ Yes,completed
3,22,20,03-28,+79.2%,+16.32%,0.5816,87,✓ Yes,completed
3,22,20,03-28,+65.9%,+15.29%,0.5764,91,✓ Yes,completed
3,22,21,03-28,+65.9%,+15.29%,0.5764,91,✓ Yes,completed
3,22,22,03-28,+57.3%,+14.70%,0.5735,111,✓ Yes,completed
3,23,15,03-28,+100.0%,+90.77%,0.9539,1,✗ No,budget_exceeded
3,23,15,03-28,+100.0%,+90.77%,0.9539,1,✗ No,budget_exceeded
3,23,16,03-28,+100.0%,+85.98%,0.9299,6,✗ No,budget_exceeded
3,23,17,03-28,+100.0%,+85.98%,0.9299,6,✗ No,budget_exceeded
3,23,17,03-28,+100.0%,+58.33%,0.7917,39,✗ No,budget_exceeded
3,23,18,03-28,+91.8%,+16.94%,0.5847,75,✓ Yes,completed
3,23,19,03-28,+91.8%,+16.94%,0.5847,75,✓ Yes,completed
3,23,19,03-28,+73.9%,+15.92%,0.5796,81,✓ Yes,completed
3,23,20,03-28,+59.1%,+14.72%,0.5736,81,✓ Yes,completed
3,23,21,03-28,+59.1%,+14.72%,0.5736,81,✓ Yes,completed
3,23,21,03-28,+52.4%,+14.29%,0.5714,85,✓ Yes,completed
3,23,22,03-28,+47.4%,+13.70%,0.5685,95,✓ Yes,completed
3,23,23,03-28,+47.4%,+13.70%,0.5685,95,✓ Yes,completed
3,24,15,03-28,+100.0%,+90.77%,0.9539,1,✗ No,budget_exceeded
3,24,15,03-28,+100.0%,+90.77%,0.9539,1,✗ No,budget_exceeded
3,24,16,03-28,+100.0%,+90.77%,0.9539,1,✗ No,budget_exceeded
3,24,17,03-28,+100.0%,+85.83%,0.9291,6,✗ No,budget_exceeded
3,24,17,03-28,+100.0%,+49.60%,0.7480,43,✗ No,budget_exceeded
3,24,18,03-28,+100.0%,+49.60%,0.7480,43,✗ No,budget_exceeded
3,24,19,03-28,+87.3%,+16.26%,0.5813,71,✓ Yes,completed
3,24,19,03-28,+68.9%,+15.04%,0.5752,77,✓ Yes,completed
3,24,20,03-28,+68.9%,+15.04%,0.5752,77,✓ Yes,completed
3,24,20,03-28,+54.5%,+14.17%,0.5709,76,✓ Yes,completed
3,24,21,03-28,+47.3%,+13.58%,0.5679,76,✓ Yes,completed
3,24,22,03-28,+47.3%,+13.58%,0.5679,76,✓ Yes,completed
3,24,22,03-28,+42.7%,+13.30%,0.5665,75,✓ Yes,completed
3,24,23,03-28,+38.9%,+12.88%,0.5644,87,✓ Yes,completed
3,24,24,03-28,+38.9%,+12.88%,0.5644,87,✓ Yes,completed
3,18,15,04-03,+100.0%,+91.43%,0.9571,1,✗ No,budget_exceeded
3,18,15,04-03,+100.0%,+91.43%,0.9571,1,✗ No,budget_exceeded
3,18,16,04-03,+100.0%,+89.29%,0.9464,6,✗ No,budget_exceeded
3,18,17,04-03,+100.0%,+89.29%,0.9464,6,✗ No,budget_exceeded
3,18,18,04-03,+100.0%,+76.37%,0.8819,44,✗ No,budget_exceeded
3,19,15,04-03,+100.0%,+91.43%,0.9571,1,✗ No,budget_exceeded
3,19,15,04-03,+100.0%,+91.43%,0.9571,1,✗ No,budget_exceeded
3,19,16,04-03,+100.0%,+88.92%,0.9446,6,✗ No,budget_exceeded
3,19,17,04-03,+100.0%,+88.92%,0.9446,6,✗ No,budget_exceeded
3,19,17,04-03,+100.0%,+70.48%,0.8524,42,✗ No,budget_exceeded
3,19,18,04-03,+100.0%,+46.24%,0.7312,89,✗ No,budget_exceeded
3,19,19,04-03,+100.0%,+46.24%,0.7312,89,✗ No,budget_exceeded
3,20,15,04-03,+100.0%,+91.43%,0.9571,1,✗ No,budget_exceeded
3,20,15,04-03,+100.0%,+91.43%,0.9571,1,✗ No,budget_exceeded
3,20,16,04-03,+100.0%,+88.56%,0.9428,7,✗ No,budget_exceeded
3,20,17,04-03,+100.0%,+88.56%,0.9428,7,✗ No,budget_exceeded
3,20,18,04-03,+100.0%,+61.83%,0.8091,47,✗ No,budget_exceeded
3,20,18,04-03,+100.0%,+23.46%,0.6173,88,✗ No,budget_exceeded
3,20,19,04-03,+100.0%,+23.46%,0.6173,88,✗ No,budget_exceeded
3,20,20,04-03,+89.1%,+18.58%,0.5929,120,✓ Yes,completed
3,21,15,04-03,+100.0%,+90.96%,0.9548,1,✗ No,budget_exceeded
3,21,15,04-03,+100.0%,+90.96%,0.9548,1,✗ No,budget_exceeded
3,21,16,04-03,+100.0%,+87.67%,0.9383,7,✗ No,budget_exceeded
3,21,17,04-03,+100.0%,+87.67%,0.9383,7,✗ No,budget_exceeded
3,21,17,04-03,+100.0%,+53.20%,0.7660,51,✗ No,budget_exceeded
3,21,18,04-03,+92.0%,+18.77%,0.5939,83,✓ Yes,completed
3,21,19,04-03,+92.0%,+18.77%,0.5939,83,✓ Yes,completed
3,21,19,04-03,+78.8%,+17.55%,0.5878,93,✓ Yes,completed
3,21,20,04-03,+68.4%,+16.49%,0.5825,112,✓ Yes,completed
3,21,21,04-03,+68.4%,+16.49%,0.5825,112,✓ Yes,completed
3,22,15,04-03,+100.0%,+90.89%,0.9545,1,✗ No,budget_exceeded
3,22,15,04-03,+100.0%,+90.89%,0.9545,1,✗ No,budget_exceeded
3,22,16,04-03,+100.0%,+86.77%,0.9339,8,✗ No,budget_exceeded
3,22,17,04-03,+100.0%,+86.77%,0.9339,8,✗ No,budget_exceeded
3,22,17,04-03,+100.0%,+46.77%,0.7339,54,✗ No,budget_exceeded
3,22,18,04-03,+87.5%,+17.90%,0.5895,80,✓ Yes,completed
3,22,19,04-03,+87.5%,+17.90%,0.5895,80,✓ Yes,completed
3,22,20,04-03,+71.8%,+16.68%,0.5834,84,✓ Yes,completed
3,22,20,04-03,+60.1%,+15.82%,0.5791,87,✓ Yes,completed
3,22,21,04-03,+60.1%,+15.82%,0.5791,87,✓ Yes,completed
3,22,22,04-03,+54.6%,+14.98%,0.5749,110,✓ Yes,completed
3,23,15,04-03,+100.0%,+90.89%,0.9545,1,✗ No,budget_exceeded
3,23,15,04-03,+100.0%,+90.89%,0.9545,1,✗ No,budget_exceeded
3,23,16,04-03,+100.0%,+83.66%,0.9183,10,✗ No,budget_exceeded
3,23,17,04-03,+100.0%,+83.66%,0.9183,10,✗ No,budget_exceeded
3,23,17,04-03,+100.0%,+37.22%,0.6861,57,✗ No,budget_exceeded
3,23,18,04-03,+82.5%,+17.22%,0.5861,73,✓ Yes,completed
3,23,19,04-03,+82.5%,+17.22%,0.5861,73,✓ Yes,completed
3,23,19,04-03,+67.8%,+16.00%,0.5800,80,✓ Yes,completed
3,23,20,04-03,+55.2%,+15.05%,0.5753,80,✓ Yes,completed
3,23,21,04-03,+55.2%,+15.05%,0.5753,80,✓ Yes,completed
3,23,21,04-03,+49.4%,+14.49%,0.5724,83,✓ Yes,completed
3,23,22,04-03,+43.8%,+14.05%,0.5703,92,✓ Yes,completed
3,23,23,04-03,+43.8%,+14.05%,0.5703,92,✓ Yes,completed
3,24,15,04-03,+100.0%,+90.74%,0.9537,1,✗ No,budget_exceeded
3,24,15,04-03,+100.0%,+90.74%,0.9537,1,✗ No,budget_exceeded
3,24,16,04-03,+100.0%,+90.74%,0.9537,1,✗ No,budget_exceeded
3,24,17,04-03,+100.0%,+80.91%,0.9045,11,✗ No,budget_exceeded
3,24,17,04-03,+96.7%,+17.67%,0.5883,56,✓ Yes,completed
3,24,18,04-03,+96.7%,+17.67%,0.5883,56,✓ Yes,completed
3,24,19,04-03,+78.0%,+16.43%,0.5821,69,✓ Yes,completed
3,24,19,04-03,+62.1%,+15.36%,0.5768,75,✓ Yes,completed
3,24,20,04-03,+62.1%,+15.36%,0.5768,75,✓ Yes,completed
3,24,20,04-03,+50.0%,+14.37%,0.5719,74,✓ Yes,completed
3,24,21,04-03,+44.1%,+14.02%,0.5701,74,✓ Yes,completed
3,24,22,04-03,+44.1%,+14.02%,0.5701,74,✓ Yes,completed
3,24,22,04-03,+39.7%,+13.56%,0.5678,74,✓ Yes,completed
3,24,23,04-03,+36.7%,+13.10%,0.5655,85,✓ Yes,completed
3,24,24,04-03,+36.7%,+13.10%,0.5655,85,✓ Yes,completed
3,18,15,04-09,+100.0%,+91.43%,0.9571,1,✗ No,budget_exceeded
3,18,15,04-09,+100.0%,+89.65%,0.9483,4,✗ No,budget_exceeded
3,18,16,04-09,+100.0%,+83.69%,0.9184,16,✗ No,budget_exceeded
3,18,17,04-09,+100.0%,+83.69%,0.9184,16,✗ No,budget_exceeded
3,18,18,04-09,+100.0%,+68.14%,0.8407,57,✗ No,budget_exceeded
3,19,15,04-09,+100.0%,+91.43%,0.9571,1,✗ No,budget_exceeded
3,19,15,04-09,+100.0%,+89.43%,0.9471,4,✗ No,budget_exceeded
3,19,16,04-09,+100.0%,+82.67%,0.9133,16,✗ No,budget_exceeded
3,19,17,04-09,+100.0%,+82.67%,0.9133,16,✗ No,budget_exceeded
3,19,17,04-09,+100.0%,+58.80%,0.7940,56,✗ No,budget_exceeded
3,19,18,04-09,+100.0%,+28.07%,0.6403,105,✗ No,budget_exceeded
3,19,19,04-09,+100.0%,+28.07%,0.6403,105,✗ No,budget_exceeded
3,20,15,04-09,+100.0%,+91.43%,0.9571,1,✗ No,budget_exceeded
3,20,15,04-09,+100.0%,+89.30%,0.9465,4,✗ No,budget_exceeded
3,20,16,04-09,+100.0%,+81.49%,0.9074,18,✗ No,budget_exceeded
3,20,17,04-09,+100.0%,+81.49%,0.9074,18,✗ No,budget_exceeded
3,20,18,04-09,+100.0%,+49.41%,0.7470,62,✗ No,budget_exceeded
3,20,18,04-09,+95.6%,+19.91%,0.5996,90,✓ Yes,completed
3,20,19,04-09,+95.6%,+19.91%,0.5996,90,✓ Yes,completed
3,20,20,04-09,+82.8%,+19.63%,0.5981,111,✓ Yes,completed
3,21,15,04-09,+100.0%,+91.43%,0.9571,1,✗ No,budget_exceeded
3,21,15,04-09,+100.0%,+89.17%,0.9458,4,✗ No,budget_exceeded
3,21,16,04-09,+100.0%,+79.93%,0.8997,19,✗ No,budget_exceeded
3,21,17,04-09,+100.0%,+79.93%,0.8997,19,✗ No,budget_exceeded
3,21,17,04-09,+100.0%,+28.78%,0.6439,69,✗ No,budget_exceeded
3,21,18,04-09,+85.1%,+19.53%,0.5976,80,✓ Yes,completed
3,21,19,04-09,+85.1%,+19.53%,0.5976,80,✓ Yes,completed
3,21,19,04-09,+73.5%,+18.48%,0.5924,89,✓ Yes,completed
3,21,20,04-09,+64.4%,+17.50%,0.5875,107,✓ Yes,completed
3,21,21,04-09,+64.4%,+17.50%,0.5875,107,✓ Yes,completed
3,22,15,04-09,+100.0%,+90.89%,0.9545,1,✗ No,budget_exceeded
3,22,15,04-09,+100.0%,+88.02%,0.9401,5,✗ No,budget_exceeded
3,22,16,04-09,+100.0%,+78.21%,0.8911,20,✗ No,budget_exceeded
3,22,17,04-09,+100.0%,+78.21%,0.8911,20,✗ No,budget_exceeded
3,22,17,04-09,+98.6%,+19.10%,0.5955,70,✓ Yes,completed
3,22,18,04-09,+80.0%,+18.83%,0.5941,75,✓ Yes,completed
3,22,19,04-09,+80.0%,+18.83%,0.5941,75,✓ Yes,completed
3,22,20,04-09,+67.3%,+17.58%,0.5879,80,✓ Yes,completed
3,22,20,04-09,+57.7%,+16.57%,0.5829,84,✓ Yes,completed
3,22,21,04-09,+57.7%,+16.57%,0.5829,84,✓ Yes,completed
3,22,22,04-09,+51.4%,+16.08%,0.5804,104,✓ Yes,completed
3,23,15,04-09,+100.0%,+90.82%,0.9541,1,✗ No,budget_exceeded
3,23,15,04-09,+100.0%,+86.36%,0.9318,5,✗ No,budget_exceeded
3,23,16,04-09,+100.0%,+71.03%,0.8551,23,✗ No,budget_exceeded
3,23,17,04-09,+100.0%,+71.03%,0.8551,23,✗ No,budget_exceeded
3,23,17,04-09,+94.3%,+18.79%,0.5940,65,✓ Yes,completed
3,23,18,04-09,+75.5%,+18.04%,0.5902,69,✓ Yes,completed
3,23,19,04-09,+75.5%,+18.04%,0.5902,69,✓ Yes,completed
3,23,19,04-09,+63.5%,+16.99%,0.5849,76,✓ Yes,completed
3,23,20,04-09,+52.6%,+16.03%,0.5801,77,✓ Yes,completed
3,23,21,04-09,+52.6%,+16.03%,0.5801,77,✓ Yes,completed
3,23,21,04-09,+47.2%,+15.48%,0.5774,80,✓ Yes,completed
3,23,22,04-09,+43.9%,+14.83%,0.5741,92,✓ Yes,completed
3,23,23,04-09,+43.9%,+14.83%,0.5741,92,✓ Yes,completed
3,24,15,04-09,+100.0%,+90.82%,0.9541,1,✗ No,budget_exceeded
3,24,15,04-09,+100.0%,+84.90%,0.9245,5,✗ No,budget_exceeded
3,24,16,04-09,+100.0%,+84.90%,0.9245,5,✗ No,budget_exceeded
3,24,17,04-09,+100.0%,+68.38%,0.8419,24,✗ No,budget_exceeded
3,24,17,04-09,+86.9%,+18.28%,0.5914,55,✓ Yes,completed
3,24,18,04-09,+86.9%,+18.28%,0.5914,55,✓ Yes,completed
3,24,19,04-09,+71.0%,+17.12%,0.5856,64,✓ Yes,completed
3,24,19,04-09,+58.8%,+16.14%,0.5807,72,✓ Yes,completed
3,24,20,04-09,+58.8%,+16.14%,0.5807,72,✓ Yes,completed
3,24,20,04-09,+47.8%,+15.44%,0.5772,71,✓ Yes,completed
3,24,21,04-09,+43.7%,+14.71%,0.5736,74,✓ Yes,completed
3,24,22,04-09,+43.7%,+14.71%,0.5736,74,✓ Yes,completed
3,24,22,04-09,+39.9%,+14.23%,0.5711,74,✓ Yes,completed
3,24,23,04-09,+36.1%,+13.80%,0.5690,84,✓ Yes,completed
3,24,24,04-09,+36.1%,+13.80%,0.5690,84,✓ Yes,completed
3,18,15,04-15,+100.0%,+90.96%,0.9548,2,✗ No,budget_exceeded
3,18,15,04-15,+100.0%,+87.01%,0.9350,10,✗ No,budget_exceeded
3,18,16,04-15,+100.0%,+77.75%,0.8887,28,✗ No,budget_exceeded
3,18,17,04-15,+100.0%,+77.75%,0.8887,28,✗ No,budget_exceeded
3,18,18,04-15,+100.0%,+58.94%,0.7947,70,✗ No,budget_exceeded
3,19,15,04-15,+100.0%,+90.96%,0.9548,2,✗ No,budget_exceeded
3,19,15,04-15,+100.0%,+86.65%,0.9332,10,✗ No,budget_exceeded
3,19,16,04-15,+100.0%,+74.56%,0.8728,28,✗ No,budget_exceeded
3,19,17,04-15,+100.0%,+74.56%,0.8728,28,✗ No,budget_exceeded
3,19,17,04-15,+100.0%,+39.91%,0.6996,69,✗ No,budget_exceeded
3,19,18,04-15,+97.5%,+20.25%,0.6012,105,✓ Yes,completed
3,19,19,04-15,+97.5%,+20.25%,0.6012,105,✓ Yes,completed
3,20,15,04-15,+100.0%,+90.89%,0.9544,2,✗ No,budget_exceeded
3,20,15,04-15,+100.0%,+85.55%,0.9277,11,✗ No,budget_exceeded
3,20,16,04-15,+100.0%,+72.08%,0.8604,30,✗ No,budget_exceeded
3,20,17,04-15,+100.0%,+72.08%,0.8604,30,✗ No,budget_exceeded
3,20,18,04-15,+100.0%,+31.58%,0.6579,72,✗ No,budget_exceeded
3,20,18,04-15,+91.2%,+19.63%,0.5982,88,✓ Yes,completed
3,20,19,04-15,+91.2%,+19.63%,0.5982,88,✓ Yes,completed
3,20,20,04-15,+79.2%,+19.17%,0.5959,108,✓ Yes,completed
3,21,15,04-15,+100.0%,+90.48%,0.9524,2,✗ No,budget_exceeded
3,21,15,04-15,+100.0%,+84.80%,0.9240,11,✗ No,budget_exceeded
3,21,16,04-15,+100.0%,+68.90%,0.8445,32,✗ No,budget_exceeded
3,21,17,04-15,+100.0%,+68.90%,0.8445,32,✗ No,budget_exceeded
3,21,17,04-15,+97.1%,+19.59%,0.5980,75,✓ Yes,completed
3,21,18,04-15,+81.0%,+19.01%,0.5950,78,✓ Yes,completed
3,21,19,04-15,+81.0%,+19.01%,0.5950,78,✓ Yes,completed
3,21,19,04-15,+68.3%,+18.46%,0.5923,83,✓ Yes,completed
3,21,20,04-15,+60.0%,+17.34%,0.5867,101,✓ Yes,completed
3,21,21,04-15,+60.0%,+17.34%,0.5867,101,✓ Yes,completed
3,22,15,04-15,+100.0%,+90.34%,0.9517,2,✗ No,budget_exceeded
3,22,15,04-15,+100.0%,+84.38%,0.9219,11,✗ No,budget_exceeded
3,22,16,04-15,+100.0%,+63.71%,0.8186,34,✗ No,budget_exceeded
3,22,17,04-15,+100.0%,+63.71%,0.8186,34,✗ No,budget_exceeded
3,22,17,04-15,+92.4%,+18.93%,0.5947,68,✓ Yes,completed
3,22,18,04-15,+75.3%,+18.79%,0.5940,72,✓ Yes,completed
3,22,19,04-15,+75.3%,+18.79%,0.5940,72,✓ Yes,completed
3,22,20,04-15,+62.8%,+17.63%,0.5882,76,✓ Yes,completed
3,22,20,04-15,+54.5%,+16.68%,0.5834,79,✓ Yes,completed
3,22,21,04-15,+54.5%,+16.68%,0.5834,79,✓ Yes,completed
3,22,22,04-15,+49.6%,+15.96%,0.5798,100,✓ Yes,completed
3,23,15,04-15,+100.0%,+90.27%,0.9513,2,✗ No,budget_exceeded
3,23,15,04-15,+100.0%,+81.90%,0.9095,11,✗ No,budget_exceeded
3,23,16,04-15,+100.0%,+43.76%,0.7188,42,✗ No,budget_exceeded
3,23,17,04-15,+100.0%,+43.76%,0.7188,42,✗ No,budget_exceeded
3,23,17,04-15,+87.4%,+18.40%,0.5920,61,✓ Yes,completed
3,23,18,04-15,+70.6%,+18.26%,0.5913,65,✓ Yes,completed
3,23,19,04-15,+70.6%,+18.26%,0.5913,65,✓ Yes,completed
3,23,19,04-15,+59.2%,+16.94%,0.5847,71,✓ Yes,completed
3,23,20,04-15,+50.9%,+16.01%,0.5800,75,✓ Yes,completed
3,23,21,04-15,+50.9%,+16.01%,0.5800,75,✓ Yes,completed
3,23,21,04-15,+46.2%,+15.41%,0.5770,79,✓ Yes,completed
3,23,22,04-15,+42.3%,+14.96%,0.5748,85,✓ Yes,completed
3,23,23,04-15,+42.3%,+14.96%,0.5748,85,✓ Yes,completed
3,24,15,04-15,+100.0%,+90.19%,0.9510,2,✗ No,budget_exceeded
3,24,15,04-15,+100.0%,+80.97%,0.9049,10,✗ No,budget_exceeded
3,24,16,04-15,+100.0%,+80.97%,0.9049,10,✗ No,budget_exceeded
3,24,17,04-15,+100.0%,+32.32%,0.6616,42,✗ No,budget_exceeded
3,24,17,04-15,+82.0%,+17.73%,0.5887,55,✓ Yes,completed
3,24,18,04-15,+82.0%,+17.73%,0.5887,55,✓ Yes,completed
3,24,19,04-15,+66.8%,+17.31%,0.5866,61,✓ Yes,completed
3,24,19,04-15,+55.4%,+16.31%,0.5816,67,✓ Yes,completed
3,24,20,04-15,+55.4%,+16.31%,0.5816,67,✓ Yes,completed
3,24,20,04-15,+47.3%,+15.33%,0.5767,70,✓ Yes,completed
3,24,21,04-15,+42.3%,+14.89%,0.5744,71,✓ Yes,completed
3,24,22,04-15,+42.3%,+14.89%,0.5744,71,✓ Yes,completed
3,24,22,04-15,+38.8%,+14.54%,0.5727,71,✓ Yes,completed
3,24,23,04-15,+36.0%,+13.87%,0.5694,81,✓ Yes,completed
3,24,24,04-15,+36.0%,+13.87%,0.5694,81,✓ Yes,completed
3,18,15,04-21,+100.0%,+90.75%,0.9538,2,✗ No,budget_exceeded
3,18,15,04-21,+100.0%,+84.42%,0.9221,15,✗ No,budget_exceeded
3,18,16,04-21,+100.0%,+70.29%,0.8514,38,✗ No,budget_exceeded
3,18,17,04-21,+100.0%,+70.29%,0.8514,38,✗ No,budget_exceeded
3,18,18,04-21,+100.0%,+48.32%,0.7416,81,✗ No,budget_exceeded
3,19,15,04-21,+100.0%,+90.57%,0.9529,2,✗ No,budget_exceeded
3,19,15,04-21,+100.0%,+83.01%,0.9150,16,✗ No,budget_exceeded
3,19,16,04-21,+100.0%,+65.18%,0.8259,40,✗ No,budget_exceeded
3,19,17,04-21,+100.0%,+65.18%,0.8259,40,✗ No,budget_exceeded
3,19,17,04-21,+100.0%,+37.35%,0.6868,72,✗ No,budget_exceeded
3,19,18,04-21,+94.2%,+22.42%,0.6121,100,✓ Yes,completed
3,19,19,04-21,+94.2%,+22.42%,0.6121,100,✓ Yes,completed
3,20,15,04-21,+100.0%,+90.44%,0.9522,2,✗ No,budget_exceeded
3,20,15,04-21,+100.0%,+81.77%,0.9088,17,✗ No,budget_exceeded
3,20,16,04-21,+100.0%,+58.92%,0.7946,44,✗ No,budget_exceeded
3,20,17,04-21,+100.0%,+58.92%,0.7946,44,✗ No,budget_exceeded
3,20,18,04-21,+99.9%,+22.58%,0.6129,77,✓ Yes,completed
3,20,18,04-21,+87.8%,+21.80%,0.6090,84,✓ Yes,completed
3,20,19,04-21,+87.8%,+21.80%,0.6090,84,✓ Yes,completed
3,20,20,04-21,+78.6%,+20.86%,0.6043,108,✓ Yes,completed
3,21,15,04-21,+100.0%,+90.44%,0.9522,2,✗ No,budget_exceeded
3,21,15,04-21,+100.0%,+80.60%,0.9030,18,✗ No,budget_exceeded
3,21,16,04-21,+100.0%,+46.30%,0.7315,48,✗ No,budget_exceeded
3,21,17,04-21,+100.0%,+46.30%,0.7315,48,✗ No,budget_exceeded
3,21,17,04-21,+93.2%,+21.78%,0.6089,71,✓ Yes,completed
3,21,18,04-21,+79.5%,+20.81%,0.6040,77,✓ Yes,completed
3,21,19,04-21,+79.5%,+20.81%,0.6040,77,✓ Yes,completed
3,21,19,04-21,+67.7%,+20.25%,0.6013,81,✓ Yes,completed
3,21,20,04-21,+58.0%,+19.57%,0.5979,96,✓ Yes,completed
3,21,21,04-21,+58.0%,+19.57%,0.5979,96,✓ Yes,completed
3,22,15,04-21,+100.0%,+90.44%,0.9522,2,✗ No,budget_exceeded
3,22,15,04-21,+100.0%,+80.06%,0.9003,18,✗ No,budget_exceeded
3,22,16,04-21,+100.0%,+42.77%,0.7139,47,✗ No,budget_exceeded
3,22,17,04-21,+100.0%,+42.77%,0.7139,47,✗ No,budget_exceeded
3,22,17,04-21,+88.5%,+21.22%,0.6061,63,✓ Yes,completed
3,22,18,04-21,+74.7%,+20.27%,0.6014,71,✓ Yes,completed
3,22,19,04-21,+74.7%,+20.27%,0.6014,71,✓ Yes,completed
3,22,20,04-21,+60.9%,+19.91%,0.5996,72,✓ Yes,completed
3,22,20,04-21,+52.8%,+18.76%,0.5938,77,✓ Yes,completed
3,22,21,04-21,+52.8%,+18.76%,0.5938,77,✓ Yes,completed
3,22,22,04-21,+48.2%,+17.98%,0.5899,98,✓ Yes,completed
3,23,15,04-21,+100.0%,+90.37%,0.9519,2,✗ No,budget_exceeded
3,23,15,04-21,+100.0%,+72.22%,0.8611,21,✗ No,budget_exceeded
3,23,16,04-21,+99.7%,+21.30%,0.6065,53,✓ Yes,completed
3,23,17,04-21,+99.7%,+21.30%,0.6065,53,✓ Yes,completed
3,23,17,04-21,+84.6%,+20.38%,0.6019,58,✓ Yes,completed
3,23,18,04-21,+70.8%,+19.81%,0.5991,66,✓ Yes,completed
3,23,19,04-21,+70.8%,+19.81%,0.5991,66,✓ Yes,completed
3,23,19,04-21,+57.6%,+19.23%,0.5961,68,✓ Yes,completed
3,23,20,04-21,+49.0%,+18.04%,0.5902,71,✓ Yes,completed
3,23,21,04-21,+49.0%,+18.04%,0.5902,71,✓ Yes,completed
3,23,21,04-21,+44.9%,+17.50%,0.5875,76,✓ Yes,completed
3,23,22,04-21,+41.6%,+16.88%,0.5844,84,✓ Yes,completed
3,23,23,04-21,+41.6%,+16.88%,0.5844,84,✓ Yes,completed
3,24,15,04-21,+100.0%,+90.37%,0.9519,2,✗ No,budget_exceeded
3,24,15,04-21,+100.0%,+69.24%,0.8462,22,✗ No,budget_exceeded
3,24,16,04-21,+100.0%,+69.24%,0.8462,22,✗ No,budget_exceeded
3,24,17,04-21,+94.4%,+20.50%,0.6025,43,✓ Yes,completed
3,24,17,04-21,+78.5%,+19.43%,0.5972,50,✓ Yes,completed
3,24,18,04-21,+78.5%,+19.43%,0.5972,50,✓ Yes,completed
3,24,19,04-21,+64.5%,+19.38%,0.5969,56,✓ Yes,completed
3,24,19,04-21,+53.5%,+18.33%,0.5916,63,✓ Yes,completed
3,24,20,04-21,+53.5%,+18.33%,0.5916,63,✓ Yes,completed
3,24,20,04-21,+45.8%,+17.43%,0.5872,66,✓ Yes,completed
3,24,21,04-21,+41.6%,+16.81%,0.5841,69,✓ Yes,completed
3,24,22,04-21,+41.6%,+16.81%,0.5841,69,✓ Yes,completed
3,24,22,04-21,+38.3%,+16.21%,0.5811,70,✓ Yes,completed
3,24,23,04-21,+35.4%,+15.60%,0.5780,81,✓ Yes,completed
3,24,24,04-21,+35.4%,+15.60%,0.5780,81,✓ Yes,completed
3,18,15,04-25,+100.0%,+90.08%,0.9504,4,✗ No,budget_exceeded
3,18,15,04-25,+100.0%,+79.36%,0.8968,23,✗ No,budget_exceeded
3,18,16,04-25,+100.0%,+60.71%,0.8036,51,✗ No,budget_exceeded
3,18,17,04-25,+100.0%,+60.71%,0.8036,51,✗ No,budget_exceeded
3,18,18,04-25,+100.0%,+41.41%,0.7070,90,✗ No,budget_exceeded
3,19,15,04-25,+100.0%,+89.88%,0.9494,4,✗ No,budget_exceeded
3,19,15,04-25,+100.0%,+76.78%,0.8839,25,✗ No,budget_exceeded
3,19,16,04-25,+100.0%,+49.36%,0.7468,54,✗ No,budget_exceeded
3,19,17,04-25,+100.0%,+49.36%,0.7468,54,✗ No,budget_exceeded
3,19,17,04-25,+100.0%,+24.10%,0.6205,84,✗ No,budget_exceeded
3,19,18,04-25,+88.5%,+22.34%,0.6117,101,✓ Yes,completed
3,19,19,04-25,+88.5%,+22.34%,0.6117,101,✓ Yes,completed
3,20,15,04-25,+100.0%,+89.76%,0.9488,4,✗ No,budget_exceeded
3,20,15,04-25,+100.0%,+75.33%,0.8766,26,✗ No,budget_exceeded
3,20,16,04-25,+100.0%,+43.77%,0.7189,55,✗ No,budget_exceeded
3,20,17,04-25,+100.0%,+43.77%,0.7189,55,✗ No,budget_exceeded
3,20,18,04-25,+94.2%,+22.56%,0.6128,77,✓ Yes,completed
3,20,18,04-25,+81.9%,+21.77%,0.6088,83,✓ Yes,completed
3,20,19,04-25,+81.9%,+21.77%,0.6088,83,✓ Yes,completed
3,20,20,04-25,+73.5%,+20.79%,0.6039,106,✓ Yes,completed
3,21,15,04-25,+100.0%,+89.39%,0.9469,4,✗ No,budget_exceeded
3,21,15,04-25,+100.0%,+72.66%,0.8633,28,✗ No,budget_exceeded
3,21,16,04-25,+100.0%,+30.84%,0.6542,61,✗ No,budget_exceeded
3,21,17,04-25,+100.0%,+30.84%,0.6542,61,✗ No,budget_exceeded
3,21,17,04-25,+86.9%,+21.73%,0.6086,70,✓ Yes,completed
3,21,18,04-25,+73.8%,+20.64%,0.6032,77,✓ Yes,completed
3,21,19,04-25,+73.8%,+20.64%,0.6032,77,✓ Yes,completed
3,21,19,04-25,+62.9%,+20.08%,0.6004,79,✓ Yes,completed
3,21,20,04-25,+54.3%,+19.68%,0.5984,93,✓ Yes,completed
3,21,21,04-25,+54.3%,+19.68%,0.5984,93,✓ Yes,completed
3,22,15,04-25,+100.0%,+89.16%,0.9458,4,✗ No,budget_exceeded
3,22,15,04-25,+100.0%,+68.45%,0.8422,28,✗ No,budget_exceeded
3,22,16,04-25,+99.6%,+21.79%,0.6089,61,✓ Yes,completed
3,22,17,04-25,+99.6%,+21.79%,0.6089,61,✓ Yes,completed
3,22,17,04-25,+82.1%,+21.06%,0.6053,62,✓ Yes,completed
3,22,18,04-25,+68.5%,+20.14%,0.6007,70,✓ Yes,completed
3,22,19,04-25,+68.5%,+20.14%,0.6007,70,✓ Yes,completed
3,22,20,04-25,+56.4%,+19.72%,0.5986,71,✓ Yes,completed
3,22,20,04-25,+49.4%,+18.95%,0.5948,74,✓ Yes,completed
3,22,21,04-25,+49.4%,+18.95%,0.5948,74,✓ Yes,completed
3,22,22,04-25,+45.3%,+18.23%,0.5911,94,✓ Yes,completed
3,23,15,04-25,+100.0%,+89.03%,0.9452,4,✗ No,budget_exceeded
3,23,15,04-25,+100.0%,+49.30%,0.7465,34,✗ No,budget_exceeded
3,23,16,04-25,+92.4%,+21.11%,0.6056,53,✓ Yes,completed
3,23,17,04-25,+92.4%,+21.11%,0.6056,53,✓ Yes,completed
3,23,17,04-25,+78.1%,+20.21%,0.6011,57,✓ Yes,completed
3,23,18,04-25,+64.6%,+19.70%,0.5985,65,✓ Yes,completed
3,23,19,04-25,+64.6%,+19.70%,0.5985,65,✓ Yes,completed
3,23,19,04-25,+52.5%,+19.29%,0.5965,65,✓ Yes,completed
3,23,20,04-25,+45.5%,+18.24%,0.5912,68,✓ Yes,completed
3,23,21,04-25,+45.5%,+18.24%,0.5912,68,✓ Yes,completed
3,23,21,04-25,+42.0%,+17.66%,0.5883,72,✓ Yes,completed
3,23,22,04-25,+39.3%,+17.14%,0.5857,79,✓ Yes,completed
3,23,23,04-25,+39.3%,+17.14%,0.5857,79,✓ Yes,completed
3,24,15,04-25,+100.0%,+88.96%,0.9448,4,✗ No,budget_exceeded
3,24,15,04-25,+100.0%,+26.54%,0.6327,35,✗ No,budget_exceeded
3,24,16,04-25,+100.0%,+26.54%,0.6327,35,✗ No,budget_exceeded
3,24,17,04-25,+87.0%,+20.28%,0.6014,43,✓ Yes,completed
3,24,17,04-25,+72.0%,+19.30%,0.5965,49,✓ Yes,completed
3,24,18,04-25,+72.0%,+19.30%,0.5965,49,✓ Yes,completed
3,24,19,04-25,+58.7%,+19.09%,0.5954,56,✓ Yes,completed
3,24,19,04-25,+48.9%,+18.33%,0.5917,61,✓ Yes,completed
3,24,20,04-25,+48.9%,+18.33%,0.5917,61,✓ Yes,completed
3,24,20,04-25,+42.3%,+17.54%,0.5877,62,✓ Yes,completed
3,24,21,04-25,+39.0%,+17.06%,0.5853,65,✓ Yes,completed
3,24,22,04-25,+39.0%,+17.06%,0.5853,65,✓ Yes,completed
3,24,22,04-25,+36.5%,+16.60%,0.5830,67,✓ Yes,completed
3,24,23,04-25,+34.0%,+15.98%,0.5799,77,✓ Yes,completed
3,24,24,04-25,+34.0%,+15.98%,0.5799,77,✓ Yes,completed
4,19,16,03-31,+100.0%,+88.59%,0.9429,6,✗ No,budget_exceeded
4,19,17,03-31,+100.0%,+88.59%,0.9429,6,✗ No,budget_exceeded
4,19,17,03-31,+100.0%,+68.87%,0.8444,39,✗ No,budget_exceeded
4,19,17,03-31,+100.0%,+68.87%,0.8444,39,✗ No,budget_exceeded
4,19,18,03-31,+100.0%,+68.87%,0.8444,39,✗ No,budget_exceeded
4,19,18,03-31,+100.0%,+41.64%,0.7082,75,✗ No,budget_exceeded
4,19,18,03-31,+100.0%,+41.64%,0.7082,75,✗ No,budget_exceeded
4,19,19,03-31,+100.0%,+41.64%,0.7082,75,✗ No,budget_exceeded
4,19,19,03-31,+94.4%,+18.47%,0.5924,121,✓ Yes,completed
4,19,19,03-31,+94.4%,+18.47%,0.5924,121,✓ Yes,completed
4,20,16,03-31,+100.0%,+88.04%,0.9402,6,✗ No,budget_exceeded
4,20,17,03-31,+100.0%,+88.04%,0.9402,6,✗ No,budget_exceeded
4,20,17,03-31,+100.0%,+61.53%,0.8077,42,✗ No,budget_exceeded
4,20,17,03-31,+100.0%,+61.53%,0.8077,42,✗ No,budget_exceeded
4,20,18,03-31,+100.0%,+61.53%,0.8077,42,✗ No,budget_exceeded
4,20,18,03-31,+97.7%,+18.69%,0.5934,83,✓ Yes,completed
4,20,18,03-31,+97.7%,+18.69%,0.5934,83,✓ Yes,completed
4,20,19,03-31,+97.7%,+18.69%,0.5934,83,✓ Yes,completed
4,20,19,03-31,+83.8%,+17.39%,0.5869,94,✓ Yes,completed
4,20,19,03-31,+83.8%,+17.39%,0.5869,94,✓ Yes,completed
4,20,20,03-31,+83.8%,+17.39%,0.5869,94,✓ Yes,completed
4,20,20,03-31,+72.9%,+16.23%,0.5812,116,✓ Yes,completed
4,20,20,03-31,+72.9%,+16.23%,0.5812,116,✓ Yes,completed
4,21,16,03-31,+100.0%,+87.76%,0.9388,6,✗ No,budget_exceeded
4,21,17,03-31,+100.0%,+87.76%,0.9388,6,✗ No,budget_exceeded
4,21,17,03-31,+100.0%,+87.76%,0.9388,6,✗ No,budget_exceeded
4,21,17,03-31,+100.0%,+57.25%,0.7863,45,✗ No,budget_exceeded
4,21,18,03-31,+100.0%,+57.25%,0.7863,45,✗ No,budget_exceeded
4,21,18,03-31,+100.0%,+57.25%,0.7863,45,✗ No,budget_exceeded
4,21,18,03-31,+93.3%,+17.83%,0.5891,80,✓ Yes,completed
4,21,19,03-31,+93.3%,+17.83%,0.5891,80,✓ Yes,completed
4,21,19,03-31,+93.3%,+17.83%,0.5891,80,✓ Yes,completed
4,21,19,03-31,+76.7%,+16.45%,0.5823,85,✓ Yes,completed
4,21,19,03-31,+76.7%,+16.45%,0.5823,85,✓ Yes,completed
4,21,20,03-31,+76.7%,+16.45%,0.5823,85,✓ Yes,completed
4,21,20,03-31,+63.8%,+15.56%,0.5778,88,✓ Yes,completed
4,21,20,03-31,+63.8%,+15.56%,0.5778,88,✓ Yes,completed
4,21,21,03-31,+63.8%,+15.56%,0.5778,88,✓ Yes,completed
4,21,21,03-31,+57.2%,+14.74%,0.5737,111,✓ Yes,completed
4,21,21,03-31,+57.2%,+14.74%,0.5737,111,✓ Yes,completed
4,19,16,04-03,+100.0%,+88.56%,0.9428,7,✗ No,budget_exceeded
4,19,17,04-03,+100.0%,+88.56%,0.9428,7,✗ No,budget_exceeded
4,19,17,04-03,+100.0%,+61.83%,0.8091,47,✗ No,budget_exceeded
4,19,17,04-03,+100.0%,+61.83%,0.8091,47,✗ No,budget_exceeded
4,19,18,04-03,+100.0%,+61.83%,0.8091,47,✗ No,budget_exceeded
4,19,18,04-03,+100.0%,+23.46%,0.6173,88,✗ No,budget_exceeded
4,19,18,04-03,+100.0%,+23.46%,0.6173,88,✗ No,budget_exceeded
4,19,19,04-03,+100.0%,+23.46%,0.6173,88,✗ No,budget_exceeded
4,19,19,04-03,+89.1%,+18.58%,0.5929,120,✓ Yes,completed
4,19,19,04-03,+89.1%,+18.58%,0.5929,120,✓ Yes,completed
4,20,16,04-03,+100.0%,+87.67%,0.9383,7,✗ No,budget_exceeded
4,20,17,04-03,+100.0%,+87.67%,0.9383,7,✗ No,budget_exceeded
4,20,17,04-03,+100.0%,+53.20%,0.7660,51,✗ No,budget_exceeded
4,20,17,04-03,+100.0%,+53.20%,0.7660,51,✗ No,budget_exceeded
4,20,18,04-03,+100.0%,+53.20%,0.7660,51,✗ No,budget_exceeded
4,20,18,04-03,+92.0%,+18.77%,0.5939,83,✓ Yes,completed
4,20,18,04-03,+92.0%,+18.77%,0.5939,83,✓ Yes,completed
4,20,19,04-03,+92.0%,+18.77%,0.5939,83,✓ Yes,completed
4,20,19,04-03,+78.8%,+17.55%,0.5878,93,✓ Yes,completed
4,20,19,04-03,+78.8%,+17.55%,0.5878,93,✓ Yes,completed
4,20,20,04-03,+78.8%,+17.55%,0.5878,93,✓ Yes,completed
4,20,20,04-03,+68.4%,+16.49%,0.5825,112,✓ Yes,completed
4,20,20,04-03,+68.4%,+16.49%,0.5825,112,✓ Yes,completed
4,21,16,04-03,+100.0%,+86.77%,0.9339,8,✗ No,budget_exceeded
4,21,17,04-03,+100.0%,+86.77%,0.9339,8,✗ No,budget_exceeded
4,21,17,04-03,+100.0%,+86.77%,0.9339,8,✗ No,budget_exceeded
4,21,17,04-03,+100.0%,+46.77%,0.7339,54,✗ No,budget_exceeded
4,21,18,04-03,+100.0%,+46.77%,0.7339,54,✗ No,budget_exceeded
4,21,18,04-03,+100.0%,+46.77%,0.7339,54,✗ No,budget_exceeded
4,21,18,04-03,+87.5%,+17.90%,0.5895,80,✓ Yes,completed
4,21,19,04-03,+87.5%,+17.90%,0.5895,80,✓ Yes,completed
4,21,19,04-03,+87.5%,+17.90%,0.5895,80,✓ Yes,completed
4,21,19,04-03,+71.8%,+16.68%,0.5834,84,✓ Yes,completed
4,21,19,04-03,+71.8%,+16.68%,0.5834,84,✓ Yes,completed
4,21,20,04-03,+71.8%,+16.68%,0.5834,84,✓ Yes,completed
4,21,20,04-03,+60.1%,+15.82%,0.5791,87,✓ Yes,completed
4,21,20,04-03,+60.1%,+15.82%,0.5791,87,✓ Yes,completed
4,21,21,04-03,+60.1%,+15.82%,0.5791,87,✓ Yes,completed
4,21,21,04-03,+54.6%,+14.98%,0.5749,110,✓ Yes,completed
4,21,21,04-03,+54.6%,+14.98%,0.5749,110,✓ Yes,completed
4,19,16,04-06,+100.0%,+83.98%,0.9199,13,✗ No,budget_exceeded
4,19,17,04-06,+100.0%,+83.98%,0.9199,13,✗ No,budget_exceeded
4,19,17,04-06,+100.0%,+56.67%,0.7834,53,✗ No,budget_exceeded
4,19,17,04-06,+100.0%,+56.67%,0.7834,53,✗ No,budget_exceeded
4,19,18,04-06,+100.0%,+56.67%,0.7834,53,✗ No,budget_exceeded
4,19,18,04-06,+99.7%,+19.75%,0.5987,90,✓ Yes,completed
4,19,18,04-06,+99.7%,+19.75%,0.5987,90,✓ Yes,completed
4,19,19,04-06,+99.7%,+19.75%,0.5987,90,✓ Yes,completed
4,19,19,04-06,+86.1%,+19.25%,0.5963,114,✓ Yes,completed
4,19,19,04-06,+86.1%,+19.25%,0.5963,114,✓ Yes,completed
4,20,16,04-06,+100.0%,+82.55%,0.9128,14,✗ No,budget_exceeded
4,20,17,04-06,+100.0%,+82.55%,0.9128,14,✗ No,budget_exceeded
4,20,17,04-06,+100.0%,+46.30%,0.7315,59,✗ No,budget_exceeded
4,20,17,04-06,+100.0%,+46.30%,0.7315,59,✗ No,budget_exceeded
4,20,18,04-06,+100.0%,+46.30%,0.7315,59,✗ No,budget_exceeded
4,20,18,04-06,+89.4%,+19.29%,0.5965,81,✓ Yes,completed
4,20,18,04-06,+89.4%,+19.29%,0.5965,81,✓ Yes,completed
4,20,19,04-06,+89.4%,+19.29%,0.5965,81,✓ Yes,completed
4,20,19,04-06,+76.5%,+18.07%,0.5903,92,✓ Yes,completed
4,20,19,04-06,+76.5%,+18.07%,0.5903,92,✓ Yes,completed
4,20,20,04-06,+76.5%,+18.07%,0.5903,92,✓ Yes,completed
4,20,20,04-06,+67.3%,+17.08%,0.5854,110,✓ Yes,completed
4,20,20,04-06,+67.3%,+17.08%,0.5854,110,✓ Yes,completed
4,21,16,04-06,+100.0%,+81.24%,0.9062,15,✗ No,budget_exceeded
4,21,17,04-06,+100.0%,+81.24%,0.9062,15,✗ No,budget_exceeded
4,21,17,04-06,+100.0%,+81.24%,0.9062,15,✗ No,budget_exceeded
4,21,17,04-06,+100.0%,+36.60%,0.6830,61,✗ No,budget_exceeded
4,21,18,04-06,+100.0%,+36.60%,0.6830,61,✗ No,budget_exceeded
4,21,18,04-06,+100.0%,+36.60%,0.6830,61,✗ No,budget_exceeded
4,21,18,04-06,+84.6%,+18.60%,0.5930,77,✓ Yes,completed
4,21,19,04-06,+84.6%,+18.60%,0.5930,77,✓ Yes,completed
4,21,19,04-06,+84.6%,+18.60%,0.5930,77,✓ Yes,completed
4,21,19,04-06,+69.9%,+17.30%,0.5865,82,✓ Yes,completed
4,21,19,04-06,+69.9%,+17.30%,0.5865,82,✓ Yes,completed
4,21,20,04-06,+69.9%,+17.30%,0.5865,82,✓ Yes,completed
4,21,20,04-06,+59.9%,+16.29%,0.5815,86,✓ Yes,completed
4,21,20,04-06,+59.9%,+16.29%,0.5815,86,✓ Yes,completed
4,21,21,04-06,+59.9%,+16.29%,0.5815,86,✓ Yes,completed
4,21,21,04-06,+52.9%,+15.68%,0.5784,105,✓ Yes,completed
4,21,21,04-06,+52.9%,+15.68%,0.5784,105,✓ Yes,completed
4,19,16,04-09,+100.0%,+81.49%,0.9074,18,✗ No,budget_exceeded
4,19,17,04-09,+100.0%,+81.49%,0.9074,18,✗ No,budget_exceeded
4,19,17,04-09,+100.0%,+49.41%,0.7470,62,✗ No,budget_exceeded
4,19,17,04-09,+100.0%,+49.41%,0.7470,62,✗ No,budget_exceeded
4,19,18,04-09,+100.0%,+49.41%,0.7470,62,✗ No,budget_exceeded
4,19,18,04-09,+95.6%,+19.91%,0.5996,90,✓ Yes,completed
4,19,18,04-09,+95.6%,+19.91%,0.5996,90,✓ Yes,completed
4,19,19,04-09,+95.6%,+19.91%,0.5996,90,✓ Yes,completed
4,19,19,04-09,+82.8%,+19.63%,0.5981,111,✓ Yes,completed
4,19,19,04-09,+82.8%,+19.63%,0.5981,111,✓ Yes,completed
4,20,16,04-09,+100.0%,+79.93%,0.8997,19,✗ No,budget_exceeded
4,20,17,04-09,+100.0%,+79.93%,0.8997,19,✗ No,budget_exceeded
4,20,17,04-09,+100.0%,+28.78%,0.6439,69,✗ No,budget_exceeded
4,20,17,04-09,+100.0%,+28.78%,0.6439,69,✗ No,budget_exceeded
4,20,18,04-09,+100.0%,+28.78%,0.6439,69,✗ No,budget_exceeded
4,20,18,04-09,+85.1%,+19.53%,0.5976,80,✓ Yes,completed
4,20,18,04-09,+85.1%,+19.53%,0.5976,80,✓ Yes,completed
4,20,19,04-09,+85.1%,+19.53%,0.5976,80,✓ Yes,completed
4,20,19,04-09,+73.5%,+18.48%,0.5924,89,✓ Yes,completed
4,20,19,04-09,+73.5%,+18.48%,0.5924,89,✓ Yes,completed
4,20,20,04-09,+73.5%,+18.48%,0.5924,89,✓ Yes,completed
4,20,20,04-09,+64.4%,+17.50%,0.5875,107,✓ Yes,completed
4,20,20,04-09,+64.4%,+17.50%,0.5875,107,✓ Yes,completed
4,21,16,04-09,+100.0%,+78.21%,0.8911,20,✗ No,budget_exceeded
4,21,17,04-09,+100.0%,+78.21%,0.8911,20,✗ No,budget_exceeded
4,21,17,04-09,+100.0%,+78.21%,0.8911,20,✗ No,budget_exceeded
4,21,17,04-09,+98.6%,+19.10%,0.5955,70,✓ Yes,completed
4,21,18,04-09,+98.6%,+19.10%,0.5955,70,✓ Yes,completed
4,21,18,04-09,+98.6%,+19.10%,0.5955,70,✓ Yes,completed
4,21,18,04-09,+80.0%,+18.83%,0.5941,75,✓ Yes,completed
4,21,19,04-09,+80.0%,+18.83%,0.5941,75,✓ Yes,completed
4,21,19,04-09,+80.0%,+18.83%,0.5941,75,✓ Yes,completed
4,21,19,04-09,+67.3%,+17.58%,0.5879,80,✓ Yes,completed
4,21,19,04-09,+67.3%,+17.58%,0.5879,80,✓ Yes,completed
4,21,20,04-09,+67.3%,+17.58%,0.5879,80,✓ Yes,completed
4,21,20,04-09,+57.7%,+16.57%,0.5829,84,✓ Yes,completed
4,21,20,04-09,+57.7%,+16.57%,0.5829,84,✓ Yes,completed
4,21,21,04-09,+57.7%,+16.57%,0.5829,84,✓ Yes,completed
4,21,21,04-09,+51.4%,+16.08%,0.5804,104,✓ Yes,completed
4,21,21,04-09,+51.4%,+16.08%,0.5804,104,✓ Yes,completed
4,19,16,04-12,+100.0%,+77.45%,0.8872,23,✗ No,budget_exceeded
4,19,17,04-12,+100.0%,+77.45%,0.8872,23,✗ No,budget_exceeded
4,19,17,04-12,+100.0%,+34.87%,0.6743,69,✗ No,budget_exceeded
4,19,17,04-12,+100.0%,+34.87%,0.6743,69,✗ No,budget_exceeded
4,19,18,04-12,+100.0%,+34.87%,0.6743,69,✗ No,budget_exceeded
4,19,18,04-12,+93.1%,+19.85%,0.5992,88,✓ Yes,completed
4,19,18,04-12,+93.1%,+19.85%,0.5992,88,✓ Yes,completed
4,19,19,04-12,+93.1%,+19.85%,0.5992,88,✓ Yes,completed
4,19,19,04-12,+80.7%,+19.60%,0.5980,108,✓ Yes,completed
4,19,19,04-12,+80.7%,+19.60%,0.5980,108,✓ Yes,completed
4,20,16,04-12,+100.0%,+74.63%,0.8732,25,✗ No,budget_exceeded
4,20,17,04-12,+100.0%,+74.63%,0.8732,25,✗ No,budget_exceeded
4,20,17,04-12,+100.0%,+20.96%,0.6048,75,✓ Yes,budget_exceeded
4,20,17,04-12,+100.0%,+20.96%,0.6048,75,✓ Yes,budget_exceeded
4,20,18,04-12,+100.0%,+20.96%,0.6048,75,✓ Yes,budget_exceeded
4,20,18,04-12,+82.7%,+19.42%,0.5971,78,✓ Yes,completed
4,20,18,04-12,+82.7%,+19.42%,0.5971,78,✓ Yes,completed
4,20,19,04-12,+82.7%,+19.42%,0.5971,78,✓ Yes,completed
4,20,19,04-12,+71.1%,+18.47%,0.5923,86,✓ Yes,completed
4,20,19,04-12,+71.1%,+18.47%,0.5923,86,✓ Yes,completed
4,20,20,04-12,+71.1%,+18.47%,0.5923,86,✓ Yes,completed
4,20,20,04-12,+61.9%,+17.50%,0.5875,103,✓ Yes,completed
4,20,20,04-12,+61.9%,+17.50%,0.5875,103,✓ Yes,completed
4,21,16,04-12,+100.0%,+72.92%,0.8646,26,✗ No,budget_exceeded
4,21,17,04-12,+100.0%,+72.92%,0.8646,26,✗ No,budget_exceeded
4,21,17,04-12,+100.0%,+72.92%,0.8646,26,✗ No,budget_exceeded
4,21,17,04-12,+95.5%,+19.15%,0.5957,69,✓ Yes,completed
4,21,18,04-12,+95.5%,+19.15%,0.5957,69,✓ Yes,completed
4,21,18,04-12,+95.5%,+19.15%,0.5957,69,✓ Yes,completed
4,21,18,04-12,+77.6%,+19.11%,0.5955,72,✓ Yes,completed
4,21,19,04-12,+77.6%,+19.11%,0.5955,72,✓ Yes,completed
4,21,19,04-12,+77.6%,+19.11%,0.5955,72,✓ Yes,completed
4,21,19,04-12,+65.5%,+17.72%,0.5886,79,✓ Yes,completed
4,21,19,04-12,+65.5%,+17.72%,0.5886,79,✓ Yes,completed
4,21,20,04-12,+65.5%,+17.72%,0.5886,79,✓ Yes,completed
4,21,20,04-12,+56.4%,+16.76%,0.5838,83,✓ Yes,completed
4,21,20,04-12,+56.4%,+16.76%,0.5838,83,✓ Yes,completed
4,21,21,04-12,+56.4%,+16.76%,0.5838,83,✓ Yes,completed
4,21,21,04-12,+51.0%,+15.99%,0.5799,104,✓ Yes,completed
4,21,21,04-12,+51.0%,+15.99%,0.5799,104,✓ Yes,completed
4,19,16,04-15,+100.0%,+72.08%,0.8604,30,✗ No,budget_exceeded
4,19,17,04-15,+100.0%,+72.08%,0.8604,30,✗ No,budget_exceeded
4,19,17,04-15,+100.0%,+31.58%,0.6579,72,✗ No,budget_exceeded
4,19,17,04-15,+100.0%,+31.58%,0.6579,72,✗ No,budget_exceeded
4,19,18,04-15,+100.0%,+31.58%,0.6579,72,✗ No,budget_exceeded
4,19,18,04-15,+91.2%,+19.63%,0.5982,88,✓ Yes,completed
4,19,18,04-15,+91.2%,+19.63%,0.5982,88,✓ Yes,completed
4,19,19,04-15,+91.2%,+19.63%,0.5982,88,✓ Yes,completed
4,19,19,04-15,+79.2%,+19.17%,0.5959,108,✓ Yes,completed
4,19,19,04-15,+79.2%,+19.17%,0.5959,108,✓ Yes,completed
4,20,16,04-15,+100.0%,+68.90%,0.8445,32,✗ No,budget_exceeded
4,20,17,04-15,+100.0%,+68.90%,0.8445,32,✗ No,budget_exceeded
4,20,17,04-15,+97.1%,+19.59%,0.5980,75,✓ Yes,completed
4,20,17,04-15,+97.1%,+19.59%,0.5980,75,✓ Yes,completed
4,20,18,04-15,+97.1%,+19.59%,0.5980,75,✓ Yes,completed
4,20,18,04-15,+81.0%,+19.01%,0.5950,78,✓ Yes,completed
4,20,18,04-15,+81.0%,+19.01%,0.5950,78,✓ Yes,completed
4,20,19,04-15,+81.0%,+19.01%,0.5950,78,✓ Yes,completed
4,20,19,04-15,+68.3%,+18.46%,0.5923,83,✓ Yes,completed
4,20,19,04-15,+68.3%,+18.46%,0.5923,83,✓ Yes,completed
4,20,20,04-15,+68.3%,+18.46%,0.5923,83,✓ Yes,completed
4,20,20,04-15,+60.0%,+17.34%,0.5867,101,✓ Yes,completed
4,20,20,04-15,+60.0%,+17.34%,0.5867,101,✓ Yes,completed
4,21,16,04-15,+100.0%,+63.71%,0.8186,34,✗ No,budget_exceeded
4,21,17,04-15,+100.0%,+63.71%,0.8186,34,✗ No,budget_exceeded
4,21,17,04-15,+100.0%,+63.71%,0.8186,34,✗ No,budget_exceeded
4,21,17,04-15,+92.4%,+18.93%,0.5947,68,✓ Yes,completed
4,21,18,04-15,+92.4%,+18.93%,0.5947,68,✓ Yes,completed
4,21,18,04-15,+92.4%,+18.93%,0.5947,68,✓ Yes,completed
4,21,18,04-15,+75.3%,+18.79%,0.5940,72,✓ Yes,completed
4,21,19,04-15,+75.3%,+18.79%,0.5940,72,✓ Yes,completed
4,21,19,04-15,+75.3%,+18.79%,0.5940,72,✓ Yes,completed
4,21,19,04-15,+62.8%,+17.63%,0.5882,76,✓ Yes,completed
4,21,19,04-15,+62.8%,+17.63%,0.5882,76,✓ Yes,completed
4,21,20,04-15,+62.8%,+17.63%,0.5882,76,✓ Yes,completed
4,21,20,04-15,+54.5%,+16.68%,0.5834,79,✓ Yes,completed
4,21,20,04-15,+54.5%,+16.68%,0.5834,79,✓ Yes,completed
4,21,21,04-15,+54.5%,+16.68%,0.5834,79,✓ Yes,completed
4,21,21,04-15,+49.6%,+15.96%,0.5798,100,✓ Yes,completed
4,21,21,04-15,+49.6%,+15.96%,0.5798,100,✓ Yes,completed
4,19,16,04-16,+100.0%,+71.01%,0.8551,31,✗ No,budget_exceeded
4,19,17,04-16,+100.0%,+71.01%,0.8551,31,✗ No,budget_exceeded
4,19,17,04-16,+100.0%,+30.72%,0.6536,73,✗ No,budget_exceeded
4,19,17,04-16,+100.0%,+30.72%,0.6536,73,✗ No,budget_exceeded
4,19,18,04-16,+100.0%,+30.72%,0.6536,73,✗ No,budget_exceeded
4,19,18,04-16,+90.0%,+20.33%,0.6017,87,✓ Yes,completed
4,19,18,04-16,+90.0%,+20.33%,0.6017,87,✓ Yes,completed
4,19,19,04-16,+90.0%,+20.33%,0.6017,87,✓ Yes,completed
4,19,19,04-16,+78.9%,+19.81%,0.5991,108,✓ Yes,completed
4,19,19,04-16,+78.9%,+19.81%,0.5991,108,✓ Yes,completed
4,20,16,04-16,+100.0%,+68.04%,0.8402,33,✗ No,budget_exceeded
4,20,17,04-16,+100.0%,+68.04%,0.8402,33,✗ No,budget_exceeded
4,20,17,04-16,+96.3%,+20.45%,0.6022,74,✓ Yes,completed
4,20,17,04-16,+96.3%,+20.45%,0.6022,74,✓ Yes,completed
4,20,18,04-16,+96.3%,+20.45%,0.6022,74,✓ Yes,completed
4,20,18,04-16,+80.5%,+19.69%,0.5984,78,✓ Yes,completed
4,20,18,04-16,+80.5%,+19.69%,0.5984,78,✓ Yes,completed
4,20,19,04-16,+80.5%,+19.69%,0.5984,78,✓ Yes,completed
4,20,19,04-16,+67.6%,+19.23%,0.5962,82,✓ Yes,completed
4,20,19,04-16,+67.6%,+19.23%,0.5962,82,✓ Yes,completed
4,20,20,04-16,+67.6%,+19.23%,0.5962,82,✓ Yes,completed
4,20,20,04-16,+59.4%,+18.16%,0.5908,99,✓ Yes,completed
4,20,20,04-16,+59.4%,+18.16%,0.5908,99,✓ Yes,completed
4,21,16,04-16,+100.0%,+63.91%,0.8195,34,✗ No,budget_exceeded
4,21,17,04-16,+100.0%,+63.91%,0.8195,34,✗ No,budget_exceeded
4,21,17,04-16,+100.0%,+63.91%,0.8195,34,✗ No,budget_exceeded
4,21,17,04-16,+92.3%,+19.69%,0.5985,68,✓ Yes,completed
4,21,18,04-16,+92.3%,+19.69%,0.5985,68,✓ Yes,completed
4,21,18,04-16,+92.3%,+19.69%,0.5985,68,✓ Yes,completed
4,21,18,04-16,+75.3%,+19.44%,0.5972,72,✓ Yes,completed
4,21,19,04-16,+75.3%,+19.44%,0.5972,72,✓ Yes,completed
4,21,19,04-16,+75.3%,+19.44%,0.5972,72,✓ Yes,completed
4,21,19,04-16,+62.5%,+18.38%,0.5919,76,✓ Yes,completed
4,21,19,04-16,+62.5%,+18.38%,0.5919,76,✓ Yes,completed
4,21,20,04-16,+62.5%,+18.38%,0.5919,76,✓ Yes,completed
4,21,20,04-16,+54.2%,+17.44%,0.5872,79,✓ Yes,completed
4,21,20,04-16,+54.2%,+17.44%,0.5872,79,✓ Yes,completed
4,21,21,04-16,+54.2%,+17.44%,0.5872,79,✓ Yes,completed
4,21,21,04-16,+49.7%,+16.79%,0.5840,100,✓ Yes,completed
4,21,21,04-16,+49.7%,+16.79%,0.5840,100,✓ Yes,completed
5,20,17,04-04,+100.0%,+52.50%,0.7625,52,✗ No,budget_exceeded
5,20,17,04-04,+100.0%,+52.50%,0.7625,52,✗ No,budget_exceeded
5,20,18,04-04,+100.0%,+52.50%,0.7625,52,✗ No,budget_exceeded
5,20,18,04-04,+91.3%,+19.05%,0.5952,82,✓ Yes,completed
5,20,18,04-04,+91.3%,+19.05%,0.5952,82,✓ Yes,completed
5,20,19,04-04,+91.3%,+19.05%,0.5952,82,✓ Yes,completed
5,20,19,04-04,+78.5%,+17.71%,0.5885,94,✓ Yes,completed
5,20,19,04-04,+78.5%,+17.71%,0.5885,94,✓ Yes,completed
5,20,20,04-04,+78.5%,+17.71%,0.5885,94,✓ Yes,completed
5,20,20,04-04,+67.9%,+16.70%,0.5835,112,✓ Yes,completed
5,21,17,04-04,+100.0%,+46.87%,0.7343,54,✗ No,budget_exceeded
5,21,17,04-04,+100.0%,+46.87%,0.7343,54,✗ No,budget_exceeded
5,21,18,04-04,+100.0%,+46.87%,0.7343,54,✗ No,budget_exceeded
5,21,18,04-04,+86.9%,+18.24%,0.5912,79,✓ Yes,completed
5,21,18,04-04,+86.9%,+18.24%,0.5912,79,✓ Yes,completed
5,21,19,04-04,+86.9%,+18.24%,0.5912,79,✓ Yes,completed
5,21,19,04-04,+71.8%,+16.97%,0.5849,84,✓ Yes,completed
5,21,19,04-04,+71.8%,+16.97%,0.5849,84,✓ Yes,completed
5,21,20,04-04,+71.8%,+16.97%,0.5849,84,✓ Yes,completed
5,21,20,04-04,+60.1%,+16.05%,0.5803,87,✓ Yes,completed
5,21,20,04-04,+60.1%,+16.05%,0.5803,87,✓ Yes,completed
5,21,21,04-04,+60.1%,+16.05%,0.5803,87,✓ Yes,completed
5,21,21,04-04,+54.2%,+15.20%,0.5760,109,✓ Yes,completed
5,20,17,04-05,+100.0%,+48.81%,0.7440,56,✗ No,budget_exceeded
5,20,17,04-05,+100.0%,+48.81%,0.7440,56,✗ No,budget_exceeded
5,20,18,04-05,+100.0%,+48.81%,0.7440,56,✗ No,budget_exceeded
5,20,18,04-05,+90.3%,+19.29%,0.5964,81,✓ Yes,completed
5,20,18,04-05,+90.3%,+19.29%,0.5964,81,✓ Yes,completed
5,20,19,04-05,+90.3%,+19.29%,0.5964,81,✓ Yes,completed
5,20,19,04-05,+77.8%,+18.01%,0.5901,93,✓ Yes,completed
5,20,19,04-05,+77.8%,+18.01%,0.5901,93,✓ Yes,completed
5,20,20,04-05,+77.8%,+18.01%,0.5901,93,✓ Yes,completed
5,20,20,04-05,+67.7%,+16.98%,0.5849,112,✓ Yes,completed
5,21,17,04-05,+100.0%,+44.30%,0.7215,57,✗ No,budget_exceeded
5,21,17,04-05,+100.0%,+44.30%,0.7215,57,✗ No,budget_exceeded
5,21,18,04-05,+100.0%,+44.30%,0.7215,57,✗ No,budget_exceeded
5,21,18,04-05,+85.9%,+18.48%,0.5924,78,✓ Yes,completed
5,21,18,04-05,+85.9%,+18.48%,0.5924,78,✓ Yes,completed
5,21,19,04-05,+85.9%,+18.48%,0.5924,78,✓ Yes,completed
5,21,19,04-05,+71.0%,+17.18%,0.5859,83,✓ Yes,completed
5,21,19,04-05,+71.0%,+17.18%,0.5859,83,✓ Yes,completed
5,21,20,04-05,+71.0%,+17.18%,0.5859,83,✓ Yes,completed
5,21,20,04-05,+60.1%,+16.26%,0.5813,87,✓ Yes,completed
5,21,20,04-05,+60.1%,+16.26%,0.5813,87,✓ Yes,completed
5,21,21,04-05,+60.1%,+16.26%,0.5813,87,✓ Yes,completed
5,21,21,04-05,+53.6%,+15.54%,0.5777,108,✓ Yes,completed
5,20,17,04-06,+100.0%,+46.30%,0.7315,59,✗ No,budget_exceeded
5,20,17,04-06,+100.0%,+46.30%,0.7315,59,✗ No,budget_exceeded
5,20,18,04-06,+100.0%,+46.30%,0.7315,59,✗ No,budget_exceeded
5,20,18,04-06,+89.4%,+19.29%,0.5965,81,✓ Yes,completed
5,20,18,04-06,+89.4%,+19.29%,0.5965,81,✓ Yes,completed
5,20,19,04-06,+89.4%,+19.29%,0.5965,81,✓ Yes,completed
5,20,19,04-06,+76.5%,+18.07%,0.5903,92,✓ Yes,completed
5,20,19,04-06,+76.5%,+18.07%,0.5903,92,✓ Yes,completed
5,20,20,04-06,+76.5%,+18.07%,0.5903,92,✓ Yes,completed
5,20,20,04-06,+67.3%,+17.08%,0.5854,110,✓ Yes,completed
5,21,17,04-06,+100.0%,+36.60%,0.6830,61,✗ No,budget_exceeded
5,21,17,04-06,+100.0%,+36.60%,0.6830,61,✗ No,budget_exceeded
5,21,18,04-06,+100.0%,+36.60%,0.6830,61,✗ No,budget_exceeded
5,21,18,04-06,+84.6%,+18.60%,0.5930,77,✓ Yes,completed
5,21,18,04-06,+84.6%,+18.60%,0.5930,77,✓ Yes,completed
5,21,19,04-06,+84.6%,+18.60%,0.5930,77,✓ Yes,completed
5,21,19,04-06,+69.9%,+17.30%,0.5865,82,✓ Yes,completed
5,21,19,04-06,+69.9%,+17.30%,0.5865,82,✓ Yes,completed
5,21,20,04-06,+69.9%,+17.30%,0.5865,82,✓ Yes,completed
5,21,20,04-06,+59.9%,+16.29%,0.5815,86,✓ Yes,completed
5,21,20,04-06,+59.9%,+16.29%,0.5815,86,✓ Yes,completed
5,21,21,04-06,+59.9%,+16.29%,0.5815,86,✓ Yes,completed
5,21,21,04-06,+52.9%,+15.68%,0.5784,105,✓ Yes,completed
5,20,17,04-07,+100.0%,+43.43%,0.7171,62,✗ No,budget_exceeded
5,20,17,04-07,+100.0%,+43.43%,0.7171,62,✗ No,budget_exceeded
5,20,18,04-07,+100.0%,+43.43%,0.7171,62,✗ No,budget_exceeded
5,20,18,04-07,+88.4%,+19.09%,0.5954,80,✓ Yes,completed
5,20,18,04-07,+88.4%,+19.09%,0.5954,80,✓ Yes,completed
5,20,19,04-07,+88.4%,+19.09%,0.5954,80,✓ Yes,completed
5,20,19,04-07,+75.9%,+17.90%,0.5895,91,✓ Yes,completed
5,20,19,04-07,+75.9%,+17.90%,0.5895,91,✓ Yes,completed
5,20,20,04-07,+75.9%,+17.90%,0.5895,91,✓ Yes,completed
5,20,20,04-07,+66.6%,+16.95%,0.5847,109,✓ Yes,completed
5,21,17,04-07,+100.0%,+25.59%,0.6279,66,✗ No,budget_exceeded
5,21,17,04-07,+100.0%,+25.59%,0.6279,66,✗ No,budget_exceeded
5,21,18,04-07,+100.0%,+25.59%,0.6279,66,✗ No,budget_exceeded
5,21,18,04-07,+83.6%,+18.39%,0.5919,76,✓ Yes,completed
5,21,18,04-07,+83.6%,+18.39%,0.5919,76,✓ Yes,completed
5,21,19,04-07,+83.6%,+18.39%,0.5919,76,✓ Yes,completed
5,21,19,04-07,+69.3%,+17.02%,0.5851,81,✓ Yes,completed
5,21,19,04-07,+69.3%,+17.02%,0.5851,81,✓ Yes,completed
5,21,20,04-07,+69.3%,+17.02%,0.5851,81,✓ Yes,completed
5,21,20,04-07,+59.3%,+16.05%,0.5803,85,✓ Yes,completed
5,21,20,04-07,+59.3%,+16.05%,0.5803,85,✓ Yes,completed
5,21,21,04-07,+59.3%,+16.05%,0.5803,85,✓ Yes,completed
5,21,21,04-07,+52.7%,+15.42%,0.5771,105,✓ Yes,completed
5,20,17,04-08,+100.0%,+30.22%,0.6511,66,✓ Yes,budget_exceeded
5,20,17,04-08,+100.0%,+30.22%,0.6511,66,✓ Yes,budget_exceeded
5,20,18,04-08,+100.0%,+30.22%,0.6511,66,✓ Yes,budget_exceeded
5,20,18,04-08,+86.7%,+19.30%,0.5965,80,✓ Yes,completed
5,20,18,04-08,+86.7%,+19.30%,0.5965,80,✓ Yes,completed
5,20,19,04-08,+86.7%,+19.30%,0.5965,80,✓ Yes,completed
5,20,19,04-08,+74.6%,+18.15%,0.5908,90,✓ Yes,completed
5,20,19,04-08,+74.6%,+18.15%,0.5908,90,✓ Yes,completed
5,20,20,04-08,+74.6%,+18.15%,0.5908,90,✓ Yes,completed
5,20,20,04-08,+65.3%,+17.15%,0.5857,108,✓ Yes,completed
5,21,17,04-08,+100.0%,+23.91%,0.6195,68,✗ No,budget_exceeded
5,21,17,04-08,+100.0%,+23.91%,0.6195,68,✗ No,budget_exceeded
5,21,18,04-08,+100.0%,+23.91%,0.6195,68,✗ No,budget_exceeded
5,21,18,04-08,+81.7%,+18.59%,0.5930,76,✓ Yes,completed
5,21,18,04-08,+81.7%,+18.59%,0.5930,76,✓ Yes,completed
5,21,19,04-08,+81.7%,+18.59%,0.5930,76,✓ Yes,completed
5,21,19,04-08,+68.0%,+17.31%,0.5866,80,✓ Yes,completed
5,21,19,04-08,+68.0%,+17.31%,0.5866,80,✓ Yes,completed
5,21,20,04-08,+68.0%,+17.31%,0.5866,80,✓ Yes,completed
5,21,20,04-08,+58.5%,+16.25%,0.5812,85,✓ Yes,completed
5,21,20,04-08,+58.5%,+16.25%,0.5812,85,✓ Yes,completed
5,21,21,04-08,+58.5%,+16.25%,0.5812,85,✓ Yes,completed
5,21,21,04-08,+51.7%,+15.78%,0.5789,104,✓ Yes,completed
5,20,17,04-09,+100.0%,+28.78%,0.6439,69,✗ No,budget_exceeded
5,20,17,04-09,+100.0%,+28.78%,0.6439,69,✗ No,budget_exceeded
5,20,18,04-09,+100.0%,+28.78%,0.6439,69,✗ No,budget_exceeded
5,20,18,04-09,+85.1%,+19.53%,0.5976,80,✓ Yes,completed
5,20,18,04-09,+85.1%,+19.53%,0.5976,80,✓ Yes,completed
5,20,19,04-09,+85.1%,+19.53%,0.5976,80,✓ Yes,completed
5,20,19,04-09,+73.5%,+18.48%,0.5924,89,✓ Yes,completed
5,20,19,04-09,+73.5%,+18.48%,0.5924,89,✓ Yes,completed
5,20,20,04-09,+73.5%,+18.48%,0.5924,89,✓ Yes,completed
5,20,20,04-09,+64.4%,+17.50%,0.5875,107,✓ Yes,completed
5,21,17,04-09,+98.6%,+19.10%,0.5955,70,✓ Yes,completed
5,21,17,04-09,+98.6%,+19.10%,0.5955,70,✓ Yes,completed
5,21,18,04-09,+98.6%,+19.10%,0.5955,70,✓ Yes,completed
5,21,18,04-09,+80.0%,+18.83%,0.5941,75,✓ Yes,completed
5,21,18,04-09,+80.0%,+18.83%,0.5941,75,✓ Yes,completed
5,21,19,04-09,+80.0%,+18.83%,0.5941,75,✓ Yes,completed
5,21,19,04-09,+67.3%,+17.58%,0.5879,80,✓ Yes,completed
5,21,19,04-09,+67.3%,+17.58%,0.5879,80,✓ Yes,completed
5,21,20,04-09,+67.3%,+17.58%,0.5879,80,✓ Yes,completed
5,21,20,04-09,+57.7%,+16.57%,0.5829,84,✓ Yes,completed
5,21,20,04-09,+57.7%,+16.57%,0.5829,84,✓ Yes,completed
5,21,21,04-09,+57.7%,+16.57%,0.5829,84,✓ Yes,completed
5,21,21,04-09,+51.4%,+16.08%,0.5804,104,✓ Yes,completed
5,20,17,04-10,+100.0%,+26.01%,0.6301,72,✗ No,budget_exceeded
5,20,17,04-10,+100.0%,+26.01%,0.6301,72,✗ No,budget_exceeded
5,20,18,04-10,+100.0%,+26.01%,0.6301,72,✗ No,budget_exceeded
5,20,18,04-10,+84.3%,+19.50%,0.5975,79,✓ Yes,completed
5,20,18,04-10,+84.3%,+19.50%,0.5975,79,✓ Yes,completed
5,20,19,04-10,+84.3%,+19.50%,0.5975,79,✓ Yes,completed
5,20,19,04-10,+72.2%,+18.48%,0.5924,87,✓ Yes,completed
5,20,19,04-10,+72.2%,+18.48%,0.5924,87,✓ Yes,completed
5,20,20,04-10,+72.2%,+18.48%,0.5924,87,✓ Yes,completed
5,20,20,04-10,+63.3%,+17.52%,0.5876,105,✓ Yes,completed
5,21,17,04-10,+96.9%,+19.09%,0.5955,70,✓ Yes,completed
5,21,17,04-10,+96.9%,+19.09%,0.5955,70,✓ Yes,completed
5,21,18,04-10,+96.9%,+19.09%,0.5955,70,✓ Yes,completed
5,21,18,04-10,+79.3%,+18.99%,0.5949,74,✓ Yes,completed
5,21,18,04-10,+79.3%,+18.99%,0.5949,74,✓ Yes,completed
5,21,19,04-10,+79.3%,+18.99%,0.5949,74,✓ Yes,completed
5,21,19,04-10,+66.6%,+17.71%,0.5885,79,✓ Yes,completed
5,21,19,04-10,+66.6%,+17.71%,0.5885,79,✓ Yes,completed
5,21,20,04-10,+66.6%,+17.71%,0.5885,79,✓ Yes,completed
5,21,20,04-10,+57.1%,+16.71%,0.5836,83,✓ Yes,completed
5,21,20,04-10,+57.1%,+16.71%,0.5836,83,✓ Yes,completed
5,21,21,04-10,+57.1%,+16.71%,0.5836,83,✓ Yes,completed
5,21,21,04-10,+51.3%,+16.07%,0.5804,104,✓ Yes,completed
5,20,17,04-11,+100.0%,+23.41%,0.6170,74,✗ No,budget_exceeded
5,20,17,04-11,+100.0%,+23.41%,0.6170,74,✗ No,budget_exceeded
5,20,18,04-11,+100.0%,+23.41%,0.6170,74,✗ No,budget_exceeded
5,20,18,04-11,+83.1%,+19.67%,0.5983,78,✓ Yes,completed
5,20,18,04-11,+83.1%,+19.67%,0.5983,78,✓ Yes,completed
5,20,19,04-11,+83.1%,+19.67%,0.5983,78,✓ Yes,completed
5,20,19,04-11,+71.5%,+18.67%,0.5934,86,✓ Yes,completed
5,20,19,04-11,+71.5%,+18.67%,0.5934,86,✓ Yes,completed
5,20,20,04-11,+71.5%,+18.67%,0.5934,86,✓ Yes,completed
5,20,20,04-11,+62.4%,+17.69%,0.5884,103,✓ Yes,completed
5,21,17,04-11,+96.1%,+19.34%,0.5967,69,✓ Yes,completed
5,21,17,04-11,+96.1%,+19.34%,0.5967,69,✓ Yes,completed
5,21,18,04-11,+96.1%,+19.34%,0.5967,69,✓ Yes,completed
5,21,18,04-11,+78.5%,+19.24%,0.5962,73,✓ Yes,completed
5,21,18,04-11,+78.5%,+19.24%,0.5962,73,✓ Yes,completed
5,21,19,04-11,+78.5%,+19.24%,0.5962,73,✓ Yes,completed
5,21,19,04-11,+66.2%,+17.85%,0.5892,80,✓ Yes,completed
5,21,19,04-11,+66.2%,+17.85%,0.5892,80,✓ Yes,completed
5,21,20,04-11,+66.2%,+17.85%,0.5892,80,✓ Yes,completed
5,21,20,04-11,+56.6%,+16.88%,0.5844,83,✓ Yes,completed
5,21,20,04-11,+56.6%,+16.88%,0.5844,83,✓ Yes,completed
5,21,21,04-11,+56.6%,+16.88%,0.5844,83,✓ Yes,completed
5,21,21,04-11,+51.2%,+16.19%,0.5810,104,✓ Yes,completed
5,20,17,04-12,+100.0%,+20.96%,0.6048,75,✓ Yes,budget_exceeded
5,20,17,04-12,+100.0%,+20.96%,0.6048,75,✓ Yes,budget_exceeded
5,20,18,04-12,+100.0%,+20.96%,0.6048,75,✓ Yes,budget_exceeded
5,20,18,04-12,+82.7%,+19.42%,0.5971,78,✓ Yes,completed
5,20,18,04-12,+82.7%,+19.42%,0.5971,78,✓ Yes,completed
5,20,19,04-12,+82.7%,+19.42%,0.5971,78,✓ Yes,completed
5,20,19,04-12,+71.1%,+18.47%,0.5923,86,✓ Yes,completed
5,20,19,04-12,+71.1%,+18.47%,0.5923,86,✓ Yes,completed
5,20,20,04-12,+71.1%,+18.47%,0.5923,86,✓ Yes,completed
5,20,20,04-12,+61.9%,+17.50%,0.5875,103,✓ Yes,completed
5,21,17,04-12,+95.5%,+19.15%,0.5957,69,✓ Yes,completed
5,21,17,04-12,+95.5%,+19.15%,0.5957,69,✓ Yes,completed
5,21,18,04-12,+95.5%,+19.15%,0.5957,69,✓ Yes,completed
5,21,18,04-12,+77.6%,+19.11%,0.5955,72,✓ Yes,completed
5,21,18,04-12,+77.6%,+19.11%,0.5955,72,✓ Yes,completed
5,21,19,04-12,+77.6%,+19.11%,0.5955,72,✓ Yes,completed
5,21,19,04-12,+65.5%,+17.72%,0.5886,79,✓ Yes,completed
5,21,19,04-12,+65.5%,+17.72%,0.5886,79,✓ Yes,completed
5,21,20,04-12,+65.5%,+17.72%,0.5886,79,✓ Yes,completed
5,21,20,04-12,+56.4%,+16.76%,0.5838,83,✓ Yes,completed
5,21,20,04-12,+56.4%,+16.76%,0.5838,83,✓ Yes,completed
5,21,21,04-12,+56.4%,+16.76%,0.5838,83,✓ Yes,completed
5,21,21,04-12,+51.0%,+15.99%,0.5799,104,✓ Yes,completed
6,20,17,04-06,+100.0%,+46.30%,0.7315,59,✗ No,budget_exceeded
6,20,18,04-06,+100.0%,+46.30%,0.7315,59,✗ No,budget_exceeded
6,20,18,04-06,+89.4%,+19.29%,0.5965,81,✓ Yes,completed
6,20,18,04-06,+89.4%,+19.29%,0.5965,81,✓ Yes,completed
6,20,19,04-06,+89.4%,+19.29%,0.5965,81,✓ Yes,completed
6,20,19,04-06,+76.5%,+18.07%,0.5903,92,✓ Yes,completed
6,20,19,04-06,+76.5%,+18.07%,0.5903,92,✓ Yes,completed
6,20,20,04-06,+76.5%,+18.07%,0.5903,92,✓ Yes,completed
6,20,20,04-06,+67.3%,+17.08%,0.5854,110,✓ Yes,completed
6,20,20,04-06,+67.3%,+17.08%,0.5854,110,✓ Yes,completed
6,20,17,04-07,+100.0%,+43.43%,0.7171,62,✗ No,budget_exceeded
6,20,18,04-07,+100.0%,+43.43%,0.7171,62,✗ No,budget_exceeded
6,20,18,04-07,+88.4%,+19.09%,0.5954,80,✓ Yes,completed
6,20,18,04-07,+88.4%,+19.09%,0.5954,80,✓ Yes,completed
6,20,19,04-07,+88.4%,+19.09%,0.5954,80,✓ Yes,completed
6,20,19,04-07,+75.9%,+17.90%,0.5895,91,✓ Yes,completed
6,20,19,04-07,+75.9%,+17.90%,0.5895,91,✓ Yes,completed
6,20,20,04-07,+75.9%,+17.90%,0.5895,91,✓ Yes,completed
6,20,20,04-07,+66.6%,+16.95%,0.5847,109,✓ Yes,completed
6,20,20,04-07,+66.6%,+16.95%,0.5847,109,✓ Yes,completed
6,20,17,04-08,+100.0%,+30.22%,0.6511,66,✓ Yes,budget_exceeded
6,20,18,04-08,+100.0%,+30.22%,0.6511,66,✓ Yes,budget_exceeded
6,20,18,04-08,+86.7%,+19.30%,0.5965,80,✓ Yes,completed
6,20,18,04-08,+86.7%,+19.30%,0.5965,80,✓ Yes,completed
6,20,19,04-08,+86.7%,+19.30%,0.5965,80,✓ Yes,completed
6,20,19,04-08,+74.6%,+18.15%,0.5908,90,✓ Yes,completed
6,20,19,04-08,+74.6%,+18.15%,0.5908,90,✓ Yes,completed
6,20,20,04-08,+74.6%,+18.15%,0.5908,90,✓ Yes,completed
6,20,20,04-08,+65.3%,+17.15%,0.5857,108,✓ Yes,completed
6,20,20,04-08,+65.3%,+17.15%,0.5857,108,✓ Yes,completed
6,20,17,04-09,+100.0%,+28.78%,0.6439,69,✗ No,budget_exceeded
6,20,18,04-09,+100.0%,+28.78%,0.6439,69,✗ No,budget_exceeded
6,20,18,04-09,+85.1%,+19.53%,0.5976,80,✓ Yes,completed
6,20,18,04-09,+85.1%,+19.53%,0.5976,80,✓ Yes,completed
6,20,19,04-09,+85.1%,+19.53%,0.5976,80,✓ Yes,completed
6,20,19,04-09,+73.5%,+18.48%,0.5924,89,✓ Yes,completed
6,20,19,04-09,+73.5%,+18.48%,0.5924,89,✓ Yes,completed
6,20,20,04-09,+73.5%,+18.48%,0.5924,89,✓ Yes,completed
6,20,20,04-09,+64.4%,+17.50%,0.5875,107,✓ Yes,completed
6,20,20,04-09,+64.4%,+17.50%,0.5875,107,✓ Yes,completed
6,20,17,04-10,+100.0%,+26.01%,0.6301,72,✗ No,budget_exceeded
6,20,18,04-10,+100.0%,+26.01%,0.6301,72,✗ No,budget_exceeded
6,20,18,04-10,+84.3%,+19.50%,0.5975,79,✓ Yes,completed
6,20,18,04-10,+84.3%,+19.50%,0.5975,79,✓ Yes,completed
6,20,19,04-10,+84.3%,+19.50%,0.5975,79,✓ Yes,completed
6,20,19,04-10,+72.2%,+18.48%,0.5924,87,✓ Yes,completed
6,20,19,04-10,+72.2%,+18.48%,0.5924,87,✓ Yes,completed
6,20,20,04-10,+72.2%,+18.48%,0.5924,87,✓ Yes,completed
6,20,20,04-10,+63.3%,+17.52%,0.5876,105,✓ Yes,completed
6,20,20,04-10,+63.3%,+17.52%,0.5876,105,✓ Yes,completed
7,21,18,04-07,+100.0%,+43.43%,0.7171,62,✗ No,budget_exceeded
7,21,18,04-07,+100.0%,+43.43%,0.7171,62,✗ No,budget_exceeded
7,21,18,04-07,+88.4%,+19.09%,0.5954,80,✓ Yes,completed
7,21,19,04-07,+88.4%,+19.09%,0.5954,80,✓ Yes,completed
7,21,19,04-07,+88.4%,+19.09%,0.5954,80,✓ Yes,completed
7,21,19,04-07,+75.9%,+17.90%,0.5895,91,✓ Yes,completed
7,21,20,04-07,+75.9%,+17.90%,0.5895,91,✓ Yes,completed
7,21,20,04-07,+75.9%,+17.90%,0.5895,91,✓ Yes,completed
7,21,20,04-07,+66.6%,+16.95%,0.5847,109,✓ Yes,completed
7,21,21,04-07,+66.6%,+16.95%,0.5847,109,✓ Yes,completed
7,21,18,04-08,+100.0%,+30.22%,0.6511,66,✓ Yes,budget_exceeded
7,21,18,04-08,+100.0%,+30.22%,0.6511,66,✓ Yes,budget_exceeded
7,21,18,04-08,+86.7%,+19.30%,0.5965,80,✓ Yes,completed
7,21,19,04-08,+86.7%,+19.30%,0.5965,80,✓ Yes,completed
7,21,19,04-08,+86.7%,+19.30%,0.5965,80,✓ Yes,completed
7,21,19,04-08,+74.6%,+18.15%,0.5908,90,✓ Yes,completed
7,21,20,04-08,+74.6%,+18.15%,0.5908,90,✓ Yes,completed
7,21,20,04-08,+74.6%,+18.15%,0.5908,90,✓ Yes,completed
7,21,20,04-08,+65.3%,+17.15%,0.5857,108,✓ Yes,completed
7,21,21,04-08,+65.3%,+17.15%,0.5857,108,✓ Yes,completed
7,21,18,04-09,+100.0%,+28.78%,0.6439,69,✗ No,budget_exceeded
7,21,18,04-09,+100.0%,+28.78%,0.6439,69,✗ No,budget_exceeded
7,21,18,04-09,+85.1%,+19.53%,0.5976,80,✓ Yes,completed
7,21,19,04-09,+85.1%,+19.53%,0.5976,80,✓ Yes,completed
7,21,19,04-09,+85.1%,+19.53%,0.5976,80,✓ Yes,completed
7,21,19,04-09,+73.5%,+18.48%,0.5924,89,✓ Yes,completed
7,21,20,04-09,+73.5%,+18.48%,0.5924,89,✓ Yes,completed
7,21,20,04-09,+73.5%,+18.48%,0.5924,89,✓ Yes,completed
7,21,20,04-09,+64.4%,+17.50%,0.5875,107,✓ Yes,completed
7,21,21,04-09,+64.4%,+17.50%,0.5875,107,✓ Yes,completed
8,21,18,04-08,+100.0%,+30.22%,0.6511,66,✓ Yes,budget_exceeded
8,21,18,04-08,+86.7%,+19.30%,0.5965,80,✓ Yes,completed
8,21,18,04-08,+86.7%,+19.30%,0.5965,80,✓ Yes,completed
8,21,19,04-08,+86.7%,+19.30%,0.5965,80,✓ Yes,completed
8,21,19,04-08,+74.6%,+18.15%,0.5908,90,✓ Yes,completed
8,21,19,04-08,+74.6%,+18.15%,0.5908,90,✓ Yes,completed
8,21,20,04-08,+74.6%,+18.15%,0.5908,90,✓ Yes,completed
8,21,20,04-08,+65.3%,+17.15%,0.5857,108,✓ Yes,completed
8,21,20,04-08,+65.3%,+17.15%,0.5857,108,✓ Yes,completed
8,21,21,04-08,+65.3%,+17.15%,0.5857,108,✓ Yes,completed
8,21,18,04-09,+100.0%,+28.78%,0.6439,69,✗ No,budget_exceeded
8,21,18,04-09,+85.1%,+19.53%,0.5976,80,✓ Yes,completed
8,21,18,04-09,+85.1%,+19.53%,0.5976,80,✓ Yes,completed
8,21,19,04-09,+85.1%,+19.53%,0.5976,80,✓ Yes,completed
8,21,19,04-09,+73.5%,+18.48%,0.5924,89,✓ Yes,completed
8,21,19,04-09,+73.5%,+18.48%,0.5924,89,✓ Yes,completed
8,21,20,04-09,+73.5%,+18.48%,0.5924,89,✓ Yes,completed
8,21,20,04-09,+64.4%,+17.50%,0.5875,107,✓ Yes,completed
8,21,20,04-09,+64.4%,+17.50%,0.5875,107,✓ Yes,completed
8,21,21,04-09,+64.4%,+17.50%,0.5875,107,✓ Yes,completed
9,21,18,04-08,+100.0%,+30.22%,0.6511,66,✓ Yes,budget_exceeded
9,21,18,04-08,+86.7%,+19.30%,0.5965,80,✓ Yes,completed
9,21,18,04-08,+86.7%,+19.30%,0.5965,80,✓ Yes,completed
9,21,19,04-08,+86.7%,+19.30%,0.5965,80,✓ Yes,completed
9,21,19,04-08,+74.6%,+18.15%,0.5908,90,✓ Yes,completed
9,21,19,04-08,+74.6%,+18.15%,0.5908,90,✓ Yes,completed
9,21,20,04-08,+74.6%,+18.15%,0.5908,90,✓ Yes,completed
9,21,20,04-08,+65.3%,+17.15%,0.5857,108,✓ Yes,completed
9,21,20,04-08,+65.3%,+17.15%,0.5857,108,✓ Yes,completed
9,21,21,04-08,+65.3%,+17.15%,0.5857,108,✓ Yes,completed
9,21,18,04-09,+100.0%,+28.78%,0.6439,69,✗ No,budget_exceeded
9,21,18,04-09,+85.1%,+19.53%,0.5976,80,✓ Yes,completed
9,21,18,04-09,+85.1%,+19.53%,0.5976,80,✓ Yes,completed
9,21,19,04-09,+85.1%,+19.53%,0.5976,80,✓ Yes,completed
9,21,19,04-09,+73.5%,+18.48%,0.5924,89,✓ Yes,completed
9,21,19,04-09,+73.5%,+18.48%,0.5924,89,✓ Yes,completed
9,21,20,04-09,+73.5%,+18.48%,0.5924,89,✓ Yes,completed
9,21,20,04-09,+64.4%,+17.50%,0.5875,107,✓ Yes,completed
9,21,20,04-09,+64.4%,+17.50%,0.5875,107,✓ Yes,completed
9,21,21,04-09,+64.4%,+17.50%,0.5875,107,✓ Yes,completed
