Iter,θ_p,θ_r,Start,Overhead %,CO₂ Save %,Score,Pauses,Budget,Stop
0,10,0,01-01,+100.0%,+91.43%,0.9571,1,✗ No,budget_exceeded
0,10,10,01-01,+100.0%,+91.43%,0.9571,1,✗ No,budget_exceeded
0,98,0,01-01,+100.0%,+91.43%,0.9571,1,✗ No,budget_exceeded
0,98,98,01-01,+100.0%,+91.43%,0.9571,1,✗ No,budget_exceeded
0,186,0,01-01,+100.0%,+91.43%,0.9571,1,✗ No,budget_exceeded
0,186,186,01-01,+100.0%,+91.43%,0.9571,1,✗ No,budget_exceeded
0,273,0,01-01,+100.0%,+91.43%,0.9571,1,✗ No,budget_exceeded
0,273,137,01-01,+100.0%,+91.43%,0.9571,1,✗ No,budget_exceeded
0,273,273,01-01,+100.0%,+91.43%,0.9571,1,✗ No,budget_exceeded
0,361,0,01-01,+100.0%,+91.43%,0.9571,1,✗ No,budget_exceeded
0,361,90,01-01,+100.0%,+91.43%,0.9571,1,✗ No,budget_exceeded
0,361,181,01-01,+100.0%,+91.43%,0.9571,1,✗ No,budget_exceeded
0,361,271,01-01,+100.0%,+91.43%,0.9571,1,✗ No,budget_exceeded
0,361,361,01-01,+100.0%,+88.69%,0.9435,12,✗ No,budget_exceeded
0,449,0,01-01,+100.0%,+88.07%,0.9404,1,✗ No,budget_exceeded
0,449,90,01-01,+100.0%,+88.07%,0.9404,1,✗ No,budget_exceeded
0,449,180,01-01,+100.0%,+88.07%,0.9404,1,✗ No,budget_exceeded
0,449,269,01-01,+100.0%,+88.07%,0.9404,1,✗ No,budget_exceeded
0,449,359,01-01,+85.1%,+7.26%,0.5363,4,✓ Yes,completed
0,449,449,01-01,+40.7%,+5.52%,0.5276,57,✓ Yes,completed
0,537,0,01-01,+0.0%,+0.00%,0.5000,0,✓ Yes,completed
0,537,89,01-01,+0.0%,+0.00%,0.5000,0,✓ Yes,completed
0,537,179,01-01,+0.0%,+0.00%,0.5000,0,✓ Yes,completed
0,537,268,01-01,+0.0%,+0.00%,0.5000,0,✓ Yes,completed
0,537,358,01-01,+0.0%,+0.00%,0.5000,0,✓ Yes,completed
0,537,447,01-01,+0.0%,+0.00%,0.5000,0,✓ Yes,completed
0,537,537,01-01,+0.0%,+0.00%,0.5000,0,✓ Yes,completed
0,624,0,01-01,+0.0%,+0.00%,0.5000,0,✓ Yes,completed
0,624,89,01-01,+0.0%,+0.00%,0.5000,0,✓ Yes,completed
0,624,178,01-01,+0.0%,+0.00%,0.5000,0,✓ Yes,completed
0,624,268,01-01,+0.0%,+0.00%,0.5000,0,✓ Yes,completed
0,624,357,01-01,+0.0%,+0.00%,0.5000,0,✓ Yes,completed
0,624,446,01-01,+0.0%,+0.00%,0.5000,0,✓ Yes,completed
0,624,535,01-01,+0.0%,+0.00%,0.5000,0,✓ Yes,completed
0,624,624,01-01,+0.0%,+0.00%,0.5000,0,✓ Yes,completed
0,712,0,01-01,+0.0%,+0.00%,0.5000,0,✓ Yes,completed
0,712,89,01-01,+0.0%,+0.00%,0.5000,0,✓ Yes,completed
0,712,178,01-01,+0.0%,+0.00%,0.5000,0,✓ Yes,completed
0,712,267,01-01,+0.0%,+0.00%,0.5000,0,✓ Yes,completed
0,712,356,01-01,+0.0%,+0.00%,0.5000,0,✓ Yes,completed
0,712,445,01-01,+0.0%,+0.00%,0.5000,0,✓ Yes,completed
0,712,534,01-01,+0.0%,+0.00%,0.5000,0,✓ Yes,completed
0,712,623,01-01,+0.0%,+0.00%,0.5000,0,✓ Yes,completed
0,712,712,01-01,+0.0%,+0.00%,0.5000,0,✓ Yes,completed
0,800,0,01-01,+0.0%,+0.00%,0.5000,0,✓ Yes,completed
0,800,89,01-01,+0.0%,+0.00%,0.5000,0,✓ Yes,completed
0,800,178,01-01,+0.0%,+0.00%,0.5000,0,✓ Yes,completed
0,800,267,01-01,+0.0%,+0.00%,0.5000,0,✓ Yes,completed
0,800,356,01-01,+0.0%,+0.00%,0.5000,0,✓ Yes,completed
0,800,444,01-01,+0.0%,+0.00%,0.5000,0,✓ Yes,completed
0,800,533,01-01,+0.0%,+0.00%,0.5000,0,✓ Yes,completed
0,800,622,01-01,+0.0%,+0.00%,0.5000,0,✓ Yes,completed
0,800,711,01-01,+0.0%,+0.00%,0.5000,0,✓ Yes,completed
0,800,800,01-01,+0.0%,+0.00%,0.5000,0,✓ Yes,completed
0,10,0,03-03,+100.0%,+91.43%,0.9571,1,✗ No,budget_exceeded
0,10,10,03-03,+100.0%,+91.43%,0.9571,1,✗ No,budget_exceeded
0,98,0,03-03,+100.0%,+91.43%,0.9571,1,✗ No,budget_exceeded
0,98,98,03-03,+100.0%,+91.43%,0.9571,1,✗ No,budget_exceeded
0,186,0,03-03,+100.0%,+91.43%,0.9571,1,✗ No,budget_exceeded
0,186,186,03-03,+100.0%,+91.43%,0.9571,1,✗ No,budget_exceeded
0,273,0,03-03,+100.0%,+91.43%,0.9571,1,✗ No,budget_exceeded
0,273,137,03-03,+100.0%,+91.43%,0.9571,1,✗ No,budget_exceeded
0,273,273,03-03,+100.0%,+90.85%,0.9542,7,✗ No,budget_exceeded
0,361,0,03-03,+100.0%,+91.43%,0.9571,1,✗ No,budget_exceeded
0,361,90,03-03,+100.0%,+91.43%,0.9571,1,✗ No,budget_exceeded
0,361,181,03-03,+100.0%,+91.43%,0.9571,1,✗ No,budget_exceeded
0,361,271,03-03,+100.0%,+90.09%,0.9505,4,✗ No,budget_exceeded
0,361,361,03-03,+100.0%,+28.08%,0.6404,122,✗ No,budget_exceeded
0,449,0,03-03,+0.0%,+0.00%,0.5000,0,✓ Yes,completed
0,449,90,03-03,+0.0%,+0.00%,0.5000,0,✓ Yes,completed
0,449,180,03-03,+0.0%,+0.00%,0.5000,0,✓ Yes,completed
0,449,269,03-03,+0.0%,+0.00%,0.5000,0,✓ Yes,completed
0,449,359,03-03,+0.0%,+0.00%,0.5000,0,✓ Yes,completed
0,449,449,03-03,+0.0%,+0.00%,0.5000,0,✓ Yes,completed
0,537,0,03-03,+0.0%,+0.00%,0.5000,0,✓ Yes,completed
0,537,89,03-03,+0.0%,+0.00%,0.5000,0,✓ Yes,completed
0,537,179,03-03,+0.0%,+0.00%,0.5000,0,✓ Yes,completed
0,537,268,03-03,+0.0%,+0.00%,0.5000,0,✓ Yes,completed
0,537,358,03-03,+0.0%,+0.00%,0.5000,0,✓ Yes,completed
0,537,447,03-03,+0.0%,+0.00%,0.5000,0,✓ Yes,completed
0,537,537,03-03,+0.0%,+0.00%,0.5000,0,✓ Yes,completed
0,624,0,03-03,+0.0%,+0.00%,0.5000,0,✓ Yes,completed
0,624,89,03-03,+0.0%,+0.00%,0.5000,0,✓ Yes,completed
0,624,178,03-03,+0.0%,+0.00%,0.5000,0,✓ Yes,completed
0,624,268,03-03,+0.0%,+0.00%,0.5000,0,✓ Yes,completed
0,624,357,03-03,+0.0%,+0.00%,0.5000,0,✓ Yes,completed
0,624,446,03-03,+0.0%,+0.00%,0.5000,0,✓ Yes,completed
0,624,535,03-03,+0.0%,+0.00%,0.5000,0,✓ Yes,completed
0,624,624,03-03,+0.0%,+0.00%,0.5000,0,✓ Yes,completed
0,712,0,03-03,+0.0%,+0.00%,0.5000,0,✓ Yes,completed
0,712,89,03-03,+0.0%,+0.00%,0.5000,0,✓ Yes,completed
0,712,178,03-03,+0.0%,+0.00%,0.5000,0,✓ Yes,completed
0,712,267,03-03,+0.0%,+0.00%,0.5000,0,✓ Yes,completed
0,712,356,03-03,+0.0%,+0.00%,0.5000,0,✓ Yes,completed
0,712,445,03-03,+0.0%,+0.00%,0.5000,0,✓ Yes,completed
0,712,534,03-03,+0.0%,+0.00%,0.5000,0,✓ Yes,completed
0,712,623,03-03,+0.0%,+0.00%,0.5000,0,✓ Yes,completed
0,712,712,03-03,+0.0%,+0.00%,0.5000,0,✓ Yes,completed
0,800,0,03-03,+0.0%,+0.00%,0.5000,0,✓ Yes,completed
0,800,89,03-03,+0.0%,+0.00%,0.5000,0,✓ Yes,completed
0,800,178,03-03,+0.0%,+0.00%,0.5000,0,✓ Yes,completed
0,800,267,03-03,+0.0%,+0.00%,0.5000,0,✓ Yes,completed
0,800,356,03-03,+0.0%,+0.00%,0.5000,0,✓ Yes,completed
0,800,444,03-03,+0.0%,+0.00%,0.5000,0,✓ Yes,completed
0,800,533,03-03,+0.0%,+0.00%,0.5000,0,✓ Yes,completed
0,800,622,03-03,+0.0%,+0.00%,0.5000,0,✓ Yes,completed
0,800,711,03-03,+0.0%,+0.00%,0.5000,0,✓ Yes,completed
0,800,800,03-03,+0.0%,+0.00%,0.5000,0,✓ Yes,completed
0,10,0,05-03,+100.0%,+91.43%,0.9571,1,✗ No,budget_exceeded
0,10,10,05-03,+100.0%,+91.43%,0.9571,1,✗ No,budget_exceeded
0,98,0,05-03,+100.0%,+91.43%,0.9571,1,✗ No,budget_exceeded
0,98,98,05-03,+100.0%,+91.43%,0.9571,1,✗ No,budget_exceeded
0,186,0,05-03,+100.0%,+91.43%,0.9571,1,✗ No,budget_exceeded
0,186,186,05-03,+100.0%,+91.43%,0.9571,1,✗ No,budget_exceeded
0,273,0,05-03,+100.0%,+91.43%,0.9571,1,✗ No,budget_exceeded
0,273,137,05-03,+100.0%,+91.43%,0.9571,1,✗ No,budget_exceeded
0,273,273,05-03,+100.0%,+91.43%,0.9571,1,✗ No,budget_exceeded
0,361,0,05-03,+100.0%,+91.43%,0.9571,1,✗ No,budget_exceeded
0,361,90,05-03,+100.0%,+91.43%,0.9571,1,✗ No,budget_exceeded
0,361,181,05-03,+100.0%,+91.43%,0.9571,1,✗ No,budget_exceeded
0,361,271,05-03,+100.0%,+91.43%,0.9571,1,✗ No,budget_exceeded
0,361,361,05-03,+100.0%,+72.72%,0.8636,45,✗ No,budget_exceeded
0,449,0,05-03,+100.0%,+31.76%,0.6588,1,✗ No,budget_exceeded
0,449,90,05-03,+100.0%,+31.76%,0.6588,1,✗ No,budget_exceeded
0,449,180,05-03,+100.0%,+31.76%,0.6588,1,✗ No,budget_exceeded
0,449,269,05-03,+100.0%,+31.76%,0.6588,1,✗ No,budget_exceeded
0,449,359,05-03,+100.0%,+24.25%,0.6213,3,✗ No,budget_exceeded
0,449,449,05-03,+6.5%,-0.34%,0.4983,19,✓ Yes,completed
0,537,0,05-03,+0.0%,+0.00%,0.5000,0,✓ Yes,completed
0,537,89,05-03,+0.0%,+0.00%,0.5000,0,✓ Yes,completed
0,537,179,05-03,+0.0%,+0.00%,0.5000,0,✓ Yes,completed
0,537,268,05-03,+0.0%,+0.00%,0.5000,0,✓ Yes,completed
0,537,358,05-03,+0.0%,+0.00%,0.5000,0,✓ Yes,completed
0,537,447,05-03,+0.0%,+0.00%,0.5000,0,✓ Yes,completed
0,537,537,05-03,+0.0%,+0.00%,0.5000,0,✓ Yes,completed
0,624,0,05-03,+0.0%,+0.00%,0.5000,0,✓ Yes,completed
0,624,89,05-03,+0.0%,+0.00%,0.5000,0,✓ Yes,completed
0,624,178,05-03,+0.0%,+0.00%,0.5000,0,✓ Yes,completed
0,624,268,05-03,+0.0%,+0.00%,0.5000,0,✓ Yes,completed
0,624,357,05-03,+0.0%,+0.00%,0.5000,0,✓ Yes,completed
0,624,446,05-03,+0.0%,+0.00%,0.5000,0,✓ Yes,completed
0,624,535,05-03,+0.0%,+0.00%,0.5000,0,✓ Yes,completed
0,624,624,05-03,+0.0%,+0.00%,0.5000,0,✓ Yes,completed
0,712,0,05-03,+0.0%,+0.00%,0.5000,0,✓ Yes,completed
0,712,89,05-03,+0.0%,+0.00%,0.5000,0,✓ Yes,completed
0,712,178,05-03,+0.0%,+0.00%,0.5000,0,✓ Yes,completed
0,712,267,05-03,+0.0%,+0.00%,0.5000,0,✓ Yes,completed
0,712,356,05-03,+0.0%,+0.00%,0.5000,0,✓ Yes,completed
0,712,445,05-03,+0.0%,+0.00%,0.5000,0,✓ Yes,completed
0,712,534,05-03,+0.0%,+0.00%,0.5000,0,✓ Yes,completed
0,712,623,05-03,+0.0%,+0.00%,0.5000,0,✓ Yes,completed
0,712,712,05-03,+0.0%,+0.00%,0.5000,0,✓ Yes,completed
0,800,0,05-03,+0.0%,+0.00%,0.5000,0,✓ Yes,completed
0,800,89,05-03,+0.0%,+0.00%,0.5000,0,✓ Yes,completed
0,800,178,05-03,+0.0%,+0.00%,0.5000,0,✓ Yes,completed
0,800,267,05-03,+0.0%,+0.00%,0.5000,0,✓ Yes,completed
0,800,356,05-03,+0.0%,+0.00%,0.5000,0,✓ Yes,completed
0,800,444,05-03,+0.0%,+0.00%,0.5000,0,✓ Yes,completed
0,800,533,05-03,+0.0%,+0.00%,0.5000,0,✓ Yes,completed
0,800,622,05-03,+0.0%,+0.00%,0.5000,0,✓ Yes,completed
0,800,711,05-03,+0.0%,+0.00%,0.5000,0,✓ Yes,completed
0,800,800,05-03,+0.0%,+0.00%,0.5000,0,✓ Yes,completed
0,10,0,07-03,+100.0%,+91.43%,0.9571,1,✗ No,budget_exceeded
0,10,10,07-03,+100.0%,+91.43%,0.9571,1,✗ No,budget_exceeded
0,98,0,07-03,+100.0%,+91.43%,0.9571,1,✗ No,budget_exceeded
0,98,98,07-03,+100.0%,+91.43%,0.9571,1,✗ No,budget_exceeded
0,186,0,07-03,+100.0%,+91.43%,0.9571,1,✗ No,budget_exceeded
0,186,186,07-03,+100.0%,+91.43%,0.9571,1,✗ No,budget_exceeded
0,273,0,07-03,+100.0%,+91.43%,0.9571,1,✗ No,budget_exceeded
0,273,137,07-03,+100.0%,+91.43%,0.9571,1,✗ No,budget_exceeded
0,273,273,07-03,+100.0%,+91.43%,0.9571,1,✗ No,budget_exceeded
0,361,0,07-03,+100.0%,+91.43%,0.9571,1,✗ No,budget_exceeded
0,361,90,07-03,+100.0%,+91.43%,0.9571,1,✗ No,budget_exceeded
0,361,181,07-03,+100.0%,+91.43%,0.9571,1,✗ No,budget_exceeded
0,361,271,07-03,+100.0%,+91.43%,0.9571,1,✗ No,budget_exceeded
0,361,361,07-03,+100.0%,+91.43%,0.9571,1,✗ No,budget_exceeded
0,449,0,07-03,+100.0%,+91.43%,0.9571,1,✗ No,budget_exceeded
0,449,90,07-03,+100.0%,+91.43%,0.9571,1,✗ No,budget_exceeded
0,449,180,07-03,+100.0%,+91.43%,0.9571,1,✗ No,budget_exceeded
0,449,269,07-03,+100.0%,+91.43%,0.9571,1,✗ No,budget_exceeded
0,449,359,07-03,+100.0%,+91.43%,0.9571,1,✗ No,budget_exceeded
0,449,449,07-03,+70.9%,-0.76%,0.4962,133,✓ Yes,completed
0,537,0,07-03,+0.0%,+0.00%,0.5000,0,✓ Yes,completed
0,537,89,07-03,+0.0%,+0.00%,0.5000,0,✓ Yes,completed
0,537,179,07-03,+0.0%,+0.00%,0.5000,0,✓ Yes,completed
0,537,268,07-03,+0.0%,+0.00%,0.5000,0,✓ Yes,completed
0,537,358,07-03,+0.0%,+0.00%,0.5000,0,✓ Yes,completed
0,537,447,07-03,+0.0%,+0.00%,0.5000,0,✓ Yes,completed
0,537,537,07-03,+0.0%,+0.00%,0.5000,0,✓ Yes,completed
0,624,0,07-03,+0.0%,+0.00%,0.5000,0,✓ Yes,completed
0,624,89,07-03,+0.0%,+0.00%,0.5000,0,✓ Yes,completed
0,624,178,07-03,+0.0%,+0.00%,0.5000,0,✓ Yes,completed
0,624,268,07-03,+0.0%,+0.00%,0.5000,0,✓ Yes,completed
0,624,357,07-03,+0.0%,+0.00%,0.5000,0,✓ Yes,completed
0,624,446,07-03,+0.0%,+0.00%,0.5000,0,✓ Yes,completed
0,624,535,07-03,+0.0%,+0.00%,0.5000,0,✓ Yes,completed
0,624,624,07-03,+0.0%,+0.00%,0.5000,0,✓ Yes,completed
0,712,0,07-03,+0.0%,+0.00%,0.5000,0,✓ Yes,completed
0,712,89,07-03,+0.0%,+0.00%,0.5000,0,✓ Yes,completed
0,712,178,07-03,+0.0%,+0.00%,0.5000,0,✓ Yes,completed
0,712,267,07-03,+0.0%,+0.00%,0.5000,0,✓ Yes,completed
0,712,356,07-03,+0.0%,+0.00%,0.5000,0,✓ Yes,completed
0,712,445,07-03,+0.0%,+0.00%,0.5000,0,✓ Yes,completed
0,712,534,07-03,+0.0%,+0.00%,0.5000,0,✓ Yes,completed
0,712,623,07-03,+0.0%,+0.00%,0.5000,0,✓ Yes,completed
0,712,712,07-03,+0.0%,+0.00%,0.5000,0,✓ Yes,completed
0,800,0,07-03,+0.0%,+0.00%,0.5000,0,✓ Yes,completed
0,800,89,07-03,+0.0%,+0.00%,0.5000,0,✓ Yes,completed
0,800,178,07-03,+0.0%,+0.00%,0.5000,0,✓ Yes,completed
0,800,267,07-03,+0.0%,+0.00%,0.5000,0,✓ Yes,completed
0,800,356,07-03,+0.0%,+0.00%,0.5000,0,✓ Yes,completed
0,800,444,07-03,+0.0%,+0.00%,0.5000,0,✓ Yes,completed
0,800,533,07-03,+0.0%,+0.00%,0.5000,0,✓ Yes,completed
0,800,622,07-03,+0.0%,+0.00%,0.5000,0,✓ Yes,completed
0,800,711,07-03,+0.0%,+0.00%,0.5000,0,✓ Yes,completed
0,800,800,07-03,+0.0%,+0.00%,0.5000,0,✓ Yes,completed
0,10,0,09-02,+100.0%,+91.43%,0.9571,1,✗ No,budget_exceeded
0,10,10,09-02,+100.0%,+91.43%,0.9571,1,✗ No,budget_exceeded
0,98,0,09-02,+100.0%,+91.43%,0.9571,1,✗ No,budget_exceeded
0,98,98,09-02,+100.0%,+91.43%,0.9571,1,✗ No,budget_exceeded
0,186,0,09-02,+100.0%,+91.43%,0.9571,1,✗ No,budget_exceeded
0,186,186,09-02,+100.0%,+91.43%,0.9571,1,✗ No,budget_exceeded
0,273,0,09-02,+100.0%,+91.43%,0.9571,1,✗ No,budget_exceeded
0,273,137,09-02,+100.0%,+91.43%,0.9571,1,✗ No,budget_exceeded
0,273,273,09-02,+100.0%,+91.43%,0.9571,1,✗ No,budget_exceeded
0,361,0,09-02,+100.0%,+91.43%,0.9571,1,✗ No,budget_exceeded
0,361,90,09-02,+100.0%,+91.43%,0.9571,1,✗ No,budget_exceeded
0,361,181,09-02,+100.0%,+91.43%,0.9571,1,✗ No,budget_exceeded
0,361,271,09-02,+100.0%,+91.43%,0.9571,1,✗ No,budget_exceeded
0,361,361,09-02,+100.0%,+85.08%,0.9254,18,✗ No,budget_exceeded
0,449,0,09-02,+100.0%,+91.43%,0.9571,1,✗ No,budget_exceeded
0,449,90,09-02,+100.0%,+91.43%,0.9571,1,✗ No,budget_exceeded
0,449,180,09-02,+100.0%,+91.43%,0.9571,1,✗ No,budget_exceeded
0,449,269,09-02,+100.0%,+91.43%,0.9571,1,✗ No,budget_exceeded
0,449,359,09-02,+100.0%,+47.42%,0.7371,10,✗ No,budget_exceeded
0,449,449,09-02,+24.3%,+1.68%,0.5084,60,✓ Yes,completed
0,537,0,09-02,+0.0%,+0.00%,0.5000,0,✓ Yes,completed
0,537,89,09-02,+0.0%,+0.00%,0.5000,0,✓ Yes,completed
0,537,179,09-02,+0.0%,+0.00%,0.5000,0,✓ Yes,completed
0,537,268,09-02,+0.0%,+0.00%,0.5000,0,✓ Yes,completed
0,537,358,09-02,+0.0%,+0.00%,0.5000,0,✓ Yes,completed
0,537,447,09-02,+0.0%,+0.00%,0.5000,0,✓ Yes,completed
0,537,537,09-02,+0.0%,+0.00%,0.5000,0,✓ Yes,completed
0,624,0,09-02,+0.0%,+0.00%,0.5000,0,✓ Yes,completed
0,624,89,09-02,+0.0%,+0.00%,0.5000,0,✓ Yes,completed
0,624,178,09-02,+0.0%,+0.00%,0.5000,0,✓ Yes,completed
0,624,268,09-02,+0.0%,+0.00%,0.5000,0,✓ Yes,completed
0,624,357,09-02,+0.0%,+0.00%,0.5000,0,✓ Yes,completed
0,624,446,09-02,+0.0%,+0.00%,0.5000,0,✓ Yes,completed
0,624,535,09-02,+0.0%,+0.00%,0.5000,0,✓ Yes,completed
0,624,624,09-02,+0.0%,+0.00%,0.5000,0,✓ Yes,completed
0,712,0,09-02,+0.0%,+0.00%,0.5000,0,✓ Yes,completed
0,712,89,09-02,+0.0%,+0.00%,0.5000,0,✓ Yes,completed
0,712,178,09-02,+0.0%,+0.00%,0.5000,0,✓ Yes,completed
0,712,267,09-02,+0.0%,+0.00%,0.5000,0,✓ Yes,completed
0,712,356,09-02,+0.0%,+0.00%,0.5000,0,✓ Yes,completed
0,712,445,09-02,+0.0%,+0.00%,0.5000,0,✓ Yes,completed
0,712,534,09-02,+0.0%,+0.00%,0.5000,0,✓ Yes,completed
0,712,623,09-02,+0.0%,+0.00%,0.5000,0,✓ Yes,completed
0,712,712,09-02,+0.0%,+0.00%,0.5000,0,✓ Yes,completed
0,800,0,09-02,+0.0%,+0.00%,0.5000,0,✓ Yes,completed
0,800,89,09-02,+0.0%,+0.00%,0.5000,0,✓ Yes,completed
0,800,178,09-02,+0.0%,+0.00%,0.5000,0,✓ Yes,completed
0,800,267,09-02,+0.0%,+0.00%,0.5000,0,✓ Yes,completed
0,800,356,09-02,+0.0%,+0.00%,0.5000,0,✓ Yes,completed
0,800,444,09-02,+0.0%,+0.00%,0.5000,0,✓ Yes,completed
0,800,533,09-02,+0.0%,+0.00%,0.5000,0,✓ Yes,completed
0,800,622,09-02,+0.0%,+0.00%,0.5000,0,✓ Yes,completed
0,800,711,09-02,+0.0%,+0.00%,0.5000,0,✓ Yes,completed
0,800,800,09-02,+0.0%,+0.00%,0.5000,0,✓ Yes,completed
0,10,0,11-02,+100.0%,+91.43%,0.9571,1,✗ No,budget_exceeded
0,10,10,11-02,+100.0%,+91.43%,0.9571,1,✗ No,budget_exceeded
0,98,0,11-02,+100.0%,+91.43%,0.9571,1,✗ No,budget_exceeded
0,98,98,11-02,+100.0%,+91.43%,0.9571,1,✗ No,budget_exceeded
0,186,0,11-02,+100.0%,+91.43%,0.9571,1,✗ No,budget_exceeded
0,186,186,11-02,+100.0%,+91.43%,0.9571,1,✗ No,budget_exceeded
0,273,0,11-02,+100.0%,+91.43%,0.9571,1,✗ No,budget_exceeded
0,273,137,11-02,+100.0%,+91.43%,0.9571,1,✗ No,budget_exceeded
0,273,273,11-02,+100.0%,+91.43%,0.9571,1,✗ No,budget_exceeded
0,361,0,11-02,+100.0%,+91.43%,0.9571,1,✗ No,budget_exceeded
0,361,90,11-02,+100.0%,+91.43%,0.9571,1,✗ No,budget_exceeded
0,361,181,11-02,+100.0%,+91.43%,0.9571,1,✗ No,budget_exceeded
0,361,271,11-02,+100.0%,+91.43%,0.9571,1,✗ No,budget_exceeded
0,361,361,11-02,+100.0%,+78.24%,0.8912,37,✗ No,budget_exceeded
0,449,0,11-02,+100.0%,+91.43%,0.9571,1,✗ No,budget_exceeded
0,449,90,11-02,+100.0%,+91.43%,0.9571,1,✗ No,budget_exceeded
0,449,180,11-02,+100.0%,+91.43%,0.9571,1,✗ No,budget_exceeded
0,449,269,11-02,+100.0%,+91.43%,0.9571,1,✗ No,budget_exceeded
0,449,359,11-02,+100.0%,+38.24%,0.6912,10,✗ No,budget_exceeded
0,449,449,11-02,+20.5%,+0.61%,0.5031,54,✓ Yes,completed
0,537,0,11-02,+0.0%,+0.00%,0.5000,0,✓ Yes,completed
0,537,89,11-02,+0.0%,+0.00%,0.5000,0,✓ Yes,completed
0,537,179,11-02,+0.0%,+0.00%,0.5000,0,✓ Yes,completed
0,537,268,11-02,+0.0%,+0.00%,0.5000,0,✓ Yes,completed
0,537,358,11-02,+0.0%,+0.00%,0.5000,0,✓ Yes,completed
0,537,447,11-02,+0.0%,+0.00%,0.5000,0,✓ Yes,completed
0,537,537,11-02,+0.0%,+0.00%,0.5000,0,✓ Yes,completed
0,624,0,11-02,+0.0%,+0.00%,0.5000,0,✓ Yes,completed
0,624,89,11-02,+0.0%,+0.00%,0.5000,0,✓ Yes,completed
0,624,178,11-02,+0.0%,+0.00%,0.5000,0,✓ Yes,completed
0,624,268,11-02,+0.0%,+0.00%,0.5000,0,✓ Yes,completed
0,624,357,11-02,+0.0%,+0.00%,0.5000,0,✓ Yes,completed
0,624,446,11-02,+0.0%,+0.00%,0.5000,0,✓ Yes,completed
0,624,535,11-02,+0.0%,+0.00%,0.5000,0,✓ Yes,completed
0,624,624,11-02,+0.0%,+0.00%,0.5000,0,✓ Yes,completed
0,712,0,11-02,+0.0%,+0.00%,0.5000,0,✓ Yes,completed
0,712,89,11-02,+0.0%,+0.00%,0.5000,0,✓ Yes,completed
0,712,178,11-02,+0.0%,+0.00%,0.5000,0,✓ Yes,completed
0,712,267,11-02,+0.0%,+0.00%,0.5000,0,✓ Yes,completed
0,712,356,11-02,+0.0%,+0.00%,0.5000,0,✓ Yes,completed
0,712,445,11-02,+0.0%,+0.00%,0.5000,0,✓ Yes,completed
0,712,534,11-02,+0.0%,+0.00%,0.5000,0,✓ Yes,completed
0,712,623,11-02,+0.0%,+0.00%,0.5000,0,✓ Yes,completed
0,712,712,11-02,+0.0%,+0.00%,0.5000,0,✓ Yes,completed
0,800,0,11-02,+0.0%,+0.00%,0.5000,0,✓ Yes,completed
0,800,89,11-02,+0.0%,+0.00%,0.5000,0,✓ Yes,completed
0,800,178,11-02,+0.0%,+0.00%,0.5000,0,✓ Yes,completed
0,800,267,11-02,+0.0%,+0.00%,0.5000,0,✓ Yes,completed
0,800,356,11-02,+0.0%,+0.00%,0.5000,0,✓ Yes,completed
0,800,444,11-02,+0.0%,+0.00%,0.5000,0,✓ Yes,completed
0,800,533,11-02,+0.0%,+0.00%,0.5000,0,✓ Yes,completed
0,800,622,11-02,+0.0%,+0.00%,0.5000,0,✓ Yes,completed
0,800,711,11-02,+0.0%,+0.00%,0.5000,0,✓ Yes,completed
0,800,800,11-02,+0.0%,+0.00%,0.5000,0,✓ Yes,completed
0,10,0,12-31,+100.0%,+91.43%,0.9571,1,✗ No,budget_exceeded
0,10,10,12-31,+100.0%,+91.43%,0.9571,1,✗ No,budget_exceeded
0,98,0,12-31,+100.0%,+91.43%,0.9571,1,✗ No,budget_exceeded
0,98,98,12-31,+100.0%,+91.43%,0.9571,1,✗ No,budget_exceeded
0,186,0,12-31,+100.0%,+91.43%,0.9571,1,✗ No,budget_exceeded
0,186,186,12-31,+100.0%,+91.43%,0.9571,1,✗ No,budget_exceeded
0,273,0,12-31,+100.0%,+91.43%,0.9571,1,✗ No,budget_exceeded
0,273,137,12-31,+100.0%,+91.43%,0.9571,1,✗ No,budget_exceeded
0,273,273,12-31,+100.0%,+91.43%,0.9571,1,✗ No,budget_exceeded
0,361,0,12-31,+100.0%,+91.43%,0.9571,1,✗ No,budget_exceeded
0,361,90,12-31,+100.0%,+91.43%,0.9571,1,✗ No,budget_exceeded
0,361,181,12-31,+100.0%,+91.43%,0.9571,1,✗ No,budget_exceeded
0,361,271,12-31,+100.0%,+91.43%,0.9571,1,✗ No,budget_exceeded
0,361,361,12-31,+100.0%,+89.09%,0.9455,7,✗ No,budget_exceeded
0,449,0,12-31,+100.0%,+90.93%,0.9546,1,✗ No,budget_exceeded
0,449,90,12-31,+100.0%,+90.93%,0.9546,1,✗ No,budget_exceeded
0,449,180,12-31,+100.0%,+90.93%,0.9546,1,✗ No,budget_exceeded
0,449,269,12-31,+100.0%,+90.93%,0.9546,1,✗ No,budget_exceeded
0,449,359,12-31,+87.7%,+7.06%,0.5353,5,✓ Yes,completed
0,449,449,12-31,+41.3%,+5.27%,0.5263,58,✓ Yes,completed
0,537,0,12-31,+0.0%,+0.00%,0.5000,0,✓ Yes,completed
0,537,89,12-31,+0.0%,+0.00%,0.5000,0,✓ Yes,completed
0,537,179,12-31,+0.0%,+0.00%,0.5000,0,✓ Yes,completed
0,537,268,12-31,+0.0%,+0.00%,0.5000,0,✓ Yes,completed
0,537,358,12-31,+0.0%,+0.00%,0.5000,0,✓ Yes,completed
0,537,447,12-31,+0.0%,+0.00%,0.5000,0,✓ Yes,completed
0,537,537,12-31,+0.0%,+0.00%,0.5000,0,✓ Yes,completed
0,624,0,12-31,+0.0%,+0.00%,0.5000,0,✓ Yes,completed
0,624,89,12-31,+0.0%,+0.00%,0.5000,0,✓ Yes,completed
0,624,178,12-31,+0.0%,+0.00%,0.5000,0,✓ Yes,completed
0,624,268,12-31,+0.0%,+0.00%,0.5000,0,✓ Yes,completed
0,624,357,12-31,+0.0%,+0.00%,0.5000,0,✓ Yes,completed
0,624,446,12-31,+0.0%,+0.00%,0.5000,0,✓ Yes,completed
0,624,535,12-31,+0.0%,+0.00%,0.5000,0,✓ Yes,completed
0,624,624,12-31,+0.0%,+0.00%,0.5000,0,✓ Yes,completed
0,712,0,12-31,+0.0%,+0.00%,0.5000,0,✓ Yes,completed
0,712,89,12-31,+0.0%,+0.00%,0.5000,0,✓ Yes,completed
0,712,178,12-31,+0.0%,+0.00%,0.5000,0,✓ Yes,completed
0,712,267,12-31,+0.0%,+0.00%,0.5000,0,✓ Yes,completed
0,712,356,12-31,+0.0%,+0.00%,0.5000,0,✓ Yes,completed
0,712,445,12-31,+0.0%,+0.00%,0.5000,0,✓ Yes,completed
0,712,534,12-31,+0.0%,+0.00%,0.5000,0,✓ Yes,completed
0,712,623,12-31,+0.0%,+0.00%,0.5000,0,✓ Yes,completed
0,712,712,12-31,+0.0%,+0.00%,0.5000,0,✓ Yes,completed
0,800,0,12-31,+0.0%,+0.00%,0.5000,0,✓ Yes,completed
0,800,89,12-31,+0.0%,+0.00%,0.5000,0,✓ Yes,completed
0,800,178,12-31,+0.0%,+0.00%,0.5000,0,✓ Yes,completed
0,800,267,12-31,+0.0%,+0.00%,0.5000,0,✓ Yes,completed
0,800,356,12-31,+0.0%,+0.00%,0.5000,0,✓ Yes,completed
0,800,444,12-31,+0.0%,+0.00%,0.5000,0,✓ Yes,completed
0,800,533,12-31,+0.0%,+0.00%,0.5000,0,✓ Yes,completed
0,800,622,12-31,+0.0%,+0.00%,0.5000,0,✓ Yes,completed
0,800,711,12-31,+0.0%,+0.00%,0.5000,0,✓ Yes,completed
0,800,800,12-31,+0.0%,+0.00%,0.5000,0,✓ Yes,completed
1,271,181,01-01,+100.0%,+91.43%,0.9571,1,✗ No,budget_exceeded
1,271,226,01-01,+100.0%,+91.43%,0.9571,1,✗ No,budget_exceeded
1,271,271,01-01,+100.0%,+91.43%,0.9571,1,✗ No,budget_exceeded
1,311,181,01-01,+100.0%,+91.43%,0.9571,1,✗ No,budget_exceeded
1,311,224,01-01,+100.0%,+91.43%,0.9571,1,✗ No,budget_exceeded
1,311,268,01-01,+100.0%,+91.43%,0.9571,1,✗ No,budget_exceeded
1,311,311,01-01,+100.0%,+91.20%,0.9560,2,✗ No,budget_exceeded
1,350,181,01-01,+100.0%,+91.43%,0.9571,1,✗ No,budget_exceeded
1,350,224,01-01,+100.0%,+91.43%,0.9571,1,✗ No,budget_exceeded
1,350,266,01-01,+100.0%,+91.43%,0.9571,1,✗ No,budget_exceeded
1,350,308,01-01,+100.0%,+91.19%,0.9560,2,✗ No,budget_exceeded
1,350,350,01-01,+100.0%,+90.30%,0.9515,7,✗ No,budget_exceeded
1,390,181,01-01,+100.0%,+91.43%,0.9571,1,✗ No,budget_exceeded
1,390,223,01-01,+100.0%,+91.43%,0.9571,1,✗ No,budget_exceeded
1,390,265,01-01,+100.0%,+91.43%,0.9571,1,✗ No,budget_exceeded
1,390,306,01-01,+100.0%,+91.43%,0.9571,1,✗ No,budget_exceeded
1,390,348,01-01,+100.0%,+89.67%,0.9484,4,✗ No,budget_exceeded
1,390,390,01-01,+100.0%,+69.52%,0.8476,48,✗ No,budget_exceeded
1,429,181,01-01,+100.0%,+89.78%,0.9489,1,✗ No,budget_exceeded
1,429,223,01-01,+100.0%,+89.78%,0.9489,1,✗ No,budget_exceeded
1,429,264,01-01,+100.0%,+89.78%,0.9489,1,✗ No,budget_exceeded
1,429,305,01-01,+100.0%,+89.78%,0.9489,1,✗ No,budget_exceeded
1,429,347,01-01,+100.0%,+45.26%,0.7263,7,✗ No,budget_exceeded
1,429,388,01-01,+85.9%,+7.74%,0.5387,25,✓ Yes,completed
1,429,429,01-01,+63.3%,+7.73%,0.5386,66,✓ Yes,completed
1,469,181,01-01,+100.0%,+87.99%,0.9399,1,✗ No,budget_exceeded
1,469,222,01-01,+100.0%,+87.99%,0.9399,1,✗ No,budget_exceeded
1,469,263,01-01,+100.0%,+87.99%,0.9399,1,✗ No,budget_exceeded
1,469,304,01-01,+100.0%,+87.99%,0.9399,1,✗ No,budget_exceeded
1,469,346,01-01,+81.5%,+7.14%,0.5357,2,✓ Yes,completed
1,469,387,01-01,+61.4%,+7.03%,0.5352,7,✓ Yes,completed
1,469,428,01-01,+38.2%,+5.00%,0.5250,16,✓ Yes,completed
1,469,469,01-01,+20.0%,+3.07%,0.5153,32,✓ Yes,completed
1,508,181,01-01,+100.0%,+80.21%,0.9010,1,✗ No,budget_exceeded
1,508,222,01-01,+100.0%,+80.21%,0.9010,1,✗ No,budget_exceeded
1,508,263,01-01,+100.0%,+80.21%,0.9010,1,✗ No,budget_exceeded
1,508,304,01-01,+96.9%,+6.52%,0.5326,1,✓ Yes,completed
1,508,345,01-01,+53.5%,+5.18%,0.5259,2,✓ Yes,completed
1,508,386,01-01,+26.8%,+2.37%,0.5119,4,✓ Yes,completed
1,508,426,01-01,+13.4%,+1.62%,0.5081,5,✓ Yes,completed
1,508,467,01-01,+3.4%,+0.44%,0.5022,5,✓ Yes,completed
1,508,508,01-01,+1.6%,+0.24%,0.5012,7,✓ Yes,completed
1,548,181,01-01,+0.0%,+0.00%,0.5000,0,✓ Yes,completed
1,548,222,01-01,+0.0%,+0.00%,0.5000,0,✓ Yes,completed
1,548,263,01-01,+0.0%,+0.00%,0.5000,0,✓ Yes,completed
1,548,303,01-01,+0.0%,+0.00%,0.5000,0,✓ Yes,completed
1,548,344,01-01,+0.0%,+0.00%,0.5000,0,✓ Yes,completed
1,548,385,01-01,+0.0%,+0.00%,0.5000,0,✓ Yes,completed
1,548,426,01-01,+0.0%,+0.00%,0.5000,0,✓ Yes,completed
1,548,466,01-01,+0.0%,+0.00%,0.5000,0,✓ Yes,completed
1,548,507,01-01,+0.0%,+0.00%,0.5000,0,✓ Yes,completed
1,548,548,01-01,+0.0%,+0.00%,0.5000,0,✓ Yes,completed
1,587,181,01-01,+0.0%,+0.00%,0.5000,0,✓ Yes,completed
1,587,222,01-01,+0.0%,+0.00%,0.5000,0,✓ Yes,completed
1,587,263,01-01,+0.0%,+0.00%,0.5000,0,✓ Yes,completed
1,587,303,01-01,+0.0%,+0.00%,0.5000,0,✓ Yes,completed
1,587,344,01-01,+0.0%,+0.00%,0.5000,0,✓ Yes,completed
1,587,384,01-01,+0.0%,+0.00%,0.5000,0,✓ Yes,completed
1,587,425,01-01,+0.0%,+0.00%,0.5000,0,✓ Yes,completed
1,587,465,01-01,+0.0%,+0.00%,0.5000,0,✓ Yes,completed
1,587,506,01-01,+0.0%,+0.00%,0.5000,0,✓ Yes,completed
1,587,547,01-01,+0.0%,+0.00%,0.5000,0,✓ Yes,completed
1,587,587,01-01,+0.0%,+0.00%,0.5000,0,✓ Yes,completed
1,627,181,01-01,+0.0%,+0.00%,0.5000,0,✓ Yes,completed
1,627,218,01-01,+0.0%,+0.00%,0.5000,0,✓ Yes,completed
1,627,256,01-01,+0.0%,+0.00%,0.5000,0,✓ Yes,completed
1,627,293,01-01,+0.0%,+0.00%,0.5000,0,✓ Yes,completed
1,627,330,01-01,+0.0%,+0.00%,0.5000,0,✓ Yes,completed
1,627,367,01-01,+0.0%,+0.00%,0.5000,0,✓ Yes,completed
1,627,404,01-01,+0.0%,+0.00%,0.5000,0,✓ Yes,completed
1,627,441,01-01,+0.0%,+0.00%,0.5000,0,✓ Yes,completed
1,627,478,01-01,+0.0%,+0.00%,0.5000,0,✓ Yes,completed
1,627,515,01-01,+0.0%,+0.00%,0.5000,0,✓ Yes,completed
1,627,552,01-01,+0.0%,+0.00%,0.5000,0,✓ Yes,completed
1,627,590,01-01,+0.0%,+0.00%,0.5000,0,✓ Yes,completed
1,627,627,01-01,+0.0%,+0.00%,0.5000,0,✓ Yes,completed
1,271,181,01-15,+100.0%,+91.42%,0.9571,1,✗ No,budget_exceeded
1,271,226,01-15,+100.0%,+91.42%,0.9571,1,✗ No,budget_exceeded
1,271,271,01-15,+100.0%,+91.42%,0.9571,1,✗ No,budget_exceeded
1,311,181,01-15,+100.0%,+91.42%,0.9571,1,✗ No,budget_exceeded
1,311,224,01-15,+100.0%,+91.42%,0.9571,1,✗ No,budget_exceeded
1,311,268,01-15,+100.0%,+91.42%,0.9571,1,✗ No,budget_exceeded
1,311,311,01-15,+100.0%,+90.41%,0.9521,5,✗ No,budget_exceeded
1,350,181,01-15,+100.0%,+91.42%,0.9571,1,✗ No,budget_exceeded
1,350,224,01-15,+100.0%,+91.42%,0.9571,1,✗ No,budget_exceeded
1,350,266,01-15,+100.0%,+91.42%,0.9571,1,✗ No,budget_exceeded
1,350,308,01-15,+100.0%,+90.27%,0.9514,5,✗ No,budget_exceeded
1,350,350,01-15,+100.0%,+81.45%,0.9073,33,✗ No,budget_exceeded
1,390,181,01-15,+100.0%,+91.42%,0.9571,1,✗ No,budget_exceeded
1,390,223,01-15,+100.0%,+91.42%,0.9571,1,✗ No,budget_exceeded
1,390,265,01-15,+100.0%,+91.42%,0.9571,1,✗ No,budget_exceeded
1,390,306,01-15,+100.0%,+90.61%,0.9530,3,✗ No,budget_exceeded
1,390,348,01-15,+100.0%,+66.06%,0.8303,24,✗ No,budget_exceeded
1,390,390,01-15,+96.8%,+7.58%,0.5379,100,✓ Yes,completed
1,429,181,01-15,+100.0%,+91.42%,0.9571,1,✗ No,budget_exceeded
1,429,223,01-15,+100.0%,+91.42%,0.9571,1,✗ No,budget_exceeded
1,429,264,01-15,+100.0%,+91.42%,0.9571,1,✗ No,budget_exceeded
1,429,305,01-15,+100.0%,+58.67%,0.7934,4,✗ No,budget_exceeded
1,429,347,01-15,+84.4%,+6.73%,0.5337,10,✓ Yes,completed
1,429,388,01-15,+62.4%,+6.35%,0.5317,24,✓ Yes,completed
1,429,429,01-15,+44.0%,+6.31%,0.5315,57,✓ Yes,completed
1,469,181,01-15,+100.0%,+91.42%,0.9571,1,✗ No,budget_exceeded
1,469,222,01-15,+100.0%,+91.42%,0.9571,1,✗ No,budget_exceeded
1,469,263,01-15,+100.0%,+91.42%,0.9571,1,✗ No,budget_exceeded
1,469,304,01-15,+82.5%,+6.19%,0.5309,1,✓ Yes,completed
1,469,346,01-15,+59.4%,+5.67%,0.5283,2,✓ Yes,completed
1,469,387,01-15,+40.7%,+5.58%,0.5279,6,✓ Yes,completed
1,469,428,01-15,+25.0%,+4.84%,0.5242,13,✓ Yes,completed
1,469,469,01-15,+13.7%,+2.84%,0.5142,19,✓ Yes,completed
1,508,181,01-15,+100.0%,+90.61%,0.9531,1,✗ No,budget_exceeded
1,508,222,01-15,+100.0%,+90.61%,0.9531,1,✗ No,budget_exceeded
1,508,263,01-15,+100.0%,+90.61%,0.9531,1,✗ No,budget_exceeded
1,508,304,01-15,+81.8%,+6.00%,0.5300,1,✓ Yes,completed
1,508,345,01-15,+38.4%,+4.11%,0.5206,2,✓ Yes,completed
1,508,386,01-15,+16.7%,+2.54%,0.5127,3,✓ Yes,completed
1,508,426,01-15,+5.3%,+0.88%,0.5044,4,✓ Yes,completed
1,508,467,01-15,+2.4%,+0.50%,0.5025,4,✓ Yes,completed
1,508,508,01-15,+1.0%,+0.17%,0.5009,6,✓ Yes,completed
1,548,181,01-15,+0.0%,+0.00%,0.5000,0,✓ Yes,completed
1,548,222,01-15,+0.0%,+0.00%,0.5000,0,✓ Yes,completed
1,548,263,01-15,+0.0%,+0.00%,0.5000,0,✓ Yes,completed
1,548,303,01-15,+0.0%,+0.00%,0.5000,0,✓ Yes,completed
1,548,344,01-15,+0.0%,+0.00%,0.5000,0,✓ Yes,completed
1,548,385,01-15,+0.0%,+0.00%,0.5000,0,✓ Yes,completed
1,548,426,01-15,+0.0%,+0.00%,0.5000,0,✓ Yes,completed
1,548,466,01-15,+0.0%,+0.00%,0.5000,0,✓ Yes,completed
1,548,507,01-15,+0.0%,+0.00%,0.5000,0,✓ Yes,completed
1,548,548,01-15,+0.0%,+0.00%,0.5000,0,✓ Yes,completed
1,587,181,01-15,+0.0%,+0.00%,0.5000,0,✓ Yes,completed
1,587,222,01-15,+0.0%,+0.00%,0.5000,0,✓ Yes,completed
1,587,263,01-15,+0.0%,+0.00%,0.5000,0,✓ Yes,completed
1,587,303,01-15,+0.0%,+0.00%,0.5000,0,✓ Yes,completed
1,587,344,01-15,+0.0%,+0.00%,0.5000,0,✓ Yes,completed
1,587,384,01-15,+0.0%,+0.00%,0.5000,0,✓ Yes,completed
1,587,425,01-15,+0.0%,+0.00%,0.5000,0,✓ Yes,completed
1,587,465,01-15,+0.0%,+0.00%,0.5000,0,✓ Yes,completed
1,587,506,01-15,+0.0%,+0.00%,0.5000,0,✓ Yes,completed
1,587,547,01-15,+0.0%,+0.00%,0.5000,0,✓ Yes,completed
1,587,587,01-15,+0.0%,+0.00%,0.5000,0,✓ Yes,completed
1,627,181,01-15,+0.0%,+0.00%,0.5000,0,✓ Yes,completed
1,627,218,01-15,+0.0%,+0.00%,0.5000,0,✓ Yes,completed
1,627,256,01-15,+0.0%,+0.00%,0.5000,0,✓ Yes,completed
1,627,293,01-15,+0.0%,+0.00%,0.5000,0,✓ Yes,completed
1,627,330,01-15,+0.0%,+0.00%,0.5000,0,✓ Yes,completed
1,627,367,01-15,+0.0%,+0.00%,0.5000,0,✓ Yes,completed
1,627,404,01-15,+0.0%,+0.00%,0.5000,0,✓ Yes,completed
1,627,441,01-15,+0.0%,+0.00%,0.5000,0,✓ Yes,completed
1,627,478,01-15,+0.0%,+0.00%,0.5000,0,✓ Yes,completed
1,627,515,01-15,+0.0%,+0.00%,0.5000,0,✓ Yes,completed
1,627,552,01-15,+0.0%,+0.00%,0.5000,0,✓ Yes,completed
1,627,590,01-15,+0.0%,+0.00%,0.5000,0,✓ Yes,completed
1,627,627,01-15,+0.0%,+0.00%,0.5000,0,✓ Yes,completed
1,271,181,01-29,+100.0%,+91.42%,0.9571,1,✗ No,budget_exceeded
1,271,226,01-29,+100.0%,+91.42%,0.9571,1,✗ No,budget_exceeded
1,271,271,01-29,+100.0%,+91.14%,0.9557,3,✗ No,budget_exceeded
1,311,181,01-29,+100.0%,+91.42%,0.9571,1,✗ No,budget_exceeded
1,311,224,01-29,+100.0%,+91.42%,0.9571,1,✗ No,budget_exceeded
1,311,268,01-29,+100.0%,+91.42%,0.9571,1,✗ No,budget_exceeded
1,311,311,01-29,+100.0%,+87.25%,0.9363,14,✗ No,budget_exceeded
1,350,181,01-29,+100.0%,+91.42%,0.9571,1,✗ No,budget_exceeded
1,350,224,01-29,+100.0%,+91.42%,0.9571,1,✗ No,budget_exceeded
1,350,266,01-29,+100.0%,+91.42%,0.9571,1,✗ No,budget_exceeded
1,350,308,01-29,+100.0%,+86.16%,0.9308,13,✗ No,budget_exceeded
1,350,350,01-29,+100.0%,+71.52%,0.8576,56,✗ No,budget_exceeded
1,390,181,01-29,+100.0%,+91.42%,0.9571,1,✗ No,budget_exceeded
1,390,223,01-29,+100.0%,+91.42%,0.9571,1,✗ No,budget_exceeded
1,390,265,01-29,+100.0%,+91.42%,0.9571,1,✗ No,budget_exceeded
1,390,306,01-29,+100.0%,+79.79%,0.8989,7,✗ No,budget_exceeded
1,390,348,01-29,+100.0%,+41.03%,0.7052,37,✗ No,budget_exceeded
1,390,390,01-29,+74.5%,+3.81%,0.5190,98,✓ Yes,completed
1,429,181,01-29,+100.0%,+91.42%,0.9571,1,✗ No,budget_exceeded
1,429,223,01-29,+100.0%,+91.42%,0.9571,1,✗ No,budget_exceeded
1,429,264,01-29,+100.0%,+91.42%,0.9571,1,✗ No,budget_exceeded
1,429,305,01-29,+100.0%,+17.16%,0.5858,7,✗ No,budget_exceeded
1,429,347,01-29,+58.6%,+3.15%,0.5158,10,✓ Yes,completed
1,429,388,01-29,+40.2%,+3.10%,0.5155,20,✓ Yes,completed
1,429,429,01-29,+26.1%,+2.37%,0.5119,46,✓ Yes,completed
1,469,181,01-29,+100.0%,+89.29%,0.9465,1,✗ No,budget_exceeded
1,469,222,01-29,+100.0%,+89.29%,0.9465,1,✗ No,budget_exceeded
1,469,263,01-29,+100.0%,+89.29%,0.9465,1,✗ No,budget_exceeded
1,469,304,01-29,+54.7%,+2.43%,0.5122,1,✓ Yes,completed
1,469,346,01-29,+31.6%,+1.91%,0.5096,2,✓ Yes,completed
1,469,387,01-29,+20.0%,+2.08%,0.5104,3,✓ Yes,completed
1,469,428,01-29,+11.7%,+1.59%,0.5080,6,✓ Yes,completed
1,469,469,01-29,+5.8%,+0.78%,0.5039,8,✓ Yes,completed
1,508,181,01-29,+100.0%,+45.65%,0.7283,1,✗ No,budget_exceeded
1,508,222,01-29,+100.0%,+45.65%,0.7283,1,✗ No,budget_exceeded
1,508,263,01-29,+100.0%,+45.65%,0.7283,1,✗ No,budget_exceeded
1,508,304,01-29,+13.6%,-0.18%,0.4991,1,✓ Yes,completed
1,508,345,01-29,+8.2%,+0.14%,0.5007,1,✓ Yes,completed
1,508,386,01-29,+4.4%,+0.14%,0.5007,1,✓ Yes,completed
1,508,426,01-29,+0.8%,+0.11%,0.5005,1,✓ Yes,completed
1,508,467,01-29,+0.5%,+0.09%,0.5004,1,✓ Yes,completed
1,508,508,01-29,+0.3%,+0.04%,0.5002,3,✓ Yes,completed
1,548,181,01-29,+0.0%,+0.00%,0.5000,0,✓ Yes,completed
1,548,222,01-29,+0.0%,+0.00%,0.5000,0,✓ Yes,completed
1,548,263,01-29,+0.0%,+0.00%,0.5000,0,✓ Yes,completed
1,548,303,01-29,+0.0%,+0.00%,0.5000,0,✓ Yes,completed
1,548,344,01-29,+0.0%,+0.00%,0.5000,0,✓ Yes,completed
1,548,385,01-29,+0.0%,+0.00%,0.5000,0,✓ Yes,completed
1,548,426,01-29,+0.0%,+0.00%,0.5000,0,✓ Yes,completed
1,548,466,01-29,+0.0%,+0.00%,0.5000,0,✓ Yes,completed
1,548,507,01-29,+0.0%,+0.00%,0.5000,0,✓ Yes,completed
1,548,548,01-29,+0.0%,+0.00%,0.5000,0,✓ Yes,completed
1,587,181,01-29,+0.0%,+0.00%,0.5000,0,✓ Yes,completed
1,587,222,01-29,+0.0%,+0.00%,0.5000,0,✓ Yes,completed
1,587,263,01-29,+0.0%,+0.00%,0.5000,0,✓ Yes,completed
1,587,303,01-29,+0.0%,+0.00%,0.5000,0,✓ Yes,completed
1,587,344,01-29,+0.0%,+0.00%,0.5000,0,✓ Yes,completed
1,587,384,01-29,+0.0%,+0.00%,0.5000,0,✓ Yes,completed
1,587,425,01-29,+0.0%,+0.00%,0.5000,0,✓ Yes,completed
1,587,465,01-29,+0.0%,+0.00%,0.5000,0,✓ Yes,completed
1,587,506,01-29,+0.0%,+0.00%,0.5000,0,✓ Yes,completed
1,587,547,01-29,+0.0%,+0.00%,0.5000,0,✓ Yes,completed
1,587,587,01-29,+0.0%,+0.00%,0.5000,0,✓ Yes,completed
1,627,181,01-29,+0.0%,+0.00%,0.5000,0,✓ Yes,completed
1,627,218,01-29,+0.0%,+0.00%,0.5000,0,✓ Yes,completed
1,627,256,01-29,+0.0%,+0.00%,0.5000,0,✓ Yes,completed
1,627,293,01-29,+0.0%,+0.00%,0.5000,0,✓ Yes,completed
1,627,330,01-29,+0.0%,+0.00%,0.5000,0,✓ Yes,completed
1,627,367,01-29,+0.0%,+0.00%,0.5000,0,✓ Yes,completed
1,627,404,01-29,+0.0%,+0.00%,0.5000,0,✓ Yes,completed
1,627,441,01-29,+0.0%,+0.00%,0.5000,0,✓ Yes,completed
1,627,478,01-29,+0.0%,+0.00%,0.5000,0,✓ Yes,completed
1,627,515,01-29,+0.0%,+0.00%,0.5000,0,✓ Yes,completed
1,627,552,01-29,+0.0%,+0.00%,0.5000,0,✓ Yes,completed
1,627,590,01-29,+0.0%,+0.00%,0.5000,0,✓ Yes,completed
1,627,627,01-29,+0.0%,+0.00%,0.5000,0,✓ Yes,completed
1,271,181,02-12,+100.0%,+91.42%,0.9571,1,✗ No,budget_exceeded
1,271,226,02-12,+100.0%,+91.42%,0.9571,1,✗ No,budget_exceeded
1,271,271,02-12,+100.0%,+91.14%,0.9557,3,✗ No,budget_exceeded
1,311,181,02-12,+100.0%,+91.42%,0.9571,1,✗ No,budget_exceeded
1,311,224,02-12,+100.0%,+91.42%,0.9571,1,✗ No,budget_exceeded
1,311,268,02-12,+100.0%,+91.42%,0.9571,1,✗ No,budget_exceeded
1,311,311,02-12,+100.0%,+86.82%,0.9341,16,✗ No,budget_exceeded
1,350,181,02-12,+100.0%,+91.42%,0.9571,1,✗ No,budget_exceeded
1,350,224,02-12,+100.0%,+91.42%,0.9571,1,✗ No,budget_exceeded
1,350,266,02-12,+100.0%,+91.42%,0.9571,1,✗ No,budget_exceeded
1,350,308,02-12,+100.0%,+85.58%,0.9279,14,✗ No,budget_exceeded
1,350,350,02-12,+100.0%,+61.41%,0.8070,73,✗ No,budget_exceeded
1,390,181,02-12,+100.0%,+91.42%,0.9571,1,✗ No,budget_exceeded
1,390,223,02-12,+100.0%,+91.42%,0.9571,1,✗ No,budget_exceeded
1,390,265,02-12,+100.0%,+91.42%,0.9571,1,✗ No,budget_exceeded
1,390,306,02-12,+100.0%,+65.39%,0.8270,12,✗ No,budget_exceeded
1,390,348,02-12,+100.0%,+32.94%,0.6647,41,✗ No,budget_exceeded
1,390,390,02-12,+62.3%,+3.18%,0.5159,89,✓ Yes,completed
1,429,181,02-12,+100.0%,+91.42%,0.9571,1,✗ No,budget_exceeded
1,429,223,02-12,+100.0%,+91.42%,0.9571,1,✗ No,budget_exceeded
1,429,264,02-12,+100.0%,+91.42%,0.9571,1,✗ No,budget_exceeded
1,429,305,02-12,+100.0%,+0.31%,0.5016,8,✗ No,budget_exceeded
1,429,347,02-12,+40.7%,+3.43%,0.5171,9,✓ Yes,completed
1,429,388,02-12,+28.6%,+3.57%,0.5178,15,✓ Yes,completed
1,429,429,02-12,+17.8%,+2.72%,0.5136,38,✓ Yes,completed
1,469,181,02-12,+100.0%,+91.16%,0.9558,1,✗ No,budget_exceeded
1,469,222,02-12,+100.0%,+91.16%,0.9558,1,✗ No,budget_exceeded
1,469,263,02-12,+100.0%,+91.16%,0.9558,1,✗ No,budget_exceeded
1,469,304,02-12,+30.6%,+2.87%,0.5143,1,✓ Yes,completed
1,469,346,02-12,+25.2%,+3.21%,0.5161,1,✓ Yes,completed
1,469,387,02-12,+14.3%,+2.23%,0.5112,2,✓ Yes,completed
1,469,428,02-12,+9.9%,+1.41%,0.5070,4,✓ Yes,completed
1,469,469,02-12,+5.3%,+1.07%,0.5054,6,✓ Yes,completed
1,508,181,02-12,+100.0%,+71.89%,0.8595,1,✗ No,budget_exceeded
1,508,222,02-12,+100.0%,+71.89%,0.8595,1,✗ No,budget_exceeded
1,508,263,02-12,+100.0%,+71.89%,0.8595,1,✗ No,budget_exceeded
1,508,304,02-12,+13.6%,+0.32%,0.5016,1,✓ Yes,completed
1,508,345,02-12,+8.2%,+0.30%,0.5015,1,✓ Yes,completed
1,508,386,02-12,+4.4%,+0.40%,0.5020,1,✓ Yes,completed
1,508,426,02-12,+0.8%,+0.07%,0.5004,1,✓ Yes,completed
1,508,467,02-12,+0.5%,+0.06%,0.5003,1,✓ Yes,completed
1,508,508,02-12,+0.3%,+0.02%,0.5001,3,✓ Yes,completed
1,548,181,02-12,+0.0%,+0.00%,0.5000,0,✓ Yes,completed
1,548,222,02-12,+0.0%,+0.00%,0.5000,0,✓ Yes,completed
1,548,263,02-12,+0.0%,+0.00%,0.5000,0,✓ Yes,completed
1,548,303,02-12,+0.0%,+0.00%,0.5000,0,✓ Yes,completed
1,548,344,02-12,+0.0%,+0.00%,0.5000,0,✓ Yes,completed
1,548,385,02-12,+0.0%,+0.00%,0.5000,0,✓ Yes,completed
1,548,426,02-12,+0.0%,+0.00%,0.5000,0,✓ Yes,completed
1,548,466,02-12,+0.0%,+0.00%,0.5000,0,✓ Yes,completed
1,548,507,02-12,+0.0%,+0.00%,0.5000,0,✓ Yes,completed
1,548,548,02-12,+0.0%,+0.00%,0.5000,0,✓ Yes,completed
1,587,181,02-12,+0.0%,+0.00%,0.5000,0,✓ Yes,completed
1,587,222,02-12,+0.0%,+0.00%,0.5000,0,✓ Yes,completed
1,587,263,02-12,+0.0%,+0.00%,0.5000,0,✓ Yes,completed
1,587,303,02-12,+0.0%,+0.00%,0.5000,0,✓ Yes,completed
1,587,344,02-12,+0.0%,+0.00%,0.5000,0,✓ Yes,completed
1,587,384,02-12,+0.0%,+0.00%,0.5000,0,✓ Yes,completed
1,587,425,02-12,+0.0%,+0.00%,0.5000,0,✓ Yes,completed
1,587,465,02-12,+0.0%,+0.00%,0.5000,0,✓ Yes,completed
1,587,506,02-12,+0.0%,+0.00%,0.5000,0,✓ Yes,completed
1,587,547,02-12,+0.0%,+0.00%,0.5000,0,✓ Yes,completed
1,587,587,02-12,+0.0%,+0.00%,0.5000,0,✓ Yes,completed
1,627,181,02-12,+0.0%,+0.00%,0.5000,0,✓ Yes,completed
1,627,218,02-12,+0.0%,+0.00%,0.5000,0,✓ Yes,completed
1,627,256,02-12,+0.0%,+0.00%,0.5000,0,✓ Yes,completed
1,627,293,02-12,+0.0%,+0.00%,0.5000,0,✓ Yes,completed
1,627,330,02-12,+0.0%,+0.00%,0.5000,0,✓ Yes,completed
1,627,367,02-12,+0.0%,+0.00%,0.5000,0,✓ Yes,completed
1,627,404,02-12,+0.0%,+0.00%,0.5000,0,✓ Yes,completed
1,627,441,02-12,+0.0%,+0.00%,0.5000,0,✓ Yes,completed
1,627,478,02-12,+0.0%,+0.00%,0.5000,0,✓ Yes,completed
1,627,515,02-12,+0.0%,+0.00%,0.5000,0,✓ Yes,completed
1,627,552,02-12,+0.0%,+0.00%,0.5000,0,✓ Yes,completed
1,627,590,02-12,+0.0%,+0.00%,0.5000,0,✓ Yes,completed
1,627,627,02-12,+0.0%,+0.00%,0.5000,0,✓ Yes,completed
1,271,181,02-26,+100.0%,+91.42%,0.9571,1,✗ No,budget_exceeded
1,271,226,02-26,+100.0%,+91.42%,0.9571,1,✗ No,budget_exceeded
1,271,271,02-26,+100.0%,+91.03%,0.9551,4,✗ No,budget_exceeded
1,311,181,02-26,+100.0%,+91.42%,0.9571,1,✗ No,budget_exceeded
1,311,224,02-26,+100.0%,+91.42%,0.9571,1,✗ No,budget_exceeded
1,311,268,02-26,+100.0%,+91.42%,0.9571,1,✗ No,budget_exceeded
1,311,311,02-26,+100.0%,+83.30%,0.9165,23,✗ No,budget_exceeded
1,350,181,02-26,+100.0%,+91.42%,0.9571,1,✗ No,budget_exceeded
1,350,224,02-26,+100.0%,+91.42%,0.9571,1,✗ No,budget_exceeded
1,350,266,02-26,+100.0%,+91.42%,0.9571,1,✗ No,budget_exceeded
1,350,308,02-26,+100.0%,+79.14%,0.8957,24,✗ No,budget_exceeded
1,350,350,02-26,+100.0%,+53.18%,0.7659,88,✗ No,budget_exceeded
1,390,181,02-26,+100.0%,+91.42%,0.9571,1,✗ No,budget_exceeded
1,390,223,02-26,+100.0%,+91.42%,0.9571,1,✗ No,budget_exceeded
1,390,265,02-26,+100.0%,+91.42%,0.9571,1,✗ No,budget_exceeded
1,390,306,02-26,+100.0%,+58.86%,0.7943,14,✗ No,budget_exceeded
1,390,348,02-26,+100.0%,+13.48%,0.5674,54,✗ No,budget_exceeded
1,390,390,02-26,+40.7%,-0.25%,0.4988,84,✓ Yes,completed
1,429,181,02-26,+100.0%,+87.66%,0.9383,1,✗ No,budget_exceeded
1,429,223,02-26,+100.0%,+87.66%,0.9383,1,✗ No,budget_exceeded
1,429,264,02-26,+100.0%,+87.66%,0.9383,1,✗ No,budget_exceeded
1,429,305,02-26,+65.0%,-4.01%,0.4800,7,✓ Yes,completed
1,429,347,02-26,+15.3%,+0.23%,0.5011,8,✓ Yes,completed
1,429,388,02-26,+9.2%,+0.14%,0.5007,9,✓ Yes,completed
1,429,429,02-26,+2.5%,+0.15%,0.5007,22,✓ Yes,completed
1,469,181,02-26,+0.0%,+0.00%,0.5000,0,✓ Yes,completed
1,469,222,02-26,+0.0%,+0.00%,0.5000,0,✓ Yes,completed
1,469,263,02-26,+0.0%,+0.00%,0.5000,0,✓ Yes,completed
1,469,304,02-26,+0.0%,+0.00%,0.5000,0,✓ Yes,completed
1,469,346,02-26,+0.0%,+0.00%,0.5000,0,✓ Yes,completed
1,469,387,02-26,+0.0%,+0.00%,0.5000,0,✓ Yes,completed
1,469,428,02-26,+0.0%,+0.00%,0.5000,0,✓ Yes,completed
1,469,469,02-26,+0.0%,+0.00%,0.5000,0,✓ Yes,completed
1,508,181,02-26,+0.0%,+0.00%,0.5000,0,✓ Yes,completed
1,508,222,02-26,+0.0%,+0.00%,0.5000,0,✓ Yes,completed
1,508,263,02-26,+0.0%,+0.00%,0.5000,0,✓ Yes,completed
1,508,304,02-26,+0.0%,+0.00%,0.5000,0,✓ Yes,completed
1,508,345,02-26,+0.0%,+0.00%,0.5000,0,✓ Yes,completed
1,508,386,02-26,+0.0%,+0.00%,0.5000,0,✓ Yes,completed
1,508,426,02-26,+0.0%,+0.00%,0.5000,0,✓ Yes,completed
1,508,467,02-26,+0.0%,+0.00%,0.5000,0,✓ Yes,completed
1,508,508,02-26,+0.0%,+0.00%,0.5000,0,✓ Yes,completed
1,548,181,02-26,+0.0%,+0.00%,0.5000,0,✓ Yes,completed
1,548,222,02-26,+0.0%,+0.00%,0.5000,0,✓ Yes,completed
1,548,263,02-26,+0.0%,+0.00%,0.5000,0,✓ Yes,completed
1,548,303,02-26,+0.0%,+0.00%,0.5000,0,✓ Yes,completed
1,548,344,02-26,+0.0%,+0.00%,0.5000,0,✓ Yes,completed
1,548,385,02-26,+0.0%,+0.00%,0.5000,0,✓ Yes,completed
1,548,426,02-26,+0.0%,+0.00%,0.5000,0,✓ Yes,completed
1,548,466,02-26,+0.0%,+0.00%,0.5000,0,✓ Yes,completed
1,548,507,02-26,+0.0%,+0.00%,0.5000,0,✓ Yes,completed
1,548,548,02-26,+0.0%,+0.00%,0.5000,0,✓ Yes,completed
1,587,181,02-26,+0.0%,+0.00%,0.5000,0,✓ Yes,completed
1,587,222,02-26,+0.0%,+0.00%,0.5000,0,✓ Yes,completed
1,587,263,02-26,+0.0%,+0.00%,0.5000,0,✓ Yes,completed
1,587,303,02-26,+0.0%,+0.00%,0.5000,0,✓ Yes,completed
1,587,344,02-26,+0.0%,+0.00%,0.5000,0,✓ Yes,completed
1,587,384,02-26,+0.0%,+0.00%,0.5000,0,✓ Yes,completed
1,587,425,02-26,+0.0%,+0.00%,0.5000,0,✓ Yes,completed
1,587,465,02-26,+0.0%,+0.00%,0.5000,0,✓ Yes,completed
1,587,506,02-26,+0.0%,+0.00%,0.5000,0,✓ Yes,completed
1,587,547,02-26,+0.0%,+0.00%,0.5000,0,✓ Yes,completed
1,587,587,02-26,+0.0%,+0.00%,0.5000,0,✓ Yes,completed
1,627,181,02-26,+0.0%,+0.00%,0.5000,0,✓ Yes,completed
1,627,218,02-26,+0.0%,+0.00%,0.5000,0,✓ Yes,completed
1,627,256,02-26,+0.0%,+0.00%,0.5000,0,✓ Yes,completed
1,627,293,02-26,+0.0%,+0.00%,0.5000,0,✓ Yes,completed
1,627,330,02-26,+0.0%,+0.00%,0.5000,0,✓ Yes,completed
1,627,367,02-26,+0.0%,+0.00%,0.5000,0,✓ Yes,completed
1,627,404,02-26,+0.0%,+0.00%,0.5000,0,✓ Yes,completed
1,627,441,02-26,+0.0%,+0.00%,0.5000,0,✓ Yes,completed
1,627,478,02-26,+0.0%,+0.00%,0.5000,0,✓ Yes,completed
1,627,515,02-26,+0.0%,+0.00%,0.5000,0,✓ Yes,completed
1,627,552,02-26,+0.0%,+0.00%,0.5000,0,✓ Yes,completed
1,627,590,02-26,+0.0%,+0.00%,0.5000,0,✓ Yes,completed
1,627,627,02-26,+0.0%,+0.00%,0.5000,0,✓ Yes,completed
1,271,181,03-12,+100.0%,+91.43%,0.9571,1,✗ No,budget_exceeded
1,271,226,03-12,+100.0%,+91.43%,0.9571,1,✗ No,budget_exceeded
1,271,271,03-12,+100.0%,+91.03%,0.9551,4,✗ No,budget_exceeded
1,311,181,03-12,+100.0%,+91.43%,0.9571,1,✗ No,budget_exceeded
1,311,224,03-12,+100.0%,+91.43%,0.9571,1,✗ No,budget_exceeded
1,311,268,03-12,+100.0%,+91.43%,0.9571,1,✗ No,budget_exceeded
1,311,311,03-12,+100.0%,+82.85%,0.9143,25,✗ No,budget_exceeded
1,350,181,03-12,+100.0%,+91.43%,0.9571,1,✗ No,budget_exceeded
1,350,224,03-12,+100.0%,+91.43%,0.9571,1,✗ No,budget_exceeded
1,350,266,03-12,+100.0%,+91.43%,0.9571,1,✗ No,budget_exceeded
1,350,308,03-12,+100.0%,+80.05%,0.9003,21,✗ No,budget_exceeded
1,350,350,03-12,+100.0%,+52.08%,0.7604,90,✗ No,budget_exceeded
1,390,181,03-12,+100.0%,+91.43%,0.9571,1,✗ No,budget_exceeded
1,390,223,03-12,+100.0%,+91.43%,0.9571,1,✗ No,budget_exceeded
1,390,265,03-12,+100.0%,+91.43%,0.9571,1,✗ No,budget_exceeded
1,390,306,03-12,+100.0%,+55.88%,0.7794,12,✗ No,budget_exceeded
1,390,348,03-12,+100.0%,+22.67%,0.6134,42,✗ No,budget_exceeded
1,390,390,03-12,+32.5%,-0.16%,0.4992,78,✓ Yes,completed
1,429,181,03-12,+100.0%,+68.02%,0.8401,1,✗ No,budget_exceeded
1,429,223,03-12,+100.0%,+68.02%,0.8401,1,✗ No,budget_exceeded
1,429,264,03-12,+100.0%,+68.02%,0.8401,1,✗ No,budget_exceeded
1,429,305,03-12,+100.0%,+8.59%,0.5429,5,✗ No,budget_exceeded
1,429,347,03-12,+20.1%,-0.88%,0.4956,6,✓ Yes,completed
1,429,388,03-12,+9.0%,-0.23%,0.4988,9,✓ Yes,completed
1,429,429,03-12,+2.1%,+0.07%,0.5003,19,✓ Yes,completed
1,469,181,03-12,+0.0%,+0.00%,0.5000,0,✓ Yes,completed
1,469,222,03-12,+0.0%,+0.00%,0.5000,0,✓ Yes,completed
1,469,263,03-12,+0.0%,+0.00%,0.5000,0,✓ Yes,completed
1,469,304,03-12,+0.0%,+0.00%,0.5000,0,✓ Yes,completed
1,469,346,03-12,+0.0%,+0.00%,0.5000,0,✓ Yes,completed
1,469,387,03-12,+0.0%,+0.00%,0.5000,0,✓ Yes,completed
1,469,428,03-12,+0.0%,+0.00%,0.5000,0,✓ Yes,completed
1,469,469,03-12,+0.0%,+0.00%,0.5000,0,✓ Yes,completed
1,508,181,03-12,+0.0%,+0.00%,0.5000,0,✓ Yes,completed
1,508,222,03-12,+0.0%,+0.00%,0.5000,0,✓ Yes,completed
1,508,263,03-12,+0.0%,+0.00%,0.5000,0,✓ Yes,completed
1,508,304,03-12,+0.0%,+0.00%,0.5000,0,✓ Yes,completed
1,508,345,03-12,+0.0%,+0.00%,0.5000,0,✓ Yes,completed
1,508,386,03-12,+0.0%,+0.00%,0.5000,0,✓ Yes,completed
1,508,426,03-12,+0.0%,+0.00%,0.5000,0,✓ Yes,completed
1,508,467,03-12,+0.0%,+0.00%,0.5000,0,✓ Yes,completed
1,508,508,03-12,+0.0%,+0.00%,0.5000,0,✓ Yes,completed
1,548,181,03-12,+0.0%,+0.00%,0.5000,0,✓ Yes,completed
1,548,222,03-12,+0.0%,+0.00%,0.5000,0,✓ Yes,completed
1,548,263,03-12,+0.0%,+0.00%,0.5000,0,✓ Yes,completed
1,548,303,03-12,+0.0%,+0.00%,0.5000,0,✓ Yes,completed
1,548,344,03-12,+0.0%,+0.00%,0.5000,0,✓ Yes,completed
1,548,385,03-12,+0.0%,+0.00%,0.5000,0,✓ Yes,completed
1,548,426,03-12,+0.0%,+0.00%,0.5000,0,✓ Yes,completed
1,548,466,03-12,+0.0%,+0.00%,0.5000,0,✓ Yes,completed
1,548,507,03-12,+0.0%,+0.00%,0.5000,0,✓ Yes,completed
1,548,548,03-12,+0.0%,+0.00%,0.5000,0,✓ Yes,completed
1,587,181,03-12,+0.0%,+0.00%,0.5000,0,✓ Yes,completed
1,587,222,03-12,+0.0%,+0.00%,0.5000,0,✓ Yes,completed
1,587,263,03-12,+0.0%,+0.00%,0.5000,0,✓ Yes,completed
1,587,303,03-12,+0.0%,+0.00%,0.5000,0,✓ Yes,completed
1,587,344,03-12,+0.0%,+0.00%,0.5000,0,✓ Yes,completed
1,587,384,03-12,+0.0%,+0.00%,0.5000,0,✓ Yes,completed
1,587,425,03-12,+0.0%,+0.00%,0.5000,0,✓ Yes,completed
1,587,465,03-12,+0.0%,+0.00%,0.5000,0,✓ Yes,completed
1,587,506,03-12,+0.0%,+0.00%,0.5000,0,✓ Yes,completed
1,587,547,03-12,+0.0%,+0.00%,0.5000,0,✓ Yes,completed
1,587,587,03-12,+0.0%,+0.00%,0.5000,0,✓ Yes,completed
1,627,181,03-12,+0.0%,+0.00%,0.5000,0,✓ Yes,completed
1,627,218,03-12,+0.0%,+0.00%,0.5000,0,✓ Yes,completed
1,627,256,03-12,+0.0%,+0.00%,0.5000,0,✓ Yes,completed
1,627,293,03-12,+0.0%,+0.00%,0.5000,0,✓ Yes,completed
1,627,330,03-12,+0.0%,+0.00%,0.5000,0,✓ Yes,completed
1,627,367,03-12,+0.0%,+0.00%,0.5000,0,✓ Yes,completed
1,627,404,03-12,+0.0%,+0.00%,0.5000,0,✓ Yes,completed
1,627,441,03-12,+0.0%,+0.00%,0.5000,0,✓ Yes,completed
1,627,478,03-12,+0.0%,+0.00%,0.5000,0,✓ Yes,completed
1,627,515,03-12,+0.0%,+0.00%,0.5000,0,✓ Yes,completed
1,627,552,03-12,+0.0%,+0.00%,0.5000,0,✓ Yes,completed
1,627,590,03-12,+0.0%,+0.00%,0.5000,0,✓ Yes,completed
1,627,627,03-12,+0.0%,+0.00%,0.5000,0,✓ Yes,completed
1,271,181,03-24,+100.0%,+91.43%,0.9571,1,✗ No,budget_exceeded
1,271,226,03-24,+100.0%,+91.43%,0.9571,1,✗ No,budget_exceeded
1,271,271,03-24,+100.0%,+91.33%,0.9567,2,✗ No,budget_exceeded
1,311,181,03-24,+100.0%,+91.43%,0.9571,1,✗ No,budget_exceeded
1,311,224,03-24,+100.0%,+91.43%,0.9571,1,✗ No,budget_exceeded
1,311,268,03-24,+100.0%,+91.43%,0.9571,1,✗ No,budget_exceeded
1,311,311,03-24,+100.0%,+86.09%,0.9305,19,✗ No,budget_exceeded
1,350,181,03-24,+100.0%,+91.43%,0.9571,1,✗ No,budget_exceeded
1,350,224,03-24,+100.0%,+91.43%,0.9571,1,✗ No,budget_exceeded
1,350,266,03-24,+100.0%,+91.43%,0.9571,1,✗ No,budget_exceeded
1,350,308,03-24,+100.0%,+84.08%,0.9204,14,✗ No,budget_exceeded
1,350,350,03-24,+100.0%,+60.15%,0.8008,76,✗ No,budget_exceeded
1,390,181,03-24,+100.0%,+91.35%,0.9567,1,✗ No,budget_exceeded
1,390,223,03-24,+100.0%,+91.35%,0.9567,1,✗ No,budget_exceeded
1,390,265,03-24,+100.0%,+91.35%,0.9567,1,✗ No,budget_exceeded
1,390,306,03-24,+100.0%,+67.53%,0.8377,9,✗ No,budget_exceeded
1,390,348,03-24,+100.0%,+39.82%,0.6991,37,✗ No,budget_exceeded
1,390,390,03-24,+100.0%,-5.77%,0.4712,100,✗ No,budget_exceeded
1,429,181,03-24,+100.0%,+89.47%,0.9474,1,✗ No,budget_exceeded
1,429,223,03-24,+100.0%,+89.47%,0.9474,1,✗ No,budget_exceeded
1,429,264,03-24,+100.0%,+89.47%,0.9474,1,✗ No,budget_exceeded
1,429,305,03-24,+100.0%,+31.20%,0.6560,5,✗ No,budget_exceeded
1,429,347,03-24,+27.8%,-0.67%,0.4967,7,✓ Yes,completed
1,429,388,03-24,+9.0%,+0.68%,0.5034,9,✓ Yes,completed
1,429,429,03-24,+3.0%,+0.33%,0.5016,25,✓ Yes,completed
1,469,181,03-24,+0.0%,+0.00%,0.5000,0,✓ Yes,completed
1,469,222,03-24,+0.0%,+0.00%,0.5000,0,✓ Yes,completed
1,469,263,03-24,+0.0%,+0.00%,0.5000,0,✓ Yes,completed
1,469,304,03-24,+0.0%,+0.00%,0.5000,0,✓ Yes,completed
1,469,346,03-24,+0.0%,+0.00%,0.5000,0,✓ Yes,completed
1,469,387,03-24,+0.0%,+0.00%,0.5000,0,✓ Yes,completed
1,469,428,03-24,+0.0%,+0.00%,0.5000,0,✓ Yes,completed
1,469,469,03-24,+0.0%,+0.00%,0.5000,0,✓ Yes,completed
1,508,181,03-24,+0.0%,+0.00%,0.5000,0,✓ Yes,completed
1,508,222,03-24,+0.0%,+0.00%,0.5000,0,✓ Yes,completed
1,508,263,03-24,+0.0%,+0.00%,0.5000,0,✓ Yes,completed
1,508,304,03-24,+0.0%,+0.00%,0.5000,0,✓ Yes,completed
1,508,345,03-24,+0.0%,+0.00%,0.5000,0,✓ Yes,completed
1,508,386,03-24,+0.0%,+0.00%,0.5000,0,✓ Yes,completed
1,508,426,03-24,+0.0%,+0.00%,0.5000,0,✓ Yes,completed
1,508,467,03-24,+0.0%,+0.00%,0.5000,0,✓ Yes,completed
1,508,508,03-24,+0.0%,+0.00%,0.5000,0,✓ Yes,completed
1,548,181,03-24,+0.0%,+0.00%,0.5000,0,✓ Yes,completed
1,548,222,03-24,+0.0%,+0.00%,0.5000,0,✓ Yes,completed
1,548,263,03-24,+0.0%,+0.00%,0.5000,0,✓ Yes,completed
1,548,303,03-24,+0.0%,+0.00%,0.5000,0,✓ Yes,completed
1,548,344,03-24,+0.0%,+0.00%,0.5000,0,✓ Yes,completed
1,548,385,03-24,+0.0%,+0.00%,0.5000,0,✓ Yes,completed
1,548,426,03-24,+0.0%,+0.00%,0.5000,0,✓ Yes,completed
1,548,466,03-24,+0.0%,+0.00%,0.5000,0,✓ Yes,completed
1,548,507,03-24,+0.0%,+0.00%,0.5000,0,✓ Yes,completed
1,548,548,03-24,+0.0%,+0.00%,0.5000,0,✓ Yes,completed
1,587,181,03-24,+0.0%,+0.00%,0.5000,0,✓ Yes,completed
1,587,222,03-24,+0.0%,+0.00%,0.5000,0,✓ Yes,completed
1,587,263,03-24,+0.0%,+0.00%,0.5000,0,✓ Yes,completed
1,587,303,03-24,+0.0%,+0.00%,0.5000,0,✓ Yes,completed
1,587,344,03-24,+0.0%,+0.00%,0.5000,0,✓ Yes,completed
1,587,384,03-24,+0.0%,+0.00%,0.5000,0,✓ Yes,completed
1,587,425,03-24,+0.0%,+0.00%,0.5000,0,✓ Yes,completed
1,587,465,03-24,+0.0%,+0.00%,0.5000,0,✓ Yes,completed
1,587,506,03-24,+0.0%,+0.00%,0.5000,0,✓ Yes,completed
1,587,547,03-24,+0.0%,+0.00%,0.5000,0,✓ Yes,completed
1,587,587,03-24,+0.0%,+0.00%,0.5000,0,✓ Yes,completed
1,627,181,03-24,+0.0%,+0.00%,0.5000,0,✓ Yes,completed
1,627,218,03-24,+0.0%,+0.00%,0.5000,0,✓ Yes,completed
1,627,256,03-24,+0.0%,+0.00%,0.5000,0,✓ Yes,completed
1,627,293,03-24,+0.0%,+0.00%,0.5000,0,✓ Yes,completed
1,627,330,03-24,+0.0%,+0.00%,0.5000,0,✓ Yes,completed
1,627,367,03-24,+0.0%,+0.00%,0.5000,0,✓ Yes,completed
1,627,404,03-24,+0.0%,+0.00%,0.5000,0,✓ Yes,completed
1,627,441,03-24,+0.0%,+0.00%,0.5000,0,✓ Yes,completed
1,627,478,03-24,+0.0%,+0.00%,0.5000,0,✓ Yes,completed
1,627,515,03-24,+0.0%,+0.00%,0.5000,0,✓ Yes,completed
1,627,552,03-24,+0.0%,+0.00%,0.5000,0,✓ Yes,completed
1,627,590,03-24,+0.0%,+0.00%,0.5000,0,✓ Yes,completed
1,627,627,03-24,+0.0%,+0.00%,0.5000,0,✓ Yes,completed
2,349,308,01-01,+100.0%,+91.19%,0.9560,2,✗ No,budget_exceeded
2,349,329,01-01,+100.0%,+90.97%,0.9548,2,✗ No,budget_exceeded
2,349,349,01-01,+100.0%,+90.40%,0.9520,5,✗ No,budget_exceeded
2,367,308,01-01,+100.0%,+91.13%,0.9556,2,✗ No,budget_exceeded
2,367,328,01-01,+100.0%,+90.94%,0.9547,2,✗ No,budget_exceeded
2,367,347,01-01,+100.0%,+90.34%,0.9517,4,✗ No,budget_exceeded
2,367,367,01-01,+100.0%,+87.93%,0.9396,15,✗ No,budget_exceeded
2,385,308,01-01,+100.0%,+90.66%,0.9533,2,✗ No,budget_exceeded
2,385,327,01-01,+100.0%,+90.48%,0.9524,2,✗ No,budget_exceeded
2,385,346,01-01,+100.0%,+89.81%,0.9490,4,✗ No,budget_exceeded
2,385,365,01-01,+100.0%,+85.62%,0.9281,14,✗ No,budget_exceeded
2,385,385,01-01,+100.0%,+73.38%,0.8669,43,✗ No,budget_exceeded
2,402,308,01-01,+100.0%,+90.45%,0.9523,2,✗ No,budget_exceeded
2,402,327,01-01,+100.0%,+90.28%,0.9514,2,✗ No,budget_exceeded
2,402,346,01-01,+100.0%,+88.45%,0.9423,5,✗ No,budget_exceeded
2,402,365,01-01,+100.0%,+82.30%,0.9115,13,✗ No,budget_exceeded
2,402,384,01-01,+100.0%,+65.18%,0.8259,34,✗ No,budget_exceeded
2,402,402,01-01,+98.1%,+8.93%,0.5447,82,✓ Yes,completed
2,420,308,01-01,+100.0%,+84.69%,0.9235,2,✗ No,budget_exceeded
2,420,327,01-01,+100.0%,+84.52%,0.9226,2,✗ No,budget_exceeded
2,420,345,01-01,+100.0%,+71.91%,0.8596,7,✗ No,budget_exceeded
2,420,364,01-01,+100.0%,+31.70%,0.6585,17,✗ No,budget_exceeded
2,420,383,01-01,+97.2%,+8.68%,0.5434,30,✓ Yes,completed
2,420,402,01-01,+86.5%,+8.00%,0.5400,36,✓ Yes,completed
2,420,420,01-01,+73.4%,+7.97%,0.5399,52,✓ Yes,completed
2,438,308,01-01,+100.0%,+45.39%,0.7269,3,✗ No,budget_exceeded
2,438,326,01-01,+100.0%,+45.15%,0.7258,3,✗ No,budget_exceeded
2,438,345,01-01,+100.0%,+8.02%,0.5401,6,✓ Yes,completed
2,438,364,01-01,+89.6%,+7.50%,0.5375,9,✓ Yes,completed
2,438,382,01-01,+74.7%,+7.59%,0.5379,13,✓ Yes,completed
2,438,401,01-01,+68.9%,+7.89%,0.5394,18,✓ Yes,completed
2,438,419,01-01,+63.3%,+7.77%,0.5389,26,✓ Yes,completed
2,438,438,01-01,+54.0%,+7.23%,0.5361,44,✓ Yes,completed
2,456,308,01-01,+89.5%,+6.90%,0.5345,2,✓ Yes,completed
2,456,326,01-01,+89.2%,+6.90%,0.5345,2,✓ Yes,completed
2,456,345,01-01,+82.2%,+7.25%,0.5363,2,✓ Yes,completed
2,456,363,01-01,+76.8%,+7.34%,0.5367,3,✓ Yes,completed
2,456,382,01-01,+67.6%,+7.49%,0.5375,7,✓ Yes,completed
2,456,400,01-01,+56.3%,+6.92%,0.5346,10,✓ Yes,completed
2,456,419,01-01,+53.2%,+7.09%,0.5355,15,✓ Yes,completed
2,456,437,01-01,+43.2%,+5.93%,0.5297,25,✓ Yes,completed
2,456,456,01-01,+33.2%,+4.33%,0.5216,46,✓ Yes,completed
2,474,308,01-01,+82.2%,+6.23%,0.5312,2,✓ Yes,completed
2,474,326,01-01,+81.9%,+6.26%,0.5313,2,✓ Yes,completed
2,474,345,01-01,+74.9%,+6.82%,0.5341,2,✓ Yes,completed
2,474,363,01-01,+68.7%,+7.02%,0.5351,3,✓ Yes,completed
2,474,382,01-01,+55.8%,+6.48%,0.5324,6,✓ Yes,completed
2,474,400,01-01,+44.8%,+5.75%,0.5288,6,✓ Yes,completed
2,474,418,01-01,+38.7%,+4.94%,0.5247,7,✓ Yes,completed
2,474,437,01-01,+31.0%,+4.01%,0.5200,14,✓ Yes,completed
2,474,455,01-01,+22.2%,+3.19%,0.5159,20,✓ Yes,completed
2,474,474,01-01,+17.3%,+2.75%,0.5138,28,✓ Yes,completed
2,491,308,01-01,+64.7%,+5.29%,0.5265,2,✓ Yes,completed
2,491,326,01-01,+64.4%,+5.36%,0.5268,2,✓ Yes,completed
2,491,345,01-01,+57.5%,+5.63%,0.5282,2,✓ Yes,completed
2,491,363,01-01,+51.2%,+5.87%,0.5294,3,✓ Yes,completed
2,491,381,01-01,+34.1%,+3.73%,0.5186,4,✓ Yes,completed
2,491,400,01-01,+30.2%,+3.50%,0.5175,4,✓ Yes,completed
2,491,418,01-01,+24.9%,+3.10%,0.5155,4,✓ Yes,completed
2,491,436,01-01,+18.6%,+2.70%,0.5135,5,✓ Yes,completed
2,491,455,01-01,+11.1%,+1.74%,0.5087,8,✓ Yes,completed
2,491,473,01-01,+9.2%,+1.57%,0.5079,9,✓ Yes,completed
2,491,491,01-01,+7.7%,+1.27%,0.5063,13,✓ Yes,completed
2,509,308,01-01,+60.7%,+4.56%,0.5228,2,✓ Yes,completed
2,509,325,01-01,+60.4%,+4.61%,0.5231,2,✓ Yes,completed
2,509,341,01-01,+55.1%,+4.99%,0.5249,2,✓ Yes,completed
2,509,358,01-01,+46.6%,+4.37%,0.5219,3,✓ Yes,completed
2,509,375,01-01,+35.4%,+2.83%,0.5141,3,✓ Yes,completed
2,509,392,01-01,+20.9%,+2.12%,0.5106,3,✓ Yes,completed
2,509,408,01-01,+17.1%,+2.07%,0.5104,3,✓ Yes,completed
2,509,425,01-01,+12.6%,+1.56%,0.5078,4,✓ Yes,completed
2,509,442,01-01,+8.9%,+1.23%,0.5062,4,✓ Yes,completed
2,509,459,01-01,+3.2%,+0.39%,0.5020,4,✓ Yes,completed
2,509,476,01-01,+2.6%,+0.30%,0.5015,4,✓ Yes,completed
2,509,492,01-01,+2.1%,+0.29%,0.5015,4,✓ Yes,completed
2,509,509,01-01,+1.4%,+0.22%,0.5011,5,✓ Yes,completed
2,349,308,01-04,+100.0%,+91.19%,0.9560,2,✗ No,budget_exceeded
2,349,329,01-04,+100.0%,+90.39%,0.9519,4,✗ No,budget_exceeded
2,349,349,01-04,+100.0%,+88.93%,0.9446,9,✗ No,budget_exceeded
2,367,308,01-04,+100.0%,+91.13%,0.9557,2,✗ No,budget_exceeded
2,367,328,01-04,+100.0%,+90.94%,0.9547,2,✗ No,budget_exceeded
2,367,347,01-04,+100.0%,+88.69%,0.9435,8,✗ No,budget_exceeded
2,367,367,01-04,+100.0%,+85.62%,0.9281,20,✗ No,budget_exceeded
2,385,308,01-04,+100.0%,+90.67%,0.9533,2,✗ No,budget_exceeded
2,385,327,01-04,+100.0%,+90.17%,0.9508,3,✗ No,budget_exceeded
2,385,346,01-04,+100.0%,+88.02%,0.9401,8,✗ No,budget_exceeded
2,385,365,01-04,+100.0%,+82.23%,0.9111,18,✗ No,budget_exceeded
2,385,385,01-04,+100.0%,+69.98%,0.8499,49,✗ No,budget_exceeded
2,402,308,01-04,+100.0%,+90.46%,0.9523,2,✗ No,budget_exceeded
2,402,327,01-04,+100.0%,+90.28%,0.9514,2,✗ No,budget_exceeded
2,402,346,01-04,+100.0%,+81.03%,0.9052,10,✗ No,budget_exceeded
2,402,365,01-04,+100.0%,+77.34%,0.8867,16,✗ No,budget_exceeded
2,402,384,01-04,+100.0%,+48.79%,0.7439,38,✗ No,budget_exceeded
2,402,402,01-04,+93.9%,+9.10%,0.5455,79,✓ Yes,completed
2,420,308,01-04,+100.0%,+79.11%,0.8955,4,✗ No,budget_exceeded
2,420,327,01-04,+100.0%,+78.76%,0.8938,4,✗ No,budget_exceeded
2,420,345,01-04,+100.0%,+51.19%,0.7559,10,✗ No,budget_exceeded
2,420,364,01-04,+100.0%,+29.74%,0.6487,19,✗ No,budget_exceeded
2,420,383,01-04,+93.5%,+8.89%,0.5445,30,✓ Yes,completed
2,420,402,01-04,+82.8%,+8.18%,0.5409,36,✓ Yes,completed
2,420,420,01-04,+70.7%,+7.98%,0.5399,48,✓ Yes,completed
2,438,308,01-04,+100.0%,+47.87%,0.7393,3,✗ No,budget_exceeded
2,438,326,01-04,+100.0%,+47.63%,0.7382,3,✗ No,budget_exceeded
2,438,345,01-04,+97.3%,+8.24%,0.5412,6,✓ Yes,completed
2,438,364,01-04,+86.9%,+7.80%,0.5390,9,✓ Yes,completed
2,438,382,01-04,+73.0%,+7.55%,0.5377,14,✓ Yes,completed
2,438,401,01-04,+66.3%,+7.89%,0.5394,18,✓ Yes,completed
2,438,419,01-04,+61.6%,+7.78%,0.5389,24,✓ Yes,completed
2,438,438,01-04,+52.6%,+7.20%,0.5360,43,✓ Yes,completed
2,456,308,01-04,+87.6%,+7.25%,0.5362,2,✓ Yes,completed
2,456,326,01-04,+87.3%,+7.30%,0.5365,2,✓ Yes,completed
2,456,345,01-04,+80.3%,+7.23%,0.5362,2,✓ Yes,completed
2,456,363,01-04,+74.9%,+7.30%,0.5365,3,✓ Yes,completed
2,456,382,01-04,+65.7%,+7.60%,0.5380,7,✓ Yes,completed
2,456,400,01-04,+54.4%,+7.03%,0.5352,10,✓ Yes,completed
2,456,419,01-04,+51.6%,+6.95%,0.5347,14,✓ Yes,completed
2,456,437,01-04,+41.9%,+6.31%,0.5315,24,✓ Yes,completed
2,456,456,01-04,+32.6%,+4.87%,0.5243,44,✓ Yes,completed
2,474,308,01-04,+82.2%,+6.42%,0.5321,2,✓ Yes,completed
2,474,326,01-04,+81.9%,+6.42%,0.5321,2,✓ Yes,completed
2,474,345,01-04,+74.9%,+6.90%,0.5345,2,✓ Yes,completed
2,474,363,01-04,+68.7%,+7.02%,0.5351,3,✓ Yes,completed
2,474,382,01-04,+55.8%,+6.82%,0.5341,6,✓ Yes,completed
2,474,400,01-04,+44.8%,+6.35%,0.5318,6,✓ Yes,completed
2,474,418,01-04,+38.7%,+5.61%,0.5281,7,✓ Yes,completed
2,474,437,01-04,+31.0%,+4.52%,0.5226,14,✓ Yes,completed
2,474,455,01-04,+22.2%,+3.32%,0.5166,20,✓ Yes,completed
2,474,474,01-04,+17.3%,+2.75%,0.5138,28,✓ Yes,completed
2,491,308,01-04,+64.7%,+5.54%,0.5277,2,✓ Yes,completed
2,491,326,01-04,+64.4%,+5.62%,0.5281,2,✓ Yes,completed
2,491,345,01-04,+57.5%,+6.04%,0.5302,2,✓ Yes,completed
2,491,363,01-04,+51.2%,+5.87%,0.5294,3,✓ Yes,completed
2,491,381,01-04,+34.1%,+4.30%,0.5215,4,✓ Yes,completed
2,491,400,01-04,+30.2%,+3.91%,0.5195,4,✓ Yes,completed
2,491,418,01-04,+24.9%,+3.38%,0.5169,4,✓ Yes,completed
2,491,436,01-04,+18.6%,+2.72%,0.5136,5,✓ Yes,completed
2,491,455,01-04,+11.1%,+2.01%,0.5101,8,✓ Yes,completed
2,491,473,01-04,+9.2%,+1.75%,0.5087,9,✓ Yes,completed
2,491,491,01-04,+7.7%,+1.48%,0.5074,13,✓ Yes,completed
2,509,308,01-04,+60.7%,+4.77%,0.5239,2,✓ Yes,completed
2,509,325,01-04,+60.4%,+4.86%,0.5243,2,✓ Yes,completed
2,509,341,01-04,+55.1%,+5.21%,0.5260,2,✓ Yes,completed
2,509,358,01-04,+46.6%,+5.00%,0.5250,3,✓ Yes,completed
2,509,375,01-04,+35.4%,+3.42%,0.5171,3,✓ Yes,completed
2,509,392,01-04,+20.9%,+2.12%,0.5106,3,✓ Yes,completed
2,509,408,01-04,+17.1%,+2.08%,0.5104,3,✓ Yes,completed
2,509,425,01-04,+12.6%,+1.80%,0.5090,4,✓ Yes,completed
2,509,442,01-04,+8.9%,+1.39%,0.5069,4,✓ Yes,completed
2,509,459,01-04,+3.2%,+0.64%,0.5032,4,✓ Yes,completed
2,509,476,01-04,+2.6%,+0.46%,0.5023,4,✓ Yes,completed
2,509,492,01-04,+2.1%,+0.41%,0.5020,4,✓ Yes,completed
2,509,509,01-04,+1.4%,+0.33%,0.5016,5,✓ Yes,completed
2,349,308,01-07,+100.0%,+90.80%,0.9540,3,✗ No,budget_exceeded
2,349,329,01-07,+100.0%,+89.53%,0.9477,6,✗ No,budget_exceeded
2,349,349,01-07,+100.0%,+87.36%,0.9368,13,✗ No,budget_exceeded
2,367,308,01-07,+100.0%,+90.74%,0.9537,3,✗ No,budget_exceeded
2,367,328,01-07,+100.0%,+89.78%,0.9489,5,✗ No,budget_exceeded
2,367,347,01-07,+100.0%,+86.74%,0.9337,12,✗ No,budget_exceeded
2,367,367,01-07,+100.0%,+83.39%,0.9170,24,✗ No,budget_exceeded
2,385,308,01-07,+100.0%,+89.86%,0.9493,4,✗ No,budget_exceeded
2,385,327,01-07,+100.0%,+87.96%,0.9398,6,✗ No,budget_exceeded
2,385,346,01-07,+100.0%,+84.16%,0.9208,14,✗ No,budget_exceeded
2,385,365,01-07,+100.0%,+79.63%,0.8981,23,✗ No,budget_exceeded
2,385,385,01-07,+100.0%,+53.49%,0.7675,68,✗ No,budget_exceeded
2,402,308,01-07,+100.0%,+89.50%,0.9475,4,✗ No,budget_exceeded
2,402,327,01-07,+100.0%,+89.15%,0.9458,4,✗ No,budget_exceeded
2,402,346,01-07,+100.0%,+79.94%,0.8997,12,✗ No,budget_exceeded
2,402,365,01-07,+100.0%,+58.44%,0.7922,22,✗ No,budget_exceeded
2,402,384,01-07,+100.0%,+34.80%,0.6740,46,✗ No,budget_exceeded
2,402,402,01-07,+88.5%,+8.81%,0.5441,78,✓ Yes,completed
2,420,308,01-07,+100.0%,+78.99%,0.8949,4,✗ No,budget_exceeded
2,420,327,01-07,+100.0%,+78.32%,0.8916,5,✗ No,budget_exceeded
2,420,345,01-07,+100.0%,+35.52%,0.6776,12,✗ No,budget_exceeded
2,420,364,01-07,+96.6%,+8.44%,0.5422,21,✓ Yes,completed
2,420,383,01-07,+87.9%,+8.61%,0.5430,30,✓ Yes,completed
2,420,402,01-07,+77.5%,+7.91%,0.5395,35,✓ Yes,completed
2,420,420,01-07,+66.7%,+7.63%,0.5382,47,✓ Yes,completed
2,438,308,01-07,+100.0%,+47.52%,0.7376,3,✗ No,budget_exceeded
2,438,326,01-07,+99.6%,+7.37%,0.5368,5,✓ Yes,completed
2,438,345,01-07,+91.8%,+7.95%,0.5398,6,✓ Yes,completed
2,438,364,01-07,+81.4%,+7.50%,0.5375,9,✓ Yes,completed
2,438,382,01-07,+67.4%,+7.25%,0.5363,14,✓ Yes,completed
2,438,401,01-07,+61.2%,+7.55%,0.5377,17,✓ Yes,completed
2,438,419,01-07,+57.3%,+7.61%,0.5381,22,✓ Yes,completed
2,438,438,01-07,+49.0%,+7.01%,0.5350,39,✓ Yes,completed
2,456,308,01-07,+82.0%,+6.95%,0.5348,2,✓ Yes,completed
2,456,326,01-07,+81.7%,+7.00%,0.5350,2,✓ Yes,completed
2,456,345,01-07,+74.8%,+6.93%,0.5347,2,✓ Yes,completed
2,456,363,01-07,+69.4%,+7.01%,0.5350,3,✓ Yes,completed
2,456,382,01-07,+60.2%,+7.30%,0.5365,7,✓ Yes,completed
2,456,400,01-07,+51.9%,+7.04%,0.5352,9,✓ Yes,completed
2,456,419,01-07,+49.3%,+6.89%,0.5344,13,✓ Yes,completed
2,456,437,01-07,+40.4%,+6.55%,0.5327,23,✓ Yes,completed
2,456,456,01-07,+31.4%,+5.10%,0.5255,43,✓ Yes,completed
2,474,308,01-07,+81.3%,+6.85%,0.5342,2,✓ Yes,completed
2,474,326,01-07,+81.0%,+6.91%,0.5346,2,✓ Yes,completed
2,474,345,01-07,+74.1%,+6.90%,0.5345,2,✓ Yes,completed
2,474,363,01-07,+67.8%,+6.89%,0.5345,3,✓ Yes,completed
2,474,382,01-07,+55.0%,+6.77%,0.5339,6,✓ Yes,completed
2,474,400,01-07,+43.9%,+6.30%,0.5315,6,✓ Yes,completed
2,474,418,01-07,+37.8%,+5.81%,0.5291,7,✓ Yes,completed
2,474,437,01-07,+30.1%,+4.70%,0.5235,14,✓ Yes,completed
2,474,455,01-07,+21.3%,+3.27%,0.5163,20,✓ Yes,completed
2,474,474,01-07,+17.1%,+2.74%,0.5137,27,✓ Yes,completed
2,491,308,01-07,+64.7%,+5.40%,0.5270,2,✓ Yes,completed
2,491,326,01-07,+64.3%,+5.48%,0.5274,2,✓ Yes,completed
2,491,345,01-07,+57.4%,+6.14%,0.5307,2,✓ Yes,completed
2,491,363,01-07,+51.1%,+6.10%,0.5305,3,✓ Yes,completed
2,491,381,01-07,+34.1%,+4.76%,0.5238,4,✓ Yes,completed
2,491,400,01-07,+30.1%,+4.31%,0.5215,4,✓ Yes,completed
2,491,418,01-07,+24.9%,+3.64%,0.5182,4,✓ Yes,completed
2,491,436,01-07,+18.6%,+2.81%,0.5140,5,✓ Yes,completed
2,491,455,01-07,+11.0%,+1.88%,0.5094,8,✓ Yes,completed
2,491,473,01-07,+9.1%,+1.77%,0.5088,9,✓ Yes,completed
2,491,491,01-07,+7.7%,+1.53%,0.5077,13,✓ Yes,completed
2,509,308,01-07,+60.7%,+4.90%,0.5245,2,✓ Yes,completed
2,509,325,01-07,+60.4%,+4.99%,0.5250,2,✓ Yes,completed
2,509,341,01-07,+55.1%,+5.28%,0.5264,2,✓ Yes,completed
2,509,358,01-07,+46.6%,+4.84%,0.5242,3,✓ Yes,completed
2,509,375,01-07,+35.4%,+3.82%,0.5191,3,✓ Yes,completed
2,509,392,01-07,+20.9%,+2.23%,0.5112,3,✓ Yes,completed
2,509,408,01-07,+17.1%,+2.08%,0.5104,3,✓ Yes,completed
2,509,425,01-07,+12.6%,+1.65%,0.5082,4,✓ Yes,completed
2,509,442,01-07,+8.9%,+1.43%,0.5072,4,✓ Yes,completed
2,509,459,01-07,+3.2%,+0.62%,0.5031,4,✓ Yes,completed
2,509,476,01-07,+2.6%,+0.49%,0.5024,4,✓ Yes,completed
2,509,492,01-07,+2.1%,+0.44%,0.5022,4,✓ Yes,completed
2,509,509,01-07,+1.4%,+0.33%,0.5017,5,✓ Yes,completed
2,349,308,01-10,+100.0%,+90.51%,0.9526,4,✗ No,budget_exceeded
2,349,329,01-10,+100.0%,+89.26%,0.9463,7,✗ No,budget_exceeded
2,349,349,01-10,+100.0%,+86.71%,0.9336,15,✗ No,budget_exceeded
2,367,308,01-10,+100.0%,+90.45%,0.9522,4,✗ No,budget_exceeded
2,367,328,01-10,+100.0%,+89.37%,0.9469,6,✗ No,budget_exceeded
2,367,347,01-10,+100.0%,+85.46%,0.9273,15,✗ No,budget_exceeded
2,367,367,01-10,+100.0%,+80.37%,0.9019,31,✗ No,budget_exceeded
2,385,308,01-10,+100.0%,+89.83%,0.9492,4,✗ No,budget_exceeded
2,385,327,01-10,+100.0%,+87.90%,0.9395,6,✗ No,budget_exceeded
2,385,346,01-10,+100.0%,+83.15%,0.9158,16,✗ No,budget_exceeded
2,385,365,01-10,+100.0%,+66.13%,0.8306,31,✗ No,budget_exceeded
2,385,385,01-10,+100.0%,+44.12%,0.7206,79,✗ No,budget_exceeded
2,402,308,01-10,+100.0%,+89.47%,0.9473,4,✗ No,budget_exceeded
2,402,327,01-10,+100.0%,+85.56%,0.9278,5,✗ No,budget_exceeded
2,402,346,01-10,+100.0%,+62.36%,0.8118,17,✗ No,budget_exceeded
2,402,365,01-10,+100.0%,+50.84%,0.7542,26,✗ No,budget_exceeded
2,402,384,01-10,+100.0%,+11.41%,0.5571,58,✗ No,budget_exceeded
2,402,402,01-10,+83.0%,+7.99%,0.5399,78,✓ Yes,completed
2,420,308,01-10,+100.0%,+59.77%,0.7988,6,✗ No,budget_exceeded
2,420,327,01-10,+100.0%,+57.71%,0.7885,7,✗ No,budget_exceeded
2,420,345,01-10,+99.9%,+7.22%,0.5361,14,✓ Yes,completed
2,420,364,01-10,+91.0%,+7.61%,0.5381,21,✓ Yes,completed
2,420,383,01-10,+82.4%,+7.78%,0.5389,30,✓ Yes,completed
2,420,402,01-10,+72.0%,+7.07%,0.5354,35,✓ Yes,completed
2,420,420,01-10,+61.2%,+6.79%,0.5340,47,✓ Yes,completed
2,438,308,01-10,+100.0%,+37.97%,0.6899,4,✗ No,budget_exceeded
2,438,326,01-10,+94.1%,+6.52%,0.5326,5,✓ Yes,completed
2,438,345,01-10,+86.2%,+7.12%,0.5356,6,✓ Yes,completed
2,438,364,01-10,+75.9%,+6.66%,0.5333,9,✓ Yes,completed
2,438,382,01-10,+61.9%,+6.40%,0.5320,14,✓ Yes,completed
2,438,401,01-10,+55.7%,+6.70%,0.5335,17,✓ Yes,completed
2,438,419,01-10,+51.8%,+6.77%,0.5339,22,✓ Yes,completed
2,438,438,01-10,+43.5%,+6.16%,0.5308,39,✓ Yes,completed
2,456,308,01-10,+76.5%,+6.10%,0.5305,2,✓ Yes,completed
2,456,326,01-10,+76.2%,+6.15%,0.5308,2,✓ Yes,completed
2,456,345,01-10,+69.2%,+6.08%,0.5304,2,✓ Yes,completed
2,456,363,01-10,+63.8%,+6.16%,0.5308,3,✓ Yes,completed
2,456,382,01-10,+54.6%,+6.45%,0.5323,7,✓ Yes,completed
2,456,400,01-10,+46.4%,+6.19%,0.5310,9,✓ Yes,completed
2,456,419,01-10,+43.8%,+6.04%,0.5302,13,✓ Yes,completed
2,456,437,01-10,+34.9%,+5.69%,0.5284,23,✓ Yes,completed
2,456,456,01-10,+26.7%,+4.37%,0.5219,40,✓ Yes,completed
2,474,308,01-10,+74.0%,+5.69%,0.5284,2,✓ Yes,completed
2,474,326,01-10,+73.7%,+5.73%,0.5287,2,✓ Yes,completed
2,474,345,01-10,+66.8%,+5.89%,0.5295,2,✓ Yes,completed
2,474,363,01-10,+60.5%,+5.95%,0.5297,3,✓ Yes,completed
2,474,382,01-10,+47.7%,+5.82%,0.5291,6,✓ Yes,completed
2,474,400,01-10,+36.6%,+5.39%,0.5269,6,✓ Yes,completed
2,474,418,01-10,+30.5%,+4.64%,0.5232,7,✓ Yes,completed
2,474,437,01-10,+23.4%,+3.61%,0.5180,13,✓ Yes,completed
2,474,455,01-10,+17.1%,+2.57%,0.5128,17,✓ Yes,completed
2,474,474,01-10,+13.3%,+2.09%,0.5104,24,✓ Yes,completed
2,491,308,01-10,+50.0%,+3.86%,0.5193,2,✓ Yes,completed
2,491,326,01-10,+49.7%,+3.94%,0.5197,2,✓ Yes,completed
2,491,345,01-10,+42.7%,+4.33%,0.5217,2,✓ Yes,completed
2,491,363,01-10,+36.4%,+4.55%,0.5227,3,✓ Yes,completed
2,491,381,01-10,+23.6%,+3.14%,0.5157,3,✓ Yes,completed
2,491,400,01-10,+21.5%,+2.93%,0.5146,3,✓ Yes,completed
2,491,418,01-10,+16.3%,+2.18%,0.5109,3,✓ Yes,completed
2,491,436,01-10,+11.8%,+1.68%,0.5084,4,✓ Yes,completed
2,491,455,01-10,+8.4%,+1.26%,0.5063,6,✓ Yes,completed
2,491,473,01-10,+7.0%,+1.16%,0.5058,7,✓ Yes,completed
2,491,491,01-10,+5.9%,+0.96%,0.5048,11,✓ Yes,completed
2,509,308,01-10,+34.7%,+2.48%,0.5124,2,✓ Yes,completed
2,509,325,01-10,+34.4%,+2.52%,0.5126,2,✓ Yes,completed
2,509,341,01-10,+29.1%,+2.47%,0.5123,2,✓ Yes,completed
2,509,358,01-10,+27.2%,+2.53%,0.5126,2,✓ Yes,completed
2,509,375,01-10,+25.2%,+2.36%,0.5118,2,✓ Yes,completed
2,509,392,01-10,+12.4%,+1.16%,0.5058,2,✓ Yes,completed
2,509,408,01-10,+8.9%,+0.92%,0.5046,2,✓ Yes,completed
2,509,425,01-10,+4.5%,+0.54%,0.5027,3,✓ Yes,completed
2,509,442,01-10,+4.2%,+0.55%,0.5027,3,✓ Yes,completed
2,509,459,01-10,+2.2%,+0.35%,0.5018,3,✓ Yes,completed
2,509,476,01-10,+1.7%,+0.32%,0.5016,3,✓ Yes,completed
2,509,492,01-10,+1.4%,+0.30%,0.5015,3,✓ Yes,completed
2,509,509,01-10,+0.8%,+0.15%,0.5008,3,✓ Yes,completed
2,349,308,01-13,+100.0%,+90.50%,0.9525,4,✗ No,budget_exceeded
2,349,329,01-13,+100.0%,+89.24%,0.9462,7,✗ No,budget_exceeded
2,349,349,01-13,+100.0%,+85.00%,0.9250,19,✗ No,budget_exceeded
2,367,308,01-13,+100.0%,+90.44%,0.9522,4,✗ No,budget_exceeded
2,367,328,01-13,+100.0%,+89.36%,0.9468,6,✗ No,budget_exceeded
2,367,347,01-13,+100.0%,+83.70%,0.9185,19,✗ No,budget_exceeded
2,367,367,01-13,+100.0%,+71.66%,0.8583,50,✗ No,budget_exceeded
2,385,308,01-13,+100.0%,+89.82%,0.9491,4,✗ No,budget_exceeded
2,385,327,01-13,+100.0%,+87.62%,0.9381,7,✗ No,budget_exceeded
2,385,346,01-13,+100.0%,+71.91%,0.8596,22,✗ No,budget_exceeded
2,385,365,01-13,+100.0%,+62.45%,0.8122,34,✗ No,budget_exceeded
2,385,385,01-13,+100.0%,+38.87%,0.6943,85,✗ No,budget_exceeded
2,402,308,01-13,+100.0%,+89.45%,0.9473,4,✗ No,budget_exceeded
2,402,327,01-13,+100.0%,+83.19%,0.9159,7,✗ No,budget_exceeded
2,402,346,01-13,+100.0%,+55.81%,0.7790,20,✗ No,budget_exceeded
2,402,365,01-13,+100.0%,+45.18%,0.7259,29,✗ No,budget_exceeded
2,402,384,01-13,+95.1%,+7.93%,0.5397,57,✓ Yes,completed
2,402,402,01-13,+78.3%,+7.82%,0.5391,76,✓ Yes,completed
2,420,308,01-13,+100.0%,+59.56%,0.7978,6,✗ No,budget_exceeded
2,420,327,01-13,+100.0%,+45.64%,0.7282,8,✗ No,budget_exceeded
2,420,345,01-13,+94.4%,+7.07%,0.5353,14,✓ Yes,completed
2,420,364,01-13,+85.9%,+7.46%,0.5373,20,✓ Yes,completed
2,420,383,01-13,+77.4%,+7.60%,0.5380,29,✓ Yes,completed
2,420,402,01-13,+67.5%,+7.02%,0.5351,33,✓ Yes,completed
2,420,420,01-13,+56.9%,+6.59%,0.5330,44,✓ Yes,completed
2,438,308,01-13,+98.4%,+5.88%,0.5294,5,✓ Yes,completed
2,438,326,01-13,+88.6%,+6.36%,0.5318,5,✓ Yes,completed
2,438,345,01-13,+80.7%,+6.96%,0.5348,6,✓ Yes,completed
2,438,364,01-13,+70.3%,+6.50%,0.5325,9,✓ Yes,completed
2,438,382,01-13,+56.9%,+6.22%,0.5311,13,✓ Yes,completed
2,438,401,01-13,+51.2%,+6.43%,0.5321,15,✓ Yes,completed
2,438,419,01-13,+47.4%,+6.60%,0.5330,20,✓ Yes,completed
2,438,438,01-13,+39.7%,+6.11%,0.5305,34,✓ Yes,completed
2,456,308,01-13,+71.0%,+5.94%,0.5297,2,✓ Yes,completed
2,456,326,01-13,+70.6%,+5.99%,0.5299,2,✓ Yes,completed
2,456,345,01-13,+63.7%,+5.92%,0.5296,2,✓ Yes,completed
2,456,363,01-13,+58.3%,+5.99%,0.5300,3,✓ Yes,completed
2,456,382,01-13,+49.7%,+6.23%,0.5311,6,✓ Yes,completed
2,456,400,01-13,+43.3%,+6.03%,0.5301,8,✓ Yes,completed
2,456,419,01-13,+40.7%,+6.03%,0.5302,12,✓ Yes,completed
2,456,437,01-13,+32.4%,+5.48%,0.5274,21,✓ Yes,completed
2,456,456,01-13,+25.0%,+4.58%,0.5229,36,✓ Yes,completed
2,474,308,01-13,+69.4%,+5.71%,0.5285,2,✓ Yes,completed
2,474,326,01-13,+69.1%,+5.71%,0.5286,2,✓ Yes,completed
2,474,345,01-13,+62.1%,+5.85%,0.5292,2,✓ Yes,completed
2,474,363,01-13,+55.9%,+5.76%,0.5288,3,✓ Yes,completed
2,474,382,01-13,+44.5%,+5.70%,0.5285,5,✓ Yes,completed
2,474,400,01-13,+35.2%,+5.21%,0.5261,5,✓ Yes,completed
2,474,418,01-13,+29.2%,+5.10%,0.5255,6,✓ Yes,completed
2,474,437,01-13,+22.1%,+4.04%,0.5202,12,✓ Yes,completed
2,474,455,01-13,+16.4%,+3.05%,0.5152,16,✓ Yes,completed
2,474,474,01-13,+12.9%,+2.32%,0.5116,23,✓ Yes,completed
2,491,308,01-13,+50.0%,+4.09%,0.5205,2,✓ Yes,completed
2,491,326,01-13,+49.7%,+4.20%,0.5210,2,✓ Yes,completed
2,491,345,01-13,+42.7%,+4.68%,0.5234,2,✓ Yes,completed
2,491,363,01-13,+36.4%,+4.53%,0.5227,3,✓ Yes,completed
2,491,381,01-13,+23.6%,+3.73%,0.5186,3,✓ Yes,completed
2,491,400,01-13,+21.5%,+3.56%,0.5178,3,✓ Yes,completed
2,491,418,01-13,+16.3%,+2.80%,0.5140,3,✓ Yes,completed
2,491,436,01-13,+11.8%,+1.95%,0.5098,4,✓ Yes,completed
2,491,455,01-13,+8.4%,+1.51%,0.5076,6,✓ Yes,completed
2,491,473,01-13,+7.0%,+1.37%,0.5068,7,✓ Yes,completed
2,491,491,01-13,+5.9%,+1.09%,0.5054,11,✓ Yes,completed
2,509,308,01-13,+34.7%,+2.44%,0.5122,2,✓ Yes,completed
2,509,325,01-13,+34.4%,+2.50%,0.5125,2,✓ Yes,completed
2,509,341,01-13,+29.1%,+3.12%,0.5156,2,✓ Yes,completed
2,509,358,01-13,+27.2%,+3.07%,0.5153,2,✓ Yes,completed
2,509,375,01-13,+25.2%,+2.92%,0.5146,2,✓ Yes,completed
2,509,392,01-13,+12.4%,+1.43%,0.5071,2,✓ Yes,completed
2,509,408,01-13,+8.9%,+1.15%,0.5058,2,✓ Yes,completed
2,509,425,01-13,+4.5%,+0.51%,0.5026,3,✓ Yes,completed
2,509,442,01-13,+4.2%,+0.51%,0.5026,3,✓ Yes,completed
2,509,459,01-13,+2.2%,+0.32%,0.5016,3,✓ Yes,completed
2,509,476,01-13,+1.7%,+0.30%,0.5015,3,✓ Yes,completed
2,509,492,01-13,+1.4%,+0.28%,0.5014,3,✓ Yes,completed
2,509,509,01-13,+0.8%,+0.11%,0.5005,3,✓ Yes,completed
2,349,308,01-16,+100.0%,+90.27%,0.9513,5,✗ No,budget_exceeded
2,349,329,01-16,+100.0%,+88.14%,0.9407,10,✗ No,budget_exceeded
2,349,349,01-16,+100.0%,+81.16%,0.9058,26,✗ No,budget_exceeded
2,367,308,01-16,+100.0%,+90.14%,0.9507,5,✗ No,budget_exceeded
2,367,328,01-16,+100.0%,+88.20%,0.9410,9,✗ No,budget_exceeded
2,367,347,01-16,+100.0%,+77.63%,0.8881,26,✗ No,budget_exceeded
2,367,367,01-16,+100.0%,+67.40%,0.8370,57,✗ No,budget_exceeded
2,385,308,01-16,+100.0%,+89.51%,0.9476,5,✗ No,budget_exceeded
2,385,327,01-16,+100.0%,+81.84%,0.9092,10,✗ No,budget_exceeded
2,385,346,01-16,+100.0%,+68.43%,0.8422,25,✗ No,budget_exceeded
2,385,365,01-16,+100.0%,+56.23%,0.7812,39,✗ No,budget_exceeded
2,385,385,01-16,+100.0%,+14.40%,0.5720,106,✗ No,budget_exceeded
2,402,308,01-16,+100.0%,+87.50%,0.9375,5,✗ No,budget_exceeded
2,402,327,01-16,+100.0%,+68.50%,0.8425,9,✗ No,budget_exceeded
2,402,346,01-16,+100.0%,+53.13%,0.7656,21,✗ No,budget_exceeded
2,402,365,01-16,+100.0%,+28.22%,0.6411,36,✗ No,budget_exceeded
2,402,384,01-16,+89.6%,+7.45%,0.5372,57,✓ Yes,completed
2,402,402,01-16,+72.7%,+7.34%,0.5367,76,✓ Yes,completed
2,420,308,01-16,+100.0%,+59.22%,0.7961,6,✗ No,budget_exceeded
2,420,327,01-16,+100.0%,+41.84%,0.7092,10,✗ No,budget_exceeded
2,420,345,01-16,+88.8%,+6.58%,0.5329,14,✓ Yes,completed
2,420,364,01-16,+80.3%,+6.97%,0.5349,20,✓ Yes,completed
2,420,383,01-16,+71.9%,+7.12%,0.5356,29,✓ Yes,completed
2,420,402,01-16,+61.9%,+6.52%,0.5326,33,✓ Yes,completed
2,420,420,01-16,+51.9%,+6.06%,0.5303,43,✓ Yes,completed
2,438,308,01-16,+92.9%,+5.37%,0.5269,5,✓ Yes,completed
2,438,326,01-16,+83.0%,+5.86%,0.5293,5,✓ Yes,completed
2,438,345,01-16,+75.2%,+6.46%,0.5323,6,✓ Yes,completed
2,438,364,01-16,+64.8%,+6.00%,0.5300,9,✓ Yes,completed
2,438,382,01-16,+51.4%,+5.72%,0.5286,13,✓ Yes,completed
2,438,401,01-16,+45.6%,+5.93%,0.5296,15,✓ Yes,completed
2,438,419,01-16,+42.4%,+6.09%,0.5305,18,✓ Yes,completed
2,438,438,01-16,+35.2%,+5.67%,0.5284,31,✓ Yes,completed
2,456,308,01-16,+65.4%,+5.43%,0.5272,2,✓ Yes,completed
2,456,326,01-16,+65.1%,+5.48%,0.5274,2,✓ Yes,completed
2,456,345,01-16,+58.2%,+5.41%,0.5271,2,✓ Yes,completed
2,456,363,01-16,+52.8%,+5.49%,0.5274,3,✓ Yes,completed
2,456,382,01-16,+44.2%,+5.72%,0.5286,6,✓ Yes,completed
2,456,400,01-16,+37.7%,+5.52%,0.5276,8,✓ Yes,completed
2,456,419,01-16,+35.8%,+5.55%,0.5278,10,✓ Yes,completed
2,456,437,01-16,+28.2%,+4.94%,0.5247,18,✓ Yes,completed
2,456,456,01-16,+21.4%,+4.32%,0.5216,31,✓ Yes,completed
2,474,308,01-16,+57.4%,+4.57%,0.5228,2,✓ Yes,completed
2,474,326,01-16,+57.1%,+4.67%,0.5233,2,✓ Yes,completed
2,474,345,01-16,+50.2%,+5.09%,0.5254,2,✓ Yes,completed
2,474,363,01-16,+48.1%,+5.25%,0.5262,2,✓ Yes,completed
2,474,382,01-16,+36.8%,+5.13%,0.5257,4,✓ Yes,completed
2,474,400,01-16,+27.6%,+4.63%,0.5231,4,✓ Yes,completed
2,474,418,01-16,+25.3%,+4.72%,0.5236,4,✓ Yes,completed
2,474,437,01-16,+19.0%,+3.75%,0.5188,9,✓ Yes,completed
2,474,455,01-16,+14.1%,+3.04%,0.5152,12,✓ Yes,completed
2,474,474,01-16,+11.0%,+2.38%,0.5119,17,✓ Yes,completed
2,491,308,01-16,+40.7%,+3.75%,0.5187,2,✓ Yes,completed
2,491,326,01-16,+40.4%,+3.81%,0.5191,2,✓ Yes,completed
2,491,345,01-16,+33.4%,+4.20%,0.5210,2,✓ Yes,completed
2,491,363,01-16,+31.4%,+4.14%,0.5207,2,✓ Yes,completed
2,491,381,01-16,+18.6%,+3.32%,0.5166,2,✓ Yes,completed
2,491,400,01-16,+16.5%,+3.19%,0.5159,2,✓ Yes,completed
2,491,418,01-16,+14.6%,+2.95%,0.5147,2,✓ Yes,completed
2,491,436,01-16,+10.4%,+2.17%,0.5109,3,✓ Yes,completed
2,491,455,01-16,+7.2%,+1.51%,0.5075,5,✓ Yes,completed
2,491,473,01-16,+5.9%,+1.22%,0.5061,6,✓ Yes,completed
2,491,491,01-16,+4.8%,+0.98%,0.5049,10,✓ Yes,completed
2,509,308,01-16,+34.7%,+2.74%,0.5137,2,✓ Yes,completed
2,509,325,01-16,+34.4%,+2.79%,0.5140,2,✓ Yes,completed
2,509,341,01-16,+29.1%,+3.01%,0.5150,2,✓ Yes,completed
2,509,358,01-16,+27.2%,+3.22%,0.5161,2,✓ Yes,completed
2,509,375,01-16,+25.2%,+3.37%,0.5169,2,✓ Yes,completed
2,509,392,01-16,+12.4%,+1.93%,0.5096,2,✓ Yes,completed
2,509,408,01-16,+8.9%,+1.57%,0.5079,2,✓ Yes,completed
2,509,425,01-16,+4.5%,+0.68%,0.5034,3,✓ Yes,completed
2,509,442,01-16,+4.2%,+0.68%,0.5034,3,✓ Yes,completed
2,509,459,01-16,+2.2%,+0.49%,0.5024,3,✓ Yes,completed
2,509,476,01-16,+1.7%,+0.43%,0.5021,3,✓ Yes,completed
2,509,492,01-16,+1.4%,+0.39%,0.5020,3,✓ Yes,completed
2,509,509,01-16,+0.8%,+0.18%,0.5009,3,✓ Yes,completed
2,349,308,01-19,+100.0%,+89.85%,0.9493,6,✗ No,budget_exceeded
2,349,329,01-19,+100.0%,+85.69%,0.9284,15,✗ No,budget_exceeded
2,349,349,01-19,+100.0%,+77.02%,0.8851,36,✗ No,budget_exceeded
2,367,308,01-19,+100.0%,+89.47%,0.9474,6,✗ No,budget_exceeded
2,367,328,01-19,+100.0%,+85.33%,0.9267,14,✗ No,budget_exceeded
2,367,347,01-19,+100.0%,+74.17%,0.8709,31,✗ No,budget_exceeded
2,367,367,01-19,+100.0%,+64.47%,0.8223,58,✗ No,budget_exceeded
2,385,308,01-19,+100.0%,+81.87%,0.9094,7,✗ No,budget_exceeded
2,385,327,01-19,+100.0%,+74.46%,0.8723,14,✗ No,budget_exceeded
2,385,346,01-19,+100.0%,+64.67%,0.8233,29,✗ No,budget_exceeded
2,385,365,01-19,+100.0%,+54.40%,0.7720,41,✗ No,budget_exceeded
2,385,385,01-19,+100.0%,+12.09%,0.5605,108,✗ No,budget_exceeded
2,402,308,01-19,+100.0%,+74.26%,0.8713,7,✗ No,budget_exceeded
2,402,327,01-19,+100.0%,+62.94%,0.8147,10,✗ No,budget_exceeded
2,402,346,01-19,+100.0%,+49.31%,0.7465,23,✗ No,budget_exceeded
2,402,365,01-19,+100.0%,+18.46%,0.5923,40,✗ No,budget_exceeded
2,402,384,01-19,+85.2%,+7.28%,0.5364,55,✓ Yes,completed
2,402,402,01-19,+68.8%,+7.10%,0.5355,73,✓ Yes,completed
2,420,308,01-19,+100.0%,+55.09%,0.7755,7,✗ No,budget_exceeded
2,420,327,01-19,+100.0%,+12.62%,0.5631,11,✗ No,budget_exceeded
2,420,345,01-19,+83.3%,+6.40%,0.5320,14,✓ Yes,completed
2,420,364,01-19,+76.3%,+6.71%,0.5336,19,✓ Yes,completed
2,420,383,01-19,+68.4%,+6.90%,0.5345,27,✓ Yes,completed
2,420,402,01-19,+58.7%,+6.50%,0.5325,31,✓ Yes,completed
2,420,420,01-19,+48.8%,+5.89%,0.5294,41,✓ Yes,completed
2,438,308,01-19,+86.6%,+5.20%,0.5260,5,✓ Yes,completed
2,438,326,01-19,+76.7%,+5.68%,0.5284,5,✓ Yes,completed
2,438,345,01-19,+68.9%,+6.14%,0.5307,6,✓ Yes,completed
2,438,364,01-19,+61.7%,+5.85%,0.5292,8,✓ Yes,completed
2,438,382,01-19,+48.3%,+5.49%,0.5274,12,✓ Yes,completed
2,438,401,01-19,+42.6%,+5.65%,0.5282,14,✓ Yes,completed
2,438,419,01-19,+39.4%,+5.66%,0.5283,17,✓ Yes,completed
2,438,438,01-19,+33.5%,+5.37%,0.5269,29,✓ Yes,completed
2,456,308,01-19,+59.0%,+5.17%,0.5259,2,✓ Yes,completed
2,456,326,01-19,+58.7%,+5.25%,0.5262,2,✓ Yes,completed
2,456,345,01-19,+51.7%,+5.26%,0.5263,2,✓ Yes,completed
2,456,363,01-19,+49.6%,+5.36%,0.5268,2,✓ Yes,completed
2,456,382,01-19,+41.1%,+5.29%,0.5264,5,✓ Yes,completed
2,456,400,01-19,+34.7%,+5.34%,0.5267,7,✓ Yes,completed
2,456,419,01-19,+32.9%,+5.21%,0.5261,9,✓ Yes,completed
2,456,437,01-19,+26.5%,+4.74%,0.5237,16,✓ Yes,completed
2,456,456,01-19,+20.0%,+4.38%,0.5219,28,✓ Yes,completed
2,474,308,01-19,+57.4%,+4.90%,0.5245,2,✓ Yes,completed
2,474,326,01-19,+57.1%,+4.95%,0.5247,2,✓ Yes,completed
2,474,345,01-19,+50.2%,+5.11%,0.5256,2,✓ Yes,completed
2,474,363,01-19,+48.1%,+5.14%,0.5257,2,✓ Yes,completed
2,474,382,01-19,+36.8%,+5.16%,0.5258,4,✓ Yes,completed
2,474,400,01-19,+27.6%,+4.63%,0.5232,4,✓ Yes,completed
2,474,418,01-19,+25.3%,+4.49%,0.5224,4,✓ Yes,completed
2,474,437,01-19,+19.0%,+4.16%,0.5208,9,✓ Yes,completed
2,474,455,01-19,+14.1%,+3.38%,0.5169,12,✓ Yes,completed
2,474,474,01-19,+11.0%,+2.83%,0.5141,17,✓ Yes,completed
2,491,308,01-19,+40.7%,+3.49%,0.5175,2,✓ Yes,completed
2,491,326,01-19,+40.4%,+3.58%,0.5179,2,✓ Yes,completed
2,491,345,01-19,+33.4%,+4.15%,0.5207,2,✓ Yes,completed
2,491,363,01-19,+31.4%,+4.28%,0.5214,2,✓ Yes,completed
2,491,381,01-19,+18.6%,+3.74%,0.5187,2,✓ Yes,completed
2,491,400,01-19,+16.5%,+3.52%,0.5176,2,✓ Yes,completed
2,491,418,01-19,+14.6%,+3.29%,0.5164,2,✓ Yes,completed
2,491,436,01-19,+10.4%,+2.58%,0.5129,3,✓ Yes,completed
2,491,455,01-19,+7.2%,+1.87%,0.5094,5,✓ Yes,completed
2,491,473,01-19,+5.9%,+1.58%,0.5079,6,✓ Yes,completed
2,491,491,01-19,+4.8%,+1.37%,0.5069,10,✓ Yes,completed
2,509,308,01-19,+34.7%,+2.71%,0.5136,2,✓ Yes,completed
2,509,325,01-19,+34.4%,+2.75%,0.5137,2,✓ Yes,completed
2,509,341,01-19,+29.1%,+3.17%,0.5158,2,✓ Yes,completed
2,509,358,01-19,+27.2%,+3.16%,0.5158,2,✓ Yes,completed
2,509,375,01-19,+25.2%,+3.12%,0.5156,2,✓ Yes,completed
2,509,392,01-19,+12.4%,+2.29%,0.5115,2,✓ Yes,completed
2,509,408,01-19,+8.9%,+1.91%,0.5095,2,✓ Yes,completed
2,509,425,01-19,+4.5%,+1.05%,0.5053,3,✓ Yes,completed
2,509,442,01-19,+4.2%,+1.03%,0.5051,3,✓ Yes,completed
2,509,459,01-19,+2.2%,+0.58%,0.5029,3,✓ Yes,completed
2,509,476,01-19,+1.7%,+0.49%,0.5025,3,✓ Yes,completed
2,509,492,01-19,+1.4%,+0.43%,0.5022,3,✓ Yes,completed
2,509,509,01-19,+0.8%,+0.22%,0.5011,3,✓ Yes,completed
3,366,366,01-01,+100.0%,+87.93%,0.9396,15,✗ No,budget_exceeded
3,366,366,01-01,+100.0%,+87.93%,0.9396,15,✗ No,budget_exceeded
3,374,366,01-01,+100.0%,+86.51%,0.9325,14,✗ No,budget_exceeded
3,374,374,01-01,+100.0%,+84.07%,0.9203,30,✗ No,budget_exceeded
3,382,366,01-01,+100.0%,+85.23%,0.9261,15,✗ No,budget_exceeded
3,382,382,01-01,+100.0%,+75.86%,0.8793,42,✗ No,budget_exceeded
3,390,366,01-01,+100.0%,+84.20%,0.9210,15,✓ Yes,budget_exceeded
3,390,378,01-01,+100.0%,+75.72%,0.8786,26,✗ No,budget_exceeded
3,390,390,01-01,+100.0%,+66.39%,0.8319,50,✗ No,budget_exceeded
3,398,366,01-01,+100.0%,+83.63%,0.9181,15,✗ No,budget_exceeded
3,398,377,01-01,+100.0%,+74.25%,0.8713,24,✗ No,budget_exceeded
3,398,388,01-01,+100.0%,+65.28%,0.8264,38,✗ No,budget_exceeded
3,398,398,01-01,+100.0%,+27.15%,0.6357,75,✗ No,budget_exceeded
3,406,366,01-01,+100.0%,+75.57%,0.8779,17,✗ No,budget_exceeded
3,406,374,01-01,+100.0%,+71.38%,0.8569,23,✗ No,budget_exceeded
3,406,382,01-01,+100.0%,+47.28%,0.7364,35,✗ No,budget_exceeded
3,406,390,01-01,+100.0%,+30.46%,0.6523,43,✗ No,budget_exceeded
3,406,398,01-01,+97.7%,+8.95%,0.5447,57,✓ Yes,completed
3,406,406,01-01,+92.7%,+8.54%,0.5427,73,✓ Yes,completed
3,414,366,01-01,+100.0%,+72.55%,0.8627,18,✗ No,budget_exceeded
3,414,374,01-01,+100.0%,+47.18%,0.7359,24,✗ No,budget_exceeded
3,414,382,01-01,+100.0%,+30.39%,0.6520,35,✗ No,budget_exceeded
3,414,390,01-01,+99.5%,+8.99%,0.5450,43,✓ Yes,completed
3,414,398,01-01,+93.1%,+8.55%,0.5428,48,✓ Yes,completed
3,414,406,01-01,+87.8%,+8.11%,0.5406,55,✓ Yes,completed
3,414,414,01-01,+80.6%,+7.96%,0.5398,69,✓ Yes,completed
3,422,366,01-01,+100.0%,+25.17%,0.6259,19,✗ No,budget_exceeded
3,422,374,01-01,+98.2%,+8.62%,0.5431,21,✓ Yes,completed
3,422,382,01-01,+93.9%,+8.33%,0.5416,27,✓ Yes,completed
3,422,390,01-01,+90.4%,+8.24%,0.5412,30,✓ Yes,completed
3,422,398,01-01,+84.3%,+8.05%,0.5403,31,✓ Yes,completed
3,422,406,01-01,+80.7%,+8.01%,0.5400,36,✓ Yes,completed
3,422,414,01-01,+75.1%,+8.05%,0.5402,40,✓ Yes,completed
3,422,422,01-01,+71.1%,+8.07%,0.5404,52,✓ Yes,completed
3,430,366,01-01,+93.5%,+8.02%,0.5401,17,✓ Yes,completed
3,430,374,01-01,+90.8%,+7.95%,0.5397,18,✓ Yes,completed
3,430,382,01-01,+86.4%,+7.65%,0.5382,22,✓ Yes,completed
3,430,390,01-01,+83.1%,+7.83%,0.5392,24,✓ Yes,completed
3,430,398,01-01,+78.8%,+7.84%,0.5392,26,✓ Yes,completed
3,430,406,01-01,+74.3%,+7.91%,0.5396,30,✓ Yes,completed
3,430,414,01-01,+70.0%,+8.07%,0.5404,32,✓ Yes,completed
3,430,422,01-01,+67.2%,+7.89%,0.5395,35,✓ Yes,completed
3,430,430,01-01,+62.4%,+7.75%,0.5387,51,✓ Yes,completed
3,438,366,01-01,+84.8%,+7.42%,0.5371,11,✓ Yes,completed
3,438,374,01-01,+82.3%,+7.54%,0.5377,12,✓ Yes,completed
3,438,382,01-01,+74.7%,+7.59%,0.5379,13,✓ Yes,completed
3,438,390,01-01,+71.3%,+7.84%,0.5392,15,✓ Yes,completed
3,438,398,01-01,+69.5%,+7.91%,0.5396,17,✓ Yes,completed
3,438,406,01-01,+66.7%,+7.73%,0.5387,22,✓ Yes,completed
3,438,414,01-01,+64.4%,+7.80%,0.5390,25,✓ Yes,completed
3,438,422,01-01,+62.7%,+7.76%,0.5388,27,✓ Yes,completed
3,438,430,01-01,+58.3%,+7.37%,0.5369,36,✓ Yes,completed
3,438,438,01-01,+54.0%,+7.23%,0.5361,44,✓ Yes,completed
3,366,366,01-02,+100.0%,+87.14%,0.9357,17,✗ No,budget_exceeded
3,366,366,01-02,+100.0%,+87.14%,0.9357,17,✗ No,budget_exceeded
3,374,366,01-02,+100.0%,+86.43%,0.9321,14,✗ No,budget_exceeded
3,374,374,01-02,+100.0%,+84.03%,0.9201,30,✗ No,budget_exceeded
3,382,366,01-02,+100.0%,+85.08%,0.9254,15,✗ No,budget_exceeded
3,382,382,01-02,+100.0%,+75.69%,0.8785,42,✗ No,budget_exceeded
3,390,366,01-02,+100.0%,+84.04%,0.9202,16,✗ No,budget_exceeded
3,390,378,01-02,+100.0%,+75.56%,0.8778,26,✗ No,budget_exceeded
3,390,390,01-02,+100.0%,+66.40%,0.8320,49,✗ No,budget_exceeded
3,398,366,01-02,+100.0%,+83.55%,0.9177,15,✗ No,budget_exceeded
3,398,377,01-02,+100.0%,+74.28%,0.8714,24,✗ No,budget_exceeded
3,398,388,01-02,+100.0%,+51.03%,0.7551,40,✗ No,budget_exceeded
3,398,398,01-02,+100.0%,+27.38%,0.6369,74,✗ No,budget_exceeded
3,406,366,01-02,+100.0%,+75.43%,0.8771,17,✗ No,budget_exceeded
3,406,374,01-02,+100.0%,+71.35%,0.8568,23,✗ No,budget_exceeded
3,406,382,01-02,+100.0%,+47.23%,0.7361,35,✗ No,budget_exceeded
3,406,390,01-02,+100.0%,+28.81%,0.6441,44,✗ No,budget_exceeded
3,406,398,01-02,+97.1%,+9.22%,0.5461,56,✓ Yes,completed
3,406,406,01-02,+92.4%,+8.70%,0.5435,72,✓ Yes,completed
3,414,366,01-02,+100.0%,+72.39%,0.8619,18,✗ No,budget_exceeded
3,414,374,01-02,+100.0%,+47.13%,0.7357,24,✗ No,budget_exceeded
3,414,382,01-02,+100.0%,+28.10%,0.6405,35,✗ No,budget_exceeded
3,414,390,01-02,+98.8%,+9.15%,0.5458,42,✓ Yes,completed
3,414,398,01-02,+92.6%,+8.71%,0.5435,47,✓ Yes,completed
3,414,406,01-02,+87.5%,+8.38%,0.5419,54,✓ Yes,completed
3,414,414,01-02,+80.4%,+8.14%,0.5407,68,✓ Yes,completed
3,422,366,01-02,+100.0%,+26.77%,0.6339,19,✗ No,budget_exceeded
3,422,374,01-02,+98.2%,+8.86%,0.5443,21,✓ Yes,completed
3,422,382,01-02,+93.8%,+8.59%,0.5429,27,✓ Yes,completed
3,422,390,01-02,+90.4%,+8.49%,0.5424,30,✓ Yes,completed
3,422,398,01-02,+84.6%,+8.07%,0.5403,32,✓ Yes,completed
3,422,406,01-02,+80.6%,+8.20%,0.5410,36,✓ Yes,completed
3,422,414,01-02,+75.0%,+8.11%,0.5406,40,✓ Yes,completed
3,422,422,01-02,+71.9%,+8.02%,0.5401,54,✓ Yes,completed
3,430,366,01-02,+93.5%,+8.25%,0.5413,17,✓ Yes,completed
3,430,374,01-02,+90.8%,+8.19%,0.5409,18,✓ Yes,completed
3,430,382,01-02,+86.4%,+7.90%,0.5395,22,✓ Yes,completed
3,430,390,01-02,+83.1%,+7.92%,0.5396,24,✓ Yes,completed
3,430,398,01-02,+78.8%,+7.97%,0.5398,26,✓ Yes,completed
3,430,406,01-02,+74.3%,+8.02%,0.5401,30,✓ Yes,completed
3,430,414,01-02,+70.0%,+8.12%,0.5406,32,✓ Yes,completed
3,430,422,01-02,+67.2%,+8.12%,0.5406,35,✓ Yes,completed
3,430,430,01-02,+62.4%,+7.86%,0.5393,51,✓ Yes,completed
3,438,366,01-02,+85.1%,+7.42%,0.5371,12,✓ Yes,completed
3,438,374,01-02,+82.3%,+7.64%,0.5382,12,✓ Yes,completed
3,438,382,01-02,+74.7%,+7.67%,0.5384,13,✓ Yes,completed
3,438,390,01-02,+71.3%,+7.78%,0.5389,15,✓ Yes,completed
3,438,398,01-02,+69.5%,+7.98%,0.5399,17,✓ Yes,completed
3,438,406,01-02,+66.7%,+7.97%,0.5399,22,✓ Yes,completed
3,438,414,01-02,+64.4%,+7.83%,0.5391,25,✓ Yes,completed
3,438,422,01-02,+62.7%,+7.86%,0.5393,27,✓ Yes,completed
3,438,430,01-02,+58.3%,+7.53%,0.5377,36,✓ Yes,completed
3,438,438,01-02,+54.0%,+7.22%,0.5361,45,✓ Yes,completed
3,366,366,01-03,+100.0%,+86.65%,0.9332,18,✗ No,budget_exceeded
3,366,366,01-03,+100.0%,+86.65%,0.9332,18,✗ No,budget_exceeded
3,374,366,01-03,+100.0%,+85.39%,0.9269,16,✗ No,budget_exceeded
3,374,374,01-03,+100.0%,+83.49%,0.9175,31,✗ No,budget_exceeded
3,382,366,01-03,+100.0%,+84.01%,0.9200,17,✗ No,budget_exceeded
3,382,382,01-03,+100.0%,+74.73%,0.8737,44,✗ No,budget_exceeded
3,390,366,01-03,+100.0%,+83.46%,0.9173,17,✗ No,budget_exceeded
3,390,378,01-03,+100.0%,+74.46%,0.8723,28,✗ No,budget_exceeded
3,390,390,01-03,+100.0%,+50.55%,0.7527,55,✗ No,budget_exceeded
3,398,366,01-03,+100.0%,+79.29%,0.8964,17,✗ No,budget_exceeded
3,398,377,01-03,+100.0%,+73.08%,0.8654,26,✗ No,budget_exceeded
3,398,388,01-03,+100.0%,+49.43%,0.7471,43,✗ No,budget_exceeded
3,398,398,01-03,+100.0%,+24.16%,0.6208,77,✗ No,budget_exceeded
3,406,366,01-03,+100.0%,+74.35%,0.8718,19,✗ No,budget_exceeded
3,406,374,01-03,+100.0%,+67.88%,0.8394,25,✗ No,budget_exceeded
3,406,382,01-03,+100.0%,+35.12%,0.6756,39,✗ No,budget_exceeded
3,406,390,01-03,+100.0%,+25.85%,0.6292,46,✗ No,budget_exceeded
3,406,398,01-03,+95.3%,+9.26%,0.5463,56,✓ Yes,completed
3,406,406,01-03,+90.6%,+8.75%,0.5437,72,✓ Yes,completed
3,414,366,01-03,+100.0%,+68.35%,0.8418,21,✗ No,budget_exceeded
3,414,374,01-03,+100.0%,+34.77%,0.6738,27,✗ No,budget_exceeded
3,414,382,01-03,+100.0%,+25.08%,0.6254,37,✗ No,budget_exceeded
3,414,390,01-03,+96.9%,+9.20%,0.5460,42,✓ Yes,completed
3,414,398,01-03,+90.8%,+8.75%,0.5438,47,✓ Yes,completed
3,414,406,01-03,+85.6%,+8.43%,0.5421,54,✓ Yes,completed
3,414,414,01-03,+79.0%,+8.24%,0.5412,66,✓ Yes,completed
3,422,366,01-03,+99.4%,+8.90%,0.5445,20,✓ Yes,completed
3,422,374,01-03,+96.3%,+8.90%,0.5445,21,✓ Yes,completed
3,422,382,01-03,+91.9%,+8.63%,0.5432,27,✓ Yes,completed
3,422,390,01-03,+88.5%,+8.53%,0.5427,30,✓ Yes,completed
3,422,398,01-03,+82.8%,+8.11%,0.5406,32,✓ Yes,completed
3,422,406,01-03,+78.7%,+8.24%,0.5412,36,✓ Yes,completed
3,422,414,01-03,+74.1%,+8.10%,0.5405,40,✓ Yes,completed
3,422,422,01-03,+70.9%,+8.08%,0.5404,52,✓ Yes,completed
3,430,366,01-03,+91.7%,+8.30%,0.5415,17,✓ Yes,completed
3,430,374,01-03,+89.0%,+8.23%,0.5412,18,✓ Yes,completed
3,430,382,01-03,+84.5%,+7.95%,0.5397,22,✓ Yes,completed
3,430,390,01-03,+81.3%,+7.96%,0.5398,24,✓ Yes,completed
3,430,398,01-03,+76.9%,+8.01%,0.5401,26,✓ Yes,completed
3,430,406,01-03,+72.5%,+8.06%,0.5403,30,✓ Yes,completed
3,430,414,01-03,+69.4%,+8.08%,0.5404,32,✓ Yes,completed
3,430,422,01-03,+66.4%,+8.17%,0.5409,33,✓ Yes,completed
3,430,430,01-03,+61.8%,+7.86%,0.5393,49,✓ Yes,completed
3,438,366,01-03,+84.3%,+7.64%,0.5382,12,✓ Yes,completed
3,438,374,01-03,+81.5%,+7.69%,0.5384,12,✓ Yes,completed
3,438,382,01-03,+74.8%,+7.68%,0.5384,14,✓ Yes,completed
3,438,390,01-03,+70.5%,+7.83%,0.5392,15,✓ Yes,completed
3,438,398,01-03,+68.7%,+7.95%,0.5398,17,✓ Yes,completed
3,438,406,01-03,+65.9%,+8.08%,0.5404,22,✓ Yes,completed
3,438,414,01-03,+64.1%,+8.03%,0.5401,24,✓ Yes,completed
3,438,422,01-03,+62.4%,+7.89%,0.5394,26,✓ Yes,completed
3,438,430,01-03,+58.1%,+7.73%,0.5387,35,✓ Yes,completed
3,438,438,01-03,+53.9%,+7.30%,0.5365,44,✓ Yes,completed
3,366,366,01-04,+100.0%,+85.62%,0.9281,20,✗ No,budget_exceeded
3,366,366,01-04,+100.0%,+85.62%,0.9281,20,✗ No,budget_exceeded
3,374,366,01-04,+100.0%,+84.23%,0.9211,18,✗ No,budget_exceeded
3,374,374,01-04,+100.0%,+81.04%,0.9052,37,✗ No,budget_exceeded
3,382,366,01-04,+100.0%,+81.94%,0.9097,19,✗ No,budget_exceeded
3,382,382,01-04,+100.0%,+74.11%,0.8706,45,✗ No,budget_exceeded
3,390,366,01-04,+100.0%,+79.42%,0.8971,20,✗ No,budget_exceeded
3,390,378,01-04,+100.0%,+71.88%,0.8594,31,✗ No,budget_exceeded
3,390,390,01-04,+100.0%,+48.84%,0.7442,58,✗ No,budget_exceeded
3,398,366,01-04,+100.0%,+78.68%,0.8934,18,✗ No,budget_exceeded
3,398,377,01-04,+100.0%,+69.96%,0.8498,29,✗ No,budget_exceeded
3,398,388,01-04,+100.0%,+42.47%,0.7123,46,✗ No,budget_exceeded
3,398,398,01-04,+99.7%,+9.19%,0.5459,81,✓ Yes,completed
3,406,366,01-04,+100.0%,+70.90%,0.8545,21,✗ No,budget_exceeded
3,406,374,01-04,+100.0%,+50.75%,0.7537,28,✗ No,budget_exceeded
3,406,382,01-04,+100.0%,+32.95%,0.6648,40,✗ No,budget_exceeded
3,406,390,01-04,+100.0%,+24.22%,0.6211,48,✗ No,budget_exceeded
3,406,398,01-04,+93.4%,+9.13%,0.5457,56,✓ Yes,completed
3,406,406,01-04,+88.7%,+8.62%,0.5431,71,✓ Yes,completed
3,414,366,01-04,+100.0%,+51.72%,0.7586,22,✗ No,budget_exceeded
3,414,374,01-04,+100.0%,+31.86%,0.6593,28,✗ No,budget_exceeded
3,414,382,01-04,+99.4%,+9.06%,0.5453,40,✓ Yes,completed
3,414,390,01-04,+95.1%,+9.07%,0.5453,42,✓ Yes,completed
3,414,398,01-04,+88.9%,+8.62%,0.5431,47,✓ Yes,completed
3,414,406,01-04,+83.8%,+8.30%,0.5415,53,✓ Yes,completed
3,414,414,01-04,+77.9%,+8.04%,0.5402,66,✓ Yes,completed
3,422,366,01-04,+97.5%,+8.77%,0.5438,20,✓ Yes,completed
3,422,374,01-04,+94.5%,+8.77%,0.5438,21,✓ Yes,completed
3,422,382,01-04,+90.1%,+8.50%,0.5425,27,✓ Yes,completed
3,422,390,01-04,+86.7%,+8.40%,0.5420,30,✓ Yes,completed
3,422,398,01-04,+80.9%,+7.98%,0.5399,32,✓ Yes,completed
3,422,406,01-04,+77.0%,+8.13%,0.5406,35,✓ Yes,completed
3,422,414,01-04,+72.5%,+7.94%,0.5397,39,✓ Yes,completed
3,422,422,01-04,+69.4%,+7.98%,0.5399,50,✓ Yes,completed
3,430,366,01-04,+89.8%,+8.17%,0.5408,17,✓ Yes,completed
3,430,374,01-04,+87.1%,+8.10%,0.5405,18,✓ Yes,completed
3,430,382,01-04,+82.7%,+7.81%,0.5391,22,✓ Yes,completed
3,430,390,01-04,+79.4%,+7.83%,0.5391,24,✓ Yes,completed
3,430,398,01-04,+75.1%,+7.88%,0.5394,26,✓ Yes,completed
3,430,406,01-04,+70.7%,+7.92%,0.5396,29,✓ Yes,completed
3,430,414,01-04,+67.7%,+7.94%,0.5397,31,✓ Yes,completed
3,430,422,01-04,+64.9%,+8.04%,0.5402,32,✓ Yes,completed
3,430,430,01-04,+60.4%,+7.73%,0.5387,48,✓ Yes,completed
3,438,366,01-04,+82.5%,+7.51%,0.5375,12,✓ Yes,completed
3,438,374,01-04,+79.6%,+7.55%,0.5378,12,✓ Yes,completed
3,438,382,01-04,+73.0%,+7.55%,0.5377,14,✓ Yes,completed
3,438,390,01-04,+68.7%,+7.70%,0.5385,15,✓ Yes,completed
3,438,398,01-04,+66.9%,+7.82%,0.5391,17,✓ Yes,completed
3,438,406,01-04,+64.2%,+7.95%,0.5397,21,✓ Yes,completed
3,438,414,01-04,+62.6%,+7.90%,0.5395,23,✓ Yes,completed
3,438,422,01-04,+61.0%,+7.74%,0.5387,25,✓ Yes,completed
3,438,430,01-04,+56.8%,+7.65%,0.5383,34,✓ Yes,completed
3,438,438,01-04,+52.6%,+7.20%,0.5360,43,✓ Yes,completed
3,366,366,01-05,+100.0%,+85.06%,0.9253,21,✗ No,budget_exceeded
3,366,366,01-05,+100.0%,+85.06%,0.9253,21,✗ No,budget_exceeded
3,374,366,01-05,+100.0%,+83.54%,0.9177,19,✗ No,budget_exceeded
3,374,374,01-05,+100.0%,+80.45%,0.9023,38,✗ No,budget_exceeded
3,382,366,01-05,+100.0%,+80.78%,0.9039,21,✗ No,budget_exceeded
3,382,382,01-05,+100.0%,+71.40%,0.8570,51,✗ No,budget_exceeded
3,390,366,01-05,+100.0%,+78.93%,0.8947,21,✗ No,budget_exceeded
3,390,378,01-05,+100.0%,+65.97%,0.8299,34,✗ No,budget_exceeded
3,390,390,01-05,+100.0%,+40.12%,0.7006,65,✗ No,budget_exceeded
3,398,366,01-05,+100.0%,+77.65%,0.8882,20,✗ No,budget_exceeded
3,398,377,01-05,+100.0%,+55.08%,0.7754,32,✗ No,budget_exceeded
3,398,388,01-05,+100.0%,+37.80%,0.6890,49,✗ No,budget_exceeded
3,398,398,01-05,+97.9%,+9.13%,0.5457,81,✓ Yes,completed
3,406,366,01-05,+100.0%,+53.89%,0.7695,24,✗ No,budget_exceeded
3,406,374,01-05,+100.0%,+43.83%,0.7192,29,✗ No,budget_exceeded
3,406,382,01-05,+100.0%,+31.44%,0.6572,42,✗ No,budget_exceeded
3,406,390,01-05,+98.8%,+9.16%,0.5458,50,✓ Yes,completed
3,406,398,01-05,+91.6%,+9.07%,0.5454,56,✓ Yes,completed
3,406,406,01-05,+87.2%,+8.57%,0.5428,70,✓ Yes,completed
3,414,366,01-05,+100.0%,+43.54%,0.7177,24,✗ No,budget_exceeded
3,414,374,01-05,+100.0%,+31.02%,0.6551,29,✗ No,budget_exceeded
3,414,382,01-05,+97.5%,+9.00%,0.5450,40,✓ Yes,completed
3,414,390,01-05,+93.2%,+9.01%,0.5450,42,✓ Yes,completed
3,414,398,01-05,+87.1%,+8.56%,0.5428,47,✓ Yes,completed
3,414,406,01-05,+82.3%,+8.31%,0.5415,52,✓ Yes,completed
3,414,414,01-05,+76.6%,+7.97%,0.5399,66,✓ Yes,completed
3,422,366,01-05,+95.7%,+8.70%,0.5435,20,✓ Yes,completed
3,422,374,01-05,+92.6%,+8.71%,0.5435,21,✓ Yes,completed
3,422,382,01-05,+88.2%,+8.44%,0.5422,27,✓ Yes,completed
3,422,390,01-05,+84.8%,+8.34%,0.5417,30,✓ Yes,completed
3,422,398,01-05,+79.1%,+7.91%,0.5396,32,✓ Yes,completed
3,422,406,01-05,+75.5%,+8.04%,0.5402,34,✓ Yes,completed
3,422,414,01-05,+71.1%,+7.88%,0.5394,38,✓ Yes,completed
3,422,422,01-05,+68.1%,+7.92%,0.5396,49,✓ Yes,completed
3,430,366,01-05,+88.0%,+8.10%,0.5405,17,✓ Yes,completed
3,430,374,01-05,+85.3%,+8.04%,0.5402,18,✓ Yes,completed
3,430,382,01-05,+80.8%,+7.75%,0.5387,22,✓ Yes,completed
3,430,390,01-05,+77.6%,+7.77%,0.5388,24,✓ Yes,completed
3,430,398,01-05,+73.2%,+7.82%,0.5391,26,✓ Yes,completed
3,430,406,01-05,+69.4%,+7.87%,0.5393,28,✓ Yes,completed
3,430,414,01-05,+66.4%,+7.85%,0.5392,30,✓ Yes,completed
3,430,422,01-05,+63.7%,+7.98%,0.5399,31,✓ Yes,completed
3,430,430,01-05,+59.2%,+7.65%,0.5382,47,✓ Yes,completed
3,438,366,01-05,+80.6%,+7.44%,0.5372,12,✓ Yes,completed
3,438,374,01-05,+77.8%,+7.49%,0.5374,12,✓ Yes,completed
3,438,382,01-05,+71.1%,+7.48%,0.5374,14,✓ Yes,completed
3,438,390,01-05,+66.8%,+7.63%,0.5382,15,✓ Yes,completed
3,438,398,01-05,+65.0%,+7.76%,0.5388,17,✓ Yes,completed
3,438,406,01-05,+62.9%,+7.87%,0.5393,20,✓ Yes,completed
3,438,414,01-05,+61.4%,+7.87%,0.5393,22,✓ Yes,completed
3,438,422,01-05,+59.9%,+7.72%,0.5386,24,✓ Yes,completed
3,438,430,01-05,+55.7%,+7.59%,0.5379,33,✓ Yes,completed
3,438,438,01-05,+51.9%,+7.19%,0.5360,40,✓ Yes,completed
3,366,366,01-06,+100.0%,+83.91%,0.9196,23,✗ No,budget_exceeded
3,366,366,01-06,+100.0%,+83.91%,0.9196,23,✗ No,budget_exceeded
3,374,366,01-06,+100.0%,+82.44%,0.9122,21,✗ No,budget_exceeded
3,374,374,01-06,+100.0%,+79.51%,0.8976,40,✗ No,budget_exceeded
3,382,366,01-06,+100.0%,+80.35%,0.9017,22,✗ No,budget_exceeded
3,382,382,01-06,+100.0%,+57.18%,0.7859,59,✗ No,budget_exceeded
3,390,366,01-06,+100.0%,+77.85%,0.8893,23,✗ No,budget_exceeded
3,390,378,01-06,+100.0%,+55.59%,0.7779,38,✗ No,budget_exceeded
3,390,390,01-06,+100.0%,+38.88%,0.6944,68,✗ No,budget_exceeded
3,398,366,01-06,+100.0%,+74.94%,0.8747,22,✗ No,budget_exceeded
3,398,377,01-06,+100.0%,+53.81%,0.7691,34,✗ No,budget_exceeded
3,398,388,01-06,+100.0%,+36.27%,0.6813,50,✗ No,budget_exceeded
3,398,398,01-06,+96.0%,+9.02%,0.5451,81,✓ Yes,completed
3,406,366,01-06,+100.0%,+53.17%,0.7659,25,✗ No,budget_exceeded
3,406,374,01-06,+100.0%,+38.79%,0.6939,31,✗ No,budget_exceeded
3,406,382,01-06,+100.0%,+28.30%,0.6415,44,✗ No,budget_exceeded
3,406,390,01-06,+97.0%,+9.05%,0.5453,50,✓ Yes,completed
3,406,398,01-06,+89.8%,+8.96%,0.5448,56,✓ Yes,completed
3,406,406,01-06,+85.5%,+8.46%,0.5423,68,✓ Yes,completed
3,414,366,01-06,+100.0%,+39.10%,0.6955,25,✗ No,budget_exceeded
3,414,374,01-06,+100.0%,+26.84%,0.6342,32,✗ No,budget_exceeded
3,414,382,01-06,+95.7%,+8.89%,0.5444,40,✓ Yes,completed
3,414,390,01-06,+91.4%,+8.90%,0.5445,42,✓ Yes,completed
3,414,398,01-06,+85.2%,+8.45%,0.5422,47,✓ Yes,completed
3,414,406,01-06,+80.7%,+8.25%,0.5412,51,✓ Yes,completed
3,414,414,01-06,+75.0%,+7.89%,0.5395,65,✓ Yes,completed
3,422,366,01-06,+93.8%,+8.59%,0.5430,20,✓ Yes,completed
3,422,374,01-06,+90.8%,+8.60%,0.5430,21,✓ Yes,completed
3,422,382,01-06,+86.4%,+8.32%,0.5416,27,✓ Yes,completed
3,422,390,01-06,+83.0%,+8.22%,0.5411,30,✓ Yes,completed
3,422,398,01-06,+77.3%,+7.80%,0.5390,32,✓ Yes,completed
3,422,406,01-06,+74.2%,+7.88%,0.5394,33,✓ Yes,completed
3,422,414,01-06,+69.7%,+7.79%,0.5390,37,✓ Yes,completed
3,422,422,01-06,+66.8%,+7.79%,0.5389,48,✓ Yes,completed
3,430,366,01-06,+86.1%,+7.99%,0.5399,17,✓ Yes,completed
3,430,374,01-06,+83.4%,+7.92%,0.5396,18,✓ Yes,completed
3,430,382,01-06,+79.0%,+7.63%,0.5382,22,✓ Yes,completed
3,430,390,01-06,+75.7%,+7.65%,0.5383,24,✓ Yes,completed
3,430,398,01-06,+71.4%,+7.70%,0.5385,26,✓ Yes,completed
3,430,406,01-06,+69.0%,+7.67%,0.5384,28,✓ Yes,completed
3,430,414,01-06,+65.1%,+7.74%,0.5387,29,✓ Yes,completed
3,430,422,01-06,+62.5%,+7.85%,0.5392,30,✓ Yes,completed
3,430,430,01-06,+58.1%,+7.58%,0.5379,46,✓ Yes,completed
3,438,366,01-06,+78.8%,+7.33%,0.5366,12,✓ Yes,completed
3,438,374,01-06,+75.9%,+7.37%,0.5369,12,✓ Yes,completed
3,438,382,01-06,+69.3%,+7.37%,0.5368,14,✓ Yes,completed
3,438,390,01-06,+65.0%,+7.52%,0.5376,15,✓ Yes,completed
3,438,398,01-06,+63.2%,+7.64%,0.5382,17,✓ Yes,completed
3,438,406,01-06,+61.6%,+7.75%,0.5387,19,✓ Yes,completed
3,438,414,01-06,+60.1%,+7.77%,0.5389,21,✓ Yes,completed
3,438,422,01-06,+58.7%,+7.70%,0.5385,23,✓ Yes,completed
3,438,430,01-06,+54.6%,+7.50%,0.5375,32,✓ Yes,completed
3,438,438,01-06,+50.8%,+7.12%,0.5356,39,✓ Yes,completed
3,366,366,01-07,+100.0%,+83.39%,0.9170,24,✗ No,budget_exceeded
3,366,366,01-07,+100.0%,+83.39%,0.9170,24,✗ No,budget_exceeded
3,374,366,01-07,+100.0%,+82.02%,0.9101,22,✗ No,budget_exceeded
3,374,374,01-07,+100.0%,+78.98%,0.8949,41,✗ No,budget_exceeded
3,382,366,01-07,+100.0%,+79.35%,0.8967,24,✗ No,budget_exceeded
3,382,382,01-07,+100.0%,+56.50%,0.7825,60,✗ No,budget_exceeded
3,390,366,01-07,+100.0%,+75.70%,0.8785,26,✗ No,budget_exceeded
3,390,378,01-07,+100.0%,+54.95%,0.7747,39,✗ No,budget_exceeded
3,390,390,01-07,+100.0%,+37.39%,0.6870,70,✗ No,budget_exceeded
3,398,366,01-07,+100.0%,+74.11%,0.8705,24,✗ No,budget_exceeded
3,398,377,01-07,+100.0%,+47.76%,0.7388,36,✗ No,budget_exceeded
3,398,388,01-07,+100.0%,+34.72%,0.6736,52,✗ No,budget_exceeded
3,398,398,01-07,+94.2%,+8.91%,0.5445,81,✓ Yes,completed
3,406,366,01-07,+100.0%,+46.23%,0.7311,26,✗ No,budget_exceeded
3,406,374,01-07,+100.0%,+36.15%,0.6808,33,✗ No,budget_exceeded
3,406,382,01-07,+100.0%,+10.82%,0.5541,49,✗ No,budget_exceeded
3,406,390,01-07,+95.1%,+8.94%,0.5447,50,✓ Yes,completed
3,406,398,01-07,+87.9%,+8.85%,0.5443,56,✓ Yes,completed
3,406,406,01-07,+83.7%,+8.35%,0.5418,68,✓ Yes,completed
3,414,366,01-07,+100.0%,+36.27%,0.6813,26,✗ No,budget_exceeded
3,414,374,01-07,+99.9%,+8.50%,0.5425,35,✓ Yes,completed
3,414,382,01-07,+93.9%,+8.78%,0.5439,40,✓ Yes,completed
3,414,390,01-07,+89.5%,+8.79%,0.5439,42,✓ Yes,completed
3,414,398,01-07,+83.4%,+8.34%,0.5417,47,✓ Yes,completed
3,414,406,01-07,+78.9%,+8.13%,0.5407,51,✓ Yes,completed
3,414,414,01-07,+73.2%,+7.78%,0.5389,65,✓ Yes,completed
3,422,366,01-07,+92.0%,+8.48%,0.5424,20,✓ Yes,completed
3,422,374,01-07,+88.9%,+8.48%,0.5424,21,✓ Yes,completed
3,422,382,01-07,+84.5%,+8.21%,0.5411,27,✓ Yes,completed
3,422,390,01-07,+81.1%,+8.11%,0.5405,30,✓ Yes,completed
3,422,398,01-07,+75.4%,+7.68%,0.5384,32,✓ Yes,completed
3,422,406,01-07,+72.3%,+7.77%,0.5388,33,✓ Yes,completed
3,422,414,01-07,+67.9%,+7.68%,0.5384,37,✓ Yes,completed
3,422,422,01-07,+64.9%,+7.67%,0.5384,48,✓ Yes,completed
3,430,366,01-07,+84.3%,+7.87%,0.5394,17,✓ Yes,completed
3,430,374,01-07,+81.6%,+7.81%,0.5390,18,✓ Yes,completed
3,430,382,01-07,+77.1%,+7.52%,0.5376,22,✓ Yes,completed
3,430,390,01-07,+73.9%,+7.54%,0.5377,24,✓ Yes,completed
3,430,398,01-07,+69.6%,+7.58%,0.5379,26,✓ Yes,completed
3,430,406,01-07,+67.1%,+7.56%,0.5378,28,✓ Yes,completed
3,430,414,01-07,+63.3%,+7.63%,0.5381,29,✓ Yes,completed
3,430,422,01-07,+60.6%,+7.73%,0.5387,30,✓ Yes,completed
3,430,430,01-07,+56.2%,+7.46%,0.5373,46,✓ Yes,completed
3,438,366,01-07,+77.0%,+7.21%,0.5361,12,✓ Yes,completed
3,438,374,01-07,+74.1%,+7.26%,0.5363,12,✓ Yes,completed
3,438,382,01-07,+67.4%,+7.25%,0.5363,14,✓ Yes,completed
3,438,390,01-07,+63.1%,+7.40%,0.5370,15,✓ Yes,completed
3,438,398,01-07,+61.4%,+7.53%,0.5376,17,✓ Yes,completed
3,438,406,01-07,+59.8%,+7.63%,0.5382,19,✓ Yes,completed
3,438,414,01-07,+58.3%,+7.66%,0.5383,21,✓ Yes,completed
3,438,422,01-07,+56.8%,+7.59%,0.5379,23,✓ Yes,completed
3,438,430,01-07,+52.7%,+7.39%,0.5369,32,✓ Yes,completed
3,438,438,01-07,+49.0%,+7.01%,0.5350,39,✓ Yes,completed
3,366,366,01-08,+100.0%,+82.54%,0.9127,26,✗ No,budget_exceeded
3,366,366,01-08,+100.0%,+82.54%,0.9127,26,✗ No,budget_exceeded
3,374,366,01-08,+100.0%,+80.98%,0.9049,24,✗ No,budget_exceeded
3,374,374,01-08,+100.0%,+76.59%,0.8830,46,✗ No,budget_exceeded
3,382,366,01-08,+100.0%,+77.41%,0.8871,28,✗ No,budget_exceeded
3,382,382,01-08,+100.0%,+55.21%,0.7760,62,✗ No,budget_exceeded
3,390,366,01-08,+100.0%,+65.45%,0.8272,29,✗ No,budget_exceeded
3,390,378,01-08,+100.0%,+49.33%,0.7467,42,✗ No,budget_exceeded
3,390,390,01-08,+100.0%,+35.79%,0.6789,72,✗ No,budget_exceeded
3,398,366,01-08,+100.0%,+58.57%,0.7929,28,✗ No,budget_exceeded
3,398,377,01-08,+100.0%,+44.29%,0.7214,38,✗ No,budget_exceeded
3,398,388,01-08,+100.0%,+31.57%,0.6579,54,✗ No,budget_exceeded
3,398,398,01-08,+92.3%,+8.61%,0.5430,81,✓ Yes,completed
3,406,366,01-08,+100.0%,+41.66%,0.7083,27,✗ No,budget_exceeded
3,406,374,01-08,+100.0%,+32.98%,0.6649,35,✗ No,budget_exceeded
3,406,382,01-08,+98.9%,+8.36%,0.5418,51,✓ Yes,completed
3,406,390,01-08,+93.3%,+8.64%,0.5432,50,✓ Yes,completed
3,406,398,01-08,+86.1%,+8.55%,0.5428,56,✓ Yes,completed
3,406,406,01-08,+81.8%,+8.05%,0.5402,68,✓ Yes,completed
3,414,366,01-08,+100.0%,+35.27%,0.6763,27,✗ No,budget_exceeded
3,414,374,01-08,+98.1%,+8.20%,0.5410,35,✓ Yes,completed
3,414,382,01-08,+92.0%,+8.48%,0.5424,40,✓ Yes,completed
3,414,390,01-08,+87.7%,+8.48%,0.5424,42,✓ Yes,completed
3,414,398,01-08,+81.5%,+8.03%,0.5402,47,✓ Yes,completed
3,414,406,01-08,+77.0%,+7.83%,0.5391,51,✓ Yes,completed
3,414,414,01-08,+71.3%,+7.47%,0.5374,65,✓ Yes,completed
3,422,366,01-08,+90.2%,+8.18%,0.5409,20,✓ Yes,completed
3,422,374,01-08,+87.1%,+8.18%,0.5409,21,✓ Yes,completed
3,422,382,01-08,+82.7%,+7.91%,0.5395,27,✓ Yes,completed
3,422,390,01-08,+79.3%,+7.80%,0.5390,30,✓ Yes,completed
3,422,398,01-08,+73.6%,+7.38%,0.5369,32,✓ Yes,completed
3,422,406,01-08,+70.5%,+7.46%,0.5373,33,✓ Yes,completed
3,422,414,01-08,+66.1%,+7.37%,0.5368,37,✓ Yes,completed
3,422,422,01-08,+63.1%,+7.36%,0.5368,48,✓ Yes,completed
3,430,366,01-08,+82.4%,+7.57%,0.5378,17,✓ Yes,completed
3,430,374,01-08,+79.8%,+7.50%,0.5375,18,✓ Yes,completed
3,430,382,01-08,+75.3%,+7.21%,0.5361,22,✓ Yes,completed
3,430,390,01-08,+72.0%,+7.23%,0.5361,24,✓ Yes,completed
3,430,398,01-08,+67.7%,+7.28%,0.5364,26,✓ Yes,completed
3,430,406,01-08,+65.3%,+7.25%,0.5362,28,✓ Yes,completed
3,430,414,01-08,+61.4%,+7.32%,0.5366,29,✓ Yes,completed
3,430,422,01-08,+58.8%,+7.43%,0.5371,30,✓ Yes,completed
3,430,430,01-08,+54.4%,+7.16%,0.5358,46,✓ Yes,completed
3,438,366,01-08,+75.1%,+6.90%,0.5345,12,✓ Yes,completed
3,438,374,01-08,+72.2%,+6.95%,0.5347,12,✓ Yes,completed
3,438,382,01-08,+65.6%,+6.94%,0.5347,14,✓ Yes,completed
3,438,390,01-08,+61.3%,+7.09%,0.5355,15,✓ Yes,completed
3,438,398,01-08,+59.5%,+7.22%,0.5361,17,✓ Yes,completed
3,438,406,01-08,+57.9%,+7.33%,0.5366,19,✓ Yes,completed
3,438,414,01-08,+56.4%,+7.35%,0.5368,21,✓ Yes,completed
3,438,422,01-08,+55.0%,+7.28%,0.5364,23,✓ Yes,completed
3,438,430,01-08,+50.9%,+7.08%,0.5354,32,✓ Yes,completed
3,438,438,01-08,+47.1%,+6.69%,0.5335,39,✓ Yes,completed
4,374,350,01-01,+100.0%,+89.58%,0.9479,6,✗ No,budget_exceeded
4,374,354,01-01,+100.0%,+88.79%,0.9440,8,✗ No,budget_exceeded
4,374,358,01-01,+100.0%,+88.56%,0.9428,8,✗ No,budget_exceeded
4,374,362,01-01,+100.0%,+88.17%,0.9408,9,✗ No,budget_exceeded
4,374,366,01-01,+100.0%,+86.51%,0.9325,14,✗ No,budget_exceeded
4,374,370,01-01,+100.0%,+85.37%,0.9268,17,✗ No,budget_exceeded
4,374,374,01-01,+100.0%,+84.07%,0.9203,30,✗ No,budget_exceeded
4,378,350,01-01,+100.0%,+89.52%,0.9476,6,✗ No,budget_exceeded
4,378,354,01-01,+100.0%,+89.15%,0.9458,7,✗ No,budget_exceeded
4,378,357,01-01,+100.0%,+88.51%,0.9425,8,✗ No,budget_exceeded
4,378,361,01-01,+100.0%,+88.36%,0.9418,8,✗ No,budget_exceeded
4,378,364,01-01,+100.0%,+87.24%,0.9362,10,✓ Yes,budget_exceeded
4,378,368,01-01,+100.0%,+86.26%,0.9313,14,✗ No,budget_exceeded
4,378,371,01-01,+100.0%,+85.03%,0.9251,16,✗ No,budget_exceeded
4,378,374,01-01,+100.0%,+83.40%,0.9170,21,✗ No,budget_exceeded
4,378,378,01-01,+100.0%,+82.11%,0.9106,27,✗ No,budget_exceeded
4,381,350,01-01,+100.0%,+88.78%,0.9439,7,✗ No,budget_exceeded
4,381,354,01-01,+100.0%,+88.41%,0.9420,8,✗ No,budget_exceeded
4,381,357,01-01,+100.0%,+88.07%,0.9404,8,✗ No,budget_exceeded
4,381,361,01-01,+100.0%,+87.93%,0.9397,8,✗ No,budget_exceeded
4,381,364,01-01,+100.0%,+86.74%,0.9337,11,✗ No,budget_exceeded
4,381,368,01-01,+100.0%,+85.28%,0.9264,15,✗ No,budget_exceeded
4,381,371,01-01,+100.0%,+83.90%,0.9195,17,✗ No,budget_exceeded
4,381,375,01-01,+100.0%,+82.40%,0.9120,22,✗ No,budget_exceeded
4,381,378,01-01,+100.0%,+80.59%,0.9030,26,✗ No,budget_exceeded
4,381,381,01-01,+100.0%,+76.53%,0.8827,40,✗ No,budget_exceeded
4,385,350,01-01,+100.0%,+88.62%,0.9431,7,✗ No,budget_exceeded
4,385,354,01-01,+100.0%,+88.25%,0.9413,8,✗ No,budget_exceeded
4,385,357,01-01,+100.0%,+87.92%,0.9396,8,✗ No,budget_exceeded
4,385,361,01-01,+100.0%,+87.21%,0.9360,9,✗ No,budget_exceeded
4,385,364,01-01,+100.0%,+86.51%,0.9326,11,✗ No,budget_exceeded
4,385,368,01-01,+100.0%,+85.05%,0.9253,15,✗ No,budget_exceeded
4,385,371,01-01,+100.0%,+83.54%,0.9177,16,✗ No,budget_exceeded
4,385,375,01-01,+100.0%,+81.14%,0.9057,21,✗ No,budget_exceeded
4,385,378,01-01,+100.0%,+77.24%,0.8862,26,✗ No,budget_exceeded
4,385,382,01-01,+100.0%,+75.73%,0.8787,30,✗ No,budget_exceeded
4,385,385,01-01,+100.0%,+72.98%,0.8649,40,✗ No,budget_exceeded
4,389,350,01-01,+100.0%,+88.57%,0.9428,7,✗ No,budget_exceeded
4,389,354,01-01,+100.0%,+88.20%,0.9410,8,✗ No,budget_exceeded
4,389,357,01-01,+100.0%,+87.86%,0.9393,8,✗ No,budget_exceeded
4,389,361,01-01,+100.0%,+87.16%,0.9358,9,✗ No,budget_exceeded
4,389,364,01-01,+100.0%,+86.46%,0.9323,11,✗ No,budget_exceeded
4,389,368,01-01,+100.0%,+84.90%,0.9245,15,✗ No,budget_exceeded
4,389,371,01-01,+100.0%,+83.38%,0.9169,16,✗ No,budget_exceeded
4,389,375,01-01,+100.0%,+80.95%,0.9047,21,✗ No,budget_exceeded
4,389,378,01-01,+100.0%,+76.18%,0.8809,26,✗ No,budget_exceeded
4,389,382,01-01,+100.0%,+74.62%,0.8731,30,✗ No,budget_exceeded
4,389,385,01-01,+100.0%,+72.34%,0.8617,35,✗ No,budget_exceeded
4,389,389,01-01,+100.0%,+70.81%,0.8540,47,✗ No,budget_exceeded
4,392,350,01-01,+100.0%,+88.48%,0.9424,7,✗ No,budget_exceeded
4,392,354,01-01,+100.0%,+88.12%,0.9406,8,✗ No,budget_exceeded
4,392,357,01-01,+100.0%,+87.78%,0.9389,8,✗ No,budget_exceeded
4,392,361,01-01,+100.0%,+87.04%,0.9352,9,✗ No,budget_exceeded
4,392,364,01-01,+100.0%,+86.34%,0.9317,11,✗ No,budget_exceeded
4,392,368,01-01,+100.0%,+84.12%,0.9206,16,✗ No,budget_exceeded
4,392,371,01-01,+100.0%,+82.60%,0.9130,17,✗ No,budget_exceeded
4,392,375,01-01,+100.0%,+80.63%,0.9031,21,✗ No,budget_exceeded
4,392,378,01-01,+100.0%,+75.67%,0.8784,26,✗ No,budget_exceeded
4,392,382,01-01,+100.0%,+74.04%,0.8702,30,✗ No,budget_exceeded
4,392,385,01-01,+100.0%,+70.91%,0.8546,36,✗ No,budget_exceeded
4,392,389,01-01,+100.0%,+69.24%,0.8462,40,✗ No,budget_exceeded
4,392,392,01-01,+100.0%,+54.50%,0.7725,59,✗ No,budget_exceeded
4,396,350,01-01,+100.0%,+88.34%,0.9417,7,✗ No,budget_exceeded
4,396,354,01-01,+100.0%,+87.98%,0.9399,8,✗ No,budget_exceeded
4,396,357,01-01,+100.0%,+87.05%,0.9352,9,✗ No,budget_exceeded
4,396,361,01-01,+100.0%,+86.88%,0.9344,9,✗ No,budget_exceeded
4,396,364,01-01,+100.0%,+85.66%,0.9283,12,✗ No,budget_exceeded
4,396,368,01-01,+100.0%,+83.72%,0.9186,15,✗ No,budget_exceeded
4,396,371,01-01,+100.0%,+82.27%,0.9114,16,✗ No,budget_exceeded
4,396,375,01-01,+100.0%,+80.30%,0.9015,20,✗ No,budget_exceeded
4,396,378,01-01,+100.0%,+74.67%,0.8733,26,✗ No,budget_exceeded
4,396,382,01-01,+100.0%,+73.07%,0.8653,30,✗ No,budget_exceeded
4,396,385,01-01,+100.0%,+69.83%,0.8492,35,✗ No,budget_exceeded
4,396,389,01-01,+100.0%,+65.54%,0.8277,41,✗ No,budget_exceeded
4,396,392,01-01,+100.0%,+47.63%,0.7381,49,✗ No,budget_exceeded
4,396,396,01-01,+100.0%,+44.61%,0.7230,68,✗ No,budget_exceeded
4,399,350,01-01,+100.0%,+88.31%,0.9415,7,✗ No,budget_exceeded
4,399,354,01-01,+100.0%,+87.87%,0.9394,8,✗ No,budget_exceeded
4,399,357,01-01,+100.0%,+86.92%,0.9346,9,✗ No,budget_exceeded
4,399,361,01-01,+100.0%,+86.75%,0.9337,9,✗ No,budget_exceeded
4,399,364,01-01,+100.0%,+85.50%,0.9275,12,✗ No,budget_exceeded
4,399,368,01-01,+100.0%,+83.55%,0.9178,15,✗ No,budget_exceeded
4,399,371,01-01,+100.0%,+82.10%,0.9105,16,✗ No,budget_exceeded
4,399,375,01-01,+100.0%,+76.38%,0.8819,21,✗ No,budget_exceeded
4,399,378,01-01,+100.0%,+74.04%,0.8702,24,✗ No,budget_exceeded
4,399,382,01-01,+100.0%,+72.30%,0.8615,28,✗ No,budget_exceeded
4,399,385,01-01,+100.0%,+66.95%,0.8347,34,✗ No,budget_exceeded
4,399,389,01-01,+100.0%,+64.75%,0.8237,39,✗ No,budget_exceeded
4,399,392,01-01,+100.0%,+46.01%,0.7300,48,✗ No,budget_exceeded
4,399,396,01-01,+100.0%,+31.56%,0.6578,60,✗ No,budget_exceeded
4,399,399,01-01,+100.0%,+25.10%,0.6255,80,✗ No,budget_exceeded
4,403,350,01-01,+100.0%,+85.05%,0.9252,8,✗ No,budget_exceeded
4,403,354,01-01,+100.0%,+83.99%,0.9199,10,✗ No,budget_exceeded
4,403,357,01-01,+100.0%,+83.65%,0.9182,10,✗ No,budget_exceeded
4,403,361,01-01,+100.0%,+83.48%,0.9174,10,✗ No,budget_exceeded
4,403,364,01-01,+100.0%,+82.20%,0.9110,13,✗ No,budget_exceeded
4,403,368,01-01,+100.0%,+80.70%,0.9035,16,✗ No,budget_exceeded
4,403,371,01-01,+100.0%,+76.17%,0.8809,17,✗ No,budget_exceeded
4,403,375,01-01,+100.0%,+74.01%,0.8700,21,✗ No,budget_exceeded
4,403,378,01-01,+100.0%,+71.56%,0.8578,24,✗ No,budget_exceeded
4,403,382,01-01,+100.0%,+69.71%,0.8486,28,✗ No,budget_exceeded
4,403,385,01-01,+100.0%,+49.36%,0.7468,35,✓ Yes,budget_exceeded
4,403,389,01-01,+100.0%,+46.39%,0.7320,42,✗ No,budget_exceeded
4,403,393,01-01,+100.0%,+32.27%,0.6613,51,✗ No,budget_exceeded
4,403,396,01-01,+100.0%,+21.10%,0.6055,63,✗ No,budget_exceeded
4,403,400,01-01,+99.1%,+9.08%,0.5454,69,✓ Yes,completed
4,403,403,01-01,+96.9%,+8.83%,0.5441,76,✓ Yes,completed
4,407,350,01-01,+100.0%,+84.90%,0.9245,8,✗ No,budget_exceeded
4,407,354,01-01,+100.0%,+83.21%,0.9160,10,✗ No,budget_exceeded
4,407,357,01-01,+100.0%,+82.38%,0.9119,11,✗ No,budget_exceeded
4,407,361,01-01,+100.0%,+82.14%,0.9107,11,✗ No,budget_exceeded
4,407,364,01-01,+100.0%,+80.04%,0.9002,14,✗ No,budget_exceeded
4,407,368,01-01,+100.0%,+75.53%,0.8776,17,✗ No,budget_exceeded
4,407,371,01-01,+100.0%,+73.96%,0.8698,18,✗ No,budget_exceeded
4,407,375,01-01,+100.0%,+71.38%,0.8569,23,✗ No,budget_exceeded
4,407,378,01-01,+100.0%,+69.39%,0.8469,25,✗ No,budget_exceeded
4,407,382,01-01,+100.0%,+47.28%,0.7364,35,✗ No,budget_exceeded
4,407,386,01-01,+100.0%,+45.44%,0.7272,36,✗ No,budget_exceeded
4,407,389,01-01,+100.0%,+31.63%,0.6582,43,✗ No,budget_exceeded
4,407,393,01-01,+100.0%,+22.35%,0.6118,49,✗ No,budget_exceeded
4,407,396,01-01,+98.8%,+9.06%,0.5453,55,✓ Yes,completed
4,407,400,01-01,+96.7%,+8.81%,0.5440,59,✓ Yes,completed
4,407,403,01-01,+94.8%,+8.63%,0.5432,60,✓ Yes,completed
4,407,407,01-01,+92.7%,+8.54%,0.5427,73,✓ Yes,completed
4,374,350,01-02,+100.0%,+88.81%,0.9440,8,✗ No,budget_exceeded
4,374,354,01-02,+100.0%,+88.60%,0.9430,8,✗ No,budget_exceeded
4,374,358,01-02,+100.0%,+88.47%,0.9424,8,✗ No,budget_exceeded
4,374,362,01-02,+100.0%,+88.02%,0.9401,9,✗ No,budget_exceeded
4,374,366,01-02,+100.0%,+86.43%,0.9321,14,✗ No,budget_exceeded
4,374,370,01-02,+100.0%,+85.28%,0.9264,17,✗ No,budget_exceeded
4,374,374,01-02,+100.0%,+84.03%,0.9201,30,✗ No,budget_exceeded
4,378,350,01-02,+100.0%,+88.68%,0.9434,8,✗ No,budget_exceeded
4,378,354,01-02,+100.0%,+88.53%,0.9427,8,✗ No,budget_exceeded
4,378,357,01-02,+100.0%,+88.35%,0.9417,8,✗ No,budget_exceeded
4,378,361,01-02,+100.0%,+88.19%,0.9409,8,✗ No,budget_exceeded
4,378,364,01-02,+100.0%,+87.14%,0.9357,11,✗ No,budget_exceeded
4,378,368,01-02,+100.0%,+85.67%,0.9283,15,✗ No,budget_exceeded
4,378,371,01-02,+100.0%,+84.92%,0.9246,16,✗ No,budget_exceeded
4,378,374,01-02,+100.0%,+83.36%,0.9168,21,✗ No,budget_exceeded
4,378,378,01-02,+100.0%,+81.92%,0.9096,27,✗ No,budget_exceeded
4,381,350,01-02,+100.0%,+88.24%,0.9412,8,✗ No,budget_exceeded
4,381,354,01-02,+100.0%,+88.10%,0.9405,8,✗ No,budget_exceeded
4,381,357,01-02,+100.0%,+87.91%,0.9396,8,✗ No,budget_exceeded
4,381,361,01-02,+100.0%,+87.27%,0.9364,9,✗ No,budget_exceeded
4,381,364,01-02,+100.0%,+86.64%,0.9332,11,✗ No,budget_exceeded
4,381,368,01-02,+100.0%,+85.17%,0.9258,15,✗ No,budget_exceeded
4,381,371,01-02,+100.0%,+83.86%,0.9193,17,✗ No,budget_exceeded
4,381,375,01-02,+100.0%,+82.28%,0.9114,22,✗ No,budget_exceeded
4,381,378,01-02,+100.0%,+77.94%,0.8897,29,✗ No,budget_exceeded
4,381,381,01-02,+100.0%,+76.43%,0.8822,40,✗ No,budget_exceeded
4,385,350,01-02,+100.0%,+88.09%,0.9404,8,✗ No,budget_exceeded
4,385,354,01-02,+100.0%,+87.94%,0.9397,8,✗ No,budget_exceeded
4,385,357,01-02,+100.0%,+87.76%,0.9388,8,✗ No,budget_exceeded
4,385,361,01-02,+100.0%,+87.11%,0.9356,9,✗ No,budget_exceeded
4,385,364,01-02,+100.0%,+86.41%,0.9321,11,✗ No,budget_exceeded
4,385,368,01-02,+100.0%,+84.94%,0.9247,15,✗ No,budget_exceeded
4,385,371,01-02,+100.0%,+83.43%,0.9172,16,✗ No,budget_exceeded
4,385,375,01-02,+100.0%,+79.34%,0.8967,21,✗ No,budget_exceeded
4,385,378,01-02,+100.0%,+76.51%,0.8826,27,✗ No,budget_exceeded
4,385,382,01-02,+100.0%,+75.57%,0.8778,30,✗ No,budget_exceeded
4,385,385,01-02,+100.0%,+72.94%,0.8647,40,✗ No,budget_exceeded
4,389,350,01-02,+100.0%,+88.03%,0.9402,8,✗ No,budget_exceeded
4,389,354,01-02,+100.0%,+87.89%,0.9394,8,✗ No,budget_exceeded
4,389,357,01-02,+100.0%,+87.29%,0.9364,9,✗ No,budget_exceeded
4,389,361,01-02,+100.0%,+87.06%,0.9353,9,✗ No,budget_exceeded
4,389,364,01-02,+100.0%,+86.36%,0.9318,11,✗ No,budget_exceeded
4,389,368,01-02,+100.0%,+84.23%,0.9211,16,✗ No,budget_exceeded
4,389,371,01-02,+100.0%,+82.70%,0.9135,17,✗ No,budget_exceeded
4,389,375,01-02,+100.0%,+77.98%,0.8899,22,✗ No,budget_exceeded
4,389,378,01-02,+100.0%,+76.02%,0.8801,26,✗ No,budget_exceeded
4,389,382,01-02,+100.0%,+74.62%,0.8731,30,✗ No,budget_exceeded
4,389,385,01-02,+100.0%,+71.74%,0.8587,36,✗ No,budget_exceeded
4,389,389,01-02,+100.0%,+70.14%,0.8507,48,✗ No,budget_exceeded
4,392,350,01-02,+100.0%,+87.91%,0.9396,8,✗ No,budget_exceeded
4,392,354,01-02,+100.0%,+87.77%,0.9388,8,✗ No,budget_exceeded
4,392,357,01-02,+100.0%,+87.16%,0.9358,9,✗ No,budget_exceeded
4,392,361,01-02,+100.0%,+86.94%,0.9347,9,✗ No,budget_exceeded
4,392,364,01-02,+100.0%,+85.68%,0.9284,12,✗ No,budget_exceeded
4,392,368,01-02,+100.0%,+84.00%,0.9200,16,✗ No,budget_exceeded
4,392,371,01-02,+100.0%,+82.48%,0.9124,17,✗ No,budget_exceeded
4,392,375,01-02,+100.0%,+77.59%,0.8879,22,✗ No,budget_exceeded
4,392,378,01-02,+100.0%,+75.00%,0.8750,27,✗ No,budget_exceeded
4,392,382,01-02,+100.0%,+73.98%,0.8699,30,✗ No,budget_exceeded
4,392,385,01-02,+100.0%,+70.89%,0.8544,36,✗ No,budget_exceeded
4,392,389,01-02,+100.0%,+66.71%,0.8335,42,✗ No,budget_exceeded
4,392,392,01-02,+100.0%,+49.04%,0.7452,59,✗ No,budget_exceeded
4,396,350,01-02,+100.0%,+87.76%,0.9388,8,✗ No,budget_exceeded
4,396,354,01-02,+100.0%,+87.15%,0.9358,9,✗ No,budget_exceeded
4,396,357,01-02,+100.0%,+86.97%,0.9348,9,✗ No,budget_exceeded
4,396,361,01-02,+100.0%,+86.74%,0.9337,9,✗ No,budget_exceeded
4,396,364,01-02,+100.0%,+85.49%,0.9274,12,✗ No,budget_exceeded
4,396,368,01-02,+100.0%,+83.61%,0.9180,15,✗ No,budget_exceeded
4,396,371,01-02,+100.0%,+82.15%,0.9108,16,✗ No,budget_exceeded
4,396,375,01-02,+100.0%,+77.26%,0.8863,21,✗ No,budget_exceeded
4,396,378,01-02,+100.0%,+74.60%,0.8730,26,✗ No,budget_exceeded
4,396,382,01-02,+100.0%,+72.97%,0.8648,30,✗ No,budget_exceeded
4,396,385,01-02,+100.0%,+67.26%,0.8363,36,✓ Yes,budget_exceeded
4,396,389,01-02,+100.0%,+56.25%,0.7812,41,✓ Yes,budget_exceeded
4,396,392,01-02,+100.0%,+47.76%,0.7388,48,✗ No,budget_exceeded
4,396,396,01-02,+100.0%,+39.29%,0.6964,69,✗ No,budget_exceeded
4,399,350,01-02,+100.0%,+87.21%,0.9360,9,✗ No,budget_exceeded
4,399,354,01-02,+100.0%,+87.06%,0.9353,9,✗ No,budget_exceeded
4,399,357,01-02,+100.0%,+86.87%,0.9344,9,✗ No,budget_exceeded
4,399,361,01-02,+100.0%,+86.65%,0.9332,9,✗ No,budget_exceeded
4,399,364,01-02,+100.0%,+85.39%,0.9269,12,✗ No,budget_exceeded
4,399,368,01-02,+100.0%,+83.51%,0.9175,15,✗ No,budget_exceeded
4,399,371,01-02,+100.0%,+81.98%,0.9099,16,✗ No,budget_exceeded
4,399,375,01-02,+100.0%,+76.29%,0.8814,21,✗ No,budget_exceeded
4,399,378,01-02,+100.0%,+74.05%,0.8703,24,✗ No,budget_exceeded
4,399,382,01-02,+100.0%,+71.65%,0.8583,29,✗ No,budget_exceeded
4,399,385,01-02,+100.0%,+66.51%,0.8326,35,✗ No,budget_exceeded
4,399,389,01-02,+100.0%,+49.44%,0.7472,43,✗ No,budget_exceeded
4,399,392,01-02,+100.0%,+46.18%,0.7309,47,✗ No,budget_exceeded
4,399,396,01-02,+100.0%,+29.96%,0.6498,61,✗ No,budget_exceeded
4,399,399,01-02,+100.0%,+23.94%,0.6197,79,✗ No,budget_exceeded
4,403,350,01-02,+100.0%,+83.93%,0.9197,10,✗ No,budget_exceeded
4,403,354,01-02,+100.0%,+83.78%,0.9189,10,✗ No,budget_exceeded
4,403,357,01-02,+100.0%,+83.60%,0.9180,10,✗ No,budget_exceeded
4,403,361,01-02,+100.0%,+83.38%,0.9169,10,✗ No,budget_exceeded
4,403,364,01-02,+100.0%,+82.01%,0.9101,13,✗ No,budget_exceeded
4,403,368,01-02,+100.0%,+77.58%,0.8879,16,✗ No,budget_exceeded
4,403,371,01-02,+100.0%,+76.03%,0.8801,17,✗ No,budget_exceeded
4,403,375,01-02,+100.0%,+74.07%,0.8703,21,✗ No,budget_exceeded
4,403,378,01-02,+100.0%,+71.46%,0.8573,24,✗ No,budget_exceeded
4,403,382,01-02,+100.0%,+67.07%,0.8353,30,✗ No,budget_exceeded
4,403,385,01-02,+100.0%,+49.07%,0.7453,37,✗ No,budget_exceeded
4,403,389,01-02,+100.0%,+46.29%,0.7314,42,✗ No,budget_exceeded
4,403,393,01-02,+100.0%,+33.22%,0.6661,49,✗ No,budget_exceeded
4,403,396,01-02,+100.0%,+22.14%,0.6107,61,✗ No,budget_exceeded
4,403,400,01-02,+98.5%,+9.21%,0.5461,67,✓ Yes,completed
4,403,403,01-02,+96.4%,+9.10%,0.5455,72,✓ Yes,completed
4,407,350,01-02,+100.0%,+83.15%,0.9158,10,✗ No,budget_exceeded
4,407,354,01-02,+100.0%,+81.66%,0.9083,11,✗ No,budget_exceeded
4,407,357,01-02,+100.0%,+77.85%,0.8892,12,✗ No,budget_exceeded
4,407,361,01-02,+100.0%,+77.62%,0.8881,12,✗ No,budget_exceeded
4,407,364,01-02,+100.0%,+76.24%,0.8812,15,✗ No,budget_exceeded
4,407,368,01-02,+100.0%,+75.42%,0.8771,17,✗ No,budget_exceeded
4,407,371,01-02,+100.0%,+74.04%,0.8702,18,✗ No,budget_exceeded
4,407,375,01-02,+100.0%,+71.35%,0.8568,23,✗ No,budget_exceeded
4,407,378,01-02,+100.0%,+66.47%,0.8323,26,✗ No,budget_exceeded
4,407,382,01-02,+100.0%,+47.23%,0.7361,35,✗ No,budget_exceeded
4,407,386,01-02,+100.0%,+33.84%,0.6692,39,✗ No,budget_exceeded
4,407,389,01-02,+100.0%,+32.25%,0.6612,42,✗ No,budget_exceeded
4,407,393,01-02,+100.0%,+22.72%,0.6136,49,✗ No,budget_exceeded
4,407,396,01-02,+98.2%,+9.23%,0.5461,54,✓ Yes,completed
4,407,400,01-02,+96.2%,+9.10%,0.5455,58,✓ Yes,completed
4,407,403,01-02,+94.4%,+8.91%,0.5446,59,✓ Yes,completed
4,407,407,01-02,+92.4%,+8.70%,0.5435,72,✓ Yes,completed
4,374,350,01-03,+100.0%,+88.39%,0.9419,9,✗ No,budget_exceeded
4,374,354,01-03,+100.0%,+88.18%,0.9409,9,✗ No,budget_exceeded
4,374,358,01-03,+100.0%,+88.05%,0.9403,9,✗ No,budget_exceeded
4,374,362,01-03,+100.0%,+86.99%,0.9349,11,✗ No,budget_exceeded
4,374,366,01-03,+100.0%,+85.39%,0.9269,16,✗ No,budget_exceeded
4,374,370,01-03,+100.0%,+84.26%,0.9213,19,✗ No,budget_exceeded
4,374,374,01-03,+100.0%,+83.49%,0.9175,31,✗ No,budget_exceeded
4,378,350,01-03,+100.0%,+88.25%,0.9413,9,✗ No,budget_exceeded
4,378,354,01-03,+100.0%,+88.11%,0.9405,9,✗ No,budget_exceeded
4,378,357,01-03,+100.0%,+87.92%,0.9396,9,✗ No,budget_exceeded
4,378,361,01-03,+100.0%,+87.14%,0.9357,10,✗ No,budget_exceeded
4,378,364,01-03,+100.0%,+86.58%,0.9329,12,✗ No,budget_exceeded
4,378,368,01-03,+100.0%,+85.17%,0.9258,16,✗ No,budget_exceeded
4,378,371,01-03,+100.0%,+83.85%,0.9192,18,✗ No,budget_exceeded
4,378,374,01-03,+100.0%,+81.04%,0.9052,25,✗ No,budget_exceeded
4,378,378,01-03,+100.0%,+79.14%,0.8957,33,✗ No,budget_exceeded
4,381,350,01-03,+100.0%,+87.26%,0.9363,10,✗ No,budget_exceeded
4,381,354,01-03,+100.0%,+87.11%,0.9356,10,✗ No,budget_exceeded
4,381,357,01-03,+100.0%,+86.93%,0.9347,10,✗ No,budget_exceeded
4,381,361,01-03,+100.0%,+86.71%,0.9335,10,✗ No,budget_exceeded
4,381,364,01-03,+100.0%,+85.58%,0.9279,13,✗ No,budget_exceeded
4,381,368,01-03,+100.0%,+84.09%,0.9205,17,✗ No,budget_exceeded
4,381,371,01-03,+100.0%,+81.88%,0.9094,19,✗ No,budget_exceeded
4,381,375,01-03,+100.0%,+79.35%,0.8968,26,✗ No,budget_exceeded
4,381,378,01-03,+100.0%,+77.37%,0.8868,30,✗ No,budget_exceeded
4,381,381,01-03,+100.0%,+75.97%,0.8798,41,✗ No,budget_exceeded
4,385,350,01-03,+100.0%,+87.10%,0.9355,10,✗ No,budget_exceeded
4,385,354,01-03,+100.0%,+86.96%,0.9348,10,✗ No,budget_exceeded
4,385,357,01-03,+100.0%,+86.77%,0.9339,10,✗ No,budget_exceeded
4,385,361,01-03,+100.0%,+86.55%,0.9327,10,✗ No,budget_exceeded
4,385,364,01-03,+100.0%,+85.29%,0.9264,13,✗ No,budget_exceeded
4,385,368,01-03,+100.0%,+83.80%,0.9190,17,✗ No,budget_exceeded
4,385,371,01-03,+100.0%,+80.59%,0.9029,18,✗ No,budget_exceeded
4,385,375,01-03,+100.0%,+77.87%,0.8893,24,✗ No,budget_exceeded
4,385,378,01-03,+100.0%,+76.04%,0.8802,28,✗ No,budget_exceeded
4,385,382,01-03,+100.0%,+74.54%,0.8727,32,✗ No,budget_exceeded
4,385,385,01-03,+100.0%,+71.75%,0.8587,43,✗ No,budget_exceeded
4,389,350,01-03,+100.0%,+87.05%,0.9353,10,✗ No,budget_exceeded
4,389,354,01-03,+100.0%,+86.91%,0.9345,10,✗ No,budget_exceeded
4,389,357,01-03,+100.0%,+86.72%,0.9336,10,✗ No,budget_exceeded
4,389,361,01-03,+100.0%,+86.50%,0.9325,10,✗ No,budget_exceeded
4,389,364,01-03,+100.0%,+85.24%,0.9262,13,✗ No,budget_exceeded
4,389,368,01-03,+100.0%,+83.64%,0.9182,17,✗ No,budget_exceeded
4,389,371,01-03,+100.0%,+79.27%,0.8963,19,✗ No,budget_exceeded
4,389,375,01-03,+100.0%,+77.34%,0.8867,23,✗ No,budget_exceeded
4,389,378,01-03,+100.0%,+75.55%,0.8777,27,✗ No,budget_exceeded
4,389,382,01-03,+100.0%,+74.04%,0.8702,31,✗ No,budget_exceeded
4,389,385,01-03,+100.0%,+68.75%,0.8438,40,✗ No,budget_exceeded
4,389,389,01-03,+100.0%,+62.82%,0.8141,53,✗ No,budget_exceeded
4,392,350,01-03,+100.0%,+86.93%,0.9347,10,✗ No,budget_exceeded
4,392,354,01-03,+100.0%,+86.79%,0.9339,10,✗ No,budget_exceeded
4,392,357,01-03,+100.0%,+86.60%,0.9330,10,✗ No,budget_exceeded
4,392,361,01-03,+100.0%,+85.82%,0.9291,11,✗ No,budget_exceeded
4,392,364,01-03,+100.0%,+85.12%,0.9256,13,✗ No,budget_exceeded
4,392,368,01-03,+100.0%,+83.42%,0.9171,17,✗ No,budget_exceeded
4,392,371,01-03,+100.0%,+78.97%,0.8949,19,✗ No,budget_exceeded
4,392,375,01-03,+100.0%,+76.48%,0.8824,24,✗ No,budget_exceeded
4,392,378,01-03,+100.0%,+74.42%,0.8721,28,✗ No,budget_exceeded
4,392,382,01-03,+100.0%,+72.85%,0.8642,32,✗ No,budget_exceeded
4,392,385,01-03,+100.0%,+62.87%,0.8143,40,✗ No,budget_exceeded
4,392,389,01-03,+100.0%,+50.89%,0.7545,47,✗ No,budget_exceeded
4,392,392,01-03,+100.0%,+47.77%,0.7389,61,✗ No,budget_exceeded
4,396,350,01-03,+100.0%,+86.73%,0.9337,10,✗ No,budget_exceeded
4,396,354,01-03,+100.0%,+86.59%,0.9329,10,✗ No,budget_exceeded
4,396,357,01-03,+100.0%,+86.40%,0.9320,10,✗ No,budget_exceeded
4,396,361,01-03,+100.0%,+85.62%,0.9281,11,✗ No,budget_exceeded
4,396,364,01-03,+100.0%,+84.92%,0.9246,13,✗ No,budget_exceeded
4,396,368,01-03,+100.0%,+79.59%,0.8980,18,✗ No,budget_exceeded
4,396,371,01-03,+100.0%,+78.04%,0.8902,19,✗ No,budget_exceeded
4,396,375,01-03,+100.0%,+76.15%,0.8808,23,✗ No,budget_exceeded
4,396,378,01-03,+100.0%,+74.03%,0.8701,27,✗ No,budget_exceeded
4,396,382,01-03,+100.0%,+70.32%,0.8516,32,✗ No,budget_exceeded
4,396,385,01-03,+100.0%,+52.47%,0.7624,40,✗ No,budget_exceeded
4,396,389,01-03,+100.0%,+49.63%,0.7481,46,✗ No,budget_exceeded
4,396,392,01-03,+100.0%,+41.08%,0.7054,52,✗ No,budget_exceeded
4,396,396,01-03,+100.0%,+34.61%,0.6731,73,✗ No,budget_exceeded
4,399,350,01-03,+100.0%,+86.63%,0.9332,10,✗ No,budget_exceeded
4,399,354,01-03,+100.0%,+86.49%,0.9324,10,✗ No,budget_exceeded
4,399,357,01-03,+100.0%,+85.81%,0.9290,11,✗ No,budget_exceeded
4,399,361,01-03,+100.0%,+85.52%,0.9276,11,✗ No,budget_exceeded
4,399,364,01-03,+100.0%,+84.18%,0.9209,14,✗ No,budget_exceeded
4,399,368,01-03,+100.0%,+79.24%,0.8962,17,✗ No,budget_exceeded
4,399,371,01-03,+100.0%,+77.69%,0.8884,18,✗ No,budget_exceeded
4,399,375,01-03,+100.0%,+75.80%,0.8790,22,✗ No,budget_exceeded
4,399,378,01-03,+100.0%,+72.85%,0.8643,26,✗ No,budget_exceeded
4,399,382,01-03,+100.0%,+68.58%,0.8429,32,✗ No,budget_exceeded
4,399,385,01-03,+100.0%,+50.80%,0.7540,40,✗ No,budget_exceeded
4,399,389,01-03,+100.0%,+48.80%,0.7440,44,✗ No,budget_exceeded
4,399,392,01-03,+100.0%,+35.21%,0.6761,52,✗ No,budget_exceeded
4,399,396,01-03,+100.0%,+25.99%,0.6300,65,✗ No,budget_exceeded
4,399,399,01-03,+100.0%,+16.96%,0.5848,82,✗ No,budget_exceeded
4,403,350,01-03,+100.0%,+83.33%,0.9167,11,✗ No,budget_exceeded
4,403,354,01-03,+100.0%,+79.52%,0.8976,12,✗ No,budget_exceeded
4,403,357,01-03,+100.0%,+79.30%,0.8965,12,✗ No,budget_exceeded
4,403,361,01-03,+100.0%,+79.08%,0.8954,12,✗ No,budget_exceeded
4,403,364,01-03,+100.0%,+77.74%,0.8887,15,✗ No,budget_exceeded
4,403,368,01-03,+100.0%,+76.49%,0.8824,18,✗ No,budget_exceeded
4,403,371,01-03,+100.0%,+75.55%,0.8778,18,✗ No,budget_exceeded
4,403,375,01-03,+100.0%,+72.88%,0.8644,23,✗ No,budget_exceeded
4,403,378,01-03,+100.0%,+68.26%,0.8413,27,✗ No,budget_exceeded
4,403,382,01-03,+100.0%,+52.02%,0.7601,32,✗ No,budget_exceeded
4,403,385,01-03,+100.0%,+47.72%,0.7386,39,✗ No,budget_exceeded
4,403,389,01-03,+100.0%,+35.26%,0.6763,47,✗ No,budget_exceeded
4,403,393,01-03,+100.0%,+28.93%,0.6446,52,✗ No,budget_exceeded
4,403,396,01-03,+99.0%,+9.35%,0.5468,64,✓ Yes,completed
4,403,400,01-03,+96.6%,+9.26%,0.5463,67,✓ Yes,completed
4,403,403,01-03,+94.6%,+9.14%,0.5457,72,✓ Yes,completed
4,407,350,01-03,+100.0%,+77.72%,0.8886,13,✗ No,budget_exceeded
4,407,354,01-03,+100.0%,+77.48%,0.8874,13,✗ No,budget_exceeded
4,407,357,01-03,+100.0%,+77.22%,0.8861,13,✗ No,budget_exceeded
4,407,361,01-03,+100.0%,+76.98%,0.8849,13,✗ No,budget_exceeded
4,407,364,01-03,+100.0%,+75.77%,0.8788,16,✗ No,budget_exceeded
4,407,368,01-03,+100.0%,+74.34%,0.8717,19,✗ No,budget_exceeded
4,407,371,01-03,+100.0%,+72.84%,0.8642,20,✗ No,budget_exceeded
4,407,375,01-03,+100.0%,+67.88%,0.8394,25,✗ No,budget_exceeded
4,407,378,01-03,+100.0%,+49.45%,0.7472,29,✗ No,budget_exceeded
4,407,382,01-03,+100.0%,+35.12%,0.6756,39,✗ No,budget_exceeded
4,407,386,01-03,+100.0%,+33.77%,0.6688,39,✗ No,budget_exceeded
4,407,389,01-03,+100.0%,+28.85%,0.6442,45,✗ No,budget_exceeded
4,407,393,01-03,+99.8%,+9.33%,0.5466,52,✓ Yes,completed
4,407,396,01-03,+96.4%,+9.27%,0.5464,54,✓ Yes,completed
4,407,400,01-03,+94.3%,+9.15%,0.5457,58,✓ Yes,completed
4,407,403,01-03,+92.6%,+8.96%,0.5448,59,✓ Yes,completed
4,407,407,01-03,+90.6%,+8.75%,0.5437,72,✓ Yes,completed
5,371,357,01-01,+100.0%,+88.69%,0.9434,8,✗ No,budget_exceeded
5,371,359,01-01,+100.0%,+88.61%,0.9431,8,✗ No,budget_exceeded
5,371,360,01-01,+100.0%,+88.49%,0.9424,8,✗ No,budget_exceeded
5,371,362,01-01,+100.0%,+88.28%,0.9414,9,✗ No,budget_exceeded
5,371,364,01-01,+100.0%,+88.18%,0.9409,9,✗ No,budget_exceeded
5,371,365,01-01,+100.0%,+87.88%,0.9394,11,✗ No,budget_exceeded
5,371,367,01-01,+100.0%,+87.04%,0.9352,13,✗ No,budget_exceeded
5,371,369,01-01,+100.0%,+86.90%,0.9345,14,✗ No,budget_exceeded
5,371,371,01-01,+100.0%,+85.75%,0.9287,20,✗ No,budget_exceeded
5,372,357,01-01,+100.0%,+88.67%,0.9434,8,✗ No,budget_exceeded
5,372,358,01-01,+100.0%,+88.60%,0.9430,8,✗ No,budget_exceeded
5,372,360,01-01,+100.0%,+88.50%,0.9425,8,✗ No,budget_exceeded
5,372,361,01-01,+100.0%,+88.26%,0.9413,9,✗ No,budget_exceeded
5,372,363,01-01,+100.0%,+88.20%,0.9410,9,✗ No,budget_exceeded
5,372,365,01-01,+100.0%,+87.94%,0.9397,10,✗ No,budget_exceeded
5,372,366,01-01,+100.0%,+87.02%,0.9351,13,✗ No,budget_exceeded
5,372,368,01-01,+100.0%,+86.98%,0.9349,13,✗ No,budget_exceeded
5,372,369,01-01,+100.0%,+86.38%,0.9319,15,✗ No,budget_exceeded
5,372,371,01-01,+100.0%,+85.63%,0.9282,18,✗ No,budget_exceeded
5,372,372,01-01,+100.0%,+85.42%,0.9271,20,✗ No,budget_exceeded
5,374,357,01-01,+100.0%,+88.67%,0.9433,8,✗ No,budget_exceeded
5,374,358,01-01,+100.0%,+88.59%,0.9430,8,✗ No,budget_exceeded
5,374,360,01-01,+100.0%,+88.49%,0.9425,8,✗ No,budget_exceeded
5,374,361,01-01,+100.0%,+88.26%,0.9413,9,✗ No,budget_exceeded
5,374,363,01-01,+100.0%,+88.20%,0.9410,9,✗ No,budget_exceeded
5,374,365,01-01,+100.0%,+87.94%,0.9397,10,✗ No,budget_exceeded
5,374,366,01-01,+100.0%,+86.87%,0.9343,13,✗ No,budget_exceeded
5,374,368,01-01,+100.0%,+86.56%,0.9328,14,✗ No,budget_exceeded
5,374,369,01-01,+100.0%,+85.62%,0.9281,17,✗ No,budget_exceeded
5,374,371,01-01,+100.0%,+85.47%,0.9274,17,✗ No,budget_exceeded
5,374,372,01-01,+100.0%,+85.20%,0.9260,19,✗ No,budget_exceeded
5,374,374,01-01,+100.0%,+85.02%,0.9251,22,✗ No,budget_exceeded
5,375,357,01-01,+100.0%,+88.58%,0.9429,8,✗ No,budget_exceeded
5,375,358,01-01,+100.0%,+88.51%,0.9425,8,✗ No,budget_exceeded
5,375,360,01-01,+100.0%,+88.41%,0.9420,8,✗ No,budget_exceeded
5,375,361,01-01,+100.0%,+88.18%,0.9409,9,✗ No,budget_exceeded
5,375,363,01-01,+100.0%,+88.07%,0.9404,9,✗ No,budget_exceeded
5,375,365,01-01,+100.0%,+87.86%,0.9393,10,✗ No,budget_exceeded
5,375,366,01-01,+100.0%,+86.39%,0.9320,14,✗ No,budget_exceeded
5,375,368,01-01,+100.0%,+86.35%,0.9317,14,✗ No,budget_exceeded
5,375,369,01-01,+100.0%,+85.33%,0.9266,16,✗ No,budget_exceeded
5,375,371,01-01,+100.0%,+85.18%,0.9259,16,✗ No,budget_exceeded
5,375,372,01-01,+100.0%,+84.88%,0.9244,18,✗ No,budget_exceeded
5,375,374,01-01,+100.0%,+84.12%,0.9206,19,✗ No,budget_exceeded
5,375,375,01-01,+100.0%,+83.42%,0.9171,29,✗ No,budget_exceeded
5,377,357,01-01,+100.0%,+88.57%,0.9428,8,✗ No,budget_exceeded
5,377,358,01-01,+100.0%,+88.49%,0.9425,8,✗ No,budget_exceeded
5,377,360,01-01,+100.0%,+88.39%,0.9420,8,✗ No,budget_exceeded
5,377,361,01-01,+100.0%,+88.16%,0.9408,9,✗ No,budget_exceeded
5,377,363,01-01,+100.0%,+88.06%,0.9403,9,✗ No,budget_exceeded
5,377,365,01-01,+100.0%,+87.24%,0.9362,10,✓ Yes,budget_exceeded
5,377,366,01-01,+100.0%,+86.31%,0.9315,14,✗ No,budget_exceeded
5,377,368,01-01,+100.0%,+86.26%,0.9313,14,✗ No,budget_exceeded
5,377,369,01-01,+100.0%,+85.17%,0.9259,16,✗ No,budget_exceeded
5,377,371,01-01,+100.0%,+85.03%,0.9251,16,✗ No,budget_exceeded
5,377,372,01-01,+100.0%,+84.05%,0.9203,19,✗ No,budget_exceeded
5,377,374,01-01,+100.0%,+83.86%,0.9193,19,✗ No,budget_exceeded
5,377,376,01-01,+100.0%,+82.40%,0.9120,24,✗ No,budget_exceeded
5,377,377,01-01,+100.0%,+82.11%,0.9106,27,✗ No,budget_exceeded
5,379,357,01-01,+100.0%,+88.54%,0.9427,8,✗ No,budget_exceeded
5,379,358,01-01,+100.0%,+88.46%,0.9423,8,✗ No,budget_exceeded
5,379,360,01-01,+100.0%,+88.36%,0.9418,8,✗ No,budget_exceeded
5,379,361,01-01,+100.0%,+88.13%,0.9407,9,✗ No,budget_exceeded
5,379,363,01-01,+100.0%,+88.03%,0.9401,9,✗ No,budget_exceeded
5,379,365,01-01,+100.0%,+87.21%,0.9360,11,✗ No,budget_exceeded
5,379,366,01-01,+100.0%,+86.28%,0.9314,14,✗ No,budget_exceeded
5,379,368,01-01,+100.0%,+85.75%,0.9288,15,✗ No,budget_exceeded
5,379,369,01-01,+100.0%,+85.15%,0.9257,16,✗ No,budget_exceeded
5,379,371,01-01,+100.0%,+85.00%,0.9250,16,✗ No,budget_exceeded
5,379,372,01-01,+100.0%,+84.02%,0.9201,19,✗ No,budget_exceeded
5,379,374,01-01,+100.0%,+83.83%,0.9191,19,✗ No,budget_exceeded
5,379,376,01-01,+100.0%,+82.37%,0.9118,24,✗ No,budget_exceeded
5,379,377,01-01,+100.0%,+82.00%,0.9100,25,✗ No,budget_exceeded
5,379,379,01-01,+100.0%,+81.87%,0.9093,29,✗ No,budget_exceeded
5,380,357,01-01,+100.0%,+88.19%,0.9410,8,✗ No,budget_exceeded
5,380,358,01-01,+100.0%,+88.12%,0.9406,8,✗ No,budget_exceeded
5,380,360,01-01,+100.0%,+88.02%,0.9401,8,✗ No,budget_exceeded
5,380,361,01-01,+100.0%,+87.14%,0.9357,10,✗ No,budget_exceeded
5,380,363,01-01,+100.0%,+87.03%,0.9352,10,✗ No,budget_exceeded
5,380,365,01-01,+100.0%,+86.81%,0.9341,11,✗ No,budget_exceeded
5,380,366,01-01,+100.0%,+85.40%,0.9270,15,✗ No,budget_exceeded
5,380,368,01-01,+100.0%,+85.35%,0.9268,15,✗ No,budget_exceeded
5,380,369,01-01,+100.0%,+84.19%,0.9210,17,✗ No,budget_exceeded
5,380,371,01-01,+100.0%,+84.05%,0.9202,17,✗ No,budget_exceeded
5,380,372,01-01,+100.0%,+83.62%,0.9181,19,✗ No,budget_exceeded
5,380,374,01-01,+100.0%,+82.47%,0.9124,22,✗ No,budget_exceeded
5,380,376,01-01,+100.0%,+81.90%,0.9095,24,✗ No,budget_exceeded
5,380,377,01-01,+100.0%,+80.83%,0.9041,26,✗ No,budget_exceeded
5,380,379,01-01,+100.0%,+80.67%,0.9034,26,✗ No,budget_exceeded
5,380,380,01-01,+100.0%,+78.75%,0.8937,35,✗ No,budget_exceeded
5,382,357,01-01,+100.0%,+88.13%,0.9407,8,✗ No,budget_exceeded
5,382,358,01-01,+100.0%,+88.06%,0.9403,8,✗ No,budget_exceeded
5,382,360,01-01,+100.0%,+87.96%,0.9398,8,✗ No,budget_exceeded
5,382,362,01-01,+100.0%,+87.06%,0.9353,10,✗ No,budget_exceeded
5,382,363,01-01,+100.0%,+86.95%,0.9348,10,✗ No,budget_exceeded
5,382,365,01-01,+100.0%,+86.74%,0.9337,11,✗ No,budget_exceeded
5,382,366,01-01,+100.0%,+85.32%,0.9266,15,✗ No,budget_exceeded
5,382,368,01-01,+100.0%,+85.28%,0.9264,15,✗ No,budget_exceeded
5,382,369,01-01,+100.0%,+84.11%,0.9206,17,✗ No,budget_exceeded
5,382,371,01-01,+100.0%,+83.97%,0.9198,17,✗ No,budget_exceeded
5,382,373,01-01,+100.0%,+83.54%,0.9177,19,✗ No,budget_exceeded
5,382,374,01-01,+100.0%,+82.40%,0.9120,22,✗ No,budget_exceeded
5,382,376,01-01,+100.0%,+81.82%,0.9091,24,✗ No,budget_exceeded
5,382,377,01-01,+100.0%,+80.75%,0.9038,26,✗ No,budget_exceeded
5,382,379,01-01,+100.0%,+80.59%,0.9030,26,✗ No,budget_exceeded
5,382,380,01-01,+100.0%,+77.89%,0.8894,31,✗ No,budget_exceeded
5,382,382,01-01,+100.0%,+76.53%,0.8827,40,✗ No,budget_exceeded
5,384,357,01-01,+100.0%,+88.00%,0.9400,8,✗ No,budget_exceeded
5,384,358,01-01,+100.0%,+87.93%,0.9396,8,✗ No,budget_exceeded
5,384,360,01-01,+100.0%,+87.83%,0.9391,8,✗ No,budget_exceeded
5,384,362,01-01,+100.0%,+86.94%,0.9347,10,✗ No,budget_exceeded
5,384,363,01-01,+100.0%,+86.82%,0.9341,10,✗ No,budget_exceeded
5,384,365,01-01,+100.0%,+86.54%,0.9327,11,✗ No,budget_exceeded
5,384,366,01-01,+100.0%,+85.12%,0.9256,15,✗ No,budget_exceeded
5,384,368,01-01,+100.0%,+85.08%,0.9254,15,✗ No,budget_exceeded
5,384,369,01-01,+100.0%,+83.77%,0.9189,16,✗ No,budget_exceeded
5,384,371,01-01,+100.0%,+83.64%,0.9182,16,✗ No,budget_exceeded
5,384,373,01-01,+100.0%,+82.72%,0.9136,19,✗ No,budget_exceeded
5,384,374,01-01,+100.0%,+81.88%,0.9094,20,✗ No,budget_exceeded
5,384,376,01-01,+100.0%,+80.72%,0.9036,23,✗ No,budget_exceeded
5,384,377,01-01,+100.0%,+80.22%,0.9011,24,✗ No,budget_exceeded
5,384,379,01-01,+100.0%,+77.85%,0.8892,26,✗ No,budget_exceeded
5,384,380,01-01,+100.0%,+76.27%,0.8813,30,✗ No,budget_exceeded
5,384,382,01-01,+100.0%,+76.02%,0.8801,31,✗ No,budget_exceeded
5,384,384,01-01,+100.0%,+74.38%,0.8719,47,✗ No,budget_exceeded
5,385,357,01-01,+100.0%,+87.97%,0.9399,8,✗ No,budget_exceeded
5,385,358,01-01,+100.0%,+87.90%,0.9395,8,✗ No,budget_exceeded
5,385,360,01-01,+100.0%,+87.80%,0.9390,8,✗ No,budget_exceeded
5,385,362,01-01,+100.0%,+86.91%,0.9345,10,✗ No,budget_exceeded
5,385,363,01-01,+100.0%,+86.80%,0.9340,10,✗ No,budget_exceeded
5,385,365,01-01,+100.0%,+86.51%,0.9326,11,✗ No,budget_exceeded
5,385,366,01-01,+100.0%,+85.09%,0.9255,15,✗ No,budget_exceeded
5,385,368,01-01,+100.0%,+85.05%,0.9253,15,✗ No,budget_exceeded
5,385,369,01-01,+100.0%,+83.75%,0.9187,16,✗ No,budget_exceeded
5,385,371,01-01,+100.0%,+83.61%,0.9180,16,✗ No,budget_exceeded
5,385,373,01-01,+100.0%,+82.56%,0.9128,19,✗ No,budget_exceeded
5,385,374,01-01,+100.0%,+81.14%,0.9057,21,✗ No,budget_exceeded
5,385,376,01-01,+100.0%,+80.56%,0.9028,23,✗ No,budget_exceeded
5,385,377,01-01,+100.0%,+77.80%,0.8890,25,✗ No,budget_exceeded
5,385,379,01-01,+100.0%,+77.24%,0.8862,26,✗ No,budget_exceeded
5,385,380,01-01,+100.0%,+76.04%,0.8802,29,✗ No,budget_exceeded
5,385,382,01-01,+100.0%,+74.34%,0.8717,34,✗ No,budget_exceeded
5,385,384,01-01,+100.0%,+73.38%,0.8669,36,✗ No,budget_exceeded
5,385,385,01-01,+100.0%,+72.98%,0.8649,40,✗ No,budget_exceeded
5,371,357,01-02,+100.0%,+88.54%,0.9427,8,✗ No,budget_exceeded
5,371,359,01-02,+100.0%,+88.53%,0.9426,8,✗ No,budget_exceeded
5,371,360,01-02,+100.0%,+88.38%,0.9419,8,✗ No,budget_exceeded
5,371,362,01-02,+100.0%,+88.14%,0.9407,9,✗ No,budget_exceeded
5,371,364,01-02,+100.0%,+88.03%,0.9402,9,✗ No,budget_exceeded
5,371,365,01-02,+100.0%,+87.05%,0.9353,13,✗ No,budget_exceeded
5,371,367,01-02,+100.0%,+86.74%,0.9337,14,✗ No,budget_exceeded
5,371,369,01-02,+100.0%,+86.57%,0.9329,16,✗ No,budget_exceeded
5,371,371,01-02,+100.0%,+85.71%,0.9285,20,✗ No,budget_exceeded
5,372,357,01-02,+100.0%,+88.52%,0.9426,8,✗ No,budget_exceeded
5,372,358,01-02,+100.0%,+88.51%,0.9426,8,✗ No,budget_exceeded
5,372,360,01-02,+100.0%,+88.41%,0.9421,8,✗ No,budget_exceeded
5,372,361,01-02,+100.0%,+88.13%,0.9406,9,✗ No,budget_exceeded
5,372,363,01-02,+100.0%,+88.06%,0.9403,9,✗ No,budget_exceeded
5,372,365,01-02,+100.0%,+87.31%,0.9366,11,✗ No,budget_exceeded
5,372,366,01-02,+100.0%,+86.68%,0.9334,14,✗ No,budget_exceeded
5,372,368,01-02,+100.0%,+86.68%,0.9334,14,✗ No,budget_exceeded
5,372,369,01-02,+100.0%,+85.81%,0.9290,17,✗ No,budget_exceeded
5,372,371,01-02,+100.0%,+85.59%,0.9280,18,✗ No,budget_exceeded
5,372,372,01-02,+100.0%,+85.37%,0.9269,20,✗ No,budget_exceeded
5,374,357,01-02,+100.0%,+88.52%,0.9426,8,✗ No,budget_exceeded
5,374,358,01-02,+100.0%,+88.51%,0.9425,8,✗ No,budget_exceeded
5,374,360,01-02,+100.0%,+88.41%,0.9420,8,✗ No,budget_exceeded
5,374,361,01-02,+100.0%,+88.12%,0.9406,9,✗ No,budget_exceeded
5,374,363,01-02,+100.0%,+88.05%,0.9403,9,✗ No,budget_exceeded
5,374,365,01-02,+100.0%,+87.31%,0.9365,11,✗ No,budget_exceeded
5,374,366,01-02,+100.0%,+86.53%,0.9326,14,✗ No,budget_exceeded
5,374,368,01-02,+100.0%,+86.52%,0.9326,14,✗ No,budget_exceeded
5,374,369,01-02,+100.0%,+85.56%,0.9278,17,✗ No,budget_exceeded
5,374,371,01-02,+100.0%,+85.42%,0.9271,17,✗ No,budget_exceeded
5,374,372,01-02,+100.0%,+85.13%,0.9257,19,✗ No,budget_exceeded
5,374,374,01-02,+100.0%,+84.90%,0.9245,22,✗ No,budget_exceeded
5,375,357,01-02,+100.0%,+88.37%,0.9418,8,✗ No,budget_exceeded
5,375,358,01-02,+100.0%,+88.36%,0.9418,8,✗ No,budget_exceeded
5,375,360,01-02,+100.0%,+88.26%,0.9413,8,✗ No,budget_exceeded
5,375,361,01-02,+100.0%,+87.97%,0.9399,9,✗ No,budget_exceeded
5,375,363,01-02,+100.0%,+87.86%,0.9393,9,✗ No,budget_exceeded
5,375,365,01-02,+100.0%,+87.16%,0.9358,11,✗ No,budget_exceeded
5,375,366,01-02,+100.0%,+85.76%,0.9288,15,✗ No,budget_exceeded
5,375,368,01-02,+100.0%,+85.75%,0.9288,15,✗ No,budget_exceeded
5,375,369,01-02,+100.0%,+85.22%,0.9261,16,✗ No,budget_exceeded
5,375,371,01-02,+100.0%,+85.08%,0.9254,16,✗ No,budget_exceeded
5,375,372,01-02,+100.0%,+84.27%,0.9213,19,✗ No,budget_exceeded
5,375,374,01-02,+100.0%,+84.08%,0.9204,19,✗ No,budget_exceeded
5,375,375,01-02,+100.0%,+83.38%,0.9169,29,✗ No,budget_exceeded
5,377,357,01-02,+100.0%,+88.35%,0.9418,8,✗ No,budget_exceeded
5,377,358,01-02,+100.0%,+88.34%,0.9417,8,✗ No,budget_exceeded
5,377,360,01-02,+100.0%,+88.24%,0.9412,8,✗ No,budget_exceeded
5,377,361,01-02,+100.0%,+87.96%,0.9398,9,✗ No,budget_exceeded
5,377,363,01-02,+100.0%,+87.84%,0.9392,9,✗ No,budget_exceeded
5,377,365,01-02,+100.0%,+87.14%,0.9357,11,✗ No,budget_exceeded
5,377,366,01-02,+100.0%,+85.67%,0.9284,15,✗ No,budget_exceeded
5,377,368,01-02,+100.0%,+85.67%,0.9283,15,✗ No,budget_exceeded
5,377,369,01-02,+100.0%,+85.07%,0.9253,16,✗ No,budget_exceeded
5,377,371,01-02,+100.0%,+84.92%,0.9246,16,✗ No,budget_exceeded
5,377,372,01-02,+100.0%,+84.01%,0.9201,19,✗ No,budget_exceeded
5,377,374,01-02,+100.0%,+83.82%,0.9191,19,✗ No,budget_exceeded
5,377,376,01-02,+100.0%,+82.28%,0.9114,24,✗ No,budget_exceeded
5,377,377,01-02,+100.0%,+81.92%,0.9096,27,✗ No,budget_exceeded
5,379,357,01-02,+100.0%,+88.32%,0.9416,8,✗ No,budget_exceeded
5,379,358,01-02,+100.0%,+88.31%,0.9416,8,✗ No,budget_exceeded
5,379,360,01-02,+100.0%,+88.21%,0.9411,8,✗ No,budget_exceeded
5,379,361,01-02,+100.0%,+87.93%,0.9396,9,✗ No,budget_exceeded
5,379,363,01-02,+100.0%,+87.33%,0.9367,10,✗ No,budget_exceeded
5,379,365,01-02,+100.0%,+87.11%,0.9356,11,✗ No,budget_exceeded
5,379,366,01-02,+100.0%,+85.65%,0.9282,15,✗ No,budget_exceeded
5,379,368,01-02,+100.0%,+85.64%,0.9282,15,✗ No,budget_exceeded
5,379,369,01-02,+100.0%,+85.04%,0.9252,16,✗ No,budget_exceeded
5,379,371,01-02,+100.0%,+84.89%,0.9245,16,✗ No,budget_exceeded
5,379,372,01-02,+100.0%,+83.98%,0.9199,19,✗ No,budget_exceeded
5,379,374,01-02,+100.0%,+83.79%,0.9189,19,✗ No,budget_exceeded
5,379,376,01-02,+100.0%,+82.25%,0.9112,24,✗ No,budget_exceeded
5,379,377,01-02,+100.0%,+81.81%,0.9091,25,✗ No,budget_exceeded
5,379,379,01-02,+100.0%,+80.95%,0.9047,30,✗ No,budget_exceeded
5,380,357,01-02,+100.0%,+87.98%,0.9399,8,✗ No,budget_exceeded
5,380,358,01-02,+100.0%,+87.97%,0.9399,8,✗ No,budget_exceeded
5,380,360,01-02,+100.0%,+87.87%,0.9393,8,✗ No,budget_exceeded
5,380,361,01-02,+100.0%,+87.05%,0.9352,10,✗ No,budget_exceeded
5,380,363,01-02,+100.0%,+86.93%,0.9347,10,✗ No,budget_exceeded
5,380,365,01-02,+100.0%,+86.72%,0.9336,11,✗ No,budget_exceeded
5,380,366,01-02,+100.0%,+85.25%,0.9262,15,✗ No,budget_exceeded
5,380,368,01-02,+100.0%,+85.24%,0.9262,15,✗ No,budget_exceeded
5,380,369,01-02,+100.0%,+84.15%,0.9208,17,✗ No,budget_exceeded
5,380,371,01-02,+100.0%,+84.01%,0.9200,17,✗ No,budget_exceeded
5,380,372,01-02,+100.0%,+83.58%,0.9179,19,✗ No,budget_exceeded
5,380,374,01-02,+100.0%,+82.35%,0.9118,22,✗ No,budget_exceeded
5,380,376,01-02,+100.0%,+80.46%,0.9023,25,✗ No,budget_exceeded
5,380,377,01-02,+100.0%,+78.84%,0.8942,28,✗ No,budget_exceeded
5,380,379,01-02,+100.0%,+78.06%,0.8903,30,✗ No,budget_exceeded
5,380,380,01-02,+100.0%,+77.50%,0.8875,37,✗ No,budget_exceeded
5,382,357,01-02,+100.0%,+87.92%,0.9396,8,✗ No,budget_exceeded
5,382,358,01-02,+100.0%,+87.91%,0.9395,8,✗ No,budget_exceeded
5,382,360,01-02,+100.0%,+87.81%,0.9390,8,✗ No,budget_exceeded
5,382,362,01-02,+100.0%,+86.97%,0.9348,10,✗ No,budget_exceeded
5,382,363,01-02,+100.0%,+86.86%,0.9343,10,✗ No,budget_exceeded
5,382,365,01-02,+100.0%,+86.64%,0.9332,11,✗ No,budget_exceeded
5,382,366,01-02,+100.0%,+85.17%,0.9259,15,✗ No,budget_exceeded
5,382,368,01-02,+100.0%,+85.17%,0.9258,15,✗ No,budget_exceeded
5,382,369,01-02,+100.0%,+84.07%,0.9204,17,✗ No,budget_exceeded
5,382,371,01-02,+100.0%,+83.93%,0.9196,17,✗ No,budget_exceeded
5,382,373,01-02,+100.0%,+83.50%,0.9175,19,✗ No,budget_exceeded
5,382,374,01-02,+100.0%,+82.28%,0.9114,22,✗ No,budget_exceeded
5,382,376,01-02,+100.0%,+80.31%,0.9016,25,✗ No,budget_exceeded
5,382,377,01-02,+100.0%,+78.12%,0.8906,29,✗ No,budget_exceeded
5,382,379,01-02,+100.0%,+77.94%,0.8897,29,✗ No,budget_exceeded
5,382,380,01-02,+100.0%,+77.38%,0.8869,32,✗ No,budget_exceeded
5,382,382,01-02,+100.0%,+76.43%,0.8822,40,✗ No,budget_exceeded
5,384,357,01-02,+100.0%,+87.79%,0.9390,8,✗ No,budget_exceeded
5,384,358,01-02,+100.0%,+87.78%,0.9389,8,✗ No,budget_exceeded
5,384,360,01-02,+100.0%,+87.26%,0.9363,9,✗ No,budget_exceeded
5,384,362,01-02,+100.0%,+86.84%,0.9342,10,✗ No,budget_exceeded
5,384,363,01-02,+100.0%,+86.73%,0.9336,10,✗ No,budget_exceeded
5,384,365,01-02,+100.0%,+86.44%,0.9322,11,✗ No,budget_exceeded
5,384,366,01-02,+100.0%,+84.97%,0.9249,15,✗ No,budget_exceeded
5,384,368,01-02,+100.0%,+84.97%,0.9248,15,✗ No,budget_exceeded
5,384,369,01-02,+100.0%,+83.73%,0.9187,16,✗ No,budget_exceeded
5,384,371,01-02,+100.0%,+83.60%,0.9180,16,✗ No,budget_exceeded
5,384,373,01-02,+100.0%,+82.60%,0.9130,19,✗ No,budget_exceeded
5,384,374,01-02,+100.0%,+80.35%,0.9017,21,✗ No,budget_exceeded
5,384,376,01-02,+100.0%,+78.13%,0.8906,26,✗ No,budget_exceeded
5,384,377,01-02,+100.0%,+77.52%,0.8876,27,✗ No,budget_exceeded
5,384,379,01-02,+100.0%,+77.34%,0.8867,27,✗ No,budget_exceeded
5,384,380,01-02,+100.0%,+76.10%,0.8805,30,✗ No,budget_exceeded
5,384,382,01-02,+100.0%,+75.86%,0.8793,31,✗ No,budget_exceeded
5,384,384,01-02,+100.0%,+74.41%,0.8720,46,✗ No,budget_exceeded
5,385,357,01-02,+100.0%,+87.76%,0.9388,8,✗ No,budget_exceeded
5,385,358,01-02,+100.0%,+87.75%,0.9388,8,✗ No,budget_exceeded
5,385,360,01-02,+100.0%,+87.23%,0.9362,9,✗ No,budget_exceeded
5,385,362,01-02,+100.0%,+86.81%,0.9341,10,✗ No,budget_exceeded
5,385,363,01-02,+100.0%,+86.70%,0.9335,10,✗ No,budget_exceeded
5,385,365,01-02,+100.0%,+86.41%,0.9321,11,✗ No,budget_exceeded
5,385,366,01-02,+100.0%,+84.94%,0.9247,15,✗ No,budget_exceeded
5,385,368,01-02,+100.0%,+84.94%,0.9247,15,✗ No,budget_exceeded
5,385,369,01-02,+100.0%,+83.64%,0.9182,16,✗ No,budget_exceeded
5,385,371,01-02,+100.0%,+83.50%,0.9175,16,✗ No,budget_exceeded
5,385,373,01-02,+100.0%,+82.44%,0.9122,19,✗ No,budget_exceeded
5,385,374,01-02,+100.0%,+79.34%,0.8967,21,✗ No,budget_exceeded
5,385,376,01-02,+100.0%,+77.86%,0.8893,25,✗ No,budget_exceeded
5,385,377,01-02,+100.0%,+77.29%,0.8865,26,✗ No,budget_exceeded
5,385,379,01-02,+100.0%,+76.51%,0.8826,27,✗ No,budget_exceeded
5,385,380,01-02,+100.0%,+75.88%,0.8794,29,✗ No,budget_exceeded
5,385,382,01-02,+100.0%,+74.35%,0.8718,34,✗ No,budget_exceeded
5,385,384,01-02,+100.0%,+73.35%,0.8667,36,✗ No,budget_exceeded
5,385,385,01-02,+100.0%,+72.94%,0.8647,40,✗ No,budget_exceeded
6,375,361,01-01,+100.0%,+88.43%,0.9422,8,✗ No,budget_exceeded
6,375,361,01-01,+100.0%,+88.22%,0.9411,9,✗ No,budget_exceeded
6,375,362,01-01,+100.0%,+88.17%,0.9408,9,✗ No,budget_exceeded
6,375,363,01-01,+100.0%,+88.17%,0.9408,9,✗ No,budget_exceeded
6,375,364,01-01,+100.0%,+88.12%,0.9406,9,✗ No,budget_exceeded
6,375,364,01-01,+100.0%,+87.91%,0.9395,10,✗ No,budget_exceeded
6,375,365,01-01,+100.0%,+87.91%,0.9395,10,✗ No,budget_exceeded
6,375,366,01-01,+100.0%,+87.22%,0.9361,12,✗ No,budget_exceeded
6,375,366,01-01,+100.0%,+86.51%,0.9325,14,✗ No,budget_exceeded
6,375,367,01-01,+100.0%,+86.46%,0.9323,14,✗ No,budget_exceeded
6,375,368,01-01,+100.0%,+86.46%,0.9323,14,✗ No,budget_exceeded
6,375,368,01-01,+100.0%,+85.72%,0.9286,17,✗ No,budget_exceeded
6,375,369,01-01,+100.0%,+85.52%,0.9276,17,✗ No,budget_exceeded
6,375,370,01-01,+100.0%,+85.52%,0.9276,17,✗ No,budget_exceeded
6,375,370,01-01,+100.0%,+85.37%,0.9268,17,✗ No,budget_exceeded
6,375,371,01-01,+100.0%,+85.30%,0.9265,17,✗ No,budget_exceeded
6,375,372,01-01,+100.0%,+85.30%,0.9265,17,✗ No,budget_exceeded
6,375,373,01-01,+100.0%,+85.09%,0.9254,19,✗ No,budget_exceeded
6,375,373,01-01,+100.0%,+84.95%,0.9247,21,✗ No,budget_exceeded
6,375,374,01-01,+100.0%,+84.95%,0.9247,21,✗ No,budget_exceeded
6,375,375,01-01,+100.0%,+84.07%,0.9203,30,✗ No,budget_exceeded
6,376,361,01-01,+100.0%,+88.38%,0.9419,8,✗ No,budget_exceeded
6,376,361,01-01,+100.0%,+88.18%,0.9409,9,✗ No,budget_exceeded
6,376,362,01-01,+100.0%,+88.12%,0.9406,9,✗ No,budget_exceeded
6,376,363,01-01,+100.0%,+88.12%,0.9406,9,✗ No,budget_exceeded
6,376,363,01-01,+100.0%,+88.07%,0.9404,9,✗ No,budget_exceeded
6,376,364,01-01,+100.0%,+87.86%,0.9393,10,✗ No,budget_exceeded
6,376,365,01-01,+100.0%,+87.86%,0.9393,10,✗ No,budget_exceeded
6,376,366,01-01,+100.0%,+87.10%,0.9355,12,✗ No,budget_exceeded
6,376,366,01-01,+100.0%,+86.39%,0.9320,14,✗ No,budget_exceeded
6,376,367,01-01,+100.0%,+86.39%,0.9320,14,✗ No,budget_exceeded
6,376,368,01-01,+100.0%,+86.35%,0.9317,14,✗ No,budget_exceeded
6,376,368,01-01,+100.0%,+85.53%,0.9277,16,✗ No,budget_exceeded
6,376,369,01-01,+100.0%,+85.53%,0.9277,16,✗ No,budget_exceeded
6,376,370,01-01,+100.0%,+85.33%,0.9266,16,✗ No,budget_exceeded
6,376,370,01-01,+100.0%,+85.18%,0.9259,16,✗ No,budget_exceeded
6,376,371,01-01,+100.0%,+85.18%,0.9259,16,✗ No,budget_exceeded
6,376,372,01-01,+100.0%,+85.11%,0.9256,16,✗ No,budget_exceeded
6,376,372,01-01,+100.0%,+84.88%,0.9244,18,✗ No,budget_exceeded
6,376,373,01-01,+100.0%,+84.88%,0.9244,18,✗ No,budget_exceeded
6,376,374,01-01,+100.0%,+84.12%,0.9206,19,✗ No,budget_exceeded
6,376,374,01-01,+100.0%,+83.82%,0.9191,22,✗ No,budget_exceeded
6,376,375,01-01,+100.0%,+83.82%,0.9191,22,✗ No,budget_exceeded
6,376,376,01-01,+100.0%,+83.42%,0.9171,29,✗ No,budget_exceeded
6,377,361,01-01,+100.0%,+88.38%,0.9419,8,✗ No,budget_exceeded
6,377,361,01-01,+100.0%,+88.17%,0.9408,9,✗ No,budget_exceeded
6,377,362,01-01,+100.0%,+88.11%,0.9406,9,✗ No,budget_exceeded
6,377,363,01-01,+100.0%,+88.11%,0.9406,9,✗ No,budget_exceeded
6,377,364,01-01,+100.0%,+88.07%,0.9403,9,✗ No,budget_exceeded
6,377,364,01-01,+100.0%,+87.85%,0.9393,10,✗ No,budget_exceeded
6,377,365,01-01,+100.0%,+87.85%,0.9393,10,✗ No,budget_exceeded
6,377,366,01-01,+100.0%,+87.10%,0.9355,12,✗ No,budget_exceeded
6,377,366,01-01,+100.0%,+86.35%,0.9318,14,✗ No,budget_exceeded
6,377,367,01-01,+100.0%,+86.35%,0.9318,14,✗ No,budget_exceeded
6,377,368,01-01,+100.0%,+86.31%,0.9315,14,✗ No,budget_exceeded
6,377,368,01-01,+100.0%,+85.49%,0.9274,16,✗ No,budget_exceeded
6,377,369,01-01,+100.0%,+85.29%,0.9264,16,✗ No,budget_exceeded
6,377,370,01-01,+100.0%,+85.29%,0.9264,16,✗ No,budget_exceeded
6,377,370,01-01,+100.0%,+85.14%,0.9257,16,✗ No,budget_exceeded
6,377,371,01-01,+100.0%,+85.07%,0.9253,16,✗ No,budget_exceeded
6,377,372,01-01,+100.0%,+85.07%,0.9253,16,✗ No,budget_exceeded
6,377,372,01-01,+100.0%,+84.79%,0.9240,18,✗ No,budget_exceeded
6,377,373,01-01,+100.0%,+84.03%,0.9202,19,✗ No,budget_exceeded
6,377,374,01-01,+100.0%,+84.03%,0.9202,19,✗ No,budget_exceeded
6,377,375,01-01,+100.0%,+83.70%,0.9185,21,✗ No,budget_exceeded
6,377,375,01-01,+100.0%,+82.76%,0.9138,25,✗ No,budget_exceeded
6,377,376,01-01,+100.0%,+82.76%,0.9138,25,✗ No,budget_exceeded
6,377,377,01-01,+100.0%,+82.58%,0.9129,30,✗ No,budget_exceeded
6,378,361,01-01,+100.0%,+88.36%,0.9418,8,✗ No,budget_exceeded
6,378,361,01-01,+100.0%,+88.16%,0.9408,9,✗ No,budget_exceeded
6,378,362,01-01,+100.0%,+88.10%,0.9405,9,✗ No,budget_exceeded
6,378,363,01-01,+100.0%,+88.10%,0.9405,9,✗ No,budget_exceeded
6,378,363,01-01,+100.0%,+88.06%,0.9403,9,✗ No,budget_exceeded
6,378,364,01-01,+100.0%,+87.24%,0.9362,10,✓ Yes,budget_exceeded
6,378,365,01-01,+100.0%,+87.24%,0.9362,10,✓ Yes,budget_exceeded
6,378,366,01-01,+100.0%,+87.09%,0.9354,12,✗ No,budget_exceeded
6,378,366,01-01,+100.0%,+86.31%,0.9315,14,✗ No,budget_exceeded
6,378,367,01-01,+100.0%,+86.31%,0.9315,14,✗ No,budget_exceeded
6,378,368,01-01,+100.0%,+86.26%,0.9313,14,✗ No,budget_exceeded
6,378,368,01-01,+100.0%,+85.38%,0.9269,16,✗ No,budget_exceeded
6,378,369,01-01,+100.0%,+85.38%,0.9269,16,✗ No,budget_exceeded
6,378,370,01-01,+100.0%,+85.17%,0.9259,16,✗ No,budget_exceeded
6,378,370,01-01,+100.0%,+85.03%,0.9251,16,✗ No,budget_exceeded
6,378,371,01-01,+100.0%,+85.03%,0.9251,16,✗ No,budget_exceeded
6,378,372,01-01,+100.0%,+84.96%,0.9248,16,✗ No,budget_exceeded
6,378,372,01-01,+100.0%,+84.05%,0.9203,19,✗ No,budget_exceeded
6,378,373,01-01,+100.0%,+84.05%,0.9203,19,✗ No,budget_exceeded
6,378,374,01-01,+100.0%,+83.86%,0.9193,19,✗ No,budget_exceeded
6,378,374,01-01,+100.0%,+83.40%,0.9170,21,✗ No,budget_exceeded
6,378,375,01-01,+100.0%,+83.40%,0.9170,21,✗ No,budget_exceeded
6,378,376,01-01,+100.0%,+82.40%,0.9120,24,✗ No,budget_exceeded
6,378,376,01-01,+100.0%,+82.27%,0.9114,25,✗ No,budget_exceeded
6,378,377,01-01,+100.0%,+82.27%,0.9114,25,✗ No,budget_exceeded
6,378,378,01-01,+100.0%,+82.11%,0.9106,27,✗ No,budget_exceeded
6,379,361,01-01,+100.0%,+88.34%,0.9417,8,✗ No,budget_exceeded
6,379,361,01-01,+100.0%,+88.13%,0.9407,9,✗ No,budget_exceeded
6,379,362,01-01,+100.0%,+88.07%,0.9404,9,✗ No,budget_exceeded
6,379,363,01-01,+100.0%,+88.07%,0.9404,9,✗ No,budget_exceeded
6,379,364,01-01,+100.0%,+88.03%,0.9401,9,✗ No,budget_exceeded
6,379,364,01-01,+100.0%,+87.21%,0.9360,11,✗ No,budget_exceeded
6,379,365,01-01,+100.0%,+87.21%,0.9360,11,✗ No,budget_exceeded
6,379,366,01-01,+100.0%,+87.06%,0.9353,12,✗ No,budget_exceeded
6,379,366,01-01,+100.0%,+86.28%,0.9314,14,✗ No,budget_exceeded
6,379,367,01-01,+100.0%,+86.28%,0.9314,14,✗ No,budget_exceeded
6,379,368,01-01,+100.0%,+85.75%,0.9288,15,✗ No,budget_exceeded
6,379,368,01-01,+100.0%,+85.35%,0.9267,16,✗ No,budget_exceeded
6,379,369,01-01,+100.0%,+85.15%,0.9257,16,✗ No,budget_exceeded
6,379,370,01-01,+100.0%,+85.15%,0.9257,16,✗ No,budget_exceeded
6,379,370,01-01,+100.0%,+85.00%,0.9250,16,✗ No,budget_exceeded
6,379,371,01-01,+100.0%,+84.93%,0.9246,16,✗ No,budget_exceeded
6,379,372,01-01,+100.0%,+84.93%,0.9246,16,✗ No,budget_exceeded
6,379,372,01-01,+100.0%,+84.02%,0.9201,19,✗ No,budget_exceeded
6,379,373,01-01,+100.0%,+83.83%,0.9191,19,✗ No,budget_exceeded
6,379,374,01-01,+100.0%,+83.83%,0.9191,19,✗ No,budget_exceeded
6,379,374,01-01,+100.0%,+83.36%,0.9168,21,✗ No,budget_exceeded
6,379,375,01-01,+100.0%,+82.37%,0.9118,24,✗ No,budget_exceeded
6,379,376,01-01,+100.0%,+82.37%,0.9118,24,✗ No,budget_exceeded
6,379,377,01-01,+100.0%,+82.24%,0.9112,25,✗ No,budget_exceeded
6,379,377,01-01,+100.0%,+82.00%,0.9100,25,✗ No,budget_exceeded
6,379,378,01-01,+100.0%,+82.00%,0.9100,25,✗ No,budget_exceeded
6,379,379,01-01,+100.0%,+81.87%,0.9093,29,✗ No,budget_exceeded
6,380,361,01-01,+100.0%,+88.31%,0.9415,8,✗ No,budget_exceeded
6,380,361,01-01,+100.0%,+88.10%,0.9405,9,✗ No,budget_exceeded
6,380,362,01-01,+100.0%,+88.04%,0.9402,9,✗ No,budget_exceeded
6,380,363,01-01,+100.0%,+88.04%,0.9402,9,✗ No,budget_exceeded
6,380,363,01-01,+100.0%,+88.00%,0.9400,9,✗ No,budget_exceeded
6,380,364,01-01,+100.0%,+87.18%,0.9359,11,✗ No,budget_exceeded
6,380,365,01-01,+100.0%,+87.18%,0.9359,11,✗ No,budget_exceeded
6,380,366,01-01,+100.0%,+87.03%,0.9352,12,✗ No,budget_exceeded
6,380,366,01-01,+100.0%,+85.77%,0.9289,14,✓ Yes,budget_exceeded
6,380,367,01-01,+100.0%,+85.77%,0.9289,14,✓ Yes,budget_exceeded
6,380,368,01-01,+100.0%,+85.73%,0.9286,15,✗ No,budget_exceeded
6,380,368,01-01,+100.0%,+85.32%,0.9266,16,✗ No,budget_exceeded
6,380,369,01-01,+100.0%,+85.32%,0.9266,16,✗ No,budget_exceeded
6,380,370,01-01,+100.0%,+85.12%,0.9256,16,✗ No,budget_exceeded
6,380,370,01-01,+100.0%,+84.97%,0.9249,16,✗ No,budget_exceeded
6,380,371,01-01,+100.0%,+84.97%,0.9249,16,✗ No,budget_exceeded
6,380,372,01-01,+100.0%,+84.90%,0.9245,16,✗ No,budget_exceeded
6,380,372,01-01,+100.0%,+83.99%,0.9200,19,✗ No,budget_exceeded
6,380,373,01-01,+100.0%,+83.99%,0.9200,19,✗ No,budget_exceeded
6,380,374,01-01,+100.0%,+83.80%,0.9190,19,✗ No,budget_exceeded
6,380,374,01-01,+100.0%,+83.33%,0.9167,21,✗ No,budget_exceeded
6,380,375,01-01,+100.0%,+83.33%,0.9167,21,✗ No,budget_exceeded
6,380,376,01-01,+100.0%,+82.34%,0.9117,24,✗ No,budget_exceeded
6,380,376,01-01,+100.0%,+82.21%,0.9110,25,✗ No,budget_exceeded
6,380,377,01-01,+100.0%,+82.21%,0.9110,25,✗ No,budget_exceeded
6,380,378,01-01,+100.0%,+81.97%,0.9099,25,✗ No,budget_exceeded
6,380,378,01-01,+100.0%,+81.02%,0.9051,29,✗ No,budget_exceeded
6,380,379,01-01,+100.0%,+81.02%,0.9051,29,✗ No,budget_exceeded
6,380,380,01-01,+100.0%,+80.72%,0.9036,36,✗ No,budget_exceeded
6,381,361,01-01,+100.0%,+87.99%,0.9400,8,✗ No,budget_exceeded
6,381,361,01-01,+100.0%,+87.14%,0.9357,10,✗ No,budget_exceeded
6,381,362,01-01,+100.0%,+87.07%,0.9354,10,✗ No,budget_exceeded
6,381,363,01-01,+100.0%,+87.07%,0.9354,10,✗ No,budget_exceeded
6,381,364,01-01,+100.0%,+87.03%,0.9352,10,✗ No,budget_exceeded
6,381,364,01-01,+100.0%,+86.81%,0.9341,11,✗ No,budget_exceeded
6,381,365,01-01,+100.0%,+86.81%,0.9341,11,✗ No,budget_exceeded
6,381,366,01-01,+100.0%,+86.40%,0.9320,13,✗ No,budget_exceeded
6,381,366,01-01,+100.0%,+85.40%,0.9270,15,✗ No,budget_exceeded
6,381,367,01-01,+100.0%,+85.40%,0.9270,15,✗ No,budget_exceeded
6,381,368,01-01,+100.0%,+85.35%,0.9268,15,✗ No,budget_exceeded
6,381,368,01-01,+100.0%,+84.95%,0.9248,16,✗ No,budget_exceeded
6,381,369,01-01,+100.0%,+84.95%,0.9248,16,✗ No,budget_exceeded
6,381,370,01-01,+100.0%,+84.19%,0.9210,17,✗ No,budget_exceeded
6,381,370,01-01,+100.0%,+84.05%,0.9202,17,✗ No,budget_exceeded
6,381,371,01-01,+100.0%,+83.97%,0.9199,17,✗ No,budget_exceeded
6,381,372,01-01,+100.0%,+83.97%,0.9199,17,✗ No,budget_exceeded
6,381,372,01-01,+100.0%,+83.62%,0.9181,19,✗ No,budget_exceeded
6,381,373,01-01,+100.0%,+83.43%,0.9171,19,✗ No,budget_exceeded
6,381,374,01-01,+100.0%,+83.43%,0.9171,19,✗ No,budget_exceeded
6,381,374,01-01,+100.0%,+82.47%,0.9124,22,✗ No,budget_exceeded
6,381,375,01-01,+100.0%,+81.90%,0.9095,24,✗ No,budget_exceeded
6,381,376,01-01,+100.0%,+81.90%,0.9095,24,✗ No,budget_exceeded
6,381,377,01-01,+100.0%,+81.07%,0.9053,26,✗ No,budget_exceeded
6,381,377,01-01,+100.0%,+80.83%,0.9041,26,✗ No,budget_exceeded
6,381,378,01-01,+100.0%,+80.83%,0.9041,26,✗ No,budget_exceeded
6,381,379,01-01,+100.0%,+80.67%,0.9034,26,✗ No,budget_exceeded
6,381,379,01-01,+100.0%,+80.43%,0.9021,29,✗ No,budget_exceeded
6,381,380,01-01,+100.0%,+80.43%,0.9021,29,✗ No,budget_exceeded
6,381,381,01-01,+100.0%,+78.75%,0.8937,35,✗ No,budget_exceeded
6,375,361,01-02,+100.0%,+88.32%,0.9416,8,✗ No,budget_exceeded
6,375,361,01-02,+100.0%,+88.09%,0.9404,9,✗ No,budget_exceeded
6,375,362,01-02,+100.0%,+88.02%,0.9401,9,✗ No,budget_exceeded
6,375,363,01-02,+100.0%,+88.02%,0.9401,9,✗ No,budget_exceeded
6,375,364,01-02,+100.0%,+87.98%,0.9399,9,✗ No,budget_exceeded
6,375,364,01-02,+100.0%,+87.28%,0.9364,11,✗ No,budget_exceeded
6,375,365,01-02,+100.0%,+87.28%,0.9364,11,✗ No,budget_exceeded
6,375,366,01-02,+100.0%,+86.93%,0.9347,13,✗ No,budget_exceeded
6,375,366,01-02,+100.0%,+86.43%,0.9321,14,✗ No,budget_exceeded
6,375,367,01-02,+100.0%,+86.42%,0.9321,14,✗ No,budget_exceeded
6,375,368,01-02,+100.0%,+86.42%,0.9321,14,✗ No,budget_exceeded
6,375,368,01-02,+100.0%,+85.63%,0.9281,17,✗ No,budget_exceeded
6,375,369,01-02,+100.0%,+85.43%,0.9271,17,✗ No,budget_exceeded
6,375,370,01-02,+100.0%,+85.43%,0.9271,17,✗ No,budget_exceeded
6,375,370,01-02,+100.0%,+85.28%,0.9264,17,✗ No,budget_exceeded
6,375,371,01-02,+100.0%,+85.21%,0.9260,17,✗ No,budget_exceeded
6,375,372,01-02,+100.0%,+85.21%,0.9260,17,✗ No,budget_exceeded
6,375,373,01-02,+100.0%,+84.99%,0.9249,19,✗ No,budget_exceeded
6,375,373,01-02,+100.0%,+84.30%,0.9215,22,✗ No,budget_exceeded
6,375,374,01-02,+100.0%,+84.30%,0.9215,22,✗ No,budget_exceeded
6,375,375,01-02,+100.0%,+84.03%,0.9201,30,✗ No,budget_exceeded
6,376,361,01-02,+100.0%,+88.21%,0.9410,8,✗ No,budget_exceeded
6,376,361,01-02,+100.0%,+87.97%,0.9399,9,✗ No,budget_exceeded
6,376,362,01-02,+100.0%,+87.90%,0.9395,9,✗ No,budget_exceeded
6,376,363,01-02,+100.0%,+87.90%,0.9395,9,✗ No,budget_exceeded
6,376,363,01-02,+100.0%,+87.86%,0.9393,9,✗ No,budget_exceeded
6,376,364,01-02,+100.0%,+87.16%,0.9358,11,✗ No,budget_exceeded
6,376,365,01-02,+100.0%,+87.16%,0.9358,11,✗ No,budget_exceeded
6,376,366,01-02,+100.0%,+86.82%,0.9341,13,✗ No,budget_exceeded
6,376,366,01-02,+100.0%,+85.76%,0.9288,15,✗ No,budget_exceeded
6,376,367,01-02,+100.0%,+85.76%,0.9288,15,✗ No,budget_exceeded
6,376,368,01-02,+100.0%,+85.75%,0.9288,15,✗ No,budget_exceeded
6,376,368,01-02,+100.0%,+85.43%,0.9271,16,✗ No,budget_exceeded
6,376,369,01-02,+100.0%,+85.43%,0.9271,16,✗ No,budget_exceeded
6,376,370,01-02,+100.0%,+85.22%,0.9261,16,✗ No,budget_exceeded
6,376,370,01-02,+100.0%,+85.08%,0.9254,16,✗ No,budget_exceeded
6,376,371,01-02,+100.0%,+85.08%,0.9254,16,✗ No,budget_exceeded
6,376,372,01-02,+100.0%,+85.01%,0.9250,16,✗ No,budget_exceeded
6,376,372,01-02,+100.0%,+84.27%,0.9213,19,✗ No,budget_exceeded
6,376,373,01-02,+100.0%,+84.27%,0.9213,19,✗ No,budget_exceeded
6,376,374,01-02,+100.0%,+84.08%,0.9204,19,✗ No,budget_exceeded
6,376,374,01-02,+100.0%,+83.78%,0.9189,22,✗ No,budget_exceeded
6,376,375,01-02,+100.0%,+83.78%,0.9189,22,✗ No,budget_exceeded
6,376,376,01-02,+100.0%,+83.38%,0.9169,29,✗ No,budget_exceeded
6,377,361,01-02,+100.0%,+88.20%,0.9410,8,✗ No,budget_exceeded
6,377,361,01-02,+100.0%,+87.97%,0.9398,9,✗ No,budget_exceeded
6,377,362,01-02,+100.0%,+87.90%,0.9395,9,✗ No,budget_exceeded
6,377,363,01-02,+100.0%,+87.90%,0.9395,9,✗ No,budget_exceeded
6,377,364,01-02,+100.0%,+87.86%,0.9393,9,✗ No,budget_exceeded
6,377,364,01-02,+100.0%,+87.15%,0.9358,11,✗ No,budget_exceeded
6,377,365,01-02,+100.0%,+87.15%,0.9358,11,✗ No,budget_exceeded
6,377,366,01-02,+100.0%,+86.78%,0.9339,13,✗ No,budget_exceeded
6,377,366,01-02,+100.0%,+85.72%,0.9286,15,✗ No,budget_exceeded
6,377,367,01-02,+100.0%,+85.72%,0.9286,15,✗ No,budget_exceeded
6,377,368,01-02,+100.0%,+85.71%,0.9286,15,✗ No,budget_exceeded
6,377,368,01-02,+100.0%,+85.38%,0.9269,16,✗ No,budget_exceeded
6,377,369,01-02,+100.0%,+85.18%,0.9259,16,✗ No,budget_exceeded
6,377,370,01-02,+100.0%,+85.18%,0.9259,16,✗ No,budget_exceeded
6,377,370,01-02,+100.0%,+85.03%,0.9252,16,✗ No,budget_exceeded
6,377,371,01-02,+100.0%,+84.96%,0.9248,16,✗ No,budget_exceeded
6,377,372,01-02,+100.0%,+84.96%,0.9248,16,✗ No,budget_exceeded
6,377,372,01-02,+100.0%,+84.19%,0.9209,19,✗ No,budget_exceeded
6,377,373,01-02,+100.0%,+83.99%,0.9200,19,✗ No,budget_exceeded
6,377,374,01-02,+100.0%,+83.99%,0.9200,19,✗ No,budget_exceeded
6,377,375,01-02,+100.0%,+83.66%,0.9183,21,✗ No,budget_exceeded
6,377,375,01-02,+100.0%,+82.63%,0.9132,25,✗ No,budget_exceeded
6,377,376,01-02,+100.0%,+82.63%,0.9132,25,✗ No,budget_exceeded
6,377,377,01-02,+100.0%,+82.39%,0.9120,30,✗ No,budget_exceeded
6,378,361,01-02,+100.0%,+88.19%,0.9409,8,✗ No,budget_exceeded
6,378,361,01-02,+100.0%,+87.96%,0.9398,9,✗ No,budget_exceeded
6,378,362,01-02,+100.0%,+87.89%,0.9394,9,✗ No,budget_exceeded
6,378,363,01-02,+100.0%,+87.89%,0.9394,9,✗ No,budget_exceeded
6,378,363,01-02,+100.0%,+87.84%,0.9392,9,✗ No,budget_exceeded
6,378,364,01-02,+100.0%,+87.14%,0.9357,11,✗ No,budget_exceeded
6,378,365,01-02,+100.0%,+87.14%,0.9357,11,✗ No,budget_exceeded
6,378,366,01-02,+100.0%,+86.73%,0.9337,13,✗ No,budget_exceeded
6,378,366,01-02,+100.0%,+85.67%,0.9284,15,✗ No,budget_exceeded
6,378,367,01-02,+100.0%,+85.67%,0.9284,15,✗ No,budget_exceeded
6,378,368,01-02,+100.0%,+85.67%,0.9283,15,✗ No,budget_exceeded
6,378,368,01-02,+100.0%,+85.27%,0.9264,16,✗ No,budget_exceeded
6,378,369,01-02,+100.0%,+85.27%,0.9264,16,✗ No,budget_exceeded
6,378,370,01-02,+100.0%,+85.07%,0.9253,16,✗ No,budget_exceeded
6,378,370,01-02,+100.0%,+84.92%,0.9246,16,✗ No,budget_exceeded
6,378,371,01-02,+100.0%,+84.92%,0.9246,16,✗ No,budget_exceeded
6,378,372,01-02,+100.0%,+84.36%,0.9218,17,✗ No,budget_exceeded
6,378,372,01-02,+100.0%,+84.01%,0.9201,19,✗ No,budget_exceeded
6,378,373,01-02,+100.0%,+84.01%,0.9201,19,✗ No,budget_exceeded
6,378,374,01-02,+100.0%,+83.82%,0.9191,19,✗ No,budget_exceeded
6,378,374,01-02,+100.0%,+83.36%,0.9168,21,✗ No,budget_exceeded
6,378,375,01-02,+100.0%,+83.36%,0.9168,21,✗ No,budget_exceeded
6,378,376,01-02,+100.0%,+82.28%,0.9114,24,✗ No,budget_exceeded
6,378,376,01-02,+100.0%,+82.09%,0.9104,25,✗ No,budget_exceeded
6,378,377,01-02,+100.0%,+82.09%,0.9104,25,✗ No,budget_exceeded
6,378,378,01-02,+100.0%,+81.92%,0.9096,27,✗ No,budget_exceeded
6,379,361,01-02,+100.0%,+88.16%,0.9408,8,✗ No,budget_exceeded
6,379,361,01-02,+100.0%,+87.93%,0.9396,9,✗ No,budget_exceeded
6,379,362,01-02,+100.0%,+87.86%,0.9393,9,✗ No,budget_exceeded
6,379,363,01-02,+100.0%,+87.86%,0.9393,9,✗ No,budget_exceeded
6,379,364,01-02,+100.0%,+87.33%,0.9367,10,✗ No,budget_exceeded
6,379,364,01-02,+100.0%,+87.11%,0.9356,11,✗ No,budget_exceeded
6,379,365,01-02,+100.0%,+87.11%,0.9356,11,✗ No,budget_exceeded
6,379,366,01-02,+100.0%,+86.70%,0.9335,13,✗ No,budget_exceeded
6,379,366,01-02,+100.0%,+85.65%,0.9282,15,✗ No,budget_exceeded
6,379,367,01-02,+100.0%,+85.65%,0.9282,15,✗ No,budget_exceeded
6,379,368,01-02,+100.0%,+85.64%,0.9282,15,✗ No,budget_exceeded
6,379,368,01-02,+100.0%,+85.24%,0.9262,16,✗ No,budget_exceeded
6,379,369,01-02,+100.0%,+85.04%,0.9252,16,✗ No,budget_exceeded
6,379,370,01-02,+100.0%,+85.04%,0.9252,16,✗ No,budget_exceeded
6,379,370,01-02,+100.0%,+84.89%,0.9245,16,✗ No,budget_exceeded
6,379,371,01-02,+100.0%,+84.33%,0.9217,17,✗ No,budget_exceeded
6,379,372,01-02,+100.0%,+84.33%,0.9217,17,✗ No,budget_exceeded
6,379,372,01-02,+100.0%,+83.98%,0.9199,19,✗ No,budget_exceeded
6,379,373,01-02,+100.0%,+83.79%,0.9189,19,✗ No,budget_exceeded
6,379,374,01-02,+100.0%,+83.79%,0.9189,19,✗ No,budget_exceeded
6,379,374,01-02,+100.0%,+83.32%,0.9166,21,✗ No,budget_exceeded
6,379,375,01-02,+100.0%,+82.25%,0.9112,24,✗ No,budget_exceeded
6,379,376,01-02,+100.0%,+82.25%,0.9112,24,✗ No,budget_exceeded
6,379,377,01-02,+100.0%,+82.05%,0.9103,25,✗ No,budget_exceeded
6,379,377,01-02,+100.0%,+81.81%,0.9091,25,✗ No,budget_exceeded
6,379,378,01-02,+100.0%,+81.81%,0.9091,25,✗ No,budget_exceeded
6,379,379,01-02,+100.0%,+80.95%,0.9047,30,✗ No,budget_exceeded
6,380,361,01-02,+100.0%,+88.13%,0.9407,8,✗ No,budget_exceeded
6,380,361,01-02,+100.0%,+87.90%,0.9395,9,✗ No,budget_exceeded
6,380,362,01-02,+100.0%,+87.83%,0.9392,9,✗ No,budget_exceeded
6,380,363,01-02,+100.0%,+87.83%,0.9392,9,✗ No,budget_exceeded
6,380,363,01-02,+100.0%,+87.31%,0.9365,10,✗ No,budget_exceeded
6,380,364,01-02,+100.0%,+87.09%,0.9354,11,✗ No,budget_exceeded
6,380,365,01-02,+100.0%,+87.09%,0.9354,11,✗ No,budget_exceeded
6,380,366,01-02,+100.0%,+86.68%,0.9334,13,✗ No,budget_exceeded
6,380,366,01-02,+100.0%,+85.62%,0.9281,15,✗ No,budget_exceeded
6,380,367,01-02,+100.0%,+85.62%,0.9281,15,✗ No,budget_exceeded
6,380,368,01-02,+100.0%,+85.61%,0.9281,15,✗ No,budget_exceeded
6,380,368,01-02,+100.0%,+85.21%,0.9261,16,✗ No,budget_exceeded
6,380,369,01-02,+100.0%,+85.21%,0.9261,16,✗ No,budget_exceeded
6,380,370,01-02,+100.0%,+85.01%,0.9251,16,✗ No,budget_exceeded
6,380,370,01-02,+100.0%,+84.38%,0.9219,17,✗ No,budget_exceeded
6,380,371,01-02,+100.0%,+84.38%,0.9219,17,✗ No,budget_exceeded
6,380,372,01-02,+100.0%,+84.30%,0.9215,17,✗ No,budget_exceeded
6,380,372,01-02,+100.0%,+83.95%,0.9198,19,✗ No,budget_exceeded
6,380,373,01-02,+100.0%,+83.95%,0.9198,19,✗ No,budget_exceeded
6,380,374,01-02,+100.0%,+83.76%,0.9188,19,✗ No,budget_exceeded
6,380,374,01-02,+100.0%,+82.72%,0.9136,22,✗ No,budget_exceeded
6,380,375,01-02,+100.0%,+82.72%,0.9136,22,✗ No,budget_exceeded
6,380,376,01-02,+100.0%,+82.22%,0.9111,24,✗ No,budget_exceeded
6,380,376,01-02,+100.0%,+82.02%,0.9101,25,✗ No,budget_exceeded
6,380,377,01-02,+100.0%,+82.02%,0.9101,25,✗ No,budget_exceeded
6,380,378,01-02,+100.0%,+81.04%,0.9052,26,✗ No,budget_exceeded
6,380,378,01-02,+100.0%,+79.51%,0.8976,32,✗ No,budget_exceeded
6,380,379,01-02,+100.0%,+79.51%,0.8976,32,✗ No,budget_exceeded
6,380,380,01-02,+100.0%,+78.71%,0.8935,43,✗ No,budget_exceeded
6,381,361,01-02,+100.0%,+87.82%,0.9391,8,✗ No,budget_exceeded
6,381,361,01-02,+100.0%,+87.05%,0.9352,10,✗ No,budget_exceeded
6,381,362,01-02,+100.0%,+86.98%,0.9349,10,✗ No,budget_exceeded
6,381,363,01-02,+100.0%,+86.98%,0.9349,10,✗ No,budget_exceeded
6,381,364,01-02,+100.0%,+86.93%,0.9347,10,✗ No,budget_exceeded
6,381,364,01-02,+100.0%,+86.72%,0.9336,11,✗ No,budget_exceeded
6,381,365,01-02,+100.0%,+86.72%,0.9336,11,✗ No,budget_exceeded
6,381,366,01-02,+100.0%,+85.75%,0.9288,14,✗ No,budget_exceeded
6,381,366,01-02,+100.0%,+85.25%,0.9262,15,✗ No,budget_exceeded
6,381,367,01-02,+100.0%,+85.25%,0.9262,15,✗ No,budget_exceeded
6,381,368,01-02,+100.0%,+85.24%,0.9262,15,✗ No,budget_exceeded
6,381,368,01-02,+100.0%,+84.36%,0.9218,17,✗ No,budget_exceeded
6,381,369,01-02,+100.0%,+84.36%,0.9218,17,✗ No,budget_exceeded
6,381,370,01-02,+100.0%,+84.15%,0.9208,17,✗ No,budget_exceeded
6,381,370,01-02,+100.0%,+84.01%,0.9200,17,✗ No,budget_exceeded
6,381,371,01-02,+100.0%,+83.93%,0.9197,17,✗ No,budget_exceeded
6,381,372,01-02,+100.0%,+83.93%,0.9197,17,✗ No,budget_exceeded
6,381,372,01-02,+100.0%,+83.58%,0.9179,19,✗ No,budget_exceeded
6,381,373,01-02,+100.0%,+83.39%,0.9169,19,✗ No,budget_exceeded
6,381,374,01-02,+100.0%,+83.39%,0.9169,19,✗ No,budget_exceeded
6,381,374,01-02,+100.0%,+82.35%,0.9118,22,✗ No,budget_exceeded
6,381,375,01-02,+100.0%,+80.46%,0.9023,25,✗ No,budget_exceeded
6,381,376,01-02,+100.0%,+80.46%,0.9023,25,✗ No,budget_exceeded
6,381,377,01-02,+100.0%,+79.49%,0.8975,27,✗ No,budget_exceeded
6,381,377,01-02,+100.0%,+78.84%,0.8942,28,✗ No,budget_exceeded
6,381,378,01-02,+100.0%,+78.84%,0.8942,28,✗ No,budget_exceeded
6,381,379,01-02,+100.0%,+78.06%,0.8903,30,✗ No,budget_exceeded
6,381,379,01-02,+100.0%,+77.80%,0.8890,33,✗ No,budget_exceeded
6,381,380,01-02,+100.0%,+77.80%,0.8890,33,✗ No,budget_exceeded
6,381,381,01-02,+100.0%,+77.50%,0.8875,37,✗ No,budget_exceeded
7,376,363,01-01,+100.0%,+88.11%,0.9406,9,✗ No,budget_exceeded
7,376,363,01-01,+100.0%,+88.11%,0.9406,9,✗ No,budget_exceeded
7,376,363,01-01,+100.0%,+88.07%,0.9403,9,✗ No,budget_exceeded
7,376,364,01-01,+100.0%,+88.07%,0.9403,9,✗ No,budget_exceeded
7,376,364,01-01,+100.0%,+88.07%,0.9403,9,✗ No,budget_exceeded
7,376,364,01-01,+100.0%,+87.85%,0.9393,10,✗ No,budget_exceeded
7,376,364,01-01,+100.0%,+87.85%,0.9393,10,✗ No,budget_exceeded
7,376,365,01-01,+100.0%,+87.85%,0.9393,10,✗ No,budget_exceeded
7,376,365,01-01,+100.0%,+87.10%,0.9355,12,✗ No,budget_exceeded
7,376,365,01-01,+100.0%,+87.10%,0.9355,12,✗ No,budget_exceeded
7,376,366,01-01,+100.0%,+87.10%,0.9355,12,✗ No,budget_exceeded
7,376,366,01-01,+100.0%,+87.10%,0.9355,12,✗ No,budget_exceeded
7,376,366,01-01,+100.0%,+86.35%,0.9318,14,✗ No,budget_exceeded
7,376,367,01-01,+100.0%,+86.35%,0.9318,14,✗ No,budget_exceeded
7,376,367,01-01,+100.0%,+86.35%,0.9318,14,✗ No,budget_exceeded
7,376,367,01-01,+100.0%,+86.31%,0.9315,14,✗ No,budget_exceeded
7,376,368,01-01,+100.0%,+86.31%,0.9315,14,✗ No,budget_exceeded
7,376,368,01-01,+100.0%,+86.31%,0.9315,14,✗ No,budget_exceeded
7,376,368,01-01,+100.0%,+85.49%,0.9274,16,✗ No,budget_exceeded
7,376,368,01-01,+100.0%,+85.49%,0.9274,16,✗ No,budget_exceeded
7,376,369,01-01,+100.0%,+85.49%,0.9274,16,✗ No,budget_exceeded
7,376,369,01-01,+100.0%,+85.29%,0.9264,16,✗ No,budget_exceeded
7,376,369,01-01,+100.0%,+85.29%,0.9264,16,✗ No,budget_exceeded
7,376,370,01-01,+100.0%,+85.29%,0.9264,16,✗ No,budget_exceeded
7,376,370,01-01,+100.0%,+85.29%,0.9264,16,✗ No,budget_exceeded
7,376,370,01-01,+100.0%,+85.14%,0.9257,16,✗ No,budget_exceeded
7,376,371,01-01,+100.0%,+85.14%,0.9257,16,✗ No,budget_exceeded
7,376,371,01-01,+100.0%,+85.14%,0.9257,16,✗ No,budget_exceeded
7,376,371,01-01,+100.0%,+85.07%,0.9253,16,✗ No,budget_exceeded
7,376,371,01-01,+100.0%,+85.07%,0.9253,16,✗ No,budget_exceeded
7,376,372,01-01,+100.0%,+85.07%,0.9253,16,✗ No,budget_exceeded
7,376,372,01-01,+100.0%,+84.79%,0.9240,18,✗ No,budget_exceeded
7,376,372,01-01,+100.0%,+84.79%,0.9240,18,✗ No,budget_exceeded
7,376,373,01-01,+100.0%,+84.79%,0.9240,18,✗ No,budget_exceeded
7,376,373,01-01,+100.0%,+84.03%,0.9202,19,✗ No,budget_exceeded
7,376,373,01-01,+100.0%,+84.03%,0.9202,19,✗ No,budget_exceeded
7,376,374,01-01,+100.0%,+84.03%,0.9202,19,✗ No,budget_exceeded
7,376,374,01-01,+100.0%,+84.03%,0.9202,19,✗ No,budget_exceeded
7,376,374,01-01,+100.0%,+83.70%,0.9185,21,✗ No,budget_exceeded
7,376,375,01-01,+100.0%,+83.70%,0.9185,21,✗ No,budget_exceeded
7,376,375,01-01,+100.0%,+83.70%,0.9185,21,✗ No,budget_exceeded
7,376,375,01-01,+100.0%,+82.76%,0.9138,25,✗ No,budget_exceeded
7,376,375,01-01,+100.0%,+82.76%,0.9138,25,✗ No,budget_exceeded
7,376,376,01-01,+100.0%,+82.76%,0.9138,25,✗ No,budget_exceeded
7,376,376,01-01,+100.0%,+82.58%,0.9129,30,✗ No,budget_exceeded
7,376,376,01-01,+100.0%,+82.58%,0.9129,30,✗ No,budget_exceeded
7,377,363,01-01,+100.0%,+88.10%,0.9405,9,✗ No,budget_exceeded
7,377,363,01-01,+100.0%,+88.10%,0.9405,9,✗ No,budget_exceeded
7,377,363,01-01,+100.0%,+88.06%,0.9403,9,✗ No,budget_exceeded
7,377,364,01-01,+100.0%,+88.06%,0.9403,9,✗ No,budget_exceeded
7,377,364,01-01,+100.0%,+88.06%,0.9403,9,✗ No,budget_exceeded
7,377,364,01-01,+100.0%,+87.24%,0.9362,10,✓ Yes,budget_exceeded
7,377,364,01-01,+100.0%,+87.24%,0.9362,10,✓ Yes,budget_exceeded
7,377,365,01-01,+100.0%,+87.24%,0.9362,10,✓ Yes,budget_exceeded
7,377,365,01-01,+100.0%,+87.09%,0.9354,12,✗ No,budget_exceeded
7,377,365,01-01,+100.0%,+87.09%,0.9354,12,✗ No,budget_exceeded
7,377,366,01-01,+100.0%,+87.09%,0.9354,12,✗ No,budget_exceeded
7,377,366,01-01,+100.0%,+87.09%,0.9354,12,✗ No,budget_exceeded
7,377,366,01-01,+100.0%,+86.31%,0.9315,14,✗ No,budget_exceeded
7,377,367,01-01,+100.0%,+86.31%,0.9315,14,✗ No,budget_exceeded
7,377,367,01-01,+100.0%,+86.31%,0.9315,14,✗ No,budget_exceeded
7,377,367,01-01,+100.0%,+86.26%,0.9313,14,✗ No,budget_exceeded
7,377,368,01-01,+100.0%,+86.26%,0.9313,14,✗ No,budget_exceeded
7,377,368,01-01,+100.0%,+86.26%,0.9313,14,✗ No,budget_exceeded
7,377,368,01-01,+100.0%,+85.38%,0.9269,16,✗ No,budget_exceeded
7,377,368,01-01,+100.0%,+85.38%,0.9269,16,✗ No,budget_exceeded
7,377,369,01-01,+100.0%,+85.38%,0.9269,16,✗ No,budget_exceeded
7,377,369,01-01,+100.0%,+85.17%,0.9259,16,✗ No,budget_exceeded
7,377,369,01-01,+100.0%,+85.17%,0.9259,16,✗ No,budget_exceeded
7,377,370,01-01,+100.0%,+85.17%,0.9259,16,✗ No,budget_exceeded
7,377,370,01-01,+100.0%,+85.17%,0.9259,16,✗ No,budget_exceeded
7,377,370,01-01,+100.0%,+85.03%,0.9251,16,✗ No,budget_exceeded
7,377,371,01-01,+100.0%,+85.03%,0.9251,16,✗ No,budget_exceeded
7,377,371,01-01,+100.0%,+85.03%,0.9251,16,✗ No,budget_exceeded
7,377,371,01-01,+100.0%,+84.96%,0.9248,16,✗ No,budget_exceeded
7,377,372,01-01,+100.0%,+84.96%,0.9248,16,✗ No,budget_exceeded
7,377,372,01-01,+100.0%,+84.96%,0.9248,16,✗ No,budget_exceeded
7,377,372,01-01,+100.0%,+84.05%,0.9203,19,✗ No,budget_exceeded
7,377,372,01-01,+100.0%,+84.05%,0.9203,19,✗ No,budget_exceeded
7,377,373,01-01,+100.0%,+84.05%,0.9203,19,✗ No,budget_exceeded
7,377,373,01-01,+100.0%,+83.86%,0.9193,19,✗ No,budget_exceeded
7,377,373,01-01,+100.0%,+83.86%,0.9193,19,✗ No,budget_exceeded
7,377,374,01-01,+100.0%,+83.86%,0.9193,19,✗ No,budget_exceeded
7,377,374,01-01,+100.0%,+83.40%,0.9170,21,✗ No,budget_exceeded
7,377,374,01-01,+100.0%,+83.40%,0.9170,21,✗ No,budget_exceeded
7,377,375,01-01,+100.0%,+83.40%,0.9170,21,✗ No,budget_exceeded
7,377,375,01-01,+100.0%,+83.40%,0.9170,21,✗ No,budget_exceeded
7,377,375,01-01,+100.0%,+82.40%,0.9120,24,✗ No,budget_exceeded
7,377,376,01-01,+100.0%,+82.40%,0.9120,24,✗ No,budget_exceeded
7,377,376,01-01,+100.0%,+82.40%,0.9120,24,✗ No,budget_exceeded
7,377,376,01-01,+100.0%,+82.27%,0.9114,25,✗ No,budget_exceeded
7,377,376,01-01,+100.0%,+82.27%,0.9114,25,✗ No,budget_exceeded
7,377,377,01-01,+100.0%,+82.27%,0.9114,25,✗ No,budget_exceeded
7,377,377,01-01,+100.0%,+82.11%,0.9106,27,✗ No,budget_exceeded
7,377,377,01-01,+100.0%,+82.11%,0.9106,27,✗ No,budget_exceeded
7,378,363,01-01,+100.0%,+88.07%,0.9404,9,✗ No,budget_exceeded
7,378,363,01-01,+100.0%,+88.07%,0.9404,9,✗ No,budget_exceeded
7,378,363,01-01,+100.0%,+88.03%,0.9401,9,✗ No,budget_exceeded
7,378,364,01-01,+100.0%,+88.03%,0.9401,9,✗ No,budget_exceeded
7,378,364,01-01,+100.0%,+88.03%,0.9401,9,✗ No,budget_exceeded
7,378,364,01-01,+100.0%,+87.21%,0.9360,11,✗ No,budget_exceeded
7,378,364,01-01,+100.0%,+87.21%,0.9360,11,✗ No,budget_exceeded
7,378,365,01-01,+100.0%,+87.21%,0.9360,11,✗ No,budget_exceeded
7,378,365,01-01,+100.0%,+87.06%,0.9353,12,✗ No,budget_exceeded
7,378,365,01-01,+100.0%,+87.06%,0.9353,12,✗ No,budget_exceeded
7,378,366,01-01,+100.0%,+87.06%,0.9353,12,✗ No,budget_exceeded
7,378,366,01-01,+100.0%,+87.06%,0.9353,12,✗ No,budget_exceeded
7,378,366,01-01,+100.0%,+86.28%,0.9314,14,✗ No,budget_exceeded
7,378,367,01-01,+100.0%,+86.28%,0.9314,14,✗ No,budget_exceeded
7,378,367,01-01,+100.0%,+86.28%,0.9314,14,✗ No,budget_exceeded
7,378,367,01-01,+100.0%,+85.75%,0.9288,15,✗ No,budget_exceeded
7,378,367,01-01,+100.0%,+85.75%,0.9288,15,✗ No,budget_exceeded
7,378,368,01-01,+100.0%,+85.75%,0.9288,15,✗ No,budget_exceeded
7,378,368,01-01,+100.0%,+85.35%,0.9267,16,✗ No,budget_exceeded
7,378,368,01-01,+100.0%,+85.35%,0.9267,16,✗ No,budget_exceeded
7,378,369,01-01,+100.0%,+85.35%,0.9267,16,✗ No,budget_exceeded
7,378,369,01-01,+100.0%,+85.35%,0.9267,16,✗ No,budget_exceeded
7,378,369,01-01,+100.0%,+85.15%,0.9257,16,✗ No,budget_exceeded
7,378,370,01-01,+100.0%,+85.15%,0.9257,16,✗ No,budget_exceeded
7,378,370,01-01,+100.0%,+85.15%,0.9257,16,✗ No,budget_exceeded
7,378,370,01-01,+100.0%,+85.00%,0.9250,16,✗ No,budget_exceeded
7,378,371,01-01,+100.0%,+85.00%,0.9250,16,✗ No,budget_exceeded
7,378,371,01-01,+100.0%,+85.00%,0.9250,16,✗ No,budget_exceeded
7,378,371,01-01,+100.0%,+84.93%,0.9246,16,✗ No,budget_exceeded
7,378,371,01-01,+100.0%,+84.93%,0.9246,16,✗ No,budget_exceeded
7,378,372,01-01,+100.0%,+84.93%,0.9246,16,✗ No,budget_exceeded
7,378,372,01-01,+100.0%,+84.02%,0.9201,19,✗ No,budget_exceeded
7,378,372,01-01,+100.0%,+84.02%,0.9201,19,✗ No,budget_exceeded
7,378,373,01-01,+100.0%,+84.02%,0.9201,19,✗ No,budget_exceeded
7,378,373,01-01,+100.0%,+84.02%,0.9201,19,✗ No,budget_exceeded
7,378,373,01-01,+100.0%,+83.83%,0.9191,19,✗ No,budget_exceeded
7,378,374,01-01,+100.0%,+83.83%,0.9191,19,✗ No,budget_exceeded
7,378,374,01-01,+100.0%,+83.83%,0.9191,19,✗ No,budget_exceeded
7,378,374,01-01,+100.0%,+83.36%,0.9168,21,✗ No,budget_exceeded
7,378,374,01-01,+100.0%,+83.36%,0.9168,21,✗ No,budget_exceeded
7,378,375,01-01,+100.0%,+83.36%,0.9168,21,✗ No,budget_exceeded
7,378,375,01-01,+100.0%,+82.37%,0.9118,24,✗ No,budget_exceeded
7,378,375,01-01,+100.0%,+82.37%,0.9118,24,✗ No,budget_exceeded
7,378,376,01-01,+100.0%,+82.37%,0.9118,24,✗ No,budget_exceeded
7,378,376,01-01,+100.0%,+82.37%,0.9118,24,✗ No,budget_exceeded
7,378,376,01-01,+100.0%,+82.24%,0.9112,25,✗ No,budget_exceeded
7,378,377,01-01,+100.0%,+82.24%,0.9112,25,✗ No,budget_exceeded
7,378,377,01-01,+100.0%,+82.24%,0.9112,25,✗ No,budget_exceeded
7,378,377,01-01,+100.0%,+82.00%,0.9100,25,✗ No,budget_exceeded
7,378,377,01-01,+100.0%,+82.00%,0.9100,25,✗ No,budget_exceeded
7,378,378,01-01,+100.0%,+82.00%,0.9100,25,✗ No,budget_exceeded
7,378,378,01-01,+100.0%,+81.87%,0.9093,29,✗ No,budget_exceeded
7,378,378,01-01,+100.0%,+81.87%,0.9093,29,✗ No,budget_exceeded
7,376,363,01-02,+100.0%,+87.90%,0.9395,9,✗ No,budget_exceeded
7,376,363,01-02,+100.0%,+87.90%,0.9395,9,✗ No,budget_exceeded
7,376,363,01-02,+100.0%,+87.86%,0.9393,9,✗ No,budget_exceeded
7,376,364,01-02,+100.0%,+87.86%,0.9393,9,✗ No,budget_exceeded
7,376,364,01-02,+100.0%,+87.86%,0.9393,9,✗ No,budget_exceeded
7,376,364,01-02,+100.0%,+87.15%,0.9358,11,✗ No,budget_exceeded
7,376,364,01-02,+100.0%,+87.15%,0.9358,11,✗ No,budget_exceeded
7,376,365,01-02,+100.0%,+87.15%,0.9358,11,✗ No,budget_exceeded
7,376,365,01-02,+100.0%,+86.78%,0.9339,13,✗ No,budget_exceeded
7,376,365,01-02,+100.0%,+86.78%,0.9339,13,✗ No,budget_exceeded
7,376,366,01-02,+100.0%,+86.78%,0.9339,13,✗ No,budget_exceeded
7,376,366,01-02,+100.0%,+86.78%,0.9339,13,✗ No,budget_exceeded
7,376,366,01-02,+100.0%,+85.72%,0.9286,15,✗ No,budget_exceeded
7,376,367,01-02,+100.0%,+85.72%,0.9286,15,✗ No,budget_exceeded
7,376,367,01-02,+100.0%,+85.72%,0.9286,15,✗ No,budget_exceeded
7,376,367,01-02,+100.0%,+85.71%,0.9286,15,✗ No,budget_exceeded
7,376,368,01-02,+100.0%,+85.71%,0.9286,15,✗ No,budget_exceeded
7,376,368,01-02,+100.0%,+85.71%,0.9286,15,✗ No,budget_exceeded
7,376,368,01-02,+100.0%,+85.38%,0.9269,16,✗ No,budget_exceeded
7,376,368,01-02,+100.0%,+85.38%,0.9269,16,✗ No,budget_exceeded
7,376,369,01-02,+100.0%,+85.38%,0.9269,16,✗ No,budget_exceeded
7,376,369,01-02,+100.0%,+85.18%,0.9259,16,✗ No,budget_exceeded
7,376,369,01-02,+100.0%,+85.18%,0.9259,16,✗ No,budget_exceeded
7,376,370,01-02,+100.0%,+85.18%,0.9259,16,✗ No,budget_exceeded
7,376,370,01-02,+100.0%,+85.18%,0.9259,16,✗ No,budget_exceeded
7,376,370,01-02,+100.0%,+85.03%,0.9252,16,✗ No,budget_exceeded
7,376,371,01-02,+100.0%,+85.03%,0.9252,16,✗ No,budget_exceeded
7,376,371,01-02,+100.0%,+85.03%,0.9252,16,✗ No,budget_exceeded
7,376,371,01-02,+100.0%,+84.96%,0.9248,16,✗ No,budget_exceeded
7,376,371,01-02,+100.0%,+84.96%,0.9248,16,✗ No,budget_exceeded
7,376,372,01-02,+100.0%,+84.96%,0.9248,16,✗ No,budget_exceeded
7,376,372,01-02,+100.0%,+84.19%,0.9209,19,✗ No,budget_exceeded
7,376,372,01-02,+100.0%,+84.19%,0.9209,19,✗ No,budget_exceeded
7,376,373,01-02,+100.0%,+84.19%,0.9209,19,✗ No,budget_exceeded
7,376,373,01-02,+100.0%,+83.99%,0.9200,19,✗ No,budget_exceeded
7,376,373,01-02,+100.0%,+83.99%,0.9200,19,✗ No,budget_exceeded
7,376,374,01-02,+100.0%,+83.99%,0.9200,19,✗ No,budget_exceeded
7,376,374,01-02,+100.0%,+83.99%,0.9200,19,✗ No,budget_exceeded
7,376,374,01-02,+100.0%,+83.66%,0.9183,21,✗ No,budget_exceeded
7,376,375,01-02,+100.0%,+83.66%,0.9183,21,✗ No,budget_exceeded
7,376,375,01-02,+100.0%,+83.66%,0.9183,21,✗ No,budget_exceeded
7,376,375,01-02,+100.0%,+82.63%,0.9132,25,✗ No,budget_exceeded
7,376,375,01-02,+100.0%,+82.63%,0.9132,25,✗ No,budget_exceeded
7,376,376,01-02,+100.0%,+82.63%,0.9132,25,✗ No,budget_exceeded
7,376,376,01-02,+100.0%,+82.39%,0.9120,30,✗ No,budget_exceeded
7,376,376,01-02,+100.0%,+82.39%,0.9120,30,✗ No,budget_exceeded
7,377,363,01-02,+100.0%,+87.89%,0.9394,9,✗ No,budget_exceeded
7,377,363,01-02,+100.0%,+87.89%,0.9394,9,✗ No,budget_exceeded
7,377,363,01-02,+100.0%,+87.84%,0.9392,9,✗ No,budget_exceeded
7,377,364,01-02,+100.0%,+87.84%,0.9392,9,✗ No,budget_exceeded
7,377,364,01-02,+100.0%,+87.84%,0.9392,9,✗ No,budget_exceeded
7,377,364,01-02,+100.0%,+87.14%,0.9357,11,✗ No,budget_exceeded
7,377,364,01-02,+100.0%,+87.14%,0.9357,11,✗ No,budget_exceeded
7,377,365,01-02,+100.0%,+87.14%,0.9357,11,✗ No,budget_exceeded
7,377,365,01-02,+100.0%,+86.73%,0.9337,13,✗ No,budget_exceeded
7,377,365,01-02,+100.0%,+86.73%,0.9337,13,✗ No,budget_exceeded
7,377,366,01-02,+100.0%,+86.73%,0.9337,13,✗ No,budget_exceeded
7,377,366,01-02,+100.0%,+86.73%,0.9337,13,✗ No,budget_exceeded
7,377,366,01-02,+100.0%,+85.67%,0.9284,15,✗ No,budget_exceeded
7,377,367,01-02,+100.0%,+85.67%,0.9284,15,✗ No,budget_exceeded
7,377,367,01-02,+100.0%,+85.67%,0.9284,15,✗ No,budget_exceeded
7,377,367,01-02,+100.0%,+85.67%,0.9283,15,✗ No,budget_exceeded
7,377,368,01-02,+100.0%,+85.67%,0.9283,15,✗ No,budget_exceeded
7,377,368,01-02,+100.0%,+85.67%,0.9283,15,✗ No,budget_exceeded
7,377,368,01-02,+100.0%,+85.27%,0.9264,16,✗ No,budget_exceeded
7,377,368,01-02,+100.0%,+85.27%,0.9264,16,✗ No,budget_exceeded
7,377,369,01-02,+100.0%,+85.27%,0.9264,16,✗ No,budget_exceeded
7,377,369,01-02,+100.0%,+85.07%,0.9253,16,✗ No,budget_exceeded
7,377,369,01-02,+100.0%,+85.07%,0.9253,16,✗ No,budget_exceeded
7,377,370,01-02,+100.0%,+85.07%,0.9253,16,✗ No,budget_exceeded
7,377,370,01-02,+100.0%,+85.07%,0.9253,16,✗ No,budget_exceeded
7,377,370,01-02,+100.0%,+84.92%,0.9246,16,✗ No,budget_exceeded
7,377,371,01-02,+100.0%,+84.92%,0.9246,16,✗ No,budget_exceeded
7,377,371,01-02,+100.0%,+84.92%,0.9246,16,✗ No,budget_exceeded
7,377,371,01-02,+100.0%,+84.36%,0.9218,17,✗ No,budget_exceeded
7,377,372,01-02,+100.0%,+84.36%,0.9218,17,✗ No,budget_exceeded
7,377,372,01-02,+100.0%,+84.36%,0.9218,17,✗ No,budget_exceeded
7,377,372,01-02,+100.0%,+84.01%,0.9201,19,✗ No,budget_exceeded
7,377,372,01-02,+100.0%,+84.01%,0.9201,19,✗ No,budget_exceeded
7,377,373,01-02,+100.0%,+84.01%,0.9201,19,✗ No,budget_exceeded
7,377,373,01-02,+100.0%,+83.82%,0.9191,19,✗ No,budget_exceeded
7,377,373,01-02,+100.0%,+83.82%,0.9191,19,✗ No,budget_exceeded
7,377,374,01-02,+100.0%,+83.82%,0.9191,19,✗ No,budget_exceeded
7,377,374,01-02,+100.0%,+83.36%,0.9168,21,✗ No,budget_exceeded
7,377,374,01-02,+100.0%,+83.36%,0.9168,21,✗ No,budget_exceeded
7,377,375,01-02,+100.0%,+83.36%,0.9168,21,✗ No,budget_exceeded
7,377,375,01-02,+100.0%,+83.36%,0.9168,21,✗ No,budget_exceeded
7,377,375,01-02,+100.0%,+82.28%,0.9114,24,✗ No,budget_exceeded
7,377,376,01-02,+100.0%,+82.28%,0.9114,24,✗ No,budget_exceeded
7,377,376,01-02,+100.0%,+82.28%,0.9114,24,✗ No,budget_exceeded
7,377,376,01-02,+100.0%,+82.09%,0.9104,25,✗ No,budget_exceeded
7,377,376,01-02,+100.0%,+82.09%,0.9104,25,✗ No,budget_exceeded
7,377,377,01-02,+100.0%,+82.09%,0.9104,25,✗ No,budget_exceeded
7,377,377,01-02,+100.0%,+81.92%,0.9096,27,✗ No,budget_exceeded
7,377,377,01-02,+100.0%,+81.92%,0.9096,27,✗ No,budget_exceeded
7,378,363,01-02,+100.0%,+87.86%,0.9393,9,✗ No,budget_exceeded
7,378,363,01-02,+100.0%,+87.86%,0.9393,9,✗ No,budget_exceeded
7,378,363,01-02,+100.0%,+87.33%,0.9367,10,✗ No,budget_exceeded
7,378,364,01-02,+100.0%,+87.33%,0.9367,10,✗ No,budget_exceeded
7,378,364,01-02,+100.0%,+87.33%,0.9367,10,✗ No,budget_exceeded
7,378,364,01-02,+100.0%,+87.11%,0.9356,11,✗ No,budget_exceeded
7,378,364,01-02,+100.0%,+87.11%,0.9356,11,✗ No,budget_exceeded
7,378,365,01-02,+100.0%,+87.11%,0.9356,11,✗ No,budget_exceeded
7,378,365,01-02,+100.0%,+86.70%,0.9335,13,✗ No,budget_exceeded
7,378,365,01-02,+100.0%,+86.70%,0.9335,13,✗ No,budget_exceeded
7,378,366,01-02,+100.0%,+86.70%,0.9335,13,✗ No,budget_exceeded
7,378,366,01-02,+100.0%,+86.70%,0.9335,13,✗ No,budget_exceeded
7,378,366,01-02,+100.0%,+85.65%,0.9282,15,✗ No,budget_exceeded
7,378,367,01-02,+100.0%,+85.65%,0.9282,15,✗ No,budget_exceeded
7,378,367,01-02,+100.0%,+85.65%,0.9282,15,✗ No,budget_exceeded
7,378,367,01-02,+100.0%,+85.64%,0.9282,15,✗ No,budget_exceeded
7,378,367,01-02,+100.0%,+85.64%,0.9282,15,✗ No,budget_exceeded
7,378,368,01-02,+100.0%,+85.64%,0.9282,15,✗ No,budget_exceeded
7,378,368,01-02,+100.0%,+85.24%,0.9262,16,✗ No,budget_exceeded
7,378,368,01-02,+100.0%,+85.24%,0.9262,16,✗ No,budget_exceeded
7,378,369,01-02,+100.0%,+85.24%,0.9262,16,✗ No,budget_exceeded
7,378,369,01-02,+100.0%,+85.24%,0.9262,16,✗ No,budget_exceeded
7,378,369,01-02,+100.0%,+85.04%,0.9252,16,✗ No,budget_exceeded
7,378,370,01-02,+100.0%,+85.04%,0.9252,16,✗ No,budget_exceeded
7,378,370,01-02,+100.0%,+85.04%,0.9252,16,✗ No,budget_exceeded
7,378,370,01-02,+100.0%,+84.89%,0.9245,16,✗ No,budget_exceeded
7,378,371,01-02,+100.0%,+84.89%,0.9245,16,✗ No,budget_exceeded
7,378,371,01-02,+100.0%,+84.89%,0.9245,16,✗ No,budget_exceeded
7,378,371,01-02,+100.0%,+84.33%,0.9217,17,✗ No,budget_exceeded
7,378,371,01-02,+100.0%,+84.33%,0.9217,17,✗ No,budget_exceeded
7,378,372,01-02,+100.0%,+84.33%,0.9217,17,✗ No,budget_exceeded
7,378,372,01-02,+100.0%,+83.98%,0.9199,19,✗ No,budget_exceeded
7,378,372,01-02,+100.0%,+83.98%,0.9199,19,✗ No,budget_exceeded
7,378,373,01-02,+100.0%,+83.98%,0.9199,19,✗ No,budget_exceeded
7,378,373,01-02,+100.0%,+83.98%,0.9199,19,✗ No,budget_exceeded
7,378,373,01-02,+100.0%,+83.79%,0.9189,19,✗ No,budget_exceeded
7,378,374,01-02,+100.0%,+83.79%,0.9189,19,✗ No,budget_exceeded
7,378,374,01-02,+100.0%,+83.79%,0.9189,19,✗ No,budget_exceeded
7,378,374,01-02,+100.0%,+83.32%,0.9166,21,✗ No,budget_exceeded
7,378,374,01-02,+100.0%,+83.32%,0.9166,21,✗ No,budget_exceeded
7,378,375,01-02,+100.0%,+83.32%,0.9166,21,✗ No,budget_exceeded
7,378,375,01-02,+100.0%,+82.25%,0.9112,24,✗ No,budget_exceeded
7,378,375,01-02,+100.0%,+82.25%,0.9112,24,✗ No,budget_exceeded
7,378,376,01-02,+100.0%,+82.25%,0.9112,24,✗ No,budget_exceeded
7,378,376,01-02,+100.0%,+82.25%,0.9112,24,✗ No,budget_exceeded
7,378,376,01-02,+100.0%,+82.05%,0.9103,25,✗ No,budget_exceeded
7,378,377,01-02,+100.0%,+82.05%,0.9103,25,✗ No,budget_exceeded
7,378,377,01-02,+100.0%,+82.05%,0.9103,25,✗ No,budget_exceeded
7,378,377,01-02,+100.0%,+81.81%,0.9091,25,✗ No,budget_exceeded
7,378,377,01-02,+100.0%,+81.81%,0.9091,25,✗ No,budget_exceeded
7,378,378,01-02,+100.0%,+81.81%,0.9091,25,✗ No,budget_exceeded
7,378,378,01-02,+100.0%,+80.95%,0.9047,30,✗ No,budget_exceeded
7,378,378,01-02,+100.0%,+80.95%,0.9047,30,✗ No,budget_exceeded
8,377,363,01-01,+100.0%,+88.06%,0.9403,9,✗ No,budget_exceeded
8,377,364,01-01,+100.0%,+88.06%,0.9403,9,✗ No,budget_exceeded
8,377,364,01-01,+100.0%,+87.24%,0.9362,10,✓ Yes,budget_exceeded
8,377,364,01-01,+100.0%,+87.24%,0.9362,10,✓ Yes,budget_exceeded
8,377,365,01-01,+100.0%,+87.24%,0.9362,10,✓ Yes,budget_exceeded
8,377,365,01-01,+100.0%,+87.24%,0.9362,10,✓ Yes,budget_exceeded
8,377,365,01-01,+100.0%,+87.09%,0.9354,12,✗ No,budget_exceeded
8,377,366,01-01,+100.0%,+87.09%,0.9354,12,✗ No,budget_exceeded
8,377,366,01-01,+100.0%,+87.09%,0.9354,12,✗ No,budget_exceeded
8,377,366,01-01,+100.0%,+86.31%,0.9315,14,✗ No,budget_exceeded
8,377,366,01-01,+100.0%,+86.31%,0.9315,14,✗ No,budget_exceeded
8,377,367,01-01,+100.0%,+86.31%,0.9315,14,✗ No,budget_exceeded
8,377,367,01-01,+100.0%,+86.26%,0.9313,14,✗ No,budget_exceeded
8,377,367,01-01,+100.0%,+86.26%,0.9313,14,✗ No,budget_exceeded
8,377,368,01-01,+100.0%,+86.26%,0.9313,14,✗ No,budget_exceeded
8,377,368,01-01,+100.0%,+85.38%,0.9269,16,✗ No,budget_exceeded
8,377,368,01-01,+100.0%,+85.38%,0.9269,16,✗ No,budget_exceeded
8,377,369,01-01,+100.0%,+85.38%,0.9269,16,✗ No,budget_exceeded
8,377,369,01-01,+100.0%,+85.38%,0.9269,16,✗ No,budget_exceeded
8,377,369,01-01,+100.0%,+85.17%,0.9259,16,✗ No,budget_exceeded
8,377,370,01-01,+100.0%,+85.17%,0.9259,16,✗ No,budget_exceeded
8,377,370,01-01,+100.0%,+85.17%,0.9259,16,✗ No,budget_exceeded
8,377,370,01-01,+100.0%,+85.03%,0.9251,16,✗ No,budget_exceeded
8,377,370,01-01,+100.0%,+85.03%,0.9251,16,✗ No,budget_exceeded
8,377,371,01-01,+100.0%,+85.03%,0.9251,16,✗ No,budget_exceeded
8,377,371,01-01,+100.0%,+84.96%,0.9248,16,✗ No,budget_exceeded
8,377,371,01-01,+100.0%,+84.96%,0.9248,16,✗ No,budget_exceeded
8,377,372,01-01,+100.0%,+84.96%,0.9248,16,✗ No,budget_exceeded
8,377,372,01-01,+100.0%,+84.96%,0.9248,16,✗ No,budget_exceeded
8,377,372,01-01,+100.0%,+84.05%,0.9203,19,✗ No,budget_exceeded
8,377,373,01-01,+100.0%,+84.05%,0.9203,19,✗ No,budget_exceeded
8,377,373,01-01,+100.0%,+84.05%,0.9203,19,✗ No,budget_exceeded
8,377,373,01-01,+100.0%,+83.86%,0.9193,19,✗ No,budget_exceeded
8,377,374,01-01,+100.0%,+83.86%,0.9193,19,✗ No,budget_exceeded
8,377,374,01-01,+100.0%,+83.86%,0.9193,19,✗ No,budget_exceeded
8,377,374,01-01,+100.0%,+83.40%,0.9170,21,✗ No,budget_exceeded
8,377,374,01-01,+100.0%,+83.40%,0.9170,21,✗ No,budget_exceeded
8,377,375,01-01,+100.0%,+83.40%,0.9170,21,✗ No,budget_exceeded
8,377,375,01-01,+100.0%,+82.40%,0.9120,24,✗ No,budget_exceeded
8,377,375,01-01,+100.0%,+82.40%,0.9120,24,✗ No,budget_exceeded
8,377,376,01-01,+100.0%,+82.40%,0.9120,24,✗ No,budget_exceeded
8,377,376,01-01,+100.0%,+82.40%,0.9120,24,✗ No,budget_exceeded
8,377,376,01-01,+100.0%,+82.27%,0.9114,25,✗ No,budget_exceeded
8,377,377,01-01,+100.0%,+82.27%,0.9114,25,✗ No,budget_exceeded
8,377,377,01-01,+100.0%,+82.27%,0.9114,25,✗ No,budget_exceeded
8,377,377,01-01,+100.0%,+82.11%,0.9106,27,✗ No,budget_exceeded
8,378,363,01-01,+100.0%,+88.03%,0.9401,9,✗ No,budget_exceeded
8,378,364,01-01,+100.0%,+88.03%,0.9401,9,✗ No,budget_exceeded
8,378,364,01-01,+100.0%,+87.21%,0.9360,11,✗ No,budget_exceeded
8,378,364,01-01,+100.0%,+87.21%,0.9360,11,✗ No,budget_exceeded
8,378,365,01-01,+100.0%,+87.21%,0.9360,11,✗ No,budget_exceeded
8,378,365,01-01,+100.0%,+87.21%,0.9360,11,✗ No,budget_exceeded
8,378,365,01-01,+100.0%,+87.06%,0.9353,12,✗ No,budget_exceeded
8,378,366,01-01,+100.0%,+87.06%,0.9353,12,✗ No,budget_exceeded
8,378,366,01-01,+100.0%,+87.06%,0.9353,12,✗ No,budget_exceeded
8,378,366,01-01,+100.0%,+86.28%,0.9314,14,✗ No,budget_exceeded
8,378,366,01-01,+100.0%,+86.28%,0.9314,14,✗ No,budget_exceeded
8,378,367,01-01,+100.0%,+86.28%,0.9314,14,✗ No,budget_exceeded
8,378,367,01-01,+100.0%,+85.75%,0.9288,15,✗ No,budget_exceeded
8,378,367,01-01,+100.0%,+85.75%,0.9288,15,✗ No,budget_exceeded
8,378,368,01-01,+100.0%,+85.75%,0.9288,15,✗ No,budget_exceeded
8,378,368,01-01,+100.0%,+85.35%,0.9267,16,✗ No,budget_exceeded
8,378,368,01-01,+100.0%,+85.35%,0.9267,16,✗ No,budget_exceeded
8,378,369,01-01,+100.0%,+85.35%,0.9267,16,✗ No,budget_exceeded
8,378,369,01-01,+100.0%,+85.35%,0.9267,16,✗ No,budget_exceeded
8,378,369,01-01,+100.0%,+85.15%,0.9257,16,✗ No,budget_exceeded
8,378,370,01-01,+100.0%,+85.15%,0.9257,16,✗ No,budget_exceeded
8,378,370,01-01,+100.0%,+85.15%,0.9257,16,✗ No,budget_exceeded
8,378,370,01-01,+100.0%,+85.00%,0.9250,16,✗ No,budget_exceeded
8,378,371,01-01,+100.0%,+85.00%,0.9250,16,✗ No,budget_exceeded
8,378,371,01-01,+100.0%,+85.00%,0.9250,16,✗ No,budget_exceeded
8,378,371,01-01,+100.0%,+84.93%,0.9246,16,✗ No,budget_exceeded
8,378,371,01-01,+100.0%,+84.93%,0.9246,16,✗ No,budget_exceeded
8,378,372,01-01,+100.0%,+84.93%,0.9246,16,✗ No,budget_exceeded
8,378,372,01-01,+100.0%,+84.02%,0.9201,19,✗ No,budget_exceeded
8,378,372,01-01,+100.0%,+84.02%,0.9201,19,✗ No,budget_exceeded
8,378,373,01-01,+100.0%,+84.02%,0.9201,19,✗ No,budget_exceeded
8,378,373,01-01,+100.0%,+84.02%,0.9201,19,✗ No,budget_exceeded
8,378,373,01-01,+100.0%,+83.83%,0.9191,19,✗ No,budget_exceeded
8,378,374,01-01,+100.0%,+83.83%,0.9191,19,✗ No,budget_exceeded
8,378,374,01-01,+100.0%,+83.83%,0.9191,19,✗ No,budget_exceeded
8,378,374,01-01,+100.0%,+83.36%,0.9168,21,✗ No,budget_exceeded
8,378,375,01-01,+100.0%,+83.36%,0.9168,21,✗ No,budget_exceeded
8,378,375,01-01,+100.0%,+83.36%,0.9168,21,✗ No,budget_exceeded
8,378,375,01-01,+100.0%,+82.37%,0.9118,24,✗ No,budget_exceeded
8,378,375,01-01,+100.0%,+82.37%,0.9118,24,✗ No,budget_exceeded
8,378,376,01-01,+100.0%,+82.37%,0.9118,24,✗ No,budget_exceeded
8,378,376,01-01,+100.0%,+82.24%,0.9112,25,✗ No,budget_exceeded
8,378,376,01-01,+100.0%,+82.24%,0.9112,25,✗ No,budget_exceeded
8,378,377,01-01,+100.0%,+82.24%,0.9112,25,✗ No,budget_exceeded
8,378,377,01-01,+100.0%,+82.24%,0.9112,25,✗ No,budget_exceeded
8,378,377,01-01,+100.0%,+82.00%,0.9100,25,✗ No,budget_exceeded
8,378,378,01-01,+100.0%,+82.00%,0.9100,25,✗ No,budget_exceeded
8,378,378,01-01,+100.0%,+82.00%,0.9100,25,✗ No,budget_exceeded
8,378,378,01-01,+100.0%,+81.87%,0.9093,29,✗ No,budget_exceeded
8,377,363,01-02,+100.0%,+87.84%,0.9392,9,✗ No,budget_exceeded
8,377,364,01-02,+100.0%,+87.84%,0.9392,9,✗ No,budget_exceeded
8,377,364,01-02,+100.0%,+87.14%,0.9357,11,✗ No,budget_exceeded
8,377,364,01-02,+100.0%,+87.14%,0.9357,11,✗ No,budget_exceeded
8,377,365,01-02,+100.0%,+87.14%,0.9357,11,✗ No,budget_exceeded
8,377,365,01-02,+100.0%,+87.14%,0.9357,11,✗ No,budget_exceeded
8,377,365,01-02,+100.0%,+86.73%,0.9337,13,✗ No,budget_exceeded
8,377,366,01-02,+100.0%,+86.73%,0.9337,13,✗ No,budget_exceeded
8,377,366,01-02,+100.0%,+86.73%,0.9337,13,✗ No,budget_exceeded
8,377,366,01-02,+100.0%,+85.67%,0.9284,15,✗ No,budget_exceeded
8,377,366,01-02,+100.0%,+85.67%,0.9284,15,✗ No,budget_exceeded
8,377,367,01-02,+100.0%,+85.67%,0.9284,15,✗ No,budget_exceeded
8,377,367,01-02,+100.0%,+85.67%,0.9283,15,✗ No,budget_exceeded
8,377,367,01-02,+100.0%,+85.67%,0.9283,15,✗ No,budget_exceeded
8,377,368,01-02,+100.0%,+85.67%,0.9283,15,✗ No,budget_exceeded
8,377,368,01-02,+100.0%,+85.27%,0.9264,16,✗ No,budget_exceeded
8,377,368,01-02,+100.0%,+85.27%,0.9264,16,✗ No,budget_exceeded
8,377,369,01-02,+100.0%,+85.27%,0.9264,16,✗ No,budget_exceeded
8,377,369,01-02,+100.0%,+85.27%,0.9264,16,✗ No,budget_exceeded
8,377,369,01-02,+100.0%,+85.07%,0.9253,16,✗ No,budget_exceeded
8,377,370,01-02,+100.0%,+85.07%,0.9253,16,✗ No,budget_exceeded
8,377,370,01-02,+100.0%,+85.07%,0.9253,16,✗ No,budget_exceeded
8,377,370,01-02,+100.0%,+84.92%,0.9246,16,✗ No,budget_exceeded
8,377,370,01-02,+100.0%,+84.92%,0.9246,16,✗ No,budget_exceeded
8,377,371,01-02,+100.0%,+84.92%,0.9246,16,✗ No,budget_exceeded
8,377,371,01-02,+100.0%,+84.36%,0.9218,17,✗ No,budget_exceeded
8,377,371,01-02,+100.0%,+84.36%,0.9218,17,✗ No,budget_exceeded
8,377,372,01-02,+100.0%,+84.36%,0.9218,17,✗ No,budget_exceeded
8,377,372,01-02,+100.0%,+84.36%,0.9218,17,✗ No,budget_exceeded
8,377,372,01-02,+100.0%,+84.01%,0.9201,19,✗ No,budget_exceeded
8,377,373,01-02,+100.0%,+84.01%,0.9201,19,✗ No,budget_exceeded
8,377,373,01-02,+100.0%,+84.01%,0.9201,19,✗ No,budget_exceeded
8,377,373,01-02,+100.0%,+83.82%,0.9191,19,✗ No,budget_exceeded
8,377,374,01-02,+100.0%,+83.82%,0.9191,19,✗ No,budget_exceeded
8,377,374,01-02,+100.0%,+83.82%,0.9191,19,✗ No,budget_exceeded
8,377,374,01-02,+100.0%,+83.36%,0.9168,21,✗ No,budget_exceeded
8,377,374,01-02,+100.0%,+83.36%,0.9168,21,✗ No,budget_exceeded
8,377,375,01-02,+100.0%,+83.36%,0.9168,21,✗ No,budget_exceeded
8,377,375,01-02,+100.0%,+82.28%,0.9114,24,✗ No,budget_exceeded
8,377,375,01-02,+100.0%,+82.28%,0.9114,24,✗ No,budget_exceeded
8,377,376,01-02,+100.0%,+82.28%,0.9114,24,✗ No,budget_exceeded
8,377,376,01-02,+100.0%,+82.28%,0.9114,24,✗ No,budget_exceeded
8,377,376,01-02,+100.0%,+82.09%,0.9104,25,✗ No,budget_exceeded
8,377,377,01-02,+100.0%,+82.09%,0.9104,25,✗ No,budget_exceeded
8,377,377,01-02,+100.0%,+82.09%,0.9104,25,✗ No,budget_exceeded
8,377,377,01-02,+100.0%,+81.92%,0.9096,27,✗ No,budget_exceeded
8,378,363,01-02,+100.0%,+87.33%,0.9367,10,✗ No,budget_exceeded
8,378,364,01-02,+100.0%,+87.33%,0.9367,10,✗ No,budget_exceeded
8,378,364,01-02,+100.0%,+87.11%,0.9356,11,✗ No,budget_exceeded
8,378,364,01-02,+100.0%,+87.11%,0.9356,11,✗ No,budget_exceeded
8,378,365,01-02,+100.0%,+87.11%,0.9356,11,✗ No,budget_exceeded
8,378,365,01-02,+100.0%,+87.11%,0.9356,11,✗ No,budget_exceeded
8,378,365,01-02,+100.0%,+86.70%,0.9335,13,✗ No,budget_exceeded
8,378,366,01-02,+100.0%,+86.70%,0.9335,13,✗ No,budget_exceeded
8,378,366,01-02,+100.0%,+86.70%,0.9335,13,✗ No,budget_exceeded
8,378,366,01-02,+100.0%,+85.65%,0.9282,15,✗ No,budget_exceeded
8,378,366,01-02,+100.0%,+85.65%,0.9282,15,✗ No,budget_exceeded
8,378,367,01-02,+100.0%,+85.65%,0.9282,15,✗ No,budget_exceeded
8,378,367,01-02,+100.0%,+85.64%,0.9282,15,✗ No,budget_exceeded
8,378,367,01-02,+100.0%,+85.64%,0.9282,15,✗ No,budget_exceeded
8,378,368,01-02,+100.0%,+85.64%,0.9282,15,✗ No,budget_exceeded
8,378,368,01-02,+100.0%,+85.24%,0.9262,16,✗ No,budget_exceeded
8,378,368,01-02,+100.0%,+85.24%,0.9262,16,✗ No,budget_exceeded
8,378,369,01-02,+100.0%,+85.24%,0.9262,16,✗ No,budget_exceeded
8,378,369,01-02,+100.0%,+85.24%,0.9262,16,✗ No,budget_exceeded
8,378,369,01-02,+100.0%,+85.04%,0.9252,16,✗ No,budget_exceeded
8,378,370,01-02,+100.0%,+85.04%,0.9252,16,✗ No,budget_exceeded
8,378,370,01-02,+100.0%,+85.04%,0.9252,16,✗ No,budget_exceeded
8,378,370,01-02,+100.0%,+84.89%,0.9245,16,✗ No,budget_exceeded
8,378,371,01-02,+100.0%,+84.89%,0.9245,16,✗ No,budget_exceeded
8,378,371,01-02,+100.0%,+84.89%,0.9245,16,✗ No,budget_exceeded
8,378,371,01-02,+100.0%,+84.33%,0.9217,17,✗ No,budget_exceeded
8,378,371,01-02,+100.0%,+84.33%,0.9217,17,✗ No,budget_exceeded
8,378,372,01-02,+100.0%,+84.33%,0.9217,17,✗ No,budget_exceeded
8,378,372,01-02,+100.0%,+83.98%,0.9199,19,✗ No,budget_exceeded
8,378,372,01-02,+100.0%,+83.98%,0.9199,19,✗ No,budget_exceeded
8,378,373,01-02,+100.0%,+83.98%,0.9199,19,✗ No,budget_exceeded
8,378,373,01-02,+100.0%,+83.98%,0.9199,19,✗ No,budget_exceeded
8,378,373,01-02,+100.0%,+83.79%,0.9189,19,✗ No,budget_exceeded
8,378,374,01-02,+100.0%,+83.79%,0.9189,19,✗ No,budget_exceeded
8,378,374,01-02,+100.0%,+83.79%,0.9189,19,✗ No,budget_exceeded
8,378,374,01-02,+100.0%,+83.32%,0.9166,21,✗ No,budget_exceeded
8,378,375,01-02,+100.0%,+83.32%,0.9166,21,✗ No,budget_exceeded
8,378,375,01-02,+100.0%,+83.32%,0.9166,21,✗ No,budget_exceeded
8,378,375,01-02,+100.0%,+82.25%,0.9112,24,✗ No,budget_exceeded
8,378,375,01-02,+100.0%,+82.25%,0.9112,24,✗ No,budget_exceeded
8,378,376,01-02,+100.0%,+82.25%,0.9112,24,✗ No,budget_exceeded
8,378,376,01-02,+100.0%,+82.05%,0.9103,25,✗ No,budget_exceeded
8,378,376,01-02,+100.0%,+82.05%,0.9103,25,✗ No,budget_exceeded
8,378,377,01-02,+100.0%,+82.05%,0.9103,25,✗ No,budget_exceeded
8,378,377,01-02,+100.0%,+82.05%,0.9103,25,✗ No,budget_exceeded
8,378,377,01-02,+100.0%,+81.81%,0.9091,25,✗ No,budget_exceeded
8,378,378,01-02,+100.0%,+81.81%,0.9091,25,✗ No,budget_exceeded
8,378,378,01-02,+100.0%,+81.81%,0.9091,25,✗ No,budget_exceeded
8,378,378,01-02,+100.0%,+80.95%,0.9047,30,✗ No,budget_exceeded
9,378,364,01-01,+100.0%,+88.06%,0.9403,9,✗ No,budget_exceeded
9,378,364,01-01,+100.0%,+87.24%,0.9362,10,✓ Yes,budget_exceeded
9,378,364,01-01,+100.0%,+87.24%,0.9362,10,✓ Yes,budget_exceeded
9,378,365,01-01,+100.0%,+87.24%,0.9362,10,✓ Yes,budget_exceeded
9,378,365,01-01,+100.0%,+87.09%,0.9354,12,✗ No,budget_exceeded
9,378,365,01-01,+100.0%,+87.09%,0.9354,12,✗ No,budget_exceeded
9,378,366,01-01,+100.0%,+87.09%,0.9354,12,✗ No,budget_exceeded
9,378,366,01-01,+100.0%,+87.09%,0.9354,12,✗ No,budget_exceeded
9,378,366,01-01,+100.0%,+86.31%,0.9315,14,✗ No,budget_exceeded
9,378,367,01-01,+100.0%,+86.31%,0.9315,14,✗ No,budget_exceeded
9,378,367,01-01,+100.0%,+86.31%,0.9315,14,✗ No,budget_exceeded
9,378,367,01-01,+100.0%,+86.26%,0.9313,14,✗ No,budget_exceeded
9,378,367,01-01,+100.0%,+86.26%,0.9313,14,✗ No,budget_exceeded
9,378,368,01-01,+100.0%,+86.26%,0.9313,14,✗ No,budget_exceeded
9,378,368,01-01,+100.0%,+85.38%,0.9269,16,✗ No,budget_exceeded
9,378,368,01-01,+100.0%,+85.38%,0.9269,16,✗ No,budget_exceeded
9,378,369,01-01,+100.0%,+85.38%,0.9269,16,✗ No,budget_exceeded
9,378,369,01-01,+100.0%,+85.38%,0.9269,16,✗ No,budget_exceeded
9,378,369,01-01,+100.0%,+85.17%,0.9259,16,✗ No,budget_exceeded
9,378,370,01-01,+100.0%,+85.17%,0.9259,16,✗ No,budget_exceeded
9,378,370,01-01,+100.0%,+85.17%,0.9259,16,✗ No,budget_exceeded
9,378,370,01-01,+100.0%,+85.03%,0.9251,16,✗ No,budget_exceeded
9,378,371,01-01,+100.0%,+85.03%,0.9251,16,✗ No,budget_exceeded
9,378,371,01-01,+100.0%,+85.03%,0.9251,16,✗ No,budget_exceeded
9,378,371,01-01,+100.0%,+84.96%,0.9248,16,✗ No,budget_exceeded
9,378,371,01-01,+100.0%,+84.96%,0.9248,16,✗ No,budget_exceeded
9,378,372,01-01,+100.0%,+84.96%,0.9248,16,✗ No,budget_exceeded
9,378,372,01-01,+100.0%,+84.05%,0.9203,19,✗ No,budget_exceeded
9,378,372,01-01,+100.0%,+84.05%,0.9203,19,✗ No,budget_exceeded
9,378,373,01-01,+100.0%,+84.05%,0.9203,19,✗ No,budget_exceeded
9,378,373,01-01,+100.0%,+84.05%,0.9203,19,✗ No,budget_exceeded
9,378,373,01-01,+100.0%,+83.86%,0.9193,19,✗ No,budget_exceeded
9,378,374,01-01,+100.0%,+83.86%,0.9193,19,✗ No,budget_exceeded
9,378,374,01-01,+100.0%,+83.86%,0.9193,19,✗ No,budget_exceeded
9,378,374,01-01,+100.0%,+83.40%,0.9170,21,✗ No,budget_exceeded
9,378,375,01-01,+100.0%,+83.40%,0.9170,21,✗ No,budget_exceeded
9,378,375,01-01,+100.0%,+83.40%,0.9170,21,✗ No,budget_exceeded
9,378,375,01-01,+100.0%,+82.40%,0.9120,24,✗ No,budget_exceeded
9,378,375,01-01,+100.0%,+82.40%,0.9120,24,✗ No,budget_exceeded
9,378,376,01-01,+100.0%,+82.40%,0.9120,24,✗ No,budget_exceeded
9,378,376,01-01,+100.0%,+82.27%,0.9114,25,✗ No,budget_exceeded
9,378,376,01-01,+100.0%,+82.27%,0.9114,25,✗ No,budget_exceeded
9,378,377,01-01,+100.0%,+82.27%,0.9114,25,✗ No,budget_exceeded
9,378,377,01-01,+100.0%,+82.27%,0.9114,25,✗ No,budget_exceeded
9,378,377,01-01,+100.0%,+82.11%,0.9106,27,✗ No,budget_exceeded
9,378,378,01-01,+100.0%,+82.11%,0.9106,27,✗ No,budget_exceeded
9,378,364,01-02,+100.0%,+87.84%,0.9392,9,✗ No,budget_exceeded
9,378,364,01-02,+100.0%,+87.14%,0.9357,11,✗ No,budget_exceeded
9,378,364,01-02,+100.0%,+87.14%,0.9357,11,✗ No,budget_exceeded
9,378,365,01-02,+100.0%,+87.14%,0.9357,11,✗ No,budget_exceeded
9,378,365,01-02,+100.0%,+86.73%,0.9337,13,✗ No,budget_exceeded
9,378,365,01-02,+100.0%,+86.73%,0.9337,13,✗ No,budget_exceeded
9,378,366,01-02,+100.0%,+86.73%,0.9337,13,✗ No,budget_exceeded
9,378,366,01-02,+100.0%,+86.73%,0.9337,13,✗ No,budget_exceeded
9,378,366,01-02,+100.0%,+85.67%,0.9284,15,✗ No,budget_exceeded
9,378,367,01-02,+100.0%,+85.67%,0.9284,15,✗ No,budget_exceeded
9,378,367,01-02,+100.0%,+85.67%,0.9284,15,✗ No,budget_exceeded
9,378,367,01-02,+100.0%,+85.67%,0.9283,15,✗ No,budget_exceeded
9,378,367,01-02,+100.0%,+85.67%,0.9283,15,✗ No,budget_exceeded
9,378,368,01-02,+100.0%,+85.67%,0.9283,15,✗ No,budget_exceeded
9,378,368,01-02,+100.0%,+85.27%,0.9264,16,✗ No,budget_exceeded
9,378,368,01-02,+100.0%,+85.27%,0.9264,16,✗ No,budget_exceeded
9,378,369,01-02,+100.0%,+85.27%,0.9264,16,✗ No,budget_exceeded
9,378,369,01-02,+100.0%,+85.27%,0.9264,16,✗ No,budget_exceeded
9,378,369,01-02,+100.0%,+85.07%,0.9253,16,✗ No,budget_exceeded
9,378,370,01-02,+100.0%,+85.07%,0.9253,16,✗ No,budget_exceeded
9,378,370,01-02,+100.0%,+85.07%,0.9253,16,✗ No,budget_exceeded
9,378,370,01-02,+100.0%,+84.92%,0.9246,16,✗ No,budget_exceeded
9,378,371,01-02,+100.0%,+84.92%,0.9246,16,✗ No,budget_exceeded
9,378,371,01-02,+100.0%,+84.92%,0.9246,16,✗ No,budget_exceeded
9,378,371,01-02,+100.0%,+84.36%,0.9218,17,✗ No,budget_exceeded
9,378,371,01-02,+100.0%,+84.36%,0.9218,17,✗ No,budget_exceeded
9,378,372,01-02,+100.0%,+84.36%,0.9218,17,✗ No,budget_exceeded
9,378,372,01-02,+100.0%,+84.01%,0.9201,19,✗ No,budget_exceeded
9,378,372,01-02,+100.0%,+84.01%,0.9201,19,✗ No,budget_exceeded
9,378,373,01-02,+100.0%,+84.01%,0.9201,19,✗ No,budget_exceeded
9,378,373,01-02,+100.0%,+84.01%,0.9201,19,✗ No,budget_exceeded
9,378,373,01-02,+100.0%,+83.82%,0.9191,19,✗ No,budget_exceeded
9,378,374,01-02,+100.0%,+83.82%,0.9191,19,✗ No,budget_exceeded
9,378,374,01-02,+100.0%,+83.82%,0.9191,19,✗ No,budget_exceeded
9,378,374,01-02,+100.0%,+83.36%,0.9168,21,✗ No,budget_exceeded
9,378,375,01-02,+100.0%,+83.36%,0.9168,21,✗ No,budget_exceeded
9,378,375,01-02,+100.0%,+83.36%,0.9168,21,✗ No,budget_exceeded
9,378,375,01-02,+100.0%,+82.28%,0.9114,24,✗ No,budget_exceeded
9,378,375,01-02,+100.0%,+82.28%,0.9114,24,✗ No,budget_exceeded
9,378,376,01-02,+100.0%,+82.28%,0.9114,24,✗ No,budget_exceeded
9,378,376,01-02,+100.0%,+82.09%,0.9104,25,✗ No,budget_exceeded
9,378,376,01-02,+100.0%,+82.09%,0.9104,25,✗ No,budget_exceeded
9,378,377,01-02,+100.0%,+82.09%,0.9104,25,✗ No,budget_exceeded
9,378,377,01-02,+100.0%,+82.09%,0.9104,25,✗ No,budget_exceeded
9,378,377,01-02,+100.0%,+81.92%,0.9096,27,✗ No,budget_exceeded
9,378,378,01-02,+100.0%,+81.92%,0.9096,27,✗ No,budget_exceeded
