Iter,θ_p,θ_r,Start,Overhead %,CO₂ Save %,Score,Pauses,Budget,Stop
0,10,0,01-01,+25.0%,+97.83%,0.9892,1,✗ No,budget_exceeded
0,10,10,01-01,+25.0%,+97.83%,0.9892,1,✗ No,budget_exceeded
0,98,0,01-01,+25.0%,+97.83%,0.9892,1,✗ No,budget_exceeded
0,98,98,01-01,+25.0%,+97.83%,0.9892,1,✗ No,budget_exceeded
0,186,0,01-01,+25.0%,+97.83%,0.9892,1,✗ No,budget_exceeded
0,186,186,01-01,+25.0%,+97.83%,0.9892,1,✗ No,budget_exceeded
0,273,0,01-01,+25.0%,+97.83%,0.9892,1,✗ No,budget_exceeded
0,273,137,01-01,+25.0%,+97.83%,0.9892,1,✗ No,budget_exceeded
0,273,273,01-01,+25.0%,+97.83%,0.9892,1,✗ No,budget_exceeded
0,361,0,01-01,+25.0%,+97.83%,0.9892,1,✗ No,budget_exceeded
0,361,90,01-01,+25.0%,+97.83%,0.9892,1,✗ No,budget_exceeded
0,361,181,01-01,+25.0%,+97.83%,0.9892,1,✗ No,budget_exceeded
0,361,271,01-01,+25.0%,+97.83%,0.9892,1,✗ No,budget_exceeded
0,361,361,01-01,+25.0%,+97.83%,0.9892,1,✗ No,budget_exceeded
0,449,0,01-01,+25.0%,+97.83%,0.9892,1,✗ No,budget_exceeded
0,449,90,01-01,+25.0%,+97.83%,0.9892,1,✗ No,budget_exceeded
0,449,180,01-01,+25.0%,+97.83%,0.9892,1,✗ No,budget_exceeded
0,449,269,01-01,+25.0%,+97.83%,0.9892,1,✗ No,budget_exceeded
0,449,359,01-01,+25.0%,+97.83%,0.9892,1,✗ No,budget_exceeded
0,449,449,01-01,+25.0%,+93.56%,0.9678,14,✗ No,budget_exceeded
0,537,0,01-01,+25.0%,+97.20%,0.9860,1,✗ No,budget_exceeded
0,537,89,01-01,+25.0%,+97.20%,0.9860,1,✗ No,budget_exceeded
0,537,179,01-01,+25.0%,+97.20%,0.9860,1,✗ No,budget_exceeded
0,537,268,01-01,+25.0%,+97.20%,0.9860,1,✗ No,budget_exceeded
0,537,358,01-01,+25.0%,+97.20%,0.9860,1,✗ No,budget_exceeded
0,537,447,01-01,+25.0%,+89.76%,0.9488,15,✗ No,budget_exceeded
0,537,537,01-01,+25.0%,+77.79%,0.8890,32,✗ No,budget_exceeded
0,624,0,01-01,+25.0%,+85.74%,0.9287,1,✗ No,budget_exceeded
0,624,89,01-01,+25.0%,+85.74%,0.9287,1,✗ No,budget_exceeded
0,624,178,01-01,+25.0%,+85.74%,0.9287,1,✗ No,budget_exceeded
0,624,268,01-01,+25.0%,+85.74%,0.9287,1,✗ No,budget_exceeded
0,624,357,01-01,+25.0%,+85.74%,0.9287,1,✗ No,budget_exceeded
0,624,446,01-01,+10.2%,-0.53%,0.4973,5,✓ Yes,completed
0,624,535,01-01,+4.0%,+0.04%,0.5002,6,✓ Yes,completed
0,624,624,01-01,+1.0%,+0.02%,0.5001,6,✓ Yes,completed
0,712,0,01-01,+0.0%,+0.00%,0.5000,0,✓ Yes,completed
0,712,89,01-01,+0.0%,+0.00%,0.5000,0,✓ Yes,completed
0,712,178,01-01,+0.0%,+0.00%,0.5000,0,✓ Yes,completed
0,712,267,01-01,+0.0%,+0.00%,0.5000,0,✓ Yes,completed
0,712,356,01-01,+0.0%,+0.00%,0.5000,0,✓ Yes,completed
0,712,445,01-01,+0.0%,+0.00%,0.5000,0,✓ Yes,completed
0,712,534,01-01,+0.0%,+0.00%,0.5000,0,✓ Yes,completed
0,712,623,01-01,+0.0%,+0.00%,0.5000,0,✓ Yes,completed
0,712,712,01-01,+0.0%,+0.00%,0.5000,0,✓ Yes,completed
0,800,0,01-01,+0.0%,+0.00%,0.5000,0,✓ Yes,completed
0,800,89,01-01,+0.0%,+0.00%,0.5000,0,✓ Yes,completed
0,800,178,01-01,+0.0%,+0.00%,0.5000,0,✓ Yes,completed
0,800,267,01-01,+0.0%,+0.00%,0.5000,0,✓ Yes,completed
0,800,356,01-01,+0.0%,+0.00%,0.5000,0,✓ Yes,completed
0,800,444,01-01,+0.0%,+0.00%,0.5000,0,✓ Yes,completed
0,800,533,01-01,+0.0%,+0.00%,0.5000,0,✓ Yes,completed
0,800,622,01-01,+0.0%,+0.00%,0.5000,0,✓ Yes,completed
0,800,711,01-01,+0.0%,+0.00%,0.5000,0,✓ Yes,completed
0,800,800,01-01,+0.0%,+0.00%,0.5000,0,✓ Yes,completed
0,10,0,03-03,+25.0%,+97.71%,0.9886,1,✗ No,budget_exceeded
0,10,10,03-03,+25.0%,+97.71%,0.9886,1,✗ No,budget_exceeded
0,98,0,03-03,+25.0%,+97.71%,0.9886,1,✗ No,budget_exceeded
0,98,98,03-03,+25.0%,+97.71%,0.9886,1,✗ No,budget_exceeded
0,186,0,03-03,+25.0%,+97.71%,0.9886,1,✗ No,budget_exceeded
0,186,186,03-03,+25.0%,+97.71%,0.9886,1,✗ No,budget_exceeded
0,273,0,03-03,+25.0%,+97.71%,0.9886,1,✗ No,budget_exceeded
0,273,137,03-03,+25.0%,+97.71%,0.9886,1,✗ No,budget_exceeded
0,273,273,03-03,+25.0%,+97.71%,0.9886,1,✗ No,budget_exceeded
0,361,0,03-03,+25.0%,+97.71%,0.9886,1,✗ No,budget_exceeded
0,361,90,03-03,+25.0%,+97.71%,0.9886,1,✗ No,budget_exceeded
0,361,181,03-03,+25.0%,+97.71%,0.9886,1,✗ No,budget_exceeded
0,361,271,03-03,+25.0%,+97.71%,0.9886,1,✗ No,budget_exceeded
0,361,361,03-03,+25.0%,+97.48%,0.9874,2,✗ No,budget_exceeded
0,449,0,03-03,+25.0%,+97.71%,0.9886,1,✗ No,budget_exceeded
0,449,90,03-03,+25.0%,+97.71%,0.9886,1,✗ No,budget_exceeded
0,449,180,03-03,+25.0%,+97.71%,0.9886,1,✗ No,budget_exceeded
0,449,269,03-03,+25.0%,+97.71%,0.9886,1,✗ No,budget_exceeded
0,449,359,03-03,+25.0%,+97.35%,0.9868,2,✗ No,budget_exceeded
0,449,449,03-03,+25.0%,+94.01%,0.9700,12,✗ No,budget_exceeded
0,537,0,03-03,+25.0%,+96.95%,0.9847,1,✗ No,budget_exceeded
0,537,89,03-03,+25.0%,+96.95%,0.9847,1,✗ No,budget_exceeded
0,537,179,03-03,+25.0%,+96.95%,0.9847,1,✗ No,budget_exceeded
0,537,268,03-03,+25.0%,+96.95%,0.9847,1,✗ No,budget_exceeded
0,537,358,03-03,+25.0%,+96.22%,0.9811,2,✗ No,budget_exceeded
0,537,447,03-03,+25.0%,+83.79%,0.9190,16,✗ No,budget_exceeded
0,537,537,03-03,+25.0%,+57.24%,0.7862,52,✗ No,budget_exceeded
0,624,0,03-03,+25.0%,+96.25%,0.9813,1,✗ No,budget_exceeded
0,624,89,03-03,+25.0%,+96.25%,0.9813,1,✗ No,budget_exceeded
0,624,178,03-03,+25.0%,+96.25%,0.9813,1,✗ No,budget_exceeded
0,624,268,03-03,+25.0%,+96.25%,0.9813,1,✗ No,budget_exceeded
0,624,357,03-03,+22.8%,+0.15%,0.5008,1,✓ Yes,completed
0,624,446,03-03,+13.5%,+0.65%,0.5033,3,✓ Yes,completed
0,624,535,03-03,+2.5%,+0.23%,0.5011,4,✓ Yes,completed
0,624,624,03-03,+0.5%,+0.08%,0.5004,4,✓ Yes,completed
0,712,0,03-03,+0.0%,+0.00%,0.5000,0,✓ Yes,completed
0,712,89,03-03,+0.0%,+0.00%,0.5000,0,✓ Yes,completed
0,712,178,03-03,+0.0%,+0.00%,0.5000,0,✓ Yes,completed
0,712,267,03-03,+0.0%,+0.00%,0.5000,0,✓ Yes,completed
0,712,356,03-03,+0.0%,+0.00%,0.5000,0,✓ Yes,completed
0,712,445,03-03,+0.0%,+0.00%,0.5000,0,✓ Yes,completed
0,712,534,03-03,+0.0%,+0.00%,0.5000,0,✓ Yes,completed
0,712,623,03-03,+0.0%,+0.00%,0.5000,0,✓ Yes,completed
0,712,712,03-03,+0.0%,+0.00%,0.5000,0,✓ Yes,completed
0,800,0,03-03,+0.0%,+0.00%,0.5000,0,✓ Yes,completed
0,800,89,03-03,+0.0%,+0.00%,0.5000,0,✓ Yes,completed
0,800,178,03-03,+0.0%,+0.00%,0.5000,0,✓ Yes,completed
0,800,267,03-03,+0.0%,+0.00%,0.5000,0,✓ Yes,completed
0,800,356,03-03,+0.0%,+0.00%,0.5000,0,✓ Yes,completed
0,800,444,03-03,+0.0%,+0.00%,0.5000,0,✓ Yes,completed
0,800,533,03-03,+0.0%,+0.00%,0.5000,0,✓ Yes,completed
0,800,622,03-03,+0.0%,+0.00%,0.5000,0,✓ Yes,completed
0,800,711,03-03,+0.0%,+0.00%,0.5000,0,✓ Yes,completed
0,800,800,03-03,+0.0%,+0.00%,0.5000,0,✓ Yes,completed
0,10,0,05-03,+25.0%,+97.88%,0.9894,1,✗ No,budget_exceeded
0,10,10,05-03,+25.0%,+97.88%,0.9894,1,✗ No,budget_exceeded
0,98,0,05-03,+25.0%,+97.88%,0.9894,1,✗ No,budget_exceeded
0,98,98,05-03,+25.0%,+97.88%,0.9894,1,✗ No,budget_exceeded
0,186,0,05-03,+25.0%,+97.88%,0.9894,1,✗ No,budget_exceeded
0,186,186,05-03,+25.0%,+97.88%,0.9894,1,✗ No,budget_exceeded
0,273,0,05-03,+25.0%,+97.88%,0.9894,1,✗ No,budget_exceeded
0,273,137,05-03,+25.0%,+97.88%,0.9894,1,✗ No,budget_exceeded
0,273,273,05-03,+25.0%,+97.88%,0.9894,1,✗ No,budget_exceeded
0,361,0,05-03,+25.0%,+97.88%,0.9894,1,✗ No,budget_exceeded
0,361,90,05-03,+25.0%,+97.88%,0.9894,1,✗ No,budget_exceeded
0,361,181,05-03,+25.0%,+97.88%,0.9894,1,✗ No,budget_exceeded
0,361,271,05-03,+25.0%,+97.88%,0.9894,1,✗ No,budget_exceeded
0,361,361,05-03,+25.0%,+96.18%,0.9809,10,✗ No,budget_exceeded
0,449,0,05-03,+25.0%,+97.31%,0.9865,1,✗ No,budget_exceeded
0,449,90,05-03,+25.0%,+97.31%,0.9865,1,✗ No,budget_exceeded
0,449,180,05-03,+25.0%,+97.31%,0.9865,1,✗ No,budget_exceeded
0,449,269,05-03,+25.0%,+97.31%,0.9865,1,✗ No,budget_exceeded
0,449,359,05-03,+25.0%,+94.35%,0.9718,8,✗ No,budget_exceeded
0,449,449,05-03,+25.0%,+86.28%,0.9314,24,✗ No,budget_exceeded
0,537,0,05-03,+25.0%,+96.82%,0.9841,1,✗ No,budget_exceeded
0,537,89,05-03,+25.0%,+96.82%,0.9841,1,✗ No,budget_exceeded
0,537,179,05-03,+25.0%,+96.82%,0.9841,1,✗ No,budget_exceeded
0,537,268,05-03,+25.0%,+96.82%,0.9841,1,✗ No,budget_exceeded
0,537,358,05-03,+25.0%,+85.05%,0.9252,6,✗ No,budget_exceeded
0,537,447,05-03,+25.0%,+38.73%,0.6937,28,✗ No,budget_exceeded
0,537,537,05-03,+9.9%,+0.47%,0.5024,54,✓ Yes,completed
0,624,0,05-03,+0.0%,+0.00%,0.5000,0,✓ Yes,completed
0,624,89,05-03,+0.0%,+0.00%,0.5000,0,✓ Yes,completed
0,624,178,05-03,+0.0%,+0.00%,0.5000,0,✓ Yes,completed
0,624,268,05-03,+0.0%,+0.00%,0.5000,0,✓ Yes,completed
0,624,357,05-03,+0.0%,+0.00%,0.5000,0,✓ Yes,completed
0,624,446,05-03,+0.0%,+0.00%,0.5000,0,✓ Yes,completed
0,624,535,05-03,+0.0%,+0.00%,0.5000,0,✓ Yes,completed
0,624,624,05-03,+0.0%,+0.00%,0.5000,0,✓ Yes,completed
0,712,0,05-03,+0.0%,+0.00%,0.5000,0,✓ Yes,completed
0,712,89,05-03,+0.0%,+0.00%,0.5000,0,✓ Yes,completed
0,712,178,05-03,+0.0%,+0.00%,0.5000,0,✓ Yes,completed
0,712,267,05-03,+0.0%,+0.00%,0.5000,0,✓ Yes,completed
0,712,356,05-03,+0.0%,+0.00%,0.5000,0,✓ Yes,completed
0,712,445,05-03,+0.0%,+0.00%,0.5000,0,✓ Yes,completed
0,712,534,05-03,+0.0%,+0.00%,0.5000,0,✓ Yes,completed
0,712,623,05-03,+0.0%,+0.00%,0.5000,0,✓ Yes,completed
0,712,712,05-03,+0.0%,+0.00%,0.5000,0,✓ Yes,completed
0,800,0,05-03,+0.0%,+0.00%,0.5000,0,✓ Yes,completed
0,800,89,05-03,+0.0%,+0.00%,0.5000,0,✓ Yes,completed
0,800,178,05-03,+0.0%,+0.00%,0.5000,0,✓ Yes,completed
0,800,267,05-03,+0.0%,+0.00%,0.5000,0,✓ Yes,completed
0,800,356,05-03,+0.0%,+0.00%,0.5000,0,✓ Yes,completed
0,800,444,05-03,+0.0%,+0.00%,0.5000,0,✓ Yes,completed
0,800,533,05-03,+0.0%,+0.00%,0.5000,0,✓ Yes,completed
0,800,622,05-03,+0.0%,+0.00%,0.5000,0,✓ Yes,completed
0,800,711,05-03,+0.0%,+0.00%,0.5000,0,✓ Yes,completed
0,800,800,05-03,+0.0%,+0.00%,0.5000,0,✓ Yes,completed
0,10,0,07-03,+25.0%,+97.91%,0.9895,1,✗ No,budget_exceeded
0,10,10,07-03,+25.0%,+97.91%,0.9895,1,✗ No,budget_exceeded
0,98,0,07-03,+25.0%,+97.91%,0.9895,1,✗ No,budget_exceeded
0,98,98,07-03,+25.0%,+97.91%,0.9895,1,✗ No,budget_exceeded
0,186,0,07-03,+25.0%,+97.91%,0.9895,1,✗ No,budget_exceeded
0,186,186,07-03,+25.0%,+97.91%,0.9895,1,✗ No,budget_exceeded
0,273,0,07-03,+25.0%,+97.91%,0.9895,1,✗ No,budget_exceeded
0,273,137,07-03,+25.0%,+97.91%,0.9895,1,✗ No,budget_exceeded
0,273,273,07-03,+25.0%,+97.91%,0.9895,1,✗ No,budget_exceeded
0,361,0,07-03,+25.0%,+97.91%,0.9895,1,✗ No,budget_exceeded
0,361,90,07-03,+25.0%,+97.91%,0.9895,1,✗ No,budget_exceeded
0,361,181,07-03,+25.0%,+97.91%,0.9895,1,✗ No,budget_exceeded
0,361,271,07-03,+25.0%,+97.91%,0.9895,1,✗ No,budget_exceeded
0,361,361,07-03,+25.0%,+97.91%,0.9895,1,✗ No,budget_exceeded
0,449,0,07-03,+25.0%,+97.91%,0.9895,1,✗ No,budget_exceeded
0,449,90,07-03,+25.0%,+97.91%,0.9895,1,✗ No,budget_exceeded
0,449,180,07-03,+25.0%,+97.91%,0.9895,1,✗ No,budget_exceeded
0,449,269,07-03,+25.0%,+97.91%,0.9895,1,✗ No,budget_exceeded
0,449,359,07-03,+25.0%,+97.91%,0.9895,1,✗ No,budget_exceeded
0,449,449,07-03,+25.0%,+88.91%,0.9446,23,✗ No,budget_exceeded
0,537,0,07-03,+25.0%,+91.30%,0.9565,1,✗ No,budget_exceeded
0,537,89,07-03,+25.0%,+91.30%,0.9565,1,✗ No,budget_exceeded
0,537,179,07-03,+25.0%,+91.30%,0.9565,1,✗ No,budget_exceeded
0,537,268,07-03,+25.0%,+91.30%,0.9565,1,✗ No,budget_exceeded
0,537,358,07-03,+25.0%,+91.30%,0.9565,1,✗ No,budget_exceeded
0,537,447,07-03,+25.0%,+54.87%,0.7744,24,✗ No,budget_exceeded
0,537,537,07-03,+25.0%,+18.06%,0.5903,85,✗ No,budget_exceeded
0,624,0,07-03,+0.0%,+0.00%,0.5000,0,✓ Yes,completed
0,624,89,07-03,+0.0%,+0.00%,0.5000,0,✓ Yes,completed
0,624,178,07-03,+0.0%,+0.00%,0.5000,0,✓ Yes,completed
0,624,268,07-03,+0.0%,+0.00%,0.5000,0,✓ Yes,completed
0,624,357,07-03,+0.0%,+0.00%,0.5000,0,✓ Yes,completed
0,624,446,07-03,+0.0%,+0.00%,0.5000,0,✓ Yes,completed
0,624,535,07-03,+0.0%,+0.00%,0.5000,0,✓ Yes,completed
0,624,624,07-03,+0.0%,+0.00%,0.5000,0,✓ Yes,completed
0,712,0,07-03,+0.0%,+0.00%,0.5000,0,✓ Yes,completed
0,712,89,07-03,+0.0%,+0.00%,0.5000,0,✓ Yes,completed
0,712,178,07-03,+0.0%,+0.00%,0.5000,0,✓ Yes,completed
0,712,267,07-03,+0.0%,+0.00%,0.5000,0,✓ Yes,completed
0,712,356,07-03,+0.0%,+0.00%,0.5000,0,✓ Yes,completed
0,712,445,07-03,+0.0%,+0.00%,0.5000,0,✓ Yes,completed
0,712,534,07-03,+0.0%,+0.00%,0.5000,0,✓ Yes,completed
0,712,623,07-03,+0.0%,+0.00%,0.5000,0,✓ Yes,completed
0,712,712,07-03,+0.0%,+0.00%,0.5000,0,✓ Yes,completed
0,800,0,07-03,+0.0%,+0.00%,0.5000,0,✓ Yes,completed
0,800,89,07-03,+0.0%,+0.00%,0.5000,0,✓ Yes,completed
0,800,178,07-03,+0.0%,+0.00%,0.5000,0,✓ Yes,completed
0,800,267,07-03,+0.0%,+0.00%,0.5000,0,✓ Yes,completed
0,800,356,07-03,+0.0%,+0.00%,0.5000,0,✓ Yes,completed
0,800,444,07-03,+0.0%,+0.00%,0.5000,0,✓ Yes,completed
0,800,533,07-03,+0.0%,+0.00%,0.5000,0,✓ Yes,completed
0,800,622,07-03,+0.0%,+0.00%,0.5000,0,✓ Yes,completed
0,800,711,07-03,+0.0%,+0.00%,0.5000,0,✓ Yes,completed
0,800,800,07-03,+0.0%,+0.00%,0.5000,0,✓ Yes,completed
0,10,0,09-02,+25.0%,+97.90%,0.9895,1,✗ No,budget_exceeded
0,10,10,09-02,+25.0%,+97.90%,0.9895,1,✗ No,budget_exceeded
0,98,0,09-02,+25.0%,+97.90%,0.9895,1,✗ No,budget_exceeded
0,98,98,09-02,+25.0%,+97.90%,0.9895,1,✗ No,budget_exceeded
0,186,0,09-02,+25.0%,+97.90%,0.9895,1,✗ No,budget_exceeded
0,186,186,09-02,+25.0%,+97.90%,0.9895,1,✗ No,budget_exceeded
0,273,0,09-02,+25.0%,+97.90%,0.9895,1,✗ No,budget_exceeded
0,273,137,09-02,+25.0%,+97.90%,0.9895,1,✗ No,budget_exceeded
0,273,273,09-02,+25.0%,+97.90%,0.9895,1,✗ No,budget_exceeded
0,361,0,09-02,+25.0%,+97.90%,0.9895,1,✗ No,budget_exceeded
0,361,90,09-02,+25.0%,+97.90%,0.9895,1,✗ No,budget_exceeded
0,361,181,09-02,+25.0%,+97.90%,0.9895,1,✗ No,budget_exceeded
0,361,271,09-02,+25.0%,+97.90%,0.9895,1,✗ No,budget_exceeded
0,361,361,09-02,+25.0%,+97.59%,0.9880,4,✗ No,budget_exceeded
0,449,0,09-02,+25.0%,+97.90%,0.9895,1,✗ No,budget_exceeded
0,449,90,09-02,+25.0%,+97.90%,0.9895,1,✗ No,budget_exceeded
0,449,180,09-02,+25.0%,+97.90%,0.9895,1,✗ No,budget_exceeded
0,449,269,09-02,+25.0%,+97.90%,0.9895,1,✗ No,budget_exceeded
0,449,359,09-02,+25.0%,+97.25%,0.9863,3,✗ No,budget_exceeded
0,449,449,09-02,+25.0%,+88.29%,0.9414,21,✗ No,budget_exceeded
0,537,0,09-02,+25.0%,+96.20%,0.9810,1,✗ No,budget_exceeded
0,537,89,09-02,+25.0%,+96.20%,0.9810,1,✗ No,budget_exceeded
0,537,179,09-02,+25.0%,+96.20%,0.9810,1,✗ No,budget_exceeded
0,537,268,09-02,+25.0%,+96.20%,0.9810,1,✗ No,budget_exceeded
0,537,358,09-02,+25.0%,+91.54%,0.9577,2,✗ No,budget_exceeded
0,537,447,09-02,+25.0%,+12.76%,0.5638,28,✗ No,budget_exceeded
0,537,537,09-02,+6.6%,+0.02%,0.5001,45,✓ Yes,completed
0,624,0,09-02,+0.0%,+0.00%,0.5000,0,✓ Yes,completed
0,624,89,09-02,+0.0%,+0.00%,0.5000,0,✓ Yes,completed
0,624,178,09-02,+0.0%,+0.00%,0.5000,0,✓ Yes,completed
0,624,268,09-02,+0.0%,+0.00%,0.5000,0,✓ Yes,completed
0,624,357,09-02,+0.0%,+0.00%,0.5000,0,✓ Yes,completed
0,624,446,09-02,+0.0%,+0.00%,0.5000,0,✓ Yes,completed
0,624,535,09-02,+0.0%,+0.00%,0.5000,0,✓ Yes,completed
0,624,624,09-02,+0.0%,+0.00%,0.5000,0,✓ Yes,completed
0,712,0,09-02,+0.0%,+0.00%,0.5000,0,✓ Yes,completed
0,712,89,09-02,+0.0%,+0.00%,0.5000,0,✓ Yes,completed
0,712,178,09-02,+0.0%,+0.00%,0.5000,0,✓ Yes,completed
0,712,267,09-02,+0.0%,+0.00%,0.5000,0,✓ Yes,completed
0,712,356,09-02,+0.0%,+0.00%,0.5000,0,✓ Yes,completed
0,712,445,09-02,+0.0%,+0.00%,0.5000,0,✓ Yes,completed
0,712,534,09-02,+0.0%,+0.00%,0.5000,0,✓ Yes,completed
0,712,623,09-02,+0.0%,+0.00%,0.5000,0,✓ Yes,completed
0,712,712,09-02,+0.0%,+0.00%,0.5000,0,✓ Yes,completed
0,800,0,09-02,+0.0%,+0.00%,0.5000,0,✓ Yes,completed
0,800,89,09-02,+0.0%,+0.00%,0.5000,0,✓ Yes,completed
0,800,178,09-02,+0.0%,+0.00%,0.5000,0,✓ Yes,completed
0,800,267,09-02,+0.0%,+0.00%,0.5000,0,✓ Yes,completed
0,800,356,09-02,+0.0%,+0.00%,0.5000,0,✓ Yes,completed
0,800,444,09-02,+0.0%,+0.00%,0.5000,0,✓ Yes,completed
0,800,533,09-02,+0.0%,+0.00%,0.5000,0,✓ Yes,completed
0,800,622,09-02,+0.0%,+0.00%,0.5000,0,✓ Yes,completed
0,800,711,09-02,+0.0%,+0.00%,0.5000,0,✓ Yes,completed
0,800,800,09-02,+0.0%,+0.00%,0.5000,0,✓ Yes,completed
0,10,0,11-02,+25.0%,+97.85%,0.9892,1,✗ No,budget_exceeded
0,10,10,11-02,+25.0%,+97.85%,0.9892,1,✗ No,budget_exceeded
0,98,0,11-02,+25.0%,+97.85%,0.9892,1,✗ No,budget_exceeded
0,98,98,11-02,+25.0%,+97.85%,0.9892,1,✗ No,budget_exceeded
0,186,0,11-02,+25.0%,+97.85%,0.9892,1,✗ No,budget_exceeded
0,186,186,11-02,+25.0%,+97.85%,0.9892,1,✗ No,budget_exceeded
0,273,0,11-02,+25.0%,+97.85%,0.9892,1,✗ No,budget_exceeded
0,273,137,11-02,+25.0%,+97.85%,0.9892,1,✗ No,budget_exceeded
0,273,273,11-02,+25.0%,+97.85%,0.9892,1,✗ No,budget_exceeded
0,361,0,11-02,+25.0%,+97.85%,0.9892,1,✗ No,budget_exceeded
0,361,90,11-02,+25.0%,+97.85%,0.9892,1,✗ No,budget_exceeded
0,361,181,11-02,+25.0%,+97.85%,0.9892,1,✗ No,budget_exceeded
0,361,271,11-02,+25.0%,+97.85%,0.9892,1,✗ No,budget_exceeded
0,361,361,11-02,+25.0%,+97.85%,0.9892,1,✗ No,budget_exceeded
0,449,0,11-02,+25.0%,+97.85%,0.9892,1,✗ No,budget_exceeded
0,449,90,11-02,+25.0%,+97.85%,0.9892,1,✗ No,budget_exceeded
0,449,180,11-02,+25.0%,+97.85%,0.9892,1,✗ No,budget_exceeded
0,449,269,11-02,+25.0%,+97.85%,0.9892,1,✗ No,budget_exceeded
0,449,359,11-02,+25.0%,+97.85%,0.9892,1,✗ No,budget_exceeded
0,449,449,11-02,+25.0%,+91.65%,0.9582,18,✗ No,budget_exceeded
0,537,0,11-02,+25.0%,+97.08%,0.9854,1,✗ No,budget_exceeded
0,537,89,11-02,+25.0%,+97.08%,0.9854,1,✗ No,budget_exceeded
0,537,179,11-02,+25.0%,+97.08%,0.9854,1,✗ No,budget_exceeded
0,537,268,11-02,+25.0%,+97.08%,0.9854,1,✗ No,budget_exceeded
0,537,358,11-02,+25.0%,+97.08%,0.9854,1,✗ No,budget_exceeded
0,537,447,11-02,+25.0%,+68.39%,0.8419,23,✗ No,budget_exceeded
0,537,537,11-02,+25.0%,+36.16%,0.6808,64,✗ No,budget_exceeded
0,624,0,11-02,+0.0%,+0.00%,0.5000,0,✓ Yes,completed
0,624,89,11-02,+0.0%,+0.00%,0.5000,0,✓ Yes,completed
0,624,178,11-02,+0.0%,+0.00%,0.5000,0,✓ Yes,completed
0,624,268,11-02,+0.0%,+0.00%,0.5000,0,✓ Yes,completed
0,624,357,11-02,+0.0%,+0.00%,0.5000,0,✓ Yes,completed
0,624,446,11-02,+0.0%,+0.00%,0.5000,0,✓ Yes,completed
0,624,535,11-02,+0.0%,+0.00%,0.5000,0,✓ Yes,completed
0,624,624,11-02,+0.0%,+0.00%,0.5000,0,✓ Yes,completed
0,712,0,11-02,+0.0%,+0.00%,0.5000,0,✓ Yes,completed
0,712,89,11-02,+0.0%,+0.00%,0.5000,0,✓ Yes,completed
0,712,178,11-02,+0.0%,+0.00%,0.5000,0,✓ Yes,completed
0,712,267,11-02,+0.0%,+0.00%,0.5000,0,✓ Yes,completed
0,712,356,11-02,+0.0%,+0.00%,0.5000,0,✓ Yes,completed
0,712,445,11-02,+0.0%,+0.00%,0.5000,0,✓ Yes,completed
0,712,534,11-02,+0.0%,+0.00%,0.5000,0,✓ Yes,completed
0,712,623,11-02,+0.0%,+0.00%,0.5000,0,✓ Yes,completed
0,712,712,11-02,+0.0%,+0.00%,0.5000,0,✓ Yes,completed
0,800,0,11-02,+0.0%,+0.00%,0.5000,0,✓ Yes,completed
0,800,89,11-02,+0.0%,+0.00%,0.5000,0,✓ Yes,completed
0,800,178,11-02,+0.0%,+0.00%,0.5000,0,✓ Yes,completed
0,800,267,11-02,+0.0%,+0.00%,0.5000,0,✓ Yes,completed
0,800,356,11-02,+0.0%,+0.00%,0.5000,0,✓ Yes,completed
0,800,444,11-02,+0.0%,+0.00%,0.5000,0,✓ Yes,completed
0,800,533,11-02,+0.0%,+0.00%,0.5000,0,✓ Yes,completed
0,800,622,11-02,+0.0%,+0.00%,0.5000,0,✓ Yes,completed
0,800,711,11-02,+0.0%,+0.00%,0.5000,0,✓ Yes,completed
0,800,800,11-02,+0.0%,+0.00%,0.5000,0,✓ Yes,completed
0,10,0,12-31,+25.0%,+97.83%,0.9892,1,✗ No,budget_exceeded
0,10,10,12-31,+25.0%,+97.83%,0.9892,1,✗ No,budget_exceeded
0,98,0,12-31,+25.0%,+97.83%,0.9892,1,✗ No,budget_exceeded
0,98,98,12-31,+25.0%,+97.83%,0.9892,1,✗ No,budget_exceeded
0,186,0,12-31,+25.0%,+97.83%,0.9892,1,✗ No,budget_exceeded
0,186,186,12-31,+25.0%,+97.83%,0.9892,1,✗ No,budget_exceeded
0,273,0,12-31,+25.0%,+97.83%,0.9892,1,✗ No,budget_exceeded
0,273,137,12-31,+25.0%,+97.83%,0.9892,1,✗ No,budget_exceeded
0,273,273,12-31,+25.0%,+97.83%,0.9892,1,✗ No,budget_exceeded
0,361,0,12-31,+25.0%,+97.83%,0.9892,1,✗ No,budget_exceeded
0,361,90,12-31,+25.0%,+97.83%,0.9892,1,✗ No,budget_exceeded
0,361,181,12-31,+25.0%,+97.83%,0.9892,1,✗ No,budget_exceeded
0,361,271,12-31,+25.0%,+97.83%,0.9892,1,✗ No,budget_exceeded
0,361,361,12-31,+25.0%,+97.83%,0.9892,1,✗ No,budget_exceeded
0,449,0,12-31,+25.0%,+97.83%,0.9892,1,✗ No,budget_exceeded
0,449,90,12-31,+25.0%,+97.83%,0.9892,1,✗ No,budget_exceeded
0,449,180,12-31,+25.0%,+97.83%,0.9892,1,✗ No,budget_exceeded
0,449,269,12-31,+25.0%,+97.83%,0.9892,1,✗ No,budget_exceeded
0,449,359,12-31,+25.0%,+97.83%,0.9892,1,✗ No,budget_exceeded
0,449,449,12-31,+25.0%,+94.43%,0.9722,12,✗ No,budget_exceeded
0,537,0,12-31,+25.0%,+97.02%,0.9851,1,✗ No,budget_exceeded
0,537,89,12-31,+25.0%,+97.02%,0.9851,1,✗ No,budget_exceeded
0,537,179,12-31,+25.0%,+97.02%,0.9851,1,✗ No,budget_exceeded
0,537,268,12-31,+25.0%,+97.02%,0.9851,1,✗ No,budget_exceeded
0,537,358,12-31,+25.0%,+97.02%,0.9851,1,✗ No,budget_exceeded
0,537,447,12-31,+25.0%,+89.76%,0.9488,15,✗ No,budget_exceeded
0,537,537,12-31,+25.0%,+78.99%,0.8949,31,✗ No,budget_exceeded
0,624,0,12-31,+25.0%,+83.86%,0.9193,1,✗ No,budget_exceeded
0,624,89,12-31,+25.0%,+83.86%,0.9193,1,✗ No,budget_exceeded
0,624,178,12-31,+25.0%,+83.86%,0.9193,1,✗ No,budget_exceeded
0,624,268,12-31,+25.0%,+83.86%,0.9193,1,✗ No,budget_exceeded
0,624,357,12-31,+25.0%,+83.86%,0.9193,1,✗ No,budget_exceeded
0,624,446,12-31,+10.2%,-0.63%,0.4968,5,✓ Yes,completed
0,624,535,12-31,+3.5%,-0.04%,0.4998,5,✓ Yes,completed
0,624,624,12-31,+0.9%,+0.02%,0.5001,5,✓ Yes,completed
0,712,0,12-31,+0.0%,+0.00%,0.5000,0,✓ Yes,completed
0,712,89,12-31,+0.0%,+0.00%,0.5000,0,✓ Yes,completed
0,712,178,12-31,+0.0%,+0.00%,0.5000,0,✓ Yes,completed
0,712,267,12-31,+0.0%,+0.00%,0.5000,0,✓ Yes,completed
0,712,356,12-31,+0.0%,+0.00%,0.5000,0,✓ Yes,completed
0,712,445,12-31,+0.0%,+0.00%,0.5000,0,✓ Yes,completed
0,712,534,12-31,+0.0%,+0.00%,0.5000,0,✓ Yes,completed
0,712,623,12-31,+0.0%,+0.00%,0.5000,0,✓ Yes,completed
0,712,712,12-31,+0.0%,+0.00%,0.5000,0,✓ Yes,completed
0,800,0,12-31,+0.0%,+0.00%,0.5000,0,✓ Yes,completed
0,800,89,12-31,+0.0%,+0.00%,0.5000,0,✓ Yes,completed
0,800,178,12-31,+0.0%,+0.00%,0.5000,0,✓ Yes,completed
0,800,267,12-31,+0.0%,+0.00%,0.5000,0,✓ Yes,completed
0,800,356,12-31,+0.0%,+0.00%,0.5000,0,✓ Yes,completed
0,800,444,12-31,+0.0%,+0.00%,0.5000,0,✓ Yes,completed
0,800,533,12-31,+0.0%,+0.00%,0.5000,0,✓ Yes,completed
0,800,622,12-31,+0.0%,+0.00%,0.5000,0,✓ Yes,completed
0,800,711,12-31,+0.0%,+0.00%,0.5000,0,✓ Yes,completed
0,800,800,12-31,+0.0%,+0.00%,0.5000,0,✓ Yes,completed
1,447,268,01-01,+25.0%,+97.83%,0.9892,1,✗ No,budget_exceeded
1,447,313,01-01,+25.0%,+97.83%,0.9892,1,✗ No,budget_exceeded
1,447,357,01-01,+25.0%,+97.83%,0.9892,1,✗ No,budget_exceeded
1,447,402,01-01,+25.0%,+97.27%,0.9864,4,✗ No,budget_exceeded
1,447,447,01-01,+25.0%,+94.20%,0.9710,14,✗ No,budget_exceeded
1,486,268,01-01,+25.0%,+97.83%,0.9892,1,✗ No,budget_exceeded
1,486,312,01-01,+25.0%,+97.83%,0.9892,1,✗ No,budget_exceeded
1,486,355,01-01,+25.0%,+97.83%,0.9892,1,✗ No,budget_exceeded
1,486,399,01-01,+25.0%,+97.06%,0.9853,4,✗ No,budget_exceeded
1,486,442,01-01,+25.0%,+93.19%,0.9660,12,✗ No,budget_exceeded
1,486,486,01-01,+25.0%,+88.30%,0.9415,21,✗ No,budget_exceeded
1,525,268,01-01,+25.0%,+97.20%,0.9860,1,✗ No,budget_exceeded
1,525,311,01-01,+25.0%,+97.20%,0.9860,1,✗ No,budget_exceeded
1,525,354,01-01,+25.0%,+97.20%,0.9860,1,✗ No,budget_exceeded
1,525,397,01-01,+25.0%,+96.68%,0.9834,3,✗ No,budget_exceeded
1,525,440,01-01,+25.0%,+91.56%,0.9578,13,✗ No,budget_exceeded
1,525,482,01-01,+25.0%,+86.11%,0.9305,21,✗ No,budget_exceeded
1,525,525,01-01,+25.0%,+83.13%,0.9156,23,✗ No,budget_exceeded
1,564,268,01-01,+25.0%,+97.03%,0.9852,1,✗ No,budget_exceeded
1,564,311,01-01,+25.0%,+97.03%,0.9852,1,✗ No,budget_exceeded
1,564,353,01-01,+25.0%,+97.03%,0.9852,1,✗ No,budget_exceeded
1,564,395,01-01,+25.0%,+96.20%,0.9810,3,✗ No,budget_exceeded
1,564,438,01-01,+25.0%,+84.62%,0.9231,15,✗ No,budget_exceeded
1,564,480,01-01,+25.0%,+74.76%,0.8738,24,✗ No,budget_exceeded
1,564,522,01-01,+25.0%,+56.06%,0.7803,29,✗ No,budget_exceeded
1,564,564,01-01,+25.0%,+32.13%,0.6606,53,✗ No,budget_exceeded
1,604,268,01-01,+25.0%,+87.50%,0.9375,1,✗ No,budget_exceeded
1,604,310,01-01,+25.0%,+87.50%,0.9375,1,✗ No,budget_exceeded
1,604,352,01-01,+25.0%,+87.50%,0.9375,1,✗ No,budget_exceeded
1,604,394,01-01,+25.0%,+66.57%,0.8328,4,✗ No,budget_exceeded
1,604,436,01-01,+25.0%,+30.62%,0.6531,10,✗ No,budget_exceeded
1,604,478,01-01,+20.2%,-0.31%,0.4984,21,✓ Yes,completed
1,604,520,01-01,+15.1%,+0.35%,0.5017,20,✓ Yes,completed
1,604,562,01-01,+12.8%,+0.47%,0.5023,19,✓ Yes,completed
1,604,604,01-01,+6.4%,+0.15%,0.5008,30,✓ Yes,completed
1,643,268,01-01,+25.0%,+46.77%,0.7339,1,✗ No,budget_exceeded
1,643,306,01-01,+25.0%,+46.77%,0.7339,1,✗ No,budget_exceeded
1,643,343,01-01,+25.0%,+46.77%,0.7339,1,✗ No,budget_exceeded
1,643,381,01-01,+25.0%,+46.77%,0.7339,1,✗ No,budget_exceeded
1,643,418,01-01,+0.9%,-0.07%,0.4997,1,✓ Yes,completed
1,643,456,01-01,+0.8%,-0.03%,0.4998,1,✓ Yes,completed
1,643,493,01-01,+0.7%,+0.02%,0.5001,1,✓ Yes,completed
1,643,531,01-01,+0.6%,+0.04%,0.5002,1,✓ Yes,completed
1,643,568,01-01,+0.5%,+0.05%,0.5003,1,✓ Yes,completed
1,643,606,01-01,+0.3%,+0.06%,0.5003,1,✓ Yes,completed
1,643,643,01-01,+0.2%,+0.04%,0.5002,1,✓ Yes,completed
1,682,268,01-01,+0.0%,+0.00%,0.5000,0,✓ Yes,completed
1,682,306,01-01,+0.0%,+0.00%,0.5000,0,✓ Yes,completed
1,682,344,01-01,+0.0%,+0.00%,0.5000,0,✓ Yes,completed
1,682,381,01-01,+0.0%,+0.00%,0.5000,0,✓ Yes,completed
1,682,419,01-01,+0.0%,+0.00%,0.5000,0,✓ Yes,completed
1,682,456,01-01,+0.0%,+0.00%,0.5000,0,✓ Yes,completed
1,682,494,01-01,+0.0%,+0.00%,0.5000,0,✓ Yes,completed
1,682,532,01-01,+0.0%,+0.00%,0.5000,0,✓ Yes,completed
1,682,569,01-01,+0.0%,+0.00%,0.5000,0,✓ Yes,completed
1,682,607,01-01,+0.0%,+0.00%,0.5000,0,✓ Yes,completed
1,682,645,01-01,+0.0%,+0.00%,0.5000,0,✓ Yes,completed
1,682,682,01-01,+0.0%,+0.00%,0.5000,0,✓ Yes,completed
1,721,268,01-01,+0.0%,+0.00%,0.5000,0,✓ Yes,completed
1,721,306,01-01,+0.0%,+0.00%,0.5000,0,✓ Yes,completed
1,721,344,01-01,+0.0%,+0.00%,0.5000,0,✓ Yes,completed
1,721,382,01-01,+0.0%,+0.00%,0.5000,0,✓ Yes,completed
1,721,419,01-01,+0.0%,+0.00%,0.5000,0,✓ Yes,completed
1,721,457,01-01,+0.0%,+0.00%,0.5000,0,✓ Yes,completed
1,721,495,01-01,+0.0%,+0.00%,0.5000,0,✓ Yes,completed
1,721,533,01-01,+0.0%,+0.00%,0.5000,0,✓ Yes,completed
1,721,570,01-01,+0.0%,+0.00%,0.5000,0,✓ Yes,completed
1,721,608,01-01,+0.0%,+0.00%,0.5000,0,✓ Yes,completed
1,721,646,01-01,+0.0%,+0.00%,0.5000,0,✓ Yes,completed
1,721,684,01-01,+0.0%,+0.00%,0.5000,0,✓ Yes,completed
1,721,721,01-01,+0.0%,+0.00%,0.5000,0,✓ Yes,completed
1,761,268,01-01,+0.0%,+0.00%,0.5000,0,✓ Yes,completed
1,761,306,01-01,+0.0%,+0.00%,0.5000,0,✓ Yes,completed
1,761,344,01-01,+0.0%,+0.00%,0.5000,0,✓ Yes,completed
1,761,382,01-01,+0.0%,+0.00%,0.5000,0,✓ Yes,completed
1,761,420,01-01,+0.0%,+0.00%,0.5000,0,✓ Yes,completed
1,761,458,01-01,+0.0%,+0.00%,0.5000,0,✓ Yes,completed
1,761,496,01-01,+0.0%,+0.00%,0.5000,0,✓ Yes,completed
1,761,533,01-01,+0.0%,+0.00%,0.5000,0,✓ Yes,completed
1,761,571,01-01,+0.0%,+0.00%,0.5000,0,✓ Yes,completed
1,761,609,01-01,+0.0%,+0.00%,0.5000,0,✓ Yes,completed
1,761,647,01-01,+0.0%,+0.00%,0.5000,0,✓ Yes,completed
1,761,685,01-01,+0.0%,+0.00%,0.5000,0,✓ Yes,completed
1,761,723,01-01,+0.0%,+0.00%,0.5000,0,✓ Yes,completed
1,761,761,01-01,+0.0%,+0.00%,0.5000,0,✓ Yes,completed
1,800,268,01-01,+0.0%,+0.00%,0.5000,0,✓ Yes,completed
1,800,306,01-01,+0.0%,+0.00%,0.5000,0,✓ Yes,completed
1,800,344,01-01,+0.0%,+0.00%,0.5000,0,✓ Yes,completed
1,800,382,01-01,+0.0%,+0.00%,0.5000,0,✓ Yes,completed
1,800,420,01-01,+0.0%,+0.00%,0.5000,0,✓ Yes,completed
1,800,458,01-01,+0.0%,+0.00%,0.5000,0,✓ Yes,completed
1,800,496,01-01,+0.0%,+0.00%,0.5000,0,✓ Yes,completed
1,800,534,01-01,+0.0%,+0.00%,0.5000,0,✓ Yes,completed
1,800,572,01-01,+0.0%,+0.00%,0.5000,0,✓ Yes,completed
1,800,610,01-01,+0.0%,+0.00%,0.5000,0,✓ Yes,completed
1,800,648,01-01,+0.0%,+0.00%,0.5000,0,✓ Yes,completed
1,800,686,01-01,+0.0%,+0.00%,0.5000,0,✓ Yes,completed
1,800,724,01-01,+0.0%,+0.00%,0.5000,0,✓ Yes,completed
1,800,762,01-01,+0.0%,+0.00%,0.5000,0,✓ Yes,completed
1,800,800,01-01,+0.0%,+0.00%,0.5000,0,✓ Yes,completed
1,447,268,01-25,+25.0%,+97.88%,0.9894,1,✗ No,budget_exceeded
1,447,313,01-25,+25.0%,+97.88%,0.9894,1,✗ No,budget_exceeded
1,447,357,01-25,+25.0%,+97.88%,0.9894,1,✗ No,budget_exceeded
1,447,402,01-25,+25.0%,+97.88%,0.9894,1,✗ No,budget_exceeded
1,447,447,01-25,+25.0%,+95.48%,0.9774,11,✗ No,budget_exceeded
1,486,268,01-25,+25.0%,+97.88%,0.9894,1,✗ No,budget_exceeded
1,486,312,01-25,+25.0%,+97.88%,0.9894,1,✗ No,budget_exceeded
1,486,355,01-25,+25.0%,+97.88%,0.9894,1,✗ No,budget_exceeded
1,486,399,01-25,+25.0%,+97.88%,0.9894,1,✗ No,budget_exceeded
1,486,442,01-25,+25.0%,+93.97%,0.9698,12,✗ No,budget_exceeded
1,486,486,01-25,+25.0%,+89.30%,0.9465,25,✗ No,budget_exceeded
1,525,268,01-25,+25.0%,+97.21%,0.9860,1,✗ No,budget_exceeded
1,525,311,01-25,+25.0%,+97.21%,0.9860,1,✗ No,budget_exceeded
1,525,354,01-25,+25.0%,+97.21%,0.9860,1,✗ No,budget_exceeded
1,525,397,01-25,+25.0%,+97.21%,0.9860,1,✗ No,budget_exceeded
1,525,440,01-25,+25.0%,+90.85%,0.9542,11,✗ No,budget_exceeded
1,525,482,01-25,+25.0%,+82.25%,0.9112,21,✗ No,budget_exceeded
1,525,525,01-25,+25.0%,+72.29%,0.8614,39,✗ No,budget_exceeded
1,564,268,01-25,+25.0%,+93.53%,0.9676,1,✗ No,budget_exceeded
1,564,311,01-25,+25.0%,+93.53%,0.9676,1,✗ No,budget_exceeded
1,564,353,01-25,+25.0%,+93.53%,0.9676,1,✗ No,budget_exceeded
1,564,395,01-25,+25.0%,+93.53%,0.9676,1,✗ No,budget_exceeded
1,564,438,01-25,+25.0%,+74.78%,0.8739,11,✗ No,budget_exceeded
1,564,480,01-25,+25.0%,+63.78%,0.8189,22,✗ No,budget_exceeded
1,564,522,01-25,+25.0%,+55.11%,0.7755,26,✗ No,budget_exceeded
1,564,564,01-25,+25.0%,+42.44%,0.7122,40,✗ No,budget_exceeded
1,604,268,01-25,+25.0%,+93.02%,0.9651,1,✗ No,budget_exceeded
1,604,310,01-25,+25.0%,+93.02%,0.9651,1,✗ No,budget_exceeded
1,604,352,01-25,+25.0%,+93.02%,0.9651,1,✗ No,budget_exceeded
1,604,394,01-25,+25.0%,+93.02%,0.9651,1,✗ No,budget_exceeded
1,604,436,01-25,+25.0%,+50.49%,0.7525,9,✗ No,budget_exceeded
1,604,478,01-25,+17.5%,+1.94%,0.5097,18,✓ Yes,completed
1,604,520,01-25,+14.7%,+2.18%,0.5109,19,✓ Yes,completed
1,604,562,01-25,+12.5%,+1.90%,0.5095,19,✓ Yes,completed
1,604,604,01-25,+6.2%,+1.13%,0.5056,25,✓ Yes,completed
1,643,268,01-25,+25.0%,+91.10%,0.9555,1,✗ No,budget_exceeded
1,643,306,01-25,+25.0%,+91.10%,0.9555,1,✗ No,budget_exceeded
1,643,343,01-25,+25.0%,+91.10%,0.9555,1,✗ No,budget_exceeded
1,643,381,01-25,+25.0%,+91.10%,0.9555,1,✗ No,budget_exceeded
1,643,418,01-25,+0.9%,+0.11%,0.5006,1,✓ Yes,completed
1,643,456,01-25,+0.8%,+0.13%,0.5007,1,✓ Yes,completed
1,643,493,01-25,+0.7%,+0.15%,0.5008,1,✓ Yes,completed
1,643,531,01-25,+0.6%,+0.16%,0.5008,1,✓ Yes,completed
1,643,568,01-25,+0.5%,+0.16%,0.5008,1,✓ Yes,completed
1,643,606,01-25,+0.3%,+0.13%,0.5006,1,✓ Yes,completed
1,643,643,01-25,+0.2%,+0.07%,0.5004,1,✓ Yes,completed
1,682,268,01-25,+0.0%,+0.00%,0.5000,0,✓ Yes,completed
1,682,306,01-25,+0.0%,+0.00%,0.5000,0,✓ Yes,completed
1,682,344,01-25,+0.0%,+0.00%,0.5000,0,✓ Yes,completed
1,682,381,01-25,+0.0%,+0.00%,0.5000,0,✓ Yes,completed
1,682,419,01-25,+0.0%,+0.00%,0.5000,0,✓ Yes,completed
1,682,456,01-25,+0.0%,+0.00%,0.5000,0,✓ Yes,completed
1,682,494,01-25,+0.0%,+0.00%,0.5000,0,✓ Yes,completed
1,682,532,01-25,+0.0%,+0.00%,0.5000,0,✓ Yes,completed
1,682,569,01-25,+0.0%,+0.00%,0.5000,0,✓ Yes,completed
1,682,607,01-25,+0.0%,+0.00%,0.5000,0,✓ Yes,completed
1,682,645,01-25,+0.0%,+0.00%,0.5000,0,✓ Yes,completed
1,682,682,01-25,+0.0%,+0.00%,0.5000,0,✓ Yes,completed
1,721,268,01-25,+0.0%,+0.00%,0.5000,0,✓ Yes,completed
1,721,306,01-25,+0.0%,+0.00%,0.5000,0,✓ Yes,completed
1,721,344,01-25,+0.0%,+0.00%,0.5000,0,✓ Yes,completed
1,721,382,01-25,+0.0%,+0.00%,0.5000,0,✓ Yes,completed
1,721,419,01-25,+0.0%,+0.00%,0.5000,0,✓ Yes,completed
1,721,457,01-25,+0.0%,+0.00%,0.5000,0,✓ Yes,completed
1,721,495,01-25,+0.0%,+0.00%,0.5000,0,✓ Yes,completed
1,721,533,01-25,+0.0%,+0.00%,0.5000,0,✓ Yes,completed
1,721,570,01-25,+0.0%,+0.00%,0.5000,0,✓ Yes,completed
1,721,608,01-25,+0.0%,+0.00%,0.5000,0,✓ Yes,completed
1,721,646,01-25,+0.0%,+0.00%,0.5000,0,✓ Yes,completed
1,721,684,01-25,+0.0%,+0.00%,0.5000,0,✓ Yes,completed
1,721,721,01-25,+0.0%,+0.00%,0.5000,0,✓ Yes,completed
1,761,268,01-25,+0.0%,+0.00%,0.5000,0,✓ Yes,completed
1,761,306,01-25,+0.0%,+0.00%,0.5000,0,✓ Yes,completed
1,761,344,01-25,+0.0%,+0.00%,0.5000,0,✓ Yes,completed
1,761,382,01-25,+0.0%,+0.00%,0.5000,0,✓ Yes,completed
1,761,420,01-25,+0.0%,+0.00%,0.5000,0,✓ Yes,completed
1,761,458,01-25,+0.0%,+0.00%,0.5000,0,✓ Yes,completed
1,761,496,01-25,+0.0%,+0.00%,0.5000,0,✓ Yes,completed
1,761,533,01-25,+0.0%,+0.00%,0.5000,0,✓ Yes,completed
1,761,571,01-25,+0.0%,+0.00%,0.5000,0,✓ Yes,completed
1,761,609,01-25,+0.0%,+0.00%,0.5000,0,✓ Yes,completed
1,761,647,01-25,+0.0%,+0.00%,0.5000,0,✓ Yes,completed
1,761,685,01-25,+0.0%,+0.00%,0.5000,0,✓ Yes,completed
1,761,723,01-25,+0.0%,+0.00%,0.5000,0,✓ Yes,completed
1,761,761,01-25,+0.0%,+0.00%,0.5000,0,✓ Yes,completed
1,800,268,01-25,+0.0%,+0.00%,0.5000,0,✓ Yes,completed
1,800,306,01-25,+0.0%,+0.00%,0.5000,0,✓ Yes,completed
1,800,344,01-25,+0.0%,+0.00%,0.5000,0,✓ Yes,completed
1,800,382,01-25,+0.0%,+0.00%,0.5000,0,✓ Yes,completed
1,800,420,01-25,+0.0%,+0.00%,0.5000,0,✓ Yes,completed
1,800,458,01-25,+0.0%,+0.00%,0.5000,0,✓ Yes,completed
1,800,496,01-25,+0.0%,+0.00%,0.5000,0,✓ Yes,completed
1,800,534,01-25,+0.0%,+0.00%,0.5000,0,✓ Yes,completed
1,800,572,01-25,+0.0%,+0.00%,0.5000,0,✓ Yes,completed
1,800,610,01-25,+0.0%,+0.00%,0.5000,0,✓ Yes,completed
1,800,648,01-25,+0.0%,+0.00%,0.5000,0,✓ Yes,completed
1,800,686,01-25,+0.0%,+0.00%,0.5000,0,✓ Yes,completed
1,800,724,01-25,+0.0%,+0.00%,0.5000,0,✓ Yes,completed
1,800,762,01-25,+0.0%,+0.00%,0.5000,0,✓ Yes,completed
1,800,800,01-25,+0.0%,+0.00%,0.5000,0,✓ Yes,completed
1,447,268,02-18,+25.0%,+97.71%,0.9886,1,✗ No,budget_exceeded
1,447,313,02-18,+25.0%,+97.71%,0.9886,1,✗ No,budget_exceeded
1,447,357,02-18,+25.0%,+97.71%,0.9886,1,✗ No,budget_exceeded
1,447,402,02-18,+25.0%,+97.08%,0.9854,3,✗ No,budget_exceeded
1,447,447,02-18,+25.0%,+95.86%,0.9793,9,✗ No,budget_exceeded
1,486,268,02-18,+25.0%,+97.71%,0.9886,1,✗ No,budget_exceeded
1,486,312,02-18,+25.0%,+97.71%,0.9886,1,✗ No,budget_exceeded
1,486,355,02-18,+25.0%,+97.71%,0.9886,1,✗ No,budget_exceeded
1,486,399,02-18,+25.0%,+96.93%,0.9846,3,✗ No,budget_exceeded
1,486,442,02-18,+25.0%,+94.84%,0.9742,9,✗ No,budget_exceeded
1,486,486,02-18,+25.0%,+90.50%,0.9525,20,✗ No,budget_exceeded
1,525,268,02-18,+25.0%,+97.71%,0.9886,1,✗ No,budget_exceeded
1,525,311,02-18,+25.0%,+97.71%,0.9886,1,✗ No,budget_exceeded
1,525,354,02-18,+25.0%,+97.71%,0.9886,1,✗ No,budget_exceeded
1,525,397,02-18,+25.0%,+96.77%,0.9839,3,✗ No,budget_exceeded
1,525,440,02-18,+25.0%,+94.94%,0.9747,8,✗ No,budget_exceeded
1,525,482,02-18,+25.0%,+87.51%,0.9375,21,✗ No,budget_exceeded
1,525,525,02-18,+25.0%,+83.36%,0.9168,29,✗ No,budget_exceeded
1,564,268,02-18,+25.0%,+97.04%,0.9852,1,✗ No,budget_exceeded
1,564,311,02-18,+25.0%,+97.04%,0.9852,1,✗ No,budget_exceeded
1,564,353,02-18,+25.0%,+97.04%,0.9852,1,✗ No,budget_exceeded
1,564,395,02-18,+25.0%,+95.94%,0.9797,3,✗ No,budget_exceeded
1,564,438,02-18,+25.0%,+92.21%,0.9610,7,✗ No,budget_exceeded
1,564,480,02-18,+25.0%,+73.72%,0.8686,22,✗ No,budget_exceeded
1,564,522,02-18,+25.0%,+52.05%,0.7602,29,✗ No,budget_exceeded
1,564,564,02-18,+25.0%,+33.58%,0.6679,53,✗ No,budget_exceeded
1,604,268,02-18,+25.0%,+94.67%,0.9733,1,✗ No,budget_exceeded
1,604,310,02-18,+25.0%,+94.67%,0.9733,1,✗ No,budget_exceeded
1,604,352,02-18,+25.0%,+94.67%,0.9733,1,✗ No,budget_exceeded
1,604,394,02-18,+25.0%,+81.59%,0.9079,3,✗ No,budget_exceeded
1,604,436,02-18,+25.0%,+76.48%,0.8824,5,✗ No,budget_exceeded
1,604,478,02-18,+15.8%,+1.87%,0.5093,17,✓ Yes,completed
1,604,520,02-18,+13.2%,+1.96%,0.5098,18,✓ Yes,completed
1,604,562,02-18,+10.7%,+1.80%,0.5090,18,✓ Yes,completed
1,604,604,02-18,+5.2%,+1.00%,0.5050,25,✓ Yes,completed
1,643,268,02-18,+0.0%,+0.00%,0.5000,0,✓ Yes,completed
1,643,306,02-18,+0.0%,+0.00%,0.5000,0,✓ Yes,completed
1,643,343,02-18,+0.0%,+0.00%,0.5000,0,✓ Yes,completed
1,643,381,02-18,+0.0%,+0.00%,0.5000,0,✓ Yes,completed
1,643,418,02-18,+0.0%,+0.00%,0.5000,0,✓ Yes,completed
1,643,456,02-18,+0.0%,+0.00%,0.5000,0,✓ Yes,completed
1,643,493,02-18,+0.0%,+0.00%,0.5000,0,✓ Yes,completed
1,643,531,02-18,+0.0%,+0.00%,0.5000,0,✓ Yes,completed
1,643,568,02-18,+0.0%,+0.00%,0.5000,0,✓ Yes,completed
1,643,606,02-18,+0.0%,+0.00%,0.5000,0,✓ Yes,completed
1,643,643,02-18,+0.0%,+0.00%,0.5000,0,✓ Yes,completed
1,682,268,02-18,+0.0%,+0.00%,0.5000,0,✓ Yes,completed
1,682,306,02-18,+0.0%,+0.00%,0.5000,0,✓ Yes,completed
1,682,344,02-18,+0.0%,+0.00%,0.5000,0,✓ Yes,completed
1,682,381,02-18,+0.0%,+0.00%,0.5000,0,✓ Yes,completed
1,682,419,02-18,+0.0%,+0.00%,0.5000,0,✓ Yes,completed
1,682,456,02-18,+0.0%,+0.00%,0.5000,0,✓ Yes,completed
1,682,494,02-18,+0.0%,+0.00%,0.5000,0,✓ Yes,completed
1,682,532,02-18,+0.0%,+0.00%,0.5000,0,✓ Yes,completed
1,682,569,02-18,+0.0%,+0.00%,0.5000,0,✓ Yes,completed
1,682,607,02-18,+0.0%,+0.00%,0.5000,0,✓ Yes,completed
1,682,645,02-18,+0.0%,+0.00%,0.5000,0,✓ Yes,completed
1,682,682,02-18,+0.0%,+0.00%,0.5000,0,✓ Yes,completed
1,721,268,02-18,+0.0%,+0.00%,0.5000,0,✓ Yes,completed
1,721,306,02-18,+0.0%,+0.00%,0.5000,0,✓ Yes,completed
1,721,344,02-18,+0.0%,+0.00%,0.5000,0,✓ Yes,completed
1,721,382,02-18,+0.0%,+0.00%,0.5000,0,✓ Yes,completed
1,721,419,02-18,+0.0%,+0.00%,0.5000,0,✓ Yes,completed
1,721,457,02-18,+0.0%,+0.00%,0.5000,0,✓ Yes,completed
1,721,495,02-18,+0.0%,+0.00%,0.5000,0,✓ Yes,completed
1,721,533,02-18,+0.0%,+0.00%,0.5000,0,✓ Yes,completed
1,721,570,02-18,+0.0%,+0.00%,0.5000,0,✓ Yes,completed
1,721,608,02-18,+0.0%,+0.00%,0.5000,0,✓ Yes,completed
1,721,646,02-18,+0.0%,+0.00%,0.5000,0,✓ Yes,completed
1,721,684,02-18,+0.0%,+0.00%,0.5000,0,✓ Yes,completed
1,721,721,02-18,+0.0%,+0.00%,0.5000,0,✓ Yes,completed
1,761,268,02-18,+0.0%,+0.00%,0.5000,0,✓ Yes,completed
1,761,306,02-18,+0.0%,+0.00%,0.5000,0,✓ Yes,completed
1,761,344,02-18,+0.0%,+0.00%,0.5000,0,✓ Yes,completed
1,761,382,02-18,+0.0%,+0.00%,0.5000,0,✓ Yes,completed
1,761,420,02-18,+0.0%,+0.00%,0.5000,0,✓ Yes,completed
1,761,458,02-18,+0.0%,+0.00%,0.5000,0,✓ Yes,completed
1,761,496,02-18,+0.0%,+0.00%,0.5000,0,✓ Yes,completed
1,761,533,02-18,+0.0%,+0.00%,0.5000,0,✓ Yes,completed
1,761,571,02-18,+0.0%,+0.00%,0.5000,0,✓ Yes,completed
1,761,609,02-18,+0.0%,+0.00%,0.5000,0,✓ Yes,completed
1,761,647,02-18,+0.0%,+0.00%,0.5000,0,✓ Yes,completed
1,761,685,02-18,+0.0%,+0.00%,0.5000,0,✓ Yes,completed
1,761,723,02-18,+0.0%,+0.00%,0.5000,0,✓ Yes,completed
1,761,761,02-18,+0.0%,+0.00%,0.5000,0,✓ Yes,completed
1,800,268,02-18,+0.0%,+0.00%,0.5000,0,✓ Yes,completed
1,800,306,02-18,+0.0%,+0.00%,0.5000,0,✓ Yes,completed
1,800,344,02-18,+0.0%,+0.00%,0.5000,0,✓ Yes,completed
1,800,382,02-18,+0.0%,+0.00%,0.5000,0,✓ Yes,completed
1,800,420,02-18,+0.0%,+0.00%,0.5000,0,✓ Yes,completed
1,800,458,02-18,+0.0%,+0.00%,0.5000,0,✓ Yes,completed
1,800,496,02-18,+0.0%,+0.00%,0.5000,0,✓ Yes,completed
1,800,534,02-18,+0.0%,+0.00%,0.5000,0,✓ Yes,completed
1,800,572,02-18,+0.0%,+0.00%,0.5000,0,✓ Yes,completed
1,800,610,02-18,+0.0%,+0.00%,0.5000,0,✓ Yes,completed
1,800,648,02-18,+0.0%,+0.00%,0.5000,0,✓ Yes,completed
1,800,686,02-18,+0.0%,+0.00%,0.5000,0,✓ Yes,completed
1,800,724,02-18,+0.0%,+0.00%,0.5000,0,✓ Yes,completed
1,800,762,02-18,+0.0%,+0.00%,0.5000,0,✓ Yes,completed
1,800,800,02-18,+0.0%,+0.00%,0.5000,0,✓ Yes,completed
1,447,268,03-14,+25.0%,+97.89%,0.9894,1,✗ No,budget_exceeded
1,447,313,03-14,+25.0%,+97.89%,0.9894,1,✗ No,budget_exceeded
1,447,357,03-14,+25.0%,+94.85%,0.9743,9,✗ No,budget_exceeded
1,447,402,03-14,+25.0%,+91.88%,0.9594,15,✗ No,budget_exceeded
1,447,447,03-14,+25.0%,+88.51%,0.9426,21,✗ No,budget_exceeded
1,486,268,03-14,+25.0%,+97.89%,0.9894,1,✗ No,budget_exceeded
1,486,312,03-14,+25.0%,+97.89%,0.9894,1,✗ No,budget_exceeded
1,486,355,03-14,+25.0%,+94.13%,0.9707,9,✗ No,budget_exceeded
1,486,399,03-14,+25.0%,+91.07%,0.9554,14,✗ No,budget_exceeded
1,486,442,03-14,+25.0%,+86.36%,0.9318,21,✗ No,budget_exceeded
1,486,486,03-14,+25.0%,+81.60%,0.9080,30,✗ No,budget_exceeded
1,525,268,03-14,+25.0%,+97.18%,0.9859,1,✗ No,budget_exceeded
1,525,311,03-14,+25.0%,+97.18%,0.9859,1,✗ No,budget_exceeded
1,525,354,03-14,+25.0%,+91.06%,0.9553,8,✗ No,budget_exceeded
1,525,397,03-14,+25.0%,+85.81%,0.9291,16,✗ No,budget_exceeded
1,525,440,03-14,+25.0%,+79.46%,0.8973,24,✗ No,budget_exceeded
1,525,482,03-14,+25.0%,+75.77%,0.8788,26,✗ No,budget_exceeded
1,525,525,03-14,+25.0%,+51.95%,0.7597,58,✗ No,budget_exceeded
1,564,268,03-14,+25.0%,+92.88%,0.9644,1,✗ No,budget_exceeded
1,564,311,03-14,+25.0%,+92.88%,0.9644,1,✗ No,budget_exceeded
1,564,353,03-14,+25.0%,+78.91%,0.8946,5,✗ No,budget_exceeded
1,564,395,03-14,+25.0%,+50.36%,0.7518,17,✗ No,budget_exceeded
1,564,438,03-14,+25.0%,+30.46%,0.6523,30,✗ No,budget_exceeded
1,564,480,03-14,+24.2%,+2.32%,0.5116,32,✓ Yes,completed
1,564,522,03-14,+18.8%,+2.34%,0.5117,32,✓ Yes,completed
1,564,564,03-14,+11.2%,+1.71%,0.5086,48,✓ Yes,completed
1,604,268,03-14,+25.0%,+78.23%,0.8912,1,✗ No,budget_exceeded
1,604,310,03-14,+25.0%,+78.23%,0.8912,1,✗ No,budget_exceeded
1,604,352,03-14,+25.0%,+47.08%,0.7354,4,✗ No,budget_exceeded
1,604,394,03-14,+13.2%,+0.59%,0.5030,5,✓ Yes,completed
1,604,436,03-14,+5.5%,+0.57%,0.5029,7,✓ Yes,completed
1,604,478,03-14,+4.8%,+0.58%,0.5029,7,✓ Yes,completed
1,604,520,03-14,+4.5%,+0.63%,0.5032,7,✓ Yes,completed
1,604,562,03-14,+2.9%,+0.36%,0.5018,7,✓ Yes,completed
1,604,604,03-14,+0.9%,+0.07%,0.5003,10,✓ Yes,completed
1,643,268,03-14,+0.0%,+0.00%,0.5000,0,✓ Yes,completed
1,643,306,03-14,+0.0%,+0.00%,0.5000,0,✓ Yes,completed
1,643,343,03-14,+0.0%,+0.00%,0.5000,0,✓ Yes,completed
1,643,381,03-14,+0.0%,+0.00%,0.5000,0,✓ Yes,completed
1,643,418,03-14,+0.0%,+0.00%,0.5000,0,✓ Yes,completed
1,643,456,03-14,+0.0%,+0.00%,0.5000,0,✓ Yes,completed
1,643,493,03-14,+0.0%,+0.00%,0.5000,0,✓ Yes,completed
1,643,531,03-14,+0.0%,+0.00%,0.5000,0,✓ Yes,completed
1,643,568,03-14,+0.0%,+0.00%,0.5000,0,✓ Yes,completed
1,643,606,03-14,+0.0%,+0.00%,0.5000,0,✓ Yes,completed
1,643,643,03-14,+0.0%,+0.00%,0.5000,0,✓ Yes,completed
1,682,268,03-14,+0.0%,+0.00%,0.5000,0,✓ Yes,completed
1,682,306,03-14,+0.0%,+0.00%,0.5000,0,✓ Yes,completed
1,682,344,03-14,+0.0%,+0.00%,0.5000,0,✓ Yes,completed
1,682,381,03-14,+0.0%,+0.00%,0.5000,0,✓ Yes,completed
1,682,419,03-14,+0.0%,+0.00%,0.5000,0,✓ Yes,completed
1,682,456,03-14,+0.0%,+0.00%,0.5000,0,✓ Yes,completed
1,682,494,03-14,+0.0%,+0.00%,0.5000,0,✓ Yes,completed
1,682,532,03-14,+0.0%,+0.00%,0.5000,0,✓ Yes,completed
1,682,569,03-14,+0.0%,+0.00%,0.5000,0,✓ Yes,completed
1,682,607,03-14,+0.0%,+0.00%,0.5000,0,✓ Yes,completed
1,682,645,03-14,+0.0%,+0.00%,0.5000,0,✓ Yes,completed
1,682,682,03-14,+0.0%,+0.00%,0.5000,0,✓ Yes,completed
1,721,268,03-14,+0.0%,+0.00%,0.5000,0,✓ Yes,completed
1,721,306,03-14,+0.0%,+0.00%,0.5000,0,✓ Yes,completed
1,721,344,03-14,+0.0%,+0.00%,0.5000,0,✓ Yes,completed
1,721,382,03-14,+0.0%,+0.00%,0.5000,0,✓ Yes,completed
1,721,419,03-14,+0.0%,+0.00%,0.5000,0,✓ Yes,completed
1,721,457,03-14,+0.0%,+0.00%,0.5000,0,✓ Yes,completed
1,721,495,03-14,+0.0%,+0.00%,0.5000,0,✓ Yes,completed
1,721,533,03-14,+0.0%,+0.00%,0.5000,0,✓ Yes,completed
1,721,570,03-14,+0.0%,+0.00%,0.5000,0,✓ Yes,completed
1,721,608,03-14,+0.0%,+0.00%,0.5000,0,✓ Yes,completed
1,721,646,03-14,+0.0%,+0.00%,0.5000,0,✓ Yes,completed
1,721,684,03-14,+0.0%,+0.00%,0.5000,0,✓ Yes,completed
1,721,721,03-14,+0.0%,+0.00%,0.5000,0,✓ Yes,completed
1,761,268,03-14,+0.0%,+0.00%,0.5000,0,✓ Yes,completed
1,761,306,03-14,+0.0%,+0.00%,0.5000,0,✓ Yes,completed
1,761,344,03-14,+0.0%,+0.00%,0.5000,0,✓ Yes,completed
1,761,382,03-14,+0.0%,+0.00%,0.5000,0,✓ Yes,completed
1,761,420,03-14,+0.0%,+0.00%,0.5000,0,✓ Yes,completed
1,761,458,03-14,+0.0%,+0.00%,0.5000,0,✓ Yes,completed
1,761,496,03-14,+0.0%,+0.00%,0.5000,0,✓ Yes,completed
1,761,533,03-14,+0.0%,+0.00%,0.5000,0,✓ Yes,completed
1,761,571,03-14,+0.0%,+0.00%,0.5000,0,✓ Yes,completed
1,761,609,03-14,+0.0%,+0.00%,0.5000,0,✓ Yes,completed
1,761,647,03-14,+0.0%,+0.00%,0.5000,0,✓ Yes,completed
1,761,685,03-14,+0.0%,+0.00%,0.5000,0,✓ Yes,completed
1,761,723,03-14,+0.0%,+0.00%,0.5000,0,✓ Yes,completed
1,761,761,03-14,+0.0%,+0.00%,0.5000,0,✓ Yes,completed
1,800,268,03-14,+0.0%,+0.00%,0.5000,0,✓ Yes,completed
1,800,306,03-14,+0.0%,+0.00%,0.5000,0,✓ Yes,completed
1,800,344,03-14,+0.0%,+0.00%,0.5000,0,✓ Yes,completed
1,800,382,03-14,+0.0%,+0.00%,0.5000,0,✓ Yes,completed
1,800,420,03-14,+0.0%,+0.00%,0.5000,0,✓ Yes,completed
1,800,458,03-14,+0.0%,+0.00%,0.5000,0,✓ Yes,completed
1,800,496,03-14,+0.0%,+0.00%,0.5000,0,✓ Yes,completed
1,800,534,03-14,+0.0%,+0.00%,0.5000,0,✓ Yes,completed
1,800,572,03-14,+0.0%,+0.00%,0.5000,0,✓ Yes,completed
1,800,610,03-14,+0.0%,+0.00%,0.5000,0,✓ Yes,completed
1,800,648,03-14,+0.0%,+0.00%,0.5000,0,✓ Yes,completed
1,800,686,03-14,+0.0%,+0.00%,0.5000,0,✓ Yes,completed
1,800,724,03-14,+0.0%,+0.00%,0.5000,0,✓ Yes,completed
1,800,762,03-14,+0.0%,+0.00%,0.5000,0,✓ Yes,completed
1,800,800,03-14,+0.0%,+0.00%,0.5000,0,✓ Yes,completed
1,447,268,04-07,+25.0%,+97.90%,0.9895,1,✗ No,budget_exceeded
1,447,313,04-07,+25.0%,+96.69%,0.9834,3,✗ No,budget_exceeded
1,447,357,04-07,+25.0%,+94.55%,0.9727,6,✗ No,budget_exceeded
1,447,402,04-07,+25.0%,+89.56%,0.9478,18,✗ No,budget_exceeded
1,447,447,04-07,+25.0%,+86.41%,0.9321,24,✗ No,budget_exceeded
1,486,268,04-07,+25.0%,+97.29%,0.9865,1,✗ No,budget_exceeded
1,486,312,04-07,+25.0%,+95.77%,0.9788,3,✗ No,budget_exceeded
1,486,355,04-07,+25.0%,+93.07%,0.9654,5,✗ No,budget_exceeded
1,486,399,04-07,+25.0%,+88.47%,0.9424,14,✗ No,budget_exceeded
1,486,442,04-07,+25.0%,+83.19%,0.9159,22,✗ No,budget_exceeded
1,486,486,04-07,+25.0%,+78.39%,0.8920,26,✗ No,budget_exceeded
1,525,268,04-07,+25.0%,+97.21%,0.9861,1,✗ No,budget_exceeded
1,525,311,04-07,+25.0%,+94.81%,0.9741,2,✗ No,budget_exceeded
1,525,354,04-07,+25.0%,+91.62%,0.9581,4,✗ No,budget_exceeded
1,525,397,04-07,+25.0%,+86.59%,0.9330,11,✗ No,budget_exceeded
1,525,440,04-07,+25.0%,+75.92%,0.8796,25,✗ No,budget_exceeded
1,525,482,04-07,+25.0%,+70.48%,0.8524,28,✗ No,budget_exceeded
1,525,525,04-07,+25.0%,+34.69%,0.6735,67,✗ No,budget_exceeded
1,564,268,04-07,+25.0%,+96.87%,0.9843,1,✗ No,budget_exceeded
1,564,311,04-07,+25.0%,+92.73%,0.9637,2,✗ No,budget_exceeded
1,564,353,04-07,+25.0%,+84.53%,0.9226,3,✗ No,budget_exceeded
1,564,395,04-07,+25.0%,+35.14%,0.6757,12,✗ No,budget_exceeded
1,564,438,04-07,+18.3%,+1.02%,0.5051,21,✓ Yes,completed
1,564,480,04-07,+16.3%,+1.20%,0.5060,21,✓ Yes,completed
1,564,522,04-07,+11.7%,+1.23%,0.5062,21,✓ Yes,completed
1,564,564,04-07,+6.8%,+0.68%,0.5034,34,✓ Yes,completed
1,604,268,04-07,+25.0%,+96.69%,0.9834,1,✗ No,budget_exceeded
1,604,310,04-07,+25.0%,+75.97%,0.8799,2,✗ No,budget_exceeded
1,604,352,04-07,+22.1%,-0.44%,0.4978,2,✓ Yes,completed
1,604,394,04-07,+7.4%,+0.09%,0.5004,2,✓ Yes,completed
1,604,436,04-07,+2.8%,+0.16%,0.5008,3,✓ Yes,completed
1,604,478,04-07,+2.5%,+0.20%,0.5010,3,✓ Yes,completed
1,604,520,04-07,+2.2%,+0.23%,0.5011,3,✓ Yes,completed
1,604,562,04-07,+1.7%,+0.17%,0.5009,3,✓ Yes,completed
1,604,604,04-07,+0.5%,+0.08%,0.5004,5,✓ Yes,completed
1,643,268,04-07,+0.0%,+0.00%,0.5000,0,✓ Yes,completed
1,643,306,04-07,+0.0%,+0.00%,0.5000,0,✓ Yes,completed
1,643,343,04-07,+0.0%,+0.00%,0.5000,0,✓ Yes,completed
1,643,381,04-07,+0.0%,+0.00%,0.5000,0,✓ Yes,completed
1,643,418,04-07,+0.0%,+0.00%,0.5000,0,✓ Yes,completed
1,643,456,04-07,+0.0%,+0.00%,0.5000,0,✓ Yes,completed
1,643,493,04-07,+0.0%,+0.00%,0.5000,0,✓ Yes,completed
1,643,531,04-07,+0.0%,+0.00%,0.5000,0,✓ Yes,completed
1,643,568,04-07,+0.0%,+0.00%,0.5000,0,✓ Yes,completed
1,643,606,04-07,+0.0%,+0.00%,0.5000,0,✓ Yes,completed
1,643,643,04-07,+0.0%,+0.00%,0.5000,0,✓ Yes,completed
1,682,268,04-07,+0.0%,+0.00%,0.5000,0,✓ Yes,completed
1,682,306,04-07,+0.0%,+0.00%,0.5000,0,✓ Yes,completed
1,682,344,04-07,+0.0%,+0.00%,0.5000,0,✓ Yes,completed
1,682,381,04-07,+0.0%,+0.00%,0.5000,0,✓ Yes,completed
1,682,419,04-07,+0.0%,+0.00%,0.5000,0,✓ Yes,completed
1,682,456,04-07,+0.0%,+0.00%,0.5000,0,✓ Yes,completed
1,682,494,04-07,+0.0%,+0.00%,0.5000,0,✓ Yes,completed
1,682,532,04-07,+0.0%,+0.00%,0.5000,0,✓ Yes,completed
1,682,569,04-07,+0.0%,+0.00%,0.5000,0,✓ Yes,completed
1,682,607,04-07,+0.0%,+0.00%,0.5000,0,✓ Yes,completed
1,682,645,04-07,+0.0%,+0.00%,0.5000,0,✓ Yes,completed
1,682,682,04-07,+0.0%,+0.00%,0.5000,0,✓ Yes,completed
1,721,268,04-07,+0.0%,+0.00%,0.5000,0,✓ Yes,completed
1,721,306,04-07,+0.0%,+0.00%,0.5000,0,✓ Yes,completed
1,721,344,04-07,+0.0%,+0.00%,0.5000,0,✓ Yes,completed
1,721,382,04-07,+0.0%,+0.00%,0.5000,0,✓ Yes,completed
1,721,419,04-07,+0.0%,+0.00%,0.5000,0,✓ Yes,completed
1,721,457,04-07,+0.0%,+0.00%,0.5000,0,✓ Yes,completed
1,721,495,04-07,+0.0%,+0.00%,0.5000,0,✓ Yes,completed
1,721,533,04-07,+0.0%,+0.00%,0.5000,0,✓ Yes,completed
1,721,570,04-07,+0.0%,+0.00%,0.5000,0,✓ Yes,completed
1,721,608,04-07,+0.0%,+0.00%,0.5000,0,✓ Yes,completed
1,721,646,04-07,+0.0%,+0.00%,0.5000,0,✓ Yes,completed
1,721,684,04-07,+0.0%,+0.00%,0.5000,0,✓ Yes,completed
1,721,721,04-07,+0.0%,+0.00%,0.5000,0,✓ Yes,completed
1,761,268,04-07,+0.0%,+0.00%,0.5000,0,✓ Yes,completed
1,761,306,04-07,+0.0%,+0.00%,0.5000,0,✓ Yes,completed
1,761,344,04-07,+0.0%,+0.00%,0.5000,0,✓ Yes,completed
1,761,382,04-07,+0.0%,+0.00%,0.5000,0,✓ Yes,completed
1,761,420,04-07,+0.0%,+0.00%,0.5000,0,✓ Yes,completed
1,761,458,04-07,+0.0%,+0.00%,0.5000,0,✓ Yes,completed
1,761,496,04-07,+0.0%,+0.00%,0.5000,0,✓ Yes,completed
1,761,533,04-07,+0.0%,+0.00%,0.5000,0,✓ Yes,completed
1,761,571,04-07,+0.0%,+0.00%,0.5000,0,✓ Yes,completed
1,761,609,04-07,+0.0%,+0.00%,0.5000,0,✓ Yes,completed
1,761,647,04-07,+0.0%,+0.00%,0.5000,0,✓ Yes,completed
1,761,685,04-07,+0.0%,+0.00%,0.5000,0,✓ Yes,completed
1,761,723,04-07,+0.0%,+0.00%,0.5000,0,✓ Yes,completed
1,761,761,04-07,+0.0%,+0.00%,0.5000,0,✓ Yes,completed
1,800,268,04-07,+0.0%,+0.00%,0.5000,0,✓ Yes,completed
1,800,306,04-07,+0.0%,+0.00%,0.5000,0,✓ Yes,completed
1,800,344,04-07,+0.0%,+0.00%,0.5000,0,✓ Yes,completed
1,800,382,04-07,+0.0%,+0.00%,0.5000,0,✓ Yes,completed
1,800,420,04-07,+0.0%,+0.00%,0.5000,0,✓ Yes,completed
1,800,458,04-07,+0.0%,+0.00%,0.5000,0,✓ Yes,completed
1,800,496,04-07,+0.0%,+0.00%,0.5000,0,✓ Yes,completed
1,800,534,04-07,+0.0%,+0.00%,0.5000,0,✓ Yes,completed
1,800,572,04-07,+0.0%,+0.00%,0.5000,0,✓ Yes,completed
1,800,610,04-07,+0.0%,+0.00%,0.5000,0,✓ Yes,completed
1,800,648,04-07,+0.0%,+0.00%,0.5000,0,✓ Yes,completed
1,800,686,04-07,+0.0%,+0.00%,0.5000,0,✓ Yes,completed
1,800,724,04-07,+0.0%,+0.00%,0.5000,0,✓ Yes,completed
1,800,762,04-07,+0.0%,+0.00%,0.5000,0,✓ Yes,completed
1,800,800,04-07,+0.0%,+0.00%,0.5000,0,✓ Yes,completed
1,447,268,05-01,+25.0%,+97.29%,0.9864,1,✗ No,budget_exceeded
1,447,313,05-01,+25.0%,+97.29%,0.9864,1,✗ No,budget_exceeded
1,447,357,05-01,+25.0%,+93.59%,0.9680,10,✗ No,budget_exceeded
1,447,402,05-01,+25.0%,+88.24%,0.9412,20,✗ No,budget_exceeded
1,447,447,05-01,+25.0%,+85.49%,0.9275,24,✗ No,budget_exceeded
1,486,268,05-01,+25.0%,+97.21%,0.9861,1,✗ No,budget_exceeded
1,486,312,05-01,+25.0%,+97.21%,0.9861,1,✗ No,budget_exceeded
1,486,355,05-01,+25.0%,+92.20%,0.9610,10,✗ No,budget_exceeded
1,486,399,05-01,+25.0%,+86.10%,0.9305,20,✗ No,budget_exceeded
1,486,442,05-01,+25.0%,+81.97%,0.9099,24,✗ No,budget_exceeded
1,486,486,05-01,+25.0%,+74.58%,0.8729,37,✗ No,budget_exceeded
1,525,268,05-01,+25.0%,+96.88%,0.9844,1,✗ No,budget_exceeded
1,525,311,05-01,+25.0%,+96.88%,0.9844,1,✗ No,budget_exceeded
1,525,354,05-01,+25.0%,+87.96%,0.9398,8,✗ No,budget_exceeded
1,525,397,05-01,+25.0%,+77.24%,0.8862,19,✗ No,budget_exceeded
1,525,440,05-01,+25.0%,+67.87%,0.8393,27,✗ No,budget_exceeded
1,525,482,05-01,+25.0%,+38.05%,0.6902,33,✗ No,budget_exceeded
1,525,525,05-01,+20.1%,+0.28%,0.5014,83,✓ Yes,completed
1,564,268,05-01,+25.0%,+91.38%,0.9569,1,✗ No,budget_exceeded
1,564,311,05-01,+25.0%,+91.38%,0.9569,1,✗ No,budget_exceeded
1,564,353,05-01,+25.0%,+63.01%,0.8150,2,✗ No,budget_exceeded
1,564,395,05-01,+16.2%,-0.98%,0.4951,6,✓ Yes,completed
1,564,438,05-01,+6.3%,-0.02%,0.4999,8,✓ Yes,completed
1,564,480,05-01,+5.5%,+0.05%,0.5003,8,✓ Yes,completed
1,564,522,05-01,+3.2%,+0.07%,0.5003,8,✓ Yes,completed
1,564,564,05-01,+1.7%,+0.03%,0.5001,12,✓ Yes,completed
1,604,268,05-01,+0.0%,+0.00%,0.5000,0,✓ Yes,completed
1,604,310,05-01,+0.0%,+0.00%,0.5000,0,✓ Yes,completed
1,604,352,05-01,+0.0%,+0.00%,0.5000,0,✓ Yes,completed
1,604,394,05-01,+0.0%,+0.00%,0.5000,0,✓ Yes,completed
1,604,436,05-01,+0.0%,+0.00%,0.5000,0,✓ Yes,completed
1,604,478,05-01,+0.0%,+0.00%,0.5000,0,✓ Yes,completed
1,604,520,05-01,+0.0%,+0.00%,0.5000,0,✓ Yes,completed
1,604,562,05-01,+0.0%,+0.00%,0.5000,0,✓ Yes,completed
1,604,604,05-01,+0.0%,+0.00%,0.5000,0,✓ Yes,completed
1,643,268,05-01,+0.0%,+0.00%,0.5000,0,✓ Yes,completed
1,643,306,05-01,+0.0%,+0.00%,0.5000,0,✓ Yes,completed
1,643,343,05-01,+0.0%,+0.00%,0.5000,0,✓ Yes,completed
1,643,381,05-01,+0.0%,+0.00%,0.5000,0,✓ Yes,completed
1,643,418,05-01,+0.0%,+0.00%,0.5000,0,✓ Yes,completed
1,643,456,05-01,+0.0%,+0.00%,0.5000,0,✓ Yes,completed
1,643,493,05-01,+0.0%,+0.00%,0.5000,0,✓ Yes,completed
1,643,531,05-01,+0.0%,+0.00%,0.5000,0,✓ Yes,completed
1,643,568,05-01,+0.0%,+0.00%,0.5000,0,✓ Yes,completed
1,643,606,05-01,+0.0%,+0.00%,0.5000,0,✓ Yes,completed
1,643,643,05-01,+0.0%,+0.00%,0.5000,0,✓ Yes,completed
1,682,268,05-01,+0.0%,+0.00%,0.5000,0,✓ Yes,completed
1,682,306,05-01,+0.0%,+0.00%,0.5000,0,✓ Yes,completed
1,682,344,05-01,+0.0%,+0.00%,0.5000,0,✓ Yes,completed
1,682,381,05-01,+0.0%,+0.00%,0.5000,0,✓ Yes,completed
1,682,419,05-01,+0.0%,+0.00%,0.5000,0,✓ Yes,completed
1,682,456,05-01,+0.0%,+0.00%,0.5000,0,✓ Yes,completed
1,682,494,05-01,+0.0%,+0.00%,0.5000,0,✓ Yes,completed
1,682,532,05-01,+0.0%,+0.00%,0.5000,0,✓ Yes,completed
1,682,569,05-01,+0.0%,+0.00%,0.5000,0,✓ Yes,completed
1,682,607,05-01,+0.0%,+0.00%,0.5000,0,✓ Yes,completed
1,682,645,05-01,+0.0%,+0.00%,0.5000,0,✓ Yes,completed
1,682,682,05-01,+0.0%,+0.00%,0.5000,0,✓ Yes,completed
1,721,268,05-01,+0.0%,+0.00%,0.5000,0,✓ Yes,completed
1,721,306,05-01,+0.0%,+0.00%,0.5000,0,✓ Yes,completed
1,721,344,05-01,+0.0%,+0.00%,0.5000,0,✓ Yes,completed
1,721,382,05-01,+0.0%,+0.00%,0.5000,0,✓ Yes,completed
1,721,419,05-01,+0.0%,+0.00%,0.5000,0,✓ Yes,completed
1,721,457,05-01,+0.0%,+0.00%,0.5000,0,✓ Yes,completed
1,721,495,05-01,+0.0%,+0.00%,0.5000,0,✓ Yes,completed
1,721,533,05-01,+0.0%,+0.00%,0.5000,0,✓ Yes,completed
1,721,570,05-01,+0.0%,+0.00%,0.5000,0,✓ Yes,completed
1,721,608,05-01,+0.0%,+0.00%,0.5000,0,✓ Yes,completed
1,721,646,05-01,+0.0%,+0.00%,0.5000,0,✓ Yes,completed
1,721,684,05-01,+0.0%,+0.00%,0.5000,0,✓ Yes,completed
1,721,721,05-01,+0.0%,+0.00%,0.5000,0,✓ Yes,completed
1,761,268,05-01,+0.0%,+0.00%,0.5000,0,✓ Yes,completed
1,761,306,05-01,+0.0%,+0.00%,0.5000,0,✓ Yes,completed
1,761,344,05-01,+0.0%,+0.00%,0.5000,0,✓ Yes,completed
1,761,382,05-01,+0.0%,+0.00%,0.5000,0,✓ Yes,completed
1,761,420,05-01,+0.0%,+0.00%,0.5000,0,✓ Yes,completed
1,761,458,05-01,+0.0%,+0.00%,0.5000,0,✓ Yes,completed
1,761,496,05-01,+0.0%,+0.00%,0.5000,0,✓ Yes,completed
1,761,533,05-01,+0.0%,+0.00%,0.5000,0,✓ Yes,completed
1,761,571,05-01,+0.0%,+0.00%,0.5000,0,✓ Yes,completed
1,761,609,05-01,+0.0%,+0.00%,0.5000,0,✓ Yes,completed
1,761,647,05-01,+0.0%,+0.00%,0.5000,0,✓ Yes,completed
1,761,685,05-01,+0.0%,+0.00%,0.5000,0,✓ Yes,completed
1,761,723,05-01,+0.0%,+0.00%,0.5000,0,✓ Yes,completed
1,761,761,05-01,+0.0%,+0.00%,0.5000,0,✓ Yes,completed
1,800,268,05-01,+0.0%,+0.00%,0.5000,0,✓ Yes,completed
1,800,306,05-01,+0.0%,+0.00%,0.5000,0,✓ Yes,completed
1,800,344,05-01,+0.0%,+0.00%,0.5000,0,✓ Yes,completed
1,800,382,05-01,+0.0%,+0.00%,0.5000,0,✓ Yes,completed
1,800,420,05-01,+0.0%,+0.00%,0.5000,0,✓ Yes,completed
1,800,458,05-01,+0.0%,+0.00%,0.5000,0,✓ Yes,completed
1,800,496,05-01,+0.0%,+0.00%,0.5000,0,✓ Yes,completed
1,800,534,05-01,+0.0%,+0.00%,0.5000,0,✓ Yes,completed
1,800,572,05-01,+0.0%,+0.00%,0.5000,0,✓ Yes,completed
1,800,610,05-01,+0.0%,+0.00%,0.5000,0,✓ Yes,completed
1,800,648,05-01,+0.0%,+0.00%,0.5000,0,✓ Yes,completed
1,800,686,05-01,+0.0%,+0.00%,0.5000,0,✓ Yes,completed
1,800,724,05-01,+0.0%,+0.00%,0.5000,0,✓ Yes,completed
1,800,762,05-01,+0.0%,+0.00%,0.5000,0,✓ Yes,completed
1,800,800,05-01,+0.0%,+0.00%,0.5000,0,✓ Yes,completed
1,447,268,05-24,+25.0%,+97.85%,0.9892,1,✗ No,budget_exceeded
1,447,313,05-24,+25.0%,+97.85%,0.9892,1,✗ No,budget_exceeded
1,447,357,05-24,+25.0%,+97.03%,0.9852,3,✗ No,budget_exceeded
1,447,402,05-24,+25.0%,+91.43%,0.9571,15,✗ No,budget_exceeded
1,447,447,05-24,+25.0%,+87.93%,0.9396,21,✗ No,budget_exceeded
1,486,268,05-24,+25.0%,+97.24%,0.9862,1,✗ No,budget_exceeded
1,486,312,05-24,+25.0%,+97.24%,0.9862,1,✗ No,budget_exceeded
1,486,355,05-24,+25.0%,+96.79%,0.9839,2,✗ No,budget_exceeded
1,486,399,05-24,+25.0%,+89.41%,0.9470,15,✗ No,budget_exceeded
1,486,442,05-24,+25.0%,+83.24%,0.9162,23,✗ No,budget_exceeded
1,486,486,05-24,+25.0%,+71.96%,0.8598,49,✗ No,budget_exceeded
1,525,268,05-24,+25.0%,+96.99%,0.9850,1,✗ No,budget_exceeded
1,525,311,05-24,+25.0%,+96.99%,0.9850,1,✗ No,budget_exceeded
1,525,354,05-24,+25.0%,+96.99%,0.9850,1,✗ No,budget_exceeded
1,525,397,05-24,+25.0%,+67.25%,0.8363,13,✗ No,budget_exceeded
1,525,440,05-24,+25.0%,+53.91%,0.7696,24,✗ No,budget_exceeded
1,525,482,05-24,+25.0%,+41.51%,0.7075,31,✗ No,budget_exceeded
1,525,525,05-24,+24.1%,-0.16%,0.4992,92,✓ Yes,completed
1,564,268,05-24,+25.0%,+96.82%,0.9841,1,✗ No,budget_exceeded
1,564,311,05-24,+25.0%,+96.82%,0.9841,1,✗ No,budget_exceeded
1,564,353,05-24,+25.0%,+96.82%,0.9841,1,✗ No,budget_exceeded
1,564,395,05-24,+25.0%,-0.56%,0.4972,5,✗ No,budget_exceeded
1,564,438,05-24,+3.7%,+0.15%,0.5007,5,✓ Yes,completed
1,564,480,05-24,+3.2%,+0.17%,0.5008,5,✓ Yes,completed
1,564,522,05-24,+1.9%,+0.18%,0.5009,5,✓ Yes,completed
1,564,564,05-24,+0.9%,+0.09%,0.5004,9,✓ Yes,completed
1,604,268,05-24,+0.0%,+0.00%,0.5000,0,✓ Yes,completed
1,604,310,05-24,+0.0%,+0.00%,0.5000,0,✓ Yes,completed
1,604,352,05-24,+0.0%,+0.00%,0.5000,0,✓ Yes,completed
1,604,394,05-24,+0.0%,+0.00%,0.5000,0,✓ Yes,completed
1,604,436,05-24,+0.0%,+0.00%,0.5000,0,✓ Yes,completed
1,604,478,05-24,+0.0%,+0.00%,0.5000,0,✓ Yes,completed
1,604,520,05-24,+0.0%,+0.00%,0.5000,0,✓ Yes,completed
1,604,562,05-24,+0.0%,+0.00%,0.5000,0,✓ Yes,completed
1,604,604,05-24,+0.0%,+0.00%,0.5000,0,✓ Yes,completed
1,643,268,05-24,+0.0%,+0.00%,0.5000,0,✓ Yes,completed
1,643,306,05-24,+0.0%,+0.00%,0.5000,0,✓ Yes,completed
1,643,343,05-24,+0.0%,+0.00%,0.5000,0,✓ Yes,completed
1,643,381,05-24,+0.0%,+0.00%,0.5000,0,✓ Yes,completed
1,643,418,05-24,+0.0%,+0.00%,0.5000,0,✓ Yes,completed
1,643,456,05-24,+0.0%,+0.00%,0.5000,0,✓ Yes,completed
1,643,493,05-24,+0.0%,+0.00%,0.5000,0,✓ Yes,completed
1,643,531,05-24,+0.0%,+0.00%,0.5000,0,✓ Yes,completed
1,643,568,05-24,+0.0%,+0.00%,0.5000,0,✓ Yes,completed
1,643,606,05-24,+0.0%,+0.00%,0.5000,0,✓ Yes,completed
1,643,643,05-24,+0.0%,+0.00%,0.5000,0,✓ Yes,completed
1,682,268,05-24,+0.0%,+0.00%,0.5000,0,✓ Yes,completed
1,682,306,05-24,+0.0%,+0.00%,0.5000,0,✓ Yes,completed
1,682,344,05-24,+0.0%,+0.00%,0.5000,0,✓ Yes,completed
1,682,381,05-24,+0.0%,+0.00%,0.5000,0,✓ Yes,completed
1,682,419,05-24,+0.0%,+0.00%,0.5000,0,✓ Yes,completed
1,682,456,05-24,+0.0%,+0.00%,0.5000,0,✓ Yes,completed
1,682,494,05-24,+0.0%,+0.00%,0.5000,0,✓ Yes,completed
1,682,532,05-24,+0.0%,+0.00%,0.5000,0,✓ Yes,completed
1,682,569,05-24,+0.0%,+0.00%,0.5000,0,✓ Yes,completed
1,682,607,05-24,+0.0%,+0.00%,0.5000,0,✓ Yes,completed
1,682,645,05-24,+0.0%,+0.00%,0.5000,0,✓ Yes,completed
1,682,682,05-24,+0.0%,+0.00%,0.5000,0,✓ Yes,completed
1,721,268,05-24,+0.0%,+0.00%,0.5000,0,✓ Yes,completed
1,721,306,05-24,+0.0%,+0.00%,0.5000,0,✓ Yes,completed
1,721,344,05-24,+0.0%,+0.00%,0.5000,0,✓ Yes,completed
1,721,382,05-24,+0.0%,+0.00%,0.5000,0,✓ Yes,completed
1,721,419,05-24,+0.0%,+0.00%,0.5000,0,✓ Yes,completed
1,721,457,05-24,+0.0%,+0.00%,0.5000,0,✓ Yes,completed
1,721,495,05-24,+0.0%,+0.00%,0.5000,0,✓ Yes,completed
1,721,533,05-24,+0.0%,+0.00%,0.5000,0,✓ Yes,completed
1,721,570,05-24,+0.0%,+0.00%,0.5000,0,✓ Yes,completed
1,721,608,05-24,+0.0%,+0.00%,0.5000,0,✓ Yes,completed
1,721,646,05-24,+0.0%,+0.00%,0.5000,0,✓ Yes,completed
1,721,684,05-24,+0.0%,+0.00%,0.5000,0,✓ Yes,completed
1,721,721,05-24,+0.0%,+0.00%,0.5000,0,✓ Yes,completed
1,761,268,05-24,+0.0%,+0.00%,0.5000,0,✓ Yes,completed
1,761,306,05-24,+0.0%,+0.00%,0.5000,0,✓ Yes,completed
1,761,344,05-24,+0.0%,+0.00%,0.5000,0,✓ Yes,completed
1,761,382,05-24,+0.0%,+0.00%,0.5000,0,✓ Yes,completed
1,761,420,05-24,+0.0%,+0.00%,0.5000,0,✓ Yes,completed
1,761,458,05-24,+0.0%,+0.00%,0.5000,0,✓ Yes,completed
1,761,496,05-24,+0.0%,+0.00%,0.5000,0,✓ Yes,completed
1,761,533,05-24,+0.0%,+0.00%,0.5000,0,✓ Yes,completed
1,761,571,05-24,+0.0%,+0.00%,0.5000,0,✓ Yes,completed
1,761,609,05-24,+0.0%,+0.00%,0.5000,0,✓ Yes,completed
1,761,647,05-24,+0.0%,+0.00%,0.5000,0,✓ Yes,completed
1,761,685,05-24,+0.0%,+0.00%,0.5000,0,✓ Yes,completed
1,761,723,05-24,+0.0%,+0.00%,0.5000,0,✓ Yes,completed
1,761,761,05-24,+0.0%,+0.00%,0.5000,0,✓ Yes,completed
1,800,268,05-24,+0.0%,+0.00%,0.5000,0,✓ Yes,completed
1,800,306,05-24,+0.0%,+0.00%,0.5000,0,✓ Yes,completed
1,800,344,05-24,+0.0%,+0.00%,0.5000,0,✓ Yes,completed
1,800,382,05-24,+0.0%,+0.00%,0.5000,0,✓ Yes,completed
1,800,420,05-24,+0.0%,+0.00%,0.5000,0,✓ Yes,completed
1,800,458,05-24,+0.0%,+0.00%,0.5000,0,✓ Yes,completed
1,800,496,05-24,+0.0%,+0.00%,0.5000,0,✓ Yes,completed
1,800,534,05-24,+0.0%,+0.00%,0.5000,0,✓ Yes,completed
1,800,572,05-24,+0.0%,+0.00%,0.5000,0,✓ Yes,completed
1,800,610,05-24,+0.0%,+0.00%,0.5000,0,✓ Yes,completed
1,800,648,05-24,+0.0%,+0.00%,0.5000,0,✓ Yes,completed
1,800,686,05-24,+0.0%,+0.00%,0.5000,0,✓ Yes,completed
1,800,724,05-24,+0.0%,+0.00%,0.5000,0,✓ Yes,completed
1,800,762,05-24,+0.0%,+0.00%,0.5000,0,✓ Yes,completed
1,800,800,05-24,+0.0%,+0.00%,0.5000,0,✓ Yes,completed
2,485,443,02-10,+25.0%,+94.76%,0.9738,10,✗ No,budget_exceeded
2,485,464,02-10,+25.0%,+93.08%,0.9654,15,✗ No,budget_exceeded
2,485,485,02-10,+25.0%,+90.46%,0.9523,21,✗ No,budget_exceeded
2,503,443,02-10,+25.0%,+94.46%,0.9723,10,✗ No,budget_exceeded
2,503,463,02-10,+25.0%,+92.63%,0.9631,15,✗ No,budget_exceeded
2,503,483,02-10,+25.0%,+89.36%,0.9468,21,✗ No,budget_exceeded
2,503,503,02-10,+25.0%,+87.90%,0.9395,22,✗ No,budget_exceeded
2,520,443,02-10,+25.0%,+94.23%,0.9712,10,✗ No,budget_exceeded
2,520,462,02-10,+25.0%,+92.16%,0.9608,15,✗ No,budget_exceeded
2,520,481,02-10,+25.0%,+88.73%,0.9437,20,✗ No,budget_exceeded
2,520,501,02-10,+25.0%,+87.13%,0.9357,21,✗ No,budget_exceeded
2,520,520,02-10,+25.0%,+83.85%,0.9192,31,✗ No,budget_exceeded
2,538,443,02-10,+25.0%,+90.97%,0.9549,10,✗ No,budget_exceeded
2,538,462,02-10,+25.0%,+88.57%,0.9429,15,✗ No,budget_exceeded
2,538,481,02-10,+25.0%,+85.04%,0.9252,20,✗ No,budget_exceeded
2,538,500,02-10,+25.0%,+83.27%,0.9163,21,✗ No,budget_exceeded
2,538,519,02-10,+25.0%,+80.34%,0.9017,23,✗ No,budget_exceeded
2,538,538,02-10,+25.0%,+78.39%,0.8919,28,✗ No,budget_exceeded
2,556,443,02-10,+25.0%,+90.32%,0.9516,10,✗ No,budget_exceeded
2,556,461,02-10,+25.0%,+86.79%,0.9340,16,✗ No,budget_exceeded
2,556,480,02-10,+25.0%,+83.15%,0.9158,21,✗ No,budget_exceeded
2,556,499,02-10,+25.0%,+81.59%,0.9080,22,✗ No,budget_exceeded
2,556,518,02-10,+25.0%,+78.20%,0.8910,24,✗ No,budget_exceeded
2,556,537,02-10,+25.0%,+76.14%,0.8807,26,✗ No,budget_exceeded
2,556,556,02-10,+25.0%,+68.62%,0.8431,35,✗ No,budget_exceeded
2,573,443,02-10,+25.0%,+81.41%,0.9071,11,✗ No,budget_exceeded
2,573,461,02-10,+25.0%,+79.32%,0.8966,14,✗ No,budget_exceeded
2,573,480,02-10,+25.0%,+68.65%,0.8433,23,✗ No,budget_exceeded
2,573,499,02-10,+25.0%,+66.71%,0.8335,24,✗ No,budget_exceeded
2,573,517,02-10,+25.0%,+59.80%,0.7990,26,✗ No,budget_exceeded
2,573,536,02-10,+25.0%,+49.34%,0.7467,28,✗ No,budget_exceeded
2,573,555,02-10,+25.0%,+35.68%,0.6784,36,✗ No,budget_exceeded
2,573,573,02-10,+24.5%,+3.45%,0.5173,67,✓ Yes,completed
2,591,443,02-10,+25.0%,+78.20%,0.8910,11,✗ No,budget_exceeded
2,591,461,02-10,+25.0%,+67.56%,0.8378,17,✗ No,budget_exceeded
2,591,480,02-10,+25.0%,+27.82%,0.6391,29,✗ No,budget_exceeded
2,591,498,02-10,+25.0%,+21.17%,0.6059,32,✗ No,budget_exceeded
2,591,517,02-10,+25.0%,+19.33%,0.5967,33,✗ No,budget_exceeded
2,591,535,02-10,+23.5%,+3.15%,0.5157,33,✓ Yes,completed
2,591,554,02-10,+21.5%,+2.99%,0.5150,35,✓ Yes,completed
2,591,572,02-10,+17.7%,+2.62%,0.5131,40,✓ Yes,completed
2,591,591,02-10,+12.2%,+1.27%,0.5064,58,✓ Yes,completed
2,609,443,02-10,+25.0%,+61.54%,0.8077,6,✗ No,budget_exceeded
2,609,461,02-10,+19.8%,+1.80%,0.5090,15,✓ Yes,completed
2,609,480,02-10,+14.0%,+1.34%,0.5067,18,✓ Yes,completed
2,609,498,02-10,+13.0%,+1.25%,0.5063,18,✓ Yes,completed
2,609,516,02-10,+12.4%,+1.10%,0.5055,18,✓ Yes,completed
2,609,535,02-10,+11.7%,+1.03%,0.5051,18,✓ Yes,completed
2,609,553,02-10,+10.4%,+0.79%,0.5039,18,✓ Yes,completed
2,609,572,02-10,+8.7%,+0.62%,0.5031,19,✓ Yes,completed
2,609,590,02-10,+5.8%,+0.62%,0.5031,18,✓ Yes,completed
2,609,609,02-10,+3.8%,+0.47%,0.5023,24,✓ Yes,completed
2,626,443,02-10,+15.8%,+0.92%,0.5046,4,✓ Yes,completed
2,626,459,02-10,+6.5%,+0.18%,0.5009,4,✓ Yes,completed
2,626,476,02-10,+5.2%,+0.17%,0.5008,5,✓ Yes,completed
2,626,493,02-10,+3.1%,+0.19%,0.5010,5,✓ Yes,completed
2,626,509,02-10,+2.7%,+0.28%,0.5014,5,✓ Yes,completed
2,626,526,02-10,+2.7%,+0.28%,0.5014,5,✓ Yes,completed
2,626,543,02-10,+2.6%,+0.30%,0.5015,5,✓ Yes,completed
2,626,560,02-10,+2.4%,+0.32%,0.5016,5,✓ Yes,completed
2,626,576,02-10,+2.0%,+0.28%,0.5014,5,✓ Yes,completed
2,626,593,02-10,+1.8%,+0.20%,0.5010,5,✓ Yes,completed
2,626,610,02-10,+1.2%,+0.09%,0.5005,5,✓ Yes,completed
2,626,626,02-10,+0.6%,+0.10%,0.5005,5,✓ Yes,completed
2,644,443,02-10,+0.0%,+0.00%,0.5000,0,✓ Yes,completed
2,644,459,02-10,+0.0%,+0.00%,0.5000,0,✓ Yes,completed
2,644,476,02-10,+0.0%,+0.00%,0.5000,0,✓ Yes,completed
2,644,493,02-10,+0.0%,+0.00%,0.5000,0,✓ Yes,completed
2,644,510,02-10,+0.0%,+0.00%,0.5000,0,✓ Yes,completed
2,644,527,02-10,+0.0%,+0.00%,0.5000,0,✓ Yes,completed
2,644,543,02-10,+0.0%,+0.00%,0.5000,0,✓ Yes,completed
2,644,560,02-10,+0.0%,+0.00%,0.5000,0,✓ Yes,completed
2,644,577,02-10,+0.0%,+0.00%,0.5000,0,✓ Yes,completed
2,644,594,02-10,+0.0%,+0.00%,0.5000,0,✓ Yes,completed
2,644,610,02-10,+0.0%,+0.00%,0.5000,0,✓ Yes,completed
2,644,627,02-10,+0.0%,+0.00%,0.5000,0,✓ Yes,completed
2,644,644,02-10,+0.0%,+0.00%,0.5000,0,✓ Yes,completed
2,485,443,02-21,+25.0%,+93.94%,0.9697,11,✗ No,budget_exceeded
2,485,464,02-21,+25.0%,+92.11%,0.9605,15,✗ No,budget_exceeded
2,485,485,02-21,+25.0%,+89.64%,0.9482,21,✗ No,budget_exceeded
2,503,443,02-21,+25.0%,+93.71%,0.9685,11,✗ No,budget_exceeded
2,503,463,02-21,+25.0%,+91.19%,0.9559,16,✗ No,budget_exceeded
2,503,483,02-21,+25.0%,+89.25%,0.9463,20,✗ No,budget_exceeded
2,503,503,02-21,+25.0%,+87.27%,0.9364,23,✗ No,budget_exceeded
2,520,443,02-21,+25.0%,+92.54%,0.9627,12,✗ No,budget_exceeded
2,520,462,02-21,+25.0%,+90.32%,0.9516,16,✗ No,budget_exceeded
2,520,481,02-21,+25.0%,+88.38%,0.9419,20,✗ No,budget_exceeded
2,520,501,02-21,+25.0%,+85.89%,0.9294,22,✗ No,budget_exceeded
2,520,520,02-21,+25.0%,+83.29%,0.9165,31,✗ No,budget_exceeded
2,538,443,02-21,+25.0%,+89.46%,0.9473,13,✗ No,budget_exceeded
2,538,462,02-21,+25.0%,+87.17%,0.9359,17,✗ No,budget_exceeded
2,538,481,02-21,+25.0%,+85.06%,0.9253,21,✗ No,budget_exceeded
2,538,500,02-21,+25.0%,+81.27%,0.9064,23,✗ No,budget_exceeded
2,538,519,02-21,+25.0%,+76.37%,0.8818,26,✗ No,budget_exceeded
2,538,538,02-21,+25.0%,+65.70%,0.8285,42,✗ No,budget_exceeded
2,556,443,02-21,+25.0%,+87.48%,0.9374,12,✗ No,budget_exceeded
2,556,461,02-21,+25.0%,+84.39%,0.9219,17,✗ No,budget_exceeded
2,556,480,02-21,+25.0%,+77.44%,0.8872,23,✗ No,budget_exceeded
2,556,499,02-21,+25.0%,+67.16%,0.8358,26,✗ No,budget_exceeded
2,556,518,02-21,+25.0%,+57.41%,0.7870,30,✗ No,budget_exceeded
2,556,537,02-21,+25.0%,+51.83%,0.7591,36,✗ No,budget_exceeded
2,556,556,02-21,+25.0%,+41.21%,0.7061,51,✗ No,budget_exceeded
2,573,443,02-21,+25.0%,+83.51%,0.9176,9,✗ No,budget_exceeded
2,573,461,02-21,+25.0%,+65.36%,0.8268,18,✗ No,budget_exceeded
2,573,480,02-21,+25.0%,+52.70%,0.7635,26,✗ No,budget_exceeded
2,573,499,02-21,+25.0%,+42.62%,0.7131,30,✗ No,budget_exceeded
2,573,517,02-21,+25.0%,+38.78%,0.6939,32,✗ No,budget_exceeded
2,573,536,02-21,+25.0%,+15.61%,0.5780,36,✗ No,budget_exceeded
2,573,555,02-21,+24.1%,+2.23%,0.5112,44,✓ Yes,completed
2,573,573,02-21,+19.6%,+1.90%,0.5095,61,✓ Yes,completed
2,591,443,02-21,+25.0%,+76.61%,0.8830,10,✗ No,budget_exceeded
2,591,461,02-21,+25.0%,+12.80%,0.5640,24,✗ No,budget_exceeded
2,591,480,02-21,+23.7%,+1.55%,0.5077,29,✓ Yes,completed
2,591,498,02-21,+21.6%,+1.65%,0.5082,28,✓ Yes,completed
2,591,517,02-21,+20.6%,+1.81%,0.5090,28,✓ Yes,completed
2,591,535,02-21,+19.1%,+1.82%,0.5091,28,✓ Yes,completed
2,591,554,02-21,+16.7%,+1.83%,0.5092,29,✓ Yes,completed
2,591,572,02-21,+13.0%,+1.71%,0.5086,32,✓ Yes,completed
2,591,591,02-21,+9.4%,+1.44%,0.5072,41,✓ Yes,completed
2,609,443,02-21,+24.4%,+0.81%,0.5041,10,✓ Yes,completed
2,609,461,02-21,+16.3%,+1.02%,0.5051,13,✓ Yes,completed
2,609,480,02-21,+12.5%,+1.16%,0.5058,16,✓ Yes,completed
2,609,498,02-21,+11.6%,+1.39%,0.5070,16,✓ Yes,completed
2,609,516,02-21,+11.2%,+1.41%,0.5070,16,✓ Yes,completed
2,609,535,02-21,+10.5%,+1.36%,0.5068,16,✓ Yes,completed
2,609,553,02-21,+9.2%,+1.34%,0.5067,16,✓ Yes,completed
2,609,572,02-21,+7.7%,+1.20%,0.5060,17,✓ Yes,completed
2,609,590,02-21,+5.5%,+0.97%,0.5048,18,✓ Yes,completed
2,609,609,02-21,+3.8%,+0.74%,0.5037,24,✓ Yes,completed
2,626,443,02-21,+15.8%,+0.43%,0.5021,4,✓ Yes,completed
2,626,459,02-21,+6.5%,+0.63%,0.5032,4,✓ Yes,completed
2,626,476,02-21,+5.2%,+0.55%,0.5027,5,✓ Yes,completed
2,626,493,02-21,+3.1%,+0.41%,0.5020,5,✓ Yes,completed
2,626,509,02-21,+2.7%,+0.43%,0.5022,5,✓ Yes,completed
2,626,526,02-21,+2.7%,+0.43%,0.5022,5,✓ Yes,completed
2,626,543,02-21,+2.6%,+0.43%,0.5022,5,✓ Yes,completed
2,626,560,02-21,+2.4%,+0.44%,0.5022,5,✓ Yes,completed
2,626,576,02-21,+2.0%,+0.40%,0.5020,5,✓ Yes,completed
2,626,593,02-21,+1.8%,+0.33%,0.5016,5,✓ Yes,completed
2,626,610,02-21,+1.2%,+0.21%,0.5010,5,✓ Yes,completed
2,626,626,02-21,+0.6%,+0.17%,0.5009,5,✓ Yes,completed
2,644,443,02-21,+0.0%,+0.00%,0.5000,0,✓ Yes,completed
2,644,459,02-21,+0.0%,+0.00%,0.5000,0,✓ Yes,completed
2,644,476,02-21,+0.0%,+0.00%,0.5000,0,✓ Yes,completed
2,644,493,02-21,+0.0%,+0.00%,0.5000,0,✓ Yes,completed
2,644,510,02-21,+0.0%,+0.00%,0.5000,0,✓ Yes,completed
2,644,527,02-21,+0.0%,+0.00%,0.5000,0,✓ Yes,completed
2,644,543,02-21,+0.0%,+0.00%,0.5000,0,✓ Yes,completed
2,644,560,02-21,+0.0%,+0.00%,0.5000,0,✓ Yes,completed
2,644,577,02-21,+0.0%,+0.00%,0.5000,0,✓ Yes,completed
2,644,594,02-21,+0.0%,+0.00%,0.5000,0,✓ Yes,completed
2,644,610,02-21,+0.0%,+0.00%,0.5000,0,✓ Yes,completed
2,644,627,02-21,+0.0%,+0.00%,0.5000,0,✓ Yes,completed
2,644,644,02-21,+0.0%,+0.00%,0.5000,0,✓ Yes,completed
2,485,443,03-04,+25.0%,+92.82%,0.9641,11,✗ No,budget_exceeded
2,485,464,03-04,+25.0%,+89.83%,0.9492,17,✗ No,budget_exceeded
2,485,485,03-04,+25.0%,+87.47%,0.9373,23,✗ No,budget_exceeded
2,503,443,03-04,+25.0%,+91.50%,0.9575,12,✗ No,budget_exceeded
2,503,463,03-04,+25.0%,+88.97%,0.9449,17,✗ No,budget_exceeded
2,503,483,03-04,+25.0%,+85.86%,0.9293,22,✗ No,budget_exceeded
2,503,503,03-04,+25.0%,+79.26%,0.8963,37,✗ No,budget_exceeded
2,520,443,03-04,+25.0%,+88.97%,0.9448,13,✗ No,budget_exceeded
2,520,462,03-04,+25.0%,+85.53%,0.9276,19,✗ No,budget_exceeded
2,520,481,03-04,+25.0%,+79.07%,0.8954,25,✗ No,budget_exceeded
2,520,501,03-04,+25.0%,+75.26%,0.8763,30,✗ No,budget_exceeded
2,520,520,03-04,+25.0%,+68.60%,0.8430,45,✗ No,budget_exceeded
2,538,443,03-04,+25.0%,+84.43%,0.9222,16,✗ No,budget_exceeded
2,538,462,03-04,+25.0%,+77.27%,0.8863,22,✗ No,budget_exceeded
2,538,481,03-04,+25.0%,+73.63%,0.8682,27,✗ No,budget_exceeded
2,538,500,03-04,+25.0%,+69.90%,0.8495,29,✗ No,budget_exceeded
2,538,519,03-04,+25.0%,+62.84%,0.8142,36,✗ No,budget_exceeded
2,538,538,03-04,+25.0%,+49.18%,0.7459,55,✗ No,budget_exceeded
2,556,443,03-04,+25.0%,+72.90%,0.8645,16,✗ No,budget_exceeded
2,556,461,03-04,+25.0%,+64.88%,0.8244,24,✗ No,budget_exceeded
2,556,480,03-04,+25.0%,+57.41%,0.7871,30,✗ No,budget_exceeded
2,556,499,03-04,+25.0%,+47.09%,0.7355,32,✗ No,budget_exceeded
2,556,518,03-04,+25.0%,+33.57%,0.6679,37,✗ No,budget_exceeded
2,556,537,03-04,+25.0%,+22.17%,0.6109,49,✗ No,budget_exceeded
2,556,556,03-04,+22.8%,+2.40%,0.5120,67,✓ Yes,completed
2,573,443,03-04,+25.0%,+59.66%,0.7983,17,✗ No,budget_exceeded
2,573,461,03-04,+25.0%,+34.71%,0.6735,26,✗ No,budget_exceeded
2,573,480,03-04,+25.0%,+23.32%,0.6166,31,✗ No,budget_exceeded
2,573,499,03-04,+25.0%,+9.39%,0.5469,34,✗ No,budget_exceeded
2,573,517,03-04,+23.0%,+2.28%,0.5114,34,✓ Yes,completed
2,573,536,03-04,+20.1%,+1.95%,0.5097,35,✓ Yes,completed
2,573,555,03-04,+15.9%,+1.85%,0.5093,37,✓ Yes,completed
2,573,573,03-04,+12.4%,+1.47%,0.5073,52,✓ Yes,completed
2,591,443,03-04,+24.6%,+1.52%,0.5076,17,✓ Yes,completed
2,591,461,03-04,+17.2%,+1.40%,0.5070,19,✓ Yes,completed
2,591,480,03-04,+15.6%,+1.51%,0.5075,20,✓ Yes,completed
2,591,498,03-04,+14.8%,+1.52%,0.5076,20,✓ Yes,completed
2,591,517,03-04,+14.1%,+1.47%,0.5074,20,✓ Yes,completed
2,591,535,03-04,+12.6%,+1.44%,0.5072,20,✓ Yes,completed
2,591,554,03-04,+10.7%,+1.27%,0.5064,22,✓ Yes,completed
2,591,572,03-04,+7.7%,+0.96%,0.5048,26,✓ Yes,completed
2,591,591,03-04,+4.9%,+0.50%,0.5025,33,✓ Yes,completed
2,609,443,03-04,+16.3%,+0.83%,0.5041,7,✓ Yes,completed
2,609,461,03-04,+9.1%,+0.68%,0.5034,9,✓ Yes,completed
2,609,480,03-04,+7.8%,+0.74%,0.5037,10,✓ Yes,completed
2,609,498,03-04,+7.5%,+0.72%,0.5036,10,✓ Yes,completed
2,609,516,03-04,+7.2%,+0.67%,0.5034,10,✓ Yes,completed
2,609,535,03-04,+6.7%,+0.65%,0.5032,10,✓ Yes,completed
2,609,553,03-04,+5.8%,+0.68%,0.5034,10,✓ Yes,completed
2,609,572,03-04,+4.5%,+0.50%,0.5025,11,✓ Yes,completed
2,609,590,03-04,+2.5%,+0.37%,0.5018,12,✓ Yes,completed
2,609,609,03-04,+2.0%,+0.29%,0.5015,13,✓ Yes,completed
2,626,443,03-04,+12.4%,+0.48%,0.5024,2,✓ Yes,completed
2,626,459,03-04,+3.1%,+0.13%,0.5006,2,✓ Yes,completed
2,626,476,03-04,+3.1%,+0.13%,0.5006,2,✓ Yes,completed
2,626,493,03-04,+1.2%,+0.04%,0.5002,2,✓ Yes,completed
2,626,509,03-04,+1.0%,+0.07%,0.5003,2,✓ Yes,completed
2,626,526,03-04,+1.0%,+0.07%,0.5003,2,✓ Yes,completed
2,626,543,03-04,+1.0%,+0.07%,0.5003,2,✓ Yes,completed
2,626,560,03-04,+0.9%,+0.07%,0.5004,2,✓ Yes,completed
2,626,576,03-04,+0.6%,+0.09%,0.5005,2,✓ Yes,completed
2,626,593,03-04,+0.5%,+0.09%,0.5005,2,✓ Yes,completed
2,626,610,03-04,+0.4%,+0.09%,0.5004,2,✓ Yes,completed
2,626,626,03-04,+0.2%,+0.06%,0.5003,2,✓ Yes,completed
2,644,443,03-04,+0.0%,+0.00%,0.5000,0,✓ Yes,completed
2,644,459,03-04,+0.0%,+0.00%,0.5000,0,✓ Yes,completed
2,644,476,03-04,+0.0%,+0.00%,0.5000,0,✓ Yes,completed
2,644,493,03-04,+0.0%,+0.00%,0.5000,0,✓ Yes,completed
2,644,510,03-04,+0.0%,+0.00%,0.5000,0,✓ Yes,completed
2,644,527,03-04,+0.0%,+0.00%,0.5000,0,✓ Yes,completed
2,644,543,03-04,+0.0%,+0.00%,0.5000,0,✓ Yes,completed
2,644,560,03-04,+0.0%,+0.00%,0.5000,0,✓ Yes,completed
2,644,577,03-04,+0.0%,+0.00%,0.5000,0,✓ Yes,completed
2,644,594,03-04,+0.0%,+0.00%,0.5000,0,✓ Yes,completed
2,644,610,03-04,+0.0%,+0.00%,0.5000,0,✓ Yes,completed
2,644,627,03-04,+0.0%,+0.00%,0.5000,0,✓ Yes,completed
2,644,644,03-04,+0.0%,+0.00%,0.5000,0,✓ Yes,completed
2,485,443,03-15,+25.0%,+85.29%,0.9265,23,✗ No,budget_exceeded
2,485,464,03-15,+25.0%,+83.90%,0.9195,25,✗ No,budget_exceeded
2,485,485,03-15,+25.0%,+81.52%,0.9076,29,✗ No,budget_exceeded
2,503,443,03-15,+25.0%,+83.61%,0.9180,24,✗ No,budget_exceeded
2,503,463,03-15,+25.0%,+82.79%,0.9140,24,✗ No,budget_exceeded
2,503,483,03-15,+25.0%,+79.86%,0.8993,26,✗ No,budget_exceeded
2,503,503,03-15,+25.0%,+76.37%,0.8819,35,✗ No,budget_exceeded
2,520,443,03-15,+25.0%,+79.59%,0.8980,25,✗ No,budget_exceeded
2,520,462,03-15,+25.0%,+78.15%,0.8908,26,✗ No,budget_exceeded
2,520,481,03-15,+25.0%,+75.78%,0.8789,27,✗ No,budget_exceeded
2,520,501,03-15,+25.0%,+66.33%,0.8316,32,✗ No,budget_exceeded
2,520,520,03-15,+25.0%,+56.70%,0.7835,51,✗ No,budget_exceeded
2,538,443,03-15,+25.0%,+67.83%,0.8392,27,✗ No,budget_exceeded
2,538,462,03-15,+25.0%,+67.24%,0.8362,27,✗ No,budget_exceeded
2,538,481,03-15,+25.0%,+56.91%,0.7845,30,✗ No,budget_exceeded
2,538,500,03-15,+25.0%,+53.47%,0.7674,32,✗ No,budget_exceeded
2,538,519,03-15,+25.0%,+46.35%,0.7317,40,✗ No,budget_exceeded
2,538,538,03-15,+25.0%,+27.94%,0.6397,72,✗ No,budget_exceeded
2,556,443,03-15,+25.0%,+48.49%,0.7425,29,✗ No,budget_exceeded
2,556,461,03-15,+25.0%,+46.59%,0.7329,30,✗ No,budget_exceeded
2,556,480,03-15,+25.0%,+41.53%,0.7076,33,✗ No,budget_exceeded
2,556,499,03-15,+25.0%,+31.06%,0.6553,37,✗ No,budget_exceeded
2,556,518,03-15,+25.0%,+5.07%,0.5254,44,✗ No,budget_exceeded
2,556,537,03-15,+19.5%,+2.50%,0.5125,50,✓ Yes,completed
2,556,556,03-15,+15.6%,+2.13%,0.5107,59,✓ Yes,completed
2,573,443,03-15,+21.1%,+1.96%,0.5098,26,✓ Yes,completed
2,573,461,03-15,+20.4%,+2.02%,0.5101,26,✓ Yes,completed
2,573,480,03-15,+18.8%,+2.13%,0.5107,26,✓ Yes,completed
2,573,499,03-15,+17.7%,+2.08%,0.5104,26,✓ Yes,completed
2,573,517,03-15,+15.5%,+2.03%,0.5101,26,✓ Yes,completed
2,573,536,03-15,+12.9%,+1.80%,0.5090,27,✓ Yes,completed
2,573,555,03-15,+9.9%,+1.68%,0.5084,28,✓ Yes,completed
2,573,573,03-15,+7.4%,+1.34%,0.5067,39,✓ Yes,completed
2,591,443,03-15,+11.5%,+1.34%,0.5067,15,✓ Yes,completed
2,591,461,03-15,+11.2%,+1.37%,0.5069,15,✓ Yes,completed
2,591,480,03-15,+10.4%,+1.40%,0.5070,15,✓ Yes,completed
2,591,498,03-15,+9.9%,+1.49%,0.5074,15,✓ Yes,completed
2,591,517,03-15,+9.5%,+1.53%,0.5076,15,✓ Yes,completed
2,591,535,03-15,+8.0%,+1.46%,0.5073,15,✓ Yes,completed
2,591,554,03-15,+6.5%,+1.19%,0.5059,16,✓ Yes,completed
2,591,572,03-15,+4.0%,+0.83%,0.5042,18,✓ Yes,completed
2,591,591,03-15,+2.5%,+0.54%,0.5027,22,✓ Yes,completed
2,609,443,03-15,+3.5%,+0.50%,0.5025,5,✓ Yes,completed
2,609,461,03-15,+3.5%,+0.50%,0.5025,5,✓ Yes,completed
2,609,480,03-15,+3.2%,+0.48%,0.5024,5,✓ Yes,completed
2,609,498,03-15,+3.2%,+0.49%,0.5025,5,✓ Yes,completed
2,609,516,03-15,+3.2%,+0.49%,0.5025,5,✓ Yes,completed
2,609,535,03-15,+2.7%,+0.52%,0.5026,5,✓ Yes,completed
2,609,553,03-15,+2.1%,+0.45%,0.5023,5,✓ Yes,completed
2,609,572,03-15,+1.7%,+0.30%,0.5015,6,✓ Yes,completed
2,609,590,03-15,+0.8%,+0.16%,0.5008,7,✓ Yes,completed
2,609,609,03-15,+0.7%,+0.15%,0.5008,7,✓ Yes,completed
2,626,443,03-15,+0.0%,+0.00%,0.5000,0,✓ Yes,completed
2,626,459,03-15,+0.0%,+0.00%,0.5000,0,✓ Yes,completed
2,626,476,03-15,+0.0%,+0.00%,0.5000,0,✓ Yes,completed
2,626,493,03-15,+0.0%,+0.00%,0.5000,0,✓ Yes,completed
2,626,509,03-15,+0.0%,+0.00%,0.5000,0,✓ Yes,completed
2,626,526,03-15,+0.0%,+0.00%,0.5000,0,✓ Yes,completed
2,626,543,03-15,+0.0%,+0.00%,0.5000,0,✓ Yes,completed
2,626,560,03-15,+0.0%,+0.00%,0.5000,0,✓ Yes,completed
2,626,576,03-15,+0.0%,+0.00%,0.5000,0,✓ Yes,completed
2,626,593,03-15,+0.0%,+0.00%,0.5000,0,✓ Yes,completed
2,626,610,03-15,+0.0%,+0.00%,0.5000,0,✓ Yes,completed
2,626,626,03-15,+0.0%,+0.00%,0.5000,0,✓ Yes,completed
2,644,443,03-15,+0.0%,+0.00%,0.5000,0,✓ Yes,completed
2,644,459,03-15,+0.0%,+0.00%,0.5000,0,✓ Yes,completed
2,644,476,03-15,+0.0%,+0.00%,0.5000,0,✓ Yes,completed
2,644,493,03-15,+0.0%,+0.00%,0.5000,0,✓ Yes,completed
2,644,510,03-15,+0.0%,+0.00%,0.5000,0,✓ Yes,completed
2,644,527,03-15,+0.0%,+0.00%,0.5000,0,✓ Yes,completed
2,644,543,03-15,+0.0%,+0.00%,0.5000,0,✓ Yes,completed
2,644,560,03-15,+0.0%,+0.00%,0.5000,0,✓ Yes,completed
2,644,577,03-15,+0.0%,+0.00%,0.5000,0,✓ Yes,completed
2,644,594,03-15,+0.0%,+0.00%,0.5000,0,✓ Yes,completed
2,644,610,03-15,+0.0%,+0.00%,0.5000,0,✓ Yes,completed
2,644,627,03-15,+0.0%,+0.00%,0.5000,0,✓ Yes,completed
2,644,644,03-15,+0.0%,+0.00%,0.5000,0,✓ Yes,completed
2,485,443,03-26,+25.0%,+82.28%,0.9114,23,✗ No,budget_exceeded
2,485,464,03-26,+25.0%,+81.46%,0.9073,24,✗ No,budget_exceeded
2,485,485,03-26,+25.0%,+78.59%,0.8930,28,✗ No,budget_exceeded
2,503,443,03-26,+25.0%,+79.83%,0.8991,23,✗ No,budget_exceeded
2,503,463,03-26,+25.0%,+78.55%,0.8927,24,✗ No,budget_exceeded
2,503,483,03-26,+25.0%,+74.92%,0.8746,27,✗ No,budget_exceeded
2,503,503,03-26,+25.0%,+70.95%,0.8548,33,✗ No,budget_exceeded
2,520,443,03-26,+25.0%,+76.42%,0.8821,24,✗ No,budget_exceeded
2,520,462,03-26,+25.0%,+74.89%,0.8744,25,✗ No,budget_exceeded
2,520,481,03-26,+25.0%,+71.55%,0.8578,28,✗ No,budget_exceeded
2,520,501,03-26,+25.0%,+67.59%,0.8380,33,✗ No,budget_exceeded
2,520,520,03-26,+25.0%,+63.20%,0.8160,40,✗ No,budget_exceeded
2,538,443,03-26,+25.0%,+66.43%,0.8321,24,✗ No,budget_exceeded
2,538,462,03-26,+25.0%,+65.11%,0.8255,25,✗ No,budget_exceeded
2,538,481,03-26,+25.0%,+61.39%,0.8069,27,✗ No,budget_exceeded
2,538,500,03-26,+25.0%,+54.55%,0.7728,31,✗ No,budget_exceeded
2,538,519,03-26,+25.0%,+47.69%,0.7385,36,✗ No,budget_exceeded
2,538,538,03-26,+25.0%,+12.44%,0.5622,74,✗ No,budget_exceeded
2,556,443,03-26,+25.0%,+49.83%,0.7491,29,✗ No,budget_exceeded
2,556,461,03-26,+25.0%,+48.14%,0.7407,30,✗ No,budget_exceeded
2,556,480,03-26,+25.0%,+35.93%,0.6796,34,✗ No,budget_exceeded
2,556,499,03-26,+25.0%,+16.40%,0.5820,37,✗ No,budget_exceeded
2,556,518,03-26,+23.3%,+1.27%,0.5063,40,✓ Yes,completed
2,556,537,03-26,+18.8%,+1.21%,0.5060,45,✓ Yes,completed
2,556,556,03-26,+14.7%,+0.96%,0.5048,55,✓ Yes,completed
2,573,443,03-26,+18.9%,+0.59%,0.5030,23,✓ Yes,completed
2,573,461,03-26,+18.4%,+0.60%,0.5030,23,✓ Yes,completed
2,573,480,03-26,+16.9%,+0.77%,0.5038,23,✓ Yes,completed
2,573,499,03-26,+16.3%,+0.72%,0.5036,23,✓ Yes,completed
2,573,517,03-26,+14.1%,+0.88%,0.5044,23,✓ Yes,completed
2,573,536,03-26,+12.1%,+0.87%,0.5044,24,✓ Yes,completed
2,573,555,03-26,+8.8%,+0.80%,0.5040,22,✓ Yes,completed
2,573,573,03-26,+6.7%,+0.66%,0.5033,32,✓ Yes,completed
2,591,443,03-26,+9.4%,+0.55%,0.5028,12,✓ Yes,completed
2,591,461,03-26,+9.2%,+0.54%,0.5027,12,✓ Yes,completed
2,591,480,03-26,+8.5%,+0.60%,0.5030,12,✓ Yes,completed
2,591,498,03-26,+8.1%,+0.67%,0.5034,12,✓ Yes,completed
2,591,517,03-26,+7.8%,+0.71%,0.5035,12,✓ Yes,completed
2,591,535,03-26,+6.8%,+0.65%,0.5032,12,✓ Yes,completed
2,591,554,03-26,+5.8%,+0.65%,0.5033,12,✓ Yes,completed
2,591,572,03-26,+3.5%,+0.42%,0.5021,14,✓ Yes,completed
2,591,591,03-26,+2.2%,+0.32%,0.5016,18,✓ Yes,completed
2,609,443,03-26,+2.8%,+0.22%,0.5011,4,✓ Yes,completed
2,609,461,03-26,+2.8%,+0.22%,0.5011,4,✓ Yes,completed
2,609,480,03-26,+2.6%,+0.25%,0.5013,4,✓ Yes,completed
2,609,498,03-26,+2.5%,+0.27%,0.5013,4,✓ Yes,completed
2,609,516,03-26,+2.5%,+0.27%,0.5013,4,✓ Yes,completed
2,609,535,03-26,+2.2%,+0.30%,0.5015,4,✓ Yes,completed
2,609,553,03-26,+1.9%,+0.27%,0.5014,4,✓ Yes,completed
2,609,572,03-26,+1.6%,+0.20%,0.5010,5,✓ Yes,completed
2,609,590,03-26,+0.8%,+0.15%,0.5007,6,✓ Yes,completed
2,609,609,03-26,+0.6%,+0.14%,0.5007,6,✓ Yes,completed
2,626,443,03-26,+0.0%,+0.00%,0.5000,0,✓ Yes,completed
2,626,459,03-26,+0.0%,+0.00%,0.5000,0,✓ Yes,completed
2,626,476,03-26,+0.0%,+0.00%,0.5000,0,✓ Yes,completed
2,626,493,03-26,+0.0%,+0.00%,0.5000,0,✓ Yes,completed
2,626,509,03-26,+0.0%,+0.00%,0.5000,0,✓ Yes,completed
2,626,526,03-26,+0.0%,+0.00%,0.5000,0,✓ Yes,completed
2,626,543,03-26,+0.0%,+0.00%,0.5000,0,✓ Yes,completed
2,626,560,03-26,+0.0%,+0.00%,0.5000,0,✓ Yes,completed
2,626,576,03-26,+0.0%,+0.00%,0.5000,0,✓ Yes,completed
2,626,593,03-26,+0.0%,+0.00%,0.5000,0,✓ Yes,completed
2,626,610,03-26,+0.0%,+0.00%,0.5000,0,✓ Yes,completed
2,626,626,03-26,+0.0%,+0.00%,0.5000,0,✓ Yes,completed
2,644,443,03-26,+0.0%,+0.00%,0.5000,0,✓ Yes,completed
2,644,459,03-26,+0.0%,+0.00%,0.5000,0,✓ Yes,completed
2,644,476,03-26,+0.0%,+0.00%,0.5000,0,✓ Yes,completed
2,644,493,03-26,+0.0%,+0.00%,0.5000,0,✓ Yes,completed
2,644,510,03-26,+0.0%,+0.00%,0.5000,0,✓ Yes,completed
2,644,527,03-26,+0.0%,+0.00%,0.5000,0,✓ Yes,completed
2,644,543,03-26,+0.0%,+0.00%,0.5000,0,✓ Yes,completed
2,644,560,03-26,+0.0%,+0.00%,0.5000,0,✓ Yes,completed
2,644,577,03-26,+0.0%,+0.00%,0.5000,0,✓ Yes,completed
2,644,594,03-26,+0.0%,+0.00%,0.5000,0,✓ Yes,completed
2,644,610,03-26,+0.0%,+0.00%,0.5000,0,✓ Yes,completed
2,644,627,03-26,+0.0%,+0.00%,0.5000,0,✓ Yes,completed
2,644,644,03-26,+0.0%,+0.00%,0.5000,0,✓ Yes,completed
2,485,443,04-06,+25.0%,+83.22%,0.9161,22,✗ No,budget_exceeded
2,485,464,04-06,+25.0%,+81.57%,0.9078,23,✗ No,budget_exceeded
2,485,485,04-06,+25.0%,+79.52%,0.8976,25,✗ No,budget_exceeded
2,503,443,04-06,+25.0%,+80.12%,0.9006,23,✗ No,budget_exceeded
2,503,463,04-06,+25.0%,+78.43%,0.8922,24,✗ No,budget_exceeded
2,503,483,04-06,+25.0%,+76.21%,0.8811,26,✗ No,budget_exceeded
2,503,503,04-06,+25.0%,+70.80%,0.8540,35,✗ No,budget_exceeded
2,520,443,04-06,+25.0%,+79.20%,0.8960,23,✗ No,budget_exceeded
2,520,462,04-06,+25.0%,+76.03%,0.8802,25,✗ No,budget_exceeded
2,520,481,04-06,+25.0%,+72.74%,0.8637,28,✗ No,budget_exceeded
2,520,501,04-06,+25.0%,+67.32%,0.8366,34,✗ No,budget_exceeded
2,520,520,04-06,+25.0%,+42.74%,0.7137,62,✗ No,budget_exceeded
2,538,443,04-06,+25.0%,+59.64%,0.7982,27,✗ No,budget_exceeded
2,538,462,04-06,+25.0%,+56.76%,0.7838,29,✗ No,budget_exceeded
2,538,481,04-06,+25.0%,+44.24%,0.7212,32,✗ No,budget_exceeded
2,538,500,04-06,+25.0%,+36.85%,0.6843,36,✗ No,budget_exceeded
2,538,519,04-06,+25.0%,+5.74%,0.5287,48,✗ No,budget_exceeded
2,538,538,04-06,+19.0%,+1.71%,0.5085,64,✓ Yes,completed
2,556,443,04-06,+25.0%,+34.51%,0.6725,30,✗ No,budget_exceeded
2,556,461,04-06,+25.0%,+32.59%,0.6630,31,✗ No,budget_exceeded
2,556,480,04-06,+23.8%,+1.58%,0.5079,32,✓ Yes,completed
2,556,499,04-06,+21.6%,+1.54%,0.5077,32,✓ Yes,completed
2,556,518,04-06,+17.3%,+1.55%,0.5077,32,✓ Yes,completed
2,556,537,04-06,+13.3%,+1.38%,0.5069,36,✓ Yes,completed
2,556,556,04-06,+10.4%,+0.99%,0.5049,45,✓ Yes,completed
2,573,443,04-06,+13.6%,+0.96%,0.5048,16,✓ Yes,completed
2,573,461,04-06,+13.2%,+1.01%,0.5050,16,✓ Yes,completed
2,573,480,04-06,+12.3%,+0.95%,0.5047,16,✓ Yes,completed
2,573,499,04-06,+11.8%,+0.99%,0.5050,16,✓ Yes,completed
2,573,517,04-06,+10.0%,+0.96%,0.5048,16,✓ Yes,completed
2,573,536,04-06,+8.5%,+0.83%,0.5041,17,✓ Yes,completed
2,573,555,04-06,+6.2%,+0.69%,0.5035,18,✓ Yes,completed
2,573,573,04-06,+4.5%,+0.44%,0.5022,26,✓ Yes,completed
2,591,443,04-06,+8.2%,+0.53%,0.5027,10,✓ Yes,completed
2,591,461,04-06,+8.1%,+0.57%,0.5028,10,✓ Yes,completed
2,591,480,04-06,+7.5%,+0.63%,0.5031,10,✓ Yes,completed
2,591,498,04-06,+7.1%,+0.58%,0.5029,10,✓ Yes,completed
2,591,517,04-06,+6.2%,+0.61%,0.5031,10,✓ Yes,completed
2,591,535,04-06,+5.5%,+0.59%,0.5029,10,✓ Yes,completed
2,591,554,04-06,+4.3%,+0.46%,0.5023,10,✓ Yes,completed
2,591,572,04-06,+2.4%,+0.31%,0.5015,12,✓ Yes,completed
2,591,591,04-06,+1.5%,+0.16%,0.5008,14,✓ Yes,completed
2,609,443,04-06,+0.9%,+0.10%,0.5005,1,✓ Yes,completed
2,609,461,04-06,+0.9%,+0.10%,0.5005,1,✓ Yes,completed
2,609,480,04-06,+0.9%,+0.10%,0.5005,1,✓ Yes,completed
2,609,498,04-06,+0.8%,+0.10%,0.5005,1,✓ Yes,completed
2,609,516,04-06,+0.8%,+0.10%,0.5005,1,✓ Yes,completed
2,609,535,04-06,+0.8%,+0.10%,0.5005,1,✓ Yes,completed
2,609,553,04-06,+0.8%,+0.10%,0.5005,1,✓ Yes,completed
2,609,572,04-06,+0.6%,+0.09%,0.5005,2,✓ Yes,completed
2,609,590,04-06,+0.2%,+0.06%,0.5003,2,✓ Yes,completed
2,609,609,04-06,+0.2%,+0.06%,0.5003,2,✓ Yes,completed
2,626,443,04-06,+0.0%,+0.00%,0.5000,0,✓ Yes,completed
2,626,459,04-06,+0.0%,+0.00%,0.5000,0,✓ Yes,completed
2,626,476,04-06,+0.0%,+0.00%,0.5000,0,✓ Yes,completed
2,626,493,04-06,+0.0%,+0.00%,0.5000,0,✓ Yes,completed
2,626,509,04-06,+0.0%,+0.00%,0.5000,0,✓ Yes,completed
2,626,526,04-06,+0.0%,+0.00%,0.5000,0,✓ Yes,completed
2,626,543,04-06,+0.0%,+0.00%,0.5000,0,✓ Yes,completed
2,626,560,04-06,+0.0%,+0.00%,0.5000,0,✓ Yes,completed
2,626,576,04-06,+0.0%,+0.00%,0.5000,0,✓ Yes,completed
2,626,593,04-06,+0.0%,+0.00%,0.5000,0,✓ Yes,completed
2,626,610,04-06,+0.0%,+0.00%,0.5000,0,✓ Yes,completed
2,626,626,04-06,+0.0%,+0.00%,0.5000,0,✓ Yes,completed
2,644,443,04-06,+0.0%,+0.00%,0.5000,0,✓ Yes,completed
2,644,459,04-06,+0.0%,+0.00%,0.5000,0,✓ Yes,completed
2,644,476,04-06,+0.0%,+0.00%,0.5000,0,✓ Yes,completed
2,644,493,04-06,+0.0%,+0.00%,0.5000,0,✓ Yes,completed
2,644,510,04-06,+0.0%,+0.00%,0.5000,0,✓ Yes,completed
2,644,527,04-06,+0.0%,+0.00%,0.5000,0,✓ Yes,completed
2,644,543,04-06,+0.0%,+0.00%,0.5000,0,✓ Yes,completed
2,644,560,04-06,+0.0%,+0.00%,0.5000,0,✓ Yes,completed
2,644,577,04-06,+0.0%,+0.00%,0.5000,0,✓ Yes,completed
2,644,594,04-06,+0.0%,+0.00%,0.5000,0,✓ Yes,completed
2,644,610,04-06,+0.0%,+0.00%,0.5000,0,✓ Yes,completed
2,644,627,04-06,+0.0%,+0.00%,0.5000,0,✓ Yes,completed
2,644,644,04-06,+0.0%,+0.00%,0.5000,0,✓ Yes,completed
2,485,443,04-15,+25.0%,+84.88%,0.9244,22,✗ No,budget_exceeded
2,485,464,04-15,+25.0%,+83.21%,0.9160,23,✗ No,budget_exceeded
2,485,485,04-15,+25.0%,+79.39%,0.8970,28,✗ No,budget_exceeded
2,503,443,04-15,+25.0%,+83.12%,0.9156,23,✗ No,budget_exceeded
2,503,463,04-15,+25.0%,+81.16%,0.9058,24,✗ No,budget_exceeded
2,503,483,04-15,+25.0%,+76.14%,0.8807,28,✗ No,budget_exceeded
2,503,503,04-15,+25.0%,+70.70%,0.8535,40,✗ No,budget_exceeded
2,520,443,04-15,+25.0%,+80.47%,0.9024,24,✗ No,budget_exceeded
2,520,462,04-15,+25.0%,+75.52%,0.8776,26,✗ No,budget_exceeded
2,520,481,04-15,+25.0%,+70.72%,0.8536,30,✗ No,budget_exceeded
2,520,501,04-15,+25.0%,+58.14%,0.7907,41,✗ No,budget_exceeded
2,520,520,04-15,+25.0%,+43.59%,0.7179,68,✗ No,budget_exceeded
2,538,443,04-15,+25.0%,+56.03%,0.7801,28,✗ No,budget_exceeded
2,538,462,04-15,+25.0%,+54.00%,0.7700,29,✗ No,budget_exceeded
2,538,481,04-15,+25.0%,+48.67%,0.7434,32,✗ No,budget_exceeded
2,538,500,04-15,+25.0%,+32.30%,0.6615,36,✗ No,budget_exceeded
2,538,519,04-15,+21.3%,+1.96%,0.5098,45,✓ Yes,completed
2,538,538,04-15,+14.9%,+1.82%,0.5091,60,✓ Yes,completed
2,556,443,04-15,+23.2%,+1.25%,0.5063,28,✓ Yes,completed
2,556,461,04-15,+22.1%,+1.41%,0.5071,28,✓ Yes,completed
2,556,480,04-15,+19.6%,+1.68%,0.5084,28,✓ Yes,completed
2,556,499,04-15,+17.5%,+1.87%,0.5094,27,✓ Yes,completed
2,556,518,04-15,+13.3%,+1.52%,0.5076,27,✓ Yes,completed
2,556,537,04-15,+9.5%,+1.09%,0.5055,31,✓ Yes,completed
2,556,556,04-15,+7.2%,+0.73%,0.5036,39,✓ Yes,completed
2,573,443,04-15,+9.4%,+0.74%,0.5037,11,✓ Yes,completed
2,573,461,04-15,+9.0%,+0.71%,0.5035,11,✓ Yes,completed
2,573,480,04-15,+8.4%,+0.75%,0.5037,11,✓ Yes,completed
2,573,499,04-15,+8.1%,+0.77%,0.5038,11,✓ Yes,completed
2,573,517,04-15,+6.5%,+0.66%,0.5033,11,✓ Yes,completed
2,573,536,04-15,+5.1%,+0.48%,0.5024,12,✓ Yes,completed
2,573,555,04-15,+3.5%,+0.40%,0.5020,13,✓ Yes,completed
2,573,573,04-15,+2.6%,+0.36%,0.5018,17,✓ Yes,completed
2,591,443,04-15,+5.8%,+0.43%,0.5021,7,✓ Yes,completed
2,591,461,04-15,+5.6%,+0.41%,0.5021,7,✓ Yes,completed
2,591,480,04-15,+5.2%,+0.36%,0.5018,7,✓ Yes,completed
2,591,498,04-15,+4.9%,+0.39%,0.5019,7,✓ Yes,completed
2,591,517,04-15,+4.2%,+0.45%,0.5023,7,✓ Yes,completed
2,591,535,04-15,+3.6%,+0.39%,0.5020,7,✓ Yes,completed
2,591,554,04-15,+2.4%,+0.36%,0.5018,7,✓ Yes,completed
2,591,572,04-15,+1.2%,+0.14%,0.5007,8,✓ Yes,completed
2,591,591,04-15,+0.8%,+0.10%,0.5005,9,✓ Yes,completed
2,609,443,04-15,+0.0%,+0.00%,0.5000,0,✓ Yes,completed
2,609,461,04-15,+0.0%,+0.00%,0.5000,0,✓ Yes,completed
2,609,480,04-15,+0.0%,+0.00%,0.5000,0,✓ Yes,completed
2,609,498,04-15,+0.0%,+0.00%,0.5000,0,✓ Yes,completed
2,609,516,04-15,+0.0%,+0.00%,0.5000,0,✓ Yes,completed
2,609,535,04-15,+0.0%,+0.00%,0.5000,0,✓ Yes,completed
2,609,553,04-15,+0.0%,+0.00%,0.5000,0,✓ Yes,completed
2,609,572,04-15,+0.0%,+0.00%,0.5000,0,✓ Yes,completed
2,609,590,04-15,+0.0%,+0.00%,0.5000,0,✓ Yes,completed
2,609,609,04-15,+0.0%,+0.00%,0.5000,0,✓ Yes,completed
2,626,443,04-15,+0.0%,+0.00%,0.5000,0,✓ Yes,completed
2,626,459,04-15,+0.0%,+0.00%,0.5000,0,✓ Yes,completed
2,626,476,04-15,+0.0%,+0.00%,0.5000,0,✓ Yes,completed
2,626,493,04-15,+0.0%,+0.00%,0.5000,0,✓ Yes,completed
2,626,509,04-15,+0.0%,+0.00%,0.5000,0,✓ Yes,completed
2,626,526,04-15,+0.0%,+0.00%,0.5000,0,✓ Yes,completed
2,626,543,04-15,+0.0%,+0.00%,0.5000,0,✓ Yes,completed
2,626,560,04-15,+0.0%,+0.00%,0.5000,0,✓ Yes,completed
2,626,576,04-15,+0.0%,+0.00%,0.5000,0,✓ Yes,completed
2,626,593,04-15,+0.0%,+0.00%,0.5000,0,✓ Yes,completed
2,626,610,04-15,+0.0%,+0.00%,0.5000,0,✓ Yes,completed
2,626,626,04-15,+0.0%,+0.00%,0.5000,0,✓ Yes,completed
2,644,443,04-15,+0.0%,+0.00%,0.5000,0,✓ Yes,completed
2,644,459,04-15,+0.0%,+0.00%,0.5000,0,✓ Yes,completed
2,644,476,04-15,+0.0%,+0.00%,0.5000,0,✓ Yes,completed
2,644,493,04-15,+0.0%,+0.00%,0.5000,0,✓ Yes,completed
2,644,510,04-15,+0.0%,+0.00%,0.5000,0,✓ Yes,completed
2,644,527,04-15,+0.0%,+0.00%,0.5000,0,✓ Yes,completed
2,644,543,04-15,+0.0%,+0.00%,0.5000,0,✓ Yes,completed
2,644,560,04-15,+0.0%,+0.00%,0.5000,0,✓ Yes,completed
2,644,577,04-15,+0.0%,+0.00%,0.5000,0,✓ Yes,completed
2,644,594,04-15,+0.0%,+0.00%,0.5000,0,✓ Yes,completed
2,644,610,04-15,+0.0%,+0.00%,0.5000,0,✓ Yes,completed
2,644,627,04-15,+0.0%,+0.00%,0.5000,0,✓ Yes,completed
2,644,644,04-15,+0.0%,+0.00%,0.5000,0,✓ Yes,completed
3,538,538,01-27,+25.0%,+66.62%,0.8331,33,✗ No,budget_exceeded
3,538,538,01-27,+25.0%,+66.62%,0.8331,33,✗ No,budget_exceeded
3,545,538,01-27,+25.0%,+64.86%,0.8243,30,✗ No,budget_exceeded
3,545,545,01-27,+25.0%,+62.79%,0.8140,33,✗ No,budget_exceeded
3,553,538,01-27,+25.0%,+61.32%,0.8066,29,✗ No,budget_exceeded
3,553,553,01-27,+25.0%,+57.10%,0.7855,35,✗ No,budget_exceeded
3,561,538,01-27,+25.0%,+56.84%,0.7842,28,✗ No,budget_exceeded
3,561,549,01-27,+25.0%,+55.18%,0.7759,29,✗ No,budget_exceeded
3,561,561,01-27,+25.0%,+51.94%,0.7597,37,✗ No,budget_exceeded
3,569,538,01-27,+25.0%,+52.84%,0.7642,27,✗ No,budget_exceeded
3,569,548,01-27,+25.0%,+51.11%,0.7555,28,✗ No,budget_exceeded
3,569,559,01-27,+25.0%,+44.34%,0.7217,33,✗ No,budget_exceeded
3,569,569,01-27,+25.0%,+33.51%,0.6676,47,✗ No,budget_exceeded
3,577,538,01-27,+25.0%,+44.04%,0.7202,27,✗ No,budget_exceeded
3,577,545,01-27,+25.0%,+42.81%,0.7141,28,✗ No,budget_exceeded
3,577,553,01-27,+25.0%,+42.15%,0.7107,29,✗ No,budget_exceeded
3,577,561,01-27,+25.0%,+15.21%,0.5761,37,✗ No,budget_exceeded
3,577,569,01-27,+25.0%,+9.30%,0.5465,46,✗ No,budget_exceeded
3,577,577,01-27,+22.6%,+2.64%,0.5132,57,✓ Yes,completed
3,585,538,01-27,+25.0%,+21.37%,0.6068,30,✗ No,budget_exceeded
3,585,545,01-27,+25.0%,+13.12%,0.5656,33,✗ No,budget_exceeded
3,585,553,01-27,+25.0%,+4.37%,0.5218,37,✗ No,budget_exceeded
3,585,561,01-27,+24.1%,+2.73%,0.5137,38,✓ Yes,completed
3,585,569,01-27,+21.8%,+2.44%,0.5122,42,✓ Yes,completed
3,585,577,01-27,+19.2%,+2.27%,0.5113,49,✓ Yes,completed
3,585,585,01-27,+16.6%,+2.07%,0.5104,56,✓ Yes,completed
3,593,538,01-27,+22.4%,+2.47%,0.5124,31,✓ Yes,completed
3,593,545,01-27,+21.5%,+2.34%,0.5117,31,✓ Yes,completed
3,593,553,01-27,+20.6%,+2.37%,0.5118,33,✓ Yes,completed
3,593,561,01-27,+19.7%,+2.21%,0.5110,34,✓ Yes,completed
3,593,569,01-27,+18.1%,+2.08%,0.5104,37,✓ Yes,completed
3,593,577,01-27,+15.5%,+2.06%,0.5103,38,✓ Yes,completed
3,593,585,01-27,+13.4%,+2.01%,0.5100,41,✓ Yes,completed
3,593,593,01-27,+11.5%,+1.91%,0.5095,47,✓ Yes,completed
3,601,538,01-27,+15.1%,+1.92%,0.5096,22,✓ Yes,completed
3,601,545,01-27,+14.4%,+1.85%,0.5092,22,✓ Yes,completed
3,601,553,01-27,+13.7%,+1.93%,0.5096,21,✓ Yes,completed
3,601,561,01-27,+13.1%,+1.96%,0.5098,22,✓ Yes,completed
3,601,569,01-27,+12.0%,+1.91%,0.5096,23,✓ Yes,completed
3,601,577,01-27,+11.0%,+1.83%,0.5092,23,✓ Yes,completed
3,601,585,01-27,+9.9%,+1.73%,0.5086,25,✓ Yes,completed
3,601,593,01-27,+8.7%,+1.37%,0.5069,27,✓ Yes,completed
3,601,601,01-27,+6.8%,+0.98%,0.5049,30,✓ Yes,completed
3,609,538,01-27,+11.9%,+1.76%,0.5088,18,✓ Yes,completed
3,609,545,01-27,+11.2%,+1.74%,0.5087,18,✓ Yes,completed
3,609,553,01-27,+10.8%,+1.69%,0.5085,18,✓ Yes,completed
3,609,561,01-27,+10.2%,+1.67%,0.5083,18,✓ Yes,completed
3,609,569,01-27,+9.3%,+1.52%,0.5076,18,✓ Yes,completed
3,609,577,01-27,+8.5%,+1.32%,0.5066,18,✓ Yes,completed
3,609,585,01-27,+7.4%,+1.12%,0.5056,18,✓ Yes,completed
3,609,593,01-27,+6.3%,+0.96%,0.5048,18,✓ Yes,completed
3,609,601,01-27,+5.0%,+0.79%,0.5039,18,✓ Yes,completed
3,609,609,01-27,+4.5%,+0.78%,0.5039,22,✓ Yes,completed
3,538,538,02-01,+25.0%,+66.17%,0.8308,33,✗ No,budget_exceeded
3,538,538,02-01,+25.0%,+66.17%,0.8308,33,✗ No,budget_exceeded
3,545,538,02-01,+25.0%,+65.36%,0.8268,30,✗ No,budget_exceeded
3,545,545,02-01,+25.0%,+63.92%,0.8196,34,✗ No,budget_exceeded
3,553,538,02-01,+25.0%,+63.68%,0.8184,28,✗ No,budget_exceeded
3,553,553,02-01,+25.0%,+59.93%,0.7997,35,✗ No,budget_exceeded
3,561,538,02-01,+25.0%,+54.84%,0.7742,28,✗ No,budget_exceeded
3,561,549,02-01,+25.0%,+53.20%,0.7660,29,✗ No,budget_exceeded
3,561,561,02-01,+25.0%,+49.67%,0.7483,40,✗ No,budget_exceeded
3,569,538,02-01,+25.0%,+50.90%,0.7545,28,✗ No,budget_exceeded
3,569,548,02-01,+25.0%,+49.50%,0.7475,29,✗ No,budget_exceeded
3,569,559,02-01,+25.0%,+33.40%,0.6670,37,✗ No,budget_exceeded
3,569,569,02-01,+25.0%,+12.86%,0.5643,55,✗ No,budget_exceeded
3,577,538,02-01,+25.0%,+33.36%,0.6668,29,✗ No,budget_exceeded
3,577,545,02-01,+25.0%,+23.59%,0.6179,32,✗ No,budget_exceeded
3,577,553,02-01,+25.0%,+21.48%,0.6074,35,✗ No,budget_exceeded
3,577,561,02-01,+25.0%,+9.37%,0.5469,42,✗ No,budget_exceeded
3,577,569,02-01,+25.0%,+3.70%,0.5185,53,✗ No,budget_exceeded
3,577,577,02-01,+22.0%,+1.85%,0.5092,64,✓ Yes,completed
3,585,538,02-01,+25.0%,+10.84%,0.5542,34,✗ No,budget_exceeded
3,585,545,02-01,+25.0%,+5.67%,0.5283,36,✗ No,budget_exceeded
3,585,553,02-01,+25.0%,+3.58%,0.5179,39,✗ No,budget_exceeded
3,585,561,02-01,+24.0%,+1.93%,0.5097,40,✓ Yes,completed
3,585,569,02-01,+20.5%,+1.88%,0.5094,43,✓ Yes,completed
3,585,577,02-01,+17.7%,+1.62%,0.5081,47,✓ Yes,completed
3,585,585,02-01,+15.3%,+1.56%,0.5078,55,✓ Yes,completed
3,593,538,02-01,+21.1%,+1.77%,0.5089,30,✓ Yes,completed
3,593,545,02-01,+20.1%,+1.69%,0.5084,30,✓ Yes,completed
3,593,553,02-01,+19.2%,+1.75%,0.5087,32,✓ Yes,completed
3,593,561,02-01,+18.1%,+1.60%,0.5080,33,✓ Yes,completed
3,593,569,02-01,+16.7%,+1.60%,0.5080,36,✓ Yes,completed
3,593,577,02-01,+14.5%,+1.42%,0.5071,37,✓ Yes,completed
3,593,585,02-01,+12.3%,+1.19%,0.5059,41,✓ Yes,completed
3,593,593,02-01,+10.5%,+0.95%,0.5047,46,✓ Yes,completed
3,601,538,02-01,+13.5%,+1.31%,0.5065,20,✓ Yes,completed
3,601,545,02-01,+12.8%,+1.17%,0.5059,20,✓ Yes,completed
3,601,553,02-01,+12.5%,+1.13%,0.5057,20,✓ Yes,completed
3,601,561,02-01,+11.9%,+1.15%,0.5058,21,✓ Yes,completed
3,601,569,02-01,+10.8%,+0.97%,0.5049,22,✓ Yes,completed
3,601,577,02-01,+10.0%,+0.99%,0.5050,22,✓ Yes,completed
3,601,585,02-01,+8.6%,+0.82%,0.5041,24,✓ Yes,completed
3,601,593,02-01,+7.4%,+0.79%,0.5040,24,✓ Yes,completed
3,601,601,02-01,+5.9%,+0.72%,0.5036,26,✓ Yes,completed
3,609,538,02-01,+10.7%,+0.81%,0.5040,17,✓ Yes,completed
3,609,545,02-01,+9.9%,+0.87%,0.5044,17,✓ Yes,completed
3,609,553,02-01,+9.6%,+0.89%,0.5045,17,✓ Yes,completed
3,609,561,02-01,+9.0%,+0.75%,0.5037,17,✓ Yes,completed
3,609,569,02-01,+7.5%,+0.79%,0.5039,16,✓ Yes,completed
3,609,577,02-01,+6.9%,+0.69%,0.5035,16,✓ Yes,completed
3,609,585,02-01,+5.9%,+0.72%,0.5036,16,✓ Yes,completed
3,609,593,02-01,+5.2%,+0.59%,0.5029,16,✓ Yes,completed
3,609,601,02-01,+4.2%,+0.65%,0.5032,15,✓ Yes,completed
3,609,609,02-01,+3.8%,+0.58%,0.5029,20,✓ Yes,completed
3,538,538,02-06,+25.0%,+73.16%,0.8658,31,✗ No,budget_exceeded
3,538,538,02-06,+25.0%,+73.16%,0.8658,31,✗ No,budget_exceeded
3,545,538,02-06,+25.0%,+72.43%,0.8621,29,✗ No,budget_exceeded
3,545,545,02-06,+25.0%,+70.70%,0.8535,34,✗ No,budget_exceeded
3,553,538,02-06,+25.0%,+70.46%,0.8523,27,✗ No,budget_exceeded
3,553,553,02-06,+25.0%,+62.28%,0.8114,37,✗ No,budget_exceeded
3,561,538,02-06,+25.0%,+61.61%,0.8081,27,✗ No,budget_exceeded
3,561,549,02-06,+25.0%,+60.12%,0.8006,28,✗ No,budget_exceeded
3,561,561,02-06,+25.0%,+49.35%,0.7468,41,✗ No,budget_exceeded
3,569,538,02-06,+25.0%,+50.80%,0.7540,29,✗ No,budget_exceeded
3,569,548,02-06,+25.0%,+42.67%,0.7133,31,✗ No,budget_exceeded
3,569,559,02-06,+25.0%,+30.86%,0.6543,39,✗ No,budget_exceeded
3,569,569,02-06,+25.0%,+16.53%,0.5827,58,✗ No,budget_exceeded
3,577,538,02-06,+25.0%,+32.25%,0.6613,30,✗ No,budget_exceeded
3,577,545,02-06,+25.0%,+30.32%,0.6516,31,✗ No,budget_exceeded
3,577,553,02-06,+25.0%,+21.73%,0.6086,36,✗ No,budget_exceeded
3,577,561,02-06,+25.0%,+14.34%,0.5717,43,✗ No,budget_exceeded
3,577,569,02-06,+24.5%,+3.22%,0.5161,52,✓ Yes,completed
3,577,577,02-06,+21.8%,+2.51%,0.5125,66,✓ Yes,completed
3,585,538,02-06,+25.0%,+14.58%,0.5729,34,✗ No,budget_exceeded
3,585,545,02-06,+25.0%,+12.58%,0.5629,35,✗ No,budget_exceeded
3,585,553,02-06,+24.2%,+3.14%,0.5157,37,✓ Yes,completed
3,585,561,02-06,+23.1%,+2.90%,0.5145,38,✓ Yes,completed
3,585,569,02-06,+20.8%,+2.42%,0.5121,44,✓ Yes,completed
3,585,577,02-06,+18.1%,+1.59%,0.5079,53,✓ Yes,completed
3,585,585,02-06,+15.5%,+1.38%,0.5069,62,✓ Yes,completed
3,593,538,02-06,+21.7%,+2.39%,0.5120,31,✓ Yes,completed
3,593,545,02-06,+20.7%,+2.30%,0.5115,31,✓ Yes,completed
3,593,553,02-06,+19.8%,+1.98%,0.5099,33,✓ Yes,completed
3,593,561,02-06,+18.8%,+1.78%,0.5089,34,✓ Yes,completed
3,593,569,02-06,+17.1%,+1.54%,0.5077,38,✓ Yes,completed
3,593,577,02-06,+14.7%,+1.35%,0.5067,41,✓ Yes,completed
3,593,585,02-06,+11.8%,+1.31%,0.5066,42,✓ Yes,completed
3,593,593,02-06,+9.9%,+1.15%,0.5058,47,✓ Yes,completed
3,601,538,02-06,+14.5%,+1.17%,0.5059,22,✓ Yes,completed
3,601,545,02-06,+12.9%,+1.24%,0.5062,21,✓ Yes,completed
3,601,553,02-06,+12.6%,+1.19%,0.5059,21,✓ Yes,completed
3,601,561,02-06,+11.5%,+1.28%,0.5064,21,✓ Yes,completed
3,601,569,02-06,+10.4%,+1.13%,0.5057,22,✓ Yes,completed
3,601,577,02-06,+9.6%,+1.18%,0.5059,22,✓ Yes,completed
3,601,585,02-06,+8.2%,+0.99%,0.5049,25,✓ Yes,completed
3,601,593,02-06,+7.0%,+0.85%,0.5042,26,✓ Yes,completed
3,601,601,02-06,+5.6%,+0.79%,0.5040,28,✓ Yes,completed
3,609,538,02-06,+10.4%,+0.97%,0.5048,17,✓ Yes,completed
3,609,545,02-06,+9.5%,+1.05%,0.5052,17,✓ Yes,completed
3,609,553,02-06,+9.2%,+0.98%,0.5049,17,✓ Yes,completed
3,609,561,02-06,+8.6%,+0.89%,0.5044,17,✓ Yes,completed
3,609,569,02-06,+7.7%,+0.95%,0.5048,17,✓ Yes,completed
3,609,577,02-06,+7.1%,+0.82%,0.5041,17,✓ Yes,completed
3,609,585,02-06,+5.7%,+0.82%,0.5041,18,✓ Yes,completed
3,609,593,02-06,+4.8%,+0.68%,0.5034,18,✓ Yes,completed
3,609,601,02-06,+3.9%,+0.64%,0.5032,17,✓ Yes,completed
3,609,609,02-06,+3.5%,+0.49%,0.5024,21,✓ Yes,completed
3,538,538,02-11,+25.0%,+80.19%,0.9009,28,✗ No,budget_exceeded
3,538,538,02-11,+25.0%,+80.19%,0.9009,28,✗ No,budget_exceeded
3,545,538,02-11,+25.0%,+79.53%,0.8977,27,✗ No,budget_exceeded
3,545,545,02-11,+25.0%,+77.93%,0.8897,31,✗ No,budget_exceeded
3,553,538,02-11,+25.0%,+78.10%,0.8905,27,✗ No,budget_exceeded
3,553,553,02-11,+25.0%,+70.83%,0.8542,36,✗ No,budget_exceeded
3,561,538,02-11,+25.0%,+69.42%,0.8471,27,✗ No,budget_exceeded
3,561,549,02-11,+25.0%,+68.76%,0.8438,27,✗ No,budget_exceeded
3,561,561,02-11,+25.0%,+51.59%,0.7579,41,✗ No,budget_exceeded
3,569,538,02-11,+25.0%,+59.74%,0.7987,29,✗ No,budget_exceeded
3,569,548,02-11,+25.0%,+51.59%,0.7579,31,✗ No,budget_exceeded
3,569,559,02-11,+25.0%,+39.75%,0.6988,39,✗ No,budget_exceeded
3,569,569,02-11,+25.0%,+25.38%,0.6269,58,✗ No,budget_exceeded
3,577,538,02-11,+25.0%,+41.14%,0.7057,30,✗ No,budget_exceeded
3,577,545,02-11,+25.0%,+39.21%,0.6961,31,✗ No,budget_exceeded
3,577,553,02-11,+25.0%,+30.59%,0.6530,36,✗ No,budget_exceeded
3,577,561,02-11,+25.0%,+23.18%,0.6159,43,✗ No,budget_exceeded
3,577,569,02-11,+24.5%,+3.54%,0.5177,52,✓ Yes,completed
3,577,577,02-11,+21.8%,+3.15%,0.5158,66,✓ Yes,completed
3,585,538,02-11,+25.0%,+23.42%,0.6171,34,✗ No,budget_exceeded
3,585,545,02-11,+25.0%,+21.42%,0.6071,35,✗ No,budget_exceeded
3,585,553,02-11,+24.2%,+3.49%,0.5175,37,✓ Yes,completed
3,585,561,02-11,+23.1%,+3.39%,0.5169,38,✓ Yes,completed
3,585,569,02-11,+20.8%,+3.13%,0.5156,44,✓ Yes,completed
3,585,577,02-11,+18.1%,+2.67%,0.5134,53,✓ Yes,completed
3,585,585,02-11,+15.5%,+2.46%,0.5123,62,✓ Yes,completed
3,593,538,02-11,+21.7%,+3.04%,0.5152,31,✓ Yes,completed
3,593,545,02-11,+20.7%,+3.04%,0.5152,31,✓ Yes,completed
3,593,553,02-11,+19.8%,+2.88%,0.5144,33,✓ Yes,completed
3,593,561,02-11,+18.8%,+2.88%,0.5144,34,✓ Yes,completed
3,593,569,02-11,+17.1%,+2.65%,0.5133,38,✓ Yes,completed
3,593,577,02-11,+14.7%,+2.31%,0.5115,41,✓ Yes,completed
3,593,585,02-11,+12.4%,+1.74%,0.5087,46,✓ Yes,completed
3,593,593,02-11,+10.5%,+1.19%,0.5059,51,✓ Yes,completed
3,601,538,02-11,+14.5%,+2.11%,0.5106,22,✓ Yes,completed
3,601,545,02-11,+13.7%,+2.06%,0.5103,22,✓ Yes,completed
3,601,553,02-11,+13.4%,+2.03%,0.5102,22,✓ Yes,completed
3,601,561,02-11,+12.8%,+1.84%,0.5092,23,✓ Yes,completed
3,601,569,02-11,+11.5%,+1.59%,0.5080,25,✓ Yes,completed
3,601,577,02-11,+10.4%,+1.18%,0.5059,26,✓ Yes,completed
3,601,585,02-11,+8.8%,+0.75%,0.5038,29,✓ Yes,completed
3,601,593,02-11,+7.5%,+0.65%,0.5032,30,✓ Yes,completed
3,601,601,02-11,+6.1%,+0.52%,0.5026,32,✓ Yes,completed
3,609,538,02-11,+11.2%,+1.27%,0.5063,18,✓ Yes,completed
3,609,545,02-11,+10.3%,+1.04%,0.5052,18,✓ Yes,completed
3,609,553,02-11,+10.0%,+1.00%,0.5050,18,✓ Yes,completed
3,609,561,02-11,+9.4%,+0.85%,0.5043,18,✓ Yes,completed
3,609,569,02-11,+8.3%,+0.66%,0.5033,19,✓ Yes,completed
3,609,577,02-11,+7.5%,+0.61%,0.5031,19,✓ Yes,completed
3,609,585,02-11,+5.9%,+0.53%,0.5027,20,✓ Yes,completed
3,609,593,02-11,+5.0%,+0.39%,0.5019,20,✓ Yes,completed
3,609,601,02-11,+4.0%,+0.45%,0.5023,18,✓ Yes,completed
3,609,609,02-11,+3.6%,+0.35%,0.5017,22,✓ Yes,completed
3,538,538,02-16,+25.0%,+79.50%,0.8975,28,✗ No,budget_exceeded
3,538,538,02-16,+25.0%,+79.50%,0.8975,28,✗ No,budget_exceeded
3,545,538,02-16,+25.0%,+78.09%,0.8904,27,✗ No,budget_exceeded
3,545,545,02-16,+25.0%,+76.59%,0.8830,31,✗ No,budget_exceeded
3,553,538,02-16,+25.0%,+76.43%,0.8822,26,✗ No,budget_exceeded
3,553,553,02-16,+25.0%,+59.01%,0.7950,39,✗ No,budget_exceeded
3,561,538,02-16,+25.0%,+56.01%,0.7800,29,✗ No,budget_exceeded
3,561,549,02-16,+25.0%,+48.96%,0.7448,32,✗ No,budget_exceeded
3,561,561,02-16,+25.0%,+38.25%,0.6912,46,✗ No,budget_exceeded
3,569,538,02-16,+25.0%,+48.33%,0.7416,31,✗ No,budget_exceeded
3,569,548,02-16,+25.0%,+44.75%,0.7237,34,✗ No,budget_exceeded
3,569,559,02-16,+25.0%,+34.49%,0.6724,43,✗ No,budget_exceeded
3,569,569,02-16,+25.0%,+7.58%,0.5379,61,✗ No,budget_exceeded
3,577,538,02-16,+25.0%,+37.95%,0.6897,32,✗ No,budget_exceeded
3,577,545,02-16,+25.0%,+34.38%,0.6719,34,✗ No,budget_exceeded
3,577,553,02-16,+25.0%,+31.07%,0.6553,38,✗ No,budget_exceeded
3,577,561,02-16,+25.0%,+3.61%,0.5180,44,✓ Yes,completed
3,577,569,02-16,+23.5%,+3.52%,0.5176,52,✓ Yes,completed
3,577,577,02-16,+20.0%,+3.38%,0.5169,61,✓ Yes,completed
3,585,538,02-16,+25.0%,+5.65%,0.5283,34,✗ No,budget_exceeded
3,585,545,02-16,+24.5%,+3.55%,0.5178,34,✓ Yes,completed
3,585,553,02-16,+22.6%,+3.57%,0.5178,35,✓ Yes,completed
3,585,561,02-16,+20.9%,+3.53%,0.5176,35,✓ Yes,completed
3,585,569,02-16,+19.0%,+3.41%,0.5170,40,✓ Yes,completed
3,585,577,02-16,+16.5%,+3.03%,0.5152,49,✓ Yes,completed
3,585,585,02-16,+14.3%,+2.82%,0.5141,56,✓ Yes,completed
3,593,538,02-16,+20.0%,+3.28%,0.5164,28,✓ Yes,completed
3,593,545,02-16,+19.0%,+3.33%,0.5166,28,✓ Yes,completed
3,593,553,02-16,+18.1%,+3.18%,0.5159,30,✓ Yes,completed
3,593,561,02-16,+17.1%,+3.16%,0.5158,31,✓ Yes,completed
3,593,569,02-16,+15.8%,+3.00%,0.5150,34,✓ Yes,completed
3,593,577,02-16,+13.5%,+2.83%,0.5141,37,✓ Yes,completed
3,593,585,02-16,+11.5%,+2.54%,0.5127,41,✓ Yes,completed
3,593,593,02-16,+9.8%,+2.29%,0.5115,46,✓ Yes,completed
3,601,538,02-16,+12.8%,+2.56%,0.5128,19,✓ Yes,completed
3,601,545,02-16,+12.0%,+2.49%,0.5124,19,✓ Yes,completed
3,601,553,02-16,+11.7%,+2.49%,0.5125,19,✓ Yes,completed
3,601,561,02-16,+11.2%,+2.44%,0.5122,20,✓ Yes,completed
3,601,569,02-16,+10.2%,+2.31%,0.5115,21,✓ Yes,completed
3,601,577,02-16,+9.2%,+2.18%,0.5109,22,✓ Yes,completed
3,601,585,02-16,+7.9%,+2.04%,0.5102,24,✓ Yes,completed
3,601,593,02-16,+6.8%,+1.83%,0.5092,25,✓ Yes,completed
3,601,601,02-16,+5.6%,+1.68%,0.5084,27,✓ Yes,completed
3,609,538,02-16,+10.4%,+2.15%,0.5107,17,✓ Yes,completed
3,609,545,02-16,+9.5%,+2.17%,0.5108,17,✓ Yes,completed
3,609,553,02-16,+9.2%,+2.08%,0.5104,17,✓ Yes,completed
3,609,561,02-16,+8.6%,+1.96%,0.5098,17,✓ Yes,completed
3,609,569,02-16,+7.6%,+1.95%,0.5098,18,✓ Yes,completed
3,609,577,02-16,+6.9%,+1.79%,0.5089,18,✓ Yes,completed
3,609,585,02-16,+5.7%,+1.71%,0.5086,19,✓ Yes,completed
3,609,593,02-16,+4.8%,+1.47%,0.5073,19,✓ Yes,completed
3,609,601,02-16,+4.1%,+1.36%,0.5068,19,✓ Yes,completed
3,609,609,02-16,+3.7%,+1.17%,0.5058,23,✓ Yes,completed
3,538,538,02-21,+25.0%,+65.70%,0.8285,42,✗ No,budget_exceeded
3,538,538,02-21,+25.0%,+65.70%,0.8285,42,✗ No,budget_exceeded
3,545,538,02-21,+25.0%,+57.12%,0.7856,36,✗ No,budget_exceeded
3,545,545,02-21,+25.0%,+53.71%,0.7686,45,✗ No,budget_exceeded
3,553,538,02-21,+25.0%,+53.22%,0.7661,35,✗ No,budget_exceeded
3,553,553,02-21,+25.0%,+43.03%,0.7152,51,✗ No,budget_exceeded
3,561,538,02-21,+25.0%,+41.22%,0.7061,34,✗ No,budget_exceeded
3,561,549,02-21,+25.0%,+39.18%,0.6959,37,✗ No,budget_exceeded
3,561,561,02-21,+25.0%,+13.60%,0.5680,58,✗ No,budget_exceeded
3,569,538,02-21,+25.0%,+37.25%,0.6863,35,✗ No,budget_exceeded
3,569,548,02-21,+25.0%,+15.14%,0.5757,39,✗ No,budget_exceeded
3,569,559,02-21,+24.6%,+2.26%,0.5113,54,✓ Yes,completed
3,569,569,02-21,+21.8%,+1.98%,0.5099,63,✓ Yes,completed
3,577,538,02-21,+25.0%,+9.82%,0.5491,35,✗ No,budget_exceeded
3,577,545,02-21,+24.4%,+2.25%,0.5113,38,✓ Yes,completed
3,577,553,02-21,+22.8%,+2.18%,0.5109,39,✓ Yes,completed
3,577,561,02-21,+20.5%,+2.04%,0.5102,42,✓ Yes,completed
3,577,569,02-21,+19.4%,+1.94%,0.5097,49,✓ Yes,completed
3,577,577,02-21,+17.1%,+1.88%,0.5094,57,✓ Yes,completed
3,585,538,02-21,+21.5%,+1.91%,0.5096,30,✓ Yes,completed
3,585,545,02-21,+20.5%,+1.98%,0.5099,30,✓ Yes,completed
3,585,553,02-21,+19.3%,+1.93%,0.5096,32,✓ Yes,completed
3,585,561,02-21,+17.6%,+1.89%,0.5094,32,✓ Yes,completed
3,585,569,02-21,+15.9%,+1.78%,0.5089,38,✓ Yes,completed
3,585,577,02-21,+14.1%,+1.68%,0.5084,45,✓ Yes,completed
3,585,585,02-21,+11.5%,+1.66%,0.5083,48,✓ Yes,completed
3,593,538,02-21,+17.6%,+1.75%,0.5088,25,✓ Yes,completed
3,593,545,02-21,+16.6%,+1.78%,0.5089,25,✓ Yes,completed
3,593,553,02-21,+15.6%,+1.74%,0.5087,27,✓ Yes,completed
3,593,561,02-21,+14.4%,+1.68%,0.5084,28,✓ Yes,completed
3,593,569,02-21,+12.5%,+1.61%,0.5080,30,✓ Yes,completed
3,593,577,02-21,+10.9%,+1.58%,0.5079,31,✓ Yes,completed
3,593,585,02-21,+9.2%,+1.41%,0.5071,35,✓ Yes,completed
3,593,593,02-21,+8.4%,+1.27%,0.5063,36,✓ Yes,completed
3,601,538,02-21,+11.8%,+1.55%,0.5078,17,✓ Yes,completed
3,601,545,02-21,+10.9%,+1.51%,0.5076,17,✓ Yes,completed
3,601,553,02-21,+10.6%,+1.48%,0.5074,17,✓ Yes,completed
3,601,561,02-21,+10.1%,+1.51%,0.5075,18,✓ Yes,completed
3,601,569,02-21,+9.2%,+1.38%,0.5069,19,✓ Yes,completed
3,601,577,02-21,+8.2%,+1.26%,0.5063,20,✓ Yes,completed
3,601,585,02-21,+7.0%,+1.08%,0.5054,22,✓ Yes,completed
3,601,593,02-21,+6.2%,+1.07%,0.5053,22,✓ Yes,completed
3,601,601,02-21,+5.3%,+0.90%,0.5045,24,✓ Yes,completed
3,609,538,02-21,+10.0%,+1.37%,0.5068,16,✓ Yes,completed
3,609,545,02-21,+9.2%,+1.28%,0.5064,16,✓ Yes,completed
3,609,553,02-21,+8.8%,+1.23%,0.5062,16,✓ Yes,completed
3,609,561,02-21,+8.2%,+1.20%,0.5060,16,✓ Yes,completed
3,609,569,02-21,+7.3%,+1.09%,0.5055,17,✓ Yes,completed
3,609,577,02-21,+6.6%,+1.04%,0.5052,17,✓ Yes,completed
3,609,585,02-21,+5.5%,+0.94%,0.5047,18,✓ Yes,completed
3,609,593,02-21,+4.6%,+0.85%,0.5043,18,✓ Yes,completed
3,609,601,02-21,+4.0%,+0.80%,0.5040,18,✓ Yes,completed
3,609,609,02-21,+3.6%,+0.66%,0.5033,22,✓ Yes,completed
3,538,538,02-24,+25.0%,+58.81%,0.7940,49,✗ No,budget_exceeded
3,538,538,02-24,+25.0%,+58.81%,0.7940,49,✗ No,budget_exceeded
3,545,538,02-24,+25.0%,+51.84%,0.7592,42,✗ No,budget_exceeded
3,545,545,02-24,+25.0%,+48.25%,0.7413,51,✗ No,budget_exceeded
3,553,538,02-24,+25.0%,+47.76%,0.7388,39,✗ No,budget_exceeded
3,553,553,02-24,+25.0%,+32.94%,0.6647,53,✗ No,budget_exceeded
3,561,538,02-24,+25.0%,+22.17%,0.6108,36,✗ No,budget_exceeded
3,561,549,02-24,+25.0%,+14.60%,0.5730,44,✗ No,budget_exceeded
3,561,561,02-24,+23.8%,+1.93%,0.5097,67,✓ Yes,completed
3,569,538,02-24,+25.0%,+14.28%,0.5714,38,✗ No,budget_exceeded
3,569,548,02-24,+24.2%,+2.09%,0.5104,46,✓ Yes,completed
3,569,559,02-24,+21.8%,+1.72%,0.5086,53,✓ Yes,completed
3,569,569,02-24,+19.3%,+1.52%,0.5076,63,✓ Yes,completed
3,577,538,02-24,+23.4%,+1.83%,0.5091,36,✓ Yes,completed
3,577,545,02-24,+21.8%,+1.69%,0.5084,36,✓ Yes,completed
3,577,553,02-24,+20.4%,+1.66%,0.5083,38,✓ Yes,completed
3,577,561,02-24,+17.9%,+1.43%,0.5072,41,✓ Yes,completed
3,577,569,02-24,+16.7%,+1.40%,0.5070,47,✓ Yes,completed
3,577,577,02-24,+14.7%,+1.20%,0.5060,56,✓ Yes,completed
3,585,538,02-24,+19.1%,+1.49%,0.5074,28,✓ Yes,completed
3,585,545,02-24,+17.9%,+1.38%,0.5069,28,✓ Yes,completed
3,585,553,02-24,+16.7%,+1.39%,0.5069,29,✓ Yes,completed
3,585,561,02-24,+15.2%,+1.32%,0.5066,30,✓ Yes,completed
3,585,569,02-24,+13.5%,+1.21%,0.5060,36,✓ Yes,completed
3,585,577,02-24,+11.6%,+1.14%,0.5057,41,✓ Yes,completed
3,585,585,02-24,+9.7%,+1.00%,0.5050,48,✓ Yes,completed
3,593,538,02-24,+15.4%,+1.19%,0.5060,23,✓ Yes,completed
3,593,545,02-24,+14.5%,+1.12%,0.5056,23,✓ Yes,completed
3,593,553,02-24,+13.5%,+1.17%,0.5058,25,✓ Yes,completed
3,593,561,02-24,+12.1%,+1.12%,0.5056,25,✓ Yes,completed
3,593,569,02-24,+10.5%,+1.00%,0.5050,29,✓ Yes,completed
3,593,577,02-24,+9.2%,+0.96%,0.5048,30,✓ Yes,completed
3,593,585,02-24,+7.2%,+0.86%,0.5043,32,✓ Yes,completed
3,593,593,02-24,+6.7%,+0.82%,0.5041,32,✓ Yes,completed
3,601,538,02-24,+10.5%,+0.91%,0.5046,15,✓ Yes,completed
3,601,545,02-24,+9.8%,+0.98%,0.5049,15,✓ Yes,completed
3,601,553,02-24,+9.5%,+0.99%,0.5049,15,✓ Yes,completed
3,601,561,02-24,+8.9%,+0.90%,0.5045,16,✓ Yes,completed
3,601,569,02-24,+7.6%,+0.96%,0.5048,16,✓ Yes,completed
3,601,577,02-24,+6.7%,+0.84%,0.5042,17,✓ Yes,completed
3,601,585,02-24,+5.5%,+0.83%,0.5041,19,✓ Yes,completed
3,601,593,02-24,+5.1%,+0.73%,0.5037,19,✓ Yes,completed
3,601,601,02-24,+4.5%,+0.72%,0.5036,20,✓ Yes,completed
3,609,538,02-24,+8.7%,+0.79%,0.5039,13,✓ Yes,completed
3,609,545,02-24,+7.9%,+0.89%,0.5045,13,✓ Yes,completed
3,609,553,02-24,+7.7%,+0.91%,0.5045,13,✓ Yes,completed
3,609,561,02-24,+7.2%,+0.80%,0.5040,13,✓ Yes,completed
3,609,569,02-24,+6.2%,+0.85%,0.5042,14,✓ Yes,completed
3,609,577,02-24,+5.5%,+0.80%,0.5040,14,✓ Yes,completed
3,609,585,02-24,+4.5%,+0.71%,0.5036,15,✓ Yes,completed
3,609,593,02-24,+4.0%,+0.68%,0.5034,15,✓ Yes,completed
3,609,601,02-24,+3.6%,+0.56%,0.5028,15,✓ Yes,completed
3,609,609,02-24,+3.3%,+0.47%,0.5024,18,✓ Yes,completed
4,561,545,02-10,+25.0%,+67.21%,0.8360,27,✗ No,budget_exceeded
4,561,549,02-10,+25.0%,+66.96%,0.8348,27,✗ No,budget_exceeded
4,561,553,02-10,+25.0%,+65.71%,0.8286,29,✗ No,budget_exceeded
4,561,557,02-10,+25.0%,+59.98%,0.7999,32,✗ No,budget_exceeded
4,561,561,02-10,+25.0%,+49.79%,0.7490,41,✗ No,budget_exceeded
4,565,545,02-10,+25.0%,+66.70%,0.8335,27,✗ No,budget_exceeded
4,565,549,02-10,+25.0%,+65.79%,0.8289,28,✗ No,budget_exceeded
4,565,553,02-10,+25.0%,+58.40%,0.7920,31,✗ No,budget_exceeded
4,565,557,02-10,+25.0%,+57.97%,0.7899,33,✗ No,budget_exceeded
4,565,561,02-10,+25.0%,+46.40%,0.7320,40,✗ No,budget_exceeded
4,565,565,02-10,+25.0%,+39.54%,0.6977,49,✗ No,budget_exceeded
4,568,545,02-10,+25.0%,+57.96%,0.7898,29,✗ No,budget_exceeded
4,568,549,02-10,+25.0%,+57.79%,0.7890,29,✗ No,budget_exceeded
4,568,553,02-10,+25.0%,+49.64%,0.7482,32,✗ No,budget_exceeded
4,568,557,02-10,+25.0%,+45.99%,0.7299,36,✗ No,budget_exceeded
4,568,561,02-10,+25.0%,+37.87%,0.6894,40,✗ No,budget_exceeded
4,568,564,02-10,+25.0%,+34.02%,0.6701,46,✗ No,budget_exceeded
4,568,568,02-10,+25.0%,+25.52%,0.6276,55,✗ No,budget_exceeded
4,572,545,02-10,+25.0%,+46.31%,0.7315,31,✗ No,budget_exceeded
4,572,549,02-10,+25.0%,+39.73%,0.6986,33,✗ No,budget_exceeded
4,572,553,02-10,+25.0%,+38.12%,0.6906,35,✗ No,budget_exceeded
4,572,557,02-10,+25.0%,+37.61%,0.6881,37,✗ No,budget_exceeded
4,572,560,02-10,+25.0%,+33.69%,0.6684,40,✗ No,budget_exceeded
4,572,564,02-10,+25.0%,+26.95%,0.6347,46,✗ No,budget_exceeded
4,572,568,02-10,+25.0%,+21.64%,0.6082,55,✗ No,budget_exceeded
4,572,572,02-10,+25.0%,+20.10%,0.6005,59,✗ No,budget_exceeded
4,575,545,02-10,+25.0%,+39.30%,0.6965,31,✗ No,budget_exceeded
4,575,549,02-10,+25.0%,+38.11%,0.6906,32,✗ No,budget_exceeded
4,575,553,02-10,+25.0%,+37.44%,0.6872,33,✗ No,budget_exceeded
4,575,557,02-10,+25.0%,+33.77%,0.6688,36,✗ No,budget_exceeded
4,575,560,02-10,+25.0%,+25.46%,0.6273,41,✗ No,budget_exceeded
4,575,564,02-10,+25.0%,+21.82%,0.6091,46,✗ No,budget_exceeded
4,575,568,02-10,+25.0%,+20.13%,0.6006,50,✗ No,budget_exceeded
4,575,572,02-10,+24.8%,+3.49%,0.5174,57,✓ Yes,completed
4,575,575,02-10,+23.0%,+3.21%,0.5161,68,✓ Yes,completed
4,579,545,02-10,+25.0%,+33.90%,0.6695,33,✗ No,budget_exceeded
4,579,549,02-10,+25.0%,+33.73%,0.6687,33,✗ No,budget_exceeded
4,579,553,02-10,+25.0%,+26.93%,0.6346,36,✗ No,budget_exceeded
4,579,557,02-10,+25.0%,+25.10%,0.6255,38,✗ No,budget_exceeded
4,579,560,02-10,+25.0%,+21.30%,0.6065,42,✗ No,budget_exceeded
4,579,564,02-10,+25.0%,+19.52%,0.5976,44,✗ No,budget_exceeded
4,579,568,02-10,+24.5%,+3.50%,0.5175,47,✓ Yes,completed
4,579,572,02-10,+23.4%,+3.28%,0.5164,52,✓ Yes,completed
4,579,575,02-10,+21.6%,+3.03%,0.5152,61,✓ Yes,completed
4,579,579,02-10,+20.2%,+2.85%,0.5143,68,✓ Yes,completed
4,583,545,02-10,+25.0%,+23.06%,0.6153,33,✗ No,budget_exceeded
4,583,549,02-10,+25.0%,+21.78%,0.6089,34,✗ No,budget_exceeded
4,583,552,02-10,+25.0%,+20.02%,0.6001,36,✗ No,budget_exceeded
4,583,555,02-10,+25.0%,+19.77%,0.5988,37,✗ No,budget_exceeded
4,583,559,02-10,+24.8%,+3.50%,0.5175,37,✓ Yes,completed
4,583,562,02-10,+24.1%,+3.43%,0.5172,38,✓ Yes,completed
4,583,566,02-10,+23.5%,+3.31%,0.5165,39,✓ Yes,completed
4,583,569,02-10,+22.5%,+3.25%,0.5163,45,✓ Yes,completed
4,583,572,02-10,+21.5%,+3.06%,0.5153,49,✓ Yes,completed
4,583,576,02-10,+20.2%,+2.89%,0.5144,54,✓ Yes,completed
4,583,579,02-10,+18.8%,+2.78%,0.5139,58,✓ Yes,completed
4,583,583,02-10,+17.9%,+2.57%,0.5129,66,✓ Yes,completed
4,586,545,02-10,+24.9%,+3.44%,0.5172,34,✓ Yes,completed
4,586,549,02-10,+24.8%,+3.44%,0.5172,34,✓ Yes,completed
4,586,552,02-10,+24.2%,+3.42%,0.5171,35,✓ Yes,completed
4,586,556,02-10,+24.0%,+3.36%,0.5168,36,✓ Yes,completed
4,586,559,02-10,+23.5%,+3.26%,0.5163,36,✓ Yes,completed
4,586,562,02-10,+22.7%,+3.24%,0.5162,37,✓ Yes,completed
4,586,566,02-10,+22.1%,+3.16%,0.5158,38,✓ Yes,completed
4,586,569,02-10,+20.6%,+3.02%,0.5151,43,✓ Yes,completed
4,586,573,02-10,+19.7%,+2.79%,0.5139,46,✓ Yes,completed
4,586,576,02-10,+18.3%,+2.66%,0.5133,49,✓ Yes,completed
4,586,579,02-10,+16.7%,+2.50%,0.5125,53,✓ Yes,completed
4,586,583,02-10,+15.8%,+2.27%,0.5114,58,✓ Yes,completed
4,586,586,02-10,+14.6%,+1.94%,0.5097,64,✓ Yes,completed
4,590,545,02-10,+23.8%,+3.25%,0.5162,33,✓ Yes,completed
4,590,549,02-10,+23.7%,+3.23%,0.5162,33,✓ Yes,completed
4,590,552,02-10,+23.1%,+3.20%,0.5160,34,✓ Yes,completed
4,590,556,02-10,+22.8%,+3.20%,0.5160,35,✓ Yes,completed
4,590,559,02-10,+22.3%,+3.16%,0.5158,35,✓ Yes,completed
4,590,562,02-10,+21.5%,+3.03%,0.5152,36,✓ Yes,completed
4,590,566,02-10,+21.0%,+3.04%,0.5152,37,✓ Yes,completed
4,590,569,02-10,+19.3%,+2.77%,0.5138,42,✓ Yes,completed
4,590,573,02-10,+18.2%,+2.63%,0.5131,43,✓ Yes,completed
4,590,576,02-10,+16.6%,+2.47%,0.5123,47,✓ Yes,completed
4,590,580,02-10,+15.5%,+2.27%,0.5114,49,✓ Yes,completed
4,590,583,02-10,+14.5%,+1.94%,0.5097,54,✓ Yes,completed
4,590,586,02-10,+13.4%,+1.72%,0.5086,59,✓ Yes,completed
4,590,590,02-10,+12.8%,+1.48%,0.5074,61,✓ Yes,completed
4,593,545,02-10,+20.7%,+2.95%,0.5148,31,✓ Yes,completed
4,593,549,02-10,+20.6%,+2.94%,0.5147,31,✓ Yes,completed
4,593,552,02-10,+20.0%,+2.75%,0.5138,32,✓ Yes,completed
4,593,556,02-10,+19.8%,+2.74%,0.5137,33,✓ Yes,completed
4,593,559,02-10,+19.3%,+2.74%,0.5137,33,✓ Yes,completed
4,593,562,02-10,+18.7%,+2.75%,0.5137,34,✓ Yes,completed
4,593,566,02-10,+18.5%,+2.69%,0.5134,34,✓ Yes,completed
4,593,569,02-10,+17.1%,+2.60%,0.5130,38,✓ Yes,completed
4,593,573,02-10,+16.2%,+2.33%,0.5116,38,✓ Yes,completed
4,593,576,02-10,+14.9%,+2.13%,0.5106,41,✓ Yes,completed
4,593,580,02-10,+14.0%,+1.87%,0.5094,42,✓ Yes,completed
4,593,583,02-10,+12.8%,+1.52%,0.5076,45,✓ Yes,completed
4,593,586,02-10,+11.8%,+1.24%,0.5062,49,✓ Yes,completed
4,593,590,02-10,+11.2%,+1.06%,0.5053,50,✓ Yes,completed
4,593,593,02-10,+10.5%,+0.86%,0.5043,51,✓ Yes,completed
4,561,545,02-12,+25.0%,+70.57%,0.8529,26,✗ No,budget_exceeded
4,561,549,02-12,+25.0%,+70.32%,0.8516,26,✗ No,budget_exceeded
4,561,553,02-12,+25.0%,+69.16%,0.8458,28,✗ No,budget_exceeded
4,561,557,02-12,+25.0%,+61.92%,0.8096,32,✗ No,budget_exceeded
4,561,561,02-12,+25.0%,+53.23%,0.7662,40,✗ No,budget_exceeded
4,565,545,02-12,+25.0%,+69.40%,0.8470,27,✗ No,budget_exceeded
4,565,549,02-12,+25.0%,+69.15%,0.8458,27,✗ No,budget_exceeded
4,565,553,02-12,+25.0%,+61.84%,0.8092,30,✗ No,budget_exceeded
4,565,557,02-12,+25.0%,+61.41%,0.8071,32,✗ No,budget_exceeded
4,565,561,02-12,+25.0%,+49.67%,0.7484,40,✗ No,budget_exceeded
4,565,565,02-12,+25.0%,+42.98%,0.7149,48,✗ No,budget_exceeded
4,568,545,02-12,+25.0%,+60.19%,0.8010,29,✗ No,budget_exceeded
4,568,549,02-12,+25.0%,+60.03%,0.8001,29,✗ No,budget_exceeded
4,568,553,02-12,+25.0%,+53.07%,0.7654,31,✗ No,budget_exceeded
4,568,557,02-12,+25.0%,+48.69%,0.7435,36,✗ No,budget_exceeded
4,568,561,02-12,+25.0%,+41.30%,0.7065,39,✗ No,budget_exceeded
4,568,564,02-12,+25.0%,+37.45%,0.6872,45,✗ No,budget_exceeded
4,568,568,02-12,+25.0%,+28.94%,0.6447,54,✗ No,budget_exceeded
4,572,545,02-12,+25.0%,+49.91%,0.7495,31,✗ No,budget_exceeded
4,572,549,02-12,+25.0%,+43.33%,0.7166,33,✗ No,budget_exceeded
4,572,553,02-12,+25.0%,+41.72%,0.7086,35,✗ No,budget_exceeded
4,572,557,02-12,+25.0%,+41.21%,0.7061,37,✗ No,budget_exceeded
4,572,560,02-12,+25.0%,+37.28%,0.6864,40,✗ No,budget_exceeded
4,572,564,02-12,+25.0%,+30.54%,0.6527,46,✗ No,budget_exceeded
4,572,568,02-12,+25.0%,+25.23%,0.6261,55,✗ No,budget_exceeded
4,572,572,02-12,+25.0%,+23.69%,0.6185,59,✗ No,budget_exceeded
4,575,545,02-12,+25.0%,+42.90%,0.7145,31,✗ No,budget_exceeded
4,575,549,02-12,+25.0%,+41.71%,0.7086,32,✗ No,budget_exceeded
4,575,553,02-12,+25.0%,+41.04%,0.7052,33,✗ No,budget_exceeded
4,575,557,02-12,+25.0%,+37.37%,0.6868,36,✗ No,budget_exceeded
4,575,560,02-12,+25.0%,+29.05%,0.6453,41,✗ No,budget_exceeded
4,575,564,02-12,+25.0%,+25.41%,0.6271,46,✗ No,budget_exceeded
4,575,568,02-12,+25.0%,+23.71%,0.6186,50,✗ No,budget_exceeded
4,575,572,02-12,+24.9%,+3.57%,0.5178,58,✓ Yes,completed
4,575,575,02-12,+23.0%,+3.39%,0.5170,68,✓ Yes,completed
4,579,545,02-12,+25.0%,+37.49%,0.6875,33,✗ No,budget_exceeded
4,579,549,02-12,+25.0%,+37.33%,0.6866,33,✗ No,budget_exceeded
4,579,553,02-12,+25.0%,+30.52%,0.6526,36,✗ No,budget_exceeded
4,579,557,02-12,+25.0%,+28.69%,0.6434,38,✗ No,budget_exceeded
4,579,560,02-12,+25.0%,+24.89%,0.6244,42,✗ No,budget_exceeded
4,579,564,02-12,+25.0%,+23.11%,0.6156,44,✗ No,budget_exceeded
4,579,568,02-12,+24.5%,+3.59%,0.5180,47,✓ Yes,completed
4,579,572,02-12,+23.4%,+3.42%,0.5171,52,✓ Yes,completed
4,579,575,02-12,+21.6%,+3.27%,0.5163,61,✓ Yes,completed
4,579,579,02-12,+20.2%,+3.10%,0.5155,68,✓ Yes,completed
4,583,545,02-12,+25.0%,+26.65%,0.6333,33,✗ No,budget_exceeded
4,583,549,02-12,+25.0%,+25.37%,0.6269,34,✗ No,budget_exceeded
4,583,552,02-12,+25.0%,+23.61%,0.6180,36,✗ No,budget_exceeded
4,583,555,02-12,+25.0%,+23.35%,0.6168,37,✗ No,budget_exceeded
4,583,559,02-12,+24.8%,+3.57%,0.5179,37,✓ Yes,completed
4,583,562,02-12,+24.1%,+3.53%,0.5177,38,✓ Yes,completed
4,583,566,02-12,+23.5%,+3.44%,0.5172,39,✓ Yes,completed
4,583,569,02-12,+22.5%,+3.45%,0.5172,45,✓ Yes,completed
4,583,572,02-12,+21.5%,+3.29%,0.5165,49,✓ Yes,completed
4,583,576,02-12,+20.2%,+3.14%,0.5157,54,✓ Yes,completed
4,583,579,02-12,+18.8%,+2.99%,0.5149,58,✓ Yes,completed
4,583,583,02-12,+17.9%,+2.77%,0.5139,66,✓ Yes,completed
4,586,545,02-12,+24.9%,+3.52%,0.5176,34,✓ Yes,completed
4,586,549,02-12,+24.8%,+3.52%,0.5176,34,✓ Yes,completed
4,586,552,02-12,+24.2%,+3.51%,0.5176,35,✓ Yes,completed
4,586,556,02-12,+24.0%,+3.46%,0.5173,36,✓ Yes,completed
4,586,559,02-12,+23.5%,+3.40%,0.5170,36,✓ Yes,completed
4,586,562,02-12,+22.7%,+3.43%,0.5172,37,✓ Yes,completed
4,586,566,02-12,+22.1%,+3.37%,0.5168,38,✓ Yes,completed
4,586,569,02-12,+20.6%,+3.25%,0.5163,43,✓ Yes,completed
4,586,573,02-12,+19.7%,+3.05%,0.5152,46,✓ Yes,completed
4,586,576,02-12,+18.3%,+2.87%,0.5143,49,✓ Yes,completed
4,586,579,02-12,+16.7%,+2.70%,0.5135,53,✓ Yes,completed
4,586,583,02-12,+15.8%,+2.51%,0.5125,58,✓ Yes,completed
4,586,586,02-12,+14.6%,+2.35%,0.5118,64,✓ Yes,completed
4,590,545,02-12,+23.8%,+3.36%,0.5168,33,✓ Yes,completed
4,590,549,02-12,+23.7%,+3.35%,0.5168,33,✓ Yes,completed
4,590,552,02-12,+23.1%,+3.38%,0.5169,34,✓ Yes,completed
4,590,556,02-12,+22.8%,+3.38%,0.5169,35,✓ Yes,completed
4,590,559,02-12,+22.3%,+3.36%,0.5168,35,✓ Yes,completed
4,590,562,02-12,+21.5%,+3.27%,0.5163,36,✓ Yes,completed
4,590,566,02-12,+21.0%,+3.26%,0.5163,37,✓ Yes,completed
4,590,569,02-12,+19.3%,+3.01%,0.5150,42,✓ Yes,completed
4,590,573,02-12,+18.2%,+2.84%,0.5142,43,✓ Yes,completed
4,590,576,02-12,+16.6%,+2.67%,0.5133,47,✓ Yes,completed
4,590,580,02-12,+15.5%,+2.53%,0.5127,49,✓ Yes,completed
4,590,583,02-12,+14.5%,+2.35%,0.5118,54,✓ Yes,completed
4,590,586,02-12,+13.4%,+2.31%,0.5116,59,✓ Yes,completed
4,590,590,02-12,+12.8%,+2.13%,0.5106,61,✓ Yes,completed
4,593,545,02-12,+20.7%,+3.18%,0.5159,31,✓ Yes,completed
4,593,549,02-12,+20.6%,+3.17%,0.5158,31,✓ Yes,completed
4,593,552,02-12,+20.0%,+3.02%,0.5151,32,✓ Yes,completed
4,593,556,02-12,+19.8%,+3.00%,0.5150,33,✓ Yes,completed
4,593,559,02-12,+19.3%,+2.98%,0.5149,33,✓ Yes,completed
4,593,562,02-12,+18.7%,+2.96%,0.5148,34,✓ Yes,completed
4,593,566,02-12,+18.5%,+2.90%,0.5145,34,✓ Yes,completed
4,593,569,02-12,+17.1%,+2.79%,0.5139,38,✓ Yes,completed
4,593,573,02-12,+16.2%,+2.54%,0.5127,38,✓ Yes,completed
4,593,576,02-12,+14.9%,+2.49%,0.5124,41,✓ Yes,completed
4,593,580,02-12,+14.0%,+2.36%,0.5118,42,✓ Yes,completed
4,593,583,02-12,+12.8%,+2.17%,0.5108,45,✓ Yes,completed
4,593,586,02-12,+11.8%,+1.99%,0.5099,49,✓ Yes,completed
4,593,590,02-12,+11.2%,+1.82%,0.5091,50,✓ Yes,completed
4,593,593,02-12,+10.5%,+1.57%,0.5079,51,✓ Yes,completed
4,561,545,02-14,+25.0%,+57.13%,0.7857,29,✗ No,budget_exceeded
4,561,549,02-14,+25.0%,+56.89%,0.7844,29,✗ No,budget_exceeded
4,561,553,02-14,+25.0%,+47.06%,0.7353,35,✗ No,budget_exceeded
4,561,557,02-14,+25.0%,+45.53%,0.7277,38,✗ No,budget_exceeded
4,561,561,02-14,+25.0%,+43.08%,0.7154,45,✗ No,budget_exceeded
4,565,545,02-14,+25.0%,+53.73%,0.7687,30,✗ No,budget_exceeded
4,565,549,02-14,+25.0%,+53.32%,0.7666,31,✗ No,budget_exceeded
4,565,553,02-14,+25.0%,+45.45%,0.7272,36,✗ No,budget_exceeded
4,565,557,02-14,+25.0%,+45.19%,0.7260,37,✗ No,budget_exceeded
4,565,561,02-14,+25.0%,+41.25%,0.7063,43,✗ No,budget_exceeded
4,565,565,02-14,+25.0%,+36.10%,0.6805,51,✗ No,budget_exceeded
4,568,545,02-14,+25.0%,+45.26%,0.7263,33,✗ No,budget_exceeded
4,568,549,02-14,+25.0%,+45.10%,0.7255,33,✗ No,budget_exceeded
4,568,553,02-14,+25.0%,+43.09%,0.7155,35,✗ No,budget_exceeded
4,568,557,02-14,+25.0%,+41.17%,0.7059,38,✗ No,budget_exceeded
4,568,561,02-14,+25.0%,+32.85%,0.6642,44,✗ No,budget_exceeded
4,568,564,02-14,+25.0%,+30.74%,0.6537,50,✗ No,budget_exceeded
4,568,568,02-14,+25.0%,+27.25%,0.6362,55,✗ No,budget_exceeded
4,572,545,02-14,+25.0%,+41.41%,0.7070,34,✗ No,budget_exceeded
4,572,549,02-14,+25.0%,+41.24%,0.7062,34,✗ No,budget_exceeded
4,572,553,02-14,+25.0%,+36.03%,0.6802,36,✗ No,budget_exceeded
4,572,557,02-14,+25.0%,+34.08%,0.6704,40,✗ No,budget_exceeded
4,572,560,02-14,+25.0%,+29.21%,0.6461,45,✗ No,budget_exceeded
4,572,564,02-14,+25.0%,+27.51%,0.6376,50,✗ No,budget_exceeded
4,572,568,02-14,+25.0%,+4.26%,0.5213,58,✗ No,budget_exceeded
4,572,572,02-14,+24.5%,+3.81%,0.5190,60,✓ Yes,completed
4,575,545,02-14,+25.0%,+36.19%,0.6809,33,✗ No,budget_exceeded
4,575,549,02-14,+25.0%,+36.02%,0.6801,33,✗ No,budget_exceeded
4,575,553,02-14,+25.0%,+32.75%,0.6638,36,✗ No,budget_exceeded
4,575,557,02-14,+25.0%,+30.58%,0.6529,38,✗ No,budget_exceeded
4,575,560,02-14,+25.0%,+27.27%,0.6363,42,✗ No,budget_exceeded
4,575,564,02-14,+25.0%,+8.93%,0.5446,48,✗ No,budget_exceeded
4,575,568,02-14,+24.5%,+3.83%,0.5191,50,✓ Yes,completed
4,575,572,02-14,+23.5%,+3.69%,0.5184,54,✓ Yes,completed
4,575,575,02-14,+21.8%,+3.49%,0.5175,65,✓ Yes,completed
4,579,545,02-14,+25.0%,+30.88%,0.6544,35,✗ No,budget_exceeded
4,579,549,02-14,+25.0%,+30.71%,0.6536,35,✗ No,budget_exceeded
4,579,553,02-14,+25.0%,+28.76%,0.6438,37,✗ No,budget_exceeded
4,579,557,02-14,+25.0%,+27.07%,0.6354,39,✗ No,budget_exceeded
4,579,560,02-14,+24.3%,+3.83%,0.5191,41,✓ Yes,completed
4,579,564,02-14,+23.6%,+3.71%,0.5185,42,✓ Yes,completed
4,579,568,02-14,+23.1%,+3.71%,0.5186,44,✓ Yes,completed
4,579,572,02-14,+22.1%,+3.60%,0.5180,48,✓ Yes,completed
4,579,575,02-14,+20.4%,+3.41%,0.5170,57,✓ Yes,completed
4,579,579,02-14,+19.0%,+3.29%,0.5165,64,✓ Yes,completed
4,583,545,02-14,+25.0%,+3.98%,0.5199,34,✗ No,budget_exceeded
4,583,549,02-14,+25.0%,+3.90%,0.5195,34,✗ No,budget_exceeded
4,583,552,02-14,+24.0%,+3.76%,0.5188,34,✓ Yes,completed
4,583,555,02-14,+23.8%,+3.71%,0.5186,35,✓ Yes,completed
4,583,559,02-14,+23.2%,+3.70%,0.5185,35,✓ Yes,completed
4,583,562,02-14,+22.5%,+3.72%,0.5186,36,✓ Yes,completed
4,583,566,02-14,+22.0%,+3.59%,0.5180,37,✓ Yes,completed
4,583,569,02-14,+21.1%,+3.50%,0.5175,42,✓ Yes,completed
4,583,572,02-14,+20.2%,+3.39%,0.5170,45,✓ Yes,completed
4,583,576,02-14,+19.0%,+3.33%,0.5167,50,✓ Yes,completed
4,583,579,02-14,+17.5%,+3.16%,0.5158,54,✓ Yes,completed
4,583,583,02-14,+16.8%,+3.07%,0.5154,61,✓ Yes,completed
4,586,545,02-14,+23.4%,+3.64%,0.5182,32,✓ Yes,completed
4,586,549,02-14,+23.3%,+3.65%,0.5182,32,✓ Yes,completed
4,586,552,02-14,+22.7%,+3.68%,0.5184,33,✓ Yes,completed
4,586,556,02-14,+22.5%,+3.66%,0.5183,34,✓ Yes,completed
4,586,559,02-14,+21.9%,+3.54%,0.5177,34,✓ Yes,completed
4,586,562,02-14,+21.2%,+3.49%,0.5174,35,✓ Yes,completed
4,586,566,02-14,+20.7%,+3.49%,0.5174,36,✓ Yes,completed
4,586,569,02-14,+19.3%,+3.33%,0.5167,40,✓ Yes,completed
4,586,573,02-14,+18.5%,+3.28%,0.5164,43,✓ Yes,completed
4,586,576,02-14,+17.2%,+3.17%,0.5158,46,✓ Yes,completed
4,586,579,02-14,+15.6%,+2.90%,0.5145,50,✓ Yes,completed
4,586,583,02-14,+15.0%,+2.85%,0.5142,54,✓ Yes,completed
4,586,586,02-14,+13.8%,+2.64%,0.5132,60,✓ Yes,completed
4,590,545,02-14,+22.2%,+3.56%,0.5178,31,✓ Yes,completed
4,590,549,02-14,+22.1%,+3.54%,0.5177,31,✓ Yes,completed
4,590,552,02-14,+21.5%,+3.45%,0.5173,32,✓ Yes,completed
4,590,556,02-14,+21.3%,+3.45%,0.5172,33,✓ Yes,completed
4,590,559,02-14,+20.8%,+3.46%,0.5173,33,✓ Yes,completed
4,590,562,02-14,+20.1%,+3.32%,0.5166,34,✓ Yes,completed
4,590,566,02-14,+19.5%,+3.32%,0.5166,35,✓ Yes,completed
4,590,569,02-14,+18.0%,+3.17%,0.5159,39,✓ Yes,completed
4,590,573,02-14,+17.1%,+3.15%,0.5158,40,✓ Yes,completed
4,590,576,02-14,+15.5%,+2.89%,0.5145,44,✓ Yes,completed
4,590,580,02-14,+14.4%,+2.69%,0.5135,46,✓ Yes,completed
4,590,583,02-14,+13.8%,+2.67%,0.5133,50,✓ Yes,completed
4,590,586,02-14,+12.6%,+2.40%,0.5120,55,✓ Yes,completed
4,590,590,02-14,+12.1%,+2.35%,0.5118,57,✓ Yes,completed
4,593,545,02-14,+19.2%,+3.25%,0.5162,29,✓ Yes,completed
4,593,549,02-14,+19.1%,+3.25%,0.5163,29,✓ Yes,completed
4,593,552,02-14,+18.5%,+3.22%,0.5161,30,✓ Yes,completed
4,593,556,02-14,+18.4%,+3.19%,0.5159,31,✓ Yes,completed
4,593,559,02-14,+17.8%,+3.14%,0.5157,31,✓ Yes,completed
4,593,562,02-14,+17.3%,+3.14%,0.5157,32,✓ Yes,completed
4,593,566,02-14,+17.1%,+3.14%,0.5157,32,✓ Yes,completed
4,593,569,02-14,+15.9%,+2.91%,0.5146,35,✓ Yes,completed
4,593,573,02-14,+15.1%,+2.89%,0.5144,35,✓ Yes,completed
4,593,576,02-14,+13.9%,+2.68%,0.5134,38,✓ Yes,completed
4,593,580,02-14,+13.0%,+2.58%,0.5129,39,✓ Yes,completed
4,593,583,02-14,+12.2%,+2.40%,0.5120,41,✓ Yes,completed
4,593,586,02-14,+11.2%,+2.32%,0.5116,45,✓ Yes,completed
4,593,590,02-14,+10.5%,+2.19%,0.5109,46,✓ Yes,completed
4,593,593,02-14,+9.9%,+2.19%,0.5109,47,✓ Yes,completed
4,561,545,02-16,+25.0%,+49.12%,0.7456,32,✗ No,budget_exceeded
4,561,549,02-16,+25.0%,+48.96%,0.7448,32,✗ No,budget_exceeded
4,561,553,02-16,+25.0%,+46.69%,0.7334,35,✗ No,budget_exceeded
4,561,557,02-16,+25.0%,+44.85%,0.7242,38,✗ No,budget_exceeded
4,561,561,02-16,+25.0%,+38.25%,0.6912,46,✗ No,budget_exceeded
4,565,545,02-16,+25.0%,+48.61%,0.7431,32,✗ No,budget_exceeded
4,565,549,02-16,+25.0%,+48.44%,0.7422,32,✗ No,budget_exceeded
4,565,553,02-16,+25.0%,+44.76%,0.7238,36,✗ No,budget_exceeded
4,565,557,02-16,+25.0%,+43.31%,0.7166,38,✗ No,budget_exceeded
4,565,561,02-16,+25.0%,+37.66%,0.6883,45,✗ No,budget_exceeded
4,565,565,02-16,+25.0%,+35.96%,0.6798,53,✗ No,budget_exceeded
4,568,545,02-16,+25.0%,+46.59%,0.7329,33,✗ No,budget_exceeded
4,568,549,02-16,+25.0%,+45.01%,0.7250,34,✗ No,budget_exceeded
4,568,553,02-16,+25.0%,+39.87%,0.6994,36,✗ No,budget_exceeded
4,568,557,02-16,+25.0%,+37.92%,0.6896,40,✗ No,budget_exceeded
4,568,561,02-16,+25.0%,+34.32%,0.6716,44,✗ No,budget_exceeded
4,568,564,02-16,+25.0%,+32.17%,0.6608,50,✗ No,budget_exceeded
4,568,568,02-16,+25.0%,+29.03%,0.6451,56,✗ No,budget_exceeded
4,572,545,02-16,+25.0%,+38.24%,0.6912,35,✗ No,budget_exceeded
4,572,549,02-16,+25.0%,+38.07%,0.6904,35,✗ No,budget_exceeded
4,572,553,02-16,+25.0%,+36.41%,0.6820,37,✗ No,budget_exceeded
4,572,557,02-16,+25.0%,+34.40%,0.6720,41,✗ No,budget_exceeded
4,572,560,02-16,+25.0%,+30.99%,0.6550,45,✗ No,budget_exceeded
4,572,564,02-16,+25.0%,+29.21%,0.6461,50,✗ No,budget_exceeded
4,572,568,02-16,+25.0%,+5.83%,0.5292,58,✗ No,budget_exceeded
4,572,572,02-16,+24.7%,+3.58%,0.5179,63,✓ Yes,completed
4,575,545,02-16,+25.0%,+36.31%,0.6815,34,✗ No,budget_exceeded
4,575,549,02-16,+25.0%,+36.14%,0.6807,34,✗ No,budget_exceeded
4,575,553,02-16,+25.0%,+34.05%,0.6703,36,✗ No,budget_exceeded
4,575,557,02-16,+25.0%,+31.16%,0.6558,39,✗ No,budget_exceeded
4,575,560,02-16,+25.0%,+12.44%,0.5622,44,✗ No,budget_exceeded
4,575,564,02-16,+25.0%,+5.85%,0.5292,49,✗ No,budget_exceeded
4,575,568,02-16,+24.8%,+3.61%,0.5180,52,✓ Yes,completed
4,575,572,02-16,+23.8%,+3.53%,0.5176,57,✓ Yes,completed
4,575,575,02-16,+21.7%,+3.42%,0.5171,65,✓ Yes,completed
4,579,545,02-16,+25.0%,+32.56%,0.6628,35,✗ No,budget_exceeded
4,579,549,02-16,+25.0%,+32.39%,0.6620,35,✗ No,budget_exceeded
4,579,553,02-16,+25.0%,+30.71%,0.6536,37,✗ No,budget_exceeded
4,579,557,02-16,+25.0%,+7.51%,0.5376,39,✗ No,budget_exceeded
4,579,560,02-16,+24.8%,+3.61%,0.5181,42,✓ Yes,completed
4,579,564,02-16,+24.1%,+3.60%,0.5180,43,✓ Yes,completed
4,579,568,02-16,+23.5%,+3.53%,0.5177,46,✓ Yes,completed
4,579,572,02-16,+22.1%,+3.52%,0.5176,49,✓ Yes,completed
4,579,575,02-16,+19.8%,+3.38%,0.5169,56,✓ Yes,completed
4,579,579,02-16,+18.5%,+3.29%,0.5165,62,✓ Yes,completed
4,583,545,02-16,+25.0%,+5.89%,0.5295,34,✗ No,budget_exceeded
4,583,549,02-16,+25.0%,+5.56%,0.5278,34,✗ No,budget_exceeded
4,583,552,02-16,+24.5%,+3.60%,0.5180,35,✓ Yes,completed
4,583,555,02-16,+24.3%,+3.61%,0.5180,36,✓ Yes,completed
4,583,559,02-16,+23.8%,+3.54%,0.5177,36,✓ Yes,completed
4,583,562,02-16,+22.5%,+3.61%,0.5180,36,✓ Yes,completed
4,583,566,02-16,+21.9%,+3.50%,0.5175,37,✓ Yes,completed
4,583,569,02-16,+20.6%,+3.55%,0.5177,41,✓ Yes,completed
4,583,572,02-16,+19.7%,+3.40%,0.5170,44,✓ Yes,completed
4,583,576,02-16,+18.5%,+3.31%,0.5165,49,✓ Yes,completed
4,583,579,02-16,+17.1%,+3.17%,0.5159,52,✓ Yes,completed
4,583,583,02-16,+16.4%,+2.99%,0.5149,59,✓ Yes,completed
4,586,545,02-16,+24.1%,+3.54%,0.5177,33,✓ Yes,completed
4,586,549,02-16,+23.8%,+3.50%,0.5175,33,✓ Yes,completed
4,586,552,02-16,+22.7%,+3.56%,0.5178,33,✓ Yes,completed
4,586,556,02-16,+22.5%,+3.57%,0.5178,34,✓ Yes,completed
4,586,559,02-16,+21.9%,+3.47%,0.5173,34,✓ Yes,completed
4,586,562,02-16,+20.7%,+3.54%,0.5177,34,✓ Yes,completed
4,586,566,02-16,+20.1%,+3.45%,0.5172,35,✓ Yes,completed
4,586,569,02-16,+18.8%,+3.40%,0.5170,39,✓ Yes,completed
4,586,573,02-16,+18.1%,+3.22%,0.5161,42,✓ Yes,completed
4,586,576,02-16,+16.8%,+3.12%,0.5156,45,✓ Yes,completed
4,586,579,02-16,+15.4%,+3.00%,0.5150,48,✓ Yes,completed
4,586,583,02-16,+14.8%,+2.91%,0.5146,52,✓ Yes,completed
4,586,586,02-16,+13.5%,+2.79%,0.5139,58,✓ Yes,completed
4,590,545,02-16,+22.5%,+3.51%,0.5176,31,✓ Yes,completed
4,590,549,02-16,+22.1%,+3.47%,0.5173,31,✓ Yes,completed
4,590,552,02-16,+21.5%,+3.42%,0.5171,32,✓ Yes,completed
4,590,556,02-16,+20.8%,+3.50%,0.5175,32,✓ Yes,completed
4,590,559,02-16,+20.2%,+3.43%,0.5171,32,✓ Yes,completed
4,590,562,02-16,+19.5%,+3.38%,0.5169,33,✓ Yes,completed
4,590,566,02-16,+19.0%,+3.40%,0.5170,34,✓ Yes,completed
4,590,569,02-16,+17.5%,+3.17%,0.5158,38,✓ Yes,completed
4,590,573,02-16,+16.6%,+3.08%,0.5154,39,✓ Yes,completed
4,590,576,02-16,+15.1%,+2.99%,0.5150,43,✓ Yes,completed
4,590,580,02-16,+14.1%,+2.84%,0.5142,44,✓ Yes,completed
4,590,583,02-16,+13.5%,+2.82%,0.5141,48,✓ Yes,completed
4,590,586,02-16,+12.4%,+2.56%,0.5128,53,✓ Yes,completed
4,590,590,02-16,+11.8%,+2.51%,0.5126,55,✓ Yes,completed
4,593,545,02-16,+19.0%,+3.33%,0.5166,28,✓ Yes,completed
4,593,549,02-16,+18.9%,+3.33%,0.5167,28,✓ Yes,completed
4,593,552,02-16,+18.3%,+3.21%,0.5161,29,✓ Yes,completed
4,593,556,02-16,+18.1%,+3.18%,0.5159,30,✓ Yes,completed
4,593,559,02-16,+17.6%,+3.15%,0.5157,30,✓ Yes,completed
4,593,562,02-16,+17.1%,+3.16%,0.5158,31,✓ Yes,completed
4,593,566,02-16,+16.8%,+3.13%,0.5156,31,✓ Yes,completed
4,593,569,02-16,+15.8%,+3.00%,0.5150,34,✓ Yes,completed
4,593,573,02-16,+15.0%,+2.98%,0.5149,34,✓ Yes,completed
4,593,576,02-16,+13.8%,+2.83%,0.5142,37,✓ Yes,completed
4,593,580,02-16,+12.8%,+2.70%,0.5135,38,✓ Yes,completed
4,593,583,02-16,+12.0%,+2.56%,0.5128,40,✓ Yes,completed
4,593,586,02-16,+11.0%,+2.41%,0.5120,44,✓ Yes,completed
4,593,590,02-16,+10.4%,+2.31%,0.5115,45,✓ Yes,completed
4,593,593,02-16,+9.8%,+2.29%,0.5115,46,✓ Yes,completed
4,561,545,02-18,+25.0%,+41.44%,0.7072,35,✗ No,budget_exceeded
4,561,549,02-18,+25.0%,+41.35%,0.7068,35,✗ No,budget_exceeded
4,561,553,02-18,+25.0%,+39.58%,0.6979,39,✗ No,budget_exceeded
4,561,557,02-18,+25.0%,+37.72%,0.6886,44,✗ No,budget_exceeded
4,561,561,02-18,+25.0%,+35.55%,0.6777,51,✗ No,budget_exceeded
4,565,545,02-18,+25.0%,+40.83%,0.7042,35,✗ No,budget_exceeded
4,565,549,02-18,+25.0%,+40.75%,0.7038,35,✗ No,budget_exceeded
4,565,553,02-18,+25.0%,+37.64%,0.6882,40,✗ No,budget_exceeded
4,565,557,02-18,+25.0%,+37.30%,0.6865,42,✗ No,budget_exceeded
4,565,561,02-18,+25.0%,+34.28%,0.6714,48,✗ No,budget_exceeded
4,565,565,02-18,+25.0%,+33.58%,0.6679,53,✗ No,budget_exceeded
4,568,545,02-18,+25.0%,+39.06%,0.6953,35,✗ No,budget_exceeded
4,568,549,02-18,+25.0%,+37.81%,0.6890,36,✗ No,budget_exceeded
4,568,553,02-18,+25.0%,+37.13%,0.6856,37,✗ No,budget_exceeded
4,568,557,02-18,+25.0%,+35.31%,0.6765,41,✗ No,budget_exceeded
4,568,561,02-18,+25.0%,+31.99%,0.6599,46,✗ No,budget_exceeded
4,568,564,02-18,+25.0%,+10.15%,0.5507,54,✗ No,budget_exceeded
4,568,568,02-18,+25.0%,+4.50%,0.5225,61,✗ No,budget_exceeded
4,572,545,02-18,+25.0%,+35.55%,0.6777,36,✗ No,budget_exceeded
4,572,549,02-18,+25.0%,+35.46%,0.6773,36,✗ No,budget_exceeded
4,572,553,02-18,+25.0%,+33.85%,0.6693,38,✗ No,budget_exceeded
4,572,557,02-18,+25.0%,+32.15%,0.6607,42,✗ No,budget_exceeded
4,572,560,02-18,+25.0%,+8.38%,0.5419,49,✗ No,budget_exceeded
4,572,564,02-18,+24.9%,+2.77%,0.5138,55,✓ Yes,completed
4,572,568,02-18,+24.0%,+2.72%,0.5136,58,✓ Yes,completed
4,572,572,02-18,+23.1%,+2.70%,0.5135,60,✓ Yes,completed
4,575,545,02-18,+25.0%,+33.58%,0.6679,35,✗ No,budget_exceeded
4,575,549,02-18,+25.0%,+33.49%,0.6675,35,✗ No,budget_exceeded
4,575,553,02-18,+25.0%,+10.41%,0.5520,40,✗ No,budget_exceeded
4,575,557,02-18,+25.0%,+8.47%,0.5423,42,✗ No,budget_exceeded
4,575,560,02-18,+24.5%,+2.79%,0.5140,47,✓ Yes,completed
4,575,564,02-18,+23.8%,+2.72%,0.5136,49,✓ Yes,completed
4,575,568,02-18,+23.1%,+2.73%,0.5137,49,✓ Yes,completed
4,575,572,02-18,+22.1%,+2.69%,0.5134,53,✓ Yes,completed
4,575,575,02-18,+20.7%,+2.63%,0.5132,62,✓ Yes,completed
4,579,545,02-18,+25.0%,+9.95%,0.5498,35,✗ No,budget_exceeded
4,579,549,02-18,+25.0%,+8.70%,0.5435,36,✗ No,budget_exceeded
4,579,553,02-18,+25.0%,+4.50%,0.5225,39,✗ No,budget_exceeded
4,579,557,02-18,+24.5%,+2.78%,0.5139,41,✓ Yes,completed
4,579,560,02-18,+23.0%,+2.74%,0.5137,41,✓ Yes,completed
4,579,564,02-18,+22.2%,+2.74%,0.5137,41,✓ Yes,completed
4,579,568,02-18,+21.8%,+2.65%,0.5132,43,✓ Yes,completed
4,579,572,02-18,+20.9%,+2.66%,0.5133,48,✓ Yes,completed
4,579,575,02-18,+19.5%,+2.55%,0.5128,56,✓ Yes,completed
4,579,579,02-18,+17.7%,+2.48%,0.5124,60,✓ Yes,completed
4,583,545,02-18,+24.1%,+2.73%,0.5136,33,✓ Yes,completed
4,583,549,02-18,+23.8%,+2.69%,0.5134,33,✓ Yes,completed
4,583,552,02-18,+22.8%,+2.74%,0.5137,33,✓ Yes,completed
4,583,555,02-18,+22.5%,+2.76%,0.5138,34,✓ Yes,completed
4,583,559,02-18,+22.0%,+2.68%,0.5134,34,✓ Yes,completed
4,583,562,02-18,+21.1%,+2.67%,0.5133,35,✓ Yes,completed
4,583,566,02-18,+20.8%,+2.69%,0.5134,35,✓ Yes,completed
4,583,569,02-18,+19.9%,+2.57%,0.5128,42,✓ Yes,completed
4,583,572,02-18,+18.8%,+2.64%,0.5132,42,✓ Yes,completed
4,583,576,02-18,+17.5%,+2.53%,0.5127,46,✓ Yes,completed
4,583,579,02-18,+16.1%,+2.42%,0.5121,48,✓ Yes,completed
4,583,583,02-18,+15.3%,+2.40%,0.5120,55,✓ Yes,completed
4,586,545,02-18,+22.4%,+2.71%,0.5135,31,✓ Yes,completed
4,586,549,02-18,+22.1%,+2.65%,0.5133,31,✓ Yes,completed
4,586,552,02-18,+21.5%,+2.60%,0.5130,32,✓ Yes,completed
4,586,556,02-18,+21.3%,+2.62%,0.5131,33,✓ Yes,completed
4,586,559,02-18,+20.8%,+2.65%,0.5133,33,✓ Yes,completed
4,586,562,02-18,+19.9%,+2.56%,0.5128,34,✓ Yes,completed
4,586,566,02-18,+19.6%,+2.58%,0.5129,34,✓ Yes,completed
4,586,569,02-18,+17.8%,+2.51%,0.5125,38,✓ Yes,completed
4,586,573,02-18,+16.8%,+2.56%,0.5128,38,✓ Yes,completed
4,586,576,02-18,+15.8%,+2.42%,0.5121,41,✓ Yes,completed
4,586,579,02-18,+14.4%,+2.23%,0.5112,44,✓ Yes,completed
4,586,583,02-18,+13.8%,+2.16%,0.5108,48,✓ Yes,completed
4,586,586,02-18,+12.6%,+1.97%,0.5099,54,✓ Yes,completed
4,590,545,02-18,+21.2%,+2.57%,0.5128,30,✓ Yes,completed
4,590,549,02-18,+20.9%,+2.59%,0.5130,30,✓ Yes,completed
4,590,552,02-18,+20.4%,+2.58%,0.5129,31,✓ Yes,completed
4,590,556,02-18,+20.1%,+2.54%,0.5127,32,✓ Yes,completed
4,590,559,02-18,+19.1%,+2.59%,0.5129,31,✓ Yes,completed
4,590,562,02-18,+18.4%,+2.54%,0.5127,32,✓ Yes,completed
4,590,566,02-18,+18.1%,+2.49%,0.5124,32,✓ Yes,completed
4,590,569,02-18,+16.1%,+2.42%,0.5121,35,✓ Yes,completed
4,590,573,02-18,+15.4%,+2.43%,0.5121,35,✓ Yes,completed
4,590,576,02-18,+14.1%,+2.19%,0.5110,39,✓ Yes,completed
4,590,580,02-18,+13.1%,+2.15%,0.5107,40,✓ Yes,completed
4,590,583,02-18,+12.5%,+1.99%,0.5100,44,✓ Yes,completed
4,590,586,02-18,+11.5%,+1.97%,0.5099,49,✓ Yes,completed
4,590,590,02-18,+11.1%,+1.89%,0.5094,50,✓ Yes,completed
4,593,545,02-18,+18.4%,+2.47%,0.5124,27,✓ Yes,completed
4,593,549,02-18,+18.1%,+2.43%,0.5121,27,✓ Yes,completed
4,593,552,02-18,+17.0%,+2.52%,0.5126,27,✓ Yes,completed
4,593,556,02-18,+16.8%,+2.51%,0.5125,28,✓ Yes,completed
4,593,559,02-18,+16.3%,+2.40%,0.5120,28,✓ Yes,completed
4,593,562,02-18,+15.8%,+2.40%,0.5120,29,✓ Yes,completed
4,593,566,02-18,+15.5%,+2.42%,0.5121,29,✓ Yes,completed
4,593,569,02-18,+14.5%,+2.24%,0.5112,32,✓ Yes,completed
4,593,573,02-18,+14.0%,+2.19%,0.5110,32,✓ Yes,completed
4,593,576,02-18,+12.9%,+2.08%,0.5104,35,✓ Yes,completed
4,593,580,02-18,+12.0%,+2.01%,0.5101,36,✓ Yes,completed
4,593,583,02-18,+11.2%,+1.94%,0.5097,38,✓ Yes,completed
4,593,586,02-18,+10.2%,+1.81%,0.5091,42,✓ Yes,completed
4,593,590,02-18,+9.9%,+1.80%,0.5090,42,✓ Yes,completed
4,593,593,02-18,+9.5%,+1.75%,0.5087,43,✓ Yes,completed
4,561,545,02-20,+25.0%,+39.27%,0.6963,37,✗ No,budget_exceeded
4,561,549,02-20,+25.0%,+39.18%,0.6959,37,✗ No,budget_exceeded
4,561,553,02-20,+25.0%,+37.47%,0.6874,40,✗ No,budget_exceeded
4,561,557,02-20,+25.0%,+36.86%,0.6843,44,✗ No,budget_exceeded
4,561,561,02-20,+25.0%,+15.32%,0.5766,56,✗ No,budget_exceeded
4,565,545,02-20,+25.0%,+38.75%,0.6937,37,✗ No,budget_exceeded
4,565,549,02-20,+25.0%,+37.81%,0.6890,38,✗ No,budget_exceeded
4,565,553,02-20,+25.0%,+36.86%,0.6843,40,✗ No,budget_exceeded
4,565,557,02-20,+25.0%,+35.67%,0.6783,43,✗ No,budget_exceeded
4,565,561,02-20,+25.0%,+13.66%,0.5683,53,✗ No,budget_exceeded
4,565,565,02-20,+25.0%,+11.77%,0.5589,61,✗ No,budget_exceeded
4,568,545,02-20,+25.0%,+36.94%,0.6847,36,✗ No,budget_exceeded
4,568,549,02-20,+25.0%,+36.85%,0.6843,36,✗ No,budget_exceeded
4,568,553,02-20,+25.0%,+35.24%,0.6762,38,✗ No,budget_exceeded
4,568,557,02-20,+25.0%,+13.50%,0.5675,44,✗ No,budget_exceeded
4,568,561,02-20,+25.0%,+4.44%,0.5222,54,✗ No,budget_exceeded
4,568,564,02-20,+24.2%,+2.34%,0.5117,59,✓ Yes,completed
4,568,568,02-20,+23.4%,+2.17%,0.5109,62,✓ Yes,completed
4,572,545,02-20,+25.0%,+18.65%,0.5933,38,✗ No,budget_exceeded
4,572,549,02-20,+25.0%,+13.57%,0.5679,39,✗ No,budget_exceeded
4,572,553,02-20,+25.0%,+11.71%,0.5585,41,✗ No,budget_exceeded
4,572,557,02-20,+25.0%,+7.55%,0.5378,47,✗ No,budget_exceeded
4,572,560,02-20,+23.5%,+2.20%,0.5110,51,✓ Yes,completed
4,572,564,02-20,+22.8%,+2.23%,0.5111,53,✓ Yes,completed
4,572,568,02-20,+22.0%,+2.15%,0.5107,56,✓ Yes,completed
4,572,572,02-20,+21.5%,+2.11%,0.5106,60,✓ Yes,completed
4,575,545,02-20,+25.0%,+11.59%,0.5580,38,✗ No,budget_exceeded
4,575,549,02-20,+25.0%,+7.62%,0.5381,40,✗ No,budget_exceeded
4,575,553,02-20,+24.5%,+2.37%,0.5119,42,✓ Yes,completed
4,575,557,02-20,+23.8%,+2.23%,0.5111,44,✓ Yes,completed
4,575,560,02-20,+22.5%,+2.25%,0.5112,45,✓ Yes,completed
4,575,564,02-20,+21.8%,+2.14%,0.5107,47,✓ Yes,completed
4,575,568,02-20,+21.3%,+2.15%,0.5107,49,✓ Yes,completed
4,575,572,02-20,+20.6%,+2.14%,0.5107,54,✓ Yes,completed
4,575,575,02-20,+18.8%,+2.10%,0.5105,59,✓ Yes,completed
4,579,545,02-20,+24.4%,+2.34%,0.5117,36,✓ Yes,completed
4,579,549,02-20,+24.1%,+2.29%,0.5114,36,✓ Yes,completed
4,579,553,02-20,+23.3%,+2.19%,0.5109,37,✓ Yes,completed
4,579,557,02-20,+22.5%,+2.24%,0.5112,39,✓ Yes,completed
4,579,560,02-20,+21.3%,+2.15%,0.5108,41,✓ Yes,completed
4,579,564,02-20,+20.6%,+2.16%,0.5108,42,✓ Yes,completed
4,579,568,02-20,+20.1%,+2.09%,0.5105,44,✓ Yes,completed
4,579,572,02-20,+19.1%,+2.12%,0.5106,46,✓ Yes,completed
4,579,575,02-20,+17.8%,+1.97%,0.5099,53,✓ Yes,completed
4,579,579,02-20,+16.6%,+1.93%,0.5097,60,✓ Yes,completed
4,583,545,02-20,+22.1%,+2.16%,0.5108,31,✓ Yes,completed
4,583,549,02-20,+21.8%,+2.11%,0.5106,31,✓ Yes,completed
4,583,552,02-20,+21.1%,+2.15%,0.5107,32,✓ Yes,completed
4,583,555,02-20,+20.9%,+2.16%,0.5108,33,✓ Yes,completed
4,583,559,02-20,+20.1%,+2.09%,0.5104,33,✓ Yes,completed
4,583,562,02-20,+19.1%,+2.13%,0.5106,33,✓ Yes,completed
4,583,566,02-20,+18.8%,+2.16%,0.5108,33,✓ Yes,completed
4,583,569,02-20,+18.0%,+2.00%,0.5100,40,✓ Yes,completed
4,583,572,02-20,+17.3%,+2.02%,0.5101,42,✓ Yes,completed
4,583,576,02-20,+16.5%,+1.94%,0.5097,46,✓ Yes,completed
4,583,579,02-20,+14.9%,+1.94%,0.5097,48,✓ Yes,completed
4,583,583,02-20,+14.1%,+1.81%,0.5090,55,✓ Yes,completed
4,586,545,02-20,+20.7%,+2.10%,0.5105,30,✓ Yes,completed
4,586,549,02-20,+20.4%,+2.08%,0.5104,30,✓ Yes,completed
4,586,552,02-20,+19.5%,+2.05%,0.5103,30,✓ Yes,completed
4,586,556,02-20,+19.3%,+2.08%,0.5104,31,✓ Yes,completed
4,586,559,02-20,+18.8%,+2.12%,0.5106,31,✓ Yes,completed
4,586,562,02-20,+17.9%,+1.99%,0.5100,32,✓ Yes,completed
4,586,566,02-20,+17.6%,+2.01%,0.5101,32,✓ Yes,completed
4,586,569,02-20,+16.2%,+1.91%,0.5096,38,✓ Yes,completed
4,586,573,02-20,+15.4%,+1.97%,0.5099,38,✓ Yes,completed
4,586,576,02-20,+14.5%,+1.85%,0.5092,40,✓ Yes,completed
4,586,579,02-20,+12.9%,+1.85%,0.5092,41,✓ Yes,completed
4,586,583,02-20,+12.3%,+1.74%,0.5087,45,✓ Yes,completed
4,586,586,02-20,+11.5%,+1.72%,0.5086,48,✓ Yes,completed
4,590,545,02-20,+19.2%,+2.03%,0.5101,28,✓ Yes,completed
4,590,549,02-20,+18.9%,+2.06%,0.5103,28,✓ Yes,completed
4,590,552,02-20,+18.4%,+2.01%,0.5100,29,✓ Yes,completed
4,590,556,02-20,+18.1%,+1.96%,0.5098,30,✓ Yes,completed
4,590,559,02-20,+17.6%,+1.97%,0.5098,30,✓ Yes,completed
4,590,562,02-20,+16.8%,+1.99%,0.5099,31,✓ Yes,completed
4,590,566,02-20,+16.5%,+1.94%,0.5097,31,✓ Yes,completed
4,590,569,02-20,+14.4%,+1.83%,0.5092,34,✓ Yes,completed
4,590,573,02-20,+13.5%,+1.90%,0.5095,33,✓ Yes,completed
4,590,576,02-20,+12.4%,+1.76%,0.5088,36,✓ Yes,completed
4,590,580,02-20,+11.7%,+1.76%,0.5088,37,✓ Yes,completed
4,590,583,02-20,+11.1%,+1.64%,0.5082,41,✓ Yes,completed
4,590,586,02-20,+10.4%,+1.51%,0.5075,43,✓ Yes,completed
4,590,590,02-20,+10.0%,+1.48%,0.5074,44,✓ Yes,completed
4,593,545,02-20,+17.0%,+1.94%,0.5097,26,✓ Yes,completed
4,593,549,02-20,+16.7%,+1.91%,0.5096,26,✓ Yes,completed
4,593,552,02-20,+16.1%,+1.85%,0.5093,27,✓ Yes,completed
4,593,556,02-20,+16.0%,+1.86%,0.5093,28,✓ Yes,completed
4,593,559,02-20,+14.9%,+1.92%,0.5096,27,✓ Yes,completed
4,593,562,02-20,+14.4%,+1.82%,0.5091,28,✓ Yes,completed
4,593,566,02-20,+14.1%,+1.84%,0.5092,28,✓ Yes,completed
4,593,569,02-20,+12.6%,+1.77%,0.5088,30,✓ Yes,completed
4,593,573,02-20,+12.2%,+1.75%,0.5088,30,✓ Yes,completed
4,593,576,02-20,+11.4%,+1.74%,0.5087,32,✓ Yes,completed
4,593,580,02-20,+10.7%,+1.57%,0.5078,33,✓ Yes,completed
4,593,583,02-20,+9.8%,+1.51%,0.5075,35,✓ Yes,completed
4,593,586,02-20,+9.4%,+1.44%,0.5072,36,✓ Yes,completed
4,593,590,02-20,+9.1%,+1.36%,0.5068,36,✓ Yes,completed
4,593,593,02-20,+8.6%,+1.31%,0.5065,37,✓ Yes,completed
4,561,545,02-22,+25.0%,+39.08%,0.6954,37,✗ No,budget_exceeded
4,561,549,02-22,+25.0%,+38.99%,0.6950,37,✗ No,budget_exceeded
4,561,553,02-22,+25.0%,+17.14%,0.5857,44,✗ No,budget_exceeded
4,561,557,02-22,+25.0%,+15.33%,0.5766,51,✗ No,budget_exceeded
4,561,561,02-22,+25.0%,+9.51%,0.5475,62,✗ No,budget_exceeded
4,565,545,02-22,+25.0%,+30.97%,0.6549,38,✗ No,budget_exceeded
4,565,549,02-22,+25.0%,+18.80%,0.5940,41,✗ No,budget_exceeded
4,565,553,02-22,+25.0%,+15.42%,0.5771,46,✗ No,budget_exceeded
4,565,557,02-22,+25.0%,+15.07%,0.5754,48,✗ No,budget_exceeded
4,565,561,02-22,+25.0%,+5.70%,0.5285,61,✗ No,budget_exceeded
4,565,565,02-22,+24.8%,+2.15%,0.5108,69,✓ Yes,completed
4,568,545,02-22,+25.0%,+16.60%,0.5830,38,✗ No,budget_exceeded
4,568,549,02-22,+25.0%,+15.07%,0.5753,40,✗ No,budget_exceeded
4,568,553,02-22,+25.0%,+10.99%,0.5549,43,✗ No,budget_exceeded
4,568,557,02-22,+25.0%,+4.24%,0.5212,52,✗ No,budget_exceeded
4,568,561,02-22,+23.8%,+2.03%,0.5102,56,✓ Yes,completed
4,568,564,02-22,+22.6%,+2.03%,0.5102,59,✓ Yes,completed
4,568,568,02-22,+21.8%,+1.88%,0.5094,62,✓ Yes,completed
4,572,545,02-22,+25.0%,+11.04%,0.5552,40,✗ No,budget_exceeded
4,572,549,02-22,+25.0%,+4.22%,0.5211,43,✗ No,budget_exceeded
4,572,553,02-22,+24.5%,+2.19%,0.5110,44,✓ Yes,completed
4,572,557,02-22,+23.6%,+2.01%,0.5100,48,✓ Yes,completed
4,572,560,02-22,+21.8%,+1.90%,0.5095,50,✓ Yes,completed
4,572,564,02-22,+21.1%,+1.93%,0.5096,52,✓ Yes,completed
4,572,568,02-22,+20.3%,+1.84%,0.5092,55,✓ Yes,completed
4,572,572,02-22,+19.8%,+1.73%,0.5086,59,✓ Yes,completed
4,575,545,02-22,+24.5%,+2.16%,0.5108,41,✓ Yes,completed
4,575,549,02-22,+23.9%,+2.05%,0.5103,41,✓ Yes,completed
4,575,553,02-22,+22.8%,+2.03%,0.5102,41,✓ Yes,completed
4,575,557,02-22,+22.0%,+1.93%,0.5097,43,✓ Yes,completed
4,575,560,02-22,+20.8%,+1.95%,0.5098,44,✓ Yes,completed
4,575,564,02-22,+20.1%,+1.79%,0.5090,46,✓ Yes,completed
4,575,568,02-22,+19.7%,+1.76%,0.5088,48,✓ Yes,completed
4,575,572,02-22,+18.9%,+1.79%,0.5089,52,✓ Yes,completed
4,575,575,02-22,+17.6%,+1.65%,0.5082,60,✓ Yes,completed
4,579,545,02-22,+22.7%,+2.01%,0.5101,35,✓ Yes,completed
4,579,549,02-22,+22.4%,+2.00%,0.5100,35,✓ Yes,completed
4,579,553,02-22,+21.6%,+1.88%,0.5094,36,✓ Yes,completed
4,579,557,02-22,+20.8%,+1.94%,0.5097,37,✓ Yes,completed
4,579,560,02-22,+19.6%,+1.77%,0.5088,39,✓ Yes,completed
4,579,564,02-22,+18.9%,+1.81%,0.5090,40,✓ Yes,completed
4,579,568,02-22,+18.5%,+1.76%,0.5088,42,✓ Yes,completed
4,579,572,02-22,+17.8%,+1.68%,0.5084,47,✓ Yes,completed
4,579,575,02-22,+16.5%,+1.61%,0.5080,54,✓ Yes,completed
4,579,579,02-22,+15.1%,+1.61%,0.5081,58,✓ Yes,completed
4,583,545,02-22,+20.5%,+1.87%,0.5094,29,✓ Yes,completed
4,583,549,02-22,+20.1%,+1.79%,0.5090,29,✓ Yes,completed
4,583,552,02-22,+19.5%,+1.77%,0.5088,30,✓ Yes,completed
4,583,555,02-22,+19.2%,+1.78%,0.5089,31,✓ Yes,completed
4,583,559,02-22,+18.5%,+1.75%,0.5087,31,✓ Yes,completed
4,583,562,02-22,+17.7%,+1.71%,0.5085,32,✓ Yes,completed
4,583,566,02-22,+17.5%,+1.72%,0.5086,32,✓ Yes,completed
4,583,569,02-22,+16.6%,+1.65%,0.5083,39,✓ Yes,completed
4,583,572,02-22,+15.8%,+1.63%,0.5082,40,✓ Yes,completed
4,583,576,02-22,+15.0%,+1.65%,0.5082,44,✓ Yes,completed
4,583,579,02-22,+13.8%,+1.51%,0.5076,48,✓ Yes,completed
4,583,583,02-22,+13.1%,+1.49%,0.5074,54,✓ Yes,completed
4,586,545,02-22,+19.5%,+1.73%,0.5086,28,✓ Yes,completed
4,586,549,02-22,+19.1%,+1.76%,0.5088,28,✓ Yes,completed
4,586,552,02-22,+18.6%,+1.75%,0.5087,29,✓ Yes,completed
4,586,556,02-22,+18.4%,+1.71%,0.5085,30,✓ Yes,completed
4,586,559,02-22,+17.6%,+1.68%,0.5084,30,✓ Yes,completed
4,586,562,02-22,+16.8%,+1.69%,0.5085,31,✓ Yes,completed
4,586,566,02-22,+16.6%,+1.66%,0.5083,31,✓ Yes,completed
4,586,569,02-22,+15.1%,+1.66%,0.5083,36,✓ Yes,completed
4,586,573,02-22,+14.6%,+1.57%,0.5078,38,✓ Yes,completed
4,586,576,02-22,+13.8%,+1.53%,0.5076,40,✓ Yes,completed
4,586,579,02-22,+12.5%,+1.42%,0.5071,43,✓ Yes,completed
4,586,583,02-22,+11.5%,+1.47%,0.5074,45,✓ Yes,completed
4,586,586,02-22,+10.7%,+1.31%,0.5066,48,✓ Yes,completed
4,590,545,02-22,+18.4%,+1.66%,0.5083,27,✓ Yes,completed
4,590,549,02-22,+18.1%,+1.62%,0.5081,27,✓ Yes,completed
4,590,552,02-22,+17.5%,+1.65%,0.5082,28,✓ Yes,completed
4,590,556,02-22,+17.3%,+1.66%,0.5083,29,✓ Yes,completed
4,590,559,02-22,+16.5%,+1.61%,0.5080,29,✓ Yes,completed
4,590,562,02-22,+15.7%,+1.63%,0.5081,29,✓ Yes,completed
4,590,566,02-22,+15.5%,+1.64%,0.5082,29,✓ Yes,completed
4,590,569,02-22,+13.7%,+1.52%,0.5076,34,✓ Yes,completed
4,590,573,02-22,+13.0%,+1.50%,0.5075,34,✓ Yes,completed
4,590,576,02-22,+11.6%,+1.48%,0.5074,35,✓ Yes,completed
4,590,580,02-22,+10.9%,+1.39%,0.5069,36,✓ Yes,completed
4,590,583,02-22,+10.3%,+1.35%,0.5067,40,✓ Yes,completed
4,590,586,02-22,+9.5%,+1.39%,0.5069,41,✓ Yes,completed
4,590,590,02-22,+9.2%,+1.30%,0.5065,42,✓ Yes,completed
4,593,545,02-22,+16.2%,+1.51%,0.5076,25,✓ Yes,completed
4,593,549,02-22,+15.6%,+1.57%,0.5079,24,✓ Yes,completed
4,593,552,02-22,+15.1%,+1.61%,0.5081,25,✓ Yes,completed
4,593,556,02-22,+14.9%,+1.60%,0.5080,26,✓ Yes,completed
4,593,559,02-22,+14.4%,+1.49%,0.5075,26,✓ Yes,completed
4,593,562,02-22,+13.8%,+1.52%,0.5076,27,✓ Yes,completed
4,593,566,02-22,+13.6%,+1.53%,0.5076,27,✓ Yes,completed
4,593,569,02-22,+12.2%,+1.43%,0.5071,31,✓ Yes,completed
4,593,573,02-22,+11.5%,+1.49%,0.5075,29,✓ Yes,completed
4,593,576,02-22,+10.7%,+1.35%,0.5067,31,✓ Yes,completed
4,593,580,02-22,+9.8%,+1.41%,0.5071,31,✓ Yes,completed
4,593,583,02-22,+9.1%,+1.30%,0.5065,33,✓ Yes,completed
4,593,586,02-22,+8.6%,+1.24%,0.5062,34,✓ Yes,completed
4,593,590,02-22,+8.3%,+1.25%,0.5062,34,✓ Yes,completed
4,593,593,02-22,+7.8%,+1.23%,0.5062,35,✓ Yes,completed
5,572,553,02-11,+25.0%,+39.66%,0.6983,36,✗ No,budget_exceeded
5,572,555,02-11,+25.0%,+39.49%,0.6975,37,✗ No,budget_exceeded
5,572,556,02-11,+25.0%,+39.41%,0.6970,37,✗ No,budget_exceeded
5,572,558,02-11,+25.0%,+39.15%,0.6958,37,✗ No,budget_exceeded
5,572,559,02-11,+25.0%,+35.82%,0.6791,39,✗ No,budget_exceeded
5,572,561,02-11,+25.0%,+35.48%,0.6774,40,✗ No,budget_exceeded
5,572,562,02-11,+25.0%,+30.52%,0.6526,42,✗ No,budget_exceeded
5,572,564,02-11,+25.0%,+28.91%,0.6446,45,✗ No,budget_exceeded
5,572,566,02-11,+25.0%,+26.98%,0.6349,50,✗ No,budget_exceeded
5,572,567,02-11,+25.0%,+25.40%,0.6270,53,✗ No,budget_exceeded
5,572,569,02-11,+25.0%,+23.43%,0.6171,55,✗ No,budget_exceeded
5,572,570,02-11,+25.0%,+22.07%,0.6104,58,✗ No,budget_exceeded
5,572,572,02-11,+25.0%,+21.90%,0.6095,59,✗ No,budget_exceeded
5,573,553,02-11,+25.0%,+39.15%,0.6958,34,✗ No,budget_exceeded
5,573,555,02-11,+25.0%,+37.48%,0.6874,36,✗ No,budget_exceeded
5,573,556,02-11,+25.0%,+35.99%,0.6799,37,✗ No,budget_exceeded
5,573,558,02-11,+25.0%,+35.73%,0.6787,37,✗ No,budget_exceeded
5,573,559,02-11,+25.0%,+30.61%,0.6531,38,✗ No,budget_exceeded
5,573,561,02-11,+25.0%,+28.75%,0.6438,40,✗ No,budget_exceeded
5,573,562,02-11,+25.0%,+27.17%,0.6358,43,✗ No,budget_exceeded
5,573,564,02-11,+25.0%,+25.41%,0.6270,47,✗ No,budget_exceeded
5,573,566,02-11,+25.0%,+23.70%,0.6185,49,✗ No,budget_exceeded
5,573,567,02-11,+25.0%,+23.44%,0.6172,51,✗ No,budget_exceeded
5,573,569,02-11,+25.0%,+22.00%,0.6100,53,✗ No,budget_exceeded
5,573,570,02-11,+25.0%,+21.48%,0.6074,56,✗ No,budget_exceeded
5,573,572,02-11,+25.0%,+21.30%,0.6065,57,✗ No,budget_exceeded
5,573,573,02-11,+24.5%,+3.50%,0.5175,67,✓ Yes,completed
5,575,553,02-11,+25.0%,+37.47%,0.6874,35,✗ No,budget_exceeded
5,575,555,02-11,+25.0%,+35.65%,0.6782,36,✗ No,budget_exceeded
5,575,556,02-11,+25.0%,+35.56%,0.6778,36,✗ No,budget_exceeded
5,575,558,02-11,+25.0%,+30.69%,0.6535,37,✗ No,budget_exceeded
5,575,559,02-11,+25.0%,+28.84%,0.6442,38,✗ No,budget_exceeded
5,575,561,02-11,+25.0%,+27.25%,0.6363,41,✗ No,budget_exceeded
5,575,562,02-11,+25.0%,+25.33%,0.6266,43,✗ No,budget_exceeded
5,575,564,02-11,+25.0%,+23.62%,0.6181,46,✗ No,budget_exceeded
5,575,566,02-11,+25.0%,+23.19%,0.6159,47,✗ No,budget_exceeded
5,575,567,02-11,+25.0%,+21.92%,0.6096,50,✗ No,budget_exceeded
5,575,569,02-11,+25.0%,+21.40%,0.6070,51,✗ No,budget_exceeded
5,575,570,02-11,+25.0%,+3.53%,0.5177,56,✓ Yes,completed
5,575,572,02-11,+24.8%,+3.53%,0.5176,57,✓ Yes,completed
5,575,573,02-11,+23.9%,+3.43%,0.5171,64,✓ Yes,completed
5,575,575,02-11,+23.0%,+3.35%,0.5168,68,✓ Yes,completed
5,577,553,02-11,+25.0%,+35.81%,0.6791,36,✗ No,budget_exceeded
5,577,555,02-11,+25.0%,+30.77%,0.6539,37,✗ No,budget_exceeded
5,577,556,02-11,+25.0%,+30.69%,0.6534,37,✗ No,budget_exceeded
5,577,558,02-11,+25.0%,+28.92%,0.6446,38,✗ No,budget_exceeded
5,577,559,02-11,+25.0%,+27.33%,0.6367,40,✗ No,budget_exceeded
5,577,561,02-11,+25.0%,+26.99%,0.6350,41,✗ No,budget_exceeded
5,577,562,02-11,+25.0%,+25.07%,0.6254,43,✗ No,budget_exceeded
5,577,564,02-11,+25.0%,+23.36%,0.6168,44,✗ No,budget_exceeded
5,577,566,02-11,+25.0%,+22.01%,0.6101,46,✗ No,budget_exceeded
5,577,567,02-11,+25.0%,+21.66%,0.6083,48,✗ No,budget_exceeded
5,577,569,02-11,+25.0%,+19.72%,0.5986,50,✗ No,budget_exceeded
5,577,570,02-11,+24.8%,+3.54%,0.5177,54,✓ Yes,completed
5,577,572,02-11,+24.6%,+3.54%,0.5177,55,✓ Yes,completed
5,577,573,02-11,+23.6%,+3.38%,0.5169,61,✓ Yes,completed
5,577,575,02-11,+22.7%,+3.35%,0.5168,65,✓ Yes,completed
5,577,577,02-11,+22.5%,+3.33%,0.5166,68,✓ Yes,completed
5,578,553,02-11,+25.0%,+28.73%,0.6436,37,✗ No,budget_exceeded
5,578,555,02-11,+25.0%,+27.23%,0.6362,38,✗ No,budget_exceeded
5,578,556,02-11,+25.0%,+27.15%,0.6357,38,✗ No,budget_exceeded
5,578,558,02-11,+25.0%,+25.31%,0.6266,40,✗ No,budget_exceeded
5,578,559,02-11,+25.0%,+24.98%,0.6249,40,✗ No,budget_exceeded
5,578,561,02-11,+25.0%,+23.35%,0.6168,42,✗ No,budget_exceeded
5,578,562,02-11,+25.0%,+21.75%,0.6087,44,✗ No,budget_exceeded
5,578,564,02-11,+25.0%,+21.58%,0.6079,44,✗ No,budget_exceeded
5,578,566,02-11,+25.0%,+19.72%,0.5986,46,✗ No,budget_exceeded
5,578,567,02-11,+24.8%,+3.54%,0.5177,48,✓ Yes,completed
5,578,569,02-11,+24.4%,+3.55%,0.5178,49,✓ Yes,completed
5,578,570,02-11,+23.9%,+3.46%,0.5173,52,✓ Yes,completed
5,578,572,02-11,+23.8%,+3.42%,0.5171,53,✓ Yes,completed
5,578,574,02-11,+22.8%,+3.37%,0.5169,59,✓ Yes,completed
5,578,575,02-11,+21.9%,+3.19%,0.5160,62,✓ Yes,completed
5,578,577,02-11,+21.7%,+3.15%,0.5157,65,✓ Yes,completed
5,578,578,02-11,+21.0%,+3.09%,0.5155,68,✓ Yes,completed
5,580,553,02-11,+25.0%,+28.46%,0.6423,37,✗ No,budget_exceeded
5,580,555,02-11,+25.0%,+26.97%,0.6349,38,✗ No,budget_exceeded
5,580,556,02-11,+25.0%,+26.89%,0.6344,38,✗ No,budget_exceeded
5,580,558,02-11,+25.0%,+25.05%,0.6253,40,✗ No,budget_exceeded
5,580,559,02-11,+25.0%,+24.88%,0.6244,40,✗ No,budget_exceeded
5,580,560,02-11,+25.0%,+23.09%,0.6155,42,✗ No,budget_exceeded
5,580,562,02-11,+25.0%,+21.66%,0.6083,44,✗ No,budget_exceeded
5,580,563,02-11,+25.0%,+21.40%,0.6070,44,✗ No,budget_exceeded
5,580,565,02-11,+25.0%,+21.32%,0.6066,44,✗ No,budget_exceeded
5,580,566,02-11,+24.5%,+3.55%,0.5177,47,✓ Yes,completed
5,580,568,02-11,+24.5%,+3.55%,0.5177,47,✓ Yes,completed
5,580,569,02-11,+23.8%,+3.42%,0.5171,51,✓ Yes,completed
5,580,571,02-11,+23.5%,+3.40%,0.5170,51,✓ Yes,completed
5,580,572,02-11,+22.8%,+3.38%,0.5169,55,✓ Yes,completed
5,580,574,02-11,+22.5%,+3.35%,0.5168,58,✓ Yes,completed
5,580,575,02-11,+21.6%,+3.15%,0.5158,61,✓ Yes,completed
5,580,577,02-11,+21.3%,+3.12%,0.5156,64,✓ Yes,completed
5,580,578,02-11,+20.5%,+3.07%,0.5154,66,✓ Yes,completed
5,580,580,02-11,+20.2%,+2.97%,0.5149,68,✓ Yes,completed
5,581,553,02-11,+25.0%,+21.82%,0.6091,37,✗ No,budget_exceeded
5,581,555,02-11,+25.0%,+21.82%,0.6091,37,✗ No,budget_exceeded
5,581,556,02-11,+25.0%,+21.74%,0.6087,37,✗ No,budget_exceeded
5,581,558,02-11,+25.0%,+21.31%,0.6065,38,✗ No,budget_exceeded
5,581,559,02-11,+25.0%,+21.22%,0.6061,38,✗ No,budget_exceeded
5,581,561,02-11,+24.7%,+3.55%,0.5177,39,✓ Yes,completed
5,581,562,02-11,+24.4%,+3.56%,0.5178,39,✓ Yes,completed
5,581,564,02-11,+24.3%,+3.55%,0.5178,39,✓ Yes,completed
5,581,565,02-11,+23.9%,+3.47%,0.5174,40,✓ Yes,completed
5,581,567,02-11,+23.6%,+3.41%,0.5171,42,✓ Yes,completed
5,581,568,02-11,+23.6%,+3.41%,0.5171,42,✓ Yes,completed
5,581,569,02-11,+22.9%,+3.40%,0.5170,46,✓ Yes,completed
5,581,571,02-11,+22.7%,+3.40%,0.5170,46,✓ Yes,completed
5,581,572,02-11,+21.9%,+3.22%,0.5161,50,✓ Yes,completed
5,581,574,02-11,+21.5%,+3.16%,0.5158,53,✓ Yes,completed
5,581,575,02-11,+20.7%,+3.12%,0.5156,56,✓ Yes,completed
5,581,577,02-11,+20.4%,+3.05%,0.5152,59,✓ Yes,completed
5,581,578,02-11,+19.6%,+2.91%,0.5145,61,✓ Yes,completed
5,581,580,02-11,+19.4%,+2.91%,0.5145,62,✓ Yes,completed
5,581,581,02-11,+18.8%,+2.88%,0.5144,67,✓ Yes,completed
5,583,553,02-11,+25.0%,+21.47%,0.6073,37,✗ No,budget_exceeded
5,583,555,02-11,+25.0%,+21.47%,0.6073,37,✗ No,budget_exceeded
5,583,556,02-11,+25.0%,+21.39%,0.6069,37,✗ No,budget_exceeded
5,583,558,02-11,+24.8%,+3.54%,0.5177,37,✓ Yes,completed
5,583,559,02-11,+24.7%,+3.54%,0.5177,37,✓ Yes,completed
5,583,561,02-11,+24.3%,+3.54%,0.5177,38,✓ Yes,completed
5,583,562,02-11,+24.0%,+3.49%,0.5174,38,✓ Yes,completed
5,583,564,02-11,+23.9%,+3.47%,0.5173,38,✓ Yes,completed
5,583,565,02-11,+23.5%,+3.42%,0.5171,39,✓ Yes,completed
5,583,567,02-11,+23.1%,+3.40%,0.5170,41,✓ Yes,completed
5,583,568,02-11,+22.5%,+3.39%,0.5170,42,✓ Yes,completed
5,583,570,02-11,+22.3%,+3.34%,0.5167,45,✓ Yes,completed
5,583,571,02-11,+21.9%,+3.22%,0.5161,46,✓ Yes,completed
5,583,573,02-11,+21.3%,+3.15%,0.5158,49,✓ Yes,completed
5,583,574,02-11,+20.5%,+3.10%,0.5155,52,✓ Yes,completed
5,583,576,02-11,+20.0%,+2.95%,0.5147,54,✓ Yes,completed
5,583,577,02-11,+19.4%,+2.92%,0.5146,56,✓ Yes,completed
5,583,579,02-11,+18.7%,+2.87%,0.5144,57,✓ Yes,completed
5,583,580,02-11,+18.3%,+2.72%,0.5136,60,✓ Yes,completed
5,583,582,02-11,+17.9%,+2.64%,0.5132,63,✓ Yes,completed
5,583,583,02-11,+17.1%,+2.62%,0.5131,67,✓ Yes,completed
5,585,553,02-11,+24.9%,+3.52%,0.5176,37,✓ Yes,completed
5,585,555,02-11,+24.9%,+3.52%,0.5176,37,✓ Yes,completed
5,585,556,02-11,+24.8%,+3.52%,0.5176,37,✓ Yes,completed
5,585,558,02-11,+24.4%,+3.54%,0.5177,37,✓ Yes,completed
5,585,559,02-11,+24.3%,+3.53%,0.5177,37,✓ Yes,completed
5,585,561,02-11,+23.9%,+3.46%,0.5173,38,✓ Yes,completed
5,585,562,02-11,+23.6%,+3.41%,0.5170,38,✓ Yes,completed
5,585,564,02-11,+23.5%,+3.41%,0.5170,38,✓ Yes,completed
5,585,565,02-11,+23.1%,+3.40%,0.5170,39,✓ Yes,completed
5,585,567,02-11,+22.5%,+3.38%,0.5169,41,✓ Yes,completed
5,585,568,02-11,+22.0%,+3.25%,0.5162,42,✓ Yes,completed
5,585,570,02-11,+21.8%,+3.19%,0.5159,45,✓ Yes,completed
5,585,571,02-11,+21.3%,+3.16%,0.5158,45,✓ Yes,completed
5,585,573,02-11,+20.7%,+3.13%,0.5157,48,✓ Yes,completed
5,585,574,02-11,+20.0%,+2.95%,0.5148,50,✓ Yes,completed
5,585,576,02-11,+19.5%,+2.93%,0.5146,52,✓ Yes,completed
5,585,577,02-11,+18.8%,+2.91%,0.5146,54,✓ Yes,completed
5,585,579,02-11,+18.1%,+2.69%,0.5134,55,✓ Yes,completed
5,585,580,02-11,+17.8%,+2.65%,0.5133,57,✓ Yes,completed
5,585,582,02-11,+17.3%,+2.64%,0.5132,60,✓ Yes,completed
5,585,583,02-11,+16.6%,+2.54%,0.5127,63,✓ Yes,completed
5,585,585,02-11,+16.5%,+2.49%,0.5125,64,✓ Yes,completed
5,586,553,02-11,+24.0%,+3.44%,0.5172,36,✓ Yes,completed
5,586,555,02-11,+24.0%,+3.44%,0.5172,36,✓ Yes,completed
5,586,556,02-11,+23.9%,+3.43%,0.5171,36,✓ Yes,completed
5,586,558,02-11,+23.5%,+3.38%,0.5169,36,✓ Yes,completed
5,586,559,02-11,+23.4%,+3.38%,0.5169,36,✓ Yes,completed
5,586,561,02-11,+23.0%,+3.38%,0.5169,37,✓ Yes,completed
5,586,562,02-11,+22.7%,+3.38%,0.5169,37,✓ Yes,completed
5,586,564,02-11,+22.6%,+3.38%,0.5169,37,✓ Yes,completed
5,586,565,02-11,+22.1%,+3.29%,0.5164,38,✓ Yes,completed
5,586,567,02-11,+21.6%,+3.17%,0.5158,40,✓ Yes,completed
5,586,568,02-11,+21.1%,+3.14%,0.5157,41,✓ Yes,completed
5,586,570,02-11,+20.6%,+3.12%,0.5156,43,✓ Yes,completed
5,586,571,02-11,+20.2%,+3.02%,0.5151,43,✓ Yes,completed
5,586,573,02-11,+19.7%,+2.93%,0.5147,46,✓ Yes,completed
5,586,574,02-11,+18.8%,+2.92%,0.5146,47,✓ Yes,completed
5,586,576,02-11,+18.3%,+2.74%,0.5137,49,✓ Yes,completed
5,586,577,02-11,+17.6%,+2.65%,0.5133,51,✓ Yes,completed
5,586,579,02-11,+16.9%,+2.66%,0.5133,52,✓ Yes,completed
5,586,580,02-11,+16.7%,+2.60%,0.5130,53,✓ Yes,completed
5,586,582,02-11,+16.1%,+2.46%,0.5123,56,✓ Yes,completed
5,586,583,02-11,+15.5%,+2.47%,0.5124,58,✓ Yes,completed
5,586,585,02-11,+15.4%,+2.47%,0.5123,59,✓ Yes,completed
5,586,586,02-11,+14.6%,+2.23%,0.5112,64,✓ Yes,completed
5,572,553,02-12,+25.0%,+41.47%,0.7073,36,✗ No,budget_exceeded
5,572,555,02-12,+25.0%,+41.30%,0.7065,37,✗ No,budget_exceeded
5,572,556,02-12,+25.0%,+41.21%,0.7061,37,✗ No,budget_exceeded
5,572,558,02-12,+25.0%,+40.96%,0.7048,37,✗ No,budget_exceeded
5,572,559,02-12,+25.0%,+37.63%,0.6881,39,✗ No,budget_exceeded
5,572,561,02-12,+25.0%,+37.28%,0.6864,40,✗ No,budget_exceeded
5,572,562,02-12,+25.0%,+32.32%,0.6616,42,✗ No,budget_exceeded
5,572,564,02-12,+25.0%,+30.71%,0.6536,45,✗ No,budget_exceeded
5,572,566,02-12,+25.0%,+28.78%,0.6439,50,✗ No,budget_exceeded
5,572,567,02-12,+25.0%,+27.19%,0.6360,53,✗ No,budget_exceeded
5,572,569,02-12,+25.0%,+25.23%,0.6261,55,✗ No,budget_exceeded
5,572,570,02-12,+25.0%,+23.87%,0.6193,58,✗ No,budget_exceeded
5,572,572,02-12,+25.0%,+23.69%,0.6185,59,✗ No,budget_exceeded
5,573,553,02-12,+25.0%,+40.96%,0.7048,34,✗ No,budget_exceeded
5,573,555,02-12,+25.0%,+39.28%,0.6964,36,✗ No,budget_exceeded
5,573,556,02-12,+25.0%,+37.79%,0.6890,37,✗ No,budget_exceeded
5,573,558,02-12,+25.0%,+37.54%,0.6877,37,✗ No,budget_exceeded
5,573,559,02-12,+25.0%,+32.41%,0.6621,38,✗ No,budget_exceeded
5,573,561,02-12,+25.0%,+30.55%,0.6528,40,✗ No,budget_exceeded
5,573,562,02-12,+25.0%,+28.96%,0.6448,43,✗ No,budget_exceeded
5,573,564,02-12,+25.0%,+27.21%,0.6360,47,✗ No,budget_exceeded
5,573,566,02-12,+25.0%,+25.50%,0.6275,49,✗ No,budget_exceeded
5,573,567,02-12,+25.0%,+25.24%,0.6262,51,✗ No,budget_exceeded
5,573,569,02-12,+25.0%,+23.80%,0.6190,53,✗ No,budget_exceeded
5,573,570,02-12,+25.0%,+23.27%,0.6164,56,✗ No,budget_exceeded
5,573,572,02-12,+25.0%,+23.10%,0.6155,57,✗ No,budget_exceeded
5,573,573,02-12,+24.6%,+3.54%,0.5177,68,✓ Yes,completed
5,575,553,02-12,+25.0%,+39.28%,0.6964,35,✗ No,budget_exceeded
5,575,555,02-12,+25.0%,+37.45%,0.6872,36,✗ No,budget_exceeded
5,575,556,02-12,+25.0%,+37.37%,0.6868,36,✗ No,budget_exceeded
5,575,558,02-12,+25.0%,+32.49%,0.6625,37,✗ No,budget_exceeded
5,575,559,02-12,+25.0%,+30.64%,0.6532,38,✗ No,budget_exceeded
5,575,561,02-12,+25.0%,+29.05%,0.6453,41,✗ No,budget_exceeded
5,575,562,02-12,+25.0%,+27.13%,0.6356,43,✗ No,budget_exceeded
5,575,564,02-12,+25.0%,+25.41%,0.6271,46,✗ No,budget_exceeded
5,575,566,02-12,+25.0%,+24.98%,0.6249,47,✗ No,budget_exceeded
5,575,567,02-12,+25.0%,+23.71%,0.6186,50,✗ No,budget_exceeded
5,575,569,02-12,+25.0%,+23.20%,0.6160,51,✗ No,budget_exceeded
5,575,570,02-12,+25.0%,+5.22%,0.5261,57,✗ No,budget_exceeded
5,575,572,02-12,+24.9%,+3.57%,0.5178,58,✓ Yes,completed
5,575,573,02-12,+24.0%,+3.46%,0.5173,65,✓ Yes,completed
5,575,575,02-12,+23.0%,+3.39%,0.5170,68,✓ Yes,completed
5,577,553,02-12,+25.0%,+37.61%,0.6881,36,✗ No,budget_exceeded
5,577,555,02-12,+25.0%,+32.57%,0.6629,37,✗ No,budget_exceeded
5,577,556,02-12,+25.0%,+32.49%,0.6624,37,✗ No,budget_exceeded
5,577,558,02-12,+25.0%,+30.72%,0.6536,38,✗ No,budget_exceeded
5,577,559,02-12,+25.0%,+29.13%,0.6457,40,✗ No,budget_exceeded
5,577,561,02-12,+25.0%,+28.79%,0.6440,41,✗ No,budget_exceeded
5,577,562,02-12,+25.0%,+26.87%,0.6344,43,✗ No,budget_exceeded
5,577,564,02-12,+25.0%,+25.16%,0.6258,44,✗ No,budget_exceeded
5,577,566,02-12,+25.0%,+23.81%,0.6191,46,✗ No,budget_exceeded
5,577,567,02-12,+25.0%,+23.46%,0.6173,48,✗ No,budget_exceeded
5,577,569,02-12,+25.0%,+21.52%,0.6076,50,✗ No,budget_exceeded
5,577,570,02-12,+24.8%,+3.57%,0.5179,54,✓ Yes,completed
5,577,572,02-12,+24.6%,+3.58%,0.5179,55,✓ Yes,completed
5,577,573,02-12,+23.6%,+3.40%,0.5170,61,✓ Yes,completed
5,577,575,02-12,+22.7%,+3.40%,0.5170,65,✓ Yes,completed
5,577,577,02-12,+22.5%,+3.39%,0.5169,68,✓ Yes,completed
5,578,553,02-12,+25.0%,+30.53%,0.6526,37,✗ No,budget_exceeded
5,578,555,02-12,+25.0%,+29.03%,0.6452,38,✗ No,budget_exceeded
5,578,556,02-12,+25.0%,+28.95%,0.6447,38,✗ No,budget_exceeded
5,578,558,02-12,+25.0%,+27.11%,0.6356,40,✗ No,budget_exceeded
5,578,559,02-12,+25.0%,+26.78%,0.6339,40,✗ No,budget_exceeded
5,578,561,02-12,+25.0%,+25.15%,0.6258,42,✗ No,budget_exceeded
5,578,562,02-12,+25.0%,+23.54%,0.6177,44,✗ No,budget_exceeded
5,578,564,02-12,+25.0%,+23.37%,0.6169,44,✗ No,budget_exceeded
5,578,566,02-12,+25.0%,+21.52%,0.6076,46,✗ No,budget_exceeded
5,578,567,02-12,+24.8%,+3.58%,0.5179,48,✓ Yes,completed
5,578,569,02-12,+24.4%,+3.58%,0.5179,49,✓ Yes,completed
5,578,570,02-12,+23.9%,+3.48%,0.5174,52,✓ Yes,completed
5,578,572,02-12,+23.8%,+3.44%,0.5172,53,✓ Yes,completed
5,578,574,02-12,+22.8%,+3.42%,0.5171,59,✓ Yes,completed
5,578,575,02-12,+21.9%,+3.29%,0.5164,62,✓ Yes,completed
5,578,577,02-12,+21.7%,+3.26%,0.5163,65,✓ Yes,completed
5,578,578,02-12,+21.0%,+3.23%,0.5162,68,✓ Yes,completed
5,580,553,02-12,+25.0%,+30.26%,0.6513,37,✗ No,budget_exceeded
5,580,555,02-12,+25.0%,+28.77%,0.6439,38,✗ No,budget_exceeded
5,580,556,02-12,+25.0%,+28.69%,0.6434,38,✗ No,budget_exceeded
5,580,558,02-12,+25.0%,+26.85%,0.6343,40,✗ No,budget_exceeded
5,580,559,02-12,+25.0%,+26.68%,0.6334,40,✗ No,budget_exceeded
5,580,560,02-12,+25.0%,+24.89%,0.6244,42,✗ No,budget_exceeded
5,580,562,02-12,+25.0%,+23.45%,0.6173,44,✗ No,budget_exceeded
5,580,563,02-12,+25.0%,+23.20%,0.6160,44,✗ No,budget_exceeded
5,580,565,02-12,+25.0%,+23.11%,0.6156,44,✗ No,budget_exceeded
5,580,566,02-12,+24.5%,+3.59%,0.5180,47,✓ Yes,completed
5,580,568,02-12,+24.5%,+3.59%,0.5180,47,✓ Yes,completed
5,580,569,02-12,+23.8%,+3.44%,0.5172,51,✓ Yes,completed
5,580,571,02-12,+23.5%,+3.42%,0.5171,51,✓ Yes,completed
5,580,572,02-12,+22.8%,+3.43%,0.5171,55,✓ Yes,completed
5,580,574,02-12,+22.5%,+3.42%,0.5171,58,✓ Yes,completed
5,580,575,02-12,+21.6%,+3.27%,0.5163,61,✓ Yes,completed
5,580,577,02-12,+21.3%,+3.25%,0.5163,64,✓ Yes,completed
5,580,578,02-12,+20.5%,+3.20%,0.5160,66,✓ Yes,completed
5,580,580,02-12,+20.2%,+3.10%,0.5155,68,✓ Yes,completed
5,581,553,02-12,+25.0%,+23.62%,0.6181,37,✗ No,budget_exceeded
5,581,555,02-12,+25.0%,+23.62%,0.6181,37,✗ No,budget_exceeded
5,581,556,02-12,+25.0%,+23.53%,0.6177,37,✗ No,budget_exceeded
5,581,558,02-12,+25.0%,+23.11%,0.6155,38,✗ No,budget_exceeded
5,581,559,02-12,+25.0%,+23.02%,0.6151,38,✗ No,budget_exceeded
5,581,561,02-12,+24.7%,+3.59%,0.5179,39,✓ Yes,completed
5,581,562,02-12,+24.4%,+3.59%,0.5180,39,✓ Yes,completed
5,581,564,02-12,+24.3%,+3.58%,0.5179,39,✓ Yes,completed
5,581,565,02-12,+23.9%,+3.50%,0.5175,40,✓ Yes,completed
5,581,567,02-12,+23.6%,+3.44%,0.5172,42,✓ Yes,completed
5,581,568,02-12,+23.6%,+3.44%,0.5172,42,✓ Yes,completed
5,581,569,02-12,+22.9%,+3.44%,0.5172,46,✓ Yes,completed
5,581,571,02-12,+22.7%,+3.45%,0.5172,46,✓ Yes,completed
5,581,572,02-12,+21.9%,+3.32%,0.5166,50,✓ Yes,completed
5,581,574,02-12,+21.5%,+3.28%,0.5164,53,✓ Yes,completed
5,581,575,02-12,+20.7%,+3.26%,0.5163,56,✓ Yes,completed
5,581,577,02-12,+20.4%,+3.18%,0.5159,59,✓ Yes,completed
5,581,578,02-12,+19.6%,+3.02%,0.5151,61,✓ Yes,completed
5,581,580,02-12,+19.4%,+3.00%,0.5150,62,✓ Yes,completed
5,581,581,02-12,+18.8%,+2.97%,0.5148,67,✓ Yes,completed
5,583,553,02-12,+25.0%,+23.27%,0.6163,37,✗ No,budget_exceeded
5,583,555,02-12,+25.0%,+23.27%,0.6163,37,✗ No,budget_exceeded
5,583,556,02-12,+25.0%,+23.18%,0.6159,37,✗ No,budget_exceeded
5,583,558,02-12,+24.8%,+3.57%,0.5179,37,✓ Yes,completed
5,583,559,02-12,+24.7%,+3.58%,0.5179,37,✓ Yes,completed
5,583,561,02-12,+24.3%,+3.57%,0.5179,38,✓ Yes,completed
5,583,562,02-12,+24.0%,+3.51%,0.5175,38,✓ Yes,completed
5,583,564,02-12,+23.9%,+3.49%,0.5175,38,✓ Yes,completed
5,583,565,02-12,+23.5%,+3.44%,0.5172,39,✓ Yes,completed
5,583,567,02-12,+23.1%,+3.45%,0.5172,41,✓ Yes,completed
5,583,568,02-12,+22.5%,+3.45%,0.5173,42,✓ Yes,completed
5,583,570,02-12,+22.3%,+3.41%,0.5170,45,✓ Yes,completed
5,583,571,02-12,+21.9%,+3.32%,0.5166,46,✓ Yes,completed
5,583,573,02-12,+21.3%,+3.29%,0.5164,49,✓ Yes,completed
5,583,574,02-12,+20.5%,+3.24%,0.5162,52,✓ Yes,completed
5,583,576,02-12,+20.0%,+3.08%,0.5154,54,✓ Yes,completed
5,583,577,02-12,+19.4%,+3.02%,0.5151,56,✓ Yes,completed
5,583,579,02-12,+18.7%,+2.97%,0.5149,57,✓ Yes,completed
5,583,580,02-12,+18.3%,+2.85%,0.5142,60,✓ Yes,completed
5,583,582,02-12,+17.9%,+2.78%,0.5139,63,✓ Yes,completed
5,583,583,02-12,+17.1%,+2.76%,0.5138,67,✓ Yes,completed
5,585,553,02-12,+24.9%,+3.56%,0.5178,37,✓ Yes,completed
5,585,555,02-12,+24.9%,+3.56%,0.5178,37,✓ Yes,completed
5,585,556,02-12,+24.8%,+3.56%,0.5178,37,✓ Yes,completed
5,585,558,02-12,+24.4%,+3.57%,0.5178,37,✓ Yes,completed
5,585,559,02-12,+24.3%,+3.56%,0.5178,37,✓ Yes,completed
5,585,561,02-12,+23.9%,+3.48%,0.5174,38,✓ Yes,completed
5,585,562,02-12,+23.6%,+3.43%,0.5171,38,✓ Yes,completed
5,585,564,02-12,+23.5%,+3.43%,0.5171,38,✓ Yes,completed
5,585,565,02-12,+23.1%,+3.45%,0.5172,39,✓ Yes,completed
5,585,567,02-12,+22.5%,+3.44%,0.5172,41,✓ Yes,completed
5,585,568,02-12,+22.0%,+3.34%,0.5167,42,✓ Yes,completed
5,585,570,02-12,+21.8%,+3.29%,0.5165,45,✓ Yes,completed
5,585,571,02-12,+21.3%,+3.29%,0.5164,45,✓ Yes,completed
5,585,573,02-12,+20.7%,+3.27%,0.5163,48,✓ Yes,completed
5,585,574,02-12,+20.0%,+3.08%,0.5154,50,✓ Yes,completed
5,585,576,02-12,+19.5%,+3.03%,0.5151,52,✓ Yes,completed
5,585,577,02-12,+18.8%,+3.00%,0.5150,54,✓ Yes,completed
5,585,579,02-12,+18.1%,+2.82%,0.5141,55,✓ Yes,completed
5,585,580,02-12,+17.8%,+2.80%,0.5140,57,✓ Yes,completed
5,585,582,02-12,+17.3%,+2.78%,0.5139,60,✓ Yes,completed
5,585,583,02-12,+16.6%,+2.64%,0.5132,63,✓ Yes,completed
5,585,585,02-12,+16.5%,+2.58%,0.5129,64,✓ Yes,completed
5,586,553,02-12,+24.0%,+3.46%,0.5173,36,✓ Yes,completed
5,586,555,02-12,+24.0%,+3.46%,0.5173,36,✓ Yes,completed
5,586,556,02-12,+23.9%,+3.45%,0.5172,36,✓ Yes,completed
5,586,558,02-12,+23.5%,+3.40%,0.5170,36,✓ Yes,completed
5,586,559,02-12,+23.4%,+3.40%,0.5170,36,✓ Yes,completed
5,586,561,02-12,+23.0%,+3.42%,0.5171,37,✓ Yes,completed
5,586,562,02-12,+22.7%,+3.43%,0.5172,37,✓ Yes,completed
5,586,564,02-12,+22.6%,+3.43%,0.5172,37,✓ Yes,completed
5,586,565,02-12,+22.1%,+3.37%,0.5168,38,✓ Yes,completed
5,586,567,02-12,+21.6%,+3.28%,0.5164,40,✓ Yes,completed
5,586,568,02-12,+21.1%,+3.28%,0.5164,41,✓ Yes,completed
5,586,570,02-12,+20.6%,+3.25%,0.5163,43,✓ Yes,completed
5,586,571,02-12,+20.2%,+3.15%,0.5157,43,✓ Yes,completed
5,586,573,02-12,+19.7%,+3.05%,0.5152,46,✓ Yes,completed
5,586,574,02-12,+18.8%,+3.01%,0.5150,47,✓ Yes,completed
5,586,576,02-12,+18.3%,+2.87%,0.5143,49,✓ Yes,completed
5,586,577,02-12,+17.6%,+2.80%,0.5140,51,✓ Yes,completed
5,586,579,02-12,+16.9%,+2.77%,0.5139,52,✓ Yes,completed
5,586,580,02-12,+16.7%,+2.70%,0.5135,53,✓ Yes,completed
5,586,582,02-12,+16.1%,+2.53%,0.5126,56,✓ Yes,completed
5,586,583,02-12,+15.5%,+2.51%,0.5125,58,✓ Yes,completed
5,586,585,02-12,+15.4%,+2.51%,0.5126,59,✓ Yes,completed
5,586,586,02-12,+14.6%,+2.35%,0.5118,64,✓ Yes,completed
5,572,553,02-13,+25.0%,+39.64%,0.6982,37,✗ No,budget_exceeded
5,572,555,02-13,+25.0%,+39.47%,0.6974,38,✗ No,budget_exceeded
5,572,556,02-13,+25.0%,+39.39%,0.6969,38,✗ No,budget_exceeded
5,572,558,02-13,+25.0%,+39.14%,0.6957,38,✗ No,budget_exceeded
5,572,559,02-13,+25.0%,+32.57%,0.6628,41,✗ No,budget_exceeded
5,572,561,02-13,+25.0%,+30.98%,0.6549,44,✗ No,budget_exceeded
5,572,562,02-13,+25.0%,+30.55%,0.6527,46,✗ No,budget_exceeded
5,572,564,02-13,+25.0%,+29.05%,0.6453,48,✗ No,budget_exceeded
5,572,566,02-13,+25.0%,+27.08%,0.6354,51,✗ No,budget_exceeded
5,572,567,02-13,+25.0%,+26.91%,0.6345,52,✗ No,budget_exceeded
5,572,569,02-13,+25.0%,+25.38%,0.6269,54,✗ No,budget_exceeded
5,572,570,02-13,+25.0%,+24.86%,0.6243,57,✗ No,budget_exceeded
5,572,572,02-13,+25.0%,+23.77%,0.6189,58,✗ No,budget_exceeded
5,573,553,02-13,+25.0%,+34.43%,0.6721,36,✗ No,budget_exceeded
5,573,555,02-13,+25.0%,+34.25%,0.6713,37,✗ No,budget_exceeded
5,573,556,02-13,+25.0%,+34.17%,0.6709,37,✗ No,budget_exceeded
5,573,558,02-13,+25.0%,+32.40%,0.6620,38,✗ No,budget_exceeded
5,573,559,02-13,+25.0%,+30.64%,0.6532,40,✗ No,budget_exceeded
5,573,561,02-13,+25.0%,+28.98%,0.6449,42,✗ No,budget_exceeded
5,573,562,02-13,+25.0%,+27.26%,0.6363,45,✗ No,budget_exceeded
5,573,564,02-13,+25.0%,+26.92%,0.6346,47,✗ No,budget_exceeded
5,573,566,02-13,+25.0%,+25.57%,0.6278,49,✗ No,budget_exceeded
5,573,567,02-13,+25.0%,+25.39%,0.6270,50,✗ No,budget_exceeded
5,573,569,02-13,+25.0%,+24.87%,0.6244,51,✗ No,budget_exceeded
5,573,570,02-13,+25.0%,+3.71%,0.5185,58,✓ Yes,completed
5,573,572,02-13,+24.9%,+3.71%,0.5186,58,✓ Yes,completed
5,573,573,02-13,+24.0%,+3.60%,0.5180,65,✓ Yes,completed
5,575,553,02-13,+25.0%,+34.25%,0.6713,36,✗ No,budget_exceeded
5,575,555,02-13,+25.0%,+32.31%,0.6615,37,✗ No,budget_exceeded
5,575,556,02-13,+25.0%,+32.22%,0.6611,37,✗ No,budget_exceeded
5,575,558,02-13,+25.0%,+30.73%,0.6536,39,✗ No,budget_exceeded
5,575,559,02-13,+25.0%,+28.98%,0.6449,40,✗ No,budget_exceeded
5,575,561,02-13,+25.0%,+28.63%,0.6432,41,✗ No,budget_exceeded
5,575,562,02-13,+25.0%,+26.75%,0.6338,43,✗ No,budget_exceeded
5,575,564,02-13,+25.0%,+25.48%,0.6274,46,✗ No,budget_exceeded
5,575,566,02-13,+25.0%,+25.05%,0.6253,47,✗ No,budget_exceeded
5,575,567,02-13,+25.0%,+24.88%,0.6244,48,✗ No,budget_exceeded
5,575,569,02-13,+24.9%,+3.73%,0.5186,52,✓ Yes,completed
5,575,570,02-13,+24.5%,+3.73%,0.5186,55,✓ Yes,completed
5,575,572,02-13,+24.4%,+3.72%,0.5186,55,✓ Yes,completed
5,575,573,02-13,+23.5%,+3.51%,0.5176,62,✓ Yes,completed
5,575,575,02-13,+22.5%,+3.47%,0.5174,66,✓ Yes,completed
5,577,553,02-13,+25.0%,+32.47%,0.6624,37,✗ No,budget_exceeded
5,577,555,02-13,+25.0%,+30.98%,0.6549,38,✗ No,budget_exceeded
5,577,556,02-13,+25.0%,+30.89%,0.6545,38,✗ No,budget_exceeded
5,577,558,02-13,+25.0%,+29.06%,0.6453,40,✗ No,budget_exceeded
5,577,559,02-13,+25.0%,+28.72%,0.6436,40,✗ No,budget_exceeded
5,577,561,02-13,+25.0%,+27.09%,0.6355,42,✗ No,budget_exceeded
5,577,562,02-13,+25.0%,+25.57%,0.6279,44,✗ No,budget_exceeded
5,577,564,02-13,+25.0%,+25.23%,0.6261,44,✗ No,budget_exceeded
5,577,566,02-13,+25.0%,+23.37%,0.6169,46,✗ No,budget_exceeded
5,577,567,02-13,+25.0%,+15.82%,0.5791,48,✗ No,budget_exceeded
5,577,569,02-13,+24.6%,+3.74%,0.5187,49,✓ Yes,completed
5,577,570,02-13,+24.1%,+3.68%,0.5184,52,✓ Yes,completed
5,577,572,02-13,+24.1%,+3.66%,0.5183,52,✓ Yes,completed
5,577,573,02-13,+23.1%,+3.50%,0.5175,58,✓ Yes,completed
5,577,575,02-13,+22.1%,+3.40%,0.5170,62,✓ Yes,completed
5,577,577,02-13,+21.9%,+3.34%,0.5167,65,✓ Yes,completed
5,578,553,02-13,+25.0%,+29.04%,0.6452,38,✗ No,budget_exceeded
5,578,555,02-13,+25.0%,+28.62%,0.6431,38,✗ No,budget_exceeded
5,578,556,02-13,+25.0%,+28.53%,0.6427,38,✗ No,budget_exceeded
5,578,558,02-13,+25.0%,+26.90%,0.6345,40,✗ No,budget_exceeded
5,578,559,02-13,+25.0%,+25.64%,0.6282,41,✗ No,budget_exceeded
5,578,561,02-13,+25.0%,+25.22%,0.6261,42,✗ No,budget_exceeded
5,578,562,02-13,+24.9%,+3.73%,0.5187,44,✓ Yes,completed
5,578,564,02-13,+24.8%,+3.74%,0.5187,44,✓ Yes,completed
5,578,566,02-13,+24.4%,+3.74%,0.5187,45,✓ Yes,completed
5,578,567,02-13,+24.2%,+3.71%,0.5185,46,✓ Yes,completed
5,578,569,02-13,+23.8%,+3.59%,0.5180,47,✓ Yes,completed
5,578,570,02-13,+23.3%,+3.53%,0.5176,50,✓ Yes,completed
5,578,572,02-13,+23.2%,+3.53%,0.5176,50,✓ Yes,completed
5,578,574,02-13,+22.2%,+3.44%,0.5172,56,✓ Yes,completed
5,578,575,02-13,+21.4%,+3.35%,0.5167,59,✓ Yes,completed
5,578,577,02-13,+21.1%,+3.34%,0.5167,62,✓ Yes,completed
5,578,578,02-13,+20.5%,+3.29%,0.5165,65,✓ Yes,completed
5,580,553,02-13,+25.0%,+28.78%,0.6439,38,✗ No,budget_exceeded
5,580,555,02-13,+25.0%,+27.15%,0.6358,39,✗ No,budget_exceeded
5,580,556,02-13,+25.0%,+27.07%,0.6354,39,✗ No,budget_exceeded
5,580,558,02-13,+25.0%,+25.72%,0.6286,41,✗ No,budget_exceeded
5,580,559,02-13,+25.0%,+25.55%,0.6278,41,✗ No,budget_exceeded
5,580,560,02-13,+25.0%,+24.96%,0.6248,42,✗ No,budget_exceeded
5,580,562,02-13,+24.7%,+3.74%,0.5187,43,✓ Yes,completed
5,580,563,02-13,+24.5%,+3.74%,0.5187,43,✓ Yes,completed
5,580,565,02-13,+24.4%,+3.73%,0.5187,43,✓ Yes,completed
5,580,566,02-13,+23.8%,+3.61%,0.5180,45,✓ Yes,completed
5,580,568,02-13,+23.8%,+3.61%,0.5180,45,✓ Yes,completed
5,580,569,02-13,+23.1%,+3.53%,0.5176,49,✓ Yes,completed
5,580,571,02-13,+22.9%,+3.52%,0.5176,49,✓ Yes,completed
5,580,572,02-13,+22.2%,+3.45%,0.5173,52,✓ Yes,completed
5,580,574,02-13,+21.9%,+3.36%,0.5168,55,✓ Yes,completed
5,580,575,02-13,+21.1%,+3.35%,0.5167,58,✓ Yes,completed
5,580,577,02-13,+20.8%,+3.34%,0.5167,61,✓ Yes,completed
5,580,578,02-13,+20.0%,+3.19%,0.5160,63,✓ Yes,completed
5,580,580,02-13,+19.7%,+3.18%,0.5159,65,✓ Yes,completed
5,581,553,02-13,+24.8%,+3.73%,0.5186,36,✓ Yes,completed
5,581,555,02-13,+24.8%,+3.73%,0.5186,36,✓ Yes,completed
5,581,556,02-13,+24.8%,+3.73%,0.5187,36,✓ Yes,completed
5,581,558,02-13,+24.4%,+3.73%,0.5186,37,✓ Yes,completed
5,581,559,02-13,+24.3%,+3.72%,0.5186,37,✓ Yes,completed
5,581,561,02-13,+23.9%,+3.63%,0.5181,38,✓ Yes,completed
5,581,562,02-13,+23.6%,+3.57%,0.5179,38,✓ Yes,completed
5,581,564,02-13,+23.5%,+3.57%,0.5178,38,✓ Yes,completed
5,581,565,02-13,+23.1%,+3.54%,0.5177,39,✓ Yes,completed
5,581,567,02-13,+23.0%,+3.53%,0.5176,40,✓ Yes,completed
5,581,568,02-13,+23.0%,+3.53%,0.5176,40,✓ Yes,completed
5,581,569,02-13,+22.3%,+3.48%,0.5174,44,✓ Yes,completed
5,581,571,02-13,+22.1%,+3.43%,0.5171,44,✓ Yes,completed
5,581,572,02-13,+21.4%,+3.37%,0.5169,47,✓ Yes,completed
5,581,574,02-13,+21.0%,+3.37%,0.5168,50,✓ Yes,completed
5,581,575,02-13,+20.1%,+3.25%,0.5163,53,✓ Yes,completed
5,581,577,02-13,+19.8%,+3.20%,0.5160,56,✓ Yes,completed
5,581,578,02-13,+19.1%,+3.19%,0.5159,58,✓ Yes,completed
5,581,580,02-13,+18.8%,+3.17%,0.5159,59,✓ Yes,completed
5,581,581,02-13,+18.3%,+3.01%,0.5150,64,✓ Yes,completed
5,583,553,02-13,+24.5%,+3.72%,0.5186,36,✓ Yes,completed
5,583,555,02-13,+24.5%,+3.72%,0.5186,36,✓ Yes,completed
5,583,556,02-13,+24.5%,+3.72%,0.5186,36,✓ Yes,completed
5,583,558,02-13,+24.0%,+3.64%,0.5182,36,✓ Yes,completed
5,583,559,02-13,+23.9%,+3.62%,0.5181,36,✓ Yes,completed
5,583,561,02-13,+23.5%,+3.56%,0.5178,37,✓ Yes,completed
5,583,562,02-13,+23.2%,+3.54%,0.5177,37,✓ Yes,completed
5,583,564,02-13,+23.1%,+3.54%,0.5177,37,✓ Yes,completed
5,583,565,02-13,+22.7%,+3.54%,0.5177,38,✓ Yes,completed
5,583,567,02-13,+22.5%,+3.51%,0.5176,39,✓ Yes,completed
5,583,568,02-13,+21.9%,+3.39%,0.5169,40,✓ Yes,completed
5,583,570,02-13,+21.7%,+3.36%,0.5168,43,✓ Yes,completed
5,583,571,02-13,+21.4%,+3.38%,0.5169,43,✓ Yes,completed
5,583,573,02-13,+20.8%,+3.37%,0.5169,46,✓ Yes,completed
5,583,574,02-13,+20.0%,+3.23%,0.5161,49,✓ Yes,completed
5,583,576,02-13,+19.5%,+3.21%,0.5161,51,✓ Yes,completed
5,583,577,02-13,+18.8%,+3.19%,0.5159,53,✓ Yes,completed
5,583,579,02-13,+18.1%,+3.00%,0.5150,54,✓ Yes,completed
5,583,580,02-13,+17.8%,+2.95%,0.5147,57,✓ Yes,completed
5,583,582,02-13,+17.4%,+2.91%,0.5146,60,✓ Yes,completed
5,583,583,02-13,+16.6%,+2.80%,0.5140,64,✓ Yes,completed
5,585,553,02-13,+24.1%,+3.66%,0.5183,36,✓ Yes,completed
5,585,555,02-13,+24.1%,+3.66%,0.5183,36,✓ Yes,completed
5,585,556,02-13,+24.1%,+3.64%,0.5182,36,✓ Yes,completed
5,585,558,02-13,+23.6%,+3.55%,0.5177,36,✓ Yes,completed
5,585,559,02-13,+23.5%,+3.54%,0.5177,36,✓ Yes,completed
5,585,561,02-13,+23.1%,+3.52%,0.5176,37,✓ Yes,completed
5,585,562,02-13,+22.8%,+3.52%,0.5176,37,✓ Yes,completed
5,585,564,02-13,+22.8%,+3.53%,0.5176,37,✓ Yes,completed
5,585,565,02-13,+22.3%,+3.48%,0.5174,38,✓ Yes,completed
5,585,567,02-13,+21.9%,+3.38%,0.5169,39,✓ Yes,completed
5,585,568,02-13,+21.4%,+3.37%,0.5169,40,✓ Yes,completed
5,585,570,02-13,+21.1%,+3.37%,0.5168,43,✓ Yes,completed
5,585,571,02-13,+20.8%,+3.37%,0.5169,43,✓ Yes,completed
5,585,573,02-13,+20.2%,+3.28%,0.5164,46,✓ Yes,completed
5,585,574,02-13,+19.5%,+3.21%,0.5161,48,✓ Yes,completed
5,585,576,02-13,+19.0%,+3.20%,0.5160,50,✓ Yes,completed
5,585,577,02-13,+18.4%,+3.07%,0.5153,52,✓ Yes,completed
5,585,579,02-13,+17.7%,+2.95%,0.5148,53,✓ Yes,completed
5,585,580,02-13,+17.4%,+2.93%,0.5146,55,✓ Yes,completed
5,585,582,02-13,+16.8%,+2.88%,0.5144,58,✓ Yes,completed
5,585,583,02-13,+16.1%,+2.70%,0.5135,61,✓ Yes,completed
5,585,585,02-13,+16.0%,+2.69%,0.5135,62,✓ Yes,completed
5,586,553,02-13,+23.2%,+3.49%,0.5175,35,✓ Yes,completed
5,586,555,02-13,+23.2%,+3.49%,0.5175,35,✓ Yes,completed
5,586,556,02-13,+23.1%,+3.49%,0.5175,35,✓ Yes,completed
5,586,558,02-13,+22.7%,+3.50%,0.5175,35,✓ Yes,completed
5,586,559,02-13,+22.6%,+3.50%,0.5175,35,✓ Yes,completed
5,586,561,02-13,+22.2%,+3.44%,0.5172,36,✓ Yes,completed
5,586,562,02-13,+21.9%,+3.37%,0.5168,36,✓ Yes,completed
5,586,564,02-13,+21.8%,+3.36%,0.5168,36,✓ Yes,completed
5,586,565,02-13,+21.4%,+3.37%,0.5168,37,✓ Yes,completed
5,586,567,02-13,+21.0%,+3.36%,0.5168,38,✓ Yes,completed
5,586,568,02-13,+20.5%,+3.33%,0.5167,39,✓ Yes,completed
5,586,570,02-13,+20.0%,+3.23%,0.5161,41,✓ Yes,completed
5,586,571,02-13,+19.8%,+3.22%,0.5161,41,✓ Yes,completed
5,586,573,02-13,+19.2%,+3.21%,0.5160,44,✓ Yes,completed
5,586,574,02-13,+18.4%,+3.07%,0.5154,45,✓ Yes,completed
5,586,576,02-13,+17.8%,+2.97%,0.5149,47,✓ Yes,completed
5,586,577,02-13,+17.1%,+2.93%,0.5147,49,✓ Yes,completed
5,586,579,02-13,+16.5%,+2.79%,0.5139,50,✓ Yes,completed
5,586,580,02-13,+16.2%,+2.73%,0.5137,51,✓ Yes,completed
5,586,582,02-13,+15.7%,+2.71%,0.5136,54,✓ Yes,completed
5,586,583,02-13,+15.1%,+2.67%,0.5134,56,✓ Yes,completed
5,586,585,02-13,+14.9%,+2.62%,0.5131,57,✓ Yes,completed
5,586,586,02-13,+14.1%,+2.41%,0.5120,62,✓ Yes,completed
5,572,553,02-14,+25.0%,+34.51%,0.6725,38,✗ No,budget_exceeded
5,572,555,02-14,+25.0%,+34.34%,0.6717,39,✗ No,budget_exceeded
5,572,556,02-14,+25.0%,+34.08%,0.6704,40,✗ No,budget_exceeded
5,572,558,02-14,+25.0%,+32.58%,0.6629,42,✗ No,budget_exceeded
5,572,559,02-14,+25.0%,+30.75%,0.6538,43,✗ No,budget_exceeded
5,572,561,02-14,+25.0%,+29.21%,0.6461,45,✗ No,budget_exceeded
5,572,562,02-14,+25.0%,+28.78%,0.6439,47,✗ No,budget_exceeded
5,572,564,02-14,+25.0%,+28.61%,0.6430,48,✗ No,budget_exceeded
5,572,566,02-14,+25.0%,+27.00%,0.6350,51,✗ No,budget_exceeded
5,572,567,02-14,+25.0%,+26.82%,0.6341,52,✗ No,budget_exceeded
5,572,569,02-14,+25.0%,+4.26%,0.5213,58,✗ No,budget_exceeded
5,572,570,02-14,+24.5%,+3.80%,0.5190,60,✓ Yes,completed
5,572,572,02-14,+24.5%,+3.81%,0.5190,60,✓ Yes,completed
5,573,553,02-14,+25.0%,+32.67%,0.6634,37,✗ No,budget_exceeded
5,573,555,02-14,+25.0%,+32.50%,0.6625,38,✗ No,budget_exceeded
5,573,556,02-14,+25.0%,+32.42%,0.6621,38,✗ No,budget_exceeded
5,573,558,02-14,+25.0%,+30.67%,0.6533,40,✗ No,budget_exceeded
5,573,559,02-14,+25.0%,+29.05%,0.6452,41,✗ No,budget_exceeded
5,573,561,02-14,+25.0%,+28.62%,0.6431,42,✗ No,budget_exceeded
5,573,562,02-14,+25.0%,+27.27%,0.6363,45,✗ No,budget_exceeded
5,573,564,02-14,+25.0%,+26.92%,0.6346,47,✗ No,budget_exceeded
5,573,566,02-14,+25.0%,+25.15%,0.6257,50,✗ No,budget_exceeded
5,573,567,02-14,+25.0%,+8.92%,0.5446,53,✗ No,budget_exceeded
5,573,569,02-14,+25.0%,+3.84%,0.5192,55,✗ No,budget_exceeded
5,573,570,02-14,+24.1%,+3.79%,0.5190,57,✓ Yes,completed
5,573,572,02-14,+24.1%,+3.77%,0.5189,57,✓ Yes,completed
5,573,573,02-14,+23.1%,+3.66%,0.5183,64,✓ Yes,completed
5,575,553,02-14,+25.0%,+32.50%,0.6625,37,✗ No,budget_exceeded
5,575,555,02-14,+25.0%,+30.66%,0.6533,38,✗ No,budget_exceeded
5,575,556,02-14,+25.0%,+30.58%,0.6529,38,✗ No,budget_exceeded
5,575,558,02-14,+25.0%,+28.95%,0.6448,40,✗ No,budget_exceeded
5,575,559,02-14,+25.0%,+28.62%,0.6431,40,✗ No,budget_exceeded
5,575,561,02-14,+25.0%,+27.27%,0.6363,42,✗ No,budget_exceeded
5,575,562,02-14,+25.0%,+26.75%,0.6338,43,✗ No,budget_exceeded
5,575,564,02-14,+25.0%,+8.93%,0.5446,48,✗ No,budget_exceeded
5,575,566,02-14,+25.0%,+3.93%,0.5197,50,✗ No,budget_exceeded
5,575,567,02-14,+24.5%,+3.83%,0.5191,50,✓ Yes,completed
5,575,569,02-14,+24.1%,+3.79%,0.5189,51,✓ Yes,completed
5,575,570,02-14,+23.6%,+3.69%,0.5185,54,✓ Yes,completed
5,575,572,02-14,+23.5%,+3.69%,0.5184,54,✓ Yes,completed
5,575,573,02-14,+22.6%,+3.68%,0.5184,61,✓ Yes,completed
5,575,575,02-14,+21.8%,+3.49%,0.5175,65,✓ Yes,completed
5,577,553,02-14,+25.0%,+30.83%,0.6541,38,✗ No,budget_exceeded
5,577,555,02-14,+25.0%,+30.41%,0.6520,38,✗ No,budget_exceeded
5,577,556,02-14,+25.0%,+29.12%,0.6456,39,✗ No,budget_exceeded
5,577,558,02-14,+25.0%,+28.69%,0.6435,40,✗ No,budget_exceeded
5,577,559,02-14,+25.0%,+27.43%,0.6372,41,✗ No,budget_exceeded
5,577,561,02-14,+25.0%,+27.01%,0.6350,42,✗ No,budget_exceeded
5,577,562,02-14,+25.0%,+17.68%,0.5884,45,✗ No,budget_exceeded
5,577,564,02-14,+25.0%,+4.03%,0.5201,46,✗ No,budget_exceeded
5,577,566,02-14,+24.4%,+3.84%,0.5192,46,✓ Yes,completed
5,577,567,02-14,+24.2%,+3.82%,0.5191,47,✓ Yes,completed
5,577,569,02-14,+23.8%,+3.73%,0.5186,48,✓ Yes,completed
5,577,570,02-14,+23.3%,+3.70%,0.5185,51,✓ Yes,completed
5,577,572,02-14,+23.2%,+3.70%,0.5185,51,✓ Yes,completed
5,577,573,02-14,+22.2%,+3.62%,0.5181,57,✓ Yes,completed
5,577,575,02-14,+21.4%,+3.47%,0.5174,61,✓ Yes,completed
5,577,577,02-14,+21.1%,+3.45%,0.5172,64,✓ Yes,completed
5,578,553,02-14,+25.0%,+28.76%,0.6438,38,✗ No,budget_exceeded
5,578,555,02-14,+25.0%,+27.42%,0.6371,39,✗ No,budget_exceeded
5,578,556,02-14,+25.0%,+27.34%,0.6367,39,✗ No,budget_exceeded
5,578,558,02-14,+25.0%,+26.91%,0.6345,40,✗ No,budget_exceeded
5,578,559,02-14,+25.0%,+25.14%,0.6257,41,✗ No,budget_exceeded
5,578,561,02-14,+25.0%,+3.94%,0.5197,43,✗ No,budget_exceeded
5,578,562,02-14,+24.1%,+3.81%,0.5191,43,✓ Yes,completed
5,578,564,02-14,+24.0%,+3.78%,0.5189,43,✓ Yes,completed
5,578,566,02-14,+23.6%,+3.71%,0.5185,44,✓ Yes,completed
5,578,567,02-14,+23.5%,+3.70%,0.5185,45,✓ Yes,completed
5,578,569,02-14,+23.0%,+3.72%,0.5186,46,✓ Yes,completed
5,578,570,02-14,+22.5%,+3.71%,0.5185,49,✓ Yes,completed
5,578,572,02-14,+22.5%,+3.69%,0.5185,49,✓ Yes,completed
5,578,574,02-14,+21.5%,+3.49%,0.5174,55,✓ Yes,completed
5,578,575,02-14,+20.7%,+3.47%,0.5173,58,✓ Yes,completed
5,578,577,02-14,+20.5%,+3.41%,0.5171,61,✓ Yes,completed
5,578,578,02-14,+19.8%,+3.29%,0.5164,64,✓ Yes,completed
5,580,553,02-14,+25.0%,+27.58%,0.6379,39,✗ No,budget_exceeded
5,580,555,02-14,+25.0%,+27.16%,0.6358,39,✗ No,budget_exceeded
5,580,556,02-14,+25.0%,+27.07%,0.6354,39,✗ No,budget_exceeded
5,580,558,02-14,+25.0%,+4.27%,0.5213,41,✗ No,budget_exceeded
5,580,559,02-14,+25.0%,+4.10%,0.5205,41,✗ No,budget_exceeded
5,580,560,02-14,+24.3%,+3.83%,0.5191,41,✓ Yes,completed
5,580,562,02-14,+23.8%,+3.74%,0.5187,42,✓ Yes,completed
5,580,563,02-14,+23.7%,+3.71%,0.5186,42,✓ Yes,completed
5,580,565,02-14,+23.6%,+3.71%,0.5185,42,✓ Yes,completed
5,580,566,02-14,+23.1%,+3.71%,0.5186,44,✓ Yes,completed
5,580,568,02-14,+23.1%,+3.71%,0.5186,44,✓ Yes,completed
5,580,569,02-14,+22.4%,+3.68%,0.5184,48,✓ Yes,completed
5,580,571,02-14,+22.1%,+3.62%,0.5181,48,✓ Yes,completed
5,580,572,02-14,+21.5%,+3.50%,0.5175,51,✓ Yes,completed
5,580,574,02-14,+21.1%,+3.47%,0.5174,54,✓ Yes,completed
5,580,575,02-14,+20.4%,+3.41%,0.5170,57,✓ Yes,completed
5,580,577,02-14,+20.1%,+3.32%,0.5166,60,✓ Yes,completed
5,580,578,02-14,+19.3%,+3.30%,0.5165,62,✓ Yes,completed
5,580,580,02-14,+19.0%,+3.29%,0.5165,64,✓ Yes,completed
5,581,553,02-14,+24.0%,+3.77%,0.5188,35,✓ Yes,completed
5,581,555,02-14,+24.0%,+3.77%,0.5188,35,✓ Yes,completed
5,581,556,02-14,+23.9%,+3.75%,0.5188,35,✓ Yes,completed
5,581,558,02-14,+23.5%,+3.70%,0.5185,36,✓ Yes,completed
5,581,559,02-14,+23.5%,+3.70%,0.5185,36,✓ Yes,completed
5,581,561,02-14,+23.1%,+3.72%,0.5186,37,✓ Yes,completed
5,581,562,02-14,+22.8%,+3.73%,0.5186,37,✓ Yes,completed
5,581,564,02-14,+22.8%,+3.73%,0.5186,37,✓ Yes,completed
5,581,565,02-14,+22.4%,+3.69%,0.5185,38,✓ Yes,completed
5,581,567,02-14,+22.2%,+3.65%,0.5183,39,✓ Yes,completed
5,581,568,02-14,+22.2%,+3.65%,0.5183,39,✓ Yes,completed
5,581,569,02-14,+21.5%,+3.52%,0.5176,43,✓ Yes,completed
5,581,571,02-14,+21.3%,+3.51%,0.5176,43,✓ Yes,completed
5,581,572,02-14,+20.6%,+3.48%,0.5174,46,✓ Yes,completed
5,581,574,02-14,+20.2%,+3.38%,0.5169,49,✓ Yes,completed
5,581,575,02-14,+19.5%,+3.33%,0.5167,52,✓ Yes,completed
5,581,577,02-14,+19.1%,+3.32%,0.5166,55,✓ Yes,completed
5,581,578,02-14,+18.4%,+3.22%,0.5161,57,✓ Yes,completed
5,581,580,02-14,+18.1%,+3.17%,0.5159,58,✓ Yes,completed
5,581,581,02-14,+17.7%,+3.14%,0.5157,62,✓ Yes,completed
5,583,553,02-14,+23.7%,+3.70%,0.5185,35,✓ Yes,completed
5,583,555,02-14,+23.7%,+3.70%,0.5185,35,✓ Yes,completed
5,583,556,02-14,+23.6%,+3.69%,0.5185,35,✓ Yes,completed
5,583,558,02-14,+23.1%,+3.70%,0.5185,35,✓ Yes,completed
5,583,559,02-14,+23.1%,+3.71%,0.5185,35,✓ Yes,completed
5,583,561,02-14,+22.7%,+3.72%,0.5186,36,✓ Yes,completed
5,583,562,02-14,+22.5%,+3.70%,0.5185,36,✓ Yes,completed
5,583,564,02-14,+22.4%,+3.69%,0.5184,36,✓ Yes,completed
5,583,565,02-14,+21.9%,+3.57%,0.5179,37,✓ Yes,completed
5,583,567,02-14,+21.7%,+3.54%,0.5177,38,✓ Yes,completed
5,583,568,02-14,+21.1%,+3.50%,0.5175,39,✓ Yes,completed
5,583,570,02-14,+20.9%,+3.50%,0.5175,42,✓ Yes,completed
5,583,571,02-14,+20.6%,+3.48%,0.5174,42,✓ Yes,completed
5,583,573,02-14,+20.0%,+3.34%,0.5167,45,✓ Yes,completed
5,583,574,02-14,+19.2%,+3.33%,0.5167,48,✓ Yes,completed
5,583,576,02-14,+18.8%,+3.33%,0.5166,50,✓ Yes,completed
5,583,577,02-14,+18.1%,+3.19%,0.5159,52,✓ Yes,completed
5,583,579,02-14,+17.5%,+3.16%,0.5158,53,✓ Yes,completed
5,583,580,02-14,+17.1%,+3.14%,0.5157,56,✓ Yes,completed
5,583,582,02-14,+16.8%,+3.08%,0.5154,58,✓ Yes,completed
5,583,583,02-14,+16.1%,+2.90%,0.5145,61,✓ Yes,completed
5,585,553,02-14,+23.4%,+3.68%,0.5184,35,✓ Yes,completed
5,585,555,02-14,+23.4%,+3.68%,0.5184,35,✓ Yes,completed
5,585,556,02-14,+23.3%,+3.68%,0.5184,35,✓ Yes,completed
5,585,558,02-14,+22.8%,+3.71%,0.5185,35,✓ Yes,completed
5,585,559,02-14,+22.8%,+3.71%,0.5185,35,✓ Yes,completed
5,585,561,02-14,+22.4%,+3.68%,0.5184,36,✓ Yes,completed
5,585,562,02-14,+22.1%,+3.62%,0.5181,36,✓ Yes,completed
5,585,564,02-14,+22.1%,+3.60%,0.5180,36,✓ Yes,completed
5,585,565,02-14,+21.6%,+3.53%,0.5176,37,✓ Yes,completed
5,585,567,02-14,+21.2%,+3.50%,0.5175,38,✓ Yes,completed
5,585,568,02-14,+20.7%,+3.50%,0.5175,39,✓ Yes,completed
5,585,570,02-14,+20.5%,+3.45%,0.5172,42,✓ Yes,completed
5,585,571,02-14,+20.1%,+3.37%,0.5168,42,✓ Yes,completed
5,585,573,02-14,+19.5%,+3.34%,0.5167,45,✓ Yes,completed
5,585,574,02-14,+18.8%,+3.34%,0.5167,47,✓ Yes,completed
5,585,576,02-14,+18.4%,+3.24%,0.5162,49,✓ Yes,completed
5,585,577,02-14,+17.8%,+3.17%,0.5159,51,✓ Yes,completed
5,585,579,02-14,+17.1%,+3.15%,0.5158,52,✓ Yes,completed
5,585,580,02-14,+16.8%,+3.09%,0.5155,54,✓ Yes,completed
5,585,582,02-14,+16.5%,+2.99%,0.5149,56,✓ Yes,completed
5,585,583,02-14,+15.8%,+2.89%,0.5144,59,✓ Yes,completed
5,585,585,02-14,+15.6%,+2.87%,0.5143,60,✓ Yes,completed
5,586,553,02-14,+22.5%,+3.66%,0.5183,34,✓ Yes,completed
5,586,555,02-14,+22.5%,+3.66%,0.5183,34,✓ Yes,completed
5,586,556,02-14,+22.4%,+3.65%,0.5182,34,✓ Yes,completed
5,586,558,02-14,+21.9%,+3.54%,0.5177,34,✓ Yes,completed
5,586,559,02-14,+21.8%,+3.53%,0.5176,34,✓ Yes,completed
5,586,561,02-14,+21.5%,+3.49%,0.5175,35,✓ Yes,completed
5,586,562,02-14,+21.2%,+3.49%,0.5174,35,✓ Yes,completed
5,586,564,02-14,+21.1%,+3.48%,0.5174,35,✓ Yes,completed
5,586,565,02-14,+20.7%,+3.49%,0.5174,36,✓ Yes,completed
5,586,567,02-14,+20.3%,+3.40%,0.5170,37,✓ Yes,completed
5,586,568,02-14,+19.8%,+3.33%,0.5166,38,✓ Yes,completed
5,586,570,02-14,+19.3%,+3.33%,0.5167,40,✓ Yes,completed
5,586,571,02-14,+19.1%,+3.34%,0.5167,40,✓ Yes,completed
5,586,573,02-14,+18.5%,+3.28%,0.5164,43,✓ Yes,completed
5,586,574,02-14,+17.7%,+3.18%,0.5159,44,✓ Yes,completed
5,586,576,02-14,+17.2%,+3.17%,0.5158,46,✓ Yes,completed
5,586,577,02-14,+16.5%,+3.03%,0.5151,48,✓ Yes,completed
5,586,579,02-14,+15.8%,+2.92%,0.5146,49,✓ Yes,completed
5,586,580,02-14,+15.6%,+2.90%,0.5145,50,✓ Yes,completed
5,586,582,02-14,+15.3%,+2.88%,0.5144,52,✓ Yes,completed
5,586,583,02-14,+14.7%,+2.75%,0.5138,54,✓ Yes,completed
5,586,585,02-14,+14.5%,+2.70%,0.5135,55,✓ Yes,completed
5,586,586,02-14,+13.8%,+2.64%,0.5132,60,✓ Yes,completed
5,572,553,02-15,+25.0%,+34.41%,0.6721,38,✗ No,budget_exceeded
5,572,555,02-15,+25.0%,+34.24%,0.6712,39,✗ No,budget_exceeded
5,572,556,02-15,+25.0%,+32.66%,0.6633,41,✗ No,budget_exceeded
5,572,558,02-15,+25.0%,+32.23%,0.6612,42,✗ No,budget_exceeded
5,572,559,02-15,+25.0%,+30.61%,0.6531,43,✗ No,budget_exceeded
5,572,561,02-15,+25.0%,+29.26%,0.6463,45,✗ No,budget_exceeded
5,572,562,02-15,+25.0%,+28.83%,0.6442,47,✗ No,budget_exceeded
5,572,564,02-15,+25.0%,+28.66%,0.6433,48,✗ No,budget_exceeded
5,572,566,02-15,+25.0%,+5.99%,0.5300,55,✗ No,budget_exceeded
5,572,567,02-15,+25.0%,+5.82%,0.5291,56,✗ No,budget_exceeded
5,572,569,02-15,+25.0%,+4.15%,0.5207,58,✗ No,budget_exceeded
5,572,570,02-15,+24.4%,+3.78%,0.5189,61,✓ Yes,completed
5,572,572,02-15,+24.3%,+3.78%,0.5189,61,✓ Yes,completed
5,573,553,02-15,+25.0%,+32.32%,0.6616,37,✗ No,budget_exceeded
5,573,555,02-15,+25.0%,+31.04%,0.6552,39,✗ No,budget_exceeded
5,573,556,02-15,+25.0%,+30.95%,0.6548,39,✗ No,budget_exceeded
5,573,558,02-15,+25.0%,+30.53%,0.6526,40,✗ No,budget_exceeded
5,573,559,02-15,+25.0%,+29.10%,0.6455,41,✗ No,budget_exceeded
5,573,561,02-15,+25.0%,+28.67%,0.6433,42,✗ No,budget_exceeded
5,573,562,02-15,+25.0%,+19.50%,0.5975,47,✗ No,budget_exceeded
5,573,564,02-15,+25.0%,+5.92%,0.5296,51,✗ No,budget_exceeded
5,573,566,02-15,+25.0%,+5.49%,0.5274,52,✗ No,budget_exceeded
5,573,567,02-15,+25.0%,+4.16%,0.5208,54,✗ No,budget_exceeded
5,573,569,02-15,+24.5%,+3.79%,0.5190,54,✓ Yes,completed
5,573,570,02-15,+24.0%,+3.73%,0.5187,58,✓ Yes,completed
5,573,572,02-15,+23.9%,+3.72%,0.5186,58,✓ Yes,completed
5,573,573,02-15,+22.5%,+3.72%,0.5186,63,✓ Yes,completed
5,575,553,02-15,+25.0%,+30.86%,0.6543,38,✗ No,budget_exceeded
5,575,555,02-15,+25.0%,+30.44%,0.6522,38,✗ No,budget_exceeded
5,575,556,02-15,+25.0%,+29.43%,0.6472,39,✗ No,budget_exceeded
5,575,558,02-15,+25.0%,+29.00%,0.6450,40,✗ No,budget_exceeded
5,575,559,02-15,+25.0%,+28.67%,0.6433,40,✗ No,budget_exceeded
5,575,561,02-15,+25.0%,+10.75%,0.5537,44,✗ No,budget_exceeded
5,575,562,02-15,+25.0%,+5.67%,0.5283,46,✗ No,budget_exceeded
5,575,564,02-15,+25.0%,+4.16%,0.5208,49,✗ No,budget_exceeded
5,575,566,02-15,+24.5%,+3.80%,0.5190,49,✓ Yes,completed
5,575,567,02-15,+24.4%,+3.81%,0.5190,50,✓ Yes,completed
5,575,569,02-15,+24.0%,+3.75%,0.5188,51,✓ Yes,completed
5,575,570,02-15,+23.5%,+3.68%,0.5184,55,✓ Yes,completed
5,575,572,02-15,+23.4%,+3.68%,0.5184,55,✓ Yes,completed
5,575,573,02-15,+21.9%,+3.62%,0.5181,60,✓ Yes,completed
5,575,575,02-15,+21.1%,+3.60%,0.5180,63,✓ Yes,completed
5,577,553,02-15,+25.0%,+30.60%,0.6530,38,✗ No,budget_exceeded
5,577,555,02-15,+25.0%,+29.26%,0.6463,39,✗ No,budget_exceeded
5,577,556,02-15,+25.0%,+29.17%,0.6459,39,✗ No,budget_exceeded
5,577,558,02-15,+25.0%,+28.75%,0.6437,40,✗ No,budget_exceeded
5,577,559,02-15,+25.0%,+26.98%,0.6349,41,✗ No,budget_exceeded
5,577,561,02-15,+25.0%,+5.84%,0.5292,44,✗ No,budget_exceeded
5,577,562,02-15,+25.0%,+4.17%,0.5208,46,✗ No,budget_exceeded
5,577,564,02-15,+25.0%,+3.83%,0.5191,46,✗ No,budget_exceeded
5,577,566,02-15,+24.2%,+3.80%,0.5190,46,✓ Yes,completed
5,577,567,02-15,+24.1%,+3.78%,0.5189,47,✓ Yes,completed
5,577,569,02-15,+23.7%,+3.69%,0.5185,48,✓ Yes,completed
5,577,570,02-15,+22.6%,+3.76%,0.5188,50,✓ Yes,completed
5,577,572,02-15,+22.5%,+3.76%,0.5188,50,✓ Yes,completed
5,577,573,02-15,+21.5%,+3.60%,0.5180,56,✓ Yes,completed
5,577,575,02-15,+20.8%,+3.61%,0.5180,59,✓ Yes,completed
5,577,577,02-15,+20.5%,+3.56%,0.5178,62,✓ Yes,completed
5,578,553,02-15,+25.0%,+28.99%,0.6449,38,✗ No,budget_exceeded
5,578,555,02-15,+25.0%,+28.57%,0.6428,38,✗ No,budget_exceeded
5,578,556,02-15,+25.0%,+27.05%,0.6353,39,✗ No,budget_exceeded
5,578,558,02-15,+25.0%,+5.83%,0.5291,41,✗ No,budget_exceeded
5,578,559,02-15,+25.0%,+5.49%,0.5275,41,✗ No,budget_exceeded
5,578,561,02-15,+25.0%,+3.91%,0.5195,43,✗ No,budget_exceeded
5,578,562,02-15,+24.1%,+3.79%,0.5189,43,✓ Yes,completed
5,578,564,02-15,+24.0%,+3.76%,0.5188,43,✓ Yes,completed
5,578,566,02-15,+23.6%,+3.69%,0.5184,44,✓ Yes,completed
5,578,567,02-15,+23.5%,+3.69%,0.5185,45,✓ Yes,completed
5,578,569,02-15,+22.5%,+3.76%,0.5188,45,✓ Yes,completed
5,578,570,02-15,+22.0%,+3.67%,0.5183,48,✓ Yes,completed
5,578,572,02-15,+21.9%,+3.65%,0.5182,48,✓ Yes,completed
5,578,574,02-15,+20.9%,+3.62%,0.5181,54,✓ Yes,completed
5,578,575,02-15,+20.1%,+3.48%,0.5174,57,✓ Yes,completed
5,578,577,02-15,+19.9%,+3.42%,0.5171,60,✓ Yes,completed
5,578,578,02-15,+19.3%,+3.37%,0.5168,62,✓ Yes,completed
5,580,553,02-15,+25.0%,+28.73%,0.6436,38,✗ No,budget_exceeded
5,580,555,02-15,+25.0%,+5.91%,0.5295,39,✗ No,budget_exceeded
5,580,556,02-15,+25.0%,+5.83%,0.5291,39,✗ No,budget_exceeded
5,580,558,02-15,+25.0%,+4.24%,0.5212,41,✗ No,budget_exceeded
5,580,559,02-15,+25.0%,+4.07%,0.5204,41,✗ No,budget_exceeded
5,580,560,02-15,+24.3%,+3.81%,0.5190,41,✓ Yes,completed
5,580,562,02-15,+23.8%,+3.72%,0.5186,42,✓ Yes,completed
5,580,563,02-15,+23.7%,+3.69%,0.5185,42,✓ Yes,completed
5,580,565,02-15,+23.6%,+3.69%,0.5184,42,✓ Yes,completed
5,580,566,02-15,+22.5%,+3.76%,0.5188,43,✓ Yes,completed
5,580,568,02-15,+22.5%,+3.76%,0.5188,43,✓ Yes,completed
5,580,569,02-15,+21.8%,+3.63%,0.5182,47,✓ Yes,completed
5,580,571,02-15,+21.6%,+3.62%,0.5181,47,✓ Yes,completed
5,580,572,02-15,+20.9%,+3.63%,0.5182,50,✓ Yes,completed
5,580,574,02-15,+20.6%,+3.60%,0.5180,53,✓ Yes,completed
5,580,575,02-15,+19.8%,+3.43%,0.5171,56,✓ Yes,completed
5,580,577,02-15,+19.5%,+3.39%,0.5169,59,✓ Yes,completed
5,580,578,02-15,+18.8%,+3.37%,0.5169,60,✓ Yes,completed
5,580,580,02-15,+18.5%,+3.30%,0.5165,62,✓ Yes,completed
5,581,553,02-15,+23.9%,+3.73%,0.5186,35,✓ Yes,completed
5,581,555,02-15,+23.9%,+3.73%,0.5186,35,✓ Yes,completed
5,581,556,02-15,+23.8%,+3.71%,0.5186,35,✓ Yes,completed
5,581,558,02-15,+23.5%,+3.69%,0.5184,36,✓ Yes,completed
5,581,559,02-15,+23.4%,+3.69%,0.5185,36,✓ Yes,completed
5,581,561,02-15,+22.5%,+3.77%,0.5188,36,✓ Yes,completed
5,581,562,02-15,+22.2%,+3.73%,0.5187,36,✓ Yes,completed
5,581,564,02-15,+22.1%,+3.72%,0.5186,36,✓ Yes,completed
5,581,565,02-15,+21.8%,+3.65%,0.5182,37,✓ Yes,completed
5,581,567,02-15,+21.6%,+3.64%,0.5182,38,✓ Yes,completed
5,581,568,02-15,+21.6%,+3.64%,0.5182,38,✓ Yes,completed
5,581,569,02-15,+21.0%,+3.65%,0.5182,42,✓ Yes,completed
5,581,571,02-15,+20.8%,+3.64%,0.5182,42,✓ Yes,completed
5,581,572,02-15,+20.1%,+3.49%,0.5174,45,✓ Yes,completed
5,581,574,02-15,+19.7%,+3.42%,0.5171,48,✓ Yes,completed
5,581,575,02-15,+18.9%,+3.40%,0.5170,51,✓ Yes,completed
5,581,577,02-15,+18.6%,+3.34%,0.5167,54,✓ Yes,completed
5,581,578,02-15,+18.0%,+3.22%,0.5161,55,✓ Yes,completed
5,581,580,02-15,+17.8%,+3.22%,0.5161,56,✓ Yes,completed
5,581,581,02-15,+17.3%,+3.21%,0.5161,60,✓ Yes,completed
5,583,553,02-15,+23.6%,+3.67%,0.5183,35,✓ Yes,completed
5,583,555,02-15,+23.6%,+3.67%,0.5183,35,✓ Yes,completed
5,583,556,02-15,+23.5%,+3.67%,0.5184,35,✓ Yes,completed
5,583,558,02-15,+22.5%,+3.76%,0.5188,34,✓ Yes,completed
5,583,559,02-15,+22.5%,+3.76%,0.5188,34,✓ Yes,completed
5,583,561,02-15,+22.1%,+3.69%,0.5185,35,✓ Yes,completed
5,583,562,02-15,+21.8%,+3.65%,0.5182,35,✓ Yes,completed
5,583,564,02-15,+21.8%,+3.64%,0.5182,35,✓ Yes,completed
5,583,565,02-15,+21.3%,+3.64%,0.5182,36,✓ Yes,completed
5,583,567,02-15,+21.1%,+3.65%,0.5182,37,✓ Yes,completed
5,583,568,02-15,+20.6%,+3.63%,0.5181,38,✓ Yes,completed
5,583,570,02-15,+20.4%,+3.56%,0.5178,41,✓ Yes,completed
5,583,571,02-15,+20.1%,+3.49%,0.5174,41,✓ Yes,completed
5,583,573,02-15,+19.5%,+3.42%,0.5171,44,✓ Yes,completed
5,583,574,02-15,+18.7%,+3.37%,0.5169,47,✓ Yes,completed
5,583,576,02-15,+18.2%,+3.26%,0.5163,49,✓ Yes,completed
5,583,577,02-15,+17.6%,+3.24%,0.5162,51,✓ Yes,completed
5,583,579,02-15,+17.1%,+3.24%,0.5162,51,✓ Yes,completed
5,583,580,02-15,+16.8%,+3.19%,0.5160,54,✓ Yes,completed
5,583,582,02-15,+16.5%,+3.11%,0.5156,56,✓ Yes,completed
5,583,583,02-15,+15.8%,+3.05%,0.5153,59,✓ Yes,completed
5,585,553,02-15,+22.8%,+3.73%,0.5187,34,✓ Yes,completed
5,585,555,02-15,+22.8%,+3.73%,0.5187,34,✓ Yes,completed
5,585,556,02-15,+22.7%,+3.74%,0.5187,34,✓ Yes,completed
5,585,558,02-15,+22.2%,+3.71%,0.5186,34,✓ Yes,completed
5,585,559,02-15,+22.1%,+3.70%,0.5185,34,✓ Yes,completed
5,585,561,02-15,+21.8%,+3.63%,0.5181,35,✓ Yes,completed
5,585,562,02-15,+21.5%,+3.63%,0.5181,35,✓ Yes,completed
5,585,564,02-15,+21.5%,+3.63%,0.5181,35,✓ Yes,completed
5,585,565,02-15,+21.0%,+3.65%,0.5182,36,✓ Yes,completed
5,585,567,02-15,+20.6%,+3.62%,0.5181,37,✓ Yes,completed
5,585,568,02-15,+20.1%,+3.51%,0.5175,38,✓ Yes,completed
5,585,570,02-15,+19.9%,+3.46%,0.5173,41,✓ Yes,completed
5,585,571,02-15,+19.6%,+3.43%,0.5171,41,✓ Yes,completed
5,585,573,02-15,+19.0%,+3.42%,0.5171,44,✓ Yes,completed
5,585,574,02-15,+18.3%,+3.28%,0.5164,46,✓ Yes,completed
5,585,576,02-15,+17.8%,+3.24%,0.5162,48,✓ Yes,completed
5,585,577,02-15,+17.2%,+3.24%,0.5162,50,✓ Yes,completed
5,585,579,02-15,+16.8%,+3.21%,0.5160,50,✓ Yes,completed
5,585,580,02-15,+16.5%,+3.12%,0.5156,52,✓ Yes,completed
5,585,582,02-15,+16.1%,+3.07%,0.5154,54,✓ Yes,completed
5,585,583,02-15,+15.5%,+3.05%,0.5152,57,✓ Yes,completed
5,585,585,02-15,+15.3%,+3.04%,0.5152,58,✓ Yes,completed
5,586,553,02-15,+21.9%,+3.62%,0.5181,33,✓ Yes,completed
5,586,555,02-15,+21.9%,+3.62%,0.5181,33,✓ Yes,completed
5,586,556,02-15,+21.8%,+3.61%,0.5180,33,✓ Yes,completed
5,586,558,02-15,+21.4%,+3.61%,0.5180,33,✓ Yes,completed
5,586,559,02-15,+21.3%,+3.61%,0.5181,33,✓ Yes,completed
5,586,561,02-15,+20.9%,+3.63%,0.5181,34,✓ Yes,completed
5,586,562,02-15,+20.7%,+3.62%,0.5181,34,✓ Yes,completed
5,586,564,02-15,+20.6%,+3.61%,0.5181,34,✓ Yes,completed
5,586,565,02-15,+20.1%,+3.50%,0.5175,35,✓ Yes,completed
5,586,567,02-15,+19.8%,+3.43%,0.5172,36,✓ Yes,completed
5,586,568,02-15,+19.3%,+3.41%,0.5170,37,✓ Yes,completed
5,586,570,02-15,+18.8%,+3.40%,0.5170,39,✓ Yes,completed
5,586,571,02-15,+18.6%,+3.36%,0.5168,39,✓ Yes,completed
5,586,573,02-15,+18.1%,+3.24%,0.5162,42,✓ Yes,completed
5,586,574,02-15,+17.2%,+3.25%,0.5162,43,✓ Yes,completed
5,586,576,02-15,+16.8%,+3.21%,0.5160,45,✓ Yes,completed
5,586,577,02-15,+16.1%,+3.09%,0.5154,47,✓ Yes,completed
5,586,579,02-15,+15.6%,+3.08%,0.5154,47,✓ Yes,completed
5,586,580,02-15,+15.4%,+3.07%,0.5154,48,✓ Yes,completed
5,586,582,02-15,+15.1%,+3.04%,0.5152,50,✓ Yes,completed
5,586,583,02-15,+14.5%,+2.86%,0.5143,52,✓ Yes,completed
5,586,585,02-15,+14.3%,+2.83%,0.5142,53,✓ Yes,completed
5,586,586,02-15,+13.5%,+2.76%,0.5138,58,✓ Yes,completed
5,572,553,02-16,+25.0%,+36.15%,0.6808,38,✗ No,budget_exceeded
5,572,555,02-16,+25.0%,+35.98%,0.6799,39,✗ No,budget_exceeded
5,572,556,02-16,+25.0%,+34.40%,0.6720,41,✗ No,budget_exceeded
5,572,558,02-16,+25.0%,+33.97%,0.6699,42,✗ No,budget_exceeded
5,572,559,02-16,+25.0%,+32.34%,0.6617,43,✗ No,budget_exceeded
5,572,561,02-16,+25.0%,+30.99%,0.6550,45,✗ No,budget_exceeded
5,572,562,02-16,+25.0%,+30.56%,0.6528,47,✗ No,budget_exceeded
5,572,564,02-16,+25.0%,+30.39%,0.6519,48,✗ No,budget_exceeded
5,572,566,02-16,+25.0%,+7.68%,0.5384,55,✗ No,budget_exceeded
5,572,567,02-16,+25.0%,+7.51%,0.5375,56,✗ No,budget_exceeded
5,572,569,02-16,+25.0%,+5.83%,0.5292,58,✗ No,budget_exceeded
5,572,570,02-16,+24.8%,+3.58%,0.5179,63,✓ Yes,completed
5,572,572,02-16,+24.7%,+3.58%,0.5179,63,✓ Yes,completed
5,573,553,02-16,+25.0%,+34.06%,0.6703,37,✗ No,budget_exceeded
5,573,555,02-16,+25.0%,+32.77%,0.6639,39,✗ No,budget_exceeded
5,573,556,02-16,+25.0%,+32.69%,0.6634,39,✗ No,budget_exceeded
5,573,558,02-16,+25.0%,+32.26%,0.6613,40,✗ No,budget_exceeded
5,573,559,02-16,+25.0%,+30.83%,0.6541,41,✗ No,budget_exceeded
5,573,561,02-16,+25.0%,+30.40%,0.6520,42,✗ No,budget_exceeded
5,573,562,02-16,+25.0%,+21.22%,0.6061,47,✗ No,budget_exceeded
5,573,564,02-16,+25.0%,+7.61%,0.5380,51,✗ No,budget_exceeded
5,573,566,02-16,+25.0%,+7.17%,0.5359,52,✗ No,budget_exceeded
5,573,567,02-16,+25.0%,+5.84%,0.5292,54,✗ No,budget_exceeded
5,573,569,02-16,+24.9%,+3.59%,0.5180,56,✓ Yes,completed
5,573,570,02-16,+24.4%,+3.61%,0.5180,60,✓ Yes,completed
5,573,572,02-16,+24.3%,+3.60%,0.5180,60,✓ Yes,completed
5,573,573,02-16,+23.4%,+3.49%,0.5174,67,✓ Yes,completed
5,575,553,02-16,+25.0%,+32.60%,0.6630,38,✗ No,budget_exceeded
5,575,555,02-16,+25.0%,+32.17%,0.6609,38,✗ No,budget_exceeded
5,575,556,02-16,+25.0%,+31.16%,0.6558,39,✗ No,budget_exceeded
5,575,558,02-16,+25.0%,+30.73%,0.6537,40,✗ No,budget_exceeded
5,575,559,02-16,+25.0%,+30.39%,0.6520,40,✗ No,budget_exceeded
5,575,561,02-16,+25.0%,+12.44%,0.5622,44,✗ No,budget_exceeded
5,575,562,02-16,+25.0%,+7.36%,0.5368,46,✗ No,budget_exceeded
5,575,564,02-16,+25.0%,+5.85%,0.5292,49,✗ No,budget_exceeded
5,575,566,02-16,+25.0%,+3.60%,0.5180,50,✓ Yes,completed
5,575,567,02-16,+24.8%,+3.61%,0.5180,52,✓ Yes,completed
5,575,569,02-16,+24.4%,+3.62%,0.5181,53,✓ Yes,completed
5,575,570,02-16,+23.8%,+3.54%,0.5177,57,✓ Yes,completed
5,575,572,02-16,+23.8%,+3.53%,0.5176,57,✓ Yes,completed
5,575,573,02-16,+22.5%,+3.56%,0.5178,62,✓ Yes,completed
5,575,575,02-16,+21.7%,+3.42%,0.5171,65,✓ Yes,completed
5,577,553,02-16,+25.0%,+32.34%,0.6617,38,✗ No,budget_exceeded
5,577,555,02-16,+25.0%,+30.99%,0.6549,39,✗ No,budget_exceeded
5,577,556,02-16,+25.0%,+30.90%,0.6545,39,✗ No,budget_exceeded
5,577,558,02-16,+25.0%,+30.47%,0.6524,40,✗ No,budget_exceeded
5,577,559,02-16,+25.0%,+28.71%,0.6435,41,✗ No,budget_exceeded
5,577,561,02-16,+25.0%,+7.53%,0.5376,44,✗ No,budget_exceeded
5,577,562,02-16,+25.0%,+5.85%,0.5293,46,✗ No,budget_exceeded
5,577,564,02-16,+25.0%,+5.51%,0.5276,46,✗ No,budget_exceeded
5,577,566,02-16,+24.7%,+3.62%,0.5181,47,✓ Yes,completed
5,577,567,02-16,+24.5%,+3.63%,0.5181,49,✓ Yes,completed
5,577,569,02-16,+24.1%,+3.60%,0.5180,50,✓ Yes,completed
5,577,570,02-16,+23.5%,+3.52%,0.5176,54,✓ Yes,completed
5,577,572,02-16,+23.5%,+3.52%,0.5176,54,✓ Yes,completed
5,577,573,02-16,+22.1%,+3.50%,0.5175,58,✓ Yes,completed
5,577,575,02-16,+20.8%,+3.52%,0.5176,59,✓ Yes,completed
5,577,577,02-16,+20.5%,+3.49%,0.5175,62,✓ Yes,completed
5,578,553,02-16,+25.0%,+30.72%,0.6536,38,✗ No,budget_exceeded
5,578,555,02-16,+25.0%,+30.29%,0.6515,38,✗ No,budget_exceeded
5,578,556,02-16,+25.0%,+28.78%,0.6439,39,✗ No,budget_exceeded
5,578,558,02-16,+25.0%,+7.52%,0.5376,41,✗ No,budget_exceeded
5,578,559,02-16,+25.0%,+7.18%,0.5359,41,✗ No,budget_exceeded
5,578,561,02-16,+25.0%,+5.59%,0.5280,43,✗ No,budget_exceeded
5,578,562,02-16,+24.6%,+3.62%,0.5181,44,✓ Yes,completed
5,578,564,02-16,+24.5%,+3.63%,0.5182,44,✓ Yes,completed
5,578,566,02-16,+24.1%,+3.60%,0.5180,45,✓ Yes,completed
5,578,567,02-16,+23.8%,+3.56%,0.5178,47,✓ Yes,completed
5,578,569,02-16,+23.5%,+3.53%,0.5177,48,✓ Yes,completed
5,578,570,02-16,+22.5%,+3.60%,0.5180,50,✓ Yes,completed
5,578,572,02-16,+22.5%,+3.59%,0.5180,50,✓ Yes,completed
5,578,574,02-16,+21.1%,+3.50%,0.5175,55,✓ Yes,completed
5,578,575,02-16,+20.1%,+3.42%,0.5171,57,✓ Yes,completed
5,578,577,02-16,+19.9%,+3.37%,0.5169,60,✓ Yes,completed
5,578,578,02-16,+19.3%,+3.37%,0.5169,62,✓ Yes,completed
5,580,553,02-16,+25.0%,+30.46%,0.6523,38,✗ No,budget_exceeded
5,580,555,02-16,+25.0%,+7.60%,0.5380,39,✗ No,budget_exceeded
5,580,556,02-16,+25.0%,+7.51%,0.5376,39,✗ No,budget_exceeded
5,580,558,02-16,+25.0%,+5.93%,0.5296,41,✗ No,budget_exceeded
5,580,559,02-16,+25.0%,+5.76%,0.5288,41,✗ No,budget_exceeded
5,580,560,02-16,+24.8%,+3.61%,0.5181,42,✓ Yes,completed
5,580,562,02-16,+24.3%,+3.63%,0.5181,43,✓ Yes,completed
5,580,563,02-16,+24.1%,+3.61%,0.5181,43,✓ Yes,completed
5,580,565,02-16,+24.1%,+3.60%,0.5180,43,✓ Yes,completed
5,580,566,02-16,+23.5%,+3.53%,0.5177,46,✓ Yes,completed
5,580,568,02-16,+23.5%,+3.53%,0.5177,46,✓ Yes,completed
5,580,569,02-16,+22.4%,+3.58%,0.5179,49,✓ Yes,completed
5,580,571,02-16,+22.1%,+3.54%,0.5177,49,✓ Yes,completed
5,580,572,02-16,+21.1%,+3.51%,0.5175,51,✓ Yes,completed
5,580,574,02-16,+20.6%,+3.53%,0.5176,53,✓ Yes,completed
5,580,575,02-16,+19.8%,+3.38%,0.5169,56,✓ Yes,completed
5,580,577,02-16,+19.5%,+3.37%,0.5169,59,✓ Yes,completed
5,580,578,02-16,+18.8%,+3.37%,0.5168,60,✓ Yes,completed
5,580,580,02-16,+18.5%,+3.29%,0.5165,62,✓ Yes,completed
5,581,553,02-16,+24.5%,+3.61%,0.5181,36,✓ Yes,completed
5,581,555,02-16,+24.5%,+3.61%,0.5181,36,✓ Yes,completed
5,581,556,02-16,+24.5%,+3.62%,0.5181,36,✓ Yes,completed
5,581,558,02-16,+24.1%,+3.59%,0.5179,37,✓ Yes,completed
5,581,559,02-16,+23.8%,+3.56%,0.5178,37,✓ Yes,completed
5,581,561,02-16,+23.5%,+3.54%,0.5177,38,✓ Yes,completed
5,581,562,02-16,+23.2%,+3.55%,0.5178,38,✓ Yes,completed
5,581,564,02-16,+22.7%,+3.61%,0.5180,37,✓ Yes,completed
5,581,565,02-16,+22.3%,+3.59%,0.5179,38,✓ Yes,completed
5,581,567,02-16,+22.1%,+3.56%,0.5178,39,✓ Yes,completed
5,581,568,02-16,+22.1%,+3.56%,0.5178,39,✓ Yes,completed
5,581,569,02-16,+21.1%,+3.52%,0.5176,43,✓ Yes,completed
5,581,571,02-16,+20.8%,+3.56%,0.5178,42,✓ Yes,completed
5,581,572,02-16,+20.1%,+3.43%,0.5172,45,✓ Yes,completed
5,581,574,02-16,+19.7%,+3.40%,0.5170,48,✓ Yes,completed
5,581,575,02-16,+18.9%,+3.40%,0.5170,51,✓ Yes,completed
5,581,577,02-16,+18.6%,+3.34%,0.5167,54,✓ Yes,completed
5,581,578,02-16,+18.0%,+3.20%,0.5160,55,✓ Yes,completed
5,581,580,02-16,+17.8%,+3.17%,0.5158,56,✓ Yes,completed
5,581,581,02-16,+17.3%,+3.14%,0.5157,60,✓ Yes,completed
5,583,553,02-16,+24.1%,+3.59%,0.5179,36,✓ Yes,completed
5,583,555,02-16,+24.1%,+3.59%,0.5179,36,✓ Yes,completed
5,583,556,02-16,+24.1%,+3.58%,0.5179,36,✓ Yes,completed
5,583,558,02-16,+23.6%,+3.52%,0.5176,36,✓ Yes,completed
5,583,559,02-16,+23.4%,+3.53%,0.5176,36,✓ Yes,completed
5,583,561,02-16,+22.6%,+3.60%,0.5180,36,✓ Yes,completed
5,583,562,02-16,+22.4%,+3.60%,0.5180,36,✓ Yes,completed
5,583,564,02-16,+22.3%,+3.58%,0.5179,36,✓ Yes,completed
5,583,565,02-16,+21.8%,+3.49%,0.5174,37,✓ Yes,completed
5,583,567,02-16,+21.6%,+3.48%,0.5174,38,✓ Yes,completed
5,583,568,02-16,+20.6%,+3.55%,0.5178,38,✓ Yes,completed
5,583,570,02-16,+20.4%,+3.50%,0.5175,41,✓ Yes,completed
5,583,571,02-16,+20.1%,+3.44%,0.5172,41,✓ Yes,completed
5,583,573,02-16,+19.5%,+3.41%,0.5170,44,✓ Yes,completed
5,583,574,02-16,+18.7%,+3.37%,0.5169,47,✓ Yes,completed
5,583,576,02-16,+18.2%,+3.25%,0.5162,49,✓ Yes,completed
5,583,577,02-16,+17.6%,+3.18%,0.5159,51,✓ Yes,completed
5,583,579,02-16,+17.1%,+3.17%,0.5159,51,✓ Yes,completed
5,583,580,02-16,+16.8%,+3.11%,0.5155,54,✓ Yes,completed
5,583,582,02-16,+16.5%,+3.02%,0.5151,56,✓ Yes,completed
5,583,583,02-16,+15.8%,+2.98%,0.5149,59,✓ Yes,completed
5,585,553,02-16,+23.8%,+3.53%,0.5177,36,✓ Yes,completed
5,585,555,02-16,+23.8%,+3.53%,0.5177,36,✓ Yes,completed
5,585,556,02-16,+23.8%,+3.52%,0.5176,36,✓ Yes,completed
5,585,558,02-16,+22.8%,+3.58%,0.5179,35,✓ Yes,completed
5,585,559,02-16,+22.7%,+3.59%,0.5179,35,✓ Yes,completed
5,585,561,02-16,+22.3%,+3.57%,0.5179,36,✓ Yes,completed
5,585,562,02-16,+22.1%,+3.53%,0.5176,36,✓ Yes,completed
5,585,564,02-16,+22.0%,+3.51%,0.5176,36,✓ Yes,completed
5,585,565,02-16,+21.5%,+3.48%,0.5174,37,✓ Yes,completed
5,585,567,02-16,+20.6%,+3.55%,0.5177,37,✓ Yes,completed
5,585,568,02-16,+20.1%,+3.45%,0.5173,38,✓ Yes,completed
5,585,570,02-16,+19.9%,+3.41%,0.5170,41,✓ Yes,completed
5,585,571,02-16,+19.6%,+3.40%,0.5170,41,✓ Yes,completed
5,585,573,02-16,+19.0%,+3.41%,0.5171,44,✓ Yes,completed
5,585,574,02-16,+18.3%,+3.27%,0.5163,46,✓ Yes,completed
5,585,576,02-16,+17.8%,+3.19%,0.5160,48,✓ Yes,completed
5,585,577,02-16,+17.2%,+3.17%,0.5159,50,✓ Yes,completed
5,585,579,02-16,+16.8%,+3.12%,0.5156,50,✓ Yes,completed
5,585,580,02-16,+16.5%,+3.03%,0.5151,52,✓ Yes,completed
5,585,582,02-16,+16.1%,+2.98%,0.5149,54,✓ Yes,completed
5,585,583,02-16,+15.5%,+2.98%,0.5149,57,✓ Yes,completed
5,585,585,02-16,+15.3%,+2.97%,0.5149,58,✓ Yes,completed
5,586,553,02-16,+22.5%,+3.57%,0.5178,34,✓ Yes,completed
5,586,555,02-16,+22.5%,+3.57%,0.5178,34,✓ Yes,completed
5,586,556,02-16,+22.4%,+3.56%,0.5178,34,✓ Yes,completed
5,586,558,02-16,+21.9%,+3.47%,0.5173,34,✓ Yes,completed
5,586,559,02-16,+21.8%,+3.46%,0.5173,34,✓ Yes,completed
5,586,561,02-16,+20.9%,+3.53%,0.5176,34,✓ Yes,completed
5,586,562,02-16,+20.7%,+3.54%,0.5177,34,✓ Yes,completed
5,586,564,02-16,+20.6%,+3.54%,0.5177,34,✓ Yes,completed
5,586,565,02-16,+20.1%,+3.45%,0.5172,35,✓ Yes,completed
5,586,567,02-16,+19.8%,+3.40%,0.5170,36,✓ Yes,completed
5,586,568,02-16,+19.3%,+3.41%,0.5171,37,✓ Yes,completed
5,586,570,02-16,+18.8%,+3.40%,0.5170,39,✓ Yes,completed
5,586,571,02-16,+18.6%,+3.36%,0.5168,39,✓ Yes,completed
5,586,573,02-16,+18.1%,+3.22%,0.5161,42,✓ Yes,completed
5,586,574,02-16,+17.2%,+3.18%,0.5159,43,✓ Yes,completed
5,586,576,02-16,+16.8%,+3.12%,0.5156,45,✓ Yes,completed
5,586,577,02-16,+16.1%,+3.00%,0.5150,47,✓ Yes,completed
5,586,579,02-16,+15.6%,+3.01%,0.5150,47,✓ Yes,completed
5,586,580,02-16,+15.4%,+3.00%,0.5150,48,✓ Yes,completed
5,586,582,02-16,+15.1%,+2.99%,0.5149,50,✓ Yes,completed
5,586,583,02-16,+14.5%,+2.84%,0.5142,52,✓ Yes,completed
5,586,585,02-16,+14.3%,+2.83%,0.5141,53,✓ Yes,completed
5,586,586,02-16,+13.5%,+2.79%,0.5139,58,✓ Yes,completed
5,572,553,02-17,+25.0%,+34.15%,0.6707,39,✗ No,budget_exceeded
5,572,555,02-17,+25.0%,+33.97%,0.6699,40,✗ No,budget_exceeded
5,572,556,02-17,+25.0%,+33.72%,0.6686,41,✗ No,budget_exceeded
5,572,558,02-17,+25.0%,+32.36%,0.6618,43,✗ No,budget_exceeded
5,572,559,02-17,+25.0%,+31.84%,0.6592,43,✗ No,budget_exceeded
5,572,561,02-17,+25.0%,+13.89%,0.5695,48,✗ No,budget_exceeded
5,572,562,02-17,+25.0%,+8.86%,0.5443,51,✗ No,budget_exceeded
5,572,564,02-17,+25.0%,+8.78%,0.5439,51,✗ No,budget_exceeded
5,572,566,02-17,+25.0%,+6.92%,0.5346,54,✗ No,budget_exceeded
5,572,567,02-17,+25.0%,+3.18%,0.5159,57,✓ Yes,completed
5,572,569,02-17,+24.4%,+3.22%,0.5161,57,✓ Yes,completed
5,572,570,02-17,+23.9%,+3.14%,0.5157,61,✓ Yes,completed
5,572,572,02-17,+23.8%,+3.12%,0.5156,61,✓ Yes,completed
5,573,553,02-17,+25.0%,+32.45%,0.6622,38,✗ No,budget_exceeded
5,573,555,02-17,+25.0%,+32.27%,0.6614,39,✗ No,budget_exceeded
5,573,556,02-17,+25.0%,+32.19%,0.6609,39,✗ No,budget_exceeded
5,573,558,02-17,+25.0%,+30.75%,0.6538,41,✗ No,budget_exceeded
5,573,559,02-17,+25.0%,+9.13%,0.5456,45,✗ No,budget_exceeded
5,573,561,02-17,+25.0%,+8.70%,0.5435,46,✗ No,budget_exceeded
5,573,562,02-17,+25.0%,+7.10%,0.5355,49,✗ No,budget_exceeded
5,573,564,02-17,+25.0%,+3.67%,0.5184,51,✗ No,budget_exceeded
5,573,566,02-17,+24.8%,+3.20%,0.5160,52,✓ Yes,completed
5,573,567,02-17,+24.4%,+3.23%,0.5161,53,✓ Yes,completed
5,573,569,02-17,+24.0%,+3.18%,0.5159,54,✓ Yes,completed
5,573,570,02-17,+23.5%,+3.08%,0.5154,58,✓ Yes,completed
5,573,572,02-17,+23.5%,+3.08%,0.5154,58,✓ Yes,completed
5,573,573,02-17,+22.7%,+3.10%,0.5155,64,✓ Yes,completed
5,575,553,02-17,+25.0%,+32.10%,0.6605,38,✗ No,budget_exceeded
5,575,555,02-17,+25.0%,+30.23%,0.6512,39,✗ No,budget_exceeded
5,575,556,02-17,+25.0%,+22.71%,0.6136,40,✗ No,budget_exceeded
5,575,558,02-17,+25.0%,+8.95%,0.5448,43,✗ No,budget_exceeded
5,575,559,02-17,+25.0%,+8.61%,0.5431,43,✗ No,budget_exceeded
5,575,561,02-17,+25.0%,+7.02%,0.5351,45,✗ No,budget_exceeded
5,575,562,02-17,+24.8%,+3.20%,0.5160,47,✓ Yes,completed
5,575,564,02-17,+24.5%,+3.23%,0.5162,47,✓ Yes,completed
5,575,566,02-17,+24.1%,+3.21%,0.5160,48,✓ Yes,completed
5,575,567,02-17,+23.8%,+3.15%,0.5157,50,✓ Yes,completed
5,575,569,02-17,+23.5%,+3.10%,0.5155,51,✓ Yes,completed
5,575,570,02-17,+23.0%,+3.11%,0.5155,55,✓ Yes,completed
5,575,572,02-17,+22.9%,+3.11%,0.5156,55,✓ Yes,completed
5,575,573,02-17,+22.1%,+3.06%,0.5153,61,✓ Yes,completed
5,575,575,02-17,+21.5%,+3.00%,0.5150,64,✓ Yes,completed
5,577,553,02-17,+25.0%,+32.01%,0.6600,38,✗ No,budget_exceeded
5,577,555,02-17,+25.0%,+22.71%,0.6135,40,✗ No,budget_exceeded
5,577,556,02-17,+25.0%,+9.21%,0.5461,41,✗ No,budget_exceeded
5,577,558,02-17,+25.0%,+8.78%,0.5439,42,✗ No,budget_exceeded
5,577,559,02-17,+25.0%,+7.28%,0.5364,43,✗ No,budget_exceeded
5,577,561,02-17,+25.0%,+3.59%,0.5180,45,✗ No,budget_exceeded
5,577,562,02-17,+24.5%,+3.23%,0.5162,45,✓ Yes,completed
5,577,564,02-17,+24.2%,+3.24%,0.5162,45,✓ Yes,completed
5,577,566,02-17,+23.8%,+3.15%,0.5158,46,✓ Yes,completed
5,577,567,02-17,+23.6%,+3.11%,0.5155,48,✓ Yes,completed
5,577,569,02-17,+23.2%,+3.11%,0.5156,49,✓ Yes,completed
5,577,570,02-17,+22.8%,+3.13%,0.5156,53,✓ Yes,completed
5,577,572,02-17,+22.7%,+3.13%,0.5157,53,✓ Yes,completed
5,577,573,02-17,+21.8%,+3.02%,0.5151,58,✓ Yes,completed
5,577,575,02-17,+20.8%,+3.07%,0.5154,59,✓ Yes,completed
5,577,577,02-17,+20.6%,+3.07%,0.5153,62,✓ Yes,completed
5,578,553,02-17,+25.0%,+8.94%,0.5447,39,✗ No,budget_exceeded
5,578,555,02-17,+25.0%,+7.35%,0.5368,40,✗ No,budget_exceeded
5,578,556,02-17,+25.0%,+7.27%,0.5363,40,✗ No,budget_exceeded
5,578,558,02-17,+25.0%,+6.84%,0.5342,41,✗ No,budget_exceeded
5,578,559,02-17,+24.8%,+3.20%,0.5160,42,✓ Yes,completed
5,578,561,02-17,+24.3%,+3.24%,0.5162,42,✓ Yes,completed
5,578,562,02-17,+23.8%,+3.13%,0.5157,43,✓ Yes,completed
5,578,564,02-17,+23.6%,+3.11%,0.5156,43,✓ Yes,completed
5,578,566,02-17,+23.2%,+3.12%,0.5156,44,✓ Yes,completed
5,578,567,02-17,+23.0%,+3.13%,0.5156,46,✓ Yes,completed
5,578,569,02-17,+22.6%,+3.15%,0.5157,47,✓ Yes,completed
5,578,570,02-17,+22.1%,+3.09%,0.5154,51,✓ Yes,completed
5,578,572,02-17,+22.1%,+3.08%,0.5154,51,✓ Yes,completed
5,578,574,02-17,+20.8%,+3.09%,0.5154,54,✓ Yes,completed
5,578,575,02-17,+20.2%,+3.01%,0.5150,57,✓ Yes,completed
5,578,577,02-17,+20.0%,+2.95%,0.5147,60,✓ Yes,completed
5,578,578,02-17,+18.8%,+3.01%,0.5151,60,✓ Yes,completed
5,580,553,02-17,+25.0%,+7.34%,0.5367,39,✗ No,budget_exceeded
5,580,555,02-17,+25.0%,+6.92%,0.5346,39,✗ No,budget_exceeded
5,580,556,02-17,+25.0%,+6.83%,0.5342,39,✗ No,budget_exceeded
5,580,558,02-17,+24.8%,+3.19%,0.5159,41,✓ Yes,completed
5,580,559,02-17,+24.6%,+3.21%,0.5161,40,✓ Yes,completed
5,580,560,02-17,+23.9%,+3.17%,0.5158,41,✓ Yes,completed
5,580,562,02-17,+23.5%,+3.11%,0.5155,42,✓ Yes,completed
5,580,563,02-17,+23.3%,+3.11%,0.5156,42,✓ Yes,completed
5,580,565,02-17,+23.2%,+3.12%,0.5156,42,✓ Yes,completed
5,580,566,02-17,+22.6%,+3.15%,0.5157,45,✓ Yes,completed
5,580,568,02-17,+22.6%,+3.15%,0.5157,45,✓ Yes,completed
5,580,569,02-17,+21.9%,+3.05%,0.5152,50,✓ Yes,completed
5,580,571,02-17,+21.8%,+3.03%,0.5152,50,✓ Yes,completed
5,580,572,02-17,+20.8%,+3.10%,0.5155,50,✓ Yes,completed
5,580,574,02-17,+20.5%,+3.08%,0.5154,53,✓ Yes,completed
5,580,575,02-17,+19.9%,+2.95%,0.5148,56,✓ Yes,completed
5,580,577,02-17,+19.3%,+2.99%,0.5149,58,✓ Yes,completed
5,580,578,02-17,+18.4%,+2.94%,0.5147,58,✓ Yes,completed
5,580,580,02-17,+18.1%,+2.87%,0.5144,60,✓ Yes,completed
5,581,553,02-17,+23.7%,+3.10%,0.5155,35,✓ Yes,completed
5,581,555,02-17,+23.7%,+3.10%,0.5155,35,✓ Yes,completed
5,581,556,02-17,+23.6%,+3.10%,0.5155,35,✓ Yes,completed
5,581,558,02-17,+23.2%,+3.11%,0.5155,36,✓ Yes,completed
5,581,559,02-17,+23.0%,+3.12%,0.5156,36,✓ Yes,completed
5,581,561,02-17,+22.6%,+3.15%,0.5157,37,✓ Yes,completed
5,581,562,02-17,+22.4%,+3.14%,0.5157,37,✓ Yes,completed
5,581,564,02-17,+22.3%,+3.13%,0.5157,37,✓ Yes,completed
5,581,565,02-17,+21.9%,+3.07%,0.5153,38,✓ Yes,completed
5,581,567,02-17,+21.7%,+3.05%,0.5152,40,✓ Yes,completed
5,581,568,02-17,+21.7%,+3.05%,0.5152,40,✓ Yes,completed
5,581,569,02-17,+20.5%,+3.10%,0.5155,43,✓ Yes,completed
5,581,571,02-17,+20.4%,+3.07%,0.5154,43,✓ Yes,completed
5,581,572,02-17,+19.8%,+2.98%,0.5149,45,✓ Yes,completed
5,581,574,02-17,+19.1%,+3.04%,0.5152,46,✓ Yes,completed
5,581,575,02-17,+18.5%,+2.98%,0.5149,49,✓ Yes,completed
5,581,577,02-17,+18.1%,+2.90%,0.5145,52,✓ Yes,completed
5,581,578,02-17,+17.5%,+2.89%,0.5145,53,✓ Yes,completed
5,581,580,02-17,+17.3%,+2.89%,0.5145,54,✓ Yes,completed
5,581,581,02-17,+16.8%,+2.84%,0.5142,58,✓ Yes,completed
5,583,553,02-17,+23.4%,+3.09%,0.5154,35,✓ Yes,completed
5,583,555,02-17,+23.4%,+3.09%,0.5154,35,✓ Yes,completed
5,583,556,02-17,+23.3%,+3.09%,0.5155,35,✓ Yes,completed
5,583,558,02-17,+22.8%,+3.12%,0.5156,35,✓ Yes,completed
5,583,559,02-17,+22.6%,+3.14%,0.5157,35,✓ Yes,completed
5,583,561,02-17,+22.2%,+3.11%,0.5156,36,✓ Yes,completed
5,583,562,02-17,+22.0%,+3.08%,0.5154,36,✓ Yes,completed
5,583,564,02-17,+21.9%,+3.06%,0.5153,36,✓ Yes,completed
5,583,565,02-17,+21.5%,+3.06%,0.5153,37,✓ Yes,completed
5,583,567,02-17,+20.8%,+3.11%,0.5156,37,✓ Yes,completed
5,583,568,02-17,+20.4%,+3.08%,0.5154,38,✓ Yes,completed
5,583,570,02-17,+20.0%,+2.98%,0.5149,42,✓ Yes,completed
5,583,571,02-17,+19.8%,+2.98%,0.5149,42,✓ Yes,completed
5,583,573,02-17,+18.8%,+3.06%,0.5153,42,✓ Yes,completed
5,583,574,02-17,+18.2%,+2.93%,0.5147,45,✓ Yes,completed
5,583,576,02-17,+17.8%,+2.90%,0.5145,47,✓ Yes,completed
5,583,577,02-17,+17.2%,+2.90%,0.5145,49,✓ Yes,completed
5,583,579,02-17,+16.8%,+2.85%,0.5142,49,✓ Yes,completed
5,583,580,02-17,+16.4%,+2.73%,0.5137,52,✓ Yes,completed
5,583,582,02-17,+16.1%,+2.68%,0.5134,54,✓ Yes,completed
5,583,583,02-17,+15.4%,+2.64%,0.5132,57,✓ Yes,completed
5,585,553,02-17,+23.1%,+3.10%,0.5155,35,✓ Yes,completed
5,585,555,02-17,+23.1%,+3.10%,0.5155,35,✓ Yes,completed
5,585,556,02-17,+23.0%,+3.10%,0.5155,35,✓ Yes,completed
5,585,558,02-17,+22.5%,+3.13%,0.5157,35,✓ Yes,completed
5,585,559,02-17,+22.3%,+3.11%,0.5156,35,✓ Yes,completed
5,585,561,02-17,+21.9%,+3.05%,0.5153,36,✓ Yes,completed
5,585,562,02-17,+21.7%,+3.04%,0.5152,36,✓ Yes,completed
5,585,564,02-17,+21.6%,+3.05%,0.5152,36,✓ Yes,completed
5,585,565,02-17,+20.8%,+3.12%,0.5156,36,✓ Yes,completed
5,585,567,02-17,+20.4%,+3.07%,0.5154,37,✓ Yes,completed
5,585,568,02-17,+19.9%,+2.98%,0.5149,38,✓ Yes,completed
5,585,570,02-17,+19.3%,+3.02%,0.5151,41,✓ Yes,completed
5,585,571,02-17,+18.9%,+3.06%,0.5153,40,✓ Yes,completed
5,585,573,02-17,+18.4%,+2.97%,0.5149,42,✓ Yes,completed
5,585,574,02-17,+17.8%,+2.90%,0.5145,44,✓ Yes,completed
5,585,576,02-17,+17.5%,+2.91%,0.5146,46,✓ Yes,completed
5,585,577,02-17,+16.8%,+2.86%,0.5143,48,✓ Yes,completed
5,585,579,02-17,+16.4%,+2.74%,0.5137,48,✓ Yes,completed
5,585,580,02-17,+16.1%,+2.69%,0.5135,50,✓ Yes,completed
5,585,582,02-17,+15.8%,+2.66%,0.5133,52,✓ Yes,completed
5,585,583,02-17,+15.1%,+2.62%,0.5131,55,✓ Yes,completed
5,585,585,02-17,+14.9%,+2.58%,0.5129,56,✓ Yes,completed
5,586,553,02-17,+22.3%,+3.09%,0.5154,34,✓ Yes,completed
5,586,555,02-17,+22.3%,+3.09%,0.5154,34,✓ Yes,completed
5,586,556,02-17,+22.2%,+3.08%,0.5154,34,✓ Yes,completed
5,586,558,02-17,+21.8%,+3.01%,0.5151,34,✓ Yes,completed
5,586,559,02-17,+21.5%,+3.03%,0.5151,34,✓ Yes,completed
5,586,561,02-17,+20.8%,+3.10%,0.5155,34,✓ Yes,completed
5,586,562,02-17,+20.5%,+3.09%,0.5155,34,✓ Yes,completed
5,586,564,02-17,+20.5%,+3.08%,0.5154,34,✓ Yes,completed
5,586,565,02-17,+20.0%,+2.98%,0.5149,35,✓ Yes,completed
5,586,567,02-17,+19.1%,+3.04%,0.5152,35,✓ Yes,completed
5,586,568,02-17,+18.6%,+3.02%,0.5151,36,✓ Yes,completed
5,586,570,02-17,+18.1%,+2.92%,0.5146,38,✓ Yes,completed
5,586,571,02-17,+18.0%,+2.91%,0.5145,38,✓ Yes,completed
5,586,573,02-17,+17.5%,+2.91%,0.5146,40,✓ Yes,completed
5,586,574,02-17,+16.8%,+2.87%,0.5144,41,✓ Yes,completed
5,586,576,02-17,+16.5%,+2.77%,0.5138,43,✓ Yes,completed
5,586,577,02-17,+15.8%,+2.68%,0.5134,45,✓ Yes,completed
5,586,579,02-17,+15.3%,+2.67%,0.5134,45,✓ Yes,completed
5,586,580,02-17,+15.1%,+2.65%,0.5132,46,✓ Yes,completed
5,586,582,02-17,+14.8%,+2.57%,0.5128,48,✓ Yes,completed
5,586,583,02-17,+14.1%,+2.48%,0.5124,50,✓ Yes,completed
5,586,585,02-17,+14.0%,+2.48%,0.5124,51,✓ Yes,completed
5,586,586,02-17,+13.3%,+2.46%,0.5123,56,✓ Yes,completed
6,573,562,02-13,+25.0%,+27.26%,0.6363,45,✗ No,budget_exceeded
6,573,563,02-13,+25.0%,+27.09%,0.6355,46,✗ No,budget_exceeded
6,573,564,02-13,+25.0%,+27.09%,0.6355,46,✗ No,budget_exceeded
6,573,564,02-13,+25.0%,+26.92%,0.6346,47,✗ No,budget_exceeded
6,573,565,02-13,+25.0%,+25.57%,0.6278,49,✗ No,budget_exceeded
6,573,566,02-13,+25.0%,+25.57%,0.6278,49,✗ No,budget_exceeded
6,573,566,02-13,+25.0%,+25.39%,0.6270,50,✗ No,budget_exceeded
6,573,567,02-13,+25.0%,+25.39%,0.6270,50,✗ No,budget_exceeded
6,573,568,02-13,+25.0%,+25.39%,0.6270,50,✗ No,budget_exceeded
6,573,569,02-13,+25.0%,+24.87%,0.6244,51,✗ No,budget_exceeded
6,573,569,02-13,+25.0%,+23.26%,0.6163,56,✗ No,budget_exceeded
6,573,570,02-13,+25.0%,+23.26%,0.6163,56,✗ No,budget_exceeded
6,573,571,02-13,+25.0%,+3.71%,0.5185,58,✓ Yes,completed
6,573,571,02-13,+24.9%,+3.71%,0.5186,58,✓ Yes,completed
6,573,572,02-13,+24.9%,+3.71%,0.5186,58,✓ Yes,completed
6,573,573,02-13,+24.4%,+3.70%,0.5185,62,✓ Yes,completed
6,573,573,02-13,+24.0%,+3.60%,0.5180,65,✓ Yes,completed
6,574,562,02-13,+25.0%,+27.01%,0.6351,43,✗ No,budget_exceeded
6,574,563,02-13,+25.0%,+26.84%,0.6342,44,✗ No,budget_exceeded
6,574,564,02-13,+25.0%,+26.84%,0.6342,44,✗ No,budget_exceeded
6,574,564,02-13,+25.0%,+25.74%,0.6287,46,✗ No,budget_exceeded
6,574,565,02-13,+25.0%,+25.31%,0.6266,47,✗ No,budget_exceeded
6,574,566,02-13,+25.0%,+25.31%,0.6266,47,✗ No,budget_exceeded
6,574,567,02-13,+25.0%,+25.14%,0.6257,48,✗ No,budget_exceeded
6,574,567,02-13,+25.0%,+25.14%,0.6257,48,✗ No,budget_exceeded
6,574,568,02-13,+25.0%,+23.28%,0.6164,51,✗ No,budget_exceeded
6,574,569,02-13,+25.0%,+23.28%,0.6164,51,✗ No,budget_exceeded
6,574,569,02-13,+25.0%,+3.71%,0.5186,56,✓ Yes,completed
6,574,570,02-13,+24.8%,+3.73%,0.5186,56,✓ Yes,completed
6,574,571,02-13,+24.8%,+3.73%,0.5186,56,✓ Yes,completed
6,574,572,02-13,+24.7%,+3.73%,0.5186,56,✓ Yes,completed
6,574,572,02-13,+24.1%,+3.66%,0.5183,60,✓ Yes,completed
6,574,573,02-13,+24.1%,+3.66%,0.5183,60,✓ Yes,completed
6,574,574,02-13,+23.8%,+3.55%,0.5178,63,✓ Yes,completed
6,574,574,02-13,+23.4%,+3.49%,0.5175,65,✓ Yes,completed
6,575,562,02-13,+25.0%,+26.75%,0.6338,43,✗ No,budget_exceeded
6,575,563,02-13,+25.0%,+25.66%,0.6283,45,✗ No,budget_exceeded
6,575,564,02-13,+25.0%,+25.66%,0.6283,45,✗ No,budget_exceeded
6,575,564,02-13,+25.0%,+25.48%,0.6274,46,✗ No,budget_exceeded
6,575,565,02-13,+25.0%,+25.05%,0.6253,47,✗ No,budget_exceeded
6,575,566,02-13,+25.0%,+25.05%,0.6253,47,✗ No,budget_exceeded
6,575,566,02-13,+25.0%,+24.88%,0.6244,48,✗ No,budget_exceeded
6,575,567,02-13,+25.0%,+24.88%,0.6244,48,✗ No,budget_exceeded
6,575,568,02-13,+25.0%,+24.88%,0.6244,48,✗ No,budget_exceeded
6,575,569,02-13,+24.9%,+3.73%,0.5186,52,✓ Yes,completed
6,575,569,02-13,+24.7%,+3.73%,0.5186,55,✓ Yes,completed
6,575,570,02-13,+24.7%,+3.73%,0.5186,55,✓ Yes,completed
6,575,571,02-13,+24.5%,+3.73%,0.5186,55,✓ Yes,completed
6,575,571,02-13,+24.4%,+3.72%,0.5186,55,✓ Yes,completed
6,575,572,02-13,+24.4%,+3.72%,0.5186,55,✓ Yes,completed
6,575,573,02-13,+23.8%,+3.58%,0.5179,59,✓ Yes,completed
6,575,573,02-13,+23.5%,+3.51%,0.5176,62,✓ Yes,completed
6,575,574,02-13,+23.5%,+3.51%,0.5176,62,✓ Yes,completed
6,575,575,02-13,+23.1%,+3.48%,0.5174,64,✓ Yes,completed
6,575,575,02-13,+22.5%,+3.47%,0.5174,66,✓ Yes,completed
6,576,562,02-13,+25.0%,+25.57%,0.6279,44,✗ No,budget_exceeded
6,576,563,02-13,+25.0%,+25.49%,0.6274,44,✗ No,budget_exceeded
6,576,564,02-13,+25.0%,+25.49%,0.6274,44,✗ No,budget_exceeded
6,576,564,02-13,+25.0%,+25.23%,0.6261,44,✗ No,budget_exceeded
6,576,565,02-13,+25.0%,+23.37%,0.6169,46,✗ No,budget_exceeded
6,576,566,02-13,+25.0%,+23.37%,0.6169,46,✗ No,budget_exceeded
6,576,567,02-13,+25.0%,+15.82%,0.5791,48,✗ No,budget_exceeded
6,576,567,02-13,+25.0%,+15.82%,0.5791,48,✗ No,budget_exceeded
6,576,568,02-13,+25.0%,+15.82%,0.5791,48,✗ No,budget_exceeded
6,576,569,02-13,+24.6%,+3.74%,0.5187,49,✓ Yes,completed
6,576,569,02-13,+24.4%,+3.73%,0.5186,52,✓ Yes,completed
6,576,570,02-13,+24.1%,+3.68%,0.5184,52,✓ Yes,completed
6,576,571,02-13,+24.1%,+3.68%,0.5184,52,✓ Yes,completed
6,576,571,02-13,+24.1%,+3.66%,0.5183,52,✓ Yes,completed
6,576,572,02-13,+23.4%,+3.52%,0.5176,55,✓ Yes,completed
6,576,573,02-13,+23.4%,+3.52%,0.5176,55,✓ Yes,completed
6,576,574,02-13,+23.1%,+3.50%,0.5175,58,✓ Yes,completed
6,576,574,02-13,+22.7%,+3.50%,0.5175,60,✓ Yes,completed
6,576,575,02-13,+22.7%,+3.50%,0.5175,60,✓ Yes,completed
6,576,576,02-13,+22.1%,+3.40%,0.5170,62,✓ Yes,completed
6,576,576,02-13,+21.9%,+3.34%,0.5167,65,✓ Yes,completed
6,577,562,02-13,+25.0%,+24.88%,0.6244,43,✗ No,budget_exceeded
6,577,563,02-13,+25.0%,+23.37%,0.6169,44,✗ No,budget_exceeded
6,577,564,02-13,+25.0%,+23.37%,0.6169,44,✗ No,budget_exceeded
6,577,564,02-13,+25.0%,+23.29%,0.6164,44,✗ No,budget_exceeded
6,577,565,02-13,+24.7%,+3.75%,0.5187,45,✓ Yes,completed
6,577,566,02-13,+24.7%,+3.75%,0.5187,45,✓ Yes,completed
6,577,566,02-13,+24.5%,+3.75%,0.5187,46,✓ Yes,completed
6,577,567,02-13,+24.5%,+3.75%,0.5187,46,✓ Yes,completed
6,577,568,02-13,+24.5%,+3.75%,0.5187,46,✓ Yes,completed
6,577,569,02-13,+24.1%,+3.67%,0.5184,47,✓ Yes,completed
6,577,569,02-13,+23.8%,+3.60%,0.5180,50,✓ Yes,completed
6,577,570,02-13,+23.8%,+3.60%,0.5180,50,✓ Yes,completed
6,577,571,02-13,+23.6%,+3.56%,0.5178,50,✓ Yes,completed
6,577,571,02-13,+23.5%,+3.55%,0.5178,50,✓ Yes,completed
6,577,572,02-13,+23.5%,+3.55%,0.5178,50,✓ Yes,completed
6,577,573,02-13,+22.8%,+3.51%,0.5176,53,✓ Yes,completed
6,577,573,02-13,+22.5%,+3.50%,0.5175,56,✓ Yes,completed
6,577,574,02-13,+22.5%,+3.50%,0.5175,56,✓ Yes,completed
6,577,575,02-13,+22.2%,+3.44%,0.5172,57,✓ Yes,completed
6,577,575,02-13,+21.7%,+3.34%,0.5167,59,✓ Yes,completed
6,577,576,02-13,+21.5%,+3.33%,0.5166,62,✓ Yes,completed
6,577,577,02-13,+21.5%,+3.33%,0.5166,62,✓ Yes,completed
6,577,577,02-13,+21.2%,+3.34%,0.5167,63,✓ Yes,completed
6,578,562,02-13,+24.9%,+3.73%,0.5187,44,✓ Yes,completed
6,578,563,02-13,+24.8%,+3.74%,0.5187,44,✓ Yes,completed
6,578,564,02-13,+24.8%,+3.74%,0.5187,44,✓ Yes,completed
6,578,564,02-13,+24.8%,+3.74%,0.5187,44,✓ Yes,completed
6,578,565,02-13,+24.4%,+3.74%,0.5187,45,✓ Yes,completed
6,578,566,02-13,+24.4%,+3.74%,0.5187,45,✓ Yes,completed
6,578,566,02-13,+24.2%,+3.71%,0.5185,46,✓ Yes,completed
6,578,567,02-13,+24.2%,+3.71%,0.5185,46,✓ Yes,completed
6,578,568,02-13,+24.2%,+3.71%,0.5185,46,✓ Yes,completed
6,578,568,02-13,+23.8%,+3.59%,0.5180,47,✓ Yes,completed
6,578,569,02-13,+23.5%,+3.55%,0.5178,50,✓ Yes,completed
6,578,570,02-13,+23.5%,+3.55%,0.5178,50,✓ Yes,completed
6,578,570,02-13,+23.3%,+3.53%,0.5176,50,✓ Yes,completed
6,578,571,02-13,+23.2%,+3.53%,0.5176,50,✓ Yes,completed
6,578,572,02-13,+23.2%,+3.53%,0.5176,50,✓ Yes,completed
6,578,572,02-13,+22.5%,+3.51%,0.5175,53,✓ Yes,completed
6,578,573,02-13,+22.2%,+3.44%,0.5172,56,✓ Yes,completed
6,578,574,02-13,+22.2%,+3.44%,0.5172,56,✓ Yes,completed
6,578,574,02-13,+21.9%,+3.36%,0.5168,57,✓ Yes,completed
6,578,575,02-13,+21.4%,+3.35%,0.5167,59,✓ Yes,completed
6,578,576,02-13,+21.4%,+3.35%,0.5167,59,✓ Yes,completed
6,578,576,02-13,+21.1%,+3.34%,0.5167,62,✓ Yes,completed
6,578,577,02-13,+20.9%,+3.33%,0.5167,63,✓ Yes,completed
6,578,578,02-13,+20.9%,+3.33%,0.5167,63,✓ Yes,completed
6,578,578,02-13,+20.5%,+3.29%,0.5165,65,✓ Yes,completed
6,579,562,02-13,+24.5%,+3.74%,0.5187,43,✓ Yes,completed
6,579,563,02-13,+24.5%,+3.74%,0.5187,43,✓ Yes,completed
6,579,564,02-13,+24.5%,+3.74%,0.5187,43,✓ Yes,completed
6,579,564,02-13,+24.4%,+3.73%,0.5187,43,✓ Yes,completed
6,579,565,02-13,+24.0%,+3.65%,0.5182,44,✓ Yes,completed
6,579,566,02-13,+24.0%,+3.65%,0.5182,44,✓ Yes,completed
6,579,566,02-13,+23.8%,+3.61%,0.5180,45,✓ Yes,completed
6,579,567,02-13,+23.8%,+3.61%,0.5180,45,✓ Yes,completed
6,579,568,02-13,+23.8%,+3.61%,0.5180,45,✓ Yes,completed
6,579,568,02-13,+23.4%,+3.54%,0.5177,46,✓ Yes,completed
6,579,569,02-13,+23.1%,+3.53%,0.5176,49,✓ Yes,completed
6,579,570,02-13,+23.1%,+3.53%,0.5176,49,✓ Yes,completed
6,579,571,02-13,+22.9%,+3.52%,0.5176,49,✓ Yes,completed
6,579,571,02-13,+22.8%,+3.52%,0.5176,49,✓ Yes,completed
6,579,572,02-13,+22.8%,+3.52%,0.5176,49,✓ Yes,completed
6,579,573,02-13,+22.2%,+3.45%,0.5173,52,✓ Yes,completed
6,579,573,02-13,+21.9%,+3.36%,0.5168,55,✓ Yes,completed
6,579,574,02-13,+21.9%,+3.36%,0.5168,55,✓ Yes,completed
6,579,575,02-13,+21.6%,+3.34%,0.5167,56,✓ Yes,completed
6,579,575,02-13,+21.1%,+3.35%,0.5167,58,✓ Yes,completed
6,579,576,02-13,+21.1%,+3.35%,0.5167,58,✓ Yes,completed
6,579,577,02-13,+20.8%,+3.34%,0.5167,61,✓ Yes,completed
6,579,577,02-13,+20.5%,+3.31%,0.5165,61,✓ Yes,completed
6,579,578,02-13,+20.0%,+3.19%,0.5160,63,✓ Yes,completed
6,579,579,02-13,+20.0%,+3.19%,0.5160,63,✓ Yes,completed
6,579,579,02-13,+19.7%,+3.18%,0.5159,65,✓ Yes,completed
6,573,562,02-14,+25.0%,+27.27%,0.6363,45,✗ No,budget_exceeded
6,573,563,02-14,+25.0%,+27.09%,0.6355,46,✗ No,budget_exceeded
6,573,564,02-14,+25.0%,+27.09%,0.6355,46,✗ No,budget_exceeded
6,573,564,02-14,+25.0%,+26.92%,0.6346,47,✗ No,budget_exceeded
6,573,565,02-14,+25.0%,+25.15%,0.6257,50,✗ No,budget_exceeded
6,573,566,02-14,+25.0%,+25.15%,0.6257,50,✗ No,budget_exceeded
6,573,566,02-14,+25.0%,+8.92%,0.5446,53,✗ No,budget_exceeded
6,573,567,02-14,+25.0%,+8.92%,0.5446,53,✗ No,budget_exceeded
6,573,568,02-14,+25.0%,+8.92%,0.5446,53,✗ No,budget_exceeded
6,573,569,02-14,+25.0%,+3.84%,0.5192,55,✗ No,budget_exceeded
6,573,569,02-14,+24.4%,+3.82%,0.5191,57,✓ Yes,completed
6,573,570,02-14,+24.4%,+3.82%,0.5191,57,✓ Yes,completed
6,573,571,02-14,+24.1%,+3.79%,0.5190,57,✓ Yes,completed
6,573,571,02-14,+24.1%,+3.77%,0.5189,57,✓ Yes,completed
6,573,572,02-14,+24.1%,+3.77%,0.5189,57,✓ Yes,completed
6,573,573,02-14,+23.5%,+3.67%,0.5183,61,✓ Yes,completed
6,573,573,02-14,+23.1%,+3.66%,0.5183,64,✓ Yes,completed
6,574,562,02-14,+25.0%,+27.01%,0.6351,43,✗ No,budget_exceeded
6,574,563,02-14,+25.0%,+26.84%,0.6342,44,✗ No,budget_exceeded
6,574,564,02-14,+25.0%,+26.84%,0.6342,44,✗ No,budget_exceeded
6,574,564,02-14,+25.0%,+25.67%,0.6283,46,✗ No,budget_exceeded
6,574,565,02-14,+25.0%,+4.28%,0.5214,51,✗ No,budget_exceeded
6,574,566,02-14,+25.0%,+4.28%,0.5214,51,✗ No,budget_exceeded
6,574,567,02-14,+25.0%,+4.10%,0.5205,52,✗ No,budget_exceeded
6,574,567,02-14,+25.0%,+4.10%,0.5205,52,✗ No,budget_exceeded
6,574,568,02-14,+24.4%,+3.83%,0.5192,52,✓ Yes,completed
6,574,569,02-14,+24.4%,+3.83%,0.5192,52,✓ Yes,completed
6,574,569,02-14,+24.1%,+3.79%,0.5190,55,✓ Yes,completed
6,574,570,02-14,+23.9%,+3.75%,0.5187,55,✓ Yes,completed
6,574,571,02-14,+23.9%,+3.75%,0.5187,55,✓ Yes,completed
6,574,572,02-14,+23.8%,+3.73%,0.5186,55,✓ Yes,completed
6,574,572,02-14,+23.3%,+3.67%,0.5184,59,✓ Yes,completed
6,574,573,02-14,+23.3%,+3.67%,0.5184,59,✓ Yes,completed
6,574,574,02-14,+22.9%,+3.68%,0.5184,62,✓ Yes,completed
6,574,574,02-14,+22.5%,+3.67%,0.5183,64,✓ Yes,completed
6,575,562,02-14,+25.0%,+26.75%,0.6338,43,✗ No,budget_exceeded
6,575,563,02-14,+25.0%,+25.15%,0.6258,45,✗ No,budget_exceeded
6,575,564,02-14,+25.0%,+25.15%,0.6258,45,✗ No,budget_exceeded
6,575,564,02-14,+25.0%,+8.93%,0.5446,48,✗ No,budget_exceeded
6,575,565,02-14,+25.0%,+3.93%,0.5197,50,✗ No,budget_exceeded
6,575,566,02-14,+25.0%,+3.93%,0.5197,50,✗ No,budget_exceeded
6,575,566,02-14,+24.5%,+3.83%,0.5191,50,✓ Yes,completed
6,575,567,02-14,+24.5%,+3.83%,0.5191,50,✓ Yes,completed
6,575,568,02-14,+24.5%,+3.83%,0.5191,50,✓ Yes,completed
6,575,569,02-14,+24.1%,+3.79%,0.5189,51,✓ Yes,completed
6,575,569,02-14,+23.8%,+3.73%,0.5186,54,✓ Yes,completed
6,575,570,02-14,+23.8%,+3.73%,0.5186,54,✓ Yes,completed
6,575,571,02-14,+23.6%,+3.69%,0.5185,54,✓ Yes,completed
6,575,571,02-14,+23.5%,+3.69%,0.5184,54,✓ Yes,completed
6,575,572,02-14,+23.5%,+3.69%,0.5184,54,✓ Yes,completed
6,575,573,02-14,+23.0%,+3.69%,0.5185,58,✓ Yes,completed
6,575,573,02-14,+22.6%,+3.68%,0.5184,61,✓ Yes,completed
6,575,574,02-14,+22.6%,+3.68%,0.5184,61,✓ Yes,completed
6,575,575,02-14,+22.2%,+3.60%,0.5180,63,✓ Yes,completed
6,575,575,02-14,+21.8%,+3.49%,0.5175,65,✓ Yes,completed
6,576,562,02-14,+25.0%,+17.68%,0.5884,45,✗ No,budget_exceeded
6,576,563,02-14,+25.0%,+4.28%,0.5214,46,✗ No,budget_exceeded
6,576,564,02-14,+25.0%,+4.28%,0.5214,46,✗ No,budget_exceeded
6,576,564,02-14,+25.0%,+4.03%,0.5201,46,✗ No,budget_exceeded
6,576,565,02-14,+24.4%,+3.84%,0.5192,46,✓ Yes,completed
6,576,566,02-14,+24.4%,+3.84%,0.5192,46,✓ Yes,completed
6,576,567,02-14,+24.2%,+3.82%,0.5191,47,✓ Yes,completed
6,576,567,02-14,+24.2%,+3.82%,0.5191,47,✓ Yes,completed
6,576,568,02-14,+24.2%,+3.82%,0.5191,47,✓ Yes,completed
6,576,569,02-14,+23.8%,+3.73%,0.5186,48,✓ Yes,completed
6,576,569,02-14,+23.5%,+3.70%,0.5185,51,✓ Yes,completed
6,576,570,02-14,+23.3%,+3.70%,0.5185,51,✓ Yes,completed
6,576,571,02-14,+23.3%,+3.70%,0.5185,51,✓ Yes,completed
6,576,571,02-14,+23.2%,+3.70%,0.5185,51,✓ Yes,completed
6,576,572,02-14,+22.5%,+3.70%,0.5185,54,✓ Yes,completed
6,576,573,02-14,+22.5%,+3.70%,0.5185,54,✓ Yes,completed
6,576,574,02-14,+22.2%,+3.62%,0.5181,57,✓ Yes,completed
6,576,574,02-14,+21.8%,+3.52%,0.5176,59,✓ Yes,completed
6,576,575,02-14,+21.8%,+3.52%,0.5176,59,✓ Yes,completed
6,576,576,02-14,+21.4%,+3.47%,0.5174,61,✓ Yes,completed
6,576,576,02-14,+21.1%,+3.45%,0.5172,64,✓ Yes,completed
6,577,562,02-14,+24.5%,+3.84%,0.5192,43,✓ Yes,completed
6,577,563,02-14,+24.4%,+3.84%,0.5192,43,✓ Yes,completed
6,577,564,02-14,+24.4%,+3.84%,0.5192,43,✓ Yes,completed
6,577,564,02-14,+24.3%,+3.84%,0.5192,43,✓ Yes,completed
6,577,565,02-14,+23.9%,+3.77%,0.5188,44,✓ Yes,completed
6,577,566,02-14,+23.9%,+3.77%,0.5188,44,✓ Yes,completed
6,577,566,02-14,+23.8%,+3.73%,0.5187,45,✓ Yes,completed
6,577,567,02-14,+23.8%,+3.73%,0.5187,45,✓ Yes,completed
6,577,568,02-14,+23.8%,+3.73%,0.5187,45,✓ Yes,completed
6,577,569,02-14,+23.3%,+3.71%,0.5185,46,✓ Yes,completed
6,577,569,02-14,+23.1%,+3.71%,0.5186,49,✓ Yes,completed
6,577,570,02-14,+23.1%,+3.71%,0.5186,49,✓ Yes,completed
6,577,571,02-14,+22.8%,+3.72%,0.5186,49,✓ Yes,completed
6,577,571,02-14,+22.8%,+3.72%,0.5186,49,✓ Yes,completed
6,577,572,02-14,+22.8%,+3.72%,0.5186,49,✓ Yes,completed
6,577,573,02-14,+22.1%,+3.59%,0.5180,52,✓ Yes,completed
6,577,573,02-14,+21.8%,+3.52%,0.5176,55,✓ Yes,completed
6,577,574,02-14,+21.8%,+3.52%,0.5176,55,✓ Yes,completed
6,577,575,02-14,+21.5%,+3.49%,0.5174,56,✓ Yes,completed
6,577,575,02-14,+21.0%,+3.47%,0.5173,58,✓ Yes,completed
6,577,576,02-14,+20.8%,+3.46%,0.5173,61,✓ Yes,completed
6,577,577,02-14,+20.8%,+3.46%,0.5173,61,✓ Yes,completed
6,577,577,02-14,+20.5%,+3.43%,0.5171,62,✓ Yes,completed
6,578,562,02-14,+24.1%,+3.81%,0.5191,43,✓ Yes,completed
6,578,563,02-14,+24.1%,+3.80%,0.5190,43,✓ Yes,completed
6,578,564,02-14,+24.1%,+3.80%,0.5190,43,✓ Yes,completed
6,578,564,02-14,+24.0%,+3.78%,0.5189,43,✓ Yes,completed
6,578,565,02-14,+23.6%,+3.71%,0.5185,44,✓ Yes,completed
6,578,566,02-14,+23.6%,+3.71%,0.5185,44,✓ Yes,completed
6,578,566,02-14,+23.5%,+3.70%,0.5185,45,✓ Yes,completed
6,578,567,02-14,+23.5%,+3.70%,0.5185,45,✓ Yes,completed
6,578,568,02-14,+23.5%,+3.70%,0.5185,45,✓ Yes,completed
6,578,568,02-14,+23.0%,+3.72%,0.5186,46,✓ Yes,completed
6,578,569,02-14,+22.8%,+3.71%,0.5186,49,✓ Yes,completed
6,578,570,02-14,+22.8%,+3.71%,0.5186,49,✓ Yes,completed
6,578,570,02-14,+22.5%,+3.71%,0.5185,49,✓ Yes,completed
6,578,571,02-14,+22.5%,+3.69%,0.5185,49,✓ Yes,completed
6,578,572,02-14,+22.5%,+3.69%,0.5185,49,✓ Yes,completed
6,578,572,02-14,+21.8%,+3.53%,0.5176,52,✓ Yes,completed
6,578,573,02-14,+21.5%,+3.49%,0.5174,55,✓ Yes,completed
6,578,574,02-14,+21.5%,+3.49%,0.5174,55,✓ Yes,completed
6,578,574,02-14,+21.1%,+3.47%,0.5174,56,✓ Yes,completed
6,578,575,02-14,+20.7%,+3.47%,0.5173,58,✓ Yes,completed
6,578,576,02-14,+20.7%,+3.47%,0.5173,58,✓ Yes,completed
6,578,576,02-14,+20.5%,+3.41%,0.5171,61,✓ Yes,completed
6,578,577,02-14,+20.2%,+3.35%,0.5167,62,✓ Yes,completed
6,578,578,02-14,+20.2%,+3.35%,0.5167,62,✓ Yes,completed
6,578,578,02-14,+19.8%,+3.29%,0.5164,64,✓ Yes,completed
6,579,562,02-14,+23.8%,+3.72%,0.5186,42,✓ Yes,completed
6,579,563,02-14,+23.7%,+3.71%,0.5186,42,✓ Yes,completed
6,579,564,02-14,+23.7%,+3.71%,0.5186,42,✓ Yes,completed
6,579,564,02-14,+23.6%,+3.71%,0.5185,42,✓ Yes,completed
6,579,565,02-14,+23.2%,+3.71%,0.5185,43,✓ Yes,completed
6,579,566,02-14,+23.2%,+3.71%,0.5185,43,✓ Yes,completed
6,579,566,02-14,+23.1%,+3.71%,0.5186,44,✓ Yes,completed
6,579,567,02-14,+23.1%,+3.71%,0.5186,44,✓ Yes,completed
6,579,568,02-14,+23.1%,+3.71%,0.5186,44,✓ Yes,completed
6,579,568,02-14,+22.6%,+3.72%,0.5186,45,✓ Yes,completed
6,579,569,02-14,+22.4%,+3.68%,0.5184,48,✓ Yes,completed
6,579,570,02-14,+22.4%,+3.68%,0.5184,48,✓ Yes,completed
6,579,571,02-14,+22.1%,+3.62%,0.5181,48,✓ Yes,completed
6,579,571,02-14,+22.1%,+3.60%,0.5180,48,✓ Yes,completed
6,579,572,02-14,+22.1%,+3.60%,0.5180,48,✓ Yes,completed
6,579,573,02-14,+21.5%,+3.50%,0.5175,51,✓ Yes,completed
6,579,573,02-14,+21.1%,+3.47%,0.5174,54,✓ Yes,completed
6,579,574,02-14,+21.1%,+3.47%,0.5174,54,✓ Yes,completed
6,579,575,02-14,+20.8%,+3.48%,0.5174,55,✓ Yes,completed
6,579,575,02-14,+20.4%,+3.41%,0.5170,57,✓ Yes,completed
6,579,576,02-14,+20.4%,+3.41%,0.5170,57,✓ Yes,completed
6,579,577,02-14,+20.1%,+3.32%,0.5166,60,✓ Yes,completed
6,579,577,02-14,+19.8%,+3.30%,0.5165,60,✓ Yes,completed
6,579,578,02-14,+19.3%,+3.30%,0.5165,62,✓ Yes,completed
6,579,579,02-14,+19.3%,+3.30%,0.5165,62,✓ Yes,completed
6,579,579,02-14,+19.0%,+3.29%,0.5165,64,✓ Yes,completed
6,573,562,02-15,+25.0%,+19.50%,0.5975,47,✗ No,budget_exceeded
6,573,563,02-15,+25.0%,+6.09%,0.5305,50,✗ No,budget_exceeded
6,573,564,02-15,+25.0%,+6.09%,0.5305,50,✗ No,budget_exceeded
6,573,564,02-15,+25.0%,+5.92%,0.5296,51,✗ No,budget_exceeded
6,573,565,02-15,+25.0%,+5.49%,0.5274,52,✗ No,budget_exceeded
6,573,566,02-15,+25.0%,+5.49%,0.5274,52,✗ No,budget_exceeded
6,573,566,02-15,+25.0%,+4.16%,0.5208,54,✗ No,budget_exceeded
6,573,567,02-15,+25.0%,+4.16%,0.5208,54,✗ No,budget_exceeded
6,573,568,02-15,+25.0%,+4.16%,0.5208,54,✗ No,budget_exceeded
6,573,569,02-15,+24.5%,+3.79%,0.5190,54,✓ Yes,completed
6,573,569,02-15,+24.2%,+3.78%,0.5189,58,✓ Yes,completed
6,573,570,02-15,+24.2%,+3.78%,0.5189,58,✓ Yes,completed
6,573,571,02-15,+24.0%,+3.73%,0.5187,58,✓ Yes,completed
6,573,571,02-15,+23.9%,+3.72%,0.5186,58,✓ Yes,completed
6,573,572,02-15,+23.9%,+3.72%,0.5186,58,✓ Yes,completed
6,573,573,02-15,+23.4%,+3.66%,0.5183,62,✓ Yes,completed
6,573,573,02-15,+22.5%,+3.72%,0.5186,63,✓ Yes,completed
6,574,562,02-15,+25.0%,+6.01%,0.5301,47,✗ No,budget_exceeded
6,574,563,02-15,+25.0%,+5.84%,0.5292,48,✗ No,budget_exceeded
6,574,564,02-15,+25.0%,+5.84%,0.5292,48,✗ No,budget_exceeded
6,574,564,02-15,+25.0%,+5.66%,0.5283,49,✗ No,budget_exceeded
6,574,565,02-15,+25.0%,+4.08%,0.5204,51,✗ No,budget_exceeded
6,574,566,02-15,+25.0%,+4.08%,0.5204,51,✗ No,budget_exceeded
6,574,567,02-15,+25.0%,+3.81%,0.5191,53,✗ No,budget_exceeded
6,574,567,02-15,+25.0%,+3.81%,0.5191,53,✗ No,budget_exceeded
6,574,568,02-15,+24.3%,+3.80%,0.5190,52,✓ Yes,completed
6,574,569,02-15,+24.3%,+3.80%,0.5190,52,✓ Yes,completed
6,574,569,02-15,+24.0%,+3.74%,0.5187,56,✓ Yes,completed
6,574,570,02-15,+23.8%,+3.69%,0.5184,56,✓ Yes,completed
6,574,571,02-15,+23.8%,+3.69%,0.5184,56,✓ Yes,completed
6,574,572,02-15,+23.7%,+3.67%,0.5184,56,✓ Yes,completed
6,574,572,02-15,+22.6%,+3.74%,0.5187,58,✓ Yes,completed
6,574,573,02-15,+22.6%,+3.74%,0.5187,58,✓ Yes,completed
6,574,574,02-15,+22.2%,+3.68%,0.5184,61,✓ Yes,completed
6,574,574,02-15,+21.9%,+3.61%,0.5181,62,✓ Yes,completed
6,575,562,02-15,+25.0%,+5.67%,0.5283,46,✗ No,budget_exceeded
6,575,563,02-15,+25.0%,+5.49%,0.5275,47,✗ No,budget_exceeded
6,575,564,02-15,+25.0%,+5.49%,0.5275,47,✗ No,budget_exceeded
6,575,564,02-15,+25.0%,+4.16%,0.5208,49,✗ No,budget_exceeded
6,575,565,02-15,+24.5%,+3.80%,0.5190,49,✓ Yes,completed
6,575,566,02-15,+24.5%,+3.80%,0.5190,49,✓ Yes,completed
6,575,566,02-15,+24.4%,+3.81%,0.5190,50,✓ Yes,completed
6,575,567,02-15,+24.4%,+3.81%,0.5190,50,✓ Yes,completed
6,575,568,02-15,+24.4%,+3.81%,0.5190,50,✓ Yes,completed
6,575,569,02-15,+24.0%,+3.75%,0.5188,51,✓ Yes,completed
6,575,569,02-15,+23.7%,+3.67%,0.5184,55,✓ Yes,completed
6,575,570,02-15,+23.7%,+3.67%,0.5184,55,✓ Yes,completed
6,575,571,02-15,+23.5%,+3.68%,0.5184,55,✓ Yes,completed
6,575,571,02-15,+23.4%,+3.68%,0.5184,55,✓ Yes,completed
6,575,572,02-15,+23.4%,+3.68%,0.5184,55,✓ Yes,completed
6,575,573,02-15,+22.3%,+3.71%,0.5186,57,✓ Yes,completed
6,575,573,02-15,+21.9%,+3.62%,0.5181,60,✓ Yes,completed
6,575,574,02-15,+21.9%,+3.62%,0.5181,60,✓ Yes,completed
6,575,575,02-15,+21.6%,+3.59%,0.5179,61,✓ Yes,completed
6,575,575,02-15,+21.1%,+3.60%,0.5180,63,✓ Yes,completed
6,576,562,02-15,+25.0%,+4.17%,0.5208,46,✗ No,budget_exceeded
6,576,563,02-15,+25.0%,+4.08%,0.5204,46,✗ No,budget_exceeded
6,576,564,02-15,+25.0%,+4.08%,0.5204,46,✗ No,budget_exceeded
6,576,564,02-15,+25.0%,+3.83%,0.5191,46,✗ No,budget_exceeded
6,576,565,02-15,+24.2%,+3.80%,0.5190,46,✓ Yes,completed
6,576,566,02-15,+24.2%,+3.80%,0.5190,46,✓ Yes,completed
6,576,567,02-15,+24.1%,+3.78%,0.5189,47,✓ Yes,completed
6,576,567,02-15,+24.1%,+3.78%,0.5189,47,✓ Yes,completed
6,576,568,02-15,+24.1%,+3.78%,0.5189,47,✓ Yes,completed
6,576,569,02-15,+23.7%,+3.69%,0.5185,48,✓ Yes,completed
6,576,569,02-15,+23.4%,+3.69%,0.5184,52,✓ Yes,completed
6,576,570,02-15,+22.6%,+3.76%,0.5188,50,✓ Yes,completed
6,576,571,02-15,+22.6%,+3.76%,0.5188,50,✓ Yes,completed
6,576,571,02-15,+22.5%,+3.76%,0.5188,50,✓ Yes,completed
6,576,572,02-15,+21.8%,+3.63%,0.5181,53,✓ Yes,completed
6,576,573,02-15,+21.8%,+3.63%,0.5181,53,✓ Yes,completed
6,576,574,02-15,+21.5%,+3.60%,0.5180,56,✓ Yes,completed
6,576,574,02-15,+21.2%,+3.61%,0.5181,57,✓ Yes,completed
6,576,575,02-15,+21.2%,+3.61%,0.5181,57,✓ Yes,completed
6,576,576,02-15,+20.8%,+3.61%,0.5180,59,✓ Yes,completed
6,576,576,02-15,+20.5%,+3.56%,0.5178,62,✓ Yes,completed
6,577,562,02-15,+24.5%,+3.82%,0.5191,43,✓ Yes,completed
6,577,563,02-15,+24.4%,+3.82%,0.5191,43,✓ Yes,completed
6,577,564,02-15,+24.4%,+3.82%,0.5191,43,✓ Yes,completed
6,577,564,02-15,+24.3%,+3.82%,0.5191,43,✓ Yes,completed
6,577,565,02-15,+23.9%,+3.75%,0.5187,44,✓ Yes,completed
6,577,566,02-15,+23.9%,+3.75%,0.5187,44,✓ Yes,completed
6,577,566,02-15,+23.8%,+3.71%,0.5186,45,✓ Yes,completed
6,577,567,02-15,+23.8%,+3.71%,0.5186,45,✓ Yes,completed
6,577,568,02-15,+23.8%,+3.71%,0.5186,45,✓ Yes,completed
6,577,569,02-15,+23.4%,+3.70%,0.5185,46,✓ Yes,completed
6,577,569,02-15,+22.5%,+3.76%,0.5188,48,✓ Yes,completed
6,577,570,02-15,+22.5%,+3.76%,0.5188,48,✓ Yes,completed
6,577,571,02-15,+22.3%,+3.74%,0.5187,48,✓ Yes,completed
6,577,571,02-15,+22.2%,+3.72%,0.5186,48,✓ Yes,completed
6,577,572,02-15,+22.2%,+3.72%,0.5186,48,✓ Yes,completed
6,577,573,02-15,+21.5%,+3.62%,0.5181,51,✓ Yes,completed
6,577,573,02-15,+21.2%,+3.62%,0.5181,54,✓ Yes,completed
6,577,574,02-15,+21.2%,+3.62%,0.5181,54,✓ Yes,completed
6,577,575,02-15,+20.9%,+3.62%,0.5181,55,✓ Yes,completed
6,577,575,02-15,+20.5%,+3.56%,0.5178,57,✓ Yes,completed
6,577,576,02-15,+20.2%,+3.49%,0.5174,60,✓ Yes,completed
6,577,577,02-15,+20.2%,+3.49%,0.5174,60,✓ Yes,completed
6,577,577,02-15,+20.0%,+3.43%,0.5172,61,✓ Yes,completed
6,578,562,02-15,+24.1%,+3.79%,0.5189,43,✓ Yes,completed
6,578,563,02-15,+24.1%,+3.78%,0.5189,43,✓ Yes,completed
6,578,564,02-15,+24.1%,+3.78%,0.5189,43,✓ Yes,completed
6,578,564,02-15,+24.0%,+3.76%,0.5188,43,✓ Yes,completed
6,578,565,02-15,+23.6%,+3.69%,0.5184,44,✓ Yes,completed
6,578,566,02-15,+23.6%,+3.69%,0.5184,44,✓ Yes,completed
6,578,566,02-15,+23.5%,+3.69%,0.5185,45,✓ Yes,completed
6,578,567,02-15,+23.5%,+3.69%,0.5185,45,✓ Yes,completed
6,578,568,02-15,+23.5%,+3.69%,0.5185,45,✓ Yes,completed
6,578,568,02-15,+22.5%,+3.76%,0.5188,45,✓ Yes,completed
6,578,569,02-15,+22.2%,+3.72%,0.5186,48,✓ Yes,completed
6,578,570,02-15,+22.2%,+3.72%,0.5186,48,✓ Yes,completed
6,578,570,02-15,+22.0%,+3.67%,0.5183,48,✓ Yes,completed
6,578,571,02-15,+21.9%,+3.65%,0.5182,48,✓ Yes,completed
6,578,572,02-15,+21.9%,+3.65%,0.5182,48,✓ Yes,completed
6,578,572,02-15,+21.2%,+3.63%,0.5181,51,✓ Yes,completed
6,578,573,02-15,+20.9%,+3.62%,0.5181,54,✓ Yes,completed
6,578,574,02-15,+20.9%,+3.62%,0.5181,54,✓ Yes,completed
6,578,574,02-15,+20.6%,+3.60%,0.5180,55,✓ Yes,completed
6,578,575,02-15,+20.1%,+3.48%,0.5174,57,✓ Yes,completed
6,578,576,02-15,+20.1%,+3.48%,0.5174,57,✓ Yes,completed
6,578,576,02-15,+19.9%,+3.42%,0.5171,60,✓ Yes,completed
6,578,577,02-15,+19.7%,+3.39%,0.5170,61,✓ Yes,completed
6,578,578,02-15,+19.7%,+3.39%,0.5170,61,✓ Yes,completed
6,578,578,02-15,+19.3%,+3.37%,0.5168,62,✓ Yes,completed
6,579,562,02-15,+23.8%,+3.70%,0.5185,42,✓ Yes,completed
6,579,563,02-15,+23.7%,+3.69%,0.5185,42,✓ Yes,completed
6,579,564,02-15,+23.7%,+3.69%,0.5185,42,✓ Yes,completed
6,579,564,02-15,+23.6%,+3.69%,0.5184,42,✓ Yes,completed
6,579,565,02-15,+22.6%,+3.77%,0.5188,42,✓ Yes,completed
6,579,566,02-15,+22.6%,+3.77%,0.5188,42,✓ Yes,completed
6,579,566,02-15,+22.5%,+3.76%,0.5188,43,✓ Yes,completed
6,579,567,02-15,+22.5%,+3.76%,0.5188,43,✓ Yes,completed
6,579,568,02-15,+22.5%,+3.76%,0.5188,43,✓ Yes,completed
6,579,568,02-15,+22.1%,+3.69%,0.5185,44,✓ Yes,completed
6,579,569,02-15,+21.8%,+3.63%,0.5182,47,✓ Yes,completed
6,579,570,02-15,+21.8%,+3.63%,0.5182,47,✓ Yes,completed
6,579,571,02-15,+21.6%,+3.62%,0.5181,47,✓ Yes,completed
6,579,571,02-15,+21.5%,+3.62%,0.5181,47,✓ Yes,completed
6,579,572,02-15,+21.5%,+3.62%,0.5181,47,✓ Yes,completed
6,579,573,02-15,+20.9%,+3.63%,0.5182,50,✓ Yes,completed
6,579,573,02-15,+20.6%,+3.60%,0.5180,53,✓ Yes,completed
6,579,574,02-15,+20.6%,+3.60%,0.5180,53,✓ Yes,completed
6,579,575,02-15,+20.3%,+3.52%,0.5176,54,✓ Yes,completed
6,579,575,02-15,+19.8%,+3.43%,0.5171,56,✓ Yes,completed
6,579,576,02-15,+19.8%,+3.43%,0.5171,56,✓ Yes,completed
6,579,577,02-15,+19.5%,+3.39%,0.5169,59,✓ Yes,completed
6,579,577,02-15,+19.2%,+3.38%,0.5169,59,✓ Yes,completed
6,579,578,02-15,+18.8%,+3.37%,0.5169,60,✓ Yes,completed
6,579,579,02-15,+18.8%,+3.37%,0.5169,60,✓ Yes,completed
6,579,579,02-15,+18.5%,+3.30%,0.5165,62,✓ Yes,completed
7,576,562,02-14,+25.0%,+26.75%,0.6338,43,✗ No,budget_exceeded
7,576,563,02-14,+25.0%,+26.75%,0.6338,43,✗ No,budget_exceeded
7,576,563,02-14,+25.0%,+26.75%,0.6338,43,✗ No,budget_exceeded
7,576,563,02-14,+25.0%,+25.15%,0.6258,45,✗ No,budget_exceeded
7,576,563,02-14,+25.0%,+25.15%,0.6258,45,✗ No,budget_exceeded
7,576,564,02-14,+25.0%,+25.15%,0.6258,45,✗ No,budget_exceeded
7,576,564,02-14,+25.0%,+8.93%,0.5446,48,✗ No,budget_exceeded
7,576,564,02-14,+25.0%,+8.93%,0.5446,48,✗ No,budget_exceeded
7,576,565,02-14,+25.0%,+8.93%,0.5446,48,✗ No,budget_exceeded
7,576,565,02-14,+25.0%,+3.93%,0.5197,50,✗ No,budget_exceeded
7,576,565,02-14,+25.0%,+3.93%,0.5197,50,✗ No,budget_exceeded
7,576,566,02-14,+25.0%,+3.93%,0.5197,50,✗ No,budget_exceeded
7,576,566,02-14,+25.0%,+3.93%,0.5197,50,✗ No,budget_exceeded
7,576,566,02-14,+24.5%,+3.83%,0.5191,50,✓ Yes,completed
7,576,567,02-14,+24.5%,+3.83%,0.5191,50,✓ Yes,completed
7,576,567,02-14,+24.5%,+3.83%,0.5191,50,✓ Yes,completed
7,576,567,02-14,+24.5%,+3.83%,0.5191,50,✓ Yes,completed
7,576,568,02-14,+24.5%,+3.83%,0.5191,50,✓ Yes,completed
7,576,568,02-14,+24.5%,+3.83%,0.5191,50,✓ Yes,completed
7,576,568,02-14,+24.1%,+3.79%,0.5189,51,✓ Yes,completed
7,576,568,02-14,+24.1%,+3.79%,0.5189,51,✓ Yes,completed
7,576,569,02-14,+24.1%,+3.79%,0.5189,51,✓ Yes,completed
7,576,569,02-14,+23.8%,+3.73%,0.5186,54,✓ Yes,completed
7,576,569,02-14,+23.8%,+3.73%,0.5186,54,✓ Yes,completed
7,576,570,02-14,+23.8%,+3.73%,0.5186,54,✓ Yes,completed
7,576,570,02-14,+23.6%,+3.69%,0.5185,54,✓ Yes,completed
7,576,570,02-14,+23.6%,+3.69%,0.5185,54,✓ Yes,completed
7,576,571,02-14,+23.6%,+3.69%,0.5185,54,✓ Yes,completed
7,576,571,02-14,+23.6%,+3.69%,0.5185,54,✓ Yes,completed
7,576,571,02-14,+23.5%,+3.69%,0.5184,54,✓ Yes,completed
7,576,572,02-14,+23.5%,+3.69%,0.5184,54,✓ Yes,completed
7,576,572,02-14,+23.5%,+3.69%,0.5184,54,✓ Yes,completed
7,576,572,02-14,+23.0%,+3.69%,0.5185,58,✓ Yes,completed
7,576,572,02-14,+23.0%,+3.69%,0.5185,58,✓ Yes,completed
7,576,573,02-14,+23.0%,+3.69%,0.5185,58,✓ Yes,completed
7,576,573,02-14,+22.6%,+3.68%,0.5184,61,✓ Yes,completed
7,576,573,02-14,+22.6%,+3.68%,0.5184,61,✓ Yes,completed
7,576,574,02-14,+22.6%,+3.68%,0.5184,61,✓ Yes,completed
7,576,574,02-14,+22.2%,+3.60%,0.5180,63,✓ Yes,completed
7,576,574,02-14,+22.2%,+3.60%,0.5180,63,✓ Yes,completed
7,576,575,02-14,+22.2%,+3.60%,0.5180,63,✓ Yes,completed
7,576,575,02-14,+22.2%,+3.60%,0.5180,63,✓ Yes,completed
7,576,575,02-14,+21.8%,+3.49%,0.5175,65,✓ Yes,completed
7,576,576,02-14,+21.8%,+3.49%,0.5175,65,✓ Yes,completed
7,576,576,02-14,+21.8%,+3.49%,0.5175,65,✓ Yes,completed
7,577,562,02-14,+25.0%,+17.68%,0.5884,45,✗ No,budget_exceeded
7,577,563,02-14,+25.0%,+17.68%,0.5884,45,✗ No,budget_exceeded
7,577,563,02-14,+25.0%,+17.68%,0.5884,45,✗ No,budget_exceeded
7,577,563,02-14,+25.0%,+4.28%,0.5214,46,✗ No,budget_exceeded
7,577,563,02-14,+25.0%,+4.28%,0.5214,46,✗ No,budget_exceeded
7,577,564,02-14,+25.0%,+4.28%,0.5214,46,✗ No,budget_exceeded
7,577,564,02-14,+25.0%,+4.03%,0.5201,46,✗ No,budget_exceeded
7,577,564,02-14,+25.0%,+4.03%,0.5201,46,✗ No,budget_exceeded
7,577,565,02-14,+25.0%,+4.03%,0.5201,46,✗ No,budget_exceeded
7,577,565,02-14,+25.0%,+4.03%,0.5201,46,✗ No,budget_exceeded
7,577,565,02-14,+24.4%,+3.84%,0.5192,46,✓ Yes,completed
7,577,566,02-14,+24.4%,+3.84%,0.5192,46,✓ Yes,completed
7,577,566,02-14,+24.4%,+3.84%,0.5192,46,✓ Yes,completed
7,577,566,02-14,+24.2%,+3.82%,0.5191,47,✓ Yes,completed
7,577,567,02-14,+24.2%,+3.82%,0.5191,47,✓ Yes,completed
7,577,567,02-14,+24.2%,+3.82%,0.5191,47,✓ Yes,completed
7,577,567,02-14,+24.2%,+3.82%,0.5191,47,✓ Yes,completed
7,577,567,02-14,+24.2%,+3.82%,0.5191,47,✓ Yes,completed
7,577,568,02-14,+24.2%,+3.82%,0.5191,47,✓ Yes,completed
7,577,568,02-14,+23.8%,+3.73%,0.5186,48,✓ Yes,completed
7,577,568,02-14,+23.8%,+3.73%,0.5186,48,✓ Yes,completed
7,577,569,02-14,+23.8%,+3.73%,0.5186,48,✓ Yes,completed
7,577,569,02-14,+23.8%,+3.73%,0.5186,48,✓ Yes,completed
7,577,569,02-14,+23.5%,+3.70%,0.5185,51,✓ Yes,completed
7,577,570,02-14,+23.5%,+3.70%,0.5185,51,✓ Yes,completed
7,577,570,02-14,+23.5%,+3.70%,0.5185,51,✓ Yes,completed
7,577,570,02-14,+23.3%,+3.70%,0.5185,51,✓ Yes,completed
7,577,570,02-14,+23.3%,+3.70%,0.5185,51,✓ Yes,completed
7,577,571,02-14,+23.3%,+3.70%,0.5185,51,✓ Yes,completed
7,577,571,02-14,+23.2%,+3.70%,0.5185,51,✓ Yes,completed
7,577,571,02-14,+23.2%,+3.70%,0.5185,51,✓ Yes,completed
7,577,572,02-14,+23.2%,+3.70%,0.5185,51,✓ Yes,completed
7,577,572,02-14,+22.5%,+3.70%,0.5185,54,✓ Yes,completed
7,577,572,02-14,+22.5%,+3.70%,0.5185,54,✓ Yes,completed
7,577,573,02-14,+22.5%,+3.70%,0.5185,54,✓ Yes,completed
7,577,573,02-14,+22.5%,+3.70%,0.5185,54,✓ Yes,completed
7,577,573,02-14,+22.2%,+3.62%,0.5181,57,✓ Yes,completed
7,577,574,02-14,+22.2%,+3.62%,0.5181,57,✓ Yes,completed
7,577,574,02-14,+22.2%,+3.62%,0.5181,57,✓ Yes,completed
7,577,574,02-14,+21.8%,+3.52%,0.5176,59,✓ Yes,completed
7,577,574,02-14,+21.8%,+3.52%,0.5176,59,✓ Yes,completed
7,577,575,02-14,+21.8%,+3.52%,0.5176,59,✓ Yes,completed
7,577,575,02-14,+21.4%,+3.47%,0.5174,61,✓ Yes,completed
7,577,575,02-14,+21.4%,+3.47%,0.5174,61,✓ Yes,completed
7,577,576,02-14,+21.4%,+3.47%,0.5174,61,✓ Yes,completed
7,577,576,02-14,+21.4%,+3.47%,0.5174,61,✓ Yes,completed
7,577,576,02-14,+21.1%,+3.45%,0.5172,64,✓ Yes,completed
7,577,577,02-14,+21.1%,+3.45%,0.5172,64,✓ Yes,completed
7,577,577,02-14,+21.1%,+3.45%,0.5172,64,✓ Yes,completed
7,578,562,02-14,+24.5%,+3.84%,0.5192,43,✓ Yes,completed
7,578,563,02-14,+24.5%,+3.84%,0.5192,43,✓ Yes,completed
7,578,563,02-14,+24.5%,+3.84%,0.5192,43,✓ Yes,completed
7,578,563,02-14,+24.4%,+3.84%,0.5192,43,✓ Yes,completed
7,578,563,02-14,+24.4%,+3.84%,0.5192,43,✓ Yes,completed
7,578,564,02-14,+24.4%,+3.84%,0.5192,43,✓ Yes,completed
7,578,564,02-14,+24.3%,+3.84%,0.5192,43,✓ Yes,completed
7,578,564,02-14,+24.3%,+3.84%,0.5192,43,✓ Yes,completed
7,578,565,02-14,+24.3%,+3.84%,0.5192,43,✓ Yes,completed
7,578,565,02-14,+23.9%,+3.77%,0.5188,44,✓ Yes,completed
7,578,565,02-14,+23.9%,+3.77%,0.5188,44,✓ Yes,completed
7,578,566,02-14,+23.9%,+3.77%,0.5188,44,✓ Yes,completed
7,578,566,02-14,+23.9%,+3.77%,0.5188,44,✓ Yes,completed
7,578,566,02-14,+23.8%,+3.73%,0.5187,45,✓ Yes,completed
7,578,567,02-14,+23.8%,+3.73%,0.5187,45,✓ Yes,completed
7,578,567,02-14,+23.8%,+3.73%,0.5187,45,✓ Yes,completed
7,578,567,02-14,+23.8%,+3.73%,0.5187,45,✓ Yes,completed
7,578,567,02-14,+23.8%,+3.73%,0.5187,45,✓ Yes,completed
7,578,568,02-14,+23.8%,+3.73%,0.5187,45,✓ Yes,completed
7,578,568,02-14,+23.3%,+3.71%,0.5185,46,✓ Yes,completed
7,578,568,02-14,+23.3%,+3.71%,0.5185,46,✓ Yes,completed
7,578,569,02-14,+23.3%,+3.71%,0.5185,46,✓ Yes,completed
7,578,569,02-14,+23.3%,+3.71%,0.5185,46,✓ Yes,completed
7,578,569,02-14,+23.1%,+3.71%,0.5186,49,✓ Yes,completed
7,578,570,02-14,+23.1%,+3.71%,0.5186,49,✓ Yes,completed
7,578,570,02-14,+23.1%,+3.71%,0.5186,49,✓ Yes,completed
7,578,570,02-14,+22.8%,+3.72%,0.5186,49,✓ Yes,completed
7,578,571,02-14,+22.8%,+3.72%,0.5186,49,✓ Yes,completed
7,578,571,02-14,+22.8%,+3.72%,0.5186,49,✓ Yes,completed
7,578,571,02-14,+22.8%,+3.72%,0.5186,49,✓ Yes,completed
7,578,571,02-14,+22.8%,+3.72%,0.5186,49,✓ Yes,completed
7,578,572,02-14,+22.8%,+3.72%,0.5186,49,✓ Yes,completed
7,578,572,02-14,+22.1%,+3.59%,0.5180,52,✓ Yes,completed
7,578,572,02-14,+22.1%,+3.59%,0.5180,52,✓ Yes,completed
7,578,573,02-14,+22.1%,+3.59%,0.5180,52,✓ Yes,completed
7,578,573,02-14,+22.1%,+3.59%,0.5180,52,✓ Yes,completed
7,578,573,02-14,+21.8%,+3.52%,0.5176,55,✓ Yes,completed
7,578,574,02-14,+21.8%,+3.52%,0.5176,55,✓ Yes,completed
7,578,574,02-14,+21.8%,+3.52%,0.5176,55,✓ Yes,completed
7,578,574,02-14,+21.5%,+3.49%,0.5174,56,✓ Yes,completed
7,578,575,02-14,+21.5%,+3.49%,0.5174,56,✓ Yes,completed
7,578,575,02-14,+21.5%,+3.49%,0.5174,56,✓ Yes,completed
7,578,575,02-14,+21.0%,+3.47%,0.5173,58,✓ Yes,completed
7,578,575,02-14,+21.0%,+3.47%,0.5173,58,✓ Yes,completed
7,578,576,02-14,+21.0%,+3.47%,0.5173,58,✓ Yes,completed
7,578,576,02-14,+20.8%,+3.46%,0.5173,61,✓ Yes,completed
7,578,576,02-14,+20.8%,+3.46%,0.5173,61,✓ Yes,completed
7,578,577,02-14,+20.8%,+3.46%,0.5173,61,✓ Yes,completed
7,578,577,02-14,+20.8%,+3.46%,0.5173,61,✓ Yes,completed
7,578,577,02-14,+20.5%,+3.43%,0.5171,62,✓ Yes,completed
7,578,578,02-14,+20.5%,+3.43%,0.5171,62,✓ Yes,completed
7,578,578,02-14,+20.5%,+3.43%,0.5171,62,✓ Yes,completed
7,576,562,02-15,+25.0%,+5.67%,0.5283,46,✗ No,budget_exceeded
7,576,563,02-15,+25.0%,+5.67%,0.5283,46,✗ No,budget_exceeded
7,576,563,02-15,+25.0%,+5.67%,0.5283,46,✗ No,budget_exceeded
7,576,563,02-15,+25.0%,+5.49%,0.5275,47,✗ No,budget_exceeded
7,576,563,02-15,+25.0%,+5.49%,0.5275,47,✗ No,budget_exceeded
7,576,564,02-15,+25.0%,+5.49%,0.5275,47,✗ No,budget_exceeded
7,576,564,02-15,+25.0%,+4.16%,0.5208,49,✗ No,budget_exceeded
7,576,564,02-15,+25.0%,+4.16%,0.5208,49,✗ No,budget_exceeded
7,576,565,02-15,+25.0%,+4.16%,0.5208,49,✗ No,budget_exceeded
7,576,565,02-15,+24.5%,+3.80%,0.5190,49,✓ Yes,completed
7,576,565,02-15,+24.5%,+3.80%,0.5190,49,✓ Yes,completed
7,576,566,02-15,+24.5%,+3.80%,0.5190,49,✓ Yes,completed
7,576,566,02-15,+24.5%,+3.80%,0.5190,49,✓ Yes,completed
7,576,566,02-15,+24.4%,+3.81%,0.5190,50,✓ Yes,completed
7,576,567,02-15,+24.4%,+3.81%,0.5190,50,✓ Yes,completed
7,576,567,02-15,+24.4%,+3.81%,0.5190,50,✓ Yes,completed
7,576,567,02-15,+24.4%,+3.81%,0.5190,50,✓ Yes,completed
7,576,568,02-15,+24.4%,+3.81%,0.5190,50,✓ Yes,completed
7,576,568,02-15,+24.4%,+3.81%,0.5190,50,✓ Yes,completed
7,576,568,02-15,+24.0%,+3.75%,0.5188,51,✓ Yes,completed
7,576,568,02-15,+24.0%,+3.75%,0.5188,51,✓ Yes,completed
7,576,569,02-15,+24.0%,+3.75%,0.5188,51,✓ Yes,completed
7,576,569,02-15,+23.7%,+3.67%,0.5184,55,✓ Yes,completed
7,576,569,02-15,+23.7%,+3.67%,0.5184,55,✓ Yes,completed
7,576,570,02-15,+23.7%,+3.67%,0.5184,55,✓ Yes,completed
7,576,570,02-15,+23.5%,+3.68%,0.5184,55,✓ Yes,completed
7,576,570,02-15,+23.5%,+3.68%,0.5184,55,✓ Yes,completed
7,576,571,02-15,+23.5%,+3.68%,0.5184,55,✓ Yes,completed
7,576,571,02-15,+23.5%,+3.68%,0.5184,55,✓ Yes,completed
7,576,571,02-15,+23.4%,+3.68%,0.5184,55,✓ Yes,completed
7,576,572,02-15,+23.4%,+3.68%,0.5184,55,✓ Yes,completed
7,576,572,02-15,+23.4%,+3.68%,0.5184,55,✓ Yes,completed
7,576,572,02-15,+22.3%,+3.71%,0.5186,57,✓ Yes,completed
7,576,572,02-15,+22.3%,+3.71%,0.5186,57,✓ Yes,completed
7,576,573,02-15,+22.3%,+3.71%,0.5186,57,✓ Yes,completed
7,576,573,02-15,+21.9%,+3.62%,0.5181,60,✓ Yes,completed
7,576,573,02-15,+21.9%,+3.62%,0.5181,60,✓ Yes,completed
7,576,574,02-15,+21.9%,+3.62%,0.5181,60,✓ Yes,completed
7,576,574,02-15,+21.6%,+3.59%,0.5179,61,✓ Yes,completed
7,576,574,02-15,+21.6%,+3.59%,0.5179,61,✓ Yes,completed
7,576,575,02-15,+21.6%,+3.59%,0.5179,61,✓ Yes,completed
7,576,575,02-15,+21.6%,+3.59%,0.5179,61,✓ Yes,completed
7,576,575,02-15,+21.1%,+3.60%,0.5180,63,✓ Yes,completed
7,576,576,02-15,+21.1%,+3.60%,0.5180,63,✓ Yes,completed
7,576,576,02-15,+21.1%,+3.60%,0.5180,63,✓ Yes,completed
7,577,562,02-15,+25.0%,+4.17%,0.5208,46,✗ No,budget_exceeded
7,577,563,02-15,+25.0%,+4.17%,0.5208,46,✗ No,budget_exceeded
7,577,563,02-15,+25.0%,+4.17%,0.5208,46,✗ No,budget_exceeded
7,577,563,02-15,+25.0%,+4.08%,0.5204,46,✗ No,budget_exceeded
7,577,563,02-15,+25.0%,+4.08%,0.5204,46,✗ No,budget_exceeded
7,577,564,02-15,+25.0%,+4.08%,0.5204,46,✗ No,budget_exceeded
7,577,564,02-15,+25.0%,+3.83%,0.5191,46,✗ No,budget_exceeded
7,577,564,02-15,+25.0%,+3.83%,0.5191,46,✗ No,budget_exceeded
7,577,565,02-15,+25.0%,+3.83%,0.5191,46,✗ No,budget_exceeded
7,577,565,02-15,+25.0%,+3.83%,0.5191,46,✗ No,budget_exceeded
7,577,565,02-15,+24.2%,+3.80%,0.5190,46,✓ Yes,completed
7,577,566,02-15,+24.2%,+3.80%,0.5190,46,✓ Yes,completed
7,577,566,02-15,+24.2%,+3.80%,0.5190,46,✓ Yes,completed
7,577,566,02-15,+24.1%,+3.78%,0.5189,47,✓ Yes,completed
7,577,567,02-15,+24.1%,+3.78%,0.5189,47,✓ Yes,completed
7,577,567,02-15,+24.1%,+3.78%,0.5189,47,✓ Yes,completed
7,577,567,02-15,+24.1%,+3.78%,0.5189,47,✓ Yes,completed
7,577,567,02-15,+24.1%,+3.78%,0.5189,47,✓ Yes,completed
7,577,568,02-15,+24.1%,+3.78%,0.5189,47,✓ Yes,completed
7,577,568,02-15,+23.7%,+3.69%,0.5185,48,✓ Yes,completed
7,577,568,02-15,+23.7%,+3.69%,0.5185,48,✓ Yes,completed
7,577,569,02-15,+23.7%,+3.69%,0.5185,48,✓ Yes,completed
7,577,569,02-15,+23.7%,+3.69%,0.5185,48,✓ Yes,completed
7,577,569,02-15,+23.4%,+3.69%,0.5184,52,✓ Yes,completed
7,577,570,02-15,+23.4%,+3.69%,0.5184,52,✓ Yes,completed
7,577,570,02-15,+23.4%,+3.69%,0.5184,52,✓ Yes,completed
7,577,570,02-15,+22.6%,+3.76%,0.5188,50,✓ Yes,completed
7,577,570,02-15,+22.6%,+3.76%,0.5188,50,✓ Yes,completed
7,577,571,02-15,+22.6%,+3.76%,0.5188,50,✓ Yes,completed
7,577,571,02-15,+22.5%,+3.76%,0.5188,50,✓ Yes,completed
7,577,571,02-15,+22.5%,+3.76%,0.5188,50,✓ Yes,completed
7,577,572,02-15,+22.5%,+3.76%,0.5188,50,✓ Yes,completed
7,577,572,02-15,+21.8%,+3.63%,0.5181,53,✓ Yes,completed
7,577,572,02-15,+21.8%,+3.63%,0.5181,53,✓ Yes,completed
7,577,573,02-15,+21.8%,+3.63%,0.5181,53,✓ Yes,completed
7,577,573,02-15,+21.8%,+3.63%,0.5181,53,✓ Yes,completed
7,577,573,02-15,+21.5%,+3.60%,0.5180,56,✓ Yes,completed
7,577,574,02-15,+21.5%,+3.60%,0.5180,56,✓ Yes,completed
7,577,574,02-15,+21.5%,+3.60%,0.5180,56,✓ Yes,completed
7,577,574,02-15,+21.2%,+3.61%,0.5181,57,✓ Yes,completed
7,577,574,02-15,+21.2%,+3.61%,0.5181,57,✓ Yes,completed
7,577,575,02-15,+21.2%,+3.61%,0.5181,57,✓ Yes,completed
7,577,575,02-15,+20.8%,+3.61%,0.5180,59,✓ Yes,completed
7,577,575,02-15,+20.8%,+3.61%,0.5180,59,✓ Yes,completed
7,577,576,02-15,+20.8%,+3.61%,0.5180,59,✓ Yes,completed
7,577,576,02-15,+20.8%,+3.61%,0.5180,59,✓ Yes,completed
7,577,576,02-15,+20.5%,+3.56%,0.5178,62,✓ Yes,completed
7,577,577,02-15,+20.5%,+3.56%,0.5178,62,✓ Yes,completed
7,577,577,02-15,+20.5%,+3.56%,0.5178,62,✓ Yes,completed
7,578,562,02-15,+24.5%,+3.82%,0.5191,43,✓ Yes,completed
7,578,563,02-15,+24.5%,+3.82%,0.5191,43,✓ Yes,completed
7,578,563,02-15,+24.5%,+3.82%,0.5191,43,✓ Yes,completed
7,578,563,02-15,+24.4%,+3.82%,0.5191,43,✓ Yes,completed
7,578,563,02-15,+24.4%,+3.82%,0.5191,43,✓ Yes,completed
7,578,564,02-15,+24.4%,+3.82%,0.5191,43,✓ Yes,completed
7,578,564,02-15,+24.3%,+3.82%,0.5191,43,✓ Yes,completed
7,578,564,02-15,+24.3%,+3.82%,0.5191,43,✓ Yes,completed
7,578,565,02-15,+24.3%,+3.82%,0.5191,43,✓ Yes,completed
7,578,565,02-15,+23.9%,+3.75%,0.5187,44,✓ Yes,completed
7,578,565,02-15,+23.9%,+3.75%,0.5187,44,✓ Yes,completed
7,578,566,02-15,+23.9%,+3.75%,0.5187,44,✓ Yes,completed
7,578,566,02-15,+23.9%,+3.75%,0.5187,44,✓ Yes,completed
7,578,566,02-15,+23.8%,+3.71%,0.5186,45,✓ Yes,completed
7,578,567,02-15,+23.8%,+3.71%,0.5186,45,✓ Yes,completed
7,578,567,02-15,+23.8%,+3.71%,0.5186,45,✓ Yes,completed
7,578,567,02-15,+23.8%,+3.71%,0.5186,45,✓ Yes,completed
7,578,567,02-15,+23.8%,+3.71%,0.5186,45,✓ Yes,completed
7,578,568,02-15,+23.8%,+3.71%,0.5186,45,✓ Yes,completed
7,578,568,02-15,+23.4%,+3.70%,0.5185,46,✓ Yes,completed
7,578,568,02-15,+23.4%,+3.70%,0.5185,46,✓ Yes,completed
7,578,569,02-15,+23.4%,+3.70%,0.5185,46,✓ Yes,completed
7,578,569,02-15,+23.4%,+3.70%,0.5185,46,✓ Yes,completed
7,578,569,02-15,+22.5%,+3.76%,0.5188,48,✓ Yes,completed
7,578,570,02-15,+22.5%,+3.76%,0.5188,48,✓ Yes,completed
7,578,570,02-15,+22.5%,+3.76%,0.5188,48,✓ Yes,completed
7,578,570,02-15,+22.3%,+3.74%,0.5187,48,✓ Yes,completed
7,578,571,02-15,+22.3%,+3.74%,0.5187,48,✓ Yes,completed
7,578,571,02-15,+22.3%,+3.74%,0.5187,48,✓ Yes,completed
7,578,571,02-15,+22.2%,+3.72%,0.5186,48,✓ Yes,completed
7,578,571,02-15,+22.2%,+3.72%,0.5186,48,✓ Yes,completed
7,578,572,02-15,+22.2%,+3.72%,0.5186,48,✓ Yes,completed
7,578,572,02-15,+21.5%,+3.62%,0.5181,51,✓ Yes,completed
7,578,572,02-15,+21.5%,+3.62%,0.5181,51,✓ Yes,completed
7,578,573,02-15,+21.5%,+3.62%,0.5181,51,✓ Yes,completed
7,578,573,02-15,+21.5%,+3.62%,0.5181,51,✓ Yes,completed
7,578,573,02-15,+21.2%,+3.62%,0.5181,54,✓ Yes,completed
7,578,574,02-15,+21.2%,+3.62%,0.5181,54,✓ Yes,completed
7,578,574,02-15,+21.2%,+3.62%,0.5181,54,✓ Yes,completed
7,578,574,02-15,+20.9%,+3.62%,0.5181,55,✓ Yes,completed
7,578,575,02-15,+20.9%,+3.62%,0.5181,55,✓ Yes,completed
7,578,575,02-15,+20.9%,+3.62%,0.5181,55,✓ Yes,completed
7,578,575,02-15,+20.5%,+3.56%,0.5178,57,✓ Yes,completed
7,578,575,02-15,+20.5%,+3.56%,0.5178,57,✓ Yes,completed
7,578,576,02-15,+20.5%,+3.56%,0.5178,57,✓ Yes,completed
7,578,576,02-15,+20.2%,+3.49%,0.5174,60,✓ Yes,completed
7,578,576,02-15,+20.2%,+3.49%,0.5174,60,✓ Yes,completed
7,578,577,02-15,+20.2%,+3.49%,0.5174,60,✓ Yes,completed
7,578,577,02-15,+20.2%,+3.49%,0.5174,60,✓ Yes,completed
7,578,577,02-15,+20.0%,+3.43%,0.5172,61,✓ Yes,completed
7,578,578,02-15,+20.0%,+3.43%,0.5172,61,✓ Yes,completed
7,578,578,02-15,+20.0%,+3.43%,0.5172,61,✓ Yes,completed
8,577,563,02-14,+25.0%,+4.28%,0.5214,46,✗ No,budget_exceeded
8,577,563,02-14,+25.0%,+4.28%,0.5214,46,✗ No,budget_exceeded
8,577,564,02-14,+25.0%,+4.28%,0.5214,46,✗ No,budget_exceeded
8,577,564,02-14,+25.0%,+4.28%,0.5214,46,✗ No,budget_exceeded
8,577,564,02-14,+25.0%,+4.03%,0.5201,46,✗ No,budget_exceeded
8,577,565,02-14,+25.0%,+4.03%,0.5201,46,✗ No,budget_exceeded
8,577,565,02-14,+25.0%,+4.03%,0.5201,46,✗ No,budget_exceeded
8,577,565,02-14,+24.4%,+3.84%,0.5192,46,✓ Yes,completed
8,577,565,02-14,+24.4%,+3.84%,0.5192,46,✓ Yes,completed
8,577,566,02-14,+24.4%,+3.84%,0.5192,46,✓ Yes,completed
8,577,566,02-14,+24.2%,+3.82%,0.5191,47,✓ Yes,completed
8,577,566,02-14,+24.2%,+3.82%,0.5191,47,✓ Yes,completed
8,577,567,02-14,+24.2%,+3.82%,0.5191,47,✓ Yes,completed
8,577,567,02-14,+24.2%,+3.82%,0.5191,47,✓ Yes,completed
8,577,567,02-14,+24.2%,+3.82%,0.5191,47,✓ Yes,completed
8,577,568,02-14,+24.2%,+3.82%,0.5191,47,✓ Yes,completed
8,577,568,02-14,+24.2%,+3.82%,0.5191,47,✓ Yes,completed
8,577,568,02-14,+23.8%,+3.73%,0.5186,48,✓ Yes,completed
8,577,569,02-14,+23.8%,+3.73%,0.5186,48,✓ Yes,completed
8,577,569,02-14,+23.8%,+3.73%,0.5186,48,✓ Yes,completed
8,577,569,02-14,+23.5%,+3.70%,0.5185,51,✓ Yes,completed
8,577,569,02-14,+23.5%,+3.70%,0.5185,51,✓ Yes,completed
8,577,570,02-14,+23.5%,+3.70%,0.5185,51,✓ Yes,completed
8,577,570,02-14,+23.3%,+3.70%,0.5185,51,✓ Yes,completed
8,577,570,02-14,+23.3%,+3.70%,0.5185,51,✓ Yes,completed
8,577,571,02-14,+23.3%,+3.70%,0.5185,51,✓ Yes,completed
8,577,571,02-14,+23.3%,+3.70%,0.5185,51,✓ Yes,completed
8,577,571,02-14,+23.2%,+3.70%,0.5185,51,✓ Yes,completed
8,577,572,02-14,+23.2%,+3.70%,0.5185,51,✓ Yes,completed
8,577,572,02-14,+23.2%,+3.70%,0.5185,51,✓ Yes,completed
8,577,572,02-14,+22.5%,+3.70%,0.5185,54,✓ Yes,completed
8,577,572,02-14,+22.5%,+3.70%,0.5185,54,✓ Yes,completed
8,577,573,02-14,+22.5%,+3.70%,0.5185,54,✓ Yes,completed
8,577,573,02-14,+22.2%,+3.62%,0.5181,57,✓ Yes,completed
8,577,573,02-14,+22.2%,+3.62%,0.5181,57,✓ Yes,completed
8,577,574,02-14,+22.2%,+3.62%,0.5181,57,✓ Yes,completed
8,577,574,02-14,+22.2%,+3.62%,0.5181,57,✓ Yes,completed
8,577,574,02-14,+21.8%,+3.52%,0.5176,59,✓ Yes,completed
8,577,575,02-14,+21.8%,+3.52%,0.5176,59,✓ Yes,completed
8,577,575,02-14,+21.8%,+3.52%,0.5176,59,✓ Yes,completed
8,577,575,02-14,+21.4%,+3.47%,0.5174,61,✓ Yes,completed
8,577,576,02-14,+21.4%,+3.47%,0.5174,61,✓ Yes,completed
8,577,576,02-14,+21.4%,+3.47%,0.5174,61,✓ Yes,completed
8,577,576,02-14,+21.1%,+3.45%,0.5172,64,✓ Yes,completed
8,577,576,02-14,+21.1%,+3.45%,0.5172,64,✓ Yes,completed
8,577,577,02-14,+21.1%,+3.45%,0.5172,64,✓ Yes,completed
8,578,563,02-14,+24.4%,+3.84%,0.5192,43,✓ Yes,completed
8,578,563,02-14,+24.4%,+3.84%,0.5192,43,✓ Yes,completed
8,578,564,02-14,+24.4%,+3.84%,0.5192,43,✓ Yes,completed
8,578,564,02-14,+24.4%,+3.84%,0.5192,43,✓ Yes,completed
8,578,564,02-14,+24.3%,+3.84%,0.5192,43,✓ Yes,completed
8,578,565,02-14,+24.3%,+3.84%,0.5192,43,✓ Yes,completed
8,578,565,02-14,+24.3%,+3.84%,0.5192,43,✓ Yes,completed
8,578,565,02-14,+23.9%,+3.77%,0.5188,44,✓ Yes,completed
8,578,566,02-14,+23.9%,+3.77%,0.5188,44,✓ Yes,completed
8,578,566,02-14,+23.9%,+3.77%,0.5188,44,✓ Yes,completed
8,578,566,02-14,+23.8%,+3.73%,0.5187,45,✓ Yes,completed
8,578,566,02-14,+23.8%,+3.73%,0.5187,45,✓ Yes,completed
8,578,567,02-14,+23.8%,+3.73%,0.5187,45,✓ Yes,completed
8,578,567,02-14,+23.8%,+3.73%,0.5187,45,✓ Yes,completed
8,578,567,02-14,+23.8%,+3.73%,0.5187,45,✓ Yes,completed
8,578,568,02-14,+23.8%,+3.73%,0.5187,45,✓ Yes,completed
8,578,568,02-14,+23.8%,+3.73%,0.5187,45,✓ Yes,completed
8,578,568,02-14,+23.3%,+3.71%,0.5185,46,✓ Yes,completed
8,578,569,02-14,+23.3%,+3.71%,0.5185,46,✓ Yes,completed
8,578,569,02-14,+23.3%,+3.71%,0.5185,46,✓ Yes,completed
8,578,569,02-14,+23.1%,+3.71%,0.5186,49,✓ Yes,completed
8,578,569,02-14,+23.1%,+3.71%,0.5186,49,✓ Yes,completed
8,578,570,02-14,+23.1%,+3.71%,0.5186,49,✓ Yes,completed
8,578,570,02-14,+22.8%,+3.72%,0.5186,49,✓ Yes,completed
8,578,570,02-14,+22.8%,+3.72%,0.5186,49,✓ Yes,completed
8,578,571,02-14,+22.8%,+3.72%,0.5186,49,✓ Yes,completed
8,578,571,02-14,+22.8%,+3.72%,0.5186,49,✓ Yes,completed
8,578,571,02-14,+22.8%,+3.72%,0.5186,49,✓ Yes,completed
8,578,572,02-14,+22.8%,+3.72%,0.5186,49,✓ Yes,completed
8,578,572,02-14,+22.8%,+3.72%,0.5186,49,✓ Yes,completed
8,578,572,02-14,+22.1%,+3.59%,0.5180,52,✓ Yes,completed
8,578,573,02-14,+22.1%,+3.59%,0.5180,52,✓ Yes,completed
8,578,573,02-14,+22.1%,+3.59%,0.5180,52,✓ Yes,completed
8,578,573,02-14,+21.8%,+3.52%,0.5176,55,✓ Yes,completed
8,578,573,02-14,+21.8%,+3.52%,0.5176,55,✓ Yes,completed
8,578,574,02-14,+21.8%,+3.52%,0.5176,55,✓ Yes,completed
8,578,574,02-14,+21.5%,+3.49%,0.5174,56,✓ Yes,completed
8,578,574,02-14,+21.5%,+3.49%,0.5174,56,✓ Yes,completed
8,578,575,02-14,+21.5%,+3.49%,0.5174,56,✓ Yes,completed
8,578,575,02-14,+21.5%,+3.49%,0.5174,56,✓ Yes,completed
8,578,575,02-14,+21.0%,+3.47%,0.5173,58,✓ Yes,completed
8,578,576,02-14,+21.0%,+3.47%,0.5173,58,✓ Yes,completed
8,578,576,02-14,+21.0%,+3.47%,0.5173,58,✓ Yes,completed
8,578,576,02-14,+20.8%,+3.46%,0.5173,61,✓ Yes,completed
8,578,576,02-14,+20.8%,+3.46%,0.5173,61,✓ Yes,completed
8,578,577,02-14,+20.8%,+3.46%,0.5173,61,✓ Yes,completed
8,578,577,02-14,+20.5%,+3.43%,0.5171,62,✓ Yes,completed
8,578,577,02-14,+20.5%,+3.43%,0.5171,62,✓ Yes,completed
8,578,578,02-14,+20.5%,+3.43%,0.5171,62,✓ Yes,completed
8,577,563,02-15,+25.0%,+4.08%,0.5204,46,✗ No,budget_exceeded
8,577,563,02-15,+25.0%,+4.08%,0.5204,46,✗ No,budget_exceeded
8,577,564,02-15,+25.0%,+4.08%,0.5204,46,✗ No,budget_exceeded
8,577,564,02-15,+25.0%,+4.08%,0.5204,46,✗ No,budget_exceeded
8,577,564,02-15,+25.0%,+3.83%,0.5191,46,✗ No,budget_exceeded
8,577,565,02-15,+25.0%,+3.83%,0.5191,46,✗ No,budget_exceeded
8,577,565,02-15,+25.0%,+3.83%,0.5191,46,✗ No,budget_exceeded
8,577,565,02-15,+24.2%,+3.80%,0.5190,46,✓ Yes,completed
8,577,565,02-15,+24.2%,+3.80%,0.5190,46,✓ Yes,completed
8,577,566,02-15,+24.2%,+3.80%,0.5190,46,✓ Yes,completed
8,577,566,02-15,+24.1%,+3.78%,0.5189,47,✓ Yes,completed
8,577,566,02-15,+24.1%,+3.78%,0.5189,47,✓ Yes,completed
8,577,567,02-15,+24.1%,+3.78%,0.5189,47,✓ Yes,completed
8,577,567,02-15,+24.1%,+3.78%,0.5189,47,✓ Yes,completed
8,577,567,02-15,+24.1%,+3.78%,0.5189,47,✓ Yes,completed
8,577,568,02-15,+24.1%,+3.78%,0.5189,47,✓ Yes,completed
8,577,568,02-15,+24.1%,+3.78%,0.5189,47,✓ Yes,completed
8,577,568,02-15,+23.7%,+3.69%,0.5185,48,✓ Yes,completed
8,577,569,02-15,+23.7%,+3.69%,0.5185,48,✓ Yes,completed
8,577,569,02-15,+23.7%,+3.69%,0.5185,48,✓ Yes,completed
8,577,569,02-15,+23.4%,+3.69%,0.5184,52,✓ Yes,completed
8,577,569,02-15,+23.4%,+3.69%,0.5184,52,✓ Yes,completed
8,577,570,02-15,+23.4%,+3.69%,0.5184,52,✓ Yes,completed
8,577,570,02-15,+22.6%,+3.76%,0.5188,50,✓ Yes,completed
8,577,570,02-15,+22.6%,+3.76%,0.5188,50,✓ Yes,completed
8,577,571,02-15,+22.6%,+3.76%,0.5188,50,✓ Yes,completed
8,577,571,02-15,+22.6%,+3.76%,0.5188,50,✓ Yes,completed
8,577,571,02-15,+22.5%,+3.76%,0.5188,50,✓ Yes,completed
8,577,572,02-15,+22.5%,+3.76%,0.5188,50,✓ Yes,completed
8,577,572,02-15,+22.5%,+3.76%,0.5188,50,✓ Yes,completed
8,577,572,02-15,+21.8%,+3.63%,0.5181,53,✓ Yes,completed
8,577,572,02-15,+21.8%,+3.63%,0.5181,53,✓ Yes,completed
8,577,573,02-15,+21.8%,+3.63%,0.5181,53,✓ Yes,completed
8,577,573,02-15,+21.5%,+3.60%,0.5180,56,✓ Yes,completed
8,577,573,02-15,+21.5%,+3.60%,0.5180,56,✓ Yes,completed
8,577,574,02-15,+21.5%,+3.60%,0.5180,56,✓ Yes,completed
8,577,574,02-15,+21.5%,+3.60%,0.5180,56,✓ Yes,completed
8,577,574,02-15,+21.2%,+3.61%,0.5181,57,✓ Yes,completed
8,577,575,02-15,+21.2%,+3.61%,0.5181,57,✓ Yes,completed
8,577,575,02-15,+21.2%,+3.61%,0.5181,57,✓ Yes,completed
8,577,575,02-15,+20.8%,+3.61%,0.5180,59,✓ Yes,completed
8,577,576,02-15,+20.8%,+3.61%,0.5180,59,✓ Yes,completed
8,577,576,02-15,+20.8%,+3.61%,0.5180,59,✓ Yes,completed
8,577,576,02-15,+20.5%,+3.56%,0.5178,62,✓ Yes,completed
8,577,576,02-15,+20.5%,+3.56%,0.5178,62,✓ Yes,completed
8,577,577,02-15,+20.5%,+3.56%,0.5178,62,✓ Yes,completed
8,578,563,02-15,+24.4%,+3.82%,0.5191,43,✓ Yes,completed
8,578,563,02-15,+24.4%,+3.82%,0.5191,43,✓ Yes,completed
8,578,564,02-15,+24.4%,+3.82%,0.5191,43,✓ Yes,completed
8,578,564,02-15,+24.4%,+3.82%,0.5191,43,✓ Yes,completed
8,578,564,02-15,+24.3%,+3.82%,0.5191,43,✓ Yes,completed
8,578,565,02-15,+24.3%,+3.82%,0.5191,43,✓ Yes,completed
8,578,565,02-15,+24.3%,+3.82%,0.5191,43,✓ Yes,completed
8,578,565,02-15,+23.9%,+3.75%,0.5187,44,✓ Yes,completed
8,578,566,02-15,+23.9%,+3.75%,0.5187,44,✓ Yes,completed
8,578,566,02-15,+23.9%,+3.75%,0.5187,44,✓ Yes,completed
8,578,566,02-15,+23.8%,+3.71%,0.5186,45,✓ Yes,completed
8,578,566,02-15,+23.8%,+3.71%,0.5186,45,✓ Yes,completed
8,578,567,02-15,+23.8%,+3.71%,0.5186,45,✓ Yes,completed
8,578,567,02-15,+23.8%,+3.71%,0.5186,45,✓ Yes,completed
8,578,567,02-15,+23.8%,+3.71%,0.5186,45,✓ Yes,completed
8,578,568,02-15,+23.8%,+3.71%,0.5186,45,✓ Yes,completed
8,578,568,02-15,+23.8%,+3.71%,0.5186,45,✓ Yes,completed
8,578,568,02-15,+23.4%,+3.70%,0.5185,46,✓ Yes,completed
8,578,569,02-15,+23.4%,+3.70%,0.5185,46,✓ Yes,completed
8,578,569,02-15,+23.4%,+3.70%,0.5185,46,✓ Yes,completed
8,578,569,02-15,+22.5%,+3.76%,0.5188,48,✓ Yes,completed
8,578,569,02-15,+22.5%,+3.76%,0.5188,48,✓ Yes,completed
8,578,570,02-15,+22.5%,+3.76%,0.5188,48,✓ Yes,completed
8,578,570,02-15,+22.3%,+3.74%,0.5187,48,✓ Yes,completed
8,578,570,02-15,+22.3%,+3.74%,0.5187,48,✓ Yes,completed
8,578,571,02-15,+22.3%,+3.74%,0.5187,48,✓ Yes,completed
8,578,571,02-15,+22.3%,+3.74%,0.5187,48,✓ Yes,completed
8,578,571,02-15,+22.2%,+3.72%,0.5186,48,✓ Yes,completed
8,578,572,02-15,+22.2%,+3.72%,0.5186,48,✓ Yes,completed
8,578,572,02-15,+22.2%,+3.72%,0.5186,48,✓ Yes,completed
8,578,572,02-15,+21.5%,+3.62%,0.5181,51,✓ Yes,completed
8,578,573,02-15,+21.5%,+3.62%,0.5181,51,✓ Yes,completed
8,578,573,02-15,+21.5%,+3.62%,0.5181,51,✓ Yes,completed
8,578,573,02-15,+21.2%,+3.62%,0.5181,54,✓ Yes,completed
8,578,573,02-15,+21.2%,+3.62%,0.5181,54,✓ Yes,completed
8,578,574,02-15,+21.2%,+3.62%,0.5181,54,✓ Yes,completed
8,578,574,02-15,+20.9%,+3.62%,0.5181,55,✓ Yes,completed
8,578,574,02-15,+20.9%,+3.62%,0.5181,55,✓ Yes,completed
8,578,575,02-15,+20.9%,+3.62%,0.5181,55,✓ Yes,completed
8,578,575,02-15,+20.9%,+3.62%,0.5181,55,✓ Yes,completed
8,578,575,02-15,+20.5%,+3.56%,0.5178,57,✓ Yes,completed
8,578,576,02-15,+20.5%,+3.56%,0.5178,57,✓ Yes,completed
8,578,576,02-15,+20.5%,+3.56%,0.5178,57,✓ Yes,completed
8,578,576,02-15,+20.2%,+3.49%,0.5174,60,✓ Yes,completed
8,578,576,02-15,+20.2%,+3.49%,0.5174,60,✓ Yes,completed
8,578,577,02-15,+20.2%,+3.49%,0.5174,60,✓ Yes,completed
8,578,577,02-15,+20.0%,+3.43%,0.5172,61,✓ Yes,completed
8,578,577,02-15,+20.0%,+3.43%,0.5172,61,✓ Yes,completed
8,578,578,02-15,+20.0%,+3.43%,0.5172,61,✓ Yes,completed
9,577,563,02-14,+24.4%,+3.84%,0.5192,43,✓ Yes,completed
9,577,564,02-14,+24.4%,+3.84%,0.5192,43,✓ Yes,completed
9,577,564,02-14,+24.3%,+3.84%,0.5192,43,✓ Yes,completed
9,577,564,02-14,+24.3%,+3.84%,0.5192,43,✓ Yes,completed
9,577,565,02-14,+24.3%,+3.84%,0.5192,43,✓ Yes,completed
9,577,565,02-14,+24.3%,+3.84%,0.5192,43,✓ Yes,completed
9,577,565,02-14,+23.9%,+3.77%,0.5188,44,✓ Yes,completed
9,577,566,02-14,+23.9%,+3.77%,0.5188,44,✓ Yes,completed
9,577,566,02-14,+23.9%,+3.77%,0.5188,44,✓ Yes,completed
9,577,566,02-14,+23.8%,+3.73%,0.5187,45,✓ Yes,completed
9,577,566,02-14,+23.8%,+3.73%,0.5187,45,✓ Yes,completed
9,577,567,02-14,+23.8%,+3.73%,0.5187,45,✓ Yes,completed
9,577,567,02-14,+23.8%,+3.73%,0.5187,45,✓ Yes,completed
9,577,567,02-14,+23.8%,+3.73%,0.5187,45,✓ Yes,completed
9,577,568,02-14,+23.8%,+3.73%,0.5187,45,✓ Yes,completed
9,577,568,02-14,+23.8%,+3.73%,0.5187,45,✓ Yes,completed
9,577,568,02-14,+23.3%,+3.71%,0.5185,46,✓ Yes,completed
9,577,569,02-14,+23.3%,+3.71%,0.5185,46,✓ Yes,completed
9,577,569,02-14,+23.3%,+3.71%,0.5185,46,✓ Yes,completed
9,577,569,02-14,+23.1%,+3.71%,0.5186,49,✓ Yes,completed
9,577,569,02-14,+23.1%,+3.71%,0.5186,49,✓ Yes,completed
9,577,570,02-14,+23.1%,+3.71%,0.5186,49,✓ Yes,completed
9,577,570,02-14,+22.8%,+3.72%,0.5186,49,✓ Yes,completed
9,577,570,02-14,+22.8%,+3.72%,0.5186,49,✓ Yes,completed
9,577,571,02-14,+22.8%,+3.72%,0.5186,49,✓ Yes,completed
9,577,571,02-14,+22.8%,+3.72%,0.5186,49,✓ Yes,completed
9,577,571,02-14,+22.8%,+3.72%,0.5186,49,✓ Yes,completed
9,577,572,02-14,+22.8%,+3.72%,0.5186,49,✓ Yes,completed
9,577,572,02-14,+22.8%,+3.72%,0.5186,49,✓ Yes,completed
9,577,572,02-14,+22.1%,+3.59%,0.5180,52,✓ Yes,completed
9,577,573,02-14,+22.1%,+3.59%,0.5180,52,✓ Yes,completed
9,577,573,02-14,+22.1%,+3.59%,0.5180,52,✓ Yes,completed
9,577,573,02-14,+21.8%,+3.52%,0.5176,55,✓ Yes,completed
9,577,573,02-14,+21.8%,+3.52%,0.5176,55,✓ Yes,completed
9,577,574,02-14,+21.8%,+3.52%,0.5176,55,✓ Yes,completed
9,577,574,02-14,+21.5%,+3.49%,0.5174,56,✓ Yes,completed
9,577,574,02-14,+21.5%,+3.49%,0.5174,56,✓ Yes,completed
9,577,575,02-14,+21.5%,+3.49%,0.5174,56,✓ Yes,completed
9,577,575,02-14,+21.5%,+3.49%,0.5174,56,✓ Yes,completed
9,577,575,02-14,+21.0%,+3.47%,0.5173,58,✓ Yes,completed
9,577,576,02-14,+21.0%,+3.47%,0.5173,58,✓ Yes,completed
9,577,576,02-14,+21.0%,+3.47%,0.5173,58,✓ Yes,completed
9,577,576,02-14,+20.8%,+3.46%,0.5173,61,✓ Yes,completed
9,577,576,02-14,+20.8%,+3.46%,0.5173,61,✓ Yes,completed
9,577,577,02-14,+20.8%,+3.46%,0.5173,61,✓ Yes,completed
9,577,577,02-14,+20.5%,+3.43%,0.5171,62,✓ Yes,completed
9,577,563,02-15,+24.4%,+3.82%,0.5191,43,✓ Yes,completed
9,577,564,02-15,+24.4%,+3.82%,0.5191,43,✓ Yes,completed
9,577,564,02-15,+24.3%,+3.82%,0.5191,43,✓ Yes,completed
9,577,564,02-15,+24.3%,+3.82%,0.5191,43,✓ Yes,completed
9,577,565,02-15,+24.3%,+3.82%,0.5191,43,✓ Yes,completed
9,577,565,02-15,+24.3%,+3.82%,0.5191,43,✓ Yes,completed
9,577,565,02-15,+23.9%,+3.75%,0.5187,44,✓ Yes,completed
9,577,566,02-15,+23.9%,+3.75%,0.5187,44,✓ Yes,completed
9,577,566,02-15,+23.9%,+3.75%,0.5187,44,✓ Yes,completed
9,577,566,02-15,+23.8%,+3.71%,0.5186,45,✓ Yes,completed
9,577,566,02-15,+23.8%,+3.71%,0.5186,45,✓ Yes,completed
9,577,567,02-15,+23.8%,+3.71%,0.5186,45,✓ Yes,completed
9,577,567,02-15,+23.8%,+3.71%,0.5186,45,✓ Yes,completed
9,577,567,02-15,+23.8%,+3.71%,0.5186,45,✓ Yes,completed
9,577,568,02-15,+23.8%,+3.71%,0.5186,45,✓ Yes,completed
9,577,568,02-15,+23.8%,+3.71%,0.5186,45,✓ Yes,completed
9,577,568,02-15,+23.4%,+3.70%,0.5185,46,✓ Yes,completed
9,577,569,02-15,+23.4%,+3.70%,0.5185,46,✓ Yes,completed
9,577,569,02-15,+23.4%,+3.70%,0.5185,46,✓ Yes,completed
9,577,569,02-15,+22.5%,+3.76%,0.5188,48,✓ Yes,completed
9,577,569,02-15,+22.5%,+3.76%,0.5188,48,✓ Yes,completed
9,577,570,02-15,+22.5%,+3.76%,0.5188,48,✓ Yes,completed
9,577,570,02-15,+22.3%,+3.74%,0.5187,48,✓ Yes,completed
9,577,570,02-15,+22.3%,+3.74%,0.5187,48,✓ Yes,completed
9,577,571,02-15,+22.3%,+3.74%,0.5187,48,✓ Yes,completed
9,577,571,02-15,+22.3%,+3.74%,0.5187,48,✓ Yes,completed
9,577,571,02-15,+22.2%,+3.72%,0.5186,48,✓ Yes,completed
9,577,572,02-15,+22.2%,+3.72%,0.5186,48,✓ Yes,completed
9,577,572,02-15,+22.2%,+3.72%,0.5186,48,✓ Yes,completed
9,577,572,02-15,+21.5%,+3.62%,0.5181,51,✓ Yes,completed
9,577,573,02-15,+21.5%,+3.62%,0.5181,51,✓ Yes,completed
9,577,573,02-15,+21.5%,+3.62%,0.5181,51,✓ Yes,completed
9,577,573,02-15,+21.2%,+3.62%,0.5181,54,✓ Yes,completed
9,577,573,02-15,+21.2%,+3.62%,0.5181,54,✓ Yes,completed
9,577,574,02-15,+21.2%,+3.62%,0.5181,54,✓ Yes,completed
9,577,574,02-15,+20.9%,+3.62%,0.5181,55,✓ Yes,completed
9,577,574,02-15,+20.9%,+3.62%,0.5181,55,✓ Yes,completed
9,577,575,02-15,+20.9%,+3.62%,0.5181,55,✓ Yes,completed
9,577,575,02-15,+20.9%,+3.62%,0.5181,55,✓ Yes,completed
9,577,575,02-15,+20.5%,+3.56%,0.5178,57,✓ Yes,completed
9,577,576,02-15,+20.5%,+3.56%,0.5178,57,✓ Yes,completed
9,577,576,02-15,+20.5%,+3.56%,0.5178,57,✓ Yes,completed
9,577,576,02-15,+20.2%,+3.49%,0.5174,60,✓ Yes,completed
9,577,576,02-15,+20.2%,+3.49%,0.5174,60,✓ Yes,completed
9,577,577,02-15,+20.2%,+3.49%,0.5174,60,✓ Yes,completed
9,577,577,02-15,+20.0%,+3.43%,0.5172,61,✓ Yes,completed
