Iter,θ_p,θ_r,Start,Overhead %,CO₂ Save %,Score,Pauses,Budget,Stop
0,10,0,01-01,+25.0%,+98.00%,0.9900,1,✗ No,budget_exceeded
0,10,10,01-01,+25.0%,+98.00%,0.9900,1,✗ No,budget_exceeded
0,98,0,01-01,+25.0%,+98.00%,0.9900,1,✗ No,budget_exceeded
0,98,98,01-01,+25.0%,+98.00%,0.9900,1,✗ No,budget_exceeded
0,186,0,01-01,+25.0%,+98.00%,0.9900,1,✗ No,budget_exceeded
0,186,186,01-01,+25.0%,+98.00%,0.9900,1,✗ No,budget_exceeded
0,273,0,01-01,+25.0%,+98.00%,0.9900,1,✗ No,budget_exceeded
0,273,137,01-01,+25.0%,+98.00%,0.9900,1,✗ No,budget_exceeded
0,273,273,01-01,+25.0%,+98.00%,0.9900,1,✗ No,budget_exceeded
0,361,0,01-01,+25.0%,+98.00%,0.9900,1,✗ No,budget_exceeded
0,361,90,01-01,+25.0%,+98.00%,0.9900,1,✗ No,budget_exceeded
0,361,181,01-01,+25.0%,+98.00%,0.9900,1,✗ No,budget_exceeded
0,361,271,01-01,+25.0%,+98.00%,0.9900,1,✗ No,budget_exceeded
0,361,361,01-01,+25.0%,+69.15%,0.8458,29,✗ No,budget_exceeded
0,449,0,01-01,+0.0%,+0.00%,0.5000,0,✓ Yes,completed
0,449,90,01-01,+0.0%,+0.00%,0.5000,0,✓ Yes,completed
0,449,180,01-01,+0.0%,+0.00%,0.5000,0,✓ Yes,completed
0,449,269,01-01,+0.0%,+0.00%,0.5000,0,✓ Yes,completed
0,449,359,01-01,+0.0%,+0.00%,0.5000,0,✓ Yes,completed
0,449,449,01-01,+0.0%,+0.00%,0.5000,0,✓ Yes,completed
0,537,0,01-01,+0.0%,+0.00%,0.5000,0,✓ Yes,completed
0,537,89,01-01,+0.0%,+0.00%,0.5000,0,✓ Yes,completed
0,537,179,01-01,+0.0%,+0.00%,0.5000,0,✓ Yes,completed
0,537,268,01-01,+0.0%,+0.00%,0.5000,0,✓ Yes,completed
0,537,358,01-01,+0.0%,+0.00%,0.5000,0,✓ Yes,completed
0,537,447,01-01,+0.0%,+0.00%,0.5000,0,✓ Yes,completed
0,537,537,01-01,+0.0%,+0.00%,0.5000,0,✓ Yes,completed
0,624,0,01-01,+0.0%,+0.00%,0.5000,0,✓ Yes,completed
0,624,89,01-01,+0.0%,+0.00%,0.5000,0,✓ Yes,completed
0,624,178,01-01,+0.0%,+0.00%,0.5000,0,✓ Yes,completed
0,624,268,01-01,+0.0%,+0.00%,0.5000,0,✓ Yes,completed
0,624,357,01-01,+0.0%,+0.00%,0.5000,0,✓ Yes,completed
0,624,446,01-01,+0.0%,+0.00%,0.5000,0,✓ Yes,completed
0,624,535,01-01,+0.0%,+0.00%,0.5000,0,✓ Yes,completed
0,624,624,01-01,+0.0%,+0.00%,0.5000,0,✓ Yes,completed
0,712,0,01-01,+0.0%,+0.00%,0.5000,0,✓ Yes,completed
0,712,89,01-01,+0.0%,+0.00%,0.5000,0,✓ Yes,completed
0,712,178,01-01,+0.0%,+0.00%,0.5000,0,✓ Yes,completed
0,712,267,01-01,+0.0%,+0.00%,0.5000,0,✓ Yes,completed
0,712,356,01-01,+0.0%,+0.00%,0.5000,0,✓ Yes,completed
0,712,445,01-01,+0.0%,+0.00%,0.5000,0,✓ Yes,completed
0,712,534,01-01,+0.0%,+0.00%,0.5000,0,✓ Yes,completed
0,712,623,01-01,+0.0%,+0.00%,0.5000,0,✓ Yes,completed
0,712,712,01-01,+0.0%,+0.00%,0.5000,0,✓ Yes,completed
0,800,0,01-01,+0.0%,+0.00%,0.5000,0,✓ Yes,completed
0,800,89,01-01,+0.0%,+0.00%,0.5000,0,✓ Yes,completed
0,800,178,01-01,+0.0%,+0.00%,0.5000,0,✓ Yes,completed
0,800,267,01-01,+0.0%,+0.00%,0.5000,0,✓ Yes,completed
0,800,356,01-01,+0.0%,+0.00%,0.5000,0,✓ Yes,completed
0,800,444,01-01,+0.0%,+0.00%,0.5000,0,✓ Yes,completed
0,800,533,01-01,+0.0%,+0.00%,0.5000,0,✓ Yes,completed
0,800,622,01-01,+0.0%,+0.00%,0.5000,0,✓ Yes,completed
0,800,711,01-01,+0.0%,+0.00%,0.5000,0,✓ Yes,completed
0,800,800,01-01,+0.0%,+0.00%,0.5000,0,✓ Yes,completed
0,10,0,03-03,+25.0%,+97.65%,0.9882,1,✗ No,budget_exceeded
0,10,10,03-03,+25.0%,+97.65%,0.9882,1,✗ No,budget_exceeded
0,98,0,03-03,+25.0%,+97.65%,0.9882,1,✗ No,budget_exceeded
0,98,98,03-03,+25.0%,+97.65%,0.9882,1,✗ No,budget_exceeded
0,186,0,03-03,+25.0%,+97.65%,0.9882,1,✗ No,budget_exceeded
0,186,186,03-03,+25.0%,+97.65%,0.9882,1,✗ No,budget_exceeded
0,273,0,03-03,+25.0%,+97.65%,0.9882,1,✗ No,budget_exceeded
0,273,137,03-03,+25.0%,+97.65%,0.9882,1,✗ No,budget_exceeded
0,273,273,03-03,+25.0%,+95.01%,0.9750,11,✗ No,budget_exceeded
0,361,0,03-03,+25.0%,+97.30%,0.9865,1,✗ No,budget_exceeded
0,361,90,03-03,+25.0%,+97.30%,0.9865,1,✗ No,budget_exceeded
0,361,181,03-03,+25.0%,+97.30%,0.9865,1,✗ No,budget_exceeded
0,361,271,03-03,+25.0%,+85.36%,0.9268,11,✗ No,budget_exceeded
0,361,361,03-03,+20.0%,+5.06%,0.5253,61,✓ Yes,completed
0,449,0,03-03,+0.0%,+0.00%,0.5000,0,✓ Yes,completed
0,449,90,03-03,+0.0%,+0.00%,0.5000,0,✓ Yes,completed
0,449,180,03-03,+0.0%,+0.00%,0.5000,0,✓ Yes,completed
0,449,269,03-03,+0.0%,+0.00%,0.5000,0,✓ Yes,completed
0,449,359,03-03,+0.0%,+0.00%,0.5000,0,✓ Yes,completed
0,449,449,03-03,+0.0%,+0.00%,0.5000,0,✓ Yes,completed
0,537,0,03-03,+0.0%,+0.00%,0.5000,0,✓ Yes,completed
0,537,89,03-03,+0.0%,+0.00%,0.5000,0,✓ Yes,completed
0,537,179,03-03,+0.0%,+0.00%,0.5000,0,✓ Yes,completed
0,537,268,03-03,+0.0%,+0.00%,0.5000,0,✓ Yes,completed
0,537,358,03-03,+0.0%,+0.00%,0.5000,0,✓ Yes,completed
0,537,447,03-03,+0.0%,+0.00%,0.5000,0,✓ Yes,completed
0,537,537,03-03,+0.0%,+0.00%,0.5000,0,✓ Yes,completed
0,624,0,03-03,+0.0%,+0.00%,0.5000,0,✓ Yes,completed
0,624,89,03-03,+0.0%,+0.00%,0.5000,0,✓ Yes,completed
0,624,178,03-03,+0.0%,+0.00%,0.5000,0,✓ Yes,completed
0,624,268,03-03,+0.0%,+0.00%,0.5000,0,✓ Yes,completed
0,624,357,03-03,+0.0%,+0.00%,0.5000,0,✓ Yes,completed
0,624,446,03-03,+0.0%,+0.00%,0.5000,0,✓ Yes,completed
0,624,535,03-03,+0.0%,+0.00%,0.5000,0,✓ Yes,completed
0,624,624,03-03,+0.0%,+0.00%,0.5000,0,✓ Yes,completed
0,712,0,03-03,+0.0%,+0.00%,0.5000,0,✓ Yes,completed
0,712,89,03-03,+0.0%,+0.00%,0.5000,0,✓ Yes,completed
0,712,178,03-03,+0.0%,+0.00%,0.5000,0,✓ Yes,completed
0,712,267,03-03,+0.0%,+0.00%,0.5000,0,✓ Yes,completed
0,712,356,03-03,+0.0%,+0.00%,0.5000,0,✓ Yes,completed
0,712,445,03-03,+0.0%,+0.00%,0.5000,0,✓ Yes,completed
0,712,534,03-03,+0.0%,+0.00%,0.5000,0,✓ Yes,completed
0,712,623,03-03,+0.0%,+0.00%,0.5000,0,✓ Yes,completed
0,712,712,03-03,+0.0%,+0.00%,0.5000,0,✓ Yes,completed
0,800,0,03-03,+0.0%,+0.00%,0.5000,0,✓ Yes,completed
0,800,89,03-03,+0.0%,+0.00%,0.5000,0,✓ Yes,completed
0,800,178,03-03,+0.0%,+0.00%,0.5000,0,✓ Yes,completed
0,800,267,03-03,+0.0%,+0.00%,0.5000,0,✓ Yes,completed
0,800,356,03-03,+0.0%,+0.00%,0.5000,0,✓ Yes,completed
0,800,444,03-03,+0.0%,+0.00%,0.5000,0,✓ Yes,completed
0,800,533,03-03,+0.0%,+0.00%,0.5000,0,✓ Yes,completed
0,800,622,03-03,+0.0%,+0.00%,0.5000,0,✓ Yes,completed
0,800,711,03-03,+0.0%,+0.00%,0.5000,0,✓ Yes,completed
0,800,800,03-03,+0.0%,+0.00%,0.5000,0,✓ Yes,completed
0,10,0,05-03,+25.0%,+97.92%,0.9896,1,✗ No,budget_exceeded
0,10,10,05-03,+25.0%,+97.92%,0.9896,1,✗ No,budget_exceeded
0,98,0,05-03,+25.0%,+97.92%,0.9896,1,✗ No,budget_exceeded
0,98,98,05-03,+25.0%,+97.92%,0.9896,1,✗ No,budget_exceeded
0,186,0,05-03,+25.0%,+97.92%,0.9896,1,✗ No,budget_exceeded
0,186,186,05-03,+25.0%,+96.77%,0.9839,13,✗ No,budget_exceeded
0,273,0,05-03,+25.0%,+97.92%,0.9896,1,✗ No,budget_exceeded
0,273,137,05-03,+25.0%,+97.92%,0.9896,1,✗ No,budget_exceeded
0,273,273,05-03,+25.0%,+65.18%,0.8259,64,✗ No,budget_exceeded
0,361,0,05-03,+25.0%,+10.91%,0.5546,1,✗ No,budget_exceeded
0,361,90,05-03,+25.0%,+10.91%,0.5546,1,✗ No,budget_exceeded
0,361,181,05-03,+25.0%,+10.91%,0.5546,1,✗ No,budget_exceeded
0,361,271,05-03,+2.9%,+0.15%,0.5008,3,✓ Yes,completed
0,361,361,05-03,+1.2%,+0.26%,0.5013,3,✓ Yes,completed
0,449,0,05-03,+0.0%,+0.00%,0.5000,0,✓ Yes,completed
0,449,90,05-03,+0.0%,+0.00%,0.5000,0,✓ Yes,completed
0,449,180,05-03,+0.0%,+0.00%,0.5000,0,✓ Yes,completed
0,449,269,05-03,+0.0%,+0.00%,0.5000,0,✓ Yes,completed
0,449,359,05-03,+0.0%,+0.00%,0.5000,0,✓ Yes,completed
0,449,449,05-03,+0.0%,+0.00%,0.5000,0,✓ Yes,completed
0,537,0,05-03,+0.0%,+0.00%,0.5000,0,✓ Yes,completed
0,537,89,05-03,+0.0%,+0.00%,0.5000,0,✓ Yes,completed
0,537,179,05-03,+0.0%,+0.00%,0.5000,0,✓ Yes,completed
0,537,268,05-03,+0.0%,+0.00%,0.5000,0,✓ Yes,completed
0,537,358,05-03,+0.0%,+0.00%,0.5000,0,✓ Yes,completed
0,537,447,05-03,+0.0%,+0.00%,0.5000,0,✓ Yes,completed
0,537,537,05-03,+0.0%,+0.00%,0.5000,0,✓ Yes,completed
0,624,0,05-03,+0.0%,+0.00%,0.5000,0,✓ Yes,completed
0,624,89,05-03,+0.0%,+0.00%,0.5000,0,✓ Yes,completed
0,624,178,05-03,+0.0%,+0.00%,0.5000,0,✓ Yes,completed
0,624,268,05-03,+0.0%,+0.00%,0.5000,0,✓ Yes,completed
0,624,357,05-03,+0.0%,+0.00%,0.5000,0,✓ Yes,completed
0,624,446,05-03,+0.0%,+0.00%,0.5000,0,✓ Yes,completed
0,624,535,05-03,+0.0%,+0.00%,0.5000,0,✓ Yes,completed
0,624,624,05-03,+0.0%,+0.00%,0.5000,0,✓ Yes,completed
0,712,0,05-03,+0.0%,+0.00%,0.5000,0,✓ Yes,completed
0,712,89,05-03,+0.0%,+0.00%,0.5000,0,✓ Yes,completed
0,712,178,05-03,+0.0%,+0.00%,0.5000,0,✓ Yes,completed
0,712,267,05-03,+0.0%,+0.00%,0.5000,0,✓ Yes,completed
0,712,356,05-03,+0.0%,+0.00%,0.5000,0,✓ Yes,completed
0,712,445,05-03,+0.0%,+0.00%,0.5000,0,✓ Yes,completed
0,712,534,05-03,+0.0%,+0.00%,0.5000,0,✓ Yes,completed
0,712,623,05-03,+0.0%,+0.00%,0.5000,0,✓ Yes,completed
0,712,712,05-03,+0.0%,+0.00%,0.5000,0,✓ Yes,completed
0,800,0,05-03,+0.0%,+0.00%,0.5000,0,✓ Yes,completed
0,800,89,05-03,+0.0%,+0.00%,0.5000,0,✓ Yes,completed
0,800,178,05-03,+0.0%,+0.00%,0.5000,0,✓ Yes,completed
0,800,267,05-03,+0.0%,+0.00%,0.5000,0,✓ Yes,completed
0,800,356,05-03,+0.0%,+0.00%,0.5000,0,✓ Yes,completed
0,800,444,05-03,+0.0%,+0.00%,0.5000,0,✓ Yes,completed
0,800,533,05-03,+0.0%,+0.00%,0.5000,0,✓ Yes,completed
0,800,622,05-03,+0.0%,+0.00%,0.5000,0,✓ Yes,completed
0,800,711,05-03,+0.0%,+0.00%,0.5000,0,✓ Yes,completed
0,800,800,05-03,+0.0%,+0.00%,0.5000,0,✓ Yes,completed
0,10,0,07-03,+25.0%,+97.91%,0.9895,1,✗ No,budget_exceeded
0,10,10,07-03,+25.0%,+97.91%,0.9895,1,✗ No,budget_exceeded
0,98,0,07-03,+25.0%,+97.91%,0.9895,1,✗ No,budget_exceeded
0,98,98,07-03,+25.0%,+97.91%,0.9895,1,✗ No,budget_exceeded
0,186,0,07-03,+25.0%,+97.91%,0.9895,1,✗ No,budget_exceeded
0,186,186,07-03,+25.0%,+97.66%,0.9883,2,✗ No,budget_exceeded
0,273,0,07-03,+25.0%,+97.91%,0.9895,1,✗ No,budget_exceeded
0,273,137,07-03,+25.0%,+97.91%,0.9895,1,✗ No,budget_exceeded
0,273,273,07-03,+25.0%,+89.30%,0.9465,19,✗ No,budget_exceeded
0,361,0,07-03,+25.0%,+94.59%,0.9730,1,✗ No,budget_exceeded
0,361,90,07-03,+25.0%,+94.59%,0.9730,1,✗ No,budget_exceeded
0,361,181,07-03,+25.0%,+92.22%,0.9611,2,✗ No,budget_exceeded
0,361,271,07-03,+25.0%,+43.47%,0.7173,25,✗ No,budget_exceeded
0,361,361,07-03,+18.7%,+0.80%,0.5040,66,✓ Yes,completed
0,449,0,07-03,+0.0%,+0.00%,0.5000,0,✓ Yes,completed
0,449,90,07-03,+0.0%,+0.00%,0.5000,0,✓ Yes,completed
0,449,180,07-03,+0.0%,+0.00%,0.5000,0,✓ Yes,completed
0,449,269,07-03,+0.0%,+0.00%,0.5000,0,✓ Yes,completed
0,449,359,07-03,+0.0%,+0.00%,0.5000,0,✓ Yes,completed
0,449,449,07-03,+0.0%,+0.00%,0.5000,0,✓ Yes,completed
0,537,0,07-03,+0.0%,+0.00%,0.5000,0,✓ Yes,completed
0,537,89,07-03,+0.0%,+0.00%,0.5000,0,✓ Yes,completed
0,537,179,07-03,+0.0%,+0.00%,0.5000,0,✓ Yes,completed
0,537,268,07-03,+0.0%,+0.00%,0.5000,0,✓ Yes,completed
0,537,358,07-03,+0.0%,+0.00%,0.5000,0,✓ Yes,completed
0,537,447,07-03,+0.0%,+0.00%,0.5000,0,✓ Yes,completed
0,537,537,07-03,+0.0%,+0.00%,0.5000,0,✓ Yes,completed
0,624,0,07-03,+0.0%,+0.00%,0.5000,0,✓ Yes,completed
0,624,89,07-03,+0.0%,+0.00%,0.5000,0,✓ Yes,completed
0,624,178,07-03,+0.0%,+0.00%,0.5000,0,✓ Yes,completed
0,624,268,07-03,+0.0%,+0.00%,0.5000,0,✓ Yes,completed
0,624,357,07-03,+0.0%,+0.00%,0.5000,0,✓ Yes,completed
0,624,446,07-03,+0.0%,+0.00%,0.5000,0,✓ Yes,completed
0,624,535,07-03,+0.0%,+0.00%,0.5000,0,✓ Yes,completed
0,624,624,07-03,+0.0%,+0.00%,0.5000,0,✓ Yes,completed
0,712,0,07-03,+0.0%,+0.00%,0.5000,0,✓ Yes,completed
0,712,89,07-03,+0.0%,+0.00%,0.5000,0,✓ Yes,completed
0,712,178,07-03,+0.0%,+0.00%,0.5000,0,✓ Yes,completed
0,712,267,07-03,+0.0%,+0.00%,0.5000,0,✓ Yes,completed
0,712,356,07-03,+0.0%,+0.00%,0.5000,0,✓ Yes,completed
0,712,445,07-03,+0.0%,+0.00%,0.5000,0,✓ Yes,completed
0,712,534,07-03,+0.0%,+0.00%,0.5000,0,✓ Yes,completed
0,712,623,07-03,+0.0%,+0.00%,0.5000,0,✓ Yes,completed
0,712,712,07-03,+0.0%,+0.00%,0.5000,0,✓ Yes,completed
0,800,0,07-03,+0.0%,+0.00%,0.5000,0,✓ Yes,completed
0,800,89,07-03,+0.0%,+0.00%,0.5000,0,✓ Yes,completed
0,800,178,07-03,+0.0%,+0.00%,0.5000,0,✓ Yes,completed
0,800,267,07-03,+0.0%,+0.00%,0.5000,0,✓ Yes,completed
0,800,356,07-03,+0.0%,+0.00%,0.5000,0,✓ Yes,completed
0,800,444,07-03,+0.0%,+0.00%,0.5000,0,✓ Yes,completed
0,800,533,07-03,+0.0%,+0.00%,0.5000,0,✓ Yes,completed
0,800,622,07-03,+0.0%,+0.00%,0.5000,0,✓ Yes,completed
0,800,711,07-03,+0.0%,+0.00%,0.5000,0,✓ Yes,completed
0,800,800,07-03,+0.0%,+0.00%,0.5000,0,✓ Yes,completed
0,10,0,09-02,+25.0%,+97.86%,0.9893,1,✗ No,budget_exceeded
0,10,10,09-02,+25.0%,+97.86%,0.9893,1,✗ No,budget_exceeded
0,98,0,09-02,+25.0%,+97.86%,0.9893,1,✗ No,budget_exceeded
0,98,98,09-02,+25.0%,+97.86%,0.9893,1,✗ No,budget_exceeded
0,186,0,09-02,+25.0%,+97.86%,0.9893,1,✗ No,budget_exceeded
0,186,186,09-02,+25.0%,+97.86%,0.9893,1,✗ No,budget_exceeded
0,273,0,09-02,+25.0%,+97.86%,0.9893,1,✗ No,budget_exceeded
0,273,137,09-02,+25.0%,+97.86%,0.9893,1,✗ No,budget_exceeded
0,273,273,09-02,+25.0%,+91.83%,0.9591,19,✗ No,budget_exceeded
0,361,0,09-02,+25.0%,+97.77%,0.9889,1,✗ No,budget_exceeded
0,361,90,09-02,+25.0%,+97.77%,0.9889,1,✗ No,budget_exceeded
0,361,181,09-02,+25.0%,+97.77%,0.9889,1,✗ No,budget_exceeded
0,361,271,09-02,+25.0%,+72.45%,0.8622,19,✗ No,budget_exceeded
0,361,361,09-02,+15.1%,+1.80%,0.5090,57,✓ Yes,completed
0,449,0,09-02,+0.0%,+0.00%,0.5000,0,✓ Yes,completed
0,449,90,09-02,+0.0%,+0.00%,0.5000,0,✓ Yes,completed
0,449,180,09-02,+0.0%,+0.00%,0.5000,0,✓ Yes,completed
0,449,269,09-02,+0.0%,+0.00%,0.5000,0,✓ Yes,completed
0,449,359,09-02,+0.0%,+0.00%,0.5000,0,✓ Yes,completed
0,449,449,09-02,+0.0%,+0.00%,0.5000,0,✓ Yes,completed
0,537,0,09-02,+0.0%,+0.00%,0.5000,0,✓ Yes,completed
0,537,89,09-02,+0.0%,+0.00%,0.5000,0,✓ Yes,completed
0,537,179,09-02,+0.0%,+0.00%,0.5000,0,✓ Yes,completed
0,537,268,09-02,+0.0%,+0.00%,0.5000,0,✓ Yes,completed
0,537,358,09-02,+0.0%,+0.00%,0.5000,0,✓ Yes,completed
0,537,447,09-02,+0.0%,+0.00%,0.5000,0,✓ Yes,completed
0,537,537,09-02,+0.0%,+0.00%,0.5000,0,✓ Yes,completed
0,624,0,09-02,+0.0%,+0.00%,0.5000,0,✓ Yes,completed
0,624,89,09-02,+0.0%,+0.00%,0.5000,0,✓ Yes,completed
0,624,178,09-02,+0.0%,+0.00%,0.5000,0,✓ Yes,completed
0,624,268,09-02,+0.0%,+0.00%,0.5000,0,✓ Yes,completed
0,624,357,09-02,+0.0%,+0.00%,0.5000,0,✓ Yes,completed
0,624,446,09-02,+0.0%,+0.00%,0.5000,0,✓ Yes,completed
0,624,535,09-02,+0.0%,+0.00%,0.5000,0,✓ Yes,completed
0,624,624,09-02,+0.0%,+0.00%,0.5000,0,✓ Yes,completed
0,712,0,09-02,+0.0%,+0.00%,0.5000,0,✓ Yes,completed
0,712,89,09-02,+0.0%,+0.00%,0.5000,0,✓ Yes,completed
0,712,178,09-02,+0.0%,+0.00%,0.5000,0,✓ Yes,completed
0,712,267,09-02,+0.0%,+0.00%,0.5000,0,✓ Yes,completed
0,712,356,09-02,+0.0%,+0.00%,0.5000,0,✓ Yes,completed
0,712,445,09-02,+0.0%,+0.00%,0.5000,0,✓ Yes,completed
0,712,534,09-02,+0.0%,+0.00%,0.5000,0,✓ Yes,completed
0,712,623,09-02,+0.0%,+0.00%,0.5000,0,✓ Yes,completed
0,712,712,09-02,+0.0%,+0.00%,0.5000,0,✓ Yes,completed
0,800,0,09-02,+0.0%,+0.00%,0.5000,0,✓ Yes,completed
0,800,89,09-02,+0.0%,+0.00%,0.5000,0,✓ Yes,completed
0,800,178,09-02,+0.0%,+0.00%,0.5000,0,✓ Yes,completed
0,800,267,09-02,+0.0%,+0.00%,0.5000,0,✓ Yes,completed
0,800,356,09-02,+0.0%,+0.00%,0.5000,0,✓ Yes,completed
0,800,444,09-02,+0.0%,+0.00%,0.5000,0,✓ Yes,completed
0,800,533,09-02,+0.0%,+0.00%,0.5000,0,✓ Yes,completed
0,800,622,09-02,+0.0%,+0.00%,0.5000,0,✓ Yes,completed
0,800,711,09-02,+0.0%,+0.00%,0.5000,0,✓ Yes,completed
0,800,800,09-02,+0.0%,+0.00%,0.5000,0,✓ Yes,completed
0,10,0,11-02,+25.0%,+97.96%,0.9898,1,✗ No,budget_exceeded
0,10,10,11-02,+25.0%,+97.96%,0.9898,1,✗ No,budget_exceeded
0,98,0,11-02,+25.0%,+97.96%,0.9898,1,✗ No,budget_exceeded
0,98,98,11-02,+25.0%,+97.96%,0.9898,1,✗ No,budget_exceeded
0,186,0,11-02,+25.0%,+97.96%,0.9898,1,✗ No,budget_exceeded
0,186,186,11-02,+25.0%,+97.96%,0.9898,1,✗ No,budget_exceeded
0,273,0,11-02,+25.0%,+97.96%,0.9898,1,✗ No,budget_exceeded
0,273,137,11-02,+25.0%,+97.96%,0.9898,1,✗ No,budget_exceeded
0,273,273,11-02,+25.0%,+96.06%,0.9803,9,✗ No,budget_exceeded
0,361,0,11-02,+25.0%,+90.13%,0.9506,1,✗ No,budget_exceeded
0,361,90,11-02,+25.0%,+90.13%,0.9506,1,✗ No,budget_exceeded
0,361,181,11-02,+25.0%,+90.13%,0.9506,1,✗ No,budget_exceeded
0,361,271,11-02,+25.0%,+81.28%,0.9064,4,✗ No,budget_exceeded
0,361,361,11-02,+25.0%,+23.03%,0.6151,51,✗ No,budget_exceeded
0,449,0,11-02,+0.0%,+0.00%,0.5000,0,✓ Yes,completed
0,449,90,11-02,+0.0%,+0.00%,0.5000,0,✓ Yes,completed
0,449,180,11-02,+0.0%,+0.00%,0.5000,0,✓ Yes,completed
0,449,269,11-02,+0.0%,+0.00%,0.5000,0,✓ Yes,completed
0,449,359,11-02,+0.0%,+0.00%,0.5000,0,✓ Yes,completed
0,449,449,11-02,+0.0%,+0.00%,0.5000,0,✓ Yes,completed
0,537,0,11-02,+0.0%,+0.00%,0.5000,0,✓ Yes,completed
0,537,89,11-02,+0.0%,+0.00%,0.5000,0,✓ Yes,completed
0,537,179,11-02,+0.0%,+0.00%,0.5000,0,✓ Yes,completed
0,537,268,11-02,+0.0%,+0.00%,0.5000,0,✓ Yes,completed
0,537,358,11-02,+0.0%,+0.00%,0.5000,0,✓ Yes,completed
0,537,447,11-02,+0.0%,+0.00%,0.5000,0,✓ Yes,completed
0,537,537,11-02,+0.0%,+0.00%,0.5000,0,✓ Yes,completed
0,624,0,11-02,+0.0%,+0.00%,0.5000,0,✓ Yes,completed
0,624,89,11-02,+0.0%,+0.00%,0.5000,0,✓ Yes,completed
0,624,178,11-02,+0.0%,+0.00%,0.5000,0,✓ Yes,completed
0,624,268,11-02,+0.0%,+0.00%,0.5000,0,✓ Yes,completed
0,624,357,11-02,+0.0%,+0.00%,0.5000,0,✓ Yes,completed
0,624,446,11-02,+0.0%,+0.00%,0.5000,0,✓ Yes,completed
0,624,535,11-02,+0.0%,+0.00%,0.5000,0,✓ Yes,completed
0,624,624,11-02,+0.0%,+0.00%,0.5000,0,✓ Yes,completed
0,712,0,11-02,+0.0%,+0.00%,0.5000,0,✓ Yes,completed
0,712,89,11-02,+0.0%,+0.00%,0.5000,0,✓ Yes,completed
0,712,178,11-02,+0.0%,+0.00%,0.5000,0,✓ Yes,completed
0,712,267,11-02,+0.0%,+0.00%,0.5000,0,✓ Yes,completed
0,712,356,11-02,+0.0%,+0.00%,0.5000,0,✓ Yes,completed
0,712,445,11-02,+0.0%,+0.00%,0.5000,0,✓ Yes,completed
0,712,534,11-02,+0.0%,+0.00%,0.5000,0,✓ Yes,completed
0,712,623,11-02,+0.0%,+0.00%,0.5000,0,✓ Yes,completed
0,712,712,11-02,+0.0%,+0.00%,0.5000,0,✓ Yes,completed
0,800,0,11-02,+0.0%,+0.00%,0.5000,0,✓ Yes,completed
0,800,89,11-02,+0.0%,+0.00%,0.5000,0,✓ Yes,completed
0,800,178,11-02,+0.0%,+0.00%,0.5000,0,✓ Yes,completed
0,800,267,11-02,+0.0%,+0.00%,0.5000,0,✓ Yes,completed
0,800,356,11-02,+0.0%,+0.00%,0.5000,0,✓ Yes,completed
0,800,444,11-02,+0.0%,+0.00%,0.5000,0,✓ Yes,completed
0,800,533,11-02,+0.0%,+0.00%,0.5000,0,✓ Yes,completed
0,800,622,11-02,+0.0%,+0.00%,0.5000,0,✓ Yes,completed
0,800,711,11-02,+0.0%,+0.00%,0.5000,0,✓ Yes,completed
0,800,800,11-02,+0.0%,+0.00%,0.5000,0,✓ Yes,completed
0,10,0,12-31,+25.0%,+97.99%,0.9900,1,✗ No,budget_exceeded
0,10,10,12-31,+25.0%,+97.99%,0.9900,1,✗ No,budget_exceeded
0,98,0,12-31,+25.0%,+97.99%,0.9900,1,✗ No,budget_exceeded
0,98,98,12-31,+25.0%,+97.99%,0.9900,1,✗ No,budget_exceeded
0,186,0,12-31,+25.0%,+97.99%,0.9900,1,✗ No,budget_exceeded
0,186,186,12-31,+25.0%,+97.99%,0.9900,1,✗ No,budget_exceeded
0,273,0,12-31,+25.0%,+97.99%,0.9900,1,✗ No,budget_exceeded
0,273,137,12-31,+25.0%,+97.99%,0.9900,1,✗ No,budget_exceeded
0,273,273,12-31,+25.0%,+97.99%,0.9900,1,✗ No,budget_exceeded
0,361,0,12-31,+25.0%,+97.99%,0.9900,1,✗ No,budget_exceeded
0,361,90,12-31,+25.0%,+97.99%,0.9900,1,✗ No,budget_exceeded
0,361,181,12-31,+25.0%,+97.99%,0.9900,1,✗ No,budget_exceeded
0,361,271,12-31,+25.0%,+97.99%,0.9900,1,✗ No,budget_exceeded
0,361,361,12-31,+25.0%,+69.33%,0.8467,29,✗ No,budget_exceeded
0,449,0,12-31,+0.0%,+0.00%,0.5000,0,✓ Yes,completed
0,449,90,12-31,+0.0%,+0.00%,0.5000,0,✓ Yes,completed
0,449,180,12-31,+0.0%,+0.00%,0.5000,0,✓ Yes,completed
0,449,269,12-31,+0.0%,+0.00%,0.5000,0,✓ Yes,completed
0,449,359,12-31,+0.0%,+0.00%,0.5000,0,✓ Yes,completed
0,449,449,12-31,+0.0%,+0.00%,0.5000,0,✓ Yes,completed
0,537,0,12-31,+0.0%,+0.00%,0.5000,0,✓ Yes,completed
0,537,89,12-31,+0.0%,+0.00%,0.5000,0,✓ Yes,completed
0,537,179,12-31,+0.0%,+0.00%,0.5000,0,✓ Yes,completed
0,537,268,12-31,+0.0%,+0.00%,0.5000,0,✓ Yes,completed
0,537,358,12-31,+0.0%,+0.00%,0.5000,0,✓ Yes,completed
0,537,447,12-31,+0.0%,+0.00%,0.5000,0,✓ Yes,completed
0,537,537,12-31,+0.0%,+0.00%,0.5000,0,✓ Yes,completed
0,624,0,12-31,+0.0%,+0.00%,0.5000,0,✓ Yes,completed
0,624,89,12-31,+0.0%,+0.00%,0.5000,0,✓ Yes,completed
0,624,178,12-31,+0.0%,+0.00%,0.5000,0,✓ Yes,completed
0,624,268,12-31,+0.0%,+0.00%,0.5000,0,✓ Yes,completed
0,624,357,12-31,+0.0%,+0.00%,0.5000,0,✓ Yes,completed
0,624,446,12-31,+0.0%,+0.00%,0.5000,0,✓ Yes,completed
0,624,535,12-31,+0.0%,+0.00%,0.5000,0,✓ Yes,completed
0,624,624,12-31,+0.0%,+0.00%,0.5000,0,✓ Yes,completed
0,712,0,12-31,+0.0%,+0.00%,0.5000,0,✓ Yes,completed
0,712,89,12-31,+0.0%,+0.00%,0.5000,0,✓ Yes,completed
0,712,178,12-31,+0.0%,+0.00%,0.5000,0,✓ Yes,completed
0,712,267,12-31,+0.0%,+0.00%,0.5000,0,✓ Yes,completed
0,712,356,12-31,+0.0%,+0.00%,0.5000,0,✓ Yes,completed
0,712,445,12-31,+0.0%,+0.00%,0.5000,0,✓ Yes,completed
0,712,534,12-31,+0.0%,+0.00%,0.5000,0,✓ Yes,completed
0,712,623,12-31,+0.0%,+0.00%,0.5000,0,✓ Yes,completed
0,712,712,12-31,+0.0%,+0.00%,0.5000,0,✓ Yes,completed
0,800,0,12-31,+0.0%,+0.00%,0.5000,0,✓ Yes,completed
0,800,89,12-31,+0.0%,+0.00%,0.5000,0,✓ Yes,completed
0,800,178,12-31,+0.0%,+0.00%,0.5000,0,✓ Yes,completed
0,800,267,12-31,+0.0%,+0.00%,0.5000,0,✓ Yes,completed
0,800,356,12-31,+0.0%,+0.00%,0.5000,0,✓ Yes,completed
0,800,444,12-31,+0.0%,+0.00%,0.5000,0,✓ Yes,completed
0,800,533,12-31,+0.0%,+0.00%,0.5000,0,✓ Yes,completed
0,800,622,12-31,+0.0%,+0.00%,0.5000,0,✓ Yes,completed
0,800,711,12-31,+0.0%,+0.00%,0.5000,0,✓ Yes,completed
0,800,800,12-31,+0.0%,+0.00%,0.5000,0,✓ Yes,completed
1,183,183,01-01,+25.0%,+98.00%,0.9900,1,✗ No,budget_exceeded
1,183,183,01-01,+25.0%,+98.00%,0.9900,1,✗ No,budget_exceeded
1,223,183,01-01,+25.0%,+98.00%,0.9900,1,✗ No,budget_exceeded
1,223,223,01-01,+25.0%,+98.00%,0.9900,1,✗ No,budget_exceeded
1,262,183,01-01,+25.0%,+98.00%,0.9900,1,✗ No,budget_exceeded
1,262,262,01-01,+25.0%,+98.00%,0.9900,1,✗ No,budget_exceeded
1,302,183,01-01,+25.0%,+98.00%,0.9900,1,✗ No,budget_exceeded
1,302,243,01-01,+25.0%,+98.00%,0.9900,1,✗ No,budget_exceeded
1,302,302,01-01,+25.0%,+96.49%,0.9825,11,✗ No,budget_exceeded
1,341,183,01-01,+25.0%,+98.00%,0.9900,1,✗ No,budget_exceeded
1,341,236,01-01,+25.0%,+98.00%,0.9900,1,✗ No,budget_exceeded
1,341,289,01-01,+25.0%,+97.70%,0.9885,2,✗ No,budget_exceeded
1,341,341,01-01,+25.0%,+81.12%,0.9056,34,✗ No,budget_exceeded
1,381,183,01-01,+25.0%,+98.00%,0.9900,1,✗ No,budget_exceeded
1,381,223,01-01,+25.0%,+98.00%,0.9900,1,✗ No,budget_exceeded
1,381,262,01-01,+25.0%,+98.00%,0.9900,1,✗ No,budget_exceeded
1,381,302,01-01,+25.0%,+78.71%,0.8936,3,✗ No,budget_exceeded
1,381,341,01-01,+25.0%,+68.55%,0.8428,10,✗ No,budget_exceeded
1,381,381,01-01,+25.0%,+28.83%,0.6441,77,✗ No,budget_exceeded
1,420,183,01-01,+0.0%,+0.00%,0.5000,0,✓ Yes,completed
1,420,223,01-01,+0.0%,+0.00%,0.5000,0,✓ Yes,completed
1,420,262,01-01,+0.0%,+0.00%,0.5000,0,✓ Yes,completed
1,420,302,01-01,+0.0%,+0.00%,0.5000,0,✓ Yes,completed
1,420,341,01-01,+0.0%,+0.00%,0.5000,0,✓ Yes,completed
1,420,381,01-01,+0.0%,+0.00%,0.5000,0,✓ Yes,completed
1,420,420,01-01,+0.0%,+0.00%,0.5000,0,✓ Yes,completed
1,460,183,01-01,+0.0%,+0.00%,0.5000,0,✓ Yes,completed
1,460,223,01-01,+0.0%,+0.00%,0.5000,0,✓ Yes,completed
1,460,262,01-01,+0.0%,+0.00%,0.5000,0,✓ Yes,completed
1,460,302,01-01,+0.0%,+0.00%,0.5000,0,✓ Yes,completed
1,460,341,01-01,+0.0%,+0.00%,0.5000,0,✓ Yes,completed
1,460,381,01-01,+0.0%,+0.00%,0.5000,0,✓ Yes,completed
1,460,420,01-01,+0.0%,+0.00%,0.5000,0,✓ Yes,completed
1,460,460,01-01,+0.0%,+0.00%,0.5000,0,✓ Yes,completed
1,499,183,01-01,+0.0%,+0.00%,0.5000,0,✓ Yes,completed
1,499,223,01-01,+0.0%,+0.00%,0.5000,0,✓ Yes,completed
1,499,262,01-01,+0.0%,+0.00%,0.5000,0,✓ Yes,completed
1,499,302,01-01,+0.0%,+0.00%,0.5000,0,✓ Yes,completed
1,499,341,01-01,+0.0%,+0.00%,0.5000,0,✓ Yes,completed
1,499,381,01-01,+0.0%,+0.00%,0.5000,0,✓ Yes,completed
1,499,420,01-01,+0.0%,+0.00%,0.5000,0,✓ Yes,completed
1,499,460,01-01,+0.0%,+0.00%,0.5000,0,✓ Yes,completed
1,499,499,01-01,+0.0%,+0.00%,0.5000,0,✓ Yes,completed
1,539,183,01-01,+0.0%,+0.00%,0.5000,0,✓ Yes,completed
1,539,223,01-01,+0.0%,+0.00%,0.5000,0,✓ Yes,completed
1,539,262,01-01,+0.0%,+0.00%,0.5000,0,✓ Yes,completed
1,539,302,01-01,+0.0%,+0.00%,0.5000,0,✓ Yes,completed
1,539,341,01-01,+0.0%,+0.00%,0.5000,0,✓ Yes,completed
1,539,381,01-01,+0.0%,+0.00%,0.5000,0,✓ Yes,completed
1,539,420,01-01,+0.0%,+0.00%,0.5000,0,✓ Yes,completed
1,539,460,01-01,+0.0%,+0.00%,0.5000,0,✓ Yes,completed
1,539,499,01-01,+0.0%,+0.00%,0.5000,0,✓ Yes,completed
1,539,539,01-01,+0.0%,+0.00%,0.5000,0,✓ Yes,completed
1,183,183,01-25,+25.0%,+97.81%,0.9891,1,✗ No,budget_exceeded
1,183,183,01-25,+25.0%,+97.81%,0.9891,1,✗ No,budget_exceeded
1,223,183,01-25,+25.0%,+97.81%,0.9891,1,✗ No,budget_exceeded
1,223,223,01-25,+25.0%,+97.81%,0.9891,1,✗ No,budget_exceeded
1,262,183,01-25,+25.0%,+97.81%,0.9891,1,✗ No,budget_exceeded
1,262,262,01-25,+25.0%,+97.81%,0.9891,1,✗ No,budget_exceeded
1,302,183,01-25,+25.0%,+97.81%,0.9891,1,✗ No,budget_exceeded
1,302,243,01-25,+25.0%,+97.81%,0.9891,1,✗ No,budget_exceeded
1,302,302,01-25,+25.0%,+97.25%,0.9862,4,✗ No,budget_exceeded
1,341,183,01-25,+25.0%,+97.81%,0.9891,1,✗ No,budget_exceeded
1,341,236,01-25,+25.0%,+97.81%,0.9891,1,✗ No,budget_exceeded
1,341,289,01-25,+25.0%,+97.81%,0.9891,1,✗ No,budget_exceeded
1,341,341,01-25,+25.0%,+90.72%,0.9536,22,✗ No,budget_exceeded
1,381,183,01-25,+25.0%,+97.81%,0.9891,1,✗ No,budget_exceeded
1,381,223,01-25,+25.0%,+97.81%,0.9891,1,✗ No,budget_exceeded
1,381,262,01-25,+25.0%,+97.81%,0.9891,1,✗ No,budget_exceeded
1,381,302,01-25,+25.0%,+93.11%,0.9655,4,✗ No,budget_exceeded
1,381,341,01-25,+25.0%,+76.96%,0.8848,22,✗ No,budget_exceeded
1,381,381,01-25,+25.0%,+23.23%,0.6162,76,✗ No,budget_exceeded
1,420,183,01-25,+25.0%,+24.90%,0.6245,1,✗ No,budget_exceeded
1,420,223,01-25,+25.0%,+24.90%,0.6245,1,✗ No,budget_exceeded
1,420,262,01-25,+2.9%,-0.20%,0.4990,1,✓ Yes,completed
1,420,302,01-25,+0.9%,+0.12%,0.5006,1,✓ Yes,completed
1,420,341,01-25,+0.8%,+0.14%,0.5007,1,✓ Yes,completed
1,420,381,01-25,+0.7%,+0.13%,0.5007,1,✓ Yes,completed
1,420,420,01-25,+0.2%,+0.01%,0.5000,1,✓ Yes,completed
1,460,183,01-25,+0.0%,+0.00%,0.5000,0,✓ Yes,completed
1,460,223,01-25,+0.0%,+0.00%,0.5000,0,✓ Yes,completed
1,460,262,01-25,+0.0%,+0.00%,0.5000,0,✓ Yes,completed
1,460,302,01-25,+0.0%,+0.00%,0.5000,0,✓ Yes,completed
1,460,341,01-25,+0.0%,+0.00%,0.5000,0,✓ Yes,completed
1,460,381,01-25,+0.0%,+0.00%,0.5000,0,✓ Yes,completed
1,460,420,01-25,+0.0%,+0.00%,0.5000,0,✓ Yes,completed
1,460,460,01-25,+0.0%,+0.00%,0.5000,0,✓ Yes,completed
1,499,183,01-25,+0.0%,+0.00%,0.5000,0,✓ Yes,completed
1,499,223,01-25,+0.0%,+0.00%,0.5000,0,✓ Yes,completed
1,499,262,01-25,+0.0%,+0.00%,0.5000,0,✓ Yes,completed
1,499,302,01-25,+0.0%,+0.00%,0.5000,0,✓ Yes,completed
1,499,341,01-25,+0.0%,+0.00%,0.5000,0,✓ Yes,completed
1,499,381,01-25,+0.0%,+0.00%,0.5000,0,✓ Yes,completed
1,499,420,01-25,+0.0%,+0.00%,0.5000,0,✓ Yes,completed
1,499,460,01-25,+0.0%,+0.00%,0.5000,0,✓ Yes,completed
1,499,499,01-25,+0.0%,+0.00%,0.5000,0,✓ Yes,completed
1,539,183,01-25,+0.0%,+0.00%,0.5000,0,✓ Yes,completed
1,539,223,01-25,+0.0%,+0.00%,0.5000,0,✓ Yes,completed
1,539,262,01-25,+0.0%,+0.00%,0.5000,0,✓ Yes,completed
1,539,302,01-25,+0.0%,+0.00%,0.5000,0,✓ Yes,completed
1,539,341,01-25,+0.0%,+0.00%,0.5000,0,✓ Yes,completed
1,539,381,01-25,+0.0%,+0.00%,0.5000,0,✓ Yes,completed
1,539,420,01-25,+0.0%,+0.00%,0.5000,0,✓ Yes,completed
1,539,460,01-25,+0.0%,+0.00%,0.5000,0,✓ Yes,completed
1,539,499,01-25,+0.0%,+0.00%,0.5000,0,✓ Yes,completed
1,539,539,01-25,+0.0%,+0.00%,0.5000,0,✓ Yes,completed
1,183,183,02-18,+25.0%,+97.69%,0.9885,1,✗ No,budget_exceeded
1,183,183,02-18,+25.0%,+97.69%,0.9885,1,✗ No,budget_exceeded
1,223,183,02-18,+25.0%,+97.69%,0.9885,1,✗ No,budget_exceeded
1,223,223,02-18,+25.0%,+97.69%,0.9885,1,✗ No,budget_exceeded
1,262,183,02-18,+25.0%,+97.69%,0.9885,1,✗ No,budget_exceeded
1,262,262,02-18,+25.0%,+97.69%,0.9885,1,✗ No,budget_exceeded
1,302,183,02-18,+25.0%,+97.69%,0.9885,1,✗ No,budget_exceeded
1,302,243,02-18,+25.0%,+97.69%,0.9885,1,✗ No,budget_exceeded
1,302,302,02-18,+25.0%,+95.84%,0.9792,10,✗ No,budget_exceeded
1,341,183,02-18,+25.0%,+97.69%,0.9885,1,✗ No,budget_exceeded
1,341,236,02-18,+25.0%,+97.69%,0.9885,1,✗ No,budget_exceeded
1,341,289,02-18,+25.0%,+96.75%,0.9838,3,✗ No,budget_exceeded
1,341,341,02-18,+25.0%,+86.60%,0.9330,23,✗ No,budget_exceeded
1,381,183,02-18,+25.0%,+97.39%,0.9869,1,✗ No,budget_exceeded
1,381,223,02-18,+25.0%,+97.39%,0.9869,1,✗ No,budget_exceeded
1,381,262,02-18,+25.0%,+97.39%,0.9869,1,✗ No,budget_exceeded
1,381,302,02-18,+25.0%,+88.89%,0.9445,8,✗ No,budget_exceeded
1,381,341,02-18,+25.0%,+51.56%,0.7578,26,✗ No,budget_exceeded
1,381,381,02-18,+14.0%,+3.88%,0.5194,49,✓ Yes,completed
1,420,183,02-18,+25.0%,+68.28%,0.8414,1,✗ No,budget_exceeded
1,420,223,02-18,+25.0%,+68.28%,0.8414,1,✗ No,budget_exceeded
1,420,262,02-18,+2.9%,+0.41%,0.5021,1,✓ Yes,completed
1,420,302,02-18,+0.9%,+0.28%,0.5014,1,✓ Yes,completed
1,420,341,02-18,+0.8%,+0.27%,0.5013,1,✓ Yes,completed
1,420,381,02-18,+0.7%,+0.25%,0.5012,1,✓ Yes,completed
1,420,420,02-18,+0.2%,+0.04%,0.5002,1,✓ Yes,completed
1,460,183,02-18,+0.0%,+0.00%,0.5000,0,✓ Yes,completed
1,460,223,02-18,+0.0%,+0.00%,0.5000,0,✓ Yes,completed
1,460,262,02-18,+0.0%,+0.00%,0.5000,0,✓ Yes,completed
1,460,302,02-18,+0.0%,+0.00%,0.5000,0,✓ Yes,completed
1,460,341,02-18,+0.0%,+0.00%,0.5000,0,✓ Yes,completed
1,460,381,02-18,+0.0%,+0.00%,0.5000,0,✓ Yes,completed
1,460,420,02-18,+0.0%,+0.00%,0.5000,0,✓ Yes,completed
1,460,460,02-18,+0.0%,+0.00%,0.5000,0,✓ Yes,completed
1,499,183,02-18,+0.0%,+0.00%,0.5000,0,✓ Yes,completed
1,499,223,02-18,+0.0%,+0.00%,0.5000,0,✓ Yes,completed
1,499,262,02-18,+0.0%,+0.00%,0.5000,0,✓ Yes,completed
1,499,302,02-18,+0.0%,+0.00%,0.5000,0,✓ Yes,completed
1,499,341,02-18,+0.0%,+0.00%,0.5000,0,✓ Yes,completed
1,499,381,02-18,+0.0%,+0.00%,0.5000,0,✓ Yes,completed
1,499,420,02-18,+0.0%,+0.00%,0.5000,0,✓ Yes,completed
1,499,460,02-18,+0.0%,+0.00%,0.5000,0,✓ Yes,completed
1,499,499,02-18,+0.0%,+0.00%,0.5000,0,✓ Yes,completed
1,539,183,02-18,+0.0%,+0.00%,0.5000,0,✓ Yes,completed
1,539,223,02-18,+0.0%,+0.00%,0.5000,0,✓ Yes,completed
1,539,262,02-18,+0.0%,+0.00%,0.5000,0,✓ Yes,completed
1,539,302,02-18,+0.0%,+0.00%,0.5000,0,✓ Yes,completed
1,539,341,02-18,+0.0%,+0.00%,0.5000,0,✓ Yes,completed
1,539,381,02-18,+0.0%,+0.00%,0.5000,0,✓ Yes,completed
1,539,420,02-18,+0.0%,+0.00%,0.5000,0,✓ Yes,completed
1,539,460,02-18,+0.0%,+0.00%,0.5000,0,✓ Yes,completed
1,539,499,02-18,+0.0%,+0.00%,0.5000,0,✓ Yes,completed
1,539,539,02-18,+0.0%,+0.00%,0.5000,0,✓ Yes,completed
1,183,183,03-14,+25.0%,+97.57%,0.9879,1,✗ No,budget_exceeded
1,183,183,03-14,+25.0%,+97.57%,0.9879,1,✗ No,budget_exceeded
1,223,183,03-14,+25.0%,+97.57%,0.9879,1,✗ No,budget_exceeded
1,223,223,03-14,+25.0%,+97.57%,0.9879,1,✗ No,budget_exceeded
1,262,183,03-14,+25.0%,+97.57%,0.9879,1,✗ No,budget_exceeded
1,262,262,03-14,+25.0%,+95.72%,0.9786,13,✗ No,budget_exceeded
1,302,183,03-14,+25.0%,+97.57%,0.9879,1,✗ No,budget_exceeded
1,302,243,03-14,+25.0%,+96.93%,0.9847,3,✗ No,budget_exceeded
1,302,302,03-14,+25.0%,+85.07%,0.9254,34,✗ No,budget_exceeded
1,341,183,03-14,+25.0%,+97.57%,0.9879,1,✗ No,budget_exceeded
1,341,236,03-14,+25.0%,+97.07%,0.9853,2,✗ No,budget_exceeded
1,341,289,03-14,+25.0%,+80.56%,0.9028,23,✗ No,budget_exceeded
1,341,341,03-14,+20.4%,+5.67%,0.5284,47,✓ Yes,completed
1,381,183,03-14,+25.0%,+89.84%,0.9492,1,✗ No,budget_exceeded
1,381,223,03-14,+25.0%,+89.84%,0.9492,1,✗ No,budget_exceeded
1,381,262,03-14,+13.9%,+3.30%,0.5165,7,✓ Yes,completed
1,381,302,03-14,+9.9%,+2.84%,0.5142,10,✓ Yes,completed
1,381,341,03-14,+8.6%,+2.59%,0.5129,10,✓ Yes,completed
1,381,381,03-14,+3.5%,+1.10%,0.5055,20,✓ Yes,completed
1,420,183,03-14,+0.0%,+0.00%,0.5000,0,✓ Yes,completed
1,420,223,03-14,+0.0%,+0.00%,0.5000,0,✓ Yes,completed
1,420,262,03-14,+0.0%,+0.00%,0.5000,0,✓ Yes,completed
1,420,302,03-14,+0.0%,+0.00%,0.5000,0,✓ Yes,completed
1,420,341,03-14,+0.0%,+0.00%,0.5000,0,✓ Yes,completed
1,420,381,03-14,+0.0%,+0.00%,0.5000,0,✓ Yes,completed
1,420,420,03-14,+0.0%,+0.00%,0.5000,0,✓ Yes,completed
1,460,183,03-14,+0.0%,+0.00%,0.5000,0,✓ Yes,completed
1,460,223,03-14,+0.0%,+0.00%,0.5000,0,✓ Yes,completed
1,460,262,03-14,+0.0%,+0.00%,0.5000,0,✓ Yes,completed
1,460,302,03-14,+0.0%,+0.00%,0.5000,0,✓ Yes,completed
1,460,341,03-14,+0.0%,+0.00%,0.5000,0,✓ Yes,completed
1,460,381,03-14,+0.0%,+0.00%,0.5000,0,✓ Yes,completed
1,460,420,03-14,+0.0%,+0.00%,0.5000,0,✓ Yes,completed
1,460,460,03-14,+0.0%,+0.00%,0.5000,0,✓ Yes,completed
1,499,183,03-14,+0.0%,+0.00%,0.5000,0,✓ Yes,completed
1,499,223,03-14,+0.0%,+0.00%,0.5000,0,✓ Yes,completed
1,499,262,03-14,+0.0%,+0.00%,0.5000,0,✓ Yes,completed
1,499,302,03-14,+0.0%,+0.00%,0.5000,0,✓ Yes,completed
1,499,341,03-14,+0.0%,+0.00%,0.5000,0,✓ Yes,completed
1,499,381,03-14,+0.0%,+0.00%,0.5000,0,✓ Yes,completed
1,499,420,03-14,+0.0%,+0.00%,0.5000,0,✓ Yes,completed
1,499,460,03-14,+0.0%,+0.00%,0.5000,0,✓ Yes,completed
1,499,499,03-14,+0.0%,+0.00%,0.5000,0,✓ Yes,completed
1,539,183,03-14,+0.0%,+0.00%,0.5000,0,✓ Yes,completed
1,539,223,03-14,+0.0%,+0.00%,0.5000,0,✓ Yes,completed
1,539,262,03-14,+0.0%,+0.00%,0.5000,0,✓ Yes,completed
1,539,302,03-14,+0.0%,+0.00%,0.5000,0,✓ Yes,completed
1,539,341,03-14,+0.0%,+0.00%,0.5000,0,✓ Yes,completed
1,539,381,03-14,+0.0%,+0.00%,0.5000,0,✓ Yes,completed
1,539,420,03-14,+0.0%,+0.00%,0.5000,0,✓ Yes,completed
1,539,460,03-14,+0.0%,+0.00%,0.5000,0,✓ Yes,completed
1,539,499,03-14,+0.0%,+0.00%,0.5000,0,✓ Yes,completed
1,539,539,03-14,+0.0%,+0.00%,0.5000,0,✓ Yes,completed
1,183,183,04-07,+25.0%,+97.43%,0.9872,4,✗ No,budget_exceeded
1,183,183,04-07,+25.0%,+97.43%,0.9872,4,✗ No,budget_exceeded
1,223,183,04-07,+25.0%,+97.15%,0.9857,3,✗ No,budget_exceeded
1,223,223,04-07,+25.0%,+92.64%,0.9632,22,✗ No,budget_exceeded
1,262,183,04-07,+25.0%,+96.96%,0.9848,3,✗ No,budget_exceeded
1,262,262,04-07,+25.0%,+84.62%,0.9231,25,✗ No,budget_exceeded
1,302,183,04-07,+25.0%,+94.25%,0.9712,3,✗ No,budget_exceeded
1,302,243,04-07,+25.0%,+76.87%,0.8844,24,✗ No,budget_exceeded
1,302,302,04-07,+25.0%,+14.66%,0.5733,66,✗ No,budget_exceeded
1,341,183,04-07,+25.0%,+10.86%,0.5543,5,✗ No,budget_exceeded
1,341,236,04-07,+5.7%,+0.49%,0.5024,6,✓ Yes,completed
1,341,289,04-07,+4.6%,+0.71%,0.5036,6,✓ Yes,completed
1,341,341,04-07,+0.8%,+0.23%,0.5011,7,✓ Yes,completed
1,381,183,04-07,+0.0%,+0.00%,0.5000,0,✓ Yes,completed
1,381,223,04-07,+0.0%,+0.00%,0.5000,0,✓ Yes,completed
1,381,262,04-07,+0.0%,+0.00%,0.5000,0,✓ Yes,completed
1,381,302,04-07,+0.0%,+0.00%,0.5000,0,✓ Yes,completed
1,381,341,04-07,+0.0%,+0.00%,0.5000,0,✓ Yes,completed
1,381,381,04-07,+0.0%,+0.00%,0.5000,0,✓ Yes,completed
1,420,183,04-07,+0.0%,+0.00%,0.5000,0,✓ Yes,completed
1,420,223,04-07,+0.0%,+0.00%,0.5000,0,✓ Yes,completed
1,420,262,04-07,+0.0%,+0.00%,0.5000,0,✓ Yes,completed
1,420,302,04-07,+0.0%,+0.00%,0.5000,0,✓ Yes,completed
1,420,341,04-07,+0.0%,+0.00%,0.5000,0,✓ Yes,completed
1,420,381,04-07,+0.0%,+0.00%,0.5000,0,✓ Yes,completed
1,420,420,04-07,+0.0%,+0.00%,0.5000,0,✓ Yes,completed
1,460,183,04-07,+0.0%,+0.00%,0.5000,0,✓ Yes,completed
1,460,223,04-07,+0.0%,+0.00%,0.5000,0,✓ Yes,completed
1,460,262,04-07,+0.0%,+0.00%,0.5000,0,✓ Yes,completed
1,460,302,04-07,+0.0%,+0.00%,0.5000,0,✓ Yes,completed
1,460,341,04-07,+0.0%,+0.00%,0.5000,0,✓ Yes,completed
1,460,381,04-07,+0.0%,+0.00%,0.5000,0,✓ Yes,completed
1,460,420,04-07,+0.0%,+0.00%,0.5000,0,✓ Yes,completed
1,460,460,04-07,+0.0%,+0.00%,0.5000,0,✓ Yes,completed
1,499,183,04-07,+0.0%,+0.00%,0.5000,0,✓ Yes,completed
1,499,223,04-07,+0.0%,+0.00%,0.5000,0,✓ Yes,completed
1,499,262,04-07,+0.0%,+0.00%,0.5000,0,✓ Yes,completed
1,499,302,04-07,+0.0%,+0.00%,0.5000,0,✓ Yes,completed
1,499,341,04-07,+0.0%,+0.00%,0.5000,0,✓ Yes,completed
1,499,381,04-07,+0.0%,+0.00%,0.5000,0,✓ Yes,completed
1,499,420,04-07,+0.0%,+0.00%,0.5000,0,✓ Yes,completed
1,499,460,04-07,+0.0%,+0.00%,0.5000,0,✓ Yes,completed
1,499,499,04-07,+0.0%,+0.00%,0.5000,0,✓ Yes,completed
1,539,183,04-07,+0.0%,+0.00%,0.5000,0,✓ Yes,completed
1,539,223,04-07,+0.0%,+0.00%,0.5000,0,✓ Yes,completed
1,539,262,04-07,+0.0%,+0.00%,0.5000,0,✓ Yes,completed
1,539,302,04-07,+0.0%,+0.00%,0.5000,0,✓ Yes,completed
1,539,341,04-07,+0.0%,+0.00%,0.5000,0,✓ Yes,completed
1,539,381,04-07,+0.0%,+0.00%,0.5000,0,✓ Yes,completed
1,539,420,04-07,+0.0%,+0.00%,0.5000,0,✓ Yes,completed
1,539,460,04-07,+0.0%,+0.00%,0.5000,0,✓ Yes,completed
1,539,499,04-07,+0.0%,+0.00%,0.5000,0,✓ Yes,completed
1,539,539,04-07,+0.0%,+0.00%,0.5000,0,✓ Yes,completed
1,183,183,05-01,+25.0%,+97.06%,0.9853,10,✗ No,budget_exceeded
1,183,183,05-01,+25.0%,+97.06%,0.9853,10,✗ No,budget_exceeded
1,223,183,05-01,+25.0%,+96.03%,0.9801,7,✗ No,budget_exceeded
1,223,223,05-01,+25.0%,+90.41%,0.9520,20,✗ No,budget_exceeded
1,262,183,05-01,+25.0%,+95.49%,0.9775,7,✗ No,budget_exceeded
1,262,262,05-01,+25.0%,+77.22%,0.8861,58,✗ No,budget_exceeded
1,302,183,05-01,+25.0%,+80.04%,0.9002,5,✗ No,budget_exceeded
1,302,243,05-01,+25.0%,+53.74%,0.7687,26,✗ No,budget_exceeded
1,302,302,05-01,+25.0%,+18.51%,0.5926,59,✗ No,budget_exceeded
1,341,183,05-01,+25.0%,+29.82%,0.6491,4,✗ No,budget_exceeded
1,341,236,05-01,+25.0%,+2.07%,0.5104,10,✗ No,budget_exceeded
1,341,289,05-01,+10.1%,+0.55%,0.5028,12,✓ Yes,completed
1,341,341,05-01,+2.6%,+0.52%,0.5026,9,✓ Yes,completed
1,381,183,05-01,+0.0%,+0.00%,0.5000,0,✓ Yes,completed
1,381,223,05-01,+0.0%,+0.00%,0.5000,0,✓ Yes,completed
1,381,262,05-01,+0.0%,+0.00%,0.5000,0,✓ Yes,completed
1,381,302,05-01,+0.0%,+0.00%,0.5000,0,✓ Yes,completed
1,381,341,05-01,+0.0%,+0.00%,0.5000,0,✓ Yes,completed
1,381,381,05-01,+0.0%,+0.00%,0.5000,0,✓ Yes,completed
1,420,183,05-01,+0.0%,+0.00%,0.5000,0,✓ Yes,completed
1,420,223,05-01,+0.0%,+0.00%,0.5000,0,✓ Yes,completed
1,420,262,05-01,+0.0%,+0.00%,0.5000,0,✓ Yes,completed
1,420,302,05-01,+0.0%,+0.00%,0.5000,0,✓ Yes,completed
1,420,341,05-01,+0.0%,+0.00%,0.5000,0,✓ Yes,completed
1,420,381,05-01,+0.0%,+0.00%,0.5000,0,✓ Yes,completed
1,420,420,05-01,+0.0%,+0.00%,0.5000,0,✓ Yes,completed
1,460,183,05-01,+0.0%,+0.00%,0.5000,0,✓ Yes,completed
1,460,223,05-01,+0.0%,+0.00%,0.5000,0,✓ Yes,completed
1,460,262,05-01,+0.0%,+0.00%,0.5000,0,✓ Yes,completed
1,460,302,05-01,+0.0%,+0.00%,0.5000,0,✓ Yes,completed
1,460,341,05-01,+0.0%,+0.00%,0.5000,0,✓ Yes,completed
1,460,381,05-01,+0.0%,+0.00%,0.5000,0,✓ Yes,completed
1,460,420,05-01,+0.0%,+0.00%,0.5000,0,✓ Yes,completed
1,460,460,05-01,+0.0%,+0.00%,0.5000,0,✓ Yes,completed
1,499,183,05-01,+0.0%,+0.00%,0.5000,0,✓ Yes,completed
1,499,223,05-01,+0.0%,+0.00%,0.5000,0,✓ Yes,completed
1,499,262,05-01,+0.0%,+0.00%,0.5000,0,✓ Yes,completed
1,499,302,05-01,+0.0%,+0.00%,0.5000,0,✓ Yes,completed
1,499,341,05-01,+0.0%,+0.00%,0.5000,0,✓ Yes,completed
1,499,381,05-01,+0.0%,+0.00%,0.5000,0,✓ Yes,completed
1,499,420,05-01,+0.0%,+0.00%,0.5000,0,✓ Yes,completed
1,499,460,05-01,+0.0%,+0.00%,0.5000,0,✓ Yes,completed
1,499,499,05-01,+0.0%,+0.00%,0.5000,0,✓ Yes,completed
1,539,183,05-01,+0.0%,+0.00%,0.5000,0,✓ Yes,completed
1,539,223,05-01,+0.0%,+0.00%,0.5000,0,✓ Yes,completed
1,539,262,05-01,+0.0%,+0.00%,0.5000,0,✓ Yes,completed
1,539,302,05-01,+0.0%,+0.00%,0.5000,0,✓ Yes,completed
1,539,341,05-01,+0.0%,+0.00%,0.5000,0,✓ Yes,completed
1,539,381,05-01,+0.0%,+0.00%,0.5000,0,✓ Yes,completed
1,539,420,05-01,+0.0%,+0.00%,0.5000,0,✓ Yes,completed
1,539,460,05-01,+0.0%,+0.00%,0.5000,0,✓ Yes,completed
1,539,499,05-01,+0.0%,+0.00%,0.5000,0,✓ Yes,completed
1,539,539,05-01,+0.0%,+0.00%,0.5000,0,✓ Yes,completed
1,183,183,05-24,+25.0%,+97.02%,0.9851,5,✗ No,budget_exceeded
1,183,183,05-24,+25.0%,+97.02%,0.9851,5,✗ No,budget_exceeded
1,223,183,05-24,+25.0%,+96.59%,0.9829,5,✗ No,budget_exceeded
1,223,223,05-24,+25.0%,+90.98%,0.9549,20,✗ No,budget_exceeded
1,262,183,05-24,+25.0%,+96.25%,0.9812,5,✗ No,budget_exceeded
1,262,262,05-24,+25.0%,+81.37%,0.9069,37,✗ No,budget_exceeded
1,302,183,05-24,+25.0%,+89.20%,0.9460,6,✗ No,budget_exceeded
1,302,243,05-24,+25.0%,+75.45%,0.8773,23,✗ No,budget_exceeded
1,302,302,05-24,+25.0%,+54.11%,0.7706,42,✗ No,budget_exceeded
1,341,183,05-24,+25.0%,+64.54%,0.8227,3,✗ No,budget_exceeded
1,341,236,05-24,+25.0%,+45.05%,0.7252,10,✗ No,budget_exceeded
1,341,289,05-24,+25.0%,+24.17%,0.6209,28,✗ No,budget_exceeded
1,341,341,05-24,+20.1%,+0.46%,0.5023,49,✓ Yes,completed
1,381,183,05-24,+25.0%,+8.52%,0.5426,1,✗ No,budget_exceeded
1,381,223,05-24,+25.0%,+8.52%,0.5426,1,✗ No,budget_exceeded
1,381,262,05-24,+1.1%,+0.07%,0.5004,1,✓ Yes,completed
1,381,302,05-24,+0.8%,+0.14%,0.5007,1,✓ Yes,completed
1,381,341,05-24,+0.8%,+0.15%,0.5007,1,✓ Yes,completed
1,381,381,05-24,+0.2%,+0.01%,0.5000,1,✓ Yes,completed
1,420,183,05-24,+0.0%,+0.00%,0.5000,0,✓ Yes,completed
1,420,223,05-24,+0.0%,+0.00%,0.5000,0,✓ Yes,completed
1,420,262,05-24,+0.0%,+0.00%,0.5000,0,✓ Yes,completed
1,420,302,05-24,+0.0%,+0.00%,0.5000,0,✓ Yes,completed
1,420,341,05-24,+0.0%,+0.00%,0.5000,0,✓ Yes,completed
1,420,381,05-24,+0.0%,+0.00%,0.5000,0,✓ Yes,completed
1,420,420,05-24,+0.0%,+0.00%,0.5000,0,✓ Yes,completed
1,460,183,05-24,+0.0%,+0.00%,0.5000,0,✓ Yes,completed
1,460,223,05-24,+0.0%,+0.00%,0.5000,0,✓ Yes,completed
1,460,262,05-24,+0.0%,+0.00%,0.5000,0,✓ Yes,completed
1,460,302,05-24,+0.0%,+0.00%,0.5000,0,✓ Yes,completed
1,460,341,05-24,+0.0%,+0.00%,0.5000,0,✓ Yes,completed
1,460,381,05-24,+0.0%,+0.00%,0.5000,0,✓ Yes,completed
1,460,420,05-24,+0.0%,+0.00%,0.5000,0,✓ Yes,completed
1,460,460,05-24,+0.0%,+0.00%,0.5000,0,✓ Yes,completed
1,499,183,05-24,+0.0%,+0.00%,0.5000,0,✓ Yes,completed
1,499,223,05-24,+0.0%,+0.00%,0.5000,0,✓ Yes,completed
1,499,262,05-24,+0.0%,+0.00%,0.5000,0,✓ Yes,completed
1,499,302,05-24,+0.0%,+0.00%,0.5000,0,✓ Yes,completed
1,499,341,05-24,+0.0%,+0.00%,0.5000,0,✓ Yes,completed
1,499,381,05-24,+0.0%,+0.00%,0.5000,0,✓ Yes,completed
1,499,420,05-24,+0.0%,+0.00%,0.5000,0,✓ Yes,completed
1,499,460,05-24,+0.0%,+0.00%,0.5000,0,✓ Yes,completed
1,499,499,05-24,+0.0%,+0.00%,0.5000,0,✓ Yes,completed
1,539,183,05-24,+0.0%,+0.00%,0.5000,0,✓ Yes,completed
1,539,223,05-24,+0.0%,+0.00%,0.5000,0,✓ Yes,completed
1,539,262,05-24,+0.0%,+0.00%,0.5000,0,✓ Yes,completed
1,539,302,05-24,+0.0%,+0.00%,0.5000,0,✓ Yes,completed
1,539,341,05-24,+0.0%,+0.00%,0.5000,0,✓ Yes,completed
1,539,381,05-24,+0.0%,+0.00%,0.5000,0,✓ Yes,completed
1,539,420,05-24,+0.0%,+0.00%,0.5000,0,✓ Yes,completed
1,539,460,05-24,+0.0%,+0.00%,0.5000,0,✓ Yes,completed
1,539,499,05-24,+0.0%,+0.00%,0.5000,0,✓ Yes,completed
1,539,539,05-24,+0.0%,+0.00%,0.5000,0,✓ Yes,completed
2,261,261,02-10,+25.0%,+97.72%,0.9886,1,✗ No,budget_exceeded
2,261,261,02-10,+25.0%,+97.72%,0.9886,1,✗ No,budget_exceeded
2,279,261,02-10,+25.0%,+97.72%,0.9886,1,✗ No,budget_exceeded
2,279,279,02-10,+25.0%,+97.72%,0.9886,1,✗ No,budget_exceeded
2,297,261,02-10,+25.0%,+97.72%,0.9886,1,✗ No,budget_exceeded
2,297,297,02-10,+25.0%,+97.50%,0.9875,2,✗ No,budget_exceeded
2,315,261,02-10,+25.0%,+97.72%,0.9886,1,✗ No,budget_exceeded
2,315,288,02-10,+25.0%,+97.72%,0.9886,1,✗ No,budget_exceeded
2,315,315,02-10,+25.0%,+95.51%,0.9775,11,✗ No,budget_exceeded
2,332,261,02-10,+25.0%,+97.72%,0.9886,1,✗ No,budget_exceeded
2,332,285,02-10,+25.0%,+97.72%,0.9886,1,✗ No,budget_exceeded
2,332,309,02-10,+25.0%,+95.61%,0.9781,8,✗ No,budget_exceeded
2,332,332,02-10,+25.0%,+90.43%,0.9522,19,✗ No,budget_exceeded
2,350,261,02-10,+25.0%,+97.72%,0.9886,1,✗ No,budget_exceeded
2,350,279,02-10,+25.0%,+97.72%,0.9886,1,✗ No,budget_exceeded
2,350,297,02-10,+25.0%,+97.31%,0.9866,2,✗ No,budget_exceeded
2,350,315,02-10,+25.0%,+93.74%,0.9687,12,✗ No,budget_exceeded
2,350,332,02-10,+25.0%,+89.21%,0.9460,19,✗ No,budget_exceeded
2,350,350,02-10,+25.0%,+86.32%,0.9316,23,✗ No,budget_exceeded
2,368,261,02-10,+25.0%,+97.72%,0.9886,1,✗ No,budget_exceeded
2,368,279,02-10,+25.0%,+97.72%,0.9886,1,✗ No,budget_exceeded
2,368,297,02-10,+25.0%,+97.27%,0.9864,2,✗ No,budget_exceeded
2,368,315,02-10,+25.0%,+92.99%,0.9650,12,✗ No,budget_exceeded
2,368,332,02-10,+25.0%,+87.48%,0.9374,20,✗ No,budget_exceeded
2,368,350,02-10,+25.0%,+82.61%,0.9130,25,✗ No,budget_exceeded
2,368,368,02-10,+25.0%,+75.08%,0.8754,44,✗ No,budget_exceeded
2,386,261,02-10,+25.0%,+97.72%,0.9886,1,✗ No,budget_exceeded
2,386,279,02-10,+25.0%,+97.72%,0.9886,1,✗ No,budget_exceeded
2,386,297,02-10,+25.0%,+96.77%,0.9839,2,✗ No,budget_exceeded
2,386,315,02-10,+25.0%,+80.80%,0.9040,13,✗ No,budget_exceeded
2,386,332,02-10,+25.0%,+63.68%,0.8184,23,✗ No,budget_exceeded
2,386,350,02-10,+25.0%,+51.51%,0.7576,26,✗ No,budget_exceeded
2,386,368,02-10,+23.0%,+5.05%,0.5253,31,✓ Yes,completed
2,386,386,02-10,+14.7%,+2.88%,0.5144,59,✓ Yes,completed
2,404,261,02-10,+25.0%,+93.95%,0.9697,1,✗ No,budget_exceeded
2,404,279,02-10,+25.0%,+93.95%,0.9697,1,✗ No,budget_exceeded
2,404,297,02-10,+25.0%,+79.28%,0.8964,3,✗ No,budget_exceeded
2,404,315,02-10,+14.2%,+2.30%,0.5115,9,✓ Yes,completed
2,404,332,02-10,+9.0%,+1.59%,0.5080,10,✓ Yes,completed
2,404,350,02-10,+8.2%,+1.60%,0.5080,10,✓ Yes,completed
2,404,368,02-10,+7.5%,+1.35%,0.5068,10,✓ Yes,completed
2,404,386,02-10,+6.0%,+1.13%,0.5057,10,✓ Yes,completed
2,404,404,02-10,+1.8%,+0.19%,0.5010,18,✓ Yes,completed
2,421,261,02-10,+3.0%,+0.10%,0.5005,1,✓ Yes,completed
2,421,279,02-10,+1.0%,+0.15%,0.5007,1,✓ Yes,completed
2,421,297,02-10,+0.9%,+0.17%,0.5009,1,✓ Yes,completed
2,421,315,02-10,+0.8%,+0.19%,0.5009,1,✓ Yes,completed
2,421,332,02-10,+0.8%,+0.19%,0.5009,1,✓ Yes,completed
2,421,350,02-10,+0.8%,+0.19%,0.5009,1,✓ Yes,completed
2,421,368,02-10,+0.7%,+0.18%,0.5009,1,✓ Yes,completed
2,421,386,02-10,+0.7%,+0.17%,0.5009,1,✓ Yes,completed
2,421,404,02-10,+0.2%,+0.03%,0.5001,1,✓ Yes,completed
2,421,421,02-10,+0.2%,+0.01%,0.5001,1,✓ Yes,completed
2,261,261,02-21,+25.0%,+97.66%,0.9883,2,✗ No,budget_exceeded
2,261,261,02-21,+25.0%,+97.66%,0.9883,2,✗ No,budget_exceeded
2,279,261,02-21,+25.0%,+97.56%,0.9878,2,✗ No,budget_exceeded
2,279,279,02-21,+25.0%,+96.95%,0.9847,7,✗ No,budget_exceeded
2,297,261,02-21,+25.0%,+97.52%,0.9876,2,✗ No,budget_exceeded
2,297,297,02-21,+25.0%,+95.57%,0.9778,8,✗ No,budget_exceeded
2,315,261,02-21,+25.0%,+97.45%,0.9873,2,✗ No,budget_exceeded
2,315,288,02-21,+25.0%,+96.03%,0.9802,5,✗ No,budget_exceeded
2,315,315,02-21,+25.0%,+91.75%,0.9588,18,✗ No,budget_exceeded
2,332,261,02-21,+25.0%,+97.45%,0.9873,2,✗ No,budget_exceeded
2,332,285,02-21,+25.0%,+96.04%,0.9802,5,✗ No,budget_exceeded
2,332,309,02-21,+25.0%,+91.72%,0.9586,15,✗ No,budget_exceeded
2,332,332,02-21,+25.0%,+88.10%,0.9405,22,✗ No,budget_exceeded
2,350,261,02-21,+25.0%,+97.37%,0.9868,2,✗ No,budget_exceeded
2,350,279,02-21,+25.0%,+95.70%,0.9785,5,✗ No,budget_exceeded
2,350,297,02-21,+25.0%,+93.73%,0.9687,9,✗ No,budget_exceeded
2,350,315,02-21,+25.0%,+86.61%,0.9331,20,✗ No,budget_exceeded
2,350,332,02-21,+25.0%,+84.17%,0.9209,22,✗ No,budget_exceeded
2,350,350,02-21,+25.0%,+75.57%,0.8779,36,✗ No,budget_exceeded
2,368,261,02-21,+25.0%,+97.37%,0.9868,2,✗ No,budget_exceeded
2,368,279,02-21,+25.0%,+95.45%,0.9772,5,✗ No,budget_exceeded
2,368,297,02-21,+25.0%,+93.05%,0.9653,9,✗ No,budget_exceeded
2,368,315,02-21,+25.0%,+82.68%,0.9134,20,✗ No,budget_exceeded
2,368,332,02-21,+25.0%,+75.16%,0.8758,23,✗ No,budget_exceeded
2,368,350,02-21,+25.0%,+69.52%,0.8476,28,✗ No,budget_exceeded
2,368,368,02-21,+23.3%,+5.90%,0.5295,69,✓ Yes,completed
2,386,261,02-21,+25.0%,+95.92%,0.9796,2,✗ No,budget_exceeded
2,386,279,02-21,+25.0%,+76.25%,0.8812,6,✗ No,budget_exceeded
2,386,297,02-21,+25.0%,+61.45%,0.8072,13,✗ No,budget_exceeded
2,386,315,02-21,+21.5%,+5.04%,0.5252,19,✓ Yes,completed
2,386,332,02-21,+19.5%,+4.95%,0.5248,20,✓ Yes,completed
2,386,350,02-21,+17.1%,+4.62%,0.5231,20,✓ Yes,completed
2,386,368,02-21,+13.4%,+3.67%,0.5183,20,✓ Yes,completed
2,386,386,02-21,+8.5%,+2.66%,0.5133,39,✓ Yes,completed
2,404,261,02-21,+25.0%,+95.14%,0.9757,2,✗ No,budget_exceeded
2,404,279,02-21,+21.0%,+4.22%,0.5211,4,✓ Yes,completed
2,404,297,02-21,+10.9%,+2.55%,0.5128,5,✓ Yes,completed
2,404,315,02-21,+6.4%,+2.01%,0.5100,6,✓ Yes,completed
2,404,332,02-21,+5.8%,+1.86%,0.5093,6,✓ Yes,completed
2,404,350,02-21,+5.5%,+1.83%,0.5092,6,✓ Yes,completed
2,404,368,02-21,+4.9%,+1.76%,0.5088,6,✓ Yes,completed
2,404,386,02-21,+4.1%,+1.52%,0.5076,6,✓ Yes,completed
2,404,404,02-21,+1.3%,+0.54%,0.5027,11,✓ Yes,completed
2,421,261,02-21,+3.0%,+0.79%,0.5039,1,✓ Yes,completed
2,421,279,02-21,+1.0%,+0.40%,0.5020,1,✓ Yes,completed
2,421,297,02-21,+0.9%,+0.40%,0.5020,1,✓ Yes,completed
2,421,315,02-21,+0.8%,+0.39%,0.5020,1,✓ Yes,completed
2,421,332,02-21,+0.8%,+0.38%,0.5019,1,✓ Yes,completed
2,421,350,02-21,+0.8%,+0.37%,0.5019,1,✓ Yes,completed
2,421,368,02-21,+0.7%,+0.36%,0.5018,1,✓ Yes,completed
2,421,386,02-21,+0.7%,+0.34%,0.5017,1,✓ Yes,completed
2,421,404,02-21,+0.2%,+0.08%,0.5004,1,✓ Yes,completed
2,421,421,02-21,+0.2%,+0.05%,0.5003,1,✓ Yes,completed
2,261,261,03-04,+25.0%,+96.39%,0.9820,7,✗ No,budget_exceeded
2,261,261,03-04,+25.0%,+96.39%,0.9820,7,✗ No,budget_exceeded
2,279,261,03-04,+25.0%,+95.95%,0.9798,7,✗ No,budget_exceeded
2,279,279,03-04,+25.0%,+93.88%,0.9694,15,✗ No,budget_exceeded
2,297,261,03-04,+25.0%,+95.75%,0.9788,7,✗ No,budget_exceeded
2,297,297,03-04,+25.0%,+90.68%,0.9534,18,✗ No,budget_exceeded
2,315,261,03-04,+25.0%,+95.40%,0.9770,7,✗ No,budget_exceeded
2,315,288,03-04,+25.0%,+90.57%,0.9529,17,✗ No,budget_exceeded
2,315,315,03-04,+25.0%,+86.95%,0.9348,22,✗ No,budget_exceeded
2,332,261,03-04,+25.0%,+95.20%,0.9760,7,✗ No,budget_exceeded
2,332,285,03-04,+25.0%,+90.32%,0.9516,17,✗ No,budget_exceeded
2,332,309,03-04,+25.0%,+86.79%,0.9340,21,✗ No,budget_exceeded
2,332,332,03-04,+25.0%,+83.32%,0.9166,27,✗ No,budget_exceeded
2,350,261,03-04,+25.0%,+92.95%,0.9648,8,✗ No,budget_exceeded
2,350,279,03-04,+25.0%,+88.01%,0.9400,17,✗ No,budget_exceeded
2,350,297,03-04,+25.0%,+84.28%,0.9214,21,✗ No,budget_exceeded
2,350,315,03-04,+25.0%,+80.76%,0.9038,24,✗ No,budget_exceeded
2,350,332,03-04,+25.0%,+77.10%,0.8855,27,✗ No,budget_exceeded
2,350,350,03-04,+25.0%,+63.85%,0.8193,58,✗ No,budget_exceeded
2,368,261,03-04,+25.0%,+89.48%,0.9474,6,✗ No,budget_exceeded
2,368,279,03-04,+25.0%,+78.63%,0.8931,17,✗ No,budget_exceeded
2,368,297,03-04,+25.0%,+74.93%,0.8746,21,✗ No,budget_exceeded
2,368,315,03-04,+25.0%,+62.26%,0.8113,25,✗ No,budget_exceeded
2,368,332,03-04,+23.6%,+5.93%,0.5297,25,✓ Yes,completed
2,368,350,03-04,+19.9%,+5.33%,0.5266,26,✓ Yes,completed
2,368,368,03-04,+14.6%,+4.09%,0.5204,49,✓ Yes,completed
2,386,261,03-04,+25.0%,+73.63%,0.8682,7,✗ No,budget_exceeded
2,386,279,03-04,+16.3%,+3.64%,0.5182,12,✓ Yes,completed
2,386,297,03-04,+14.8%,+3.59%,0.5180,13,✓ Yes,completed
2,386,315,03-04,+13.3%,+3.52%,0.5176,14,✓ Yes,completed
2,386,332,03-04,+12.4%,+3.44%,0.5172,14,✓ Yes,completed
2,386,350,03-04,+10.6%,+3.16%,0.5158,14,✓ Yes,completed
2,386,368,03-04,+8.4%,+2.83%,0.5141,14,✓ Yes,completed
2,386,386,03-04,+5.8%,+1.85%,0.5093,26,✓ Yes,completed
2,404,261,03-04,+11.0%,+2.31%,0.5115,3,✓ Yes,completed
2,404,279,03-04,+5.2%,+1.38%,0.5069,3,✓ Yes,completed
2,404,297,03-04,+4.9%,+1.41%,0.5070,3,✓ Yes,completed
2,404,315,03-04,+3.9%,+1.15%,0.5057,4,✓ Yes,completed
2,404,332,03-04,+3.6%,+1.11%,0.5056,4,✓ Yes,completed
2,404,350,03-04,+3.5%,+1.10%,0.5055,4,✓ Yes,completed
2,404,368,03-04,+3.3%,+1.06%,0.5053,4,✓ Yes,completed
2,404,386,03-04,+3.2%,+1.03%,0.5052,4,✓ Yes,completed
2,404,404,03-04,+1.0%,+0.37%,0.5019,9,✓ Yes,completed
2,421,261,03-04,+3.0%,+0.57%,0.5028,1,✓ Yes,completed
2,421,279,03-04,+1.0%,+0.31%,0.5016,1,✓ Yes,completed
2,421,297,03-04,+0.9%,+0.32%,0.5016,1,✓ Yes,completed
2,421,315,03-04,+0.8%,+0.33%,0.5016,1,✓ Yes,completed
2,421,332,03-04,+0.8%,+0.32%,0.5016,1,✓ Yes,completed
2,421,350,03-04,+0.8%,+0.32%,0.5016,1,✓ Yes,completed
2,421,368,03-04,+0.7%,+0.31%,0.5015,1,✓ Yes,completed
2,421,386,03-04,+0.7%,+0.29%,0.5015,1,✓ Yes,completed
2,421,404,03-04,+0.2%,+0.08%,0.5004,1,✓ Yes,completed
2,421,421,03-04,+0.2%,+0.05%,0.5002,1,✓ Yes,completed
2,261,261,03-15,+25.0%,+95.83%,0.9791,11,✗ No,budget_exceeded
2,261,261,03-15,+25.0%,+95.83%,0.9791,11,✗ No,budget_exceeded
2,279,261,03-15,+25.0%,+94.91%,0.9746,11,✗ No,budget_exceeded
2,279,279,03-15,+25.0%,+91.53%,0.9577,23,✗ No,budget_exceeded
2,297,261,03-15,+25.0%,+93.88%,0.9694,12,✗ No,budget_exceeded
2,297,297,03-15,+25.0%,+86.24%,0.9312,31,✗ No,budget_exceeded
2,315,261,03-15,+25.0%,+93.45%,0.9673,12,✗ No,budget_exceeded
2,315,288,03-15,+25.0%,+84.99%,0.9249,22,✗ No,budget_exceeded
2,315,315,03-15,+25.0%,+81.14%,0.9057,36,✗ No,budget_exceeded
2,332,261,03-15,+25.0%,+92.54%,0.9627,12,✗ No,budget_exceeded
2,332,285,03-15,+25.0%,+83.06%,0.9153,22,✗ No,budget_exceeded
2,332,309,03-15,+25.0%,+77.45%,0.8873,27,✗ No,budget_exceeded
2,332,332,03-15,+23.4%,+6.14%,0.5307,65,✓ Yes,completed
2,350,261,03-15,+25.0%,+84.09%,0.9205,14,✗ No,budget_exceeded
2,350,279,03-15,+25.0%,+52.50%,0.7625,23,✗ No,budget_exceeded
2,350,297,03-15,+23.5%,+5.96%,0.5298,23,✓ Yes,completed
2,350,315,03-15,+21.0%,+5.82%,0.5291,23,✓ Yes,completed
2,350,332,03-15,+18.6%,+5.29%,0.5265,24,✓ Yes,completed
2,350,350,03-15,+16.1%,+4.75%,0.5238,52,✓ Yes,completed
2,368,261,03-15,+19.9%,+4.50%,0.5225,11,✓ Yes,completed
2,368,279,03-15,+16.5%,+4.39%,0.5220,15,✓ Yes,completed
2,368,297,03-15,+15.4%,+4.39%,0.5220,15,✓ Yes,completed
2,368,315,03-15,+14.1%,+4.18%,0.5209,15,✓ Yes,completed
2,368,332,03-15,+13.2%,+3.97%,0.5199,15,✓ Yes,completed
2,368,350,03-15,+11.2%,+3.39%,0.5170,16,✓ Yes,completed
2,368,368,03-15,+8.0%,+2.52%,0.5126,33,✓ Yes,completed
2,386,261,03-15,+13.8%,+3.22%,0.5161,6,✓ Yes,completed
2,386,279,03-15,+8.4%,+2.26%,0.5113,8,✓ Yes,completed
2,386,297,03-15,+7.8%,+2.16%,0.5108,8,✓ Yes,completed
2,386,315,03-15,+7.2%,+2.07%,0.5104,8,✓ Yes,completed
2,386,332,03-15,+6.7%,+2.03%,0.5101,8,✓ Yes,completed
2,386,350,03-15,+5.8%,+1.73%,0.5086,8,✓ Yes,completed
2,386,368,03-15,+4.3%,+1.32%,0.5066,8,✓ Yes,completed
2,386,386,03-15,+2.3%,+0.68%,0.5034,18,✓ Yes,completed
2,404,261,03-15,+3.3%,+0.68%,0.5034,1,✓ Yes,completed
2,404,279,03-15,+1.3%,+0.38%,0.5019,1,✓ Yes,completed
2,404,297,03-15,+1.2%,+0.40%,0.5020,1,✓ Yes,completed
2,404,315,03-15,+1.2%,+0.41%,0.5020,1,✓ Yes,completed
2,404,332,03-15,+1.1%,+0.41%,0.5021,1,✓ Yes,completed
2,404,350,03-15,+1.1%,+0.41%,0.5021,1,✓ Yes,completed
2,404,368,03-15,+1.0%,+0.41%,0.5021,1,✓ Yes,completed
2,404,386,03-15,+1.0%,+0.41%,0.5021,1,✓ Yes,completed
2,404,404,03-15,+0.4%,+0.16%,0.5008,2,✓ Yes,completed
2,421,261,03-15,+0.0%,+0.00%,0.5000,0,✓ Yes,completed
2,421,279,03-15,+0.0%,+0.00%,0.5000,0,✓ Yes,completed
2,421,297,03-15,+0.0%,+0.00%,0.5000,0,✓ Yes,completed
2,421,315,03-15,+0.0%,+0.00%,0.5000,0,✓ Yes,completed
2,421,332,03-15,+0.0%,+0.00%,0.5000,0,✓ Yes,completed
2,421,350,03-15,+0.0%,+0.00%,0.5000,0,✓ Yes,completed
2,421,368,03-15,+0.0%,+0.00%,0.5000,0,✓ Yes,completed
2,421,386,03-15,+0.0%,+0.00%,0.5000,0,✓ Yes,completed
2,421,404,03-15,+0.0%,+0.00%,0.5000,0,✓ Yes,completed
2,421,421,03-15,+0.0%,+0.00%,0.5000,0,✓ Yes,completed
2,261,261,03-26,+25.0%,+90.91%,0.9546,20,✗ No,budget_exceeded
2,261,261,03-26,+25.0%,+90.91%,0.9546,20,✗ No,budget_exceeded
2,279,261,03-26,+25.0%,+90.03%,0.9502,18,✗ No,budget_exceeded
2,279,279,03-26,+25.0%,+87.06%,0.9353,26,✗ No,budget_exceeded
2,297,261,03-26,+25.0%,+88.57%,0.9429,19,✗ No,budget_exceeded
2,297,297,03-26,+25.0%,+74.51%,0.8725,42,✗ No,budget_exceeded
2,315,261,03-26,+25.0%,+86.32%,0.9316,20,✗ No,budget_exceeded
2,315,288,03-26,+25.0%,+71.63%,0.8582,29,✗ No,budget_exceeded
2,315,315,03-26,+22.6%,+5.03%,0.5252,82,✓ Yes,completed
2,332,261,03-26,+24.5%,+4.69%,0.5235,21,✓ Yes,completed
2,332,285,03-26,+21.0%,+4.87%,0.5244,22,✓ Yes,completed
2,332,309,03-26,+17.0%,+4.17%,0.5209,24,✓ Yes,completed
2,332,332,03-26,+11.5%,+3.09%,0.5155,51,✓ Yes,completed
2,350,261,03-26,+13.8%,+3.14%,0.5157,11,✓ Yes,completed
2,350,279,03-26,+12.1%,+3.07%,0.5154,12,✓ Yes,completed
2,350,297,03-26,+11.3%,+2.97%,0.5148,12,✓ Yes,completed
2,350,315,03-26,+9.8%,+2.87%,0.5144,12,✓ Yes,completed
2,350,332,03-26,+8.0%,+2.65%,0.5132,13,✓ Yes,completed
2,350,350,03-26,+6.7%,+2.25%,0.5113,33,✓ Yes,completed
2,368,261,03-26,+8.9%,+2.17%,0.5109,7,✓ Yes,completed
2,368,279,03-26,+7.4%,+2.17%,0.5109,8,✓ Yes,completed
2,368,297,03-26,+6.9%,+2.18%,0.5109,8,✓ Yes,completed
2,368,315,03-26,+6.0%,+1.98%,0.5099,8,✓ Yes,completed
2,368,332,03-26,+5.5%,+1.82%,0.5091,8,✓ Yes,completed
2,368,350,03-26,+4.3%,+1.41%,0.5071,9,✓ Yes,completed
2,368,368,03-26,+2.5%,+0.81%,0.5040,19,✓ Yes,completed
2,386,261,03-26,+4.8%,+1.30%,0.5065,3,✓ Yes,completed
2,386,279,03-26,+2.9%,+0.78%,0.5039,3,✓ Yes,completed
2,386,297,03-26,+2.7%,+0.80%,0.5040,3,✓ Yes,completed
2,386,315,03-26,+2.5%,+0.77%,0.5039,3,✓ Yes,completed
2,386,332,03-26,+2.3%,+0.71%,0.5036,3,✓ Yes,completed
2,386,350,03-26,+1.9%,+0.59%,0.5030,3,✓ Yes,completed
2,386,368,03-26,+1.2%,+0.49%,0.5025,3,✓ Yes,completed
2,386,386,03-26,+0.7%,+0.31%,0.5016,11,✓ Yes,completed
2,404,261,03-26,+0.0%,+0.00%,0.5000,0,✓ Yes,completed
2,404,279,03-26,+0.0%,+0.00%,0.5000,0,✓ Yes,completed
2,404,297,03-26,+0.0%,+0.00%,0.5000,0,✓ Yes,completed
2,404,315,03-26,+0.0%,+0.00%,0.5000,0,✓ Yes,completed
2,404,332,03-26,+0.0%,+0.00%,0.5000,0,✓ Yes,completed
2,404,350,03-26,+0.0%,+0.00%,0.5000,0,✓ Yes,completed
2,404,368,03-26,+0.0%,+0.00%,0.5000,0,✓ Yes,completed
2,404,386,03-26,+0.0%,+0.00%,0.5000,0,✓ Yes,completed
2,404,404,03-26,+0.0%,+0.00%,0.5000,0,✓ Yes,completed
2,421,261,03-26,+0.0%,+0.00%,0.5000,0,✓ Yes,completed
2,421,279,03-26,+0.0%,+0.00%,0.5000,0,✓ Yes,completed
2,421,297,03-26,+0.0%,+0.00%,0.5000,0,✓ Yes,completed
2,421,315,03-26,+0.0%,+0.00%,0.5000,0,✓ Yes,completed
2,421,332,03-26,+0.0%,+0.00%,0.5000,0,✓ Yes,completed
2,421,350,03-26,+0.0%,+0.00%,0.5000,0,✓ Yes,completed
2,421,368,03-26,+0.0%,+0.00%,0.5000,0,✓ Yes,completed
2,421,386,03-26,+0.0%,+0.00%,0.5000,0,✓ Yes,completed
2,421,404,03-26,+0.0%,+0.00%,0.5000,0,✓ Yes,completed
2,421,421,03-26,+0.0%,+0.00%,0.5000,0,✓ Yes,completed
2,261,261,04-06,+25.0%,+84.88%,0.9244,24,✗ No,budget_exceeded
2,261,261,04-06,+25.0%,+84.88%,0.9244,24,✗ No,budget_exceeded
2,279,261,04-06,+25.0%,+82.72%,0.9136,23,✗ No,budget_exceeded
2,279,279,04-06,+25.0%,+75.95%,0.8798,38,✗ No,budget_exceeded
2,297,261,04-06,+25.0%,+78.71%,0.8935,25,✗ No,budget_exceeded
2,297,297,04-06,+25.0%,+26.41%,0.6321,60,✗ No,budget_exceeded
2,315,261,04-06,+25.0%,+69.02%,0.8451,26,✗ No,budget_exceeded
2,315,288,04-06,+25.0%,+12.46%,0.5623,40,✗ No,budget_exceeded
2,315,315,04-06,+14.8%,+1.32%,0.5066,73,✓ Yes,completed
2,332,261,04-06,+11.2%,+1.03%,0.5052,12,✓ Yes,completed
2,332,285,04-06,+9.8%,+1.25%,0.5062,12,✓ Yes,completed
2,332,309,04-06,+7.3%,+1.10%,0.5055,12,✓ Yes,completed
2,332,332,04-06,+3.4%,+0.53%,0.5026,23,✓ Yes,completed
2,350,261,04-06,+3.4%,+0.36%,0.5018,4,✓ Yes,completed
2,350,279,04-06,+3.0%,+0.44%,0.5022,4,✓ Yes,completed
2,350,297,04-06,+2.8%,+0.47%,0.5024,4,✓ Yes,completed
2,350,315,04-06,+2.2%,+0.38%,0.5019,4,✓ Yes,completed
2,350,332,04-06,+1.1%,+0.30%,0.5015,4,✓ Yes,completed
2,350,350,04-06,+0.5%,+0.15%,0.5008,11,✓ Yes,completed
2,368,261,04-06,+0.0%,+0.00%,0.5000,0,✓ Yes,completed
2,368,279,04-06,+0.0%,+0.00%,0.5000,0,✓ Yes,completed
2,368,297,04-06,+0.0%,+0.00%,0.5000,0,✓ Yes,completed
2,368,315,04-06,+0.0%,+0.00%,0.5000,0,✓ Yes,completed
2,368,332,04-06,+0.0%,+0.00%,0.5000,0,✓ Yes,completed
2,368,350,04-06,+0.0%,+0.00%,0.5000,0,✓ Yes,completed
2,368,368,04-06,+0.0%,+0.00%,0.5000,0,✓ Yes,completed
2,386,261,04-06,+0.0%,+0.00%,0.5000,0,✓ Yes,completed
2,386,279,04-06,+0.0%,+0.00%,0.5000,0,✓ Yes,completed
2,386,297,04-06,+0.0%,+0.00%,0.5000,0,✓ Yes,completed
2,386,315,04-06,+0.0%,+0.00%,0.5000,0,✓ Yes,completed
2,386,332,04-06,+0.0%,+0.00%,0.5000,0,✓ Yes,completed
2,386,350,04-06,+0.0%,+0.00%,0.5000,0,✓ Yes,completed
2,386,368,04-06,+0.0%,+0.00%,0.5000,0,✓ Yes,completed
2,386,386,04-06,+0.0%,+0.00%,0.5000,0,✓ Yes,completed
2,404,261,04-06,+0.0%,+0.00%,0.5000,0,✓ Yes,completed
2,404,279,04-06,+0.0%,+0.00%,0.5000,0,✓ Yes,completed
2,404,297,04-06,+0.0%,+0.00%,0.5000,0,✓ Yes,completed
2,404,315,04-06,+0.0%,+0.00%,0.5000,0,✓ Yes,completed
2,404,332,04-06,+0.0%,+0.00%,0.5000,0,✓ Yes,completed
2,404,350,04-06,+0.0%,+0.00%,0.5000,0,✓ Yes,completed
2,404,368,04-06,+0.0%,+0.00%,0.5000,0,✓ Yes,completed
2,404,386,04-06,+0.0%,+0.00%,0.5000,0,✓ Yes,completed
2,404,404,04-06,+0.0%,+0.00%,0.5000,0,✓ Yes,completed
2,421,261,04-06,+0.0%,+0.00%,0.5000,0,✓ Yes,completed
2,421,279,04-06,+0.0%,+0.00%,0.5000,0,✓ Yes,completed
2,421,297,04-06,+0.0%,+0.00%,0.5000,0,✓ Yes,completed
2,421,315,04-06,+0.0%,+0.00%,0.5000,0,✓ Yes,completed
2,421,332,04-06,+0.0%,+0.00%,0.5000,0,✓ Yes,completed
2,421,350,04-06,+0.0%,+0.00%,0.5000,0,✓ Yes,completed
2,421,368,04-06,+0.0%,+0.00%,0.5000,0,✓ Yes,completed
2,421,386,04-06,+0.0%,+0.00%,0.5000,0,✓ Yes,completed
2,421,404,04-06,+0.0%,+0.00%,0.5000,0,✓ Yes,completed
2,421,421,04-06,+0.0%,+0.00%,0.5000,0,✓ Yes,completed
2,261,261,04-15,+25.0%,+83.08%,0.9154,25,✗ No,budget_exceeded
2,261,261,04-15,+25.0%,+83.08%,0.9154,25,✗ No,budget_exceeded
2,279,261,04-15,+25.0%,+79.63%,0.8981,26,✗ No,budget_exceeded
2,279,279,04-15,+25.0%,+65.29%,0.8265,61,✗ No,budget_exceeded
2,297,261,04-15,+25.0%,+61.21%,0.8060,29,✗ No,budget_exceeded
2,297,297,04-15,+25.0%,+15.47%,0.5774,68,✗ No,budget_exceeded
2,315,261,04-15,+25.0%,+29.61%,0.6481,29,✗ No,budget_exceeded
2,315,288,04-15,+24.5%,+1.63%,0.5081,41,✓ Yes,completed
2,315,315,04-15,+9.4%,+1.35%,0.5067,56,✓ Yes,completed
2,332,261,04-15,+6.3%,+0.97%,0.5048,7,✓ Yes,completed
2,332,285,04-15,+5.4%,+0.81%,0.5041,7,✓ Yes,completed
2,332,309,04-15,+4.1%,+0.66%,0.5033,7,✓ Yes,completed
2,332,332,04-15,+1.7%,+0.29%,0.5014,13,✓ Yes,completed
2,350,261,04-15,+1.6%,+0.23%,0.5011,2,✓ Yes,completed
2,350,279,04-15,+1.4%,+0.24%,0.5012,2,✓ Yes,completed
2,350,297,04-15,+1.4%,+0.24%,0.5012,2,✓ Yes,completed
2,350,315,04-15,+1.2%,+0.27%,0.5013,2,✓ Yes,completed
2,350,332,04-15,+0.5%,+0.15%,0.5007,2,✓ Yes,completed
2,350,350,04-15,+0.2%,+0.03%,0.5002,3,✓ Yes,completed
2,368,261,04-15,+0.0%,+0.00%,0.5000,0,✓ Yes,completed
2,368,279,04-15,+0.0%,+0.00%,0.5000,0,✓ Yes,completed
2,368,297,04-15,+0.0%,+0.00%,0.5000,0,✓ Yes,completed
2,368,315,04-15,+0.0%,+0.00%,0.5000,0,✓ Yes,completed
2,368,332,04-15,+0.0%,+0.00%,0.5000,0,✓ Yes,completed
2,368,350,04-15,+0.0%,+0.00%,0.5000,0,✓ Yes,completed
2,368,368,04-15,+0.0%,+0.00%,0.5000,0,✓ Yes,completed
2,386,261,04-15,+0.0%,+0.00%,0.5000,0,✓ Yes,completed
2,386,279,04-15,+0.0%,+0.00%,0.5000,0,✓ Yes,completed
2,386,297,04-15,+0.0%,+0.00%,0.5000,0,✓ Yes,completed
2,386,315,04-15,+0.0%,+0.00%,0.5000,0,✓ Yes,completed
2,386,332,04-15,+0.0%,+0.00%,0.5000,0,✓ Yes,completed
2,386,350,04-15,+0.0%,+0.00%,0.5000,0,✓ Yes,completed
2,386,368,04-15,+0.0%,+0.00%,0.5000,0,✓ Yes,completed
2,386,386,04-15,+0.0%,+0.00%,0.5000,0,✓ Yes,completed
2,404,261,04-15,+0.0%,+0.00%,0.5000,0,✓ Yes,completed
2,404,279,04-15,+0.0%,+0.00%,0.5000,0,✓ Yes,completed
2,404,297,04-15,+0.0%,+0.00%,0.5000,0,✓ Yes,completed
2,404,315,04-15,+0.0%,+0.00%,0.5000,0,✓ Yes,completed
2,404,332,04-15,+0.0%,+0.00%,0.5000,0,✓ Yes,completed
2,404,350,04-15,+0.0%,+0.00%,0.5000,0,✓ Yes,completed
2,404,368,04-15,+0.0%,+0.00%,0.5000,0,✓ Yes,completed
2,404,386,04-15,+0.0%,+0.00%,0.5000,0,✓ Yes,completed
2,404,404,04-15,+0.0%,+0.00%,0.5000,0,✓ Yes,completed
2,421,261,04-15,+0.0%,+0.00%,0.5000,0,✓ Yes,completed
2,421,279,04-15,+0.0%,+0.00%,0.5000,0,✓ Yes,completed
2,421,297,04-15,+0.0%,+0.00%,0.5000,0,✓ Yes,completed
2,421,315,04-15,+0.0%,+0.00%,0.5000,0,✓ Yes,completed
2,421,332,04-15,+0.0%,+0.00%,0.5000,0,✓ Yes,completed
2,421,350,04-15,+0.0%,+0.00%,0.5000,0,✓ Yes,completed
2,421,368,04-15,+0.0%,+0.00%,0.5000,0,✓ Yes,completed
2,421,386,04-15,+0.0%,+0.00%,0.5000,0,✓ Yes,completed
2,421,404,04-15,+0.0%,+0.00%,0.5000,0,✓ Yes,completed
2,421,421,04-15,+0.0%,+0.00%,0.5000,0,✓ Yes,completed
3,296,296,03-01,+25.0%,+91.77%,0.9588,16,✗ No,budget_exceeded
3,296,296,03-01,+25.0%,+91.77%,0.9588,16,✗ No,budget_exceeded
3,304,296,03-01,+25.0%,+90.85%,0.9542,17,✗ No,budget_exceeded
3,304,304,03-01,+25.0%,+90.22%,0.9511,18,✗ No,budget_exceeded
3,312,296,03-01,+25.0%,+90.48%,0.9524,17,✗ No,budget_exceeded
3,312,312,03-01,+25.0%,+88.46%,0.9423,19,✗ No,budget_exceeded
3,320,296,03-01,+25.0%,+90.20%,0.9510,17,✗ No,budget_exceeded
3,320,308,03-01,+25.0%,+88.55%,0.9428,19,✗ No,budget_exceeded
3,320,320,03-01,+25.0%,+86.64%,0.9332,22,✗ No,budget_exceeded
3,328,296,03-01,+25.0%,+89.94%,0.9497,17,✗ No,budget_exceeded
3,328,307,03-01,+25.0%,+88.28%,0.9414,19,✗ No,budget_exceeded
3,328,318,03-01,+25.0%,+86.32%,0.9316,21,✗ No,budget_exceeded
3,328,328,03-01,+25.0%,+85.13%,0.9257,22,✗ No,budget_exceeded
3,336,296,03-01,+25.0%,+88.75%,0.9437,18,✗ No,budget_exceeded
3,336,304,03-01,+25.0%,+87.94%,0.9397,19,✗ No,budget_exceeded
3,336,312,03-01,+25.0%,+86.59%,0.9329,20,✗ No,budget_exceeded
3,336,320,03-01,+25.0%,+84.87%,0.9243,22,✗ No,budget_exceeded
3,336,328,03-01,+25.0%,+84.38%,0.9219,22,✗ No,budget_exceeded
3,336,336,03-01,+25.0%,+82.89%,0.9145,28,✗ No,budget_exceeded
3,344,296,03-01,+25.0%,+87.86%,0.9393,18,✗ No,budget_exceeded
3,344,304,03-01,+25.0%,+86.50%,0.9325,20,✗ No,budget_exceeded
3,344,312,03-01,+25.0%,+85.13%,0.9256,21,✗ No,budget_exceeded
3,344,320,03-01,+25.0%,+83.22%,0.9161,23,✗ No,budget_exceeded
3,344,328,03-01,+25.0%,+82.68%,0.9134,23,✗ No,budget_exceeded
3,344,336,03-01,+25.0%,+80.75%,0.9038,27,✗ No,budget_exceeded
3,344,344,03-01,+25.0%,+77.51%,0.8876,40,✗ No,budget_exceeded
3,352,296,03-01,+25.0%,+85.74%,0.9287,19,✗ No,budget_exceeded
3,352,304,03-01,+25.0%,+84.36%,0.9218,21,✗ No,budget_exceeded
3,352,312,03-01,+25.0%,+82.91%,0.9145,22,✗ No,budget_exceeded
3,352,320,03-01,+25.0%,+80.55%,0.9027,24,✗ No,budget_exceeded
3,352,328,03-01,+25.0%,+79.31%,0.8966,25,✗ No,budget_exceeded
3,352,336,03-01,+25.0%,+77.29%,0.8864,29,✗ No,budget_exceeded
3,352,344,03-01,+25.0%,+73.26%,0.8663,36,✗ No,budget_exceeded
3,352,352,03-01,+25.0%,+69.54%,0.8477,59,✗ No,budget_exceeded
3,360,296,03-01,+25.0%,+80.35%,0.9018,19,✗ No,budget_exceeded
3,360,304,03-01,+25.0%,+78.60%,0.8930,21,✗ No,budget_exceeded
3,360,312,03-01,+25.0%,+77.17%,0.8859,22,✗ No,budget_exceeded
3,360,320,03-01,+25.0%,+75.51%,0.8775,24,✗ No,budget_exceeded
3,360,328,03-01,+25.0%,+73.73%,0.8686,25,✗ No,budget_exceeded
3,360,336,03-01,+25.0%,+71.22%,0.8561,26,✗ No,budget_exceeded
3,360,344,03-01,+25.0%,+69.04%,0.8452,29,✗ No,budget_exceeded
3,360,352,03-01,+25.0%,+57.14%,0.7857,45,✗ No,budget_exceeded
3,360,360,03-01,+21.9%,+5.62%,0.5281,68,✓ Yes,completed
3,368,296,03-01,+25.0%,+76.81%,0.8840,19,✗ No,budget_exceeded
3,368,304,03-01,+25.0%,+73.17%,0.8658,21,✗ No,budget_exceeded
3,368,312,03-01,+25.0%,+71.50%,0.8575,22,✗ No,budget_exceeded
3,368,320,03-01,+25.0%,+69.72%,0.8486,24,✗ No,budget_exceeded
3,368,328,03-01,+25.0%,+69.09%,0.8455,24,✗ No,budget_exceeded
3,368,336,03-01,+25.0%,+57.27%,0.7864,27,✗ No,budget_exceeded
3,368,344,03-01,+24.3%,+6.14%,0.5307,27,✓ Yes,completed
3,368,352,03-01,+21.9%,+5.68%,0.5284,29,✓ Yes,completed
3,368,360,03-01,+18.7%,+5.04%,0.5252,36,✓ Yes,completed
3,368,368,03-01,+16.4%,+4.51%,0.5225,52,✓ Yes,completed
3,296,296,03-06,+25.0%,+90.29%,0.9514,18,✗ No,budget_exceeded
3,296,296,03-06,+25.0%,+90.29%,0.9514,18,✗ No,budget_exceeded
3,304,296,03-06,+25.0%,+89.73%,0.9486,18,✗ No,budget_exceeded
3,304,304,03-06,+25.0%,+88.65%,0.9432,20,✗ No,budget_exceeded
3,312,296,03-06,+25.0%,+88.89%,0.9445,19,✗ No,budget_exceeded
3,312,312,03-06,+25.0%,+86.92%,0.9346,21,✗ No,budget_exceeded
3,320,296,03-06,+25.0%,+88.59%,0.9429,19,✗ No,budget_exceeded
3,320,308,03-06,+25.0%,+86.98%,0.9349,21,✗ No,budget_exceeded
3,320,320,03-06,+25.0%,+85.16%,0.9258,23,✗ No,budget_exceeded
3,328,296,03-06,+25.0%,+88.29%,0.9415,19,✗ No,budget_exceeded
3,328,307,03-06,+25.0%,+86.68%,0.9334,21,✗ No,budget_exceeded
3,328,318,03-06,+25.0%,+84.74%,0.9237,22,✗ No,budget_exceeded
3,328,328,03-06,+25.0%,+83.28%,0.9164,25,✗ No,budget_exceeded
3,336,296,03-06,+25.0%,+87.59%,0.9380,19,✗ No,budget_exceeded
3,336,304,03-06,+25.0%,+86.23%,0.9311,21,✗ No,budget_exceeded
3,336,312,03-06,+25.0%,+84.83%,0.9241,22,✗ No,budget_exceeded
3,336,320,03-06,+25.0%,+82.93%,0.9147,24,✗ No,budget_exceeded
3,336,328,03-06,+25.0%,+82.43%,0.9122,25,✗ No,budget_exceeded
3,336,336,03-06,+25.0%,+80.70%,0.9035,34,✗ No,budget_exceeded
3,344,296,03-06,+25.0%,+86.08%,0.9304,20,✗ No,budget_exceeded
3,344,304,03-06,+25.0%,+84.68%,0.9234,22,✗ No,budget_exceeded
3,344,312,03-06,+25.0%,+82.86%,0.9143,24,✗ No,budget_exceeded
3,344,320,03-06,+25.0%,+81.19%,0.9059,25,✗ No,budget_exceeded
3,344,328,03-06,+25.0%,+80.56%,0.9028,25,✗ No,budget_exceeded
3,344,336,03-06,+25.0%,+78.49%,0.8925,29,✗ No,budget_exceeded
3,344,344,03-06,+25.0%,+68.26%,0.8413,49,✗ No,budget_exceeded
3,352,296,03-06,+25.0%,+83.73%,0.9187,21,✗ No,budget_exceeded
3,352,304,03-06,+25.0%,+82.23%,0.9111,23,✗ No,budget_exceeded
3,352,312,03-06,+25.0%,+80.16%,0.9008,24,✗ No,budget_exceeded
3,352,320,03-06,+25.0%,+78.46%,0.8923,25,✗ No,budget_exceeded
3,352,328,03-06,+25.0%,+70.23%,0.8512,27,✗ No,budget_exceeded
3,352,336,03-06,+25.0%,+67.83%,0.8391,33,✗ No,budget_exceeded
3,352,344,03-06,+25.0%,+37.90%,0.6895,42,✗ No,budget_exceeded
3,352,352,03-06,+22.4%,+5.63%,0.5281,72,✓ Yes,completed
3,360,296,03-06,+25.0%,+78.18%,0.8909,21,✗ No,budget_exceeded
3,360,304,03-06,+25.0%,+69.37%,0.8468,23,✗ No,budget_exceeded
3,360,312,03-06,+25.0%,+67.35%,0.8367,24,✗ No,budget_exceeded
3,360,320,03-06,+25.0%,+66.07%,0.8304,25,✗ No,budget_exceeded
3,360,328,03-06,+24.7%,+6.35%,0.5317,26,✓ Yes,completed
3,360,336,03-06,+23.0%,+5.99%,0.5300,26,✓ Yes,completed
3,360,344,03-06,+21.9%,+5.61%,0.5281,28,✓ Yes,completed
3,360,352,03-06,+19.6%,+5.11%,0.5256,40,✓ Yes,completed
3,360,360,03-06,+17.2%,+4.63%,0.5232,60,✓ Yes,completed
3,368,296,03-06,+24.0%,+5.71%,0.5285,21,✓ Yes,completed
3,368,304,03-06,+23.1%,+5.68%,0.5284,22,✓ Yes,completed
3,368,312,03-06,+22.4%,+5.48%,0.5274,22,✓ Yes,completed
3,368,320,03-06,+21.8%,+5.40%,0.5270,22,✓ Yes,completed
3,368,328,03-06,+21.2%,+5.38%,0.5269,22,✓ Yes,completed
3,368,336,03-06,+19.7%,+5.06%,0.5253,22,✓ Yes,completed
3,368,344,03-06,+18.6%,+4.84%,0.5242,22,✓ Yes,completed
3,368,352,03-06,+16.3%,+4.45%,0.5222,24,✓ Yes,completed
3,368,360,03-06,+14.2%,+3.92%,0.5196,31,✓ Yes,completed
3,368,368,03-06,+12.3%,+3.49%,0.5175,44,✓ Yes,completed
3,296,296,03-11,+25.0%,+89.44%,0.9472,19,✗ No,budget_exceeded
3,296,296,03-11,+25.0%,+89.44%,0.9472,19,✗ No,budget_exceeded
3,304,296,03-11,+25.0%,+88.55%,0.9427,20,✗ No,budget_exceeded
3,304,304,03-11,+25.0%,+87.85%,0.9392,22,✗ No,budget_exceeded
3,312,296,03-11,+25.0%,+88.20%,0.9410,20,✗ No,budget_exceeded
3,312,312,03-11,+25.0%,+85.86%,0.9293,29,✗ No,budget_exceeded
3,320,296,03-11,+25.0%,+87.81%,0.9390,20,✗ No,budget_exceeded
3,320,308,03-11,+25.0%,+85.79%,0.9289,23,✗ No,budget_exceeded
3,320,320,03-11,+25.0%,+80.59%,0.9029,35,✗ No,budget_exceeded
3,328,296,03-11,+25.0%,+86.57%,0.9329,21,✗ No,budget_exceeded
3,328,307,03-11,+25.0%,+84.55%,0.9228,23,✗ No,budget_exceeded
3,328,318,03-11,+25.0%,+78.97%,0.8948,28,✗ No,budget_exceeded
3,328,328,03-11,+25.0%,+77.02%,0.8851,41,✗ No,budget_exceeded
3,336,296,03-11,+25.0%,+86.03%,0.9302,21,✗ No,budget_exceeded
3,336,304,03-11,+25.0%,+80.63%,0.9031,25,✗ No,budget_exceeded
3,336,312,03-11,+25.0%,+78.99%,0.8950,27,✗ No,budget_exceeded
3,336,320,03-11,+25.0%,+77.22%,0.8861,28,✗ No,budget_exceeded
3,336,328,03-11,+25.0%,+75.54%,0.8777,36,✗ No,budget_exceeded
3,336,336,03-11,+25.0%,+65.26%,0.8263,55,✗ No,budget_exceeded
3,344,296,03-11,+25.0%,+78.85%,0.8942,23,✗ No,budget_exceeded
3,344,304,03-11,+25.0%,+77.52%,0.8876,24,✗ No,budget_exceeded
3,344,312,03-11,+25.0%,+75.83%,0.8791,26,✗ No,budget_exceeded
3,344,320,03-11,+25.0%,+73.90%,0.8695,27,✗ No,budget_exceeded
3,344,328,03-11,+25.0%,+63.46%,0.8173,31,✗ No,budget_exceeded
3,344,336,03-11,+24.0%,+6.36%,0.5318,38,✓ Yes,completed
3,344,344,03-11,+22.7%,+6.10%,0.5305,48,✓ Yes,completed
3,352,296,03-11,+25.0%,+76.58%,0.8829,23,✗ No,budget_exceeded
3,352,304,03-11,+25.0%,+75.25%,0.8762,24,✗ No,budget_exceeded
3,352,312,03-11,+25.0%,+73.01%,0.8651,25,✗ No,budget_exceeded
3,352,320,03-11,+24.7%,+6.51%,0.5325,27,✓ Yes,completed
3,352,328,03-11,+23.3%,+6.24%,0.5312,28,✓ Yes,completed
3,352,336,03-11,+21.9%,+5.88%,0.5294,32,✓ Yes,completed
3,352,344,03-11,+20.7%,+5.63%,0.5281,35,✓ Yes,completed
3,352,352,03-11,+18.6%,+4.90%,0.5245,63,✓ Yes,completed
3,360,296,03-11,+23.3%,+5.98%,0.5299,21,✓ Yes,completed
3,360,304,03-11,+22.7%,+5.92%,0.5296,21,✓ Yes,completed
3,360,312,03-11,+21.7%,+5.73%,0.5287,21,✓ Yes,completed
3,360,320,03-11,+21.2%,+5.72%,0.5286,21,✓ Yes,completed
3,360,328,03-11,+20.5%,+5.47%,0.5274,22,✓ Yes,completed
3,360,336,03-11,+18.9%,+5.15%,0.5258,22,✓ Yes,completed
3,360,344,03-11,+18.1%,+4.92%,0.5246,24,✓ Yes,completed
3,360,352,03-11,+16.0%,+4.39%,0.5219,36,✓ Yes,completed
3,360,360,03-11,+13.8%,+3.75%,0.5188,56,✓ Yes,completed
3,368,296,03-11,+19.4%,+5.00%,0.5250,18,✓ Yes,completed
3,368,304,03-11,+18.9%,+4.85%,0.5242,18,✓ Yes,completed
3,368,312,03-11,+18.3%,+4.75%,0.5237,18,✓ Yes,completed
3,368,320,03-11,+17.9%,+4.73%,0.5237,18,✓ Yes,completed
3,368,328,03-11,+17.3%,+4.69%,0.5234,18,✓ Yes,completed
3,368,336,03-11,+16.0%,+4.35%,0.5218,18,✓ Yes,completed
3,368,344,03-11,+15.2%,+4.12%,0.5206,18,✓ Yes,completed
3,368,352,03-11,+13.0%,+3.48%,0.5174,20,✓ Yes,completed
3,368,360,03-11,+11.2%,+2.97%,0.5149,27,✓ Yes,completed
3,368,368,03-11,+9.4%,+2.52%,0.5126,40,✓ Yes,completed
3,296,296,03-16,+25.0%,+86.28%,0.9314,33,✗ No,budget_exceeded
3,296,296,03-16,+25.0%,+86.28%,0.9314,33,✗ No,budget_exceeded
3,304,296,03-16,+25.0%,+85.02%,0.9251,28,✗ No,budget_exceeded
3,304,304,03-16,+25.0%,+83.35%,0.9168,37,✗ No,budget_exceeded
3,312,296,03-16,+25.0%,+84.25%,0.9213,24,✗ No,budget_exceeded
3,312,312,03-16,+25.0%,+81.31%,0.9065,37,✗ No,budget_exceeded
3,320,296,03-16,+25.0%,+82.66%,0.9133,23,✗ No,budget_exceeded
3,320,308,03-16,+25.0%,+79.63%,0.8982,29,✗ No,budget_exceeded
3,320,320,03-16,+25.0%,+74.61%,0.8731,45,✗ No,budget_exceeded
3,328,296,03-16,+25.0%,+80.95%,0.9047,23,✗ No,budget_exceeded
3,328,307,03-16,+25.0%,+75.45%,0.8772,28,✗ No,budget_exceeded
3,328,318,03-16,+25.0%,+69.18%,0.8459,35,✗ No,budget_exceeded
3,328,328,03-16,+24.5%,+6.72%,0.5336,69,✓ Yes,completed
3,336,296,03-16,+25.0%,+74.37%,0.8718,25,✗ No,budget_exceeded
3,336,304,03-16,+25.0%,+72.38%,0.8619,27,✗ No,budget_exceeded
3,336,312,03-16,+25.0%,+55.27%,0.7763,31,✗ No,budget_exceeded
3,336,320,03-16,+23.6%,+6.56%,0.5328,33,✓ Yes,completed
3,336,328,03-16,+22.0%,+6.05%,0.5302,42,✓ Yes,completed
3,336,336,03-16,+20.6%,+5.76%,0.5288,55,✓ Yes,completed
3,344,296,03-16,+24.8%,+6.75%,0.5338,24,✓ Yes,completed
3,344,304,03-16,+23.7%,+6.49%,0.5325,24,✓ Yes,completed
3,344,312,03-16,+22.5%,+6.15%,0.5308,25,✓ Yes,completed
3,344,320,03-16,+21.5%,+5.99%,0.5299,25,✓ Yes,completed
3,344,328,03-16,+20.1%,+5.78%,0.5289,26,✓ Yes,completed
3,344,336,03-16,+19.0%,+5.64%,0.5282,31,✓ Yes,completed
3,344,344,03-16,+18.0%,+5.36%,0.5268,38,✓ Yes,completed
3,352,296,03-16,+22.2%,+5.87%,0.5294,21,✓ Yes,completed
3,352,304,03-16,+21.3%,+5.85%,0.5292,21,✓ Yes,completed
3,352,312,03-16,+20.3%,+5.68%,0.5284,21,✓ Yes,completed
3,352,320,03-16,+19.5%,+5.70%,0.5285,21,✓ Yes,completed
3,352,328,03-16,+18.2%,+5.40%,0.5270,22,✓ Yes,completed
3,352,336,03-16,+17.3%,+5.27%,0.5263,25,✓ Yes,completed
3,352,344,03-16,+16.7%,+5.03%,0.5252,27,✓ Yes,completed
3,352,352,03-16,+15.0%,+4.58%,0.5229,52,✓ Yes,completed
3,360,296,03-16,+18.2%,+5.18%,0.5259,17,✓ Yes,completed
3,360,304,03-16,+17.7%,+5.19%,0.5259,17,✓ Yes,completed
3,360,312,03-16,+16.8%,+4.97%,0.5249,17,✓ Yes,completed
3,360,320,03-16,+16.4%,+4.93%,0.5246,17,✓ Yes,completed
3,360,328,03-16,+15.8%,+4.91%,0.5246,18,✓ Yes,completed
3,360,336,03-16,+14.9%,+4.65%,0.5233,18,✓ Yes,completed
3,360,344,03-16,+14.6%,+4.60%,0.5230,19,✓ Yes,completed
3,360,352,03-16,+13.1%,+4.16%,0.5208,29,✓ Yes,completed
3,360,360,03-16,+11.4%,+3.63%,0.5181,49,✓ Yes,completed
3,368,296,03-16,+14.5%,+4.32%,0.5216,14,✓ Yes,completed
3,368,304,03-16,+14.1%,+4.32%,0.5216,14,✓ Yes,completed
3,368,312,03-16,+13.8%,+4.31%,0.5215,14,✓ Yes,completed
3,368,320,03-16,+13.4%,+4.19%,0.5209,14,✓ Yes,completed
3,368,328,03-16,+13.0%,+4.08%,0.5204,14,✓ Yes,completed
3,368,336,03-16,+12.3%,+3.96%,0.5198,14,✓ Yes,completed
3,368,344,03-16,+12.0%,+3.94%,0.5197,14,✓ Yes,completed
3,368,352,03-16,+10.7%,+3.53%,0.5176,15,✓ Yes,completed
3,368,360,03-16,+9.3%,+3.01%,0.5151,22,✓ Yes,completed
3,368,368,03-16,+7.9%,+2.65%,0.5133,33,✓ Yes,completed
3,296,296,03-21,+25.0%,+84.83%,0.9242,34,✗ No,budget_exceeded
3,296,296,03-21,+25.0%,+84.83%,0.9242,34,✗ No,budget_exceeded
3,304,296,03-21,+25.0%,+83.56%,0.9178,29,✗ No,budget_exceeded
3,304,304,03-21,+25.0%,+81.45%,0.9072,44,✗ No,budget_exceeded
3,312,296,03-21,+25.0%,+81.94%,0.9097,26,✗ No,budget_exceeded
3,312,312,03-21,+25.0%,+66.32%,0.8316,58,✗ No,budget_exceeded
3,320,296,03-21,+25.0%,+81.20%,0.9060,24,✗ No,budget_exceeded
3,320,308,03-21,+25.0%,+63.96%,0.8198,37,✗ No,budget_exceeded
3,320,320,03-21,+23.9%,+5.98%,0.5299,74,✓ Yes,completed
3,328,296,03-21,+25.0%,+67.15%,0.8358,26,✗ No,budget_exceeded
3,328,307,03-21,+25.0%,+47.12%,0.7356,33,✗ No,budget_exceeded
3,328,318,03-21,+22.7%,+5.91%,0.5295,40,✓ Yes,completed
3,328,328,03-21,+19.2%,+5.32%,0.5266,67,✓ Yes,completed
3,336,296,03-21,+23.7%,+5.89%,0.5294,25,✓ Yes,completed
3,336,304,03-21,+21.7%,+5.63%,0.5281,26,✓ Yes,completed
3,336,312,03-21,+20.6%,+5.47%,0.5273,28,✓ Yes,completed
3,336,320,03-21,+18.6%,+5.19%,0.5260,29,✓ Yes,completed
3,336,328,03-21,+16.9%,+5.00%,0.5250,38,✓ Yes,completed
3,336,336,03-21,+15.6%,+4.76%,0.5238,49,✓ Yes,completed
3,344,296,03-21,+19.5%,+5.28%,0.5264,20,✓ Yes,completed
3,344,304,03-21,+18.5%,+5.11%,0.5255,20,✓ Yes,completed
3,344,312,03-21,+17.4%,+5.12%,0.5256,21,✓ Yes,completed
3,344,320,03-21,+16.5%,+4.92%,0.5246,21,✓ Yes,completed
3,344,328,03-21,+15.1%,+4.63%,0.5231,22,✓ Yes,completed
3,344,336,03-21,+14.3%,+4.39%,0.5220,26,✓ Yes,completed
3,344,344,03-21,+13.6%,+4.16%,0.5208,33,✓ Yes,completed
3,352,296,03-21,+17.0%,+4.83%,0.5241,17,✓ Yes,completed
3,352,304,03-21,+16.1%,+4.75%,0.5238,17,✓ Yes,completed
3,352,312,03-21,+15.3%,+4.59%,0.5229,17,✓ Yes,completed
3,352,320,03-21,+14.5%,+4.38%,0.5219,17,✓ Yes,completed
3,352,328,03-21,+13.3%,+4.00%,0.5200,18,✓ Yes,completed
3,352,336,03-21,+12.8%,+3.83%,0.5192,20,✓ Yes,completed
3,352,344,03-21,+12.4%,+3.76%,0.5188,22,✓ Yes,completed
3,352,352,03-21,+10.8%,+3.34%,0.5167,46,✓ Yes,completed
3,360,296,03-21,+13.6%,+4.03%,0.5201,13,✓ Yes,completed
3,360,304,03-21,+13.2%,+3.85%,0.5193,13,✓ Yes,completed
3,360,312,03-21,+12.5%,+3.70%,0.5185,13,✓ Yes,completed
3,360,320,03-21,+12.2%,+3.68%,0.5184,13,✓ Yes,completed
3,360,328,03-21,+11.6%,+3.59%,0.5179,14,✓ Yes,completed
3,360,336,03-21,+10.8%,+3.41%,0.5171,14,✓ Yes,completed
3,360,344,03-21,+10.6%,+3.40%,0.5170,15,✓ Yes,completed
3,360,352,03-21,+9.2%,+2.99%,0.5149,25,✓ Yes,completed
3,360,360,03-21,+8.0%,+2.64%,0.5132,44,✓ Yes,completed
3,368,296,03-21,+10.4%,+3.17%,0.5159,11,✓ Yes,completed
3,368,304,03-21,+10.1%,+3.20%,0.5160,11,✓ Yes,completed
3,368,312,03-21,+9.9%,+3.15%,0.5157,11,✓ Yes,completed
3,368,320,03-21,+9.5%,+3.04%,0.5152,11,✓ Yes,completed
3,368,328,03-21,+9.2%,+2.95%,0.5148,11,✓ Yes,completed
3,368,336,03-21,+8.5%,+2.85%,0.5143,11,✓ Yes,completed
3,368,344,03-21,+8.4%,+2.84%,0.5142,11,✓ Yes,completed
3,368,352,03-21,+7.1%,+2.43%,0.5121,12,✓ Yes,completed
3,368,360,03-21,+6.2%,+2.28%,0.5114,19,✓ Yes,completed
3,368,368,03-21,+5.5%,+1.95%,0.5098,28,✓ Yes,completed
3,296,296,03-26,+25.0%,+74.80%,0.8740,43,✗ No,budget_exceeded
3,296,296,03-26,+25.0%,+74.80%,0.8740,43,✗ No,budget_exceeded
3,304,296,03-26,+25.0%,+72.94%,0.8647,37,✗ No,budget_exceeded
3,304,304,03-26,+25.0%,+66.25%,0.8313,59,✗ No,budget_exceeded
3,312,296,03-26,+25.0%,+66.34%,0.8317,33,✗ No,budget_exceeded
3,312,312,03-26,+24.6%,+5.22%,0.5261,88,✓ Yes,completed
3,320,296,03-26,+25.0%,+55.67%,0.7784,31,✗ No,budget_exceeded
3,320,308,03-26,+22.1%,+5.07%,0.5253,41,✓ Yes,completed
3,320,320,03-26,+17.8%,+4.35%,0.5218,69,✓ Yes,completed
3,328,296,03-26,+23.0%,+5.13%,0.5257,28,✓ Yes,completed
3,328,307,03-26,+19.3%,+4.85%,0.5242,30,✓ Yes,completed
3,328,318,03-26,+16.7%,+4.09%,0.5205,35,✓ Yes,completed
3,328,328,03-26,+13.3%,+3.40%,0.5170,62,✓ Yes,completed
3,336,296,03-26,+17.4%,+4.24%,0.5212,20,✓ Yes,completed
3,336,304,03-26,+15.6%,+3.96%,0.5198,21,✓ Yes,completed
3,336,312,03-26,+14.6%,+3.70%,0.5185,23,✓ Yes,completed
3,336,320,03-26,+12.7%,+3.36%,0.5168,24,✓ Yes,completed
3,336,328,03-26,+11.1%,+3.05%,0.5153,33,✓ Yes,completed
3,336,336,03-26,+10.0%,+2.93%,0.5147,43,✓ Yes,completed
3,344,296,03-26,+13.3%,+3.36%,0.5168,15,✓ Yes,completed
3,344,304,03-26,+12.5%,+3.28%,0.5164,15,✓ Yes,completed
3,344,312,03-26,+11.5%,+3.12%,0.5156,16,✓ Yes,completed
3,344,320,03-26,+10.7%,+3.03%,0.5152,16,✓ Yes,completed
3,344,328,03-26,+9.4%,+2.80%,0.5140,17,✓ Yes,completed
3,344,336,03-26,+8.8%,+2.72%,0.5136,20,✓ Yes,completed
3,344,344,03-26,+8.3%,+2.71%,0.5135,24,✓ Yes,completed
3,352,296,03-26,+11.1%,+2.91%,0.5145,12,✓ Yes,completed
3,352,304,03-26,+10.4%,+2.93%,0.5147,12,✓ Yes,completed
3,352,312,03-26,+9.7%,+2.81%,0.5140,12,✓ Yes,completed
3,352,320,03-26,+9.1%,+2.70%,0.5135,12,✓ Yes,completed
3,352,328,03-26,+7.9%,+2.61%,0.5131,13,✓ Yes,completed
3,352,336,03-26,+7.6%,+2.48%,0.5124,14,✓ Yes,completed
3,352,344,03-26,+7.3%,+2.44%,0.5122,14,✓ Yes,completed
3,352,352,03-26,+6.1%,+2.07%,0.5103,31,✓ Yes,completed
3,360,296,03-26,+8.3%,+2.61%,0.5130,8,✓ Yes,completed
3,360,304,03-26,+8.0%,+2.58%,0.5129,8,✓ Yes,completed
3,360,312,03-26,+7.4%,+2.40%,0.5120,8,✓ Yes,completed
3,360,320,03-26,+7.2%,+2.39%,0.5119,8,✓ Yes,completed
3,360,328,03-26,+6.7%,+2.31%,0.5116,9,✓ Yes,completed
3,360,336,03-26,+6.5%,+2.29%,0.5114,9,✓ Yes,completed
3,360,344,03-26,+6.4%,+2.27%,0.5114,9,✓ Yes,completed
3,360,352,03-26,+5.1%,+1.71%,0.5086,18,✓ Yes,completed
3,360,360,03-26,+4.2%,+1.33%,0.5066,27,✓ Yes,completed
3,368,296,03-26,+5.9%,+1.91%,0.5095,7,✓ Yes,completed
3,368,304,03-26,+5.7%,+1.83%,0.5092,7,✓ Yes,completed
3,368,312,03-26,+5.6%,+1.81%,0.5090,7,✓ Yes,completed
3,368,320,03-26,+5.4%,+1.77%,0.5089,7,✓ Yes,completed
3,368,328,03-26,+5.1%,+1.71%,0.5086,7,✓ Yes,completed
3,368,336,03-26,+5.0%,+1.68%,0.5084,7,✓ Yes,completed
3,368,344,03-26,+4.9%,+1.67%,0.5084,7,✓ Yes,completed
3,368,352,03-26,+3.7%,+1.13%,0.5056,8,✓ Yes,completed
3,368,360,03-26,+3.1%,+0.96%,0.5048,12,✓ Yes,completed
3,368,368,03-26,+2.5%,+0.79%,0.5040,18,✓ Yes,completed
3,296,296,03-29,+25.0%,+70.23%,0.8511,49,✗ No,budget_exceeded
3,296,296,03-29,+25.0%,+70.23%,0.8511,49,✗ No,budget_exceeded
3,304,296,03-29,+25.0%,+68.09%,0.8405,39,✗ No,budget_exceeded
3,304,304,03-29,+25.0%,+53.66%,0.7683,77,✗ No,budget_exceeded
3,312,296,03-29,+25.0%,+53.89%,0.7694,38,✗ No,budget_exceeded
3,312,312,03-29,+21.2%,+4.19%,0.5209,85,✓ Yes,completed
3,320,296,03-29,+23.3%,+4.36%,0.5218,33,✓ Yes,completed
3,320,308,03-29,+18.7%,+3.91%,0.5195,39,✓ Yes,completed
3,320,320,03-29,+14.3%,+3.45%,0.5172,65,✓ Yes,completed
3,328,296,03-29,+19.3%,+3.98%,0.5199,25,✓ Yes,completed
3,328,307,03-29,+15.7%,+3.78%,0.5189,27,✓ Yes,completed
3,328,318,03-29,+13.4%,+3.37%,0.5168,31,✓ Yes,completed
3,328,328,03-29,+10.2%,+2.54%,0.5127,57,✓ Yes,completed
3,336,296,03-29,+13.7%,+3.35%,0.5167,17,✓ Yes,completed
3,336,304,03-29,+12.0%,+2.98%,0.5149,18,✓ Yes,completed
3,336,312,03-29,+11.3%,+2.72%,0.5136,19,✓ Yes,completed
3,336,320,03-29,+9.5%,+2.40%,0.5120,20,✓ Yes,completed
3,336,328,03-29,+8.1%,+2.17%,0.5108,28,✓ Yes,completed
3,336,336,03-29,+7.0%,+1.84%,0.5092,36,✓ Yes,completed
3,344,296,03-29,+9.6%,+2.34%,0.5117,12,✓ Yes,completed
3,344,304,03-29,+8.9%,+2.25%,0.5113,12,✓ Yes,completed
3,344,312,03-29,+8.3%,+2.23%,0.5112,12,✓ Yes,completed
3,344,320,03-29,+7.6%,+1.98%,0.5099,12,✓ Yes,completed
3,344,328,03-29,+6.5%,+1.86%,0.5093,13,✓ Yes,completed
3,344,336,03-29,+6.0%,+1.71%,0.5086,16,✓ Yes,completed
3,344,344,03-29,+5.5%,+1.56%,0.5078,19,✓ Yes,completed
3,352,296,03-29,+7.6%,+1.86%,0.5093,9,✓ Yes,completed
3,352,304,03-29,+7.0%,+1.81%,0.5091,9,✓ Yes,completed
3,352,312,03-29,+6.8%,+1.81%,0.5091,9,✓ Yes,completed
3,352,320,03-29,+6.3%,+1.77%,0.5089,9,✓ Yes,completed
3,352,328,03-29,+5.3%,+1.54%,0.5077,10,✓ Yes,completed
3,352,336,03-29,+5.0%,+1.52%,0.5076,11,✓ Yes,completed
3,352,344,03-29,+4.8%,+1.52%,0.5076,11,✓ Yes,completed
3,352,352,03-29,+4.0%,+1.21%,0.5061,20,✓ Yes,completed
3,360,296,03-29,+4.8%,+1.45%,0.5073,5,✓ Yes,completed
3,360,304,03-29,+4.7%,+1.47%,0.5073,5,✓ Yes,completed
3,360,312,03-29,+4.6%,+1.47%,0.5073,5,✓ Yes,completed
3,360,320,03-29,+4.5%,+1.45%,0.5072,5,✓ Yes,completed
3,360,328,03-29,+4.1%,+1.32%,0.5066,6,✓ Yes,completed
3,360,336,03-29,+3.9%,+1.24%,0.5062,6,✓ Yes,completed
3,360,344,03-29,+3.9%,+1.23%,0.5062,6,✓ Yes,completed
3,360,352,03-29,+3.1%,+1.10%,0.5055,9,✓ Yes,completed
3,360,360,03-29,+2.6%,+1.05%,0.5052,13,✓ Yes,completed
3,368,296,03-29,+3.9%,+1.13%,0.5057,5,✓ Yes,completed
3,368,304,03-29,+3.7%,+1.12%,0.5056,5,✓ Yes,completed
3,368,312,03-29,+3.7%,+1.11%,0.5056,5,✓ Yes,completed
3,368,320,03-29,+3.5%,+1.11%,0.5056,5,✓ Yes,completed
3,368,328,03-29,+3.4%,+1.11%,0.5055,5,✓ Yes,completed
3,368,336,03-29,+3.3%,+1.10%,0.5055,5,✓ Yes,completed
3,368,344,03-29,+3.2%,+1.10%,0.5055,5,✓ Yes,completed
3,368,352,03-29,+2.5%,+1.00%,0.5050,5,✓ Yes,completed
3,368,360,03-29,+2.1%,+0.80%,0.5040,7,✓ Yes,completed
3,368,368,03-29,+1.7%,+0.69%,0.5035,11,✓ Yes,completed
4,328,280,03-10,+25.0%,+89.55%,0.9478,18,✗ No,budget_exceeded
4,328,284,03-10,+25.0%,+88.35%,0.9417,20,✗ No,budget_exceeded
4,328,287,03-10,+25.0%,+88.04%,0.9402,20,✗ No,budget_exceeded
4,328,291,03-10,+25.0%,+87.83%,0.9392,20,✗ No,budget_exceeded
4,328,294,03-10,+25.0%,+87.56%,0.9378,20,✗ No,budget_exceeded
4,328,297,03-10,+25.0%,+86.81%,0.9341,21,✗ No,budget_exceeded
4,328,301,03-10,+25.0%,+86.52%,0.9326,21,✗ No,budget_exceeded
4,328,304,03-10,+25.0%,+86.26%,0.9313,21,✗ No,budget_exceeded
4,328,308,03-10,+25.0%,+85.94%,0.9297,21,✗ No,budget_exceeded
4,328,311,03-10,+25.0%,+84.83%,0.9241,22,✗ No,budget_exceeded
4,328,315,03-10,+25.0%,+82.81%,0.9140,25,✗ No,budget_exceeded
4,328,318,03-10,+25.0%,+79.31%,0.8966,27,✗ No,budget_exceeded
4,328,321,03-10,+25.0%,+77.97%,0.8899,30,✗ No,budget_exceeded
4,328,325,03-10,+25.0%,+77.54%,0.8877,34,✗ No,budget_exceeded
4,328,328,03-10,+25.0%,+77.11%,0.8856,41,✗ No,budget_exceeded
4,332,280,03-10,+25.0%,+89.34%,0.9467,18,✗ No,budget_exceeded
4,332,284,03-10,+25.0%,+88.13%,0.9406,20,✗ No,budget_exceeded
4,332,287,03-10,+25.0%,+87.83%,0.9391,20,✗ No,budget_exceeded
4,332,291,03-10,+25.0%,+87.62%,0.9381,20,✗ No,budget_exceeded
4,332,294,03-10,+25.0%,+86.85%,0.9342,21,✗ No,budget_exceeded
4,332,297,03-10,+25.0%,+86.58%,0.9329,21,✗ No,budget_exceeded
4,332,301,03-10,+25.0%,+86.28%,0.9314,21,✗ No,budget_exceeded
4,332,304,03-10,+25.0%,+86.02%,0.9301,21,✗ No,budget_exceeded
4,332,308,03-10,+25.0%,+84.79%,0.9240,22,✗ No,budget_exceeded
4,332,311,03-10,+25.0%,+84.55%,0.9228,22,✗ No,budget_exceeded
4,332,315,03-10,+25.0%,+78.90%,0.8945,27,✗ No,budget_exceeded
4,332,318,03-10,+25.0%,+77.82%,0.8891,28,✗ No,budget_exceeded
4,332,322,03-10,+25.0%,+77.44%,0.8872,29,✗ No,budget_exceeded
4,332,325,03-10,+25.0%,+77.03%,0.8851,33,✗ No,budget_exceeded
4,332,328,03-10,+25.0%,+76.03%,0.8801,38,✗ No,budget_exceeded
4,332,332,03-10,+25.0%,+75.51%,0.8775,45,✗ No,budget_exceeded
4,335,280,03-10,+25.0%,+88.49%,0.9424,19,✗ No,budget_exceeded
4,335,284,03-10,+25.0%,+87.78%,0.9389,20,✗ No,budget_exceeded
4,335,287,03-10,+25.0%,+87.48%,0.9374,20,✗ No,budget_exceeded
4,335,291,03-10,+25.0%,+86.85%,0.9342,21,✗ No,budget_exceeded
4,335,294,03-10,+25.0%,+86.50%,0.9325,21,✗ No,budget_exceeded
4,335,298,03-10,+25.0%,+86.21%,0.9310,21,✗ No,budget_exceeded
4,335,301,03-10,+25.0%,+85.93%,0.9297,21,✗ No,budget_exceeded
4,335,304,03-10,+25.0%,+84.76%,0.9238,22,✗ No,budget_exceeded
4,335,308,03-10,+25.0%,+84.45%,0.9222,22,✗ No,budget_exceeded
4,335,311,03-10,+25.0%,+82.97%,0.9149,24,✗ No,budget_exceeded
4,335,315,03-10,+25.0%,+77.91%,0.8895,28,✗ No,budget_exceeded
4,335,318,03-10,+25.0%,+77.47%,0.8874,28,✗ No,budget_exceeded
4,335,322,03-10,+25.0%,+77.10%,0.8855,29,✗ No,budget_exceeded
4,335,325,03-10,+25.0%,+75.99%,0.8800,33,✗ No,budget_exceeded
4,335,329,03-10,+25.0%,+75.64%,0.8782,38,✗ No,budget_exceeded
4,335,332,03-10,+25.0%,+74.95%,0.8747,43,✗ No,budget_exceeded
4,335,335,03-10,+25.0%,+73.60%,0.8680,49,✗ No,budget_exceeded
4,339,280,03-10,+25.0%,+88.27%,0.9413,19,✗ No,budget_exceeded
4,339,284,03-10,+25.0%,+87.56%,0.9378,20,✗ No,budget_exceeded
4,339,287,03-10,+25.0%,+87.27%,0.9363,20,✗ No,budget_exceeded
4,339,291,03-10,+25.0%,+86.61%,0.9330,21,✗ No,budget_exceeded
4,339,294,03-10,+25.0%,+86.26%,0.9313,21,✗ No,budget_exceeded
4,339,298,03-10,+25.0%,+85.97%,0.9298,21,✗ No,budget_exceeded
4,339,301,03-10,+25.0%,+85.69%,0.9285,21,✗ No,budget_exceeded
4,339,304,03-10,+25.0%,+82.97%,0.9149,23,✗ No,budget_exceeded
4,339,308,03-10,+25.0%,+78.81%,0.8941,24,✗ No,budget_exceeded
4,339,311,03-10,+25.0%,+77.90%,0.8895,25,✗ No,budget_exceeded
4,339,315,03-10,+25.0%,+76.94%,0.8847,26,✗ No,budget_exceeded
4,339,318,03-10,+25.0%,+75.84%,0.8792,27,✗ No,budget_exceeded
4,339,322,03-10,+25.0%,+75.63%,0.8782,27,✗ No,budget_exceeded
4,339,325,03-10,+25.0%,+75.31%,0.8765,29,✗ No,budget_exceeded
4,339,329,03-10,+25.0%,+74.95%,0.8747,34,✗ No,budget_exceeded
4,339,332,03-10,+25.0%,+73.43%,0.8672,40,✗ No,budget_exceeded
4,339,336,03-10,+25.0%,+72.11%,0.8606,46,✗ No,budget_exceeded
4,339,339,03-10,+25.0%,+63.19%,0.8160,55,✗ No,budget_exceeded
4,343,280,03-10,+25.0%,+87.93%,0.9397,19,✗ No,budget_exceeded
4,343,284,03-10,+25.0%,+86.69%,0.9335,21,✗ No,budget_exceeded
4,343,287,03-10,+25.0%,+86.35%,0.9318,21,✗ No,budget_exceeded
4,343,291,03-10,+25.0%,+86.14%,0.9307,21,✗ No,budget_exceeded
4,343,294,03-10,+25.0%,+85.80%,0.9290,21,✗ No,budget_exceeded
4,343,298,03-10,+25.0%,+82.79%,0.9139,22,✗ No,budget_exceeded
4,343,301,03-10,+25.0%,+78.61%,0.8930,23,✗ No,budget_exceeded
4,343,305,03-10,+25.0%,+77.69%,0.8884,24,✗ No,budget_exceeded
4,343,308,03-10,+25.0%,+77.43%,0.8871,24,✗ No,budget_exceeded
4,343,311,03-10,+25.0%,+77.16%,0.8858,24,✗ No,budget_exceeded
4,343,315,03-10,+25.0%,+75.55%,0.8778,26,✗ No,budget_exceeded
4,343,318,03-10,+25.0%,+75.09%,0.8755,26,✗ No,budget_exceeded
4,343,322,03-10,+25.0%,+74.91%,0.8745,26,✗ No,budget_exceeded
4,343,325,03-10,+25.0%,+73.91%,0.8696,27,✗ No,budget_exceeded
4,343,329,03-10,+25.0%,+73.39%,0.8669,30,✗ No,budget_exceeded
4,343,332,03-10,+25.0%,+71.85%,0.8593,35,✗ No,budget_exceeded
4,343,336,03-10,+25.0%,+61.49%,0.8074,42,✗ No,budget_exceeded
4,343,339,03-10,+24.8%,+6.45%,0.5323,45,✓ Yes,completed
4,343,343,03-10,+24.0%,+6.17%,0.5308,54,✓ Yes,completed
4,346,280,03-10,+25.0%,+86.46%,0.9323,20,✗ No,budget_exceeded
4,346,284,03-10,+25.0%,+85.67%,0.9283,21,✗ No,budget_exceeded
4,346,287,03-10,+25.0%,+82.65%,0.9132,22,✗ No,budget_exceeded
4,346,291,03-10,+25.0%,+82.42%,0.9121,22,✗ No,budget_exceeded
4,346,294,03-10,+25.0%,+77.64%,0.8882,24,✗ No,budget_exceeded
4,346,298,03-10,+25.0%,+77.35%,0.8868,24,✗ No,budget_exceeded
4,346,301,03-10,+25.0%,+76.98%,0.8849,24,✗ No,budget_exceeded
4,346,305,03-10,+25.0%,+76.64%,0.8832,24,✗ No,budget_exceeded
4,346,308,03-10,+25.0%,+75.77%,0.8789,25,✗ No,budget_exceeded
4,346,312,03-10,+25.0%,+75.45%,0.8772,25,✗ No,budget_exceeded
4,346,315,03-10,+25.0%,+73.63%,0.8682,26,✗ No,budget_exceeded
4,346,318,03-10,+25.0%,+73.18%,0.8659,26,✗ No,budget_exceeded
4,346,322,03-10,+25.0%,+72.99%,0.8650,26,✗ No,budget_exceeded
4,346,325,03-10,+25.0%,+71.75%,0.8588,27,✗ No,budget_exceeded
4,346,329,03-10,+25.0%,+61.36%,0.8068,30,✗ No,budget_exceeded
4,346,332,03-10,+24.6%,+6.43%,0.5321,33,✓ Yes,completed
4,346,336,03-10,+24.0%,+6.21%,0.5310,36,✓ Yes,completed
4,346,339,03-10,+23.5%,+6.13%,0.5306,37,✓ Yes,completed
4,346,343,03-10,+22.9%,+6.03%,0.5302,42,✓ Yes,completed
4,346,346,03-10,+22.3%,+5.76%,0.5288,51,✓ Yes,completed
4,350,280,03-10,+25.0%,+85.96%,0.9298,20,✗ No,budget_exceeded
4,350,284,03-10,+25.0%,+78.35%,0.8918,22,✗ No,budget_exceeded
4,350,287,03-10,+25.0%,+77.38%,0.8869,23,✗ No,budget_exceeded
4,350,291,03-10,+25.0%,+77.15%,0.8858,23,✗ No,budget_exceeded
4,350,294,03-10,+25.0%,+76.77%,0.8838,23,✗ No,budget_exceeded
4,350,298,03-10,+25.0%,+75.89%,0.8795,24,✗ No,budget_exceeded
4,350,301,03-10,+25.0%,+75.57%,0.8779,24,✗ No,budget_exceeded
4,350,305,03-10,+25.0%,+75.23%,0.8762,24,✗ No,budget_exceeded
4,350,308,03-10,+25.0%,+74.95%,0.8748,24,✗ No,budget_exceeded
4,350,312,03-10,+25.0%,+73.95%,0.8697,25,✗ No,budget_exceeded
4,350,315,03-10,+25.0%,+71.83%,0.8591,26,✗ No,budget_exceeded
4,350,319,03-10,+25.0%,+71.38%,0.8569,26,✗ No,budget_exceeded
4,350,322,03-10,+25.0%,+44.61%,0.7231,28,✗ No,budget_exceeded
4,350,326,03-10,+24.9%,+6.48%,0.5324,28,✓ Yes,completed
4,350,329,03-10,+24.3%,+6.27%,0.5313,29,✓ Yes,completed
4,350,332,03-10,+23.7%,+6.15%,0.5308,30,✓ Yes,completed
4,350,336,03-10,+23.0%,+6.08%,0.5304,33,✓ Yes,completed
4,350,339,03-10,+22.6%,+5.92%,0.5296,33,✓ Yes,completed
4,350,343,03-10,+21.8%,+5.72%,0.5286,38,✓ Yes,completed
4,350,346,03-10,+21.3%,+5.63%,0.5281,45,✓ Yes,completed
4,350,350,03-10,+20.1%,+5.15%,0.5258,63,✓ Yes,completed
4,353,280,03-10,+25.0%,+85.69%,0.9285,20,✗ No,budget_exceeded
4,353,284,03-10,+25.0%,+77.39%,0.8870,23,✗ No,budget_exceeded
4,353,287,03-10,+25.0%,+77.05%,0.8853,23,✗ No,budget_exceeded
4,353,290,03-10,+25.0%,+76.85%,0.8842,23,✗ No,budget_exceeded
4,353,294,03-10,+25.0%,+76.44%,0.8822,23,✗ No,budget_exceeded
4,353,297,03-10,+25.0%,+75.52%,0.8776,24,✗ No,budget_exceeded
4,353,300,03-10,+25.0%,+75.14%,0.8757,24,✗ No,budget_exceeded
4,353,304,03-10,+25.0%,+74.93%,0.8746,24,✗ No,budget_exceeded
4,353,307,03-10,+25.0%,+73.90%,0.8695,25,✗ No,budget_exceeded
4,353,310,03-10,+25.0%,+73.72%,0.8686,25,✗ No,budget_exceeded
4,353,314,03-10,+25.0%,+71.85%,0.8592,26,✗ No,budget_exceeded
4,353,317,03-10,+25.0%,+71.15%,0.8558,26,✗ No,budget_exceeded
4,353,320,03-10,+25.0%,+61.23%,0.8061,27,✗ No,budget_exceeded
4,353,324,03-10,+24.7%,+6.38%,0.5319,28,✓ Yes,completed
4,353,327,03-10,+24.4%,+6.28%,0.5314,28,✓ Yes,completed
4,353,330,03-10,+23.7%,+6.14%,0.5307,29,✓ Yes,completed
4,353,334,03-10,+23.1%,+6.07%,0.5304,30,✓ Yes,completed
4,353,337,03-10,+22.4%,+5.84%,0.5292,32,✓ Yes,completed
4,353,340,03-10,+22.1%,+5.76%,0.5288,32,✓ Yes,completed
4,353,343,03-10,+21.0%,+5.55%,0.5277,36,✓ Yes,completed
4,353,347,03-10,+20.3%,+5.25%,0.5262,42,✓ Yes,completed
4,353,350,03-10,+19.1%,+5.01%,0.5251,52,✓ Yes,completed
4,353,353,03-10,+18.0%,+4.63%,0.5232,68,✓ Yes,completed
4,357,280,03-10,+25.0%,+74.85%,0.8742,20,✗ No,budget_exceeded
4,357,284,03-10,+25.0%,+73.45%,0.8673,22,✗ No,budget_exceeded
4,357,287,03-10,+25.0%,+73.15%,0.8658,22,✗ No,budget_exceeded
4,357,290,03-10,+25.0%,+72.92%,0.8646,22,✗ No,budget_exceeded
4,357,294,03-10,+25.0%,+44.41%,0.7221,23,✗ No,budget_exceeded
4,357,297,03-10,+25.0%,+44.12%,0.7206,23,✗ No,budget_exceeded
4,357,300,03-10,+25.0%,+43.77%,0.7189,23,✗ No,budget_exceeded
4,357,304,03-10,+24.8%,+6.22%,0.5311,23,✓ Yes,completed
4,357,307,03-10,+24.5%,+6.12%,0.5306,23,✓ Yes,completed
4,357,310,03-10,+24.3%,+6.06%,0.5303,23,✓ Yes,completed
4,357,314,03-10,+23.6%,+5.97%,0.5298,23,✓ Yes,completed
4,357,317,03-10,+22.8%,+5.89%,0.5294,23,✓ Yes,completed
4,357,320,03-10,+22.4%,+5.75%,0.5288,23,✓ Yes,completed
4,357,324,03-10,+22.2%,+5.71%,0.5286,23,✓ Yes,completed
4,357,327,03-10,+22.0%,+5.70%,0.5285,23,✓ Yes,completed
4,357,330,03-10,+21.3%,+5.63%,0.5282,24,✓ Yes,completed
4,357,334,03-10,+20.7%,+5.42%,0.5271,25,✓ Yes,completed
4,357,337,03-10,+20.1%,+5.23%,0.5262,26,✓ Yes,completed
4,357,340,03-10,+19.8%,+5.20%,0.5260,26,✓ Yes,completed
4,357,344,03-10,+19.2%,+5.10%,0.5255,29,✓ Yes,completed
4,357,347,03-10,+18.3%,+4.79%,0.5239,36,✓ Yes,completed
4,357,350,03-10,+17.5%,+4.68%,0.5234,40,✓ Yes,completed
4,357,354,03-10,+16.7%,+4.32%,0.5216,47,✓ Yes,completed
4,357,357,03-10,+15.6%,+4.07%,0.5203,66,✓ Yes,completed
4,361,280,03-10,+25.0%,+72.62%,0.8631,20,✗ No,budget_exceeded
4,361,284,03-10,+24.5%,+5.87%,0.5294,21,✓ Yes,completed
4,361,287,03-10,+24.2%,+5.81%,0.5291,21,✓ Yes,completed
4,361,290,03-10,+23.9%,+5.80%,0.5290,21,✓ Yes,completed
4,361,294,03-10,+23.6%,+5.80%,0.5290,21,✓ Yes,completed
4,361,297,03-10,+23.3%,+5.81%,0.5291,21,✓ Yes,completed
4,361,300,03-10,+23.0%,+5.81%,0.5290,21,✓ Yes,completed
4,361,304,03-10,+22.8%,+5.76%,0.5288,21,✓ Yes,completed
4,361,307,03-10,+22.4%,+5.65%,0.5283,21,✓ Yes,completed
4,361,310,03-10,+22.3%,+5.62%,0.5281,21,✓ Yes,completed
4,361,314,03-10,+21.6%,+5.57%,0.5278,21,✓ Yes,completed
4,361,317,03-10,+21.4%,+5.57%,0.5278,21,✓ Yes,completed
4,361,320,03-10,+21.2%,+5.55%,0.5278,21,✓ Yes,completed
4,361,324,03-10,+21.0%,+5.49%,0.5275,21,✓ Yes,completed
4,361,327,03-10,+20.9%,+5.44%,0.5272,21,✓ Yes,completed
4,361,331,03-10,+20.3%,+5.23%,0.5261,22,✓ Yes,completed
4,361,334,03-10,+19.5%,+5.16%,0.5258,22,✓ Yes,completed
4,361,337,03-10,+18.9%,+4.98%,0.5249,22,✓ Yes,completed
4,361,341,03-10,+18.7%,+4.90%,0.5245,22,✓ Yes,completed
4,361,344,03-10,+18.1%,+4.77%,0.5238,24,✓ Yes,completed
4,361,347,03-10,+17.1%,+4.51%,0.5225,31,✓ Yes,completed
4,361,351,03-10,+16.5%,+4.33%,0.5216,33,✓ Yes,completed
4,361,354,03-10,+15.5%,+4.11%,0.5206,38,✓ Yes,completed
4,361,357,03-10,+14.5%,+3.71%,0.5185,46,✓ Yes,completed
4,361,361,03-10,+13.7%,+3.53%,0.5176,55,✓ Yes,completed
4,328,280,03-12,+25.0%,+89.52%,0.9476,18,✗ No,budget_exceeded
4,328,284,03-12,+25.0%,+88.02%,0.9401,20,✗ No,budget_exceeded
4,328,287,03-12,+25.0%,+87.70%,0.9385,20,✗ No,budget_exceeded
4,328,291,03-12,+25.0%,+87.49%,0.9375,20,✗ No,budget_exceeded
4,328,294,03-12,+25.0%,+86.59%,0.9329,21,✗ No,budget_exceeded
4,328,297,03-12,+25.0%,+82.98%,0.9149,23,✗ No,budget_exceeded
4,328,301,03-12,+25.0%,+82.49%,0.9124,23,✗ No,budget_exceeded
4,328,304,03-12,+25.0%,+81.32%,0.9066,25,✗ No,budget_exceeded
4,328,308,03-12,+25.0%,+80.98%,0.9049,25,✗ No,budget_exceeded
4,328,311,03-12,+25.0%,+80.69%,0.9035,25,✗ No,budget_exceeded
4,328,315,03-12,+25.0%,+79.22%,0.8961,27,✗ No,budget_exceeded
4,328,318,03-12,+25.0%,+78.84%,0.8942,28,✗ No,budget_exceeded
4,328,321,03-12,+25.0%,+77.76%,0.8888,30,✗ No,budget_exceeded
4,328,325,03-12,+25.0%,+77.30%,0.8865,34,✗ No,budget_exceeded
4,328,328,03-12,+25.0%,+76.85%,0.8842,41,✗ No,budget_exceeded
4,332,280,03-12,+25.0%,+89.30%,0.9465,18,✗ No,budget_exceeded
4,332,284,03-12,+25.0%,+87.76%,0.9388,20,✗ No,budget_exceeded
4,332,287,03-12,+25.0%,+87.44%,0.9372,20,✗ No,budget_exceeded
4,332,291,03-12,+25.0%,+86.54%,0.9327,21,✗ No,budget_exceeded
4,332,294,03-12,+25.0%,+83.07%,0.9154,22,✗ No,budget_exceeded
4,332,297,03-12,+25.0%,+82.58%,0.9129,23,✗ No,budget_exceeded
4,332,301,03-12,+25.0%,+81.49%,0.9074,24,✗ No,budget_exceeded
4,332,304,03-12,+25.0%,+80.83%,0.9041,25,✗ No,budget_exceeded
4,332,308,03-12,+25.0%,+80.48%,0.9024,25,✗ No,budget_exceeded
4,332,311,03-12,+25.0%,+79.59%,0.8979,26,✗ No,budget_exceeded
4,332,315,03-12,+25.0%,+78.70%,0.8935,27,✗ No,budget_exceeded
4,332,318,03-12,+25.0%,+77.62%,0.8881,28,✗ No,budget_exceeded
4,332,322,03-12,+25.0%,+77.22%,0.8861,29,✗ No,budget_exceeded
4,332,325,03-12,+25.0%,+76.78%,0.8839,33,✗ No,budget_exceeded
4,332,328,03-12,+25.0%,+75.61%,0.8781,38,✗ No,budget_exceeded
4,332,332,03-12,+25.0%,+72.20%,0.8610,49,✗ No,budget_exceeded
4,335,280,03-12,+25.0%,+88.22%,0.9411,19,✗ No,budget_exceeded
4,335,284,03-12,+25.0%,+87.52%,0.9376,20,✗ No,budget_exceeded
4,335,287,03-12,+25.0%,+86.58%,0.9329,21,✗ No,budget_exceeded
4,335,291,03-12,+25.0%,+86.30%,0.9315,21,✗ No,budget_exceeded
4,335,294,03-12,+25.0%,+82.84%,0.9142,22,✗ No,budget_exceeded
4,335,298,03-12,+25.0%,+82.32%,0.9116,23,✗ No,budget_exceeded
4,335,301,03-12,+25.0%,+81.25%,0.9062,24,✗ No,budget_exceeded
4,335,304,03-12,+25.0%,+80.58%,0.9029,25,✗ No,budget_exceeded
4,335,308,03-12,+25.0%,+79.63%,0.8982,26,✗ No,budget_exceeded
4,335,311,03-12,+25.0%,+79.32%,0.8966,26,✗ No,budget_exceeded
4,335,315,03-12,+25.0%,+77.80%,0.8890,28,✗ No,budget_exceeded
4,335,318,03-12,+25.0%,+77.38%,0.8869,28,✗ No,budget_exceeded
4,335,322,03-12,+25.0%,+76.98%,0.8849,29,✗ No,budget_exceeded
4,335,325,03-12,+25.0%,+75.75%,0.8788,33,✗ No,budget_exceeded
4,335,329,03-12,+25.0%,+73.95%,0.8697,40,✗ No,budget_exceeded
4,335,332,03-12,+25.0%,+67.10%,0.8355,49,✗ No,budget_exceeded
4,335,335,03-12,+25.0%,+48.46%,0.7423,60,✗ No,budget_exceeded
4,339,280,03-12,+25.0%,+87.33%,0.9366,19,✗ No,budget_exceeded
4,339,284,03-12,+25.0%,+82.15%,0.9107,22,✗ No,budget_exceeded
4,339,287,03-12,+25.0%,+81.26%,0.9063,23,✗ No,budget_exceeded
4,339,291,03-12,+25.0%,+80.97%,0.9048,23,✗ No,budget_exceeded
4,339,294,03-12,+25.0%,+80.64%,0.9032,23,✗ No,budget_exceeded
4,339,298,03-12,+25.0%,+80.35%,0.9017,23,✗ No,budget_exceeded
4,339,301,03-12,+25.0%,+79.40%,0.8970,24,✗ No,budget_exceeded
4,339,304,03-12,+25.0%,+79.13%,0.8957,24,✗ No,budget_exceeded
4,339,308,03-12,+25.0%,+78.77%,0.8938,24,✗ No,budget_exceeded
4,339,311,03-12,+25.0%,+77.89%,0.8894,25,✗ No,budget_exceeded
4,339,315,03-12,+25.0%,+76.96%,0.8848,26,✗ No,budget_exceeded
4,339,318,03-12,+25.0%,+75.73%,0.8786,27,✗ No,budget_exceeded
4,339,322,03-12,+25.0%,+75.52%,0.8776,27,✗ No,budget_exceeded
4,339,325,03-12,+25.0%,+68.08%,0.8404,31,✗ No,budget_exceeded
4,339,329,03-12,+25.0%,+65.37%,0.8268,38,✗ No,budget_exceeded
4,339,332,03-12,+25.0%,+31.94%,0.6597,46,✗ No,budget_exceeded
4,339,336,03-12,+24.5%,+6.46%,0.5323,51,✓ Yes,completed
4,339,339,03-12,+23.7%,+6.26%,0.5313,57,✓ Yes,completed
4,343,280,03-12,+25.0%,+85.99%,0.9299,19,✗ No,budget_exceeded
4,343,284,03-12,+25.0%,+80.82%,0.9041,22,✗ No,budget_exceeded
4,343,287,03-12,+25.0%,+80.46%,0.9023,22,✗ No,budget_exceeded
4,343,291,03-12,+25.0%,+80.25%,0.9013,22,✗ No,budget_exceeded
4,343,294,03-12,+25.0%,+79.37%,0.8969,23,✗ No,budget_exceeded
4,343,298,03-12,+25.0%,+79.08%,0.8954,23,✗ No,budget_exceeded
4,343,301,03-12,+25.0%,+78.71%,0.8936,23,✗ No,budget_exceeded
4,343,305,03-12,+25.0%,+77.76%,0.8888,24,✗ No,budget_exceeded
4,343,308,03-12,+25.0%,+77.47%,0.8874,24,✗ No,budget_exceeded
4,343,311,03-12,+25.0%,+77.25%,0.8862,24,✗ No,budget_exceeded
4,343,315,03-12,+25.0%,+75.51%,0.8775,26,✗ No,budget_exceeded
4,343,318,03-12,+25.0%,+75.07%,0.8754,26,✗ No,budget_exceeded
4,343,322,03-12,+25.0%,+65.37%,0.8268,29,✗ No,budget_exceeded
4,343,325,03-12,+25.0%,+48.42%,0.7421,30,✗ No,budget_exceeded
4,343,329,03-12,+24.8%,+6.63%,0.5331,34,✓ Yes,completed
4,343,332,03-12,+24.1%,+6.38%,0.5319,38,✓ Yes,completed
4,343,336,03-12,+23.5%,+6.29%,0.5314,42,✓ Yes,completed
4,343,339,03-12,+22.8%,+6.22%,0.5311,43,✓ Yes,completed
4,343,343,03-12,+22.2%,+6.01%,0.5300,49,✓ Yes,completed
4,346,280,03-12,+25.0%,+82.16%,0.9108,20,✗ No,budget_exceeded
4,346,284,03-12,+25.0%,+80.24%,0.9012,22,✗ No,budget_exceeded
4,346,287,03-12,+25.0%,+79.33%,0.8966,23,✗ No,budget_exceeded
4,346,291,03-12,+25.0%,+79.12%,0.8956,23,✗ No,budget_exceeded
4,346,294,03-12,+25.0%,+78.78%,0.8939,23,✗ No,budget_exceeded
4,346,298,03-12,+25.0%,+78.49%,0.8924,23,✗ No,budget_exceeded
4,346,301,03-12,+25.0%,+77.51%,0.8876,24,✗ No,budget_exceeded
4,346,305,03-12,+25.0%,+77.15%,0.8858,24,✗ No,budget_exceeded
4,346,308,03-12,+25.0%,+76.87%,0.8843,24,✗ No,budget_exceeded
4,346,312,03-12,+25.0%,+75.68%,0.8784,25,✗ No,budget_exceeded
4,346,315,03-12,+25.0%,+65.25%,0.8262,27,✗ No,budget_exceeded
4,346,318,03-12,+25.0%,+48.39%,0.7420,28,✗ No,budget_exceeded
4,346,322,03-12,+24.7%,+6.58%,0.5329,28,✓ Yes,completed
4,346,325,03-12,+24.4%,+6.45%,0.5323,28,✓ Yes,completed
4,346,329,03-12,+23.7%,+6.32%,0.5316,29,✓ Yes,completed
4,346,332,03-12,+23.0%,+6.30%,0.5315,31,✓ Yes,completed
4,346,336,03-12,+22.4%,+6.08%,0.5304,34,✓ Yes,completed
4,346,339,03-12,+22.0%,+6.01%,0.5300,35,✓ Yes,completed
4,346,343,03-12,+21.5%,+5.93%,0.5297,39,✓ Yes,completed
4,346,346,03-12,+20.9%,+5.78%,0.5289,48,✓ Yes,completed
4,350,280,03-12,+25.0%,+80.20%,0.9010,20,✗ No,budget_exceeded
4,350,284,03-12,+25.0%,+78.87%,0.8943,22,✗ No,budget_exceeded
4,350,287,03-12,+25.0%,+78.49%,0.8924,22,✗ No,budget_exceeded
4,350,291,03-12,+25.0%,+78.28%,0.8914,22,✗ No,budget_exceeded
4,350,294,03-12,+25.0%,+77.30%,0.8865,23,✗ No,budget_exceeded
4,350,298,03-12,+25.0%,+77.01%,0.8850,23,✗ No,budget_exceeded
4,350,301,03-12,+25.0%,+76.71%,0.8836,23,✗ No,budget_exceeded
4,350,305,03-12,+25.0%,+75.38%,0.8769,24,✗ No,budget_exceeded
4,350,308,03-12,+25.0%,+75.10%,0.8755,24,✗ No,budget_exceeded
4,350,312,03-12,+25.0%,+74.84%,0.8742,24,✗ No,budget_exceeded
4,350,315,03-12,+25.0%,+47.52%,0.7376,26,✗ No,budget_exceeded
4,350,319,03-12,+24.4%,+6.40%,0.5320,26,✓ Yes,completed
4,350,322,03-12,+23.6%,+6.27%,0.5313,26,✓ Yes,completed
4,350,326,03-12,+23.3%,+6.28%,0.5314,26,✓ Yes,completed
4,350,329,03-12,+22.7%,+6.17%,0.5309,27,✓ Yes,completed
4,350,332,03-12,+22.1%,+6.02%,0.5301,28,✓ Yes,completed
4,350,336,03-12,+21.5%,+5.94%,0.5297,31,✓ Yes,completed
4,350,339,03-12,+21.1%,+5.89%,0.5295,31,✓ Yes,completed
4,350,343,03-12,+20.5%,+5.64%,0.5282,35,✓ Yes,completed
4,350,346,03-12,+20.0%,+5.52%,0.5276,42,✓ Yes,completed
4,350,350,03-12,+19.1%,+5.29%,0.5265,56,✓ Yes,completed
4,353,280,03-12,+25.0%,+79.23%,0.8962,21,✗ No,budget_exceeded
4,353,284,03-12,+25.0%,+78.43%,0.8921,22,✗ No,budget_exceeded
4,353,287,03-12,+25.0%,+77.49%,0.8874,23,✗ No,budget_exceeded
4,353,290,03-12,+25.0%,+77.27%,0.8864,23,✗ No,budget_exceeded
4,353,294,03-12,+25.0%,+76.91%,0.8845,23,✗ No,budget_exceeded
4,353,297,03-12,+25.0%,+76.63%,0.8832,23,✗ No,budget_exceeded
4,353,300,03-12,+25.0%,+75.28%,0.8764,24,✗ No,budget_exceeded
4,353,304,03-12,+25.0%,+75.05%,0.8752,24,✗ No,budget_exceeded
4,353,307,03-12,+25.0%,+65.02%,0.8251,25,✗ No,budget_exceeded
4,353,310,03-12,+25.0%,+64.86%,0.8243,25,✗ No,budget_exceeded
4,353,314,03-12,+25.0%,+47.54%,0.7377,26,✗ No,budget_exceeded
4,353,317,03-12,+24.2%,+6.31%,0.5316,26,✓ Yes,completed
4,353,320,03-12,+23.8%,+6.26%,0.5313,26,✓ Yes,completed
4,353,324,03-12,+23.0%,+6.25%,0.5313,26,✓ Yes,completed
4,353,327,03-12,+22.8%,+6.19%,0.5309,26,✓ Yes,completed
4,353,330,03-12,+22.1%,+6.01%,0.5300,27,✓ Yes,completed
4,353,334,03-12,+21.5%,+5.93%,0.5297,28,✓ Yes,completed
4,353,337,03-12,+20.9%,+5.79%,0.5289,30,✓ Yes,completed
4,353,340,03-12,+20.6%,+5.68%,0.5284,30,✓ Yes,completed
4,353,343,03-12,+19.9%,+5.53%,0.5277,33,✓ Yes,completed
4,353,347,03-12,+19.3%,+5.43%,0.5271,39,✓ Yes,completed
4,353,350,03-12,+18.2%,+5.04%,0.5252,49,✓ Yes,completed
4,353,353,03-12,+17.2%,+4.75%,0.5238,64,✓ Yes,completed
4,357,280,03-12,+25.0%,+77.17%,0.8859,21,✗ No,budget_exceeded
4,357,284,03-12,+25.0%,+76.37%,0.8819,22,✗ No,budget_exceeded
4,357,287,03-12,+25.0%,+47.72%,0.7386,23,✗ No,budget_exceeded
4,357,290,03-12,+25.0%,+47.47%,0.7373,23,✗ No,budget_exceeded
4,357,294,03-12,+25.0%,+6.29%,0.5315,23,✓ Yes,completed
4,357,297,03-12,+24.7%,+6.26%,0.5313,23,✓ Yes,completed
4,357,300,03-12,+24.3%,+6.17%,0.5308,23,✓ Yes,completed
4,357,304,03-12,+24.1%,+6.11%,0.5306,23,✓ Yes,completed
4,357,307,03-12,+23.7%,+6.10%,0.5305,23,✓ Yes,completed
4,357,310,03-12,+23.5%,+6.11%,0.5305,23,✓ Yes,completed
4,357,314,03-12,+22.8%,+6.08%,0.5304,23,✓ Yes,completed
4,357,317,03-12,+22.0%,+5.91%,0.5295,23,✓ Yes,completed
4,357,320,03-12,+21.6%,+5.88%,0.5294,23,✓ Yes,completed
4,357,324,03-12,+21.5%,+5.87%,0.5294,23,✓ Yes,completed
4,357,327,03-12,+21.2%,+5.85%,0.5293,23,✓ Yes,completed
4,357,330,03-12,+20.5%,+5.62%,0.5281,24,✓ Yes,completed
4,357,334,03-12,+20.0%,+5.52%,0.5276,25,✓ Yes,completed
4,357,337,03-12,+19.3%,+5.44%,0.5272,26,✓ Yes,completed
4,357,340,03-12,+19.1%,+5.35%,0.5268,26,✓ Yes,completed
4,357,344,03-12,+18.4%,+5.12%,0.5256,29,✓ Yes,completed
4,357,347,03-12,+17.5%,+4.97%,0.5249,36,✓ Yes,completed
4,357,350,03-12,+16.8%,+4.61%,0.5230,40,✓ Yes,completed
4,357,354,03-12,+16.1%,+4.47%,0.5223,46,✓ Yes,completed
4,357,357,03-12,+15.1%,+4.10%,0.5205,65,✓ Yes,completed
4,361,280,03-12,+24.3%,+5.86%,0.5293,20,✓ Yes,completed
4,361,284,03-12,+23.5%,+5.82%,0.5291,21,✓ Yes,completed
4,361,287,03-12,+23.2%,+5.88%,0.5294,21,✓ Yes,completed
4,361,290,03-12,+23.0%,+5.90%,0.5295,21,✓ Yes,completed
4,361,294,03-12,+22.6%,+5.84%,0.5292,21,✓ Yes,completed
4,361,297,03-12,+22.3%,+5.77%,0.5289,21,✓ Yes,completed
4,361,300,03-12,+22.0%,+5.76%,0.5288,21,✓ Yes,completed
4,361,304,03-12,+21.8%,+5.76%,0.5288,21,✓ Yes,completed
4,361,307,03-12,+21.5%,+5.75%,0.5288,21,✓ Yes,completed
4,361,310,03-12,+21.3%,+5.75%,0.5288,21,✓ Yes,completed
4,361,314,03-12,+20.7%,+5.58%,0.5279,21,✓ Yes,completed
4,361,317,03-12,+20.5%,+5.53%,0.5276,21,✓ Yes,completed
4,361,320,03-12,+20.2%,+5.50%,0.5275,21,✓ Yes,completed
4,361,324,03-12,+20.1%,+5.48%,0.5274,21,✓ Yes,completed
4,361,327,03-12,+19.9%,+5.46%,0.5273,21,✓ Yes,completed
4,361,331,03-12,+19.4%,+5.41%,0.5270,22,✓ Yes,completed
4,361,334,03-12,+18.6%,+5.13%,0.5257,22,✓ Yes,completed
4,361,337,03-12,+18.0%,+5.04%,0.5252,22,✓ Yes,completed
4,361,341,03-12,+17.8%,+5.02%,0.5251,22,✓ Yes,completed
4,361,344,03-12,+17.2%,+4.83%,0.5242,24,✓ Yes,completed
4,361,347,03-12,+16.1%,+4.51%,0.5225,31,✓ Yes,completed
4,361,351,03-12,+15.6%,+4.44%,0.5222,33,✓ Yes,completed
4,361,354,03-12,+14.9%,+4.13%,0.5207,37,✓ Yes,completed
4,361,357,03-12,+13.9%,+3.95%,0.5197,45,✓ Yes,completed
4,361,361,03-12,+13.1%,+3.59%,0.5180,54,✓ Yes,completed
4,328,280,03-14,+25.0%,+85.90%,0.9295,20,✗ No,budget_exceeded
4,328,284,03-14,+25.0%,+84.51%,0.9226,21,✗ No,budget_exceeded
4,328,287,03-14,+25.0%,+84.19%,0.9209,21,✗ No,budget_exceeded
4,328,291,03-14,+25.0%,+83.34%,0.9167,22,✗ No,budget_exceeded
4,328,294,03-14,+25.0%,+83.12%,0.9156,22,✗ No,budget_exceeded
4,328,297,03-14,+25.0%,+82.55%,0.9128,23,✗ No,budget_exceeded
4,328,301,03-14,+25.0%,+81.51%,0.9075,24,✗ No,budget_exceeded
4,328,304,03-14,+25.0%,+80.94%,0.9047,25,✗ No,budget_exceeded
4,328,308,03-14,+25.0%,+80.64%,0.9032,25,✗ No,budget_exceeded
4,328,311,03-14,+25.0%,+79.60%,0.8980,26,✗ No,budget_exceeded
4,328,315,03-14,+25.0%,+78.77%,0.8939,27,✗ No,budget_exceeded
4,328,318,03-14,+25.0%,+77.69%,0.8884,29,✗ No,budget_exceeded
4,328,321,03-14,+25.0%,+75.91%,0.8796,32,✗ No,budget_exceeded
4,328,325,03-14,+25.0%,+70.78%,0.8539,41,✗ No,budget_exceeded
4,328,328,03-14,+25.0%,+68.89%,0.8445,54,✗ No,budget_exceeded
4,332,280,03-14,+25.0%,+84.95%,0.9247,21,✗ No,budget_exceeded
4,332,284,03-14,+25.0%,+84.10%,0.9205,21,✗ No,budget_exceeded
4,332,287,03-14,+25.0%,+83.22%,0.9161,22,✗ No,budget_exceeded
4,332,291,03-14,+25.0%,+82.92%,0.9146,22,✗ No,budget_exceeded
4,332,294,03-14,+25.0%,+82.67%,0.9133,22,✗ No,budget_exceeded
4,332,297,03-14,+25.0%,+81.53%,0.9077,24,✗ No,budget_exceeded
4,332,301,03-14,+25.0%,+81.07%,0.9053,24,✗ No,budget_exceeded
4,332,304,03-14,+25.0%,+79.67%,0.8983,26,✗ No,budget_exceeded
4,332,308,03-14,+25.0%,+79.36%,0.8968,26,✗ No,budget_exceeded
4,332,311,03-14,+25.0%,+79.05%,0.8953,26,✗ No,budget_exceeded
4,332,315,03-14,+25.0%,+75.98%,0.8799,29,✗ No,budget_exceeded
4,332,318,03-14,+25.0%,+75.16%,0.8758,30,✗ No,budget_exceeded
4,332,322,03-14,+25.0%,+69.12%,0.8456,36,✗ No,budget_exceeded
4,332,325,03-14,+25.0%,+65.27%,0.8263,41,✗ No,budget_exceeded
4,332,328,03-14,+25.0%,+51.80%,0.7590,48,✗ No,budget_exceeded
4,332,332,03-14,+24.9%,+6.52%,0.5326,65,✓ Yes,completed
4,335,280,03-14,+25.0%,+84.73%,0.9236,21,✗ No,budget_exceeded
4,335,284,03-14,+25.0%,+83.34%,0.9167,22,✗ No,budget_exceeded
4,335,287,03-14,+25.0%,+82.99%,0.9150,22,✗ No,budget_exceeded
4,335,291,03-14,+25.0%,+82.70%,0.9135,22,✗ No,budget_exceeded
4,335,294,03-14,+25.0%,+82.44%,0.9122,22,✗ No,budget_exceeded
4,335,298,03-14,+25.0%,+81.29%,0.9065,24,✗ No,budget_exceeded
4,335,301,03-14,+25.0%,+80.85%,0.9042,24,✗ No,budget_exceeded
4,335,304,03-14,+25.0%,+79.44%,0.8972,26,✗ No,budget_exceeded
4,335,308,03-14,+25.0%,+79.14%,0.8957,26,✗ No,budget_exceeded
4,335,311,03-14,+25.0%,+78.83%,0.8942,26,✗ No,budget_exceeded
4,335,315,03-14,+25.0%,+75.72%,0.8786,29,✗ No,budget_exceeded
4,335,318,03-14,+25.0%,+70.93%,0.8546,32,✗ No,budget_exceeded
4,335,322,03-14,+25.0%,+68.71%,0.8435,36,✗ No,budget_exceeded
4,335,325,03-14,+25.0%,+51.56%,0.7578,41,✗ No,budget_exceeded
4,335,329,03-14,+24.8%,+6.56%,0.5328,49,✓ Yes,completed
4,335,332,03-14,+24.0%,+6.35%,0.5318,54,✓ Yes,completed
4,335,335,03-14,+23.1%,+6.30%,0.5315,62,✓ Yes,completed
4,339,280,03-14,+25.0%,+82.58%,0.9129,22,✗ No,budget_exceeded
4,339,284,03-14,+25.0%,+81.17%,0.9058,23,✗ No,budget_exceeded
4,339,287,03-14,+25.0%,+80.82%,0.9041,23,✗ No,budget_exceeded
4,339,291,03-14,+25.0%,+80.51%,0.9025,23,✗ No,budget_exceeded
4,339,294,03-14,+25.0%,+79.50%,0.8975,24,✗ No,budget_exceeded
4,339,298,03-14,+25.0%,+79.16%,0.8958,24,✗ No,budget_exceeded
4,339,301,03-14,+25.0%,+78.85%,0.8942,24,✗ No,budget_exceeded
4,339,304,03-14,+25.0%,+78.58%,0.8929,24,✗ No,budget_exceeded
4,339,308,03-14,+25.0%,+75.67%,0.8783,25,✗ No,budget_exceeded
4,339,311,03-14,+25.0%,+75.42%,0.8771,25,✗ No,budget_exceeded
4,339,315,03-14,+25.0%,+55.31%,0.7766,30,✗ No,budget_exceeded
4,339,318,03-14,+25.0%,+51.61%,0.7580,31,✗ No,budget_exceeded
4,339,322,03-14,+24.3%,+6.45%,0.5323,32,✓ Yes,completed
4,339,325,03-14,+24.0%,+6.39%,0.5320,34,✓ Yes,completed
4,339,329,03-14,+23.4%,+6.36%,0.5318,39,✓ Yes,completed
4,339,332,03-14,+22.6%,+6.22%,0.5311,44,✓ Yes,completed
4,339,336,03-14,+22.0%,+6.04%,0.5302,49,✓ Yes,completed
4,339,339,03-14,+21.3%,+5.94%,0.5297,55,✓ Yes,completed
4,343,280,03-14,+25.0%,+81.33%,0.9067,22,✗ No,budget_exceeded
4,343,284,03-14,+25.0%,+80.48%,0.9024,22,✗ No,budget_exceeded
4,343,287,03-14,+25.0%,+79.39%,0.8970,23,✗ No,budget_exceeded
4,343,291,03-14,+25.0%,+79.16%,0.8958,23,✗ No,budget_exceeded
4,343,294,03-14,+25.0%,+78.87%,0.8943,23,✗ No,budget_exceeded
4,343,298,03-14,+25.0%,+78.58%,0.8929,23,✗ No,budget_exceeded
4,343,301,03-14,+25.0%,+70.59%,0.8530,25,✗ No,budget_exceeded
4,343,305,03-14,+25.0%,+70.23%,0.8511,25,✗ No,budget_exceeded
4,343,308,03-14,+25.0%,+69.99%,0.8499,25,✗ No,budget_exceeded
4,343,311,03-14,+25.0%,+69.03%,0.8452,26,✗ No,budget_exceeded
4,343,315,03-14,+25.0%,+35.30%,0.6765,29,✗ No,budget_exceeded
4,343,318,03-14,+24.4%,+6.44%,0.5322,29,✓ Yes,completed
4,343,322,03-14,+23.5%,+6.36%,0.5318,29,✓ Yes,completed
4,343,325,03-14,+23.1%,+6.38%,0.5319,29,✓ Yes,completed
4,343,329,03-14,+22.5%,+6.20%,0.5310,32,✓ Yes,completed
4,343,332,03-14,+21.8%,+6.04%,0.5302,36,✓ Yes,completed
4,343,336,03-14,+21.1%,+5.96%,0.5298,40,✓ Yes,completed
4,343,339,03-14,+20.5%,+5.71%,0.5286,41,✓ Yes,completed
4,343,343,03-14,+19.9%,+5.61%,0.5280,46,✓ Yes,completed
4,346,280,03-14,+25.0%,+80.74%,0.9037,22,✗ No,budget_exceeded
4,346,284,03-14,+25.0%,+79.03%,0.8952,23,✗ No,budget_exceeded
4,346,287,03-14,+25.0%,+78.67%,0.8934,23,✗ No,budget_exceeded
4,346,291,03-14,+25.0%,+78.44%,0.8922,23,✗ No,budget_exceeded
4,346,294,03-14,+25.0%,+68.87%,0.8444,25,✗ No,budget_exceeded
4,346,298,03-14,+25.0%,+68.54%,0.8427,25,✗ No,budget_exceeded
4,346,301,03-14,+25.0%,+68.18%,0.8409,25,✗ No,budget_exceeded
4,346,305,03-14,+25.0%,+51.31%,0.7565,26,✗ No,budget_exceeded
4,346,308,03-14,+25.0%,+6.49%,0.5324,26,✓ Yes,completed
4,346,312,03-14,+24.7%,+6.47%,0.5324,26,✓ Yes,completed
4,346,315,03-14,+23.7%,+6.31%,0.5315,26,✓ Yes,completed
4,346,318,03-14,+23.1%,+6.33%,0.5316,26,✓ Yes,completed
4,346,322,03-14,+22.4%,+6.12%,0.5306,26,✓ Yes,completed
4,346,325,03-14,+22.0%,+6.07%,0.5303,26,✓ Yes,completed
4,346,329,03-14,+21.4%,+6.01%,0.5300,27,✓ Yes,completed
4,346,332,03-14,+20.7%,+5.81%,0.5291,29,✓ Yes,completed
4,346,336,03-14,+20.1%,+5.66%,0.5283,32,✓ Yes,completed
4,346,339,03-14,+19.6%,+5.64%,0.5282,33,✓ Yes,completed
4,346,343,03-14,+19.2%,+5.60%,0.5280,36,✓ Yes,completed
4,346,346,03-14,+18.9%,+5.43%,0.5271,44,✓ Yes,completed
4,350,280,03-14,+25.0%,+78.41%,0.8920,22,✗ No,budget_exceeded
4,350,284,03-14,+25.0%,+68.47%,0.8424,23,✗ No,budget_exceeded
4,350,287,03-14,+25.0%,+68.09%,0.8405,23,✗ No,budget_exceeded
4,350,291,03-14,+25.0%,+67.86%,0.8393,23,✗ No,budget_exceeded
4,350,294,03-14,+25.0%,+51.41%,0.7570,24,✗ No,budget_exceeded
4,350,298,03-14,+25.0%,+51.03%,0.7552,24,✗ No,budget_exceeded
4,350,301,03-14,+24.9%,+6.36%,0.5318,24,✓ Yes,completed
4,350,305,03-14,+24.1%,+6.24%,0.5312,24,✓ Yes,completed
4,350,308,03-14,+23.8%,+6.24%,0.5312,24,✓ Yes,completed
4,350,312,03-14,+23.6%,+6.24%,0.5312,24,✓ Yes,completed
4,350,315,03-14,+22.6%,+6.13%,0.5306,24,✓ Yes,completed
4,350,319,03-14,+22.0%,+6.01%,0.5300,24,✓ Yes,completed
4,350,322,03-14,+21.2%,+5.96%,0.5298,24,✓ Yes,completed
4,350,326,03-14,+21.0%,+5.90%,0.5295,24,✓ Yes,completed
4,350,329,03-14,+20.4%,+5.69%,0.5284,25,✓ Yes,completed
4,350,332,03-14,+19.8%,+5.63%,0.5281,26,✓ Yes,completed
4,350,336,03-14,+19.1%,+5.57%,0.5279,29,✓ Yes,completed
4,350,339,03-14,+18.8%,+5.44%,0.5272,29,✓ Yes,completed
4,350,343,03-14,+18.4%,+5.34%,0.5267,32,✓ Yes,completed
4,350,346,03-14,+18.0%,+5.25%,0.5262,39,✓ Yes,completed
4,350,350,03-14,+17.1%,+4.98%,0.5249,53,✓ Yes,completed
4,353,280,03-14,+25.0%,+68.27%,0.8414,23,✗ No,budget_exceeded
4,353,284,03-14,+25.0%,+67.99%,0.8400,23,✗ No,budget_exceeded
4,353,287,03-14,+25.0%,+67.67%,0.8384,23,✗ No,budget_exceeded
4,353,290,03-14,+25.0%,+51.29%,0.7565,24,✗ No,budget_exceeded
4,353,294,03-14,+25.0%,+50.96%,0.7548,24,✗ No,budget_exceeded
4,353,297,03-14,+24.8%,+6.30%,0.5315,24,✓ Yes,completed
4,353,300,03-14,+24.5%,+6.24%,0.5312,24,✓ Yes,completed
4,353,304,03-14,+23.9%,+6.18%,0.5309,24,✓ Yes,completed
4,353,307,03-14,+23.5%,+6.19%,0.5310,24,✓ Yes,completed
4,353,310,03-14,+23.3%,+6.21%,0.5311,24,✓ Yes,completed
4,353,314,03-14,+22.6%,+6.10%,0.5305,24,✓ Yes,completed
4,353,317,03-14,+21.8%,+5.95%,0.5297,24,✓ Yes,completed
4,353,320,03-14,+21.5%,+5.93%,0.5297,24,✓ Yes,completed
4,353,324,03-14,+20.7%,+5.76%,0.5288,24,✓ Yes,completed
4,353,327,03-14,+20.4%,+5.68%,0.5284,24,✓ Yes,completed
4,353,330,03-14,+19.8%,+5.61%,0.5281,25,✓ Yes,completed
4,353,334,03-14,+19.2%,+5.57%,0.5278,26,✓ Yes,completed
4,353,337,03-14,+18.6%,+5.36%,0.5268,28,✓ Yes,completed
4,353,340,03-14,+18.3%,+5.32%,0.5266,28,✓ Yes,completed
4,353,343,03-14,+17.9%,+5.26%,0.5263,30,✓ Yes,completed
4,353,347,03-14,+17.4%,+5.15%,0.5258,36,✓ Yes,completed
4,353,350,03-14,+16.3%,+4.77%,0.5239,46,✓ Yes,completed
4,353,353,03-14,+15.3%,+4.50%,0.5225,59,✓ Yes,completed
4,357,280,03-14,+23.6%,+5.89%,0.5295,21,✓ Yes,completed
4,357,284,03-14,+23.3%,+5.94%,0.5297,21,✓ Yes,completed
4,357,287,03-14,+23.0%,+5.97%,0.5299,21,✓ Yes,completed
4,357,290,03-14,+22.8%,+5.93%,0.5297,21,✓ Yes,completed
4,357,294,03-14,+22.5%,+5.87%,0.5293,21,✓ Yes,completed
4,357,297,03-14,+22.2%,+5.82%,0.5291,21,✓ Yes,completed
4,357,300,03-14,+21.9%,+5.81%,0.5290,21,✓ Yes,completed
4,357,304,03-14,+21.7%,+5.80%,0.5290,21,✓ Yes,completed
4,357,307,03-14,+21.4%,+5.81%,0.5290,21,✓ Yes,completed
4,357,310,03-14,+21.2%,+5.80%,0.5290,21,✓ Yes,completed
4,357,314,03-14,+20.5%,+5.60%,0.5280,21,✓ Yes,completed
4,357,317,03-14,+19.8%,+5.53%,0.5277,21,✓ Yes,completed
4,357,320,03-14,+19.4%,+5.56%,0.5278,21,✓ Yes,completed
4,357,324,03-14,+19.2%,+5.54%,0.5277,21,✓ Yes,completed
4,357,327,03-14,+19.0%,+5.47%,0.5273,21,✓ Yes,completed
4,357,330,03-14,+18.4%,+5.31%,0.5265,22,✓ Yes,completed
4,357,334,03-14,+17.8%,+5.23%,0.5262,23,✓ Yes,completed
4,357,337,03-14,+17.2%,+5.07%,0.5254,24,✓ Yes,completed
4,357,340,03-14,+16.9%,+4.98%,0.5249,24,✓ Yes,completed
4,357,344,03-14,+16.6%,+4.89%,0.5244,26,✓ Yes,completed
4,357,347,03-14,+15.8%,+4.74%,0.5237,33,✓ Yes,completed
4,357,350,03-14,+15.1%,+4.46%,0.5223,37,✓ Yes,completed
4,357,354,03-14,+14.4%,+4.29%,0.5214,43,✓ Yes,completed
4,357,357,03-14,+13.4%,+3.93%,0.5196,62,✓ Yes,completed
4,361,280,03-14,+21.0%,+5.46%,0.5273,19,✓ Yes,completed
4,361,284,03-14,+20.8%,+5.40%,0.5270,19,✓ Yes,completed
4,361,287,03-14,+20.5%,+5.34%,0.5267,19,✓ Yes,completed
4,361,290,03-14,+20.2%,+5.33%,0.5266,19,✓ Yes,completed
4,361,294,03-14,+20.0%,+5.34%,0.5267,19,✓ Yes,completed
4,361,297,03-14,+19.7%,+5.36%,0.5268,19,✓ Yes,completed
4,361,300,03-14,+19.4%,+5.40%,0.5270,19,✓ Yes,completed
4,361,304,03-14,+19.2%,+5.40%,0.5270,19,✓ Yes,completed
4,361,307,03-14,+19.0%,+5.32%,0.5266,19,✓ Yes,completed
4,361,310,03-14,+18.8%,+5.28%,0.5264,19,✓ Yes,completed
4,361,314,03-14,+18.2%,+5.18%,0.5259,19,✓ Yes,completed
4,361,317,03-14,+18.0%,+5.17%,0.5259,19,✓ Yes,completed
4,361,320,03-14,+17.8%,+5.16%,0.5258,19,✓ Yes,completed
4,361,324,03-14,+17.6%,+5.16%,0.5258,19,✓ Yes,completed
4,361,327,03-14,+17.5%,+5.15%,0.5257,19,✓ Yes,completed
4,361,331,03-14,+17.0%,+4.96%,0.5248,20,✓ Yes,completed
4,361,334,03-14,+16.2%,+4.80%,0.5240,20,✓ Yes,completed
4,361,337,03-14,+15.6%,+4.71%,0.5236,20,✓ Yes,completed
4,361,341,03-14,+15.4%,+4.65%,0.5232,20,✓ Yes,completed
4,361,344,03-14,+15.3%,+4.58%,0.5229,21,✓ Yes,completed
4,361,347,03-14,+14.5%,+4.34%,0.5217,27,✓ Yes,completed
4,361,351,03-14,+14.0%,+4.26%,0.5213,29,✓ Yes,completed
4,361,354,03-14,+13.4%,+4.00%,0.5200,33,✓ Yes,completed
4,361,357,03-14,+12.5%,+3.71%,0.5186,41,✓ Yes,completed
4,361,361,03-14,+11.8%,+3.56%,0.5178,50,✓ Yes,completed
4,328,280,03-16,+25.0%,+84.29%,0.9214,20,✗ No,budget_exceeded
4,328,284,03-16,+25.0%,+82.84%,0.9142,21,✗ No,budget_exceeded
4,328,287,03-16,+25.0%,+82.56%,0.9128,21,✗ No,budget_exceeded
4,328,291,03-16,+25.0%,+81.57%,0.9079,22,✗ No,budget_exceeded
4,328,294,03-16,+25.0%,+81.34%,0.9067,22,✗ No,budget_exceeded
4,328,297,03-16,+25.0%,+80.87%,0.9044,23,✗ No,budget_exceeded
4,328,301,03-16,+25.0%,+79.27%,0.8964,25,✗ No,budget_exceeded
4,328,304,03-16,+25.0%,+77.88%,0.8894,27,✗ No,budget_exceeded
4,328,308,03-16,+25.0%,+75.43%,0.8771,28,✗ No,budget_exceeded
4,328,311,03-16,+25.0%,+74.43%,0.8721,29,✗ No,budget_exceeded
4,328,315,03-16,+25.0%,+72.67%,0.8633,33,✗ No,budget_exceeded
4,328,318,03-16,+25.0%,+69.18%,0.8459,35,✗ No,budget_exceeded
4,328,321,03-16,+25.0%,+55.71%,0.7785,41,✗ No,budget_exceeded
4,328,325,03-16,+25.0%,+48.64%,0.7432,50,✗ No,budget_exceeded
4,328,328,03-16,+24.5%,+6.72%,0.5336,69,✓ Yes,completed
4,332,280,03-16,+25.0%,+83.18%,0.9159,21,✗ No,budget_exceeded
4,332,284,03-16,+25.0%,+82.41%,0.9120,21,✗ No,budget_exceeded
4,332,287,03-16,+25.0%,+81.31%,0.9066,22,✗ No,budget_exceeded
4,332,291,03-16,+25.0%,+81.00%,0.9050,22,✗ No,budget_exceeded
4,332,294,03-16,+25.0%,+80.77%,0.9039,22,✗ No,budget_exceeded
4,332,297,03-16,+25.0%,+79.57%,0.8979,24,✗ No,budget_exceeded
4,332,301,03-16,+25.0%,+74.55%,0.8727,26,✗ No,budget_exceeded
4,332,304,03-16,+25.0%,+73.90%,0.8695,27,✗ No,budget_exceeded
4,332,308,03-16,+25.0%,+73.59%,0.8680,27,✗ No,budget_exceeded
4,332,311,03-16,+25.0%,+72.61%,0.8631,28,✗ No,budget_exceeded
4,332,315,03-16,+25.0%,+55.43%,0.7772,34,✗ No,budget_exceeded
4,332,318,03-16,+25.0%,+48.72%,0.7436,35,✗ No,budget_exceeded
4,332,322,03-16,+24.4%,+6.79%,0.5339,38,✓ Yes,completed
4,332,325,03-16,+23.8%,+6.59%,0.5330,42,✓ Yes,completed
4,332,328,03-16,+23.3%,+6.49%,0.5324,49,✓ Yes,completed
4,332,332,03-16,+22.6%,+6.21%,0.5311,61,✓ Yes,completed
4,335,280,03-16,+25.0%,+82.96%,0.9148,21,✗ No,budget_exceeded
4,335,284,03-16,+25.0%,+82.19%,0.9109,21,✗ No,budget_exceeded
4,335,287,03-16,+25.0%,+81.09%,0.9055,22,✗ No,budget_exceeded
4,335,291,03-16,+25.0%,+80.78%,0.9039,22,✗ No,budget_exceeded
4,335,294,03-16,+25.0%,+80.55%,0.9028,22,✗ No,budget_exceeded
4,335,298,03-16,+25.0%,+75.48%,0.8774,25,✗ No,budget_exceeded
4,335,301,03-16,+25.0%,+74.30%,0.8715,26,✗ No,budget_exceeded
4,335,304,03-16,+25.0%,+73.65%,0.8683,27,✗ No,budget_exceeded
4,335,308,03-16,+25.0%,+72.61%,0.8631,28,✗ No,budget_exceeded
4,335,311,03-16,+25.0%,+72.32%,0.8616,28,✗ No,budget_exceeded
4,335,315,03-16,+25.0%,+48.65%,0.7433,34,✗ No,budget_exceeded
4,335,318,03-16,+25.0%,+38.80%,0.6940,35,✗ No,budget_exceeded
4,335,322,03-16,+23.6%,+6.55%,0.5327,37,✓ Yes,completed
4,335,325,03-16,+23.0%,+6.43%,0.5322,40,✓ Yes,completed
4,335,329,03-16,+22.5%,+6.17%,0.5309,46,✓ Yes,completed
4,335,332,03-16,+21.9%,+6.00%,0.5300,50,✓ Yes,completed
4,335,335,03-16,+21.0%,+5.89%,0.5295,57,✓ Yes,completed
4,339,280,03-16,+25.0%,+78.80%,0.8940,22,✗ No,budget_exceeded
4,339,284,03-16,+25.0%,+73.99%,0.8700,24,✗ No,budget_exceeded
4,339,287,03-16,+25.0%,+73.69%,0.8684,24,✗ No,budget_exceeded
4,339,291,03-16,+25.0%,+72.62%,0.8631,25,✗ No,budget_exceeded
4,339,294,03-16,+25.0%,+72.39%,0.8619,25,✗ No,budget_exceeded
4,339,298,03-16,+25.0%,+72.07%,0.8604,25,✗ No,budget_exceeded
4,339,301,03-16,+25.0%,+58.84%,0.7942,26,✗ No,budget_exceeded
4,339,304,03-16,+25.0%,+55.51%,0.7776,27,✗ No,budget_exceeded
4,339,308,03-16,+25.0%,+55.18%,0.7759,27,✗ No,budget_exceeded
4,339,311,03-16,+25.0%,+54.98%,0.7749,27,✗ No,budget_exceeded
4,339,315,03-16,+23.6%,+6.51%,0.5326,29,✓ Yes,completed
4,339,318,03-16,+22.9%,+6.39%,0.5319,29,✓ Yes,completed
4,339,322,03-16,+21.9%,+6.05%,0.5303,29,✓ Yes,completed
4,339,325,03-16,+21.6%,+6.01%,0.5300,31,✓ Yes,completed
4,339,329,03-16,+21.1%,+5.97%,0.5299,36,✓ Yes,completed
4,339,332,03-16,+20.6%,+5.82%,0.5291,40,✓ Yes,completed
4,339,336,03-16,+20.1%,+5.74%,0.5287,44,✓ Yes,completed
4,339,339,03-16,+19.5%,+5.70%,0.5285,50,✓ Yes,completed
4,343,280,03-16,+25.0%,+72.40%,0.8620,23,✗ No,budget_exceeded
4,343,284,03-16,+25.0%,+71.62%,0.8581,23,✗ No,budget_exceeded
4,343,287,03-16,+25.0%,+55.15%,0.7757,24,✗ No,budget_exceeded
4,343,291,03-16,+25.0%,+54.87%,0.7744,24,✗ No,budget_exceeded
4,343,294,03-16,+25.0%,+54.64%,0.7732,24,✗ No,budget_exceeded
4,343,298,03-16,+25.0%,+38.55%,0.6927,25,✗ No,budget_exceeded
4,343,301,03-16,+25.0%,+38.17%,0.6909,25,✗ No,budget_exceeded
4,343,305,03-16,+24.1%,+6.55%,0.5328,25,✓ Yes,completed
4,343,308,03-16,+23.8%,+6.52%,0.5326,25,✓ Yes,completed
4,343,311,03-16,+23.5%,+6.48%,0.5324,25,✓ Yes,completed
4,343,315,03-16,+22.6%,+6.22%,0.5311,26,✓ Yes,completed
4,343,318,03-16,+22.0%,+6.04%,0.5302,26,✓ Yes,completed
4,343,322,03-16,+21.1%,+5.98%,0.5299,26,✓ Yes,completed
4,343,325,03-16,+20.8%,+5.91%,0.5296,26,✓ Yes,completed
4,343,329,03-16,+20.3%,+5.78%,0.5289,29,✓ Yes,completed
4,343,332,03-16,+19.8%,+5.75%,0.5288,32,✓ Yes,completed
4,343,336,03-16,+19.3%,+5.72%,0.5286,35,✓ Yes,completed
4,343,339,03-16,+18.7%,+5.51%,0.5275,36,✓ Yes,completed
4,343,343,03-16,+18.3%,+5.41%,0.5270,40,✓ Yes,completed
4,346,280,03-16,+25.0%,+54.79%,0.7739,23,✗ No,budget_exceeded
4,346,284,03-16,+24.7%,+6.57%,0.5329,23,✓ Yes,completed
4,346,287,03-16,+24.4%,+6.49%,0.5324,23,✓ Yes,completed
4,346,291,03-16,+24.1%,+6.43%,0.5321,23,✓ Yes,completed
4,346,294,03-16,+23.9%,+6.40%,0.5320,23,✓ Yes,completed
4,346,298,03-16,+23.6%,+6.38%,0.5319,23,✓ Yes,completed
4,346,301,03-16,+23.2%,+6.35%,0.5317,23,✓ Yes,completed
4,346,305,03-16,+22.5%,+6.13%,0.5307,23,✓ Yes,completed
4,346,308,03-16,+22.3%,+6.04%,0.5302,23,✓ Yes,completed
4,346,312,03-16,+22.1%,+6.01%,0.5301,23,✓ Yes,completed
4,346,315,03-16,+21.4%,+5.95%,0.5297,23,✓ Yes,completed
4,346,318,03-16,+21.0%,+5.91%,0.5296,23,✓ Yes,completed
4,346,322,03-16,+20.2%,+5.77%,0.5288,23,✓ Yes,completed
4,346,325,03-16,+20.0%,+5.76%,0.5288,23,✓ Yes,completed
4,346,329,03-16,+19.4%,+5.76%,0.5288,24,✓ Yes,completed
4,346,332,03-16,+19.0%,+5.64%,0.5282,25,✓ Yes,completed
4,346,336,03-16,+18.5%,+5.46%,0.5273,28,✓ Yes,completed
4,346,339,03-16,+18.1%,+5.40%,0.5270,29,✓ Yes,completed
4,346,343,03-16,+17.8%,+5.36%,0.5268,32,✓ Yes,completed
4,346,346,03-16,+17.5%,+5.28%,0.5264,40,✓ Yes,completed
4,350,280,03-16,+23.7%,+6.20%,0.5310,21,✓ Yes,completed
4,350,284,03-16,+23.5%,+6.19%,0.5310,21,✓ Yes,completed
4,350,287,03-16,+23.2%,+6.19%,0.5310,21,✓ Yes,completed
4,350,291,03-16,+22.9%,+6.16%,0.5308,21,✓ Yes,completed
4,350,294,03-16,+22.7%,+6.08%,0.5304,21,✓ Yes,completed
4,350,298,03-16,+22.4%,+5.97%,0.5298,21,✓ Yes,completed
4,350,301,03-16,+22.1%,+5.90%,0.5295,21,✓ Yes,completed
4,350,305,03-16,+21.5%,+5.87%,0.5294,21,✓ Yes,completed
4,350,308,03-16,+21.2%,+5.88%,0.5294,21,✓ Yes,completed
4,350,312,03-16,+21.0%,+5.87%,0.5293,21,✓ Yes,completed
4,350,315,03-16,+20.4%,+5.71%,0.5286,21,✓ Yes,completed
4,350,319,03-16,+19.9%,+5.70%,0.5285,21,✓ Yes,completed
4,350,322,03-16,+19.2%,+5.68%,0.5284,21,✓ Yes,completed
4,350,326,03-16,+19.0%,+5.62%,0.5281,21,✓ Yes,completed
4,350,329,03-16,+18.4%,+5.45%,0.5272,22,✓ Yes,completed
4,350,332,03-16,+18.2%,+5.41%,0.5271,22,✓ Yes,completed
4,350,336,03-16,+17.7%,+5.35%,0.5268,25,✓ Yes,completed
4,350,339,03-16,+17.4%,+5.30%,0.5265,25,✓ Yes,completed
4,350,343,03-16,+17.0%,+5.16%,0.5258,28,✓ Yes,completed
4,350,346,03-16,+16.7%,+5.00%,0.5250,35,✓ Yes,completed
4,350,350,03-16,+15.9%,+4.87%,0.5244,48,✓ Yes,completed
4,353,280,03-16,+23.3%,+6.11%,0.5305,21,✓ Yes,completed
4,353,284,03-16,+23.1%,+6.10%,0.5305,21,✓ Yes,completed
4,353,287,03-16,+22.8%,+6.05%,0.5302,21,✓ Yes,completed
4,353,290,03-16,+22.6%,+5.95%,0.5298,21,✓ Yes,completed
4,353,294,03-16,+22.3%,+5.86%,0.5293,21,✓ Yes,completed
4,353,297,03-16,+22.1%,+5.83%,0.5292,21,✓ Yes,completed
4,353,300,03-16,+21.8%,+5.82%,0.5291,21,✓ Yes,completed
4,353,304,03-16,+21.2%,+5.83%,0.5291,21,✓ Yes,completed
4,353,307,03-16,+20.8%,+5.78%,0.5289,21,✓ Yes,completed
4,353,310,03-16,+20.7%,+5.74%,0.5287,21,✓ Yes,completed
4,353,314,03-16,+20.1%,+5.66%,0.5283,21,✓ Yes,completed
4,353,317,03-16,+19.7%,+5.67%,0.5283,21,✓ Yes,completed
4,353,320,03-16,+19.4%,+5.68%,0.5284,21,✓ Yes,completed
4,353,324,03-16,+18.6%,+5.46%,0.5273,21,✓ Yes,completed
4,353,327,03-16,+18.5%,+5.43%,0.5271,21,✓ Yes,completed
4,353,330,03-16,+17.9%,+5.36%,0.5268,22,✓ Yes,completed
4,353,334,03-16,+17.6%,+5.34%,0.5267,22,✓ Yes,completed
4,353,337,03-16,+17.1%,+5.17%,0.5259,24,✓ Yes,completed
4,353,340,03-16,+16.8%,+5.08%,0.5254,24,✓ Yes,completed
4,353,343,03-16,+16.6%,+5.01%,0.5250,26,✓ Yes,completed
4,353,347,03-16,+16.1%,+4.93%,0.5246,32,✓ Yes,completed
4,353,350,03-16,+15.2%,+4.71%,0.5236,41,✓ Yes,completed
4,353,353,03-16,+14.4%,+4.46%,0.5223,53,✓ Yes,completed
4,357,280,03-16,+20.5%,+5.42%,0.5271,18,✓ Yes,completed
4,357,284,03-16,+20.3%,+5.43%,0.5272,18,✓ Yes,completed
4,357,287,03-16,+20.1%,+5.45%,0.5273,18,✓ Yes,completed
4,357,290,03-16,+19.8%,+5.47%,0.5274,18,✓ Yes,completed
4,357,294,03-16,+19.6%,+5.50%,0.5275,18,✓ Yes,completed
4,357,297,03-16,+19.5%,+5.52%,0.5276,18,✓ Yes,completed
4,357,300,03-16,+19.2%,+5.51%,0.5275,18,✓ Yes,completed
4,357,304,03-16,+19.0%,+5.46%,0.5273,18,✓ Yes,completed
4,357,307,03-16,+18.7%,+5.38%,0.5269,18,✓ Yes,completed
4,357,310,03-16,+18.6%,+5.36%,0.5268,18,✓ Yes,completed
4,357,314,03-16,+18.0%,+5.28%,0.5264,18,✓ Yes,completed
4,357,317,03-16,+17.6%,+5.27%,0.5264,18,✓ Yes,completed
4,357,320,03-16,+17.3%,+5.23%,0.5261,18,✓ Yes,completed
4,357,324,03-16,+17.2%,+5.18%,0.5259,18,✓ Yes,completed
4,357,327,03-16,+17.1%,+5.13%,0.5257,18,✓ Yes,completed
4,357,330,03-16,+16.4%,+4.98%,0.5249,19,✓ Yes,completed
4,357,334,03-16,+16.3%,+4.96%,0.5248,19,✓ Yes,completed
4,357,337,03-16,+15.7%,+4.93%,0.5247,20,✓ Yes,completed
4,357,340,03-16,+15.5%,+4.89%,0.5245,20,✓ Yes,completed
4,357,344,03-16,+15.3%,+4.81%,0.5240,22,✓ Yes,completed
4,357,347,03-16,+14.6%,+4.57%,0.5229,29,✓ Yes,completed
4,357,350,03-16,+14.1%,+4.49%,0.5224,32,✓ Yes,completed
4,357,354,03-16,+13.6%,+4.33%,0.5217,38,✓ Yes,completed
4,357,357,03-16,+12.7%,+3.98%,0.5199,57,✓ Yes,completed
4,361,280,03-16,+19.2%,+5.31%,0.5265,17,✓ Yes,completed
4,361,284,03-16,+19.0%,+5.27%,0.5263,17,✓ Yes,completed
4,361,287,03-16,+18.8%,+5.22%,0.5261,17,✓ Yes,completed
4,361,290,03-16,+18.5%,+5.18%,0.5259,17,✓ Yes,completed
4,361,294,03-16,+18.3%,+5.18%,0.5259,17,✓ Yes,completed
4,361,297,03-16,+18.1%,+5.17%,0.5259,17,✓ Yes,completed
4,361,300,03-16,+17.9%,+5.18%,0.5259,17,✓ Yes,completed
4,361,304,03-16,+17.7%,+5.18%,0.5259,17,✓ Yes,completed
4,361,307,03-16,+17.5%,+5.18%,0.5259,17,✓ Yes,completed
4,361,310,03-16,+17.4%,+5.16%,0.5258,17,✓ Yes,completed
4,361,314,03-16,+16.7%,+4.95%,0.5248,17,✓ Yes,completed
4,361,317,03-16,+16.6%,+4.93%,0.5247,17,✓ Yes,completed
4,361,320,03-16,+16.4%,+4.92%,0.5246,17,✓ Yes,completed
4,361,324,03-16,+16.2%,+4.91%,0.5246,17,✓ Yes,completed
4,361,327,03-16,+16.2%,+4.91%,0.5246,17,✓ Yes,completed
4,361,331,03-16,+15.7%,+4.91%,0.5245,18,✓ Yes,completed
4,361,334,03-16,+15.4%,+4.85%,0.5242,18,✓ Yes,completed
4,361,337,03-16,+14.9%,+4.64%,0.5232,18,✓ Yes,completed
4,361,341,03-16,+14.7%,+4.62%,0.5231,18,✓ Yes,completed
4,361,344,03-16,+14.6%,+4.59%,0.5230,19,✓ Yes,completed
4,361,347,03-16,+13.8%,+4.45%,0.5222,25,✓ Yes,completed
4,361,351,03-16,+13.3%,+4.27%,0.5213,27,✓ Yes,completed
4,361,354,03-16,+12.8%,+4.08%,0.5204,31,✓ Yes,completed
4,361,357,03-16,+11.9%,+3.90%,0.5195,39,✓ Yes,completed
4,361,361,03-16,+11.3%,+3.58%,0.5179,48,✓ Yes,completed
4,328,280,03-18,+25.0%,+84.69%,0.9234,21,✗ No,budget_exceeded
4,328,284,03-18,+25.0%,+83.32%,0.9166,22,✗ No,budget_exceeded
4,328,287,03-18,+25.0%,+82.99%,0.9149,22,✗ No,budget_exceeded
4,328,291,03-18,+25.0%,+82.66%,0.9133,22,✗ No,budget_exceeded
4,328,294,03-18,+25.0%,+81.61%,0.9080,23,✗ No,budget_exceeded
4,328,297,03-18,+25.0%,+81.12%,0.9056,24,✗ No,budget_exceeded
4,328,301,03-18,+25.0%,+77.96%,0.8898,27,✗ No,budget_exceeded
4,328,304,03-18,+25.0%,+76.17%,0.8809,29,✗ No,budget_exceeded
4,328,308,03-18,+25.0%,+72.70%,0.8635,30,✗ No,budget_exceeded
4,328,311,03-18,+25.0%,+62.67%,0.8134,31,✗ No,budget_exceeded
4,328,315,03-18,+25.0%,+58.75%,0.7938,36,✗ No,budget_exceeded
4,328,318,03-18,+25.0%,+52.44%,0.7622,40,✗ No,budget_exceeded
4,328,321,03-18,+24.9%,+6.88%,0.5344,46,✓ Yes,completed
4,328,325,03-18,+23.8%,+6.62%,0.5331,52,✓ Yes,completed
4,328,328,03-18,+22.8%,+6.52%,0.5326,68,✓ Yes,completed
4,332,280,03-18,+25.0%,+84.14%,0.9207,21,✗ No,budget_exceeded
4,332,284,03-18,+25.0%,+82.72%,0.9136,22,✗ No,budget_exceeded
4,332,287,03-18,+25.0%,+82.40%,0.9120,22,✗ No,budget_exceeded
4,332,291,03-18,+25.0%,+78.17%,0.8908,24,✗ No,budget_exceeded
4,332,294,03-18,+25.0%,+77.91%,0.8896,24,✗ No,budget_exceeded
4,332,297,03-18,+25.0%,+77.40%,0.8870,25,✗ No,budget_exceeded
4,332,301,03-18,+25.0%,+75.60%,0.8780,26,✗ No,budget_exceeded
4,332,304,03-18,+25.0%,+62.01%,0.8100,29,✗ No,budget_exceeded
4,332,308,03-18,+25.0%,+59.09%,0.7954,30,✗ No,budget_exceeded
4,332,311,03-18,+25.0%,+58.79%,0.7940,30,✗ No,budget_exceeded
4,332,315,03-18,+25.0%,+6.87%,0.5343,35,✓ Yes,completed
4,332,318,03-18,+24.2%,+6.69%,0.5334,35,✓ Yes,completed
4,332,322,03-18,+22.7%,+6.60%,0.5330,37,✓ Yes,completed
4,332,325,03-18,+22.1%,+6.43%,0.5321,41,✓ Yes,completed
4,332,328,03-18,+21.6%,+6.35%,0.5317,48,✓ Yes,completed
4,332,332,03-18,+21.0%,+6.19%,0.5309,60,✓ Yes,completed
4,335,280,03-18,+25.0%,+84.10%,0.9205,21,✗ No,budget_exceeded
4,335,284,03-18,+25.0%,+82.66%,0.9133,22,✗ No,budget_exceeded
4,335,287,03-18,+25.0%,+82.33%,0.9116,22,✗ No,budget_exceeded
4,335,291,03-18,+25.0%,+78.10%,0.8905,24,✗ No,budget_exceeded
4,335,294,03-18,+25.0%,+77.84%,0.8892,24,✗ No,budget_exceeded
4,335,298,03-18,+25.0%,+75.99%,0.8799,26,✗ No,budget_exceeded
4,335,301,03-18,+25.0%,+75.48%,0.8774,26,✗ No,budget_exceeded
4,335,304,03-18,+25.0%,+58.89%,0.7944,29,✗ No,budget_exceeded
4,335,308,03-18,+25.0%,+58.54%,0.7927,29,✗ No,budget_exceeded
4,335,311,03-18,+25.0%,+52.19%,0.7609,30,✗ No,budget_exceeded
4,335,315,03-18,+24.3%,+6.67%,0.5334,34,✓ Yes,completed
4,335,318,03-18,+23.6%,+6.61%,0.5331,34,✓ Yes,completed
4,335,322,03-18,+22.0%,+6.42%,0.5321,36,✓ Yes,completed
4,335,325,03-18,+21.4%,+6.35%,0.5318,39,✓ Yes,completed
4,335,329,03-18,+20.9%,+6.23%,0.5311,45,✓ Yes,completed
4,335,332,03-18,+20.3%,+5.98%,0.5299,49,✓ Yes,completed
4,335,335,03-18,+19.5%,+5.80%,0.5290,55,✓ Yes,completed
4,339,280,03-18,+25.0%,+75.95%,0.8798,24,✗ No,budget_exceeded
4,339,284,03-18,+25.0%,+75.19%,0.8760,24,✗ No,budget_exceeded
4,339,287,03-18,+25.0%,+61.98%,0.8099,25,✗ No,budget_exceeded
4,339,291,03-18,+25.0%,+59.01%,0.7950,26,✗ No,budget_exceeded
4,339,294,03-18,+25.0%,+58.73%,0.7937,26,✗ No,budget_exceeded
4,339,298,03-18,+25.0%,+58.33%,0.7917,26,✗ No,budget_exceeded
4,339,301,03-18,+25.0%,+42.04%,0.7102,27,✗ No,budget_exceeded
4,339,304,03-18,+24.5%,+6.70%,0.5335,27,✓ Yes,completed
4,339,308,03-18,+24.2%,+6.61%,0.5330,27,✓ Yes,completed
4,339,311,03-18,+23.9%,+6.58%,0.5329,27,✓ Yes,completed
4,339,315,03-18,+22.0%,+6.39%,0.5319,28,✓ Yes,completed
4,339,318,03-18,+21.3%,+6.33%,0.5317,28,✓ Yes,completed
4,339,322,03-18,+20.4%,+6.03%,0.5301,28,✓ Yes,completed
4,339,325,03-18,+20.0%,+5.96%,0.5298,30,✓ Yes,completed
4,339,329,03-18,+19.6%,+5.86%,0.5293,35,✓ Yes,completed
4,339,332,03-18,+19.1%,+5.70%,0.5285,39,✓ Yes,completed
4,339,336,03-18,+18.7%,+5.47%,0.5274,42,✓ Yes,completed
4,339,339,03-18,+18.1%,+5.33%,0.5267,47,✓ Yes,completed
4,343,280,03-18,+25.0%,+57.98%,0.7899,23,✗ No,budget_exceeded
4,343,284,03-18,+25.0%,+41.31%,0.7066,24,✗ No,budget_exceeded
4,343,287,03-18,+24.7%,+6.59%,0.5329,24,✓ Yes,completed
4,343,291,03-18,+24.5%,+6.53%,0.5326,24,✓ Yes,completed
4,343,294,03-18,+24.2%,+6.47%,0.5324,24,✓ Yes,completed
4,343,298,03-18,+24.0%,+6.46%,0.5323,24,✓ Yes,completed
4,343,301,03-18,+23.6%,+6.47%,0.5324,24,✓ Yes,completed
4,343,305,03-18,+22.5%,+6.43%,0.5321,24,✓ Yes,completed
4,343,308,03-18,+22.3%,+6.37%,0.5319,24,✓ Yes,completed
4,343,311,03-18,+22.0%,+6.36%,0.5318,24,✓ Yes,completed
4,343,315,03-18,+21.1%,+6.25%,0.5313,25,✓ Yes,completed
4,343,318,03-18,+20.4%,+6.02%,0.5301,25,✓ Yes,completed
4,343,322,03-18,+19.6%,+5.87%,0.5294,25,✓ Yes,completed
4,343,325,03-18,+19.3%,+5.82%,0.5291,25,✓ Yes,completed
4,343,329,03-18,+18.7%,+5.53%,0.5276,28,✓ Yes,completed
4,343,332,03-18,+18.3%,+5.41%,0.5271,31,✓ Yes,completed
4,343,336,03-18,+18.0%,+5.35%,0.5268,33,✓ Yes,completed
4,343,339,03-18,+17.5%,+5.31%,0.5266,34,✓ Yes,completed
4,343,343,03-18,+17.2%,+5.22%,0.5261,38,✓ Yes,completed
4,346,280,03-18,+23.9%,+6.27%,0.5314,22,✓ Yes,completed
4,346,284,03-18,+23.1%,+6.37%,0.5318,22,✓ Yes,completed
4,346,287,03-18,+22.8%,+6.37%,0.5318,22,✓ Yes,completed
4,346,291,03-18,+22.6%,+6.32%,0.5316,22,✓ Yes,completed
4,346,294,03-18,+22.4%,+6.27%,0.5313,22,✓ Yes,completed
4,346,298,03-18,+22.1%,+6.26%,0.5313,22,✓ Yes,completed
4,346,301,03-18,+21.7%,+6.25%,0.5312,22,✓ Yes,completed
4,346,305,03-18,+21.1%,+6.21%,0.5310,22,✓ Yes,completed
4,346,308,03-18,+20.8%,+6.12%,0.5306,22,✓ Yes,completed
4,346,312,03-18,+20.6%,+6.05%,0.5302,22,✓ Yes,completed
4,346,315,03-18,+20.0%,+5.89%,0.5295,22,✓ Yes,completed
4,346,318,03-18,+19.5%,+5.83%,0.5291,22,✓ Yes,completed
4,346,322,03-18,+18.8%,+5.54%,0.5277,22,✓ Yes,completed
4,346,325,03-18,+18.5%,+5.45%,0.5273,22,✓ Yes,completed
4,346,329,03-18,+18.0%,+5.36%,0.5268,23,✓ Yes,completed
4,346,332,03-18,+17.6%,+5.34%,0.5267,24,✓ Yes,completed
4,346,336,03-18,+17.3%,+5.29%,0.5264,26,✓ Yes,completed
4,346,339,03-18,+17.0%,+5.19%,0.5259,27,✓ Yes,completed
4,346,343,03-18,+16.7%,+5.11%,0.5255,30,✓ Yes,completed
4,346,346,03-18,+16.4%,+5.04%,0.5252,38,✓ Yes,completed
4,350,280,03-18,+22.1%,+6.08%,0.5304,20,✓ Yes,completed
4,350,284,03-18,+21.9%,+6.09%,0.5304,20,✓ Yes,completed
4,350,287,03-18,+21.6%,+6.09%,0.5304,20,✓ Yes,completed
4,350,291,03-18,+21.4%,+6.10%,0.5305,20,✓ Yes,completed
4,350,294,03-18,+21.2%,+6.09%,0.5305,20,✓ Yes,completed
4,350,298,03-18,+20.9%,+6.04%,0.5302,20,✓ Yes,completed
4,350,301,03-18,+20.6%,+5.95%,0.5297,20,✓ Yes,completed
4,350,305,03-18,+20.0%,+5.82%,0.5291,20,✓ Yes,completed
4,350,308,03-18,+19.7%,+5.79%,0.5290,20,✓ Yes,completed
4,350,312,03-18,+19.5%,+5.78%,0.5289,20,✓ Yes,completed
4,350,315,03-18,+18.9%,+5.55%,0.5278,20,✓ Yes,completed
4,350,319,03-18,+18.4%,+5.38%,0.5269,20,✓ Yes,completed
4,350,322,03-18,+17.7%,+5.31%,0.5265,20,✓ Yes,completed
4,350,326,03-18,+17.5%,+5.31%,0.5265,20,✓ Yes,completed
4,350,329,03-18,+17.0%,+5.17%,0.5258,21,✓ Yes,completed
4,350,332,03-18,+16.7%,+5.11%,0.5256,21,✓ Yes,completed
4,350,336,03-18,+16.5%,+5.09%,0.5254,23,✓ Yes,completed
4,350,339,03-18,+16.3%,+5.07%,0.5254,23,✓ Yes,completed
4,350,343,03-18,+16.0%,+5.04%,0.5252,26,✓ Yes,completed
4,350,346,03-18,+15.7%,+5.00%,0.5250,33,✓ Yes,completed
4,350,350,03-18,+15.0%,+4.69%,0.5235,46,✓ Yes,completed
4,353,280,03-18,+21.8%,+6.03%,0.5301,20,✓ Yes,completed
4,353,284,03-18,+21.6%,+6.03%,0.5301,20,✓ Yes,completed
4,353,287,03-18,+21.4%,+6.04%,0.5302,20,✓ Yes,completed
4,353,290,03-18,+21.2%,+6.04%,0.5302,20,✓ Yes,completed
4,353,294,03-18,+20.9%,+5.98%,0.5299,20,✓ Yes,completed
4,353,297,03-18,+20.7%,+5.91%,0.5295,20,✓ Yes,completed
4,353,300,03-18,+20.4%,+5.83%,0.5291,20,✓ Yes,completed
4,353,304,03-18,+19.8%,+5.76%,0.5288,20,✓ Yes,completed
4,353,307,03-18,+19.5%,+5.73%,0.5287,20,✓ Yes,completed
4,353,310,03-18,+19.4%,+5.72%,0.5286,20,✓ Yes,completed
4,353,314,03-18,+18.7%,+5.43%,0.5272,20,✓ Yes,completed
4,353,317,03-18,+18.4%,+5.34%,0.5267,20,✓ Yes,completed
4,353,320,03-18,+18.0%,+5.30%,0.5265,20,✓ Yes,completed
4,353,324,03-18,+17.3%,+5.24%,0.5262,20,✓ Yes,completed
4,353,327,03-18,+17.1%,+5.20%,0.5260,20,✓ Yes,completed
4,353,330,03-18,+16.5%,+5.08%,0.5254,21,✓ Yes,completed
4,353,334,03-18,+16.3%,+5.06%,0.5253,21,✓ Yes,completed
4,353,337,03-18,+16.1%,+5.05%,0.5252,22,✓ Yes,completed
4,353,340,03-18,+15.9%,+5.05%,0.5252,22,✓ Yes,completed
4,353,343,03-18,+15.7%,+5.03%,0.5252,24,✓ Yes,completed
4,353,347,03-18,+15.2%,+4.84%,0.5242,30,✓ Yes,completed
4,353,350,03-18,+14.4%,+4.58%,0.5229,39,✓ Yes,completed
4,353,353,03-18,+13.6%,+4.39%,0.5219,51,✓ Yes,completed
4,357,280,03-18,+19.6%,+5.53%,0.5276,17,✓ Yes,completed
4,357,284,03-18,+19.4%,+5.53%,0.5277,17,✓ Yes,completed
4,357,287,03-18,+19.2%,+5.50%,0.5275,17,✓ Yes,completed
4,357,290,03-18,+19.0%,+5.41%,0.5270,17,✓ Yes,completed
4,357,294,03-18,+18.7%,+5.32%,0.5266,17,✓ Yes,completed
4,357,297,03-18,+18.6%,+5.28%,0.5264,17,✓ Yes,completed
4,357,300,03-18,+18.4%,+5.25%,0.5262,17,✓ Yes,completed
4,357,304,03-18,+18.2%,+5.23%,0.5262,17,✓ Yes,completed
4,357,307,03-18,+17.9%,+5.22%,0.5261,17,✓ Yes,completed
4,357,310,03-18,+17.8%,+5.22%,0.5261,17,✓ Yes,completed
4,357,314,03-18,+17.2%,+5.16%,0.5258,17,✓ Yes,completed
4,357,317,03-18,+16.9%,+5.06%,0.5253,17,✓ Yes,completed
4,357,320,03-18,+16.5%,+5.04%,0.5252,17,✓ Yes,completed
4,357,324,03-18,+16.4%,+5.04%,0.5252,17,✓ Yes,completed
4,357,327,03-18,+16.3%,+5.03%,0.5251,17,✓ Yes,completed
4,357,330,03-18,+15.7%,+5.02%,0.5251,18,✓ Yes,completed
4,357,334,03-18,+15.5%,+4.98%,0.5249,18,✓ Yes,completed
4,357,337,03-18,+15.0%,+4.76%,0.5238,19,✓ Yes,completed
4,357,340,03-18,+14.8%,+4.71%,0.5236,19,✓ Yes,completed
4,357,344,03-18,+14.6%,+4.68%,0.5234,21,✓ Yes,completed
4,357,347,03-18,+13.8%,+4.54%,0.5227,28,✓ Yes,completed
4,357,350,03-18,+13.4%,+4.35%,0.5218,31,✓ Yes,completed
4,357,354,03-18,+12.8%,+4.16%,0.5208,37,✓ Yes,completed
4,357,357,03-18,+12.0%,+4.01%,0.5200,55,✓ Yes,completed
4,361,280,03-18,+18.0%,+4.96%,0.5248,16,✓ Yes,completed
4,361,284,03-18,+17.8%,+4.98%,0.5249,16,✓ Yes,completed
4,361,287,03-18,+17.6%,+5.00%,0.5250,16,✓ Yes,completed
4,361,290,03-18,+17.3%,+5.00%,0.5250,16,✓ Yes,completed
4,361,294,03-18,+17.1%,+4.96%,0.5248,16,✓ Yes,completed
4,361,297,03-18,+16.9%,+4.93%,0.5246,16,✓ Yes,completed
4,361,300,03-18,+16.7%,+4.91%,0.5245,16,✓ Yes,completed
4,361,304,03-18,+16.6%,+4.91%,0.5245,16,✓ Yes,completed
4,361,307,03-18,+16.3%,+4.91%,0.5246,16,✓ Yes,completed
4,361,310,03-18,+16.2%,+4.92%,0.5246,16,✓ Yes,completed
4,361,314,03-18,+15.6%,+4.92%,0.5246,16,✓ Yes,completed
4,361,317,03-18,+15.5%,+4.89%,0.5244,16,✓ Yes,completed
4,361,320,03-18,+15.3%,+4.82%,0.5241,16,✓ Yes,completed
4,361,324,03-18,+15.1%,+4.77%,0.5238,16,✓ Yes,completed
4,361,327,03-18,+15.1%,+4.75%,0.5238,16,✓ Yes,completed
4,361,331,03-18,+14.5%,+4.64%,0.5232,17,✓ Yes,completed
4,361,334,03-18,+14.3%,+4.61%,0.5230,17,✓ Yes,completed
4,361,337,03-18,+13.8%,+4.54%,0.5227,17,✓ Yes,completed
4,361,341,03-18,+13.6%,+4.50%,0.5225,17,✓ Yes,completed
4,361,344,03-18,+13.5%,+4.44%,0.5222,18,✓ Yes,completed
4,361,347,03-18,+12.7%,+4.16%,0.5208,24,✓ Yes,completed
4,361,351,03-18,+12.3%,+4.11%,0.5206,26,✓ Yes,completed
4,361,354,03-18,+11.7%,+4.01%,0.5200,30,✓ Yes,completed
4,361,357,03-18,+11.3%,+3.79%,0.5190,37,✓ Yes,completed
4,361,361,03-18,+10.7%,+3.63%,0.5182,46,✓ Yes,completed
4,328,280,03-20,+25.0%,+82.55%,0.9127,22,✗ No,budget_exceeded
4,328,284,03-20,+25.0%,+81.17%,0.9059,23,✗ No,budget_exceeded
4,328,287,03-20,+25.0%,+80.86%,0.9043,23,✗ No,budget_exceeded
4,328,291,03-20,+25.0%,+79.90%,0.8995,24,✗ No,budget_exceeded
4,328,294,03-20,+25.0%,+79.68%,0.8984,24,✗ No,budget_exceeded
4,328,297,03-20,+25.0%,+79.16%,0.8958,25,✗ No,budget_exceeded
4,328,301,03-20,+25.0%,+65.71%,0.8285,28,✗ No,budget_exceeded
4,328,304,03-20,+25.0%,+61.83%,0.8091,31,✗ No,budget_exceeded
4,328,308,03-20,+25.0%,+57.19%,0.7859,32,✗ No,budget_exceeded
4,328,311,03-20,+25.0%,+55.70%,0.7785,33,✗ No,budget_exceeded
4,328,315,03-20,+24.8%,+6.50%,0.5325,39,✓ Yes,completed
4,328,318,03-20,+24.0%,+6.24%,0.5312,41,✓ Yes,completed
4,328,321,03-20,+22.5%,+6.05%,0.5303,44,✓ Yes,completed
4,328,325,03-20,+21.4%,+5.93%,0.5297,50,✓ Yes,completed
4,328,328,03-20,+20.4%,+5.64%,0.5282,68,✓ Yes,completed
4,332,280,03-20,+25.0%,+79.73%,0.8986,23,✗ No,budget_exceeded
4,332,284,03-20,+25.0%,+79.01%,0.8951,23,✗ No,budget_exceeded
4,332,287,03-20,+25.0%,+76.09%,0.8805,24,✗ No,budget_exceeded
4,332,291,03-20,+25.0%,+65.87%,0.8293,25,✗ No,budget_exceeded
4,332,294,03-20,+25.0%,+65.65%,0.8282,25,✗ No,budget_exceeded
4,332,297,03-20,+25.0%,+62.41%,0.8120,27,✗ No,budget_exceeded
4,332,301,03-20,+25.0%,+55.24%,0.7762,28,✗ No,budget_exceeded
4,332,304,03-20,+24.8%,+6.45%,0.5322,30,✓ Yes,completed
4,332,308,03-20,+24.5%,+6.35%,0.5317,30,✓ Yes,completed
4,332,311,03-20,+24.2%,+6.25%,0.5312,30,✓ Yes,completed
4,332,315,03-20,+22.6%,+6.07%,0.5303,33,✓ Yes,completed
4,332,318,03-20,+21.9%,+5.95%,0.5298,33,✓ Yes,completed
4,332,322,03-20,+20.4%,+5.72%,0.5286,35,✓ Yes,completed
4,332,325,03-20,+19.7%,+5.69%,0.5285,39,✓ Yes,completed
4,332,328,03-20,+19.3%,+5.68%,0.5284,46,✓ Yes,completed
4,332,332,03-20,+18.6%,+5.43%,0.5272,58,✓ Yes,completed
4,335,280,03-20,+25.0%,+79.66%,0.8983,23,✗ No,budget_exceeded
4,335,284,03-20,+25.0%,+78.95%,0.8947,23,✗ No,budget_exceeded
4,335,287,03-20,+25.0%,+65.60%,0.8280,24,✗ No,budget_exceeded
4,335,291,03-20,+25.0%,+65.28%,0.8264,24,✗ No,budget_exceeded
4,335,294,03-20,+25.0%,+62.48%,0.8124,25,✗ No,budget_exceeded
4,335,298,03-20,+25.0%,+55.20%,0.7760,27,✗ No,budget_exceeded
4,335,301,03-20,+25.0%,+45.35%,0.7268,28,✗ No,budget_exceeded
4,335,304,03-20,+24.1%,+6.20%,0.5310,29,✓ Yes,completed
4,335,308,03-20,+23.8%,+6.18%,0.5309,29,✓ Yes,completed
4,335,311,03-20,+23.5%,+6.17%,0.5308,29,✓ Yes,completed
4,335,315,03-20,+22.0%,+5.93%,0.5297,32,✓ Yes,completed
4,335,318,03-20,+21.3%,+5.94%,0.5297,32,✓ Yes,completed
4,335,322,03-20,+19.7%,+5.69%,0.5284,34,✓ Yes,completed
4,335,325,03-20,+19.1%,+5.66%,0.5283,37,✓ Yes,completed
4,335,329,03-20,+18.6%,+5.48%,0.5274,43,✓ Yes,completed
4,335,332,03-20,+18.0%,+5.39%,0.5269,47,✓ Yes,completed
4,335,335,03-20,+17.3%,+5.23%,0.5261,53,✓ Yes,completed
4,339,280,03-20,+25.0%,+44.94%,0.7247,25,✗ No,budget_exceeded
4,339,284,03-20,+24.7%,+6.19%,0.5309,25,✓ Yes,completed
4,339,287,03-20,+24.4%,+6.09%,0.5305,25,✓ Yes,completed
4,339,291,03-20,+24.1%,+6.02%,0.5301,25,✓ Yes,completed
4,339,294,03-20,+23.9%,+6.03%,0.5301,25,✓ Yes,completed
4,339,298,03-20,+23.5%,+6.03%,0.5301,25,✓ Yes,completed
4,339,301,03-20,+23.1%,+6.04%,0.5302,25,✓ Yes,completed
4,339,304,03-20,+22.1%,+5.88%,0.5294,25,✓ Yes,completed
4,339,308,03-20,+21.8%,+5.88%,0.5294,25,✓ Yes,completed
4,339,311,03-20,+21.6%,+5.89%,0.5294,25,✓ Yes,completed
4,339,315,03-20,+19.7%,+5.65%,0.5283,26,✓ Yes,completed
4,339,318,03-20,+19.0%,+5.62%,0.5281,26,✓ Yes,completed
4,339,322,03-20,+18.1%,+5.44%,0.5272,26,✓ Yes,completed
4,339,325,03-20,+17.7%,+5.40%,0.5270,28,✓ Yes,completed
4,339,329,03-20,+17.3%,+5.28%,0.5264,33,✓ Yes,completed
4,339,332,03-20,+16.8%,+5.06%,0.5253,37,✓ Yes,completed
4,339,336,03-20,+16.4%,+4.96%,0.5248,40,✓ Yes,completed
4,339,339,03-20,+15.9%,+4.83%,0.5242,45,✓ Yes,completed
4,343,280,03-20,+23.2%,+5.83%,0.5292,22,✓ Yes,completed
4,343,284,03-20,+22.5%,+5.75%,0.5288,22,✓ Yes,completed
4,343,287,03-20,+22.2%,+5.72%,0.5286,22,✓ Yes,completed
4,343,291,03-20,+22.0%,+5.73%,0.5287,22,✓ Yes,completed
4,343,294,03-20,+21.8%,+5.75%,0.5287,22,✓ Yes,completed
4,343,298,03-20,+21.5%,+5.77%,0.5288,22,✓ Yes,completed
4,343,301,03-20,+21.1%,+5.79%,0.5289,22,✓ Yes,completed
4,343,305,03-20,+20.1%,+5.62%,0.5281,22,✓ Yes,completed
4,343,308,03-20,+19.9%,+5.62%,0.5281,22,✓ Yes,completed
4,343,311,03-20,+19.7%,+5.64%,0.5282,22,✓ Yes,completed
4,343,315,03-20,+18.8%,+5.50%,0.5275,23,✓ Yes,completed
4,343,318,03-20,+18.1%,+5.42%,0.5271,23,✓ Yes,completed
4,343,322,03-20,+17.3%,+5.30%,0.5265,23,✓ Yes,completed
4,343,325,03-20,+17.0%,+5.18%,0.5259,23,✓ Yes,completed
4,343,329,03-20,+16.4%,+5.00%,0.5250,26,✓ Yes,completed
4,343,332,03-20,+16.0%,+4.90%,0.5245,29,✓ Yes,completed
4,343,336,03-20,+15.7%,+4.85%,0.5242,31,✓ Yes,completed
4,343,339,03-20,+15.3%,+4.64%,0.5232,32,✓ Yes,completed
4,343,343,03-20,+15.1%,+4.51%,0.5225,36,✓ Yes,completed
4,346,280,03-20,+21.2%,+5.61%,0.5280,20,✓ Yes,completed
4,346,284,03-20,+20.5%,+5.48%,0.5274,20,✓ Yes,completed
4,346,287,03-20,+20.2%,+5.47%,0.5274,20,✓ Yes,completed
4,346,291,03-20,+20.1%,+5.49%,0.5274,20,✓ Yes,completed
4,346,294,03-20,+19.9%,+5.50%,0.5275,20,✓ Yes,completed
4,346,298,03-20,+19.6%,+5.54%,0.5277,20,✓ Yes,completed
4,346,301,03-20,+19.3%,+5.57%,0.5279,20,✓ Yes,completed
4,346,305,03-20,+18.6%,+5.42%,0.5271,20,✓ Yes,completed
4,346,308,03-20,+18.4%,+5.41%,0.5270,20,✓ Yes,completed
4,346,312,03-20,+18.3%,+5.41%,0.5270,20,✓ Yes,completed
4,346,315,03-20,+17.7%,+5.34%,0.5267,20,✓ Yes,completed
4,346,318,03-20,+17.2%,+5.23%,0.5261,20,✓ Yes,completed
4,346,322,03-20,+16.5%,+4.99%,0.5250,20,✓ Yes,completed
4,346,325,03-20,+16.2%,+4.94%,0.5247,20,✓ Yes,completed
4,346,329,03-20,+15.6%,+4.84%,0.5242,21,✓ Yes,completed
4,346,332,03-20,+15.2%,+4.65%,0.5232,22,✓ Yes,completed
4,346,336,03-20,+15.0%,+4.52%,0.5226,24,✓ Yes,completed
4,346,339,03-20,+14.8%,+4.44%,0.5222,25,✓ Yes,completed
4,346,343,03-20,+14.6%,+4.39%,0.5219,28,✓ Yes,completed
4,346,346,03-20,+14.3%,+4.30%,0.5215,36,✓ Yes,completed
4,350,280,03-20,+19.5%,+5.39%,0.5270,18,✓ Yes,completed
4,350,284,03-20,+19.3%,+5.41%,0.5271,18,✓ Yes,completed
4,350,287,03-20,+19.1%,+5.38%,0.5269,18,✓ Yes,completed
4,350,291,03-20,+18.9%,+5.34%,0.5267,18,✓ Yes,completed
4,350,294,03-20,+18.7%,+5.30%,0.5265,18,✓ Yes,completed
4,350,298,03-20,+18.5%,+5.28%,0.5264,18,✓ Yes,completed
4,350,301,03-20,+18.2%,+5.28%,0.5264,18,✓ Yes,completed
4,350,305,03-20,+17.6%,+5.26%,0.5263,18,✓ Yes,completed
4,350,308,03-20,+17.3%,+5.22%,0.5261,18,✓ Yes,completed
4,350,312,03-20,+17.2%,+5.18%,0.5259,18,✓ Yes,completed
4,350,315,03-20,+16.6%,+4.96%,0.5248,18,✓ Yes,completed
4,350,319,03-20,+16.1%,+4.87%,0.5244,18,✓ Yes,completed
4,350,322,03-20,+15.4%,+4.71%,0.5236,18,✓ Yes,completed
4,350,326,03-20,+15.2%,+4.61%,0.5231,18,✓ Yes,completed
4,350,329,03-20,+14.7%,+4.41%,0.5220,19,✓ Yes,completed
4,350,332,03-20,+14.4%,+4.37%,0.5219,19,✓ Yes,completed
4,350,336,03-20,+14.2%,+4.33%,0.5217,21,✓ Yes,completed
4,350,339,03-20,+14.1%,+4.32%,0.5216,21,✓ Yes,completed
4,350,343,03-20,+13.9%,+4.30%,0.5215,24,✓ Yes,completed
4,350,346,03-20,+13.5%,+4.19%,0.5209,31,✓ Yes,completed
4,350,350,03-20,+12.8%,+3.96%,0.5198,44,✓ Yes,completed
4,353,280,03-20,+19.2%,+5.34%,0.5267,18,✓ Yes,completed
4,353,284,03-20,+19.1%,+5.32%,0.5266,18,✓ Yes,completed
4,353,287,03-20,+18.8%,+5.27%,0.5263,18,✓ Yes,completed
4,353,290,03-20,+18.6%,+5.24%,0.5262,18,✓ Yes,completed
4,353,294,03-20,+18.4%,+5.23%,0.5262,18,✓ Yes,completed
4,353,297,03-20,+18.2%,+5.23%,0.5262,18,✓ Yes,completed
4,353,300,03-20,+17.9%,+5.22%,0.5261,18,✓ Yes,completed
4,353,304,03-20,+17.4%,+5.19%,0.5259,18,✓ Yes,completed
4,353,307,03-20,+17.1%,+5.10%,0.5255,18,✓ Yes,completed
4,353,310,03-20,+17.0%,+5.06%,0.5253,18,✓ Yes,completed
4,353,314,03-20,+16.4%,+4.89%,0.5245,18,✓ Yes,completed
4,353,317,03-20,+16.1%,+4.83%,0.5242,18,✓ Yes,completed
4,353,320,03-20,+15.7%,+4.80%,0.5240,18,✓ Yes,completed
4,353,324,03-20,+15.0%,+4.46%,0.5223,18,✓ Yes,completed
4,353,327,03-20,+14.8%,+4.42%,0.5221,18,✓ Yes,completed
4,353,330,03-20,+14.2%,+4.32%,0.5216,19,✓ Yes,completed
4,353,334,03-20,+14.0%,+4.31%,0.5215,19,✓ Yes,completed
4,353,337,03-20,+13.8%,+4.30%,0.5215,20,✓ Yes,completed
4,353,340,03-20,+13.7%,+4.28%,0.5214,20,✓ Yes,completed
4,353,343,03-20,+13.5%,+4.22%,0.5211,22,✓ Yes,completed
4,353,347,03-20,+13.1%,+4.04%,0.5202,28,✓ Yes,completed
4,353,350,03-20,+12.2%,+3.93%,0.5196,37,✓ Yes,completed
4,353,353,03-20,+11.4%,+3.66%,0.5183,49,✓ Yes,completed
4,357,280,03-20,+17.0%,+4.84%,0.5242,15,✓ Yes,completed
4,357,284,03-20,+16.8%,+4.81%,0.5240,15,✓ Yes,completed
4,357,287,03-20,+16.6%,+4.78%,0.5239,15,✓ Yes,completed
4,357,290,03-20,+16.5%,+4.77%,0.5239,15,✓ Yes,completed
4,357,294,03-20,+16.3%,+4.75%,0.5238,15,✓ Yes,completed
4,357,297,03-20,+16.1%,+4.74%,0.5237,15,✓ Yes,completed
4,357,300,03-20,+15.9%,+4.72%,0.5236,15,✓ Yes,completed
4,357,304,03-20,+15.7%,+4.71%,0.5236,15,✓ Yes,completed
4,357,307,03-20,+15.5%,+4.67%,0.5233,15,✓ Yes,completed
4,357,310,03-20,+15.5%,+4.64%,0.5232,15,✓ Yes,completed
4,357,314,03-20,+14.9%,+4.37%,0.5218,15,✓ Yes,completed
4,357,317,03-20,+14.6%,+4.32%,0.5216,15,✓ Yes,completed
4,357,320,03-20,+14.2%,+4.28%,0.5214,15,✓ Yes,completed
4,357,324,03-20,+14.1%,+4.28%,0.5214,15,✓ Yes,completed
4,357,327,03-20,+14.0%,+4.28%,0.5214,15,✓ Yes,completed
4,357,330,03-20,+13.3%,+4.14%,0.5207,16,✓ Yes,completed
4,357,334,03-20,+13.2%,+4.10%,0.5205,16,✓ Yes,completed
4,357,337,03-20,+12.7%,+4.01%,0.5201,17,✓ Yes,completed
4,357,340,03-20,+12.6%,+4.00%,0.5200,17,✓ Yes,completed
4,357,344,03-20,+12.4%,+3.99%,0.5199,19,✓ Yes,completed
4,357,347,03-20,+11.7%,+3.84%,0.5192,26,✓ Yes,completed
4,357,350,03-20,+11.2%,+3.63%,0.5182,29,✓ Yes,completed
4,357,354,03-20,+10.7%,+3.50%,0.5175,35,✓ Yes,completed
4,357,357,03-20,+10.1%,+3.33%,0.5166,52,✓ Yes,completed
4,361,280,03-20,+15.7%,+4.52%,0.5226,14,✓ Yes,completed
4,361,284,03-20,+15.6%,+4.50%,0.5225,14,✓ Yes,completed
4,361,287,03-20,+15.4%,+4.44%,0.5222,14,✓ Yes,completed
4,361,290,03-20,+15.2%,+4.37%,0.5218,14,✓ Yes,completed
4,361,294,03-20,+15.0%,+4.30%,0.5215,14,✓ Yes,completed
4,361,297,03-20,+14.9%,+4.26%,0.5213,14,✓ Yes,completed
4,361,300,03-20,+14.6%,+4.24%,0.5212,14,✓ Yes,completed
4,361,304,03-20,+14.5%,+4.23%,0.5211,14,✓ Yes,completed
4,361,307,03-20,+14.3%,+4.22%,0.5211,14,✓ Yes,completed
4,361,310,03-20,+14.3%,+4.21%,0.5211,14,✓ Yes,completed
4,361,314,03-20,+13.7%,+4.18%,0.5209,14,✓ Yes,completed
4,361,317,03-20,+13.6%,+4.16%,0.5208,14,✓ Yes,completed
4,361,320,03-20,+13.3%,+4.10%,0.5205,14,✓ Yes,completed
4,361,324,03-20,+13.2%,+4.06%,0.5203,14,✓ Yes,completed
4,361,327,03-20,+13.1%,+4.05%,0.5202,14,✓ Yes,completed
4,361,331,03-20,+12.6%,+3.99%,0.5199,15,✓ Yes,completed
4,361,334,03-20,+12.4%,+3.98%,0.5199,15,✓ Yes,completed
4,361,337,03-20,+11.9%,+3.93%,0.5197,15,✓ Yes,completed
4,361,341,03-20,+11.8%,+3.91%,0.5196,15,✓ Yes,completed
4,361,344,03-20,+11.7%,+3.88%,0.5194,16,✓ Yes,completed
4,361,347,03-20,+10.9%,+3.58%,0.5179,22,✓ Yes,completed
4,361,351,03-20,+10.5%,+3.50%,0.5175,24,✓ Yes,completed
4,361,354,03-20,+10.0%,+3.38%,0.5169,28,✓ Yes,completed
4,361,357,03-20,+9.5%,+3.15%,0.5158,35,✓ Yes,completed
4,361,361,03-20,+8.9%,+2.96%,0.5148,44,✓ Yes,completed
4,328,280,03-22,+25.0%,+69.62%,0.8481,24,✗ No,budget_exceeded
4,328,284,03-22,+25.0%,+68.82%,0.8441,24,✗ No,budget_exceeded
4,328,287,03-22,+25.0%,+67.57%,0.8379,25,✗ No,budget_exceeded
4,328,291,03-22,+25.0%,+67.15%,0.8358,25,✗ No,budget_exceeded
4,328,294,03-22,+25.0%,+66.22%,0.8311,26,✗ No,budget_exceeded
4,328,297,03-22,+25.0%,+60.73%,0.8036,28,✗ No,budget_exceeded
4,328,301,03-22,+25.0%,+58.86%,0.7943,30,✗ No,budget_exceeded
4,328,304,03-22,+24.8%,+6.06%,0.5303,34,✓ Yes,completed
4,328,308,03-22,+24.0%,+5.79%,0.5289,34,✓ Yes,completed
4,328,311,03-22,+23.7%,+5.75%,0.5288,34,✓ Yes,completed
4,328,315,03-22,+22.2%,+5.50%,0.5275,37,✓ Yes,completed
4,328,318,03-22,+21.4%,+5.45%,0.5272,39,✓ Yes,completed
4,328,321,03-22,+20.0%,+5.12%,0.5256,42,✓ Yes,completed
4,328,325,03-22,+18.9%,+4.93%,0.5247,48,✓ Yes,completed
4,328,328,03-22,+17.9%,+4.75%,0.5238,66,✓ Yes,completed
4,332,280,03-22,+25.0%,+65.28%,0.8264,24,✗ No,budget_exceeded
4,332,284,03-22,+25.0%,+58.45%,0.7922,25,✗ No,budget_exceeded
4,332,287,03-22,+25.0%,+48.91%,0.7445,26,✗ No,budget_exceeded
4,332,291,03-22,+25.0%,+48.48%,0.7424,26,✗ No,budget_exceeded
4,332,294,03-22,+25.0%,+48.24%,0.7412,26,✗ No,budget_exceeded
4,332,297,03-22,+24.6%,+5.86%,0.5293,27,✓ Yes,completed
4,332,301,03-22,+23.5%,+5.64%,0.5282,27,✓ Yes,completed
4,332,304,03-22,+22.1%,+5.45%,0.5272,28,✓ Yes,completed
4,332,308,03-22,+21.8%,+5.43%,0.5271,28,✓ Yes,completed
4,332,311,03-22,+21.5%,+5.43%,0.5271,28,✓ Yes,completed
4,332,315,03-22,+20.0%,+5.11%,0.5255,31,✓ Yes,completed
4,332,318,03-22,+19.3%,+5.08%,0.5254,31,✓ Yes,completed
4,332,322,03-22,+17.8%,+4.85%,0.5242,33,✓ Yes,completed
4,332,325,03-22,+17.2%,+4.76%,0.5238,37,✓ Yes,completed
4,332,328,03-22,+16.8%,+4.59%,0.5230,44,✓ Yes,completed
4,332,332,03-22,+16.1%,+4.49%,0.5225,56,✓ Yes,completed
4,335,280,03-22,+25.0%,+58.31%,0.7915,24,✗ No,budget_exceeded
4,335,284,03-22,+25.0%,+48.26%,0.7413,25,✗ No,budget_exceeded
4,335,287,03-22,+25.0%,+5.89%,0.5295,25,✓ Yes,completed
4,335,291,03-22,+24.7%,+5.85%,0.5292,25,✓ Yes,completed
4,335,294,03-22,+24.5%,+5.77%,0.5288,25,✓ Yes,completed
4,335,298,03-22,+23.3%,+5.60%,0.5280,26,✓ Yes,completed
4,335,301,03-22,+22.8%,+5.59%,0.5279,26,✓ Yes,completed
4,335,304,03-22,+21.5%,+5.39%,0.5269,27,✓ Yes,completed
4,335,308,03-22,+21.1%,+5.38%,0.5269,27,✓ Yes,completed
4,335,311,03-22,+20.9%,+5.29%,0.5264,27,✓ Yes,completed
4,335,315,03-22,+19.3%,+5.06%,0.5253,30,✓ Yes,completed
4,335,318,03-22,+18.7%,+4.88%,0.5244,30,✓ Yes,completed
4,335,322,03-22,+17.2%,+4.75%,0.5238,32,✓ Yes,completed
4,335,325,03-22,+16.6%,+4.58%,0.5229,35,✓ Yes,completed
4,335,329,03-22,+16.1%,+4.54%,0.5227,41,✓ Yes,completed
4,335,332,03-22,+15.6%,+4.54%,0.5227,45,✓ Yes,completed
4,335,335,03-22,+14.8%,+4.28%,0.5214,51,✓ Yes,completed
4,339,280,03-22,+22.6%,+5.28%,0.5264,23,✓ Yes,completed
4,339,284,03-22,+21.9%,+5.20%,0.5260,23,✓ Yes,completed
4,339,287,03-22,+21.6%,+5.21%,0.5260,23,✓ Yes,completed
4,339,291,03-22,+21.3%,+5.23%,0.5262,23,✓ Yes,completed
4,339,294,03-22,+21.1%,+5.23%,0.5261,23,✓ Yes,completed
4,339,298,03-22,+20.8%,+5.13%,0.5256,23,✓ Yes,completed
4,339,301,03-22,+20.5%,+5.03%,0.5251,23,✓ Yes,completed
4,339,304,03-22,+19.4%,+5.01%,0.5251,23,✓ Yes,completed
4,339,308,03-22,+19.2%,+4.98%,0.5249,23,✓ Yes,completed
4,339,311,03-22,+19.0%,+4.93%,0.5246,23,✓ Yes,completed
4,339,315,03-22,+17.1%,+4.71%,0.5235,24,✓ Yes,completed
4,339,318,03-22,+16.5%,+4.57%,0.5228,24,✓ Yes,completed
4,339,322,03-22,+15.6%,+4.58%,0.5229,24,✓ Yes,completed
4,339,325,03-22,+15.2%,+4.47%,0.5224,26,✓ Yes,completed
4,339,329,03-22,+14.8%,+4.34%,0.5217,31,✓ Yes,completed
4,339,332,03-22,+14.4%,+4.27%,0.5213,35,✓ Yes,completed
4,339,336,03-22,+14.0%,+4.21%,0.5210,38,✓ Yes,completed
4,339,339,03-22,+13.5%,+4.03%,0.5202,43,✓ Yes,completed
4,343,280,03-22,+20.5%,+4.83%,0.5241,20,✓ Yes,completed
4,343,284,03-22,+19.8%,+4.83%,0.5242,20,✓ Yes,completed
4,343,287,03-22,+19.4%,+4.86%,0.5243,20,✓ Yes,completed
4,343,291,03-22,+19.2%,+4.86%,0.5243,20,✓ Yes,completed
4,343,294,03-22,+19.1%,+4.84%,0.5242,20,✓ Yes,completed
4,343,298,03-22,+18.9%,+4.78%,0.5239,20,✓ Yes,completed
4,343,301,03-22,+18.6%,+4.72%,0.5236,20,✓ Yes,completed
4,343,305,03-22,+17.5%,+4.76%,0.5238,20,✓ Yes,completed
4,343,308,03-22,+17.3%,+4.72%,0.5236,20,✓ Yes,completed
4,343,311,03-22,+17.1%,+4.67%,0.5233,20,✓ Yes,completed
4,343,315,03-22,+16.2%,+4.53%,0.5227,21,✓ Yes,completed
4,343,318,03-22,+15.6%,+4.57%,0.5228,21,✓ Yes,completed
4,343,322,03-22,+14.8%,+4.35%,0.5218,21,✓ Yes,completed
4,343,325,03-22,+14.6%,+4.33%,0.5216,21,✓ Yes,completed
4,343,329,03-22,+14.0%,+4.25%,0.5212,24,✓ Yes,completed
4,343,332,03-22,+13.6%,+4.17%,0.5208,27,✓ Yes,completed
4,343,336,03-22,+13.3%,+4.02%,0.5201,29,✓ Yes,completed
4,343,339,03-22,+12.9%,+3.85%,0.5193,30,✓ Yes,completed
4,343,343,03-22,+12.7%,+3.79%,0.5189,34,✓ Yes,completed
4,346,280,03-22,+18.5%,+4.54%,0.5227,18,✓ Yes,completed
4,346,284,03-22,+17.8%,+4.60%,0.5230,18,✓ Yes,completed
4,346,287,03-22,+17.5%,+4.64%,0.5232,18,✓ Yes,completed
4,346,291,03-22,+17.4%,+4.63%,0.5232,18,✓ Yes,completed
4,346,294,03-22,+17.3%,+4.61%,0.5231,18,✓ Yes,completed
4,346,298,03-22,+17.1%,+4.55%,0.5228,18,✓ Yes,completed
4,346,301,03-22,+16.7%,+4.48%,0.5224,18,✓ Yes,completed
4,346,305,03-22,+16.1%,+4.49%,0.5225,18,✓ Yes,completed
4,346,308,03-22,+15.8%,+4.53%,0.5226,18,✓ Yes,completed
4,346,312,03-22,+15.7%,+4.54%,0.5227,18,✓ Yes,completed
4,346,315,03-22,+15.2%,+4.40%,0.5220,18,✓ Yes,completed
4,346,318,03-22,+14.7%,+4.31%,0.5216,18,✓ Yes,completed
4,346,322,03-22,+14.0%,+4.24%,0.5212,18,✓ Yes,completed
4,346,325,03-22,+13.8%,+4.22%,0.5211,18,✓ Yes,completed
4,346,329,03-22,+13.3%,+4.01%,0.5201,19,✓ Yes,completed
4,346,332,03-22,+12.9%,+3.88%,0.5194,20,✓ Yes,completed
4,346,336,03-22,+12.7%,+3.82%,0.5191,22,✓ Yes,completed
4,346,339,03-22,+12.5%,+3.76%,0.5188,23,✓ Yes,completed
4,346,343,03-22,+12.3%,+3.71%,0.5186,26,✓ Yes,completed
4,346,346,03-22,+12.0%,+3.62%,0.5181,34,✓ Yes,completed
4,350,280,03-22,+16.7%,+4.31%,0.5216,16,✓ Yes,completed
4,350,284,03-22,+16.6%,+4.31%,0.5215,16,✓ Yes,completed
4,350,287,03-22,+16.3%,+4.34%,0.5217,16,✓ Yes,completed
4,350,291,03-22,+16.2%,+4.34%,0.5217,16,✓ Yes,completed
4,350,294,03-22,+16.1%,+4.36%,0.5218,16,✓ Yes,completed
4,350,298,03-22,+15.9%,+4.40%,0.5220,16,✓ Yes,completed
4,350,301,03-22,+15.6%,+4.43%,0.5221,16,✓ Yes,completed
4,350,305,03-22,+15.0%,+4.28%,0.5214,16,✓ Yes,completed
4,350,308,03-22,+14.8%,+4.26%,0.5213,16,✓ Yes,completed
4,350,312,03-22,+14.7%,+4.25%,0.5213,16,✓ Yes,completed
4,350,315,03-22,+14.1%,+4.19%,0.5209,16,✓ Yes,completed
4,350,319,03-22,+13.7%,+4.14%,0.5207,16,✓ Yes,completed
4,350,322,03-22,+13.0%,+3.87%,0.5193,16,✓ Yes,completed
4,350,326,03-22,+12.8%,+3.84%,0.5192,16,✓ Yes,completed
4,350,329,03-22,+12.3%,+3.72%,0.5186,17,✓ Yes,completed
4,350,332,03-22,+12.1%,+3.70%,0.5185,17,✓ Yes,completed
4,350,336,03-22,+11.9%,+3.64%,0.5182,19,✓ Yes,completed
4,350,339,03-22,+11.7%,+3.56%,0.5178,19,✓ Yes,completed
4,350,343,03-22,+11.6%,+3.44%,0.5172,22,✓ Yes,completed
4,350,346,03-22,+11.2%,+3.23%,0.5161,29,✓ Yes,completed
4,350,350,03-22,+10.5%,+3.03%,0.5151,42,✓ Yes,completed
4,353,280,03-22,+16.5%,+4.27%,0.5213,16,✓ Yes,completed
4,353,284,03-22,+16.4%,+4.28%,0.5214,16,✓ Yes,completed
4,353,287,03-22,+16.1%,+4.30%,0.5215,16,✓ Yes,completed
4,353,290,03-22,+16.0%,+4.32%,0.5216,16,✓ Yes,completed
4,353,294,03-22,+15.8%,+4.36%,0.5218,16,✓ Yes,completed
4,353,297,03-22,+15.6%,+4.38%,0.5219,16,✓ Yes,completed
4,353,300,03-22,+15.4%,+4.34%,0.5217,16,✓ Yes,completed
4,353,304,03-22,+14.8%,+4.22%,0.5211,16,✓ Yes,completed
4,353,307,03-22,+14.6%,+4.21%,0.5211,16,✓ Yes,completed
4,353,310,03-22,+14.5%,+4.20%,0.5210,16,✓ Yes,completed
4,353,314,03-22,+13.9%,+4.15%,0.5207,16,✓ Yes,completed
4,353,317,03-22,+13.6%,+4.08%,0.5204,16,✓ Yes,completed
4,353,320,03-22,+13.3%,+3.97%,0.5198,16,✓ Yes,completed
4,353,324,03-22,+12.6%,+3.76%,0.5188,16,✓ Yes,completed
4,353,327,03-22,+12.5%,+3.74%,0.5187,16,✓ Yes,completed
4,353,330,03-22,+11.9%,+3.63%,0.5181,17,✓ Yes,completed
4,353,334,03-22,+11.7%,+3.51%,0.5176,17,✓ Yes,completed
4,353,337,03-22,+11.5%,+3.42%,0.5171,18,✓ Yes,completed
4,353,340,03-22,+11.4%,+3.36%,0.5168,18,✓ Yes,completed
4,353,343,03-22,+11.2%,+3.27%,0.5164,20,✓ Yes,completed
4,353,347,03-22,+10.7%,+3.13%,0.5156,26,✓ Yes,completed
4,353,350,03-22,+9.9%,+2.97%,0.5148,35,✓ Yes,completed
4,353,353,03-22,+9.2%,+2.69%,0.5135,47,✓ Yes,completed
4,357,280,03-22,+14.2%,+3.99%,0.5200,13,✓ Yes,completed
4,357,284,03-22,+14.1%,+4.00%,0.5200,13,✓ Yes,completed
4,357,287,03-22,+14.0%,+4.01%,0.5201,13,✓ Yes,completed
4,357,290,03-22,+13.8%,+4.01%,0.5200,13,✓ Yes,completed
4,357,294,03-22,+13.7%,+3.99%,0.5200,13,✓ Yes,completed
4,357,297,03-22,+13.6%,+3.96%,0.5198,13,✓ Yes,completed
4,357,300,03-22,+13.4%,+3.89%,0.5195,13,✓ Yes,completed
4,357,304,03-22,+13.2%,+3.83%,0.5192,13,✓ Yes,completed
4,357,307,03-22,+13.0%,+3.78%,0.5189,13,✓ Yes,completed
4,357,310,03-22,+12.9%,+3.77%,0.5188,13,✓ Yes,completed
4,357,314,03-22,+12.4%,+3.66%,0.5183,13,✓ Yes,completed
4,357,317,03-22,+12.1%,+3.63%,0.5181,13,✓ Yes,completed
4,357,320,03-22,+11.8%,+3.56%,0.5178,13,✓ Yes,completed
4,357,324,03-22,+11.7%,+3.49%,0.5175,13,✓ Yes,completed
4,357,327,03-22,+11.6%,+3.44%,0.5172,13,✓ Yes,completed
4,357,330,03-22,+11.0%,+3.20%,0.5160,14,✓ Yes,completed
4,357,334,03-22,+10.9%,+3.18%,0.5159,14,✓ Yes,completed
4,357,337,03-22,+10.4%,+3.09%,0.5154,15,✓ Yes,completed
4,357,340,03-22,+10.2%,+3.08%,0.5154,15,✓ Yes,completed
4,357,344,03-22,+10.1%,+3.07%,0.5153,17,✓ Yes,completed
4,357,347,03-22,+9.4%,+2.80%,0.5140,24,✓ Yes,completed
4,357,350,03-22,+8.9%,+2.73%,0.5137,27,✓ Yes,completed
4,357,354,03-22,+8.4%,+2.67%,0.5134,33,✓ Yes,completed
4,357,357,03-22,+7.8%,+2.41%,0.5120,50,✓ Yes,completed
4,361,280,03-22,+13.0%,+3.59%,0.5180,12,✓ Yes,completed
4,361,284,03-22,+12.9%,+3.59%,0.5179,12,✓ Yes,completed
4,361,287,03-22,+12.7%,+3.58%,0.5179,12,✓ Yes,completed
4,361,290,03-22,+12.6%,+3.57%,0.5178,12,✓ Yes,completed
4,361,294,03-22,+12.4%,+3.55%,0.5178,12,✓ Yes,completed
4,361,297,03-22,+12.3%,+3.55%,0.5177,12,✓ Yes,completed
4,361,300,03-22,+12.1%,+3.54%,0.5177,12,✓ Yes,completed
4,361,304,03-22,+12.0%,+3.52%,0.5176,12,✓ Yes,completed
4,361,307,03-22,+11.8%,+3.47%,0.5173,12,✓ Yes,completed
4,361,310,03-22,+11.7%,+3.44%,0.5172,12,✓ Yes,completed
4,361,314,03-22,+11.2%,+3.18%,0.5159,12,✓ Yes,completed
4,361,317,03-22,+11.1%,+3.17%,0.5158,12,✓ Yes,completed
4,361,320,03-22,+10.9%,+3.14%,0.5157,12,✓ Yes,completed
4,361,324,03-22,+10.8%,+3.13%,0.5156,12,✓ Yes,completed
4,361,327,03-22,+10.8%,+3.12%,0.5156,12,✓ Yes,completed
4,361,331,03-22,+10.3%,+3.07%,0.5153,13,✓ Yes,completed
4,361,334,03-22,+10.1%,+3.06%,0.5153,13,✓ Yes,completed
4,361,337,03-22,+9.6%,+2.88%,0.5144,13,✓ Yes,completed
4,361,341,03-22,+9.5%,+2.86%,0.5143,13,✓ Yes,completed
4,361,344,03-22,+9.4%,+2.83%,0.5142,14,✓ Yes,completed
4,361,347,03-22,+8.6%,+2.71%,0.5136,20,✓ Yes,completed
4,361,351,03-22,+8.2%,+2.68%,0.5134,22,✓ Yes,completed
4,361,354,03-22,+7.7%,+2.44%,0.5122,26,✓ Yes,completed
4,361,357,03-22,+7.3%,+2.28%,0.5114,33,✓ Yes,completed
4,361,361,03-22,+6.7%,+2.14%,0.5107,42,✓ Yes,completed
5,321,314,03-15,+25.0%,+80.54%,0.9027,31,✗ No,budget_exceeded
5,321,316,03-15,+25.0%,+79.64%,0.8982,33,✗ No,budget_exceeded
5,321,318,03-15,+25.0%,+79.43%,0.8972,33,✗ No,budget_exceeded
5,321,319,03-15,+25.0%,+78.01%,0.8901,36,✗ No,budget_exceeded
5,321,321,03-15,+25.0%,+77.72%,0.8886,39,✗ No,budget_exceeded
5,323,314,03-15,+25.0%,+79.48%,0.8974,29,✗ No,budget_exceeded
5,323,316,03-15,+25.0%,+78.08%,0.8904,32,✗ No,budget_exceeded
5,323,318,03-15,+25.0%,+77.85%,0.8892,32,✗ No,budget_exceeded
5,323,319,03-15,+25.0%,+77.66%,0.8883,33,✗ No,budget_exceeded
5,323,321,03-15,+25.0%,+77.14%,0.8857,36,✗ No,budget_exceeded
5,323,323,03-15,+25.0%,+74.29%,0.8714,44,✗ No,budget_exceeded
5,324,314,03-15,+25.0%,+78.06%,0.8903,30,✗ No,budget_exceeded
5,324,316,03-15,+25.0%,+77.83%,0.8891,31,✗ No,budget_exceeded
5,324,317,03-15,+25.0%,+77.68%,0.8884,31,✗ No,budget_exceeded
5,324,319,03-15,+25.0%,+77.08%,0.8854,33,✗ No,budget_exceeded
5,324,321,03-15,+25.0%,+74.31%,0.8715,36,✗ No,budget_exceeded
5,324,323,03-15,+25.0%,+72.63%,0.8632,41,✗ No,budget_exceeded
5,324,324,03-15,+25.0%,+72.36%,0.8618,45,✗ No,budget_exceeded
5,326,314,03-15,+25.0%,+77.68%,0.8884,29,✗ No,budget_exceeded
5,326,316,03-15,+25.0%,+77.17%,0.8858,30,✗ No,budget_exceeded
5,326,317,03-15,+25.0%,+77.04%,0.8852,30,✗ No,budget_exceeded
5,326,319,03-15,+25.0%,+75.90%,0.8795,32,✗ No,budget_exceeded
5,326,321,03-15,+25.0%,+72.73%,0.8636,36,✗ No,budget_exceeded
5,326,322,03-15,+25.0%,+72.38%,0.8619,37,✗ No,budget_exceeded
5,326,324,03-15,+25.0%,+70.92%,0.8546,42,✗ No,budget_exceeded
5,326,326,03-15,+25.0%,+67.34%,0.8367,47,✗ No,budget_exceeded
5,327,314,03-15,+25.0%,+77.59%,0.8880,29,✗ No,budget_exceeded
5,327,316,03-15,+25.0%,+77.06%,0.8853,30,✗ No,budget_exceeded
5,327,317,03-15,+25.0%,+76.09%,0.8805,31,✗ No,budget_exceeded
5,327,319,03-15,+25.0%,+73.61%,0.8681,33,✗ No,budget_exceeded
5,327,321,03-15,+25.0%,+72.52%,0.8626,35,✗ No,budget_exceeded
5,327,322,03-15,+25.0%,+70.89%,0.8544,38,✗ No,budget_exceeded
5,327,324,03-15,+25.0%,+70.54%,0.8527,41,✗ No,budget_exceeded
5,327,326,03-15,+25.0%,+57.17%,0.7859,48,✗ No,budget_exceeded
5,327,327,03-15,+25.0%,+53.87%,0.7693,55,✗ No,budget_exceeded
5,329,314,03-15,+25.0%,+77.09%,0.8855,29,✗ No,budget_exceeded
5,329,316,03-15,+25.0%,+73.52%,0.8676,32,✗ No,budget_exceeded
5,329,317,03-15,+25.0%,+72.68%,0.8634,33,✗ No,budget_exceeded
5,329,319,03-15,+25.0%,+72.38%,0.8619,34,✗ No,budget_exceeded
5,329,321,03-15,+25.0%,+70.91%,0.8545,37,✗ No,budget_exceeded
5,329,322,03-15,+25.0%,+67.21%,0.8361,39,✗ No,budget_exceeded
5,329,324,03-15,+25.0%,+53.94%,0.7697,46,✗ No,budget_exceeded
5,329,326,03-15,+25.0%,+53.67%,0.7684,48,✗ No,budget_exceeded
5,329,327,03-15,+25.0%,+53.43%,0.7671,51,✗ No,budget_exceeded
5,329,329,03-15,+25.0%,+37.08%,0.6854,70,✗ No,budget_exceeded
5,331,314,03-15,+25.0%,+72.67%,0.8633,31,✗ No,budget_exceeded
5,331,316,03-15,+25.0%,+71.78%,0.8589,33,✗ No,budget_exceeded
5,331,317,03-15,+25.0%,+70.92%,0.8546,34,✗ No,budget_exceeded
5,331,319,03-15,+25.0%,+70.62%,0.8531,34,✗ No,budget_exceeded
5,331,321,03-15,+25.0%,+67.30%,0.8365,35,✗ No,budget_exceeded
5,331,322,03-15,+25.0%,+53.52%,0.7676,39,✗ No,budget_exceeded
5,331,324,03-15,+25.0%,+46.88%,0.7344,43,✗ No,budget_exceeded
5,331,326,03-15,+25.0%,+37.13%,0.6857,46,✗ No,budget_exceeded
5,331,327,03-15,+24.9%,+6.65%,0.5332,49,✓ Yes,completed
5,331,329,03-15,+24.6%,+6.48%,0.5324,57,✓ Yes,completed
5,331,331,03-15,+24.2%,+6.28%,0.5314,62,✓ Yes,completed
5,332,314,03-15,+25.0%,+72.41%,0.8620,30,✗ No,budget_exceeded
5,332,316,03-15,+25.0%,+70.76%,0.8538,33,✗ No,budget_exceeded
5,332,317,03-15,+25.0%,+70.62%,0.8531,33,✗ No,budget_exceeded
5,332,319,03-15,+25.0%,+67.18%,0.8359,34,✗ No,budget_exceeded
5,332,321,03-15,+25.0%,+57.06%,0.7853,35,✗ No,budget_exceeded
5,332,322,03-15,+25.0%,+46.90%,0.7345,39,✗ No,budget_exceeded
5,332,324,03-15,+25.0%,+37.03%,0.6851,43,✗ No,budget_exceeded
5,332,326,03-15,+24.8%,+6.63%,0.5332,45,✓ Yes,completed
5,332,327,03-15,+24.5%,+6.50%,0.5325,48,✓ Yes,completed
5,332,329,03-15,+24.2%,+6.33%,0.5316,53,✓ Yes,completed
5,332,331,03-15,+23.9%,+6.22%,0.5311,58,✓ Yes,completed
5,332,332,03-15,+23.4%,+6.14%,0.5307,65,✓ Yes,completed
5,334,314,03-15,+25.0%,+72.34%,0.8617,30,✗ No,budget_exceeded
5,334,316,03-15,+25.0%,+70.70%,0.8535,33,✗ No,budget_exceeded
5,334,317,03-15,+25.0%,+70.57%,0.8528,33,✗ No,budget_exceeded
5,334,319,03-15,+25.0%,+57.12%,0.7856,35,✗ No,budget_exceeded
5,334,320,03-15,+25.0%,+53.77%,0.7689,36,✗ No,budget_exceeded
5,334,322,03-15,+25.0%,+46.81%,0.7340,39,✗ No,budget_exceeded
5,334,323,03-15,+24.9%,+6.66%,0.5333,42,✓ Yes,completed
5,334,325,03-15,+24.5%,+6.49%,0.5325,44,✓ Yes,completed
5,334,326,03-15,+24.4%,+6.42%,0.5321,45,✓ Yes,completed
5,334,328,03-15,+24.1%,+6.30%,0.5315,48,✓ Yes,completed
5,334,329,03-15,+23.9%,+6.24%,0.5312,53,✓ Yes,completed
5,334,331,03-15,+23.5%,+6.18%,0.5309,55,✓ Yes,completed
5,334,332,03-15,+23.1%,+6.14%,0.5307,60,✓ Yes,completed
5,334,334,03-15,+22.6%,+6.00%,0.5300,68,✓ Yes,completed
5,336,314,03-15,+25.0%,+70.50%,0.8525,31,✗ No,budget_exceeded
5,336,316,03-15,+25.0%,+53.48%,0.7674,34,✗ No,budget_exceeded
5,336,317,03-15,+25.0%,+53.32%,0.7666,34,✗ No,budget_exceeded
5,336,319,03-15,+25.0%,+46.75%,0.7337,35,✗ No,budget_exceeded
5,336,320,03-15,+25.0%,+6.67%,0.5334,36,✓ Yes,completed
5,336,322,03-15,+24.2%,+6.33%,0.5316,38,✓ Yes,completed
5,336,323,03-15,+23.9%,+6.27%,0.5314,39,✓ Yes,completed
5,336,325,03-15,+23.6%,+6.22%,0.5311,41,✓ Yes,completed
5,336,326,03-15,+23.5%,+6.20%,0.5310,42,✓ Yes,completed
5,336,328,03-15,+23.2%,+6.19%,0.5310,44,✓ Yes,completed
5,336,329,03-15,+23.0%,+6.16%,0.5308,49,✓ Yes,completed
5,336,331,03-15,+22.7%,+6.08%,0.5304,51,✓ Yes,completed
5,336,333,03-15,+22.5%,+6.02%,0.5301,51,✓ Yes,completed
5,336,334,03-15,+22.0%,+5.94%,0.5297,54,✓ Yes,completed
5,336,336,03-15,+21.7%,+5.90%,0.5295,59,✓ Yes,completed
5,321,314,03-16,+25.0%,+79.08%,0.8954,32,✗ No,budget_exceeded
5,321,316,03-16,+25.0%,+77.96%,0.8898,35,✗ No,budget_exceeded
5,321,318,03-16,+25.0%,+77.77%,0.8888,35,✗ No,budget_exceeded
5,321,319,03-16,+25.0%,+75.56%,0.8778,39,✗ No,budget_exceeded
5,321,321,03-16,+25.0%,+74.34%,0.8717,44,✗ No,budget_exceeded
5,323,314,03-16,+25.0%,+77.86%,0.8893,30,✗ No,budget_exceeded
5,323,316,03-16,+25.0%,+75.54%,0.8777,34,✗ No,budget_exceeded
5,323,318,03-16,+25.0%,+74.64%,0.8732,35,✗ No,budget_exceeded
5,323,319,03-16,+25.0%,+74.45%,0.8722,36,✗ No,budget_exceeded
5,323,321,03-16,+25.0%,+73.70%,0.8685,39,✗ No,budget_exceeded
5,323,323,03-16,+25.0%,+72.49%,0.8625,47,✗ No,budget_exceeded
5,324,314,03-16,+25.0%,+75.61%,0.8780,31,✗ No,budget_exceeded
5,324,316,03-16,+25.0%,+74.40%,0.8720,34,✗ No,budget_exceeded
5,324,317,03-16,+25.0%,+74.30%,0.8715,34,✗ No,budget_exceeded
5,324,319,03-16,+25.0%,+73.68%,0.8684,36,✗ No,budget_exceeded
5,324,321,03-16,+25.0%,+72.54%,0.8627,38,✗ No,budget_exceeded
5,324,323,03-16,+25.0%,+59.12%,0.7956,44,✗ No,budget_exceeded
5,324,324,03-16,+25.0%,+57.23%,0.7862,51,✗ No,budget_exceeded
5,326,314,03-16,+25.0%,+74.54%,0.8727,31,✗ No,budget_exceeded
5,326,316,03-16,+25.0%,+73.75%,0.8687,33,✗ No,budget_exceeded
5,326,317,03-16,+25.0%,+73.67%,0.8683,33,✗ No,budget_exceeded
5,326,319,03-16,+25.0%,+72.63%,0.8632,35,✗ No,budget_exceeded
5,326,321,03-16,+25.0%,+69.06%,0.8453,37,✗ No,budget_exceeded
5,326,322,03-16,+25.0%,+57.33%,0.7866,42,✗ No,budget_exceeded
5,326,324,03-16,+25.0%,+55.48%,0.7774,47,✗ No,budget_exceeded
5,326,326,03-16,+25.0%,+50.50%,0.7525,54,✗ No,budget_exceeded
5,327,314,03-16,+25.0%,+74.28%,0.8714,30,✗ No,budget_exceeded
5,327,316,03-16,+25.0%,+72.83%,0.8641,33,✗ No,budget_exceeded
5,327,317,03-16,+25.0%,+72.70%,0.8635,33,✗ No,budget_exceeded
5,327,319,03-16,+25.0%,+72.40%,0.8620,34,✗ No,budget_exceeded
5,327,321,03-16,+25.0%,+59.05%,0.7952,39,✗ No,budget_exceeded
5,327,322,03-16,+25.0%,+55.56%,0.7778,42,✗ No,budget_exceeded
5,327,324,03-16,+25.0%,+50.54%,0.7527,47,✗ No,budget_exceeded
5,327,326,03-16,+25.0%,+48.72%,0.7436,52,✗ No,budget_exceeded
5,327,327,03-16,+25.0%,+38.79%,0.6940,61,✗ No,budget_exceeded
5,329,314,03-16,+25.0%,+72.88%,0.8644,32,✗ No,budget_exceeded
5,329,316,03-16,+25.0%,+69.22%,0.8461,34,✗ No,budget_exceeded
5,329,317,03-16,+25.0%,+69.10%,0.8455,34,✗ No,budget_exceeded
5,329,319,03-16,+25.0%,+59.00%,0.7950,37,✗ No,budget_exceeded
5,329,321,03-16,+25.0%,+55.43%,0.7771,40,✗ No,budget_exceeded
5,329,322,03-16,+25.0%,+48.83%,0.7441,44,✗ No,budget_exceeded
5,329,324,03-16,+25.0%,+38.92%,0.6946,49,✗ No,budget_exceeded
5,329,326,03-16,+24.9%,+6.92%,0.5346,51,✓ Yes,completed
5,329,327,03-16,+24.6%,+6.82%,0.5341,56,✓ Yes,completed
5,329,329,03-16,+24.1%,+6.57%,0.5328,68,✓ Yes,completed
5,331,314,03-16,+25.0%,+69.06%,0.8453,32,✗ No,budget_exceeded
5,331,316,03-16,+25.0%,+55.61%,0.7781,35,✗ No,budget_exceeded
5,331,317,03-16,+25.0%,+55.46%,0.7773,35,✗ No,budget_exceeded
5,331,319,03-16,+25.0%,+55.15%,0.7757,35,✗ No,budget_exceeded
5,331,321,03-16,+25.0%,+48.60%,0.7430,36,✗ No,budget_exceeded
5,331,322,03-16,+24.6%,+6.85%,0.5342,39,✓ Yes,completed
5,331,324,03-16,+24.2%,+6.69%,0.5335,42,✓ Yes,completed
5,331,326,03-16,+24.0%,+6.63%,0.5332,44,✓ Yes,completed
5,331,327,03-16,+23.8%,+6.58%,0.5329,47,✓ Yes,completed
5,331,329,03-16,+23.5%,+6.49%,0.5325,55,✓ Yes,completed
5,331,331,03-16,+23.1%,+6.42%,0.5321,60,✓ Yes,completed
5,332,314,03-16,+25.0%,+58.90%,0.7945,32,✗ No,budget_exceeded
5,332,316,03-16,+25.0%,+55.24%,0.7762,34,✗ No,budget_exceeded
5,332,317,03-16,+25.0%,+55.09%,0.7755,34,✗ No,budget_exceeded
5,332,319,03-16,+25.0%,+48.59%,0.7430,35,✗ No,budget_exceeded
5,332,321,03-16,+25.0%,+38.76%,0.6938,36,✗ No,budget_exceeded
5,332,322,03-16,+24.2%,+6.71%,0.5335,38,✓ Yes,completed
5,332,324,03-16,+23.9%,+6.61%,0.5331,41,✓ Yes,completed
5,332,326,03-16,+23.7%,+6.57%,0.5328,43,✓ Yes,completed
5,332,327,03-16,+23.4%,+6.51%,0.5326,46,✓ Yes,completed
5,332,329,03-16,+23.1%,+6.45%,0.5323,51,✓ Yes,completed
5,332,331,03-16,+22.8%,+6.31%,0.5315,56,✓ Yes,completed
5,332,332,03-16,+22.4%,+6.09%,0.5305,61,✓ Yes,completed
5,334,314,03-16,+25.0%,+55.68%,0.7784,33,✗ No,budget_exceeded
5,334,316,03-16,+25.0%,+55.04%,0.7752,34,✗ No,budget_exceeded
5,334,317,03-16,+25.0%,+48.73%,0.7437,35,✗ No,budget_exceeded
5,334,319,03-16,+25.0%,+48.40%,0.7420,35,✗ No,budget_exceeded
5,334,320,03-16,+24.8%,+6.92%,0.5346,36,✓ Yes,completed
5,334,322,03-16,+24.0%,+6.64%,0.5332,38,✓ Yes,completed
5,334,323,03-16,+23.7%,+6.58%,0.5329,40,✓ Yes,completed
5,334,325,03-16,+23.4%,+6.51%,0.5326,42,✓ Yes,completed
5,334,326,03-16,+23.3%,+6.49%,0.5325,43,✓ Yes,completed
5,334,328,03-16,+23.0%,+6.44%,0.5322,46,✓ Yes,completed
5,334,329,03-16,+22.8%,+6.33%,0.5317,51,✓ Yes,completed
5,334,331,03-16,+22.5%,+6.15%,0.5307,53,✓ Yes,completed
5,334,332,03-16,+22.2%,+6.03%,0.5302,57,✓ Yes,completed
5,334,334,03-16,+21.6%,+5.92%,0.5296,65,✓ Yes,completed
5,336,314,03-16,+25.0%,+54.81%,0.7741,31,✗ No,budget_exceeded
5,336,316,03-16,+25.0%,+48.16%,0.7408,33,✗ No,budget_exceeded
5,336,317,03-16,+25.0%,+6.92%,0.5346,34,✓ Yes,completed
5,336,319,03-16,+24.4%,+6.76%,0.5338,34,✓ Yes,completed
5,336,320,03-16,+24.0%,+6.63%,0.5331,34,✓ Yes,completed
5,336,322,03-16,+23.2%,+6.49%,0.5324,36,✓ Yes,completed
5,336,323,03-16,+22.9%,+6.43%,0.5321,37,✓ Yes,completed
5,336,325,03-16,+22.7%,+6.29%,0.5315,39,✓ Yes,completed
5,336,326,03-16,+22.5%,+6.23%,0.5311,40,✓ Yes,completed
5,336,328,03-16,+22.3%,+6.11%,0.5306,42,✓ Yes,completed
5,336,329,03-16,+22.1%,+6.05%,0.5302,47,✓ Yes,completed
5,336,331,03-16,+21.8%,+6.00%,0.5300,49,✓ Yes,completed
5,336,333,03-16,+21.6%,+5.97%,0.5298,49,✓ Yes,completed
5,336,334,03-16,+21.1%,+5.93%,0.5297,52,✓ Yes,completed
5,336,336,03-16,+20.8%,+5.84%,0.5292,56,✓ Yes,completed
5,321,314,03-17,+25.0%,+77.38%,0.8869,34,✗ No,budget_exceeded
5,321,316,03-17,+25.0%,+76.34%,0.8817,37,✗ No,budget_exceeded
5,321,318,03-17,+25.0%,+76.15%,0.8808,37,✗ No,budget_exceeded
5,321,319,03-17,+25.0%,+75.54%,0.8777,40,✗ No,budget_exceeded
5,321,321,03-17,+25.0%,+74.29%,0.8715,45,✗ No,budget_exceeded
5,323,314,03-17,+25.0%,+76.25%,0.8812,32,✗ No,budget_exceeded
5,323,316,03-17,+25.0%,+75.61%,0.8780,35,✗ No,budget_exceeded
5,323,318,03-17,+25.0%,+74.68%,0.8734,36,✗ No,budget_exceeded
5,323,319,03-17,+25.0%,+74.49%,0.8724,37,✗ No,budget_exceeded
5,323,321,03-17,+25.0%,+70.90%,0.8545,40,✗ No,budget_exceeded
5,323,323,03-17,+25.0%,+59.10%,0.7955,51,✗ No,budget_exceeded
5,324,314,03-17,+25.0%,+76.01%,0.8801,31,✗ No,budget_exceeded
5,324,316,03-17,+25.0%,+74.53%,0.8727,35,✗ No,budget_exceeded
5,324,317,03-17,+25.0%,+74.38%,0.8719,35,✗ No,budget_exceeded
5,324,319,03-17,+25.0%,+70.97%,0.8549,37,✗ No,budget_exceeded
5,324,321,03-17,+25.0%,+59.17%,0.7959,42,✗ No,budget_exceeded
5,324,323,03-17,+25.0%,+57.26%,0.7863,46,✗ No,budget_exceeded
5,324,324,03-17,+25.0%,+56.90%,0.7845,51,✗ No,budget_exceeded
5,326,314,03-17,+25.0%,+75.54%,0.8777,32,✗ No,budget_exceeded
5,326,316,03-17,+25.0%,+74.27%,0.8714,34,✗ No,budget_exceeded
5,326,317,03-17,+25.0%,+71.06%,0.8553,35,✗ No,budget_exceeded
5,326,319,03-17,+25.0%,+70.74%,0.8537,36,✗ No,budget_exceeded
5,326,321,03-17,+25.0%,+57.51%,0.7875,42,✗ No,budget_exceeded
5,326,322,03-17,+25.0%,+57.08%,0.7854,43,✗ No,budget_exceeded
5,326,324,03-17,+25.0%,+50.75%,0.7538,52,✗ No,budget_exceeded
5,326,326,03-17,+25.0%,+40.73%,0.7037,57,✗ No,budget_exceeded
5,327,314,03-17,+25.0%,+74.59%,0.8730,32,✗ No,budget_exceeded
5,327,316,03-17,+25.0%,+70.95%,0.8548,34,✗ No,budget_exceeded
5,327,317,03-17,+25.0%,+70.82%,0.8541,34,✗ No,budget_exceeded
5,327,319,03-17,+25.0%,+60.71%,0.8035,37,✗ No,budget_exceeded
5,327,321,03-17,+25.0%,+57.32%,0.7866,41,✗ No,budget_exceeded
5,327,322,03-17,+25.0%,+50.81%,0.7541,45,✗ No,budget_exceeded
5,327,324,03-17,+25.0%,+40.77%,0.7039,50,✗ No,budget_exceeded
5,327,326,03-17,+24.9%,+7.02%,0.5351,54,✓ Yes,completed
5,327,327,03-17,+24.5%,+6.90%,0.5345,62,✓ Yes,completed
5,329,314,03-17,+25.0%,+71.01%,0.8550,33,✗ No,budget_exceeded
5,329,316,03-17,+25.0%,+60.70%,0.8035,35,✗ No,budget_exceeded
5,329,317,03-17,+25.0%,+57.51%,0.7876,36,✗ No,budget_exceeded
5,329,319,03-17,+25.0%,+57.12%,0.7856,38,✗ No,budget_exceeded
5,329,321,03-17,+25.0%,+50.60%,0.7530,43,✗ No,budget_exceeded
5,329,322,03-17,+25.0%,+7.04%,0.5352,45,✓ Yes,completed
5,329,324,03-17,+24.6%,+6.96%,0.5348,49,✓ Yes,completed
5,329,326,03-17,+24.3%,+6.87%,0.5344,51,✓ Yes,completed
5,329,327,03-17,+24.1%,+6.79%,0.5340,56,✓ Yes,completed
5,329,329,03-17,+23.5%,+6.69%,0.5334,68,✓ Yes,completed
5,331,314,03-17,+25.0%,+57.43%,0.7872,34,✗ No,budget_exceeded
5,331,316,03-17,+25.0%,+56.81%,0.7841,35,✗ No,budget_exceeded
5,331,317,03-17,+25.0%,+50.49%,0.7524,36,✗ No,budget_exceeded
5,331,319,03-17,+25.0%,+40.81%,0.7040,37,✗ No,budget_exceeded
5,331,321,03-17,+24.8%,+7.04%,0.5352,37,✓ Yes,completed
5,331,322,03-17,+24.0%,+6.83%,0.5342,39,✓ Yes,completed
5,331,324,03-17,+23.7%,+6.79%,0.5339,42,✓ Yes,completed
5,331,326,03-17,+23.5%,+6.76%,0.5338,44,✓ Yes,completed
5,331,327,03-17,+23.2%,+6.73%,0.5336,47,✓ Yes,completed
5,331,329,03-17,+23.0%,+6.66%,0.5333,55,✓ Yes,completed
5,331,331,03-17,+22.6%,+6.49%,0.5324,60,✓ Yes,completed
5,332,314,03-17,+25.0%,+57.10%,0.7855,33,✗ No,budget_exceeded
5,332,316,03-17,+25.0%,+50.50%,0.7525,35,✗ No,budget_exceeded
5,332,317,03-17,+25.0%,+50.12%,0.7506,35,✗ No,budget_exceeded
5,332,319,03-17,+25.0%,+7.04%,0.5352,36,✓ Yes,completed
5,332,321,03-17,+24.5%,+6.95%,0.5347,36,✓ Yes,completed
5,332,322,03-17,+23.7%,+6.80%,0.5340,38,✓ Yes,completed
5,332,324,03-17,+23.4%,+6.75%,0.5338,41,✓ Yes,completed
5,332,326,03-17,+23.2%,+6.73%,0.5337,43,✓ Yes,completed
5,332,327,03-17,+22.9%,+6.67%,0.5334,46,✓ Yes,completed
5,332,329,03-17,+22.6%,+6.54%,0.5327,51,✓ Yes,completed
5,332,331,03-17,+22.3%,+6.38%,0.5319,56,✓ Yes,completed
5,332,332,03-17,+21.9%,+6.29%,0.5314,60,✓ Yes,completed
5,334,314,03-17,+25.0%,+56.90%,0.7845,33,✗ No,budget_exceeded
5,334,316,03-17,+25.0%,+50.32%,0.7516,35,✗ No,budget_exceeded
5,334,317,03-17,+25.0%,+49.94%,0.7497,35,✗ No,budget_exceeded
5,334,319,03-17,+24.7%,+7.01%,0.5351,36,✓ Yes,completed
5,334,320,03-17,+24.3%,+6.88%,0.5344,36,✓ Yes,completed
5,334,322,03-17,+23.5%,+6.77%,0.5338,38,✓ Yes,completed
5,334,323,03-17,+23.2%,+6.74%,0.5337,40,✓ Yes,completed
5,334,325,03-17,+22.9%,+6.68%,0.5334,42,✓ Yes,completed
5,334,326,03-17,+22.8%,+6.63%,0.5332,43,✓ Yes,completed
5,334,328,03-17,+22.5%,+6.51%,0.5325,46,✓ Yes,completed
5,334,329,03-17,+22.3%,+6.41%,0.5320,51,✓ Yes,completed
5,334,331,03-17,+22.0%,+6.32%,0.5316,53,✓ Yes,completed
5,334,332,03-17,+21.7%,+6.26%,0.5313,56,✓ Yes,completed
5,334,334,03-17,+21.2%,+6.15%,0.5307,63,✓ Yes,completed
5,336,314,03-17,+25.0%,+50.14%,0.7507,32,✗ No,budget_exceeded
5,336,316,03-17,+25.0%,+7.01%,0.5350,34,✓ Yes,completed
5,336,317,03-17,+24.6%,+6.95%,0.5348,34,✓ Yes,completed
5,336,319,03-17,+24.0%,+6.81%,0.5340,34,✓ Yes,completed
5,336,320,03-17,+23.6%,+6.77%,0.5339,34,✓ Yes,completed
5,336,322,03-17,+22.8%,+6.65%,0.5333,36,✓ Yes,completed
5,336,323,03-17,+22.6%,+6.54%,0.5327,37,✓ Yes,completed
5,336,325,03-17,+22.3%,+6.43%,0.5322,39,✓ Yes,completed
5,336,326,03-17,+22.2%,+6.40%,0.5320,40,✓ Yes,completed
5,336,328,03-17,+21.9%,+6.35%,0.5317,42,✓ Yes,completed
5,336,329,03-17,+21.7%,+6.28%,0.5314,47,✓ Yes,completed
5,336,331,03-17,+21.4%,+6.23%,0.5312,49,✓ Yes,completed
5,336,333,03-17,+21.2%,+6.20%,0.5310,49,✓ Yes,completed
5,336,334,03-17,+20.7%,+5.96%,0.5298,52,✓ Yes,completed
5,336,336,03-17,+20.5%,+5.82%,0.5291,56,✓ Yes,completed
5,321,314,03-18,+25.0%,+76.28%,0.8814,36,✗ No,budget_exceeded
5,321,316,03-18,+25.0%,+72.81%,0.8640,40,✗ No,budget_exceeded
5,321,318,03-18,+25.0%,+72.55%,0.8628,40,✗ No,budget_exceeded
5,321,319,03-18,+25.0%,+62.47%,0.8123,45,✗ No,budget_exceeded
5,321,321,03-18,+25.0%,+58.93%,0.7947,54,✗ No,budget_exceeded
5,323,314,03-18,+25.0%,+72.75%,0.8638,34,✗ No,budget_exceeded
5,323,316,03-18,+25.0%,+62.55%,0.8127,37,✗ No,budget_exceeded
5,323,318,03-18,+25.0%,+60.82%,0.8041,38,✗ No,budget_exceeded
5,323,319,03-18,+25.0%,+59.17%,0.7958,41,✗ No,budget_exceeded
5,323,321,03-18,+25.0%,+58.36%,0.7918,46,✗ No,budget_exceeded
5,323,323,03-18,+25.0%,+52.36%,0.7618,57,✗ No,budget_exceeded
5,324,314,03-18,+25.0%,+72.54%,0.8627,33,✗ No,budget_exceeded
5,324,316,03-18,+25.0%,+60.73%,0.8037,37,✗ No,budget_exceeded
5,324,317,03-18,+25.0%,+59.19%,0.7960,38,✗ No,budget_exceeded
5,324,319,03-18,+25.0%,+58.78%,0.7939,40,✗ No,budget_exceeded
5,324,321,03-18,+25.0%,+52.48%,0.7624,47,✗ No,budget_exceeded
5,324,323,03-18,+25.0%,+42.37%,0.7119,51,✗ No,budget_exceeded
5,324,324,03-18,+25.0%,+6.84%,0.5342,61,✓ Yes,completed
5,326,314,03-18,+25.0%,+62.50%,0.8125,34,✗ No,budget_exceeded
5,326,316,03-18,+25.0%,+59.13%,0.7956,37,✗ No,budget_exceeded
5,326,317,03-18,+25.0%,+58.95%,0.7948,37,✗ No,budget_exceeded
5,326,319,03-18,+25.0%,+54.08%,0.7704,42,✗ No,budget_exceeded
5,326,321,03-18,+25.0%,+42.54%,0.7127,46,✗ No,budget_exceeded
5,326,322,03-18,+25.0%,+8.34%,0.5417,49,✗ No,budget_exceeded
5,326,324,03-18,+24.6%,+6.80%,0.5340,55,✓ Yes,completed
5,326,326,03-18,+24.1%,+6.63%,0.5331,60,✓ Yes,completed
5,327,314,03-18,+25.0%,+60.86%,0.8043,34,✗ No,budget_exceeded
5,327,316,03-18,+25.0%,+58.89%,0.7944,36,✗ No,budget_exceeded
5,327,317,03-18,+25.0%,+58.72%,0.7936,36,✗ No,budget_exceeded
5,327,319,03-18,+25.0%,+52.49%,0.7624,41,✗ No,budget_exceeded
5,327,321,03-18,+25.0%,+42.30%,0.7115,44,✗ No,budget_exceeded
5,327,322,03-18,+24.7%,+6.85%,0.5342,47,✓ Yes,completed
5,327,324,03-18,+24.2%,+6.66%,0.5333,51,✓ Yes,completed
5,327,326,03-18,+23.8%,+6.61%,0.5331,54,✓ Yes,completed
5,327,327,03-18,+23.4%,+6.58%,0.5329,62,✓ Yes,completed
5,329,314,03-18,+25.0%,+58.77%,0.7939,34,✗ No,budget_exceeded
5,329,316,03-18,+25.0%,+53.91%,0.7696,36,✗ No,budget_exceeded
5,329,317,03-18,+25.0%,+52.05%,0.7603,38,✗ No,budget_exceeded
5,329,319,03-18,+25.0%,+42.28%,0.7114,41,✗ No,budget_exceeded
5,329,321,03-18,+24.5%,+6.80%,0.5340,44,✓ Yes,completed
5,329,322,03-18,+24.0%,+6.64%,0.5332,45,✓ Yes,completed
5,329,324,03-18,+23.5%,+6.62%,0.5331,49,✓ Yes,completed
5,329,326,03-18,+23.2%,+6.64%,0.5332,50,✓ Yes,completed
5,329,327,03-18,+22.9%,+6.60%,0.5330,55,✓ Yes,completed
5,329,329,03-18,+22.3%,+6.38%,0.5319,67,✓ Yes,completed
5,331,314,03-18,+25.0%,+51.91%,0.7595,34,✗ No,budget_exceeded
5,331,316,03-18,+25.0%,+42.24%,0.7112,36,✗ No,budget_exceeded
5,331,317,03-18,+24.9%,+6.88%,0.5344,37,✓ Yes,completed
5,331,319,03-18,+24.3%,+6.71%,0.5335,37,✓ Yes,completed
5,331,321,03-18,+23.8%,+6.65%,0.5332,37,✓ Yes,completed
5,331,322,03-18,+22.9%,+6.64%,0.5332,38,✓ Yes,completed
5,331,324,03-18,+22.5%,+6.51%,0.5326,41,✓ Yes,completed
5,331,326,03-18,+22.3%,+6.45%,0.5323,43,✓ Yes,completed
5,331,327,03-18,+22.1%,+6.42%,0.5321,46,✓ Yes,completed
5,331,329,03-18,+21.8%,+6.35%,0.5318,54,✓ Yes,completed
5,331,331,03-18,+21.4%,+6.29%,0.5315,59,✓ Yes,completed
5,332,314,03-18,+25.0%,+51.60%,0.7580,33,✗ No,budget_exceeded
5,332,316,03-18,+24.8%,+6.86%,0.5343,35,✓ Yes,completed
5,332,317,03-18,+24.5%,+6.75%,0.5338,35,✓ Yes,completed
5,332,319,03-18,+23.8%,+6.64%,0.5332,35,✓ Yes,completed
5,332,321,03-18,+23.3%,+6.65%,0.5332,35,✓ Yes,completed
5,332,322,03-18,+22.6%,+6.54%,0.5327,37,✓ Yes,completed
5,332,324,03-18,+22.2%,+6.44%,0.5322,40,✓ Yes,completed
5,332,326,03-18,+22.0%,+6.42%,0.5321,42,✓ Yes,completed
5,332,327,03-18,+21.8%,+6.38%,0.5319,45,✓ Yes,completed
5,332,329,03-18,+21.5%,+6.33%,0.5316,50,✓ Yes,completed
5,332,331,03-18,+21.1%,+6.26%,0.5313,55,✓ Yes,completed
5,332,332,03-18,+20.8%,+6.11%,0.5305,59,✓ Yes,completed
5,334,314,03-18,+25.0%,+42.23%,0.7111,34,✗ No,budget_exceeded
5,334,316,03-18,+24.5%,+6.77%,0.5339,35,✓ Yes,completed
5,334,317,03-18,+24.2%,+6.66%,0.5333,35,✓ Yes,completed
5,334,319,03-18,+23.6%,+6.62%,0.5331,35,✓ Yes,completed
5,334,320,03-18,+23.1%,+6.66%,0.5333,35,✓ Yes,completed
5,334,322,03-18,+22.4%,+6.47%,0.5324,37,✓ Yes,completed
5,334,323,03-18,+22.1%,+6.42%,0.5321,39,✓ Yes,completed
5,334,325,03-18,+21.7%,+6.38%,0.5319,41,✓ Yes,completed
5,334,326,03-18,+21.6%,+6.36%,0.5318,42,✓ Yes,completed
5,334,328,03-18,+21.4%,+6.33%,0.5317,45,✓ Yes,completed
5,334,329,03-18,+21.1%,+6.28%,0.5314,50,✓ Yes,completed
5,334,331,03-18,+20.8%,+6.15%,0.5307,52,✓ Yes,completed
5,334,332,03-18,+20.6%,+6.04%,0.5302,55,✓ Yes,completed
5,334,334,03-18,+20.1%,+5.88%,0.5294,62,✓ Yes,completed
5,336,314,03-18,+24.4%,+6.71%,0.5336,32,✓ Yes,completed
5,336,316,03-18,+23.8%,+6.61%,0.5330,33,✓ Yes,completed
5,336,317,03-18,+23.5%,+6.61%,0.5330,33,✓ Yes,completed
5,336,319,03-18,+22.9%,+6.62%,0.5331,33,✓ Yes,completed
5,336,320,03-18,+22.5%,+6.49%,0.5325,33,✓ Yes,completed
5,336,322,03-18,+21.7%,+6.37%,0.5319,35,✓ Yes,completed
5,336,323,03-18,+21.4%,+6.35%,0.5318,36,✓ Yes,completed
5,336,325,03-18,+21.1%,+6.31%,0.5315,38,✓ Yes,completed
5,336,326,03-18,+21.0%,+6.27%,0.5314,39,✓ Yes,completed
5,336,328,03-18,+20.8%,+6.16%,0.5308,41,✓ Yes,completed
5,336,329,03-18,+20.5%,+6.05%,0.5303,46,✓ Yes,completed
5,336,331,03-18,+20.3%,+5.97%,0.5298,48,✓ Yes,completed
5,336,333,03-18,+20.1%,+5.93%,0.5297,48,✓ Yes,completed
5,336,334,03-18,+19.6%,+5.82%,0.5291,51,✓ Yes,completed
5,336,336,03-18,+19.4%,+5.78%,0.5289,54,✓ Yes,completed
5,321,314,03-19,+25.0%,+64.13%,0.8206,39,✗ No,budget_exceeded
5,321,316,03-19,+25.0%,+60.98%,0.8049,44,✗ No,budget_exceeded
5,321,318,03-19,+25.0%,+60.51%,0.8025,45,✗ No,budget_exceeded
5,321,319,03-19,+25.0%,+55.72%,0.7786,51,✗ No,budget_exceeded
5,321,321,03-19,+25.0%,+53.35%,0.7667,60,✗ No,budget_exceeded
5,323,314,03-19,+25.0%,+60.66%,0.8033,36,✗ No,budget_exceeded
5,323,316,03-19,+25.0%,+60.16%,0.8008,38,✗ No,budget_exceeded
5,323,318,03-19,+25.0%,+55.15%,0.7758,41,✗ No,budget_exceeded
5,323,319,03-19,+25.0%,+53.95%,0.7698,45,✗ No,budget_exceeded
5,323,321,03-19,+25.0%,+33.71%,0.6685,52,✗ No,budget_exceeded
5,323,323,03-19,+24.7%,+6.56%,0.5328,62,✓ Yes,completed
5,324,314,03-19,+25.0%,+60.44%,0.8022,35,✗ No,budget_exceeded
5,324,316,03-19,+25.0%,+54.31%,0.7715,40,✗ No,budget_exceeded
5,324,317,03-19,+25.0%,+54.07%,0.7703,41,✗ No,budget_exceeded
5,324,319,03-19,+25.0%,+44.10%,0.7205,45,✗ No,budget_exceeded
5,324,321,03-19,+24.7%,+6.61%,0.5330,49,✓ Yes,completed
5,324,323,03-19,+24.2%,+6.43%,0.5322,52,✓ Yes,completed
5,324,324,03-19,+23.8%,+6.38%,0.5319,60,✓ Yes,completed
5,326,314,03-19,+25.0%,+60.18%,0.8009,35,✗ No,budget_exceeded
5,326,316,03-19,+25.0%,+53.96%,0.7698,38,✗ No,budget_exceeded
5,326,317,03-19,+25.0%,+53.75%,0.7687,39,✗ No,budget_exceeded
5,326,319,03-19,+25.0%,+9.85%,0.5492,45,✗ No,budget_exceeded
5,326,321,03-19,+24.3%,+6.49%,0.5325,47,✓ Yes,completed
5,326,322,03-19,+23.9%,+6.42%,0.5321,48,✓ Yes,completed
5,326,324,03-19,+23.4%,+6.39%,0.5319,54,✓ Yes,completed
5,326,326,03-19,+22.9%,+6.36%,0.5318,59,✓ Yes,completed
5,327,314,03-19,+25.0%,+55.68%,0.7784,35,✗ No,budget_exceeded
5,327,316,03-19,+25.0%,+53.71%,0.7685,37,✗ No,budget_exceeded
5,327,317,03-19,+25.0%,+53.32%,0.7666,38,✗ No,budget_exceeded
5,327,319,03-19,+24.9%,+6.64%,0.5332,43,✓ Yes,completed
5,327,321,03-19,+24.1%,+6.44%,0.5322,45,✓ Yes,completed
5,327,322,03-19,+23.5%,+6.41%,0.5320,46,✓ Yes,completed
5,327,324,03-19,+23.0%,+6.39%,0.5320,50,✓ Yes,completed
5,327,326,03-19,+22.6%,+6.25%,0.5313,53,✓ Yes,completed
5,327,327,03-19,+22.2%,+6.12%,0.5306,61,✓ Yes,completed
5,329,314,03-19,+25.0%,+53.46%,0.7673,35,✗ No,budget_exceeded
5,329,316,03-19,+25.0%,+9.87%,0.5493,38,✗ No,budget_exceeded
5,329,317,03-19,+24.8%,+6.62%,0.5331,39,✓ Yes,completed
5,329,319,03-19,+24.1%,+6.43%,0.5322,41,✓ Yes,completed
5,329,321,03-19,+23.4%,+6.41%,0.5320,43,✓ Yes,completed
5,329,322,03-19,+22.8%,+6.34%,0.5317,44,✓ Yes,completed
5,329,324,03-19,+22.3%,+6.19%,0.5310,48,✓ Yes,completed
5,329,326,03-19,+22.0%,+6.15%,0.5307,50,✓ Yes,completed
5,329,327,03-19,+21.8%,+6.12%,0.5306,55,✓ Yes,completed
5,329,329,03-19,+21.2%,+6.10%,0.5305,66,✓ Yes,completed
5,331,314,03-19,+24.7%,+6.60%,0.5330,35,✓ Yes,completed
5,331,316,03-19,+24.1%,+6.43%,0.5322,36,✓ Yes,completed
5,331,317,03-19,+23.8%,+6.41%,0.5321,36,✓ Yes,completed
5,331,319,03-19,+23.1%,+6.42%,0.5321,36,✓ Yes,completed
5,331,321,03-19,+22.6%,+6.31%,0.5316,36,✓ Yes,completed
5,331,322,03-19,+21.9%,+6.17%,0.5309,38,✓ Yes,completed
5,331,324,03-19,+21.3%,+6.18%,0.5309,40,✓ Yes,completed
5,331,326,03-19,+21.1%,+6.18%,0.5309,42,✓ Yes,completed
5,331,327,03-19,+20.9%,+6.10%,0.5305,45,✓ Yes,completed
5,331,329,03-19,+20.6%,+5.97%,0.5299,53,✓ Yes,completed
5,331,331,03-19,+20.2%,+5.89%,0.5294,58,✓ Yes,completed
5,332,314,03-19,+24.3%,+6.45%,0.5323,33,✓ Yes,completed
5,332,316,03-19,+23.6%,+6.40%,0.5320,34,✓ Yes,completed
5,332,317,03-19,+23.3%,+6.40%,0.5320,34,✓ Yes,completed
5,332,319,03-19,+22.6%,+6.30%,0.5315,34,✓ Yes,completed
5,332,321,03-19,+22.2%,+6.18%,0.5309,34,✓ Yes,completed
5,332,322,03-19,+21.4%,+6.18%,0.5309,36,✓ Yes,completed
5,332,324,03-19,+21.0%,+6.16%,0.5308,39,✓ Yes,completed
5,332,326,03-19,+20.8%,+6.09%,0.5305,41,✓ Yes,completed
5,332,327,03-19,+20.6%,+5.99%,0.5300,44,✓ Yes,completed
5,332,329,03-19,+20.3%,+5.92%,0.5296,49,✓ Yes,completed
5,332,331,03-19,+19.9%,+5.86%,0.5293,54,✓ Yes,completed
5,332,332,03-19,+19.6%,+5.81%,0.5290,58,✓ Yes,completed
5,334,314,03-19,+24.0%,+6.40%,0.5320,33,✓ Yes,completed
5,334,316,03-19,+23.4%,+6.39%,0.5319,34,✓ Yes,completed
5,334,317,03-19,+23.0%,+6.39%,0.5320,34,✓ Yes,completed
5,334,319,03-19,+22.4%,+6.22%,0.5311,34,✓ Yes,completed
5,334,320,03-19,+22.0%,+6.17%,0.5308,34,✓ Yes,completed
5,334,322,03-19,+21.2%,+6.18%,0.5309,36,✓ Yes,completed
5,334,323,03-19,+20.9%,+6.11%,0.5305,38,✓ Yes,completed
5,334,325,03-19,+20.6%,+6.00%,0.5300,40,✓ Yes,completed
5,334,326,03-19,+20.5%,+5.97%,0.5298,41,✓ Yes,completed
5,334,328,03-19,+20.2%,+5.93%,0.5296,44,✓ Yes,completed
5,334,329,03-19,+20.0%,+5.88%,0.5294,49,✓ Yes,completed
5,334,331,03-19,+19.6%,+5.83%,0.5292,51,✓ Yes,completed
5,334,332,03-19,+19.4%,+5.80%,0.5290,54,✓ Yes,completed
5,334,334,03-19,+18.9%,+5.60%,0.5280,61,✓ Yes,completed
5,336,314,03-19,+23.3%,+6.38%,0.5319,31,✓ Yes,completed
5,336,316,03-19,+22.7%,+6.28%,0.5314,32,✓ Yes,completed
5,336,317,03-19,+22.3%,+6.17%,0.5309,32,✓ Yes,completed
5,336,319,03-19,+21.7%,+6.14%,0.5307,32,✓ Yes,completed
5,336,320,03-19,+21.3%,+6.18%,0.5309,32,✓ Yes,completed
5,336,322,03-19,+20.5%,+5.98%,0.5299,34,✓ Yes,completed
5,336,323,03-19,+20.3%,+5.95%,0.5297,35,✓ Yes,completed
5,336,325,03-19,+20.0%,+5.91%,0.5296,37,✓ Yes,completed
5,336,326,03-19,+19.9%,+5.89%,0.5295,38,✓ Yes,completed
5,336,328,03-19,+19.6%,+5.86%,0.5293,40,✓ Yes,completed
5,336,329,03-19,+19.4%,+5.82%,0.5291,45,✓ Yes,completed
5,336,331,03-19,+19.1%,+5.73%,0.5287,47,✓ Yes,completed
5,336,333,03-19,+18.9%,+5.66%,0.5283,47,✓ Yes,completed
5,336,334,03-19,+18.5%,+5.47%,0.5273,50,✓ Yes,completed
5,336,336,03-19,+18.2%,+5.41%,0.5270,53,✓ Yes,completed
5,321,314,03-20,+25.0%,+61.92%,0.8096,41,✗ No,budget_exceeded
5,321,316,03-20,+25.0%,+55.88%,0.7794,46,✗ No,budget_exceeded
5,321,318,03-20,+25.0%,+55.34%,0.7767,48,✗ No,budget_exceeded
5,321,319,03-20,+25.0%,+45.65%,0.7282,58,✗ No,budget_exceeded
5,321,321,03-20,+24.7%,+6.38%,0.5319,70,✓ Yes,completed
5,323,314,03-20,+25.0%,+55.56%,0.7778,38,✗ No,budget_exceeded
5,323,316,03-20,+25.0%,+55.06%,0.7753,40,✗ No,budget_exceeded
5,323,318,03-20,+25.0%,+45.56%,0.7278,42,✗ No,budget_exceeded
5,323,319,03-20,+24.9%,+6.51%,0.5325,50,✓ Yes,completed
5,323,321,03-20,+24.0%,+6.22%,0.5311,53,✓ Yes,completed
5,323,323,03-20,+23.5%,+6.16%,0.5308,61,✓ Yes,completed
5,324,314,03-20,+25.0%,+55.36%,0.7768,37,✗ No,budget_exceeded
5,324,316,03-20,+25.0%,+45.56%,0.7278,40,✗ No,budget_exceeded
5,324,317,03-20,+25.0%,+11.36%,0.5568,43,✗ No,budget_exceeded
5,324,319,03-20,+24.3%,+6.32%,0.5316,46,✓ Yes,completed
5,324,321,03-20,+23.5%,+6.20%,0.5310,48,✓ Yes,completed
5,324,323,03-20,+23.0%,+6.16%,0.5308,51,✓ Yes,completed
5,324,324,03-20,+22.6%,+6.03%,0.5301,59,✓ Yes,completed
5,326,314,03-20,+25.0%,+45.86%,0.7293,37,✗ No,budget_exceeded
5,326,316,03-20,+25.0%,+11.26%,0.5563,40,✗ No,budget_exceeded
5,326,317,03-20,+24.8%,+6.52%,0.5326,41,✓ Yes,completed
5,326,319,03-20,+23.9%,+6.24%,0.5312,44,✓ Yes,completed
5,326,321,03-20,+23.1%,+6.19%,0.5310,46,✓ Yes,completed
5,326,322,03-20,+22.7%,+6.09%,0.5304,47,✓ Yes,completed
5,326,324,03-20,+22.2%,+5.95%,0.5298,53,✓ Yes,completed
5,326,326,03-20,+21.8%,+5.91%,0.5296,58,✓ Yes,completed
5,327,314,03-20,+25.0%,+45.58%,0.7279,36,✗ No,budget_exceeded
5,327,316,03-20,+24.8%,+6.52%,0.5326,39,✓ Yes,completed
5,327,317,03-20,+24.5%,+6.38%,0.5319,40,✓ Yes,completed
5,327,319,03-20,+23.7%,+6.22%,0.5311,42,✓ Yes,completed
5,327,321,03-20,+22.9%,+6.17%,0.5308,44,✓ Yes,completed
5,327,322,03-20,+22.3%,+5.99%,0.5299,45,✓ Yes,completed
5,327,324,03-20,+21.8%,+5.94%,0.5297,49,✓ Yes,completed
5,327,326,03-20,+21.4%,+5.93%,0.5296,52,✓ Yes,completed
5,327,327,03-20,+21.0%,+5.86%,0.5293,60,✓ Yes,completed
5,329,314,03-20,+24.6%,+6.43%,0.5322,36,✓ Yes,completed
5,329,316,03-20,+24.0%,+6.24%,0.5312,37,✓ Yes,completed
5,329,317,03-20,+23.6%,+6.21%,0.5310,38,✓ Yes,completed
5,329,319,03-20,+22.9%,+6.16%,0.5308,40,✓ Yes,completed
5,329,321,03-20,+22.2%,+5.97%,0.5298,42,✓ Yes,completed
5,329,322,03-20,+21.6%,+5.95%,0.5297,43,✓ Yes,completed
5,329,324,03-20,+21.2%,+5.93%,0.5297,47,✓ Yes,completed
5,329,326,03-20,+20.9%,+5.84%,0.5292,49,✓ Yes,completed
5,329,327,03-20,+20.6%,+5.73%,0.5286,54,✓ Yes,completed
5,329,329,03-20,+20.0%,+5.61%,0.5281,67,✓ Yes,completed
5,331,314,03-20,+23.6%,+6.19%,0.5310,34,✓ Yes,completed
5,331,316,03-20,+23.0%,+6.16%,0.5308,35,✓ Yes,completed
5,331,317,03-20,+22.6%,+6.06%,0.5303,35,✓ Yes,completed
5,331,319,03-20,+22.0%,+5.96%,0.5298,35,✓ Yes,completed
5,331,321,03-20,+21.5%,+5.96%,0.5298,35,✓ Yes,completed
5,331,322,03-20,+20.7%,+5.81%,0.5290,37,✓ Yes,completed
5,331,324,03-20,+20.3%,+5.71%,0.5285,40,✓ Yes,completed
5,331,326,03-20,+20.0%,+5.69%,0.5285,42,✓ Yes,completed
5,331,327,03-20,+19.8%,+5.67%,0.5284,45,✓ Yes,completed
5,331,329,03-20,+19.4%,+5.67%,0.5284,52,✓ Yes,completed
5,331,331,03-20,+19.1%,+5.58%,0.5279,57,✓ Yes,completed
5,332,314,03-20,+23.1%,+6.17%,0.5309,32,✓ Yes,completed
5,332,316,03-20,+22.5%,+6.02%,0.5301,33,✓ Yes,completed
5,332,317,03-20,+22.1%,+5.95%,0.5298,33,✓ Yes,completed
5,332,319,03-20,+21.5%,+5.95%,0.5298,33,✓ Yes,completed
5,332,321,03-20,+21.0%,+5.92%,0.5296,33,✓ Yes,completed
5,332,322,03-20,+20.2%,+5.71%,0.5286,35,✓ Yes,completed
5,332,324,03-20,+19.9%,+5.69%,0.5284,38,✓ Yes,completed
5,332,326,03-20,+19.7%,+5.69%,0.5285,40,✓ Yes,completed
5,332,327,03-20,+19.4%,+5.70%,0.5285,43,✓ Yes,completed
5,332,329,03-20,+19.1%,+5.64%,0.5282,48,✓ Yes,completed
5,332,331,03-20,+18.8%,+5.49%,0.5275,53,✓ Yes,completed
5,332,332,03-20,+18.4%,+5.41%,0.5270,57,✓ Yes,completed
5,334,314,03-20,+22.8%,+6.11%,0.5306,32,✓ Yes,completed
5,334,316,03-20,+22.2%,+5.95%,0.5298,33,✓ Yes,completed
5,334,317,03-20,+21.9%,+5.94%,0.5297,33,✓ Yes,completed
5,334,319,03-20,+21.3%,+5.95%,0.5297,33,✓ Yes,completed
5,334,320,03-20,+20.8%,+5.85%,0.5292,33,✓ Yes,completed
5,334,322,03-20,+20.1%,+5.70%,0.5285,35,✓ Yes,completed
5,334,323,03-20,+19.7%,+5.69%,0.5284,37,✓ Yes,completed
5,334,325,03-20,+19.4%,+5.71%,0.5285,39,✓ Yes,completed
5,334,326,03-20,+19.3%,+5.70%,0.5285,40,✓ Yes,completed
5,334,328,03-20,+19.0%,+5.62%,0.5281,43,✓ Yes,completed
5,334,329,03-20,+18.8%,+5.53%,0.5276,48,✓ Yes,completed
5,334,331,03-20,+18.5%,+5.44%,0.5272,50,✓ Yes,completed
5,334,332,03-20,+18.3%,+5.41%,0.5270,53,✓ Yes,completed
5,334,334,03-20,+17.8%,+5.31%,0.5266,60,✓ Yes,completed
5,336,314,03-20,+22.1%,+5.93%,0.5296,30,✓ Yes,completed
5,336,316,03-20,+21.5%,+5.92%,0.5296,31,✓ Yes,completed
5,336,317,03-20,+21.1%,+5.92%,0.5296,31,✓ Yes,completed
5,336,319,03-20,+20.6%,+5.75%,0.5288,31,✓ Yes,completed
5,336,320,03-20,+20.2%,+5.70%,0.5285,31,✓ Yes,completed
5,336,322,03-20,+19.4%,+5.71%,0.5286,33,✓ Yes,completed
5,336,323,03-20,+19.1%,+5.66%,0.5283,34,✓ Yes,completed
5,336,325,03-20,+18.8%,+5.56%,0.5278,36,✓ Yes,completed
5,336,326,03-20,+18.7%,+5.52%,0.5276,37,✓ Yes,completed
5,336,328,03-20,+18.5%,+5.47%,0.5273,39,✓ Yes,completed
5,336,329,03-20,+18.2%,+5.43%,0.5271,44,✓ Yes,completed
5,336,331,03-20,+18.0%,+5.38%,0.5269,46,✓ Yes,completed
5,336,333,03-20,+17.8%,+5.36%,0.5268,46,✓ Yes,completed
5,336,334,03-20,+17.3%,+5.26%,0.5263,49,✓ Yes,completed
5,336,336,03-20,+17.1%,+5.15%,0.5258,52,✓ Yes,completed
5,321,314,03-21,+25.0%,+55.71%,0.7785,44,✗ No,budget_exceeded
5,321,316,03-21,+25.0%,+47.24%,0.7362,47,✗ No,budget_exceeded
5,321,318,03-21,+25.0%,+12.70%,0.5635,54,✗ No,budget_exceeded
5,321,319,03-21,+24.3%,+6.08%,0.5304,64,✓ Yes,completed
5,321,321,03-21,+23.4%,+5.95%,0.5298,69,✓ Yes,completed
5,323,314,03-21,+25.0%,+12.70%,0.5635,41,✗ No,budget_exceeded
5,323,316,03-21,+24.6%,+6.26%,0.5313,43,✓ Yes,completed
5,323,318,03-21,+24.1%,+6.10%,0.5305,45,✓ Yes,completed
5,323,319,03-21,+23.6%,+6.03%,0.5301,49,✓ Yes,completed
5,323,321,03-21,+22.8%,+5.92%,0.5296,52,✓ Yes,completed
5,323,323,03-21,+22.3%,+5.70%,0.5285,60,✓ Yes,completed
5,324,314,03-21,+24.8%,+6.30%,0.5315,39,✓ Yes,completed
5,324,316,03-21,+24.1%,+6.10%,0.5305,41,✓ Yes,completed
5,324,317,03-21,+23.9%,+6.07%,0.5303,42,✓ Yes,completed
5,324,319,03-21,+23.0%,+6.01%,0.5301,45,✓ Yes,completed
5,324,321,03-21,+22.3%,+5.74%,0.5287,47,✓ Yes,completed
5,324,323,03-21,+21.7%,+5.68%,0.5284,50,✓ Yes,completed
5,324,324,03-21,+21.4%,+5.64%,0.5282,58,✓ Yes,completed
5,326,314,03-21,+24.4%,+6.18%,0.5309,38,✓ Yes,completed
5,326,316,03-21,+23.8%,+6.06%,0.5303,39,✓ Yes,completed
5,326,317,03-21,+23.5%,+6.04%,0.5302,40,✓ Yes,completed
5,326,319,03-21,+22.7%,+5.89%,0.5294,43,✓ Yes,completed
5,326,321,03-21,+21.9%,+5.71%,0.5285,45,✓ Yes,completed
5,326,322,03-21,+21.4%,+5.68%,0.5284,46,✓ Yes,completed
5,326,324,03-21,+21.0%,+5.61%,0.5281,52,✓ Yes,completed
5,326,326,03-21,+20.5%,+5.44%,0.5272,57,✓ Yes,completed
5,327,314,03-21,+24.1%,+6.10%,0.5305,37,✓ Yes,completed
5,327,316,03-21,+23.5%,+6.04%,0.5302,38,✓ Yes,completed
5,327,317,03-21,+23.2%,+6.03%,0.5302,39,✓ Yes,completed
5,327,319,03-21,+22.4%,+5.79%,0.5290,41,✓ Yes,completed
5,327,321,03-21,+21.7%,+5.69%,0.5285,43,✓ Yes,completed
5,327,322,03-21,+21.1%,+5.65%,0.5283,44,✓ Yes,completed
5,327,324,03-21,+20.6%,+5.48%,0.5274,48,✓ Yes,completed
5,327,326,03-21,+20.1%,+5.42%,0.5271,51,✓ Yes,completed
5,327,327,03-21,+19.8%,+5.37%,0.5269,59,✓ Yes,completed
5,329,314,03-21,+23.3%,+6.02%,0.5301,35,✓ Yes,completed
5,329,316,03-21,+22.7%,+5.89%,0.5295,36,✓ Yes,completed
5,329,317,03-21,+22.3%,+5.76%,0.5288,37,✓ Yes,completed
5,329,319,03-21,+21.6%,+5.69%,0.5284,39,✓ Yes,completed
5,329,321,03-21,+20.9%,+5.61%,0.5281,41,✓ Yes,completed
5,329,322,03-21,+20.4%,+5.45%,0.5272,42,✓ Yes,completed
5,329,324,03-21,+19.9%,+5.42%,0.5271,46,✓ Yes,completed
5,329,326,03-21,+19.6%,+5.41%,0.5271,48,✓ Yes,completed
5,329,327,03-21,+19.4%,+5.39%,0.5270,53,✓ Yes,completed
5,329,329,03-21,+18.8%,+5.17%,0.5258,66,✓ Yes,completed
5,331,314,03-21,+22.3%,+5.73%,0.5286,33,✓ Yes,completed
5,331,316,03-21,+21.7%,+5.68%,0.5284,34,✓ Yes,completed
5,331,317,03-21,+21.3%,+5.67%,0.5284,34,✓ Yes,completed
5,331,319,03-21,+20.7%,+5.53%,0.5277,34,✓ Yes,completed
5,331,321,03-21,+20.2%,+5.45%,0.5273,34,✓ Yes,completed
5,331,322,03-21,+19.5%,+5.44%,0.5272,36,✓ Yes,completed
5,331,324,03-21,+19.1%,+5.35%,0.5268,39,✓ Yes,completed
5,331,326,03-21,+18.8%,+5.25%,0.5263,41,✓ Yes,completed
5,331,327,03-21,+18.6%,+5.18%,0.5259,44,✓ Yes,completed
5,331,329,03-21,+18.2%,+5.13%,0.5256,52,✓ Yes,completed
5,331,331,03-21,+17.8%,+5.10%,0.5255,57,✓ Yes,completed
5,332,314,03-21,+21.8%,+5.68%,0.5284,31,✓ Yes,completed
5,332,316,03-21,+21.2%,+5.65%,0.5283,32,✓ Yes,completed
5,332,317,03-21,+20.8%,+5.57%,0.5278,32,✓ Yes,completed
5,332,319,03-21,+20.2%,+5.44%,0.5272,32,✓ Yes,completed
5,332,321,03-21,+19.7%,+5.44%,0.5272,32,✓ Yes,completed
5,332,322,03-21,+19.0%,+5.34%,0.5267,34,✓ Yes,completed
5,332,324,03-21,+18.6%,+5.21%,0.5261,37,✓ Yes,completed
5,332,326,03-21,+18.4%,+5.18%,0.5259,39,✓ Yes,completed
5,332,327,03-21,+18.2%,+5.16%,0.5258,42,✓ Yes,completed
5,332,329,03-21,+17.9%,+5.13%,0.5257,47,✓ Yes,completed
5,332,331,03-21,+17.5%,+5.13%,0.5257,52,✓ Yes,completed
5,332,332,03-21,+17.2%,+5.04%,0.5252,56,✓ Yes,completed
5,334,314,03-21,+21.5%,+5.66%,0.5283,31,✓ Yes,completed
5,334,316,03-21,+20.9%,+5.59%,0.5279,32,✓ Yes,completed
5,334,317,03-21,+20.6%,+5.48%,0.5274,32,✓ Yes,completed
5,334,319,03-21,+20.0%,+5.43%,0.5271,32,✓ Yes,completed
5,334,320,03-21,+19.6%,+5.43%,0.5272,32,✓ Yes,completed
5,334,322,03-21,+18.8%,+5.27%,0.5263,34,✓ Yes,completed
5,334,323,03-21,+18.5%,+5.18%,0.5259,36,✓ Yes,completed
5,334,325,03-21,+18.2%,+5.17%,0.5258,38,✓ Yes,completed
5,334,326,03-21,+18.1%,+5.16%,0.5258,39,✓ Yes,completed
5,334,328,03-21,+17.8%,+5.15%,0.5258,42,✓ Yes,completed
5,334,329,03-21,+17.6%,+5.15%,0.5258,47,✓ Yes,completed
5,334,331,03-21,+17.2%,+5.08%,0.5254,49,✓ Yes,completed
5,334,332,03-21,+17.0%,+4.99%,0.5250,52,✓ Yes,completed
5,334,334,03-21,+16.5%,+4.86%,0.5243,59,✓ Yes,completed
5,336,314,03-21,+20.8%,+5.54%,0.5277,29,✓ Yes,completed
5,336,316,03-21,+20.2%,+5.42%,0.5271,30,✓ Yes,completed
5,336,317,03-21,+19.9%,+5.41%,0.5270,30,✓ Yes,completed
5,336,319,03-21,+19.3%,+5.41%,0.5271,30,✓ Yes,completed
5,336,320,03-21,+18.9%,+5.30%,0.5265,30,✓ Yes,completed
5,336,322,03-21,+18.1%,+5.16%,0.5258,32,✓ Yes,completed
5,336,323,03-21,+17.9%,+5.16%,0.5258,33,✓ Yes,completed
5,336,325,03-21,+17.6%,+5.18%,0.5259,35,✓ Yes,completed
5,336,326,03-21,+17.5%,+5.18%,0.5259,36,✓ Yes,completed
5,336,328,03-21,+17.2%,+5.11%,0.5255,38,✓ Yes,completed
5,336,329,03-21,+17.0%,+5.01%,0.5251,43,✓ Yes,completed
5,336,331,03-21,+16.7%,+4.92%,0.5246,45,✓ Yes,completed
5,336,333,03-21,+16.6%,+4.90%,0.5245,45,✓ Yes,completed
5,336,334,03-21,+16.1%,+4.83%,0.5241,48,✓ Yes,completed
5,336,336,03-21,+15.9%,+4.79%,0.5240,51,✓ Yes,completed
6,327,317,03-16,+25.0%,+72.70%,0.8635,33,✗ No,budget_exceeded
6,327,318,03-16,+25.0%,+72.48%,0.8624,34,✗ No,budget_exceeded
6,327,319,03-16,+25.0%,+72.40%,0.8620,34,✗ No,budget_exceeded
6,327,320,03-16,+25.0%,+69.19%,0.8459,35,✗ No,budget_exceeded
6,327,320,03-16,+25.0%,+69.10%,0.8455,35,✗ No,budget_exceeded
6,327,321,03-16,+25.0%,+59.00%,0.7950,39,✗ No,budget_exceeded
6,327,322,03-16,+25.0%,+55.73%,0.7786,42,✗ No,budget_exceeded
6,327,322,03-16,+25.0%,+55.56%,0.7778,42,✗ No,budget_exceeded
6,327,323,03-16,+25.0%,+55.38%,0.7769,44,✗ No,budget_exceeded
6,327,324,03-16,+25.0%,+50.56%,0.7528,47,✗ No,budget_exceeded
6,327,325,03-16,+25.0%,+48.83%,0.7442,51,✗ No,budget_exceeded
6,327,325,03-16,+25.0%,+48.81%,0.7441,51,✗ No,budget_exceeded
6,327,326,03-16,+25.0%,+48.72%,0.7436,52,✗ No,budget_exceeded
6,327,327,03-16,+25.0%,+48.68%,0.7434,53,✗ No,budget_exceeded
6,327,327,03-16,+25.0%,+38.79%,0.6940,61,✗ No,budget_exceeded
6,328,317,03-16,+25.0%,+72.39%,0.8620,33,✗ No,budget_exceeded
6,328,318,03-16,+25.0%,+69.08%,0.8454,35,✗ No,budget_exceeded
6,328,319,03-16,+25.0%,+68.99%,0.8450,35,✗ No,budget_exceeded
6,328,320,03-16,+25.0%,+59.16%,0.7958,36,✗ No,budget_exceeded
6,328,320,03-16,+25.0%,+59.03%,0.7951,37,✗ No,budget_exceeded
6,328,321,03-16,+25.0%,+57.22%,0.7861,40,✗ No,budget_exceeded
6,328,322,03-16,+25.0%,+55.40%,0.7770,42,✗ No,budget_exceeded
6,328,322,03-16,+25.0%,+55.23%,0.7761,42,✗ No,budget_exceeded
6,328,323,03-16,+25.0%,+50.54%,0.7527,46,✗ No,budget_exceeded
6,328,324,03-16,+25.0%,+48.97%,0.7449,48,✗ No,budget_exceeded
6,328,324,03-16,+25.0%,+48.80%,0.7440,49,✗ No,budget_exceeded
6,328,325,03-16,+25.0%,+48.64%,0.7432,50,✗ No,budget_exceeded
6,328,326,03-16,+25.0%,+39.08%,0.6954,52,✗ No,budget_exceeded
6,328,326,03-16,+25.0%,+39.02%,0.6951,52,✗ No,budget_exceeded
6,328,327,03-16,+25.0%,+38.79%,0.6939,56,✗ No,budget_exceeded
6,328,328,03-16,+24.8%,+6.87%,0.5344,62,✓ Yes,completed
6,328,328,03-16,+24.5%,+6.72%,0.5336,69,✓ Yes,completed
6,329,317,03-16,+25.0%,+68.92%,0.8446,34,✗ No,budget_exceeded
6,329,318,03-16,+25.0%,+58.96%,0.7948,36,✗ No,budget_exceeded
6,329,319,03-16,+25.0%,+55.77%,0.7788,38,✗ No,budget_exceeded
6,329,320,03-16,+25.0%,+55.64%,0.7782,38,✗ No,budget_exceeded
6,329,320,03-16,+25.0%,+55.51%,0.7776,38,✗ No,budget_exceeded
6,329,321,03-16,+25.0%,+55.25%,0.7763,40,✗ No,budget_exceeded
6,329,322,03-16,+25.0%,+48.87%,0.7443,44,✗ No,budget_exceeded
6,329,322,03-16,+25.0%,+48.65%,0.7433,44,✗ No,budget_exceeded
6,329,323,03-16,+25.0%,+39.03%,0.6951,47,✗ No,budget_exceeded
6,329,324,03-16,+25.0%,+6.94%,0.5347,49,✓ Yes,completed
6,329,325,03-16,+25.0%,+6.94%,0.5347,49,✓ Yes,completed
6,329,325,03-16,+24.8%,+6.91%,0.5346,50,✓ Yes,completed
6,329,326,03-16,+24.7%,+6.88%,0.5344,51,✓ Yes,completed
6,329,327,03-16,+24.7%,+6.87%,0.5344,51,✓ Yes,completed
6,329,327,03-16,+24.5%,+6.75%,0.5338,56,✓ Yes,completed
6,329,328,03-16,+24.3%,+6.70%,0.5335,58,✓ Yes,completed
6,329,329,03-16,+24.1%,+6.60%,0.5330,61,✓ Yes,completed
6,329,329,03-16,+23.9%,+6.54%,0.5327,67,✓ Yes,completed
6,330,317,03-16,+25.0%,+55.51%,0.7775,35,✗ No,budget_exceeded
6,330,318,03-16,+25.0%,+55.28%,0.7764,35,✗ No,budget_exceeded
6,330,319,03-16,+25.0%,+55.19%,0.7760,35,✗ No,budget_exceeded
6,330,320,03-16,+25.0%,+55.06%,0.7753,35,✗ No,budget_exceeded
6,330,320,03-16,+25.0%,+48.75%,0.7438,36,✗ No,budget_exceeded
6,330,321,03-16,+25.0%,+38.96%,0.6948,38,✗ No,budget_exceeded
6,330,322,03-16,+24.8%,+6.92%,0.5346,39,✓ Yes,completed
6,330,322,03-16,+24.7%,+6.89%,0.5345,39,✓ Yes,completed
6,330,323,03-16,+24.5%,+6.81%,0.5341,41,✓ Yes,completed
6,330,324,03-16,+24.3%,+6.74%,0.5337,42,✓ Yes,completed
6,330,324,03-16,+24.3%,+6.71%,0.5336,42,✓ Yes,completed
6,330,325,03-16,+24.1%,+6.67%,0.5333,43,✓ Yes,completed
6,330,326,03-16,+24.1%,+6.65%,0.5332,44,✓ Yes,completed
6,330,326,03-16,+24.0%,+6.63%,0.5332,44,✓ Yes,completed
6,330,327,03-16,+23.9%,+6.62%,0.5331,45,✓ Yes,completed
6,330,328,03-16,+23.8%,+6.58%,0.5329,48,✓ Yes,completed
6,330,328,03-16,+23.6%,+6.54%,0.5327,50,✓ Yes,completed
6,330,329,03-16,+23.5%,+6.50%,0.5325,55,✓ Yes,completed
6,330,330,03-16,+23.5%,+6.49%,0.5324,56,✓ Yes,completed
6,330,330,03-16,+23.3%,+6.44%,0.5322,61,✓ Yes,completed
6,331,317,03-16,+25.0%,+55.35%,0.7768,35,✗ No,budget_exceeded
6,331,318,03-16,+25.0%,+55.12%,0.7756,35,✗ No,budget_exceeded
6,331,319,03-16,+25.0%,+55.04%,0.7752,35,✗ No,budget_exceeded
6,331,320,03-16,+25.0%,+48.70%,0.7435,36,✗ No,budget_exceeded
6,331,320,03-16,+25.0%,+39.05%,0.6952,37,✗ No,budget_exceeded
6,331,321,03-16,+25.0%,+38.79%,0.6939,38,✗ No,budget_exceeded
6,331,322,03-16,+24.6%,+6.87%,0.5343,39,✓ Yes,completed
6,331,322,03-16,+24.5%,+6.81%,0.5340,39,✓ Yes,completed
6,331,323,03-16,+24.3%,+6.74%,0.5337,41,✓ Yes,completed
6,331,324,03-16,+24.2%,+6.68%,0.5334,42,✓ Yes,completed
6,331,324,03-16,+24.1%,+6.66%,0.5333,42,✓ Yes,completed
6,331,325,03-16,+24.0%,+6.63%,0.5331,43,✓ Yes,completed
6,331,326,03-16,+23.9%,+6.60%,0.5330,44,✓ Yes,completed
6,331,327,03-16,+23.8%,+6.60%,0.5330,44,✓ Yes,completed
6,331,327,03-16,+23.8%,+6.59%,0.5329,45,✓ Yes,completed
6,331,328,03-16,+23.6%,+6.54%,0.5327,48,✓ Yes,completed
6,331,329,03-16,+23.5%,+6.50%,0.5325,51,✓ Yes,completed
6,331,329,03-16,+23.3%,+6.47%,0.5324,54,✓ Yes,completed
6,331,330,03-16,+23.2%,+6.44%,0.5322,58,✓ Yes,completed
6,331,331,03-16,+23.0%,+6.39%,0.5319,59,✓ Yes,completed
6,331,331,03-16,+22.9%,+6.34%,0.5317,59,✓ Yes,completed
6,332,317,03-16,+25.0%,+55.09%,0.7755,34,✗ No,budget_exceeded
6,332,318,03-16,+25.0%,+48.68%,0.7434,35,✗ No,budget_exceeded
6,332,319,03-16,+25.0%,+48.59%,0.7430,35,✗ No,budget_exceeded
6,332,320,03-16,+25.0%,+38.98%,0.6949,36,✗ No,budget_exceeded
6,332,320,03-16,+25.0%,+38.87%,0.6943,36,✗ No,budget_exceeded
6,332,321,03-16,+24.8%,+6.93%,0.5346,37,✓ Yes,completed
6,332,322,03-16,+24.4%,+6.77%,0.5338,38,✓ Yes,completed
6,332,322,03-16,+24.3%,+6.73%,0.5337,38,✓ Yes,completed
6,332,323,03-16,+24.1%,+6.66%,0.5333,40,✓ Yes,completed
6,332,324,03-16,+23.9%,+6.62%,0.5331,41,✓ Yes,completed
6,332,324,03-16,+23.9%,+6.61%,0.5331,41,✓ Yes,completed
6,332,325,03-16,+23.7%,+6.58%,0.5329,42,✓ Yes,completed
6,332,326,03-16,+23.7%,+6.57%,0.5328,43,✓ Yes,completed
6,332,326,03-16,+23.6%,+6.56%,0.5328,43,✓ Yes,completed
6,332,327,03-16,+23.6%,+6.54%,0.5327,44,✓ Yes,completed
6,332,328,03-16,+23.4%,+6.51%,0.5325,46,✓ Yes,completed
6,332,328,03-16,+23.3%,+6.48%,0.5324,48,✓ Yes,completed
6,332,329,03-16,+23.1%,+6.45%,0.5323,51,✓ Yes,completed
6,332,330,03-16,+23.1%,+6.44%,0.5322,52,✓ Yes,completed
6,332,330,03-16,+22.9%,+6.35%,0.5318,56,✓ Yes,completed
6,332,331,03-16,+22.7%,+6.27%,0.5313,56,✓ Yes,completed
6,332,332,03-16,+22.6%,+6.22%,0.5311,57,✓ Yes,completed
6,332,332,03-16,+22.4%,+6.09%,0.5305,61,✓ Yes,completed
6,333,317,03-16,+25.0%,+55.03%,0.7751,34,✗ No,budget_exceeded
6,333,318,03-16,+25.0%,+48.61%,0.7431,35,✗ No,budget_exceeded
6,333,319,03-16,+25.0%,+48.53%,0.7426,35,✗ No,budget_exceeded
6,333,320,03-16,+25.0%,+38.78%,0.6939,36,✗ No,budget_exceeded
6,333,320,03-16,+24.9%,+6.95%,0.5347,36,✓ Yes,completed
6,333,321,03-16,+24.6%,+6.86%,0.5343,37,✓ Yes,completed
6,333,322,03-16,+24.2%,+6.70%,0.5335,38,✓ Yes,completed
6,333,322,03-16,+24.1%,+6.65%,0.5333,38,✓ Yes,completed
6,333,323,03-16,+23.9%,+6.62%,0.5331,40,✓ Yes,completed
6,333,324,03-16,+23.8%,+6.59%,0.5329,41,✓ Yes,completed
6,333,324,03-16,+23.7%,+6.58%,0.5329,41,✓ Yes,completed
6,333,325,03-16,+23.6%,+6.55%,0.5327,42,✓ Yes,completed
6,333,326,03-16,+23.5%,+6.52%,0.5326,43,✓ Yes,completed
6,333,326,03-16,+23.5%,+6.52%,0.5326,43,✓ Yes,completed
6,333,327,03-16,+23.4%,+6.51%,0.5325,44,✓ Yes,completed
6,333,328,03-16,+23.2%,+6.48%,0.5324,46,✓ Yes,completed
6,333,329,03-16,+23.1%,+6.45%,0.5322,49,✓ Yes,completed
6,333,329,03-16,+23.0%,+6.41%,0.5321,51,✓ Yes,completed
6,333,330,03-16,+22.9%,+6.36%,0.5318,52,✓ Yes,completed
6,333,331,03-16,+22.6%,+6.22%,0.5311,54,✓ Yes,completed
6,333,331,03-16,+22.5%,+6.18%,0.5309,54,✓ Yes,completed
6,333,332,03-16,+22.3%,+6.06%,0.5303,59,✓ Yes,completed
6,333,333,03-16,+22.2%,+6.05%,0.5302,59,✓ Yes,completed
6,333,333,03-16,+22.0%,+5.98%,0.5299,62,✓ Yes,completed
6,327,317,03-17,+25.0%,+70.82%,0.8541,34,✗ No,budget_exceeded
6,327,318,03-17,+25.0%,+60.84%,0.8042,36,✗ No,budget_exceeded
6,327,319,03-17,+25.0%,+60.71%,0.8035,37,✗ No,budget_exceeded
6,327,320,03-17,+25.0%,+59.12%,0.7956,38,✗ No,budget_exceeded
6,327,320,03-17,+25.0%,+57.58%,0.7879,39,✗ No,budget_exceeded
6,327,321,03-17,+25.0%,+57.25%,0.7863,41,✗ No,budget_exceeded
6,327,322,03-17,+25.0%,+56.90%,0.7845,42,✗ No,budget_exceeded
6,327,322,03-17,+25.0%,+50.81%,0.7541,45,✗ No,budget_exceeded
6,327,323,03-17,+25.0%,+50.64%,0.7532,47,✗ No,budget_exceeded
6,327,324,03-17,+25.0%,+40.80%,0.7040,50,✗ No,budget_exceeded
6,327,325,03-17,+25.0%,+30.37%,0.6519,53,✗ No,budget_exceeded
6,327,325,03-17,+25.0%,+7.02%,0.5351,53,✓ Yes,completed
6,327,326,03-17,+24.9%,+7.02%,0.5351,54,✓ Yes,completed
6,327,327,03-17,+24.9%,+7.01%,0.5351,55,✓ Yes,completed
6,327,327,03-17,+24.5%,+6.90%,0.5345,62,✓ Yes,completed
6,328,317,03-17,+25.0%,+60.79%,0.8040,35,✗ No,budget_exceeded
6,328,318,03-17,+25.0%,+59.05%,0.7952,37,✗ No,budget_exceeded
6,328,319,03-17,+25.0%,+57.53%,0.7877,39,✗ No,budget_exceeded
6,328,320,03-17,+25.0%,+57.38%,0.7869,39,✗ No,budget_exceeded
6,328,320,03-17,+25.0%,+57.28%,0.7864,39,✗ No,budget_exceeded
6,328,321,03-17,+25.0%,+56.99%,0.7850,41,✗ No,budget_exceeded
6,328,322,03-17,+25.0%,+50.70%,0.7535,45,✗ No,budget_exceeded
6,328,322,03-17,+25.0%,+50.49%,0.7524,45,✗ No,budget_exceeded
6,328,323,03-17,+25.0%,+40.82%,0.7041,48,✗ No,budget_exceeded
6,328,324,03-17,+25.0%,+40.62%,0.7031,49,✗ No,budget_exceeded
6,328,324,03-17,+25.0%,+7.03%,0.5351,51,✓ Yes,completed
6,328,325,03-17,+24.8%,+7.02%,0.5351,52,✓ Yes,completed
6,328,326,03-17,+24.8%,+7.01%,0.5350,53,✓ Yes,completed
6,328,326,03-17,+24.7%,+6.99%,0.5350,53,✓ Yes,completed
6,328,327,03-17,+24.5%,+6.91%,0.5346,57,✓ Yes,completed
6,328,328,03-17,+24.3%,+6.82%,0.5341,62,✓ Yes,completed
6,328,328,03-17,+23.9%,+6.74%,0.5337,69,✓ Yes,completed
6,329,317,03-17,+25.0%,+57.34%,0.7867,36,✗ No,budget_exceeded
6,329,318,03-17,+25.0%,+57.08%,0.7854,37,✗ No,budget_exceeded
6,329,319,03-17,+25.0%,+56.95%,0.7847,38,✗ No,budget_exceeded
6,329,320,03-17,+25.0%,+56.56%,0.7828,39,✗ No,budget_exceeded
6,329,320,03-17,+25.0%,+50.68%,0.7534,41,✗ No,budget_exceeded
6,329,321,03-17,+25.0%,+50.42%,0.7521,43,✗ No,budget_exceeded
6,329,322,03-17,+25.0%,+40.54%,0.7027,45,✗ No,budget_exceeded
6,329,322,03-17,+24.8%,+7.03%,0.5352,45,✓ Yes,completed
6,329,323,03-17,+24.7%,+7.00%,0.5350,47,✓ Yes,completed
6,329,324,03-17,+24.5%,+6.92%,0.5346,49,✓ Yes,completed
6,329,325,03-17,+24.4%,+6.91%,0.5345,49,✓ Yes,completed
6,329,325,03-17,+24.3%,+6.86%,0.5343,50,✓ Yes,completed
6,329,326,03-17,+24.2%,+6.83%,0.5341,51,✓ Yes,completed
6,329,327,03-17,+24.2%,+6.82%,0.5341,51,✓ Yes,completed
6,329,327,03-17,+23.9%,+6.78%,0.5339,56,✓ Yes,completed
6,329,328,03-17,+23.8%,+6.76%,0.5338,58,✓ Yes,completed
6,329,329,03-17,+23.5%,+6.71%,0.5336,61,✓ Yes,completed
6,329,329,03-17,+23.4%,+6.67%,0.5334,67,✓ Yes,completed
6,330,317,03-17,+25.0%,+50.51%,0.7525,36,✗ No,budget_exceeded
6,330,318,03-17,+25.0%,+50.26%,0.7513,36,✗ No,budget_exceeded
6,330,319,03-17,+25.0%,+40.85%,0.7043,37,✗ No,budget_exceeded
6,330,320,03-17,+25.0%,+40.55%,0.7028,37,✗ No,budget_exceeded
6,330,320,03-17,+25.0%,+7.05%,0.5353,37,✓ Yes,completed
6,330,321,03-17,+24.6%,+7.00%,0.5350,38,✓ Yes,completed
6,330,322,03-17,+24.2%,+6.87%,0.5343,39,✓ Yes,completed
6,330,322,03-17,+24.1%,+6.85%,0.5342,39,✓ Yes,completed
6,330,323,03-17,+24.0%,+6.82%,0.5341,41,✓ Yes,completed
6,330,324,03-17,+23.8%,+6.80%,0.5340,42,✓ Yes,completed
6,330,324,03-17,+23.7%,+6.80%,0.5340,42,✓ Yes,completed
6,330,325,03-17,+23.6%,+6.78%,0.5339,43,✓ Yes,completed
6,330,326,03-17,+23.5%,+6.76%,0.5338,44,✓ Yes,completed
6,330,326,03-17,+23.5%,+6.76%,0.5338,44,✓ Yes,completed
6,330,327,03-17,+23.4%,+6.75%,0.5337,45,✓ Yes,completed
6,330,328,03-17,+23.3%,+6.73%,0.5336,48,✓ Yes,completed
6,330,328,03-17,+23.1%,+6.71%,0.5335,50,✓ Yes,completed
6,330,329,03-17,+23.0%,+6.67%,0.5333,55,✓ Yes,completed
6,330,330,03-17,+22.9%,+6.65%,0.5332,56,✓ Yes,completed
6,330,330,03-17,+22.7%,+6.55%,0.5328,61,✓ Yes,completed
6,331,317,03-17,+25.0%,+50.38%,0.7519,36,✗ No,budget_exceeded
6,331,318,03-17,+25.0%,+50.12%,0.7506,36,✗ No,budget_exceeded
6,331,319,03-17,+25.0%,+40.70%,0.7035,37,✗ No,budget_exceeded
6,331,320,03-17,+24.9%,+7.05%,0.5352,37,✓ Yes,completed
6,331,320,03-17,+24.7%,+7.03%,0.5351,37,✓ Yes,completed
6,331,321,03-17,+24.5%,+6.96%,0.5348,38,✓ Yes,completed
6,331,322,03-17,+24.1%,+6.84%,0.5342,39,✓ Yes,completed
6,331,322,03-17,+24.0%,+6.82%,0.5341,39,✓ Yes,completed
6,331,323,03-17,+23.8%,+6.81%,0.5340,41,✓ Yes,completed
6,331,324,03-17,+23.6%,+6.78%,0.5339,42,✓ Yes,completed
6,331,324,03-17,+23.6%,+6.78%,0.5339,42,✓ Yes,completed
6,331,325,03-17,+23.5%,+6.76%,0.5338,43,✓ Yes,completed
6,331,326,03-17,+23.3%,+6.74%,0.5337,44,✓ Yes,completed
6,331,327,03-17,+23.3%,+6.74%,0.5337,44,✓ Yes,completed
6,331,327,03-17,+23.3%,+6.74%,0.5337,45,✓ Yes,completed
6,331,328,03-17,+23.1%,+6.71%,0.5335,48,✓ Yes,completed
6,331,329,03-17,+23.0%,+6.67%,0.5334,51,✓ Yes,completed
6,331,329,03-17,+22.8%,+6.62%,0.5331,54,✓ Yes,completed
6,331,330,03-17,+22.7%,+6.55%,0.5327,58,✓ Yes,completed
6,331,331,03-17,+22.5%,+6.44%,0.5322,59,✓ Yes,completed
6,331,331,03-17,+22.3%,+6.40%,0.5320,59,✓ Yes,completed
6,332,317,03-17,+25.0%,+50.12%,0.7506,35,✗ No,budget_exceeded
6,332,318,03-17,+25.0%,+49.86%,0.7493,35,✗ No,budget_exceeded
6,332,319,03-17,+25.0%,+7.04%,0.5352,36,✓ Yes,completed
6,332,320,03-17,+24.7%,+7.01%,0.5350,36,✓ Yes,completed
6,332,320,03-17,+24.6%,+6.98%,0.5349,36,✓ Yes,completed
6,332,321,03-17,+24.3%,+6.88%,0.5344,37,✓ Yes,completed
6,332,322,03-17,+23.9%,+6.82%,0.5341,38,✓ Yes,completed
6,332,322,03-17,+23.8%,+6.81%,0.5340,38,✓ Yes,completed
6,332,323,03-17,+23.6%,+6.78%,0.5339,40,✓ Yes,completed
6,332,324,03-17,+23.4%,+6.75%,0.5338,41,✓ Yes,completed
6,332,324,03-17,+23.4%,+6.75%,0.5338,41,✓ Yes,completed
6,332,325,03-17,+23.2%,+6.74%,0.5337,42,✓ Yes,completed
6,332,326,03-17,+23.2%,+6.73%,0.5337,43,✓ Yes,completed
6,332,326,03-17,+23.1%,+6.72%,0.5336,43,✓ Yes,completed
6,332,327,03-17,+23.0%,+6.71%,0.5336,44,✓ Yes,completed
6,332,328,03-17,+22.9%,+6.66%,0.5333,46,✓ Yes,completed
6,332,328,03-17,+22.7%,+6.60%,0.5330,48,✓ Yes,completed
6,332,329,03-17,+22.6%,+6.54%,0.5327,51,✓ Yes,completed
6,332,330,03-17,+22.6%,+6.52%,0.5326,52,✓ Yes,completed
6,332,330,03-17,+22.3%,+6.41%,0.5320,56,✓ Yes,completed
6,332,331,03-17,+22.2%,+6.36%,0.5318,56,✓ Yes,completed
6,332,332,03-17,+22.1%,+6.34%,0.5317,57,✓ Yes,completed
6,332,332,03-17,+21.9%,+6.29%,0.5314,60,✓ Yes,completed
6,333,317,03-17,+25.0%,+50.05%,0.7503,35,✗ No,budget_exceeded
6,333,318,03-17,+25.0%,+40.67%,0.7033,36,✗ No,budget_exceeded
6,333,319,03-17,+24.8%,+7.03%,0.5351,36,✓ Yes,completed
6,333,320,03-17,+24.5%,+6.95%,0.5347,36,✓ Yes,completed
6,333,320,03-17,+24.4%,+6.92%,0.5346,36,✓ Yes,completed
6,333,321,03-17,+24.1%,+6.83%,0.5342,37,✓ Yes,completed
6,333,322,03-17,+23.7%,+6.79%,0.5340,38,✓ Yes,completed
6,333,322,03-17,+23.5%,+6.77%,0.5339,38,✓ Yes,completed
6,333,323,03-17,+23.4%,+6.75%,0.5338,40,✓ Yes,completed
6,333,324,03-17,+23.2%,+6.74%,0.5337,41,✓ Yes,completed
6,333,324,03-17,+23.2%,+6.74%,0.5337,41,✓ Yes,completed
6,333,325,03-17,+23.0%,+6.72%,0.5336,42,✓ Yes,completed
6,333,326,03-17,+22.9%,+6.69%,0.5334,43,✓ Yes,completed
6,333,326,03-17,+22.9%,+6.69%,0.5334,43,✓ Yes,completed
6,333,327,03-17,+22.9%,+6.66%,0.5333,44,✓ Yes,completed
6,333,328,03-17,+22.7%,+6.58%,0.5329,46,✓ Yes,completed
6,333,329,03-17,+22.5%,+6.51%,0.5326,49,✓ Yes,completed
6,333,329,03-17,+22.5%,+6.47%,0.5323,51,✓ Yes,completed
6,333,330,03-17,+22.3%,+6.42%,0.5321,52,✓ Yes,completed
6,333,331,03-17,+22.1%,+6.35%,0.5317,54,✓ Yes,completed
6,333,331,03-17,+22.0%,+6.33%,0.5317,54,✓ Yes,completed
6,333,332,03-17,+21.8%,+6.27%,0.5314,58,✓ Yes,completed
6,333,333,03-17,+21.8%,+6.27%,0.5313,58,✓ Yes,completed
6,333,333,03-17,+21.5%,+6.20%,0.5310,61,✓ Yes,completed
6,327,317,03-18,+25.0%,+58.72%,0.7936,36,✗ No,budget_exceeded
6,327,318,03-18,+25.0%,+53.98%,0.7699,39,✗ No,budget_exceeded
6,327,319,03-18,+25.0%,+52.49%,0.7624,41,✗ No,budget_exceeded
6,327,320,03-18,+25.0%,+52.32%,0.7616,41,✗ No,budget_exceeded
6,327,320,03-18,+25.0%,+52.10%,0.7605,41,✗ No,budget_exceeded
6,327,321,03-18,+25.0%,+42.24%,0.7112,44,✗ No,budget_exceeded
6,327,322,03-18,+24.9%,+6.88%,0.5344,47,✓ Yes,completed
6,327,322,03-18,+24.7%,+6.85%,0.5342,47,✓ Yes,completed
6,327,323,03-18,+24.5%,+6.78%,0.5339,49,✓ Yes,completed
6,327,324,03-18,+24.2%,+6.67%,0.5333,51,✓ Yes,completed
6,327,325,03-18,+23.9%,+6.62%,0.5331,53,✓ Yes,completed
6,327,325,03-18,+23.8%,+6.62%,0.5331,53,✓ Yes,completed
6,327,326,03-18,+23.8%,+6.61%,0.5331,54,✓ Yes,completed
6,327,327,03-18,+23.7%,+6.61%,0.5331,55,✓ Yes,completed
6,327,327,03-18,+23.4%,+6.58%,0.5329,62,✓ Yes,completed
6,328,317,03-18,+25.0%,+53.98%,0.7699,38,✗ No,budget_exceeded
6,328,318,03-18,+25.0%,+52.33%,0.7617,40,✗ No,budget_exceeded
6,328,319,03-18,+25.0%,+52.18%,0.7609,41,✗ No,budget_exceeded
6,328,320,03-18,+25.0%,+42.50%,0.7125,42,✗ No,budget_exceeded
6,328,320,03-18,+25.0%,+42.37%,0.7118,42,✗ No,budget_exceeded
6,328,321,03-18,+25.0%,+8.32%,0.5416,46,✗ No,budget_exceeded
6,328,322,03-18,+24.6%,+6.82%,0.5341,47,✓ Yes,completed
6,328,322,03-18,+24.4%,+6.75%,0.5338,47,✓ Yes,completed
6,328,323,03-18,+24.3%,+6.69%,0.5335,49,✓ Yes,completed
6,328,324,03-18,+24.1%,+6.64%,0.5332,50,✓ Yes,completed
6,328,324,03-18,+23.9%,+6.63%,0.5331,51,✓ Yes,completed
6,328,325,03-18,+23.8%,+6.62%,0.5331,52,✓ Yes,completed
6,328,326,03-18,+23.7%,+6.61%,0.5331,53,✓ Yes,completed
6,328,326,03-18,+23.6%,+6.61%,0.5331,53,✓ Yes,completed
6,328,327,03-18,+23.4%,+6.60%,0.5330,57,✓ Yes,completed
6,328,328,03-18,+23.1%,+6.61%,0.5330,61,✓ Yes,completed
6,328,328,03-18,+22.8%,+6.52%,0.5326,68,✓ Yes,completed
6,329,317,03-18,+25.0%,+51.88%,0.7594,38,✗ No,budget_exceeded
6,329,318,03-18,+25.0%,+51.60%,0.7580,39,✗ No,budget_exceeded
6,329,319,03-18,+25.0%,+8.40%,0.5420,42,✗ No,budget_exceeded
6,329,320,03-18,+24.8%,+6.88%,0.5344,42,✓ Yes,completed
6,329,320,03-18,+24.6%,+6.83%,0.5342,42,✓ Yes,completed
6,329,321,03-18,+24.4%,+6.74%,0.5337,44,✓ Yes,completed
6,329,322,03-18,+24.0%,+6.64%,0.5332,45,✓ Yes,completed
6,329,322,03-18,+23.8%,+6.64%,0.5332,45,✓ Yes,completed
6,329,323,03-18,+23.6%,+6.62%,0.5331,47,✓ Yes,completed
6,329,324,03-18,+23.4%,+6.62%,0.5331,49,✓ Yes,completed
6,329,325,03-18,+23.4%,+6.62%,0.5331,49,✓ Yes,completed
6,329,325,03-18,+23.1%,+6.64%,0.5332,49,✓ Yes,completed
6,329,326,03-18,+23.0%,+6.64%,0.5332,50,✓ Yes,completed
6,329,327,03-18,+23.0%,+6.64%,0.5332,50,✓ Yes,completed
6,329,327,03-18,+22.7%,+6.56%,0.5328,55,✓ Yes,completed
6,329,328,03-18,+22.6%,+6.51%,0.5325,57,✓ Yes,completed
6,329,329,03-18,+22.4%,+6.41%,0.5321,60,✓ Yes,completed
6,329,329,03-18,+22.2%,+6.36%,0.5318,66,✓ Yes,completed
6,330,317,03-18,+25.0%,+6.88%,0.5344,37,✓ Yes,completed
6,330,318,03-18,+24.7%,+6.85%,0.5343,37,✓ Yes,completed
6,330,319,03-18,+24.3%,+6.72%,0.5336,37,✓ Yes,completed
6,330,320,03-18,+24.0%,+6.66%,0.5333,37,✓ Yes,completed
6,330,320,03-18,+24.0%,+6.65%,0.5333,37,✓ Yes,completed
6,330,321,03-18,+23.6%,+6.64%,0.5332,38,✓ Yes,completed
6,330,322,03-18,+23.1%,+6.67%,0.5333,38,✓ Yes,completed
6,330,322,03-18,+23.0%,+6.66%,0.5333,38,✓ Yes,completed
6,330,323,03-18,+22.8%,+6.61%,0.5330,40,✓ Yes,completed
6,330,324,03-18,+22.6%,+6.55%,0.5327,41,✓ Yes,completed
6,330,324,03-18,+22.5%,+6.53%,0.5326,41,✓ Yes,completed
6,330,325,03-18,+22.4%,+6.48%,0.5324,42,✓ Yes,completed
6,330,326,03-18,+22.4%,+6.46%,0.5323,43,✓ Yes,completed
6,330,326,03-18,+22.3%,+6.45%,0.5323,43,✓ Yes,completed
6,330,327,03-18,+22.2%,+6.44%,0.5322,44,✓ Yes,completed
6,330,328,03-18,+22.1%,+6.41%,0.5321,47,✓ Yes,completed
6,330,328,03-18,+21.9%,+6.39%,0.5320,49,✓ Yes,completed
6,330,329,03-18,+21.8%,+6.36%,0.5318,54,✓ Yes,completed
6,330,330,03-18,+21.8%,+6.35%,0.5317,55,✓ Yes,completed
6,330,330,03-18,+21.5%,+6.30%,0.5315,60,✓ Yes,completed
6,331,317,03-18,+24.7%,+6.83%,0.5341,36,✓ Yes,completed
6,331,318,03-18,+24.4%,+6.75%,0.5338,36,✓ Yes,completed
6,331,319,03-18,+24.0%,+6.65%,0.5332,36,✓ Yes,completed
6,331,320,03-18,+23.7%,+6.64%,0.5332,36,✓ Yes,completed
6,331,320,03-18,+23.6%,+6.64%,0.5332,36,✓ Yes,completed
6,331,321,03-18,+23.3%,+6.65%,0.5332,37,✓ Yes,completed
6,331,322,03-18,+22.9%,+6.65%,0.5333,38,✓ Yes,completed
6,331,322,03-18,+22.8%,+6.61%,0.5331,38,✓ Yes,completed
6,331,323,03-18,+22.6%,+6.56%,0.5328,40,✓ Yes,completed
6,331,324,03-18,+22.5%,+6.50%,0.5325,41,✓ Yes,completed
6,331,324,03-18,+22.4%,+6.48%,0.5324,41,✓ Yes,completed
6,331,325,03-18,+22.3%,+6.45%,0.5322,42,✓ Yes,completed
6,331,326,03-18,+22.2%,+6.43%,0.5321,43,✓ Yes,completed
6,331,327,03-18,+22.1%,+6.43%,0.5321,43,✓ Yes,completed
6,331,327,03-18,+22.1%,+6.42%,0.5321,44,✓ Yes,completed
6,331,328,03-18,+21.9%,+6.39%,0.5320,47,✓ Yes,completed
6,331,329,03-18,+21.8%,+6.37%,0.5318,50,✓ Yes,completed
6,331,329,03-18,+21.6%,+6.34%,0.5317,53,✓ Yes,completed
6,331,330,03-18,+21.5%,+6.31%,0.5315,57,✓ Yes,completed
6,331,331,03-18,+21.3%,+6.29%,0.5314,58,✓ Yes,completed
6,331,331,03-18,+21.2%,+6.27%,0.5313,58,✓ Yes,completed
6,332,317,03-18,+24.5%,+6.75%,0.5338,35,✓ Yes,completed
6,332,318,03-18,+24.2%,+6.68%,0.5334,35,✓ Yes,completed
6,332,319,03-18,+23.8%,+6.64%,0.5332,35,✓ Yes,completed
6,332,320,03-18,+23.5%,+6.64%,0.5332,35,✓ Yes,completed
6,332,320,03-18,+23.4%,+6.64%,0.5332,35,✓ Yes,completed
6,332,321,03-18,+23.1%,+6.67%,0.5333,36,✓ Yes,completed
6,332,322,03-18,+22.7%,+6.59%,0.5330,37,✓ Yes,completed
6,332,322,03-18,+22.6%,+6.56%,0.5328,37,✓ Yes,completed
6,332,323,03-18,+22.4%,+6.49%,0.5324,39,✓ Yes,completed
6,332,324,03-18,+22.3%,+6.45%,0.5322,40,✓ Yes,completed
6,332,324,03-18,+22.2%,+6.44%,0.5322,40,✓ Yes,completed
6,332,325,03-18,+22.1%,+6.43%,0.5321,41,✓ Yes,completed
6,332,326,03-18,+22.0%,+6.42%,0.5321,42,✓ Yes,completed
6,332,326,03-18,+22.0%,+6.41%,0.5321,42,✓ Yes,completed
6,332,327,03-18,+21.9%,+6.40%,0.5320,43,✓ Yes,completed
6,332,328,03-18,+21.7%,+6.37%,0.5319,45,✓ Yes,completed
6,332,328,03-18,+21.6%,+6.35%,0.5317,47,✓ Yes,completed
6,332,329,03-18,+21.5%,+6.33%,0.5316,50,✓ Yes,completed
6,332,330,03-18,+21.4%,+6.32%,0.5316,51,✓ Yes,completed
6,332,330,03-18,+21.2%,+6.28%,0.5314,55,✓ Yes,completed
6,332,331,03-18,+21.0%,+6.24%,0.5312,55,✓ Yes,completed
6,332,332,03-18,+21.0%,+6.21%,0.5311,56,✓ Yes,completed
6,332,332,03-18,+20.8%,+6.11%,0.5305,59,✓ Yes,completed
6,333,317,03-18,+24.3%,+6.69%,0.5334,35,✓ Yes,completed
6,333,318,03-18,+24.0%,+6.64%,0.5332,35,✓ Yes,completed
6,333,319,03-18,+23.6%,+6.63%,0.5332,35,✓ Yes,completed
6,333,320,03-18,+23.4%,+6.64%,0.5332,35,✓ Yes,completed
6,333,320,03-18,+23.3%,+6.65%,0.5333,35,✓ Yes,completed
6,333,321,03-18,+23.0%,+6.65%,0.5333,36,✓ Yes,completed
6,333,322,03-18,+22.5%,+6.53%,0.5326,37,✓ Yes,completed
6,333,322,03-18,+22.4%,+6.48%,0.5324,37,✓ Yes,completed
6,333,323,03-18,+22.3%,+6.45%,0.5322,39,✓ Yes,completed
6,333,324,03-18,+22.1%,+6.43%,0.5321,40,✓ Yes,completed
6,333,324,03-18,+22.0%,+6.42%,0.5321,40,✓ Yes,completed
6,333,325,03-18,+21.9%,+6.41%,0.5320,41,✓ Yes,completed
6,333,326,03-18,+21.8%,+6.39%,0.5319,42,✓ Yes,completed
6,333,326,03-18,+21.8%,+6.39%,0.5319,42,✓ Yes,completed
6,333,327,03-18,+21.7%,+6.37%,0.5319,43,✓ Yes,completed
6,333,328,03-18,+21.5%,+6.35%,0.5317,45,✓ Yes,completed
6,333,329,03-18,+21.4%,+6.33%,0.5316,48,✓ Yes,completed
6,333,329,03-18,+21.3%,+6.31%,0.5316,50,✓ Yes,completed
6,333,330,03-18,+21.2%,+6.29%,0.5315,51,✓ Yes,completed
6,333,331,03-18,+20.9%,+6.20%,0.5310,53,✓ Yes,completed
6,333,331,03-18,+20.9%,+6.18%,0.5309,53,✓ Yes,completed
6,333,332,03-18,+20.7%,+6.07%,0.5304,57,✓ Yes,completed
6,333,333,03-18,+20.6%,+6.05%,0.5303,57,✓ Yes,completed
6,333,333,03-18,+20.4%,+5.95%,0.5298,60,✓ Yes,completed
7,329,319,03-17,+25.0%,+57.26%,0.7863,37,✗ No,budget_exceeded
7,329,319,03-17,+25.0%,+57.19%,0.7859,38,✗ No,budget_exceeded
7,329,319,03-17,+25.0%,+57.15%,0.7858,38,✗ No,budget_exceeded
7,329,320,03-17,+25.0%,+57.06%,0.7853,38,✗ No,budget_exceeded
7,329,320,03-17,+25.0%,+57.02%,0.7851,38,✗ No,budget_exceeded
7,329,320,03-17,+25.0%,+56.93%,0.7847,38,✗ No,budget_exceeded
7,329,321,03-17,+25.0%,+56.91%,0.7846,38,✗ No,budget_exceeded
7,329,321,03-17,+25.0%,+50.66%,0.7533,43,✗ No,budget_exceeded
7,329,321,03-17,+25.0%,+50.62%,0.7531,43,✗ No,budget_exceeded
7,329,322,03-17,+25.0%,+40.78%,0.7039,45,✗ No,budget_exceeded
7,329,322,03-17,+25.0%,+40.70%,0.7035,45,✗ No,budget_exceeded
7,329,322,03-17,+25.0%,+40.68%,0.7034,45,✗ No,budget_exceeded
7,329,322,03-17,+25.0%,+40.57%,0.7028,45,✗ No,budget_exceeded
7,329,323,03-17,+25.0%,+7.04%,0.5352,46,✓ Yes,completed
7,329,323,03-17,+24.9%,+7.04%,0.5352,47,✓ Yes,completed
7,329,323,03-17,+24.8%,+7.03%,0.5352,47,✓ Yes,completed
7,329,324,03-17,+24.7%,+7.01%,0.5350,48,✓ Yes,completed
7,329,324,03-17,+24.7%,+6.99%,0.5349,49,✓ Yes,completed
7,329,324,03-17,+24.6%,+6.98%,0.5349,49,✓ Yes,completed
7,329,325,03-17,+24.5%,+6.93%,0.5347,50,✓ Yes,completed
7,329,325,03-17,+24.5%,+6.93%,0.5347,50,✓ Yes,completed
7,329,325,03-17,+24.5%,+6.93%,0.5347,50,✓ Yes,completed
7,329,326,03-17,+24.5%,+6.91%,0.5346,51,✓ Yes,completed
7,329,326,03-17,+24.4%,+6.89%,0.5345,51,✓ Yes,completed
7,329,326,03-17,+24.4%,+6.89%,0.5345,51,✓ Yes,completed
7,329,326,03-17,+24.4%,+6.89%,0.5345,51,✓ Yes,completed
7,329,327,03-17,+24.3%,+6.86%,0.5343,53,✓ Yes,completed
7,329,327,03-17,+24.3%,+6.84%,0.5342,54,✓ Yes,completed
7,329,327,03-17,+24.1%,+6.80%,0.5340,56,✓ Yes,completed
7,329,328,03-17,+24.1%,+6.79%,0.5339,58,✓ Yes,completed
7,329,328,03-17,+24.0%,+6.78%,0.5339,58,✓ Yes,completed
7,329,328,03-17,+23.8%,+6.74%,0.5337,63,✓ Yes,completed
7,329,329,03-17,+23.7%,+6.73%,0.5337,64,✓ Yes,completed
7,329,329,03-17,+23.7%,+6.71%,0.5335,68,✓ Yes,completed
7,330,319,03-17,+25.0%,+52.29%,0.7614,37,✗ No,budget_exceeded
7,330,319,03-17,+25.0%,+50.59%,0.7530,39,✗ No,budget_exceeded
7,330,319,03-17,+25.0%,+50.56%,0.7528,39,✗ No,budget_exceeded
7,330,320,03-17,+25.0%,+50.45%,0.7522,39,✗ No,budget_exceeded
7,330,320,03-17,+25.0%,+50.40%,0.7520,39,✗ No,budget_exceeded
7,330,320,03-17,+25.0%,+40.77%,0.7038,40,✗ No,budget_exceeded
7,330,321,03-17,+25.0%,+40.74%,0.7037,40,✗ No,budget_exceeded
7,330,321,03-17,+25.0%,+7.04%,0.5352,41,✓ Yes,completed
7,330,321,03-17,+24.9%,+7.04%,0.5352,41,✓ Yes,completed
7,330,322,03-17,+24.6%,+6.98%,0.5349,42,✓ Yes,completed
7,330,322,03-17,+24.5%,+6.95%,0.5348,42,✓ Yes,completed
7,330,322,03-17,+24.5%,+6.94%,0.5347,42,✓ Yes,completed
7,330,322,03-17,+24.4%,+6.91%,0.5346,42,✓ Yes,completed
7,330,323,03-17,+24.3%,+6.86%,0.5343,44,✓ Yes,completed
7,330,323,03-17,+24.3%,+6.86%,0.5343,44,✓ Yes,completed
7,330,323,03-17,+24.2%,+6.85%,0.5343,44,✓ Yes,completed
7,330,324,03-17,+24.1%,+6.82%,0.5341,45,✓ Yes,completed
7,330,324,03-17,+24.0%,+6.81%,0.5341,46,✓ Yes,completed
7,330,324,03-17,+24.0%,+6.81%,0.5341,46,✓ Yes,completed
7,330,325,03-17,+23.9%,+6.80%,0.5340,47,✓ Yes,completed
7,330,325,03-17,+23.9%,+6.80%,0.5340,47,✓ Yes,completed
7,330,325,03-17,+23.8%,+6.80%,0.5340,47,✓ Yes,completed
7,330,326,03-17,+23.8%,+6.79%,0.5340,48,✓ Yes,completed
7,330,326,03-17,+23.8%,+6.78%,0.5339,48,✓ Yes,completed
7,330,326,03-17,+23.8%,+6.78%,0.5339,48,✓ Yes,completed
7,330,327,03-17,+23.7%,+6.78%,0.5339,48,✓ Yes,completed
7,330,327,03-17,+23.7%,+6.77%,0.5339,49,✓ Yes,completed
7,330,327,03-17,+23.7%,+6.77%,0.5339,49,✓ Yes,completed
7,330,327,03-17,+23.6%,+6.75%,0.5337,51,✓ Yes,completed
7,330,328,03-17,+23.5%,+6.74%,0.5337,52,✓ Yes,completed
7,330,328,03-17,+23.5%,+6.73%,0.5337,52,✓ Yes,completed
7,330,328,03-17,+23.3%,+6.71%,0.5336,54,✓ Yes,completed
7,330,329,03-17,+23.3%,+6.71%,0.5335,55,✓ Yes,completed
7,330,329,03-17,+23.2%,+6.69%,0.5334,59,✓ Yes,completed
7,330,329,03-17,+23.2%,+6.68%,0.5334,60,✓ Yes,completed
7,330,330,03-17,+23.1%,+6.67%,0.5334,61,✓ Yes,completed
7,330,330,03-17,+23.0%,+6.65%,0.5333,63,✓ Yes,completed
7,331,319,03-17,+25.0%,+40.81%,0.7041,37,✗ No,budget_exceeded
7,331,319,03-17,+25.0%,+40.74%,0.7037,37,✗ No,budget_exceeded
7,331,319,03-17,+25.0%,+40.58%,0.7029,37,✗ No,budget_exceeded
7,331,320,03-17,+25.0%,+7.05%,0.5352,37,✓ Yes,completed
7,331,320,03-17,+24.9%,+7.05%,0.5352,37,✓ Yes,completed
7,331,320,03-17,+24.9%,+7.05%,0.5352,37,✓ Yes,completed
7,331,321,03-17,+24.8%,+7.03%,0.5352,37,✓ Yes,completed
7,331,321,03-17,+24.5%,+6.97%,0.5348,38,✓ Yes,completed
7,331,321,03-17,+24.5%,+6.96%,0.5348,38,✓ Yes,completed
7,331,321,03-17,+24.5%,+6.94%,0.5347,38,✓ Yes,completed
7,331,322,03-17,+24.1%,+6.83%,0.5342,39,✓ Yes,completed
7,331,322,03-17,+24.0%,+6.83%,0.5342,39,✓ Yes,completed
7,331,322,03-17,+24.0%,+6.83%,0.5341,39,✓ Yes,completed
7,331,323,03-17,+23.9%,+6.82%,0.5341,40,✓ Yes,completed
7,331,323,03-17,+23.9%,+6.81%,0.5341,41,✓ Yes,completed
7,331,323,03-17,+23.8%,+6.81%,0.5340,41,✓ Yes,completed
7,331,324,03-17,+23.7%,+6.79%,0.5339,42,✓ Yes,completed
7,331,324,03-17,+23.6%,+6.78%,0.5339,42,✓ Yes,completed
7,331,324,03-17,+23.6%,+6.78%,0.5339,42,✓ Yes,completed
7,331,325,03-17,+23.5%,+6.76%,0.5338,43,✓ Yes,completed
7,331,325,03-17,+23.5%,+6.76%,0.5338,43,✓ Yes,completed
7,331,325,03-17,+23.5%,+6.76%,0.5338,43,✓ Yes,completed
7,331,325,03-17,+23.5%,+6.76%,0.5338,43,✓ Yes,completed
7,331,326,03-17,+23.4%,+6.75%,0.5338,44,✓ Yes,completed
7,331,326,03-17,+23.4%,+6.75%,0.5337,44,✓ Yes,completed
7,331,326,03-17,+23.4%,+6.75%,0.5337,44,✓ Yes,completed
7,331,327,03-17,+23.4%,+6.75%,0.5337,44,✓ Yes,completed
7,331,327,03-17,+23.3%,+6.74%,0.5337,45,✓ Yes,completed
7,331,327,03-17,+23.2%,+6.72%,0.5336,47,✓ Yes,completed
7,331,328,03-17,+23.2%,+6.72%,0.5336,48,✓ Yes,completed
7,331,328,03-17,+23.1%,+6.71%,0.5336,48,✓ Yes,completed
7,331,328,03-17,+23.1%,+6.71%,0.5336,48,✓ Yes,completed
7,331,329,03-17,+23.0%,+6.69%,0.5334,50,✓ Yes,completed
7,331,329,03-17,+23.0%,+6.66%,0.5333,53,✓ Yes,completed
7,331,329,03-17,+22.9%,+6.64%,0.5332,55,✓ Yes,completed
7,331,329,03-17,+22.9%,+6.63%,0.5332,55,✓ Yes,completed
7,331,330,03-17,+22.8%,+6.62%,0.5331,56,✓ Yes,completed
7,331,330,03-17,+22.7%,+6.57%,0.5328,59,✓ Yes,completed
7,331,330,03-17,+22.6%,+6.51%,0.5325,60,✓ Yes,completed
7,331,331,03-17,+22.5%,+6.46%,0.5323,60,✓ Yes,completed
7,331,331,03-17,+22.5%,+6.46%,0.5323,60,✓ Yes,completed
7,329,319,03-18,+25.0%,+42.46%,0.7123,40,✗ No,budget_exceeded
7,329,319,03-18,+25.0%,+42.34%,0.7117,41,✗ No,budget_exceeded
7,329,319,03-18,+25.0%,+42.18%,0.7109,41,✗ No,budget_exceeded
7,329,320,03-18,+25.0%,+8.32%,0.5416,42,✗ No,budget_exceeded
7,329,320,03-18,+25.0%,+8.28%,0.5414,42,✗ No,budget_exceeded
7,329,320,03-18,+24.9%,+6.88%,0.5344,42,✓ Yes,completed
7,329,321,03-18,+24.8%,+6.88%,0.5344,42,✓ Yes,completed
7,329,321,03-18,+24.6%,+6.82%,0.5341,44,✓ Yes,completed
7,329,321,03-18,+24.5%,+6.79%,0.5340,44,✓ Yes,completed
7,329,322,03-18,+24.2%,+6.68%,0.5334,45,✓ Yes,completed
7,329,322,03-18,+24.1%,+6.67%,0.5333,45,✓ Yes,completed
7,329,322,03-18,+24.1%,+6.66%,0.5333,45,✓ Yes,completed
7,329,322,03-18,+24.0%,+6.65%,0.5332,45,✓ Yes,completed
7,329,323,03-18,+24.0%,+6.64%,0.5332,46,✓ Yes,completed
7,329,323,03-18,+23.8%,+6.63%,0.5332,47,✓ Yes,completed
7,329,323,03-18,+23.8%,+6.63%,0.5332,47,✓ Yes,completed
7,329,324,03-18,+23.7%,+6.63%,0.5331,48,✓ Yes,completed
7,329,324,03-18,+23.6%,+6.62%,0.5331,49,✓ Yes,completed
7,329,324,03-18,+23.6%,+6.62%,0.5331,49,✓ Yes,completed
7,329,325,03-18,+23.4%,+6.62%,0.5331,50,✓ Yes,completed
7,329,325,03-18,+23.4%,+6.62%,0.5331,50,✓ Yes,completed
7,329,325,03-18,+23.4%,+6.62%,0.5331,50,✓ Yes,completed
7,329,326,03-18,+23.3%,+6.62%,0.5331,51,✓ Yes,completed
7,329,326,03-18,+23.2%,+6.64%,0.5332,50,✓ Yes,completed
7,329,326,03-18,+23.2%,+6.64%,0.5332,50,✓ Yes,completed
7,329,326,03-18,+23.2%,+6.64%,0.5332,50,✓ Yes,completed
7,329,327,03-18,+23.1%,+6.64%,0.5332,52,✓ Yes,completed
7,329,327,03-18,+23.1%,+6.63%,0.5332,53,✓ Yes,completed
7,329,327,03-18,+23.0%,+6.62%,0.5331,55,✓ Yes,completed
7,329,328,03-18,+22.9%,+6.60%,0.5330,57,✓ Yes,completed
7,329,328,03-18,+22.8%,+6.58%,0.5329,57,✓ Yes,completed
7,329,328,03-18,+22.6%,+6.48%,0.5324,62,✓ Yes,completed
7,329,329,03-18,+22.6%,+6.47%,0.5323,63,✓ Yes,completed
7,329,329,03-18,+22.5%,+6.43%,0.5322,67,✓ Yes,completed
7,330,319,03-18,+24.9%,+6.88%,0.5344,39,✓ Yes,completed
7,330,319,03-18,+24.7%,+6.85%,0.5342,40,✓ Yes,completed
7,330,319,03-18,+24.6%,+6.80%,0.5340,40,✓ Yes,completed
7,330,320,03-18,+24.4%,+6.75%,0.5338,40,✓ Yes,completed
7,330,320,03-18,+24.4%,+6.74%,0.5337,40,✓ Yes,completed
7,330,320,03-18,+24.2%,+6.69%,0.5335,40,✓ Yes,completed
7,330,321,03-18,+24.2%,+6.69%,0.5334,40,✓ Yes,completed
7,330,321,03-18,+24.0%,+6.65%,0.5332,41,✓ Yes,completed
7,330,321,03-18,+23.9%,+6.64%,0.5332,41,✓ Yes,completed
7,330,322,03-18,+23.6%,+6.63%,0.5332,42,✓ Yes,completed
7,330,322,03-18,+23.5%,+6.63%,0.5332,42,✓ Yes,completed
7,330,322,03-18,+23.5%,+6.63%,0.5332,42,✓ Yes,completed
7,330,322,03-18,+23.2%,+6.66%,0.5333,41,✓ Yes,completed
7,330,323,03-18,+23.1%,+6.66%,0.5333,43,✓ Yes,completed
7,330,323,03-18,+23.1%,+6.66%,0.5333,43,✓ Yes,completed
7,330,323,03-18,+23.0%,+6.66%,0.5333,43,✓ Yes,completed
7,330,324,03-18,+22.9%,+6.64%,0.5332,44,✓ Yes,completed
7,330,324,03-18,+22.8%,+6.62%,0.5331,45,✓ Yes,completed
7,330,324,03-18,+22.8%,+6.62%,0.5331,45,✓ Yes,completed
7,330,325,03-18,+22.7%,+6.57%,0.5328,46,✓ Yes,completed
7,330,325,03-18,+22.7%,+6.57%,0.5328,46,✓ Yes,completed
7,330,325,03-18,+22.7%,+6.56%,0.5328,46,✓ Yes,completed
7,330,326,03-18,+22.6%,+6.55%,0.5327,47,✓ Yes,completed
7,330,326,03-18,+22.6%,+6.53%,0.5326,47,✓ Yes,completed
7,330,326,03-18,+22.6%,+6.53%,0.5326,47,✓ Yes,completed
7,330,327,03-18,+22.6%,+6.52%,0.5326,47,✓ Yes,completed
7,330,327,03-18,+22.5%,+6.50%,0.5325,48,✓ Yes,completed
7,330,327,03-18,+22.5%,+6.50%,0.5325,48,✓ Yes,completed
7,330,327,03-18,+22.4%,+6.45%,0.5323,50,✓ Yes,completed
7,330,328,03-18,+22.3%,+6.44%,0.5322,51,✓ Yes,completed
7,330,328,03-18,+22.3%,+6.43%,0.5322,51,✓ Yes,completed
7,330,328,03-18,+22.2%,+6.40%,0.5320,53,✓ Yes,completed
7,330,329,03-18,+22.1%,+6.40%,0.5320,54,✓ Yes,completed
7,330,329,03-18,+22.0%,+6.37%,0.5319,58,✓ Yes,completed
7,330,329,03-18,+22.0%,+6.37%,0.5318,59,✓ Yes,completed
7,330,330,03-18,+22.0%,+6.36%,0.5318,60,✓ Yes,completed
7,330,330,03-18,+21.9%,+6.34%,0.5317,62,✓ Yes,completed
7,331,319,03-18,+24.1%,+6.67%,0.5333,36,✓ Yes,completed
7,331,319,03-18,+24.1%,+6.66%,0.5333,36,✓ Yes,completed
7,331,319,03-18,+23.9%,+6.65%,0.5332,36,✓ Yes,completed
7,331,320,03-18,+23.8%,+6.65%,0.5332,36,✓ Yes,completed
7,331,320,03-18,+23.7%,+6.65%,0.5332,36,✓ Yes,completed
7,331,320,03-18,+23.7%,+6.65%,0.5332,36,✓ Yes,completed
7,331,321,03-18,+23.6%,+6.64%,0.5332,36,✓ Yes,completed
7,331,321,03-18,+23.4%,+6.65%,0.5332,37,✓ Yes,completed
7,331,321,03-18,+23.3%,+6.65%,0.5333,37,✓ Yes,completed
7,331,321,03-18,+23.3%,+6.66%,0.5333,37,✓ Yes,completed
7,331,322,03-18,+22.9%,+6.65%,0.5332,38,✓ Yes,completed
7,331,322,03-18,+22.9%,+6.64%,0.5332,38,✓ Yes,completed
7,331,322,03-18,+22.8%,+6.63%,0.5331,38,✓ Yes,completed
7,331,323,03-18,+22.8%,+6.60%,0.5330,39,✓ Yes,completed
7,331,323,03-18,+22.7%,+6.58%,0.5329,40,✓ Yes,completed
7,331,323,03-18,+22.6%,+6.56%,0.5328,40,✓ Yes,completed
7,331,324,03-18,+22.5%,+6.51%,0.5326,41,✓ Yes,completed
7,331,324,03-18,+22.5%,+6.50%,0.5325,41,✓ Yes,completed
7,331,324,03-18,+22.5%,+6.49%,0.5325,41,✓ Yes,completed
7,331,325,03-18,+22.3%,+6.46%,0.5323,42,✓ Yes,completed
7,331,325,03-18,+22.3%,+6.46%,0.5323,42,✓ Yes,completed
7,331,325,03-18,+22.3%,+6.46%,0.5323,42,✓ Yes,completed
7,331,325,03-18,+22.3%,+6.45%,0.5322,42,✓ Yes,completed
7,331,326,03-18,+22.3%,+6.44%,0.5322,43,✓ Yes,completed
7,331,326,03-18,+22.2%,+6.43%,0.5322,43,✓ Yes,completed
7,331,326,03-18,+22.2%,+6.43%,0.5322,43,✓ Yes,completed
7,331,327,03-18,+22.2%,+6.43%,0.5322,43,✓ Yes,completed
7,331,327,03-18,+22.1%,+6.43%,0.5321,44,✓ Yes,completed
7,331,327,03-18,+22.0%,+6.41%,0.5321,46,✓ Yes,completed
7,331,328,03-18,+22.0%,+6.40%,0.5320,47,✓ Yes,completed
7,331,328,03-18,+22.0%,+6.40%,0.5320,47,✓ Yes,completed
7,331,328,03-18,+21.9%,+6.40%,0.5320,47,✓ Yes,completed
7,331,329,03-18,+21.8%,+6.38%,0.5319,49,✓ Yes,completed
7,331,329,03-18,+21.8%,+6.36%,0.5318,52,✓ Yes,completed
7,331,329,03-18,+21.7%,+6.35%,0.5317,54,✓ Yes,completed
7,331,329,03-18,+21.7%,+6.34%,0.5317,54,✓ Yes,completed
7,331,330,03-18,+21.7%,+6.33%,0.5317,55,✓ Yes,completed
7,331,330,03-18,+21.6%,+6.31%,0.5316,58,✓ Yes,completed
7,331,330,03-18,+21.4%,+6.30%,0.5315,59,✓ Yes,completed
7,331,331,03-18,+21.3%,+6.29%,0.5314,59,✓ Yes,completed
7,331,331,03-18,+21.3%,+6.29%,0.5314,59,✓ Yes,completed
8,330,320,03-17,+25.0%,+50.45%,0.7522,39,✗ No,budget_exceeded
8,330,320,03-17,+25.0%,+50.40%,0.7520,39,✗ No,budget_exceeded
8,330,320,03-17,+25.0%,+40.85%,0.7043,40,✗ No,budget_exceeded
8,330,320,03-17,+25.0%,+40.77%,0.7038,40,✗ No,budget_exceeded
8,330,321,03-17,+25.0%,+7.04%,0.5352,41,✓ Yes,completed
8,330,321,03-17,+24.9%,+7.04%,0.5352,41,✓ Yes,completed
8,330,321,03-17,+24.9%,+7.04%,0.5352,41,✓ Yes,completed
8,330,322,03-17,+24.6%,+6.98%,0.5349,42,✓ Yes,completed
8,330,322,03-17,+24.5%,+6.94%,0.5347,42,✓ Yes,completed
8,330,322,03-17,+24.4%,+6.91%,0.5346,42,✓ Yes,completed
8,330,323,03-17,+24.3%,+6.89%,0.5344,43,✓ Yes,completed
8,330,323,03-17,+24.3%,+6.86%,0.5343,44,✓ Yes,completed
8,330,323,03-17,+24.3%,+6.86%,0.5343,44,✓ Yes,completed
8,330,324,03-17,+24.1%,+6.82%,0.5341,45,✓ Yes,completed
8,330,324,03-17,+24.0%,+6.81%,0.5341,46,✓ Yes,completed
8,330,324,03-17,+24.0%,+6.81%,0.5341,46,✓ Yes,completed
8,330,324,03-17,+24.0%,+6.81%,0.5341,46,✓ Yes,completed
8,330,325,03-17,+23.9%,+6.80%,0.5340,47,✓ Yes,completed
8,330,325,03-17,+23.9%,+6.80%,0.5340,47,✓ Yes,completed
8,330,325,03-17,+23.8%,+6.80%,0.5340,47,✓ Yes,completed
8,330,326,03-17,+23.8%,+6.79%,0.5340,48,✓ Yes,completed
8,330,326,03-17,+23.8%,+6.78%,0.5339,48,✓ Yes,completed
8,330,326,03-17,+23.8%,+6.78%,0.5339,48,✓ Yes,completed
8,330,327,03-17,+23.7%,+6.78%,0.5339,48,✓ Yes,completed
8,330,327,03-17,+23.7%,+6.77%,0.5339,49,✓ Yes,completed
8,330,327,03-17,+23.6%,+6.75%,0.5337,51,✓ Yes,completed
8,330,328,03-17,+23.5%,+6.74%,0.5337,52,✓ Yes,completed
8,330,328,03-17,+23.5%,+6.74%,0.5337,52,✓ Yes,completed
8,330,328,03-17,+23.5%,+6.73%,0.5337,52,✓ Yes,completed
8,330,329,03-17,+23.3%,+6.71%,0.5335,55,✓ Yes,completed
8,330,329,03-17,+23.3%,+6.70%,0.5335,57,✓ Yes,completed
8,330,329,03-17,+23.2%,+6.69%,0.5334,59,✓ Yes,completed
8,330,329,03-17,+23.2%,+6.68%,0.5334,60,✓ Yes,completed
8,330,330,03-17,+23.1%,+6.67%,0.5334,61,✓ Yes,completed
8,331,320,03-17,+25.0%,+7.05%,0.5352,37,✓ Yes,completed
8,331,320,03-17,+24.9%,+7.05%,0.5352,37,✓ Yes,completed
8,331,320,03-17,+24.9%,+7.05%,0.5352,37,✓ Yes,completed
8,331,320,03-17,+24.8%,+7.04%,0.5352,37,✓ Yes,completed
8,331,321,03-17,+24.5%,+6.97%,0.5348,38,✓ Yes,completed
8,331,321,03-17,+24.5%,+6.96%,0.5348,38,✓ Yes,completed
8,331,321,03-17,+24.5%,+6.94%,0.5347,38,✓ Yes,completed
8,331,322,03-17,+24.1%,+6.84%,0.5342,39,✓ Yes,completed
8,331,322,03-17,+24.0%,+6.83%,0.5342,39,✓ Yes,completed
8,331,322,03-17,+24.0%,+6.83%,0.5341,39,✓ Yes,completed
8,331,323,03-17,+23.9%,+6.82%,0.5341,40,✓ Yes,completed
8,331,323,03-17,+23.9%,+6.81%,0.5341,41,✓ Yes,completed
8,331,323,03-17,+23.8%,+6.81%,0.5340,41,✓ Yes,completed
8,331,324,03-17,+23.7%,+6.79%,0.5339,42,✓ Yes,completed
8,331,324,03-17,+23.6%,+6.78%,0.5339,42,✓ Yes,completed
8,331,324,03-17,+23.6%,+6.78%,0.5339,42,✓ Yes,completed
8,331,325,03-17,+23.5%,+6.76%,0.5338,43,✓ Yes,completed
8,331,325,03-17,+23.5%,+6.76%,0.5338,43,✓ Yes,completed
8,331,325,03-17,+23.5%,+6.76%,0.5338,43,✓ Yes,completed
8,331,325,03-17,+23.5%,+6.76%,0.5338,43,✓ Yes,completed
8,331,326,03-17,+23.4%,+6.75%,0.5337,44,✓ Yes,completed
8,331,326,03-17,+23.4%,+6.75%,0.5337,44,✓ Yes,completed
8,331,326,03-17,+23.4%,+6.75%,0.5337,44,✓ Yes,completed
8,331,327,03-17,+23.4%,+6.75%,0.5337,44,✓ Yes,completed
8,331,327,03-17,+23.3%,+6.74%,0.5337,45,✓ Yes,completed
8,331,327,03-17,+23.2%,+6.72%,0.5336,47,✓ Yes,completed
8,331,328,03-17,+23.2%,+6.72%,0.5336,48,✓ Yes,completed
8,331,328,03-17,+23.1%,+6.71%,0.5336,48,✓ Yes,completed
8,331,328,03-17,+23.0%,+6.69%,0.5334,50,✓ Yes,completed
8,331,329,03-17,+23.0%,+6.68%,0.5334,51,✓ Yes,completed
8,331,329,03-17,+23.0%,+6.66%,0.5333,53,✓ Yes,completed
8,331,329,03-17,+22.9%,+6.64%,0.5332,55,✓ Yes,completed
8,331,330,03-17,+22.9%,+6.63%,0.5332,55,✓ Yes,completed
8,331,330,03-17,+22.8%,+6.58%,0.5329,58,✓ Yes,completed
8,331,330,03-17,+22.7%,+6.57%,0.5328,59,✓ Yes,completed
8,331,330,03-17,+22.6%,+6.51%,0.5325,60,✓ Yes,completed
8,331,331,03-17,+22.5%,+6.46%,0.5323,60,✓ Yes,completed
8,330,320,03-18,+24.4%,+6.75%,0.5338,40,✓ Yes,completed
8,330,320,03-18,+24.4%,+6.74%,0.5337,40,✓ Yes,completed
8,330,320,03-18,+24.3%,+6.72%,0.5336,40,✓ Yes,completed
8,330,320,03-18,+24.2%,+6.69%,0.5335,40,✓ Yes,completed
8,330,321,03-18,+24.0%,+6.65%,0.5332,41,✓ Yes,completed
8,330,321,03-18,+23.9%,+6.64%,0.5332,41,✓ Yes,completed
8,330,321,03-18,+23.9%,+6.64%,0.5332,41,✓ Yes,completed
8,330,322,03-18,+23.6%,+6.63%,0.5332,42,✓ Yes,completed
8,330,322,03-18,+23.5%,+6.63%,0.5332,42,✓ Yes,completed
8,330,322,03-18,+23.2%,+6.66%,0.5333,41,✓ Yes,completed
8,330,323,03-18,+23.2%,+6.66%,0.5333,42,✓ Yes,completed
8,330,323,03-18,+23.1%,+6.66%,0.5333,43,✓ Yes,completed
8,330,323,03-18,+23.1%,+6.66%,0.5333,43,✓ Yes,completed
8,330,324,03-18,+22.9%,+6.64%,0.5332,44,✓ Yes,completed
8,330,324,03-18,+22.9%,+6.62%,0.5331,45,✓ Yes,completed
8,330,324,03-18,+22.8%,+6.62%,0.5331,45,✓ Yes,completed
8,330,324,03-18,+22.8%,+6.62%,0.5331,45,✓ Yes,completed
8,330,325,03-18,+22.7%,+6.57%,0.5328,46,✓ Yes,completed
8,330,325,03-18,+22.7%,+6.57%,0.5328,46,✓ Yes,completed
8,330,325,03-18,+22.7%,+6.56%,0.5328,46,✓ Yes,completed
8,330,326,03-18,+22.6%,+6.55%,0.5327,47,✓ Yes,completed
8,330,326,03-18,+22.6%,+6.53%,0.5326,47,✓ Yes,completed
8,330,326,03-18,+22.6%,+6.53%,0.5326,47,✓ Yes,completed
8,330,327,03-18,+22.6%,+6.52%,0.5326,47,✓ Yes,completed
8,330,327,03-18,+22.5%,+6.50%,0.5325,48,✓ Yes,completed
8,330,327,03-18,+22.4%,+6.45%,0.5323,50,✓ Yes,completed
8,330,328,03-18,+22.4%,+6.44%,0.5322,51,✓ Yes,completed
8,330,328,03-18,+22.3%,+6.44%,0.5322,51,✓ Yes,completed
8,330,328,03-18,+22.3%,+6.43%,0.5322,51,✓ Yes,completed
8,330,329,03-18,+22.1%,+6.40%,0.5320,54,✓ Yes,completed
8,330,329,03-18,+22.1%,+6.39%,0.5319,56,✓ Yes,completed
8,330,329,03-18,+22.0%,+6.37%,0.5319,58,✓ Yes,completed
8,330,329,03-18,+22.0%,+6.37%,0.5318,59,✓ Yes,completed
8,330,330,03-18,+22.0%,+6.36%,0.5318,60,✓ Yes,completed
8,331,320,03-18,+23.8%,+6.65%,0.5332,36,✓ Yes,completed
8,331,320,03-18,+23.7%,+6.65%,0.5332,36,✓ Yes,completed
8,331,320,03-18,+23.7%,+6.65%,0.5332,36,✓ Yes,completed
8,331,320,03-18,+23.6%,+6.64%,0.5332,36,✓ Yes,completed
8,331,321,03-18,+23.4%,+6.65%,0.5332,37,✓ Yes,completed
8,331,321,03-18,+23.3%,+6.65%,0.5333,37,✓ Yes,completed
8,331,321,03-18,+23.3%,+6.66%,0.5333,37,✓ Yes,completed
8,331,322,03-18,+23.0%,+6.66%,0.5333,38,✓ Yes,completed
8,331,322,03-18,+22.9%,+6.64%,0.5332,38,✓ Yes,completed
8,331,322,03-18,+22.8%,+6.63%,0.5331,38,✓ Yes,completed
8,331,323,03-18,+22.8%,+6.60%,0.5330,39,✓ Yes,completed
8,331,323,03-18,+22.7%,+6.58%,0.5329,40,✓ Yes,completed
8,331,323,03-18,+22.6%,+6.56%,0.5328,40,✓ Yes,completed
8,331,324,03-18,+22.5%,+6.51%,0.5326,41,✓ Yes,completed
8,331,324,03-18,+22.5%,+6.50%,0.5325,41,✓ Yes,completed
8,331,324,03-18,+22.5%,+6.49%,0.5325,41,✓ Yes,completed
8,331,325,03-18,+22.3%,+6.46%,0.5323,42,✓ Yes,completed
8,331,325,03-18,+22.3%,+6.46%,0.5323,42,✓ Yes,completed
8,331,325,03-18,+22.3%,+6.46%,0.5323,42,✓ Yes,completed
8,331,325,03-18,+22.3%,+6.45%,0.5322,42,✓ Yes,completed
8,331,326,03-18,+22.2%,+6.43%,0.5322,43,✓ Yes,completed
8,331,326,03-18,+22.2%,+6.43%,0.5322,43,✓ Yes,completed
8,331,326,03-18,+22.2%,+6.43%,0.5322,43,✓ Yes,completed
8,331,327,03-18,+22.2%,+6.43%,0.5322,43,✓ Yes,completed
8,331,327,03-18,+22.1%,+6.43%,0.5321,44,✓ Yes,completed
8,331,327,03-18,+22.0%,+6.41%,0.5321,46,✓ Yes,completed
8,331,328,03-18,+22.0%,+6.40%,0.5320,47,✓ Yes,completed
8,331,328,03-18,+22.0%,+6.40%,0.5320,47,✓ Yes,completed
8,331,328,03-18,+21.8%,+6.38%,0.5319,49,✓ Yes,completed
8,331,329,03-18,+21.8%,+6.37%,0.5319,50,✓ Yes,completed
8,331,329,03-18,+21.8%,+6.36%,0.5318,52,✓ Yes,completed
8,331,329,03-18,+21.7%,+6.35%,0.5317,54,✓ Yes,completed
8,331,330,03-18,+21.7%,+6.34%,0.5317,54,✓ Yes,completed
8,331,330,03-18,+21.6%,+6.32%,0.5316,57,✓ Yes,completed
8,331,330,03-18,+21.6%,+6.31%,0.5316,58,✓ Yes,completed
8,331,330,03-18,+21.4%,+6.30%,0.5315,59,✓ Yes,completed
8,331,331,03-18,+21.3%,+6.29%,0.5314,59,✓ Yes,completed
9,330,320,03-17,+25.0%,+40.62%,0.7031,38,✗ No,budget_exceeded
9,330,320,03-17,+25.0%,+40.53%,0.7027,38,✗ No,budget_exceeded
9,330,321,03-17,+24.9%,+7.05%,0.5352,38,✓ Yes,completed
9,330,321,03-17,+24.7%,+7.02%,0.5351,39,✓ Yes,completed
9,330,321,03-17,+24.7%,+7.01%,0.5351,39,✓ Yes,completed
9,330,321,03-17,+24.6%,+7.00%,0.5350,39,✓ Yes,completed
9,330,322,03-17,+24.3%,+6.88%,0.5344,40,✓ Yes,completed
9,330,322,03-17,+24.3%,+6.88%,0.5344,40,✓ Yes,completed
9,330,322,03-17,+24.2%,+6.85%,0.5343,40,✓ Yes,completed
9,330,323,03-17,+24.1%,+6.84%,0.5342,41,✓ Yes,completed
9,330,323,03-17,+24.0%,+6.83%,0.5341,42,✓ Yes,completed
9,330,323,03-17,+24.0%,+6.82%,0.5341,42,✓ Yes,completed
9,330,324,03-17,+23.9%,+6.81%,0.5341,43,✓ Yes,completed
9,330,324,03-17,+23.8%,+6.81%,0.5340,43,✓ Yes,completed
9,330,324,03-17,+23.8%,+6.81%,0.5340,43,✓ Yes,completed
9,330,325,03-17,+23.7%,+6.79%,0.5339,44,✓ Yes,completed
9,330,325,03-17,+23.7%,+6.79%,0.5339,44,✓ Yes,completed
9,330,325,03-17,+23.7%,+6.79%,0.5339,44,✓ Yes,completed
9,330,325,03-17,+23.6%,+6.78%,0.5339,44,✓ Yes,completed
9,330,326,03-17,+23.6%,+6.77%,0.5338,45,✓ Yes,completed
9,330,326,03-17,+23.6%,+6.77%,0.5338,45,✓ Yes,completed
9,330,326,03-17,+23.6%,+6.77%,0.5338,45,✓ Yes,completed
9,330,327,03-17,+23.5%,+6.76%,0.5338,45,✓ Yes,completed
9,330,327,03-17,+23.5%,+6.75%,0.5338,46,✓ Yes,completed
9,330,327,03-17,+23.4%,+6.74%,0.5337,48,✓ Yes,completed
9,330,328,03-17,+23.4%,+6.73%,0.5337,49,✓ Yes,completed
9,330,328,03-17,+23.3%,+6.73%,0.5336,49,✓ Yes,completed
9,330,328,03-17,+23.2%,+6.71%,0.5336,51,✓ Yes,completed
9,330,329,03-17,+23.2%,+6.71%,0.5335,52,✓ Yes,completed
9,330,329,03-17,+23.1%,+6.70%,0.5335,54,✓ Yes,completed
9,330,329,03-17,+23.1%,+6.68%,0.5334,56,✓ Yes,completed
9,330,330,03-17,+23.0%,+6.67%,0.5333,57,✓ Yes,completed
9,330,330,03-17,+22.9%,+6.63%,0.5332,60,✓ Yes,completed
9,330,330,03-17,+22.9%,+6.62%,0.5331,61,✓ Yes,completed
9,330,320,03-18,+24.1%,+6.66%,0.5333,38,✓ Yes,completed
9,330,320,03-18,+24.0%,+6.65%,0.5333,38,✓ Yes,completed
9,330,321,03-18,+23.9%,+6.65%,0.5332,38,✓ Yes,completed
9,330,321,03-18,+23.7%,+6.64%,0.5332,39,✓ Yes,completed
9,330,321,03-18,+23.7%,+6.64%,0.5332,39,✓ Yes,completed
9,330,321,03-18,+23.6%,+6.64%,0.5332,39,✓ Yes,completed
9,330,322,03-18,+23.1%,+6.67%,0.5333,39,✓ Yes,completed
9,330,322,03-18,+23.1%,+6.67%,0.5333,39,✓ Yes,completed
9,330,322,03-18,+23.0%,+6.67%,0.5333,39,✓ Yes,completed
9,330,323,03-18,+23.0%,+6.66%,0.5333,40,✓ Yes,completed
9,330,323,03-18,+22.9%,+6.64%,0.5332,41,✓ Yes,completed
9,330,323,03-18,+22.8%,+6.62%,0.5331,41,✓ Yes,completed
9,330,324,03-18,+22.7%,+6.58%,0.5329,42,✓ Yes,completed
9,330,324,03-18,+22.7%,+6.57%,0.5328,42,✓ Yes,completed
9,330,324,03-18,+22.6%,+6.56%,0.5328,42,✓ Yes,completed
9,330,325,03-18,+22.5%,+6.51%,0.5326,43,✓ Yes,completed
9,330,325,03-18,+22.5%,+6.51%,0.5326,43,✓ Yes,completed
9,330,325,03-18,+22.5%,+6.51%,0.5326,43,✓ Yes,completed
9,330,325,03-18,+22.5%,+6.50%,0.5325,43,✓ Yes,completed
9,330,326,03-18,+22.4%,+6.47%,0.5324,44,✓ Yes,completed
9,330,326,03-18,+22.4%,+6.47%,0.5324,44,✓ Yes,completed
9,330,326,03-18,+22.4%,+6.47%,0.5324,44,✓ Yes,completed
9,330,327,03-18,+22.4%,+6.47%,0.5323,44,✓ Yes,completed
9,330,327,03-18,+22.3%,+6.45%,0.5322,45,✓ Yes,completed
9,330,327,03-18,+22.2%,+6.42%,0.5321,47,✓ Yes,completed
9,330,328,03-18,+22.2%,+6.42%,0.5321,48,✓ Yes,completed
9,330,328,03-18,+22.1%,+6.41%,0.5321,48,✓ Yes,completed
9,330,328,03-18,+22.0%,+6.40%,0.5320,50,✓ Yes,completed
9,330,329,03-18,+22.0%,+6.39%,0.5320,51,✓ Yes,completed
9,330,329,03-18,+22.0%,+6.38%,0.5319,53,✓ Yes,completed
9,330,329,03-18,+21.9%,+6.37%,0.5318,55,✓ Yes,completed
9,330,330,03-18,+21.9%,+6.36%,0.5318,56,✓ Yes,completed
9,330,330,03-18,+21.7%,+6.33%,0.5317,59,✓ Yes,completed
9,330,330,03-18,+21.7%,+6.32%,0.5316,60,✓ Yes,completed
