Iter,θ_p,θ_r,Start,Overhead %,CO₂ Save %,Score,Pauses,Budget,Stop
0,10,0,01-01,+25.0%,+97.46%,0.9873,1,✗ No,budget_exceeded
0,10,10,01-01,+25.0%,+97.46%,0.9873,1,✗ No,budget_exceeded
0,20,0,01-01,+25.0%,+97.46%,0.9873,1,✗ No,budget_exceeded
0,20,20,01-01,+25.0%,+97.46%,0.9873,1,✗ No,budget_exceeded
0,30,0,01-01,+25.0%,+97.46%,0.9873,1,✗ No,budget_exceeded
0,30,15,01-01,+25.0%,+97.46%,0.9873,1,✗ No,budget_exceeded
0,30,30,01-01,+16.0%,+5.13%,0.5257,27,✓ Yes,completed
0,40,0,01-01,+25.0%,+97.23%,0.9861,1,✗ No,budget_exceeded
0,40,13,01-01,+25.0%,+97.23%,0.9861,1,✗ No,budget_exceeded
0,40,27,01-01,+10.4%,+3.38%,0.5169,3,✓ Yes,completed
0,40,40,01-01,+1.4%,+0.78%,0.5039,8,✓ Yes,completed
0,50,0,01-01,+0.0%,+0.00%,0.5000,0,✓ Yes,completed
0,50,13,01-01,+0.0%,+0.00%,0.5000,0,✓ Yes,completed
0,50,25,01-01,+0.0%,+0.00%,0.5000,0,✓ Yes,completed
0,50,38,01-01,+0.0%,+0.00%,0.5000,0,✓ Yes,completed
0,50,50,01-01,+0.0%,+0.00%,0.5000,0,✓ Yes,completed
0,60,0,01-01,+0.0%,+0.00%,0.5000,0,✓ Yes,completed
0,60,12,01-01,+0.0%,+0.00%,0.5000,0,✓ Yes,completed
0,60,24,01-01,+0.0%,+0.00%,0.5000,0,✓ Yes,completed
0,60,36,01-01,+0.0%,+0.00%,0.5000,0,✓ Yes,completed
0,60,48,01-01,+0.0%,+0.00%,0.5000,0,✓ Yes,completed
0,60,60,01-01,+0.0%,+0.00%,0.5000,0,✓ Yes,completed
0,70,0,01-01,+0.0%,+0.00%,0.5000,0,✓ Yes,completed
0,70,12,01-01,+0.0%,+0.00%,0.5000,0,✓ Yes,completed
0,70,23,01-01,+0.0%,+0.00%,0.5000,0,✓ Yes,completed
0,70,35,01-01,+0.0%,+0.00%,0.5000,0,✓ Yes,completed
0,70,47,01-01,+0.0%,+0.00%,0.5000,0,✓ Yes,completed
0,70,58,01-01,+0.0%,+0.00%,0.5000,0,✓ Yes,completed
0,70,70,01-01,+0.0%,+0.00%,0.5000,0,✓ Yes,completed
0,80,0,01-01,+0.0%,+0.00%,0.5000,0,✓ Yes,completed
0,80,11,01-01,+0.0%,+0.00%,0.5000,0,✓ Yes,completed
0,80,23,01-01,+0.0%,+0.00%,0.5000,0,✓ Yes,completed
0,80,34,01-01,+0.0%,+0.00%,0.5000,0,✓ Yes,completed
0,80,46,01-01,+0.0%,+0.00%,0.5000,0,✓ Yes,completed
0,80,57,01-01,+0.0%,+0.00%,0.5000,0,✓ Yes,completed
0,80,69,01-01,+0.0%,+0.00%,0.5000,0,✓ Yes,completed
0,80,80,01-01,+0.0%,+0.00%,0.5000,0,✓ Yes,completed
0,90,0,01-01,+0.0%,+0.00%,0.5000,0,✓ Yes,completed
0,90,11,01-01,+0.0%,+0.00%,0.5000,0,✓ Yes,completed
0,90,23,01-01,+0.0%,+0.00%,0.5000,0,✓ Yes,completed
0,90,34,01-01,+0.0%,+0.00%,0.5000,0,✓ Yes,completed
0,90,45,01-01,+0.0%,+0.00%,0.5000,0,✓ Yes,completed
0,90,56,01-01,+0.0%,+0.00%,0.5000,0,✓ Yes,completed
0,90,68,01-01,+0.0%,+0.00%,0.5000,0,✓ Yes,completed
0,90,79,01-01,+0.0%,+0.00%,0.5000,0,✓ Yes,completed
0,90,90,01-01,+0.0%,+0.00%,0.5000,0,✓ Yes,completed
0,100,0,01-01,+0.0%,+0.00%,0.5000,0,✓ Yes,completed
0,100,11,01-01,+0.0%,+0.00%,0.5000,0,✓ Yes,completed
0,100,22,01-01,+0.0%,+0.00%,0.5000,0,✓ Yes,completed
0,100,33,01-01,+0.0%,+0.00%,0.5000,0,✓ Yes,completed
0,100,44,01-01,+0.0%,+0.00%,0.5000,0,✓ Yes,completed
0,100,56,01-01,+0.0%,+0.00%,0.5000,0,✓ Yes,completed
0,100,67,01-01,+0.0%,+0.00%,0.5000,0,✓ Yes,completed
0,100,78,01-01,+0.0%,+0.00%,0.5000,0,✓ Yes,completed
0,100,89,01-01,+0.0%,+0.00%,0.5000,0,✓ Yes,completed
0,100,100,01-01,+0.0%,+0.00%,0.5000,0,✓ Yes,completed
0,10,0,03-03,+25.0%,+97.79%,0.9890,1,✗ No,budget_exceeded
0,10,10,03-03,+25.0%,+97.79%,0.9890,1,✗ No,budget_exceeded
0,20,0,03-03,+25.0%,+97.79%,0.9890,1,✗ No,budget_exceeded
0,20,20,03-03,+25.0%,+97.79%,0.9890,1,✗ No,budget_exceeded
0,30,0,03-03,+25.0%,+88.28%,0.9414,1,✗ No,budget_exceeded
0,30,15,03-03,+25.0%,+88.28%,0.9414,1,✗ No,budget_exceeded
0,30,30,03-03,+23.9%,+3.68%,0.5184,69,✓ Yes,completed
0,40,0,03-03,+25.0%,+46.58%,0.7329,1,✗ No,budget_exceeded
0,40,13,03-03,+25.0%,+46.58%,0.7329,1,✗ No,budget_exceeded
0,40,27,03-03,+1.5%,+0.33%,0.5017,4,✓ Yes,completed
0,40,40,03-03,+0.7%,+0.11%,0.5006,4,✓ Yes,completed
0,50,0,03-03,+0.0%,+0.00%,0.5000,0,✓ Yes,completed
0,50,13,03-03,+0.0%,+0.00%,0.5000,0,✓ Yes,completed
0,50,25,03-03,+0.0%,+0.00%,0.5000,0,✓ Yes,completed
0,50,38,03-03,+0.0%,+0.00%,0.5000,0,✓ Yes,completed
0,50,50,03-03,+0.0%,+0.00%,0.5000,0,✓ Yes,completed
0,60,0,03-03,+0.0%,+0.00%,0.5000,0,✓ Yes,completed
0,60,12,03-03,+0.0%,+0.00%,0.5000,0,✓ Yes,completed
0,60,24,03-03,+0.0%,+0.00%,0.5000,0,✓ Yes,completed
0,60,36,03-03,+0.0%,+0.00%,0.5000,0,✓ Yes,completed
0,60,48,03-03,+0.0%,+0.00%,0.5000,0,✓ Yes,completed
0,60,60,03-03,+0.0%,+0.00%,0.5000,0,✓ Yes,completed
0,70,0,03-03,+0.0%,+0.00%,0.5000,0,✓ Yes,completed
0,70,12,03-03,+0.0%,+0.00%,0.5000,0,✓ Yes,completed
0,70,23,03-03,+0.0%,+0.00%,0.5000,0,✓ Yes,completed
0,70,35,03-03,+0.0%,+0.00%,0.5000,0,✓ Yes,completed
0,70,47,03-03,+0.0%,+0.00%,0.5000,0,✓ Yes,completed
0,70,58,03-03,+0.0%,+0.00%,0.5000,0,✓ Yes,completed
0,70,70,03-03,+0.0%,+0.00%,0.5000,0,✓ Yes,completed
0,80,0,03-03,+0.0%,+0.00%,0.5000,0,✓ Yes,completed
0,80,11,03-03,+0.0%,+0.00%,0.5000,0,✓ Yes,completed
0,80,23,03-03,+0.0%,+0.00%,0.5000,0,✓ Yes,completed
0,80,34,03-03,+0.0%,+0.00%,0.5000,0,✓ Yes,completed
0,80,46,03-03,+0.0%,+0.00%,0.5000,0,✓ Yes,completed
0,80,57,03-03,+0.0%,+0.00%,0.5000,0,✓ Yes,completed
0,80,69,03-03,+0.0%,+0.00%,0.5000,0,✓ Yes,completed
0,80,80,03-03,+0.0%,+0.00%,0.5000,0,✓ Yes,completed
0,90,0,03-03,+0.0%,+0.00%,0.5000,0,✓ Yes,completed
0,90,11,03-03,+0.0%,+0.00%,0.5000,0,✓ Yes,completed
0,90,23,03-03,+0.0%,+0.00%,0.5000,0,✓ Yes,completed
0,90,34,03-03,+0.0%,+0.00%,0.5000,0,✓ Yes,completed
0,90,45,03-03,+0.0%,+0.00%,0.5000,0,✓ Yes,completed
0,90,56,03-03,+0.0%,+0.00%,0.5000,0,✓ Yes,completed
0,90,68,03-03,+0.0%,+0.00%,0.5000,0,✓ Yes,completed
0,90,79,03-03,+0.0%,+0.00%,0.5000,0,✓ Yes,completed
0,90,90,03-03,+0.0%,+0.00%,0.5000,0,✓ Yes,completed
0,100,0,03-03,+0.0%,+0.00%,0.5000,0,✓ Yes,completed
0,100,11,03-03,+0.0%,+0.00%,0.5000,0,✓ Yes,completed
0,100,22,03-03,+0.0%,+0.00%,0.5000,0,✓ Yes,completed
0,100,33,03-03,+0.0%,+0.00%,0.5000,0,✓ Yes,completed
0,100,44,03-03,+0.0%,+0.00%,0.5000,0,✓ Yes,completed
0,100,56,03-03,+0.0%,+0.00%,0.5000,0,✓ Yes,completed
0,100,67,03-03,+0.0%,+0.00%,0.5000,0,✓ Yes,completed
0,100,78,03-03,+0.0%,+0.00%,0.5000,0,✓ Yes,completed
0,100,89,03-03,+0.0%,+0.00%,0.5000,0,✓ Yes,completed
0,100,100,03-03,+0.0%,+0.00%,0.5000,0,✓ Yes,completed
0,10,0,05-03,+25.0%,+97.57%,0.9878,1,✗ No,budget_exceeded
0,10,10,05-03,+25.0%,+97.57%,0.9878,1,✗ No,budget_exceeded
0,20,0,05-03,+25.0%,+97.57%,0.9878,1,✗ No,budget_exceeded
0,20,20,05-03,+25.0%,+89.77%,0.9489,13,✗ No,budget_exceeded
0,30,0,05-03,+25.0%,+97.09%,0.9854,1,✗ No,budget_exceeded
0,30,15,05-03,+25.0%,+97.09%,0.9854,1,✗ No,budget_exceeded
0,30,30,05-03,+9.8%,+4.67%,0.5233,36,✓ Yes,completed
0,40,0,05-03,+0.0%,+0.00%,0.5000,0,✓ Yes,completed
0,40,13,05-03,+0.0%,+0.00%,0.5000,0,✓ Yes,completed
0,40,27,05-03,+0.0%,+0.00%,0.5000,0,✓ Yes,completed
0,40,40,05-03,+0.0%,+0.00%,0.5000,0,✓ Yes,completed
0,50,0,05-03,+0.0%,+0.00%,0.5000,0,✓ Yes,completed
0,50,13,05-03,+0.0%,+0.00%,0.5000,0,✓ Yes,completed
0,50,25,05-03,+0.0%,+0.00%,0.5000,0,✓ Yes,completed
0,50,38,05-03,+0.0%,+0.00%,0.5000,0,✓ Yes,completed
0,50,50,05-03,+0.0%,+0.00%,0.5000,0,✓ Yes,completed
0,60,0,05-03,+0.0%,+0.00%,0.5000,0,✓ Yes,completed
0,60,12,05-03,+0.0%,+0.00%,0.5000,0,✓ Yes,completed
0,60,24,05-03,+0.0%,+0.00%,0.5000,0,✓ Yes,completed
0,60,36,05-03,+0.0%,+0.00%,0.5000,0,✓ Yes,completed
0,60,48,05-03,+0.0%,+0.00%,0.5000,0,✓ Yes,completed
0,60,60,05-03,+0.0%,+0.00%,0.5000,0,✓ Yes,completed
0,70,0,05-03,+0.0%,+0.00%,0.5000,0,✓ Yes,completed
0,70,12,05-03,+0.0%,+0.00%,0.5000,0,✓ Yes,completed
0,70,23,05-03,+0.0%,+0.00%,0.5000,0,✓ Yes,completed
0,70,35,05-03,+0.0%,+0.00%,0.5000,0,✓ Yes,completed
0,70,47,05-03,+0.0%,+0.00%,0.5000,0,✓ Yes,completed
0,70,58,05-03,+0.0%,+0.00%,0.5000,0,✓ Yes,completed
0,70,70,05-03,+0.0%,+0.00%,0.5000,0,✓ Yes,completed
0,80,0,05-03,+0.0%,+0.00%,0.5000,0,✓ Yes,completed
0,80,11,05-03,+0.0%,+0.00%,0.5000,0,✓ Yes,completed
0,80,23,05-03,+0.0%,+0.00%,0.5000,0,✓ Yes,completed
0,80,34,05-03,+0.0%,+0.00%,0.5000,0,✓ Yes,completed
0,80,46,05-03,+0.0%,+0.00%,0.5000,0,✓ Yes,completed
0,80,57,05-03,+0.0%,+0.00%,0.5000,0,✓ Yes,completed
0,80,69,05-03,+0.0%,+0.00%,0.5000,0,✓ Yes,completed
0,80,80,05-03,+0.0%,+0.00%,0.5000,0,✓ Yes,completed
0,90,0,05-03,+0.0%,+0.00%,0.5000,0,✓ Yes,completed
0,90,11,05-03,+0.0%,+0.00%,0.5000,0,✓ Yes,completed
0,90,23,05-03,+0.0%,+0.00%,0.5000,0,✓ Yes,completed
0,90,34,05-03,+0.0%,+0.00%,0.5000,0,✓ Yes,completed
0,90,45,05-03,+0.0%,+0.00%,0.5000,0,✓ Yes,completed
0,90,56,05-03,+0.0%,+0.00%,0.5000,0,✓ Yes,completed
0,90,68,05-03,+0.0%,+0.00%,0.5000,0,✓ Yes,completed
0,90,79,05-03,+0.0%,+0.00%,0.5000,0,✓ Yes,completed
0,90,90,05-03,+0.0%,+0.00%,0.5000,0,✓ Yes,completed
0,100,0,05-03,+0.0%,+0.00%,0.5000,0,✓ Yes,completed
0,100,11,05-03,+0.0%,+0.00%,0.5000,0,✓ Yes,completed
0,100,22,05-03,+0.0%,+0.00%,0.5000,0,✓ Yes,completed
0,100,33,05-03,+0.0%,+0.00%,0.5000,0,✓ Yes,completed
0,100,44,05-03,+0.0%,+0.00%,0.5000,0,✓ Yes,completed
0,100,56,05-03,+0.0%,+0.00%,0.5000,0,✓ Yes,completed
0,100,67,05-03,+0.0%,+0.00%,0.5000,0,✓ Yes,completed
0,100,78,05-03,+0.0%,+0.00%,0.5000,0,✓ Yes,completed
0,100,89,05-03,+0.0%,+0.00%,0.5000,0,✓ Yes,completed
0,100,100,05-03,+0.0%,+0.00%,0.5000,0,✓ Yes,completed
0,10,0,07-03,+25.0%,+97.77%,0.9889,1,✗ No,budget_exceeded
0,10,10,07-03,+25.0%,+97.77%,0.9889,1,✗ No,budget_exceeded
0,20,0,07-03,+25.0%,+97.18%,0.9859,1,✗ No,budget_exceeded
0,20,20,07-03,+25.0%,+25.72%,0.6286,56,✗ No,budget_exceeded
0,30,0,07-03,+25.0%,+85.31%,0.9265,1,✗ No,budget_exceeded
0,30,15,07-03,+25.0%,+85.31%,0.9265,1,✗ No,budget_exceeded
0,30,30,07-03,+0.5%,+0.14%,0.5007,3,✓ Yes,completed
0,40,0,07-03,+0.0%,+0.00%,0.5000,0,✓ Yes,completed
0,40,13,07-03,+0.0%,+0.00%,0.5000,0,✓ Yes,completed
0,40,27,07-03,+0.0%,+0.00%,0.5000,0,✓ Yes,completed
0,40,40,07-03,+0.0%,+0.00%,0.5000,0,✓ Yes,completed
0,50,0,07-03,+0.0%,+0.00%,0.5000,0,✓ Yes,completed
0,50,13,07-03,+0.0%,+0.00%,0.5000,0,✓ Yes,completed
0,50,25,07-03,+0.0%,+0.00%,0.5000,0,✓ Yes,completed
0,50,38,07-03,+0.0%,+0.00%,0.5000,0,✓ Yes,completed
0,50,50,07-03,+0.0%,+0.00%,0.5000,0,✓ Yes,completed
0,60,0,07-03,+0.0%,+0.00%,0.5000,0,✓ Yes,completed
0,60,12,07-03,+0.0%,+0.00%,0.5000,0,✓ Yes,completed
0,60,24,07-03,+0.0%,+0.00%,0.5000,0,✓ Yes,completed
0,60,36,07-03,+0.0%,+0.00%,0.5000,0,✓ Yes,completed
0,60,48,07-03,+0.0%,+0.00%,0.5000,0,✓ Yes,completed
0,60,60,07-03,+0.0%,+0.00%,0.5000,0,✓ Yes,completed
0,70,0,07-03,+0.0%,+0.00%,0.5000,0,✓ Yes,completed
0,70,12,07-03,+0.0%,+0.00%,0.5000,0,✓ Yes,completed
0,70,23,07-03,+0.0%,+0.00%,0.5000,0,✓ Yes,completed
0,70,35,07-03,+0.0%,+0.00%,0.5000,0,✓ Yes,completed
0,70,47,07-03,+0.0%,+0.00%,0.5000,0,✓ Yes,completed
0,70,58,07-03,+0.0%,+0.00%,0.5000,0,✓ Yes,completed
0,70,70,07-03,+0.0%,+0.00%,0.5000,0,✓ Yes,completed
0,80,0,07-03,+0.0%,+0.00%,0.5000,0,✓ Yes,completed
0,80,11,07-03,+0.0%,+0.00%,0.5000,0,✓ Yes,completed
0,80,23,07-03,+0.0%,+0.00%,0.5000,0,✓ Yes,completed
0,80,34,07-03,+0.0%,+0.00%,0.5000,0,✓ Yes,completed
0,80,46,07-03,+0.0%,+0.00%,0.5000,0,✓ Yes,completed
0,80,57,07-03,+0.0%,+0.00%,0.5000,0,✓ Yes,completed
0,80,69,07-03,+0.0%,+0.00%,0.5000,0,✓ Yes,completed
0,80,80,07-03,+0.0%,+0.00%,0.5000,0,✓ Yes,completed
0,90,0,07-03,+0.0%,+0.00%,0.5000,0,✓ Yes,completed
0,90,11,07-03,+0.0%,+0.00%,0.5000,0,✓ Yes,completed
0,90,23,07-03,+0.0%,+0.00%,0.5000,0,✓ Yes,completed
0,90,34,07-03,+0.0%,+0.00%,0.5000,0,✓ Yes,completed
0,90,45,07-03,+0.0%,+0.00%,0.5000,0,✓ Yes,completed
0,90,56,07-03,+0.0%,+0.00%,0.5000,0,✓ Yes,completed
0,90,68,07-03,+0.0%,+0.00%,0.5000,0,✓ Yes,completed
0,90,79,07-03,+0.0%,+0.00%,0.5000,0,✓ Yes,completed
0,90,90,07-03,+0.0%,+0.00%,0.5000,0,✓ Yes,completed
0,100,0,07-03,+0.0%,+0.00%,0.5000,0,✓ Yes,completed
0,100,11,07-03,+0.0%,+0.00%,0.5000,0,✓ Yes,completed
0,100,22,07-03,+0.0%,+0.00%,0.5000,0,✓ Yes,completed
0,100,33,07-03,+0.0%,+0.00%,0.5000,0,✓ Yes,completed
0,100,44,07-03,+0.0%,+0.00%,0.5000,0,✓ Yes,completed
0,100,56,07-03,+0.0%,+0.00%,0.5000,0,✓ Yes,completed
0,100,67,07-03,+0.0%,+0.00%,0.5000,0,✓ Yes,completed
0,100,78,07-03,+0.0%,+0.00%,0.5000,0,✓ Yes,completed
0,100,89,07-03,+0.0%,+0.00%,0.5000,0,✓ Yes,completed
0,100,100,07-03,+0.0%,+0.00%,0.5000,0,✓ Yes,completed
0,10,0,09-02,+25.0%,+97.69%,0.9885,1,✗ No,budget_exceeded
0,10,10,09-02,+25.0%,+97.69%,0.9885,1,✗ No,budget_exceeded
0,20,0,09-02,+25.0%,+97.67%,0.9884,1,✗ No,budget_exceeded
0,20,20,09-02,+25.0%,+20.94%,0.6047,55,✗ No,budget_exceeded
0,30,0,09-02,+25.0%,+87.22%,0.9361,1,✗ No,budget_exceeded
0,30,15,09-02,+25.0%,+10.05%,0.5502,2,✗ No,budget_exceeded
0,30,30,09-02,+0.3%,+0.12%,0.5006,3,✓ Yes,completed
0,40,0,09-02,+0.0%,+0.00%,0.5000,0,✓ Yes,completed
0,40,13,09-02,+0.0%,+0.00%,0.5000,0,✓ Yes,completed
0,40,27,09-02,+0.0%,+0.00%,0.5000,0,✓ Yes,completed
0,40,40,09-02,+0.0%,+0.00%,0.5000,0,✓ Yes,completed
0,50,0,09-02,+0.0%,+0.00%,0.5000,0,✓ Yes,completed
0,50,13,09-02,+0.0%,+0.00%,0.5000,0,✓ Yes,completed
0,50,25,09-02,+0.0%,+0.00%,0.5000,0,✓ Yes,completed
0,50,38,09-02,+0.0%,+0.00%,0.5000,0,✓ Yes,completed
0,50,50,09-02,+0.0%,+0.00%,0.5000,0,✓ Yes,completed
0,60,0,09-02,+0.0%,+0.00%,0.5000,0,✓ Yes,completed
0,60,12,09-02,+0.0%,+0.00%,0.5000,0,✓ Yes,completed
0,60,24,09-02,+0.0%,+0.00%,0.5000,0,✓ Yes,completed
0,60,36,09-02,+0.0%,+0.00%,0.5000,0,✓ Yes,completed
0,60,48,09-02,+0.0%,+0.00%,0.5000,0,✓ Yes,completed
0,60,60,09-02,+0.0%,+0.00%,0.5000,0,✓ Yes,completed
0,70,0,09-02,+0.0%,+0.00%,0.5000,0,✓ Yes,completed
0,70,12,09-02,+0.0%,+0.00%,0.5000,0,✓ Yes,completed
0,70,23,09-02,+0.0%,+0.00%,0.5000,0,✓ Yes,completed
0,70,35,09-02,+0.0%,+0.00%,0.5000,0,✓ Yes,completed
0,70,47,09-02,+0.0%,+0.00%,0.5000,0,✓ Yes,completed
0,70,58,09-02,+0.0%,+0.00%,0.5000,0,✓ Yes,completed
0,70,70,09-02,+0.0%,+0.00%,0.5000,0,✓ Yes,completed
0,80,0,09-02,+0.0%,+0.00%,0.5000,0,✓ Yes,completed
0,80,11,09-02,+0.0%,+0.00%,0.5000,0,✓ Yes,completed
0,80,23,09-02,+0.0%,+0.00%,0.5000,0,✓ Yes,completed
0,80,34,09-02,+0.0%,+0.00%,0.5000,0,✓ Yes,completed
0,80,46,09-02,+0.0%,+0.00%,0.5000,0,✓ Yes,completed
0,80,57,09-02,+0.0%,+0.00%,0.5000,0,✓ Yes,completed
0,80,69,09-02,+0.0%,+0.00%,0.5000,0,✓ Yes,completed
0,80,80,09-02,+0.0%,+0.00%,0.5000,0,✓ Yes,completed
0,90,0,09-02,+0.0%,+0.00%,0.5000,0,✓ Yes,completed
0,90,11,09-02,+0.0%,+0.00%,0.5000,0,✓ Yes,completed
0,90,23,09-02,+0.0%,+0.00%,0.5000,0,✓ Yes,completed
0,90,34,09-02,+0.0%,+0.00%,0.5000,0,✓ Yes,completed
0,90,45,09-02,+0.0%,+0.00%,0.5000,0,✓ Yes,completed
0,90,56,09-02,+0.0%,+0.00%,0.5000,0,✓ Yes,completed
0,90,68,09-02,+0.0%,+0.00%,0.5000,0,✓ Yes,completed
0,90,79,09-02,+0.0%,+0.00%,0.5000,0,✓ Yes,completed
0,90,90,09-02,+0.0%,+0.00%,0.5000,0,✓ Yes,completed
0,100,0,09-02,+0.0%,+0.00%,0.5000,0,✓ Yes,completed
0,100,11,09-02,+0.0%,+0.00%,0.5000,0,✓ Yes,completed
0,100,22,09-02,+0.0%,+0.00%,0.5000,0,✓ Yes,completed
0,100,33,09-02,+0.0%,+0.00%,0.5000,0,✓ Yes,completed
0,100,44,09-02,+0.0%,+0.00%,0.5000,0,✓ Yes,completed
0,100,56,09-02,+0.0%,+0.00%,0.5000,0,✓ Yes,completed
0,100,67,09-02,+0.0%,+0.00%,0.5000,0,✓ Yes,completed
0,100,78,09-02,+0.0%,+0.00%,0.5000,0,✓ Yes,completed
0,100,89,09-02,+0.0%,+0.00%,0.5000,0,✓ Yes,completed
0,100,100,09-02,+0.0%,+0.00%,0.5000,0,✓ Yes,completed
0,10,0,11-02,+25.0%,+98.33%,0.9917,1,✗ No,budget_exceeded
0,10,10,11-02,+25.0%,+98.33%,0.9917,1,✗ No,budget_exceeded
0,20,0,11-02,+25.0%,+98.22%,0.9911,1,✗ No,budget_exceeded
0,20,20,11-02,+25.0%,+89.98%,0.9499,19,✗ No,budget_exceeded
0,30,0,11-02,+25.0%,+73.84%,0.8692,1,✗ No,budget_exceeded
0,30,15,11-02,+25.0%,+73.84%,0.8692,1,✗ No,budget_exceeded
0,30,30,11-02,+25.0%,+22.87%,0.6144,57,✗ No,budget_exceeded
0,40,0,11-02,+25.0%,+71.84%,0.8592,1,✗ No,budget_exceeded
0,40,13,11-02,+25.0%,+71.84%,0.8592,1,✗ No,budget_exceeded
0,40,27,11-02,+6.6%,+1.19%,0.5060,3,✓ Yes,completed
0,40,40,11-02,+1.5%,+0.56%,0.5028,5,✓ Yes,completed
0,50,0,11-02,+0.0%,+0.00%,0.5000,0,✓ Yes,completed
0,50,13,11-02,+0.0%,+0.00%,0.5000,0,✓ Yes,completed
0,50,25,11-02,+0.0%,+0.00%,0.5000,0,✓ Yes,completed
0,50,38,11-02,+0.0%,+0.00%,0.5000,0,✓ Yes,completed
0,50,50,11-02,+0.0%,+0.00%,0.5000,0,✓ Yes,completed
0,60,0,11-02,+0.0%,+0.00%,0.5000,0,✓ Yes,completed
0,60,12,11-02,+0.0%,+0.00%,0.5000,0,✓ Yes,completed
0,60,24,11-02,+0.0%,+0.00%,0.5000,0,✓ Yes,completed
0,60,36,11-02,+0.0%,+0.00%,0.5000,0,✓ Yes,completed
0,60,48,11-02,+0.0%,+0.00%,0.5000,0,✓ Yes,completed
0,60,60,11-02,+0.0%,+0.00%,0.5000,0,✓ Yes,completed
0,70,0,11-02,+0.0%,+0.00%,0.5000,0,✓ Yes,completed
0,70,12,11-02,+0.0%,+0.00%,0.5000,0,✓ Yes,completed
0,70,23,11-02,+0.0%,+0.00%,0.5000,0,✓ Yes,completed
0,70,35,11-02,+0.0%,+0.00%,0.5000,0,✓ Yes,completed
0,70,47,11-02,+0.0%,+0.00%,0.5000,0,✓ Yes,completed
0,70,58,11-02,+0.0%,+0.00%,0.5000,0,✓ Yes,completed
0,70,70,11-02,+0.0%,+0.00%,0.5000,0,✓ Yes,completed
0,80,0,11-02,+0.0%,+0.00%,0.5000,0,✓ Yes,completed
0,80,11,11-02,+0.0%,+0.00%,0.5000,0,✓ Yes,completed
0,80,23,11-02,+0.0%,+0.00%,0.5000,0,✓ Yes,completed
0,80,34,11-02,+0.0%,+0.00%,0.5000,0,✓ Yes,completed
0,80,46,11-02,+0.0%,+0.00%,0.5000,0,✓ Yes,completed
0,80,57,11-02,+0.0%,+0.00%,0.5000,0,✓ Yes,completed
0,80,69,11-02,+0.0%,+0.00%,0.5000,0,✓ Yes,completed
0,80,80,11-02,+0.0%,+0.00%,0.5000,0,✓ Yes,completed
0,90,0,11-02,+0.0%,+0.00%,0.5000,0,✓ Yes,completed
0,90,11,11-02,+0.0%,+0.00%,0.5000,0,✓ Yes,completed
0,90,23,11-02,+0.0%,+0.00%,0.5000,0,✓ Yes,completed
0,90,34,11-02,+0.0%,+0.00%,0.5000,0,✓ Yes,completed
0,90,45,11-02,+0.0%,+0.00%,0.5000,0,✓ Yes,completed
0,90,56,11-02,+0.0%,+0.00%,0.5000,0,✓ Yes,completed
0,90,68,11-02,+0.0%,+0.00%,0.5000,0,✓ Yes,completed
0,90,79,11-02,+0.0%,+0.00%,0.5000,0,✓ Yes,completed
0,90,90,11-02,+0.0%,+0.00%,0.5000,0,✓ Yes,completed
0,100,0,11-02,+0.0%,+0.00%,0.5000,0,✓ Yes,completed
0,100,11,11-02,+0.0%,+0.00%,0.5000,0,✓ Yes,completed
0,100,22,11-02,+0.0%,+0.00%,0.5000,0,✓ Yes,completed
0,100,33,11-02,+0.0%,+0.00%,0.5000,0,✓ Yes,completed
0,100,44,11-02,+0.0%,+0.00%,0.5000,0,✓ Yes,completed
0,100,56,11-02,+0.0%,+0.00%,0.5000,0,✓ Yes,completed
0,100,67,11-02,+0.0%,+0.00%,0.5000,0,✓ Yes,completed
0,100,78,11-02,+0.0%,+0.00%,0.5000,0,✓ Yes,completed
0,100,89,11-02,+0.0%,+0.00%,0.5000,0,✓ Yes,completed
0,100,100,11-02,+0.0%,+0.00%,0.5000,0,✓ Yes,completed
0,10,0,12-31,+25.0%,+97.44%,0.9872,1,✗ No,budget_exceeded
0,10,10,12-31,+25.0%,+97.44%,0.9872,1,✗ No,budget_exceeded
0,20,0,12-31,+25.0%,+97.44%,0.9872,1,✗ No,budget_exceeded
0,20,20,12-31,+25.0%,+97.44%,0.9872,1,✗ No,budget_exceeded
0,30,0,12-31,+25.0%,+97.44%,0.9872,1,✗ No,budget_exceeded
0,30,15,12-31,+25.0%,+97.44%,0.9872,1,✗ No,budget_exceeded
0,30,30,12-31,+17.5%,+5.46%,0.5273,28,✓ Yes,completed
0,40,0,12-31,+25.0%,+95.07%,0.9753,1,✗ No,budget_exceeded
0,40,13,12-31,+25.0%,+95.07%,0.9753,1,✗ No,budget_exceeded
0,40,27,12-31,+10.4%,+3.31%,0.5165,3,✓ Yes,completed
0,40,40,12-31,+1.4%,+0.75%,0.5038,8,✓ Yes,completed
0,50,0,12-31,+0.0%,+0.00%,0.5000,0,✓ Yes,completed
0,50,13,12-31,+0.0%,+0.00%,0.5000,0,✓ Yes,completed
0,50,25,12-31,+0.0%,+0.00%,0.5000,0,✓ Yes,completed
0,50,38,12-31,+0.0%,+0.00%,0.5000,0,✓ Yes,completed
0,50,50,12-31,+0.0%,+0.00%,0.5000,0,✓ Yes,completed
0,60,0,12-31,+0.0%,+0.00%,0.5000,0,✓ Yes,completed
0,60,12,12-31,+0.0%,+0.00%,0.5000,0,✓ Yes,completed
0,60,24,12-31,+0.0%,+0.00%,0.5000,0,✓ Yes,completed
0,60,36,12-31,+0.0%,+0.00%,0.5000,0,✓ Yes,completed
0,60,48,12-31,+0.0%,+0.00%,0.5000,0,✓ Yes,completed
0,60,60,12-31,+0.0%,+0.00%,0.5000,0,✓ Yes,completed
0,70,0,12-31,+0.0%,+0.00%,0.5000,0,✓ Yes,completed
0,70,12,12-31,+0.0%,+0.00%,0.5000,0,✓ Yes,completed
0,70,23,12-31,+0.0%,+0.00%,0.5000,0,✓ Yes,completed
0,70,35,12-31,+0.0%,+0.00%,0.5000,0,✓ Yes,completed
0,70,47,12-31,+0.0%,+0.00%,0.5000,0,✓ Yes,completed
0,70,58,12-31,+0.0%,+0.00%,0.5000,0,✓ Yes,completed
0,70,70,12-31,+0.0%,+0.00%,0.5000,0,✓ Yes,completed
0,80,0,12-31,+0.0%,+0.00%,0.5000,0,✓ Yes,completed
0,80,11,12-31,+0.0%,+0.00%,0.5000,0,✓ Yes,completed
0,80,23,12-31,+0.0%,+0.00%,0.5000,0,✓ Yes,completed
0,80,34,12-31,+0.0%,+0.00%,0.5000,0,✓ Yes,completed
0,80,46,12-31,+0.0%,+0.00%,0.5000,0,✓ Yes,completed
0,80,57,12-31,+0.0%,+0.00%,0.5000,0,✓ Yes,completed
0,80,69,12-31,+0.0%,+0.00%,0.5000,0,✓ Yes,completed
0,80,80,12-31,+0.0%,+0.00%,0.5000,0,✓ Yes,completed
0,90,0,12-31,+0.0%,+0.00%,0.5000,0,✓ Yes,completed
0,90,11,12-31,+0.0%,+0.00%,0.5000,0,✓ Yes,completed
0,90,23,12-31,+0.0%,+0.00%,0.5000,0,✓ Yes,completed
0,90,34,12-31,+0.0%,+0.00%,0.5000,0,✓ Yes,completed
0,90,45,12-31,+0.0%,+0.00%,0.5000,0,✓ Yes,completed
0,90,56,12-31,+0.0%,+0.00%,0.5000,0,✓ Yes,completed
0,90,68,12-31,+0.0%,+0.00%,0.5000,0,✓ Yes,completed
0,90,79,12-31,+0.0%,+0.00%,0.5000,0,✓ Yes,completed
0,90,90,12-31,+0.0%,+0.00%,0.5000,0,✓ Yes,completed
0,100,0,12-31,+0.0%,+0.00%,0.5000,0,✓ Yes,completed
0,100,11,12-31,+0.0%,+0.00%,0.5000,0,✓ Yes,completed
0,100,22,12-31,+0.0%,+0.00%,0.5000,0,✓ Yes,completed
0,100,33,12-31,+0.0%,+0.00%,0.5000,0,✓ Yes,completed
0,100,44,12-31,+0.0%,+0.00%,0.5000,0,✓ Yes,completed
0,100,56,12-31,+0.0%,+0.00%,0.5000,0,✓ Yes,completed
0,100,67,12-31,+0.0%,+0.00%,0.5000,0,✓ Yes,completed
0,100,78,12-31,+0.0%,+0.00%,0.5000,0,✓ Yes,completed
0,100,89,12-31,+0.0%,+0.00%,0.5000,0,✓ Yes,completed
0,100,100,12-31,+0.0%,+0.00%,0.5000,0,✓ Yes,completed
1,10,10,10-10,+25.0%,+98.22%,0.9911,1,✗ No,budget_exceeded
1,10,10,10-10,+25.0%,+98.22%,0.9911,1,✗ No,budget_exceeded
1,14,10,10-10,+25.0%,+98.22%,0.9911,1,✗ No,budget_exceeded
1,14,14,10-10,+25.0%,+98.19%,0.9910,3,✗ No,budget_exceeded
1,19,10,10-10,+25.0%,+94.96%,0.9748,1,✗ No,budget_exceeded
1,19,19,10-10,+25.0%,+78.27%,0.8914,52,✗ No,budget_exceeded
1,23,10,10-10,+25.0%,+92.19%,0.9609,1,✗ No,budget_exceeded
1,23,17,10-10,+25.0%,+75.86%,0.8793,4,✗ No,budget_exceeded
1,23,23,10-10,+25.0%,+36.05%,0.6802,39,✗ No,budget_exceeded
1,28,10,10-10,+25.0%,+67.42%,0.8371,1,✗ No,budget_exceeded
1,28,16,10-10,+25.0%,+67.42%,0.8371,1,✗ No,budget_exceeded
1,28,22,10-10,+25.0%,+28.93%,0.6446,5,✗ No,budget_exceeded
1,28,28,10-10,+25.0%,+8.12%,0.5406,42,✗ No,budget_exceeded
1,32,10,10-10,+25.0%,+31.45%,0.6573,1,✗ No,budget_exceeded
1,32,14,10-10,+25.0%,+31.45%,0.6573,1,✗ No,budget_exceeded
1,32,19,10-10,+25.0%,+31.45%,0.6573,1,✗ No,budget_exceeded
1,32,23,10-10,+25.0%,+4.28%,0.5214,5,✗ No,budget_exceeded
1,32,28,10-10,+9.3%,-0.54%,0.4973,9,✓ Yes,completed
1,32,32,10-10,+6.0%,-0.38%,0.4981,10,✓ Yes,completed
1,37,10,10-10,+25.0%,+29.28%,0.6464,1,✗ No,budget_exceeded
1,37,14,10-10,+25.0%,+29.28%,0.6464,1,✗ No,budget_exceeded
1,37,19,10-10,+25.0%,+29.28%,0.6464,1,✗ No,budget_exceeded
1,37,23,10-10,+11.2%,-1.20%,0.4940,2,✓ Yes,completed
1,37,28,10-10,+5.1%,-0.51%,0.4975,2,✓ Yes,completed
1,37,32,10-10,+0.6%,+0.12%,0.5006,1,✓ Yes,completed
1,37,37,10-10,+0.5%,+0.13%,0.5006,1,✓ Yes,completed
1,41,10,10-10,+25.0%,+29.15%,0.6458,1,✗ No,budget_exceeded
1,41,14,10-10,+25.0%,+29.15%,0.6458,1,✗ No,budget_exceeded
1,41,19,10-10,+25.0%,+29.15%,0.6458,1,✗ No,budget_exceeded
1,41,23,10-10,+1.3%,-0.17%,0.4991,1,✓ Yes,completed
1,41,28,10-10,+1.0%,-0.06%,0.4997,1,✓ Yes,completed
1,41,32,10-10,+0.5%,+0.12%,0.5006,1,✓ Yes,completed
1,41,37,10-10,+0.5%,+0.12%,0.5006,1,✓ Yes,completed
1,41,41,10-10,+0.2%,+0.05%,0.5003,1,✓ Yes,completed
1,46,10,10-10,+0.0%,+0.00%,0.5000,0,✓ Yes,completed
1,46,14,10-10,+0.0%,+0.00%,0.5000,0,✓ Yes,completed
1,46,19,10-10,+0.0%,+0.00%,0.5000,0,✓ Yes,completed
1,46,23,10-10,+0.0%,+0.00%,0.5000,0,✓ Yes,completed
1,46,28,10-10,+0.0%,+0.00%,0.5000,0,✓ Yes,completed
1,46,32,10-10,+0.0%,+0.00%,0.5000,0,✓ Yes,completed
1,46,37,10-10,+0.0%,+0.00%,0.5000,0,✓ Yes,completed
1,46,41,10-10,+0.0%,+0.00%,0.5000,0,✓ Yes,completed
1,46,46,10-10,+0.0%,+0.00%,0.5000,0,✓ Yes,completed
1,50,10,10-10,+0.0%,+0.00%,0.5000,0,✓ Yes,completed
1,50,14,10-10,+0.0%,+0.00%,0.5000,0,✓ Yes,completed
1,50,19,10-10,+0.0%,+0.00%,0.5000,0,✓ Yes,completed
1,50,23,10-10,+0.0%,+0.00%,0.5000,0,✓ Yes,completed
1,50,28,10-10,+0.0%,+0.00%,0.5000,0,✓ Yes,completed
1,50,32,10-10,+0.0%,+0.00%,0.5000,0,✓ Yes,completed
1,50,37,10-10,+0.0%,+0.00%,0.5000,0,✓ Yes,completed
1,50,41,10-10,+0.0%,+0.00%,0.5000,0,✓ Yes,completed
1,50,46,10-10,+0.0%,+0.00%,0.5000,0,✓ Yes,completed
1,50,50,10-10,+0.0%,+0.00%,0.5000,0,✓ Yes,completed
1,10,10,10-24,+25.0%,+98.29%,0.9914,1,✗ No,budget_exceeded
1,10,10,10-24,+25.0%,+98.29%,0.9914,1,✗ No,budget_exceeded
1,14,10,10-24,+25.0%,+98.29%,0.9914,1,✗ No,budget_exceeded
1,14,14,10-24,+25.0%,+98.29%,0.9914,1,✗ No,budget_exceeded
1,19,10,10-24,+25.0%,+98.29%,0.9914,1,✗ No,budget_exceeded
1,19,19,10-24,+25.0%,+93.11%,0.9656,35,✗ No,budget_exceeded
1,23,10,10-24,+25.0%,+94.87%,0.9744,1,✗ No,budget_exceeded
1,23,17,10-24,+25.0%,+94.87%,0.9744,1,✗ No,budget_exceeded
1,23,23,10-24,+25.0%,+62.24%,0.8112,33,✗ No,budget_exceeded
1,28,10,10-24,+25.0%,+90.44%,0.9522,1,✗ No,budget_exceeded
1,28,16,10-24,+25.0%,+90.44%,0.9522,1,✗ No,budget_exceeded
1,28,22,10-24,+25.0%,+57.29%,0.7865,5,✗ No,budget_exceeded
1,28,28,10-24,+25.0%,+39.38%,0.6969,42,✗ No,budget_exceeded
1,32,10,10-24,+25.0%,+59.47%,0.7974,1,✗ No,budget_exceeded
1,32,14,10-24,+25.0%,+59.47%,0.7974,1,✗ No,budget_exceeded
1,32,19,10-24,+25.0%,+59.47%,0.7974,1,✗ No,budget_exceeded
1,32,23,10-24,+25.0%,+36.07%,0.6803,5,✗ No,budget_exceeded
1,32,28,10-24,+25.0%,+7.12%,0.5356,20,✗ No,budget_exceeded
1,32,32,10-24,+13.2%,+3.95%,0.5198,41,✓ Yes,completed
1,37,10,10-24,+25.0%,+57.60%,0.7880,1,✗ No,budget_exceeded
1,37,14,10-24,+25.0%,+57.60%,0.7880,1,✗ No,budget_exceeded
1,37,19,10-24,+25.0%,+57.60%,0.7880,1,✗ No,budget_exceeded
1,37,23,10-24,+23.5%,+2.69%,0.5134,4,✓ Yes,completed
1,37,28,10-24,+8.4%,+3.28%,0.5164,5,✓ Yes,completed
1,37,32,10-24,+5.8%,+2.61%,0.5130,6,✓ Yes,completed
1,37,37,10-24,+3.5%,+1.75%,0.5087,17,✓ Yes,completed
1,41,10,10-24,+25.0%,+57.49%,0.7875,1,✗ No,budget_exceeded
1,41,14,10-24,+25.0%,+57.49%,0.7875,1,✗ No,budget_exceeded
1,41,19,10-24,+25.0%,+57.49%,0.7875,1,✗ No,budget_exceeded
1,41,23,10-24,+14.6%,+2.19%,0.5109,3,✓ Yes,completed
1,41,28,10-24,+5.3%,+2.22%,0.5111,3,✓ Yes,completed
1,41,32,10-24,+4.2%,+2.03%,0.5101,3,✓ Yes,completed
1,41,37,10-24,+1.7%,+0.91%,0.5045,5,✓ Yes,completed
1,41,41,10-24,+1.1%,+0.58%,0.5029,7,✓ Yes,completed
1,46,10,10-24,+0.0%,+0.00%,0.5000,0,✓ Yes,completed
1,46,14,10-24,+0.0%,+0.00%,0.5000,0,✓ Yes,completed
1,46,19,10-24,+0.0%,+0.00%,0.5000,0,✓ Yes,completed
1,46,23,10-24,+0.0%,+0.00%,0.5000,0,✓ Yes,completed
1,46,28,10-24,+0.0%,+0.00%,0.5000,0,✓ Yes,completed
1,46,32,10-24,+0.0%,+0.00%,0.5000,0,✓ Yes,completed
1,46,37,10-24,+0.0%,+0.00%,0.5000,0,✓ Yes,completed
1,46,41,10-24,+0.0%,+0.00%,0.5000,0,✓ Yes,completed
1,46,46,10-24,+0.0%,+0.00%,0.5000,0,✓ Yes,completed
1,50,10,10-24,+0.0%,+0.00%,0.5000,0,✓ Yes,completed
1,50,14,10-24,+0.0%,+0.00%,0.5000,0,✓ Yes,completed
1,50,19,10-24,+0.0%,+0.00%,0.5000,0,✓ Yes,completed
1,50,23,10-24,+0.0%,+0.00%,0.5000,0,✓ Yes,completed
1,50,28,10-24,+0.0%,+0.00%,0.5000,0,✓ Yes,completed
1,50,32,10-24,+0.0%,+0.00%,0.5000,0,✓ Yes,completed
1,50,37,10-24,+0.0%,+0.00%,0.5000,0,✓ Yes,completed
1,50,41,10-24,+0.0%,+0.00%,0.5000,0,✓ Yes,completed
1,50,46,10-24,+0.0%,+0.00%,0.5000,0,✓ Yes,completed
1,50,50,10-24,+0.0%,+0.00%,0.5000,0,✓ Yes,completed
1,10,10,11-07,+25.0%,+98.18%,0.9909,1,✗ No,budget_exceeded
1,10,10,11-07,+25.0%,+98.18%,0.9909,1,✗ No,budget_exceeded
1,14,10,11-07,+25.0%,+98.18%,0.9909,1,✗ No,budget_exceeded
1,14,14,11-07,+25.0%,+98.18%,0.9909,1,✗ No,budget_exceeded
1,19,10,11-07,+25.0%,+98.18%,0.9909,1,✗ No,budget_exceeded
1,19,19,11-07,+25.0%,+96.87%,0.9843,8,✗ No,budget_exceeded
1,23,10,11-07,+25.0%,+90.58%,0.9529,1,✗ No,budget_exceeded
1,23,17,11-07,+25.0%,+90.58%,0.9529,1,✗ No,budget_exceeded
1,23,23,11-07,+25.0%,+81.04%,0.9052,25,✗ No,budget_exceeded
1,28,10,11-07,+25.0%,+81.42%,0.9071,1,✗ No,budget_exceeded
1,28,16,11-07,+25.0%,+81.42%,0.9071,1,✗ No,budget_exceeded
1,28,22,11-07,+25.0%,+78.56%,0.8928,3,✗ No,budget_exceeded
1,28,28,11-07,+25.0%,+62.13%,0.8107,40,✗ No,budget_exceeded
1,32,10,11-07,+25.0%,+81.29%,0.9065,1,✗ No,budget_exceeded
1,32,14,11-07,+25.0%,+81.29%,0.9065,1,✗ No,budget_exceeded
1,32,19,11-07,+25.0%,+81.29%,0.9065,1,✗ No,budget_exceeded
1,32,23,11-07,+25.0%,+59.36%,0.7968,5,✗ No,budget_exceeded
1,32,28,11-07,+25.0%,+32.24%,0.6612,20,✗ No,budget_exceeded
1,32,32,11-07,+24.3%,+1.14%,0.5057,64,✓ Yes,completed
1,37,10,11-07,+25.0%,+79.54%,0.8977,1,✗ No,budget_exceeded
1,37,14,11-07,+25.0%,+79.54%,0.8977,1,✗ No,budget_exceeded
1,37,19,11-07,+25.0%,+79.54%,0.8977,1,✗ No,budget_exceeded
1,37,23,11-07,+25.0%,+23.63%,0.6181,5,✗ No,budget_exceeded
1,37,28,11-07,+19.3%,-0.26%,0.4987,10,✓ Yes,completed
1,37,32,11-07,+8.0%,+0.73%,0.5037,10,✓ Yes,completed
1,37,37,11-07,+5.0%,+0.46%,0.5023,21,✓ Yes,completed
1,41,10,11-07,+25.0%,+79.44%,0.8972,1,✗ No,budget_exceeded
1,41,14,11-07,+25.0%,+79.44%,0.8972,1,✗ No,budget_exceeded
1,41,19,11-07,+25.0%,+79.44%,0.8972,1,✗ No,budget_exceeded
1,41,23,11-07,+25.0%,+12.53%,0.5627,4,✗ No,budget_exceeded
1,41,28,11-07,+7.9%,+0.30%,0.5015,4,✓ Yes,completed
1,41,32,11-07,+5.2%,+0.41%,0.5021,4,✓ Yes,completed
1,41,37,11-07,+2.6%,+0.23%,0.5012,6,✓ Yes,completed
1,41,41,11-07,+1.1%,+0.34%,0.5017,7,✓ Yes,completed
1,46,10,11-07,+0.0%,+0.00%,0.5000,0,✓ Yes,completed
1,46,14,11-07,+0.0%,+0.00%,0.5000,0,✓ Yes,completed
1,46,19,11-07,+0.0%,+0.00%,0.5000,0,✓ Yes,completed
1,46,23,11-07,+0.0%,+0.00%,0.5000,0,✓ Yes,completed
1,46,28,11-07,+0.0%,+0.00%,0.5000,0,✓ Yes,completed
1,46,32,11-07,+0.0%,+0.00%,0.5000,0,✓ Yes,completed
1,46,37,11-07,+0.0%,+0.00%,0.5000,0,✓ Yes,completed
1,46,41,11-07,+0.0%,+0.00%,0.5000,0,✓ Yes,completed
1,46,46,11-07,+0.0%,+0.00%,0.5000,0,✓ Yes,completed
1,50,10,11-07,+0.0%,+0.00%,0.5000,0,✓ Yes,completed
1,50,14,11-07,+0.0%,+0.00%,0.5000,0,✓ Yes,completed
1,50,19,11-07,+0.0%,+0.00%,0.5000,0,✓ Yes,completed
1,50,23,11-07,+0.0%,+0.00%,0.5000,0,✓ Yes,completed
1,50,28,11-07,+0.0%,+0.00%,0.5000,0,✓ Yes,completed
1,50,32,11-07,+0.0%,+0.00%,0.5000,0,✓ Yes,completed
1,50,37,11-07,+0.0%,+0.00%,0.5000,0,✓ Yes,completed
1,50,41,11-07,+0.0%,+0.00%,0.5000,0,✓ Yes,completed
1,50,46,11-07,+0.0%,+0.00%,0.5000,0,✓ Yes,completed
1,50,50,11-07,+0.0%,+0.00%,0.5000,0,✓ Yes,completed
1,10,10,11-21,+25.0%,+97.98%,0.9899,1,✗ No,budget_exceeded
1,10,10,11-21,+25.0%,+97.98%,0.9899,1,✗ No,budget_exceeded
1,14,10,11-21,+25.0%,+97.98%,0.9899,1,✗ No,budget_exceeded
1,14,14,11-21,+25.0%,+97.98%,0.9899,1,✗ No,budget_exceeded
1,19,10,11-21,+25.0%,+97.98%,0.9899,1,✗ No,budget_exceeded
1,19,19,11-21,+25.0%,+97.98%,0.9899,1,✗ No,budget_exceeded
1,23,10,11-21,+25.0%,+97.98%,0.9899,1,✗ No,budget_exceeded
1,23,17,11-21,+25.0%,+97.98%,0.9899,1,✗ No,budget_exceeded
1,23,23,11-21,+25.0%,+95.70%,0.9785,13,✗ No,budget_exceeded
1,28,10,11-21,+25.0%,+97.83%,0.9891,1,✗ No,budget_exceeded
1,28,16,11-21,+25.0%,+97.83%,0.9891,1,✗ No,budget_exceeded
1,28,22,11-21,+25.0%,+95.11%,0.9756,3,✗ No,budget_exceeded
1,28,28,11-21,+25.0%,+80.87%,0.9043,37,✗ No,budget_exceeded
1,32,10,11-21,+25.0%,+97.14%,0.9857,1,✗ No,budget_exceeded
1,32,14,11-21,+25.0%,+97.14%,0.9857,1,✗ No,budget_exceeded
1,32,19,11-21,+25.0%,+97.14%,0.9857,1,✗ No,budget_exceeded
1,32,23,11-21,+25.0%,+77.43%,0.8871,3,✗ No,budget_exceeded
1,32,28,11-21,+25.0%,+52.25%,0.7612,19,✗ No,budget_exceeded
1,32,32,11-21,+23.2%,+5.82%,0.5291,63,✓ Yes,completed
1,37,10,11-21,+25.0%,+76.35%,0.8818,1,✗ No,budget_exceeded
1,37,14,11-21,+25.0%,+76.35%,0.8818,1,✗ No,budget_exceeded
1,37,19,11-21,+25.0%,+76.35%,0.8818,1,✗ No,budget_exceeded
1,37,23,11-21,+25.0%,+48.03%,0.7401,4,✗ No,budget_exceeded
1,37,28,11-21,+18.2%,+4.22%,0.5211,9,✓ Yes,completed
1,37,32,11-21,+12.3%,+3.48%,0.5174,12,✓ Yes,completed
1,37,37,11-21,+7.2%,+2.37%,0.5118,34,✓ Yes,completed
1,41,10,11-21,+25.0%,+75.52%,0.8776,1,✗ No,budget_exceeded
1,41,14,11-21,+25.0%,+75.52%,0.8776,1,✗ No,budget_exceeded
1,41,19,11-21,+25.0%,+75.52%,0.8776,1,✗ No,budget_exceeded
1,41,23,11-21,+25.0%,+37.80%,0.6890,3,✗ No,budget_exceeded
1,41,28,11-21,+8.6%,+2.34%,0.5117,4,✓ Yes,completed
1,41,32,11-21,+6.0%,+1.77%,0.5089,4,✓ Yes,completed
1,41,37,11-21,+2.8%,+0.96%,0.5048,6,✓ Yes,completed
1,41,41,11-21,+1.6%,+0.61%,0.5030,15,✓ Yes,completed
1,46,10,11-21,+25.0%,+22.71%,0.6136,1,✗ No,budget_exceeded
1,46,14,11-21,+25.0%,+22.71%,0.6136,1,✗ No,budget_exceeded
1,46,19,11-21,+25.0%,+22.71%,0.6136,1,✗ No,budget_exceeded
1,46,23,11-21,+19.5%,+2.35%,0.5117,1,✓ Yes,completed
1,46,28,11-21,+2.2%,+0.32%,0.5016,1,✓ Yes,completed
1,46,32,11-21,+0.5%,+0.18%,0.5009,1,✓ Yes,completed
1,46,37,11-21,+0.3%,+0.15%,0.5008,1,✓ Yes,completed
1,46,41,11-21,+0.3%,+0.15%,0.5008,1,✓ Yes,completed
1,46,46,11-21,+0.2%,+0.09%,0.5005,3,✓ Yes,completed
1,50,10,11-21,+0.0%,+0.00%,0.5000,0,✓ Yes,completed
1,50,14,11-21,+0.0%,+0.00%,0.5000,0,✓ Yes,completed
1,50,19,11-21,+0.0%,+0.00%,0.5000,0,✓ Yes,completed
1,50,23,11-21,+0.0%,+0.00%,0.5000,0,✓ Yes,completed
1,50,28,11-21,+0.0%,+0.00%,0.5000,0,✓ Yes,completed
1,50,32,11-21,+0.0%,+0.00%,0.5000,0,✓ Yes,completed
1,50,37,11-21,+0.0%,+0.00%,0.5000,0,✓ Yes,completed
1,50,41,11-21,+0.0%,+0.00%,0.5000,0,✓ Yes,completed
1,50,46,11-21,+0.0%,+0.00%,0.5000,0,✓ Yes,completed
1,50,50,11-21,+0.0%,+0.00%,0.5000,0,✓ Yes,completed
1,10,10,12-05,+25.0%,+97.71%,0.9885,1,✗ No,budget_exceeded
1,10,10,12-05,+25.0%,+97.71%,0.9885,1,✗ No,budget_exceeded
1,14,10,12-05,+25.0%,+97.71%,0.9885,1,✗ No,budget_exceeded
1,14,14,12-05,+25.0%,+97.71%,0.9885,1,✗ No,budget_exceeded
1,19,10,12-05,+25.0%,+97.71%,0.9885,1,✗ No,budget_exceeded
1,19,19,12-05,+25.0%,+97.71%,0.9885,1,✗ No,budget_exceeded
1,23,10,12-05,+25.0%,+97.71%,0.9885,1,✗ No,budget_exceeded
1,23,17,12-05,+25.0%,+97.71%,0.9885,1,✗ No,budget_exceeded
1,23,23,12-05,+25.0%,+94.19%,0.9709,10,✗ No,budget_exceeded
1,28,10,12-05,+25.0%,+97.71%,0.9885,1,✗ No,budget_exceeded
1,28,16,12-05,+25.0%,+97.71%,0.9885,1,✗ No,budget_exceeded
1,28,22,12-05,+25.0%,+97.71%,0.9885,1,✗ No,budget_exceeded
1,28,28,12-05,+25.0%,+82.26%,0.9113,33,✗ No,budget_exceeded
1,32,10,12-05,+25.0%,+97.71%,0.9885,1,✗ No,budget_exceeded
1,32,14,12-05,+25.0%,+97.71%,0.9885,1,✗ No,budget_exceeded
1,32,19,12-05,+25.0%,+97.71%,0.9885,1,✗ No,budget_exceeded
1,32,23,12-05,+25.0%,+85.98%,0.9299,4,✗ No,budget_exceeded
1,32,28,12-05,+25.0%,+71.07%,0.8554,19,✗ No,budget_exceeded
1,32,32,12-05,+20.3%,+5.42%,0.5271,62,✓ Yes,completed
1,37,10,12-05,+25.0%,+97.71%,0.9885,1,✗ No,budget_exceeded
1,37,14,12-05,+25.0%,+97.71%,0.9885,1,✗ No,budget_exceeded
1,37,19,12-05,+25.0%,+97.71%,0.9885,1,✗ No,budget_exceeded
1,37,23,12-05,+25.0%,+68.65%,0.8433,4,✗ No,budget_exceeded
1,37,28,12-05,+15.6%,+4.54%,0.5227,9,✓ Yes,completed
1,37,32,12-05,+9.8%,+3.61%,0.5181,12,✓ Yes,completed
1,37,37,12-05,+5.6%,+2.51%,0.5125,30,✓ Yes,completed
1,41,10,12-05,+25.0%,+97.71%,0.9885,1,✗ No,budget_exceeded
1,41,14,12-05,+25.0%,+97.71%,0.9885,1,✗ No,budget_exceeded
1,41,19,12-05,+25.0%,+97.71%,0.9885,1,✗ No,budget_exceeded
1,41,23,12-05,+25.0%,+59.02%,0.7951,3,✗ No,budget_exceeded
1,41,28,12-05,+6.7%,+2.34%,0.5117,4,✓ Yes,completed
1,41,32,12-05,+4.1%,+1.83%,0.5092,4,✓ Yes,completed
1,41,37,12-05,+2.1%,+1.19%,0.5060,4,✓ Yes,completed
1,41,41,12-05,+1.2%,+0.67%,0.5034,12,✓ Yes,completed
1,46,10,12-05,+25.0%,+46.08%,0.7304,1,✗ No,budget_exceeded
1,46,14,12-05,+25.0%,+46.08%,0.7304,1,✗ No,budget_exceeded
1,46,19,12-05,+25.0%,+46.08%,0.7304,1,✗ No,budget_exceeded
1,46,23,12-05,+19.5%,+3.04%,0.5152,1,✓ Yes,completed
1,46,28,12-05,+2.2%,+0.77%,0.5038,1,✓ Yes,completed
1,46,32,12-05,+0.5%,+0.27%,0.5013,1,✓ Yes,completed
1,46,37,12-05,+0.3%,+0.21%,0.5011,1,✓ Yes,completed
1,46,41,12-05,+0.3%,+0.21%,0.5011,1,✓ Yes,completed
1,46,46,12-05,+0.2%,+0.13%,0.5006,3,✓ Yes,completed
1,50,10,12-05,+0.0%,+0.00%,0.5000,0,✓ Yes,completed
1,50,14,12-05,+0.0%,+0.00%,0.5000,0,✓ Yes,completed
1,50,19,12-05,+0.0%,+0.00%,0.5000,0,✓ Yes,completed
1,50,23,12-05,+0.0%,+0.00%,0.5000,0,✓ Yes,completed
1,50,28,12-05,+0.0%,+0.00%,0.5000,0,✓ Yes,completed
1,50,32,12-05,+0.0%,+0.00%,0.5000,0,✓ Yes,completed
1,50,37,12-05,+0.0%,+0.00%,0.5000,0,✓ Yes,completed
1,50,41,12-05,+0.0%,+0.00%,0.5000,0,✓ Yes,completed
1,50,46,12-05,+0.0%,+0.00%,0.5000,0,✓ Yes,completed
1,50,50,12-05,+0.0%,+0.00%,0.5000,0,✓ Yes,completed
1,10,10,12-19,+25.0%,+97.77%,0.9889,1,✗ No,budget_exceeded
1,10,10,12-19,+25.0%,+97.77%,0.9889,1,✗ No,budget_exceeded
1,14,10,12-19,+25.0%,+97.77%,0.9889,1,✗ No,budget_exceeded
1,14,14,12-19,+25.0%,+97.77%,0.9889,1,✗ No,budget_exceeded
1,19,10,12-19,+25.0%,+97.77%,0.9889,1,✗ No,budget_exceeded
1,19,19,12-19,+25.0%,+97.77%,0.9889,1,✗ No,budget_exceeded
1,23,10,12-19,+25.0%,+97.63%,0.9882,1,✗ No,budget_exceeded
1,23,17,12-19,+25.0%,+97.63%,0.9882,1,✗ No,budget_exceeded
1,23,23,12-19,+25.0%,+93.43%,0.9672,14,✗ No,budget_exceeded
1,28,10,12-19,+25.0%,+96.11%,0.9806,1,✗ No,budget_exceeded
1,28,16,12-19,+25.0%,+96.11%,0.9806,1,✗ No,budget_exceeded
1,28,22,12-19,+25.0%,+92.83%,0.9641,3,✗ No,budget_exceeded
1,28,28,12-19,+25.0%,+85.71%,0.9286,28,✗ No,budget_exceeded
1,32,10,12-19,+25.0%,+92.79%,0.9639,1,✗ No,budget_exceeded
1,32,14,12-19,+25.0%,+92.79%,0.9639,1,✗ No,budget_exceeded
1,32,19,12-19,+25.0%,+92.79%,0.9639,1,✗ No,budget_exceeded
1,32,23,12-19,+25.0%,+88.54%,0.9427,4,✗ No,budget_exceeded
1,32,28,12-19,+24.1%,+5.76%,0.5288,16,✓ Yes,completed
1,32,32,12-19,+12.5%,+4.26%,0.5213,33,✓ Yes,completed
1,37,10,12-19,+25.0%,+79.01%,0.8950,1,✗ No,budget_exceeded
1,37,14,12-19,+25.0%,+79.01%,0.8950,1,✗ No,budget_exceeded
1,37,19,12-19,+25.0%,+79.01%,0.8950,1,✗ No,budget_exceeded
1,37,23,12-19,+21.3%,+4.45%,0.5222,2,✓ Yes,completed
1,37,28,12-19,+10.9%,+3.63%,0.5181,5,✓ Yes,completed
1,37,32,12-19,+7.2%,+2.86%,0.5143,7,✓ Yes,completed
1,37,37,12-19,+4.2%,+2.02%,0.5101,18,✓ Yes,completed
1,41,10,12-19,+25.0%,+72.85%,0.8642,1,✗ No,budget_exceeded
1,41,14,12-19,+25.0%,+72.85%,0.8642,1,✗ No,budget_exceeded
1,41,19,12-19,+25.0%,+72.85%,0.8642,1,✗ No,budget_exceeded
1,41,23,12-19,+20.0%,+4.30%,0.5215,1,✓ Yes,completed
1,41,28,12-19,+4.4%,+1.66%,0.5083,2,✓ Yes,completed
1,41,32,12-19,+2.4%,+1.11%,0.5055,2,✓ Yes,completed
1,41,37,12-19,+1.6%,+0.84%,0.5042,2,✓ Yes,completed
1,41,41,12-19,+0.7%,+0.38%,0.5019,9,✓ Yes,completed
1,46,10,12-19,+25.0%,+72.04%,0.8602,1,✗ No,budget_exceeded
1,46,14,12-19,+25.0%,+72.04%,0.8602,1,✗ No,budget_exceeded
1,46,19,12-19,+25.0%,+72.04%,0.8602,1,✗ No,budget_exceeded
1,46,23,12-19,+19.5%,+4.00%,0.5200,1,✓ Yes,completed
1,46,28,12-19,+2.2%,+0.71%,0.5036,1,✓ Yes,completed
1,46,32,12-19,+0.5%,+0.24%,0.5012,1,✓ Yes,completed
1,46,37,12-19,+0.3%,+0.19%,0.5010,1,✓ Yes,completed
1,46,41,12-19,+0.3%,+0.19%,0.5010,1,✓ Yes,completed
1,46,46,12-19,+0.2%,+0.11%,0.5005,3,✓ Yes,completed
1,50,10,12-19,+0.0%,+0.00%,0.5000,0,✓ Yes,completed
1,50,14,12-19,+0.0%,+0.00%,0.5000,0,✓ Yes,completed
1,50,19,12-19,+0.0%,+0.00%,0.5000,0,✓ Yes,completed
1,50,23,12-19,+0.0%,+0.00%,0.5000,0,✓ Yes,completed
1,50,28,12-19,+0.0%,+0.00%,0.5000,0,✓ Yes,completed
1,50,32,12-19,+0.0%,+0.00%,0.5000,0,✓ Yes,completed
1,50,37,12-19,+0.0%,+0.00%,0.5000,0,✓ Yes,completed
1,50,41,12-19,+0.0%,+0.00%,0.5000,0,✓ Yes,completed
1,50,46,12-19,+0.0%,+0.00%,0.5000,0,✓ Yes,completed
1,50,50,12-19,+0.0%,+0.00%,0.5000,0,✓ Yes,completed
1,10,10,12-31,+25.0%,+97.44%,0.9872,1,✗ No,budget_exceeded
1,10,10,12-31,+25.0%,+97.44%,0.9872,1,✗ No,budget_exceeded
1,14,10,12-31,+25.0%,+97.44%,0.9872,1,✗ No,budget_exceeded
1,14,14,12-31,+25.0%,+97.44%,0.9872,1,✗ No,budget_exceeded
1,19,10,12-31,+25.0%,+97.44%,0.9872,1,✗ No,budget_exceeded
1,19,19,12-31,+25.0%,+97.44%,0.9872,1,✗ No,budget_exceeded
1,23,10,12-31,+25.0%,+97.44%,0.9872,1,✗ No,budget_exceeded
1,23,17,12-31,+25.0%,+97.44%,0.9872,1,✗ No,budget_exceeded
1,23,23,12-31,+25.0%,+96.29%,0.9814,7,✗ No,budget_exceeded
1,28,10,12-31,+25.0%,+97.44%,0.9872,1,✗ No,budget_exceeded
1,28,16,12-31,+25.0%,+97.44%,0.9872,1,✗ No,budget_exceeded
1,28,22,12-31,+25.0%,+97.44%,0.9872,1,✗ No,budget_exceeded
1,28,28,12-31,+25.0%,+42.89%,0.7145,48,✗ No,budget_exceeded
1,32,10,12-31,+25.0%,+97.44%,0.9872,1,✗ No,budget_exceeded
1,32,14,12-31,+25.0%,+97.44%,0.9872,1,✗ No,budget_exceeded
1,32,19,12-31,+25.0%,+97.44%,0.9872,1,✗ No,budget_exceeded
1,32,23,12-31,+25.0%,+55.90%,0.7795,4,✗ No,budget_exceeded
1,32,28,12-31,+16.1%,+5.19%,0.5260,10,✓ Yes,completed
1,32,32,12-31,+10.6%,+3.96%,0.5198,23,✓ Yes,completed
1,37,10,12-31,+25.0%,+95.30%,0.9765,1,✗ No,budget_exceeded
1,37,14,12-31,+25.0%,+95.30%,0.9765,1,✗ No,budget_exceeded
1,37,19,12-31,+25.0%,+95.30%,0.9765,1,✗ No,budget_exceeded
1,37,23,12-31,+20.2%,+5.05%,0.5253,1,✓ Yes,completed
1,37,28,12-31,+9.9%,+3.57%,0.5178,4,✓ Yes,completed
1,37,32,12-31,+7.0%,+2.95%,0.5147,6,✓ Yes,completed
1,37,37,12-31,+4.1%,+2.04%,0.5102,17,✓ Yes,completed
1,41,10,12-31,+25.0%,+94.96%,0.9748,1,✗ No,budget_exceeded
1,41,14,12-31,+25.0%,+94.96%,0.9748,1,✗ No,budget_exceeded
1,41,19,12-31,+25.0%,+94.96%,0.9748,1,✗ No,budget_exceeded
1,41,23,12-31,+20.0%,+4.95%,0.5247,1,✓ Yes,completed
1,41,28,12-31,+4.4%,+1.69%,0.5084,2,✓ Yes,completed
1,41,32,12-31,+2.4%,+1.16%,0.5058,2,✓ Yes,completed
1,41,37,12-31,+1.6%,+0.86%,0.5043,2,✓ Yes,completed
1,41,41,12-31,+0.7%,+0.36%,0.5018,9,✓ Yes,completed
1,46,10,12-31,+25.0%,+94.14%,0.9707,1,✗ No,budget_exceeded
1,46,14,12-31,+25.0%,+94.14%,0.9707,1,✗ No,budget_exceeded
1,46,19,12-31,+25.0%,+94.14%,0.9707,1,✗ No,budget_exceeded
1,46,23,12-31,+19.5%,+4.65%,0.5233,1,✓ Yes,completed
1,46,28,12-31,+2.2%,+0.76%,0.5038,1,✓ Yes,completed
1,46,32,12-31,+0.5%,+0.23%,0.5011,1,✓ Yes,completed
1,46,37,12-31,+0.3%,+0.19%,0.5010,1,✓ Yes,completed
1,46,41,12-31,+0.3%,+0.19%,0.5010,1,✓ Yes,completed
1,46,46,12-31,+0.2%,+0.11%,0.5006,3,✓ Yes,completed
1,50,10,12-31,+0.0%,+0.00%,0.5000,0,✓ Yes,completed
1,50,14,12-31,+0.0%,+0.00%,0.5000,0,✓ Yes,completed
1,50,19,12-31,+0.0%,+0.00%,0.5000,0,✓ Yes,completed
1,50,23,12-31,+0.0%,+0.00%,0.5000,0,✓ Yes,completed
1,50,28,12-31,+0.0%,+0.00%,0.5000,0,✓ Yes,completed
1,50,32,12-31,+0.0%,+0.00%,0.5000,0,✓ Yes,completed
1,50,37,12-31,+0.0%,+0.00%,0.5000,0,✓ Yes,completed
1,50,41,12-31,+0.0%,+0.00%,0.5000,0,✓ Yes,completed
1,50,46,12-31,+0.0%,+0.00%,0.5000,0,✓ Yes,completed
1,50,50,12-31,+0.0%,+0.00%,0.5000,0,✓ Yes,completed
2,23,23,11-03,+25.0%,+75.67%,0.8784,27,✗ No,budget_exceeded
2,23,23,11-03,+25.0%,+75.67%,0.8784,27,✗ No,budget_exceeded
2,25,23,11-03,+25.0%,+72.13%,0.8606,12,✗ No,budget_exceeded
2,25,25,11-03,+25.0%,+66.75%,0.8338,38,✗ No,budget_exceeded
2,27,23,11-03,+25.0%,+68.95%,0.8447,8,✗ No,budget_exceeded
2,27,27,11-03,+25.0%,+58.44%,0.7922,43,✗ No,budget_exceeded
2,29,23,11-03,+25.0%,+65.10%,0.8255,8,✗ No,budget_exceeded
2,29,26,11-03,+25.0%,+53.61%,0.7680,17,✗ No,budget_exceeded
2,29,29,11-03,+25.0%,+34.43%,0.6722,55,✗ No,budget_exceeded
2,31,23,11-03,+25.0%,+56.68%,0.7834,7,✗ No,budget_exceeded
2,31,26,11-03,+25.0%,+35.44%,0.6772,14,✗ No,budget_exceeded
2,31,29,11-03,+25.0%,+24.51%,0.6225,26,✗ No,budget_exceeded
2,31,31,11-03,+25.0%,+8.61%,0.5431,68,✗ No,budget_exceeded
2,33,23,11-03,+25.0%,+52.20%,0.7610,5,✗ No,budget_exceeded
2,33,25,11-03,+25.0%,+31.59%,0.6579,10,✗ No,budget_exceeded
2,33,27,11-03,+25.0%,+19.93%,0.5997,18,✗ No,budget_exceeded
2,33,29,11-03,+25.0%,+8.49%,0.5424,27,✗ No,budget_exceeded
2,33,31,11-03,+23.5%,+0.71%,0.5035,31,✓ Yes,completed
2,33,33,11-03,+13.9%,+1.49%,0.5074,41,✓ Yes,completed
2,35,23,11-03,+25.0%,+17.98%,0.5899,5,✗ No,budget_exceeded
2,35,25,11-03,+25.0%,+12.17%,0.5609,8,✗ No,budget_exceeded
2,35,27,11-03,+24.9%,+0.06%,0.5003,14,✓ Yes,completed
2,35,29,11-03,+15.1%,+1.19%,0.5060,15,✓ Yes,completed
2,35,31,11-03,+11.4%,+1.35%,0.5068,14,✓ Yes,completed
2,35,33,11-03,+7.5%,+1.61%,0.5080,16,✓ Yes,completed
2,35,35,11-03,+6.1%,+1.44%,0.5072,23,✓ Yes,completed
2,37,23,11-03,+25.0%,+6.35%,0.5317,4,✗ No,budget_exceeded
2,37,25,11-03,+8.1%,+1.12%,0.5056,4,✓ Yes,completed
2,37,27,11-03,+6.3%,+1.29%,0.5064,4,✓ Yes,completed
2,37,29,11-03,+6.0%,+1.32%,0.5066,4,✓ Yes,completed
2,37,31,11-03,+5.5%,+1.37%,0.5068,4,✓ Yes,completed
2,37,33,11-03,+4.8%,+1.33%,0.5067,6,✓ Yes,completed
2,37,35,11-03,+4.2%,+1.20%,0.5060,7,✓ Yes,completed
2,37,37,11-03,+3.0%,+1.13%,0.5057,9,✓ Yes,completed
2,39,23,11-03,+25.0%,+5.13%,0.5256,4,✗ No,budget_exceeded
2,39,25,11-03,+7.1%,+1.08%,0.5054,3,✓ Yes,completed
2,39,27,11-03,+5.4%,+1.21%,0.5060,3,✓ Yes,completed
2,39,29,11-03,+5.1%,+1.24%,0.5062,3,✓ Yes,completed
2,39,31,11-03,+4.5%,+1.18%,0.5059,3,✓ Yes,completed
2,39,33,11-03,+3.2%,+1.15%,0.5057,3,✓ Yes,completed
2,39,35,11-03,+2.8%,+1.09%,0.5055,4,✓ Yes,completed
2,39,37,11-03,+2.3%,+0.97%,0.5048,5,✓ Yes,completed
2,39,39,11-03,+2.0%,+0.87%,0.5043,6,✓ Yes,completed
2,41,23,11-03,+25.0%,+4.90%,0.5245,4,✗ No,budget_exceeded
2,41,25,11-03,+7.0%,+1.07%,0.5054,3,✓ Yes,completed
2,41,27,11-03,+5.3%,+1.19%,0.5060,3,✓ Yes,completed
2,41,29,11-03,+5.0%,+1.22%,0.5061,3,✓ Yes,completed
2,41,31,11-03,+4.5%,+1.15%,0.5057,3,✓ Yes,completed
2,41,33,11-03,+3.1%,+1.13%,0.5056,3,✓ Yes,completed
2,41,35,11-03,+2.7%,+1.04%,0.5052,4,✓ Yes,completed
2,41,37,11-03,+1.6%,+0.78%,0.5039,5,✓ Yes,completed
2,41,39,11-03,+1.3%,+0.74%,0.5037,5,✓ Yes,completed
2,41,41,11-03,+1.1%,+0.61%,0.5030,7,✓ Yes,completed
2,23,23,11-09,+25.0%,+84.15%,0.9208,25,✗ No,budget_exceeded
2,23,23,11-09,+25.0%,+84.15%,0.9208,25,✗ No,budget_exceeded
2,25,23,11-09,+25.0%,+81.23%,0.9061,11,✗ No,budget_exceeded
2,25,25,11-09,+25.0%,+76.15%,0.8808,37,✗ No,budget_exceeded
2,27,23,11-09,+25.0%,+78.32%,0.8916,8,✗ No,budget_exceeded
2,27,27,11-09,+25.0%,+68.26%,0.8413,43,✗ No,budget_exceeded
2,29,23,11-09,+25.0%,+74.64%,0.8732,8,✗ No,budget_exceeded
2,29,26,11-09,+25.0%,+63.64%,0.8182,17,✗ No,budget_exceeded
2,29,29,11-09,+25.0%,+45.27%,0.7264,55,✗ No,budget_exceeded
2,31,23,11-09,+25.0%,+66.58%,0.8329,7,✗ No,budget_exceeded
2,31,26,11-09,+25.0%,+46.23%,0.7312,14,✗ No,budget_exceeded
2,31,29,11-09,+25.0%,+35.77%,0.6788,26,✗ No,budget_exceeded
2,31,31,11-09,+25.0%,+20.55%,0.6027,68,✗ No,budget_exceeded
2,33,23,11-09,+25.0%,+62.29%,0.8114,5,✗ No,budget_exceeded
2,33,25,11-09,+25.0%,+42.55%,0.7127,10,✗ No,budget_exceeded
2,33,27,11-09,+25.0%,+31.39%,0.6569,18,✗ No,budget_exceeded
2,33,29,11-09,+25.0%,+20.43%,0.6021,27,✗ No,budget_exceeded
2,33,31,11-09,+23.5%,+2.32%,0.5116,31,✓ Yes,completed
2,33,33,11-09,+20.1%,+1.72%,0.5086,50,✓ Yes,completed
2,35,23,11-09,+25.0%,+29.52%,0.6476,5,✗ No,budget_exceeded
2,35,25,11-09,+25.0%,+23.96%,0.6198,8,✗ No,budget_exceeded
2,35,27,11-09,+24.9%,+1.70%,0.5085,14,✓ Yes,completed
2,35,29,11-09,+21.4%,+1.71%,0.5085,17,✓ Yes,completed
2,35,31,11-09,+17.5%,+1.10%,0.5055,18,✓ Yes,completed
2,35,33,11-09,+14.8%,+0.90%,0.5045,23,✓ Yes,completed
2,35,35,11-09,+12.3%,+0.52%,0.5026,40,✓ Yes,completed
2,37,23,11-09,+25.0%,+18.38%,0.5919,4,✗ No,budget_exceeded
2,37,25,11-09,+25.0%,+10.74%,0.5537,5,✗ No,budget_exceeded
2,37,27,11-09,+16.1%,+0.33%,0.5016,8,✓ Yes,completed
2,37,29,11-09,+14.6%,+0.47%,0.5023,9,✓ Yes,completed
2,37,31,11-09,+11.7%,+0.44%,0.5022,9,✓ Yes,completed
2,37,33,11-09,+10.2%,+0.51%,0.5026,12,✓ Yes,completed
2,37,35,11-09,+6.7%,+0.91%,0.5046,12,✓ Yes,completed
2,37,37,11-09,+4.7%,+1.05%,0.5052,12,✓ Yes,completed
2,39,23,11-09,+25.0%,+17.21%,0.5861,4,✗ No,budget_exceeded
2,39,25,11-09,+25.0%,+9.27%,0.5463,4,✗ No,budget_exceeded
2,39,27,11-09,+13.5%,+0.04%,0.5002,6,✓ Yes,completed
2,39,29,11-09,+12.0%,+0.09%,0.5005,7,✓ Yes,completed
2,39,31,11-09,+6.8%,+0.76%,0.5038,7,✓ Yes,completed
2,39,33,11-09,+4.9%,+0.99%,0.5050,6,✓ Yes,completed
2,39,35,11-09,+4.3%,+1.01%,0.5051,7,✓ Yes,completed
2,39,37,11-09,+3.7%,+0.91%,0.5045,8,✓ Yes,completed
2,39,39,11-09,+3.2%,+0.87%,0.5044,9,✓ Yes,completed
2,41,23,11-09,+25.0%,+16.99%,0.5850,4,✗ No,budget_exceeded
2,41,25,11-09,+25.0%,+9.05%,0.5452,4,✗ No,budget_exceeded
2,41,27,11-09,+8.2%,+0.12%,0.5006,4,✓ Yes,completed
2,41,29,11-09,+6.2%,+0.64%,0.5032,4,✓ Yes,completed
2,41,31,11-09,+5.5%,+0.86%,0.5043,4,✓ Yes,completed
2,41,33,11-09,+4.1%,+0.92%,0.5046,4,✓ Yes,completed
2,41,35,11-09,+3.6%,+0.86%,0.5043,5,✓ Yes,completed
2,41,37,11-09,+2.5%,+0.63%,0.5032,6,✓ Yes,completed
2,41,39,11-09,+2.2%,+0.55%,0.5027,6,✓ Yes,completed
2,41,41,11-09,+1.7%,+0.43%,0.5021,13,✓ Yes,completed
2,23,23,11-15,+25.0%,+92.57%,0.9629,21,✗ No,budget_exceeded
2,23,23,11-15,+25.0%,+92.57%,0.9629,21,✗ No,budget_exceeded
2,25,23,11-15,+25.0%,+90.02%,0.9501,11,✗ No,budget_exceeded
2,25,25,11-15,+25.0%,+85.20%,0.9260,37,✗ No,budget_exceeded
2,27,23,11-15,+25.0%,+87.26%,0.9363,8,✗ No,budget_exceeded
2,27,27,11-15,+25.0%,+77.69%,0.8884,43,✗ No,budget_exceeded
2,29,23,11-15,+25.0%,+83.76%,0.9188,8,✗ No,budget_exceeded
2,29,26,11-15,+25.0%,+73.29%,0.8665,17,✗ No,budget_exceeded
2,29,29,11-15,+25.0%,+55.83%,0.7792,55,✗ No,budget_exceeded
2,31,23,11-15,+25.0%,+76.09%,0.8804,7,✗ No,budget_exceeded
2,31,26,11-15,+25.0%,+56.75%,0.7837,14,✗ No,budget_exceeded
2,31,29,11-15,+25.0%,+46.79%,0.7340,26,✗ No,budget_exceeded
2,31,31,11-15,+25.0%,+32.32%,0.6616,68,✗ No,budget_exceeded
2,33,23,11-15,+25.0%,+72.01%,0.8601,5,✗ No,budget_exceeded
2,33,25,11-15,+25.0%,+53.24%,0.7662,10,✗ No,budget_exceeded
2,33,27,11-15,+25.0%,+42.63%,0.7132,18,✗ No,budget_exceeded
2,33,29,11-15,+25.0%,+32.21%,0.6610,27,✗ No,budget_exceeded
2,33,31,11-15,+23.8%,+5.10%,0.5255,32,✓ Yes,completed
2,33,33,11-15,+20.1%,+4.76%,0.5238,50,✓ Yes,completed
2,35,23,11-15,+25.0%,+40.85%,0.7043,5,✗ No,budget_exceeded
2,35,25,11-15,+25.0%,+35.56%,0.6778,8,✗ No,budget_exceeded
2,35,27,11-15,+24.9%,+4.60%,0.5230,14,✓ Yes,completed
2,35,29,11-15,+21.4%,+4.67%,0.5233,17,✓ Yes,completed
2,35,31,11-15,+17.5%,+4.02%,0.5201,18,✓ Yes,completed
2,35,33,11-15,+14.8%,+3.55%,0.5178,23,✓ Yes,completed
2,35,35,11-15,+12.3%,+3.13%,0.5157,40,✓ Yes,completed
2,37,23,11-15,+25.0%,+30.26%,0.6513,4,✗ No,budget_exceeded
2,37,25,11-15,+25.0%,+23.00%,0.6150,5,✗ No,budget_exceeded
2,37,27,11-15,+16.1%,+3.07%,0.5153,8,✓ Yes,completed
2,37,29,11-15,+14.6%,+3.14%,0.5157,9,✓ Yes,completed
2,37,31,11-15,+11.9%,+2.93%,0.5146,10,✓ Yes,completed
2,37,33,11-15,+10.3%,+2.70%,0.5135,13,✓ Yes,completed
2,37,35,11-15,+8.4%,+2.15%,0.5108,15,✓ Yes,completed
2,37,37,11-15,+6.6%,+1.62%,0.5081,18,✓ Yes,completed
2,39,23,11-15,+25.0%,+29.15%,0.6458,4,✗ No,budget_exceeded
2,39,25,11-15,+25.0%,+21.59%,0.6080,4,✗ No,budget_exceeded
2,39,27,11-15,+13.5%,+2.65%,0.5133,6,✓ Yes,completed
2,39,29,11-15,+12.0%,+2.68%,0.5134,7,✓ Yes,completed
2,39,31,11-15,+9.5%,+2.28%,0.5114,8,✓ Yes,completed
2,39,33,11-15,+7.8%,+1.89%,0.5094,8,✓ Yes,completed
2,39,35,11-15,+6.1%,+1.45%,0.5072,10,✓ Yes,completed
2,39,37,11-15,+5.1%,+1.22%,0.5061,11,✓ Yes,completed
2,39,39,11-15,+3.8%,+0.96%,0.5048,16,✓ Yes,completed
2,41,23,11-15,+25.0%,+28.94%,0.6447,4,✗ No,budget_exceeded
2,41,25,11-15,+25.0%,+21.39%,0.6069,4,✗ No,budget_exceeded
2,41,27,11-15,+9.9%,+1.93%,0.5096,5,✓ Yes,completed
2,41,29,11-15,+7.8%,+1.60%,0.5080,5,✓ Yes,completed
2,41,31,11-15,+6.8%,+1.44%,0.5072,5,✓ Yes,completed
2,41,33,11-15,+5.4%,+1.14%,0.5057,5,✓ Yes,completed
2,41,35,11-15,+4.5%,+0.99%,0.5050,6,✓ Yes,completed
2,41,37,11-15,+3.2%,+0.77%,0.5039,7,✓ Yes,completed
2,41,39,11-15,+2.4%,+0.59%,0.5029,8,✓ Yes,completed
2,41,41,11-15,+1.8%,+0.38%,0.5019,16,✓ Yes,completed
2,23,23,11-21,+25.0%,+95.70%,0.9785,13,✗ No,budget_exceeded
2,23,23,11-21,+25.0%,+95.70%,0.9785,13,✗ No,budget_exceeded
2,25,23,11-21,+25.0%,+94.08%,0.9704,8,✗ No,budget_exceeded
2,25,25,11-21,+25.0%,+89.58%,0.9479,34,✗ No,budget_exceeded
2,27,23,11-21,+25.0%,+92.16%,0.9608,7,✗ No,budget_exceeded
2,27,27,11-21,+25.0%,+83.15%,0.9158,40,✗ No,budget_exceeded
2,29,23,11-21,+25.0%,+87.35%,0.9367,7,✗ No,budget_exceeded
2,29,26,11-21,+25.0%,+78.58%,0.8929,14,✗ No,budget_exceeded
2,29,29,11-21,+25.0%,+57.23%,0.7861,57,✗ No,budget_exceeded
2,31,23,11-21,+25.0%,+80.90%,0.9045,5,✗ No,budget_exceeded
2,31,26,11-21,+25.0%,+63.05%,0.8153,10,✗ No,budget_exceeded
2,31,29,11-21,+25.0%,+51.65%,0.7582,25,✗ No,budget_exceeded
2,31,31,11-21,+25.0%,+40.09%,0.7005,61,✗ No,budget_exceeded
2,33,23,11-21,+25.0%,+77.41%,0.8871,3,✗ No,budget_exceeded
2,33,25,11-21,+25.0%,+60.99%,0.8050,7,✗ No,budget_exceeded
2,33,27,11-21,+25.0%,+50.01%,0.7500,16,✗ No,budget_exceeded
2,33,29,11-21,+25.0%,+40.33%,0.7017,24,✗ No,budget_exceeded
2,33,31,11-21,+22.2%,+5.66%,0.5283,29,✓ Yes,completed
2,33,33,11-21,+19.2%,+4.92%,0.5246,47,✓ Yes,completed
2,35,23,11-21,+25.0%,+48.57%,0.7428,4,✗ No,budget_exceeded
2,35,25,11-21,+25.0%,+44.02%,0.7201,6,✗ No,budget_exceeded
2,35,27,11-21,+23.4%,+5.35%,0.5268,12,✓ Yes,completed
2,35,29,11-21,+20.2%,+4.91%,0.5246,15,✓ Yes,completed
2,35,31,11-21,+16.4%,+4.35%,0.5218,16,✓ Yes,completed
2,35,33,11-21,+14.1%,+3.96%,0.5198,21,✓ Yes,completed
2,35,35,11-21,+11.7%,+3.45%,0.5173,38,✓ Yes,completed
2,37,23,11-21,+25.0%,+39.07%,0.6954,3,✗ No,budget_exceeded
2,37,25,11-21,+25.0%,+31.94%,0.6597,4,✗ No,budget_exceeded
2,37,27,11-21,+14.9%,+3.59%,0.5180,7,✓ Yes,completed
2,37,29,11-21,+13.7%,+3.54%,0.5177,8,✓ Yes,completed
2,37,31,11-21,+11.1%,+3.35%,0.5168,9,✓ Yes,completed
2,37,33,11-21,+9.7%,+3.22%,0.5161,12,✓ Yes,completed
2,37,35,11-21,+7.8%,+2.61%,0.5131,14,✓ Yes,completed
2,37,37,11-21,+6.1%,+2.02%,0.5101,17,✓ Yes,completed
2,39,23,11-21,+25.0%,+38.01%,0.6901,3,✗ No,budget_exceeded
2,39,25,11-21,+24.6%,+4.56%,0.5228,3,✓ Yes,completed
2,39,27,11-21,+12.4%,+2.98%,0.5149,5,✓ Yes,completed
2,39,29,11-21,+11.2%,+3.10%,0.5155,6,✓ Yes,completed
2,39,31,11-21,+8.7%,+2.74%,0.5137,7,✓ Yes,completed
2,39,33,11-21,+7.2%,+2.32%,0.5116,7,✓ Yes,completed
2,39,35,11-21,+5.6%,+1.77%,0.5089,9,✓ Yes,completed
2,39,37,11-21,+4.7%,+1.45%,0.5072,10,✓ Yes,completed
2,39,39,11-21,+3.6%,+1.22%,0.5061,15,✓ Yes,completed
2,41,23,11-21,+25.0%,+37.80%,0.6890,3,✗ No,budget_exceeded
2,41,25,11-21,+24.5%,+4.49%,0.5224,3,✓ Yes,completed
2,41,27,11-21,+8.8%,+2.38%,0.5119,4,✓ Yes,completed
2,41,29,11-21,+7.0%,+1.99%,0.5099,4,✓ Yes,completed
2,41,31,11-21,+6.0%,+1.79%,0.5090,4,✓ Yes,completed
2,41,33,11-21,+4.9%,+1.37%,0.5069,4,✓ Yes,completed
2,41,35,11-21,+4.0%,+1.25%,0.5063,5,✓ Yes,completed
2,41,37,11-21,+2.8%,+0.95%,0.5047,6,✓ Yes,completed
2,41,39,11-21,+2.1%,+0.79%,0.5039,7,✓ Yes,completed
2,41,41,11-21,+1.6%,+0.61%,0.5030,15,✓ Yes,completed
2,23,23,11-27,+25.0%,+96.68%,0.9834,7,✗ No,budget_exceeded
2,23,23,11-27,+25.0%,+96.68%,0.9834,7,✗ No,budget_exceeded
2,25,23,11-27,+25.0%,+95.85%,0.9792,4,✗ No,budget_exceeded
2,25,25,11-27,+25.0%,+92.47%,0.9623,20,✗ No,budget_exceeded
2,27,23,11-27,+25.0%,+95.09%,0.9755,4,✗ No,budget_exceeded
2,27,27,11-27,+25.0%,+87.14%,0.9357,28,✗ No,budget_exceeded
2,29,23,11-27,+25.0%,+91.76%,0.9588,4,✗ No,budget_exceeded
2,29,26,11-27,+25.0%,+74.12%,0.8706,12,✗ No,budget_exceeded
2,29,29,11-27,+25.0%,+63.72%,0.8186,49,✗ No,budget_exceeded
2,31,23,11-27,+25.0%,+88.02%,0.9401,3,✗ No,budget_exceeded
2,31,26,11-27,+25.0%,+72.07%,0.8604,8,✗ No,budget_exceeded
2,31,29,11-27,+25.0%,+60.65%,0.8032,23,✗ No,budget_exceeded
2,31,31,11-27,+25.0%,+49.57%,0.7478,58,✗ No,budget_exceeded
2,33,23,11-27,+25.0%,+75.23%,0.8762,4,✗ No,budget_exceeded
2,33,25,11-27,+25.0%,+66.61%,0.8330,7,✗ No,budget_exceeded
2,33,27,11-27,+25.0%,+59.29%,0.7964,15,✗ No,budget_exceeded
2,33,29,11-27,+25.0%,+49.90%,0.7495,23,✗ No,budget_exceeded
2,33,31,11-27,+22.0%,+6.69%,0.5335,28,✓ Yes,completed
2,33,33,11-27,+19.1%,+6.05%,0.5303,46,✓ Yes,completed
2,35,23,11-27,+25.0%,+58.59%,0.7929,4,✗ No,budget_exceeded
2,35,25,11-27,+25.0%,+54.02%,0.7701,6,✗ No,budget_exceeded
2,35,27,11-27,+23.4%,+6.32%,0.5316,12,✓ Yes,completed
2,35,29,11-27,+20.2%,+6.04%,0.5302,15,✓ Yes,completed
2,35,31,11-27,+16.4%,+5.32%,0.5266,16,✓ Yes,completed
2,35,33,11-27,+14.1%,+4.61%,0.5230,21,✓ Yes,completed
2,35,35,11-27,+11.7%,+3.80%,0.5190,38,✓ Yes,completed
2,37,23,11-27,+25.0%,+49.06%,0.7453,3,✗ No,budget_exceeded
2,37,25,11-27,+25.0%,+41.89%,0.7095,4,✗ No,budget_exceeded
2,37,27,11-27,+14.9%,+4.39%,0.5219,7,✓ Yes,completed
2,37,29,11-27,+13.7%,+4.13%,0.5207,8,✓ Yes,completed
2,37,31,11-27,+11.1%,+3.51%,0.5176,9,✓ Yes,completed
2,37,33,11-27,+9.7%,+3.16%,0.5158,12,✓ Yes,completed
2,37,35,11-27,+7.8%,+2.58%,0.5129,14,✓ Yes,completed
2,37,37,11-27,+6.1%,+2.07%,0.5103,17,✓ Yes,completed
2,39,23,11-27,+25.0%,+47.99%,0.7400,3,✗ No,budget_exceeded
2,39,25,11-27,+24.6%,+5.38%,0.5269,3,✓ Yes,completed
2,39,27,11-27,+12.4%,+3.48%,0.5174,5,✓ Yes,completed
2,39,29,11-27,+11.2%,+3.28%,0.5164,6,✓ Yes,completed
2,39,31,11-27,+8.7%,+2.70%,0.5135,7,✓ Yes,completed
2,39,33,11-27,+7.2%,+2.28%,0.5114,7,✓ Yes,completed
2,39,35,11-27,+5.6%,+1.89%,0.5095,9,✓ Yes,completed
2,39,37,11-27,+4.7%,+1.64%,0.5082,10,✓ Yes,completed
2,39,39,11-27,+3.6%,+1.25%,0.5063,15,✓ Yes,completed
2,41,23,11-27,+25.0%,+47.78%,0.7389,3,✗ No,budget_exceeded
2,41,25,11-27,+24.5%,+5.33%,0.5267,3,✓ Yes,completed
2,41,27,11-27,+8.8%,+2.33%,0.5117,4,✓ Yes,completed
2,41,29,11-27,+7.0%,+1.96%,0.5098,4,✓ Yes,completed
2,41,31,11-27,+6.0%,+1.85%,0.5092,4,✓ Yes,completed
2,41,33,11-27,+4.9%,+1.56%,0.5078,4,✓ Yes,completed
2,41,35,11-27,+4.0%,+1.34%,0.5067,5,✓ Yes,completed
2,41,37,11-27,+2.8%,+0.96%,0.5048,6,✓ Yes,completed
2,41,39,11-27,+2.1%,+0.76%,0.5038,7,✓ Yes,completed
2,41,41,11-27,+1.6%,+0.51%,0.5026,15,✓ Yes,completed
2,23,23,12-03,+25.0%,+97.59%,0.9880,2,✗ No,budget_exceeded
2,23,23,12-03,+25.0%,+97.59%,0.9880,2,✗ No,budget_exceeded
2,25,23,12-03,+25.0%,+97.50%,0.9875,2,✗ No,budget_exceeded
2,25,25,12-03,+25.0%,+95.88%,0.9794,13,✗ No,budget_exceeded
2,27,23,12-03,+25.0%,+97.50%,0.9875,2,✗ No,budget_exceeded
2,27,27,12-03,+25.0%,+85.76%,0.9288,24,✗ No,budget_exceeded
2,29,23,12-03,+25.0%,+89.21%,0.9461,4,✗ No,budget_exceeded
2,29,26,12-03,+25.0%,+82.12%,0.9106,10,✗ No,budget_exceeded
2,29,29,12-03,+25.0%,+72.13%,0.8606,45,✗ No,budget_exceeded
2,31,23,12-03,+25.0%,+88.29%,0.9415,3,✗ No,budget_exceeded
2,31,26,12-03,+25.0%,+81.55%,0.9078,7,✗ No,budget_exceeded
2,31,29,12-03,+25.0%,+70.24%,0.8512,22,✗ No,budget_exceeded
2,31,31,12-03,+25.0%,+59.30%,0.7965,57,✗ No,budget_exceeded
2,33,23,12-03,+25.0%,+85.10%,0.9255,4,✗ No,budget_exceeded
2,33,25,12-03,+25.0%,+76.46%,0.8823,7,✗ No,budget_exceeded
2,33,27,12-03,+25.0%,+69.13%,0.8456,15,✗ No,budget_exceeded
2,33,29,12-03,+25.0%,+59.71%,0.7986,23,✗ No,budget_exceeded
2,33,31,12-03,+22.0%,+6.62%,0.5331,28,✓ Yes,completed
2,33,33,12-03,+19.1%,+6.34%,0.5317,46,✓ Yes,completed
2,35,23,12-03,+25.0%,+68.42%,0.8421,4,✗ No,budget_exceeded
2,35,25,12-03,+25.0%,+63.85%,0.8192,6,✗ No,budget_exceeded
2,35,27,12-03,+23.4%,+6.08%,0.5304,12,✓ Yes,completed
2,35,29,12-03,+20.2%,+6.23%,0.5312,15,✓ Yes,completed
2,35,31,12-03,+16.4%,+5.60%,0.5280,16,✓ Yes,completed
2,35,33,12-03,+14.1%,+5.21%,0.5261,21,✓ Yes,completed
2,35,35,12-03,+11.7%,+4.68%,0.5234,38,✓ Yes,completed
2,37,23,12-03,+25.0%,+58.87%,0.7943,3,✗ No,budget_exceeded
2,37,25,12-03,+25.0%,+51.69%,0.7585,4,✗ No,budget_exceeded
2,37,27,12-03,+14.9%,+4.85%,0.5243,7,✓ Yes,completed
2,37,29,12-03,+13.7%,+4.78%,0.5239,8,✓ Yes,completed
2,37,31,12-03,+11.1%,+4.41%,0.5221,9,✓ Yes,completed
2,37,33,12-03,+9.7%,+4.12%,0.5206,12,✓ Yes,completed
2,37,35,12-03,+7.8%,+3.56%,0.5178,14,✓ Yes,completed
2,37,37,12-03,+6.1%,+2.98%,0.5149,17,✓ Yes,completed
2,39,23,12-03,+25.0%,+57.80%,0.7890,3,✗ No,budget_exceeded
2,39,25,12-03,+24.6%,+5.24%,0.5262,3,✓ Yes,completed
2,39,27,12-03,+12.4%,+4.29%,0.5214,5,✓ Yes,completed
2,39,29,12-03,+11.2%,+4.18%,0.5209,6,✓ Yes,completed
2,39,31,12-03,+8.7%,+3.68%,0.5184,7,✓ Yes,completed
2,39,33,12-03,+7.2%,+3.25%,0.5162,7,✓ Yes,completed
2,39,35,12-03,+5.6%,+2.74%,0.5137,9,✓ Yes,completed
2,39,37,12-03,+4.7%,+2.35%,0.5117,10,✓ Yes,completed
2,39,39,12-03,+3.6%,+1.83%,0.5092,15,✓ Yes,completed
2,41,23,12-03,+25.0%,+57.59%,0.7880,3,✗ No,budget_exceeded
2,41,25,12-03,+24.5%,+5.18%,0.5259,3,✓ Yes,completed
2,41,27,12-03,+8.8%,+3.30%,0.5165,4,✓ Yes,completed
2,41,29,12-03,+7.0%,+2.90%,0.5145,4,✓ Yes,completed
2,41,31,12-03,+6.0%,+2.76%,0.5138,4,✓ Yes,completed
2,41,33,12-03,+4.9%,+2.30%,0.5115,4,✓ Yes,completed
2,41,35,12-03,+4.0%,+2.00%,0.5100,5,✓ Yes,completed
2,41,37,12-03,+2.8%,+1.42%,0.5071,6,✓ Yes,completed
2,41,39,12-03,+2.1%,+1.15%,0.5057,7,✓ Yes,completed
2,41,41,12-03,+1.6%,+0.87%,0.5044,15,✓ Yes,completed
2,23,23,12-09,+25.0%,+93.16%,0.9658,14,✗ No,budget_exceeded
2,23,23,12-09,+25.0%,+93.16%,0.9658,14,✗ No,budget_exceeded
2,25,23,12-09,+25.0%,+91.31%,0.9565,6,✗ No,budget_exceeded
2,25,25,12-09,+25.0%,+88.00%,0.9400,19,✗ No,budget_exceeded
2,27,23,12-09,+25.0%,+89.46%,0.9473,6,✗ No,budget_exceeded
2,27,27,12-09,+25.0%,+84.02%,0.9201,24,✗ No,budget_exceeded
2,29,23,12-09,+25.0%,+85.33%,0.9266,6,✗ No,budget_exceeded
2,29,26,12-09,+25.0%,+81.56%,0.9078,12,✗ No,budget_exceeded
2,29,29,12-09,+25.0%,+73.01%,0.8650,43,✗ No,budget_exceeded
2,31,23,12-09,+25.0%,+84.59%,0.9230,5,✗ No,budget_exceeded
2,31,26,12-09,+25.0%,+81.07%,0.9053,8,✗ No,budget_exceeded
2,31,29,12-09,+25.0%,+71.59%,0.8579,20,✗ No,budget_exceeded
2,31,31,12-09,+22.9%,+5.58%,0.5279,67,✓ Yes,completed
2,33,23,12-09,+25.0%,+80.15%,0.9007,5,✗ No,budget_exceeded
2,33,25,12-09,+25.0%,+77.61%,0.8880,6,✗ No,budget_exceeded
2,33,27,12-09,+25.0%,+72.31%,0.8616,13,✗ No,budget_exceeded
2,33,29,12-09,+22.5%,+5.45%,0.5273,21,✓ Yes,completed
2,33,31,12-09,+17.0%,+4.42%,0.5221,24,✓ Yes,completed
2,33,33,12-09,+14.5%,+3.82%,0.5191,38,✓ Yes,completed
2,35,23,12-09,+25.0%,+68.49%,0.8424,3,✗ No,budget_exceeded
2,35,25,12-09,+25.0%,+67.33%,0.8367,4,✗ No,budget_exceeded
2,35,27,12-09,+18.9%,+4.17%,0.5208,9,✓ Yes,completed
2,35,29,12-09,+15.7%,+3.75%,0.5187,12,✓ Yes,completed
2,35,31,12-09,+12.0%,+3.22%,0.5161,13,✓ Yes,completed
2,35,33,12-09,+10.1%,+3.10%,0.5155,16,✓ Yes,completed
2,35,35,12-09,+8.0%,+2.75%,0.5138,32,✓ Yes,completed
2,37,23,12-09,+24.5%,+3.99%,0.5200,2,✓ Yes,completed
2,37,25,12-09,+21.2%,+3.82%,0.5191,2,✓ Yes,completed
2,37,27,12-09,+10.7%,+2.68%,0.5134,5,✓ Yes,completed
2,37,29,12-09,+9.5%,+2.73%,0.5136,6,✓ Yes,completed
2,37,31,12-09,+6.9%,+2.30%,0.5115,7,✓ Yes,completed
2,37,33,12-09,+5.9%,+2.03%,0.5101,8,✓ Yes,completed
2,37,35,12-09,+4.6%,+1.61%,0.5081,9,✓ Yes,completed
2,37,37,12-09,+3.9%,+1.50%,0.5075,10,✓ Yes,completed
2,39,23,12-09,+24.3%,+3.95%,0.5198,2,✓ Yes,completed
2,39,25,12-09,+21.1%,+3.76%,0.5188,2,✓ Yes,completed
2,39,27,12-09,+9.1%,+2.49%,0.5124,4,✓ Yes,completed
2,39,29,12-09,+7.9%,+2.38%,0.5119,5,✓ Yes,completed
2,39,31,12-09,+5.5%,+1.78%,0.5089,6,✓ Yes,completed
2,39,33,12-09,+5.0%,+1.66%,0.5083,6,✓ Yes,completed
2,39,35,12-09,+3.6%,+1.39%,0.5070,7,✓ Yes,completed
2,39,37,12-09,+3.1%,+1.26%,0.5063,7,✓ Yes,completed
2,39,39,12-09,+2.1%,+0.90%,0.5045,11,✓ Yes,completed
2,41,23,12-09,+24.1%,+3.89%,0.5195,2,✓ Yes,completed
2,41,25,12-09,+20.9%,+3.68%,0.5184,2,✓ Yes,completed
2,41,27,12-09,+5.5%,+1.38%,0.5069,3,✓ Yes,completed
2,41,29,12-09,+3.7%,+1.10%,0.5055,3,✓ Yes,completed
2,41,31,12-09,+2.8%,+0.99%,0.5050,3,✓ Yes,completed
2,41,33,12-09,+2.6%,+0.97%,0.5048,3,✓ Yes,completed
2,41,35,12-09,+2.1%,+0.89%,0.5044,3,✓ Yes,completed
2,41,37,12-09,+1.8%,+0.80%,0.5040,3,✓ Yes,completed
2,41,39,12-09,+1.2%,+0.57%,0.5028,4,✓ Yes,completed
2,41,41,12-09,+0.9%,+0.42%,0.5021,11,✓ Yes,completed
3,29,27,11-19,+25.0%,+77.07%,0.8854,20,✗ No,budget_exceeded
3,29,29,11-19,+25.0%,+59.29%,0.7964,55,✗ No,budget_exceeded
3,30,27,11-19,+25.0%,+74.62%,0.8731,19,✗ No,budget_exceeded
3,30,28,11-19,+25.0%,+61.58%,0.8079,27,✗ No,budget_exceeded
3,30,29,11-19,+25.0%,+53.45%,0.7673,43,✗ No,budget_exceeded
3,30,30,11-19,+25.0%,+48.14%,0.7407,68,✗ No,budget_exceeded
3,31,27,11-19,+25.0%,+59.73%,0.7986,19,✗ No,budget_exceeded
3,31,28,11-19,+25.0%,+52.15%,0.7607,26,✗ No,budget_exceeded
3,31,29,11-19,+25.0%,+48.00%,0.7400,36,✗ No,budget_exceeded
3,31,30,11-19,+25.0%,+43.28%,0.7164,45,✗ No,budget_exceeded
3,31,31,11-19,+25.0%,+38.78%,0.6939,65,✗ No,budget_exceeded
3,32,27,11-19,+25.0%,+53.50%,0.7675,18,✗ No,budget_exceeded
3,32,28,11-19,+25.0%,+48.60%,0.7430,23,✗ No,budget_exceeded
3,32,29,11-19,+25.0%,+43.03%,0.7151,31,✗ No,budget_exceeded
3,32,30,11-19,+25.0%,+39.10%,0.6955,34,✗ No,budget_exceeded
3,32,31,11-19,+25.0%,+34.76%,0.6738,42,✗ No,budget_exceeded
3,32,32,11-19,+24.7%,+6.06%,0.5303,67,✓ Yes,completed
3,33,27,11-19,+25.0%,+48.49%,0.7424,18,✗ No,budget_exceeded
3,33,28,11-19,+25.0%,+44.83%,0.7242,21,✗ No,budget_exceeded
3,33,29,11-19,+25.0%,+38.65%,0.6933,26,✗ No,budget_exceeded
3,33,30,11-19,+25.0%,+36.06%,0.6803,26,✗ No,budget_exceeded
3,33,31,11-19,+23.5%,+5.89%,0.5294,31,✓ Yes,completed
3,33,32,11-19,+22.0%,+5.57%,0.5279,35,✓ Yes,completed
3,33,33,11-19,+20.2%,+5.23%,0.5262,50,✓ Yes,completed
3,34,27,11-19,+25.0%,+46.14%,0.7307,16,✗ No,budget_exceeded
3,34,28,11-19,+25.0%,+44.27%,0.7214,19,✗ No,budget_exceeded
3,34,29,11-19,+25.0%,+37.94%,0.6897,22,✗ No,budget_exceeded
3,34,30,11-19,+25.0%,+34.34%,0.6717,25,✗ No,budget_exceeded
3,34,31,11-19,+22.7%,+5.63%,0.5282,26,✓ Yes,completed
3,34,32,11-19,+21.2%,+5.40%,0.5270,28,✓ Yes,completed
3,34,33,11-19,+19.9%,+5.22%,0.5261,32,✓ Yes,completed
3,34,33,11-19,+18.1%,+4.91%,0.5245,37,✓ Yes,completed
3,34,34,11-19,+16.2%,+4.44%,0.5222,58,✓ Yes,completed
3,35,27,11-19,+24.6%,+5.48%,0.5274,13,✓ Yes,completed
3,35,28,11-19,+23.7%,+5.41%,0.5270,14,✓ Yes,completed
3,35,29,11-19,+22.2%,+5.20%,0.5260,15,✓ Yes,completed
3,35,30,11-19,+20.6%,+5.05%,0.5252,16,✓ Yes,completed
3,35,31,11-19,+18.6%,+4.85%,0.5243,16,✓ Yes,completed
3,35,32,11-19,+16.9%,+4.65%,0.5233,17,✓ Yes,completed
3,35,33,11-19,+15.9%,+4.43%,0.5221,19,✓ Yes,completed
3,35,34,11-19,+14.6%,+4.45%,0.5223,23,✓ Yes,completed
3,35,34,11-19,+13.3%,+4.26%,0.5213,28,✓ Yes,completed
3,35,35,11-19,+12.2%,+3.88%,0.5194,39,✓ Yes,completed
3,36,27,11-19,+23.1%,+5.11%,0.5256,11,✓ Yes,completed
3,36,28,11-19,+21.3%,+4.91%,0.5246,11,✓ Yes,completed
3,36,29,11-19,+20.1%,+4.84%,0.5242,12,✓ Yes,completed
3,36,30,11-19,+18.1%,+4.62%,0.5231,13,✓ Yes,completed
3,36,31,11-19,+16.3%,+4.43%,0.5222,13,✓ Yes,completed
3,36,32,11-19,+14.9%,+4.40%,0.5220,14,✓ Yes,completed
3,36,33,11-19,+14.6%,+4.42%,0.5221,14,✓ Yes,completed
3,36,34,11-19,+13.6%,+4.31%,0.5216,18,✓ Yes,completed
3,36,34,11-19,+12.1%,+3.86%,0.5193,20,✓ Yes,completed
3,36,35,11-19,+11.0%,+3.56%,0.5178,21,✓ Yes,completed
3,36,36,11-19,+9.6%,+3.04%,0.5152,32,✓ Yes,completed
3,37,27,11-19,+16.1%,+3.90%,0.5195,8,✓ Yes,completed
3,37,28,11-19,+15.5%,+3.96%,0.5198,8,✓ Yes,completed
3,37,29,11-19,+14.7%,+4.06%,0.5203,9,✓ Yes,completed
3,37,30,11-19,+14.3%,+4.09%,0.5205,9,✓ Yes,completed
3,37,31,11-19,+13.1%,+4.01%,0.5201,9,✓ Yes,completed
3,37,32,11-19,+11.6%,+3.57%,0.5179,10,✓ Yes,completed
3,37,33,11-19,+11.4%,+3.53%,0.5177,10,✓ Yes,completed
3,37,34,11-19,+10.2%,+3.25%,0.5163,13,✓ Yes,completed
3,37,35,11-19,+9.2%,+2.92%,0.5146,14,✓ Yes,completed
3,37,35,11-19,+8.4%,+2.64%,0.5132,15,✓ Yes,completed
3,37,36,11-19,+7.3%,+2.52%,0.5126,17,✓ Yes,completed
3,37,37,11-19,+6.6%,+2.32%,0.5116,18,✓ Yes,completed
3,29,27,11-22,+25.0%,+67.46%,0.8373,20,✗ No,budget_exceeded
3,29,29,11-22,+25.0%,+57.43%,0.7872,55,✗ No,budget_exceeded
3,30,27,11-22,+25.0%,+65.28%,0.8264,18,✗ No,budget_exceeded
3,30,28,11-22,+25.0%,+57.16%,0.7858,28,✗ No,budget_exceeded
3,30,29,11-22,+25.0%,+53.49%,0.7675,40,✗ No,budget_exceeded
3,30,30,11-22,+25.0%,+48.14%,0.7407,66,✗ No,budget_exceeded
3,31,27,11-22,+25.0%,+57.24%,0.7862,18,✗ No,budget_exceeded
3,31,28,11-22,+25.0%,+53.10%,0.7655,24,✗ No,budget_exceeded
3,31,29,11-22,+25.0%,+48.26%,0.7413,34,✗ No,budget_exceeded
3,31,30,11-22,+25.0%,+44.87%,0.7244,41,✗ No,budget_exceeded
3,31,31,11-22,+25.0%,+41.44%,0.7072,59,✗ No,budget_exceeded
3,32,27,11-22,+25.0%,+53.66%,0.7683,17,✗ No,budget_exceeded
3,32,28,11-22,+25.0%,+49.99%,0.7499,20,✗ No,budget_exceeded
3,32,29,11-22,+25.0%,+44.79%,0.7239,27,✗ No,budget_exceeded
3,32,30,11-22,+25.0%,+41.61%,0.7080,29,✗ No,budget_exceeded
3,32,31,11-22,+25.0%,+18.91%,0.5945,42,✗ No,budget_exceeded
3,32,32,11-22,+23.1%,+6.11%,0.5305,61,✓ Yes,completed
3,33,27,11-22,+25.0%,+51.04%,0.7552,15,✗ No,budget_exceeded
3,33,28,11-22,+25.0%,+45.59%,0.7280,20,✗ No,budget_exceeded
3,33,29,11-22,+25.0%,+41.68%,0.7084,23,✗ No,budget_exceeded
3,33,30,11-22,+24.9%,+6.56%,0.5328,25,✓ Yes,completed
3,33,31,11-22,+22.0%,+5.93%,0.5297,28,✓ Yes,completed
3,33,32,11-22,+20.7%,+5.61%,0.5280,31,✓ Yes,completed
3,33,33,11-22,+19.1%,+5.19%,0.5259,46,✓ Yes,completed
3,34,27,11-22,+25.0%,+47.40%,0.7370,15,✗ No,budget_exceeded
3,34,28,11-22,+25.0%,+45.03%,0.7252,18,✗ No,budget_exceeded
3,34,29,11-22,+25.0%,+41.09%,0.7054,19,✗ No,budget_exceeded
3,34,30,11-22,+24.7%,+6.41%,0.5320,23,✓ Yes,completed
3,34,31,11-22,+21.3%,+5.69%,0.5284,23,✓ Yes,completed
3,34,32,11-22,+20.1%,+5.43%,0.5272,25,✓ Yes,completed
3,34,33,11-22,+18.9%,+5.16%,0.5258,29,✓ Yes,completed
3,34,33,11-22,+17.2%,+4.73%,0.5236,34,✓ Yes,completed
3,34,34,11-22,+15.3%,+4.25%,0.5213,55,✓ Yes,completed
3,35,27,11-22,+23.4%,+5.67%,0.5283,12,✓ Yes,completed
3,35,28,11-22,+22.7%,+5.57%,0.5278,13,✓ Yes,completed
3,35,29,11-22,+21.2%,+5.35%,0.5267,14,✓ Yes,completed
3,35,30,11-22,+19.7%,+5.08%,0.5254,15,✓ Yes,completed
3,35,31,11-22,+17.7%,+4.74%,0.5237,15,✓ Yes,completed
3,35,32,11-22,+16.3%,+4.46%,0.5223,16,✓ Yes,completed
3,35,33,11-22,+15.2%,+4.28%,0.5214,18,✓ Yes,completed
3,35,34,11-22,+13.9%,+4.04%,0.5202,22,✓ Yes,completed
3,35,34,11-22,+12.7%,+3.79%,0.5190,27,✓ Yes,completed
3,35,35,11-22,+11.7%,+3.53%,0.5177,38,✓ Yes,completed
3,36,27,11-22,+21.9%,+5.30%,0.5265,10,✓ Yes,completed
3,36,28,11-22,+20.2%,+5.00%,0.5250,10,✓ Yes,completed
3,36,29,11-22,+19.2%,+4.84%,0.5242,11,✓ Yes,completed
3,36,30,11-22,+17.3%,+4.45%,0.5223,12,✓ Yes,completed
3,36,31,11-22,+15.5%,+4.23%,0.5212,12,✓ Yes,completed
3,36,32,11-22,+14.3%,+4.06%,0.5203,13,✓ Yes,completed
3,36,33,11-22,+14.0%,+4.02%,0.5201,13,✓ Yes,completed
3,36,34,11-22,+13.0%,+3.82%,0.5191,17,✓ Yes,completed
3,36,34,11-22,+11.5%,+3.54%,0.5177,19,✓ Yes,completed
3,36,35,11-22,+10.4%,+3.25%,0.5162,20,✓ Yes,completed
3,36,36,11-22,+9.0%,+3.12%,0.5156,31,✓ Yes,completed
3,37,27,11-22,+14.9%,+3.72%,0.5186,7,✓ Yes,completed
3,37,28,11-22,+14.5%,+3.72%,0.5186,7,✓ Yes,completed
3,37,29,11-22,+13.8%,+3.66%,0.5183,8,✓ Yes,completed
3,37,30,11-22,+13.5%,+3.63%,0.5182,8,✓ Yes,completed
3,37,31,11-22,+12.3%,+3.51%,0.5176,8,✓ Yes,completed
3,37,32,11-22,+11.0%,+3.28%,0.5164,9,✓ Yes,completed
3,37,33,11-22,+10.8%,+3.23%,0.5162,9,✓ Yes,completed
3,37,34,11-22,+9.7%,+3.12%,0.5156,12,✓ Yes,completed
3,37,35,11-22,+8.7%,+3.07%,0.5154,13,✓ Yes,completed
3,37,35,11-22,+7.8%,+2.91%,0.5145,14,✓ Yes,completed
3,37,36,11-22,+6.8%,+2.52%,0.5126,16,✓ Yes,completed
3,37,37,11-22,+6.1%,+2.28%,0.5114,17,✓ Yes,completed
3,29,27,11-25,+25.0%,+71.10%,0.8555,19,✗ No,budget_exceeded
3,29,29,11-25,+25.0%,+61.86%,0.8093,53,✗ No,budget_exceeded
3,30,27,11-25,+25.0%,+69.35%,0.8468,17,✗ No,budget_exceeded
3,30,28,11-25,+25.0%,+61.69%,0.8084,27,✗ No,budget_exceeded
3,30,29,11-25,+25.0%,+58.00%,0.7900,39,✗ No,budget_exceeded
3,30,30,11-25,+25.0%,+53.03%,0.7652,64,✗ No,budget_exceeded
3,31,27,11-25,+25.0%,+62.14%,0.8107,18,✗ No,budget_exceeded
3,31,28,11-25,+25.0%,+58.00%,0.7900,24,✗ No,budget_exceeded
3,31,29,11-25,+25.0%,+53.16%,0.7658,34,✗ No,budget_exceeded
3,31,30,11-25,+25.0%,+49.77%,0.7489,41,✗ No,budget_exceeded
3,31,31,11-25,+25.0%,+46.34%,0.7317,59,✗ No,budget_exceeded
3,32,27,11-25,+25.0%,+58.56%,0.7928,17,✗ No,budget_exceeded
3,32,28,11-25,+25.0%,+54.89%,0.7744,20,✗ No,budget_exceeded
3,32,29,11-25,+25.0%,+49.69%,0.7484,27,✗ No,budget_exceeded
3,32,30,11-25,+25.0%,+46.50%,0.7325,29,✗ No,budget_exceeded
3,32,31,11-25,+25.0%,+23.80%,0.6190,42,✗ No,budget_exceeded
3,32,32,11-25,+23.1%,+6.70%,0.5335,61,✓ Yes,completed
3,33,27,11-25,+25.0%,+55.94%,0.7797,15,✗ No,budget_exceeded
3,33,28,11-25,+25.0%,+50.49%,0.7525,20,✗ No,budget_exceeded
3,33,29,11-25,+25.0%,+46.58%,0.7329,23,✗ No,budget_exceeded
3,33,30,11-25,+24.9%,+7.01%,0.5351,25,✓ Yes,completed
3,33,31,11-25,+22.0%,+6.55%,0.5327,28,✓ Yes,completed
3,33,32,11-25,+20.7%,+6.27%,0.5314,31,✓ Yes,completed
3,33,33,11-25,+19.1%,+5.77%,0.5289,46,✓ Yes,completed
3,34,27,11-25,+25.0%,+52.30%,0.7615,15,✗ No,budget_exceeded
3,34,28,11-25,+25.0%,+49.93%,0.7497,18,✗ No,budget_exceeded
3,34,29,11-25,+25.0%,+45.99%,0.7299,19,✗ No,budget_exceeded
3,34,30,11-25,+24.7%,+6.88%,0.5344,23,✓ Yes,completed
3,34,31,11-25,+21.3%,+6.34%,0.5317,23,✓ Yes,completed
3,34,32,11-25,+20.1%,+6.07%,0.5303,25,✓ Yes,completed
3,34,33,11-25,+18.9%,+5.74%,0.5287,29,✓ Yes,completed
3,34,33,11-25,+17.2%,+5.22%,0.5261,34,✓ Yes,completed
3,34,34,11-25,+15.3%,+4.62%,0.5231,55,✓ Yes,completed
3,35,27,11-25,+23.4%,+6.25%,0.5312,12,✓ Yes,completed
3,35,28,11-25,+22.7%,+6.18%,0.5309,13,✓ Yes,completed
3,35,29,11-25,+21.2%,+6.00%,0.5300,14,✓ Yes,completed
3,35,30,11-25,+19.7%,+5.68%,0.5284,15,✓ Yes,completed
3,35,31,11-25,+17.7%,+5.24%,0.5262,15,✓ Yes,completed
3,35,32,11-25,+16.3%,+4.91%,0.5245,16,✓ Yes,completed
3,35,33,11-25,+15.2%,+4.64%,0.5232,18,✓ Yes,completed
3,35,34,11-25,+13.9%,+4.29%,0.5214,22,✓ Yes,completed
3,35,34,11-25,+12.7%,+3.94%,0.5197,27,✓ Yes,completed
3,35,35,11-25,+11.7%,+3.57%,0.5179,38,✓ Yes,completed
3,36,27,11-25,+21.9%,+5.92%,0.5296,10,✓ Yes,completed
3,36,28,11-25,+20.2%,+5.65%,0.5282,10,✓ Yes,completed
3,36,29,11-25,+19.2%,+5.42%,0.5271,11,✓ Yes,completed
3,36,30,11-25,+17.3%,+4.95%,0.5247,12,✓ Yes,completed
3,36,31,11-25,+15.5%,+4.61%,0.5230,12,✓ Yes,completed
3,36,32,11-25,+14.3%,+4.33%,0.5217,13,✓ Yes,completed
3,36,33,11-25,+14.0%,+4.26%,0.5213,13,✓ Yes,completed
3,36,34,11-25,+13.0%,+4.01%,0.5200,17,✓ Yes,completed
3,36,34,11-25,+11.5%,+3.56%,0.5178,19,✓ Yes,completed
3,36,35,11-25,+10.4%,+3.29%,0.5164,20,✓ Yes,completed
3,36,36,11-25,+9.0%,+2.90%,0.5145,31,✓ Yes,completed
3,37,27,11-25,+14.9%,+4.05%,0.5202,7,✓ Yes,completed
3,37,28,11-25,+14.5%,+4.00%,0.5200,7,✓ Yes,completed
3,37,29,11-25,+13.8%,+3.89%,0.5194,8,✓ Yes,completed
3,37,30,11-25,+13.5%,+3.84%,0.5192,8,✓ Yes,completed
3,37,31,11-25,+12.3%,+3.62%,0.5181,8,✓ Yes,completed
3,37,32,11-25,+11.0%,+3.29%,0.5165,9,✓ Yes,completed
3,37,33,11-25,+10.8%,+3.26%,0.5163,9,✓ Yes,completed
3,37,34,11-25,+9.7%,+3.03%,0.5152,12,✓ Yes,completed
3,37,35,11-25,+8.7%,+2.82%,0.5141,13,✓ Yes,completed
3,37,35,11-25,+7.8%,+2.61%,0.5131,14,✓ Yes,completed
3,37,36,11-25,+6.8%,+2.34%,0.5117,16,✓ Yes,completed
3,37,37,11-25,+6.1%,+2.17%,0.5108,17,✓ Yes,completed
3,29,27,11-28,+25.0%,+74.17%,0.8708,15,✗ No,budget_exceeded
3,29,29,11-28,+25.0%,+65.34%,0.8267,48,✗ No,budget_exceeded
3,30,27,11-28,+25.0%,+73.62%,0.8681,14,✗ No,budget_exceeded
3,30,28,11-28,+25.0%,+65.36%,0.8268,25,✗ No,budget_exceeded
3,30,29,11-28,+25.0%,+62.54%,0.8127,36,✗ No,budget_exceeded
3,30,30,11-28,+25.0%,+57.24%,0.7862,61,✓ Yes,budget_exceeded
3,31,27,11-28,+25.0%,+66.96%,0.8348,17,✗ No,budget_exceeded
3,31,28,11-28,+25.0%,+62.81%,0.8140,23,✗ No,budget_exceeded
3,31,29,11-28,+25.0%,+58.04%,0.7902,33,✗ No,budget_exceeded
3,31,30,11-28,+25.0%,+54.73%,0.7737,40,✗ No,budget_exceeded
3,31,31,11-28,+25.0%,+51.29%,0.7565,58,✗ No,budget_exceeded
3,32,27,11-28,+25.0%,+63.61%,0.8181,17,✗ No,budget_exceeded
3,32,28,11-28,+25.0%,+59.94%,0.7997,20,✗ No,budget_exceeded
3,32,29,11-28,+25.0%,+54.73%,0.7737,27,✗ No,budget_exceeded
3,32,30,11-28,+25.0%,+51.54%,0.7577,29,✗ No,budget_exceeded
3,32,31,11-28,+25.0%,+28.81%,0.6440,42,✗ No,budget_exceeded
3,32,32,11-28,+23.1%,+6.94%,0.5347,61,✓ Yes,completed
3,33,27,11-28,+25.0%,+60.99%,0.8050,15,✗ No,budget_exceeded
3,33,28,11-28,+25.0%,+55.53%,0.7777,20,✗ No,budget_exceeded
3,33,29,11-28,+25.0%,+51.62%,0.7581,23,✗ No,budget_exceeded
3,33,30,11-28,+24.9%,+7.09%,0.5355,25,✓ Yes,completed
3,33,31,11-28,+22.0%,+6.89%,0.5345,28,✓ Yes,completed
3,33,32,11-28,+20.7%,+6.70%,0.5335,31,✓ Yes,completed
3,33,33,11-28,+19.1%,+6.33%,0.5317,46,✓ Yes,completed
3,34,27,11-28,+25.0%,+57.34%,0.7867,15,✗ No,budget_exceeded
3,34,28,11-28,+25.0%,+54.97%,0.7749,18,✗ No,budget_exceeded
3,34,29,11-28,+25.0%,+51.02%,0.7551,19,✗ No,budget_exceeded
3,34,30,11-28,+24.7%,+6.95%,0.5348,23,✓ Yes,completed
3,34,31,11-28,+21.3%,+6.72%,0.5336,23,✓ Yes,completed
3,34,32,11-28,+20.1%,+6.54%,0.5327,25,✓ Yes,completed
3,34,33,11-28,+18.9%,+6.33%,0.5316,29,✓ Yes,completed
3,34,33,11-28,+17.2%,+5.91%,0.5296,34,✓ Yes,completed
3,34,34,11-28,+15.3%,+5.37%,0.5268,55,✓ Yes,completed
3,35,27,11-28,+23.4%,+6.46%,0.5323,12,✓ Yes,completed
3,35,28,11-28,+22.7%,+6.45%,0.5323,13,✓ Yes,completed
3,35,29,11-28,+21.2%,+6.39%,0.5320,14,✓ Yes,completed
3,35,30,11-28,+19.7%,+6.19%,0.5309,15,✓ Yes,completed
3,35,31,11-28,+17.7%,+5.92%,0.5296,15,✓ Yes,completed
3,35,32,11-28,+16.3%,+5.62%,0.5281,16,✓ Yes,completed
3,35,33,11-28,+15.2%,+5.39%,0.5270,18,✓ Yes,completed
3,35,34,11-28,+13.9%,+4.96%,0.5248,22,✓ Yes,completed
3,35,34,11-28,+12.7%,+4.56%,0.5228,27,✓ Yes,completed
3,35,35,11-28,+11.7%,+4.15%,0.5207,38,✓ Yes,completed
3,36,27,11-28,+21.9%,+6.27%,0.5313,10,✓ Yes,completed
3,36,28,11-28,+20.2%,+6.10%,0.5305,10,✓ Yes,completed
3,36,29,11-28,+19.2%,+5.98%,0.5299,11,✓ Yes,completed
3,36,30,11-28,+17.3%,+5.64%,0.5282,12,✓ Yes,completed
3,36,31,11-28,+15.5%,+5.35%,0.5268,12,✓ Yes,completed
3,36,32,11-28,+14.3%,+5.04%,0.5252,13,✓ Yes,completed
3,36,33,11-28,+14.0%,+4.94%,0.5247,13,✓ Yes,completed
3,36,34,11-28,+13.0%,+4.64%,0.5232,17,✓ Yes,completed
3,36,34,11-28,+11.5%,+4.14%,0.5207,19,✓ Yes,completed
3,36,35,11-28,+10.4%,+3.78%,0.5189,20,✓ Yes,completed
3,36,36,11-28,+9.0%,+3.27%,0.5164,31,✓ Yes,completed
3,37,27,11-28,+14.9%,+4.79%,0.5240,7,✓ Yes,completed
3,37,28,11-28,+14.5%,+4.72%,0.5236,7,✓ Yes,completed
3,37,29,11-28,+13.8%,+4.56%,0.5228,8,✓ Yes,completed
3,37,30,11-28,+13.5%,+4.51%,0.5226,8,✓ Yes,completed
3,37,31,11-28,+12.3%,+4.21%,0.5211,8,✓ Yes,completed
3,37,32,11-28,+11.0%,+3.85%,0.5192,9,✓ Yes,completed
3,37,33,11-28,+10.8%,+3.79%,0.5190,9,✓ Yes,completed
3,37,34,11-28,+9.7%,+3.46%,0.5173,12,✓ Yes,completed
3,37,35,11-28,+8.7%,+3.17%,0.5158,13,✓ Yes,completed
3,37,35,11-28,+7.8%,+2.90%,0.5145,14,✓ Yes,completed
3,37,36,11-28,+6.8%,+2.52%,0.5126,16,✓ Yes,completed
3,37,37,11-28,+6.1%,+2.29%,0.5114,17,✓ Yes,completed
3,29,27,12-01,+25.0%,+78.21%,0.8910,14,✗ No,budget_exceeded
3,29,29,12-01,+25.0%,+69.14%,0.8457,46,✗ No,budget_exceeded
3,30,27,12-01,+25.0%,+76.11%,0.8805,15,✗ No,budget_exceeded
3,30,28,12-01,+25.0%,+69.68%,0.8484,23,✗ No,budget_exceeded
3,30,29,12-01,+25.0%,+66.77%,0.8339,35,✗ No,budget_exceeded
3,30,30,12-01,+25.0%,+61.71%,0.8086,60,✗ No,budget_exceeded
3,31,27,12-01,+25.0%,+71.63%,0.8582,16,✗ No,budget_exceeded
3,31,28,12-01,+25.0%,+67.47%,0.8373,22,✗ No,budget_exceeded
3,31,29,12-01,+25.0%,+62.71%,0.8135,32,✗ No,budget_exceeded
3,31,30,12-01,+25.0%,+59.48%,0.7974,39,✗ No,budget_exceeded
3,31,31,12-01,+25.0%,+56.12%,0.7806,57,✗ No,budget_exceeded
3,32,27,12-01,+25.0%,+68.52%,0.8426,17,✗ No,budget_exceeded
3,32,28,12-01,+25.0%,+64.85%,0.8242,20,✗ No,budget_exceeded
3,32,29,12-01,+25.0%,+59.64%,0.7982,27,✗ No,budget_exceeded
3,32,30,12-01,+25.0%,+56.45%,0.7822,29,✗ No,budget_exceeded
3,32,31,12-01,+25.0%,+33.71%,0.6685,42,✗ No,budget_exceeded
3,32,32,12-01,+23.1%,+7.18%,0.5359,61,✓ Yes,completed
3,33,27,12-01,+25.0%,+65.90%,0.8295,15,✗ No,budget_exceeded
3,33,28,12-01,+25.0%,+60.44%,0.8022,20,✗ No,budget_exceeded
3,33,29,12-01,+25.0%,+56.53%,0.7826,23,✗ No,budget_exceeded
3,33,30,12-01,+24.9%,+7.24%,0.5362,25,✓ Yes,completed
3,33,31,12-01,+22.0%,+7.00%,0.5350,28,✓ Yes,completed
3,33,32,12-01,+20.7%,+6.71%,0.5336,31,✓ Yes,completed
3,33,33,12-01,+19.1%,+6.32%,0.5316,46,✓ Yes,completed
3,34,27,12-01,+25.0%,+62.25%,0.8113,15,✗ No,budget_exceeded
3,34,28,12-01,+25.0%,+59.88%,0.7994,18,✗ No,budget_exceeded
3,34,29,12-01,+25.0%,+55.93%,0.7796,19,✗ No,budget_exceeded
3,34,30,12-01,+24.7%,+7.11%,0.5356,23,✓ Yes,completed
3,34,31,12-01,+21.3%,+6.78%,0.5339,23,✓ Yes,completed
3,34,32,12-01,+20.1%,+6.55%,0.5327,25,✓ Yes,completed
3,34,33,12-01,+18.9%,+6.33%,0.5317,29,✓ Yes,completed
3,34,33,12-01,+17.2%,+6.09%,0.5304,34,✓ Yes,completed
3,34,34,12-01,+15.3%,+5.68%,0.5284,55,✓ Yes,completed
3,35,27,12-01,+23.4%,+6.72%,0.5336,12,✓ Yes,completed
3,35,28,12-01,+22.7%,+6.66%,0.5333,13,✓ Yes,completed
3,35,29,12-01,+21.2%,+6.43%,0.5322,14,✓ Yes,completed
3,35,30,12-01,+19.7%,+6.19%,0.5309,15,✓ Yes,completed
3,35,31,12-01,+17.7%,+6.05%,0.5303,15,✓ Yes,completed
3,35,32,12-01,+16.3%,+5.89%,0.5294,16,✓ Yes,completed
3,35,33,12-01,+15.2%,+5.71%,0.5286,18,✓ Yes,completed
3,35,34,12-01,+13.9%,+5.40%,0.5270,22,✓ Yes,completed
3,35,34,12-01,+12.7%,+5.11%,0.5255,27,✓ Yes,completed
3,35,35,12-01,+11.7%,+4.75%,0.5238,38,✓ Yes,completed
3,36,27,12-01,+21.9%,+6.38%,0.5319,10,✓ Yes,completed
3,36,28,12-01,+20.2%,+6.11%,0.5306,10,✓ Yes,completed
3,36,29,12-01,+19.2%,+5.97%,0.5298,11,✓ Yes,completed
3,36,30,12-01,+17.3%,+5.81%,0.5291,12,✓ Yes,completed
3,36,31,12-01,+15.5%,+5.67%,0.5283,12,✓ Yes,completed
3,36,32,12-01,+14.3%,+5.43%,0.5272,13,✓ Yes,completed
3,36,33,12-01,+14.0%,+5.37%,0.5269,13,✓ Yes,completed
3,36,34,12-01,+13.0%,+5.18%,0.5259,17,✓ Yes,completed
3,36,34,12-01,+11.5%,+4.74%,0.5237,19,✓ Yes,completed
3,36,35,12-01,+10.4%,+4.43%,0.5221,20,✓ Yes,completed
3,36,36,12-01,+9.0%,+3.90%,0.5195,31,✓ Yes,completed
3,37,27,12-01,+14.9%,+5.14%,0.5257,7,✓ Yes,completed
3,37,28,12-01,+14.5%,+5.11%,0.5255,7,✓ Yes,completed
3,37,29,12-01,+13.8%,+5.01%,0.5250,8,✓ Yes,completed
3,37,30,12-01,+13.5%,+4.99%,0.5250,8,✓ Yes,completed
3,37,31,12-01,+12.3%,+4.79%,0.5240,8,✓ Yes,completed
3,37,32,12-01,+11.0%,+4.46%,0.5223,9,✓ Yes,completed
3,37,33,12-01,+10.8%,+4.41%,0.5221,9,✓ Yes,completed
3,37,34,12-01,+9.7%,+4.13%,0.5206,12,✓ Yes,completed
3,37,35,12-01,+8.7%,+3.77%,0.5188,13,✓ Yes,completed
3,37,35,12-01,+7.8%,+3.47%,0.5174,14,✓ Yes,completed
3,37,36,12-01,+6.8%,+3.03%,0.5151,16,✓ Yes,completed
3,37,37,12-01,+6.1%,+2.77%,0.5139,17,✓ Yes,completed
3,29,27,12-04,+25.0%,+78.15%,0.8907,18,✗ No,budget_exceeded
3,29,29,12-04,+25.0%,+71.99%,0.8600,45,✗ No,budget_exceeded
3,30,27,12-04,+25.0%,+76.61%,0.8830,17,✗ No,budget_exceeded
3,30,28,12-04,+25.0%,+72.57%,0.8629,23,✗ No,budget_exceeded
3,30,29,12-04,+25.0%,+68.09%,0.8404,36,✗ No,budget_exceeded
3,30,30,12-04,+25.0%,+65.16%,0.8258,58,✗ No,budget_exceeded
3,31,27,12-04,+25.0%,+74.58%,0.8729,17,✗ No,budget_exceeded
3,31,28,12-04,+25.0%,+70.98%,0.8549,22,✗ No,budget_exceeded
3,31,29,12-04,+25.0%,+65.54%,0.8277,33,✗ No,budget_exceeded
3,31,30,12-04,+25.0%,+63.06%,0.8153,38,✗ No,budget_exceeded
3,31,31,12-04,+25.0%,+59.01%,0.7951,58,✗ No,budget_exceeded
3,32,27,12-04,+25.0%,+72.42%,0.8621,17,✗ No,budget_exceeded
3,32,28,12-04,+25.0%,+67.55%,0.8377,21,✗ No,budget_exceeded
3,32,29,12-04,+25.0%,+63.47%,0.8174,27,✗ No,budget_exceeded
3,32,30,12-04,+25.0%,+59.45%,0.7973,31,✗ No,budget_exceeded
3,32,31,12-04,+24.1%,+6.59%,0.5330,43,✓ Yes,completed
3,32,32,12-04,+22.1%,+6.25%,0.5312,62,✓ Yes,completed
3,33,27,12-04,+25.0%,+69.36%,0.8468,16,✗ No,budget_exceeded
3,33,28,12-04,+25.0%,+64.29%,0.8215,20,✗ No,budget_exceeded
3,33,29,12-04,+25.0%,+60.34%,0.8017,23,✗ No,budget_exceeded
3,33,30,12-04,+23.9%,+6.49%,0.5324,25,✓ Yes,completed
3,33,31,12-04,+21.0%,+6.13%,0.5306,28,✓ Yes,completed
3,33,32,12-04,+19.7%,+6.09%,0.5304,31,✓ Yes,completed
3,33,33,12-04,+18.2%,+6.01%,0.5300,44,✓ Yes,completed
3,34,27,12-04,+25.0%,+66.32%,0.8316,15,✗ No,budget_exceeded
3,34,28,12-04,+25.0%,+63.91%,0.8195,18,✗ No,budget_exceeded
3,34,29,12-04,+25.0%,+59.11%,0.7955,20,✗ No,budget_exceeded
3,34,30,12-04,+23.9%,+6.38%,0.5319,23,✓ Yes,completed
3,34,31,12-04,+20.5%,+6.09%,0.5304,23,✓ Yes,completed
3,34,32,12-04,+19.2%,+6.03%,0.5301,25,✓ Yes,completed
3,34,33,12-04,+18.0%,+6.01%,0.5301,29,✓ Yes,completed
3,34,33,12-04,+16.5%,+5.63%,0.5282,33,✓ Yes,completed
3,34,34,12-04,+14.7%,+5.07%,0.5253,54,✓ Yes,completed
3,35,27,12-04,+22.7%,+5.83%,0.5291,12,✓ Yes,completed
3,35,28,12-04,+21.9%,+5.76%,0.5288,13,✓ Yes,completed
3,35,29,12-04,+20.4%,+5.77%,0.5288,14,✓ Yes,completed
3,35,30,12-04,+18.9%,+5.76%,0.5288,15,✓ Yes,completed
3,35,31,12-04,+17.0%,+5.66%,0.5283,15,✓ Yes,completed
3,35,32,12-04,+15.5%,+5.30%,0.5265,16,✓ Yes,completed
3,35,33,12-04,+14.5%,+5.06%,0.5253,18,✓ Yes,completed
3,35,34,12-04,+13.4%,+4.84%,0.5242,21,✓ Yes,completed
3,35,34,12-04,+12.2%,+4.62%,0.5231,26,✓ Yes,completed
3,35,35,12-04,+11.3%,+4.42%,0.5221,37,✓ Yes,completed
3,36,27,12-04,+21.2%,+5.53%,0.5276,10,✓ Yes,completed
3,36,28,12-04,+19.5%,+5.57%,0.5279,10,✓ Yes,completed
3,36,29,12-04,+18.4%,+5.65%,0.5283,11,✓ Yes,completed
3,36,30,12-04,+16.5%,+5.35%,0.5267,12,✓ Yes,completed
3,36,31,12-04,+14.7%,+5.04%,0.5252,12,✓ Yes,completed
3,36,32,12-04,+13.6%,+4.80%,0.5240,13,✓ Yes,completed
3,36,33,12-04,+13.2%,+4.79%,0.5240,13,✓ Yes,completed
3,36,34,12-04,+12.4%,+4.67%,0.5234,16,✓ Yes,completed
3,36,34,12-04,+10.9%,+4.39%,0.5220,18,✓ Yes,completed
3,36,35,12-04,+10.0%,+4.18%,0.5209,19,✓ Yes,completed
3,36,36,12-04,+8.6%,+3.71%,0.5185,30,✓ Yes,completed
3,37,27,12-04,+14.2%,+4.49%,0.5225,7,✓ Yes,completed
3,37,28,12-04,+13.8%,+4.47%,0.5223,7,✓ Yes,completed
3,37,29,12-04,+13.1%,+4.46%,0.5223,8,✓ Yes,completed
3,37,30,12-04,+12.8%,+4.45%,0.5223,8,✓ Yes,completed
3,37,31,12-04,+11.6%,+4.33%,0.5216,8,✓ Yes,completed
3,37,32,12-04,+10.3%,+4.10%,0.5205,9,✓ Yes,completed
3,37,33,12-04,+10.1%,+4.07%,0.5204,9,✓ Yes,completed
3,37,34,12-04,+9.2%,+3.87%,0.5194,11,✓ Yes,completed
3,37,35,12-04,+8.2%,+3.61%,0.5181,12,✓ Yes,completed
3,37,35,12-04,+7.5%,+3.44%,0.5172,13,✓ Yes,completed
3,37,36,12-04,+6.5%,+3.06%,0.5153,15,✓ Yes,completed
3,37,37,12-04,+5.9%,+2.86%,0.5143,16,✓ Yes,completed
3,29,27,12-05,+25.0%,+76.61%,0.8830,20,✗ No,budget_exceeded
3,29,29,12-05,+25.0%,+71.10%,0.8555,47,✗ No,budget_exceeded
3,30,27,12-05,+25.0%,+75.47%,0.8773,19,✗ No,budget_exceeded
3,30,28,12-05,+25.0%,+71.69%,0.8584,24,✗ No,budget_exceeded
3,30,29,12-05,+25.0%,+67.29%,0.8365,37,✗ No,budget_exceeded
3,30,30,12-05,+25.0%,+64.79%,0.8239,58,✗ No,budget_exceeded
3,31,27,12-05,+25.0%,+74.00%,0.8700,18,✗ No,budget_exceeded
3,31,28,12-05,+25.0%,+68.25%,0.8413,25,✗ No,budget_exceeded
3,31,29,12-05,+25.0%,+65.18%,0.8259,33,✗ No,budget_exceeded
3,31,30,12-05,+25.0%,+62.66%,0.8133,38,✗ No,budget_exceeded
3,31,31,12-05,+25.0%,+13.54%,0.5677,71,✗ No,budget_exceeded
3,32,27,12-05,+25.0%,+72.15%,0.8607,17,✗ No,budget_exceeded
3,32,28,12-05,+25.0%,+66.49%,0.8324,22,✗ No,budget_exceeded
3,32,29,12-05,+25.0%,+63.07%,0.8154,27,✗ No,budget_exceeded
3,32,30,12-05,+25.0%,+40.69%,0.7034,34,✗ No,budget_exceeded
3,32,31,12-05,+22.3%,+5.77%,0.5289,43,✓ Yes,completed
3,32,32,12-05,+20.3%,+5.42%,0.5271,62,✓ Yes,completed
3,33,27,12-05,+25.0%,+68.09%,0.8405,17,✗ No,budget_exceeded
3,33,28,12-05,+25.0%,+63.91%,0.8196,20,✗ No,budget_exceeded
3,33,29,12-05,+25.0%,+6.12%,0.5306,25,✓ Yes,completed
3,33,30,12-05,+22.0%,+5.67%,0.5283,25,✓ Yes,completed
3,33,31,12-05,+19.2%,+5.30%,0.5265,28,✓ Yes,completed
3,33,32,12-05,+17.8%,+5.26%,0.5263,31,✓ Yes,completed
3,33,33,12-05,+16.4%,+5.18%,0.5259,44,✓ Yes,completed
3,34,27,12-05,+25.0%,+65.96%,0.8298,15,✗ No,budget_exceeded
3,34,28,12-05,+25.0%,+63.52%,0.8176,18,✗ No,budget_exceeded
3,34,29,12-05,+24.5%,+5.96%,0.5298,21,✓ Yes,completed
3,34,30,12-05,+22.0%,+5.55%,0.5278,23,✓ Yes,completed
3,34,31,12-05,+18.6%,+5.26%,0.5263,23,✓ Yes,completed
3,34,32,12-05,+17.4%,+5.20%,0.5260,25,✓ Yes,completed
3,34,33,12-05,+16.2%,+5.18%,0.5259,29,✓ Yes,completed
3,34,33,12-05,+14.7%,+4.80%,0.5240,33,✓ Yes,completed
3,34,34,12-05,+12.8%,+4.23%,0.5211,54,✓ Yes,completed
3,35,27,12-05,+20.8%,+5.00%,0.5250,12,✓ Yes,completed
3,35,28,12-05,+20.0%,+4.93%,0.5247,13,✓ Yes,completed
3,35,29,12-05,+18.6%,+4.94%,0.5247,14,✓ Yes,completed
3,35,30,12-05,+17.1%,+4.94%,0.5247,15,✓ Yes,completed
3,35,31,12-05,+15.1%,+4.83%,0.5241,15,✓ Yes,completed
3,35,32,12-05,+13.7%,+4.47%,0.5223,16,✓ Yes,completed
3,35,33,12-05,+12.6%,+4.23%,0.5211,18,✓ Yes,completed
3,35,34,12-05,+11.5%,+4.00%,0.5200,21,✓ Yes,completed
3,35,34,12-05,+10.3%,+3.78%,0.5189,26,✓ Yes,completed
3,35,35,12-05,+9.6%,+3.61%,0.5180,36,✓ Yes,completed
3,36,27,12-05,+19.3%,+4.70%,0.5235,10,✓ Yes,completed
3,36,28,12-05,+17.6%,+4.74%,0.5237,10,✓ Yes,completed
3,36,29,12-05,+16.5%,+4.82%,0.5241,11,✓ Yes,completed
3,36,30,12-05,+14.6%,+4.52%,0.5226,12,✓ Yes,completed
3,36,31,12-05,+12.8%,+4.20%,0.5210,12,✓ Yes,completed
3,36,32,12-05,+11.7%,+3.96%,0.5198,13,✓ Yes,completed
3,36,33,12-05,+11.4%,+3.95%,0.5198,13,✓ Yes,completed
3,36,34,12-05,+10.6%,+3.83%,0.5192,16,✓ Yes,completed
3,36,34,12-05,+9.1%,+3.55%,0.5177,18,✓ Yes,completed
3,36,35,12-05,+8.3%,+3.37%,0.5168,18,✓ Yes,completed
3,36,36,12-05,+7.0%,+2.96%,0.5148,27,✓ Yes,completed
3,37,27,12-05,+12.4%,+3.65%,0.5182,7,✓ Yes,completed
3,37,28,12-05,+11.9%,+3.62%,0.5181,7,✓ Yes,completed
3,37,29,12-05,+11.2%,+3.62%,0.5181,8,✓ Yes,completed
3,37,30,12-05,+10.9%,+3.61%,0.5180,8,✓ Yes,completed
3,37,31,12-05,+9.8%,+3.48%,0.5174,8,✓ Yes,completed
3,37,32,12-05,+8.5%,+3.25%,0.5162,9,✓ Yes,completed
3,37,33,12-05,+8.2%,+3.22%,0.5161,9,✓ Yes,completed
3,37,34,12-05,+7.4%,+3.02%,0.5151,11,✓ Yes,completed
3,37,35,12-05,+6.4%,+2.76%,0.5138,12,✓ Yes,completed
3,37,35,12-05,+6.0%,+2.67%,0.5134,12,✓ Yes,completed
3,37,36,12-05,+5.0%,+2.33%,0.5116,13,✓ Yes,completed
3,37,37,12-05,+4.6%,+2.18%,0.5109,14,✓ Yes,completed
4,28,28,11-24,+25.0%,+71.47%,0.8574,47,✗ No,budget_exceeded
4,28,28,11-24,+25.0%,+71.47%,0.8574,47,✗ No,budget_exceeded
4,29,28,11-24,+25.0%,+64.41%,0.8221,30,✗ No,budget_exceeded
4,29,29,11-24,+25.0%,+62.42%,0.8121,35,✗ No,budget_exceeded
4,29,29,11-24,+25.0%,+60.36%,0.8018,54,✗ No,budget_exceeded
4,30,28,11-24,+25.0%,+60.11%,0.8005,27,✗ No,budget_exceeded
4,30,29,11-24,+25.0%,+58.54%,0.7927,29,✗ No,budget_exceeded
4,30,29,11-24,+25.0%,+56.43%,0.7822,39,✗ No,budget_exceeded
4,30,30,11-24,+25.0%,+55.29%,0.7765,48,✗ No,budget_exceeded
4,30,30,11-24,+25.0%,+51.47%,0.7574,64,✗ No,budget_exceeded
4,31,28,11-24,+25.0%,+56.43%,0.7822,24,✗ No,budget_exceeded
4,31,29,11-24,+25.0%,+55.35%,0.7767,25,✗ No,budget_exceeded
4,31,29,11-24,+25.0%,+51.60%,0.7580,34,✗ No,budget_exceeded
4,31,30,11-24,+25.0%,+50.45%,0.7523,37,✗ No,budget_exceeded
4,31,30,11-24,+25.0%,+48.98%,0.7449,39,✗ No,budget_exceeded
4,31,31,11-24,+25.0%,+46.99%,0.7350,43,✗ No,budget_exceeded
4,31,31,11-24,+25.0%,+45.55%,0.7277,53,✗ No,budget_exceeded
4,31,31,11-24,+25.0%,+44.79%,0.7240,59,✗ No,budget_exceeded
4,28,28,11-25,+25.0%,+72.84%,0.8642,46,✗ No,budget_exceeded
4,28,28,11-25,+25.0%,+72.84%,0.8642,46,✗ No,budget_exceeded
4,29,28,11-25,+25.0%,+65.85%,0.8292,29,✗ No,budget_exceeded
4,29,29,11-25,+25.0%,+63.92%,0.8196,34,✗ No,budget_exceeded
4,29,29,11-25,+25.0%,+61.86%,0.8093,53,✗ No,budget_exceeded
4,30,28,11-25,+25.0%,+61.69%,0.8084,27,✗ No,budget_exceeded
4,30,29,11-25,+25.0%,+60.12%,0.8006,29,✗ No,budget_exceeded
4,30,29,11-25,+25.0%,+58.00%,0.7900,39,✗ No,budget_exceeded
4,30,30,11-25,+25.0%,+56.86%,0.7843,48,✗ No,budget_exceeded
4,30,30,11-25,+25.0%,+53.03%,0.7652,64,✗ No,budget_exceeded
4,31,28,11-25,+25.0%,+58.00%,0.7900,24,✗ No,budget_exceeded
4,31,29,11-25,+25.0%,+56.91%,0.7846,25,✗ No,budget_exceeded
4,31,29,11-25,+25.0%,+53.16%,0.7658,34,✗ No,budget_exceeded
4,31,30,11-25,+25.0%,+52.01%,0.7600,37,✗ No,budget_exceeded
4,31,30,11-25,+25.0%,+50.53%,0.7526,39,✗ No,budget_exceeded
4,31,31,11-25,+25.0%,+48.54%,0.7427,43,✗ No,budget_exceeded
4,31,31,11-25,+25.0%,+47.09%,0.7355,53,✗ No,budget_exceeded
4,31,31,11-25,+25.0%,+46.34%,0.7317,59,✗ No,budget_exceeded
4,28,28,11-26,+25.0%,+74.05%,0.8703,44,✗ No,budget_exceeded
4,28,28,11-26,+25.0%,+74.05%,0.8703,44,✗ No,budget_exceeded
4,29,28,11-26,+25.0%,+65.93%,0.8297,29,✗ No,budget_exceeded
4,29,29,11-26,+25.0%,+65.15%,0.8258,32,✗ No,budget_exceeded
4,29,29,11-26,+25.0%,+63.11%,0.8155,50,✗ No,budget_exceeded
4,30,28,11-26,+25.0%,+63.10%,0.8155,26,✗ No,budget_exceeded
4,30,29,11-26,+25.0%,+61.57%,0.8078,28,✗ No,budget_exceeded
4,30,29,11-26,+25.0%,+59.44%,0.7972,38,✗ No,budget_exceeded
4,30,30,11-26,+25.0%,+58.40%,0.7920,47,✗ No,budget_exceeded
4,30,30,11-26,+25.0%,+54.56%,0.7728,63,✗ No,budget_exceeded
4,31,28,11-26,+25.0%,+59.60%,0.7980,24,✗ No,budget_exceeded
4,31,29,11-26,+25.0%,+58.51%,0.7926,25,✗ No,budget_exceeded
4,31,29,11-26,+25.0%,+54.75%,0.7737,34,✗ No,budget_exceeded
4,31,30,11-26,+25.0%,+53.60%,0.7680,37,✗ No,budget_exceeded
4,31,30,11-26,+25.0%,+52.11%,0.7606,39,✗ No,budget_exceeded
4,31,31,11-26,+25.0%,+50.12%,0.7506,43,✗ No,budget_exceeded
4,31,31,11-26,+25.0%,+48.67%,0.7433,53,✗ No,budget_exceeded
4,31,31,11-26,+25.0%,+47.91%,0.7395,59,✗ No,budget_exceeded
4,28,28,11-27,+25.0%,+74.65%,0.8732,44,✗ No,budget_exceeded
4,28,28,11-27,+25.0%,+74.65%,0.8732,44,✗ No,budget_exceeded
4,29,28,11-27,+25.0%,+67.01%,0.8350,27,✗ No,budget_exceeded
4,29,29,11-27,+25.0%,+65.54%,0.8277,31,✗ No,budget_exceeded
4,29,29,11-27,+25.0%,+63.72%,0.8186,49,✗ No,budget_exceeded
4,30,28,11-27,+25.0%,+63.66%,0.8183,25,✗ No,budget_exceeded
4,30,29,11-27,+25.0%,+62.46%,0.8123,27,✗ No,budget_exceeded
4,30,29,11-27,+25.0%,+60.84%,0.8042,36,✗ No,budget_exceeded
4,30,30,11-27,+25.0%,+59.82%,0.7991,45,✗ No,budget_exceeded
4,30,30,11-27,+25.0%,+55.53%,0.7777,61,✓ Yes,budget_exceeded
4,31,28,11-27,+25.0%,+61.10%,0.8055,23,✗ No,budget_exceeded
4,31,29,11-27,+25.0%,+60.10%,0.8005,24,✗ No,budget_exceeded
4,31,29,11-27,+25.0%,+56.33%,0.7817,33,✗ No,budget_exceeded
4,31,30,11-27,+25.0%,+55.18%,0.7759,36,✗ No,budget_exceeded
4,31,30,11-27,+25.0%,+53.71%,0.7686,38,✗ No,budget_exceeded
4,31,31,11-27,+25.0%,+51.78%,0.7589,42,✗ No,budget_exceeded
4,31,31,11-27,+25.0%,+50.33%,0.7516,52,✗ No,budget_exceeded
4,31,31,11-27,+25.0%,+49.57%,0.7478,58,✗ No,budget_exceeded
4,28,28,11-28,+25.0%,+76.09%,0.8804,44,✗ No,budget_exceeded
4,28,28,11-28,+25.0%,+76.09%,0.8804,44,✗ No,budget_exceeded
4,29,28,11-28,+25.0%,+68.47%,0.8423,26,✗ No,budget_exceeded
4,29,29,11-28,+25.0%,+67.16%,0.8358,30,✗ No,budget_exceeded
4,29,29,11-28,+25.0%,+65.34%,0.8267,48,✗ No,budget_exceeded
4,30,28,11-28,+25.0%,+65.36%,0.8268,25,✗ No,budget_exceeded
4,30,29,11-28,+25.0%,+64.16%,0.8208,27,✗ No,budget_exceeded
4,30,29,11-28,+25.0%,+62.54%,0.8127,36,✗ No,budget_exceeded
4,30,30,11-28,+25.0%,+61.53%,0.8076,45,✗ No,budget_exceeded
4,30,30,11-28,+25.0%,+57.24%,0.7862,61,✓ Yes,budget_exceeded
4,31,28,11-28,+25.0%,+62.81%,0.8140,23,✗ No,budget_exceeded
4,31,29,11-28,+25.0%,+61.80%,0.8090,24,✗ No,budget_exceeded
4,31,29,11-28,+25.0%,+58.04%,0.7902,33,✗ No,budget_exceeded
4,31,30,11-28,+25.0%,+56.89%,0.7845,36,✗ No,budget_exceeded
4,31,30,11-28,+25.0%,+55.43%,0.7771,38,✗ No,budget_exceeded
4,31,31,11-28,+25.0%,+53.50%,0.7675,42,✗ No,budget_exceeded
4,31,31,11-28,+25.0%,+52.05%,0.7602,52,✗ No,budget_exceeded
4,31,31,11-28,+25.0%,+51.29%,0.7565,58,✗ No,budget_exceeded
4,28,28,11-29,+25.0%,+77.53%,0.8877,41,✗ No,budget_exceeded
4,28,28,11-29,+25.0%,+77.53%,0.8877,41,✗ No,budget_exceeded
4,29,28,11-29,+25.0%,+70.10%,0.8505,26,✗ No,budget_exceeded
4,29,29,11-29,+25.0%,+68.79%,0.8440,30,✗ No,budget_exceeded
4,29,29,11-29,+25.0%,+66.98%,0.8349,48,✗ No,budget_exceeded
4,30,28,11-29,+25.0%,+67.00%,0.8350,25,✗ No,budget_exceeded
4,30,29,11-29,+25.0%,+65.80%,0.8290,27,✗ No,budget_exceeded
4,30,29,11-29,+25.0%,+64.18%,0.8209,36,✗ No,budget_exceeded
4,30,30,11-29,+25.0%,+63.16%,0.8158,45,✗ No,budget_exceeded
4,30,30,11-29,+25.0%,+58.88%,0.7944,61,✓ Yes,budget_exceeded
4,31,28,11-29,+25.0%,+64.44%,0.8222,23,✗ No,budget_exceeded
4,31,29,11-29,+25.0%,+63.44%,0.8172,24,✗ No,budget_exceeded
4,31,29,11-29,+25.0%,+59.68%,0.7984,33,✗ No,budget_exceeded
4,31,30,11-29,+25.0%,+58.53%,0.7927,36,✗ No,budget_exceeded
4,31,30,11-29,+25.0%,+57.07%,0.7853,38,✗ No,budget_exceeded
4,31,31,11-29,+25.0%,+55.14%,0.7757,42,✗ No,budget_exceeded
4,31,31,11-29,+25.0%,+53.69%,0.7684,52,✗ No,budget_exceeded
4,31,31,11-29,+25.0%,+52.93%,0.7647,58,✗ No,budget_exceeded
4,28,28,11-30,+25.0%,+78.37%,0.8918,40,✗ No,budget_exceeded
4,28,28,11-30,+25.0%,+78.37%,0.8918,40,✗ No,budget_exceeded
4,29,28,11-30,+25.0%,+70.26%,0.8513,25,✗ No,budget_exceeded
4,29,29,11-30,+25.0%,+69.03%,0.8451,29,✗ No,budget_exceeded
4,29,29,11-30,+25.0%,+67.57%,0.8379,46,✗ No,budget_exceeded
4,30,28,11-30,+25.0%,+68.12%,0.8406,23,✗ No,budget_exceeded
4,30,29,11-30,+25.0%,+66.90%,0.8345,25,✗ No,budget_exceeded
4,30,29,11-30,+25.0%,+65.21%,0.8261,35,✗ No,budget_exceeded
4,30,30,11-30,+25.0%,+64.36%,0.8218,42,✗ No,budget_exceeded
4,30,30,11-30,+25.0%,+60.14%,0.8007,60,✗ No,budget_exceeded
4,31,28,11-30,+25.0%,+65.91%,0.8295,22,✗ No,budget_exceeded
4,31,29,11-30,+25.0%,+64.90%,0.8245,23,✗ No,budget_exceeded
4,31,29,11-30,+25.0%,+61.14%,0.8057,32,✗ No,budget_exceeded
4,31,30,11-30,+25.0%,+59.99%,0.7999,35,✗ No,budget_exceeded
4,31,30,11-30,+25.0%,+58.60%,0.7930,37,✗ No,budget_exceeded
4,31,31,11-30,+25.0%,+56.67%,0.7833,41,✗ No,budget_exceeded
4,31,31,11-30,+25.0%,+55.30%,0.7765,51,✗ No,budget_exceeded
4,31,31,11-30,+25.0%,+54.54%,0.7727,57,✗ No,budget_exceeded
4,28,28,12-01,+25.0%,+79.92%,0.8996,40,✗ No,budget_exceeded
4,28,28,12-01,+25.0%,+79.92%,0.8996,40,✗ No,budget_exceeded
4,29,28,12-01,+25.0%,+71.82%,0.8591,25,✗ No,budget_exceeded
4,29,29,12-01,+25.0%,+70.59%,0.8529,29,✗ No,budget_exceeded
4,29,29,12-01,+25.0%,+69.14%,0.8457,46,✗ No,budget_exceeded
4,30,28,12-01,+25.0%,+69.68%,0.8484,23,✗ No,budget_exceeded
4,30,29,12-01,+25.0%,+68.46%,0.8423,25,✗ No,budget_exceeded
4,30,29,12-01,+25.0%,+66.77%,0.8339,35,✗ No,budget_exceeded
4,30,30,12-01,+25.0%,+65.92%,0.8296,42,✗ No,budget_exceeded
4,30,30,12-01,+25.0%,+61.71%,0.8086,60,✗ No,budget_exceeded
4,31,28,12-01,+25.0%,+67.47%,0.8373,22,✗ No,budget_exceeded
4,31,29,12-01,+25.0%,+66.46%,0.8323,23,✗ No,budget_exceeded
4,31,29,12-01,+25.0%,+62.71%,0.8135,32,✗ No,budget_exceeded
4,31,30,12-01,+25.0%,+61.56%,0.8078,35,✗ No,budget_exceeded
4,31,30,12-01,+25.0%,+60.17%,0.8008,37,✗ No,budget_exceeded
4,31,31,12-01,+25.0%,+58.24%,0.7912,41,✗ No,budget_exceeded
4,31,31,12-01,+25.0%,+56.87%,0.7844,51,✗ No,budget_exceeded
4,31,31,12-01,+25.0%,+56.12%,0.7806,57,✗ No,budget_exceeded
4,28,28,12-02,+25.0%,+81.48%,0.9074,40,✗ No,budget_exceeded
4,28,28,12-02,+25.0%,+81.48%,0.9074,40,✗ No,budget_exceeded
4,29,28,12-02,+25.0%,+73.37%,0.8668,25,✗ No,budget_exceeded
4,29,29,12-02,+25.0%,+72.14%,0.8607,29,✗ No,budget_exceeded
4,29,29,12-02,+25.0%,+70.68%,0.8534,46,✗ No,budget_exceeded
4,30,28,12-02,+25.0%,+71.23%,0.8561,23,✗ No,budget_exceeded
4,30,29,12-02,+25.0%,+70.01%,0.8501,25,✗ No,budget_exceeded
4,30,29,12-02,+25.0%,+68.32%,0.8416,35,✗ No,budget_exceeded
4,30,30,12-02,+25.0%,+67.47%,0.8373,42,✗ No,budget_exceeded
4,30,30,12-02,+25.0%,+63.25%,0.8163,60,✗ No,budget_exceeded
4,31,28,12-02,+25.0%,+69.01%,0.8451,22,✗ No,budget_exceeded
4,31,29,12-02,+25.0%,+68.01%,0.8400,23,✗ No,budget_exceeded
4,31,29,12-02,+25.0%,+64.25%,0.8212,32,✗ No,budget_exceeded
4,31,30,12-02,+25.0%,+63.09%,0.8155,35,✗ No,budget_exceeded
4,31,30,12-02,+25.0%,+61.71%,0.8085,37,✗ No,budget_exceeded
4,31,31,12-02,+25.0%,+59.77%,0.7989,41,✗ No,budget_exceeded
4,31,31,12-02,+25.0%,+58.41%,0.7920,51,✗ No,budget_exceeded
4,31,31,12-02,+25.0%,+57.65%,0.7882,57,✗ No,budget_exceeded
5,30,30,11-27,+25.0%,+61.91%,0.8095,48,✗ No,budget_exceeded
5,30,30,11-27,+25.0%,+61.91%,0.8095,48,✗ No,budget_exceeded
5,31,30,11-27,+25.0%,+59.48%,0.7974,37,✗ No,budget_exceeded
5,31,30,11-27,+25.0%,+56.34%,0.7817,46,✗ No,budget_exceeded
5,31,31,11-27,+25.0%,+53.86%,0.7693,64,✗ No,budget_exceeded
5,30,30,11-28,+25.0%,+63.53%,0.8176,47,✗ No,budget_exceeded
5,30,30,11-28,+25.0%,+63.53%,0.8176,47,✗ No,budget_exceeded
5,31,30,11-28,+25.0%,+61.19%,0.8059,37,✗ No,budget_exceeded
5,31,30,11-28,+25.0%,+58.05%,0.7902,46,✗ No,budget_exceeded
5,31,31,11-28,+25.0%,+55.58%,0.7779,64,✗ No,budget_exceeded
5,30,30,11-29,+25.0%,+65.17%,0.8258,47,✗ No,budget_exceeded
5,30,30,11-29,+25.0%,+65.17%,0.8258,47,✗ No,budget_exceeded
5,31,30,11-29,+25.0%,+62.82%,0.8141,37,✗ No,budget_exceeded
5,31,30,11-29,+25.0%,+59.69%,0.7984,46,✗ No,budget_exceeded
5,31,31,11-29,+25.0%,+57.22%,0.7861,64,✗ No,budget_exceeded
5,30,30,11-30,+25.0%,+66.30%,0.8315,44,✗ No,budget_exceeded
5,30,30,11-30,+25.0%,+66.30%,0.8315,44,✗ No,budget_exceeded
5,31,30,11-30,+25.0%,+64.29%,0.8214,36,✗ No,budget_exceeded
5,31,30,11-30,+25.0%,+61.23%,0.8061,45,✗ No,budget_exceeded
5,31,31,11-30,+25.0%,+58.75%,0.7937,63,✗ No,budget_exceeded
5,30,30,12-01,+25.0%,+67.86%,0.8393,44,✗ No,budget_exceeded
5,30,30,12-01,+25.0%,+67.86%,0.8393,44,✗ No,budget_exceeded
5,31,30,12-01,+25.0%,+65.85%,0.8293,36,✗ No,budget_exceeded
5,31,30,12-01,+25.0%,+62.79%,0.8140,45,✗ No,budget_exceeded
5,31,31,12-01,+25.0%,+60.32%,0.8016,63,✗ No,budget_exceeded
6,30,30,11-28,+25.0%,+61.44%,0.8072,61,✗ No,budget_exceeded
6,30,30,11-28,+25.0%,+61.44%,0.8072,61,✗ No,budget_exceeded
6,30,30,11-29,+25.0%,+63.08%,0.8154,61,✗ No,budget_exceeded
6,30,30,11-29,+25.0%,+63.08%,0.8154,61,✗ No,budget_exceeded
6,30,30,11-30,+25.0%,+64.31%,0.8215,58,✗ No,budget_exceeded
6,30,30,11-30,+25.0%,+64.31%,0.8215,58,✗ No,budget_exceeded
7,30,30,11-29,+25.0%,+58.88%,0.7944,61,✓ Yes,budget_exceeded
7,30,30,11-29,+25.0%,+58.88%,0.7944,61,✓ Yes,budget_exceeded
7,30,30,11-30,+25.0%,+60.14%,0.8007,60,✗ No,budget_exceeded
7,30,30,11-30,+25.0%,+60.14%,0.8007,60,✗ No,budget_exceeded
8,30,30,11-29,+25.0%,+58.88%,0.7944,61,✓ Yes,budget_exceeded
8,30,30,11-29,+25.0%,+58.88%,0.7944,61,✓ Yes,budget_exceeded
8,30,30,11-30,+25.0%,+60.14%,0.8007,60,✗ No,budget_exceeded
8,30,30,11-30,+25.0%,+60.14%,0.8007,60,✗ No,budget_exceeded
9,30,30,11-29,+25.0%,+58.88%,0.7944,61,✓ Yes,budget_exceeded
9,30,30,11-29,+25.0%,+58.88%,0.7944,61,✓ Yes,budget_exceeded
9,30,30,11-30,+25.0%,+60.14%,0.8007,60,✗ No,budget_exceeded
9,30,30,11-30,+25.0%,+60.14%,0.8007,60,✗ No,budget_exceeded
