Iter,θ_p,θ_r,Start,Overhead %,CO₂ Save %,Score,Pauses,Budget,Stop
0,10,0,01-01,+25.0%,+97.77%,0.9888,1,✗ No,budget_exceeded
0,10,10,01-01,+25.0%,+97.77%,0.9888,1,✗ No,budget_exceeded
0,98,0,01-01,+25.0%,+97.77%,0.9888,1,✗ No,budget_exceeded
0,98,98,01-01,+25.0%,+97.77%,0.9888,1,✗ No,budget_exceeded
0,186,0,01-01,+25.0%,+97.77%,0.9888,1,✗ No,budget_exceeded
0,186,186,01-01,+25.0%,+97.77%,0.9888,1,✗ No,budget_exceeded
0,273,0,01-01,+25.0%,+97.59%,0.9879,1,✗ No,budget_exceeded
0,273,137,01-01,+25.0%,+97.59%,0.9879,1,✗ No,budget_exceeded
0,273,273,01-01,+25.0%,+96.70%,0.9835,37,✗ No,budget_exceeded
0,361,0,01-01,+25.0%,+97.26%,0.9863,1,✗ No,budget_exceeded
0,361,90,01-01,+25.0%,+97.26%,0.9863,1,✗ No,budget_exceeded
0,361,181,01-01,+25.0%,+97.26%,0.9863,1,✗ No,budget_exceeded
0,361,271,01-01,+25.0%,+95.12%,0.9756,37,✗ No,budget_exceeded
0,361,361,01-01,+25.0%,+85.42%,0.9271,181,✗ No,budget_exceeded
0,449,0,01-01,+25.0%,+96.18%,0.9809,1,✗ No,budget_exceeded
0,449,90,01-01,+25.0%,+96.18%,0.9809,1,✗ No,budget_exceeded
0,449,180,01-01,+25.0%,+96.18%,0.9809,1,✗ No,budget_exceeded
0,449,269,01-01,+25.0%,+74.13%,0.8706,49,✗ No,budget_exceeded
0,449,359,01-01,+25.0%,+57.54%,0.7877,118,✗ No,budget_exceeded
0,449,449,01-01,+25.0%,+35.87%,0.6793,239,✗ No,budget_exceeded
0,537,0,01-01,+25.0%,+95.82%,0.9791,1,✗ No,budget_exceeded
0,537,89,01-01,+25.0%,+95.82%,0.9791,1,✗ No,budget_exceeded
0,537,179,01-01,+25.0%,+95.82%,0.9791,1,✗ No,budget_exceeded
0,537,268,01-01,+25.0%,+39.79%,0.6989,5,✗ No,budget_exceeded
0,537,358,01-01,+15.5%,+4.15%,0.5208,20,✓ Yes,completed
0,537,447,01-01,+7.9%,+2.31%,0.5115,33,✓ Yes,completed
0,537,537,01-01,+3.3%,+1.31%,0.5065,82,✓ Yes,completed
0,624,0,01-01,+0.0%,+0.00%,0.5000,0,✓ Yes,completed
0,624,89,01-01,+0.0%,+0.00%,0.5000,0,✓ Yes,completed
0,624,178,01-01,+0.0%,+0.00%,0.5000,0,✓ Yes,completed
0,624,268,01-01,+0.0%,+0.00%,0.5000,0,✓ Yes,completed
0,624,357,01-01,+0.0%,+0.00%,0.5000,0,✓ Yes,completed
0,624,446,01-01,+0.0%,+0.00%,0.5000,0,✓ Yes,completed
0,624,535,01-01,+0.0%,+0.00%,0.5000,0,✓ Yes,completed
0,624,624,01-01,+0.0%,+0.00%,0.5000,0,✓ Yes,completed
0,712,0,01-01,+0.0%,+0.00%,0.5000,0,✓ Yes,completed
0,712,89,01-01,+0.0%,+0.00%,0.5000,0,✓ Yes,completed
0,712,178,01-01,+0.0%,+0.00%,0.5000,0,✓ Yes,completed
0,712,267,01-01,+0.0%,+0.00%,0.5000,0,✓ Yes,completed
0,712,356,01-01,+0.0%,+0.00%,0.5000,0,✓ Yes,completed
0,712,445,01-01,+0.0%,+0.00%,0.5000,0,✓ Yes,completed
0,712,534,01-01,+0.0%,+0.00%,0.5000,0,✓ Yes,completed
0,712,623,01-01,+0.0%,+0.00%,0.5000,0,✓ Yes,completed
0,712,712,01-01,+0.0%,+0.00%,0.5000,0,✓ Yes,completed
0,800,0,01-01,+0.0%,+0.00%,0.5000,0,✓ Yes,completed
0,800,89,01-01,+0.0%,+0.00%,0.5000,0,✓ Yes,completed
0,800,178,01-01,+0.0%,+0.00%,0.5000,0,✓ Yes,completed
0,800,267,01-01,+0.0%,+0.00%,0.5000,0,✓ Yes,completed
0,800,356,01-01,+0.0%,+0.00%,0.5000,0,✓ Yes,completed
0,800,444,01-01,+0.0%,+0.00%,0.5000,0,✓ Yes,completed
0,800,533,01-01,+0.0%,+0.00%,0.5000,0,✓ Yes,completed
0,800,622,01-01,+0.0%,+0.00%,0.5000,0,✓ Yes,completed
0,800,711,01-01,+0.0%,+0.00%,0.5000,0,✓ Yes,completed
0,800,800,01-01,+0.0%,+0.00%,0.5000,0,✓ Yes,completed
0,10,0,03-03,+25.0%,+97.96%,0.9898,1,✗ No,budget_exceeded
0,10,10,03-03,+25.0%,+97.96%,0.9898,1,✗ No,budget_exceeded
0,98,0,03-03,+25.0%,+97.96%,0.9898,1,✗ No,budget_exceeded
0,98,98,03-03,+25.0%,+97.96%,0.9898,1,✗ No,budget_exceeded
0,186,0,03-03,+25.0%,+97.96%,0.9898,1,✗ No,budget_exceeded
0,186,186,03-03,+25.0%,+97.83%,0.9892,10,✗ No,budget_exceeded
0,273,0,03-03,+25.0%,+97.96%,0.9898,1,✗ No,budget_exceeded
0,273,137,03-03,+25.0%,+97.96%,0.9898,1,✗ No,budget_exceeded
0,273,273,03-03,+25.0%,+93.68%,0.9684,121,✗ No,budget_exceeded
0,361,0,03-03,+25.0%,+97.96%,0.9898,1,✗ No,budget_exceeded
0,361,90,03-03,+25.0%,+97.96%,0.9898,1,✗ No,budget_exceeded
0,361,181,03-03,+25.0%,+97.24%,0.9862,6,✗ No,budget_exceeded
0,361,271,03-03,+25.0%,+90.05%,0.9503,119,✗ No,budget_exceeded
0,361,361,03-03,+25.0%,+81.95%,0.9098,228,✗ No,budget_exceeded
0,449,0,03-03,+25.0%,+97.96%,0.9898,1,✗ No,budget_exceeded
0,449,90,03-03,+25.0%,+97.96%,0.9898,1,✗ No,budget_exceeded
0,449,180,03-03,+25.0%,+94.14%,0.9707,2,✗ No,budget_exceeded
0,449,269,03-03,+25.0%,+70.16%,0.8508,61,✗ No,budget_exceeded
0,449,359,03-03,+25.0%,+57.19%,0.7859,112,✗ No,budget_exceeded
0,449,449,03-03,+25.0%,+21.75%,0.6088,286,✗ No,budget_exceeded
0,537,0,03-03,+25.0%,+97.96%,0.9898,1,✗ No,budget_exceeded
0,537,89,03-03,+25.0%,+97.96%,0.9898,1,✗ No,budget_exceeded
0,537,179,03-03,+25.0%,+87.62%,0.9381,2,✗ No,budget_exceeded
0,537,268,03-03,+24.4%,+3.46%,0.5173,6,✓ Yes,completed
0,537,358,03-03,+11.0%,+3.14%,0.5157,17,✓ Yes,completed
0,537,447,03-03,+5.9%,+2.31%,0.5115,24,✓ Yes,completed
0,537,537,03-03,+2.5%,+1.32%,0.5066,62,✓ Yes,completed
0,624,0,03-03,+0.0%,+0.00%,0.5000,0,✓ Yes,completed
0,624,89,03-03,+0.0%,+0.00%,0.5000,0,✓ Yes,completed
0,624,178,03-03,+0.0%,+0.00%,0.5000,0,✓ Yes,completed
0,624,268,03-03,+0.0%,+0.00%,0.5000,0,✓ Yes,completed
0,624,357,03-03,+0.0%,+0.00%,0.5000,0,✓ Yes,completed
0,624,446,03-03,+0.0%,+0.00%,0.5000,0,✓ Yes,completed
0,624,535,03-03,+0.0%,+0.00%,0.5000,0,✓ Yes,completed
0,624,624,03-03,+0.0%,+0.00%,0.5000,0,✓ Yes,completed
0,712,0,03-03,+0.0%,+0.00%,0.5000,0,✓ Yes,completed
0,712,89,03-03,+0.0%,+0.00%,0.5000,0,✓ Yes,completed
0,712,178,03-03,+0.0%,+0.00%,0.5000,0,✓ Yes,completed
0,712,267,03-03,+0.0%,+0.00%,0.5000,0,✓ Yes,completed
0,712,356,03-03,+0.0%,+0.00%,0.5000,0,✓ Yes,completed
0,712,445,03-03,+0.0%,+0.00%,0.5000,0,✓ Yes,completed
0,712,534,03-03,+0.0%,+0.00%,0.5000,0,✓ Yes,completed
0,712,623,03-03,+0.0%,+0.00%,0.5000,0,✓ Yes,completed
0,712,712,03-03,+0.0%,+0.00%,0.5000,0,✓ Yes,completed
0,800,0,03-03,+0.0%,+0.00%,0.5000,0,✓ Yes,completed
0,800,89,03-03,+0.0%,+0.00%,0.5000,0,✓ Yes,completed
0,800,178,03-03,+0.0%,+0.00%,0.5000,0,✓ Yes,completed
0,800,267,03-03,+0.0%,+0.00%,0.5000,0,✓ Yes,completed
0,800,356,03-03,+0.0%,+0.00%,0.5000,0,✓ Yes,completed
0,800,444,03-03,+0.0%,+0.00%,0.5000,0,✓ Yes,completed
0,800,533,03-03,+0.0%,+0.00%,0.5000,0,✓ Yes,completed
0,800,622,03-03,+0.0%,+0.00%,0.5000,0,✓ Yes,completed
0,800,711,03-03,+0.0%,+0.00%,0.5000,0,✓ Yes,completed
0,800,800,03-03,+0.0%,+0.00%,0.5000,0,✓ Yes,completed
0,10,0,05-03,+25.0%,+98.05%,0.9902,1,✗ No,budget_exceeded
0,10,10,05-03,+25.0%,+98.05%,0.9902,1,✗ No,budget_exceeded
0,98,0,05-03,+25.0%,+98.05%,0.9902,1,✗ No,budget_exceeded
0,98,98,05-03,+25.0%,+98.05%,0.9902,1,✗ No,budget_exceeded
0,186,0,05-03,+25.0%,+98.05%,0.9902,1,✗ No,budget_exceeded
0,186,186,05-03,+25.0%,+97.90%,0.9895,11,✗ No,budget_exceeded
0,273,0,05-03,+25.0%,+98.05%,0.9902,1,✗ No,budget_exceeded
0,273,137,05-03,+25.0%,+98.05%,0.9902,1,✗ No,budget_exceeded
0,273,273,05-03,+25.0%,+92.79%,0.9639,140,✗ No,budget_exceeded
0,361,0,05-03,+25.0%,+98.05%,0.9902,1,✗ No,budget_exceeded
0,361,90,05-03,+25.0%,+98.05%,0.9902,1,✗ No,budget_exceeded
0,361,181,05-03,+25.0%,+97.25%,0.9863,7,✗ No,budget_exceeded
0,361,271,05-03,+25.0%,+89.49%,0.9474,124,✗ No,budget_exceeded
0,361,361,05-03,+25.0%,+82.07%,0.9104,224,✗ No,budget_exceeded
0,449,0,05-03,+25.0%,+97.45%,0.9872,1,✗ No,budget_exceeded
0,449,90,05-03,+25.0%,+97.45%,0.9872,1,✗ No,budget_exceeded
0,449,180,05-03,+25.0%,+93.27%,0.9663,3,✗ No,budget_exceeded
0,449,269,05-03,+25.0%,+69.67%,0.8484,50,✗ No,budget_exceeded
0,449,359,05-03,+25.0%,+59.44%,0.7972,84,✗ No,budget_exceeded
0,449,449,05-03,+25.0%,+14.32%,0.5716,287,✗ No,budget_exceeded
0,537,0,05-03,+25.0%,+82.83%,0.9141,1,✗ No,budget_exceeded
0,537,89,05-03,+25.0%,+82.83%,0.9141,1,✗ No,budget_exceeded
0,537,179,05-03,+25.0%,+82.83%,0.9141,1,✗ No,budget_exceeded
0,537,268,05-03,+20.1%,+1.93%,0.5096,5,✓ Yes,completed
0,537,358,05-03,+10.4%,+1.91%,0.5096,13,✓ Yes,completed
0,537,447,05-03,+5.5%,+1.76%,0.5088,20,✓ Yes,completed
0,537,537,05-03,+2.3%,+1.06%,0.5053,53,✓ Yes,completed
0,624,0,05-03,+0.0%,+0.00%,0.5000,0,✓ Yes,completed
0,624,89,05-03,+0.0%,+0.00%,0.5000,0,✓ Yes,completed
0,624,178,05-03,+0.0%,+0.00%,0.5000,0,✓ Yes,completed
0,624,268,05-03,+0.0%,+0.00%,0.5000,0,✓ Yes,completed
0,624,357,05-03,+0.0%,+0.00%,0.5000,0,✓ Yes,completed
0,624,446,05-03,+0.0%,+0.00%,0.5000,0,✓ Yes,completed
0,624,535,05-03,+0.0%,+0.00%,0.5000,0,✓ Yes,completed
0,624,624,05-03,+0.0%,+0.00%,0.5000,0,✓ Yes,completed
0,712,0,05-03,+0.0%,+0.00%,0.5000,0,✓ Yes,completed
0,712,89,05-03,+0.0%,+0.00%,0.5000,0,✓ Yes,completed
0,712,178,05-03,+0.0%,+0.00%,0.5000,0,✓ Yes,completed
0,712,267,05-03,+0.0%,+0.00%,0.5000,0,✓ Yes,completed
0,712,356,05-03,+0.0%,+0.00%,0.5000,0,✓ Yes,completed
0,712,445,05-03,+0.0%,+0.00%,0.5000,0,✓ Yes,completed
0,712,534,05-03,+0.0%,+0.00%,0.5000,0,✓ Yes,completed
0,712,623,05-03,+0.0%,+0.00%,0.5000,0,✓ Yes,completed
0,712,712,05-03,+0.0%,+0.00%,0.5000,0,✓ Yes,completed
0,800,0,05-03,+0.0%,+0.00%,0.5000,0,✓ Yes,completed
0,800,89,05-03,+0.0%,+0.00%,0.5000,0,✓ Yes,completed
0,800,178,05-03,+0.0%,+0.00%,0.5000,0,✓ Yes,completed
0,800,267,05-03,+0.0%,+0.00%,0.5000,0,✓ Yes,completed
0,800,356,05-03,+0.0%,+0.00%,0.5000,0,✓ Yes,completed
0,800,444,05-03,+0.0%,+0.00%,0.5000,0,✓ Yes,completed
0,800,533,05-03,+0.0%,+0.00%,0.5000,0,✓ Yes,completed
0,800,622,05-03,+0.0%,+0.00%,0.5000,0,✓ Yes,completed
0,800,711,05-03,+0.0%,+0.00%,0.5000,0,✓ Yes,completed
0,800,800,05-03,+0.0%,+0.00%,0.5000,0,✓ Yes,completed
0,10,0,07-03,+25.0%,+97.91%,0.9896,1,✗ No,budget_exceeded
0,10,10,07-03,+25.0%,+97.91%,0.9896,1,✗ No,budget_exceeded
0,98,0,07-03,+25.0%,+97.91%,0.9896,1,✗ No,budget_exceeded
0,98,98,07-03,+25.0%,+97.91%,0.9896,1,✗ No,budget_exceeded
0,186,0,07-03,+25.0%,+97.91%,0.9896,1,✗ No,budget_exceeded
0,186,186,07-03,+25.0%,+97.90%,0.9895,2,✗ No,budget_exceeded
0,273,0,07-03,+25.0%,+97.91%,0.9896,1,✗ No,budget_exceeded
0,273,137,07-03,+25.0%,+97.91%,0.9896,1,✗ No,budget_exceeded
0,273,273,07-03,+25.0%,+94.96%,0.9748,89,✗ No,budget_exceeded
0,361,0,07-03,+25.0%,+97.91%,0.9896,1,✗ No,budget_exceeded
0,361,90,07-03,+25.0%,+97.91%,0.9896,1,✗ No,budget_exceeded
0,361,181,07-03,+25.0%,+97.88%,0.9894,2,✗ No,budget_exceeded
0,361,271,07-03,+25.0%,+93.13%,0.9657,78,✗ No,budget_exceeded
0,361,361,07-03,+25.0%,+85.22%,0.9261,160,✗ No,budget_exceeded
0,449,0,07-03,+25.0%,+96.83%,0.9842,1,✗ No,budget_exceeded
0,449,90,07-03,+25.0%,+96.83%,0.9842,1,✗ No,budget_exceeded
0,449,180,07-03,+25.0%,+96.59%,0.9829,2,✗ No,budget_exceeded
0,449,269,07-03,+25.0%,+79.79%,0.8990,39,✗ No,budget_exceeded
0,449,359,07-03,+25.0%,+69.41%,0.8471,77,✗ No,budget_exceeded
0,449,449,07-03,+25.0%,+22.50%,0.6125,281,✗ No,budget_exceeded
0,537,0,07-03,+25.0%,+94.78%,0.9739,1,✗ No,budget_exceeded
0,537,89,07-03,+25.0%,+94.78%,0.9739,1,✗ No,budget_exceeded
0,537,179,07-03,+25.0%,+94.78%,0.9739,1,✗ No,budget_exceeded
0,537,268,07-03,+25.0%,+9.57%,0.5478,6,✗ No,budget_exceeded
0,537,358,07-03,+10.4%,+1.63%,0.5082,13,✓ Yes,completed
0,537,447,07-03,+5.5%,+1.44%,0.5072,20,✓ Yes,completed
0,537,537,07-03,+2.3%,+0.87%,0.5044,53,✓ Yes,completed
0,624,0,07-03,+0.0%,+0.00%,0.5000,0,✓ Yes,completed
0,624,89,07-03,+0.0%,+0.00%,0.5000,0,✓ Yes,completed
0,624,178,07-03,+0.0%,+0.00%,0.5000,0,✓ Yes,completed
0,624,268,07-03,+0.0%,+0.00%,0.5000,0,✓ Yes,completed
0,624,357,07-03,+0.0%,+0.00%,0.5000,0,✓ Yes,completed
0,624,446,07-03,+0.0%,+0.00%,0.5000,0,✓ Yes,completed
0,624,535,07-03,+0.0%,+0.00%,0.5000,0,✓ Yes,completed
0,624,624,07-03,+0.0%,+0.00%,0.5000,0,✓ Yes,completed
0,712,0,07-03,+0.0%,+0.00%,0.5000,0,✓ Yes,completed
0,712,89,07-03,+0.0%,+0.00%,0.5000,0,✓ Yes,completed
0,712,178,07-03,+0.0%,+0.00%,0.5000,0,✓ Yes,completed
0,712,267,07-03,+0.0%,+0.00%,0.5000,0,✓ Yes,completed
0,712,356,07-03,+0.0%,+0.00%,0.5000,0,✓ Yes,completed
0,712,445,07-03,+0.0%,+0.00%,0.5000,0,✓ Yes,completed
0,712,534,07-03,+0.0%,+0.00%,0.5000,0,✓ Yes,completed
0,712,623,07-03,+0.0%,+0.00%,0.5000,0,✓ Yes,completed
0,712,712,07-03,+0.0%,+0.00%,0.5000,0,✓ Yes,completed
0,800,0,07-03,+0.0%,+0.00%,0.5000,0,✓ Yes,completed
0,800,89,07-03,+0.0%,+0.00%,0.5000,0,✓ Yes,completed
0,800,178,07-03,+0.0%,+0.00%,0.5000,0,✓ Yes,completed
0,800,267,07-03,+0.0%,+0.00%,0.5000,0,✓ Yes,completed
0,800,356,07-03,+0.0%,+0.00%,0.5000,0,✓ Yes,completed
0,800,444,07-03,+0.0%,+0.00%,0.5000,0,✓ Yes,completed
0,800,533,07-03,+0.0%,+0.00%,0.5000,0,✓ Yes,completed
0,800,622,07-03,+0.0%,+0.00%,0.5000,0,✓ Yes,completed
0,800,711,07-03,+0.0%,+0.00%,0.5000,0,✓ Yes,completed
0,800,800,07-03,+0.0%,+0.00%,0.5000,0,✓ Yes,completed
0,10,0,09-02,+25.0%,+97.75%,0.9888,1,✗ No,budget_exceeded
0,10,10,09-02,+25.0%,+97.75%,0.9888,1,✗ No,budget_exceeded
0,98,0,09-02,+25.0%,+97.75%,0.9888,1,✗ No,budget_exceeded
0,98,98,09-02,+25.0%,+97.75%,0.9888,1,✗ No,budget_exceeded
0,186,0,09-02,+25.0%,+97.75%,0.9888,1,✗ No,budget_exceeded
0,186,186,09-02,+25.0%,+97.75%,0.9888,1,✗ No,budget_exceeded
0,273,0,09-02,+25.0%,+97.75%,0.9888,1,✗ No,budget_exceeded
0,273,137,09-02,+25.0%,+97.75%,0.9888,1,✗ No,budget_exceeded
0,273,273,09-02,+25.0%,+96.79%,0.9840,34,✗ No,budget_exceeded
0,361,0,09-02,+25.0%,+97.75%,0.9888,1,✗ No,budget_exceeded
0,361,90,09-02,+25.0%,+97.75%,0.9888,1,✗ No,budget_exceeded
0,361,181,09-02,+25.0%,+97.75%,0.9888,1,✗ No,budget_exceeded
0,361,271,09-02,+25.0%,+94.04%,0.9702,25,✗ No,budget_exceeded
0,361,361,09-02,+25.0%,+88.53%,0.9427,123,✗ No,budget_exceeded
0,449,0,09-02,+25.0%,+97.75%,0.9888,1,✗ No,budget_exceeded
0,449,90,09-02,+25.0%,+97.75%,0.9888,1,✗ No,budget_exceeded
0,449,180,09-02,+25.0%,+97.75%,0.9888,1,✗ No,budget_exceeded
0,449,269,09-02,+25.0%,+88.03%,0.9402,14,✗ No,budget_exceeded
0,449,359,09-02,+25.0%,+72.74%,0.8637,77,✗ No,budget_exceeded
0,449,449,09-02,+25.0%,+29.04%,0.6452,267,✗ No,budget_exceeded
0,537,0,09-02,+25.0%,+79.97%,0.8998,1,✗ No,budget_exceeded
0,537,89,09-02,+25.0%,+79.97%,0.8998,1,✗ No,budget_exceeded
0,537,179,09-02,+25.0%,+79.97%,0.8998,1,✗ No,budget_exceeded
0,537,268,09-02,+25.0%,+23.26%,0.6163,5,✗ No,budget_exceeded
0,537,358,09-02,+19.0%,+1.63%,0.5081,18,✓ Yes,completed
0,537,447,09-02,+8.1%,+1.79%,0.5089,23,✓ Yes,completed
0,537,537,09-02,+3.5%,+0.05%,0.5003,73,✓ Yes,completed
0,624,0,09-02,+0.0%,+0.00%,0.5000,0,✓ Yes,completed
0,624,89,09-02,+0.0%,+0.00%,0.5000,0,✓ Yes,completed
0,624,178,09-02,+0.0%,+0.00%,0.5000,0,✓ Yes,completed
0,624,268,09-02,+0.0%,+0.00%,0.5000,0,✓ Yes,completed
0,624,357,09-02,+0.0%,+0.00%,0.5000,0,✓ Yes,completed
0,624,446,09-02,+0.0%,+0.00%,0.5000,0,✓ Yes,completed
0,624,535,09-02,+0.0%,+0.00%,0.5000,0,✓ Yes,completed
0,624,624,09-02,+0.0%,+0.00%,0.5000,0,✓ Yes,completed
0,712,0,09-02,+0.0%,+0.00%,0.5000,0,✓ Yes,completed
0,712,89,09-02,+0.0%,+0.00%,0.5000,0,✓ Yes,completed
0,712,178,09-02,+0.0%,+0.00%,0.5000,0,✓ Yes,completed
0,712,267,09-02,+0.0%,+0.00%,0.5000,0,✓ Yes,completed
0,712,356,09-02,+0.0%,+0.00%,0.5000,0,✓ Yes,completed
0,712,445,09-02,+0.0%,+0.00%,0.5000,0,✓ Yes,completed
0,712,534,09-02,+0.0%,+0.00%,0.5000,0,✓ Yes,completed
0,712,623,09-02,+0.0%,+0.00%,0.5000,0,✓ Yes,completed
0,712,712,09-02,+0.0%,+0.00%,0.5000,0,✓ Yes,completed
0,800,0,09-02,+0.0%,+0.00%,0.5000,0,✓ Yes,completed
0,800,89,09-02,+0.0%,+0.00%,0.5000,0,✓ Yes,completed
0,800,178,09-02,+0.0%,+0.00%,0.5000,0,✓ Yes,completed
0,800,267,09-02,+0.0%,+0.00%,0.5000,0,✓ Yes,completed
0,800,356,09-02,+0.0%,+0.00%,0.5000,0,✓ Yes,completed
0,800,444,09-02,+0.0%,+0.00%,0.5000,0,✓ Yes,completed
0,800,533,09-02,+0.0%,+0.00%,0.5000,0,✓ Yes,completed
0,800,622,09-02,+0.0%,+0.00%,0.5000,0,✓ Yes,completed
0,800,711,09-02,+0.0%,+0.00%,0.5000,0,✓ Yes,completed
0,800,800,09-02,+0.0%,+0.00%,0.5000,0,✓ Yes,completed
0,10,0,11-02,+25.0%,+97.71%,0.9886,1,✗ No,budget_exceeded
0,10,10,11-02,+25.0%,+97.71%,0.9886,1,✗ No,budget_exceeded
0,98,0,11-02,+25.0%,+97.71%,0.9886,1,✗ No,budget_exceeded
0,98,98,11-02,+25.0%,+97.71%,0.9886,1,✗ No,budget_exceeded
0,186,0,11-02,+25.0%,+97.71%,0.9886,1,✗ No,budget_exceeded
0,186,186,11-02,+25.0%,+97.71%,0.9886,1,✗ No,budget_exceeded
0,273,0,11-02,+25.0%,+97.71%,0.9886,1,✗ No,budget_exceeded
0,273,137,11-02,+25.0%,+97.71%,0.9886,1,✗ No,budget_exceeded
0,273,273,11-02,+25.0%,+97.12%,0.9856,12,✗ No,budget_exceeded
0,361,0,11-02,+25.0%,+97.61%,0.9880,1,✗ No,budget_exceeded
0,361,90,11-02,+25.0%,+97.61%,0.9880,1,✗ No,budget_exceeded
0,361,181,11-02,+25.0%,+97.61%,0.9880,1,✗ No,budget_exceeded
0,361,271,11-02,+25.0%,+95.17%,0.9759,7,✗ No,budget_exceeded
0,361,361,11-02,+25.0%,+90.54%,0.9527,91,✗ No,budget_exceeded
0,449,0,11-02,+25.0%,+96.54%,0.9827,1,✗ No,budget_exceeded
0,449,90,11-02,+25.0%,+96.54%,0.9827,1,✗ No,budget_exceeded
0,449,180,11-02,+25.0%,+96.54%,0.9827,1,✗ No,budget_exceeded
0,449,269,11-02,+25.0%,+91.01%,0.9551,4,✗ No,budget_exceeded
0,449,359,11-02,+25.0%,+63.12%,0.8156,87,✗ No,budget_exceeded
0,449,449,11-02,+25.0%,+39.25%,0.6963,237,✗ No,budget_exceeded
0,537,0,11-02,+25.0%,+93.22%,0.9661,1,✗ No,budget_exceeded
0,537,89,11-02,+25.0%,+93.22%,0.9661,1,✗ No,budget_exceeded
0,537,179,11-02,+25.0%,+93.22%,0.9661,1,✗ No,budget_exceeded
0,537,268,11-02,+25.0%,+37.27%,0.6863,5,✗ No,budget_exceeded
0,537,358,11-02,+20.4%,+2.44%,0.5122,23,✓ Yes,completed
0,537,447,11-02,+10.6%,+1.55%,0.5077,36,✓ Yes,completed
0,537,537,11-02,+3.9%,+0.79%,0.5040,84,✓ Yes,completed
0,624,0,11-02,+0.0%,+0.00%,0.5000,0,✓ Yes,completed
0,624,89,11-02,+0.0%,+0.00%,0.5000,0,✓ Yes,completed
0,624,178,11-02,+0.0%,+0.00%,0.5000,0,✓ Yes,completed
0,624,268,11-02,+0.0%,+0.00%,0.5000,0,✓ Yes,completed
0,624,357,11-02,+0.0%,+0.00%,0.5000,0,✓ Yes,completed
0,624,446,11-02,+0.0%,+0.00%,0.5000,0,✓ Yes,completed
0,624,535,11-02,+0.0%,+0.00%,0.5000,0,✓ Yes,completed
0,624,624,11-02,+0.0%,+0.00%,0.5000,0,✓ Yes,completed
0,712,0,11-02,+0.0%,+0.00%,0.5000,0,✓ Yes,completed
0,712,89,11-02,+0.0%,+0.00%,0.5000,0,✓ Yes,completed
0,712,178,11-02,+0.0%,+0.00%,0.5000,0,✓ Yes,completed
0,712,267,11-02,+0.0%,+0.00%,0.5000,0,✓ Yes,completed
0,712,356,11-02,+0.0%,+0.00%,0.5000,0,✓ Yes,completed
0,712,445,11-02,+0.0%,+0.00%,0.5000,0,✓ Yes,completed
0,712,534,11-02,+0.0%,+0.00%,0.5000,0,✓ Yes,completed
0,712,623,11-02,+0.0%,+0.00%,0.5000,0,✓ Yes,completed
0,712,712,11-02,+0.0%,+0.00%,0.5000,0,✓ Yes,completed
0,800,0,11-02,+0.0%,+0.00%,0.5000,0,✓ Yes,completed
0,800,89,11-02,+0.0%,+0.00%,0.5000,0,✓ Yes,completed
0,800,178,11-02,+0.0%,+0.00%,0.5000,0,✓ Yes,completed
0,800,267,11-02,+0.0%,+0.00%,0.5000,0,✓ Yes,completed
0,800,356,11-02,+0.0%,+0.00%,0.5000,0,✓ Yes,completed
0,800,444,11-02,+0.0%,+0.00%,0.5000,0,✓ Yes,completed
0,800,533,11-02,+0.0%,+0.00%,0.5000,0,✓ Yes,completed
0,800,622,11-02,+0.0%,+0.00%,0.5000,0,✓ Yes,completed
0,800,711,11-02,+0.0%,+0.00%,0.5000,0,✓ Yes,completed
0,800,800,11-02,+0.0%,+0.00%,0.5000,0,✓ Yes,completed
0,10,0,12-31,+25.0%,+97.77%,0.9889,1,✗ No,budget_exceeded
0,10,10,12-31,+25.0%,+97.77%,0.9889,1,✗ No,budget_exceeded
0,98,0,12-31,+25.0%,+97.77%,0.9889,1,✗ No,budget_exceeded
0,98,98,12-31,+25.0%,+97.77%,0.9889,1,✗ No,budget_exceeded
0,186,0,12-31,+25.0%,+97.77%,0.9889,1,✗ No,budget_exceeded
0,186,186,12-31,+25.0%,+97.77%,0.9889,1,✗ No,budget_exceeded
0,273,0,12-31,+25.0%,+97.77%,0.9889,1,✗ No,budget_exceeded
0,273,137,12-31,+25.0%,+97.77%,0.9889,1,✗ No,budget_exceeded
0,273,273,12-31,+25.0%,+96.58%,0.9829,38,✗ No,budget_exceeded
0,361,0,12-31,+25.0%,+97.12%,0.9856,1,✗ No,budget_exceeded
0,361,90,12-31,+25.0%,+97.12%,0.9856,1,✗ No,budget_exceeded
0,361,181,12-31,+25.0%,+97.12%,0.9856,1,✗ No,budget_exceeded
0,361,271,12-31,+25.0%,+94.98%,0.9749,37,✗ No,budget_exceeded
0,361,361,12-31,+25.0%,+85.27%,0.9264,181,✗ No,budget_exceeded
0,449,0,12-31,+25.0%,+96.04%,0.9802,1,✗ No,budget_exceeded
0,449,90,12-31,+25.0%,+96.04%,0.9802,1,✗ No,budget_exceeded
0,449,180,12-31,+25.0%,+96.04%,0.9802,1,✗ No,budget_exceeded
0,449,269,12-31,+25.0%,+73.97%,0.8699,49,✗ No,budget_exceeded
0,449,359,12-31,+25.0%,+57.37%,0.7869,118,✗ No,budget_exceeded
0,449,449,12-31,+25.0%,+35.69%,0.6785,239,✗ No,budget_exceeded
0,537,0,12-31,+25.0%,+95.68%,0.9784,1,✗ No,budget_exceeded
0,537,89,12-31,+25.0%,+95.68%,0.9784,1,✗ No,budget_exceeded
0,537,179,12-31,+25.0%,+95.68%,0.9784,1,✗ No,budget_exceeded
0,537,268,12-31,+25.0%,+39.61%,0.6981,5,✗ No,budget_exceeded
0,537,358,12-31,+15.5%,+4.12%,0.5206,20,✓ Yes,completed
0,537,447,12-31,+7.9%,+2.32%,0.5116,33,✓ Yes,completed
0,537,537,12-31,+3.3%,+1.34%,0.5067,82,✓ Yes,completed
0,624,0,12-31,+0.0%,+0.00%,0.5000,0,✓ Yes,completed
0,624,89,12-31,+0.0%,+0.00%,0.5000,0,✓ Yes,completed
0,624,178,12-31,+0.0%,+0.00%,0.5000,0,✓ Yes,completed
0,624,268,12-31,+0.0%,+0.00%,0.5000,0,✓ Yes,completed
0,624,357,12-31,+0.0%,+0.00%,0.5000,0,✓ Yes,completed
0,624,446,12-31,+0.0%,+0.00%,0.5000,0,✓ Yes,completed
0,624,535,12-31,+0.0%,+0.00%,0.5000,0,✓ Yes,completed
0,624,624,12-31,+0.0%,+0.00%,0.5000,0,✓ Yes,completed
0,712,0,12-31,+0.0%,+0.00%,0.5000,0,✓ Yes,completed
0,712,89,12-31,+0.0%,+0.00%,0.5000,0,✓ Yes,completed
0,712,178,12-31,+0.0%,+0.00%,0.5000,0,✓ Yes,completed
0,712,267,12-31,+0.0%,+0.00%,0.5000,0,✓ Yes,completed
0,712,356,12-31,+0.0%,+0.00%,0.5000,0,✓ Yes,completed
0,712,445,12-31,+0.0%,+0.00%,0.5000,0,✓ Yes,completed
0,712,534,12-31,+0.0%,+0.00%,0.5000,0,✓ Yes,completed
0,712,623,12-31,+0.0%,+0.00%,0.5000,0,✓ Yes,completed
0,712,712,12-31,+0.0%,+0.00%,0.5000,0,✓ Yes,completed
0,800,0,12-31,+0.0%,+0.00%,0.5000,0,✓ Yes,completed
0,800,89,12-31,+0.0%,+0.00%,0.5000,0,✓ Yes,completed
0,800,178,12-31,+0.0%,+0.00%,0.5000,0,✓ Yes,completed
0,800,267,12-31,+0.0%,+0.00%,0.5000,0,✓ Yes,completed
0,800,356,12-31,+0.0%,+0.00%,0.5000,0,✓ Yes,completed
0,800,444,12-31,+0.0%,+0.00%,0.5000,0,✓ Yes,completed
0,800,533,12-31,+0.0%,+0.00%,0.5000,0,✓ Yes,completed
0,800,622,12-31,+0.0%,+0.00%,0.5000,0,✓ Yes,completed
0,800,711,12-31,+0.0%,+0.00%,0.5000,0,✓ Yes,completed
0,800,800,12-31,+0.0%,+0.00%,0.5000,0,✓ Yes,completed
1,359,180,01-01,+25.0%,+97.26%,0.9863,1,✗ No,budget_exceeded
1,359,225,01-01,+25.0%,+97.01%,0.9850,7,✗ No,budget_exceeded
1,359,269,01-01,+25.0%,+95.25%,0.9762,34,✗ No,budget_exceeded
1,359,314,01-01,+25.0%,+91.80%,0.9590,79,✗ No,budget_exceeded
1,359,359,01-01,+25.0%,+86.29%,0.9314,174,✗ No,budget_exceeded
1,398,180,01-01,+25.0%,+97.17%,0.9859,1,✗ No,budget_exceeded
1,398,224,01-01,+25.0%,+96.34%,0.9817,4,✗ No,budget_exceeded
1,398,267,01-01,+25.0%,+90.81%,0.9541,37,✗ No,budget_exceeded
1,398,311,01-01,+25.0%,+86.57%,0.9329,84,✗ No,budget_exceeded
1,398,355,01-01,+25.0%,+81.24%,0.9062,136,✗ No,budget_exceeded
1,398,398,01-01,+25.0%,+72.45%,0.8622,245,✗ No,budget_exceeded
1,438,180,01-01,+25.0%,+96.19%,0.9810,1,✗ No,budget_exceeded
1,438,223,01-01,+25.0%,+95.25%,0.9762,4,✗ No,budget_exceeded
1,438,266,01-01,+25.0%,+77.63%,0.8881,48,✗ No,budget_exceeded
1,438,309,01-01,+25.0%,+71.63%,0.8582,99,✗ No,budget_exceeded
1,438,352,01-01,+25.0%,+64.83%,0.8242,132,✗ No,budget_exceeded
1,438,395,01-01,+25.0%,+57.66%,0.7883,152,✗ No,budget_exceeded
1,438,438,01-01,+25.0%,+45.47%,0.7273,241,✗ No,budget_exceeded
1,477,180,01-01,+25.0%,+96.12%,0.9806,1,✗ No,budget_exceeded
1,477,223,01-01,+25.0%,+94.67%,0.9734,3,✗ No,budget_exceeded
1,477,265,01-01,+25.0%,+65.04%,0.8252,36,✗ No,budget_exceeded
1,477,307,01-01,+25.0%,+56.36%,0.7818,55,✗ No,budget_exceeded
1,477,350,01-01,+25.0%,+46.67%,0.7334,73,✗ No,budget_exceeded
1,477,392,01-01,+25.0%,+38.61%,0.6931,91,✗ No,budget_exceeded
1,477,435,01-01,+24.4%,+6.87%,0.5343,152,✓ Yes,completed
1,477,477,01-01,+16.5%,+5.37%,0.5269,251,✓ Yes,completed
1,517,180,01-01,+25.0%,+96.04%,0.9802,1,✗ No,budget_exceeded
1,517,222,01-01,+25.0%,+67.11%,0.8356,6,✗ No,budget_exceeded
1,517,264,01-01,+25.0%,+44.55%,0.7227,10,✗ No,budget_exceeded
1,517,306,01-01,+24.3%,+5.37%,0.5268,18,✓ Yes,completed
1,517,348,01-01,+20.0%,+4.98%,0.5249,22,✓ Yes,completed
1,517,391,01-01,+16.5%,+4.87%,0.5243,33,✓ Yes,completed
1,517,433,01-01,+12.1%,+3.67%,0.5183,45,✓ Yes,completed
1,517,475,01-01,+9.5%,+2.87%,0.5143,47,✓ Yes,completed
1,517,517,01-01,+6.8%,+2.15%,0.5107,82,✓ Yes,completed
1,556,180,01-01,+25.0%,+94.01%,0.9700,1,✗ No,budget_exceeded
1,556,218,01-01,+25.0%,+47.31%,0.7366,3,✗ No,budget_exceeded
1,556,255,01-01,+25.0%,+40.53%,0.7026,4,✗ No,budget_exceeded
1,556,293,01-01,+25.0%,+32.00%,0.6600,6,✗ No,budget_exceeded
1,556,331,01-01,+14.8%,+3.57%,0.5179,9,✓ Yes,completed
1,556,368,01-01,+11.1%,+2.59%,0.5129,12,✓ Yes,completed
1,556,406,01-01,+9.9%,+2.32%,0.5116,13,✓ Yes,completed
1,556,444,01-01,+4.6%,+1.50%,0.5075,17,✓ Yes,completed
1,556,481,01-01,+4.1%,+1.42%,0.5071,17,✓ Yes,completed
1,556,519,01-01,+2.5%,+1.02%,0.5051,18,✓ Yes,completed
1,556,556,01-01,+1.4%,+0.61%,0.5030,34,✓ Yes,completed
1,596,180,01-01,+25.0%,+93.88%,0.9694,1,✗ No,budget_exceeded
1,596,218,01-01,+25.0%,+33.34%,0.6667,2,✗ No,budget_exceeded
1,596,256,01-01,+25.0%,+32.34%,0.6617,2,✗ No,budget_exceeded
1,596,293,01-01,+13.3%,+1.73%,0.5087,2,✓ Yes,completed
1,596,331,01-01,+4.8%,+0.79%,0.5040,2,✓ Yes,completed
1,596,369,01-01,+3.9%,+0.81%,0.5041,2,✓ Yes,completed
1,596,407,01-01,+3.8%,+0.83%,0.5041,2,✓ Yes,completed
1,596,445,01-01,+0.6%,+0.23%,0.5012,2,✓ Yes,completed
1,596,483,01-01,+0.5%,+0.21%,0.5010,2,✓ Yes,completed
1,596,520,01-01,+0.3%,+0.14%,0.5007,2,✓ Yes,completed
1,596,558,01-01,+0.1%,+0.04%,0.5002,2,✓ Yes,completed
1,596,596,01-01,+0.1%,+0.02%,0.5001,2,✓ Yes,completed
1,635,180,01-01,+0.0%,+0.00%,0.5000,0,✓ Yes,completed
1,635,218,01-01,+0.0%,+0.00%,0.5000,0,✓ Yes,completed
1,635,256,01-01,+0.0%,+0.00%,0.5000,0,✓ Yes,completed
1,635,294,01-01,+0.0%,+0.00%,0.5000,0,✓ Yes,completed
1,635,332,01-01,+0.0%,+0.00%,0.5000,0,✓ Yes,completed
1,635,370,01-01,+0.0%,+0.00%,0.5000,0,✓ Yes,completed
1,635,408,01-01,+0.0%,+0.00%,0.5000,0,✓ Yes,completed
1,635,446,01-01,+0.0%,+0.00%,0.5000,0,✓ Yes,completed
1,635,484,01-01,+0.0%,+0.00%,0.5000,0,✓ Yes,completed
1,635,522,01-01,+0.0%,+0.00%,0.5000,0,✓ Yes,completed
1,635,560,01-01,+0.0%,+0.00%,0.5000,0,✓ Yes,completed
1,635,597,01-01,+0.0%,+0.00%,0.5000,0,✓ Yes,completed
1,635,635,01-01,+0.0%,+0.00%,0.5000,0,✓ Yes,completed
1,675,180,01-01,+0.0%,+0.00%,0.5000,0,✓ Yes,completed
1,675,218,01-01,+0.0%,+0.00%,0.5000,0,✓ Yes,completed
1,675,256,01-01,+0.0%,+0.00%,0.5000,0,✓ Yes,completed
1,675,294,01-01,+0.0%,+0.00%,0.5000,0,✓ Yes,completed
1,675,332,01-01,+0.0%,+0.00%,0.5000,0,✓ Yes,completed
1,675,370,01-01,+0.0%,+0.00%,0.5000,0,✓ Yes,completed
1,675,408,01-01,+0.0%,+0.00%,0.5000,0,✓ Yes,completed
1,675,447,01-01,+0.0%,+0.00%,0.5000,0,✓ Yes,completed
1,675,485,01-01,+0.0%,+0.00%,0.5000,0,✓ Yes,completed
1,675,523,01-01,+0.0%,+0.00%,0.5000,0,✓ Yes,completed
1,675,561,01-01,+0.0%,+0.00%,0.5000,0,✓ Yes,completed
1,675,599,01-01,+0.0%,+0.00%,0.5000,0,✓ Yes,completed
1,675,637,01-01,+0.0%,+0.00%,0.5000,0,✓ Yes,completed
1,675,675,01-01,+0.0%,+0.00%,0.5000,0,✓ Yes,completed
1,714,180,01-01,+0.0%,+0.00%,0.5000,0,✓ Yes,completed
1,714,218,01-01,+0.0%,+0.00%,0.5000,0,✓ Yes,completed
1,714,256,01-01,+0.0%,+0.00%,0.5000,0,✓ Yes,completed
1,714,295,01-01,+0.0%,+0.00%,0.5000,0,✓ Yes,completed
1,714,333,01-01,+0.0%,+0.00%,0.5000,0,✓ Yes,completed
1,714,371,01-01,+0.0%,+0.00%,0.5000,0,✓ Yes,completed
1,714,409,01-01,+0.0%,+0.00%,0.5000,0,✓ Yes,completed
1,714,447,01-01,+0.0%,+0.00%,0.5000,0,✓ Yes,completed
1,714,485,01-01,+0.0%,+0.00%,0.5000,0,✓ Yes,completed
1,714,524,01-01,+0.0%,+0.00%,0.5000,0,✓ Yes,completed
1,714,562,01-01,+0.0%,+0.00%,0.5000,0,✓ Yes,completed
1,714,600,01-01,+0.0%,+0.00%,0.5000,0,✓ Yes,completed
1,714,638,01-01,+0.0%,+0.00%,0.5000,0,✓ Yes,completed
1,714,676,01-01,+0.0%,+0.00%,0.5000,0,✓ Yes,completed
1,714,714,01-01,+0.0%,+0.00%,0.5000,0,✓ Yes,completed
1,359,180,01-15,+25.0%,+97.76%,0.9888,1,✗ No,budget_exceeded
1,359,225,01-15,+25.0%,+97.52%,0.9876,7,✗ No,budget_exceeded
1,359,269,01-15,+25.0%,+93.67%,0.9684,53,✗ No,budget_exceeded
1,359,314,01-15,+25.0%,+90.75%,0.9537,98,✗ No,budget_exceeded
1,359,359,01-15,+25.0%,+85.83%,0.9291,178,✗ No,budget_exceeded
1,398,180,01-15,+25.0%,+97.76%,0.9888,1,✗ No,budget_exceeded
1,398,224,01-15,+25.0%,+95.77%,0.9789,8,✗ No,budget_exceeded
1,398,267,01-15,+25.0%,+89.73%,0.9486,52,✗ No,budget_exceeded
1,398,311,01-15,+25.0%,+85.60%,0.9280,103,✗ No,budget_exceeded
1,398,355,01-15,+25.0%,+80.66%,0.9033,147,✗ No,budget_exceeded
1,398,398,01-15,+25.0%,+71.89%,0.8594,254,✗ No,budget_exceeded
1,438,180,01-15,+25.0%,+97.72%,0.9886,1,✗ No,budget_exceeded
1,438,223,01-15,+25.0%,+90.55%,0.9528,7,✗ No,budget_exceeded
1,438,266,01-15,+25.0%,+78.58%,0.8929,57,✗ No,budget_exceeded
1,438,309,01-15,+25.0%,+71.07%,0.8553,105,✗ No,budget_exceeded
1,438,352,01-15,+25.0%,+63.10%,0.8155,135,✗ No,budget_exceeded
1,438,395,01-15,+25.0%,+58.78%,0.7939,153,✗ No,budget_exceeded
1,438,438,01-15,+25.0%,+47.12%,0.7356,242,✗ No,budget_exceeded
1,477,180,01-15,+25.0%,+97.57%,0.9878,1,✗ No,budget_exceeded
1,477,223,01-15,+25.0%,+89.66%,0.9483,6,✗ No,budget_exceeded
1,477,265,01-15,+25.0%,+66.37%,0.8318,36,✗ No,budget_exceeded
1,477,307,01-15,+25.0%,+57.19%,0.7859,56,✗ No,budget_exceeded
1,477,350,01-15,+25.0%,+47.93%,0.7396,73,✗ No,budget_exceeded
1,477,392,01-15,+25.0%,+38.48%,0.6924,91,✗ No,budget_exceeded
1,477,435,01-15,+23.7%,+6.63%,0.5331,151,✓ Yes,completed
1,477,477,01-15,+16.1%,+5.14%,0.5257,259,✓ Yes,completed
1,517,180,01-15,+25.0%,+97.10%,0.9855,1,✗ No,budget_exceeded
1,517,222,01-15,+25.0%,+64.42%,0.8221,7,✗ No,budget_exceeded
1,517,264,01-15,+25.0%,+45.39%,0.7270,10,✗ No,budget_exceeded
1,517,306,01-15,+22.6%,+5.02%,0.5251,18,✓ Yes,completed
1,517,348,01-15,+19.0%,+4.82%,0.5241,21,✓ Yes,completed
1,517,391,01-15,+15.7%,+4.57%,0.5228,32,✓ Yes,completed
1,517,433,01-15,+11.4%,+3.76%,0.5188,44,✓ Yes,completed
1,517,475,01-15,+9.1%,+2.99%,0.5149,46,✓ Yes,completed
1,517,517,01-15,+6.6%,+2.04%,0.5102,79,✓ Yes,completed
1,556,180,01-15,+25.0%,+97.04%,0.9852,1,✗ No,budget_exceeded
1,556,218,01-15,+25.0%,+50.19%,0.7510,3,✗ No,budget_exceeded
1,556,255,01-15,+25.0%,+43.38%,0.7169,4,✗ No,budget_exceeded
1,556,293,01-15,+25.0%,+34.83%,0.6742,6,✗ No,budget_exceeded
1,556,331,01-15,+14.8%,+3.69%,0.5184,9,✓ Yes,completed
1,556,368,01-15,+11.1%,+2.94%,0.5147,12,✓ Yes,completed
1,556,406,01-15,+9.9%,+2.66%,0.5133,13,✓ Yes,completed
1,556,444,01-15,+4.6%,+1.23%,0.5062,17,✓ Yes,completed
1,556,481,01-15,+4.1%,+1.14%,0.5057,17,✓ Yes,completed
1,556,519,01-15,+2.5%,+0.78%,0.5039,18,✓ Yes,completed
1,556,556,01-15,+1.4%,+0.47%,0.5024,34,✓ Yes,completed
1,596,180,01-15,+25.0%,+96.92%,0.9846,1,✗ No,budget_exceeded
1,596,218,01-15,+25.0%,+36.17%,0.6809,2,✗ No,budget_exceeded
1,596,256,01-15,+25.0%,+35.17%,0.6759,2,✗ No,budget_exceeded
1,596,293,01-15,+13.3%,+2.01%,0.5101,2,✓ Yes,completed
1,596,331,01-15,+4.8%,+0.52%,0.5026,2,✓ Yes,completed
1,596,369,01-15,+3.9%,+0.49%,0.5024,2,✓ Yes,completed
1,596,407,01-15,+3.8%,+0.48%,0.5024,2,✓ Yes,completed
1,596,445,01-15,+0.6%,+0.16%,0.5008,2,✓ Yes,completed
1,596,483,01-15,+0.5%,+0.14%,0.5007,2,✓ Yes,completed
1,596,520,01-15,+0.3%,+0.11%,0.5006,2,✓ Yes,completed
1,596,558,01-15,+0.1%,+0.04%,0.5002,2,✓ Yes,completed
1,596,596,01-15,+0.1%,+0.01%,0.5001,2,✓ Yes,completed
1,635,180,01-15,+0.0%,+0.00%,0.5000,0,✓ Yes,completed
1,635,218,01-15,+0.0%,+0.00%,0.5000,0,✓ Yes,completed
1,635,256,01-15,+0.0%,+0.00%,0.5000,0,✓ Yes,completed
1,635,294,01-15,+0.0%,+0.00%,0.5000,0,✓ Yes,completed
1,635,332,01-15,+0.0%,+0.00%,0.5000,0,✓ Yes,completed
1,635,370,01-15,+0.0%,+0.00%,0.5000,0,✓ Yes,completed
1,635,408,01-15,+0.0%,+0.00%,0.5000,0,✓ Yes,completed
1,635,446,01-15,+0.0%,+0.00%,0.5000,0,✓ Yes,completed
1,635,484,01-15,+0.0%,+0.00%,0.5000,0,✓ Yes,completed
1,635,522,01-15,+0.0%,+0.00%,0.5000,0,✓ Yes,completed
1,635,560,01-15,+0.0%,+0.00%,0.5000,0,✓ Yes,completed
1,635,597,01-15,+0.0%,+0.00%,0.5000,0,✓ Yes,completed
1,635,635,01-15,+0.0%,+0.00%,0.5000,0,✓ Yes,completed
1,675,180,01-15,+0.0%,+0.00%,0.5000,0,✓ Yes,completed
1,675,218,01-15,+0.0%,+0.00%,0.5000,0,✓ Yes,completed
1,675,256,01-15,+0.0%,+0.00%,0.5000,0,✓ Yes,completed
1,675,294,01-15,+0.0%,+0.00%,0.5000,0,✓ Yes,completed
1,675,332,01-15,+0.0%,+0.00%,0.5000,0,✓ Yes,completed
1,675,370,01-15,+0.0%,+0.00%,0.5000,0,✓ Yes,completed
1,675,408,01-15,+0.0%,+0.00%,0.5000,0,✓ Yes,completed
1,675,447,01-15,+0.0%,+0.00%,0.5000,0,✓ Yes,completed
1,675,485,01-15,+0.0%,+0.00%,0.5000,0,✓ Yes,completed
1,675,523,01-15,+0.0%,+0.00%,0.5000,0,✓ Yes,completed
1,675,561,01-15,+0.0%,+0.00%,0.5000,0,✓ Yes,completed
1,675,599,01-15,+0.0%,+0.00%,0.5000,0,✓ Yes,completed
1,675,637,01-15,+0.0%,+0.00%,0.5000,0,✓ Yes,completed
1,675,675,01-15,+0.0%,+0.00%,0.5000,0,✓ Yes,completed
1,714,180,01-15,+0.0%,+0.00%,0.5000,0,✓ Yes,completed
1,714,218,01-15,+0.0%,+0.00%,0.5000,0,✓ Yes,completed
1,714,256,01-15,+0.0%,+0.00%,0.5000,0,✓ Yes,completed
1,714,295,01-15,+0.0%,+0.00%,0.5000,0,✓ Yes,completed
1,714,333,01-15,+0.0%,+0.00%,0.5000,0,✓ Yes,completed
1,714,371,01-15,+0.0%,+0.00%,0.5000,0,✓ Yes,completed
1,714,409,01-15,+0.0%,+0.00%,0.5000,0,✓ Yes,completed
1,714,447,01-15,+0.0%,+0.00%,0.5000,0,✓ Yes,completed
1,714,485,01-15,+0.0%,+0.00%,0.5000,0,✓ Yes,completed
1,714,524,01-15,+0.0%,+0.00%,0.5000,0,✓ Yes,completed
1,714,562,01-15,+0.0%,+0.00%,0.5000,0,✓ Yes,completed
1,714,600,01-15,+0.0%,+0.00%,0.5000,0,✓ Yes,completed
1,714,638,01-15,+0.0%,+0.00%,0.5000,0,✓ Yes,completed
1,714,676,01-15,+0.0%,+0.00%,0.5000,0,✓ Yes,completed
1,714,714,01-15,+0.0%,+0.00%,0.5000,0,✓ Yes,completed
1,359,180,01-29,+25.0%,+97.80%,0.9890,1,✗ No,budget_exceeded
1,359,225,01-29,+25.0%,+95.82%,0.9791,22,✗ No,budget_exceeded
1,359,269,01-29,+25.0%,+92.38%,0.9619,73,✗ No,budget_exceeded
1,359,314,01-29,+25.0%,+89.13%,0.9457,123,✗ No,budget_exceeded
1,359,359,01-29,+25.0%,+84.00%,0.9200,203,✗ No,budget_exceeded
1,398,180,01-29,+25.0%,+97.50%,0.9875,1,✗ No,budget_exceeded
1,398,224,01-29,+25.0%,+92.35%,0.9618,20,✗ No,budget_exceeded
1,398,267,01-29,+25.0%,+87.76%,0.9388,75,✗ No,budget_exceeded
1,398,311,01-29,+25.0%,+83.11%,0.9156,127,✗ No,budget_exceeded
1,398,355,01-29,+25.0%,+79.23%,0.8962,168,✗ No,budget_exceeded
1,398,398,01-29,+25.0%,+67.14%,0.8357,291,✗ No,budget_exceeded
1,438,180,01-29,+25.0%,+93.35%,0.9667,2,✗ No,budget_exceeded
1,438,223,01-29,+25.0%,+87.80%,0.9390,16,✗ No,budget_exceeded
1,438,266,01-29,+25.0%,+75.33%,0.8766,69,✗ No,budget_exceeded
1,438,309,01-29,+25.0%,+69.21%,0.8461,108,✗ No,budget_exceeded
1,438,352,01-29,+25.0%,+62.43%,0.8121,135,✗ No,budget_exceeded
1,438,395,01-29,+25.0%,+58.78%,0.7939,152,✗ No,budget_exceeded
1,438,438,01-29,+25.0%,+44.59%,0.7230,248,✗ No,budget_exceeded
1,477,180,01-29,+25.0%,+93.11%,0.9656,2,✗ No,budget_exceeded
1,477,223,01-29,+25.0%,+80.04%,0.9002,11,✗ No,budget_exceeded
1,477,265,01-29,+25.0%,+62.71%,0.8136,39,✗ No,budget_exceeded
1,477,307,01-29,+25.0%,+57.01%,0.7851,55,✗ No,budget_exceeded
1,477,350,01-29,+25.0%,+46.80%,0.7340,73,✗ No,budget_exceeded
1,477,392,01-29,+25.0%,+36.65%,0.6832,103,✗ No,budget_exceeded
1,477,435,01-29,+22.0%,+6.59%,0.5329,147,✓ Yes,completed
1,477,477,01-29,+15.1%,+5.22%,0.5261,247,✓ Yes,completed
1,517,180,01-29,+25.0%,+84.62%,0.9231,2,✗ No,budget_exceeded
1,517,222,01-29,+25.0%,+57.15%,0.7857,8,✗ No,budget_exceeded
1,517,264,01-29,+25.0%,+42.60%,0.7130,10,✗ No,budget_exceeded
1,517,306,01-29,+20.0%,+4.85%,0.5242,17,✓ Yes,completed
1,517,348,01-29,+16.5%,+4.65%,0.5233,20,✓ Yes,completed
1,517,391,01-29,+13.7%,+4.38%,0.5219,31,✓ Yes,completed
1,517,433,01-29,+10.4%,+4.03%,0.5201,42,✓ Yes,completed
1,517,475,01-29,+8.6%,+3.45%,0.5172,44,✓ Yes,completed
1,517,517,01-29,+6.2%,+2.47%,0.5123,77,✓ Yes,completed
1,556,180,01-29,+25.0%,+83.67%,0.9183,2,✗ No,budget_exceeded
1,556,218,01-29,+25.0%,+42.72%,0.7136,4,✗ No,budget_exceeded
1,556,255,01-29,+25.0%,+39.75%,0.6988,4,✗ No,budget_exceeded
1,556,293,01-29,+20.9%,+4.23%,0.5212,7,✓ Yes,completed
1,556,331,01-29,+12.3%,+3.48%,0.5174,8,✓ Yes,completed
1,556,368,01-29,+9.1%,+2.88%,0.5144,11,✓ Yes,completed
1,556,406,01-29,+7.9%,+2.63%,0.5132,12,✓ Yes,completed
1,556,444,01-29,+4.1%,+1.44%,0.5072,15,✓ Yes,completed
1,556,481,01-29,+3.6%,+1.29%,0.5065,15,✓ Yes,completed
1,556,519,01-29,+2.1%,+0.77%,0.5039,16,✓ Yes,completed
1,556,556,01-29,+1.2%,+0.47%,0.5023,29,✓ Yes,completed
1,596,180,01-29,+25.0%,+20.96%,0.6048,1,✗ No,budget_exceeded
1,596,218,01-29,+17.2%,+2.14%,0.5107,1,✓ Yes,completed
1,596,256,01-29,+16.1%,+2.25%,0.5112,1,✓ Yes,completed
1,596,293,01-29,+6.7%,+1.12%,0.5056,1,✓ Yes,completed
1,596,331,01-29,+2.4%,+0.32%,0.5016,1,✓ Yes,completed
1,596,369,01-29,+2.0%,+0.34%,0.5017,1,✓ Yes,completed
1,596,407,01-29,+1.9%,+0.36%,0.5018,1,✓ Yes,completed
1,596,445,01-29,+0.3%,+0.06%,0.5003,1,✓ Yes,completed
1,596,483,01-29,+0.3%,+0.06%,0.5003,1,✓ Yes,completed
1,596,520,01-29,+0.2%,+0.07%,0.5003,1,✓ Yes,completed
1,596,558,01-29,+0.0%,+0.02%,0.5001,1,✓ Yes,completed
1,596,596,01-29,+0.0%,+0.01%,0.5000,1,✓ Yes,completed
1,635,180,01-29,+0.0%,+0.00%,0.5000,0,✓ Yes,completed
1,635,218,01-29,+0.0%,+0.00%,0.5000,0,✓ Yes,completed
1,635,256,01-29,+0.0%,+0.00%,0.5000,0,✓ Yes,completed
1,635,294,01-29,+0.0%,+0.00%,0.5000,0,✓ Yes,completed
1,635,332,01-29,+0.0%,+0.00%,0.5000,0,✓ Yes,completed
1,635,370,01-29,+0.0%,+0.00%,0.5000,0,✓ Yes,completed
1,635,408,01-29,+0.0%,+0.00%,0.5000,0,✓ Yes,completed
1,635,446,01-29,+0.0%,+0.00%,0.5000,0,✓ Yes,completed
1,635,484,01-29,+0.0%,+0.00%,0.5000,0,✓ Yes,completed
1,635,522,01-29,+0.0%,+0.00%,0.5000,0,✓ Yes,completed
1,635,560,01-29,+0.0%,+0.00%,0.5000,0,✓ Yes,completed
1,635,597,01-29,+0.0%,+0.00%,0.5000,0,✓ Yes,completed
1,635,635,01-29,+0.0%,+0.00%,0.5000,0,✓ Yes,completed
1,675,180,01-29,+0.0%,+0.00%,0.5000,0,✓ Yes,completed
1,675,218,01-29,+0.0%,+0.00%,0.5000,0,✓ Yes,completed
1,675,256,01-29,+0.0%,+0.00%,0.5000,0,✓ Yes,completed
1,675,294,01-29,+0.0%,+0.00%,0.5000,0,✓ Yes,completed
1,675,332,01-29,+0.0%,+0.00%,0.5000,0,✓ Yes,completed
1,675,370,01-29,+0.0%,+0.00%,0.5000,0,✓ Yes,completed
1,675,408,01-29,+0.0%,+0.00%,0.5000,0,✓ Yes,completed
1,675,447,01-29,+0.0%,+0.00%,0.5000,0,✓ Yes,completed
1,675,485,01-29,+0.0%,+0.00%,0.5000,0,✓ Yes,completed
1,675,523,01-29,+0.0%,+0.00%,0.5000,0,✓ Yes,completed
1,675,561,01-29,+0.0%,+0.00%,0.5000,0,✓ Yes,completed
1,675,599,01-29,+0.0%,+0.00%,0.5000,0,✓ Yes,completed
1,675,637,01-29,+0.0%,+0.00%,0.5000,0,✓ Yes,completed
1,675,675,01-29,+0.0%,+0.00%,0.5000,0,✓ Yes,completed
1,714,180,01-29,+0.0%,+0.00%,0.5000,0,✓ Yes,completed
1,714,218,01-29,+0.0%,+0.00%,0.5000,0,✓ Yes,completed
1,714,256,01-29,+0.0%,+0.00%,0.5000,0,✓ Yes,completed
1,714,295,01-29,+0.0%,+0.00%,0.5000,0,✓ Yes,completed
1,714,333,01-29,+0.0%,+0.00%,0.5000,0,✓ Yes,completed
1,714,371,01-29,+0.0%,+0.00%,0.5000,0,✓ Yes,completed
1,714,409,01-29,+0.0%,+0.00%,0.5000,0,✓ Yes,completed
1,714,447,01-29,+0.0%,+0.00%,0.5000,0,✓ Yes,completed
1,714,485,01-29,+0.0%,+0.00%,0.5000,0,✓ Yes,completed
1,714,524,01-29,+0.0%,+0.00%,0.5000,0,✓ Yes,completed
1,714,562,01-29,+0.0%,+0.00%,0.5000,0,✓ Yes,completed
1,714,600,01-29,+0.0%,+0.00%,0.5000,0,✓ Yes,completed
1,714,638,01-29,+0.0%,+0.00%,0.5000,0,✓ Yes,completed
1,714,676,01-29,+0.0%,+0.00%,0.5000,0,✓ Yes,completed
1,714,714,01-29,+0.0%,+0.00%,0.5000,0,✓ Yes,completed
1,359,180,02-12,+25.0%,+97.33%,0.9867,3,✗ No,budget_exceeded
1,359,225,02-12,+25.0%,+95.19%,0.9759,33,✗ No,budget_exceeded
1,359,269,02-12,+25.0%,+91.36%,0.9568,93,✗ No,budget_exceeded
1,359,314,02-12,+25.0%,+87.94%,0.9397,142,✗ No,budget_exceeded
1,359,359,02-12,+25.0%,+83.48%,0.9174,204,✗ No,budget_exceeded
1,398,180,02-12,+25.0%,+97.16%,0.9858,3,✗ No,budget_exceeded
1,398,224,02-12,+25.0%,+92.01%,0.9600,30,✗ No,budget_exceeded
1,398,267,02-12,+25.0%,+86.19%,0.9310,95,✗ No,budget_exceeded
1,398,311,02-12,+25.0%,+82.47%,0.9123,145,✗ No,budget_exceeded
1,398,355,02-12,+25.0%,+78.09%,0.8905,178,✗ No,budget_exceeded
1,398,398,02-12,+25.0%,+68.52%,0.8426,277,✗ No,budget_exceeded
1,438,180,02-12,+25.0%,+94.32%,0.9716,2,✗ No,budget_exceeded
1,438,223,02-12,+25.0%,+88.54%,0.9427,18,✗ No,budget_exceeded
1,438,266,02-12,+25.0%,+74.71%,0.8735,72,✗ No,budget_exceeded
1,438,309,02-12,+25.0%,+68.16%,0.8408,110,✗ No,budget_exceeded
1,438,352,02-12,+25.0%,+63.88%,0.8194,133,✗ No,budget_exceeded
1,438,395,02-12,+25.0%,+60.75%,0.8037,147,✗ No,budget_exceeded
1,438,438,02-12,+25.0%,+44.83%,0.7242,248,✗ No,budget_exceeded
1,477,180,02-12,+25.0%,+94.13%,0.9706,2,✗ No,budget_exceeded
1,477,223,02-12,+25.0%,+80.41%,0.9021,12,✗ No,budget_exceeded
1,477,265,02-12,+25.0%,+63.61%,0.8180,39,✗ No,budget_exceeded
1,477,307,02-12,+25.0%,+53.91%,0.7696,56,✗ No,budget_exceeded
1,477,350,02-12,+25.0%,+47.66%,0.7383,73,✗ No,budget_exceeded
1,477,392,02-12,+25.0%,+33.76%,0.6688,106,✗ No,budget_exceeded
1,477,435,02-12,+21.7%,+6.60%,0.5330,146,✓ Yes,completed
1,477,477,02-12,+15.2%,+5.37%,0.5268,245,✓ Yes,completed
1,517,180,02-12,+25.0%,+87.72%,0.9386,2,✗ No,budget_exceeded
1,517,222,02-12,+25.0%,+60.17%,0.8009,8,✗ No,budget_exceeded
1,517,264,02-12,+25.0%,+45.59%,0.7279,10,✗ No,budget_exceeded
1,517,306,02-12,+20.0%,+5.10%,0.5255,17,✓ Yes,completed
1,517,348,02-12,+16.5%,+4.77%,0.5239,21,✓ Yes,completed
1,517,391,02-12,+13.6%,+4.57%,0.5228,31,✓ Yes,completed
1,517,433,02-12,+10.3%,+4.06%,0.5203,42,✓ Yes,completed
1,517,475,02-12,+8.5%,+3.78%,0.5189,44,✓ Yes,completed
1,517,517,02-12,+6.2%,+2.96%,0.5148,77,✓ Yes,completed
1,556,180,02-12,+25.0%,+86.82%,0.9341,2,✗ No,budget_exceeded
1,556,218,02-12,+25.0%,+45.76%,0.7288,4,✗ No,budget_exceeded
1,556,255,02-12,+25.0%,+42.79%,0.7139,4,✗ No,budget_exceeded
1,556,293,02-12,+20.9%,+4.42%,0.5221,7,✓ Yes,completed
1,556,331,02-12,+12.3%,+3.68%,0.5184,8,✓ Yes,completed
1,556,368,02-12,+9.1%,+3.09%,0.5155,11,✓ Yes,completed
1,556,406,02-12,+7.9%,+3.05%,0.5153,12,✓ Yes,completed
1,556,444,02-12,+4.1%,+1.96%,0.5098,15,✓ Yes,completed
1,556,481,02-12,+3.6%,+1.79%,0.5090,15,✓ Yes,completed
1,556,519,02-12,+2.1%,+1.12%,0.5056,16,✓ Yes,completed
1,556,556,02-12,+1.2%,+0.67%,0.5034,29,✓ Yes,completed
1,596,180,02-12,+25.0%,+23.94%,0.6197,1,✗ No,budget_exceeded
1,596,218,02-12,+17.2%,+2.23%,0.5112,1,✓ Yes,completed
1,596,256,02-12,+16.1%,+2.33%,0.5117,1,✓ Yes,completed
1,596,293,02-12,+6.7%,+1.59%,0.5080,1,✓ Yes,completed
1,596,331,02-12,+2.4%,+0.71%,0.5036,1,✓ Yes,completed
1,596,369,02-12,+2.0%,+0.64%,0.5032,1,✓ Yes,completed
1,596,407,02-12,+1.9%,+0.63%,0.5032,1,✓ Yes,completed
1,596,445,02-12,+0.3%,+0.14%,0.5007,1,✓ Yes,completed
1,596,483,02-12,+0.3%,+0.13%,0.5006,1,✓ Yes,completed
1,596,520,02-12,+0.2%,+0.10%,0.5005,1,✓ Yes,completed
1,596,558,02-12,+0.0%,+0.03%,0.5001,1,✓ Yes,completed
1,596,596,02-12,+0.0%,+0.01%,0.5001,1,✓ Yes,completed
1,635,180,02-12,+0.0%,+0.00%,0.5000,0,✓ Yes,completed
1,635,218,02-12,+0.0%,+0.00%,0.5000,0,✓ Yes,completed
1,635,256,02-12,+0.0%,+0.00%,0.5000,0,✓ Yes,completed
1,635,294,02-12,+0.0%,+0.00%,0.5000,0,✓ Yes,completed
1,635,332,02-12,+0.0%,+0.00%,0.5000,0,✓ Yes,completed
1,635,370,02-12,+0.0%,+0.00%,0.5000,0,✓ Yes,completed
1,635,408,02-12,+0.0%,+0.00%,0.5000,0,✓ Yes,completed
1,635,446,02-12,+0.0%,+0.00%,0.5000,0,✓ Yes,completed
1,635,484,02-12,+0.0%,+0.00%,0.5000,0,✓ Yes,completed
1,635,522,02-12,+0.0%,+0.00%,0.5000,0,✓ Yes,completed
1,635,560,02-12,+0.0%,+0.00%,0.5000,0,✓ Yes,completed
1,635,597,02-12,+0.0%,+0.00%,0.5000,0,✓ Yes,completed
1,635,635,02-12,+0.0%,+0.00%,0.5000,0,✓ Yes,completed
1,675,180,02-12,+0.0%,+0.00%,0.5000,0,✓ Yes,completed
1,675,218,02-12,+0.0%,+0.00%,0.5000,0,✓ Yes,completed
1,675,256,02-12,+0.0%,+0.00%,0.5000,0,✓ Yes,completed
1,675,294,02-12,+0.0%,+0.00%,0.5000,0,✓ Yes,completed
1,675,332,02-12,+0.0%,+0.00%,0.5000,0,✓ Yes,completed
1,675,370,02-12,+0.0%,+0.00%,0.5000,0,✓ Yes,completed
1,675,408,02-12,+0.0%,+0.00%,0.5000,0,✓ Yes,completed
1,675,447,02-12,+0.0%,+0.00%,0.5000,0,✓ Yes,completed
1,675,485,02-12,+0.0%,+0.00%,0.5000,0,✓ Yes,completed
1,675,523,02-12,+0.0%,+0.00%,0.5000,0,✓ Yes,completed
1,675,561,02-12,+0.0%,+0.00%,0.5000,0,✓ Yes,completed
1,675,599,02-12,+0.0%,+0.00%,0.5000,0,✓ Yes,completed
1,675,637,02-12,+0.0%,+0.00%,0.5000,0,✓ Yes,completed
1,675,675,02-12,+0.0%,+0.00%,0.5000,0,✓ Yes,completed
1,714,180,02-12,+0.0%,+0.00%,0.5000,0,✓ Yes,completed
1,714,218,02-12,+0.0%,+0.00%,0.5000,0,✓ Yes,completed
1,714,256,02-12,+0.0%,+0.00%,0.5000,0,✓ Yes,completed
1,714,295,02-12,+0.0%,+0.00%,0.5000,0,✓ Yes,completed
1,714,333,02-12,+0.0%,+0.00%,0.5000,0,✓ Yes,completed
1,714,371,02-12,+0.0%,+0.00%,0.5000,0,✓ Yes,completed
1,714,409,02-12,+0.0%,+0.00%,0.5000,0,✓ Yes,completed
1,714,447,02-12,+0.0%,+0.00%,0.5000,0,✓ Yes,completed
1,714,485,02-12,+0.0%,+0.00%,0.5000,0,✓ Yes,completed
1,714,524,02-12,+0.0%,+0.00%,0.5000,0,✓ Yes,completed
1,714,562,02-12,+0.0%,+0.00%,0.5000,0,✓ Yes,completed
1,714,600,02-12,+0.0%,+0.00%,0.5000,0,✓ Yes,completed
1,714,638,02-12,+0.0%,+0.00%,0.5000,0,✓ Yes,completed
1,714,676,02-12,+0.0%,+0.00%,0.5000,0,✓ Yes,completed
1,714,714,02-12,+0.0%,+0.00%,0.5000,0,✓ Yes,completed
1,359,180,02-26,+25.0%,+97.31%,0.9865,4,✗ No,budget_exceeded
1,359,225,02-26,+25.0%,+94.74%,0.9737,43,✗ No,budget_exceeded
1,359,269,02-26,+25.0%,+90.85%,0.9543,108,✗ No,budget_exceeded
1,359,314,02-26,+25.0%,+87.61%,0.9380,153,✗ No,budget_exceeded
1,359,359,02-26,+25.0%,+83.62%,0.9181,205,✗ No,budget_exceeded
1,398,180,02-26,+25.0%,+97.10%,0.9855,4,✗ No,budget_exceeded
1,398,224,02-26,+25.0%,+91.66%,0.9583,36,✗ No,budget_exceeded
1,398,267,02-26,+25.0%,+86.08%,0.9304,107,✗ No,budget_exceeded
1,398,311,02-26,+25.0%,+81.80%,0.9090,153,✗ No,budget_exceeded
1,398,355,02-26,+25.0%,+77.56%,0.8878,184,✗ No,budget_exceeded
1,398,398,02-26,+25.0%,+69.67%,0.8483,274,✗ No,budget_exceeded
1,438,180,02-26,+25.0%,+94.32%,0.9716,2,✗ No,budget_exceeded
1,438,223,02-26,+25.0%,+86.11%,0.9305,26,✗ No,budget_exceeded
1,438,266,02-26,+25.0%,+75.45%,0.8773,71,✗ No,budget_exceeded
1,438,309,02-26,+25.0%,+69.32%,0.8466,108,✗ No,budget_exceeded
1,438,352,02-26,+25.0%,+65.07%,0.8254,130,✗ No,budget_exceeded
1,438,395,02-26,+25.0%,+57.64%,0.7882,144,✗ No,budget_exceeded
1,438,438,02-26,+25.0%,+46.16%,0.7308,246,✗ No,budget_exceeded
1,477,180,02-26,+25.0%,+94.11%,0.9706,2,✗ No,budget_exceeded
1,477,223,02-26,+25.0%,+79.39%,0.8970,13,✗ No,budget_exceeded
1,477,265,02-26,+25.0%,+64.82%,0.8241,38,✗ No,budget_exceeded
1,477,307,02-26,+25.0%,+55.29%,0.7765,55,✗ No,budget_exceeded
1,477,350,02-26,+25.0%,+47.29%,0.7364,73,✗ No,budget_exceeded
1,477,392,02-26,+25.0%,+24.49%,0.6225,114,✗ No,budget_exceeded
1,477,435,02-26,+22.0%,+5.92%,0.5296,154,✓ Yes,completed
1,477,477,02-26,+14.6%,+4.92%,0.5246,238,✓ Yes,completed
1,517,180,02-26,+25.0%,+87.50%,0.9375,2,✗ No,budget_exceeded
1,517,222,02-26,+25.0%,+59.69%,0.7985,8,✗ No,budget_exceeded
1,517,264,02-26,+25.0%,+45.03%,0.7251,10,✗ No,budget_exceeded
1,517,306,02-26,+18.9%,+4.44%,0.5222,17,✓ Yes,completed
1,517,348,02-26,+15.4%,+4.29%,0.5215,20,✓ Yes,completed
1,517,391,02-26,+13.0%,+4.11%,0.5205,30,✓ Yes,completed
1,517,433,02-26,+9.8%,+3.66%,0.5183,39,✓ Yes,completed
1,517,475,02-26,+8.1%,+3.22%,0.5161,40,✓ Yes,completed
1,517,517,02-26,+5.9%,+2.62%,0.5131,73,✓ Yes,completed
1,556,180,02-26,+25.0%,+87.19%,0.9359,2,✗ No,budget_exceeded
1,556,218,02-26,+25.0%,+45.78%,0.7289,4,✗ No,budget_exceeded
1,556,255,02-26,+25.0%,+42.76%,0.7138,4,✗ No,budget_exceeded
1,556,293,02-26,+20.4%,+3.82%,0.5191,6,✓ Yes,completed
1,556,331,02-26,+11.9%,+3.32%,0.5166,8,✓ Yes,completed
1,556,368,02-26,+8.8%,+2.75%,0.5137,10,✓ Yes,completed
1,556,406,02-26,+7.6%,+2.58%,0.5129,11,✓ Yes,completed
1,556,444,02-26,+3.9%,+1.91%,0.5095,14,✓ Yes,completed
1,556,481,02-26,+3.6%,+1.78%,0.5089,14,✓ Yes,completed
1,556,519,02-26,+2.1%,+1.15%,0.5058,15,✓ Yes,completed
1,556,556,02-26,+1.2%,+0.70%,0.5035,28,✓ Yes,completed
1,596,180,02-26,+25.0%,+26.60%,0.6330,1,✗ No,budget_exceeded
1,596,218,02-26,+17.2%,+2.02%,0.5101,1,✓ Yes,completed
1,596,256,02-26,+16.1%,+2.09%,0.5104,1,✓ Yes,completed
1,596,293,02-26,+6.7%,+1.27%,0.5063,1,✓ Yes,completed
1,596,331,02-26,+2.4%,+0.77%,0.5038,1,✓ Yes,completed
1,596,369,02-26,+2.0%,+0.71%,0.5035,1,✓ Yes,completed
1,596,407,02-26,+1.9%,+0.71%,0.5036,1,✓ Yes,completed
1,596,445,02-26,+0.3%,+0.17%,0.5009,1,✓ Yes,completed
1,596,483,02-26,+0.3%,+0.16%,0.5008,1,✓ Yes,completed
1,596,520,02-26,+0.2%,+0.12%,0.5006,1,✓ Yes,completed
1,596,558,02-26,+0.0%,+0.03%,0.5002,1,✓ Yes,completed
1,596,596,02-26,+0.0%,+0.02%,0.5001,1,✓ Yes,completed
1,635,180,02-26,+0.0%,+0.00%,0.5000,0,✓ Yes,completed
1,635,218,02-26,+0.0%,+0.00%,0.5000,0,✓ Yes,completed
1,635,256,02-26,+0.0%,+0.00%,0.5000,0,✓ Yes,completed
1,635,294,02-26,+0.0%,+0.00%,0.5000,0,✓ Yes,completed
1,635,332,02-26,+0.0%,+0.00%,0.5000,0,✓ Yes,completed
1,635,370,02-26,+0.0%,+0.00%,0.5000,0,✓ Yes,completed
1,635,408,02-26,+0.0%,+0.00%,0.5000,0,✓ Yes,completed
1,635,446,02-26,+0.0%,+0.00%,0.5000,0,✓ Yes,completed
1,635,484,02-26,+0.0%,+0.00%,0.5000,0,✓ Yes,completed
1,635,522,02-26,+0.0%,+0.00%,0.5000,0,✓ Yes,completed
1,635,560,02-26,+0.0%,+0.00%,0.5000,0,✓ Yes,completed
1,635,597,02-26,+0.0%,+0.00%,0.5000,0,✓ Yes,completed
1,635,635,02-26,+0.0%,+0.00%,0.5000,0,✓ Yes,completed
1,675,180,02-26,+0.0%,+0.00%,0.5000,0,✓ Yes,completed
1,675,218,02-26,+0.0%,+0.00%,0.5000,0,✓ Yes,completed
1,675,256,02-26,+0.0%,+0.00%,0.5000,0,✓ Yes,completed
1,675,294,02-26,+0.0%,+0.00%,0.5000,0,✓ Yes,completed
1,675,332,02-26,+0.0%,+0.00%,0.5000,0,✓ Yes,completed
1,675,370,02-26,+0.0%,+0.00%,0.5000,0,✓ Yes,completed
1,675,408,02-26,+0.0%,+0.00%,0.5000,0,✓ Yes,completed
1,675,447,02-26,+0.0%,+0.00%,0.5000,0,✓ Yes,completed
1,675,485,02-26,+0.0%,+0.00%,0.5000,0,✓ Yes,completed
1,675,523,02-26,+0.0%,+0.00%,0.5000,0,✓ Yes,completed
1,675,561,02-26,+0.0%,+0.00%,0.5000,0,✓ Yes,completed
1,675,599,02-26,+0.0%,+0.00%,0.5000,0,✓ Yes,completed
1,675,637,02-26,+0.0%,+0.00%,0.5000,0,✓ Yes,completed
1,675,675,02-26,+0.0%,+0.00%,0.5000,0,✓ Yes,completed
1,714,180,02-26,+0.0%,+0.00%,0.5000,0,✓ Yes,completed
1,714,218,02-26,+0.0%,+0.00%,0.5000,0,✓ Yes,completed
1,714,256,02-26,+0.0%,+0.00%,0.5000,0,✓ Yes,completed
1,714,295,02-26,+0.0%,+0.00%,0.5000,0,✓ Yes,completed
1,714,333,02-26,+0.0%,+0.00%,0.5000,0,✓ Yes,completed
1,714,371,02-26,+0.0%,+0.00%,0.5000,0,✓ Yes,completed
1,714,409,02-26,+0.0%,+0.00%,0.5000,0,✓ Yes,completed
1,714,447,02-26,+0.0%,+0.00%,0.5000,0,✓ Yes,completed
1,714,485,02-26,+0.0%,+0.00%,0.5000,0,✓ Yes,completed
1,714,524,02-26,+0.0%,+0.00%,0.5000,0,✓ Yes,completed
1,714,562,02-26,+0.0%,+0.00%,0.5000,0,✓ Yes,completed
1,714,600,02-26,+0.0%,+0.00%,0.5000,0,✓ Yes,completed
1,714,638,02-26,+0.0%,+0.00%,0.5000,0,✓ Yes,completed
1,714,676,02-26,+0.0%,+0.00%,0.5000,0,✓ Yes,completed
1,714,714,02-26,+0.0%,+0.00%,0.5000,0,✓ Yes,completed
1,359,180,03-12,+25.0%,+97.36%,0.9868,4,✗ No,budget_exceeded
1,359,225,03-12,+25.0%,+94.47%,0.9724,49,✗ No,budget_exceeded
1,359,269,03-12,+25.0%,+89.83%,0.9491,128,✗ No,budget_exceeded
1,359,314,03-12,+25.0%,+86.69%,0.9334,170,✗ No,budget_exceeded
1,359,359,03-12,+25.0%,+81.44%,0.9072,228,✗ No,budget_exceeded
1,398,180,03-12,+25.0%,+97.15%,0.9858,4,✗ No,budget_exceeded
1,398,224,03-12,+25.0%,+90.33%,0.9516,47,✗ No,budget_exceeded
1,398,267,03-12,+25.0%,+85.60%,0.9280,114,✗ No,budget_exceeded
1,398,311,03-12,+25.0%,+80.27%,0.9013,164,✗ No,budget_exceeded
1,398,355,03-12,+25.0%,+75.26%,0.8763,191,✗ No,budget_exceeded
1,398,398,03-12,+25.0%,+69.16%,0.8458,265,✗ No,budget_exceeded
1,438,180,03-12,+25.0%,+94.09%,0.9704,3,✗ No,budget_exceeded
1,438,223,03-12,+25.0%,+85.81%,0.9291,27,✗ No,budget_exceeded
1,438,266,03-12,+25.0%,+73.00%,0.8650,74,✗ No,budget_exceeded
1,438,309,03-12,+25.0%,+68.72%,0.8436,108,✗ No,budget_exceeded
1,438,352,03-12,+25.0%,+60.88%,0.8044,127,✗ No,budget_exceeded
1,438,395,03-12,+25.0%,+57.73%,0.7886,136,✗ No,budget_exceeded
1,438,438,03-12,+25.0%,+43.86%,0.7193,254,✗ No,budget_exceeded
1,477,180,03-12,+25.0%,+93.82%,0.9691,3,✗ No,budget_exceeded
1,477,223,03-12,+25.0%,+77.67%,0.8883,14,✗ No,budget_exceeded
1,477,265,03-12,+25.0%,+64.30%,0.8215,38,✗ No,budget_exceeded
1,477,307,03-12,+25.0%,+54.05%,0.7703,55,✗ No,budget_exceeded
1,477,350,03-12,+25.0%,+46.53%,0.7326,73,✗ No,budget_exceeded
1,477,392,03-12,+25.0%,+10.46%,0.5523,129,✗ No,budget_exceeded
1,477,435,03-12,+20.1%,+4.92%,0.5246,142,✓ Yes,completed
1,477,477,03-12,+13.0%,+4.08%,0.5204,221,✓ Yes,completed
1,517,180,03-12,+25.0%,+85.42%,0.9271,2,✗ No,budget_exceeded
1,517,222,03-12,+25.0%,+55.38%,0.7769,9,✗ No,budget_exceeded
1,517,264,03-12,+25.0%,+10.52%,0.5526,13,✗ No,budget_exceeded
1,517,306,03-12,+16.3%,+3.42%,0.5171,16,✓ Yes,completed
1,517,348,03-12,+13.3%,+3.40%,0.5170,18,✓ Yes,completed
1,517,391,03-12,+11.2%,+3.20%,0.5160,24,✓ Yes,completed
1,517,433,03-12,+8.2%,+2.78%,0.5139,29,✓ Yes,completed
1,517,475,03-12,+6.6%,+2.46%,0.5123,30,✓ Yes,completed
1,517,517,03-12,+4.7%,+1.82%,0.5091,57,✓ Yes,completed
1,556,180,03-12,+25.0%,+71.43%,0.8572,1,✗ No,budget_exceeded
1,556,218,03-12,+25.0%,+39.68%,0.6984,3,✗ No,budget_exceeded
1,556,255,03-12,+23.2%,+2.24%,0.5112,4,✓ Yes,completed
1,556,293,03-12,+16.7%,+2.86%,0.5143,5,✓ Yes,completed
1,556,331,03-12,+10.2%,+2.49%,0.5125,7,✓ Yes,completed
1,556,368,03-12,+7.9%,+2.14%,0.5107,8,✓ Yes,completed
1,556,406,03-12,+6.7%,+2.00%,0.5100,9,✓ Yes,completed
1,556,444,03-12,+3.5%,+1.32%,0.5066,11,✓ Yes,completed
1,556,481,03-12,+3.2%,+1.24%,0.5062,11,✓ Yes,completed
1,556,519,03-12,+1.7%,+0.89%,0.5044,12,✓ Yes,completed
1,556,556,03-12,+1.0%,+0.58%,0.5029,23,✓ Yes,completed
1,596,180,03-12,+25.0%,+29.43%,0.6471,1,✗ No,budget_exceeded
1,596,218,03-12,+17.2%,+1.36%,0.5068,1,✓ Yes,completed
1,596,256,03-12,+16.1%,+1.55%,0.5078,1,✓ Yes,completed
1,596,293,03-12,+6.7%,+0.95%,0.5047,1,✓ Yes,completed
1,596,331,03-12,+2.4%,+0.58%,0.5029,1,✓ Yes,completed
1,596,369,03-12,+2.0%,+0.58%,0.5029,1,✓ Yes,completed
1,596,407,03-12,+1.9%,+0.60%,0.5030,1,✓ Yes,completed
1,596,445,03-12,+0.3%,+0.14%,0.5007,1,✓ Yes,completed
1,596,483,03-12,+0.3%,+0.13%,0.5007,1,✓ Yes,completed
1,596,520,03-12,+0.2%,+0.11%,0.5005,1,✓ Yes,completed
1,596,558,03-12,+0.0%,+0.03%,0.5001,1,✓ Yes,completed
1,596,596,03-12,+0.0%,+0.01%,0.5001,1,✓ Yes,completed
1,635,180,03-12,+0.0%,+0.00%,0.5000,0,✓ Yes,completed
1,635,218,03-12,+0.0%,+0.00%,0.5000,0,✓ Yes,completed
1,635,256,03-12,+0.0%,+0.00%,0.5000,0,✓ Yes,completed
1,635,294,03-12,+0.0%,+0.00%,0.5000,0,✓ Yes,completed
1,635,332,03-12,+0.0%,+0.00%,0.5000,0,✓ Yes,completed
1,635,370,03-12,+0.0%,+0.00%,0.5000,0,✓ Yes,completed
1,635,408,03-12,+0.0%,+0.00%,0.5000,0,✓ Yes,completed
1,635,446,03-12,+0.0%,+0.00%,0.5000,0,✓ Yes,completed
1,635,484,03-12,+0.0%,+0.00%,0.5000,0,✓ Yes,completed
1,635,522,03-12,+0.0%,+0.00%,0.5000,0,✓ Yes,completed
1,635,560,03-12,+0.0%,+0.00%,0.5000,0,✓ Yes,completed
1,635,597,03-12,+0.0%,+0.00%,0.5000,0,✓ Yes,completed
1,635,635,03-12,+0.0%,+0.00%,0.5000,0,✓ Yes,completed
1,675,180,03-12,+0.0%,+0.00%,0.5000,0,✓ Yes,completed
1,675,218,03-12,+0.0%,+0.00%,0.5000,0,✓ Yes,completed
1,675,256,03-12,+0.0%,+0.00%,0.5000,0,✓ Yes,completed
1,675,294,03-12,+0.0%,+0.00%,0.5000,0,✓ Yes,completed
1,675,332,03-12,+0.0%,+0.00%,0.5000,0,✓ Yes,completed
1,675,370,03-12,+0.0%,+0.00%,0.5000,0,✓ Yes,completed
1,675,408,03-12,+0.0%,+0.00%,0.5000,0,✓ Yes,completed
1,675,447,03-12,+0.0%,+0.00%,0.5000,0,✓ Yes,completed
1,675,485,03-12,+0.0%,+0.00%,0.5000,0,✓ Yes,completed
1,675,523,03-12,+0.0%,+0.00%,0.5000,0,✓ Yes,completed
1,675,561,03-12,+0.0%,+0.00%,0.5000,0,✓ Yes,completed
1,675,599,03-12,+0.0%,+0.00%,0.5000,0,✓ Yes,completed
1,675,637,03-12,+0.0%,+0.00%,0.5000,0,✓ Yes,completed
1,675,675,03-12,+0.0%,+0.00%,0.5000,0,✓ Yes,completed
1,714,180,03-12,+0.0%,+0.00%,0.5000,0,✓ Yes,completed
1,714,218,03-12,+0.0%,+0.00%,0.5000,0,✓ Yes,completed
1,714,256,03-12,+0.0%,+0.00%,0.5000,0,✓ Yes,completed
1,714,295,03-12,+0.0%,+0.00%,0.5000,0,✓ Yes,completed
1,714,333,03-12,+0.0%,+0.00%,0.5000,0,✓ Yes,completed
1,714,371,03-12,+0.0%,+0.00%,0.5000,0,✓ Yes,completed
1,714,409,03-12,+0.0%,+0.00%,0.5000,0,✓ Yes,completed
1,714,447,03-12,+0.0%,+0.00%,0.5000,0,✓ Yes,completed
1,714,485,03-12,+0.0%,+0.00%,0.5000,0,✓ Yes,completed
1,714,524,03-12,+0.0%,+0.00%,0.5000,0,✓ Yes,completed
1,714,562,03-12,+0.0%,+0.00%,0.5000,0,✓ Yes,completed
1,714,600,03-12,+0.0%,+0.00%,0.5000,0,✓ Yes,completed
1,714,638,03-12,+0.0%,+0.00%,0.5000,0,✓ Yes,completed
1,714,676,03-12,+0.0%,+0.00%,0.5000,0,✓ Yes,completed
1,714,714,03-12,+0.0%,+0.00%,0.5000,0,✓ Yes,completed
1,359,180,03-24,+25.0%,+97.34%,0.9867,5,✗ No,budget_exceeded
1,359,225,03-24,+25.0%,+93.98%,0.9699,60,✗ No,budget_exceeded
1,359,269,03-24,+25.0%,+89.45%,0.9473,136,✗ No,budget_exceeded
1,359,314,03-24,+25.0%,+85.96%,0.9298,176,✗ No,budget_exceeded
1,359,359,03-24,+25.0%,+81.27%,0.9064,225,✗ No,budget_exceeded
1,398,180,03-24,+25.0%,+97.12%,0.9856,5,✗ No,budget_exceeded
1,398,224,03-24,+25.0%,+90.24%,0.9512,48,✗ No,budget_exceeded
1,398,267,03-24,+25.0%,+84.50%,0.9225,117,✗ No,budget_exceeded
1,398,311,03-24,+25.0%,+80.17%,0.9009,159,✗ No,budget_exceeded
1,398,355,03-24,+25.0%,+75.79%,0.8790,180,✗ No,budget_exceeded
1,398,398,03-24,+25.0%,+69.87%,0.8493,252,✗ No,budget_exceeded
1,438,180,03-24,+25.0%,+94.10%,0.9705,3,✗ No,budget_exceeded
1,438,223,03-24,+25.0%,+84.97%,0.9248,28,✗ No,budget_exceeded
1,438,266,03-24,+25.0%,+73.17%,0.8659,73,✗ No,budget_exceeded
1,438,309,03-24,+25.0%,+69.23%,0.8461,104,✗ No,budget_exceeded
1,438,352,03-24,+25.0%,+61.61%,0.8081,119,✗ No,budget_exceeded
1,438,395,03-24,+25.0%,+56.25%,0.7812,133,✗ No,budget_exceeded
1,438,438,03-24,+25.0%,+41.04%,0.7052,264,✗ No,budget_exceeded
1,477,180,03-24,+25.0%,+93.13%,0.9656,3,✗ No,budget_exceeded
1,477,223,03-24,+25.0%,+76.87%,0.8843,14,✗ No,budget_exceeded
1,477,265,03-24,+25.0%,+60.42%,0.8021,38,✗ No,budget_exceeded
1,477,307,03-24,+25.0%,+54.61%,0.7731,51,✗ No,budget_exceeded
1,477,350,03-24,+25.0%,+45.47%,0.7274,74,✗ No,budget_exceeded
1,477,392,03-24,+25.0%,+8.99%,0.5449,129,✗ No,budget_exceeded
1,477,435,03-24,+19.9%,+4.67%,0.5233,139,✓ Yes,completed
1,477,477,03-24,+12.6%,+3.87%,0.5193,216,✓ Yes,completed
1,517,180,03-24,+25.0%,+74.22%,0.8711,1,✗ No,budget_exceeded
1,517,222,03-24,+25.0%,+54.34%,0.7717,8,✗ No,budget_exceeded
1,517,264,03-24,+25.0%,+12.55%,0.5628,12,✗ No,budget_exceeded
1,517,306,03-24,+16.2%,+3.03%,0.5152,17,✓ Yes,completed
1,517,348,03-24,+13.2%,+3.17%,0.5159,18,✓ Yes,completed
1,517,391,03-24,+11.1%,+3.20%,0.5160,23,✓ Yes,completed
1,517,433,03-24,+8.2%,+2.65%,0.5132,29,✓ Yes,completed
1,517,475,03-24,+6.6%,+2.36%,0.5118,30,✓ Yes,completed
1,517,517,03-24,+4.6%,+1.77%,0.5088,56,✓ Yes,completed
1,556,180,03-24,+25.0%,+74.18%,0.8709,1,✗ No,budget_exceeded
1,556,218,03-24,+25.0%,+42.26%,0.7113,3,✗ No,budget_exceeded
1,556,255,03-24,+23.2%,+1.93%,0.5097,4,✓ Yes,completed
1,556,293,03-24,+16.7%,+2.45%,0.5123,5,✓ Yes,completed
1,556,331,03-24,+10.2%,+2.50%,0.5125,7,✓ Yes,completed
1,556,368,03-24,+8.0%,+2.04%,0.5102,9,✓ Yes,completed
1,556,406,03-24,+6.8%,+1.90%,0.5095,10,✓ Yes,completed
1,556,444,03-24,+3.5%,+1.30%,0.5065,11,✓ Yes,completed
1,556,481,03-24,+3.2%,+1.20%,0.5060,11,✓ Yes,completed
1,556,519,03-24,+1.7%,+0.70%,0.5035,12,✓ Yes,completed
1,556,556,03-24,+1.0%,+0.44%,0.5022,23,✓ Yes,completed
1,596,180,03-24,+25.0%,+31.95%,0.6598,1,✗ No,budget_exceeded
1,596,218,03-24,+17.2%,+0.95%,0.5048,1,✓ Yes,completed
1,596,256,03-24,+16.1%,+1.12%,0.5056,1,✓ Yes,completed
1,596,293,03-24,+6.7%,+0.84%,0.5042,1,✓ Yes,completed
1,596,331,03-24,+2.4%,+0.40%,0.5020,1,✓ Yes,completed
1,596,369,03-24,+2.0%,+0.40%,0.5020,1,✓ Yes,completed
1,596,407,03-24,+1.9%,+0.41%,0.5021,1,✓ Yes,completed
1,596,445,03-24,+0.3%,+0.07%,0.5003,1,✓ Yes,completed
1,596,483,03-24,+0.3%,+0.06%,0.5003,1,✓ Yes,completed
1,596,520,03-24,+0.2%,+0.06%,0.5003,1,✓ Yes,completed
1,596,558,03-24,+0.0%,+0.01%,0.5001,1,✓ Yes,completed
1,596,596,03-24,+0.0%,+0.00%,0.5000,1,✓ Yes,completed
1,635,180,03-24,+0.0%,+0.00%,0.5000,0,✓ Yes,completed
1,635,218,03-24,+0.0%,+0.00%,0.5000,0,✓ Yes,completed
1,635,256,03-24,+0.0%,+0.00%,0.5000,0,✓ Yes,completed
1,635,294,03-24,+0.0%,+0.00%,0.5000,0,✓ Yes,completed
1,635,332,03-24,+0.0%,+0.00%,0.5000,0,✓ Yes,completed
1,635,370,03-24,+0.0%,+0.00%,0.5000,0,✓ Yes,completed
1,635,408,03-24,+0.0%,+0.00%,0.5000,0,✓ Yes,completed
1,635,446,03-24,+0.0%,+0.00%,0.5000,0,✓ Yes,completed
1,635,484,03-24,+0.0%,+0.00%,0.5000,0,✓ Yes,completed
1,635,522,03-24,+0.0%,+0.00%,0.5000,0,✓ Yes,completed
1,635,560,03-24,+0.0%,+0.00%,0.5000,0,✓ Yes,completed
1,635,597,03-24,+0.0%,+0.00%,0.5000,0,✓ Yes,completed
1,635,635,03-24,+0.0%,+0.00%,0.5000,0,✓ Yes,completed
1,675,180,03-24,+0.0%,+0.00%,0.5000,0,✓ Yes,completed
1,675,218,03-24,+0.0%,+0.00%,0.5000,0,✓ Yes,completed
1,675,256,03-24,+0.0%,+0.00%,0.5000,0,✓ Yes,completed
1,675,294,03-24,+0.0%,+0.00%,0.5000,0,✓ Yes,completed
1,675,332,03-24,+0.0%,+0.00%,0.5000,0,✓ Yes,completed
1,675,370,03-24,+0.0%,+0.00%,0.5000,0,✓ Yes,completed
1,675,408,03-24,+0.0%,+0.00%,0.5000,0,✓ Yes,completed
1,675,447,03-24,+0.0%,+0.00%,0.5000,0,✓ Yes,completed
1,675,485,03-24,+0.0%,+0.00%,0.5000,0,✓ Yes,completed
1,675,523,03-24,+0.0%,+0.00%,0.5000,0,✓ Yes,completed
1,675,561,03-24,+0.0%,+0.00%,0.5000,0,✓ Yes,completed
1,675,599,03-24,+0.0%,+0.00%,0.5000,0,✓ Yes,completed
1,675,637,03-24,+0.0%,+0.00%,0.5000,0,✓ Yes,completed
1,675,675,03-24,+0.0%,+0.00%,0.5000,0,✓ Yes,completed
1,714,180,03-24,+0.0%,+0.00%,0.5000,0,✓ Yes,completed
1,714,218,03-24,+0.0%,+0.00%,0.5000,0,✓ Yes,completed
1,714,256,03-24,+0.0%,+0.00%,0.5000,0,✓ Yes,completed
1,714,295,03-24,+0.0%,+0.00%,0.5000,0,✓ Yes,completed
1,714,333,03-24,+0.0%,+0.00%,0.5000,0,✓ Yes,completed
1,714,371,03-24,+0.0%,+0.00%,0.5000,0,✓ Yes,completed
1,714,409,03-24,+0.0%,+0.00%,0.5000,0,✓ Yes,completed
1,714,447,03-24,+0.0%,+0.00%,0.5000,0,✓ Yes,completed
1,714,485,03-24,+0.0%,+0.00%,0.5000,0,✓ Yes,completed
1,714,524,03-24,+0.0%,+0.00%,0.5000,0,✓ Yes,completed
1,714,562,03-24,+0.0%,+0.00%,0.5000,0,✓ Yes,completed
1,714,600,03-24,+0.0%,+0.00%,0.5000,0,✓ Yes,completed
1,714,638,03-24,+0.0%,+0.00%,0.5000,0,✓ Yes,completed
1,714,676,03-24,+0.0%,+0.00%,0.5000,0,✓ Yes,completed
1,714,714,03-24,+0.0%,+0.00%,0.5000,0,✓ Yes,completed
2,397,355,01-01,+25.0%,+81.40%,0.9070,135,✗ No,budget_exceeded
2,397,376,01-01,+25.0%,+76.44%,0.8822,168,✗ No,budget_exceeded
2,397,397,01-01,+25.0%,+72.86%,0.8643,232,✗ No,budget_exceeded
2,415,355,01-01,+25.0%,+75.05%,0.8752,136,✗ No,budget_exceeded
2,415,375,01-01,+25.0%,+72.22%,0.8611,154,✗ No,budget_exceeded
2,415,395,01-01,+25.0%,+67.06%,0.8353,179,✗ No,budget_exceeded
2,415,415,01-01,+25.0%,+60.02%,0.8001,258,✗ No,budget_exceeded
2,433,355,01-01,+25.0%,+66.29%,0.8315,136,✗ No,budget_exceeded
2,433,374,01-01,+25.0%,+60.85%,0.8042,147,✗ No,budget_exceeded
2,433,394,01-01,+25.0%,+59.17%,0.7958,156,✗ No,budget_exceeded
2,433,413,01-01,+25.0%,+55.87%,0.7793,172,✗ No,budget_exceeded
2,433,433,01-01,+25.0%,+52.16%,0.7608,243,✗ No,budget_exceeded
2,451,355,01-01,+25.0%,+58.08%,0.7904,115,✗ No,budget_exceeded
2,451,374,01-01,+25.0%,+55.67%,0.7783,122,✗ No,budget_exceeded
2,451,393,01-01,+25.0%,+53.84%,0.7692,130,✗ No,budget_exceeded
2,451,412,01-01,+25.0%,+47.40%,0.7370,141,✗ No,budget_exceeded
2,451,432,01-01,+25.0%,+43.79%,0.7190,160,✗ No,budget_exceeded
2,451,451,01-01,+25.0%,+34.88%,0.6744,262,✗ No,budget_exceeded
2,469,355,01-01,+25.0%,+52.48%,0.7624,87,✗ No,budget_exceeded
2,469,374,01-01,+25.0%,+46.32%,0.7316,92,✗ No,budget_exceeded
2,469,393,01-01,+25.0%,+44.09%,0.7205,100,✗ No,budget_exceeded
2,469,412,01-01,+25.0%,+39.44%,0.6972,115,✗ No,budget_exceeded
2,469,431,01-01,+25.0%,+32.56%,0.6628,141,✗ No,budget_exceeded
2,469,450,01-01,+25.0%,+8.05%,0.5403,193,✗ No,budget_exceeded
2,469,469,01-01,+20.8%,+6.19%,0.5309,273,✓ Yes,completed
2,486,355,01-01,+25.0%,+39.49%,0.6974,56,✗ No,budget_exceeded
2,486,374,01-01,+25.0%,+34.54%,0.6727,64,✗ No,budget_exceeded
2,486,392,01-01,+25.0%,+22.50%,0.6125,86,✗ No,budget_exceeded
2,486,411,01-01,+23.6%,+6.47%,0.5324,102,✓ Yes,completed
2,486,430,01-01,+20.5%,+5.96%,0.5298,110,✓ Yes,completed
2,486,449,01-01,+18.6%,+5.72%,0.5286,119,✓ Yes,completed
2,486,468,01-01,+15.9%,+5.20%,0.5260,123,✓ Yes,completed
2,486,486,01-01,+13.5%,+4.37%,0.5219,171,✓ Yes,completed
2,504,355,01-01,+24.9%,+5.95%,0.5297,44,✓ Yes,completed
2,504,374,01-01,+22.1%,+5.85%,0.5292,43,✓ Yes,completed
2,504,392,01-01,+20.0%,+5.52%,0.5276,50,✓ Yes,completed
2,504,411,01-01,+18.2%,+5.32%,0.5266,56,✓ Yes,completed
2,504,430,01-01,+14.8%,+4.65%,0.5233,61,✓ Yes,completed
2,504,448,01-01,+13.2%,+4.24%,0.5212,66,✓ Yes,completed
2,504,467,01-01,+12.1%,+3.80%,0.5190,69,✓ Yes,completed
2,504,485,01-01,+10.8%,+3.39%,0.5170,72,✓ Yes,completed
2,504,504,01-01,+9.0%,+2.71%,0.5136,119,✓ Yes,completed
2,522,355,01-01,+19.3%,+4.90%,0.5245,24,✓ Yes,completed
2,522,374,01-01,+17.5%,+4.92%,0.5246,24,✓ Yes,completed
2,522,392,01-01,+15.8%,+4.60%,0.5230,29,✓ Yes,completed
2,522,411,01-01,+14.5%,+4.29%,0.5214,33,✓ Yes,completed
2,522,429,01-01,+11.6%,+3.47%,0.5174,39,✓ Yes,completed
2,522,448,01-01,+10.1%,+3.03%,0.5152,41,✓ Yes,completed
2,522,466,01-01,+9.5%,+2.84%,0.5142,41,✓ Yes,completed
2,522,485,01-01,+8.5%,+2.59%,0.5130,43,✓ Yes,completed
2,522,503,01-01,+7.4%,+2.35%,0.5118,47,✓ Yes,completed
2,522,522,01-01,+6.0%,+1.95%,0.5098,95,✓ Yes,completed
2,540,355,01-01,+16.8%,+4.27%,0.5214,20,✓ Yes,completed
2,540,372,01-01,+15.0%,+4.04%,0.5202,20,✓ Yes,completed
2,540,389,01-01,+13.7%,+3.68%,0.5184,23,✓ Yes,completed
2,540,405,01-01,+13.0%,+3.55%,0.5177,23,✓ Yes,completed
2,540,422,01-01,+11.2%,+3.01%,0.5151,29,✓ Yes,completed
2,540,439,01-01,+8.8%,+2.37%,0.5118,33,✓ Yes,completed
2,540,456,01-01,+7.2%,+2.14%,0.5107,33,✓ Yes,completed
2,540,472,01-01,+6.4%,+1.96%,0.5098,33,✓ Yes,completed
2,540,489,01-01,+6.0%,+1.90%,0.5095,34,✓ Yes,completed
2,540,506,01-01,+4.9%,+1.74%,0.5087,36,✓ Yes,completed
2,540,523,01-01,+3.9%,+1.47%,0.5074,42,✓ Yes,completed
2,540,540,01-01,+2.8%,+1.17%,0.5058,77,✓ Yes,completed
2,557,355,01-01,+12.3%,+2.71%,0.5136,11,✓ Yes,completed
2,557,372,01-01,+11.0%,+2.53%,0.5126,11,✓ Yes,completed
2,557,389,01-01,+10.4%,+2.42%,0.5121,12,✓ Yes,completed
2,557,406,01-01,+9.8%,+2.29%,0.5114,12,✓ Yes,completed
2,557,422,01-01,+7.4%,+1.80%,0.5090,14,✓ Yes,completed
2,557,439,01-01,+4.6%,+1.49%,0.5074,16,✓ Yes,completed
2,557,456,01-01,+4.4%,+1.45%,0.5073,16,✓ Yes,completed
2,557,473,01-01,+4.1%,+1.39%,0.5070,16,✓ Yes,completed
2,557,490,01-01,+3.8%,+1.37%,0.5069,16,✓ Yes,completed
2,557,507,01-01,+2.9%,+1.17%,0.5059,17,✓ Yes,completed
2,557,524,01-01,+2.1%,+0.88%,0.5044,18,✓ Yes,completed
2,557,541,01-01,+1.9%,+0.80%,0.5040,20,✓ Yes,completed
2,557,557,01-01,+1.4%,+0.57%,0.5028,42,✓ Yes,completed
2,397,355,01-04,+25.0%,+81.87%,0.9094,135,✗ No,budget_exceeded
2,397,376,01-04,+25.0%,+76.92%,0.8846,168,✗ No,budget_exceeded
2,397,397,01-04,+25.0%,+73.35%,0.8667,232,✗ No,budget_exceeded
2,415,355,01-04,+25.0%,+75.53%,0.8777,136,✗ No,budget_exceeded
2,415,375,01-04,+25.0%,+72.71%,0.8635,154,✗ No,budget_exceeded
2,415,395,01-04,+25.0%,+67.56%,0.8378,179,✗ No,budget_exceeded
2,415,415,01-04,+25.0%,+60.52%,0.8026,258,✗ No,budget_exceeded
2,433,355,01-04,+25.0%,+66.78%,0.8339,136,✗ No,budget_exceeded
2,433,374,01-04,+25.0%,+61.35%,0.8067,147,✗ No,budget_exceeded
2,433,394,01-04,+25.0%,+59.67%,0.7983,156,✗ No,budget_exceeded
2,433,413,01-04,+25.0%,+56.37%,0.7818,172,✗ No,budget_exceeded
2,433,433,01-04,+25.0%,+52.67%,0.7634,243,✗ No,budget_exceeded
2,451,355,01-04,+25.0%,+58.58%,0.7929,115,✗ No,budget_exceeded
2,451,374,01-04,+25.0%,+56.17%,0.7808,122,✗ No,budget_exceeded
2,451,393,01-04,+25.0%,+54.35%,0.7717,130,✗ No,budget_exceeded
2,451,412,01-04,+25.0%,+47.92%,0.7396,141,✗ No,budget_exceeded
2,451,432,01-04,+25.0%,+44.31%,0.7215,160,✗ No,budget_exceeded
2,451,451,01-04,+25.0%,+35.41%,0.6771,262,✗ No,budget_exceeded
2,469,355,01-04,+25.0%,+52.99%,0.7650,87,✗ No,budget_exceeded
2,469,374,01-04,+25.0%,+46.84%,0.7342,92,✗ No,budget_exceeded
2,469,393,01-04,+25.0%,+44.61%,0.7230,100,✗ No,budget_exceeded
2,469,412,01-04,+25.0%,+39.96%,0.6998,115,✗ No,budget_exceeded
2,469,431,01-04,+25.0%,+33.08%,0.6654,141,✗ No,budget_exceeded
2,469,450,01-04,+25.0%,+8.61%,0.5430,193,✗ No,budget_exceeded
2,469,469,01-04,+20.8%,+6.22%,0.5311,273,✓ Yes,completed
2,486,355,01-04,+25.0%,+40.01%,0.7000,56,✗ No,budget_exceeded
2,486,374,01-04,+25.0%,+35.07%,0.6753,64,✗ No,budget_exceeded
2,486,392,01-04,+25.0%,+23.04%,0.6152,86,✗ No,budget_exceeded
2,486,411,01-04,+23.8%,+6.46%,0.5323,104,✓ Yes,completed
2,486,430,01-04,+20.5%,+5.98%,0.5299,110,✓ Yes,completed
2,486,449,01-04,+18.7%,+5.71%,0.5285,120,✓ Yes,completed
2,486,468,01-04,+15.9%,+5.25%,0.5262,123,✓ Yes,completed
2,486,486,01-04,+13.5%,+4.41%,0.5221,171,✓ Yes,completed
2,504,355,01-04,+24.9%,+5.91%,0.5296,44,✓ Yes,completed
2,504,374,01-04,+22.2%,+5.81%,0.5291,44,✓ Yes,completed
2,504,392,01-04,+20.0%,+5.49%,0.5274,50,✓ Yes,completed
2,504,411,01-04,+18.2%,+5.30%,0.5265,57,✓ Yes,completed
2,504,430,01-04,+14.8%,+4.69%,0.5234,61,✓ Yes,completed
2,504,448,01-04,+13.2%,+4.25%,0.5213,66,✓ Yes,completed
2,504,467,01-04,+12.1%,+3.91%,0.5195,69,✓ Yes,completed
2,504,485,01-04,+10.8%,+3.45%,0.5172,72,✓ Yes,completed
2,504,504,01-04,+9.0%,+2.76%,0.5138,119,✓ Yes,completed
2,522,355,01-04,+19.3%,+4.85%,0.5242,24,✓ Yes,completed
2,522,374,01-04,+17.5%,+4.83%,0.5241,24,✓ Yes,completed
2,522,392,01-04,+15.8%,+4.65%,0.5232,29,✓ Yes,completed
2,522,411,01-04,+14.5%,+4.32%,0.5216,33,✓ Yes,completed
2,522,429,01-04,+11.6%,+3.49%,0.5175,39,✓ Yes,completed
2,522,448,01-04,+10.1%,+3.07%,0.5153,41,✓ Yes,completed
2,522,466,01-04,+9.5%,+2.89%,0.5144,41,✓ Yes,completed
2,522,485,01-04,+8.5%,+2.55%,0.5127,43,✓ Yes,completed
2,522,503,01-04,+7.4%,+2.30%,0.5115,47,✓ Yes,completed
2,522,522,01-04,+6.0%,+1.85%,0.5093,95,✓ Yes,completed
2,540,355,01-04,+16.8%,+4.21%,0.5210,20,✓ Yes,completed
2,540,372,01-04,+15.0%,+4.09%,0.5204,20,✓ Yes,completed
2,540,389,01-04,+13.7%,+3.71%,0.5186,23,✓ Yes,completed
2,540,405,01-04,+13.0%,+3.56%,0.5178,23,✓ Yes,completed
2,540,422,01-04,+11.2%,+3.06%,0.5153,29,✓ Yes,completed
2,540,439,01-04,+8.8%,+2.39%,0.5119,33,✓ Yes,completed
2,540,456,01-04,+7.2%,+2.10%,0.5105,33,✓ Yes,completed
2,540,472,01-04,+6.4%,+1.89%,0.5095,33,✓ Yes,completed
2,540,489,01-04,+6.0%,+1.80%,0.5090,34,✓ Yes,completed
2,540,506,01-04,+4.9%,+1.65%,0.5083,36,✓ Yes,completed
2,540,523,01-04,+3.9%,+1.40%,0.5070,42,✓ Yes,completed
2,540,540,01-04,+2.8%,+1.11%,0.5056,77,✓ Yes,completed
2,557,355,01-04,+12.3%,+2.83%,0.5141,11,✓ Yes,completed
2,557,372,01-04,+11.0%,+2.58%,0.5129,11,✓ Yes,completed
2,557,389,01-04,+10.4%,+2.43%,0.5121,12,✓ Yes,completed
2,557,406,01-04,+9.8%,+2.32%,0.5116,12,✓ Yes,completed
2,557,422,01-04,+7.4%,+1.75%,0.5087,14,✓ Yes,completed
2,557,439,01-04,+4.6%,+1.41%,0.5070,16,✓ Yes,completed
2,557,456,01-04,+4.4%,+1.39%,0.5069,16,✓ Yes,completed
2,557,473,01-04,+4.1%,+1.34%,0.5067,16,✓ Yes,completed
2,557,490,01-04,+3.8%,+1.29%,0.5064,16,✓ Yes,completed
2,557,507,01-04,+2.9%,+1.11%,0.5055,17,✓ Yes,completed
2,557,524,01-04,+2.1%,+0.90%,0.5045,18,✓ Yes,completed
2,557,541,01-04,+1.9%,+0.81%,0.5041,20,✓ Yes,completed
2,557,557,01-04,+1.4%,+0.52%,0.5026,42,✓ Yes,completed
2,397,355,01-07,+25.0%,+82.02%,0.9101,136,✗ No,budget_exceeded
2,397,376,01-07,+25.0%,+77.31%,0.8865,167,✗ No,budget_exceeded
2,397,397,01-07,+25.0%,+73.79%,0.8689,231,✗ No,budget_exceeded
2,415,355,01-07,+25.0%,+75.95%,0.8798,136,✗ No,budget_exceeded
2,415,375,01-07,+25.0%,+73.18%,0.8659,154,✗ No,budget_exceeded
2,415,395,01-07,+25.0%,+67.96%,0.8398,180,✗ No,budget_exceeded
2,415,415,01-07,+25.0%,+61.09%,0.8054,257,✗ No,budget_exceeded
2,433,355,01-07,+25.0%,+67.41%,0.8371,136,✗ No,budget_exceeded
2,433,374,01-07,+25.0%,+61.98%,0.8099,147,✗ No,budget_exceeded
2,433,394,01-07,+25.0%,+60.30%,0.8015,156,✗ No,budget_exceeded
2,433,413,01-07,+25.0%,+57.00%,0.7850,172,✗ No,budget_exceeded
2,433,433,01-07,+25.0%,+53.30%,0.7665,243,✗ No,budget_exceeded
2,451,355,01-07,+25.0%,+59.21%,0.7961,115,✗ No,budget_exceeded
2,451,374,01-07,+25.0%,+56.80%,0.7840,122,✗ No,budget_exceeded
2,451,393,01-07,+25.0%,+54.98%,0.7749,130,✗ No,budget_exceeded
2,451,412,01-07,+25.0%,+48.54%,0.7427,141,✗ No,budget_exceeded
2,451,432,01-07,+25.0%,+44.94%,0.7247,160,✗ No,budget_exceeded
2,451,451,01-07,+25.0%,+36.04%,0.6802,262,✗ No,budget_exceeded
2,469,355,01-07,+25.0%,+53.62%,0.7681,87,✗ No,budget_exceeded
2,469,374,01-07,+25.0%,+47.47%,0.7373,92,✗ No,budget_exceeded
2,469,393,01-07,+25.0%,+45.24%,0.7262,100,✗ No,budget_exceeded
2,469,412,01-07,+25.0%,+40.59%,0.7029,115,✗ No,budget_exceeded
2,469,431,01-07,+25.0%,+33.71%,0.6686,141,✗ No,budget_exceeded
2,469,450,01-07,+25.0%,+9.24%,0.5462,193,✗ No,budget_exceeded
2,469,469,01-07,+20.8%,+6.27%,0.5313,273,✓ Yes,completed
2,486,355,01-07,+25.0%,+40.64%,0.7032,56,✗ No,budget_exceeded
2,486,374,01-07,+25.0%,+35.70%,0.6785,64,✗ No,budget_exceeded
2,486,392,01-07,+25.0%,+23.67%,0.6183,86,✗ No,budget_exceeded
2,486,411,01-07,+23.8%,+6.49%,0.5325,104,✓ Yes,completed
2,486,430,01-07,+20.5%,+6.07%,0.5304,110,✓ Yes,completed
2,486,449,01-07,+18.7%,+5.72%,0.5286,120,✓ Yes,completed
2,486,468,01-07,+16.0%,+5.31%,0.5266,124,✓ Yes,completed
2,486,486,01-07,+13.5%,+4.51%,0.5226,171,✓ Yes,completed
2,504,355,01-07,+24.9%,+5.94%,0.5297,44,✓ Yes,completed
2,504,374,01-07,+22.2%,+5.87%,0.5293,44,✓ Yes,completed
2,504,392,01-07,+20.0%,+5.59%,0.5279,50,✓ Yes,completed
2,504,411,01-07,+18.2%,+5.32%,0.5266,57,✓ Yes,completed
2,504,430,01-07,+14.8%,+4.82%,0.5241,61,✓ Yes,completed
2,504,448,01-07,+13.2%,+4.35%,0.5217,66,✓ Yes,completed
2,504,467,01-07,+12.1%,+4.03%,0.5202,69,✓ Yes,completed
2,504,485,01-07,+10.8%,+3.53%,0.5176,72,✓ Yes,completed
2,504,504,01-07,+9.0%,+2.87%,0.5143,119,✓ Yes,completed
2,522,355,01-07,+19.3%,+4.87%,0.5244,24,✓ Yes,completed
2,522,374,01-07,+17.5%,+4.86%,0.5243,24,✓ Yes,completed
2,522,392,01-07,+15.8%,+4.70%,0.5235,29,✓ Yes,completed
2,522,411,01-07,+14.5%,+4.45%,0.5223,33,✓ Yes,completed
2,522,429,01-07,+11.6%,+3.67%,0.5184,39,✓ Yes,completed
2,522,448,01-07,+10.1%,+3.18%,0.5159,41,✓ Yes,completed
2,522,466,01-07,+9.5%,+2.98%,0.5149,41,✓ Yes,completed
2,522,485,01-07,+8.5%,+2.68%,0.5134,43,✓ Yes,completed
2,522,503,01-07,+7.4%,+2.29%,0.5114,47,✓ Yes,completed
2,522,522,01-07,+6.0%,+1.89%,0.5094,95,✓ Yes,completed
2,540,355,01-07,+16.8%,+4.19%,0.5210,20,✓ Yes,completed
2,540,372,01-07,+15.0%,+4.21%,0.5211,20,✓ Yes,completed
2,540,389,01-07,+13.7%,+3.81%,0.5191,23,✓ Yes,completed
2,540,405,01-07,+13.0%,+3.67%,0.5184,23,✓ Yes,completed
2,540,422,01-07,+11.2%,+3.19%,0.5159,29,✓ Yes,completed
2,540,439,01-07,+8.8%,+2.51%,0.5125,33,✓ Yes,completed
2,540,456,01-07,+7.2%,+2.07%,0.5104,33,✓ Yes,completed
2,540,472,01-07,+6.4%,+1.94%,0.5097,33,✓ Yes,completed
2,540,489,01-07,+6.0%,+1.84%,0.5092,34,✓ Yes,completed
2,540,506,01-07,+4.9%,+1.60%,0.5080,36,✓ Yes,completed
2,540,523,01-07,+3.9%,+1.38%,0.5069,42,✓ Yes,completed
2,540,540,01-07,+2.8%,+1.04%,0.5052,77,✓ Yes,completed
2,557,355,01-07,+12.3%,+2.92%,0.5146,11,✓ Yes,completed
2,557,372,01-07,+11.0%,+2.68%,0.5134,11,✓ Yes,completed
2,557,389,01-07,+10.4%,+2.55%,0.5127,12,✓ Yes,completed
2,557,406,01-07,+9.8%,+2.40%,0.5120,12,✓ Yes,completed
2,557,422,01-07,+7.4%,+1.73%,0.5087,14,✓ Yes,completed
2,557,439,01-07,+4.6%,+1.36%,0.5068,16,✓ Yes,completed
2,557,456,01-07,+4.4%,+1.35%,0.5068,16,✓ Yes,completed
2,557,473,01-07,+4.1%,+1.34%,0.5067,16,✓ Yes,completed
2,557,490,01-07,+3.8%,+1.27%,0.5064,16,✓ Yes,completed
2,557,507,01-07,+2.9%,+1.03%,0.5052,17,✓ Yes,completed
2,557,524,01-07,+2.1%,+0.92%,0.5046,18,✓ Yes,completed
2,557,541,01-07,+1.9%,+0.85%,0.5042,20,✓ Yes,completed
2,557,557,01-07,+1.4%,+0.61%,0.5030,42,✓ Yes,completed
2,397,355,01-10,+25.0%,+81.53%,0.9076,139,✗ No,budget_exceeded
2,397,376,01-10,+25.0%,+77.49%,0.8874,169,✗ No,budget_exceeded
2,397,397,01-10,+25.0%,+73.98%,0.8699,232,✗ No,budget_exceeded
2,415,355,01-10,+25.0%,+76.33%,0.8816,137,✗ No,budget_exceeded
2,415,375,01-10,+25.0%,+72.48%,0.8624,155,✗ No,budget_exceeded
2,415,395,01-10,+25.0%,+68.28%,0.8414,182,✗ No,budget_exceeded
2,415,415,01-10,+25.0%,+61.47%,0.8073,258,✗ No,budget_exceeded
2,433,355,01-10,+25.0%,+67.67%,0.8384,137,✗ No,budget_exceeded
2,433,374,01-10,+25.0%,+62.41%,0.8121,147,✗ No,budget_exceeded
2,433,394,01-10,+25.0%,+60.73%,0.8037,156,✗ No,budget_exceeded
2,433,413,01-10,+25.0%,+57.43%,0.7871,172,✗ No,budget_exceeded
2,433,433,01-10,+25.0%,+53.56%,0.7678,245,✗ No,budget_exceeded
2,451,355,01-10,+25.0%,+59.66%,0.7983,115,✗ No,budget_exceeded
2,451,374,01-10,+25.0%,+57.24%,0.7862,122,✗ No,budget_exceeded
2,451,393,01-10,+25.0%,+55.42%,0.7771,130,✗ No,budget_exceeded
2,451,412,01-10,+25.0%,+48.98%,0.7449,141,✗ No,budget_exceeded
2,451,432,01-10,+25.0%,+45.37%,0.7269,160,✗ No,budget_exceeded
2,451,451,01-10,+25.0%,+36.41%,0.6820,263,✗ No,budget_exceeded
2,469,355,01-10,+25.0%,+54.12%,0.7706,87,✗ No,budget_exceeded
2,469,374,01-10,+25.0%,+47.47%,0.7374,93,✗ No,budget_exceeded
2,469,393,01-10,+25.0%,+45.73%,0.7287,100,✗ No,budget_exceeded
2,469,412,01-10,+25.0%,+41.08%,0.7054,115,✗ No,budget_exceeded
2,469,431,01-10,+25.0%,+34.20%,0.6710,141,✗ No,budget_exceeded
2,469,450,01-10,+25.0%,+9.61%,0.5481,194,✗ No,budget_exceeded
2,469,469,01-10,+20.8%,+6.26%,0.5313,275,✓ Yes,completed
2,486,355,01-10,+25.0%,+41.04%,0.7052,57,✗ No,budget_exceeded
2,486,374,01-10,+25.0%,+36.20%,0.6810,64,✗ No,budget_exceeded
2,486,392,01-10,+25.0%,+15.36%,0.5768,87,✗ No,budget_exceeded
2,486,411,01-10,+23.7%,+6.48%,0.5324,104,✓ Yes,completed
2,486,430,01-10,+20.4%,+6.08%,0.5304,110,✓ Yes,completed
2,486,449,01-10,+18.6%,+5.70%,0.5285,120,✓ Yes,completed
2,486,468,01-10,+15.9%,+5.26%,0.5263,125,✓ Yes,completed
2,486,486,01-10,+13.4%,+4.56%,0.5228,171,✓ Yes,completed
2,504,355,01-10,+24.8%,+5.96%,0.5298,44,✓ Yes,completed
2,504,374,01-10,+22.1%,+5.87%,0.5293,44,✓ Yes,completed
2,504,392,01-10,+19.9%,+5.61%,0.5281,50,✓ Yes,completed
2,504,411,01-10,+18.1%,+5.28%,0.5264,57,✓ Yes,completed
2,504,430,01-10,+14.7%,+4.87%,0.5244,61,✓ Yes,completed
2,504,448,01-10,+13.1%,+4.40%,0.5220,66,✓ Yes,completed
2,504,467,01-10,+12.0%,+4.08%,0.5204,69,✓ Yes,completed
2,504,485,01-10,+10.8%,+3.64%,0.5182,72,✓ Yes,completed
2,504,504,01-10,+8.9%,+2.91%,0.5145,118,✓ Yes,completed
2,522,355,01-10,+19.2%,+4.89%,0.5245,24,✓ Yes,completed
2,522,374,01-10,+17.4%,+4.85%,0.5242,24,✓ Yes,completed
2,522,392,01-10,+15.7%,+4.67%,0.5233,29,✓ Yes,completed
2,522,411,01-10,+14.5%,+4.52%,0.5226,33,✓ Yes,completed
2,522,429,01-10,+11.5%,+3.71%,0.5185,39,✓ Yes,completed
2,522,448,01-10,+10.0%,+3.20%,0.5160,41,✓ Yes,completed
2,522,466,01-10,+9.4%,+3.05%,0.5152,41,✓ Yes,completed
2,522,485,01-10,+8.5%,+2.72%,0.5136,43,✓ Yes,completed
2,522,503,01-10,+7.3%,+2.28%,0.5114,47,✓ Yes,completed
2,522,522,01-10,+6.0%,+1.88%,0.5094,94,✓ Yes,completed
2,540,355,01-10,+16.8%,+4.20%,0.5210,20,✓ Yes,completed
2,540,372,01-10,+15.0%,+4.26%,0.5213,20,✓ Yes,completed
2,540,389,01-10,+13.7%,+3.91%,0.5196,23,✓ Yes,completed
2,540,405,01-10,+13.0%,+3.75%,0.5188,23,✓ Yes,completed
2,540,422,01-10,+11.2%,+3.33%,0.5167,29,✓ Yes,completed
2,540,439,01-10,+8.8%,+2.57%,0.5128,33,✓ Yes,completed
2,540,456,01-10,+7.2%,+2.08%,0.5104,33,✓ Yes,completed
2,540,472,01-10,+6.4%,+1.90%,0.5095,33,✓ Yes,completed
2,540,489,01-10,+6.0%,+1.83%,0.5091,34,✓ Yes,completed
2,540,506,01-10,+4.9%,+1.55%,0.5077,36,✓ Yes,completed
2,540,523,01-10,+3.9%,+1.31%,0.5066,42,✓ Yes,completed
2,540,540,01-10,+2.8%,+1.04%,0.5052,77,✓ Yes,completed
2,557,355,01-10,+12.3%,+3.00%,0.5150,11,✓ Yes,completed
2,557,372,01-10,+11.0%,+2.84%,0.5142,11,✓ Yes,completed
2,557,389,01-10,+10.4%,+2.64%,0.5132,12,✓ Yes,completed
2,557,406,01-10,+9.8%,+2.49%,0.5125,12,✓ Yes,completed
2,557,422,01-10,+7.4%,+1.77%,0.5088,14,✓ Yes,completed
2,557,439,01-10,+4.6%,+1.30%,0.5065,16,✓ Yes,completed
2,557,456,01-10,+4.4%,+1.29%,0.5064,16,✓ Yes,completed
2,557,473,01-10,+4.1%,+1.25%,0.5062,16,✓ Yes,completed
2,557,490,01-10,+3.8%,+1.21%,0.5061,16,✓ Yes,completed
2,557,507,01-10,+2.9%,+1.03%,0.5052,17,✓ Yes,completed
2,557,524,01-10,+2.1%,+0.82%,0.5041,18,✓ Yes,completed
2,557,541,01-10,+1.9%,+0.78%,0.5039,20,✓ Yes,completed
2,557,557,01-10,+1.4%,+0.61%,0.5031,42,✓ Yes,completed
2,397,355,01-13,+25.0%,+80.95%,0.9048,144,✗ No,budget_exceeded
2,397,376,01-13,+25.0%,+77.12%,0.8856,174,✗ No,budget_exceeded
2,397,397,01-13,+25.0%,+72.33%,0.8616,241,✗ No,budget_exceeded
2,415,355,01-13,+25.0%,+75.96%,0.8798,142,✗ No,budget_exceeded
2,415,375,01-13,+25.0%,+71.80%,0.8590,160,✗ No,budget_exceeded
2,415,395,01-13,+25.0%,+67.84%,0.8392,186,✗ No,budget_exceeded
2,415,415,01-13,+25.0%,+61.03%,0.8051,270,✗ No,budget_exceeded
2,433,355,01-13,+25.0%,+67.30%,0.8365,138,✓ Yes,budget_exceeded
2,433,374,01-13,+25.0%,+62.31%,0.8115,147,✗ No,budget_exceeded
2,433,394,01-13,+25.0%,+60.44%,0.8022,158,✗ No,budget_exceeded
2,433,413,01-13,+25.0%,+57.30%,0.7865,172,✗ No,budget_exceeded
2,433,433,01-13,+25.0%,+49.38%,0.7469,247,✗ No,budget_exceeded
2,451,355,01-13,+25.0%,+59.54%,0.7977,115,✗ No,budget_exceeded
2,451,374,01-13,+25.0%,+57.11%,0.7856,122,✗ No,budget_exceeded
2,451,393,01-13,+25.0%,+55.13%,0.7756,131,✗ No,budget_exceeded
2,451,412,01-13,+25.0%,+48.41%,0.7421,142,✗ No,budget_exceeded
2,451,432,01-13,+25.0%,+42.56%,0.7128,166,✗ No,budget_exceeded
2,451,451,01-13,+25.0%,+35.43%,0.6772,270,✗ No,budget_exceeded
2,469,355,01-13,+25.0%,+53.67%,0.7683,86,✗ No,budget_exceeded
2,469,374,01-13,+25.0%,+47.21%,0.7360,92,✗ No,budget_exceeded
2,469,393,01-13,+25.0%,+45.48%,0.7274,99,✗ No,budget_exceeded
2,469,412,01-13,+25.0%,+38.86%,0.6943,116,✗ No,budget_exceeded
2,469,431,01-13,+25.0%,+33.37%,0.6669,145,✗ No,budget_exceeded
2,469,450,01-13,+24.4%,+6.89%,0.5345,192,✓ Yes,completed
2,469,469,01-13,+20.2%,+6.07%,0.5304,271,✓ Yes,completed
2,486,355,01-13,+25.0%,+40.56%,0.7028,56,✗ No,budget_exceeded
2,486,374,01-13,+25.0%,+35.85%,0.6793,64,✗ No,budget_exceeded
2,486,392,01-13,+25.0%,+6.50%,0.5325,93,✓ Yes,completed
2,486,411,01-13,+22.9%,+6.25%,0.5312,103,✓ Yes,completed
2,486,430,01-13,+19.7%,+5.86%,0.5293,109,✓ Yes,completed
2,486,449,01-13,+17.9%,+5.48%,0.5274,119,✓ Yes,completed
2,486,468,01-13,+15.3%,+5.07%,0.5253,122,✓ Yes,completed
2,486,486,01-13,+12.9%,+4.43%,0.5221,164,✓ Yes,completed
2,504,355,01-13,+23.9%,+5.74%,0.5287,43,✓ Yes,completed
2,504,374,01-13,+21.4%,+5.66%,0.5283,43,✓ Yes,completed
2,504,392,01-13,+19.2%,+5.38%,0.5269,49,✓ Yes,completed
2,504,411,01-13,+17.4%,+5.06%,0.5253,56,✓ Yes,completed
2,504,430,01-13,+14.0%,+4.66%,0.5233,60,✓ Yes,completed
2,504,448,01-13,+12.4%,+4.18%,0.5209,65,✓ Yes,completed
2,504,467,01-13,+11.5%,+3.90%,0.5195,67,✓ Yes,completed
2,504,485,01-13,+10.4%,+3.57%,0.5179,70,✓ Yes,completed
2,504,504,01-13,+8.7%,+2.86%,0.5143,116,✓ Yes,completed
2,522,355,01-13,+18.3%,+4.66%,0.5233,23,✓ Yes,completed
2,522,374,01-13,+16.7%,+4.65%,0.5233,23,✓ Yes,completed
2,522,392,01-13,+15.0%,+4.45%,0.5222,28,✓ Yes,completed
2,522,411,01-13,+13.8%,+4.31%,0.5216,32,✓ Yes,completed
2,522,429,01-13,+10.8%,+3.50%,0.5175,38,✓ Yes,completed
2,522,448,01-13,+9.3%,+3.00%,0.5150,40,✓ Yes,completed
2,522,466,01-13,+8.9%,+2.88%,0.5144,40,✓ Yes,completed
2,522,485,01-13,+8.2%,+2.65%,0.5132,42,✓ Yes,completed
2,522,503,01-13,+7.1%,+2.25%,0.5113,46,✓ Yes,completed
2,522,522,01-13,+5.8%,+1.76%,0.5088,92,✓ Yes,completed
2,540,355,01-13,+15.9%,+4.02%,0.5201,19,✓ Yes,completed
2,540,372,01-13,+14.4%,+4.08%,0.5204,19,✓ Yes,completed
2,540,389,01-13,+13.1%,+3.75%,0.5187,22,✓ Yes,completed
2,540,405,01-13,+12.4%,+3.57%,0.5179,22,✓ Yes,completed
2,540,422,01-13,+10.6%,+3.15%,0.5158,28,✓ Yes,completed
2,540,439,01-13,+8.3%,+2.41%,0.5121,32,✓ Yes,completed
2,540,456,01-13,+6.8%,+1.96%,0.5098,32,✓ Yes,completed
2,540,472,01-13,+6.2%,+1.77%,0.5088,32,✓ Yes,completed
2,540,489,01-13,+5.9%,+1.72%,0.5086,33,✓ Yes,completed
2,540,506,01-13,+4.9%,+1.48%,0.5074,35,✓ Yes,completed
2,540,523,01-13,+3.8%,+1.16%,0.5058,41,✓ Yes,completed
2,540,540,01-13,+2.8%,+0.95%,0.5048,76,✓ Yes,completed
2,557,355,01-13,+12.3%,+3.04%,0.5152,11,✓ Yes,completed
2,557,372,01-13,+11.0%,+2.85%,0.5143,11,✓ Yes,completed
2,557,389,01-13,+10.4%,+2.74%,0.5137,12,✓ Yes,completed
2,557,406,01-13,+9.8%,+2.54%,0.5127,12,✓ Yes,completed
2,557,422,01-13,+7.4%,+1.80%,0.5090,14,✓ Yes,completed
2,557,439,01-13,+4.6%,+1.24%,0.5062,16,✓ Yes,completed
2,557,456,01-13,+4.4%,+1.20%,0.5060,16,✓ Yes,completed
2,557,473,01-13,+4.1%,+1.13%,0.5057,16,✓ Yes,completed
2,557,490,01-13,+3.8%,+1.09%,0.5054,16,✓ Yes,completed
2,557,507,01-13,+2.9%,+0.94%,0.5047,17,✓ Yes,completed
2,557,524,01-13,+2.1%,+0.77%,0.5038,18,✓ Yes,completed
2,557,541,01-13,+1.9%,+0.70%,0.5035,20,✓ Yes,completed
2,557,557,01-13,+1.4%,+0.48%,0.5024,42,✓ Yes,completed
2,397,355,01-16,+25.0%,+80.67%,0.9034,148,✗ No,budget_exceeded
2,397,376,01-16,+25.0%,+77.13%,0.8856,175,✗ No,budget_exceeded
2,397,397,01-16,+25.0%,+72.23%,0.8611,243,✗ No,budget_exceeded
2,415,355,01-16,+25.0%,+75.79%,0.8790,145,✗ No,budget_exceeded
2,415,375,01-16,+25.0%,+71.96%,0.8598,161,✗ No,budget_exceeded
2,415,395,01-16,+25.0%,+67.40%,0.8370,189,✗ No,budget_exceeded
2,415,415,01-16,+25.0%,+61.18%,0.8059,271,✗ No,budget_exceeded
2,433,355,01-16,+25.0%,+66.39%,0.8319,140,✗ No,budget_exceeded
2,433,374,01-16,+25.0%,+62.65%,0.8133,146,✗ No,budget_exceeded
2,433,394,01-16,+25.0%,+60.78%,0.8039,157,✗ No,budget_exceeded
2,433,413,01-16,+25.0%,+57.65%,0.7883,171,✗ No,budget_exceeded
2,433,433,01-16,+25.0%,+49.78%,0.7489,246,✗ No,budget_exceeded
2,451,355,01-16,+25.0%,+59.18%,0.7959,115,✗ No,budget_exceeded
2,451,374,01-16,+25.0%,+57.46%,0.7873,121,✗ No,budget_exceeded
2,451,393,01-16,+25.0%,+55.49%,0.7774,130,✗ No,budget_exceeded
2,451,412,01-16,+25.0%,+48.78%,0.7439,141,✗ No,budget_exceeded
2,451,432,01-16,+25.0%,+42.73%,0.7136,167,✗ No,budget_exceeded
2,451,451,01-16,+25.0%,+35.53%,0.6776,270,✗ No,budget_exceeded
2,469,355,01-16,+25.0%,+54.22%,0.7711,86,✗ No,budget_exceeded
2,469,374,01-16,+25.0%,+47.75%,0.7388,92,✗ No,budget_exceeded
2,469,393,01-16,+25.0%,+46.02%,0.7301,99,✗ No,budget_exceeded
2,469,412,01-16,+25.0%,+39.40%,0.6970,116,✗ No,budget_exceeded
2,469,431,01-16,+25.0%,+32.55%,0.6628,147,✗ No,budget_exceeded
2,469,450,01-16,+24.3%,+6.90%,0.5345,192,✓ Yes,completed
2,469,469,01-16,+20.1%,+6.07%,0.5304,268,✓ Yes,completed
2,486,355,01-16,+25.0%,+41.20%,0.7060,56,✗ No,budget_exceeded
2,486,374,01-16,+25.0%,+36.49%,0.6824,64,✗ No,budget_exceeded
2,486,392,01-16,+25.0%,+6.56%,0.5328,93,✓ Yes,completed
2,486,411,01-16,+22.9%,+6.25%,0.5312,103,✓ Yes,completed
2,486,430,01-16,+19.8%,+5.87%,0.5294,110,✓ Yes,completed
2,486,449,01-16,+17.9%,+5.55%,0.5277,119,✓ Yes,completed
2,486,468,01-16,+15.5%,+5.06%,0.5253,124,✓ Yes,completed
2,486,486,01-16,+12.9%,+4.53%,0.5227,164,✓ Yes,completed
2,504,355,01-16,+23.9%,+5.75%,0.5288,43,✓ Yes,completed
2,504,374,01-16,+21.5%,+5.66%,0.5283,44,✓ Yes,completed
2,504,392,01-16,+19.3%,+5.41%,0.5270,50,✓ Yes,completed
2,504,411,01-16,+17.4%,+5.07%,0.5254,56,✓ Yes,completed
2,504,430,01-16,+14.0%,+4.66%,0.5233,60,✓ Yes,completed
2,504,448,01-16,+12.4%,+4.27%,0.5214,65,✓ Yes,completed
2,504,467,01-16,+11.5%,+3.98%,0.5199,67,✓ Yes,completed
2,504,485,01-16,+10.4%,+3.63%,0.5181,70,✓ Yes,completed
2,504,504,01-16,+8.7%,+2.91%,0.5146,116,✓ Yes,completed
2,522,355,01-16,+18.3%,+4.74%,0.5237,23,✓ Yes,completed
2,522,374,01-16,+16.7%,+4.64%,0.5232,23,✓ Yes,completed
2,522,392,01-16,+15.0%,+4.38%,0.5219,28,✓ Yes,completed
2,522,411,01-16,+13.8%,+4.35%,0.5218,32,✓ Yes,completed
2,522,429,01-16,+10.8%,+3.58%,0.5179,38,✓ Yes,completed
2,522,448,01-16,+9.3%,+3.13%,0.5157,40,✓ Yes,completed
2,522,466,01-16,+8.9%,+2.94%,0.5147,40,✓ Yes,completed
2,522,485,01-16,+8.2%,+2.74%,0.5137,42,✓ Yes,completed
2,522,503,01-16,+7.1%,+2.33%,0.5116,46,✓ Yes,completed
2,522,522,01-16,+5.8%,+1.74%,0.5087,92,✓ Yes,completed
2,540,355,01-16,+15.9%,+4.03%,0.5202,19,✓ Yes,completed
2,540,372,01-16,+14.4%,+4.05%,0.5203,19,✓ Yes,completed
2,540,389,01-16,+13.1%,+3.84%,0.5192,22,✓ Yes,completed
2,540,405,01-16,+12.4%,+3.67%,0.5183,22,✓ Yes,completed
2,540,422,01-16,+10.6%,+3.21%,0.5160,28,✓ Yes,completed
2,540,439,01-16,+8.3%,+2.50%,0.5125,32,✓ Yes,completed
2,540,456,01-16,+6.8%,+2.05%,0.5103,32,✓ Yes,completed
2,540,472,01-16,+6.2%,+1.83%,0.5091,32,✓ Yes,completed
2,540,489,01-16,+5.9%,+1.71%,0.5085,33,✓ Yes,completed
2,540,506,01-16,+4.9%,+1.45%,0.5073,35,✓ Yes,completed
2,540,523,01-16,+3.8%,+1.14%,0.5057,41,✓ Yes,completed
2,540,540,01-16,+2.8%,+0.85%,0.5043,76,✓ Yes,completed
2,557,355,01-16,+12.3%,+3.12%,0.5156,11,✓ Yes,completed
2,557,372,01-16,+11.0%,+2.93%,0.5146,11,✓ Yes,completed
2,557,389,01-16,+10.4%,+2.79%,0.5140,12,✓ Yes,completed
2,557,406,01-16,+9.8%,+2.68%,0.5134,12,✓ Yes,completed
2,557,422,01-16,+7.4%,+1.88%,0.5094,14,✓ Yes,completed
2,557,439,01-16,+4.6%,+1.24%,0.5062,16,✓ Yes,completed
2,557,456,01-16,+4.4%,+1.21%,0.5061,16,✓ Yes,completed
2,557,473,01-16,+4.1%,+1.14%,0.5057,16,✓ Yes,completed
2,557,490,01-16,+3.8%,+1.07%,0.5053,16,✓ Yes,completed
2,557,507,01-16,+2.9%,+0.85%,0.5042,17,✓ Yes,completed
2,557,524,01-16,+2.1%,+0.73%,0.5036,18,✓ Yes,completed
2,557,541,01-16,+1.9%,+0.65%,0.5032,20,✓ Yes,completed
2,557,557,01-16,+1.4%,+0.45%,0.5023,42,✓ Yes,completed
2,397,355,01-19,+25.0%,+80.34%,0.9017,153,✗ No,budget_exceeded
2,397,376,01-19,+25.0%,+76.84%,0.8842,179,✗ No,budget_exceeded
2,397,397,01-19,+25.0%,+70.93%,0.8547,250,✗ No,budget_exceeded
2,415,355,01-19,+25.0%,+75.47%,0.8773,149,✗ No,budget_exceeded
2,415,375,01-19,+25.0%,+70.69%,0.8534,167,✗ No,budget_exceeded
2,415,395,01-19,+25.0%,+64.86%,0.8243,197,✗ No,budget_exceeded
2,415,415,01-19,+25.0%,+60.62%,0.8031,273,✗ No,budget_exceeded
2,433,355,01-19,+25.0%,+64.15%,0.8207,142,✗ No,budget_exceeded
2,433,374,01-19,+25.0%,+62.59%,0.8130,146,✗ No,budget_exceeded
2,433,394,01-19,+25.0%,+60.18%,0.8009,158,✗ No,budget_exceeded
2,433,413,01-19,+25.0%,+57.56%,0.7878,171,✗ No,budget_exceeded
2,433,433,01-19,+25.0%,+49.24%,0.7462,247,✗ No,budget_exceeded
2,451,355,01-19,+25.0%,+58.98%,0.7949,116,✗ No,budget_exceeded
2,451,374,01-19,+25.0%,+57.39%,0.7870,121,✗ No,budget_exceeded
2,451,393,01-19,+25.0%,+55.41%,0.7771,130,✗ No,budget_exceeded
2,451,412,01-19,+25.0%,+48.69%,0.7434,141,✗ No,budget_exceeded
2,451,432,01-19,+25.0%,+42.61%,0.7130,168,✗ No,budget_exceeded
2,451,451,01-19,+25.0%,+34.85%,0.6742,274,✗ No,budget_exceeded
2,469,355,01-19,+25.0%,+50.05%,0.7502,87,✗ No,budget_exceeded
2,469,374,01-19,+25.0%,+47.66%,0.7383,92,✗ No,budget_exceeded
2,469,393,01-19,+25.0%,+43.52%,0.7176,104,✗ No,budget_exceeded
2,469,412,01-19,+25.0%,+39.29%,0.6964,117,✗ No,budget_exceeded
2,469,431,01-19,+25.0%,+28.96%,0.6448,153,✗ No,budget_exceeded
2,469,450,01-19,+23.8%,+6.82%,0.5341,190,✓ Yes,completed
2,469,469,01-19,+19.7%,+6.03%,0.5302,265,✓ Yes,completed
2,486,355,01-19,+25.0%,+39.34%,0.6967,57,✗ No,budget_exceeded
2,486,374,01-19,+25.0%,+34.10%,0.6705,69,✗ No,budget_exceeded
2,486,392,01-19,+24.3%,+6.48%,0.5324,93,✓ Yes,completed
2,486,411,01-19,+22.4%,+6.19%,0.5309,102,✓ Yes,completed
2,486,430,01-19,+19.3%,+5.80%,0.5290,109,✓ Yes,completed
2,486,449,01-19,+17.5%,+5.54%,0.5277,118,✓ Yes,completed
2,486,468,01-19,+15.1%,+5.03%,0.5251,123,✓ Yes,completed
2,486,486,01-19,+12.5%,+4.49%,0.5225,163,✓ Yes,completed
2,504,355,01-19,+23.3%,+5.67%,0.5283,43,✓ Yes,completed
2,504,374,01-19,+20.9%,+5.56%,0.5278,44,✓ Yes,completed
2,504,392,01-19,+18.7%,+5.31%,0.5265,50,✓ Yes,completed
2,504,411,01-19,+16.9%,+5.02%,0.5251,55,✓ Yes,completed
2,504,430,01-19,+13.5%,+4.57%,0.5229,59,✓ Yes,completed
2,504,448,01-19,+12.1%,+4.27%,0.5214,64,✓ Yes,completed
2,504,467,01-19,+11.1%,+3.97%,0.5198,66,✓ Yes,completed
2,504,485,01-19,+10.1%,+3.63%,0.5181,69,✓ Yes,completed
2,504,504,01-19,+8.4%,+2.91%,0.5146,113,✓ Yes,completed
2,522,355,01-19,+16.5%,+4.32%,0.5216,23,✓ Yes,completed
2,522,374,01-19,+14.9%,+4.35%,0.5217,23,✓ Yes,completed
2,522,392,01-19,+13.3%,+4.15%,0.5207,28,✓ Yes,completed
2,522,411,01-19,+12.0%,+3.95%,0.5197,32,✓ Yes,completed
2,522,429,01-19,+10.0%,+3.42%,0.5171,37,✓ Yes,completed
2,522,448,01-19,+8.9%,+3.12%,0.5156,39,✓ Yes,completed
2,522,466,01-19,+8.5%,+2.94%,0.5147,39,✓ Yes,completed
2,522,485,01-19,+7.9%,+2.70%,0.5135,41,✓ Yes,completed
2,522,503,01-19,+6.8%,+2.30%,0.5115,45,✓ Yes,completed
2,522,522,01-19,+5.5%,+1.74%,0.5087,91,✓ Yes,completed
2,540,355,01-19,+14.2%,+3.72%,0.5186,19,✓ Yes,completed
2,540,372,01-19,+12.6%,+3.75%,0.5188,19,✓ Yes,completed
2,540,389,01-19,+11.3%,+3.36%,0.5168,22,✓ Yes,completed
2,540,405,01-19,+10.6%,+3.21%,0.5160,22,✓ Yes,completed
2,540,422,01-19,+9.1%,+2.87%,0.5143,27,✓ Yes,completed
2,540,439,01-19,+7.5%,+2.33%,0.5117,31,✓ Yes,completed
2,540,456,01-19,+6.5%,+2.03%,0.5101,31,✓ Yes,completed
2,540,472,01-19,+5.8%,+1.83%,0.5091,31,✓ Yes,completed
2,540,489,01-19,+5.5%,+1.69%,0.5084,32,✓ Yes,completed
2,540,506,01-19,+4.6%,+1.40%,0.5070,34,✓ Yes,completed
2,540,523,01-19,+3.5%,+1.11%,0.5056,40,✓ Yes,completed
2,540,540,01-19,+2.6%,+0.78%,0.5039,75,✓ Yes,completed
2,557,355,01-19,+10.5%,+2.66%,0.5133,11,✓ Yes,completed
2,557,372,01-19,+9.2%,+2.51%,0.5126,11,✓ Yes,completed
2,557,389,01-19,+8.7%,+2.34%,0.5117,12,✓ Yes,completed
2,557,406,01-19,+8.0%,+2.15%,0.5107,12,✓ Yes,completed
2,557,422,01-19,+5.9%,+1.52%,0.5076,13,✓ Yes,completed
2,557,439,01-19,+4.2%,+1.14%,0.5057,15,✓ Yes,completed
2,557,456,01-19,+4.0%,+1.14%,0.5057,15,✓ Yes,completed
2,557,473,01-19,+3.7%,+1.08%,0.5054,15,✓ Yes,completed
2,557,490,01-19,+3.5%,+1.04%,0.5052,15,✓ Yes,completed
2,557,507,01-19,+2.6%,+0.78%,0.5039,16,✓ Yes,completed
2,557,524,01-19,+1.9%,+0.63%,0.5031,17,✓ Yes,completed
2,557,541,01-19,+1.7%,+0.59%,0.5029,18,✓ Yes,completed
2,557,557,01-19,+1.2%,+0.42%,0.5021,38,✓ Yes,completed
3,397,319,01-09,+25.0%,+85.96%,0.9298,100,✗ No,budget_exceeded
3,397,327,01-09,+25.0%,+85.39%,0.9270,105,✗ No,budget_exceeded
3,397,335,01-09,+25.0%,+84.58%,0.9229,114,✗ No,budget_exceeded
3,397,342,01-09,+25.0%,+83.99%,0.9199,120,✗ No,budget_exceeded
3,397,350,01-09,+25.0%,+83.06%,0.9153,129,✗ No,budget_exceeded
3,397,358,01-09,+25.0%,+81.13%,0.9057,146,✗ No,budget_exceeded
3,397,366,01-09,+25.0%,+79.79%,0.8990,154,✗ No,budget_exceeded
3,397,374,01-09,+25.0%,+78.14%,0.8907,165,✗ No,budget_exceeded
3,397,381,01-09,+25.0%,+76.87%,0.8843,175,✗ No,budget_exceeded
3,397,389,01-09,+25.0%,+75.63%,0.8782,186,✗ No,budget_exceeded
3,397,397,01-09,+25.0%,+74.27%,0.8713,234,✗ No,budget_exceeded
3,405,319,01-09,+25.0%,+83.49%,0.9174,101,✗ No,budget_exceeded
3,405,327,01-09,+25.0%,+82.94%,0.9147,106,✗ No,budget_exceeded
3,405,335,01-09,+25.0%,+82.10%,0.9105,115,✗ No,budget_exceeded
3,405,342,01-09,+25.0%,+80.88%,0.9044,122,✗ No,budget_exceeded
3,405,350,01-09,+25.0%,+79.89%,0.8994,130,✗ No,budget_exceeded
3,405,358,01-09,+25.0%,+78.46%,0.8923,147,✗ No,budget_exceeded
3,405,366,01-09,+25.0%,+77.59%,0.8880,152,✗ No,budget_exceeded
3,405,374,01-09,+25.0%,+76.22%,0.8811,160,✗ No,budget_exceeded
3,405,382,01-09,+25.0%,+74.99%,0.8749,170,✗ No,budget_exceeded
3,405,389,01-09,+25.0%,+73.82%,0.8691,180,✗ No,budget_exceeded
3,405,397,01-09,+25.0%,+71.42%,0.8571,190,✗ No,budget_exceeded
3,405,405,01-09,+25.0%,+68.70%,0.8435,237,✗ No,budget_exceeded
3,413,319,01-09,+25.0%,+80.37%,0.9018,102,✗ No,budget_exceeded
3,413,327,01-09,+25.0%,+79.84%,0.8992,107,✗ No,budget_exceeded
3,413,335,01-09,+25.0%,+79.12%,0.8956,115,✗ No,budget_exceeded
3,413,342,01-09,+25.0%,+78.47%,0.8924,121,✗ No,budget_exceeded
3,413,350,01-09,+25.0%,+77.50%,0.8875,129,✗ No,budget_exceeded
3,413,358,01-09,+25.0%,+75.93%,0.8797,145,✗ No,budget_exceeded
3,413,366,01-09,+25.0%,+75.24%,0.8762,149,✗ No,budget_exceeded
3,413,374,01-09,+25.0%,+74.38%,0.8719,153,✗ No,budget_exceeded
3,413,382,01-09,+25.0%,+72.00%,0.8600,162,✗ No,budget_exceeded
3,413,389,01-09,+25.0%,+70.63%,0.8531,172,✗ No,budget_exceeded
3,413,397,01-09,+25.0%,+68.61%,0.8431,182,✗ No,budget_exceeded
3,413,405,01-09,+25.0%,+66.93%,0.8347,198,✗ No,budget_exceeded
3,413,413,01-09,+25.0%,+62.28%,0.8114,274,✗ No,budget_exceeded
3,421,319,01-09,+25.0%,+77.38%,0.8869,106,✗ No,budget_exceeded
3,421,327,01-09,+25.0%,+76.94%,0.8847,110,✗ No,budget_exceeded
3,421,335,01-09,+25.0%,+76.17%,0.8808,118,✗ No,budget_exceeded
3,421,343,01-09,+25.0%,+75.66%,0.8783,123,✗ No,budget_exceeded
3,421,350,01-09,+25.0%,+74.88%,0.8744,130,✗ No,budget_exceeded
3,421,358,01-09,+25.0%,+72.23%,0.8611,145,✗ No,budget_exceeded
3,421,366,01-09,+25.0%,+71.70%,0.8585,147,✗ No,budget_exceeded
3,421,374,01-09,+25.0%,+70.54%,0.8527,151,✗ No,budget_exceeded
3,421,382,01-09,+25.0%,+68.51%,0.8426,159,✗ No,budget_exceeded
3,421,390,01-09,+25.0%,+67.42%,0.8371,167,✗ No,budget_exceeded
3,421,397,01-09,+25.0%,+65.17%,0.8258,176,✗ No,budget_exceeded
3,421,405,01-09,+25.0%,+62.07%,0.8103,187,✗ No,budget_exceeded
3,421,413,01-09,+25.0%,+60.58%,0.8029,204,✗ No,budget_exceeded
3,421,421,01-09,+25.0%,+58.37%,0.7919,254,✗ No,budget_exceeded
3,429,319,01-09,+25.0%,+74.33%,0.8716,109,✗ No,budget_exceeded
3,429,327,01-09,+25.0%,+73.89%,0.8694,113,✗ No,budget_exceeded
3,429,335,01-09,+25.0%,+73.26%,0.8663,120,✗ No,budget_exceeded
3,429,343,01-09,+25.0%,+71.77%,0.8589,124,✗ No,budget_exceeded
3,429,350,01-09,+25.0%,+70.53%,0.8526,129,✗ No,budget_exceeded
3,429,358,01-09,+25.0%,+67.47%,0.8374,145,✗ No,budget_exceeded
3,429,366,01-09,+25.0%,+66.79%,0.8340,146,✗ No,budget_exceeded
3,429,374,01-09,+25.0%,+65.76%,0.8288,149,✗ No,budget_exceeded
3,429,382,01-09,+25.0%,+62.47%,0.8123,155,✗ No,budget_exceeded
3,429,390,01-09,+25.0%,+61.89%,0.8095,160,✗ No,budget_exceeded
3,429,398,01-09,+25.0%,+61.32%,0.8066,161,✗ No,budget_exceeded
3,429,405,01-09,+25.0%,+60.11%,0.8006,171,✗ No,budget_exceeded
3,429,413,01-09,+25.0%,+58.25%,0.7912,180,✗ No,budget_exceeded
3,429,421,01-09,+25.0%,+56.95%,0.7848,188,✗ No,budget_exceeded
3,429,429,01-09,+25.0%,+55.39%,0.7769,241,✗ No,budget_exceeded
3,437,319,01-09,+25.0%,+71.01%,0.8551,108,✗ No,budget_exceeded
3,437,327,01-09,+25.0%,+70.12%,0.8506,113,✗ No,budget_exceeded
3,437,335,01-09,+25.0%,+68.49%,0.8425,121,✗ No,budget_exceeded
3,437,343,01-09,+25.0%,+67.86%,0.8393,125,✗ No,budget_exceeded
3,437,350,01-09,+25.0%,+67.15%,0.8357,129,✗ No,budget_exceeded
3,437,358,01-09,+25.0%,+62.37%,0.8119,142,✗ No,budget_exceeded
3,437,366,01-09,+25.0%,+61.85%,0.8092,142,✗ No,budget_exceeded
3,437,374,01-09,+25.0%,+61.47%,0.8074,143,✗ No,budget_exceeded
3,437,382,01-09,+25.0%,+60.88%,0.8044,145,✗ No,budget_exceeded
3,437,390,01-09,+25.0%,+59.91%,0.7995,152,✗ No,budget_exceeded
3,437,398,01-09,+25.0%,+59.33%,0.7966,155,✗ No,budget_exceeded
3,437,406,01-09,+25.0%,+57.73%,0.7886,163,✗ No,budget_exceeded
3,437,413,01-09,+25.0%,+56.66%,0.7833,168,✗ No,budget_exceeded
3,437,421,01-09,+25.0%,+55.68%,0.7784,173,✗ No,budget_exceeded
3,437,429,01-09,+25.0%,+53.70%,0.7685,194,✗ No,budget_exceeded
3,437,437,01-09,+25.0%,+47.41%,0.7370,256,✗ No,budget_exceeded
3,445,319,01-09,+25.0%,+66.77%,0.8338,99,✗ No,budget_exceeded
3,445,326,01-09,+25.0%,+66.11%,0.8305,104,✗ No,budget_exceeded
3,445,334,01-09,+25.0%,+63.72%,0.8186,111,✗ No,budget_exceeded
3,445,341,01-09,+25.0%,+62.02%,0.8101,114,✗ No,budget_exceeded
3,445,349,01-09,+25.0%,+61.33%,0.8067,117,✗ No,budget_exceeded
3,445,356,01-09,+25.0%,+60.47%,0.8024,123,✗ No,budget_exceeded
3,445,363,01-09,+25.0%,+59.50%,0.7975,125,✗ No,budget_exceeded
3,445,371,01-09,+25.0%,+59.15%,0.7958,125,✗ No,budget_exceeded
3,445,378,01-09,+25.0%,+58.23%,0.7911,128,✗ No,budget_exceeded
3,445,386,01-09,+25.0%,+57.21%,0.7860,134,✗ No,budget_exceeded
3,445,393,01-09,+25.0%,+56.77%,0.7839,136,✗ No,budget_exceeded
3,445,401,01-09,+25.0%,+56.22%,0.7811,139,✗ No,budget_exceeded
3,445,408,01-09,+25.0%,+55.26%,0.7763,145,✗ No,budget_exceeded
3,445,415,01-09,+25.0%,+54.28%,0.7714,148,✗ No,budget_exceeded
3,445,423,01-09,+25.0%,+49.09%,0.7454,157,✗ No,budget_exceeded
3,445,430,01-09,+25.0%,+47.31%,0.7365,169,✗ No,budget_exceeded
3,445,438,01-09,+25.0%,+45.70%,0.7285,184,✗ No,budget_exceeded
3,445,445,01-09,+25.0%,+41.02%,0.7051,254,✗ No,budget_exceeded
3,453,319,01-09,+25.0%,+63.52%,0.8176,93,✗ No,budget_exceeded
3,453,326,01-09,+25.0%,+61.55%,0.8077,99,✗ No,budget_exceeded
3,453,334,01-09,+25.0%,+60.91%,0.8045,104,✗ No,budget_exceeded
3,453,341,01-09,+25.0%,+60.52%,0.8026,106,✗ No,budget_exceeded
3,453,349,01-09,+25.0%,+59.83%,0.7992,109,✗ No,budget_exceeded
3,453,356,01-09,+25.0%,+58.15%,0.7908,113,✗ No,budget_exceeded
3,453,364,01-09,+25.0%,+56.77%,0.7839,116,✗ No,budget_exceeded
3,453,371,01-09,+25.0%,+56.43%,0.7822,116,✗ No,budget_exceeded
3,453,379,01-09,+25.0%,+56.04%,0.7802,118,✗ No,budget_exceeded
3,453,386,01-09,+25.0%,+55.03%,0.7752,122,✗ No,budget_exceeded
3,453,393,01-09,+25.0%,+54.48%,0.7724,125,✗ No,budget_exceeded
3,453,401,01-09,+25.0%,+53.93%,0.7696,126,✗ No,budget_exceeded
3,453,408,01-09,+25.0%,+48.89%,0.7444,133,✗ No,budget_exceeded
3,453,416,01-09,+25.0%,+48.17%,0.7409,136,✗ No,budget_exceeded
3,453,423,01-09,+25.0%,+46.48%,0.7324,144,✗ No,budget_exceeded
3,453,431,01-09,+25.0%,+45.05%,0.7252,152,✗ No,budget_exceeded
3,453,438,01-09,+25.0%,+40.94%,0.7047,170,✗ No,budget_exceeded
3,453,446,01-09,+25.0%,+37.20%,0.6860,193,✗ No,budget_exceeded
3,453,453,01-09,+25.0%,+34.82%,0.6741,260,✗ No,budget_exceeded
3,461,319,01-09,+25.0%,+60.52%,0.8026,83,✗ No,budget_exceeded
3,461,326,01-09,+25.0%,+59.73%,0.7986,87,✗ No,budget_exceeded
3,461,334,01-09,+25.0%,+59.11%,0.7955,92,✗ No,budget_exceeded
3,461,341,01-09,+25.0%,+58.73%,0.7937,94,✗ No,budget_exceeded
3,461,349,01-09,+25.0%,+57.57%,0.7878,98,✗ No,budget_exceeded
3,461,356,01-09,+25.0%,+56.22%,0.7811,102,✗ No,budget_exceeded
3,461,364,01-09,+25.0%,+54.98%,0.7749,104,✗ No,budget_exceeded
3,461,371,01-09,+25.0%,+54.68%,0.7734,104,✗ No,budget_exceeded
3,461,379,01-09,+25.0%,+54.16%,0.7708,107,✗ No,budget_exceeded
3,461,386,01-09,+25.0%,+53.09%,0.7654,111,✗ No,budget_exceeded
3,461,394,01-09,+25.0%,+48.70%,0.7435,114,✗ No,budget_exceeded
3,461,401,01-09,+25.0%,+47.97%,0.7399,116,✗ No,budget_exceeded
3,461,409,01-09,+25.0%,+46.57%,0.7328,122,✗ No,budget_exceeded
3,461,416,01-09,+25.0%,+45.75%,0.7288,125,✗ No,budget_exceeded
3,461,424,01-09,+25.0%,+41.66%,0.7083,135,✗ No,budget_exceeded
3,461,431,01-09,+25.0%,+38.11%,0.6905,146,✗ No,budget_exceeded
3,461,439,01-09,+25.0%,+36.79%,0.6840,159,✗ No,budget_exceeded
3,461,446,01-09,+25.0%,+34.04%,0.6702,182,✗ No,budget_exceeded
3,461,454,01-09,+25.0%,+27.66%,0.6383,209,✗ No,budget_exceeded
3,461,461,01-09,+25.0%,+9.28%,0.5464,331,✗ No,budget_exceeded
3,469,319,01-09,+25.0%,+57.35%,0.7867,70,✗ No,budget_exceeded
3,469,326,01-09,+25.0%,+56.56%,0.7828,74,✗ No,budget_exceeded
3,469,334,01-09,+25.0%,+55.76%,0.7788,78,✗ No,budget_exceeded
3,469,341,01-09,+25.0%,+55.29%,0.7764,81,✗ No,budget_exceeded
3,469,349,01-09,+25.0%,+54.58%,0.7729,84,✗ No,budget_exceeded
3,469,356,01-09,+25.0%,+53.38%,0.7669,87,✗ No,budget_exceeded
3,469,364,01-09,+25.0%,+48.09%,0.7404,90,✗ No,budget_exceeded
3,469,371,01-09,+25.0%,+47.81%,0.7391,90,✗ No,budget_exceeded
3,469,379,01-09,+25.0%,+46.68%,0.7334,94,✗ No,budget_exceeded
3,469,386,01-09,+25.0%,+45.83%,0.7291,97,✗ No,budget_exceeded
3,469,394,01-09,+25.0%,+45.50%,0.7275,99,✗ No,budget_exceeded
3,469,401,01-09,+25.0%,+44.79%,0.7240,101,✗ No,budget_exceeded
3,469,409,01-09,+25.0%,+41.07%,0.7053,112,✗ No,budget_exceeded
3,469,416,01-09,+25.0%,+40.27%,0.7013,116,✗ No,budget_exceeded
3,469,424,01-09,+25.0%,+36.32%,0.6816,127,✗ No,budget_exceeded
3,469,431,01-09,+25.0%,+33.74%,0.6687,143,✗ No,budget_exceeded
3,469,439,01-09,+25.0%,+28.71%,0.6435,156,✗ No,budget_exceeded
3,469,446,01-09,+25.0%,+14.60%,0.5730,184,✗ No,budget_exceeded
3,469,454,01-09,+24.4%,+6.93%,0.5346,195,✓ Yes,completed
3,469,461,01-09,+22.7%,+6.64%,0.5332,209,✓ Yes,completed
3,469,469,01-09,+20.8%,+6.23%,0.5312,273,✓ Yes,completed
3,397,319,01-10,+25.0%,+85.82%,0.9291,102,✗ No,budget_exceeded
3,397,327,01-10,+25.0%,+85.28%,0.9264,107,✗ No,budget_exceeded
3,397,335,01-10,+25.0%,+84.54%,0.9227,115,✗ No,budget_exceeded
3,397,342,01-10,+25.0%,+83.88%,0.9194,122,✗ No,budget_exceeded
3,397,350,01-10,+25.0%,+82.93%,0.9147,131,✗ No,budget_exceeded
3,397,358,01-10,+25.0%,+80.83%,0.9042,147,✓ Yes,budget_exceeded
3,397,366,01-10,+25.0%,+79.69%,0.8985,156,✗ No,budget_exceeded
3,397,374,01-10,+25.0%,+78.09%,0.8905,166,✗ No,budget_exceeded
3,397,381,01-10,+25.0%,+76.84%,0.8842,176,✗ No,budget_exceeded
3,397,389,01-10,+25.0%,+75.53%,0.8777,188,✗ No,budget_exceeded
3,397,397,01-10,+25.0%,+74.24%,0.8712,235,✗ No,budget_exceeded
3,405,319,01-10,+25.0%,+83.45%,0.9173,102,✗ No,budget_exceeded
3,405,327,01-10,+25.0%,+82.83%,0.9141,108,✗ No,budget_exceeded
3,405,335,01-10,+25.0%,+82.05%,0.9103,116,✗ No,budget_exceeded
3,405,342,01-10,+25.0%,+80.66%,0.9033,123,✗ No,budget_exceeded
3,405,350,01-10,+25.0%,+79.80%,0.8990,132,✗ No,budget_exceeded
3,405,358,01-10,+25.0%,+78.43%,0.8921,148,✗ No,budget_exceeded
3,405,366,01-10,+25.0%,+77.51%,0.8876,154,✗ No,budget_exceeded
3,405,374,01-10,+25.0%,+76.20%,0.8810,161,✗ No,budget_exceeded
3,405,382,01-10,+25.0%,+74.90%,0.8745,172,✗ No,budget_exceeded
3,405,389,01-10,+25.0%,+72.80%,0.8640,182,✗ No,budget_exceeded
3,405,397,01-10,+25.0%,+71.08%,0.8554,193,✗ No,budget_exceeded
3,405,405,01-10,+25.0%,+68.49%,0.8424,245,✗ No,budget_exceeded
3,413,319,01-10,+25.0%,+80.34%,0.9017,103,✗ No,budget_exceeded
3,413,327,01-10,+25.0%,+79.83%,0.8991,108,✗ No,budget_exceeded
3,413,335,01-10,+25.0%,+79.11%,0.8955,116,✗ No,budget_exceeded
3,413,342,01-10,+25.0%,+78.45%,0.8923,122,✗ No,budget_exceeded
3,413,350,01-10,+25.0%,+77.43%,0.8871,131,✗ No,budget_exceeded
3,413,358,01-10,+25.0%,+75.90%,0.8795,146,✗ No,budget_exceeded
3,413,366,01-10,+25.0%,+75.21%,0.8761,150,✗ No,budget_exceeded
3,413,374,01-10,+25.0%,+74.35%,0.8718,154,✗ No,budget_exceeded
3,413,382,01-10,+25.0%,+71.91%,0.8596,164,✗ No,budget_exceeded
3,413,389,01-10,+25.0%,+70.45%,0.8522,174,✗ No,budget_exceeded
3,413,397,01-10,+25.0%,+68.44%,0.8422,185,✗ No,budget_exceeded
3,413,405,01-10,+25.0%,+66.92%,0.8346,199,✗ No,budget_exceeded
3,413,413,01-10,+25.0%,+62.32%,0.8116,274,✗ No,budget_exceeded
3,421,319,01-10,+25.0%,+77.37%,0.8868,107,✗ No,budget_exceeded
3,421,327,01-10,+25.0%,+76.93%,0.8846,111,✗ No,budget_exceeded
3,421,335,01-10,+25.0%,+76.15%,0.8807,119,✗ No,budget_exceeded
3,421,343,01-10,+25.0%,+75.65%,0.8782,124,✗ No,budget_exceeded
3,421,350,01-10,+25.0%,+74.86%,0.8743,131,✗ No,budget_exceeded
3,421,358,01-10,+25.0%,+72.22%,0.8611,146,✗ No,budget_exceeded
3,421,366,01-10,+25.0%,+71.21%,0.8561,149,✗ No,budget_exceeded
3,421,374,01-10,+25.0%,+70.38%,0.8519,153,✗ No,budget_exceeded
3,421,382,01-10,+25.0%,+68.34%,0.8417,161,✗ No,budget_exceeded
3,421,390,01-10,+25.0%,+67.25%,0.8362,169,✗ No,budget_exceeded
3,421,397,01-10,+25.0%,+64.36%,0.8218,177,✗ No,budget_exceeded
3,421,405,01-10,+25.0%,+62.10%,0.8105,187,✗ No,budget_exceeded
3,421,413,01-10,+25.0%,+60.44%,0.8022,206,✗ No,budget_exceeded
3,421,421,01-10,+25.0%,+58.40%,0.7920,254,✗ No,budget_exceeded
3,429,319,01-10,+25.0%,+74.37%,0.8719,109,✗ No,budget_exceeded
3,429,327,01-10,+25.0%,+73.87%,0.8694,114,✗ No,budget_exceeded
3,429,335,01-10,+25.0%,+72.18%,0.8609,121,✗ No,budget_exceeded
3,429,343,01-10,+25.0%,+71.77%,0.8588,125,✗ No,budget_exceeded
3,429,350,01-10,+25.0%,+70.52%,0.8526,130,✗ No,budget_exceeded
3,429,358,01-10,+25.0%,+67.51%,0.8376,145,✗ No,budget_exceeded
3,429,366,01-10,+25.0%,+66.80%,0.8340,147,✗ No,budget_exceeded
3,429,374,01-10,+25.0%,+65.28%,0.8264,150,✗ No,budget_exceeded
3,429,382,01-10,+25.0%,+62.51%,0.8125,155,✗ No,budget_exceeded
3,429,390,01-10,+25.0%,+61.93%,0.8097,160,✗ No,budget_exceeded
3,429,398,01-10,+25.0%,+61.26%,0.8063,163,✗ No,budget_exceeded
3,429,405,01-10,+25.0%,+60.09%,0.8004,172,✗ No,budget_exceeded
3,429,413,01-10,+25.0%,+58.16%,0.7908,181,✗ No,budget_exceeded
3,429,421,01-10,+25.0%,+56.99%,0.7849,188,✗ No,budget_exceeded
3,429,429,01-10,+25.0%,+55.15%,0.7757,244,✗ No,budget_exceeded
3,437,319,01-10,+25.0%,+70.59%,0.8530,109,✗ No,budget_exceeded
3,437,327,01-10,+25.0%,+70.12%,0.8506,114,✗ No,budget_exceeded
3,437,335,01-10,+25.0%,+68.50%,0.8425,122,✗ No,budget_exceeded
3,437,343,01-10,+25.0%,+67.87%,0.8393,126,✗ No,budget_exceeded
3,437,350,01-10,+25.0%,+66.94%,0.8347,130,✗ No,budget_exceeded
3,437,358,01-10,+25.0%,+62.42%,0.8121,142,✗ No,budget_exceeded
3,437,366,01-10,+25.0%,+61.89%,0.8095,142,✗ No,budget_exceeded
3,437,374,01-10,+25.0%,+61.52%,0.8076,143,✗ No,budget_exceeded
3,437,382,01-10,+25.0%,+60.93%,0.8046,145,✗ No,budget_exceeded
3,437,390,01-10,+25.0%,+59.90%,0.7995,153,✗ No,budget_exceeded
3,437,398,01-10,+25.0%,+59.35%,0.7967,156,✗ No,budget_exceeded
3,437,406,01-10,+25.0%,+57.77%,0.7889,163,✗ No,budget_exceeded
3,437,413,01-10,+25.0%,+56.70%,0.7835,168,✗ No,budget_exceeded
3,437,421,01-10,+25.0%,+55.65%,0.7782,174,✗ No,budget_exceeded
3,437,429,01-10,+25.0%,+53.58%,0.7679,195,✗ No,budget_exceeded
3,437,437,01-10,+25.0%,+47.39%,0.7370,257,✗ No,budget_exceeded
3,445,319,01-10,+25.0%,+66.82%,0.8341,99,✗ No,budget_exceeded
3,445,326,01-10,+25.0%,+66.16%,0.8308,104,✗ No,budget_exceeded
3,445,334,01-10,+25.0%,+63.77%,0.8189,111,✗ No,budget_exceeded
3,445,341,01-10,+25.0%,+62.08%,0.8104,114,✗ No,budget_exceeded
3,445,349,01-10,+25.0%,+61.38%,0.8069,117,✗ No,budget_exceeded
3,445,356,01-10,+25.0%,+60.52%,0.8026,123,✗ No,budget_exceeded
3,445,363,01-10,+25.0%,+59.55%,0.7978,125,✗ No,budget_exceeded
3,445,371,01-10,+25.0%,+59.20%,0.7960,125,✗ No,budget_exceeded
3,445,378,01-10,+25.0%,+58.28%,0.7914,128,✗ No,budget_exceeded
3,445,386,01-10,+25.0%,+57.26%,0.7863,134,✗ No,budget_exceeded
3,445,393,01-10,+25.0%,+56.82%,0.7841,136,✗ No,budget_exceeded
3,445,401,01-10,+25.0%,+56.27%,0.7813,139,✗ No,budget_exceeded
3,445,408,01-10,+25.0%,+55.13%,0.7757,146,✗ No,budget_exceeded
3,445,415,01-10,+25.0%,+54.33%,0.7717,148,✗ No,budget_exceeded
3,445,423,01-10,+25.0%,+49.14%,0.7457,157,✗ No,budget_exceeded
3,445,430,01-10,+25.0%,+47.29%,0.7365,170,✗ No,budget_exceeded
3,445,438,01-10,+25.0%,+45.75%,0.7288,184,✗ No,budget_exceeded
3,445,445,01-10,+25.0%,+41.00%,0.7050,255,✗ No,budget_exceeded
3,453,319,01-10,+25.0%,+63.58%,0.8179,93,✗ No,budget_exceeded
3,453,326,01-10,+25.0%,+61.60%,0.8080,99,✗ No,budget_exceeded
3,453,334,01-10,+25.0%,+60.97%,0.8048,104,✗ No,budget_exceeded
3,453,341,01-10,+25.0%,+60.58%,0.8029,106,✗ No,budget_exceeded
3,453,349,01-10,+25.0%,+59.89%,0.7994,109,✗ No,budget_exceeded
3,453,356,01-10,+25.0%,+58.21%,0.7910,113,✗ No,budget_exceeded
3,453,364,01-10,+25.0%,+56.83%,0.7841,116,✗ No,budget_exceeded
3,453,371,01-10,+25.0%,+56.49%,0.7824,116,✗ No,budget_exceeded
3,453,379,01-10,+25.0%,+56.10%,0.7805,118,✗ No,budget_exceeded
3,453,386,01-10,+25.0%,+54.93%,0.7747,123,✗ No,budget_exceeded
3,453,393,01-10,+25.0%,+54.53%,0.7726,125,✗ No,budget_exceeded
3,453,401,01-10,+25.0%,+53.98%,0.7699,126,✗ No,budget_exceeded
3,453,408,01-10,+25.0%,+48.94%,0.7447,133,✗ No,budget_exceeded
3,453,416,01-10,+25.0%,+47.80%,0.7390,137,✗ No,budget_exceeded
3,453,423,01-10,+25.0%,+46.53%,0.7327,144,✗ No,budget_exceeded
3,453,431,01-10,+25.0%,+44.66%,0.7233,154,✗ No,budget_exceeded
3,453,438,01-10,+25.0%,+40.93%,0.7046,171,✗ No,budget_exceeded
3,453,446,01-10,+25.0%,+37.19%,0.6860,194,✗ No,budget_exceeded
3,453,453,01-10,+25.0%,+34.79%,0.6740,261,✗ No,budget_exceeded
3,461,319,01-10,+25.0%,+60.59%,0.8030,83,✗ No,budget_exceeded
3,461,326,01-10,+25.0%,+59.80%,0.7990,87,✗ No,budget_exceeded
3,461,334,01-10,+25.0%,+59.17%,0.7959,92,✗ No,budget_exceeded
3,461,341,01-10,+25.0%,+58.80%,0.7940,94,✗ No,budget_exceeded
3,461,349,01-10,+25.0%,+57.51%,0.7876,99,✗ No,budget_exceeded
3,461,356,01-10,+25.0%,+56.29%,0.7814,102,✗ No,budget_exceeded
3,461,364,01-10,+25.0%,+55.04%,0.7752,104,✗ No,budget_exceeded
3,461,371,01-10,+25.0%,+54.74%,0.7737,104,✗ No,budget_exceeded
3,461,379,01-10,+25.0%,+54.22%,0.7711,107,✗ No,budget_exceeded
3,461,386,01-10,+25.0%,+49.12%,0.7456,112,✗ No,budget_exceeded
3,461,394,01-10,+25.0%,+48.76%,0.7438,114,✗ No,budget_exceeded
3,461,401,01-10,+25.0%,+47.54%,0.7377,117,✗ No,budget_exceeded
3,461,409,01-10,+25.0%,+46.63%,0.7331,122,✗ No,budget_exceeded
3,461,416,01-10,+25.0%,+45.81%,0.7291,125,✗ No,budget_exceeded
3,461,424,01-10,+25.0%,+41.44%,0.7072,136,✗ No,budget_exceeded
3,461,431,01-10,+25.0%,+38.11%,0.6906,147,✗ No,budget_exceeded
3,461,439,01-10,+25.0%,+36.85%,0.6842,159,✗ No,budget_exceeded
3,461,446,01-10,+25.0%,+33.70%,0.6685,184,✗ No,budget_exceeded
3,461,454,01-10,+25.0%,+27.25%,0.6362,211,✗ No,budget_exceeded
3,461,461,01-10,+24.9%,+7.03%,0.5352,329,✓ Yes,completed
3,469,319,01-10,+25.0%,+57.46%,0.7873,70,✗ No,budget_exceeded
3,469,326,01-10,+25.0%,+56.67%,0.7834,74,✗ No,budget_exceeded
3,469,334,01-10,+25.0%,+55.87%,0.7793,78,✗ No,budget_exceeded
3,469,341,01-10,+25.0%,+55.40%,0.7770,81,✗ No,budget_exceeded
3,469,349,01-10,+25.0%,+54.69%,0.7735,84,✗ No,budget_exceeded
3,469,356,01-10,+25.0%,+53.50%,0.7675,87,✗ No,budget_exceeded
3,469,364,01-10,+25.0%,+48.20%,0.7410,90,✗ No,budget_exceeded
3,469,371,01-10,+25.0%,+47.43%,0.7372,91,✗ No,budget_exceeded
3,469,379,01-10,+25.0%,+46.79%,0.7340,94,✗ No,budget_exceeded
3,469,386,01-10,+25.0%,+45.94%,0.7297,97,✗ No,budget_exceeded
3,469,394,01-10,+25.0%,+45.61%,0.7280,99,✗ No,budget_exceeded
3,469,401,01-10,+25.0%,+44.90%,0.7245,101,✗ No,budget_exceeded
3,469,409,01-10,+25.0%,+41.18%,0.7059,112,✗ No,budget_exceeded
3,469,416,01-10,+25.0%,+40.38%,0.7019,116,✗ No,budget_exceeded
3,469,424,01-10,+25.0%,+36.37%,0.6819,128,✗ No,budget_exceeded
3,469,431,01-10,+25.0%,+33.55%,0.6677,144,✗ No,budget_exceeded
3,469,439,01-10,+25.0%,+27.40%,0.6370,159,✗ No,budget_exceeded
3,469,446,01-10,+25.0%,+14.00%,0.5700,185,✗ No,budget_exceeded
3,469,454,01-10,+24.3%,+6.95%,0.5347,195,✓ Yes,completed
3,469,461,01-10,+22.6%,+6.67%,0.5334,209,✓ Yes,completed
3,469,469,01-10,+20.7%,+6.24%,0.5312,274,✓ Yes,completed
3,397,319,01-11,+25.0%,+85.66%,0.9283,104,✗ No,budget_exceeded
3,397,327,01-11,+25.0%,+85.15%,0.9257,109,✗ No,budget_exceeded
3,397,335,01-11,+25.0%,+84.39%,0.9219,117,✗ No,budget_exceeded
3,397,342,01-11,+25.0%,+83.72%,0.9186,124,✗ No,budget_exceeded
3,397,350,01-11,+25.0%,+82.77%,0.9139,133,✗ No,budget_exceeded
3,397,358,01-11,+25.0%,+80.75%,0.9037,149,✗ No,budget_exceeded
3,397,366,01-11,+25.0%,+79.60%,0.8980,157,✗ No,budget_exceeded
3,397,374,01-11,+25.0%,+77.94%,0.8897,168,✗ No,budget_exceeded
3,397,381,01-11,+25.0%,+76.67%,0.8834,178,✗ No,budget_exceeded
3,397,389,01-11,+25.0%,+75.43%,0.8772,189,✗ No,budget_exceeded
3,397,397,01-11,+25.0%,+74.05%,0.8702,237,✗ No,budget_exceeded
3,405,319,01-11,+25.0%,+83.30%,0.9165,104,✗ No,budget_exceeded
3,405,327,01-11,+25.0%,+82.67%,0.9133,110,✗ No,budget_exceeded
3,405,335,01-11,+25.0%,+81.35%,0.9067,118,✗ No,budget_exceeded
3,405,342,01-11,+25.0%,+80.51%,0.9025,125,✗ No,budget_exceeded
3,405,350,01-11,+25.0%,+79.71%,0.8986,133,✗ No,budget_exceeded
3,405,358,01-11,+25.0%,+78.26%,0.8913,150,✗ No,budget_exceeded
3,405,366,01-11,+25.0%,+77.43%,0.8872,155,✗ No,budget_exceeded
3,405,374,01-11,+25.0%,+76.04%,0.8802,163,✗ No,budget_exceeded
3,405,382,01-11,+25.0%,+74.82%,0.8741,173,✗ No,budget_exceeded
3,405,389,01-11,+25.0%,+72.55%,0.8628,184,✗ No,budget_exceeded
3,405,397,01-11,+25.0%,+70.99%,0.8550,194,✗ No,budget_exceeded
3,405,405,01-11,+25.0%,+68.40%,0.8420,246,✗ No,budget_exceeded
3,413,319,01-11,+25.0%,+80.20%,0.9010,105,✗ No,budget_exceeded
3,413,327,01-11,+25.0%,+79.68%,0.8984,110,✗ No,budget_exceeded
3,413,335,01-11,+25.0%,+79.03%,0.8951,117,✗ No,budget_exceeded
3,413,342,01-11,+25.0%,+78.29%,0.8915,124,✗ No,budget_exceeded
3,413,350,01-11,+25.0%,+77.35%,0.8867,132,✗ No,budget_exceeded
3,413,358,01-11,+25.0%,+75.76%,0.8788,148,✗ No,budget_exceeded
3,413,366,01-11,+25.0%,+75.12%,0.8756,151,✗ No,budget_exceeded
3,413,374,01-11,+25.0%,+74.15%,0.8707,156,✗ No,budget_exceeded
3,413,382,01-11,+25.0%,+71.45%,0.8572,166,✗ No,budget_exceeded
3,413,389,01-11,+25.0%,+69.49%,0.8475,176,✗ No,budget_exceeded
3,413,397,01-11,+25.0%,+68.35%,0.8418,186,✗ No,budget_exceeded
3,413,405,01-11,+25.0%,+66.24%,0.8312,203,✗ No,budget_exceeded
3,413,413,01-11,+25.0%,+62.28%,0.8114,274,✗ No,budget_exceeded
3,421,319,01-11,+25.0%,+77.29%,0.8864,108,✗ No,budget_exceeded
3,421,327,01-11,+25.0%,+76.80%,0.8840,113,✗ No,budget_exceeded
3,421,335,01-11,+25.0%,+76.00%,0.8800,121,✗ No,budget_exceeded
3,421,343,01-11,+25.0%,+75.56%,0.8778,125,✗ No,budget_exceeded
3,421,350,01-11,+25.0%,+74.79%,0.8739,132,✗ No,budget_exceeded
3,421,358,01-11,+25.0%,+72.14%,0.8607,147,✗ No,budget_exceeded
3,421,366,01-11,+25.0%,+71.12%,0.8556,150,✗ No,budget_exceeded
3,421,374,01-11,+25.0%,+69.42%,0.8471,155,✗ No,budget_exceeded
3,421,382,01-11,+25.0%,+68.08%,0.8404,163,✗ No,budget_exceeded
3,421,390,01-11,+25.0%,+67.18%,0.8359,170,✗ No,budget_exceeded
3,421,397,01-11,+25.0%,+63.07%,0.8153,182,✗ No,budget_exceeded
3,421,405,01-11,+25.0%,+62.04%,0.8102,188,✗ No,budget_exceeded
3,421,413,01-11,+25.0%,+60.24%,0.8012,209,✗ No,budget_exceeded
3,421,421,01-11,+25.0%,+58.21%,0.7911,257,✗ No,budget_exceeded
3,429,319,01-11,+25.0%,+74.24%,0.8712,111,✗ No,budget_exceeded
3,429,327,01-11,+25.0%,+73.65%,0.8682,116,✗ No,budget_exceeded
3,429,335,01-11,+25.0%,+72.10%,0.8605,122,✗ No,budget_exceeded
3,429,343,01-11,+25.0%,+71.01%,0.8551,127,✗ No,budget_exceeded
3,429,350,01-11,+25.0%,+69.25%,0.8463,133,✗ No,budget_exceeded
3,429,358,01-11,+25.0%,+67.23%,0.8361,146,✗ No,budget_exceeded
3,429,366,01-11,+25.0%,+66.14%,0.8307,148,✗ No,budget_exceeded
3,429,374,01-11,+25.0%,+64.34%,0.8217,152,✗ No,budget_exceeded
3,429,382,01-11,+25.0%,+62.47%,0.8123,155,✗ No,budget_exceeded
3,429,390,01-11,+25.0%,+61.89%,0.8095,160,✗ No,budget_exceeded
3,429,398,01-11,+25.0%,+61.22%,0.8061,163,✗ No,budget_exceeded
3,429,405,01-11,+25.0%,+60.04%,0.8002,172,✗ No,budget_exceeded
3,429,413,01-11,+25.0%,+58.11%,0.7905,181,✗ No,budget_exceeded
3,429,421,01-11,+25.0%,+56.93%,0.7847,188,✗ No,budget_exceeded
3,429,429,01-11,+25.0%,+55.10%,0.7755,244,✗ No,budget_exceeded
3,437,319,01-11,+25.0%,+70.52%,0.8526,110,✗ No,budget_exceeded
3,437,327,01-11,+25.0%,+68.96%,0.8448,116,✗ No,budget_exceeded
3,437,335,01-11,+25.0%,+68.22%,0.8411,123,✗ No,budget_exceeded
3,437,343,01-11,+25.0%,+67.66%,0.8383,127,✗ No,budget_exceeded
3,437,350,01-11,+25.0%,+66.91%,0.8345,130,✗ No,budget_exceeded
3,437,358,01-11,+25.0%,+62.38%,0.8119,142,✗ No,budget_exceeded
3,437,366,01-11,+25.0%,+61.85%,0.8093,142,✗ No,budget_exceeded
3,437,374,01-11,+25.0%,+61.48%,0.8074,143,✗ No,budget_exceeded
3,437,382,01-11,+25.0%,+60.88%,0.8044,145,✗ No,budget_exceeded
3,437,390,01-11,+25.0%,+59.85%,0.7993,153,✗ No,budget_exceeded
3,437,398,01-11,+25.0%,+58.76%,0.7938,157,✗ No,budget_exceeded
3,437,406,01-11,+25.0%,+57.72%,0.7886,163,✗ No,budget_exceeded
3,437,413,01-11,+25.0%,+56.65%,0.7832,168,✗ No,budget_exceeded
3,437,421,01-11,+25.0%,+55.35%,0.7768,176,✗ No,budget_exceeded
3,437,429,01-11,+25.0%,+49.49%,0.7475,196,✗ No,budget_exceeded
3,437,437,01-11,+25.0%,+47.33%,0.7366,257,✗ No,budget_exceeded
3,445,319,01-11,+25.0%,+66.79%,0.8339,99,✗ No,budget_exceeded
3,445,326,01-11,+25.0%,+65.62%,0.8281,105,✗ No,budget_exceeded
3,445,334,01-11,+25.0%,+62.43%,0.8121,112,✗ No,budget_exceeded
3,445,341,01-11,+25.0%,+62.04%,0.8102,114,✗ No,budget_exceeded
3,445,349,01-11,+25.0%,+61.34%,0.8067,117,✗ No,budget_exceeded
3,445,356,01-11,+25.0%,+60.48%,0.8024,123,✗ No,budget_exceeded
3,445,363,01-11,+25.0%,+59.51%,0.7975,125,✗ No,budget_exceeded
3,445,371,01-11,+25.0%,+58.63%,0.7932,126,✗ No,budget_exceeded
3,445,378,01-11,+25.0%,+58.13%,0.7906,129,✗ No,budget_exceeded
3,445,386,01-11,+25.0%,+57.21%,0.7860,134,✗ No,budget_exceeded
3,445,393,01-11,+25.0%,+56.77%,0.7838,136,✗ No,budget_exceeded
3,445,401,01-11,+25.0%,+56.22%,0.7811,139,✗ No,budget_exceeded
3,445,408,01-11,+25.0%,+55.08%,0.7754,146,✗ No,budget_exceeded
3,445,415,01-11,+25.0%,+54.28%,0.7714,148,✗ No,budget_exceeded
3,445,423,01-11,+25.0%,+49.08%,0.7454,157,✗ No,budget_exceeded
3,445,430,01-11,+25.0%,+47.23%,0.7361,170,✗ No,budget_exceeded
3,445,438,01-11,+25.0%,+45.62%,0.7281,185,✗ No,budget_exceeded
3,445,445,01-11,+25.0%,+40.91%,0.7046,256,✗ No,budget_exceeded
3,453,319,01-11,+25.0%,+62.23%,0.8112,94,✗ No,budget_exceeded
3,453,326,01-11,+25.0%,+61.56%,0.8078,99,✗ No,budget_exceeded
3,453,334,01-11,+25.0%,+60.93%,0.8046,104,✗ No,budget_exceeded
3,453,341,01-11,+25.0%,+60.54%,0.8027,106,✗ No,budget_exceeded
3,453,349,01-11,+25.0%,+59.85%,0.7992,109,✗ No,budget_exceeded
3,453,356,01-11,+25.0%,+58.16%,0.7908,113,✗ No,budget_exceeded
3,453,364,01-11,+25.0%,+56.77%,0.7839,116,✗ No,budget_exceeded
3,453,371,01-11,+25.0%,+56.43%,0.7822,116,✗ No,budget_exceeded
3,453,379,01-11,+25.0%,+56.05%,0.7802,118,✗ No,budget_exceeded
3,453,386,01-11,+25.0%,+54.88%,0.7744,123,✗ No,budget_exceeded
3,453,393,01-11,+25.0%,+54.47%,0.7724,125,✗ No,budget_exceeded
3,453,401,01-11,+25.0%,+53.93%,0.7697,126,✗ No,budget_exceeded
3,453,408,01-11,+25.0%,+48.88%,0.7444,133,✗ No,budget_exceeded
3,453,416,01-11,+25.0%,+47.74%,0.7387,137,✗ No,budget_exceeded
3,453,423,01-11,+25.0%,+46.30%,0.7315,145,✗ No,budget_exceeded
3,453,431,01-11,+25.0%,+42.57%,0.7129,156,✗ No,budget_exceeded
3,453,438,01-11,+25.0%,+40.84%,0.7042,172,✗ No,budget_exceeded
3,453,446,01-11,+25.0%,+37.05%,0.6853,195,✗ No,budget_exceeded
3,453,453,01-11,+25.0%,+33.88%,0.6694,265,✗ No,budget_exceeded
3,461,319,01-11,+25.0%,+60.55%,0.8027,83,✗ No,budget_exceeded
3,461,326,01-11,+25.0%,+59.75%,0.7988,87,✗ No,budget_exceeded
3,461,334,01-11,+25.0%,+59.12%,0.7956,92,✗ No,budget_exceeded
3,461,341,01-11,+25.0%,+58.30%,0.7915,95,✗ No,budget_exceeded
3,461,349,01-11,+25.0%,+57.46%,0.7873,99,✗ No,budget_exceeded
3,461,356,01-11,+25.0%,+56.23%,0.7812,102,✗ No,budget_exceeded
3,461,364,01-11,+25.0%,+55.00%,0.7750,104,✗ No,budget_exceeded
3,461,371,01-11,+25.0%,+54.69%,0.7734,104,✗ No,budget_exceeded
3,461,379,01-11,+25.0%,+54.17%,0.7708,107,✗ No,budget_exceeded
3,461,386,01-11,+25.0%,+49.07%,0.7453,112,✗ No,budget_exceeded
3,461,394,01-11,+25.0%,+48.70%,0.7435,114,✗ No,budget_exceeded
3,461,401,01-11,+25.0%,+47.48%,0.7374,117,✗ No,budget_exceeded
3,461,409,01-11,+25.0%,+46.57%,0.7328,122,✗ No,budget_exceeded
3,461,416,01-11,+25.0%,+45.75%,0.7288,125,✗ No,budget_exceeded
3,461,424,01-11,+25.0%,+41.37%,0.7068,136,✗ No,budget_exceeded
3,461,431,01-11,+25.0%,+38.01%,0.6900,148,✗ No,budget_exceeded
3,461,439,01-11,+25.0%,+36.65%,0.6833,161,✗ No,budget_exceeded
3,461,446,01-11,+25.0%,+33.55%,0.6677,185,✗ No,budget_exceeded
3,461,454,01-11,+25.0%,+26.27%,0.6314,213,✗ No,budget_exceeded
3,461,461,01-11,+24.7%,+6.95%,0.5347,329,✓ Yes,completed
3,469,319,01-11,+25.0%,+57.41%,0.7871,70,✗ No,budget_exceeded
3,469,326,01-11,+25.0%,+56.62%,0.7831,74,✗ No,budget_exceeded
3,469,334,01-11,+25.0%,+55.82%,0.7791,78,✗ No,budget_exceeded
3,469,341,01-11,+25.0%,+55.35%,0.7767,81,✗ No,budget_exceeded
3,469,349,01-11,+25.0%,+54.65%,0.7732,84,✗ No,budget_exceeded
3,469,356,01-11,+25.0%,+53.45%,0.7672,87,✗ No,budget_exceeded
3,469,364,01-11,+25.0%,+48.14%,0.7407,90,✗ No,budget_exceeded
3,469,371,01-11,+25.0%,+47.37%,0.7369,91,✗ No,budget_exceeded
3,469,379,01-11,+25.0%,+46.73%,0.7336,94,✗ No,budget_exceeded
3,469,386,01-11,+25.0%,+45.88%,0.7294,97,✗ No,budget_exceeded
3,469,394,01-11,+25.0%,+45.55%,0.7277,99,✗ No,budget_exceeded
3,469,401,01-11,+25.0%,+43.47%,0.7173,103,✗ No,budget_exceeded
3,469,409,01-11,+25.0%,+41.11%,0.7055,112,✗ No,budget_exceeded
3,469,416,01-11,+25.0%,+38.28%,0.6914,118,✗ No,budget_exceeded
3,469,424,01-11,+25.0%,+36.30%,0.6815,128,✗ No,budget_exceeded
3,469,431,01-11,+25.0%,+33.33%,0.6666,146,✗ No,budget_exceeded
3,469,439,01-11,+25.0%,+27.23%,0.6362,160,✗ No,budget_exceeded
3,469,446,01-11,+25.0%,+9.92%,0.5496,188,✗ No,budget_exceeded
3,469,454,01-11,+24.1%,+6.87%,0.5343,195,✓ Yes,completed
3,469,461,01-11,+22.4%,+6.59%,0.5329,209,✓ Yes,completed
3,469,469,01-11,+20.5%,+6.16%,0.5308,274,✓ Yes,completed
3,397,319,01-12,+25.0%,+85.52%,0.9276,106,✗ No,budget_exceeded
3,397,327,01-12,+25.0%,+85.07%,0.9254,110,✗ No,budget_exceeded
3,397,335,01-12,+25.0%,+84.23%,0.9212,119,✗ No,budget_exceeded
3,397,342,01-12,+25.0%,+83.64%,0.9182,125,✗ No,budget_exceeded
3,397,350,01-12,+25.0%,+82.60%,0.9130,135,✗ No,budget_exceeded
3,397,358,01-12,+25.0%,+80.60%,0.9030,151,✗ No,budget_exceeded
3,397,366,01-12,+25.0%,+79.47%,0.8973,159,✗ No,budget_exceeded
3,397,374,01-12,+25.0%,+77.86%,0.8893,169,✗ No,budget_exceeded
3,397,381,01-12,+25.0%,+76.52%,0.8826,180,✗ No,budget_exceeded
3,397,389,01-12,+25.0%,+75.30%,0.8765,191,✗ No,budget_exceeded
3,397,397,01-12,+25.0%,+72.85%,0.8643,241,✗ No,budget_exceeded
3,405,319,01-12,+25.0%,+83.14%,0.9157,106,✗ No,budget_exceeded
3,405,327,01-12,+25.0%,+82.58%,0.9129,111,✗ No,budget_exceeded
3,405,335,01-12,+25.0%,+81.01%,0.9050,120,✗ No,budget_exceeded
3,405,342,01-12,+25.0%,+80.38%,0.9019,127,✗ No,budget_exceeded
3,405,350,01-12,+25.0%,+79.57%,0.8979,135,✗ No,budget_exceeded
3,405,358,01-12,+25.0%,+78.17%,0.8909,151,✗ No,budget_exceeded
3,405,366,01-12,+25.0%,+77.36%,0.8868,156,✗ No,budget_exceeded
3,405,374,01-12,+25.0%,+75.90%,0.8795,165,✗ No,budget_exceeded
3,405,382,01-12,+25.0%,+74.67%,0.8734,175,✗ No,budget_exceeded
3,405,389,01-12,+25.0%,+72.47%,0.8624,185,✗ No,budget_exceeded
3,405,397,01-12,+25.0%,+70.67%,0.8534,198,✗ No,budget_exceeded
3,405,405,01-12,+25.0%,+68.25%,0.8413,248,✗ No,budget_exceeded
3,413,319,01-12,+25.0%,+80.12%,0.9006,106,✗ No,budget_exceeded
3,413,327,01-12,+25.0%,+79.60%,0.8980,111,✗ No,budget_exceeded
3,413,335,01-12,+25.0%,+78.89%,0.8944,119,✗ No,budget_exceeded
3,413,342,01-12,+25.0%,+78.14%,0.8907,126,✗ No,budget_exceeded
3,413,350,01-12,+25.0%,+77.28%,0.8864,133,✗ No,budget_exceeded
3,413,358,01-12,+25.0%,+75.61%,0.8781,150,✗ No,budget_exceeded
3,413,366,01-12,+25.0%,+74.99%,0.8750,153,✗ No,budget_exceeded
3,413,374,01-12,+25.0%,+72.91%,0.8646,158,✗ No,budget_exceeded
3,413,382,01-12,+25.0%,+71.36%,0.8568,167,✗ No,budget_exceeded
3,413,389,01-12,+25.0%,+69.41%,0.8470,177,✗ No,budget_exceeded
3,413,397,01-12,+25.0%,+68.19%,0.8410,188,✗ No,budget_exceeded
3,413,405,01-12,+25.0%,+64.90%,0.8245,207,✗ No,budget_exceeded
3,413,413,01-12,+25.0%,+62.21%,0.8110,275,✗ No,budget_exceeded
3,421,319,01-12,+25.0%,+77.18%,0.8859,110,✗ No,budget_exceeded
3,421,327,01-12,+25.0%,+76.72%,0.8836,114,✗ No,budget_exceeded
3,421,335,01-12,+25.0%,+75.92%,0.8796,122,✗ No,budget_exceeded
3,421,343,01-12,+25.0%,+75.42%,0.8771,127,✗ No,budget_exceeded
3,421,350,01-12,+25.0%,+74.65%,0.8732,134,✗ No,budget_exceeded
3,421,358,01-12,+25.0%,+71.86%,0.8593,148,✗ No,budget_exceeded
3,421,366,01-12,+25.0%,+71.04%,0.8552,151,✗ No,budget_exceeded
3,421,374,01-12,+25.0%,+69.34%,0.8467,156,✗ No,budget_exceeded
3,421,382,01-12,+25.0%,+68.05%,0.8402,163,✗ No,budget_exceeded
3,421,390,01-12,+25.0%,+66.40%,0.8320,172,✗ No,budget_exceeded
3,421,397,01-12,+25.0%,+62.99%,0.8150,183,✗ No,budget_exceeded
3,421,405,01-12,+25.0%,+62.00%,0.8100,188,✗ No,budget_exceeded
3,421,413,01-12,+25.0%,+60.20%,0.8010,209,✗ No,budget_exceeded
3,421,421,01-12,+25.0%,+58.17%,0.7908,257,✗ No,budget_exceeded
3,429,319,01-12,+25.0%,+74.17%,0.8708,112,✗ No,budget_exceeded
3,429,327,01-12,+25.0%,+72.49%,0.8625,117,✗ No,budget_exceeded
3,429,335,01-12,+25.0%,+71.78%,0.8589,124,✗ No,budget_exceeded
3,429,343,01-12,+25.0%,+70.94%,0.8547,128,✗ No,budget_exceeded
3,429,350,01-12,+25.0%,+69.18%,0.8459,134,✗ No,budget_exceeded
3,429,358,01-12,+25.0%,+67.16%,0.8358,147,✗ No,budget_exceeded
3,429,366,01-12,+25.0%,+64.75%,0.8237,150,✗ No,budget_exceeded
3,429,374,01-12,+25.0%,+63.06%,0.8153,153,✗ No,budget_exceeded
3,429,382,01-12,+25.0%,+62.43%,0.8121,155,✗ No,budget_exceeded
3,429,390,01-12,+25.0%,+61.81%,0.8091,161,✗ No,budget_exceeded
3,429,398,01-12,+25.0%,+61.18%,0.8059,163,✗ No,budget_exceeded
3,429,405,01-12,+25.0%,+60.00%,0.8000,172,✗ No,budget_exceeded
3,429,413,01-12,+25.0%,+58.06%,0.7903,181,✗ No,budget_exceeded
3,429,421,01-12,+25.0%,+56.89%,0.7844,188,✗ No,budget_exceeded
3,429,429,01-12,+25.0%,+55.05%,0.7752,244,✗ No,budget_exceeded
3,437,319,01-12,+25.0%,+70.17%,0.8508,111,✓ Yes,budget_exceeded
3,437,327,01-12,+25.0%,+68.89%,0.8445,117,✗ No,budget_exceeded
3,437,335,01-12,+25.0%,+68.19%,0.8409,123,✗ No,budget_exceeded
3,437,343,01-12,+25.0%,+67.37%,0.8369,128,✗ No,budget_exceeded
3,437,350,01-12,+25.0%,+66.23%,0.8312,132,✗ No,budget_exceeded
3,437,358,01-12,+25.0%,+62.34%,0.8117,142,✗ No,budget_exceeded
3,437,366,01-12,+25.0%,+61.81%,0.8091,142,✗ No,budget_exceeded
3,437,374,01-12,+25.0%,+61.44%,0.8072,143,✗ No,budget_exceeded
3,437,382,01-12,+25.0%,+60.72%,0.8036,146,✗ No,budget_exceeded
3,437,390,01-12,+25.0%,+59.81%,0.7990,153,✗ No,budget_exceeded
3,437,398,01-12,+25.0%,+58.72%,0.7936,157,✗ No,budget_exceeded
3,437,406,01-12,+25.0%,+57.68%,0.7884,163,✗ No,budget_exceeded
3,437,413,01-12,+25.0%,+56.60%,0.7830,168,✗ No,budget_exceeded
3,437,421,01-12,+25.0%,+55.31%,0.7765,176,✗ No,budget_exceeded
3,437,429,01-12,+25.0%,+49.44%,0.7472,196,✗ No,budget_exceeded
3,437,437,01-12,+25.0%,+47.27%,0.7364,257,✗ No,budget_exceeded
3,445,319,01-12,+25.0%,+66.75%,0.8338,99,✗ No,budget_exceeded
3,445,326,01-12,+25.0%,+65.59%,0.8280,105,✗ No,budget_exceeded
3,445,334,01-12,+25.0%,+62.39%,0.8120,112,✗ No,budget_exceeded
3,445,341,01-12,+25.0%,+62.00%,0.8100,114,✗ No,budget_exceeded
3,445,349,01-12,+25.0%,+61.30%,0.8065,117,✗ No,budget_exceeded
3,445,356,01-12,+25.0%,+60.45%,0.8022,123,✗ No,budget_exceeded
3,445,363,01-12,+25.0%,+59.47%,0.7973,125,✗ No,budget_exceeded
3,445,371,01-12,+25.0%,+58.59%,0.7929,126,✗ No,budget_exceeded
3,445,378,01-12,+25.0%,+58.08%,0.7904,129,✗ No,budget_exceeded
3,445,386,01-12,+25.0%,+57.16%,0.7858,134,✗ No,budget_exceeded
3,445,393,01-12,+25.0%,+56.72%,0.7836,136,✗ No,budget_exceeded
3,445,401,01-12,+25.0%,+56.17%,0.7809,139,✗ No,budget_exceeded
3,445,408,01-12,+25.0%,+55.03%,0.7752,146,✗ No,budget_exceeded
3,445,415,01-12,+25.0%,+54.08%,0.7704,149,✗ No,budget_exceeded
3,445,423,01-12,+25.0%,+49.02%,0.7451,157,✗ No,budget_exceeded
3,445,430,01-12,+25.0%,+47.17%,0.7359,170,✗ No,budget_exceeded
3,445,438,01-12,+25.0%,+45.52%,0.7276,186,✗ No,budget_exceeded
3,445,445,01-12,+25.0%,+40.68%,0.7034,257,✗ No,budget_exceeded
3,453,319,01-12,+25.0%,+62.20%,0.8110,94,✗ No,budget_exceeded
3,453,326,01-12,+25.0%,+61.52%,0.8076,99,✗ No,budget_exceeded
3,453,334,01-12,+25.0%,+60.89%,0.8044,104,✗ No,budget_exceeded
3,453,341,01-12,+25.0%,+60.50%,0.8025,106,✗ No,budget_exceeded
3,453,349,01-12,+25.0%,+59.81%,0.7990,109,✗ No,budget_exceeded
3,453,356,01-12,+25.0%,+58.00%,0.7900,114,✗ No,budget_exceeded
3,453,364,01-12,+25.0%,+56.73%,0.7836,116,✗ No,budget_exceeded
3,453,371,01-12,+25.0%,+56.39%,0.7819,116,✗ No,budget_exceeded
3,453,379,01-12,+25.0%,+56.00%,0.7800,118,✗ No,budget_exceeded
3,453,386,01-12,+25.0%,+54.83%,0.7742,123,✗ No,budget_exceeded
3,453,393,01-12,+25.0%,+54.42%,0.7721,125,✗ No,budget_exceeded
3,453,401,01-12,+25.0%,+53.71%,0.7685,127,✗ No,budget_exceeded
3,453,408,01-12,+25.0%,+48.83%,0.7441,133,✗ No,budget_exceeded
3,453,416,01-12,+25.0%,+47.62%,0.7381,138,✗ No,budget_exceeded
3,453,423,01-12,+25.0%,+46.24%,0.7312,145,✗ No,budget_exceeded
3,453,431,01-12,+25.0%,+42.33%,0.7117,158,✗ No,budget_exceeded
3,453,438,01-12,+25.0%,+38.88%,0.6944,174,✗ No,budget_exceeded
3,453,446,01-12,+25.0%,+36.86%,0.6843,197,✗ No,budget_exceeded
3,453,453,01-12,+25.0%,+33.74%,0.6687,266,✗ No,budget_exceeded
3,461,319,01-12,+25.0%,+60.51%,0.8026,83,✗ No,budget_exceeded
3,461,326,01-12,+25.0%,+59.71%,0.7986,87,✗ No,budget_exceeded
3,461,334,01-12,+25.0%,+59.08%,0.7954,92,✗ No,budget_exceeded
3,461,341,01-12,+25.0%,+58.25%,0.7913,95,✗ No,budget_exceeded
3,461,349,01-12,+25.0%,+57.42%,0.7871,99,✗ No,budget_exceeded
3,461,356,01-12,+25.0%,+56.19%,0.7809,102,✗ No,budget_exceeded
3,461,364,01-12,+25.0%,+54.95%,0.7747,104,✗ No,budget_exceeded
3,461,371,01-12,+25.0%,+54.64%,0.7732,104,✗ No,budget_exceeded
3,461,379,01-12,+25.0%,+54.12%,0.7706,107,✗ No,budget_exceeded
3,461,386,01-12,+25.0%,+49.01%,0.7451,112,✗ No,budget_exceeded
3,461,394,01-12,+25.0%,+48.64%,0.7432,114,✗ No,budget_exceeded
3,461,401,01-12,+25.0%,+47.42%,0.7371,117,✗ No,budget_exceeded
3,461,409,01-12,+25.0%,+46.52%,0.7326,122,✗ No,budget_exceeded
3,461,416,01-12,+25.0%,+45.70%,0.7285,125,✗ No,budget_exceeded
3,461,424,01-12,+25.0%,+41.25%,0.7062,137,✗ No,budget_exceeded
3,461,431,01-12,+25.0%,+37.86%,0.6893,150,✗ No,budget_exceeded
3,461,439,01-12,+25.0%,+36.55%,0.6828,162,✗ No,budget_exceeded
3,461,446,01-12,+25.0%,+33.32%,0.6666,187,✗ No,budget_exceeded
3,461,454,01-12,+25.0%,+25.64%,0.6282,216,✗ No,budget_exceeded
3,461,461,01-12,+24.4%,+6.88%,0.5344,329,✓ Yes,completed
3,469,319,01-12,+25.0%,+57.37%,0.7868,70,✗ No,budget_exceeded
3,469,326,01-12,+25.0%,+56.58%,0.7829,74,✗ No,budget_exceeded
3,469,334,01-12,+25.0%,+55.77%,0.7789,78,✗ No,budget_exceeded
3,469,341,01-12,+25.0%,+55.31%,0.7765,81,✗ No,budget_exceeded
3,469,349,01-12,+25.0%,+54.60%,0.7730,84,✗ No,budget_exceeded
3,469,356,01-12,+25.0%,+53.40%,0.7670,87,✗ No,budget_exceeded
3,469,364,01-12,+25.0%,+47.60%,0.7380,91,✗ No,budget_exceeded
3,469,371,01-12,+25.0%,+47.32%,0.7366,91,✗ No,budget_exceeded
3,469,379,01-12,+25.0%,+46.68%,0.7334,94,✗ No,budget_exceeded
3,469,386,01-12,+25.0%,+45.82%,0.7291,97,✗ No,budget_exceeded
3,469,394,01-12,+25.0%,+45.49%,0.7275,99,✗ No,budget_exceeded
3,469,401,01-12,+25.0%,+42.42%,0.7121,105,✗ No,budget_exceeded
3,469,409,01-12,+25.0%,+40.99%,0.7050,113,✗ No,budget_exceeded
3,469,416,01-12,+25.0%,+38.22%,0.6911,118,✗ No,budget_exceeded
3,469,424,01-12,+25.0%,+36.17%,0.6809,129,✗ No,budget_exceeded
3,469,431,01-12,+25.0%,+33.18%,0.6659,147,✗ No,budget_exceeded
3,469,439,01-12,+25.0%,+25.81%,0.6291,164,✗ No,budget_exceeded
3,469,446,01-12,+24.9%,+6.96%,0.5348,189,✓ Yes,completed
3,469,454,01-12,+23.9%,+6.79%,0.5340,195,✓ Yes,completed
3,469,461,01-12,+22.2%,+6.51%,0.5326,209,✓ Yes,completed
3,469,469,01-12,+20.3%,+6.08%,0.5304,272,✓ Yes,completed
3,397,319,01-13,+25.0%,+85.46%,0.9273,107,✗ No,budget_exceeded
3,397,327,01-13,+25.0%,+84.93%,0.9247,112,✗ No,budget_exceeded
3,397,335,01-13,+25.0%,+84.09%,0.9204,121,✗ No,budget_exceeded
3,397,342,01-13,+25.0%,+83.47%,0.9174,127,✗ No,budget_exceeded
3,397,350,01-13,+25.0%,+81.89%,0.9094,137,✗ No,budget_exceeded
3,397,358,01-13,+25.0%,+80.47%,0.9023,153,✗ No,budget_exceeded
3,397,366,01-13,+25.0%,+79.33%,0.8966,161,✗ No,budget_exceeded
3,397,374,01-13,+25.0%,+77.74%,0.8887,171,✗ No,budget_exceeded
3,397,381,01-13,+25.0%,+76.44%,0.8822,181,✗ No,budget_exceeded
3,397,389,01-13,+25.0%,+75.22%,0.8761,192,✗ No,budget_exceeded
3,397,397,01-13,+25.0%,+72.73%,0.8636,243,✗ No,budget_exceeded
3,405,319,01-13,+25.0%,+82.99%,0.9149,108,✗ No,budget_exceeded
3,405,327,01-13,+25.0%,+81.80%,0.9090,114,✗ No,budget_exceeded
3,405,335,01-13,+25.0%,+80.87%,0.9043,122,✗ No,budget_exceeded
3,405,342,01-13,+25.0%,+80.30%,0.9015,128,✗ No,budget_exceeded
3,405,350,01-13,+25.0%,+79.44%,0.8972,137,✗ No,budget_exceeded
3,405,358,01-13,+25.0%,+78.04%,0.8902,153,✗ No,budget_exceeded
3,405,366,01-13,+25.0%,+77.22%,0.8861,158,✗ No,budget_exceeded
3,405,374,01-13,+25.0%,+75.82%,0.8791,166,✗ No,budget_exceeded
3,405,382,01-13,+25.0%,+74.55%,0.8728,176,✗ No,budget_exceeded
3,405,389,01-13,+25.0%,+71.94%,0.8597,188,✗ No,budget_exceeded
3,405,397,01-13,+25.0%,+69.73%,0.8486,200,✗ No,budget_exceeded
3,405,405,01-13,+25.0%,+68.00%,0.8400,251,✗ No,budget_exceeded
3,413,319,01-13,+25.0%,+79.99%,0.8999,108,✗ No,budget_exceeded
3,413,327,01-13,+25.0%,+79.48%,0.8974,113,✗ No,budget_exceeded
3,413,335,01-13,+25.0%,+78.74%,0.8937,121,✗ No,budget_exceeded
3,413,342,01-13,+25.0%,+78.06%,0.8903,127,✗ No,budget_exceeded
3,413,350,01-13,+25.0%,+77.14%,0.8857,135,✗ No,budget_exceeded
3,413,358,01-13,+25.0%,+75.54%,0.8777,151,✗ No,budget_exceeded
3,413,366,01-13,+25.0%,+74.91%,0.8746,154,✗ No,budget_exceeded
3,413,374,01-13,+25.0%,+72.84%,0.8642,159,✗ No,budget_exceeded
3,413,382,01-13,+25.0%,+71.23%,0.8562,169,✗ No,budget_exceeded
3,413,389,01-13,+25.0%,+69.27%,0.8463,179,✗ No,budget_exceeded
3,413,397,01-13,+25.0%,+67.94%,0.8397,190,✗ No,budget_exceeded
3,413,405,01-13,+25.0%,+63.94%,0.8197,210,✗ No,budget_exceeded
3,413,413,01-13,+25.0%,+62.18%,0.8109,275,✗ No,budget_exceeded
3,421,319,01-13,+25.0%,+77.11%,0.8855,111,✗ No,budget_exceeded
3,421,327,01-13,+25.0%,+76.59%,0.8830,116,✗ No,budget_exceeded
3,421,335,01-13,+25.0%,+75.79%,0.8789,124,✗ No,budget_exceeded
3,421,343,01-13,+25.0%,+75.35%,0.8767,128,✗ No,budget_exceeded
3,421,350,01-13,+25.0%,+74.58%,0.8729,135,✗ No,budget_exceeded
3,421,358,01-13,+25.0%,+71.51%,0.8576,150,✗ No,budget_exceeded
3,421,366,01-13,+25.0%,+70.77%,0.8538,154,✗ No,budget_exceeded
3,421,374,01-13,+25.0%,+69.21%,0.8460,158,✗ No,budget_exceeded
3,421,382,01-13,+25.0%,+67.82%,0.8391,165,✗ No,budget_exceeded
3,421,390,01-13,+25.0%,+65.01%,0.8250,174,✗ No,budget_exceeded
3,421,397,01-13,+25.0%,+62.97%,0.8148,183,✗ No,budget_exceeded
3,421,405,01-13,+25.0%,+61.87%,0.8094,190,✗ No,budget_exceeded
3,421,413,01-13,+25.0%,+60.17%,0.8008,209,✗ No,budget_exceeded
3,421,421,01-13,+25.0%,+58.14%,0.7907,257,✗ No,budget_exceeded
3,429,319,01-13,+25.0%,+73.95%,0.8698,114,✗ No,budget_exceeded
3,429,327,01-13,+25.0%,+72.39%,0.8619,119,✗ No,budget_exceeded
3,429,335,01-13,+25.0%,+71.29%,0.8564,125,✗ No,budget_exceeded
3,429,343,01-13,+25.0%,+70.55%,0.8528,130,✗ No,budget_exceeded
3,429,350,01-13,+25.0%,+69.11%,0.8456,135,✗ No,budget_exceeded
3,429,358,01-13,+25.0%,+66.52%,0.8326,148,✗ No,budget_exceeded
3,429,366,01-13,+25.0%,+63.43%,0.8172,152,✗ No,budget_exceeded
3,429,374,01-13,+25.0%,+63.04%,0.8152,153,✗ No,budget_exceeded
3,429,382,01-13,+25.0%,+62.40%,0.8120,155,✗ No,budget_exceeded
3,429,390,01-13,+25.0%,+61.75%,0.8087,162,✗ No,budget_exceeded
3,429,398,01-13,+25.0%,+61.00%,0.8050,165,✗ No,budget_exceeded
3,429,405,01-13,+25.0%,+59.94%,0.7997,173,✗ No,budget_exceeded
3,429,413,01-13,+25.0%,+58.03%,0.7901,181,✗ No,budget_exceeded
3,429,421,01-13,+25.0%,+56.85%,0.7843,188,✗ No,budget_exceeded
3,429,429,01-13,+25.0%,+55.01%,0.7751,244,✗ No,budget_exceeded
3,437,319,01-13,+25.0%,+69.30%,0.8465,113,✗ No,budget_exceeded
3,437,327,01-13,+25.0%,+68.63%,0.8431,118,✗ No,budget_exceeded
3,437,335,01-13,+25.0%,+67.99%,0.8400,124,✗ No,budget_exceeded
3,437,343,01-13,+25.0%,+67.35%,0.8368,128,✗ No,budget_exceeded
3,437,350,01-13,+25.0%,+66.21%,0.8310,132,✗ No,budget_exceeded
3,437,358,01-13,+25.0%,+62.31%,0.8116,142,✗ No,budget_exceeded
3,437,366,01-13,+25.0%,+61.79%,0.8089,142,✗ No,budget_exceeded
3,437,374,01-13,+25.0%,+61.41%,0.8071,143,✗ No,budget_exceeded
3,437,382,01-13,+25.0%,+60.70%,0.8035,146,✗ No,budget_exceeded
3,437,390,01-13,+25.0%,+59.25%,0.7962,154,✗ No,budget_exceeded
3,437,398,01-13,+25.0%,+58.57%,0.7928,158,✗ No,budget_exceeded
3,437,406,01-13,+25.0%,+57.64%,0.7882,163,✗ No,budget_exceeded
3,437,413,01-13,+25.0%,+56.57%,0.7829,168,✗ No,budget_exceeded
3,437,421,01-13,+25.0%,+55.27%,0.7763,176,✗ No,budget_exceeded
3,437,429,01-13,+25.0%,+49.40%,0.7470,196,✗ No,budget_exceeded
3,437,437,01-13,+25.0%,+47.23%,0.7362,257,✗ No,budget_exceeded
3,445,319,01-13,+25.0%,+66.73%,0.8337,99,✗ No,budget_exceeded
3,445,326,01-13,+25.0%,+64.31%,0.8215,106,✗ No,budget_exceeded
3,445,334,01-13,+25.0%,+62.36%,0.8118,112,✗ No,budget_exceeded
3,445,341,01-13,+25.0%,+61.97%,0.8099,114,✗ No,budget_exceeded
3,445,349,01-13,+25.0%,+61.28%,0.8064,117,✗ No,budget_exceeded
3,445,356,01-13,+25.0%,+60.42%,0.8021,123,✗ No,budget_exceeded
3,445,363,01-13,+25.0%,+58.92%,0.7946,126,✗ No,budget_exceeded
3,445,371,01-13,+25.0%,+58.47%,0.7924,127,✗ No,budget_exceeded
3,445,378,01-13,+25.0%,+58.05%,0.7903,129,✗ No,budget_exceeded
3,445,386,01-13,+25.0%,+57.12%,0.7856,134,✗ No,budget_exceeded
3,445,393,01-13,+25.0%,+56.69%,0.7834,136,✗ No,budget_exceeded
3,445,401,01-13,+25.0%,+56.14%,0.7807,139,✗ No,budget_exceeded
3,445,408,01-13,+25.0%,+54.99%,0.7750,146,✗ No,budget_exceeded
3,445,415,01-13,+25.0%,+54.04%,0.7702,149,✗ No,budget_exceeded
3,445,423,01-13,+25.0%,+48.99%,0.7449,157,✗ No,budget_exceeded
3,445,430,01-13,+25.0%,+47.13%,0.7357,170,✗ No,budget_exceeded
3,445,438,01-13,+25.0%,+43.05%,0.7153,190,✗ No,budget_exceeded
3,445,445,01-13,+25.0%,+38.85%,0.6943,260,✗ No,budget_exceeded
3,453,319,01-13,+25.0%,+62.17%,0.8108,94,✗ No,budget_exceeded
3,453,326,01-13,+25.0%,+61.49%,0.8075,99,✗ No,budget_exceeded
3,453,334,01-13,+25.0%,+60.86%,0.8043,104,✗ No,budget_exceeded
3,453,341,01-13,+25.0%,+60.47%,0.8024,106,✗ No,budget_exceeded
3,453,349,01-13,+25.0%,+59.77%,0.7989,109,✗ No,budget_exceeded
3,453,356,01-13,+25.0%,+57.97%,0.7898,114,✗ No,budget_exceeded
3,453,364,01-13,+25.0%,+56.69%,0.7835,116,✗ No,budget_exceeded
3,453,371,01-13,+25.0%,+56.36%,0.7818,116,✗ No,budget_exceeded
3,453,379,01-13,+25.0%,+55.97%,0.7799,118,✗ No,budget_exceeded
3,453,386,01-13,+25.0%,+54.80%,0.7740,123,✗ No,budget_exceeded
3,453,393,01-13,+25.0%,+54.39%,0.7720,125,✗ No,budget_exceeded
3,453,401,01-13,+25.0%,+49.64%,0.7482,128,✗ No,budget_exceeded
3,453,408,01-13,+25.0%,+48.36%,0.7418,134,✗ No,budget_exceeded
3,453,416,01-13,+25.0%,+47.58%,0.7379,138,✗ No,budget_exceeded
3,453,423,01-13,+25.0%,+46.13%,0.7307,146,✗ No,budget_exceeded
3,453,431,01-13,+25.0%,+42.05%,0.7102,160,✗ No,budget_exceeded
3,453,438,01-13,+25.0%,+38.78%,0.6939,175,✗ No,budget_exceeded
3,453,446,01-13,+25.0%,+36.78%,0.6839,198,✗ No,budget_exceeded
3,453,453,01-13,+25.0%,+33.55%,0.6677,267,✗ No,budget_exceeded
3,461,319,01-13,+25.0%,+60.48%,0.8024,83,✗ No,budget_exceeded
3,461,326,01-13,+25.0%,+59.68%,0.7984,87,✗ No,budget_exceeded
3,461,334,01-13,+25.0%,+58.60%,0.7930,93,✗ No,budget_exceeded
3,461,341,01-13,+25.0%,+58.22%,0.7911,95,✗ No,budget_exceeded
3,461,349,01-13,+25.0%,+57.38%,0.7869,99,✗ No,budget_exceeded
3,461,356,01-13,+25.0%,+56.15%,0.7808,102,✗ No,budget_exceeded
3,461,364,01-13,+25.0%,+54.91%,0.7746,104,✗ No,budget_exceeded
3,461,371,01-13,+25.0%,+54.60%,0.7730,104,✗ No,budget_exceeded
3,461,379,01-13,+25.0%,+54.09%,0.7705,107,✗ No,budget_exceeded
3,461,386,01-13,+25.0%,+48.97%,0.7449,112,✗ No,budget_exceeded
3,461,394,01-13,+25.0%,+48.11%,0.7406,115,✗ No,budget_exceeded
3,461,401,01-13,+25.0%,+47.38%,0.7369,117,✗ No,budget_exceeded
3,461,409,01-13,+25.0%,+46.48%,0.7324,122,✗ No,budget_exceeded
3,461,416,01-13,+25.0%,+45.66%,0.7283,125,✗ No,budget_exceeded
3,461,424,01-13,+25.0%,+41.20%,0.7060,137,✗ No,budget_exceeded
3,461,431,01-13,+25.0%,+37.75%,0.6888,151,✗ No,budget_exceeded
3,461,439,01-13,+25.0%,+36.44%,0.6822,163,✗ No,budget_exceeded
3,461,446,01-13,+25.0%,+32.06%,0.6603,191,✗ No,budget_exceeded
3,461,454,01-13,+25.0%,+25.32%,0.6266,217,✗ No,budget_exceeded
3,461,461,01-13,+24.2%,+6.83%,0.5342,327,✓ Yes,completed
3,469,319,01-13,+25.0%,+56.72%,0.7836,70,✗ No,budget_exceeded
3,469,326,01-13,+25.0%,+55.93%,0.7796,74,✗ No,budget_exceeded
3,469,334,01-13,+25.0%,+55.14%,0.7757,78,✗ No,budget_exceeded
3,469,341,01-13,+25.0%,+54.67%,0.7733,81,✗ No,budget_exceeded
3,469,349,01-13,+25.0%,+54.23%,0.7712,83,✗ No,budget_exceeded
3,469,356,01-13,+25.0%,+48.97%,0.7448,87,✗ No,budget_exceeded
3,469,364,01-13,+25.0%,+47.45%,0.7372,90,✗ No,budget_exceeded
3,469,371,01-13,+25.0%,+47.17%,0.7359,90,✗ No,budget_exceeded
3,469,379,01-13,+25.0%,+46.54%,0.7327,93,✗ No,budget_exceeded
3,469,386,01-13,+25.0%,+45.69%,0.7284,96,✗ No,budget_exceeded
3,469,394,01-13,+25.0%,+44.98%,0.7249,99,✗ No,budget_exceeded
3,469,401,01-13,+25.0%,+42.22%,0.7111,105,✗ No,budget_exceeded
3,469,409,01-13,+25.0%,+40.86%,0.7043,112,✗ No,budget_exceeded
3,469,416,01-13,+25.0%,+38.05%,0.6903,118,✗ No,budget_exceeded
3,469,424,01-13,+25.0%,+35.92%,0.6796,130,✗ No,budget_exceeded
3,469,431,01-13,+25.0%,+30.45%,0.6523,149,✗ No,budget_exceeded
3,469,439,01-13,+25.0%,+25.51%,0.6276,165,✗ No,budget_exceeded
3,469,446,01-13,+24.7%,+6.91%,0.5346,188,✓ Yes,completed
3,469,454,01-13,+23.7%,+6.75%,0.5337,193,✓ Yes,completed
3,469,461,01-13,+22.0%,+6.47%,0.5323,207,✓ Yes,completed
3,469,469,01-13,+20.1%,+6.04%,0.5302,270,✓ Yes,completed
3,397,319,01-14,+25.0%,+85.12%,0.9256,110,✗ No,budget_exceeded
3,397,327,01-14,+25.0%,+84.58%,0.9229,115,✗ No,budget_exceeded
3,397,335,01-14,+25.0%,+83.72%,0.9186,124,✗ No,budget_exceeded
3,397,342,01-14,+25.0%,+83.11%,0.9155,130,✗ No,budget_exceeded
3,397,350,01-14,+25.0%,+81.40%,0.9070,139,✗ No,budget_exceeded
3,397,358,01-14,+25.0%,+80.44%,0.9022,152,✗ No,budget_exceeded
3,397,366,01-14,+25.0%,+79.31%,0.8966,160,✗ No,budget_exceeded
3,397,374,01-14,+25.0%,+77.74%,0.8887,170,✗ No,budget_exceeded
3,397,381,01-14,+25.0%,+76.46%,0.8823,180,✗ No,budget_exceeded
3,397,389,01-14,+25.0%,+75.25%,0.8762,191,✗ No,budget_exceeded
3,397,397,01-14,+25.0%,+72.76%,0.8638,242,✗ No,budget_exceeded
3,405,319,01-14,+25.0%,+81.97%,0.9099,112,✗ No,budget_exceeded
3,405,327,01-14,+25.0%,+81.24%,0.9062,117,✗ No,budget_exceeded
3,405,335,01-14,+25.0%,+80.51%,0.9026,125,✗ No,budget_exceeded
3,405,342,01-14,+25.0%,+79.94%,0.8997,131,✗ No,budget_exceeded
3,405,350,01-14,+25.0%,+79.21%,0.8961,138,✗ No,budget_exceeded
3,405,358,01-14,+25.0%,+78.09%,0.8904,153,✗ No,budget_exceeded
3,405,366,01-14,+25.0%,+77.26%,0.8863,158,✗ No,budget_exceeded
3,405,374,01-14,+25.0%,+75.87%,0.8793,166,✗ No,budget_exceeded
3,405,382,01-14,+25.0%,+74.60%,0.8730,176,✗ No,budget_exceeded
3,405,389,01-14,+25.0%,+72.06%,0.8603,187,✗ No,budget_exceeded
3,405,397,01-14,+25.0%,+69.85%,0.8492,199,✗ No,budget_exceeded
3,405,405,01-14,+25.0%,+68.12%,0.8406,250,✗ No,budget_exceeded
3,413,319,01-14,+25.0%,+79.63%,0.8982,111,✗ No,budget_exceeded
3,413,327,01-14,+25.0%,+79.11%,0.8955,116,✗ No,budget_exceeded
3,413,335,01-14,+25.0%,+78.36%,0.8918,124,✗ No,budget_exceeded
3,413,342,01-14,+25.0%,+77.72%,0.8886,130,✗ No,budget_exceeded
3,413,350,01-14,+25.0%,+76.92%,0.8846,136,✗ No,budget_exceeded
3,413,358,01-14,+25.0%,+75.59%,0.8779,151,✗ No,budget_exceeded
3,413,366,01-14,+25.0%,+74.96%,0.8748,154,✗ No,budget_exceeded
3,413,374,01-14,+25.0%,+72.90%,0.8645,159,✗ No,budget_exceeded
3,413,382,01-14,+25.0%,+71.20%,0.8560,169,✗ No,budget_exceeded
3,413,389,01-14,+25.0%,+69.25%,0.8463,180,✗ No,budget_exceeded
3,413,397,01-14,+25.0%,+68.06%,0.8403,189,✗ No,budget_exceeded
3,413,405,01-14,+25.0%,+63.82%,0.8191,211,✗ No,budget_exceeded
3,413,413,01-14,+25.0%,+62.26%,0.8113,275,✗ No,budget_exceeded
3,421,319,01-14,+25.0%,+76.74%,0.8837,114,✗ No,budget_exceeded
3,421,327,01-14,+25.0%,+76.21%,0.8811,119,✗ No,budget_exceeded
3,421,335,01-14,+25.0%,+75.43%,0.8772,127,✗ No,budget_exceeded
3,421,343,01-14,+25.0%,+74.98%,0.8749,131,✗ No,budget_exceeded
3,421,350,01-14,+25.0%,+73.15%,0.8658,137,✗ No,budget_exceeded
3,421,358,01-14,+25.0%,+71.56%,0.8578,150,✗ No,budget_exceeded
3,421,366,01-14,+25.0%,+70.00%,0.8500,154,✗ No,budget_exceeded
3,421,374,01-14,+25.0%,+69.18%,0.8459,158,✗ No,budget_exceeded
3,421,382,01-14,+25.0%,+67.90%,0.8395,165,✗ No,budget_exceeded
3,421,390,01-14,+25.0%,+65.06%,0.8253,174,✗ No,budget_exceeded
3,421,397,01-14,+25.0%,+63.08%,0.8154,182,✗ No,budget_exceeded
3,421,405,01-14,+25.0%,+61.99%,0.8100,189,✗ No,budget_exceeded
3,421,413,01-14,+25.0%,+60.29%,0.8014,208,✗ No,budget_exceeded
3,421,421,01-14,+25.0%,+58.28%,0.7914,255,✗ No,budget_exceeded
3,429,319,01-14,+25.0%,+72.51%,0.8626,116,✗ No,budget_exceeded
3,429,327,01-14,+25.0%,+71.40%,0.8570,121,✗ No,budget_exceeded
3,429,335,01-14,+25.0%,+69.76%,0.8488,129,✗ No,budget_exceeded
3,429,343,01-14,+25.0%,+69.33%,0.8467,133,✗ No,budget_exceeded
3,429,350,01-14,+25.0%,+68.71%,0.8435,136,✗ No,budget_exceeded
3,429,358,01-14,+25.0%,+66.62%,0.8331,147,✗ No,budget_exceeded
3,429,366,01-14,+25.0%,+63.53%,0.8177,151,✗ No,budget_exceeded
3,429,374,01-14,+25.0%,+63.14%,0.8157,152,✗ No,budget_exceeded
3,429,382,01-14,+25.0%,+62.51%,0.8126,154,✗ No,budget_exceeded
3,429,390,01-14,+25.0%,+61.86%,0.8093,161,✗ No,budget_exceeded
3,429,398,01-14,+25.0%,+61.12%,0.8056,164,✗ No,budget_exceeded
3,429,405,01-14,+25.0%,+59.53%,0.7976,173,✗ No,budget_exceeded
3,429,413,01-14,+25.0%,+58.15%,0.7908,180,✗ No,budget_exceeded
3,429,421,01-14,+25.0%,+57.00%,0.7850,187,✗ No,budget_exceeded
3,429,429,01-14,+25.0%,+55.17%,0.7759,243,✗ No,budget_exceeded
3,437,319,01-14,+25.0%,+68.74%,0.8437,115,✗ No,budget_exceeded
3,437,327,01-14,+25.0%,+68.18%,0.8409,119,✗ No,budget_exceeded
3,437,335,01-14,+25.0%,+67.46%,0.8373,125,✗ No,budget_exceeded
3,437,343,01-14,+25.0%,+66.46%,0.8323,129,✗ No,budget_exceeded
3,437,350,01-14,+25.0%,+64.83%,0.8242,133,✗ No,budget_exceeded
3,437,358,01-14,+25.0%,+62.41%,0.8120,141,✗ No,budget_exceeded
3,437,366,01-14,+25.0%,+61.89%,0.8094,141,✗ No,budget_exceeded
3,437,374,01-14,+25.0%,+61.52%,0.8076,142,✗ No,budget_exceeded
3,437,382,01-14,+25.0%,+60.76%,0.8038,146,✗ No,budget_exceeded
3,437,390,01-14,+25.0%,+59.36%,0.7968,153,✗ No,budget_exceeded
3,437,398,01-14,+25.0%,+58.68%,0.7934,157,✗ No,budget_exceeded
3,437,406,01-14,+25.0%,+57.76%,0.7888,162,✗ No,budget_exceeded
3,437,413,01-14,+25.0%,+56.69%,0.7835,167,✗ No,budget_exceeded
3,437,421,01-14,+25.0%,+55.42%,0.7771,175,✗ No,budget_exceeded
3,437,429,01-14,+25.0%,+49.56%,0.7478,195,✗ No,budget_exceeded
3,437,437,01-14,+25.0%,+47.40%,0.7370,256,✗ No,budget_exceeded
3,445,319,01-14,+25.0%,+65.94%,0.8297,100,✗ No,budget_exceeded
3,445,326,01-14,+25.0%,+62.71%,0.8135,107,✗ No,budget_exceeded
3,445,334,01-14,+25.0%,+62.07%,0.8103,112,✗ No,budget_exceeded
3,445,341,01-14,+25.0%,+61.68%,0.8084,114,✗ No,budget_exceeded
3,445,349,01-14,+25.0%,+61.16%,0.8058,116,✗ No,budget_exceeded
3,445,356,01-14,+25.0%,+60.31%,0.8015,122,✗ No,budget_exceeded
3,445,363,01-14,+25.0%,+59.02%,0.7951,125,✗ No,budget_exceeded
3,445,371,01-14,+25.0%,+58.58%,0.7929,126,✗ No,budget_exceeded
3,445,378,01-14,+25.0%,+58.15%,0.7908,128,✗ No,budget_exceeded
3,445,386,01-14,+25.0%,+57.23%,0.7862,133,✗ No,budget_exceeded
3,445,393,01-14,+25.0%,+56.80%,0.7840,135,✗ No,budget_exceeded
3,445,401,01-14,+25.0%,+56.26%,0.7813,138,✗ No,budget_exceeded
3,445,408,01-14,+25.0%,+55.11%,0.7756,145,✗ No,budget_exceeded
3,445,415,01-14,+25.0%,+50.13%,0.7506,149,✗ No,budget_exceeded
3,445,423,01-14,+25.0%,+48.69%,0.7435,157,✗ No,budget_exceeded
3,445,430,01-14,+25.0%,+47.30%,0.7365,169,✗ No,budget_exceeded
3,445,438,01-14,+25.0%,+43.22%,0.7161,189,✗ No,budget_exceeded
3,445,445,01-14,+25.0%,+39.02%,0.6951,259,✗ No,budget_exceeded
3,453,319,01-14,+25.0%,+61.86%,0.8093,94,✗ No,budget_exceeded
3,453,326,01-14,+25.0%,+61.19%,0.8059,99,✗ No,budget_exceeded
3,453,334,01-14,+25.0%,+60.55%,0.8028,104,✗ No,budget_exceeded
3,453,341,01-14,+25.0%,+60.16%,0.8008,106,✗ No,budget_exceeded
3,453,349,01-14,+25.0%,+59.66%,0.7983,108,✗ No,budget_exceeded
3,453,356,01-14,+25.0%,+57.85%,0.7892,113,✗ No,budget_exceeded
3,453,364,01-14,+25.0%,+56.79%,0.7839,115,✗ No,budget_exceeded
3,453,371,01-14,+25.0%,+56.46%,0.7823,115,✗ No,budget_exceeded
3,453,379,01-14,+25.0%,+56.08%,0.7804,117,✗ No,budget_exceeded
3,453,386,01-14,+25.0%,+54.90%,0.7745,122,✗ No,budget_exceeded
3,453,393,01-14,+25.0%,+54.50%,0.7725,124,✗ No,budget_exceeded
3,453,401,01-14,+25.0%,+49.75%,0.7487,127,✗ No,budget_exceeded
3,453,408,01-14,+25.0%,+48.48%,0.7424,133,✗ No,budget_exceeded
3,453,416,01-14,+25.0%,+47.70%,0.7385,137,✗ No,budget_exceeded
3,453,423,01-14,+25.0%,+46.28%,0.7314,145,✗ No,budget_exceeded
3,453,431,01-14,+25.0%,+42.21%,0.7110,159,✗ No,budget_exceeded
3,453,438,01-14,+25.0%,+38.94%,0.6947,174,✗ No,budget_exceeded
3,453,446,01-14,+25.0%,+36.95%,0.6847,197,✗ No,budget_exceeded
3,453,453,01-14,+25.0%,+33.72%,0.6686,266,✗ No,budget_exceeded
3,461,319,01-14,+25.0%,+60.10%,0.8005,83,✗ No,budget_exceeded
3,461,326,01-14,+25.0%,+58.84%,0.7942,88,✗ No,budget_exceeded
3,461,334,01-14,+25.0%,+58.21%,0.7910,93,✗ No,budget_exceeded
3,461,341,01-14,+25.0%,+57.72%,0.7886,96,✗ No,budget_exceeded
3,461,349,01-14,+25.0%,+57.26%,0.7863,98,✗ No,budget_exceeded
3,461,356,01-14,+25.0%,+56.04%,0.7802,101,✗ No,budget_exceeded
3,461,364,01-14,+25.0%,+55.01%,0.7750,103,✗ No,budget_exceeded
3,461,371,01-14,+25.0%,+54.70%,0.7735,103,✗ No,budget_exceeded
3,461,379,01-14,+25.0%,+54.19%,0.7710,106,✗ No,budget_exceeded
3,461,386,01-14,+25.0%,+49.08%,0.7454,111,✗ No,budget_exceeded
3,461,394,01-14,+25.0%,+48.22%,0.7411,114,✗ No,budget_exceeded
3,461,401,01-14,+25.0%,+47.49%,0.7374,116,✗ No,budget_exceeded
3,461,409,01-14,+25.0%,+46.59%,0.7329,121,✗ No,budget_exceeded
3,461,416,01-14,+25.0%,+45.77%,0.7289,124,✗ No,budget_exceeded
3,461,424,01-14,+25.0%,+41.35%,0.7067,136,✗ No,budget_exceeded
3,461,431,01-14,+25.0%,+37.91%,0.6895,150,✗ No,budget_exceeded
3,461,439,01-14,+25.0%,+36.53%,0.6827,163,✗ No,budget_exceeded
3,461,446,01-14,+25.0%,+32.22%,0.6611,190,✗ No,budget_exceeded
3,461,454,01-14,+25.0%,+25.38%,0.6269,217,✗ No,budget_exceeded
3,461,461,01-14,+24.2%,+6.81%,0.5341,326,✓ Yes,completed
3,469,319,01-14,+25.0%,+56.93%,0.7846,70,✗ No,budget_exceeded
3,469,326,01-14,+25.0%,+56.13%,0.7807,74,✗ No,budget_exceeded
3,469,334,01-14,+25.0%,+55.34%,0.7767,78,✗ No,budget_exceeded
3,469,341,01-14,+25.0%,+54.87%,0.7743,81,✗ No,budget_exceeded
3,469,349,01-14,+25.0%,+54.44%,0.7722,83,✗ No,budget_exceeded
3,469,356,01-14,+25.0%,+49.17%,0.7458,87,✗ No,budget_exceeded
3,469,364,01-14,+25.0%,+47.65%,0.7382,90,✗ No,budget_exceeded
3,469,371,01-14,+25.0%,+47.37%,0.7368,90,✗ No,budget_exceeded
3,469,379,01-14,+25.0%,+46.73%,0.7337,93,✗ No,budget_exceeded
3,469,386,01-14,+25.0%,+45.89%,0.7294,96,✗ No,budget_exceeded
3,469,394,01-14,+25.0%,+45.18%,0.7259,99,✗ No,budget_exceeded
3,469,401,01-14,+25.0%,+42.42%,0.7121,105,✗ No,budget_exceeded
3,469,409,01-14,+25.0%,+41.06%,0.7053,112,✗ No,budget_exceeded
3,469,416,01-14,+25.0%,+38.25%,0.6912,118,✗ No,budget_exceeded
3,469,424,01-14,+25.0%,+36.12%,0.6806,130,✗ No,budget_exceeded
3,469,431,01-14,+25.0%,+30.64%,0.6532,149,✗ No,budget_exceeded
3,469,439,01-14,+25.0%,+25.70%,0.6285,165,✗ No,budget_exceeded
3,469,446,01-14,+24.7%,+6.90%,0.5345,188,✓ Yes,completed
3,469,454,01-14,+23.7%,+6.74%,0.5337,193,✓ Yes,completed
3,469,461,01-14,+22.0%,+6.43%,0.5321,207,✓ Yes,completed
3,469,469,01-14,+20.1%,+6.03%,0.5301,270,✓ Yes,completed
3,397,319,01-15,+25.0%,+85.26%,0.9263,110,✗ No,budget_exceeded
3,397,327,01-15,+25.0%,+84.64%,0.9232,116,✗ No,budget_exceeded
3,397,335,01-15,+25.0%,+83.85%,0.9193,124,✗ No,budget_exceeded
3,397,342,01-15,+25.0%,+83.17%,0.9158,131,✗ No,budget_exceeded
3,397,350,01-15,+25.0%,+81.53%,0.9077,139,✗ No,budget_exceeded
3,397,358,01-15,+25.0%,+80.51%,0.9025,153,✗ No,budget_exceeded
3,397,366,01-15,+25.0%,+79.45%,0.8972,160,✗ No,budget_exceeded
3,397,374,01-15,+25.0%,+77.88%,0.8894,170,✗ No,budget_exceeded
3,397,381,01-15,+25.0%,+76.53%,0.8827,181,✗ No,budget_exceeded
3,397,389,01-15,+25.0%,+75.32%,0.8766,192,✗ No,budget_exceeded
3,397,397,01-15,+25.0%,+72.73%,0.8636,243,✗ No,budget_exceeded
3,405,319,01-15,+25.0%,+82.13%,0.9107,112,✗ No,budget_exceeded
3,405,327,01-15,+25.0%,+81.40%,0.9070,117,✗ No,budget_exceeded
3,405,335,01-15,+25.0%,+80.67%,0.9034,125,✗ No,budget_exceeded
3,405,342,01-15,+25.0%,+80.10%,0.9005,131,✗ No,budget_exceeded
3,405,350,01-15,+25.0%,+79.37%,0.8969,138,✗ No,budget_exceeded
3,405,358,01-15,+25.0%,+78.25%,0.8912,153,✗ No,budget_exceeded
3,405,366,01-15,+25.0%,+77.42%,0.8871,158,✗ No,budget_exceeded
3,405,374,01-15,+25.0%,+76.03%,0.8801,166,✗ No,budget_exceeded
3,405,382,01-15,+25.0%,+73.78%,0.8689,177,✗ No,budget_exceeded
3,405,389,01-15,+25.0%,+72.22%,0.8611,187,✗ No,budget_exceeded
3,405,397,01-15,+25.0%,+69.95%,0.8497,200,✗ No,budget_exceeded
3,405,405,01-15,+25.0%,+68.28%,0.8414,250,✗ No,budget_exceeded
3,413,319,01-15,+25.0%,+79.79%,0.8990,111,✗ No,budget_exceeded
3,413,327,01-15,+25.0%,+79.27%,0.8963,116,✗ No,budget_exceeded
3,413,335,01-15,+25.0%,+78.52%,0.8926,124,✗ No,budget_exceeded
3,413,342,01-15,+25.0%,+77.88%,0.8894,130,✗ No,budget_exceeded
3,413,350,01-15,+25.0%,+77.08%,0.8854,136,✗ No,budget_exceeded
3,413,358,01-15,+25.0%,+75.75%,0.8787,151,✗ No,budget_exceeded
3,413,366,01-15,+25.0%,+75.12%,0.8756,154,✗ No,budget_exceeded
3,413,374,01-15,+25.0%,+73.06%,0.8653,159,✗ No,budget_exceeded
3,413,382,01-15,+25.0%,+71.36%,0.8568,169,✗ No,budget_exceeded
3,413,389,01-15,+25.0%,+69.41%,0.8471,180,✗ No,budget_exceeded
3,413,397,01-15,+25.0%,+68.18%,0.8409,190,✗ No,budget_exceeded
3,413,405,01-15,+25.0%,+63.94%,0.8197,212,✗ No,budget_exceeded
3,413,413,01-15,+25.0%,+62.42%,0.8121,275,✗ No,budget_exceeded
3,421,319,01-15,+25.0%,+76.90%,0.8845,114,✗ No,budget_exceeded
3,421,327,01-15,+25.0%,+76.37%,0.8819,119,✗ No,budget_exceeded
3,421,335,01-15,+25.0%,+75.59%,0.8780,127,✗ No,budget_exceeded
3,421,343,01-15,+25.0%,+75.15%,0.8757,131,✗ No,budget_exceeded
3,421,350,01-15,+25.0%,+73.31%,0.8666,137,✗ No,budget_exceeded
3,421,358,01-15,+25.0%,+71.72%,0.8586,150,✗ No,budget_exceeded
3,421,366,01-15,+25.0%,+70.17%,0.8508,154,✗ No,budget_exceeded
3,421,374,01-15,+25.0%,+69.34%,0.8467,158,✗ No,budget_exceeded
3,421,382,01-15,+25.0%,+68.06%,0.8403,165,✗ No,budget_exceeded
3,421,390,01-15,+25.0%,+64.32%,0.8216,175,✗ No,budget_exceeded
3,421,397,01-15,+25.0%,+63.24%,0.8162,182,✗ No,budget_exceeded
3,421,405,01-15,+25.0%,+62.15%,0.8108,189,✗ No,budget_exceeded
3,421,413,01-15,+25.0%,+60.43%,0.8022,208,✗ No,budget_exceeded
3,421,421,01-15,+25.0%,+58.47%,0.7923,253,✗ No,budget_exceeded
3,429,319,01-15,+25.0%,+72.72%,0.8636,116,✗ No,budget_exceeded
3,429,327,01-15,+25.0%,+71.61%,0.8580,121,✗ No,budget_exceeded
3,429,335,01-15,+25.0%,+69.97%,0.8499,129,✗ No,budget_exceeded
3,429,343,01-15,+25.0%,+69.54%,0.8477,133,✗ No,budget_exceeded
3,429,350,01-15,+25.0%,+68.92%,0.8446,136,✗ No,budget_exceeded
3,429,358,01-15,+25.0%,+66.83%,0.8341,147,✗ No,budget_exceeded
3,429,366,01-15,+25.0%,+63.74%,0.8187,151,✗ No,budget_exceeded
3,429,374,01-15,+25.0%,+63.35%,0.8167,152,✗ No,budget_exceeded
3,429,382,01-15,+25.0%,+62.72%,0.8136,154,✗ No,budget_exceeded
3,429,390,01-15,+25.0%,+62.07%,0.8103,161,✗ No,budget_exceeded
3,429,398,01-15,+25.0%,+61.32%,0.8066,164,✗ No,budget_exceeded
3,429,405,01-15,+25.0%,+59.74%,0.7987,173,✗ No,budget_exceeded
3,429,413,01-15,+25.0%,+58.36%,0.7918,180,✗ No,budget_exceeded
3,429,421,01-15,+25.0%,+57.21%,0.7861,187,✗ No,budget_exceeded
3,429,429,01-15,+25.0%,+55.38%,0.7769,243,✗ No,budget_exceeded
3,437,319,01-15,+25.0%,+68.95%,0.8448,115,✗ No,budget_exceeded
3,437,327,01-15,+25.0%,+68.39%,0.8420,119,✗ No,budget_exceeded
3,437,335,01-15,+25.0%,+67.67%,0.8384,125,✗ No,budget_exceeded
3,437,343,01-15,+25.0%,+66.67%,0.8334,129,✗ No,budget_exceeded
3,437,350,01-15,+25.0%,+65.04%,0.8252,133,✗ No,budget_exceeded
3,437,358,01-15,+25.0%,+62.62%,0.8131,141,✗ No,budget_exceeded
3,437,366,01-15,+25.0%,+62.09%,0.8105,141,✗ No,budget_exceeded
3,437,374,01-15,+25.0%,+61.73%,0.8086,142,✗ No,budget_exceeded
3,437,382,01-15,+25.0%,+60.97%,0.8048,146,✗ No,budget_exceeded
3,437,390,01-15,+25.0%,+59.57%,0.7978,153,✗ No,budget_exceeded
3,437,398,01-15,+25.0%,+58.89%,0.7944,157,✗ No,budget_exceeded
3,437,406,01-15,+25.0%,+57.97%,0.7898,162,✗ No,budget_exceeded
3,437,413,01-15,+25.0%,+56.90%,0.7845,167,✗ No,budget_exceeded
3,437,421,01-15,+25.0%,+55.63%,0.7781,175,✗ No,budget_exceeded
3,437,429,01-15,+25.0%,+49.77%,0.7488,195,✗ No,budget_exceeded
3,437,437,01-15,+25.0%,+47.61%,0.7380,256,✗ No,budget_exceeded
3,445,319,01-15,+25.0%,+66.15%,0.8308,100,✗ No,budget_exceeded
3,445,326,01-15,+25.0%,+62.91%,0.8146,107,✗ No,budget_exceeded
3,445,334,01-15,+25.0%,+62.28%,0.8114,112,✗ No,budget_exceeded
3,445,341,01-15,+25.0%,+61.89%,0.8094,114,✗ No,budget_exceeded
3,445,349,01-15,+25.0%,+61.37%,0.8069,116,✗ No,budget_exceeded
3,445,356,01-15,+25.0%,+60.52%,0.8026,122,✗ No,budget_exceeded
3,445,363,01-15,+25.0%,+59.22%,0.7961,125,✗ No,budget_exceeded
3,445,371,01-15,+25.0%,+58.78%,0.7939,126,✗ No,budget_exceeded
3,445,378,01-15,+25.0%,+58.36%,0.7918,128,✗ No,budget_exceeded
3,445,386,01-15,+25.0%,+57.44%,0.7872,133,✗ No,budget_exceeded
3,445,393,01-15,+25.0%,+57.00%,0.7850,135,✗ No,budget_exceeded
3,445,401,01-15,+25.0%,+56.46%,0.7823,138,✗ No,budget_exceeded
3,445,408,01-15,+25.0%,+55.32%,0.7766,145,✗ No,budget_exceeded
3,445,415,01-15,+25.0%,+50.34%,0.7517,149,✗ No,budget_exceeded
3,445,423,01-15,+25.0%,+48.90%,0.7445,157,✗ No,budget_exceeded
3,445,430,01-15,+25.0%,+47.50%,0.7375,169,✗ No,budget_exceeded
3,445,438,01-15,+25.0%,+43.42%,0.7171,189,✗ No,budget_exceeded
3,445,445,01-15,+25.0%,+39.23%,0.6961,259,✗ No,budget_exceeded
3,453,319,01-15,+25.0%,+62.07%,0.8103,94,✗ No,budget_exceeded
3,453,326,01-15,+25.0%,+61.39%,0.8070,99,✗ No,budget_exceeded
3,453,334,01-15,+25.0%,+60.76%,0.8038,104,✗ No,budget_exceeded
3,453,341,01-15,+25.0%,+60.37%,0.8019,106,✗ No,budget_exceeded
3,453,349,01-15,+25.0%,+59.87%,0.7993,108,✗ No,budget_exceeded
3,453,356,01-15,+25.0%,+58.06%,0.7903,113,✗ No,budget_exceeded
3,453,364,01-15,+25.0%,+56.99%,0.7850,115,✗ No,budget_exceeded
3,453,371,01-15,+25.0%,+56.66%,0.7833,115,✗ No,budget_exceeded
3,453,379,01-15,+25.0%,+56.28%,0.7814,117,✗ No,budget_exceeded
3,453,386,01-15,+25.0%,+55.11%,0.7755,122,✗ No,budget_exceeded
3,453,393,01-15,+25.0%,+54.71%,0.7735,124,✗ No,budget_exceeded
3,453,401,01-15,+25.0%,+49.95%,0.7498,127,✗ No,budget_exceeded
3,453,408,01-15,+25.0%,+48.68%,0.7434,133,✗ No,budget_exceeded
3,453,416,01-15,+25.0%,+47.90%,0.7395,137,✗ No,budget_exceeded
3,453,423,01-15,+25.0%,+46.49%,0.7324,145,✗ No,budget_exceeded
3,453,431,01-15,+25.0%,+42.41%,0.7121,159,✗ No,budget_exceeded
3,453,438,01-15,+25.0%,+39.14%,0.6957,174,✗ No,budget_exceeded
3,453,446,01-15,+25.0%,+37.15%,0.6858,197,✗ No,budget_exceeded
3,453,453,01-15,+25.0%,+33.92%,0.6696,266,✗ No,budget_exceeded
3,461,319,01-15,+25.0%,+60.31%,0.8015,83,✗ No,budget_exceeded
3,461,326,01-15,+25.0%,+59.05%,0.7952,88,✗ No,budget_exceeded
3,461,334,01-15,+25.0%,+58.42%,0.7921,93,✗ No,budget_exceeded
3,461,341,01-15,+25.0%,+57.93%,0.7896,96,✗ No,budget_exceeded
3,461,349,01-15,+25.0%,+57.47%,0.7874,98,✗ No,budget_exceeded
3,461,356,01-15,+25.0%,+56.25%,0.7813,101,✗ No,budget_exceeded
3,461,364,01-15,+25.0%,+55.21%,0.7761,103,✗ No,budget_exceeded
3,461,371,01-15,+25.0%,+54.91%,0.7745,103,✗ No,budget_exceeded
3,461,379,01-15,+25.0%,+54.40%,0.7720,106,✗ No,budget_exceeded
3,461,386,01-15,+25.0%,+49.28%,0.7464,111,✗ No,budget_exceeded
3,461,394,01-15,+25.0%,+48.42%,0.7421,114,✗ No,budget_exceeded
3,461,401,01-15,+25.0%,+47.69%,0.7385,116,✗ No,budget_exceeded
3,461,409,01-15,+25.0%,+46.79%,0.7340,121,✗ No,budget_exceeded
3,461,416,01-15,+25.0%,+45.98%,0.7299,124,✗ No,budget_exceeded
3,461,424,01-15,+25.0%,+41.55%,0.7078,136,✗ No,budget_exceeded
3,461,431,01-15,+25.0%,+38.11%,0.6906,150,✗ No,budget_exceeded
3,461,439,01-15,+25.0%,+36.74%,0.6837,163,✗ No,budget_exceeded
3,461,446,01-15,+25.0%,+32.42%,0.6621,190,✗ No,budget_exceeded
3,461,454,01-15,+25.0%,+25.58%,0.6279,217,✗ No,budget_exceeded
3,461,461,01-15,+24.2%,+6.80%,0.5340,326,✓ Yes,completed
3,469,319,01-15,+25.0%,+57.13%,0.7857,70,✗ No,budget_exceeded
3,469,326,01-15,+25.0%,+56.34%,0.7817,74,✗ No,budget_exceeded
3,469,334,01-15,+25.0%,+55.55%,0.7777,78,✗ No,budget_exceeded
3,469,341,01-15,+25.0%,+55.08%,0.7754,81,✗ No,budget_exceeded
3,469,349,01-15,+25.0%,+54.64%,0.7732,83,✗ No,budget_exceeded
3,469,356,01-15,+25.0%,+49.37%,0.7469,87,✗ No,budget_exceeded
3,469,364,01-15,+25.0%,+47.85%,0.7393,90,✗ No,budget_exceeded
3,469,371,01-15,+25.0%,+47.58%,0.7379,90,✗ No,budget_exceeded
3,469,379,01-15,+25.0%,+46.94%,0.7347,93,✗ No,budget_exceeded
3,469,386,01-15,+25.0%,+46.09%,0.7305,96,✗ No,budget_exceeded
3,469,394,01-15,+25.0%,+45.39%,0.7269,99,✗ No,budget_exceeded
3,469,401,01-15,+25.0%,+42.63%,0.7131,105,✗ No,budget_exceeded
3,469,409,01-15,+25.0%,+41.26%,0.7063,112,✗ No,budget_exceeded
3,469,416,01-15,+25.0%,+38.45%,0.6923,118,✗ No,budget_exceeded
3,469,424,01-15,+25.0%,+36.32%,0.6816,130,✗ No,budget_exceeded
3,469,431,01-15,+25.0%,+30.84%,0.6542,149,✗ No,budget_exceeded
3,469,439,01-15,+25.0%,+25.90%,0.6295,165,✗ No,budget_exceeded
3,469,446,01-15,+24.7%,+6.93%,0.5346,188,✓ Yes,completed
3,469,454,01-15,+23.7%,+6.75%,0.5337,193,✓ Yes,completed
3,469,461,01-15,+22.0%,+6.43%,0.5322,207,✓ Yes,completed
3,469,469,01-15,+20.1%,+6.03%,0.5301,270,✓ Yes,completed
3,397,319,01-16,+25.0%,+85.11%,0.9256,112,✗ No,budget_exceeded
3,397,327,01-16,+25.0%,+84.57%,0.9229,117,✗ No,budget_exceeded
3,397,335,01-16,+25.0%,+83.71%,0.9185,126,✗ No,budget_exceeded
3,397,342,01-16,+25.0%,+82.47%,0.9123,133,✗ No,budget_exceeded
3,397,350,01-16,+25.0%,+81.40%,0.9070,141,✗ No,budget_exceeded
3,397,358,01-16,+25.0%,+80.45%,0.9022,154,✗ No,budget_exceeded
3,397,366,01-16,+25.0%,+79.30%,0.8965,162,✗ No,budget_exceeded
3,397,374,01-16,+25.0%,+77.73%,0.8887,172,✗ No,budget_exceeded
3,397,381,01-16,+25.0%,+76.46%,0.8823,182,✗ No,budget_exceeded
3,397,389,01-16,+25.0%,+75.22%,0.8761,193,✗ No,budget_exceeded
3,397,397,01-16,+25.0%,+72.45%,0.8622,251,✗ No,budget_exceeded
3,405,319,01-16,+25.0%,+81.81%,0.9091,114,✗ No,budget_exceeded
3,405,327,01-16,+25.0%,+81.27%,0.9064,119,✗ No,budget_exceeded
3,405,335,01-16,+25.0%,+80.54%,0.9027,127,✗ No,budget_exceeded
3,405,342,01-16,+25.0%,+79.97%,0.8999,133,✗ No,budget_exceeded
3,405,350,01-16,+25.0%,+79.22%,0.8961,140,✗ No,budget_exceeded
3,405,358,01-16,+25.0%,+78.19%,0.8909,154,✗ No,budget_exceeded
3,405,366,01-16,+25.0%,+77.29%,0.8864,160,✗ No,budget_exceeded
3,405,374,01-16,+25.0%,+75.91%,0.8795,168,✗ No,budget_exceeded
3,405,382,01-16,+25.0%,+73.57%,0.8678,179,✗ No,budget_exceeded
3,405,389,01-16,+25.0%,+72.10%,0.8605,189,✗ No,budget_exceeded
3,405,397,01-16,+25.0%,+69.74%,0.8487,203,✗ No,budget_exceeded
3,405,405,01-16,+25.0%,+68.19%,0.8410,252,✗ No,budget_exceeded
3,413,319,01-16,+25.0%,+79.68%,0.8984,113,✗ No,budget_exceeded
3,413,327,01-16,+25.0%,+79.13%,0.8957,118,✗ No,budget_exceeded
3,413,335,01-16,+25.0%,+78.47%,0.8923,125,✗ No,budget_exceeded
3,413,342,01-16,+25.0%,+77.76%,0.8888,132,✗ No,budget_exceeded
3,413,350,01-16,+25.0%,+76.96%,0.8848,138,✗ No,budget_exceeded
3,413,358,01-16,+25.0%,+75.69%,0.8784,152,✗ No,budget_exceeded
3,413,366,01-16,+25.0%,+74.94%,0.8747,156,✗ No,budget_exceeded
3,413,374,01-16,+25.0%,+72.83%,0.8641,161,✗ No,budget_exceeded
3,413,382,01-16,+25.0%,+70.43%,0.8522,171,✗ No,budget_exceeded
3,413,389,01-16,+25.0%,+69.27%,0.8464,182,✗ No,budget_exceeded
3,413,397,01-16,+25.0%,+68.14%,0.8407,191,✗ No,budget_exceeded
3,413,405,01-16,+25.0%,+63.90%,0.8195,213,✗ No,budget_exceeded
3,413,413,01-16,+25.0%,+62.35%,0.8117,278,✗ No,budget_exceeded
3,421,319,01-16,+25.0%,+76.80%,0.8840,116,✗ No,budget_exceeded
3,421,327,01-16,+25.0%,+76.33%,0.8816,120,✗ No,budget_exceeded
3,421,335,01-16,+25.0%,+75.55%,0.8778,128,✗ No,budget_exceeded
3,421,343,01-16,+25.0%,+74.98%,0.8749,133,✗ No,budget_exceeded
3,421,350,01-16,+25.0%,+73.27%,0.8664,138,✗ No,budget_exceeded
3,421,358,01-16,+25.0%,+71.54%,0.8577,152,✗ No,budget_exceeded
3,421,366,01-16,+25.0%,+70.13%,0.8506,155,✗ No,budget_exceeded
3,421,374,01-16,+25.0%,+69.30%,0.8465,159,✗ No,budget_exceeded
3,421,382,01-16,+25.0%,+67.34%,0.8367,167,✗ No,budget_exceeded
3,421,390,01-16,+25.0%,+64.16%,0.8208,176,✗ No,budget_exceeded
3,421,397,01-16,+25.0%,+63.25%,0.8162,182,✗ No,budget_exceeded
3,421,405,01-16,+25.0%,+62.14%,0.8107,190,✗ No,budget_exceeded
3,421,413,01-16,+25.0%,+59.95%,0.7998,209,✗ No,budget_exceeded
3,421,421,01-16,+25.0%,+58.48%,0.7924,252,✗ No,budget_exceeded
3,429,319,01-16,+25.0%,+72.50%,0.8625,117,✗ No,budget_exceeded
3,429,327,01-16,+25.0%,+71.54%,0.8577,123,✗ No,budget_exceeded
3,429,335,01-16,+25.0%,+69.96%,0.8498,130,✗ No,budget_exceeded
3,429,343,01-16,+25.0%,+69.32%,0.8466,134,✗ No,budget_exceeded
3,429,350,01-16,+25.0%,+68.77%,0.8438,137,✗ No,budget_exceeded
3,429,358,01-16,+25.0%,+66.44%,0.8322,148,✗ No,budget_exceeded
3,429,366,01-16,+25.0%,+63.77%,0.8188,151,✗ No,budget_exceeded
3,429,374,01-16,+25.0%,+63.37%,0.8169,152,✗ No,budget_exceeded
3,429,382,01-16,+25.0%,+62.74%,0.8137,154,✗ No,budget_exceeded
3,429,390,01-16,+25.0%,+62.09%,0.8105,161,✗ No,budget_exceeded
3,429,398,01-16,+25.0%,+61.29%,0.8065,165,✗ No,budget_exceeded
3,429,405,01-16,+25.0%,+59.76%,0.7988,173,✗ No,budget_exceeded
3,429,413,01-16,+25.0%,+58.38%,0.7919,180,✗ No,budget_exceeded
3,429,421,01-16,+25.0%,+57.23%,0.7862,187,✗ No,budget_exceeded
3,429,429,01-16,+25.0%,+55.40%,0.7770,243,✗ No,budget_exceeded
3,437,319,01-16,+25.0%,+68.99%,0.8449,115,✗ No,budget_exceeded
3,437,327,01-16,+25.0%,+68.42%,0.8421,119,✗ No,budget_exceeded
3,437,335,01-16,+25.0%,+67.71%,0.8385,125,✗ No,budget_exceeded
3,437,343,01-16,+25.0%,+66.71%,0.8335,129,✗ No,budget_exceeded
3,437,350,01-16,+25.0%,+63.73%,0.8186,134,✗ No,budget_exceeded
3,437,358,01-16,+25.0%,+62.65%,0.8132,141,✗ No,budget_exceeded
3,437,366,01-16,+25.0%,+62.13%,0.8106,141,✗ No,budget_exceeded
3,437,374,01-16,+25.0%,+61.64%,0.8082,143,✗ No,budget_exceeded
3,437,382,01-16,+25.0%,+61.00%,0.8050,146,✗ No,budget_exceeded
3,437,390,01-16,+25.0%,+59.60%,0.7980,153,✗ No,budget_exceeded
3,437,398,01-16,+25.0%,+58.92%,0.7946,157,✗ No,budget_exceeded
3,437,406,01-16,+25.0%,+57.99%,0.7900,162,✗ No,budget_exceeded
3,437,413,01-16,+25.0%,+56.87%,0.7843,168,✗ No,budget_exceeded
3,437,421,01-16,+25.0%,+55.65%,0.7783,175,✗ No,budget_exceeded
3,437,429,01-16,+25.0%,+49.80%,0.7490,195,✗ No,budget_exceeded
3,437,437,01-16,+25.0%,+47.66%,0.7383,253,✗ No,budget_exceeded
3,445,319,01-16,+25.0%,+64.94%,0.8247,101,✗ No,budget_exceeded
3,445,326,01-16,+25.0%,+62.96%,0.8148,107,✗ No,budget_exceeded
3,445,334,01-16,+25.0%,+62.32%,0.8116,112,✗ No,budget_exceeded
3,445,341,01-16,+25.0%,+61.93%,0.8096,114,✗ No,budget_exceeded
3,445,349,01-16,+25.0%,+61.42%,0.8071,116,✗ No,budget_exceeded
3,445,356,01-16,+25.0%,+60.55%,0.8028,122,✗ No,budget_exceeded
3,445,363,01-16,+25.0%,+59.26%,0.7963,125,✗ No,budget_exceeded
3,445,371,01-16,+25.0%,+58.82%,0.7941,126,✗ No,budget_exceeded
3,445,378,01-16,+25.0%,+58.40%,0.7920,128,✗ No,budget_exceeded
3,445,386,01-16,+25.0%,+57.48%,0.7874,133,✗ No,budget_exceeded
3,445,393,01-16,+25.0%,+57.05%,0.7852,135,✗ No,budget_exceeded
3,445,401,01-16,+25.0%,+56.34%,0.7817,139,✗ No,budget_exceeded
3,445,408,01-16,+25.0%,+55.36%,0.7768,145,✗ No,budget_exceeded
3,445,415,01-16,+25.0%,+50.37%,0.7519,149,✗ No,budget_exceeded
3,445,423,01-16,+25.0%,+48.93%,0.7447,157,✗ No,budget_exceeded
3,445,430,01-16,+25.0%,+47.41%,0.7370,171,✗ No,budget_exceeded
3,445,438,01-16,+25.0%,+43.44%,0.7172,189,✗ No,budget_exceeded
3,445,445,01-16,+25.0%,+39.30%,0.6965,258,✗ No,budget_exceeded
3,453,319,01-16,+25.0%,+62.12%,0.8106,94,✗ No,budget_exceeded
3,453,326,01-16,+25.0%,+61.45%,0.8073,99,✗ No,budget_exceeded
3,453,334,01-16,+25.0%,+60.82%,0.8041,104,✗ No,budget_exceeded
3,453,341,01-16,+25.0%,+60.43%,0.8021,106,✗ No,budget_exceeded
3,453,349,01-16,+25.0%,+59.47%,0.7973,109,✗ No,budget_exceeded
3,453,356,01-16,+25.0%,+58.11%,0.7906,113,✗ No,budget_exceeded
3,453,364,01-16,+25.0%,+57.05%,0.7852,115,✗ No,budget_exceeded
3,453,371,01-16,+25.0%,+56.72%,0.7836,115,✗ No,budget_exceeded
3,453,379,01-16,+25.0%,+56.34%,0.7817,117,✗ No,budget_exceeded
3,453,386,01-16,+25.0%,+55.16%,0.7758,122,✗ No,budget_exceeded
3,453,393,01-16,+25.0%,+54.76%,0.7738,124,✗ No,budget_exceeded
3,453,401,01-16,+25.0%,+50.00%,0.7500,127,✗ No,budget_exceeded
3,453,408,01-16,+25.0%,+48.74%,0.7437,133,✗ No,budget_exceeded
3,453,416,01-16,+25.0%,+47.96%,0.7398,137,✗ No,budget_exceeded
3,453,423,01-16,+25.0%,+46.54%,0.7327,145,✗ No,budget_exceeded
3,453,431,01-16,+25.0%,+42.44%,0.7122,160,✗ No,budget_exceeded
3,453,438,01-16,+25.0%,+39.19%,0.6960,174,✗ No,budget_exceeded
3,453,446,01-16,+25.0%,+37.18%,0.6859,197,✗ No,budget_exceeded
3,453,453,01-16,+25.0%,+33.23%,0.6662,267,✗ No,budget_exceeded
3,461,319,01-16,+25.0%,+60.44%,0.8022,83,✗ No,budget_exceeded
3,461,326,01-16,+25.0%,+59.18%,0.7959,88,✗ No,budget_exceeded
3,461,334,01-16,+25.0%,+58.55%,0.7927,93,✗ No,budget_exceeded
3,461,341,01-16,+25.0%,+58.06%,0.7903,96,✗ No,budget_exceeded
3,461,349,01-16,+25.0%,+57.60%,0.7880,98,✗ No,budget_exceeded
3,461,356,01-16,+25.0%,+56.39%,0.7819,101,✗ No,budget_exceeded
3,461,364,01-16,+25.0%,+55.35%,0.7767,103,✗ No,budget_exceeded
3,461,371,01-16,+25.0%,+55.04%,0.7752,103,✗ No,budget_exceeded
3,461,379,01-16,+25.0%,+54.53%,0.7727,106,✗ No,budget_exceeded
3,461,386,01-16,+25.0%,+49.42%,0.7471,111,✗ No,budget_exceeded
3,461,394,01-16,+25.0%,+48.55%,0.7428,114,✗ No,budget_exceeded
3,461,401,01-16,+25.0%,+47.83%,0.7391,116,✗ No,budget_exceeded
3,461,409,01-16,+25.0%,+46.93%,0.7346,121,✗ No,budget_exceeded
3,461,416,01-16,+25.0%,+44.72%,0.7236,126,✗ No,budget_exceeded
3,461,424,01-16,+25.0%,+41.68%,0.7084,136,✗ No,budget_exceeded
3,461,431,01-16,+25.0%,+38.18%,0.6909,151,✗ No,budget_exceeded
3,461,439,01-16,+25.0%,+36.71%,0.6835,165,✗ No,budget_exceeded
3,461,446,01-16,+25.0%,+32.55%,0.6628,190,✗ No,budget_exceeded
3,461,454,01-16,+25.0%,+25.61%,0.6280,218,✗ No,budget_exceeded
3,461,461,01-16,+24.1%,+6.83%,0.5341,326,✓ Yes,completed
3,469,319,01-16,+25.0%,+57.28%,0.7864,70,✗ No,budget_exceeded
3,469,326,01-16,+25.0%,+56.48%,0.7824,74,✗ No,budget_exceeded
3,469,334,01-16,+25.0%,+55.69%,0.7785,78,✗ No,budget_exceeded
3,469,341,01-16,+25.0%,+55.22%,0.7761,81,✗ No,budget_exceeded
3,469,349,01-16,+25.0%,+54.79%,0.7739,83,✗ No,budget_exceeded
3,469,356,01-16,+25.0%,+49.51%,0.7476,87,✗ No,budget_exceeded
3,469,364,01-16,+25.0%,+47.99%,0.7400,90,✗ No,budget_exceeded
3,469,371,01-16,+25.0%,+47.72%,0.7386,90,✗ No,budget_exceeded
3,469,379,01-16,+25.0%,+47.08%,0.7354,93,✗ No,budget_exceeded
3,469,386,01-16,+25.0%,+46.23%,0.7312,96,✗ No,budget_exceeded
3,469,394,01-16,+25.0%,+44.53%,0.7227,100,✗ No,budget_exceeded
3,469,401,01-16,+25.0%,+42.77%,0.7138,105,✗ No,budget_exceeded
3,469,409,01-16,+25.0%,+39.49%,0.6975,113,✗ No,budget_exceeded
3,469,416,01-16,+25.0%,+38.55%,0.6928,119,✗ No,budget_exceeded
3,469,424,01-16,+25.0%,+36.11%,0.6806,131,✗ No,budget_exceeded
3,469,431,01-16,+25.0%,+30.12%,0.6506,150,✗ No,budget_exceeded
3,469,439,01-16,+25.0%,+25.89%,0.6295,166,✗ No,budget_exceeded
3,469,446,01-16,+24.6%,+6.97%,0.5348,188,✓ Yes,completed
3,469,454,01-16,+23.6%,+6.75%,0.5337,193,✓ Yes,completed
3,469,461,01-16,+21.9%,+6.46%,0.5323,207,✓ Yes,completed
3,469,469,01-16,+20.0%,+6.06%,0.5303,267,✓ Yes,completed
3,397,319,01-17,+25.0%,+84.98%,0.9249,114,✗ No,budget_exceeded
3,397,327,01-17,+25.0%,+84.42%,0.9221,119,✗ No,budget_exceeded
3,397,335,01-17,+25.0%,+83.56%,0.9178,128,✗ No,budget_exceeded
3,397,342,01-17,+25.0%,+82.14%,0.9107,135,✗ No,budget_exceeded
3,397,350,01-17,+25.0%,+81.27%,0.9064,143,✗ No,budget_exceeded
3,397,358,01-17,+25.0%,+80.31%,0.9016,156,✗ No,budget_exceeded
3,397,366,01-17,+25.0%,+79.16%,0.8958,164,✗ No,budget_exceeded
3,397,374,01-17,+25.0%,+77.67%,0.8883,173,✗ No,budget_exceeded
3,397,381,01-17,+25.0%,+76.33%,0.8817,184,✗ No,budget_exceeded
3,397,389,01-17,+25.0%,+74.01%,0.8701,197,✗ No,budget_exceeded
3,397,397,01-17,+25.0%,+72.32%,0.8616,253,✗ No,budget_exceeded
3,405,319,01-17,+25.0%,+81.68%,0.9084,116,✗ No,budget_exceeded
3,405,327,01-17,+25.0%,+81.15%,0.9057,121,✗ No,budget_exceeded
3,405,335,01-17,+25.0%,+80.48%,0.9024,128,✗ No,budget_exceeded
3,405,342,01-17,+25.0%,+79.84%,0.8992,135,✗ No,budget_exceeded
3,405,350,01-17,+25.0%,+79.09%,0.8954,142,✗ No,budget_exceeded
3,405,358,01-17,+25.0%,+78.05%,0.8903,156,✗ No,budget_exceeded
3,405,366,01-17,+25.0%,+77.22%,0.8861,161,✗ No,budget_exceeded
3,405,374,01-17,+25.0%,+75.83%,0.8792,169,✗ No,budget_exceeded
3,405,382,01-17,+25.0%,+73.50%,0.8675,180,✗ No,budget_exceeded
3,405,389,01-17,+25.0%,+71.89%,0.8594,191,✗ No,budget_exceeded
3,405,397,01-17,+25.0%,+69.67%,0.8483,204,✗ No,budget_exceeded
3,405,405,01-17,+25.0%,+67.54%,0.8377,256,✗ No,budget_exceeded
3,413,319,01-17,+25.0%,+79.61%,0.8980,114,✗ No,budget_exceeded
3,413,327,01-17,+25.0%,+79.06%,0.8953,119,✗ No,budget_exceeded
3,413,335,01-17,+25.0%,+78.36%,0.8918,127,✗ No,budget_exceeded
3,413,342,01-17,+25.0%,+77.69%,0.8884,133,✗ No,budget_exceeded
3,413,350,01-17,+25.0%,+76.82%,0.8841,140,✗ No,budget_exceeded
3,413,358,01-17,+25.0%,+75.56%,0.8778,154,✗ No,budget_exceeded
3,413,366,01-17,+25.0%,+73.73%,0.8687,158,✗ No,budget_exceeded
3,413,374,01-17,+25.0%,+72.48%,0.8624,163,✗ No,budget_exceeded
3,413,382,01-17,+25.0%,+70.31%,0.8516,173,✗ No,budget_exceeded
3,413,389,01-17,+25.0%,+69.22%,0.8461,183,✗ No,budget_exceeded
3,413,397,01-17,+25.0%,+67.51%,0.8375,195,✗ No,budget_exceeded
3,413,405,01-17,+25.0%,+63.88%,0.8194,213,✗ No,budget_exceeded
3,413,413,01-17,+25.0%,+62.30%,0.8115,279,✗ No,budget_exceeded
3,421,319,01-17,+25.0%,+76.69%,0.8834,117,✗ No,budget_exceeded
3,421,327,01-17,+25.0%,+76.16%,0.8808,122,✗ No,budget_exceeded
3,421,335,01-17,+25.0%,+75.39%,0.8769,130,✗ No,budget_exceeded
3,421,343,01-17,+25.0%,+73.73%,0.8687,135,✗ No,budget_exceeded
3,421,350,01-17,+25.0%,+72.92%,0.8646,140,✗ No,budget_exceeded
3,421,358,01-17,+25.0%,+70.57%,0.8528,154,✗ No,budget_exceeded
3,421,366,01-17,+25.0%,+69.83%,0.8492,158,✗ No,budget_exceeded
3,421,374,01-17,+25.0%,+69.06%,0.8453,160,✗ No,budget_exceeded
3,421,382,01-17,+25.0%,+65.91%,0.8295,169,✗ No,budget_exceeded
3,421,390,01-17,+25.0%,+64.04%,0.8202,178,✗ No,budget_exceeded
3,421,397,01-17,+25.0%,+63.19%,0.8159,182,✗ No,budget_exceeded
3,421,405,01-17,+25.0%,+61.96%,0.8098,190,✗ No,budget_exceeded
3,421,413,01-17,+25.0%,+59.92%,0.7996,208,✗ No,budget_exceeded
3,421,421,01-17,+25.0%,+58.45%,0.7923,251,✗ No,budget_exceeded
3,429,319,01-17,+25.0%,+71.97%,0.8599,118,✗ No,budget_exceeded
3,429,327,01-17,+25.0%,+70.36%,0.8518,125,✗ No,budget_exceeded
3,429,335,01-17,+25.0%,+69.61%,0.8481,132,✗ No,budget_exceeded
3,429,343,01-17,+25.0%,+69.05%,0.8452,136,✗ No,budget_exceeded
3,429,350,01-17,+25.0%,+68.46%,0.8423,138,✗ No,budget_exceeded
3,429,358,01-17,+25.0%,+65.49%,0.8274,150,✗ No,budget_exceeded
3,429,366,01-17,+25.0%,+63.70%,0.8185,151,✗ No,budget_exceeded
3,429,374,01-17,+25.0%,+63.31%,0.8165,152,✗ No,budget_exceeded
3,429,382,01-17,+25.0%,+62.68%,0.8134,154,✗ No,budget_exceeded
3,429,390,01-17,+25.0%,+61.90%,0.8095,162,✗ No,budget_exceeded
3,429,398,01-17,+25.0%,+61.23%,0.8061,165,✗ No,budget_exceeded
3,429,405,01-17,+25.0%,+59.59%,0.7980,173,✗ No,budget_exceeded
3,429,413,01-17,+25.0%,+58.35%,0.7917,179,✗ No,budget_exceeded
3,429,421,01-17,+25.0%,+57.14%,0.7857,187,✗ No,budget_exceeded
3,429,429,01-17,+25.0%,+55.17%,0.7758,244,✗ No,budget_exceeded
3,437,319,01-17,+25.0%,+68.93%,0.8446,115,✗ No,budget_exceeded
3,437,327,01-17,+25.0%,+68.33%,0.8416,120,✗ No,budget_exceeded
3,437,335,01-17,+25.0%,+67.05%,0.8352,126,✗ No,budget_exceeded
3,437,343,01-17,+25.0%,+65.45%,0.8272,131,✗ No,budget_exceeded
3,437,350,01-17,+25.0%,+63.66%,0.8183,134,✗ No,budget_exceeded
3,437,358,01-17,+25.0%,+62.58%,0.8129,141,✗ No,budget_exceeded
3,437,366,01-17,+25.0%,+62.06%,0.8103,141,✗ No,budget_exceeded
3,437,374,01-17,+25.0%,+61.57%,0.8079,143,✗ No,budget_exceeded
3,437,382,01-17,+25.0%,+60.93%,0.8046,146,✗ No,budget_exceeded
3,437,390,01-17,+25.0%,+59.42%,0.7971,154,✗ No,budget_exceeded
3,437,398,01-17,+25.0%,+58.84%,0.7942,157,✗ No,budget_exceeded
3,437,406,01-17,+25.0%,+57.95%,0.7897,161,✗ No,budget_exceeded
3,437,413,01-17,+25.0%,+56.64%,0.7832,168,✗ No,budget_exceeded
3,437,421,01-17,+25.0%,+55.63%,0.7781,174,✗ No,budget_exceeded
3,437,429,01-17,+25.0%,+49.33%,0.7467,195,✗ No,budget_exceeded
3,437,437,01-17,+25.0%,+47.51%,0.7375,254,✗ No,budget_exceeded
3,445,319,01-17,+25.0%,+63.56%,0.8178,102,✗ No,budget_exceeded
3,445,326,01-17,+25.0%,+62.88%,0.8144,107,✗ No,budget_exceeded
3,445,334,01-17,+25.0%,+62.25%,0.8112,112,✗ No,budget_exceeded
3,445,341,01-17,+25.0%,+61.85%,0.8093,114,✗ No,budget_exceeded
3,445,349,01-17,+25.0%,+61.34%,0.8067,116,✗ No,budget_exceeded
3,445,356,01-17,+25.0%,+60.48%,0.8024,122,✗ No,budget_exceeded
3,445,363,01-17,+25.0%,+59.11%,0.7955,126,✗ No,budget_exceeded
3,445,371,01-17,+25.0%,+58.74%,0.7937,126,✗ No,budget_exceeded
3,445,378,01-17,+25.0%,+58.32%,0.7916,128,✗ No,budget_exceeded
3,445,386,01-17,+25.0%,+57.40%,0.7870,133,✗ No,budget_exceeded
3,445,393,01-17,+25.0%,+56.97%,0.7848,135,✗ No,budget_exceeded
3,445,401,01-17,+25.0%,+56.25%,0.7813,139,✗ No,budget_exceeded
3,445,408,01-17,+25.0%,+55.32%,0.7766,144,✗ No,budget_exceeded
3,445,415,01-17,+25.0%,+50.34%,0.7517,148,✗ No,budget_exceeded
3,445,423,01-17,+25.0%,+48.85%,0.7443,157,✗ No,budget_exceeded
3,445,430,01-17,+25.0%,+47.39%,0.7369,170,✗ No,budget_exceeded
3,445,438,01-17,+25.0%,+43.29%,0.7165,190,✗ No,budget_exceeded
3,445,445,01-17,+25.0%,+39.26%,0.6963,257,✗ No,budget_exceeded
3,453,319,01-17,+25.0%,+62.04%,0.8102,94,✗ No,budget_exceeded
3,453,326,01-17,+25.0%,+61.37%,0.8069,99,✗ No,budget_exceeded
3,453,334,01-17,+25.0%,+60.74%,0.8037,104,✗ No,budget_exceeded
3,453,341,01-17,+25.0%,+60.34%,0.8017,106,✗ No,budget_exceeded
3,453,349,01-17,+25.0%,+59.38%,0.7969,109,✗ No,budget_exceeded
3,453,356,01-17,+25.0%,+58.02%,0.7901,113,✗ No,budget_exceeded
3,453,364,01-17,+25.0%,+56.96%,0.7848,115,✗ No,budget_exceeded
3,453,371,01-17,+25.0%,+56.63%,0.7832,115,✗ No,budget_exceeded
3,453,379,01-17,+25.0%,+56.11%,0.7805,118,✗ No,budget_exceeded
3,453,386,01-17,+25.0%,+55.08%,0.7754,122,✗ No,budget_exceeded
3,453,393,01-17,+25.0%,+50.64%,0.7532,125,✗ No,budget_exceeded
3,453,401,01-17,+25.0%,+49.91%,0.7496,127,✗ No,budget_exceeded
3,453,408,01-17,+25.0%,+48.64%,0.7432,133,✗ No,budget_exceeded
3,453,416,01-17,+25.0%,+47.93%,0.7396,136,✗ No,budget_exceeded
3,453,423,01-17,+25.0%,+46.07%,0.7304,146,✗ No,budget_exceeded
3,453,431,01-17,+25.0%,+42.35%,0.7118,160,✗ No,budget_exceeded
3,453,438,01-17,+25.0%,+39.13%,0.6957,174,✗ No,budget_exceeded
3,453,446,01-17,+25.0%,+36.98%,0.6849,198,✗ No,budget_exceeded
3,453,453,01-17,+25.0%,+32.84%,0.6642,269,✗ No,budget_exceeded
3,461,319,01-17,+25.0%,+60.35%,0.8017,83,✗ No,budget_exceeded
3,461,326,01-17,+25.0%,+59.08%,0.7954,88,✗ No,budget_exceeded
3,461,334,01-17,+25.0%,+58.45%,0.7923,93,✗ No,budget_exceeded
3,461,341,01-17,+25.0%,+57.97%,0.7898,96,✗ No,budget_exceeded
3,461,349,01-17,+25.0%,+57.50%,0.7875,98,✗ No,budget_exceeded
3,461,356,01-17,+25.0%,+56.29%,0.7815,101,✗ No,budget_exceeded
3,461,364,01-17,+25.0%,+55.25%,0.7762,103,✗ No,budget_exceeded
3,461,371,01-17,+25.0%,+54.95%,0.7747,103,✗ No,budget_exceeded
3,461,379,01-17,+25.0%,+50.39%,0.7520,107,✗ No,budget_exceeded
3,461,386,01-17,+25.0%,+48.82%,0.7441,112,✗ No,budget_exceeded
3,461,394,01-17,+25.0%,+48.45%,0.7423,114,✗ No,budget_exceeded
3,461,401,01-17,+25.0%,+47.73%,0.7386,116,✗ No,budget_exceeded
3,461,409,01-17,+25.0%,+46.89%,0.7344,120,✗ No,budget_exceeded
3,461,416,01-17,+25.0%,+43.69%,0.7184,126,✗ No,budget_exceeded
3,461,424,01-17,+25.0%,+39.73%,0.6986,137,✗ No,budget_exceeded
3,461,431,01-17,+25.0%,+38.10%,0.6905,151,✗ No,budget_exceeded
3,461,439,01-17,+25.0%,+36.23%,0.6812,166,✗ No,budget_exceeded
3,461,446,01-17,+25.0%,+31.43%,0.6572,192,✗ No,budget_exceeded
3,461,454,01-17,+25.0%,+24.53%,0.6226,218,✗ No,budget_exceeded
3,461,461,01-17,+24.0%,+6.80%,0.5340,321,✓ Yes,completed
3,469,319,01-17,+25.0%,+57.12%,0.7856,70,✗ No,budget_exceeded
3,469,326,01-17,+25.0%,+56.33%,0.7817,74,✗ No,budget_exceeded
3,469,334,01-17,+25.0%,+55.54%,0.7777,78,✗ No,budget_exceeded
3,469,341,01-17,+25.0%,+55.06%,0.7753,81,✗ No,budget_exceeded
3,469,349,01-17,+25.0%,+54.64%,0.7732,83,✗ No,budget_exceeded
3,469,356,01-17,+25.0%,+49.36%,0.7468,87,✗ No,budget_exceeded
3,469,364,01-17,+25.0%,+47.83%,0.7392,90,✗ No,budget_exceeded
3,469,371,01-17,+25.0%,+47.56%,0.7378,90,✗ No,budget_exceeded
3,469,379,01-17,+25.0%,+46.92%,0.7346,93,✗ No,budget_exceeded
3,469,386,01-17,+25.0%,+44.71%,0.7236,98,✗ No,budget_exceeded
3,469,394,01-17,+25.0%,+43.40%,0.7170,102,✗ No,budget_exceeded
3,469,401,01-17,+25.0%,+42.44%,0.7122,106,✗ No,budget_exceeded
3,469,409,01-17,+25.0%,+39.40%,0.6970,113,✗ No,budget_exceeded
3,469,416,01-17,+25.0%,+38.46%,0.6923,119,✗ No,budget_exceeded
3,469,424,01-17,+25.0%,+35.66%,0.6783,132,✗ No,budget_exceeded
3,469,431,01-17,+25.0%,+28.70%,0.6435,152,✗ No,budget_exceeded
3,469,439,01-17,+25.0%,+17.16%,0.5858,168,✗ No,budget_exceeded
3,469,446,01-17,+24.4%,+6.94%,0.5347,186,✓ Yes,completed
3,469,454,01-17,+23.4%,+6.74%,0.5337,191,✓ Yes,completed
3,469,461,01-17,+21.8%,+6.44%,0.5322,205,✓ Yes,completed
3,469,469,01-17,+19.9%,+6.05%,0.5303,265,✓ Yes,completed
4,381,342,01-08,+25.0%,+86.10%,0.9305,114,✗ No,budget_exceeded
4,381,345,01-08,+25.0%,+85.71%,0.9286,118,✗ No,budget_exceeded
4,381,349,01-08,+25.0%,+85.33%,0.9266,122,✗ No,budget_exceeded
4,381,352,01-08,+25.0%,+84.89%,0.9245,126,✓ Yes,budget_exceeded
4,381,356,01-08,+25.0%,+84.43%,0.9222,133,✗ No,budget_exceeded
4,381,360,01-08,+25.0%,+83.88%,0.9194,142,✗ No,budget_exceeded
4,381,363,01-08,+25.0%,+83.33%,0.9167,146,✗ No,budget_exceeded
4,381,367,01-08,+25.0%,+82.77%,0.9139,151,✗ No,budget_exceeded
4,381,370,01-08,+25.0%,+82.04%,0.9102,159,✗ No,budget_exceeded
4,381,374,01-08,+25.0%,+81.15%,0.9058,167,✗ No,budget_exceeded
4,381,377,01-08,+25.0%,+80.26%,0.9013,178,✗ No,budget_exceeded
4,381,381,01-08,+25.0%,+79.67%,0.8983,215,✗ No,budget_exceeded
4,384,342,01-08,+25.0%,+85.81%,0.9291,114,✗ No,budget_exceeded
4,384,345,01-08,+25.0%,+85.33%,0.9267,119,✗ No,budget_exceeded
4,384,349,01-08,+25.0%,+84.88%,0.9244,124,✗ No,budget_exceeded
4,384,352,01-08,+25.0%,+84.60%,0.9230,127,✗ No,budget_exceeded
4,384,356,01-08,+25.0%,+84.11%,0.9205,133,✗ No,budget_exceeded
4,384,360,01-08,+25.0%,+83.51%,0.9175,142,✗ No,budget_exceeded
4,384,363,01-08,+25.0%,+82.99%,0.9150,146,✗ No,budget_exceeded
4,384,367,01-08,+25.0%,+82.41%,0.9120,151,✗ No,budget_exceeded
4,384,370,01-08,+25.0%,+81.37%,0.9069,160,✗ No,budget_exceeded
4,384,374,01-08,+25.0%,+80.64%,0.9032,167,✗ No,budget_exceeded
4,384,377,01-08,+25.0%,+79.75%,0.8988,176,✗ No,budget_exceeded
4,384,381,01-08,+25.0%,+79.15%,0.8958,184,✗ No,budget_exceeded
4,384,384,01-08,+25.0%,+78.66%,0.8933,216,✗ No,budget_exceeded
4,388,342,01-08,+25.0%,+85.31%,0.9265,114,✗ No,budget_exceeded
4,388,345,01-08,+25.0%,+84.83%,0.9242,119,✗ No,budget_exceeded
4,388,349,01-08,+25.0%,+84.47%,0.9224,123,✗ No,budget_exceeded
4,388,352,01-08,+25.0%,+84.11%,0.9205,127,✗ No,budget_exceeded
4,388,356,01-08,+25.0%,+83.67%,0.9183,132,✗ No,budget_exceeded
4,388,360,01-08,+25.0%,+82.97%,0.9149,141,✗ No,budget_exceeded
4,388,363,01-08,+25.0%,+82.44%,0.9122,145,✗ No,budget_exceeded
4,388,367,01-08,+25.0%,+81.87%,0.9093,150,✗ No,budget_exceeded
4,388,370,01-08,+25.0%,+80.83%,0.9041,159,✗ No,budget_exceeded
4,388,374,01-08,+25.0%,+80.03%,0.9001,164,✗ No,budget_exceeded
4,388,377,01-08,+25.0%,+79.25%,0.8963,172,✗ No,budget_exceeded
4,388,381,01-08,+25.0%,+78.68%,0.8934,179,✗ No,budget_exceeded
4,388,384,01-08,+25.0%,+78.11%,0.8905,188,✗ No,budget_exceeded
4,388,388,01-08,+25.0%,+77.33%,0.8866,227,✗ No,budget_exceeded
4,392,342,01-08,+25.0%,+84.73%,0.9237,117,✗ No,budget_exceeded
4,392,345,01-08,+25.0%,+84.27%,0.9214,122,✗ No,budget_exceeded
4,392,349,01-08,+25.0%,+83.88%,0.9194,126,✗ No,budget_exceeded
4,392,352,01-08,+25.0%,+83.51%,0.9176,130,✗ No,budget_exceeded
4,392,356,01-08,+25.0%,+83.07%,0.9154,135,✗ No,budget_exceeded
4,392,360,01-08,+25.0%,+82.34%,0.9117,144,✗ No,budget_exceeded
4,392,363,01-08,+25.0%,+81.52%,0.9076,149,✗ No,budget_exceeded
4,392,367,01-08,+25.0%,+80.90%,0.9045,153,✗ No,budget_exceeded
4,392,370,01-08,+25.0%,+80.01%,0.9000,160,✗ No,budget_exceeded
4,392,374,01-08,+25.0%,+79.28%,0.8964,165,✗ No,budget_exceeded
4,392,377,01-08,+25.0%,+78.48%,0.8924,172,✗ No,budget_exceeded
4,392,381,01-08,+25.0%,+77.91%,0.8896,178,✗ No,budget_exceeded
4,392,384,01-08,+25.0%,+77.34%,0.8867,185,✗ No,budget_exceeded
4,392,388,01-08,+25.0%,+76.68%,0.8834,195,✗ No,budget_exceeded
4,392,392,01-08,+25.0%,+75.99%,0.8800,232,✗ No,budget_exceeded
4,395,342,01-08,+25.0%,+84.19%,0.9210,118,✗ No,budget_exceeded
4,395,345,01-08,+25.0%,+83.69%,0.9185,123,✗ No,budget_exceeded
4,395,349,01-08,+25.0%,+83.31%,0.9165,127,✗ No,budget_exceeded
4,395,352,01-08,+25.0%,+82.93%,0.9147,131,✗ No,budget_exceeded
4,395,356,01-08,+25.0%,+82.38%,0.9119,138,✗ No,budget_exceeded
4,395,360,01-08,+25.0%,+81.14%,0.9057,147,✗ No,budget_exceeded
4,395,363,01-08,+25.0%,+80.70%,0.9035,150,✗ No,budget_exceeded
4,395,367,01-08,+25.0%,+79.84%,0.8992,154,✗ No,budget_exceeded
4,395,370,01-08,+25.0%,+79.05%,0.8953,159,✗ No,budget_exceeded
4,395,374,01-08,+25.0%,+78.34%,0.8917,164,✗ No,budget_exceeded
4,395,377,01-08,+25.0%,+77.56%,0.8878,170,✗ No,budget_exceeded
4,395,381,01-08,+25.0%,+77.09%,0.8854,175,✗ No,budget_exceeded
4,395,385,01-08,+25.0%,+76.63%,0.8831,180,✗ No,budget_exceeded
4,395,388,01-08,+25.0%,+76.02%,0.8801,184,✗ No,budget_exceeded
4,395,392,01-08,+25.0%,+75.32%,0.8766,193,✗ No,budget_exceeded
4,395,395,01-08,+25.0%,+74.79%,0.8740,222,✗ No,budget_exceeded
4,399,342,01-08,+25.0%,+83.43%,0.9172,119,✗ No,budget_exceeded
4,399,345,01-08,+25.0%,+83.04%,0.9152,122,✗ No,budget_exceeded
4,399,348,01-08,+25.0%,+82.68%,0.9134,125,✗ No,budget_exceeded
4,399,352,01-08,+25.0%,+82.14%,0.9107,132,✗ No,budget_exceeded
4,399,355,01-08,+25.0%,+81.12%,0.9056,138,✗ No,budget_exceeded
4,399,359,01-08,+25.0%,+80.18%,0.9009,147,✗ No,budget_exceeded
4,399,362,01-08,+25.0%,+79.81%,0.8990,149,✗ No,budget_exceeded
4,399,365,01-08,+25.0%,+79.38%,0.8969,152,✗ No,budget_exceeded
4,399,369,01-08,+25.0%,+78.60%,0.8930,157,✗ No,budget_exceeded
4,399,372,01-08,+25.0%,+78.13%,0.8906,160,✗ No,budget_exceeded
4,399,375,01-08,+25.0%,+77.35%,0.8867,165,✗ No,budget_exceeded
4,399,379,01-08,+25.0%,+76.80%,0.8840,170,✗ No,budget_exceeded
4,399,382,01-08,+25.0%,+76.26%,0.8813,176,✗ No,budget_exceeded
4,399,385,01-08,+25.0%,+75.68%,0.8784,182,✗ No,budget_exceeded
4,399,389,01-08,+25.0%,+75.24%,0.8762,185,✗ No,budget_exceeded
4,399,392,01-08,+25.0%,+74.59%,0.8729,192,✗ No,budget_exceeded
4,399,395,01-08,+25.0%,+74.08%,0.8704,196,✗ No,budget_exceeded
4,399,399,01-08,+25.0%,+72.14%,0.8607,247,✗ No,budget_exceeded
4,402,342,01-08,+25.0%,+82.08%,0.9104,120,✗ No,budget_exceeded
4,402,345,01-08,+25.0%,+81.72%,0.9086,123,✗ No,budget_exceeded
4,402,349,01-08,+25.0%,+80.80%,0.9040,126,✗ No,budget_exceeded
4,402,352,01-08,+25.0%,+80.10%,0.9005,133,✗ No,budget_exceeded
4,402,355,01-08,+25.0%,+79.73%,0.8986,138,✗ No,budget_exceeded
4,402,359,01-08,+25.0%,+78.93%,0.8946,146,✗ No,budget_exceeded
4,402,362,01-08,+25.0%,+78.58%,0.8929,148,✗ No,budget_exceeded
4,402,365,01-08,+25.0%,+78.08%,0.8904,152,✗ No,budget_exceeded
4,402,369,01-08,+25.0%,+77.32%,0.8866,157,✗ No,budget_exceeded
4,402,372,01-08,+25.0%,+76.89%,0.8845,159,✗ No,budget_exceeded
4,402,375,01-08,+25.0%,+76.29%,0.8815,162,✗ No,budget_exceeded
4,402,379,01-08,+25.0%,+75.65%,0.8783,168,✗ No,budget_exceeded
4,402,382,01-08,+25.0%,+75.20%,0.8760,172,✗ No,budget_exceeded
4,402,386,01-08,+25.0%,+74.66%,0.8733,177,✗ No,budget_exceeded
4,402,389,01-08,+25.0%,+74.24%,0.8712,180,✗ No,budget_exceeded
4,402,392,01-08,+25.0%,+73.74%,0.8687,185,✗ No,budget_exceeded
4,402,396,01-08,+25.0%,+72.09%,0.8605,189,✗ No,budget_exceeded
4,402,399,01-08,+25.0%,+71.29%,0.8565,195,✗ No,budget_exceeded
4,402,402,01-08,+25.0%,+70.44%,0.8522,226,✗ No,budget_exceeded
4,406,342,01-08,+25.0%,+80.60%,0.9030,120,✗ No,budget_exceeded
4,406,345,01-08,+25.0%,+80.08%,0.9004,123,✗ No,budget_exceeded
4,406,349,01-08,+25.0%,+79.70%,0.8985,127,✗ No,budget_exceeded
4,406,352,01-08,+25.0%,+79.31%,0.8965,132,✗ No,budget_exceeded
4,406,355,01-08,+25.0%,+78.93%,0.8947,137,✗ No,budget_exceeded
4,406,359,01-08,+25.0%,+78.15%,0.8908,145,✗ No,budget_exceeded
4,406,362,01-08,+25.0%,+77.76%,0.8888,147,✗ No,budget_exceeded
4,406,365,01-08,+25.0%,+77.29%,0.8864,151,✗ No,budget_exceeded
4,406,369,01-08,+25.0%,+76.63%,0.8831,155,✗ No,budget_exceeded
4,406,372,01-08,+25.0%,+76.20%,0.8810,157,✗ No,budget_exceeded
4,406,376,01-08,+25.0%,+75.59%,0.8780,160,✗ No,budget_exceeded
4,406,379,01-08,+25.0%,+75.05%,0.8752,166,✗ No,budget_exceeded
4,406,382,01-08,+25.0%,+74.58%,0.8729,170,✗ No,budget_exceeded
4,406,386,01-08,+25.0%,+74.06%,0.8703,175,✗ No,budget_exceeded
4,406,389,01-08,+25.0%,+73.59%,0.8680,178,✗ No,budget_exceeded
4,406,392,01-08,+25.0%,+71.94%,0.8597,185,✗ No,budget_exceeded
4,406,396,01-08,+25.0%,+71.31%,0.8565,188,✗ No,budget_exceeded
4,406,399,01-08,+25.0%,+70.47%,0.8524,193,✗ No,budget_exceeded
4,406,403,01-08,+25.0%,+68.75%,0.8437,207,✗ No,budget_exceeded
4,406,406,01-08,+25.0%,+68.00%,0.8400,237,✗ No,budget_exceeded
4,410,342,01-08,+25.0%,+79.71%,0.8986,122,✗ No,budget_exceeded
4,410,345,01-08,+25.0%,+79.46%,0.8973,124,✗ No,budget_exceeded
4,410,349,01-08,+25.0%,+78.95%,0.8947,129,✗ No,budget_exceeded
4,410,352,01-08,+25.0%,+78.52%,0.8926,133,✗ No,budget_exceeded
4,410,355,01-08,+25.0%,+78.15%,0.8908,138,✗ No,budget_exceeded
4,410,359,01-08,+25.0%,+77.17%,0.8858,146,✗ No,budget_exceeded
4,410,362,01-08,+25.0%,+76.82%,0.8841,148,✗ No,budget_exceeded
4,410,366,01-08,+25.0%,+76.54%,0.8827,149,✗ No,budget_exceeded
4,410,369,01-08,+25.0%,+75.81%,0.8790,154,✗ No,budget_exceeded
4,410,372,01-08,+25.0%,+75.42%,0.8771,156,✗ No,budget_exceeded
4,410,376,01-08,+25.0%,+74.87%,0.8744,159,✗ No,budget_exceeded
4,410,379,01-08,+25.0%,+74.39%,0.8719,164,✗ No,budget_exceeded
4,410,382,01-08,+25.0%,+73.95%,0.8697,168,✗ No,budget_exceeded
4,410,386,01-08,+25.0%,+73.36%,0.8668,173,✗ No,budget_exceeded
4,410,389,01-08,+25.0%,+71.87%,0.8593,176,✗ No,budget_exceeded
4,410,393,01-08,+25.0%,+70.90%,0.8545,182,✗ No,budget_exceeded
4,410,396,01-08,+25.0%,+70.42%,0.8521,185,✗ No,budget_exceeded
4,410,399,01-08,+25.0%,+68.81%,0.8440,192,✗ No,budget_exceeded
4,410,403,01-08,+25.0%,+67.87%,0.8393,205,✗ No,budget_exceeded
4,410,406,01-08,+25.0%,+67.26%,0.8363,210,✗ No,budget_exceeded
4,410,410,01-08,+25.0%,+65.69%,0.8285,260,✗ No,budget_exceeded
4,413,342,01-08,+25.0%,+78.27%,0.8913,121,✗ No,budget_exceeded
4,413,345,01-08,+25.0%,+77.95%,0.8898,124,✗ No,budget_exceeded
4,413,349,01-08,+25.0%,+77.49%,0.8874,128,✗ No,budget_exceeded
4,413,352,01-08,+25.0%,+76.93%,0.8846,133,✗ No,budget_exceeded
4,413,355,01-08,+25.0%,+76.60%,0.8830,138,✗ No,budget_exceeded
4,413,359,01-08,+25.0%,+75.68%,0.8784,145,✗ No,budget_exceeded
4,413,362,01-08,+25.0%,+75.40%,0.8770,147,✗ No,budget_exceeded
4,413,366,01-08,+25.0%,+75.04%,0.8752,148,✓ Yes,budget_exceeded
4,413,369,01-08,+25.0%,+74.54%,0.8727,151,✗ No,budget_exceeded
4,413,372,01-08,+25.0%,+74.30%,0.8715,152,✗ No,budget_exceeded
4,413,376,01-08,+25.0%,+73.52%,0.8676,156,✗ No,budget_exceeded
4,413,379,01-08,+25.0%,+72.09%,0.8604,159,✗ No,budget_exceeded
4,413,383,01-08,+25.0%,+71.64%,0.8582,163,✗ No,budget_exceeded
4,413,386,01-08,+25.0%,+70.82%,0.8541,168,✗ No,budget_exceeded
4,413,389,01-08,+25.0%,+70.41%,0.8520,172,✗ No,budget_exceeded
4,413,393,01-08,+25.0%,+68.93%,0.8446,178,✗ No,budget_exceeded
4,413,396,01-08,+25.0%,+68.58%,0.8429,180,✗ No,budget_exceeded
4,413,400,01-08,+25.0%,+67.93%,0.8397,186,✗ No,budget_exceeded
4,413,403,01-08,+25.0%,+67.26%,0.8363,195,✗ No,budget_exceeded
4,413,406,01-08,+25.0%,+66.47%,0.8323,201,✗ No,budget_exceeded
4,413,410,01-08,+25.0%,+62.93%,0.8146,221,✗ No,budget_exceeded
4,413,413,01-08,+25.0%,+62.01%,0.8100,274,✗ No,budget_exceeded
4,381,342,01-09,+25.0%,+86.07%,0.9303,115,✗ No,budget_exceeded
4,381,345,01-09,+25.0%,+85.59%,0.9279,120,✗ No,budget_exceeded
4,381,349,01-09,+25.0%,+85.20%,0.9260,124,✗ No,budget_exceeded
4,381,352,01-09,+25.0%,+84.86%,0.9243,128,✗ No,budget_exceeded
4,381,356,01-09,+25.0%,+84.32%,0.9216,135,✗ No,budget_exceeded
4,381,360,01-09,+25.0%,+83.76%,0.9188,144,✗ No,budget_exceeded
4,381,363,01-09,+25.0%,+83.22%,0.9161,148,✗ No,budget_exceeded
4,381,367,01-09,+25.0%,+82.64%,0.9132,153,✗ No,budget_exceeded
4,381,370,01-09,+25.0%,+81.73%,0.9087,162,✗ No,budget_exceeded
4,381,374,01-09,+25.0%,+81.03%,0.9051,169,✗ No,budget_exceeded
4,381,377,01-09,+25.0%,+80.24%,0.9012,178,✗ No,budget_exceeded
4,381,381,01-09,+25.0%,+79.65%,0.8982,215,✗ No,budget_exceeded
4,384,342,01-09,+25.0%,+85.68%,0.9284,116,✗ No,budget_exceeded
4,384,345,01-09,+25.0%,+85.20%,0.9260,121,✗ No,budget_exceeded
4,384,349,01-09,+25.0%,+84.83%,0.9242,125,✗ No,budget_exceeded
4,384,352,01-09,+25.0%,+84.48%,0.9224,129,✗ No,budget_exceeded
4,384,356,01-09,+25.0%,+83.96%,0.9198,135,✗ No,budget_exceeded
4,384,360,01-09,+25.0%,+83.38%,0.9169,144,✗ No,budget_exceeded
4,384,363,01-09,+25.0%,+82.84%,0.9142,148,✗ No,budget_exceeded
4,384,367,01-09,+25.0%,+82.27%,0.9114,153,✗ No,budget_exceeded
4,384,370,01-09,+25.0%,+81.31%,0.9066,161,✗ No,budget_exceeded
4,384,374,01-09,+25.0%,+80.51%,0.9025,169,✗ No,budget_exceeded
4,384,377,01-09,+25.0%,+79.72%,0.8986,176,✗ No,budget_exceeded
4,384,381,01-09,+25.0%,+79.14%,0.8957,184,✗ No,budget_exceeded
4,384,384,01-09,+25.0%,+78.64%,0.8932,216,✗ No,budget_exceeded
4,388,342,01-09,+25.0%,+85.18%,0.9259,116,✗ No,budget_exceeded
4,388,345,01-09,+25.0%,+84.79%,0.9240,120,✗ No,budget_exceeded
4,388,349,01-09,+25.0%,+84.42%,0.9221,124,✗ No,budget_exceeded
4,388,352,01-09,+25.0%,+84.05%,0.9203,128,✗ No,budget_exceeded
4,388,356,01-09,+25.0%,+83.54%,0.9177,134,✗ No,budget_exceeded
4,388,360,01-09,+25.0%,+82.83%,0.9142,143,✗ No,budget_exceeded
4,388,363,01-09,+25.0%,+82.39%,0.9119,146,✗ No,budget_exceeded
4,388,367,01-09,+25.0%,+81.54%,0.9077,153,✗ No,budget_exceeded
4,388,370,01-09,+25.0%,+80.66%,0.9033,161,✗ No,budget_exceeded
4,388,374,01-09,+25.0%,+79.92%,0.8996,166,✗ No,budget_exceeded
4,388,377,01-09,+25.0%,+79.23%,0.8962,172,✗ No,budget_exceeded
4,388,381,01-09,+25.0%,+78.67%,0.8933,179,✗ No,budget_exceeded
4,388,384,01-09,+25.0%,+78.08%,0.8904,188,✗ No,budget_exceeded
4,388,388,01-09,+25.0%,+77.33%,0.8867,226,✗ No,budget_exceeded
4,392,342,01-09,+25.0%,+84.64%,0.9232,119,✗ No,budget_exceeded
4,392,345,01-09,+25.0%,+84.24%,0.9212,123,✗ No,budget_exceeded
4,392,349,01-09,+25.0%,+83.84%,0.9192,127,✗ No,budget_exceeded
4,392,352,01-09,+25.0%,+83.47%,0.9174,131,✗ No,budget_exceeded
4,392,356,01-09,+25.0%,+82.95%,0.9148,137,✗ No,budget_exceeded
4,392,360,01-09,+25.0%,+82.22%,0.9111,146,✗ No,budget_exceeded
4,392,363,01-09,+25.0%,+81.46%,0.9073,150,✗ No,budget_exceeded
4,392,367,01-09,+25.0%,+80.63%,0.9032,156,✗ No,budget_exceeded
4,392,370,01-09,+25.0%,+79.92%,0.8996,162,✗ No,budget_exceeded
4,392,374,01-09,+25.0%,+79.25%,0.8962,166,✗ No,budget_exceeded
4,392,377,01-09,+25.0%,+78.48%,0.8924,172,✗ No,budget_exceeded
4,392,381,01-09,+25.0%,+77.90%,0.8895,178,✗ No,budget_exceeded
4,392,384,01-09,+25.0%,+77.34%,0.8867,185,✗ No,budget_exceeded
4,392,388,01-09,+25.0%,+76.71%,0.8836,194,✗ No,budget_exceeded
4,392,392,01-09,+25.0%,+76.04%,0.8802,231,✗ No,budget_exceeded
4,395,342,01-09,+25.0%,+84.20%,0.9210,119,✗ No,budget_exceeded
4,395,345,01-09,+25.0%,+83.71%,0.9185,124,✗ No,budget_exceeded
4,395,349,01-09,+25.0%,+83.32%,0.9166,128,✗ No,budget_exceeded
4,395,352,01-09,+25.0%,+82.93%,0.9147,132,✗ No,budget_exceeded
4,395,356,01-09,+25.0%,+82.38%,0.9119,139,✗ No,budget_exceeded
4,395,360,01-09,+25.0%,+81.15%,0.9057,148,✗ No,budget_exceeded
4,395,363,01-09,+25.0%,+80.45%,0.9023,152,✗ No,budget_exceeded
4,395,367,01-09,+25.0%,+79.86%,0.8993,155,✗ No,budget_exceeded
4,395,370,01-09,+25.0%,+79.07%,0.8954,160,✗ No,budget_exceeded
4,395,374,01-09,+25.0%,+78.42%,0.8921,164,✗ No,budget_exceeded
4,395,377,01-09,+25.0%,+77.67%,0.8883,169,✗ No,budget_exceeded
4,395,381,01-09,+25.0%,+77.14%,0.8857,175,✗ No,budget_exceeded
4,395,385,01-09,+25.0%,+76.68%,0.8834,180,✗ No,budget_exceeded
4,395,388,01-09,+25.0%,+76.08%,0.8804,184,✗ No,budget_exceeded
4,395,392,01-09,+25.0%,+75.44%,0.8772,192,✗ No,budget_exceeded
4,395,395,01-09,+25.0%,+74.86%,0.8743,222,✗ No,budget_exceeded
4,399,342,01-09,+25.0%,+83.44%,0.9172,120,✗ No,budget_exceeded
4,399,345,01-09,+25.0%,+83.05%,0.9153,123,✗ No,budget_exceeded
4,399,348,01-09,+25.0%,+82.68%,0.9134,126,✗ No,budget_exceeded
4,399,352,01-09,+25.0%,+82.14%,0.9107,133,✗ No,budget_exceeded
4,399,355,01-09,+25.0%,+81.13%,0.9056,139,✗ No,budget_exceeded
4,399,359,01-09,+25.0%,+80.19%,0.9009,148,✗ No,budget_exceeded
4,399,362,01-09,+25.0%,+79.83%,0.8991,150,✗ No,budget_exceeded
4,399,365,01-09,+25.0%,+79.39%,0.8970,153,✗ No,budget_exceeded
4,399,369,01-09,+25.0%,+78.62%,0.8931,158,✗ No,budget_exceeded
4,399,372,01-09,+25.0%,+78.13%,0.8907,161,✗ No,budget_exceeded
4,399,375,01-09,+25.0%,+77.43%,0.8871,165,✗ No,budget_exceeded
4,399,379,01-09,+25.0%,+76.86%,0.8843,170,✗ No,budget_exceeded
4,399,382,01-09,+25.0%,+76.30%,0.8815,176,✗ No,budget_exceeded
4,399,385,01-09,+25.0%,+75.74%,0.8787,182,✗ No,budget_exceeded
4,399,389,01-09,+25.0%,+75.30%,0.8765,185,✗ No,budget_exceeded
4,399,392,01-09,+25.0%,+74.66%,0.8733,192,✗ No,budget_exceeded
4,399,395,01-09,+25.0%,+74.20%,0.8710,195,✗ No,budget_exceeded
4,399,399,01-09,+25.0%,+72.29%,0.8614,244,✗ No,budget_exceeded
4,402,342,01-09,+25.0%,+82.08%,0.9104,121,✗ No,budget_exceeded
4,402,345,01-09,+25.0%,+81.17%,0.9059,124,✗ No,budget_exceeded
4,402,349,01-09,+25.0%,+80.55%,0.9028,127,✓ Yes,budget_exceeded
4,402,352,01-09,+25.0%,+80.11%,0.9006,134,✗ No,budget_exceeded
4,402,355,01-09,+25.0%,+79.75%,0.8987,139,✗ No,budget_exceeded
4,402,359,01-09,+25.0%,+78.95%,0.8947,147,✗ No,budget_exceeded
4,402,362,01-09,+25.0%,+78.59%,0.8930,149,✗ No,budget_exceeded
4,402,365,01-09,+25.0%,+78.09%,0.8904,153,✗ No,budget_exceeded
4,402,369,01-09,+25.0%,+77.39%,0.8870,157,✗ No,budget_exceeded
4,402,372,01-09,+25.0%,+76.92%,0.8846,160,✗ No,budget_exceeded
4,402,375,01-09,+25.0%,+76.30%,0.8815,163,✗ No,budget_exceeded
4,402,379,01-09,+25.0%,+75.71%,0.8785,168,✗ No,budget_exceeded
4,402,382,01-09,+25.0%,+75.26%,0.8763,172,✗ No,budget_exceeded
4,402,386,01-09,+25.0%,+74.78%,0.8739,176,✗ No,budget_exceeded
4,402,389,01-09,+25.0%,+74.37%,0.8718,179,✗ No,budget_exceeded
4,402,392,01-09,+25.0%,+73.77%,0.8688,185,✗ No,budget_exceeded
4,402,396,01-09,+25.0%,+72.17%,0.8608,189,✗ No,budget_exceeded
4,402,399,01-09,+25.0%,+71.46%,0.8573,193,✗ No,budget_exceeded
4,402,402,01-09,+25.0%,+70.62%,0.8531,224,✗ No,budget_exceeded
4,406,342,01-09,+25.0%,+80.42%,0.9021,121,✗ No,budget_exceeded
4,406,345,01-09,+25.0%,+80.10%,0.9005,124,✗ No,budget_exceeded
4,406,349,01-09,+25.0%,+79.73%,0.8986,128,✗ No,budget_exceeded
4,406,352,01-09,+25.0%,+79.32%,0.8966,133,✗ No,budget_exceeded
4,406,355,01-09,+25.0%,+78.96%,0.8948,138,✗ No,budget_exceeded
4,406,359,01-09,+25.0%,+78.17%,0.8908,146,✗ No,budget_exceeded
4,406,362,01-09,+25.0%,+77.77%,0.8888,148,✗ No,budget_exceeded
4,406,365,01-09,+25.0%,+77.37%,0.8868,151,✗ No,budget_exceeded
4,406,369,01-09,+25.0%,+76.65%,0.8832,156,✗ No,budget_exceeded
4,406,372,01-09,+25.0%,+76.21%,0.8811,158,✗ No,budget_exceeded
4,406,376,01-09,+25.0%,+75.61%,0.8780,161,✗ No,budget_exceeded
4,406,379,01-09,+25.0%,+75.10%,0.8755,166,✗ No,budget_exceeded
4,406,382,01-09,+25.0%,+74.64%,0.8732,170,✗ No,budget_exceeded
4,406,386,01-09,+25.0%,+74.19%,0.8709,174,✗ No,budget_exceeded
4,406,389,01-09,+25.0%,+73.72%,0.8686,177,✗ No,budget_exceeded
4,406,392,01-09,+25.0%,+72.08%,0.8604,184,✗ No,budget_exceeded
4,406,396,01-09,+25.0%,+71.45%,0.8572,187,✗ No,budget_exceeded
4,406,399,01-09,+25.0%,+70.66%,0.8533,192,✗ No,budget_exceeded
4,406,403,01-09,+25.0%,+68.94%,0.8447,206,✗ No,budget_exceeded
4,406,406,01-09,+25.0%,+68.19%,0.8410,236,✗ No,budget_exceeded
4,410,342,01-09,+25.0%,+79.74%,0.8987,123,✗ No,budget_exceeded
4,410,345,01-09,+25.0%,+79.48%,0.8974,125,✗ No,budget_exceeded
4,410,349,01-09,+25.0%,+78.97%,0.8949,130,✗ No,budget_exceeded
4,410,352,01-09,+25.0%,+78.54%,0.8927,134,✗ No,budget_exceeded
4,410,355,01-09,+25.0%,+78.16%,0.8908,139,✗ No,budget_exceeded
4,410,359,01-09,+25.0%,+77.19%,0.8859,147,✗ No,budget_exceeded
4,410,362,01-09,+25.0%,+76.86%,0.8843,149,✗ No,budget_exceeded
4,410,366,01-09,+25.0%,+76.56%,0.8828,150,✗ No,budget_exceeded
4,410,369,01-09,+25.0%,+75.82%,0.8791,155,✗ No,budget_exceeded
4,410,372,01-09,+25.0%,+75.44%,0.8772,157,✗ No,budget_exceeded
4,410,376,01-09,+25.0%,+74.95%,0.8748,159,✗ No,budget_exceeded
4,410,379,01-09,+25.0%,+74.45%,0.8723,164,✗ No,budget_exceeded
4,410,382,01-09,+25.0%,+74.02%,0.8701,168,✗ No,budget_exceeded
4,410,386,01-09,+25.0%,+72.32%,0.8616,173,✗ No,budget_exceeded
4,410,389,01-09,+25.0%,+71.95%,0.8597,176,✗ No,budget_exceeded
4,410,393,01-09,+25.0%,+71.00%,0.8550,182,✗ No,budget_exceeded
4,410,396,01-09,+25.0%,+70.56%,0.8528,184,✗ No,budget_exceeded
4,410,399,01-09,+25.0%,+68.95%,0.8447,192,✗ No,budget_exceeded
4,410,403,01-09,+25.0%,+68.07%,0.8403,204,✗ No,budget_exceeded
4,410,406,01-09,+25.0%,+67.40%,0.8370,210,✗ No,budget_exceeded
4,410,410,01-09,+25.0%,+65.90%,0.8295,259,✗ No,budget_exceeded
4,413,342,01-09,+25.0%,+78.48%,0.8924,121,✗ No,budget_exceeded
4,413,345,01-09,+25.0%,+78.16%,0.8908,124,✗ No,budget_exceeded
4,413,349,01-09,+25.0%,+77.70%,0.8885,128,✗ No,budget_exceeded
4,413,352,01-09,+25.0%,+77.14%,0.8857,133,✗ No,budget_exceeded
4,413,355,01-09,+25.0%,+76.81%,0.8840,138,✗ No,budget_exceeded
4,413,359,01-09,+25.0%,+75.89%,0.8795,145,✗ No,budget_exceeded
4,413,362,01-09,+25.0%,+75.61%,0.8780,147,✗ No,budget_exceeded
4,413,366,01-09,+25.0%,+75.25%,0.8762,148,✓ Yes,budget_exceeded
4,413,369,01-09,+25.0%,+74.75%,0.8737,151,✗ No,budget_exceeded
4,413,372,01-09,+25.0%,+74.51%,0.8726,152,✗ No,budget_exceeded
4,413,376,01-09,+25.0%,+73.73%,0.8687,156,✗ No,budget_exceeded
4,413,379,01-09,+25.0%,+72.30%,0.8615,159,✗ No,budget_exceeded
4,413,383,01-09,+25.0%,+71.85%,0.8593,163,✗ No,budget_exceeded
4,413,386,01-09,+25.0%,+71.03%,0.8552,168,✗ No,budget_exceeded
4,413,389,01-09,+25.0%,+70.61%,0.8531,172,✗ No,budget_exceeded
4,413,393,01-09,+25.0%,+69.14%,0.8457,178,✗ No,budget_exceeded
4,413,396,01-09,+25.0%,+68.79%,0.8440,180,✗ No,budget_exceeded
4,413,400,01-09,+25.0%,+68.14%,0.8407,186,✗ No,budget_exceeded
4,413,403,01-09,+25.0%,+67.47%,0.8373,195,✗ No,budget_exceeded
4,413,406,01-09,+25.0%,+66.68%,0.8334,201,✗ No,budget_exceeded
4,413,410,01-09,+25.0%,+63.13%,0.8157,221,✗ No,budget_exceeded
4,413,413,01-09,+25.0%,+62.22%,0.8111,274,✗ No,budget_exceeded
4,381,342,01-10,+25.0%,+85.93%,0.9297,117,✗ No,budget_exceeded
4,381,345,01-10,+25.0%,+85.45%,0.9273,122,✗ No,budget_exceeded
4,381,349,01-10,+25.0%,+85.09%,0.9254,126,✗ No,budget_exceeded
4,381,352,01-10,+25.0%,+84.74%,0.9237,129,✓ Yes,budget_exceeded
4,381,356,01-10,+25.0%,+84.18%,0.9209,137,✗ No,budget_exceeded
4,381,360,01-10,+25.0%,+83.70%,0.9185,145,✗ No,budget_exceeded
4,381,363,01-10,+25.0%,+83.07%,0.9153,150,✗ No,budget_exceeded
4,381,367,01-10,+25.0%,+82.51%,0.9125,155,✗ No,budget_exceeded
4,381,370,01-10,+25.0%,+81.59%,0.9080,164,✗ No,budget_exceeded
4,381,374,01-10,+25.0%,+80.87%,0.9044,171,✗ No,budget_exceeded
4,381,377,01-10,+25.0%,+80.12%,0.9006,180,✗ No,budget_exceeded
4,381,381,01-10,+25.0%,+79.53%,0.8977,216,✗ No,budget_exceeded
4,384,342,01-10,+25.0%,+85.56%,0.9278,118,✗ No,budget_exceeded
4,384,345,01-10,+25.0%,+85.10%,0.9255,122,✓ Yes,budget_exceeded
4,384,349,01-10,+25.0%,+84.72%,0.9236,127,✗ No,budget_exceeded
4,384,352,01-10,+25.0%,+84.43%,0.9222,130,✗ No,budget_exceeded
4,384,356,01-10,+25.0%,+83.92%,0.9196,136,✗ No,budget_exceeded
4,384,360,01-10,+25.0%,+83.33%,0.9166,145,✗ No,budget_exceeded
4,384,363,01-10,+25.0%,+82.79%,0.9140,149,✗ No,budget_exceeded
4,384,367,01-10,+25.0%,+81.96%,0.9098,156,✗ No,budget_exceeded
4,384,370,01-10,+25.0%,+81.19%,0.9060,163,✗ No,budget_exceeded
4,384,374,01-10,+25.0%,+80.46%,0.9023,170,✗ No,budget_exceeded
4,384,377,01-10,+25.0%,+79.68%,0.8984,177,✗ No,budget_exceeded
4,384,381,01-10,+25.0%,+79.09%,0.8955,185,✗ No,budget_exceeded
4,384,384,01-10,+25.0%,+78.53%,0.8926,218,✗ No,budget_exceeded
4,388,342,01-10,+25.0%,+85.14%,0.9257,117,✗ No,budget_exceeded
4,388,345,01-10,+25.0%,+84.68%,0.9234,122,✗ No,budget_exceeded
4,388,349,01-10,+25.0%,+84.30%,0.9215,126,✗ No,budget_exceeded
4,388,352,01-10,+25.0%,+83.94%,0.9197,130,✗ No,budget_exceeded
4,388,356,01-10,+25.0%,+83.50%,0.9175,135,✗ No,budget_exceeded
4,388,360,01-10,+25.0%,+82.79%,0.9139,144,✗ No,budget_exceeded
4,388,363,01-10,+25.0%,+82.26%,0.9113,148,✗ No,budget_exceeded
4,388,367,01-10,+25.0%,+81.42%,0.9071,155,✗ No,budget_exceeded
4,388,370,01-10,+25.0%,+80.62%,0.9031,162,✗ No,budget_exceeded
4,388,374,01-10,+25.0%,+79.88%,0.8994,167,✗ No,budget_exceeded
4,388,377,01-10,+25.0%,+79.13%,0.8956,174,✗ No,budget_exceeded
4,388,381,01-10,+25.0%,+78.56%,0.8928,181,✗ No,budget_exceeded
4,388,384,01-10,+25.0%,+77.96%,0.8898,190,✗ No,budget_exceeded
4,388,388,01-10,+25.0%,+77.30%,0.8865,227,✗ No,budget_exceeded
4,392,342,01-10,+25.0%,+84.60%,0.9230,120,✗ No,budget_exceeded
4,392,345,01-10,+25.0%,+84.11%,0.9206,125,✗ No,budget_exceeded
4,392,349,01-10,+25.0%,+83.73%,0.9186,129,✗ No,budget_exceeded
4,392,352,01-10,+25.0%,+83.36%,0.9168,133,✗ No,budget_exceeded
4,392,356,01-10,+25.0%,+82.83%,0.9141,139,✗ No,budget_exceeded
4,392,360,01-10,+25.0%,+81.88%,0.9094,148,✗ No,budget_exceeded
4,392,363,01-10,+25.0%,+81.34%,0.9067,152,✗ No,budget_exceeded
4,392,367,01-10,+25.0%,+80.59%,0.9030,157,✗ No,budget_exceeded
4,392,370,01-10,+25.0%,+79.87%,0.8994,163,✗ No,budget_exceeded
4,392,374,01-10,+25.0%,+79.15%,0.8957,168,✗ No,budget_exceeded
4,392,377,01-10,+25.0%,+78.37%,0.8918,174,✗ No,budget_exceeded
4,392,381,01-10,+25.0%,+77.79%,0.8890,180,✗ No,budget_exceeded
4,392,384,01-10,+25.0%,+77.31%,0.8865,186,✗ No,budget_exceeded
4,392,388,01-10,+25.0%,+76.67%,0.8833,195,✗ No,budget_exceeded
4,392,392,01-10,+25.0%,+75.92%,0.8796,233,✗ No,budget_exceeded
4,395,342,01-10,+25.0%,+84.08%,0.9204,121,✗ No,budget_exceeded
4,395,345,01-10,+25.0%,+83.66%,0.9183,125,✗ No,budget_exceeded
4,395,349,01-10,+25.0%,+83.27%,0.9164,129,✗ No,budget_exceeded
4,395,352,01-10,+25.0%,+82.81%,0.9141,134,✗ No,budget_exceeded
4,395,356,01-10,+25.0%,+82.26%,0.9113,141,✗ No,budget_exceeded
4,395,360,01-10,+25.0%,+81.11%,0.9055,149,✗ No,budget_exceeded
4,395,363,01-10,+25.0%,+80.41%,0.9021,153,✗ No,budget_exceeded
4,395,367,01-10,+25.0%,+79.82%,0.8991,156,✗ No,budget_exceeded
4,395,370,01-10,+25.0%,+79.03%,0.8952,161,✗ No,budget_exceeded
4,395,374,01-10,+25.0%,+78.31%,0.8916,166,✗ No,budget_exceeded
4,395,377,01-10,+25.0%,+77.58%,0.8879,171,✗ No,budget_exceeded
4,395,381,01-10,+25.0%,+77.11%,0.8856,176,✗ No,budget_exceeded
4,395,385,01-10,+25.0%,+76.64%,0.8832,181,✗ No,budget_exceeded
4,395,388,01-10,+25.0%,+75.97%,0.8798,185,✓ Yes,budget_exceeded
4,395,392,01-10,+25.0%,+75.33%,0.8767,194,✗ No,budget_exceeded
4,395,395,01-10,+25.0%,+74.83%,0.8741,223,✗ No,budget_exceeded
4,399,342,01-10,+25.0%,+83.40%,0.9170,121,✗ No,budget_exceeded
4,399,345,01-10,+25.0%,+82.92%,0.9146,125,✗ No,budget_exceeded
4,399,348,01-10,+25.0%,+82.56%,0.9128,128,✗ No,budget_exceeded
4,399,352,01-10,+25.0%,+81.46%,0.9073,135,✗ No,budget_exceeded
4,399,355,01-10,+25.0%,+81.09%,0.9054,140,✗ No,budget_exceeded
4,399,359,01-10,+25.0%,+80.15%,0.9008,149,✗ No,budget_exceeded
4,399,362,01-10,+25.0%,+79.79%,0.8990,151,✗ No,budget_exceeded
4,399,365,01-10,+25.0%,+79.30%,0.8965,155,✗ No,budget_exceeded
4,399,369,01-10,+25.0%,+78.52%,0.8926,160,✗ No,budget_exceeded
4,399,372,01-10,+25.0%,+78.09%,0.8904,162,✗ No,budget_exceeded
4,399,375,01-10,+25.0%,+77.34%,0.8867,167,✗ No,budget_exceeded
4,399,379,01-10,+25.0%,+76.83%,0.8841,171,✗ No,budget_exceeded
4,399,382,01-10,+25.0%,+76.28%,0.8814,177,✗ No,budget_exceeded
4,399,385,01-10,+25.0%,+75.70%,0.8785,183,✗ No,budget_exceeded
4,399,389,01-10,+25.0%,+75.26%,0.8763,186,✗ No,budget_exceeded
4,399,392,01-10,+25.0%,+74.63%,0.8731,193,✗ No,budget_exceeded
4,399,395,01-10,+25.0%,+74.17%,0.8708,196,✗ No,budget_exceeded
4,399,399,01-10,+25.0%,+72.26%,0.8613,245,✗ No,budget_exceeded
4,402,342,01-10,+25.0%,+81.41%,0.9071,123,✗ No,budget_exceeded
4,402,345,01-10,+25.0%,+81.07%,0.9053,126,✗ No,budget_exceeded
4,402,349,01-10,+25.0%,+80.52%,0.9026,129,✗ No,budget_exceeded
4,402,352,01-10,+25.0%,+80.02%,0.9001,136,✗ No,budget_exceeded
4,402,355,01-10,+25.0%,+79.65%,0.8982,141,✗ No,budget_exceeded
4,402,359,01-10,+25.0%,+78.86%,0.8943,149,✗ No,budget_exceeded
4,402,362,01-10,+25.0%,+78.50%,0.8925,151,✗ No,budget_exceeded
4,402,365,01-10,+25.0%,+78.04%,0.8902,154,✗ No,budget_exceeded
4,402,369,01-10,+25.0%,+77.31%,0.8866,159,✗ No,budget_exceeded
4,402,372,01-10,+25.0%,+76.89%,0.8844,161,✗ No,budget_exceeded
4,402,375,01-10,+25.0%,+76.28%,0.8814,164,✗ No,budget_exceeded
4,402,379,01-10,+25.0%,+75.68%,0.8784,169,✗ No,budget_exceeded
4,402,382,01-10,+25.0%,+75.22%,0.8761,173,✗ No,budget_exceeded
4,402,386,01-10,+25.0%,+74.69%,0.8735,178,✗ No,budget_exceeded
4,402,389,01-10,+25.0%,+74.28%,0.8714,181,✗ No,budget_exceeded
4,402,392,01-10,+25.0%,+72.57%,0.8628,188,✗ No,budget_exceeded
4,402,396,01-10,+25.0%,+72.14%,0.8607,190,✗ No,budget_exceeded
4,402,399,01-10,+25.0%,+71.11%,0.8556,196,✗ No,budget_exceeded
4,402,402,01-10,+25.0%,+70.40%,0.8520,228,✗ No,budget_exceeded
4,406,342,01-10,+25.0%,+80.32%,0.9016,123,✗ No,budget_exceeded
4,406,345,01-10,+25.0%,+80.07%,0.9004,125,✗ No,budget_exceeded
4,406,349,01-10,+25.0%,+79.70%,0.8985,129,✗ No,budget_exceeded
4,406,352,01-10,+25.0%,+79.24%,0.8962,135,✗ No,budget_exceeded
4,406,355,01-10,+25.0%,+78.93%,0.8946,139,✗ No,budget_exceeded
4,406,359,01-10,+25.0%,+78.06%,0.8903,148,✗ No,budget_exceeded
4,406,362,01-10,+25.0%,+77.67%,0.8884,150,✗ No,budget_exceeded
4,406,365,01-10,+25.0%,+77.29%,0.8864,153,✗ No,budget_exceeded
4,406,369,01-10,+25.0%,+76.61%,0.8831,157,✗ No,budget_exceeded
4,406,372,01-10,+25.0%,+76.19%,0.8809,159,✗ No,budget_exceeded
4,406,376,01-10,+25.0%,+75.52%,0.8776,163,✗ No,budget_exceeded
4,406,379,01-10,+25.0%,+75.07%,0.8754,167,✗ No,budget_exceeded
4,406,382,01-10,+25.0%,+74.62%,0.8731,171,✗ No,budget_exceeded
4,406,386,01-10,+25.0%,+74.16%,0.8708,175,✗ No,budget_exceeded
4,406,389,01-10,+25.0%,+72.54%,0.8627,180,✗ No,budget_exceeded
4,406,392,01-10,+25.0%,+72.05%,0.8603,185,✗ No,budget_exceeded
4,406,396,01-10,+25.0%,+71.10%,0.8555,190,✗ No,budget_exceeded
4,406,399,01-10,+25.0%,+70.48%,0.8524,194,✗ No,budget_exceeded
4,406,403,01-10,+25.0%,+68.91%,0.8446,207,✗ No,budget_exceeded
4,406,406,01-10,+25.0%,+68.17%,0.8408,237,✗ No,budget_exceeded
4,410,342,01-10,+25.0%,+79.71%,0.8985,124,✗ No,budget_exceeded
4,410,345,01-10,+25.0%,+79.39%,0.8969,127,✗ No,budget_exceeded
4,410,349,01-10,+25.0%,+78.95%,0.8947,131,✗ No,budget_exceeded
4,410,352,01-10,+25.0%,+78.51%,0.8926,135,✗ No,budget_exceeded
4,410,355,01-10,+25.0%,+78.13%,0.8907,140,✗ No,budget_exceeded
4,410,359,01-10,+25.0%,+77.17%,0.8859,148,✗ No,budget_exceeded
4,410,362,01-10,+25.0%,+76.83%,0.8842,150,✗ No,budget_exceeded
4,410,366,01-10,+25.0%,+76.46%,0.8823,152,✗ No,budget_exceeded
4,410,369,01-10,+25.0%,+75.80%,0.8790,156,✗ No,budget_exceeded
4,410,372,01-10,+25.0%,+75.42%,0.8771,158,✗ No,budget_exceeded
4,410,376,01-10,+25.0%,+74.88%,0.8744,161,✗ No,budget_exceeded
4,410,379,01-10,+25.0%,+74.43%,0.8721,165,✗ No,budget_exceeded
4,410,382,01-10,+25.0%,+73.93%,0.8697,169,✗ No,budget_exceeded
4,410,386,01-10,+25.0%,+72.30%,0.8615,174,✗ No,budget_exceeded
4,410,389,01-10,+25.0%,+71.75%,0.8587,178,✗ No,budget_exceeded
4,410,393,01-10,+25.0%,+70.92%,0.8546,184,✗ No,budget_exceeded
4,410,396,01-10,+25.0%,+70.30%,0.8515,188,✗ No,budget_exceeded
4,410,399,01-10,+25.0%,+68.92%,0.8446,193,✗ No,budget_exceeded
4,410,403,01-10,+25.0%,+68.01%,0.8401,205,✗ No,budget_exceeded
4,410,406,01-10,+25.0%,+67.26%,0.8363,211,✗ No,budget_exceeded
4,410,410,01-10,+25.0%,+65.45%,0.8273,264,✗ No,budget_exceeded
4,413,342,01-10,+25.0%,+78.45%,0.8923,122,✗ No,budget_exceeded
4,413,345,01-10,+25.0%,+78.13%,0.8907,125,✗ No,budget_exceeded
4,413,349,01-10,+25.0%,+77.61%,0.8881,130,✗ No,budget_exceeded
4,413,352,01-10,+25.0%,+77.12%,0.8856,134,✗ No,budget_exceeded
4,413,355,01-10,+25.0%,+76.79%,0.8839,139,✗ No,budget_exceeded
4,413,359,01-10,+25.0%,+75.81%,0.8790,147,✗ No,budget_exceeded
4,413,362,01-10,+25.0%,+75.58%,0.8779,148,✗ No,budget_exceeded
4,413,366,01-10,+25.0%,+75.22%,0.8761,150,✗ No,budget_exceeded
4,413,369,01-10,+25.0%,+74.73%,0.8737,152,✗ No,budget_exceeded
4,413,372,01-10,+25.0%,+74.43%,0.8721,154,✗ No,budget_exceeded
4,413,376,01-10,+25.0%,+73.70%,0.8685,157,✗ No,budget_exceeded
4,413,379,01-10,+25.0%,+72.28%,0.8614,160,✗ No,budget_exceeded
4,413,383,01-10,+25.0%,+71.66%,0.8583,165,✗ No,budget_exceeded
4,413,386,01-10,+25.0%,+71.01%,0.8550,169,✗ No,budget_exceeded
4,413,389,01-10,+25.0%,+70.44%,0.8522,174,✗ No,budget_exceeded
4,413,393,01-10,+25.0%,+69.12%,0.8456,179,✗ No,budget_exceeded
4,413,396,01-10,+25.0%,+68.70%,0.8435,182,✗ No,budget_exceeded
4,413,400,01-10,+25.0%,+68.03%,0.8401,188,✗ No,budget_exceeded
4,413,403,01-10,+25.0%,+67.27%,0.8364,197,✗ No,budget_exceeded
4,413,406,01-10,+25.0%,+66.06%,0.8303,205,✗ No,budget_exceeded
4,413,410,01-10,+25.0%,+62.87%,0.8143,224,✗ No,budget_exceeded
4,413,413,01-10,+25.0%,+62.25%,0.8112,274,✗ No,budget_exceeded
4,381,342,01-11,+25.0%,+85.78%,0.9289,119,✗ No,budget_exceeded
4,381,345,01-11,+25.0%,+85.37%,0.9269,123,✗ No,budget_exceeded
4,381,349,01-11,+25.0%,+85.01%,0.9251,127,✗ No,budget_exceeded
4,381,352,01-11,+25.0%,+84.66%,0.9233,131,✗ No,budget_exceeded
4,381,356,01-11,+25.0%,+84.10%,0.9205,138,✗ No,budget_exceeded
4,381,360,01-11,+25.0%,+83.55%,0.9177,147,✗ No,budget_exceeded
4,381,363,01-11,+25.0%,+82.98%,0.9149,151,✗ No,budget_exceeded
4,381,367,01-11,+25.0%,+82.17%,0.9108,158,✗ No,budget_exceeded
4,381,370,01-11,+25.0%,+81.43%,0.9072,166,✗ No,budget_exceeded
4,381,374,01-11,+25.0%,+80.72%,0.9036,173,✗ No,budget_exceeded
4,381,377,01-11,+25.0%,+79.97%,0.8999,182,✗ No,budget_exceeded
4,381,381,01-11,+25.0%,+79.46%,0.8973,217,✗ No,budget_exceeded
4,384,342,01-11,+25.0%,+85.41%,0.9270,120,✗ No,budget_exceeded
4,384,345,01-11,+25.0%,+85.02%,0.9251,124,✗ No,budget_exceeded
4,384,349,01-11,+25.0%,+84.64%,0.9232,128,✗ No,budget_exceeded
4,384,352,01-11,+25.0%,+84.26%,0.9213,132,✗ No,budget_exceeded
4,384,356,01-11,+25.0%,+83.76%,0.9188,138,✗ No,budget_exceeded
4,384,360,01-11,+25.0%,+83.16%,0.9158,147,✗ No,budget_exceeded
4,384,363,01-11,+25.0%,+82.63%,0.9131,151,✗ No,budget_exceeded
4,384,367,01-11,+25.0%,+81.79%,0.9090,158,✗ No,budget_exceeded
4,384,370,01-11,+25.0%,+81.00%,0.9050,165,✗ No,budget_exceeded
4,384,374,01-11,+25.0%,+80.32%,0.9016,172,✗ No,budget_exceeded
4,384,377,01-11,+25.0%,+79.53%,0.8977,179,✗ No,budget_exceeded
4,384,381,01-11,+25.0%,+78.95%,0.8947,187,✗ No,budget_exceeded
4,384,384,01-11,+25.0%,+78.36%,0.8918,220,✗ No,budget_exceeded
4,388,342,01-11,+25.0%,+85.01%,0.9250,119,✗ No,budget_exceeded
4,388,345,01-11,+25.0%,+84.60%,0.9230,123,✗ No,budget_exceeded
4,388,349,01-11,+25.0%,+84.15%,0.9207,128,✗ No,budget_exceeded
4,388,352,01-11,+25.0%,+83.78%,0.9189,132,✗ No,budget_exceeded
4,388,356,01-11,+25.0%,+83.34%,0.9167,137,✗ No,budget_exceeded
4,388,360,01-11,+25.0%,+82.62%,0.9131,146,✗ No,budget_exceeded
4,388,363,01-11,+25.0%,+81.93%,0.9096,151,✗ No,budget_exceeded
4,388,367,01-11,+25.0%,+81.23%,0.9061,157,✗ No,budget_exceeded
4,388,370,01-11,+25.0%,+80.47%,0.9023,164,✗ No,budget_exceeded
4,388,374,01-11,+25.0%,+79.73%,0.8987,169,✗ No,budget_exceeded
4,388,377,01-11,+25.0%,+78.98%,0.8949,176,✗ No,budget_exceeded
4,388,381,01-11,+25.0%,+78.39%,0.8919,183,✗ No,budget_exceeded
4,388,384,01-11,+25.0%,+77.87%,0.8894,191,✗ No,budget_exceeded
4,388,388,01-11,+25.0%,+77.22%,0.8861,228,✗ No,budget_exceeded
4,392,342,01-11,+25.0%,+84.45%,0.9222,122,✗ No,budget_exceeded
4,392,345,01-11,+25.0%,+84.03%,0.9202,126,✗ No,budget_exceeded
4,392,349,01-11,+25.0%,+83.57%,0.9179,131,✗ No,budget_exceeded
4,392,352,01-11,+25.0%,+83.19%,0.9159,135,✗ No,budget_exceeded
4,392,356,01-11,+25.0%,+82.66%,0.9133,141,✗ No,budget_exceeded
4,392,360,01-11,+25.0%,+81.70%,0.9085,150,✗ No,budget_exceeded
4,392,363,01-11,+25.0%,+81.02%,0.9051,155,✗ No,budget_exceeded
4,392,367,01-11,+25.0%,+80.44%,0.9022,159,✗ No,budget_exceeded
4,392,370,01-11,+25.0%,+79.73%,0.8986,165,✗ No,budget_exceeded
4,392,374,01-11,+25.0%,+79.06%,0.8953,169,✗ No,budget_exceeded
4,392,377,01-11,+25.0%,+78.27%,0.8914,175,✗ No,budget_exceeded
4,392,381,01-11,+25.0%,+77.71%,0.8885,181,✗ No,budget_exceeded
4,392,384,01-11,+25.0%,+77.23%,0.8862,187,✗ No,budget_exceeded
4,392,388,01-11,+25.0%,+76.51%,0.8826,197,✗ No,budget_exceeded
4,392,392,01-11,+25.0%,+75.84%,0.8792,234,✗ No,budget_exceeded
4,395,342,01-11,+25.0%,+84.00%,0.9200,122,✗ No,budget_exceeded
4,395,345,01-11,+25.0%,+83.51%,0.9175,127,✗ No,budget_exceeded
4,395,349,01-11,+25.0%,+83.10%,0.9155,131,✗ No,budget_exceeded
4,395,352,01-11,+25.0%,+82.65%,0.9132,136,✗ No,budget_exceeded
4,395,356,01-11,+25.0%,+81.56%,0.9078,144,✗ No,budget_exceeded
4,395,360,01-11,+25.0%,+80.76%,0.9038,151,✗ No,budget_exceeded
4,395,363,01-11,+25.0%,+80.27%,0.9014,155,✗ No,budget_exceeded
4,395,367,01-11,+25.0%,+79.67%,0.8984,158,✗ No,budget_exceeded
4,395,370,01-11,+25.0%,+78.89%,0.8944,163,✗ No,budget_exceeded
4,395,374,01-11,+25.0%,+78.14%,0.8907,168,✗ No,budget_exceeded
4,395,377,01-11,+25.0%,+77.50%,0.8875,172,✗ No,budget_exceeded
4,395,381,01-11,+25.0%,+77.03%,0.8851,177,✗ No,budget_exceeded
4,395,385,01-11,+25.0%,+76.49%,0.8824,183,✗ No,budget_exceeded
4,395,388,01-11,+25.0%,+75.88%,0.8794,187,✗ No,budget_exceeded
4,395,392,01-11,+25.0%,+75.24%,0.8762,195,✗ No,budget_exceeded
4,395,395,01-11,+25.0%,+74.68%,0.8734,225,✗ No,budget_exceeded
4,399,342,01-11,+25.0%,+83.24%,0.9162,123,✗ No,budget_exceeded
4,399,345,01-11,+25.0%,+82.76%,0.9138,127,✗ No,budget_exceeded
4,399,348,01-11,+25.0%,+82.39%,0.9119,130,✗ No,budget_exceeded
4,399,352,01-11,+25.0%,+81.30%,0.9065,137,✗ No,budget_exceeded
4,399,355,01-11,+25.0%,+80.74%,0.9037,142,✗ No,budget_exceeded
4,399,359,01-11,+25.0%,+80.01%,0.9001,151,✗ No,budget_exceeded
4,399,362,01-11,+25.0%,+79.64%,0.8982,153,✗ No,budget_exceeded
4,399,365,01-11,+25.0%,+79.21%,0.8961,156,✗ No,budget_exceeded
4,399,369,01-11,+25.0%,+78.42%,0.8921,161,✗ No,budget_exceeded
4,399,372,01-11,+25.0%,+77.94%,0.8897,164,✗ No,budget_exceeded
4,399,375,01-11,+25.0%,+77.26%,0.8863,168,✗ No,budget_exceeded
4,399,379,01-11,+25.0%,+76.66%,0.8833,173,✗ No,budget_exceeded
4,399,382,01-11,+25.0%,+76.12%,0.8806,179,✗ No,budget_exceeded
4,399,385,01-11,+25.0%,+75.55%,0.8777,185,✗ No,budget_exceeded
4,399,389,01-11,+25.0%,+75.12%,0.8756,188,✗ No,budget_exceeded
4,399,392,01-11,+25.0%,+74.48%,0.8724,195,✗ No,budget_exceeded
4,399,395,01-11,+25.0%,+72.81%,0.8640,202,✗ No,budget_exceeded
4,399,399,01-11,+25.0%,+71.94%,0.8597,248,✗ No,budget_exceeded
4,402,342,01-11,+25.0%,+81.25%,0.9063,125,✗ No,budget_exceeded
4,402,345,01-11,+25.0%,+80.73%,0.9037,128,✗ No,budget_exceeded
4,402,349,01-11,+25.0%,+80.37%,0.9019,131,✗ No,budget_exceeded
4,402,352,01-11,+25.0%,+79.94%,0.8997,137,✗ No,budget_exceeded
4,402,355,01-11,+25.0%,+79.56%,0.8978,142,✗ No,budget_exceeded
4,402,359,01-11,+25.0%,+78.78%,0.8939,150,✗ No,budget_exceeded
4,402,362,01-11,+25.0%,+78.40%,0.8920,152,✗ No,budget_exceeded
4,402,365,01-11,+25.0%,+77.89%,0.8895,156,✗ No,budget_exceeded
4,402,369,01-11,+25.0%,+77.24%,0.8862,160,✗ No,budget_exceeded
4,402,372,01-11,+25.0%,+76.80%,0.8840,162,✗ No,budget_exceeded
4,402,375,01-11,+25.0%,+76.12%,0.8806,166,✗ No,budget_exceeded
4,402,379,01-11,+25.0%,+75.52%,0.8776,171,✗ No,budget_exceeded
4,402,382,01-11,+25.0%,+75.08%,0.8754,175,✗ No,budget_exceeded
4,402,386,01-11,+25.0%,+74.60%,0.8730,179,✗ No,budget_exceeded
4,402,389,01-11,+25.0%,+74.15%,0.8708,182,✗ No,budget_exceeded
4,402,392,01-11,+25.0%,+72.48%,0.8624,189,✗ No,budget_exceeded
4,402,396,01-11,+25.0%,+71.88%,0.8594,192,✗ No,budget_exceeded
4,402,399,01-11,+25.0%,+71.03%,0.8551,197,✗ No,budget_exceeded
4,402,402,01-11,+25.0%,+69.43%,0.8472,230,✗ No,budget_exceeded
4,406,342,01-11,+25.0%,+80.19%,0.9009,125,✗ No,budget_exceeded
4,406,345,01-11,+25.0%,+79.93%,0.8997,127,✗ No,budget_exceeded
4,406,349,01-11,+25.0%,+79.55%,0.8977,131,✗ No,budget_exceeded
4,406,352,01-11,+25.0%,+79.16%,0.8958,136,✗ No,budget_exceeded
4,406,355,01-11,+25.0%,+78.79%,0.8939,141,✗ No,budget_exceeded
4,406,359,01-11,+25.0%,+77.97%,0.8898,149,✗ No,budget_exceeded
4,406,362,01-11,+25.0%,+77.59%,0.8879,151,✗ No,budget_exceeded
4,406,365,01-11,+25.0%,+77.21%,0.8860,154,✗ No,budget_exceeded
4,406,369,01-11,+25.0%,+76.46%,0.8823,159,✗ No,budget_exceeded
4,406,372,01-11,+25.0%,+76.03%,0.8802,161,✗ No,budget_exceeded
4,406,376,01-11,+25.0%,+75.42%,0.8771,164,✗ No,budget_exceeded
4,406,379,01-11,+25.0%,+74.99%,0.8750,168,✗ No,budget_exceeded
4,406,382,01-11,+25.0%,+74.47%,0.8723,173,✗ No,budget_exceeded
4,406,386,01-11,+25.0%,+72.97%,0.8649,178,✗ No,budget_exceeded
4,406,389,01-11,+25.0%,+72.46%,0.8623,181,✗ No,budget_exceeded
4,406,392,01-11,+25.0%,+71.51%,0.8576,188,✗ No,budget_exceeded
4,406,396,01-11,+25.0%,+71.01%,0.8551,191,✗ No,budget_exceeded
4,406,399,01-11,+25.0%,+69.47%,0.8474,197,✗ No,budget_exceeded
4,406,403,01-11,+25.0%,+68.66%,0.8433,210,✗ No,budget_exceeded
4,406,406,01-11,+25.0%,+68.02%,0.8401,240,✗ No,budget_exceeded
4,410,342,01-11,+25.0%,+79.56%,0.8978,126,✗ No,budget_exceeded
4,410,345,01-11,+25.0%,+79.31%,0.8966,128,✗ No,budget_exceeded
4,410,349,01-11,+25.0%,+78.81%,0.8940,133,✗ No,budget_exceeded
4,410,352,01-11,+25.0%,+78.36%,0.8918,137,✗ No,budget_exceeded
4,410,355,01-11,+25.0%,+77.97%,0.8898,142,✗ No,budget_exceeded
4,410,359,01-11,+25.0%,+77.04%,0.8852,150,✗ No,budget_exceeded
4,410,362,01-11,+25.0%,+76.74%,0.8837,151,✗ No,budget_exceeded
4,410,366,01-11,+25.0%,+76.38%,0.8819,153,✗ No,budget_exceeded
4,410,369,01-11,+25.0%,+75.65%,0.8782,158,✗ No,budget_exceeded
4,410,372,01-11,+25.0%,+75.27%,0.8763,160,✗ No,budget_exceeded
4,410,376,01-11,+25.0%,+74.79%,0.8739,162,✗ No,budget_exceeded
4,410,379,01-11,+25.0%,+74.34%,0.8717,166,✗ No,budget_exceeded
4,410,382,01-11,+25.0%,+72.67%,0.8633,171,✗ No,budget_exceeded
4,410,386,01-11,+25.0%,+72.21%,0.8611,175,✗ No,budget_exceeded
4,410,389,01-11,+25.0%,+71.44%,0.8572,179,✗ No,budget_exceeded
4,410,393,01-11,+25.0%,+70.68%,0.8534,186,✗ No,budget_exceeded
4,410,396,01-11,+25.0%,+69.35%,0.8467,190,✗ No,budget_exceeded
4,410,399,01-11,+25.0%,+68.67%,0.8434,196,✗ No,budget_exceeded
4,410,403,01-11,+25.0%,+67.94%,0.8397,206,✗ No,budget_exceeded
4,410,406,01-11,+25.0%,+67.14%,0.8357,213,✗ No,budget_exceeded
4,410,410,01-11,+25.0%,+64.58%,0.8229,267,✗ No,budget_exceeded
4,413,342,01-11,+25.0%,+78.30%,0.8915,124,✗ No,budget_exceeded
4,413,345,01-11,+25.0%,+77.97%,0.8898,127,✗ No,budget_exceeded
4,413,349,01-11,+25.0%,+77.53%,0.8877,131,✗ No,budget_exceeded
4,413,352,01-11,+25.0%,+76.99%,0.8850,136,✗ No,budget_exceeded
4,413,355,01-11,+25.0%,+76.70%,0.8835,140,✗ No,budget_exceeded
4,413,359,01-11,+25.0%,+75.72%,0.8786,148,✗ No,budget_exceeded
4,413,362,01-11,+25.0%,+75.43%,0.8771,150,✗ No,budget_exceeded
4,413,366,01-11,+25.0%,+75.13%,0.8756,151,✗ No,budget_exceeded
4,413,369,01-11,+25.0%,+74.59%,0.8729,154,✗ No,budget_exceeded
4,413,372,01-11,+25.0%,+74.34%,0.8717,155,✗ No,budget_exceeded
4,413,376,01-11,+25.0%,+72.48%,0.8624,159,✗ No,budget_exceeded
4,413,379,01-11,+25.0%,+72.20%,0.8610,161,✗ No,budget_exceeded
4,413,383,01-11,+25.0%,+71.30%,0.8565,167,✗ No,budget_exceeded
4,413,386,01-11,+25.0%,+70.87%,0.8543,171,✗ No,budget_exceeded
4,413,389,01-11,+25.0%,+69.48%,0.8474,176,✗ No,budget_exceeded
4,413,393,01-11,+25.0%,+69.04%,0.8452,180,✗ No,budget_exceeded
4,413,396,01-11,+25.0%,+68.48%,0.8424,185,✗ No,budget_exceeded
4,413,400,01-11,+25.0%,+67.96%,0.8398,189,✗ No,budget_exceeded
4,413,403,01-11,+25.0%,+67.15%,0.8358,199,✗ No,budget_exceeded
4,413,406,01-11,+25.0%,+64.72%,0.8236,209,✗ No,budget_exceeded
4,413,410,01-11,+25.0%,+62.78%,0.8139,225,✗ No,budget_exceeded
4,413,413,01-11,+25.0%,+62.18%,0.8109,275,✗ No,budget_exceeded
4,381,342,01-12,+25.0%,+85.63%,0.9281,121,✗ No,budget_exceeded
4,381,345,01-12,+25.0%,+85.24%,0.9262,125,✗ No,budget_exceeded
4,381,349,01-12,+25.0%,+84.87%,0.9243,129,✗ No,budget_exceeded
4,381,352,01-12,+25.0%,+84.49%,0.9225,133,✗ No,budget_exceeded
4,381,356,01-12,+25.0%,+83.95%,0.9197,140,✗ No,budget_exceeded
4,381,360,01-12,+25.0%,+83.37%,0.9169,149,✗ No,budget_exceeded
4,381,363,01-12,+25.0%,+82.82%,0.9141,153,✗ No,budget_exceeded
4,381,367,01-12,+25.0%,+82.00%,0.9100,160,✗ No,budget_exceeded
4,381,370,01-12,+25.0%,+81.25%,0.9063,168,✗ No,budget_exceeded
4,381,374,01-12,+25.0%,+80.64%,0.9032,174,✗ No,budget_exceeded
4,381,377,01-12,+25.0%,+79.89%,0.8994,183,✗ No,budget_exceeded
4,381,381,01-12,+25.0%,+79.31%,0.8965,219,✗ No,budget_exceeded
4,384,342,01-12,+25.0%,+85.27%,0.9264,122,✗ No,budget_exceeded
4,384,345,01-12,+25.0%,+84.87%,0.9244,126,✗ No,budget_exceeded
4,384,349,01-12,+25.0%,+84.48%,0.9224,130,✗ No,budget_exceeded
4,384,352,01-12,+25.0%,+84.12%,0.9206,134,✗ No,budget_exceeded
4,384,356,01-12,+25.0%,+83.60%,0.9180,140,✗ No,budget_exceeded
4,384,360,01-12,+25.0%,+82.99%,0.9150,149,✗ No,budget_exceeded
4,384,363,01-12,+25.0%,+82.31%,0.9116,154,✗ No,budget_exceeded
4,384,367,01-12,+25.0%,+81.63%,0.9082,160,✗ No,budget_exceeded
4,384,370,01-12,+25.0%,+80.85%,0.9043,167,✗ No,budget_exceeded
4,384,374,01-12,+25.0%,+80.24%,0.9012,173,✗ No,budget_exceeded
4,384,377,01-12,+25.0%,+79.45%,0.8972,180,✗ No,budget_exceeded
4,384,381,01-12,+25.0%,+78.79%,0.8939,189,✗ No,budget_exceeded
4,384,384,01-12,+25.0%,+78.27%,0.8913,221,✗ No,budget_exceeded
4,388,342,01-12,+25.0%,+84.86%,0.9243,121,✗ No,budget_exceeded
4,388,345,01-12,+25.0%,+84.44%,0.9222,125,✗ No,budget_exceeded
4,388,349,01-12,+25.0%,+84.06%,0.9203,129,✗ No,budget_exceeded
4,388,352,01-12,+25.0%,+83.69%,0.9185,133,✗ No,budget_exceeded
4,388,356,01-12,+25.0%,+83.17%,0.9159,139,✗ No,budget_exceeded
4,388,360,01-12,+25.0%,+82.30%,0.9115,149,✗ No,budget_exceeded
4,388,363,01-12,+25.0%,+81.77%,0.9089,153,✗ No,budget_exceeded
4,388,367,01-12,+25.0%,+81.07%,0.9053,159,✗ No,budget_exceeded
4,388,370,01-12,+25.0%,+80.33%,0.9016,166,✗ No,budget_exceeded
4,388,374,01-12,+25.0%,+79.65%,0.8983,170,✗ No,budget_exceeded
4,388,377,01-12,+25.0%,+78.90%,0.8945,177,✗ No,budget_exceeded
4,388,381,01-12,+25.0%,+78.29%,0.8915,184,✗ No,budget_exceeded
4,388,384,01-12,+25.0%,+77.74%,0.8887,193,✗ No,budget_exceeded
4,388,388,01-12,+25.0%,+77.07%,0.8853,230,✗ No,budget_exceeded
4,392,342,01-12,+25.0%,+84.30%,0.9215,124,✗ No,budget_exceeded
4,392,345,01-12,+25.0%,+83.88%,0.9194,128,✗ No,budget_exceeded
4,392,349,01-12,+25.0%,+83.40%,0.9170,133,✗ No,budget_exceeded
4,392,352,01-12,+25.0%,+83.03%,0.9151,137,✗ No,budget_exceeded
4,392,356,01-12,+25.0%,+82.29%,0.9114,143,✗ No,budget_exceeded
4,392,360,01-12,+25.0%,+81.55%,0.9077,152,✗ No,budget_exceeded
4,392,363,01-12,+25.0%,+80.87%,0.9044,157,✗ No,budget_exceeded
4,392,367,01-12,+25.0%,+80.30%,0.9015,161,✗ No,budget_exceeded
4,392,370,01-12,+25.0%,+79.65%,0.8982,166,✗ No,budget_exceeded
4,392,374,01-12,+25.0%,+78.92%,0.8946,171,✗ No,budget_exceeded
4,392,377,01-12,+25.0%,+78.12%,0.8906,177,✗ No,budget_exceeded
4,392,381,01-12,+25.0%,+77.63%,0.8882,182,✗ No,budget_exceeded
4,392,384,01-12,+25.0%,+77.08%,0.8854,189,✗ No,budget_exceeded
4,392,388,01-12,+25.0%,+76.36%,0.8818,199,✗ No,budget_exceeded
4,392,392,01-12,+25.0%,+75.68%,0.8784,236,✗ No,budget_exceeded
4,395,342,01-12,+25.0%,+83.85%,0.9192,124,✗ No,budget_exceeded
4,395,345,01-12,+25.0%,+83.34%,0.9167,129,✗ No,budget_exceeded
4,395,349,01-12,+25.0%,+82.94%,0.9147,133,✗ No,budget_exceeded
4,395,352,01-12,+25.0%,+81.94%,0.9097,139,✗ No,budget_exceeded
4,395,356,01-12,+25.0%,+81.22%,0.9061,146,✗ No,budget_exceeded
4,395,360,01-12,+25.0%,+80.62%,0.9031,153,✗ No,budget_exceeded
4,395,363,01-12,+25.0%,+80.12%,0.9006,157,✗ No,budget_exceeded
4,395,367,01-12,+25.0%,+79.53%,0.8977,160,✗ No,budget_exceeded
4,395,370,01-12,+25.0%,+78.73%,0.8937,165,✗ No,budget_exceeded
4,395,374,01-12,+25.0%,+78.06%,0.8903,169,✗ No,budget_exceeded
4,395,377,01-12,+25.0%,+77.42%,0.8871,173,✗ No,budget_exceeded
4,395,381,01-12,+25.0%,+76.86%,0.8843,179,✗ No,budget_exceeded
4,395,385,01-12,+25.0%,+76.33%,0.8816,185,✗ No,budget_exceeded
4,395,388,01-12,+25.0%,+75.72%,0.8786,189,✗ No,budget_exceeded
4,395,392,01-12,+25.0%,+75.10%,0.8755,197,✗ No,budget_exceeded
4,395,395,01-12,+25.0%,+74.59%,0.8730,226,✗ No,budget_exceeded
4,399,342,01-12,+25.0%,+83.07%,0.9154,125,✗ No,budget_exceeded
4,399,345,01-12,+25.0%,+82.60%,0.9130,129,✗ No,budget_exceeded
4,399,348,01-12,+25.0%,+81.67%,0.9084,132,✗ No,budget_exceeded
4,399,352,01-12,+25.0%,+80.97%,0.9048,139,✗ No,budget_exceeded
4,399,355,01-12,+25.0%,+80.59%,0.9030,144,✗ No,budget_exceeded
4,399,359,01-12,+25.0%,+79.86%,0.8993,153,✗ No,budget_exceeded
4,399,362,01-12,+25.0%,+79.50%,0.8975,155,✗ No,budget_exceeded
4,399,365,01-12,+25.0%,+79.07%,0.8954,158,✗ No,budget_exceeded
4,399,369,01-12,+25.0%,+78.26%,0.8913,163,✗ No,budget_exceeded
4,399,372,01-12,+25.0%,+77.86%,0.8893,165,✗ No,budget_exceeded
4,399,375,01-12,+25.0%,+77.11%,0.8856,170,✗ No,budget_exceeded
4,399,379,01-12,+25.0%,+76.51%,0.8825,175,✗ No,budget_exceeded
4,399,382,01-12,+25.0%,+76.03%,0.8802,180,✗ No,budget_exceeded
4,399,385,01-12,+25.0%,+75.46%,0.8773,186,✗ No,budget_exceeded
4,399,389,01-12,+25.0%,+75.04%,0.8752,189,✗ No,budget_exceeded
4,399,392,01-12,+25.0%,+74.36%,0.8718,196,✗ No,budget_exceeded
4,399,395,01-12,+25.0%,+72.73%,0.8636,203,✗ No,budget_exceeded
4,399,399,01-12,+25.0%,+71.62%,0.8581,253,✗ No,budget_exceeded
4,402,342,01-12,+25.0%,+80.92%,0.9046,127,✗ No,budget_exceeded
4,402,345,01-12,+25.0%,+80.58%,0.9029,130,✗ No,budget_exceeded
4,402,349,01-12,+25.0%,+80.30%,0.9015,132,✗ No,budget_exceeded
4,402,352,01-12,+25.0%,+79.79%,0.8990,139,✗ No,budget_exceeded
4,402,355,01-12,+25.0%,+79.43%,0.8971,144,✗ No,budget_exceeded
4,402,359,01-12,+25.0%,+78.62%,0.8931,152,✗ No,budget_exceeded
4,402,362,01-12,+25.0%,+78.24%,0.8912,154,✗ No,budget_exceeded
4,402,365,01-12,+25.0%,+77.81%,0.8891,157,✗ No,budget_exceeded
4,402,369,01-12,+25.0%,+77.09%,0.8855,162,✗ No,budget_exceeded
4,402,372,01-12,+25.0%,+76.65%,0.8833,164,✗ No,budget_exceeded
4,402,375,01-12,+25.0%,+76.04%,0.8802,167,✗ No,budget_exceeded
4,402,379,01-12,+25.0%,+75.44%,0.8772,172,✗ No,budget_exceeded
4,402,382,01-12,+25.0%,+74.99%,0.8750,176,✗ No,budget_exceeded
4,402,386,01-12,+25.0%,+74.42%,0.8721,181,✗ No,budget_exceeded
4,402,389,01-12,+25.0%,+72.91%,0.8646,185,✗ No,budget_exceeded
4,402,392,01-12,+25.0%,+72.17%,0.8608,192,✗ No,budget_exceeded
4,402,396,01-12,+25.0%,+71.48%,0.8574,195,✗ No,budget_exceeded
4,402,399,01-12,+25.0%,+70.70%,0.8535,201,✗ No,budget_exceeded
4,402,402,01-12,+25.0%,+69.29%,0.8465,232,✗ No,budget_exceeded
4,406,342,01-12,+25.0%,+80.10%,0.9005,126,✗ No,budget_exceeded
4,406,345,01-12,+25.0%,+79.79%,0.8989,129,✗ No,budget_exceeded
4,406,349,01-12,+25.0%,+79.41%,0.8970,133,✗ No,budget_exceeded
4,406,352,01-12,+25.0%,+79.02%,0.8951,138,✗ No,budget_exceeded
4,406,355,01-12,+25.0%,+78.63%,0.8931,143,✗ No,budget_exceeded
4,406,359,01-12,+25.0%,+77.83%,0.8891,151,✗ No,budget_exceeded
4,406,362,01-12,+25.0%,+77.46%,0.8873,153,✗ No,budget_exceeded
4,406,365,01-12,+25.0%,+77.06%,0.8853,156,✗ No,budget_exceeded
4,406,369,01-12,+25.0%,+76.37%,0.8819,160,✗ No,budget_exceeded
4,406,372,01-12,+25.0%,+75.89%,0.8794,163,✗ No,budget_exceeded
4,406,376,01-12,+25.0%,+75.29%,0.8764,166,✗ No,budget_exceeded
4,406,379,01-12,+25.0%,+74.85%,0.8742,170,✗ No,budget_exceeded
4,406,382,01-12,+25.0%,+74.33%,0.8717,174,✗ No,budget_exceeded
4,406,386,01-12,+25.0%,+72.73%,0.8637,180,✗ No,budget_exceeded
4,406,389,01-12,+25.0%,+72.15%,0.8607,184,✗ No,budget_exceeded
4,406,392,01-12,+25.0%,+71.39%,0.8570,190,✗ No,budget_exceeded
4,406,396,01-12,+25.0%,+70.69%,0.8535,195,✗ No,budget_exceeded
4,406,399,01-12,+25.0%,+69.33%,0.8467,199,✗ No,budget_exceeded
4,406,403,01-12,+25.0%,+68.58%,0.8429,211,✗ No,budget_exceeded
4,406,406,01-12,+25.0%,+67.75%,0.8388,243,✗ No,budget_exceeded
4,410,342,01-12,+25.0%,+79.49%,0.8974,127,✗ No,budget_exceeded
4,410,345,01-12,+25.0%,+79.17%,0.8959,130,✗ No,budget_exceeded
4,410,349,01-12,+25.0%,+78.72%,0.8936,134,✗ No,budget_exceeded
4,410,352,01-12,+25.0%,+78.19%,0.8910,139,✗ No,budget_exceeded
4,410,355,01-12,+25.0%,+77.83%,0.8891,144,✗ No,budget_exceeded
4,410,359,01-12,+25.0%,+76.95%,0.8847,151,✗ No,budget_exceeded
4,410,362,01-12,+25.0%,+76.59%,0.8830,153,✗ No,budget_exceeded
4,410,366,01-12,+25.0%,+76.23%,0.8812,155,✗ No,budget_exceeded
4,410,369,01-12,+25.0%,+75.56%,0.8778,159,✗ No,budget_exceeded
4,410,372,01-12,+25.0%,+75.19%,0.8759,161,✗ No,budget_exceeded
4,410,376,01-12,+25.0%,+74.65%,0.8732,164,✗ No,budget_exceeded
4,410,379,01-12,+25.0%,+74.14%,0.8707,168,✗ No,budget_exceeded
4,410,382,01-12,+25.0%,+72.54%,0.8627,173,✗ No,budget_exceeded
4,410,386,01-12,+25.0%,+71.68%,0.8584,178,✗ No,budget_exceeded
4,410,389,01-12,+25.0%,+71.30%,0.8565,181,✗ No,budget_exceeded
4,410,393,01-12,+25.0%,+69.71%,0.8486,188,✗ No,budget_exceeded
4,410,396,01-12,+25.0%,+69.26%,0.8463,191,✗ No,budget_exceeded
4,410,399,01-12,+25.0%,+68.59%,0.8429,197,✗ No,budget_exceeded
4,410,403,01-12,+25.0%,+67.68%,0.8384,208,✗ No,budget_exceeded
4,410,406,01-12,+25.0%,+66.47%,0.8323,217,✗ No,budget_exceeded
4,410,410,01-12,+25.0%,+63.36%,0.8168,274,✗ No,budget_exceeded
4,413,342,01-12,+25.0%,+78.14%,0.8907,126,✗ No,budget_exceeded
4,413,345,01-12,+25.0%,+77.89%,0.8895,128,✗ No,budget_exceeded
4,413,349,01-12,+25.0%,+77.46%,0.8873,132,✗ No,budget_exceeded
4,413,352,01-12,+25.0%,+76.91%,0.8845,137,✗ No,budget_exceeded
4,413,355,01-12,+25.0%,+76.55%,0.8828,142,✗ No,budget_exceeded
4,413,359,01-12,+25.0%,+75.57%,0.8779,150,✗ No,budget_exceeded
4,413,362,01-12,+25.0%,+75.35%,0.8767,151,✗ No,budget_exceeded
4,413,366,01-12,+25.0%,+74.99%,0.8750,153,✗ No,budget_exceeded
4,413,369,01-12,+25.0%,+74.50%,0.8725,155,✗ No,budget_exceeded
4,413,372,01-12,+25.0%,+74.13%,0.8706,157,✗ No,budget_exceeded
4,413,376,01-12,+25.0%,+72.40%,0.8620,160,✗ No,budget_exceeded
4,413,379,01-12,+25.0%,+71.67%,0.8583,164,✗ No,budget_exceeded
4,413,383,01-12,+25.0%,+71.21%,0.8561,168,✗ No,budget_exceeded
4,413,386,01-12,+25.0%,+70.63%,0.8531,173,✗ No,budget_exceeded
4,413,389,01-12,+25.0%,+69.40%,0.8470,177,✗ No,budget_exceeded
4,413,393,01-12,+25.0%,+68.81%,0.8440,183,✗ No,budget_exceeded
4,413,396,01-12,+25.0%,+68.36%,0.8418,186,✗ No,budget_exceeded
4,413,400,01-12,+25.0%,+67.70%,0.8385,191,✗ No,budget_exceeded
4,413,403,01-12,+25.0%,+66.48%,0.8324,203,✗ No,budget_exceeded
4,413,406,01-12,+25.0%,+63.75%,0.8187,212,✗ No,budget_exceeded
4,413,410,01-12,+25.0%,+62.74%,0.8137,225,✗ No,budget_exceeded
4,413,413,01-12,+25.0%,+62.14%,0.8107,275,✗ No,budget_exceeded
5,377,338,01-09,+25.0%,+86.63%,0.9331,113,✗ No,budget_exceeded
5,377,340,01-09,+25.0%,+86.57%,0.9328,113,✗ No,budget_exceeded
5,377,341,01-09,+25.0%,+86.44%,0.9322,115,✗ No,budget_exceeded
5,377,343,01-09,+25.0%,+86.31%,0.9316,116,✗ No,budget_exceeded
5,377,344,01-09,+25.0%,+86.11%,0.9306,118,✗ No,budget_exceeded
5,377,346,01-09,+25.0%,+85.90%,0.9295,120,✗ No,budget_exceeded
5,377,347,01-09,+25.0%,+85.77%,0.9289,121,✗ No,budget_exceeded
5,377,349,01-09,+25.0%,+85.68%,0.9284,122,✗ No,budget_exceeded
5,377,350,01-09,+25.0%,+85.51%,0.9276,124,✗ No,budget_exceeded
5,377,352,01-09,+25.0%,+85.26%,0.9263,127,✗ No,budget_exceeded
5,377,353,01-09,+25.0%,+85.08%,0.9254,130,✗ No,budget_exceeded
5,377,355,01-09,+25.0%,+84.99%,0.9249,131,✗ No,budget_exceeded
5,377,356,01-09,+25.0%,+84.66%,0.9233,137,✗ No,budget_exceeded
5,377,358,01-09,+25.0%,+84.43%,0.9221,142,✗ No,budget_exceeded
5,377,359,01-09,+25.0%,+84.24%,0.9212,144,✗ No,budget_exceeded
5,377,361,01-09,+25.0%,+83.94%,0.9197,146,✗ No,budget_exceeded
5,377,362,01-09,+25.0%,+83.76%,0.9188,147,✗ No,budget_exceeded
5,377,364,01-09,+25.0%,+83.56%,0.9178,149,✗ No,budget_exceeded
5,377,365,01-09,+25.0%,+83.33%,0.9166,151,✗ No,budget_exceeded
5,377,367,01-09,+25.0%,+83.04%,0.9152,154,✗ No,budget_exceeded
5,377,368,01-09,+25.0%,+82.78%,0.9139,158,✗ No,budget_exceeded
5,377,370,01-09,+25.0%,+82.44%,0.9122,162,✗ No,budget_exceeded
5,377,371,01-09,+25.0%,+82.23%,0.9112,164,✗ No,budget_exceeded
5,377,373,01-09,+25.0%,+81.74%,0.9087,167,✗ No,budget_exceeded
5,377,374,01-09,+25.0%,+81.39%,0.9069,172,✗ No,budget_exceeded
5,377,376,01-09,+25.0%,+81.14%,0.9057,177,✗ No,budget_exceeded
5,377,377,01-09,+25.0%,+80.80%,0.9040,192,✗ No,budget_exceeded
5,379,338,01-09,+25.0%,+86.45%,0.9322,112,✗ No,budget_exceeded
5,379,340,01-09,+25.0%,+86.39%,0.9320,112,✗ No,budget_exceeded
5,379,341,01-09,+25.0%,+86.27%,0.9313,114,✗ No,budget_exceeded
5,379,343,01-09,+25.0%,+86.21%,0.9310,114,✗ No,budget_exceeded
5,379,344,01-09,+25.0%,+85.93%,0.9297,117,✗ No,budget_exceeded
5,379,346,01-09,+25.0%,+85.72%,0.9286,119,✗ No,budget_exceeded
5,379,347,01-09,+25.0%,+85.60%,0.9280,120,✗ No,budget_exceeded
5,379,349,01-09,+25.0%,+85.51%,0.9276,121,✗ No,budget_exceeded
5,379,350,01-09,+25.0%,+85.26%,0.9263,124,✗ No,budget_exceeded
5,379,352,01-09,+25.0%,+85.10%,0.9255,126,✗ No,budget_exceeded
5,379,353,01-09,+25.0%,+84.98%,0.9249,128,✗ No,budget_exceeded
5,379,355,01-09,+25.0%,+84.83%,0.9241,130,✗ No,budget_exceeded
5,379,356,01-09,+25.0%,+84.48%,0.9224,135,✗ No,budget_exceeded
5,379,358,01-09,+25.0%,+84.25%,0.9212,140,✗ No,budget_exceeded
5,379,359,01-09,+25.0%,+83.97%,0.9199,143,✗ No,budget_exceeded
5,379,361,01-09,+25.0%,+83.76%,0.9188,144,✗ No,budget_exceeded
5,379,362,01-09,+25.0%,+83.58%,0.9179,145,✗ No,budget_exceeded
5,379,364,01-09,+25.0%,+83.39%,0.9170,147,✗ No,budget_exceeded
5,379,365,01-09,+25.0%,+83.15%,0.9158,149,✗ No,budget_exceeded
5,379,367,01-09,+25.0%,+82.86%,0.9143,152,✗ No,budget_exceeded
5,379,368,01-09,+25.0%,+82.60%,0.9130,155,✗ No,budget_exceeded
5,379,370,01-09,+25.0%,+82.26%,0.9113,159,✗ No,budget_exceeded
5,379,371,01-09,+25.0%,+81.91%,0.9095,161,✗ No,budget_exceeded
5,379,373,01-09,+25.0%,+81.55%,0.9078,163,✗ No,budget_exceeded
5,379,374,01-09,+25.0%,+81.21%,0.9060,168,✗ No,budget_exceeded
5,379,376,01-09,+25.0%,+80.86%,0.9043,172,✗ No,budget_exceeded
5,379,377,01-09,+25.0%,+80.59%,0.9030,178,✗ No,budget_exceeded
5,379,379,01-09,+25.0%,+80.29%,0.9014,200,✗ No,budget_exceeded
5,380,338,01-09,+25.0%,+86.31%,0.9316,113,✗ No,budget_exceeded
5,380,340,01-09,+25.0%,+86.25%,0.9313,113,✗ No,budget_exceeded
5,380,341,01-09,+25.0%,+86.20%,0.9310,114,✗ No,budget_exceeded
5,380,343,01-09,+25.0%,+86.07%,0.9304,115,✗ No,budget_exceeded
5,380,344,01-09,+25.0%,+85.86%,0.9293,117,✗ No,budget_exceeded
5,380,346,01-09,+25.0%,+85.57%,0.9279,120,✗ No,budget_exceeded
5,380,347,01-09,+25.0%,+85.52%,0.9276,120,✗ No,budget_exceeded
5,380,349,01-09,+25.0%,+85.36%,0.9268,122,✗ No,budget_exceeded
5,380,350,01-09,+25.0%,+85.18%,0.9259,124,✗ No,budget_exceeded
5,380,352,01-09,+25.0%,+85.02%,0.9251,126,✗ No,budget_exceeded
5,380,353,01-09,+25.0%,+84.84%,0.9242,129,✗ No,budget_exceeded
5,380,355,01-09,+25.0%,+84.68%,0.9234,131,✗ No,budget_exceeded
5,380,356,01-09,+25.0%,+84.32%,0.9216,136,✗ No,budget_exceeded
5,380,358,01-09,+25.0%,+84.08%,0.9204,141,✗ No,budget_exceeded
5,380,359,01-09,+25.0%,+83.88%,0.9194,143,✗ No,budget_exceeded
5,380,361,01-09,+25.0%,+83.59%,0.9179,145,✗ No,budget_exceeded
5,380,362,01-09,+25.0%,+83.41%,0.9171,146,✗ No,budget_exceeded
5,380,364,01-09,+25.0%,+83.22%,0.9161,148,✗ No,budget_exceeded
5,380,365,01-09,+25.0%,+82.97%,0.9149,150,✗ No,budget_exceeded
5,380,367,01-09,+25.0%,+82.68%,0.9134,153,✗ No,budget_exceeded
5,380,368,01-09,+25.0%,+82.42%,0.9121,156,✗ No,budget_exceeded
5,380,370,01-09,+25.0%,+81.92%,0.9096,161,✗ No,budget_exceeded
5,380,371,01-09,+25.0%,+81.57%,0.9078,163,✗ No,budget_exceeded
5,380,373,01-09,+25.0%,+81.32%,0.9066,166,✗ No,budget_exceeded
5,380,374,01-09,+25.0%,+81.00%,0.9050,169,✗ No,budget_exceeded
5,380,376,01-09,+25.0%,+80.59%,0.9029,175,✗ No,budget_exceeded
5,380,377,01-09,+25.0%,+80.26%,0.9013,179,✗ No,budget_exceeded
5,380,379,01-09,+25.0%,+80.04%,0.9002,181,✗ No,budget_exceeded
5,380,380,01-09,+25.0%,+79.74%,0.8987,212,✗ No,budget_exceeded
5,382,338,01-09,+25.0%,+86.09%,0.9305,114,✗ No,budget_exceeded
5,382,340,01-09,+25.0%,+86.03%,0.9302,114,✗ No,budget_exceeded
5,382,341,01-09,+25.0%,+85.89%,0.9295,116,✗ No,budget_exceeded
5,382,343,01-09,+25.0%,+85.76%,0.9288,117,✗ No,budget_exceeded
5,382,344,01-09,+25.0%,+85.54%,0.9277,119,✗ No,budget_exceeded
5,382,346,01-09,+25.0%,+85.34%,0.9267,121,✗ No,budget_exceeded
5,382,347,01-09,+25.0%,+85.20%,0.9260,122,✗ No,budget_exceeded
5,382,349,01-09,+25.0%,+85.05%,0.9252,124,✗ No,budget_exceeded
5,382,350,01-09,+25.0%,+84.89%,0.9244,126,✗ No,budget_exceeded
5,382,352,01-09,+25.0%,+84.79%,0.9239,127,✗ No,budget_exceeded
5,382,353,01-09,+25.0%,+84.60%,0.9230,130,✗ No,budget_exceeded
5,382,355,01-09,+25.0%,+84.44%,0.9222,132,✗ No,budget_exceeded
5,382,356,01-09,+25.0%,+84.12%,0.9206,136,✗ No,budget_exceeded
5,382,358,01-09,+25.0%,+83.87%,0.9194,141,✗ No,budget_exceeded
5,382,359,01-09,+25.0%,+83.69%,0.9184,143,✗ No,budget_exceeded
5,382,361,01-09,+25.0%,+83.39%,0.9170,145,✗ No,budget_exceeded
5,382,362,01-09,+25.0%,+83.20%,0.9160,146,✗ No,budget_exceeded
5,382,364,01-09,+25.0%,+83.00%,0.9150,148,✗ No,budget_exceeded
5,382,365,01-09,+25.0%,+82.68%,0.9134,151,✗ No,budget_exceeded
5,382,367,01-09,+25.0%,+82.47%,0.9123,153,✗ No,budget_exceeded
5,382,368,01-09,+25.0%,+82.10%,0.9105,158,✗ No,budget_exceeded
5,382,370,01-09,+25.0%,+81.57%,0.9079,162,✗ No,budget_exceeded
5,382,371,01-09,+25.0%,+81.35%,0.9067,163,✗ No,budget_exceeded
5,382,373,01-09,+25.0%,+81.03%,0.9052,167,✗ No,budget_exceeded
5,382,374,01-09,+25.0%,+80.68%,0.9034,170,✗ No,budget_exceeded
5,382,376,01-09,+25.0%,+80.32%,0.9016,175,✗ No,budget_exceeded
5,382,377,01-09,+25.0%,+80.04%,0.9002,176,✗ No,budget_exceeded
5,382,379,01-09,+25.0%,+79.83%,0.8992,178,✗ No,budget_exceeded
5,382,380,01-09,+25.0%,+79.55%,0.8977,183,✗ No,budget_exceeded
5,382,382,01-09,+25.0%,+79.29%,0.8965,202,✗ No,budget_exceeded
5,384,338,01-09,+25.0%,+86.01%,0.9300,113,✗ No,budget_exceeded
5,384,340,01-09,+25.0%,+85.87%,0.9293,114,✗ No,budget_exceeded
5,384,341,01-09,+25.0%,+85.74%,0.9287,116,✗ No,budget_exceeded
5,384,343,01-09,+25.0%,+85.67%,0.9284,116,✗ No,budget_exceeded
5,384,344,01-09,+25.0%,+85.39%,0.9270,119,✗ No,budget_exceeded
5,384,346,01-09,+25.0%,+85.18%,0.9259,121,✗ No,budget_exceeded
5,384,347,01-09,+25.0%,+85.06%,0.9253,122,✗ No,budget_exceeded
5,384,349,01-09,+25.0%,+84.97%,0.9248,123,✗ No,budget_exceeded
5,384,350,01-09,+25.0%,+84.80%,0.9240,125,✗ No,budget_exceeded
5,384,352,01-09,+25.0%,+84.64%,0.9232,127,✗ No,budget_exceeded
5,384,353,01-09,+25.0%,+84.45%,0.9223,130,✗ No,budget_exceeded
5,384,355,01-09,+25.0%,+84.29%,0.9215,132,✗ No,budget_exceeded
5,384,356,01-09,+25.0%,+83.96%,0.9198,136,✗ No,budget_exceeded
5,384,358,01-09,+25.0%,+83.71%,0.9185,141,✗ No,budget_exceeded
5,384,359,01-09,+25.0%,+83.50%,0.9175,143,✗ No,budget_exceeded
5,384,361,01-09,+25.0%,+83.22%,0.9161,145,✗ No,budget_exceeded
5,384,362,01-09,+25.0%,+83.04%,0.9152,146,✗ No,budget_exceeded
5,384,364,01-09,+25.0%,+82.84%,0.9142,148,✗ No,budget_exceeded
5,384,365,01-09,+25.0%,+82.59%,0.9130,150,✗ No,budget_exceeded
5,384,367,01-09,+25.0%,+82.31%,0.9115,152,✓ Yes,budget_exceeded
5,384,368,01-09,+25.0%,+81.75%,0.9088,159,✗ No,budget_exceeded
5,384,370,01-09,+25.0%,+81.41%,0.9070,162,✗ No,budget_exceeded
5,384,371,01-09,+25.0%,+81.19%,0.9059,163,✗ No,budget_exceeded
5,384,373,01-09,+25.0%,+80.84%,0.9042,167,✗ No,budget_exceeded
5,384,374,01-09,+25.0%,+80.51%,0.9026,170,✗ No,budget_exceeded
5,384,376,01-09,+25.0%,+80.14%,0.9007,175,✗ No,budget_exceeded
5,384,378,01-09,+25.0%,+79.87%,0.8994,176,✗ No,budget_exceeded
5,384,379,01-09,+25.0%,+79.64%,0.8982,178,✗ No,budget_exceeded
5,384,381,01-09,+25.0%,+79.34%,0.8967,183,✗ No,budget_exceeded
5,384,382,01-09,+25.0%,+79.10%,0.8955,187,✗ No,budget_exceeded
5,384,384,01-09,+25.0%,+78.86%,0.8943,209,✗ No,budget_exceeded
5,385,338,01-09,+25.0%,+85.85%,0.9293,114,✗ No,budget_exceeded
5,385,340,01-09,+25.0%,+85.73%,0.9286,115,✗ No,budget_exceeded
5,385,341,01-09,+25.0%,+85.67%,0.9283,116,✗ No,budget_exceeded
5,385,343,01-09,+25.0%,+85.53%,0.9276,117,✗ No,budget_exceeded
5,385,344,01-09,+25.0%,+85.24%,0.9262,120,✗ No,budget_exceeded
5,385,346,01-09,+25.0%,+85.03%,0.9251,122,✗ No,budget_exceeded
5,385,347,01-09,+25.0%,+84.98%,0.9249,122,✗ No,budget_exceeded
5,385,349,01-09,+25.0%,+84.83%,0.9241,124,✗ No,budget_exceeded
5,385,350,01-09,+25.0%,+84.66%,0.9233,126,✗ No,budget_exceeded
5,385,352,01-09,+25.0%,+84.49%,0.9224,128,✗ No,budget_exceeded
5,385,353,01-09,+25.0%,+84.29%,0.9215,131,✗ No,budget_exceeded
5,385,355,01-09,+25.0%,+84.11%,0.9206,133,✗ No,budget_exceeded
5,385,356,01-09,+25.0%,+83.86%,0.9193,136,✗ No,budget_exceeded
5,385,358,01-09,+25.0%,+83.54%,0.9177,142,✗ No,budget_exceeded
5,385,359,01-09,+25.0%,+83.34%,0.9167,144,✗ No,budget_exceeded
5,385,361,01-09,+25.0%,+83.13%,0.9156,145,✗ No,budget_exceeded
5,385,362,01-09,+25.0%,+82.94%,0.9147,146,✗ No,budget_exceeded
5,385,364,01-09,+25.0%,+82.67%,0.9133,149,✗ No,budget_exceeded
5,385,365,01-09,+25.0%,+82.41%,0.9121,151,✗ No,budget_exceeded
5,385,367,01-09,+25.0%,+82.20%,0.9110,153,✗ No,budget_exceeded
5,385,368,01-09,+25.0%,+81.54%,0.9077,159,✗ No,budget_exceeded
5,385,370,01-09,+25.0%,+81.19%,0.9060,162,✗ No,budget_exceeded
5,385,372,01-09,+25.0%,+80.98%,0.9049,163,✗ No,budget_exceeded
5,385,373,01-09,+25.0%,+80.59%,0.9029,167,✗ No,budget_exceeded
5,385,375,01-09,+25.0%,+80.26%,0.9013,170,✗ No,budget_exceeded
5,385,376,01-09,+25.0%,+79.90%,0.8995,175,✗ No,budget_exceeded
5,385,378,01-09,+25.0%,+79.53%,0.8976,177,✗ No,budget_exceeded
5,385,379,01-09,+25.0%,+79.35%,0.8967,179,✗ No,budget_exceeded
5,385,381,01-09,+25.0%,+79.10%,0.8955,183,✗ No,budget_exceeded
5,385,382,01-09,+25.0%,+78.86%,0.8943,187,✗ No,budget_exceeded
5,385,384,01-09,+25.0%,+78.56%,0.8928,195,✗ No,budget_exceeded
5,385,385,01-09,+25.0%,+78.33%,0.8916,221,✗ No,budget_exceeded
5,387,338,01-09,+25.0%,+85.70%,0.9285,114,✗ No,budget_exceeded
5,387,340,01-09,+25.0%,+85.65%,0.9282,114,✗ No,budget_exceeded
5,387,341,01-09,+25.0%,+85.51%,0.9276,116,✗ No,budget_exceeded
5,387,343,01-09,+25.0%,+85.38%,0.9269,117,✗ No,budget_exceeded
5,387,344,01-09,+25.0%,+85.16%,0.9258,119,✗ No,budget_exceeded
5,387,346,01-09,+25.0%,+84.95%,0.9247,121,✗ No,budget_exceeded
5,387,347,01-09,+25.0%,+84.84%,0.9242,122,✗ No,budget_exceeded
5,387,349,01-09,+25.0%,+84.69%,0.9234,124,✗ No,budget_exceeded
5,387,350,01-09,+25.0%,+84.51%,0.9226,126,✗ No,budget_exceeded
5,387,352,01-09,+25.0%,+84.41%,0.9221,127,✗ No,budget_exceeded
5,387,353,01-09,+25.0%,+84.13%,0.9206,131,✗ No,budget_exceeded
5,387,355,01-09,+25.0%,+83.95%,0.9198,133,✗ No,budget_exceeded
5,387,356,01-09,+25.0%,+83.72%,0.9186,136,✗ No,budget_exceeded
5,387,358,01-09,+25.0%,+83.37%,0.9168,141,✗ No,budget_exceeded
5,387,359,01-09,+25.0%,+83.17%,0.9158,143,✗ No,budget_exceeded
5,387,361,01-09,+25.0%,+82.94%,0.9147,144,✗ No,budget_exceeded
5,387,362,01-09,+25.0%,+82.76%,0.9138,145,✗ No,budget_exceeded
5,387,364,01-09,+25.0%,+82.49%,0.9124,148,✗ No,budget_exceeded
5,387,365,01-09,+25.0%,+82.24%,0.9112,150,✗ No,budget_exceeded
5,387,367,01-09,+25.0%,+81.88%,0.9094,153,✗ No,budget_exceeded
5,387,369,01-09,+25.0%,+81.33%,0.9066,158,✗ No,budget_exceeded
5,387,370,01-09,+25.0%,+80.99%,0.9050,161,✗ No,budget_exceeded
5,387,372,01-09,+25.0%,+80.66%,0.9033,163,✗ No,budget_exceeded
5,387,373,01-09,+25.0%,+80.40%,0.9020,165,✗ No,budget_exceeded
5,387,375,01-09,+25.0%,+80.07%,0.9003,167,✗ No,budget_exceeded
5,387,376,01-09,+25.0%,+79.70%,0.8985,172,✗ No,budget_exceeded
5,387,378,01-09,+25.0%,+79.33%,0.8967,174,✗ No,budget_exceeded
5,387,379,01-09,+25.0%,+79.16%,0.8958,176,✗ No,budget_exceeded
5,387,381,01-09,+25.0%,+78.91%,0.8946,180,✗ No,budget_exceeded
5,387,382,01-09,+25.0%,+78.66%,0.8933,184,✗ No,budget_exceeded
5,387,384,01-09,+25.0%,+78.34%,0.8917,190,✗ No,budget_exceeded
5,387,385,01-09,+25.0%,+78.07%,0.8903,195,✗ No,budget_exceeded
5,387,387,01-09,+25.0%,+77.74%,0.8887,229,✗ No,budget_exceeded
5,388,338,01-09,+25.0%,+85.38%,0.9269,114,✗ No,budget_exceeded
5,388,340,01-09,+25.0%,+85.33%,0.9266,114,✗ No,budget_exceeded
5,388,341,01-09,+25.0%,+85.19%,0.9260,116,✗ No,budget_exceeded
5,388,342,01-09,+25.0%,+85.14%,0.9257,116,✗ No,budget_exceeded
5,388,344,01-09,+25.0%,+84.87%,0.9243,119,✗ No,budget_exceeded
5,388,345,01-09,+25.0%,+84.77%,0.9238,120,✗ No,budget_exceeded
5,388,347,01-09,+25.0%,+84.61%,0.9230,121,✗ No,budget_exceeded
5,388,348,01-09,+25.0%,+84.47%,0.9223,122,✗ No,budget_exceeded
5,388,350,01-09,+25.0%,+84.28%,0.9214,125,✗ No,budget_exceeded
5,388,351,01-09,+25.0%,+84.10%,0.9205,127,✗ No,budget_exceeded
5,388,353,01-09,+25.0%,+83.90%,0.9195,130,✗ No,budget_exceeded
5,388,354,01-09,+25.0%,+83.76%,0.9188,131,✗ No,budget_exceeded
5,388,356,01-09,+25.0%,+83.52%,0.9176,134,✗ No,budget_exceeded
5,388,357,01-09,+25.0%,+83.16%,0.9158,139,✗ No,budget_exceeded
5,388,359,01-09,+25.0%,+82.93%,0.9147,142,✗ No,budget_exceeded
5,388,360,01-09,+25.0%,+82.64%,0.9132,144,✗ No,budget_exceeded
5,388,362,01-09,+25.0%,+82.57%,0.9128,144,✗ No,budget_exceeded
5,388,363,01-09,+25.0%,+82.28%,0.9114,147,✗ No,budget_exceeded
5,388,365,01-09,+25.0%,+81.89%,0.9094,150,✗ No,budget_exceeded
5,388,366,01-09,+25.0%,+81.55%,0.9078,152,✗ No,budget_exceeded
5,388,368,01-09,+25.0%,+81.18%,0.9059,157,✗ No,budget_exceeded
5,388,369,01-09,+25.0%,+80.79%,0.9039,160,✗ No,budget_exceeded
5,388,371,01-09,+25.0%,+80.51%,0.9025,161,✓ Yes,budget_exceeded
5,388,372,01-09,+25.0%,+80.28%,0.9014,163,✗ No,budget_exceeded
5,388,374,01-09,+25.0%,+79.92%,0.8996,166,✗ No,budget_exceeded
5,388,375,01-09,+25.0%,+79.66%,0.8983,168,✗ No,budget_exceeded
5,388,377,01-09,+25.0%,+79.27%,0.8964,172,✗ No,budget_exceeded
5,388,378,01-09,+25.0%,+79.04%,0.8952,174,✗ No,budget_exceeded
5,388,380,01-09,+25.0%,+78.86%,0.8943,175,✗ No,budget_exceeded
5,388,381,01-09,+25.0%,+78.55%,0.8928,180,✗ No,budget_exceeded
5,388,383,01-09,+25.0%,+78.32%,0.8916,185,✗ No,budget_exceeded
5,388,384,01-09,+25.0%,+78.09%,0.8905,188,✗ No,budget_exceeded
5,388,385,01-09,+25.0%,+77.74%,0.8887,193,✗ No,budget_exceeded
5,388,387,01-09,+25.0%,+77.51%,0.8875,200,✗ No,budget_exceeded
5,388,388,01-09,+25.0%,+77.15%,0.8858,231,✗ No,budget_exceeded
5,390,338,01-09,+25.0%,+85.13%,0.9256,115,✗ No,budget_exceeded
5,390,340,01-09,+25.0%,+85.01%,0.9251,116,✗ No,budget_exceeded
5,390,341,01-09,+25.0%,+84.95%,0.9248,117,✗ No,budget_exceeded
5,390,342,01-09,+25.0%,+84.84%,0.9242,118,✗ No,budget_exceeded
5,390,344,01-09,+25.0%,+84.63%,0.9231,120,✗ No,budget_exceeded
5,390,345,01-09,+25.0%,+84.46%,0.9223,122,✗ No,budget_exceeded
5,390,347,01-09,+25.0%,+84.36%,0.9218,122,✗ No,budget_exceeded
5,390,348,01-09,+25.0%,+84.22%,0.9211,123,✗ No,budget_exceeded
5,390,350,01-09,+25.0%,+84.03%,0.9201,126,✗ No,budget_exceeded
5,390,351,01-09,+25.0%,+83.83%,0.9192,128,✗ No,budget_exceeded
5,390,353,01-09,+25.0%,+83.65%,0.9182,131,✗ No,budget_exceeded
5,390,354,01-09,+25.0%,+83.50%,0.9175,132,✗ No,budget_exceeded
5,390,356,01-09,+25.0%,+83.19%,0.9159,136,✗ No,budget_exceeded
5,390,357,01-09,+25.0%,+82.81%,0.9141,141,✗ No,budget_exceeded
5,390,359,01-09,+25.0%,+82.59%,0.9129,144,✗ No,budget_exceeded
5,390,360,01-09,+25.0%,+82.37%,0.9119,145,✗ No,budget_exceeded
5,390,362,01-09,+25.0%,+82.21%,0.9111,146,✗ No,budget_exceeded
5,390,363,01-09,+25.0%,+81.70%,0.9085,149,✗ No,budget_exceeded
5,390,365,01-09,+25.0%,+81.34%,0.9067,151,✗ No,budget_exceeded
5,390,366,01-09,+25.0%,+81.13%,0.9056,153,✗ No,budget_exceeded
5,390,368,01-09,+25.0%,+80.64%,0.9032,158,✗ No,budget_exceeded
5,390,369,01-09,+25.0%,+80.41%,0.9020,159,✗ No,budget_exceeded
5,390,371,01-09,+25.0%,+80.22%,0.9011,160,✗ No,budget_exceeded
5,390,372,01-09,+25.0%,+79.93%,0.8997,162,✗ No,budget_exceeded
5,390,374,01-09,+25.0%,+79.64%,0.8982,164,✗ No,budget_exceeded
5,390,375,01-09,+25.0%,+79.31%,0.8965,167,✗ No,budget_exceeded
5,390,377,01-09,+25.0%,+78.92%,0.8946,171,✗ No,budget_exceeded
5,390,378,01-09,+25.0%,+78.69%,0.8934,173,✗ No,budget_exceeded
5,390,380,01-09,+25.0%,+78.52%,0.8926,174,✗ No,budget_exceeded
5,390,381,01-09,+25.0%,+78.28%,0.8914,177,✗ No,budget_exceeded
5,390,383,01-09,+25.0%,+77.94%,0.8897,183,✗ No,budget_exceeded
5,390,384,01-09,+25.0%,+77.69%,0.8885,186,✗ No,budget_exceeded
5,390,386,01-09,+25.0%,+77.38%,0.8869,191,✗ No,budget_exceeded
5,390,387,01-09,+25.0%,+77.14%,0.8857,197,✗ No,budget_exceeded
5,390,389,01-09,+25.0%,+76.88%,0.8844,204,✗ No,budget_exceeded
5,390,390,01-09,+25.0%,+76.53%,0.8827,234,✗ No,budget_exceeded
5,392,338,01-09,+25.0%,+84.91%,0.9246,116,✗ No,budget_exceeded
5,392,340,01-09,+25.0%,+84.80%,0.9240,117,✗ No,budget_exceeded
5,392,341,01-09,+25.0%,+84.74%,0.9237,118,✗ No,budget_exceeded
5,392,343,01-09,+25.0%,+84.62%,0.9231,119,✗ No,budget_exceeded
5,392,344,01-09,+25.0%,+84.41%,0.9220,121,✗ No,budget_exceeded
5,392,345,01-09,+25.0%,+84.24%,0.9212,123,✗ No,budget_exceeded
5,392,347,01-09,+25.0%,+84.07%,0.9203,124,✗ No,budget_exceeded
5,392,348,01-09,+25.0%,+83.92%,0.9196,125,✗ No,budget_exceeded
5,392,350,01-09,+25.0%,+83.73%,0.9187,128,✗ No,budget_exceeded
5,392,351,01-09,+25.0%,+83.54%,0.9177,130,✗ No,budget_exceeded
5,392,353,01-09,+25.0%,+83.35%,0.9167,133,✗ No,budget_exceeded
5,392,354,01-09,+25.0%,+83.28%,0.9164,133,✗ No,budget_exceeded
5,392,356,01-09,+25.0%,+82.95%,0.9148,137,✗ No,budget_exceeded
5,392,357,01-09,+25.0%,+82.58%,0.9129,142,✗ No,budget_exceeded
5,392,359,01-09,+25.0%,+82.35%,0.9117,145,✗ No,budget_exceeded
5,392,360,01-09,+25.0%,+82.05%,0.9103,147,✗ No,budget_exceeded
5,392,362,01-09,+25.0%,+81.68%,0.9084,148,✗ No,budget_exceeded
5,392,363,01-09,+25.0%,+81.37%,0.9068,151,✗ No,budget_exceeded
5,392,365,01-09,+25.0%,+81.02%,0.9051,153,✗ No,budget_exceeded
5,392,366,01-09,+25.0%,+80.65%,0.9032,156,✗ No,budget_exceeded
5,392,368,01-09,+25.0%,+80.28%,0.9014,160,✗ No,budget_exceeded
5,392,369,01-09,+25.0%,+80.03%,0.9002,161,✗ No,budget_exceeded
5,392,371,01-09,+25.0%,+79.83%,0.8992,162,✗ No,budget_exceeded
5,392,372,01-09,+25.0%,+79.62%,0.8981,163,✗ No,budget_exceeded
5,392,374,01-09,+25.0%,+79.25%,0.8962,166,✗ No,budget_exceeded
5,392,375,01-09,+25.0%,+78.92%,0.8946,168,✗ No,budget_exceeded
5,392,377,01-09,+25.0%,+78.53%,0.8927,172,✗ No,budget_exceeded
5,392,378,01-09,+25.0%,+78.31%,0.8916,174,✗ No,budget_exceeded
5,392,380,01-09,+25.0%,+78.14%,0.8907,175,✗ No,budget_exceeded
5,392,381,01-09,+25.0%,+77.89%,0.8894,178,✗ No,budget_exceeded
5,392,383,01-09,+25.0%,+77.58%,0.8879,183,✗ No,budget_exceeded
5,392,384,01-09,+25.0%,+77.36%,0.8868,185,✗ No,budget_exceeded
5,392,386,01-09,+25.0%,+77.12%,0.8856,188,✗ No,budget_exceeded
5,392,387,01-09,+25.0%,+76.89%,0.8844,192,✗ No,budget_exceeded
5,392,389,01-09,+25.0%,+76.66%,0.8833,195,✗ No,budget_exceeded
5,392,390,01-09,+25.0%,+76.30%,0.8815,203,✗ No,budget_exceeded
5,392,392,01-09,+25.0%,+76.04%,0.8802,231,✗ No,budget_exceeded
5,377,338,01-10,+25.0%,+86.50%,0.9325,115,✗ No,budget_exceeded
5,377,340,01-10,+25.0%,+86.44%,0.9322,115,✗ No,budget_exceeded
5,377,341,01-10,+25.0%,+86.32%,0.9316,117,✗ No,budget_exceeded
5,377,343,01-10,+25.0%,+86.25%,0.9313,117,✗ No,budget_exceeded
5,377,344,01-10,+25.0%,+85.96%,0.9298,120,✗ No,budget_exceeded
5,377,346,01-10,+25.0%,+85.75%,0.9288,122,✗ No,budget_exceeded
5,377,347,01-10,+25.0%,+85.63%,0.9281,123,✗ No,budget_exceeded
5,377,349,01-10,+25.0%,+85.46%,0.9273,125,✗ No,budget_exceeded
5,377,350,01-10,+25.0%,+85.29%,0.9265,127,✗ No,budget_exceeded
5,377,352,01-10,+25.0%,+85.19%,0.9260,128,✗ No,budget_exceeded
5,377,353,01-10,+25.0%,+85.02%,0.9251,131,✗ No,budget_exceeded
5,377,355,01-10,+25.0%,+84.86%,0.9243,133,✗ No,budget_exceeded
5,377,356,01-10,+25.0%,+84.53%,0.9226,139,✗ No,budget_exceeded
5,377,358,01-10,+25.0%,+84.28%,0.9214,144,✗ No,budget_exceeded
5,377,359,01-10,+25.0%,+84.09%,0.9204,146,✗ No,budget_exceeded
5,377,361,01-10,+25.0%,+83.80%,0.9190,148,✗ No,budget_exceeded
5,377,362,01-10,+25.0%,+83.62%,0.9181,149,✗ No,budget_exceeded
5,377,364,01-10,+25.0%,+83.42%,0.9171,151,✗ No,budget_exceeded
5,377,365,01-10,+25.0%,+83.17%,0.9159,153,✗ No,budget_exceeded
5,377,367,01-10,+25.0%,+82.89%,0.9144,156,✗ No,budget_exceeded
5,377,368,01-10,+25.0%,+82.63%,0.9131,160,✗ No,budget_exceeded
5,377,370,01-10,+25.0%,+82.29%,0.9115,164,✗ No,budget_exceeded
5,377,371,01-10,+25.0%,+81.89%,0.9095,167,✗ No,budget_exceeded
5,377,373,01-10,+25.0%,+81.58%,0.9079,169,✗ No,budget_exceeded
5,377,374,01-10,+25.0%,+81.25%,0.9062,174,✗ No,budget_exceeded
5,377,376,01-10,+25.0%,+80.90%,0.9045,180,✗ No,budget_exceeded
5,377,377,01-10,+25.0%,+80.66%,0.9033,193,✗ No,budget_exceeded
5,379,338,01-10,+25.0%,+86.33%,0.9317,114,✗ No,budget_exceeded
5,379,340,01-10,+25.0%,+86.27%,0.9314,114,✗ No,budget_exceeded
5,379,341,01-10,+25.0%,+86.14%,0.9307,116,✗ No,budget_exceeded
5,379,343,01-10,+25.0%,+86.07%,0.9304,116,✗ No,budget_exceeded
5,379,344,01-10,+25.0%,+85.79%,0.9289,119,✗ No,budget_exceeded
5,379,346,01-10,+25.0%,+85.58%,0.9279,121,✗ No,budget_exceeded
5,379,347,01-10,+25.0%,+85.45%,0.9273,122,✗ No,budget_exceeded
5,379,349,01-10,+25.0%,+85.30%,0.9265,124,✗ No,budget_exceeded
5,379,350,01-10,+25.0%,+85.20%,0.9260,125,✗ No,budget_exceeded
5,379,352,01-10,+25.0%,+85.04%,0.9252,127,✗ No,budget_exceeded
5,379,353,01-10,+25.0%,+84.86%,0.9243,130,✗ No,budget_exceeded
5,379,355,01-10,+25.0%,+84.70%,0.9235,132,✗ No,budget_exceeded
5,379,356,01-10,+25.0%,+84.34%,0.9217,137,✗ No,budget_exceeded
5,379,358,01-10,+25.0%,+84.10%,0.9205,142,✗ No,budget_exceeded
5,379,359,01-10,+25.0%,+83.91%,0.9196,144,✗ No,budget_exceeded
5,379,361,01-10,+25.0%,+83.62%,0.9181,146,✗ No,budget_exceeded
5,379,362,01-10,+25.0%,+83.44%,0.9172,147,✗ No,budget_exceeded
5,379,364,01-10,+25.0%,+83.24%,0.9162,149,✗ No,budget_exceeded
5,379,365,01-10,+25.0%,+83.00%,0.9150,151,✗ No,budget_exceeded
5,379,367,01-10,+25.0%,+82.72%,0.9136,153,✓ Yes,budget_exceeded
5,379,368,01-10,+25.0%,+82.45%,0.9123,157,✗ No,budget_exceeded
5,379,370,01-10,+25.0%,+81.94%,0.9097,162,✗ No,budget_exceeded
5,379,371,01-10,+25.0%,+81.63%,0.9081,164,✗ No,budget_exceeded
5,379,373,01-10,+25.0%,+81.41%,0.9071,165,✗ No,budget_exceeded
5,379,374,01-10,+25.0%,+81.06%,0.9053,170,✗ No,budget_exceeded
5,379,376,01-10,+25.0%,+80.72%,0.9036,174,✗ No,budget_exceeded
5,379,377,01-10,+25.0%,+80.46%,0.9023,180,✗ No,budget_exceeded
5,379,379,01-10,+25.0%,+80.16%,0.9008,202,✗ No,budget_exceeded
5,380,338,01-10,+25.0%,+86.27%,0.9313,114,✗ No,budget_exceeded
5,380,340,01-10,+25.0%,+86.13%,0.9307,115,✗ No,budget_exceeded
5,380,341,01-10,+25.0%,+86.07%,0.9304,116,✗ No,budget_exceeded
5,380,343,01-10,+25.0%,+85.94%,0.9297,117,✗ No,budget_exceeded
5,380,344,01-10,+25.0%,+85.72%,0.9286,119,✗ No,budget_exceeded
5,380,346,01-10,+25.0%,+85.44%,0.9272,122,✗ No,budget_exceeded
5,380,347,01-10,+25.0%,+85.39%,0.9269,122,✗ No,budget_exceeded
5,380,349,01-10,+25.0%,+85.23%,0.9261,124,✗ No,budget_exceeded
5,380,350,01-10,+25.0%,+85.07%,0.9253,126,✗ No,budget_exceeded
5,380,352,01-10,+25.0%,+84.91%,0.9245,128,✗ No,budget_exceeded
5,380,353,01-10,+25.0%,+84.72%,0.9236,131,✗ No,budget_exceeded
5,380,355,01-10,+25.0%,+84.62%,0.9231,132,✗ No,budget_exceeded
5,380,356,01-10,+25.0%,+84.18%,0.9209,138,✗ No,budget_exceeded
5,380,358,01-10,+25.0%,+83.95%,0.9197,143,✗ No,budget_exceeded
5,380,359,01-10,+25.0%,+83.76%,0.9188,145,✗ No,budget_exceeded
5,380,361,01-10,+25.0%,+83.53%,0.9177,146,✗ No,budget_exceeded
5,380,362,01-10,+25.0%,+83.35%,0.9168,147,✗ No,budget_exceeded
5,380,364,01-10,+25.0%,+83.15%,0.9158,149,✗ No,budget_exceeded
5,380,365,01-10,+25.0%,+82.83%,0.9142,152,✗ No,budget_exceeded
5,380,367,01-10,+25.0%,+82.62%,0.9131,154,✗ No,budget_exceeded
5,380,368,01-10,+25.0%,+82.28%,0.9114,158,✗ No,budget_exceeded
5,380,370,01-10,+25.0%,+81.73%,0.9087,163,✗ No,budget_exceeded
5,380,371,01-10,+25.0%,+81.44%,0.9072,165,✗ No,budget_exceeded
5,380,373,01-10,+25.0%,+81.19%,0.9060,168,✗ No,budget_exceeded
5,380,374,01-10,+25.0%,+80.84%,0.9042,171,✗ No,budget_exceeded
5,380,376,01-10,+25.0%,+80.47%,0.9024,177,✗ No,budget_exceeded
5,380,377,01-10,+25.0%,+80.15%,0.9007,181,✗ No,budget_exceeded
5,380,379,01-10,+25.0%,+79.93%,0.8996,183,✗ No,budget_exceeded
5,380,380,01-10,+25.0%,+79.69%,0.8985,212,✗ No,budget_exceeded
5,382,338,01-10,+25.0%,+85.96%,0.9298,116,✗ No,budget_exceeded
5,382,340,01-10,+25.0%,+85.90%,0.9295,116,✗ No,budget_exceeded
5,382,341,01-10,+25.0%,+85.77%,0.9289,118,✗ No,budget_exceeded
5,382,343,01-10,+25.0%,+85.71%,0.9285,118,✗ No,budget_exceeded
5,382,344,01-10,+25.0%,+85.42%,0.9271,121,✗ No,budget_exceeded
5,382,346,01-10,+25.0%,+85.21%,0.9260,123,✗ No,budget_exceeded
5,382,347,01-10,+25.0%,+85.10%,0.9255,124,✗ No,budget_exceeded
5,382,349,01-10,+25.0%,+85.01%,0.9250,125,✗ No,budget_exceeded
5,382,350,01-10,+25.0%,+84.84%,0.9242,127,✗ No,budget_exceeded
5,382,352,01-10,+25.0%,+84.68%,0.9234,129,✗ No,budget_exceeded
5,382,353,01-10,+25.0%,+84.48%,0.9224,132,✗ No,budget_exceeded
5,382,355,01-10,+25.0%,+84.32%,0.9216,134,✗ No,budget_exceeded
5,382,356,01-10,+25.0%,+84.06%,0.9203,137,✗ No,budget_exceeded
5,382,358,01-10,+25.0%,+83.75%,0.9188,143,✗ No,budget_exceeded
5,382,359,01-10,+25.0%,+83.57%,0.9178,145,✗ No,budget_exceeded
5,382,361,01-10,+25.0%,+83.34%,0.9167,146,✗ No,budget_exceeded
5,382,362,01-10,+25.0%,+83.06%,0.9153,148,✗ No,budget_exceeded
5,382,364,01-10,+25.0%,+82.87%,0.9143,150,✗ No,budget_exceeded
5,382,365,01-10,+25.0%,+82.62%,0.9131,152,✗ No,budget_exceeded
5,382,367,01-10,+25.0%,+82.41%,0.9121,154,✗ No,budget_exceeded
5,382,368,01-10,+25.0%,+81.78%,0.9089,161,✗ No,budget_exceeded
5,382,370,01-10,+25.0%,+81.45%,0.9072,164,✗ No,budget_exceeded
5,382,371,01-10,+25.0%,+81.23%,0.9061,165,✗ No,budget_exceeded
5,382,373,01-10,+25.0%,+80.88%,0.9044,169,✗ No,budget_exceeded
5,382,374,01-10,+25.0%,+80.63%,0.9032,171,✗ No,budget_exceeded
5,382,376,01-10,+25.0%,+80.27%,0.9013,176,✗ No,budget_exceeded
5,382,377,01-10,+25.0%,+79.93%,0.8997,178,✗ No,budget_exceeded
5,382,379,01-10,+25.0%,+79.72%,0.8986,180,✗ No,budget_exceeded
5,382,380,01-10,+25.0%,+79.50%,0.8975,184,✗ No,budget_exceeded
5,382,382,01-10,+25.0%,+79.25%,0.8963,203,✗ No,budget_exceeded
5,384,338,01-10,+25.0%,+85.88%,0.9294,115,✗ No,budget_exceeded
5,384,340,01-10,+25.0%,+85.75%,0.9287,116,✗ No,budget_exceeded
5,384,341,01-10,+25.0%,+85.69%,0.9285,117,✗ No,budget_exceeded
5,384,343,01-10,+25.0%,+85.56%,0.9278,118,✗ No,budget_exceeded
5,384,344,01-10,+25.0%,+85.27%,0.9264,121,✗ No,budget_exceeded
5,384,346,01-10,+25.0%,+85.07%,0.9254,123,✗ No,budget_exceeded
5,384,347,01-10,+25.0%,+85.02%,0.9251,123,✗ No,budget_exceeded
5,384,349,01-10,+25.0%,+84.87%,0.9243,125,✗ No,budget_exceeded
5,384,350,01-10,+25.0%,+84.70%,0.9235,127,✗ No,budget_exceeded
5,384,352,01-10,+25.0%,+84.53%,0.9226,129,✗ No,budget_exceeded
5,384,353,01-10,+25.0%,+84.33%,0.9216,132,✗ No,budget_exceeded
5,384,355,01-10,+25.0%,+84.16%,0.9208,134,✗ No,budget_exceeded
5,384,356,01-10,+25.0%,+83.92%,0.9196,137,✗ No,budget_exceeded
5,384,358,01-10,+25.0%,+83.59%,0.9180,143,✗ No,budget_exceeded
5,384,359,01-10,+25.0%,+83.39%,0.9170,145,✗ No,budget_exceeded
5,384,361,01-10,+25.0%,+83.17%,0.9158,146,✗ No,budget_exceeded
5,384,362,01-10,+25.0%,+82.98%,0.9149,147,✗ No,budget_exceeded
5,384,364,01-10,+25.0%,+82.79%,0.9140,149,✗ No,budget_exceeded
5,384,365,01-10,+25.0%,+82.46%,0.9123,152,✗ No,budget_exceeded
5,384,367,01-10,+25.0%,+82.12%,0.9106,155,✗ No,budget_exceeded
5,384,368,01-10,+25.0%,+81.62%,0.9081,161,✗ No,budget_exceeded
5,384,370,01-10,+25.0%,+81.36%,0.9068,163,✗ No,budget_exceeded
5,384,371,01-10,+25.0%,+81.04%,0.9052,165,✗ No,budget_exceeded
5,384,373,01-10,+25.0%,+80.71%,0.9036,169,✗ No,budget_exceeded
5,384,374,01-10,+25.0%,+80.47%,0.9023,171,✗ No,budget_exceeded
5,384,376,01-10,+25.0%,+80.10%,0.9005,176,✗ No,budget_exceeded
5,384,378,01-10,+25.0%,+79.76%,0.8988,178,✗ No,budget_exceeded
5,384,379,01-10,+25.0%,+79.53%,0.8977,180,✗ No,budget_exceeded
5,384,381,01-10,+25.0%,+79.30%,0.8965,184,✗ No,budget_exceeded
5,384,382,01-10,+25.0%,+79.06%,0.8953,188,✗ No,budget_exceeded
5,384,384,01-10,+25.0%,+78.76%,0.8938,211,✗ No,budget_exceeded
5,385,338,01-10,+25.0%,+85.73%,0.9287,116,✗ No,budget_exceeded
5,385,340,01-10,+25.0%,+85.68%,0.9284,116,✗ No,budget_exceeded
5,385,341,01-10,+25.0%,+85.55%,0.9277,118,✗ No,budget_exceeded
5,385,343,01-10,+25.0%,+85.41%,0.9270,119,✗ No,budget_exceeded
5,385,344,01-10,+25.0%,+85.19%,0.9260,121,✗ No,budget_exceeded
5,385,346,01-10,+25.0%,+84.99%,0.9250,123,✗ No,budget_exceeded
5,385,347,01-10,+25.0%,+84.88%,0.9244,124,✗ No,budget_exceeded
5,385,349,01-10,+25.0%,+84.72%,0.9236,126,✗ No,budget_exceeded
5,385,350,01-10,+25.0%,+84.61%,0.9231,127,✗ No,budget_exceeded
5,385,352,01-10,+25.0%,+84.44%,0.9222,129,✗ No,budget_exceeded
5,385,353,01-10,+25.0%,+84.16%,0.9208,133,✗ No,budget_exceeded
5,385,355,01-10,+25.0%,+83.99%,0.9199,134,✓ Yes,budget_exceeded
5,385,356,01-10,+25.0%,+83.74%,0.9187,138,✗ No,budget_exceeded
5,385,358,01-10,+25.0%,+83.50%,0.9175,143,✗ No,budget_exceeded
5,385,359,01-10,+25.0%,+83.22%,0.9161,146,✗ No,budget_exceeded
5,385,361,01-10,+25.0%,+82.99%,0.9150,147,✗ No,budget_exceeded
5,385,362,01-10,+25.0%,+82.81%,0.9141,148,✗ No,budget_exceeded
5,385,364,01-10,+25.0%,+82.62%,0.9131,150,✗ No,budget_exceeded
5,385,365,01-10,+25.0%,+82.29%,0.9114,153,✗ No,budget_exceeded
5,385,367,01-10,+25.0%,+81.89%,0.9094,156,✗ No,budget_exceeded
5,385,368,01-10,+25.0%,+81.41%,0.9071,161,✗ No,budget_exceeded
5,385,370,01-10,+25.0%,+81.05%,0.9052,164,✗ No,budget_exceeded
5,385,372,01-10,+25.0%,+80.82%,0.9041,165,✗ No,budget_exceeded
5,385,373,01-10,+25.0%,+80.48%,0.9024,169,✗ No,budget_exceeded
5,385,375,01-10,+25.0%,+80.16%,0.9008,172,✗ No,budget_exceeded
5,385,376,01-10,+25.0%,+79.85%,0.8993,176,✗ No,budget_exceeded
5,385,378,01-10,+25.0%,+79.48%,0.8974,178,✗ No,budget_exceeded
5,385,379,01-10,+25.0%,+79.31%,0.8965,180,✗ No,budget_exceeded
5,385,381,01-10,+25.0%,+79.06%,0.8953,184,✗ No,budget_exceeded
5,385,382,01-10,+25.0%,+78.75%,0.8938,189,✗ No,budget_exceeded
5,385,384,01-10,+25.0%,+78.51%,0.8926,196,✗ No,budget_exceeded
5,385,385,01-10,+25.0%,+78.27%,0.8914,222,✗ No,budget_exceeded
5,387,338,01-10,+25.0%,+85.58%,0.9279,116,✗ No,budget_exceeded
5,387,340,01-10,+25.0%,+85.53%,0.9276,116,✗ No,budget_exceeded
5,387,341,01-10,+25.0%,+85.39%,0.9270,118,✗ No,budget_exceeded
5,387,343,01-10,+25.0%,+85.26%,0.9263,119,✗ No,budget_exceeded
5,387,344,01-10,+25.0%,+85.06%,0.9253,121,✗ No,budget_exceeded
5,387,346,01-10,+25.0%,+84.85%,0.9242,123,✗ No,budget_exceeded
5,387,347,01-10,+25.0%,+84.80%,0.9240,123,✗ No,budget_exceeded
5,387,349,01-10,+25.0%,+84.64%,0.9232,125,✗ No,budget_exceeded
5,387,350,01-10,+25.0%,+84.47%,0.9223,127,✗ No,budget_exceeded
5,387,352,01-10,+25.0%,+84.29%,0.9215,129,✗ No,budget_exceeded
5,387,353,01-10,+25.0%,+84.07%,0.9204,132,✗ No,budget_exceeded
5,387,355,01-10,+25.0%,+83.91%,0.9196,134,✗ No,budget_exceeded
5,387,356,01-10,+25.0%,+83.60%,0.9180,138,✗ No,budget_exceeded
5,387,358,01-10,+25.0%,+83.32%,0.9166,142,✗ No,budget_exceeded
5,387,359,01-10,+25.0%,+83.03%,0.9152,145,✗ No,budget_exceeded
5,387,361,01-10,+25.0%,+82.81%,0.9141,146,✗ No,budget_exceeded
5,387,362,01-10,+25.0%,+82.63%,0.9132,147,✗ No,budget_exceeded
5,387,364,01-10,+25.0%,+82.44%,0.9122,149,✗ No,budget_exceeded
5,387,365,01-10,+25.0%,+81.92%,0.9096,153,✗ No,budget_exceeded
5,387,367,01-10,+25.0%,+81.70%,0.9085,155,✗ No,budget_exceeded
5,387,369,01-10,+25.0%,+81.21%,0.9060,160,✗ No,budget_exceeded
5,387,370,01-10,+25.0%,+80.84%,0.9042,163,✗ No,budget_exceeded
5,387,372,01-10,+25.0%,+80.62%,0.9031,164,✗ No,budget_exceeded
5,387,373,01-10,+25.0%,+80.29%,0.9014,167,✗ No,budget_exceeded
5,387,375,01-10,+25.0%,+79.96%,0.8998,169,✗ No,budget_exceeded
5,387,376,01-10,+25.0%,+79.65%,0.8983,173,✗ No,budget_exceeded
5,387,378,01-10,+25.0%,+79.30%,0.8965,175,✗ No,budget_exceeded
5,387,379,01-10,+25.0%,+79.11%,0.8956,177,✗ No,budget_exceeded
5,387,381,01-10,+25.0%,+78.87%,0.8944,181,✗ No,budget_exceeded
5,387,382,01-10,+25.0%,+78.55%,0.8928,186,✗ No,budget_exceeded
5,387,384,01-10,+25.0%,+78.29%,0.8914,191,✗ No,budget_exceeded
5,387,385,01-10,+25.0%,+77.94%,0.8897,197,✗ No,budget_exceeded
5,387,387,01-10,+25.0%,+77.70%,0.8885,230,✗ No,budget_exceeded
5,388,338,01-10,+25.0%,+85.33%,0.9266,115,✗ No,budget_exceeded
5,388,340,01-10,+25.0%,+85.21%,0.9261,116,✗ No,budget_exceeded
5,388,341,01-10,+25.0%,+85.15%,0.9258,117,✗ No,budget_exceeded
5,388,342,01-10,+25.0%,+85.04%,0.9252,118,✗ No,budget_exceeded
5,388,344,01-10,+25.0%,+84.83%,0.9241,120,✗ No,budget_exceeded
5,388,345,01-10,+25.0%,+84.66%,0.9233,122,✗ No,budget_exceeded
5,388,347,01-10,+25.0%,+84.50%,0.9225,123,✗ No,budget_exceeded
5,388,348,01-10,+25.0%,+84.42%,0.9221,123,✗ No,budget_exceeded
5,388,350,01-10,+25.0%,+84.23%,0.9212,126,✗ No,budget_exceeded
5,388,351,01-10,+25.0%,+84.04%,0.9202,128,✗ No,budget_exceeded
5,388,353,01-10,+25.0%,+83.86%,0.9193,131,✗ No,budget_exceeded
5,388,354,01-10,+25.0%,+83.71%,0.9185,132,✗ No,budget_exceeded
5,388,356,01-10,+25.0%,+83.40%,0.9170,136,✗ No,budget_exceeded
5,388,357,01-10,+25.0%,+83.03%,0.9151,141,✗ No,budget_exceeded
5,388,359,01-10,+25.0%,+82.80%,0.9140,144,✗ No,budget_exceeded
5,388,360,01-10,+25.0%,+82.59%,0.9129,145,✗ No,budget_exceeded
5,388,362,01-10,+25.0%,+82.44%,0.9122,146,✗ No,budget_exceeded
5,388,363,01-10,+25.0%,+82.09%,0.9104,149,✗ No,budget_exceeded
5,388,365,01-10,+25.0%,+81.74%,0.9087,152,✗ No,budget_exceeded
5,388,366,01-10,+25.0%,+81.43%,0.9072,154,✗ No,budget_exceeded
5,388,368,01-10,+25.0%,+81.02%,0.9051,159,✗ No,budget_exceeded
5,388,369,01-10,+25.0%,+80.67%,0.9033,162,✗ No,budget_exceeded
5,388,371,01-10,+25.0%,+80.47%,0.9023,163,✗ No,budget_exceeded
5,388,372,01-10,+25.0%,+80.23%,0.9012,164,✗ No,budget_exceeded
5,388,374,01-10,+25.0%,+79.88%,0.8994,167,✗ No,budget_exceeded
5,388,375,01-10,+25.0%,+79.55%,0.8978,170,✗ No,budget_exceeded
5,388,377,01-10,+25.0%,+79.17%,0.8958,174,✗ No,budget_exceeded
5,388,378,01-10,+25.0%,+78.93%,0.8947,176,✗ No,budget_exceeded
5,388,380,01-10,+25.0%,+78.76%,0.8938,177,✗ No,budget_exceeded
5,388,381,01-10,+25.0%,+78.51%,0.8925,181,✗ No,budget_exceeded
5,388,383,01-10,+25.0%,+78.27%,0.8914,186,✗ No,budget_exceeded
5,388,384,01-10,+25.0%,+77.96%,0.8898,190,✗ No,budget_exceeded
5,388,385,01-10,+25.0%,+77.70%,0.8885,194,✗ No,budget_exceeded
5,388,387,01-10,+25.0%,+77.47%,0.8873,201,✗ No,budget_exceeded
5,388,388,01-10,+25.0%,+77.12%,0.8856,232,✗ No,budget_exceeded
5,390,338,01-10,+25.0%,+85.03%,0.9252,117,✗ No,budget_exceeded
5,390,340,01-10,+25.0%,+84.98%,0.9249,117,✗ No,budget_exceeded
5,390,341,01-10,+25.0%,+84.86%,0.9243,119,✗ No,budget_exceeded
5,390,342,01-10,+25.0%,+84.80%,0.9240,119,✗ No,budget_exceeded
5,390,344,01-10,+25.0%,+84.58%,0.9229,121,✗ No,budget_exceeded
5,390,345,01-10,+25.0%,+84.41%,0.9221,123,✗ No,budget_exceeded
5,390,347,01-10,+25.0%,+84.25%,0.9212,124,✗ No,budget_exceeded
5,390,348,01-10,+25.0%,+84.09%,0.9205,125,✗ No,budget_exceeded
5,390,350,01-10,+25.0%,+83.91%,0.9195,128,✗ No,budget_exceeded
5,390,351,01-10,+25.0%,+83.72%,0.9186,130,✗ No,budget_exceeded
5,390,353,01-10,+25.0%,+83.53%,0.9176,133,✗ No,budget_exceeded
5,390,354,01-10,+25.0%,+83.38%,0.9169,134,✗ No,budget_exceeded
5,390,356,01-10,+25.0%,+83.14%,0.9157,137,✗ No,budget_exceeded
5,390,357,01-10,+25.0%,+82.77%,0.9138,142,✗ No,budget_exceeded
5,390,359,01-10,+25.0%,+82.46%,0.9123,146,✗ No,budget_exceeded
5,390,360,01-10,+25.0%,+82.25%,0.9112,147,✗ No,budget_exceeded
5,390,362,01-10,+25.0%,+81.87%,0.9094,148,✗ No,budget_exceeded
5,390,363,01-10,+25.0%,+81.57%,0.9078,151,✗ No,budget_exceeded
5,390,365,01-10,+25.0%,+81.22%,0.9061,153,✗ No,budget_exceeded
5,390,366,01-10,+25.0%,+80.97%,0.9049,155,✗ No,budget_exceeded
5,390,368,01-10,+25.0%,+80.59%,0.9030,159,✗ No,budget_exceeded
5,390,369,01-10,+25.0%,+80.30%,0.9015,161,✗ No,budget_exceeded
5,390,371,01-10,+25.0%,+80.12%,0.9006,162,✗ No,budget_exceeded
5,390,372,01-10,+25.0%,+79.89%,0.8995,163,✗ No,budget_exceeded
5,390,374,01-10,+25.0%,+79.53%,0.8976,166,✗ No,budget_exceeded
5,390,375,01-10,+25.0%,+79.27%,0.8963,168,✗ No,budget_exceeded
5,390,377,01-10,+25.0%,+78.88%,0.8944,172,✗ No,budget_exceeded
5,390,378,01-10,+25.0%,+78.58%,0.8929,175,✗ No,budget_exceeded
5,390,380,01-10,+25.0%,+78.47%,0.8924,175,✗ No,budget_exceeded
5,390,381,01-10,+25.0%,+78.15%,0.8908,179,✗ No,budget_exceeded
5,390,383,01-10,+25.0%,+77.89%,0.8894,184,✗ No,budget_exceeded
5,390,384,01-10,+25.0%,+77.60%,0.8880,188,✗ No,budget_exceeded
5,390,386,01-10,+25.0%,+77.35%,0.8867,192,✗ No,budget_exceeded
5,390,387,01-10,+25.0%,+77.10%,0.8855,198,✗ No,budget_exceeded
5,390,389,01-10,+25.0%,+76.84%,0.8842,205,✗ No,budget_exceeded
5,390,390,01-10,+25.0%,+76.48%,0.8824,236,✗ No,budget_exceeded
5,392,338,01-10,+25.0%,+84.82%,0.9241,118,✗ No,budget_exceeded
5,392,340,01-10,+25.0%,+84.77%,0.9238,118,✗ No,budget_exceeded
5,392,341,01-10,+25.0%,+84.64%,0.9232,120,✗ No,budget_exceeded
5,392,343,01-10,+25.0%,+84.58%,0.9229,120,✗ No,budget_exceeded
5,392,344,01-10,+25.0%,+84.29%,0.9215,123,✗ No,budget_exceeded
5,392,345,01-10,+25.0%,+84.11%,0.9206,125,✗ No,budget_exceeded
5,392,347,01-10,+25.0%,+84.02%,0.9201,125,✗ No,budget_exceeded
5,392,348,01-10,+25.0%,+83.88%,0.9194,126,✗ No,budget_exceeded
5,392,350,01-10,+25.0%,+83.68%,0.9184,129,✗ No,budget_exceeded
5,392,351,01-10,+25.0%,+83.50%,0.9175,131,✗ No,budget_exceeded
5,392,353,01-10,+25.0%,+83.30%,0.9165,134,✗ No,budget_exceeded
5,392,354,01-10,+25.0%,+83.15%,0.9158,135,✗ No,budget_exceeded
5,392,356,01-10,+25.0%,+82.83%,0.9141,139,✗ No,budget_exceeded
5,392,357,01-10,+25.0%,+82.45%,0.9123,144,✗ No,budget_exceeded
5,392,359,01-10,+25.0%,+81.93%,0.9096,148,✗ No,budget_exceeded
5,392,360,01-10,+25.0%,+81.70%,0.9085,149,✗ No,budget_exceeded
5,392,362,01-10,+25.0%,+81.54%,0.9077,150,✗ No,budget_exceeded
5,392,363,01-10,+25.0%,+81.32%,0.9066,152,✗ No,budget_exceeded
5,392,365,01-10,+25.0%,+80.81%,0.9041,155,✗ No,budget_exceeded
5,392,366,01-10,+25.0%,+80.61%,0.9030,157,✗ No,budget_exceeded
5,392,368,01-10,+25.0%,+80.24%,0.9012,161,✗ No,budget_exceeded
5,392,369,01-10,+25.0%,+79.93%,0.8997,163,✗ No,budget_exceeded
5,392,371,01-10,+25.0%,+79.73%,0.8986,164,✗ No,budget_exceeded
5,392,372,01-10,+25.0%,+79.52%,0.8976,165,✗ No,budget_exceeded
5,392,374,01-10,+25.0%,+79.15%,0.8957,168,✗ No,budget_exceeded
5,392,375,01-10,+25.0%,+78.89%,0.8944,169,✗ No,budget_exceeded
5,392,377,01-10,+25.0%,+78.49%,0.8925,173,✗ No,budget_exceeded
5,392,378,01-10,+25.0%,+78.19%,0.8909,176,✗ No,budget_exceeded
5,392,380,01-10,+25.0%,+78.09%,0.8904,176,✗ No,budget_exceeded
5,392,381,01-10,+25.0%,+77.78%,0.8889,180,✗ No,budget_exceeded
5,392,383,01-10,+25.0%,+77.54%,0.8877,184,✗ No,budget_exceeded
5,392,384,01-10,+25.0%,+77.32%,0.8866,186,✗ No,budget_exceeded
5,392,386,01-10,+25.0%,+77.09%,0.8855,189,✗ No,budget_exceeded
5,392,387,01-10,+25.0%,+76.85%,0.8843,193,✗ No,budget_exceeded
5,392,389,01-10,+25.0%,+76.54%,0.8827,197,✗ No,budget_exceeded
5,392,390,01-10,+25.0%,+76.26%,0.8813,204,✗ No,budget_exceeded
5,392,392,01-10,+25.0%,+75.92%,0.8796,233,✗ No,budget_exceeded
5,377,338,01-11,+25.0%,+86.43%,0.9321,116,✗ No,budget_exceeded
5,377,340,01-11,+25.0%,+86.29%,0.9314,117,✗ No,budget_exceeded
5,377,341,01-11,+25.0%,+86.16%,0.9308,119,✗ No,budget_exceeded
5,377,343,01-11,+25.0%,+86.09%,0.9304,119,✗ No,budget_exceeded
5,377,344,01-11,+25.0%,+85.80%,0.9290,122,✗ No,budget_exceeded
5,377,346,01-11,+25.0%,+85.59%,0.9279,124,✗ No,budget_exceeded
5,377,347,01-11,+25.0%,+85.47%,0.9274,125,✗ No,budget_exceeded
5,377,349,01-11,+25.0%,+85.38%,0.9269,126,✗ No,budget_exceeded
5,377,350,01-11,+25.0%,+85.22%,0.9261,128,✗ No,budget_exceeded
5,377,352,01-11,+25.0%,+85.06%,0.9253,130,✗ No,budget_exceeded
5,377,353,01-11,+25.0%,+84.87%,0.9244,133,✗ No,budget_exceeded
5,377,355,01-11,+25.0%,+84.71%,0.9236,135,✗ No,budget_exceeded
5,377,356,01-11,+25.0%,+84.36%,0.9218,141,✗ No,budget_exceeded
5,377,358,01-11,+25.0%,+84.13%,0.9206,146,✗ No,budget_exceeded
5,377,359,01-11,+25.0%,+83.94%,0.9197,148,✗ No,budget_exceeded
5,377,361,01-11,+25.0%,+83.72%,0.9186,149,✗ No,budget_exceeded
5,377,362,01-11,+25.0%,+83.53%,0.9177,150,✗ No,budget_exceeded
5,377,364,01-11,+25.0%,+83.25%,0.9162,153,✗ No,budget_exceeded
5,377,365,01-11,+25.0%,+83.01%,0.9150,155,✗ No,budget_exceeded
5,377,367,01-11,+25.0%,+82.80%,0.9140,157,✗ No,budget_exceeded
5,377,368,01-11,+25.0%,+82.33%,0.9116,163,✗ No,budget_exceeded
5,377,370,01-11,+25.0%,+81.94%,0.9097,167,✗ No,budget_exceeded
5,377,371,01-11,+25.0%,+81.65%,0.9083,169,✓ Yes,budget_exceeded
5,377,373,01-11,+25.0%,+81.43%,0.9071,171,✗ No,budget_exceeded
5,377,374,01-11,+25.0%,+81.07%,0.9053,176,✗ No,budget_exceeded
5,377,376,01-11,+25.0%,+80.82%,0.9041,181,✗ No,budget_exceeded
5,377,377,01-11,+25.0%,+80.51%,0.9025,195,✗ No,budget_exceeded
5,379,338,01-11,+25.0%,+86.17%,0.9308,116,✗ No,budget_exceeded
5,379,340,01-11,+25.0%,+86.11%,0.9306,116,✗ No,budget_exceeded
5,379,341,01-11,+25.0%,+85.98%,0.9299,118,✗ No,budget_exceeded
5,379,343,01-11,+25.0%,+85.92%,0.9296,118,✗ No,budget_exceeded
5,379,344,01-11,+25.0%,+85.63%,0.9281,121,✗ No,budget_exceeded
5,379,346,01-11,+25.0%,+85.42%,0.9271,123,✗ No,budget_exceeded
5,379,347,01-11,+25.0%,+85.37%,0.9269,123,✗ No,budget_exceeded
5,379,349,01-11,+25.0%,+85.23%,0.9261,125,✗ No,budget_exceeded
5,379,350,01-11,+25.0%,+85.06%,0.9253,127,✗ No,budget_exceeded
5,379,352,01-11,+25.0%,+84.90%,0.9245,129,✗ No,budget_exceeded
5,379,353,01-11,+25.0%,+84.71%,0.9235,132,✗ No,budget_exceeded
5,379,355,01-11,+25.0%,+84.54%,0.9227,134,✗ No,budget_exceeded
5,379,356,01-11,+25.0%,+84.19%,0.9209,139,✗ No,budget_exceeded
5,379,358,01-11,+25.0%,+83.95%,0.9197,144,✗ No,budget_exceeded
5,379,359,01-11,+25.0%,+83.76%,0.9188,146,✗ No,budget_exceeded
5,379,361,01-11,+25.0%,+83.53%,0.9177,147,✗ No,budget_exceeded
5,379,362,01-11,+25.0%,+83.27%,0.9164,149,✗ No,budget_exceeded
5,379,364,01-11,+25.0%,+83.08%,0.9154,151,✗ No,budget_exceeded
5,379,365,01-11,+25.0%,+82.84%,0.9142,153,✗ No,budget_exceeded
5,379,367,01-11,+25.0%,+82.63%,0.9131,155,✗ No,budget_exceeded
5,379,368,01-11,+25.0%,+82.11%,0.9106,160,✗ No,budget_exceeded
5,379,370,01-11,+25.0%,+81.77%,0.9088,164,✗ No,budget_exceeded
5,379,371,01-11,+25.0%,+81.54%,0.9077,165,✗ No,budget_exceeded
5,379,373,01-11,+25.0%,+81.24%,0.9062,167,✗ No,budget_exceeded
5,379,374,01-11,+25.0%,+80.89%,0.9045,172,✗ No,budget_exceeded
5,379,376,01-11,+25.0%,+80.63%,0.9032,175,✗ No,budget_exceeded
5,379,377,01-11,+25.0%,+80.32%,0.9016,182,✗ No,budget_exceeded
5,379,379,01-11,+25.0%,+80.08%,0.9004,203,✗ No,budget_exceeded
5,380,338,01-11,+25.0%,+86.11%,0.9305,116,✗ No,budget_exceeded
5,380,340,01-11,+25.0%,+85.98%,0.9299,117,✗ No,budget_exceeded
5,380,341,01-11,+25.0%,+85.92%,0.9296,118,✗ No,budget_exceeded
5,380,343,01-11,+25.0%,+85.78%,0.9289,119,✗ No,budget_exceeded
5,380,344,01-11,+25.0%,+85.56%,0.9278,121,✗ No,budget_exceeded
5,380,346,01-11,+25.0%,+85.30%,0.9265,124,✗ No,budget_exceeded
5,380,347,01-11,+25.0%,+85.25%,0.9262,124,✗ No,budget_exceeded
5,380,349,01-11,+25.0%,+85.09%,0.9255,126,✗ No,budget_exceeded
5,380,350,01-11,+25.0%,+84.93%,0.9246,128,✗ No,budget_exceeded
5,380,352,01-11,+25.0%,+84.83%,0.9241,129,✗ No,budget_exceeded
5,380,353,01-11,+25.0%,+84.63%,0.9232,132,✗ No,budget_exceeded
5,380,355,01-11,+25.0%,+84.47%,0.9223,134,✗ No,budget_exceeded
5,380,356,01-11,+25.0%,+84.10%,0.9205,139,✗ No,budget_exceeded
5,380,358,01-11,+25.0%,+83.79%,0.9190,145,✗ No,budget_exceeded
5,380,359,01-11,+25.0%,+83.60%,0.9180,147,✗ No,budget_exceeded
5,380,361,01-11,+25.0%,+83.37%,0.9168,148,✗ No,budget_exceeded
5,380,362,01-11,+25.0%,+83.18%,0.9159,149,✗ No,budget_exceeded
5,380,364,01-11,+25.0%,+82.99%,0.9149,151,✗ No,budget_exceeded
5,380,365,01-11,+25.0%,+82.67%,0.9134,154,✗ No,budget_exceeded
5,380,367,01-11,+25.0%,+82.32%,0.9116,157,✗ No,budget_exceeded
5,380,368,01-11,+25.0%,+81.93%,0.9097,161,✗ No,budget_exceeded
5,380,370,01-11,+25.0%,+81.57%,0.9079,165,✗ No,budget_exceeded
5,380,371,01-11,+25.0%,+81.26%,0.9063,167,✗ No,budget_exceeded
5,380,373,01-11,+25.0%,+81.01%,0.9050,170,✗ No,budget_exceeded
5,380,374,01-11,+25.0%,+80.69%,0.9035,173,✗ No,budget_exceeded
5,380,376,01-11,+25.0%,+80.33%,0.9016,179,✗ No,budget_exceeded
5,380,377,01-11,+25.0%,+80.06%,0.9003,182,✗ No,budget_exceeded
5,380,379,01-11,+25.0%,+79.78%,0.8989,185,✗ No,budget_exceeded
5,380,380,01-11,+25.0%,+79.55%,0.8977,214,✗ No,budget_exceeded
5,382,338,01-11,+25.0%,+85.88%,0.9294,117,✗ No,budget_exceeded
5,382,340,01-11,+25.0%,+85.75%,0.9288,118,✗ No,budget_exceeded
5,382,341,01-11,+25.0%,+85.61%,0.9281,120,✗ No,budget_exceeded
5,382,343,01-11,+25.0%,+85.55%,0.9277,120,✗ No,budget_exceeded
5,382,344,01-11,+25.0%,+85.28%,0.9264,123,✗ No,budget_exceeded
5,382,346,01-11,+25.0%,+85.07%,0.9254,125,✗ No,budget_exceeded
5,382,347,01-11,+25.0%,+85.02%,0.9251,125,✗ No,budget_exceeded
5,382,349,01-11,+25.0%,+84.86%,0.9243,127,✗ No,budget_exceeded
5,382,350,01-11,+25.0%,+84.69%,0.9235,129,✗ No,budget_exceeded
5,382,352,01-11,+25.0%,+84.52%,0.9226,131,✗ No,budget_exceeded
5,382,353,01-11,+25.0%,+84.32%,0.9216,134,✗ No,budget_exceeded
5,382,355,01-11,+25.0%,+84.16%,0.9208,136,✗ No,budget_exceeded
5,382,356,01-11,+25.0%,+83.91%,0.9195,139,✗ No,budget_exceeded
5,382,358,01-11,+25.0%,+83.60%,0.9180,145,✗ No,budget_exceeded
5,382,359,01-11,+25.0%,+83.40%,0.9170,147,✗ No,budget_exceeded
5,382,361,01-11,+25.0%,+83.17%,0.9158,148,✗ No,budget_exceeded
5,382,362,01-11,+25.0%,+82.90%,0.9145,150,✗ No,budget_exceeded
5,382,364,01-11,+25.0%,+82.71%,0.9135,152,✗ No,budget_exceeded
5,382,365,01-11,+25.0%,+82.33%,0.9116,155,✗ No,budget_exceeded
5,382,367,01-11,+25.0%,+81.99%,0.9099,158,✗ No,budget_exceeded
5,382,368,01-11,+25.0%,+81.63%,0.9081,163,✗ No,budget_exceeded
5,382,370,01-11,+25.0%,+81.36%,0.9068,165,✗ No,budget_exceeded
5,382,371,01-11,+25.0%,+81.04%,0.9052,167,✗ No,budget_exceeded
5,382,373,01-11,+25.0%,+80.73%,0.9037,171,✗ No,budget_exceeded
5,382,374,01-11,+25.0%,+80.49%,0.9024,173,✗ No,budget_exceeded
5,382,376,01-11,+25.0%,+80.13%,0.9006,178,✗ No,budget_exceeded
5,382,377,01-11,+25.0%,+79.78%,0.8989,180,✗ No,budget_exceeded
5,382,379,01-11,+25.0%,+79.58%,0.8979,182,✗ No,budget_exceeded
5,382,380,01-11,+25.0%,+79.36%,0.8968,186,✗ No,budget_exceeded
5,382,382,01-11,+25.0%,+79.10%,0.8955,205,✗ No,budget_exceeded
5,384,338,01-11,+25.0%,+85.72%,0.9286,117,✗ No,budget_exceeded
5,384,340,01-11,+25.0%,+85.59%,0.9280,118,✗ No,budget_exceeded
5,384,341,01-11,+25.0%,+85.53%,0.9277,119,✗ No,budget_exceeded
5,384,343,01-11,+25.0%,+85.40%,0.9270,120,✗ No,budget_exceeded
5,384,344,01-11,+25.0%,+85.20%,0.9260,122,✗ No,budget_exceeded
5,384,346,01-11,+25.0%,+85.00%,0.9250,124,✗ No,budget_exceeded
5,384,347,01-11,+25.0%,+84.88%,0.9244,125,✗ No,budget_exceeded
5,384,349,01-11,+25.0%,+84.72%,0.9236,127,✗ No,budget_exceeded
5,384,350,01-11,+25.0%,+84.62%,0.9231,128,✗ No,budget_exceeded
5,384,352,01-11,+25.0%,+84.36%,0.9218,131,✗ No,budget_exceeded
5,384,353,01-11,+25.0%,+84.17%,0.9209,134,✗ No,budget_exceeded
5,384,355,01-11,+25.0%,+84.08%,0.9204,135,✗ No,budget_exceeded
5,384,356,01-11,+25.0%,+83.76%,0.9188,139,✗ No,budget_exceeded
5,384,358,01-11,+25.0%,+83.43%,0.9171,145,✗ No,budget_exceeded
5,384,359,01-11,+25.0%,+83.22%,0.9161,147,✗ No,budget_exceeded
5,384,361,01-11,+25.0%,+83.00%,0.9150,148,✗ No,budget_exceeded
5,384,362,01-11,+25.0%,+82.82%,0.9141,149,✗ No,budget_exceeded
5,384,364,01-11,+25.0%,+82.63%,0.9131,151,✗ No,budget_exceeded
5,384,365,01-11,+25.0%,+82.12%,0.9106,155,✗ No,budget_exceeded
5,384,367,01-11,+25.0%,+81.90%,0.9095,157,✗ No,budget_exceeded
5,384,368,01-11,+25.0%,+81.54%,0.9077,162,✗ No,budget_exceeded
5,384,370,01-11,+25.0%,+81.09%,0.9055,166,✗ No,budget_exceeded
5,384,371,01-11,+25.0%,+80.88%,0.9044,167,✗ No,budget_exceeded
5,384,373,01-11,+25.0%,+80.63%,0.9032,170,✗ No,budget_exceeded
5,384,374,01-11,+25.0%,+80.33%,0.9016,173,✗ No,budget_exceeded
5,384,376,01-11,+25.0%,+79.95%,0.8997,178,✗ No,budget_exceeded
5,384,378,01-11,+25.0%,+79.67%,0.8984,179,✗ No,budget_exceeded
5,384,379,01-11,+25.0%,+79.45%,0.8973,181,✗ No,budget_exceeded
5,384,381,01-11,+25.0%,+79.15%,0.8958,186,✗ No,budget_exceeded
5,384,382,01-11,+25.0%,+78.91%,0.8946,190,✗ No,budget_exceeded
5,384,384,01-11,+25.0%,+78.67%,0.8933,212,✗ No,budget_exceeded
5,385,338,01-11,+25.0%,+85.57%,0.9279,118,✗ No,budget_exceeded
5,385,340,01-11,+25.0%,+85.45%,0.9273,119,✗ No,budget_exceeded
5,385,341,01-11,+25.0%,+85.39%,0.9270,120,✗ No,budget_exceeded
5,385,343,01-11,+25.0%,+85.27%,0.9264,121,✗ No,budget_exceeded
5,385,344,01-11,+25.0%,+85.06%,0.9253,123,✗ No,budget_exceeded
5,385,346,01-11,+25.0%,+84.85%,0.9242,125,✗ No,budget_exceeded
5,385,347,01-11,+25.0%,+84.80%,0.9240,125,✗ No,budget_exceeded
5,385,349,01-11,+25.0%,+84.64%,0.9232,127,✗ No,budget_exceeded
5,385,350,01-11,+25.0%,+84.46%,0.9223,129,✗ No,budget_exceeded
5,385,352,01-11,+25.0%,+84.28%,0.9214,131,✗ No,budget_exceeded
5,385,353,01-11,+25.0%,+84.08%,0.9204,134,✗ No,budget_exceeded
5,385,355,01-11,+25.0%,+83.90%,0.9195,136,✗ No,budget_exceeded
5,385,356,01-11,+25.0%,+83.59%,0.9179,140,✗ No,budget_exceeded
5,385,358,01-11,+25.0%,+83.33%,0.9167,145,✗ No,budget_exceeded
5,385,359,01-11,+25.0%,+83.05%,0.9153,148,✗ No,budget_exceeded
5,385,361,01-11,+25.0%,+82.83%,0.9141,149,✗ No,budget_exceeded
5,385,362,01-11,+25.0%,+82.64%,0.9132,150,✗ No,budget_exceeded
5,385,364,01-11,+25.0%,+82.31%,0.9115,153,✗ No,budget_exceeded
5,385,365,01-11,+25.0%,+81.93%,0.9096,156,✗ No,budget_exceeded
5,385,367,01-11,+25.0%,+81.72%,0.9086,158,✗ No,budget_exceeded
5,385,368,01-11,+25.0%,+81.23%,0.9061,163,✗ No,budget_exceeded
5,385,370,01-11,+25.0%,+80.89%,0.9044,166,✗ No,budget_exceeded
5,385,372,01-11,+25.0%,+80.67%,0.9034,167,✗ No,budget_exceeded
5,385,373,01-11,+25.0%,+80.34%,0.9017,171,✗ No,budget_exceeded
5,385,375,01-11,+25.0%,+80.08%,0.9004,173,✗ No,budget_exceeded
5,385,376,01-11,+25.0%,+79.70%,0.8985,178,✗ No,budget_exceeded
5,385,378,01-11,+25.0%,+79.34%,0.8967,180,✗ No,budget_exceeded
5,385,379,01-11,+25.0%,+79.16%,0.8958,182,✗ No,budget_exceeded
5,385,381,01-11,+25.0%,+78.91%,0.8946,186,✗ No,budget_exceeded
5,385,382,01-11,+25.0%,+78.59%,0.8930,191,✗ No,budget_exceeded
5,385,384,01-11,+25.0%,+78.34%,0.8917,198,✗ No,budget_exceeded
5,385,385,01-11,+25.0%,+78.11%,0.8905,224,✗ No,budget_exceeded
5,387,338,01-11,+25.0%,+85.43%,0.9271,118,✗ No,budget_exceeded
5,387,340,01-11,+25.0%,+85.37%,0.9269,118,✗ No,budget_exceeded
5,387,341,01-11,+25.0%,+85.26%,0.9263,120,✗ No,budget_exceeded
5,387,343,01-11,+25.0%,+85.19%,0.9259,120,✗ No,budget_exceeded
5,387,344,01-11,+25.0%,+84.98%,0.9249,122,✗ No,budget_exceeded
5,387,346,01-11,+25.0%,+84.70%,0.9235,125,✗ No,budget_exceeded
5,387,347,01-11,+25.0%,+84.65%,0.9233,125,✗ No,budget_exceeded
5,387,349,01-11,+25.0%,+84.48%,0.9224,127,✗ No,budget_exceeded
5,387,350,01-11,+25.0%,+84.30%,0.9215,129,✗ No,budget_exceeded
5,387,352,01-11,+25.0%,+84.13%,0.9207,131,✗ No,budget_exceeded
5,387,353,01-11,+25.0%,+83.92%,0.9196,134,✗ No,budget_exceeded
5,387,355,01-11,+25.0%,+83.75%,0.9188,136,✗ No,budget_exceeded
5,387,356,01-11,+25.0%,+83.51%,0.9176,139,✗ No,budget_exceeded
5,387,358,01-11,+25.0%,+83.15%,0.9157,144,✗ No,budget_exceeded
5,387,359,01-11,+25.0%,+82.87%,0.9144,147,✗ No,budget_exceeded
5,387,361,01-11,+25.0%,+82.65%,0.9132,148,✗ No,budget_exceeded
5,387,362,01-11,+25.0%,+82.47%,0.9123,149,✗ No,budget_exceeded
5,387,364,01-11,+25.0%,+82.12%,0.9106,152,✗ No,budget_exceeded
5,387,365,01-11,+25.0%,+81.75%,0.9088,155,✗ No,budget_exceeded
5,387,367,01-11,+25.0%,+81.54%,0.9077,157,✗ No,budget_exceeded
5,387,369,01-11,+25.0%,+81.02%,0.9051,162,✗ No,budget_exceeded
5,387,370,01-11,+25.0%,+80.69%,0.9034,165,✗ No,budget_exceeded
5,387,372,01-11,+25.0%,+80.47%,0.9023,166,✗ No,budget_exceeded
5,387,373,01-11,+25.0%,+80.15%,0.9007,169,✗ No,budget_exceeded
5,387,375,01-11,+25.0%,+79.88%,0.8994,170,✗ No,budget_exceeded
5,387,376,01-11,+25.0%,+79.51%,0.8976,175,✗ No,budget_exceeded
5,387,378,01-11,+25.0%,+79.15%,0.8957,177,✗ No,budget_exceeded
5,387,379,01-11,+25.0%,+78.97%,0.8948,179,✗ No,budget_exceeded
5,387,381,01-11,+25.0%,+78.72%,0.8936,183,✗ No,budget_exceeded
5,387,382,01-11,+25.0%,+78.38%,0.8919,188,✗ No,budget_exceeded
5,387,384,01-11,+25.0%,+78.12%,0.8906,193,✗ No,budget_exceeded
5,387,385,01-11,+25.0%,+77.86%,0.8893,198,✗ No,budget_exceeded
5,387,387,01-11,+25.0%,+77.56%,0.8878,233,✗ No,budget_exceeded
5,388,338,01-11,+25.0%,+85.19%,0.9260,117,✗ No,budget_exceeded
5,388,340,01-11,+25.0%,+85.14%,0.9257,117,✗ No,budget_exceeded
5,388,341,01-11,+25.0%,+85.02%,0.9251,119,✗ No,budget_exceeded
5,388,342,01-11,+25.0%,+84.89%,0.9245,120,✗ No,budget_exceeded
5,388,344,01-11,+25.0%,+84.68%,0.9234,122,✗ No,budget_exceeded
5,388,345,01-11,+25.0%,+84.50%,0.9225,124,✗ No,budget_exceeded
5,388,347,01-11,+25.0%,+84.33%,0.9217,125,✗ No,budget_exceeded
5,388,348,01-11,+25.0%,+84.26%,0.9213,125,✗ No,budget_exceeded
5,388,350,01-11,+25.0%,+84.08%,0.9204,128,✗ No,budget_exceeded
5,388,351,01-11,+25.0%,+83.89%,0.9194,130,✗ No,budget_exceeded
5,388,353,01-11,+25.0%,+83.70%,0.9185,133,✗ No,budget_exceeded
5,388,354,01-11,+25.0%,+83.55%,0.9178,134,✗ No,budget_exceeded
5,388,356,01-11,+25.0%,+83.23%,0.9161,138,✗ No,budget_exceeded
5,388,357,01-11,+25.0%,+82.87%,0.9143,143,✗ No,budget_exceeded
5,388,359,01-11,+25.0%,+82.64%,0.9132,146,✗ No,budget_exceeded
5,388,360,01-11,+25.0%,+82.28%,0.9114,148,✗ No,budget_exceeded
5,388,362,01-11,+25.0%,+82.12%,0.9106,149,✗ No,budget_exceeded
5,388,363,01-11,+25.0%,+81.90%,0.9095,151,✗ No,budget_exceeded
5,388,365,01-11,+25.0%,+81.58%,0.9079,154,✗ No,budget_exceeded
5,388,366,01-11,+25.0%,+81.35%,0.9067,155,✗ No,budget_exceeded
5,388,368,01-11,+25.0%,+80.86%,0.9043,161,✗ No,budget_exceeded
5,388,369,01-11,+25.0%,+80.52%,0.9026,164,✗ No,budget_exceeded
5,388,371,01-11,+25.0%,+80.32%,0.9016,165,✗ No,budget_exceeded
5,388,372,01-11,+25.0%,+80.09%,0.9005,166,✗ No,budget_exceeded
5,388,374,01-11,+25.0%,+79.73%,0.8987,169,✗ No,budget_exceeded
5,388,375,01-11,+25.0%,+79.47%,0.8974,171,✗ No,budget_exceeded
5,388,377,01-11,+25.0%,+79.08%,0.8954,175,✗ No,budget_exceeded
5,388,378,01-11,+25.0%,+78.78%,0.8939,178,✗ No,budget_exceeded
5,388,380,01-11,+25.0%,+78.67%,0.8933,178,✗ No,budget_exceeded
5,388,381,01-11,+25.0%,+78.34%,0.8917,183,✗ No,budget_exceeded
5,388,383,01-11,+25.0%,+78.10%,0.8905,188,✗ No,budget_exceeded
5,388,384,01-11,+25.0%,+77.88%,0.8894,191,✗ No,budget_exceeded
5,388,385,01-11,+25.0%,+77.56%,0.8878,196,✗ No,budget_exceeded
5,388,387,01-11,+25.0%,+77.34%,0.8867,203,✗ No,budget_exceeded
5,388,388,01-11,+25.0%,+77.04%,0.8852,233,✗ No,budget_exceeded
5,390,338,01-11,+25.0%,+84.95%,0.9248,118,✗ No,budget_exceeded
5,390,340,01-11,+25.0%,+84.83%,0.9242,119,✗ No,budget_exceeded
5,390,341,01-11,+25.0%,+84.78%,0.9239,120,✗ No,budget_exceeded
5,390,342,01-11,+25.0%,+84.65%,0.9232,121,✗ No,budget_exceeded
5,390,344,01-11,+25.0%,+84.43%,0.9221,123,✗ No,budget_exceeded
5,390,345,01-11,+25.0%,+84.25%,0.9212,125,✗ No,budget_exceeded
5,390,347,01-11,+25.0%,+84.09%,0.9205,126,✗ No,budget_exceeded
5,390,348,01-11,+25.0%,+83.94%,0.9197,127,✗ No,budget_exceeded
5,390,350,01-11,+25.0%,+83.75%,0.9188,130,✗ No,budget_exceeded
5,390,351,01-11,+25.0%,+83.57%,0.9178,132,✗ No,budget_exceeded
5,390,353,01-11,+25.0%,+83.36%,0.9168,135,✗ No,budget_exceeded
5,390,354,01-11,+25.0%,+83.21%,0.9161,136,✗ No,budget_exceeded
5,390,356,01-11,+25.0%,+82.97%,0.9148,139,✗ No,budget_exceeded
5,390,357,01-11,+25.0%,+82.60%,0.9130,144,✗ No,budget_exceeded
5,390,359,01-11,+25.0%,+82.08%,0.9104,148,✗ No,budget_exceeded
5,390,360,01-11,+25.0%,+81.78%,0.9089,150,✗ No,budget_exceeded
5,390,362,01-11,+25.0%,+81.69%,0.9085,150,✗ No,budget_exceeded
5,390,363,01-11,+25.0%,+81.41%,0.9070,153,✗ No,budget_exceeded
5,390,365,01-11,+25.0%,+81.02%,0.9051,155,✗ No,budget_exceeded
5,390,366,01-11,+25.0%,+80.81%,0.9041,157,✗ No,budget_exceeded
5,390,368,01-11,+25.0%,+80.44%,0.9022,161,✗ No,budget_exceeded
5,390,369,01-11,+25.0%,+80.22%,0.9011,162,✗ No,budget_exceeded
5,390,371,01-11,+25.0%,+80.03%,0.9002,163,✗ No,budget_exceeded
5,390,372,01-11,+25.0%,+79.74%,0.8987,165,✗ No,budget_exceeded
5,390,374,01-11,+25.0%,+79.45%,0.8972,167,✗ No,budget_exceeded
5,390,375,01-11,+25.0%,+79.12%,0.8956,170,✗ No,budget_exceeded
5,390,377,01-11,+25.0%,+78.73%,0.8936,174,✗ No,budget_exceeded
5,390,378,01-11,+25.0%,+78.49%,0.8924,176,✗ No,budget_exceeded
5,390,380,01-11,+25.0%,+78.30%,0.8915,177,✗ No,budget_exceeded
5,390,381,01-11,+25.0%,+77.99%,0.8900,181,✗ No,budget_exceeded
5,390,383,01-11,+25.0%,+77.75%,0.8887,186,✗ No,budget_exceeded
5,390,384,01-11,+25.0%,+77.52%,0.8876,189,✗ No,budget_exceeded
5,390,386,01-11,+25.0%,+77.27%,0.8864,193,✗ No,budget_exceeded
5,390,387,01-11,+25.0%,+76.95%,0.8848,200,✗ No,budget_exceeded
5,390,389,01-11,+25.0%,+76.68%,0.8834,207,✗ No,budget_exceeded
5,390,390,01-11,+25.0%,+76.32%,0.8816,238,✗ No,budget_exceeded
5,392,338,01-11,+25.0%,+84.74%,0.9237,119,✗ No,budget_exceeded
5,392,340,01-11,+25.0%,+84.62%,0.9231,120,✗ No,budget_exceeded
5,392,341,01-11,+25.0%,+84.56%,0.9228,121,✗ No,budget_exceeded
5,392,343,01-11,+25.0%,+84.42%,0.9221,122,✗ No,budget_exceeded
5,392,344,01-11,+25.0%,+84.20%,0.9210,124,✗ No,budget_exceeded
5,392,345,01-11,+25.0%,+84.03%,0.9202,126,✗ No,budget_exceeded
5,392,347,01-11,+25.0%,+83.87%,0.9193,127,✗ No,budget_exceeded
5,392,348,01-11,+25.0%,+83.73%,0.9186,128,✗ No,budget_exceeded
5,392,350,01-11,+25.0%,+83.53%,0.9176,131,✗ No,budget_exceeded
5,392,351,01-11,+25.0%,+83.34%,0.9167,133,✗ No,budget_exceeded
5,392,353,01-11,+25.0%,+83.13%,0.9156,136,✗ No,budget_exceeded
5,392,354,01-11,+25.0%,+82.98%,0.9149,137,✗ No,budget_exceeded
5,392,356,01-11,+25.0%,+82.66%,0.9133,141,✗ No,budget_exceeded
5,392,357,01-11,+25.0%,+82.07%,0.9104,146,✗ No,budget_exceeded
5,392,359,01-11,+25.0%,+81.75%,0.9088,150,✗ No,budget_exceeded
5,392,360,01-11,+25.0%,+81.54%,0.9077,151,✗ No,budget_exceeded
5,392,362,01-11,+25.0%,+81.38%,0.9069,152,✗ No,budget_exceeded
5,392,363,01-11,+25.0%,+81.00%,0.9050,155,✗ No,budget_exceeded
5,392,365,01-11,+25.0%,+80.66%,0.9033,157,✗ No,budget_exceeded
5,392,366,01-11,+25.0%,+80.46%,0.9023,159,✗ No,budget_exceeded
5,392,368,01-11,+25.0%,+80.10%,0.9005,163,✗ No,budget_exceeded
5,392,369,01-11,+25.0%,+79.85%,0.8992,164,✗ No,budget_exceeded
5,392,371,01-11,+25.0%,+79.64%,0.8982,165,✗ No,budget_exceeded
5,392,372,01-11,+25.0%,+79.43%,0.8972,166,✗ No,budget_exceeded
5,392,374,01-11,+25.0%,+79.06%,0.8953,169,✗ No,budget_exceeded
5,392,375,01-11,+25.0%,+78.74%,0.8937,171,✗ No,budget_exceeded
5,392,377,01-11,+25.0%,+78.33%,0.8916,175,✗ No,budget_exceeded
5,392,378,01-11,+25.0%,+78.09%,0.8905,177,✗ No,budget_exceeded
5,392,380,01-11,+25.0%,+77.93%,0.8897,178,✗ No,budget_exceeded
5,392,381,01-11,+25.0%,+77.70%,0.8885,181,✗ No,budget_exceeded
5,392,383,01-11,+25.0%,+77.46%,0.8873,185,✗ No,budget_exceeded
5,392,384,01-11,+25.0%,+77.25%,0.8862,187,✗ No,budget_exceeded
5,392,386,01-11,+25.0%,+76.94%,0.8847,191,✗ No,budget_exceeded
5,392,387,01-11,+25.0%,+76.69%,0.8834,195,✗ No,budget_exceeded
5,392,389,01-11,+25.0%,+76.45%,0.8823,198,✗ No,budget_exceeded
5,392,390,01-11,+25.0%,+76.10%,0.8805,206,✗ No,budget_exceeded
5,392,392,01-11,+25.0%,+75.84%,0.8792,234,✗ No,budget_exceeded
6,381,342,01-10,+25.0%,+85.76%,0.9288,118,✗ No,budget_exceeded
6,381,343,01-10,+25.0%,+85.73%,0.9287,118,✗ No,budget_exceeded
6,381,343,01-10,+25.0%,+85.58%,0.9279,119,✗ No,budget_exceeded
6,381,344,01-10,+25.0%,+85.44%,0.9272,121,✗ No,budget_exceeded
6,381,345,01-10,+25.0%,+85.41%,0.9270,121,✗ No,budget_exceeded
6,381,345,01-10,+25.0%,+85.36%,0.9268,122,✗ No,budget_exceeded
6,381,346,01-10,+25.0%,+85.22%,0.9261,123,✗ No,budget_exceeded
6,381,347,01-10,+25.0%,+85.20%,0.9260,123,✗ No,budget_exceeded
6,381,347,01-10,+25.0%,+85.18%,0.9259,123,✗ No,budget_exceeded
6,381,348,01-10,+25.0%,+85.09%,0.9255,124,✗ No,budget_exceeded
6,381,349,01-10,+25.0%,+85.04%,0.9252,125,✗ No,budget_exceeded
6,381,349,01-10,+25.0%,+84.91%,0.9245,127,✗ No,budget_exceeded
6,381,350,01-10,+25.0%,+84.89%,0.9244,127,✗ No,budget_exceeded
6,381,351,01-10,+25.0%,+84.82%,0.9241,128,✗ No,budget_exceeded
6,381,351,01-10,+25.0%,+84.71%,0.9236,129,✗ No,budget_exceeded
6,381,352,01-10,+25.0%,+84.67%,0.9233,130,✗ No,budget_exceeded
6,381,353,01-10,+25.0%,+84.54%,0.9227,132,✗ No,budget_exceeded
6,381,353,01-10,+25.0%,+84.50%,0.9225,132,✗ No,budget_exceeded
6,381,354,01-10,+25.0%,+84.48%,0.9224,132,✗ No,budget_exceeded
6,381,355,01-10,+25.0%,+84.35%,0.9217,134,✗ No,budget_exceeded
6,381,355,01-10,+25.0%,+84.27%,0.9214,135,✗ No,budget_exceeded
6,381,356,01-10,+25.0%,+84.13%,0.9207,136,✗ No,budget_exceeded
6,381,357,01-10,+25.0%,+83.99%,0.9199,139,✗ No,budget_exceeded
6,381,357,01-10,+25.0%,+83.90%,0.9195,141,✗ No,budget_exceeded
6,381,358,01-10,+25.0%,+83.78%,0.9189,143,✗ No,budget_exceeded
6,381,359,01-10,+25.0%,+83.69%,0.9185,144,✗ No,budget_exceeded
6,381,359,01-10,+25.0%,+83.60%,0.9180,145,✗ No,budget_exceeded
6,381,360,01-10,+25.0%,+83.55%,0.9178,145,✗ No,budget_exceeded
6,381,361,01-10,+25.0%,+83.38%,0.9169,146,✗ No,budget_exceeded
6,381,361,01-10,+25.0%,+83.34%,0.9167,146,✗ No,budget_exceeded
6,381,362,01-10,+25.0%,+83.23%,0.9161,147,✗ No,budget_exceeded
6,381,363,01-10,+25.0%,+83.07%,0.9153,148,✗ No,budget_exceeded
6,381,363,01-10,+25.0%,+83.02%,0.9151,149,✗ No,budget_exceeded
6,381,364,01-10,+25.0%,+82.98%,0.9149,149,✗ No,budget_exceeded
6,381,365,01-10,+25.0%,+82.71%,0.9135,152,✗ No,budget_exceeded
6,381,365,01-10,+25.0%,+82.67%,0.9134,152,✗ No,budget_exceeded
6,381,366,01-10,+25.0%,+82.62%,0.9131,152,✗ No,budget_exceeded
6,381,367,01-10,+25.0%,+82.46%,0.9123,154,✗ No,budget_exceeded
6,381,367,01-10,+25.0%,+82.43%,0.9122,154,✗ No,budget_exceeded
6,381,368,01-10,+25.0%,+81.95%,0.9097,159,✗ No,budget_exceeded
6,381,369,01-10,+25.0%,+81.89%,0.9094,160,✗ No,budget_exceeded
6,381,369,01-10,+25.0%,+81.70%,0.9085,162,✗ No,budget_exceeded
6,381,370,01-10,+25.0%,+81.57%,0.9078,163,✗ No,budget_exceeded
6,381,371,01-10,+25.0%,+81.42%,0.9071,164,✗ No,budget_exceeded
6,381,371,01-10,+25.0%,+81.37%,0.9068,164,✗ No,budget_exceeded
6,381,372,01-10,+25.0%,+81.23%,0.9062,165,✗ No,budget_exceeded
6,381,372,01-10,+25.0%,+81.17%,0.9058,165,✗ No,budget_exceeded
6,381,373,01-10,+25.0%,+80.99%,0.9050,168,✗ No,budget_exceeded
6,381,374,01-10,+25.0%,+80.73%,0.9036,171,✗ No,budget_exceeded
6,381,374,01-10,+25.0%,+80.68%,0.9034,171,✗ No,budget_exceeded
6,381,375,01-10,+25.0%,+80.51%,0.9026,173,✗ No,budget_exceeded
6,381,376,01-10,+25.0%,+80.33%,0.9016,176,✗ No,budget_exceeded
6,381,376,01-10,+25.0%,+80.28%,0.9014,176,✗ No,budget_exceeded
6,381,377,01-10,+25.0%,+80.10%,0.9005,178,✗ No,budget_exceeded
6,381,378,01-10,+25.0%,+79.94%,0.8997,179,✗ No,budget_exceeded
6,381,378,01-10,+25.0%,+79.90%,0.8995,180,✗ No,budget_exceeded
6,381,379,01-10,+25.0%,+79.78%,0.8989,182,✗ No,budget_exceeded
6,381,380,01-10,+25.0%,+79.70%,0.8985,184,✗ No,budget_exceeded
6,381,380,01-10,+25.0%,+79.57%,0.8979,190,✗ No,budget_exceeded
6,381,381,01-10,+25.0%,+79.49%,0.8974,212,✗ No,budget_exceeded
6,382,342,01-10,+25.0%,+85.72%,0.9286,118,✗ No,budget_exceeded
6,382,343,01-10,+25.0%,+85.70%,0.9285,118,✗ No,budget_exceeded
6,382,343,01-10,+25.0%,+85.55%,0.9278,119,✗ No,budget_exceeded
6,382,344,01-10,+25.0%,+85.41%,0.9270,121,✗ No,budget_exceeded
6,382,345,01-10,+25.0%,+85.38%,0.9269,121,✗ No,budget_exceeded
6,382,345,01-10,+25.0%,+85.26%,0.9263,123,✗ No,budget_exceeded
6,382,346,01-10,+25.0%,+85.19%,0.9259,123,✗ No,budget_exceeded
6,382,347,01-10,+25.0%,+85.10%,0.9255,123,✓ Yes,budget_exceeded
6,382,347,01-10,+25.0%,+85.09%,0.9254,124,✗ No,budget_exceeded
6,382,348,01-10,+25.0%,+85.04%,0.9252,124,✗ No,budget_exceeded
6,382,349,01-10,+25.0%,+85.00%,0.9250,125,✗ No,budget_exceeded
6,382,349,01-10,+25.0%,+84.87%,0.9244,127,✗ No,budget_exceeded
6,382,350,01-10,+25.0%,+84.83%,0.9242,127,✗ No,budget_exceeded
6,382,351,01-10,+25.0%,+84.72%,0.9236,129,✗ No,budget_exceeded
6,382,351,01-10,+25.0%,+84.67%,0.9234,129,✗ No,budget_exceeded
6,382,352,01-10,+25.0%,+84.62%,0.9231,130,✗ No,budget_exceeded
6,382,353,01-10,+25.0%,+84.50%,0.9225,132,✗ No,budget_exceeded
6,382,353,01-10,+25.0%,+84.46%,0.9223,132,✗ No,budget_exceeded
6,382,354,01-10,+25.0%,+84.43%,0.9221,132,✗ No,budget_exceeded
6,382,355,01-10,+25.0%,+84.31%,0.9215,134,✗ No,budget_exceeded
6,382,355,01-10,+25.0%,+84.15%,0.9208,136,✗ No,budget_exceeded
6,382,356,01-10,+25.0%,+83.99%,0.9199,138,✗ No,budget_exceeded
6,382,357,01-10,+25.0%,+83.95%,0.9197,139,✗ No,budget_exceeded
6,382,357,01-10,+25.0%,+83.78%,0.9189,142,✗ No,budget_exceeded
6,382,358,01-10,+25.0%,+83.59%,0.9180,145,✗ No,budget_exceeded
6,382,359,01-10,+25.0%,+83.58%,0.9179,145,✗ No,budget_exceeded
6,382,359,01-10,+25.0%,+83.54%,0.9177,145,✗ No,budget_exceeded
6,382,360,01-10,+25.0%,+83.41%,0.9170,146,✗ No,budget_exceeded
6,382,361,01-10,+25.0%,+83.33%,0.9166,146,✗ No,budget_exceeded
6,382,361,01-10,+25.0%,+83.20%,0.9160,147,✗ No,budget_exceeded
6,382,362,01-10,+25.0%,+83.06%,0.9153,148,✗ No,budget_exceeded
6,382,363,01-10,+25.0%,+83.02%,0.9151,148,✗ No,budget_exceeded
6,382,363,01-10,+25.0%,+82.89%,0.9144,150,✗ No,budget_exceeded
6,382,364,01-10,+25.0%,+82.84%,0.9142,150,✗ No,budget_exceeded
6,382,365,01-10,+25.0%,+82.65%,0.9133,152,✗ No,budget_exceeded
6,382,365,01-10,+25.0%,+82.61%,0.9131,152,✗ No,budget_exceeded
6,382,366,01-10,+25.0%,+82.45%,0.9123,153,✗ No,budget_exceeded
6,382,367,01-10,+25.0%,+82.41%,0.9120,154,✗ No,budget_exceeded
6,382,367,01-10,+25.0%,+82.29%,0.9114,155,✗ No,budget_exceeded
6,382,368,01-10,+25.0%,+81.89%,0.9094,159,✗ No,budget_exceeded
6,382,369,01-10,+25.0%,+81.75%,0.9087,161,✗ No,budget_exceeded
6,382,369,01-10,+25.0%,+81.55%,0.9077,163,✗ No,budget_exceeded
6,382,370,01-10,+25.0%,+81.41%,0.9071,164,✗ No,budget_exceeded
6,382,371,01-10,+25.0%,+81.36%,0.9068,164,✗ No,budget_exceeded
6,382,371,01-10,+25.0%,+81.21%,0.9061,165,✗ No,budget_exceeded
6,382,372,01-10,+25.0%,+81.03%,0.9052,166,✗ No,budget_exceeded
6,382,373,01-10,+25.0%,+80.99%,0.9050,166,✗ No,budget_exceeded
6,382,373,01-10,+25.0%,+80.73%,0.9037,170,✓ Yes,budget_exceeded
6,382,374,01-10,+25.0%,+80.65%,0.9032,171,✗ No,budget_exceeded
6,382,375,01-10,+25.0%,+80.47%,0.9023,173,✗ No,budget_exceeded
6,382,375,01-10,+25.0%,+80.36%,0.9018,174,✗ No,budget_exceeded
6,382,376,01-10,+25.0%,+80.24%,0.9012,176,✗ No,budget_exceeded
6,382,377,01-10,+25.0%,+80.05%,0.9002,177,✗ No,budget_exceeded
6,382,377,01-10,+25.0%,+79.92%,0.8996,178,✗ No,budget_exceeded
6,382,378,01-10,+25.0%,+79.76%,0.8988,180,✗ No,budget_exceeded
6,382,379,01-10,+25.0%,+79.71%,0.8985,180,✗ No,budget_exceeded
6,382,379,01-10,+25.0%,+79.67%,0.8983,181,✗ No,budget_exceeded
6,382,380,01-10,+25.0%,+79.52%,0.8976,184,✗ No,budget_exceeded
6,382,381,01-10,+25.0%,+79.36%,0.8968,188,✗ No,budget_exceeded
6,382,381,01-10,+25.0%,+79.31%,0.8965,190,✗ No,budget_exceeded
6,382,382,01-10,+25.0%,+79.16%,0.8958,201,✗ No,budget_exceeded
6,383,342,01-10,+25.0%,+85.59%,0.9280,118,✗ No,budget_exceeded
6,383,343,01-10,+25.0%,+85.57%,0.9278,118,✗ No,budget_exceeded
6,383,343,01-10,+25.0%,+85.41%,0.9271,119,✗ No,budget_exceeded
6,383,344,01-10,+25.0%,+85.35%,0.9267,120,✗ No,budget_exceeded
6,383,345,01-10,+25.0%,+85.25%,0.9262,121,✗ No,budget_exceeded
6,383,345,01-10,+25.0%,+85.20%,0.9260,122,✗ No,budget_exceeded
6,383,346,01-10,+25.0%,+85.07%,0.9253,123,✗ No,budget_exceeded
6,383,347,01-10,+25.0%,+85.04%,0.9252,123,✗ No,budget_exceeded
6,383,347,01-10,+25.0%,+85.03%,0.9251,123,✗ No,budget_exceeded
6,383,348,01-10,+25.0%,+85.00%,0.9250,123,✗ No,budget_exceeded
6,383,349,01-10,+25.0%,+84.88%,0.9244,125,✗ No,budget_exceeded
6,383,349,01-10,+25.0%,+84.81%,0.9241,126,✗ No,budget_exceeded
6,383,350,01-10,+25.0%,+84.72%,0.9236,127,✗ No,budget_exceeded
6,383,351,01-10,+25.0%,+84.66%,0.9233,128,✗ No,budget_exceeded
6,383,351,01-10,+25.0%,+84.61%,0.9231,128,✗ No,budget_exceeded
6,383,352,01-10,+25.0%,+84.50%,0.9225,130,✗ No,budget_exceeded
6,383,353,01-10,+25.0%,+84.44%,0.9222,131,✗ No,budget_exceeded
6,383,353,01-10,+25.0%,+84.33%,0.9217,132,✗ No,budget_exceeded
6,383,354,01-10,+25.0%,+84.31%,0.9215,132,✗ No,budget_exceeded
6,383,355,01-10,+25.0%,+84.17%,0.9209,134,✗ No,budget_exceeded
6,383,355,01-10,+25.0%,+84.10%,0.9205,135,✗ No,budget_exceeded
6,383,356,01-10,+25.0%,+83.97%,0.9198,136,✗ No,budget_exceeded
6,383,357,01-10,+25.0%,+83.89%,0.9194,138,✗ No,budget_exceeded
6,383,357,01-10,+25.0%,+83.72%,0.9186,141,✗ No,budget_exceeded
6,383,358,01-10,+25.0%,+83.61%,0.9180,143,✗ No,budget_exceeded
6,383,359,01-10,+25.0%,+83.52%,0.9176,144,✗ No,budget_exceeded
6,383,359,01-10,+25.0%,+83.41%,0.9170,145,✗ No,budget_exceeded
6,383,360,01-10,+25.0%,+83.37%,0.9169,145,✗ No,budget_exceeded
6,383,361,01-10,+25.0%,+83.19%,0.9160,146,✗ No,budget_exceeded
6,383,361,01-10,+25.0%,+83.16%,0.9158,146,✗ No,budget_exceeded
6,383,362,01-10,+25.0%,+83.05%,0.9152,147,✗ No,budget_exceeded
6,383,363,01-10,+25.0%,+82.97%,0.9148,147,✗ No,budget_exceeded
6,383,363,01-10,+25.0%,+82.85%,0.9143,149,✗ No,budget_exceeded
6,383,364,01-10,+25.0%,+82.81%,0.9140,149,✗ No,budget_exceeded
6,383,365,01-10,+25.0%,+82.60%,0.9130,151,✗ No,budget_exceeded
6,383,365,01-10,+25.0%,+82.49%,0.9125,152,✗ No,budget_exceeded
6,383,366,01-10,+25.0%,+82.44%,0.9122,152,✗ No,budget_exceeded
6,383,367,01-10,+25.0%,+82.28%,0.9114,154,✗ No,budget_exceeded
6,383,367,01-10,+25.0%,+82.11%,0.9106,155,✗ No,budget_exceeded
6,383,368,01-10,+25.0%,+81.75%,0.9088,159,✗ No,budget_exceeded
6,383,369,01-10,+25.0%,+81.62%,0.9081,161,✗ No,budget_exceeded
6,383,369,01-10,+25.0%,+81.44%,0.9072,163,✗ No,budget_exceeded
6,383,370,01-10,+25.0%,+81.38%,0.9069,163,✗ No,budget_exceeded
6,383,371,01-10,+25.0%,+81.23%,0.9062,164,✗ No,budget_exceeded
6,383,371,01-10,+25.0%,+81.18%,0.9059,164,✗ No,budget_exceeded
6,383,372,01-10,+25.0%,+81.02%,0.9051,165,✗ No,budget_exceeded
6,383,373,01-10,+25.0%,+80.88%,0.9044,166,✗ No,budget_exceeded
6,383,373,01-10,+25.0%,+80.72%,0.9036,169,✗ No,budget_exceeded
6,383,374,01-10,+25.0%,+80.54%,0.9027,171,✗ No,budget_exceeded
6,383,374,01-10,+25.0%,+80.50%,0.9025,171,✗ No,budget_exceeded
6,383,375,01-10,+25.0%,+80.31%,0.9016,173,✗ No,budget_exceeded
6,383,376,01-10,+25.0%,+80.13%,0.9006,176,✗ No,budget_exceeded
6,383,376,01-10,+25.0%,+80.08%,0.9004,176,✗ No,budget_exceeded
6,383,377,01-10,+25.0%,+79.88%,0.8994,177,✗ No,budget_exceeded
6,383,378,01-10,+25.0%,+79.72%,0.8986,178,✗ No,budget_exceeded
6,383,378,01-10,+25.0%,+79.68%,0.8984,179,✗ No,budget_exceeded
6,383,379,01-10,+25.0%,+79.56%,0.8978,180,✗ No,budget_exceeded
6,383,380,01-10,+25.0%,+79.48%,0.8974,181,✗ No,budget_exceeded
6,383,380,01-10,+25.0%,+79.36%,0.8968,183,✗ No,budget_exceeded
6,383,381,01-10,+25.0%,+79.26%,0.8963,186,✗ No,budget_exceeded
6,383,382,01-10,+25.0%,+79.10%,0.8955,189,✗ No,budget_exceeded
6,383,382,01-10,+25.0%,+79.06%,0.8953,195,✗ No,budget_exceeded
6,383,383,01-10,+25.0%,+78.90%,0.8945,212,✗ No,budget_exceeded
6,384,342,01-10,+25.0%,+85.56%,0.9278,118,✗ No,budget_exceeded
6,384,343,01-10,+25.0%,+85.54%,0.9277,118,✗ No,budget_exceeded
6,384,343,01-10,+25.0%,+85.38%,0.9269,119,✗ No,budget_exceeded
6,384,344,01-10,+25.0%,+85.25%,0.9263,121,✗ No,budget_exceeded
6,384,345,01-10,+25.0%,+85.22%,0.9261,121,✗ No,budget_exceeded
6,384,345,01-10,+25.0%,+85.17%,0.9258,122,✗ No,budget_exceeded
6,384,346,01-10,+25.0%,+85.04%,0.9252,123,✗ No,budget_exceeded
6,384,347,01-10,+25.0%,+85.01%,0.9251,123,✗ No,budget_exceeded
6,384,347,01-10,+25.0%,+85.00%,0.9250,123,✗ No,budget_exceeded
6,384,348,01-10,+25.0%,+84.89%,0.9244,124,✗ No,budget_exceeded
6,384,349,01-10,+25.0%,+84.85%,0.9242,125,✗ No,budget_exceeded
6,384,349,01-10,+25.0%,+84.71%,0.9236,127,✗ No,budget_exceeded
6,384,350,01-10,+25.0%,+84.68%,0.9234,127,✗ No,budget_exceeded
6,384,351,01-10,+25.0%,+84.63%,0.9231,128,✗ No,budget_exceeded
6,384,351,01-10,+25.0%,+84.51%,0.9226,129,✗ No,budget_exceeded
6,384,352,01-10,+25.0%,+84.46%,0.9223,130,✗ No,budget_exceeded
6,384,353,01-10,+25.0%,+84.33%,0.9217,132,✗ No,budget_exceeded
6,384,353,01-10,+25.0%,+84.30%,0.9215,132,✗ No,budget_exceeded
6,384,354,01-10,+25.0%,+84.26%,0.9213,132,✗ No,budget_exceeded
6,384,355,01-10,+25.0%,+84.13%,0.9207,134,✗ No,budget_exceeded
6,384,355,01-10,+25.0%,+84.06%,0.9203,135,✗ No,budget_exceeded
6,384,356,01-10,+25.0%,+83.89%,0.9195,137,✗ No,budget_exceeded
6,384,357,01-10,+25.0%,+83.78%,0.9189,139,✗ No,budget_exceeded
6,384,357,01-10,+25.0%,+83.61%,0.9181,142,✗ No,budget_exceeded
6,384,358,01-10,+25.0%,+83.42%,0.9171,145,✗ No,budget_exceeded
6,384,359,01-10,+25.0%,+83.41%,0.9170,145,✗ No,budget_exceeded
6,384,359,01-10,+25.0%,+83.36%,0.9168,145,✗ No,budget_exceeded
6,384,360,01-10,+25.0%,+83.23%,0.9161,146,✗ No,budget_exceeded
6,384,361,01-10,+25.0%,+83.15%,0.9157,146,✗ No,budget_exceeded
6,384,361,01-10,+25.0%,+83.02%,0.9151,147,✗ No,budget_exceeded
6,384,362,01-10,+25.0%,+82.97%,0.9148,147,✗ No,budget_exceeded
6,384,363,01-10,+25.0%,+82.85%,0.9142,148,✗ No,budget_exceeded
6,384,363,01-10,+25.0%,+82.79%,0.9139,149,✗ No,budget_exceeded
6,384,364,01-10,+25.0%,+82.67%,0.9134,150,✗ No,budget_exceeded
6,384,365,01-10,+25.0%,+82.48%,0.9124,152,✗ No,budget_exceeded
6,384,365,01-10,+25.0%,+82.43%,0.9122,152,✗ No,budget_exceeded
6,384,366,01-10,+25.0%,+82.28%,0.9114,153,✗ No,budget_exceeded
6,384,367,01-10,+25.0%,+81.97%,0.9099,156,✗ No,budget_exceeded
6,384,367,01-10,+25.0%,+81.93%,0.9096,156,✗ No,budget_exceeded
6,384,368,01-10,+25.0%,+81.62%,0.9081,160,✗ No,budget_exceeded
6,384,369,01-10,+25.0%,+81.56%,0.9078,161,✗ No,budget_exceeded
6,384,369,01-10,+25.0%,+81.36%,0.9068,163,✗ No,budget_exceeded
6,384,370,01-10,+25.0%,+81.23%,0.9061,164,✗ No,budget_exceeded
6,384,371,01-10,+25.0%,+81.17%,0.9059,164,✗ No,budget_exceeded
6,384,371,01-10,+25.0%,+81.00%,0.9050,165,✗ No,budget_exceeded
6,384,372,01-10,+25.0%,+80.83%,0.9042,166,✗ No,budget_exceeded
6,384,373,01-10,+25.0%,+80.73%,0.9036,167,✗ No,budget_exceeded
6,384,373,01-10,+25.0%,+80.53%,0.9027,171,✗ No,budget_exceeded
6,384,374,01-10,+25.0%,+80.45%,0.9022,171,✗ No,budget_exceeded
6,384,375,01-10,+25.0%,+80.33%,0.9016,172,✗ No,budget_exceeded
6,384,375,01-10,+25.0%,+80.16%,0.9008,174,✗ No,budget_exceeded
6,384,376,01-10,+25.0%,+79.97%,0.8998,177,✗ No,budget_exceeded
6,384,377,01-10,+25.0%,+79.77%,0.8989,178,✗ No,budget_exceeded
6,384,377,01-10,+25.0%,+79.71%,0.8986,178,✗ No,budget_exceeded
6,384,378,01-10,+25.0%,+79.55%,0.8977,180,✗ No,budget_exceeded
6,384,379,01-10,+25.0%,+79.49%,0.8975,180,✗ No,budget_exceeded
6,384,379,01-10,+25.0%,+79.46%,0.8973,180,✗ No,budget_exceeded
6,384,380,01-10,+25.0%,+79.32%,0.8966,183,✗ No,budget_exceeded
6,384,381,01-10,+25.0%,+79.13%,0.8956,186,✗ No,budget_exceeded
6,384,381,01-10,+25.0%,+79.08%,0.8954,186,✗ No,budget_exceeded
6,384,382,01-10,+25.0%,+78.94%,0.8947,189,✗ No,budget_exceeded
6,384,383,01-10,+25.0%,+78.87%,0.8944,194,✗ No,budget_exceeded
6,384,383,01-10,+25.0%,+78.73%,0.8937,199,✗ No,budget_exceeded
6,384,384,01-10,+25.0%,+78.65%,0.8933,221,✗ No,budget_exceeded
6,385,342,01-10,+25.0%,+85.43%,0.9271,119,✗ No,budget_exceeded
6,385,343,01-10,+25.0%,+85.41%,0.9270,119,✗ No,budget_exceeded
6,385,343,01-10,+25.0%,+85.26%,0.9263,120,✗ No,budget_exceeded
6,385,344,01-10,+25.0%,+85.19%,0.9260,121,✗ No,budget_exceeded
6,385,345,01-10,+25.0%,+85.16%,0.9258,121,✗ No,budget_exceeded
6,385,345,01-10,+25.0%,+85.05%,0.9252,123,✗ No,budget_exceeded
6,385,346,01-10,+25.0%,+84.97%,0.9249,123,✗ No,budget_exceeded
6,385,347,01-10,+25.0%,+84.89%,0.9244,124,✗ No,budget_exceeded
6,385,347,01-10,+25.0%,+84.87%,0.9244,124,✗ No,budget_exceeded
6,385,348,01-10,+25.0%,+84.84%,0.9242,124,✗ No,budget_exceeded
6,385,349,01-10,+25.0%,+84.72%,0.9236,126,✗ No,budget_exceeded
6,385,349,01-10,+25.0%,+84.65%,0.9233,127,✗ No,budget_exceeded
6,385,350,01-10,+25.0%,+84.63%,0.9231,127,✗ No,budget_exceeded
6,385,351,01-10,+25.0%,+84.49%,0.9225,129,✗ No,budget_exceeded
6,385,351,01-10,+25.0%,+84.45%,0.9222,129,✗ No,budget_exceeded
6,385,352,01-10,+25.0%,+84.33%,0.9216,131,✗ No,budget_exceeded
6,385,353,01-10,+25.0%,+84.27%,0.9213,132,✗ No,budget_exceeded
6,385,353,01-10,+25.0%,+84.15%,0.9208,133,✗ No,budget_exceeded
6,385,354,01-10,+25.0%,+84.13%,0.9206,133,✗ No,budget_exceeded
6,385,355,01-10,+25.0%,+84.07%,0.9203,134,✗ No,budget_exceeded
6,385,355,01-10,+25.0%,+83.93%,0.9196,136,✗ No,budget_exceeded
6,385,356,01-10,+25.0%,+83.79%,0.9190,137,✗ No,budget_exceeded
6,385,357,01-10,+25.0%,+83.71%,0.9185,139,✗ No,budget_exceeded
6,385,357,01-10,+25.0%,+83.54%,0.9177,142,✗ No,budget_exceeded
6,385,358,01-10,+25.0%,+83.50%,0.9175,143,✗ No,budget_exceeded
6,385,359,01-10,+25.0%,+83.34%,0.9167,145,✗ No,budget_exceeded
6,385,359,01-10,+25.0%,+83.22%,0.9161,146,✗ No,budget_exceeded
6,385,360,01-10,+25.0%,+83.18%,0.9159,146,✗ No,budget_exceeded
6,385,361,01-10,+25.0%,+83.00%,0.9150,147,✗ No,budget_exceeded
6,385,361,01-10,+25.0%,+82.97%,0.9148,147,✗ No,budget_exceeded
6,385,362,01-10,+25.0%,+82.86%,0.9143,148,✗ No,budget_exceeded
6,385,363,01-10,+25.0%,+82.78%,0.9139,148,✗ No,budget_exceeded
6,385,363,01-10,+25.0%,+82.66%,0.9133,150,✗ No,budget_exceeded
6,385,364,01-10,+25.0%,+82.62%,0.9131,150,✗ No,budget_exceeded
6,385,365,01-10,+25.0%,+82.40%,0.9120,152,✗ No,budget_exceeded
6,385,365,01-10,+25.0%,+82.30%,0.9115,153,✗ No,budget_exceeded
6,385,366,01-10,+25.0%,+82.10%,0.9105,154,✗ No,budget_exceeded
6,385,367,01-10,+25.0%,+81.90%,0.9095,156,✗ No,budget_exceeded
6,385,367,01-10,+25.0%,+81.78%,0.9089,157,✗ No,budget_exceeded
6,385,368,01-10,+25.0%,+81.54%,0.9077,160,✗ No,budget_exceeded
6,385,369,01-10,+25.0%,+81.39%,0.9069,161,✗ No,budget_exceeded
6,385,369,01-10,+25.0%,+81.21%,0.9060,163,✗ No,budget_exceeded
6,385,370,01-10,+25.0%,+81.05%,0.9052,164,✗ No,budget_exceeded
6,385,371,01-10,+25.0%,+80.90%,0.9045,165,✗ No,budget_exceeded
6,385,371,01-10,+25.0%,+80.84%,0.9042,165,✗ No,budget_exceeded
6,385,372,01-10,+25.0%,+80.71%,0.9036,166,✗ No,budget_exceeded
6,385,373,01-10,+25.0%,+80.62%,0.9031,166,✗ No,budget_exceeded
6,385,373,01-10,+25.0%,+80.48%,0.9024,169,✗ No,budget_exceeded
6,385,374,01-10,+25.0%,+80.29%,0.9015,171,✗ No,budget_exceeded
6,385,375,01-10,+25.0%,+80.25%,0.9013,171,✗ No,budget_exceeded
6,385,375,01-10,+25.0%,+80.07%,0.9003,173,✗ No,budget_exceeded
6,385,376,01-10,+25.0%,+79.87%,0.8994,176,✗ No,budget_exceeded
6,385,376,01-10,+25.0%,+79.76%,0.8988,177,✗ No,budget_exceeded
6,385,377,01-10,+25.0%,+79.56%,0.8978,178,✗ No,budget_exceeded
6,385,378,01-10,+25.0%,+79.47%,0.8974,178,✗ No,budget_exceeded
6,385,378,01-10,+25.0%,+79.36%,0.8968,180,✗ No,budget_exceeded
6,385,379,01-10,+25.0%,+79.31%,0.8965,180,✗ No,budget_exceeded
6,385,380,01-10,+25.0%,+79.16%,0.8958,182,✗ No,budget_exceeded
6,385,380,01-10,+25.0%,+79.09%,0.8955,183,✗ No,budget_exceeded
6,385,381,01-10,+25.0%,+78.92%,0.8946,186,✗ No,budget_exceeded
6,385,382,01-10,+25.0%,+78.77%,0.8938,188,✗ No,budget_exceeded
6,385,382,01-10,+25.0%,+78.72%,0.8936,191,✗ No,budget_exceeded
6,385,383,01-10,+25.0%,+78.56%,0.8928,195,✗ No,budget_exceeded
6,385,384,01-10,+25.0%,+78.50%,0.8925,196,✗ No,budget_exceeded
6,385,384,01-10,+25.0%,+78.38%,0.8919,199,✗ No,budget_exceeded
6,385,385,01-10,+25.0%,+78.27%,0.8914,222,✗ No,budget_exceeded
6,386,342,01-10,+25.0%,+85.37%,0.9269,118,✗ No,budget_exceeded
6,386,343,01-10,+25.0%,+85.35%,0.9268,118,✗ No,budget_exceeded
6,386,343,01-10,+25.0%,+85.20%,0.9260,119,✗ No,budget_exceeded
6,386,344,01-10,+25.0%,+85.08%,0.9254,121,✗ No,budget_exceeded
6,386,345,01-10,+25.0%,+85.04%,0.9252,121,✗ No,budget_exceeded
6,386,345,01-10,+25.0%,+84.99%,0.9249,122,✗ No,budget_exceeded
6,386,346,01-10,+25.0%,+84.85%,0.9243,123,✗ No,budget_exceeded
6,386,347,01-10,+25.0%,+84.83%,0.9242,123,✗ No,budget_exceeded
6,386,347,01-10,+25.0%,+84.82%,0.9241,123,✗ No,budget_exceeded
6,386,348,01-10,+25.0%,+84.70%,0.9235,124,✗ No,budget_exceeded
6,386,349,01-10,+25.0%,+84.66%,0.9233,125,✗ No,budget_exceeded
6,386,349,01-10,+25.0%,+84.60%,0.9230,126,✗ No,budget_exceeded
6,386,350,01-10,+25.0%,+84.49%,0.9224,127,✗ No,budget_exceeded
6,386,351,01-10,+25.0%,+84.44%,0.9222,128,✗ No,budget_exceeded
6,386,351,01-10,+25.0%,+84.32%,0.9216,129,✗ No,budget_exceeded
6,386,352,01-10,+25.0%,+84.26%,0.9213,130,✗ No,budget_exceeded
6,386,353,01-10,+25.0%,+84.13%,0.9206,132,✗ No,budget_exceeded
6,386,353,01-10,+25.0%,+84.09%,0.9205,132,✗ No,budget_exceeded
6,386,354,01-10,+25.0%,+84.06%,0.9203,132,✗ No,budget_exceeded
6,386,355,01-10,+25.0%,+83.95%,0.9197,134,✗ No,budget_exceeded
6,386,355,01-10,+25.0%,+83.87%,0.9194,135,✗ No,budget_exceeded
6,386,356,01-10,+25.0%,+83.70%,0.9185,137,✗ No,budget_exceeded
6,386,357,01-10,+25.0%,+83.58%,0.9179,139,✗ No,budget_exceeded
6,386,357,01-10,+25.0%,+83.42%,0.9171,142,✗ No,budget_exceeded
6,386,358,01-10,+25.0%,+83.22%,0.9161,145,✗ No,budget_exceeded
6,386,359,01-10,+25.0%,+83.20%,0.9160,145,✗ No,budget_exceeded
6,386,359,01-10,+25.0%,+83.16%,0.9158,145,✗ No,budget_exceeded
6,386,360,01-10,+25.0%,+83.02%,0.9151,146,✗ No,budget_exceeded
6,386,361,01-10,+25.0%,+82.87%,0.9144,147,✗ No,budget_exceeded
6,386,361,01-10,+25.0%,+82.83%,0.9141,147,✗ No,budget_exceeded
6,386,362,01-10,+25.0%,+82.70%,0.9135,148,✗ No,budget_exceeded
6,386,363,01-10,+25.0%,+82.65%,0.9133,148,✗ No,budget_exceeded
6,386,363,01-10,+25.0%,+82.59%,0.9129,149,✗ No,budget_exceeded
6,386,364,01-10,+25.0%,+82.47%,0.9124,150,✗ No,budget_exceeded
6,386,365,01-10,+25.0%,+82.28%,0.9114,152,✗ No,budget_exceeded
6,386,365,01-10,+25.0%,+82.09%,0.9104,153,✗ No,budget_exceeded
6,386,366,01-10,+25.0%,+81.89%,0.9094,154,✗ No,budget_exceeded
6,386,367,01-10,+25.0%,+81.76%,0.9088,156,✗ No,budget_exceeded
6,386,367,01-10,+25.0%,+81.71%,0.9086,156,✗ No,budget_exceeded
6,386,368,01-10,+25.0%,+81.41%,0.9070,160,✗ No,budget_exceeded
6,386,369,01-10,+25.0%,+81.33%,0.9067,160,✗ No,budget_exceeded
6,386,369,01-10,+25.0%,+81.03%,0.9052,163,✗ No,budget_exceeded
6,386,370,01-10,+25.0%,+80.89%,0.9045,164,✗ No,budget_exceeded
6,386,371,01-10,+25.0%,+80.84%,0.9042,164,✗ No,budget_exceeded
6,386,371,01-10,+25.0%,+80.70%,0.9035,165,✗ No,budget_exceeded
6,386,372,01-10,+25.0%,+80.54%,0.9027,166,✗ No,budget_exceeded
6,386,373,01-10,+25.0%,+80.50%,0.9025,166,✗ No,budget_exceeded
6,386,373,01-10,+25.0%,+80.29%,0.9014,169,✗ No,budget_exceeded
6,386,374,01-10,+25.0%,+80.15%,0.9007,170,✗ No,budget_exceeded
6,386,375,01-10,+25.0%,+80.09%,0.9005,170,✗ No,budget_exceeded
6,386,375,01-10,+25.0%,+79.92%,0.8996,172,✗ No,budget_exceeded
6,386,376,01-10,+25.0%,+79.71%,0.8986,175,✗ No,budget_exceeded
6,386,377,01-10,+25.0%,+79.54%,0.8977,176,✗ No,budget_exceeded
6,386,377,01-10,+25.0%,+79.46%,0.8973,176,✗ No,budget_exceeded
6,386,378,01-10,+25.0%,+79.31%,0.8965,178,✗ No,budget_exceeded
6,386,379,01-10,+25.0%,+79.26%,0.8963,178,✗ No,budget_exceeded
6,386,379,01-10,+25.0%,+79.15%,0.8958,179,✗ No,budget_exceeded
6,386,380,01-10,+25.0%,+79.06%,0.8953,181,✗ No,budget_exceeded
6,386,381,01-10,+25.0%,+78.87%,0.8944,184,✗ No,budget_exceeded
6,386,381,01-10,+25.0%,+78.77%,0.8938,185,✗ No,budget_exceeded
6,386,382,01-10,+25.0%,+78.68%,0.8934,187,✗ No,budget_exceeded
6,386,383,01-10,+25.0%,+78.53%,0.8927,191,✗ No,budget_exceeded
6,386,383,01-10,+25.0%,+78.39%,0.8919,193,✗ No,budget_exceeded
6,386,384,01-10,+25.0%,+78.32%,0.8916,193,✗ No,budget_exceeded
6,386,385,01-10,+25.0%,+78.16%,0.8908,196,✗ No,budget_exceeded
6,386,385,01-10,+25.0%,+78.08%,0.8904,202,✗ No,budget_exceeded
6,386,386,01-10,+25.0%,+77.92%,0.8896,218,✗ No,budget_exceeded
6,387,342,01-10,+25.0%,+85.34%,0.9267,118,✗ No,budget_exceeded
6,387,343,01-10,+25.0%,+85.25%,0.9262,119,✗ No,budget_exceeded
6,387,343,01-10,+25.0%,+85.17%,0.9258,119,✗ No,budget_exceeded
6,387,344,01-10,+25.0%,+85.04%,0.9252,121,✗ No,budget_exceeded
6,387,345,01-10,+25.0%,+85.01%,0.9250,121,✗ No,budget_exceeded
6,387,345,01-10,+25.0%,+84.89%,0.9245,122,✓ Yes,budget_exceeded
6,387,346,01-10,+25.0%,+84.82%,0.9241,123,✗ No,budget_exceeded
6,387,347,01-10,+25.0%,+84.80%,0.9240,123,✗ No,budget_exceeded
6,387,347,01-10,+25.0%,+84.71%,0.9236,124,✗ No,budget_exceeded
6,387,348,01-10,+25.0%,+84.68%,0.9234,124,✗ No,budget_exceeded
6,387,349,01-10,+25.0%,+84.63%,0.9231,125,✗ No,budget_exceeded
6,387,349,01-10,+25.0%,+84.49%,0.9225,127,✗ No,budget_exceeded
6,387,350,01-10,+25.0%,+84.47%,0.9223,127,✗ No,budget_exceeded
6,387,351,01-10,+25.0%,+84.33%,0.9216,129,✗ No,budget_exceeded
6,387,351,01-10,+25.0%,+84.28%,0.9214,129,✗ No,budget_exceeded
6,387,352,01-10,+25.0%,+84.15%,0.9208,131,✗ No,budget_exceeded
6,387,353,01-10,+25.0%,+84.09%,0.9205,132,✗ No,budget_exceeded
6,387,353,01-10,+25.0%,+84.06%,0.9203,132,✗ No,budget_exceeded
6,387,354,01-10,+25.0%,+83.97%,0.9198,133,✗ No,budget_exceeded
6,387,355,01-10,+25.0%,+83.91%,0.9196,134,✗ No,budget_exceeded
6,387,355,01-10,+25.0%,+83.76%,0.9188,136,✗ No,budget_exceeded
6,387,356,01-10,+25.0%,+83.70%,0.9185,136,✗ No,budget_exceeded
6,387,357,01-10,+25.0%,+83.55%,0.9177,139,✗ No,budget_exceeded
6,387,357,01-10,+25.0%,+83.34%,0.9167,141,✗ No,budget_exceeded
6,387,358,01-10,+25.0%,+83.22%,0.9161,143,✗ No,budget_exceeded
6,387,359,01-10,+25.0%,+83.13%,0.9157,144,✗ No,budget_exceeded
6,387,359,01-10,+25.0%,+83.02%,0.9151,145,✗ No,budget_exceeded
6,387,360,01-10,+25.0%,+82.98%,0.9149,145,✗ No,budget_exceeded
6,387,361,01-10,+25.0%,+82.81%,0.9140,146,✗ No,budget_exceeded
6,387,361,01-10,+25.0%,+82.68%,0.9134,147,✗ No,budget_exceeded
6,387,362,01-10,+25.0%,+82.67%,0.9133,147,✗ No,budget_exceeded
6,387,363,01-10,+25.0%,+82.58%,0.9129,147,✗ No,budget_exceeded
6,387,363,01-10,+25.0%,+82.46%,0.9123,149,✗ No,budget_exceeded
6,387,364,01-10,+25.0%,+82.42%,0.9121,149,✗ No,budget_exceeded
6,387,365,01-10,+25.0%,+82.07%,0.9103,152,✗ No,budget_exceeded
6,387,365,01-10,+25.0%,+81.92%,0.9096,153,✗ No,budget_exceeded
6,387,366,01-10,+25.0%,+81.78%,0.9089,154,✗ No,budget_exceeded
6,387,367,01-10,+25.0%,+81.69%,0.9085,155,✗ No,budget_exceeded
6,387,367,01-10,+25.0%,+81.59%,0.9080,156,✗ No,budget_exceeded
6,387,368,01-10,+25.0%,+81.34%,0.9067,159,✗ No,budget_exceeded
6,387,369,01-10,+25.0%,+81.19%,0.9059,160,✗ No,budget_exceeded
6,387,369,01-10,+25.0%,+80.98%,0.9049,162,✗ No,budget_exceeded
6,387,370,01-10,+25.0%,+80.84%,0.9042,163,✗ No,budget_exceeded
6,387,371,01-10,+25.0%,+80.70%,0.9035,164,✗ No,budget_exceeded
6,387,371,01-10,+25.0%,+80.65%,0.9032,164,✗ No,budget_exceeded
6,387,372,01-10,+25.0%,+80.52%,0.9026,165,✗ No,budget_exceeded
6,387,373,01-10,+25.0%,+80.43%,0.9022,165,✗ No,budget_exceeded
6,387,373,01-10,+25.0%,+80.27%,0.9013,167,✗ No,budget_exceeded
6,387,374,01-10,+25.0%,+80.08%,0.9004,168,✗ No,budget_exceeded
6,387,375,01-10,+25.0%,+79.94%,0.8997,169,✗ No,budget_exceeded
6,387,375,01-10,+25.0%,+79.85%,0.8993,170,✗ No,budget_exceeded
6,387,376,01-10,+25.0%,+79.65%,0.8983,173,✗ No,budget_exceeded
6,387,377,01-10,+25.0%,+79.54%,0.8977,174,✗ No,budget_exceeded
6,387,377,01-10,+25.0%,+79.35%,0.8968,175,✗ No,budget_exceeded
6,387,378,01-10,+25.0%,+79.27%,0.8963,175,✗ No,budget_exceeded
6,387,378,01-10,+25.0%,+79.15%,0.8958,177,✗ No,budget_exceeded
6,387,379,01-10,+25.0%,+79.09%,0.8955,177,✗ No,budget_exceeded
6,387,380,01-10,+25.0%,+78.95%,0.8947,179,✗ No,budget_exceeded
6,387,380,01-10,+25.0%,+78.88%,0.8944,180,✗ No,budget_exceeded
6,387,381,01-10,+25.0%,+78.71%,0.8936,183,✗ No,budget_exceeded
6,387,382,01-10,+25.0%,+78.55%,0.8928,185,✗ No,budget_exceeded
6,387,382,01-10,+25.0%,+78.49%,0.8924,188,✗ No,budget_exceeded
6,387,383,01-10,+25.0%,+78.32%,0.8916,191,✗ No,budget_exceeded
6,387,384,01-10,+25.0%,+78.19%,0.8909,192,✗ No,budget_exceeded
6,387,384,01-10,+25.0%,+78.14%,0.8907,192,✗ No,budget_exceeded
6,387,385,01-10,+25.0%,+77.95%,0.8897,197,✗ No,budget_exceeded
6,387,386,01-10,+25.0%,+77.80%,0.8890,198,✗ No,budget_exceeded
6,387,386,01-10,+25.0%,+77.74%,0.8887,204,✗ No,budget_exceeded
6,387,387,01-10,+25.0%,+77.57%,0.8878,230,✗ No,budget_exceeded
6,381,342,01-11,+25.0%,+85.60%,0.9280,120,✗ No,budget_exceeded
6,381,343,01-11,+25.0%,+85.58%,0.9279,120,✗ No,budget_exceeded
6,381,343,01-11,+25.0%,+85.43%,0.9271,121,✗ No,budget_exceeded
6,381,344,01-11,+25.0%,+85.36%,0.9268,122,✗ No,budget_exceeded
6,381,345,01-11,+25.0%,+85.27%,0.9264,123,✗ No,budget_exceeded
6,381,345,01-11,+25.0%,+85.22%,0.9261,124,✗ No,budget_exceeded
6,381,346,01-11,+25.0%,+85.09%,0.9254,125,✗ No,budget_exceeded
6,381,347,01-11,+25.0%,+85.06%,0.9253,125,✗ No,budget_exceeded
6,381,347,01-11,+25.0%,+85.05%,0.9252,125,✗ No,budget_exceeded
6,381,348,01-11,+25.0%,+85.02%,0.9251,125,✗ No,budget_exceeded
6,381,349,01-11,+25.0%,+84.89%,0.9245,127,✗ No,budget_exceeded
6,381,349,01-11,+25.0%,+84.83%,0.9242,128,✗ No,budget_exceeded
6,381,350,01-11,+25.0%,+84.81%,0.9240,128,✗ No,budget_exceeded
6,381,351,01-11,+25.0%,+84.67%,0.9234,130,✗ No,budget_exceeded
6,381,351,01-11,+25.0%,+84.63%,0.9231,130,✗ No,budget_exceeded
6,381,352,01-11,+25.0%,+84.51%,0.9226,132,✗ No,budget_exceeded
6,381,353,01-11,+25.0%,+84.45%,0.9223,133,✗ No,budget_exceeded
6,381,353,01-11,+25.0%,+84.34%,0.9217,134,✗ No,budget_exceeded
6,381,354,01-11,+25.0%,+84.31%,0.9216,134,✗ No,budget_exceeded
6,381,355,01-11,+25.0%,+84.19%,0.9210,135,✓ Yes,budget_exceeded
6,381,355,01-11,+25.0%,+84.12%,0.9206,137,✗ No,budget_exceeded
6,381,356,01-11,+25.0%,+83.98%,0.9199,138,✗ No,budget_exceeded
6,381,357,01-11,+25.0%,+83.90%,0.9195,140,✗ No,budget_exceeded
6,381,357,01-11,+25.0%,+83.74%,0.9187,143,✗ No,budget_exceeded
6,381,358,01-11,+25.0%,+83.63%,0.9181,145,✗ No,budget_exceeded
6,381,359,01-11,+25.0%,+83.54%,0.9177,146,✗ No,budget_exceeded
6,381,359,01-11,+25.0%,+83.44%,0.9172,147,✗ No,budget_exceeded
6,381,360,01-11,+25.0%,+83.39%,0.9169,147,✗ No,budget_exceeded
6,381,361,01-11,+25.0%,+83.20%,0.9160,148,✗ No,budget_exceeded
6,381,361,01-11,+25.0%,+83.17%,0.9158,148,✗ No,budget_exceeded
6,381,362,01-11,+25.0%,+83.06%,0.9153,149,✗ No,budget_exceeded
6,381,363,01-11,+25.0%,+82.91%,0.9145,150,✗ No,budget_exceeded
6,381,363,01-11,+25.0%,+82.86%,0.9143,151,✗ No,budget_exceeded
6,381,364,01-11,+25.0%,+82.82%,0.9141,151,✗ No,budget_exceeded
6,381,365,01-11,+25.0%,+82.62%,0.9131,153,✗ No,budget_exceeded
6,381,365,01-11,+25.0%,+82.51%,0.9126,154,✗ No,budget_exceeded
6,381,366,01-11,+25.0%,+82.32%,0.9116,155,✗ No,budget_exceeded
6,381,367,01-11,+25.0%,+82.12%,0.9106,157,✗ No,budget_exceeded
6,381,367,01-11,+25.0%,+82.09%,0.9105,157,✗ No,budget_exceeded
6,381,368,01-11,+25.0%,+81.78%,0.9089,161,✗ No,budget_exceeded
6,381,369,01-11,+25.0%,+81.65%,0.9082,162,✓ Yes,budget_exceeded
6,381,369,01-11,+25.0%,+81.54%,0.9077,164,✗ No,budget_exceeded
6,381,370,01-11,+25.0%,+81.41%,0.9070,165,✗ No,budget_exceeded
6,381,371,01-11,+25.0%,+81.24%,0.9062,166,✗ No,budget_exceeded
6,381,371,01-11,+25.0%,+81.19%,0.9059,166,✗ No,budget_exceeded
6,381,372,01-11,+25.0%,+81.05%,0.9052,167,✗ No,budget_exceeded
6,381,372,01-11,+25.0%,+80.91%,0.9046,168,✗ No,budget_exceeded
6,381,373,01-11,+25.0%,+80.83%,0.9041,170,✗ No,budget_exceeded
6,381,374,01-11,+25.0%,+80.65%,0.9032,172,✗ No,budget_exceeded
6,381,374,01-11,+25.0%,+80.54%,0.9027,173,✗ No,budget_exceeded
6,381,375,01-11,+25.0%,+80.37%,0.9018,175,✗ No,budget_exceeded
6,381,376,01-11,+25.0%,+80.25%,0.9012,177,✗ No,budget_exceeded
6,381,376,01-11,+25.0%,+80.14%,0.9007,178,✗ No,budget_exceeded
6,381,377,01-11,+25.0%,+79.95%,0.8998,180,✗ No,budget_exceeded
6,381,378,01-11,+25.0%,+79.86%,0.8993,180,✗ No,budget_exceeded
6,381,378,01-11,+25.0%,+79.75%,0.8987,182,✗ No,budget_exceeded
6,381,379,01-11,+25.0%,+79.69%,0.8985,183,✗ No,budget_exceeded
6,381,380,01-11,+25.0%,+79.56%,0.8978,186,✗ No,budget_exceeded
6,381,380,01-11,+25.0%,+79.50%,0.8975,191,✗ No,budget_exceeded
6,381,381,01-11,+25.0%,+79.35%,0.8967,214,✗ No,budget_exceeded
6,382,342,01-11,+25.0%,+85.57%,0.9278,120,✗ No,budget_exceeded
6,382,343,01-11,+25.0%,+85.54%,0.9277,120,✗ No,budget_exceeded
6,382,343,01-11,+25.0%,+85.40%,0.9270,121,✗ No,budget_exceeded
6,382,344,01-11,+25.0%,+85.27%,0.9264,123,✗ No,budget_exceeded
6,382,345,01-11,+25.0%,+85.24%,0.9262,123,✗ No,budget_exceeded
6,382,345,01-11,+25.0%,+85.18%,0.9259,124,✗ No,budget_exceeded
6,382,346,01-11,+25.0%,+85.05%,0.9252,125,✗ No,budget_exceeded
6,382,347,01-11,+25.0%,+85.03%,0.9251,125,✗ No,budget_exceeded
6,382,347,01-11,+25.0%,+85.01%,0.9250,125,✗ No,budget_exceeded
6,382,348,01-11,+25.0%,+84.90%,0.9245,126,✗ No,budget_exceeded
6,382,349,01-11,+25.0%,+84.86%,0.9243,127,✗ No,budget_exceeded
6,382,349,01-11,+25.0%,+84.72%,0.9236,129,✗ No,budget_exceeded
6,382,350,01-11,+25.0%,+84.69%,0.9234,129,✗ No,budget_exceeded
6,382,351,01-11,+25.0%,+84.64%,0.9232,130,✗ No,budget_exceeded
6,382,351,01-11,+25.0%,+84.52%,0.9226,131,✗ No,budget_exceeded
6,382,352,01-11,+25.0%,+84.46%,0.9223,132,✗ No,budget_exceeded
6,382,353,01-11,+25.0%,+84.33%,0.9217,134,✗ No,budget_exceeded
6,382,353,01-11,+25.0%,+84.30%,0.9215,134,✗ No,budget_exceeded
6,382,354,01-11,+25.0%,+84.26%,0.9213,134,✗ No,budget_exceeded
6,382,355,01-11,+25.0%,+84.15%,0.9207,136,✗ No,budget_exceeded
6,382,355,01-11,+25.0%,+84.07%,0.9204,137,✗ No,budget_exceeded
6,382,356,01-11,+25.0%,+83.90%,0.9195,139,✗ No,budget_exceeded
6,382,357,01-11,+25.0%,+83.79%,0.9190,141,✗ No,budget_exceeded
6,382,357,01-11,+25.0%,+83.70%,0.9185,143,✗ No,budget_exceeded
6,382,358,01-11,+25.0%,+83.43%,0.9171,147,✗ No,budget_exceeded
6,382,359,01-11,+25.0%,+83.42%,0.9171,147,✗ No,budget_exceeded
6,382,359,01-11,+25.0%,+83.37%,0.9169,147,✗ No,budget_exceeded
6,382,360,01-11,+25.0%,+83.23%,0.9162,148,✗ No,budget_exceeded
6,382,361,01-11,+25.0%,+83.16%,0.9158,148,✗ No,budget_exceeded
6,382,361,01-11,+25.0%,+83.03%,0.9152,149,✗ No,budget_exceeded
6,382,362,01-11,+25.0%,+82.91%,0.9145,149,✓ Yes,budget_exceeded
6,382,363,01-11,+25.0%,+82.86%,0.9143,150,✗ No,budget_exceeded
6,382,363,01-11,+25.0%,+82.80%,0.9140,151,✗ No,budget_exceeded
6,382,364,01-11,+25.0%,+82.68%,0.9134,152,✗ No,budget_exceeded
6,382,365,01-11,+25.0%,+82.49%,0.9125,154,✗ No,budget_exceeded
6,382,365,01-11,+25.0%,+82.31%,0.9116,155,✗ No,budget_exceeded
6,382,366,01-11,+25.0%,+82.11%,0.9106,156,✗ No,budget_exceeded
6,382,367,01-11,+25.0%,+81.98%,0.9099,158,✗ No,budget_exceeded
6,382,367,01-11,+25.0%,+81.93%,0.9097,158,✗ No,budget_exceeded
6,382,368,01-11,+25.0%,+81.72%,0.9086,161,✗ No,budget_exceeded
6,382,369,01-11,+25.0%,+81.59%,0.9079,163,✗ No,budget_exceeded
6,382,369,01-11,+25.0%,+81.39%,0.9069,165,✗ No,budget_exceeded
6,382,370,01-11,+25.0%,+81.24%,0.9062,166,✗ No,budget_exceeded
6,382,371,01-11,+25.0%,+81.18%,0.9059,166,✗ No,budget_exceeded
6,382,371,01-11,+25.0%,+81.03%,0.9052,167,✗ No,budget_exceeded
6,382,372,01-11,+25.0%,+80.87%,0.9044,168,✗ No,budget_exceeded
6,382,373,01-11,+25.0%,+80.83%,0.9042,168,✗ No,budget_exceeded
6,382,373,01-11,+25.0%,+80.65%,0.9032,172,✗ No,budget_exceeded
6,382,374,01-11,+25.0%,+80.50%,0.9025,173,✗ No,budget_exceeded
6,382,375,01-11,+25.0%,+80.33%,0.9016,175,✗ No,budget_exceeded
6,382,375,01-11,+25.0%,+80.28%,0.9014,175,✗ No,budget_exceeded
6,382,376,01-11,+25.0%,+80.09%,0.9005,178,✗ No,budget_exceeded
6,382,377,01-11,+25.0%,+79.89%,0.8995,179,✗ No,budget_exceeded
6,382,377,01-11,+25.0%,+79.77%,0.8988,180,✗ No,budget_exceeded
6,382,378,01-11,+25.0%,+79.67%,0.8984,181,✗ No,budget_exceeded
6,382,379,01-11,+25.0%,+79.56%,0.8978,182,✗ No,budget_exceeded
6,382,379,01-11,+25.0%,+79.52%,0.8976,183,✗ No,budget_exceeded
6,382,380,01-11,+25.0%,+79.38%,0.8969,186,✗ No,budget_exceeded
6,382,381,01-11,+25.0%,+79.27%,0.8964,189,✗ No,budget_exceeded
6,382,381,01-11,+25.0%,+79.16%,0.8958,192,✗ No,budget_exceeded
6,382,382,01-11,+25.0%,+79.07%,0.8954,202,✗ No,budget_exceeded
6,383,342,01-11,+25.0%,+85.44%,0.9272,120,✗ No,budget_exceeded
6,383,343,01-11,+25.0%,+85.42%,0.9271,120,✗ No,budget_exceeded
6,383,343,01-11,+25.0%,+85.28%,0.9264,121,✗ No,budget_exceeded
6,383,344,01-11,+25.0%,+85.21%,0.9261,122,✗ No,budget_exceeded
6,383,345,01-11,+25.0%,+85.18%,0.9259,122,✗ No,budget_exceeded
6,383,345,01-11,+25.0%,+85.06%,0.9253,124,✗ No,budget_exceeded
6,383,346,01-11,+25.0%,+84.99%,0.9250,124,✗ No,budget_exceeded
6,383,347,01-11,+25.0%,+84.90%,0.9245,125,✗ No,budget_exceeded
6,383,347,01-11,+25.0%,+84.88%,0.9244,125,✗ No,budget_exceeded
6,383,348,01-11,+25.0%,+84.85%,0.9243,125,✗ No,budget_exceeded
6,383,349,01-11,+25.0%,+84.80%,0.9240,126,✗ No,budget_exceeded
6,383,349,01-11,+25.0%,+84.67%,0.9233,128,✗ No,budget_exceeded
6,383,350,01-11,+25.0%,+84.64%,0.9232,128,✗ No,budget_exceeded
6,383,351,01-11,+25.0%,+84.50%,0.9225,130,✗ No,budget_exceeded
6,383,351,01-11,+25.0%,+84.46%,0.9223,130,✗ No,budget_exceeded
6,383,352,01-11,+25.0%,+84.33%,0.9217,132,✗ No,budget_exceeded
6,383,353,01-11,+25.0%,+84.27%,0.9214,133,✗ No,budget_exceeded
6,383,353,01-11,+25.0%,+84.17%,0.9209,134,✗ No,budget_exceeded
6,383,354,01-11,+25.0%,+84.15%,0.9207,134,✗ No,budget_exceeded
6,383,355,01-11,+25.0%,+84.09%,0.9205,135,✗ No,budget_exceeded
6,383,355,01-11,+25.0%,+83.94%,0.9197,137,✗ No,budget_exceeded
6,383,356,01-11,+25.0%,+83.81%,0.9191,138,✗ No,budget_exceeded
6,383,357,01-11,+25.0%,+83.73%,0.9187,140,✗ No,budget_exceeded
6,383,357,01-11,+25.0%,+83.57%,0.9178,143,✗ No,budget_exceeded
6,383,358,01-11,+25.0%,+83.52%,0.9176,144,✗ No,budget_exceeded
6,383,359,01-11,+25.0%,+83.36%,0.9168,146,✗ No,budget_exceeded
6,383,359,01-11,+25.0%,+83.24%,0.9162,147,✗ No,budget_exceeded
6,383,360,01-11,+25.0%,+83.20%,0.9160,147,✗ No,budget_exceeded
6,383,361,01-11,+25.0%,+83.03%,0.9151,148,✗ No,budget_exceeded
6,383,361,01-11,+25.0%,+82.99%,0.9150,148,✗ No,budget_exceeded
6,383,362,01-11,+25.0%,+82.89%,0.9144,149,✗ No,budget_exceeded
6,383,363,01-11,+25.0%,+82.81%,0.9140,149,✗ No,budget_exceeded
6,383,363,01-11,+25.0%,+82.69%,0.9134,151,✗ No,budget_exceeded
6,383,364,01-11,+25.0%,+82.64%,0.9132,151,✗ No,budget_exceeded
6,383,365,01-11,+25.0%,+82.30%,0.9115,154,✗ No,budget_exceeded
6,383,365,01-11,+25.0%,+82.15%,0.9108,155,✗ No,budget_exceeded
6,383,366,01-11,+25.0%,+82.10%,0.9105,155,✗ No,budget_exceeded
6,383,367,01-11,+25.0%,+81.93%,0.9096,157,✗ No,budget_exceeded
6,383,367,01-11,+25.0%,+81.90%,0.9095,157,✗ No,budget_exceeded
6,383,368,01-11,+25.0%,+81.59%,0.9080,161,✗ No,budget_exceeded
6,383,369,01-11,+25.0%,+81.53%,0.9077,162,✗ No,budget_exceeded
6,383,369,01-11,+25.0%,+81.26%,0.9063,165,✗ No,budget_exceeded
6,383,370,01-11,+25.0%,+81.20%,0.9060,165,✗ No,budget_exceeded
6,383,371,01-11,+25.0%,+81.05%,0.9052,166,✗ No,budget_exceeded
6,383,371,01-11,+25.0%,+80.99%,0.9050,166,✗ No,budget_exceeded
6,383,372,01-11,+25.0%,+80.86%,0.9043,167,✗ No,budget_exceeded
6,383,373,01-11,+25.0%,+80.73%,0.9036,168,✗ No,budget_exceeded
6,383,373,01-11,+25.0%,+80.64%,0.9032,170,✗ No,budget_exceeded
6,383,374,01-11,+25.0%,+80.46%,0.9023,172,✗ No,budget_exceeded
6,383,374,01-11,+25.0%,+80.35%,0.9018,173,✗ No,budget_exceeded
6,383,375,01-11,+25.0%,+80.24%,0.9012,174,✗ No,budget_exceeded
6,383,376,01-11,+25.0%,+80.05%,0.9002,177,✗ No,budget_exceeded
6,383,376,01-11,+25.0%,+79.93%,0.8996,178,✗ No,budget_exceeded
6,383,377,01-11,+25.0%,+79.73%,0.8987,179,✗ No,budget_exceeded
6,383,378,01-11,+25.0%,+79.58%,0.8979,180,✗ No,budget_exceeded
6,383,378,01-11,+25.0%,+79.54%,0.8977,181,✗ No,budget_exceeded
6,383,379,01-11,+25.0%,+79.48%,0.8974,181,✗ No,budget_exceeded
6,383,380,01-11,+25.0%,+79.34%,0.8967,183,✗ No,budget_exceeded
6,383,380,01-11,+25.0%,+79.28%,0.8964,184,✗ No,budget_exceeded
6,383,381,01-11,+25.0%,+79.12%,0.8956,188,✗ No,budget_exceeded
6,383,382,01-11,+25.0%,+78.95%,0.8948,191,✗ No,budget_exceeded
6,383,382,01-11,+25.0%,+78.92%,0.8946,197,✗ No,budget_exceeded
6,383,383,01-11,+25.0%,+78.75%,0.8938,214,✗ No,budget_exceeded
6,384,342,01-11,+25.0%,+85.41%,0.9270,120,✗ No,budget_exceeded
6,384,343,01-11,+25.0%,+85.38%,0.9269,120,✗ No,budget_exceeded
6,384,343,01-11,+25.0%,+85.25%,0.9262,121,✗ No,budget_exceeded
6,384,344,01-11,+25.0%,+85.18%,0.9259,122,✗ No,budget_exceeded
6,384,345,01-11,+25.0%,+85.08%,0.9254,123,✗ No,budget_exceeded
6,384,345,01-11,+25.0%,+85.03%,0.9252,124,✗ No,budget_exceeded
6,384,346,01-11,+25.0%,+84.89%,0.9245,125,✗ No,budget_exceeded
6,384,347,01-11,+25.0%,+84.87%,0.9243,125,✗ No,budget_exceeded
6,384,347,01-11,+25.0%,+84.85%,0.9243,125,✗ No,budget_exceeded
6,384,348,01-11,+25.0%,+84.81%,0.9240,125,✗ No,budget_exceeded
6,384,349,01-11,+25.0%,+84.70%,0.9235,127,✗ No,budget_exceeded
6,384,349,01-11,+25.0%,+84.63%,0.9232,128,✗ No,budget_exceeded
6,384,350,01-11,+25.0%,+84.52%,0.9226,129,✗ No,budget_exceeded
6,384,351,01-11,+25.0%,+84.47%,0.9224,130,✗ No,budget_exceeded
6,384,351,01-11,+25.0%,+84.34%,0.9217,131,✗ No,budget_exceeded
6,384,352,01-11,+25.0%,+84.29%,0.9214,132,✗ No,budget_exceeded
6,384,353,01-11,+25.0%,+84.18%,0.9209,134,✗ No,budget_exceeded
6,384,353,01-11,+25.0%,+84.14%,0.9207,134,✗ No,budget_exceeded
6,384,354,01-11,+25.0%,+84.10%,0.9205,134,✗ No,budget_exceeded
6,384,355,01-11,+25.0%,+83.98%,0.9199,136,✗ No,budget_exceeded
6,384,355,01-11,+25.0%,+83.91%,0.9195,137,✗ No,budget_exceeded
6,384,356,01-11,+25.0%,+83.74%,0.9187,139,✗ No,budget_exceeded
6,384,357,01-11,+25.0%,+83.69%,0.9185,140,✗ No,budget_exceeded
6,384,357,01-11,+25.0%,+83.52%,0.9176,143,✗ No,budget_exceeded
6,384,358,01-11,+25.0%,+83.25%,0.9162,147,✗ No,budget_exceeded
6,384,359,01-11,+25.0%,+83.23%,0.9162,147,✗ No,budget_exceeded
6,384,359,01-11,+25.0%,+83.19%,0.9160,147,✗ No,budget_exceeded
6,384,360,01-11,+25.0%,+83.06%,0.9153,148,✗ No,budget_exceeded
6,384,361,01-11,+25.0%,+82.98%,0.9149,148,✗ No,budget_exceeded
6,384,361,01-11,+25.0%,+82.86%,0.9143,149,✗ No,budget_exceeded
6,384,362,01-11,+25.0%,+82.80%,0.9140,149,✗ No,budget_exceeded
6,384,363,01-11,+25.0%,+82.68%,0.9134,150,✗ No,budget_exceeded
6,384,363,01-11,+25.0%,+82.62%,0.9131,151,✗ No,budget_exceeded
6,384,364,01-11,+25.0%,+82.51%,0.9125,152,✗ No,budget_exceeded
6,384,365,01-11,+25.0%,+82.16%,0.9108,155,✗ No,budget_exceeded
6,384,365,01-11,+25.0%,+82.09%,0.9105,155,✗ No,budget_exceeded
6,384,366,01-11,+25.0%,+81.92%,0.9096,156,✗ No,budget_exceeded
6,384,367,01-11,+25.0%,+81.81%,0.9090,158,✗ No,budget_exceeded
6,384,367,01-11,+25.0%,+81.76%,0.9088,158,✗ No,budget_exceeded
6,384,368,01-11,+25.0%,+81.53%,0.9077,161,✗ No,budget_exceeded
6,384,369,01-11,+25.0%,+81.40%,0.9070,163,✗ No,budget_exceeded
6,384,369,01-11,+25.0%,+81.10%,0.9055,166,✗ No,budget_exceeded
6,384,370,01-11,+25.0%,+81.03%,0.9052,166,✗ No,budget_exceeded
6,384,371,01-11,+25.0%,+80.91%,0.9046,167,✗ No,budget_exceeded
6,384,371,01-11,+25.0%,+80.84%,0.9042,167,✗ No,budget_exceeded
6,384,372,01-11,+25.0%,+80.68%,0.9034,168,✗ No,budget_exceeded
6,384,373,01-11,+25.0%,+80.64%,0.9032,168,✗ No,budget_exceeded
6,384,373,01-11,+25.0%,+80.45%,0.9022,172,✗ No,budget_exceeded
6,384,374,01-11,+25.0%,+80.30%,0.9015,173,✗ No,budget_exceeded
6,384,375,01-11,+25.0%,+80.25%,0.9012,173,✗ No,budget_exceeded
6,384,375,01-11,+25.0%,+80.08%,0.9004,175,✗ No,budget_exceeded
6,384,376,01-11,+25.0%,+79.88%,0.8994,178,✗ No,budget_exceeded
6,384,377,01-11,+25.0%,+79.68%,0.8984,179,✗ No,budget_exceeded
6,384,377,01-11,+25.0%,+79.57%,0.8978,180,✗ No,budget_exceeded
6,384,378,01-11,+25.0%,+79.47%,0.8973,181,✗ No,budget_exceeded
6,384,379,01-11,+25.0%,+79.35%,0.8968,182,✗ No,budget_exceeded
6,384,379,01-11,+25.0%,+79.31%,0.8966,182,✗ No,budget_exceeded
6,384,380,01-11,+25.0%,+79.17%,0.8958,185,✗ No,budget_exceeded
6,384,381,01-11,+25.0%,+78.98%,0.8949,188,✗ No,budget_exceeded
6,384,381,01-11,+25.0%,+78.93%,0.8947,188,✗ No,budget_exceeded
6,384,382,01-11,+25.0%,+78.86%,0.8943,190,✗ No,budget_exceeded
6,384,383,01-11,+25.0%,+78.72%,0.8936,196,✗ No,budget_exceeded
6,384,383,01-11,+25.0%,+78.57%,0.8928,201,✗ No,budget_exceeded
6,384,384,01-11,+25.0%,+78.49%,0.8925,223,✗ No,budget_exceeded
6,385,342,01-11,+25.0%,+85.35%,0.9268,120,✗ No,budget_exceeded
6,385,343,01-11,+25.0%,+85.27%,0.9264,121,✗ No,budget_exceeded
6,385,343,01-11,+25.0%,+85.19%,0.9259,121,✗ No,budget_exceeded
6,385,344,01-11,+25.0%,+85.06%,0.9253,123,✗ No,budget_exceeded
6,385,345,01-11,+25.0%,+85.02%,0.9251,123,✗ No,budget_exceeded
6,385,345,01-11,+25.0%,+84.90%,0.9245,125,✗ No,budget_exceeded
6,385,346,01-11,+25.0%,+84.83%,0.9242,125,✗ No,budget_exceeded
6,385,347,01-11,+25.0%,+84.81%,0.9240,125,✗ No,budget_exceeded
6,385,347,01-11,+25.0%,+84.79%,0.9240,125,✗ No,budget_exceeded
6,385,348,01-11,+25.0%,+84.69%,0.9235,126,✗ No,budget_exceeded
6,385,349,01-11,+25.0%,+84.64%,0.9232,127,✗ No,budget_exceeded
6,385,349,01-11,+25.0%,+84.50%,0.9225,129,✗ No,budget_exceeded
6,385,350,01-11,+25.0%,+84.47%,0.9224,129,✗ No,budget_exceeded
6,385,351,01-11,+25.0%,+84.33%,0.9216,131,✗ No,budget_exceeded
6,385,351,01-11,+25.0%,+84.28%,0.9214,131,✗ No,budget_exceeded
6,385,352,01-11,+25.0%,+84.17%,0.9209,133,✗ No,budget_exceeded
6,385,353,01-11,+25.0%,+84.11%,0.9205,134,✗ No,budget_exceeded
6,385,353,01-11,+25.0%,+84.07%,0.9204,134,✗ No,budget_exceeded
6,385,354,01-11,+25.0%,+83.97%,0.9199,135,✗ No,budget_exceeded
6,385,355,01-11,+25.0%,+83.92%,0.9196,136,✗ No,budget_exceeded
6,385,355,01-11,+25.0%,+83.77%,0.9189,138,✗ No,budget_exceeded
6,385,356,01-11,+25.0%,+83.71%,0.9185,138,✗ No,budget_exceeded
6,385,357,01-11,+25.0%,+83.55%,0.9178,141,✗ No,budget_exceeded
6,385,357,01-11,+25.0%,+83.38%,0.9169,144,✗ No,budget_exceeded
6,385,358,01-11,+25.0%,+83.33%,0.9167,145,✗ No,budget_exceeded
6,385,359,01-11,+25.0%,+83.17%,0.9158,147,✗ No,budget_exceeded
6,385,359,01-11,+25.0%,+83.05%,0.9153,148,✗ No,budget_exceeded
6,385,360,01-11,+25.0%,+83.01%,0.9151,148,✗ No,budget_exceeded
6,385,361,01-11,+25.0%,+82.84%,0.9142,149,✗ No,budget_exceeded
6,385,361,01-11,+25.0%,+82.80%,0.9140,149,✗ No,budget_exceeded
6,385,362,01-11,+25.0%,+82.70%,0.9135,150,✗ No,budget_exceeded
6,385,363,01-11,+25.0%,+82.61%,0.9131,150,✗ No,budget_exceeded
6,385,363,01-11,+25.0%,+82.49%,0.9125,152,✗ No,budget_exceeded
6,385,364,01-11,+25.0%,+82.31%,0.9115,153,✗ No,budget_exceeded
6,385,365,01-11,+25.0%,+82.09%,0.9104,155,✗ No,budget_exceeded
6,385,365,01-11,+25.0%,+81.94%,0.9097,156,✗ No,budget_exceeded
6,385,366,01-11,+25.0%,+81.81%,0.9091,157,✗ No,budget_exceeded
6,385,367,01-11,+25.0%,+81.72%,0.9086,158,✗ No,budget_exceeded
6,385,367,01-11,+25.0%,+81.63%,0.9081,159,✗ No,budget_exceeded
6,385,368,01-11,+25.0%,+81.38%,0.9069,162,✗ No,budget_exceeded
6,385,369,01-11,+25.0%,+81.20%,0.9060,163,✗ No,budget_exceeded
6,385,369,01-11,+25.0%,+81.02%,0.9051,165,✗ No,budget_exceeded
6,385,370,01-11,+25.0%,+80.89%,0.9044,166,✗ No,budget_exceeded
6,385,371,01-11,+25.0%,+80.81%,0.9041,166,✗ No,budget_exceeded
6,385,371,01-11,+25.0%,+80.69%,0.9035,167,✗ No,budget_exceeded
6,385,372,01-11,+25.0%,+80.63%,0.9031,167,✗ No,budget_exceeded
6,385,373,01-11,+25.0%,+80.48%,0.9024,168,✗ No,budget_exceeded
6,385,373,01-11,+25.0%,+80.34%,0.9017,171,✗ No,budget_exceeded
6,385,374,01-11,+25.0%,+80.15%,0.9007,173,✗ No,budget_exceeded
6,385,375,01-11,+25.0%,+80.11%,0.9005,173,✗ No,budget_exceeded
6,385,375,01-11,+25.0%,+79.92%,0.8996,175,✗ No,budget_exceeded
6,385,376,01-11,+25.0%,+79.72%,0.8986,178,✗ No,budget_exceeded
6,385,376,01-11,+25.0%,+79.67%,0.8984,178,✗ No,budget_exceeded
6,385,377,01-11,+25.0%,+79.48%,0.8974,179,✗ No,budget_exceeded
6,385,378,01-11,+25.0%,+79.33%,0.8966,180,✗ No,budget_exceeded
6,385,378,01-11,+25.0%,+79.28%,0.8964,181,✗ No,budget_exceeded
6,385,379,01-11,+25.0%,+79.16%,0.8958,182,✗ No,budget_exceeded
6,385,380,01-11,+25.0%,+79.07%,0.8954,183,✗ No,budget_exceeded
6,385,380,01-11,+25.0%,+78.95%,0.8947,185,✗ No,budget_exceeded
6,385,381,01-11,+25.0%,+78.77%,0.8939,188,✗ No,budget_exceeded
6,385,382,01-11,+25.0%,+78.68%,0.8934,189,✗ No,budget_exceeded
6,385,382,01-11,+25.0%,+78.56%,0.8928,193,✗ No,budget_exceeded
6,385,383,01-11,+25.0%,+78.39%,0.8920,197,✗ No,budget_exceeded
6,385,384,01-11,+25.0%,+78.33%,0.8917,198,✗ No,budget_exceeded
6,385,384,01-11,+25.0%,+78.28%,0.8914,200,✗ No,budget_exceeded
6,385,385,01-11,+25.0%,+78.11%,0.8905,224,✗ No,budget_exceeded
6,386,342,01-11,+25.0%,+85.24%,0.9262,120,✗ No,budget_exceeded
6,386,343,01-11,+25.0%,+85.21%,0.9261,120,✗ No,budget_exceeded
6,386,343,01-11,+25.0%,+85.07%,0.9253,121,✗ No,budget_exceeded
6,386,344,01-11,+25.0%,+85.00%,0.9250,122,✗ No,budget_exceeded
6,386,345,01-11,+25.0%,+84.90%,0.9245,123,✗ No,budget_exceeded
6,386,345,01-11,+25.0%,+84.84%,0.9242,124,✗ No,budget_exceeded
6,386,346,01-11,+25.0%,+84.71%,0.9235,125,✗ No,budget_exceeded
6,386,347,01-11,+25.0%,+84.68%,0.9234,125,✗ No,budget_exceeded
6,386,347,01-11,+25.0%,+84.67%,0.9233,125,✗ No,budget_exceeded
6,386,348,01-11,+25.0%,+84.62%,0.9231,125,✗ No,budget_exceeded
6,386,349,01-11,+25.0%,+84.51%,0.9225,127,✗ No,budget_exceeded
6,386,349,01-11,+25.0%,+84.44%,0.9222,128,✗ No,budget_exceeded
6,386,350,01-11,+25.0%,+84.32%,0.9216,129,✗ No,budget_exceeded
6,386,351,01-11,+25.0%,+84.27%,0.9214,130,✗ No,budget_exceeded
6,386,351,01-11,+25.0%,+84.16%,0.9208,131,✗ No,budget_exceeded
6,386,352,01-11,+25.0%,+84.11%,0.9205,132,✗ No,budget_exceeded
6,386,353,01-11,+25.0%,+83.98%,0.9199,134,✗ No,budget_exceeded
6,386,353,01-11,+25.0%,+83.94%,0.9197,134,✗ No,budget_exceeded
6,386,354,01-11,+25.0%,+83.91%,0.9195,134,✗ No,budget_exceeded
6,386,355,01-11,+25.0%,+83.79%,0.9190,136,✗ No,budget_exceeded
6,386,355,01-11,+25.0%,+83.72%,0.9186,137,✗ No,budget_exceeded
6,386,356,01-11,+25.0%,+83.54%,0.9177,139,✗ No,budget_exceeded
6,386,357,01-11,+25.0%,+83.42%,0.9171,141,✗ No,budget_exceeded
6,386,357,01-11,+25.0%,+83.24%,0.9162,144,✗ No,budget_exceeded
6,386,358,01-11,+25.0%,+83.05%,0.9153,147,✗ No,budget_exceeded
6,386,359,01-11,+25.0%,+83.04%,0.9152,147,✗ No,budget_exceeded
6,386,359,01-11,+25.0%,+83.00%,0.9150,147,✗ No,budget_exceeded
6,386,360,01-11,+25.0%,+82.86%,0.9143,148,✗ No,budget_exceeded
6,386,361,01-11,+25.0%,+82.78%,0.9139,148,✗ No,budget_exceeded
6,386,361,01-11,+25.0%,+82.66%,0.9133,149,✗ No,budget_exceeded
6,386,362,01-11,+25.0%,+82.61%,0.9130,149,✗ No,budget_exceeded
6,386,363,01-11,+25.0%,+82.49%,0.9124,150,✗ No,budget_exceeded
6,386,363,01-11,+25.0%,+82.28%,0.9114,152,✗ No,budget_exceeded
6,386,364,01-11,+25.0%,+82.15%,0.9108,153,✗ No,budget_exceeded
6,386,365,01-11,+25.0%,+81.95%,0.9097,155,✗ No,budget_exceeded
6,386,365,01-11,+25.0%,+81.80%,0.9090,156,✗ No,budget_exceeded
6,386,366,01-11,+25.0%,+81.71%,0.9086,156,✗ No,budget_exceeded
6,386,367,01-11,+25.0%,+81.60%,0.9080,158,✗ No,budget_exceeded
6,386,367,01-11,+25.0%,+81.55%,0.9078,158,✗ No,budget_exceeded
6,386,368,01-11,+25.0%,+81.22%,0.9061,162,✗ No,budget_exceeded
6,386,369,01-11,+25.0%,+81.07%,0.9054,163,✗ No,budget_exceeded
6,386,369,01-11,+25.0%,+80.87%,0.9043,165,✗ No,budget_exceeded
6,386,370,01-11,+25.0%,+80.81%,0.9040,165,✗ No,budget_exceeded
6,386,371,01-11,+25.0%,+80.69%,0.9034,166,✗ No,budget_exceeded
6,386,371,01-11,+25.0%,+80.55%,0.9027,167,✗ No,budget_exceeded
6,386,372,01-11,+25.0%,+80.46%,0.9023,167,✗ No,budget_exceeded
6,386,373,01-11,+25.0%,+80.36%,0.9018,168,✗ No,budget_exceeded
6,386,373,01-11,+25.0%,+80.15%,0.9007,171,✗ No,budget_exceeded
6,386,374,01-11,+25.0%,+80.06%,0.9003,171,✗ No,budget_exceeded
6,386,375,01-11,+25.0%,+79.94%,0.8997,172,✗ No,budget_exceeded
6,386,375,01-11,+25.0%,+79.77%,0.8988,174,✗ No,budget_exceeded
6,386,376,01-11,+25.0%,+79.57%,0.8979,177,✗ No,budget_exceeded
6,386,377,01-11,+25.0%,+79.46%,0.8973,177,✗ No,budget_exceeded
6,386,377,01-11,+25.0%,+79.32%,0.8966,178,✗ No,budget_exceeded
6,386,378,01-11,+25.0%,+79.16%,0.8958,180,✗ No,budget_exceeded
6,386,379,01-11,+25.0%,+79.11%,0.8955,180,✗ No,budget_exceeded
6,386,379,01-11,+25.0%,+79.07%,0.8953,180,✗ No,budget_exceeded
6,386,380,01-11,+25.0%,+78.92%,0.8946,183,✗ No,budget_exceeded
6,386,381,01-11,+25.0%,+78.72%,0.8936,186,✗ No,budget_exceeded
6,386,381,01-11,+25.0%,+78.68%,0.8934,186,✗ No,budget_exceeded
6,386,382,01-11,+25.0%,+78.52%,0.8926,189,✗ No,budget_exceeded
6,386,383,01-11,+25.0%,+78.37%,0.8918,193,✗ No,budget_exceeded
6,386,383,01-11,+25.0%,+78.29%,0.8915,194,✗ No,budget_exceeded
6,386,384,01-11,+25.0%,+78.15%,0.8908,195,✗ No,budget_exceeded
6,386,385,01-11,+25.0%,+78.07%,0.8903,197,✗ No,budget_exceeded
6,386,385,01-11,+25.0%,+77.92%,0.8896,204,✗ No,budget_exceeded
6,386,386,01-11,+25.0%,+77.78%,0.8889,220,✗ No,budget_exceeded
6,387,342,01-11,+25.0%,+85.20%,0.9260,120,✗ No,budget_exceeded
6,387,343,01-11,+25.0%,+85.18%,0.9259,120,✗ No,budget_exceeded
6,387,343,01-11,+25.0%,+85.03%,0.9252,121,✗ No,budget_exceeded
6,387,344,01-11,+25.0%,+84.90%,0.9245,123,✗ No,budget_exceeded
6,387,345,01-11,+25.0%,+84.86%,0.9243,123,✗ No,budget_exceeded
6,387,345,01-11,+25.0%,+84.81%,0.9240,124,✗ No,budget_exceeded
6,387,346,01-11,+25.0%,+84.67%,0.9234,125,✗ No,budget_exceeded
6,387,347,01-11,+25.0%,+84.65%,0.9233,125,✗ No,budget_exceeded
6,387,347,01-11,+25.0%,+84.63%,0.9232,125,✗ No,budget_exceeded
6,387,348,01-11,+25.0%,+84.60%,0.9230,125,✗ No,budget_exceeded
6,387,349,01-11,+25.0%,+84.47%,0.9224,127,✗ No,budget_exceeded
6,387,349,01-11,+25.0%,+84.32%,0.9216,129,✗ No,budget_exceeded
6,387,350,01-11,+25.0%,+84.30%,0.9215,129,✗ No,budget_exceeded
6,387,351,01-11,+25.0%,+84.17%,0.9209,131,✗ No,budget_exceeded
6,387,351,01-11,+25.0%,+84.12%,0.9206,131,✗ No,budget_exceeded
6,387,352,01-11,+25.0%,+84.08%,0.9204,132,✗ No,budget_exceeded
6,387,353,01-11,+25.0%,+83.94%,0.9197,134,✗ No,budget_exceeded
6,387,353,01-11,+25.0%,+83.91%,0.9195,134,✗ No,budget_exceeded
6,387,354,01-11,+25.0%,+83.88%,0.9194,134,✗ No,budget_exceeded
6,387,355,01-11,+25.0%,+83.76%,0.9188,136,✗ No,budget_exceeded
6,387,355,01-11,+25.0%,+83.61%,0.9180,138,✗ No,budget_exceeded
6,387,356,01-11,+25.0%,+83.54%,0.9177,138,✗ No,budget_exceeded
6,387,357,01-11,+25.0%,+83.38%,0.9169,141,✗ No,budget_exceeded
6,387,357,01-11,+25.0%,+83.17%,0.9159,143,✗ No,budget_exceeded
6,387,358,01-11,+25.0%,+83.06%,0.9153,145,✗ No,budget_exceeded
6,387,359,01-11,+25.0%,+82.97%,0.9148,146,✗ No,budget_exceeded
6,387,359,01-11,+25.0%,+82.85%,0.9143,147,✗ No,budget_exceeded
6,387,360,01-11,+25.0%,+82.82%,0.9141,147,✗ No,budget_exceeded
6,387,361,01-11,+25.0%,+82.64%,0.9132,148,✗ No,budget_exceeded
6,387,361,01-11,+25.0%,+82.59%,0.9130,148,✗ No,budget_exceeded
6,387,362,01-11,+25.0%,+82.50%,0.9125,149,✗ No,budget_exceeded
6,387,363,01-11,+25.0%,+82.28%,0.9114,150,✗ No,budget_exceeded
6,387,363,01-11,+25.0%,+82.14%,0.9107,152,✗ No,budget_exceeded
6,387,364,01-11,+25.0%,+82.10%,0.9105,152,✗ No,budget_exceeded
6,387,365,01-11,+25.0%,+81.81%,0.9090,155,✗ No,budget_exceeded
6,387,365,01-11,+25.0%,+81.75%,0.9087,155,✗ No,budget_exceeded
6,387,366,01-11,+25.0%,+81.62%,0.9081,156,✗ No,budget_exceeded
6,387,367,01-11,+25.0%,+81.53%,0.9077,157,✗ No,budget_exceeded
6,387,367,01-11,+25.0%,+81.43%,0.9072,158,✗ No,budget_exceeded
6,387,368,01-11,+25.0%,+81.08%,0.9054,162,✗ No,budget_exceeded
6,387,369,01-11,+25.0%,+81.00%,0.9050,162,✗ No,budget_exceeded
6,387,369,01-11,+25.0%,+80.82%,0.9041,164,✗ No,budget_exceeded
6,387,370,01-11,+25.0%,+80.69%,0.9034,165,✗ No,budget_exceeded
6,387,371,01-11,+25.0%,+80.62%,0.9031,165,✗ No,budget_exceeded
6,387,371,01-11,+25.0%,+80.50%,0.9025,166,✗ No,budget_exceeded
6,387,372,01-11,+25.0%,+80.43%,0.9022,166,✗ No,budget_exceeded
6,387,373,01-11,+25.0%,+80.29%,0.9014,167,✗ No,budget_exceeded
6,387,373,01-11,+25.0%,+80.13%,0.9006,169,✗ No,budget_exceeded
6,387,374,01-11,+25.0%,+79.93%,0.8997,170,✗ No,budget_exceeded
6,387,375,01-11,+25.0%,+79.86%,0.8993,170,✗ No,budget_exceeded
6,387,375,01-11,+25.0%,+79.70%,0.8985,172,✗ No,budget_exceeded
6,387,376,01-11,+25.0%,+79.51%,0.8975,175,✗ No,budget_exceeded
6,387,377,01-11,+25.0%,+79.46%,0.8973,175,✗ No,budget_exceeded
6,387,377,01-11,+25.0%,+79.26%,0.8963,176,✗ No,budget_exceeded
6,387,378,01-11,+25.0%,+79.12%,0.8956,177,✗ No,budget_exceeded
6,387,378,01-11,+25.0%,+79.07%,0.8953,178,✗ No,budget_exceeded
6,387,379,01-11,+25.0%,+78.95%,0.8947,179,✗ No,budget_exceeded
6,387,380,01-11,+25.0%,+78.86%,0.8943,180,✗ No,budget_exceeded
6,387,380,01-11,+25.0%,+78.73%,0.8936,182,✗ No,budget_exceeded
6,387,381,01-11,+25.0%,+78.55%,0.8928,185,✗ No,budget_exceeded
6,387,382,01-11,+25.0%,+78.38%,0.8919,187,✗ No,budget_exceeded
6,387,382,01-11,+25.0%,+78.32%,0.8916,190,✗ No,budget_exceeded
6,387,383,01-11,+25.0%,+78.15%,0.8907,193,✗ No,budget_exceeded
6,387,384,01-11,+25.0%,+78.09%,0.8905,193,✗ No,budget_exceeded
6,387,384,01-11,+25.0%,+77.98%,0.8899,194,✗ No,budget_exceeded
6,387,385,01-11,+25.0%,+77.86%,0.8893,198,✗ No,budget_exceeded
6,387,386,01-11,+25.0%,+77.72%,0.8886,199,✗ No,budget_exceeded
6,387,386,01-11,+25.0%,+77.66%,0.8883,205,✗ No,budget_exceeded
6,387,387,01-11,+25.0%,+77.48%,0.8874,231,✗ No,budget_exceeded
7,381,345,01-10,+25.0%,+85.57%,0.9279,120,✗ No,budget_exceeded
7,381,346,01-10,+25.0%,+85.41%,0.9270,122,✗ No,budget_exceeded
7,381,346,01-10,+25.0%,+85.39%,0.9270,122,✗ No,budget_exceeded
7,381,346,01-10,+25.0%,+85.39%,0.9269,122,✗ No,budget_exceeded
7,381,346,01-10,+25.0%,+85.38%,0.9269,122,✗ No,budget_exceeded
7,381,347,01-10,+25.0%,+85.37%,0.9268,122,✗ No,budget_exceeded
7,381,347,01-10,+25.0%,+85.29%,0.9264,123,✗ No,budget_exceeded
7,381,347,01-10,+25.0%,+85.28%,0.9264,123,✗ No,budget_exceeded
7,381,348,01-10,+25.0%,+85.26%,0.9263,123,✗ No,budget_exceeded
7,381,348,01-10,+25.0%,+85.25%,0.9263,123,✗ No,budget_exceeded
7,381,348,01-10,+25.0%,+85.24%,0.9262,123,✗ No,budget_exceeded
7,381,349,01-10,+25.0%,+85.20%,0.9260,124,✗ No,budget_exceeded
7,381,349,01-10,+25.0%,+85.10%,0.9255,126,✗ No,budget_exceeded
7,381,349,01-10,+25.0%,+85.09%,0.9254,126,✗ No,budget_exceeded
7,381,349,01-10,+25.0%,+85.07%,0.9254,126,✗ No,budget_exceeded
7,381,350,01-10,+25.0%,+85.05%,0.9252,126,✗ No,budget_exceeded
7,381,350,01-10,+25.0%,+85.04%,0.9252,126,✗ No,budget_exceeded
7,381,350,01-10,+25.0%,+85.03%,0.9251,126,✗ No,budget_exceeded
7,381,351,01-10,+25.0%,+84.99%,0.9249,127,✗ No,budget_exceeded
7,381,351,01-10,+25.0%,+84.91%,0.9245,128,✗ No,budget_exceeded
7,381,351,01-10,+25.0%,+84.88%,0.9244,128,✗ No,budget_exceeded
7,381,352,01-10,+25.0%,+84.87%,0.9244,128,✗ No,budget_exceeded
7,381,352,01-10,+25.0%,+84.83%,0.9242,129,✗ No,budget_exceeded
7,381,352,01-10,+25.0%,+84.83%,0.9241,129,✗ No,budget_exceeded
7,381,352,01-10,+25.0%,+84.82%,0.9241,129,✗ No,budget_exceeded
7,381,353,01-10,+25.0%,+84.70%,0.9235,131,✗ No,budget_exceeded
7,381,353,01-10,+25.0%,+84.69%,0.9234,131,✗ No,budget_exceeded
7,381,353,01-10,+25.0%,+84.67%,0.9234,131,✗ No,budget_exceeded
7,381,354,01-10,+25.0%,+84.67%,0.9233,131,✗ No,budget_exceeded
7,381,354,01-10,+25.0%,+84.65%,0.9232,131,✗ No,budget_exceeded
7,381,354,01-10,+25.0%,+84.62%,0.9231,131,✗ No,budget_exceeded
7,381,355,01-10,+25.0%,+84.52%,0.9226,133,✗ No,budget_exceeded
7,381,355,01-10,+25.0%,+84.51%,0.9225,133,✗ No,budget_exceeded
7,381,355,01-10,+25.0%,+84.46%,0.9223,134,✗ No,budget_exceeded
7,381,356,01-10,+25.0%,+84.31%,0.9216,136,✗ No,budget_exceeded
7,381,356,01-10,+25.0%,+84.27%,0.9213,136,✗ No,budget_exceeded
7,381,356,01-10,+25.0%,+84.15%,0.9207,138,✗ No,budget_exceeded
7,381,356,01-10,+25.0%,+84.14%,0.9207,138,✗ No,budget_exceeded
7,381,357,01-10,+25.0%,+84.11%,0.9205,139,✗ No,budget_exceeded
7,381,357,01-10,+25.0%,+83.97%,0.9198,142,✗ No,budget_exceeded
7,381,357,01-10,+25.0%,+83.95%,0.9197,142,✗ No,budget_exceeded
7,381,358,01-10,+25.0%,+83.91%,0.9196,143,✗ No,budget_exceeded
7,381,358,01-10,+25.0%,+83.90%,0.9195,143,✗ No,budget_exceeded
7,381,358,01-10,+25.0%,+83.76%,0.9188,145,✗ No,budget_exceeded
7,381,359,01-10,+25.0%,+83.75%,0.9187,145,✗ No,budget_exceeded
7,381,359,01-10,+25.0%,+83.73%,0.9187,145,✗ No,budget_exceeded
7,381,359,01-10,+25.0%,+83.72%,0.9186,145,✗ No,budget_exceeded
7,381,359,01-10,+25.0%,+83.70%,0.9185,145,✗ No,budget_exceeded
7,381,360,01-10,+25.0%,+83.61%,0.9181,146,✗ No,budget_exceeded
7,381,360,01-10,+25.0%,+83.58%,0.9179,146,✗ No,budget_exceeded
7,381,360,01-10,+25.0%,+83.52%,0.9176,146,✗ No,budget_exceeded
7,381,361,01-10,+25.0%,+83.43%,0.9172,147,✗ No,budget_exceeded
7,381,361,01-10,+25.0%,+83.42%,0.9171,147,✗ No,budget_exceeded
7,381,361,01-10,+25.0%,+83.38%,0.9169,147,✗ No,budget_exceeded
7,381,362,01-10,+25.0%,+83.37%,0.9168,147,✗ No,budget_exceeded
7,381,362,01-10,+25.0%,+83.36%,0.9168,147,✗ No,budget_exceeded
7,381,362,01-10,+25.0%,+83.24%,0.9162,148,✗ No,budget_exceeded
7,381,362,01-10,+25.0%,+83.23%,0.9161,148,✗ No,budget_exceeded
7,381,363,01-10,+25.0%,+83.18%,0.9159,148,✗ No,budget_exceeded
7,381,363,01-10,+25.0%,+83.16%,0.9158,149,✗ No,budget_exceeded
7,381,363,01-10,+25.0%,+83.06%,0.9153,150,✗ No,budget_exceeded
7,381,364,01-10,+25.0%,+83.04%,0.9152,150,✗ No,budget_exceeded
7,381,364,01-10,+25.0%,+83.03%,0.9152,150,✗ No,budget_exceeded
7,381,364,01-10,+25.0%,+82.88%,0.9144,151,✗ No,budget_exceeded
7,381,365,01-10,+25.0%,+82.83%,0.9142,152,✗ No,budget_exceeded
7,381,365,01-10,+25.0%,+82.81%,0.9141,152,✗ No,budget_exceeded
7,381,365,01-10,+25.0%,+82.80%,0.9140,152,✗ No,budget_exceeded
7,381,366,01-10,+25.0%,+82.79%,0.9140,152,✗ No,budget_exceeded
7,381,366,01-10,+25.0%,+82.68%,0.9134,153,✗ No,budget_exceeded
7,381,366,01-10,+25.0%,+82.63%,0.9132,153,✗ No,budget_exceeded
7,381,366,01-10,+25.0%,+82.61%,0.9131,154,✗ No,budget_exceeded
7,381,367,01-10,+25.0%,+82.52%,0.9126,155,✗ No,budget_exceeded
7,381,367,01-10,+25.0%,+82.49%,0.9124,155,✗ No,budget_exceeded
7,381,367,01-10,+25.0%,+82.47%,0.9123,155,✗ No,budget_exceeded
7,381,368,01-10,+25.0%,+82.28%,0.9114,158,✗ No,budget_exceeded
7,381,368,01-10,+25.0%,+82.12%,0.9106,159,✗ No,budget_exceeded
7,381,368,01-10,+25.0%,+82.12%,0.9106,159,✗ No,budget_exceeded
7,381,369,01-10,+25.0%,+81.94%,0.9097,161,✗ No,budget_exceeded
7,381,369,01-10,+25.0%,+81.91%,0.9096,162,✗ No,budget_exceeded
7,381,369,01-10,+25.0%,+81.76%,0.9088,163,✗ No,budget_exceeded
7,381,369,01-10,+25.0%,+81.74%,0.9087,163,✗ No,budget_exceeded
7,381,370,01-10,+25.0%,+81.72%,0.9086,163,✗ No,budget_exceeded
7,381,370,01-10,+25.0%,+81.61%,0.9080,164,✗ No,budget_exceeded
7,381,370,01-10,+25.0%,+81.58%,0.9079,164,✗ No,budget_exceeded
7,381,371,01-10,+25.0%,+81.55%,0.9078,164,✗ No,budget_exceeded
7,381,371,01-10,+25.0%,+81.44%,0.9072,165,✗ No,budget_exceeded
7,381,371,01-10,+25.0%,+81.42%,0.9071,165,✗ No,budget_exceeded
7,381,372,01-10,+25.0%,+81.38%,0.9069,165,✗ No,budget_exceeded
7,381,372,01-10,+25.0%,+81.36%,0.9068,165,✗ No,budget_exceeded
7,381,372,01-10,+25.0%,+81.24%,0.9062,166,✗ No,budget_exceeded
7,381,372,01-10,+25.0%,+81.22%,0.9061,166,✗ No,budget_exceeded
7,381,373,01-10,+25.0%,+81.07%,0.9053,169,✗ No,budget_exceeded
7,381,373,01-10,+25.0%,+81.05%,0.9052,169,✗ No,budget_exceeded
7,381,373,01-10,+25.0%,+81.00%,0.9050,170,✗ No,budget_exceeded
7,381,374,01-10,+25.0%,+80.89%,0.9044,171,✗ No,budget_exceeded
7,381,374,01-10,+25.0%,+80.85%,0.9043,171,✗ No,budget_exceeded
7,381,374,01-10,+25.0%,+80.81%,0.9040,171,✗ No,budget_exceeded
7,381,375,01-10,+25.0%,+80.71%,0.9035,172,✗ No,budget_exceeded
7,381,375,01-10,+25.0%,+80.65%,0.9033,173,✗ No,budget_exceeded
7,381,375,01-10,+25.0%,+80.62%,0.9031,173,✗ No,budget_exceeded
7,381,375,01-10,+25.0%,+80.54%,0.9027,174,✗ No,budget_exceeded
7,381,376,01-10,+25.0%,+80.44%,0.9022,176,✗ No,budget_exceeded
7,381,376,01-10,+25.0%,+80.36%,0.9018,177,✗ No,budget_exceeded
7,381,376,01-10,+25.0%,+80.33%,0.9016,177,✗ No,budget_exceeded
7,381,377,01-10,+25.0%,+80.26%,0.9013,179,✗ No,budget_exceeded
7,381,377,01-10,+25.0%,+80.17%,0.9008,180,✗ No,budget_exceeded
7,381,377,01-10,+25.0%,+80.11%,0.9005,180,✗ No,budget_exceeded
7,381,378,01-10,+25.0%,+80.05%,0.9003,180,✗ No,budget_exceeded
7,381,378,01-10,+25.0%,+80.04%,0.9002,180,✗ No,budget_exceeded
7,381,378,01-10,+25.0%,+79.94%,0.8997,182,✗ No,budget_exceeded
7,381,379,01-10,+25.0%,+79.93%,0.8997,182,✗ No,budget_exceeded
7,381,379,01-10,+25.0%,+79.89%,0.8994,182,✗ No,budget_exceeded
7,381,379,01-10,+25.0%,+79.87%,0.8994,183,✗ No,budget_exceeded
7,381,379,01-10,+25.0%,+79.85%,0.8993,183,✗ No,budget_exceeded
7,381,380,01-10,+25.0%,+79.75%,0.8988,187,✗ No,budget_exceeded
7,381,380,01-10,+25.0%,+79.71%,0.8985,192,✗ No,budget_exceeded
7,381,380,01-10,+25.0%,+79.67%,0.8984,201,✗ No,budget_exceeded
7,381,381,01-10,+25.0%,+79.58%,0.8979,209,✗ No,budget_exceeded
7,382,345,01-10,+25.0%,+85.37%,0.9269,121,✗ No,budget_exceeded
7,382,346,01-10,+25.0%,+85.22%,0.9261,123,✗ No,budget_exceeded
7,382,346,01-10,+25.0%,+85.20%,0.9260,123,✗ No,budget_exceeded
7,382,346,01-10,+25.0%,+85.20%,0.9260,123,✗ No,budget_exceeded
7,382,346,01-10,+25.0%,+85.19%,0.9259,123,✗ No,budget_exceeded
7,382,347,01-10,+25.0%,+85.18%,0.9259,123,✗ No,budget_exceeded
7,382,347,01-10,+25.0%,+85.16%,0.9258,123,✗ No,budget_exceeded
7,382,347,01-10,+25.0%,+85.10%,0.9255,124,✗ No,budget_exceeded
7,382,348,01-10,+25.0%,+85.08%,0.9254,124,✗ No,budget_exceeded
7,382,348,01-10,+25.0%,+85.07%,0.9254,124,✗ No,budget_exceeded
7,382,348,01-10,+25.0%,+85.04%,0.9252,124,✗ No,budget_exceeded
7,382,349,01-10,+25.0%,+85.01%,0.9251,125,✗ No,budget_exceeded
7,382,349,01-10,+25.0%,+84.91%,0.9245,127,✗ No,budget_exceeded
7,382,349,01-10,+25.0%,+84.90%,0.9245,127,✗ No,budget_exceeded
7,382,349,01-10,+25.0%,+84.89%,0.9244,127,✗ No,budget_exceeded
7,382,350,01-10,+25.0%,+84.86%,0.9243,127,✗ No,budget_exceeded
7,382,350,01-10,+25.0%,+84.85%,0.9243,127,✗ No,budget_exceeded
7,382,350,01-10,+25.0%,+84.84%,0.9242,127,✗ No,budget_exceeded
7,382,351,01-10,+25.0%,+84.73%,0.9237,129,✗ No,budget_exceeded
7,382,351,01-10,+25.0%,+84.72%,0.9236,129,✗ No,budget_exceeded
7,382,351,01-10,+25.0%,+84.69%,0.9234,129,✗ No,budget_exceeded
7,382,352,01-10,+25.0%,+84.68%,0.9234,129,✗ No,budget_exceeded
7,382,352,01-10,+25.0%,+84.64%,0.9232,130,✗ No,budget_exceeded
7,382,352,01-10,+25.0%,+84.64%,0.9232,130,✗ No,budget_exceeded
7,382,353,01-10,+25.0%,+84.52%,0.9226,132,✗ No,budget_exceeded
7,382,353,01-10,+25.0%,+84.50%,0.9225,132,✗ No,budget_exceeded
7,382,353,01-10,+25.0%,+84.49%,0.9225,132,✗ No,budget_exceeded
7,382,353,01-10,+25.0%,+84.48%,0.9224,132,✗ No,budget_exceeded
7,382,354,01-10,+25.0%,+84.47%,0.9224,132,✗ No,budget_exceeded
7,382,354,01-10,+25.0%,+84.44%,0.9222,132,✗ No,budget_exceeded
7,382,354,01-10,+25.0%,+84.43%,0.9222,132,✗ No,budget_exceeded
7,382,355,01-10,+25.0%,+84.32%,0.9216,134,✗ No,budget_exceeded
7,382,355,01-10,+25.0%,+84.31%,0.9215,134,✗ No,budget_exceeded
7,382,355,01-10,+25.0%,+84.26%,0.9213,135,✗ No,budget_exceeded
7,382,356,01-10,+25.0%,+84.16%,0.9208,136,✗ No,budget_exceeded
7,382,356,01-10,+25.0%,+84.11%,0.9205,136,✗ No,budget_exceeded
7,382,356,01-10,+25.0%,+84.07%,0.9203,137,✗ No,budget_exceeded
7,382,356,01-10,+25.0%,+84.06%,0.9203,137,✗ No,budget_exceeded
7,382,357,01-10,+25.0%,+83.96%,0.9198,139,✗ No,budget_exceeded
7,382,357,01-10,+25.0%,+83.89%,0.9194,141,✗ No,budget_exceeded
7,382,357,01-10,+25.0%,+83.80%,0.9190,142,✗ No,budget_exceeded
7,382,358,01-10,+25.0%,+83.76%,0.9188,143,✗ No,budget_exceeded
7,382,358,01-10,+25.0%,+83.75%,0.9188,143,✗ No,budget_exceeded
7,382,358,01-10,+25.0%,+83.60%,0.9180,145,✗ No,budget_exceeded
7,382,359,01-10,+25.0%,+83.60%,0.9180,145,✗ No,budget_exceeded
7,382,359,01-10,+25.0%,+83.58%,0.9179,145,✗ No,budget_exceeded
7,382,359,01-10,+25.0%,+83.57%,0.9179,145,✗ No,budget_exceeded
7,382,359,01-10,+25.0%,+83.55%,0.9178,145,✗ No,budget_exceeded
7,382,360,01-10,+25.0%,+83.52%,0.9176,145,✗ No,budget_exceeded
7,382,360,01-10,+25.0%,+83.43%,0.9171,146,✗ No,budget_exceeded
7,382,360,01-10,+25.0%,+83.37%,0.9168,146,✗ No,budget_exceeded
7,382,361,01-10,+25.0%,+83.35%,0.9167,146,✗ No,budget_exceeded
7,382,361,01-10,+25.0%,+83.34%,0.9167,146,✗ No,budget_exceeded
7,382,361,01-10,+25.0%,+83.22%,0.9161,147,✗ No,budget_exceeded
7,382,362,01-10,+25.0%,+83.21%,0.9161,147,✗ No,budget_exceeded
7,382,362,01-10,+25.0%,+83.20%,0.9160,147,✗ No,budget_exceeded
7,382,362,01-10,+25.0%,+83.16%,0.9158,147,✗ No,budget_exceeded
7,382,363,01-10,+25.0%,+83.04%,0.9152,148,✗ No,budget_exceeded
7,382,363,01-10,+25.0%,+83.02%,0.9151,148,✗ No,budget_exceeded
7,382,363,01-10,+25.0%,+82.99%,0.9150,149,✗ No,budget_exceeded
7,382,363,01-10,+25.0%,+82.98%,0.9149,149,✗ No,budget_exceeded
7,382,364,01-10,+25.0%,+82.89%,0.9144,150,✗ No,budget_exceeded
7,382,364,01-10,+25.0%,+82.86%,0.9143,150,✗ No,budget_exceeded
7,382,364,01-10,+25.0%,+82.80%,0.9140,150,✗ No,budget_exceeded
7,382,365,01-10,+25.0%,+82.68%,0.9134,152,✗ No,budget_exceeded
7,382,365,01-10,+25.0%,+82.66%,0.9133,152,✗ No,budget_exceeded
7,382,365,01-10,+25.0%,+82.65%,0.9132,152,✗ No,budget_exceeded
7,382,366,01-10,+25.0%,+82.61%,0.9131,152,✗ No,budget_exceeded
7,382,366,01-10,+25.0%,+82.52%,0.9126,153,✗ No,budget_exceeded
7,382,366,01-10,+25.0%,+82.48%,0.9124,153,✗ No,budget_exceeded
7,382,366,01-10,+25.0%,+82.45%,0.9123,154,✗ No,budget_exceeded
7,382,367,01-10,+25.0%,+82.43%,0.9121,154,✗ No,budget_exceeded
7,382,367,01-10,+25.0%,+82.33%,0.9117,154,✓ Yes,budget_exceeded
7,382,367,01-10,+25.0%,+82.31%,0.9115,155,✗ No,budget_exceeded
7,382,368,01-10,+25.0%,+81.93%,0.9097,159,✗ No,budget_exceeded
7,382,368,01-10,+25.0%,+81.92%,0.9096,159,✗ No,budget_exceeded
7,382,368,01-10,+25.0%,+81.80%,0.9090,161,✗ No,budget_exceeded
7,382,369,01-10,+25.0%,+81.77%,0.9089,161,✗ No,budget_exceeded
7,382,369,01-10,+25.0%,+81.74%,0.9087,162,✗ No,budget_exceeded
7,382,369,01-10,+25.0%,+81.60%,0.9080,163,✗ No,budget_exceeded
7,382,369,01-10,+25.0%,+81.57%,0.9079,163,✗ No,budget_exceeded
7,382,370,01-10,+25.0%,+81.53%,0.9077,163,✗ No,budget_exceeded
7,382,370,01-10,+25.0%,+81.44%,0.9072,164,✗ No,budget_exceeded
7,382,370,01-10,+25.0%,+81.41%,0.9071,164,✗ No,budget_exceeded
7,382,371,01-10,+25.0%,+81.39%,0.9069,164,✗ No,budget_exceeded
7,382,371,01-10,+25.0%,+81.26%,0.9063,165,✗ No,budget_exceeded
7,382,371,01-10,+25.0%,+81.24%,0.9062,165,✗ No,budget_exceeded
7,382,372,01-10,+25.0%,+81.21%,0.9061,165,✗ No,budget_exceeded
7,382,372,01-10,+25.0%,+81.20%,0.9060,165,✗ No,budget_exceeded
7,382,372,01-10,+25.0%,+81.06%,0.9053,166,✗ No,budget_exceeded
7,382,373,01-10,+25.0%,+81.02%,0.9051,166,✗ No,budget_exceeded
7,382,373,01-10,+25.0%,+80.90%,0.9045,169,✗ No,budget_exceeded
7,382,373,01-10,+25.0%,+80.87%,0.9044,169,✗ No,budget_exceeded
7,382,373,01-10,+25.0%,+80.83%,0.9041,170,✗ No,budget_exceeded
7,382,374,01-10,+25.0%,+80.73%,0.9036,171,✗ No,budget_exceeded
7,382,374,01-10,+25.0%,+80.67%,0.9034,171,✗ No,budget_exceeded
7,382,374,01-10,+25.0%,+80.65%,0.9032,171,✗ No,budget_exceeded
7,382,375,01-10,+25.0%,+80.62%,0.9031,171,✗ No,budget_exceeded
7,382,375,01-10,+25.0%,+80.50%,0.9025,173,✗ No,budget_exceeded
7,382,375,01-10,+25.0%,+80.47%,0.9024,173,✗ No,budget_exceeded
7,382,376,01-10,+25.0%,+80.35%,0.9017,174,✗ No,budget_exceeded
7,382,376,01-10,+25.0%,+80.29%,0.9014,176,✗ No,budget_exceeded
7,382,376,01-10,+25.0%,+80.27%,0.9013,176,✗ No,budget_exceeded
7,382,376,01-10,+25.0%,+80.24%,0.9012,176,✗ No,budget_exceeded
7,382,377,01-10,+25.0%,+80.08%,0.9004,177,✗ No,budget_exceeded
7,382,377,01-10,+25.0%,+80.04%,0.9002,177,✗ No,budget_exceeded
7,382,377,01-10,+25.0%,+79.95%,0.8998,178,✗ No,budget_exceeded
7,382,378,01-10,+25.0%,+79.90%,0.8995,178,✗ No,budget_exceeded
7,382,378,01-10,+25.0%,+79.89%,0.8994,178,✗ No,budget_exceeded
7,382,378,01-10,+25.0%,+79.78%,0.8989,180,✗ No,budget_exceeded
7,382,379,01-10,+25.0%,+79.76%,0.8988,180,✗ No,budget_exceeded
7,382,379,01-10,+25.0%,+79.74%,0.8987,180,✗ No,budget_exceeded
7,382,379,01-10,+25.0%,+79.72%,0.8986,181,✗ No,budget_exceeded
7,382,380,01-10,+25.0%,+79.70%,0.8985,181,✗ No,budget_exceeded
7,382,380,01-10,+25.0%,+79.58%,0.8979,183,✗ No,budget_exceeded
7,382,380,01-10,+25.0%,+79.56%,0.8978,184,✗ No,budget_exceeded
7,382,380,01-10,+25.0%,+79.52%,0.8976,185,✗ No,budget_exceeded
7,382,381,01-10,+25.0%,+79.49%,0.8975,186,✗ No,budget_exceeded
7,382,381,01-10,+25.0%,+79.38%,0.8969,191,✗ No,budget_exceeded
7,382,381,01-10,+25.0%,+79.35%,0.8968,194,✗ No,budget_exceeded
7,382,382,01-10,+25.0%,+79.31%,0.8965,211,✗ No,budget_exceeded
7,383,345,01-10,+25.0%,+85.28%,0.9264,122,✗ No,budget_exceeded
7,383,346,01-10,+25.0%,+85.19%,0.9259,123,✗ No,budget_exceeded
7,383,346,01-10,+25.0%,+85.18%,0.9259,123,✗ No,budget_exceeded
7,383,346,01-10,+25.0%,+85.17%,0.9259,123,✗ No,budget_exceeded
7,383,346,01-10,+25.0%,+85.16%,0.9258,123,✗ No,budget_exceeded
7,383,347,01-10,+25.0%,+85.09%,0.9255,124,✗ No,budget_exceeded
7,383,347,01-10,+25.0%,+85.08%,0.9254,124,✗ No,budget_exceeded
7,383,347,01-10,+25.0%,+85.07%,0.9254,124,✗ No,budget_exceeded
7,383,348,01-10,+25.0%,+85.05%,0.9253,124,✗ No,budget_exceeded
7,383,348,01-10,+25.0%,+85.04%,0.9252,124,✗ No,budget_exceeded
7,383,348,01-10,+25.0%,+85.03%,0.9251,124,✗ No,budget_exceeded
7,383,349,01-10,+25.0%,+84.99%,0.9249,125,✗ No,budget_exceeded
7,383,349,01-10,+25.0%,+84.88%,0.9244,127,✗ No,budget_exceeded
7,383,349,01-10,+25.0%,+84.87%,0.9244,127,✗ No,budget_exceeded
7,383,349,01-10,+25.0%,+84.86%,0.9243,127,✗ No,budget_exceeded
7,383,350,01-10,+25.0%,+84.84%,0.9242,127,✗ No,budget_exceeded
7,383,350,01-10,+25.0%,+84.82%,0.9241,127,✗ No,budget_exceeded
7,383,350,01-10,+25.0%,+84.81%,0.9241,127,✗ No,budget_exceeded
7,383,351,01-10,+25.0%,+84.70%,0.9235,129,✗ No,budget_exceeded
7,383,351,01-10,+25.0%,+84.69%,0.9234,129,✗ No,budget_exceeded
7,383,351,01-10,+25.0%,+84.66%,0.9233,129,✗ No,budget_exceeded
7,383,352,01-10,+25.0%,+84.65%,0.9233,129,✗ No,budget_exceeded
7,383,352,01-10,+25.0%,+84.61%,0.9231,130,✗ No,budget_exceeded
7,383,352,01-10,+25.0%,+84.61%,0.9230,130,✗ No,budget_exceeded
7,383,352,01-10,+25.0%,+84.53%,0.9226,131,✗ No,budget_exceeded
7,383,353,01-10,+25.0%,+84.47%,0.9224,132,✗ No,budget_exceeded
7,383,353,01-10,+25.0%,+84.46%,0.9223,132,✗ No,budget_exceeded
7,383,353,01-10,+25.0%,+84.45%,0.9223,132,✗ No,budget_exceeded
7,383,354,01-10,+25.0%,+84.44%,0.9222,132,✗ No,budget_exceeded
7,383,354,01-10,+25.0%,+84.43%,0.9221,132,✗ No,budget_exceeded
7,383,354,01-10,+25.0%,+84.33%,0.9216,133,✗ No,budget_exceeded
7,383,355,01-10,+25.0%,+84.29%,0.9215,134,✗ No,budget_exceeded
7,383,355,01-10,+25.0%,+84.28%,0.9214,134,✗ No,budget_exceeded
7,383,355,01-10,+25.0%,+84.15%,0.9207,136,✗ No,budget_exceeded
7,383,355,01-10,+25.0%,+84.14%,0.9207,136,✗ No,budget_exceeded
7,383,356,01-10,+25.0%,+84.08%,0.9204,136,✗ No,budget_exceeded
7,383,356,01-10,+25.0%,+83.97%,0.9199,138,✗ No,budget_exceeded
7,383,356,01-10,+25.0%,+83.97%,0.9198,138,✗ No,budget_exceeded
7,383,357,01-10,+25.0%,+83.93%,0.9197,139,✗ No,budget_exceeded
7,383,357,01-10,+25.0%,+83.89%,0.9195,140,✗ No,budget_exceeded
7,383,357,01-10,+25.0%,+83.76%,0.9188,142,✗ No,budget_exceeded
7,383,358,01-10,+25.0%,+83.73%,0.9186,143,✗ No,budget_exceeded
7,383,358,01-10,+25.0%,+83.72%,0.9186,143,✗ No,budget_exceeded
7,383,358,01-10,+25.0%,+83.58%,0.9179,145,✗ No,budget_exceeded
7,383,359,01-10,+25.0%,+83.57%,0.9178,145,✗ No,budget_exceeded
7,383,359,01-10,+25.0%,+83.55%,0.9177,145,✗ No,budget_exceeded
7,383,359,01-10,+25.0%,+83.54%,0.9177,145,✗ No,budget_exceeded
7,383,359,01-10,+25.0%,+83.52%,0.9176,145,✗ No,budget_exceeded
7,383,360,01-10,+25.0%,+83.43%,0.9171,146,✗ No,budget_exceeded
7,383,360,01-10,+25.0%,+83.39%,0.9170,146,✗ No,budget_exceeded
7,383,360,01-10,+25.0%,+83.33%,0.9167,146,✗ No,budget_exceeded
7,383,361,01-10,+25.0%,+83.23%,0.9162,147,✗ No,budget_exceeded
7,383,361,01-10,+25.0%,+83.22%,0.9161,147,✗ No,budget_exceeded
7,383,361,01-10,+25.0%,+83.20%,0.9160,147,✗ No,budget_exceeded
7,383,362,01-10,+25.0%,+83.18%,0.9159,147,✗ No,budget_exceeded
7,383,362,01-10,+25.0%,+83.17%,0.9158,147,✗ No,budget_exceeded
7,383,362,01-10,+25.0%,+83.05%,0.9152,148,✗ No,budget_exceeded
7,383,362,01-10,+25.0%,+83.03%,0.9152,148,✗ No,budget_exceeded
7,383,363,01-10,+25.0%,+83.00%,0.9150,148,✗ No,budget_exceeded
7,383,363,01-10,+25.0%,+82.89%,0.9144,149,✓ Yes,budget_exceeded
7,383,363,01-10,+25.0%,+82.87%,0.9144,150,✗ No,budget_exceeded
7,383,364,01-10,+25.0%,+82.85%,0.9143,150,✗ No,budget_exceeded
7,383,364,01-10,+25.0%,+82.84%,0.9142,150,✗ No,budget_exceeded
7,383,364,01-10,+25.0%,+82.83%,0.9141,150,✗ No,budget_exceeded
7,383,365,01-10,+25.0%,+82.63%,0.9132,152,✗ No,budget_exceeded
7,383,365,01-10,+25.0%,+82.61%,0.9131,152,✗ No,budget_exceeded
7,383,365,01-10,+25.0%,+82.60%,0.9130,152,✗ No,budget_exceeded
7,383,365,01-10,+25.0%,+82.52%,0.9126,153,✗ No,budget_exceeded
7,383,366,01-10,+25.0%,+82.49%,0.9125,153,✗ No,budget_exceeded
7,383,366,01-10,+25.0%,+82.43%,0.9122,153,✗ No,budget_exceeded
7,383,366,01-10,+25.0%,+82.41%,0.9120,154,✗ No,budget_exceeded
7,383,367,01-10,+25.0%,+82.31%,0.9116,155,✗ No,budget_exceeded
7,383,367,01-10,+25.0%,+82.31%,0.9115,155,✗ No,budget_exceeded
7,383,367,01-10,+25.0%,+82.28%,0.9114,155,✗ No,budget_exceeded
7,383,368,01-10,+25.0%,+81.89%,0.9094,159,✗ No,budget_exceeded
7,383,368,01-10,+25.0%,+81.79%,0.9089,160,✗ No,budget_exceeded
7,383,368,01-10,+25.0%,+81.78%,0.9089,160,✗ No,budget_exceeded
7,383,368,01-10,+25.0%,+81.75%,0.9087,161,✗ No,budget_exceeded
7,383,369,01-10,+25.0%,+81.72%,0.9086,161,✗ No,budget_exceeded
7,383,369,01-10,+25.0%,+81.55%,0.9077,163,✗ No,budget_exceeded
7,383,369,01-10,+25.0%,+81.52%,0.9076,163,✗ No,budget_exceeded
7,383,370,01-10,+25.0%,+81.43%,0.9072,164,✗ No,budget_exceeded
7,383,370,01-10,+25.0%,+81.41%,0.9071,164,✗ No,budget_exceeded
7,383,370,01-10,+25.0%,+81.37%,0.9068,164,✗ No,budget_exceeded
7,383,371,01-10,+25.0%,+81.34%,0.9067,164,✗ No,budget_exceeded
7,383,371,01-10,+25.0%,+81.23%,0.9061,165,✗ No,budget_exceeded
7,383,371,01-10,+25.0%,+81.21%,0.9061,165,✗ No,budget_exceeded
7,383,371,01-10,+25.0%,+81.19%,0.9060,165,✗ No,budget_exceeded
7,383,372,01-10,+25.0%,+81.06%,0.9053,166,✗ No,budget_exceeded
7,383,372,01-10,+25.0%,+81.01%,0.9051,166,✗ No,budget_exceeded
7,383,372,01-10,+25.0%,+80.99%,0.9049,166,✗ No,budget_exceeded
7,383,373,01-10,+25.0%,+80.89%,0.9045,167,✗ No,budget_exceeded
7,383,373,01-10,+25.0%,+80.84%,0.9042,169,✗ No,budget_exceeded
7,383,373,01-10,+25.0%,+80.71%,0.9035,171,✗ No,budget_exceeded
7,383,374,01-10,+25.0%,+80.68%,0.9034,171,✗ No,budget_exceeded
7,383,374,01-10,+25.0%,+80.64%,0.9032,171,✗ No,budget_exceeded
7,383,374,01-10,+25.0%,+80.62%,0.9031,171,✗ No,budget_exceeded
7,383,374,01-10,+25.0%,+80.53%,0.9026,172,✗ No,budget_exceeded
7,383,375,01-10,+25.0%,+80.44%,0.9022,173,✗ No,budget_exceeded
7,383,375,01-10,+25.0%,+80.35%,0.9017,174,✗ No,budget_exceeded
7,383,375,01-10,+25.0%,+80.33%,0.9016,174,✗ No,budget_exceeded
7,383,376,01-10,+25.0%,+80.29%,0.9015,174,✗ No,budget_exceeded
7,383,376,01-10,+25.0%,+80.17%,0.9008,177,✗ No,budget_exceeded
7,383,376,01-10,+25.0%,+80.12%,0.9006,177,✗ No,budget_exceeded
7,383,377,01-10,+25.0%,+80.04%,0.9002,177,✗ No,budget_exceeded
7,383,377,01-10,+25.0%,+79.95%,0.8998,178,✗ No,budget_exceeded
7,383,377,01-10,+25.0%,+79.92%,0.8996,178,✗ No,budget_exceeded
7,383,377,01-10,+25.0%,+79.89%,0.8995,178,✗ No,budget_exceeded
7,383,378,01-10,+25.0%,+79.76%,0.8988,179,✗ No,budget_exceeded
7,383,378,01-10,+25.0%,+79.73%,0.8986,180,✗ No,budget_exceeded
7,383,378,01-10,+25.0%,+79.72%,0.8986,180,✗ No,budget_exceeded
7,383,379,01-10,+25.0%,+79.70%,0.8985,180,✗ No,budget_exceeded
7,383,379,01-10,+25.0%,+79.68%,0.8984,180,✗ No,budget_exceeded
7,383,379,01-10,+25.0%,+79.58%,0.8979,182,✗ No,budget_exceeded
7,383,380,01-10,+25.0%,+79.54%,0.8977,183,✗ No,budget_exceeded
7,383,380,01-10,+25.0%,+79.52%,0.8976,183,✗ No,budget_exceeded
7,383,380,01-10,+25.0%,+79.49%,0.8975,184,✗ No,budget_exceeded
7,383,381,01-10,+25.0%,+79.37%,0.8968,186,✗ No,budget_exceeded
7,383,381,01-10,+25.0%,+79.31%,0.8966,187,✗ No,budget_exceeded
7,383,381,01-10,+25.0%,+79.30%,0.8965,188,✗ No,budget_exceeded
7,383,381,01-10,+25.0%,+79.27%,0.8963,189,✗ No,budget_exceeded
7,383,382,01-10,+25.0%,+79.16%,0.8958,191,✗ No,budget_exceeded
7,383,382,01-10,+25.0%,+79.12%,0.8956,194,✗ No,budget_exceeded
7,383,382,01-10,+25.0%,+79.10%,0.8955,202,✗ No,budget_exceeded
7,383,383,01-10,+25.0%,+79.07%,0.8953,211,✗ No,budget_exceeded
7,381,345,01-11,+25.0%,+85.41%,0.9271,122,✗ No,budget_exceeded
7,381,346,01-11,+25.0%,+85.27%,0.9263,124,✗ No,budget_exceeded
7,381,346,01-11,+25.0%,+85.26%,0.9263,124,✗ No,budget_exceeded
7,381,346,01-11,+25.0%,+85.25%,0.9263,124,✗ No,budget_exceeded
7,381,346,01-11,+25.0%,+85.24%,0.9262,124,✗ No,budget_exceeded
7,381,347,01-11,+25.0%,+85.23%,0.9261,124,✗ No,budget_exceeded
7,381,347,01-11,+25.0%,+85.22%,0.9261,124,✗ No,budget_exceeded
7,381,347,01-11,+25.0%,+85.21%,0.9261,124,✗ No,budget_exceeded
7,381,348,01-11,+25.0%,+85.19%,0.9260,124,✗ No,budget_exceeded
7,381,348,01-11,+25.0%,+85.18%,0.9259,124,✗ No,budget_exceeded
7,381,348,01-11,+25.0%,+85.10%,0.9255,125,✗ No,budget_exceeded
7,381,349,01-11,+25.0%,+85.06%,0.9253,126,✗ No,budget_exceeded
7,381,349,01-11,+25.0%,+85.02%,0.9251,127,✗ No,budget_exceeded
7,381,349,01-11,+25.0%,+85.01%,0.9251,127,✗ No,budget_exceeded
7,381,349,01-11,+25.0%,+85.00%,0.9250,127,✗ No,budget_exceeded
7,381,350,01-11,+25.0%,+84.91%,0.9245,128,✗ No,budget_exceeded
7,381,350,01-11,+25.0%,+84.89%,0.9245,128,✗ No,budget_exceeded
7,381,350,01-11,+25.0%,+84.89%,0.9244,128,✗ No,budget_exceeded
7,381,351,01-11,+25.0%,+84.84%,0.9242,129,✗ No,budget_exceeded
7,381,351,01-11,+25.0%,+84.83%,0.9241,129,✗ No,budget_exceeded
7,381,351,01-11,+25.0%,+84.73%,0.9237,130,✗ No,budget_exceeded
7,381,352,01-11,+25.0%,+84.73%,0.9236,130,✗ No,budget_exceeded
7,381,352,01-11,+25.0%,+84.69%,0.9234,131,✗ No,budget_exceeded
7,381,352,01-11,+25.0%,+84.68%,0.9234,131,✗ No,budget_exceeded
7,381,352,01-11,+25.0%,+84.67%,0.9233,131,✗ No,budget_exceeded
7,381,353,01-11,+25.0%,+84.54%,0.9227,133,✗ No,budget_exceeded
7,381,353,01-11,+25.0%,+84.53%,0.9226,133,✗ No,budget_exceeded
7,381,353,01-11,+25.0%,+84.52%,0.9226,133,✗ No,budget_exceeded
7,381,354,01-11,+25.0%,+84.51%,0.9225,133,✗ No,budget_exceeded
7,381,354,01-11,+25.0%,+84.49%,0.9225,133,✗ No,budget_exceeded
7,381,354,01-11,+25.0%,+84.47%,0.9223,133,✗ No,budget_exceeded
7,381,355,01-11,+25.0%,+84.36%,0.9218,135,✗ No,budget_exceeded
7,381,355,01-11,+25.0%,+84.34%,0.9217,135,✗ No,budget_exceeded
7,381,355,01-11,+25.0%,+84.29%,0.9215,136,✗ No,budget_exceeded
7,381,356,01-11,+25.0%,+84.16%,0.9208,138,✗ No,budget_exceeded
7,381,356,01-11,+25.0%,+84.11%,0.9205,138,✗ No,budget_exceeded
7,381,356,01-11,+25.0%,+84.00%,0.9200,140,✗ No,budget_exceeded
7,381,356,01-11,+25.0%,+83.99%,0.9199,140,✗ No,budget_exceeded
7,381,357,01-11,+25.0%,+83.95%,0.9198,141,✗ No,budget_exceeded
7,381,357,01-11,+25.0%,+83.81%,0.9191,144,✗ No,budget_exceeded
7,381,357,01-11,+25.0%,+83.80%,0.9190,144,✗ No,budget_exceeded
7,381,358,01-11,+25.0%,+83.76%,0.9188,145,✗ No,budget_exceeded
7,381,358,01-11,+25.0%,+83.75%,0.9188,145,✗ No,budget_exceeded
7,381,358,01-11,+25.0%,+83.61%,0.9180,147,✗ No,budget_exceeded
7,381,359,01-11,+25.0%,+83.60%,0.9180,147,✗ No,budget_exceeded
7,381,359,01-11,+25.0%,+83.58%,0.9179,147,✗ No,budget_exceeded
7,381,359,01-11,+25.0%,+83.57%,0.9179,147,✗ No,budget_exceeded
7,381,359,01-11,+25.0%,+83.55%,0.9178,147,✗ No,budget_exceeded
7,381,360,01-11,+25.0%,+83.53%,0.9176,147,✗ No,budget_exceeded
7,381,360,01-11,+25.0%,+83.42%,0.9171,148,✗ No,budget_exceeded
7,381,360,01-11,+25.0%,+83.36%,0.9168,148,✗ No,budget_exceeded
7,381,361,01-11,+25.0%,+83.26%,0.9163,149,✗ No,budget_exceeded
7,381,361,01-11,+25.0%,+83.25%,0.9162,149,✗ No,budget_exceeded
7,381,361,01-11,+25.0%,+83.20%,0.9160,149,✗ No,budget_exceeded
7,381,362,01-11,+25.0%,+83.20%,0.9160,149,✗ No,budget_exceeded
7,381,362,01-11,+25.0%,+83.18%,0.9159,149,✗ No,budget_exceeded
7,381,362,01-11,+25.0%,+83.08%,0.9154,150,✗ No,budget_exceeded
7,381,362,01-11,+25.0%,+83.06%,0.9153,150,✗ No,budget_exceeded
7,381,363,01-11,+25.0%,+83.01%,0.9151,150,✗ No,budget_exceeded
7,381,363,01-11,+25.0%,+82.99%,0.9150,151,✗ No,budget_exceeded
7,381,363,01-11,+25.0%,+82.90%,0.9145,152,✗ No,budget_exceeded
7,381,364,01-11,+25.0%,+82.88%,0.9144,152,✗ No,budget_exceeded
7,381,364,01-11,+25.0%,+82.87%,0.9144,152,✗ No,budget_exceeded
7,381,364,01-11,+25.0%,+82.79%,0.9140,152,✗ No,budget_exceeded
7,381,365,01-11,+25.0%,+82.67%,0.9134,154,✗ No,budget_exceeded
7,381,365,01-11,+25.0%,+82.65%,0.9133,154,✗ No,budget_exceeded
7,381,365,01-11,+25.0%,+82.64%,0.9132,154,✗ No,budget_exceeded
7,381,366,01-11,+25.0%,+82.63%,0.9131,154,✗ No,budget_exceeded
7,381,366,01-11,+25.0%,+82.51%,0.9126,155,✗ No,budget_exceeded
7,381,366,01-11,+25.0%,+82.47%,0.9124,155,✗ No,budget_exceeded
7,381,366,01-11,+25.0%,+82.31%,0.9116,157,✗ No,budget_exceeded
7,381,367,01-11,+25.0%,+82.18%,0.9109,158,✗ No,budget_exceeded
7,381,367,01-11,+25.0%,+82.15%,0.9107,158,✗ No,budget_exceeded
7,381,367,01-11,+25.0%,+82.13%,0.9106,158,✗ No,budget_exceeded
7,381,368,01-11,+25.0%,+81.93%,0.9096,161,✗ No,budget_exceeded
7,381,368,01-11,+25.0%,+81.91%,0.9095,161,✗ No,budget_exceeded
7,381,368,01-11,+25.0%,+81.90%,0.9095,161,✗ No,budget_exceeded
7,381,369,01-11,+25.0%,+81.77%,0.9089,163,✗ No,budget_exceeded
7,381,369,01-11,+25.0%,+81.74%,0.9087,164,✗ No,budget_exceeded
7,381,369,01-11,+25.0%,+81.60%,0.9080,165,✗ No,budget_exceeded
7,381,369,01-11,+25.0%,+81.58%,0.9079,165,✗ No,budget_exceeded
7,381,370,01-11,+25.0%,+81.56%,0.9078,165,✗ No,budget_exceeded
7,381,370,01-11,+25.0%,+81.45%,0.9072,166,✗ No,budget_exceeded
7,381,370,01-11,+25.0%,+81.42%,0.9071,166,✗ No,budget_exceeded
7,381,371,01-11,+25.0%,+81.39%,0.9070,166,✗ No,budget_exceeded
7,381,371,01-11,+25.0%,+81.26%,0.9063,167,✗ No,budget_exceeded
7,381,371,01-11,+25.0%,+81.25%,0.9062,167,✗ No,budget_exceeded
7,381,372,01-11,+25.0%,+81.20%,0.9060,167,✗ No,budget_exceeded
7,381,372,01-11,+25.0%,+81.10%,0.9055,167,✓ Yes,budget_exceeded
7,381,372,01-11,+25.0%,+81.06%,0.9053,168,✗ No,budget_exceeded
7,381,372,01-11,+25.0%,+81.04%,0.9052,168,✗ No,budget_exceeded
7,381,373,01-11,+25.0%,+80.91%,0.9045,171,✗ No,budget_exceeded
7,381,373,01-11,+25.0%,+80.88%,0.9044,171,✗ No,budget_exceeded
7,381,373,01-11,+25.0%,+80.83%,0.9042,172,✗ No,budget_exceeded
7,381,374,01-11,+25.0%,+80.74%,0.9037,173,✗ No,budget_exceeded
7,381,374,01-11,+25.0%,+80.70%,0.9035,173,✗ No,budget_exceeded
7,381,374,01-11,+25.0%,+80.66%,0.9033,173,✗ No,budget_exceeded
7,381,375,01-11,+25.0%,+80.62%,0.9031,173,✗ No,budget_exceeded
7,381,375,01-11,+25.0%,+80.51%,0.9025,175,✗ No,budget_exceeded
7,381,375,01-11,+25.0%,+80.47%,0.9024,175,✗ No,budget_exceeded
7,381,375,01-11,+25.0%,+80.45%,0.9023,175,✗ No,budget_exceeded
7,381,376,01-11,+25.0%,+80.30%,0.9015,178,✗ No,budget_exceeded
7,381,376,01-11,+25.0%,+80.28%,0.9014,178,✗ No,budget_exceeded
7,381,376,01-11,+25.0%,+80.25%,0.9012,178,✗ No,budget_exceeded
7,381,377,01-11,+25.0%,+80.12%,0.9006,181,✗ No,budget_exceeded
7,381,377,01-11,+25.0%,+80.09%,0.9004,181,✗ No,budget_exceeded
7,381,377,01-11,+25.0%,+79.96%,0.8998,182,✗ No,budget_exceeded
7,381,378,01-11,+25.0%,+79.90%,0.8995,182,✗ No,budget_exceeded
7,381,378,01-11,+25.0%,+79.89%,0.8995,182,✗ No,budget_exceeded
7,381,378,01-11,+25.0%,+79.86%,0.8993,183,✗ No,budget_exceeded
7,381,379,01-11,+25.0%,+79.78%,0.8989,184,✗ No,budget_exceeded
7,381,379,01-11,+25.0%,+79.74%,0.8987,184,✗ No,budget_exceeded
7,381,379,01-11,+25.0%,+79.72%,0.8986,185,✗ No,budget_exceeded
7,381,379,01-11,+25.0%,+79.70%,0.8985,185,✗ No,budget_exceeded
7,381,380,01-11,+25.0%,+79.67%,0.8983,188,✗ No,budget_exceeded
7,381,380,01-11,+25.0%,+79.57%,0.8978,194,✗ No,budget_exceeded
7,381,380,01-11,+25.0%,+79.53%,0.8976,203,✗ No,budget_exceeded
7,381,381,01-11,+25.0%,+79.50%,0.8975,210,✗ No,budget_exceeded
7,382,345,01-11,+25.0%,+85.23%,0.9262,123,✗ No,budget_exceeded
7,382,346,01-11,+25.0%,+85.08%,0.9254,125,✗ No,budget_exceeded
7,382,346,01-11,+25.0%,+85.07%,0.9253,125,✗ No,budget_exceeded
7,382,346,01-11,+25.0%,+85.06%,0.9253,125,✗ No,budget_exceeded
7,382,346,01-11,+25.0%,+85.05%,0.9253,125,✗ No,budget_exceeded
7,382,347,01-11,+25.0%,+85.04%,0.9252,125,✗ No,budget_exceeded
7,382,347,01-11,+25.0%,+85.03%,0.9252,125,✗ No,budget_exceeded
7,382,347,01-11,+25.0%,+85.02%,0.9251,125,✗ No,budget_exceeded
7,382,348,01-11,+25.0%,+85.01%,0.9250,125,✗ No,budget_exceeded
7,382,348,01-11,+25.0%,+85.00%,0.9250,125,✗ No,budget_exceeded
7,382,348,01-11,+25.0%,+84.90%,0.9245,126,✗ No,budget_exceeded
7,382,349,01-11,+25.0%,+84.87%,0.9244,127,✗ No,budget_exceeded
7,382,349,01-11,+25.0%,+84.83%,0.9241,128,✗ No,budget_exceeded
7,382,349,01-11,+25.0%,+84.82%,0.9241,128,✗ No,budget_exceeded
7,382,349,01-11,+25.0%,+84.81%,0.9240,128,✗ No,budget_exceeded
7,382,350,01-11,+25.0%,+84.72%,0.9236,129,✗ No,budget_exceeded
7,382,350,01-11,+25.0%,+84.70%,0.9235,129,✗ No,budget_exceeded
7,382,350,01-11,+25.0%,+84.69%,0.9235,129,✗ No,budget_exceeded
7,382,351,01-11,+25.0%,+84.65%,0.9233,130,✗ No,budget_exceeded
7,382,351,01-11,+25.0%,+84.64%,0.9232,130,✗ No,budget_exceeded
7,382,351,01-11,+25.0%,+84.53%,0.9227,131,✗ No,budget_exceeded
7,382,352,01-11,+25.0%,+84.53%,0.9226,131,✗ No,budget_exceeded
7,382,352,01-11,+25.0%,+84.49%,0.9224,132,✗ No,budget_exceeded
7,382,352,01-11,+25.0%,+84.48%,0.9224,132,✗ No,budget_exceeded
7,382,353,01-11,+25.0%,+84.35%,0.9218,134,✗ No,budget_exceeded
7,382,353,01-11,+25.0%,+84.34%,0.9217,134,✗ No,budget_exceeded
7,382,353,01-11,+25.0%,+84.33%,0.9216,134,✗ No,budget_exceeded
7,382,353,01-11,+25.0%,+84.31%,0.9216,134,✗ No,budget_exceeded
7,382,354,01-11,+25.0%,+84.31%,0.9215,134,✗ No,budget_exceeded
7,382,354,01-11,+25.0%,+84.28%,0.9214,134,✗ No,budget_exceeded
7,382,354,01-11,+25.0%,+84.26%,0.9213,134,✗ No,budget_exceeded
7,382,355,01-11,+25.0%,+84.17%,0.9208,136,✗ No,budget_exceeded
7,382,355,01-11,+25.0%,+84.15%,0.9208,136,✗ No,budget_exceeded
7,382,355,01-11,+25.0%,+84.10%,0.9205,137,✗ No,budget_exceeded
7,382,356,01-11,+25.0%,+84.08%,0.9204,137,✗ No,budget_exceeded
7,382,356,01-11,+25.0%,+83.95%,0.9198,138,✗ No,budget_exceeded
7,382,356,01-11,+25.0%,+83.92%,0.9196,139,✗ No,budget_exceeded
7,382,356,01-11,+25.0%,+83.91%,0.9195,139,✗ No,budget_exceeded
7,382,357,01-11,+25.0%,+83.81%,0.9190,141,✗ No,budget_exceeded
7,382,357,01-11,+25.0%,+83.73%,0.9187,143,✗ No,budget_exceeded
7,382,357,01-11,+25.0%,+83.72%,0.9186,143,✗ No,budget_exceeded
7,382,358,01-11,+25.0%,+83.61%,0.9180,145,✗ No,budget_exceeded
7,382,358,01-11,+25.0%,+83.60%,0.9180,145,✗ No,budget_exceeded
7,382,358,01-11,+25.0%,+83.44%,0.9172,147,✗ No,budget_exceeded
7,382,359,01-11,+25.0%,+83.43%,0.9172,147,✗ No,budget_exceeded
7,382,359,01-11,+25.0%,+83.42%,0.9171,147,✗ No,budget_exceeded
7,382,359,01-11,+25.0%,+83.41%,0.9171,147,✗ No,budget_exceeded
7,382,359,01-11,+25.0%,+83.39%,0.9170,147,✗ No,budget_exceeded
7,382,360,01-11,+25.0%,+83.36%,0.9168,147,✗ No,budget_exceeded
7,382,360,01-11,+25.0%,+83.25%,0.9163,148,✗ No,budget_exceeded
7,382,360,01-11,+25.0%,+83.19%,0.9160,148,✗ No,budget_exceeded
7,382,361,01-11,+25.0%,+83.17%,0.9159,148,✗ No,budget_exceeded
7,382,361,01-11,+25.0%,+83.16%,0.9158,148,✗ No,budget_exceeded
7,382,361,01-11,+25.0%,+83.05%,0.9153,149,✗ No,budget_exceeded
7,382,362,01-11,+25.0%,+83.05%,0.9152,149,✗ No,budget_exceeded
7,382,362,01-11,+25.0%,+83.03%,0.9152,149,✗ No,budget_exceeded
7,382,362,01-11,+25.0%,+83.00%,0.9150,149,✗ No,budget_exceeded
7,382,363,01-11,+25.0%,+82.88%,0.9144,150,✗ No,budget_exceeded
7,382,363,01-11,+25.0%,+82.86%,0.9143,150,✗ No,budget_exceeded
7,382,363,01-11,+25.0%,+82.84%,0.9142,151,✗ No,budget_exceeded
7,382,363,01-11,+25.0%,+82.82%,0.9141,151,✗ No,budget_exceeded
7,382,364,01-11,+25.0%,+82.80%,0.9140,151,✗ No,budget_exceeded
7,382,364,01-11,+25.0%,+82.70%,0.9135,152,✗ No,budget_exceeded
7,382,364,01-11,+25.0%,+82.63%,0.9132,152,✗ No,budget_exceeded
7,382,365,01-11,+25.0%,+82.51%,0.9126,154,✗ No,budget_exceeded
7,382,365,01-11,+25.0%,+82.50%,0.9125,154,✗ No,budget_exceeded
7,382,365,01-11,+25.0%,+82.48%,0.9124,154,✗ No,budget_exceeded
7,382,366,01-11,+25.0%,+82.31%,0.9116,155,✗ No,budget_exceeded
7,382,366,01-11,+25.0%,+82.29%,0.9115,155,✗ No,budget_exceeded
7,382,366,01-11,+25.0%,+82.14%,0.9107,156,✗ No,budget_exceeded
7,382,366,01-11,+25.0%,+82.11%,0.9106,157,✗ No,budget_exceeded
7,382,367,01-11,+25.0%,+82.08%,0.9104,157,✗ No,budget_exceeded
7,382,367,01-11,+25.0%,+81.98%,0.9099,158,✗ No,budget_exceeded
7,382,367,01-11,+25.0%,+81.96%,0.9098,158,✗ No,budget_exceeded
7,382,368,01-11,+25.0%,+81.77%,0.9088,161,✗ No,budget_exceeded
7,382,368,01-11,+25.0%,+81.75%,0.9087,161,✗ No,budget_exceeded
7,382,368,01-11,+25.0%,+81.64%,0.9082,163,✗ No,budget_exceeded
7,382,369,01-11,+25.0%,+81.61%,0.9081,163,✗ No,budget_exceeded
7,382,369,01-11,+25.0%,+81.58%,0.9079,164,✗ No,budget_exceeded
7,382,369,01-11,+25.0%,+81.44%,0.9072,165,✗ No,budget_exceeded
7,382,369,01-11,+25.0%,+81.41%,0.9071,165,✗ No,budget_exceeded
7,382,370,01-11,+25.0%,+81.37%,0.9069,165,✗ No,budget_exceeded
7,382,370,01-11,+25.0%,+81.26%,0.9063,166,✗ No,budget_exceeded
7,382,370,01-11,+25.0%,+81.24%,0.9062,166,✗ No,budget_exceeded
7,382,371,01-11,+25.0%,+81.21%,0.9060,166,✗ No,budget_exceeded
7,382,371,01-11,+25.0%,+81.08%,0.9054,167,✗ No,budget_exceeded
7,382,371,01-11,+25.0%,+81.06%,0.9053,167,✗ No,budget_exceeded
7,382,372,01-11,+25.0%,+81.03%,0.9051,167,✗ No,budget_exceeded
7,382,372,01-11,+25.0%,+81.01%,0.9051,167,✗ No,budget_exceeded
7,382,372,01-11,+25.0%,+80.90%,0.9045,168,✗ No,budget_exceeded
7,382,373,01-11,+25.0%,+80.86%,0.9043,168,✗ No,budget_exceeded
7,382,373,01-11,+25.0%,+80.81%,0.9041,170,✗ No,budget_exceeded
7,382,373,01-11,+25.0%,+80.72%,0.9036,171,✗ No,budget_exceeded
7,382,373,01-11,+25.0%,+80.68%,0.9034,172,✗ No,budget_exceeded
7,382,374,01-11,+25.0%,+80.65%,0.9032,172,✗ No,budget_exceeded
7,382,374,01-11,+25.0%,+80.53%,0.9026,173,✗ No,budget_exceeded
7,382,374,01-11,+25.0%,+80.50%,0.9025,173,✗ No,budget_exceeded
7,382,375,01-11,+25.0%,+80.47%,0.9023,173,✗ No,budget_exceeded
7,382,375,01-11,+25.0%,+80.36%,0.9018,175,✗ No,budget_exceeded
7,382,375,01-11,+25.0%,+80.33%,0.9016,175,✗ No,budget_exceeded
7,382,376,01-11,+25.0%,+80.27%,0.9014,175,✗ No,budget_exceeded
7,382,376,01-11,+25.0%,+80.14%,0.9007,178,✗ No,budget_exceeded
7,382,376,01-11,+25.0%,+80.12%,0.9006,178,✗ No,budget_exceeded
7,382,376,01-11,+25.0%,+80.09%,0.9005,178,✗ No,budget_exceeded
7,382,377,01-11,+25.0%,+79.92%,0.8996,179,✗ No,budget_exceeded
7,382,377,01-11,+25.0%,+79.89%,0.8995,179,✗ No,budget_exceeded
7,382,377,01-11,+25.0%,+79.86%,0.8993,179,✗ No,budget_exceeded
7,382,378,01-11,+25.0%,+79.75%,0.8987,180,✗ No,budget_exceeded
7,382,378,01-11,+25.0%,+79.74%,0.8987,180,✗ No,budget_exceeded
7,382,378,01-11,+25.0%,+79.69%,0.8985,181,✗ No,budget_exceeded
7,382,379,01-11,+25.0%,+79.67%,0.8984,181,✗ No,budget_exceeded
7,382,379,01-11,+25.0%,+79.65%,0.8983,181,✗ No,budget_exceeded
7,382,379,01-11,+25.0%,+79.58%,0.8979,183,✗ No,budget_exceeded
7,382,380,01-11,+25.0%,+79.56%,0.8978,183,✗ No,budget_exceeded
7,382,380,01-11,+25.0%,+79.50%,0.8975,184,✗ No,budget_exceeded
7,382,380,01-11,+25.0%,+79.48%,0.8974,185,✗ No,budget_exceeded
7,382,380,01-11,+25.0%,+79.38%,0.8969,187,✗ No,budget_exceeded
7,382,381,01-11,+25.0%,+79.35%,0.8967,188,✗ No,budget_exceeded
7,382,381,01-11,+25.0%,+79.29%,0.8965,192,✗ No,budget_exceeded
7,382,381,01-11,+25.0%,+79.27%,0.8963,195,✗ No,budget_exceeded
7,382,382,01-11,+25.0%,+79.16%,0.8958,213,✗ No,budget_exceeded
7,383,345,01-11,+25.0%,+85.20%,0.9260,123,✗ No,budget_exceeded
7,383,346,01-11,+25.0%,+85.05%,0.9253,125,✗ No,budget_exceeded
7,383,346,01-11,+25.0%,+85.04%,0.9252,125,✗ No,budget_exceeded
7,383,346,01-11,+25.0%,+85.04%,0.9252,125,✗ No,budget_exceeded
7,383,346,01-11,+25.0%,+85.03%,0.9251,125,✗ No,budget_exceeded
7,383,347,01-11,+25.0%,+85.01%,0.9251,125,✗ No,budget_exceeded
7,383,347,01-11,+25.0%,+85.00%,0.9250,125,✗ No,budget_exceeded
7,383,347,01-11,+25.0%,+85.00%,0.9250,125,✗ No,budget_exceeded
7,383,348,01-11,+25.0%,+84.91%,0.9245,126,✗ No,budget_exceeded
7,383,348,01-11,+25.0%,+84.90%,0.9245,126,✗ No,budget_exceeded
7,383,348,01-11,+25.0%,+84.88%,0.9244,126,✗ No,budget_exceeded
7,383,349,01-11,+25.0%,+84.84%,0.9242,127,✗ No,budget_exceeded
7,383,349,01-11,+25.0%,+84.80%,0.9240,128,✗ No,budget_exceeded
7,383,349,01-11,+25.0%,+84.73%,0.9236,129,✗ No,budget_exceeded
7,383,349,01-11,+25.0%,+84.71%,0.9236,129,✗ No,budget_exceeded
7,383,350,01-11,+25.0%,+84.69%,0.9235,129,✗ No,budget_exceeded
7,383,350,01-11,+25.0%,+84.67%,0.9234,129,✗ No,budget_exceeded
7,383,350,01-11,+25.0%,+84.66%,0.9233,129,✗ No,budget_exceeded
7,383,351,01-11,+25.0%,+84.62%,0.9231,130,✗ No,budget_exceeded
7,383,351,01-11,+25.0%,+84.53%,0.9227,131,✗ No,budget_exceeded
7,383,351,01-11,+25.0%,+84.50%,0.9225,131,✗ No,budget_exceeded
7,383,352,01-11,+25.0%,+84.50%,0.9225,131,✗ No,budget_exceeded
7,383,352,01-11,+25.0%,+84.46%,0.9223,132,✗ No,budget_exceeded
7,383,352,01-11,+25.0%,+84.45%,0.9223,132,✗ No,budget_exceeded
7,383,352,01-11,+25.0%,+84.36%,0.9218,133,✗ No,budget_exceeded
7,383,353,01-11,+25.0%,+84.31%,0.9215,134,✗ No,budget_exceeded
7,383,353,01-11,+25.0%,+84.29%,0.9215,134,✗ No,budget_exceeded
7,383,353,01-11,+25.0%,+84.28%,0.9214,134,✗ No,budget_exceeded
7,383,354,01-11,+25.0%,+84.27%,0.9214,134,✗ No,budget_exceeded
7,383,354,01-11,+25.0%,+84.26%,0.9213,134,✗ No,budget_exceeded
7,383,354,01-11,+25.0%,+84.17%,0.9208,135,✗ No,budget_exceeded
7,383,355,01-11,+25.0%,+84.13%,0.9207,136,✗ No,budget_exceeded
7,383,355,01-11,+25.0%,+84.12%,0.9206,136,✗ No,budget_exceeded
7,383,355,01-11,+25.0%,+84.07%,0.9203,137,✗ No,budget_exceeded
7,383,355,01-11,+25.0%,+83.98%,0.9199,138,✗ No,budget_exceeded
7,383,356,01-11,+25.0%,+83.92%,0.9196,138,✗ No,budget_exceeded
7,383,356,01-11,+25.0%,+83.88%,0.9194,139,✗ No,budget_exceeded
7,383,356,01-11,+25.0%,+83.81%,0.9190,140,✗ No,budget_exceeded
7,383,357,01-11,+25.0%,+83.78%,0.9189,141,✗ No,budget_exceeded
7,383,357,01-11,+25.0%,+83.74%,0.9187,142,✗ No,budget_exceeded
7,383,357,01-11,+25.0%,+83.61%,0.9181,144,✗ No,budget_exceeded
7,383,358,01-11,+25.0%,+83.58%,0.9179,145,✗ No,budget_exceeded
7,383,358,01-11,+25.0%,+83.57%,0.9178,145,✗ No,budget_exceeded
7,383,358,01-11,+25.0%,+83.41%,0.9171,147,✗ No,budget_exceeded
7,383,359,01-11,+25.0%,+83.40%,0.9170,147,✗ No,budget_exceeded
7,383,359,01-11,+25.0%,+83.39%,0.9169,147,✗ No,budget_exceeded
7,383,359,01-11,+25.0%,+83.38%,0.9169,147,✗ No,budget_exceeded
7,383,359,01-11,+25.0%,+83.36%,0.9168,147,✗ No,budget_exceeded
7,383,360,01-11,+25.0%,+83.26%,0.9163,148,✗ No,budget_exceeded
7,383,360,01-11,+25.0%,+83.22%,0.9161,148,✗ No,budget_exceeded
7,383,360,01-11,+25.0%,+83.16%,0.9158,148,✗ No,budget_exceeded
7,383,361,01-11,+25.0%,+83.07%,0.9153,149,✗ No,budget_exceeded
7,383,361,01-11,+25.0%,+83.06%,0.9153,149,✗ No,budget_exceeded
7,383,361,01-11,+25.0%,+83.03%,0.9152,149,✗ No,budget_exceeded
7,383,362,01-11,+25.0%,+83.01%,0.9150,149,✗ No,budget_exceeded
7,383,362,01-11,+25.0%,+83.00%,0.9150,149,✗ No,budget_exceeded
7,383,362,01-11,+25.0%,+82.89%,0.9144,150,✗ No,budget_exceeded
7,383,362,01-11,+25.0%,+82.87%,0.9144,150,✗ No,budget_exceeded
7,383,363,01-11,+25.0%,+82.84%,0.9142,150,✗ No,budget_exceeded
7,383,363,01-11,+25.0%,+82.80%,0.9140,151,✗ No,budget_exceeded
7,383,363,01-11,+25.0%,+82.71%,0.9135,152,✗ No,budget_exceeded
7,383,364,01-11,+25.0%,+82.69%,0.9135,152,✗ No,budget_exceeded
7,383,364,01-11,+25.0%,+82.68%,0.9134,152,✗ No,budget_exceeded
7,383,364,01-11,+25.0%,+82.66%,0.9133,152,✗ No,budget_exceeded
7,383,365,01-11,+25.0%,+82.47%,0.9124,154,✗ No,budget_exceeded
7,383,365,01-11,+25.0%,+82.32%,0.9116,155,✗ No,budget_exceeded
7,383,365,01-11,+25.0%,+82.31%,0.9115,155,✗ No,budget_exceeded
7,383,365,01-11,+25.0%,+82.29%,0.9115,155,✗ No,budget_exceeded
7,383,366,01-11,+25.0%,+82.15%,0.9108,156,✗ No,budget_exceeded
7,383,366,01-11,+25.0%,+82.09%,0.9104,156,✗ No,budget_exceeded
7,383,366,01-11,+25.0%,+81.98%,0.9099,158,✗ No,budget_exceeded
7,383,367,01-11,+25.0%,+81.96%,0.9098,158,✗ No,budget_exceeded
7,383,367,01-11,+25.0%,+81.95%,0.9098,158,✗ No,budget_exceeded
7,383,367,01-11,+25.0%,+81.93%,0.9097,158,✗ No,budget_exceeded
7,383,368,01-11,+25.0%,+81.72%,0.9086,161,✗ No,budget_exceeded
7,383,368,01-11,+25.0%,+81.63%,0.9081,162,✗ No,budget_exceeded
7,383,368,01-11,+25.0%,+81.62%,0.9081,162,✗ No,budget_exceeded
7,383,368,01-11,+25.0%,+81.59%,0.9080,163,✗ No,budget_exceeded
7,383,369,01-11,+25.0%,+81.56%,0.9078,163,✗ No,budget_exceeded
7,383,369,01-11,+25.0%,+81.39%,0.9069,165,✗ No,budget_exceeded
7,383,369,01-11,+25.0%,+81.36%,0.9068,165,✗ No,budget_exceeded
7,383,370,01-11,+25.0%,+81.26%,0.9063,166,✗ No,budget_exceeded
7,383,370,01-11,+25.0%,+81.23%,0.9062,166,✗ No,budget_exceeded
7,383,370,01-11,+25.0%,+81.19%,0.9059,166,✗ No,budget_exceeded
7,383,371,01-11,+25.0%,+81.08%,0.9054,167,✗ No,budget_exceeded
7,383,371,01-11,+25.0%,+81.04%,0.9052,167,✗ No,budget_exceeded
7,383,371,01-11,+25.0%,+81.03%,0.9051,167,✗ No,budget_exceeded
7,383,371,01-11,+25.0%,+81.01%,0.9050,167,✗ No,budget_exceeded
7,383,372,01-11,+25.0%,+80.90%,0.9045,168,✗ No,budget_exceeded
7,383,372,01-11,+25.0%,+80.85%,0.9042,168,✗ No,budget_exceeded
7,383,372,01-11,+25.0%,+80.83%,0.9041,168,✗ No,budget_exceeded
7,383,373,01-11,+25.0%,+80.81%,0.9040,168,✗ No,budget_exceeded
7,383,373,01-11,+25.0%,+80.69%,0.9035,171,✗ No,budget_exceeded
7,383,373,01-11,+25.0%,+80.62%,0.9031,172,✗ No,budget_exceeded
7,383,374,01-11,+25.0%,+80.53%,0.9026,173,✗ No,budget_exceeded
7,383,374,01-11,+25.0%,+80.49%,0.9025,173,✗ No,budget_exceeded
7,383,374,01-11,+25.0%,+80.47%,0.9024,173,✗ No,budget_exceeded
7,383,374,01-11,+25.0%,+80.45%,0.9022,173,✗ No,budget_exceeded
7,383,375,01-11,+25.0%,+80.30%,0.9015,175,✗ No,budget_exceeded
7,383,375,01-11,+25.0%,+80.27%,0.9013,175,✗ No,budget_exceeded
7,383,375,01-11,+25.0%,+80.25%,0.9012,175,✗ No,budget_exceeded
7,383,376,01-11,+25.0%,+80.15%,0.9007,176,✗ No,budget_exceeded
7,383,376,01-11,+25.0%,+80.08%,0.9004,178,✗ No,budget_exceeded
7,383,376,01-11,+25.0%,+79.97%,0.8998,179,✗ No,budget_exceeded
7,383,377,01-11,+25.0%,+79.88%,0.8994,179,✗ No,budget_exceeded
7,383,377,01-11,+25.0%,+79.87%,0.8993,179,✗ No,budget_exceeded
7,383,377,01-11,+25.0%,+79.77%,0.8988,180,✗ No,budget_exceeded
7,383,377,01-11,+25.0%,+79.74%,0.8987,180,✗ No,budget_exceeded
7,383,378,01-11,+25.0%,+79.68%,0.8984,180,✗ No,budget_exceeded
7,383,378,01-11,+25.0%,+79.58%,0.8979,182,✗ No,budget_exceeded
7,383,378,01-11,+25.0%,+79.57%,0.8979,182,✗ No,budget_exceeded
7,383,379,01-11,+25.0%,+79.55%,0.8978,182,✗ No,budget_exceeded
7,383,379,01-11,+25.0%,+79.53%,0.8977,182,✗ No,budget_exceeded
7,383,379,01-11,+25.0%,+79.50%,0.8975,183,✗ No,budget_exceeded
7,383,380,01-11,+25.0%,+79.46%,0.8973,184,✗ No,budget_exceeded
7,383,380,01-11,+25.0%,+79.38%,0.8969,185,✗ No,budget_exceeded
7,383,380,01-11,+25.0%,+79.35%,0.8967,186,✗ No,budget_exceeded
7,383,381,01-11,+25.0%,+79.28%,0.8964,187,✗ No,budget_exceeded
7,383,381,01-11,+25.0%,+79.17%,0.8958,189,✗ No,budget_exceeded
7,383,381,01-11,+25.0%,+79.15%,0.8957,190,✗ No,budget_exceeded
7,383,381,01-11,+25.0%,+79.12%,0.8956,191,✗ No,budget_exceeded
7,383,382,01-11,+25.0%,+79.07%,0.8954,192,✗ No,budget_exceeded
7,383,382,01-11,+25.0%,+78.98%,0.8949,196,✗ No,budget_exceeded
7,383,382,01-11,+25.0%,+78.95%,0.8948,204,✗ No,budget_exceeded
7,383,383,01-11,+25.0%,+78.92%,0.8946,213,✗ No,budget_exceeded
8,381,346,01-10,+25.0%,+85.21%,0.9261,123,✗ No,budget_exceeded
8,381,346,01-10,+25.0%,+85.20%,0.9260,123,✗ No,budget_exceeded
8,381,347,01-10,+25.0%,+85.19%,0.9259,123,✗ No,budget_exceeded
8,381,347,01-10,+25.0%,+85.19%,0.9259,123,✗ No,budget_exceeded
8,381,347,01-10,+25.0%,+85.18%,0.9259,123,✗ No,budget_exceeded
8,381,348,01-10,+25.0%,+85.10%,0.9255,124,✗ No,budget_exceeded
8,381,348,01-10,+25.0%,+85.09%,0.9254,124,✗ No,budget_exceeded
8,381,348,01-10,+25.0%,+85.07%,0.9253,124,✗ No,budget_exceeded
8,381,348,01-10,+25.0%,+85.05%,0.9253,124,✗ No,budget_exceeded
8,381,349,01-10,+25.0%,+84.98%,0.9249,126,✗ No,budget_exceeded
8,381,349,01-10,+25.0%,+84.98%,0.9249,126,✗ No,budget_exceeded
8,381,349,01-10,+25.0%,+84.90%,0.9245,127,✗ No,budget_exceeded
8,381,350,01-10,+25.0%,+84.88%,0.9244,127,✗ No,budget_exceeded
8,381,350,01-10,+25.0%,+84.88%,0.9244,127,✗ No,budget_exceeded
8,381,350,01-10,+25.0%,+84.85%,0.9243,127,✗ No,budget_exceeded
8,381,351,01-10,+25.0%,+84.81%,0.9241,128,✗ No,budget_exceeded
8,381,351,01-10,+25.0%,+84.73%,0.9237,129,✗ No,budget_exceeded
8,381,351,01-10,+25.0%,+84.71%,0.9236,129,✗ No,budget_exceeded
8,381,351,01-10,+25.0%,+84.70%,0.9235,129,✗ No,budget_exceeded
8,381,352,01-10,+25.0%,+84.66%,0.9233,130,✗ No,budget_exceeded
8,381,352,01-10,+25.0%,+84.65%,0.9232,130,✗ No,budget_exceeded
8,381,352,01-10,+25.0%,+84.64%,0.9232,130,✗ No,budget_exceeded
8,381,353,01-10,+25.0%,+84.53%,0.9227,132,✗ No,budget_exceeded
8,381,353,01-10,+25.0%,+84.52%,0.9226,132,✗ No,budget_exceeded
8,381,353,01-10,+25.0%,+84.49%,0.9225,132,✗ No,budget_exceeded
8,381,354,01-10,+25.0%,+84.49%,0.9224,132,✗ No,budget_exceeded
8,381,354,01-10,+25.0%,+84.47%,0.9223,132,✗ No,budget_exceeded
8,381,354,01-10,+25.0%,+84.46%,0.9223,132,✗ No,budget_exceeded
8,381,355,01-10,+25.0%,+84.34%,0.9217,134,✗ No,budget_exceeded
8,381,355,01-10,+25.0%,+84.32%,0.9216,134,✗ No,budget_exceeded
8,381,355,01-10,+25.0%,+84.27%,0.9214,135,✗ No,budget_exceeded
8,381,355,01-10,+25.0%,+84.26%,0.9213,135,✗ No,budget_exceeded
8,381,356,01-10,+25.0%,+84.17%,0.9209,136,✗ No,budget_exceeded
8,381,356,01-10,+25.0%,+84.08%,0.9204,137,✗ No,budget_exceeded
8,381,356,01-10,+25.0%,+84.08%,0.9204,137,✗ No,budget_exceeded
8,381,357,01-10,+25.0%,+83.98%,0.9199,139,✗ No,budget_exceeded
8,381,357,01-10,+25.0%,+83.94%,0.9197,140,✗ No,budget_exceeded
8,381,357,01-10,+25.0%,+83.90%,0.9195,141,✗ No,budget_exceeded
8,381,358,01-10,+25.0%,+83.77%,0.9189,143,✗ No,budget_exceeded
8,381,358,01-10,+25.0%,+83.77%,0.9188,143,✗ No,budget_exceeded
8,381,358,01-10,+25.0%,+83.69%,0.9185,144,✗ No,budget_exceeded
8,381,358,01-10,+25.0%,+83.62%,0.9181,145,✗ No,budget_exceeded
8,381,359,01-10,+25.0%,+83.61%,0.9181,145,✗ No,budget_exceeded
8,381,359,01-10,+25.0%,+83.59%,0.9179,145,✗ No,budget_exceeded
8,381,359,01-10,+25.0%,+83.57%,0.9178,145,✗ No,budget_exceeded
8,381,360,01-10,+25.0%,+83.55%,0.9177,145,✗ No,budget_exceeded
8,381,360,01-10,+25.0%,+83.54%,0.9177,145,✗ No,budget_exceeded
8,381,360,01-10,+25.0%,+83.38%,0.9169,146,✗ No,budget_exceeded
8,381,361,01-10,+25.0%,+83.36%,0.9168,146,✗ No,budget_exceeded
8,381,361,01-10,+25.0%,+83.35%,0.9168,146,✗ No,budget_exceeded
8,381,361,01-10,+25.0%,+83.33%,0.9166,146,✗ No,budget_exceeded
8,381,361,01-10,+25.0%,+83.23%,0.9162,147,✗ No,budget_exceeded
8,381,362,01-10,+25.0%,+83.21%,0.9161,147,✗ No,budget_exceeded
8,381,362,01-10,+25.0%,+83.18%,0.9159,147,✗ No,budget_exceeded
8,381,362,01-10,+25.0%,+83.16%,0.9158,147,✗ No,budget_exceeded
8,381,363,01-10,+25.0%,+83.05%,0.9153,148,✗ No,budget_exceeded
8,381,363,01-10,+25.0%,+83.03%,0.9152,148,✗ No,budget_exceeded
8,381,363,01-10,+25.0%,+82.99%,0.9150,149,✗ No,budget_exceeded
8,381,364,01-10,+25.0%,+82.98%,0.9149,149,✗ No,budget_exceeded
8,381,364,01-10,+25.0%,+82.89%,0.9145,149,✓ Yes,budget_exceeded
8,381,364,01-10,+25.0%,+82.88%,0.9144,150,✗ No,budget_exceeded
8,381,364,01-10,+25.0%,+82.81%,0.9141,150,✗ No,budget_exceeded
8,381,365,01-10,+25.0%,+82.67%,0.9134,152,✗ No,budget_exceeded
8,381,365,01-10,+25.0%,+82.66%,0.9133,152,✗ No,budget_exceeded
8,381,365,01-10,+25.0%,+82.65%,0.9132,152,✗ No,budget_exceeded
8,381,366,01-10,+25.0%,+82.63%,0.9131,152,✗ No,budget_exceeded
8,381,366,01-10,+25.0%,+82.61%,0.9131,152,✗ No,budget_exceeded
8,381,366,01-10,+25.0%,+82.47%,0.9123,154,✗ No,budget_exceeded
8,381,367,01-10,+25.0%,+82.45%,0.9123,154,✗ No,budget_exceeded
8,381,367,01-10,+25.0%,+82.44%,0.9122,154,✗ No,budget_exceeded
8,381,367,01-10,+25.0%,+82.42%,0.9121,154,✗ No,budget_exceeded
8,381,368,01-10,+25.0%,+81.95%,0.9098,159,✗ No,budget_exceeded
8,381,368,01-10,+25.0%,+81.93%,0.9097,159,✗ No,budget_exceeded
8,381,368,01-10,+25.0%,+81.93%,0.9096,159,✗ No,budget_exceeded
8,381,368,01-10,+25.0%,+81.90%,0.9095,160,✗ No,budget_exceeded
8,381,369,01-10,+25.0%,+81.79%,0.9089,161,✗ No,budget_exceeded
8,381,369,01-10,+25.0%,+81.61%,0.9081,163,✗ No,budget_exceeded
8,381,369,01-10,+25.0%,+81.59%,0.9080,163,✗ No,budget_exceeded
8,381,370,01-10,+25.0%,+81.57%,0.9079,163,✗ No,budget_exceeded
8,381,370,01-10,+25.0%,+81.55%,0.9077,163,✗ No,budget_exceeded
8,381,370,01-10,+25.0%,+81.53%,0.9077,163,✗ No,budget_exceeded
8,381,371,01-10,+25.0%,+81.40%,0.9070,164,✗ No,budget_exceeded
8,381,371,01-10,+25.0%,+81.36%,0.9068,164,✗ No,budget_exceeded
8,381,371,01-10,+25.0%,+81.35%,0.9067,164,✗ No,budget_exceeded
8,381,371,01-10,+25.0%,+81.26%,0.9063,165,✗ No,budget_exceeded
8,381,372,01-10,+25.0%,+81.23%,0.9061,165,✗ No,budget_exceeded
8,381,372,01-10,+25.0%,+81.17%,0.9058,165,✗ No,budget_exceeded
8,381,372,01-10,+25.0%,+81.05%,0.9053,166,✗ No,budget_exceeded
8,381,373,01-10,+25.0%,+81.04%,0.9052,166,✗ No,budget_exceeded
8,381,373,01-10,+25.0%,+80.99%,0.9050,168,✗ No,budget_exceeded
8,381,373,01-10,+25.0%,+80.84%,0.9042,170,✗ No,budget_exceeded
8,381,374,01-10,+25.0%,+80.81%,0.9041,170,✗ No,budget_exceeded
8,381,374,01-10,+25.0%,+80.71%,0.9036,171,✗ No,budget_exceeded
8,381,374,01-10,+25.0%,+80.69%,0.9035,171,✗ No,budget_exceeded
8,381,374,01-10,+25.0%,+80.66%,0.9033,171,✗ No,budget_exceeded
8,381,375,01-10,+25.0%,+80.52%,0.9026,173,✗ No,budget_exceeded
8,381,375,01-10,+25.0%,+80.49%,0.9024,173,✗ No,budget_exceeded
8,381,375,01-10,+25.0%,+80.47%,0.9023,173,✗ No,budget_exceeded
8,381,376,01-10,+25.0%,+80.43%,0.9022,173,✗ No,budget_exceeded
8,381,376,01-10,+25.0%,+80.31%,0.9015,176,✗ No,budget_exceeded
8,381,376,01-10,+25.0%,+80.26%,0.9013,176,✗ No,budget_exceeded
8,381,377,01-10,+25.0%,+80.11%,0.9006,177,✗ No,budget_exceeded
8,381,377,01-10,+25.0%,+80.09%,0.9005,177,✗ No,budget_exceeded
8,381,377,01-10,+25.0%,+80.06%,0.9003,177,✗ No,budget_exceeded
8,381,378,01-10,+25.0%,+79.97%,0.8998,178,✗ No,budget_exceeded
8,381,378,01-10,+25.0%,+79.91%,0.8995,178,✗ No,budget_exceeded
8,381,378,01-10,+25.0%,+79.87%,0.8994,179,✗ No,budget_exceeded
8,381,378,01-10,+25.0%,+79.86%,0.8993,179,✗ No,budget_exceeded
8,381,379,01-10,+25.0%,+79.78%,0.8989,180,✗ No,budget_exceeded
8,381,379,01-10,+25.0%,+79.74%,0.8987,181,✗ No,budget_exceeded
8,381,379,01-10,+25.0%,+79.72%,0.8986,181,✗ No,budget_exceeded
8,381,380,01-10,+25.0%,+79.69%,0.8984,182,✗ No,budget_exceeded
8,381,380,01-10,+25.0%,+79.67%,0.8983,183,✗ No,budget_exceeded
8,381,380,01-10,+25.0%,+79.58%,0.8979,185,✗ No,budget_exceeded
8,381,381,01-10,+25.0%,+79.51%,0.8976,189,✗ No,budget_exceeded
8,381,381,01-10,+25.0%,+79.48%,0.8974,194,✗ No,budget_exceeded
8,381,381,01-10,+25.0%,+79.46%,0.8973,197,✗ No,budget_exceeded
8,381,381,01-10,+25.0%,+79.37%,0.8969,207,✗ No,budget_exceeded
8,382,346,01-10,+25.0%,+85.18%,0.9259,123,✗ No,budget_exceeded
8,382,346,01-10,+25.0%,+85.17%,0.9258,123,✗ No,budget_exceeded
8,382,347,01-10,+25.0%,+85.10%,0.9255,124,✗ No,budget_exceeded
8,382,347,01-10,+25.0%,+85.09%,0.9255,124,✗ No,budget_exceeded
8,382,347,01-10,+25.0%,+85.09%,0.9254,124,✗ No,budget_exceeded
8,382,348,01-10,+25.0%,+85.06%,0.9253,124,✗ No,budget_exceeded
8,382,348,01-10,+25.0%,+85.05%,0.9253,124,✗ No,budget_exceeded
8,382,348,01-10,+25.0%,+85.03%,0.9252,124,✗ No,budget_exceeded
8,382,348,01-10,+25.0%,+85.02%,0.9251,124,✗ No,budget_exceeded
8,382,349,01-10,+25.0%,+84.89%,0.9244,127,✗ No,budget_exceeded
8,382,349,01-10,+25.0%,+84.88%,0.9244,127,✗ No,budget_exceeded
8,382,349,01-10,+25.0%,+84.86%,0.9243,127,✗ No,budget_exceeded
8,382,350,01-10,+25.0%,+84.85%,0.9242,127,✗ No,budget_exceeded
8,382,350,01-10,+25.0%,+84.84%,0.9242,127,✗ No,budget_exceeded
8,382,350,01-10,+25.0%,+84.82%,0.9241,127,✗ No,budget_exceeded
8,382,351,01-10,+25.0%,+84.71%,0.9236,129,✗ No,budget_exceeded
8,382,351,01-10,+25.0%,+84.70%,0.9235,129,✗ No,budget_exceeded
8,382,351,01-10,+25.0%,+84.68%,0.9234,129,✗ No,budget_exceeded
8,382,352,01-10,+25.0%,+84.67%,0.9233,129,✗ No,budget_exceeded
8,382,352,01-10,+25.0%,+84.62%,0.9231,130,✗ No,budget_exceeded
8,382,352,01-10,+25.0%,+84.61%,0.9231,130,✗ No,budget_exceeded
8,382,352,01-10,+25.0%,+84.53%,0.9227,131,✗ No,budget_exceeded
8,382,353,01-10,+25.0%,+84.50%,0.9225,132,✗ No,budget_exceeded
8,382,353,01-10,+25.0%,+84.47%,0.9223,132,✗ No,budget_exceeded
8,382,353,01-10,+25.0%,+84.46%,0.9223,132,✗ No,budget_exceeded
8,382,354,01-10,+25.0%,+84.45%,0.9223,132,✗ No,budget_exceeded
8,382,354,01-10,+25.0%,+84.43%,0.9222,132,✗ No,budget_exceeded
8,382,354,01-10,+25.0%,+84.34%,0.9217,133,✗ No,budget_exceeded
8,382,355,01-10,+25.0%,+84.30%,0.9215,134,✗ No,budget_exceeded
8,382,355,01-10,+25.0%,+84.29%,0.9214,134,✗ No,budget_exceeded
8,382,355,01-10,+25.0%,+84.16%,0.9208,136,✗ No,budget_exceeded
8,382,355,01-10,+25.0%,+84.15%,0.9207,136,✗ No,budget_exceeded
8,382,356,01-10,+25.0%,+84.13%,0.9207,136,✗ No,budget_exceeded
8,382,356,01-10,+25.0%,+83.98%,0.9199,138,✗ No,budget_exceeded
8,382,356,01-10,+25.0%,+83.97%,0.9199,138,✗ No,budget_exceeded
8,382,357,01-10,+25.0%,+83.94%,0.9197,139,✗ No,budget_exceeded
8,382,357,01-10,+25.0%,+83.90%,0.9195,140,✗ No,budget_exceeded
8,382,357,01-10,+25.0%,+83.77%,0.9189,142,✗ No,budget_exceeded
8,382,358,01-10,+25.0%,+83.74%,0.9187,143,✗ No,budget_exceeded
8,382,358,01-10,+25.0%,+83.73%,0.9186,143,✗ No,budget_exceeded
8,382,358,01-10,+25.0%,+83.59%,0.9179,145,✗ No,budget_exceeded
8,382,358,01-10,+25.0%,+83.58%,0.9179,145,✗ No,budget_exceeded
8,382,359,01-10,+25.0%,+83.56%,0.9178,145,✗ No,budget_exceeded
8,382,359,01-10,+25.0%,+83.55%,0.9177,145,✗ No,budget_exceeded
8,382,359,01-10,+25.0%,+83.53%,0.9176,145,✗ No,budget_exceeded
8,382,360,01-10,+25.0%,+83.51%,0.9175,145,✗ No,budget_exceeded
8,382,360,01-10,+25.0%,+83.43%,0.9171,146,✗ No,budget_exceeded
8,382,360,01-10,+25.0%,+83.34%,0.9167,146,✗ No,budget_exceeded
8,382,361,01-10,+25.0%,+83.24%,0.9162,147,✗ No,budget_exceeded
8,382,361,01-10,+25.0%,+83.23%,0.9162,147,✗ No,budget_exceeded
8,382,361,01-10,+25.0%,+83.21%,0.9160,147,✗ No,budget_exceeded
8,382,362,01-10,+25.0%,+83.19%,0.9159,147,✗ No,budget_exceeded
8,382,362,01-10,+25.0%,+83.17%,0.9159,147,✗ No,budget_exceeded
8,382,362,01-10,+25.0%,+83.06%,0.9153,148,✗ No,budget_exceeded
8,382,362,01-10,+25.0%,+83.04%,0.9152,148,✗ No,budget_exceeded
8,382,363,01-10,+25.0%,+83.01%,0.9151,148,✗ No,budget_exceeded
8,382,363,01-10,+25.0%,+82.97%,0.9148,149,✗ No,budget_exceeded
8,382,363,01-10,+25.0%,+82.88%,0.9144,150,✗ No,budget_exceeded
8,382,364,01-10,+25.0%,+82.86%,0.9143,150,✗ No,budget_exceeded
8,382,364,01-10,+25.0%,+82.85%,0.9143,150,✗ No,budget_exceeded
8,382,364,01-10,+25.0%,+82.84%,0.9142,150,✗ No,budget_exceeded
8,382,365,01-10,+25.0%,+82.64%,0.9132,152,✗ No,budget_exceeded
8,382,365,01-10,+25.0%,+82.62%,0.9131,152,✗ No,budget_exceeded
8,382,365,01-10,+25.0%,+82.61%,0.9131,152,✗ No,budget_exceeded
8,382,365,01-10,+25.0%,+82.60%,0.9130,152,✗ No,budget_exceeded
8,382,366,01-10,+25.0%,+82.50%,0.9125,153,✗ No,budget_exceeded
8,382,366,01-10,+25.0%,+82.44%,0.9122,153,✗ No,budget_exceeded
8,382,366,01-10,+25.0%,+82.42%,0.9121,154,✗ No,budget_exceeded
8,382,367,01-10,+25.0%,+82.32%,0.9116,155,✗ No,budget_exceeded
8,382,367,01-10,+25.0%,+82.31%,0.9116,155,✗ No,budget_exceeded
8,382,367,01-10,+25.0%,+82.27%,0.9114,155,✗ No,budget_exceeded
8,382,368,01-10,+25.0%,+81.90%,0.9095,159,✗ No,budget_exceeded
8,382,368,01-10,+25.0%,+81.80%,0.9090,159,✓ Yes,budget_exceeded
8,382,368,01-10,+25.0%,+81.79%,0.9090,160,✗ No,budget_exceeded
8,382,368,01-10,+25.0%,+81.76%,0.9088,161,✗ No,budget_exceeded
8,382,369,01-10,+25.0%,+81.63%,0.9081,163,✗ No,budget_exceeded
8,382,369,01-10,+25.0%,+81.56%,0.9078,163,✗ No,budget_exceeded
8,382,369,01-10,+25.0%,+81.53%,0.9077,163,✗ No,budget_exceeded
8,382,370,01-10,+25.0%,+81.44%,0.9072,164,✗ No,budget_exceeded
8,382,370,01-10,+25.0%,+81.42%,0.9071,164,✗ No,budget_exceeded
8,382,370,01-10,+25.0%,+81.38%,0.9069,164,✗ No,budget_exceeded
8,382,371,01-10,+25.0%,+81.35%,0.9067,164,✗ No,budget_exceeded
8,382,371,01-10,+25.0%,+81.24%,0.9062,165,✗ No,budget_exceeded
8,382,371,01-10,+25.0%,+81.22%,0.9061,165,✗ No,budget_exceeded
8,382,372,01-10,+25.0%,+81.17%,0.9059,165,✗ No,budget_exceeded
8,382,372,01-10,+25.0%,+81.07%,0.9053,166,✗ No,budget_exceeded
8,382,372,01-10,+25.0%,+81.02%,0.9051,166,✗ No,budget_exceeded
8,382,372,01-10,+25.0%,+81.00%,0.9050,166,✗ No,budget_exceeded
8,382,373,01-10,+25.0%,+80.90%,0.9045,167,✗ No,budget_exceeded
8,382,373,01-10,+25.0%,+80.83%,0.9042,169,✗ No,budget_exceeded
8,382,373,01-10,+25.0%,+80.72%,0.9036,171,✗ No,budget_exceeded
8,382,374,01-10,+25.0%,+80.69%,0.9034,171,✗ No,budget_exceeded
8,382,374,01-10,+25.0%,+80.65%,0.9033,171,✗ No,budget_exceeded
8,382,374,01-10,+25.0%,+80.63%,0.9032,171,✗ No,budget_exceeded
8,382,375,01-10,+25.0%,+80.51%,0.9025,172,✗ No,budget_exceeded
8,382,375,01-10,+25.0%,+80.45%,0.9023,173,✗ No,budget_exceeded
8,382,375,01-10,+25.0%,+80.36%,0.9018,174,✗ No,budget_exceeded
8,382,375,01-10,+25.0%,+80.34%,0.9017,174,✗ No,budget_exceeded
8,382,376,01-10,+25.0%,+80.24%,0.9012,176,✗ No,budget_exceeded
8,382,376,01-10,+25.0%,+80.16%,0.9008,177,✗ No,budget_exceeded
8,382,376,01-10,+25.0%,+80.13%,0.9007,177,✗ No,budget_exceeded
8,382,377,01-10,+25.0%,+80.05%,0.9002,177,✗ No,budget_exceeded
8,382,377,01-10,+25.0%,+79.97%,0.8998,178,✗ No,budget_exceeded
8,382,377,01-10,+25.0%,+79.90%,0.8995,178,✗ No,budget_exceeded
8,382,378,01-10,+25.0%,+79.85%,0.8993,178,✗ No,budget_exceeded
8,382,378,01-10,+25.0%,+79.77%,0.8989,179,✗ No,budget_exceeded
8,382,378,01-10,+25.0%,+79.74%,0.8987,180,✗ No,budget_exceeded
8,382,378,01-10,+25.0%,+79.73%,0.8987,180,✗ No,budget_exceeded
8,382,379,01-10,+25.0%,+79.69%,0.8984,180,✗ No,budget_exceeded
8,382,379,01-10,+25.0%,+79.67%,0.8984,181,✗ No,budget_exceeded
8,382,379,01-10,+25.0%,+79.65%,0.8983,181,✗ No,budget_exceeded
8,382,380,01-10,+25.0%,+79.55%,0.8978,183,✗ No,budget_exceeded
8,382,380,01-10,+25.0%,+79.53%,0.8977,183,✗ No,budget_exceeded
8,382,380,01-10,+25.0%,+79.47%,0.8973,184,✗ No,budget_exceeded
8,382,381,01-10,+25.0%,+79.38%,0.8969,186,✗ No,budget_exceeded
8,382,381,01-10,+25.0%,+79.34%,0.8967,187,✗ No,budget_exceeded
8,382,381,01-10,+25.0%,+79.32%,0.8966,188,✗ No,budget_exceeded
8,382,382,01-10,+25.0%,+79.17%,0.8959,192,✗ No,budget_exceeded
8,382,382,01-10,+25.0%,+79.15%,0.8957,193,✗ No,budget_exceeded
8,382,382,01-10,+25.0%,+79.14%,0.8957,196,✗ No,budget_exceeded
8,382,382,01-10,+25.0%,+79.12%,0.8956,208,✗ No,budget_exceeded
8,381,346,01-11,+25.0%,+85.08%,0.9254,125,✗ No,budget_exceeded
8,381,346,01-11,+25.0%,+85.07%,0.9253,125,✗ No,budget_exceeded
8,381,347,01-11,+25.0%,+85.05%,0.9253,125,✗ No,budget_exceeded
8,381,347,01-11,+25.0%,+85.05%,0.9253,125,✗ No,budget_exceeded
8,381,347,01-11,+25.0%,+85.04%,0.9252,125,✗ No,budget_exceeded
8,381,348,01-11,+25.0%,+85.02%,0.9251,125,✗ No,budget_exceeded
8,381,348,01-11,+25.0%,+85.01%,0.9250,125,✗ No,budget_exceeded
8,381,348,01-11,+25.0%,+84.99%,0.9250,125,✗ No,budget_exceeded
8,381,348,01-11,+25.0%,+84.91%,0.9246,126,✗ No,budget_exceeded
8,381,349,01-11,+25.0%,+84.84%,0.9242,128,✗ No,budget_exceeded
8,381,349,01-11,+25.0%,+84.84%,0.9242,128,✗ No,budget_exceeded
8,381,349,01-11,+25.0%,+84.82%,0.9241,128,✗ No,budget_exceeded
8,381,350,01-11,+25.0%,+84.81%,0.9240,128,✗ No,budget_exceeded
8,381,350,01-11,+25.0%,+84.73%,0.9237,129,✗ No,budget_exceeded
8,381,350,01-11,+25.0%,+84.71%,0.9235,129,✗ No,budget_exceeded
8,381,351,01-11,+25.0%,+84.67%,0.9233,130,✗ No,budget_exceeded
8,381,351,01-11,+25.0%,+84.65%,0.9233,130,✗ No,budget_exceeded
8,381,351,01-11,+25.0%,+84.63%,0.9232,130,✗ No,budget_exceeded
8,381,351,01-11,+25.0%,+84.62%,0.9231,130,✗ No,budget_exceeded
8,381,352,01-11,+25.0%,+84.50%,0.9225,132,✗ No,budget_exceeded
8,381,352,01-11,+25.0%,+84.49%,0.9225,132,✗ No,budget_exceeded
8,381,352,01-11,+25.0%,+84.48%,0.9224,132,✗ No,budget_exceeded
8,381,353,01-11,+25.0%,+84.37%,0.9218,134,✗ No,budget_exceeded
8,381,353,01-11,+25.0%,+84.35%,0.9218,134,✗ No,budget_exceeded
8,381,353,01-11,+25.0%,+84.33%,0.9216,134,✗ No,budget_exceeded
8,381,354,01-11,+25.0%,+84.32%,0.9216,134,✗ No,budget_exceeded
8,381,354,01-11,+25.0%,+84.30%,0.9215,134,✗ No,budget_exceeded
8,381,354,01-11,+25.0%,+84.29%,0.9214,134,✗ No,budget_exceeded
8,381,355,01-11,+25.0%,+84.18%,0.9209,136,✗ No,budget_exceeded
8,381,355,01-11,+25.0%,+84.16%,0.9208,136,✗ No,budget_exceeded
8,381,355,01-11,+25.0%,+84.11%,0.9206,137,✗ No,budget_exceeded
8,381,355,01-11,+25.0%,+84.10%,0.9205,137,✗ No,budget_exceeded
8,381,356,01-11,+25.0%,+84.09%,0.9205,137,✗ No,budget_exceeded
8,381,356,01-11,+25.0%,+83.93%,0.9196,139,✗ No,budget_exceeded
8,381,356,01-11,+25.0%,+83.92%,0.9196,139,✗ No,budget_exceeded
8,381,357,01-11,+25.0%,+83.89%,0.9194,140,✗ No,budget_exceeded
8,381,357,01-11,+25.0%,+83.78%,0.9189,142,✗ No,budget_exceeded
8,381,357,01-11,+25.0%,+83.74%,0.9187,143,✗ No,budget_exceeded
8,381,358,01-11,+25.0%,+83.62%,0.9181,145,✗ No,budget_exceeded
8,381,358,01-11,+25.0%,+83.61%,0.9181,145,✗ No,budget_exceeded
8,381,358,01-11,+25.0%,+83.54%,0.9177,146,✗ No,budget_exceeded
8,381,358,01-11,+25.0%,+83.53%,0.9177,146,✗ No,budget_exceeded
8,381,359,01-11,+25.0%,+83.53%,0.9176,146,✗ No,budget_exceeded
8,381,359,01-11,+25.0%,+83.43%,0.9171,147,✗ No,budget_exceeded
8,381,359,01-11,+25.0%,+83.41%,0.9170,147,✗ No,budget_exceeded
8,381,360,01-11,+25.0%,+83.38%,0.9169,147,✗ No,budget_exceeded
8,381,360,01-11,+25.0%,+83.37%,0.9169,147,✗ No,budget_exceeded
8,381,360,01-11,+25.0%,+83.21%,0.9160,148,✗ No,budget_exceeded
8,381,361,01-11,+25.0%,+83.19%,0.9159,148,✗ No,budget_exceeded
8,381,361,01-11,+25.0%,+83.18%,0.9159,148,✗ No,budget_exceeded
8,381,361,01-11,+25.0%,+83.09%,0.9154,149,✗ No,budget_exceeded
8,381,361,01-11,+25.0%,+83.07%,0.9153,149,✗ No,budget_exceeded
8,381,362,01-11,+25.0%,+83.05%,0.9152,149,✗ No,budget_exceeded
8,381,362,01-11,+25.0%,+83.01%,0.9151,149,✗ No,budget_exceeded
8,381,362,01-11,+25.0%,+83.00%,0.9150,149,✗ No,budget_exceeded
8,381,363,01-11,+25.0%,+82.89%,0.9145,150,✗ No,budget_exceeded
8,381,363,01-11,+25.0%,+82.88%,0.9144,150,✗ No,budget_exceeded
8,381,363,01-11,+25.0%,+82.83%,0.9142,151,✗ No,budget_exceeded
8,381,364,01-11,+25.0%,+82.82%,0.9141,151,✗ No,budget_exceeded
8,381,364,01-11,+25.0%,+82.80%,0.9140,151,✗ No,budget_exceeded
8,381,364,01-11,+25.0%,+82.79%,0.9139,151,✗ No,budget_exceeded
8,381,364,01-11,+25.0%,+82.65%,0.9133,152,✗ No,budget_exceeded
8,381,365,01-11,+25.0%,+82.51%,0.9126,154,✗ No,budget_exceeded
8,381,365,01-11,+25.0%,+82.50%,0.9125,154,✗ No,budget_exceeded
8,381,365,01-11,+25.0%,+82.49%,0.9124,154,✗ No,budget_exceeded
8,381,366,01-11,+25.0%,+82.33%,0.9117,154,✓ Yes,budget_exceeded
8,381,366,01-11,+25.0%,+82.31%,0.9116,155,✗ No,budget_exceeded
8,381,366,01-11,+25.0%,+82.13%,0.9106,157,✗ No,budget_exceeded
8,381,367,01-11,+25.0%,+82.11%,0.9105,157,✗ No,budget_exceeded
8,381,367,01-11,+25.0%,+82.10%,0.9105,157,✗ No,budget_exceeded
8,381,367,01-11,+25.0%,+82.08%,0.9104,157,✗ No,budget_exceeded
8,381,368,01-11,+25.0%,+81.78%,0.9089,161,✗ No,budget_exceeded
8,381,368,01-11,+25.0%,+81.77%,0.9088,161,✗ No,budget_exceeded
8,381,368,01-11,+25.0%,+81.76%,0.9088,161,✗ No,budget_exceeded
8,381,368,01-11,+25.0%,+81.73%,0.9086,162,✗ No,budget_exceeded
8,381,369,01-11,+25.0%,+81.63%,0.9082,163,✗ No,budget_exceeded
8,381,369,01-11,+25.0%,+81.45%,0.9073,165,✗ No,budget_exceeded
8,381,369,01-11,+25.0%,+81.43%,0.9072,165,✗ No,budget_exceeded
8,381,370,01-11,+25.0%,+81.41%,0.9071,165,✗ No,budget_exceeded
8,381,370,01-11,+25.0%,+81.39%,0.9069,165,✗ No,budget_exceeded
8,381,370,01-11,+25.0%,+81.37%,0.9069,165,✗ No,budget_exceeded
8,381,371,01-11,+25.0%,+81.22%,0.9061,166,✗ No,budget_exceeded
8,381,371,01-11,+25.0%,+81.19%,0.9059,166,✗ No,budget_exceeded
8,381,371,01-11,+25.0%,+81.09%,0.9055,167,✗ No,budget_exceeded
8,381,371,01-11,+25.0%,+81.07%,0.9054,167,✗ No,budget_exceeded
8,381,372,01-11,+25.0%,+81.05%,0.9052,167,✗ No,budget_exceeded
8,381,372,01-11,+25.0%,+80.91%,0.9046,168,✗ No,budget_exceeded
8,381,372,01-11,+25.0%,+80.89%,0.9045,168,✗ No,budget_exceeded
8,381,373,01-11,+25.0%,+80.87%,0.9044,168,✗ No,budget_exceeded
8,381,373,01-11,+25.0%,+80.83%,0.9041,170,✗ No,budget_exceeded
8,381,373,01-11,+25.0%,+80.69%,0.9035,172,✗ No,budget_exceeded
8,381,374,01-11,+25.0%,+80.66%,0.9033,172,✗ No,budget_exceeded
8,381,374,01-11,+25.0%,+80.63%,0.9031,172,✗ No,budget_exceeded
8,381,374,01-11,+25.0%,+80.55%,0.9027,173,✗ No,budget_exceeded
8,381,374,01-11,+25.0%,+80.52%,0.9026,173,✗ No,budget_exceeded
8,381,375,01-11,+25.0%,+80.44%,0.9022,174,✗ No,budget_exceeded
8,381,375,01-11,+25.0%,+80.35%,0.9017,175,✗ No,budget_exceeded
8,381,375,01-11,+25.0%,+80.32%,0.9016,175,✗ No,budget_exceeded
8,381,376,01-11,+25.0%,+80.29%,0.9014,175,✗ No,budget_exceeded
8,381,376,01-11,+25.0%,+80.16%,0.9008,178,✗ No,budget_exceeded
8,381,376,01-11,+25.0%,+80.11%,0.9006,178,✗ No,budget_exceeded
8,381,377,01-11,+25.0%,+79.96%,0.8998,179,✗ No,budget_exceeded
8,381,377,01-11,+25.0%,+79.94%,0.8997,179,✗ No,budget_exceeded
8,381,377,01-11,+25.0%,+79.91%,0.8996,179,✗ No,budget_exceeded
8,381,378,01-11,+25.0%,+79.88%,0.8994,179,✗ No,budget_exceeded
8,381,378,01-11,+25.0%,+79.76%,0.8988,180,✗ No,budget_exceeded
8,381,378,01-11,+25.0%,+79.72%,0.8986,181,✗ No,budget_exceeded
8,381,378,01-11,+25.0%,+79.71%,0.8986,181,✗ No,budget_exceeded
8,381,379,01-11,+25.0%,+79.69%,0.8985,181,✗ No,budget_exceeded
8,381,379,01-11,+25.0%,+79.66%,0.8983,182,✗ No,budget_exceeded
8,381,379,01-11,+25.0%,+79.58%,0.8979,183,✗ No,budget_exceeded
8,381,380,01-11,+25.0%,+79.54%,0.8977,184,✗ No,budget_exceeded
8,381,380,01-11,+25.0%,+79.52%,0.8976,185,✗ No,budget_exceeded
8,381,380,01-11,+25.0%,+79.50%,0.8975,186,✗ No,budget_exceeded
8,381,381,01-11,+25.0%,+79.37%,0.8969,191,✗ No,budget_exceeded
8,381,381,01-11,+25.0%,+79.34%,0.8967,196,✗ No,budget_exceeded
8,381,381,01-11,+25.0%,+79.32%,0.8966,199,✗ No,budget_exceeded
8,381,381,01-11,+25.0%,+79.29%,0.8964,208,✗ No,budget_exceeded
8,382,346,01-11,+25.0%,+85.04%,0.9252,125,✗ No,budget_exceeded
8,382,346,01-11,+25.0%,+85.03%,0.9252,125,✗ No,budget_exceeded
8,382,347,01-11,+25.0%,+85.02%,0.9251,125,✗ No,budget_exceeded
8,382,347,01-11,+25.0%,+85.02%,0.9251,125,✗ No,budget_exceeded
8,382,347,01-11,+25.0%,+85.01%,0.9250,125,✗ No,budget_exceeded
8,382,348,01-11,+25.0%,+84.92%,0.9246,126,✗ No,budget_exceeded
8,382,348,01-11,+25.0%,+84.91%,0.9245,126,✗ No,budget_exceeded
8,382,348,01-11,+25.0%,+84.89%,0.9245,126,✗ No,budget_exceeded
8,382,348,01-11,+25.0%,+84.88%,0.9244,126,✗ No,budget_exceeded
8,382,349,01-11,+25.0%,+84.81%,0.9240,128,✗ No,budget_exceeded
8,382,349,01-11,+25.0%,+84.80%,0.9240,128,✗ No,budget_exceeded
8,382,349,01-11,+25.0%,+84.72%,0.9236,129,✗ No,budget_exceeded
8,382,350,01-11,+25.0%,+84.70%,0.9235,129,✗ No,budget_exceeded
8,382,350,01-11,+25.0%,+84.69%,0.9235,129,✗ No,budget_exceeded
8,382,350,01-11,+25.0%,+84.67%,0.9234,129,✗ No,budget_exceeded
8,382,351,01-11,+25.0%,+84.63%,0.9231,130,✗ No,budget_exceeded
8,382,351,01-11,+25.0%,+84.61%,0.9231,130,✗ No,budget_exceeded
8,382,351,01-11,+25.0%,+84.52%,0.9226,131,✗ No,budget_exceeded
8,382,352,01-11,+25.0%,+84.51%,0.9225,131,✗ No,budget_exceeded
8,382,352,01-11,+25.0%,+84.47%,0.9223,132,✗ No,budget_exceeded
8,382,352,01-11,+25.0%,+84.46%,0.9223,132,✗ No,budget_exceeded
8,382,352,01-11,+25.0%,+84.36%,0.9218,133,✗ No,budget_exceeded
8,382,353,01-11,+25.0%,+84.33%,0.9216,134,✗ No,budget_exceeded
8,382,353,01-11,+25.0%,+84.30%,0.9215,134,✗ No,budget_exceeded
8,382,353,01-11,+25.0%,+84.29%,0.9214,134,✗ No,budget_exceeded
8,382,354,01-11,+25.0%,+84.28%,0.9214,134,✗ No,budget_exceeded
8,382,354,01-11,+25.0%,+84.26%,0.9213,134,✗ No,budget_exceeded
8,382,354,01-11,+25.0%,+84.19%,0.9209,135,✗ No,budget_exceeded
8,382,355,01-11,+25.0%,+84.14%,0.9207,136,✗ No,budget_exceeded
8,382,355,01-11,+25.0%,+84.13%,0.9206,136,✗ No,budget_exceeded
8,382,355,01-11,+25.0%,+84.08%,0.9204,137,✗ No,budget_exceeded
8,382,355,01-11,+25.0%,+83.99%,0.9200,138,✗ No,budget_exceeded
8,382,356,01-11,+25.0%,+83.98%,0.9199,138,✗ No,budget_exceeded
8,382,356,01-11,+25.0%,+83.89%,0.9195,139,✗ No,budget_exceeded
8,382,356,01-11,+25.0%,+83.88%,0.9194,139,✗ No,budget_exceeded
8,382,357,01-11,+25.0%,+83.78%,0.9189,141,✗ No,budget_exceeded
8,382,357,01-11,+25.0%,+83.75%,0.9187,142,✗ No,budget_exceeded
8,382,357,01-11,+25.0%,+83.62%,0.9181,144,✗ No,budget_exceeded
8,382,358,01-11,+25.0%,+83.58%,0.9179,145,✗ No,budget_exceeded
8,382,358,01-11,+25.0%,+83.58%,0.9179,145,✗ No,budget_exceeded
8,382,358,01-11,+25.0%,+83.42%,0.9171,147,✗ No,budget_exceeded
8,382,358,01-11,+25.0%,+83.41%,0.9171,147,✗ No,budget_exceeded
8,382,359,01-11,+25.0%,+83.39%,0.9170,147,✗ No,budget_exceeded
8,382,359,01-11,+25.0%,+83.39%,0.9169,147,✗ No,budget_exceeded
8,382,359,01-11,+25.0%,+83.37%,0.9168,147,✗ No,budget_exceeded
8,382,360,01-11,+25.0%,+83.34%,0.9167,147,✗ No,budget_exceeded
8,382,360,01-11,+25.0%,+83.25%,0.9163,148,✗ No,budget_exceeded
8,382,360,01-11,+25.0%,+83.17%,0.9158,148,✗ No,budget_exceeded
8,382,361,01-11,+25.0%,+83.08%,0.9154,149,✗ No,budget_exceeded
8,382,361,01-11,+25.0%,+83.07%,0.9153,149,✗ No,budget_exceeded
8,382,361,01-11,+25.0%,+83.04%,0.9152,149,✗ No,budget_exceeded
8,382,362,01-11,+25.0%,+83.02%,0.9151,149,✗ No,budget_exceeded
8,382,362,01-11,+25.0%,+83.01%,0.9150,149,✗ No,budget_exceeded
8,382,362,01-11,+25.0%,+82.90%,0.9145,150,✗ No,budget_exceeded
8,382,362,01-11,+25.0%,+82.88%,0.9144,150,✗ No,budget_exceeded
8,382,363,01-11,+25.0%,+82.85%,0.9143,150,✗ No,budget_exceeded
8,382,363,01-11,+25.0%,+82.81%,0.9140,151,✗ No,budget_exceeded
8,382,363,01-11,+25.0%,+82.79%,0.9139,151,✗ No,budget_exceeded
8,382,364,01-11,+25.0%,+82.70%,0.9135,152,✗ No,budget_exceeded
8,382,364,01-11,+25.0%,+82.69%,0.9134,152,✗ No,budget_exceeded
8,382,364,01-11,+25.0%,+82.67%,0.9134,152,✗ No,budget_exceeded
8,382,365,01-11,+25.0%,+82.48%,0.9124,154,✗ No,budget_exceeded
8,382,365,01-11,+25.0%,+82.33%,0.9116,155,✗ No,budget_exceeded
8,382,365,01-11,+25.0%,+82.32%,0.9116,155,✗ No,budget_exceeded
8,382,365,01-11,+25.0%,+82.30%,0.9115,155,✗ No,budget_exceeded
8,382,366,01-11,+25.0%,+82.16%,0.9108,156,✗ No,budget_exceeded
8,382,366,01-11,+25.0%,+82.10%,0.9105,156,✗ No,budget_exceeded
8,382,366,01-11,+25.0%,+81.99%,0.9100,158,✗ No,budget_exceeded
8,382,367,01-11,+25.0%,+81.97%,0.9099,158,✗ No,budget_exceeded
8,382,367,01-11,+25.0%,+81.96%,0.9098,158,✗ No,budget_exceeded
8,382,367,01-11,+25.0%,+81.92%,0.9096,158,✗ No,budget_exceeded
8,382,368,01-11,+25.0%,+81.73%,0.9086,161,✗ No,budget_exceeded
8,382,368,01-11,+25.0%,+81.64%,0.9082,162,✗ No,budget_exceeded
8,382,368,01-11,+25.0%,+81.63%,0.9082,162,✗ No,budget_exceeded
8,382,368,01-11,+25.0%,+81.60%,0.9080,163,✗ No,budget_exceeded
8,382,369,01-11,+25.0%,+81.54%,0.9077,164,✗ No,budget_exceeded
8,382,369,01-11,+25.0%,+81.40%,0.9070,165,✗ No,budget_exceeded
8,382,369,01-11,+25.0%,+81.38%,0.9069,165,✗ No,budget_exceeded
8,382,370,01-11,+25.0%,+81.36%,0.9068,165,✗ No,budget_exceeded
8,382,370,01-11,+25.0%,+81.24%,0.9062,166,✗ No,budget_exceeded
8,382,370,01-11,+25.0%,+81.20%,0.9060,166,✗ No,budget_exceeded
8,382,371,01-11,+25.0%,+81.09%,0.9055,167,✗ No,budget_exceeded
8,382,371,01-11,+25.0%,+81.05%,0.9053,167,✗ No,budget_exceeded
8,382,371,01-11,+25.0%,+81.04%,0.9052,167,✗ No,budget_exceeded
8,382,372,01-11,+25.0%,+80.92%,0.9046,168,✗ No,budget_exceeded
8,382,372,01-11,+25.0%,+80.91%,0.9045,168,✗ No,budget_exceeded
8,382,372,01-11,+25.0%,+80.86%,0.9043,168,✗ No,budget_exceeded
8,382,372,01-11,+25.0%,+80.84%,0.9042,168,✗ No,budget_exceeded
8,382,373,01-11,+25.0%,+80.82%,0.9041,168,✗ No,budget_exceeded
8,382,373,01-11,+25.0%,+80.68%,0.9034,171,✗ No,budget_exceeded
8,382,373,01-11,+25.0%,+80.63%,0.9032,172,✗ No,budget_exceeded
8,382,374,01-11,+25.0%,+80.54%,0.9027,173,✗ No,budget_exceeded
8,382,374,01-11,+25.0%,+80.50%,0.9025,173,✗ No,budget_exceeded
8,382,374,01-11,+25.0%,+80.49%,0.9024,173,✗ No,budget_exceeded
8,382,375,01-11,+25.0%,+80.37%,0.9018,174,✗ No,budget_exceeded
8,382,375,01-11,+25.0%,+80.31%,0.9016,175,✗ No,budget_exceeded
8,382,375,01-11,+25.0%,+80.28%,0.9014,175,✗ No,budget_exceeded
8,382,375,01-11,+25.0%,+80.26%,0.9013,175,✗ No,budget_exceeded
8,382,376,01-11,+25.0%,+80.10%,0.9005,178,✗ No,budget_exceeded
8,382,376,01-11,+25.0%,+80.08%,0.9004,178,✗ No,budget_exceeded
8,382,376,01-11,+25.0%,+80.05%,0.9002,178,✗ No,budget_exceeded
8,382,377,01-11,+25.0%,+79.90%,0.8995,179,✗ No,budget_exceeded
8,382,377,01-11,+25.0%,+79.88%,0.8994,179,✗ No,budget_exceeded
8,382,377,01-11,+25.0%,+79.75%,0.8988,180,✗ No,budget_exceeded
8,382,378,01-11,+25.0%,+79.70%,0.8985,180,✗ No,budget_exceeded
8,382,378,01-11,+25.0%,+79.69%,0.8984,180,✗ No,budget_exceeded
8,382,378,01-11,+25.0%,+79.66%,0.8983,181,✗ No,budget_exceeded
8,382,378,01-11,+25.0%,+79.65%,0.8982,181,✗ No,budget_exceeded
8,382,379,01-11,+25.0%,+79.55%,0.8977,182,✗ No,budget_exceeded
8,382,379,01-11,+25.0%,+79.53%,0.8976,183,✗ No,budget_exceeded
8,382,379,01-11,+25.0%,+79.51%,0.8975,183,✗ No,budget_exceeded
8,382,380,01-11,+25.0%,+79.47%,0.8974,184,✗ No,budget_exceeded
8,382,380,01-11,+25.0%,+79.45%,0.8973,184,✗ No,budget_exceeded
8,382,380,01-11,+25.0%,+79.32%,0.8966,186,✗ No,budget_exceeded
8,382,381,01-11,+25.0%,+79.30%,0.8965,187,✗ No,budget_exceeded
8,382,381,01-11,+25.0%,+79.25%,0.8963,188,✗ No,budget_exceeded
8,382,381,01-11,+25.0%,+79.17%,0.8959,190,✗ No,budget_exceeded
8,382,382,01-11,+25.0%,+79.09%,0.8954,193,✗ No,budget_exceeded
8,382,382,01-11,+25.0%,+79.06%,0.8953,194,✗ No,budget_exceeded
8,382,382,01-11,+25.0%,+79.05%,0.8953,197,✗ No,budget_exceeded
8,382,382,01-11,+25.0%,+78.97%,0.8948,210,✗ No,budget_exceeded
9,382,346,01-10,+25.0%,+85.18%,0.9259,123,✗ No,budget_exceeded
9,382,347,01-10,+25.0%,+85.17%,0.9258,123,✗ No,budget_exceeded
9,382,347,01-10,+25.0%,+85.10%,0.9255,124,✗ No,budget_exceeded
9,382,347,01-10,+25.0%,+85.09%,0.9255,124,✗ No,budget_exceeded
9,382,348,01-10,+25.0%,+85.07%,0.9254,124,✗ No,budget_exceeded
9,382,348,01-10,+25.0%,+85.06%,0.9253,124,✗ No,budget_exceeded
9,382,348,01-10,+25.0%,+85.05%,0.9252,124,✗ No,budget_exceeded
9,382,349,01-10,+25.0%,+85.01%,0.9250,125,✗ No,budget_exceeded
9,382,349,01-10,+25.0%,+84.90%,0.9245,127,✗ No,budget_exceeded
9,382,349,01-10,+25.0%,+84.89%,0.9245,127,✗ No,budget_exceeded
9,382,349,01-10,+25.0%,+84.88%,0.9244,127,✗ No,budget_exceeded
9,382,350,01-10,+25.0%,+84.86%,0.9243,127,✗ No,budget_exceeded
9,382,350,01-10,+25.0%,+84.84%,0.9242,127,✗ No,budget_exceeded
9,382,350,01-10,+25.0%,+84.83%,0.9242,127,✗ No,budget_exceeded
9,382,351,01-10,+25.0%,+84.72%,0.9236,129,✗ No,budget_exceeded
9,382,351,01-10,+25.0%,+84.71%,0.9235,129,✗ No,budget_exceeded
9,382,351,01-10,+25.0%,+84.69%,0.9234,129,✗ No,budget_exceeded
9,382,352,01-10,+25.0%,+84.68%,0.9234,129,✗ No,budget_exceeded
9,382,352,01-10,+25.0%,+84.64%,0.9232,130,✗ No,budget_exceeded
9,382,352,01-10,+25.0%,+84.63%,0.9231,130,✗ No,budget_exceeded
9,382,352,01-10,+25.0%,+84.61%,0.9231,130,✗ No,budget_exceeded
9,382,353,01-10,+25.0%,+84.50%,0.9225,132,✗ No,budget_exceeded
9,382,353,01-10,+25.0%,+84.48%,0.9224,132,✗ No,budget_exceeded
9,382,353,01-10,+25.0%,+84.47%,0.9224,132,✗ No,budget_exceeded
9,382,354,01-10,+25.0%,+84.46%,0.9223,132,✗ No,budget_exceeded
9,382,354,01-10,+25.0%,+84.45%,0.9222,132,✗ No,budget_exceeded
9,382,354,01-10,+25.0%,+84.35%,0.9217,133,✗ No,budget_exceeded
9,382,355,01-10,+25.0%,+84.32%,0.9216,134,✗ No,budget_exceeded
9,382,355,01-10,+25.0%,+84.30%,0.9215,134,✗ No,budget_exceeded
9,382,355,01-10,+25.0%,+84.17%,0.9209,136,✗ No,budget_exceeded
9,382,355,01-10,+25.0%,+84.16%,0.9208,136,✗ No,budget_exceeded
9,382,356,01-10,+25.0%,+84.10%,0.9205,136,✗ No,budget_exceeded
9,382,356,01-10,+25.0%,+84.06%,0.9203,137,✗ No,budget_exceeded
9,382,356,01-10,+25.0%,+83.99%,0.9199,138,✗ No,budget_exceeded
9,382,357,01-10,+25.0%,+83.96%,0.9198,139,✗ No,budget_exceeded
9,382,357,01-10,+25.0%,+83.92%,0.9196,140,✗ No,budget_exceeded
9,382,357,01-10,+25.0%,+83.79%,0.9189,142,✗ No,budget_exceeded
9,382,358,01-10,+25.0%,+83.75%,0.9188,143,✗ No,budget_exceeded
9,382,358,01-10,+25.0%,+83.74%,0.9187,143,✗ No,budget_exceeded
9,382,358,01-10,+25.0%,+83.60%,0.9180,145,✗ No,budget_exceeded
9,382,359,01-10,+25.0%,+83.59%,0.9179,145,✗ No,budget_exceeded
9,382,359,01-10,+25.0%,+83.57%,0.9179,145,✗ No,budget_exceeded
9,382,359,01-10,+25.0%,+83.57%,0.9178,145,✗ No,budget_exceeded
9,382,359,01-10,+25.0%,+83.55%,0.9177,145,✗ No,budget_exceeded
9,382,360,01-10,+25.0%,+83.52%,0.9176,145,✗ No,budget_exceeded
9,382,360,01-10,+25.0%,+83.42%,0.9171,146,✗ No,budget_exceeded
9,382,360,01-10,+25.0%,+83.36%,0.9168,146,✗ No,budget_exceeded
9,382,361,01-10,+25.0%,+83.34%,0.9167,146,✗ No,budget_exceeded
9,382,361,01-10,+25.0%,+83.33%,0.9166,146,✗ No,budget_exceeded
9,382,361,01-10,+25.0%,+83.23%,0.9161,147,✗ No,budget_exceeded
9,382,362,01-10,+25.0%,+83.20%,0.9160,147,✗ No,budget_exceeded
9,382,362,01-10,+25.0%,+83.19%,0.9159,147,✗ No,budget_exceeded
9,382,362,01-10,+25.0%,+83.15%,0.9158,147,✗ No,budget_exceeded
9,382,362,01-10,+25.0%,+83.06%,0.9153,148,✗ No,budget_exceeded
9,382,363,01-10,+25.0%,+83.03%,0.9151,148,✗ No,budget_exceeded
9,382,363,01-10,+25.0%,+82.99%,0.9149,149,✗ No,budget_exceeded
9,382,363,01-10,+25.0%,+82.97%,0.9148,149,✗ No,budget_exceeded
9,382,364,01-10,+25.0%,+82.88%,0.9144,150,✗ No,budget_exceeded
9,382,364,01-10,+25.0%,+82.87%,0.9143,150,✗ No,budget_exceeded
9,382,364,01-10,+25.0%,+82.79%,0.9139,150,✗ No,budget_exceeded
9,382,365,01-10,+25.0%,+82.67%,0.9133,152,✗ No,budget_exceeded
9,382,365,01-10,+25.0%,+82.65%,0.9132,152,✗ No,budget_exceeded
9,382,365,01-10,+25.0%,+82.64%,0.9132,152,✗ No,budget_exceeded
9,382,365,01-10,+25.0%,+82.62%,0.9131,152,✗ No,budget_exceeded
9,382,366,01-10,+25.0%,+82.51%,0.9125,153,✗ No,budget_exceeded
9,382,366,01-10,+25.0%,+82.47%,0.9123,153,✗ No,budget_exceeded
9,382,366,01-10,+25.0%,+82.44%,0.9122,154,✗ No,budget_exceeded
9,382,367,01-10,+25.0%,+82.42%,0.9121,154,✗ No,budget_exceeded
9,382,367,01-10,+25.0%,+82.41%,0.9121,154,✗ No,budget_exceeded
9,382,367,01-10,+25.0%,+82.30%,0.9115,155,✗ No,budget_exceeded
9,382,368,01-10,+25.0%,+81.92%,0.9096,159,✗ No,budget_exceeded
9,382,368,01-10,+25.0%,+81.90%,0.9095,159,✗ No,budget_exceeded
9,382,368,01-10,+25.0%,+81.90%,0.9095,159,✗ No,budget_exceeded
9,382,368,01-10,+25.0%,+81.78%,0.9089,161,✗ No,budget_exceeded
9,382,369,01-10,+25.0%,+81.72%,0.9086,162,✗ No,budget_exceeded
9,382,369,01-10,+25.0%,+81.58%,0.9079,163,✗ No,budget_exceeded
9,382,369,01-10,+25.0%,+81.56%,0.9078,163,✗ No,budget_exceeded
9,382,370,01-10,+25.0%,+81.54%,0.9077,163,✗ No,budget_exceeded
9,382,370,01-10,+25.0%,+81.45%,0.9072,164,✗ No,budget_exceeded
9,382,370,01-10,+25.0%,+81.40%,0.9070,164,✗ No,budget_exceeded
9,382,371,01-10,+25.0%,+81.37%,0.9069,164,✗ No,budget_exceeded
9,382,371,01-10,+25.0%,+81.26%,0.9063,165,✗ No,budget_exceeded
9,382,371,01-10,+25.0%,+81.25%,0.9062,165,✗ No,budget_exceeded
9,382,372,01-10,+25.0%,+81.20%,0.9060,165,✗ No,budget_exceeded
9,382,372,01-10,+25.0%,+81.18%,0.9059,165,✗ No,budget_exceeded
9,382,372,01-10,+25.0%,+81.05%,0.9052,166,✗ No,budget_exceeded
9,382,372,01-10,+25.0%,+81.02%,0.9051,166,✗ No,budget_exceeded
9,382,373,01-10,+25.0%,+81.01%,0.9050,166,✗ No,budget_exceeded
9,382,373,01-10,+25.0%,+80.86%,0.9043,169,✗ No,budget_exceeded
9,382,373,01-10,+25.0%,+80.81%,0.9041,170,✗ No,budget_exceeded
9,382,374,01-10,+25.0%,+80.71%,0.9036,171,✗ No,budget_exceeded
9,382,374,01-10,+25.0%,+80.68%,0.9034,171,✗ No,budget_exceeded
9,382,374,01-10,+25.0%,+80.66%,0.9033,171,✗ No,budget_exceeded
9,382,375,01-10,+25.0%,+80.54%,0.9027,172,✗ No,budget_exceeded
9,382,375,01-10,+25.0%,+80.48%,0.9024,173,✗ No,budget_exceeded
9,382,375,01-10,+25.0%,+80.45%,0.9023,173,✗ No,budget_exceeded
9,382,375,01-10,+25.0%,+80.43%,0.9022,173,✗ No,budget_exceeded
9,382,376,01-10,+25.0%,+80.33%,0.9017,174,✗ No,budget_exceeded
9,382,376,01-10,+25.0%,+80.25%,0.9012,176,✗ No,budget_exceeded
9,382,376,01-10,+25.0%,+80.16%,0.9008,177,✗ No,budget_exceeded
9,382,377,01-10,+25.0%,+80.08%,0.9004,177,✗ No,budget_exceeded
9,382,377,01-10,+25.0%,+80.06%,0.9003,177,✗ No,budget_exceeded
9,382,377,01-10,+25.0%,+79.93%,0.8997,178,✗ No,budget_exceeded
9,382,378,01-10,+25.0%,+79.88%,0.8994,178,✗ No,budget_exceeded
9,382,378,01-10,+25.0%,+79.87%,0.8994,178,✗ No,budget_exceeded
9,382,378,01-10,+25.0%,+79.77%,0.8989,180,✗ No,budget_exceeded
9,382,378,01-10,+25.0%,+79.76%,0.8988,180,✗ No,budget_exceeded
9,382,379,01-10,+25.0%,+79.72%,0.8986,180,✗ No,budget_exceeded
9,382,379,01-10,+25.0%,+79.71%,0.8985,181,✗ No,budget_exceeded
9,382,379,01-10,+25.0%,+79.68%,0.8984,181,✗ No,budget_exceeded
9,382,380,01-10,+25.0%,+79.58%,0.8979,183,✗ No,budget_exceeded
9,382,380,01-10,+25.0%,+79.56%,0.8978,183,✗ No,budget_exceeded
9,382,380,01-10,+25.0%,+79.50%,0.8975,184,✗ No,budget_exceeded
9,382,381,01-10,+25.0%,+79.47%,0.8974,185,✗ No,budget_exceeded
9,382,381,01-10,+25.0%,+79.37%,0.8969,189,✗ No,budget_exceeded
9,382,381,01-10,+25.0%,+79.35%,0.8968,190,✗ No,budget_exceeded
9,382,382,01-10,+25.0%,+79.33%,0.8966,191,✗ No,budget_exceeded
9,382,382,01-10,+25.0%,+79.25%,0.8963,203,✗ No,budget_exceeded
9,382,346,01-11,+25.0%,+85.05%,0.9252,125,✗ No,budget_exceeded
9,382,347,01-11,+25.0%,+85.03%,0.9252,125,✗ No,budget_exceeded
9,382,347,01-11,+25.0%,+85.02%,0.9251,125,✗ No,budget_exceeded
9,382,347,01-11,+25.0%,+85.02%,0.9251,125,✗ No,budget_exceeded
9,382,348,01-11,+25.0%,+85.00%,0.9250,125,✗ No,budget_exceeded
9,382,348,01-11,+25.0%,+84.92%,0.9246,126,✗ No,budget_exceeded
9,382,348,01-11,+25.0%,+84.91%,0.9245,126,✗ No,budget_exceeded
9,382,349,01-11,+25.0%,+84.86%,0.9243,127,✗ No,budget_exceeded
9,382,349,01-11,+25.0%,+84.82%,0.9241,128,✗ No,budget_exceeded
9,382,349,01-11,+25.0%,+84.81%,0.9241,128,✗ No,budget_exceeded
9,382,349,01-11,+25.0%,+84.80%,0.9240,128,✗ No,budget_exceeded
9,382,350,01-11,+25.0%,+84.72%,0.9236,129,✗ No,budget_exceeded
9,382,350,01-11,+25.0%,+84.69%,0.9235,129,✗ No,budget_exceeded
9,382,350,01-11,+25.0%,+84.69%,0.9234,129,✗ No,budget_exceeded
9,382,351,01-11,+25.0%,+84.64%,0.9232,130,✗ No,budget_exceeded
9,382,351,01-11,+25.0%,+84.63%,0.9231,130,✗ No,budget_exceeded
9,382,351,01-11,+25.0%,+84.53%,0.9227,131,✗ No,budget_exceeded
9,382,352,01-11,+25.0%,+84.52%,0.9226,131,✗ No,budget_exceeded
9,382,352,01-11,+25.0%,+84.48%,0.9224,132,✗ No,budget_exceeded
9,382,352,01-11,+25.0%,+84.47%,0.9224,132,✗ No,budget_exceeded
9,382,352,01-11,+25.0%,+84.46%,0.9223,132,✗ No,budget_exceeded
9,382,353,01-11,+25.0%,+84.33%,0.9217,134,✗ No,budget_exceeded
9,382,353,01-11,+25.0%,+84.32%,0.9216,134,✗ No,budget_exceeded
9,382,353,01-11,+25.0%,+84.31%,0.9215,134,✗ No,budget_exceeded
9,382,354,01-11,+25.0%,+84.30%,0.9215,134,✗ No,budget_exceeded
9,382,354,01-11,+25.0%,+84.28%,0.9214,134,✗ No,budget_exceeded
9,382,354,01-11,+25.0%,+84.19%,0.9209,134,✓ Yes,budget_exceeded
9,382,355,01-11,+25.0%,+84.16%,0.9208,136,✗ No,budget_exceeded
9,382,355,01-11,+25.0%,+84.14%,0.9207,136,✗ No,budget_exceeded
9,382,355,01-11,+25.0%,+84.09%,0.9205,137,✗ No,budget_exceeded
9,382,355,01-11,+25.0%,+84.08%,0.9204,137,✗ No,budget_exceeded
9,382,356,01-11,+25.0%,+83.95%,0.9197,138,✗ No,budget_exceeded
9,382,356,01-11,+25.0%,+83.91%,0.9195,139,✗ No,budget_exceeded
9,382,356,01-11,+25.0%,+83.90%,0.9195,139,✗ No,budget_exceeded
9,382,357,01-11,+25.0%,+83.80%,0.9190,141,✗ No,budget_exceeded
9,382,357,01-11,+25.0%,+83.76%,0.9188,142,✗ No,budget_exceeded
9,382,357,01-11,+25.0%,+83.71%,0.9185,143,✗ No,budget_exceeded
9,382,358,01-11,+25.0%,+83.60%,0.9180,145,✗ No,budget_exceeded
9,382,358,01-11,+25.0%,+83.59%,0.9180,145,✗ No,budget_exceeded
9,382,358,01-11,+25.0%,+83.44%,0.9172,147,✗ No,budget_exceeded
9,382,359,01-11,+25.0%,+83.43%,0.9171,147,✗ No,budget_exceeded
9,382,359,01-11,+25.0%,+83.41%,0.9171,147,✗ No,budget_exceeded
9,382,359,01-11,+25.0%,+83.40%,0.9170,147,✗ No,budget_exceeded
9,382,359,01-11,+25.0%,+83.38%,0.9169,147,✗ No,budget_exceeded
9,382,360,01-11,+25.0%,+83.36%,0.9168,147,✗ No,budget_exceeded
9,382,360,01-11,+25.0%,+83.24%,0.9162,148,✗ No,budget_exceeded
9,382,360,01-11,+25.0%,+83.18%,0.9159,148,✗ No,budget_exceeded
9,382,361,01-11,+25.0%,+83.17%,0.9158,148,✗ No,budget_exceeded
9,382,361,01-11,+25.0%,+83.09%,0.9154,148,✓ Yes,budget_exceeded
9,382,361,01-11,+25.0%,+83.06%,0.9153,149,✗ No,budget_exceeded
9,382,362,01-11,+25.0%,+83.04%,0.9152,149,✗ No,budget_exceeded
9,382,362,01-11,+25.0%,+83.02%,0.9151,149,✗ No,budget_exceeded
9,382,362,01-11,+25.0%,+82.99%,0.9149,149,✗ No,budget_exceeded
9,382,362,01-11,+25.0%,+82.90%,0.9145,150,✗ No,budget_exceeded
9,382,363,01-11,+25.0%,+82.87%,0.9143,150,✗ No,budget_exceeded
9,382,363,01-11,+25.0%,+82.83%,0.9141,151,✗ No,budget_exceeded
9,382,363,01-11,+25.0%,+82.81%,0.9140,151,✗ No,budget_exceeded
9,382,364,01-11,+25.0%,+82.79%,0.9140,151,✗ No,budget_exceeded
9,382,364,01-11,+25.0%,+82.71%,0.9135,152,✗ No,budget_exceeded
9,382,364,01-11,+25.0%,+82.63%,0.9131,152,✗ No,budget_exceeded
9,382,365,01-11,+25.0%,+82.50%,0.9125,154,✗ No,budget_exceeded
9,382,365,01-11,+25.0%,+82.49%,0.9124,154,✗ No,budget_exceeded
9,382,365,01-11,+25.0%,+82.47%,0.9124,154,✗ No,budget_exceeded
9,382,365,01-11,+25.0%,+82.33%,0.9116,155,✗ No,budget_exceeded
9,382,366,01-11,+25.0%,+82.17%,0.9108,156,✗ No,budget_exceeded
9,382,366,01-11,+25.0%,+82.12%,0.9106,156,✗ No,budget_exceeded
9,382,366,01-11,+25.0%,+82.10%,0.9105,157,✗ No,budget_exceeded
9,382,367,01-11,+25.0%,+82.08%,0.9104,157,✗ No,budget_exceeded
9,382,367,01-11,+25.0%,+81.99%,0.9099,158,✗ No,budget_exceeded
9,382,367,01-11,+25.0%,+81.95%,0.9097,158,✗ No,budget_exceeded
9,382,368,01-11,+25.0%,+81.75%,0.9088,161,✗ No,budget_exceeded
9,382,368,01-11,+25.0%,+81.73%,0.9087,161,✗ No,budget_exceeded
9,382,368,01-11,+25.0%,+81.73%,0.9086,161,✗ No,budget_exceeded
9,382,368,01-11,+25.0%,+81.63%,0.9081,163,✗ No,budget_exceeded
9,382,369,01-11,+25.0%,+81.56%,0.9078,164,✗ No,budget_exceeded
9,382,369,01-11,+25.0%,+81.42%,0.9071,165,✗ No,budget_exceeded
9,382,369,01-11,+25.0%,+81.40%,0.9070,165,✗ No,budget_exceeded
9,382,370,01-11,+25.0%,+81.38%,0.9069,165,✗ No,budget_exceeded
9,382,370,01-11,+25.0%,+81.36%,0.9068,165,✗ No,budget_exceeded
9,382,370,01-11,+25.0%,+81.22%,0.9061,166,✗ No,budget_exceeded
9,382,371,01-11,+25.0%,+81.19%,0.9060,166,✗ No,budget_exceeded
9,382,371,01-11,+25.0%,+81.08%,0.9054,167,✗ No,budget_exceeded
9,382,371,01-11,+25.0%,+81.06%,0.9053,167,✗ No,budget_exceeded
9,382,372,01-11,+25.0%,+81.01%,0.9051,167,✗ No,budget_exceeded
9,382,372,01-11,+25.0%,+81.00%,0.9050,167,✗ No,budget_exceeded
9,382,372,01-11,+25.0%,+80.88%,0.9044,168,✗ No,budget_exceeded
9,382,372,01-11,+25.0%,+80.86%,0.9043,168,✗ No,budget_exceeded
9,382,373,01-11,+25.0%,+80.84%,0.9042,168,✗ No,budget_exceeded
9,382,373,01-11,+25.0%,+80.71%,0.9035,171,✗ No,budget_exceeded
9,382,373,01-11,+25.0%,+80.66%,0.9033,172,✗ No,budget_exceeded
9,382,374,01-11,+25.0%,+80.63%,0.9031,172,✗ No,budget_exceeded
9,382,374,01-11,+25.0%,+80.53%,0.9027,173,✗ No,budget_exceeded
9,382,374,01-11,+25.0%,+80.51%,0.9026,173,✗ No,budget_exceeded
9,382,375,01-11,+25.0%,+80.45%,0.9023,173,✗ No,budget_exceeded
9,382,375,01-11,+25.0%,+80.34%,0.9017,175,✗ No,budget_exceeded
9,382,375,01-11,+25.0%,+80.31%,0.9015,175,✗ No,budget_exceeded
9,382,375,01-11,+25.0%,+80.29%,0.9014,175,✗ No,budget_exceeded
9,382,376,01-11,+25.0%,+80.25%,0.9013,175,✗ No,budget_exceeded
9,382,376,01-11,+25.0%,+80.11%,0.9005,178,✗ No,budget_exceeded
9,382,376,01-11,+25.0%,+80.08%,0.9004,178,✗ No,budget_exceeded
9,382,377,01-11,+25.0%,+79.93%,0.8996,179,✗ No,budget_exceeded
9,382,377,01-11,+25.0%,+79.91%,0.8995,179,✗ No,budget_exceeded
9,382,377,01-11,+25.0%,+79.78%,0.8989,180,✗ No,budget_exceeded
9,382,378,01-11,+25.0%,+79.73%,0.8987,180,✗ No,budget_exceeded
9,382,378,01-11,+25.0%,+79.72%,0.8986,180,✗ No,budget_exceeded
9,382,378,01-11,+25.0%,+79.69%,0.8984,181,✗ No,budget_exceeded
9,382,378,01-11,+25.0%,+79.68%,0.8984,181,✗ No,budget_exceeded
9,382,379,01-11,+25.0%,+79.58%,0.8979,182,✗ No,budget_exceeded
9,382,379,01-11,+25.0%,+79.56%,0.8978,183,✗ No,budget_exceeded
9,382,379,01-11,+25.0%,+79.54%,0.8977,183,✗ No,budget_exceeded
9,382,380,01-11,+25.0%,+79.50%,0.8975,184,✗ No,budget_exceeded
9,382,380,01-11,+25.0%,+79.48%,0.8974,184,✗ No,budget_exceeded
9,382,380,01-11,+25.0%,+79.36%,0.8968,186,✗ No,budget_exceeded
9,382,381,01-11,+25.0%,+79.33%,0.8967,187,✗ No,budget_exceeded
9,382,381,01-11,+25.0%,+79.29%,0.8964,190,✗ No,budget_exceeded
9,382,381,01-11,+25.0%,+79.27%,0.8964,191,✗ No,budget_exceeded
9,382,382,01-11,+25.0%,+79.18%,0.8959,193,✗ No,budget_exceeded
9,382,382,01-11,+25.0%,+79.10%,0.8955,205,✗ No,budget_exceeded
