Iter,θ_p,θ_r,Start,Overhead %,CO₂ Save %,Score,Pauses,Budget,Stop
0,10,0,01-01,+25.0%,+97.77%,0.9889,1,✗ No,budget_exceeded
0,10,10,01-01,+25.0%,+97.77%,0.9889,1,✗ No,budget_exceeded
0,20,0,01-01,+25.0%,+97.77%,0.9889,1,✗ No,budget_exceeded
0,20,20,01-01,+25.0%,+74.08%,0.8704,204,✗ No,budget_exceeded
0,30,0,01-01,+25.0%,+97.76%,0.9888,1,✗ No,budget_exceeded
0,30,15,01-01,+25.0%,+96.42%,0.9821,2,✗ No,budget_exceeded
0,30,30,01-01,+9.2%,+4.81%,0.5241,218,✓ Yes,completed
0,40,0,01-01,+25.0%,+97.73%,0.9887,1,✗ No,budget_exceeded
0,40,13,01-01,+25.0%,+97.73%,0.9887,1,✗ No,budget_exceeded
0,40,27,01-01,+4.4%,+3.14%,0.5157,73,✓ Yes,completed
0,40,40,01-01,+2.8%,+2.31%,0.5116,83,✓ Yes,completed
0,50,0,01-01,+25.0%,+82.11%,0.9105,1,✗ No,budget_exceeded
0,50,13,01-01,+25.0%,+71.42%,0.8571,2,✗ No,budget_exceeded
0,50,25,01-01,+1.1%,+0.68%,0.5034,17,✓ Yes,completed
0,50,38,01-01,+0.6%,+0.44%,0.5022,17,✓ Yes,completed
0,50,50,01-01,+0.2%,+0.21%,0.5011,20,✓ Yes,completed
0,60,0,01-01,+0.0%,+0.00%,0.5000,0,✓ Yes,completed
0,60,12,01-01,+0.0%,+0.00%,0.5000,0,✓ Yes,completed
0,60,24,01-01,+0.0%,+0.00%,0.5000,0,✓ Yes,completed
0,60,36,01-01,+0.0%,+0.00%,0.5000,0,✓ Yes,completed
0,60,48,01-01,+0.0%,+0.00%,0.5000,0,✓ Yes,completed
0,60,60,01-01,+0.0%,+0.00%,0.5000,0,✓ Yes,completed
0,70,0,01-01,+0.0%,+0.00%,0.5000,0,✓ Yes,completed
0,70,12,01-01,+0.0%,+0.00%,0.5000,0,✓ Yes,completed
0,70,23,01-01,+0.0%,+0.00%,0.5000,0,✓ Yes,completed
0,70,35,01-01,+0.0%,+0.00%,0.5000,0,✓ Yes,completed
0,70,47,01-01,+0.0%,+0.00%,0.5000,0,✓ Yes,completed
0,70,58,01-01,+0.0%,+0.00%,0.5000,0,✓ Yes,completed
0,70,70,01-01,+0.0%,+0.00%,0.5000,0,✓ Yes,completed
0,80,0,01-01,+0.0%,+0.00%,0.5000,0,✓ Yes,completed
0,80,11,01-01,+0.0%,+0.00%,0.5000,0,✓ Yes,completed
0,80,23,01-01,+0.0%,+0.00%,0.5000,0,✓ Yes,completed
0,80,34,01-01,+0.0%,+0.00%,0.5000,0,✓ Yes,completed
0,80,46,01-01,+0.0%,+0.00%,0.5000,0,✓ Yes,completed
0,80,57,01-01,+0.0%,+0.00%,0.5000,0,✓ Yes,completed
0,80,69,01-01,+0.0%,+0.00%,0.5000,0,✓ Yes,completed
0,80,80,01-01,+0.0%,+0.00%,0.5000,0,✓ Yes,completed
0,90,0,01-01,+0.0%,+0.00%,0.5000,0,✓ Yes,completed
0,90,11,01-01,+0.0%,+0.00%,0.5000,0,✓ Yes,completed
0,90,23,01-01,+0.0%,+0.00%,0.5000,0,✓ Yes,completed
0,90,34,01-01,+0.0%,+0.00%,0.5000,0,✓ Yes,completed
0,90,45,01-01,+0.0%,+0.00%,0.5000,0,✓ Yes,completed
0,90,56,01-01,+0.0%,+0.00%,0.5000,0,✓ Yes,completed
0,90,68,01-01,+0.0%,+0.00%,0.5000,0,✓ Yes,completed
0,90,79,01-01,+0.0%,+0.00%,0.5000,0,✓ Yes,completed
0,90,90,01-01,+0.0%,+0.00%,0.5000,0,✓ Yes,completed
0,100,0,01-01,+0.0%,+0.00%,0.5000,0,✓ Yes,completed
0,100,11,01-01,+0.0%,+0.00%,0.5000,0,✓ Yes,completed
0,100,22,01-01,+0.0%,+0.00%,0.5000,0,✓ Yes,completed
0,100,33,01-01,+0.0%,+0.00%,0.5000,0,✓ Yes,completed
0,100,44,01-01,+0.0%,+0.00%,0.5000,0,✓ Yes,completed
0,100,56,01-01,+0.0%,+0.00%,0.5000,0,✓ Yes,completed
0,100,67,01-01,+0.0%,+0.00%,0.5000,0,✓ Yes,completed
0,100,78,01-01,+0.0%,+0.00%,0.5000,0,✓ Yes,completed
0,100,89,01-01,+0.0%,+0.00%,0.5000,0,✓ Yes,completed
0,100,100,01-01,+0.0%,+0.00%,0.5000,0,✓ Yes,completed
0,10,0,03-03,+25.0%,+97.75%,0.9887,1,✗ No,budget_exceeded
0,10,10,03-03,+25.0%,+97.75%,0.9887,1,✗ No,budget_exceeded
0,20,0,03-03,+25.0%,+97.36%,0.9868,1,✗ No,budget_exceeded
0,20,20,03-03,+25.0%,+69.30%,0.8465,244,✗ No,budget_exceeded
0,30,0,03-03,+25.0%,+96.62%,0.9831,1,✗ No,budget_exceeded
0,30,15,03-03,+25.0%,+88.26%,0.9413,22,✗ No,budget_exceeded
0,30,30,03-03,+10.0%,+7.27%,0.5364,235,✓ Yes,completed
0,40,0,03-03,+25.0%,+95.94%,0.9797,1,✗ No,budget_exceeded
0,40,13,03-03,+25.0%,+88.32%,0.9416,7,✗ No,budget_exceeded
0,40,27,03-03,+5.4%,+4.16%,0.5208,91,✓ Yes,completed
0,40,40,03-03,+3.5%,+3.16%,0.5158,103,✓ Yes,completed
0,50,0,03-03,+25.0%,+95.78%,0.9789,1,✗ No,budget_exceeded
0,50,13,03-03,+25.0%,+85.19%,0.9259,2,✗ No,budget_exceeded
0,50,25,03-03,+1.2%,+0.88%,0.5044,20,✓ Yes,completed
0,50,38,03-03,+0.6%,+0.60%,0.5030,20,✓ Yes,completed
0,50,50,03-03,+0.3%,+0.28%,0.5014,24,✓ Yes,completed
0,60,0,03-03,+0.0%,+0.00%,0.5000,0,✓ Yes,completed
0,60,12,03-03,+0.0%,+0.00%,0.5000,0,✓ Yes,completed
0,60,24,03-03,+0.0%,+0.00%,0.5000,0,✓ Yes,completed
0,60,36,03-03,+0.0%,+0.00%,0.5000,0,✓ Yes,completed
0,60,48,03-03,+0.0%,+0.00%,0.5000,0,✓ Yes,completed
0,60,60,03-03,+0.0%,+0.00%,0.5000,0,✓ Yes,completed
0,70,0,03-03,+0.0%,+0.00%,0.5000,0,✓ Yes,completed
0,70,12,03-03,+0.0%,+0.00%,0.5000,0,✓ Yes,completed
0,70,23,03-03,+0.0%,+0.00%,0.5000,0,✓ Yes,completed
0,70,35,03-03,+0.0%,+0.00%,0.5000,0,✓ Yes,completed
0,70,47,03-03,+0.0%,+0.00%,0.5000,0,✓ Yes,completed
0,70,58,03-03,+0.0%,+0.00%,0.5000,0,✓ Yes,completed
0,70,70,03-03,+0.0%,+0.00%,0.5000,0,✓ Yes,completed
0,80,0,03-03,+0.0%,+0.00%,0.5000,0,✓ Yes,completed
0,80,11,03-03,+0.0%,+0.00%,0.5000,0,✓ Yes,completed
0,80,23,03-03,+0.0%,+0.00%,0.5000,0,✓ Yes,completed
0,80,34,03-03,+0.0%,+0.00%,0.5000,0,✓ Yes,completed
0,80,46,03-03,+0.0%,+0.00%,0.5000,0,✓ Yes,completed
0,80,57,03-03,+0.0%,+0.00%,0.5000,0,✓ Yes,completed
0,80,69,03-03,+0.0%,+0.00%,0.5000,0,✓ Yes,completed
0,80,80,03-03,+0.0%,+0.00%,0.5000,0,✓ Yes,completed
0,90,0,03-03,+0.0%,+0.00%,0.5000,0,✓ Yes,completed
0,90,11,03-03,+0.0%,+0.00%,0.5000,0,✓ Yes,completed
0,90,23,03-03,+0.0%,+0.00%,0.5000,0,✓ Yes,completed
0,90,34,03-03,+0.0%,+0.00%,0.5000,0,✓ Yes,completed
0,90,45,03-03,+0.0%,+0.00%,0.5000,0,✓ Yes,completed
0,90,56,03-03,+0.0%,+0.00%,0.5000,0,✓ Yes,completed
0,90,68,03-03,+0.0%,+0.00%,0.5000,0,✓ Yes,completed
0,90,79,03-03,+0.0%,+0.00%,0.5000,0,✓ Yes,completed
0,90,90,03-03,+0.0%,+0.00%,0.5000,0,✓ Yes,completed
0,100,0,03-03,+0.0%,+0.00%,0.5000,0,✓ Yes,completed
0,100,11,03-03,+0.0%,+0.00%,0.5000,0,✓ Yes,completed
0,100,22,03-03,+0.0%,+0.00%,0.5000,0,✓ Yes,completed
0,100,33,03-03,+0.0%,+0.00%,0.5000,0,✓ Yes,completed
0,100,44,03-03,+0.0%,+0.00%,0.5000,0,✓ Yes,completed
0,100,56,03-03,+0.0%,+0.00%,0.5000,0,✓ Yes,completed
0,100,67,03-03,+0.0%,+0.00%,0.5000,0,✓ Yes,completed
0,100,78,03-03,+0.0%,+0.00%,0.5000,0,✓ Yes,completed
0,100,89,03-03,+0.0%,+0.00%,0.5000,0,✓ Yes,completed
0,100,100,03-03,+0.0%,+0.00%,0.5000,0,✓ Yes,completed
0,10,0,05-03,+25.0%,+97.94%,0.9897,1,✗ No,budget_exceeded
0,10,10,05-03,+25.0%,+97.94%,0.9897,1,✗ No,budget_exceeded
0,20,0,05-03,+25.0%,+97.93%,0.9897,1,✗ No,budget_exceeded
0,20,20,05-03,+25.0%,+69.05%,0.8452,223,✗ No,budget_exceeded
0,30,0,05-03,+25.0%,+97.83%,0.9892,1,✗ No,budget_exceeded
0,30,15,05-03,+25.0%,+82.55%,0.9127,42,✗ No,budget_exceeded
0,30,30,05-03,+9.9%,+6.43%,0.5322,236,✓ Yes,completed
0,40,0,05-03,+25.0%,+96.67%,0.9833,1,✗ No,budget_exceeded
0,40,13,05-03,+25.0%,+85.25%,0.9263,9,✗ No,budget_exceeded
0,40,27,05-03,+4.6%,+3.81%,0.5190,79,✓ Yes,completed
0,40,40,05-03,+2.9%,+3.06%,0.5153,88,✓ Yes,completed
0,50,0,05-03,+25.0%,+72.92%,0.8646,1,✗ No,budget_exceeded
0,50,13,05-03,+25.0%,+72.39%,0.8620,2,✗ No,budget_exceeded
0,50,25,05-03,+0.8%,+0.82%,0.5041,13,✓ Yes,completed
0,50,38,05-03,+0.5%,+0.62%,0.5031,13,✓ Yes,completed
0,50,50,05-03,+0.2%,+0.27%,0.5014,16,✓ Yes,completed
0,60,0,05-03,+0.0%,+0.00%,0.5000,0,✓ Yes,completed
0,60,12,05-03,+0.0%,+0.00%,0.5000,0,✓ Yes,completed
0,60,24,05-03,+0.0%,+0.00%,0.5000,0,✓ Yes,completed
0,60,36,05-03,+0.0%,+0.00%,0.5000,0,✓ Yes,completed
0,60,48,05-03,+0.0%,+0.00%,0.5000,0,✓ Yes,completed
0,60,60,05-03,+0.0%,+0.00%,0.5000,0,✓ Yes,completed
0,70,0,05-03,+0.0%,+0.00%,0.5000,0,✓ Yes,completed
0,70,12,05-03,+0.0%,+0.00%,0.5000,0,✓ Yes,completed
0,70,23,05-03,+0.0%,+0.00%,0.5000,0,✓ Yes,completed
0,70,35,05-03,+0.0%,+0.00%,0.5000,0,✓ Yes,completed
0,70,47,05-03,+0.0%,+0.00%,0.5000,0,✓ Yes,completed
0,70,58,05-03,+0.0%,+0.00%,0.5000,0,✓ Yes,completed
0,70,70,05-03,+0.0%,+0.00%,0.5000,0,✓ Yes,completed
0,80,0,05-03,+0.0%,+0.00%,0.5000,0,✓ Yes,completed
0,80,11,05-03,+0.0%,+0.00%,0.5000,0,✓ Yes,completed
0,80,23,05-03,+0.0%,+0.00%,0.5000,0,✓ Yes,completed
0,80,34,05-03,+0.0%,+0.00%,0.5000,0,✓ Yes,completed
0,80,46,05-03,+0.0%,+0.00%,0.5000,0,✓ Yes,completed
0,80,57,05-03,+0.0%,+0.00%,0.5000,0,✓ Yes,completed
0,80,69,05-03,+0.0%,+0.00%,0.5000,0,✓ Yes,completed
0,80,80,05-03,+0.0%,+0.00%,0.5000,0,✓ Yes,completed
0,90,0,05-03,+0.0%,+0.00%,0.5000,0,✓ Yes,completed
0,90,11,05-03,+0.0%,+0.00%,0.5000,0,✓ Yes,completed
0,90,23,05-03,+0.0%,+0.00%,0.5000,0,✓ Yes,completed
0,90,34,05-03,+0.0%,+0.00%,0.5000,0,✓ Yes,completed
0,90,45,05-03,+0.0%,+0.00%,0.5000,0,✓ Yes,completed
0,90,56,05-03,+0.0%,+0.00%,0.5000,0,✓ Yes,completed
0,90,68,05-03,+0.0%,+0.00%,0.5000,0,✓ Yes,completed
0,90,79,05-03,+0.0%,+0.00%,0.5000,0,✓ Yes,completed
0,90,90,05-03,+0.0%,+0.00%,0.5000,0,✓ Yes,completed
0,100,0,05-03,+0.0%,+0.00%,0.5000,0,✓ Yes,completed
0,100,11,05-03,+0.0%,+0.00%,0.5000,0,✓ Yes,completed
0,100,22,05-03,+0.0%,+0.00%,0.5000,0,✓ Yes,completed
0,100,33,05-03,+0.0%,+0.00%,0.5000,0,✓ Yes,completed
0,100,44,05-03,+0.0%,+0.00%,0.5000,0,✓ Yes,completed
0,100,56,05-03,+0.0%,+0.00%,0.5000,0,✓ Yes,completed
0,100,67,05-03,+0.0%,+0.00%,0.5000,0,✓ Yes,completed
0,100,78,05-03,+0.0%,+0.00%,0.5000,0,✓ Yes,completed
0,100,89,05-03,+0.0%,+0.00%,0.5000,0,✓ Yes,completed
0,100,100,05-03,+0.0%,+0.00%,0.5000,0,✓ Yes,completed
0,10,0,07-03,+25.0%,+98.02%,0.9901,1,✗ No,budget_exceeded
0,10,10,07-03,+25.0%,+98.02%,0.9901,1,✗ No,budget_exceeded
0,20,0,07-03,+25.0%,+97.94%,0.9897,1,✗ No,budget_exceeded
0,20,20,07-03,+25.0%,+71.33%,0.8566,193,✗ No,budget_exceeded
0,30,0,07-03,+25.0%,+97.61%,0.9880,1,✗ No,budget_exceeded
0,30,15,07-03,+25.0%,+85.07%,0.9254,36,✗ No,budget_exceeded
0,30,30,07-03,+8.7%,+6.23%,0.5311,218,✓ Yes,completed
0,40,0,07-03,+25.0%,+95.09%,0.9755,1,✗ No,budget_exceeded
0,40,13,07-03,+25.0%,+87.68%,0.9384,8,✗ No,budget_exceeded
0,40,27,07-03,+4.4%,+3.89%,0.5195,76,✓ Yes,completed
0,40,40,07-03,+2.8%,+3.12%,0.5156,85,✓ Yes,completed
0,50,0,07-03,+25.0%,+86.69%,0.9335,1,✗ No,budget_exceeded
0,50,13,07-03,+25.0%,+86.16%,0.9308,2,✗ No,budget_exceeded
0,50,25,07-03,+1.0%,+0.93%,0.5046,15,✓ Yes,completed
0,50,38,07-03,+0.5%,+0.60%,0.5030,15,✓ Yes,completed
0,50,50,07-03,+0.2%,+0.26%,0.5013,19,✓ Yes,completed
0,60,0,07-03,+0.0%,+0.00%,0.5000,0,✓ Yes,completed
0,60,12,07-03,+0.0%,+0.00%,0.5000,0,✓ Yes,completed
0,60,24,07-03,+0.0%,+0.00%,0.5000,0,✓ Yes,completed
0,60,36,07-03,+0.0%,+0.00%,0.5000,0,✓ Yes,completed
0,60,48,07-03,+0.0%,+0.00%,0.5000,0,✓ Yes,completed
0,60,60,07-03,+0.0%,+0.00%,0.5000,0,✓ Yes,completed
0,70,0,07-03,+0.0%,+0.00%,0.5000,0,✓ Yes,completed
0,70,12,07-03,+0.0%,+0.00%,0.5000,0,✓ Yes,completed
0,70,23,07-03,+0.0%,+0.00%,0.5000,0,✓ Yes,completed
0,70,35,07-03,+0.0%,+0.00%,0.5000,0,✓ Yes,completed
0,70,47,07-03,+0.0%,+0.00%,0.5000,0,✓ Yes,completed
0,70,58,07-03,+0.0%,+0.00%,0.5000,0,✓ Yes,completed
0,70,70,07-03,+0.0%,+0.00%,0.5000,0,✓ Yes,completed
0,80,0,07-03,+0.0%,+0.00%,0.5000,0,✓ Yes,completed
0,80,11,07-03,+0.0%,+0.00%,0.5000,0,✓ Yes,completed
0,80,23,07-03,+0.0%,+0.00%,0.5000,0,✓ Yes,completed
0,80,34,07-03,+0.0%,+0.00%,0.5000,0,✓ Yes,completed
0,80,46,07-03,+0.0%,+0.00%,0.5000,0,✓ Yes,completed
0,80,57,07-03,+0.0%,+0.00%,0.5000,0,✓ Yes,completed
0,80,69,07-03,+0.0%,+0.00%,0.5000,0,✓ Yes,completed
0,80,80,07-03,+0.0%,+0.00%,0.5000,0,✓ Yes,completed
0,90,0,07-03,+0.0%,+0.00%,0.5000,0,✓ Yes,completed
0,90,11,07-03,+0.0%,+0.00%,0.5000,0,✓ Yes,completed
0,90,23,07-03,+0.0%,+0.00%,0.5000,0,✓ Yes,completed
0,90,34,07-03,+0.0%,+0.00%,0.5000,0,✓ Yes,completed
0,90,45,07-03,+0.0%,+0.00%,0.5000,0,✓ Yes,completed
0,90,56,07-03,+0.0%,+0.00%,0.5000,0,✓ Yes,completed
0,90,68,07-03,+0.0%,+0.00%,0.5000,0,✓ Yes,completed
0,90,79,07-03,+0.0%,+0.00%,0.5000,0,✓ Yes,completed
0,90,90,07-03,+0.0%,+0.00%,0.5000,0,✓ Yes,completed
0,100,0,07-03,+0.0%,+0.00%,0.5000,0,✓ Yes,completed
0,100,11,07-03,+0.0%,+0.00%,0.5000,0,✓ Yes,completed
0,100,22,07-03,+0.0%,+0.00%,0.5000,0,✓ Yes,completed
0,100,33,07-03,+0.0%,+0.00%,0.5000,0,✓ Yes,completed
0,100,44,07-03,+0.0%,+0.00%,0.5000,0,✓ Yes,completed
0,100,56,07-03,+0.0%,+0.00%,0.5000,0,✓ Yes,completed
0,100,67,07-03,+0.0%,+0.00%,0.5000,0,✓ Yes,completed
0,100,78,07-03,+0.0%,+0.00%,0.5000,0,✓ Yes,completed
0,100,89,07-03,+0.0%,+0.00%,0.5000,0,✓ Yes,completed
0,100,100,07-03,+0.0%,+0.00%,0.5000,0,✓ Yes,completed
0,10,0,09-02,+25.0%,+97.88%,0.9894,1,✗ No,budget_exceeded
0,10,10,09-02,+25.0%,+97.88%,0.9894,1,✗ No,budget_exceeded
0,20,0,09-02,+25.0%,+97.85%,0.9892,1,✗ No,budget_exceeded
0,20,20,09-02,+25.0%,+77.70%,0.8885,152,✗ No,budget_exceeded
0,30,0,09-02,+25.0%,+97.84%,0.9892,1,✗ No,budget_exceeded
0,30,15,09-02,+25.0%,+92.50%,0.9625,10,✗ No,budget_exceeded
0,30,30,09-02,+8.2%,+4.91%,0.5246,197,✓ Yes,completed
0,40,0,09-02,+25.0%,+96.96%,0.9848,1,✗ No,budget_exceeded
0,40,13,09-02,+25.0%,+93.94%,0.9697,2,✗ No,budget_exceeded
0,40,27,09-02,+4.1%,+3.08%,0.5154,67,✓ Yes,completed
0,40,40,09-02,+2.7%,+2.35%,0.5117,80,✓ Yes,completed
0,50,0,09-02,+25.0%,+90.91%,0.9546,1,✗ No,budget_exceeded
0,50,13,09-02,+25.0%,+90.91%,0.9546,1,✗ No,budget_exceeded
0,50,25,09-02,+1.2%,+0.86%,0.5043,17,✓ Yes,completed
0,50,38,09-02,+0.7%,+0.76%,0.5038,17,✓ Yes,completed
0,50,50,09-02,+0.3%,+0.35%,0.5017,21,✓ Yes,completed
0,60,0,09-02,+0.0%,+0.00%,0.5000,0,✓ Yes,completed
0,60,12,09-02,+0.0%,+0.00%,0.5000,0,✓ Yes,completed
0,60,24,09-02,+0.0%,+0.00%,0.5000,0,✓ Yes,completed
0,60,36,09-02,+0.0%,+0.00%,0.5000,0,✓ Yes,completed
0,60,48,09-02,+0.0%,+0.00%,0.5000,0,✓ Yes,completed
0,60,60,09-02,+0.0%,+0.00%,0.5000,0,✓ Yes,completed
0,70,0,09-02,+0.0%,+0.00%,0.5000,0,✓ Yes,completed
0,70,12,09-02,+0.0%,+0.00%,0.5000,0,✓ Yes,completed
0,70,23,09-02,+0.0%,+0.00%,0.5000,0,✓ Yes,completed
0,70,35,09-02,+0.0%,+0.00%,0.5000,0,✓ Yes,completed
0,70,47,09-02,+0.0%,+0.00%,0.5000,0,✓ Yes,completed
0,70,58,09-02,+0.0%,+0.00%,0.5000,0,✓ Yes,completed
0,70,70,09-02,+0.0%,+0.00%,0.5000,0,✓ Yes,completed
0,80,0,09-02,+0.0%,+0.00%,0.5000,0,✓ Yes,completed
0,80,11,09-02,+0.0%,+0.00%,0.5000,0,✓ Yes,completed
0,80,23,09-02,+0.0%,+0.00%,0.5000,0,✓ Yes,completed
0,80,34,09-02,+0.0%,+0.00%,0.5000,0,✓ Yes,completed
0,80,46,09-02,+0.0%,+0.00%,0.5000,0,✓ Yes,completed
0,80,57,09-02,+0.0%,+0.00%,0.5000,0,✓ Yes,completed
0,80,69,09-02,+0.0%,+0.00%,0.5000,0,✓ Yes,completed
0,80,80,09-02,+0.0%,+0.00%,0.5000,0,✓ Yes,completed
0,90,0,09-02,+0.0%,+0.00%,0.5000,0,✓ Yes,completed
0,90,11,09-02,+0.0%,+0.00%,0.5000,0,✓ Yes,completed
0,90,23,09-02,+0.0%,+0.00%,0.5000,0,✓ Yes,completed
0,90,34,09-02,+0.0%,+0.00%,0.5000,0,✓ Yes,completed
0,90,45,09-02,+0.0%,+0.00%,0.5000,0,✓ Yes,completed
0,90,56,09-02,+0.0%,+0.00%,0.5000,0,✓ Yes,completed
0,90,68,09-02,+0.0%,+0.00%,0.5000,0,✓ Yes,completed
0,90,79,09-02,+0.0%,+0.00%,0.5000,0,✓ Yes,completed
0,90,90,09-02,+0.0%,+0.00%,0.5000,0,✓ Yes,completed
0,100,0,09-02,+0.0%,+0.00%,0.5000,0,✓ Yes,completed
0,100,11,09-02,+0.0%,+0.00%,0.5000,0,✓ Yes,completed
0,100,22,09-02,+0.0%,+0.00%,0.5000,0,✓ Yes,completed
0,100,33,09-02,+0.0%,+0.00%,0.5000,0,✓ Yes,completed
0,100,44,09-02,+0.0%,+0.00%,0.5000,0,✓ Yes,completed
0,100,56,09-02,+0.0%,+0.00%,0.5000,0,✓ Yes,completed
0,100,67,09-02,+0.0%,+0.00%,0.5000,0,✓ Yes,completed
0,100,78,09-02,+0.0%,+0.00%,0.5000,0,✓ Yes,completed
0,100,89,09-02,+0.0%,+0.00%,0.5000,0,✓ Yes,completed
0,100,100,09-02,+0.0%,+0.00%,0.5000,0,✓ Yes,completed
0,10,0,11-02,+25.0%,+97.79%,0.9890,1,✗ No,budget_exceeded
0,10,10,11-02,+25.0%,+97.79%,0.9890,1,✗ No,budget_exceeded
0,20,0,11-02,+25.0%,+97.79%,0.9890,1,✗ No,budget_exceeded
0,20,20,11-02,+25.0%,+82.58%,0.9129,112,✗ No,budget_exceeded
0,30,0,11-02,+25.0%,+94.66%,0.9733,1,✗ No,budget_exceeded
0,30,15,11-02,+25.0%,+93.30%,0.9665,2,✗ No,budget_exceeded
0,30,30,11-02,+7.7%,+4.85%,0.5242,182,✓ Yes,completed
0,40,0,11-02,+25.0%,+94.50%,0.9725,1,✗ No,budget_exceeded
0,40,13,11-02,+25.0%,+94.50%,0.9725,1,✗ No,budget_exceeded
0,40,27,11-02,+4.0%,+2.79%,0.5139,63,✓ Yes,completed
0,40,40,11-02,+2.5%,+2.23%,0.5112,74,✓ Yes,completed
0,50,0,11-02,+25.0%,+94.34%,0.9717,1,✗ No,budget_exceeded
0,50,13,11-02,+25.0%,+94.34%,0.9717,1,✗ No,budget_exceeded
0,50,25,11-02,+1.0%,+0.73%,0.5037,15,✓ Yes,completed
0,50,38,11-02,+0.6%,+0.58%,0.5029,15,✓ Yes,completed
0,50,50,11-02,+0.2%,+0.28%,0.5014,18,✓ Yes,completed
0,60,0,11-02,+0.0%,+0.00%,0.5000,0,✓ Yes,completed
0,60,12,11-02,+0.0%,+0.00%,0.5000,0,✓ Yes,completed
0,60,24,11-02,+0.0%,+0.00%,0.5000,0,✓ Yes,completed
0,60,36,11-02,+0.0%,+0.00%,0.5000,0,✓ Yes,completed
0,60,48,11-02,+0.0%,+0.00%,0.5000,0,✓ Yes,completed
0,60,60,11-02,+0.0%,+0.00%,0.5000,0,✓ Yes,completed
0,70,0,11-02,+0.0%,+0.00%,0.5000,0,✓ Yes,completed
0,70,12,11-02,+0.0%,+0.00%,0.5000,0,✓ Yes,completed
0,70,23,11-02,+0.0%,+0.00%,0.5000,0,✓ Yes,completed
0,70,35,11-02,+0.0%,+0.00%,0.5000,0,✓ Yes,completed
0,70,47,11-02,+0.0%,+0.00%,0.5000,0,✓ Yes,completed
0,70,58,11-02,+0.0%,+0.00%,0.5000,0,✓ Yes,completed
0,70,70,11-02,+0.0%,+0.00%,0.5000,0,✓ Yes,completed
0,80,0,11-02,+0.0%,+0.00%,0.5000,0,✓ Yes,completed
0,80,11,11-02,+0.0%,+0.00%,0.5000,0,✓ Yes,completed
0,80,23,11-02,+0.0%,+0.00%,0.5000,0,✓ Yes,completed
0,80,34,11-02,+0.0%,+0.00%,0.5000,0,✓ Yes,completed
0,80,46,11-02,+0.0%,+0.00%,0.5000,0,✓ Yes,completed
0,80,57,11-02,+0.0%,+0.00%,0.5000,0,✓ Yes,completed
0,80,69,11-02,+0.0%,+0.00%,0.5000,0,✓ Yes,completed
0,80,80,11-02,+0.0%,+0.00%,0.5000,0,✓ Yes,completed
0,90,0,11-02,+0.0%,+0.00%,0.5000,0,✓ Yes,completed
0,90,11,11-02,+0.0%,+0.00%,0.5000,0,✓ Yes,completed
0,90,23,11-02,+0.0%,+0.00%,0.5000,0,✓ Yes,completed
0,90,34,11-02,+0.0%,+0.00%,0.5000,0,✓ Yes,completed
0,90,45,11-02,+0.0%,+0.00%,0.5000,0,✓ Yes,completed
0,90,56,11-02,+0.0%,+0.00%,0.5000,0,✓ Yes,completed
0,90,68,11-02,+0.0%,+0.00%,0.5000,0,✓ Yes,completed
0,90,79,11-02,+0.0%,+0.00%,0.5000,0,✓ Yes,completed
0,90,90,11-02,+0.0%,+0.00%,0.5000,0,✓ Yes,completed
0,100,0,11-02,+0.0%,+0.00%,0.5000,0,✓ Yes,completed
0,100,11,11-02,+0.0%,+0.00%,0.5000,0,✓ Yes,completed
0,100,22,11-02,+0.0%,+0.00%,0.5000,0,✓ Yes,completed
0,100,33,11-02,+0.0%,+0.00%,0.5000,0,✓ Yes,completed
0,100,44,11-02,+0.0%,+0.00%,0.5000,0,✓ Yes,completed
0,100,56,11-02,+0.0%,+0.00%,0.5000,0,✓ Yes,completed
0,100,67,11-02,+0.0%,+0.00%,0.5000,0,✓ Yes,completed
0,100,78,11-02,+0.0%,+0.00%,0.5000,0,✓ Yes,completed
0,100,89,11-02,+0.0%,+0.00%,0.5000,0,✓ Yes,completed
0,100,100,11-02,+0.0%,+0.00%,0.5000,0,✓ Yes,completed
0,10,0,12-31,+25.0%,+97.77%,0.9889,1,✗ No,budget_exceeded
0,10,10,12-31,+25.0%,+97.77%,0.9889,1,✗ No,budget_exceeded
0,20,0,12-31,+25.0%,+97.77%,0.9889,1,✗ No,budget_exceeded
0,20,20,12-31,+25.0%,+74.38%,0.8719,202,✗ No,budget_exceeded
0,30,0,12-31,+25.0%,+97.52%,0.9876,1,✗ No,budget_exceeded
0,30,15,12-31,+25.0%,+96.17%,0.9809,2,✗ No,budget_exceeded
0,30,30,12-31,+9.0%,+4.74%,0.5237,216,✓ Yes,completed
0,40,0,12-31,+25.0%,+97.49%,0.9874,1,✗ No,budget_exceeded
0,40,13,12-31,+25.0%,+97.49%,0.9874,1,✗ No,budget_exceeded
0,40,27,12-31,+4.4%,+3.01%,0.5151,73,✓ Yes,completed
0,40,40,12-31,+2.8%,+2.19%,0.5110,82,✓ Yes,completed
0,50,0,12-31,+25.0%,+81.85%,0.9092,1,✗ No,budget_exceeded
0,50,13,12-31,+25.0%,+71.15%,0.8557,2,✗ No,budget_exceeded
0,50,25,12-31,+1.1%,+0.57%,0.5028,17,✓ Yes,completed
0,50,38,12-31,+0.6%,+0.39%,0.5019,17,✓ Yes,completed
0,50,50,12-31,+0.2%,+0.16%,0.5008,20,✓ Yes,completed
0,60,0,12-31,+0.0%,+0.00%,0.5000,0,✓ Yes,completed
0,60,12,12-31,+0.0%,+0.00%,0.5000,0,✓ Yes,completed
0,60,24,12-31,+0.0%,+0.00%,0.5000,0,✓ Yes,completed
0,60,36,12-31,+0.0%,+0.00%,0.5000,0,✓ Yes,completed
0,60,48,12-31,+0.0%,+0.00%,0.5000,0,✓ Yes,completed
0,60,60,12-31,+0.0%,+0.00%,0.5000,0,✓ Yes,completed
0,70,0,12-31,+0.0%,+0.00%,0.5000,0,✓ Yes,completed
0,70,12,12-31,+0.0%,+0.00%,0.5000,0,✓ Yes,completed
0,70,23,12-31,+0.0%,+0.00%,0.5000,0,✓ Yes,completed
0,70,35,12-31,+0.0%,+0.00%,0.5000,0,✓ Yes,completed
0,70,47,12-31,+0.0%,+0.00%,0.5000,0,✓ Yes,completed
0,70,58,12-31,+0.0%,+0.00%,0.5000,0,✓ Yes,completed
0,70,70,12-31,+0.0%,+0.00%,0.5000,0,✓ Yes,completed
0,80,0,12-31,+0.0%,+0.00%,0.5000,0,✓ Yes,completed
0,80,11,12-31,+0.0%,+0.00%,0.5000,0,✓ Yes,completed
0,80,23,12-31,+0.0%,+0.00%,0.5000,0,✓ Yes,completed
0,80,34,12-31,+0.0%,+0.00%,0.5000,0,✓ Yes,completed
0,80,46,12-31,+0.0%,+0.00%,0.5000,0,✓ Yes,completed
0,80,57,12-31,+0.0%,+0.00%,0.5000,0,✓ Yes,completed
0,80,69,12-31,+0.0%,+0.00%,0.5000,0,✓ Yes,completed
0,80,80,12-31,+0.0%,+0.00%,0.5000,0,✓ Yes,completed
0,90,0,12-31,+0.0%,+0.00%,0.5000,0,✓ Yes,completed
0,90,11,12-31,+0.0%,+0.00%,0.5000,0,✓ Yes,completed
0,90,23,12-31,+0.0%,+0.00%,0.5000,0,✓ Yes,completed
0,90,34,12-31,+0.0%,+0.00%,0.5000,0,✓ Yes,completed
0,90,45,12-31,+0.0%,+0.00%,0.5000,0,✓ Yes,completed
0,90,56,12-31,+0.0%,+0.00%,0.5000,0,✓ Yes,completed
0,90,68,12-31,+0.0%,+0.00%,0.5000,0,✓ Yes,completed
0,90,79,12-31,+0.0%,+0.00%,0.5000,0,✓ Yes,completed
0,90,90,12-31,+0.0%,+0.00%,0.5000,0,✓ Yes,completed
0,100,0,12-31,+0.0%,+0.00%,0.5000,0,✓ Yes,completed
0,100,11,12-31,+0.0%,+0.00%,0.5000,0,✓ Yes,completed
0,100,22,12-31,+0.0%,+0.00%,0.5000,0,✓ Yes,completed
0,100,33,12-31,+0.0%,+0.00%,0.5000,0,✓ Yes,completed
0,100,44,12-31,+0.0%,+0.00%,0.5000,0,✓ Yes,completed
0,100,56,12-31,+0.0%,+0.00%,0.5000,0,✓ Yes,completed
0,100,67,12-31,+0.0%,+0.00%,0.5000,0,✓ Yes,completed
0,100,78,12-31,+0.0%,+0.00%,0.5000,0,✓ Yes,completed
0,100,89,12-31,+0.0%,+0.00%,0.5000,0,✓ Yes,completed
0,100,100,12-31,+0.0%,+0.00%,0.5000,0,✓ Yes,completed
1,10,10,01-01,+25.0%,+97.77%,0.9889,1,✗ No,budget_exceeded
1,10,10,01-01,+25.0%,+97.77%,0.9889,1,✗ No,budget_exceeded
1,14,10,01-01,+25.0%,+97.77%,0.9889,1,✗ No,budget_exceeded
1,14,14,01-01,+25.0%,+97.65%,0.9883,6,✗ No,budget_exceeded
1,19,10,01-01,+25.0%,+97.77%,0.9889,1,✗ No,budget_exceeded
1,19,19,01-01,+25.0%,+90.40%,0.9520,118,✗ No,budget_exceeded
1,23,10,01-01,+25.0%,+97.77%,0.9889,1,✗ No,budget_exceeded
1,23,17,01-01,+25.0%,+93.45%,0.9673,12,✗ No,budget_exceeded
1,23,23,01-01,+25.0%,+25.37%,0.6269,426,✗ No,budget_exceeded
1,28,10,01-01,+25.0%,+97.77%,0.9889,1,✗ No,budget_exceeded
1,28,16,01-01,+25.0%,+94.75%,0.9738,5,✗ No,budget_exceeded
1,28,22,01-01,+23.8%,+7.84%,0.5392,277,✓ Yes,completed
1,28,28,01-01,+13.1%,+5.56%,0.5278,359,✓ Yes,completed
1,32,10,01-01,+25.0%,+97.75%,0.9887,1,✗ No,budget_exceeded
1,32,14,01-01,+25.0%,+96.41%,0.9820,2,✗ No,budget_exceeded
1,32,19,01-01,+25.0%,+23.05%,0.6153,118,✗ No,budget_exceeded
1,32,23,01-01,+12.3%,+5.03%,0.5252,171,✓ Yes,completed
1,32,28,01-01,+8.7%,+4.69%,0.5235,180,✓ Yes,completed
1,32,32,01-01,+6.9%,+4.34%,0.5217,222,✓ Yes,completed
1,37,10,01-01,+25.0%,+97.75%,0.9887,1,✗ No,budget_exceeded
1,37,14,01-01,+25.0%,+96.39%,0.9820,2,✗ No,budget_exceeded
1,37,19,01-01,+22.8%,+5.02%,0.5251,102,✓ Yes,completed
1,37,23,01-01,+8.9%,+4.13%,0.5207,120,✓ Yes,completed
1,37,28,01-01,+6.3%,+3.96%,0.5198,118,✓ Yes,completed
1,37,32,01-01,+5.2%,+3.68%,0.5184,117,✓ Yes,completed
1,37,37,01-01,+4.1%,+3.17%,0.5158,142,✓ Yes,completed
1,41,10,01-01,+25.0%,+97.73%,0.9887,1,✗ No,budget_exceeded
1,41,14,01-01,+25.0%,+95.69%,0.9784,2,✗ No,budget_exceeded
1,41,19,01-01,+14.3%,+2.75%,0.5138,62,✓ Yes,completed
1,41,23,01-01,+5.0%,+2.94%,0.5147,63,✓ Yes,completed
1,41,28,01-01,+3.8%,+2.77%,0.5138,64,✓ Yes,completed
1,41,32,01-01,+3.4%,+2.60%,0.5130,66,✓ Yes,completed
1,41,37,01-01,+3.1%,+2.42%,0.5121,69,✓ Yes,completed
1,41,41,01-01,+2.2%,+1.89%,0.5094,94,✓ Yes,completed
1,46,10,01-01,+25.0%,+82.15%,0.9107,1,✗ No,budget_exceeded
1,46,14,01-01,+25.0%,+60.28%,0.8014,14,✗ No,budget_exceeded
1,46,19,01-01,+11.5%,+1.76%,0.5088,35,✓ Yes,completed
1,46,23,01-01,+3.3%,+1.85%,0.5092,39,✓ Yes,completed
1,46,28,01-01,+2.4%,+1.76%,0.5088,40,✓ Yes,completed
1,46,32,01-01,+2.0%,+1.62%,0.5081,40,✓ Yes,completed
1,46,37,01-01,+1.9%,+1.53%,0.5077,41,✓ Yes,completed
1,46,41,01-01,+1.5%,+1.27%,0.5064,42,✓ Yes,completed
1,46,46,01-01,+1.0%,+0.94%,0.5047,61,✓ Yes,completed
1,50,10,01-01,+25.0%,+82.11%,0.9105,1,✗ No,budget_exceeded
1,50,14,01-01,+25.0%,+56.26%,0.7813,5,✗ No,budget_exceeded
1,50,19,01-01,+5.9%,+0.87%,0.5044,13,✓ Yes,completed
1,50,23,01-01,+1.6%,+0.69%,0.5034,16,✓ Yes,completed
1,50,28,01-01,+0.9%,+0.66%,0.5033,17,✓ Yes,completed
1,50,32,01-01,+0.8%,+0.58%,0.5029,17,✓ Yes,completed
1,50,37,01-01,+0.7%,+0.52%,0.5026,17,✓ Yes,completed
1,50,41,01-01,+0.4%,+0.40%,0.5020,17,✓ Yes,completed
1,50,46,01-01,+0.4%,+0.35%,0.5018,17,✓ Yes,completed
1,50,50,01-01,+0.2%,+0.19%,0.5010,20,✓ Yes,completed
1,10,10,01-25,+25.0%,+97.72%,0.9886,1,✗ No,budget_exceeded
1,10,10,01-25,+25.0%,+97.72%,0.9886,1,✗ No,budget_exceeded
1,14,10,01-25,+25.0%,+97.72%,0.9886,1,✗ No,budget_exceeded
1,14,14,01-25,+25.0%,+97.60%,0.9880,6,✗ No,budget_exceeded
1,19,10,01-25,+25.0%,+97.54%,0.9877,1,✗ No,budget_exceeded
1,19,19,01-25,+25.0%,+86.02%,0.9301,157,✗ No,budget_exceeded
1,23,10,01-25,+25.0%,+97.30%,0.9865,1,✗ No,budget_exceeded
1,23,17,01-25,+25.0%,+92.68%,0.9634,25,✗ No,budget_exceeded
1,23,23,01-25,+25.0%,+26.45%,0.6323,436,✗ No,budget_exceeded
1,28,10,01-25,+25.0%,+96.73%,0.9837,1,✗ No,budget_exceeded
1,28,16,01-25,+25.0%,+95.41%,0.9771,3,✗ No,budget_exceeded
1,28,22,01-25,+22.6%,+8.66%,0.5433,273,✓ Yes,completed
1,28,28,01-25,+13.3%,+6.16%,0.5308,365,✓ Yes,completed
1,32,10,01-25,+25.0%,+92.39%,0.9620,1,✗ No,budget_exceeded
1,32,14,01-25,+25.0%,+85.17%,0.9258,11,✗ No,budget_exceeded
1,32,19,01-25,+25.0%,+25.72%,0.6286,119,✗ No,budget_exceeded
1,32,23,01-25,+12.4%,+5.52%,0.5276,177,✓ Yes,completed
1,32,28,01-25,+9.0%,+4.80%,0.5240,186,✓ Yes,completed
1,32,32,01-25,+7.4%,+4.24%,0.5212,233,✓ Yes,completed
1,37,10,01-25,+25.0%,+92.38%,0.9619,1,✗ No,budget_exceeded
1,37,14,01-25,+25.0%,+81.90%,0.9095,10,✗ No,budget_exceeded
1,37,19,01-25,+22.2%,+6.15%,0.5307,104,✓ Yes,completed
1,37,23,01-25,+9.1%,+4.26%,0.5213,126,✓ Yes,completed
1,37,28,01-25,+6.7%,+3.88%,0.5194,127,✓ Yes,completed
1,37,32,01-25,+5.7%,+3.56%,0.5178,129,✓ Yes,completed
1,37,37,01-25,+4.6%,+3.02%,0.5151,160,✓ Yes,completed
1,41,10,01-25,+25.0%,+87.72%,0.9386,1,✗ No,budget_exceeded
1,41,14,01-25,+25.0%,+67.14%,0.8357,18,✗ No,budget_exceeded
1,41,19,01-25,+14.2%,+3.36%,0.5168,65,✓ Yes,completed
1,41,23,01-25,+5.6%,+2.79%,0.5139,72,✓ Yes,completed
1,41,28,01-25,+4.3%,+2.65%,0.5133,74,✓ Yes,completed
1,41,32,01-25,+3.7%,+2.58%,0.5129,75,✓ Yes,completed
1,41,37,01-25,+3.3%,+2.49%,0.5125,76,✓ Yes,completed
1,41,41,01-25,+2.4%,+2.02%,0.5101,101,✓ Yes,completed
1,46,10,01-25,+25.0%,+87.59%,0.9379,1,✗ No,budget_exceeded
1,46,14,01-25,+25.0%,+65.75%,0.8288,14,✗ No,budget_exceeded
1,46,19,01-25,+11.7%,+2.06%,0.5103,37,✓ Yes,completed
1,46,23,01-25,+3.7%,+1.80%,0.5090,44,✓ Yes,completed
1,46,28,01-25,+2.5%,+1.84%,0.5092,44,✓ Yes,completed
1,46,32,01-25,+2.2%,+1.75%,0.5088,44,✓ Yes,completed
1,46,37,01-25,+2.0%,+1.68%,0.5084,45,✓ Yes,completed
1,46,41,01-25,+1.5%,+1.42%,0.5071,45,✓ Yes,completed
1,46,46,01-25,+1.1%,+1.06%,0.5053,66,✓ Yes,completed
1,50,10,01-25,+25.0%,+87.55%,0.9378,1,✗ No,budget_exceeded
1,50,14,01-25,+25.0%,+61.74%,0.8087,5,✗ No,budget_exceeded
1,50,19,01-25,+6.0%,+0.42%,0.5021,15,✓ Yes,completed
1,50,23,01-25,+1.6%,+0.76%,0.5038,17,✓ Yes,completed
1,50,28,01-25,+1.0%,+0.70%,0.5035,19,✓ Yes,completed
1,50,32,01-25,+0.9%,+0.66%,0.5033,19,✓ Yes,completed
1,50,37,01-25,+0.7%,+0.63%,0.5031,18,✓ Yes,completed
1,50,41,01-25,+0.4%,+0.48%,0.5024,18,✓ Yes,completed
1,50,46,01-25,+0.4%,+0.42%,0.5021,18,✓ Yes,completed
1,50,50,01-25,+0.2%,+0.25%,0.5013,22,✓ Yes,completed
1,10,10,02-18,+25.0%,+97.74%,0.9887,1,✗ No,budget_exceeded
1,10,10,02-18,+25.0%,+97.74%,0.9887,1,✗ No,budget_exceeded
1,14,10,02-18,+25.0%,+97.74%,0.9887,1,✗ No,budget_exceeded
1,14,14,02-18,+25.0%,+97.60%,0.9880,8,✗ No,budget_exceeded
1,19,10,02-18,+25.0%,+97.74%,0.9887,1,✗ No,budget_exceeded
1,19,19,02-18,+25.0%,+81.36%,0.9068,216,✗ No,budget_exceeded
1,23,10,02-18,+25.0%,+97.69%,0.9884,1,✗ No,budget_exceeded
1,23,17,02-18,+25.0%,+82.69%,0.9134,81,✗ No,budget_exceeded
1,23,23,02-18,+25.0%,+25.04%,0.6252,451,✗ No,budget_exceeded
1,28,10,02-18,+25.0%,+97.46%,0.9873,1,✗ No,budget_exceeded
1,28,16,02-18,+25.0%,+86.26%,0.9313,40,✗ No,budget_exceeded
1,28,22,02-18,+23.7%,+10.09%,0.5505,295,✓ Yes,completed
1,28,28,02-18,+13.2%,+8.07%,0.5403,363,✓ Yes,completed
1,32,10,02-18,+25.0%,+93.95%,0.9698,1,✗ No,budget_exceeded
1,32,14,02-18,+25.0%,+83.81%,0.9191,28,✗ No,budget_exceeded
1,32,19,02-18,+25.0%,+31.02%,0.6551,118,✗ No,budget_exceeded
1,32,23,02-18,+12.5%,+7.32%,0.5366,183,✓ Yes,completed
1,32,28,02-18,+9.5%,+6.32%,0.5316,196,✓ Yes,completed
1,32,32,02-18,+7.9%,+5.53%,0.5277,250,✓ Yes,completed
1,37,10,02-18,+25.0%,+93.94%,0.9697,1,✗ No,budget_exceeded
1,37,14,02-18,+25.0%,+81.40%,0.9070,24,✗ No,budget_exceeded
1,37,19,02-18,+22.4%,+7.41%,0.5370,116,✓ Yes,completed
1,37,23,02-18,+9.5%,+5.73%,0.5286,133,✓ Yes,completed
1,37,28,02-18,+7.3%,+5.08%,0.5254,137,✓ Yes,completed
1,37,32,02-18,+6.2%,+4.62%,0.5231,138,✓ Yes,completed
1,37,37,02-18,+4.9%,+3.97%,0.5198,167,✓ Yes,completed
1,41,10,02-18,+25.0%,+93.27%,0.9664,1,✗ No,budget_exceeded
1,41,14,02-18,+25.0%,+72.82%,0.8641,18,✗ No,budget_exceeded
1,41,19,02-18,+14.3%,+5.24%,0.5262,67,✓ Yes,completed
1,41,23,02-18,+5.9%,+3.74%,0.5187,77,✓ Yes,completed
1,41,28,02-18,+4.5%,+3.55%,0.5177,77,✓ Yes,completed
1,41,32,02-18,+3.9%,+3.32%,0.5166,80,✓ Yes,completed
1,41,37,02-18,+3.6%,+3.11%,0.5155,83,✓ Yes,completed
1,41,41,02-18,+2.7%,+2.43%,0.5122,109,✓ Yes,completed
1,46,10,02-18,+25.0%,+93.14%,0.9657,1,✗ No,budget_exceeded
1,46,14,02-18,+25.0%,+71.44%,0.8572,14,✗ No,budget_exceeded
1,46,19,02-18,+11.7%,+3.75%,0.5188,38,✓ Yes,completed
1,46,23,02-18,+3.8%,+2.44%,0.5122,46,✓ Yes,completed
1,46,28,02-18,+2.8%,+2.26%,0.5113,47,✓ Yes,completed
1,46,32,02-18,+2.4%,+2.10%,0.5105,47,✓ Yes,completed
1,46,37,02-18,+2.2%,+2.04%,0.5102,48,✓ Yes,completed
1,46,41,02-18,+1.7%,+1.72%,0.5086,49,✓ Yes,completed
1,46,46,02-18,+1.3%,+1.32%,0.5066,76,✓ Yes,completed
1,50,10,02-18,+25.0%,+93.11%,0.9655,1,✗ No,budget_exceeded
1,50,14,02-18,+25.0%,+67.45%,0.8373,5,✗ No,budget_exceeded
1,50,19,02-18,+6.0%,+1.19%,0.5060,15,✓ Yes,completed
1,50,23,02-18,+1.6%,+0.92%,0.5046,18,✓ Yes,completed
1,50,28,02-18,+1.0%,+0.85%,0.5042,20,✓ Yes,completed
1,50,32,02-18,+0.9%,+0.79%,0.5040,20,✓ Yes,completed
1,50,37,02-18,+0.8%,+0.72%,0.5036,20,✓ Yes,completed
1,50,41,02-18,+0.5%,+0.57%,0.5029,20,✓ Yes,completed
1,50,46,02-18,+0.4%,+0.51%,0.5025,20,✓ Yes,completed
1,50,50,02-18,+0.2%,+0.28%,0.5014,24,✓ Yes,completed
1,10,10,03-14,+25.0%,+97.79%,0.9889,1,✗ No,budget_exceeded
1,10,10,03-14,+25.0%,+97.79%,0.9889,1,✗ No,budget_exceeded
1,14,10,03-14,+25.0%,+97.79%,0.9889,1,✗ No,budget_exceeded
1,14,14,03-14,+25.0%,+96.78%,0.9839,36,✗ No,budget_exceeded
1,19,10,03-14,+25.0%,+97.79%,0.9889,1,✗ No,budget_exceeded
1,19,19,03-14,+25.0%,+79.33%,0.8966,262,✗ No,budget_exceeded
1,23,10,03-14,+25.0%,+97.79%,0.9889,1,✗ No,budget_exceeded
1,23,17,03-14,+25.0%,+79.95%,0.8997,98,✗ No,budget_exceeded
1,23,23,03-14,+25.0%,+21.78%,0.6089,454,✗ No,budget_exceeded
1,28,10,03-14,+25.0%,+97.75%,0.9888,1,✗ No,budget_exceeded
1,28,16,03-14,+25.0%,+80.31%,0.9016,69,✗ No,budget_exceeded
1,28,22,03-14,+23.7%,+10.58%,0.5529,308,✓ Yes,completed
1,28,28,03-14,+13.2%,+8.99%,0.5449,367,✓ Yes,completed
1,32,10,03-14,+25.0%,+97.74%,0.9887,1,✗ No,budget_exceeded
1,32,14,03-14,+25.0%,+87.10%,0.9355,32,✗ No,budget_exceeded
1,32,19,03-14,+25.0%,+33.36%,0.6668,120,✗ No,budget_exceeded
1,32,23,03-14,+12.3%,+8.25%,0.5412,184,✓ Yes,completed
1,32,28,03-14,+9.4%,+7.22%,0.5361,197,✓ Yes,completed
1,32,32,03-14,+7.7%,+6.44%,0.5322,251,✓ Yes,completed
1,37,10,03-14,+25.0%,+97.73%,0.9886,1,✗ No,budget_exceeded
1,37,14,03-14,+25.0%,+78.98%,0.8949,27,✗ No,budget_exceeded
1,37,19,03-14,+22.2%,+7.64%,0.5382,122,✓ Yes,completed
1,37,23,03-14,+9.2%,+6.55%,0.5327,133,✓ Yes,completed
1,37,28,03-14,+7.0%,+5.84%,0.5292,134,✓ Yes,completed
1,37,32,03-14,+6.0%,+5.28%,0.5264,137,✓ Yes,completed
1,37,37,03-14,+4.8%,+4.41%,0.5221,168,✓ Yes,completed
1,41,10,03-14,+25.0%,+97.71%,0.9886,1,✗ No,budget_exceeded
1,41,14,03-14,+25.0%,+77.30%,0.8865,18,✗ No,budget_exceeded
1,41,19,03-14,+14.0%,+5.97%,0.5298,70,✓ Yes,completed
1,41,23,03-14,+5.7%,+4.31%,0.5216,78,✓ Yes,completed
1,41,28,03-14,+4.4%,+3.92%,0.5196,79,✓ Yes,completed
1,41,32,03-14,+3.9%,+3.69%,0.5184,82,✓ Yes,completed
1,41,37,03-14,+3.6%,+3.44%,0.5172,84,✓ Yes,completed
1,41,41,03-14,+2.7%,+2.70%,0.5135,110,✓ Yes,completed
1,46,10,03-14,+25.0%,+97.71%,0.9886,1,✗ No,budget_exceeded
1,46,14,03-14,+25.0%,+76.05%,0.8802,14,✗ No,budget_exceeded
1,46,19,03-14,+11.4%,+4.72%,0.5236,39,✓ Yes,completed
1,46,23,03-14,+3.7%,+2.78%,0.5139,47,✓ Yes,completed
1,46,28,03-14,+2.8%,+2.49%,0.5124,48,✓ Yes,completed
1,46,32,03-14,+2.3%,+2.27%,0.5114,47,✓ Yes,completed
1,46,37,03-14,+2.2%,+2.18%,0.5109,48,✓ Yes,completed
1,46,41,03-14,+1.8%,+1.92%,0.5096,49,✓ Yes,completed
1,46,46,03-14,+1.3%,+1.35%,0.5067,78,✓ Yes,completed
1,50,10,03-14,+25.0%,+97.71%,0.9886,1,✗ No,budget_exceeded
1,50,14,03-14,+25.0%,+72.11%,0.8605,5,✗ No,budget_exceeded
1,50,19,03-14,+5.7%,+1.73%,0.5086,15,✓ Yes,completed
1,50,23,03-14,+1.4%,+0.89%,0.5044,17,✓ Yes,completed
1,50,28,03-14,+0.9%,+0.75%,0.5037,18,✓ Yes,completed
1,50,32,03-14,+0.8%,+0.69%,0.5034,18,✓ Yes,completed
1,50,37,03-14,+0.7%,+0.66%,0.5033,18,✓ Yes,completed
1,50,41,03-14,+0.5%,+0.50%,0.5025,18,✓ Yes,completed
1,50,46,03-14,+0.4%,+0.43%,0.5021,18,✓ Yes,completed
1,50,50,03-14,+0.2%,+0.24%,0.5012,22,✓ Yes,completed
1,10,10,04-07,+25.0%,+97.91%,0.9895,1,✗ No,budget_exceeded
1,10,10,04-07,+25.0%,+97.91%,0.9895,1,✗ No,budget_exceeded
1,14,10,04-07,+25.0%,+97.91%,0.9895,1,✗ No,budget_exceeded
1,14,14,04-07,+25.0%,+95.17%,0.9759,84,✗ No,budget_exceeded
1,19,10,04-07,+25.0%,+97.88%,0.9894,1,✗ No,budget_exceeded
1,19,19,04-07,+25.0%,+78.13%,0.8907,285,✗ No,budget_exceeded
1,23,10,04-07,+25.0%,+97.83%,0.9892,1,✗ No,budget_exceeded
1,23,17,04-07,+25.0%,+78.35%,0.8918,101,✗ No,budget_exceeded
1,23,23,04-07,+25.0%,+21.42%,0.6071,463,✗ No,budget_exceeded
1,28,10,04-07,+25.0%,+97.81%,0.9890,1,✗ No,budget_exceeded
1,28,16,04-07,+25.0%,+77.89%,0.8894,70,✗ No,budget_exceeded
1,28,22,04-07,+22.0%,+10.30%,0.5515,293,✓ Yes,completed
1,28,28,04-07,+13.7%,+8.50%,0.5425,381,✓ Yes,completed
1,32,10,04-07,+25.0%,+97.59%,0.9880,1,✗ No,budget_exceeded
1,32,14,04-07,+25.0%,+80.64%,0.9032,37,✗ No,budget_exceeded
1,32,19,04-07,+25.0%,+19.15%,0.5957,160,✗ No,budget_exceeded
1,32,23,04-07,+12.1%,+7.74%,0.5387,192,✓ Yes,completed
1,32,28,04-07,+9.2%,+7.14%,0.5357,192,✓ Yes,completed
1,32,32,04-07,+7.3%,+6.55%,0.5327,234,✓ Yes,completed
1,37,10,04-07,+25.0%,+97.59%,0.9880,1,✗ No,budget_exceeded
1,37,14,04-07,+25.0%,+78.55%,0.8928,27,✗ No,budget_exceeded
1,37,19,04-07,+19.5%,+7.19%,0.5360,116,✓ Yes,completed
1,37,23,04-07,+8.6%,+6.58%,0.5329,128,✓ Yes,completed
1,37,28,04-07,+6.7%,+6.02%,0.5301,127,✓ Yes,completed
1,37,32,04-07,+5.6%,+5.44%,0.5272,128,✓ Yes,completed
1,37,37,04-07,+4.5%,+4.59%,0.5229,157,✓ Yes,completed
1,41,10,04-07,+25.0%,+97.59%,0.9880,1,✗ No,budget_exceeded
1,41,14,04-07,+25.0%,+76.86%,0.8843,18,✗ No,budget_exceeded
1,41,19,04-07,+12.5%,+5.19%,0.5260,71,✓ Yes,completed
1,41,23,04-07,+5.2%,+4.44%,0.5222,73,✓ Yes,completed
1,41,28,04-07,+4.2%,+4.10%,0.5205,74,✓ Yes,completed
1,41,32,04-07,+3.7%,+3.83%,0.5192,77,✓ Yes,completed
1,41,37,04-07,+3.3%,+3.64%,0.5182,78,✓ Yes,completed
1,41,41,04-07,+2.5%,+2.91%,0.5146,101,✓ Yes,completed
1,46,10,04-07,+25.0%,+96.66%,0.9833,1,✗ No,budget_exceeded
1,46,14,04-07,+25.0%,+74.58%,0.8729,14,✗ No,budget_exceeded
1,46,19,04-07,+9.7%,+4.15%,0.5208,37,✓ Yes,completed
1,46,23,04-07,+3.3%,+2.97%,0.5148,42,✓ Yes,completed
1,46,28,04-07,+2.5%,+2.76%,0.5138,42,✓ Yes,completed
1,46,32,04-07,+2.2%,+2.48%,0.5124,42,✓ Yes,completed
1,46,37,04-07,+2.0%,+2.36%,0.5118,43,✓ Yes,completed
1,46,41,04-07,+1.6%,+2.02%,0.5101,44,✓ Yes,completed
1,46,46,04-07,+1.2%,+1.45%,0.5073,70,✓ Yes,completed
1,50,10,04-07,+25.0%,+93.31%,0.9666,1,✗ No,budget_exceeded
1,50,14,04-07,+25.0%,+67.21%,0.8361,5,✗ No,budget_exceeded
1,50,19,04-07,+4.3%,+1.81%,0.5091,12,✓ Yes,completed
1,50,23,04-07,+1.1%,+0.97%,0.5048,14,✓ Yes,completed
1,50,28,04-07,+0.8%,+0.83%,0.5042,15,✓ Yes,completed
1,50,32,04-07,+0.7%,+0.78%,0.5039,15,✓ Yes,completed
1,50,37,04-07,+0.6%,+0.69%,0.5035,15,✓ Yes,completed
1,50,41,04-07,+0.4%,+0.51%,0.5026,15,✓ Yes,completed
1,50,46,04-07,+0.3%,+0.44%,0.5022,15,✓ Yes,completed
1,50,50,04-07,+0.2%,+0.20%,0.5010,18,✓ Yes,completed
1,10,10,05-01,+25.0%,+97.94%,0.9897,1,✗ No,budget_exceeded
1,10,10,05-01,+25.0%,+97.94%,0.9897,1,✗ No,budget_exceeded
1,14,10,05-01,+25.0%,+97.94%,0.9897,1,✗ No,budget_exceeded
1,14,14,05-01,+25.0%,+94.93%,0.9747,139,✗ No,budget_exceeded
1,19,10,05-01,+25.0%,+97.94%,0.9897,1,✗ No,budget_exceeded
1,19,19,05-01,+25.0%,+79.11%,0.8955,266,✗ No,budget_exceeded
1,23,10,05-01,+25.0%,+97.87%,0.9893,1,✗ No,budget_exceeded
1,23,17,05-01,+25.0%,+78.46%,0.8923,99,✗ No,budget_exceeded
1,23,23,05-01,+25.0%,+19.03%,0.5952,473,✗ No,budget_exceeded
1,28,10,05-01,+25.0%,+97.87%,0.9893,1,✗ No,budget_exceeded
1,28,16,05-01,+25.0%,+77.59%,0.8880,70,✗ No,budget_exceeded
1,28,22,05-01,+21.6%,+9.20%,0.5460,282,✓ Yes,completed
1,28,28,05-01,+13.4%,+7.82%,0.5391,375,✓ Yes,completed
1,32,10,05-01,+25.0%,+97.87%,0.9893,1,✗ No,budget_exceeded
1,32,14,05-01,+25.0%,+80.65%,0.9033,37,✗ No,budget_exceeded
1,32,19,05-01,+24.7%,+7.73%,0.5386,159,✓ Yes,completed
1,32,23,05-01,+12.1%,+6.95%,0.5348,190,✓ Yes,completed
1,32,28,05-01,+9.5%,+6.33%,0.5316,198,✓ Yes,completed
1,32,32,05-01,+7.7%,+5.65%,0.5283,247,✓ Yes,completed
1,37,10,05-01,+25.0%,+97.87%,0.9893,1,✗ No,budget_exceeded
1,37,14,05-01,+25.0%,+78.51%,0.8925,27,✗ No,budget_exceeded
1,37,19,05-01,+18.1%,+6.48%,0.5324,108,✓ Yes,completed
1,37,23,05-01,+8.8%,+5.55%,0.5278,132,✓ Yes,completed
1,37,28,05-01,+6.8%,+5.12%,0.5256,131,✓ Yes,completed
1,37,32,05-01,+5.5%,+4.73%,0.5237,129,✓ Yes,completed
1,37,37,05-01,+4.4%,+4.05%,0.5202,155,✓ Yes,completed
1,41,10,05-01,+25.0%,+97.87%,0.9893,1,✗ No,budget_exceeded
1,41,14,05-01,+25.0%,+76.77%,0.8839,18,✗ No,budget_exceeded
1,41,19,05-01,+12.0%,+4.46%,0.5223,67,✓ Yes,completed
1,41,23,05-01,+5.0%,+3.85%,0.5193,71,✓ Yes,completed
1,41,28,05-01,+4.0%,+3.62%,0.5181,71,✓ Yes,completed
1,41,32,05-01,+3.5%,+3.49%,0.5174,73,✓ Yes,completed
1,41,37,05-01,+3.2%,+3.42%,0.5171,75,✓ Yes,completed
1,41,41,05-01,+2.3%,+2.76%,0.5138,95,✓ Yes,completed
1,46,10,05-01,+25.0%,+97.87%,0.9893,1,✗ No,budget_exceeded
1,46,14,05-01,+25.0%,+75.48%,0.8774,14,✗ No,budget_exceeded
1,46,19,05-01,+9.8%,+3.23%,0.5161,39,✓ Yes,completed
1,46,23,05-01,+3.2%,+2.80%,0.5140,41,✓ Yes,completed
1,46,28,05-01,+2.5%,+2.67%,0.5134,40,✓ Yes,completed
1,46,32,05-01,+2.1%,+2.43%,0.5121,40,✓ Yes,completed
1,46,37,05-01,+1.9%,+2.32%,0.5116,41,✓ Yes,completed
1,46,41,05-01,+1.6%,+2.00%,0.5100,42,✓ Yes,completed
1,46,46,05-01,+1.1%,+1.47%,0.5074,67,✓ Yes,completed
1,50,10,05-01,+25.0%,+97.77%,0.9888,1,✗ No,budget_exceeded
1,50,14,05-01,+25.0%,+71.34%,0.8567,5,✗ No,budget_exceeded
1,50,19,05-01,+4.2%,+1.39%,0.5069,11,✓ Yes,completed
1,50,23,05-01,+1.1%,+1.01%,0.5050,13,✓ Yes,completed
1,50,28,05-01,+0.8%,+0.88%,0.5044,14,✓ Yes,completed
1,50,32,05-01,+0.6%,+0.81%,0.5040,14,✓ Yes,completed
1,50,37,05-01,+0.5%,+0.71%,0.5036,14,✓ Yes,completed
1,50,41,05-01,+0.4%,+0.51%,0.5026,14,✓ Yes,completed
1,50,46,05-01,+0.3%,+0.45%,0.5022,14,✓ Yes,completed
1,50,50,05-01,+0.2%,+0.24%,0.5012,17,✓ Yes,completed
1,10,10,05-24,+25.0%,+97.96%,0.9898,1,✗ No,budget_exceeded
1,10,10,05-24,+25.0%,+97.96%,0.9898,1,✗ No,budget_exceeded
1,14,10,05-24,+25.0%,+97.96%,0.9898,1,✗ No,budget_exceeded
1,14,14,05-24,+25.0%,+94.41%,0.9721,190,✗ No,budget_exceeded
1,19,10,05-24,+25.0%,+97.96%,0.9898,1,✗ No,budget_exceeded
1,19,19,05-24,+25.0%,+78.83%,0.8942,274,✗ No,budget_exceeded
1,23,10,05-24,+25.0%,+97.90%,0.9895,1,✗ No,budget_exceeded
1,23,17,05-24,+25.0%,+77.43%,0.8872,98,✗ No,budget_exceeded
1,23,23,05-24,+25.0%,+13.68%,0.5684,475,✗ No,budget_exceeded
1,28,10,05-24,+25.0%,+97.88%,0.9894,1,✗ No,budget_exceeded
1,28,16,05-24,+25.0%,+77.37%,0.8869,70,✗ No,budget_exceeded
1,28,22,05-24,+20.8%,+8.36%,0.5418,267,✓ Yes,completed
1,28,28,05-24,+12.6%,+7.46%,0.5373,357,✓ Yes,completed
1,32,10,05-24,+25.0%,+97.68%,0.9884,1,✗ No,budget_exceeded
1,32,14,05-24,+25.0%,+80.24%,0.9012,37,✗ No,budget_exceeded
1,32,19,05-24,+24.1%,+6.55%,0.5328,154,✓ Yes,completed
1,32,23,05-24,+11.1%,+6.73%,0.5337,178,✓ Yes,completed
1,32,28,05-24,+8.8%,+5.97%,0.5299,186,✓ Yes,completed
1,32,32,05-24,+7.2%,+5.22%,0.5261,240,✓ Yes,completed
1,37,10,05-24,+25.0%,+97.68%,0.9884,1,✗ No,budget_exceeded
1,37,14,05-24,+25.0%,+78.09%,0.8904,27,✗ No,budget_exceeded
1,37,19,05-24,+16.5%,+5.78%,0.5289,104,✓ Yes,completed
1,37,23,05-24,+8.1%,+5.09%,0.5254,123,✓ Yes,completed
1,37,28,05-24,+6.5%,+4.61%,0.5231,126,✓ Yes,completed
1,37,32,05-24,+5.5%,+4.24%,0.5212,129,✓ Yes,completed
1,37,37,05-24,+4.4%,+3.51%,0.5175,156,✓ Yes,completed
1,41,10,05-24,+25.0%,+96.23%,0.9812,1,✗ No,budget_exceeded
1,41,14,05-24,+25.0%,+74.88%,0.8744,18,✗ No,budget_exceeded
1,41,19,05-24,+10.2%,+4.23%,0.5212,63,✓ Yes,completed
1,41,23,05-24,+5.0%,+3.28%,0.5164,71,✓ Yes,completed
1,41,28,05-24,+4.0%,+3.09%,0.5155,72,✓ Yes,completed
1,41,32,05-24,+3.5%,+2.92%,0.5146,73,✓ Yes,completed
1,41,37,05-24,+3.2%,+2.69%,0.5134,75,✓ Yes,completed
1,41,41,05-24,+2.4%,+2.07%,0.5104,100,✓ Yes,completed
1,46,10,05-24,+25.0%,+95.99%,0.9799,1,✗ No,budget_exceeded
1,46,14,05-24,+25.0%,+73.32%,0.8666,14,✗ No,budget_exceeded
1,46,19,05-24,+8.0%,+2.79%,0.5140,37,✓ Yes,completed
1,46,23,05-24,+3.3%,+2.10%,0.5105,43,✓ Yes,completed
1,46,28,05-24,+2.6%,+1.97%,0.5099,44,✓ Yes,completed
1,46,32,05-24,+2.1%,+1.77%,0.5089,43,✓ Yes,completed
1,46,37,05-24,+1.9%,+1.66%,0.5083,43,✓ Yes,completed
1,46,41,05-24,+1.5%,+1.48%,0.5074,43,✓ Yes,completed
1,46,46,05-24,+1.0%,+1.06%,0.5053,61,✓ Yes,completed
1,50,10,05-24,+25.0%,+78.02%,0.8901,1,✗ No,budget_exceeded
1,50,14,05-24,+25.0%,+68.65%,0.8433,4,✗ No,budget_exceeded
1,50,19,05-24,+4.3%,+0.82%,0.5041,12,✓ Yes,completed
1,50,23,05-24,+1.1%,+0.71%,0.5035,12,✓ Yes,completed
1,50,28,05-24,+0.7%,+0.65%,0.5032,13,✓ Yes,completed
1,50,32,05-24,+0.6%,+0.60%,0.5030,13,✓ Yes,completed
1,50,37,05-24,+0.5%,+0.53%,0.5026,13,✓ Yes,completed
1,50,41,05-24,+0.3%,+0.37%,0.5019,13,✓ Yes,completed
1,50,46,05-24,+0.3%,+0.35%,0.5017,13,✓ Yes,completed
1,50,50,05-24,+0.2%,+0.18%,0.5009,16,✓ Yes,completed
2,19,13,02-10,+25.0%,+97.72%,0.9886,1,✗ No,budget_exceeded
2,19,16,02-10,+25.0%,+96.21%,0.9811,14,✗ No,budget_exceeded
2,19,19,02-10,+25.0%,+83.23%,0.9162,189,✗ No,budget_exceeded
2,21,13,02-10,+25.0%,+97.68%,0.9884,1,✗ No,budget_exceeded
2,21,15,02-10,+25.0%,+95.81%,0.9790,14,✗ No,budget_exceeded
2,21,18,02-10,+25.0%,+75.07%,0.8753,190,✗ No,budget_exceeded
2,21,21,02-10,+25.0%,+64.81%,0.8240,357,✗ No,budget_exceeded
2,23,13,02-10,+25.0%,+97.67%,0.9884,1,✗ No,budget_exceeded
2,23,15,02-10,+25.0%,+97.05%,0.9853,3,✗ No,budget_exceeded
2,23,17,02-10,+25.0%,+85.95%,0.9297,65,✗ No,budget_exceeded
2,23,19,02-10,+25.0%,+68.22%,0.8411,173,✗ No,budget_exceeded
2,23,21,02-10,+25.0%,+54.60%,0.7730,243,✗ No,budget_exceeded
2,23,23,02-10,+25.0%,+42.37%,0.7118,399,✗ No,budget_exceeded
2,25,13,02-10,+25.0%,+97.67%,0.9884,1,✗ No,budget_exceeded
2,25,15,02-10,+25.0%,+97.05%,0.9853,3,✗ No,budget_exceeded
2,25,17,02-10,+25.0%,+82.22%,0.9111,70,✗ No,budget_exceeded
2,25,19,02-10,+25.0%,+63.68%,0.8184,148,✗ No,budget_exceeded
2,25,21,02-10,+25.0%,+42.63%,0.7131,228,✗ No,budget_exceeded
2,25,23,02-10,+25.0%,+26.72%,0.6336,317,✗ No,budget_exceeded
2,25,25,02-10,+22.9%,+10.08%,0.5504,499,✓ Yes,completed
2,27,13,02-10,+25.0%,+97.67%,0.9884,1,✗ No,budget_exceeded
2,27,15,02-10,+25.0%,+97.04%,0.9852,3,✗ No,budget_exceeded
2,27,17,02-10,+25.0%,+79.71%,0.8986,72,✗ No,budget_exceeded
2,27,19,02-10,+25.0%,+57.73%,0.7887,134,✗ No,budget_exceeded
2,27,21,02-10,+25.0%,+31.54%,0.6577,232,✗ No,budget_exceeded
2,27,23,02-10,+23.3%,+9.97%,0.5498,322,✓ Yes,completed
2,27,25,02-10,+18.3%,+9.13%,0.5457,344,✓ Yes,completed
2,27,27,02-10,+15.5%,+8.21%,0.5411,418,✓ Yes,completed
2,29,13,02-10,+25.0%,+97.56%,0.9878,1,✗ No,budget_exceeded
2,29,15,02-10,+25.0%,+96.18%,0.9809,3,✗ No,budget_exceeded
2,29,17,02-10,+25.0%,+73.99%,0.8699,75,✗ No,budget_exceeded
2,29,19,02-10,+25.0%,+48.52%,0.7426,124,✗ No,budget_exceeded
2,29,21,02-10,+23.0%,+9.23%,0.5462,249,✓ Yes,completed
2,29,23,02-10,+18.0%,+8.66%,0.5433,244,✓ Yes,completed
2,29,25,02-10,+14.8%,+7.90%,0.5395,263,✓ Yes,completed
2,29,27,02-10,+13.0%,+7.26%,0.5363,266,✓ Yes,completed
2,29,29,02-10,+11.5%,+6.62%,0.5331,327,✓ Yes,completed
2,31,13,02-10,+25.0%,+95.99%,0.9800,1,✗ No,budget_exceeded
2,31,15,02-10,+25.0%,+93.88%,0.9694,5,✗ No,budget_exceeded
2,31,17,02-10,+25.0%,+70.04%,0.8502,70,✗ No,budget_exceeded
2,31,19,02-10,+25.0%,+32.14%,0.6607,131,✗ No,budget_exceeded
2,31,21,02-10,+18.9%,+8.35%,0.5418,195,✓ Yes,completed
2,31,23,02-10,+15.3%,+7.72%,0.5386,203,✓ Yes,completed
2,31,25,02-10,+12.6%,+6.91%,0.5346,218,✓ Yes,completed
2,31,27,02-10,+11.3%,+6.52%,0.5326,220,✓ Yes,completed
2,31,29,02-10,+10.2%,+6.07%,0.5304,228,✓ Yes,completed
2,31,31,02-10,+9.4%,+5.72%,0.5286,273,✓ Yes,completed
2,33,13,02-10,+25.0%,+95.97%,0.9798,1,✗ No,budget_exceeded
2,33,15,02-10,+25.0%,+88.78%,0.9439,11,✗ No,budget_exceeded
2,33,17,02-10,+25.0%,+65.28%,0.8264,60,✗ No,budget_exceeded
2,33,19,02-10,+25.0%,+29.63%,0.6481,119,✗ No,budget_exceeded
2,33,21,02-10,+16.9%,+7.52%,0.5376,169,✓ Yes,completed
2,33,23,02-10,+13.8%,+6.97%,0.5348,176,✓ Yes,completed
2,33,25,02-10,+11.2%,+6.23%,0.5312,190,✓ Yes,completed
2,33,27,02-10,+10.1%,+5.89%,0.5295,191,✓ Yes,completed
2,33,29,02-10,+9.0%,+5.55%,0.5278,196,✓ Yes,completed
2,33,31,02-10,+8.4%,+5.35%,0.5268,202,✓ Yes,completed
2,33,33,02-10,+7.8%,+5.02%,0.5251,249,✓ Yes,completed
2,35,13,02-10,+25.0%,+95.95%,0.9798,1,✗ No,budget_exceeded
2,35,15,02-10,+25.0%,+88.68%,0.9434,10,✗ No,budget_exceeded
2,35,17,02-10,+25.0%,+64.15%,0.8207,50,✗ No,budget_exceeded
2,35,19,02-10,+25.0%,+9.35%,0.5468,133,✗ No,budget_exceeded
2,35,21,02-10,+14.8%,+6.66%,0.5333,141,✓ Yes,completed
2,35,23,02-10,+11.9%,+6.02%,0.5301,150,✓ Yes,completed
2,35,25,02-10,+9.5%,+5.46%,0.5273,157,✓ Yes,completed
2,35,27,02-10,+8.7%,+5.28%,0.5264,156,✓ Yes,completed
2,35,29,02-10,+7.7%,+4.97%,0.5249,158,✓ Yes,completed
2,35,31,02-10,+7.3%,+4.82%,0.5241,157,✓ Yes,completed
2,35,33,02-10,+6.8%,+4.61%,0.5230,159,✓ Yes,completed
2,35,35,02-10,+6.0%,+4.25%,0.5212,203,✓ Yes,completed
2,37,13,02-10,+25.0%,+95.95%,0.9798,1,✗ No,budget_exceeded
2,37,15,02-10,+25.0%,+85.53%,0.9277,10,✗ No,budget_exceeded
2,37,17,02-10,+25.0%,+63.14%,0.8157,42,✗ No,budget_exceeded
2,37,19,02-10,+22.7%,+7.01%,0.5351,112,✓ Yes,completed
2,37,21,02-10,+13.4%,+5.86%,0.5293,119,✓ Yes,completed
2,37,23,02-10,+10.6%,+5.36%,0.5268,129,✓ Yes,completed
2,37,25,02-10,+8.2%,+4.85%,0.5242,134,✓ Yes,completed
2,37,27,02-10,+7.6%,+4.71%,0.5235,132,✓ Yes,completed
2,37,29,02-10,+6.7%,+4.46%,0.5223,133,✓ Yes,completed
2,37,31,02-10,+6.3%,+4.38%,0.5219,131,✓ Yes,completed
2,37,33,02-10,+5.9%,+4.19%,0.5210,134,✓ Yes,completed
2,37,35,02-10,+5.4%,+3.87%,0.5194,136,✓ Yes,completed
2,37,37,02-10,+4.8%,+3.50%,0.5175,166,✓ Yes,completed
2,19,13,02-21,+25.0%,+97.70%,0.9885,1,✗ No,budget_exceeded
2,19,16,02-21,+25.0%,+94.79%,0.9739,31,✗ No,budget_exceeded
2,19,19,02-21,+25.0%,+80.56%,0.9028,225,✗ No,budget_exceeded
2,21,13,02-21,+25.0%,+97.48%,0.9874,1,✗ No,budget_exceeded
2,21,15,02-21,+25.0%,+91.81%,0.9591,41,✗ No,budget_exceeded
2,21,18,02-21,+25.0%,+73.39%,0.8670,207,✗ No,budget_exceeded
2,21,21,02-21,+25.0%,+65.18%,0.8259,356,✗ No,budget_exceeded
2,23,13,02-21,+25.0%,+97.47%,0.9874,1,✗ No,budget_exceeded
2,23,15,02-21,+25.0%,+96.58%,0.9829,6,✗ No,budget_exceeded
2,23,17,02-21,+25.0%,+83.93%,0.9197,86,✗ No,budget_exceeded
2,23,19,02-21,+25.0%,+68.41%,0.8420,170,✗ No,budget_exceeded
2,23,21,02-21,+25.0%,+53.36%,0.7668,247,✗ No,budget_exceeded
2,23,23,02-21,+25.0%,+40.53%,0.7027,410,✗ No,budget_exceeded
2,25,13,02-21,+25.0%,+95.36%,0.9768,1,✗ No,budget_exceeded
2,25,15,02-21,+25.0%,+91.26%,0.9563,14,✗ No,budget_exceeded
2,25,17,02-21,+25.0%,+76.67%,0.8833,94,✗ No,budget_exceeded
2,25,19,02-21,+25.0%,+62.57%,0.8129,147,✗ No,budget_exceeded
2,25,21,02-21,+25.0%,+42.01%,0.7101,230,✗ No,budget_exceeded
2,25,23,02-21,+25.0%,+24.37%,0.6218,329,✗ No,budget_exceeded
2,25,25,02-21,+23.1%,+10.49%,0.5525,502,✓ Yes,completed
2,27,13,02-21,+25.0%,+95.35%,0.9767,1,✗ No,budget_exceeded
2,27,15,02-21,+25.0%,+89.06%,0.9453,15,✗ No,budget_exceeded
2,27,17,02-21,+25.0%,+74.94%,0.8747,84,✗ No,budget_exceeded
2,27,19,02-21,+25.0%,+55.03%,0.7752,137,✗ No,budget_exceeded
2,27,21,02-21,+25.0%,+32.08%,0.6604,235,✗ No,budget_exceeded
2,27,23,02-21,+23.5%,+10.41%,0.5521,327,✓ Yes,completed
2,27,25,02-21,+18.3%,+9.85%,0.5492,347,✓ Yes,completed
2,27,27,02-21,+15.3%,+8.84%,0.5442,408,✓ Yes,completed
2,29,13,02-21,+25.0%,+94.62%,0.9731,1,✗ No,budget_exceeded
2,29,15,02-21,+25.0%,+86.95%,0.9347,23,✗ No,budget_exceeded
2,29,17,02-21,+25.0%,+72.63%,0.8631,76,✗ No,budget_exceeded
2,29,19,02-21,+25.0%,+45.36%,0.7268,124,✗ No,budget_exceeded
2,29,21,02-21,+23.4%,+9.75%,0.5487,256,✓ Yes,completed
2,29,23,02-21,+17.8%,+9.44%,0.5472,247,✓ Yes,completed
2,29,25,02-21,+14.6%,+8.51%,0.5426,261,✓ Yes,completed
2,29,27,02-21,+12.9%,+8.04%,0.5402,263,✓ Yes,completed
2,29,29,02-21,+11.5%,+7.40%,0.5370,322,✓ Yes,completed
2,31,13,02-21,+25.0%,+94.62%,0.9731,1,✗ No,budget_exceeded
2,31,15,02-21,+25.0%,+86.23%,0.9312,22,✗ No,budget_exceeded
2,31,17,02-21,+25.0%,+69.18%,0.8459,70,✗ No,budget_exceeded
2,31,19,02-21,+25.0%,+33.85%,0.6692,133,✗ No,budget_exceeded
2,31,21,02-21,+19.2%,+8.95%,0.5448,203,✓ Yes,completed
2,31,23,02-21,+15.2%,+8.38%,0.5419,203,✓ Yes,completed
2,31,25,02-21,+12.5%,+7.75%,0.5387,218,✓ Yes,completed
2,31,27,02-21,+11.2%,+7.25%,0.5363,218,✓ Yes,completed
2,31,29,02-21,+10.2%,+6.80%,0.5340,227,✓ Yes,completed
2,31,31,02-21,+9.4%,+6.38%,0.5319,273,✓ Yes,completed
2,33,13,02-21,+25.0%,+94.62%,0.9731,1,✗ No,budget_exceeded
2,33,15,02-21,+25.0%,+84.47%,0.9223,28,✗ No,budget_exceeded
2,33,17,02-21,+25.0%,+67.09%,0.8355,59,✗ No,budget_exceeded
2,33,19,02-21,+25.0%,+31.66%,0.6583,118,✗ No,budget_exceeded
2,33,21,02-21,+16.9%,+8.34%,0.5417,170,✓ Yes,completed
2,33,23,02-21,+13.8%,+7.73%,0.5386,179,✓ Yes,completed
2,33,25,02-21,+11.1%,+6.97%,0.5349,190,✓ Yes,completed
2,33,27,02-21,+10.1%,+6.63%,0.5331,191,✓ Yes,completed
2,33,29,02-21,+9.0%,+6.21%,0.5310,197,✓ Yes,completed
2,33,31,02-21,+8.5%,+5.98%,0.5299,203,✓ Yes,completed
2,33,33,02-21,+7.9%,+5.60%,0.5280,251,✓ Yes,completed
2,35,13,02-21,+25.0%,+94.62%,0.9731,1,✗ No,budget_exceeded
2,35,15,02-21,+25.0%,+83.65%,0.9183,28,✗ No,budget_exceeded
2,35,17,02-21,+25.0%,+66.01%,0.8300,49,✗ No,budget_exceeded
2,35,19,02-21,+25.0%,+10.25%,0.5512,141,✗ No,budget_exceeded
2,35,21,02-21,+14.8%,+7.34%,0.5367,142,✓ Yes,completed
2,35,23,02-21,+11.8%,+6.82%,0.5341,151,✓ Yes,completed
2,35,25,02-21,+9.5%,+6.12%,0.5306,159,✓ Yes,completed
2,35,27,02-21,+8.8%,+5.93%,0.5297,159,✓ Yes,completed
2,35,29,02-21,+7.9%,+5.56%,0.5278,162,✓ Yes,completed
2,35,31,02-21,+7.5%,+5.39%,0.5269,161,✓ Yes,completed
2,35,33,02-21,+7.0%,+5.14%,0.5257,163,✓ Yes,completed
2,35,35,02-21,+6.3%,+4.74%,0.5237,210,✓ Yes,completed
2,37,13,02-21,+25.0%,+94.60%,0.9730,1,✗ No,budget_exceeded
2,37,15,02-21,+25.0%,+82.06%,0.9103,24,✗ No,budget_exceeded
2,37,17,02-21,+25.0%,+64.99%,0.8249,41,✗ No,budget_exceeded
2,37,19,02-21,+22.7%,+7.44%,0.5372,120,✓ Yes,completed
2,37,21,02-21,+13.3%,+6.65%,0.5332,121,✓ Yes,completed
2,37,23,02-21,+10.5%,+6.05%,0.5303,128,✓ Yes,completed
2,37,25,02-21,+8.3%,+5.44%,0.5272,135,✓ Yes,completed
2,37,27,02-21,+7.7%,+5.24%,0.5262,135,✓ Yes,completed
2,37,29,02-21,+6.9%,+4.99%,0.5249,137,✓ Yes,completed
2,37,31,02-21,+6.6%,+4.86%,0.5243,137,✓ Yes,completed
2,37,33,02-21,+6.2%,+4.69%,0.5234,139,✓ Yes,completed
2,37,35,02-21,+5.6%,+4.34%,0.5217,141,✓ Yes,completed
2,37,37,02-21,+4.9%,+3.95%,0.5197,170,✓ Yes,completed
2,19,13,03-04,+25.0%,+97.68%,0.9884,1,✗ No,budget_exceeded
2,19,16,03-04,+25.0%,+91.67%,0.9583,55,✗ No,budget_exceeded
2,19,19,03-04,+25.0%,+79.48%,0.8974,246,✗ No,budget_exceeded
2,21,13,03-04,+25.0%,+97.52%,0.9876,1,✗ No,budget_exceeded
2,21,15,03-04,+25.0%,+89.84%,0.9492,61,✗ No,budget_exceeded
2,21,18,03-04,+25.0%,+73.40%,0.8670,204,✗ No,budget_exceeded
2,21,21,03-04,+25.0%,+65.43%,0.8271,366,✗ No,budget_exceeded
2,23,13,03-04,+25.0%,+97.52%,0.9876,1,✗ No,budget_exceeded
2,23,15,03-04,+25.0%,+94.06%,0.9703,18,✗ No,budget_exceeded
2,23,17,03-04,+25.0%,+83.53%,0.9177,97,✗ No,budget_exceeded
2,23,19,03-04,+25.0%,+68.95%,0.8447,168,✗ No,budget_exceeded
2,23,21,03-04,+25.0%,+54.77%,0.7738,246,✗ No,budget_exceeded
2,23,23,03-04,+25.0%,+41.87%,0.7093,407,✗ No,budget_exceeded
2,25,13,03-04,+25.0%,+97.52%,0.9876,1,✗ No,budget_exceeded
2,25,15,03-04,+25.0%,+93.44%,0.9672,14,✗ No,budget_exceeded
2,25,17,03-04,+25.0%,+78.90%,0.8945,94,✗ No,budget_exceeded
2,25,19,03-04,+25.0%,+64.85%,0.8243,147,✗ No,budget_exceeded
2,25,21,03-04,+25.0%,+44.37%,0.7218,230,✗ No,budget_exceeded
2,25,23,03-04,+25.0%,+26.78%,0.6339,329,✗ No,budget_exceeded
2,25,25,03-04,+23.7%,+10.90%,0.5545,523,✓ Yes,completed
2,27,13,03-04,+25.0%,+97.51%,0.9876,1,✗ No,budget_exceeded
2,27,15,03-04,+25.0%,+91.25%,0.9562,15,✗ No,budget_exceeded
2,27,17,03-04,+25.0%,+77.17%,0.8859,84,✗ No,budget_exceeded
2,27,19,03-04,+25.0%,+57.34%,0.7867,137,✗ No,budget_exceeded
2,27,21,03-04,+25.0%,+34.47%,0.6723,235,✗ No,budget_exceeded
2,27,23,03-04,+24.0%,+10.83%,0.5541,338,✓ Yes,completed
2,27,25,03-04,+19.3%,+10.17%,0.5509,368,✓ Yes,completed
2,27,27,03-04,+15.6%,+9.58%,0.5479,417,✓ Yes,completed
2,29,13,03-04,+25.0%,+96.78%,0.9839,1,✗ No,budget_exceeded
2,29,15,03-04,+25.0%,+89.14%,0.9457,23,✗ No,budget_exceeded
2,29,17,03-04,+25.0%,+74.87%,0.8744,76,✗ No,budget_exceeded
2,29,19,03-04,+25.0%,+47.70%,0.7385,124,✗ No,budget_exceeded
2,29,21,03-04,+23.9%,+10.13%,0.5507,264,✓ Yes,completed
2,29,23,03-04,+18.7%,+9.80%,0.5490,262,✓ Yes,completed
2,29,25,03-04,+14.8%,+9.22%,0.5461,265,✓ Yes,completed
2,29,27,03-04,+13.0%,+8.59%,0.5430,265,✓ Yes,completed
2,29,29,03-04,+11.6%,+7.99%,0.5399,326,✓ Yes,completed
2,31,13,03-04,+25.0%,+96.78%,0.9839,1,✗ No,budget_exceeded
2,31,15,03-04,+25.0%,+88.43%,0.9421,22,✗ No,budget_exceeded
2,31,17,03-04,+25.0%,+71.44%,0.8572,70,✗ No,budget_exceeded
2,31,19,03-04,+25.0%,+36.23%,0.6811,133,✗ No,budget_exceeded
2,31,21,03-04,+20.0%,+9.33%,0.5466,216,✓ Yes,completed
2,31,23,03-04,+15.5%,+9.11%,0.5455,209,✓ Yes,completed
2,31,25,03-04,+12.6%,+8.26%,0.5413,220,✓ Yes,completed
2,31,27,03-04,+11.4%,+7.85%,0.5393,222,✓ Yes,completed
2,31,29,03-04,+10.2%,+7.48%,0.5374,229,✓ Yes,completed
2,31,31,03-04,+9.5%,+7.05%,0.5352,277,✓ Yes,completed
2,33,13,03-04,+25.0%,+96.78%,0.9839,1,✗ No,budget_exceeded
2,33,15,03-04,+25.0%,+86.67%,0.9334,28,✗ No,budget_exceeded
2,33,17,03-04,+25.0%,+69.35%,0.8468,59,✗ No,budget_exceeded
2,33,19,03-04,+25.0%,+34.05%,0.6702,118,✗ No,budget_exceeded
2,33,21,03-04,+17.5%,+8.73%,0.5436,182,✓ Yes,completed
2,33,23,03-04,+13.8%,+8.40%,0.5420,180,✓ Yes,completed
2,33,25,03-04,+11.3%,+7.60%,0.5380,194,✓ Yes,completed
2,33,27,03-04,+10.2%,+7.33%,0.5366,193,✓ Yes,completed
2,33,29,03-04,+9.1%,+6.83%,0.5342,198,✓ Yes,completed
2,33,31,03-04,+8.6%,+6.54%,0.5327,205,✓ Yes,completed
2,33,33,03-04,+8.0%,+6.17%,0.5309,253,✓ Yes,completed
2,35,13,03-04,+25.0%,+96.78%,0.9839,1,✗ No,budget_exceeded
2,35,15,03-04,+25.0%,+85.86%,0.9293,28,✗ No,budget_exceeded
2,35,17,03-04,+25.0%,+68.27%,0.8414,49,✗ No,budget_exceeded
2,35,19,03-04,+25.0%,+12.71%,0.5636,141,✗ No,budget_exceeded
2,35,21,03-04,+14.8%,+8.02%,0.5401,144,✓ Yes,completed
2,35,23,03-04,+11.9%,+7.41%,0.5371,153,✓ Yes,completed
2,35,25,03-04,+9.6%,+6.77%,0.5338,161,✓ Yes,completed
2,35,27,03-04,+8.8%,+6.51%,0.5326,160,✓ Yes,completed
2,35,29,03-04,+8.0%,+6.13%,0.5307,164,✓ Yes,completed
2,35,31,03-04,+7.5%,+5.92%,0.5296,163,✓ Yes,completed
2,35,33,03-04,+7.1%,+5.63%,0.5281,166,✓ Yes,completed
2,35,35,03-04,+6.4%,+5.20%,0.5260,214,✓ Yes,completed
2,37,13,03-04,+25.0%,+96.77%,0.9838,1,✗ No,budget_exceeded
2,37,15,03-04,+25.0%,+84.27%,0.9214,24,✗ No,budget_exceeded
2,37,17,03-04,+25.0%,+67.26%,0.8363,41,✗ No,budget_exceeded
2,37,19,03-04,+22.9%,+7.72%,0.5386,122,✓ Yes,completed
2,37,21,03-04,+13.3%,+7.26%,0.5363,121,✓ Yes,completed
2,37,23,03-04,+10.5%,+6.71%,0.5336,129,✓ Yes,completed
2,37,25,03-04,+8.3%,+5.97%,0.5299,135,✓ Yes,completed
2,37,27,03-04,+7.7%,+5.77%,0.5288,135,✓ Yes,completed
2,37,29,03-04,+6.9%,+5.43%,0.5271,138,✓ Yes,completed
2,37,31,03-04,+6.6%,+5.31%,0.5266,138,✓ Yes,completed
2,37,33,03-04,+6.3%,+5.12%,0.5256,141,✓ Yes,completed
2,37,35,03-04,+5.7%,+4.75%,0.5238,143,✓ Yes,completed
2,37,37,03-04,+5.1%,+4.29%,0.5214,175,✓ Yes,completed
2,19,13,03-15,+25.0%,+97.75%,0.9888,2,✗ No,budget_exceeded
2,19,16,03-15,+25.0%,+90.89%,0.9545,68,✗ No,budget_exceeded
2,19,19,03-15,+25.0%,+79.19%,0.8959,272,✓ Yes,budget_exceeded
2,21,13,03-15,+25.0%,+97.74%,0.9887,2,✗ No,budget_exceeded
2,21,15,03-15,+25.0%,+89.46%,0.9473,74,✗ No,budget_exceeded
2,21,18,03-15,+25.0%,+74.10%,0.8705,202,✗ No,budget_exceeded
2,21,21,03-15,+25.0%,+65.46%,0.8273,369,✗ No,budget_exceeded
2,23,13,03-15,+25.0%,+97.72%,0.9886,2,✗ No,budget_exceeded
2,23,15,03-15,+25.0%,+91.59%,0.9580,33,✗ No,budget_exceeded
2,23,17,03-15,+25.0%,+80.74%,0.9037,108,✗ No,budget_exceeded
2,23,19,03-15,+25.0%,+69.73%,0.8487,165,✗ No,budget_exceeded
2,23,21,03-15,+25.0%,+55.55%,0.7778,245,✗ No,budget_exceeded
2,23,23,03-15,+25.0%,+40.53%,0.7026,419,✗ No,budget_exceeded
2,25,13,03-15,+25.0%,+97.28%,0.9864,2,✗ No,budget_exceeded
2,25,15,03-15,+25.0%,+90.17%,0.9509,29,✗ No,budget_exceeded
2,25,17,03-15,+25.0%,+79.17%,0.8959,95,✗ No,budget_exceeded
2,25,19,03-15,+25.0%,+64.49%,0.8224,146,✗ No,budget_exceeded
2,25,21,03-15,+25.0%,+42.12%,0.7106,242,✗ No,budget_exceeded
2,25,23,03-15,+25.0%,+21.19%,0.6060,345,✗ No,budget_exceeded
2,25,25,03-15,+23.3%,+10.94%,0.5547,521,✓ Yes,completed
2,27,13,03-15,+25.0%,+97.28%,0.9864,2,✗ No,budget_exceeded
2,27,15,03-15,+25.0%,+89.52%,0.9476,30,✗ No,budget_exceeded
2,27,17,03-15,+25.0%,+77.01%,0.8850,84,✗ No,budget_exceeded
2,27,19,03-15,+25.0%,+56.80%,0.7840,137,✗ No,budget_exceeded
2,27,21,03-15,+25.0%,+32.09%,0.6604,248,✗ No,budget_exceeded
2,27,23,03-15,+23.3%,+10.80%,0.5540,340,✓ Yes,completed
2,27,25,03-15,+19.2%,+10.13%,0.5506,367,✓ Yes,completed
2,27,27,03-15,+15.8%,+9.46%,0.5473,423,✓ Yes,completed
2,29,13,03-15,+25.0%,+97.28%,0.9864,2,✗ No,budget_exceeded
2,29,15,03-15,+25.0%,+88.91%,0.9446,31,✗ No,budget_exceeded
2,29,17,03-15,+25.0%,+72.82%,0.8641,77,✗ No,budget_exceeded
2,29,19,03-15,+25.0%,+48.45%,0.7422,124,✗ No,budget_exceeded
2,29,21,03-15,+23.2%,+10.13%,0.5506,265,✓ Yes,completed
2,29,23,03-15,+18.7%,+9.70%,0.5485,268,✓ Yes,completed
2,29,25,03-15,+15.0%,+9.20%,0.5460,276,✓ Yes,completed
2,29,27,03-15,+12.8%,+8.86%,0.5443,265,✓ Yes,completed
2,29,29,03-15,+11.2%,+8.22%,0.5411,319,✓ Yes,completed
2,31,13,03-15,+25.0%,+97.10%,0.9855,2,✗ No,budget_exceeded
2,31,15,03-15,+25.0%,+87.65%,0.9382,33,✗ No,budget_exceeded
2,31,17,03-15,+25.0%,+71.84%,0.8592,70,✗ No,budget_exceeded
2,31,19,03-15,+25.0%,+36.85%,0.6842,132,✗ No,budget_exceeded
2,31,21,03-15,+19.6%,+9.25%,0.5463,219,✓ Yes,completed
2,31,23,03-15,+15.3%,+8.95%,0.5448,215,✓ Yes,completed
2,31,25,03-15,+12.2%,+8.49%,0.5424,217,✓ Yes,completed
2,31,27,03-15,+11.0%,+8.07%,0.5403,216,✓ Yes,completed
2,31,29,03-15,+10.0%,+7.59%,0.5380,225,✓ Yes,completed
2,31,31,03-15,+9.2%,+7.20%,0.5360,274,✓ Yes,completed
2,33,13,03-15,+25.0%,+97.10%,0.9855,2,✗ No,budget_exceeded
2,33,15,03-15,+25.0%,+86.66%,0.9333,32,✗ No,budget_exceeded
2,33,17,03-15,+25.0%,+69.81%,0.8491,59,✗ No,budget_exceeded
2,33,19,03-15,+25.0%,+31.62%,0.6581,123,✗ No,budget_exceeded
2,33,21,03-15,+17.2%,+8.61%,0.5431,187,✓ Yes,completed
2,33,23,03-15,+13.4%,+8.48%,0.5424,183,✓ Yes,completed
2,33,25,03-15,+10.8%,+7.76%,0.5388,188,✓ Yes,completed
2,33,27,03-15,+9.9%,+7.42%,0.5371,189,✓ Yes,completed
2,33,29,03-15,+8.8%,+7.01%,0.5350,196,✓ Yes,completed
2,33,31,03-15,+8.3%,+6.79%,0.5339,202,✓ Yes,completed
2,33,33,03-15,+7.7%,+6.46%,0.5323,249,✓ Yes,completed
2,35,13,03-15,+25.0%,+97.09%,0.9854,2,✗ No,budget_exceeded
2,35,15,03-15,+25.0%,+85.45%,0.9272,30,✗ No,budget_exceeded
2,35,17,03-15,+25.0%,+68.71%,0.8436,49,✗ No,budget_exceeded
2,35,19,03-15,+24.4%,+8.38%,0.5419,144,✓ Yes,completed
2,35,21,03-15,+14.3%,+7.84%,0.5392,148,✓ Yes,completed
2,35,23,03-15,+11.2%,+7.54%,0.5377,150,✓ Yes,completed
2,35,25,03-15,+9.2%,+6.90%,0.5345,158,✓ Yes,completed
2,35,27,03-15,+8.6%,+6.70%,0.5335,158,✓ Yes,completed
2,35,29,03-15,+7.6%,+6.39%,0.5320,160,✓ Yes,completed
2,35,31,03-15,+7.3%,+6.16%,0.5308,160,✓ Yes,completed
2,35,33,03-15,+6.8%,+5.86%,0.5293,162,✓ Yes,completed
2,35,35,03-15,+6.1%,+5.36%,0.5268,210,✓ Yes,completed
2,37,13,03-15,+25.0%,+95.73%,0.9786,2,✗ No,budget_exceeded
2,37,15,03-15,+25.0%,+78.55%,0.8928,27,✗ No,budget_exceeded
2,37,17,03-15,+25.0%,+67.71%,0.8386,41,✗ No,budget_exceeded
2,37,19,03-15,+21.8%,+7.59%,0.5380,121,✓ Yes,completed
2,37,21,03-15,+12.5%,+7.34%,0.5367,120,✓ Yes,completed
2,37,23,03-15,+9.9%,+6.72%,0.5336,128,✓ Yes,completed
2,37,25,03-15,+7.9%,+6.22%,0.5311,131,✓ Yes,completed
2,37,27,03-15,+7.4%,+6.03%,0.5302,131,✓ Yes,completed
2,37,29,03-15,+6.6%,+5.67%,0.5284,133,✓ Yes,completed
2,37,31,03-15,+6.3%,+5.51%,0.5275,133,✓ Yes,completed
2,37,33,03-15,+6.0%,+5.28%,0.5264,136,✓ Yes,completed
2,37,35,03-15,+5.4%,+4.91%,0.5245,138,✓ Yes,completed
2,37,37,03-15,+4.8%,+4.42%,0.5221,167,✓ Yes,completed
2,19,13,03-26,+25.0%,+97.82%,0.9891,2,✗ No,budget_exceeded
2,19,16,03-26,+25.0%,+89.20%,0.9460,90,✗ No,budget_exceeded
2,19,19,03-26,+25.0%,+78.12%,0.8906,286,✗ No,budget_exceeded
2,21,13,03-26,+25.0%,+97.80%,0.9890,2,✗ No,budget_exceeded
2,21,15,03-26,+25.0%,+87.93%,0.9397,93,✗ No,budget_exceeded
2,21,18,03-26,+25.0%,+73.75%,0.8688,200,✗ No,budget_exceeded
2,21,21,03-26,+25.0%,+63.93%,0.8196,374,✗ No,budget_exceeded
2,23,13,03-26,+25.0%,+97.73%,0.9886,2,✗ No,budget_exceeded
2,23,15,03-26,+25.0%,+90.63%,0.9531,45,✗ No,budget_exceeded
2,23,17,03-26,+25.0%,+80.49%,0.9024,111,✗ No,budget_exceeded
2,23,19,03-26,+25.0%,+69.18%,0.8459,163,✗ No,budget_exceeded
2,23,21,03-26,+25.0%,+53.77%,0.7689,248,✗ No,budget_exceeded
2,23,23,03-26,+25.0%,+41.14%,0.7057,416,✗ No,budget_exceeded
2,25,13,03-26,+25.0%,+97.58%,0.9879,2,✗ No,budget_exceeded
2,25,15,03-26,+25.0%,+89.47%,0.9474,39,✗ No,budget_exceeded
2,25,17,03-26,+25.0%,+77.71%,0.8886,97,✗ No,budget_exceeded
2,25,19,03-26,+25.0%,+63.14%,0.8157,147,✗ No,budget_exceeded
2,25,21,03-26,+25.0%,+41.59%,0.7080,248,✗ No,budget_exceeded
2,25,23,03-26,+25.0%,+21.32%,0.6066,350,✗ No,budget_exceeded
2,25,25,03-26,+22.7%,+11.05%,0.5552,512,✓ Yes,completed
2,27,13,03-26,+25.0%,+97.57%,0.9878,2,✗ No,budget_exceeded
2,27,15,03-26,+25.0%,+89.00%,0.9450,38,✗ No,budget_exceeded
2,27,17,03-26,+25.0%,+74.47%,0.8723,85,✗ No,budget_exceeded
2,27,19,03-26,+25.0%,+57.86%,0.7893,135,✗ No,budget_exceeded
2,27,21,03-26,+25.0%,+30.02%,0.6501,258,✗ No,budget_exceeded
2,27,23,03-26,+22.7%,+10.90%,0.5545,333,✓ Yes,completed
2,27,25,03-26,+19.2%,+10.14%,0.5507,368,✓ Yes,completed
2,27,27,03-26,+16.2%,+9.49%,0.5475,427,✓ Yes,completed
2,29,13,03-26,+25.0%,+97.57%,0.9878,2,✗ No,budget_exceeded
2,29,15,03-26,+25.0%,+88.61%,0.9430,36,✗ No,budget_exceeded
2,29,17,03-26,+25.0%,+72.96%,0.8648,77,✗ No,budget_exceeded
2,29,19,03-26,+25.0%,+48.18%,0.7409,124,✗ No,budget_exceeded
2,29,21,03-26,+22.4%,+10.16%,0.5508,260,✓ Yes,completed
2,29,23,03-26,+18.5%,+9.70%,0.5485,268,✓ Yes,completed
2,29,25,03-26,+15.3%,+9.21%,0.5460,280,✓ Yes,completed
2,29,27,03-26,+13.0%,+8.83%,0.5442,274,✓ Yes,completed
2,29,29,03-26,+11.4%,+8.42%,0.5421,324,✓ Yes,completed
2,31,13,03-26,+25.0%,+97.57%,0.9878,2,✗ No,budget_exceeded
2,31,15,03-26,+25.0%,+85.53%,0.9276,40,✗ No,budget_exceeded
2,31,17,03-26,+25.0%,+72.18%,0.8609,70,✗ No,budget_exceeded
2,31,19,03-26,+25.0%,+36.89%,0.6845,133,✗ No,budget_exceeded
2,31,21,03-26,+19.0%,+9.20%,0.5460,217,✓ Yes,completed
2,31,23,03-26,+15.5%,+8.92%,0.5446,220,✓ Yes,completed
2,31,25,03-26,+12.5%,+8.51%,0.5425,225,✓ Yes,completed
2,31,27,03-26,+10.9%,+8.33%,0.5416,218,✓ Yes,completed
2,31,29,03-26,+9.7%,+7.91%,0.5396,221,✓ Yes,completed
2,31,31,03-26,+9.0%,+7.51%,0.5375,268,✓ Yes,completed
2,33,13,03-26,+25.0%,+97.57%,0.9878,2,✗ No,budget_exceeded
2,33,15,03-26,+25.0%,+81.01%,0.9051,37,✗ No,budget_exceeded
2,33,17,03-26,+25.0%,+70.14%,0.8507,59,✗ No,budget_exceeded
2,33,19,03-26,+25.0%,+22.22%,0.6111,141,✗ No,budget_exceeded
2,33,21,03-26,+16.7%,+8.60%,0.5430,188,✓ Yes,completed
2,33,23,03-26,+13.3%,+8.33%,0.5417,186,✓ Yes,completed
2,33,25,03-26,+10.6%,+8.03%,0.5402,187,✓ Yes,completed
2,33,27,03-26,+9.6%,+7.70%,0.5385,185,✓ Yes,completed
2,33,29,03-26,+8.6%,+7.27%,0.5364,189,✓ Yes,completed
2,33,31,03-26,+8.1%,+6.98%,0.5349,196,✓ Yes,completed
2,33,33,03-26,+7.5%,+6.61%,0.5330,242,✓ Yes,completed
2,35,13,03-26,+25.0%,+96.68%,0.9834,2,✗ No,budget_exceeded
2,35,15,03-26,+25.0%,+79.46%,0.8973,32,✗ No,budget_exceeded
2,35,17,03-26,+25.0%,+65.56%,0.8278,50,✗ No,budget_exceeded
2,35,19,03-26,+23.4%,+8.42%,0.5421,143,✓ Yes,completed
2,35,21,03-26,+13.9%,+7.81%,0.5391,148,✓ Yes,completed
2,35,23,03-26,+10.9%,+7.71%,0.5386,150,✓ Yes,completed
2,35,25,03-26,+8.9%,+7.19%,0.5359,153,✓ Yes,completed
2,35,27,03-26,+8.3%,+6.91%,0.5346,152,✓ Yes,completed
2,35,29,03-26,+7.5%,+6.55%,0.5327,155,✓ Yes,completed
2,35,31,03-26,+7.1%,+6.37%,0.5318,155,✓ Yes,completed
2,35,33,03-26,+6.7%,+6.10%,0.5305,158,✓ Yes,completed
2,35,35,03-26,+6.0%,+5.69%,0.5284,204,✓ Yes,completed
2,37,13,03-26,+25.0%,+94.64%,0.9732,4,✗ No,budget_exceeded
2,37,15,03-26,+25.0%,+78.04%,0.8902,27,✗ No,budget_exceeded
2,37,17,03-26,+25.0%,+64.05%,0.8202,43,✗ No,budget_exceeded
2,37,19,03-26,+20.7%,+7.57%,0.5378,119,✓ Yes,completed
2,37,21,03-26,+12.1%,+7.18%,0.5359,121,✓ Yes,completed
2,37,23,03-26,+9.4%,+6.99%,0.5350,124,✓ Yes,completed
2,37,25,03-26,+7.7%,+6.35%,0.5318,127,✓ Yes,completed
2,37,27,03-26,+7.2%,+6.19%,0.5310,127,✓ Yes,completed
2,37,29,03-26,+6.5%,+5.89%,0.5294,129,✓ Yes,completed
2,37,31,03-26,+6.2%,+5.77%,0.5289,129,✓ Yes,completed
2,37,33,03-26,+5.8%,+5.59%,0.5279,131,✓ Yes,completed
2,37,35,03-26,+5.3%,+5.28%,0.5264,132,✓ Yes,completed
2,37,37,03-26,+4.7%,+4.75%,0.5238,159,✓ Yes,completed
2,19,13,04-06,+25.0%,+97.86%,0.9893,2,✗ No,budget_exceeded
2,19,16,04-06,+25.0%,+87.40%,0.9370,111,✗ No,budget_exceeded
2,19,19,04-06,+25.0%,+78.08%,0.8904,287,✗ No,budget_exceeded
2,21,13,04-06,+25.0%,+97.78%,0.9889,2,✗ No,budget_exceeded
2,21,15,04-06,+25.0%,+84.95%,0.9248,111,✗ No,budget_exceeded
2,21,18,04-06,+25.0%,+74.02%,0.8701,194,✗ No,budget_exceeded
2,21,21,04-06,+25.0%,+63.69%,0.8185,370,✗ No,budget_exceeded
2,23,13,04-06,+25.0%,+97.77%,0.9888,2,✗ No,budget_exceeded
2,23,15,04-06,+25.0%,+90.12%,0.9506,49,✗ No,budget_exceeded
2,23,17,04-06,+25.0%,+79.25%,0.8963,112,✗ No,budget_exceeded
2,23,19,04-06,+25.0%,+68.20%,0.8410,161,✗ No,budget_exceeded
2,23,21,04-06,+25.0%,+54.25%,0.7713,243,✗ No,budget_exceeded
2,23,23,04-06,+25.0%,+40.77%,0.7038,416,✗ No,budget_exceeded
2,25,13,04-06,+25.0%,+96.99%,0.9850,4,✗ No,budget_exceeded
2,25,15,04-06,+25.0%,+88.53%,0.9426,48,✗ No,budget_exceeded
2,25,17,04-06,+25.0%,+77.55%,0.8877,97,✗ No,budget_exceeded
2,25,19,04-06,+25.0%,+61.95%,0.8098,144,✗ No,budget_exceeded
2,25,21,04-06,+25.0%,+42.33%,0.7117,241,✗ No,budget_exceeded
2,25,23,04-06,+25.0%,+21.04%,0.6052,350,✗ No,budget_exceeded
2,25,25,04-06,+22.2%,+10.81%,0.5540,505,✓ Yes,completed
2,27,13,04-06,+25.0%,+96.97%,0.9848,4,✗ No,budget_exceeded
2,27,15,04-06,+25.0%,+87.49%,0.9375,47,✗ No,budget_exceeded
2,27,17,04-06,+25.0%,+74.31%,0.8715,85,✗ No,budget_exceeded
2,27,19,04-06,+25.0%,+54.84%,0.7742,133,✗ No,budget_exceeded
2,27,21,04-06,+25.0%,+24.69%,0.6235,267,✗ No,budget_exceeded
2,27,23,04-06,+22.1%,+10.65%,0.5533,326,✓ Yes,completed
2,27,25,04-06,+18.8%,+9.88%,0.5494,363,✓ Yes,completed
2,27,27,04-06,+16.0%,+9.15%,0.5458,427,✓ Yes,completed
2,29,13,04-06,+25.0%,+96.97%,0.9848,4,✗ No,budget_exceeded
2,29,15,04-06,+25.0%,+84.01%,0.9201,47,✗ No,budget_exceeded
2,29,17,04-06,+25.0%,+72.79%,0.8640,77,✗ No,budget_exceeded
2,29,19,04-06,+25.0%,+46.92%,0.7346,129,✗ No,budget_exceeded
2,29,21,04-06,+21.9%,+9.98%,0.5499,256,✓ Yes,completed
2,29,23,04-06,+18.2%,+9.44%,0.5472,268,✓ Yes,completed
2,29,25,04-06,+15.3%,+8.89%,0.5445,280,✓ Yes,completed
2,29,27,04-06,+13.4%,+8.50%,0.5425,278,✓ Yes,completed
2,29,29,04-06,+11.4%,+8.05%,0.5403,329,✓ Yes,completed
2,31,13,04-06,+25.0%,+96.96%,0.9848,4,✗ No,budget_exceeded
2,31,15,04-06,+25.0%,+82.81%,0.9141,42,✗ No,budget_exceeded
2,31,17,04-06,+25.0%,+72.02%,0.8601,70,✗ No,budget_exceeded
2,31,19,04-06,+25.0%,+27.78%,0.6389,154,✗ No,budget_exceeded
2,31,21,04-06,+18.6%,+8.93%,0.5446,216,✓ Yes,completed
2,31,23,04-06,+15.3%,+8.59%,0.5429,220,✓ Yes,completed
2,31,25,04-06,+12.7%,+8.17%,0.5409,228,✓ Yes,completed
2,31,27,04-06,+11.0%,+7.91%,0.5396,222,✓ Yes,completed
2,31,29,04-06,+10.0%,+7.58%,0.5379,226,✓ Yes,completed
2,31,31,04-06,+9.1%,+7.29%,0.5364,274,✓ Yes,completed
2,33,13,04-06,+25.0%,+96.94%,0.9847,4,✗ No,budget_exceeded
2,33,15,04-06,+25.0%,+80.90%,0.9045,37,✗ No,budget_exceeded
2,33,17,04-06,+25.0%,+67.32%,0.8366,60,✗ No,budget_exceeded
2,33,19,04-06,+25.0%,+19.54%,0.5977,159,✗ No,budget_exceeded
2,33,21,04-06,+16.4%,+8.17%,0.5408,186,✓ Yes,completed
2,33,23,04-06,+13.6%,+7.98%,0.5399,192,✓ Yes,completed
2,33,25,04-06,+10.7%,+7.58%,0.5379,192,✓ Yes,completed
2,33,27,04-06,+9.8%,+7.40%,0.5370,190,✓ Yes,completed
2,33,29,04-06,+8.5%,+7.20%,0.5360,189,✓ Yes,completed
2,33,31,04-06,+8.0%,+6.99%,0.5349,192,✓ Yes,completed
2,33,33,04-06,+7.3%,+6.61%,0.5330,235,✓ Yes,completed
2,35,13,04-06,+25.0%,+96.93%,0.9846,4,✗ No,budget_exceeded
2,35,15,04-06,+25.0%,+80.22%,0.9011,32,✗ No,budget_exceeded
2,35,17,04-06,+25.0%,+57.39%,0.7869,52,✗ No,budget_exceeded
2,35,19,04-06,+22.3%,+8.17%,0.5408,141,✓ Yes,completed
2,35,21,04-06,+14.2%,+7.50%,0.5375,154,✓ Yes,completed
2,35,23,04-06,+11.1%,+7.29%,0.5365,154,✓ Yes,completed
2,35,25,04-06,+9.1%,+6.99%,0.5349,158,✓ Yes,completed
2,35,27,04-06,+8.3%,+6.92%,0.5346,154,✓ Yes,completed
2,35,29,04-06,+7.4%,+6.58%,0.5329,154,✓ Yes,completed
2,35,31,04-06,+7.0%,+6.41%,0.5320,154,✓ Yes,completed
2,35,33,04-06,+6.5%,+6.11%,0.5306,156,✓ Yes,completed
2,35,35,04-06,+5.8%,+5.60%,0.5280,202,✓ Yes,completed
2,37,13,04-06,+25.0%,+95.06%,0.9753,5,✗ No,budget_exceeded
2,37,15,04-06,+25.0%,+78.82%,0.8941,27,✗ No,budget_exceeded
2,37,17,04-06,+25.0%,+53.17%,0.7659,45,✗ No,budget_exceeded
2,37,19,04-06,+19.6%,+7.28%,0.5364,117,✓ Yes,completed
2,37,21,04-06,+12.3%,+6.82%,0.5341,125,✓ Yes,completed
2,37,23,04-06,+9.5%,+6.64%,0.5332,127,✓ Yes,completed
2,37,25,04-06,+7.5%,+6.40%,0.5320,126,✓ Yes,completed
2,37,27,04-06,+7.0%,+6.23%,0.5312,126,✓ Yes,completed
2,37,29,04-06,+6.3%,+5.90%,0.5295,126,✓ Yes,completed
2,37,31,04-06,+6.0%,+5.74%,0.5287,126,✓ Yes,completed
2,37,33,04-06,+5.7%,+5.48%,0.5274,129,✓ Yes,completed
2,37,35,04-06,+5.2%,+5.12%,0.5256,131,✓ Yes,completed
2,37,37,04-06,+4.6%,+4.65%,0.5233,158,✓ Yes,completed
2,19,13,04-15,+25.0%,+97.24%,0.9862,7,✗ No,budget_exceeded
2,19,16,04-15,+25.0%,+86.20%,0.9310,121,✗ No,budget_exceeded
2,19,19,04-15,+25.0%,+78.15%,0.8908,278,✗ No,budget_exceeded
2,21,13,04-15,+25.0%,+97.08%,0.9854,6,✗ No,budget_exceeded
2,21,15,04-15,+25.0%,+84.90%,0.9245,111,✗ No,budget_exceeded
2,21,18,04-15,+25.0%,+73.74%,0.8687,190,✗ No,budget_exceeded
2,21,21,04-15,+25.0%,+63.89%,0.8195,363,✗ No,budget_exceeded
2,23,13,04-15,+25.0%,+97.05%,0.9852,6,✗ No,budget_exceeded
2,23,15,04-15,+25.0%,+89.09%,0.9454,57,✗ No,budget_exceeded
2,23,17,04-15,+25.0%,+79.09%,0.8955,112,✗ No,budget_exceeded
2,23,19,04-15,+25.0%,+67.30%,0.8365,158,✗ No,budget_exceeded
2,23,21,04-15,+25.0%,+54.71%,0.7736,237,✗ No,budget_exceeded
2,23,23,04-15,+25.0%,+40.80%,0.7040,413,✗ No,budget_exceeded
2,25,13,04-15,+25.0%,+96.88%,0.9844,6,✗ No,budget_exceeded
2,25,15,04-15,+25.0%,+85.84%,0.9292,52,✗ No,budget_exceeded
2,25,17,04-15,+25.0%,+77.39%,0.8869,97,✗ No,budget_exceeded
2,25,19,04-15,+25.0%,+62.36%,0.8118,141,✗ No,budget_exceeded
2,25,21,04-15,+25.0%,+42.48%,0.7124,242,✗ No,budget_exceeded
2,25,23,04-15,+25.0%,+21.18%,0.6059,351,✗ No,budget_exceeded
2,25,25,04-15,+22.3%,+10.37%,0.5519,505,✓ Yes,completed
2,27,13,04-15,+25.0%,+96.84%,0.9842,6,✗ No,budget_exceeded
2,27,15,04-15,+25.0%,+84.83%,0.9241,49,✗ No,budget_exceeded
2,27,17,04-15,+25.0%,+74.13%,0.8706,85,✗ No,budget_exceeded
2,27,19,04-15,+25.0%,+55.48%,0.7774,130,✗ No,budget_exceeded
2,27,21,04-15,+25.0%,+24.68%,0.6234,269,✗ No,budget_exceeded
2,27,23,04-15,+22.2%,+10.20%,0.5510,325,✓ Yes,completed
2,27,25,04-15,+18.5%,+9.67%,0.5483,357,✓ Yes,completed
2,27,27,04-15,+15.9%,+8.88%,0.5444,427,✓ Yes,completed
2,29,13,04-15,+25.0%,+96.82%,0.9841,6,✗ No,budget_exceeded
2,29,15,04-15,+25.0%,+83.91%,0.9196,47,✗ No,budget_exceeded
2,29,17,04-15,+25.0%,+71.75%,0.8587,78,✗ No,budget_exceeded
2,29,19,04-15,+25.0%,+46.94%,0.7347,129,✗ No,budget_exceeded
2,29,21,04-15,+21.8%,+9.52%,0.5476,252,✓ Yes,completed
2,29,23,04-15,+17.9%,+9.15%,0.5458,263,✓ Yes,completed
2,29,25,04-15,+15.3%,+8.58%,0.5429,281,✓ Yes,completed
2,29,27,04-15,+13.4%,+8.13%,0.5406,278,✓ Yes,completed
2,29,29,04-15,+11.8%,+7.67%,0.5383,333,✓ Yes,completed
2,31,13,04-15,+25.0%,+96.59%,0.9829,6,✗ No,budget_exceeded
2,31,15,04-15,+25.0%,+82.49%,0.9124,42,✗ No,budget_exceeded
2,31,17,04-15,+25.0%,+69.12%,0.8456,70,✗ No,budget_exceeded
2,31,19,04-15,+25.0%,+25.14%,0.6257,159,✗ No,budget_exceeded
2,31,21,04-15,+18.2%,+8.69%,0.5434,211,✓ Yes,completed
2,31,23,04-15,+15.2%,+8.26%,0.5413,220,✓ Yes,completed
2,31,25,04-15,+12.9%,+7.82%,0.5391,230,✓ Yes,completed
2,31,27,04-15,+11.5%,+7.54%,0.5377,227,✓ Yes,completed
2,31,29,04-15,+10.1%,+7.23%,0.5361,229,✓ Yes,completed
2,31,31,04-15,+9.1%,+6.89%,0.5344,276,✓ Yes,completed
2,33,13,04-15,+25.0%,+95.97%,0.9798,6,✗ No,budget_exceeded
2,33,15,04-15,+25.0%,+79.99%,0.8999,37,✗ No,budget_exceeded
2,33,17,04-15,+25.0%,+59.21%,0.7960,62,✗ No,budget_exceeded
2,33,19,04-15,+25.0%,+19.26%,0.5963,160,✗ No,budget_exceeded
2,33,21,04-15,+16.2%,+7.88%,0.5394,183,✓ Yes,completed
2,33,23,04-15,+13.5%,+7.62%,0.5381,190,✓ Yes,completed
2,33,25,04-15,+11.1%,+7.20%,0.5360,197,✓ Yes,completed
2,33,27,04-15,+9.8%,+7.01%,0.5350,193,✓ Yes,completed
2,33,29,04-15,+8.6%,+6.70%,0.5335,193,✓ Yes,completed
2,33,31,04-15,+8.1%,+6.47%,0.5324,199,✓ Yes,completed
2,33,33,04-15,+7.4%,+6.15%,0.5308,243,✓ Yes,completed
2,35,13,04-15,+25.0%,+95.64%,0.9782,5,✗ No,budget_exceeded
2,35,15,04-15,+25.0%,+79.11%,0.8955,32,✗ No,budget_exceeded
2,35,17,04-15,+25.0%,+53.80%,0.7690,52,✗ No,budget_exceeded
2,35,19,04-15,+22.1%,+7.70%,0.5385,138,✓ Yes,completed
2,35,21,04-15,+14.2%,+7.08%,0.5354,152,✓ Yes,completed
2,35,23,04-15,+11.5%,+6.89%,0.5344,158,✓ Yes,completed
2,35,25,04-15,+9.0%,+6.52%,0.5326,157,✓ Yes,completed
2,35,27,04-15,+8.3%,+6.39%,0.5319,156,✓ Yes,completed
2,35,29,04-15,+7.5%,+6.14%,0.5307,157,✓ Yes,completed
2,35,31,04-15,+7.0%,+6.05%,0.5303,156,✓ Yes,completed
2,35,33,04-15,+6.4%,+5.91%,0.5296,155,✓ Yes,completed
2,35,35,04-15,+5.7%,+5.47%,0.5273,199,✓ Yes,completed
2,37,13,04-15,+25.0%,+94.01%,0.9701,5,✗ No,budget_exceeded
2,37,15,04-15,+25.0%,+77.64%,0.8882,27,✗ No,budget_exceeded
2,37,17,04-15,+25.0%,+52.76%,0.7638,44,✗ No,budget_exceeded
2,37,19,04-15,+19.2%,+7.00%,0.5350,113,✓ Yes,completed
2,37,21,04-15,+12.2%,+6.41%,0.5320,123,✓ Yes,completed
2,37,23,04-15,+9.4%,+6.23%,0.5312,126,✓ Yes,completed
2,37,25,04-15,+7.6%,+5.88%,0.5294,128,✓ Yes,completed
2,37,27,04-15,+7.0%,+5.84%,0.5292,127,✓ Yes,completed
2,37,29,04-15,+6.2%,+5.69%,0.5284,124,✓ Yes,completed
2,37,31,04-15,+5.9%,+5.55%,0.5278,123,✓ Yes,completed
2,37,33,04-15,+5.5%,+5.35%,0.5268,126,✓ Yes,completed
2,37,35,04-15,+5.0%,+5.02%,0.5251,128,✓ Yes,completed
2,37,37,04-15,+4.4%,+4.54%,0.5227,153,✓ Yes,completed
3,15,15,03-01,+25.0%,+97.54%,0.9877,12,✗ No,budget_exceeded
3,15,15,03-01,+25.0%,+97.54%,0.9877,12,✗ No,budget_exceeded
3,16,15,03-01,+25.0%,+97.15%,0.9857,11,✗ No,budget_exceeded
3,16,16,03-01,+25.0%,+95.75%,0.9787,52,✗ No,budget_exceeded
3,17,15,03-01,+25.0%,+96.97%,0.9849,12,✗ No,budget_exceeded
3,17,17,03-01,+25.0%,+91.81%,0.9591,110,✗ No,budget_exceeded
3,18,15,03-01,+25.0%,+96.52%,0.9826,13,✗ No,budget_exceeded
3,18,16,03-01,+25.0%,+93.04%,0.9652,49,✗ No,budget_exceeded
3,18,17,03-01,+25.0%,+89.68%,0.9484,89,✗ No,budget_exceeded
3,18,18,03-01,+25.0%,+86.48%,0.9324,165,✗ No,budget_exceeded
3,19,15,03-01,+25.0%,+96.44%,0.9822,13,✗ No,budget_exceeded
3,19,16,03-01,+25.0%,+91.89%,0.9595,53,✗ No,budget_exceeded
3,19,17,03-01,+25.0%,+88.53%,0.9426,87,✗ No,budget_exceeded
3,19,18,03-01,+25.0%,+83.98%,0.9199,149,✗ No,budget_exceeded
3,19,19,03-01,+25.0%,+79.04%,0.8952,248,✗ No,budget_exceeded
3,20,15,03-01,+25.0%,+96.38%,0.9819,13,✗ No,budget_exceeded
3,20,16,03-01,+25.0%,+90.61%,0.9531,57,✗ No,budget_exceeded
3,20,17,03-01,+25.0%,+87.50%,0.9375,89,✗ No,budget_exceeded
3,20,18,03-01,+25.0%,+81.91%,0.9096,150,✗ No,budget_exceeded
3,20,19,03-01,+25.0%,+76.33%,0.8816,217,✗ No,budget_exceeded
3,20,20,03-01,+25.0%,+72.31%,0.8616,330,✗ No,budget_exceeded
3,21,15,03-01,+25.0%,+95.98%,0.9799,15,✗ No,budget_exceeded
3,21,16,03-01,+25.0%,+89.44%,0.9472,62,✗ No,budget_exceeded
3,21,17,03-01,+25.0%,+86.48%,0.9324,92,✗ No,budget_exceeded
3,21,18,03-01,+25.0%,+78.95%,0.8948,154,✗ No,budget_exceeded
3,21,19,03-01,+25.0%,+72.91%,0.8646,205,✗ No,budget_exceeded
3,21,20,03-01,+25.0%,+68.97%,0.8448,245,✗ No,budget_exceeded
3,21,21,03-01,+25.0%,+64.89%,0.8245,368,✗ No,budget_exceeded
3,22,15,03-01,+25.0%,+94.50%,0.9725,16,✗ No,budget_exceeded
3,22,16,03-01,+25.0%,+88.67%,0.9434,58,✗ No,budget_exceeded
3,22,17,03-01,+25.0%,+85.19%,0.9259,90,✗ No,budget_exceeded
3,22,17,03-01,+25.0%,+77.51%,0.8876,148,✗ No,budget_exceeded
3,22,18,03-01,+25.0%,+71.28%,0.8564,188,✗ No,budget_exceeded
3,22,19,03-01,+25.0%,+66.83%,0.8341,219,✗ No,budget_exceeded
3,22,20,03-01,+25.0%,+66.83%,0.8341,219,✗ No,budget_exceeded
3,22,21,03-01,+25.0%,+58.95%,0.7947,279,✗ No,budget_exceeded
3,22,22,03-01,+25.0%,+53.98%,0.7699,405,✗ No,budget_exceeded
3,23,15,03-01,+25.0%,+93.55%,0.9677,18,✗ No,budget_exceeded
3,23,16,03-01,+25.0%,+87.40%,0.9370,61,✗ No,budget_exceeded
3,23,17,03-01,+25.0%,+83.00%,0.9150,97,✗ No,budget_exceeded
3,23,17,03-01,+25.0%,+73.43%,0.8671,138,✗ No,budget_exceeded
3,23,18,03-01,+25.0%,+68.39%,0.8420,168,✗ No,budget_exceeded
3,23,19,03-01,+25.0%,+62.14%,0.8107,197,✗ No,budget_exceeded
3,23,20,03-01,+25.0%,+54.19%,0.7709,246,✗ No,budget_exceeded
3,23,21,03-01,+25.0%,+54.19%,0.7709,246,✗ No,budget_exceeded
3,23,22,03-01,+25.0%,+48.24%,0.7412,290,✗ No,budget_exceeded
3,23,23,03-01,+25.0%,+41.26%,0.7063,407,✗ No,budget_exceeded
3,15,15,03-06,+25.0%,+97.30%,0.9865,16,✗ No,budget_exceeded
3,15,15,03-06,+25.0%,+97.30%,0.9865,16,✗ No,budget_exceeded
3,16,15,03-06,+25.0%,+97.03%,0.9851,13,✗ No,budget_exceeded
3,16,16,03-06,+25.0%,+95.91%,0.9796,47,✗ No,budget_exceeded
3,17,15,03-06,+25.0%,+96.82%,0.9841,14,✗ No,budget_exceeded
3,17,17,03-06,+25.0%,+91.90%,0.9595,109,✗ No,budget_exceeded
3,18,15,03-06,+25.0%,+96.55%,0.9827,16,✗ No,budget_exceeded
3,18,16,03-06,+25.0%,+93.39%,0.9669,49,✗ No,budget_exceeded
3,18,17,03-06,+25.0%,+90.31%,0.9516,86,✗ No,budget_exceeded
3,18,18,03-06,+25.0%,+86.97%,0.9349,167,✗ No,budget_exceeded
3,19,15,03-06,+25.0%,+96.02%,0.9801,19,✗ No,budget_exceeded
3,19,16,03-06,+25.0%,+91.82%,0.9591,54,✗ No,budget_exceeded
3,19,17,03-06,+25.0%,+89.04%,0.9452,86,✗ No,budget_exceeded
3,19,18,03-06,+25.0%,+84.58%,0.9229,148,✗ No,budget_exceeded
3,19,19,03-06,+25.0%,+79.78%,0.8989,244,✗ No,budget_exceeded
3,20,15,03-06,+25.0%,+95.39%,0.9769,20,✗ No,budget_exceeded
3,20,16,03-06,+25.0%,+90.87%,0.9544,58,✗ No,budget_exceeded
3,20,17,03-06,+25.0%,+88.10%,0.9405,87,✗ No,budget_exceeded
3,20,18,03-06,+25.0%,+82.09%,0.9105,150,✗ No,budget_exceeded
3,20,19,03-06,+25.0%,+77.09%,0.8854,216,✗ No,budget_exceeded
3,20,20,03-06,+25.0%,+73.11%,0.8656,327,✗ No,budget_exceeded
3,21,15,03-06,+25.0%,+94.15%,0.9707,23,✗ No,budget_exceeded
3,21,16,03-06,+25.0%,+90.14%,0.9507,60,✗ No,budget_exceeded
3,21,17,03-06,+25.0%,+87.01%,0.9351,92,✗ No,budget_exceeded
3,21,18,03-06,+25.0%,+79.71%,0.8985,152,✗ No,budget_exceeded
3,21,19,03-06,+25.0%,+73.73%,0.8686,203,✗ No,budget_exceeded
3,21,20,03-06,+25.0%,+69.81%,0.8490,243,✗ No,budget_exceeded
3,21,21,03-06,+25.0%,+65.76%,0.8288,365,✗ No,budget_exceeded
3,22,15,03-06,+25.0%,+93.93%,0.9696,20,✗ No,budget_exceeded
3,22,16,03-06,+25.0%,+89.49%,0.9475,57,✗ No,budget_exceeded
3,22,17,03-06,+25.0%,+85.93%,0.9297,90,✗ No,budget_exceeded
3,22,17,03-06,+25.0%,+78.37%,0.8919,147,✗ No,budget_exceeded
3,22,18,03-06,+25.0%,+72.16%,0.8608,187,✗ No,budget_exceeded
3,22,19,03-06,+25.0%,+67.72%,0.8386,218,✗ No,budget_exceeded
3,22,20,03-06,+25.0%,+67.72%,0.8386,218,✗ No,budget_exceeded
3,22,21,03-06,+25.0%,+59.86%,0.7993,278,✗ No,budget_exceeded
3,22,22,03-06,+25.0%,+54.91%,0.7746,404,✗ No,budget_exceeded
3,23,15,03-06,+25.0%,+93.77%,0.9689,19,✗ No,budget_exceeded
3,23,16,03-06,+25.0%,+88.22%,0.9411,60,✗ No,budget_exceeded
3,23,17,03-06,+25.0%,+83.85%,0.9192,96,✗ No,budget_exceeded
3,23,17,03-06,+25.0%,+74.30%,0.8715,137,✗ No,budget_exceeded
3,23,18,03-06,+25.0%,+69.28%,0.8464,167,✗ No,budget_exceeded
3,23,19,03-06,+25.0%,+63.05%,0.8152,196,✗ No,budget_exceeded
3,23,20,03-06,+25.0%,+55.11%,0.7756,245,✗ No,budget_exceeded
3,23,21,03-06,+25.0%,+55.11%,0.7756,245,✗ No,budget_exceeded
3,23,22,03-06,+25.0%,+49.20%,0.7460,289,✗ No,budget_exceeded
3,23,23,03-06,+25.0%,+42.09%,0.7104,407,✗ No,budget_exceeded
3,15,15,03-11,+25.0%,+96.92%,0.9846,27,✗ No,budget_exceeded
3,15,15,03-11,+25.0%,+96.92%,0.9846,27,✗ No,budget_exceeded
3,16,15,03-11,+25.0%,+96.34%,0.9817,25,✗ No,budget_exceeded
3,16,16,03-11,+25.0%,+95.13%,0.9756,64,✗ No,budget_exceeded
3,17,15,03-11,+25.0%,+95.97%,0.9798,24,✗ No,budget_exceeded
3,17,17,03-11,+25.0%,+91.29%,0.9565,117,✗ No,budget_exceeded
3,18,15,03-11,+25.0%,+95.15%,0.9757,27,✗ No,budget_exceeded
3,18,16,03-11,+25.0%,+92.24%,0.9612,61,✗ No,budget_exceeded
3,18,17,03-11,+25.0%,+89.98%,0.9499,93,✗ No,budget_exceeded
3,18,18,03-11,+25.0%,+86.62%,0.9331,175,✗ No,budget_exceeded
3,19,15,03-11,+25.0%,+94.89%,0.9745,25,✗ No,budget_exceeded
3,19,16,03-11,+25.0%,+91.22%,0.9561,63,✗ No,budget_exceeded
3,19,17,03-11,+25.0%,+88.64%,0.9432,93,✗ No,budget_exceeded
3,19,18,03-11,+25.0%,+83.93%,0.9196,158,✗ No,budget_exceeded
3,19,19,03-11,+25.0%,+80.01%,0.9001,248,✗ No,budget_exceeded
3,20,15,03-11,+25.0%,+94.75%,0.9737,24,✗ No,budget_exceeded
3,20,16,03-11,+25.0%,+90.86%,0.9543,62,✗ No,budget_exceeded
3,20,17,03-11,+25.0%,+87.73%,0.9386,94,✗ No,budget_exceeded
3,20,18,03-11,+25.0%,+81.63%,0.9081,155,✗ No,budget_exceeded
3,20,19,03-11,+25.0%,+77.38%,0.8869,214,✗ No,budget_exceeded
3,20,20,03-11,+25.0%,+73.55%,0.8678,321,✗ No,budget_exceeded
3,21,15,03-11,+25.0%,+94.40%,0.9720,24,✗ No,budget_exceeded
3,21,16,03-11,+25.0%,+90.12%,0.9506,65,✗ No,budget_exceeded
3,21,17,03-11,+25.0%,+86.81%,0.9341,98,✗ No,budget_exceeded
3,21,18,03-11,+25.0%,+79.99%,0.8999,153,✗ No,budget_exceeded
3,21,19,03-11,+25.0%,+74.14%,0.8707,202,✗ No,budget_exceeded
3,21,20,03-11,+25.0%,+70.32%,0.8516,240,✗ No,budget_exceeded
3,21,21,03-11,+25.0%,+66.34%,0.8317,364,✗ No,budget_exceeded
3,22,15,03-11,+25.0%,+94.20%,0.9710,21,✗ No,budget_exceeded
3,22,16,03-11,+25.0%,+89.35%,0.9467,63,✗ No,budget_exceeded
3,22,17,03-11,+25.0%,+85.71%,0.9286,96,✗ No,budget_exceeded
3,22,17,03-11,+25.0%,+77.85%,0.8893,150,✗ No,budget_exceeded
3,22,18,03-11,+25.0%,+72.62%,0.8631,185,✗ No,budget_exceeded
3,22,19,03-11,+25.0%,+66.92%,0.8346,218,✗ No,budget_exceeded
3,22,20,03-11,+25.0%,+66.92%,0.8346,218,✗ No,budget_exceeded
3,22,21,03-11,+25.0%,+60.52%,0.8026,276,✗ No,budget_exceeded
3,22,22,03-11,+25.0%,+55.53%,0.7776,402,✗ No,budget_exceeded
3,23,15,03-11,+25.0%,+92.14%,0.9607,26,✗ No,budget_exceeded
3,23,16,03-11,+25.0%,+88.06%,0.9403,66,✗ No,budget_exceeded
3,23,17,03-11,+25.0%,+82.49%,0.9125,104,✗ No,budget_exceeded
3,23,17,03-11,+25.0%,+74.21%,0.8711,138,✗ No,budget_exceeded
3,23,18,03-11,+25.0%,+69.74%,0.8487,165,✗ No,budget_exceeded
3,23,19,03-11,+25.0%,+63.18%,0.8159,195,✗ No,budget_exceeded
3,23,20,03-11,+25.0%,+55.83%,0.7791,242,✗ No,budget_exceeded
3,23,21,03-11,+25.0%,+55.83%,0.7791,242,✗ No,budget_exceeded
3,23,22,03-11,+25.0%,+49.66%,0.7483,288,✗ No,budget_exceeded
3,23,23,03-11,+25.0%,+42.27%,0.7113,406,✗ No,budget_exceeded
3,15,15,03-16,+25.0%,+96.56%,0.9828,41,✗ No,budget_exceeded
3,15,15,03-16,+25.0%,+96.56%,0.9828,41,✗ No,budget_exceeded
3,16,15,03-16,+25.0%,+95.92%,0.9796,32,✗ No,budget_exceeded
3,16,16,03-16,+25.0%,+94.63%,0.9731,72,✗ No,budget_exceeded
3,17,15,03-16,+25.0%,+95.54%,0.9777,28,✗ No,budget_exceeded
3,17,17,03-16,+25.0%,+90.85%,0.9542,135,✗ No,budget_exceeded
3,18,15,03-16,+25.0%,+95.01%,0.9751,29,✗ No,budget_exceeded
3,18,16,03-16,+25.0%,+91.77%,0.9588,68,✗ No,budget_exceeded
3,18,17,03-16,+25.0%,+89.21%,0.9461,104,✗ No,budget_exceeded
3,18,18,03-16,+25.0%,+85.50%,0.9275,192,✗ No,budget_exceeded
3,19,15,03-16,+25.0%,+94.58%,0.9729,30,✗ No,budget_exceeded
3,19,16,03-16,+25.0%,+90.75%,0.9537,70,✗ No,budget_exceeded
3,19,17,03-16,+25.0%,+87.70%,0.9385,106,✗ No,budget_exceeded
3,19,18,03-16,+25.0%,+82.62%,0.9131,171,✗ No,budget_exceeded
3,19,19,03-16,+25.0%,+79.21%,0.8961,274,✗ No,budget_exceeded
3,20,15,03-16,+25.0%,+93.65%,0.9683,32,✗ No,budget_exceeded
3,20,16,03-16,+25.0%,+89.92%,0.9496,73,✗ No,budget_exceeded
3,20,17,03-16,+25.0%,+86.61%,0.9330,105,✓ Yes,budget_exceeded
3,20,18,03-16,+25.0%,+81.07%,0.9053,157,✗ No,budget_exceeded
3,20,19,03-16,+25.0%,+76.12%,0.8806,218,✗ No,budget_exceeded
3,20,20,03-16,+25.0%,+73.56%,0.8678,321,✗ No,budget_exceeded
3,21,15,03-16,+25.0%,+92.96%,0.9648,35,✗ No,budget_exceeded
3,21,16,03-16,+25.0%,+89.33%,0.9466,76,✗ No,budget_exceeded
3,21,17,03-16,+25.0%,+85.82%,0.9291,109,✗ No,budget_exceeded
3,21,18,03-16,+25.0%,+78.99%,0.8949,161,✗ No,budget_exceeded
3,21,19,03-16,+25.0%,+74.16%,0.8708,201,✗ No,budget_exceeded
3,21,20,03-16,+25.0%,+70.30%,0.8515,240,✗ No,budget_exceeded
3,21,21,03-16,+25.0%,+65.42%,0.8271,371,✗ No,budget_exceeded
3,22,15,03-16,+25.0%,+92.08%,0.9604,35,✗ No,budget_exceeded
3,22,16,03-16,+25.0%,+88.35%,0.9418,74,✗ No,budget_exceeded
3,22,17,03-16,+25.0%,+83.68%,0.9184,110,✗ No,budget_exceeded
3,22,17,03-16,+25.0%,+77.48%,0.8874,152,✗ No,budget_exceeded
3,22,18,03-16,+25.0%,+71.82%,0.8591,186,✗ No,budget_exceeded
3,22,19,03-16,+25.0%,+66.17%,0.8309,219,✗ No,budget_exceeded
3,22,20,03-16,+25.0%,+66.17%,0.8309,219,✗ No,budget_exceeded
3,22,21,03-16,+25.0%,+59.41%,0.7970,282,✗ No,budget_exceeded
3,22,22,03-16,+25.0%,+54.35%,0.7717,408,✗ No,budget_exceeded
3,23,15,03-16,+25.0%,+91.51%,0.9576,33,✗ No,budget_exceeded
3,23,16,03-16,+25.0%,+87.02%,0.9351,75,✗ No,budget_exceeded
3,23,17,03-16,+25.0%,+80.63%,0.9031,109,✗ No,budget_exceeded
3,23,17,03-16,+25.0%,+74.12%,0.8706,138,✗ No,budget_exceeded
3,23,18,03-16,+25.0%,+69.79%,0.8490,164,✗ No,budget_exceeded
3,23,19,03-16,+25.0%,+61.73%,0.8086,198,✗ No,budget_exceeded
3,23,20,03-16,+25.0%,+55.56%,0.7778,245,✗ No,budget_exceeded
3,23,21,03-16,+25.0%,+55.56%,0.7778,245,✗ No,budget_exceeded
3,23,22,03-16,+25.0%,+48.59%,0.7430,294,✗ No,budget_exceeded
3,23,23,03-16,+25.0%,+40.51%,0.7026,418,✗ No,budget_exceeded
3,15,15,03-21,+25.0%,+96.48%,0.9824,45,✗ No,budget_exceeded
3,15,15,03-21,+25.0%,+96.48%,0.9824,45,✗ No,budget_exceeded
3,16,15,03-21,+25.0%,+95.75%,0.9787,35,✗ No,budget_exceeded
3,16,16,03-21,+25.0%,+93.39%,0.9670,87,✗ No,budget_exceeded
3,17,15,03-21,+25.0%,+94.97%,0.9748,36,✗ No,budget_exceeded
3,17,17,03-21,+25.0%,+90.17%,0.9509,158,✗ No,budget_exceeded
3,18,15,03-21,+25.0%,+93.89%,0.9695,42,✗ No,budget_exceeded
3,18,16,03-21,+25.0%,+90.96%,0.9548,79,✗ No,budget_exceeded
3,18,17,03-21,+25.0%,+88.40%,0.9420,116,✗ No,budget_exceeded
3,18,18,03-21,+25.0%,+84.48%,0.9224,207,✗ No,budget_exceeded
3,19,15,03-21,+25.0%,+93.04%,0.9652,43,✗ No,budget_exceeded
3,19,16,03-21,+25.0%,+89.90%,0.9495,81,✗ No,budget_exceeded
3,19,17,03-21,+25.0%,+86.68%,0.9334,117,✗ No,budget_exceeded
3,19,18,03-21,+25.0%,+82.13%,0.9106,173,✗ No,budget_exceeded
3,19,19,03-21,+25.0%,+79.18%,0.8959,279,✗ No,budget_exceeded
3,20,15,03-21,+25.0%,+92.75%,0.9637,42,✗ No,budget_exceeded
3,20,16,03-21,+25.0%,+89.15%,0.9457,83,✗ No,budget_exceeded
3,20,17,03-21,+25.0%,+85.45%,0.9272,118,✗ No,budget_exceeded
3,20,18,03-21,+25.0%,+80.43%,0.9022,165,✗ No,budget_exceeded
3,20,19,03-21,+25.0%,+76.05%,0.8803,219,✗ No,budget_exceeded
3,20,20,03-21,+25.0%,+73.23%,0.8662,331,✗ No,budget_exceeded
3,21,15,03-21,+25.0%,+92.46%,0.9623,41,✗ No,budget_exceeded
3,21,16,03-21,+25.0%,+88.44%,0.9422,86,✗ No,budget_exceeded
3,21,17,03-21,+25.0%,+83.93%,0.9196,123,✗ No,budget_exceeded
3,21,18,03-21,+25.0%,+78.75%,0.8938,162,✗ No,budget_exceeded
3,21,19,03-21,+25.0%,+74.19%,0.8710,200,✗ No,budget_exceeded
3,21,20,03-21,+25.0%,+69.88%,0.8494,240,✗ No,budget_exceeded
3,21,21,03-21,+25.0%,+65.00%,0.8250,373,✗ No,budget_exceeded
3,22,15,03-21,+25.0%,+91.97%,0.9598,38,✗ No,budget_exceeded
3,22,16,03-21,+25.0%,+87.68%,0.9384,81,✗ No,budget_exceeded
3,22,17,03-21,+25.0%,+82.16%,0.9108,117,✗ No,budget_exceeded
3,22,17,03-21,+25.0%,+76.29%,0.8814,153,✗ No,budget_exceeded
3,22,18,03-21,+25.0%,+71.94%,0.8597,185,✗ No,budget_exceeded
3,22,19,03-21,+25.0%,+66.07%,0.8304,220,✗ No,budget_exceeded
3,22,20,03-21,+25.0%,+66.07%,0.8304,220,✗ No,budget_exceeded
3,22,21,03-21,+25.0%,+59.32%,0.7966,280,✗ No,budget_exceeded
3,22,22,03-21,+25.0%,+52.82%,0.7641,408,✗ No,budget_exceeded
3,23,15,03-21,+25.0%,+91.20%,0.9560,37,✗ No,budget_exceeded
3,23,16,03-21,+25.0%,+85.44%,0.9272,86,✗ No,budget_exceeded
3,23,17,03-21,+25.0%,+80.54%,0.9027,110,✗ No,budget_exceeded
3,23,17,03-21,+25.0%,+74.17%,0.8708,137,✗ No,budget_exceeded
3,23,18,03-21,+25.0%,+69.40%,0.8470,164,✗ No,budget_exceeded
3,23,19,03-21,+25.0%,+61.01%,0.8050,200,✗ No,budget_exceeded
3,23,20,03-21,+25.0%,+53.33%,0.7667,249,✗ No,budget_exceeded
3,23,21,03-21,+25.0%,+53.33%,0.7667,249,✗ No,budget_exceeded
3,23,22,03-21,+25.0%,+48.14%,0.7407,295,✗ No,budget_exceeded
3,23,23,03-21,+25.0%,+40.38%,0.7019,419,✗ No,budget_exceeded
3,15,15,03-26,+25.0%,+96.34%,0.9817,53,✗ No,budget_exceeded
3,15,15,03-26,+25.0%,+96.34%,0.9817,53,✗ No,budget_exceeded
3,16,15,03-26,+25.0%,+94.92%,0.9746,46,✗ No,budget_exceeded
3,16,16,03-26,+25.0%,+93.14%,0.9657,94,✗ No,budget_exceeded
3,17,15,03-26,+25.0%,+93.93%,0.9696,48,✗ No,budget_exceeded
3,17,17,03-26,+25.0%,+89.76%,0.9488,178,✗ No,budget_exceeded
3,18,15,03-26,+25.0%,+93.43%,0.9672,48,✗ No,budget_exceeded
3,18,16,03-26,+25.0%,+90.29%,0.9514,89,✗ No,budget_exceeded
3,18,17,03-26,+25.0%,+87.33%,0.9367,129,✗ No,budget_exceeded
3,18,18,03-26,+25.0%,+83.42%,0.9171,221,✗ No,budget_exceeded
3,19,15,03-26,+25.0%,+92.88%,0.9644,46,✗ No,budget_exceeded
3,19,16,03-26,+25.0%,+89.20%,0.9460,90,✗ No,budget_exceeded
3,19,17,03-26,+25.0%,+85.40%,0.9270,131,✗ No,budget_exceeded
3,19,18,03-26,+25.0%,+81.71%,0.9086,178,✗ No,budget_exceeded
3,19,19,03-26,+25.0%,+78.12%,0.8906,286,✗ No,budget_exceeded
3,20,15,03-26,+25.0%,+92.51%,0.9625,45,✗ No,budget_exceeded
3,20,16,03-26,+25.0%,+88.61%,0.9430,90,✗ No,budget_exceeded
3,20,17,03-26,+25.0%,+83.61%,0.9180,129,✗ No,budget_exceeded
3,20,18,03-26,+25.0%,+80.37%,0.9019,167,✗ No,budget_exceeded
3,20,19,03-26,+25.0%,+76.19%,0.8810,216,✗ No,budget_exceeded
3,20,20,03-26,+25.0%,+73.36%,0.8668,324,✗ No,budget_exceeded
3,21,15,03-26,+25.0%,+92.17%,0.9608,45,✗ No,budget_exceeded
3,21,16,03-26,+25.0%,+87.93%,0.9397,93,✗ No,budget_exceeded
3,21,17,03-26,+25.0%,+82.94%,0.9147,126,✗ No,budget_exceeded
3,21,18,03-26,+25.0%,+77.60%,0.8880,163,✗ No,budget_exceeded
3,21,19,03-26,+25.0%,+73.75%,0.8688,200,✗ No,budget_exceeded
3,21,20,03-26,+25.0%,+69.74%,0.8487,239,✗ No,budget_exceeded
3,21,21,03-26,+25.0%,+63.93%,0.8196,374,✗ No,budget_exceeded
3,22,15,03-26,+25.0%,+91.48%,0.9574,44,✗ No,budget_exceeded
3,22,16,03-26,+25.0%,+86.38%,0.9319,93,✗ No,budget_exceeded
3,22,17,03-26,+25.0%,+81.99%,0.9099,119,✗ No,budget_exceeded
3,22,17,03-26,+25.0%,+76.32%,0.8816,152,✗ No,budget_exceeded
3,22,18,03-26,+25.0%,+72.21%,0.8611,182,✗ No,budget_exceeded
3,22,19,03-26,+25.0%,+66.03%,0.8301,219,✗ No,budget_exceeded
3,22,20,03-26,+25.0%,+66.03%,0.8301,219,✗ No,budget_exceeded
3,22,21,03-26,+25.0%,+59.25%,0.7963,280,✗ No,budget_exceeded
3,22,22,03-26,+25.0%,+53.37%,0.7668,394,✗ No,budget_exceeded
3,23,15,03-26,+25.0%,+90.63%,0.9531,45,✗ No,budget_exceeded
3,23,16,03-26,+25.0%,+82.91%,0.9145,93,✗ No,budget_exceeded
3,23,17,03-26,+25.0%,+80.49%,0.9024,111,✗ No,budget_exceeded
3,23,17,03-26,+25.0%,+73.59%,0.8680,137,✗ No,budget_exceeded
3,23,18,03-26,+25.0%,+69.18%,0.8459,163,✗ No,budget_exceeded
3,23,19,03-26,+25.0%,+61.66%,0.8083,197,✗ No,budget_exceeded
3,23,20,03-26,+25.0%,+53.77%,0.7689,248,✗ No,budget_exceeded
3,23,21,03-26,+25.0%,+53.77%,0.7689,248,✗ No,budget_exceeded
3,23,22,03-26,+25.0%,+48.31%,0.7415,296,✗ No,budget_exceeded
3,23,23,03-26,+25.0%,+41.14%,0.7057,416,✗ No,budget_exceeded
3,15,15,03-29,+25.0%,+95.85%,0.9793,62,✗ No,budget_exceeded
3,15,15,03-29,+25.0%,+95.85%,0.9793,62,✗ No,budget_exceeded
3,16,15,03-29,+25.0%,+94.43%,0.9722,52,✗ No,budget_exceeded
3,16,16,03-29,+25.0%,+92.97%,0.9649,106,✗ No,budget_exceeded
3,17,15,03-29,+25.0%,+93.90%,0.9695,49,✗ No,budget_exceeded
3,17,17,03-29,+25.0%,+89.36%,0.9468,192,✗ No,budget_exceeded
3,18,15,03-29,+25.0%,+93.31%,0.9665,50,✗ No,budget_exceeded
3,18,16,03-29,+25.0%,+89.88%,0.9494,94,✗ No,budget_exceeded
3,18,17,03-29,+25.0%,+86.78%,0.9339,136,✗ No,budget_exceeded
3,18,18,03-29,+25.0%,+83.33%,0.9167,222,✗ No,budget_exceeded
3,19,15,03-29,+25.0%,+92.74%,0.9637,48,✗ No,budget_exceeded
3,19,16,03-29,+25.0%,+88.83%,0.9442,94,✗ No,budget_exceeded
3,19,17,03-29,+25.0%,+84.41%,0.9221,139,✗ No,budget_exceeded
3,19,18,03-29,+25.0%,+81.59%,0.9079,185,✗ No,budget_exceeded
3,19,19,03-29,+25.0%,+78.07%,0.8903,285,✗ No,budget_exceeded
3,20,15,03-29,+25.0%,+92.20%,0.9610,49,✗ No,budget_exceeded
3,20,16,03-29,+25.0%,+88.13%,0.9406,96,✗ No,budget_exceeded
3,20,17,03-29,+25.0%,+83.57%,0.9179,129,✗ No,budget_exceeded
3,20,18,03-29,+25.0%,+80.11%,0.9006,169,✗ No,budget_exceeded
3,20,19,03-29,+25.0%,+76.31%,0.8815,214,✗ No,budget_exceeded
3,20,20,03-29,+25.0%,+73.52%,0.8676,321,✗ No,budget_exceeded
3,21,15,03-29,+25.0%,+91.66%,0.9583,51,✗ No,budget_exceeded
3,21,16,03-29,+25.0%,+86.91%,0.9346,101,✗ No,budget_exceeded
3,21,17,03-29,+25.0%,+82.83%,0.9142,127,✗ No,budget_exceeded
3,21,18,03-29,+25.0%,+77.53%,0.8876,163,✗ No,budget_exceeded
3,21,19,03-29,+25.0%,+73.87%,0.8693,198,✗ No,budget_exceeded
3,21,20,03-29,+25.0%,+69.94%,0.8497,237,✗ No,budget_exceeded
3,21,21,03-29,+25.0%,+64.16%,0.8208,369,✗ No,budget_exceeded
3,22,15,03-29,+25.0%,+91.18%,0.9559,48,✗ No,budget_exceeded
3,22,16,03-29,+25.0%,+85.48%,0.9274,98,✗ No,budget_exceeded
3,22,17,03-29,+25.0%,+81.90%,0.9095,120,✗ No,budget_exceeded
3,22,17,03-29,+25.0%,+76.24%,0.8812,152,✗ No,budget_exceeded
3,22,18,03-29,+25.0%,+72.36%,0.8618,180,✗ No,budget_exceeded
3,22,19,03-29,+25.0%,+65.05%,0.8252,220,✗ No,budget_exceeded
3,22,20,03-29,+25.0%,+65.05%,0.8252,220,✗ No,budget_exceeded
3,22,21,03-29,+25.0%,+59.51%,0.7975,277,✗ No,budget_exceeded
3,22,22,03-29,+25.0%,+53.69%,0.7684,389,✗ No,budget_exceeded
3,23,15,03-29,+25.0%,+90.29%,0.9514,47,✗ No,budget_exceeded
3,23,16,03-29,+25.0%,+82.87%,0.9144,93,✗ No,budget_exceeded
3,23,17,03-29,+25.0%,+80.45%,0.9022,111,✗ No,budget_exceeded
3,23,17,03-29,+25.0%,+73.54%,0.8677,137,✗ No,budget_exceeded
3,23,18,03-29,+25.0%,+68.61%,0.8431,162,✗ No,budget_exceeded
3,23,19,03-29,+25.0%,+61.55%,0.8077,198,✗ No,budget_exceeded
3,23,20,03-29,+25.0%,+54.16%,0.7708,246,✗ No,budget_exceeded
3,23,21,03-29,+25.0%,+54.16%,0.7708,246,✗ No,budget_exceeded
3,23,22,03-29,+25.0%,+48.46%,0.7423,296,✗ No,budget_exceeded
3,23,23,03-29,+25.0%,+41.38%,0.7069,416,✗ No,budget_exceeded
4,18,15,03-10,+25.0%,+95.30%,0.9765,25,✗ No,budget_exceeded
4,18,15,03-10,+25.0%,+92.52%,0.9626,58,✗ No,budget_exceeded
4,18,16,03-10,+25.0%,+92.52%,0.9626,58,✗ No,budget_exceeded
4,18,16,03-10,+25.0%,+90.23%,0.9511,89,✗ No,budget_exceeded
4,18,17,03-10,+25.0%,+90.23%,0.9511,89,✗ No,budget_exceeded
4,18,17,03-10,+25.0%,+86.76%,0.9338,173,✗ No,budget_exceeded
4,18,17,03-10,+25.0%,+86.76%,0.9338,173,✗ No,budget_exceeded
4,18,18,03-10,+25.0%,+86.76%,0.9338,173,✗ No,budget_exceeded
4,19,15,03-10,+25.0%,+94.92%,0.9746,25,✗ No,budget_exceeded
4,19,15,03-10,+25.0%,+91.27%,0.9564,62,✗ No,budget_exceeded
4,19,16,03-10,+25.0%,+91.27%,0.9564,62,✗ No,budget_exceeded
4,19,16,03-10,+25.0%,+88.82%,0.9441,91,✗ No,budget_exceeded
4,19,17,03-10,+25.0%,+88.82%,0.9441,91,✗ No,budget_exceeded
4,19,17,03-10,+25.0%,+88.82%,0.9441,91,✗ No,budget_exceeded
4,19,17,03-10,+25.0%,+84.38%,0.9219,153,✗ No,budget_exceeded
4,19,18,03-10,+25.0%,+84.38%,0.9219,153,✗ No,budget_exceeded
4,19,18,03-10,+25.0%,+80.09%,0.9004,244,✗ No,budget_exceeded
4,19,19,03-10,+25.0%,+80.09%,0.9004,244,✗ No,budget_exceeded
4,19,19,03-10,+25.0%,+80.09%,0.9004,244,✗ No,budget_exceeded
4,20,15,03-10,+25.0%,+94.77%,0.9738,24,✗ No,budget_exceeded
4,20,15,03-10,+25.0%,+90.89%,0.9545,61,✗ No,budget_exceeded
4,20,16,03-10,+25.0%,+90.89%,0.9545,61,✗ No,budget_exceeded
4,20,16,03-10,+25.0%,+87.95%,0.9398,92,✗ No,budget_exceeded
4,20,16,03-10,+25.0%,+87.95%,0.9398,92,✗ No,budget_exceeded
4,20,17,03-10,+25.0%,+87.95%,0.9398,92,✗ No,budget_exceeded
4,20,17,03-10,+25.0%,+81.98%,0.9099,153,✗ No,budget_exceeded
4,20,18,03-10,+25.0%,+81.98%,0.9099,153,✗ No,budget_exceeded
4,20,18,03-10,+25.0%,+81.98%,0.9099,153,✗ No,budget_exceeded
4,20,18,03-10,+25.0%,+77.49%,0.8874,214,✗ No,budget_exceeded
4,20,19,03-10,+25.0%,+77.49%,0.8874,214,✗ No,budget_exceeded
4,20,19,03-10,+25.0%,+73.53%,0.8677,323,✗ No,budget_exceeded
4,20,20,03-10,+25.0%,+73.53%,0.8677,323,✗ No,budget_exceeded
4,20,20,03-10,+25.0%,+73.53%,0.8677,323,✗ No,budget_exceeded
4,21,15,03-10,+25.0%,+94.52%,0.9726,23,✗ No,budget_exceeded
4,21,15,03-10,+25.0%,+90.31%,0.9515,63,✗ No,budget_exceeded
4,21,16,03-10,+25.0%,+90.31%,0.9515,63,✗ No,budget_exceeded
4,21,16,03-10,+25.0%,+87.10%,0.9355,95,✗ No,budget_exceeded
4,21,17,03-10,+25.0%,+87.10%,0.9355,95,✗ No,budget_exceeded
4,21,17,03-10,+25.0%,+87.10%,0.9355,95,✗ No,budget_exceeded
4,21,17,03-10,+25.0%,+80.07%,0.9003,152,✗ No,budget_exceeded
4,21,18,03-10,+25.0%,+80.07%,0.9003,152,✗ No,budget_exceeded
4,21,18,03-10,+25.0%,+74.15%,0.8707,202,✗ No,budget_exceeded
4,21,19,03-10,+25.0%,+74.15%,0.8707,202,✗ No,budget_exceeded
4,21,19,03-10,+25.0%,+74.15%,0.8707,202,✗ No,budget_exceeded
4,21,19,03-10,+25.0%,+70.28%,0.8514,241,✗ No,budget_exceeded
4,21,20,03-10,+25.0%,+70.28%,0.8514,241,✗ No,budget_exceeded
4,21,20,03-10,+25.0%,+66.31%,0.8316,362,✗ No,budget_exceeded
4,21,21,03-10,+25.0%,+66.31%,0.8316,362,✗ No,budget_exceeded
4,21,21,03-10,+25.0%,+66.31%,0.8316,362,✗ No,budget_exceeded
4,18,15,03-12,+25.0%,+95.15%,0.9758,27,✗ No,budget_exceeded
4,18,15,03-12,+25.0%,+91.97%,0.9599,64,✗ No,budget_exceeded
4,18,16,03-12,+25.0%,+91.97%,0.9599,64,✗ No,budget_exceeded
4,18,16,03-12,+25.0%,+89.92%,0.9496,94,✗ No,budget_exceeded
4,18,17,03-12,+25.0%,+89.92%,0.9496,94,✗ No,budget_exceeded
4,18,17,03-12,+25.0%,+86.44%,0.9322,177,✗ No,budget_exceeded
4,18,17,03-12,+25.0%,+86.44%,0.9322,177,✗ No,budget_exceeded
4,18,18,03-12,+25.0%,+86.44%,0.9322,177,✗ No,budget_exceeded
4,19,15,03-12,+25.0%,+94.93%,0.9746,25,✗ No,budget_exceeded
4,19,15,03-12,+25.0%,+91.25%,0.9563,63,✗ No,budget_exceeded
4,19,16,03-12,+25.0%,+91.25%,0.9563,63,✗ No,budget_exceeded
4,19,16,03-12,+25.0%,+88.49%,0.9425,96,✗ No,budget_exceeded
4,19,17,03-12,+25.0%,+88.49%,0.9425,96,✗ No,budget_exceeded
4,19,17,03-12,+25.0%,+88.49%,0.9425,96,✗ No,budget_exceeded
4,19,17,03-12,+25.0%,+83.88%,0.9194,159,✗ No,budget_exceeded
4,19,18,03-12,+25.0%,+83.88%,0.9194,159,✗ No,budget_exceeded
4,19,18,03-12,+25.0%,+79.74%,0.8987,255,✗ No,budget_exceeded
4,19,19,03-12,+25.0%,+79.74%,0.8987,255,✗ No,budget_exceeded
4,19,19,03-12,+25.0%,+79.74%,0.8987,255,✗ No,budget_exceeded
4,20,15,03-12,+25.0%,+94.79%,0.9739,24,✗ No,budget_exceeded
4,20,15,03-12,+25.0%,+90.71%,0.9536,64,✗ No,budget_exceeded
4,20,16,03-12,+25.0%,+90.71%,0.9536,64,✗ No,budget_exceeded
4,20,16,03-12,+25.0%,+87.57%,0.9378,96,✗ No,budget_exceeded
4,20,16,03-12,+25.0%,+87.57%,0.9378,96,✗ No,budget_exceeded
4,20,17,03-12,+25.0%,+87.57%,0.9378,96,✗ No,budget_exceeded
4,20,17,03-12,+25.0%,+81.11%,0.9056,157,✗ No,budget_exceeded
4,20,18,03-12,+25.0%,+81.11%,0.9056,157,✗ No,budget_exceeded
4,20,18,03-12,+25.0%,+81.11%,0.9056,157,✗ No,budget_exceeded
4,20,18,03-12,+25.0%,+77.24%,0.8862,215,✗ No,budget_exceeded
4,20,19,03-12,+25.0%,+77.24%,0.8862,215,✗ No,budget_exceeded
4,20,19,03-12,+25.0%,+73.60%,0.8680,321,✗ No,budget_exceeded
4,20,20,03-12,+25.0%,+73.60%,0.8680,321,✗ No,budget_exceeded
4,20,20,03-12,+25.0%,+73.60%,0.8680,321,✗ No,budget_exceeded
4,21,15,03-12,+25.0%,+94.45%,0.9723,24,✗ No,budget_exceeded
4,21,15,03-12,+25.0%,+90.01%,0.9500,67,✗ No,budget_exceeded
4,21,16,03-12,+25.0%,+90.01%,0.9500,67,✗ No,budget_exceeded
4,21,16,03-12,+25.0%,+86.73%,0.9337,100,✗ No,budget_exceeded
4,21,17,03-12,+25.0%,+86.73%,0.9337,100,✗ No,budget_exceeded
4,21,17,03-12,+25.0%,+86.73%,0.9337,100,✗ No,budget_exceeded
4,21,17,03-12,+25.0%,+79.92%,0.8996,154,✗ No,budget_exceeded
4,21,18,03-12,+25.0%,+79.92%,0.8996,154,✗ No,budget_exceeded
4,21,18,03-12,+25.0%,+74.19%,0.8710,202,✗ No,budget_exceeded
4,21,19,03-12,+25.0%,+74.19%,0.8710,202,✗ No,budget_exceeded
4,21,19,03-12,+25.0%,+74.19%,0.8710,202,✗ No,budget_exceeded
4,21,19,03-12,+25.0%,+70.38%,0.8519,240,✗ No,budget_exceeded
4,21,20,03-12,+25.0%,+70.38%,0.8519,240,✗ No,budget_exceeded
4,21,20,03-12,+25.0%,+66.28%,0.8314,367,✗ No,budget_exceeded
4,21,21,03-12,+25.0%,+66.28%,0.8314,367,✗ No,budget_exceeded
4,21,21,03-12,+25.0%,+66.28%,0.8314,367,✗ No,budget_exceeded
4,18,15,03-14,+25.0%,+95.17%,0.9759,27,✗ No,budget_exceeded
4,18,15,03-14,+25.0%,+91.78%,0.9589,67,✗ No,budget_exceeded
4,18,16,03-14,+25.0%,+91.78%,0.9589,67,✗ No,budget_exceeded
4,18,16,03-14,+25.0%,+89.46%,0.9473,100,✗ No,budget_exceeded
4,18,17,03-14,+25.0%,+89.46%,0.9473,100,✗ No,budget_exceeded
4,18,17,03-14,+25.0%,+86.03%,0.9301,186,✗ No,budget_exceeded
4,18,17,03-14,+25.0%,+86.03%,0.9301,186,✗ No,budget_exceeded
4,18,18,03-14,+25.0%,+86.03%,0.9301,186,✗ No,budget_exceeded
4,19,15,03-14,+25.0%,+94.85%,0.9742,26,✗ No,budget_exceeded
4,19,15,03-14,+25.0%,+91.07%,0.9553,66,✗ No,budget_exceeded
4,19,16,03-14,+25.0%,+91.07%,0.9553,66,✗ No,budget_exceeded
4,19,16,03-14,+25.0%,+88.16%,0.9408,101,✗ No,budget_exceeded
4,19,17,03-14,+25.0%,+88.16%,0.9408,101,✗ No,budget_exceeded
4,19,17,03-14,+25.0%,+88.16%,0.9408,101,✗ No,budget_exceeded
4,19,17,03-14,+25.0%,+83.24%,0.9162,165,✗ No,budget_exceeded
4,19,18,03-14,+25.0%,+83.24%,0.9162,165,✗ No,budget_exceeded
4,19,18,03-14,+25.0%,+79.33%,0.8966,262,✗ No,budget_exceeded
4,19,19,03-14,+25.0%,+79.33%,0.8966,262,✗ No,budget_exceeded
4,19,19,03-14,+25.0%,+79.33%,0.8966,262,✗ No,budget_exceeded
4,20,15,03-14,+25.0%,+94.53%,0.9727,27,✗ No,budget_exceeded
4,20,15,03-14,+25.0%,+90.37%,0.9519,68,✗ No,budget_exceeded
4,20,16,03-14,+25.0%,+90.37%,0.9519,68,✗ No,budget_exceeded
4,20,16,03-14,+25.0%,+87.22%,0.9361,100,✗ No,budget_exceeded
4,20,16,03-14,+25.0%,+87.22%,0.9361,100,✗ No,budget_exceeded
4,20,17,03-14,+25.0%,+87.22%,0.9361,100,✗ No,budget_exceeded
4,20,17,03-14,+25.0%,+81.08%,0.9054,157,✗ No,budget_exceeded
4,20,18,03-14,+25.0%,+81.08%,0.9054,157,✗ No,budget_exceeded
4,20,18,03-14,+25.0%,+81.08%,0.9054,157,✗ No,budget_exceeded
4,20,18,03-14,+25.0%,+76.08%,0.8804,219,✗ No,budget_exceeded
4,20,19,03-14,+25.0%,+76.08%,0.8804,219,✗ No,budget_exceeded
4,20,19,03-14,+25.0%,+73.52%,0.8676,322,✗ No,budget_exceeded
4,20,20,03-14,+25.0%,+73.52%,0.8676,322,✗ No,budget_exceeded
4,20,20,03-14,+25.0%,+73.52%,0.8676,322,✗ No,budget_exceeded
4,21,15,03-14,+25.0%,+94.14%,0.9707,28,✗ No,budget_exceeded
4,21,15,03-14,+25.0%,+89.64%,0.9482,71,✗ No,budget_exceeded
4,21,16,03-14,+25.0%,+89.64%,0.9482,71,✗ No,budget_exceeded
4,21,16,03-14,+25.0%,+86.16%,0.9308,105,✗ No,budget_exceeded
4,21,17,03-14,+25.0%,+86.16%,0.9308,105,✗ No,budget_exceeded
4,21,17,03-14,+25.0%,+86.16%,0.9308,105,✗ No,budget_exceeded
4,21,17,03-14,+25.0%,+79.25%,0.8963,159,✗ No,budget_exceeded
4,21,18,03-14,+25.0%,+79.25%,0.8963,159,✗ No,budget_exceeded
4,21,18,03-14,+25.0%,+74.13%,0.8706,202,✗ No,budget_exceeded
4,21,19,03-14,+25.0%,+74.13%,0.8706,202,✗ No,budget_exceeded
4,21,19,03-14,+25.0%,+74.13%,0.8706,202,✗ No,budget_exceeded
4,21,19,03-14,+25.0%,+70.33%,0.8517,240,✗ No,budget_exceeded
4,21,20,03-14,+25.0%,+70.33%,0.8517,240,✗ No,budget_exceeded
4,21,20,03-14,+25.0%,+65.49%,0.8275,369,✗ No,budget_exceeded
4,21,21,03-14,+25.0%,+65.49%,0.8275,369,✗ No,budget_exceeded
4,21,21,03-14,+25.0%,+65.49%,0.8275,369,✗ No,budget_exceeded
4,18,15,03-16,+25.0%,+95.01%,0.9751,29,✗ No,budget_exceeded
4,18,15,03-16,+25.0%,+91.77%,0.9588,68,✗ No,budget_exceeded
4,18,16,03-16,+25.0%,+91.77%,0.9588,68,✗ No,budget_exceeded
4,18,16,03-16,+25.0%,+89.21%,0.9461,104,✗ No,budget_exceeded
4,18,17,03-16,+25.0%,+89.21%,0.9461,104,✗ No,budget_exceeded
4,18,17,03-16,+25.0%,+85.50%,0.9275,192,✗ No,budget_exceeded
4,18,17,03-16,+25.0%,+85.50%,0.9275,192,✗ No,budget_exceeded
4,18,18,03-16,+25.0%,+85.50%,0.9275,192,✗ No,budget_exceeded
4,19,15,03-16,+25.0%,+94.58%,0.9729,30,✗ No,budget_exceeded
4,19,15,03-16,+25.0%,+90.75%,0.9537,70,✗ No,budget_exceeded
4,19,16,03-16,+25.0%,+90.75%,0.9537,70,✗ No,budget_exceeded
4,19,16,03-16,+25.0%,+87.70%,0.9385,106,✗ No,budget_exceeded
4,19,17,03-16,+25.0%,+87.70%,0.9385,106,✗ No,budget_exceeded
4,19,17,03-16,+25.0%,+87.70%,0.9385,106,✗ No,budget_exceeded
4,19,17,03-16,+25.0%,+82.62%,0.9131,171,✗ No,budget_exceeded
4,19,18,03-16,+25.0%,+82.62%,0.9131,171,✗ No,budget_exceeded
4,19,18,03-16,+25.0%,+79.21%,0.8961,274,✗ No,budget_exceeded
4,19,19,03-16,+25.0%,+79.21%,0.8961,274,✗ No,budget_exceeded
4,19,19,03-16,+25.0%,+79.21%,0.8961,274,✗ No,budget_exceeded
4,20,15,03-16,+25.0%,+93.65%,0.9683,32,✗ No,budget_exceeded
4,20,15,03-16,+25.0%,+89.92%,0.9496,73,✗ No,budget_exceeded
4,20,16,03-16,+25.0%,+89.92%,0.9496,73,✗ No,budget_exceeded
4,20,16,03-16,+25.0%,+86.61%,0.9330,105,✓ Yes,budget_exceeded
4,20,16,03-16,+25.0%,+86.61%,0.9330,105,✓ Yes,budget_exceeded
4,20,17,03-16,+25.0%,+86.61%,0.9330,105,✓ Yes,budget_exceeded
4,20,17,03-16,+25.0%,+81.07%,0.9053,157,✗ No,budget_exceeded
4,20,18,03-16,+25.0%,+81.07%,0.9053,157,✗ No,budget_exceeded
4,20,18,03-16,+25.0%,+81.07%,0.9053,157,✗ No,budget_exceeded
4,20,18,03-16,+25.0%,+76.12%,0.8806,218,✗ No,budget_exceeded
4,20,19,03-16,+25.0%,+76.12%,0.8806,218,✗ No,budget_exceeded
4,20,19,03-16,+25.0%,+73.56%,0.8678,321,✗ No,budget_exceeded
4,20,20,03-16,+25.0%,+73.56%,0.8678,321,✗ No,budget_exceeded
4,20,20,03-16,+25.0%,+73.56%,0.8678,321,✗ No,budget_exceeded
4,21,15,03-16,+25.0%,+92.96%,0.9648,35,✗ No,budget_exceeded
4,21,15,03-16,+25.0%,+89.33%,0.9466,76,✗ No,budget_exceeded
4,21,16,03-16,+25.0%,+89.33%,0.9466,76,✗ No,budget_exceeded
4,21,16,03-16,+25.0%,+85.82%,0.9291,109,✗ No,budget_exceeded
4,21,17,03-16,+25.0%,+85.82%,0.9291,109,✗ No,budget_exceeded
4,21,17,03-16,+25.0%,+85.82%,0.9291,109,✗ No,budget_exceeded
4,21,17,03-16,+25.0%,+78.99%,0.8949,161,✗ No,budget_exceeded
4,21,18,03-16,+25.0%,+78.99%,0.8949,161,✗ No,budget_exceeded
4,21,18,03-16,+25.0%,+74.16%,0.8708,201,✗ No,budget_exceeded
4,21,19,03-16,+25.0%,+74.16%,0.8708,201,✗ No,budget_exceeded
4,21,19,03-16,+25.0%,+74.16%,0.8708,201,✗ No,budget_exceeded
4,21,19,03-16,+25.0%,+70.30%,0.8515,240,✗ No,budget_exceeded
4,21,20,03-16,+25.0%,+70.30%,0.8515,240,✗ No,budget_exceeded
4,21,20,03-16,+25.0%,+65.42%,0.8271,371,✗ No,budget_exceeded
4,21,21,03-16,+25.0%,+65.42%,0.8271,371,✗ No,budget_exceeded
4,21,21,03-16,+25.0%,+65.42%,0.8271,371,✗ No,budget_exceeded
4,18,15,03-18,+25.0%,+94.73%,0.9737,33,✗ No,budget_exceeded
4,18,15,03-18,+25.0%,+91.44%,0.9572,73,✗ No,budget_exceeded
4,18,16,03-18,+25.0%,+91.44%,0.9572,73,✗ No,budget_exceeded
4,18,16,03-18,+25.0%,+88.89%,0.9445,110,✗ No,budget_exceeded
4,18,17,03-18,+25.0%,+88.89%,0.9445,110,✗ No,budget_exceeded
4,18,17,03-18,+25.0%,+85.16%,0.9258,198,✗ No,budget_exceeded
4,18,17,03-18,+25.0%,+85.16%,0.9258,198,✗ No,budget_exceeded
4,18,18,03-18,+25.0%,+85.16%,0.9258,198,✗ No,budget_exceeded
4,19,15,03-18,+25.0%,+93.68%,0.9684,36,✗ No,budget_exceeded
4,19,15,03-18,+25.0%,+90.31%,0.9515,75,✗ No,budget_exceeded
4,19,16,03-18,+25.0%,+90.31%,0.9515,75,✗ No,budget_exceeded
4,19,16,03-18,+25.0%,+87.34%,0.9367,110,✗ No,budget_exceeded
4,19,17,03-18,+25.0%,+87.34%,0.9367,110,✗ No,budget_exceeded
4,19,17,03-18,+25.0%,+87.34%,0.9367,110,✗ No,budget_exceeded
4,19,17,03-18,+25.0%,+82.17%,0.9108,173,✗ No,budget_exceeded
4,19,18,03-18,+25.0%,+82.17%,0.9108,173,✗ No,budget_exceeded
4,19,18,03-18,+25.0%,+79.29%,0.8964,277,✗ No,budget_exceeded
4,19,19,03-18,+25.0%,+79.29%,0.8964,277,✗ No,budget_exceeded
4,19,19,03-18,+25.0%,+79.29%,0.8964,277,✗ No,budget_exceeded
4,20,15,03-18,+25.0%,+93.01%,0.9650,38,✗ No,budget_exceeded
4,20,15,03-18,+25.0%,+89.67%,0.9484,77,✗ No,budget_exceeded
4,20,16,03-18,+25.0%,+89.67%,0.9484,77,✗ No,budget_exceeded
4,20,16,03-18,+25.0%,+86.25%,0.9313,110,✗ No,budget_exceeded
4,20,16,03-18,+25.0%,+86.25%,0.9313,110,✗ No,budget_exceeded
4,20,17,03-18,+25.0%,+86.25%,0.9313,110,✗ No,budget_exceeded
4,20,17,03-18,+25.0%,+80.76%,0.9038,160,✗ No,budget_exceeded
4,20,18,03-18,+25.0%,+80.76%,0.9038,160,✗ No,budget_exceeded
4,20,18,03-18,+25.0%,+80.76%,0.9038,160,✗ No,budget_exceeded
4,20,18,03-18,+25.0%,+76.11%,0.8805,218,✗ No,budget_exceeded
4,20,19,03-18,+25.0%,+76.11%,0.8805,218,✗ No,budget_exceeded
4,20,19,03-18,+25.0%,+73.67%,0.8683,318,✗ No,budget_exceeded
4,20,20,03-18,+25.0%,+73.67%,0.8683,318,✗ No,budget_exceeded
4,20,20,03-18,+25.0%,+73.67%,0.8683,318,✗ No,budget_exceeded
4,21,15,03-18,+25.0%,+92.46%,0.9623,40,✗ No,budget_exceeded
4,21,15,03-18,+25.0%,+88.93%,0.9446,80,✗ No,budget_exceeded
4,21,16,03-18,+25.0%,+88.93%,0.9446,80,✗ No,budget_exceeded
4,21,16,03-18,+25.0%,+84.97%,0.9249,115,✗ No,budget_exceeded
4,21,17,03-18,+25.0%,+84.97%,0.9249,115,✗ No,budget_exceeded
4,21,17,03-18,+25.0%,+84.97%,0.9249,115,✗ No,budget_exceeded
4,21,17,03-18,+25.0%,+79.01%,0.8951,160,✗ No,budget_exceeded
4,21,18,03-18,+25.0%,+79.01%,0.8951,160,✗ No,budget_exceeded
4,21,18,03-18,+25.0%,+74.23%,0.8711,200,✗ No,budget_exceeded
4,21,19,03-18,+25.0%,+74.23%,0.8711,200,✗ No,budget_exceeded
4,21,19,03-18,+25.0%,+74.23%,0.8711,200,✗ No,budget_exceeded
4,21,19,03-18,+25.0%,+70.37%,0.8519,238,✗ No,budget_exceeded
4,21,20,03-18,+25.0%,+70.37%,0.8519,238,✗ No,budget_exceeded
4,21,20,03-18,+25.0%,+65.45%,0.8272,370,✗ No,budget_exceeded
4,21,21,03-18,+25.0%,+65.45%,0.8272,370,✗ No,budget_exceeded
4,21,21,03-18,+25.0%,+65.45%,0.8272,370,✗ No,budget_exceeded
4,18,15,03-20,+25.0%,+94.07%,0.9703,40,✗ No,budget_exceeded
4,18,15,03-20,+25.0%,+91.15%,0.9558,77,✗ No,budget_exceeded
4,18,16,03-20,+25.0%,+91.15%,0.9558,77,✗ No,budget_exceeded
4,18,16,03-20,+25.0%,+88.45%,0.9422,115,✗ No,budget_exceeded
4,18,17,03-20,+25.0%,+88.45%,0.9422,115,✗ No,budget_exceeded
4,18,17,03-20,+25.0%,+84.63%,0.9231,205,✗ No,budget_exceeded
4,18,17,03-20,+25.0%,+84.63%,0.9231,205,✗ No,budget_exceeded
4,18,18,03-20,+25.0%,+84.63%,0.9231,205,✗ No,budget_exceeded
4,19,15,03-20,+25.0%,+93.21%,0.9660,41,✗ No,budget_exceeded
4,19,15,03-20,+25.0%,+90.08%,0.9504,79,✗ No,budget_exceeded
4,19,16,03-20,+25.0%,+90.08%,0.9504,79,✗ No,budget_exceeded
4,19,16,03-20,+25.0%,+87.00%,0.9350,114,✗ No,budget_exceeded
4,19,17,03-20,+25.0%,+87.00%,0.9350,114,✗ No,budget_exceeded
4,19,17,03-20,+25.0%,+87.00%,0.9350,114,✗ No,budget_exceeded
4,19,17,03-20,+25.0%,+82.14%,0.9107,173,✗ No,budget_exceeded
4,19,18,03-20,+25.0%,+82.14%,0.9107,173,✗ No,budget_exceeded
4,19,18,03-20,+25.0%,+79.26%,0.8963,277,✗ No,budget_exceeded
4,19,19,03-20,+25.0%,+79.26%,0.8963,277,✗ No,budget_exceeded
4,19,19,03-20,+25.0%,+79.26%,0.8963,277,✗ No,budget_exceeded
4,20,15,03-20,+25.0%,+92.75%,0.9638,42,✗ No,budget_exceeded
4,20,15,03-20,+25.0%,+89.34%,0.9467,81,✗ No,budget_exceeded
4,20,16,03-20,+25.0%,+89.34%,0.9467,81,✗ No,budget_exceeded
4,20,16,03-20,+25.0%,+85.58%,0.9279,116,✗ No,budget_exceeded
4,20,16,03-20,+25.0%,+85.58%,0.9279,116,✗ No,budget_exceeded
4,20,17,03-20,+25.0%,+85.58%,0.9279,116,✗ No,budget_exceeded
4,20,17,03-20,+25.0%,+80.53%,0.9027,162,✗ No,budget_exceeded
4,20,18,03-20,+25.0%,+80.53%,0.9027,162,✗ No,budget_exceeded
4,20,18,03-20,+25.0%,+80.53%,0.9027,162,✗ No,budget_exceeded
4,20,18,03-20,+25.0%,+76.11%,0.8805,218,✗ No,budget_exceeded
4,20,19,03-20,+25.0%,+76.11%,0.8805,218,✗ No,budget_exceeded
4,20,19,03-20,+25.0%,+73.55%,0.8677,322,✗ No,budget_exceeded
4,20,20,03-20,+25.0%,+73.55%,0.8677,322,✗ No,budget_exceeded
4,20,20,03-20,+25.0%,+73.55%,0.8677,322,✗ No,budget_exceeded
4,21,15,03-20,+25.0%,+92.44%,0.9622,41,✗ No,budget_exceeded
4,21,15,03-20,+25.0%,+88.58%,0.9429,84,✗ No,budget_exceeded
4,21,16,03-20,+25.0%,+88.58%,0.9429,84,✗ No,budget_exceeded
4,21,16,03-20,+25.0%,+84.31%,0.9215,120,✗ No,budget_exceeded
4,21,17,03-20,+25.0%,+84.31%,0.9215,120,✗ No,budget_exceeded
4,21,17,03-20,+25.0%,+84.31%,0.9215,120,✗ No,budget_exceeded
4,21,17,03-20,+25.0%,+78.92%,0.8946,161,✗ No,budget_exceeded
4,21,18,03-20,+25.0%,+78.92%,0.8946,161,✗ No,budget_exceeded
4,21,18,03-20,+25.0%,+74.20%,0.8710,200,✗ No,budget_exceeded
4,21,19,03-20,+25.0%,+74.20%,0.8710,200,✗ No,budget_exceeded
4,21,19,03-20,+25.0%,+74.20%,0.8710,200,✗ No,budget_exceeded
4,21,19,03-20,+25.0%,+70.35%,0.8517,238,✗ No,budget_exceeded
4,21,20,03-20,+25.0%,+70.35%,0.8517,238,✗ No,budget_exceeded
4,21,20,03-20,+25.0%,+65.01%,0.8250,373,✗ No,budget_exceeded
4,21,21,03-20,+25.0%,+65.01%,0.8250,373,✗ No,budget_exceeded
4,21,21,03-20,+25.0%,+65.01%,0.8250,373,✗ No,budget_exceeded
4,18,15,03-22,+25.0%,+93.63%,0.9682,45,✗ No,budget_exceeded
4,18,15,03-22,+25.0%,+90.81%,0.9540,82,✗ No,budget_exceeded
4,18,16,03-22,+25.0%,+90.81%,0.9540,82,✗ No,budget_exceeded
4,18,16,03-22,+25.0%,+88.21%,0.9411,118,✗ No,budget_exceeded
4,18,17,03-22,+25.0%,+88.21%,0.9411,118,✗ No,budget_exceeded
4,18,17,03-22,+25.0%,+84.09%,0.9204,216,✗ No,budget_exceeded
4,18,17,03-22,+25.0%,+84.09%,0.9204,216,✗ No,budget_exceeded
4,18,18,03-22,+25.0%,+84.09%,0.9204,216,✗ No,budget_exceeded
4,19,15,03-22,+25.0%,+93.02%,0.9651,44,✗ No,budget_exceeded
4,19,15,03-22,+25.0%,+89.74%,0.9487,83,✗ No,budget_exceeded
4,19,16,03-22,+25.0%,+89.74%,0.9487,83,✗ No,budget_exceeded
4,19,16,03-22,+25.0%,+86.33%,0.9317,121,✗ No,budget_exceeded
4,19,17,03-22,+25.0%,+86.33%,0.9317,121,✗ No,budget_exceeded
4,19,17,03-22,+25.0%,+86.33%,0.9317,121,✗ No,budget_exceeded
4,19,17,03-22,+25.0%,+82.05%,0.9103,174,✗ No,budget_exceeded
4,19,18,03-22,+25.0%,+82.05%,0.9103,174,✗ No,budget_exceeded
4,19,18,03-22,+25.0%,+79.05%,0.8952,280,✗ No,budget_exceeded
4,19,19,03-22,+25.0%,+79.05%,0.8952,280,✗ No,budget_exceeded
4,19,19,03-22,+25.0%,+79.05%,0.8952,280,✗ No,budget_exceeded
4,20,15,03-22,+25.0%,+92.68%,0.9634,42,✗ No,budget_exceeded
4,20,15,03-22,+25.0%,+88.93%,0.9446,85,✗ No,budget_exceeded
4,20,16,03-22,+25.0%,+88.93%,0.9446,85,✗ No,budget_exceeded
4,20,16,03-22,+25.0%,+84.80%,0.9240,122,✗ No,budget_exceeded
4,20,16,03-22,+25.0%,+84.80%,0.9240,122,✗ No,budget_exceeded
4,20,17,03-22,+25.0%,+84.80%,0.9240,122,✗ No,budget_exceeded
4,20,17,03-22,+25.0%,+80.28%,0.9014,168,✗ No,budget_exceeded
4,20,18,03-22,+25.0%,+80.28%,0.9014,168,✗ No,budget_exceeded
4,20,18,03-22,+25.0%,+80.28%,0.9014,168,✗ No,budget_exceeded
4,20,18,03-22,+25.0%,+76.04%,0.8802,218,✗ No,budget_exceeded
4,20,19,03-22,+25.0%,+76.04%,0.8802,218,✗ No,budget_exceeded
4,20,19,03-22,+25.0%,+73.15%,0.8657,331,✗ No,budget_exceeded
4,20,20,03-22,+25.0%,+73.15%,0.8657,331,✗ No,budget_exceeded
4,20,20,03-22,+25.0%,+73.15%,0.8657,331,✗ No,budget_exceeded
4,21,15,03-22,+25.0%,+92.25%,0.9613,43,✗ No,budget_exceeded
4,21,15,03-22,+25.0%,+88.33%,0.9417,87,✗ No,budget_exceeded
4,21,16,03-22,+25.0%,+88.33%,0.9417,87,✗ No,budget_exceeded
4,21,16,03-22,+25.0%,+83.51%,0.9176,125,✗ No,budget_exceeded
4,21,17,03-22,+25.0%,+83.51%,0.9176,125,✗ No,budget_exceeded
4,21,17,03-22,+25.0%,+83.51%,0.9176,125,✗ No,budget_exceeded
4,21,17,03-22,+25.0%,+78.69%,0.8934,162,✗ No,budget_exceeded
4,21,18,03-22,+25.0%,+78.69%,0.8934,162,✗ No,budget_exceeded
4,21,18,03-22,+25.0%,+74.18%,0.8709,199,✗ No,budget_exceeded
4,21,19,03-22,+25.0%,+74.18%,0.8709,199,✗ No,budget_exceeded
4,21,19,03-22,+25.0%,+74.18%,0.8709,199,✗ No,budget_exceeded
4,21,19,03-22,+25.0%,+69.81%,0.8491,241,✗ No,budget_exceeded
4,21,20,03-22,+25.0%,+69.81%,0.8491,241,✗ No,budget_exceeded
4,21,20,03-22,+25.0%,+64.71%,0.8236,373,✗ No,budget_exceeded
4,21,21,03-22,+25.0%,+64.71%,0.8236,373,✗ No,budget_exceeded
4,21,21,03-22,+25.0%,+64.71%,0.8236,373,✗ No,budget_exceeded
5,19,16,03-13,+25.0%,+91.25%,0.9562,64,✗ No,budget_exceeded
5,19,16,03-13,+25.0%,+88.32%,0.9416,98,✗ No,budget_exceeded
5,19,17,03-13,+25.0%,+88.32%,0.9416,98,✗ No,budget_exceeded
5,19,17,03-13,+25.0%,+88.32%,0.9416,98,✗ No,budget_exceeded
5,19,17,03-13,+25.0%,+83.39%,0.9170,163,✗ No,budget_exceeded
5,19,18,03-13,+25.0%,+83.39%,0.9170,163,✗ No,budget_exceeded
5,19,18,03-13,+25.0%,+83.39%,0.9170,163,✗ No,budget_exceeded
5,19,18,03-13,+25.0%,+79.42%,0.8971,260,✗ No,budget_exceeded
5,19,19,03-13,+25.0%,+79.42%,0.8971,260,✗ No,budget_exceeded
5,19,19,03-13,+25.0%,+79.42%,0.8971,260,✗ No,budget_exceeded
5,20,16,03-13,+25.0%,+90.53%,0.9527,66,✗ No,budget_exceeded
5,20,16,03-13,+25.0%,+87.31%,0.9365,98,✓ Yes,budget_exceeded
5,20,17,03-13,+25.0%,+87.31%,0.9365,98,✓ Yes,budget_exceeded
5,20,17,03-13,+25.0%,+87.31%,0.9365,98,✓ Yes,budget_exceeded
5,20,17,03-13,+25.0%,+81.10%,0.9055,157,✗ No,budget_exceeded
5,20,18,03-13,+25.0%,+81.10%,0.9055,157,✗ No,budget_exceeded
5,20,18,03-13,+25.0%,+81.10%,0.9055,157,✗ No,budget_exceeded
5,20,18,03-13,+25.0%,+77.23%,0.8861,215,✗ No,budget_exceeded
5,20,19,03-13,+25.0%,+77.23%,0.8861,215,✗ No,budget_exceeded
5,20,19,03-13,+25.0%,+77.23%,0.8861,215,✗ No,budget_exceeded
5,20,19,03-13,+25.0%,+73.57%,0.8679,321,✗ No,budget_exceeded
5,20,20,03-13,+25.0%,+73.57%,0.8679,321,✗ No,budget_exceeded
5,20,20,03-13,+25.0%,+73.57%,0.8679,321,✗ No,budget_exceeded
5,19,16,03-14,+25.0%,+91.07%,0.9553,66,✗ No,budget_exceeded
5,19,16,03-14,+25.0%,+88.16%,0.9408,101,✗ No,budget_exceeded
5,19,17,03-14,+25.0%,+88.16%,0.9408,101,✗ No,budget_exceeded
5,19,17,03-14,+25.0%,+88.16%,0.9408,101,✗ No,budget_exceeded
5,19,17,03-14,+25.0%,+83.24%,0.9162,165,✗ No,budget_exceeded
5,19,18,03-14,+25.0%,+83.24%,0.9162,165,✗ No,budget_exceeded
5,19,18,03-14,+25.0%,+83.24%,0.9162,165,✗ No,budget_exceeded
5,19,18,03-14,+25.0%,+79.33%,0.8966,262,✗ No,budget_exceeded
5,19,19,03-14,+25.0%,+79.33%,0.8966,262,✗ No,budget_exceeded
5,19,19,03-14,+25.0%,+79.33%,0.8966,262,✗ No,budget_exceeded
5,20,16,03-14,+25.0%,+90.37%,0.9519,68,✗ No,budget_exceeded
5,20,16,03-14,+25.0%,+87.22%,0.9361,100,✗ No,budget_exceeded
5,20,17,03-14,+25.0%,+87.22%,0.9361,100,✗ No,budget_exceeded
5,20,17,03-14,+25.0%,+87.22%,0.9361,100,✗ No,budget_exceeded
5,20,17,03-14,+25.0%,+81.08%,0.9054,157,✗ No,budget_exceeded
5,20,18,03-14,+25.0%,+81.08%,0.9054,157,✗ No,budget_exceeded
5,20,18,03-14,+25.0%,+81.08%,0.9054,157,✗ No,budget_exceeded
5,20,18,03-14,+25.0%,+76.08%,0.8804,219,✗ No,budget_exceeded
5,20,19,03-14,+25.0%,+76.08%,0.8804,219,✗ No,budget_exceeded
5,20,19,03-14,+25.0%,+76.08%,0.8804,219,✗ No,budget_exceeded
5,20,19,03-14,+25.0%,+73.52%,0.8676,322,✗ No,budget_exceeded
5,20,20,03-14,+25.0%,+73.52%,0.8676,322,✗ No,budget_exceeded
5,20,20,03-14,+25.0%,+73.52%,0.8676,322,✗ No,budget_exceeded
5,19,16,03-15,+25.0%,+90.89%,0.9545,68,✗ No,budget_exceeded
5,19,16,03-15,+25.0%,+88.00%,0.9400,103,✗ No,budget_exceeded
5,19,17,03-15,+25.0%,+88.00%,0.9400,103,✗ No,budget_exceeded
5,19,17,03-15,+25.0%,+88.00%,0.9400,103,✗ No,budget_exceeded
5,19,17,03-15,+25.0%,+82.92%,0.9146,167,✗ No,budget_exceeded
5,19,18,03-15,+25.0%,+82.92%,0.9146,167,✗ No,budget_exceeded
5,19,18,03-15,+25.0%,+82.92%,0.9146,167,✗ No,budget_exceeded
5,19,18,03-15,+25.0%,+79.19%,0.8959,272,✓ Yes,budget_exceeded
5,19,19,03-15,+25.0%,+79.19%,0.8959,272,✓ Yes,budget_exceeded
5,19,19,03-15,+25.0%,+79.19%,0.8959,272,✓ Yes,budget_exceeded
5,20,16,03-15,+25.0%,+90.20%,0.9510,70,✗ No,budget_exceeded
5,20,16,03-15,+25.0%,+87.10%,0.9355,102,✗ No,budget_exceeded
5,20,17,03-15,+25.0%,+87.10%,0.9355,102,✗ No,budget_exceeded
5,20,17,03-15,+25.0%,+87.10%,0.9355,102,✗ No,budget_exceeded
5,20,17,03-15,+25.0%,+81.06%,0.9053,157,✗ No,budget_exceeded
5,20,18,03-15,+25.0%,+81.06%,0.9053,157,✗ No,budget_exceeded
5,20,18,03-15,+25.0%,+81.06%,0.9053,157,✗ No,budget_exceeded
5,20,18,03-15,+25.0%,+76.06%,0.8803,219,✗ No,budget_exceeded
5,20,19,03-15,+25.0%,+76.06%,0.8803,219,✗ No,budget_exceeded
5,20,19,03-15,+25.0%,+76.06%,0.8803,219,✗ No,budget_exceeded
5,20,19,03-15,+25.0%,+73.50%,0.8675,322,✗ No,budget_exceeded
5,20,20,03-15,+25.0%,+73.50%,0.8675,322,✗ No,budget_exceeded
5,20,20,03-15,+25.0%,+73.50%,0.8675,322,✗ No,budget_exceeded
5,19,16,03-16,+25.0%,+90.75%,0.9537,70,✗ No,budget_exceeded
5,19,16,03-16,+25.0%,+87.70%,0.9385,106,✗ No,budget_exceeded
5,19,17,03-16,+25.0%,+87.70%,0.9385,106,✗ No,budget_exceeded
5,19,17,03-16,+25.0%,+87.70%,0.9385,106,✗ No,budget_exceeded
5,19,17,03-16,+25.0%,+82.62%,0.9131,171,✗ No,budget_exceeded
5,19,18,03-16,+25.0%,+82.62%,0.9131,171,✗ No,budget_exceeded
5,19,18,03-16,+25.0%,+82.62%,0.9131,171,✗ No,budget_exceeded
5,19,18,03-16,+25.0%,+79.21%,0.8961,274,✗ No,budget_exceeded
5,19,19,03-16,+25.0%,+79.21%,0.8961,274,✗ No,budget_exceeded
5,19,19,03-16,+25.0%,+79.21%,0.8961,274,✗ No,budget_exceeded
5,20,16,03-16,+25.0%,+89.92%,0.9496,73,✗ No,budget_exceeded
5,20,16,03-16,+25.0%,+86.61%,0.9330,105,✓ Yes,budget_exceeded
5,20,17,03-16,+25.0%,+86.61%,0.9330,105,✓ Yes,budget_exceeded
5,20,17,03-16,+25.0%,+86.61%,0.9330,105,✓ Yes,budget_exceeded
5,20,17,03-16,+25.0%,+81.07%,0.9053,157,✗ No,budget_exceeded
5,20,18,03-16,+25.0%,+81.07%,0.9053,157,✗ No,budget_exceeded
5,20,18,03-16,+25.0%,+81.07%,0.9053,157,✗ No,budget_exceeded
5,20,18,03-16,+25.0%,+76.12%,0.8806,218,✗ No,budget_exceeded
5,20,19,03-16,+25.0%,+76.12%,0.8806,218,✗ No,budget_exceeded
5,20,19,03-16,+25.0%,+76.12%,0.8806,218,✗ No,budget_exceeded
5,20,19,03-16,+25.0%,+73.56%,0.8678,321,✗ No,budget_exceeded
5,20,20,03-16,+25.0%,+73.56%,0.8678,321,✗ No,budget_exceeded
5,20,20,03-16,+25.0%,+73.56%,0.8678,321,✗ No,budget_exceeded
5,19,16,03-17,+25.0%,+90.56%,0.9528,72,✗ No,budget_exceeded
5,19,16,03-17,+25.0%,+87.63%,0.9381,107,✗ No,budget_exceeded
5,19,17,03-17,+25.0%,+87.63%,0.9381,107,✗ No,budget_exceeded
5,19,17,03-17,+25.0%,+87.63%,0.9381,107,✗ No,budget_exceeded
5,19,17,03-17,+25.0%,+82.15%,0.9107,173,✗ No,budget_exceeded
5,19,18,03-17,+25.0%,+82.15%,0.9107,173,✗ No,budget_exceeded
5,19,18,03-17,+25.0%,+82.15%,0.9107,173,✗ No,budget_exceeded
5,19,18,03-17,+25.0%,+79.28%,0.8964,274,✗ No,budget_exceeded
5,19,19,03-17,+25.0%,+79.28%,0.8964,274,✗ No,budget_exceeded
5,19,19,03-17,+25.0%,+79.28%,0.8964,274,✗ No,budget_exceeded
5,20,16,03-17,+25.0%,+89.73%,0.9487,76,✗ No,budget_exceeded
5,20,16,03-17,+25.0%,+86.46%,0.9323,108,✗ No,budget_exceeded
5,20,17,03-17,+25.0%,+86.46%,0.9323,108,✗ No,budget_exceeded
5,20,17,03-17,+25.0%,+86.46%,0.9323,108,✗ No,budget_exceeded
5,20,17,03-17,+25.0%,+80.92%,0.9046,158,✗ No,budget_exceeded
5,20,18,03-17,+25.0%,+80.92%,0.9046,158,✗ No,budget_exceeded
5,20,18,03-17,+25.0%,+80.92%,0.9046,158,✗ No,budget_exceeded
5,20,18,03-17,+25.0%,+76.19%,0.8810,217,✗ No,budget_exceeded
5,20,19,03-17,+25.0%,+76.19%,0.8810,217,✗ No,budget_exceeded
5,20,19,03-17,+25.0%,+76.19%,0.8810,217,✗ No,budget_exceeded
5,20,19,03-17,+25.0%,+73.64%,0.8682,319,✗ No,budget_exceeded
5,20,20,03-17,+25.0%,+73.64%,0.8682,319,✗ No,budget_exceeded
5,20,20,03-17,+25.0%,+73.64%,0.8682,319,✗ No,budget_exceeded
5,19,16,03-18,+25.0%,+90.31%,0.9515,75,✗ No,budget_exceeded
5,19,16,03-18,+25.0%,+87.34%,0.9367,110,✗ No,budget_exceeded
5,19,17,03-18,+25.0%,+87.34%,0.9367,110,✗ No,budget_exceeded
5,19,17,03-18,+25.0%,+87.34%,0.9367,110,✗ No,budget_exceeded
5,19,17,03-18,+25.0%,+82.17%,0.9108,173,✗ No,budget_exceeded
5,19,18,03-18,+25.0%,+82.17%,0.9108,173,✗ No,budget_exceeded
5,19,18,03-18,+25.0%,+82.17%,0.9108,173,✗ No,budget_exceeded
5,19,18,03-18,+25.0%,+79.29%,0.8964,277,✗ No,budget_exceeded
5,19,19,03-18,+25.0%,+79.29%,0.8964,277,✗ No,budget_exceeded
5,19,19,03-18,+25.0%,+79.29%,0.8964,277,✗ No,budget_exceeded
5,20,16,03-18,+25.0%,+89.67%,0.9484,77,✗ No,budget_exceeded
5,20,16,03-18,+25.0%,+86.25%,0.9313,110,✗ No,budget_exceeded
5,20,17,03-18,+25.0%,+86.25%,0.9313,110,✗ No,budget_exceeded
5,20,17,03-18,+25.0%,+86.25%,0.9313,110,✗ No,budget_exceeded
5,20,17,03-18,+25.0%,+80.76%,0.9038,160,✗ No,budget_exceeded
5,20,18,03-18,+25.0%,+80.76%,0.9038,160,✗ No,budget_exceeded
5,20,18,03-18,+25.0%,+80.76%,0.9038,160,✗ No,budget_exceeded
5,20,18,03-18,+25.0%,+76.11%,0.8805,218,✗ No,budget_exceeded
5,20,19,03-18,+25.0%,+76.11%,0.8805,218,✗ No,budget_exceeded
5,20,19,03-18,+25.0%,+76.11%,0.8805,218,✗ No,budget_exceeded
5,20,19,03-18,+25.0%,+73.67%,0.8683,318,✗ No,budget_exceeded
5,20,20,03-18,+25.0%,+73.67%,0.8683,318,✗ No,budget_exceeded
5,20,20,03-18,+25.0%,+73.67%,0.8683,318,✗ No,budget_exceeded
5,19,16,03-19,+25.0%,+90.22%,0.9511,77,✗ No,budget_exceeded
5,19,16,03-19,+25.0%,+87.06%,0.9353,113,✗ No,budget_exceeded
5,19,17,03-19,+25.0%,+87.06%,0.9353,113,✗ No,budget_exceeded
5,19,17,03-19,+25.0%,+87.06%,0.9353,113,✗ No,budget_exceeded
5,19,17,03-19,+25.0%,+82.16%,0.9108,173,✗ No,budget_exceeded
5,19,18,03-19,+25.0%,+82.16%,0.9108,173,✗ No,budget_exceeded
5,19,18,03-19,+25.0%,+82.16%,0.9108,173,✗ No,budget_exceeded
5,19,18,03-19,+25.0%,+79.28%,0.8964,277,✗ No,budget_exceeded
5,19,19,03-19,+25.0%,+79.28%,0.8964,277,✗ No,budget_exceeded
5,19,19,03-19,+25.0%,+79.28%,0.8964,277,✗ No,budget_exceeded
5,20,16,03-19,+25.0%,+89.51%,0.9475,79,✗ No,budget_exceeded
5,20,16,03-19,+25.0%,+85.94%,0.9297,113,✗ No,budget_exceeded
5,20,17,03-19,+25.0%,+85.94%,0.9297,113,✗ No,budget_exceeded
5,20,17,03-19,+25.0%,+85.94%,0.9297,113,✗ No,budget_exceeded
5,20,17,03-19,+25.0%,+80.54%,0.9027,162,✗ No,budget_exceeded
5,20,18,03-19,+25.0%,+80.54%,0.9027,162,✗ No,budget_exceeded
5,20,18,03-19,+25.0%,+80.54%,0.9027,162,✗ No,budget_exceeded
5,20,18,03-19,+25.0%,+76.13%,0.8806,218,✗ No,budget_exceeded
5,20,19,03-19,+25.0%,+76.13%,0.8806,218,✗ No,budget_exceeded
5,20,19,03-19,+25.0%,+76.13%,0.8806,218,✗ No,budget_exceeded
5,20,19,03-19,+25.0%,+73.68%,0.8684,318,✗ No,budget_exceeded
5,20,20,03-19,+25.0%,+73.68%,0.8684,318,✗ No,budget_exceeded
5,20,20,03-19,+25.0%,+73.68%,0.8684,318,✗ No,budget_exceeded
6,20,17,03-12,+25.0%,+87.57%,0.9378,96,✗ No,budget_exceeded
6,20,17,03-12,+25.0%,+87.57%,0.9378,96,✗ No,budget_exceeded
6,20,17,03-12,+25.0%,+81.11%,0.9056,157,✗ No,budget_exceeded
6,20,18,03-12,+25.0%,+81.11%,0.9056,157,✗ No,budget_exceeded
6,20,18,03-12,+25.0%,+81.11%,0.9056,157,✗ No,budget_exceeded
6,20,18,03-12,+25.0%,+77.24%,0.8862,215,✗ No,budget_exceeded
6,20,19,03-12,+25.0%,+77.24%,0.8862,215,✗ No,budget_exceeded
6,20,19,03-12,+25.0%,+77.24%,0.8862,215,✗ No,budget_exceeded
6,20,19,03-12,+25.0%,+73.60%,0.8680,321,✗ No,budget_exceeded
6,20,20,03-12,+25.0%,+73.60%,0.8680,321,✗ No,budget_exceeded
6,20,17,03-13,+25.0%,+87.31%,0.9365,98,✓ Yes,budget_exceeded
6,20,17,03-13,+25.0%,+87.31%,0.9365,98,✓ Yes,budget_exceeded
6,20,17,03-13,+25.0%,+81.10%,0.9055,157,✗ No,budget_exceeded
6,20,18,03-13,+25.0%,+81.10%,0.9055,157,✗ No,budget_exceeded
6,20,18,03-13,+25.0%,+81.10%,0.9055,157,✗ No,budget_exceeded
6,20,18,03-13,+25.0%,+77.23%,0.8861,215,✗ No,budget_exceeded
6,20,19,03-13,+25.0%,+77.23%,0.8861,215,✗ No,budget_exceeded
6,20,19,03-13,+25.0%,+77.23%,0.8861,215,✗ No,budget_exceeded
6,20,19,03-13,+25.0%,+73.57%,0.8679,321,✗ No,budget_exceeded
6,20,20,03-13,+25.0%,+73.57%,0.8679,321,✗ No,budget_exceeded
6,20,17,03-14,+25.0%,+87.22%,0.9361,100,✗ No,budget_exceeded
6,20,17,03-14,+25.0%,+87.22%,0.9361,100,✗ No,budget_exceeded
6,20,17,03-14,+25.0%,+81.08%,0.9054,157,✗ No,budget_exceeded
6,20,18,03-14,+25.0%,+81.08%,0.9054,157,✗ No,budget_exceeded
6,20,18,03-14,+25.0%,+81.08%,0.9054,157,✗ No,budget_exceeded
6,20,18,03-14,+25.0%,+76.08%,0.8804,219,✗ No,budget_exceeded
6,20,19,03-14,+25.0%,+76.08%,0.8804,219,✗ No,budget_exceeded
6,20,19,03-14,+25.0%,+76.08%,0.8804,219,✗ No,budget_exceeded
6,20,19,03-14,+25.0%,+73.52%,0.8676,322,✗ No,budget_exceeded
6,20,20,03-14,+25.0%,+73.52%,0.8676,322,✗ No,budget_exceeded
7,20,17,03-13,+25.0%,+87.31%,0.9365,98,✓ Yes,budget_exceeded
7,20,17,03-13,+25.0%,+81.10%,0.9055,157,✗ No,budget_exceeded
7,20,17,03-13,+25.0%,+81.10%,0.9055,157,✗ No,budget_exceeded
7,20,18,03-13,+25.0%,+81.10%,0.9055,157,✗ No,budget_exceeded
7,20,18,03-13,+25.0%,+77.23%,0.8861,215,✗ No,budget_exceeded
7,20,18,03-13,+25.0%,+77.23%,0.8861,215,✗ No,budget_exceeded
7,20,19,03-13,+25.0%,+77.23%,0.8861,215,✗ No,budget_exceeded
7,20,19,03-13,+25.0%,+73.57%,0.8679,321,✗ No,budget_exceeded
7,20,19,03-13,+25.0%,+73.57%,0.8679,321,✗ No,budget_exceeded
7,20,20,03-13,+25.0%,+73.57%,0.8679,321,✗ No,budget_exceeded
7,20,17,03-14,+25.0%,+87.22%,0.9361,100,✗ No,budget_exceeded
7,20,17,03-14,+25.0%,+81.08%,0.9054,157,✗ No,budget_exceeded
7,20,17,03-14,+25.0%,+81.08%,0.9054,157,✗ No,budget_exceeded
7,20,18,03-14,+25.0%,+81.08%,0.9054,157,✗ No,budget_exceeded
7,20,18,03-14,+25.0%,+76.08%,0.8804,219,✗ No,budget_exceeded
7,20,18,03-14,+25.0%,+76.08%,0.8804,219,✗ No,budget_exceeded
7,20,19,03-14,+25.0%,+76.08%,0.8804,219,✗ No,budget_exceeded
7,20,19,03-14,+25.0%,+73.52%,0.8676,322,✗ No,budget_exceeded
7,20,19,03-14,+25.0%,+73.52%,0.8676,322,✗ No,budget_exceeded
7,20,20,03-14,+25.0%,+73.52%,0.8676,322,✗ No,budget_exceeded
8,20,17,03-13,+25.0%,+87.31%,0.9365,98,✓ Yes,budget_exceeded
8,20,17,03-13,+25.0%,+81.10%,0.9055,157,✗ No,budget_exceeded
8,20,18,03-13,+25.0%,+81.10%,0.9055,157,✗ No,budget_exceeded
8,20,18,03-13,+25.0%,+81.10%,0.9055,157,✗ No,budget_exceeded
8,20,18,03-13,+25.0%,+77.23%,0.8861,215,✗ No,budget_exceeded
8,20,19,03-13,+25.0%,+77.23%,0.8861,215,✗ No,budget_exceeded
8,20,19,03-13,+25.0%,+77.23%,0.8861,215,✗ No,budget_exceeded
8,20,19,03-13,+25.0%,+73.57%,0.8679,321,✗ No,budget_exceeded
8,20,20,03-13,+25.0%,+73.57%,0.8679,321,✗ No,budget_exceeded
8,20,20,03-13,+25.0%,+73.57%,0.8679,321,✗ No,budget_exceeded
8,20,17,03-14,+25.0%,+87.22%,0.9361,100,✗ No,budget_exceeded
8,20,17,03-14,+25.0%,+81.08%,0.9054,157,✗ No,budget_exceeded
8,20,18,03-14,+25.0%,+81.08%,0.9054,157,✗ No,budget_exceeded
8,20,18,03-14,+25.0%,+81.08%,0.9054,157,✗ No,budget_exceeded
8,20,18,03-14,+25.0%,+76.08%,0.8804,219,✗ No,budget_exceeded
8,20,19,03-14,+25.0%,+76.08%,0.8804,219,✗ No,budget_exceeded
8,20,19,03-14,+25.0%,+76.08%,0.8804,219,✗ No,budget_exceeded
8,20,19,03-14,+25.0%,+73.52%,0.8676,322,✗ No,budget_exceeded
8,20,20,03-14,+25.0%,+73.52%,0.8676,322,✗ No,budget_exceeded
8,20,20,03-14,+25.0%,+73.52%,0.8676,322,✗ No,budget_exceeded
9,20,17,03-13,+25.0%,+87.31%,0.9365,98,✓ Yes,budget_exceeded
9,20,17,03-13,+25.0%,+81.10%,0.9055,157,✗ No,budget_exceeded
9,20,18,03-13,+25.0%,+81.10%,0.9055,157,✗ No,budget_exceeded
9,20,18,03-13,+25.0%,+81.10%,0.9055,157,✗ No,budget_exceeded
9,20,18,03-13,+25.0%,+77.23%,0.8861,215,✗ No,budget_exceeded
9,20,19,03-13,+25.0%,+77.23%,0.8861,215,✗ No,budget_exceeded
9,20,19,03-13,+25.0%,+77.23%,0.8861,215,✗ No,budget_exceeded
9,20,19,03-13,+25.0%,+73.57%,0.8679,321,✗ No,budget_exceeded
9,20,20,03-13,+25.0%,+73.57%,0.8679,321,✗ No,budget_exceeded
9,20,20,03-13,+25.0%,+73.57%,0.8679,321,✗ No,budget_exceeded
9,20,17,03-14,+25.0%,+87.22%,0.9361,100,✗ No,budget_exceeded
9,20,17,03-14,+25.0%,+81.08%,0.9054,157,✗ No,budget_exceeded
9,20,18,03-14,+25.0%,+81.08%,0.9054,157,✗ No,budget_exceeded
9,20,18,03-14,+25.0%,+81.08%,0.9054,157,✗ No,budget_exceeded
9,20,18,03-14,+25.0%,+76.08%,0.8804,219,✗ No,budget_exceeded
9,20,19,03-14,+25.0%,+76.08%,0.8804,219,✗ No,budget_exceeded
9,20,19,03-14,+25.0%,+76.08%,0.8804,219,✗ No,budget_exceeded
9,20,19,03-14,+25.0%,+73.52%,0.8676,322,✗ No,budget_exceeded
9,20,20,03-14,+25.0%,+73.52%,0.8676,322,✗ No,budget_exceeded
9,20,20,03-14,+25.0%,+73.52%,0.8676,322,✗ No,budget_exceeded
