Iter,θ_p,θ_r,Start,Overhead %,CO₂ Save %,Score,Pauses,Budget,Stop
0,10,0,01-01,+25.0%,+97.93%,0.9897,1,✗ No,budget_exceeded
0,10,10,01-01,+25.0%,+97.93%,0.9897,1,✗ No,budget_exceeded
0,98,0,01-01,+25.0%,+97.93%,0.9897,1,✗ No,budget_exceeded
0,98,98,01-01,+25.0%,+97.93%,0.9897,1,✗ No,budget_exceeded
0,186,0,01-01,+25.0%,+97.93%,0.9897,1,✗ No,budget_exceeded
0,186,186,01-01,+25.0%,+97.93%,0.9897,1,✗ No,budget_exceeded
0,273,0,01-01,+25.0%,+97.93%,0.9897,1,✗ No,budget_exceeded
0,273,137,01-01,+25.0%,+97.93%,0.9897,1,✗ No,budget_exceeded
0,273,273,01-01,+25.0%,+97.93%,0.9897,1,✗ No,budget_exceeded
0,361,0,01-01,+25.0%,+97.93%,0.9897,1,✗ No,budget_exceeded
0,361,90,01-01,+25.0%,+97.93%,0.9897,1,✗ No,budget_exceeded
0,361,181,01-01,+25.0%,+97.93%,0.9897,1,✗ No,budget_exceeded
0,361,271,01-01,+25.0%,+97.93%,0.9897,1,✗ No,budget_exceeded
0,361,361,01-01,+25.0%,+94.39%,0.9720,84,✗ No,budget_exceeded
0,449,0,01-01,+25.0%,+97.51%,0.9875,1,✗ No,budget_exceeded
0,449,90,01-01,+25.0%,+97.51%,0.9875,1,✗ No,budget_exceeded
0,449,180,01-01,+25.0%,+97.51%,0.9875,1,✗ No,budget_exceeded
0,449,269,01-01,+25.0%,+97.51%,0.9875,1,✗ No,budget_exceeded
0,449,359,01-01,+25.0%,+77.31%,0.8865,2,✗ No,budget_exceeded
0,449,449,01-01,+17.6%,+1.40%,0.5070,313,✓ Yes,completed
0,537,0,01-01,+0.0%,+0.00%,0.5000,0,✓ Yes,completed
0,537,89,01-01,+0.0%,+0.00%,0.5000,0,✓ Yes,completed
0,537,179,01-01,+0.0%,+0.00%,0.5000,0,✓ Yes,completed
0,537,268,01-01,+0.0%,+0.00%,0.5000,0,✓ Yes,completed
0,537,358,01-01,+0.0%,+0.00%,0.5000,0,✓ Yes,completed
0,537,447,01-01,+0.0%,+0.00%,0.5000,0,✓ Yes,completed
0,537,537,01-01,+0.0%,+0.00%,0.5000,0,✓ Yes,completed
0,624,0,01-01,+0.0%,+0.00%,0.5000,0,✓ Yes,completed
0,624,89,01-01,+0.0%,+0.00%,0.5000,0,✓ Yes,completed
0,624,178,01-01,+0.0%,+0.00%,0.5000,0,✓ Yes,completed
0,624,268,01-01,+0.0%,+0.00%,0.5000,0,✓ Yes,completed
0,624,357,01-01,+0.0%,+0.00%,0.5000,0,✓ Yes,completed
0,624,446,01-01,+0.0%,+0.00%,0.5000,0,✓ Yes,completed
0,624,535,01-01,+0.0%,+0.00%,0.5000,0,✓ Yes,completed
0,624,624,01-01,+0.0%,+0.00%,0.5000,0,✓ Yes,completed
0,712,0,01-01,+0.0%,+0.00%,0.5000,0,✓ Yes,completed
0,712,89,01-01,+0.0%,+0.00%,0.5000,0,✓ Yes,completed
0,712,178,01-01,+0.0%,+0.00%,0.5000,0,✓ Yes,completed
0,712,267,01-01,+0.0%,+0.00%,0.5000,0,✓ Yes,completed
0,712,356,01-01,+0.0%,+0.00%,0.5000,0,✓ Yes,completed
0,712,445,01-01,+0.0%,+0.00%,0.5000,0,✓ Yes,completed
0,712,534,01-01,+0.0%,+0.00%,0.5000,0,✓ Yes,completed
0,712,623,01-01,+0.0%,+0.00%,0.5000,0,✓ Yes,completed
0,712,712,01-01,+0.0%,+0.00%,0.5000,0,✓ Yes,completed
0,800,0,01-01,+0.0%,+0.00%,0.5000,0,✓ Yes,completed
0,800,89,01-01,+0.0%,+0.00%,0.5000,0,✓ Yes,completed
0,800,178,01-01,+0.0%,+0.00%,0.5000,0,✓ Yes,completed
0,800,267,01-01,+0.0%,+0.00%,0.5000,0,✓ Yes,completed
0,800,356,01-01,+0.0%,+0.00%,0.5000,0,✓ Yes,completed
0,800,444,01-01,+0.0%,+0.00%,0.5000,0,✓ Yes,completed
0,800,533,01-01,+0.0%,+0.00%,0.5000,0,✓ Yes,completed
0,800,622,01-01,+0.0%,+0.00%,0.5000,0,✓ Yes,completed
0,800,711,01-01,+0.0%,+0.00%,0.5000,0,✓ Yes,completed
0,800,800,01-01,+0.0%,+0.00%,0.5000,0,✓ Yes,completed
0,10,0,03-03,+25.0%,+97.98%,0.9899,1,✗ No,budget_exceeded
0,10,10,03-03,+25.0%,+97.98%,0.9899,1,✗ No,budget_exceeded
0,98,0,03-03,+25.0%,+97.98%,0.9899,1,✗ No,budget_exceeded
0,98,98,03-03,+25.0%,+97.98%,0.9899,1,✗ No,budget_exceeded
0,186,0,03-03,+25.0%,+97.98%,0.9899,1,✗ No,budget_exceeded
0,186,186,03-03,+25.0%,+97.98%,0.9899,1,✗ No,budget_exceeded
0,273,0,03-03,+25.0%,+97.98%,0.9899,1,✗ No,budget_exceeded
0,273,137,03-03,+25.0%,+97.98%,0.9899,1,✗ No,budget_exceeded
0,273,273,03-03,+25.0%,+97.98%,0.9899,1,✗ No,budget_exceeded
0,361,0,03-03,+25.0%,+97.98%,0.9899,1,✗ No,budget_exceeded
0,361,90,03-03,+25.0%,+97.98%,0.9899,1,✗ No,budget_exceeded
0,361,181,03-03,+25.0%,+97.98%,0.9899,1,✗ No,budget_exceeded
0,361,271,03-03,+25.0%,+97.98%,0.9899,1,✗ No,budget_exceeded
0,361,361,03-03,+25.0%,+94.36%,0.9718,86,✗ No,budget_exceeded
0,449,0,03-03,+25.0%,+78.24%,0.8912,1,✗ No,budget_exceeded
0,449,90,03-03,+25.0%,+78.24%,0.8912,1,✗ No,budget_exceeded
0,449,180,03-03,+25.0%,+78.24%,0.8912,1,✗ No,budget_exceeded
0,449,269,03-03,+25.0%,+78.24%,0.8912,1,✗ No,budget_exceeded
0,449,359,03-03,+25.0%,+78.24%,0.8912,1,✗ No,budget_exceeded
0,449,449,03-03,+25.0%,+3.63%,0.5182,400,✗ No,budget_exceeded
0,537,0,03-03,+0.0%,+0.00%,0.5000,0,✓ Yes,completed
0,537,89,03-03,+0.0%,+0.00%,0.5000,0,✓ Yes,completed
0,537,179,03-03,+0.0%,+0.00%,0.5000,0,✓ Yes,completed
0,537,268,03-03,+0.0%,+0.00%,0.5000,0,✓ Yes,completed
0,537,358,03-03,+0.0%,+0.00%,0.5000,0,✓ Yes,completed
0,537,447,03-03,+0.0%,+0.00%,0.5000,0,✓ Yes,completed
0,537,537,03-03,+0.0%,+0.00%,0.5000,0,✓ Yes,completed
0,624,0,03-03,+0.0%,+0.00%,0.5000,0,✓ Yes,completed
0,624,89,03-03,+0.0%,+0.00%,0.5000,0,✓ Yes,completed
0,624,178,03-03,+0.0%,+0.00%,0.5000,0,✓ Yes,completed
0,624,268,03-03,+0.0%,+0.00%,0.5000,0,✓ Yes,completed
0,624,357,03-03,+0.0%,+0.00%,0.5000,0,✓ Yes,completed
0,624,446,03-03,+0.0%,+0.00%,0.5000,0,✓ Yes,completed
0,624,535,03-03,+0.0%,+0.00%,0.5000,0,✓ Yes,completed
0,624,624,03-03,+0.0%,+0.00%,0.5000,0,✓ Yes,completed
0,712,0,03-03,+0.0%,+0.00%,0.5000,0,✓ Yes,completed
0,712,89,03-03,+0.0%,+0.00%,0.5000,0,✓ Yes,completed
0,712,178,03-03,+0.0%,+0.00%,0.5000,0,✓ Yes,completed
0,712,267,03-03,+0.0%,+0.00%,0.5000,0,✓ Yes,completed
0,712,356,03-03,+0.0%,+0.00%,0.5000,0,✓ Yes,completed
0,712,445,03-03,+0.0%,+0.00%,0.5000,0,✓ Yes,completed
0,712,534,03-03,+0.0%,+0.00%,0.5000,0,✓ Yes,completed
0,712,623,03-03,+0.0%,+0.00%,0.5000,0,✓ Yes,completed
0,712,712,03-03,+0.0%,+0.00%,0.5000,0,✓ Yes,completed
0,800,0,03-03,+0.0%,+0.00%,0.5000,0,✓ Yes,completed
0,800,89,03-03,+0.0%,+0.00%,0.5000,0,✓ Yes,completed
0,800,178,03-03,+0.0%,+0.00%,0.5000,0,✓ Yes,completed
0,800,267,03-03,+0.0%,+0.00%,0.5000,0,✓ Yes,completed
0,800,356,03-03,+0.0%,+0.00%,0.5000,0,✓ Yes,completed
0,800,444,03-03,+0.0%,+0.00%,0.5000,0,✓ Yes,completed
0,800,533,03-03,+0.0%,+0.00%,0.5000,0,✓ Yes,completed
0,800,622,03-03,+0.0%,+0.00%,0.5000,0,✓ Yes,completed
0,800,711,03-03,+0.0%,+0.00%,0.5000,0,✓ Yes,completed
0,800,800,03-03,+0.0%,+0.00%,0.5000,0,✓ Yes,completed
0,10,0,05-03,+25.0%,+97.79%,0.9890,1,✗ No,budget_exceeded
0,10,10,05-03,+25.0%,+97.79%,0.9890,1,✗ No,budget_exceeded
0,98,0,05-03,+25.0%,+97.79%,0.9890,1,✗ No,budget_exceeded
0,98,98,05-03,+25.0%,+97.79%,0.9890,1,✗ No,budget_exceeded
0,186,0,05-03,+25.0%,+97.79%,0.9890,1,✗ No,budget_exceeded
0,186,186,05-03,+25.0%,+97.79%,0.9890,1,✗ No,budget_exceeded
0,273,0,05-03,+25.0%,+97.79%,0.9890,1,✗ No,budget_exceeded
0,273,137,05-03,+25.0%,+97.79%,0.9890,1,✗ No,budget_exceeded
0,273,273,05-03,+25.0%,+97.79%,0.9890,1,✗ No,budget_exceeded
0,361,0,05-03,+25.0%,+97.79%,0.9890,1,✗ No,budget_exceeded
0,361,90,05-03,+25.0%,+97.79%,0.9890,1,✗ No,budget_exceeded
0,361,181,05-03,+25.0%,+97.79%,0.9890,1,✗ No,budget_exceeded
0,361,271,05-03,+25.0%,+97.79%,0.9890,1,✗ No,budget_exceeded
0,361,361,05-03,+25.0%,+97.63%,0.9881,12,✗ No,budget_exceeded
0,449,0,05-03,+25.0%,+90.71%,0.9535,1,✗ No,budget_exceeded
0,449,90,05-03,+25.0%,+90.71%,0.9535,1,✗ No,budget_exceeded
0,449,180,05-03,+25.0%,+90.71%,0.9535,1,✗ No,budget_exceeded
0,449,269,05-03,+25.0%,+90.71%,0.9535,1,✗ No,budget_exceeded
0,449,359,05-03,+25.0%,+90.71%,0.9535,1,✗ No,budget_exceeded
0,449,449,05-03,+25.0%,+17.69%,0.5885,400,✗ No,budget_exceeded
0,537,0,05-03,+0.0%,+0.00%,0.5000,0,✓ Yes,completed
0,537,89,05-03,+0.0%,+0.00%,0.5000,0,✓ Yes,completed
0,537,179,05-03,+0.0%,+0.00%,0.5000,0,✓ Yes,completed
0,537,268,05-03,+0.0%,+0.00%,0.5000,0,✓ Yes,completed
0,537,358,05-03,+0.0%,+0.00%,0.5000,0,✓ Yes,completed
0,537,447,05-03,+0.0%,+0.00%,0.5000,0,✓ Yes,completed
0,537,537,05-03,+0.0%,+0.00%,0.5000,0,✓ Yes,completed
0,624,0,05-03,+0.0%,+0.00%,0.5000,0,✓ Yes,completed
0,624,89,05-03,+0.0%,+0.00%,0.5000,0,✓ Yes,completed
0,624,178,05-03,+0.0%,+0.00%,0.5000,0,✓ Yes,completed
0,624,268,05-03,+0.0%,+0.00%,0.5000,0,✓ Yes,completed
0,624,357,05-03,+0.0%,+0.00%,0.5000,0,✓ Yes,completed
0,624,446,05-03,+0.0%,+0.00%,0.5000,0,✓ Yes,completed
0,624,535,05-03,+0.0%,+0.00%,0.5000,0,✓ Yes,completed
0,624,624,05-03,+0.0%,+0.00%,0.5000,0,✓ Yes,completed
0,712,0,05-03,+0.0%,+0.00%,0.5000,0,✓ Yes,completed
0,712,89,05-03,+0.0%,+0.00%,0.5000,0,✓ Yes,completed
0,712,178,05-03,+0.0%,+0.00%,0.5000,0,✓ Yes,completed
0,712,267,05-03,+0.0%,+0.00%,0.5000,0,✓ Yes,completed
0,712,356,05-03,+0.0%,+0.00%,0.5000,0,✓ Yes,completed
0,712,445,05-03,+0.0%,+0.00%,0.5000,0,✓ Yes,completed
0,712,534,05-03,+0.0%,+0.00%,0.5000,0,✓ Yes,completed
0,712,623,05-03,+0.0%,+0.00%,0.5000,0,✓ Yes,completed
0,712,712,05-03,+0.0%,+0.00%,0.5000,0,✓ Yes,completed
0,800,0,05-03,+0.0%,+0.00%,0.5000,0,✓ Yes,completed
0,800,89,05-03,+0.0%,+0.00%,0.5000,0,✓ Yes,completed
0,800,178,05-03,+0.0%,+0.00%,0.5000,0,✓ Yes,completed
0,800,267,05-03,+0.0%,+0.00%,0.5000,0,✓ Yes,completed
0,800,356,05-03,+0.0%,+0.00%,0.5000,0,✓ Yes,completed
0,800,444,05-03,+0.0%,+0.00%,0.5000,0,✓ Yes,completed
0,800,533,05-03,+0.0%,+0.00%,0.5000,0,✓ Yes,completed
0,800,622,05-03,+0.0%,+0.00%,0.5000,0,✓ Yes,completed
0,800,711,05-03,+0.0%,+0.00%,0.5000,0,✓ Yes,completed
0,800,800,05-03,+0.0%,+0.00%,0.5000,0,✓ Yes,completed
0,10,0,07-03,+25.0%,+97.76%,0.9888,1,✗ No,budget_exceeded
0,10,10,07-03,+25.0%,+97.76%,0.9888,1,✗ No,budget_exceeded
0,98,0,07-03,+25.0%,+97.76%,0.9888,1,✗ No,budget_exceeded
0,98,98,07-03,+25.0%,+97.76%,0.9888,1,✗ No,budget_exceeded
0,186,0,07-03,+25.0%,+97.76%,0.9888,1,✗ No,budget_exceeded
0,186,186,07-03,+25.0%,+97.76%,0.9888,1,✗ No,budget_exceeded
0,273,0,07-03,+25.0%,+97.76%,0.9888,1,✗ No,budget_exceeded
0,273,137,07-03,+25.0%,+97.76%,0.9888,1,✗ No,budget_exceeded
0,273,273,07-03,+25.0%,+97.76%,0.9888,1,✗ No,budget_exceeded
0,361,0,07-03,+25.0%,+97.76%,0.9888,1,✗ No,budget_exceeded
0,361,90,07-03,+25.0%,+97.76%,0.9888,1,✗ No,budget_exceeded
0,361,181,07-03,+25.0%,+97.76%,0.9888,1,✗ No,budget_exceeded
0,361,271,07-03,+25.0%,+97.76%,0.9888,1,✗ No,budget_exceeded
0,361,361,07-03,+25.0%,+97.76%,0.9888,1,✗ No,budget_exceeded
0,449,0,07-03,+25.0%,+97.76%,0.9888,1,✗ No,budget_exceeded
0,449,90,07-03,+25.0%,+97.76%,0.9888,1,✗ No,budget_exceeded
0,449,180,07-03,+25.0%,+97.76%,0.9888,1,✗ No,budget_exceeded
0,449,269,07-03,+25.0%,+97.76%,0.9888,1,✗ No,budget_exceeded
0,449,359,07-03,+25.0%,+97.76%,0.9888,1,✗ No,budget_exceeded
0,449,449,07-03,+25.0%,+29.97%,0.6498,384,✗ No,budget_exceeded
0,537,0,07-03,+0.0%,+0.00%,0.5000,0,✓ Yes,completed
0,537,89,07-03,+0.0%,+0.00%,0.5000,0,✓ Yes,completed
0,537,179,07-03,+0.0%,+0.00%,0.5000,0,✓ Yes,completed
0,537,268,07-03,+0.0%,+0.00%,0.5000,0,✓ Yes,completed
0,537,358,07-03,+0.0%,+0.00%,0.5000,0,✓ Yes,completed
0,537,447,07-03,+0.0%,+0.00%,0.5000,0,✓ Yes,completed
0,537,537,07-03,+0.0%,+0.00%,0.5000,0,✓ Yes,completed
0,624,0,07-03,+0.0%,+0.00%,0.5000,0,✓ Yes,completed
0,624,89,07-03,+0.0%,+0.00%,0.5000,0,✓ Yes,completed
0,624,178,07-03,+0.0%,+0.00%,0.5000,0,✓ Yes,completed
0,624,268,07-03,+0.0%,+0.00%,0.5000,0,✓ Yes,completed
0,624,357,07-03,+0.0%,+0.00%,0.5000,0,✓ Yes,completed
0,624,446,07-03,+0.0%,+0.00%,0.5000,0,✓ Yes,completed
0,624,535,07-03,+0.0%,+0.00%,0.5000,0,✓ Yes,completed
0,624,624,07-03,+0.0%,+0.00%,0.5000,0,✓ Yes,completed
0,712,0,07-03,+0.0%,+0.00%,0.5000,0,✓ Yes,completed
0,712,89,07-03,+0.0%,+0.00%,0.5000,0,✓ Yes,completed
0,712,178,07-03,+0.0%,+0.00%,0.5000,0,✓ Yes,completed
0,712,267,07-03,+0.0%,+0.00%,0.5000,0,✓ Yes,completed
0,712,356,07-03,+0.0%,+0.00%,0.5000,0,✓ Yes,completed
0,712,445,07-03,+0.0%,+0.00%,0.5000,0,✓ Yes,completed
0,712,534,07-03,+0.0%,+0.00%,0.5000,0,✓ Yes,completed
0,712,623,07-03,+0.0%,+0.00%,0.5000,0,✓ Yes,completed
0,712,712,07-03,+0.0%,+0.00%,0.5000,0,✓ Yes,completed
0,800,0,07-03,+0.0%,+0.00%,0.5000,0,✓ Yes,completed
0,800,89,07-03,+0.0%,+0.00%,0.5000,0,✓ Yes,completed
0,800,178,07-03,+0.0%,+0.00%,0.5000,0,✓ Yes,completed
0,800,267,07-03,+0.0%,+0.00%,0.5000,0,✓ Yes,completed
0,800,356,07-03,+0.0%,+0.00%,0.5000,0,✓ Yes,completed
0,800,444,07-03,+0.0%,+0.00%,0.5000,0,✓ Yes,completed
0,800,533,07-03,+0.0%,+0.00%,0.5000,0,✓ Yes,completed
0,800,622,07-03,+0.0%,+0.00%,0.5000,0,✓ Yes,completed
0,800,711,07-03,+0.0%,+0.00%,0.5000,0,✓ Yes,completed
0,800,800,07-03,+0.0%,+0.00%,0.5000,0,✓ Yes,completed
0,10,0,09-02,+25.0%,+97.84%,0.9892,1,✗ No,budget_exceeded
0,10,10,09-02,+25.0%,+97.84%,0.9892,1,✗ No,budget_exceeded
0,98,0,09-02,+25.0%,+97.84%,0.9892,1,✗ No,budget_exceeded
0,98,98,09-02,+25.0%,+97.84%,0.9892,1,✗ No,budget_exceeded
0,186,0,09-02,+25.0%,+97.84%,0.9892,1,✗ No,budget_exceeded
0,186,186,09-02,+25.0%,+97.84%,0.9892,1,✗ No,budget_exceeded
0,273,0,09-02,+25.0%,+97.84%,0.9892,1,✗ No,budget_exceeded
0,273,137,09-02,+25.0%,+97.84%,0.9892,1,✗ No,budget_exceeded
0,273,273,09-02,+25.0%,+97.84%,0.9892,1,✗ No,budget_exceeded
0,361,0,09-02,+25.0%,+97.84%,0.9892,1,✗ No,budget_exceeded
0,361,90,09-02,+25.0%,+97.84%,0.9892,1,✗ No,budget_exceeded
0,361,181,09-02,+25.0%,+97.84%,0.9892,1,✗ No,budget_exceeded
0,361,271,09-02,+25.0%,+97.84%,0.9892,1,✗ No,budget_exceeded
0,361,361,09-02,+25.0%,+97.74%,0.9887,6,✗ No,budget_exceeded
0,449,0,09-02,+25.0%,+97.84%,0.9892,1,✗ No,budget_exceeded
0,449,90,09-02,+25.0%,+97.84%,0.9892,1,✗ No,budget_exceeded
0,449,180,09-02,+25.0%,+97.84%,0.9892,1,✗ No,budget_exceeded
0,449,269,09-02,+25.0%,+97.84%,0.9892,1,✗ No,budget_exceeded
0,449,359,09-02,+25.0%,+93.91%,0.9696,2,✗ No,budget_exceeded
0,449,449,09-02,+19.7%,-0.29%,0.4986,378,✓ Yes,completed
0,537,0,09-02,+0.0%,+0.00%,0.5000,0,✓ Yes,completed
0,537,89,09-02,+0.0%,+0.00%,0.5000,0,✓ Yes,completed
0,537,179,09-02,+0.0%,+0.00%,0.5000,0,✓ Yes,completed
0,537,268,09-02,+0.0%,+0.00%,0.5000,0,✓ Yes,completed
0,537,358,09-02,+0.0%,+0.00%,0.5000,0,✓ Yes,completed
0,537,447,09-02,+0.0%,+0.00%,0.5000,0,✓ Yes,completed
0,537,537,09-02,+0.0%,+0.00%,0.5000,0,✓ Yes,completed
0,624,0,09-02,+0.0%,+0.00%,0.5000,0,✓ Yes,completed
0,624,89,09-02,+0.0%,+0.00%,0.5000,0,✓ Yes,completed
0,624,178,09-02,+0.0%,+0.00%,0.5000,0,✓ Yes,completed
0,624,268,09-02,+0.0%,+0.00%,0.5000,0,✓ Yes,completed
0,624,357,09-02,+0.0%,+0.00%,0.5000,0,✓ Yes,completed
0,624,446,09-02,+0.0%,+0.00%,0.5000,0,✓ Yes,completed
0,624,535,09-02,+0.0%,+0.00%,0.5000,0,✓ Yes,completed
0,624,624,09-02,+0.0%,+0.00%,0.5000,0,✓ Yes,completed
0,712,0,09-02,+0.0%,+0.00%,0.5000,0,✓ Yes,completed
0,712,89,09-02,+0.0%,+0.00%,0.5000,0,✓ Yes,completed
0,712,178,09-02,+0.0%,+0.00%,0.5000,0,✓ Yes,completed
0,712,267,09-02,+0.0%,+0.00%,0.5000,0,✓ Yes,completed
0,712,356,09-02,+0.0%,+0.00%,0.5000,0,✓ Yes,completed
0,712,445,09-02,+0.0%,+0.00%,0.5000,0,✓ Yes,completed
0,712,534,09-02,+0.0%,+0.00%,0.5000,0,✓ Yes,completed
0,712,623,09-02,+0.0%,+0.00%,0.5000,0,✓ Yes,completed
0,712,712,09-02,+0.0%,+0.00%,0.5000,0,✓ Yes,completed
0,800,0,09-02,+0.0%,+0.00%,0.5000,0,✓ Yes,completed
0,800,89,09-02,+0.0%,+0.00%,0.5000,0,✓ Yes,completed
0,800,178,09-02,+0.0%,+0.00%,0.5000,0,✓ Yes,completed
0,800,267,09-02,+0.0%,+0.00%,0.5000,0,✓ Yes,completed
0,800,356,09-02,+0.0%,+0.00%,0.5000,0,✓ Yes,completed
0,800,444,09-02,+0.0%,+0.00%,0.5000,0,✓ Yes,completed
0,800,533,09-02,+0.0%,+0.00%,0.5000,0,✓ Yes,completed
0,800,622,09-02,+0.0%,+0.00%,0.5000,0,✓ Yes,completed
0,800,711,09-02,+0.0%,+0.00%,0.5000,0,✓ Yes,completed
0,800,800,09-02,+0.0%,+0.00%,0.5000,0,✓ Yes,completed
0,10,0,11-02,+25.0%,+97.84%,0.9892,1,✗ No,budget_exceeded
0,10,10,11-02,+25.0%,+97.84%,0.9892,1,✗ No,budget_exceeded
0,98,0,11-02,+25.0%,+97.84%,0.9892,1,✗ No,budget_exceeded
0,98,98,11-02,+25.0%,+97.84%,0.9892,1,✗ No,budget_exceeded
0,186,0,11-02,+25.0%,+97.84%,0.9892,1,✗ No,budget_exceeded
0,186,186,11-02,+25.0%,+97.84%,0.9892,1,✗ No,budget_exceeded
0,273,0,11-02,+25.0%,+97.84%,0.9892,1,✗ No,budget_exceeded
0,273,137,11-02,+25.0%,+97.84%,0.9892,1,✗ No,budget_exceeded
0,273,273,11-02,+25.0%,+97.84%,0.9892,1,✗ No,budget_exceeded
0,361,0,11-02,+25.0%,+97.84%,0.9892,1,✗ No,budget_exceeded
0,361,90,11-02,+25.0%,+97.84%,0.9892,1,✗ No,budget_exceeded
0,361,181,11-02,+25.0%,+97.84%,0.9892,1,✗ No,budget_exceeded
0,361,271,11-02,+25.0%,+97.84%,0.9892,1,✗ No,budget_exceeded
0,361,361,11-02,+25.0%,+97.74%,0.9887,6,✗ No,budget_exceeded
0,449,0,11-02,+25.0%,+93.61%,0.9680,1,✗ No,budget_exceeded
0,449,90,11-02,+25.0%,+93.61%,0.9680,1,✗ No,budget_exceeded
0,449,180,11-02,+25.0%,+93.61%,0.9680,1,✗ No,budget_exceeded
0,449,269,11-02,+25.0%,+93.61%,0.9680,1,✗ No,budget_exceeded
0,449,359,11-02,+25.0%,+73.70%,0.8685,2,✗ No,budget_exceeded
0,449,449,11-02,+18.0%,+1.40%,0.5070,321,✓ Yes,completed
0,537,0,11-02,+0.0%,+0.00%,0.5000,0,✓ Yes,completed
0,537,89,11-02,+0.0%,+0.00%,0.5000,0,✓ Yes,completed
0,537,179,11-02,+0.0%,+0.00%,0.5000,0,✓ Yes,completed
0,537,268,11-02,+0.0%,+0.00%,0.5000,0,✓ Yes,completed
0,537,358,11-02,+0.0%,+0.00%,0.5000,0,✓ Yes,completed
0,537,447,11-02,+0.0%,+0.00%,0.5000,0,✓ Yes,completed
0,537,537,11-02,+0.0%,+0.00%,0.5000,0,✓ Yes,completed
0,624,0,11-02,+0.0%,+0.00%,0.5000,0,✓ Yes,completed
0,624,89,11-02,+0.0%,+0.00%,0.5000,0,✓ Yes,completed
0,624,178,11-02,+0.0%,+0.00%,0.5000,0,✓ Yes,completed
0,624,268,11-02,+0.0%,+0.00%,0.5000,0,✓ Yes,completed
0,624,357,11-02,+0.0%,+0.00%,0.5000,0,✓ Yes,completed
0,624,446,11-02,+0.0%,+0.00%,0.5000,0,✓ Yes,completed
0,624,535,11-02,+0.0%,+0.00%,0.5000,0,✓ Yes,completed
0,624,624,11-02,+0.0%,+0.00%,0.5000,0,✓ Yes,completed
0,712,0,11-02,+0.0%,+0.00%,0.5000,0,✓ Yes,completed
0,712,89,11-02,+0.0%,+0.00%,0.5000,0,✓ Yes,completed
0,712,178,11-02,+0.0%,+0.00%,0.5000,0,✓ Yes,completed
0,712,267,11-02,+0.0%,+0.00%,0.5000,0,✓ Yes,completed
0,712,356,11-02,+0.0%,+0.00%,0.5000,0,✓ Yes,completed
0,712,445,11-02,+0.0%,+0.00%,0.5000,0,✓ Yes,completed
0,712,534,11-02,+0.0%,+0.00%,0.5000,0,✓ Yes,completed
0,712,623,11-02,+0.0%,+0.00%,0.5000,0,✓ Yes,completed
0,712,712,11-02,+0.0%,+0.00%,0.5000,0,✓ Yes,completed
0,800,0,11-02,+0.0%,+0.00%,0.5000,0,✓ Yes,completed
0,800,89,11-02,+0.0%,+0.00%,0.5000,0,✓ Yes,completed
0,800,178,11-02,+0.0%,+0.00%,0.5000,0,✓ Yes,completed
0,800,267,11-02,+0.0%,+0.00%,0.5000,0,✓ Yes,completed
0,800,356,11-02,+0.0%,+0.00%,0.5000,0,✓ Yes,completed
0,800,444,11-02,+0.0%,+0.00%,0.5000,0,✓ Yes,completed
0,800,533,11-02,+0.0%,+0.00%,0.5000,0,✓ Yes,completed
0,800,622,11-02,+0.0%,+0.00%,0.5000,0,✓ Yes,completed
0,800,711,11-02,+0.0%,+0.00%,0.5000,0,✓ Yes,completed
0,800,800,11-02,+0.0%,+0.00%,0.5000,0,✓ Yes,completed
0,10,0,12-31,+25.0%,+97.93%,0.9896,1,✗ No,budget_exceeded
0,10,10,12-31,+25.0%,+97.93%,0.9896,1,✗ No,budget_exceeded
0,98,0,12-31,+25.0%,+97.93%,0.9896,1,✗ No,budget_exceeded
0,98,98,12-31,+25.0%,+97.93%,0.9896,1,✗ No,budget_exceeded
0,186,0,12-31,+25.0%,+97.93%,0.9896,1,✗ No,budget_exceeded
0,186,186,12-31,+25.0%,+97.93%,0.9896,1,✗ No,budget_exceeded
0,273,0,12-31,+25.0%,+97.93%,0.9896,1,✗ No,budget_exceeded
0,273,137,12-31,+25.0%,+97.93%,0.9896,1,✗ No,budget_exceeded
0,273,273,12-31,+25.0%,+97.93%,0.9896,1,✗ No,budget_exceeded
0,361,0,12-31,+25.0%,+97.93%,0.9896,1,✗ No,budget_exceeded
0,361,90,12-31,+25.0%,+97.93%,0.9896,1,✗ No,budget_exceeded
0,361,181,12-31,+25.0%,+97.93%,0.9896,1,✗ No,budget_exceeded
0,361,271,12-31,+25.0%,+97.93%,0.9896,1,✗ No,budget_exceeded
0,361,361,12-31,+25.0%,+94.39%,0.9720,84,✗ No,budget_exceeded
0,449,0,12-31,+25.0%,+97.29%,0.9865,1,✗ No,budget_exceeded
0,449,90,12-31,+25.0%,+97.29%,0.9865,1,✗ No,budget_exceeded
0,449,180,12-31,+25.0%,+97.29%,0.9865,1,✗ No,budget_exceeded
0,449,269,12-31,+25.0%,+97.29%,0.9865,1,✗ No,budget_exceeded
0,449,359,12-31,+25.0%,+77.10%,0.8855,2,✗ No,budget_exceeded
0,449,449,12-31,+17.6%,+1.43%,0.5071,313,✓ Yes,completed
0,537,0,12-31,+0.0%,+0.00%,0.5000,0,✓ Yes,completed
0,537,89,12-31,+0.0%,+0.00%,0.5000,0,✓ Yes,completed
0,537,179,12-31,+0.0%,+0.00%,0.5000,0,✓ Yes,completed
0,537,268,12-31,+0.0%,+0.00%,0.5000,0,✓ Yes,completed
0,537,358,12-31,+0.0%,+0.00%,0.5000,0,✓ Yes,completed
0,537,447,12-31,+0.0%,+0.00%,0.5000,0,✓ Yes,completed
0,537,537,12-31,+0.0%,+0.00%,0.5000,0,✓ Yes,completed
0,624,0,12-31,+0.0%,+0.00%,0.5000,0,✓ Yes,completed
0,624,89,12-31,+0.0%,+0.00%,0.5000,0,✓ Yes,completed
0,624,178,12-31,+0.0%,+0.00%,0.5000,0,✓ Yes,completed
0,624,268,12-31,+0.0%,+0.00%,0.5000,0,✓ Yes,completed
0,624,357,12-31,+0.0%,+0.00%,0.5000,0,✓ Yes,completed
0,624,446,12-31,+0.0%,+0.00%,0.5000,0,✓ Yes,completed
0,624,535,12-31,+0.0%,+0.00%,0.5000,0,✓ Yes,completed
0,624,624,12-31,+0.0%,+0.00%,0.5000,0,✓ Yes,completed
0,712,0,12-31,+0.0%,+0.00%,0.5000,0,✓ Yes,completed
0,712,89,12-31,+0.0%,+0.00%,0.5000,0,✓ Yes,completed
0,712,178,12-31,+0.0%,+0.00%,0.5000,0,✓ Yes,completed
0,712,267,12-31,+0.0%,+0.00%,0.5000,0,✓ Yes,completed
0,712,356,12-31,+0.0%,+0.00%,0.5000,0,✓ Yes,completed
0,712,445,12-31,+0.0%,+0.00%,0.5000,0,✓ Yes,completed
0,712,534,12-31,+0.0%,+0.00%,0.5000,0,✓ Yes,completed
0,712,623,12-31,+0.0%,+0.00%,0.5000,0,✓ Yes,completed
0,712,712,12-31,+0.0%,+0.00%,0.5000,0,✓ Yes,completed
0,800,0,12-31,+0.0%,+0.00%,0.5000,0,✓ Yes,completed
0,800,89,12-31,+0.0%,+0.00%,0.5000,0,✓ Yes,completed
0,800,178,12-31,+0.0%,+0.00%,0.5000,0,✓ Yes,completed
0,800,267,12-31,+0.0%,+0.00%,0.5000,0,✓ Yes,completed
0,800,356,12-31,+0.0%,+0.00%,0.5000,0,✓ Yes,completed
0,800,444,12-31,+0.0%,+0.00%,0.5000,0,✓ Yes,completed
0,800,533,12-31,+0.0%,+0.00%,0.5000,0,✓ Yes,completed
0,800,622,12-31,+0.0%,+0.00%,0.5000,0,✓ Yes,completed
0,800,711,12-31,+0.0%,+0.00%,0.5000,0,✓ Yes,completed
0,800,800,12-31,+0.0%,+0.00%,0.5000,0,✓ Yes,completed
1,271,271,10-10,+25.0%,+97.83%,0.9892,1,✗ No,budget_exceeded
1,271,271,10-10,+25.0%,+97.83%,0.9892,1,✗ No,budget_exceeded
1,311,271,10-10,+25.0%,+97.83%,0.9892,1,✗ No,budget_exceeded
1,311,311,10-10,+25.0%,+97.83%,0.9892,1,✗ No,budget_exceeded
1,350,271,10-10,+25.0%,+97.83%,0.9892,1,✗ No,budget_exceeded
1,350,350,10-10,+25.0%,+97.83%,0.9892,1,✗ No,budget_exceeded
1,390,271,10-10,+25.0%,+97.83%,0.9892,1,✗ No,budget_exceeded
1,390,330,10-10,+25.0%,+97.83%,0.9892,1,✗ No,budget_exceeded
1,390,390,10-10,+25.0%,+94.36%,0.9718,88,✗ No,budget_exceeded
1,429,271,10-10,+25.0%,+97.83%,0.9892,1,✗ No,budget_exceeded
1,429,324,10-10,+25.0%,+97.83%,0.9892,1,✗ No,budget_exceeded
1,429,376,10-10,+25.0%,+71.37%,0.8569,20,✗ No,budget_exceeded
1,429,429,10-10,+25.0%,+53.25%,0.7662,197,✗ No,budget_exceeded
1,469,271,10-10,+25.0%,+78.47%,0.8924,1,✗ No,budget_exceeded
1,469,311,10-10,+25.0%,+78.47%,0.8924,1,✗ No,budget_exceeded
1,469,350,10-10,+25.0%,+52.66%,0.7633,2,✗ No,budget_exceeded
1,469,390,10-10,+25.0%,+47.21%,0.7361,2,✗ No,budget_exceeded
1,469,429,10-10,+18.0%,+0.43%,0.5021,21,✓ Yes,completed
1,469,469,10-10,+3.1%,-0.08%,0.4996,115,✓ Yes,completed
1,508,271,10-10,+0.0%,+0.00%,0.5000,0,✓ Yes,completed
1,508,311,10-10,+0.0%,+0.00%,0.5000,0,✓ Yes,completed
1,508,350,10-10,+0.0%,+0.00%,0.5000,0,✓ Yes,completed
1,508,390,10-10,+0.0%,+0.00%,0.5000,0,✓ Yes,completed
1,508,429,10-10,+0.0%,+0.00%,0.5000,0,✓ Yes,completed
1,508,469,10-10,+0.0%,+0.00%,0.5000,0,✓ Yes,completed
1,508,508,10-10,+0.0%,+0.00%,0.5000,0,✓ Yes,completed
1,548,271,10-10,+0.0%,+0.00%,0.5000,0,✓ Yes,completed
1,548,311,10-10,+0.0%,+0.00%,0.5000,0,✓ Yes,completed
1,548,350,10-10,+0.0%,+0.00%,0.5000,0,✓ Yes,completed
1,548,390,10-10,+0.0%,+0.00%,0.5000,0,✓ Yes,completed
1,548,429,10-10,+0.0%,+0.00%,0.5000,0,✓ Yes,completed
1,548,469,10-10,+0.0%,+0.00%,0.5000,0,✓ Yes,completed
1,548,508,10-10,+0.0%,+0.00%,0.5000,0,✓ Yes,completed
1,548,548,10-10,+0.0%,+0.00%,0.5000,0,✓ Yes,completed
1,587,271,10-10,+0.0%,+0.00%,0.5000,0,✓ Yes,completed
1,587,311,10-10,+0.0%,+0.00%,0.5000,0,✓ Yes,completed
1,587,350,10-10,+0.0%,+0.00%,0.5000,0,✓ Yes,completed
1,587,390,10-10,+0.0%,+0.00%,0.5000,0,✓ Yes,completed
1,587,429,10-10,+0.0%,+0.00%,0.5000,0,✓ Yes,completed
1,587,469,10-10,+0.0%,+0.00%,0.5000,0,✓ Yes,completed
1,587,508,10-10,+0.0%,+0.00%,0.5000,0,✓ Yes,completed
1,587,548,10-10,+0.0%,+0.00%,0.5000,0,✓ Yes,completed
1,587,587,10-10,+0.0%,+0.00%,0.5000,0,✓ Yes,completed
1,627,271,10-10,+0.0%,+0.00%,0.5000,0,✓ Yes,completed
1,627,311,10-10,+0.0%,+0.00%,0.5000,0,✓ Yes,completed
1,627,350,10-10,+0.0%,+0.00%,0.5000,0,✓ Yes,completed
1,627,390,10-10,+0.0%,+0.00%,0.5000,0,✓ Yes,completed
1,627,429,10-10,+0.0%,+0.00%,0.5000,0,✓ Yes,completed
1,627,469,10-10,+0.0%,+0.00%,0.5000,0,✓ Yes,completed
1,627,508,10-10,+0.0%,+0.00%,0.5000,0,✓ Yes,completed
1,627,548,10-10,+0.0%,+0.00%,0.5000,0,✓ Yes,completed
1,627,587,10-10,+0.0%,+0.00%,0.5000,0,✓ Yes,completed
1,627,627,10-10,+0.0%,+0.00%,0.5000,0,✓ Yes,completed
1,271,271,10-24,+25.0%,+97.83%,0.9892,1,✗ No,budget_exceeded
1,271,271,10-24,+25.0%,+97.83%,0.9892,1,✗ No,budget_exceeded
1,311,271,10-24,+25.0%,+97.83%,0.9892,1,✗ No,budget_exceeded
1,311,311,10-24,+25.0%,+97.83%,0.9892,1,✗ No,budget_exceeded
1,350,271,10-24,+25.0%,+97.83%,0.9892,1,✗ No,budget_exceeded
1,350,350,10-24,+25.0%,+97.83%,0.9892,1,✗ No,budget_exceeded
1,390,271,10-24,+25.0%,+97.83%,0.9892,1,✗ No,budget_exceeded
1,390,330,10-24,+25.0%,+97.83%,0.9892,1,✗ No,budget_exceeded
1,390,390,10-24,+25.0%,+94.07%,0.9704,92,✗ No,budget_exceeded
1,429,271,10-24,+25.0%,+97.53%,0.9877,1,✗ No,budget_exceeded
1,429,324,10-24,+25.0%,+97.53%,0.9877,1,✗ No,budget_exceeded
1,429,376,10-24,+25.0%,+72.99%,0.8650,16,✗ No,budget_exceeded
1,429,429,10-24,+25.0%,+55.94%,0.7797,189,✗ No,budget_exceeded
1,469,271,10-24,+25.0%,+81.52%,0.9076,1,✗ No,budget_exceeded
1,469,311,10-24,+25.0%,+81.52%,0.9076,1,✗ No,budget_exceeded
1,469,350,10-24,+25.0%,+55.77%,0.7789,2,✗ No,budget_exceeded
1,469,390,10-24,+25.0%,+50.34%,0.7517,2,✗ No,budget_exceeded
1,469,429,10-24,+18.0%,+0.93%,0.5047,21,✓ Yes,completed
1,469,469,10-24,+3.6%,-0.10%,0.4995,126,✓ Yes,completed
1,508,271,10-24,+0.0%,+0.00%,0.5000,0,✓ Yes,completed
1,508,311,10-24,+0.0%,+0.00%,0.5000,0,✓ Yes,completed
1,508,350,10-24,+0.0%,+0.00%,0.5000,0,✓ Yes,completed
1,508,390,10-24,+0.0%,+0.00%,0.5000,0,✓ Yes,completed
1,508,429,10-24,+0.0%,+0.00%,0.5000,0,✓ Yes,completed
1,508,469,10-24,+0.0%,+0.00%,0.5000,0,✓ Yes,completed
1,508,508,10-24,+0.0%,+0.00%,0.5000,0,✓ Yes,completed
1,548,271,10-24,+0.0%,+0.00%,0.5000,0,✓ Yes,completed
1,548,311,10-24,+0.0%,+0.00%,0.5000,0,✓ Yes,completed
1,548,350,10-24,+0.0%,+0.00%,0.5000,0,✓ Yes,completed
1,548,390,10-24,+0.0%,+0.00%,0.5000,0,✓ Yes,completed
1,548,429,10-24,+0.0%,+0.00%,0.5000,0,✓ Yes,completed
1,548,469,10-24,+0.0%,+0.00%,0.5000,0,✓ Yes,completed
1,548,508,10-24,+0.0%,+0.00%,0.5000,0,✓ Yes,completed
1,548,548,10-24,+0.0%,+0.00%,0.5000,0,✓ Yes,completed
1,587,271,10-24,+0.0%,+0.00%,0.5000,0,✓ Yes,completed
1,587,311,10-24,+0.0%,+0.00%,0.5000,0,✓ Yes,completed
1,587,350,10-24,+0.0%,+0.00%,0.5000,0,✓ Yes,completed
1,587,390,10-24,+0.0%,+0.00%,0.5000,0,✓ Yes,completed
1,587,429,10-24,+0.0%,+0.00%,0.5000,0,✓ Yes,completed
1,587,469,10-24,+0.0%,+0.00%,0.5000,0,✓ Yes,completed
1,587,508,10-24,+0.0%,+0.00%,0.5000,0,✓ Yes,completed
1,587,548,10-24,+0.0%,+0.00%,0.5000,0,✓ Yes,completed
1,587,587,10-24,+0.0%,+0.00%,0.5000,0,✓ Yes,completed
1,627,271,10-24,+0.0%,+0.00%,0.5000,0,✓ Yes,completed
1,627,311,10-24,+0.0%,+0.00%,0.5000,0,✓ Yes,completed
1,627,350,10-24,+0.0%,+0.00%,0.5000,0,✓ Yes,completed
1,627,390,10-24,+0.0%,+0.00%,0.5000,0,✓ Yes,completed
1,627,429,10-24,+0.0%,+0.00%,0.5000,0,✓ Yes,completed
1,627,469,10-24,+0.0%,+0.00%,0.5000,0,✓ Yes,completed
1,627,508,10-24,+0.0%,+0.00%,0.5000,0,✓ Yes,completed
1,627,548,10-24,+0.0%,+0.00%,0.5000,0,✓ Yes,completed
1,627,587,10-24,+0.0%,+0.00%,0.5000,0,✓ Yes,completed
1,627,627,10-24,+0.0%,+0.00%,0.5000,0,✓ Yes,completed
1,271,271,11-07,+25.0%,+97.84%,0.9892,1,✗ No,budget_exceeded
1,271,271,11-07,+25.0%,+97.84%,0.9892,1,✗ No,budget_exceeded
1,311,271,11-07,+25.0%,+97.84%,0.9892,1,✗ No,budget_exceeded
1,311,311,11-07,+25.0%,+97.84%,0.9892,1,✗ No,budget_exceeded
1,350,271,11-07,+25.0%,+97.84%,0.9892,1,✗ No,budget_exceeded
1,350,350,11-07,+25.0%,+97.84%,0.9892,2,✗ No,budget_exceeded
1,390,271,11-07,+25.0%,+97.84%,0.9892,1,✗ No,budget_exceeded
1,390,330,11-07,+25.0%,+97.84%,0.9892,1,✗ No,budget_exceeded
1,390,390,11-07,+25.0%,+87.78%,0.9389,142,✗ No,budget_exceeded
1,429,271,11-07,+25.0%,+97.64%,0.9882,1,✗ No,budget_exceeded
1,429,324,11-07,+25.0%,+97.64%,0.9882,1,✗ No,budget_exceeded
1,429,376,11-07,+25.0%,+74.25%,0.8713,15,✗ No,budget_exceeded
1,429,429,11-07,+25.0%,+58.50%,0.7925,183,✗ No,budget_exceeded
1,469,271,11-07,+25.0%,+84.56%,0.9228,1,✗ No,budget_exceeded
1,469,311,11-07,+25.0%,+84.56%,0.9228,1,✗ No,budget_exceeded
1,469,350,11-07,+25.0%,+58.89%,0.7945,2,✗ No,budget_exceeded
1,469,390,11-07,+25.0%,+53.48%,0.7674,2,✗ No,budget_exceeded
1,469,429,11-07,+18.0%,+1.50%,0.5075,21,✓ Yes,completed
1,469,469,11-07,+3.6%,+0.19%,0.5009,126,✓ Yes,completed
1,508,271,11-07,+0.0%,+0.00%,0.5000,0,✓ Yes,completed
1,508,311,11-07,+0.0%,+0.00%,0.5000,0,✓ Yes,completed
1,508,350,11-07,+0.0%,+0.00%,0.5000,0,✓ Yes,completed
1,508,390,11-07,+0.0%,+0.00%,0.5000,0,✓ Yes,completed
1,508,429,11-07,+0.0%,+0.00%,0.5000,0,✓ Yes,completed
1,508,469,11-07,+0.0%,+0.00%,0.5000,0,✓ Yes,completed
1,508,508,11-07,+0.0%,+0.00%,0.5000,0,✓ Yes,completed
1,548,271,11-07,+0.0%,+0.00%,0.5000,0,✓ Yes,completed
1,548,311,11-07,+0.0%,+0.00%,0.5000,0,✓ Yes,completed
1,548,350,11-07,+0.0%,+0.00%,0.5000,0,✓ Yes,completed
1,548,390,11-07,+0.0%,+0.00%,0.5000,0,✓ Yes,completed
1,548,429,11-07,+0.0%,+0.00%,0.5000,0,✓ Yes,completed
1,548,469,11-07,+0.0%,+0.00%,0.5000,0,✓ Yes,completed
1,548,508,11-07,+0.0%,+0.00%,0.5000,0,✓ Yes,completed
1,548,548,11-07,+0.0%,+0.00%,0.5000,0,✓ Yes,completed
1,587,271,11-07,+0.0%,+0.00%,0.5000,0,✓ Yes,completed
1,587,311,11-07,+0.0%,+0.00%,0.5000,0,✓ Yes,completed
1,587,350,11-07,+0.0%,+0.00%,0.5000,0,✓ Yes,completed
1,587,390,11-07,+0.0%,+0.00%,0.5000,0,✓ Yes,completed
1,587,429,11-07,+0.0%,+0.00%,0.5000,0,✓ Yes,completed
1,587,469,11-07,+0.0%,+0.00%,0.5000,0,✓ Yes,completed
1,587,508,11-07,+0.0%,+0.00%,0.5000,0,✓ Yes,completed
1,587,548,11-07,+0.0%,+0.00%,0.5000,0,✓ Yes,completed
1,587,587,11-07,+0.0%,+0.00%,0.5000,0,✓ Yes,completed
1,627,271,11-07,+0.0%,+0.00%,0.5000,0,✓ Yes,completed
1,627,311,11-07,+0.0%,+0.00%,0.5000,0,✓ Yes,completed
1,627,350,11-07,+0.0%,+0.00%,0.5000,0,✓ Yes,completed
1,627,390,11-07,+0.0%,+0.00%,0.5000,0,✓ Yes,completed
1,627,429,11-07,+0.0%,+0.00%,0.5000,0,✓ Yes,completed
1,627,469,11-07,+0.0%,+0.00%,0.5000,0,✓ Yes,completed
1,627,508,11-07,+0.0%,+0.00%,0.5000,0,✓ Yes,completed
1,627,548,11-07,+0.0%,+0.00%,0.5000,0,✓ Yes,completed
1,627,587,11-07,+0.0%,+0.00%,0.5000,0,✓ Yes,completed
1,627,627,11-07,+0.0%,+0.00%,0.5000,0,✓ Yes,completed
1,271,271,11-21,+25.0%,+97.86%,0.9893,1,✗ No,budget_exceeded
1,271,271,11-21,+25.0%,+97.86%,0.9893,1,✗ No,budget_exceeded
1,311,271,11-21,+25.0%,+97.86%,0.9893,1,✗ No,budget_exceeded
1,311,311,11-21,+25.0%,+97.86%,0.9893,1,✗ No,budget_exceeded
1,350,271,11-21,+25.0%,+97.86%,0.9893,1,✗ No,budget_exceeded
1,350,350,11-21,+25.0%,+97.70%,0.9885,8,✗ No,budget_exceeded
1,390,271,11-21,+25.0%,+97.86%,0.9893,1,✗ No,budget_exceeded
1,390,330,11-21,+25.0%,+97.86%,0.9893,1,✗ No,budget_exceeded
1,390,390,11-21,+25.0%,+84.01%,0.9201,193,✗ No,budget_exceeded
1,429,271,11-21,+25.0%,+97.85%,0.9893,1,✗ No,budget_exceeded
1,429,324,11-21,+25.0%,+97.85%,0.9893,1,✗ No,budget_exceeded
1,429,376,11-21,+25.0%,+75.54%,0.8777,11,✗ No,budget_exceeded
1,429,429,11-21,+25.0%,+61.19%,0.8059,172,✗ No,budget_exceeded
1,469,271,11-21,+25.0%,+87.56%,0.9378,1,✗ No,budget_exceeded
1,469,311,11-21,+25.0%,+87.56%,0.9378,1,✗ No,budget_exceeded
1,469,350,11-21,+25.0%,+61.89%,0.8094,2,✗ No,budget_exceeded
1,469,390,11-21,+25.0%,+56.47%,0.7824,2,✗ No,budget_exceeded
1,469,429,11-21,+18.0%,+1.71%,0.5085,21,✓ Yes,completed
1,469,469,11-21,+3.6%,+0.30%,0.5015,126,✓ Yes,completed
1,508,271,11-21,+0.0%,+0.00%,0.5000,0,✓ Yes,completed
1,508,311,11-21,+0.0%,+0.00%,0.5000,0,✓ Yes,completed
1,508,350,11-21,+0.0%,+0.00%,0.5000,0,✓ Yes,completed
1,508,390,11-21,+0.0%,+0.00%,0.5000,0,✓ Yes,completed
1,508,429,11-21,+0.0%,+0.00%,0.5000,0,✓ Yes,completed
1,508,469,11-21,+0.0%,+0.00%,0.5000,0,✓ Yes,completed
1,508,508,11-21,+0.0%,+0.00%,0.5000,0,✓ Yes,completed
1,548,271,11-21,+0.0%,+0.00%,0.5000,0,✓ Yes,completed
1,548,311,11-21,+0.0%,+0.00%,0.5000,0,✓ Yes,completed
1,548,350,11-21,+0.0%,+0.00%,0.5000,0,✓ Yes,completed
1,548,390,11-21,+0.0%,+0.00%,0.5000,0,✓ Yes,completed
1,548,429,11-21,+0.0%,+0.00%,0.5000,0,✓ Yes,completed
1,548,469,11-21,+0.0%,+0.00%,0.5000,0,✓ Yes,completed
1,548,508,11-21,+0.0%,+0.00%,0.5000,0,✓ Yes,completed
1,548,548,11-21,+0.0%,+0.00%,0.5000,0,✓ Yes,completed
1,587,271,11-21,+0.0%,+0.00%,0.5000,0,✓ Yes,completed
1,587,311,11-21,+0.0%,+0.00%,0.5000,0,✓ Yes,completed
1,587,350,11-21,+0.0%,+0.00%,0.5000,0,✓ Yes,completed
1,587,390,11-21,+0.0%,+0.00%,0.5000,0,✓ Yes,completed
1,587,429,11-21,+0.0%,+0.00%,0.5000,0,✓ Yes,completed
1,587,469,11-21,+0.0%,+0.00%,0.5000,0,✓ Yes,completed
1,587,508,11-21,+0.0%,+0.00%,0.5000,0,✓ Yes,completed
1,587,548,11-21,+0.0%,+0.00%,0.5000,0,✓ Yes,completed
1,587,587,11-21,+0.0%,+0.00%,0.5000,0,✓ Yes,completed
1,627,271,11-21,+0.0%,+0.00%,0.5000,0,✓ Yes,completed
1,627,311,11-21,+0.0%,+0.00%,0.5000,0,✓ Yes,completed
1,627,350,11-21,+0.0%,+0.00%,0.5000,0,✓ Yes,completed
1,627,390,11-21,+0.0%,+0.00%,0.5000,0,✓ Yes,completed
1,627,429,11-21,+0.0%,+0.00%,0.5000,0,✓ Yes,completed
1,627,469,11-21,+0.0%,+0.00%,0.5000,0,✓ Yes,completed
1,627,508,11-21,+0.0%,+0.00%,0.5000,0,✓ Yes,completed
1,627,548,11-21,+0.0%,+0.00%,0.5000,0,✓ Yes,completed
1,627,587,11-21,+0.0%,+0.00%,0.5000,0,✓ Yes,completed
1,627,627,11-21,+0.0%,+0.00%,0.5000,0,✓ Yes,completed
1,271,271,12-05,+25.0%,+97.88%,0.9894,1,✗ No,budget_exceeded
1,271,271,12-05,+25.0%,+97.88%,0.9894,1,✗ No,budget_exceeded
1,311,271,12-05,+25.0%,+97.88%,0.9894,1,✗ No,budget_exceeded
1,311,311,12-05,+25.0%,+97.88%,0.9894,1,✗ No,budget_exceeded
1,350,271,12-05,+25.0%,+97.88%,0.9894,1,✗ No,budget_exceeded
1,350,350,12-05,+25.0%,+97.05%,0.9852,27,✗ No,budget_exceeded
1,390,271,12-05,+25.0%,+97.88%,0.9894,1,✗ No,budget_exceeded
1,390,330,12-05,+25.0%,+97.74%,0.9887,2,✗ No,budget_exceeded
1,390,390,12-05,+25.0%,+83.06%,0.9153,201,✗ No,budget_exceeded
1,429,271,12-05,+25.0%,+97.88%,0.9894,1,✗ No,budget_exceeded
1,429,324,12-05,+25.0%,+97.88%,0.9894,1,✗ No,budget_exceeded
1,429,376,12-05,+25.0%,+76.63%,0.8832,9,✗ No,budget_exceeded
1,429,429,12-05,+25.0%,+62.84%,0.8142,174,✗ No,budget_exceeded
1,469,271,12-05,+25.0%,+90.62%,0.9531,1,✗ No,budget_exceeded
1,469,311,12-05,+25.0%,+90.62%,0.9531,1,✗ No,budget_exceeded
1,469,350,12-05,+25.0%,+64.92%,0.8246,2,✗ No,budget_exceeded
1,469,390,12-05,+25.0%,+59.50%,0.7975,2,✗ No,budget_exceeded
1,469,429,12-05,+18.0%,+1.79%,0.5089,21,✓ Yes,completed
1,469,469,12-05,+3.6%,+0.44%,0.5022,126,✓ Yes,completed
1,508,271,12-05,+0.0%,+0.00%,0.5000,0,✓ Yes,completed
1,508,311,12-05,+0.0%,+0.00%,0.5000,0,✓ Yes,completed
1,508,350,12-05,+0.0%,+0.00%,0.5000,0,✓ Yes,completed
1,508,390,12-05,+0.0%,+0.00%,0.5000,0,✓ Yes,completed
1,508,429,12-05,+0.0%,+0.00%,0.5000,0,✓ Yes,completed
1,508,469,12-05,+0.0%,+0.00%,0.5000,0,✓ Yes,completed
1,508,508,12-05,+0.0%,+0.00%,0.5000,0,✓ Yes,completed
1,548,271,12-05,+0.0%,+0.00%,0.5000,0,✓ Yes,completed
1,548,311,12-05,+0.0%,+0.00%,0.5000,0,✓ Yes,completed
1,548,350,12-05,+0.0%,+0.00%,0.5000,0,✓ Yes,completed
1,548,390,12-05,+0.0%,+0.00%,0.5000,0,✓ Yes,completed
1,548,429,12-05,+0.0%,+0.00%,0.5000,0,✓ Yes,completed
1,548,469,12-05,+0.0%,+0.00%,0.5000,0,✓ Yes,completed
1,548,508,12-05,+0.0%,+0.00%,0.5000,0,✓ Yes,completed
1,548,548,12-05,+0.0%,+0.00%,0.5000,0,✓ Yes,completed
1,587,271,12-05,+0.0%,+0.00%,0.5000,0,✓ Yes,completed
1,587,311,12-05,+0.0%,+0.00%,0.5000,0,✓ Yes,completed
1,587,350,12-05,+0.0%,+0.00%,0.5000,0,✓ Yes,completed
1,587,390,12-05,+0.0%,+0.00%,0.5000,0,✓ Yes,completed
1,587,429,12-05,+0.0%,+0.00%,0.5000,0,✓ Yes,completed
1,587,469,12-05,+0.0%,+0.00%,0.5000,0,✓ Yes,completed
1,587,508,12-05,+0.0%,+0.00%,0.5000,0,✓ Yes,completed
1,587,548,12-05,+0.0%,+0.00%,0.5000,0,✓ Yes,completed
1,587,587,12-05,+0.0%,+0.00%,0.5000,0,✓ Yes,completed
1,627,271,12-05,+0.0%,+0.00%,0.5000,0,✓ Yes,completed
1,627,311,12-05,+0.0%,+0.00%,0.5000,0,✓ Yes,completed
1,627,350,12-05,+0.0%,+0.00%,0.5000,0,✓ Yes,completed
1,627,390,12-05,+0.0%,+0.00%,0.5000,0,✓ Yes,completed
1,627,429,12-05,+0.0%,+0.00%,0.5000,0,✓ Yes,completed
1,627,469,12-05,+0.0%,+0.00%,0.5000,0,✓ Yes,completed
1,627,508,12-05,+0.0%,+0.00%,0.5000,0,✓ Yes,completed
1,627,548,12-05,+0.0%,+0.00%,0.5000,0,✓ Yes,completed
1,627,587,12-05,+0.0%,+0.00%,0.5000,0,✓ Yes,completed
1,627,627,12-05,+0.0%,+0.00%,0.5000,0,✓ Yes,completed
1,271,271,12-19,+25.0%,+97.91%,0.9895,1,✗ No,budget_exceeded
1,271,271,12-19,+25.0%,+97.91%,0.9895,1,✗ No,budget_exceeded
1,311,271,12-19,+25.0%,+97.91%,0.9895,1,✗ No,budget_exceeded
1,311,311,12-19,+25.0%,+97.91%,0.9895,1,✗ No,budget_exceeded
1,350,271,12-19,+25.0%,+97.91%,0.9895,1,✗ No,budget_exceeded
1,350,350,12-19,+25.0%,+96.44%,0.9822,44,✗ No,budget_exceeded
1,390,271,12-19,+25.0%,+97.91%,0.9895,1,✗ No,budget_exceeded
1,390,330,12-19,+25.0%,+97.06%,0.9853,4,✗ No,budget_exceeded
1,390,390,12-19,+25.0%,+83.06%,0.9153,199,✗ No,budget_exceeded
1,429,271,12-19,+25.0%,+97.91%,0.9895,1,✗ No,budget_exceeded
1,429,324,12-19,+25.0%,+97.91%,0.9895,1,✗ No,budget_exceeded
1,429,376,12-19,+25.0%,+76.53%,0.8826,9,✗ No,budget_exceeded
1,429,429,12-19,+25.0%,+63.43%,0.8171,177,✗ No,budget_exceeded
1,469,271,12-19,+25.0%,+93.72%,0.9686,1,✗ No,budget_exceeded
1,469,311,12-19,+25.0%,+93.72%,0.9686,1,✗ No,budget_exceeded
1,469,350,12-19,+25.0%,+67.94%,0.8397,2,✗ No,budget_exceeded
1,469,390,12-19,+25.0%,+62.50%,0.8125,2,✗ No,budget_exceeded
1,469,429,12-19,+18.0%,+1.67%,0.5083,21,✓ Yes,completed
1,469,469,12-19,+3.6%,+0.50%,0.5025,126,✓ Yes,completed
1,508,271,12-19,+0.0%,+0.00%,0.5000,0,✓ Yes,completed
1,508,311,12-19,+0.0%,+0.00%,0.5000,0,✓ Yes,completed
1,508,350,12-19,+0.0%,+0.00%,0.5000,0,✓ Yes,completed
1,508,390,12-19,+0.0%,+0.00%,0.5000,0,✓ Yes,completed
1,508,429,12-19,+0.0%,+0.00%,0.5000,0,✓ Yes,completed
1,508,469,12-19,+0.0%,+0.00%,0.5000,0,✓ Yes,completed
1,508,508,12-19,+0.0%,+0.00%,0.5000,0,✓ Yes,completed
1,548,271,12-19,+0.0%,+0.00%,0.5000,0,✓ Yes,completed
1,548,311,12-19,+0.0%,+0.00%,0.5000,0,✓ Yes,completed
1,548,350,12-19,+0.0%,+0.00%,0.5000,0,✓ Yes,completed
1,548,390,12-19,+0.0%,+0.00%,0.5000,0,✓ Yes,completed
1,548,429,12-19,+0.0%,+0.00%,0.5000,0,✓ Yes,completed
1,548,469,12-19,+0.0%,+0.00%,0.5000,0,✓ Yes,completed
1,548,508,12-19,+0.0%,+0.00%,0.5000,0,✓ Yes,completed
1,548,548,12-19,+0.0%,+0.00%,0.5000,0,✓ Yes,completed
1,587,271,12-19,+0.0%,+0.00%,0.5000,0,✓ Yes,completed
1,587,311,12-19,+0.0%,+0.00%,0.5000,0,✓ Yes,completed
1,587,350,12-19,+0.0%,+0.00%,0.5000,0,✓ Yes,completed
1,587,390,12-19,+0.0%,+0.00%,0.5000,0,✓ Yes,completed
1,587,429,12-19,+0.0%,+0.00%,0.5000,0,✓ Yes,completed
1,587,469,12-19,+0.0%,+0.00%,0.5000,0,✓ Yes,completed
1,587,508,12-19,+0.0%,+0.00%,0.5000,0,✓ Yes,completed
1,587,548,12-19,+0.0%,+0.00%,0.5000,0,✓ Yes,completed
1,587,587,12-19,+0.0%,+0.00%,0.5000,0,✓ Yes,completed
1,627,271,12-19,+0.0%,+0.00%,0.5000,0,✓ Yes,completed
1,627,311,12-19,+0.0%,+0.00%,0.5000,0,✓ Yes,completed
1,627,350,12-19,+0.0%,+0.00%,0.5000,0,✓ Yes,completed
1,627,390,12-19,+0.0%,+0.00%,0.5000,0,✓ Yes,completed
1,627,429,12-19,+0.0%,+0.00%,0.5000,0,✓ Yes,completed
1,627,469,12-19,+0.0%,+0.00%,0.5000,0,✓ Yes,completed
1,627,508,12-19,+0.0%,+0.00%,0.5000,0,✓ Yes,completed
1,627,548,12-19,+0.0%,+0.00%,0.5000,0,✓ Yes,completed
1,627,587,12-19,+0.0%,+0.00%,0.5000,0,✓ Yes,completed
1,627,627,12-19,+0.0%,+0.00%,0.5000,0,✓ Yes,completed
1,271,271,12-31,+25.0%,+97.93%,0.9896,1,✗ No,budget_exceeded
1,271,271,12-31,+25.0%,+97.93%,0.9896,1,✗ No,budget_exceeded
1,311,271,12-31,+25.0%,+97.93%,0.9896,1,✗ No,budget_exceeded
1,311,311,12-31,+25.0%,+97.93%,0.9896,1,✗ No,budget_exceeded
1,350,271,12-31,+25.0%,+97.93%,0.9896,1,✗ No,budget_exceeded
1,350,350,12-31,+25.0%,+96.07%,0.9803,56,✗ No,budget_exceeded
1,390,271,12-31,+25.0%,+97.93%,0.9896,1,✗ No,budget_exceeded
1,390,330,12-31,+25.0%,+96.85%,0.9843,7,✗ No,budget_exceeded
1,390,390,12-31,+25.0%,+83.24%,0.9162,193,✗ No,budget_exceeded
1,429,271,12-31,+25.0%,+97.73%,0.9886,1,✗ No,budget_exceeded
1,429,324,12-31,+25.0%,+90.85%,0.9543,2,✗ No,budget_exceeded
1,429,376,12-31,+25.0%,+76.50%,0.8825,8,✗ No,budget_exceeded
1,429,429,12-31,+25.0%,+65.11%,0.8255,167,✗ No,budget_exceeded
1,469,271,12-31,+25.0%,+96.37%,0.9819,1,✗ No,budget_exceeded
1,469,311,12-31,+25.0%,+96.37%,0.9819,1,✗ No,budget_exceeded
1,469,350,12-31,+25.0%,+70.51%,0.8526,2,✗ No,budget_exceeded
1,469,390,12-31,+25.0%,+65.06%,0.8253,2,✗ No,budget_exceeded
1,469,429,12-31,+18.0%,+1.40%,0.5070,21,✓ Yes,completed
1,469,469,12-31,+3.6%,+0.52%,0.5026,126,✓ Yes,completed
1,508,271,12-31,+0.0%,+0.00%,0.5000,0,✓ Yes,completed
1,508,311,12-31,+0.0%,+0.00%,0.5000,0,✓ Yes,completed
1,508,350,12-31,+0.0%,+0.00%,0.5000,0,✓ Yes,completed
1,508,390,12-31,+0.0%,+0.00%,0.5000,0,✓ Yes,completed
1,508,429,12-31,+0.0%,+0.00%,0.5000,0,✓ Yes,completed
1,508,469,12-31,+0.0%,+0.00%,0.5000,0,✓ Yes,completed
1,508,508,12-31,+0.0%,+0.00%,0.5000,0,✓ Yes,completed
1,548,271,12-31,+0.0%,+0.00%,0.5000,0,✓ Yes,completed
1,548,311,12-31,+0.0%,+0.00%,0.5000,0,✓ Yes,completed
1,548,350,12-31,+0.0%,+0.00%,0.5000,0,✓ Yes,completed
1,548,390,12-31,+0.0%,+0.00%,0.5000,0,✓ Yes,completed
1,548,429,12-31,+0.0%,+0.00%,0.5000,0,✓ Yes,completed
1,548,469,12-31,+0.0%,+0.00%,0.5000,0,✓ Yes,completed
1,548,508,12-31,+0.0%,+0.00%,0.5000,0,✓ Yes,completed
1,548,548,12-31,+0.0%,+0.00%,0.5000,0,✓ Yes,completed
1,587,271,12-31,+0.0%,+0.00%,0.5000,0,✓ Yes,completed
1,587,311,12-31,+0.0%,+0.00%,0.5000,0,✓ Yes,completed
1,587,350,12-31,+0.0%,+0.00%,0.5000,0,✓ Yes,completed
1,587,390,12-31,+0.0%,+0.00%,0.5000,0,✓ Yes,completed
1,587,429,12-31,+0.0%,+0.00%,0.5000,0,✓ Yes,completed
1,587,469,12-31,+0.0%,+0.00%,0.5000,0,✓ Yes,completed
1,587,508,12-31,+0.0%,+0.00%,0.5000,0,✓ Yes,completed
1,587,548,12-31,+0.0%,+0.00%,0.5000,0,✓ Yes,completed
1,587,587,12-31,+0.0%,+0.00%,0.5000,0,✓ Yes,completed
1,627,271,12-31,+0.0%,+0.00%,0.5000,0,✓ Yes,completed
1,627,311,12-31,+0.0%,+0.00%,0.5000,0,✓ Yes,completed
1,627,350,12-31,+0.0%,+0.00%,0.5000,0,✓ Yes,completed
1,627,390,12-31,+0.0%,+0.00%,0.5000,0,✓ Yes,completed
1,627,429,12-31,+0.0%,+0.00%,0.5000,0,✓ Yes,completed
1,627,469,12-31,+0.0%,+0.00%,0.5000,0,✓ Yes,completed
1,627,508,12-31,+0.0%,+0.00%,0.5000,0,✓ Yes,completed
1,627,548,12-31,+0.0%,+0.00%,0.5000,0,✓ Yes,completed
1,627,587,12-31,+0.0%,+0.00%,0.5000,0,✓ Yes,completed
1,627,627,12-31,+0.0%,+0.00%,0.5000,0,✓ Yes,completed
2,389,349,11-17,+25.0%,+97.73%,0.9887,3,✗ No,budget_exceeded
2,389,389,11-17,+25.0%,+85.45%,0.9272,171,✗ No,budget_exceeded
2,406,349,11-17,+25.0%,+96.10%,0.9805,4,✗ No,budget_exceeded
2,406,368,11-17,+25.0%,+87.16%,0.9358,22,✗ No,budget_exceeded
2,406,387,11-17,+25.0%,+79.53%,0.8976,84,✗ No,budget_exceeded
2,406,406,11-17,+25.0%,+73.93%,0.8696,199,✗ No,budget_exceeded
2,424,349,11-17,+25.0%,+85.52%,0.9276,3,✗ No,budget_exceeded
2,424,368,11-17,+25.0%,+80.23%,0.9011,10,✗ No,budget_exceeded
2,424,387,11-17,+25.0%,+74.83%,0.8742,34,✗ No,budget_exceeded
2,424,405,11-17,+25.0%,+69.60%,0.8480,79,✗ No,budget_exceeded
2,424,424,11-17,+25.0%,+63.49%,0.8174,179,✗ No,budget_exceeded
2,442,349,11-17,+25.0%,+78.36%,0.8918,2,✗ No,budget_exceeded
2,442,368,11-17,+25.0%,+72.32%,0.8616,4,✗ No,budget_exceeded
2,442,386,11-17,+25.0%,+68.92%,0.8446,10,✗ No,budget_exceeded
2,442,405,11-17,+25.0%,+63.00%,0.8150,28,✗ No,budget_exceeded
2,442,423,11-17,+25.0%,+57.05%,0.7852,75,✗ No,budget_exceeded
2,442,442,11-17,+25.0%,+28.04%,0.6402,305,✗ No,budget_exceeded
2,460,349,11-17,+25.0%,+71.26%,0.8563,2,✗ No,budget_exceeded
2,460,368,11-17,+25.0%,+66.14%,0.8307,2,✗ No,budget_exceeded
2,460,386,11-17,+25.0%,+58.77%,0.7939,3,✗ No,budget_exceeded
2,460,404,11-17,+25.0%,+56.47%,0.7824,6,✗ No,budget_exceeded
2,460,423,11-17,+23.9%,+1.96%,0.5098,34,✓ Yes,completed
2,460,441,11-17,+16.0%,+1.59%,0.5079,87,✓ Yes,completed
2,460,460,11-17,+8.2%,+0.75%,0.5038,185,✓ Yes,completed
2,478,349,11-17,+25.0%,+57.95%,0.7897,2,✗ No,budget_exceeded
2,478,367,11-17,+25.0%,+52.86%,0.7643,2,✗ No,budget_exceeded
2,478,386,11-17,+25.0%,+29.67%,0.6483,3,✗ No,budget_exceeded
2,478,404,11-17,+19.6%,+1.70%,0.5085,3,✓ Yes,completed
2,478,423,11-17,+16.5%,+1.56%,0.5078,4,✓ Yes,completed
2,478,441,11-17,+9.5%,+0.83%,0.5041,19,✓ Yes,completed
2,478,459,11-17,+2.9%,+0.19%,0.5010,52,✓ Yes,completed
2,478,478,11-17,+1.2%,+0.09%,0.5004,62,✓ Yes,completed
2,495,349,11-17,+0.0%,+0.00%,0.5000,0,✓ Yes,completed
2,495,367,11-17,+0.0%,+0.00%,0.5000,0,✓ Yes,completed
2,495,386,11-17,+0.0%,+0.00%,0.5000,0,✓ Yes,completed
2,495,404,11-17,+0.0%,+0.00%,0.5000,0,✓ Yes,completed
2,495,422,11-17,+0.0%,+0.00%,0.5000,0,✓ Yes,completed
2,495,440,11-17,+0.0%,+0.00%,0.5000,0,✓ Yes,completed
2,495,459,11-17,+0.0%,+0.00%,0.5000,0,✓ Yes,completed
2,495,477,11-17,+0.0%,+0.00%,0.5000,0,✓ Yes,completed
2,495,495,11-17,+0.0%,+0.00%,0.5000,0,✓ Yes,completed
2,513,349,11-17,+0.0%,+0.00%,0.5000,0,✓ Yes,completed
2,513,367,11-17,+0.0%,+0.00%,0.5000,0,✓ Yes,completed
2,513,386,11-17,+0.0%,+0.00%,0.5000,0,✓ Yes,completed
2,513,404,11-17,+0.0%,+0.00%,0.5000,0,✓ Yes,completed
2,513,422,11-17,+0.0%,+0.00%,0.5000,0,✓ Yes,completed
2,513,440,11-17,+0.0%,+0.00%,0.5000,0,✓ Yes,completed
2,513,458,11-17,+0.0%,+0.00%,0.5000,0,✓ Yes,completed
2,513,477,11-17,+0.0%,+0.00%,0.5000,0,✓ Yes,completed
2,513,495,11-17,+0.0%,+0.00%,0.5000,0,✓ Yes,completed
2,513,513,11-17,+0.0%,+0.00%,0.5000,0,✓ Yes,completed
2,531,349,11-17,+0.0%,+0.00%,0.5000,0,✓ Yes,completed
2,531,367,11-17,+0.0%,+0.00%,0.5000,0,✓ Yes,completed
2,531,385,11-17,+0.0%,+0.00%,0.5000,0,✓ Yes,completed
2,531,404,11-17,+0.0%,+0.00%,0.5000,0,✓ Yes,completed
2,531,422,11-17,+0.0%,+0.00%,0.5000,0,✓ Yes,completed
2,531,440,11-17,+0.0%,+0.00%,0.5000,0,✓ Yes,completed
2,531,458,11-17,+0.0%,+0.00%,0.5000,0,✓ Yes,completed
2,531,476,11-17,+0.0%,+0.00%,0.5000,0,✓ Yes,completed
2,531,495,11-17,+0.0%,+0.00%,0.5000,0,✓ Yes,completed
2,531,513,11-17,+0.0%,+0.00%,0.5000,0,✓ Yes,completed
2,531,531,11-17,+0.0%,+0.00%,0.5000,0,✓ Yes,completed
2,549,349,11-17,+0.0%,+0.00%,0.5000,0,✓ Yes,completed
2,549,367,11-17,+0.0%,+0.00%,0.5000,0,✓ Yes,completed
2,549,385,11-17,+0.0%,+0.00%,0.5000,0,✓ Yes,completed
2,549,404,11-17,+0.0%,+0.00%,0.5000,0,✓ Yes,completed
2,549,422,11-17,+0.0%,+0.00%,0.5000,0,✓ Yes,completed
2,549,440,11-17,+0.0%,+0.00%,0.5000,0,✓ Yes,completed
2,549,458,11-17,+0.0%,+0.00%,0.5000,0,✓ Yes,completed
2,549,476,11-17,+0.0%,+0.00%,0.5000,0,✓ Yes,completed
2,549,494,11-17,+0.0%,+0.00%,0.5000,0,✓ Yes,completed
2,549,512,11-17,+0.0%,+0.00%,0.5000,0,✓ Yes,completed
2,549,531,11-17,+0.0%,+0.00%,0.5000,0,✓ Yes,completed
2,549,549,11-17,+0.0%,+0.00%,0.5000,0,✓ Yes,completed
2,389,349,11-23,+25.0%,+97.14%,0.9857,9,✗ No,budget_exceeded
2,389,389,11-23,+25.0%,+84.36%,0.9218,192,✗ No,budget_exceeded
2,406,349,11-23,+25.0%,+93.57%,0.9678,8,✗ No,budget_exceeded
2,406,368,11-23,+25.0%,+86.28%,0.9314,28,✗ No,budget_exceeded
2,406,387,11-23,+25.0%,+79.59%,0.8980,83,✗ No,budget_exceeded
2,406,406,11-23,+25.0%,+74.31%,0.8715,189,✗ No,budget_exceeded
2,424,349,11-23,+25.0%,+85.72%,0.9286,3,✗ No,budget_exceeded
2,424,368,11-23,+25.0%,+80.42%,0.9021,10,✗ No,budget_exceeded
2,424,387,11-23,+25.0%,+75.08%,0.8754,33,✗ No,budget_exceeded
2,424,405,11-23,+25.0%,+70.08%,0.8504,74,✗ No,budget_exceeded
2,424,424,11-23,+25.0%,+64.37%,0.8219,170,✗ No,budget_exceeded
2,442,349,11-23,+25.0%,+77.72%,0.8886,2,✗ No,budget_exceeded
2,442,368,11-23,+25.0%,+73.21%,0.8661,3,✗ No,budget_exceeded
2,442,386,11-23,+25.0%,+69.83%,0.8492,9,✗ No,budget_exceeded
2,442,405,11-23,+25.0%,+63.93%,0.8196,27,✗ No,budget_exceeded
2,442,423,11-23,+25.0%,+57.87%,0.7894,76,✗ No,budget_exceeded
2,442,442,11-23,+25.0%,+29.11%,0.6456,305,✗ No,budget_exceeded
2,460,349,11-23,+25.0%,+72.56%,0.8628,2,✗ No,budget_exceeded
2,460,368,11-23,+25.0%,+67.44%,0.8372,2,✗ No,budget_exceeded
2,460,386,11-23,+25.0%,+60.07%,0.8004,3,✗ No,budget_exceeded
2,460,404,11-23,+25.0%,+57.77%,0.7888,6,✗ No,budget_exceeded
2,460,423,11-23,+23.9%,+1.92%,0.5096,34,✓ Yes,completed
2,460,441,11-23,+16.0%,+1.68%,0.5084,87,✓ Yes,completed
2,460,460,11-23,+8.2%,+0.82%,0.5041,185,✓ Yes,completed
2,478,349,11-23,+25.0%,+59.24%,0.7962,2,✗ No,budget_exceeded
2,478,367,11-23,+25.0%,+54.15%,0.7708,2,✗ No,budget_exceeded
2,478,386,11-23,+25.0%,+30.95%,0.6548,3,✗ No,budget_exceeded
2,478,404,11-23,+19.6%,+1.73%,0.5087,3,✓ Yes,completed
2,478,423,11-23,+16.5%,+1.62%,0.5081,4,✓ Yes,completed
2,478,441,11-23,+9.5%,+0.94%,0.5047,19,✓ Yes,completed
2,478,459,11-23,+2.9%,+0.25%,0.5012,52,✓ Yes,completed
2,478,478,11-23,+1.2%,+0.07%,0.5004,62,✓ Yes,completed
2,495,349,11-23,+0.0%,+0.00%,0.5000,0,✓ Yes,completed
2,495,367,11-23,+0.0%,+0.00%,0.5000,0,✓ Yes,completed
2,495,386,11-23,+0.0%,+0.00%,0.5000,0,✓ Yes,completed
2,495,404,11-23,+0.0%,+0.00%,0.5000,0,✓ Yes,completed
2,495,422,11-23,+0.0%,+0.00%,0.5000,0,✓ Yes,completed
2,495,440,11-23,+0.0%,+0.00%,0.5000,0,✓ Yes,completed
2,495,459,11-23,+0.0%,+0.00%,0.5000,0,✓ Yes,completed
2,495,477,11-23,+0.0%,+0.00%,0.5000,0,✓ Yes,completed
2,495,495,11-23,+0.0%,+0.00%,0.5000,0,✓ Yes,completed
2,513,349,11-23,+0.0%,+0.00%,0.5000,0,✓ Yes,completed
2,513,367,11-23,+0.0%,+0.00%,0.5000,0,✓ Yes,completed
2,513,386,11-23,+0.0%,+0.00%,0.5000,0,✓ Yes,completed
2,513,404,11-23,+0.0%,+0.00%,0.5000,0,✓ Yes,completed
2,513,422,11-23,+0.0%,+0.00%,0.5000,0,✓ Yes,completed
2,513,440,11-23,+0.0%,+0.00%,0.5000,0,✓ Yes,completed
2,513,458,11-23,+0.0%,+0.00%,0.5000,0,✓ Yes,completed
2,513,477,11-23,+0.0%,+0.00%,0.5000,0,✓ Yes,completed
2,513,495,11-23,+0.0%,+0.00%,0.5000,0,✓ Yes,completed
2,513,513,11-23,+0.0%,+0.00%,0.5000,0,✓ Yes,completed
2,531,349,11-23,+0.0%,+0.00%,0.5000,0,✓ Yes,completed
2,531,367,11-23,+0.0%,+0.00%,0.5000,0,✓ Yes,completed
2,531,385,11-23,+0.0%,+0.00%,0.5000,0,✓ Yes,completed
2,531,404,11-23,+0.0%,+0.00%,0.5000,0,✓ Yes,completed
2,531,422,11-23,+0.0%,+0.00%,0.5000,0,✓ Yes,completed
2,531,440,11-23,+0.0%,+0.00%,0.5000,0,✓ Yes,completed
2,531,458,11-23,+0.0%,+0.00%,0.5000,0,✓ Yes,completed
2,531,476,11-23,+0.0%,+0.00%,0.5000,0,✓ Yes,completed
2,531,495,11-23,+0.0%,+0.00%,0.5000,0,✓ Yes,completed
2,531,513,11-23,+0.0%,+0.00%,0.5000,0,✓ Yes,completed
2,531,531,11-23,+0.0%,+0.00%,0.5000,0,✓ Yes,completed
2,549,349,11-23,+0.0%,+0.00%,0.5000,0,✓ Yes,completed
2,549,367,11-23,+0.0%,+0.00%,0.5000,0,✓ Yes,completed
2,549,385,11-23,+0.0%,+0.00%,0.5000,0,✓ Yes,completed
2,549,404,11-23,+0.0%,+0.00%,0.5000,0,✓ Yes,completed
2,549,422,11-23,+0.0%,+0.00%,0.5000,0,✓ Yes,completed
2,549,440,11-23,+0.0%,+0.00%,0.5000,0,✓ Yes,completed
2,549,458,11-23,+0.0%,+0.00%,0.5000,0,✓ Yes,completed
2,549,476,11-23,+0.0%,+0.00%,0.5000,0,✓ Yes,completed
2,549,494,11-23,+0.0%,+0.00%,0.5000,0,✓ Yes,completed
2,549,512,11-23,+0.0%,+0.00%,0.5000,0,✓ Yes,completed
2,549,531,11-23,+0.0%,+0.00%,0.5000,0,✓ Yes,completed
2,549,549,11-23,+0.0%,+0.00%,0.5000,0,✓ Yes,completed
2,389,349,11-29,+25.0%,+96.20%,0.9810,16,✗ No,budget_exceeded
2,389,389,11-29,+25.0%,+83.47%,0.9173,202,✗ No,budget_exceeded
2,406,349,11-29,+25.0%,+91.12%,0.9556,12,✗ No,budget_exceeded
2,406,368,11-29,+25.0%,+85.94%,0.9297,29,✗ No,budget_exceeded
2,406,387,11-29,+25.0%,+80.02%,0.9001,77,✗ No,budget_exceeded
2,406,406,11-29,+25.0%,+74.88%,0.8744,182,✗ No,budget_exceeded
2,424,349,11-29,+25.0%,+85.32%,0.9266,3,✗ No,budget_exceeded
2,424,368,11-29,+25.0%,+80.47%,0.9023,9,✗ No,budget_exceeded
2,424,387,11-29,+25.0%,+75.80%,0.8790,30,✗ No,budget_exceeded
2,424,405,11-29,+25.0%,+70.98%,0.8549,70,✗ No,budget_exceeded
2,424,424,11-29,+25.0%,+65.48%,0.8274,161,✗ No,budget_exceeded
2,442,349,11-29,+25.0%,+79.00%,0.8950,2,✗ No,budget_exceeded
2,442,368,11-29,+25.0%,+74.49%,0.8725,3,✗ No,budget_exceeded
2,442,386,11-29,+25.0%,+71.12%,0.8556,9,✗ No,budget_exceeded
2,442,405,11-29,+25.0%,+65.21%,0.8261,27,✗ No,budget_exceeded
2,442,423,11-29,+25.0%,+59.16%,0.7958,76,✗ No,budget_exceeded
2,442,442,11-29,+25.0%,+30.40%,0.6520,305,✗ No,budget_exceeded
2,460,349,11-29,+25.0%,+73.85%,0.8692,2,✗ No,budget_exceeded
2,460,368,11-29,+25.0%,+68.73%,0.8436,2,✗ No,budget_exceeded
2,460,386,11-29,+25.0%,+61.35%,0.8068,3,✗ No,budget_exceeded
2,460,404,11-29,+25.0%,+59.05%,0.7953,6,✗ No,budget_exceeded
2,460,423,11-29,+23.9%,+1.90%,0.5095,34,✓ Yes,completed
2,460,441,11-29,+16.0%,+1.74%,0.5087,87,✓ Yes,completed
2,460,460,11-29,+8.2%,+0.95%,0.5048,185,✓ Yes,completed
2,478,349,11-29,+25.0%,+60.53%,0.8026,2,✗ No,budget_exceeded
2,478,367,11-29,+25.0%,+55.43%,0.7772,2,✗ No,budget_exceeded
2,478,386,11-29,+25.0%,+32.24%,0.6612,3,✗ No,budget_exceeded
2,478,404,11-29,+19.6%,+1.79%,0.5090,3,✓ Yes,completed
2,478,423,11-29,+16.5%,+1.69%,0.5085,4,✓ Yes,completed
2,478,441,11-29,+9.5%,+1.04%,0.5052,19,✓ Yes,completed
2,478,459,11-29,+2.9%,+0.30%,0.5015,52,✓ Yes,completed
2,478,478,11-29,+1.2%,+0.12%,0.5006,62,✓ Yes,completed
2,495,349,11-29,+0.0%,+0.00%,0.5000,0,✓ Yes,completed
2,495,367,11-29,+0.0%,+0.00%,0.5000,0,✓ Yes,completed
2,495,386,11-29,+0.0%,+0.00%,0.5000,0,✓ Yes,completed
2,495,404,11-29,+0.0%,+0.00%,0.5000,0,✓ Yes,completed
2,495,422,11-29,+0.0%,+0.00%,0.5000,0,✓ Yes,completed
2,495,440,11-29,+0.0%,+0.00%,0.5000,0,✓ Yes,completed
2,495,459,11-29,+0.0%,+0.00%,0.5000,0,✓ Yes,completed
2,495,477,11-29,+0.0%,+0.00%,0.5000,0,✓ Yes,completed
2,495,495,11-29,+0.0%,+0.00%,0.5000,0,✓ Yes,completed
2,513,349,11-29,+0.0%,+0.00%,0.5000,0,✓ Yes,completed
2,513,367,11-29,+0.0%,+0.00%,0.5000,0,✓ Yes,completed
2,513,386,11-29,+0.0%,+0.00%,0.5000,0,✓ Yes,completed
2,513,404,11-29,+0.0%,+0.00%,0.5000,0,✓ Yes,completed
2,513,422,11-29,+0.0%,+0.00%,0.5000,0,✓ Yes,completed
2,513,440,11-29,+0.0%,+0.00%,0.5000,0,✓ Yes,completed
2,513,458,11-29,+0.0%,+0.00%,0.5000,0,✓ Yes,completed
2,513,477,11-29,+0.0%,+0.00%,0.5000,0,✓ Yes,completed
2,513,495,11-29,+0.0%,+0.00%,0.5000,0,✓ Yes,completed
2,513,513,11-29,+0.0%,+0.00%,0.5000,0,✓ Yes,completed
2,531,349,11-29,+0.0%,+0.00%,0.5000,0,✓ Yes,completed
2,531,367,11-29,+0.0%,+0.00%,0.5000,0,✓ Yes,completed
2,531,385,11-29,+0.0%,+0.00%,0.5000,0,✓ Yes,completed
2,531,404,11-29,+0.0%,+0.00%,0.5000,0,✓ Yes,completed
2,531,422,11-29,+0.0%,+0.00%,0.5000,0,✓ Yes,completed
2,531,440,11-29,+0.0%,+0.00%,0.5000,0,✓ Yes,completed
2,531,458,11-29,+0.0%,+0.00%,0.5000,0,✓ Yes,completed
2,531,476,11-29,+0.0%,+0.00%,0.5000,0,✓ Yes,completed
2,531,495,11-29,+0.0%,+0.00%,0.5000,0,✓ Yes,completed
2,531,513,11-29,+0.0%,+0.00%,0.5000,0,✓ Yes,completed
2,531,531,11-29,+0.0%,+0.00%,0.5000,0,✓ Yes,completed
2,549,349,11-29,+0.0%,+0.00%,0.5000,0,✓ Yes,completed
2,549,367,11-29,+0.0%,+0.00%,0.5000,0,✓ Yes,completed
2,549,385,11-29,+0.0%,+0.00%,0.5000,0,✓ Yes,completed
2,549,404,11-29,+0.0%,+0.00%,0.5000,0,✓ Yes,completed
2,549,422,11-29,+0.0%,+0.00%,0.5000,0,✓ Yes,completed
2,549,440,11-29,+0.0%,+0.00%,0.5000,0,✓ Yes,completed
2,549,458,11-29,+0.0%,+0.00%,0.5000,0,✓ Yes,completed
2,549,476,11-29,+0.0%,+0.00%,0.5000,0,✓ Yes,completed
2,549,494,11-29,+0.0%,+0.00%,0.5000,0,✓ Yes,completed
2,549,512,11-29,+0.0%,+0.00%,0.5000,0,✓ Yes,completed
2,549,531,11-29,+0.0%,+0.00%,0.5000,0,✓ Yes,completed
2,549,549,11-29,+0.0%,+0.00%,0.5000,0,✓ Yes,completed
2,389,349,12-05,+25.0%,+96.00%,0.9800,19,✗ No,budget_exceeded
2,389,389,12-05,+25.0%,+83.48%,0.9174,202,✗ No,budget_exceeded
2,406,349,12-05,+25.0%,+90.06%,0.9503,13,✗ No,budget_exceeded
2,406,368,12-05,+25.0%,+85.19%,0.9260,32,✗ No,budget_exceeded
2,406,387,12-05,+25.0%,+80.06%,0.9003,76,✗ No,budget_exceeded
2,406,406,12-05,+25.0%,+75.13%,0.8757,174,✗ No,budget_exceeded
2,424,349,12-05,+25.0%,+84.43%,0.9221,4,✗ No,budget_exceeded
2,424,368,12-05,+25.0%,+80.85%,0.9043,9,✗ No,budget_exceeded
2,424,387,12-05,+25.0%,+76.18%,0.8809,30,✗ No,budget_exceeded
2,424,405,12-05,+25.0%,+71.46%,0.8573,68,✗ No,budget_exceeded
2,424,424,12-05,+25.0%,+66.07%,0.8304,156,✗ No,budget_exceeded
2,442,349,12-05,+25.0%,+79.39%,0.8970,2,✗ No,budget_exceeded
2,442,368,12-05,+25.0%,+74.88%,0.8744,3,✗ No,budget_exceeded
2,442,386,12-05,+25.0%,+71.50%,0.8575,9,✗ No,budget_exceeded
2,442,405,12-05,+25.0%,+65.97%,0.8299,26,✗ No,budget_exceeded
2,442,423,12-05,+25.0%,+59.96%,0.7998,74,✗ No,budget_exceeded
2,442,442,12-05,+25.0%,+3.25%,0.5162,319,✗ No,budget_exceeded
2,460,349,12-05,+25.0%,+75.16%,0.8758,2,✗ No,budget_exceeded
2,460,368,12-05,+25.0%,+70.03%,0.8502,2,✗ No,budget_exceeded
2,460,386,12-05,+25.0%,+62.65%,0.8133,3,✗ No,budget_exceeded
2,460,404,12-05,+25.0%,+60.35%,0.8017,6,✗ No,budget_exceeded
2,460,423,12-05,+23.9%,+1.80%,0.5090,34,✓ Yes,completed
2,460,441,12-05,+16.0%,+1.75%,0.5087,87,✓ Yes,completed
2,460,460,12-05,+8.2%,+0.99%,0.5049,185,✓ Yes,completed
2,478,349,12-05,+25.0%,+61.82%,0.8091,2,✗ No,budget_exceeded
2,478,367,12-05,+25.0%,+56.73%,0.7836,2,✗ No,budget_exceeded
2,478,386,12-05,+25.0%,+33.50%,0.6675,3,✗ No,budget_exceeded
2,478,404,12-05,+19.6%,+1.80%,0.5090,3,✓ Yes,completed
2,478,423,12-05,+16.5%,+1.68%,0.5084,4,✓ Yes,completed
2,478,441,12-05,+9.5%,+1.11%,0.5056,19,✓ Yes,completed
2,478,459,12-05,+2.9%,+0.35%,0.5017,52,✓ Yes,completed
2,478,478,12-05,+1.2%,+0.14%,0.5007,62,✓ Yes,completed
2,495,349,12-05,+0.0%,+0.00%,0.5000,0,✓ Yes,completed
2,495,367,12-05,+0.0%,+0.00%,0.5000,0,✓ Yes,completed
2,495,386,12-05,+0.0%,+0.00%,0.5000,0,✓ Yes,completed
2,495,404,12-05,+0.0%,+0.00%,0.5000,0,✓ Yes,completed
2,495,422,12-05,+0.0%,+0.00%,0.5000,0,✓ Yes,completed
2,495,440,12-05,+0.0%,+0.00%,0.5000,0,✓ Yes,completed
2,495,459,12-05,+0.0%,+0.00%,0.5000,0,✓ Yes,completed
2,495,477,12-05,+0.0%,+0.00%,0.5000,0,✓ Yes,completed
2,495,495,12-05,+0.0%,+0.00%,0.5000,0,✓ Yes,completed
2,513,349,12-05,+0.0%,+0.00%,0.5000,0,✓ Yes,completed
2,513,367,12-05,+0.0%,+0.00%,0.5000,0,✓ Yes,completed
2,513,386,12-05,+0.0%,+0.00%,0.5000,0,✓ Yes,completed
2,513,404,12-05,+0.0%,+0.00%,0.5000,0,✓ Yes,completed
2,513,422,12-05,+0.0%,+0.00%,0.5000,0,✓ Yes,completed
2,513,440,12-05,+0.0%,+0.00%,0.5000,0,✓ Yes,completed
2,513,458,12-05,+0.0%,+0.00%,0.5000,0,✓ Yes,completed
2,513,477,12-05,+0.0%,+0.00%,0.5000,0,✓ Yes,completed
2,513,495,12-05,+0.0%,+0.00%,0.5000,0,✓ Yes,completed
2,513,513,12-05,+0.0%,+0.00%,0.5000,0,✓ Yes,completed
2,531,349,12-05,+0.0%,+0.00%,0.5000,0,✓ Yes,completed
2,531,367,12-05,+0.0%,+0.00%,0.5000,0,✓ Yes,completed
2,531,385,12-05,+0.0%,+0.00%,0.5000,0,✓ Yes,completed
2,531,404,12-05,+0.0%,+0.00%,0.5000,0,✓ Yes,completed
2,531,422,12-05,+0.0%,+0.00%,0.5000,0,✓ Yes,completed
2,531,440,12-05,+0.0%,+0.00%,0.5000,0,✓ Yes,completed
2,531,458,12-05,+0.0%,+0.00%,0.5000,0,✓ Yes,completed
2,531,476,12-05,+0.0%,+0.00%,0.5000,0,✓ Yes,completed
2,531,495,12-05,+0.0%,+0.00%,0.5000,0,✓ Yes,completed
2,531,513,12-05,+0.0%,+0.00%,0.5000,0,✓ Yes,completed
2,531,531,12-05,+0.0%,+0.00%,0.5000,0,✓ Yes,completed
2,549,349,12-05,+0.0%,+0.00%,0.5000,0,✓ Yes,completed
2,549,367,12-05,+0.0%,+0.00%,0.5000,0,✓ Yes,completed
2,549,385,12-05,+0.0%,+0.00%,0.5000,0,✓ Yes,completed
2,549,404,12-05,+0.0%,+0.00%,0.5000,0,✓ Yes,completed
2,549,422,12-05,+0.0%,+0.00%,0.5000,0,✓ Yes,completed
2,549,440,12-05,+0.0%,+0.00%,0.5000,0,✓ Yes,completed
2,549,458,12-05,+0.0%,+0.00%,0.5000,0,✓ Yes,completed
2,549,476,12-05,+0.0%,+0.00%,0.5000,0,✓ Yes,completed
2,549,494,12-05,+0.0%,+0.00%,0.5000,0,✓ Yes,completed
2,549,512,12-05,+0.0%,+0.00%,0.5000,0,✓ Yes,completed
2,549,531,12-05,+0.0%,+0.00%,0.5000,0,✓ Yes,completed
2,549,549,12-05,+0.0%,+0.00%,0.5000,0,✓ Yes,completed
2,389,349,12-11,+25.0%,+95.15%,0.9758,25,✗ No,budget_exceeded
2,389,389,12-11,+25.0%,+83.48%,0.9174,203,✗ No,budget_exceeded
2,406,349,12-11,+25.0%,+90.06%,0.9503,13,✗ No,budget_exceeded
2,406,368,12-11,+25.0%,+85.18%,0.9259,32,✗ No,budget_exceeded
2,406,387,12-11,+25.0%,+80.08%,0.9004,75,✗ No,budget_exceeded
2,406,406,12-11,+25.0%,+75.38%,0.8769,164,✗ No,budget_exceeded
2,424,349,12-11,+25.0%,+84.41%,0.9220,4,✗ No,budget_exceeded
2,424,368,12-11,+25.0%,+80.83%,0.9041,9,✗ No,budget_exceeded
2,424,387,12-11,+25.0%,+76.31%,0.8816,29,✗ No,budget_exceeded
2,424,405,12-11,+25.0%,+71.84%,0.8592,64,✗ No,budget_exceeded
2,424,424,12-11,+25.0%,+66.67%,0.8333,146,✗ No,budget_exceeded
2,442,349,12-11,+25.0%,+79.36%,0.8968,2,✗ No,budget_exceeded
2,442,368,12-11,+25.0%,+74.84%,0.8742,3,✗ No,budget_exceeded
2,442,386,12-11,+25.0%,+71.72%,0.8586,8,✗ No,budget_exceeded
2,442,405,12-11,+25.0%,+66.64%,0.8332,25,✗ No,budget_exceeded
2,442,423,12-11,+25.0%,+60.73%,0.8037,71,✗ No,budget_exceeded
2,442,442,12-11,+25.0%,+3.10%,0.5155,319,✗ No,budget_exceeded
2,460,349,12-11,+25.0%,+69.30%,0.8465,2,✗ No,budget_exceeded
2,460,368,12-11,+25.0%,+64.18%,0.8209,2,✗ No,budget_exceeded
2,460,386,12-11,+25.0%,+63.10%,0.8155,2,✗ No,budget_exceeded
2,460,404,12-11,+25.0%,+61.24%,0.8062,5,✗ No,budget_exceeded
2,460,423,12-11,+24.5%,+1.60%,0.5080,38,✓ Yes,completed
2,460,441,12-11,+15.9%,+1.73%,0.5087,86,✓ Yes,completed
2,460,460,12-11,+8.2%,+1.06%,0.5053,184,✓ Yes,completed
2,478,349,12-11,+25.0%,+63.12%,0.8156,2,✗ No,budget_exceeded
2,478,367,12-11,+25.0%,+58.02%,0.7901,2,✗ No,budget_exceeded
2,478,386,12-11,+25.0%,+34.76%,0.6738,3,✗ No,budget_exceeded
2,478,404,12-11,+19.6%,+1.73%,0.5086,3,✓ Yes,completed
2,478,423,12-11,+16.5%,+1.67%,0.5084,4,✓ Yes,completed
2,478,441,12-11,+9.5%,+1.17%,0.5059,19,✓ Yes,completed
2,478,459,12-11,+2.9%,+0.40%,0.5020,52,✓ Yes,completed
2,478,478,12-11,+1.2%,+0.15%,0.5007,62,✓ Yes,completed
2,495,349,12-11,+0.0%,+0.00%,0.5000,0,✓ Yes,completed
2,495,367,12-11,+0.0%,+0.00%,0.5000,0,✓ Yes,completed
2,495,386,12-11,+0.0%,+0.00%,0.5000,0,✓ Yes,completed
2,495,404,12-11,+0.0%,+0.00%,0.5000,0,✓ Yes,completed
2,495,422,12-11,+0.0%,+0.00%,0.5000,0,✓ Yes,completed
2,495,440,12-11,+0.0%,+0.00%,0.5000,0,✓ Yes,completed
2,495,459,12-11,+0.0%,+0.00%,0.5000,0,✓ Yes,completed
2,495,477,12-11,+0.0%,+0.00%,0.5000,0,✓ Yes,completed
2,495,495,12-11,+0.0%,+0.00%,0.5000,0,✓ Yes,completed
2,513,349,12-11,+0.0%,+0.00%,0.5000,0,✓ Yes,completed
2,513,367,12-11,+0.0%,+0.00%,0.5000,0,✓ Yes,completed
2,513,386,12-11,+0.0%,+0.00%,0.5000,0,✓ Yes,completed
2,513,404,12-11,+0.0%,+0.00%,0.5000,0,✓ Yes,completed
2,513,422,12-11,+0.0%,+0.00%,0.5000,0,✓ Yes,completed
2,513,440,12-11,+0.0%,+0.00%,0.5000,0,✓ Yes,completed
2,513,458,12-11,+0.0%,+0.00%,0.5000,0,✓ Yes,completed
2,513,477,12-11,+0.0%,+0.00%,0.5000,0,✓ Yes,completed
2,513,495,12-11,+0.0%,+0.00%,0.5000,0,✓ Yes,completed
2,513,513,12-11,+0.0%,+0.00%,0.5000,0,✓ Yes,completed
2,531,349,12-11,+0.0%,+0.00%,0.5000,0,✓ Yes,completed
2,531,367,12-11,+0.0%,+0.00%,0.5000,0,✓ Yes,completed
2,531,385,12-11,+0.0%,+0.00%,0.5000,0,✓ Yes,completed
2,531,404,12-11,+0.0%,+0.00%,0.5000,0,✓ Yes,completed
2,531,422,12-11,+0.0%,+0.00%,0.5000,0,✓ Yes,completed
2,531,440,12-11,+0.0%,+0.00%,0.5000,0,✓ Yes,completed
2,531,458,12-11,+0.0%,+0.00%,0.5000,0,✓ Yes,completed
2,531,476,12-11,+0.0%,+0.00%,0.5000,0,✓ Yes,completed
2,531,495,12-11,+0.0%,+0.00%,0.5000,0,✓ Yes,completed
2,531,513,12-11,+0.0%,+0.00%,0.5000,0,✓ Yes,completed
2,531,531,12-11,+0.0%,+0.00%,0.5000,0,✓ Yes,completed
2,549,349,12-11,+0.0%,+0.00%,0.5000,0,✓ Yes,completed
2,549,367,12-11,+0.0%,+0.00%,0.5000,0,✓ Yes,completed
2,549,385,12-11,+0.0%,+0.00%,0.5000,0,✓ Yes,completed
2,549,404,12-11,+0.0%,+0.00%,0.5000,0,✓ Yes,completed
2,549,422,12-11,+0.0%,+0.00%,0.5000,0,✓ Yes,completed
2,549,440,12-11,+0.0%,+0.00%,0.5000,0,✓ Yes,completed
2,549,458,12-11,+0.0%,+0.00%,0.5000,0,✓ Yes,completed
2,549,476,12-11,+0.0%,+0.00%,0.5000,0,✓ Yes,completed
2,549,494,12-11,+0.0%,+0.00%,0.5000,0,✓ Yes,completed
2,549,512,12-11,+0.0%,+0.00%,0.5000,0,✓ Yes,completed
2,549,531,12-11,+0.0%,+0.00%,0.5000,0,✓ Yes,completed
2,549,549,12-11,+0.0%,+0.00%,0.5000,0,✓ Yes,completed
2,389,349,12-17,+25.0%,+94.77%,0.9738,30,✗ No,budget_exceeded
2,389,389,12-17,+25.0%,+83.48%,0.9174,201,✗ No,budget_exceeded
2,406,349,12-17,+25.0%,+90.05%,0.9502,13,✗ No,budget_exceeded
2,406,368,12-17,+25.0%,+85.16%,0.9258,32,✗ No,budget_exceeded
2,406,387,12-17,+25.0%,+80.05%,0.9002,75,✗ No,budget_exceeded
2,406,406,12-17,+25.0%,+75.52%,0.8776,159,✗ No,budget_exceeded
2,424,349,12-17,+25.0%,+84.39%,0.9219,4,✗ No,budget_exceeded
2,424,368,12-17,+25.0%,+80.79%,0.9040,9,✗ No,budget_exceeded
2,424,387,12-17,+25.0%,+76.27%,0.8813,29,✗ No,budget_exceeded
2,424,405,12-17,+25.0%,+72.02%,0.8601,60,✗ No,budget_exceeded
2,424,424,12-17,+25.0%,+67.12%,0.8356,147,✗ No,budget_exceeded
2,442,349,12-17,+25.0%,+78.44%,0.8922,2,✗ No,budget_exceeded
2,442,368,12-17,+25.0%,+73.91%,0.8695,3,✗ No,budget_exceeded
2,442,386,12-17,+25.0%,+70.79%,0.8540,8,✗ No,budget_exceeded
2,442,405,12-17,+25.0%,+67.18%,0.8359,21,✗ No,budget_exceeded
2,442,423,12-17,+25.0%,+59.87%,0.7993,76,✗ No,budget_exceeded
2,442,442,12-17,+25.0%,+3.76%,0.5188,317,✗ No,budget_exceeded
2,460,349,12-17,+25.0%,+70.61%,0.8530,2,✗ No,budget_exceeded
2,460,368,12-17,+25.0%,+65.48%,0.8274,2,✗ No,budget_exceeded
2,460,386,12-17,+25.0%,+64.40%,0.8220,2,✗ No,budget_exceeded
2,460,404,12-17,+25.0%,+62.53%,0.8127,5,✗ No,budget_exceeded
2,460,423,12-17,+25.0%,+2.59%,0.5129,39,✗ No,budget_exceeded
2,460,441,12-17,+15.9%,+1.71%,0.5086,86,✓ Yes,completed
2,460,460,12-17,+8.2%,+1.09%,0.5055,184,✓ Yes,completed
2,478,349,12-17,+25.0%,+64.42%,0.8221,2,✗ No,budget_exceeded
2,478,367,12-17,+25.0%,+59.31%,0.7965,2,✗ No,budget_exceeded
2,478,386,12-17,+25.0%,+36.02%,0.6801,3,✗ No,budget_exceeded
2,478,404,12-17,+19.6%,+1.61%,0.5081,3,✓ Yes,completed
2,478,423,12-17,+16.5%,+1.67%,0.5083,4,✓ Yes,completed
2,478,441,12-17,+9.5%,+1.19%,0.5060,19,✓ Yes,completed
2,478,459,12-17,+2.9%,+0.40%,0.5020,52,✓ Yes,completed
2,478,478,12-17,+1.2%,+0.18%,0.5009,62,✓ Yes,completed
2,495,349,12-17,+0.0%,+0.00%,0.5000,0,✓ Yes,completed
2,495,367,12-17,+0.0%,+0.00%,0.5000,0,✓ Yes,completed
2,495,386,12-17,+0.0%,+0.00%,0.5000,0,✓ Yes,completed
2,495,404,12-17,+0.0%,+0.00%,0.5000,0,✓ Yes,completed
2,495,422,12-17,+0.0%,+0.00%,0.5000,0,✓ Yes,completed
2,495,440,12-17,+0.0%,+0.00%,0.5000,0,✓ Yes,completed
2,495,459,12-17,+0.0%,+0.00%,0.5000,0,✓ Yes,completed
2,495,477,12-17,+0.0%,+0.00%,0.5000,0,✓ Yes,completed
2,495,495,12-17,+0.0%,+0.00%,0.5000,0,✓ Yes,completed
2,513,349,12-17,+0.0%,+0.00%,0.5000,0,✓ Yes,completed
2,513,367,12-17,+0.0%,+0.00%,0.5000,0,✓ Yes,completed
2,513,386,12-17,+0.0%,+0.00%,0.5000,0,✓ Yes,completed
2,513,404,12-17,+0.0%,+0.00%,0.5000,0,✓ Yes,completed
2,513,422,12-17,+0.0%,+0.00%,0.5000,0,✓ Yes,completed
2,513,440,12-17,+0.0%,+0.00%,0.5000,0,✓ Yes,completed
2,513,458,12-17,+0.0%,+0.00%,0.5000,0,✓ Yes,completed
2,513,477,12-17,+0.0%,+0.00%,0.5000,0,✓ Yes,completed
2,513,495,12-17,+0.0%,+0.00%,0.5000,0,✓ Yes,completed
2,513,513,12-17,+0.0%,+0.00%,0.5000,0,✓ Yes,completed
2,531,349,12-17,+0.0%,+0.00%,0.5000,0,✓ Yes,completed
2,531,367,12-17,+0.0%,+0.00%,0.5000,0,✓ Yes,completed
2,531,385,12-17,+0.0%,+0.00%,0.5000,0,✓ Yes,completed
2,531,404,12-17,+0.0%,+0.00%,0.5000,0,✓ Yes,completed
2,531,422,12-17,+0.0%,+0.00%,0.5000,0,✓ Yes,completed
2,531,440,12-17,+0.0%,+0.00%,0.5000,0,✓ Yes,completed
2,531,458,12-17,+0.0%,+0.00%,0.5000,0,✓ Yes,completed
2,531,476,12-17,+0.0%,+0.00%,0.5000,0,✓ Yes,completed
2,531,495,12-17,+0.0%,+0.00%,0.5000,0,✓ Yes,completed
2,531,513,12-17,+0.0%,+0.00%,0.5000,0,✓ Yes,completed
2,531,531,12-17,+0.0%,+0.00%,0.5000,0,✓ Yes,completed
2,549,349,12-17,+0.0%,+0.00%,0.5000,0,✓ Yes,completed
2,549,367,12-17,+0.0%,+0.00%,0.5000,0,✓ Yes,completed
2,549,385,12-17,+0.0%,+0.00%,0.5000,0,✓ Yes,completed
2,549,404,12-17,+0.0%,+0.00%,0.5000,0,✓ Yes,completed
2,549,422,12-17,+0.0%,+0.00%,0.5000,0,✓ Yes,completed
2,549,440,12-17,+0.0%,+0.00%,0.5000,0,✓ Yes,completed
2,549,458,12-17,+0.0%,+0.00%,0.5000,0,✓ Yes,completed
2,549,476,12-17,+0.0%,+0.00%,0.5000,0,✓ Yes,completed
2,549,494,12-17,+0.0%,+0.00%,0.5000,0,✓ Yes,completed
2,549,512,12-17,+0.0%,+0.00%,0.5000,0,✓ Yes,completed
2,549,531,12-17,+0.0%,+0.00%,0.5000,0,✓ Yes,completed
2,549,549,12-17,+0.0%,+0.00%,0.5000,0,✓ Yes,completed
2,389,349,12-23,+25.0%,+94.35%,0.9718,35,✗ No,budget_exceeded
2,389,389,12-23,+25.0%,+83.46%,0.9173,200,✗ No,budget_exceeded
2,406,349,12-23,+25.0%,+89.76%,0.9488,14,✗ No,budget_exceeded
2,406,368,12-23,+25.0%,+85.13%,0.9257,32,✗ No,budget_exceeded
2,406,387,12-23,+25.0%,+80.00%,0.9000,75,✗ No,budget_exceeded
2,406,406,12-23,+25.0%,+75.71%,0.8785,151,✗ No,budget_exceeded
2,424,349,12-23,+25.0%,+84.36%,0.9218,4,✗ No,budget_exceeded
2,424,368,12-23,+25.0%,+80.75%,0.9038,9,✗ No,budget_exceeded
2,424,387,12-23,+25.0%,+76.21%,0.8811,29,✗ No,budget_exceeded
2,424,405,12-23,+25.0%,+72.28%,0.8614,56,✗ No,budget_exceeded
2,424,424,12-23,+25.0%,+67.69%,0.8385,140,✗ No,budget_exceeded
2,442,349,12-23,+25.0%,+79.06%,0.8953,2,✗ No,budget_exceeded
2,442,368,12-23,+25.0%,+74.52%,0.8726,3,✗ No,budget_exceeded
2,442,386,12-23,+25.0%,+71.40%,0.8570,8,✗ No,budget_exceeded
2,442,405,12-23,+25.0%,+68.06%,0.8403,20,✗ No,budget_exceeded
2,442,423,12-23,+25.0%,+60.61%,0.8031,77,✗ No,budget_exceeded
2,442,442,12-23,+25.0%,+4.32%,0.5216,318,✗ No,budget_exceeded
2,460,349,12-23,+25.0%,+71.90%,0.8595,2,✗ No,budget_exceeded
2,460,368,12-23,+25.0%,+66.76%,0.8338,2,✗ No,budget_exceeded
2,460,386,12-23,+25.0%,+65.69%,0.8284,2,✗ No,budget_exceeded
2,460,404,12-23,+25.0%,+63.81%,0.8191,5,✗ No,budget_exceeded
2,460,423,12-23,+25.0%,+3.76%,0.5188,39,✗ No,budget_exceeded
2,460,441,12-23,+15.9%,+1.65%,0.5082,86,✓ Yes,completed
2,460,460,12-23,+8.2%,+1.08%,0.5054,184,✓ Yes,completed
2,478,349,12-23,+25.0%,+65.70%,0.8285,2,✗ No,budget_exceeded
2,478,367,12-23,+25.0%,+60.58%,0.8029,2,✗ No,budget_exceeded
2,478,386,12-23,+25.0%,+37.25%,0.6863,3,✗ No,budget_exceeded
2,478,404,12-23,+19.6%,+1.45%,0.5073,3,✓ Yes,completed
2,478,423,12-23,+16.5%,+1.57%,0.5079,4,✓ Yes,completed
2,478,441,12-23,+9.5%,+1.17%,0.5058,19,✓ Yes,completed
2,478,459,12-23,+2.9%,+0.41%,0.5020,52,✓ Yes,completed
2,478,478,12-23,+1.2%,+0.16%,0.5008,62,✓ Yes,completed
2,495,349,12-23,+0.0%,+0.00%,0.5000,0,✓ Yes,completed
2,495,367,12-23,+0.0%,+0.00%,0.5000,0,✓ Yes,completed
2,495,386,12-23,+0.0%,+0.00%,0.5000,0,✓ Yes,completed
2,495,404,12-23,+0.0%,+0.00%,0.5000,0,✓ Yes,completed
2,495,422,12-23,+0.0%,+0.00%,0.5000,0,✓ Yes,completed
2,495,440,12-23,+0.0%,+0.00%,0.5000,0,✓ Yes,completed
2,495,459,12-23,+0.0%,+0.00%,0.5000,0,✓ Yes,completed
2,495,477,12-23,+0.0%,+0.00%,0.5000,0,✓ Yes,completed
2,495,495,12-23,+0.0%,+0.00%,0.5000,0,✓ Yes,completed
2,513,349,12-23,+0.0%,+0.00%,0.5000,0,✓ Yes,completed
2,513,367,12-23,+0.0%,+0.00%,0.5000,0,✓ Yes,completed
2,513,386,12-23,+0.0%,+0.00%,0.5000,0,✓ Yes,completed
2,513,404,12-23,+0.0%,+0.00%,0.5000,0,✓ Yes,completed
2,513,422,12-23,+0.0%,+0.00%,0.5000,0,✓ Yes,completed
2,513,440,12-23,+0.0%,+0.00%,0.5000,0,✓ Yes,completed
2,513,458,12-23,+0.0%,+0.00%,0.5000,0,✓ Yes,completed
2,513,477,12-23,+0.0%,+0.00%,0.5000,0,✓ Yes,completed
2,513,495,12-23,+0.0%,+0.00%,0.5000,0,✓ Yes,completed
2,513,513,12-23,+0.0%,+0.00%,0.5000,0,✓ Yes,completed
2,531,349,12-23,+0.0%,+0.00%,0.5000,0,✓ Yes,completed
2,531,367,12-23,+0.0%,+0.00%,0.5000,0,✓ Yes,completed
2,531,385,12-23,+0.0%,+0.00%,0.5000,0,✓ Yes,completed
2,531,404,12-23,+0.0%,+0.00%,0.5000,0,✓ Yes,completed
2,531,422,12-23,+0.0%,+0.00%,0.5000,0,✓ Yes,completed
2,531,440,12-23,+0.0%,+0.00%,0.5000,0,✓ Yes,completed
2,531,458,12-23,+0.0%,+0.00%,0.5000,0,✓ Yes,completed
2,531,476,12-23,+0.0%,+0.00%,0.5000,0,✓ Yes,completed
2,531,495,12-23,+0.0%,+0.00%,0.5000,0,✓ Yes,completed
2,531,513,12-23,+0.0%,+0.00%,0.5000,0,✓ Yes,completed
2,531,531,12-23,+0.0%,+0.00%,0.5000,0,✓ Yes,completed
2,549,349,12-23,+0.0%,+0.00%,0.5000,0,✓ Yes,completed
2,549,367,12-23,+0.0%,+0.00%,0.5000,0,✓ Yes,completed
2,549,385,12-23,+0.0%,+0.00%,0.5000,0,✓ Yes,completed
2,549,404,12-23,+0.0%,+0.00%,0.5000,0,✓ Yes,completed
2,549,422,12-23,+0.0%,+0.00%,0.5000,0,✓ Yes,completed
2,549,440,12-23,+0.0%,+0.00%,0.5000,0,✓ Yes,completed
2,549,458,12-23,+0.0%,+0.00%,0.5000,0,✓ Yes,completed
2,549,476,12-23,+0.0%,+0.00%,0.5000,0,✓ Yes,completed
2,549,494,12-23,+0.0%,+0.00%,0.5000,0,✓ Yes,completed
2,549,512,12-23,+0.0%,+0.00%,0.5000,0,✓ Yes,completed
2,549,531,12-23,+0.0%,+0.00%,0.5000,0,✓ Yes,completed
2,549,549,12-23,+0.0%,+0.00%,0.5000,0,✓ Yes,completed
3,424,387,11-09,+25.0%,+74.09%,0.8704,37,✗ No,budget_exceeded
3,424,396,11-09,+25.0%,+72.15%,0.8608,55,✗ No,budget_exceeded
3,424,405,11-09,+25.0%,+68.63%,0.8432,86,✗ No,budget_exceeded
3,424,415,11-09,+25.0%,+65.37%,0.8269,110,✗ No,budget_exceeded
3,424,424,11-09,+25.0%,+62.27%,0.8114,176,✗ No,budget_exceeded
3,432,387,11-09,+25.0%,+70.85%,0.8543,22,✗ No,budget_exceeded
3,432,396,11-09,+25.0%,+69.03%,0.8451,32,✗ No,budget_exceeded
3,432,405,11-09,+25.0%,+66.09%,0.8304,57,✗ No,budget_exceeded
3,432,414,11-09,+25.0%,+63.31%,0.8166,76,✗ No,budget_exceeded
3,432,423,11-09,+25.0%,+60.37%,0.8019,100,✗ No,budget_exceeded
3,432,432,11-09,+25.0%,+56.23%,0.7812,173,✗ No,budget_exceeded
3,440,387,11-09,+25.0%,+67.44%,0.8372,10,✗ No,budget_exceeded
3,440,396,11-09,+25.0%,+65.63%,0.8281,13,✗ No,budget_exceeded
3,440,405,11-09,+25.0%,+62.09%,0.8104,30,✗ No,budget_exceeded
3,440,413,11-09,+25.0%,+60.11%,0.8005,43,✗ No,budget_exceeded
3,440,422,11-09,+25.0%,+57.39%,0.7870,67,✗ No,budget_exceeded
3,440,431,11-09,+25.0%,+41.82%,0.7091,147,✗ No,budget_exceeded
3,440,440,11-09,+25.0%,+28.80%,0.6440,256,✗ No,budget_exceeded
3,448,387,11-09,+25.0%,+65.82%,0.8291,9,✗ No,budget_exceeded
3,448,396,11-09,+25.0%,+63.86%,0.8193,11,✗ No,budget_exceeded
3,448,404,11-09,+25.0%,+59.82%,0.7991,17,✗ No,budget_exceeded
3,448,413,11-09,+25.0%,+58.16%,0.7908,24,✗ No,budget_exceeded
3,448,422,11-09,+25.0%,+54.23%,0.7711,54,✗ No,budget_exceeded
3,448,430,11-09,+25.0%,+31.42%,0.6571,114,✗ No,budget_exceeded
3,448,439,11-09,+24.0%,+1.96%,0.5098,184,✓ Yes,completed
3,448,448,11-09,+19.4%,+1.71%,0.5086,281,✓ Yes,completed
3,456,387,11-09,+25.0%,+60.03%,0.8001,4,✗ No,budget_exceeded
3,456,395,11-09,+25.0%,+59.05%,0.7952,5,✗ No,budget_exceeded
3,456,402,11-09,+25.0%,+56.63%,0.7831,8,✗ No,budget_exceeded
3,456,410,11-09,+25.0%,+54.28%,0.7714,16,✗ No,budget_exceeded
3,456,417,11-09,+25.0%,+35.24%,0.6762,30,✗ No,budget_exceeded
3,456,425,11-09,+24.7%,+1.94%,0.5097,61,✓ Yes,completed
3,456,433,11-09,+22.0%,+1.84%,0.5092,76,✓ Yes,completed
3,456,440,11-09,+18.2%,+1.65%,0.5083,105,✓ Yes,completed
3,456,448,11-09,+14.1%,+1.22%,0.5061,152,✓ Yes,completed
3,456,456,11-09,+11.0%,+0.88%,0.5044,227,✓ Yes,completed
3,464,387,11-09,+25.0%,+56.20%,0.7810,2,✗ No,budget_exceeded
3,464,395,11-09,+25.0%,+54.74%,0.7737,3,✗ No,budget_exceeded
3,464,402,11-09,+25.0%,+31.06%,0.6553,7,✗ No,budget_exceeded
3,464,410,11-09,+25.0%,+26.08%,0.6304,16,✗ No,budget_exceeded
3,464,418,11-09,+22.8%,+1.79%,0.5089,19,✓ Yes,completed
3,464,425,11-09,+20.6%,+1.73%,0.5087,28,✓ Yes,completed
3,464,433,11-09,+18.4%,+1.62%,0.5081,41,✓ Yes,completed
3,464,441,11-09,+14.9%,+1.30%,0.5065,64,✓ Yes,completed
3,464,448,11-09,+10.4%,+0.85%,0.5042,92,✓ Yes,completed
3,464,456,11-09,+7.3%,+0.50%,0.5025,121,✓ Yes,completed
3,464,464,11-09,+5.7%,+0.36%,0.5018,146,✓ Yes,completed
3,472,387,11-09,+25.0%,+27.98%,0.6399,3,✗ No,budget_exceeded
3,472,395,11-09,+24.7%,+1.70%,0.5085,3,✓ Yes,completed
3,472,402,11-09,+20.4%,+1.63%,0.5081,4,✓ Yes,completed
3,472,410,11-09,+19.0%,+1.57%,0.5079,6,✓ Yes,completed
3,472,418,11-09,+18.3%,+1.55%,0.5077,6,✓ Yes,completed
3,472,425,11-09,+16.9%,+1.45%,0.5073,7,✓ Yes,completed
3,472,433,11-09,+15.1%,+1.28%,0.5064,17,✓ Yes,completed
3,472,441,11-09,+11.7%,+0.93%,0.5047,33,✓ Yes,completed
3,472,449,11-09,+7.4%,+0.49%,0.5024,62,✓ Yes,completed
3,472,456,11-09,+4.7%,+0.27%,0.5014,77,✓ Yes,completed
3,472,464,11-09,+3.5%,+0.21%,0.5011,80,✓ Yes,completed
3,472,472,11-09,+2.6%,+0.17%,0.5009,89,✓ Yes,completed
3,480,387,11-09,+25.0%,+27.69%,0.6385,3,✗ No,budget_exceeded
3,480,395,11-09,+24.4%,+1.68%,0.5084,3,✓ Yes,completed
3,480,402,11-09,+19.4%,+1.57%,0.5078,3,✓ Yes,completed
3,480,410,11-09,+17.2%,+1.43%,0.5072,3,✓ Yes,completed
3,480,418,11-09,+17.2%,+1.43%,0.5072,3,✓ Yes,completed
3,480,426,11-09,+16.0%,+1.34%,0.5067,4,✓ Yes,completed
3,480,433,11-09,+11.5%,+0.86%,0.5043,10,✓ Yes,completed
3,480,441,11-09,+8.0%,+0.51%,0.5025,15,✓ Yes,completed
3,480,449,11-09,+4.7%,+0.24%,0.5012,29,✓ Yes,completed
3,480,457,11-09,+2.5%,+0.16%,0.5008,39,✓ Yes,completed
3,480,464,11-09,+1.9%,+0.11%,0.5006,39,✓ Yes,completed
3,480,472,11-09,+1.3%,+0.09%,0.5005,40,✓ Yes,completed
3,480,480,11-09,+0.8%,+0.06%,0.5003,40,✓ Yes,completed
3,488,387,11-09,+23.2%,+1.30%,0.5065,3,✓ Yes,completed
3,488,395,11-09,+20.0%,+1.32%,0.5066,3,✓ Yes,completed
3,488,402,11-09,+14.9%,+1.05%,0.5052,3,✓ Yes,completed
3,488,410,11-09,+12.8%,+0.88%,0.5044,3,✓ Yes,completed
3,488,418,11-09,+12.7%,+0.88%,0.5044,3,✓ Yes,completed
3,488,426,11-09,+11.4%,+0.77%,0.5038,3,✓ Yes,completed
3,488,433,11-09,+4.0%,+0.17%,0.5008,3,✓ Yes,completed
3,488,441,11-09,+2.1%,+0.09%,0.5005,3,✓ Yes,completed
3,488,449,11-09,+0.9%,+0.06%,0.5003,5,✓ Yes,completed
3,488,457,11-09,+0.7%,+0.05%,0.5003,6,✓ Yes,completed
3,488,464,11-09,+0.6%,+0.04%,0.5002,6,✓ Yes,completed
3,488,472,11-09,+0.4%,+0.03%,0.5001,6,✓ Yes,completed
3,488,480,11-09,+0.1%,+0.01%,0.5000,6,✓ Yes,completed
3,488,488,11-09,+0.0%,-0.00%,0.5000,7,✓ Yes,completed
3,496,387,11-09,+0.0%,+0.00%,0.5000,0,✓ Yes,completed
3,496,395,11-09,+0.0%,+0.00%,0.5000,0,✓ Yes,completed
3,496,402,11-09,+0.0%,+0.00%,0.5000,0,✓ Yes,completed
3,496,410,11-09,+0.0%,+0.00%,0.5000,0,✓ Yes,completed
3,496,418,11-09,+0.0%,+0.00%,0.5000,0,✓ Yes,completed
3,496,426,11-09,+0.0%,+0.00%,0.5000,0,✓ Yes,completed
3,496,434,11-09,+0.0%,+0.00%,0.5000,0,✓ Yes,completed
3,496,441,11-09,+0.0%,+0.00%,0.5000,0,✓ Yes,completed
3,496,449,11-09,+0.0%,+0.00%,0.5000,0,✓ Yes,completed
3,496,457,11-09,+0.0%,+0.00%,0.5000,0,✓ Yes,completed
3,496,465,11-09,+0.0%,+0.00%,0.5000,0,✓ Yes,completed
3,496,472,11-09,+0.0%,+0.00%,0.5000,0,✓ Yes,completed
3,496,480,11-09,+0.0%,+0.00%,0.5000,0,✓ Yes,completed
3,496,488,11-09,+0.0%,+0.00%,0.5000,0,✓ Yes,completed
3,496,496,11-09,+0.0%,+0.00%,0.5000,0,✓ Yes,completed
3,424,387,11-12,+25.0%,+74.47%,0.8724,36,✗ No,budget_exceeded
3,424,396,11-12,+25.0%,+72.60%,0.8630,53,✗ No,budget_exceeded
3,424,405,11-12,+25.0%,+69.10%,0.8455,84,✗ No,budget_exceeded
3,424,415,11-12,+25.0%,+65.92%,0.8296,108,✗ No,budget_exceeded
3,424,424,11-12,+25.0%,+62.85%,0.8142,174,✗ No,budget_exceeded
3,432,387,11-12,+25.0%,+71.34%,0.8567,21,✗ No,budget_exceeded
3,432,396,11-12,+25.0%,+69.51%,0.8476,31,✗ No,budget_exceeded
3,432,405,11-12,+25.0%,+66.58%,0.8329,56,✗ No,budget_exceeded
3,432,414,11-12,+25.0%,+63.88%,0.8194,75,✗ No,budget_exceeded
3,432,423,11-12,+25.0%,+60.96%,0.8048,99,✗ No,budget_exceeded
3,432,432,11-12,+25.0%,+56.80%,0.7840,173,✗ No,budget_exceeded
3,440,387,11-12,+25.0%,+68.07%,0.8403,10,✗ No,budget_exceeded
3,440,396,11-12,+25.0%,+66.26%,0.8313,13,✗ No,budget_exceeded
3,440,405,11-12,+25.0%,+62.72%,0.8136,30,✗ No,budget_exceeded
3,440,413,11-12,+25.0%,+60.74%,0.8037,43,✗ No,budget_exceeded
3,440,422,11-12,+25.0%,+58.03%,0.7901,67,✗ No,budget_exceeded
3,440,431,11-12,+25.0%,+42.46%,0.7123,147,✗ No,budget_exceeded
3,440,440,11-12,+25.0%,+29.43%,0.6472,256,✗ No,budget_exceeded
3,448,387,11-12,+25.0%,+66.45%,0.8322,9,✗ No,budget_exceeded
3,448,396,11-12,+25.0%,+64.49%,0.8225,11,✗ No,budget_exceeded
3,448,404,11-12,+25.0%,+60.45%,0.8023,17,✗ No,budget_exceeded
3,448,413,11-12,+25.0%,+58.79%,0.7939,24,✗ No,budget_exceeded
3,448,422,11-12,+25.0%,+54.86%,0.7743,54,✗ No,budget_exceeded
3,448,430,11-12,+25.0%,+32.05%,0.6603,114,✗ No,budget_exceeded
3,448,439,11-12,+24.0%,+2.00%,0.5100,184,✓ Yes,completed
3,448,448,11-12,+19.4%,+1.74%,0.5087,281,✓ Yes,completed
3,456,387,11-12,+25.0%,+60.66%,0.8033,4,✗ No,budget_exceeded
3,456,395,11-12,+25.0%,+59.68%,0.7984,5,✗ No,budget_exceeded
3,456,402,11-12,+25.0%,+57.26%,0.7863,8,✗ No,budget_exceeded
3,456,410,11-12,+25.0%,+54.91%,0.7745,16,✗ No,budget_exceeded
3,456,417,11-12,+25.0%,+35.88%,0.6794,30,✗ No,budget_exceeded
3,456,425,11-12,+24.7%,+1.96%,0.5098,61,✓ Yes,completed
3,456,433,11-12,+22.0%,+1.87%,0.5093,76,✓ Yes,completed
3,456,440,11-12,+18.2%,+1.70%,0.5085,105,✓ Yes,completed
3,456,448,11-12,+14.1%,+1.29%,0.5064,152,✓ Yes,completed
3,456,456,11-12,+11.0%,+0.94%,0.5047,227,✓ Yes,completed
3,464,387,11-12,+25.0%,+56.83%,0.7842,2,✗ No,budget_exceeded
3,464,395,11-12,+25.0%,+55.37%,0.7768,3,✗ No,budget_exceeded
3,464,402,11-12,+25.0%,+31.70%,0.6585,7,✗ No,budget_exceeded
3,464,410,11-12,+25.0%,+26.72%,0.6336,16,✗ No,budget_exceeded
3,464,418,11-12,+22.8%,+1.80%,0.5090,19,✓ Yes,completed
3,464,425,11-12,+20.6%,+1.77%,0.5088,28,✓ Yes,completed
3,464,433,11-12,+18.4%,+1.66%,0.5083,41,✓ Yes,completed
3,464,441,11-12,+14.9%,+1.36%,0.5068,64,✓ Yes,completed
3,464,448,11-12,+10.4%,+0.88%,0.5044,92,✓ Yes,completed
3,464,456,11-12,+7.3%,+0.54%,0.5027,121,✓ Yes,completed
3,464,464,11-12,+5.7%,+0.41%,0.5020,146,✓ Yes,completed
3,472,387,11-12,+25.0%,+28.62%,0.6431,3,✗ No,budget_exceeded
3,472,395,11-12,+24.7%,+1.73%,0.5086,3,✓ Yes,completed
3,472,402,11-12,+20.4%,+1.66%,0.5083,4,✓ Yes,completed
3,472,410,11-12,+19.0%,+1.59%,0.5080,6,✓ Yes,completed
3,472,418,11-12,+18.3%,+1.59%,0.5080,6,✓ Yes,completed
3,472,425,11-12,+16.9%,+1.48%,0.5074,7,✓ Yes,completed
3,472,433,11-12,+15.1%,+1.34%,0.5067,17,✓ Yes,completed
3,472,441,11-12,+11.7%,+0.99%,0.5049,33,✓ Yes,completed
3,472,449,11-12,+7.4%,+0.52%,0.5026,62,✓ Yes,completed
3,472,456,11-12,+4.7%,+0.29%,0.5015,77,✓ Yes,completed
3,472,464,11-12,+3.5%,+0.21%,0.5011,80,✓ Yes,completed
3,472,472,11-12,+2.6%,+0.15%,0.5008,89,✓ Yes,completed
3,480,387,11-12,+25.0%,+28.33%,0.6416,3,✗ No,budget_exceeded
3,480,395,11-12,+24.4%,+1.71%,0.5085,3,✓ Yes,completed
3,480,402,11-12,+19.4%,+1.60%,0.5080,3,✓ Yes,completed
3,480,410,11-12,+17.2%,+1.48%,0.5074,3,✓ Yes,completed
3,480,418,11-12,+17.2%,+1.48%,0.5074,3,✓ Yes,completed
3,480,426,11-12,+16.0%,+1.39%,0.5070,4,✓ Yes,completed
3,480,433,11-12,+11.5%,+0.92%,0.5046,10,✓ Yes,completed
3,480,441,11-12,+8.0%,+0.56%,0.5028,15,✓ Yes,completed
3,480,449,11-12,+4.7%,+0.26%,0.5013,29,✓ Yes,completed
3,480,457,11-12,+2.5%,+0.14%,0.5007,39,✓ Yes,completed
3,480,464,11-12,+1.9%,+0.13%,0.5006,39,✓ Yes,completed
3,480,472,11-12,+1.3%,+0.08%,0.5004,40,✓ Yes,completed
3,480,480,11-12,+0.8%,+0.05%,0.5002,40,✓ Yes,completed
3,488,387,11-12,+23.2%,+1.31%,0.5066,3,✓ Yes,completed
3,488,395,11-12,+20.0%,+1.34%,0.5067,3,✓ Yes,completed
3,488,402,11-12,+14.9%,+1.11%,0.5056,3,✓ Yes,completed
3,488,410,11-12,+12.8%,+0.93%,0.5046,3,✓ Yes,completed
3,488,418,11-12,+12.7%,+0.93%,0.5046,3,✓ Yes,completed
3,488,426,11-12,+11.4%,+0.83%,0.5041,3,✓ Yes,completed
3,488,433,11-12,+4.0%,+0.16%,0.5008,3,✓ Yes,completed
3,488,441,11-12,+2.1%,+0.10%,0.5005,3,✓ Yes,completed
3,488,449,11-12,+0.9%,+0.04%,0.5002,5,✓ Yes,completed
3,488,457,11-12,+0.7%,+0.05%,0.5002,6,✓ Yes,completed
3,488,464,11-12,+0.6%,+0.04%,0.5002,6,✓ Yes,completed
3,488,472,11-12,+0.4%,+0.03%,0.5001,6,✓ Yes,completed
3,488,480,11-12,+0.1%,+0.01%,0.5001,6,✓ Yes,completed
3,488,488,11-12,+0.0%,+0.00%,0.5000,7,✓ Yes,completed
3,496,387,11-12,+0.0%,+0.00%,0.5000,0,✓ Yes,completed
3,496,395,11-12,+0.0%,+0.00%,0.5000,0,✓ Yes,completed
3,496,402,11-12,+0.0%,+0.00%,0.5000,0,✓ Yes,completed
3,496,410,11-12,+0.0%,+0.00%,0.5000,0,✓ Yes,completed
3,496,418,11-12,+0.0%,+0.00%,0.5000,0,✓ Yes,completed
3,496,426,11-12,+0.0%,+0.00%,0.5000,0,✓ Yes,completed
3,496,434,11-12,+0.0%,+0.00%,0.5000,0,✓ Yes,completed
3,496,441,11-12,+0.0%,+0.00%,0.5000,0,✓ Yes,completed
3,496,449,11-12,+0.0%,+0.00%,0.5000,0,✓ Yes,completed
3,496,457,11-12,+0.0%,+0.00%,0.5000,0,✓ Yes,completed
3,496,465,11-12,+0.0%,+0.00%,0.5000,0,✓ Yes,completed
3,496,472,11-12,+0.0%,+0.00%,0.5000,0,✓ Yes,completed
3,496,480,11-12,+0.0%,+0.00%,0.5000,0,✓ Yes,completed
3,496,488,11-12,+0.0%,+0.00%,0.5000,0,✓ Yes,completed
3,496,496,11-12,+0.0%,+0.00%,0.5000,0,✓ Yes,completed
3,424,387,11-15,+25.0%,+74.73%,0.8737,35,✗ No,budget_exceeded
3,424,396,11-15,+25.0%,+72.90%,0.8645,51,✗ No,budget_exceeded
3,424,405,11-15,+25.0%,+69.44%,0.8472,82,✗ No,budget_exceeded
3,424,415,11-15,+25.0%,+66.42%,0.8321,105,✗ No,budget_exceeded
3,424,424,11-15,+25.0%,+63.40%,0.8170,171,✗ No,budget_exceeded
3,432,387,11-15,+25.0%,+71.72%,0.8586,20,✗ No,budget_exceeded
3,432,396,11-15,+25.0%,+69.93%,0.8497,29,✗ No,budget_exceeded
3,432,405,11-15,+25.0%,+67.05%,0.8353,54,✗ No,budget_exceeded
3,432,414,11-15,+25.0%,+64.45%,0.8223,73,✗ No,budget_exceeded
3,432,423,11-15,+25.0%,+61.55%,0.8078,97,✗ No,budget_exceeded
3,432,432,11-15,+25.0%,+57.32%,0.7866,172,✗ No,budget_exceeded
3,440,387,11-15,+25.0%,+68.71%,0.8436,10,✗ No,budget_exceeded
3,440,396,11-15,+25.0%,+66.91%,0.8345,13,✗ No,budget_exceeded
3,440,405,11-15,+25.0%,+63.36%,0.8168,30,✗ No,budget_exceeded
3,440,413,11-15,+25.0%,+61.39%,0.8069,43,✗ No,budget_exceeded
3,440,422,11-15,+25.0%,+58.67%,0.7934,67,✗ No,budget_exceeded
3,440,431,11-15,+25.0%,+43.10%,0.7155,147,✗ No,budget_exceeded
3,440,440,11-15,+25.0%,+30.07%,0.6504,256,✗ No,budget_exceeded
3,448,387,11-15,+25.0%,+67.09%,0.8355,9,✗ No,budget_exceeded
3,448,396,11-15,+25.0%,+65.14%,0.8257,11,✗ No,budget_exceeded
3,448,404,11-15,+25.0%,+61.10%,0.8055,17,✗ No,budget_exceeded
3,448,413,11-15,+25.0%,+59.43%,0.7972,24,✗ No,budget_exceeded
3,448,422,11-15,+25.0%,+55.50%,0.7775,54,✗ No,budget_exceeded
3,448,430,11-15,+25.0%,+32.70%,0.6635,114,✗ No,budget_exceeded
3,448,439,11-15,+24.0%,+2.03%,0.5101,184,✓ Yes,completed
3,448,448,11-15,+19.4%,+1.77%,0.5089,281,✓ Yes,completed
3,456,387,11-15,+25.0%,+61.30%,0.8065,4,✗ No,budget_exceeded
3,456,395,11-15,+25.0%,+60.32%,0.8016,5,✗ No,budget_exceeded
3,456,402,11-15,+25.0%,+57.91%,0.7895,8,✗ No,budget_exceeded
3,456,410,11-15,+25.0%,+55.55%,0.7778,16,✗ No,budget_exceeded
3,456,417,11-15,+25.0%,+36.52%,0.6826,30,✗ No,budget_exceeded
3,456,425,11-15,+24.7%,+1.97%,0.5098,61,✓ Yes,completed
3,456,433,11-15,+22.0%,+1.90%,0.5095,76,✓ Yes,completed
3,456,440,11-15,+18.2%,+1.72%,0.5086,105,✓ Yes,completed
3,456,448,11-15,+14.1%,+1.36%,0.5068,152,✓ Yes,completed
3,456,456,11-15,+11.0%,+1.00%,0.5050,227,✓ Yes,completed
3,464,387,11-15,+25.0%,+57.48%,0.7874,2,✗ No,budget_exceeded
3,464,395,11-15,+25.0%,+56.01%,0.7801,3,✗ No,budget_exceeded
3,464,402,11-15,+25.0%,+32.34%,0.6617,7,✗ No,budget_exceeded
3,464,410,11-15,+25.0%,+27.36%,0.6368,16,✗ No,budget_exceeded
3,464,418,11-15,+22.8%,+1.84%,0.5092,19,✓ Yes,completed
3,464,425,11-15,+20.6%,+1.78%,0.5089,28,✓ Yes,completed
3,464,433,11-15,+18.4%,+1.69%,0.5084,41,✓ Yes,completed
3,464,441,11-15,+14.9%,+1.43%,0.5071,64,✓ Yes,completed
3,464,448,11-15,+10.4%,+0.94%,0.5047,92,✓ Yes,completed
3,464,456,11-15,+7.3%,+0.60%,0.5030,121,✓ Yes,completed
3,464,464,11-15,+5.7%,+0.42%,0.5021,146,✓ Yes,completed
3,472,387,11-15,+25.0%,+29.26%,0.6463,3,✗ No,budget_exceeded
3,472,395,11-15,+24.7%,+1.74%,0.5087,3,✓ Yes,completed
3,472,402,11-15,+20.4%,+1.68%,0.5084,4,✓ Yes,completed
3,472,410,11-15,+19.0%,+1.63%,0.5082,6,✓ Yes,completed
3,472,418,11-15,+18.3%,+1.62%,0.5081,6,✓ Yes,completed
3,472,425,11-15,+16.9%,+1.55%,0.5077,7,✓ Yes,completed
3,472,433,11-15,+15.1%,+1.40%,0.5070,17,✓ Yes,completed
3,472,441,11-15,+11.7%,+1.03%,0.5052,33,✓ Yes,completed
3,472,449,11-15,+7.4%,+0.59%,0.5029,62,✓ Yes,completed
3,472,456,11-15,+4.7%,+0.34%,0.5017,77,✓ Yes,completed
3,472,464,11-15,+3.5%,+0.23%,0.5012,80,✓ Yes,completed
3,472,472,11-15,+2.6%,+0.17%,0.5008,89,✓ Yes,completed
3,480,387,11-15,+25.0%,+28.97%,0.6449,3,✗ No,budget_exceeded
3,480,395,11-15,+24.4%,+1.73%,0.5086,3,✓ Yes,completed
3,480,402,11-15,+19.4%,+1.63%,0.5082,3,✓ Yes,completed
3,480,410,11-15,+17.2%,+1.54%,0.5077,3,✓ Yes,completed
3,480,418,11-15,+17.2%,+1.54%,0.5077,3,✓ Yes,completed
3,480,426,11-15,+16.0%,+1.44%,0.5072,4,✓ Yes,completed
3,480,433,11-15,+11.5%,+0.97%,0.5049,10,✓ Yes,completed
3,480,441,11-15,+8.0%,+0.62%,0.5031,15,✓ Yes,completed
3,480,449,11-15,+4.7%,+0.30%,0.5015,29,✓ Yes,completed
3,480,457,11-15,+2.5%,+0.15%,0.5008,39,✓ Yes,completed
3,480,464,11-15,+1.9%,+0.12%,0.5006,39,✓ Yes,completed
3,480,472,11-15,+1.3%,+0.10%,0.5005,40,✓ Yes,completed
3,480,480,11-15,+0.8%,+0.04%,0.5002,40,✓ Yes,completed
3,488,387,11-15,+23.2%,+1.36%,0.5068,3,✓ Yes,completed
3,488,395,11-15,+20.0%,+1.38%,0.5069,3,✓ Yes,completed
3,488,402,11-15,+14.9%,+1.18%,0.5059,3,✓ Yes,completed
3,488,410,11-15,+12.8%,+0.97%,0.5049,3,✓ Yes,completed
3,488,418,11-15,+12.7%,+0.98%,0.5049,3,✓ Yes,completed
3,488,426,11-15,+11.4%,+0.88%,0.5044,3,✓ Yes,completed
3,488,433,11-15,+4.0%,+0.19%,0.5009,3,✓ Yes,completed
3,488,441,11-15,+2.1%,+0.09%,0.5004,3,✓ Yes,completed
3,488,449,11-15,+0.9%,+0.05%,0.5003,5,✓ Yes,completed
3,488,457,11-15,+0.7%,+0.03%,0.5002,6,✓ Yes,completed
3,488,464,11-15,+0.6%,+0.03%,0.5001,6,✓ Yes,completed
3,488,472,11-15,+0.4%,+0.01%,0.5001,6,✓ Yes,completed
3,488,480,11-15,+0.1%,+0.01%,0.5000,6,✓ Yes,completed
3,488,488,11-15,+0.0%,+0.00%,0.5000,7,✓ Yes,completed
3,496,387,11-15,+0.0%,+0.00%,0.5000,0,✓ Yes,completed
3,496,395,11-15,+0.0%,+0.00%,0.5000,0,✓ Yes,completed
3,496,402,11-15,+0.0%,+0.00%,0.5000,0,✓ Yes,completed
3,496,410,11-15,+0.0%,+0.00%,0.5000,0,✓ Yes,completed
3,496,418,11-15,+0.0%,+0.00%,0.5000,0,✓ Yes,completed
3,496,426,11-15,+0.0%,+0.00%,0.5000,0,✓ Yes,completed
3,496,434,11-15,+0.0%,+0.00%,0.5000,0,✓ Yes,completed
3,496,441,11-15,+0.0%,+0.00%,0.5000,0,✓ Yes,completed
3,496,449,11-15,+0.0%,+0.00%,0.5000,0,✓ Yes,completed
3,496,457,11-15,+0.0%,+0.00%,0.5000,0,✓ Yes,completed
3,496,465,11-15,+0.0%,+0.00%,0.5000,0,✓ Yes,completed
3,496,472,11-15,+0.0%,+0.00%,0.5000,0,✓ Yes,completed
3,496,480,11-15,+0.0%,+0.00%,0.5000,0,✓ Yes,completed
3,496,488,11-15,+0.0%,+0.00%,0.5000,0,✓ Yes,completed
3,496,496,11-15,+0.0%,+0.00%,0.5000,0,✓ Yes,completed
3,424,387,11-18,+25.0%,+75.02%,0.8751,34,✗ No,budget_exceeded
3,424,396,11-18,+25.0%,+73.24%,0.8662,50,✗ No,budget_exceeded
3,424,405,11-18,+25.0%,+69.86%,0.8493,80,✗ No,budget_exceeded
3,424,415,11-18,+25.0%,+66.90%,0.8345,102,✗ No,budget_exceeded
3,424,424,11-18,+25.0%,+63.93%,0.8196,168,✗ No,budget_exceeded
3,432,387,11-18,+25.0%,+72.01%,0.8601,19,✗ No,budget_exceeded
3,432,396,11-18,+25.0%,+70.28%,0.8514,28,✗ No,budget_exceeded
3,432,405,11-18,+25.0%,+67.48%,0.8374,52,✗ No,budget_exceeded
3,432,414,11-18,+25.0%,+64.96%,0.8248,70,✗ No,budget_exceeded
3,432,423,11-18,+25.0%,+62.11%,0.8106,94,✗ No,budget_exceeded
3,432,432,11-18,+25.0%,+57.94%,0.7897,169,✗ No,budget_exceeded
3,440,387,11-18,+25.0%,+69.36%,0.8468,10,✗ No,budget_exceeded
3,440,396,11-18,+25.0%,+67.55%,0.8378,13,✗ No,budget_exceeded
3,440,405,11-18,+25.0%,+64.01%,0.8200,30,✗ No,budget_exceeded
3,440,413,11-18,+25.0%,+62.03%,0.8102,43,✗ No,budget_exceeded
3,440,422,11-18,+25.0%,+59.32%,0.7966,67,✗ No,budget_exceeded
3,440,431,11-18,+25.0%,+43.75%,0.7188,147,✗ No,budget_exceeded
3,440,440,11-18,+25.0%,+30.73%,0.6536,256,✗ No,budget_exceeded
3,448,387,11-18,+25.0%,+67.74%,0.8387,9,✗ No,budget_exceeded
3,448,396,11-18,+25.0%,+65.78%,0.8289,11,✗ No,budget_exceeded
3,448,404,11-18,+25.0%,+61.74%,0.8087,17,✗ No,budget_exceeded
3,448,413,11-18,+25.0%,+60.08%,0.8004,24,✗ No,budget_exceeded
3,448,422,11-18,+25.0%,+56.15%,0.7808,54,✗ No,budget_exceeded
3,448,430,11-18,+25.0%,+33.35%,0.6667,114,✗ No,budget_exceeded
3,448,439,11-18,+24.0%,+2.05%,0.5102,184,✓ Yes,completed
3,448,448,11-18,+19.4%,+1.82%,0.5091,281,✓ Yes,completed
3,456,387,11-18,+25.0%,+61.95%,0.8098,4,✗ No,budget_exceeded
3,456,395,11-18,+25.0%,+60.97%,0.8048,5,✗ No,budget_exceeded
3,456,402,11-18,+25.0%,+58.55%,0.7928,8,✗ No,budget_exceeded
3,456,410,11-18,+25.0%,+56.20%,0.7810,16,✗ No,budget_exceeded
3,456,417,11-18,+25.0%,+37.17%,0.6859,30,✗ No,budget_exceeded
3,456,425,11-18,+24.7%,+1.96%,0.5098,61,✓ Yes,completed
3,456,433,11-18,+22.0%,+1.94%,0.5097,76,✓ Yes,completed
3,456,440,11-18,+18.2%,+1.78%,0.5089,105,✓ Yes,completed
3,456,448,11-18,+14.1%,+1.43%,0.5072,152,✓ Yes,completed
3,456,456,11-18,+11.0%,+1.06%,0.5053,227,✓ Yes,completed
3,464,387,11-18,+25.0%,+58.12%,0.7906,2,✗ No,budget_exceeded
3,464,395,11-18,+25.0%,+56.66%,0.7833,3,✗ No,budget_exceeded
3,464,402,11-18,+25.0%,+32.99%,0.6650,7,✗ No,budget_exceeded
3,464,410,11-18,+25.0%,+28.01%,0.6401,16,✗ No,budget_exceeded
3,464,418,11-18,+22.8%,+1.89%,0.5094,19,✓ Yes,completed
3,464,425,11-18,+20.6%,+1.83%,0.5091,28,✓ Yes,completed
3,464,433,11-18,+18.4%,+1.73%,0.5087,41,✓ Yes,completed
3,464,441,11-18,+14.9%,+1.49%,0.5075,64,✓ Yes,completed
3,464,448,11-18,+10.4%,+1.02%,0.5051,92,✓ Yes,completed
3,464,456,11-18,+7.3%,+0.67%,0.5034,121,✓ Yes,completed
3,464,464,11-18,+5.7%,+0.47%,0.5024,146,✓ Yes,completed
3,472,387,11-18,+25.0%,+29.91%,0.6496,3,✗ No,budget_exceeded
3,472,395,11-18,+24.7%,+1.72%,0.5086,3,✓ Yes,completed
3,472,402,11-18,+20.4%,+1.72%,0.5086,4,✓ Yes,completed
3,472,410,11-18,+19.0%,+1.68%,0.5084,6,✓ Yes,completed
3,472,418,11-18,+18.3%,+1.67%,0.5083,6,✓ Yes,completed
3,472,425,11-18,+16.9%,+1.61%,0.5081,7,✓ Yes,completed
3,472,433,11-18,+15.1%,+1.46%,0.5073,17,✓ Yes,completed
3,472,441,11-18,+11.7%,+1.10%,0.5055,33,✓ Yes,completed
3,472,449,11-18,+7.4%,+0.65%,0.5033,62,✓ Yes,completed
3,472,456,11-18,+4.7%,+0.39%,0.5019,77,✓ Yes,completed
3,472,464,11-18,+3.5%,+0.26%,0.5013,80,✓ Yes,completed
3,472,472,11-18,+2.6%,+0.18%,0.5009,89,✓ Yes,completed
3,480,387,11-18,+25.0%,+29.62%,0.6481,3,✗ No,budget_exceeded
3,480,395,11-18,+24.4%,+1.73%,0.5086,3,✓ Yes,completed
3,480,402,11-18,+19.4%,+1.68%,0.5084,3,✓ Yes,completed
3,480,410,11-18,+17.2%,+1.59%,0.5079,3,✓ Yes,completed
3,480,418,11-18,+17.2%,+1.59%,0.5080,3,✓ Yes,completed
3,480,426,11-18,+16.0%,+1.51%,0.5076,4,✓ Yes,completed
3,480,433,11-18,+11.5%,+1.04%,0.5052,10,✓ Yes,completed
3,480,441,11-18,+8.0%,+0.70%,0.5035,15,✓ Yes,completed
3,480,449,11-18,+4.7%,+0.35%,0.5018,29,✓ Yes,completed
3,480,457,11-18,+2.5%,+0.16%,0.5008,39,✓ Yes,completed
3,480,464,11-18,+1.9%,+0.14%,0.5007,39,✓ Yes,completed
3,480,472,11-18,+1.3%,+0.10%,0.5005,40,✓ Yes,completed
3,480,480,11-18,+0.8%,+0.06%,0.5003,40,✓ Yes,completed
3,488,387,11-18,+23.2%,+1.41%,0.5070,3,✓ Yes,completed
3,488,395,11-18,+20.0%,+1.40%,0.5070,3,✓ Yes,completed
3,488,402,11-18,+14.9%,+1.25%,0.5062,3,✓ Yes,completed
3,488,410,11-18,+12.8%,+1.06%,0.5053,3,✓ Yes,completed
3,488,418,11-18,+12.7%,+1.06%,0.5053,3,✓ Yes,completed
3,488,426,11-18,+11.4%,+0.95%,0.5047,3,✓ Yes,completed
3,488,433,11-18,+4.0%,+0.24%,0.5012,3,✓ Yes,completed
3,488,441,11-18,+2.1%,+0.11%,0.5006,3,✓ Yes,completed
3,488,449,11-18,+0.9%,+0.07%,0.5003,5,✓ Yes,completed
3,488,457,11-18,+0.7%,+0.06%,0.5003,6,✓ Yes,completed
3,488,464,11-18,+0.6%,+0.06%,0.5003,6,✓ Yes,completed
3,488,472,11-18,+0.4%,+0.04%,0.5002,6,✓ Yes,completed
3,488,480,11-18,+0.1%,+0.01%,0.5001,6,✓ Yes,completed
3,488,488,11-18,+0.0%,+0.00%,0.5000,7,✓ Yes,completed
3,496,387,11-18,+0.0%,+0.00%,0.5000,0,✓ Yes,completed
3,496,395,11-18,+0.0%,+0.00%,0.5000,0,✓ Yes,completed
3,496,402,11-18,+0.0%,+0.00%,0.5000,0,✓ Yes,completed
3,496,410,11-18,+0.0%,+0.00%,0.5000,0,✓ Yes,completed
3,496,418,11-18,+0.0%,+0.00%,0.5000,0,✓ Yes,completed
3,496,426,11-18,+0.0%,+0.00%,0.5000,0,✓ Yes,completed
3,496,434,11-18,+0.0%,+0.00%,0.5000,0,✓ Yes,completed
3,496,441,11-18,+0.0%,+0.00%,0.5000,0,✓ Yes,completed
3,496,449,11-18,+0.0%,+0.00%,0.5000,0,✓ Yes,completed
3,496,457,11-18,+0.0%,+0.00%,0.5000,0,✓ Yes,completed
3,496,465,11-18,+0.0%,+0.00%,0.5000,0,✓ Yes,completed
3,496,472,11-18,+0.0%,+0.00%,0.5000,0,✓ Yes,completed
3,496,480,11-18,+0.0%,+0.00%,0.5000,0,✓ Yes,completed
3,496,488,11-18,+0.0%,+0.00%,0.5000,0,✓ Yes,completed
3,496,496,11-18,+0.0%,+0.00%,0.5000,0,✓ Yes,completed
3,424,387,11-21,+25.0%,+75.07%,0.8754,33,✗ No,budget_exceeded
3,424,396,11-21,+25.0%,+73.36%,0.8668,48,✗ No,budget_exceeded
3,424,405,11-21,+25.0%,+70.06%,0.8503,77,✗ No,budget_exceeded
3,424,415,11-21,+25.0%,+67.20%,0.8360,99,✗ No,budget_exceeded
3,424,424,11-21,+25.0%,+64.36%,0.8218,162,✗ No,budget_exceeded
3,432,387,11-21,+25.0%,+72.29%,0.8614,18,✗ No,budget_exceeded
3,432,396,11-21,+25.0%,+70.57%,0.8528,27,✗ No,budget_exceeded
3,432,405,11-21,+25.0%,+67.84%,0.8392,50,✗ No,budget_exceeded
3,432,414,11-21,+25.0%,+65.40%,0.8270,68,✗ No,budget_exceeded
3,432,423,11-21,+25.0%,+62.65%,0.8132,91,✗ No,budget_exceeded
3,432,432,11-21,+25.0%,+58.38%,0.7919,168,✗ No,budget_exceeded
3,440,387,11-21,+25.0%,+70.00%,0.8500,10,✗ No,budget_exceeded
3,440,396,11-21,+25.0%,+68.20%,0.8410,13,✗ No,budget_exceeded
3,440,405,11-21,+25.0%,+64.65%,0.8233,30,✗ No,budget_exceeded
3,440,413,11-21,+25.0%,+62.68%,0.8134,43,✗ No,budget_exceeded
3,440,422,11-21,+25.0%,+59.96%,0.7998,67,✗ No,budget_exceeded
3,440,431,11-21,+25.0%,+44.39%,0.7219,147,✗ No,budget_exceeded
3,440,440,11-21,+25.0%,+31.36%,0.6568,256,✗ No,budget_exceeded
3,448,387,11-21,+25.0%,+68.38%,0.8419,9,✗ No,budget_exceeded
3,448,396,11-21,+25.0%,+66.43%,0.8321,11,✗ No,budget_exceeded
3,448,404,11-21,+25.0%,+62.38%,0.8119,17,✗ No,budget_exceeded
3,448,413,11-21,+25.0%,+60.72%,0.8036,24,✗ No,budget_exceeded
3,448,422,11-21,+25.0%,+56.79%,0.7840,54,✗ No,budget_exceeded
3,448,430,11-21,+25.0%,+33.98%,0.6699,114,✗ No,budget_exceeded
3,448,439,11-21,+24.1%,+2.00%,0.5100,186,✓ Yes,completed
3,448,448,11-21,+19.4%,+1.82%,0.5091,281,✓ Yes,completed
3,456,387,11-21,+25.0%,+62.59%,0.8130,4,✗ No,budget_exceeded
3,456,395,11-21,+25.0%,+61.61%,0.8081,5,✗ No,budget_exceeded
3,456,402,11-21,+25.0%,+59.19%,0.7960,8,✗ No,budget_exceeded
3,456,410,11-21,+25.0%,+56.84%,0.7842,16,✗ No,budget_exceeded
3,456,417,11-21,+25.0%,+37.81%,0.6890,30,✗ No,budget_exceeded
3,456,425,11-21,+24.7%,+1.92%,0.5096,61,✓ Yes,completed
3,456,433,11-21,+22.0%,+1.96%,0.5098,76,✓ Yes,completed
3,456,440,11-21,+18.2%,+1.79%,0.5089,105,✓ Yes,completed
3,456,448,11-21,+14.1%,+1.47%,0.5074,152,✓ Yes,completed
3,456,456,11-21,+11.0%,+1.09%,0.5054,227,✓ Yes,completed
3,464,387,11-21,+25.0%,+58.77%,0.7938,2,✗ No,budget_exceeded
3,464,395,11-21,+25.0%,+57.30%,0.7865,3,✗ No,budget_exceeded
3,464,402,11-21,+25.0%,+33.63%,0.6681,7,✗ No,budget_exceeded
3,464,410,11-21,+25.0%,+28.65%,0.6432,16,✗ No,budget_exceeded
3,464,418,11-21,+22.8%,+1.90%,0.5095,19,✓ Yes,completed
3,464,425,11-21,+20.6%,+1.84%,0.5092,28,✓ Yes,completed
3,464,433,11-21,+18.4%,+1.75%,0.5088,41,✓ Yes,completed
3,464,441,11-21,+14.9%,+1.52%,0.5076,64,✓ Yes,completed
3,464,448,11-21,+10.4%,+1.05%,0.5052,92,✓ Yes,completed
3,464,456,11-21,+7.3%,+0.72%,0.5036,121,✓ Yes,completed
3,464,464,11-21,+5.7%,+0.50%,0.5025,146,✓ Yes,completed
3,472,387,11-21,+25.0%,+30.54%,0.6527,3,✗ No,budget_exceeded
3,472,395,11-21,+24.7%,+1.69%,0.5084,3,✓ Yes,completed
3,472,402,11-21,+20.4%,+1.74%,0.5087,4,✓ Yes,completed
3,472,410,11-21,+19.0%,+1.69%,0.5084,6,✓ Yes,completed
3,472,418,11-21,+18.3%,+1.68%,0.5084,6,✓ Yes,completed
3,472,425,11-21,+16.9%,+1.62%,0.5081,7,✓ Yes,completed
3,472,433,11-21,+15.1%,+1.49%,0.5075,17,✓ Yes,completed
3,472,441,11-21,+11.7%,+1.12%,0.5056,33,✓ Yes,completed
3,472,449,11-21,+7.4%,+0.70%,0.5035,62,✓ Yes,completed
3,472,456,11-21,+4.7%,+0.38%,0.5019,77,✓ Yes,completed
3,472,464,11-21,+3.5%,+0.30%,0.5015,80,✓ Yes,completed
3,472,472,11-21,+2.6%,+0.19%,0.5009,89,✓ Yes,completed
3,480,387,11-21,+25.0%,+30.26%,0.6513,3,✗ No,budget_exceeded
3,480,395,11-21,+24.4%,+1.69%,0.5084,3,✓ Yes,completed
3,480,402,11-21,+19.4%,+1.68%,0.5084,3,✓ Yes,completed
3,480,410,11-21,+17.2%,+1.61%,0.5080,3,✓ Yes,completed
3,480,418,11-21,+17.2%,+1.61%,0.5080,3,✓ Yes,completed
3,480,426,11-21,+16.0%,+1.55%,0.5078,4,✓ Yes,completed
3,480,433,11-21,+11.5%,+1.07%,0.5053,10,✓ Yes,completed
3,480,441,11-21,+8.0%,+0.72%,0.5036,15,✓ Yes,completed
3,480,449,11-21,+4.7%,+0.35%,0.5017,29,✓ Yes,completed
3,480,457,11-21,+2.5%,+0.17%,0.5009,39,✓ Yes,completed
3,480,464,11-21,+1.9%,+0.12%,0.5006,39,✓ Yes,completed
3,480,472,11-21,+1.3%,+0.09%,0.5005,40,✓ Yes,completed
3,480,480,11-21,+0.8%,+0.04%,0.5002,40,✓ Yes,completed
3,488,387,11-21,+23.2%,+1.40%,0.5070,3,✓ Yes,completed
3,488,395,11-21,+20.0%,+1.42%,0.5071,3,✓ Yes,completed
3,488,402,11-21,+14.9%,+1.27%,0.5063,3,✓ Yes,completed
3,488,410,11-21,+12.8%,+1.11%,0.5056,3,✓ Yes,completed
3,488,418,11-21,+12.7%,+1.11%,0.5056,3,✓ Yes,completed
3,488,426,11-21,+11.4%,+0.97%,0.5049,3,✓ Yes,completed
3,488,433,11-21,+4.0%,+0.26%,0.5013,3,✓ Yes,completed
3,488,441,11-21,+2.1%,+0.10%,0.5005,3,✓ Yes,completed
3,488,449,11-21,+0.9%,+0.05%,0.5002,5,✓ Yes,completed
3,488,457,11-21,+0.7%,+0.03%,0.5002,6,✓ Yes,completed
3,488,464,11-21,+0.6%,+0.03%,0.5001,6,✓ Yes,completed
3,488,472,11-21,+0.4%,+0.02%,0.5001,6,✓ Yes,completed
3,488,480,11-21,+0.1%,+0.01%,0.5000,6,✓ Yes,completed
3,488,488,11-21,+0.0%,-0.00%,0.5000,7,✓ Yes,completed
3,496,387,11-21,+0.0%,+0.00%,0.5000,0,✓ Yes,completed
3,496,395,11-21,+0.0%,+0.00%,0.5000,0,✓ Yes,completed
3,496,402,11-21,+0.0%,+0.00%,0.5000,0,✓ Yes,completed
3,496,410,11-21,+0.0%,+0.00%,0.5000,0,✓ Yes,completed
3,496,418,11-21,+0.0%,+0.00%,0.5000,0,✓ Yes,completed
3,496,426,11-21,+0.0%,+0.00%,0.5000,0,✓ Yes,completed
3,496,434,11-21,+0.0%,+0.00%,0.5000,0,✓ Yes,completed
3,496,441,11-21,+0.0%,+0.00%,0.5000,0,✓ Yes,completed
3,496,449,11-21,+0.0%,+0.00%,0.5000,0,✓ Yes,completed
3,496,457,11-21,+0.0%,+0.00%,0.5000,0,✓ Yes,completed
3,496,465,11-21,+0.0%,+0.00%,0.5000,0,✓ Yes,completed
3,496,472,11-21,+0.0%,+0.00%,0.5000,0,✓ Yes,completed
3,496,480,11-21,+0.0%,+0.00%,0.5000,0,✓ Yes,completed
3,496,488,11-21,+0.0%,+0.00%,0.5000,0,✓ Yes,completed
3,496,496,11-21,+0.0%,+0.00%,0.5000,0,✓ Yes,completed
3,424,387,11-24,+25.0%,+75.13%,0.8757,32,✗ No,budget_exceeded
3,424,396,11-24,+25.0%,+73.43%,0.8671,47,✗ No,budget_exceeded
3,424,405,11-24,+25.0%,+70.22%,0.8511,74,✗ No,budget_exceeded
3,424,415,11-24,+25.0%,+67.57%,0.8378,96,✗ No,budget_exceeded
3,424,424,11-24,+25.0%,+64.77%,0.8239,159,✗ No,budget_exceeded
3,432,387,11-24,+25.0%,+72.56%,0.8628,17,✗ No,budget_exceeded
3,432,396,11-24,+25.0%,+70.85%,0.8542,26,✗ No,budget_exceeded
3,432,405,11-24,+25.0%,+68.13%,0.8406,49,✗ No,budget_exceeded
3,432,414,11-24,+25.0%,+65.82%,0.8291,66,✗ No,budget_exceeded
3,432,423,11-24,+25.0%,+63.11%,0.8155,89,✗ No,budget_exceeded
3,432,432,11-24,+25.0%,+58.72%,0.7936,169,✗ No,budget_exceeded
3,440,387,11-24,+25.0%,+70.27%,0.8514,9,✗ No,budget_exceeded
3,440,396,11-24,+25.0%,+68.48%,0.8424,12,✗ No,budget_exceeded
3,440,405,11-24,+25.0%,+64.94%,0.8247,29,✗ No,budget_exceeded
3,440,413,11-24,+25.0%,+63.10%,0.8155,41,✗ No,budget_exceeded
3,440,422,11-24,+25.0%,+60.18%,0.8009,67,✗ No,budget_exceeded
3,440,431,11-24,+25.0%,+43.11%,0.7155,147,✗ No,budget_exceeded
3,440,440,11-24,+25.0%,+31.85%,0.6593,254,✗ No,budget_exceeded
3,448,387,11-24,+25.0%,+68.66%,0.8433,8,✗ No,budget_exceeded
3,448,396,11-24,+25.0%,+66.72%,0.8336,10,✗ No,budget_exceeded
3,448,404,11-24,+25.0%,+62.68%,0.8134,16,✗ No,budget_exceeded
3,448,413,11-24,+25.0%,+60.95%,0.8048,25,✗ No,budget_exceeded
3,448,422,11-24,+25.0%,+57.30%,0.7865,53,✗ No,budget_exceeded
3,448,430,11-24,+25.0%,+34.19%,0.6709,116,✗ No,budget_exceeded
3,448,439,11-24,+23.9%,+2.01%,0.5100,185,✓ Yes,completed
3,448,448,11-24,+19.3%,+1.86%,0.5093,278,✓ Yes,completed
3,456,387,11-24,+25.0%,+63.25%,0.8163,4,✗ No,budget_exceeded
3,456,395,11-24,+25.0%,+62.27%,0.8114,5,✗ No,budget_exceeded
3,456,402,11-24,+25.0%,+59.85%,0.7993,8,✗ No,budget_exceeded
3,456,410,11-24,+25.0%,+57.50%,0.7875,16,✗ No,budget_exceeded
3,456,417,11-24,+25.0%,+38.46%,0.6923,30,✗ No,budget_exceeded
3,456,425,11-24,+24.7%,+1.92%,0.5096,61,✓ Yes,completed
3,456,433,11-24,+22.0%,+2.00%,0.5100,76,✓ Yes,completed
3,456,440,11-24,+18.2%,+1.83%,0.5092,105,✓ Yes,completed
3,456,448,11-24,+14.1%,+1.53%,0.5076,152,✓ Yes,completed
3,456,456,11-24,+11.0%,+1.14%,0.5057,227,✓ Yes,completed
3,464,387,11-24,+25.0%,+59.42%,0.7971,2,✗ No,budget_exceeded
3,464,395,11-24,+25.0%,+57.96%,0.7898,3,✗ No,budget_exceeded
3,464,402,11-24,+25.0%,+34.28%,0.6714,7,✗ No,budget_exceeded
3,464,410,11-24,+25.0%,+29.30%,0.6465,16,✗ No,budget_exceeded
3,464,418,11-24,+22.8%,+1.92%,0.5096,19,✓ Yes,completed
3,464,425,11-24,+20.6%,+1.88%,0.5094,28,✓ Yes,completed
3,464,433,11-24,+18.4%,+1.79%,0.5090,41,✓ Yes,completed
3,464,441,11-24,+14.9%,+1.59%,0.5080,64,✓ Yes,completed
3,464,448,11-24,+10.4%,+1.11%,0.5055,92,✓ Yes,completed
3,464,456,11-24,+7.3%,+0.78%,0.5039,121,✓ Yes,completed
3,464,464,11-24,+5.7%,+0.58%,0.5029,146,✓ Yes,completed
3,472,387,11-24,+25.0%,+31.20%,0.6560,3,✗ No,budget_exceeded
3,472,395,11-24,+24.7%,+1.69%,0.5085,3,✓ Yes,completed
3,472,402,11-24,+20.4%,+1.77%,0.5088,4,✓ Yes,completed
3,472,410,11-24,+19.0%,+1.71%,0.5086,6,✓ Yes,completed
3,472,418,11-24,+18.3%,+1.72%,0.5086,6,✓ Yes,completed
3,472,425,11-24,+16.9%,+1.67%,0.5084,7,✓ Yes,completed
3,472,433,11-24,+15.1%,+1.57%,0.5078,17,✓ Yes,completed
3,472,441,11-24,+11.7%,+1.22%,0.5061,33,✓ Yes,completed
3,472,449,11-24,+7.4%,+0.76%,0.5038,62,✓ Yes,completed
3,472,456,11-24,+4.7%,+0.44%,0.5022,77,✓ Yes,completed
3,472,464,11-24,+3.5%,+0.34%,0.5017,80,✓ Yes,completed
3,472,472,11-24,+2.6%,+0.24%,0.5012,89,✓ Yes,completed
3,480,387,11-24,+25.0%,+30.91%,0.6546,3,✗ No,budget_exceeded
3,480,395,11-24,+24.4%,+1.68%,0.5084,3,✓ Yes,completed
3,480,402,11-24,+19.4%,+1.73%,0.5086,3,✓ Yes,completed
3,480,410,11-24,+17.2%,+1.65%,0.5083,3,✓ Yes,completed
3,480,418,11-24,+17.2%,+1.65%,0.5083,3,✓ Yes,completed
3,480,426,11-24,+16.0%,+1.60%,0.5080,4,✓ Yes,completed
3,480,433,11-24,+11.5%,+1.15%,0.5058,10,✓ Yes,completed
3,480,441,11-24,+8.0%,+0.78%,0.5039,15,✓ Yes,completed
3,480,449,11-24,+4.7%,+0.41%,0.5020,29,✓ Yes,completed
3,480,457,11-24,+2.5%,+0.22%,0.5011,39,✓ Yes,completed
3,480,464,11-24,+1.9%,+0.16%,0.5008,39,✓ Yes,completed
3,480,472,11-24,+1.3%,+0.10%,0.5005,40,✓ Yes,completed
3,480,480,11-24,+0.8%,+0.06%,0.5003,40,✓ Yes,completed
3,488,387,11-24,+23.2%,+1.40%,0.5070,3,✓ Yes,completed
3,488,395,11-24,+20.0%,+1.46%,0.5073,3,✓ Yes,completed
3,488,402,11-24,+14.9%,+1.34%,0.5067,3,✓ Yes,completed
3,488,410,11-24,+12.8%,+1.19%,0.5059,3,✓ Yes,completed
3,488,418,11-24,+12.7%,+1.19%,0.5059,3,✓ Yes,completed
3,488,426,11-24,+11.4%,+1.06%,0.5053,3,✓ Yes,completed
3,488,433,11-24,+4.0%,+0.29%,0.5014,3,✓ Yes,completed
3,488,441,11-24,+2.1%,+0.14%,0.5007,3,✓ Yes,completed
3,488,449,11-24,+0.9%,+0.06%,0.5003,5,✓ Yes,completed
3,488,457,11-24,+0.7%,+0.06%,0.5003,6,✓ Yes,completed
3,488,464,11-24,+0.6%,+0.06%,0.5003,6,✓ Yes,completed
3,488,472,11-24,+0.4%,+0.04%,0.5002,6,✓ Yes,completed
3,488,480,11-24,+0.1%,+0.01%,0.5001,6,✓ Yes,completed
3,488,488,11-24,+0.0%,+0.00%,0.5000,7,✓ Yes,completed
3,496,387,11-24,+0.0%,+0.00%,0.5000,0,✓ Yes,completed
3,496,395,11-24,+0.0%,+0.00%,0.5000,0,✓ Yes,completed
3,496,402,11-24,+0.0%,+0.00%,0.5000,0,✓ Yes,completed
3,496,410,11-24,+0.0%,+0.00%,0.5000,0,✓ Yes,completed
3,496,418,11-24,+0.0%,+0.00%,0.5000,0,✓ Yes,completed
3,496,426,11-24,+0.0%,+0.00%,0.5000,0,✓ Yes,completed
3,496,434,11-24,+0.0%,+0.00%,0.5000,0,✓ Yes,completed
3,496,441,11-24,+0.0%,+0.00%,0.5000,0,✓ Yes,completed
3,496,449,11-24,+0.0%,+0.00%,0.5000,0,✓ Yes,completed
3,496,457,11-24,+0.0%,+0.00%,0.5000,0,✓ Yes,completed
3,496,465,11-24,+0.0%,+0.00%,0.5000,0,✓ Yes,completed
3,496,472,11-24,+0.0%,+0.00%,0.5000,0,✓ Yes,completed
3,496,480,11-24,+0.0%,+0.00%,0.5000,0,✓ Yes,completed
3,496,488,11-24,+0.0%,+0.00%,0.5000,0,✓ Yes,completed
3,496,496,11-24,+0.0%,+0.00%,0.5000,0,✓ Yes,completed
3,424,387,11-25,+25.0%,+75.34%,0.8767,32,✗ No,budget_exceeded
3,424,396,11-25,+25.0%,+73.64%,0.8682,47,✗ No,budget_exceeded
3,424,405,11-25,+25.0%,+70.43%,0.8522,74,✗ No,budget_exceeded
3,424,415,11-25,+25.0%,+67.78%,0.8389,96,✗ No,budget_exceeded
3,424,424,11-25,+25.0%,+64.98%,0.8249,159,✗ No,budget_exceeded
3,432,387,11-25,+25.0%,+72.77%,0.8638,17,✗ No,budget_exceeded
3,432,396,11-25,+25.0%,+71.06%,0.8553,26,✗ No,budget_exceeded
3,432,405,11-25,+25.0%,+68.33%,0.8417,49,✗ No,budget_exceeded
3,432,414,11-25,+25.0%,+66.03%,0.8302,66,✗ No,budget_exceeded
3,432,423,11-25,+25.0%,+63.31%,0.8166,89,✗ No,budget_exceeded
3,432,432,11-25,+25.0%,+58.92%,0.7946,169,✗ No,budget_exceeded
3,440,387,11-25,+25.0%,+70.48%,0.8524,9,✗ No,budget_exceeded
3,440,396,11-25,+25.0%,+68.68%,0.8434,12,✗ No,budget_exceeded
3,440,405,11-25,+25.0%,+65.15%,0.8258,29,✗ No,budget_exceeded
3,440,413,11-25,+25.0%,+63.31%,0.8165,41,✗ No,budget_exceeded
3,440,422,11-25,+25.0%,+60.39%,0.8019,67,✗ No,budget_exceeded
3,440,431,11-25,+25.0%,+43.32%,0.7166,147,✗ No,budget_exceeded
3,440,440,11-25,+25.0%,+32.06%,0.6603,254,✗ No,budget_exceeded
3,448,387,11-25,+25.0%,+68.87%,0.8444,8,✗ No,budget_exceeded
3,448,396,11-25,+25.0%,+66.92%,0.8346,10,✗ No,budget_exceeded
3,448,404,11-25,+25.0%,+62.89%,0.8145,16,✗ No,budget_exceeded
3,448,413,11-25,+25.0%,+61.16%,0.8058,25,✗ No,budget_exceeded
3,448,422,11-25,+25.0%,+57.51%,0.7876,53,✗ No,budget_exceeded
3,448,430,11-25,+25.0%,+34.40%,0.6720,116,✗ No,budget_exceeded
3,448,439,11-25,+23.9%,+2.00%,0.5100,185,✓ Yes,completed
3,448,448,11-25,+19.3%,+1.88%,0.5094,278,✓ Yes,completed
3,456,387,11-25,+25.0%,+63.46%,0.8173,4,✗ No,budget_exceeded
3,456,395,11-25,+25.0%,+62.48%,0.8124,5,✗ No,budget_exceeded
3,456,402,11-25,+25.0%,+60.06%,0.8003,8,✗ No,budget_exceeded
3,456,410,11-25,+25.0%,+57.71%,0.7885,16,✗ No,budget_exceeded
3,456,417,11-25,+25.0%,+38.67%,0.6934,30,✗ No,budget_exceeded
3,456,425,11-25,+24.7%,+1.91%,0.5096,61,✓ Yes,completed
3,456,433,11-25,+22.0%,+2.01%,0.5100,76,✓ Yes,completed
3,456,440,11-25,+18.2%,+1.84%,0.5092,105,✓ Yes,completed
3,456,448,11-25,+14.1%,+1.54%,0.5077,152,✓ Yes,completed
3,456,456,11-25,+11.0%,+1.17%,0.5058,227,✓ Yes,completed
3,464,387,11-25,+25.0%,+59.63%,0.7982,2,✗ No,budget_exceeded
3,464,395,11-25,+25.0%,+58.17%,0.7908,3,✗ No,budget_exceeded
3,464,402,11-25,+25.0%,+34.49%,0.6725,7,✗ No,budget_exceeded
3,464,410,11-25,+25.0%,+29.51%,0.6476,16,✗ No,budget_exceeded
3,464,418,11-25,+22.8%,+1.91%,0.5096,19,✓ Yes,completed
3,464,425,11-25,+20.6%,+1.89%,0.5095,28,✓ Yes,completed
3,464,433,11-25,+18.4%,+1.79%,0.5090,41,✓ Yes,completed
3,464,441,11-25,+14.9%,+1.61%,0.5080,64,✓ Yes,completed
3,464,448,11-25,+10.4%,+1.12%,0.5056,92,✓ Yes,completed
3,464,456,11-25,+7.3%,+0.79%,0.5039,121,✓ Yes,completed
3,464,464,11-25,+5.7%,+0.59%,0.5030,146,✓ Yes,completed
3,472,387,11-25,+25.0%,+31.41%,0.6570,3,✗ No,budget_exceeded
3,472,395,11-25,+24.7%,+1.68%,0.5084,3,✓ Yes,completed
3,472,402,11-25,+20.4%,+1.78%,0.5089,4,✓ Yes,completed
3,472,410,11-25,+19.0%,+1.72%,0.5086,6,✓ Yes,completed
3,472,418,11-25,+18.3%,+1.73%,0.5086,6,✓ Yes,completed
3,472,425,11-25,+16.9%,+1.68%,0.5084,7,✓ Yes,completed
3,472,433,11-25,+15.1%,+1.58%,0.5079,17,✓ Yes,completed
3,472,441,11-25,+11.7%,+1.24%,0.5062,33,✓ Yes,completed
3,472,449,11-25,+7.4%,+0.77%,0.5038,62,✓ Yes,completed
3,472,456,11-25,+4.7%,+0.45%,0.5023,77,✓ Yes,completed
3,472,464,11-25,+3.5%,+0.34%,0.5017,80,✓ Yes,completed
3,472,472,11-25,+2.6%,+0.26%,0.5013,89,✓ Yes,completed
3,480,387,11-25,+25.0%,+31.12%,0.6556,3,✗ No,budget_exceeded
3,480,395,11-25,+24.4%,+1.68%,0.5084,3,✓ Yes,completed
3,480,402,11-25,+19.4%,+1.74%,0.5087,3,✓ Yes,completed
3,480,410,11-25,+17.2%,+1.66%,0.5083,3,✓ Yes,completed
3,480,418,11-25,+17.2%,+1.66%,0.5083,3,✓ Yes,completed
3,480,426,11-25,+16.0%,+1.61%,0.5080,4,✓ Yes,completed
3,480,433,11-25,+11.5%,+1.17%,0.5059,10,✓ Yes,completed
3,480,441,11-25,+8.0%,+0.80%,0.5040,15,✓ Yes,completed
3,480,449,11-25,+4.7%,+0.42%,0.5021,29,✓ Yes,completed
3,480,457,11-25,+2.5%,+0.23%,0.5012,39,✓ Yes,completed
3,480,464,11-25,+1.9%,+0.16%,0.5008,39,✓ Yes,completed
3,480,472,11-25,+1.3%,+0.11%,0.5006,40,✓ Yes,completed
3,480,480,11-25,+0.8%,+0.05%,0.5003,40,✓ Yes,completed
3,488,387,11-25,+23.2%,+1.39%,0.5069,3,✓ Yes,completed
3,488,395,11-25,+20.0%,+1.46%,0.5073,3,✓ Yes,completed
3,488,402,11-25,+14.9%,+1.36%,0.5068,3,✓ Yes,completed
3,488,410,11-25,+12.8%,+1.21%,0.5060,3,✓ Yes,completed
3,488,418,11-25,+12.7%,+1.21%,0.5060,3,✓ Yes,completed
3,488,426,11-25,+11.4%,+1.08%,0.5054,3,✓ Yes,completed
3,488,433,11-25,+4.0%,+0.30%,0.5015,3,✓ Yes,completed
3,488,441,11-25,+2.1%,+0.15%,0.5007,3,✓ Yes,completed
3,488,449,11-25,+0.9%,+0.05%,0.5003,5,✓ Yes,completed
3,488,457,11-25,+0.7%,+0.05%,0.5002,6,✓ Yes,completed
3,488,464,11-25,+0.6%,+0.05%,0.5002,6,✓ Yes,completed
3,488,472,11-25,+0.4%,+0.04%,0.5002,6,✓ Yes,completed
3,488,480,11-25,+0.1%,+0.02%,0.5001,6,✓ Yes,completed
3,488,488,11-25,+0.0%,+0.00%,0.5000,7,✓ Yes,completed
3,496,387,11-25,+0.0%,+0.00%,0.5000,0,✓ Yes,completed
3,496,395,11-25,+0.0%,+0.00%,0.5000,0,✓ Yes,completed
3,496,402,11-25,+0.0%,+0.00%,0.5000,0,✓ Yes,completed
3,496,410,11-25,+0.0%,+0.00%,0.5000,0,✓ Yes,completed
3,496,418,11-25,+0.0%,+0.00%,0.5000,0,✓ Yes,completed
3,496,426,11-25,+0.0%,+0.00%,0.5000,0,✓ Yes,completed
3,496,434,11-25,+0.0%,+0.00%,0.5000,0,✓ Yes,completed
3,496,441,11-25,+0.0%,+0.00%,0.5000,0,✓ Yes,completed
3,496,449,11-25,+0.0%,+0.00%,0.5000,0,✓ Yes,completed
3,496,457,11-25,+0.0%,+0.00%,0.5000,0,✓ Yes,completed
3,496,465,11-25,+0.0%,+0.00%,0.5000,0,✓ Yes,completed
3,496,472,11-25,+0.0%,+0.00%,0.5000,0,✓ Yes,completed
3,496,480,11-25,+0.0%,+0.00%,0.5000,0,✓ Yes,completed
3,496,488,11-25,+0.0%,+0.00%,0.5000,0,✓ Yes,completed
3,496,496,11-25,+0.0%,+0.00%,0.5000,0,✓ Yes,completed
4,432,423,11-14,+25.0%,+61.39%,0.8070,98,✗ No,budget_exceeded
4,432,427,11-14,+25.0%,+59.87%,0.7993,121,✗ No,budget_exceeded
4,432,432,11-14,+25.0%,+57.32%,0.7866,197,✗ No,budget_exceeded
4,435,423,11-14,+25.0%,+60.24%,0.8012,80,✗ No,budget_exceeded
4,435,427,11-14,+25.0%,+58.48%,0.7924,102,✗ No,budget_exceeded
4,435,431,11-14,+25.0%,+55.24%,0.7762,145,✗ No,budget_exceeded
4,435,435,11-14,+25.0%,+48.72%,0.7436,243,✗ No,budget_exceeded
4,439,423,11-14,+25.0%,+58.47%,0.7923,69,✗ No,budget_exceeded
4,439,427,11-14,+25.0%,+55.40%,0.7770,104,✗ No,budget_exceeded
4,439,431,11-14,+25.0%,+47.68%,0.7384,147,✗ No,budget_exceeded
4,439,435,11-14,+25.0%,+38.37%,0.6918,178,✗ No,budget_exceeded
4,439,439,11-14,+25.0%,+31.19%,0.6559,257,✗ No,budget_exceeded
4,442,423,11-14,+25.0%,+56.63%,0.7831,67,✗ No,budget_exceeded
4,442,427,11-14,+25.0%,+52.73%,0.7637,104,✗ No,budget_exceeded
4,442,431,11-14,+25.0%,+39.62%,0.6981,139,✗ No,budget_exceeded
4,442,435,11-14,+25.0%,+32.38%,0.6619,170,✗ No,budget_exceeded
4,442,438,11-14,+25.0%,+29.30%,0.6465,211,✗ No,budget_exceeded
4,442,442,11-14,+24.8%,+2.00%,0.5100,323,✓ Yes,completed
4,446,423,11-14,+25.0%,+55.50%,0.7775,60,✗ No,budget_exceeded
4,446,427,11-14,+25.0%,+42.87%,0.7143,99,✗ No,budget_exceeded
4,446,431,11-14,+25.0%,+33.02%,0.6651,127,✗ No,budget_exceeded
4,446,434,11-14,+25.0%,+30.54%,0.6527,152,✗ No,budget_exceeded
4,446,438,11-14,+25.0%,+27.50%,0.6375,187,✗ No,budget_exceeded
4,446,442,11-14,+23.2%,+1.97%,0.5099,220,✓ Yes,completed
4,446,446,11-14,+21.1%,+1.82%,0.5091,331,✓ Yes,completed
4,450,423,11-14,+25.0%,+51.03%,0.7552,61,✗ No,budget_exceeded
4,450,427,11-14,+25.0%,+32.92%,0.6646,90,✗ No,budget_exceeded
4,450,430,11-14,+25.0%,+30.40%,0.6520,103,✗ No,budget_exceeded
4,450,434,11-14,+25.0%,+27.76%,0.6388,125,✗ No,budget_exceeded
4,450,438,11-14,+23.2%,+1.98%,0.5099,153,✓ Yes,completed
4,450,442,11-14,+21.4%,+1.88%,0.5094,176,✓ Yes,completed
4,450,446,11-14,+19.1%,+1.77%,0.5089,207,✓ Yes,completed
4,450,450,11-14,+17.3%,+1.62%,0.5081,306,✓ Yes,completed
4,453,423,11-14,+25.0%,+33.50%,0.6675,59,✗ No,budget_exceeded
4,453,427,11-14,+25.0%,+29.44%,0.6472,81,✗ No,budget_exceeded
4,453,430,11-14,+25.0%,+27.54%,0.6377,90,✗ No,budget_exceeded
4,453,434,11-14,+23.9%,+2.00%,0.5100,103,✓ Yes,completed
4,453,438,11-14,+21.6%,+1.89%,0.5095,121,✓ Yes,completed
4,453,442,11-14,+19.3%,+1.78%,0.5089,144,✓ Yes,completed
4,453,446,11-14,+17.1%,+1.63%,0.5081,170,✓ Yes,completed
4,453,449,11-14,+15.3%,+1.46%,0.5073,200,✓ Yes,completed
4,453,453,11-14,+13.5%,+1.21%,0.5060,302,✓ Yes,completed
4,457,423,11-14,+25.0%,+28.12%,0.6406,46,✗ No,budget_exceeded
4,457,427,11-14,+23.4%,+1.93%,0.5096,58,✓ Yes,completed
4,457,430,11-14,+22.4%,+1.89%,0.5095,63,✓ Yes,completed
4,457,434,11-14,+21.1%,+1.84%,0.5092,74,✓ Yes,completed
4,457,438,11-14,+19.1%,+1.76%,0.5088,91,✓ Yes,completed
4,457,442,11-14,+17.1%,+1.63%,0.5081,109,✓ Yes,completed
4,457,445,11-14,+15.0%,+1.44%,0.5072,126,✓ Yes,completed
4,457,449,11-14,+13.4%,+1.23%,0.5061,151,✓ Yes,completed
4,457,453,11-14,+11.6%,+1.06%,0.5053,178,✓ Yes,completed
4,457,457,11-14,+10.3%,+0.89%,0.5044,213,✓ Yes,completed
4,460,423,11-14,+23.6%,+1.92%,0.5096,34,✓ Yes,completed
4,460,426,11-14,+22.1%,+1.86%,0.5093,42,✓ Yes,completed
4,460,430,11-14,+21.3%,+1.83%,0.5091,47,✓ Yes,completed
4,460,433,11-14,+20.2%,+1.80%,0.5090,54,✓ Yes,completed
4,460,436,11-14,+18.8%,+1.73%,0.5086,66,✓ Yes,completed
4,460,440,11-14,+17.0%,+1.61%,0.5080,78,✓ Yes,completed
4,460,443,11-14,+14.9%,+1.42%,0.5071,93,✓ Yes,completed
4,460,447,11-14,+13.3%,+1.21%,0.5060,106,✓ Yes,completed
4,460,450,11-14,+11.3%,+1.03%,0.5052,123,✓ Yes,completed
4,460,454,11-14,+9.8%,+0.86%,0.5043,147,✓ Yes,completed
4,460,457,11-14,+8.7%,+0.74%,0.5037,157,✓ Yes,completed
4,460,460,11-14,+7.8%,+0.62%,0.5031,197,✓ Yes,completed
4,464,423,11-14,+21.7%,+1.81%,0.5091,23,✓ Yes,completed
4,464,426,11-14,+20.3%,+1.77%,0.5089,29,✓ Yes,completed
4,464,430,11-14,+19.4%,+1.73%,0.5086,34,✓ Yes,completed
4,464,433,11-14,+18.3%,+1.68%,0.5084,41,✓ Yes,completed
4,464,437,11-14,+17.0%,+1.58%,0.5079,52,✓ Yes,completed
4,464,440,11-14,+15.4%,+1.45%,0.5073,60,✓ Yes,completed
4,464,443,11-14,+13.2%,+1.19%,0.5060,74,✓ Yes,completed
4,464,447,11-14,+11.7%,+1.06%,0.5053,83,✓ Yes,completed
4,464,450,11-14,+9.8%,+0.86%,0.5043,95,✓ Yes,completed
4,464,454,11-14,+8.2%,+0.68%,0.5034,115,✓ Yes,completed
4,464,457,11-14,+7.1%,+0.55%,0.5027,124,✓ Yes,completed
4,464,461,11-14,+6.4%,+0.48%,0.5024,127,✓ Yes,completed
4,464,464,11-14,+5.7%,+0.41%,0.5020,162,✓ Yes,completed
4,432,423,11-15,+25.0%,+61.58%,0.8079,97,✗ No,budget_exceeded
4,432,427,11-15,+25.0%,+60.06%,0.8003,120,✗ No,budget_exceeded
4,432,432,11-15,+25.0%,+57.52%,0.7876,196,✗ No,budget_exceeded
4,435,423,11-15,+25.0%,+60.44%,0.8022,80,✗ No,budget_exceeded
4,435,427,11-15,+25.0%,+58.68%,0.7934,102,✗ No,budget_exceeded
4,435,431,11-15,+25.0%,+55.45%,0.7772,145,✗ No,budget_exceeded
4,435,435,11-15,+25.0%,+48.93%,0.7447,242,✗ No,budget_exceeded
4,439,423,11-15,+25.0%,+58.68%,0.7934,69,✗ No,budget_exceeded
4,439,427,11-15,+25.0%,+55.62%,0.7781,104,✗ No,budget_exceeded
4,439,431,11-15,+25.0%,+47.89%,0.7395,147,✗ No,budget_exceeded
4,439,435,11-15,+25.0%,+38.58%,0.6929,178,✗ No,budget_exceeded
4,439,439,11-15,+25.0%,+31.40%,0.6570,257,✗ No,budget_exceeded
4,442,423,11-15,+25.0%,+56.84%,0.7842,67,✗ No,budget_exceeded
4,442,427,11-15,+25.0%,+52.95%,0.7648,104,✗ No,budget_exceeded
4,442,431,11-15,+25.0%,+39.83%,0.6992,139,✗ No,budget_exceeded
4,442,435,11-15,+25.0%,+32.59%,0.6630,170,✗ No,budget_exceeded
4,442,438,11-15,+25.0%,+29.52%,0.6476,211,✗ No,budget_exceeded
4,442,442,11-15,+24.8%,+2.00%,0.5100,323,✓ Yes,completed
4,446,423,11-15,+25.0%,+55.72%,0.7786,60,✗ No,budget_exceeded
4,446,427,11-15,+25.0%,+43.08%,0.7154,99,✗ No,budget_exceeded
4,446,431,11-15,+25.0%,+33.23%,0.6662,127,✗ No,budget_exceeded
4,446,434,11-15,+25.0%,+30.75%,0.6538,152,✗ No,budget_exceeded
4,446,438,11-15,+25.0%,+27.71%,0.6386,187,✗ No,budget_exceeded
4,446,442,11-15,+23.2%,+1.99%,0.5099,220,✓ Yes,completed
4,446,446,11-15,+21.1%,+1.83%,0.5092,331,✓ Yes,completed
4,450,423,11-15,+25.0%,+51.25%,0.7563,61,✗ No,budget_exceeded
4,450,427,11-15,+25.0%,+33.14%,0.6657,90,✗ No,budget_exceeded
4,450,430,11-15,+25.0%,+30.61%,0.6531,103,✗ No,budget_exceeded
4,450,434,11-15,+25.0%,+27.97%,0.6399,125,✗ No,budget_exceeded
4,450,438,11-15,+23.2%,+1.99%,0.5099,153,✓ Yes,completed
4,450,442,11-15,+21.4%,+1.90%,0.5095,176,✓ Yes,completed
4,450,446,11-15,+19.1%,+1.78%,0.5089,207,✓ Yes,completed
4,450,450,11-15,+17.3%,+1.64%,0.5082,306,✓ Yes,completed
4,453,423,11-15,+25.0%,+33.72%,0.6686,59,✗ No,budget_exceeded
4,453,427,11-15,+25.0%,+29.66%,0.6483,81,✗ No,budget_exceeded
4,453,430,11-15,+25.0%,+27.76%,0.6388,90,✗ No,budget_exceeded
4,453,434,11-15,+23.9%,+2.01%,0.5100,103,✓ Yes,completed
4,453,438,11-15,+21.6%,+1.90%,0.5095,121,✓ Yes,completed
4,453,442,11-15,+19.3%,+1.79%,0.5089,144,✓ Yes,completed
4,453,446,11-15,+17.1%,+1.65%,0.5082,170,✓ Yes,completed
4,453,449,11-15,+15.3%,+1.47%,0.5074,200,✓ Yes,completed
4,453,453,11-15,+13.5%,+1.24%,0.5062,302,✓ Yes,completed
4,457,423,11-15,+25.0%,+28.34%,0.6417,46,✗ No,budget_exceeded
4,457,427,11-15,+23.4%,+1.94%,0.5097,58,✓ Yes,completed
4,457,430,11-15,+22.4%,+1.90%,0.5095,63,✓ Yes,completed
4,457,434,11-15,+21.1%,+1.85%,0.5092,74,✓ Yes,completed
4,457,438,11-15,+19.1%,+1.77%,0.5089,91,✓ Yes,completed
4,457,442,11-15,+17.1%,+1.65%,0.5082,109,✓ Yes,completed
4,457,445,11-15,+15.0%,+1.46%,0.5073,126,✓ Yes,completed
4,457,449,11-15,+13.4%,+1.26%,0.5063,151,✓ Yes,completed
4,457,453,11-15,+11.6%,+1.07%,0.5054,178,✓ Yes,completed
4,457,457,11-15,+10.3%,+0.91%,0.5046,213,✓ Yes,completed
4,460,423,11-15,+23.6%,+1.93%,0.5096,34,✓ Yes,completed
4,460,426,11-15,+22.1%,+1.86%,0.5093,42,✓ Yes,completed
4,460,430,11-15,+21.3%,+1.84%,0.5092,47,✓ Yes,completed
4,460,433,11-15,+20.2%,+1.81%,0.5090,54,✓ Yes,completed
4,460,436,11-15,+18.8%,+1.74%,0.5087,66,✓ Yes,completed
4,460,440,11-15,+17.0%,+1.63%,0.5081,78,✓ Yes,completed
4,460,443,11-15,+14.9%,+1.44%,0.5072,93,✓ Yes,completed
4,460,447,11-15,+13.3%,+1.24%,0.5062,106,✓ Yes,completed
4,460,450,11-15,+11.3%,+1.05%,0.5052,123,✓ Yes,completed
4,460,454,11-15,+9.8%,+0.87%,0.5043,147,✓ Yes,completed
4,460,457,11-15,+8.7%,+0.77%,0.5038,157,✓ Yes,completed
4,460,460,11-15,+7.8%,+0.64%,0.5032,197,✓ Yes,completed
4,464,423,11-15,+21.7%,+1.82%,0.5091,23,✓ Yes,completed
4,464,426,11-15,+20.3%,+1.78%,0.5089,29,✓ Yes,completed
4,464,430,11-15,+19.4%,+1.74%,0.5087,34,✓ Yes,completed
4,464,433,11-15,+18.3%,+1.69%,0.5084,41,✓ Yes,completed
4,464,437,11-15,+17.0%,+1.60%,0.5080,52,✓ Yes,completed
4,464,440,11-15,+15.4%,+1.47%,0.5074,60,✓ Yes,completed
4,464,443,11-15,+13.2%,+1.22%,0.5061,74,✓ Yes,completed
4,464,447,11-15,+11.7%,+1.08%,0.5054,83,✓ Yes,completed
4,464,450,11-15,+9.8%,+0.87%,0.5043,95,✓ Yes,completed
4,464,454,11-15,+8.2%,+0.70%,0.5035,115,✓ Yes,completed
4,464,457,11-15,+7.1%,+0.57%,0.5028,124,✓ Yes,completed
4,464,461,11-15,+6.4%,+0.49%,0.5025,127,✓ Yes,completed
4,464,464,11-15,+5.7%,+0.41%,0.5021,162,✓ Yes,completed
4,432,423,11-16,+25.0%,+61.72%,0.8086,94,✗ No,budget_exceeded
4,432,427,11-16,+25.0%,+60.23%,0.8011,117,✗ No,budget_exceeded
4,432,432,11-16,+25.0%,+57.66%,0.7883,194,✗ No,budget_exceeded
4,435,423,11-16,+25.0%,+60.60%,0.8030,78,✗ No,budget_exceeded
4,435,427,11-16,+25.0%,+58.87%,0.7943,100,✗ No,budget_exceeded
4,435,431,11-16,+25.0%,+55.65%,0.7783,143,✗ No,budget_exceeded
4,435,435,11-16,+25.0%,+49.14%,0.7457,240,✗ No,budget_exceeded
4,439,423,11-16,+25.0%,+58.90%,0.7945,69,✗ No,budget_exceeded
4,439,427,11-16,+25.0%,+55.84%,0.7792,104,✗ No,budget_exceeded
4,439,431,11-16,+25.0%,+48.12%,0.7406,147,✗ No,budget_exceeded
4,439,435,11-16,+25.0%,+38.80%,0.6940,178,✗ No,budget_exceeded
4,439,439,11-16,+25.0%,+31.62%,0.6581,257,✗ No,budget_exceeded
4,442,423,11-16,+25.0%,+57.06%,0.7853,67,✗ No,budget_exceeded
4,442,427,11-16,+25.0%,+53.17%,0.7659,104,✗ No,budget_exceeded
4,442,431,11-16,+25.0%,+40.05%,0.7003,139,✗ No,budget_exceeded
4,442,435,11-16,+25.0%,+32.81%,0.6641,170,✗ No,budget_exceeded
4,442,438,11-16,+25.0%,+29.74%,0.6487,211,✗ No,budget_exceeded
4,442,442,11-16,+24.8%,+2.00%,0.5100,325,✓ Yes,completed
4,446,423,11-16,+25.0%,+55.94%,0.7797,60,✗ No,budget_exceeded
4,446,427,11-16,+25.0%,+43.30%,0.7165,99,✗ No,budget_exceeded
4,446,431,11-16,+25.0%,+33.45%,0.6673,127,✗ No,budget_exceeded
4,446,434,11-16,+25.0%,+30.97%,0.6549,152,✗ No,budget_exceeded
4,446,438,11-16,+25.0%,+27.94%,0.6397,187,✗ No,budget_exceeded
4,446,442,11-16,+23.2%,+2.01%,0.5100,220,✓ Yes,completed
4,446,446,11-16,+21.1%,+1.85%,0.5093,331,✓ Yes,completed
4,450,423,11-16,+25.0%,+51.47%,0.7574,61,✗ No,budget_exceeded
4,450,427,11-16,+25.0%,+33.36%,0.6668,90,✗ No,budget_exceeded
4,450,430,11-16,+25.0%,+30.84%,0.6542,103,✗ No,budget_exceeded
4,450,434,11-16,+25.0%,+28.19%,0.6410,125,✗ No,budget_exceeded
4,450,438,11-16,+23.2%,+2.01%,0.5100,153,✓ Yes,completed
4,450,442,11-16,+21.4%,+1.92%,0.5096,176,✓ Yes,completed
4,450,446,11-16,+19.1%,+1.80%,0.5090,207,✓ Yes,completed
4,450,450,11-16,+17.3%,+1.66%,0.5083,306,✓ Yes,completed
4,453,423,11-16,+25.0%,+33.94%,0.6697,59,✗ No,budget_exceeded
4,453,427,11-16,+25.0%,+29.88%,0.6494,81,✗ No,budget_exceeded
4,453,430,11-16,+25.0%,+27.98%,0.6399,90,✗ No,budget_exceeded
4,453,434,11-16,+23.9%,+2.02%,0.5101,103,✓ Yes,completed
4,453,438,11-16,+21.6%,+1.92%,0.5096,121,✓ Yes,completed
4,453,442,11-16,+19.3%,+1.81%,0.5090,144,✓ Yes,completed
4,453,446,11-16,+17.1%,+1.67%,0.5084,170,✓ Yes,completed
4,453,449,11-16,+15.3%,+1.50%,0.5075,200,✓ Yes,completed
4,453,453,11-16,+13.5%,+1.27%,0.5063,302,✓ Yes,completed
4,457,423,11-16,+25.0%,+28.56%,0.6428,46,✗ No,budget_exceeded
4,457,427,11-16,+23.4%,+1.96%,0.5098,58,✓ Yes,completed
4,457,430,11-16,+22.4%,+1.92%,0.5096,63,✓ Yes,completed
4,457,434,11-16,+21.1%,+1.87%,0.5094,74,✓ Yes,completed
4,457,438,11-16,+19.1%,+1.79%,0.5089,91,✓ Yes,completed
4,457,442,11-16,+17.1%,+1.67%,0.5084,109,✓ Yes,completed
4,457,445,11-16,+15.0%,+1.48%,0.5074,126,✓ Yes,completed
4,457,449,11-16,+13.4%,+1.29%,0.5065,151,✓ Yes,completed
4,457,453,11-16,+11.6%,+1.10%,0.5055,178,✓ Yes,completed
4,457,457,11-16,+10.3%,+0.94%,0.5047,213,✓ Yes,completed
4,460,423,11-16,+23.6%,+1.95%,0.5097,34,✓ Yes,completed
4,460,426,11-16,+22.1%,+1.87%,0.5094,42,✓ Yes,completed
4,460,430,11-16,+21.3%,+1.87%,0.5093,47,✓ Yes,completed
4,460,433,11-16,+20.2%,+1.82%,0.5091,54,✓ Yes,completed
4,460,436,11-16,+18.8%,+1.75%,0.5088,66,✓ Yes,completed
4,460,440,11-16,+17.0%,+1.65%,0.5083,78,✓ Yes,completed
4,460,443,11-16,+14.9%,+1.46%,0.5073,93,✓ Yes,completed
4,460,447,11-16,+13.3%,+1.28%,0.5064,106,✓ Yes,completed
4,460,450,11-16,+11.3%,+1.06%,0.5053,123,✓ Yes,completed
4,460,454,11-16,+9.8%,+0.89%,0.5045,147,✓ Yes,completed
4,460,457,11-16,+8.7%,+0.79%,0.5040,157,✓ Yes,completed
4,460,460,11-16,+7.8%,+0.66%,0.5033,197,✓ Yes,completed
4,464,423,11-16,+21.7%,+1.84%,0.5092,23,✓ Yes,completed
4,464,426,11-16,+20.3%,+1.79%,0.5089,29,✓ Yes,completed
4,464,430,11-16,+19.4%,+1.76%,0.5088,34,✓ Yes,completed
4,464,433,11-16,+18.3%,+1.71%,0.5085,41,✓ Yes,completed
4,464,437,11-16,+17.0%,+1.63%,0.5082,52,✓ Yes,completed
4,464,440,11-16,+15.4%,+1.50%,0.5075,60,✓ Yes,completed
4,464,443,11-16,+13.2%,+1.26%,0.5063,74,✓ Yes,completed
4,464,447,11-16,+11.7%,+1.10%,0.5055,83,✓ Yes,completed
4,464,450,11-16,+9.8%,+0.89%,0.5045,95,✓ Yes,completed
4,464,454,11-16,+8.2%,+0.73%,0.5037,115,✓ Yes,completed
4,464,457,11-16,+7.1%,+0.60%,0.5030,124,✓ Yes,completed
4,464,461,11-16,+6.4%,+0.51%,0.5026,127,✓ Yes,completed
4,464,464,11-16,+5.7%,+0.42%,0.5021,162,✓ Yes,completed
4,432,423,11-17,+25.0%,+61.93%,0.8097,94,✗ No,budget_exceeded
4,432,427,11-17,+25.0%,+60.44%,0.8022,117,✗ No,budget_exceeded
4,432,432,11-17,+25.0%,+57.88%,0.7894,194,✗ No,budget_exceeded
4,435,423,11-17,+25.0%,+60.82%,0.8041,78,✗ No,budget_exceeded
4,435,427,11-17,+25.0%,+59.08%,0.7954,100,✗ No,budget_exceeded
4,435,431,11-17,+25.0%,+55.87%,0.7793,143,✗ No,budget_exceeded
4,435,435,11-17,+25.0%,+49.35%,0.7468,240,✗ No,budget_exceeded
4,439,423,11-17,+25.0%,+59.12%,0.7956,69,✗ No,budget_exceeded
4,439,427,11-17,+25.0%,+56.06%,0.7803,104,✗ No,budget_exceeded
4,439,431,11-17,+25.0%,+48.33%,0.7417,147,✗ No,budget_exceeded
4,439,435,11-17,+25.0%,+39.02%,0.6951,178,✗ No,budget_exceeded
4,439,439,11-17,+25.0%,+31.84%,0.6592,257,✗ No,budget_exceeded
4,442,423,11-17,+25.0%,+57.28%,0.7864,67,✗ No,budget_exceeded
4,442,427,11-17,+25.0%,+53.39%,0.7669,104,✗ No,budget_exceeded
4,442,431,11-17,+25.0%,+40.27%,0.7014,139,✗ No,budget_exceeded
4,442,435,11-17,+25.0%,+33.03%,0.6652,170,✗ No,budget_exceeded
4,442,438,11-17,+25.0%,+29.96%,0.6498,211,✗ No,budget_exceeded
4,442,442,11-17,+24.9%,+1.99%,0.5100,326,✓ Yes,completed
4,446,423,11-17,+25.0%,+56.16%,0.7808,60,✗ No,budget_exceeded
4,446,427,11-17,+25.0%,+43.52%,0.7176,99,✗ No,budget_exceeded
4,446,431,11-17,+25.0%,+33.67%,0.6684,127,✗ No,budget_exceeded
4,446,434,11-17,+25.0%,+31.19%,0.6560,152,✗ No,budget_exceeded
4,446,438,11-17,+25.0%,+28.15%,0.6408,187,✗ No,budget_exceeded
4,446,442,11-17,+23.2%,+2.03%,0.5102,220,✓ Yes,completed
4,446,446,11-17,+21.1%,+1.88%,0.5094,331,✓ Yes,completed
4,450,423,11-17,+25.0%,+51.69%,0.7584,61,✗ No,budget_exceeded
4,450,427,11-17,+25.0%,+33.57%,0.6679,90,✗ No,budget_exceeded
4,450,430,11-17,+25.0%,+31.05%,0.6553,103,✗ No,budget_exceeded
4,450,434,11-17,+25.0%,+28.41%,0.6421,125,✗ No,budget_exceeded
4,450,438,11-17,+23.2%,+2.03%,0.5102,153,✓ Yes,completed
4,450,442,11-17,+21.4%,+1.93%,0.5097,176,✓ Yes,completed
4,450,446,11-17,+19.1%,+1.82%,0.5091,207,✓ Yes,completed
4,450,450,11-17,+17.3%,+1.68%,0.5084,306,✓ Yes,completed
4,453,423,11-17,+25.0%,+34.16%,0.6708,59,✗ No,budget_exceeded
4,453,427,11-17,+25.0%,+30.10%,0.6505,81,✗ No,budget_exceeded
4,453,430,11-17,+25.0%,+28.20%,0.6410,90,✗ No,budget_exceeded
4,453,434,11-17,+23.9%,+2.03%,0.5102,103,✓ Yes,completed
4,453,438,11-17,+21.6%,+1.93%,0.5097,121,✓ Yes,completed
4,453,442,11-17,+19.3%,+1.83%,0.5092,144,✓ Yes,completed
4,453,446,11-17,+17.1%,+1.70%,0.5085,170,✓ Yes,completed
4,453,449,11-17,+15.3%,+1.53%,0.5076,200,✓ Yes,completed
4,453,453,11-17,+13.5%,+1.30%,0.5065,302,✓ Yes,completed
4,457,423,11-17,+25.0%,+28.78%,0.6439,46,✗ No,budget_exceeded
4,457,427,11-17,+23.4%,+1.98%,0.5099,58,✓ Yes,completed
4,457,430,11-17,+22.4%,+1.95%,0.5097,63,✓ Yes,completed
4,457,434,11-17,+21.1%,+1.90%,0.5095,74,✓ Yes,completed
4,457,438,11-17,+19.1%,+1.81%,0.5091,91,✓ Yes,completed
4,457,442,11-17,+17.1%,+1.70%,0.5085,109,✓ Yes,completed
4,457,445,11-17,+15.0%,+1.51%,0.5076,126,✓ Yes,completed
4,457,449,11-17,+13.4%,+1.33%,0.5066,151,✓ Yes,completed
4,457,453,11-17,+11.6%,+1.13%,0.5056,178,✓ Yes,completed
4,457,457,11-17,+10.3%,+0.97%,0.5048,213,✓ Yes,completed
4,460,423,11-17,+23.6%,+1.96%,0.5098,34,✓ Yes,completed
4,460,426,11-17,+22.1%,+1.90%,0.5095,42,✓ Yes,completed
4,460,430,11-17,+21.3%,+1.88%,0.5094,47,✓ Yes,completed
4,460,433,11-17,+20.2%,+1.83%,0.5092,54,✓ Yes,completed
4,460,436,11-17,+18.8%,+1.77%,0.5089,66,✓ Yes,completed
4,460,440,11-17,+17.0%,+1.68%,0.5084,78,✓ Yes,completed
4,460,443,11-17,+14.9%,+1.49%,0.5074,93,✓ Yes,completed
4,460,447,11-17,+13.3%,+1.31%,0.5066,106,✓ Yes,completed
4,460,450,11-17,+11.3%,+1.09%,0.5055,123,✓ Yes,completed
4,460,454,11-17,+9.8%,+0.93%,0.5046,147,✓ Yes,completed
4,460,457,11-17,+8.7%,+0.81%,0.5041,157,✓ Yes,completed
4,460,460,11-17,+7.8%,+0.69%,0.5035,197,✓ Yes,completed
4,464,423,11-17,+21.7%,+1.85%,0.5092,23,✓ Yes,completed
4,464,426,11-17,+20.3%,+1.80%,0.5090,29,✓ Yes,completed
4,464,430,11-17,+19.4%,+1.78%,0.5089,34,✓ Yes,completed
4,464,433,11-17,+18.3%,+1.73%,0.5087,41,✓ Yes,completed
4,464,437,11-17,+17.0%,+1.66%,0.5083,52,✓ Yes,completed
4,464,440,11-17,+15.4%,+1.52%,0.5076,60,✓ Yes,completed
4,464,443,11-17,+13.2%,+1.29%,0.5065,74,✓ Yes,completed
4,464,447,11-17,+11.7%,+1.13%,0.5056,83,✓ Yes,completed
4,464,450,11-17,+9.8%,+0.93%,0.5046,95,✓ Yes,completed
4,464,454,11-17,+8.2%,+0.76%,0.5038,115,✓ Yes,completed
4,464,457,11-17,+7.1%,+0.63%,0.5032,124,✓ Yes,completed
4,464,461,11-17,+6.4%,+0.54%,0.5027,127,✓ Yes,completed
4,464,464,11-17,+5.7%,+0.45%,0.5022,162,✓ Yes,completed
4,432,423,11-18,+25.0%,+62.14%,0.8107,94,✗ No,budget_exceeded
4,432,427,11-18,+25.0%,+60.65%,0.8032,117,✗ No,budget_exceeded
4,432,432,11-18,+25.0%,+58.09%,0.7904,194,✗ No,budget_exceeded
4,435,423,11-18,+25.0%,+61.03%,0.8051,78,✗ No,budget_exceeded
4,435,427,11-18,+25.0%,+59.29%,0.7965,100,✗ No,budget_exceeded
4,435,431,11-18,+25.0%,+56.08%,0.7804,143,✗ No,budget_exceeded
4,435,435,11-18,+25.0%,+49.56%,0.7478,240,✗ No,budget_exceeded
4,439,423,11-18,+25.0%,+59.33%,0.7966,69,✗ No,budget_exceeded
4,439,427,11-18,+25.0%,+56.27%,0.7813,104,✗ No,budget_exceeded
4,439,431,11-18,+25.0%,+48.54%,0.7427,147,✗ No,budget_exceeded
4,439,435,11-18,+25.0%,+39.23%,0.6962,178,✗ No,budget_exceeded
4,439,439,11-18,+25.0%,+32.05%,0.6603,257,✗ No,budget_exceeded
4,442,423,11-18,+25.0%,+57.49%,0.7874,67,✗ No,budget_exceeded
4,442,427,11-18,+25.0%,+53.60%,0.7680,104,✗ No,budget_exceeded
4,442,431,11-18,+25.0%,+40.48%,0.7024,139,✗ No,budget_exceeded
4,442,435,11-18,+25.0%,+33.24%,0.6662,170,✗ No,budget_exceeded
4,442,438,11-18,+25.0%,+30.17%,0.6509,211,✗ No,budget_exceeded
4,442,442,11-18,+24.9%,+1.98%,0.5099,329,✓ Yes,completed
4,446,423,11-18,+25.0%,+56.37%,0.7818,60,✗ No,budget_exceeded
4,446,427,11-18,+25.0%,+43.73%,0.7187,99,✗ No,budget_exceeded
4,446,431,11-18,+25.0%,+33.88%,0.6694,127,✗ No,budget_exceeded
4,446,434,11-18,+25.0%,+31.40%,0.6570,152,✗ No,budget_exceeded
4,446,438,11-18,+25.0%,+28.37%,0.6418,187,✗ No,budget_exceeded
4,446,442,11-18,+23.2%,+2.04%,0.5102,220,✓ Yes,completed
4,446,446,11-18,+21.1%,+1.88%,0.5094,331,✓ Yes,completed
4,450,423,11-18,+25.0%,+51.90%,0.7595,61,✗ No,budget_exceeded
4,450,427,11-18,+25.0%,+33.79%,0.6689,90,✗ No,budget_exceeded
4,450,430,11-18,+25.0%,+31.27%,0.6563,103,✗ No,budget_exceeded
4,450,434,11-18,+25.0%,+28.62%,0.6431,125,✗ No,budget_exceeded
4,450,438,11-18,+23.2%,+2.04%,0.5102,153,✓ Yes,completed
4,450,442,11-18,+21.4%,+1.94%,0.5097,176,✓ Yes,completed
4,450,446,11-18,+19.1%,+1.83%,0.5091,207,✓ Yes,completed
4,450,450,11-18,+17.3%,+1.69%,0.5084,306,✓ Yes,completed
4,453,423,11-18,+25.0%,+34.37%,0.6718,59,✗ No,budget_exceeded
4,453,427,11-18,+25.0%,+30.31%,0.6515,81,✗ No,budget_exceeded
4,453,430,11-18,+25.0%,+28.41%,0.6420,90,✗ No,budget_exceeded
4,453,434,11-18,+23.9%,+2.03%,0.5102,103,✓ Yes,completed
4,453,438,11-18,+21.6%,+1.93%,0.5097,121,✓ Yes,completed
4,453,442,11-18,+19.3%,+1.84%,0.5092,144,✓ Yes,completed
4,453,446,11-18,+17.1%,+1.71%,0.5085,170,✓ Yes,completed
4,453,449,11-18,+15.3%,+1.53%,0.5077,200,✓ Yes,completed
4,453,453,11-18,+13.5%,+1.32%,0.5066,302,✓ Yes,completed
4,457,423,11-18,+25.0%,+28.99%,0.6449,46,✗ No,budget_exceeded
4,457,427,11-18,+23.4%,+1.98%,0.5099,58,✓ Yes,completed
4,457,430,11-18,+22.4%,+1.95%,0.5098,63,✓ Yes,completed
4,457,434,11-18,+21.1%,+1.90%,0.5095,74,✓ Yes,completed
4,457,438,11-18,+19.1%,+1.82%,0.5091,91,✓ Yes,completed
4,457,442,11-18,+17.1%,+1.70%,0.5085,109,✓ Yes,completed
4,457,445,11-18,+15.0%,+1.53%,0.5076,126,✓ Yes,completed
4,457,449,11-18,+13.4%,+1.35%,0.5067,151,✓ Yes,completed
4,457,453,11-18,+11.6%,+1.14%,0.5057,178,✓ Yes,completed
4,457,457,11-18,+10.3%,+0.99%,0.5049,213,✓ Yes,completed
4,460,423,11-18,+23.6%,+1.96%,0.5098,34,✓ Yes,completed
4,460,426,11-18,+22.1%,+1.91%,0.5096,42,✓ Yes,completed
4,460,430,11-18,+21.3%,+1.89%,0.5094,47,✓ Yes,completed
4,460,433,11-18,+20.2%,+1.83%,0.5092,54,✓ Yes,completed
4,460,436,11-18,+18.8%,+1.78%,0.5089,66,✓ Yes,completed
4,460,440,11-18,+17.0%,+1.69%,0.5085,78,✓ Yes,completed
4,460,443,11-18,+14.9%,+1.51%,0.5075,93,✓ Yes,completed
4,460,447,11-18,+13.3%,+1.33%,0.5067,106,✓ Yes,completed
4,460,450,11-18,+11.3%,+1.11%,0.5055,123,✓ Yes,completed
4,460,454,11-18,+9.8%,+0.95%,0.5047,147,✓ Yes,completed
4,460,457,11-18,+8.7%,+0.83%,0.5041,157,✓ Yes,completed
4,460,460,11-18,+7.8%,+0.71%,0.5036,197,✓ Yes,completed
4,464,423,11-18,+21.7%,+1.85%,0.5093,23,✓ Yes,completed
4,464,426,11-18,+20.3%,+1.80%,0.5090,29,✓ Yes,completed
4,464,430,11-18,+19.4%,+1.79%,0.5089,34,✓ Yes,completed
4,464,433,11-18,+18.3%,+1.73%,0.5087,41,✓ Yes,completed
4,464,437,11-18,+17.0%,+1.67%,0.5083,52,✓ Yes,completed
4,464,440,11-18,+15.4%,+1.53%,0.5076,60,✓ Yes,completed
4,464,443,11-18,+13.2%,+1.31%,0.5066,74,✓ Yes,completed
4,464,447,11-18,+11.7%,+1.14%,0.5057,83,✓ Yes,completed
4,464,450,11-18,+9.8%,+0.94%,0.5047,95,✓ Yes,completed
4,464,454,11-18,+8.2%,+0.78%,0.5039,115,✓ Yes,completed
4,464,457,11-18,+7.1%,+0.65%,0.5032,124,✓ Yes,completed
4,464,461,11-18,+6.4%,+0.56%,0.5028,127,✓ Yes,completed
4,464,464,11-18,+5.7%,+0.46%,0.5023,162,✓ Yes,completed
4,432,423,11-19,+25.0%,+62.28%,0.8114,92,✗ No,budget_exceeded
4,432,427,11-19,+25.0%,+60.82%,0.8041,115,✗ No,budget_exceeded
4,432,432,11-19,+25.0%,+58.19%,0.7909,193,✗ No,budget_exceeded
4,435,423,11-19,+25.0%,+61.24%,0.8062,78,✗ No,budget_exceeded
4,435,427,11-19,+25.0%,+59.51%,0.7975,100,✗ No,budget_exceeded
4,435,431,11-19,+25.0%,+56.29%,0.7815,143,✗ No,budget_exceeded
4,435,435,11-19,+25.0%,+49.78%,0.7489,240,✗ No,budget_exceeded
4,439,423,11-19,+25.0%,+59.54%,0.7977,69,✗ No,budget_exceeded
4,439,427,11-19,+25.0%,+56.48%,0.7824,104,✗ No,budget_exceeded
4,439,431,11-19,+25.0%,+48.76%,0.7438,147,✗ No,budget_exceeded
4,439,435,11-19,+25.0%,+39.45%,0.6972,178,✗ No,budget_exceeded
4,439,439,11-19,+25.0%,+32.27%,0.6613,257,✗ No,budget_exceeded
4,442,423,11-19,+25.0%,+57.70%,0.7885,67,✗ No,budget_exceeded
4,442,427,11-19,+25.0%,+53.81%,0.7691,104,✗ No,budget_exceeded
4,442,431,11-19,+25.0%,+40.69%,0.7035,139,✗ No,budget_exceeded
4,442,435,11-19,+25.0%,+33.46%,0.6673,170,✗ No,budget_exceeded
4,442,438,11-19,+25.0%,+30.38%,0.6519,211,✗ No,budget_exceeded
4,442,442,11-19,+24.9%,+1.97%,0.5098,330,✓ Yes,completed
4,446,423,11-19,+25.0%,+56.58%,0.7829,60,✗ No,budget_exceeded
4,446,427,11-19,+25.0%,+43.94%,0.7197,99,✗ No,budget_exceeded
4,446,431,11-19,+25.0%,+34.09%,0.6705,127,✗ No,budget_exceeded
4,446,434,11-19,+25.0%,+31.61%,0.6581,152,✗ No,budget_exceeded
4,446,438,11-19,+25.0%,+28.58%,0.6429,187,✗ No,budget_exceeded
4,446,442,11-19,+23.2%,+2.03%,0.5102,220,✓ Yes,completed
4,446,446,11-19,+21.1%,+1.88%,0.5094,331,✓ Yes,completed
4,450,423,11-19,+25.0%,+52.11%,0.7606,61,✗ No,budget_exceeded
4,450,427,11-19,+25.0%,+34.00%,0.6700,90,✗ No,budget_exceeded
4,450,430,11-19,+25.0%,+31.48%,0.6574,103,✗ No,budget_exceeded
4,450,434,11-19,+25.0%,+28.84%,0.6442,125,✗ No,budget_exceeded
4,450,438,11-19,+23.2%,+2.04%,0.5102,153,✓ Yes,completed
4,450,442,11-19,+21.4%,+1.94%,0.5097,176,✓ Yes,completed
4,450,446,11-19,+19.1%,+1.84%,0.5092,207,✓ Yes,completed
4,450,450,11-19,+17.3%,+1.69%,0.5084,306,✓ Yes,completed
4,453,423,11-19,+25.0%,+34.58%,0.6729,59,✗ No,budget_exceeded
4,453,427,11-19,+25.0%,+30.52%,0.6526,81,✗ No,budget_exceeded
4,453,430,11-19,+25.0%,+28.62%,0.6431,90,✗ No,budget_exceeded
4,453,434,11-19,+23.9%,+2.03%,0.5101,103,✓ Yes,completed
4,453,438,11-19,+21.6%,+1.94%,0.5097,121,✓ Yes,completed
4,453,442,11-19,+19.3%,+1.84%,0.5092,144,✓ Yes,completed
4,453,446,11-19,+17.1%,+1.71%,0.5085,170,✓ Yes,completed
4,453,449,11-19,+15.3%,+1.54%,0.5077,200,✓ Yes,completed
4,453,453,11-19,+13.5%,+1.34%,0.5067,302,✓ Yes,completed
4,457,423,11-19,+25.0%,+29.20%,0.6460,46,✗ No,budget_exceeded
4,457,427,11-19,+23.4%,+1.98%,0.5099,58,✓ Yes,completed
4,457,430,11-19,+22.4%,+1.96%,0.5098,63,✓ Yes,completed
4,457,434,11-19,+21.1%,+1.90%,0.5095,74,✓ Yes,completed
4,457,438,11-19,+19.1%,+1.83%,0.5091,91,✓ Yes,completed
4,457,442,11-19,+17.1%,+1.70%,0.5085,109,✓ Yes,completed
4,457,445,11-19,+15.0%,+1.53%,0.5077,126,✓ Yes,completed
4,457,449,11-19,+13.4%,+1.36%,0.5068,151,✓ Yes,completed
4,457,453,11-19,+11.6%,+1.15%,0.5057,178,✓ Yes,completed
4,457,457,11-19,+10.3%,+1.00%,0.5050,213,✓ Yes,completed
4,460,423,11-19,+23.6%,+1.96%,0.5098,34,✓ Yes,completed
4,460,426,11-19,+22.1%,+1.92%,0.5096,42,✓ Yes,completed
4,460,430,11-19,+21.3%,+1.88%,0.5094,47,✓ Yes,completed
4,460,433,11-19,+20.2%,+1.84%,0.5092,54,✓ Yes,completed
4,460,436,11-19,+18.8%,+1.79%,0.5089,66,✓ Yes,completed
4,460,440,11-19,+17.0%,+1.69%,0.5084,78,✓ Yes,completed
4,460,443,11-19,+14.9%,+1.51%,0.5076,93,✓ Yes,completed
4,460,447,11-19,+13.3%,+1.35%,0.5067,106,✓ Yes,completed
4,460,450,11-19,+11.3%,+1.12%,0.5056,123,✓ Yes,completed
4,460,454,11-19,+9.8%,+0.96%,0.5048,147,✓ Yes,completed
4,460,457,11-19,+8.7%,+0.83%,0.5042,157,✓ Yes,completed
4,460,460,11-19,+7.8%,+0.73%,0.5036,197,✓ Yes,completed
4,464,423,11-19,+21.7%,+1.86%,0.5093,23,✓ Yes,completed
4,464,426,11-19,+20.3%,+1.81%,0.5091,29,✓ Yes,completed
4,464,430,11-19,+19.4%,+1.79%,0.5089,34,✓ Yes,completed
4,464,433,11-19,+18.3%,+1.74%,0.5087,41,✓ Yes,completed
4,464,437,11-19,+17.0%,+1.67%,0.5083,52,✓ Yes,completed
4,464,440,11-19,+15.4%,+1.54%,0.5077,60,✓ Yes,completed
4,464,443,11-19,+13.2%,+1.33%,0.5067,74,✓ Yes,completed
4,464,447,11-19,+11.7%,+1.15%,0.5058,83,✓ Yes,completed
4,464,450,11-19,+9.8%,+0.96%,0.5048,95,✓ Yes,completed
4,464,454,11-19,+8.2%,+0.79%,0.5039,115,✓ Yes,completed
4,464,457,11-19,+7.1%,+0.65%,0.5033,124,✓ Yes,completed
4,464,461,11-19,+6.4%,+0.57%,0.5029,127,✓ Yes,completed
4,464,464,11-19,+5.7%,+0.46%,0.5023,162,✓ Yes,completed
4,432,423,11-20,+25.0%,+62.45%,0.8123,91,✗ No,budget_exceeded
4,432,427,11-20,+25.0%,+61.00%,0.8050,114,✗ No,budget_exceeded
4,432,432,11-20,+25.0%,+58.37%,0.7919,192,✗ No,budget_exceeded
4,435,423,11-20,+25.0%,+61.42%,0.8071,77,✗ No,budget_exceeded
4,435,427,11-20,+25.0%,+59.65%,0.7982,100,✗ No,budget_exceeded
4,435,431,11-20,+25.0%,+56.47%,0.7824,142,✗ No,budget_exceeded
4,435,435,11-20,+25.0%,+49.07%,0.7454,241,✗ No,budget_exceeded
4,439,423,11-20,+25.0%,+59.76%,0.7988,69,✗ No,budget_exceeded
4,439,427,11-20,+25.0%,+56.69%,0.7835,104,✗ No,budget_exceeded
4,439,431,11-20,+25.0%,+48.97%,0.7448,147,✗ No,budget_exceeded
4,439,435,11-20,+25.0%,+39.65%,0.6983,178,✗ No,budget_exceeded
4,439,439,11-20,+25.0%,+32.47%,0.6624,257,✗ No,budget_exceeded
4,442,423,11-20,+25.0%,+57.92%,0.7896,67,✗ No,budget_exceeded
4,442,427,11-20,+25.0%,+54.02%,0.7701,104,✗ No,budget_exceeded
4,442,431,11-20,+25.0%,+40.90%,0.7045,139,✗ No,budget_exceeded
4,442,435,11-20,+25.0%,+33.66%,0.6683,170,✗ No,budget_exceeded
4,442,438,11-20,+25.0%,+30.59%,0.6530,211,✗ No,budget_exceeded
4,442,442,11-20,+24.9%,+1.95%,0.5098,330,✓ Yes,completed
4,446,423,11-20,+25.0%,+56.79%,0.7840,60,✗ No,budget_exceeded
4,446,427,11-20,+25.0%,+44.15%,0.7208,99,✗ No,budget_exceeded
4,446,431,11-20,+25.0%,+34.30%,0.6715,127,✗ No,budget_exceeded
4,446,434,11-20,+25.0%,+31.82%,0.6591,152,✗ No,budget_exceeded
4,446,438,11-20,+25.0%,+28.78%,0.6439,187,✗ No,budget_exceeded
4,446,442,11-20,+23.2%,+2.03%,0.5101,220,✓ Yes,completed
4,446,446,11-20,+21.1%,+1.88%,0.5094,331,✓ Yes,completed
4,450,423,11-20,+25.0%,+52.32%,0.7616,61,✗ No,budget_exceeded
4,450,427,11-20,+25.0%,+34.21%,0.6710,90,✗ No,budget_exceeded
4,450,430,11-20,+25.0%,+31.68%,0.6584,103,✗ No,budget_exceeded
4,450,434,11-20,+25.0%,+29.04%,0.6452,125,✗ No,budget_exceeded
4,450,438,11-20,+23.2%,+2.03%,0.5101,153,✓ Yes,completed
4,450,442,11-20,+21.4%,+1.94%,0.5097,176,✓ Yes,completed
4,450,446,11-20,+19.1%,+1.83%,0.5092,207,✓ Yes,completed
4,450,450,11-20,+17.3%,+1.69%,0.5085,306,✓ Yes,completed
4,453,423,11-20,+25.0%,+34.79%,0.6739,59,✗ No,budget_exceeded
4,453,427,11-20,+25.0%,+30.73%,0.6536,81,✗ No,budget_exceeded
4,453,430,11-20,+25.0%,+28.83%,0.6441,90,✗ No,budget_exceeded
4,453,434,11-20,+23.9%,+2.01%,0.5101,103,✓ Yes,completed
4,453,438,11-20,+21.6%,+1.94%,0.5097,121,✓ Yes,completed
4,453,442,11-20,+19.3%,+1.84%,0.5092,144,✓ Yes,completed
4,453,446,11-20,+17.1%,+1.71%,0.5086,170,✓ Yes,completed
4,453,449,11-20,+15.3%,+1.55%,0.5077,200,✓ Yes,completed
4,453,453,11-20,+13.5%,+1.35%,0.5067,302,✓ Yes,completed
4,457,423,11-20,+25.0%,+29.41%,0.6470,46,✗ No,budget_exceeded
4,457,427,11-20,+23.4%,+1.98%,0.5099,58,✓ Yes,completed
4,457,430,11-20,+22.4%,+1.97%,0.5098,63,✓ Yes,completed
4,457,434,11-20,+21.1%,+1.89%,0.5095,74,✓ Yes,completed
4,457,438,11-20,+19.1%,+1.82%,0.5091,91,✓ Yes,completed
4,457,442,11-20,+17.1%,+1.71%,0.5085,109,✓ Yes,completed
4,457,445,11-20,+15.0%,+1.54%,0.5077,126,✓ Yes,completed
4,457,449,11-20,+13.4%,+1.38%,0.5069,151,✓ Yes,completed
4,457,453,11-20,+11.6%,+1.15%,0.5058,178,✓ Yes,completed
4,457,457,11-20,+10.3%,+1.00%,0.5050,213,✓ Yes,completed
4,460,423,11-20,+23.6%,+1.95%,0.5097,34,✓ Yes,completed
4,460,426,11-20,+22.1%,+1.92%,0.5096,42,✓ Yes,completed
4,460,430,11-20,+21.3%,+1.88%,0.5094,47,✓ Yes,completed
4,460,433,11-20,+20.2%,+1.84%,0.5092,54,✓ Yes,completed
4,460,436,11-20,+18.8%,+1.79%,0.5090,66,✓ Yes,completed
4,460,440,11-20,+17.0%,+1.69%,0.5085,78,✓ Yes,completed
4,460,443,11-20,+14.9%,+1.52%,0.5076,93,✓ Yes,completed
4,460,447,11-20,+13.3%,+1.36%,0.5068,106,✓ Yes,completed
4,460,450,11-20,+11.3%,+1.12%,0.5056,123,✓ Yes,completed
4,460,454,11-20,+9.8%,+0.97%,0.5048,147,✓ Yes,completed
4,460,457,11-20,+8.7%,+0.83%,0.5041,157,✓ Yes,completed
4,460,460,11-20,+7.8%,+0.73%,0.5037,197,✓ Yes,completed
4,464,423,11-20,+21.7%,+1.87%,0.5093,23,✓ Yes,completed
4,464,426,11-20,+20.3%,+1.82%,0.5091,29,✓ Yes,completed
4,464,430,11-20,+19.4%,+1.78%,0.5089,34,✓ Yes,completed
4,464,433,11-20,+18.3%,+1.74%,0.5087,41,✓ Yes,completed
4,464,437,11-20,+17.0%,+1.67%,0.5083,52,✓ Yes,completed
4,464,440,11-20,+15.4%,+1.55%,0.5077,60,✓ Yes,completed
4,464,443,11-20,+13.2%,+1.34%,0.5067,74,✓ Yes,completed
4,464,447,11-20,+11.7%,+1.15%,0.5058,83,✓ Yes,completed
4,464,450,11-20,+9.8%,+0.97%,0.5048,95,✓ Yes,completed
4,464,454,11-20,+8.2%,+0.79%,0.5040,115,✓ Yes,completed
4,464,457,11-20,+7.1%,+0.67%,0.5033,124,✓ Yes,completed
4,464,461,11-20,+6.4%,+0.59%,0.5029,127,✓ Yes,completed
4,464,464,11-20,+5.7%,+0.47%,0.5023,162,✓ Yes,completed
4,432,423,11-21,+25.0%,+62.67%,0.8134,91,✗ No,budget_exceeded
4,432,427,11-21,+25.0%,+61.21%,0.8061,114,✗ No,budget_exceeded
4,432,432,11-21,+25.0%,+58.59%,0.7929,192,✗ No,budget_exceeded
4,435,423,11-21,+25.0%,+61.63%,0.8082,77,✗ No,budget_exceeded
4,435,427,11-21,+25.0%,+59.86%,0.7993,100,✗ No,budget_exceeded
4,435,431,11-21,+25.0%,+56.69%,0.7834,142,✗ No,budget_exceeded
4,435,435,11-21,+25.0%,+49.29%,0.7464,241,✗ No,budget_exceeded
4,439,423,11-21,+25.0%,+59.97%,0.7999,69,✗ No,budget_exceeded
4,439,427,11-21,+25.0%,+56.91%,0.7845,104,✗ No,budget_exceeded
4,439,431,11-21,+25.0%,+49.18%,0.7459,147,✗ No,budget_exceeded
4,439,435,11-21,+25.0%,+39.87%,0.6993,178,✗ No,budget_exceeded
4,439,439,11-21,+25.0%,+32.69%,0.6634,257,✗ No,budget_exceeded
4,442,423,11-21,+25.0%,+58.13%,0.7907,67,✗ No,budget_exceeded
4,442,427,11-21,+25.0%,+54.24%,0.7712,104,✗ No,budget_exceeded
4,442,431,11-21,+25.0%,+41.12%,0.7056,139,✗ No,budget_exceeded
4,442,435,11-21,+25.0%,+33.88%,0.6694,170,✗ No,budget_exceeded
4,442,438,11-21,+25.0%,+30.80%,0.6540,211,✗ No,budget_exceeded
4,442,442,11-21,+24.9%,+1.94%,0.5097,331,✓ Yes,completed
4,446,423,11-21,+25.0%,+57.01%,0.7850,60,✗ No,budget_exceeded
4,446,427,11-21,+25.0%,+44.37%,0.7218,99,✗ No,budget_exceeded
4,446,431,11-21,+25.0%,+34.51%,0.6726,127,✗ No,budget_exceeded
4,446,434,11-21,+25.0%,+32.03%,0.6602,152,✗ No,budget_exceeded
4,446,438,11-21,+25.0%,+29.00%,0.6450,187,✗ No,budget_exceeded
4,446,442,11-21,+23.2%,+2.03%,0.5102,220,✓ Yes,completed
4,446,446,11-21,+21.1%,+1.88%,0.5094,331,✓ Yes,completed
4,450,423,11-21,+25.0%,+52.54%,0.7627,61,✗ No,budget_exceeded
4,450,427,11-21,+25.0%,+34.42%,0.6721,90,✗ No,budget_exceeded
4,450,430,11-21,+25.0%,+31.90%,0.6595,103,✗ No,budget_exceeded
4,450,434,11-21,+25.0%,+29.26%,0.6463,125,✗ No,budget_exceeded
4,450,438,11-21,+23.2%,+2.03%,0.5102,153,✓ Yes,completed
4,450,442,11-21,+21.4%,+1.95%,0.5098,176,✓ Yes,completed
4,450,446,11-21,+19.1%,+1.84%,0.5092,207,✓ Yes,completed
4,450,450,11-21,+17.3%,+1.70%,0.5085,306,✓ Yes,completed
4,453,423,11-21,+25.0%,+35.00%,0.6750,59,✗ No,budget_exceeded
4,453,427,11-21,+25.0%,+30.94%,0.6547,81,✗ No,budget_exceeded
4,453,430,11-21,+25.0%,+29.04%,0.6452,90,✗ No,budget_exceeded
4,453,434,11-21,+23.9%,+2.00%,0.5100,103,✓ Yes,completed
4,453,438,11-21,+21.6%,+1.96%,0.5098,121,✓ Yes,completed
4,453,442,11-21,+19.3%,+1.84%,0.5092,144,✓ Yes,completed
4,453,446,11-21,+17.1%,+1.72%,0.5086,170,✓ Yes,completed
4,453,449,11-21,+15.3%,+1.57%,0.5079,200,✓ Yes,completed
4,453,453,11-21,+13.5%,+1.36%,0.5068,302,✓ Yes,completed
4,457,423,11-21,+25.0%,+29.62%,0.6481,46,✗ No,budget_exceeded
4,457,427,11-21,+23.4%,+1.97%,0.5099,58,✓ Yes,completed
4,457,430,11-21,+22.4%,+1.98%,0.5099,63,✓ Yes,completed
4,457,434,11-21,+21.1%,+1.90%,0.5095,74,✓ Yes,completed
4,457,438,11-21,+19.1%,+1.83%,0.5091,91,✓ Yes,completed
4,457,442,11-21,+17.1%,+1.72%,0.5086,109,✓ Yes,completed
4,457,445,11-21,+15.0%,+1.55%,0.5078,126,✓ Yes,completed
4,457,449,11-21,+13.4%,+1.39%,0.5070,151,✓ Yes,completed
4,457,453,11-21,+11.6%,+1.16%,0.5058,178,✓ Yes,completed
4,457,457,11-21,+10.3%,+1.02%,0.5051,213,✓ Yes,completed
4,460,423,11-21,+23.6%,+1.94%,0.5097,34,✓ Yes,completed
4,460,426,11-21,+22.1%,+1.93%,0.5097,42,✓ Yes,completed
4,460,430,11-21,+21.3%,+1.89%,0.5095,47,✓ Yes,completed
4,460,433,11-21,+20.2%,+1.86%,0.5093,54,✓ Yes,completed
4,460,436,11-21,+18.8%,+1.80%,0.5090,66,✓ Yes,completed
4,460,440,11-21,+17.0%,+1.70%,0.5085,78,✓ Yes,completed
4,460,443,11-21,+14.9%,+1.53%,0.5076,93,✓ Yes,completed
4,460,447,11-21,+13.3%,+1.38%,0.5069,106,✓ Yes,completed
4,460,450,11-21,+11.3%,+1.14%,0.5057,123,✓ Yes,completed
4,460,454,11-21,+9.8%,+0.99%,0.5049,147,✓ Yes,completed
4,460,457,11-21,+8.7%,+0.85%,0.5042,157,✓ Yes,completed
4,460,460,11-21,+7.8%,+0.75%,0.5037,197,✓ Yes,completed
4,464,423,11-21,+21.7%,+1.88%,0.5094,23,✓ Yes,completed
4,464,426,11-21,+20.3%,+1.83%,0.5091,29,✓ Yes,completed
4,464,430,11-21,+19.4%,+1.78%,0.5089,34,✓ Yes,completed
4,464,433,11-21,+18.3%,+1.75%,0.5088,41,✓ Yes,completed
4,464,437,11-21,+17.0%,+1.68%,0.5084,52,✓ Yes,completed
4,464,440,11-21,+15.4%,+1.57%,0.5078,60,✓ Yes,completed
4,464,443,11-21,+13.2%,+1.36%,0.5068,74,✓ Yes,completed
4,464,447,11-21,+11.7%,+1.16%,0.5058,83,✓ Yes,completed
4,464,450,11-21,+9.8%,+0.99%,0.5049,95,✓ Yes,completed
4,464,454,11-21,+8.2%,+0.80%,0.5040,115,✓ Yes,completed
4,464,457,11-21,+7.1%,+0.69%,0.5034,124,✓ Yes,completed
4,464,461,11-21,+6.4%,+0.60%,0.5030,127,✓ Yes,completed
4,464,464,11-21,+5.7%,+0.49%,0.5024,162,✓ Yes,completed
4,432,423,11-22,+25.0%,+62.88%,0.8144,91,✗ No,budget_exceeded
4,432,427,11-22,+25.0%,+61.42%,0.8071,114,✗ No,budget_exceeded
4,432,432,11-22,+25.0%,+58.80%,0.7940,192,✗ No,budget_exceeded
4,435,423,11-22,+25.0%,+61.84%,0.8092,77,✗ No,budget_exceeded
4,435,427,11-22,+25.0%,+60.07%,0.8004,100,✗ No,budget_exceeded
4,435,431,11-22,+25.0%,+56.90%,0.7845,142,✗ No,budget_exceeded
4,435,435,11-22,+25.0%,+49.49%,0.7475,241,✗ No,budget_exceeded
4,439,423,11-22,+25.0%,+60.18%,0.8009,69,✗ No,budget_exceeded
4,439,427,11-22,+25.0%,+57.12%,0.7856,104,✗ No,budget_exceeded
4,439,431,11-22,+25.0%,+49.39%,0.7469,147,✗ No,budget_exceeded
4,439,435,11-22,+25.0%,+40.00%,0.7000,179,✗ No,budget_exceeded
4,439,439,11-22,+25.0%,+32.90%,0.6645,257,✗ No,budget_exceeded
4,442,423,11-22,+25.0%,+58.34%,0.7917,67,✗ No,budget_exceeded
4,442,427,11-22,+25.0%,+54.45%,0.7722,104,✗ No,budget_exceeded
4,442,431,11-22,+25.0%,+41.33%,0.7066,139,✗ No,budget_exceeded
4,442,435,11-22,+25.0%,+34.09%,0.6704,170,✗ No,budget_exceeded
4,442,438,11-22,+25.0%,+31.01%,0.6551,211,✗ No,budget_exceeded
4,442,442,11-22,+24.9%,+1.94%,0.5097,331,✓ Yes,completed
4,446,423,11-22,+25.0%,+57.22%,0.7861,60,✗ No,budget_exceeded
4,446,427,11-22,+25.0%,+44.58%,0.7229,99,✗ No,budget_exceeded
4,446,431,11-22,+25.0%,+34.73%,0.6736,127,✗ No,budget_exceeded
4,446,434,11-22,+25.0%,+32.25%,0.6612,152,✗ No,budget_exceeded
4,446,438,11-22,+25.0%,+29.18%,0.6459,187,✓ Yes,budget_exceeded
4,446,442,11-22,+23.2%,+2.03%,0.5102,220,✓ Yes,completed
4,446,446,11-22,+21.0%,+1.90%,0.5095,331,✓ Yes,completed
4,450,423,11-22,+25.0%,+52.76%,0.7638,61,✗ No,budget_exceeded
4,450,427,11-22,+25.0%,+34.64%,0.6732,90,✗ No,budget_exceeded
4,450,430,11-22,+25.0%,+32.12%,0.6606,103,✗ No,budget_exceeded
4,450,434,11-22,+25.0%,+29.48%,0.6474,125,✗ No,budget_exceeded
4,450,438,11-22,+23.2%,+2.03%,0.5102,153,✓ Yes,completed
4,450,442,11-22,+21.4%,+1.97%,0.5099,176,✓ Yes,completed
4,450,446,11-22,+19.1%,+1.84%,0.5092,207,✓ Yes,completed
4,450,450,11-22,+17.3%,+1.72%,0.5086,306,✓ Yes,completed
4,453,423,11-22,+25.0%,+35.22%,0.6761,59,✗ No,budget_exceeded
4,453,427,11-22,+25.0%,+31.16%,0.6558,81,✗ No,budget_exceeded
4,453,430,11-22,+25.0%,+29.26%,0.6463,90,✗ No,budget_exceeded
4,453,434,11-22,+23.9%,+1.99%,0.5100,103,✓ Yes,completed
4,453,438,11-22,+21.6%,+1.97%,0.5099,121,✓ Yes,completed
4,453,442,11-22,+19.3%,+1.85%,0.5092,144,✓ Yes,completed
4,453,446,11-22,+17.1%,+1.74%,0.5087,170,✓ Yes,completed
4,453,449,11-22,+15.3%,+1.60%,0.5080,200,✓ Yes,completed
4,453,453,11-22,+13.5%,+1.39%,0.5069,302,✓ Yes,completed
4,457,423,11-22,+25.0%,+29.84%,0.6492,46,✗ No,budget_exceeded
4,457,427,11-22,+23.4%,+1.97%,0.5099,58,✓ Yes,completed
4,457,430,11-22,+22.4%,+1.99%,0.5099,63,✓ Yes,completed
4,457,434,11-22,+21.1%,+1.92%,0.5096,74,✓ Yes,completed
4,457,438,11-22,+19.1%,+1.83%,0.5092,91,✓ Yes,completed
4,457,442,11-22,+17.1%,+1.73%,0.5087,109,✓ Yes,completed
4,457,445,11-22,+15.0%,+1.58%,0.5079,126,✓ Yes,completed
4,457,449,11-22,+13.4%,+1.42%,0.5071,151,✓ Yes,completed
4,457,453,11-22,+11.6%,+1.19%,0.5060,178,✓ Yes,completed
4,457,457,11-22,+10.3%,+1.04%,0.5052,213,✓ Yes,completed
4,460,423,11-22,+23.6%,+1.94%,0.5097,34,✓ Yes,completed
4,460,426,11-22,+22.1%,+1.95%,0.5097,42,✓ Yes,completed
4,460,430,11-22,+21.3%,+1.92%,0.5096,47,✓ Yes,completed
4,460,433,11-22,+20.2%,+1.87%,0.5093,54,✓ Yes,completed
4,460,436,11-22,+18.8%,+1.81%,0.5091,66,✓ Yes,completed
4,460,440,11-22,+17.0%,+1.72%,0.5086,78,✓ Yes,completed
4,460,443,11-22,+14.9%,+1.55%,0.5078,93,✓ Yes,completed
4,460,447,11-22,+13.3%,+1.40%,0.5070,106,✓ Yes,completed
4,460,450,11-22,+11.3%,+1.16%,0.5058,123,✓ Yes,completed
4,460,454,11-22,+9.8%,+1.01%,0.5050,147,✓ Yes,completed
4,460,457,11-22,+8.7%,+0.88%,0.5044,157,✓ Yes,completed
4,460,460,11-22,+7.8%,+0.77%,0.5038,197,✓ Yes,completed
4,464,423,11-22,+21.7%,+1.89%,0.5095,23,✓ Yes,completed
4,464,426,11-22,+20.3%,+1.84%,0.5092,29,✓ Yes,completed
4,464,430,11-22,+19.4%,+1.79%,0.5090,34,✓ Yes,completed
4,464,433,11-22,+18.3%,+1.77%,0.5088,41,✓ Yes,completed
4,464,437,11-22,+17.0%,+1.69%,0.5085,52,✓ Yes,completed
4,464,440,11-22,+15.4%,+1.59%,0.5080,60,✓ Yes,completed
4,464,443,11-22,+13.2%,+1.39%,0.5069,74,✓ Yes,completed
4,464,447,11-22,+11.7%,+1.20%,0.5060,83,✓ Yes,completed
4,464,450,11-22,+9.8%,+1.01%,0.5050,95,✓ Yes,completed
4,464,454,11-22,+8.2%,+0.82%,0.5041,115,✓ Yes,completed
4,464,457,11-22,+7.1%,+0.71%,0.5036,124,✓ Yes,completed
4,464,461,11-22,+6.4%,+0.62%,0.5031,127,✓ Yes,completed
4,464,464,11-22,+5.7%,+0.51%,0.5026,162,✓ Yes,completed
5,439,431,11-20,+25.0%,+50.00%,0.7500,145,✗ No,budget_exceeded
5,439,433,11-20,+25.0%,+42.08%,0.7104,160,✗ No,budget_exceeded
5,439,435,11-20,+25.0%,+39.86%,0.6993,176,✗ No,budget_exceeded
5,439,437,11-20,+25.0%,+34.90%,0.6745,203,✗ No,budget_exceeded
5,439,439,11-20,+25.0%,+32.62%,0.6631,283,✗ No,budget_exceeded
5,440,431,11-20,+25.0%,+42.06%,0.7103,143,✗ No,budget_exceeded
5,440,433,11-20,+25.0%,+40.00%,0.7000,157,✗ No,budget_exceeded
5,440,435,11-20,+25.0%,+35.00%,0.6750,175,✗ No,budget_exceeded
5,440,437,11-20,+25.0%,+33.11%,0.6656,199,✗ No,budget_exceeded
5,440,438,11-20,+25.0%,+31.76%,0.6588,219,✗ No,budget_exceeded
5,440,440,11-20,+25.0%,+30.66%,0.6533,286,✗ No,budget_exceeded
5,442,431,11-20,+25.0%,+40.93%,0.7046,143,✗ No,budget_exceeded
5,442,433,11-20,+25.0%,+37.66%,0.6883,157,✗ No,budget_exceeded
5,442,434,11-20,+25.0%,+34.15%,0.6708,168,✗ No,budget_exceeded
5,442,436,11-20,+25.0%,+32.74%,0.6637,187,✗ No,budget_exceeded
5,442,437,11-20,+25.0%,+31.76%,0.6588,201,✗ No,budget_exceeded
5,442,439,11-20,+25.0%,+30.54%,0.6527,217,✗ No,budget_exceeded
5,442,440,11-20,+25.0%,+29.96%,0.6498,230,✗ No,budget_exceeded
5,442,442,11-20,+25.0%,+28.67%,0.6434,305,✗ No,budget_exceeded
5,444,431,11-20,+25.0%,+37.87%,0.6893,140,✗ No,budget_exceeded
5,444,433,11-20,+25.0%,+34.16%,0.6708,153,✓ Yes,budget_exceeded
5,444,434,11-20,+25.0%,+33.19%,0.6660,162,✗ No,budget_exceeded
5,444,436,11-20,+25.0%,+32.02%,0.6601,179,✗ No,budget_exceeded
5,444,437,11-20,+25.0%,+30.74%,0.6537,192,✗ No,budget_exceeded
5,444,439,11-20,+25.0%,+29.85%,0.6492,205,✗ No,budget_exceeded
5,444,440,11-20,+25.0%,+28.74%,0.6437,225,✗ No,budget_exceeded
5,444,442,11-20,+24.5%,+1.99%,0.5099,252,✓ Yes,completed
5,444,444,11-20,+23.5%,+1.99%,0.5100,332,✓ Yes,completed
5,445,431,11-20,+25.0%,+34.89%,0.6745,132,✗ No,budget_exceeded
5,445,433,11-20,+25.0%,+33.29%,0.6665,146,✗ No,budget_exceeded
5,445,434,11-20,+25.0%,+32.28%,0.6614,153,✗ No,budget_exceeded
5,445,436,11-20,+25.0%,+31.12%,0.6556,170,✗ No,budget_exceeded
5,445,437,11-20,+25.0%,+29.99%,0.6499,180,✗ No,budget_exceeded
5,445,439,11-20,+25.0%,+28.73%,0.6436,198,✗ No,budget_exceeded
5,445,440,11-20,+24.7%,+1.99%,0.5100,217,✓ Yes,completed
5,445,442,11-20,+23.7%,+2.03%,0.5101,228,✓ Yes,completed
5,445,444,11-20,+22.6%,+2.01%,0.5100,249,✓ Yes,completed
5,445,445,11-20,+21.9%,+1.92%,0.5096,354,✓ Yes,completed
5,447,431,11-20,+25.0%,+33.19%,0.6659,124,✗ No,budget_exceeded
5,447,433,11-20,+25.0%,+31.96%,0.6598,135,✗ No,budget_exceeded
5,447,434,11-20,+25.0%,+31.09%,0.6554,140,✗ No,budget_exceeded
5,447,436,11-20,+25.0%,+30.32%,0.6516,152,✗ No,budget_exceeded
5,447,437,11-20,+25.0%,+28.81%,0.6441,168,✗ No,budget_exceeded
5,447,439,11-20,+24.7%,+2.00%,0.5100,184,✓ Yes,completed
5,447,440,11-20,+23.9%,+2.03%,0.5101,194,✓ Yes,completed
5,447,442,11-20,+22.9%,+2.02%,0.5101,209,✓ Yes,completed
5,447,444,11-20,+21.8%,+1.96%,0.5098,227,✓ Yes,completed
5,447,445,11-20,+21.0%,+1.91%,0.5096,237,✓ Yes,completed
5,447,447,11-20,+20.2%,+1.85%,0.5092,315,✓ Yes,completed
5,448,431,11-20,+25.0%,+32.22%,0.6611,123,✗ No,budget_exceeded
5,448,433,11-20,+25.0%,+31.01%,0.6550,133,✗ No,budget_exceeded
5,448,434,11-20,+25.0%,+30.49%,0.6525,136,✗ No,budget_exceeded
5,448,436,11-20,+25.0%,+29.54%,0.6477,151,✗ No,budget_exceeded
5,448,437,11-20,+24.7%,+2.00%,0.5100,168,✓ Yes,completed
5,448,439,11-20,+23.8%,+2.03%,0.5101,178,✓ Yes,completed
5,448,440,11-20,+23.1%,+2.03%,0.5101,187,✓ Yes,completed
5,448,442,11-20,+22.1%,+1.98%,0.5099,202,✓ Yes,completed
5,448,444,11-20,+20.9%,+1.91%,0.5095,220,✓ Yes,completed
5,448,445,11-20,+20.1%,+1.86%,0.5093,229,✓ Yes,completed
5,448,447,11-20,+19.3%,+1.83%,0.5092,239,✓ Yes,completed
5,448,448,11-20,+18.6%,+1.76%,0.5088,325,✓ Yes,completed
5,450,431,11-20,+25.0%,+30.36%,0.6518,108,✗ No,budget_exceeded
5,450,433,11-20,+25.0%,+29.69%,0.6485,114,✗ No,budget_exceeded
5,450,434,11-20,+25.0%,+28.94%,0.6447,119,✗ No,budget_exceeded
5,450,436,11-20,+24.4%,+2.00%,0.5100,132,✓ Yes,completed
5,450,437,11-20,+23.5%,+2.03%,0.5102,139,✓ Yes,completed
5,450,439,11-20,+22.6%,+2.02%,0.5101,149,✓ Yes,completed
5,450,440,11-20,+21.9%,+1.97%,0.5099,158,✓ Yes,completed
5,450,442,11-20,+21.0%,+1.92%,0.5096,173,✓ Yes,completed
5,450,444,11-20,+19.8%,+1.85%,0.5093,191,✓ Yes,completed
5,450,445,11-20,+19.0%,+1.83%,0.5092,198,✓ Yes,completed
5,450,447,11-20,+18.3%,+1.78%,0.5089,206,✓ Yes,completed
5,450,448,11-20,+17.5%,+1.74%,0.5087,227,✓ Yes,completed
5,450,450,11-20,+16.9%,+1.67%,0.5084,279,✓ Yes,completed
5,452,431,11-20,+25.0%,+28.91%,0.6446,99,✗ No,budget_exceeded
5,452,433,11-20,+24.8%,+1.98%,0.5099,105,✓ Yes,completed
5,452,434,11-20,+24.3%,+2.00%,0.5100,108,✓ Yes,completed
5,452,436,11-20,+23.3%,+2.03%,0.5101,120,✓ Yes,completed
5,452,437,11-20,+22.4%,+2.00%,0.5100,125,✓ Yes,completed
5,452,439,11-20,+21.5%,+1.94%,0.5097,135,✓ Yes,completed
5,452,441,11-20,+20.8%,+1.92%,0.5096,140,✓ Yes,completed
5,452,442,11-20,+19.8%,+1.86%,0.5093,154,✓ Yes,completed
5,452,444,11-20,+18.9%,+1.83%,0.5092,168,✓ Yes,completed
5,452,445,11-20,+18.0%,+1.77%,0.5089,177,✓ Yes,completed
5,452,447,11-20,+17.4%,+1.74%,0.5087,183,✓ Yes,completed
5,452,448,11-20,+16.6%,+1.68%,0.5084,200,✓ Yes,completed
5,452,450,11-20,+15.7%,+1.60%,0.5080,214,✓ Yes,completed
5,452,452,11-20,+15.0%,+1.49%,0.5075,297,✓ Yes,completed
5,453,431,11-20,+24.9%,+1.96%,0.5098,95,✓ Yes,completed
5,453,433,11-20,+24.3%,+1.98%,0.5099,100,✓ Yes,completed
5,453,434,11-20,+23.9%,+2.01%,0.5101,103,✓ Yes,completed
5,453,436,11-20,+22.8%,+2.01%,0.5100,114,✓ Yes,completed
5,453,437,11-20,+21.8%,+1.96%,0.5098,119,✓ Yes,completed
5,453,439,11-20,+20.9%,+1.91%,0.5096,128,✓ Yes,completed
5,453,441,11-20,+20.0%,+1.87%,0.5093,135,✓ Yes,completed
5,453,442,11-20,+19.1%,+1.83%,0.5092,146,✓ Yes,completed
5,453,444,11-20,+18.1%,+1.77%,0.5089,159,✓ Yes,completed
5,453,445,11-20,+17.2%,+1.72%,0.5086,168,✓ Yes,completed
5,453,447,11-20,+16.6%,+1.69%,0.5084,174,✓ Yes,completed
5,453,448,11-20,+15.8%,+1.62%,0.5081,191,✓ Yes,completed
5,453,450,11-20,+14.9%,+1.51%,0.5076,202,✓ Yes,completed
5,453,452,11-20,+14.1%,+1.44%,0.5072,223,✓ Yes,completed
5,453,453,11-20,+13.5%,+1.35%,0.5067,302,✓ Yes,completed
5,439,431,11-21,+25.0%,+50.22%,0.7511,145,✗ No,budget_exceeded
5,439,433,11-21,+25.0%,+42.30%,0.7115,160,✗ No,budget_exceeded
5,439,435,11-21,+25.0%,+40.08%,0.7004,176,✗ No,budget_exceeded
5,439,437,11-21,+25.0%,+35.11%,0.6755,203,✗ No,budget_exceeded
5,439,439,11-21,+25.0%,+32.83%,0.6642,283,✗ No,budget_exceeded
5,440,431,11-21,+25.0%,+42.28%,0.7114,143,✗ No,budget_exceeded
5,440,433,11-21,+25.0%,+40.22%,0.7011,157,✗ No,budget_exceeded
5,440,435,11-21,+25.0%,+35.21%,0.6761,175,✗ No,budget_exceeded
5,440,437,11-21,+25.0%,+33.33%,0.6666,199,✗ No,budget_exceeded
5,440,438,11-21,+25.0%,+31.97%,0.6598,219,✗ No,budget_exceeded
5,440,440,11-21,+25.0%,+30.87%,0.6544,286,✗ No,budget_exceeded
5,442,431,11-21,+25.0%,+41.14%,0.7057,143,✗ No,budget_exceeded
5,442,433,11-21,+25.0%,+37.87%,0.6894,157,✗ No,budget_exceeded
5,442,434,11-21,+25.0%,+34.36%,0.6718,168,✗ No,budget_exceeded
5,442,436,11-21,+25.0%,+32.96%,0.6648,187,✗ No,budget_exceeded
5,442,437,11-21,+25.0%,+31.97%,0.6598,201,✗ No,budget_exceeded
5,442,439,11-21,+25.0%,+30.76%,0.6538,217,✗ No,budget_exceeded
5,442,440,11-21,+25.0%,+30.17%,0.6509,230,✗ No,budget_exceeded
5,442,442,11-21,+25.0%,+28.88%,0.6444,305,✗ No,budget_exceeded
5,444,431,11-21,+25.0%,+38.08%,0.6904,140,✗ No,budget_exceeded
5,444,433,11-21,+25.0%,+34.37%,0.6718,153,✓ Yes,budget_exceeded
5,444,434,11-21,+25.0%,+33.41%,0.6670,162,✗ No,budget_exceeded
5,444,436,11-21,+25.0%,+32.24%,0.6612,179,✗ No,budget_exceeded
5,444,437,11-21,+25.0%,+30.96%,0.6548,192,✗ No,budget_exceeded
5,444,439,11-21,+25.0%,+30.06%,0.6503,205,✗ No,budget_exceeded
5,444,440,11-21,+25.0%,+28.95%,0.6448,225,✗ No,budget_exceeded
5,444,442,11-21,+24.5%,+1.98%,0.5099,252,✓ Yes,completed
5,444,444,11-21,+23.5%,+1.99%,0.5100,332,✓ Yes,completed
5,445,431,11-21,+25.0%,+35.11%,0.6755,132,✗ No,budget_exceeded
5,445,433,11-21,+25.0%,+33.51%,0.6675,146,✗ No,budget_exceeded
5,445,434,11-21,+25.0%,+32.50%,0.6625,153,✗ No,budget_exceeded
5,445,436,11-21,+25.0%,+31.33%,0.6567,170,✗ No,budget_exceeded
5,445,437,11-21,+25.0%,+30.20%,0.6510,180,✗ No,budget_exceeded
5,445,439,11-21,+25.0%,+28.94%,0.6447,198,✗ No,budget_exceeded
5,445,440,11-21,+24.7%,+1.99%,0.5099,217,✓ Yes,completed
5,445,442,11-21,+23.7%,+2.02%,0.5101,228,✓ Yes,completed
5,445,444,11-21,+22.6%,+2.01%,0.5101,249,✓ Yes,completed
5,445,445,11-21,+21.9%,+1.93%,0.5096,354,✓ Yes,completed
5,447,431,11-21,+25.0%,+33.40%,0.6670,124,✗ No,budget_exceeded
5,447,433,11-21,+25.0%,+32.18%,0.6609,135,✗ No,budget_exceeded
5,447,434,11-21,+25.0%,+31.30%,0.6565,140,✗ No,budget_exceeded
5,447,436,11-21,+25.0%,+30.53%,0.6527,152,✗ No,budget_exceeded
5,447,437,11-21,+25.0%,+29.02%,0.6451,168,✗ No,budget_exceeded
5,447,439,11-21,+24.7%,+1.99%,0.5100,184,✓ Yes,completed
5,447,440,11-21,+23.9%,+2.02%,0.5101,195,✓ Yes,completed
5,447,442,11-21,+22.9%,+2.03%,0.5101,209,✓ Yes,completed
5,447,444,11-21,+21.8%,+1.97%,0.5099,227,✓ Yes,completed
5,447,445,11-21,+21.0%,+1.92%,0.5096,237,✓ Yes,completed
5,447,447,11-21,+20.2%,+1.86%,0.5093,315,✓ Yes,completed
5,448,431,11-21,+25.0%,+32.43%,0.6621,123,✗ No,budget_exceeded
5,448,433,11-21,+25.0%,+31.22%,0.6561,133,✗ No,budget_exceeded
5,448,434,11-21,+25.0%,+30.70%,0.6535,136,✗ No,budget_exceeded
5,448,436,11-21,+25.0%,+29.75%,0.6487,151,✗ No,budget_exceeded
5,448,437,11-21,+24.7%,+1.99%,0.5099,168,✓ Yes,completed
5,448,439,11-21,+23.8%,+2.02%,0.5101,179,✓ Yes,completed
5,448,440,11-21,+23.1%,+2.03%,0.5101,187,✓ Yes,completed
5,448,442,11-21,+22.1%,+1.99%,0.5100,202,✓ Yes,completed
5,448,444,11-21,+20.9%,+1.91%,0.5096,220,✓ Yes,completed
5,448,445,11-21,+20.1%,+1.88%,0.5094,229,✓ Yes,completed
5,448,447,11-21,+19.3%,+1.83%,0.5092,239,✓ Yes,completed
5,448,448,11-21,+18.6%,+1.78%,0.5089,325,✓ Yes,completed
5,450,431,11-21,+25.0%,+30.58%,0.6529,108,✗ No,budget_exceeded
5,450,433,11-21,+25.0%,+29.90%,0.6495,114,✗ No,budget_exceeded
5,450,434,11-21,+25.0%,+29.16%,0.6458,119,✗ No,budget_exceeded
5,450,436,11-21,+24.4%,+1.99%,0.5100,132,✓ Yes,completed
5,450,437,11-21,+23.5%,+2.03%,0.5102,139,✓ Yes,completed
5,450,439,11-21,+22.6%,+2.02%,0.5101,149,✓ Yes,completed
5,450,440,11-21,+21.9%,+1.99%,0.5099,158,✓ Yes,completed
5,450,442,11-21,+21.0%,+1.92%,0.5096,173,✓ Yes,completed
5,450,444,11-21,+19.8%,+1.86%,0.5093,191,✓ Yes,completed
5,450,445,11-21,+19.0%,+1.83%,0.5092,198,✓ Yes,completed
5,450,447,11-21,+18.3%,+1.80%,0.5090,206,✓ Yes,completed
5,450,448,11-21,+17.5%,+1.75%,0.5087,227,✓ Yes,completed
5,450,450,11-21,+16.9%,+1.68%,0.5084,279,✓ Yes,completed
5,452,431,11-21,+25.0%,+29.12%,0.6456,99,✗ No,budget_exceeded
5,452,433,11-21,+24.8%,+1.97%,0.5099,105,✓ Yes,completed
5,452,434,11-21,+24.3%,+1.99%,0.5099,108,✓ Yes,completed
5,452,436,11-21,+23.3%,+2.03%,0.5101,120,✓ Yes,completed
5,452,437,11-21,+22.4%,+2.01%,0.5100,125,✓ Yes,completed
5,452,439,11-21,+21.5%,+1.96%,0.5098,135,✓ Yes,completed
5,452,441,11-21,+20.8%,+1.92%,0.5096,140,✓ Yes,completed
5,452,442,11-21,+19.8%,+1.87%,0.5093,154,✓ Yes,completed
5,452,444,11-21,+18.9%,+1.83%,0.5092,168,✓ Yes,completed
5,452,445,11-21,+18.0%,+1.78%,0.5089,177,✓ Yes,completed
5,452,447,11-21,+17.4%,+1.75%,0.5087,183,✓ Yes,completed
5,452,448,11-21,+16.6%,+1.69%,0.5084,200,✓ Yes,completed
5,452,450,11-21,+15.7%,+1.62%,0.5081,214,✓ Yes,completed
5,452,452,11-21,+15.0%,+1.50%,0.5075,297,✓ Yes,completed
5,453,431,11-21,+24.9%,+1.96%,0.5098,95,✓ Yes,completed
5,453,433,11-21,+24.3%,+1.98%,0.5099,100,✓ Yes,completed
5,453,434,11-21,+23.9%,+2.00%,0.5100,103,✓ Yes,completed
5,453,436,11-21,+22.8%,+2.01%,0.5101,114,✓ Yes,completed
5,453,437,11-21,+21.8%,+1.97%,0.5098,119,✓ Yes,completed
5,453,439,11-21,+20.9%,+1.91%,0.5096,128,✓ Yes,completed
5,453,441,11-21,+20.0%,+1.88%,0.5094,135,✓ Yes,completed
5,453,442,11-21,+19.1%,+1.84%,0.5092,146,✓ Yes,completed
5,453,444,11-21,+18.1%,+1.78%,0.5089,159,✓ Yes,completed
5,453,445,11-21,+17.2%,+1.73%,0.5086,168,✓ Yes,completed
5,453,447,11-21,+16.6%,+1.69%,0.5085,174,✓ Yes,completed
5,453,448,11-21,+15.8%,+1.63%,0.5082,191,✓ Yes,completed
5,453,450,11-21,+14.9%,+1.53%,0.5076,202,✓ Yes,completed
5,453,452,11-21,+14.1%,+1.46%,0.5073,223,✓ Yes,completed
5,453,453,11-21,+13.5%,+1.36%,0.5068,302,✓ Yes,completed
5,439,431,11-22,+25.0%,+49.52%,0.7476,146,✗ No,budget_exceeded
5,439,433,11-22,+25.0%,+42.50%,0.7125,160,✗ No,budget_exceeded
5,439,435,11-22,+25.0%,+40.22%,0.7011,177,✗ No,budget_exceeded
5,439,437,11-22,+25.0%,+35.32%,0.6766,203,✗ No,budget_exceeded
5,439,439,11-22,+25.0%,+33.04%,0.6652,283,✗ No,budget_exceeded
5,440,431,11-22,+25.0%,+42.48%,0.7124,143,✗ No,budget_exceeded
5,440,433,11-22,+25.0%,+40.43%,0.7021,157,✗ No,budget_exceeded
5,440,435,11-22,+25.0%,+35.42%,0.6771,175,✗ No,budget_exceeded
5,440,437,11-22,+25.0%,+33.54%,0.6677,199,✗ No,budget_exceeded
5,440,438,11-22,+25.0%,+32.18%,0.6609,219,✗ No,budget_exceeded
5,440,440,11-22,+25.0%,+31.08%,0.6554,286,✗ No,budget_exceeded
5,442,431,11-22,+25.0%,+41.35%,0.7067,143,✗ No,budget_exceeded
5,442,433,11-22,+25.0%,+38.08%,0.6904,157,✗ No,budget_exceeded
5,442,434,11-22,+25.0%,+34.57%,0.6729,168,✗ No,budget_exceeded
5,442,436,11-22,+25.0%,+33.17%,0.6658,187,✗ No,budget_exceeded
5,442,437,11-22,+25.0%,+32.18%,0.6609,201,✗ No,budget_exceeded
5,442,439,11-22,+25.0%,+30.96%,0.6548,217,✗ No,budget_exceeded
5,442,440,11-22,+25.0%,+30.38%,0.6519,230,✗ No,budget_exceeded
5,442,442,11-22,+25.0%,+29.09%,0.6455,305,✗ No,budget_exceeded
5,444,431,11-22,+25.0%,+38.29%,0.6915,140,✗ No,budget_exceeded
5,444,433,11-22,+25.0%,+34.58%,0.6729,154,✗ No,budget_exceeded
5,444,434,11-22,+25.0%,+33.62%,0.6681,162,✗ No,budget_exceeded
5,444,436,11-22,+25.0%,+32.45%,0.6622,179,✗ No,budget_exceeded
5,444,437,11-22,+25.0%,+31.17%,0.6558,192,✗ No,budget_exceeded
5,444,439,11-22,+25.0%,+30.21%,0.6510,206,✗ No,budget_exceeded
5,444,440,11-22,+25.0%,+29.16%,0.6458,225,✗ No,budget_exceeded
5,444,442,11-22,+24.5%,+1.98%,0.5099,252,✓ Yes,completed
5,444,444,11-22,+23.5%,+1.99%,0.5099,333,✓ Yes,completed
5,445,431,11-22,+25.0%,+35.32%,0.6766,132,✗ No,budget_exceeded
5,445,433,11-22,+25.0%,+33.67%,0.6684,147,✗ No,budget_exceeded
5,445,434,11-22,+25.0%,+32.71%,0.6635,153,✗ No,budget_exceeded
5,445,436,11-22,+25.0%,+31.54%,0.6577,170,✗ No,budget_exceeded
5,445,437,11-22,+25.0%,+30.41%,0.6521,180,✗ No,budget_exceeded
5,445,439,11-22,+25.0%,+29.16%,0.6458,198,✗ No,budget_exceeded
5,445,440,11-22,+24.7%,+1.98%,0.5099,218,✓ Yes,completed
5,445,442,11-22,+23.7%,+2.01%,0.5101,229,✓ Yes,completed
5,445,444,11-22,+22.6%,+2.02%,0.5101,249,✓ Yes,completed
5,445,445,11-22,+21.9%,+1.95%,0.5097,354,✓ Yes,completed
5,447,431,11-22,+25.0%,+33.62%,0.6681,124,✗ No,budget_exceeded
5,447,433,11-22,+25.0%,+32.40%,0.6620,135,✗ No,budget_exceeded
5,447,434,11-22,+25.0%,+31.52%,0.6576,140,✗ No,budget_exceeded
5,447,436,11-22,+25.0%,+30.75%,0.6538,152,✗ No,budget_exceeded
5,447,437,11-22,+25.0%,+29.24%,0.6462,168,✗ No,budget_exceeded
5,447,439,11-22,+24.7%,+1.99%,0.5099,185,✓ Yes,completed
5,447,440,11-22,+23.9%,+2.01%,0.5100,196,✓ Yes,completed
5,447,442,11-22,+22.9%,+2.04%,0.5102,209,✓ Yes,completed
5,447,444,11-22,+21.8%,+1.99%,0.5100,227,✓ Yes,completed
5,447,445,11-22,+21.0%,+1.93%,0.5097,237,✓ Yes,completed
5,447,447,11-22,+20.2%,+1.87%,0.5094,315,✓ Yes,completed
5,448,431,11-22,+25.0%,+32.65%,0.6632,123,✗ No,budget_exceeded
5,448,433,11-22,+25.0%,+31.44%,0.6572,133,✗ No,budget_exceeded
5,448,434,11-22,+25.0%,+30.92%,0.6546,136,✗ No,budget_exceeded
5,448,436,11-22,+25.0%,+29.97%,0.6498,151,✗ No,budget_exceeded
5,448,437,11-22,+24.7%,+1.98%,0.5099,169,✓ Yes,completed
5,448,439,11-22,+23.8%,+2.01%,0.5100,180,✓ Yes,completed
5,448,440,11-22,+23.1%,+2.04%,0.5102,187,✓ Yes,completed
5,448,442,11-22,+22.1%,+2.01%,0.5100,202,✓ Yes,completed
5,448,444,11-22,+20.9%,+1.93%,0.5096,220,✓ Yes,completed
5,448,445,11-22,+20.1%,+1.90%,0.5095,229,✓ Yes,completed
5,448,447,11-22,+19.3%,+1.84%,0.5092,239,✓ Yes,completed
5,448,448,11-22,+18.6%,+1.79%,0.5089,325,✓ Yes,completed
5,450,431,11-22,+25.0%,+30.80%,0.6540,108,✗ No,budget_exceeded
5,450,433,11-22,+25.0%,+30.12%,0.6506,114,✗ No,budget_exceeded
5,450,434,11-22,+25.0%,+29.38%,0.6469,119,✗ No,budget_exceeded
5,450,436,11-22,+24.4%,+1.99%,0.5100,132,✓ Yes,completed
5,450,437,11-22,+23.5%,+2.03%,0.5101,139,✓ Yes,completed
5,450,439,11-22,+22.6%,+2.03%,0.5102,149,✓ Yes,completed
5,450,440,11-22,+21.9%,+2.00%,0.5100,158,✓ Yes,completed
5,450,442,11-22,+21.0%,+1.94%,0.5097,173,✓ Yes,completed
5,450,444,11-22,+19.8%,+1.89%,0.5094,191,✓ Yes,completed
5,450,445,11-22,+19.0%,+1.84%,0.5092,198,✓ Yes,completed
5,450,447,11-22,+18.3%,+1.81%,0.5091,206,✓ Yes,completed
5,450,448,11-22,+17.5%,+1.76%,0.5088,227,✓ Yes,completed
5,450,450,11-22,+16.9%,+1.70%,0.5085,279,✓ Yes,completed
5,452,431,11-22,+25.0%,+29.34%,0.6467,99,✗ No,budget_exceeded
5,452,433,11-22,+24.8%,+1.97%,0.5099,105,✓ Yes,completed
5,452,434,11-22,+24.3%,+1.99%,0.5099,108,✓ Yes,completed
5,452,436,11-22,+23.3%,+2.03%,0.5101,120,✓ Yes,completed
5,452,437,11-22,+22.4%,+2.02%,0.5101,125,✓ Yes,completed
5,452,439,11-22,+21.5%,+1.97%,0.5099,135,✓ Yes,completed
5,452,441,11-22,+20.8%,+1.93%,0.5097,140,✓ Yes,completed
5,452,442,11-22,+19.8%,+1.89%,0.5095,154,✓ Yes,completed
5,452,444,11-22,+18.9%,+1.85%,0.5092,168,✓ Yes,completed
5,452,445,11-22,+18.0%,+1.80%,0.5090,177,✓ Yes,completed
5,452,447,11-22,+17.4%,+1.76%,0.5088,183,✓ Yes,completed
5,452,448,11-22,+16.6%,+1.71%,0.5085,200,✓ Yes,completed
5,452,450,11-22,+15.7%,+1.64%,0.5082,214,✓ Yes,completed
5,452,452,11-22,+15.0%,+1.53%,0.5077,297,✓ Yes,completed
5,453,431,11-22,+24.9%,+1.96%,0.5098,95,✓ Yes,completed
5,453,433,11-22,+24.3%,+1.98%,0.5099,100,✓ Yes,completed
5,453,434,11-22,+23.9%,+1.99%,0.5100,103,✓ Yes,completed
5,453,436,11-22,+22.8%,+2.02%,0.5101,114,✓ Yes,completed
5,453,437,11-22,+21.8%,+1.99%,0.5099,119,✓ Yes,completed
5,453,439,11-22,+20.9%,+1.93%,0.5096,128,✓ Yes,completed
5,453,441,11-22,+20.0%,+1.90%,0.5095,135,✓ Yes,completed
5,453,442,11-22,+19.1%,+1.84%,0.5092,146,✓ Yes,completed
5,453,444,11-22,+18.1%,+1.80%,0.5090,159,✓ Yes,completed
5,453,445,11-22,+17.2%,+1.75%,0.5088,168,✓ Yes,completed
5,453,447,11-22,+16.6%,+1.71%,0.5085,174,✓ Yes,completed
5,453,448,11-22,+15.8%,+1.66%,0.5083,191,✓ Yes,completed
5,453,450,11-22,+14.9%,+1.55%,0.5078,202,✓ Yes,completed
5,453,452,11-22,+14.1%,+1.48%,0.5074,223,✓ Yes,completed
5,453,453,11-22,+13.5%,+1.39%,0.5069,302,✓ Yes,completed
5,439,431,11-23,+25.0%,+49.52%,0.7476,146,✗ No,budget_exceeded
5,439,433,11-23,+25.0%,+42.11%,0.7105,161,✗ No,budget_exceeded
5,439,435,11-23,+25.0%,+39.83%,0.6991,179,✗ No,budget_exceeded
5,439,437,11-23,+25.0%,+34.97%,0.6748,207,✗ No,budget_exceeded
5,439,439,11-23,+25.0%,+33.05%,0.6652,283,✗ No,budget_exceeded
5,440,431,11-23,+25.0%,+42.09%,0.7104,144,✗ No,budget_exceeded
5,440,433,11-23,+25.0%,+39.86%,0.6993,160,✗ No,budget_exceeded
5,440,435,11-23,+25.0%,+35.36%,0.6768,176,✗ No,budget_exceeded
5,440,437,11-23,+25.0%,+33.31%,0.6665,199,✗ No,budget_exceeded
5,440,438,11-23,+25.0%,+32.13%,0.6607,220,✗ No,budget_exceeded
5,440,440,11-23,+25.0%,+31.15%,0.6558,285,✗ No,budget_exceeded
5,442,431,11-23,+25.0%,+40.68%,0.7034,142,✗ No,budget_exceeded
5,442,433,11-23,+25.0%,+37.16%,0.6858,157,✗ No,budget_exceeded
5,442,434,11-23,+25.0%,+34.64%,0.6732,166,✗ No,budget_exceeded
5,442,436,11-23,+25.0%,+33.18%,0.6659,186,✗ No,budget_exceeded
5,442,437,11-23,+25.0%,+32.13%,0.6607,201,✗ No,budget_exceeded
5,442,439,11-23,+25.0%,+31.03%,0.6552,215,✗ No,budget_exceeded
5,442,440,11-23,+25.0%,+30.39%,0.6519,229,✗ No,budget_exceeded
5,442,442,11-23,+25.0%,+29.11%,0.6456,305,✗ No,budget_exceeded
5,444,431,11-23,+25.0%,+38.29%,0.6914,139,✗ No,budget_exceeded
5,444,433,11-23,+25.0%,+34.64%,0.6732,152,✗ No,budget_exceeded
5,444,434,11-23,+25.0%,+33.38%,0.6669,161,✗ No,budget_exceeded
5,444,436,11-23,+25.0%,+32.49%,0.6625,178,✗ No,budget_exceeded
5,444,437,11-23,+25.0%,+31.23%,0.6562,190,✗ No,budget_exceeded
5,444,439,11-23,+25.0%,+30.28%,0.6514,204,✗ No,budget_exceeded
5,444,440,11-23,+25.0%,+29.21%,0.6461,224,✗ No,budget_exceeded
5,444,442,11-23,+24.4%,+1.99%,0.5099,250,✓ Yes,completed
5,444,444,11-23,+23.4%,+1.99%,0.5099,329,✓ Yes,completed
5,445,431,11-23,+25.0%,+34.95%,0.6747,133,✗ No,budget_exceeded
5,445,433,11-23,+25.0%,+33.76%,0.6688,146,✗ No,budget_exceeded
5,445,434,11-23,+25.0%,+32.73%,0.6636,153,✗ No,budget_exceeded
5,445,436,11-23,+25.0%,+31.63%,0.6581,169,✗ No,budget_exceeded
5,445,437,11-23,+25.0%,+30.50%,0.6525,179,✗ No,budget_exceeded
5,445,439,11-23,+25.0%,+29.24%,0.6462,197,✗ No,budget_exceeded
5,445,440,11-23,+24.6%,+1.99%,0.5099,217,✓ Yes,completed
5,445,442,11-23,+23.6%,+2.01%,0.5100,229,✓ Yes,completed
5,445,444,11-23,+22.5%,+2.03%,0.5101,247,✓ Yes,completed
5,445,445,11-23,+21.8%,+1.96%,0.5098,352,✓ Yes,completed
5,447,431,11-23,+25.0%,+33.41%,0.6670,124,✗ No,budget_exceeded
5,447,433,11-23,+25.0%,+32.48%,0.6624,134,✗ No,budget_exceeded
5,447,434,11-23,+25.0%,+31.61%,0.6580,139,✗ No,budget_exceeded
5,447,436,11-23,+25.0%,+30.83%,0.6542,151,✗ No,budget_exceeded
5,447,437,11-23,+25.0%,+29.33%,0.6466,167,✗ No,budget_exceeded
5,447,439,11-23,+24.6%,+1.99%,0.5100,184,✓ Yes,completed
5,447,440,11-23,+23.8%,+2.01%,0.5100,195,✓ Yes,completed
5,447,442,11-23,+22.7%,+2.04%,0.5102,208,✓ Yes,completed
5,447,444,11-23,+21.8%,+2.00%,0.5100,225,✓ Yes,completed
5,447,445,11-23,+20.9%,+1.95%,0.5097,235,✓ Yes,completed
5,447,447,11-23,+20.1%,+1.88%,0.5094,312,✓ Yes,completed
5,448,431,11-23,+25.0%,+32.66%,0.6633,123,✗ No,budget_exceeded
5,448,433,11-23,+25.0%,+31.52%,0.6576,132,✗ No,budget_exceeded
5,448,434,11-23,+25.0%,+31.01%,0.6550,135,✗ No,budget_exceeded
5,448,436,11-23,+25.0%,+30.05%,0.6503,150,✗ No,budget_exceeded
5,448,437,11-23,+24.6%,+1.99%,0.5099,168,✓ Yes,completed
5,448,439,11-23,+23.7%,+2.01%,0.5101,179,✓ Yes,completed
5,448,440,11-23,+23.0%,+2.04%,0.5102,186,✓ Yes,completed
5,448,442,11-23,+22.0%,+2.02%,0.5101,201,✓ Yes,completed
5,448,444,11-23,+20.9%,+1.95%,0.5097,218,✓ Yes,completed
5,448,445,11-23,+20.0%,+1.91%,0.5095,227,✓ Yes,completed
5,448,447,11-23,+19.2%,+1.85%,0.5093,237,✓ Yes,completed
5,448,448,11-23,+18.6%,+1.80%,0.5090,320,✓ Yes,completed
5,450,431,11-23,+25.0%,+30.91%,0.6546,107,✗ No,budget_exceeded
5,450,433,11-23,+25.0%,+30.24%,0.6512,113,✗ No,budget_exceeded
5,450,434,11-23,+25.0%,+29.42%,0.6471,119,✗ No,budget_exceeded
5,450,436,11-23,+24.3%,+1.99%,0.5100,131,✓ Yes,completed
5,450,437,11-23,+23.4%,+2.03%,0.5101,138,✓ Yes,completed
5,450,439,11-23,+22.5%,+2.04%,0.5102,148,✓ Yes,completed
5,450,440,11-23,+21.8%,+2.01%,0.5101,157,✓ Yes,completed
5,450,442,11-23,+20.9%,+1.95%,0.5098,172,✓ Yes,completed
5,450,444,11-23,+19.8%,+1.91%,0.5095,189,✓ Yes,completed
5,450,445,11-23,+19.0%,+1.85%,0.5092,196,✓ Yes,completed
5,450,447,11-23,+18.3%,+1.83%,0.5091,204,✓ Yes,completed
5,450,448,11-23,+17.5%,+1.77%,0.5089,225,✓ Yes,completed
5,450,450,11-23,+16.9%,+1.72%,0.5086,277,✓ Yes,completed
5,452,431,11-23,+25.0%,+29.56%,0.6478,99,✗ No,budget_exceeded
5,452,433,11-23,+24.8%,+1.97%,0.5099,105,✓ Yes,completed
5,452,434,11-23,+24.3%,+1.99%,0.5099,108,✓ Yes,completed
5,452,436,11-23,+23.3%,+2.02%,0.5101,120,✓ Yes,completed
5,452,437,11-23,+22.4%,+2.03%,0.5102,125,✓ Yes,completed
5,452,439,11-23,+21.5%,+1.99%,0.5099,135,✓ Yes,completed
5,452,441,11-23,+20.8%,+1.95%,0.5098,140,✓ Yes,completed
5,452,442,11-23,+19.8%,+1.91%,0.5095,154,✓ Yes,completed
5,452,444,11-23,+18.9%,+1.85%,0.5093,168,✓ Yes,completed
5,452,445,11-23,+18.0%,+1.82%,0.5091,177,✓ Yes,completed
5,452,447,11-23,+17.4%,+1.78%,0.5089,183,✓ Yes,completed
5,452,448,11-23,+16.6%,+1.72%,0.5086,200,✓ Yes,completed
5,452,450,11-23,+15.7%,+1.66%,0.5083,214,✓ Yes,completed
5,452,452,11-23,+15.0%,+1.56%,0.5078,297,✓ Yes,completed
5,453,431,11-23,+24.9%,+1.96%,0.5098,95,✓ Yes,completed
5,453,433,11-23,+24.3%,+1.98%,0.5099,100,✓ Yes,completed
5,453,434,11-23,+23.9%,+1.99%,0.5100,103,✓ Yes,completed
5,453,436,11-23,+22.8%,+2.03%,0.5101,114,✓ Yes,completed
5,453,437,11-23,+21.8%,+2.00%,0.5100,119,✓ Yes,completed
5,453,439,11-23,+20.9%,+1.95%,0.5098,128,✓ Yes,completed
5,453,441,11-23,+20.0%,+1.91%,0.5096,135,✓ Yes,completed
5,453,442,11-23,+19.1%,+1.86%,0.5093,146,✓ Yes,completed
5,453,444,11-23,+18.1%,+1.82%,0.5091,159,✓ Yes,completed
5,453,445,11-23,+17.2%,+1.76%,0.5088,168,✓ Yes,completed
5,453,447,11-23,+16.6%,+1.72%,0.5086,174,✓ Yes,completed
5,453,448,11-23,+15.8%,+1.68%,0.5084,191,✓ Yes,completed
5,453,450,11-23,+14.9%,+1.58%,0.5079,202,✓ Yes,completed
5,453,452,11-23,+14.1%,+1.50%,0.5075,223,✓ Yes,completed
5,453,453,11-23,+13.5%,+1.41%,0.5070,302,✓ Yes,completed
5,439,431,11-24,+25.0%,+49.72%,0.7486,145,✗ No,budget_exceeded
5,439,433,11-24,+25.0%,+42.31%,0.7116,160,✗ No,budget_exceeded
5,439,435,11-24,+25.0%,+39.87%,0.6993,179,✗ No,budget_exceeded
5,439,437,11-24,+25.0%,+35.14%,0.6757,207,✗ No,budget_exceeded
5,439,439,11-24,+25.0%,+33.26%,0.6663,282,✗ No,budget_exceeded
5,440,431,11-24,+25.0%,+42.29%,0.7114,143,✗ No,budget_exceeded
5,440,433,11-24,+25.0%,+40.07%,0.7003,159,✗ No,budget_exceeded
5,440,435,11-24,+25.0%,+35.56%,0.6778,175,✗ No,budget_exceeded
5,440,437,11-24,+25.0%,+33.52%,0.6676,198,✗ No,budget_exceeded
5,440,438,11-24,+25.0%,+32.25%,0.6613,220,✗ No,budget_exceeded
5,440,440,11-24,+25.0%,+31.37%,0.6568,284,✗ No,budget_exceeded
5,442,431,11-24,+25.0%,+40.90%,0.7045,142,✗ No,budget_exceeded
5,442,433,11-24,+25.0%,+37.38%,0.6869,157,✗ No,budget_exceeded
5,442,434,11-24,+25.0%,+34.85%,0.6743,166,✗ No,budget_exceeded
5,442,436,11-24,+25.0%,+33.39%,0.6670,186,✗ No,budget_exceeded
5,442,437,11-24,+25.0%,+32.35%,0.6617,201,✗ No,budget_exceeded
5,442,439,11-24,+25.0%,+31.25%,0.6562,215,✗ No,budget_exceeded
5,442,440,11-24,+25.0%,+30.60%,0.6530,229,✗ No,budget_exceeded
5,442,442,11-24,+25.0%,+29.33%,0.6466,305,✗ No,budget_exceeded
5,444,431,11-24,+25.0%,+38.50%,0.6925,139,✗ No,budget_exceeded
5,444,433,11-24,+25.0%,+34.86%,0.6743,152,✗ No,budget_exceeded
5,444,434,11-24,+25.0%,+33.59%,0.6680,161,✗ No,budget_exceeded
5,444,436,11-24,+25.0%,+32.71%,0.6635,178,✗ No,budget_exceeded
5,444,437,11-24,+25.0%,+31.45%,0.6572,190,✗ No,budget_exceeded
5,444,439,11-24,+25.0%,+30.49%,0.6525,204,✗ No,budget_exceeded
5,444,440,11-24,+25.0%,+29.43%,0.6471,224,✗ No,budget_exceeded
5,444,442,11-24,+24.4%,+1.99%,0.5099,251,✓ Yes,completed
5,444,444,11-24,+23.4%,+1.98%,0.5099,330,✓ Yes,completed
5,445,431,11-24,+25.0%,+35.16%,0.6758,133,✗ No,budget_exceeded
5,445,433,11-24,+25.0%,+33.97%,0.6699,146,✗ No,budget_exceeded
5,445,434,11-24,+25.0%,+32.94%,0.6647,153,✗ No,budget_exceeded
5,445,436,11-24,+25.0%,+31.84%,0.6592,169,✗ No,budget_exceeded
5,445,437,11-24,+25.0%,+30.71%,0.6536,179,✗ No,budget_exceeded
5,445,439,11-24,+25.0%,+29.46%,0.6473,197,✗ No,budget_exceeded
5,445,440,11-24,+24.6%,+1.99%,0.5099,217,✓ Yes,completed
5,445,442,11-24,+23.6%,+2.01%,0.5100,230,✓ Yes,completed
5,445,444,11-24,+22.5%,+2.03%,0.5102,247,✓ Yes,completed
5,445,445,11-24,+21.8%,+1.98%,0.5099,352,✓ Yes,completed
5,447,431,11-24,+25.0%,+33.62%,0.6681,124,✗ No,budget_exceeded
5,447,433,11-24,+25.0%,+32.70%,0.6635,134,✗ No,budget_exceeded
5,447,434,11-24,+25.0%,+31.82%,0.6591,139,✗ No,budget_exceeded
5,447,436,11-24,+25.0%,+31.05%,0.6553,151,✗ No,budget_exceeded
5,447,437,11-24,+25.0%,+29.54%,0.6477,167,✗ No,budget_exceeded
5,447,439,11-24,+24.6%,+1.99%,0.5100,184,✓ Yes,completed
5,447,440,11-24,+23.8%,+2.01%,0.5101,195,✓ Yes,completed
5,447,442,11-24,+22.7%,+2.04%,0.5102,208,✓ Yes,completed
5,447,444,11-24,+21.8%,+2.02%,0.5101,225,✓ Yes,completed
5,447,445,11-24,+20.9%,+1.97%,0.5098,235,✓ Yes,completed
5,447,447,11-24,+20.1%,+1.89%,0.5094,312,✓ Yes,completed
5,448,431,11-24,+25.0%,+32.88%,0.6644,123,✗ No,budget_exceeded
5,448,433,11-24,+25.0%,+31.74%,0.6587,132,✗ No,budget_exceeded
5,448,434,11-24,+25.0%,+31.22%,0.6561,135,✗ No,budget_exceeded
5,448,436,11-24,+25.0%,+30.27%,0.6514,150,✗ No,budget_exceeded
5,448,437,11-24,+24.6%,+1.99%,0.5099,168,✓ Yes,completed
5,448,439,11-24,+23.7%,+2.01%,0.5100,179,✓ Yes,completed
5,448,440,11-24,+23.0%,+2.04%,0.5102,186,✓ Yes,completed
5,448,442,11-24,+22.0%,+2.03%,0.5102,201,✓ Yes,completed
5,448,444,11-24,+20.9%,+1.97%,0.5098,218,✓ Yes,completed
5,448,445,11-24,+20.0%,+1.92%,0.5096,227,✓ Yes,completed
5,448,447,11-24,+19.2%,+1.87%,0.5094,237,✓ Yes,completed
5,448,448,11-24,+18.6%,+1.81%,0.5090,320,✓ Yes,completed
5,450,431,11-24,+25.0%,+31.13%,0.6556,107,✗ No,budget_exceeded
5,450,433,11-24,+25.0%,+30.46%,0.6523,113,✗ No,budget_exceeded
5,450,434,11-24,+25.0%,+29.63%,0.6482,119,✗ No,budget_exceeded
5,450,436,11-24,+24.3%,+1.99%,0.5099,131,✓ Yes,completed
5,450,437,11-24,+23.4%,+2.02%,0.5101,138,✓ Yes,completed
5,450,439,11-24,+22.5%,+2.05%,0.5102,148,✓ Yes,completed
5,450,440,11-24,+21.8%,+2.03%,0.5101,157,✓ Yes,completed
5,450,442,11-24,+20.9%,+1.97%,0.5099,172,✓ Yes,completed
5,450,444,11-24,+19.8%,+1.92%,0.5096,189,✓ Yes,completed
5,450,445,11-24,+19.0%,+1.86%,0.5093,196,✓ Yes,completed
5,450,447,11-24,+18.3%,+1.84%,0.5092,204,✓ Yes,completed
5,450,448,11-24,+17.5%,+1.79%,0.5089,225,✓ Yes,completed
5,450,450,11-24,+16.9%,+1.73%,0.5087,277,✓ Yes,completed
5,452,431,11-24,+25.0%,+29.78%,0.6489,99,✗ No,budget_exceeded
5,452,433,11-24,+24.8%,+1.97%,0.5099,105,✓ Yes,completed
5,452,434,11-24,+24.3%,+1.98%,0.5099,108,✓ Yes,completed
5,452,436,11-24,+23.3%,+2.02%,0.5101,120,✓ Yes,completed
5,452,437,11-24,+22.4%,+2.04%,0.5102,125,✓ Yes,completed
5,452,439,11-24,+21.5%,+2.01%,0.5100,135,✓ Yes,completed
5,452,441,11-24,+20.8%,+1.97%,0.5099,140,✓ Yes,completed
5,452,442,11-24,+19.8%,+1.92%,0.5096,154,✓ Yes,completed
5,452,444,11-24,+18.9%,+1.86%,0.5093,168,✓ Yes,completed
5,452,445,11-24,+18.0%,+1.83%,0.5092,177,✓ Yes,completed
5,452,447,11-24,+17.4%,+1.79%,0.5090,183,✓ Yes,completed
5,452,448,11-24,+16.6%,+1.74%,0.5087,200,✓ Yes,completed
5,452,450,11-24,+15.7%,+1.68%,0.5084,214,✓ Yes,completed
5,452,452,11-24,+15.0%,+1.58%,0.5079,297,✓ Yes,completed
5,453,431,11-24,+24.9%,+1.96%,0.5098,95,✓ Yes,completed
5,453,433,11-24,+24.3%,+1.98%,0.5099,100,✓ Yes,completed
5,453,434,11-24,+23.9%,+1.99%,0.5100,103,✓ Yes,completed
5,453,436,11-24,+22.8%,+2.03%,0.5102,114,✓ Yes,completed
5,453,437,11-24,+21.8%,+2.02%,0.5101,119,✓ Yes,completed
5,453,439,11-24,+20.9%,+1.97%,0.5099,128,✓ Yes,completed
5,453,441,11-24,+20.0%,+1.92%,0.5096,135,✓ Yes,completed
5,453,442,11-24,+19.1%,+1.87%,0.5094,146,✓ Yes,completed
5,453,444,11-24,+18.1%,+1.83%,0.5092,159,✓ Yes,completed
5,453,445,11-24,+17.2%,+1.77%,0.5089,168,✓ Yes,completed
5,453,447,11-24,+16.6%,+1.74%,0.5087,174,✓ Yes,completed
5,453,448,11-24,+15.8%,+1.68%,0.5084,191,✓ Yes,completed
5,453,450,11-24,+14.9%,+1.60%,0.5080,202,✓ Yes,completed
5,453,452,11-24,+14.1%,+1.51%,0.5076,223,✓ Yes,completed
5,453,453,11-24,+13.5%,+1.43%,0.5072,302,✓ Yes,completed
6,440,429,11-20,+25.0%,+52.59%,0.7629,132,✗ No,budget_exceeded
6,440,430,11-20,+25.0%,+50.00%,0.7500,136,✗ No,budget_exceeded
6,440,431,11-20,+25.0%,+42.33%,0.7117,145,✗ No,budget_exceeded
6,440,431,11-20,+25.0%,+42.09%,0.7105,147,✗ No,budget_exceeded
6,440,432,11-20,+25.0%,+41.43%,0.7072,153,✗ No,budget_exceeded
6,440,433,11-20,+25.0%,+40.94%,0.7047,160,✗ No,budget_exceeded
6,440,433,11-20,+25.0%,+40.02%,0.7001,161,✗ No,budget_exceeded
6,440,434,11-20,+25.0%,+37.88%,0.6894,172,✗ No,budget_exceeded
6,440,435,11-20,+25.0%,+37.62%,0.6881,177,✗ No,budget_exceeded
6,440,435,11-20,+25.0%,+34.69%,0.6734,189,✗ No,budget_exceeded
6,440,436,11-20,+25.0%,+33.87%,0.6693,200,✗ No,budget_exceeded
6,440,437,11-20,+25.0%,+33.16%,0.6658,209,✗ No,budget_exceeded
6,440,437,11-20,+25.0%,+32.54%,0.6627,216,✗ No,budget_exceeded
6,440,438,11-20,+25.0%,+32.00%,0.6600,225,✗ No,budget_exceeded
6,440,439,11-20,+25.0%,+31.62%,0.6581,229,✗ No,budget_exceeded
6,440,440,11-20,+25.0%,+31.05%,0.6552,244,✗ No,budget_exceeded
6,440,440,11-20,+25.0%,+30.87%,0.6543,277,✗ No,budget_exceeded
6,441,429,11-20,+25.0%,+48.86%,0.7443,132,✗ No,budget_exceeded
6,441,430,11-20,+25.0%,+44.19%,0.7210,134,✗ No,budget_exceeded
6,441,431,11-20,+25.0%,+41.45%,0.7072,142,✗ No,budget_exceeded
6,441,431,11-20,+25.0%,+41.10%,0.7055,145,✗ No,budget_exceeded
6,441,432,11-20,+25.0%,+40.04%,0.7002,151,✗ No,budget_exceeded
6,441,433,11-20,+25.0%,+37.90%,0.6895,160,✗ No,budget_exceeded
6,441,433,11-20,+25.0%,+37.79%,0.6889,160,✗ No,budget_exceeded
6,441,434,11-20,+25.0%,+34.94%,0.6747,167,✗ No,budget_exceeded
6,441,435,11-20,+25.0%,+34.07%,0.6704,177,✗ No,budget_exceeded
6,441,436,11-20,+25.0%,+33.44%,0.6672,188,✗ No,budget_exceeded
6,441,436,11-20,+25.0%,+32.64%,0.6632,195,✗ No,budget_exceeded
6,441,437,11-20,+25.0%,+32.07%,0.6603,204,✗ No,budget_exceeded
6,441,438,11-20,+25.0%,+31.82%,0.6591,207,✗ No,budget_exceeded
6,441,438,11-20,+25.0%,+31.05%,0.6553,219,✗ No,budget_exceeded
6,441,439,11-20,+25.0%,+30.77%,0.6538,223,✗ No,budget_exceeded
6,441,440,11-20,+25.0%,+30.53%,0.6526,231,✗ No,budget_exceeded
6,441,441,11-20,+25.0%,+30.18%,0.6509,248,✗ No,budget_exceeded
6,441,441,11-20,+25.0%,+29.91%,0.6496,304,✗ No,budget_exceeded
6,442,429,11-20,+25.0%,+42.34%,0.7117,131,✗ No,budget_exceeded
6,442,430,11-20,+25.0%,+42.10%,0.7105,132,✗ No,budget_exceeded
6,442,431,11-20,+25.0%,+40.95%,0.7048,140,✗ No,budget_exceeded
6,442,431,11-20,+25.0%,+40.01%,0.7001,142,✗ No,budget_exceeded
6,442,432,11-20,+25.0%,+39.00%,0.6950,150,✗ No,budget_exceeded
6,442,433,11-20,+25.0%,+37.18%,0.6859,156,✗ No,budget_exceeded
6,442,433,11-20,+25.0%,+34.97%,0.6748,158,✗ No,budget_exceeded
6,442,434,11-20,+25.0%,+34.05%,0.6702,165,✗ No,budget_exceeded
6,442,435,11-20,+25.0%,+33.78%,0.6689,170,✗ No,budget_exceeded
6,442,435,11-20,+25.0%,+32.76%,0.6638,182,✗ No,budget_exceeded
6,442,436,11-20,+25.0%,+32.26%,0.6613,190,✗ No,budget_exceeded
6,442,437,11-20,+25.0%,+31.78%,0.6589,197,✗ No,budget_exceeded
6,442,437,11-20,+25.0%,+31.15%,0.6558,204,✗ No,budget_exceeded
6,442,438,11-20,+25.0%,+30.75%,0.6538,211,✗ No,budget_exceeded
6,442,439,11-20,+25.0%,+30.46%,0.6523,214,✗ No,budget_exceeded
6,442,440,11-20,+25.0%,+30.20%,0.6510,220,✗ No,budget_exceeded
6,442,440,11-20,+25.0%,+29.96%,0.6498,226,✗ No,budget_exceeded
6,442,441,11-20,+25.0%,+29.52%,0.6476,239,✗ No,budget_exceeded
6,442,442,11-20,+25.0%,+28.68%,0.6434,257,✗ No,budget_exceeded
6,442,442,11-20,+25.0%,+25.75%,0.6288,306,✗ No,budget_exceeded
6,443,429,11-20,+25.0%,+42.07%,0.7104,130,✗ No,budget_exceeded
6,443,430,11-20,+25.0%,+41.42%,0.7071,132,✗ No,budget_exceeded
6,443,431,11-20,+25.0%,+40.01%,0.7001,139,✗ No,budget_exceeded
6,443,431,11-20,+25.0%,+38.99%,0.6949,145,✗ No,budget_exceeded
6,443,432,11-20,+25.0%,+37.18%,0.6859,152,✗ No,budget_exceeded
6,443,433,11-20,+25.0%,+34.90%,0.6745,156,✗ No,budget_exceeded
6,443,433,11-20,+25.0%,+34.21%,0.6711,159,✗ No,budget_exceeded
6,443,434,11-20,+25.0%,+33.68%,0.6684,165,✗ No,budget_exceeded
6,443,435,11-20,+25.0%,+32.72%,0.6636,174,✗ No,budget_exceeded
6,443,436,11-20,+25.0%,+32.27%,0.6613,184,✗ No,budget_exceeded
6,443,436,11-20,+25.0%,+31.87%,0.6593,188,✗ No,budget_exceeded
6,443,437,11-20,+25.0%,+31.11%,0.6556,196,✗ No,budget_exceeded
6,443,438,11-20,+25.0%,+30.73%,0.6537,200,✗ No,budget_exceeded
6,443,438,11-20,+25.0%,+30.30%,0.6515,208,✗ No,budget_exceeded
6,443,439,11-20,+25.0%,+29.93%,0.6497,213,✗ No,budget_exceeded
6,443,440,11-20,+25.0%,+29.71%,0.6485,218,✗ No,budget_exceeded
6,443,440,11-20,+25.0%,+29.26%,0.6463,226,✗ No,budget_exceeded
6,443,441,11-20,+25.0%,+28.48%,0.6424,240,✗ No,budget_exceeded
6,443,442,11-20,+24.8%,+1.98%,0.5099,261,✓ Yes,completed
6,443,443,11-20,+24.4%,+1.98%,0.5099,285,✓ Yes,completed
6,443,443,11-20,+24.1%,+1.97%,0.5099,349,✓ Yes,completed
6,444,429,11-20,+25.0%,+41.18%,0.7059,127,✗ No,budget_exceeded
6,444,430,11-20,+25.0%,+40.93%,0.7046,128,✗ No,budget_exceeded
6,444,431,11-20,+25.0%,+37.88%,0.6894,138,✗ No,budget_exceeded
6,444,431,11-20,+25.0%,+37.20%,0.6860,141,✗ No,budget_exceeded
6,444,432,11-20,+25.0%,+34.93%,0.6746,146,✗ No,budget_exceeded
6,444,433,11-20,+25.0%,+34.04%,0.6702,153,✗ No,budget_exceeded
6,444,433,11-20,+25.0%,+33.81%,0.6691,154,✗ No,budget_exceeded
6,444,434,11-20,+25.0%,+32.77%,0.6639,162,✗ No,budget_exceeded
6,444,435,11-20,+25.0%,+32.49%,0.6625,167,✗ No,budget_exceeded
6,444,435,11-20,+25.0%,+32.02%,0.6601,176,✗ No,budget_exceeded
6,444,436,11-20,+25.0%,+31.48%,0.6574,182,✗ No,budget_exceeded
6,444,437,11-20,+25.0%,+30.96%,0.6548,185,✗ No,budget_exceeded
6,444,437,11-20,+25.0%,+30.47%,0.6524,191,✗ No,budget_exceeded
6,444,438,11-20,+25.0%,+29.99%,0.6499,200,✗ No,budget_exceeded
6,444,439,11-20,+25.0%,+29.61%,0.6480,203,✗ No,budget_exceeded
6,444,439,11-20,+25.0%,+29.20%,0.6460,211,✗ No,budget_exceeded
6,444,440,11-20,+25.0%,+28.64%,0.6432,221,✗ No,budget_exceeded
6,444,441,11-20,+24.9%,+1.98%,0.5099,234,✓ Yes,completed
6,444,442,11-20,+24.4%,+2.00%,0.5100,240,✓ Yes,completed
6,444,442,11-20,+24.1%,+2.01%,0.5100,245,✓ Yes,completed
6,444,443,11-20,+23.7%,+2.02%,0.5101,259,✓ Yes,completed
6,444,444,11-20,+23.2%,+2.01%,0.5100,284,✓ Yes,completed
6,444,444,11-20,+22.9%,+1.98%,0.5099,331,✓ Yes,completed
6,445,429,11-20,+25.0%,+40.02%,0.7001,119,✗ No,budget_exceeded
6,445,430,11-20,+25.0%,+39.17%,0.6959,122,✗ No,budget_exceeded
6,445,431,11-20,+25.0%,+35.01%,0.6750,131,✗ No,budget_exceeded
6,445,431,11-20,+25.0%,+34.31%,0.6716,134,✗ No,budget_exceeded
6,445,432,11-20,+25.0%,+33.86%,0.6693,141,✗ No,budget_exceeded
6,445,433,11-20,+25.0%,+33.29%,0.6665,146,✗ No,budget_exceeded
6,445,433,11-20,+25.0%,+32.77%,0.6638,148,✗ No,budget_exceeded
6,445,434,11-20,+25.0%,+32.28%,0.6614,153,✗ No,budget_exceeded
6,445,435,11-20,+25.0%,+31.83%,0.6591,160,✗ No,budget_exceeded
6,445,436,11-20,+25.0%,+31.12%,0.6556,170,✗ No,budget_exceeded
6,445,436,11-20,+25.0%,+30.80%,0.6540,172,✗ No,budget_exceeded
6,445,437,11-20,+25.0%,+30.31%,0.6515,175,✗ No,budget_exceeded
6,445,438,11-20,+25.0%,+29.88%,0.6494,180,✗ No,budget_exceeded
6,445,438,11-20,+25.0%,+29.24%,0.6462,191,✗ No,budget_exceeded
6,445,439,11-20,+25.0%,+28.73%,0.6436,198,✗ No,budget_exceeded
6,445,440,11-20,+25.0%,+1.99%,0.5099,211,✓ Yes,completed
6,445,440,11-20,+24.7%,+1.99%,0.5100,217,✓ Yes,completed
6,445,441,11-20,+24.2%,+2.01%,0.5101,221,✓ Yes,completed
6,445,442,11-20,+23.7%,+2.03%,0.5101,228,✓ Yes,completed
6,445,442,11-20,+23.4%,+2.03%,0.5101,236,✓ Yes,completed
6,445,443,11-20,+22.9%,+2.01%,0.5101,245,✓ Yes,completed
6,445,444,11-20,+22.5%,+2.00%,0.5100,252,✓ Yes,completed
6,445,445,11-20,+22.2%,+1.97%,0.5098,272,✓ Yes,completed
6,445,445,11-20,+21.9%,+1.92%,0.5096,354,✓ Yes,completed
6,446,429,11-20,+25.0%,+37.85%,0.6893,117,✗ No,budget_exceeded
6,446,430,11-20,+25.0%,+37.61%,0.6880,118,✗ No,budget_exceeded
6,446,431,11-20,+25.0%,+34.08%,0.6704,126,✗ No,budget_exceeded
6,446,431,11-20,+25.0%,+33.81%,0.6691,128,✗ No,budget_exceeded
6,446,432,11-20,+25.0%,+33.22%,0.6661,135,✗ No,budget_exceeded
6,446,433,11-20,+25.0%,+32.47%,0.6624,141,✗ No,budget_exceeded
6,446,433,11-20,+25.0%,+32.23%,0.6611,142,✗ No,budget_exceeded
6,446,434,11-20,+25.0%,+31.82%,0.6591,146,✗ No,budget_exceeded
6,446,435,11-20,+25.0%,+31.16%,0.6558,151,✗ No,budget_exceeded
6,446,435,11-20,+25.0%,+30.78%,0.6539,158,✗ No,budget_exceeded
6,446,436,11-20,+25.0%,+30.35%,0.6518,162,✗ No,budget_exceeded
6,446,437,11-20,+25.0%,+30.09%,0.6505,163,✗ No,budget_exceeded
6,446,437,11-20,+25.0%,+29.47%,0.6474,172,✗ No,budget_exceeded
6,446,438,11-20,+25.0%,+28.64%,0.6432,185,✗ No,budget_exceeded
6,446,439,11-20,+25.0%,+1.99%,0.5099,193,✓ Yes,completed
6,446,439,11-20,+24.6%,+2.00%,0.5100,198,✓ Yes,completed
6,446,440,11-20,+24.3%,+2.01%,0.5100,202,✓ Yes,completed
6,446,441,11-20,+23.8%,+2.03%,0.5101,207,✓ Yes,completed
6,446,441,11-20,+23.6%,+2.03%,0.5102,210,✓ Yes,completed
6,446,442,11-20,+23.1%,+2.02%,0.5101,217,✓ Yes,completed
6,446,443,11-20,+22.7%,+2.01%,0.5101,226,✓ Yes,completed
6,446,444,11-20,+22.1%,+1.98%,0.5099,235,✓ Yes,completed
6,446,444,11-20,+21.9%,+1.96%,0.5098,238,✓ Yes,completed
6,446,445,11-20,+21.5%,+1.93%,0.5097,248,✓ Yes,completed
6,446,446,11-20,+21.1%,+1.91%,0.5095,260,✓ Yes,completed
6,446,446,11-20,+20.8%,+1.88%,0.5094,306,✓ Yes,completed
6,440,429,11-21,+25.0%,+52.80%,0.7640,132,✗ No,budget_exceeded
6,440,430,11-21,+25.0%,+50.22%,0.7511,136,✗ No,budget_exceeded
6,440,431,11-21,+25.0%,+42.55%,0.7127,145,✗ No,budget_exceeded
6,440,431,11-21,+25.0%,+42.31%,0.7115,147,✗ No,budget_exceeded
6,440,432,11-21,+25.0%,+41.65%,0.7082,153,✗ No,budget_exceeded
6,440,433,11-21,+25.0%,+41.15%,0.7058,160,✗ No,budget_exceeded
6,440,433,11-21,+25.0%,+40.24%,0.7012,161,✗ No,budget_exceeded
6,440,434,11-21,+25.0%,+38.10%,0.6905,172,✗ No,budget_exceeded
6,440,435,11-21,+25.0%,+37.84%,0.6892,177,✗ No,budget_exceeded
6,440,435,11-21,+25.0%,+34.90%,0.6745,189,✗ No,budget_exceeded
6,440,436,11-21,+25.0%,+34.08%,0.6704,200,✗ No,budget_exceeded
6,440,437,11-21,+25.0%,+33.37%,0.6668,209,✗ No,budget_exceeded
6,440,437,11-21,+25.0%,+32.75%,0.6638,216,✗ No,budget_exceeded
6,440,438,11-21,+25.0%,+32.22%,0.6611,225,✗ No,budget_exceeded
6,440,439,11-21,+25.0%,+31.83%,0.6591,229,✗ No,budget_exceeded
6,440,440,11-21,+25.0%,+31.26%,0.6563,244,✗ No,budget_exceeded
6,440,440,11-21,+25.0%,+31.08%,0.6554,277,✗ No,budget_exceeded
6,441,429,11-21,+25.0%,+49.08%,0.7454,132,✗ No,budget_exceeded
6,441,430,11-21,+25.0%,+44.41%,0.7220,134,✗ No,budget_exceeded
6,441,431,11-21,+25.0%,+41.66%,0.7083,142,✗ No,budget_exceeded
6,441,431,11-21,+25.0%,+41.31%,0.7066,145,✗ No,budget_exceeded
6,441,432,11-21,+25.0%,+40.26%,0.7013,151,✗ No,budget_exceeded
6,441,433,11-21,+25.0%,+38.11%,0.6906,160,✗ No,budget_exceeded
6,441,433,11-21,+25.0%,+38.00%,0.6900,160,✗ No,budget_exceeded
6,441,434,11-21,+25.0%,+35.16%,0.6758,167,✗ No,budget_exceeded
6,441,435,11-21,+25.0%,+34.29%,0.6714,177,✗ No,budget_exceeded
6,441,436,11-21,+25.0%,+33.65%,0.6683,188,✗ No,budget_exceeded
6,441,436,11-21,+25.0%,+32.86%,0.6643,195,✗ No,budget_exceeded
6,441,437,11-21,+25.0%,+32.28%,0.6614,204,✗ No,budget_exceeded
6,441,438,11-21,+25.0%,+32.03%,0.6602,207,✗ No,budget_exceeded
6,441,438,11-21,+25.0%,+31.26%,0.6563,219,✗ No,budget_exceeded
6,441,439,11-21,+25.0%,+30.98%,0.6549,223,✗ No,budget_exceeded
6,441,440,11-21,+25.0%,+30.74%,0.6537,231,✗ No,budget_exceeded
6,441,441,11-21,+25.0%,+30.40%,0.6520,248,✗ No,budget_exceeded
6,441,441,11-21,+25.0%,+30.13%,0.6506,304,✗ No,budget_exceeded
6,442,429,11-21,+25.0%,+42.56%,0.7128,131,✗ No,budget_exceeded
6,442,430,11-21,+25.0%,+42.31%,0.7116,132,✗ No,budget_exceeded
6,442,431,11-21,+25.0%,+41.17%,0.7058,140,✗ No,budget_exceeded
6,442,431,11-21,+25.0%,+40.23%,0.7011,142,✗ No,budget_exceeded
6,442,432,11-21,+25.0%,+39.21%,0.6961,150,✗ No,budget_exceeded
6,442,433,11-21,+25.0%,+37.40%,0.6870,156,✗ No,budget_exceeded
6,442,433,11-21,+25.0%,+35.18%,0.6759,158,✗ No,budget_exceeded
6,442,434,11-21,+25.0%,+34.26%,0.6713,165,✗ No,budget_exceeded
6,442,435,11-21,+25.0%,+34.00%,0.6700,170,✗ No,budget_exceeded
6,442,435,11-21,+25.0%,+32.98%,0.6649,182,✗ No,budget_exceeded
6,442,436,11-21,+25.0%,+32.47%,0.6624,190,✗ No,budget_exceeded
6,442,437,11-21,+25.0%,+32.00%,0.6600,197,✗ No,budget_exceeded
6,442,437,11-21,+25.0%,+31.37%,0.6568,204,✗ No,budget_exceeded
6,442,438,11-21,+25.0%,+30.97%,0.6548,211,✗ No,budget_exceeded
6,442,439,11-21,+25.0%,+30.67%,0.6534,214,✗ No,budget_exceeded
6,442,440,11-21,+25.0%,+30.42%,0.6521,220,✗ No,budget_exceeded
6,442,440,11-21,+25.0%,+30.17%,0.6509,226,✗ No,budget_exceeded
6,442,441,11-21,+25.0%,+29.74%,0.6487,239,✗ No,budget_exceeded
6,442,442,11-21,+25.0%,+28.90%,0.6445,257,✗ No,budget_exceeded
6,442,442,11-21,+25.0%,+25.96%,0.6298,306,✗ No,budget_exceeded
6,443,429,11-21,+25.0%,+42.29%,0.7114,130,✗ No,budget_exceeded
6,443,430,11-21,+25.0%,+41.63%,0.7082,132,✗ No,budget_exceeded
6,443,431,11-21,+25.0%,+40.23%,0.7011,139,✗ No,budget_exceeded
6,443,431,11-21,+25.0%,+39.20%,0.6960,145,✗ No,budget_exceeded
6,443,432,11-21,+25.0%,+37.40%,0.6870,152,✗ No,budget_exceeded
6,443,433,11-21,+25.0%,+35.11%,0.6756,156,✗ No,budget_exceeded
6,443,433,11-21,+25.0%,+34.43%,0.6721,159,✗ No,budget_exceeded
6,443,434,11-21,+25.0%,+33.89%,0.6695,165,✗ No,budget_exceeded
6,443,435,11-21,+25.0%,+32.93%,0.6646,174,✗ No,budget_exceeded
6,443,436,11-21,+25.0%,+32.48%,0.6624,184,✗ No,budget_exceeded
6,443,436,11-21,+25.0%,+32.08%,0.6604,188,✗ No,budget_exceeded
6,443,437,11-21,+25.0%,+31.33%,0.6566,196,✗ No,budget_exceeded
6,443,438,11-21,+25.0%,+30.95%,0.6547,200,✗ No,budget_exceeded
6,443,438,11-21,+25.0%,+30.51%,0.6526,208,✗ No,budget_exceeded
6,443,439,11-21,+25.0%,+30.15%,0.6507,213,✗ No,budget_exceeded
6,443,440,11-21,+25.0%,+29.92%,0.6496,218,✗ No,budget_exceeded
6,443,440,11-21,+25.0%,+29.47%,0.6474,226,✗ No,budget_exceeded
6,443,441,11-21,+25.0%,+28.69%,0.6434,240,✗ No,budget_exceeded
6,443,442,11-21,+24.8%,+1.97%,0.5099,261,✓ Yes,completed
6,443,443,11-21,+24.4%,+1.98%,0.5099,286,✓ Yes,completed
6,443,443,11-21,+24.1%,+1.96%,0.5098,350,✓ Yes,completed
6,444,429,11-21,+25.0%,+41.40%,0.7070,127,✗ No,budget_exceeded
6,444,430,11-21,+25.0%,+41.14%,0.7057,128,✗ No,budget_exceeded
6,444,431,11-21,+25.0%,+38.09%,0.6905,138,✗ No,budget_exceeded
6,444,431,11-21,+25.0%,+37.41%,0.6871,141,✗ No,budget_exceeded
6,444,432,11-21,+25.0%,+35.14%,0.6757,146,✗ No,budget_exceeded
6,444,433,11-21,+25.0%,+34.26%,0.6713,153,✗ No,budget_exceeded
6,444,433,11-21,+25.0%,+34.03%,0.6701,154,✗ No,budget_exceeded
6,444,434,11-21,+25.0%,+32.99%,0.6649,162,✗ No,budget_exceeded
6,444,435,11-21,+25.0%,+32.71%,0.6635,167,✗ No,budget_exceeded
6,444,435,11-21,+25.0%,+32.23%,0.6612,176,✗ No,budget_exceeded
6,444,436,11-21,+25.0%,+31.70%,0.6585,182,✗ No,budget_exceeded
6,444,437,11-21,+25.0%,+31.18%,0.6559,185,✗ No,budget_exceeded
6,444,437,11-21,+25.0%,+30.69%,0.6534,191,✗ No,budget_exceeded
6,444,438,11-21,+25.0%,+30.20%,0.6510,200,✗ No,budget_exceeded
6,444,439,11-21,+25.0%,+29.82%,0.6491,203,✗ No,budget_exceeded
6,444,439,11-21,+25.0%,+29.41%,0.6471,211,✗ No,budget_exceeded
6,444,440,11-21,+25.0%,+28.85%,0.6443,221,✗ No,budget_exceeded
6,444,441,11-21,+24.9%,+1.97%,0.5099,235,✓ Yes,completed
6,444,442,11-21,+24.4%,+1.99%,0.5099,241,✓ Yes,completed
6,444,442,11-21,+24.2%,+1.99%,0.5100,246,✓ Yes,completed
6,444,443,11-21,+23.7%,+2.01%,0.5100,259,✓ Yes,completed
6,444,444,11-21,+23.2%,+2.01%,0.5100,284,✓ Yes,completed
6,444,444,11-21,+22.9%,+1.98%,0.5099,331,✓ Yes,completed
6,445,429,11-21,+25.0%,+40.24%,0.7012,119,✗ No,budget_exceeded
6,445,430,11-21,+25.0%,+39.39%,0.6969,122,✗ No,budget_exceeded
6,445,431,11-21,+25.0%,+35.22%,0.6761,131,✗ No,budget_exceeded
6,445,431,11-21,+25.0%,+34.53%,0.6726,134,✗ No,budget_exceeded
6,445,432,11-21,+25.0%,+34.08%,0.6704,141,✗ No,budget_exceeded
6,445,433,11-21,+25.0%,+33.51%,0.6675,146,✗ No,budget_exceeded
6,445,433,11-21,+25.0%,+32.98%,0.6649,148,✗ No,budget_exceeded
6,445,434,11-21,+25.0%,+32.50%,0.6625,153,✗ No,budget_exceeded
6,445,435,11-21,+25.0%,+32.04%,0.6602,160,✗ No,budget_exceeded
6,445,436,11-21,+25.0%,+31.33%,0.6567,170,✗ No,budget_exceeded
6,445,436,11-21,+25.0%,+31.01%,0.6550,172,✗ No,budget_exceeded
6,445,437,11-21,+25.0%,+30.52%,0.6526,175,✗ No,budget_exceeded
6,445,438,11-21,+25.0%,+30.09%,0.6505,180,✗ No,budget_exceeded
6,445,438,11-21,+25.0%,+29.45%,0.6473,191,✗ No,budget_exceeded
6,445,439,11-21,+25.0%,+28.94%,0.6447,198,✗ No,budget_exceeded
6,445,440,11-21,+25.0%,+2.09%,0.5105,212,✗ No,budget_exceeded
6,445,440,11-21,+24.7%,+1.99%,0.5099,217,✓ Yes,completed
6,445,441,11-21,+24.2%,+2.00%,0.5100,222,✓ Yes,completed
6,445,442,11-21,+23.7%,+2.02%,0.5101,228,✓ Yes,completed
6,445,442,11-21,+23.4%,+2.02%,0.5101,236,✓ Yes,completed
6,445,443,11-21,+22.9%,+2.02%,0.5101,245,✓ Yes,completed
6,445,444,11-21,+22.5%,+2.01%,0.5100,252,✓ Yes,completed
6,445,445,11-21,+22.2%,+1.98%,0.5099,272,✓ Yes,completed
6,445,445,11-21,+21.9%,+1.93%,0.5096,354,✓ Yes,completed
6,446,429,11-21,+25.0%,+38.07%,0.6903,117,✗ No,budget_exceeded
6,446,430,11-21,+25.0%,+37.82%,0.6891,118,✗ No,budget_exceeded
6,446,431,11-21,+25.0%,+34.30%,0.6715,126,✗ No,budget_exceeded
6,446,431,11-21,+25.0%,+34.03%,0.6701,128,✗ No,budget_exceeded
6,446,432,11-21,+25.0%,+33.43%,0.6672,135,✗ No,budget_exceeded
6,446,433,11-21,+25.0%,+32.69%,0.6634,141,✗ No,budget_exceeded
6,446,433,11-21,+25.0%,+32.44%,0.6622,142,✗ No,budget_exceeded
6,446,434,11-21,+25.0%,+32.04%,0.6602,146,✗ No,budget_exceeded
6,446,435,11-21,+25.0%,+31.38%,0.6569,151,✗ No,budget_exceeded
6,446,435,11-21,+25.0%,+30.99%,0.6550,158,✗ No,budget_exceeded
6,446,436,11-21,+25.0%,+30.56%,0.6528,162,✗ No,budget_exceeded
6,446,437,11-21,+25.0%,+30.31%,0.6515,163,✗ No,budget_exceeded
6,446,437,11-21,+25.0%,+29.68%,0.6484,172,✗ No,budget_exceeded
6,446,438,11-21,+25.0%,+28.86%,0.6443,185,✗ No,budget_exceeded
6,446,439,11-21,+25.0%,+2.10%,0.5105,194,✗ No,budget_exceeded
6,446,439,11-21,+24.6%,+1.99%,0.5100,198,✓ Yes,completed
6,446,440,11-21,+24.3%,+2.00%,0.5100,203,✓ Yes,completed
6,446,441,11-21,+23.9%,+2.01%,0.5101,208,✓ Yes,completed
6,446,441,11-21,+23.6%,+2.03%,0.5101,210,✓ Yes,completed
6,446,442,11-21,+23.1%,+2.03%,0.5101,217,✓ Yes,completed
6,446,443,11-21,+22.7%,+2.02%,0.5101,226,✓ Yes,completed
6,446,444,11-21,+22.1%,+1.99%,0.5099,235,✓ Yes,completed
6,446,444,11-21,+21.9%,+1.97%,0.5099,238,✓ Yes,completed
6,446,445,11-21,+21.5%,+1.95%,0.5097,248,✓ Yes,completed
6,446,446,11-21,+21.1%,+1.91%,0.5096,260,✓ Yes,completed
6,446,446,11-21,+20.8%,+1.88%,0.5094,306,✓ Yes,completed
6,440,429,11-22,+25.0%,+53.01%,0.7650,132,✗ No,budget_exceeded
6,440,430,11-22,+25.0%,+49.52%,0.7476,137,✗ No,budget_exceeded
6,440,431,11-22,+25.0%,+42.76%,0.7138,145,✗ No,budget_exceeded
6,440,431,11-22,+25.0%,+42.52%,0.7126,147,✗ No,budget_exceeded
6,440,432,11-22,+25.0%,+41.85%,0.7093,153,✗ No,budget_exceeded
6,440,433,11-22,+25.0%,+41.36%,0.7068,160,✗ No,budget_exceeded
6,440,433,11-22,+25.0%,+40.45%,0.7022,161,✗ No,budget_exceeded
6,440,434,11-22,+25.0%,+38.31%,0.6915,172,✗ No,budget_exceeded
6,440,435,11-22,+25.0%,+37.65%,0.6882,178,✗ No,budget_exceeded
6,440,435,11-22,+25.0%,+35.02%,0.6751,190,✗ No,budget_exceeded
6,440,436,11-22,+25.0%,+34.29%,0.6714,200,✗ No,budget_exceeded
6,440,437,11-22,+25.0%,+33.58%,0.6679,209,✗ No,budget_exceeded
6,440,437,11-22,+25.0%,+32.96%,0.6648,216,✗ No,budget_exceeded
6,440,438,11-22,+25.0%,+32.43%,0.6621,225,✗ No,budget_exceeded
6,440,439,11-22,+25.0%,+32.04%,0.6602,229,✗ No,budget_exceeded
6,440,440,11-22,+25.0%,+31.47%,0.6574,244,✗ No,budget_exceeded
6,440,440,11-22,+25.0%,+31.29%,0.6564,277,✗ No,budget_exceeded
6,441,429,11-22,+25.0%,+49.29%,0.7464,132,✗ No,budget_exceeded
6,441,430,11-22,+25.0%,+44.62%,0.7231,134,✗ No,budget_exceeded
6,441,431,11-22,+25.0%,+41.87%,0.7094,142,✗ No,budget_exceeded
6,441,431,11-22,+25.0%,+41.52%,0.7076,145,✗ No,budget_exceeded
6,441,432,11-22,+25.0%,+40.46%,0.7023,151,✗ No,budget_exceeded
6,441,433,11-22,+25.0%,+38.32%,0.6916,160,✗ No,budget_exceeded
6,441,433,11-22,+25.0%,+38.21%,0.6911,160,✗ No,budget_exceeded
6,441,434,11-22,+25.0%,+35.37%,0.6768,167,✗ No,budget_exceeded
6,441,435,11-22,+25.0%,+34.50%,0.6725,177,✗ No,budget_exceeded
6,441,436,11-22,+25.0%,+33.86%,0.6693,188,✗ No,budget_exceeded
6,441,436,11-22,+25.0%,+33.07%,0.6653,195,✗ No,budget_exceeded
6,441,437,11-22,+25.0%,+32.49%,0.6625,204,✗ No,budget_exceeded
6,441,438,11-22,+25.0%,+32.24%,0.6612,207,✗ No,budget_exceeded
6,441,438,11-22,+25.0%,+31.47%,0.6574,219,✗ No,budget_exceeded
6,441,439,11-22,+25.0%,+31.19%,0.6560,223,✗ No,budget_exceeded
6,441,440,11-22,+25.0%,+30.95%,0.6548,231,✗ No,budget_exceeded
6,441,441,11-22,+25.0%,+30.61%,0.6530,248,✗ No,budget_exceeded
6,441,441,11-22,+25.0%,+30.33%,0.6517,304,✗ No,budget_exceeded
6,442,429,11-22,+25.0%,+42.76%,0.7138,131,✗ No,budget_exceeded
6,442,430,11-22,+25.0%,+42.52%,0.7126,132,✗ No,budget_exceeded
6,442,431,11-22,+25.0%,+41.38%,0.7069,140,✗ No,budget_exceeded
6,442,431,11-22,+25.0%,+40.44%,0.7022,142,✗ No,budget_exceeded
6,442,432,11-22,+25.0%,+39.42%,0.6971,150,✗ No,budget_exceeded
6,442,433,11-22,+25.0%,+37.61%,0.6880,156,✗ No,budget_exceeded
6,442,433,11-22,+25.0%,+35.39%,0.6770,158,✗ No,budget_exceeded
6,442,434,11-22,+25.0%,+34.47%,0.6724,165,✗ No,budget_exceeded
6,442,435,11-22,+25.0%,+34.20%,0.6710,170,✗ No,budget_exceeded
6,442,435,11-22,+25.0%,+33.19%,0.6659,182,✗ No,budget_exceeded
6,442,436,11-22,+25.0%,+32.68%,0.6634,190,✗ No,budget_exceeded
6,442,437,11-22,+25.0%,+32.21%,0.6610,197,✗ No,budget_exceeded
6,442,437,11-22,+25.0%,+31.58%,0.6579,204,✗ No,budget_exceeded
6,442,438,11-22,+25.0%,+31.18%,0.6559,211,✗ No,budget_exceeded
6,442,439,11-22,+25.0%,+30.88%,0.6544,214,✗ No,budget_exceeded
6,442,440,11-22,+25.0%,+30.63%,0.6531,220,✗ No,budget_exceeded
6,442,440,11-22,+25.0%,+30.38%,0.6519,226,✗ No,budget_exceeded
6,442,441,11-22,+25.0%,+29.95%,0.6497,239,✗ No,budget_exceeded
6,442,442,11-22,+25.0%,+29.10%,0.6455,257,✗ No,budget_exceeded
6,442,442,11-22,+25.0%,+26.17%,0.6309,306,✗ No,budget_exceeded
6,443,429,11-22,+25.0%,+42.50%,0.7125,130,✗ No,budget_exceeded
6,443,430,11-22,+25.0%,+41.84%,0.7092,132,✗ No,budget_exceeded
6,443,431,11-22,+25.0%,+40.44%,0.7022,139,✗ No,budget_exceeded
6,443,431,11-22,+25.0%,+39.41%,0.6971,145,✗ No,budget_exceeded
6,443,432,11-22,+25.0%,+37.61%,0.6880,152,✗ No,budget_exceeded
6,443,433,11-22,+25.0%,+35.32%,0.6766,156,✗ No,budget_exceeded
6,443,433,11-22,+25.0%,+34.59%,0.6729,159,✓ Yes,budget_exceeded
6,443,434,11-22,+25.0%,+34.10%,0.6705,165,✗ No,budget_exceeded
6,443,435,11-22,+25.0%,+33.14%,0.6657,174,✗ No,budget_exceeded
6,443,436,11-22,+25.0%,+32.69%,0.6635,184,✗ No,budget_exceeded
6,443,436,11-22,+25.0%,+32.29%,0.6615,188,✗ No,budget_exceeded
6,443,437,11-22,+25.0%,+31.53%,0.6577,196,✗ No,budget_exceeded
6,443,438,11-22,+25.0%,+31.16%,0.6558,200,✗ No,budget_exceeded
6,443,438,11-22,+25.0%,+30.72%,0.6536,208,✗ No,budget_exceeded
6,443,439,11-22,+25.0%,+30.36%,0.6518,213,✗ No,budget_exceeded
6,443,440,11-22,+25.0%,+30.13%,0.6506,218,✗ No,budget_exceeded
6,443,440,11-22,+25.0%,+29.65%,0.6482,226,✓ Yes,budget_exceeded
6,443,441,11-22,+25.0%,+28.90%,0.6445,240,✗ No,budget_exceeded
6,443,442,11-22,+24.8%,+1.97%,0.5099,262,✓ Yes,completed
6,443,443,11-22,+24.4%,+1.97%,0.5099,286,✓ Yes,completed
6,443,443,11-22,+24.1%,+1.96%,0.5098,351,✓ Yes,completed
6,444,429,11-22,+25.0%,+41.61%,0.7080,127,✗ No,budget_exceeded
6,444,430,11-22,+25.0%,+41.35%,0.7068,128,✗ No,budget_exceeded
6,444,431,11-22,+25.0%,+38.30%,0.6915,138,✗ No,budget_exceeded
6,444,431,11-22,+25.0%,+37.62%,0.6881,141,✗ No,budget_exceeded
6,444,432,11-22,+25.0%,+35.35%,0.6768,146,✗ No,budget_exceeded
6,444,433,11-22,+25.0%,+34.47%,0.6723,153,✗ No,budget_exceeded
6,444,433,11-22,+25.0%,+34.24%,0.6712,154,✗ No,budget_exceeded
6,444,434,11-22,+25.0%,+33.20%,0.6660,162,✗ No,budget_exceeded
6,444,435,11-22,+25.0%,+32.92%,0.6646,167,✗ No,budget_exceeded
6,444,435,11-22,+25.0%,+32.44%,0.6622,176,✗ No,budget_exceeded
6,444,436,11-22,+25.0%,+31.70%,0.6585,183,✗ No,budget_exceeded
6,444,437,11-22,+25.0%,+31.39%,0.6569,185,✗ No,budget_exceeded
6,444,437,11-22,+25.0%,+30.90%,0.6545,191,✗ No,budget_exceeded
6,444,438,11-22,+25.0%,+30.41%,0.6521,200,✗ No,budget_exceeded
6,444,439,11-22,+25.0%,+30.03%,0.6502,203,✗ No,budget_exceeded
6,444,439,11-22,+25.0%,+29.62%,0.6481,211,✗ No,budget_exceeded
6,444,440,11-22,+25.0%,+29.06%,0.6453,221,✗ No,budget_exceeded
6,444,441,11-22,+24.9%,+1.98%,0.5099,235,✓ Yes,completed
6,444,442,11-22,+24.4%,+1.99%,0.5099,241,✓ Yes,completed
6,444,442,11-22,+24.2%,+1.99%,0.5100,247,✓ Yes,completed
6,444,443,11-22,+23.7%,+2.00%,0.5100,260,✓ Yes,completed
6,444,444,11-22,+23.2%,+2.01%,0.5101,284,✓ Yes,completed
6,444,444,11-22,+22.9%,+1.99%,0.5100,331,✓ Yes,completed
6,445,429,11-22,+25.0%,+40.45%,0.7022,119,✗ No,budget_exceeded
6,445,430,11-22,+25.0%,+39.60%,0.6980,122,✗ No,budget_exceeded
6,445,431,11-22,+25.0%,+35.44%,0.6772,131,✗ No,budget_exceeded
6,445,431,11-22,+25.0%,+34.74%,0.6737,134,✗ No,budget_exceeded
6,445,432,11-22,+25.0%,+34.29%,0.6714,141,✗ No,budget_exceeded
6,445,433,11-22,+25.0%,+33.67%,0.6684,147,✗ No,budget_exceeded
6,445,433,11-22,+25.0%,+33.19%,0.6660,148,✗ No,budget_exceeded
6,445,434,11-22,+25.0%,+32.71%,0.6635,153,✗ No,budget_exceeded
6,445,435,11-22,+25.0%,+32.26%,0.6613,160,✗ No,budget_exceeded
6,445,436,11-22,+25.0%,+31.54%,0.6577,170,✗ No,budget_exceeded
6,445,436,11-22,+25.0%,+31.22%,0.6561,172,✗ No,budget_exceeded
6,445,437,11-22,+25.0%,+30.73%,0.6537,175,✗ No,budget_exceeded
6,445,438,11-22,+25.0%,+30.31%,0.6515,180,✗ No,budget_exceeded
6,445,438,11-22,+25.0%,+29.66%,0.6483,191,✗ No,budget_exceeded
6,445,439,11-22,+25.0%,+29.16%,0.6458,198,✗ No,budget_exceeded
6,445,440,11-22,+25.0%,+2.31%,0.5115,212,✗ No,budget_exceeded
6,445,440,11-22,+24.7%,+1.98%,0.5099,218,✓ Yes,completed
6,445,441,11-22,+24.2%,+2.00%,0.5100,223,✓ Yes,completed
6,445,442,11-22,+23.7%,+2.01%,0.5101,229,✓ Yes,completed
6,445,442,11-22,+23.4%,+2.02%,0.5101,236,✓ Yes,completed
6,445,443,11-22,+22.9%,+2.03%,0.5101,245,✓ Yes,completed
6,445,444,11-22,+22.5%,+2.02%,0.5101,252,✓ Yes,completed
6,445,445,11-22,+22.2%,+2.00%,0.5100,272,✓ Yes,completed
6,445,445,11-22,+21.9%,+1.95%,0.5097,354,✓ Yes,completed
6,446,429,11-22,+25.0%,+38.28%,0.6914,117,✗ No,budget_exceeded
6,446,430,11-22,+25.0%,+36.98%,0.6849,119,✗ No,budget_exceeded
6,446,431,11-22,+25.0%,+34.51%,0.6726,126,✗ No,budget_exceeded
6,446,431,11-22,+25.0%,+34.24%,0.6712,128,✗ No,budget_exceeded
6,446,432,11-22,+25.0%,+33.64%,0.6682,135,✗ No,budget_exceeded
6,446,433,11-22,+25.0%,+32.90%,0.6645,141,✗ No,budget_exceeded
6,446,433,11-22,+25.0%,+32.65%,0.6633,142,✗ No,budget_exceeded
6,446,434,11-22,+25.0%,+32.25%,0.6612,146,✗ No,budget_exceeded
6,446,435,11-22,+25.0%,+31.59%,0.6580,151,✗ No,budget_exceeded
6,446,435,11-22,+25.0%,+31.21%,0.6560,158,✗ No,budget_exceeded
6,446,436,11-22,+25.0%,+30.78%,0.6539,162,✗ No,budget_exceeded
6,446,437,11-22,+25.0%,+30.52%,0.6526,163,✗ No,budget_exceeded
6,446,437,11-22,+25.0%,+29.90%,0.6495,172,✗ No,budget_exceeded
6,446,438,11-22,+25.0%,+29.07%,0.6454,185,✗ No,budget_exceeded
6,446,439,11-22,+25.0%,+2.31%,0.5116,194,✗ No,budget_exceeded
6,446,439,11-22,+24.6%,+1.99%,0.5100,198,✓ Yes,completed
6,446,440,11-22,+24.3%,+2.00%,0.5100,203,✓ Yes,completed
6,446,441,11-22,+23.9%,+2.01%,0.5100,209,✓ Yes,completed
6,446,441,11-22,+23.6%,+2.02%,0.5101,211,✓ Yes,completed
6,446,442,11-22,+23.1%,+2.03%,0.5102,217,✓ Yes,completed
6,446,443,11-22,+22.7%,+2.02%,0.5101,226,✓ Yes,completed
6,446,444,11-22,+22.1%,+2.01%,0.5100,235,✓ Yes,completed
6,446,444,11-22,+21.9%,+1.99%,0.5100,238,✓ Yes,completed
6,446,445,11-22,+21.5%,+1.96%,0.5098,248,✓ Yes,completed
6,446,446,11-22,+21.1%,+1.93%,0.5097,260,✓ Yes,completed
6,446,446,11-22,+20.8%,+1.90%,0.5095,306,✓ Yes,completed
7,442,432,11-22,+25.0%,+39.97%,0.6999,150,✗ No,budget_exceeded
7,442,432,11-22,+25.0%,+38.32%,0.6916,155,✗ No,budget_exceeded
7,442,433,11-22,+25.0%,+38.08%,0.6904,157,✗ No,budget_exceeded
7,442,433,11-22,+25.0%,+37.63%,0.6882,158,✗ No,budget_exceeded
7,442,433,11-22,+25.0%,+36.97%,0.6848,159,✗ No,budget_exceeded
7,442,434,11-22,+25.0%,+35.47%,0.6774,160,✗ No,budget_exceeded
7,442,434,11-22,+25.0%,+34.81%,0.6740,165,✗ No,budget_exceeded
7,442,434,11-22,+25.0%,+34.57%,0.6729,168,✗ No,budget_exceeded
7,442,434,11-22,+25.0%,+34.46%,0.6723,171,✗ No,budget_exceeded
7,442,435,11-22,+25.0%,+34.31%,0.6715,173,✗ No,budget_exceeded
7,442,435,11-22,+25.0%,+33.66%,0.6683,183,✗ No,budget_exceeded
7,442,435,11-22,+25.0%,+33.59%,0.6680,184,✗ No,budget_exceeded
7,442,436,11-22,+25.0%,+33.17%,0.6658,187,✗ No,budget_exceeded
7,442,436,11-22,+25.0%,+33.08%,0.6654,187,✗ No,budget_exceeded
7,442,436,11-22,+25.0%,+32.83%,0.6642,192,✗ No,budget_exceeded
7,442,437,11-22,+25.0%,+32.50%,0.6625,195,✗ No,budget_exceeded
7,442,437,11-22,+25.0%,+32.30%,0.6615,200,✗ No,budget_exceeded
7,442,437,11-22,+25.0%,+32.18%,0.6609,201,✗ No,budget_exceeded
7,442,437,11-22,+25.0%,+32.00%,0.6600,204,✗ No,budget_exceeded
7,442,438,11-22,+25.0%,+31.43%,0.6572,209,✗ No,budget_exceeded
7,442,438,11-22,+25.0%,+31.28%,0.6564,214,✗ No,budget_exceeded
7,442,438,11-22,+25.0%,+31.17%,0.6559,214,✗ No,budget_exceeded
7,442,439,11-22,+25.0%,+31.08%,0.6554,215,✗ No,budget_exceeded
7,442,439,11-22,+25.0%,+30.86%,0.6543,219,✗ No,budget_exceeded
7,442,439,11-22,+25.0%,+30.78%,0.6539,221,✗ No,budget_exceeded
7,442,440,11-22,+25.0%,+30.72%,0.6536,223,✗ No,budget_exceeded
7,442,440,11-22,+25.0%,+30.63%,0.6532,224,✗ No,budget_exceeded
7,442,440,11-22,+25.0%,+30.52%,0.6526,228,✗ No,budget_exceeded
7,442,441,11-22,+25.0%,+30.15%,0.6508,236,✗ No,budget_exceeded
7,442,441,11-22,+25.0%,+30.08%,0.6504,241,✗ No,budget_exceeded
7,442,441,11-22,+25.0%,+29.89%,0.6494,246,✗ No,budget_exceeded
7,442,441,11-22,+25.0%,+29.60%,0.6480,255,✗ No,budget_exceeded
7,442,442,11-22,+25.0%,+29.09%,0.6455,305,✗ No,budget_exceeded
7,443,432,11-22,+25.0%,+38.20%,0.6910,149,✗ No,budget_exceeded
7,443,432,11-22,+25.0%,+37.61%,0.6880,153,✗ No,budget_exceeded
7,443,433,11-22,+25.0%,+35.39%,0.6769,156,✗ No,budget_exceeded
7,443,433,11-22,+25.0%,+35.33%,0.6767,156,✗ No,budget_exceeded
7,443,433,11-22,+25.0%,+34.79%,0.6740,158,✗ No,budget_exceeded
7,443,434,11-22,+25.0%,+34.51%,0.6726,162,✗ No,budget_exceeded
7,443,434,11-22,+25.0%,+34.44%,0.6722,162,✗ No,budget_exceeded
7,443,434,11-22,+25.0%,+34.24%,0.6712,164,✗ No,budget_exceeded
7,443,434,11-22,+25.0%,+33.86%,0.6693,169,✗ No,budget_exceeded
7,443,435,11-22,+25.0%,+33.65%,0.6683,172,✗ No,budget_exceeded
7,443,435,11-22,+25.0%,+33.07%,0.6653,179,✗ No,budget_exceeded
7,443,435,11-22,+25.0%,+32.94%,0.6647,181,✗ No,budget_exceeded
7,443,436,11-22,+25.0%,+32.83%,0.6642,183,✗ No,budget_exceeded
7,443,436,11-22,+25.0%,+32.69%,0.6634,184,✗ No,budget_exceeded
7,443,436,11-22,+25.0%,+32.33%,0.6617,189,✗ No,budget_exceeded
7,443,437,11-22,+25.0%,+32.19%,0.6609,191,✗ No,budget_exceeded
7,443,437,11-22,+25.0%,+31.94%,0.6597,196,✗ No,budget_exceeded
7,443,437,11-22,+25.0%,+31.49%,0.6575,200,✗ No,budget_exceeded
7,443,438,11-22,+25.0%,+31.28%,0.6564,202,✗ No,budget_exceeded
7,443,438,11-22,+25.0%,+31.14%,0.6557,204,✗ No,budget_exceeded
7,443,438,11-22,+25.0%,+30.96%,0.6548,210,✗ No,budget_exceeded
7,443,438,11-22,+25.0%,+30.86%,0.6543,210,✗ No,budget_exceeded
7,443,439,11-22,+25.0%,+30.77%,0.6538,210,✗ No,budget_exceeded
7,443,439,11-22,+25.0%,+30.55%,0.6527,214,✗ No,budget_exceeded
7,443,439,11-22,+25.0%,+30.41%,0.6520,217,✗ No,budget_exceeded
7,443,440,11-22,+25.0%,+30.34%,0.6517,219,✗ No,budget_exceeded
7,443,440,11-22,+25.0%,+30.18%,0.6509,220,✗ No,budget_exceeded
7,443,440,11-22,+25.0%,+29.93%,0.6497,226,✗ No,budget_exceeded
7,443,441,11-22,+25.0%,+29.50%,0.6475,233,✗ No,budget_exceeded
7,443,441,11-22,+25.0%,+29.27%,0.6464,238,✗ No,budget_exceeded
7,443,441,11-22,+25.0%,+29.05%,0.6453,242,✗ No,budget_exceeded
7,443,442,11-22,+25.0%,+3.18%,0.5159,256,✗ No,budget_exceeded
7,443,442,11-22,+24.9%,+1.97%,0.5098,266,✓ Yes,completed
7,443,442,11-22,+24.8%,+1.97%,0.5098,273,✓ Yes,completed
7,443,442,11-22,+24.7%,+1.96%,0.5098,283,✓ Yes,completed
7,443,443,11-22,+24.4%,+1.95%,0.5098,347,✓ Yes,completed
7,444,432,11-22,+25.0%,+35.41%,0.6771,147,✗ No,budget_exceeded
7,444,432,11-22,+25.0%,+35.22%,0.6761,150,✗ No,budget_exceeded
7,444,433,11-22,+25.0%,+34.53%,0.6727,154,✗ No,budget_exceeded
7,444,433,11-22,+25.0%,+34.47%,0.6724,154,✗ No,budget_exceeded
7,444,433,11-22,+25.0%,+34.34%,0.6717,155,✗ No,budget_exceeded
7,444,434,11-22,+25.0%,+34.09%,0.6705,158,✗ No,budget_exceeded
7,444,434,11-22,+25.0%,+33.77%,0.6689,160,✗ No,budget_exceeded
7,444,434,11-22,+25.0%,+33.57%,0.6679,162,✗ No,budget_exceeded
7,444,434,11-22,+25.0%,+33.14%,0.6657,166,✗ No,budget_exceeded
7,444,435,11-22,+25.0%,+32.84%,0.6642,169,✗ No,budget_exceeded
7,444,435,11-22,+25.0%,+32.63%,0.6632,175,✗ No,budget_exceeded
7,444,435,11-22,+25.0%,+32.50%,0.6625,177,✗ No,budget_exceeded
7,444,436,11-22,+25.0%,+32.39%,0.6619,179,✗ No,budget_exceeded
7,444,436,11-22,+25.0%,+32.29%,0.6614,180,✗ No,budget_exceeded
7,444,436,11-22,+25.0%,+31.57%,0.6579,185,✗ No,budget_exceeded
7,444,437,11-22,+25.0%,+31.45%,0.6572,186,✗ No,budget_exceeded
7,444,437,11-22,+25.0%,+31.24%,0.6562,190,✗ No,budget_exceeded
7,444,437,11-22,+25.0%,+31.08%,0.6554,192,✗ No,budget_exceeded
7,444,438,11-22,+25.0%,+30.87%,0.6543,194,✗ No,budget_exceeded
7,444,438,11-22,+25.0%,+30.74%,0.6537,196,✗ No,budget_exceeded
7,444,438,11-22,+25.0%,+30.53%,0.6527,202,✗ No,budget_exceeded
7,444,438,11-22,+25.0%,+30.38%,0.6519,203,✗ No,budget_exceeded
7,444,439,11-22,+25.0%,+30.11%,0.6505,206,✗ No,budget_exceeded
7,444,439,11-22,+25.0%,+29.95%,0.6498,209,✗ No,budget_exceeded
7,444,439,11-22,+25.0%,+29.83%,0.6492,212,✗ No,budget_exceeded
7,444,440,11-22,+25.0%,+29.61%,0.6481,216,✗ No,budget_exceeded
7,444,440,11-22,+25.0%,+29.14%,0.6457,224,✗ No,budget_exceeded
7,444,440,11-22,+25.0%,+29.02%,0.6451,226,✗ No,budget_exceeded
7,444,441,11-22,+25.0%,+26.08%,0.6304,232,✗ No,budget_exceeded
7,444,441,11-22,+25.0%,+2.31%,0.5116,239,✗ No,budget_exceeded
7,444,441,11-22,+24.7%,+1.98%,0.5099,242,✓ Yes,completed
7,444,442,11-22,+24.5%,+1.98%,0.5099,245,✓ Yes,completed
7,444,442,11-22,+24.4%,+1.99%,0.5099,250,✓ Yes,completed
7,444,442,11-22,+24.3%,+1.99%,0.5099,252,✓ Yes,completed
7,444,443,11-22,+23.9%,+1.99%,0.5100,261,✓ Yes,completed
7,444,443,11-22,+23.8%,+1.99%,0.5100,267,✓ Yes,completed
7,444,443,11-22,+23.6%,+2.00%,0.5100,274,✓ Yes,completed
7,444,443,11-22,+23.5%,+2.01%,0.5100,278,✓ Yes,completed
7,444,444,11-22,+23.2%,+2.00%,0.5100,327,✓ Yes,completed
7,442,432,11-23,+25.0%,+38.51%,0.6926,151,✗ No,budget_exceeded
7,442,432,11-23,+25.0%,+38.32%,0.6916,154,✗ No,budget_exceeded
7,442,433,11-23,+25.0%,+37.16%,0.6858,157,✗ No,budget_exceeded
7,442,433,11-23,+25.0%,+35.66%,0.6783,158,✗ No,budget_exceeded
7,442,433,11-23,+25.0%,+35.59%,0.6779,158,✗ No,budget_exceeded
7,442,434,11-23,+25.0%,+35.54%,0.6777,158,✗ No,budget_exceeded
7,442,434,11-23,+25.0%,+34.79%,0.6739,165,✗ No,budget_exceeded
7,442,434,11-23,+25.0%,+34.64%,0.6732,166,✗ No,budget_exceeded
7,442,434,11-23,+25.0%,+34.46%,0.6723,170,✗ No,budget_exceeded
7,442,435,11-23,+25.0%,+34.12%,0.6706,173,✗ No,budget_exceeded
7,442,435,11-23,+25.0%,+33.42%,0.6671,182,✗ No,budget_exceeded
7,442,435,11-23,+25.0%,+33.35%,0.6668,183,✗ No,budget_exceeded
7,442,436,11-23,+25.0%,+33.18%,0.6659,186,✗ No,budget_exceeded
7,442,436,11-23,+25.0%,+33.09%,0.6654,186,✗ No,budget_exceeded
7,442,436,11-23,+25.0%,+32.84%,0.6642,191,✗ No,budget_exceeded
7,442,437,11-23,+25.0%,+32.56%,0.6628,193,✗ No,budget_exceeded
7,442,437,11-23,+25.0%,+32.37%,0.6618,198,✗ No,budget_exceeded
7,442,437,11-23,+25.0%,+32.13%,0.6607,201,✗ No,budget_exceeded
7,442,437,11-23,+25.0%,+31.74%,0.6587,205,✗ No,budget_exceeded
7,442,438,11-23,+25.0%,+31.50%,0.6575,207,✗ No,budget_exceeded
7,442,438,11-23,+25.0%,+31.34%,0.6567,213,✗ No,budget_exceeded
7,442,438,11-23,+25.0%,+31.24%,0.6562,213,✗ No,budget_exceeded
7,442,439,11-23,+25.0%,+31.15%,0.6557,213,✗ No,budget_exceeded
7,442,439,11-23,+25.0%,+30.92%,0.6546,217,✗ No,budget_exceeded
7,442,439,11-23,+25.0%,+30.85%,0.6543,219,✗ No,budget_exceeded
7,442,440,11-23,+25.0%,+30.79%,0.6539,221,✗ No,budget_exceeded
7,442,440,11-23,+25.0%,+30.65%,0.6533,223,✗ No,budget_exceeded
7,442,440,11-23,+25.0%,+30.54%,0.6527,227,✗ No,budget_exceeded
7,442,441,11-23,+25.0%,+30.19%,0.6510,235,✗ No,budget_exceeded
7,442,441,11-23,+25.0%,+30.12%,0.6506,240,✗ No,budget_exceeded
7,442,441,11-23,+25.0%,+29.81%,0.6491,247,✗ No,budget_exceeded
7,442,441,11-23,+25.0%,+29.45%,0.6472,256,✗ No,budget_exceeded
7,442,442,11-23,+25.0%,+29.11%,0.6456,305,✗ No,budget_exceeded
7,443,432,11-23,+25.0%,+37.81%,0.6891,149,✗ No,budget_exceeded
7,443,432,11-23,+25.0%,+35.63%,0.6782,153,✗ No,budget_exceeded
7,443,433,11-23,+25.0%,+34.99%,0.6749,156,✗ No,budget_exceeded
7,443,433,11-23,+25.0%,+34.89%,0.6744,157,✗ No,budget_exceeded
7,443,433,11-23,+25.0%,+34.77%,0.6738,158,✗ No,budget_exceeded
7,443,434,11-23,+25.0%,+34.52%,0.6726,161,✗ No,budget_exceeded
7,443,434,11-23,+25.0%,+34.45%,0.6722,161,✗ No,budget_exceeded
7,443,434,11-23,+25.0%,+33.99%,0.6700,165,✗ No,budget_exceeded
7,443,434,11-23,+25.0%,+33.81%,0.6691,169,✗ No,budget_exceeded
7,443,435,11-23,+25.0%,+33.41%,0.6670,171,✗ No,budget_exceeded
7,443,435,11-23,+25.0%,+33.08%,0.6654,178,✗ No,budget_exceeded
7,443,435,11-23,+25.0%,+32.95%,0.6647,180,✗ No,budget_exceeded
7,443,436,11-23,+25.0%,+32.84%,0.6642,182,✗ No,budget_exceeded
7,443,436,11-23,+25.0%,+32.69%,0.6634,183,✗ No,budget_exceeded
7,443,436,11-23,+25.0%,+32.37%,0.6619,188,✗ No,budget_exceeded
7,443,437,11-23,+25.0%,+32.18%,0.6609,190,✗ No,budget_exceeded
7,443,437,11-23,+25.0%,+31.72%,0.6586,196,✗ No,budget_exceeded
7,443,437,11-23,+25.0%,+31.56%,0.6578,198,✗ No,budget_exceeded
7,443,438,11-23,+25.0%,+31.34%,0.6567,200,✗ No,budget_exceeded
7,443,438,11-23,+25.0%,+31.21%,0.6560,202,✗ No,budget_exceeded
7,443,438,11-23,+25.0%,+31.03%,0.6551,208,✗ No,budget_exceeded
7,443,438,11-23,+25.0%,+30.93%,0.6546,208,✗ No,budget_exceeded
7,443,439,11-23,+25.0%,+30.83%,0.6542,208,✗ No,budget_exceeded
7,443,439,11-23,+25.0%,+30.57%,0.6528,213,✗ No,budget_exceeded
7,443,439,11-23,+25.0%,+30.41%,0.6521,216,✗ No,budget_exceeded
7,443,440,11-23,+25.0%,+30.34%,0.6517,218,✗ No,budget_exceeded
7,443,440,11-23,+25.0%,+30.25%,0.6512,218,✗ No,budget_exceeded
7,443,440,11-23,+25.0%,+29.85%,0.6492,227,✗ No,budget_exceeded
7,443,441,11-23,+25.0%,+29.40%,0.6470,234,✗ No,budget_exceeded
7,443,441,11-23,+25.0%,+29.32%,0.6466,237,✗ No,budget_exceeded
7,443,441,11-23,+25.0%,+29.03%,0.6451,242,✗ No,budget_exceeded
7,443,442,11-23,+24.9%,+1.97%,0.5099,256,✓ Yes,completed
7,443,442,11-23,+24.8%,+1.97%,0.5099,264,✓ Yes,completed
7,443,442,11-23,+24.7%,+1.97%,0.5099,271,✓ Yes,completed
7,443,442,11-23,+24.6%,+1.97%,0.5099,280,✓ Yes,completed
7,443,443,11-23,+24.3%,+1.95%,0.5098,342,✓ Yes,completed
7,444,432,11-23,+25.0%,+35.02%,0.6751,147,✗ No,budget_exceeded
7,444,432,11-23,+25.0%,+34.79%,0.6739,151,✗ No,budget_exceeded
7,444,433,11-23,+25.0%,+34.54%,0.6727,153,✗ No,budget_exceeded
7,444,433,11-23,+25.0%,+34.48%,0.6724,153,✗ No,budget_exceeded
7,444,433,11-23,+25.0%,+34.41%,0.6720,153,✗ No,budget_exceeded
7,444,434,11-23,+25.0%,+33.85%,0.6693,159,✗ No,budget_exceeded
7,444,434,11-23,+25.0%,+33.78%,0.6689,159,✗ No,budget_exceeded
7,444,434,11-23,+25.0%,+33.33%,0.6666,161,✗ No,budget_exceeded
7,444,434,11-23,+25.0%,+33.15%,0.6657,165,✗ No,budget_exceeded
7,444,435,11-23,+25.0%,+32.84%,0.6642,168,✗ No,budget_exceeded
7,444,435,11-23,+25.0%,+32.63%,0.6632,174,✗ No,budget_exceeded
7,444,435,11-23,+25.0%,+32.57%,0.6628,175,✗ No,budget_exceeded
7,444,436,11-23,+25.0%,+32.44%,0.6622,178,✗ No,budget_exceeded
7,444,436,11-23,+25.0%,+32.28%,0.6614,179,✗ No,budget_exceeded
7,444,436,11-23,+25.0%,+31.64%,0.6582,183,✗ No,budget_exceeded
7,444,437,11-23,+25.0%,+31.51%,0.6576,184,✗ No,budget_exceeded
7,444,437,11-23,+25.0%,+31.31%,0.6565,188,✗ No,budget_exceeded
7,444,437,11-23,+25.0%,+31.14%,0.6557,190,✗ No,budget_exceeded
7,444,438,11-23,+25.0%,+30.93%,0.6547,192,✗ No,budget_exceeded
7,444,438,11-23,+25.0%,+30.80%,0.6540,194,✗ No,budget_exceeded
7,444,438,11-23,+25.0%,+30.55%,0.6528,201,✗ No,budget_exceeded
7,444,438,11-23,+25.0%,+30.39%,0.6520,202,✗ No,budget_exceeded
7,444,439,11-23,+25.0%,+30.15%,0.6507,205,✗ No,budget_exceeded
7,444,439,11-23,+25.0%,+29.86%,0.6493,210,✗ No,budget_exceeded
7,444,439,11-23,+25.0%,+29.69%,0.6485,213,✗ No,budget_exceeded
7,444,440,11-23,+25.0%,+29.45%,0.6473,217,✗ No,budget_exceeded
7,444,440,11-23,+25.0%,+29.21%,0.6461,222,✗ No,budget_exceeded
7,444,440,11-23,+25.0%,+26.43%,0.6322,226,✗ No,budget_exceeded
7,444,441,11-23,+25.0%,+1.98%,0.5099,235,✓ Yes,completed
7,444,441,11-23,+24.9%,+1.98%,0.5099,237,✓ Yes,completed
7,444,441,11-23,+24.6%,+1.98%,0.5099,240,✓ Yes,completed
7,444,442,11-23,+24.4%,+1.99%,0.5099,243,✓ Yes,completed
7,444,442,11-23,+24.2%,+1.99%,0.5099,248,✓ Yes,completed
7,444,442,11-23,+24.1%,+1.99%,0.5100,250,✓ Yes,completed
7,444,443,11-23,+23.8%,+1.99%,0.5100,259,✓ Yes,completed
7,444,443,11-23,+23.7%,+2.00%,0.5100,264,✓ Yes,completed
7,444,443,11-23,+23.5%,+2.00%,0.5100,270,✓ Yes,completed
7,444,443,11-23,+23.4%,+2.01%,0.5100,275,✓ Yes,completed
7,444,444,11-23,+23.1%,+2.00%,0.5100,320,✓ Yes,completed
8,443,433,11-22,+25.0%,+35.39%,0.6770,157,✗ No,budget_exceeded
8,443,433,11-22,+25.0%,+35.32%,0.6766,157,✗ No,budget_exceeded
8,443,433,11-22,+25.0%,+35.22%,0.6761,158,✗ No,budget_exceeded
8,443,434,11-22,+25.0%,+34.58%,0.6729,163,✗ No,budget_exceeded
8,443,434,11-22,+25.0%,+34.51%,0.6725,163,✗ No,budget_exceeded
8,443,434,11-22,+25.0%,+34.12%,0.6706,169,✗ No,budget_exceeded
8,443,435,11-22,+25.0%,+33.78%,0.6689,172,✗ No,budget_exceeded
8,443,435,11-22,+25.0%,+33.59%,0.6679,174,✗ No,budget_exceeded
8,443,435,11-22,+25.0%,+33.14%,0.6657,180,✗ No,budget_exceeded
8,443,436,11-22,+25.0%,+32.90%,0.6645,184,✗ No,budget_exceeded
8,443,436,11-22,+25.0%,+32.76%,0.6638,185,✗ No,budget_exceeded
8,443,436,11-22,+25.0%,+32.50%,0.6625,190,✗ No,budget_exceeded
8,443,436,11-22,+25.0%,+32.40%,0.6620,190,✗ No,budget_exceeded
8,443,437,11-22,+25.0%,+32.01%,0.6600,197,✗ No,budget_exceeded
8,443,437,11-22,+25.0%,+31.56%,0.6578,201,✗ No,budget_exceeded
8,443,437,11-22,+25.0%,+31.45%,0.6573,203,✗ No,budget_exceeded
8,443,438,11-22,+25.0%,+31.34%,0.6567,203,✗ No,budget_exceeded
8,443,438,11-22,+25.0%,+31.21%,0.6561,205,✗ No,budget_exceeded
8,443,438,11-22,+25.0%,+30.94%,0.6547,211,✗ No,budget_exceeded
8,443,439,11-22,+25.0%,+30.84%,0.6542,211,✗ No,budget_exceeded
8,443,439,11-22,+25.0%,+30.74%,0.6537,213,✗ No,budget_exceeded
8,443,439,11-22,+25.0%,+30.62%,0.6531,215,✗ No,budget_exceeded
8,443,440,11-22,+25.0%,+30.43%,0.6521,220,✗ No,budget_exceeded
8,443,440,11-22,+25.0%,+30.34%,0.6517,221,✗ No,budget_exceeded
8,443,440,11-22,+25.0%,+30.14%,0.6507,226,✗ No,budget_exceeded
8,443,440,11-22,+25.0%,+30.05%,0.6503,227,✗ No,budget_exceeded
8,443,441,11-22,+25.0%,+29.71%,0.6486,234,✗ No,budget_exceeded
8,443,441,11-22,+25.0%,+29.18%,0.6459,244,✗ No,budget_exceeded
8,443,441,11-22,+25.0%,+29.00%,0.6450,247,✗ No,budget_exceeded
8,443,442,11-22,+25.0%,+26.20%,0.6310,255,✗ No,budget_exceeded
8,443,442,11-22,+25.0%,+2.95%,0.5148,268,✗ No,budget_exceeded
8,443,442,11-22,+24.8%,+1.96%,0.5098,298,✓ Yes,completed
8,443,443,11-22,+24.7%,+1.94%,0.5097,346,✓ Yes,completed
8,444,433,11-22,+25.0%,+34.52%,0.6726,154,✗ No,budget_exceeded
8,444,433,11-22,+25.0%,+34.45%,0.6722,154,✗ No,budget_exceeded
8,444,433,11-22,+25.0%,+34.35%,0.6717,155,✗ No,budget_exceeded
8,444,434,11-22,+25.0%,+34.21%,0.6710,157,✗ No,budget_exceeded
8,444,434,11-22,+25.0%,+33.62%,0.6681,162,✗ No,budget_exceeded
8,444,434,11-22,+25.0%,+33.19%,0.6659,166,✗ No,budget_exceeded
8,444,435,11-22,+25.0%,+33.09%,0.6654,167,✗ No,budget_exceeded
8,444,435,11-22,+25.0%,+32.90%,0.6645,169,✗ No,budget_exceeded
8,444,435,11-22,+25.0%,+32.69%,0.6634,175,✗ No,budget_exceeded
8,444,436,11-22,+25.0%,+32.45%,0.6622,179,✗ No,budget_exceeded
8,444,436,11-22,+25.0%,+32.36%,0.6618,179,✗ No,budget_exceeded
8,444,436,11-22,+25.0%,+32.02%,0.6601,183,✗ No,budget_exceeded
8,444,436,11-22,+25.0%,+31.92%,0.6596,183,✗ No,budget_exceeded
8,444,437,11-22,+25.0%,+31.33%,0.6567,190,✗ No,budget_exceeded
8,444,437,11-22,+25.0%,+31.17%,0.6558,192,✗ No,budget_exceeded
8,444,437,11-22,+25.0%,+31.06%,0.6553,194,✗ No,budget_exceeded
8,444,438,11-22,+25.0%,+30.96%,0.6548,194,✗ No,budget_exceeded
8,444,438,11-22,+25.0%,+30.62%,0.6531,202,✗ No,budget_exceeded
8,444,438,11-22,+25.0%,+30.52%,0.6526,202,✗ No,budget_exceeded
8,444,439,11-22,+25.0%,+30.38%,0.6519,203,✗ No,budget_exceeded
8,444,439,11-22,+25.0%,+30.21%,0.6510,206,✗ No,budget_exceeded
8,444,439,11-22,+25.0%,+30.08%,0.6504,208,✗ No,budget_exceeded
8,444,440,11-22,+25.0%,+29.85%,0.6493,214,✗ No,budget_exceeded
8,444,440,11-22,+25.0%,+29.68%,0.6484,215,✗ No,budget_exceeded
8,444,440,11-22,+25.0%,+29.38%,0.6469,222,✗ No,budget_exceeded
8,444,440,11-22,+25.0%,+29.16%,0.6458,225,✗ No,budget_exceeded
8,444,441,11-22,+25.0%,+26.09%,0.6305,235,✗ No,budget_exceeded
8,444,441,11-22,+25.0%,+1.98%,0.5099,241,✓ Yes,completed
8,444,441,11-22,+24.8%,+1.98%,0.5099,243,✓ Yes,completed
8,444,442,11-22,+24.6%,+1.98%,0.5099,246,✓ Yes,completed
8,444,442,11-22,+24.4%,+1.99%,0.5099,254,✓ Yes,completed
8,444,442,11-22,+24.3%,+1.98%,0.5099,262,✓ Yes,completed
8,444,443,11-22,+24.1%,+1.99%,0.5099,265,✓ Yes,completed
8,444,443,11-22,+24.0%,+1.99%,0.5099,272,✓ Yes,completed
8,444,443,11-22,+23.6%,+1.99%,0.5100,295,✓ Yes,completed
8,444,444,11-22,+23.5%,+1.99%,0.5099,333,✓ Yes,completed
8,443,433,11-23,+25.0%,+34.99%,0.6750,157,✗ No,budget_exceeded
8,443,433,11-23,+25.0%,+34.88%,0.6744,158,✗ No,budget_exceeded
8,443,433,11-23,+25.0%,+34.79%,0.6740,159,✗ No,budget_exceeded
8,443,434,11-23,+25.0%,+34.65%,0.6732,161,✗ No,budget_exceeded
8,443,434,11-23,+25.0%,+34.52%,0.6726,162,✗ No,budget_exceeded
8,443,434,11-23,+25.0%,+33.89%,0.6694,170,✗ No,budget_exceeded
8,443,435,11-23,+25.0%,+33.79%,0.6689,171,✗ No,budget_exceeded
8,443,435,11-23,+25.0%,+33.35%,0.6667,173,✗ No,budget_exceeded
8,443,435,11-23,+25.0%,+33.15%,0.6657,179,✗ No,budget_exceeded
8,443,436,11-23,+25.0%,+32.91%,0.6645,183,✗ No,budget_exceeded
8,443,436,11-23,+25.0%,+32.82%,0.6641,183,✗ No,budget_exceeded
8,443,436,11-23,+25.0%,+32.57%,0.6628,188,✗ No,budget_exceeded
8,443,436,11-23,+25.0%,+32.44%,0.6622,189,✗ No,budget_exceeded
8,443,437,11-23,+25.0%,+31.79%,0.6589,197,✗ No,budget_exceeded
8,443,437,11-23,+25.0%,+31.62%,0.6581,199,✗ No,budget_exceeded
8,443,437,11-23,+25.0%,+31.52%,0.6576,201,✗ No,budget_exceeded
8,443,438,11-23,+25.0%,+31.41%,0.6570,201,✗ No,budget_exceeded
8,443,438,11-23,+25.0%,+31.28%,0.6564,203,✗ No,budget_exceeded
8,443,438,11-23,+25.0%,+31.00%,0.6550,209,✗ No,budget_exceeded
8,443,439,11-23,+25.0%,+30.91%,0.6546,209,✗ No,budget_exceeded
8,443,439,11-23,+25.0%,+30.81%,0.6541,211,✗ No,budget_exceeded
8,443,439,11-23,+25.0%,+30.64%,0.6532,214,✗ No,budget_exceeded
8,443,440,11-23,+25.0%,+30.50%,0.6525,218,✗ No,budget_exceeded
8,443,440,11-23,+25.0%,+30.34%,0.6517,220,✗ No,budget_exceeded
8,443,440,11-23,+25.0%,+30.19%,0.6509,225,✗ No,budget_exceeded
8,443,440,11-23,+25.0%,+30.07%,0.6503,227,✗ No,budget_exceeded
8,443,441,11-23,+25.0%,+29.62%,0.6481,235,✗ No,budget_exceeded
8,443,441,11-23,+25.0%,+29.23%,0.6461,243,✗ No,budget_exceeded
8,443,441,11-23,+25.0%,+26.41%,0.6321,249,✗ No,budget_exceeded
8,443,442,11-23,+25.0%,+2.53%,0.5127,260,✗ No,budget_exceeded
8,443,442,11-23,+24.9%,+1.97%,0.5098,268,✓ Yes,completed
8,443,442,11-23,+24.7%,+1.96%,0.5098,295,✓ Yes,completed
8,443,443,11-23,+24.5%,+1.95%,0.5097,342,✓ Yes,completed
8,444,433,11-23,+25.0%,+34.53%,0.6726,153,✗ No,budget_exceeded
8,444,433,11-23,+25.0%,+34.46%,0.6723,153,✗ No,budget_exceeded
8,444,433,11-23,+25.0%,+34.41%,0.6721,153,✗ No,budget_exceeded
8,444,434,11-23,+25.0%,+33.96%,0.6698,158,✗ No,budget_exceeded
8,444,434,11-23,+25.0%,+33.38%,0.6669,161,✗ No,budget_exceeded
8,444,434,11-23,+25.0%,+33.20%,0.6660,165,✗ No,budget_exceeded
8,444,435,11-23,+25.0%,+33.09%,0.6655,166,✗ No,budget_exceeded
8,444,435,11-23,+25.0%,+32.89%,0.6645,168,✗ No,budget_exceeded
8,444,435,11-23,+25.0%,+32.69%,0.6634,174,✗ No,budget_exceeded
8,444,436,11-23,+25.0%,+32.49%,0.6625,178,✗ No,budget_exceeded
8,444,436,11-23,+25.0%,+32.41%,0.6620,178,✗ No,budget_exceeded
8,444,436,11-23,+25.0%,+31.80%,0.6590,183,✗ No,budget_exceeded
8,444,436,11-23,+25.0%,+31.69%,0.6585,183,✗ No,budget_exceeded
8,444,437,11-23,+25.0%,+31.40%,0.6570,188,✗ No,budget_exceeded
8,444,437,11-23,+25.0%,+31.23%,0.6562,190,✗ No,budget_exceeded
8,444,437,11-23,+25.0%,+31.13%,0.6556,192,✗ No,budget_exceeded
8,444,438,11-23,+25.0%,+31.02%,0.6551,192,✗ No,budget_exceeded
8,444,438,11-23,+25.0%,+30.65%,0.6532,201,✗ No,budget_exceeded
8,444,438,11-23,+25.0%,+30.54%,0.6527,201,✗ No,budget_exceeded
8,444,439,11-23,+25.0%,+30.39%,0.6519,202,✗ No,budget_exceeded
8,444,439,11-23,+25.0%,+30.28%,0.6514,204,✗ No,budget_exceeded
8,444,439,11-23,+25.0%,+30.12%,0.6506,207,✗ No,budget_exceeded
8,444,440,11-23,+25.0%,+29.72%,0.6486,215,✗ No,budget_exceeded
8,444,440,11-23,+25.0%,+29.49%,0.6475,217,✗ No,budget_exceeded
8,444,440,11-23,+25.0%,+29.33%,0.6466,222,✗ No,budget_exceeded
8,444,440,11-23,+25.0%,+29.21%,0.6461,224,✗ No,budget_exceeded
8,444,441,11-23,+25.0%,+1.98%,0.5099,238,✓ Yes,completed
8,444,441,11-23,+24.8%,+1.98%,0.5099,239,✓ Yes,completed
8,444,441,11-23,+24.7%,+1.98%,0.5099,241,✓ Yes,completed
8,444,442,11-23,+24.5%,+1.98%,0.5099,245,✓ Yes,completed
8,444,442,11-23,+24.3%,+1.99%,0.5099,252,✓ Yes,completed
8,444,442,11-23,+24.2%,+1.99%,0.5099,259,✓ Yes,completed
8,444,443,11-23,+24.0%,+1.99%,0.5100,262,✓ Yes,completed
8,444,443,11-23,+23.9%,+1.99%,0.5099,269,✓ Yes,completed
8,444,443,11-23,+23.5%,+2.00%,0.5100,291,✓ Yes,completed
8,444,444,11-23,+23.4%,+1.99%,0.5099,329,✓ Yes,completed
9,443,433,11-22,+25.0%,+34.79%,0.6740,158,✗ No,budget_exceeded
9,443,433,11-22,+25.0%,+34.75%,0.6737,158,✗ No,budget_exceeded
9,443,434,11-22,+25.0%,+34.44%,0.6722,162,✗ No,budget_exceeded
9,443,434,11-22,+25.0%,+34.24%,0.6712,164,✗ No,budget_exceeded
9,443,434,11-22,+25.0%,+33.86%,0.6693,169,✗ No,budget_exceeded
9,443,435,11-22,+25.0%,+33.65%,0.6683,172,✗ No,budget_exceeded
9,443,435,11-22,+25.0%,+33.21%,0.6660,174,✗ No,budget_exceeded
9,443,435,11-22,+25.0%,+32.94%,0.6647,181,✗ No,budget_exceeded
9,443,436,11-22,+25.0%,+32.83%,0.6642,183,✗ No,budget_exceeded
9,443,436,11-22,+25.0%,+32.69%,0.6634,184,✗ No,budget_exceeded
9,443,436,11-22,+25.0%,+32.43%,0.6622,189,✗ No,budget_exceeded
9,443,437,11-22,+25.0%,+32.19%,0.6609,191,✗ No,budget_exceeded
9,443,437,11-22,+25.0%,+31.94%,0.6597,196,✗ No,budget_exceeded
9,443,437,11-22,+25.0%,+31.49%,0.6575,200,✗ No,budget_exceeded
9,443,437,11-22,+25.0%,+31.39%,0.6569,202,✗ No,budget_exceeded
9,443,438,11-22,+25.0%,+31.28%,0.6564,202,✗ No,budget_exceeded
9,443,438,11-22,+25.0%,+30.96%,0.6548,210,✗ No,budget_exceeded
9,443,438,11-22,+25.0%,+30.86%,0.6543,210,✗ No,budget_exceeded
9,443,439,11-22,+25.0%,+30.77%,0.6538,210,✗ No,budget_exceeded
9,443,439,11-22,+25.0%,+30.66%,0.6533,212,✗ No,budget_exceeded
9,443,439,11-22,+25.0%,+30.41%,0.6520,217,✗ No,budget_exceeded
9,443,440,11-22,+25.0%,+30.34%,0.6517,219,✗ No,budget_exceeded
9,443,440,11-22,+25.0%,+30.18%,0.6509,220,✗ No,budget_exceeded
9,443,440,11-22,+25.0%,+30.05%,0.6503,224,✗ No,budget_exceeded
9,443,440,11-22,+25.0%,+29.93%,0.6497,226,✗ No,budget_exceeded
9,443,441,11-22,+25.0%,+29.27%,0.6464,238,✗ No,budget_exceeded
9,443,441,11-22,+25.0%,+29.05%,0.6453,242,✗ No,budget_exceeded
9,443,441,11-22,+25.0%,+28.80%,0.6440,246,✗ No,budget_exceeded
9,443,442,11-22,+25.0%,+3.18%,0.5159,256,✗ No,budget_exceeded
9,443,442,11-22,+24.8%,+1.97%,0.5098,273,✓ Yes,completed
9,443,442,11-22,+24.7%,+1.96%,0.5098,283,✓ Yes,completed
9,443,443,11-22,+24.5%,+1.96%,0.5098,305,✓ Yes,completed
9,443,443,11-22,+24.4%,+1.95%,0.5098,347,✓ Yes,completed
9,443,433,11-23,+25.0%,+34.77%,0.6738,158,✗ No,budget_exceeded
9,443,433,11-23,+25.0%,+34.72%,0.6736,158,✗ No,budget_exceeded
9,443,434,11-23,+25.0%,+34.45%,0.6722,161,✗ No,budget_exceeded
9,443,434,11-23,+25.0%,+33.99%,0.6700,165,✗ No,budget_exceeded
9,443,434,11-23,+25.0%,+33.81%,0.6691,169,✗ No,budget_exceeded
9,443,435,11-23,+25.0%,+33.41%,0.6670,171,✗ No,budget_exceeded
9,443,435,11-23,+25.0%,+33.22%,0.6661,173,✗ No,budget_exceeded
9,443,435,11-23,+25.0%,+32.95%,0.6647,180,✗ No,budget_exceeded
9,443,436,11-23,+25.0%,+32.84%,0.6642,182,✗ No,budget_exceeded
9,443,436,11-23,+25.0%,+32.69%,0.6634,183,✗ No,budget_exceeded
9,443,436,11-23,+25.0%,+32.47%,0.6624,188,✗ No,budget_exceeded
9,443,437,11-23,+25.0%,+32.18%,0.6609,190,✗ No,budget_exceeded
9,443,437,11-23,+25.0%,+31.72%,0.6586,196,✗ No,budget_exceeded
9,443,437,11-23,+25.0%,+31.56%,0.6578,198,✗ No,budget_exceeded
9,443,437,11-23,+25.0%,+31.45%,0.6573,200,✗ No,budget_exceeded
9,443,438,11-23,+25.0%,+31.34%,0.6567,200,✗ No,budget_exceeded
9,443,438,11-23,+25.0%,+31.03%,0.6551,208,✗ No,budget_exceeded
9,443,438,11-23,+25.0%,+30.93%,0.6546,208,✗ No,budget_exceeded
9,443,439,11-23,+25.0%,+30.83%,0.6542,208,✗ No,budget_exceeded
9,443,439,11-23,+25.0%,+30.73%,0.6537,210,✗ No,budget_exceeded
9,443,439,11-23,+25.0%,+30.41%,0.6521,216,✗ No,budget_exceeded
9,443,440,11-23,+25.0%,+30.34%,0.6517,218,✗ No,budget_exceeded
9,443,440,11-23,+25.0%,+30.25%,0.6512,218,✗ No,budget_exceeded
9,443,440,11-23,+25.0%,+30.06%,0.6503,224,✗ No,budget_exceeded
9,443,440,11-23,+25.0%,+29.85%,0.6492,227,✗ No,budget_exceeded
9,443,441,11-23,+25.0%,+29.32%,0.6466,237,✗ No,budget_exceeded
9,443,441,11-23,+25.0%,+29.03%,0.6451,242,✗ No,budget_exceeded
9,443,441,11-23,+25.0%,+3.40%,0.5170,250,✗ No,budget_exceeded
9,443,442,11-23,+24.9%,+1.97%,0.5099,256,✓ Yes,completed
9,443,442,11-23,+24.7%,+1.97%,0.5099,271,✓ Yes,completed
9,443,442,11-23,+24.6%,+1.97%,0.5099,280,✓ Yes,completed
9,443,443,11-23,+24.4%,+1.97%,0.5098,301,✓ Yes,completed
9,443,443,11-23,+24.3%,+1.95%,0.5098,342,✓ Yes,completed
